station_code,monitor_time,aqi,pm25,pm10,so2,no2,co,o3
1101A,2026-02-09 23:00:00,69,38.3,53.76,9.4,44.19,1.81,59.11
1102A,2026-02-09 23:00:00,162,105.53,125.75,13.39,19.18,1.05,91.17
1103A,2026-02-09 23:00:00,94,56.51,80.89,11.79,15.8,0.66,83.72
1104A,2026-02-09 23:00:00,170,92.04,133.72,26.5,18.11,1.47,114.23
1105A,2026-02-09 23:00:00,35,22.42,42.9,12.48,39.11,0.95,56.5
1106A,2026-02-09 23:00:00,117,68.95,86.47,9.87,18.23,1.84,87.06
1107A,2026-02-09 23:00:00,43,31.33,28.38,20.04,16.71,0.69,74.83
1108A,2026-02-09 23:00:00,94,52.98,73.23,17.75,33.16,0.96,56.06
1109A,2026-02-09 23:00:00,82,52.19,71.67,11.04,28.89,2.24,79.44
1201A,2026-02-09 23:00:00,41,27.74,37.43,26.35,19.39,1.18,85.67
1202A,2026-02-09 23:00:00,131,76.22,116.39,21.7,18.01,0.66,90.62
1203A,2026-02-09 23:00:00,181,114.99,138.05,13.26,23.69,1.41,43.27
1204A,2026-02-09 23:00:00,30,27.23,10.64,10.01,45.57,2.2,83.23
4401A,2026-02-09 23:00:00,31,9.73,12.62,15.08,33.63,2.23,64.73
4402A,2026-02-09 23:00:00,39,24.56,39.6,25.18,30.42,1.95,58.17
4403A,2026-02-09 23:00:00,141,93.97,101.96,9.64,20.33,1.98,35.4
4404A,2026-02-09 23:00:00,146,83.77,130.33,7.94,41.57,2.48,96.48
4405A,2026-02-09 23:00:00,92,46.99,68.43,5.7,35.03,0.82,46.5
4406A,2026-02-09 23:00:00,164,102.99,125.93,29.55,33.64,0.69,52.2
4407A,2026-02-09 23:00:00,59,27.26,58.27,25.02,35.08,1.29,58.56
4408A,2026-02-09 23:00:00,176,107.78,136.08,22.97,32.0,1.62,88.72
4409A,2026-02-09 23:00:00,176,101.71,153.15,25.22,22.81,1.06,63.94
4401B,2026-02-09 23:00:00,104,69.73,81.88,10.4,16.93,1.3,52.83
4402B,2026-02-09 23:00:00,129,87.1,116.91,14.6,16.0,1.81,74.63
4403B,2026-02-09 23:00:00,104,61.13,79.6,9.97,20.45,1.44,64.2
4404B,2026-02-09 23:00:00,54,41.41,45.68,18.1,45.39,2.11,46.34
4405B,2026-02-09 23:00:00,183,118.04,148.64,14.75,46.8,1.1,28.46
4406B,2026-02-09 23:00:00,59,38.88,41.68,29.54,48.6,1.62,27.94
5101A,2026-02-09 23:00:00,149,97.77,128.78,19.46,22.32,2.49,93.05
5102A,2026-02-09 23:00:00,48,23.39,30.37,5.28,20.08,0.71,117.57
5103A,2026-02-09 23:00:00,137,78.23,124.31,9.47,33.29,0.56,80.51
5104A,2026-02-09 23:00:00,79,38.0,55.01,22.93,47.23,1.63,26.9
5105A,2026-02-09 23:00:00,119,69.3,84.38,28.6,29.47,1.56,92.46
5106A,2026-02-09 23:00:00,169,109.66,138.36,19.4,42.01,1.04,111.98
5107A,2026-02-09 23:00:00,56,43.39,50.98,8.54,28.62,1.15,45.08
1101A,2026-02-10 00:00:00,96,53.39,85.04,28.73,21.78,0.72,31.15
1102A,2026-02-10 00:00:00,55,39.95,57.9,12.2,45.77,1.65,58.32
1103A,2026-02-10 00:00:00,91,56.0,82.8,6.25,48.37,1.0,36.02
1104A,2026-02-10 00:00:00,51,35.61,54.01,14.68,30.7,1.82,68.53
1105A,2026-02-10 00:00:00,71,34.33,44.87,17.42,25.39,1.35,23.26
1106A,2026-02-10 00:00:00,73,44.33,52.47,18.22,30.19,0.86,119.19
1107A,2026-02-10 00:00:00,169,97.28,130.86,26.07,24.43,1.37,55.94
1108A,2026-02-10 00:00:00,110,62.54,98.62,8.05,38.4,1.57,119.44
1109A,2026-02-10 00:00:00,132,80.67,105.31,25.2,37.44,0.88,92.64
1201A,2026-02-10 00:00:00,106,57.79,88.94,27.42,43.32,0.86,118.81
1202A,2026-02-10 00:00:00,157,98.29,122.36,26.38,28.93,1.33,45.11
1203A,2026-02-10 00:00:00,147,92.88,132.07,27.22,26.51,1.25,54.41
1204A,2026-02-10 00:00:00,89,49.31,60.74,19.51,33.63,1.25,47.32
4401A,2026-02-10 00:00:00,179,109.92,154.53,8.72,31.25,1.12,110.93
4402A,2026-02-10 00:00:00,99,60.22,80.72,16.52,15.56,0.64,65.38
4403A,2026-02-10 00:00:00,155,86.0,117.86,23.02,15.11,1.96,109.82
4404A,2026-02-10 00:00:00,32,24.79,31.05,18.25,48.47,0.97,70.17
4405A,2026-02-10 00:00:00,175,106.71,132.75,25.55,27.81,0.96,106.94
4406A,2026-02-10 00:00:00,51,27.27,49.6,18.07,21.44,2.3,43.78
4407A,2026-02-10 00:00:00,119,65.19,100.19,6.71,18.38,1.84,104.01
4408A,2026-02-10 00:00:00,73,45.44,65.19,10.7,37.43,2.06,65.13
4409A,2026-02-10 00:00:00,155,94.5,137.6,6.36,17.3,1.75,94.7
4401B,2026-02-10 00:00:00,142,84.78,117.15,8.85,35.67,1.51,79.93
4402B,2026-02-10 00:00:00,97,62.37,74.13,20.78,48.94,0.72,46.15
4403B,2026-02-10 00:00:00,135,82.36,122.33,8.06,35.16,2.3,97.94
4404B,2026-02-10 00:00:00,74,52.38,53.59,8.65,40.35,1.28,66.66
4405B,2026-02-10 00:00:00,111,58.19,80.9,9.18,24.38,1.71,89.77
4406B,2026-02-10 00:00:00,103,71.31,91.24,28.2,48.43,1.73,58.2
5101A,2026-02-10 00:00:00,166,95.73,122.86,15.13,46.12,2.1,84.39
5102A,2026-02-10 00:00:00,127,66.62,100.13,13.11,43.28,0.9,85.02
5103A,2026-02-10 00:00:00,125,84.78,109.12,12.65,21.19,1.73,95.25
5104A,2026-02-10 00:00:00,162,104.87,133.23,28.04,20.9,1.83,80.73
5105A,2026-02-10 00:00:00,155,91.1,123.91,25.29,21.47,2.38,36.17
5106A,2026-02-10 00:00:00,128,79.76,92.21,17.74,19.37,1.85,55.38
5107A,2026-02-10 00:00:00,132,80.85,90.88,10.67,25.64,2.11,81.08
1101A,2026-02-10 01:00:00,151,97.63,109.12,11.36,38.64,1.06,48.85
1102A,2026-02-10 01:00:00,175,102.0,132.78,13.64,22.27,1.77,34.65
1103A,2026-02-10 01:00:00,131,73.08,104.56,11.78,41.02,0.97,84.09
1104A,2026-02-10 01:00:00,68,34.43,59.91,25.62,31.52,0.8,61.59
1105A,2026-02-10 01:00:00,140,86.27,113.8,10.79,27.24,1.88,49.2
1106A,2026-02-10 01:00:00,86,50.41,56.79,18.49,16.02,2.01,109.49
1107A,2026-02-10 01:00:00,90,50.74,81.91,8.51,26.69,0.79,102.16
1108A,2026-02-10 01:00:00,64,31.71,52.37,27.81,49.76,1.62,77.94
1109A,2026-02-10 01:00:00,68,41.71,57.2,17.49,21.92,0.58,41.53
1201A,2026-02-10 01:00:00,31,21.13,17.79,22.59,19.89,2.41,115.29
1202A,2026-02-10 01:00:00,178,115.2,143.04,25.29,33.12,0.72,20.76
1203A,2026-02-10 01:00:00,158,102.03,126.77,6.98,21.25,2.19,85.21
1204A,2026-02-10 01:00:00,126,68.52,94.55,20.57,42.91,1.21,102.17
4401A,2026-02-10 01:00:00,162,105.43,120.19,20.94,33.34,1.85,58.01
4402A,2026-02-10 01:00:00,159,98.48,131.41,9.1,49.86,1.11,99.96
4403A,2026-02-10 01:00:00,160,86.54,128.04,21.03,35.3,1.05,38.49
4404A,2026-02-10 01:00:00,172,97.86,150.04,26.34,20.74,2.26,108.8
4405A,2026-02-10 01:00:00,57,28.97,42.34,11.5,45.49,1.32,91.06
4406A,2026-02-10 01:00:00,107,65.03,78.91,29.88,17.36,0.67,94.6
4407A,2026-02-10 01:00:00,173,99.92,129.17,13.76,15.64,1.1,37.42
4408A,2026-02-10 01:00:00,95,49.19,69.59,14.47,26.1,1.07,103.69
4409A,2026-02-10 01:00:00,136,75.89,122.56,19.74,36.85,2.18,23.85
4401B,2026-02-10 01:00:00,145,78.73,108.29,25.31,24.62,1.97,23.92
4402B,2026-02-10 01:00:00,167,103.57,145.09,29.2,39.57,0.55,28.62
4403B,2026-02-10 01:00:00,90,63.61,62.63,9.07,23.48,1.09,58.31
4404B,2026-02-10 01:00:00,88,61.0,60.96,13.29,40.98,0.85,58.11
4405B,2026-02-10 01:00:00,178,112.53,156.2,14.53,38.51,0.9,96.22
4406B,2026-02-10 01:00:00,103,54.99,84.99,26.44,17.1,0.9,88.38
5101A,2026-02-10 01:00:00,83,48.57,72.16,29.72,20.12,1.18,27.55
5102A,2026-02-10 01:00:00,77,46.01,53.81,29.62,22.44,1.34,118.01
5103A,2026-02-10 01:00:00,114,69.8,102.52,12.53,37.11,2.3,83.83
5104A,2026-02-10 01:00:00,47,35.4,49.98,25.28,45.96,2.43,71.95
5105A,2026-02-10 01:00:00,136,80.51,122.35,26.98,25.09,0.73,27.91
5106A,2026-02-10 01:00:00,60,43.19,49.18,19.66,28.28,1.4,35.5
5107A,2026-02-10 01:00:00,62,29.26,39.06,29.12,25.55,0.67,116.53
1101A,2026-02-10 02:00:00,180,98.17,150.71,17.3,47.13,2.25,77.42
1102A,2026-02-10 02:00:00,68,50.75,56.87,26.93,38.1,1.86,108.7
1103A,2026-02-10 02:00:00,148,93.23,103.74,29.24,22.7,2.4,42.33
1104A,2026-02-10 02:00:00,94,60.93,70.6,5.21,20.91,1.46,38.4
1105A,2026-02-10 02:00:00,131,78.76,113.37,5.45,48.48,1.61,69.25
1106A,2026-02-10 02:00:00,57,31.6,41.28,24.62,30.75,2.31,35.35
1107A,2026-02-10 02:00:00,124,72.57,106.5,20.03,43.41,0.58,119.42
1108A,2026-02-10 02:00:00,88,52.21,74.97,17.97,17.93,2.11,98.95
1109A,2026-02-10 02:00:00,160,96.38,114.29,10.78,35.46,2.05,65.64
1201A,2026-02-10 02:00:00,48,28.64,53.34,22.05,27.15,1.85,89.96
1202A,2026-02-10 02:00:00,123,71.9,96.9,20.52,43.09,2.47,97.18
1203A,2026-02-10 02:00:00,117,65.28,83.4,14.15,17.23,2.34,65.43
1204A,2026-02-10 02:00:00,116,64.16,78.52,28.62,48.94,2.41,88.71
4401A,2026-02-10 02:00:00,113,63.35,95.95,15.86,42.96,0.85,34.85
4402A,2026-02-10 02:00:00,128,73.3,88.25,9.7,20.23,0.81,43.62
4403A,2026-02-10 02:00:00,144,93.97,101.73,28.68,38.13,2.28,58.59
4404A,2026-02-10 02:00:00,48,37.04,43.29,17.7,31.23,1.72,55.68
4405A,2026-02-10 02:00:00,118,71.93,104.71,29.33,19.52,2.41,62.06
4406A,2026-02-10 02:00:00,40,23.54,35.51,18.84,28.07,1.09,62.08
4407A,2026-02-10 02:00:00,38,25.08,33.25,10.98,36.61,1.0,108.09
4408A,2026-02-10 02:00:00,114,75.98,89.14,17.49,24.18,2.15,100.74
4409A,2026-02-10 02:00:00,110,61.93,95.21,6.14,22.48,1.76,26.11
4401B,2026-02-10 02:00:00,51,35.51,26.16,26.65,16.97,2.48,45.5
4402B,2026-02-10 02:00:00,101,59.83,89.51,10.03,37.79,1.54,44.54
4403B,2026-02-10 02:00:00,109,71.6,85.21,16.24,39.47,0.74,21.22
4404B,2026-02-10 02:00:00,141,84.74,109.3,21.79,47.54,0.7,51.11
4405B,2026-02-10 02:00:00,67,45.96,64.02,14.18,34.05,1.52,119.06
4406B,2026-02-10 02:00:00,32,19.91,38.68,13.13,34.0,0.88,55.17
5101A,2026-02-10 02:00:00,171,110.07,129.26,15.62,32.79,1.59,100.29
5102A,2026-02-10 02:00:00,57,34.89,31.5,29.79,22.46,0.53,55.47
5103A,2026-02-10 02:00:00,183,119.08,156.26,12.07,20.06,1.54,76.12
5104A,2026-02-10 02:00:00,145,95.51,116.94,12.51,41.92,2.0,70.28
5105A,2026-02-10 02:00:00,52,30.44,41.34,14.07,19.52,0.69,93.66
5106A,2026-02-10 02:00:00,96,63.51,87.97,5.79,38.01,1.24,65.39
5107A,2026-02-10 02:00:00,94,57.31,67.32,9.89,34.3,2.41,105.27
1101A,2026-02-10 03:00:00,60,26.1,37.26,15.13,22.08,0.75,26.44
1102A,2026-02-10 03:00:00,129,79.51,101.86,29.02,42.64,0.61,55.27
1103A,2026-02-10 03:00:00,40,27.4,30.18,26.25,47.38,2.46,79.11
1104A,2026-02-10 03:00:00,120,65.22,88.74,26.4,21.3,0.68,66.7
1105A,2026-02-10 03:00:00,133,72.59,111.11,12.59,24.15,1.21,82.34
1106A,2026-02-10 03:00:00,46,18.99,31.79,9.15,36.53,2.46,26.58
1107A,2026-02-10 03:00:00,48,29.99,36.37,6.15,49.13,1.17,67.42
1108A,2026-02-10 03:00:00,174,107.21,135.44,23.27,43.9,1.83,73.36
1109A,2026-02-10 03:00:00,101,59.35,91.41,7.2,43.34,2.38,113.07
1201A,2026-02-10 03:00:00,35,16.64,33.88,19.45,17.17,1.98,62.07
1202A,2026-02-10 03:00:00,66,36.89,51.37,21.33,19.94,1.32,53.07
1203A,2026-02-10 03:00:00,129,74.85,109.58,18.57,22.69,1.52,25.58
1204A,2026-02-10 03:00:00,82,42.38,73.89,8.68,20.3,1.17,74.53
4401A,2026-02-10 03:00:00,46,36.14,45.61,12.22,18.48,1.55,69.61
4402A,2026-02-10 03:00:00,159,86.21,133.06,19.98,48.43,1.72,32.32
4403A,2026-02-10 03:00:00,83,50.74,53.88,13.13,16.29,0.73,46.77
4404A,2026-02-10 03:00:00,69,46.17,43.06,8.3,35.74,2.24,113.0
4405A,2026-02-10 03:00:00,124,78.6,108.92,16.59,36.19,1.88,109.32
4406A,2026-02-10 03:00:00,99,61.99,85.8,27.73,22.0,1.5,105.09
4407A,2026-02-10 03:00:00,189,107.32,163.55,29.67,34.8,1.73,43.87
4408A,2026-02-10 03:00:00,131,82.56,115.51,11.17,29.57,1.43,46.84
4409A,2026-02-10 03:00:00,82,44.27,75.48,22.02,42.05,1.01,49.79
4401B,2026-02-10 03:00:00,180,114.97,146.0,5.22,17.85,1.34,72.76
4402B,2026-02-10 03:00:00,91,52.76,80.42,10.21,29.74,2.4,63.32
4403B,2026-02-10 03:00:00,183,104.49,146.23,29.6,18.79,1.35,48.0
4404B,2026-02-10 03:00:00,177,111.69,153.36,29.43,20.06,0.68,86.62
4405B,2026-02-10 03:00:00,46,33.85,32.22,18.51,31.24,2.42,74.6
4406B,2026-02-10 03:00:00,56,43.19,48.9,14.9,30.4,1.43,50.67
5101A,2026-02-10 03:00:00,159,97.44,121.12,13.21,25.2,1.01,53.42
5102A,2026-02-10 03:00:00,32,10.69,37.35,9.96,47.42,2.48,62.07
5103A,2026-02-10 03:00:00,178,107.03,139.29,14.6,16.6,1.61,117.95
5104A,2026-02-10 03:00:00,179,98.16,135.29,27.42,44.18,1.69,59.49
5105A,2026-02-10 03:00:00,60,35.8,52.03,5.62,44.51,1.1,68.77
5106A,2026-02-10 03:00:00,158,88.82,140.79,15.3,41.55,1.62,53.41
5107A,2026-02-10 03:00:00,174,100.97,143.41,19.34,40.48,1.35,67.48
1101A,2026-02-10 04:00:00,88,50.4,57.99,18.12,34.06,1.95,82.55
1102A,2026-02-10 04:00:00,162,90.22,116.91,15.27,29.33,1.53,51.33
1103A,2026-02-10 04:00:00,51,29.94,51.03,24.94,43.63,0.57,109.85
1104A,2026-02-10 04:00:00,155,86.82,132.7,15.37,27.36,2.19,69.15
1105A,2026-02-10 04:00:00,100,56.96,86.19,9.28,41.0,1.76,86.84
1106A,2026-02-10 04:00:00,57,43.39,36.98,10.55,45.61,2.39,119.74
1107A,2026-02-10 04:00:00,126,78.71,110.37,5.52,23.54,1.09,60.93
1108A,2026-02-10 04:00:00,36,15.05,27.27,13.17,41.74,1.77,80.57
1109A,2026-02-10 04:00:00,179,106.75,133.98,6.26,21.6,1.73,110.4
1201A,2026-02-10 04:00:00,138,88.14,100.48,20.47,22.8,2.43,102.66
1202A,2026-02-10 04:00:00,128,77.31,105.53,15.17,43.89,1.34,57.08
1203A,2026-02-10 04:00:00,194,106.87,160.31,28.96,42.32,1.87,51.46
1204A,2026-02-10 04:00:00,139,77.48,103.46,26.3,43.07,0.92,30.43
4401A,2026-02-10 04:00:00,96,56.94,73.12,28.76,36.58,1.72,94.05
4402A,2026-02-10 04:00:00,69,50.03,59.71,16.97,39.57,1.02,89.43
4403A,2026-02-10 04:00:00,58,34.2,41.18,13.6,47.4,0.59,74.59
4404A,2026-02-10 04:00:00,181,108.15,157.32,18.55,38.92,2.32,79.04
4405A,2026-02-10 04:00:00,157,85.66,112.6,7.37,39.41,1.97,34.55
4406A,2026-02-10 04:00:00,190,120.28,137.4,10.07,35.26,1.22,65.39
4407A,2026-02-10 04:00:00,104,69.22,77.03,19.01,25.49,0.84,52.16
4408A,2026-02-10 04:00:00,194,122.41,146.63,27.5,46.65,0.81,67.64
4409A,2026-02-10 04:00:00,157,95.92,138.06,9.58,30.62,1.35,96.16
4401B,2026-02-10 04:00:00,198,110.41,171.36,14.4,38.43,1.66,105.85
4402B,2026-02-10 04:00:00,168,92.48,141.23,17.6,18.78,1.37,58.13
4403B,2026-02-10 04:00:00,123,74.85,86.09,23.55,48.18,0.71,113.83
4404B,2026-02-10 04:00:00,173,101.22,132.57,10.79,37.37,0.73,68.35
4405B,2026-02-10 04:00:00,187,105.68,146.21,25.17,19.76,2.37,73.8
4406B,2026-02-10 04:00:00,72,51.04,60.9,21.99,15.9,0.58,73.42
5101A,2026-02-10 04:00:00,51,29.32,45.53,12.51,25.64,2.48,94.92
5102A,2026-02-10 04:00:00,79,55.5,48.25,12.5,40.57,2.24,58.89
5103A,2026-02-10 04:00:00,69,42.46,40.92,20.43,15.78,0.64,79.51
5104A,2026-02-10 04:00:00,70,42.49,47.23,21.29,21.97,0.52,114.83
5105A,2026-02-10 04:00:00,60,30.36,57.25,27.74,27.98,1.21,100.59
5106A,2026-02-10 04:00:00,72,49.35,67.14,28.86,23.09,0.89,84.29
5107A,2026-02-10 04:00:00,145,82.43,129.47,20.91,25.78,1.71,81.66
1101A,2026-02-10 05:00:00,129,80.3,118.12,5.29,35.71,1.58,83.33
1102A,2026-02-10 05:00:00,33,15.96,39.83,10.06,19.6,1.08,47.65
1103A,2026-02-10 05:00:00,164,95.35,129.67,27.09,45.67,2.21,30.35
1104A,2026-02-10 05:00:00,51,21.0,41.42,17.5,17.84,0.71,41.44
1105A,2026-02-10 05:00:00,185,104.28,149.11,21.81,31.54,1.21,65.61
1106A,2026-02-10 05:00:00,55,31.1,31.77,13.39,28.63,1.38,118.21
1107A,2026-02-10 05:00:00,55,36.57,43.67,17.04,19.07,2.42,106.98
1108A,2026-02-10 05:00:00,142,80.27,125.16,21.62,17.77,1.44,81.19
1109A,2026-02-10 05:00:00,145,95.67,121.63,21.11,20.16,0.97,27.55
1201A,2026-02-10 05:00:00,57,29.34,44.41,15.79,34.63,1.12,38.51
1202A,2026-02-10 05:00:00,46,31.28,34.18,21.96,35.86,2.43,95.27
1203A,2026-02-10 05:00:00,95,59.2,70.52,13.31,32.6,1.85,114.75
1204A,2026-02-10 05:00:00,176,107.55,141.9,22.91,19.65,1.86,82.43
4401A,2026-02-10 05:00:00,79,50.72,54.09,8.56,24.48,1.24,40.94
4402A,2026-02-10 05:00:00,112,65.44,82.18,9.89,37.12,2.23,42.89
4403A,2026-02-10 05:00:00,101,57.5,85.16,29.07,32.51,1.6,99.56
4404A,2026-02-10 05:00:00,142,89.67,101.7,26.54,18.23,2.37,70.9
4405A,2026-02-10 05:00:00,124,80.47,96.09,13.33,35.62,0.95,33.69
4406A,2026-02-10 05:00:00,168,105.87,142.01,24.87,36.26,2.09,87.33
4407A,2026-02-10 05:00:00,48,23.18,27.16,13.35,33.73,1.58,113.72
4408A,2026-02-10 05:00:00,159,96.57,121.3,8.17,27.83,1.78,65.85
4409A,2026-02-10 05:00:00,59,43.13,57.93,11.39,41.9,2.47,103.4
4401B,2026-02-10 05:00:00,38,28.36,18.83,15.06,19.59,1.64,21.68
4402B,2026-02-10 05:00:00,101,67.35,85.47,29.4,48.63,0.73,61.25
4403B,2026-02-10 05:00:00,148,95.82,112.58,20.48,26.68,2.04,60.89
4404B,2026-02-10 05:00:00,58,43.44,38.93,18.42,20.28,1.04,108.23
4405B,2026-02-10 05:00:00,97,54.11,89.58,15.58,21.71,0.8,106.82
4406B,2026-02-10 05:00:00,41,28.37,42.62,19.87,29.29,0.99,101.12
5101A,2026-02-10 05:00:00,95,47.57,67.26,29.98,30.45,2.04,93.85
5102A,2026-02-10 05:00:00,97,52.56,62.88,17.82,23.71,1.16,77.37
5103A,2026-02-10 05:00:00,96,67.44,80.48,19.27,25.74,2.46,52.61
5104A,2026-02-10 05:00:00,120,66.73,85.68,20.67,29.6,1.69,33.76
5105A,2026-02-10 05:00:00,174,111.55,143.67,28.96,33.59,1.93,35.84
5106A,2026-02-10 05:00:00,74,46.18,54.89,15.23,39.78,2.29,72.18
5107A,2026-02-10 05:00:00,166,100.65,141.99,7.33,39.83,1.26,59.95
1101A,2026-02-10 06:00:00,54,25.05,46.66,11.07,22.19,1.67,38.05
1102A,2026-02-10 06:00:00,188,115.91,149.87,29.08,37.24,0.56,77.91
1103A,2026-02-10 06:00:00,77,40.98,69.33,11.7,17.32,1.33,58.22
1104A,2026-02-10 06:00:00,155,85.16,126.97,5.3,15.49,2.48,57.7
1105A,2026-02-10 06:00:00,75,54.46,71.23,13.32,37.82,2.16,62.19
1106A,2026-02-10 06:00:00,120,71.48,91.98,26.76,23.54,1.08,81.89
1107A,2026-02-10 06:00:00,77,45.04,75.19,28.73,30.62,2.18,112.68
1108A,2026-02-10 06:00:00,108,73.01,97.57,23.11,20.52,1.65,30.67
1109A,2026-02-10 06:00:00,177,110.82,151.73,29.48,25.96,2.16,67.49
1201A,2026-02-10 06:00:00,77,39.63,59.8,25.17,20.75,1.67,39.18
1202A,2026-02-10 06:00:00,59,30.59,57.09,28.48,35.61,2.39,107.72
1203A,2026-02-10 06:00:00,105,61.99,76.07,5.97,18.41,2.45,117.32
1204A,2026-02-10 06:00:00,174,109.64,144.64,14.58,42.39,1.72,112.95
4401A,2026-02-10 06:00:00,106,57.37,80.0,22.55,40.24,2.17,47.0
4402A,2026-02-10 06:00:00,70,49.27,54.76,5.6,16.21,0.6,119.47
4403A,2026-02-10 06:00:00,121,73.65,107.24,12.1,49.52,1.39,66.62
4404A,2026-02-10 06:00:00,92,46.44,85.47,26.91,28.0,1.49,100.43
4405A,2026-02-10 06:00:00,146,97.17,113.1,19.8,27.66,0.51,113.91
4406A,2026-02-10 06:00:00,58,40.15,60.78,28.14,33.73,2.35,30.45
4407A,2026-02-10 06:00:00,48,20.79,52.85,19.03,16.3,1.3,47.67
4408A,2026-02-10 06:00:00,35,12.54,15.97,15.32,22.18,0.52,114.83
4409A,2026-02-10 06:00:00,173,113.76,153.08,6.63,20.73,1.78,90.5
4401B,2026-02-10 06:00:00,152,93.07,116.51,10.92,41.94,2.07,101.93
4402B,2026-02-10 06:00:00,92,48.07,79.37,29.04,22.0,1.13,66.09
4403B,2026-02-10 06:00:00,108,63.41,74.54,13.66,19.49,2.36,70.6
4404B,2026-02-10 06:00:00,98,65.32,78.97,23.38,28.01,1.01,44.08
4405B,2026-02-10 06:00:00,170,94.25,129.0,20.49,36.28,1.05,27.24
4406B,2026-02-10 06:00:00,195,113.51,149.1,28.2,24.86,2.07,28.24
5101A,2026-02-10 06:00:00,201,119.95,166.26,6.8,42.67,2.26,27.25
5102A,2026-02-10 06:00:00,125,66.47,108.8,26.74,29.52,2.25,45.72
5103A,2026-02-10 06:00:00,143,88.14,119.7,24.08,23.88,2.14,56.43
5104A,2026-02-10 06:00:00,142,82.5,127.28,14.39,30.83,1.94,100.98
5105A,2026-02-10 06:00:00,157,92.26,129.9,24.59,45.5,1.54,39.47
5106A,2026-02-10 06:00:00,205,132.13,177.72,10.36,43.98,2.12,100.4
5107A,2026-02-10 06:00:00,36,15.06,43.44,20.32,42.99,2.09,20.68
1101A,2026-02-10 07:00:00,189,116.02,146.08,9.34,41.64,1.24,90.25
1102A,2026-02-10 07:00:00,159,89.16,114.89,27.02,26.98,0.87,101.6
1103A,2026-02-10 07:00:00,85,48.57,55.07,24.13,25.04,1.12,66.43
1104A,2026-02-10 07:00:00,113,69.06,104.09,28.7,33.01,1.21,105.85
1105A,2026-02-10 07:00:00,139,83.66,123.88,10.76,35.46,2.45,36.01
1106A,2026-02-10 07:00:00,159,97.98,138.55,21.64,34.65,0.92,62.56
1107A,2026-02-10 07:00:00,180,108.77,132.87,9.54,38.31,2.24,81.36
1108A,2026-02-10 07:00:00,205,113.36,170.15,20.64,46.77,1.11,42.01
1109A,2026-02-10 07:00:00,90,61.59,83.39,21.26,29.84,1.95,101.56
1201A,2026-02-10 07:00:00,160,87.16,132.92,19.27,49.02,2.34,49.24
1202A,2026-02-10 07:00:00,211,119.86,170.71,28.67,48.58,1.07,25.93
1203A,2026-02-10 07:00:00,172,103.27,142.57,19.83,26.16,0.82,24.17
1204A,2026-02-10 07:00:00,99,56.39,82.78,29.86,24.68,2.37,48.78
4401A,2026-02-10 07:00:00,84,47.55,60.01,28.88,27.63,1.03,27.04
4402A,2026-02-10 07:00:00,35,25.35,18.28,26.77,27.78,2.38,65.12
4403A,2026-02-10 07:00:00,75,44.15,51.09,9.14,26.9,0.76,58.28
4404A,2026-02-10 07:00:00,183,114.84,158.94,21.3,48.12,2.21,73.96
4405A,2026-02-10 07:00:00,77,36.32,72.75,20.27,38.24,1.23,74.97
4406A,2026-02-10 07:00:00,128,77.91,97.96,16.73,15.88,0.79,49.04
4407A,2026-02-10 07:00:00,176,100.87,132.68,29.65,45.66,0.94,61.52
4408A,2026-02-10 07:00:00,58,33.97,54.72,20.2,37.92,2.4,54.51
4409A,2026-02-10 07:00:00,151,99.79,124.46,9.85,45.31,2.08,109.98
4401B,2026-02-10 07:00:00,91,52.64,70.65,5.76,33.19,1.29,61.05
4402B,2026-02-10 07:00:00,77,42.04,70.78,7.43,43.8,1.98,119.7
4403B,2026-02-10 07:00:00,160,95.04,139.79,12.63,49.36,1.35,78.09
4404B,2026-02-10 07:00:00,77,38.1,53.7,27.85,42.91,1.03,42.06
4405B,2026-02-10 07:00:00,196,114.74,155.18,13.2,27.18,1.53,103.53
4406B,2026-02-10 07:00:00,85,59.94,72.1,10.09,36.47,1.07,39.77
5101A,2026-02-10 07:00:00,136,74.68,98.56,12.93,16.0,2.39,108.53
5102A,2026-02-10 07:00:00,184,104.88,133.64,25.05,41.28,2.29,79.14
5103A,2026-02-10 07:00:00,189,115.15,161.18,19.45,25.66,1.11,114.24
5104A,2026-02-10 07:00:00,48,25.58,28.11,5.83,33.66,1.33,84.65
5105A,2026-02-10 07:00:00,171,111.57,130.98,14.99,32.34,2.38,76.77
5106A,2026-02-10 07:00:00,111,71.32,102.01,5.45,31.53,1.29,81.61
5107A,2026-02-10 07:00:00,144,88.11,119.7,20.09,30.83,1.53,74.55
1101A,2026-02-10 08:00:00,110,63.46,80.69,18.97,37.78,0.91,63.98
1102A,2026-02-10 08:00:00,60,30.33,59.77,29.48,22.86,1.13,44.07
1103A,2026-02-10 08:00:00,94,55.08,70.76,19.17,48.61,1.61,94.19
1104A,2026-02-10 08:00:00,153,93.94,123.78,21.96,26.44,0.86,28.88
1105A,2026-02-10 08:00:00,36,13.87,26.82,29.24,39.5,2.19,91.51
1106A,2026-02-10 08:00:00,69,33.91,50.7,17.17,30.29,2.47,35.37
1107A,2026-02-10 08:00:00,72,52.57,58.17,5.58,17.37,1.63,78.48
1108A,2026-02-10 08:00:00,146,94.07,122.68,22.74,37.54,1.89,85.4
1109A,2026-02-10 08:00:00,156,98.36,131.5,27.6,16.6,1.77,92.27
1201A,2026-02-10 08:00:00,90,54.25,69.91,24.83,15.16,1.05,107.89
1202A,2026-02-10 08:00:00,177,109.74,146.5,15.89,21.1,1.48,27.99
1203A,2026-02-10 08:00:00,45,31.06,34.6,27.87,32.82,1.17,118.51
1204A,2026-02-10 08:00:00,136,88.82,118.61,15.69,27.75,1.75,53.97
4401A,2026-02-10 08:00:00,82,51.53,77.43,17.32,20.62,1.24,47.39
4402A,2026-02-10 08:00:00,126,73.39,91.8,29.18,16.01,0.93,61.64
4403A,2026-02-10 08:00:00,114,68.72,84.47,26.97,49.73,0.78,81.09
4404A,2026-02-10 08:00:00,207,133.2,151.34,9.47,17.47,0.67,76.86
4405A,2026-02-10 08:00:00,144,86.48,115.81,8.39,43.6,1.54,74.28
4406A,2026-02-10 08:00:00,170,111.44,139.18,24.25,29.96,0.81,84.63
4407A,2026-02-10 08:00:00,108,62.8,72.75,12.55,25.4,1.85,71.52
4408A,2026-02-10 08:00:00,116,79.57,79.36,28.36,16.33,1.84,22.14
4409A,2026-02-10 08:00:00,100,68.47,72.91,9.29,37.01,2.18,72.53
4401B,2026-02-10 08:00:00,164,105.24,119.59,19.48,31.52,2.01,82.16
4402B,2026-02-10 08:00:00,208,122.33,180.88,9.41,19.64,2.17,50.58
4403B,2026-02-10 08:00:00,128,81.77,99.95,12.72,16.83,1.68,27.28
4404B,2026-02-10 08:00:00,192,107.37,157.92,26.62,19.74,1.89,71.45
4405B,2026-02-10 08:00:00,152,89.5,117.96,23.49,24.63,2.5,71.68
4406B,2026-02-10 08:00:00,46,35.11,25.39,18.32,25.31,2.26,116.3
5101A,2026-02-10 08:00:00,56,33.33,58.85,6.15,45.8,1.91,46.15
5102A,2026-02-10 08:00:00,127,75.25,107.45,14.81,28.32,1.43,86.83
5103A,2026-02-10 08:00:00,146,82.95,109.17,21.12,23.37,0.51,46.89
5104A,2026-02-10 08:00:00,67,47.91,42.47,11.94,47.22,2.32,63.37
5105A,2026-02-10 08:00:00,94,52.72,84.61,14.87,38.75,2.05,75.41
5106A,2026-02-10 08:00:00,147,98.2,130.46,17.12,31.41,0.62,116.23
5107A,2026-02-10 08:00:00,214,131.51,166.23,16.61,25.05,1.1,90.8
1101A,2026-02-10 09:00:00,124,67.99,94.59,15.14,30.73,1.44,69.56
1102A,2026-02-10 09:00:00,171,109.49,123.29,11.21,30.6,1.96,94.74
1103A,2026-02-10 09:00:00,211,126.16,182.16,15.38,30.09,0.89,84.57
1104A,2026-02-10 09:00:00,83,49.94,63.45,15.14,34.25,2.36,95.18
1105A,2026-02-10 09:00:00,161,88.03,124.34,21.38,19.25,1.13,67.16
1106A,2026-02-10 09:00:00,147,92.85,118.91,6.69,20.43,1.2,60.0
1107A,2026-02-10 09:00:00,37,12.22,17.58,17.85,16.8,2.24,114.72
1108A,2026-02-10 09:00:00,187,105.59,161.6,13.91,19.73,1.03,21.45
1109A,2026-02-10 09:00:00,117,74.1,92.65,25.86,43.3,1.32,113.79
1201A,2026-02-10 09:00:00,209,125.95,179.81,6.52,16.9,2.23,51.71
1202A,2026-02-10 09:00:00,134,77.09,94.58,20.06,23.56,1.83,51.6
1203A,2026-02-10 09:00:00,109,74.17,99.65,28.88,46.2,2.04,89.35
1204A,2026-02-10 09:00:00,144,84.74,113.41,20.82,48.96,0.76,36.26
4401A,2026-02-10 09:00:00,88,61.64,84.75,10.78,31.26,2.28,112.26
4402A,2026-02-10 09:00:00,192,118.03,155.33,8.6,41.46,1.32,88.1
4403A,2026-02-10 09:00:00,170,95.3,150.16,20.91,25.94,0.87,76.91
4404A,2026-02-10 09:00:00,111,58.38,99.07,9.15,33.97,2.4,93.03
4405A,2026-02-10 09:00:00,93,46.83,60.49,20.12,16.29,1.07,41.4
4406A,2026-02-10 09:00:00,132,77.31,100.67,19.43,41.23,1.27,21.68
4407A,2026-02-10 09:00:00,90,51.82,82.66,12.91,43.13,2.13,70.11
4408A,2026-02-10 09:00:00,169,109.46,145.99,9.08,16.85,1.97,60.73
4409A,2026-02-10 09:00:00,107,66.63,92.19,8.3,36.27,1.79,69.61
4401B,2026-02-10 09:00:00,143,80.97,99.45,29.04,40.27,1.18,35.36
4402B,2026-02-10 09:00:00,98,59.16,75.29,25.33,44.08,2.18,80.88
4403B,2026-02-10 09:00:00,79,37.67,63.73,18.99,43.08,0.95,103.64
4404B,2026-02-10 09:00:00,158,101.84,135.45,24.43,26.59,2.42,78.74
4405B,2026-02-10 09:00:00,213,125.66,179.79,19.61,25.66,0.96,99.76
4406B,2026-02-10 09:00:00,172,102.36,132.22,20.27,27.95,1.08,114.48
5101A,2026-02-10 09:00:00,202,126.57,153.03,12.41,23.19,1.4,114.18
5102A,2026-02-10 09:00:00,147,96.09,123.79,23.4,26.53,0.67,81.42
5103A,2026-02-10 09:00:00,187,108.17,140.98,22.43,19.24,1.1,98.98
5104A,2026-02-10 09:00:00,121,66.39,82.94,22.53,23.48,1.29,64.3
5105A,2026-02-10 09:00:00,211,123.44,168.43,21.17,39.07,1.61,100.75
5106A,2026-02-10 09:00:00,170,105.06,122.9,28.04,35.95,0.57,88.98
5107A,2026-02-10 09:00:00,154,85.09,108.21,7.4,15.06,1.78,95.9
1101A,2026-02-10 10:00:00,97,52.89,81.88,20.67,16.67,1.48,26.92
1102A,2026-02-10 10:00:00,57,33.63,38.62,7.3,15.11,1.31,108.38
1103A,2026-02-10 10:00:00,116,71.26,94.98,18.15,46.97,1.91,35.03
1104A,2026-02-10 10:00:00,122,64.54,98.86,21.51,31.31,2.45,67.23
1105A,2026-02-10 10:00:00,187,118.86,153.26,16.67,37.34,1.29,32.47
1106A,2026-02-10 10:00:00,165,101.25,125.14,18.98,37.22,2.42,25.04
1107A,2026-02-10 10:00:00,120,72.72,92.82,19.63,16.14,2.01,102.89
1108A,2026-02-10 10:00:00,66,38.57,57.11,19.83,49.6,0.66,93.61
1109A,2026-02-10 10:00:00,103,57.5,76.66,5.49,47.45,0.84,106.56
1201A,2026-02-10 10:00:00,57,35.81,57.9,14.4,21.63,1.93,30.24
1202A,2026-02-10 10:00:00,103,68.74,84.84,10.87,26.36,0.92,58.79
1203A,2026-02-10 10:00:00,88,54.11,56.9,12.62,40.79,1.35,24.55
1204A,2026-02-10 10:00:00,197,112.07,147.92,22.15,16.05,0.66,82.71
4401A,2026-02-10 10:00:00,82,58.79,71.78,9.91,40.4,1.28,31.42
4402A,2026-02-10 10:00:00,112,67.29,80.01,12.83,38.03,2.23,39.01
4403A,2026-02-10 10:00:00,166,96.86,121.13,8.84,32.37,2.01,36.59
4404A,2026-02-10 10:00:00,148,82.36,128.47,20.76,39.2,1.66,100.69
4405A,2026-02-10 10:00:00,207,122.16,178.73,13.31,31.67,2.01,76.02
4406A,2026-02-10 10:00:00,62,40.37,42.45,6.01,21.55,1.27,20.75
4407A,2026-02-10 10:00:00,66,42.67,41.72,5.98,32.66,1.84,98.39
4408A,2026-02-10 10:00:00,162,89.39,143.26,6.82,46.52,2.42,50.9
4409A,2026-02-10 10:00:00,40,16.71,17.78,28.9,40.8,1.33,51.39
4401B,2026-02-10 10:00:00,81,49.0,70.7,5.4,24.89,1.11,37.42
4402B,2026-02-10 10:00:00,207,131.16,159.91,29.15,46.24,1.31,70.42
4403B,2026-02-10 10:00:00,201,123.67,168.39,5.37,44.95,2.02,51.89
4404B,2026-02-10 10:00:00,53,22.44,37.74,9.08,49.17,2.22,80.99
4405B,2026-02-10 10:00:00,85,54.53,68.91,26.38,48.02,2.18,27.39
4406B,2026-02-10 10:00:00,97,66.71,66.54,9.97,16.45,1.56,116.07
5101A,2026-02-10 10:00:00,65,46.95,37.55,13.04,20.68,1.14,71.35
5102A,2026-02-10 10:00:00,197,120.99,160.02,10.72,43.67,0.53,79.83
5103A,2026-02-10 10:00:00,215,125.19,184.94,15.12,47.05,1.61,59.2
5104A,2026-02-10 10:00:00,82,54.55,53.7,29.4,27.58,2.48,62.27
5105A,2026-02-10 10:00:00,145,96.9,115.77,22.38,46.36,1.08,44.49
5106A,2026-02-10 10:00:00,62,44.2,54.36,25.31,44.52,0.92,53.99
5107A,2026-02-10 10:00:00,201,115.6,164.45,8.72,41.44,1.79,89.87
1101A,2026-02-10 11:00:00,175,109.18,151.35,21.17,44.27,2.45,57.64
1102A,2026-02-10 11:00:00,57,35.12,44.69,26.64,41.66,1.56,43.68
1103A,2026-02-10 11:00:00,102,58.63,88.45,18.23,45.6,1.27,40.99
1104A,2026-02-10 11:00:00,149,84.91,106.65,13.08,18.86,0.97,78.85
1105A,2026-02-10 11:00:00,121,81.71,94.47,10.53,48.95,0.6,70.69
1106A,2026-02-10 11:00:00,87,47.83,72.81,5.83,34.05,1.37,31.1
1107A,2026-02-10 11:00:00,38,20.24,44.45,27.87,34.97,1.2,96.71
1108A,2026-02-10 11:00:00,155,88.16,110.24,14.49,30.78,1.31,78.44
1109A,2026-02-10 11:00:00,200,122.21,166.0,5.5,38.16,0.63,114.97
1201A,2026-02-10 11:00:00,104,66.19,69.55,14.49,43.1,0.89,85.46
1202A,2026-02-10 11:00:00,136,74.4,113.38,20.24,48.62,2.27,105.11
1203A,2026-02-10 11:00:00,127,67.13,87.38,9.74,17.76,2.32,96.82
1204A,2026-02-10 11:00:00,205,115.43,169.3,14.06,24.16,0.59,33.01
4401A,2026-02-10 11:00:00,80,44.29,62.41,21.62,36.93,1.14,73.08
4402A,2026-02-10 11:00:00,212,121.2,158.78,17.82,31.47,0.55,41.9
4403A,2026-02-10 11:00:00,136,87.38,107.05,27.95,33.49,0.95,46.11
4404A,2026-02-10 11:00:00,82,44.73,77.95,16.31,28.96,0.93,24.69
4405A,2026-02-10 11:00:00,150,99.17,131.96,17.38,23.09,2.11,53.17
4406A,2026-02-10 11:00:00,62,46.35,45.62,21.41,29.33,1.54,47.94
4407A,2026-02-10 11:00:00,49,33.89,32.03,26.89,41.34,2.26,90.78
4408A,2026-02-10 11:00:00,82,55.0,74.88,25.22,38.01,1.52,77.35
4409A,2026-02-10 11:00:00,179,98.01,142.6,9.71,27.85,1.99,119.43
4401B,2026-02-10 11:00:00,168,99.33,126.58,29.04,39.38,2.43,50.55
4402B,2026-02-10 11:00:00,131,72.1,118.84,12.23,19.68,0.82,117.05
4403B,2026-02-10 11:00:00,179,97.98,155.32,27.13,40.25,1.97,48.06
4404B,2026-02-10 11:00:00,188,110.38,162.22,5.97,16.34,2.07,94.03
4405B,2026-02-10 11:00:00,205,126.0,168.08,27.46,41.42,1.46,59.35
4406B,2026-02-10 11:00:00,90,62.53,68.19,15.0,31.8,1.31,77.23
5101A,2026-02-10 11:00:00,58,33.41,56.24,22.33,48.87,1.04,70.72
5102A,2026-02-10 11:00:00,65,45.69,53.05,26.93,42.03,0.6,62.06
5103A,2026-02-10 11:00:00,140,83.93,121.68,10.88,36.9,0.93,115.58
5104A,2026-02-10 11:00:00,49,37.37,29.01,18.68,29.32,1.11,48.66
5105A,2026-02-10 11:00:00,165,99.78,132.96,18.53,45.13,0.59,53.68
5106A,2026-02-10 11:00:00,153,96.99,119.04,7.04,21.9,1.01,72.22
5107A,2026-02-10 11:00:00,66,45.5,52.97,7.72,21.95,2.14,108.38
1101A,2026-02-10 12:00:00,178,103.86,131.68,10.2,47.09,1.51,36.48
1102A,2026-02-10 12:00:00,40,33.53,36.17,6.12,26.3,2.03,64.07
1103A,2026-02-10 12:00:00,213,118.92,158.73,5.28,25.18,1.27,41.91
1104A,2026-02-10 12:00:00,161,88.05,135.42,18.16,19.95,2.25,102.64
1105A,2026-02-10 12:00:00,81,44.14,62.4,13.66,25.69,1.28,45.15
1106A,2026-02-10 12:00:00,57,31.51,51.21,5.0,19.84,2.03,66.84
1107A,2026-02-10 12:00:00,117,78.6,95.18,24.53,48.3,2.3,41.57
1108A,2026-02-10 12:00:00,132,82.82,110.29,23.53,23.87,1.82,82.99
1109A,2026-02-10 12:00:00,222,134.21,171.68,22.17,29.19,0.73,101.39
1201A,2026-02-10 12:00:00,122,81.8,95.23,6.34,39.75,2.19,57.61
1202A,2026-02-10 12:00:00,213,124.09,162.76,28.71,17.71,2.32,61.82
1203A,2026-02-10 12:00:00,180,117.93,153.51,8.32,25.8,2.19,89.39
1204A,2026-02-10 12:00:00,210,123.67,156.84,19.28,46.23,1.36,65.96
4401A,2026-02-10 12:00:00,133,89.44,99.5,29.24,23.75,2.26,53.62
4402A,2026-02-10 12:00:00,210,123.64,181.04,5.21,39.85,1.56,49.74
4403A,2026-02-10 12:00:00,80,50.88,75.0,18.6,34.0,2.08,68.75
4404A,2026-02-10 12:00:00,66,43.87,63.9,19.05,18.5,0.67,118.85
4405A,2026-02-10 12:00:00,152,97.62,119.47,12.73,47.26,1.9,70.58
4406A,2026-02-10 12:00:00,172,108.48,137.39,14.06,31.31,0.63,111.25
4407A,2026-02-10 12:00:00,209,131.82,161.27,18.02,38.37,1.73,28.3
4408A,2026-02-10 12:00:00,50,31.95,36.58,23.03,49.23,1.5,36.04
4409A,2026-02-10 12:00:00,193,121.39,166.67,26.08,47.34,2.47,98.4
4401B,2026-02-10 12:00:00,152,87.21,135.92,9.96,37.37,1.87,92.61
4402B,2026-02-10 12:00:00,52,35.49,45.29,16.17,23.09,1.82,39.11
4403B,2026-02-10 12:00:00,198,111.2,152.9,27.38,35.07,0.98,103.62
4404B,2026-02-10 12:00:00,97,48.47,75.72,5.31,26.11,2.03,57.79
4405B,2026-02-10 12:00:00,178,107.52,152.05,29.02,18.16,1.44,53.66
4406B,2026-02-10 12:00:00,159,91.06,113.62,14.89,17.09,2.47,68.59
5101A,2026-02-10 12:00:00,48,20.11,39.16,22.32,27.35,0.54,85.58
5102A,2026-02-10 12:00:00,109,64.08,99.43,15.98,20.23,0.52,29.88
5103A,2026-02-10 12:00:00,70,38.86,56.85,25.8,36.21,2.02,32.06
5104A,2026-02-10 12:00:00,102,68.03,81.05,28.37,26.8,2.08,52.77
5105A,2026-02-10 12:00:00,195,110.1,169.5,27.24,37.94,2.11,63.5
5106A,2026-02-10 12:00:00,204,130.88,154.01,27.15,49.06,0.94,74.45
5107A,2026-02-10 12:00:00,55,31.75,53.44,13.11,36.03,1.63,20.81
1101A,2026-02-10 13:00:00,38,17.34,23.16,17.97,44.07,1.16,89.84
1102A,2026-02-10 13:00:00,132,81.98,114.65,20.14,35.31,2.31,92.49
1103A,2026-02-10 13:00:00,216,119.7,178.94,20.82,32.78,0.57,36.2
1104A,2026-02-10 13:00:00,163,103.36,144.34,26.57,21.81,1.45,30.58
1105A,2026-02-10 13:00:00,66,49.22,39.77,10.77,39.96,2.42,35.24
1106A,2026-02-10 13:00:00,99,67.41,93.61,11.92,47.65,0.63,31.86
1107A,2026-02-10 13:00:00,117,63.37,82.26,5.81,49.29,0.71,92.79
1108A,2026-02-10 13:00:00,66,30.9,46.87,7.38,34.06,0.81,28.8
1109A,2026-02-10 13:00:00,221,139.19,162.15,14.58,46.54,1.89,95.63
1201A,2026-02-10 13:00:00,95,53.36,65.14,11.26,49.78,1.47,68.96
1202A,2026-02-10 13:00:00,191,110.11,144.99,21.53,28.02,1.24,88.82
1203A,2026-02-10 13:00:00,205,126.16,176.68,21.58,25.94,2.16,62.77
1204A,2026-02-10 13:00:00,212,119.88,176.69,7.95,35.59,1.64,67.95
4401A,2026-02-10 13:00:00,54,39.41,47.74,10.5,42.69,2.13,24.13
4402A,2026-02-10 13:00:00,107,61.74,89.88,27.38,27.39,0.8,93.15
4403A,2026-02-10 13:00:00,118,73.01,84.66,12.97,33.64,0.8,66.3
4404A,2026-02-10 13:00:00,191,106.56,140.13,11.3,16.08,0.58,20.69
4405A,2026-02-10 13:00:00,117,69.52,94.07,5.77,15.92,0.98,34.23
4406A,2026-02-10 13:00:00,211,127.7,169.12,18.18,26.91,1.15,44.03
4407A,2026-02-10 13:00:00,182,108.03,146.96,21.62,15.92,2.45,88.86
4408A,2026-02-10 13:00:00,122,76.16,108.27,19.09,49.6,2.47,56.35
4409A,2026-02-10 13:00:00,102,67.46,95.23,10.84,26.52,0.6,71.88
4401B,2026-02-10 13:00:00,210,116.04,171.34,6.37,30.23,1.45,97.99
4402B,2026-02-10 13:00:00,159,96.57,120.38,19.13,48.87,0.78,46.41
4403B,2026-02-10 13:00:00,75,41.52,58.37,11.28,43.06,1.97,25.76
4404B,2026-02-10 13:00:00,225,127.18,169.97,11.87,23.59,1.14,80.66
4405B,2026-02-10 13:00:00,207,127.38,153.24,21.36,45.76,0.89,109.65
4406B,2026-02-10 13:00:00,96,52.99,83.18,6.43,46.13,1.72,117.9
5101A,2026-02-10 13:00:00,75,37.04,54.01,14.68,23.11,1.88,79.68
5102A,2026-02-10 13:00:00,206,132.78,173.15,23.57,37.53,0.9,117.95
5103A,2026-02-10 13:00:00,196,114.25,151.93,28.37,42.5,1.57,50.95
5104A,2026-02-10 13:00:00,128,83.33,98.9,20.81,19.49,1.66,118.85
5105A,2026-02-10 13:00:00,130,71.64,97.02,14.15,46.28,0.68,59.74
5106A,2026-02-10 13:00:00,114,59.48,99.84,9.12,27.21,0.58,20.3
5107A,2026-02-10 13:00:00,193,120.03,155.64,18.76,32.69,0.86,113.22
1101A,2026-02-10 14:00:00,136,81.64,116.93,6.42,21.61,0.74,105.07
1102A,2026-02-10 14:00:00,167,93.33,137.73,17.26,40.36,1.57,29.04
1103A,2026-02-10 14:00:00,72,47.61,60.27,21.06,31.73,1.89,96.97
1104A,2026-02-10 14:00:00,78,42.78,56.43,24.31,35.28,1.39,25.32
1105A,2026-02-10 14:00:00,150,86.07,133.53,26.81,23.88,0.9,106.91
1106A,2026-02-10 14:00:00,58,39.32,54.19,9.27,16.82,1.63,68.74
1107A,2026-02-10 14:00:00,112,74.9,97.09,17.63,30.4,1.69,37.48
1108A,2026-02-10 14:00:00,41,28.46,37.43,29.2,41.72,0.86,109.0
1109A,2026-02-10 14:00:00,71,34.1,59.04,13.38,34.52,0.88,59.88
1201A,2026-02-10 14:00:00,166,99.58,122.57,15.86,28.06,0.76,92.61
1202A,2026-02-10 14:00:00,72,47.83,69.18,12.25,23.24,2.28,109.19
1203A,2026-02-10 14:00:00,102,54.4,89.95,24.26,22.73,2.43,49.03
1204A,2026-02-10 14:00:00,132,74.99,112.2,18.39,35.53,1.95,91.71
4401A,2026-02-10 14:00:00,51,32.25,37.54,19.56,26.85,2.32,79.39
4402A,2026-02-10 14:00:00,151,92.2,114.88,25.99,24.9,1.0,94.69
4403A,2026-02-10 14:00:00,216,134.51,185.27,13.59,16.67,1.96,117.63
4404A,2026-02-10 14:00:00,191,111.71,163.86,15.99,24.69,0.8,105.55
4405A,2026-02-10 14:00:00,185,115.33,147.99,7.51,24.78,0.76,69.14
4406A,2026-02-10 14:00:00,107,71.42,86.63,24.26,44.59,1.77,78.06
4407A,2026-02-10 14:00:00,83,56.05,78.14,15.0,37.91,0.85,32.71
4408A,2026-02-10 14:00:00,88,61.51,56.96,20.84,43.51,2.5,85.03
4409A,2026-02-10 14:00:00,57,24.73,42.1,10.53,21.83,1.49,95.38
4401B,2026-02-10 14:00:00,86,47.95,74.81,26.65,41.27,0.67,93.93
4402B,2026-02-10 14:00:00,183,108.85,132.47,5.84,36.6,0.81,48.76
4403B,2026-02-10 14:00:00,151,92.83,108.8,18.24,47.41,0.57,25.61
4404B,2026-02-10 14:00:00,195,120.66,163.78,21.48,23.67,1.16,30.88
4405B,2026-02-10 14:00:00,46,26.3,44.43,20.81,24.38,1.44,67.41
4406B,2026-02-10 14:00:00,215,138.49,181.82,25.08,34.81,1.36,79.42
5101A,2026-02-10 14:00:00,45,19.06,24.73,15.59,32.46,1.27,29.61
5102A,2026-02-10 14:00:00,213,133.1,157.95,16.54,22.82,0.57,90.41
5103A,2026-02-10 14:00:00,67,37.2,54.72,16.04,22.45,0.74,90.69
5104A,2026-02-10 14:00:00,195,112.25,165.66,29.27,34.7,1.51,24.16
5105A,2026-02-10 14:00:00,111,57.1,73.83,29.46,44.67,1.38,36.13
5106A,2026-02-10 14:00:00,223,132.83,176.5,16.38,30.74,2.21,118.0
5107A,2026-02-10 14:00:00,98,66.15,63.45,25.18,41.0,0.87,71.73
1101A,2026-02-10 15:00:00,182,114.21,145.56,15.8,20.66,0.88,58.96
1102A,2026-02-10 15:00:00,60,42.72,52.32,12.88,36.42,0.52,86.29
1103A,2026-02-10 15:00:00,215,130.72,182.94,6.97,43.68,0.64,102.15
1104A,2026-02-10 15:00:00,161,104.01,115.26,9.64,36.55,1.76,94.85
1105A,2026-02-10 15:00:00,82,59.0,73.85,13.29,21.91,1.37,26.2
1106A,2026-02-10 15:00:00,176,101.01,144.4,24.75,33.61,1.16,119.58
1107A,2026-02-10 15:00:00,53,24.69,38.6,23.0,22.22,1.21,114.78
1108A,2026-02-10 15:00:00,128,81.38,98.09,14.87,17.67,2.42,107.97
1109A,2026-02-10 15:00:00,121,77.85,106.92,11.29,38.22,1.59,100.22
1201A,2026-02-10 15:00:00,104,68.61,88.65,15.25,18.16,2.2,55.44
1202A,2026-02-10 15:00:00,182,116.59,138.55,26.4,36.83,2.07,54.36
1203A,2026-02-10 15:00:00,93,47.14,71.1,8.57,42.22,1.1,39.87
1204A,2026-02-10 15:00:00,129,68.46,105.13,29.86,23.98,0.63,34.6
4401A,2026-02-10 15:00:00,58,35.75,55.54,6.7,17.74,1.72,43.86
4402A,2026-02-10 15:00:00,45,35.47,43.54,28.36,44.39,2.47,74.22
4403A,2026-02-10 15:00:00,164,89.59,132.88,17.18,33.1,1.04,33.52
4404A,2026-02-10 15:00:00,134,89.58,110.33,13.84,22.13,1.96,29.6
4405A,2026-02-10 15:00:00,180,106.47,156.49,19.72,18.92,2.45,115.39
4406A,2026-02-10 15:00:00,160,98.7,137.89,14.13,40.36,1.56,62.45
4407A,2026-02-10 15:00:00,160,103.11,119.78,15.36,37.12,2.17,57.49
4408A,2026-02-10 15:00:00,46,23.64,31.65,11.33,30.7,1.26,44.87
4409A,2026-02-10 15:00:00,169,91.49,132.65,16.03,34.86,1.74,38.82
4401B,2026-02-10 15:00:00,159,87.35,119.09,8.98,20.8,1.65,37.39
4402B,2026-02-10 15:00:00,154,98.19,121.65,21.37,30.21,0.84,58.39
4403B,2026-02-10 15:00:00,129,80.5,90.36,16.46,40.6,0.84,80.45
4404B,2026-02-10 15:00:00,200,118.25,148.33,24.12,27.13,1.66,47.22
4405B,2026-02-10 15:00:00,143,93.39,114.62,15.93,36.68,0.96,65.31
4406B,2026-02-10 15:00:00,149,81.22,109.69,12.66,32.49,1.22,31.06
5101A,2026-02-10 15:00:00,115,68.68,102.64,5.2,43.11,1.19,112.08
5102A,2026-02-10 15:00:00,116,60.87,87.17,25.45,48.36,1.24,95.08
5103A,2026-02-10 15:00:00,101,65.07,76.38,24.23,21.73,1.93,72.79
5104A,2026-02-10 15:00:00,144,96.21,129.28,17.97,19.73,0.96,58.19
5105A,2026-02-10 15:00:00,79,42.24,63.23,17.19,32.38,0.52,95.63
5106A,2026-02-10 15:00:00,160,89.78,116.81,16.48,37.32,0.56,118.34
5107A,2026-02-10 15:00:00,75,51.21,71.62,6.33,31.68,1.12,33.87
1101A,2026-02-10 16:00:00,75,44.91,50.01,24.14,49.71,1.98,48.2
1102A,2026-02-10 16:00:00,172,106.73,129.54,22.34,16.59,0.5,31.8
1103A,2026-02-10 16:00:00,202,117.79,152.71,28.33,47.05,2.49,107.72
1104A,2026-02-10 16:00:00,98,52.47,87.27,22.09,27.62,1.34,39.47
1105A,2026-02-10 16:00:00,214,133.39,175.05,5.71,48.01,1.79,84.21
1106A,2026-02-10 16:00:00,105,68.4,98.92,28.03,27.52,1.45,101.89
1107A,2026-02-10 16:00:00,171,101.03,144.46,19.91,34.53,0.51,80.5
1108A,2026-02-10 16:00:00,177,100.68,144.96,7.27,17.7,1.94,111.73
1109A,2026-02-10 16:00:00,46,26.44,25.03,20.47,24.01,1.5,79.77
1201A,2026-02-10 16:00:00,61,39.12,49.24,17.48,19.15,1.08,45.01
1202A,2026-02-10 16:00:00,164,93.96,142.12,13.61,31.03,1.96,105.01
1203A,2026-02-10 16:00:00,56,28.95,59.37,22.34,42.8,1.66,22.04
1204A,2026-02-10 16:00:00,158,87.55,141.05,19.03,42.58,1.42,48.66
4401A,2026-02-10 16:00:00,199,128.82,151.29,12.16,15.02,0.86,87.85
4402A,2026-02-10 16:00:00,110,71.22,100.3,25.48,32.23,0.7,55.22
4403A,2026-02-10 16:00:00,62,39.24,36.15,23.6,47.63,0.99,53.53
4404A,2026-02-10 16:00:00,114,70.8,94.0,18.14,32.04,1.7,57.62
4405A,2026-02-10 16:00:00,213,124.96,177.39,23.43,28.27,1.92,69.73
4406A,2026-02-10 16:00:00,160,104.85,116.97,5.33,29.55,1.21,68.42
4407A,2026-02-10 16:00:00,130,70.64,102.77,26.89,17.81,2.05,80.77
4408A,2026-02-10 16:00:00,170,96.34,127.08,18.22,44.72,1.81,82.32
4409A,2026-02-10 16:00:00,207,118.2,155.36,23.84,17.08,2.11,112.38
4401B,2026-02-10 16:00:00,196,109.5,161.4,5.86,36.74,1.98,25.39
4402B,2026-02-10 16:00:00,99,57.62,93.06,17.73,30.95,0.91,78.72
4403B,2026-02-10 16:00:00,130,74.15,114.23,27.52,32.84,1.33,36.99
4404B,2026-02-10 16:00:00,208,118.37,175.22,25.45,25.49,1.29,59.9
4405B,2026-02-10 16:00:00,199,121.46,148.01,16.75,41.19,1.11,91.25
4406B,2026-02-10 16:00:00,61,36.57,40.63,13.87,22.85,2.31,47.92
5101A,2026-02-10 16:00:00,198,116.45,145.42,9.88,20.12,0.57,54.89
5102A,2026-02-10 16:00:00,124,70.67,96.52,10.37,36.92,1.39,64.33
5103A,2026-02-10 16:00:00,140,74.08,108.65,17.12,26.42,1.97,95.66
5104A,2026-02-10 16:00:00,72,35.86,47.73,25.08,25.77,0.52,47.17
5105A,2026-02-10 16:00:00,150,84.97,111.47,15.49,30.29,1.85,111.8
5106A,2026-02-10 16:00:00,134,73.53,99.32,20.33,30.65,1.47,56.88
5107A,2026-02-10 16:00:00,194,120.44,140.63,29.36,21.12,0.67,35.44
1101A,2026-02-10 17:00:00,168,92.01,130.77,16.06,18.51,0.7,47.35
1102A,2026-02-10 17:00:00,123,75.17,111.3,12.45,49.01,1.81,63.5
1103A,2026-02-10 17:00:00,94,48.68,61.19,25.27,19.23,1.78,85.0
1104A,2026-02-10 17:00:00,150,83.59,134.58,14.55,22.67,1.9,60.13
1105A,2026-02-10 17:00:00,182,113.05,159.44,28.88,32.65,1.81,25.15
1106A,2026-02-10 17:00:00,72,48.11,64.29,7.94,24.72,0.88,54.41
1107A,2026-02-10 17:00:00,171,107.26,130.0,26.5,47.37,1.17,66.64
1108A,2026-02-10 17:00:00,92,51.89,72.57,12.84,32.6,0.95,64.54
1109A,2026-02-10 17:00:00,45,23.24,49.18,18.46,15.78,0.97,50.89
1201A,2026-02-10 17:00:00,204,126.91,175.74,11.44,49.31,1.58,67.55
1202A,2026-02-10 17:00:00,198,127.07,167.47,20.21,25.36,1.87,45.59
1203A,2026-02-10 17:00:00,74,40.1,71.51,5.03,38.86,0.78,63.51
1204A,2026-02-10 17:00:00,182,103.57,141.65,11.59,44.96,0.73,100.85
4401A,2026-02-10 17:00:00,102,60.97,84.31,20.01,37.96,2.13,116.11
4402A,2026-02-10 17:00:00,69,42.89,57.87,7.99,24.81,2.03,76.03
4403A,2026-02-10 17:00:00,175,106.45,132.61,10.27,25.47,2.17,49.62
4404A,2026-02-10 17:00:00,86,53.42,73.47,11.81,29.72,2.25,62.19
4405A,2026-02-10 17:00:00,160,92.54,123.83,16.37,23.0,1.51,32.21
4406A,2026-02-10 17:00:00,178,107.55,128.99,18.42,38.1,1.05,36.41
4407A,2026-02-10 17:00:00,102,70.21,92.48,11.86,24.28,0.63,43.52
4408A,2026-02-10 17:00:00,182,106.52,139.95,21.8,29.33,1.19,28.96
4409A,2026-02-10 17:00:00,186,110.3,136.47,21.92,38.01,1.79,115.05
4401B,2026-02-10 17:00:00,205,122.58,163.88,9.37,37.37,1.59,111.89
4402B,2026-02-10 17:00:00,123,69.6,113.39,9.32,33.52,0.56,111.47
4403B,2026-02-10 17:00:00,180,117.93,129.81,7.44,47.26,2.34,51.97
4404B,2026-02-10 17:00:00,116,63.82,78.74,13.02,32.17,2.37,113.66
4405B,2026-02-10 17:00:00,207,118.04,178.98,6.13,43.79,1.22,76.22
4406B,2026-02-10 17:00:00,164,94.69,141.76,8.61,25.06,2.11,50.35
5101A,2026-02-10 17:00:00,57,35.27,38.77,15.71,40.67,0.9,81.93
5102A,2026-02-10 17:00:00,55,41.83,55.33,24.34,24.65,0.68,63.67
5103A,2026-02-10 17:00:00,51,22.7,29.69,22.12,24.68,0.69,92.54
5104A,2026-02-10 17:00:00,74,47.14,50.69,26.33,31.48,1.1,26.08
5105A,2026-02-10 17:00:00,190,121.16,148.28,27.01,37.15,0.77,96.82
5106A,2026-02-10 17:00:00,163,96.48,133.88,16.45,39.01,2.01,24.42
5107A,2026-02-10 17:00:00,183,109.78,134.19,9.46,39.95,1.14,101.21
1101A,2026-02-10 18:00:00,39,32.22,41.58,25.12,41.36,1.44,38.4
1102A,2026-02-10 18:00:00,52,26.53,46.54,25.51,17.9,1.34,38.81
1103A,2026-02-10 18:00:00,90,48.99,60.71,19.77,25.16,1.83,46.27
1104A,2026-02-10 18:00:00,188,108.38,147.03,5.45,26.75,2.32,108.46
1105A,2026-02-10 18:00:00,110,59.74,96.88,7.17,38.94,1.37,35.14
1106A,2026-02-10 18:00:00,50,22.56,30.57,22.73,27.25,2.33,108.89
1107A,2026-02-10 18:00:00,192,120.29,139.43,7.34,43.23,2.24,108.65
1108A,2026-02-10 18:00:00,174,101.33,125.24,11.11,17.65,1.67,47.41
1109A,2026-02-10 18:00:00,163,99.12,116.41,26.89,31.2,0.65,107.69
1201A,2026-02-10 18:00:00,117,67.43,107.5,21.65,38.15,0.71,71.77
1202A,2026-02-10 18:00:00,82,52.28,75.92,16.8,42.47,2.45,39.58
1203A,2026-02-10 18:00:00,140,92.09,110.58,12.12,40.48,0.74,87.47
1204A,2026-02-10 18:00:00,87,60.61,72.18,11.16,32.4,2.46,52.5
4401A,2026-02-10 18:00:00,135,90.2,104.79,12.23,42.32,1.36,99.95
4402A,2026-02-10 18:00:00,155,102.87,120.96,25.89,43.69,1.12,47.05
4403A,2026-02-10 18:00:00,111,64.75,92.02,19.09,42.35,0.97,113.97
4404A,2026-02-10 18:00:00,195,125.5,147.88,15.03,44.94,1.74,64.92
4405A,2026-02-10 18:00:00,198,128.48,148.25,22.44,34.55,0.62,103.0
4406A,2026-02-10 18:00:00,171,93.45,146.03,9.98,41.37,0.99,33.0
4407A,2026-02-10 18:00:00,204,122.04,158.34,21.36,42.08,1.13,26.04
4408A,2026-02-10 18:00:00,157,101.09,119.61,27.0,23.83,2.22,102.72
4409A,2026-02-10 18:00:00,123,81.3,112.7,29.86,22.01,0.55,41.48
4401B,2026-02-10 18:00:00,169,98.3,139.39,20.49,16.53,2.1,65.69
4402B,2026-02-10 18:00:00,172,96.87,127.61,18.02,46.28,1.01,84.45
4403B,2026-02-10 18:00:00,197,113.09,158.37,24.57,17.48,0.71,104.24
4404B,2026-02-10 18:00:00,151,89.46,133.64,27.06,38.55,2.11,82.57
4405B,2026-02-10 18:00:00,88,44.05,59.75,12.14,39.23,0.7,90.48
4406B,2026-02-10 18:00:00,112,62.46,81.98,15.53,36.67,0.68,79.42
5101A,2026-02-10 18:00:00,56,29.88,51.25,5.72,32.32,0.83,59.18
5102A,2026-02-10 18:00:00,192,114.09,167.41,23.87,37.26,1.9,89.78
5103A,2026-02-10 18:00:00,86,48.51,58.23,14.2,37.06,2.28,86.5
5104A,2026-02-10 18:00:00,174,110.39,151.41,8.65,16.09,2.13,91.15
5105A,2026-02-10 18:00:00,48,26.55,25.36,6.12,30.53,1.97,62.13
5106A,2026-02-10 18:00:00,87,54.9,70.89,21.87,20.12,1.55,43.01
5107A,2026-02-10 18:00:00,131,83.77,113.18,27.97,37.16,0.52,110.31
1101A,2026-02-10 19:00:00,77,52.1,74.3,17.44,18.82,2.04,74.2
1102A,2026-02-10 19:00:00,94,46.9,67.63,24.39,32.4,1.41,104.18
1103A,2026-02-10 19:00:00,181,112.14,131.89,16.04,21.9,1.3,72.47
1104A,2026-02-10 19:00:00,78,48.65,72.51,18.57,38.33,2.11,28.59
1105A,2026-02-10 19:00:00,114,68.3,81.52,13.05,34.49,2.43,45.21
1106A,2026-02-10 19:00:00,88,44.37,81.02,27.34,29.65,1.84,67.04
1107A,2026-02-10 19:00:00,166,91.3,134.26,14.23,15.59,2.16,104.49
1108A,2026-02-10 19:00:00,36,28.32,42.37,24.56,20.34,0.97,79.7
1109A,2026-02-10 19:00:00,123,69.18,92.94,17.16,27.49,0.68,115.33
1201A,2026-02-10 19:00:00,159,95.44,120.04,10.61,22.57,0.72,68.84
1202A,2026-02-10 19:00:00,68,35.01,60.02,19.58,18.43,1.07,95.5
1203A,2026-02-10 19:00:00,201,114.7,147.49,18.45,48.42,2.18,55.86
1204A,2026-02-10 19:00:00,149,89.26,121.72,8.41,22.75,0.62,39.84
4401A,2026-02-10 19:00:00,136,74.67,105.84,16.37,23.34,1.44,68.99
4402A,2026-02-10 19:00:00,145,86.06,127.12,22.08,41.26,0.6,54.85
4403A,2026-02-10 19:00:00,66,34.86,50.82,24.17,21.05,1.79,72.97
4404A,2026-02-10 19:00:00,94,65.2,76.09,10.44,34.76,1.08,57.41
4405A,2026-02-10 19:00:00,96,58.3,85.91,20.52,39.37,2.5,37.48
4406A,2026-02-10 19:00:00,63,39.24,36.14,23.97,45.68,0.89,97.56
4407A,2026-02-10 19:00:00,138,78.14,110.95,14.58,34.08,1.91,106.19
4408A,2026-02-10 19:00:00,147,96.34,118.46,26.33,37.72,1.51,71.6
4409A,2026-02-10 19:00:00,46,21.41,25.56,5.42,16.52,1.86,67.35
4401B,2026-02-10 19:00:00,151,94.68,133.93,13.44,36.7,2.47,85.02
4402B,2026-02-10 19:00:00,95,49.65,69.16,27.71,38.24,1.35,61.83
4403B,2026-02-10 19:00:00,118,63.09,99.95,23.89,38.73,1.56,73.24
4404B,2026-02-10 19:00:00,101,67.82,91.62,11.59,20.28,1.54,82.41
4405B,2026-02-10 19:00:00,196,125.07,153.6,19.31,34.56,0.66,86.48
4406B,2026-02-10 19:00:00,110,68.9,92.26,11.95,25.01,1.64,105.73
5101A,2026-02-10 19:00:00,133,76.69,103.95,14.95,19.82,0.8,73.86
5102A,2026-02-10 19:00:00,156,88.74,116.11,26.19,22.23,1.77,115.77
5103A,2026-02-10 19:00:00,155,90.53,117.07,15.18,48.53,2.38,87.88
5104A,2026-02-10 19:00:00,104,59.43,71.56,10.45,22.65,0.96,77.32
5105A,2026-02-10 19:00:00,79,50.77,63.18,24.78,28.87,1.03,29.25
5106A,2026-02-10 19:00:00,95,54.72,68.48,8.98,39.69,2.49,64.28
5107A,2026-02-10 19:00:00,167,106.41,119.35,16.49,32.17,1.59,118.02
1101A,2026-02-10 20:00:00,190,114.79,144.72,6.4,25.8,2.37,85.51
1102A,2026-02-10 20:00:00,41,17.37,31.49,28.89,40.55,2.37,104.85
1103A,2026-02-10 20:00:00,117,67.46,81.69,8.38,28.06,0.53,34.48
1104A,2026-02-10 20:00:00,118,72.39,89.83,17.11,27.35,2.31,34.93
1105A,2026-02-10 20:00:00,100,66.62,69.66,6.87,33.7,2.02,65.76
1106A,2026-02-10 20:00:00,41,34.23,25.61,21.83,47.12,1.11,68.45
1107A,2026-02-10 20:00:00,140,90.02,110.37,12.51,21.97,0.96,69.25
1108A,2026-02-10 20:00:00,140,86.32,119.57,17.66,29.19,1.34,58.39
1109A,2026-02-10 20:00:00,166,102.26,141.21,25.42,39.93,0.99,97.45
1201A,2026-02-10 20:00:00,121,75.48,98.89,26.07,39.22,1.29,90.7
1202A,2026-02-10 20:00:00,147,96.19,102.72,10.85,25.83,2.25,98.44
1203A,2026-02-10 20:00:00,106,62.09,77.46,24.89,48.55,0.93,96.85
1204A,2026-02-10 20:00:00,185,106.03,135.09,13.41,43.24,0.77,28.16
4401A,2026-02-10 20:00:00,123,71.54,94.52,17.65,38.67,0.52,70.21
4402A,2026-02-10 20:00:00,161,100.56,137.51,10.88,30.03,1.64,69.4
4403A,2026-02-10 20:00:00,150,94.11,105.2,25.78,27.64,0.53,50.72
4404A,2026-02-10 20:00:00,111,68.86,101.04,6.47,22.04,1.13,109.45
4405A,2026-02-10 20:00:00,96,62.55,77.02,8.86,30.83,1.03,116.63
4406A,2026-02-10 20:00:00,125,80.69,99.82,16.9,36.63,1.73,30.04
4407A,2026-02-10 20:00:00,118,73.23,93.67,27.54,15.52,2.39,60.84
4408A,2026-02-10 20:00:00,62,46.39,52.87,22.04,27.57,0.8,60.4
4409A,2026-02-10 20:00:00,112,74.31,103.02,11.6,48.06,1.61,115.12
4401B,2026-02-10 20:00:00,85,43.82,67.8,12.58,32.19,1.37,108.21
4402B,2026-02-10 20:00:00,196,123.46,143.18,11.65,26.13,1.24,37.41
4403B,2026-02-10 20:00:00,99,67.0,87.77,12.55,43.04,0.87,20.71
4404B,2026-02-10 20:00:00,62,46.21,41.96,13.74,27.38,1.34,61.05
4405B,2026-02-10 20:00:00,124,71.16,86.43,29.91,43.36,1.2,98.92
4406B,2026-02-10 20:00:00,105,56.34,95.9,11.92,19.86,2.26,24.99
5101A,2026-02-10 20:00:00,33,10.57,38.47,14.09,31.01,1.73,68.83
5102A,2026-02-10 20:00:00,122,65.47,94.01,21.53,19.39,0.97,51.34
5103A,2026-02-10 20:00:00,162,94.34,115.27,29.91,24.3,1.08,105.63
5104A,2026-02-10 20:00:00,122,63.75,82.89,21.93,23.31,1.72,112.2
5105A,2026-02-10 20:00:00,36,11.85,19.28,5.42,26.08,2.19,22.71
5106A,2026-02-10 20:00:00,34,25.2,34.68,9.07,36.57,1.13,114.12
5107A,2026-02-10 20:00:00,78,44.48,54.15,10.45,20.39,1.9,91.51
1101A,2026-02-10 21:00:00,82,51.25,53.02,26.16,42.24,0.87,54.11
1102A,2026-02-10 21:00:00,58,35.83,56.91,17.69,24.56,0.92,48.97
1103A,2026-02-10 21:00:00,140,76.53,112.65,21.02,32.22,1.64,48.28
1104A,2026-02-10 21:00:00,122,68.92,109.92,28.53,21.74,1.81,51.98
1105A,2026-02-10 21:00:00,133,87.0,120.1,25.84,48.17,1.37,114.97
1106A,2026-02-10 21:00:00,164,97.06,134.72,26.22,32.85,1.01,99.0
1107A,2026-02-10 21:00:00,94,46.6,75.33,22.12,15.99,2.17,89.83
1108A,2026-02-10 21:00:00,120,73.31,89.01,20.17,32.88,0.54,53.27
1109A,2026-02-10 21:00:00,141,85.68,108.18,7.26,33.19,0.79,99.41
1201A,2026-02-10 21:00:00,88,53.05,76.29,29.74,26.26,1.79,26.22
1202A,2026-02-10 21:00:00,78,45.51,67.9,26.4,46.19,0.51,38.5
1203A,2026-02-10 21:00:00,156,101.48,134.37,11.56,23.74,1.4,60.84
1204A,2026-02-10 21:00:00,32,10.66,27.13,15.86,25.69,2.4,60.19
4401A,2026-02-10 21:00:00,170,111.27,126.04,28.75,42.68,0.86,93.38
4402A,2026-02-10 21:00:00,174,95.05,134.46,24.26,49.27,2.46,39.03
4403A,2026-02-10 21:00:00,70,49.69,61.4,15.29,25.09,1.15,40.92
4404A,2026-02-10 21:00:00,123,80.96,100.04,6.94,25.03,1.68,49.69
4405A,2026-02-10 21:00:00,155,93.47,120.24,15.07,18.66,1.48,79.2
4406A,2026-02-10 21:00:00,134,75.1,121.45,24.77,28.58,0.86,64.73
4407A,2026-02-10 21:00:00,39,21.81,19.88,25.84,36.91,0.83,55.39
4408A,2026-02-10 21:00:00,58,27.92,43.87,10.12,28.19,1.7,107.77
4409A,2026-02-10 21:00:00,145,83.05,122.16,8.96,37.18,1.26,71.57
4401B,2026-02-10 21:00:00,141,85.35,124.7,24.11,34.26,2.09,90.76
4402B,2026-02-10 21:00:00,91,54.31,85.87,6.77,20.75,1.59,63.95
4403B,2026-02-10 21:00:00,193,111.64,145.33,12.11,44.9,2.31,104.82
4404B,2026-02-10 21:00:00,181,114.6,152.47,25.34,49.9,0.76,96.68
4405B,2026-02-10 21:00:00,95,52.28,89.12,23.88,31.88,1.31,32.79
4406B,2026-02-10 21:00:00,54,24.75,33.02,6.28,38.33,2.47,106.0
5101A,2026-02-10 21:00:00,183,110.55,155.13,17.98,29.54,1.93,31.07
5102A,2026-02-10 21:00:00,172,112.87,123.29,9.71,49.57,2.09,109.72
5103A,2026-02-10 21:00:00,97,55.82,78.68,16.7,47.43,0.95,63.72
5104A,2026-02-10 21:00:00,88,62.4,83.59,13.45,29.61,0.52,77.98
5105A,2026-02-10 21:00:00,138,84.31,111.28,21.24,21.58,0.97,88.44
5106A,2026-02-10 21:00:00,175,103.7,140.15,23.21,30.09,1.97,66.22
5107A,2026-02-10 21:00:00,46,29.0,31.77,7.46,30.43,0.62,68.45
1101A,2026-02-10 22:00:00,69,36.03,49.02,24.3,44.93,1.07,57.66
1102A,2026-02-10 22:00:00,132,85.29,111.5,23.12,26.47,0.95,100.82
1103A,2026-02-10 22:00:00,170,101.33,147.13,5.05,22.94,1.28,91.89
1104A,2026-02-10 22:00:00,130,77.25,96.33,15.5,18.13,0.8,77.29
1105A,2026-02-10 22:00:00,108,70.33,79.1,6.15,20.63,1.48,53.56
1106A,2026-02-10 22:00:00,92,58.33,81.49,19.44,36.98,0.67,94.56
1107A,2026-02-10 22:00:00,88,58.38,56.51,21.92,44.24,1.73,71.0
1108A,2026-02-10 22:00:00,70,49.1,62.8,28.42,42.5,1.78,36.92
1109A,2026-02-10 22:00:00,182,102.05,159.66,10.07,41.03,1.34,42.95
1201A,2026-02-10 22:00:00,136,82.25,107.26,8.97,22.1,2.12,102.85
1202A,2026-02-10 22:00:00,32,22.57,30.79,27.44,15.05,0.8,90.99
1203A,2026-02-10 22:00:00,71,42.99,65.52,10.6,30.02,1.46,74.38
1204A,2026-02-10 22:00:00,36,27.54,31.79,10.1,29.55,1.25,89.1
4401A,2026-02-10 22:00:00,154,97.5,132.08,6.34,32.44,0.83,49.61
4402A,2026-02-10 22:00:00,65,42.72,61.59,18.76,20.23,0.85,31.79
4403A,2026-02-10 22:00:00,81,39.13,65.07,20.99,25.6,0.63,32.63
4404A,2026-02-10 22:00:00,100,52.73,78.33,18.23,27.09,1.96,22.57
4405A,2026-02-10 22:00:00,45,33.17,38.21,20.29,27.24,1.05,45.33
4406A,2026-02-10 22:00:00,178,99.3,134.87,27.98,38.6,0.64,22.1
4407A,2026-02-10 22:00:00,157,94.48,138.04,15.33,18.35,1.27,94.45
4408A,2026-02-10 22:00:00,161,88.99,120.1,10.82,31.98,0.93,92.89
4409A,2026-02-10 22:00:00,119,68.85,104.83,21.92,17.04,1.91,98.6
4401B,2026-02-10 22:00:00,162,99.59,117.52,11.56,30.38,0.63,61.39
4402B,2026-02-10 22:00:00,35,14.07,24.18,12.15,15.4,1.9,67.04
4403B,2026-02-10 22:00:00,164,89.3,120.05,25.93,24.07,1.81,103.8
4404B,2026-02-10 22:00:00,70,41.02,50.61,9.78,22.17,1.21,32.02
4405B,2026-02-10 22:00:00,50,37.17,46.36,6.5,48.52,1.67,117.91
4406B,2026-02-10 22:00:00,123,64.48,92.27,18.08,34.21,1.93,84.99
5101A,2026-02-10 22:00:00,105,66.18,84.56,8.52,28.39,2.12,55.59
5102A,2026-02-10 22:00:00,186,113.3,144.85,10.17,31.27,2.4,91.18
5103A,2026-02-10 22:00:00,68,48.08,48.05,26.36,48.15,2.0,72.26
5104A,2026-02-10 22:00:00,124,77.8,101.71,14.54,30.5,0.84,85.18
5105A,2026-02-10 22:00:00,55,37.81,39.98,9.07,44.62,1.15,44.62
5106A,2026-02-10 22:00:00,138,83.3,98.19,6.59,26.75,0.86,95.18
5107A,2026-02-10 22:00:00,105,55.09,87.16,12.52,47.98,0.64,65.01
1101A,2026-02-10 23:00:00,177,107.8,145.85,15.21,35.79,0.96,109.96
1102A,2026-02-10 23:00:00,183,116.96,144.16,25.0,18.73,0.81,40.75
1103A,2026-02-10 23:00:00,36,29.54,33.25,27.69,33.47,1.42,94.32
1104A,2026-02-10 23:00:00,72,41.27,47.89,21.17,43.41,2.06,35.28
1105A,2026-02-10 23:00:00,171,99.22,138.51,23.47,16.83,1.34,117.62
1106A,2026-02-10 23:00:00,155,98.71,131.17,13.5,17.14,1.54,84.34
1107A,2026-02-10 23:00:00,104,70.77,84.31,5.72,31.24,2.37,103.27
1108A,2026-02-10 23:00:00,52,31.54,54.13,26.39,41.11,2.0,85.24
1109A,2026-02-10 23:00:00,56,37.68,37.78,25.36,49.15,1.73,21.82
1201A,2026-02-10 23:00:00,158,87.99,120.81,24.55,40.17,2.12,83.37
1202A,2026-02-10 23:00:00,62,45.62,59.64,10.77,20.15,1.49,75.97
1203A,2026-02-10 23:00:00,66,42.62,47.77,17.07,20.0,2.44,25.07
1204A,2026-02-10 23:00:00,108,73.03,89.4,27.48,33.15,1.73,31.14
4401A,2026-02-10 23:00:00,51,37.13,36.86,7.28,43.12,2.46,65.81
4402A,2026-02-10 23:00:00,127,81.3,110.16,22.43,48.15,0.72,93.96
4403A,2026-02-10 23:00:00,45,24.49,33.99,14.24,28.18,0.81,45.14
4404A,2026-02-10 23:00:00,135,79.75,101.38,17.99,16.85,2.0,39.29
4405A,2026-02-10 23:00:00,104,67.19,84.45,6.58,48.7,0.86,58.91
4406A,2026-02-10 23:00:00,61,45.49,34.17,9.74,37.74,1.14,119.57
4407A,2026-02-10 23:00:00,150,82.43,116.14,16.37,41.25,1.84,107.92
4408A,2026-02-10 23:00:00,172,107.79,150.03,26.18,42.97,1.57,48.45
4409A,2026-02-10 23:00:00,125,79.26,104.2,14.29,29.01,1.69,40.12
4401B,2026-02-10 23:00:00,65,31.98,46.41,22.09,27.7,2.23,82.26
4402B,2026-02-10 23:00:00,115,76.72,82.15,17.38,22.94,1.15,20.34
4403B,2026-02-10 23:00:00,179,107.06,150.16,18.64,38.38,2.19,91.5
4404B,2026-02-10 23:00:00,95,63.23,87.95,15.24,45.88,1.83,21.03
4405B,2026-02-10 23:00:00,158,95.19,135.74,14.77,40.47,2.1,73.9
4406B,2026-02-10 23:00:00,70,34.08,49.95,27.87,48.62,1.65,110.02
5101A,2026-02-10 23:00:00,171,100.04,135.53,29.66,47.31,1.19,68.34
5102A,2026-02-10 23:00:00,36,30.38,29.43,22.83,16.3,1.44,55.64
5103A,2026-02-10 23:00:00,168,97.63,120.46,17.55,15.33,0.51,70.09
5104A,2026-02-10 23:00:00,122,78.08,98.33,20.66,21.69,0.84,78.18
5105A,2026-02-10 23:00:00,127,80.9,93.35,25.89,28.51,1.84,35.1
5106A,2026-02-10 23:00:00,68,33.98,47.85,15.23,24.57,1.36,112.1
5107A,2026-02-10 23:00:00,176,110.9,143.28,15.83,29.01,0.77,86.37
1101A,2026-02-11 00:00:00,144,94.11,119.82,18.26,24.1,0.66,25.66
1102A,2026-02-11 00:00:00,53,38.02,51.67,10.1,43.4,1.93,55.96
1103A,2026-02-11 00:00:00,170,101.68,139.0,11.89,32.11,1.15,60.06
1104A,2026-02-11 00:00:00,171,100.42,131.74,17.23,34.03,1.17,86.06
1105A,2026-02-11 00:00:00,145,95.52,125.94,19.07,44.15,2.13,43.77
1106A,2026-02-11 00:00:00,66,30.09,44.4,8.37,22.32,2.39,71.84
1107A,2026-02-11 00:00:00,48,37.72,42.46,28.6,24.52,1.94,66.07
1108A,2026-02-11 00:00:00,84,42.61,66.77,23.82,18.22,1.73,94.72
1109A,2026-02-11 00:00:00,70,33.98,56.11,8.84,36.17,1.94,32.98
1201A,2026-02-11 00:00:00,116,66.2,100.99,25.05,30.15,2.22,37.05
1202A,2026-02-11 00:00:00,98,55.91,67.65,22.54,24.33,1.78,73.38
1203A,2026-02-11 00:00:00,170,94.24,125.78,5.35,31.04,1.27,29.22
1204A,2026-02-11 00:00:00,74,41.87,66.0,10.15,39.46,1.01,61.07
4401A,2026-02-11 00:00:00,102,60.79,76.19,7.6,32.02,0.87,85.3
4402A,2026-02-11 00:00:00,43,32.14,26.78,19.35,36.89,2.4,113.18
4403A,2026-02-11 00:00:00,40,24.37,36.25,5.58,37.95,2.34,64.18
4404A,2026-02-11 00:00:00,166,103.04,144.36,29.26,43.9,1.35,112.88
4405A,2026-02-11 00:00:00,107,66.8,86.02,20.72,43.15,1.71,76.75
4406A,2026-02-11 00:00:00,70,39.81,42.98,20.85,48.2,0.67,93.56
4407A,2026-02-11 00:00:00,146,96.02,111.67,29.3,31.91,1.23,30.73
4408A,2026-02-11 00:00:00,107,71.08,91.16,8.79,40.05,0.75,39.58
4409A,2026-02-11 00:00:00,169,109.93,126.08,12.09,39.85,0.51,61.29
4401B,2026-02-11 00:00:00,93,60.0,68.49,10.05,48.12,2.3,64.19
4402B,2026-02-11 00:00:00,65,42.24,64.54,16.29,20.39,0.57,89.68
4403B,2026-02-11 00:00:00,142,84.99,113.56,26.35,37.03,2.1,56.33
4404B,2026-02-11 00:00:00,138,75.45,102.02,15.96,16.96,1.3,56.85
4405B,2026-02-11 00:00:00,172,101.85,137.98,6.95,16.57,1.99,119.09
4406B,2026-02-11 00:00:00,165,103.15,140.94,8.74,37.67,0.94,22.57
5101A,2026-02-11 00:00:00,38,14.22,30.08,15.15,27.69,2.24,28.59
5102A,2026-02-11 00:00:00,30,25.31,21.13,15.34,31.51,0.64,108.67
5103A,2026-02-11 00:00:00,119,69.97,101.01,19.45,45.91,1.4,97.6
5104A,2026-02-11 00:00:00,52,35.74,40.81,5.66,47.76,1.79,119.31
5105A,2026-02-11 00:00:00,62,42.97,40.13,27.87,27.35,1.44,64.0
5106A,2026-02-11 00:00:00,172,94.66,148.81,27.7,29.79,2.07,28.51
5107A,2026-02-11 00:00:00,51,21.73,44.28,16.25,28.51,1.73,68.85
1101A,2026-02-11 01:00:00,116,61.37,97.58,7.24,16.8,1.54,55.87
1102A,2026-02-11 01:00:00,118,68.28,81.26,19.29,40.26,0.52,67.63
1103A,2026-02-11 01:00:00,104,63.19,81.35,7.75,22.48,1.04,93.03
1104A,2026-02-11 01:00:00,114,67.86,82.54,8.16,48.56,1.02,28.78
1105A,2026-02-11 01:00:00,64,44.51,52.8,19.53,45.12,1.19,77.73
1106A,2026-02-11 01:00:00,84,50.11,72.2,18.37,33.27,1.43,95.27
1107A,2026-02-11 01:00:00,148,88.88,127.45,13.72,29.3,0.61,65.16
1108A,2026-02-11 01:00:00,37,18.4,37.05,7.99,28.19,0.87,76.64
1109A,2026-02-11 01:00:00,152,87.1,112.39,26.93,40.43,2.25,88.78
1201A,2026-02-11 01:00:00,57,32.52,56.45,27.93,48.39,1.01,104.53
1202A,2026-02-11 01:00:00,150,97.4,112.68,27.52,29.31,2.06,21.79
1203A,2026-02-11 01:00:00,146,96.73,128.11,5.84,45.32,1.82,46.08
1204A,2026-02-11 01:00:00,57,32.76,50.19,18.07,37.33,1.48,54.89
4401A,2026-02-11 01:00:00,74,45.15,54.38,19.56,43.59,0.87,75.79
4402A,2026-02-11 01:00:00,38,17.63,23.58,5.82,40.89,1.44,104.23
4403A,2026-02-11 01:00:00,136,77.91,107.29,27.42,41.05,0.54,91.71
4404A,2026-02-11 01:00:00,160,100.13,121.68,29.05,46.02,2.17,70.89
4405A,2026-02-11 01:00:00,110,75.61,92.71,21.85,47.98,1.42,79.17
4406A,2026-02-11 01:00:00,130,74.12,109.03,28.24,15.69,2.09,79.07
4407A,2026-02-11 01:00:00,173,112.06,133.3,20.74,49.78,2.13,38.87
4408A,2026-02-11 01:00:00,89,47.13,70.78,14.7,17.71,0.9,76.23
4409A,2026-02-11 01:00:00,111,69.98,94.01,18.09,46.13,0.56,105.42
4401B,2026-02-11 01:00:00,58,33.35,41.77,25.81,20.37,1.16,52.62
4402B,2026-02-11 01:00:00,49,26.42,45.42,24.86,17.44,2.06,56.99
4403B,2026-02-11 01:00:00,161,99.8,118.69,5.44,25.41,1.33,59.05
4404B,2026-02-11 01:00:00,144,84.22,101.76,24.25,46.78,0.79,48.78
4405B,2026-02-11 01:00:00,141,84.42,99.93,29.02,46.16,1.21,86.02
4406B,2026-02-11 01:00:00,172,106.67,150.4,12.52,40.07,1.84,68.29
5101A,2026-02-11 01:00:00,126,69.43,99.73,11.16,27.9,0.75,44.53
5102A,2026-02-11 01:00:00,168,92.52,121.13,19.98,22.34,1.38,21.47
5103A,2026-02-11 01:00:00,57,26.36,56.25,26.37,32.57,1.34,94.24
5104A,2026-02-11 01:00:00,49,22.45,28.37,9.32,22.74,2.19,60.13
5105A,2026-02-11 01:00:00,91,53.92,69.11,12.3,35.6,2.28,93.88
5106A,2026-02-11 01:00:00,142,88.14,120.69,22.62,35.17,2.16,22.02
5107A,2026-02-11 01:00:00,94,64.67,63.68,12.47,40.25,2.06,83.87
1101A,2026-02-11 02:00:00,71,37.5,68.83,21.58,29.84,0.51,89.1
1102A,2026-02-11 02:00:00,84,42.22,65.86,26.58,43.03,1.42,62.63
1103A,2026-02-11 02:00:00,89,53.78,56.31,20.98,39.15,1.13,105.03
1104A,2026-02-11 02:00:00,50,27.39,30.02,5.11,43.85,1.09,49.44
1105A,2026-02-11 02:00:00,44,32.4,46.01,14.29,18.28,1.47,108.14
1106A,2026-02-11 02:00:00,149,95.37,126.04,21.26,33.68,0.57,49.06
1107A,2026-02-11 02:00:00,164,102.54,140.23,12.65,26.51,1.66,59.98
1108A,2026-02-11 02:00:00,73,46.53,60.53,9.61,38.34,2.3,85.77
1109A,2026-02-11 02:00:00,129,73.98,88.93,19.42,30.19,1.44,22.89
1201A,2026-02-11 02:00:00,165,96.26,117.05,6.02,20.87,2.26,100.98
1202A,2026-02-11 02:00:00,122,70.68,100.67,17.49,24.65,0.5,40.09
1203A,2026-02-11 02:00:00,155,96.92,116.09,5.23,19.55,2.12,92.91
1204A,2026-02-11 02:00:00,51,32.48,47.66,8.23,21.55,1.47,54.82
4401A,2026-02-11 02:00:00,52,21.94,55.42,8.17,31.65,2.42,51.72
4402A,2026-02-11 02:00:00,64,32.05,60.74,12.48,48.13,1.43,73.38
4403A,2026-02-11 02:00:00,124,76.91,105.78,13.11,20.68,2.15,51.75
4404A,2026-02-11 02:00:00,123,69.11,97.68,20.66,26.6,1.07,24.33
4405A,2026-02-11 02:00:00,33,11.4,35.02,17.37,18.94,2.29,99.91
4406A,2026-02-11 02:00:00,66,44.02,62.04,8.25,42.64,1.14,61.71
4407A,2026-02-11 02:00:00,69,36.73,60.57,23.8,15.19,1.59,81.01
4408A,2026-02-11 02:00:00,109,68.62,83.66,12.46,35.93,1.64,68.03
4409A,2026-02-11 02:00:00,76,37.12,67.78,20.75,24.92,1.05,61.48
4401B,2026-02-11 02:00:00,61,37.46,62.06,21.63,23.99,1.36,30.66
4402B,2026-02-11 02:00:00,120,63.94,104.93,25.05,28.7,2.44,71.36
4403B,2026-02-11 02:00:00,57,37.65,47.6,11.1,31.3,0.72,95.99
4404B,2026-02-11 02:00:00,89,59.82,58.18,23.21,15.58,1.28,83.64
4405B,2026-02-11 02:00:00,114,71.4,84.94,7.74,44.36,1.75,114.64
4406B,2026-02-11 02:00:00,177,108.24,139.24,23.61,31.02,1.0,33.86
5101A,2026-02-11 02:00:00,151,94.56,131.38,12.7,25.66,0.93,70.12
5102A,2026-02-11 02:00:00,45,33.85,34.5,20.58,39.07,1.94,56.61
5103A,2026-02-11 02:00:00,49,22.44,48.0,28.61,43.75,0.97,109.11
5104A,2026-02-11 02:00:00,82,49.75,56.01,12.87,49.16,2.12,45.89
5105A,2026-02-11 02:00:00,135,75.09,106.13,9.36,16.94,2.2,41.73
5106A,2026-02-11 02:00:00,111,60.65,76.44,9.76,36.08,1.01,78.9
5107A,2026-02-11 02:00:00,55,37.63,36.75,27.21,48.43,2.2,58.65
1101A,2026-02-11 03:00:00,121,68.53,107.16,14.68,45.35,0.61,55.34
1102A,2026-02-11 03:00:00,39,21.31,21.11,20.09,37.37,0.73,67.92
1103A,2026-02-11 03:00:00,105,71.81,74.93,25.45,34.8,2.06,37.54
1104A,2026-02-11 03:00:00,110,62.43,89.3,27.69,41.83,0.68,113.05
1105A,2026-02-11 03:00:00,39,26.68,25.81,17.2,24.83,1.26,77.13
1106A,2026-02-11 03:00:00,132,80.61,107.43,21.48,49.37,1.22,109.54
1107A,2026-02-11 03:00:00,136,76.46,98.5,13.86,21.29,1.01,26.0
1108A,2026-02-11 03:00:00,174,111.04,126.87,15.02,39.88,1.99,46.15
1109A,2026-02-11 03:00:00,72,50.76,72.38,13.05,33.13,1.99,34.88
1201A,2026-02-11 03:00:00,89,44.26,57.17,5.98,15.94,1.03,53.39
1202A,2026-02-11 03:00:00,46,18.43,33.06,17.53,32.55,1.21,116.51
1203A,2026-02-11 03:00:00,151,84.8,117.58,13.28,40.69,2.32,90.14
1204A,2026-02-11 03:00:00,78,40.85,63.05,27.06,24.69,2.43,75.17
4401A,2026-02-11 03:00:00,112,77.19,78.48,11.16,47.77,0.92,62.61
4402A,2026-02-11 03:00:00,121,70.43,84.59,13.95,21.17,0.85,29.23
4403A,2026-02-11 03:00:00,181,115.53,148.84,10.96,44.53,0.94,113.18
4404A,2026-02-11 03:00:00,125,69.51,106.68,21.77,48.38,1.2,35.16
4405A,2026-02-11 03:00:00,116,71.68,99.24,17.72,34.87,1.55,115.63
4406A,2026-02-11 03:00:00,137,89.72,112.11,21.47,35.63,0.93,66.4
4407A,2026-02-11 03:00:00,129,71.05,102.71,11.5,35.57,0.61,55.3
4408A,2026-02-11 03:00:00,123,73.98,106.66,14.92,27.82,1.46,50.1
4409A,2026-02-11 03:00:00,50,32.65,41.81,14.99,40.75,1.57,94.48
4401B,2026-02-11 03:00:00,135,89.24,97.73,17.02,47.92,0.98,41.08
4402B,2026-02-11 03:00:00,111,74.48,88.6,6.74,47.34,0.52,45.65
4403B,2026-02-11 03:00:00,48,35.14,45.54,27.09,23.76,2.34,63.54
4404B,2026-02-11 03:00:00,111,59.87,95.25,22.74,24.6,2.44,27.02
4405B,2026-02-11 03:00:00,162,99.14,140.7,21.61,32.03,1.88,45.91
4406B,2026-02-11 03:00:00,161,101.13,136.53,12.74,24.83,1.92,80.86
5101A,2026-02-11 03:00:00,69,37.96,51.87,20.62,29.92,1.72,35.58
5102A,2026-02-11 03:00:00,88,44.66,74.23,10.79,20.99,0.88,118.49
5103A,2026-02-11 03:00:00,118,71.52,95.03,6.62,29.41,2.49,91.43
5104A,2026-02-11 03:00:00,116,68.88,79.86,12.25,18.16,1.28,110.2
5105A,2026-02-11 03:00:00,63,37.75,53.44,27.64,18.28,1.3,107.94
5106A,2026-02-11 03:00:00,190,104.83,155.37,27.31,25.27,1.92,46.82
5107A,2026-02-11 03:00:00,154,90.34,121.47,9.26,23.61,1.53,95.41
1101A,2026-02-11 04:00:00,56,29.08,34.4,9.0,42.14,1.06,114.16
1102A,2026-02-11 04:00:00,181,113.74,139.14,29.4,32.54,1.11,102.56
1103A,2026-02-11 04:00:00,42,26.3,44.34,19.29,20.46,1.14,45.0
1104A,2026-02-11 04:00:00,148,88.45,123.58,10.69,45.73,1.79,81.73
1105A,2026-02-11 04:00:00,141,87.75,124.86,10.27,23.51,1.91,67.39
1106A,2026-02-11 04:00:00,189,103.43,143.69,8.71,35.5,2.42,42.98
1107A,2026-02-11 04:00:00,60,32.84,50.36,20.82,35.73,2.06,60.5
1108A,2026-02-11 04:00:00,83,40.08,69.78,13.02,16.24,0.79,62.8
1109A,2026-02-11 04:00:00,57,33.41,37.35,13.47,18.27,2.18,117.24
1201A,2026-02-11 04:00:00,174,94.49,138.09,17.72,25.52,0.56,75.25
1202A,2026-02-11 04:00:00,33,10.16,36.98,24.36,45.16,0.8,26.93
1203A,2026-02-11 04:00:00,173,98.14,127.62,22.42,23.16,2.11,96.53
1204A,2026-02-11 04:00:00,100,63.57,92.76,8.98,47.36,2.31,26.95
4401A,2026-02-11 04:00:00,93,60.73,65.4,29.94,42.83,1.62,30.46
4402A,2026-02-11 04:00:00,173,104.53,138.33,14.12,33.75,1.17,75.96
4403A,2026-02-11 04:00:00,85,57.92,64.02,10.58,48.08,1.07,106.92
4404A,2026-02-11 04:00:00,122,68.42,88.25,26.14,20.41,0.86,80.89
4405A,2026-02-11 04:00:00,56,37.27,42.89,11.8,25.22,2.15,44.66
4406A,2026-02-11 04:00:00,170,105.3,131.68,25.31,26.18,1.57,31.92
4407A,2026-02-11 04:00:00,93,52.28,80.53,7.93,24.52,0.88,108.42
4408A,2026-02-11 04:00:00,68,46.36,47.39,22.23,26.83,2.0,79.49
4409A,2026-02-11 04:00:00,167,93.77,142.58,20.88,22.27,1.44,26.38
4401B,2026-02-11 04:00:00,92,57.76,75.55,29.65,35.98,1.11,110.42
4402B,2026-02-11 04:00:00,149,84.05,110.32,12.13,27.82,1.16,105.43
4403B,2026-02-11 04:00:00,147,98.0,130.18,8.71,39.07,0.98,21.24
4404B,2026-02-11 04:00:00,146,97.23,103.08,17.63,19.75,0.54,81.33
4405B,2026-02-11 04:00:00,47,33.68,31.03,8.68,25.17,1.6,50.36
4406B,2026-02-11 04:00:00,168,103.26,126.1,27.16,25.16,2.06,74.06
5101A,2026-02-11 04:00:00,143,88.53,111.42,16.87,49.09,0.61,101.56
5102A,2026-02-11 04:00:00,53,38.17,33.84,21.98,36.84,2.11,20.05
5103A,2026-02-11 04:00:00,74,52.06,46.67,25.77,33.81,1.9,64.61
5104A,2026-02-11 04:00:00,34,21.53,17.53,6.71,34.19,0.9,34.22
5105A,2026-02-11 04:00:00,68,48.51,64.0,20.74,42.98,1.72,36.32
5106A,2026-02-11 04:00:00,66,47.65,51.01,25.73,42.17,0.91,108.72
5107A,2026-02-11 04:00:00,137,90.68,94.62,19.79,30.98,1.79,103.88
1101A,2026-02-11 05:00:00,73,46.4,51.82,14.04,41.03,0.73,93.01
1102A,2026-02-11 05:00:00,41,16.9,27.1,24.46,34.85,2.23,119.78
1103A,2026-02-11 05:00:00,144,95.65,122.7,6.23,26.85,0.9,77.47
1104A,2026-02-11 05:00:00,76,37.72,73.07,6.0,45.58,0.65,89.09
1105A,2026-02-11 05:00:00,79,40.72,51.4,26.04,19.14,0.54,33.75
1106A,2026-02-11 05:00:00,121,75.66,104.67,26.43,44.71,2.06,43.41
1107A,2026-02-11 05:00:00,176,99.33,129.68,27.06,16.33,2.4,86.91
1108A,2026-02-11 05:00:00,81,56.47,67.61,24.5,42.08,1.8,43.75
1109A,2026-02-11 05:00:00,149,86.24,115.98,9.98,24.96,2.28,87.08
1201A,2026-02-11 05:00:00,39,24.36,27.74,26.65,47.8,2.01,107.95
1202A,2026-02-11 05:00:00,167,108.61,135.71,12.7,48.8,1.48,26.46
1203A,2026-02-11 05:00:00,130,68.33,103.24,24.37,24.38,1.65,93.26
1204A,2026-02-11 05:00:00,60,44.48,54.16,8.56,37.38,0.62,59.97
4401A,2026-02-11 05:00:00,195,111.78,145.14,18.19,41.56,1.93,20.1
4402A,2026-02-11 05:00:00,174,105.73,148.1,26.44,45.92,2.26,72.57
4403A,2026-02-11 05:00:00,104,52.71,96.42,29.96,44.15,2.09,90.73
4404A,2026-02-11 05:00:00,115,68.53,106.07,15.66,16.55,2.21,35.07
4405A,2026-02-11 05:00:00,140,78.76,111.97,6.55,27.23,0.93,33.27
4406A,2026-02-11 05:00:00,67,45.16,68.09,14.93,33.88,0.53,86.07
4407A,2026-02-11 05:00:00,164,98.93,131.21,25.08,15.05,1.93,46.83
4408A,2026-02-11 05:00:00,49,21.61,38.58,7.35,34.8,0.97,98.54
4409A,2026-02-11 05:00:00,151,90.53,113.29,12.48,24.67,1.6,34.8
4401B,2026-02-11 05:00:00,37,22.4,42.03,16.57,18.85,2.4,97.83
4402B,2026-02-11 05:00:00,141,82.82,123.16,10.83,49.13,1.26,46.69
4403B,2026-02-11 05:00:00,192,112.81,159.28,10.75,43.04,2.22,62.96
4404B,2026-02-11 05:00:00,39,30.21,23.05,23.7,45.3,1.35,105.19
4405B,2026-02-11 05:00:00,105,59.19,69.71,27.74,40.82,2.37,77.38
4406B,2026-02-11 05:00:00,173,104.4,127.25,6.5,15.38,0.54,109.95
5101A,2026-02-11 05:00:00,36,22.93,41.0,15.7,25.98,2.23,27.27
5102A,2026-02-11 05:00:00,136,86.34,96.06,9.21,24.91,0.71,38.04
5103A,2026-02-11 05:00:00,195,110.31,155.83,17.64,23.46,1.69,83.44
5104A,2026-02-11 05:00:00,67,40.12,56.87,21.65,21.78,2.42,116.59
5105A,2026-02-11 05:00:00,42,24.22,22.2,16.59,24.86,1.29,70.74
5106A,2026-02-11 05:00:00,40,16.15,41.47,20.98,29.32,0.68,22.45
5107A,2026-02-11 05:00:00,187,114.42,139.65,19.92,30.62,1.34,29.38
1101A,2026-02-11 06:00:00,39,28.14,22.41,18.76,48.96,1.39,57.76
1102A,2026-02-11 06:00:00,112,69.47,102.04,14.55,22.05,1.3,80.88
1103A,2026-02-11 06:00:00,158,95.95,120.17,28.47,30.13,2.0,59.06
1104A,2026-02-11 06:00:00,146,83.15,106.19,10.8,44.57,1.69,42.94
1105A,2026-02-11 06:00:00,81,52.73,78.07,15.43,32.59,0.73,48.79
1106A,2026-02-11 06:00:00,120,66.83,98.76,13.37,44.85,0.74,38.6
1107A,2026-02-11 06:00:00,109,73.27,94.44,7.21,35.38,0.51,20.55
1108A,2026-02-11 06:00:00,177,115.06,129.74,8.19,40.72,2.02,51.52
1109A,2026-02-11 06:00:00,198,120.77,166.98,27.21,45.53,1.3,28.92
1201A,2026-02-11 06:00:00,182,111.66,142.01,26.77,21.72,0.67,24.31
1202A,2026-02-11 06:00:00,152,92.87,128.73,29.83,33.7,1.61,117.96
1203A,2026-02-11 06:00:00,126,85.1,91.73,10.82,17.27,1.14,38.53
1204A,2026-02-11 06:00:00,188,119.54,158.04,16.89,23.85,0.81,88.14
4401A,2026-02-11 06:00:00,146,94.41,105.12,11.62,31.25,1.45,44.39
4402A,2026-02-11 06:00:00,79,41.59,66.88,11.72,29.84,2.01,39.56
4403A,2026-02-11 06:00:00,190,119.64,164.74,24.53,34.53,1.51,32.15
4404A,2026-02-11 06:00:00,180,102.74,134.3,7.91,28.96,1.64,80.18
4405A,2026-02-11 06:00:00,201,127.39,171.92,5.74,49.27,0.95,107.24
4406A,2026-02-11 06:00:00,129,83.81,111.31,29.6,49.85,1.79,108.59
4407A,2026-02-11 06:00:00,56,33.73,37.4,6.71,23.41,2.02,112.1
4408A,2026-02-11 06:00:00,34,17.97,18.68,5.26,36.05,2.42,75.57
4409A,2026-02-11 06:00:00,114,69.38,83.04,11.87,30.67,0.79,113.33
4401B,2026-02-11 06:00:00,175,111.91,137.84,14.82,27.52,1.05,88.35
4402B,2026-02-11 06:00:00,172,107.16,149.63,25.81,20.16,2.05,74.39
4403B,2026-02-11 06:00:00,103,67.18,95.27,16.95,33.56,2.39,20.83
4404B,2026-02-11 06:00:00,164,102.95,136.83,26.84,48.34,1.7,93.5
4405B,2026-02-11 06:00:00,181,104.62,136.99,26.13,49.46,1.75,84.14
4406B,2026-02-11 06:00:00,74,53.16,69.74,6.74,20.78,0.82,115.41
5101A,2026-02-11 06:00:00,46,33.79,34.68,7.61,20.32,1.1,39.96
5102A,2026-02-11 06:00:00,204,113.47,148.8,12.76,21.13,1.33,27.69
5103A,2026-02-11 06:00:00,164,95.05,121.08,14.97,31.2,1.39,47.72
5104A,2026-02-11 06:00:00,114,62.81,103.94,17.89,29.42,2.01,45.82
5105A,2026-02-11 06:00:00,114,72.52,78.17,20.9,38.35,1.67,76.83
5106A,2026-02-11 06:00:00,37,21.74,25.05,21.78,25.69,1.06,102.05
5107A,2026-02-11 06:00:00,82,57.84,53.44,5.51,43.16,1.03,64.26
1101A,2026-02-11 07:00:00,176,114.58,142.43,26.21,26.88,2.07,25.47
1102A,2026-02-11 07:00:00,102,52.8,88.95,13.76,40.19,2.24,79.82
1103A,2026-02-11 07:00:00,155,91.83,131.29,13.9,45.78,0.98,40.23
1104A,2026-02-11 07:00:00,148,88.88,120.78,14.09,45.33,2.2,65.22
1105A,2026-02-11 07:00:00,36,25.94,25.61,13.65,17.91,1.8,79.98
1106A,2026-02-11 07:00:00,62,33.56,48.01,28.77,45.56,1.93,107.78
1107A,2026-02-11 07:00:00,203,127.25,151.3,18.53,26.88,1.43,118.19
1108A,2026-02-11 07:00:00,76,54.96,70.92,6.29,42.76,2.37,58.92
1109A,2026-02-11 07:00:00,160,88.32,115.89,25.26,39.09,1.53,48.77
1201A,2026-02-11 07:00:00,192,111.44,144.22,21.32,36.93,1.37,29.21
1202A,2026-02-11 07:00:00,162,94.24,132.8,25.2,37.35,1.78,25.41
1203A,2026-02-11 07:00:00,177,112.47,132.2,14.28,20.96,1.87,100.29
1204A,2026-02-11 07:00:00,68,31.89,57.65,13.92,41.99,1.09,22.61
4401A,2026-02-11 07:00:00,158,89.97,124.16,27.38,24.92,1.35,47.96
4402A,2026-02-11 07:00:00,163,103.5,145.39,21.02,49.59,0.75,84.54
4403A,2026-02-11 07:00:00,51,25.54,38.08,5.81,41.79,2.21,73.48
4404A,2026-02-11 07:00:00,112,75.39,79.5,18.69,38.0,2.46,25.12
4405A,2026-02-11 07:00:00,209,132.49,173.29,25.25,24.17,0.63,29.16
4406A,2026-02-11 07:00:00,135,84.59,93.97,18.41,19.78,2.45,54.85
4407A,2026-02-11 07:00:00,108,55.5,84.59,5.19,34.45,0.54,49.14
4408A,2026-02-11 07:00:00,54,32.81,28.46,7.2,43.45,1.3,112.79
4409A,2026-02-11 07:00:00,122,77.02,93.68,14.57,42.0,2.15,119.52
4401B,2026-02-11 07:00:00,95,47.71,85.4,17.22,44.59,2.1,59.73
4402B,2026-02-11 07:00:00,132,73.77,112.41,12.47,22.33,1.8,74.67
4403B,2026-02-11 07:00:00,83,45.71,58.6,11.49,41.31,2.21,90.17
4404B,2026-02-11 07:00:00,165,89.0,135.65,15.36,16.9,2.28,63.95
4405B,2026-02-11 07:00:00,57,34.75,32.93,22.04,29.11,2.4,107.92
4406B,2026-02-11 07:00:00,124,70.2,98.4,11.03,33.07,1.94,33.47
5101A,2026-02-11 07:00:00,91,46.89,72.58,21.67,42.19,0.6,71.39
5102A,2026-02-11 07:00:00,200,112.22,148.49,10.02,31.22,1.06,36.3
5103A,2026-02-11 07:00:00,143,88.57,100.99,29.33,27.35,1.54,29.23
5104A,2026-02-11 07:00:00,148,97.82,117.24,26.09,18.32,1.66,87.41
5105A,2026-02-11 07:00:00,169,94.83,127.53,16.61,38.78,0.64,80.64
5106A,2026-02-11 07:00:00,66,38.81,47.88,17.83,15.63,1.29,67.65
5107A,2026-02-11 07:00:00,97,50.62,69.75,9.55,18.11,2.29,88.05
1101A,2026-02-11 08:00:00,180,106.35,137.21,11.88,33.32,2.29,65.99
1102A,2026-02-11 08:00:00,75,42.26,68.1,24.12,34.58,1.0,28.53
1103A,2026-02-11 08:00:00,147,94.8,108.78,19.65,36.59,1.13,116.67
1104A,2026-02-11 08:00:00,194,124.73,170.03,24.34,36.82,2.08,54.05
1105A,2026-02-11 08:00:00,38,13.52,17.35,24.44,29.01,2.15,67.97
1106A,2026-02-11 08:00:00,136,85.56,94.65,9.35,42.54,0.72,24.03
1107A,2026-02-11 08:00:00,44,34.77,37.66,15.25,37.78,0.53,91.92
1108A,2026-02-11 08:00:00,62,28.51,39.7,27.32,17.02,2.15,73.3
1109A,2026-02-11 08:00:00,103,67.98,74.12,15.95,41.7,1.56,81.84
1201A,2026-02-11 08:00:00,162,102.32,138.92,21.78,39.75,0.77,58.03
1202A,2026-02-11 08:00:00,202,124.73,156.15,9.54,36.62,1.56,31.13
1203A,2026-02-11 08:00:00,216,131.13,166.06,5.67,47.29,2.22,41.66
1204A,2026-02-11 08:00:00,162,96.28,127.38,19.52,49.64,0.87,28.33
4401A,2026-02-11 08:00:00,147,83.71,110.54,28.99,21.79,1.3,109.38
4402A,2026-02-11 08:00:00,57,41.37,41.25,5.79,22.94,1.62,36.3
4403A,2026-02-11 08:00:00,98,54.71,64.43,23.38,27.55,1.01,88.83
4404A,2026-02-11 08:00:00,189,118.74,154.68,14.73,40.61,2.15,34.43
4405A,2026-02-11 08:00:00,133,72.11,110.37,6.69,17.4,1.48,28.63
4406A,2026-02-11 08:00:00,180,98.51,138.43,18.95,44.42,1.85,47.57
4407A,2026-02-11 08:00:00,76,52.78,47.65,16.88,38.45,1.34,56.8
4408A,2026-02-11 08:00:00,216,124.13,161.01,6.93,30.65,2.49,80.9
4409A,2026-02-11 08:00:00,204,113.14,148.52,21.4,44.78,2.31,93.49
4401B,2026-02-11 08:00:00,121,76.67,105.35,23.85,40.96,0.56,44.4
4402B,2026-02-11 08:00:00,117,72.71,100.84,26.48,45.36,2.11,34.42
4403B,2026-02-11 08:00:00,121,81.71,96.66,5.57,17.92,1.41,55.95
4404B,2026-02-11 08:00:00,200,111.44,174.75,19.71,48.66,1.6,66.92
4405B,2026-02-11 08:00:00,40,15.18,45.9,23.09,15.62,1.58,35.18
4406B,2026-02-11 08:00:00,49,22.36,31.86,21.46,47.1,0.8,117.88
5101A,2026-02-11 08:00:00,115,66.7,93.22,27.24,25.19,0.71,88.08
5102A,2026-02-11 08:00:00,118,70.18,108.17,14.25,26.29,0.55,93.71
5103A,2026-02-11 08:00:00,79,40.59,67.97,13.56,20.95,0.58,69.9
5104A,2026-02-11 08:00:00,133,71.84,100.74,22.25,33.97,1.44,28.23
5105A,2026-02-11 08:00:00,123,73.97,107.26,7.27,47.54,2.11,89.07
5106A,2026-02-11 08:00:00,45,22.19,32.91,17.49,28.1,2.27,96.22
5107A,2026-02-11 08:00:00,94,62.35,79.83,14.71,35.36,1.76,105.71
1101A,2026-02-11 09:00:00,40,20.87,39.62,14.99,21.21,1.32,20.4
1102A,2026-02-11 09:00:00,151,84.57,110.32,8.35,25.44,2.49,37.97
1103A,2026-02-11 09:00:00,47,28.11,48.38,8.33,47.77,1.61,56.42
1104A,2026-02-11 09:00:00,85,59.81,59.48,25.31,44.33,1.66,28.18
1105A,2026-02-11 09:00:00,207,125.32,160.34,21.9,38.0,0.61,78.62
1106A,2026-02-11 09:00:00,74,51.6,52.98,23.23,35.88,0.93,84.21
1107A,2026-02-11 09:00:00,80,45.24,77.83,5.38,43.1,1.53,110.52
1108A,2026-02-11 09:00:00,112,70.35,94.94,23.34,25.03,2.43,64.6
1109A,2026-02-11 09:00:00,133,76.39,97.97,25.3,32.72,0.89,82.53
1201A,2026-02-11 09:00:00,89,62.29,75.02,29.86,26.52,2.0,75.26
1202A,2026-02-11 09:00:00,188,113.74,162.96,18.16,21.49,0.64,79.08
1203A,2026-02-11 09:00:00,55,32.46,55.02,19.21,31.92,0.7,54.92
1204A,2026-02-11 09:00:00,39,19.15,25.06,25.43,35.95,1.06,110.63
4401A,2026-02-11 09:00:00,46,35.45,37.48,27.73,16.98,0.82,108.55
4402A,2026-02-11 09:00:00,172,93.97,143.97,20.13,26.16,2.18,91.85
4403A,2026-02-11 09:00:00,196,120.83,157.01,6.16,22.67,2.37,55.48
4404A,2026-02-11 09:00:00,189,113.21,145.99,14.77,18.83,0.73,85.38
4405A,2026-02-11 09:00:00,170,105.41,125.82,7.89,34.14,2.49,116.96
4406A,2026-02-11 09:00:00,133,87.46,95.78,12.65,22.73,1.36,96.49
4407A,2026-02-11 09:00:00,191,114.82,162.52,15.22,49.75,2.42,24.46
4408A,2026-02-11 09:00:00,42,25.15,27.99,27.15,46.52,0.78,78.03
4409A,2026-02-11 09:00:00,86,46.17,54.2,16.69,22.98,1.28,104.12
4401B,2026-02-11 09:00:00,111,63.49,103.53,27.46,33.22,2.32,93.1
4402B,2026-02-11 09:00:00,86,54.56,57.93,13.9,31.21,1.01,85.53
4403B,2026-02-11 09:00:00,129,78.03,98.64,9.14,33.05,1.44,29.18
4404B,2026-02-11 09:00:00,105,72.12,70.45,24.96,22.31,1.94,99.54
4405B,2026-02-11 09:00:00,62,34.89,60.77,15.21,45.99,0.8,42.38
4406B,2026-02-11 09:00:00,178,111.99,147.67,20.15,38.25,1.57,47.74
5101A,2026-02-11 09:00:00,175,98.11,150.21,10.07,46.77,0.63,108.34
5102A,2026-02-11 09:00:00,36,26.39,38.51,16.05,34.9,1.84,92.1
5103A,2026-02-11 09:00:00,96,55.81,69.85,14.73,17.33,1.14,84.08
5104A,2026-02-11 09:00:00,196,120.66,164.64,9.71,29.42,0.85,31.05
5105A,2026-02-11 09:00:00,131,84.44,100.3,21.61,15.11,0.84,54.97
5106A,2026-02-11 09:00:00,138,73.32,102.24,20.96,38.14,1.1,91.98
5107A,2026-02-11 09:00:00,159,97.6,135.61,29.86,38.63,0.91,29.86
1101A,2026-02-11 10:00:00,87,56.06,57.48,28.58,18.96,1.69,98.04
1102A,2026-02-11 10:00:00,173,95.64,152.05,28.18,36.86,2.18,84.1
1103A,2026-02-11 10:00:00,142,86.02,125.14,21.56,27.54,0.68,70.19
1104A,2026-02-11 10:00:00,140,74.83,101.38,10.37,35.96,1.25,22.38
1105A,2026-02-11 10:00:00,203,112.38,153.67,24.87,43.3,2.06,46.24
1106A,2026-02-11 10:00:00,158,104.63,115.06,7.98,19.52,0.77,96.42
1107A,2026-02-11 10:00:00,175,95.01,143.67,24.62,17.0,0.54,30.37
1108A,2026-02-11 10:00:00,151,84.41,124.65,9.67,19.94,1.62,87.25
1109A,2026-02-11 10:00:00,141,90.38,106.51,7.41,33.26,1.92,96.17
1201A,2026-02-11 10:00:00,192,111.56,139.81,25.46,19.62,1.67,119.02
1202A,2026-02-11 10:00:00,202,125.82,172.89,13.45,24.72,1.75,37.6
1203A,2026-02-11 10:00:00,186,121.06,135.58,15.55,39.56,1.64,52.52
1204A,2026-02-11 10:00:00,68,48.48,41.35,6.63,23.3,0.66,100.24
4401A,2026-02-11 10:00:00,161,87.9,132.74,12.4,31.66,0.65,29.25
4402A,2026-02-11 10:00:00,155,101.52,123.56,24.41,17.85,0.77,27.84
4403A,2026-02-11 10:00:00,41,33.9,45.01,29.39,39.62,1.45,71.12
4404A,2026-02-11 10:00:00,207,125.31,167.79,19.29,38.32,1.24,48.17
4405A,2026-02-11 10:00:00,196,120.42,154.11,10.24,32.3,2.06,81.32
4406A,2026-02-11 10:00:00,206,126.92,158.99,27.1,37.97,1.38,77.39
4407A,2026-02-11 10:00:00,192,111.38,165.95,26.77,48.45,0.65,92.97
4408A,2026-02-11 10:00:00,165,90.99,140.96,20.23,32.07,1.49,70.75
4409A,2026-02-11 10:00:00,70,40.34,48.82,28.3,16.86,0.82,106.89
4401B,2026-02-11 10:00:00,201,121.44,156.35,22.46,47.18,1.55,43.8
4402B,2026-02-11 10:00:00,193,115.45,157.83,14.59,41.91,1.86,45.61
4403B,2026-02-11 10:00:00,87,56.67,69.08,23.29,22.82,1.22,48.51
4404B,2026-02-11 10:00:00,128,76.29,113.18,21.72,19.1,1.41,76.63
4405B,2026-02-11 10:00:00,70,33.75,51.97,14.31,47.8,0.64,28.99
4406B,2026-02-11 10:00:00,176,110.45,143.77,8.5,33.24,1.32,80.63
5101A,2026-02-11 10:00:00,147,87.07,121.43,13.33,32.46,2.21,45.08
5102A,2026-02-11 10:00:00,58,44.03,58.01,17.29,31.92,0.94,58.6
5103A,2026-02-11 10:00:00,126,83.2,91.28,29.75,30.67,1.85,43.73
5104A,2026-02-11 10:00:00,110,71.21,73.31,10.49,38.3,2.49,68.21
5105A,2026-02-11 10:00:00,220,137.69,179.11,9.31,37.54,0.65,80.83
5106A,2026-02-11 10:00:00,172,107.07,148.18,19.69,47.76,1.86,57.57
5107A,2026-02-11 10:00:00,92,52.8,76.97,25.67,27.67,0.93,69.39
1101A,2026-02-11 11:00:00,212,123.6,181.04,10.83,40.32,2.47,115.41
1102A,2026-02-11 11:00:00,164,101.91,133.15,18.07,49.9,1.26,104.43
1103A,2026-02-11 11:00:00,42,24.68,29.42,6.87,46.94,2.38,74.61
1104A,2026-02-11 11:00:00,54,27.46,39.78,9.11,38.24,1.08,104.11
1105A,2026-02-11 11:00:00,218,138.6,172.22,18.88,25.32,1.57,62.92
1106A,2026-02-11 11:00:00,77,42.09,72.78,27.58,48.17,2.27,30.51
1107A,2026-02-11 11:00:00,192,123.45,166.07,5.57,23.25,1.2,80.57
1108A,2026-02-11 11:00:00,207,117.33,171.14,20.96,15.4,1.15,96.78
1109A,2026-02-11 11:00:00,107,68.46,78.33,5.62,48.57,0.69,80.12
1201A,2026-02-11 11:00:00,57,38.06,55.37,5.55,17.69,1.24,27.15
1202A,2026-02-11 11:00:00,47,25.43,29.98,18.33,38.98,0.57,82.41
1203A,2026-02-11 11:00:00,215,128.26,169.1,18.86,29.97,1.95,115.3
1204A,2026-02-11 11:00:00,137,81.86,115.14,22.78,40.72,2.08,66.71
4401A,2026-02-11 11:00:00,117,71.39,83.14,11.05,42.04,1.8,46.38
4402A,2026-02-11 11:00:00,177,107.6,150.66,17.82,45.48,1.93,67.4
4403A,2026-02-11 11:00:00,138,83.5,101.7,6.73,33.96,0.97,82.25
4404A,2026-02-11 11:00:00,164,93.95,144.93,12.22,23.18,1.4,34.64
4405A,2026-02-11 11:00:00,151,91.71,133.79,5.65,29.22,2.23,50.46
4406A,2026-02-11 11:00:00,108,62.1,79.41,18.32,16.86,1.7,40.32
4407A,2026-02-11 11:00:00,131,85.67,100.54,25.17,38.69,0.67,68.91
4408A,2026-02-11 11:00:00,223,124.78,185.71,23.32,24.1,1.03,98.99
4409A,2026-02-11 11:00:00,207,117.64,169.92,5.67,45.03,2.37,50.96
4401B,2026-02-11 11:00:00,63,39.98,61.16,12.97,49.0,1.7,53.06
4402B,2026-02-11 11:00:00,77,43.81,71.03,13.28,32.11,1.44,85.56
4403B,2026-02-11 11:00:00,182,115.76,131.94,18.63,29.68,0.84,34.19
4404B,2026-02-11 11:00:00,85,57.61,72.06,14.78,29.42,2.3,57.01
4405B,2026-02-11 11:00:00,118,74.8,104.3,21.17,15.22,1.86,73.3
4406B,2026-02-11 11:00:00,229,143.21,179.49,17.59,37.46,1.69,91.14
5101A,2026-02-11 11:00:00,98,64.05,69.06,29.9,18.81,1.11,83.83
5102A,2026-02-11 11:00:00,63,40.44,57.18,27.82,27.88,0.79,57.56
5103A,2026-02-11 11:00:00,107,57.02,81.35,27.54,20.95,1.37,77.28
5104A,2026-02-11 11:00:00,84,40.7,70.65,20.37,39.06,2.05,68.39
5105A,2026-02-11 11:00:00,225,128.38,168.95,8.42,38.76,0.87,102.49
5106A,2026-02-11 11:00:00,100,63.61,84.27,22.51,32.51,1.87,80.48
5107A,2026-02-11 11:00:00,57,37.2,31.4,16.14,37.49,0.93,29.86
1101A,2026-02-11 12:00:00,84,40.79,78.59,25.74,48.78,1.1,76.19
1102A,2026-02-11 12:00:00,54,26.26,34.01,18.37,32.26,2.1,49.81
1103A,2026-02-11 12:00:00,174,113.94,139.34,13.54,25.1,1.85,25.94
1104A,2026-02-11 12:00:00,83,41.9,77.5,17.4,40.38,1.46,76.69
1105A,2026-02-11 12:00:00,128,76.23,98.43,6.68,38.24,2.34,34.24
1106A,2026-02-11 12:00:00,117,79.54,80.03,21.05,38.05,0.94,86.12
1107A,2026-02-11 12:00:00,46,29.42,45.01,22.56,44.45,1.21,66.52
1108A,2026-02-11 12:00:00,206,118.49,172.2,26.75,48.35,2.13,87.65
1109A,2026-02-11 12:00:00,209,123.22,170.82,13.69,18.13,0.62,58.32
1201A,2026-02-11 12:00:00,187,109.99,161.17,10.09,20.29,1.94,91.63
1202A,2026-02-11 12:00:00,85,42.2,78.4,14.16,48.09,1.21,71.51
1203A,2026-02-11 12:00:00,83,55.64,53.56,16.24,38.71,1.63,33.69
1204A,2026-02-11 12:00:00,171,108.49,130.01,5.92,34.6,0.67,71.8
4401A,2026-02-11 12:00:00,171,111.54,128.93,9.22,45.09,1.97,92.21
4402A,2026-02-11 12:00:00,140,91.11,114.85,22.97,39.05,1.5,60.53
4403A,2026-02-11 12:00:00,137,88.58,95.89,11.59,22.49,1.7,55.59
4404A,2026-02-11 12:00:00,65,48.08,45.25,6.18,49.92,1.64,26.28
4405A,2026-02-11 12:00:00,48,37.97,46.56,28.6,23.57,1.87,95.41
4406A,2026-02-11 12:00:00,66,39.64,62.64,23.93,29.29,2.37,35.79
4407A,2026-02-11 12:00:00,94,53.48,80.6,17.88,27.64,1.3,40.54
4408A,2026-02-11 12:00:00,119,66.83,103.37,12.44,35.92,1.06,60.96
4409A,2026-02-11 12:00:00,84,40.87,76.48,11.73,16.8,0.69,75.41
4401B,2026-02-11 12:00:00,109,65.91,89.08,24.11,29.03,1.44,50.4
4402B,2026-02-11 12:00:00,49,31.57,27.13,19.34,32.57,1.84,49.27
4403B,2026-02-11 12:00:00,215,129.26,165.39,13.98,34.77,2.06,70.15
4404B,2026-02-11 12:00:00,71,50.7,52.4,5.64,16.37,1.77,112.34
4405B,2026-02-11 12:00:00,145,94.89,120.05,13.99,31.55,1.53,36.1
4406B,2026-02-11 12:00:00,80,44.72,64.11,21.83,31.05,1.62,99.16
5101A,2026-02-11 12:00:00,228,135.02,183.28,23.08,29.5,1.73,57.16
5102A,2026-02-11 12:00:00,89,53.36,58.39,22.88,16.23,0.63,45.12
5103A,2026-02-11 12:00:00,124,82.75,102.2,13.36,32.72,1.8,21.71
5104A,2026-02-11 12:00:00,75,43.88,56.84,15.68,20.0,1.19,62.06
5105A,2026-02-11 12:00:00,128,76.59,102.31,20.87,15.71,0.9,118.21
5106A,2026-02-11 12:00:00,214,129.84,159.54,19.41,48.66,2.02,39.21
5107A,2026-02-11 12:00:00,169,104.57,138.71,10.22,38.13,2.3,117.96
1101A,2026-02-11 13:00:00,117,63.87,104.06,13.45,47.38,0.96,111.47
1102A,2026-02-11 13:00:00,51,37.09,44.23,23.56,40.28,1.77,63.31
1103A,2026-02-11 13:00:00,61,28.88,37.23,25.07,43.68,1.26,85.87
1104A,2026-02-11 13:00:00,91,58.44,74.15,28.16,16.4,0.87,32.98
1105A,2026-02-11 13:00:00,165,104.26,130.75,29.35,22.59,2.45,53.16
1106A,2026-02-11 13:00:00,200,120.64,146.2,24.28,18.23,1.66,70.57
1107A,2026-02-11 13:00:00,82,50.89,57.73,24.43,28.07,2.31,60.76
1108A,2026-02-11 13:00:00,202,113.04,175.19,15.57,17.72,0.77,41.53
1109A,2026-02-11 13:00:00,100,60.49,85.81,9.13,17.45,1.34,100.63
1201A,2026-02-11 13:00:00,48,35.31,48.32,16.86,49.17,2.34,34.3
1202A,2026-02-11 13:00:00,38,14.5,39.0,10.96,33.76,0.79,77.73
1203A,2026-02-11 13:00:00,144,77.57,120.94,25.24,35.7,0.68,90.59
1204A,2026-02-11 13:00:00,127,70.24,116.41,7.6,43.89,0.9,106.1
4401A,2026-02-11 13:00:00,126,67.93,107.39,14.42,34.99,2.03,117.32
4402A,2026-02-11 13:00:00,81,38.66,53.99,14.62,22.97,1.02,84.63
4403A,2026-02-11 13:00:00,223,131.79,168.79,14.46,25.84,2.37,33.92
4404A,2026-02-11 13:00:00,91,50.13,61.26,26.32,48.65,0.95,39.79
4405A,2026-02-11 13:00:00,160,105.46,131.0,18.18,18.67,2.08,47.88
4406A,2026-02-11 13:00:00,132,81.71,100.33,9.7,34.91,2.32,46.11
4407A,2026-02-11 13:00:00,156,94.66,131.26,12.04,34.74,2.21,60.83
4408A,2026-02-11 13:00:00,117,74.57,99.04,10.19,46.24,0.79,97.78
4409A,2026-02-11 13:00:00,150,97.52,110.85,28.09,32.72,0.83,67.15
4401B,2026-02-11 13:00:00,47,35.38,48.02,27.3,18.64,1.26,86.25
4402B,2026-02-11 13:00:00,116,60.62,91.38,29.91,43.64,2.27,100.24
4403B,2026-02-11 13:00:00,160,97.47,118.33,10.82,21.47,1.06,68.91
4404B,2026-02-11 13:00:00,167,104.99,122.18,24.1,19.24,1.89,77.74
4405B,2026-02-11 13:00:00,116,64.41,91.7,26.4,15.6,2.35,60.14
4406B,2026-02-11 13:00:00,178,105.09,155.29,25.9,38.57,1.28,38.04
5101A,2026-02-11 13:00:00,103,54.28,80.11,9.02,23.42,2.3,68.64
5102A,2026-02-11 13:00:00,67,35.19,57.24,21.39,41.23,2.23,93.49
5103A,2026-02-11 13:00:00,150,92.65,128.47,5.09,27.41,1.91,85.3
5104A,2026-02-11 13:00:00,173,97.35,133.69,20.26,34.73,2.13,36.96
5105A,2026-02-11 13:00:00,168,92.91,145.32,29.37,22.04,2.46,69.65
5106A,2026-02-11 13:00:00,51,25.04,27.53,14.83,36.5,1.53,91.86
5107A,2026-02-11 13:00:00,124,80.68,106.67,10.38,26.41,1.09,26.19
1101A,2026-02-11 14:00:00,131,83.76,107.03,21.28,48.68,0.84,37.96
1102A,2026-02-11 14:00:00,225,131.27,172.9,9.13,20.58,2.43,24.52
1103A,2026-02-11 14:00:00,77,39.06,60.69,21.66,43.61,2.03,22.66
1104A,2026-02-11 14:00:00,65,31.07,50.81,16.49,19.38,1.59,106.35
1105A,2026-02-11 14:00:00,160,97.78,126.11,20.37,47.5,1.59,34.73
1106A,2026-02-11 14:00:00,111,65.34,98.83,8.85,47.18,1.21,75.09
1107A,2026-02-11 14:00:00,52,35.82,51.0,27.75,26.99,1.68,60.7
1108A,2026-02-11 14:00:00,125,82.98,100.62,11.8,19.57,0.95,31.04
1109A,2026-02-11 14:00:00,196,112.25,160.26,18.85,32.15,0.97,87.79
1201A,2026-02-11 14:00:00,210,125.72,164.36,12.3,49.49,1.0,26.74
1202A,2026-02-11 14:00:00,198,124.14,157.5,14.09,46.84,1.02,113.27
1203A,2026-02-11 14:00:00,105,70.9,87.41,11.57,28.63,0.97,53.86
1204A,2026-02-11 14:00:00,152,92.46,128.95,26.72,41.99,1.94,59.18
4401A,2026-02-11 14:00:00,43,23.91,33.24,21.1,16.51,2.18,89.49
4402A,2026-02-11 14:00:00,210,134.82,177.03,19.54,21.99,1.63,117.79
4403A,2026-02-11 14:00:00,211,132.12,165.2,19.04,33.13,0.87,53.48
4404A,2026-02-11 14:00:00,46,27.54,31.31,9.75,42.24,1.89,106.97
4405A,2026-02-11 14:00:00,195,118.12,147.7,29.32,23.42,2.19,63.96
4406A,2026-02-11 14:00:00,65,36.7,58.17,16.69,24.02,0.97,58.26
4407A,2026-02-11 14:00:00,118,75.21,92.15,17.49,26.55,0.59,106.32
4408A,2026-02-11 14:00:00,72,44.78,67.21,17.54,32.74,1.41,78.87
4409A,2026-02-11 14:00:00,45,26.26,25.06,18.09,27.38,2.28,75.45
4401B,2026-02-11 14:00:00,125,70.21,94.79,27.78,38.56,1.27,42.25
4402B,2026-02-11 14:00:00,190,123.31,159.51,14.0,45.52,1.9,82.5
4403B,2026-02-11 14:00:00,86,41.68,70.73,6.34,26.06,1.13,113.31
4404B,2026-02-11 14:00:00,217,124.81,175.05,11.89,49.77,2.49,61.45
4405B,2026-02-11 14:00:00,72,52.49,72.44,22.44,29.43,1.7,24.07
4406B,2026-02-11 14:00:00,136,87.39,118.41,5.2,24.33,2.28,49.45
5101A,2026-02-11 14:00:00,127,66.77,92.89,13.21,38.51,1.67,22.27
5102A,2026-02-11 14:00:00,197,121.27,145.25,28.36,21.83,2.25,94.2
5103A,2026-02-11 14:00:00,110,67.22,98.81,20.36,19.81,2.44,61.46
5104A,2026-02-11 14:00:00,52,32.83,30.09,15.86,15.37,1.31,77.66
5105A,2026-02-11 14:00:00,63,42.79,52.86,15.41,19.32,1.36,58.13
5106A,2026-02-11 14:00:00,118,66.25,105.61,28.23,19.64,2.22,68.33
5107A,2026-02-11 14:00:00,207,129.04,161.35,8.99,43.55,0.66,108.36
1101A,2026-02-11 15:00:00,140,74.38,103.38,10.63,28.07,1.57,50.8
1102A,2026-02-11 15:00:00,127,74.6,94.54,12.49,49.32,1.81,66.5
1103A,2026-02-11 15:00:00,104,70.45,77.09,23.8,39.47,1.22,74.49
1104A,2026-02-11 15:00:00,158,95.35,137.02,13.47,30.44,0.54,90.65
1105A,2026-02-11 15:00:00,171,106.92,131.87,7.42,48.97,2.35,94.42
1106A,2026-02-11 15:00:00,218,123.38,167.58,14.55,36.71,1.81,80.46
1107A,2026-02-11 15:00:00,58,44.69,37.41,8.6,35.77,1.22,67.95
1108A,2026-02-11 15:00:00,211,127.33,162.06,21.11,40.23,0.78,59.7
1109A,2026-02-11 15:00:00,36,27.15,28.21,16.19,21.59,1.05,91.34
1201A,2026-02-11 15:00:00,151,85.07,113.31,11.33,36.8,0.74,41.45
1202A,2026-02-11 15:00:00,175,101.59,141.95,8.02,28.28,2.31,77.5
1203A,2026-02-11 15:00:00,203,125.43,169.43,8.06,41.16,2.06,64.97
1204A,2026-02-11 15:00:00,64,37.99,52.47,27.6,49.45,1.7,45.46
4401A,2026-02-11 15:00:00,164,90.99,132.08,28.47,27.49,1.59,62.41
4402A,2026-02-11 15:00:00,46,18.21,26.99,20.5,20.28,1.79,100.3
4403A,2026-02-11 15:00:00,162,92.39,116.71,18.67,15.8,2.32,38.63
4404A,2026-02-11 15:00:00,180,110.82,158.06,16.97,43.21,0.9,50.13
4405A,2026-02-11 15:00:00,49,31.73,29.37,6.55,38.8,0.76,34.07
4406A,2026-02-11 15:00:00,122,68.12,110.55,13.52,29.14,1.7,85.15
4407A,2026-02-11 15:00:00,110,59.73,75.91,6.61,48.63,1.63,28.72
4408A,2026-02-11 15:00:00,78,54.51,75.59,11.73,17.01,1.48,43.97
4409A,2026-02-11 15:00:00,118,65.53,84.33,26.94,32.3,1.96,88.78
4401B,2026-02-11 15:00:00,47,29.25,49.53,28.27,33.55,1.57,74.75
4402B,2026-02-11 15:00:00,183,106.69,147.77,11.13,34.63,1.1,60.81
4403B,2026-02-11 15:00:00,100,53.63,87.41,15.0,46.71,1.75,110.53
4404B,2026-02-11 15:00:00,113,69.71,86.49,12.5,41.46,0.51,117.39
4405B,2026-02-11 15:00:00,143,80.98,120.89,18.4,29.54,0.9,37.24
4406B,2026-02-11 15:00:00,98,59.96,68.83,28.22,38.03,1.77,65.64
5101A,2026-02-11 15:00:00,124,66.34,97.27,28.54,43.67,0.86,108.3
5102A,2026-02-11 15:00:00,214,138.1,181.78,27.47,48.28,1.4,107.84
5103A,2026-02-11 15:00:00,122,78.62,101.67,17.8,29.86,1.48,74.56
5104A,2026-02-11 15:00:00,122,77.83,93.87,8.77,17.2,1.19,104.84
5105A,2026-02-11 15:00:00,57,32.04,33.95,12.56,17.89,2.16,84.74
5106A,2026-02-11 15:00:00,63,41.34,54.92,16.68,41.28,1.08,104.54
5107A,2026-02-11 15:00:00,67,40.93,54.6,25.86,43.03,1.04,115.84
1101A,2026-02-11 16:00:00,74,46.09,69.01,12.94,22.29,0.96,64.83
1102A,2026-02-11 16:00:00,152,81.79,121.1,10.88,28.22,2.37,108.82
1103A,2026-02-11 16:00:00,38,20.33,32.03,11.94,26.52,1.5,69.21
1104A,2026-02-11 16:00:00,43,31.47,41.19,27.63,27.84,1.23,100.56
1105A,2026-02-11 16:00:00,46,28.51,50.02,17.76,17.83,1.08,36.86
1106A,2026-02-11 16:00:00,129,85.52,98.23,28.73,16.15,1.1,104.81
1107A,2026-02-11 16:00:00,175,96.16,125.01,29.72,22.2,0.91,116.42
1108A,2026-02-11 16:00:00,206,123.53,172.41,22.58,26.8,0.54,55.61
1109A,2026-02-11 16:00:00,58,44.49,54.1,13.07,24.55,1.63,75.74
1201A,2026-02-11 16:00:00,178,108.47,130.33,23.19,44.81,2.33,91.79
1202A,2026-02-11 16:00:00,43,26.25,38.83,19.13,23.95,0.63,52.8
1203A,2026-02-11 16:00:00,200,126.03,165.61,12.9,29.02,1.96,103.83
1204A,2026-02-11 16:00:00,121,67.53,83.88,28.36,41.98,1.32,50.59
4401A,2026-02-11 16:00:00,133,70.26,91.62,13.59,15.71,1.72,82.58
4402A,2026-02-11 16:00:00,67,47.7,60.79,17.02,24.29,2.13,58.84
4403A,2026-02-11 16:00:00,42,23.16,23.54,21.34,19.93,0.92,80.95
4404A,2026-02-11 16:00:00,116,73.8,89.9,6.94,15.45,2.31,74.24
4405A,2026-02-11 16:00:00,142,80.31,115.51,13.35,23.61,1.51,109.28
4406A,2026-02-11 16:00:00,141,93.99,99.24,5.44,41.94,2.06,107.81
4407A,2026-02-11 16:00:00,118,80.24,105.86,11.13,48.01,1.65,27.05
4408A,2026-02-11 16:00:00,202,120.9,163.45,26.02,30.7,2.15,89.57
4409A,2026-02-11 16:00:00,160,99.01,117.27,8.74,20.37,2.14,47.66
4401B,2026-02-11 16:00:00,45,19.23,50.24,9.73,20.26,1.38,28.18
4402B,2026-02-11 16:00:00,198,121.84,169.9,19.07,21.25,1.92,45.44
4403B,2026-02-11 16:00:00,160,91.64,128.46,17.91,38.15,0.61,58.94
4404B,2026-02-11 16:00:00,39,21.82,17.46,15.78,44.08,1.28,47.3
4405B,2026-02-11 16:00:00,207,132.15,179.68,19.9,29.06,1.39,87.15
4406B,2026-02-11 16:00:00,212,122.41,156.86,10.56,29.52,0.89,115.31
5101A,2026-02-11 16:00:00,124,69.02,98.1,20.14,40.51,1.22,34.82
5102A,2026-02-11 16:00:00,190,115.27,147.91,15.69,32.84,0.7,62.11
5103A,2026-02-11 16:00:00,147,88.89,114.83,18.7,20.01,0.72,48.25
5104A,2026-02-11 16:00:00,212,117.65,156.21,11.2,46.27,1.03,87.11
5105A,2026-02-11 16:00:00,187,116.7,160.81,6.15,21.0,0.6,90.59
5106A,2026-02-11 16:00:00,142,76.42,119.86,26.06,38.62,1.93,32.07
5107A,2026-02-11 16:00:00,86,54.28,58.07,15.22,43.14,1.0,42.22
1101A,2026-02-11 17:00:00,132,87.89,116.05,29.99,40.42,1.43,110.13
1102A,2026-02-11 17:00:00,124,81.69,103.03,12.3,21.39,1.71,82.66
1103A,2026-02-11 17:00:00,179,103.16,156.0,14.16,33.06,1.21,27.94
1104A,2026-02-11 17:00:00,150,98.46,129.04,5.38,15.54,0.94,41.86
1105A,2026-02-11 17:00:00,159,103.24,138.82,11.36,41.4,0.7,58.16
1106A,2026-02-11 17:00:00,125,66.08,106.3,27.83,27.29,2.31,77.27
1107A,2026-02-11 17:00:00,209,125.97,159.32,29.08,15.29,2.47,47.86
1108A,2026-02-11 17:00:00,156,93.36,127.9,7.95,39.04,1.25,55.52
1109A,2026-02-11 17:00:00,152,86.5,114.76,6.92,43.69,2.41,46.56
1201A,2026-02-11 17:00:00,157,91.11,119.97,24.19,40.63,0.91,106.55
1202A,2026-02-11 17:00:00,191,121.75,161.8,8.89,33.87,1.14,34.31
1203A,2026-02-11 17:00:00,116,65.27,94.69,22.38,37.65,0.5,29.32
1204A,2026-02-11 17:00:00,86,59.87,62.43,15.09,35.24,1.9,63.56
4401A,2026-02-11 17:00:00,82,39.43,75.46,11.94,19.99,1.83,45.42
4402A,2026-02-11 17:00:00,177,111.73,147.48,17.54,15.77,2.24,22.88
4403A,2026-02-11 17:00:00,71,41.14,41.87,12.98,45.14,1.58,90.34
4404A,2026-02-11 17:00:00,162,87.45,121.49,22.02,37.16,1.86,26.76
4405A,2026-02-11 17:00:00,122,70.39,87.1,24.15,22.9,0.93,23.05
4406A,2026-02-11 17:00:00,126,78.33,98.65,15.93,48.39,1.06,82.84
4407A,2026-02-11 17:00:00,168,94.11,137.96,11.2,18.58,1.41,103.23
4408A,2026-02-11 17:00:00,110,61.17,98.39,19.99,40.02,1.34,74.77
4409A,2026-02-11 17:00:00,45,29.1,50.62,8.32,41.36,1.29,24.05
4401B,2026-02-11 17:00:00,57,30.65,54.4,14.22,20.84,2.41,93.22
4402B,2026-02-11 17:00:00,182,107.11,130.82,23.24,34.54,0.78,105.15
4403B,2026-02-11 17:00:00,76,46.55,48.1,24.17,46.89,2.13,56.53
4404B,2026-02-11 17:00:00,168,107.53,132.06,22.49,46.09,0.98,115.68
4405B,2026-02-11 17:00:00,128,78.5,109.8,14.75,35.08,2.3,45.6
4406B,2026-02-11 17:00:00,199,124.5,156.18,9.04,37.1,0.6,25.34
5101A,2026-02-11 17:00:00,188,107.92,145.43,27.31,31.95,0.61,72.98
5102A,2026-02-11 17:00:00,192,111.14,152.88,22.62,33.44,0.53,87.36
5103A,2026-02-11 17:00:00,130,68.06,107.33,5.6,41.71,2.05,40.09
5104A,2026-02-11 17:00:00,76,53.59,68.94,26.92,43.45,2.35,81.67
5105A,2026-02-11 17:00:00,36,20.7,35.5,15.03,35.16,1.17,28.19
5106A,2026-02-11 17:00:00,126,77.42,108.89,17.49,29.7,1.3,87.77
5107A,2026-02-11 17:00:00,122,69.13,89.54,5.89,31.6,2.32,57.54
1101A,2026-02-11 18:00:00,185,103.58,138.31,8.13,41.48,1.72,21.67
1102A,2026-02-11 18:00:00,47,33.05,36.08,20.91,39.95,1.42,62.14
1103A,2026-02-11 18:00:00,136,91.27,103.39,17.93,22.31,0.75,50.8
1104A,2026-02-11 18:00:00,101,67.38,89.7,8.96,38.74,1.32,94.42
1105A,2026-02-11 18:00:00,74,42.2,55.38,8.84,33.91,2.45,108.52
1106A,2026-02-11 18:00:00,60,38.07,62.83,11.16,34.95,0.68,21.59
1107A,2026-02-11 18:00:00,142,78.35,115.5,6.71,16.39,0.73,104.09
1108A,2026-02-11 18:00:00,187,119.31,152.94,6.58,20.8,1.67,30.84
1109A,2026-02-11 18:00:00,81,40.81,61.49,17.37,40.11,2.5,47.41
1201A,2026-02-11 18:00:00,40,27.91,20.59,23.94,39.85,1.23,104.62
1202A,2026-02-11 18:00:00,97,64.74,81.51,26.92,23.6,0.58,85.09
1203A,2026-02-11 18:00:00,37,28.34,33.17,7.11,23.88,1.55,36.03
1204A,2026-02-11 18:00:00,148,98.41,129.09,21.52,45.15,1.66,31.0
4401A,2026-02-11 18:00:00,184,114.0,135.5,14.74,20.44,1.56,47.83
4402A,2026-02-11 18:00:00,43,17.19,25.18,24.76,48.67,1.68,100.54
4403A,2026-02-11 18:00:00,49,38.5,45.26,14.36,45.84,0.91,46.16
4404A,2026-02-11 18:00:00,59,33.96,37.79,29.68,31.35,1.1,28.9
4405A,2026-02-11 18:00:00,121,72.34,105.54,10.41,15.82,1.46,78.6
4406A,2026-02-11 18:00:00,171,106.67,147.44,19.29,19.01,1.27,28.0
4407A,2026-02-11 18:00:00,175,104.91,139.34,18.28,36.6,1.72,101.82
4408A,2026-02-11 18:00:00,195,121.68,156.07,11.19,18.93,0.83,29.39
4409A,2026-02-11 18:00:00,93,49.15,69.67,11.77,25.57,1.91,60.7
4401B,2026-02-11 18:00:00,185,105.98,162.78,26.01,26.98,1.95,26.66
4402B,2026-02-11 18:00:00,104,65.68,79.29,17.78,18.74,0.69,78.44
4403B,2026-02-11 18:00:00,67,34.88,68.4,26.99,20.63,1.79,35.9
4404B,2026-02-11 18:00:00,134,87.61,111.91,16.97,46.01,2.08,118.83
4405B,2026-02-11 18:00:00,98,62.69,73.01,5.73,21.66,1.77,88.04
4406B,2026-02-11 18:00:00,71,35.68,68.37,18.1,22.16,0.99,25.73
5101A,2026-02-11 18:00:00,147,90.47,129.7,22.62,40.36,0.81,73.95
5102A,2026-02-11 18:00:00,155,92.45,119.73,11.4,42.53,1.05,107.75
5103A,2026-02-11 18:00:00,194,120.43,164.48,15.73,40.91,1.59,82.03
5104A,2026-02-11 18:00:00,140,83.14,115.02,10.54,46.58,1.75,53.4
5105A,2026-02-11 18:00:00,57,30.24,36.8,14.35,31.13,0.96,41.65
5106A,2026-02-11 18:00:00,201,129.97,170.07,18.98,37.3,1.23,71.4
5107A,2026-02-11 18:00:00,195,114.71,142.33,7.93,48.65,1.99,83.71
1101A,2026-02-11 19:00:00,37,21.73,38.98,7.92,48.12,1.3,81.4
1102A,2026-02-11 19:00:00,72,48.27,48.81,12.01,45.48,0.72,99.07
1103A,2026-02-11 19:00:00,124,78.09,102.37,14.45,36.2,1.35,25.13
1104A,2026-02-11 19:00:00,59,34.12,32.22,27.32,37.84,1.72,81.75
1105A,2026-02-11 19:00:00,95,54.82,82.06,26.36,30.05,1.61,54.38
1106A,2026-02-11 19:00:00,70,47.7,44.34,8.85,17.02,1.52,65.39
1107A,2026-02-11 19:00:00,69,36.54,49.14,19.24,33.55,1.01,82.4
1108A,2026-02-11 19:00:00,50,30.62,42.39,13.01,20.89,2.4,47.58
1109A,2026-02-11 19:00:00,166,90.38,128.43,8.67,35.89,1.29,39.37
1201A,2026-02-11 19:00:00,198,116.58,173.17,26.98,26.14,0.52,78.94
1202A,2026-02-11 19:00:00,181,99.25,151.6,29.87,27.95,2.14,22.51
1203A,2026-02-11 19:00:00,185,105.76,152.79,25.25,43.43,1.96,32.62
1204A,2026-02-11 19:00:00,76,49.15,63.99,21.23,26.43,1.59,53.55
4401A,2026-02-11 19:00:00,167,106.65,122.44,27.64,34.7,1.8,81.47
4402A,2026-02-11 19:00:00,183,102.19,135.26,18.91,42.95,0.85,25.65
4403A,2026-02-11 19:00:00,118,70.18,87.82,8.62,21.55,2.32,95.62
4404A,2026-02-11 19:00:00,148,84.04,106.49,17.72,24.69,2.48,40.38
4405A,2026-02-11 19:00:00,200,120.84,171.98,5.28,19.05,2.49,30.53
4406A,2026-02-11 19:00:00,114,60.21,86.52,22.98,29.85,0.78,51.28
4407A,2026-02-11 19:00:00,36,11.61,23.5,24.18,25.32,0.79,23.23
4408A,2026-02-11 19:00:00,140,74.4,118.25,27.55,24.4,2.46,52.38
4409A,2026-02-11 19:00:00,48,22.48,34.75,17.68,47.69,1.23,74.34
4401B,2026-02-11 19:00:00,157,100.54,128.52,21.62,47.04,1.43,63.89
4402B,2026-02-11 19:00:00,176,105.98,150.41,17.28,34.98,0.91,73.28
4403B,2026-02-11 19:00:00,176,103.97,127.92,21.24,28.15,1.5,73.88
4404B,2026-02-11 19:00:00,49,35.32,42.2,10.8,30.51,1.47,115.84
4405B,2026-02-11 19:00:00,146,87.78,111.41,20.0,49.23,1.34,57.59
4406B,2026-02-11 19:00:00,129,77.7,115.56,19.28,16.06,1.55,37.26
5101A,2026-02-11 19:00:00,151,90.59,127.6,28.78,17.86,2.07,79.44
5102A,2026-02-11 19:00:00,95,54.04,66.53,15.18,22.02,1.36,101.71
5103A,2026-02-11 19:00:00,171,92.73,127.04,15.22,48.66,1.26,101.93
5104A,2026-02-11 19:00:00,106,70.56,84.51,15.75,23.94,2.17,81.46
5105A,2026-02-11 19:00:00,40,23.11,45.82,19.97,26.23,1.06,66.27
5106A,2026-02-11 19:00:00,36,28.98,21.16,25.66,29.96,1.08,114.26
5107A,2026-02-11 19:00:00,133,75.26,108.6,8.47,49.47,2.41,75.53
1101A,2026-02-11 20:00:00,53,23.27,29.87,11.94,24.62,2.02,68.76
1102A,2026-02-11 20:00:00,181,110.6,135.37,27.86,38.76,1.65,74.89
1103A,2026-02-11 20:00:00,59,43.79,47.27,14.97,44.31,1.08,83.43
1104A,2026-02-11 20:00:00,166,89.71,125.85,13.61,17.31,2.22,69.59
1105A,2026-02-11 20:00:00,150,98.8,123.41,8.4,16.74,1.94,57.79
1106A,2026-02-11 20:00:00,135,76.44,106.69,24.47,35.05,1.88,31.57
1107A,2026-02-11 20:00:00,135,73.28,111.85,21.23,37.87,0.62,83.81
1108A,2026-02-11 20:00:00,181,114.17,132.97,24.41,23.52,1.69,77.24
1109A,2026-02-11 20:00:00,70,38.55,51.05,7.02,18.09,0.82,109.08
1201A,2026-02-11 20:00:00,62,45.15,62.57,18.49,22.68,2.48,63.33
1202A,2026-02-11 20:00:00,89,48.29,71.64,8.4,34.37,1.04,74.89
1203A,2026-02-11 20:00:00,124,77.77,94.42,25.23,30.95,2.3,52.32
1204A,2026-02-11 20:00:00,189,105.93,166.03,21.9,49.03,2.3,118.3
4401A,2026-02-11 20:00:00,192,122.09,161.47,28.74,24.13,1.08,74.47
4402A,2026-02-11 20:00:00,85,46.97,75.98,11.01,18.65,1.52,104.83
4403A,2026-02-11 20:00:00,96,61.15,79.52,20.91,26.18,1.31,71.63
4404A,2026-02-11 20:00:00,151,94.32,109.12,13.77,37.28,0.96,103.87
4405A,2026-02-11 20:00:00,138,73.25,110.37,9.33,35.73,1.73,110.41
4406A,2026-02-11 20:00:00,155,101.5,135.78,29.15,15.84,1.77,118.72
4407A,2026-02-11 20:00:00,73,44.48,52.21,7.86,21.42,1.39,67.06
4408A,2026-02-11 20:00:00,91,51.77,71.62,16.61,21.51,1.58,25.19
4409A,2026-02-11 20:00:00,198,113.52,165.83,6.6,40.53,1.71,61.66
4401B,2026-02-11 20:00:00,146,79.38,103.9,19.99,21.06,2.49,106.74
4402B,2026-02-11 20:00:00,102,58.42,76.28,14.38,43.24,2.14,27.68
4403B,2026-02-11 20:00:00,158,85.42,119.15,25.58,24.1,2.43,75.43
4404B,2026-02-11 20:00:00,134,87.8,106.08,13.6,45.6,0.75,92.71
4405B,2026-02-11 20:00:00,170,100.77,125.47,20.05,37.42,1.63,103.78
4406B,2026-02-11 20:00:00,96,60.04,90.07,14.26,22.81,1.07,24.67
5101A,2026-02-11 20:00:00,169,93.05,131.64,12.83,43.73,1.46,67.38
5102A,2026-02-11 20:00:00,166,102.35,143.67,19.08,42.52,2.14,85.52
5103A,2026-02-11 20:00:00,169,109.84,143.74,25.67,15.17,1.82,64.51
5104A,2026-02-11 20:00:00,94,51.81,62.92,14.93,20.72,1.97,60.01
5105A,2026-02-11 20:00:00,45,18.91,41.32,23.88,42.12,1.74,98.48
5106A,2026-02-11 20:00:00,103,58.15,96.59,27.58,45.31,2.4,32.75
5107A,2026-02-11 20:00:00,185,116.38,143.15,28.07,18.41,1.25,20.22
1101A,2026-02-11 21:00:00,109,73.57,92.67,13.84,43.44,0.82,68.32
1102A,2026-02-11 21:00:00,191,110.46,148.69,21.02,47.45,2.41,83.0
1103A,2026-02-11 21:00:00,137,90.87,123.0,12.17,41.19,2.48,73.54
1104A,2026-02-11 21:00:00,63,36.37,45.27,24.05,20.71,2.15,117.2
1105A,2026-02-11 21:00:00,166,95.75,141.52,7.44,24.42,1.21,110.83
1106A,2026-02-11 21:00:00,60,31.01,50.88,22.17,15.75,1.89,118.51
1107A,2026-02-11 21:00:00,153,100.14,129.38,27.64,21.25,1.59,97.89
1108A,2026-02-11 21:00:00,98,58.73,67.16,8.51,48.67,0.73,83.28
1109A,2026-02-11 21:00:00,180,105.08,147.66,15.94,16.09,1.79,25.81
1201A,2026-02-11 21:00:00,140,92.55,101.99,12.76,47.54,0.67,89.27
1202A,2026-02-11 21:00:00,151,90.51,115.47,27.89,29.72,0.56,109.94
1203A,2026-02-11 21:00:00,74,47.52,48.98,23.39,39.37,0.77,77.29
1204A,2026-02-11 21:00:00,158,94.7,139.27,20.59,32.21,2.03,80.57
4401A,2026-02-11 21:00:00,172,96.94,141.6,25.94,44.8,1.48,43.35
4402A,2026-02-11 21:00:00,127,68.26,101.24,9.77,33.44,0.61,110.31
4403A,2026-02-11 21:00:00,132,86.47,96.23,23.52,31.17,1.19,54.15
4404A,2026-02-11 21:00:00,69,48.33,55.11,17.79,27.85,2.2,46.48
4405A,2026-02-11 21:00:00,182,112.39,139.1,21.37,34.9,0.6,104.85
4406A,2026-02-11 21:00:00,54,28.74,44.64,9.11,42.0,1.12,30.13
4407A,2026-02-11 21:00:00,73,48.49,65.36,14.91,46.31,1.36,36.5
4408A,2026-02-11 21:00:00,122,81.61,91.8,11.11,38.35,1.35,92.45
4409A,2026-02-11 21:00:00,118,72.58,92.14,16.69,18.23,2.3,76.27
4401B,2026-02-11 21:00:00,142,94.22,128.28,10.03,18.39,1.29,21.46
4402B,2026-02-11 21:00:00,160,100.07,135.92,27.09,49.9,1.08,30.18
4403B,2026-02-11 21:00:00,116,71.88,92.29,20.83,42.94,0.53,113.74
4404B,2026-02-11 21:00:00,99,62.5,74.94,14.11,29.99,0.87,105.72
4405B,2026-02-11 21:00:00,55,34.84,56.99,24.77,19.74,1.84,48.67
4406B,2026-02-11 21:00:00,162,99.17,120.27,19.08,47.47,0.53,105.72
5101A,2026-02-11 21:00:00,189,104.6,165.91,8.33,45.78,2.17,30.51
5102A,2026-02-11 21:00:00,79,57.17,59.88,22.01,42.78,1.46,67.55
5103A,2026-02-11 21:00:00,150,95.53,111.45,28.45,47.41,1.79,100.86
5104A,2026-02-11 21:00:00,74,36.54,54.5,16.24,38.45,1.94,56.47
5105A,2026-02-11 21:00:00,77,36.88,49.23,28.62,16.82,1.6,22.57
5106A,2026-02-11 21:00:00,55,24.12,57.85,25.86,16.92,2.12,102.56
5107A,2026-02-11 21:00:00,107,54.46,76.31,28.46,39.02,0.65,116.95
1101A,2026-02-11 22:00:00,142,79.83,116.84,9.69,22.49,1.23,35.09
1102A,2026-02-11 22:00:00,90,55.63,73.02,27.91,22.39,2.44,117.96
1103A,2026-02-11 22:00:00,178,101.77,140.19,10.26,26.23,0.87,51.68
1104A,2026-02-11 22:00:00,76,35.84,65.14,19.19,33.36,2.07,72.41
1105A,2026-02-11 22:00:00,71,52.1,61.74,6.52,39.88,1.72,66.47
1106A,2026-02-11 22:00:00,123,65.73,103.86,28.26,44.94,1.16,45.68
1107A,2026-02-11 22:00:00,33,25.53,25.4,17.6,34.51,1.79,21.25
1108A,2026-02-11 22:00:00,110,71.18,80.63,20.85,23.55,1.03,30.5
1109A,2026-02-11 22:00:00,152,81.87,117.25,10.34,25.2,2.05,59.74
1201A,2026-02-11 22:00:00,111,64.78,96.24,6.35,18.39,1.83,67.74
1202A,2026-02-11 22:00:00,93,46.58,75.87,13.58,42.57,1.8,31.08
1203A,2026-02-11 22:00:00,55,34.85,57.02,5.55,27.53,2.07,33.81
1204A,2026-02-11 22:00:00,51,30.97,50.75,27.76,40.11,0.71,83.05
4401A,2026-02-11 22:00:00,150,82.18,105.48,11.8,29.22,2.02,46.03
4402A,2026-02-11 22:00:00,40,27.69,38.58,9.29,45.74,2.37,30.04
4403A,2026-02-11 22:00:00,172,112.59,132.3,24.54,28.09,0.95,86.47
4404A,2026-02-11 22:00:00,84,42.94,54.22,8.1,48.14,1.65,108.39
4405A,2026-02-11 22:00:00,72,34.67,68.06,24.47,40.08,0.54,110.46
4406A,2026-02-11 22:00:00,73,53.52,57.97,19.67,21.49,1.42,38.3
4407A,2026-02-11 22:00:00,169,101.23,121.36,14.67,20.81,1.59,23.49
4408A,2026-02-11 22:00:00,138,89.87,118.69,5.32,15.51,1.05,48.5
4409A,2026-02-11 22:00:00,173,111.01,149.11,27.12,46.85,2.06,71.69
4401B,2026-02-11 22:00:00,132,84.77,95.9,9.31,32.2,1.74,118.81
4402B,2026-02-11 22:00:00,142,93.12,115.65,17.02,19.3,0.86,77.43
4403B,2026-02-11 22:00:00,183,110.19,136.26,25.0,49.17,1.97,31.73
4404B,2026-02-11 22:00:00,37,18.32,32.6,17.46,21.04,1.37,67.31
4405B,2026-02-11 22:00:00,35,24.92,36.54,5.75,41.61,1.42,70.29
4406B,2026-02-11 22:00:00,175,114.06,128.46,13.54,23.8,1.93,106.17
5101A,2026-02-11 22:00:00,166,108.67,143.34,17.23,17.75,1.03,109.16
5102A,2026-02-11 22:00:00,102,62.1,68.43,26.16,41.28,1.96,79.3
5103A,2026-02-11 22:00:00,127,80.38,95.22,5.66,45.78,1.74,118.61
5104A,2026-02-11 22:00:00,69,41.14,61.02,6.95,48.32,0.93,104.5
5105A,2026-02-11 22:00:00,65,36.78,44.59,26.95,30.8,1.4,34.4
5106A,2026-02-11 22:00:00,116,64.55,81.9,29.44,20.0,1.34,20.6
5107A,2026-02-11 22:00:00,85,58.63,69.23,18.3,38.26,2.22,80.25
1101A,2026-02-11 23:00:00,124,73.39,102.92,26.9,17.06,2.32,62.65
1102A,2026-02-11 23:00:00,111,62.41,81.13,22.57,37.57,2.16,54.47
1103A,2026-02-11 23:00:00,105,64.41,86.46,24.47,36.89,2.43,26.86
1104A,2026-02-11 23:00:00,169,95.51,120.38,6.67,41.13,1.65,80.15
1105A,2026-02-11 23:00:00,140,85.54,114.34,26.87,28.6,1.56,52.74
1106A,2026-02-11 23:00:00,38,26.44,16.32,19.46,48.47,0.83,111.61
1107A,2026-02-11 23:00:00,46,35.01,28.82,8.33,33.87,2.31,49.28
1108A,2026-02-11 23:00:00,144,94.96,127.91,8.49,23.15,2.18,66.97
1109A,2026-02-11 23:00:00,132,85.15,100.53,26.58,16.91,1.39,69.88
1201A,2026-02-11 23:00:00,113,75.18,95.58,5.18,32.03,2.11,98.92
1202A,2026-02-11 23:00:00,156,86.28,138.64,21.26,49.15,2.2,41.85
1203A,2026-02-11 23:00:00,113,75.94,84.82,14.62,42.7,2.15,81.83
1204A,2026-02-11 23:00:00,156,89.68,113.02,6.98,19.75,1.82,23.11
4401A,2026-02-11 23:00:00,64,28.91,65.35,23.36,24.86,1.78,43.99
4402A,2026-02-11 23:00:00,145,83.09,120.8,14.24,36.53,1.37,22.18
4403A,2026-02-11 23:00:00,49,37.65,40.14,28.67,22.38,1.3,66.92
4404A,2026-02-11 23:00:00,150,93.67,125.61,15.01,46.19,2.24,38.46
4405A,2026-02-11 23:00:00,56,40.3,39.04,28.54,39.58,0.99,41.78
4406A,2026-02-11 23:00:00,46,34.48,49.72,20.05,46.15,0.53,34.02
4407A,2026-02-11 23:00:00,154,88.33,116.96,29.66,20.38,1.25,56.39
4408A,2026-02-11 23:00:00,34,21.12,19.49,10.99,26.4,0.7,80.13
4409A,2026-02-11 23:00:00,88,46.77,78.27,29.53,29.26,2.33,29.97
4401B,2026-02-11 23:00:00,117,77.73,107.59,25.32,15.54,2.43,84.95
4402B,2026-02-11 23:00:00,110,68.51,79.82,14.87,23.68,2.34,56.03
4403B,2026-02-11 23:00:00,66,44.65,53.83,13.41,16.49,1.63,20.31
4404B,2026-02-11 23:00:00,93,49.1,77.79,21.16,44.12,1.37,98.61
4405B,2026-02-11 23:00:00,105,61.01,79.82,28.83,32.68,0.88,89.88
4406B,2026-02-11 23:00:00,99,68.15,89.59,23.59,21.18,1.09,23.05
5101A,2026-02-11 23:00:00,33,14.8,34.39,26.73,17.05,2.17,85.63
5102A,2026-02-11 23:00:00,112,75.0,90.47,8.31,27.68,1.85,105.6
5103A,2026-02-11 23:00:00,132,86.49,97.14,14.83,27.71,2.08,56.6
5104A,2026-02-11 23:00:00,109,74.46,90.62,7.89,47.76,1.44,36.49
5105A,2026-02-11 23:00:00,88,59.51,80.74,29.71,39.99,1.95,36.72
5106A,2026-02-11 23:00:00,108,70.63,86.69,13.92,16.09,2.39,100.75
5107A,2026-02-11 23:00:00,173,103.06,138.36,19.93,47.21,1.34,22.41
1101A,2026-02-12 00:00:00,76,49.75,53.93,17.26,45.43,1.32,72.81
1102A,2026-02-12 00:00:00,106,68.03,83.13,26.78,41.28,1.44,75.19
1103A,2026-02-12 00:00:00,46,26.77,40.09,13.36,27.67,1.03,35.29
1104A,2026-02-12 00:00:00,144,83.57,128.89,12.61,38.99,1.5,73.11
1105A,2026-02-12 00:00:00,170,96.47,141.76,21.36,16.36,1.87,54.38
1106A,2026-02-12 00:00:00,141,91.53,100.07,21.53,32.19,2.09,53.73
1107A,2026-02-12 00:00:00,103,68.85,77.08,7.81,38.74,2.26,64.24
1108A,2026-02-12 00:00:00,149,84.94,123.51,18.22,45.46,0.93,89.39
1109A,2026-02-12 00:00:00,176,103.82,144.34,11.17,46.43,0.88,110.23
1201A,2026-02-12 00:00:00,111,74.07,93.6,18.29,16.79,1.21,22.73
1202A,2026-02-12 00:00:00,128,75.73,113.58,24.13,46.74,1.58,68.08
1203A,2026-02-12 00:00:00,171,106.31,131.07,25.72,46.05,1.57,37.34
1204A,2026-02-12 00:00:00,152,96.23,125.55,18.03,37.64,2.26,65.22
4401A,2026-02-12 00:00:00,105,58.81,86.83,9.61,22.97,0.67,76.17
4402A,2026-02-12 00:00:00,53,37.69,53.05,26.4,19.43,0.82,58.28
4403A,2026-02-12 00:00:00,169,99.96,143.33,14.64,49.72,0.84,115.99
4404A,2026-02-12 00:00:00,178,102.86,140.46,27.14,28.27,0.65,72.64
4405A,2026-02-12 00:00:00,116,61.07,85.49,22.36,39.68,1.02,21.44
4406A,2026-02-12 00:00:00,90,47.55,80.49,6.47,22.59,1.1,82.14
4407A,2026-02-12 00:00:00,112,74.04,78.92,18.38,22.58,1.95,32.54
4408A,2026-02-12 00:00:00,107,59.62,79.15,26.22,44.59,0.64,101.07
4409A,2026-02-12 00:00:00,114,76.89,87.86,20.18,21.03,1.68,65.85
4401B,2026-02-12 00:00:00,137,72.42,97.6,29.24,28.48,0.81,62.02
4402B,2026-02-12 00:00:00,132,83.33,110.24,5.91,48.59,2.2,52.31
4403B,2026-02-12 00:00:00,38,30.15,34.15,8.02,36.44,0.59,97.34
4404B,2026-02-12 00:00:00,55,39.64,35.42,24.39,35.1,1.57,117.33
4405B,2026-02-12 00:00:00,79,49.94,72.8,22.63,16.03,0.94,104.55
4406B,2026-02-12 00:00:00,70,38.43,45.92,25.46,27.2,1.58,40.04
5101A,2026-02-12 00:00:00,130,76.61,112.61,28.97,29.68,1.44,59.83
5102A,2026-02-12 00:00:00,123,76.42,84.8,10.37,40.59,1.28,87.19
5103A,2026-02-12 00:00:00,113,67.78,89.59,22.25,20.61,1.99,105.89
5104A,2026-02-12 00:00:00,130,68.6,116.28,6.76,23.73,1.16,109.56
5105A,2026-02-12 00:00:00,135,88.08,97.59,22.71,42.19,1.19,115.0
5106A,2026-02-12 00:00:00,130,84.17,109.54,20.27,34.26,0.57,106.94
5107A,2026-02-12 00:00:00,100,57.72,86.54,8.24,16.38,0.68,49.57
1101A,2026-02-12 01:00:00,149,85.72,109.49,22.92,15.3,1.36,64.37
1102A,2026-02-12 01:00:00,138,89.77,96.54,24.9,29.9,1.94,118.71
1103A,2026-02-12 01:00:00,148,85.74,113.22,12.83,19.47,1.8,52.57
1104A,2026-02-12 01:00:00,164,92.14,137.58,23.46,15.89,0.8,74.08
1105A,2026-02-12 01:00:00,85,43.76,72.84,14.47,48.01,1.88,64.77
1106A,2026-02-12 01:00:00,140,93.78,113.56,19.19,26.15,2.38,92.63
1107A,2026-02-12 01:00:00,70,37.6,58.85,7.93,42.61,0.72,34.42
1108A,2026-02-12 01:00:00,177,101.75,129.83,29.45,48.98,1.5,30.43
1109A,2026-02-12 01:00:00,95,60.12,63.92,5.39,25.49,0.65,109.44
1201A,2026-02-12 01:00:00,53,25.78,29.21,18.9,16.83,2.19,80.98
1202A,2026-02-12 01:00:00,98,56.13,75.56,16.73,48.39,1.45,90.88
1203A,2026-02-12 01:00:00,46,31.83,46.32,19.07,34.5,2.16,56.94
1204A,2026-02-12 01:00:00,68,48.64,44.06,17.85,49.03,1.83,41.57
4401A,2026-02-12 01:00:00,88,61.52,78.73,14.48,28.66,0.85,108.62
4402A,2026-02-12 01:00:00,113,59.28,88.0,16.66,45.43,1.93,67.41
4403A,2026-02-12 01:00:00,184,110.0,146.02,20.32,49.33,1.55,98.88
4404A,2026-02-12 01:00:00,43,32.11,20.49,18.63,40.03,0.57,104.93
4405A,2026-02-12 01:00:00,58,29.79,35.72,18.4,49.35,1.89,69.64
4406A,2026-02-12 01:00:00,143,81.82,123.31,22.34,37.46,2.47,21.41
4407A,2026-02-12 01:00:00,89,49.25,75.04,25.66,37.87,1.9,33.05
4408A,2026-02-12 01:00:00,136,80.75,98.15,21.98,21.12,2.41,73.62
4409A,2026-02-12 01:00:00,154,90.04,135.63,13.13,45.9,2.45,64.34
4401B,2026-02-12 01:00:00,108,69.42,92.95,7.03,43.81,1.6,79.78
4402B,2026-02-12 01:00:00,79,38.26,75.09,18.19,39.14,2.03,100.66
4403B,2026-02-12 01:00:00,141,81.18,117.51,14.44,19.51,1.11,26.96
4404B,2026-02-12 01:00:00,145,78.01,104.92,26.93,48.62,0.82,107.12
4405B,2026-02-12 01:00:00,169,99.87,129.59,27.04,47.53,0.69,110.38
4406B,2026-02-12 01:00:00,130,85.07,111.88,26.99,24.05,0.89,99.97
5101A,2026-02-12 01:00:00,78,45.33,53.36,6.94,30.88,2.3,93.65
5102A,2026-02-12 01:00:00,58,40.06,47.59,17.69,35.02,1.13,99.86
5103A,2026-02-12 01:00:00,128,73.46,95.07,21.55,36.59,1.97,52.45
5104A,2026-02-12 01:00:00,162,93.68,130.14,11.22,47.12,1.74,59.45
5105A,2026-02-12 01:00:00,172,102.32,140.55,23.41,42.66,1.32,71.51
5106A,2026-02-12 01:00:00,114,71.64,93.37,23.07,17.86,2.08,40.54
5107A,2026-02-12 01:00:00,39,32.66,33.79,14.57,25.15,2.05,84.72
1101A,2026-02-12 02:00:00,147,94.28,105.35,20.75,40.58,2.29,108.69
1102A,2026-02-12 02:00:00,91,50.52,66.22,12.68,49.76,1.41,102.19
1103A,2026-02-12 02:00:00,160,90.27,135.42,12.85,45.31,2.43,47.59
1104A,2026-02-12 02:00:00,187,106.7,151.65,9.35,44.17,1.95,119.54
1105A,2026-02-12 02:00:00,187,106.91,153.48,15.22,16.22,0.84,57.12
1106A,2026-02-12 02:00:00,32,22.43,23.99,12.08,38.91,0.63,62.06
1107A,2026-02-12 02:00:00,56,36.28,42.99,13.84,47.62,1.69,73.77
1108A,2026-02-12 02:00:00,169,95.65,126.43,19.4,19.3,1.98,45.95
1109A,2026-02-12 02:00:00,183,113.03,157.41,28.54,18.74,0.54,97.18
1201A,2026-02-12 02:00:00,134,80.87,97.71,9.51,20.72,1.62,46.88
1202A,2026-02-12 02:00:00,108,55.91,83.07,21.32,16.69,1.15,58.61
1203A,2026-02-12 02:00:00,45,27.32,33.78,21.95,35.19,0.67,86.01
1204A,2026-02-12 02:00:00,46,18.72,31.45,19.02,30.09,0.56,45.78
4401A,2026-02-12 02:00:00,102,51.31,86.29,7.11,28.34,1.79,24.79
4402A,2026-02-12 02:00:00,52,30.43,50.35,10.34,45.68,1.88,61.36
4403A,2026-02-12 02:00:00,165,104.04,117.16,22.03,28.61,1.26,24.01
4404A,2026-02-12 02:00:00,98,57.85,85.81,5.08,27.22,1.15,88.88
4405A,2026-02-12 02:00:00,73,44.76,56.53,13.01,29.7,0.8,82.77
4406A,2026-02-12 02:00:00,134,81.06,103.77,17.0,16.62,1.84,72.02
4407A,2026-02-12 02:00:00,32,22.9,39.39,27.83,21.66,1.04,37.19
4408A,2026-02-12 02:00:00,119,63.64,105.31,18.17,33.94,0.87,88.67
4409A,2026-02-12 02:00:00,148,89.38,120.29,7.11,38.39,1.96,110.29
4401B,2026-02-12 02:00:00,183,106.48,161.04,8.47,40.85,1.86,84.49
4402B,2026-02-12 02:00:00,180,102.85,152.1,8.5,40.98,0.52,97.94
4403B,2026-02-12 02:00:00,168,107.21,148.13,13.4,49.56,1.29,58.94
4404B,2026-02-12 02:00:00,81,47.22,63.65,21.96,23.62,2.09,74.7
4405B,2026-02-12 02:00:00,66,43.02,46.78,23.9,44.05,1.79,108.38
4406B,2026-02-12 02:00:00,130,83.35,97.5,11.75,28.05,1.06,30.14
5101A,2026-02-12 02:00:00,48,38.05,34.16,10.78,17.22,1.38,58.9
5102A,2026-02-12 02:00:00,38,30.97,39.15,16.92,44.82,1.07,40.29
5103A,2026-02-12 02:00:00,145,92.25,113.71,11.11,49.07,1.0,114.43
5104A,2026-02-12 02:00:00,48,32.04,27.63,6.08,16.14,2.5,101.27
5105A,2026-02-12 02:00:00,139,81.18,112.35,9.11,49.0,2.35,112.83
5106A,2026-02-12 02:00:00,137,83.96,106.92,26.95,36.76,2.1,34.01
5107A,2026-02-12 02:00:00,74,50.92,61.0,19.86,26.01,1.41,57.21
1101A,2026-02-12 03:00:00,149,90.73,133.61,6.09,26.72,1.85,78.24
1102A,2026-02-12 03:00:00,66,39.58,66.21,6.29,24.24,2.05,82.11
1103A,2026-02-12 03:00:00,101,58.26,92.93,6.53,20.09,2.29,52.57
1104A,2026-02-12 03:00:00,140,84.1,119.37,10.66,32.0,1.5,98.64
1105A,2026-02-12 03:00:00,43,32.56,23.61,16.24,18.14,2.12,87.71
1106A,2026-02-12 03:00:00,52,21.4,36.9,17.34,19.28,2.33,115.11
1107A,2026-02-12 03:00:00,43,28.26,29.48,12.14,42.06,1.44,55.19
1108A,2026-02-12 03:00:00,174,99.72,150.4,10.59,32.25,1.01,85.01
1109A,2026-02-12 03:00:00,43,28.34,40.3,6.37,47.87,1.23,93.58
1201A,2026-02-12 03:00:00,84,50.86,65.79,29.29,20.95,1.37,52.57
1202A,2026-02-12 03:00:00,132,69.46,106.9,24.89,44.08,0.54,92.48
1203A,2026-02-12 03:00:00,182,110.26,140.12,26.21,47.27,1.87,48.04
1204A,2026-02-12 03:00:00,183,111.17,143.26,7.35,32.81,0.6,35.26
4401A,2026-02-12 03:00:00,183,109.0,142.9,12.04,44.68,2.49,56.04
4402A,2026-02-12 03:00:00,75,42.39,62.44,19.56,42.03,2.34,24.99
4403A,2026-02-12 03:00:00,181,112.42,144.79,24.51,28.87,1.83,34.48
4404A,2026-02-12 03:00:00,91,56.86,77.14,25.39,20.31,0.92,46.25
4405A,2026-02-12 03:00:00,168,95.45,123.45,14.66,16.88,0.57,50.35
4406A,2026-02-12 03:00:00,183,106.83,157.87,15.58,21.7,1.43,34.15
4407A,2026-02-12 03:00:00,73,40.59,47.92,16.98,43.25,2.13,39.97
4408A,2026-02-12 03:00:00,125,67.93,107.17,15.46,49.06,2.29,97.18
4409A,2026-02-12 03:00:00,158,95.45,120.56,10.23,24.61,1.85,27.65
4401B,2026-02-12 03:00:00,155,90.2,129.52,27.2,47.43,1.24,87.05
4402B,2026-02-12 03:00:00,33,19.12,20.53,28.25,18.78,2.09,27.5
4403B,2026-02-12 03:00:00,154,94.5,135.58,23.52,42.21,1.62,95.16
4404B,2026-02-12 03:00:00,103,68.57,83.52,19.02,36.57,2.19,85.08
4405B,2026-02-12 03:00:00,58,32.54,52.01,16.55,28.7,0.92,24.83
4406B,2026-02-12 03:00:00,35,19.7,35.1,13.59,43.69,1.58,98.29
5101A,2026-02-12 03:00:00,53,35.33,51.82,23.65,32.0,1.98,117.24
5102A,2026-02-12 03:00:00,168,108.65,135.46,23.8,30.36,0.66,24.98
5103A,2026-02-12 03:00:00,132,85.43,109.29,18.37,27.3,0.67,70.17
5104A,2026-02-12 03:00:00,149,94.36,108.8,29.27,44.34,1.29,41.54
5105A,2026-02-12 03:00:00,155,96.08,130.26,15.69,36.38,1.37,79.56
5106A,2026-02-12 03:00:00,155,83.69,136.63,26.83,27.37,1.96,44.72
5107A,2026-02-12 03:00:00,187,109.02,161.48,10.6,39.85,1.84,39.81
1101A,2026-02-12 04:00:00,77,40.27,57.53,5.3,39.39,2.15,96.16
1102A,2026-02-12 04:00:00,63,32.23,48.11,6.34,40.32,1.76,97.71
1103A,2026-02-12 04:00:00,177,96.26,146.48,21.25,41.37,1.36,76.83
1104A,2026-02-12 04:00:00,165,96.54,145.67,6.08,37.22,1.77,22.77
1105A,2026-02-12 04:00:00,176,105.51,135.58,6.05,19.63,1.35,115.85
1106A,2026-02-12 04:00:00,36,19.86,27.21,9.76,30.99,1.76,68.66
1107A,2026-02-12 04:00:00,64,35.3,42.05,11.92,49.9,0.9,114.84
1108A,2026-02-12 04:00:00,123,80.01,88.24,20.23,35.11,1.54,72.35
1109A,2026-02-12 04:00:00,187,107.62,136.41,8.91,20.21,2.36,68.52
1201A,2026-02-12 04:00:00,150,94.71,128.3,22.36,25.29,1.11,54.28
1202A,2026-02-12 04:00:00,72,51.13,63.06,13.21,26.37,2.49,30.47
1203A,2026-02-12 04:00:00,72,41.46,46.93,9.33,36.79,2.17,75.27
1204A,2026-02-12 04:00:00,185,103.2,134.29,22.36,47.67,0.79,97.96
4401A,2026-02-12 04:00:00,190,105.62,161.71,19.27,35.03,1.19,67.56
4402A,2026-02-12 04:00:00,136,81.9,116.28,29.92,15.67,2.3,82.02
4403A,2026-02-12 04:00:00,57,41.64,51.66,24.71,49.47,1.8,44.81
4404A,2026-02-12 04:00:00,176,101.94,143.86,8.25,41.97,1.17,76.76
4405A,2026-02-12 04:00:00,180,102.08,132.08,26.89,40.56,1.72,97.6
4406A,2026-02-12 04:00:00,177,108.78,131.29,10.97,23.22,1.99,41.67
4407A,2026-02-12 04:00:00,78,46.95,56.23,14.28,21.6,1.72,90.32
4408A,2026-02-12 04:00:00,163,107.31,137.58,7.71,34.61,1.96,42.11
4409A,2026-02-12 04:00:00,162,91.63,140.46,11.53,39.86,1.57,43.85
4401B,2026-02-12 04:00:00,60,44.23,43.26,22.71,28.08,1.87,89.77
4402B,2026-02-12 04:00:00,81,49.87,59.94,16.74,21.17,1.63,45.23
4403B,2026-02-12 04:00:00,105,69.86,97.08,23.7,43.43,1.58,51.33
4404B,2026-02-12 04:00:00,35,16.73,21.76,25.86,38.83,1.43,105.91
4405B,2026-02-12 04:00:00,36,15.34,37.12,15.43,21.23,2.1,25.79
4406B,2026-02-12 04:00:00,128,84.58,104.95,13.73,37.95,1.47,60.85
5101A,2026-02-12 04:00:00,184,109.71,157.16,20.35,16.82,2.26,23.79
5102A,2026-02-12 04:00:00,118,74.78,97.99,12.91,19.57,1.37,89.37
5103A,2026-02-12 04:00:00,154,93.31,127.15,22.2,46.87,2.4,54.73
5104A,2026-02-12 04:00:00,82,50.15,74.97,28.71,42.74,2.16,29.35
5105A,2026-02-12 04:00:00,134,74.34,102.6,6.63,34.26,2.26,32.99
5106A,2026-02-12 04:00:00,33,12.36,14.51,21.19,22.01,0.81,32.7
5107A,2026-02-12 04:00:00,80,46.0,65.09,8.48,17.17,1.51,83.22
1101A,2026-02-12 05:00:00,185,101.24,139.08,26.61,30.95,1.06,89.74
1102A,2026-02-12 05:00:00,182,112.56,134.26,13.81,48.19,2.27,21.46
1103A,2026-02-12 05:00:00,122,65.39,110.95,26.88,45.49,0.76,46.48
1104A,2026-02-12 05:00:00,104,52.59,97.87,10.89,42.08,1.12,60.52
1105A,2026-02-12 05:00:00,181,106.75,152.75,19.48,37.93,0.85,59.62
1106A,2026-02-12 05:00:00,199,115.9,166.97,11.57,32.77,2.02,51.25
1107A,2026-02-12 05:00:00,173,96.17,140.44,19.95,17.79,0.69,74.96
1108A,2026-02-12 05:00:00,69,33.54,61.35,26.28,44.49,1.45,28.69
1109A,2026-02-12 05:00:00,52,26.68,54.37,21.7,16.85,1.56,73.02
1201A,2026-02-12 05:00:00,34,25.66,24.26,15.15,25.74,1.45,53.73
1202A,2026-02-12 05:00:00,96,62.48,86.79,12.41,43.2,2.18,112.51
1203A,2026-02-12 05:00:00,34,11.9,24.27,15.6,23.79,0.74,26.85
1204A,2026-02-12 05:00:00,85,46.92,61.34,8.49,29.36,0.75,74.05
4401A,2026-02-12 05:00:00,186,110.38,146.15,22.7,41.33,0.56,52.74
4402A,2026-02-12 05:00:00,171,99.7,143.71,24.05,33.84,1.61,23.5
4403A,2026-02-12 05:00:00,114,77.34,96.94,19.54,33.74,0.63,27.25
4404A,2026-02-12 05:00:00,155,85.84,132.95,5.4,49.15,1.57,61.5
4405A,2026-02-12 05:00:00,42,19.35,24.26,7.01,32.89,1.3,118.0
4406A,2026-02-12 05:00:00,70,41.49,67.03,29.1,35.28,2.27,116.59
4407A,2026-02-12 05:00:00,88,59.09,74.57,9.83,20.79,1.49,110.92
4408A,2026-02-12 05:00:00,186,106.33,157.05,16.13,22.39,2.38,107.43
4409A,2026-02-12 05:00:00,99,57.52,76.86,10.61,36.8,0.7,37.2
4401B,2026-02-12 05:00:00,46,21.86,23.36,16.22,32.3,2.31,33.77
4402B,2026-02-12 05:00:00,88,47.78,61.4,12.11,21.22,0.71,46.55
4403B,2026-02-12 05:00:00,119,75.03,94.81,28.7,49.89,2.42,37.32
4404B,2026-02-12 05:00:00,198,118.15,151.08,8.32,27.86,1.96,34.05
4405B,2026-02-12 05:00:00,47,37.06,33.76,15.6,30.27,1.97,77.74
4406B,2026-02-12 05:00:00,169,109.68,146.01,14.15,19.06,2.15,91.3
5101A,2026-02-12 05:00:00,58,38.71,41.95,7.75,43.24,1.8,33.03
5102A,2026-02-12 05:00:00,36,21.33,23.55,8.8,32.12,2.4,91.09
5103A,2026-02-12 05:00:00,192,111.19,153.89,17.25,45.31,2.02,57.49
5104A,2026-02-12 05:00:00,184,120.37,135.68,24.89,23.88,1.34,108.97
5105A,2026-02-12 05:00:00,63,41.86,35.91,17.43,27.36,1.78,96.89
5106A,2026-02-12 05:00:00,121,69.75,100.5,14.89,36.55,1.24,46.44
5107A,2026-02-12 05:00:00,100,52.26,76.15,11.4,28.09,2.1,107.46
1101A,2026-02-12 06:00:00,94,61.16,64.79,9.91,38.48,2.26,86.81
1102A,2026-02-12 06:00:00,197,122.07,159.4,10.09,17.68,2.15,109.06
1103A,2026-02-12 06:00:00,192,120.28,155.18,9.15,16.3,2.34,104.44
1104A,2026-02-12 06:00:00,44,31.82,28.98,14.89,23.24,0.57,67.17
1105A,2026-02-12 06:00:00,161,91.49,113.87,18.72,46.14,2.03,43.67
1106A,2026-02-12 06:00:00,78,54.69,49.08,24.14,36.87,2.36,32.08
1107A,2026-02-12 06:00:00,104,54.12,86.57,25.64,34.05,0.64,51.01
1108A,2026-02-12 06:00:00,143,93.3,110.83,24.31,15.45,2.31,110.92
1109A,2026-02-12 06:00:00,40,28.21,46.41,10.98,34.25,1.74,77.88
1201A,2026-02-12 06:00:00,204,124.52,175.78,9.08,15.68,0.54,75.68
1202A,2026-02-12 06:00:00,34,25.94,26.14,7.85,21.0,1.07,117.85
1203A,2026-02-12 06:00:00,114,77.15,79.38,12.14,41.35,2.35,109.57
1204A,2026-02-12 06:00:00,56,35.37,30.29,5.49,48.13,2.38,109.2
4401A,2026-02-12 06:00:00,154,96.65,112.88,19.21,35.14,2.23,86.67
4402A,2026-02-12 06:00:00,87,44.01,83.26,9.83,22.43,1.89,75.89
4403A,2026-02-12 06:00:00,118,71.41,90.72,11.75,42.32,1.29,61.59
4404A,2026-02-12 06:00:00,39,25.95,34.74,20.27,23.6,1.79,109.35
4405A,2026-02-12 06:00:00,185,112.5,155.31,13.97,49.39,0.7,32.19
4406A,2026-02-12 06:00:00,37,22.06,17.61,7.09,42.13,2.02,119.68
4407A,2026-02-12 06:00:00,187,104.04,140.87,13.12,25.37,0.93,37.45
4408A,2026-02-12 06:00:00,89,44.97,79.46,9.65,45.97,1.1,86.63
4409A,2026-02-12 06:00:00,102,67.96,79.84,15.09,18.7,0.58,73.25
4401B,2026-02-12 06:00:00,131,78.45,102.53,19.79,49.72,1.21,80.2
4402B,2026-02-12 06:00:00,97,50.08,75.93,23.82,28.63,1.56,48.14
4403B,2026-02-12 06:00:00,194,106.65,152.35,6.19,40.95,1.2,37.21
4404B,2026-02-12 06:00:00,139,87.16,97.39,15.22,29.62,1.26,20.53
4405B,2026-02-12 06:00:00,188,117.91,161.2,28.08,41.06,1.43,51.29
4406B,2026-02-12 06:00:00,71,51.6,62.07,16.53,28.4,1.16,106.18
5101A,2026-02-12 06:00:00,49,35.07,40.26,20.13,26.87,2.37,60.83
5102A,2026-02-12 06:00:00,200,124.76,152.73,14.17,39.53,1.05,69.26
5103A,2026-02-12 06:00:00,109,55.45,72.59,18.19,46.58,1.66,70.35
5104A,2026-02-12 06:00:00,104,66.95,93.83,9.33,42.99,2.43,102.6
5105A,2026-02-12 06:00:00,110,67.94,100.17,25.64,38.41,0.92,21.77
5106A,2026-02-12 06:00:00,184,109.31,153.83,13.75,16.04,0.88,72.42
5107A,2026-02-12 06:00:00,190,119.58,139.36,29.57,28.68,2.43,95.97
1101A,2026-02-12 07:00:00,56,24.71,32.68,22.91,45.45,1.41,93.72
1102A,2026-02-12 07:00:00,101,53.04,79.0,11.99,47.25,2.18,65.58
1103A,2026-02-12 07:00:00,97,61.71,78.98,14.66,27.65,0.87,112.77
1104A,2026-02-12 07:00:00,210,118.27,156.63,11.69,36.78,1.9,33.6
1105A,2026-02-12 07:00:00,178,105.58,130.95,5.41,30.44,1.95,29.73
1106A,2026-02-12 07:00:00,62,34.92,50.37,21.72,46.77,1.74,79.12
1107A,2026-02-12 07:00:00,81,49.67,74.69,6.51,43.88,1.08,50.65
1108A,2026-02-12 07:00:00,178,103.5,133.34,29.78,17.85,1.35,60.39
1109A,2026-02-12 07:00:00,94,63.28,60.75,22.52,29.57,1.04,119.0
1201A,2026-02-12 07:00:00,57,40.79,58.35,17.38,43.72,2.37,71.76
1202A,2026-02-12 07:00:00,49,30.2,32.72,8.39,23.79,1.09,50.48
1203A,2026-02-12 07:00:00,64,33.65,38.78,29.52,28.17,1.29,99.56
1204A,2026-02-12 07:00:00,89,50.72,68.8,24.78,18.1,2.05,95.03
4401A,2026-02-12 07:00:00,205,121.93,151.89,18.59,44.6,1.24,109.08
4402A,2026-02-12 07:00:00,192,111.43,158.43,23.16,23.86,0.69,25.77
4403A,2026-02-12 07:00:00,111,63.97,103.06,27.28,42.95,1.83,52.07
4404A,2026-02-12 07:00:00,58,29.19,32.75,23.16,32.35,1.77,22.61
4405A,2026-02-12 07:00:00,119,76.27,92.9,22.34,31.33,1.73,38.56
4406A,2026-02-12 07:00:00,136,74.42,111.74,15.06,28.45,2.41,53.34
4407A,2026-02-12 07:00:00,163,101.99,119.52,12.05,47.99,1.16,118.51
4408A,2026-02-12 07:00:00,179,109.4,128.64,26.08,22.74,2.1,96.34
4409A,2026-02-12 07:00:00,121,74.41,86.0,25.36,49.39,2.49,75.82
4401B,2026-02-12 07:00:00,188,116.99,150.09,9.34,43.97,2.36,48.75
4402B,2026-02-12 07:00:00,163,94.34,143.89,7.48,40.77,0.77,46.66
4403B,2026-02-12 07:00:00,143,80.32,128.47,8.66,34.07,1.65,28.21
4404B,2026-02-12 07:00:00,38,14.54,40.02,18.61,17.59,0.55,88.33
4405B,2026-02-12 07:00:00,116,63.88,94.65,6.93,47.12,1.74,113.3
4406B,2026-02-12 07:00:00,190,122.92,137.63,12.56,41.59,2.01,20.95
5101A,2026-02-12 07:00:00,139,92.11,123.23,14.71,49.64,1.53,108.35
5102A,2026-02-12 07:00:00,139,92.7,98.75,9.91,22.1,0.69,39.57
5103A,2026-02-12 07:00:00,156,90.3,115.5,21.39,40.01,1.69,81.39
5104A,2026-02-12 07:00:00,205,118.72,176.75,25.38,40.32,1.49,30.17
5105A,2026-02-12 07:00:00,94,50.64,61.57,28.85,20.29,2.26,58.55
5106A,2026-02-12 07:00:00,59,30.49,48.64,10.2,35.59,2.17,32.97
5107A,2026-02-12 07:00:00,176,107.15,151.34,26.42,47.16,1.31,102.63
1101A,2026-02-12 08:00:00,186,117.43,134.21,27.04,44.5,1.11,69.06
1102A,2026-02-12 08:00:00,52,27.02,28.54,25.08,47.95,2.35,79.57
1103A,2026-02-12 08:00:00,187,111.12,155.48,28.17,48.45,1.24,63.04
1104A,2026-02-12 08:00:00,69,48.71,53.72,29.26,48.51,0.98,33.03
1105A,2026-02-12 08:00:00,70,34.96,42.55,21.31,40.39,2.32,88.65
1106A,2026-02-12 08:00:00,198,114.14,156.06,25.0,33.42,1.38,65.15
1107A,2026-02-12 08:00:00,138,87.63,117.83,8.17,34.21,1.74,40.68
1108A,2026-02-12 08:00:00,57,31.94,54.62,17.63,25.21,1.15,67.0
1109A,2026-02-12 08:00:00,158,86.61,141.12,12.0,29.81,2.18,116.43
1201A,2026-02-12 08:00:00,61,30.01,58.84,15.81,42.23,2.48,66.03
1202A,2026-02-12 08:00:00,135,83.83,93.32,21.37,22.42,1.56,71.52
1203A,2026-02-12 08:00:00,165,108.37,124.88,14.89,37.58,1.46,80.18
1204A,2026-02-12 08:00:00,194,117.4,141.93,17.59,18.78,0.82,28.66
4401A,2026-02-12 08:00:00,141,76.7,119.33,29.38,41.93,2.31,117.88
4402A,2026-02-12 08:00:00,202,115.8,163.99,23.06,35.64,0.73,103.99
4403A,2026-02-12 08:00:00,56,34.48,59.17,5.93,33.47,1.84,114.65
4404A,2026-02-12 08:00:00,183,108.52,152.64,14.71,21.5,1.51,82.57
4405A,2026-02-12 08:00:00,189,116.1,145.28,28.64,27.01,1.12,60.84
4406A,2026-02-12 08:00:00,97,60.01,82.16,19.23,17.06,1.52,119.88
4407A,2026-02-12 08:00:00,186,108.98,145.39,6.04,40.98,2.45,119.54
4408A,2026-02-12 08:00:00,82,54.82,65.2,13.73,33.95,0.82,104.71
4409A,2026-02-12 08:00:00,210,118.28,181.65,18.15,28.5,1.17,43.92
4401B,2026-02-12 08:00:00,193,117.42,162.75,17.41,48.36,0.61,30.52
4402B,2026-02-12 08:00:00,140,92.21,98.94,25.07,48.24,1.47,20.9
4403B,2026-02-12 08:00:00,54,31.11,40.37,28.62,15.42,2.01,87.14
4404B,2026-02-12 08:00:00,39,25.48,19.32,25.12,48.68,0.56,62.16
4405B,2026-02-12 08:00:00,135,86.42,117.66,14.21,33.74,0.75,69.27
4406B,2026-02-12 08:00:00,144,91.28,119.16,5.88,15.61,1.21,103.53
5101A,2026-02-12 08:00:00,165,95.06,129.97,19.66,32.2,0.77,84.87
5102A,2026-02-12 08:00:00,54,23.23,33.1,28.44,48.78,1.75,24.57
5103A,2026-02-12 08:00:00,110,56.35,83.03,16.21,25.54,1.36,103.21
5104A,2026-02-12 08:00:00,99,62.99,73.7,19.66,44.91,2.48,77.26
5105A,2026-02-12 08:00:00,38,14.45,23.5,22.71,16.21,2.18,33.98
5106A,2026-02-12 08:00:00,147,96.62,112.82,23.68,29.28,0.65,21.53
5107A,2026-02-12 08:00:00,61,38.5,53.42,9.42,27.11,0.79,80.15
1101A,2026-02-12 09:00:00,102,55.09,91.54,8.83,41.89,0.89,118.88
1102A,2026-02-12 09:00:00,42,30.26,34.58,27.09,36.05,1.38,75.63
1103A,2026-02-12 09:00:00,68,41.56,56.81,25.83,43.06,0.87,33.01
1104A,2026-02-12 09:00:00,148,94.05,127.36,29.22,41.34,1.82,47.4
1105A,2026-02-12 09:00:00,167,93.67,136.64,25.36,28.24,0.85,79.94
1106A,2026-02-12 09:00:00,79,38.97,68.82,25.37,43.44,2.2,101.63
1107A,2026-02-12 09:00:00,188,104.38,153.63,15.92,22.67,1.39,89.49
1108A,2026-02-12 09:00:00,85,46.69,68.62,9.01,27.04,0.53,70.55
1109A,2026-02-12 09:00:00,211,124.16,176.01,9.82,18.14,0.76,69.76
1201A,2026-02-12 09:00:00,162,104.54,140.91,27.33,24.98,1.29,54.61
1202A,2026-02-12 09:00:00,129,67.97,111.44,28.92,42.78,2.21,59.05
1203A,2026-02-12 09:00:00,156,84.8,133.9,18.48,26.88,0.87,57.53
1204A,2026-02-12 09:00:00,104,65.35,76.12,18.95,22.67,1.88,30.65
4401A,2026-02-12 09:00:00,186,116.41,138.87,22.21,45.53,1.71,36.64
4402A,2026-02-12 09:00:00,127,74.76,90.52,13.54,38.22,1.86,109.85
4403A,2026-02-12 09:00:00,167,100.89,129.26,17.19,24.71,1.39,87.58
4404A,2026-02-12 09:00:00,106,54.04,96.43,29.1,27.21,1.33,48.88
4405A,2026-02-12 09:00:00,91,49.26,59.75,20.75,20.95,0.86,20.55
4406A,2026-02-12 09:00:00,151,87.17,120.59,29.54,47.2,0.51,27.28
4407A,2026-02-12 09:00:00,107,66.65,96.92,19.84,28.56,1.77,52.67
4408A,2026-02-12 09:00:00,219,130.16,182.01,13.4,24.44,1.43,115.99
4409A,2026-02-12 09:00:00,88,58.93,83.82,21.56,29.72,2.14,100.93
4401B,2026-02-12 09:00:00,208,133.33,152.29,15.9,23.64,1.47,35.09
4402B,2026-02-12 09:00:00,77,55.24,47.54,15.47,16.4,0.81,39.7
4403B,2026-02-12 09:00:00,173,97.3,144.64,21.29,37.56,1.94,62.17
4404B,2026-02-12 09:00:00,117,64.24,108.04,29.54,23.47,0.79,37.91
4405B,2026-02-12 09:00:00,122,70.86,89.36,22.14,49.58,2.11,117.46
4406B,2026-02-12 09:00:00,213,137.65,166.99,17.34,18.63,1.39,117.99
5101A,2026-02-12 09:00:00,177,96.47,137.95,29.34,36.14,2.07,60.35
5102A,2026-02-12 09:00:00,44,21.78,31.1,24.05,15.81,0.79,82.27
5103A,2026-02-12 09:00:00,41,17.12,36.2,14.15,43.67,0.78,107.62
5104A,2026-02-12 09:00:00,113,77.0,80.63,16.11,44.48,1.96,98.15
5105A,2026-02-12 09:00:00,215,136.98,159.54,17.96,17.03,1.92,118.84
5106A,2026-02-12 09:00:00,46,30.03,45.65,11.24,19.04,1.9,30.53
5107A,2026-02-12 09:00:00,214,125.69,157.26,26.71,19.2,0.71,83.83
1101A,2026-02-12 10:00:00,110,58.52,93.51,7.63,44.79,1.67,113.02
1102A,2026-02-12 10:00:00,98,50.13,93.16,29.27,36.42,1.22,102.99
1103A,2026-02-12 10:00:00,193,124.66,154.27,8.77,46.45,0.78,86.36
1104A,2026-02-12 10:00:00,162,94.55,139.86,27.84,30.84,1.17,96.32
1105A,2026-02-12 10:00:00,152,84.67,114.11,24.47,30.55,1.7,29.51
1106A,2026-02-12 10:00:00,121,63.24,92.2,28.48,46.65,1.13,98.43
1107A,2026-02-12 10:00:00,67,48.68,65.13,7.5,30.25,0.92,107.61
1108A,2026-02-12 10:00:00,195,111.13,143.23,18.82,35.04,1.36,119.96
1109A,2026-02-12 10:00:00,58,37.04,32.43,16.98,41.64,0.86,64.42
1201A,2026-02-12 10:00:00,153,91.31,123.59,20.25,35.65,1.18,104.85
1202A,2026-02-12 10:00:00,156,102.13,119.84,5.3,23.6,0.64,67.77
1203A,2026-02-12 10:00:00,217,137.47,166.66,25.48,45.4,2.12,108.01
1204A,2026-02-12 10:00:00,218,134.52,180.41,25.22,26.67,1.86,86.06
4401A,2026-02-12 10:00:00,151,87.59,119.63,5.28,19.04,1.5,32.67
4402A,2026-02-12 10:00:00,106,72.63,91.84,11.95,49.36,1.49,41.47
4403A,2026-02-12 10:00:00,100,69.61,87.03,18.25,21.71,1.77,104.63
4404A,2026-02-12 10:00:00,175,98.12,134.73,8.77,28.99,1.77,26.47
4405A,2026-02-12 10:00:00,92,64.97,86.64,21.49,15.99,0.95,100.19
4406A,2026-02-12 10:00:00,146,79.19,106.22,17.21,42.89,1.09,108.88
4407A,2026-02-12 10:00:00,160,96.82,114.51,9.02,16.72,0.75,25.38
4408A,2026-02-12 10:00:00,212,135.81,170.45,5.3,17.31,1.94,37.42
4409A,2026-02-12 10:00:00,203,117.44,149.95,9.89,20.43,1.66,87.56
4401B,2026-02-12 10:00:00,63,40.47,60.34,20.63,33.72,2.09,64.51
4402B,2026-02-12 10:00:00,167,92.49,120.42,28.85,42.8,1.67,108.75
4403B,2026-02-12 10:00:00,195,116.88,169.12,10.13,30.48,2.32,105.19
4404B,2026-02-12 10:00:00,181,114.52,138.83,14.88,49.72,1.47,48.45
4405B,2026-02-12 10:00:00,60,27.12,44.55,24.11,19.82,0.74,77.98
4406B,2026-02-12 10:00:00,127,84.67,110.84,22.33,43.06,1.17,99.26
5101A,2026-02-12 10:00:00,127,77.88,89.07,27.65,39.36,1.44,64.23
5102A,2026-02-12 10:00:00,127,85.24,91.51,21.93,23.3,1.25,105.95
5103A,2026-02-12 10:00:00,45,17.67,34.09,22.32,16.25,0.93,28.85
5104A,2026-02-12 10:00:00,116,71.7,93.34,5.82,23.42,0.95,34.61
5105A,2026-02-12 10:00:00,138,83.67,99.92,25.58,45.98,1.47,106.39
5106A,2026-02-12 10:00:00,68,41.98,41.2,26.87,26.44,0.58,79.0
5107A,2026-02-12 10:00:00,182,109.9,152.4,25.83,39.47,2.24,20.22
1101A,2026-02-12 11:00:00,121,68.48,84.12,20.89,47.0,0.52,33.38
1102A,2026-02-12 11:00:00,87,58.39,68.31,29.6,16.64,1.63,63.16
1103A,2026-02-12 11:00:00,158,98.97,113.97,17.98,26.0,1.96,112.99
1104A,2026-02-12 11:00:00,93,53.66,61.92,10.14,36.44,1.65,78.18
1105A,2026-02-12 11:00:00,200,122.29,149.98,25.25,15.14,1.04,29.72
1106A,2026-02-12 11:00:00,75,45.26,70.22,15.92,15.57,1.14,72.82
1107A,2026-02-12 11:00:00,167,104.9,129.54,17.45,38.79,1.19,61.46
1108A,2026-02-12 11:00:00,103,64.73,83.78,27.45,45.97,1.99,91.45
1109A,2026-02-12 11:00:00,73,41.68,59.6,17.94,42.44,2.11,56.51
1201A,2026-02-12 11:00:00,226,136.1,181.74,18.89,38.32,0.52,51.72
1202A,2026-02-12 11:00:00,225,128.81,180.8,17.95,26.87,0.51,58.74
1203A,2026-02-12 11:00:00,141,89.18,119.31,7.93,49.85,1.43,87.26
1204A,2026-02-12 11:00:00,158,97.43,138.55,26.45,18.58,1.97,55.73
4401A,2026-02-12 11:00:00,183,100.21,152.01,6.01,30.05,2.17,39.11
4402A,2026-02-12 11:00:00,133,78.28,93.31,28.86,38.57,0.92,40.17
4403A,2026-02-12 11:00:00,81,46.99,60.41,18.55,24.79,1.2,85.62
4404A,2026-02-12 11:00:00,40,31.0,33.68,12.31,29.94,2.22,93.13
4405A,2026-02-12 11:00:00,51,25.75,43.27,6.05,18.41,2.42,47.02
4406A,2026-02-12 11:00:00,164,108.37,135.07,24.64,20.92,1.35,87.78
4407A,2026-02-12 11:00:00,155,84.09,119.57,14.71,26.86,0.56,75.17
4408A,2026-02-12 11:00:00,62,40.03,61.99,12.38,19.44,1.55,36.12
4409A,2026-02-12 11:00:00,193,107.68,155.4,29.44,46.79,1.71,99.46
4401B,2026-02-12 11:00:00,48,27.06,51.64,10.73,48.52,0.79,96.98
4402B,2026-02-12 11:00:00,119,79.49,81.62,24.31,34.31,0.85,112.09
4403B,2026-02-12 11:00:00,76,50.83,63.76,12.39,31.86,0.57,84.01
4404B,2026-02-12 11:00:00,168,105.04,131.48,24.87,33.15,0.77,106.69
4405B,2026-02-12 11:00:00,177,113.03,128.93,12.19,28.92,1.76,39.97
4406B,2026-02-12 11:00:00,99,65.38,86.8,23.95,47.93,0.5,44.46
5101A,2026-02-12 11:00:00,91,44.93,65.74,28.16,16.74,1.26,29.28
5102A,2026-02-12 11:00:00,221,138.51,169.95,15.03,35.04,1.68,99.23
5103A,2026-02-12 11:00:00,107,70.77,76.84,23.79,45.72,1.89,40.27
5104A,2026-02-12 11:00:00,43,25.57,28.75,26.56,21.18,1.66,98.54
5105A,2026-02-12 11:00:00,102,68.05,96.06,28.25,26.82,2.09,29.6
5106A,2026-02-12 11:00:00,188,122.3,148.6,7.59,39.8,0.89,85.55
5107A,2026-02-12 11:00:00,45,18.32,35.33,9.01,37.01,1.53,46.31
1101A,2026-02-12 12:00:00,70,43.53,50.88,20.78,20.22,1.86,97.98
1102A,2026-02-12 12:00:00,205,119.75,163.83,15.52,28.5,2.19,66.65
1103A,2026-02-12 12:00:00,111,66.32,84.61,29.52,37.42,2.48,27.37
1104A,2026-02-12 12:00:00,50,27.34,30.84,13.42,17.15,1.75,27.33
1105A,2026-02-12 12:00:00,159,93.51,120.46,5.84,43.8,2.38,77.53
1106A,2026-02-12 12:00:00,204,122.02,149.36,27.12,29.44,0.75,112.18
1107A,2026-02-12 12:00:00,182,118.93,137.48,6.42,36.38,1.45,112.9
1108A,2026-02-12 12:00:00,214,132.68,180.28,14.17,33.99,1.77,105.68
1109A,2026-02-12 12:00:00,222,142.86,171.57,25.39,36.27,2.11,113.65
1201A,2026-02-12 12:00:00,63,34.61,59.33,8.77,37.8,2.29,114.58
1202A,2026-02-12 12:00:00,54,34.8,39.59,19.69,32.58,1.48,65.24
1203A,2026-02-12 12:00:00,57,34.37,40.01,12.8,22.66,1.52,54.27
1204A,2026-02-12 12:00:00,65,40.76,58.88,16.89,30.84,0.95,69.33
4401A,2026-02-12 12:00:00,123,73.88,108.65,6.8,26.22,2.02,46.25
4402A,2026-02-12 12:00:00,213,132.63,178.56,10.61,32.8,2.3,68.48
4403A,2026-02-12 12:00:00,211,119.87,176.85,21.39,15.16,1.11,68.55
4404A,2026-02-12 12:00:00,182,102.56,153.86,9.19,46.99,1.94,52.26
4405A,2026-02-12 12:00:00,144,94.22,119.34,5.82,21.47,1.79,40.73
4406A,2026-02-12 12:00:00,166,93.53,131.38,28.68,32.67,2.0,87.97
4407A,2026-02-12 12:00:00,126,83.12,115.03,15.43,18.63,0.82,81.22
4408A,2026-02-12 12:00:00,197,112.8,164.88,13.9,34.02,1.06,89.19
4409A,2026-02-12 12:00:00,208,117.18,156.93,11.7,48.37,1.83,31.19
4401B,2026-02-12 12:00:00,128,69.33,87.54,24.24,49.06,1.02,99.43
4402B,2026-02-12 12:00:00,50,32.53,42.71,9.22,31.22,1.7,109.42
4403B,2026-02-12 12:00:00,70,35.68,45.17,10.24,23.38,0.62,22.81
4404B,2026-02-12 12:00:00,83,59.02,79.95,25.09,49.99,2.1,44.69
4405B,2026-02-12 12:00:00,217,123.52,159.88,20.77,36.64,0.76,102.91
4406B,2026-02-12 12:00:00,105,66.47,86.04,24.65,22.54,1.41,34.13
5101A,2026-02-12 12:00:00,154,99.02,135.64,5.44,38.14,1.12,79.31
5102A,2026-02-12 12:00:00,192,108.59,145.28,15.5,49.95,1.22,73.52
5103A,2026-02-12 12:00:00,98,50.32,77.03,24.36,31.0,0.99,65.43
5104A,2026-02-12 12:00:00,115,75.42,84.69,10.47,18.48,2.27,95.03
5105A,2026-02-12 12:00:00,170,97.56,150.98,19.46,43.95,0.93,57.42
5106A,2026-02-12 12:00:00,148,92.1,122.39,9.21,45.8,2.05,53.02
5107A,2026-02-12 12:00:00,215,119.48,159.31,7.61,33.12,0.64,30.1
1101A,2026-02-12 13:00:00,103,54.54,78.18,13.14,38.09,1.68,92.12
1102A,2026-02-12 13:00:00,136,78.28,99.27,23.82,22.58,2.49,77.19
1103A,2026-02-12 13:00:00,85,41.61,63.87,16.34,27.07,0.96,34.28
1104A,2026-02-12 13:00:00,118,75.16,91.93,14.77,34.77,0.7,27.63
1105A,2026-02-12 13:00:00,189,109.02,151.5,27.88,40.16,1.12,119.15
1106A,2026-02-12 13:00:00,100,54.43,80.4,8.06,22.36,0.91,112.73
1107A,2026-02-12 13:00:00,45,31.86,49.71,21.01,17.35,1.53,99.59
1108A,2026-02-12 13:00:00,43,19.73,36.13,11.63,46.41,1.53,98.55
1109A,2026-02-12 13:00:00,193,123.69,144.66,10.74,43.51,0.94,31.51
1201A,2026-02-12 13:00:00,118,70.22,108.03,7.51,18.82,2.18,50.26
1202A,2026-02-12 13:00:00,85,59.73,80.2,6.63,16.7,1.99,25.58
1203A,2026-02-12 13:00:00,105,69.33,91.45,10.7,45.23,2.41,27.56
1204A,2026-02-12 13:00:00,108,69.47,91.26,11.87,43.73,0.6,82.89
4401A,2026-02-12 13:00:00,153,97.68,120.65,28.18,29.15,1.06,115.12
4402A,2026-02-12 13:00:00,135,83.14,121.68,21.31,38.71,1.04,56.4
4403A,2026-02-12 13:00:00,119,75.0,96.91,7.53,47.87,1.46,99.16
4404A,2026-02-12 13:00:00,126,66.74,93.76,14.27,38.9,2.11,104.27
4405A,2026-02-12 13:00:00,135,86.86,122.63,14.89,29.69,2.18,34.95
4406A,2026-02-12 13:00:00,108,61.87,78.7,28.69,15.18,1.96,76.21
4407A,2026-02-12 13:00:00,63,34.69,41.48,13.35,30.51,0.6,89.83
4408A,2026-02-12 13:00:00,187,121.32,163.16,21.44,42.66,1.52,82.19
4409A,2026-02-12 13:00:00,216,121.36,178.63,14.81,16.35,1.97,48.87
4401B,2026-02-12 13:00:00,145,82.47,102.4,16.73,31.94,2.21,42.24
4402B,2026-02-12 13:00:00,175,104.24,125.24,21.99,33.59,0.67,48.88
4403B,2026-02-12 13:00:00,179,108.38,131.51,6.67,19.98,1.51,21.91
4404B,2026-02-12 13:00:00,109,70.4,96.23,27.68,21.82,0.79,70.04
4405B,2026-02-12 13:00:00,95,47.82,76.62,16.1,43.68,0.74,68.9
4406B,2026-02-12 13:00:00,145,83.16,103.37,11.12,40.13,0.86,29.41
5101A,2026-02-12 13:00:00,228,145.44,186.99,13.38,26.12,1.31,39.31
5102A,2026-02-12 13:00:00,121,76.38,87.4,18.88,23.1,1.42,77.75
5103A,2026-02-12 13:00:00,205,122.45,160.31,24.06,34.34,1.22,30.98
5104A,2026-02-12 13:00:00,216,134.01,173.97,23.32,46.65,1.72,69.75
5105A,2026-02-12 13:00:00,163,104.04,120.01,21.28,43.1,0.5,39.19
5106A,2026-02-12 13:00:00,47,20.24,36.43,24.97,45.31,1.12,114.23
5107A,2026-02-12 13:00:00,124,66.01,87.61,8.65,44.95,1.56,31.22
1101A,2026-02-12 14:00:00,37,31.82,18.2,22.31,38.95,1.23,44.36
1102A,2026-02-12 14:00:00,153,100.74,136.37,24.52,15.06,1.65,99.64
1103A,2026-02-12 14:00:00,43,16.86,23.66,9.41,15.1,1.62,106.02
1104A,2026-02-12 14:00:00,131,86.01,101.1,12.36,27.47,2.21,88.71
1105A,2026-02-12 14:00:00,170,98.01,130.01,18.94,23.56,0.81,57.14
1106A,2026-02-12 14:00:00,152,95.04,125.1,15.53,34.85,0.8,87.64
1107A,2026-02-12 14:00:00,75,39.19,48.87,27.61,22.74,2.27,104.2
1108A,2026-02-12 14:00:00,80,54.83,62.9,17.15,19.24,2.12,94.28
1109A,2026-02-12 14:00:00,203,122.85,154.03,16.5,32.01,2.1,92.71
1201A,2026-02-12 14:00:00,206,119.83,161.59,20.92,41.3,1.13,112.2
1202A,2026-02-12 14:00:00,91,59.64,87.41,10.63,46.88,1.15,82.65
1203A,2026-02-12 14:00:00,182,119.1,138.99,14.08,21.16,0.6,110.5
1204A,2026-02-12 14:00:00,190,111.85,163.86,23.93,15.24,1.34,118.43
4401A,2026-02-12 14:00:00,180,108.79,142.85,28.01,33.96,1.79,20.04
4402A,2026-02-12 14:00:00,218,122.26,160.89,14.18,36.1,1.88,57.37
4403A,2026-02-12 14:00:00,62,33.01,62.74,12.06,49.96,1.88,44.57
4404A,2026-02-12 14:00:00,152,90.17,107.02,18.76,26.81,1.65,21.1
4405A,2026-02-12 14:00:00,86,52.26,78.56,19.96,28.71,0.75,78.26
4406A,2026-02-12 14:00:00,181,109.62,144.43,21.82,28.74,1.18,73.39
4407A,2026-02-12 14:00:00,201,112.76,154.82,20.46,32.99,1.16,44.9
4408A,2026-02-12 14:00:00,123,73.59,108.67,14.79,45.89,1.69,32.59
4409A,2026-02-12 14:00:00,165,94.65,127.79,13.33,29.06,2.29,84.79
4401B,2026-02-12 14:00:00,118,78.94,95.83,13.54,26.79,2.42,87.48
4402B,2026-02-12 14:00:00,145,79.56,127.62,16.55,19.26,2.03,32.67
4403B,2026-02-12 14:00:00,150,97.19,121.1,18.23,22.5,0.95,64.08
4404B,2026-02-12 14:00:00,198,124.66,162.62,20.71,15.1,1.34,92.46
4405B,2026-02-12 14:00:00,197,113.49,163.72,15.57,30.17,1.68,21.77
4406B,2026-02-12 14:00:00,193,118.36,160.61,27.8,39.86,2.29,42.2
5101A,2026-02-12 14:00:00,156,91.44,111.28,22.91,17.55,0.72,63.07
5102A,2026-02-12 14:00:00,76,38.62,56.16,8.87,35.77,0.94,89.24
5103A,2026-02-12 14:00:00,71,45.12,44.48,6.69,44.2,0.88,46.88
5104A,2026-02-12 14:00:00,222,131.97,163.79,17.32,21.63,1.56,39.08
5105A,2026-02-12 14:00:00,77,54.94,49.64,5.16,35.11,0.55,108.41
5106A,2026-02-12 14:00:00,100,67.66,88.85,8.51,44.21,1.56,35.63
5107A,2026-02-12 14:00:00,138,80.66,117.01,22.18,42.29,0.97,38.45
1101A,2026-02-12 15:00:00,51,39.63,55.28,29.66,45.87,1.97,79.0
1102A,2026-02-12 15:00:00,192,121.5,139.5,24.88,25.53,2.47,105.32
1103A,2026-02-12 15:00:00,166,102.92,136.88,5.74,25.35,0.5,34.34
1104A,2026-02-12 15:00:00,210,123.21,180.05,8.6,26.06,1.69,59.83
1105A,2026-02-12 15:00:00,214,133.71,164.07,8.49,20.4,2.3,34.2
1106A,2026-02-12 15:00:00,111,75.96,91.44,11.46,40.74,1.17,41.78
1107A,2026-02-12 15:00:00,167,94.64,121.16,15.33,23.93,2.36,50.94
1108A,2026-02-12 15:00:00,202,129.62,151.1,14.05,19.98,2.02,65.44
1109A,2026-02-12 15:00:00,42,18.2,29.54,18.14,35.8,2.37,37.41
1201A,2026-02-12 15:00:00,158,84.85,113.6,9.43,16.21,1.49,25.81
1202A,2026-02-12 15:00:00,219,126.81,168.11,24.28,38.46,1.09,76.69
1203A,2026-02-12 15:00:00,117,78.7,89.64,20.45,29.17,0.58,20.53
1204A,2026-02-12 15:00:00,55,40.47,58.92,25.01,17.92,1.56,96.33
4401A,2026-02-12 15:00:00,89,49.13,84.49,29.95,18.26,1.51,114.74
4402A,2026-02-12 15:00:00,205,118.4,155.83,14.48,42.86,0.89,68.68
4403A,2026-02-12 15:00:00,198,120.8,163.39,26.35,38.67,0.88,21.05
4404A,2026-02-12 15:00:00,110,64.54,76.15,7.23,18.45,1.97,36.95
4405A,2026-02-12 15:00:00,52,23.81,51.24,12.47,31.21,1.39,37.92
4406A,2026-02-12 15:00:00,162,94.2,129.14,8.95,19.83,0.76,22.97
4407A,2026-02-12 15:00:00,153,101.19,110.92,23.42,24.08,1.1,57.24
4408A,2026-02-12 15:00:00,188,109.99,135.4,12.34,34.0,1.52,37.77
4409A,2026-02-12 15:00:00,39,20.47,33.62,8.39,20.37,1.98,81.06
4401B,2026-02-12 15:00:00,62,44.92,51.84,7.02,49.26,1.96,33.67
4402B,2026-02-12 15:00:00,57,24.56,59.19,20.05,19.15,0.54,68.72
4403B,2026-02-12 15:00:00,112,63.4,92.99,15.78,19.35,0.76,116.95
4404B,2026-02-12 15:00:00,131,73.69,109.67,18.45,21.75,1.6,37.25
4405B,2026-02-12 15:00:00,175,107.53,142.93,28.43,41.57,2.5,26.86
4406B,2026-02-12 15:00:00,145,85.51,113.94,10.56,49.8,1.54,33.15
5101A,2026-02-12 15:00:00,109,59.11,76.92,15.77,17.84,2.33,86.98
5102A,2026-02-12 15:00:00,178,111.08,151.81,10.79,39.62,1.97,91.8
5103A,2026-02-12 15:00:00,154,91.33,129.95,28.56,40.13,1.52,89.55
5104A,2026-02-12 15:00:00,106,59.41,95.41,28.35,26.69,1.5,20.03
5105A,2026-02-12 15:00:00,121,77.17,86.38,28.49,41.24,1.77,58.18
5106A,2026-02-12 15:00:00,112,67.85,76.75,11.37,36.78,1.18,77.54
5107A,2026-02-12 15:00:00,135,75.0,111.95,26.53,32.5,2.05,85.72
1101A,2026-02-12 16:00:00,133,88.08,93.24,10.89,15.09,1.0,36.61
1102A,2026-02-12 16:00:00,201,122.35,156.55,16.9,28.2,1.79,104.26
1103A,2026-02-12 16:00:00,177,98.49,141.2,23.02,30.68,0.66,98.45
1104A,2026-02-12 16:00:00,108,59.62,99.05,14.66,28.42,2.3,86.4
1105A,2026-02-12 16:00:00,61,28.29,63.67,6.46,38.99,2.15,41.39
1106A,2026-02-12 16:00:00,132,85.03,96.9,15.46,22.83,2.37,55.74
1107A,2026-02-12 16:00:00,82,39.35,58.51,27.01,36.05,1.99,79.47
1108A,2026-02-12 16:00:00,104,60.42,87.41,14.38,35.51,2.14,90.34
1109A,2026-02-12 16:00:00,130,73.45,109.94,20.87,23.8,1.56,20.39
1201A,2026-02-12 16:00:00,168,105.93,122.59,15.05,19.01,0.88,35.2
1202A,2026-02-12 16:00:00,156,97.19,128.16,13.31,29.38,1.88,97.93
1203A,2026-02-12 16:00:00,171,105.54,123.91,24.03,17.58,1.48,84.78
1204A,2026-02-12 16:00:00,134,81.74,110.22,21.5,46.46,1.22,111.72
4401A,2026-02-12 16:00:00,129,73.91,101.69,23.52,30.61,1.42,30.67
4402A,2026-02-12 16:00:00,39,29.12,33.78,9.49,21.82,0.53,73.11
4403A,2026-02-12 16:00:00,128,76.76,109.83,14.39,31.63,1.25,89.12
4404A,2026-02-12 16:00:00,108,70.84,94.08,6.27,34.45,1.74,76.1
4405A,2026-02-12 16:00:00,192,118.8,154.33,9.41,35.44,1.97,35.77
4406A,2026-02-12 16:00:00,154,83.84,111.02,20.97,36.88,0.88,63.02
4407A,2026-02-12 16:00:00,207,124.17,156.79,14.27,30.53,0.82,26.52
4408A,2026-02-12 16:00:00,158,89.56,116.64,17.74,45.16,1.14,21.16
4409A,2026-02-12 16:00:00,182,109.54,151.52,26.09,36.6,1.76,56.05
4401B,2026-02-12 16:00:00,98,63.69,63.4,11.93,48.58,1.75,88.39
4402B,2026-02-12 16:00:00,193,110.17,145.82,29.62,49.66,2.14,118.56
4403B,2026-02-12 16:00:00,98,50.82,69.92,28.23,31.11,0.62,32.29
4404B,2026-02-12 16:00:00,97,63.06,65.91,19.38,17.46,2.43,23.12
4405B,2026-02-12 16:00:00,45,32.69,46.91,12.35,17.77,2.43,65.57
4406B,2026-02-12 16:00:00,93,50.45,88.76,28.89,47.07,2.38,91.91
5101A,2026-02-12 16:00:00,39,22.97,36.59,23.71,19.02,0.85,114.08
5102A,2026-02-12 16:00:00,154,92.29,117.97,26.64,16.3,2.36,74.03
5103A,2026-02-12 16:00:00,97,63.53,78.47,9.81,30.87,2.48,115.18
5104A,2026-02-12 16:00:00,210,135.4,164.5,20.17,49.17,0.66,96.81
5105A,2026-02-12 16:00:00,73,53.04,62.21,11.8,23.27,1.29,97.66
5106A,2026-02-12 16:00:00,127,73.9,92.78,6.28,48.35,1.34,112.8
5107A,2026-02-12 16:00:00,63,32.95,36.11,16.08,48.79,1.87,117.77
1101A,2026-02-12 17:00:00,65,42.47,57.17,5.77,45.41,0.69,29.1
1102A,2026-02-12 17:00:00,45,24.85,31.51,5.94,34.65,0.85,55.23
1103A,2026-02-12 17:00:00,65,47.27,38.62,24.68,46.54,0.64,26.45
1104A,2026-02-12 17:00:00,90,62.63,79.06,14.0,44.2,2.24,77.79
1105A,2026-02-12 17:00:00,102,51.82,75.95,20.24,18.01,2.28,94.09
1106A,2026-02-12 17:00:00,166,101.39,146.24,22.11,47.6,1.64,109.49
1107A,2026-02-12 17:00:00,182,100.95,154.31,6.62,40.04,1.33,72.93
1108A,2026-02-12 17:00:00,50,27.61,46.26,25.48,48.36,1.81,40.2
1109A,2026-02-12 17:00:00,83,45.61,68.64,15.63,19.28,1.32,102.89
1201A,2026-02-12 17:00:00,52,37.16,54.27,16.62,24.14,1.51,46.43
1202A,2026-02-12 17:00:00,203,126.78,150.87,8.17,28.96,0.73,100.46
1203A,2026-02-12 17:00:00,206,122.01,165.98,18.85,15.09,2.0,50.63
1204A,2026-02-12 17:00:00,71,39.09,47.43,5.61,15.05,2.49,105.63
4401A,2026-02-12 17:00:00,139,87.36,106.39,27.66,40.97,1.82,43.65
4402A,2026-02-12 17:00:00,142,84.12,110.85,12.41,25.27,1.86,85.35
4403A,2026-02-12 17:00:00,65,37.38,64.77,25.67,46.92,2.06,112.93
4404A,2026-02-12 17:00:00,76,35.68,63.18,18.79,22.69,0.52,38.47
4405A,2026-02-12 17:00:00,56,38.39,33.73,26.13,21.56,0.58,110.26
4406A,2026-02-12 17:00:00,202,125.41,159.33,12.2,46.74,0.62,109.41
4407A,2026-02-12 17:00:00,145,83.23,114.21,24.85,45.24,1.72,110.04
4408A,2026-02-12 17:00:00,126,80.12,97.02,14.86,24.56,0.61,74.54
4409A,2026-02-12 17:00:00,88,48.03,82.23,13.49,15.76,0.75,44.09
4401B,2026-02-12 17:00:00,57,42.81,51.54,29.98,41.34,1.85,69.3
4402B,2026-02-12 17:00:00,129,82.99,117.21,21.53,23.11,0.9,59.52
4403B,2026-02-12 17:00:00,131,72.95,99.82,20.29,39.9,1.62,75.57
4404B,2026-02-12 17:00:00,151,84.03,115.59,15.16,17.32,1.23,95.46
4405B,2026-02-12 17:00:00,170,94.65,144.72,27.45,48.29,2.42,57.64
4406B,2026-02-12 17:00:00,64,32.34,50.95,13.57,38.79,1.09,77.04
5101A,2026-02-12 17:00:00,176,98.41,131.3,8.93,21.11,0.76,56.47
5102A,2026-02-12 17:00:00,172,100.67,137.72,22.61,23.64,1.87,78.32
5103A,2026-02-12 17:00:00,116,69.54,85.62,5.58,38.53,0.89,79.53
5104A,2026-02-12 17:00:00,113,71.21,81.98,9.38,49.2,0.79,65.43
5105A,2026-02-12 17:00:00,176,99.12,135.31,14.86,42.89,1.35,33.07
5106A,2026-02-12 17:00:00,74,49.54,68.0,5.51,27.08,1.9,40.31
5107A,2026-02-12 17:00:00,195,121.1,141.05,28.68,29.84,1.78,57.05
1101A,2026-02-12 18:00:00,98,63.63,92.67,6.0,27.09,1.23,98.43
1102A,2026-02-12 18:00:00,174,94.42,124.99,25.87,42.13,1.2,83.25
1103A,2026-02-12 18:00:00,118,76.91,90.12,26.16,30.1,0.69,77.94
1104A,2026-02-12 18:00:00,193,108.34,140.97,24.8,44.92,0.62,20.9
1105A,2026-02-12 18:00:00,200,126.12,146.67,27.51,17.97,0.86,114.03
1106A,2026-02-12 18:00:00,87,53.56,75.86,7.57,18.99,0.57,33.46
1107A,2026-02-12 18:00:00,49,21.99,53.32,21.67,40.31,2.26,119.5
1108A,2026-02-12 18:00:00,89,53.73,68.11,27.96,47.05,2.31,95.92
1109A,2026-02-12 18:00:00,144,95.48,117.61,20.29,33.76,0.63,26.85
1201A,2026-02-12 18:00:00,204,128.22,159.38,22.76,21.31,0.8,115.98
1202A,2026-02-12 18:00:00,72,34.92,69.65,9.54,29.78,1.75,77.03
1203A,2026-02-12 18:00:00,186,109.5,162.33,26.88,26.99,2.28,96.44
1204A,2026-02-12 18:00:00,201,123.35,164.24,20.02,16.28,0.52,104.54
4401A,2026-02-12 18:00:00,159,95.98,112.8,28.77,38.26,2.23,80.84
4402A,2026-02-12 18:00:00,100,57.56,84.09,9.43,31.98,0.82,97.83
4403A,2026-02-12 18:00:00,42,18.13,46.54,13.77,46.57,2.04,81.54
4404A,2026-02-12 18:00:00,104,62.44,86.19,28.75,48.06,0.95,103.36
4405A,2026-02-12 18:00:00,63,43.81,62.93,28.05,37.43,2.13,60.2
4406A,2026-02-12 18:00:00,186,117.71,134.2,26.81,19.83,2.42,52.49
4407A,2026-02-12 18:00:00,74,44.15,67.44,27.34,24.4,1.19,96.64
4408A,2026-02-12 18:00:00,184,102.28,139.52,9.07,17.95,2.01,42.43
4409A,2026-02-12 18:00:00,142,76.76,101.41,17.59,39.75,2.4,23.32
4401B,2026-02-12 18:00:00,174,98.1,136.98,23.79,41.01,2.18,77.8
4402B,2026-02-12 18:00:00,112,68.42,85.74,6.45,45.21,1.76,60.05
4403B,2026-02-12 18:00:00,132,71.76,116.08,6.54,17.16,1.94,107.38
4404B,2026-02-12 18:00:00,146,90.18,106.97,29.94,44.67,0.5,57.89
4405B,2026-02-12 18:00:00,65,34.62,61.5,5.66,31.75,2.29,115.61
4406B,2026-02-12 18:00:00,173,98.07,132.51,28.67,28.68,1.42,32.99
5101A,2026-02-12 18:00:00,77,44.45,76.48,6.19,43.79,2.43,84.08
5102A,2026-02-12 18:00:00,121,76.16,86.03,26.16,18.8,1.6,51.91
5103A,2026-02-12 18:00:00,116,79.27,85.88,27.76,37.64,1.26,85.27
5104A,2026-02-12 18:00:00,111,68.31,93.19,6.98,33.93,0.73,62.92
5105A,2026-02-12 18:00:00,43,26.82,35.91,28.4,22.99,0.62,54.0
5106A,2026-02-12 18:00:00,65,30.77,64.41,26.0,36.16,1.41,93.29
5107A,2026-02-12 18:00:00,56,40.67,46.5,13.38,40.33,1.3,23.84
1101A,2026-02-12 19:00:00,202,117.39,154.67,8.94,40.8,1.33,55.17
1102A,2026-02-12 19:00:00,129,76.86,117.28,15.08,49.81,1.38,111.62
1103A,2026-02-12 19:00:00,191,109.71,165.3,9.03,28.52,0.51,100.68
1104A,2026-02-12 19:00:00,54,36.93,38.71,8.5,38.05,1.44,69.5
1105A,2026-02-12 19:00:00,36,20.85,41.56,29.06,36.52,0.65,49.66
1106A,2026-02-12 19:00:00,51,28.12,43.31,26.63,46.3,2.17,77.91
1107A,2026-02-12 19:00:00,88,58.08,57.72,11.89,19.08,1.6,67.7
1108A,2026-02-12 19:00:00,137,76.76,117.19,11.66,44.55,1.48,57.51
1109A,2026-02-12 19:00:00,145,93.5,118.52,12.91,26.48,1.41,77.69
1201A,2026-02-12 19:00:00,113,59.46,84.06,29.84,17.27,1.91,64.7
1202A,2026-02-12 19:00:00,94,52.27,85.43,19.77,36.6,0.69,20.12
1203A,2026-02-12 19:00:00,74,46.15,50.47,19.29,39.44,1.77,21.64
1204A,2026-02-12 19:00:00,164,89.95,134.54,10.18,32.73,1.25,99.5
4401A,2026-02-12 19:00:00,195,114.01,167.98,22.05,20.5,0.96,118.41
4402A,2026-02-12 19:00:00,123,76.82,95.72,20.55,22.35,2.29,47.74
4403A,2026-02-12 19:00:00,140,81.14,118.71,26.86,17.84,0.77,68.88
4404A,2026-02-12 19:00:00,79,38.31,73.25,6.7,39.44,2.22,41.8
4405A,2026-02-12 19:00:00,50,26.71,26.79,16.25,48.84,2.16,98.61
4406A,2026-02-12 19:00:00,36,14.84,43.72,14.77,43.81,1.22,105.06
4407A,2026-02-12 19:00:00,136,91.45,117.73,7.44,42.88,1.36,72.78
4408A,2026-02-12 19:00:00,61,31.99,43.18,23.37,32.37,1.83,60.44
4409A,2026-02-12 19:00:00,55,24.08,54.75,18.86,39.09,1.87,92.15
4401B,2026-02-12 19:00:00,91,44.9,79.35,9.7,42.65,2.05,81.3
4402B,2026-02-12 19:00:00,37,27.31,25.99,5.83,34.09,2.44,24.2
4403B,2026-02-12 19:00:00,174,108.73,125.22,14.66,32.64,2.36,71.71
4404B,2026-02-12 19:00:00,156,91.67,131.54,24.87,38.47,0.75,99.11
4405B,2026-02-12 19:00:00,58,37.32,44.45,25.39,31.63,1.17,113.94
4406B,2026-02-12 19:00:00,146,96.46,120.01,11.04,25.24,1.13,75.0
5101A,2026-02-12 19:00:00,111,63.69,94.04,19.68,45.11,2.11,30.69
5102A,2026-02-12 19:00:00,72,33.46,71.17,22.9,43.85,1.88,114.98
5103A,2026-02-12 19:00:00,57,32.72,49.01,23.12,17.28,1.18,26.85
5104A,2026-02-12 19:00:00,183,101.13,133.08,13.43,36.45,1.06,67.75
5105A,2026-02-12 19:00:00,202,129.13,149.2,19.57,43.44,1.99,22.91
5106A,2026-02-12 19:00:00,135,73.13,94.42,19.19,37.53,0.52,38.27
5107A,2026-02-12 19:00:00,106,73.24,92.94,17.37,17.26,1.52,40.65
1101A,2026-02-12 20:00:00,191,114.8,153.9,9.26,32.23,1.49,105.19
1102A,2026-02-12 20:00:00,145,82.66,130.52,7.2,43.25,1.38,31.68
1103A,2026-02-12 20:00:00,148,92.64,109.1,7.86,39.23,2.48,50.65
1104A,2026-02-12 20:00:00,59,40.0,47.33,24.38,18.2,2.28,77.72
1105A,2026-02-12 20:00:00,113,73.27,104.71,14.62,32.93,1.58,80.03
1106A,2026-02-12 20:00:00,44,33.94,46.75,8.34,47.35,0.71,26.92
1107A,2026-02-12 20:00:00,196,108.28,160.66,7.82,33.63,0.93,59.9
1108A,2026-02-12 20:00:00,149,95.37,125.87,12.0,46.74,2.23,77.0
1109A,2026-02-12 20:00:00,170,105.85,145.33,23.42,49.95,1.61,53.59
1201A,2026-02-12 20:00:00,57,24.25,45.44,16.53,27.67,1.97,84.75
1202A,2026-02-12 20:00:00,147,84.34,122.08,6.69,22.97,2.33,20.54
1203A,2026-02-12 20:00:00,62,34.41,52.96,17.97,39.75,0.75,24.77
1204A,2026-02-12 20:00:00,137,88.5,94.72,20.01,17.44,1.99,60.38
4401A,2026-02-12 20:00:00,132,72.24,105.28,23.38,30.56,1.01,86.88
4402A,2026-02-12 20:00:00,118,64.02,104.99,9.35,23.32,1.77,35.37
4403A,2026-02-12 20:00:00,69,40.19,65.46,20.53,38.28,0.92,81.64
4404A,2026-02-12 20:00:00,150,91.18,118.79,14.93,26.34,0.55,25.12
4405A,2026-02-12 20:00:00,90,54.44,70.85,13.47,36.27,1.35,78.87
4406A,2026-02-12 20:00:00,144,86.16,102.56,26.36,23.94,1.5,73.43
4407A,2026-02-12 20:00:00,68,33.22,64.87,10.24,23.83,1.08,33.77
4408A,2026-02-12 20:00:00,137,90.3,104.11,22.5,47.93,2.0,78.06
4409A,2026-02-12 20:00:00,128,76.67,105.28,20.15,30.11,0.68,119.49
4401B,2026-02-12 20:00:00,148,93.02,117.72,23.12,31.83,2.37,36.52
4402B,2026-02-12 20:00:00,146,91.89,119.93,25.14,18.68,1.27,28.16
4403B,2026-02-12 20:00:00,161,106.48,135.77,27.78,26.89,1.2,79.9
4404B,2026-02-12 20:00:00,194,119.33,159.26,28.15,20.51,0.89,27.97
4405B,2026-02-12 20:00:00,191,122.09,146.73,9.06,15.32,1.84,54.92
4406B,2026-02-12 20:00:00,119,79.86,86.02,6.05,15.17,2.07,54.32
5101A,2026-02-12 20:00:00,118,78.35,88.96,6.02,18.14,0.83,83.44
5102A,2026-02-12 20:00:00,122,72.27,110.58,15.02,29.47,2.3,40.14
5103A,2026-02-12 20:00:00,157,96.38,119.39,13.09,17.92,0.9,114.97
5104A,2026-02-12 20:00:00,90,53.51,81.43,20.47,47.31,1.15,111.79
5105A,2026-02-12 20:00:00,114,74.72,85.0,23.52,24.94,1.85,54.69
5106A,2026-02-12 20:00:00,94,50.9,70.29,12.66,37.91,1.64,101.17
5107A,2026-02-12 20:00:00,160,94.96,132.36,10.61,33.37,2.48,65.69
1101A,2026-02-12 21:00:00,162,97.14,132.18,19.8,30.51,1.27,69.13
1102A,2026-02-12 21:00:00,97,60.2,92.35,13.9,21.7,0.71,87.56
1103A,2026-02-12 21:00:00,165,93.06,144.46,6.81,35.92,0.91,23.55
1104A,2026-02-12 21:00:00,58,31.47,47.09,8.07,29.82,0.6,20.76
1105A,2026-02-12 21:00:00,152,99.22,106.65,5.05,16.1,0.53,59.65
1106A,2026-02-12 21:00:00,173,99.77,140.45,20.41,49.11,1.88,71.29
1107A,2026-02-12 21:00:00,185,107.27,137.27,8.42,42.19,1.61,56.59
1108A,2026-02-12 21:00:00,176,105.66,154.11,23.18,22.8,2.31,77.57
1109A,2026-02-12 21:00:00,46,23.73,34.36,14.23,41.83,2.22,65.71
1201A,2026-02-12 21:00:00,93,59.89,64.94,9.03,40.35,2.01,47.98
1202A,2026-02-12 21:00:00,46,21.82,30.45,27.81,39.74,1.78,87.59
1203A,2026-02-12 21:00:00,81,43.99,77.78,13.82,49.77,0.89,102.04
1204A,2026-02-12 21:00:00,121,70.19,87.4,25.74,15.43,1.79,85.64
4401A,2026-02-12 21:00:00,192,110.98,156.59,12.75,15.7,1.18,29.19
4402A,2026-02-12 21:00:00,86,48.59,56.32,21.79,44.69,1.82,114.8
4403A,2026-02-12 21:00:00,149,86.91,106.17,23.28,15.08,0.94,93.81
4404A,2026-02-12 21:00:00,106,59.03,80.36,15.21,35.38,1.77,80.16
4405A,2026-02-12 21:00:00,60,31.42,36.71,28.79,49.43,0.67,102.53
4406A,2026-02-12 21:00:00,118,67.88,92.01,25.56,18.44,0.76,42.83
4407A,2026-02-12 21:00:00,121,72.95,93.23,18.99,16.91,2.13,61.9
4408A,2026-02-12 21:00:00,164,99.33,144.86,9.61,46.28,2.14,96.12
4409A,2026-02-12 21:00:00,153,88.86,114.15,29.74,25.42,0.66,32.52
4401B,2026-02-12 21:00:00,153,82.69,132.78,18.72,17.12,0.51,48.32
4402B,2026-02-12 21:00:00,60,39.2,46.16,26.03,48.64,2.49,47.37
4403B,2026-02-12 21:00:00,184,112.43,154.96,21.36,32.4,0.51,95.76
4404B,2026-02-12 21:00:00,159,102.78,140.01,17.7,37.44,1.56,96.41
4405B,2026-02-12 21:00:00,162,94.13,116.82,28.28,41.67,2.0,88.38
4406B,2026-02-12 21:00:00,141,77.03,124.86,14.98,35.09,1.84,46.9
5101A,2026-02-12 21:00:00,136,78.65,112.67,28.29,32.46,1.23,111.42
5102A,2026-02-12 21:00:00,92,52.39,75.28,7.06,28.54,0.93,100.6
5103A,2026-02-12 21:00:00,132,82.27,108.29,15.67,42.57,1.49,49.6
5104A,2026-02-12 21:00:00,141,84.73,123.96,27.82,39.85,0.84,61.29
5105A,2026-02-12 21:00:00,144,82.58,126.88,23.38,38.23,0.64,102.86
5106A,2026-02-12 21:00:00,67,39.3,59.41,14.72,33.77,1.68,115.5
5107A,2026-02-12 21:00:00,102,67.23,96.33,27.37,43.64,2.43,31.67
1101A,2026-02-12 22:00:00,57,27.98,60.36,5.64,24.65,0.77,61.13
1102A,2026-02-12 22:00:00,158,85.35,136.74,20.26,21.33,0.76,84.87
1103A,2026-02-12 22:00:00,178,110.15,152.35,19.05,39.43,0.98,65.71
1104A,2026-02-12 22:00:00,186,113.65,157.72,19.55,36.96,0.76,34.63
1105A,2026-02-12 22:00:00,96,67.55,66.87,8.13,36.6,1.21,51.07
1106A,2026-02-12 22:00:00,166,93.35,140.07,22.12,21.36,1.66,41.44
1107A,2026-02-12 22:00:00,93,64.01,72.34,17.52,43.62,1.7,44.11
1108A,2026-02-12 22:00:00,147,79.96,121.19,7.72,23.43,2.04,106.91
1109A,2026-02-12 22:00:00,126,85.31,86.67,6.92,19.22,1.99,85.67
1201A,2026-02-12 22:00:00,186,101.78,153.19,26.43,36.7,2.03,53.54
1202A,2026-02-12 22:00:00,110,66.9,95.2,17.9,21.57,2.45,36.4
1203A,2026-02-12 22:00:00,70,44.99,51.01,9.39,48.23,1.61,86.01
1204A,2026-02-12 22:00:00,173,113.42,149.29,27.4,31.2,1.81,40.17
4401A,2026-02-12 22:00:00,85,56.42,65.96,12.03,19.51,1.13,78.27
4402A,2026-02-12 22:00:00,94,65.55,67.06,15.76,48.73,1.72,38.59
4403A,2026-02-12 22:00:00,87,51.74,76.19,12.08,48.28,0.55,81.74
4404A,2026-02-12 22:00:00,118,65.82,108.05,22.19,44.76,2.44,36.27
4405A,2026-02-12 22:00:00,153,99.53,134.16,19.7,40.42,1.75,56.13
4406A,2026-02-12 22:00:00,100,59.31,76.12,29.0,20.9,1.64,102.16
4407A,2026-02-12 22:00:00,161,102.39,121.06,19.45,36.32,1.09,91.46
4408A,2026-02-12 22:00:00,137,74.29,98.6,26.76,44.67,0.6,56.59
4409A,2026-02-12 22:00:00,75,40.42,47.54,24.41,17.93,1.72,75.27
4401B,2026-02-12 22:00:00,132,82.49,118.45,11.57,44.41,1.46,118.78
4402B,2026-02-12 22:00:00,150,90.3,112.73,23.54,22.44,0.53,36.3
4403B,2026-02-12 22:00:00,107,55.0,79.26,19.02,43.01,1.39,113.45
4404B,2026-02-12 22:00:00,184,117.73,135.79,18.2,37.83,0.53,46.0
4405B,2026-02-12 22:00:00,102,63.7,80.12,26.34,17.76,2.22,46.99
4406B,2026-02-12 22:00:00,119,79.97,88.81,15.51,45.61,2.25,32.65
5101A,2026-02-12 22:00:00,76,39.29,60.14,29.66,20.23,1.06,29.16
5102A,2026-02-12 22:00:00,34,19.32,38.79,17.0,28.73,0.9,108.14
5103A,2026-02-12 22:00:00,156,93.19,114.45,8.33,20.31,2.24,59.82
5104A,2026-02-12 22:00:00,155,99.38,123.68,10.1,37.65,0.76,118.36
5105A,2026-02-12 22:00:00,176,98.37,148.03,9.12,30.25,1.47,100.19
5106A,2026-02-12 22:00:00,120,76.64,104.76,6.81,47.81,0.57,74.36
5107A,2026-02-12 22:00:00,95,51.55,74.61,9.73,16.16,2.43,43.21
1101A,2026-02-12 23:00:00,168,100.74,145.13,24.92,26.53,1.53,102.62
1102A,2026-02-12 23:00:00,97,66.91,76.79,24.89,15.44,1.93,25.21
1103A,2026-02-12 23:00:00,89,61.32,57.68,14.38,47.45,2.39,55.49
1104A,2026-02-12 23:00:00,95,56.62,84.76,12.34,29.08,2.29,113.62
1105A,2026-02-12 23:00:00,93,55.33,70.6,19.51,35.62,0.8,95.4
1106A,2026-02-12 23:00:00,148,96.23,113.0,16.55,34.68,2.29,41.19
1107A,2026-02-12 23:00:00,39,23.25,18.72,25.41,28.34,1.59,91.81
1108A,2026-02-12 23:00:00,106,58.48,88.67,12.5,28.13,0.93,72.08
1109A,2026-02-12 23:00:00,53,31.5,31.31,28.67,23.9,1.12,28.83
1201A,2026-02-12 23:00:00,147,86.61,104.62,18.53,35.43,1.91,92.47
1202A,2026-02-12 23:00:00,98,58.5,78.8,5.67,31.64,1.35,106.43
1203A,2026-02-12 23:00:00,94,60.56,79.57,15.69,37.22,1.16,74.76
1204A,2026-02-12 23:00:00,171,93.67,144.65,7.33,16.66,1.42,99.6
4401A,2026-02-12 23:00:00,140,77.32,120.75,6.81,34.05,0.97,33.89
4402A,2026-02-12 23:00:00,140,85.8,104.81,6.85,21.58,1.9,113.64
4403A,2026-02-12 23:00:00,115,78.34,102.35,23.59,29.81,1.5,29.42
4404A,2026-02-12 23:00:00,93,47.57,84.61,7.24,30.43,2.09,38.45
4405A,2026-02-12 23:00:00,148,79.26,122.75,21.46,23.6,1.56,97.31
4406A,2026-02-12 23:00:00,113,77.49,96.1,27.36,37.09,1.02,99.88
4407A,2026-02-12 23:00:00,161,91.66,137.82,11.09,31.35,1.3,82.92
4408A,2026-02-12 23:00:00,140,76.22,97.84,9.25,33.08,2.17,25.9
4409A,2026-02-12 23:00:00,59,38.03,57.11,18.03,26.99,1.94,109.85
4401B,2026-02-12 23:00:00,37,29.85,39.8,24.1,45.76,1.64,105.3
4402B,2026-02-12 23:00:00,175,100.97,135.57,28.12,45.22,0.94,64.52
4403B,2026-02-12 23:00:00,136,88.02,99.01,8.67,47.36,1.37,77.86
4404B,2026-02-12 23:00:00,154,96.32,126.91,27.76,29.29,1.87,68.8
4405B,2026-02-12 23:00:00,35,13.62,15.03,14.73,36.27,1.56,79.66
4406B,2026-02-12 23:00:00,34,14.08,29.73,27.78,16.38,2.19,114.27
5101A,2026-02-12 23:00:00,46,24.45,27.61,23.24,31.75,2.3,46.21
5102A,2026-02-12 23:00:00,48,34.22,47.93,6.55,49.61,1.22,96.35
5103A,2026-02-12 23:00:00,85,53.51,60.83,12.27,26.27,0.77,112.72
5104A,2026-02-12 23:00:00,63,46.7,40.65,5.25,34.23,1.85,93.38
5105A,2026-02-12 23:00:00,156,98.45,130.94,17.31,43.62,2.02,34.21
5106A,2026-02-12 23:00:00,90,44.26,62.36,11.21,39.06,1.98,118.21
5107A,2026-02-12 23:00:00,135,84.45,110.64,19.66,20.71,0.68,117.96
1101A,2026-02-13 00:00:00,106,71.62,78.38,21.53,19.36,2.28,45.17
1102A,2026-02-13 00:00:00,74,37.95,72.07,7.0,41.72,1.07,34.58
1103A,2026-02-13 00:00:00,164,91.28,136.95,16.95,21.61,2.5,96.15
1104A,2026-02-13 00:00:00,36,27.74,17.83,6.4,47.39,1.62,62.24
1105A,2026-02-13 00:00:00,68,32.11,49.79,16.32,33.66,1.54,49.67
1106A,2026-02-13 00:00:00,134,84.59,116.85,23.51,24.36,2.22,65.03
1107A,2026-02-13 00:00:00,86,61.4,58.81,15.19,26.61,2.3,74.55
1108A,2026-02-13 00:00:00,146,78.67,111.14,12.3,46.3,1.18,42.17
1109A,2026-02-13 00:00:00,137,84.09,112.8,17.59,38.68,0.87,56.7
1201A,2026-02-13 00:00:00,167,102.37,134.22,21.33,20.92,0.94,98.12
1202A,2026-02-13 00:00:00,78,40.06,49.52,11.39,19.12,1.71,105.47
1203A,2026-02-13 00:00:00,64,45.76,46.65,18.97,15.31,1.84,96.61
1204A,2026-02-13 00:00:00,101,59.2,71.31,7.88,26.66,2.17,110.04
4401A,2026-02-13 00:00:00,143,83.9,128.01,17.08,29.98,2.22,115.22
4402A,2026-02-13 00:00:00,126,76.14,93.04,9.77,44.77,1.01,100.39
4403A,2026-02-13 00:00:00,30,14.34,15.08,29.39,41.81,1.5,106.28
4404A,2026-02-13 00:00:00,44,16.71,32.34,15.92,47.2,1.36,22.33
4405A,2026-02-13 00:00:00,36,25.02,17.01,11.61,19.0,2.17,91.56
4406A,2026-02-13 00:00:00,132,84.67,92.73,13.83,42.84,0.76,44.12
4407A,2026-02-13 00:00:00,69,48.39,45.26,23.16,34.41,1.89,72.67
4408A,2026-02-13 00:00:00,123,79.51,91.03,20.76,49.37,1.95,93.77
4409A,2026-02-13 00:00:00,69,33.98,41.07,24.81,15.2,0.6,71.79
4401B,2026-02-13 00:00:00,124,77.03,104.0,21.73,47.42,1.52,39.16
4402B,2026-02-13 00:00:00,122,65.21,110.3,12.27,17.41,1.55,63.47
4403B,2026-02-13 00:00:00,103,69.01,78.35,17.55,21.43,1.63,104.24
4404B,2026-02-13 00:00:00,95,47.81,89.28,28.19,19.74,1.6,55.59
4405B,2026-02-13 00:00:00,80,43.84,71.64,29.95,43.54,1.89,42.68
4406B,2026-02-13 00:00:00,144,93.28,114.65,25.47,18.56,1.47,68.58
5101A,2026-02-13 00:00:00,101,56.39,89.54,26.46,31.86,2.2,92.58
5102A,2026-02-13 00:00:00,124,73.43,103.31,28.77,20.6,1.26,84.92
5103A,2026-02-13 00:00:00,61,27.07,47.56,9.82,44.49,0.84,44.62
5104A,2026-02-13 00:00:00,64,39.85,41.21,19.79,27.35,2.0,33.17
5105A,2026-02-13 00:00:00,163,93.04,122.34,8.39,39.51,1.98,39.92
5106A,2026-02-13 00:00:00,140,75.98,117.0,18.82,34.23,1.97,114.58
5107A,2026-02-13 00:00:00,93,65.49,72.71,6.21,23.33,0.79,104.01
1101A,2026-02-13 01:00:00,172,108.27,130.12,13.4,45.32,1.72,105.45
1102A,2026-02-13 01:00:00,144,89.35,110.56,27.31,35.05,0.8,93.86
1103A,2026-02-13 01:00:00,172,97.13,134.32,21.44,38.92,0.88,66.2
1104A,2026-02-13 01:00:00,183,117.18,133.73,5.94,44.72,1.68,55.2
1105A,2026-02-13 01:00:00,78,42.08,58.47,12.28,29.71,1.53,95.72
1106A,2026-02-13 01:00:00,70,34.8,55.15,18.35,26.59,1.2,25.45
1107A,2026-02-13 01:00:00,149,81.37,126.96,16.77,32.01,1.94,87.08
1108A,2026-02-13 01:00:00,41,18.12,26.82,18.7,25.51,0.75,89.55
1109A,2026-02-13 01:00:00,128,76.55,100.72,8.97,23.06,2.18,92.57
1201A,2026-02-13 01:00:00,89,50.8,62.09,14.23,18.16,1.25,51.86
1202A,2026-02-13 01:00:00,76,40.62,59.13,27.7,30.41,1.4,52.38
1203A,2026-02-13 01:00:00,141,92.43,105.84,19.24,34.28,2.41,112.97
1204A,2026-02-13 01:00:00,110,56.27,76.42,8.02,24.93,1.83,29.54
4401A,2026-02-13 01:00:00,177,109.18,144.13,28.94,37.51,1.36,57.55
4402A,2026-02-13 01:00:00,128,74.95,111.78,24.3,21.93,1.72,83.63
4403A,2026-02-13 01:00:00,173,104.58,151.77,28.04,45.1,1.38,51.26
4404A,2026-02-13 01:00:00,67,35.63,38.83,29.25,28.61,1.57,55.15
4405A,2026-02-13 01:00:00,106,63.02,78.94,17.08,21.49,2.19,42.64
4406A,2026-02-13 01:00:00,124,83.81,100.73,13.04,29.61,1.33,106.25
4407A,2026-02-13 01:00:00,150,89.17,123.51,12.27,40.43,1.91,49.71
4408A,2026-02-13 01:00:00,162,91.87,130.34,27.68,18.11,2.12,75.55
4409A,2026-02-13 01:00:00,160,99.6,118.02,7.7,41.23,0.71,44.66
4401B,2026-02-13 01:00:00,103,69.39,83.85,16.49,35.87,1.73,74.88
4402B,2026-02-13 01:00:00,68,42.69,42.38,28.39,35.42,0.95,87.38
4403B,2026-02-13 01:00:00,140,87.32,121.56,27.88,21.63,2.18,75.97
4404B,2026-02-13 01:00:00,32,15.75,21.52,14.27,21.82,1.22,104.33
4405B,2026-02-13 01:00:00,154,83.34,132.37,13.4,19.17,0.63,34.04
4406B,2026-02-13 01:00:00,46,27.61,47.82,26.24,33.44,1.06,66.1
5101A,2026-02-13 01:00:00,114,66.1,93.58,9.55,40.37,1.83,50.41
5102A,2026-02-13 01:00:00,31,25.0,34.96,23.61,23.12,0.86,101.28
5103A,2026-02-13 01:00:00,67,34.93,59.54,9.96,23.76,0.69,76.29
5104A,2026-02-13 01:00:00,135,74.32,94.69,15.35,27.99,0.92,23.71
5105A,2026-02-13 01:00:00,137,90.64,119.1,23.21,42.44,1.82,33.25
5106A,2026-02-13 01:00:00,31,23.43,16.98,19.65,32.93,1.99,114.17
5107A,2026-02-13 01:00:00,60,44.29,44.04,14.09,21.25,2.11,28.23
1101A,2026-02-13 02:00:00,166,92.1,118.41,26.0,37.9,0.85,89.69
1102A,2026-02-13 02:00:00,36,23.43,16.88,17.22,38.15,2.48,89.37
1103A,2026-02-13 02:00:00,75,48.7,51.53,28.91,49.45,0.9,112.66
1104A,2026-02-13 02:00:00,32,27.41,36.0,18.39,34.94,1.36,44.31
1105A,2026-02-13 02:00:00,182,107.4,159.39,22.79,43.03,0.8,76.97
1106A,2026-02-13 02:00:00,169,95.42,148.74,27.62,17.88,2.2,21.81
1107A,2026-02-13 02:00:00,159,104.67,137.98,17.49,46.4,2.28,39.13
1108A,2026-02-13 02:00:00,98,55.98,89.33,28.51,25.35,1.16,94.95
1109A,2026-02-13 02:00:00,163,106.58,118.77,16.97,25.89,2.5,23.49
1201A,2026-02-13 02:00:00,100,64.85,92.51,19.59,38.45,1.63,99.4
1202A,2026-02-13 02:00:00,157,87.59,115.88,7.41,30.07,1.82,66.17
1203A,2026-02-13 02:00:00,172,110.38,143.34,20.94,46.66,2.24,102.26
1204A,2026-02-13 02:00:00,109,65.31,87.86,29.24,35.44,1.74,46.97
4401A,2026-02-13 02:00:00,69,31.76,40.93,20.25,25.64,1.38,69.12
4402A,2026-02-13 02:00:00,153,86.51,119.09,14.03,38.78,1.46,39.22
4403A,2026-02-13 02:00:00,144,87.26,111.03,19.45,34.12,0.85,72.64
4404A,2026-02-13 02:00:00,150,89.28,126.63,24.54,32.23,0.97,76.01
4405A,2026-02-13 02:00:00,40,29.36,34.03,14.89,33.26,2.14,46.58
4406A,2026-02-13 02:00:00,174,105.7,152.16,24.6,15.28,0.63,50.39
4407A,2026-02-13 02:00:00,79,52.48,69.96,25.45,36.64,0.76,117.4
4408A,2026-02-13 02:00:00,183,103.75,143.84,22.79,47.76,2.03,51.25
4409A,2026-02-13 02:00:00,126,74.65,93.21,24.79,28.68,1.18,42.25
4401B,2026-02-13 02:00:00,136,81.64,103.87,29.83,24.13,1.18,53.23
4402B,2026-02-13 02:00:00,133,71.24,116.51,29.32,38.3,2.48,35.14
4403B,2026-02-13 02:00:00,175,97.69,141.78,9.6,18.88,0.8,114.22
4404B,2026-02-13 02:00:00,99,60.57,88.82,27.4,33.37,1.22,43.23
4405B,2026-02-13 02:00:00,90,53.45,62.16,9.57,33.69,1.12,50.61
4406B,2026-02-13 02:00:00,65,36.94,55.44,22.39,49.4,1.66,105.59
5101A,2026-02-13 02:00:00,45,35.58,48.39,26.97,22.66,0.97,41.74
5102A,2026-02-13 02:00:00,43,35.77,20.94,23.99,29.14,1.48,112.39
5103A,2026-02-13 02:00:00,187,113.54,138.76,11.06,32.75,1.54,101.96
5104A,2026-02-13 02:00:00,98,59.42,70.45,13.69,46.8,1.54,67.89
5105A,2026-02-13 02:00:00,133,81.09,108.09,16.43,44.22,1.58,91.49
5106A,2026-02-13 02:00:00,135,90.9,104.5,28.19,41.99,0.7,68.66
5107A,2026-02-13 02:00:00,187,120.66,146.09,5.3,22.1,0.88,117.82
1101A,2026-02-13 03:00:00,156,98.29,138.83,8.37,19.25,0.65,73.16
1102A,2026-02-13 03:00:00,38,17.79,28.75,17.46,41.91,1.93,22.31
1103A,2026-02-13 03:00:00,151,89.79,112.23,25.45,15.79,0.95,97.02
1104A,2026-02-13 03:00:00,76,55.24,73.11,27.97,31.39,0.52,71.51
1105A,2026-02-13 03:00:00,40,15.93,38.26,8.83,17.37,1.39,101.72
1106A,2026-02-13 03:00:00,64,29.23,36.46,29.98,34.01,2.36,70.19
1107A,2026-02-13 03:00:00,126,77.04,99.22,27.2,34.55,1.37,91.0
1108A,2026-02-13 03:00:00,134,76.62,115.18,27.48,34.34,0.61,63.26
1109A,2026-02-13 03:00:00,55,34.89,34.02,19.7,46.31,0.93,71.52
1201A,2026-02-13 03:00:00,103,55.33,95.34,9.34,21.35,0.91,78.95
1202A,2026-02-13 03:00:00,176,100.92,132.4,19.29,32.39,1.05,69.13
1203A,2026-02-13 03:00:00,163,94.0,143.61,24.01,47.72,0.95,106.74
1204A,2026-02-13 03:00:00,135,90.69,101.93,14.94,48.54,1.71,36.57
4401A,2026-02-13 03:00:00,41,33.76,22.73,13.63,35.78,0.73,62.87
4402A,2026-02-13 03:00:00,123,67.1,100.74,16.69,45.9,1.62,61.49
4403A,2026-02-13 03:00:00,153,85.83,129.23,26.17,43.28,2.34,98.9
4404A,2026-02-13 03:00:00,185,107.74,148.37,9.46,23.65,1.85,94.69
4405A,2026-02-13 03:00:00,83,51.59,73.15,20.61,17.66,1.77,108.84
4406A,2026-02-13 03:00:00,83,51.69,75.02,6.98,19.87,1.86,109.09
4407A,2026-02-13 03:00:00,88,57.45,62.06,7.93,15.25,1.29,23.0
4408A,2026-02-13 03:00:00,91,60.96,73.95,16.48,40.0,1.34,105.48
4409A,2026-02-13 03:00:00,189,106.67,136.34,9.18,36.35,1.27,91.2
4401B,2026-02-13 03:00:00,47,28.35,37.25,25.32,24.87,0.92,117.66
4402B,2026-02-13 03:00:00,149,97.86,133.74,22.9,44.42,1.64,65.7
4403B,2026-02-13 03:00:00,64,38.27,48.3,18.09,43.09,0.85,66.0
4404B,2026-02-13 03:00:00,62,39.57,45.21,20.12,23.22,1.49,115.75
4405B,2026-02-13 03:00:00,147,91.5,124.03,27.06,33.25,1.48,71.54
4406B,2026-02-13 03:00:00,37,22.86,15.62,24.59,18.06,1.06,59.72
5101A,2026-02-13 03:00:00,90,55.96,64.18,9.01,18.61,0.85,25.24
5102A,2026-02-13 03:00:00,177,113.03,128.37,5.19,20.05,0.65,20.14
5103A,2026-02-13 03:00:00,79,56.01,67.02,17.08,19.67,0.87,77.37
5104A,2026-02-13 03:00:00,50,20.56,47.38,16.95,34.27,2.38,42.17
5105A,2026-02-13 03:00:00,117,65.5,102.12,19.6,28.74,0.73,39.21
5106A,2026-02-13 03:00:00,84,48.2,80.5,5.62,30.11,0.95,81.47
5107A,2026-02-13 03:00:00,125,65.83,111.86,10.39,45.32,0.63,83.52
1101A,2026-02-13 04:00:00,74,51.45,73.98,22.97,34.35,1.82,82.12
1102A,2026-02-13 04:00:00,86,50.46,59.44,19.27,39.25,1.22,46.75
1103A,2026-02-13 04:00:00,124,68.51,86.12,21.03,49.17,0.97,103.03
1104A,2026-02-13 04:00:00,44,25.96,46.29,23.48,34.96,1.88,21.78
1105A,2026-02-13 04:00:00,60,35.43,49.56,7.37,47.85,0.67,51.57
1106A,2026-02-13 04:00:00,126,73.32,88.86,11.91,47.08,2.15,92.65
1107A,2026-02-13 04:00:00,113,62.8,84.59,19.48,39.52,1.18,26.03
1108A,2026-02-13 04:00:00,90,55.26,60.23,23.08,24.53,2.3,103.92
1109A,2026-02-13 04:00:00,111,61.92,83.29,16.12,47.73,1.16,92.95
1201A,2026-02-13 04:00:00,174,111.21,137.12,10.57,23.15,1.97,40.16
1202A,2026-02-13 04:00:00,121,79.89,96.54,20.37,39.41,1.43,101.05
1203A,2026-02-13 04:00:00,118,72.54,107.82,6.54,19.89,2.35,63.05
1204A,2026-02-13 04:00:00,181,102.93,135.57,14.57,47.73,1.53,98.32
4401A,2026-02-13 04:00:00,57,35.5,59.38,11.24,31.2,1.24,102.92
4402A,2026-02-13 04:00:00,181,102.79,144.21,9.02,19.82,0.6,101.47
4403A,2026-02-13 04:00:00,191,121.58,163.21,11.26,37.79,0.83,56.58
4404A,2026-02-13 04:00:00,95,56.49,72.17,25.06,41.49,0.79,60.28
4405A,2026-02-13 04:00:00,167,104.98,144.3,5.62,40.24,0.52,77.08
4406A,2026-02-13 04:00:00,58,33.65,60.97,14.33,40.21,1.72,58.05
4407A,2026-02-13 04:00:00,116,77.95,77.99,29.18,41.43,1.31,53.63
4408A,2026-02-13 04:00:00,80,50.64,73.94,18.04,19.09,2.4,107.42
4409A,2026-02-13 04:00:00,132,70.4,117.49,23.37,26.24,2.02,111.74
4401B,2026-02-13 04:00:00,69,32.75,47.54,20.24,27.81,1.93,59.07
4402B,2026-02-13 04:00:00,80,42.25,76.14,23.6,43.39,2.14,105.67
4403B,2026-02-13 04:00:00,113,59.33,78.93,23.84,40.87,2.32,24.41
4404B,2026-02-13 04:00:00,180,101.0,147.87,19.29,42.7,2.09,115.24
4405B,2026-02-13 04:00:00,181,113.31,139.4,26.69,34.99,1.52,93.34
4406B,2026-02-13 04:00:00,99,64.23,68.54,8.93,22.05,1.94,82.69
5101A,2026-02-13 04:00:00,48,35.56,39.44,27.67,34.88,1.07,78.64
5102A,2026-02-13 04:00:00,155,100.32,118.93,11.46,41.07,2.37,97.61
5103A,2026-02-13 04:00:00,121,75.78,92.57,26.29,17.11,1.34,28.58
5104A,2026-02-13 04:00:00,177,98.58,144.77,11.25,30.4,0.9,27.58
5105A,2026-02-13 04:00:00,169,96.62,130.12,29.71,35.02,1.78,73.98
5106A,2026-02-13 04:00:00,37,20.45,20.82,29.85,31.03,1.75,40.31
5107A,2026-02-13 04:00:00,112,67.18,83.48,6.07,22.91,2.18,108.94
1101A,2026-02-13 05:00:00,77,52.98,65.02,28.41,48.13,1.96,24.91
1102A,2026-02-13 05:00:00,87,44.64,69.82,10.83,19.65,1.15,78.46
1103A,2026-02-13 05:00:00,69,31.97,58.45,27.32,27.82,1.71,78.59
1104A,2026-02-13 05:00:00,122,75.55,103.06,28.38,43.3,1.47,101.18
1105A,2026-02-13 05:00:00,181,98.77,157.27,22.5,48.73,0.94,34.33
1106A,2026-02-13 05:00:00,150,88.27,130.39,14.1,39.11,1.75,69.89
1107A,2026-02-13 05:00:00,112,71.29,88.34,16.11,38.69,0.9,118.69
1108A,2026-02-13 05:00:00,145,83.3,125.82,28.84,43.04,1.52,91.68
1109A,2026-02-13 05:00:00,112,59.63,93.35,20.16,20.33,2.22,88.15
1201A,2026-02-13 05:00:00,65,40.45,40.15,28.22,42.73,1.14,52.84
1202A,2026-02-13 05:00:00,113,76.63,87.78,25.85,28.38,2.2,107.63
1203A,2026-02-13 05:00:00,147,93.65,114.53,24.78,29.45,2.34,40.94
1204A,2026-02-13 05:00:00,50,21.41,47.78,29.9,31.69,1.15,79.86
4401A,2026-02-13 05:00:00,123,73.5,112.33,5.41,19.45,1.46,108.67
4402A,2026-02-13 05:00:00,137,90.32,113.08,19.23,44.34,1.01,73.64
4403A,2026-02-13 05:00:00,118,80.2,85.54,10.83,16.37,2.19,38.23
4404A,2026-02-13 05:00:00,119,63.96,94.44,25.53,34.55,1.74,70.74
4405A,2026-02-13 05:00:00,79,40.25,60.18,19.62,41.5,1.8,26.65
4406A,2026-02-13 05:00:00,181,108.09,157.77,25.88,26.66,2.34,112.24
4407A,2026-02-13 05:00:00,155,99.94,119.59,10.68,46.36,0.72,44.27
4408A,2026-02-13 05:00:00,105,56.73,78.17,26.58,18.89,0.61,115.77
4409A,2026-02-13 05:00:00,130,87.41,98.64,26.61,23.82,1.59,101.13
4401B,2026-02-13 05:00:00,159,99.51,116.16,13.99,44.92,2.3,97.28
4402B,2026-02-13 05:00:00,76,45.56,56.18,10.56,49.59,1.36,93.13
4403B,2026-02-13 05:00:00,110,57.22,82.99,26.62,41.45,0.57,91.99
4404B,2026-02-13 05:00:00,199,115.72,172.08,14.87,46.84,0.97,115.43
4405B,2026-02-13 05:00:00,72,50.98,57.02,27.67,17.6,1.79,32.2
4406B,2026-02-13 05:00:00,36,12.78,18.68,21.33,15.53,0.65,110.46
5101A,2026-02-13 05:00:00,194,110.11,148.99,25.62,38.22,2.41,82.44
5102A,2026-02-13 05:00:00,182,115.13,140.99,19.07,20.79,1.1,117.87
5103A,2026-02-13 05:00:00,48,34.36,29.35,9.68,47.12,1.48,59.57
5104A,2026-02-13 05:00:00,159,100.59,132.69,29.1,25.69,0.83,52.88
5105A,2026-02-13 05:00:00,102,64.74,95.18,16.55,45.37,1.1,34.29
5106A,2026-02-13 05:00:00,182,104.89,158.52,28.19,30.34,0.62,26.95
5107A,2026-02-13 05:00:00,74,53.14,68.04,27.57,47.63,0.5,60.96
1101A,2026-02-13 06:00:00,103,71.5,75.05,21.82,19.17,1.07,51.07
1102A,2026-02-13 06:00:00,36,15.02,24.01,5.59,49.44,1.05,119.61
1103A,2026-02-13 06:00:00,121,77.43,88.7,22.85,21.18,0.92,70.19
1104A,2026-02-13 06:00:00,198,124.65,160.04,18.78,36.62,2.11,25.85
1105A,2026-02-13 06:00:00,172,113.09,151.12,26.57,23.82,0.91,48.19
1106A,2026-02-13 06:00:00,123,82.85,111.16,20.67,31.56,0.63,53.81
1107A,2026-02-13 06:00:00,149,82.35,119.45,29.57,21.19,1.84,26.38
1108A,2026-02-13 06:00:00,182,103.41,134.6,28.26,29.56,1.82,78.86
1109A,2026-02-13 06:00:00,79,56.88,56.89,21.98,41.76,1.87,79.67
1201A,2026-02-13 06:00:00,112,64.6,86.75,18.49,31.59,2.34,20.46
1202A,2026-02-13 06:00:00,80,42.1,63.49,10.21,29.65,0.91,34.07
1203A,2026-02-13 06:00:00,57,35.64,51.69,7.97,49.91,2.27,73.17
1204A,2026-02-13 06:00:00,72,42.07,44.6,19.62,46.38,0.69,91.52
4401A,2026-02-13 06:00:00,116,73.61,89.16,18.53,47.52,1.79,36.6
4402A,2026-02-13 06:00:00,81,57.31,63.94,11.44,27.83,1.07,81.58
4403A,2026-02-13 06:00:00,200,123.65,164.87,13.66,43.05,1.6,108.0
4404A,2026-02-13 06:00:00,79,55.38,48.72,24.53,19.05,1.94,79.58
4405A,2026-02-13 06:00:00,94,51.53,81.63,7.71,36.0,0.79,63.04
4406A,2026-02-13 06:00:00,56,26.55,58.69,17.14,27.99,2.09,27.57
4407A,2026-02-13 06:00:00,120,65.28,94.03,8.85,42.12,0.66,85.51
4408A,2026-02-13 06:00:00,42,25.97,37.73,13.16,25.61,1.85,84.51
4409A,2026-02-13 06:00:00,159,100.89,121.0,16.69,16.53,1.08,103.34
4401B,2026-02-13 06:00:00,79,44.53,51.43,27.55,33.63,1.11,52.48
4402B,2026-02-13 06:00:00,181,113.17,141.47,26.85,21.2,2.36,51.47
4403B,2026-02-13 06:00:00,142,83.0,115.34,5.02,17.03,0.8,30.16
4404B,2026-02-13 06:00:00,158,101.99,137.07,10.22,16.82,0.54,22.68
4405B,2026-02-13 06:00:00,155,87.8,113.24,20.98,47.07,1.12,82.47
4406B,2026-02-13 06:00:00,140,78.63,109.53,20.59,34.55,0.8,96.56
5101A,2026-02-13 06:00:00,179,104.7,139.04,16.54,42.11,1.88,86.37
5102A,2026-02-13 06:00:00,126,69.5,89.06,28.85,16.6,1.23,30.57
5103A,2026-02-13 06:00:00,173,103.57,145.16,24.56,21.02,0.51,27.31
5104A,2026-02-13 06:00:00,140,91.14,113.53,21.87,48.22,1.96,97.46
5105A,2026-02-13 06:00:00,46,35.18,24.33,8.21,15.48,1.61,111.95
5106A,2026-02-13 06:00:00,178,103.65,130.32,18.14,37.41,1.79,22.17
5107A,2026-02-13 06:00:00,96,48.54,68.43,21.63,21.59,2.24,30.57
1101A,2026-02-13 07:00:00,76,36.2,47.57,21.16,40.14,2.06,37.55
1102A,2026-02-13 07:00:00,171,103.06,130.88,22.69,36.83,1.91,86.25
1103A,2026-02-13 07:00:00,157,98.26,126.97,5.71,30.56,1.8,111.83
1104A,2026-02-13 07:00:00,37,28.85,43.4,16.94,21.66,2.35,50.47
1105A,2026-02-13 07:00:00,91,57.95,60.31,10.62,32.21,1.03,33.07
1106A,2026-02-13 07:00:00,68,45.96,67.63,28.36,31.24,0.72,105.0
1107A,2026-02-13 07:00:00,37,27.25,28.93,6.89,25.87,2.37,90.28
1108A,2026-02-13 07:00:00,43,16.69,40.52,18.01,33.52,2.23,99.35
1109A,2026-02-13 07:00:00,37,27.82,16.39,26.38,18.3,2.3,106.3
1201A,2026-02-13 07:00:00,203,121.28,160.54,10.53,46.7,1.87,116.19
1202A,2026-02-13 07:00:00,74,37.56,67.58,16.15,26.07,2.21,28.07
1203A,2026-02-13 07:00:00,57,28.48,57.83,14.17,29.17,0.56,99.01
1204A,2026-02-13 07:00:00,150,91.42,109.61,21.4,16.99,0.69,99.52
4401A,2026-02-13 07:00:00,76,35.6,60.26,20.34,20.68,1.22,77.84
4402A,2026-02-13 07:00:00,65,39.33,64.32,23.41,46.07,1.4,53.69
4403A,2026-02-13 07:00:00,129,72.8,109.43,8.85,23.09,1.35,24.59
4404A,2026-02-13 07:00:00,117,60.23,83.97,28.9,34.57,2.41,95.73
4405A,2026-02-13 07:00:00,185,116.46,141.14,14.46,29.17,1.49,114.2
4406A,2026-02-13 07:00:00,126,81.3,95.34,6.29,30.9,2.03,45.22
4407A,2026-02-13 07:00:00,38,16.71,21.23,24.54,47.11,1.23,47.19
4408A,2026-02-13 07:00:00,195,119.37,165.71,6.86,37.39,1.66,60.18
4409A,2026-02-13 07:00:00,189,113.71,151.63,11.25,35.89,1.59,26.63
4401B,2026-02-13 07:00:00,197,110.66,165.88,13.53,48.76,1.21,91.42
4402B,2026-02-13 07:00:00,189,113.99,153.64,16.07,25.38,2.26,64.66
4403B,2026-02-13 07:00:00,175,100.16,132.95,23.01,43.64,2.43,49.28
4404B,2026-02-13 07:00:00,159,95.84,132.0,20.62,28.82,2.1,51.64
4405B,2026-02-13 07:00:00,35,29.77,19.62,29.01,17.87,2.18,29.5
4406B,2026-02-13 07:00:00,169,101.77,138.74,24.28,25.56,1.88,99.02
5101A,2026-02-13 07:00:00,196,108.76,169.63,24.11,18.57,0.9,22.45
5102A,2026-02-13 07:00:00,159,91.23,121.51,13.89,26.84,0.71,59.48
5103A,2026-02-13 07:00:00,95,65.22,84.49,17.37,34.52,0.89,114.69
5104A,2026-02-13 07:00:00,71,36.85,63.73,21.45,15.32,0.54,90.81
5105A,2026-02-13 07:00:00,111,59.78,80.39,27.47,30.51,1.63,20.32
5106A,2026-02-13 07:00:00,145,96.62,109.11,5.11,30.49,0.69,49.65
5107A,2026-02-13 07:00:00,151,94.89,107.81,28.41,49.6,2.42,32.77
1101A,2026-02-13 08:00:00,104,57.94,72.7,28.1,16.09,1.7,49.22
1102A,2026-02-13 08:00:00,57,37.82,39.14,27.05,34.24,0.86,56.58
1103A,2026-02-13 08:00:00,45,17.19,23.7,14.56,27.35,0.89,70.51
1104A,2026-02-13 08:00:00,186,113.34,135.94,22.85,45.76,1.29,91.6
1105A,2026-02-13 08:00:00,168,91.62,128.88,27.58,42.36,2.17,59.61
1106A,2026-02-13 08:00:00,49,31.65,27.07,18.43,44.11,2.48,111.32
1107A,2026-02-13 08:00:00,200,125.75,154.49,20.57,33.59,0.81,57.98
1108A,2026-02-13 08:00:00,120,81.34,110.25,25.45,44.65,1.97,29.15
1109A,2026-02-13 08:00:00,84,43.93,80.64,24.25,24.71,1.72,79.85
1201A,2026-02-13 08:00:00,122,63.95,95.88,23.93,21.78,0.51,104.87
1202A,2026-02-13 08:00:00,62,29.24,42.47,27.65,40.94,0.82,41.05
1203A,2026-02-13 08:00:00,213,125.53,173.54,11.08,15.89,1.08,21.33
1204A,2026-02-13 08:00:00,159,93.44,117.16,5.79,16.51,1.65,46.11
4401A,2026-02-13 08:00:00,96,51.5,81.2,9.94,33.55,1.79,75.26
4402A,2026-02-13 08:00:00,123,70.34,109.61,14.44,22.17,2.38,89.44
4403A,2026-02-13 08:00:00,190,108.73,152.6,16.47,21.22,1.11,76.6
4404A,2026-02-13 08:00:00,132,77.26,103.47,27.08,27.91,0.77,48.54
4405A,2026-02-13 08:00:00,66,40.63,50.54,20.56,27.01,0.68,100.69
4406A,2026-02-13 08:00:00,132,70.36,116.13,8.9,22.05,0.66,60.97
4407A,2026-02-13 08:00:00,120,77.04,102.39,14.29,34.45,2.02,51.92
4408A,2026-02-13 08:00:00,193,123.23,162.85,7.76,29.22,2.31,91.17
4409A,2026-02-13 08:00:00,124,82.89,111.24,28.63,48.62,2.41,69.24
4401B,2026-02-13 08:00:00,116,69.1,95.09,28.05,20.46,1.25,66.41
4402B,2026-02-13 08:00:00,50,24.11,48.15,19.95,26.0,1.54,99.52
4403B,2026-02-13 08:00:00,204,126.03,161.36,22.76,36.23,0.87,28.55
4404B,2026-02-13 08:00:00,210,132.46,169.4,28.56,24.0,0.66,48.81
4405B,2026-02-13 08:00:00,212,136.93,183.61,10.44,36.58,2.38,101.09
4406B,2026-02-13 08:00:00,109,64.2,74.38,18.18,17.78,2.09,67.06
5101A,2026-02-13 08:00:00,146,91.79,117.09,15.17,28.45,0.77,96.86
5102A,2026-02-13 08:00:00,69,46.14,60.84,25.95,37.88,0.82,117.57
5103A,2026-02-13 08:00:00,120,71.2,110.09,17.42,40.08,1.0,105.57
5104A,2026-02-13 08:00:00,104,61.61,96.16,5.12,40.23,1.28,63.78
5105A,2026-02-13 08:00:00,193,124.55,155.93,25.08,31.78,2.07,26.36
5106A,2026-02-13 08:00:00,177,109.08,154.88,7.82,38.89,1.97,21.7
5107A,2026-02-13 08:00:00,139,76.38,117.85,23.0,16.05,1.71,21.12
1101A,2026-02-13 09:00:00,111,65.52,75.32,20.58,41.52,1.36,99.54
1102A,2026-02-13 09:00:00,139,90.46,120.09,17.66,45.54,2.23,60.05
1103A,2026-02-13 09:00:00,127,79.14,107.55,12.98,21.06,0.67,89.98
1104A,2026-02-13 09:00:00,165,103.27,142.39,27.36,34.58,1.2,115.43
1105A,2026-02-13 09:00:00,155,99.6,117.69,12.3,32.87,1.02,89.17
1106A,2026-02-13 09:00:00,175,111.98,144.13,25.15,40.62,1.22,115.47
1107A,2026-02-13 09:00:00,42,34.39,43.49,9.9,49.28,1.46,80.07
1108A,2026-02-13 09:00:00,155,96.21,133.45,14.28,19.51,0.93,91.13
1109A,2026-02-13 09:00:00,123,82.97,111.89,8.53,16.86,2.06,43.53
1201A,2026-02-13 09:00:00,149,79.75,132.59,17.62,21.57,0.68,90.23
1202A,2026-02-13 09:00:00,118,78.37,88.9,18.23,37.65,2.34,50.35
1203A,2026-02-13 09:00:00,107,71.82,98.61,15.76,16.63,1.47,112.92
1204A,2026-02-13 09:00:00,127,76.01,90.49,25.91,28.9,1.98,46.24
4401A,2026-02-13 09:00:00,83,50.65,53.72,29.27,42.23,0.96,116.23
4402A,2026-02-13 09:00:00,98,65.87,80.35,28.91,19.07,1.65,67.23
4403A,2026-02-13 09:00:00,159,96.48,113.2,25.56,25.71,0.96,75.86
4404A,2026-02-13 09:00:00,55,28.08,48.92,18.39,41.98,0.87,92.28
4405A,2026-02-13 09:00:00,128,86.0,116.5,15.02,33.79,2.26,119.52
4406A,2026-02-13 09:00:00,69,33.75,51.76,15.51,31.1,1.2,119.08
4407A,2026-02-13 09:00:00,205,120.59,165.55,8.03,37.69,2.48,81.1
4408A,2026-02-13 09:00:00,154,94.84,123.71,26.2,24.13,0.86,47.86
4409A,2026-02-13 09:00:00,155,96.69,132.34,15.54,19.99,0.86,96.73
4401B,2026-02-13 09:00:00,134,77.12,110.48,5.38,48.3,0.95,76.0
4402B,2026-02-13 09:00:00,98,54.89,81.16,19.75,43.84,0.66,86.01
4403B,2026-02-13 09:00:00,105,53.17,88.81,28.8,49.25,1.58,87.92
4404B,2026-02-13 09:00:00,58,38.81,34.42,12.48,29.72,1.25,55.29
4405B,2026-02-13 09:00:00,188,121.11,160.18,20.91,31.72,2.02,96.83
4406B,2026-02-13 09:00:00,79,43.67,77.16,11.49,45.66,1.65,46.59
5101A,2026-02-13 09:00:00,197,112.21,146.68,10.97,28.85,0.62,59.71
5102A,2026-02-13 09:00:00,82,44.18,56.67,9.97,16.91,0.74,77.44
5103A,2026-02-13 09:00:00,145,94.24,116.72,22.18,30.26,1.26,102.89
5104A,2026-02-13 09:00:00,94,57.02,68.58,23.72,20.88,0.68,88.75
5105A,2026-02-13 09:00:00,131,82.74,108.3,19.34,15.61,1.84,62.83
5106A,2026-02-13 09:00:00,148,87.99,133.0,26.08,31.19,2.11,86.23
5107A,2026-02-13 09:00:00,140,78.34,113.12,8.6,49.0,0.87,80.17
1101A,2026-02-13 10:00:00,143,76.15,111.84,18.3,48.26,1.38,35.37
1102A,2026-02-13 10:00:00,221,122.86,181.92,7.84,28.59,2.01,57.88
1103A,2026-02-13 10:00:00,141,88.05,99.1,23.69,39.27,2.48,35.85
1104A,2026-02-13 10:00:00,152,89.66,119.02,10.87,39.09,2.14,88.51
1105A,2026-02-13 10:00:00,50,23.95,40.53,7.11,28.77,1.73,23.21
1106A,2026-02-13 10:00:00,53,25.31,55.38,28.27,42.63,1.07,45.64
1107A,2026-02-13 10:00:00,62,31.7,62.5,26.05,25.73,1.79,46.69
1108A,2026-02-13 10:00:00,78,53.7,65.64,14.08,29.75,2.13,112.61
1109A,2026-02-13 10:00:00,130,76.43,96.02,13.32,36.01,1.92,42.51
1201A,2026-02-13 10:00:00,107,70.76,99.21,22.24,32.03,2.01,106.84
1202A,2026-02-13 10:00:00,85,45.07,67.04,10.58,16.55,2.39,106.69
1203A,2026-02-13 10:00:00,181,99.75,150.53,6.98,46.98,1.09,57.23
1204A,2026-02-13 10:00:00,155,83.61,115.91,26.15,49.76,1.25,29.64
4401A,2026-02-13 10:00:00,121,64.14,87.03,25.64,24.77,1.74,38.72
4402A,2026-02-13 10:00:00,121,66.98,89.52,10.81,29.14,0.9,35.43
4403A,2026-02-13 10:00:00,86,44.24,76.09,6.32,30.98,1.01,109.88
4404A,2026-02-13 10:00:00,71,36.52,64.84,16.09,43.1,1.41,78.73
4405A,2026-02-13 10:00:00,220,126.34,184.27,10.5,41.55,1.43,115.97
4406A,2026-02-13 10:00:00,216,123.36,159.8,18.79,40.18,1.65,51.65
4407A,2026-02-13 10:00:00,177,99.43,138.61,25.63,34.86,1.81,36.67
4408A,2026-02-13 10:00:00,206,114.16,164.87,8.97,29.84,0.67,33.29
4409A,2026-02-13 10:00:00,183,110.67,133.43,23.66,17.48,2.29,34.75
4401B,2026-02-13 10:00:00,195,113.64,144.14,16.86,42.68,1.73,42.01
4402B,2026-02-13 10:00:00,111,66.16,75.47,29.85,15.91,0.59,50.33
4403B,2026-02-13 10:00:00,171,96.01,147.51,21.52,39.11,0.52,66.95
4404B,2026-02-13 10:00:00,101,58.31,71.52,6.16,26.17,1.86,109.91
4405B,2026-02-13 10:00:00,61,44.15,43.48,29.68,44.37,2.03,104.43
4406B,2026-02-13 10:00:00,176,99.68,134.71,19.69,25.45,1.74,43.28
5101A,2026-02-13 10:00:00,112,64.06,79.63,9.3,15.96,0.86,86.59
5102A,2026-02-13 10:00:00,192,123.02,143.12,27.95,25.82,2.31,84.46
5103A,2026-02-13 10:00:00,81,48.84,78.29,29.81,38.46,1.14,57.65
5104A,2026-02-13 10:00:00,167,90.32,137.74,14.83,27.24,2.08,86.21
5105A,2026-02-13 10:00:00,95,60.91,76.66,17.71,20.86,1.62,63.45
5106A,2026-02-13 10:00:00,148,85.95,117.79,14.09,46.09,1.61,92.18
5107A,2026-02-13 10:00:00,46,22.52,34.49,16.25,34.78,2.32,110.95
1101A,2026-02-13 11:00:00,85,45.92,65.41,29.32,26.28,0.82,38.02
1102A,2026-02-13 11:00:00,175,97.87,142.07,8.28,29.52,2.12,106.24
1103A,2026-02-13 11:00:00,155,96.89,126.03,25.29,41.85,1.24,97.81
1104A,2026-02-13 11:00:00,228,135.83,194.37,29.73,34.3,2.03,94.88
1105A,2026-02-13 11:00:00,65,29.03,48.54,28.32,48.86,1.57,66.53
1106A,2026-02-13 11:00:00,75,37.54,70.6,13.52,18.33,0.71,41.76
1107A,2026-02-13 11:00:00,72,48.1,60.05,23.16,27.26,2.34,49.74
1108A,2026-02-13 11:00:00,80,52.01,49.47,25.62,44.05,1.69,38.81
1109A,2026-02-13 11:00:00,98,60.18,71.35,9.79,35.95,2.02,92.84
1201A,2026-02-13 11:00:00,91,50.17,74.8,5.83,20.22,0.93,66.13
1202A,2026-02-13 11:00:00,91,49.3,61.41,8.43,32.15,1.13,36.79
1203A,2026-02-13 11:00:00,103,57.86,95.12,27.94,43.79,2.44,75.43
1204A,2026-02-13 11:00:00,214,120.33,171.19,9.83,34.61,1.36,79.73
4401A,2026-02-13 11:00:00,95,58.67,90.78,22.3,45.58,0.95,26.45
4402A,2026-02-13 11:00:00,93,53.9,75.62,7.57,22.5,2.15,37.16
4403A,2026-02-13 11:00:00,168,95.09,120.24,29.15,18.16,0.51,52.77
4404A,2026-02-13 11:00:00,207,127.6,155.71,20.18,42.72,1.19,101.2
4405A,2026-02-13 11:00:00,87,48.63,78.31,23.86,44.88,0.86,83.81
4406A,2026-02-13 11:00:00,85,51.75,81.98,27.52,20.96,0.6,62.82
4407A,2026-02-13 11:00:00,38,25.8,20.92,14.51,34.25,1.55,58.43
4408A,2026-02-13 11:00:00,216,133.19,162.11,9.56,33.0,1.48,112.06
4409A,2026-02-13 11:00:00,104,53.43,69.5,20.08,33.26,0.98,78.09
4401B,2026-02-13 11:00:00,63,39.24,53.5,16.85,26.3,1.2,41.29
4402B,2026-02-13 11:00:00,229,127.87,181.61,21.56,32.57,1.08,85.01
4403B,2026-02-13 11:00:00,216,137.16,165.49,11.79,45.79,0.64,107.2
4404B,2026-02-13 11:00:00,220,140.86,184.41,20.6,46.49,1.97,66.12
4405B,2026-02-13 11:00:00,112,63.81,89.88,6.16,46.09,0.55,52.74
4406B,2026-02-13 11:00:00,193,122.66,156.04,25.2,49.31,2.22,44.93
5101A,2026-02-13 11:00:00,197,126.24,167.46,24.96,43.99,0.87,89.61
5102A,2026-02-13 11:00:00,105,57.83,94.78,16.86,35.79,2.33,116.87
5103A,2026-02-13 11:00:00,141,88.08,103.48,27.51,22.93,1.45,38.33
5104A,2026-02-13 11:00:00,155,95.41,126.09,21.82,18.01,1.39,39.42
5105A,2026-02-13 11:00:00,179,102.15,138.92,13.95,34.24,2.46,27.5
5106A,2026-02-13 11:00:00,207,128.33,179.07,11.45,42.45,2.38,110.75
5107A,2026-02-13 11:00:00,42,22.54,30.06,26.37,24.86,1.96,59.94
1101A,2026-02-13 12:00:00,202,113.41,170.33,7.16,24.97,1.05,74.9
1102A,2026-02-13 12:00:00,107,59.43,98.07,6.14,16.14,2.44,38.45
1103A,2026-02-13 12:00:00,153,94.01,136.44,11.84,47.61,2.43,24.01
1104A,2026-02-13 12:00:00,80,44.18,71.27,25.81,18.89,0.71,59.14
1105A,2026-02-13 12:00:00,124,81.98,112.21,19.43,18.39,1.08,110.34
1106A,2026-02-13 12:00:00,79,43.67,67.35,20.74,47.39,1.14,58.61
1107A,2026-02-13 12:00:00,88,43.52,75.79,14.7,43.86,2.44,82.25
1108A,2026-02-13 12:00:00,107,68.12,92.14,14.55,25.32,1.06,60.79
1109A,2026-02-13 12:00:00,171,110.8,144.73,10.8,17.32,2.22,93.5
1201A,2026-02-13 12:00:00,178,99.77,143.58,25.14,32.08,1.89,77.7
1202A,2026-02-13 12:00:00,215,136.39,182.12,15.03,43.07,1.07,32.05
1203A,2026-02-13 12:00:00,113,60.12,96.29,22.65,25.12,2.13,25.42
1204A,2026-02-13 12:00:00,227,140.47,185.41,13.08,37.9,0.51,41.17
4401A,2026-02-13 12:00:00,100,54.95,92.2,21.79,49.78,2.45,40.28
4402A,2026-02-13 12:00:00,65,44.35,53.76,5.2,43.26,1.49,55.1
4403A,2026-02-13 12:00:00,169,103.95,126.2,17.41,15.94,2.4,56.72
4404A,2026-02-13 12:00:00,211,129.44,167.74,28.22,19.74,2.14,99.29
4405A,2026-02-13 12:00:00,208,129.64,154.79,11.79,23.26,2.18,80.05
4406A,2026-02-13 12:00:00,122,71.11,97.1,15.22,25.99,0.66,50.56
4407A,2026-02-13 12:00:00,102,51.79,76.63,29.9,37.68,1.56,84.64
4408A,2026-02-13 12:00:00,157,92.88,119.31,27.94,25.31,0.93,27.79
4409A,2026-02-13 12:00:00,93,49.61,70.38,21.42,47.27,0.96,23.05
4401B,2026-02-13 12:00:00,178,110.59,156.84,6.1,49.75,2.44,116.64
4402B,2026-02-13 12:00:00,65,42.92,47.72,23.98,30.8,2.46,66.11
4403B,2026-02-13 12:00:00,114,73.78,98.16,22.97,22.76,1.68,72.73
4404B,2026-02-13 12:00:00,152,83.11,116.13,26.88,27.29,1.17,42.26
4405B,2026-02-13 12:00:00,223,141.48,173.88,19.38,28.8,0.91,65.26
4406B,2026-02-13 12:00:00,208,130.38,158.04,12.64,24.52,2.26,34.02
5101A,2026-02-13 12:00:00,109,74.6,79.65,16.27,44.28,1.11,54.12
5102A,2026-02-13 12:00:00,62,32.61,41.64,23.99,44.04,0.92,107.43
5103A,2026-02-13 12:00:00,45,19.84,50.25,28.84,43.78,0.81,39.15
5104A,2026-02-13 12:00:00,226,131.14,167.57,16.71,40.69,1.09,27.09
5105A,2026-02-13 12:00:00,205,113.48,165.84,18.86,48.62,1.77,21.36
5106A,2026-02-13 12:00:00,141,81.58,119.53,7.67,39.01,0.96,39.93
5107A,2026-02-13 12:00:00,206,115.63,155.46,10.7,17.86,0.88,91.61
1101A,2026-02-13 13:00:00,105,64.31,90.64,28.93,45.77,0.53,49.06
1102A,2026-02-13 13:00:00,161,99.11,115.52,18.92,41.08,1.62,92.65
1103A,2026-02-13 13:00:00,113,73.99,82.47,22.06,28.04,1.04,69.78
1104A,2026-02-13 13:00:00,197,113.38,168.9,8.13,31.24,1.63,77.99
1105A,2026-02-13 13:00:00,165,103.52,136.09,25.99,44.05,1.23,72.25
1106A,2026-02-13 13:00:00,109,65.47,99.86,20.31,37.11,2.23,21.91
1107A,2026-02-13 13:00:00,172,112.89,127.21,18.89,17.42,1.18,37.49
1108A,2026-02-13 13:00:00,98,61.75,72.85,15.6,33.0,1.97,109.05
1109A,2026-02-13 13:00:00,59,34.32,49.21,27.84,16.53,1.44,72.49
1201A,2026-02-13 13:00:00,85,60.86,75.07,17.04,33.57,1.87,70.42
1202A,2026-02-13 13:00:00,105,55.85,86.8,13.77,22.89,1.67,119.6
1203A,2026-02-13 13:00:00,196,114.05,155.43,22.95,39.33,1.14,75.91
1204A,2026-02-13 13:00:00,204,112.87,164.8,22.42,24.2,0.74,25.92
4401A,2026-02-13 13:00:00,172,106.54,144.77,12.79,22.12,0.83,34.12
4402A,2026-02-13 13:00:00,40,18.34,44.59,7.54,27.89,1.23,96.56
4403A,2026-02-13 13:00:00,220,138.28,187.64,15.91,20.93,0.99,40.05
4404A,2026-02-13 13:00:00,144,81.3,125.42,25.35,30.45,2.42,51.29
4405A,2026-02-13 13:00:00,110,68.76,74.23,12.55,49.61,1.68,45.73
4406A,2026-02-13 13:00:00,164,93.64,121.8,14.08,16.41,1.7,117.72
4407A,2026-02-13 13:00:00,155,91.59,110.37,15.29,36.14,0.86,63.51
4408A,2026-02-13 13:00:00,154,91.86,137.34,16.96,37.34,2.44,85.39
4409A,2026-02-13 13:00:00,136,90.13,100.05,14.72,35.21,1.77,21.33
4401B,2026-02-13 13:00:00,57,41.86,55.02,28.54,36.03,1.91,119.21
4402B,2026-02-13 13:00:00,149,80.91,123.28,27.22,33.77,1.86,104.83
4403B,2026-02-13 13:00:00,126,85.33,99.43,28.25,19.89,1.4,75.24
4404B,2026-02-13 13:00:00,169,92.12,126.95,6.54,28.01,1.71,48.64
4405B,2026-02-13 13:00:00,161,88.77,123.34,17.94,42.76,1.16,102.46
4406B,2026-02-13 13:00:00,61,32.19,39.29,5.1,21.49,1.95,96.62
5101A,2026-02-13 13:00:00,212,130.14,172.54,18.79,42.62,2.2,51.23
5102A,2026-02-13 13:00:00,54,27.47,46.08,24.09,20.45,0.81,62.09
5103A,2026-02-13 13:00:00,87,48.73,72.16,17.92,24.31,1.17,98.62
5104A,2026-02-13 13:00:00,172,100.81,122.86,19.35,45.87,1.75,78.95
5105A,2026-02-13 13:00:00,156,87.05,123.48,5.02,49.16,0.57,90.92
5106A,2026-02-13 13:00:00,57,35.1,51.75,12.74,19.62,1.24,98.99
5107A,2026-02-13 13:00:00,210,123.49,182.77,17.32,45.75,1.1,108.01
1101A,2026-02-13 14:00:00,41,17.79,43.73,6.92,42.64,2.04,99.15
1102A,2026-02-13 14:00:00,55,32.19,54.79,12.2,34.19,1.04,62.81
1103A,2026-02-13 14:00:00,196,112.27,148.42,16.93,31.8,1.86,96.0
1104A,2026-02-13 14:00:00,80,43.19,68.32,7.78,46.95,0.59,36.49
1105A,2026-02-13 14:00:00,41,29.95,43.19,17.45,31.59,2.27,44.08
1106A,2026-02-13 14:00:00,178,114.55,154.61,16.97,19.38,0.57,27.12
1107A,2026-02-13 14:00:00,68,32.02,51.17,13.4,25.32,0.54,79.91
1108A,2026-02-13 14:00:00,215,129.93,165.03,10.05,22.93,1.48,78.08
1109A,2026-02-13 14:00:00,105,72.44,98.24,5.12,31.19,1.25,25.27
1201A,2026-02-13 14:00:00,185,119.89,135.07,24.54,21.02,0.62,54.7
1202A,2026-02-13 14:00:00,161,106.04,137.97,19.48,33.44,0.98,112.97
1203A,2026-02-13 14:00:00,45,22.7,31.45,26.89,42.32,1.41,78.99
1204A,2026-02-13 14:00:00,111,60.35,101.91,28.82,34.72,0.78,60.54
4401A,2026-02-13 14:00:00,68,39.49,56.61,11.18,19.5,0.65,98.21
4402A,2026-02-13 14:00:00,193,107.59,141.68,13.5,41.78,1.91,71.14
4403A,2026-02-13 14:00:00,56,30.56,36.19,22.67,19.83,0.52,73.66
4404A,2026-02-13 14:00:00,157,88.74,114.31,25.9,28.0,0.57,42.85
4405A,2026-02-13 14:00:00,63,31.59,40.06,6.24,19.66,2.37,33.56
4406A,2026-02-13 14:00:00,128,83.42,89.79,17.15,35.76,1.21,91.7
4407A,2026-02-13 14:00:00,107,62.34,83.4,22.29,35.52,2.26,25.08
4408A,2026-02-13 14:00:00,161,103.03,120.53,12.49,30.29,1.39,62.62
4409A,2026-02-13 14:00:00,128,85.24,92.37,25.81,43.95,0.54,59.08
4401B,2026-02-13 14:00:00,225,140.21,168.9,13.53,21.61,0.63,112.7
4402B,2026-02-13 14:00:00,205,115.81,158.4,13.18,17.3,1.49,36.41
4403B,2026-02-13 14:00:00,115,76.21,93.22,13.24,24.45,2.33,43.37
4404B,2026-02-13 14:00:00,147,82.89,106.84,28.52,22.86,0.79,40.06
4405B,2026-02-13 14:00:00,60,33.03,40.25,5.34,39.07,1.75,67.82
4406B,2026-02-13 14:00:00,158,91.35,122.36,6.47,26.24,0.57,103.33
5101A,2026-02-13 14:00:00,166,104.7,130.18,15.86,38.27,0.64,101.69
5102A,2026-02-13 14:00:00,37,15.22,35.22,14.39,40.36,1.17,42.46
5103A,2026-02-13 14:00:00,67,49.19,52.24,26.64,47.21,1.78,86.96
5104A,2026-02-13 14:00:00,108,62.32,84.56,12.08,23.22,0.73,91.69
5105A,2026-02-13 14:00:00,215,124.9,177.81,20.07,48.95,0.61,60.66
5106A,2026-02-13 14:00:00,72,39.67,65.68,18.34,24.1,2.07,26.73
5107A,2026-02-13 14:00:00,211,116.61,179.02,8.63,39.32,1.05,92.65
1101A,2026-02-13 15:00:00,183,110.07,139.74,26.62,31.78,1.94,63.18
1102A,2026-02-13 15:00:00,75,45.87,56.66,16.89,48.47,1.14,32.24
1103A,2026-02-13 15:00:00,198,110.76,173.12,23.36,33.31,1.59,105.52
1104A,2026-02-13 15:00:00,158,88.47,111.99,19.94,48.64,2.46,75.46
1105A,2026-02-13 15:00:00,115,77.29,104.72,23.16,19.64,1.3,111.64
1106A,2026-02-13 15:00:00,75,48.87,64.32,18.91,17.49,0.74,62.35
1107A,2026-02-13 15:00:00,90,54.33,67.48,23.12,33.72,1.5,44.87
1108A,2026-02-13 15:00:00,215,127.46,158.91,10.15,49.86,2.23,54.62
1109A,2026-02-13 15:00:00,85,59.88,68.12,9.25,40.94,1.8,117.46
1201A,2026-02-13 15:00:00,160,102.33,132.12,18.03,45.35,2.32,107.54
1202A,2026-02-13 15:00:00,210,120.28,175.52,16.39,26.42,2.3,55.07
1203A,2026-02-13 15:00:00,91,52.7,65.68,27.39,25.52,1.63,27.98
1204A,2026-02-13 15:00:00,112,71.74,75.39,25.58,31.04,1.99,40.06
4401A,2026-02-13 15:00:00,93,47.41,64.27,22.32,36.41,0.61,41.69
4402A,2026-02-13 15:00:00,100,60.19,70.22,6.5,40.88,1.97,67.38
4403A,2026-02-13 15:00:00,66,42.78,67.0,14.34,25.01,2.37,27.65
4404A,2026-02-13 15:00:00,60,43.82,39.03,12.37,42.08,2.5,53.9
4405A,2026-02-13 15:00:00,46,35.32,25.82,17.82,49.66,1.71,107.4
4406A,2026-02-13 15:00:00,116,62.18,91.5,24.89,24.96,1.39,85.0
4407A,2026-02-13 15:00:00,145,95.43,120.24,6.53,25.74,2.1,75.3
4408A,2026-02-13 15:00:00,67,49.17,50.79,7.66,23.59,1.67,37.14
4409A,2026-02-13 15:00:00,205,132.74,159.56,24.04,38.23,2.26,42.87
4401B,2026-02-13 15:00:00,149,88.2,132.97,23.77,43.4,0.54,65.45
4402B,2026-02-13 15:00:00,77,44.52,74.72,20.58,49.24,0.93,63.27
4403B,2026-02-13 15:00:00,66,46.56,53.65,23.23,47.06,2.05,43.51
4404B,2026-02-13 15:00:00,110,72.33,87.94,5.81,17.93,2.41,67.06
4405B,2026-02-13 15:00:00,67,39.76,38.61,23.31,30.05,2.19,74.73
4406B,2026-02-13 15:00:00,172,99.59,145.65,13.28,45.69,0.73,55.79
5101A,2026-02-13 15:00:00,192,112.83,168.33,16.23,26.66,1.65,24.06
5102A,2026-02-13 15:00:00,187,103.82,145.73,7.76,32.81,2.03,45.46
5103A,2026-02-13 15:00:00,63,30.28,40.36,23.34,37.22,2.47,38.38
5104A,2026-02-13 15:00:00,60,29.79,59.22,29.28,33.29,0.51,72.73
5105A,2026-02-13 15:00:00,186,112.26,146.64,25.15,43.47,1.52,63.82
5106A,2026-02-13 15:00:00,126,73.38,86.24,7.93,20.92,1.01,27.95
5107A,2026-02-13 15:00:00,41,22.79,21.4,6.88,32.49,1.88,57.36
1101A,2026-02-13 16:00:00,141,75.28,107.15,5.93,16.33,0.62,84.19
1102A,2026-02-13 16:00:00,85,52.56,55.78,23.45,48.2,1.98,72.11
1103A,2026-02-13 16:00:00,110,72.52,86.66,27.16,33.77,0.51,95.92
1104A,2026-02-13 16:00:00,96,63.46,77.7,29.83,22.88,1.68,40.91
1105A,2026-02-13 16:00:00,188,108.78,137.0,21.38,34.64,0.93,38.62
1106A,2026-02-13 16:00:00,43,35.12,42.04,19.78,21.87,2.09,24.31
1107A,2026-02-13 16:00:00,163,97.03,135.69,26.9,15.88,1.34,117.11
1108A,2026-02-13 16:00:00,163,94.75,131.27,26.87,38.21,2.37,39.45
1109A,2026-02-13 16:00:00,72,49.39,68.42,13.34,27.09,1.0,118.54
1201A,2026-02-13 16:00:00,135,88.03,106.53,29.99,40.73,1.64,111.71
1202A,2026-02-13 16:00:00,87,59.32,64.66,20.25,29.4,1.1,108.3
1203A,2026-02-13 16:00:00,205,126.04,156.2,8.23,29.01,2.44,97.72
1204A,2026-02-13 16:00:00,106,57.28,80.73,7.87,34.93,2.09,114.32
4401A,2026-02-13 16:00:00,163,89.05,137.1,16.26,22.02,0.93,77.38
4402A,2026-02-13 16:00:00,96,59.77,68.06,5.28,37.58,2.44,113.5
4403A,2026-02-13 16:00:00,100,52.84,84.37,13.97,48.2,0.8,34.5
4404A,2026-02-13 16:00:00,169,105.57,138.61,7.9,33.02,2.09,56.44
4405A,2026-02-13 16:00:00,52,34.41,47.68,24.83,15.12,1.34,35.73
4406A,2026-02-13 16:00:00,84,53.17,71.17,27.7,17.49,1.61,82.35
4407A,2026-02-13 16:00:00,86,41.96,83.16,22.83,17.61,0.58,115.58
4408A,2026-02-13 16:00:00,67,48.3,41.23,13.68,48.45,0.9,102.78
4409A,2026-02-13 16:00:00,210,122.66,170.36,16.91,22.8,0.78,23.73
4401B,2026-02-13 16:00:00,136,71.77,95.28,23.16,40.83,2.33,84.0
4402B,2026-02-13 16:00:00,138,88.82,102.08,28.58,35.05,0.62,66.51
4403B,2026-02-13 16:00:00,114,72.21,77.25,28.44,37.93,2.32,84.86
4404B,2026-02-13 16:00:00,124,80.85,91.84,19.87,37.3,2.45,47.68
4405B,2026-02-13 16:00:00,186,103.97,154.26,5.23,28.1,1.55,27.72
4406B,2026-02-13 16:00:00,70,47.26,65.7,26.32,41.03,1.57,67.91
5101A,2026-02-13 16:00:00,112,72.84,82.02,7.55,34.78,0.65,91.72
5102A,2026-02-13 16:00:00,87,59.65,66.58,9.53,41.31,1.65,31.34
5103A,2026-02-13 16:00:00,38,21.53,27.61,27.48,19.0,2.22,62.55
5104A,2026-02-13 16:00:00,181,110.92,131.04,22.37,49.41,1.97,35.42
5105A,2026-02-13 16:00:00,128,84.64,115.26,18.02,42.93,1.2,115.47
5106A,2026-02-13 16:00:00,96,66.63,67.82,5.41,29.36,1.91,89.66
5107A,2026-02-13 16:00:00,212,118.52,184.31,18.98,48.02,2.08,116.39
1101A,2026-02-13 17:00:00,132,76.87,108.64,5.34,25.04,0.96,39.98
1102A,2026-02-13 17:00:00,119,79.67,102.69,25.82,49.4,1.38,47.05
1103A,2026-02-13 17:00:00,159,104.9,114.24,28.14,27.09,0.61,59.67
1104A,2026-02-13 17:00:00,202,128.9,173.71,14.53,16.48,1.97,20.43
1105A,2026-02-13 17:00:00,178,102.72,143.98,15.51,31.66,1.06,55.02
1106A,2026-02-13 17:00:00,139,88.87,114.58,7.13,46.89,1.93,66.36
1107A,2026-02-13 17:00:00,108,67.67,89.98,24.9,29.62,1.79,119.86
1108A,2026-02-13 17:00:00,122,77.99,103.6,7.56,35.34,0.69,102.23
1109A,2026-02-13 17:00:00,149,87.85,117.79,6.45,44.8,1.47,114.14
1201A,2026-02-13 17:00:00,150,89.58,121.68,12.77,28.82,0.91,20.42
1202A,2026-02-13 17:00:00,146,92.87,131.44,12.23,17.14,1.94,118.02
1203A,2026-02-13 17:00:00,126,68.06,91.81,11.25,46.74,1.97,28.15
1204A,2026-02-13 17:00:00,98,63.49,84.29,29.01,43.63,2.06,102.86
4401A,2026-02-13 17:00:00,110,73.29,99.31,9.66,32.71,1.44,78.85
4402A,2026-02-13 17:00:00,145,90.48,126.41,27.69,18.75,1.39,62.04
4403A,2026-02-13 17:00:00,139,82.97,109.19,6.74,32.83,0.64,27.14
4404A,2026-02-13 17:00:00,146,82.72,110.01,25.11,18.5,1.41,108.65
4405A,2026-02-13 17:00:00,136,85.6,123.76,21.07,19.2,1.83,101.93
4406A,2026-02-13 17:00:00,132,72.15,111.14,22.02,27.23,2.18,78.53
4407A,2026-02-13 17:00:00,119,70.07,99.45,14.59,40.65,1.29,77.84
4408A,2026-02-13 17:00:00,47,21.45,29.28,9.99,18.11,1.35,102.7
4409A,2026-02-13 17:00:00,65,37.23,50.08,29.49,15.1,1.34,64.48
4401B,2026-02-13 17:00:00,39,17.06,25.35,5.06,28.06,1.58,23.76
4402B,2026-02-13 17:00:00,79,43.07,61.2,10.16,33.84,2.31,86.19
4403B,2026-02-13 17:00:00,58,30.14,46.29,21.32,48.21,0.61,63.58
4404B,2026-02-13 17:00:00,205,117.57,159.42,28.85,18.71,2.09,107.83
4405B,2026-02-13 17:00:00,210,117.93,157.98,5.99,16.79,0.89,79.91
4406B,2026-02-13 17:00:00,192,115.82,164.19,14.87,30.07,2.06,21.58
5101A,2026-02-13 17:00:00,70,34.99,70.17,14.85,36.03,1.88,64.14
5102A,2026-02-13 17:00:00,149,84.71,113.4,14.14,18.36,1.13,90.47
5103A,2026-02-13 17:00:00,190,105.23,148.1,13.06,45.79,1.17,21.3
5104A,2026-02-13 17:00:00,168,101.45,144.11,17.67,33.02,2.2,49.37
5105A,2026-02-13 17:00:00,94,50.69,63.53,14.93,19.69,1.57,25.69
5106A,2026-02-13 17:00:00,95,47.12,86.3,13.49,24.87,0.53,68.98
5107A,2026-02-13 17:00:00,78,53.93,58.27,23.95,34.6,0.65,42.29
1101A,2026-02-13 18:00:00,110,74.99,85.88,23.85,44.3,0.89,89.52
1102A,2026-02-13 18:00:00,154,91.42,137.86,22.11,36.04,0.87,25.37
1103A,2026-02-13 18:00:00,197,112.48,169.63,23.34,15.28,0.5,65.7
1104A,2026-02-13 18:00:00,97,62.71,80.47,23.45,23.48,2.22,39.01
1105A,2026-02-13 18:00:00,102,52.79,90.6,10.9,34.56,1.01,38.62
1106A,2026-02-13 18:00:00,101,53.29,88.45,20.3,28.36,1.56,24.96
1107A,2026-02-13 18:00:00,134,79.62,99.23,12.21,27.09,1.4,31.35
1108A,2026-02-13 18:00:00,200,116.77,171.34,27.12,41.12,2.17,21.4
1109A,2026-02-13 18:00:00,39,14.9,38.88,25.94,19.1,2.03,38.66
1201A,2026-02-13 18:00:00,154,89.21,137.83,27.38,20.24,2.04,83.6
1202A,2026-02-13 18:00:00,155,90.54,127.92,5.12,16.44,2.33,81.64
1203A,2026-02-13 18:00:00,82,39.66,61.33,15.35,25.89,1.28,40.66
1204A,2026-02-13 18:00:00,149,97.9,104.34,26.14,40.3,1.7,61.84
4401A,2026-02-13 18:00:00,56,27.06,31.89,26.74,33.17,0.79,35.01
4402A,2026-02-13 18:00:00,48,24.2,31.47,11.23,45.24,2.41,69.77
4403A,2026-02-13 18:00:00,134,80.38,103.15,23.11,32.41,1.08,114.6
4404A,2026-02-13 18:00:00,141,77.62,111.22,18.11,30.54,1.65,70.42
4405A,2026-02-13 18:00:00,40,26.25,39.13,26.83,30.42,1.54,42.9
4406A,2026-02-13 18:00:00,88,44.72,68.47,24.99,42.96,1.18,93.96
4407A,2026-02-13 18:00:00,165,106.92,134.97,29.62,42.46,1.06,42.02
4408A,2026-02-13 18:00:00,180,103.36,153.58,28.03,46.35,2.44,40.06
4409A,2026-02-13 18:00:00,150,85.11,112.53,21.96,28.62,0.92,72.82
4401B,2026-02-13 18:00:00,194,115.23,150.79,13.14,40.05,1.26,27.92
4402B,2026-02-13 18:00:00,129,72.01,108.49,25.74,16.8,0.73,21.67
4403B,2026-02-13 18:00:00,156,94.05,131.73,17.98,22.52,1.52,76.44
4404B,2026-02-13 18:00:00,74,40.08,73.86,27.15,33.58,2.3,84.38
4405B,2026-02-13 18:00:00,149,87.61,116.21,18.02,47.77,0.89,33.56
4406B,2026-02-13 18:00:00,77,37.71,52.16,26.04,16.29,1.52,28.94
5101A,2026-02-13 18:00:00,193,118.61,146.47,14.92,43.02,1.14,23.77
5102A,2026-02-13 18:00:00,83,52.07,56.48,27.17,33.46,2.02,21.49
5103A,2026-02-13 18:00:00,182,109.73,140.18,11.59,23.59,0.82,37.28
5104A,2026-02-13 18:00:00,203,122.94,152.41,19.47,28.15,1.33,48.79
5105A,2026-02-13 18:00:00,181,110.1,130.31,16.61,27.68,1.27,77.51
5106A,2026-02-13 18:00:00,201,111.29,175.28,21.56,37.35,1.2,72.84
5107A,2026-02-13 18:00:00,82,43.1,52.18,25.31,34.99,0.66,70.16
1101A,2026-02-13 19:00:00,151,97.34,125.97,19.1,38.68,0.54,92.17
1102A,2026-02-13 19:00:00,74,37.84,57.78,9.08,47.59,1.98,49.04
1103A,2026-02-13 19:00:00,131,69.06,92.16,17.05,23.72,1.96,65.95
1104A,2026-02-13 19:00:00,124,65.35,110.82,28.69,23.93,1.51,68.17
1105A,2026-02-13 19:00:00,110,61.53,101.06,24.16,20.27,0.5,20.42
1106A,2026-02-13 19:00:00,57,43.42,41.45,22.68,35.18,2.04,100.96
1107A,2026-02-13 19:00:00,45,25.26,44.11,15.24,21.89,2.24,75.71
1108A,2026-02-13 19:00:00,57,27.87,54.59,24.8,25.59,2.12,77.76
1109A,2026-02-13 19:00:00,108,64.03,85.36,25.79,30.27,1.22,113.49
1201A,2026-02-13 19:00:00,145,81.29,109.18,16.05,21.72,0.91,83.57
1202A,2026-02-13 19:00:00,186,104.14,142.19,28.24,41.59,0.59,53.59
1203A,2026-02-13 19:00:00,147,79.26,104.13,26.1,27.61,1.8,100.32
1204A,2026-02-13 19:00:00,130,73.65,97.1,20.35,31.62,2.22,49.42
4401A,2026-02-13 19:00:00,131,84.54,95.33,12.71,33.03,1.33,97.92
4402A,2026-02-13 19:00:00,154,98.52,136.14,13.52,29.3,2.43,28.48
4403A,2026-02-13 19:00:00,201,112.87,157.74,28.82,42.66,1.19,88.66
4404A,2026-02-13 19:00:00,72,39.19,67.29,17.08,46.22,1.59,62.33
4405A,2026-02-13 19:00:00,156,92.77,117.92,20.75,47.74,1.24,91.27
4406A,2026-02-13 19:00:00,178,108.16,138.25,9.09,16.79,0.99,109.72
4407A,2026-02-13 19:00:00,173,109.2,142.71,25.07,37.7,1.01,42.78
4408A,2026-02-13 19:00:00,104,56.12,71.04,12.06,18.11,1.46,35.93
4409A,2026-02-13 19:00:00,75,53.01,60.71,16.16,33.04,0.72,55.38
4401B,2026-02-13 19:00:00,139,77.3,101.91,29.42,41.33,2.32,87.51
4402B,2026-02-13 19:00:00,91,61.12,73.94,11.33,36.99,1.87,86.08
4403B,2026-02-13 19:00:00,144,89.08,128.03,13.03,49.64,0.96,111.65
4404B,2026-02-13 19:00:00,90,62.56,71.85,6.76,37.02,1.35,94.18
4405B,2026-02-13 19:00:00,70,46.43,47.55,11.18,22.81,1.91,56.98
4406B,2026-02-13 19:00:00,141,83.07,119.51,17.67,39.91,1.37,32.12
5101A,2026-02-13 19:00:00,119,71.16,81.07,19.98,42.99,0.51,112.88
5102A,2026-02-13 19:00:00,56,42.78,46.2,6.39,35.91,1.18,24.39
5103A,2026-02-13 19:00:00,191,113.68,166.87,21.22,26.67,1.07,82.03
5104A,2026-02-13 19:00:00,155,98.84,137.24,8.82,33.86,0.99,54.46
5105A,2026-02-13 19:00:00,112,58.91,81.58,5.18,40.28,1.92,100.85
5106A,2026-02-13 19:00:00,147,87.62,104.26,10.0,32.27,2.47,38.04
5107A,2026-02-13 19:00:00,149,80.13,122.63,29.42,49.58,0.83,102.37
1101A,2026-02-13 20:00:00,37,21.97,15.9,19.57,27.96,1.35,21.81
1102A,2026-02-13 20:00:00,146,96.82,113.09,18.17,24.67,0.5,36.11
1103A,2026-02-13 20:00:00,74,50.76,71.12,23.94,37.02,1.51,28.76
1104A,2026-02-13 20:00:00,190,111.34,137.94,16.83,16.0,1.74,77.74
1105A,2026-02-13 20:00:00,74,46.95,62.24,7.39,19.1,0.97,71.01
1106A,2026-02-13 20:00:00,145,94.88,112.51,18.28,43.26,0.64,41.15
1107A,2026-02-13 20:00:00,75,42.44,73.73,19.36,21.48,1.58,89.53
1108A,2026-02-13 20:00:00,48,28.76,32.57,16.08,22.74,1.4,62.41
1109A,2026-02-13 20:00:00,80,42.55,55.93,29.9,37.84,2.0,100.33
1201A,2026-02-13 20:00:00,111,76.13,99.58,15.58,48.78,1.73,24.38
1202A,2026-02-13 20:00:00,68,32.21,55.65,8.45,47.65,1.36,108.45
1203A,2026-02-13 20:00:00,74,42.38,64.04,11.01,47.23,1.54,95.12
1204A,2026-02-13 20:00:00,127,72.85,97.05,25.27,23.29,2.41,60.35
4401A,2026-02-13 20:00:00,116,61.67,85.87,7.83,48.17,1.18,36.92
4402A,2026-02-13 20:00:00,133,71.09,98.28,27.23,47.19,0.64,31.84
4403A,2026-02-13 20:00:00,110,65.02,85.95,17.98,26.66,1.03,93.27
4404A,2026-02-13 20:00:00,50,20.55,38.93,20.29,32.19,1.89,29.97
4405A,2026-02-13 20:00:00,64,37.02,61.81,12.0,31.2,2.41,77.53
4406A,2026-02-13 20:00:00,85,58.25,70.5,9.57,39.65,1.01,93.42
4407A,2026-02-13 20:00:00,108,57.72,89.11,8.09,43.75,0.7,81.78
4408A,2026-02-13 20:00:00,101,55.39,93.67,20.59,45.29,1.31,110.8
4409A,2026-02-13 20:00:00,137,85.48,100.5,12.54,25.34,0.84,78.92
4401B,2026-02-13 20:00:00,108,60.79,78.4,6.62,20.46,0.59,88.53
4402B,2026-02-13 20:00:00,42,21.62,20.84,23.22,23.26,1.35,31.12
4403B,2026-02-13 20:00:00,168,101.42,132.89,28.73,34.29,1.52,90.13
4404B,2026-02-13 20:00:00,86,53.91,83.18,16.55,30.95,2.39,100.32
4405B,2026-02-13 20:00:00,169,97.09,139.5,13.11,32.02,1.75,34.32
4406B,2026-02-13 20:00:00,156,92.27,125.69,7.18,21.42,2.13,51.22
5101A,2026-02-13 20:00:00,88,51.04,74.9,29.93,19.07,1.07,73.06
5102A,2026-02-13 20:00:00,80,40.7,51.59,11.48,37.71,1.75,36.99
5103A,2026-02-13 20:00:00,130,73.56,116.97,25.81,43.5,1.99,77.6
5104A,2026-02-13 20:00:00,59,44.03,43.53,24.91,25.25,1.93,52.76
5105A,2026-02-13 20:00:00,173,109.94,123.99,15.99,29.2,0.51,77.65
5106A,2026-02-13 20:00:00,140,83.88,118.11,27.5,23.4,1.38,40.19
5107A,2026-02-13 20:00:00,123,75.25,88.74,21.68,43.05,2.16,75.55
1101A,2026-02-13 21:00:00,69,46.31,69.68,8.63,49.44,1.44,29.12
1102A,2026-02-13 21:00:00,66,39.93,43.51,9.21,37.62,2.49,31.02
1103A,2026-02-13 21:00:00,181,104.22,156.8,25.47,38.3,1.55,23.2
1104A,2026-02-13 21:00:00,39,19.8,24.08,7.25,22.48,1.38,67.39
1105A,2026-02-13 21:00:00,72,41.34,59.47,26.71,37.59,1.92,65.17
1106A,2026-02-13 21:00:00,97,59.54,84.95,18.49,49.7,2.02,71.52
1107A,2026-02-13 21:00:00,125,80.38,101.77,26.08,19.51,1.5,35.45
1108A,2026-02-13 21:00:00,62,31.14,61.16,10.63,47.52,2.48,37.42
1109A,2026-02-13 21:00:00,113,75.53,96.44,19.42,44.4,1.39,64.51
1201A,2026-02-13 21:00:00,151,100.34,109.17,27.78,28.46,1.19,117.42
1202A,2026-02-13 21:00:00,107,66.18,93.43,18.96,41.46,1.13,108.2
1203A,2026-02-13 21:00:00,98,49.95,79.19,18.54,48.2,1.95,117.59
1204A,2026-02-13 21:00:00,50,29.09,35.01,15.93,23.08,1.81,105.72
4401A,2026-02-13 21:00:00,98,68.33,66.62,17.75,37.7,2.29,100.99
4402A,2026-02-13 21:00:00,58,41.93,49.11,23.89,49.64,2.48,114.58
4403A,2026-02-13 21:00:00,187,115.2,142.63,21.98,46.58,0.63,119.77
4404A,2026-02-13 21:00:00,152,92.67,112.47,25.53,27.5,1.87,30.07
4405A,2026-02-13 21:00:00,122,64.4,106.2,10.28,30.46,0.71,99.88
4406A,2026-02-13 21:00:00,99,67.31,74.62,21.99,22.1,1.55,21.03
4407A,2026-02-13 21:00:00,140,76.4,106.5,21.18,44.39,1.53,104.53
4408A,2026-02-13 21:00:00,88,56.06,84.3,28.3,39.5,1.05,107.08
4409A,2026-02-13 21:00:00,54,29.8,47.9,10.68,46.71,1.64,20.51
4401B,2026-02-13 21:00:00,162,90.31,127.26,20.73,26.97,0.93,51.65
4402B,2026-02-13 21:00:00,145,90.46,120.39,18.93,27.87,2.31,25.25
4403B,2026-02-13 21:00:00,94,59.17,69.25,25.76,42.39,2.24,92.46
4404B,2026-02-13 21:00:00,160,100.44,114.76,24.86,47.27,2.26,93.11
4405B,2026-02-13 21:00:00,101,59.95,80.69,6.5,47.81,2.2,64.25
4406B,2026-02-13 21:00:00,107,63.53,72.01,5.49,17.46,1.69,47.16
5101A,2026-02-13 21:00:00,131,84.48,117.51,15.85,42.62,2.0,53.26
5102A,2026-02-13 21:00:00,158,85.86,121.15,23.41,22.52,1.49,24.76
5103A,2026-02-13 21:00:00,118,78.07,90.63,6.7,46.5,1.6,64.81
5104A,2026-02-13 21:00:00,37,27.59,37.02,29.49,41.66,1.34,79.16
5105A,2026-02-13 21:00:00,129,68.39,112.95,7.39,46.14,1.36,92.68
5106A,2026-02-13 21:00:00,40,15.65,20.77,16.31,37.27,0.67,58.72
5107A,2026-02-13 21:00:00,191,122.24,140.1,11.79,27.77,1.37,89.58
1101A,2026-02-13 22:00:00,105,69.6,76.13,14.88,31.63,1.21,36.94
1102A,2026-02-13 22:00:00,40,18.21,32.58,11.2,37.73,1.07,63.77
1103A,2026-02-13 22:00:00,161,94.47,138.39,25.15,37.78,2.09,104.85
1104A,2026-02-13 22:00:00,176,103.09,131.77,15.91,21.63,0.51,73.63
1105A,2026-02-13 22:00:00,44,36.4,48.19,17.05,18.83,2.32,83.36
1106A,2026-02-13 22:00:00,55,31.13,36.45,12.17,23.08,2.09,115.43
1107A,2026-02-13 22:00:00,112,60.69,103.94,15.09,22.92,2.41,95.89
1108A,2026-02-13 22:00:00,136,73.82,100.55,9.68,30.17,0.86,95.09
1109A,2026-02-13 22:00:00,121,78.11,111.16,26.53,19.48,2.01,89.42
1201A,2026-02-13 22:00:00,179,97.49,152.86,7.46,27.51,2.49,26.61
1202A,2026-02-13 22:00:00,55,35.12,39.85,13.54,34.23,1.17,55.77
1203A,2026-02-13 22:00:00,50,37.56,45.18,9.51,16.88,0.93,106.63
1204A,2026-02-13 22:00:00,185,109.93,153.76,7.73,30.9,2.02,94.09
4401A,2026-02-13 22:00:00,90,57.81,84.34,8.53,30.19,1.42,22.72
4402A,2026-02-13 22:00:00,95,55.58,79.15,16.24,38.14,1.4,90.38
4403A,2026-02-13 22:00:00,183,113.36,147.72,12.81,44.59,0.97,30.56
4404A,2026-02-13 22:00:00,172,101.88,140.6,8.04,15.04,1.25,20.57
4405A,2026-02-13 22:00:00,75,45.56,60.97,16.06,30.38,2.18,82.89
4406A,2026-02-13 22:00:00,44,31.1,33.43,15.93,41.27,0.51,47.34
4407A,2026-02-13 22:00:00,72,42.7,67.92,17.5,31.59,1.82,116.67
4408A,2026-02-13 22:00:00,68,39.48,68.09,10.51,22.48,1.0,84.45
4409A,2026-02-13 22:00:00,186,109.87,150.87,27.82,42.66,2.39,118.6
4401B,2026-02-13 22:00:00,138,76.67,116.07,24.71,46.42,0.94,55.27
4402B,2026-02-13 22:00:00,34,12.07,12.8,25.38,37.45,0.73,41.11
4403B,2026-02-13 22:00:00,76,44.11,46.57,26.76,44.29,0.57,91.62
4404B,2026-02-13 22:00:00,159,86.07,133.03,7.72,33.99,1.88,94.01
4405B,2026-02-13 22:00:00,150,87.57,112.04,19.81,17.61,1.44,29.79
4406B,2026-02-13 22:00:00,128,74.78,105.47,14.84,16.15,1.76,69.6
5101A,2026-02-13 22:00:00,166,108.91,121.56,16.16,37.56,0.66,32.93
5102A,2026-02-13 22:00:00,174,101.5,136.64,8.61,19.3,1.05,117.25
5103A,2026-02-13 22:00:00,164,94.37,140.49,13.46,33.82,0.8,57.13
5104A,2026-02-13 22:00:00,115,74.69,87.71,13.04,22.51,1.13,92.47
5105A,2026-02-13 22:00:00,42,26.58,29.52,14.13,37.2,2.38,56.64
5106A,2026-02-13 22:00:00,113,69.06,87.42,19.74,35.5,1.4,65.48
5107A,2026-02-13 22:00:00,128,69.03,94.04,21.44,17.09,1.33,98.31
1101A,2026-02-13 23:00:00,102,53.36,83.26,22.18,39.12,1.49,116.1
1102A,2026-02-13 23:00:00,37,15.02,40.23,19.88,24.03,2.19,112.18
1103A,2026-02-13 23:00:00,78,39.54,49.17,20.9,24.83,1.8,33.71
1104A,2026-02-13 23:00:00,54,26.34,28.58,25.73,46.24,2.31,118.12
1105A,2026-02-13 23:00:00,145,81.21,128.86,17.91,46.66,1.19,59.5
1106A,2026-02-13 23:00:00,171,112.49,130.12,24.98,32.47,0.72,77.3
1107A,2026-02-13 23:00:00,71,35.72,46.09,17.97,48.25,1.78,58.74
1108A,2026-02-13 23:00:00,82,55.42,58.61,20.6,17.28,1.28,42.18
1109A,2026-02-13 23:00:00,176,106.07,138.54,24.37,29.42,1.61,62.22
1201A,2026-02-13 23:00:00,95,58.08,72.19,7.35,34.9,1.22,25.09
1202A,2026-02-13 23:00:00,113,66.68,77.22,8.58,35.23,0.66,30.14
1203A,2026-02-13 23:00:00,177,108.65,135.74,28.35,19.21,1.33,22.97
1204A,2026-02-13 23:00:00,95,47.11,77.0,22.23,44.92,2.41,48.81
4401A,2026-02-13 23:00:00,43,25.95,47.85,26.92,36.92,1.98,58.59
4402A,2026-02-13 23:00:00,159,85.65,114.74,19.44,28.57,2.17,86.63
4403A,2026-02-13 23:00:00,133,79.95,117.81,23.05,43.19,1.34,67.9
4404A,2026-02-13 23:00:00,146,78.48,127.69,25.32,35.78,1.9,81.84
4405A,2026-02-13 23:00:00,70,42.63,53.39,26.87,22.22,1.43,62.48
4406A,2026-02-13 23:00:00,168,93.24,128.56,20.33,49.7,1.14,22.82
4407A,2026-02-13 23:00:00,130,73.95,109.65,19.48,35.18,1.57,111.56
4408A,2026-02-13 23:00:00,122,63.36,92.89,17.69,39.78,1.05,37.11
4409A,2026-02-13 23:00:00,120,76.02,86.14,18.68,33.42,1.22,70.83
4401B,2026-02-13 23:00:00,58,32.99,50.07,26.05,21.31,1.4,71.61
4402B,2026-02-13 23:00:00,68,43.04,66.33,26.18,19.7,2.46,112.89
4403B,2026-02-13 23:00:00,75,53.34,69.52,8.86,23.56,0.82,71.93
4404B,2026-02-13 23:00:00,94,53.57,75.85,7.14,15.3,1.02,116.31
4405B,2026-02-13 23:00:00,134,73.51,111.79,12.63,34.14,1.36,55.52
4406B,2026-02-13 23:00:00,72,50.68,71.26,7.43,42.46,2.29,115.15
5101A,2026-02-13 23:00:00,38,15.45,29.14,14.42,17.22,1.21,86.74
5102A,2026-02-13 23:00:00,124,73.26,104.66,29.82,38.73,1.88,25.36
5103A,2026-02-13 23:00:00,107,72.74,84.94,10.58,34.1,1.42,95.74
5104A,2026-02-13 23:00:00,183,104.21,148.12,19.02,28.75,1.8,78.58
5105A,2026-02-13 23:00:00,65,29.98,50.09,22.13,26.62,1.43,67.21
5106A,2026-02-13 23:00:00,82,47.35,76.68,11.08,23.07,1.68,66.02
5107A,2026-02-13 23:00:00,129,73.22,95.09,28.73,27.72,0.6,57.19
1101A,2026-02-14 00:00:00,133,72.93,94.41,8.5,29.01,1.86,101.94
1102A,2026-02-14 00:00:00,129,71.24,90.11,12.81,45.46,0.94,85.97
1103A,2026-02-14 00:00:00,162,103.62,138.55,23.64,29.57,0.65,26.51
1104A,2026-02-14 00:00:00,152,97.89,118.57,27.72,37.26,1.35,72.83
1105A,2026-02-14 00:00:00,35,14.66,25.56,10.37,23.52,1.7,58.54
1106A,2026-02-14 00:00:00,178,102.33,137.98,18.58,25.61,0.99,20.32
1107A,2026-02-14 00:00:00,56,29.96,50.62,25.83,49.91,0.74,97.17
1108A,2026-02-14 00:00:00,33,29.39,21.84,24.95,26.86,0.82,95.27
1109A,2026-02-14 00:00:00,49,30.33,53.83,27.39,48.83,0.58,94.78
1201A,2026-02-14 00:00:00,111,72.31,93.5,27.59,18.41,2.22,63.09
1202A,2026-02-14 00:00:00,44,16.93,39.93,14.4,33.25,1.63,62.26
1203A,2026-02-14 00:00:00,151,92.87,132.7,18.72,42.0,0.69,58.28
1204A,2026-02-14 00:00:00,60,38.27,41.64,15.74,43.46,0.58,112.98
4401A,2026-02-14 00:00:00,168,106.71,142.6,25.68,27.38,2.24,70.94
4402A,2026-02-14 00:00:00,51,36.21,28.37,26.92,27.51,0.64,65.93
4403A,2026-02-14 00:00:00,149,86.46,131.6,22.45,32.52,1.68,74.25
4404A,2026-02-14 00:00:00,107,60.8,96.27,16.23,27.93,0.87,41.61
4405A,2026-02-14 00:00:00,115,75.97,103.42,9.32,49.89,2.44,99.48
4406A,2026-02-14 00:00:00,95,47.13,72.81,22.67,38.93,1.75,39.71
4407A,2026-02-14 00:00:00,82,45.58,51.1,16.55,33.67,0.51,21.35
4408A,2026-02-14 00:00:00,69,41.63,56.52,29.51,25.74,2.46,54.6
4409A,2026-02-14 00:00:00,42,28.4,20.71,18.91,26.75,1.84,50.55
4401B,2026-02-14 00:00:00,118,64.87,84.92,15.61,25.64,1.37,102.03
4402B,2026-02-14 00:00:00,41,28.3,41.68,23.69,30.53,0.99,94.81
4403B,2026-02-14 00:00:00,143,87.92,123.07,24.45,23.21,1.86,87.98
4404B,2026-02-14 00:00:00,173,96.9,132.06,25.34,30.28,1.4,99.96
4405B,2026-02-14 00:00:00,167,100.31,145.43,7.75,16.75,0.59,98.78
4406B,2026-02-14 00:00:00,71,52.37,46.6,6.62,23.6,2.33,72.68
5101A,2026-02-14 00:00:00,88,53.08,84.41,26.19,38.16,0.69,74.14
5102A,2026-02-14 00:00:00,51,31.64,31.07,12.59,34.99,1.69,25.18
5103A,2026-02-14 00:00:00,70,40.29,51.55,23.86,15.43,1.45,27.43
5104A,2026-02-14 00:00:00,148,91.04,128.66,26.61,22.3,1.23,119.91
5105A,2026-02-14 00:00:00,167,95.77,143.38,18.71,49.56,1.29,40.09
5106A,2026-02-14 00:00:00,78,46.38,66.37,13.29,19.37,1.94,83.82
5107A,2026-02-14 00:00:00,80,42.95,65.27,21.24,32.13,1.13,89.36
1101A,2026-02-14 01:00:00,154,93.13,120.49,22.86,27.86,2.35,110.98
1102A,2026-02-14 01:00:00,31,14.61,23.53,29.91,47.69,1.31,23.49
1103A,2026-02-14 01:00:00,150,83.93,105.17,22.2,28.25,1.97,45.22
1104A,2026-02-14 01:00:00,175,104.49,148.14,20.54,27.86,1.36,45.22
1105A,2026-02-14 01:00:00,49,27.38,39.92,17.42,27.65,1.87,91.63
1106A,2026-02-14 01:00:00,166,96.93,131.54,25.14,21.58,1.44,42.37
1107A,2026-02-14 01:00:00,68,42.31,43.27,18.38,48.56,2.38,92.07
1108A,2026-02-14 01:00:00,108,70.54,81.83,28.59,36.85,1.01,28.47
1109A,2026-02-14 01:00:00,130,71.51,116.9,23.3,26.72,1.33,86.42
1201A,2026-02-14 01:00:00,141,80.55,127.23,24.59,33.9,2.39,110.47
1202A,2026-02-14 01:00:00,38,20.01,15.62,18.03,29.99,1.61,54.69
1203A,2026-02-14 01:00:00,34,15.98,28.27,22.58,24.72,0.84,55.69
1204A,2026-02-14 01:00:00,141,76.04,99.38,9.28,23.7,1.23,59.43
4401A,2026-02-14 01:00:00,176,105.64,132.98,10.32,16.46,0.79,93.29
4402A,2026-02-14 01:00:00,184,109.59,138.16,14.75,24.06,2.04,27.2
4403A,2026-02-14 01:00:00,78,42.77,51.54,7.75,42.77,1.86,52.44
4404A,2026-02-14 01:00:00,56,40.23,52.27,10.6,39.86,1.75,79.54
4405A,2026-02-14 01:00:00,175,111.81,137.06,5.99,25.95,0.98,88.32
4406A,2026-02-14 01:00:00,151,96.78,127.23,18.42,43.28,1.79,34.84
4407A,2026-02-14 01:00:00,76,53.44,71.74,6.14,38.69,0.65,21.98
4408A,2026-02-14 01:00:00,94,63.32,76.35,29.4,15.64,1.27,33.39
4409A,2026-02-14 01:00:00,125,73.84,107.46,7.25,37.34,1.89,66.36
4401B,2026-02-14 01:00:00,67,34.93,64.72,12.08,24.96,0.55,118.73
4402B,2026-02-14 01:00:00,134,81.78,107.73,29.21,47.55,0.7,62.59
4403B,2026-02-14 01:00:00,52,40.51,39.05,27.58,15.23,0.7,112.97
4404B,2026-02-14 01:00:00,144,93.6,110.68,10.87,20.1,1.31,108.47
4405B,2026-02-14 01:00:00,170,110.1,125.26,15.07,33.82,0.79,62.64
4406B,2026-02-14 01:00:00,57,32.54,59.7,13.41,29.46,0.87,114.53
5101A,2026-02-14 01:00:00,125,66.2,107.61,21.41,49.94,2.23,78.93
5102A,2026-02-14 01:00:00,117,77.74,106.01,14.65,29.72,2.37,100.38
5103A,2026-02-14 01:00:00,79,54.43,74.96,23.55,37.87,2.21,119.5
5104A,2026-02-14 01:00:00,47,28.85,29.86,14.69,47.73,0.77,40.16
5105A,2026-02-14 01:00:00,101,56.74,89.32,28.53,23.33,1.19,94.11
5106A,2026-02-14 01:00:00,89,53.04,67.73,23.84,30.57,2.15,99.51
5107A,2026-02-14 01:00:00,98,56.62,88.93,18.09,27.8,1.18,90.47
1101A,2026-02-14 02:00:00,84,45.96,79.74,15.28,45.65,0.52,36.23
1102A,2026-02-14 02:00:00,55,42.12,43.73,7.72,20.08,1.72,107.73
1103A,2026-02-14 02:00:00,54,38.08,37.59,13.56,40.71,1.29,99.66
1104A,2026-02-14 02:00:00,58,28.52,51.04,6.09,15.94,2.23,94.84
1105A,2026-02-14 02:00:00,110,74.77,98.49,20.34,49.49,1.37,54.34
1106A,2026-02-14 02:00:00,74,42.65,47.26,18.18,48.27,1.12,30.51
1107A,2026-02-14 02:00:00,159,93.87,117.74,13.63,43.07,2.1,40.38
1108A,2026-02-14 02:00:00,174,113.07,128.4,18.6,41.23,2.33,30.49
1109A,2026-02-14 02:00:00,154,86.83,129.28,11.63,33.15,2.46,28.96
1201A,2026-02-14 02:00:00,154,95.23,116.87,25.76,24.1,1.02,35.82
1202A,2026-02-14 02:00:00,115,65.76,90.89,27.89,27.86,1.01,37.13
1203A,2026-02-14 02:00:00,135,88.49,99.09,26.05,43.19,1.5,116.3
1204A,2026-02-14 02:00:00,73,48.7,50.14,7.82,18.1,0.87,90.65
4401A,2026-02-14 02:00:00,114,58.49,84.05,12.67,27.69,1.75,119.48
4402A,2026-02-14 02:00:00,131,77.94,111.7,9.85,47.92,1.58,109.63
4403A,2026-02-14 02:00:00,31,9.17,28.41,18.76,34.82,1.7,89.07
4404A,2026-02-14 02:00:00,76,51.88,62.67,12.53,36.11,1.76,29.33
4405A,2026-02-14 02:00:00,87,45.24,58.12,15.71,34.39,1.62,23.05
4406A,2026-02-14 02:00:00,39,14.94,45.35,5.37,43.06,1.34,44.04
4407A,2026-02-14 02:00:00,72,48.64,45.45,14.71,24.3,2.26,86.91
4408A,2026-02-14 02:00:00,40,24.17,34.92,7.17,27.36,1.45,115.85
4409A,2026-02-14 02:00:00,136,83.58,102.18,16.45,45.62,1.43,115.84
4401B,2026-02-14 02:00:00,160,91.55,123.34,13.95,37.41,0.77,73.41
4402B,2026-02-14 02:00:00,79,57.05,77.7,25.11,25.65,1.77,109.41
4403B,2026-02-14 02:00:00,166,106.35,146.16,14.9,46.51,0.74,29.13
4404B,2026-02-14 02:00:00,97,54.92,88.11,24.29,32.4,0.54,48.87
4405B,2026-02-14 02:00:00,69,50.99,69.62,8.18,34.32,2.22,38.95
4406B,2026-02-14 02:00:00,61,26.72,55.99,14.53,17.46,1.3,30.93
5101A,2026-02-14 02:00:00,87,60.95,70.53,19.8,31.57,1.31,23.16
5102A,2026-02-14 02:00:00,189,115.96,145.03,18.32,40.42,1.56,92.49
5103A,2026-02-14 02:00:00,147,84.15,132.18,7.36,27.15,2.18,74.3
5104A,2026-02-14 02:00:00,168,107.55,124.7,17.58,31.88,1.14,90.66
5105A,2026-02-14 02:00:00,42,26.3,45.41,7.05,31.06,1.86,64.01
5106A,2026-02-14 02:00:00,139,87.14,124.46,22.04,39.2,1.26,90.48
5107A,2026-02-14 02:00:00,149,95.61,110.29,27.36,24.3,1.98,63.09
1101A,2026-02-14 03:00:00,78,40.92,61.01,13.44,18.06,1.4,23.42
1102A,2026-02-14 03:00:00,37,22.61,31.3,6.49,46.44,2.18,90.32
1103A,2026-02-14 03:00:00,127,76.4,109.03,17.66,30.87,2.12,55.68
1104A,2026-02-14 03:00:00,103,64.32,81.56,17.52,45.8,2.33,79.51
1105A,2026-02-14 03:00:00,75,53.72,59.73,28.09,32.38,1.17,45.29
1106A,2026-02-14 03:00:00,81,43.61,58.33,13.75,37.86,0.77,32.04
1107A,2026-02-14 03:00:00,36,22.48,17.63,13.66,37.34,1.86,105.29
1108A,2026-02-14 03:00:00,32,28.89,28.12,14.01,47.46,2.18,67.65
1109A,2026-02-14 03:00:00,169,97.78,150.06,7.77,48.66,1.92,87.73
1201A,2026-02-14 03:00:00,40,33.7,43.32,24.55,30.76,0.72,89.41
1202A,2026-02-14 03:00:00,48,19.03,44.42,27.69,47.2,1.15,89.4
1203A,2026-02-14 03:00:00,53,34.21,42.99,26.36,28.27,0.94,101.96
1204A,2026-02-14 03:00:00,101,56.56,69.82,22.39,37.92,0.96,94.13
4401A,2026-02-14 03:00:00,39,16.28,37.37,15.71,26.12,2.05,20.67
4402A,2026-02-14 03:00:00,78,52.53,58.57,28.49,39.74,1.06,116.16
4403A,2026-02-14 03:00:00,95,65.57,72.53,22.35,23.36,1.06,117.75
4404A,2026-02-14 03:00:00,112,69.54,78.43,11.06,17.67,0.91,23.44
4405A,2026-02-14 03:00:00,41,27.96,37.46,25.44,43.62,0.59,25.89
4406A,2026-02-14 03:00:00,115,65.98,94.61,22.6,23.76,2.22,44.44
4407A,2026-02-14 03:00:00,61,39.39,62.65,23.02,23.76,1.73,66.59
4408A,2026-02-14 03:00:00,63,31.7,53.81,13.92,39.06,2.26,36.86
4409A,2026-02-14 03:00:00,34,13.71,33.78,18.61,35.93,2.47,91.54
4401B,2026-02-14 03:00:00,66,33.27,60.23,24.16,35.0,1.25,76.31
4402B,2026-02-14 03:00:00,137,88.26,95.21,6.73,31.48,2.28,35.32
4403B,2026-02-14 03:00:00,91,45.75,60.25,13.27,47.93,1.72,54.44
4404B,2026-02-14 03:00:00,121,65.79,92.57,5.09,41.41,0.99,46.97
4405B,2026-02-14 03:00:00,167,103.28,131.86,20.01,22.26,1.99,76.39
4406B,2026-02-14 03:00:00,67,37.79,67.79,16.74,40.47,1.28,79.08
5101A,2026-02-14 03:00:00,60,40.38,42.02,12.13,34.85,2.17,23.34
5102A,2026-02-14 03:00:00,110,73.8,89.92,27.11,43.27,1.84,83.82
5103A,2026-02-14 03:00:00,177,104.07,131.6,17.95,39.51,0.79,56.13
5104A,2026-02-14 03:00:00,45,29.38,50.44,8.57,33.91,1.92,90.79
5105A,2026-02-14 03:00:00,160,96.58,115.53,28.26,22.12,1.61,82.95
5106A,2026-02-14 03:00:00,182,104.52,160.07,16.39,49.87,1.54,23.99
5107A,2026-02-14 03:00:00,125,78.27,98.8,16.97,18.65,2.3,115.2
1101A,2026-02-14 04:00:00,190,117.74,156.6,20.44,35.39,2.49,115.0
1102A,2026-02-14 04:00:00,69,38.42,56.96,22.2,16.08,2.08,28.87
1103A,2026-02-14 04:00:00,116,64.77,94.78,9.66,48.35,0.92,51.96
1104A,2026-02-14 04:00:00,168,93.37,138.67,7.69,33.83,1.94,35.92
1105A,2026-02-14 04:00:00,51,38.08,55.76,18.67,40.57,2.34,28.24
1106A,2026-02-14 04:00:00,181,116.07,150.09,14.83,38.0,2.45,41.15
1107A,2026-02-14 04:00:00,51,26.49,54.31,21.1,44.27,2.32,38.53
1108A,2026-02-14 04:00:00,185,118.01,147.05,22.18,17.23,0.64,66.15
1109A,2026-02-14 04:00:00,188,108.29,138.78,15.58,21.19,0.54,84.85
1201A,2026-02-14 04:00:00,154,92.94,127.16,8.47,39.1,1.8,44.49
1202A,2026-02-14 04:00:00,138,73.74,118.36,25.17,23.74,2.11,48.61
1203A,2026-02-14 04:00:00,100,51.02,67.46,10.4,19.98,2.26,88.37
1204A,2026-02-14 04:00:00,195,115.93,166.36,26.13,18.7,1.83,47.49
4401A,2026-02-14 04:00:00,59,34.79,37.34,23.37,48.17,0.83,107.91
4402A,2026-02-14 04:00:00,160,100.93,121.27,25.6,17.2,1.02,75.86
4403A,2026-02-14 04:00:00,139,93.34,117.16,11.72,24.56,0.57,44.24
4404A,2026-02-14 04:00:00,50,34.0,29.92,29.42,24.11,1.56,89.25
4405A,2026-02-14 04:00:00,169,93.77,145.38,28.32,30.92,1.87,77.75
4406A,2026-02-14 04:00:00,134,78.04,110.38,5.45,17.69,2.32,58.15
4407A,2026-02-14 04:00:00,139,74.81,116.8,5.86,34.22,2.5,95.22
4408A,2026-02-14 04:00:00,73,41.52,57.32,20.42,21.62,1.52,91.25
4409A,2026-02-14 04:00:00,189,109.73,156.61,25.01,27.78,0.9,71.4
4401B,2026-02-14 04:00:00,122,81.6,89.86,26.94,48.47,2.04,91.3
4402B,2026-02-14 04:00:00,105,70.64,98.55,17.2,49.02,1.27,73.38
4403B,2026-02-14 04:00:00,44,30.64,20.23,24.23,27.46,1.51,23.02
4404B,2026-02-14 04:00:00,115,77.45,90.15,16.11,18.94,2.41,46.79
4405B,2026-02-14 04:00:00,100,65.61,73.41,8.91,34.51,1.09,51.69
4406B,2026-02-14 04:00:00,165,100.51,126.33,13.34,46.23,1.68,117.76
5101A,2026-02-14 04:00:00,140,83.11,117.41,16.2,24.32,1.75,91.77
5102A,2026-02-14 04:00:00,119,68.68,99.95,5.07,48.1,0.9,68.32
5103A,2026-02-14 04:00:00,94,58.48,80.11,18.67,15.92,1.45,104.0
5104A,2026-02-14 04:00:00,159,99.91,124.13,7.36,48.59,1.9,110.19
5105A,2026-02-14 04:00:00,180,116.68,138.48,10.58,32.2,1.61,108.42
5106A,2026-02-14 04:00:00,150,86.54,123.23,19.99,30.78,0.74,53.62
5107A,2026-02-14 04:00:00,46,36.64,43.53,11.69,15.98,1.41,28.55
1101A,2026-02-14 05:00:00,166,107.77,134.1,28.4,20.44,2.07,88.82
1102A,2026-02-14 05:00:00,150,90.57,125.29,25.5,16.05,0.97,41.93
1103A,2026-02-14 05:00:00,157,102.94,127.89,5.85,38.75,2.42,93.18
1104A,2026-02-14 05:00:00,186,105.24,135.61,14.91,39.47,2.31,47.28
1105A,2026-02-14 05:00:00,45,31.46,25.07,12.35,17.46,1.89,95.09
1106A,2026-02-14 05:00:00,117,63.28,95.23,21.79,31.25,1.76,31.41
1107A,2026-02-14 05:00:00,163,98.82,116.62,13.37,33.6,2.39,84.57
1108A,2026-02-14 05:00:00,159,101.24,120.8,19.49,43.08,1.68,47.88
1109A,2026-02-14 05:00:00,163,101.62,136.11,28.17,32.43,1.66,93.68
1201A,2026-02-14 05:00:00,83,42.93,51.73,25.08,46.85,0.89,70.24
1202A,2026-02-14 05:00:00,191,106.74,145.15,16.55,37.72,1.88,101.26
1203A,2026-02-14 05:00:00,56,42.6,43.01,14.47,35.82,1.86,87.19
1204A,2026-02-14 05:00:00,75,43.15,70.21,17.35,39.09,1.09,81.21
4401A,2026-02-14 05:00:00,78,54.78,59.5,14.47,17.72,1.72,56.72
4402A,2026-02-14 05:00:00,144,87.1,122.08,18.22,41.17,2.21,47.94
4403A,2026-02-14 05:00:00,108,69.57,98.58,9.81,47.45,0.64,89.06
4404A,2026-02-14 05:00:00,160,95.57,141.1,16.04,33.55,0.95,56.13
4405A,2026-02-14 05:00:00,40,19.0,19.66,12.83,49.02,0.57,25.31
4406A,2026-02-14 05:00:00,50,22.46,47.95,6.2,24.72,0.7,41.43
4407A,2026-02-14 05:00:00,193,109.04,153.42,16.44,20.82,0.82,32.68
4408A,2026-02-14 05:00:00,123,67.39,92.71,10.86,49.36,2.06,90.58
4409A,2026-02-14 05:00:00,113,75.61,87.08,10.24,21.69,2.07,23.78
4401B,2026-02-14 05:00:00,70,45.49,54.06,19.83,47.7,0.69,114.6
4402B,2026-02-14 05:00:00,77,48.53,47.61,29.11,27.54,1.05,89.07
4403B,2026-02-14 05:00:00,87,56.16,76.29,22.81,35.14,1.59,56.16
4404B,2026-02-14 05:00:00,109,62.87,95.21,13.73,22.39,2.43,114.15
4405B,2026-02-14 05:00:00,176,103.34,138.02,25.48,26.98,1.31,77.98
4406B,2026-02-14 05:00:00,63,44.26,46.96,29.76,27.89,2.26,32.29
5101A,2026-02-14 05:00:00,124,74.05,113.49,12.31,45.21,1.75,49.58
5102A,2026-02-14 05:00:00,115,75.91,103.08,21.84,39.4,1.78,44.58
5103A,2026-02-14 05:00:00,111,69.49,86.0,17.27,34.81,0.61,40.62
5104A,2026-02-14 05:00:00,169,100.42,120.42,16.47,32.99,1.13,35.22
5105A,2026-02-14 05:00:00,117,63.7,90.64,20.03,32.29,1.23,94.66
5106A,2026-02-14 05:00:00,126,70.04,93.59,6.53,40.28,0.94,63.56
5107A,2026-02-14 05:00:00,88,50.88,85.13,14.82,37.46,1.68,56.07
1101A,2026-02-14 06:00:00,175,110.86,129.12,13.2,17.5,0.59,104.06
1102A,2026-02-14 06:00:00,185,118.26,139.66,15.17,27.61,2.43,76.94
1103A,2026-02-14 06:00:00,128,77.61,113.28,22.7,48.17,1.17,25.96
1104A,2026-02-14 06:00:00,139,78.62,123.23,29.04,38.06,2.44,85.57
1105A,2026-02-14 06:00:00,149,86.06,106.68,10.87,15.97,1.64,65.6
1106A,2026-02-14 06:00:00,121,69.57,107.56,6.02,38.18,1.64,74.2
1107A,2026-02-14 06:00:00,60,26.32,59.19,13.71,45.68,2.2,60.88
1108A,2026-02-14 06:00:00,44,26.01,36.49,16.6,22.17,1.93,39.3
1109A,2026-02-14 06:00:00,170,94.18,134.87,21.65,39.64,2.3,63.94
1201A,2026-02-14 06:00:00,41,25.67,45.84,22.29,15.32,0.65,77.82
1202A,2026-02-14 06:00:00,100,58.61,91.93,17.36,31.82,0.78,42.18
1203A,2026-02-14 06:00:00,64,47.5,61.96,23.86,32.47,1.7,94.42
1204A,2026-02-14 06:00:00,83,43.68,56.67,16.13,42.55,2.37,75.77
4401A,2026-02-14 06:00:00,203,115.03,155.11,17.94,16.09,1.49,86.53
4402A,2026-02-14 06:00:00,50,30.8,31.53,16.24,35.05,2.47,78.06
4403A,2026-02-14 06:00:00,202,112.8,147.63,23.36,30.81,2.32,109.92
4404A,2026-02-14 06:00:00,146,82.88,104.56,26.72,44.98,1.55,65.9
4405A,2026-02-14 06:00:00,162,94.95,122.09,25.16,22.86,0.9,98.82
4406A,2026-02-14 06:00:00,73,44.19,48.47,11.25,25.42,1.18,90.75
4407A,2026-02-14 06:00:00,189,104.93,154.29,6.53,36.69,0.76,118.52
4408A,2026-02-14 06:00:00,100,59.52,85.59,17.64,33.76,1.17,119.83
4409A,2026-02-14 06:00:00,157,102.16,117.58,15.34,24.74,2.18,98.61
4401B,2026-02-14 06:00:00,182,112.69,159.15,24.05,15.1,1.21,79.85
4402B,2026-02-14 06:00:00,104,55.47,72.04,21.35,27.61,1.57,37.7
4403B,2026-02-14 06:00:00,35,27.78,39.86,16.17,24.69,1.9,104.2
4404B,2026-02-14 06:00:00,144,95.25,126.6,9.32,43.03,0.66,37.09
4405B,2026-02-14 06:00:00,152,98.58,132.22,5.26,30.11,2.13,92.42
4406B,2026-02-14 06:00:00,163,98.46,115.95,11.63,28.79,0.65,95.78
5101A,2026-02-14 06:00:00,143,80.5,119.88,29.31,41.85,0.88,51.16
5102A,2026-02-14 06:00:00,149,90.61,122.28,11.7,18.47,1.77,44.56
5103A,2026-02-14 06:00:00,123,77.39,107.38,21.43,26.27,0.89,79.44
5104A,2026-02-14 06:00:00,174,99.22,145.91,9.18,27.54,2.31,30.19
5105A,2026-02-14 06:00:00,111,69.51,87.78,8.54,40.81,0.98,38.62
5106A,2026-02-14 06:00:00,193,107.94,148.14,11.68,37.24,1.89,87.05
5107A,2026-02-14 06:00:00,46,26.88,31.14,17.57,38.55,1.8,39.89
1101A,2026-02-14 07:00:00,48,22.35,43.39,27.67,46.03,0.7,70.53
1102A,2026-02-14 07:00:00,131,84.19,93.39,22.64,44.78,1.63,29.99
1103A,2026-02-14 07:00:00,173,112.83,125.67,6.12,44.9,1.7,72.19
1104A,2026-02-14 07:00:00,118,61.11,100.32,16.33,15.46,1.15,71.83
1105A,2026-02-14 07:00:00,78,50.06,51.93,11.68,19.15,1.8,26.01
1106A,2026-02-14 07:00:00,175,104.47,152.77,26.44,29.89,1.38,95.33
1107A,2026-02-14 07:00:00,210,122.5,181.47,10.13,17.76,1.17,73.26
1108A,2026-02-14 07:00:00,169,95.07,145.1,20.8,21.44,2.19,75.4
1109A,2026-02-14 07:00:00,173,106.41,134.81,8.68,48.44,1.49,53.39
1201A,2026-02-14 07:00:00,84,51.93,59.57,9.86,25.47,0.69,20.26
1202A,2026-02-14 07:00:00,159,98.08,138.09,12.21,42.52,1.57,100.1
1203A,2026-02-14 07:00:00,164,98.75,130.67,15.99,16.68,1.9,62.68
1204A,2026-02-14 07:00:00,189,123.0,150.62,19.78,41.19,1.57,110.02
4401A,2026-02-14 07:00:00,209,128.93,173.79,16.18,29.51,1.24,79.25
4402A,2026-02-14 07:00:00,199,114.65,155.7,12.47,41.64,1.79,77.02
4403A,2026-02-14 07:00:00,126,68.11,102.86,10.53,41.07,2.16,69.33
4404A,2026-02-14 07:00:00,111,74.01,86.97,25.55,41.68,0.99,22.89
4405A,2026-02-14 07:00:00,188,119.58,164.71,12.52,30.11,2.22,107.96
4406A,2026-02-14 07:00:00,176,109.78,142.19,26.63,19.54,0.62,93.74
4407A,2026-02-14 07:00:00,109,60.74,80.04,17.39,44.72,1.69,82.1
4408A,2026-02-14 07:00:00,144,87.43,129.42,14.36,17.82,1.05,33.0
4409A,2026-02-14 07:00:00,36,27.01,23.64,15.21,25.74,2.05,78.45
4401B,2026-02-14 07:00:00,108,61.4,98.12,6.41,22.8,1.06,33.23
4402B,2026-02-14 07:00:00,104,72.02,86.42,19.34,43.73,1.8,107.09
4403B,2026-02-14 07:00:00,130,83.68,89.65,8.04,31.5,2.27,90.11
4404B,2026-02-14 07:00:00,177,102.24,137.26,15.51,48.74,1.25,40.17
4405B,2026-02-14 07:00:00,112,63.28,91.11,19.15,39.4,0.55,71.87
4406B,2026-02-14 07:00:00,36,12.1,21.11,10.86,27.86,0.69,57.31
5101A,2026-02-14 07:00:00,47,33.1,29.21,28.53,15.22,1.87,27.7
5102A,2026-02-14 07:00:00,158,96.44,126.51,13.87,34.78,2.41,23.34
5103A,2026-02-14 07:00:00,111,68.03,99.04,6.56,43.62,2.15,39.94
5104A,2026-02-14 07:00:00,49,32.44,27.41,13.37,17.87,1.15,21.17
5105A,2026-02-14 07:00:00,178,106.07,129.56,14.25,49.92,0.77,78.04
5106A,2026-02-14 07:00:00,36,14.13,42.7,20.45,37.83,1.54,72.44
5107A,2026-02-14 07:00:00,209,118.52,162.71,20.81,42.83,1.03,29.65
1101A,2026-02-14 08:00:00,50,35.49,30.19,29.41,18.09,1.93,80.09
1102A,2026-02-14 08:00:00,172,111.61,144.3,5.66,38.07,2.32,47.2
1103A,2026-02-14 08:00:00,142,81.68,114.93,28.25,34.6,1.95,20.5
1104A,2026-02-14 08:00:00,136,80.54,111.05,20.64,27.5,0.53,107.94
1105A,2026-02-14 08:00:00,207,130.29,153.23,8.89,38.92,2.43,99.07
1106A,2026-02-14 08:00:00,195,121.81,143.11,23.41,33.45,1.35,108.64
1107A,2026-02-14 08:00:00,81,50.59,50.23,8.47,44.04,0.96,119.32
1108A,2026-02-14 08:00:00,67,34.76,63.06,19.82,35.81,2.49,78.57
1109A,2026-02-14 08:00:00,182,111.26,134.94,16.39,33.38,0.72,33.44
1201A,2026-02-14 08:00:00,174,106.61,138.88,5.74,28.67,1.02,58.07
1202A,2026-02-14 08:00:00,108,66.8,86.57,27.74,43.82,0.52,59.05
1203A,2026-02-14 08:00:00,187,109.11,142.29,6.86,46.51,1.08,105.9
1204A,2026-02-14 08:00:00,73,42.35,51.12,23.63,18.87,2.5,41.16
4401A,2026-02-14 08:00:00,98,57.96,85.14,15.15,17.18,0.65,54.23
4402A,2026-02-14 08:00:00,132,82.84,108.35,15.78,35.34,1.13,42.75
4403A,2026-02-14 08:00:00,50,25.96,29.74,17.84,31.27,1.06,95.91
4404A,2026-02-14 08:00:00,90,48.04,85.76,10.58,42.17,0.92,45.54
4405A,2026-02-14 08:00:00,66,32.02,61.85,23.55,47.19,1.03,63.09
4406A,2026-02-14 08:00:00,213,118.61,184.37,17.19,33.21,1.16,89.79
4407A,2026-02-14 08:00:00,189,112.44,152.24,7.49,16.5,2.41,103.48
4408A,2026-02-14 08:00:00,194,111.85,163.07,13.45,41.3,1.16,77.03
4409A,2026-02-14 08:00:00,159,104.88,119.38,17.12,20.45,2.36,97.0
4401B,2026-02-14 08:00:00,50,36.14,41.21,27.15,23.3,0.73,81.82
4402B,2026-02-14 08:00:00,98,63.55,93.06,5.56,15.53,1.82,109.05
4403B,2026-02-14 08:00:00,156,91.4,118.76,10.16,41.68,0.98,31.23
4404B,2026-02-14 08:00:00,46,29.79,44.34,16.58,40.26,0.86,30.97
4405B,2026-02-14 08:00:00,49,21.48,28.64,27.98,44.79,0.75,107.57
4406B,2026-02-14 08:00:00,112,74.88,76.46,28.8,29.73,1.68,35.32
5101A,2026-02-14 08:00:00,46,26.15,39.98,15.64,43.47,1.88,89.56
5102A,2026-02-14 08:00:00,76,38.11,70.85,8.91,21.68,2.42,104.6
5103A,2026-02-14 08:00:00,126,79.53,91.65,9.18,21.97,0.75,53.68
5104A,2026-02-14 08:00:00,73,45.27,56.75,22.6,35.0,0.85,96.19
5105A,2026-02-14 08:00:00,121,74.94,84.4,23.23,45.2,1.31,82.04
5106A,2026-02-14 08:00:00,141,84.16,108.28,8.99,30.2,1.07,113.37
5107A,2026-02-14 08:00:00,86,52.63,70.58,11.95,49.79,1.86,48.3
1101A,2026-02-14 09:00:00,202,115.76,176.57,11.64,22.07,1.41,38.38
1102A,2026-02-14 09:00:00,88,51.77,55.58,26.51,26.76,2.18,54.93
1103A,2026-02-14 09:00:00,219,125.58,173.59,8.21,17.31,1.49,107.85
1104A,2026-02-14 09:00:00,82,40.53,76.82,26.85,42.96,2.28,107.76
1105A,2026-02-14 09:00:00,57,30.68,36.21,5.68,29.67,0.8,60.06
1106A,2026-02-14 09:00:00,140,82.62,104.49,24.21,40.6,2.18,95.81
1107A,2026-02-14 09:00:00,105,61.68,79.36,17.7,33.39,0.53,76.37
1108A,2026-02-14 09:00:00,95,59.0,88.99,15.63,34.99,2.11,21.57
1109A,2026-02-14 09:00:00,120,69.03,102.66,7.32,48.59,1.61,109.74
1201A,2026-02-14 09:00:00,198,125.66,155.14,15.87,24.23,2.32,97.84
1202A,2026-02-14 09:00:00,150,97.11,112.99,22.13,35.31,0.74,93.5
1203A,2026-02-14 09:00:00,171,92.89,134.78,23.93,46.69,1.74,119.18
1204A,2026-02-14 09:00:00,94,62.07,87.54,23.89,27.51,0.95,60.39
4401A,2026-02-14 09:00:00,160,91.03,121.6,20.99,23.05,1.28,92.73
4402A,2026-02-14 09:00:00,96,49.63,83.52,19.91,27.77,1.45,43.85
4403A,2026-02-14 09:00:00,178,113.35,140.41,11.23,37.64,0.9,92.9
4404A,2026-02-14 09:00:00,91,47.34,72.42,23.37,20.33,1.08,82.72
4405A,2026-02-14 09:00:00,148,90.89,124.81,6.6,16.25,1.53,69.55
4406A,2026-02-14 09:00:00,100,67.87,82.81,23.18,26.12,2.33,82.53
4407A,2026-02-14 09:00:00,216,130.86,161.83,27.24,17.38,1.44,72.1
4408A,2026-02-14 09:00:00,71,43.51,58.48,13.91,43.69,0.71,87.76
4409A,2026-02-14 09:00:00,52,39.88,36.9,7.63,33.17,1.03,31.54
4401B,2026-02-14 09:00:00,204,126.48,149.15,7.63,47.68,2.14,102.76
4402B,2026-02-14 09:00:00,71,48.97,43.96,28.54,41.77,1.02,20.42
4403B,2026-02-14 09:00:00,107,65.01,92.32,23.37,32.86,2.49,84.09
4404B,2026-02-14 09:00:00,94,49.1,90.1,22.48,22.31,2.01,105.83
4405B,2026-02-14 09:00:00,57,36.14,45.24,26.31,16.72,0.99,50.22
4406B,2026-02-14 09:00:00,73,48.01,60.9,23.24,43.78,0.7,85.81
5101A,2026-02-14 09:00:00,205,125.91,169.12,27.74,28.82,1.97,111.27
5102A,2026-02-14 09:00:00,143,78.22,106.49,23.13,15.15,1.35,45.39
5103A,2026-02-14 09:00:00,95,55.84,83.79,6.62,15.25,0.6,110.98
5104A,2026-02-14 09:00:00,189,121.17,155.8,17.56,48.66,0.53,115.04
5105A,2026-02-14 09:00:00,192,123.51,141.93,22.27,46.76,1.08,111.39
5106A,2026-02-14 09:00:00,61,39.88,60.73,22.81,46.65,2.14,91.06
5107A,2026-02-14 09:00:00,79,55.63,60.61,13.58,17.66,2.45,77.83
1101A,2026-02-14 10:00:00,68,33.43,53.0,21.33,38.55,1.92,46.92
1102A,2026-02-14 10:00:00,178,113.24,129.4,29.04,28.57,1.59,114.98
1103A,2026-02-14 10:00:00,206,114.0,174.37,9.11,15.86,1.44,35.25
1104A,2026-02-14 10:00:00,126,72.33,89.48,29.81,21.6,2.36,83.21
1105A,2026-02-14 10:00:00,118,65.8,99.01,27.05,49.54,1.13,31.73
1106A,2026-02-14 10:00:00,160,98.32,124.18,8.88,41.73,2.02,31.91
1107A,2026-02-14 10:00:00,81,56.49,69.1,19.64,18.77,0.66,111.13
1108A,2026-02-14 10:00:00,217,121.41,172.46,7.2,39.72,0.66,66.55
1109A,2026-02-14 10:00:00,127,69.63,113.37,8.57,24.16,2.45,116.88
1201A,2026-02-14 10:00:00,143,86.85,120.13,16.81,48.27,1.76,37.57
1202A,2026-02-14 10:00:00,153,84.54,136.55,28.71,37.44,1.03,21.24
1203A,2026-02-14 10:00:00,63,30.71,46.26,7.78,24.54,0.51,85.49
1204A,2026-02-14 10:00:00,97,64.78,92.55,16.89,24.65,1.65,104.44
4401A,2026-02-14 10:00:00,157,101.06,116.3,6.93,45.81,0.56,107.69
4402A,2026-02-14 10:00:00,105,59.29,91.02,9.37,47.22,1.22,95.99
4403A,2026-02-14 10:00:00,47,24.85,46.38,10.17,36.46,2.15,93.72
4404A,2026-02-14 10:00:00,178,102.91,146.7,12.82,37.44,0.81,23.54
4405A,2026-02-14 10:00:00,222,135.92,182.42,18.16,33.28,1.74,77.09
4406A,2026-02-14 10:00:00,178,104.89,132.19,6.76,34.74,1.28,95.12
4407A,2026-02-14 10:00:00,48,28.09,49.06,29.37,32.15,1.7,105.7
4408A,2026-02-14 10:00:00,78,52.65,70.31,29.71,43.05,2.25,83.12
4409A,2026-02-14 10:00:00,123,70.45,94.54,22.74,49.15,0.98,119.52
4401B,2026-02-14 10:00:00,78,52.88,71.93,7.83,36.26,1.07,70.76
4402B,2026-02-14 10:00:00,53,32.73,28.86,9.36,46.04,1.53,61.29
4403B,2026-02-14 10:00:00,206,118.23,173.89,24.83,16.08,1.46,89.9
4404B,2026-02-14 10:00:00,185,109.22,144.89,26.63,27.55,2.15,91.99
4405B,2026-02-14 10:00:00,71,42.66,69.2,17.09,43.84,1.97,59.44
4406B,2026-02-14 10:00:00,188,112.76,159.44,14.6,23.02,1.43,75.15
5101A,2026-02-14 10:00:00,110,58.3,85.61,19.87,29.0,1.52,32.07
5102A,2026-02-14 10:00:00,62,38.0,37.69,22.13,38.24,0.73,74.25
5103A,2026-02-14 10:00:00,192,118.42,148.22,24.29,22.51,1.75,41.61
5104A,2026-02-14 10:00:00,91,55.33,65.61,16.55,34.05,2.45,55.74
5105A,2026-02-14 10:00:00,58,36.31,49.76,23.22,33.01,1.0,114.14
5106A,2026-02-14 10:00:00,41,27.32,38.83,18.86,19.73,1.88,89.28
5107A,2026-02-14 10:00:00,148,80.58,131.69,27.53,20.44,2.09,46.54
1101A,2026-02-14 11:00:00,212,123.55,173.24,8.23,46.65,1.66,42.97
1102A,2026-02-14 11:00:00,150,84.62,126.4,19.55,25.72,0.68,63.71
1103A,2026-02-14 11:00:00,168,108.08,143.73,6.72,48.98,1.45,31.18
1104A,2026-02-14 11:00:00,214,136.58,162.05,11.01,22.83,0.99,55.36
1105A,2026-02-14 11:00:00,156,88.47,119.58,12.87,37.38,1.99,87.27
1106A,2026-02-14 11:00:00,225,133.75,188.02,14.21,42.07,1.44,29.92
1107A,2026-02-14 11:00:00,206,121.22,169.32,23.98,29.35,0.83,45.92
1108A,2026-02-14 11:00:00,126,69.39,93.16,11.11,38.18,2.27,83.26
1109A,2026-02-14 11:00:00,206,119.23,170.82,24.67,28.94,2.3,94.03
1201A,2026-02-14 11:00:00,123,70.51,91.4,25.17,21.53,1.19,31.12
1202A,2026-02-14 11:00:00,158,91.81,117.5,18.44,31.33,1.47,104.4
1203A,2026-02-14 11:00:00,141,86.06,118.09,21.1,19.82,1.46,68.54
1204A,2026-02-14 11:00:00,226,142.77,167.49,26.69,24.16,1.67,74.67
4401A,2026-02-14 11:00:00,229,145.9,197.19,13.76,29.57,0.53,70.12
4402A,2026-02-14 11:00:00,102,68.98,87.16,19.39,33.32,1.7,44.51
4403A,2026-02-14 11:00:00,76,35.93,55.02,18.16,35.29,1.75,69.74
4404A,2026-02-14 11:00:00,130,71.36,110.13,11.39,19.88,1.88,40.89
4405A,2026-02-14 11:00:00,105,65.87,86.66,6.64,39.2,1.08,107.56
4406A,2026-02-14 11:00:00,189,120.2,143.66,14.46,40.28,0.67,47.9
4407A,2026-02-14 11:00:00,197,111.86,164.85,16.65,29.93,1.64,49.47
4408A,2026-02-14 11:00:00,81,50.47,74.5,20.0,41.09,1.54,107.37
4409A,2026-02-14 11:00:00,117,73.17,86.87,18.82,39.63,1.06,69.76
4401B,2026-02-14 11:00:00,118,73.25,82.36,26.84,37.36,2.49,62.46
4402B,2026-02-14 11:00:00,132,74.68,110.5,19.36,32.2,0.96,47.45
4403B,2026-02-14 11:00:00,183,113.7,138.96,15.36,47.19,0.51,62.86
4404B,2026-02-14 11:00:00,44,34.31,31.43,21.8,27.59,1.41,42.58
4405B,2026-02-14 11:00:00,96,63.49,72.47,10.21,19.77,1.61,31.56
4406B,2026-02-14 11:00:00,137,74.23,119.31,17.38,47.02,1.68,67.79
5101A,2026-02-14 11:00:00,70,41.31,56.06,10.02,20.33,0.75,79.63
5102A,2026-02-14 11:00:00,44,20.47,30.17,18.42,20.99,2.11,54.46
5103A,2026-02-14 11:00:00,105,59.69,96.71,12.09,43.41,0.94,95.01
5104A,2026-02-14 11:00:00,183,110.83,149.55,14.11,16.55,0.62,28.51
5105A,2026-02-14 11:00:00,86,56.32,83.25,7.86,27.92,0.6,38.6
5106A,2026-02-14 11:00:00,84,51.51,64.89,7.58,17.04,1.11,33.58
5107A,2026-02-14 11:00:00,130,68.22,117.76,24.36,39.66,0.72,80.32
1101A,2026-02-14 12:00:00,93,59.51,77.33,18.41,31.46,0.98,54.54
1102A,2026-02-14 12:00:00,130,71.13,91.0,27.14,41.78,1.4,42.22
1103A,2026-02-14 12:00:00,204,127.65,153.82,5.58,47.08,0.94,40.51
1104A,2026-02-14 12:00:00,144,77.69,112.87,13.92,42.41,0.72,81.29
1105A,2026-02-14 12:00:00,102,67.2,79.01,29.66,39.54,2.31,30.18
1106A,2026-02-14 12:00:00,148,87.61,111.05,8.24,34.37,2.05,32.65
1107A,2026-02-14 12:00:00,39,15.36,35.33,19.53,43.16,0.69,115.67
1108A,2026-02-14 12:00:00,136,72.75,121.66,22.04,35.61,1.6,41.42
1109A,2026-02-14 12:00:00,210,133.91,166.43,9.73,49.43,0.79,25.33
1201A,2026-02-14 12:00:00,185,103.61,160.28,14.64,42.1,2.34,29.22
1202A,2026-02-14 12:00:00,102,62.61,67.57,27.8,26.0,1.54,73.46
1203A,2026-02-14 12:00:00,145,88.95,116.9,6.16,20.92,2.19,108.36
1204A,2026-02-14 12:00:00,101,50.95,79.77,21.19,48.2,0.53,103.12
4401A,2026-02-14 12:00:00,41,30.6,24.08,10.4,22.09,1.29,20.86
4402A,2026-02-14 12:00:00,140,82.78,126.55,23.09,28.43,2.1,65.5
4403A,2026-02-14 12:00:00,132,86.84,120.23,14.54,17.94,0.98,97.52
4404A,2026-02-14 12:00:00,110,58.49,77.48,17.74,41.47,1.22,44.7
4405A,2026-02-14 12:00:00,144,77.34,127.62,21.84,27.78,2.43,30.41
4406A,2026-02-14 12:00:00,156,88.93,132.67,12.2,38.69,1.27,116.82
4407A,2026-02-14 12:00:00,53,25.61,41.79,21.27,29.59,2.36,59.15
4408A,2026-02-14 12:00:00,208,131.05,153.44,25.89,38.9,1.58,111.8
4409A,2026-02-14 12:00:00,63,35.5,58.95,11.13,44.52,1.99,23.76
4401B,2026-02-14 12:00:00,113,76.76,82.28,5.41,18.91,1.21,34.68
4402B,2026-02-14 12:00:00,91,59.84,71.35,7.24,21.74,2.15,21.04
4403B,2026-02-14 12:00:00,152,98.32,119.01,8.72,42.73,0.6,77.35
4404B,2026-02-14 12:00:00,228,146.46,172.11,13.63,46.23,2.02,109.4
4405B,2026-02-14 12:00:00,67,49.83,58.59,26.96,46.81,2.44,48.32
4406B,2026-02-14 12:00:00,107,63.36,98.83,17.44,45.98,1.37,25.31
5101A,2026-02-14 12:00:00,158,90.11,114.32,14.04,41.12,0.91,55.34
5102A,2026-02-14 12:00:00,131,70.39,89.89,18.51,46.46,0.82,87.14
5103A,2026-02-14 12:00:00,132,72.78,114.87,8.58,37.7,1.52,98.56
5104A,2026-02-14 12:00:00,172,109.77,126.23,6.89,40.83,1.13,41.79
5105A,2026-02-14 12:00:00,55,29.89,36.12,8.71,47.76,2.0,33.24
5106A,2026-02-14 12:00:00,105,63.88,72.89,15.68,26.59,0.61,53.3
5107A,2026-02-14 12:00:00,137,90.9,107.28,16.13,22.82,1.26,104.32
1101A,2026-02-14 13:00:00,133,70.95,92.34,10.5,33.01,1.7,74.13
1102A,2026-02-14 13:00:00,159,91.08,127.37,23.9,38.53,0.77,118.99
1103A,2026-02-14 13:00:00,150,87.24,108.97,14.43,22.94,1.19,49.36
1104A,2026-02-14 13:00:00,140,91.0,105.36,18.97,17.6,1.54,22.5
1105A,2026-02-14 13:00:00,62,30.45,44.63,24.57,22.19,2.12,49.66
1106A,2026-02-14 13:00:00,226,136.25,177.96,15.83,40.77,0.57,34.11
1107A,2026-02-14 13:00:00,127,67.62,105.1,26.31,26.73,1.95,20.1
1108A,2026-02-14 13:00:00,170,97.34,134.11,26.13,41.66,1.96,50.1
1109A,2026-02-14 13:00:00,224,128.59,169.82,7.55,24.47,0.51,92.74
1201A,2026-02-14 13:00:00,116,63.35,107.24,9.0,43.66,1.36,36.09
1202A,2026-02-14 13:00:00,178,101.92,150.42,29.42,43.71,2.39,68.67
1203A,2026-02-14 13:00:00,77,52.86,47.55,26.31,24.23,1.82,57.64
1204A,2026-02-14 13:00:00,153,96.66,119.44,6.29,25.62,2.1,43.58
4401A,2026-02-14 13:00:00,196,112.0,142.64,20.89,22.68,2.31,69.94
4402A,2026-02-14 13:00:00,56,28.54,56.76,22.93,17.15,1.51,21.7
4403A,2026-02-14 13:00:00,85,56.72,81.8,12.09,35.5,1.07,37.12
4404A,2026-02-14 13:00:00,187,118.03,149.35,11.25,30.85,0.91,69.95
4405A,2026-02-14 13:00:00,70,33.44,68.58,21.71,20.88,2.05,48.26
4406A,2026-02-14 13:00:00,147,79.99,106.55,23.09,17.22,2.38,20.06
4407A,2026-02-14 13:00:00,132,84.56,117.99,19.67,38.93,2.46,63.85
4408A,2026-02-14 13:00:00,124,78.07,104.49,23.13,30.64,1.27,53.47
4409A,2026-02-14 13:00:00,209,124.04,174.98,7.44,19.62,0.79,74.99
4401B,2026-02-14 13:00:00,62,41.94,49.01,18.59,26.83,1.47,26.02
4402B,2026-02-14 13:00:00,99,61.13,78.16,9.5,48.78,2.08,44.6
4403B,2026-02-14 13:00:00,149,96.27,108.02,6.08,34.49,1.75,88.16
4404B,2026-02-14 13:00:00,109,61.25,75.83,9.23,33.54,1.37,35.46
4405B,2026-02-14 13:00:00,223,129.94,173.46,14.0,23.51,2.11,117.05
4406B,2026-02-14 13:00:00,198,121.93,154.82,6.11,47.84,0.69,59.68
5101A,2026-02-14 13:00:00,54,30.39,47.43,21.69,35.91,1.53,51.97
5102A,2026-02-14 13:00:00,124,65.3,96.7,7.31,37.58,1.69,99.6
5103A,2026-02-14 13:00:00,223,143.36,170.97,22.78,29.97,1.1,51.38
5104A,2026-02-14 13:00:00,53,26.21,43.82,8.28,16.37,2.23,113.52
5105A,2026-02-14 13:00:00,39,27.93,41.72,21.67,16.9,1.88,50.12
5106A,2026-02-14 13:00:00,196,121.49,153.65,9.7,33.86,1.15,108.73
5107A,2026-02-14 13:00:00,123,75.64,85.11,21.46,31.8,1.01,64.87
1101A,2026-02-14 14:00:00,218,130.96,164.05,6.2,26.73,1.99,47.24
1102A,2026-02-14 14:00:00,147,96.5,129.62,21.93,25.04,0.59,102.53
1103A,2026-02-14 14:00:00,223,141.98,172.2,8.0,21.6,0.55,101.51
1104A,2026-02-14 14:00:00,161,92.91,130.93,10.15,47.43,0.73,67.05
1105A,2026-02-14 14:00:00,208,130.04,169.68,16.89,40.74,1.63,66.13
1106A,2026-02-14 14:00:00,177,102.51,136.58,29.04,30.48,1.47,106.29
1107A,2026-02-14 14:00:00,75,36.8,52.47,9.08,32.78,0.73,54.08
1108A,2026-02-14 14:00:00,95,48.91,65.41,25.51,28.47,1.39,87.45
1109A,2026-02-14 14:00:00,217,135.96,184.77,16.44,22.19,2.02,115.68
1201A,2026-02-14 14:00:00,97,52.86,66.34,20.19,19.91,1.62,99.6
1202A,2026-02-14 14:00:00,216,136.48,184.3,9.94,38.93,1.46,30.0
1203A,2026-02-14 14:00:00,171,107.43,122.67,8.92,36.5,0.57,51.9
1204A,2026-02-14 14:00:00,132,82.3,108.07,16.63,28.17,1.34,43.99
4401A,2026-02-14 14:00:00,92,51.56,80.07,28.16,16.06,0.73,117.54
4402A,2026-02-14 14:00:00,186,121.04,162.01,14.18,31.81,2.18,68.09
4403A,2026-02-14 14:00:00,120,80.04,84.99,16.88,16.78,1.21,66.09
4404A,2026-02-14 14:00:00,171,111.93,138.62,12.77,46.02,1.17,58.99
4405A,2026-02-14 14:00:00,136,76.27,108.73,12.99,26.57,1.74,46.53
4406A,2026-02-14 14:00:00,98,63.8,71.44,22.85,20.19,0.77,48.15
4407A,2026-02-14 14:00:00,46,18.17,44.39,13.76,39.5,0.58,70.02
4408A,2026-02-14 14:00:00,161,102.3,114.31,25.83,48.9,2.2,97.85
4409A,2026-02-14 14:00:00,157,88.23,130.9,20.38,20.4,0.89,85.33
4401B,2026-02-14 14:00:00,160,97.94,118.78,20.55,34.83,1.81,74.35
4402B,2026-02-14 14:00:00,201,110.86,161.51,29.66,18.35,1.81,45.73
4403B,2026-02-14 14:00:00,47,18.48,37.13,22.27,32.4,0.77,57.58
4404B,2026-02-14 14:00:00,147,90.22,114.42,10.78,34.41,2.48,107.35
4405B,2026-02-14 14:00:00,103,63.86,93.52,27.63,18.16,1.84,77.83
4406B,2026-02-14 14:00:00,121,71.87,90.95,17.43,24.5,1.33,111.45
5101A,2026-02-14 14:00:00,187,107.29,162.23,14.11,20.67,1.81,97.59
5102A,2026-02-14 14:00:00,65,45.2,51.63,29.47,37.79,0.65,73.65
5103A,2026-02-14 14:00:00,115,69.99,89.9,29.85,20.19,1.16,82.94
5104A,2026-02-14 14:00:00,50,36.36,51.5,13.69,39.47,0.56,56.66
5105A,2026-02-14 14:00:00,168,104.91,125.19,22.07,21.44,2.28,104.2
5106A,2026-02-14 14:00:00,216,122.53,179.93,9.8,17.33,2.27,51.86
5107A,2026-02-14 14:00:00,190,106.56,142.94,27.1,22.19,0.5,69.15
1101A,2026-02-14 15:00:00,199,110.08,160.71,10.15,43.02,2.44,116.51
1102A,2026-02-14 15:00:00,208,127.63,178.82,15.0,21.01,1.33,77.54
1103A,2026-02-14 15:00:00,91,50.3,74.64,6.68,19.36,1.29,97.85
1104A,2026-02-14 15:00:00,159,98.5,134.5,5.33,39.27,1.46,69.53
1105A,2026-02-14 15:00:00,135,84.48,99.48,28.34,32.44,1.98,95.56
1106A,2026-02-14 15:00:00,176,102.65,150.91,12.38,44.96,1.35,107.04
1107A,2026-02-14 15:00:00,196,108.88,164.96,19.11,48.45,1.8,112.97
1108A,2026-02-14 15:00:00,138,76.68,110.81,17.35,19.54,2.24,79.21
1109A,2026-02-14 15:00:00,79,46.12,76.5,27.89,19.37,1.09,69.64
1201A,2026-02-14 15:00:00,101,55.81,74.35,19.94,40.34,2.28,80.94
1202A,2026-02-14 15:00:00,93,59.4,68.33,15.49,22.99,1.15,25.66
1203A,2026-02-14 15:00:00,96,66.95,85.59,27.83,42.65,1.75,29.8
1204A,2026-02-14 15:00:00,197,126.85,172.28,5.15,43.09,1.17,73.42
4401A,2026-02-14 15:00:00,176,107.05,144.64,25.87,49.15,0.76,97.81
4402A,2026-02-14 15:00:00,89,55.58,68.98,15.43,39.61,0.72,45.26
4403A,2026-02-14 15:00:00,187,115.02,136.12,14.07,47.83,2.08,20.78
4404A,2026-02-14 15:00:00,82,42.03,75.31,20.63,41.0,2.31,52.25
4405A,2026-02-14 15:00:00,169,100.95,144.11,23.95,23.97,1.87,48.82
4406A,2026-02-14 15:00:00,45,30.86,36.47,10.06,45.66,1.29,116.57
4407A,2026-02-14 15:00:00,192,113.05,143.66,25.7,41.05,2.15,29.35
4408A,2026-02-14 15:00:00,126,78.44,115.46,27.91,49.24,1.3,34.34
4409A,2026-02-14 15:00:00,62,43.53,60.47,9.66,48.13,0.83,43.83
4401B,2026-02-14 15:00:00,181,102.83,135.71,16.4,20.05,1.11,64.06
4402B,2026-02-14 15:00:00,184,115.16,155.74,13.1,41.91,2.16,67.5
4403B,2026-02-14 15:00:00,187,105.81,148.68,10.49,36.1,1.48,62.33
4404B,2026-02-14 15:00:00,40,24.59,31.08,26.68,30.85,1.42,111.97
4405B,2026-02-14 15:00:00,183,118.05,149.9,28.27,17.07,0.99,44.7
4406B,2026-02-14 15:00:00,111,73.69,77.94,20.59,37.26,1.4,99.75
5101A,2026-02-14 15:00:00,177,112.15,134.0,5.59,36.29,1.94,69.89
5102A,2026-02-14 15:00:00,165,96.31,134.03,25.95,35.62,1.88,27.72
5103A,2026-02-14 15:00:00,154,99.24,126.74,15.66,31.06,2.41,61.13
5104A,2026-02-14 15:00:00,211,124.28,173.19,9.48,47.35,2.29,60.12
5105A,2026-02-14 15:00:00,122,64.28,97.43,10.63,29.28,0.84,60.79
5106A,2026-02-14 15:00:00,68,47.55,55.19,7.1,43.61,1.26,64.83
5107A,2026-02-14 15:00:00,122,76.46,93.39,17.6,38.02,1.04,20.68
1101A,2026-02-14 16:00:00,78,52.61,59.9,16.23,38.61,1.22,50.1
1102A,2026-02-14 16:00:00,46,37.09,24.99,18.25,47.58,2.42,93.43
1103A,2026-02-14 16:00:00,146,77.91,128.17,10.66,32.83,2.21,90.25
1104A,2026-02-14 16:00:00,108,56.61,96.29,29.86,38.12,1.55,35.91
1105A,2026-02-14 16:00:00,55,40.82,51.69,12.88,19.74,1.22,56.4
1106A,2026-02-14 16:00:00,123,75.22,101.22,6.21,37.09,2.27,76.06
1107A,2026-02-14 16:00:00,76,40.11,60.86,24.76,31.88,1.97,95.14
1108A,2026-02-14 16:00:00,42,28.21,26.98,20.51,26.63,1.0,73.95
1109A,2026-02-14 16:00:00,110,59.45,96.0,16.09,16.84,2.27,68.37
1201A,2026-02-14 16:00:00,139,83.4,107.02,24.58,46.9,1.23,106.6
1202A,2026-02-14 16:00:00,151,88.43,113.74,28.32,15.91,1.3,50.39
1203A,2026-02-14 16:00:00,216,121.29,168.57,12.48,38.18,1.2,25.63
1204A,2026-02-14 16:00:00,148,91.27,128.06,6.72,47.92,2.01,79.01
4401A,2026-02-14 16:00:00,196,121.7,162.51,13.61,44.94,1.81,70.78
4402A,2026-02-14 16:00:00,183,117.86,151.7,14.41,48.24,1.03,40.79
4403A,2026-02-14 16:00:00,214,136.51,161.02,29.36,25.35,1.55,102.47
4404A,2026-02-14 16:00:00,207,134.18,173.26,20.67,15.63,1.38,56.35
4405A,2026-02-14 16:00:00,51,25.71,39.9,22.24,16.13,0.94,70.69
4406A,2026-02-14 16:00:00,162,98.92,123.52,16.97,40.91,1.7,116.26
4407A,2026-02-14 16:00:00,100,64.19,94.31,10.65,30.87,2.39,59.55
4408A,2026-02-14 16:00:00,181,113.34,133.24,9.43,26.64,0.6,68.89
4409A,2026-02-14 16:00:00,93,53.56,70.37,25.13,25.97,1.81,93.81
4401B,2026-02-14 16:00:00,174,108.56,127.0,22.66,27.12,0.9,82.19
4402B,2026-02-14 16:00:00,177,101.51,128.27,24.61,24.07,0.95,42.44
4403B,2026-02-14 16:00:00,76,43.51,68.12,21.79,34.19,2.28,45.65
4404B,2026-02-14 16:00:00,141,93.03,112.38,15.16,21.73,0.58,94.19
4405B,2026-02-14 16:00:00,148,85.33,120.22,16.01,30.14,0.64,101.32
4406B,2026-02-14 16:00:00,123,65.18,95.86,13.3,26.94,0.95,98.16
5101A,2026-02-14 16:00:00,177,96.87,126.96,12.54,18.2,1.59,80.27
5102A,2026-02-14 16:00:00,58,27.69,34.73,25.21,48.77,1.77,78.2
5103A,2026-02-14 16:00:00,109,60.06,102.04,25.14,46.75,1.71,74.76
5104A,2026-02-14 16:00:00,60,38.15,33.13,19.28,43.54,1.57,67.56
5105A,2026-02-14 16:00:00,162,105.97,120.0,10.86,32.69,0.78,24.28
5106A,2026-02-14 16:00:00,151,93.13,115.55,25.28,17.35,1.08,41.21
5107A,2026-02-14 16:00:00,75,44.4,48.45,14.73,17.33,1.84,87.92
1101A,2026-02-14 17:00:00,65,29.94,51.18,21.2,32.55,1.05,110.71
1102A,2026-02-14 17:00:00,89,45.41,57.92,29.34,28.1,0.75,66.73
1103A,2026-02-14 17:00:00,90,61.68,76.33,16.09,23.46,1.35,56.07
1104A,2026-02-14 17:00:00,142,90.92,112.3,23.01,39.05,1.81,45.69
1105A,2026-02-14 17:00:00,139,85.13,123.52,25.91,28.01,1.71,94.66
1106A,2026-02-14 17:00:00,146,96.88,117.28,24.72,43.3,1.95,95.77
1107A,2026-02-14 17:00:00,143,82.08,103.71,18.91,41.01,1.04,62.96
1108A,2026-02-14 17:00:00,81,49.17,50.17,25.22,33.45,1.51,101.94
1109A,2026-02-14 17:00:00,72,34.85,63.27,29.28,24.01,0.75,74.73
1201A,2026-02-14 17:00:00,61,31.87,35.95,18.0,25.23,0.52,64.25
1202A,2026-02-14 17:00:00,184,107.77,134.47,13.93,42.44,1.28,92.19
1203A,2026-02-14 17:00:00,112,60.77,96.15,23.63,48.41,2.3,72.16
1204A,2026-02-14 17:00:00,165,100.07,126.96,18.13,26.19,0.82,68.74
4401A,2026-02-14 17:00:00,178,109.8,143.4,8.99,29.95,0.99,47.23
4402A,2026-02-14 17:00:00,150,93.99,126.09,7.22,34.31,1.27,100.81
4403A,2026-02-14 17:00:00,61,46.27,54.22,29.0,26.17,1.75,59.46
4404A,2026-02-14 17:00:00,210,116.45,166.03,24.84,19.53,1.51,75.31
4405A,2026-02-14 17:00:00,179,101.89,151.14,5.97,34.11,1.18,81.65
4406A,2026-02-14 17:00:00,38,24.6,15.6,26.38,16.97,0.58,104.54
4407A,2026-02-14 17:00:00,207,116.54,157.71,10.95,30.93,1.51,76.34
4408A,2026-02-14 17:00:00,65,37.47,60.93,25.32,27.16,0.62,118.1
4409A,2026-02-14 17:00:00,58,29.46,42.55,12.9,47.82,1.37,26.48
4401B,2026-02-14 17:00:00,207,118.48,174.05,24.4,30.55,1.14,80.44
4402B,2026-02-14 17:00:00,128,70.9,97.34,12.51,41.98,2.38,114.74
4403B,2026-02-14 17:00:00,176,105.75,151.76,10.58,39.04,2.49,47.85
4404B,2026-02-14 17:00:00,110,71.8,76.69,19.52,16.26,0.88,88.74
4405B,2026-02-14 17:00:00,116,68.93,105.65,8.57,48.75,0.6,32.47
4406B,2026-02-14 17:00:00,113,62.59,83.48,13.95,17.87,1.49,74.97
5101A,2026-02-14 17:00:00,64,32.42,58.42,25.92,15.52,1.59,61.06
5102A,2026-02-14 17:00:00,118,63.12,99.45,11.49,48.72,2.06,83.71
5103A,2026-02-14 17:00:00,126,72.89,106.99,19.49,31.67,1.51,110.53
5104A,2026-02-14 17:00:00,159,105.39,124.59,17.05,43.82,1.38,32.65
5105A,2026-02-14 17:00:00,195,123.46,141.66,28.05,48.74,1.26,87.77
5106A,2026-02-14 17:00:00,128,72.68,98.89,19.51,15.39,2.39,52.18
5107A,2026-02-14 17:00:00,157,86.81,126.51,29.91,43.67,1.2,83.38
1101A,2026-02-14 18:00:00,46,23.78,44.34,26.13,24.31,1.79,98.52
1102A,2026-02-14 18:00:00,189,112.64,148.39,16.98,30.92,0.94,85.82
1103A,2026-02-14 18:00:00,63,40.86,37.78,14.78,33.89,2.17,27.41
1104A,2026-02-14 18:00:00,165,104.58,134.69,8.79,27.65,1.19,46.54
1105A,2026-02-14 18:00:00,149,86.22,129.73,27.55,39.08,1.73,99.86
1106A,2026-02-14 18:00:00,44,29.93,31.71,26.15,37.24,1.63,76.02
1107A,2026-02-14 18:00:00,57,42.56,36.19,23.94,42.17,1.95,61.87
1108A,2026-02-14 18:00:00,184,112.69,155.62,17.85,49.57,2.3,24.16
1109A,2026-02-14 18:00:00,202,126.39,149.35,19.66,20.09,0.68,91.79
1201A,2026-02-14 18:00:00,116,78.5,101.02,23.16,25.24,2.38,90.54
1202A,2026-02-14 18:00:00,82,55.86,69.55,25.5,49.64,1.91,55.57
1203A,2026-02-14 18:00:00,82,49.8,51.86,23.06,49.33,1.73,28.42
1204A,2026-02-14 18:00:00,69,42.6,68.97,24.62,35.21,2.0,20.23
4401A,2026-02-14 18:00:00,36,23.36,19.32,15.87,41.87,0.56,97.44
4402A,2026-02-14 18:00:00,198,115.77,157.01,24.48,24.55,1.27,103.68
4403A,2026-02-14 18:00:00,159,92.98,129.03,19.8,49.43,2.0,103.28
4404A,2026-02-14 18:00:00,146,90.96,115.03,11.66,17.34,2.31,60.09
4405A,2026-02-14 18:00:00,173,108.95,147.09,27.07,44.78,1.3,28.12
4406A,2026-02-14 18:00:00,173,103.59,143.69,18.65,33.65,0.58,67.68
4407A,2026-02-14 18:00:00,104,62.01,96.88,22.94,17.57,1.8,97.61
4408A,2026-02-14 18:00:00,43,22.87,48.32,7.9,46.94,1.28,29.45
4409A,2026-02-14 18:00:00,118,66.2,105.17,27.18,39.28,1.92,28.43
4401B,2026-02-14 18:00:00,69,32.32,43.66,7.27,23.32,2.33,117.46
4402B,2026-02-14 18:00:00,158,92.36,111.69,8.01,18.89,1.44,113.86
4403B,2026-02-14 18:00:00,180,100.18,147.55,5.27,28.7,2.46,32.8
4404B,2026-02-14 18:00:00,149,91.31,121.57,13.06,33.67,2.05,69.41
4405B,2026-02-14 18:00:00,109,75.38,94.68,25.62,19.91,1.42,103.66
4406B,2026-02-14 18:00:00,106,63.88,85.55,5.32,44.18,0.75,87.64
5101A,2026-02-14 18:00:00,171,109.95,121.9,14.74,27.61,1.17,76.8
5102A,2026-02-14 18:00:00,203,116.8,154.82,12.76,45.02,0.53,64.52
5103A,2026-02-14 18:00:00,52,22.93,37.36,8.81,37.14,1.74,43.32
5104A,2026-02-14 18:00:00,163,95.6,138.6,26.09,25.03,1.62,66.43
5105A,2026-02-14 18:00:00,44,20.32,47.29,27.52,32.2,0.73,103.73
5106A,2026-02-14 18:00:00,118,73.42,106.36,21.65,24.21,2.12,95.27
5107A,2026-02-14 18:00:00,43,32.59,23.63,23.27,17.77,0.9,22.16
1101A,2026-02-14 19:00:00,142,75.64,104.79,23.7,46.64,1.89,71.2
1102A,2026-02-14 19:00:00,63,33.47,40.02,18.35,27.15,0.96,78.79
1103A,2026-02-14 19:00:00,48,36.62,24.12,20.11,28.82,0.79,28.46
1104A,2026-02-14 19:00:00,127,74.38,108.54,11.68,41.73,1.83,85.48
1105A,2026-02-14 19:00:00,131,75.93,97.31,24.0,18.68,1.32,34.84
1106A,2026-02-14 19:00:00,173,95.64,151.68,15.77,35.08,1.66,85.25
1107A,2026-02-14 19:00:00,175,109.53,153.71,27.91,26.44,0.58,68.32
1108A,2026-02-14 19:00:00,173,100.19,142.26,21.04,27.02,0.84,60.07
1109A,2026-02-14 19:00:00,144,84.87,124.88,16.3,49.62,1.12,83.26
1201A,2026-02-14 19:00:00,180,109.0,132.14,17.41,17.92,2.14,76.14
1202A,2026-02-14 19:00:00,42,25.16,35.59,19.04,49.76,0.97,67.92
1203A,2026-02-14 19:00:00,157,90.14,137.4,21.41,46.02,1.21,72.93
1204A,2026-02-14 19:00:00,47,26.21,42.97,5.35,40.24,0.73,22.71
4401A,2026-02-14 19:00:00,176,106.43,129.13,15.42,23.3,0.81,58.25
4402A,2026-02-14 19:00:00,118,67.78,108.89,29.93,47.78,1.27,98.63
4403A,2026-02-14 19:00:00,113,73.83,88.8,22.88,28.9,1.2,49.39
4404A,2026-02-14 19:00:00,187,120.65,164.15,21.56,18.15,0.84,35.11
4405A,2026-02-14 19:00:00,199,119.22,146.73,27.47,33.92,2.42,109.63
4406A,2026-02-14 19:00:00,118,66.88,93.34,16.35,41.05,1.84,47.86
4407A,2026-02-14 19:00:00,157,92.69,137.05,13.13,48.04,1.85,36.81
4408A,2026-02-14 19:00:00,58,42.08,46.6,27.39,36.19,0.83,87.08
4409A,2026-02-14 19:00:00,79,46.88,60.55,28.94,33.58,2.28,34.72
4401B,2026-02-14 19:00:00,81,40.77,72.61,19.58,28.2,1.62,54.36
4402B,2026-02-14 19:00:00,57,42.95,41.75,5.68,49.84,2.16,24.58
4403B,2026-02-14 19:00:00,200,123.37,162.61,13.23,35.66,1.43,73.13
4404B,2026-02-14 19:00:00,60,44.75,61.26,6.27,42.89,1.46,74.47
4405B,2026-02-14 19:00:00,108,62.48,78.77,7.02,18.46,1.37,102.6
4406B,2026-02-14 19:00:00,102,67.65,69.27,22.88,25.09,2.04,24.66
5101A,2026-02-14 19:00:00,102,66.65,67.73,19.97,42.82,0.99,63.7
5102A,2026-02-14 19:00:00,191,114.81,157.94,5.89,32.68,0.97,46.53
5103A,2026-02-14 19:00:00,87,59.85,72.09,27.94,43.78,0.96,52.05
5104A,2026-02-14 19:00:00,131,88.2,107.77,24.0,32.65,1.57,65.41
5105A,2026-02-14 19:00:00,191,118.45,164.38,29.19,35.18,1.87,20.36
5106A,2026-02-14 19:00:00,81,44.32,60.28,16.78,17.04,2.11,49.94
5107A,2026-02-14 19:00:00,48,24.41,25.36,21.38,43.66,2.16,37.75
1101A,2026-02-14 20:00:00,179,108.62,154.23,8.72,46.55,0.7,62.22
1102A,2026-02-14 20:00:00,78,38.19,48.99,18.74,38.52,0.6,37.93
1103A,2026-02-14 20:00:00,143,93.79,110.0,27.08,35.1,1.41,101.29
1104A,2026-02-14 20:00:00,185,117.38,157.56,14.14,22.33,1.03,118.13
1105A,2026-02-14 20:00:00,36,19.76,28.64,29.49,16.17,1.42,90.55
1106A,2026-02-14 20:00:00,148,92.86,128.03,21.84,28.82,0.53,105.91
1107A,2026-02-14 20:00:00,170,97.37,125.03,9.82,31.52,1.62,99.6
1108A,2026-02-14 20:00:00,135,71.95,117.91,11.86,21.25,1.45,60.23
1109A,2026-02-14 20:00:00,156,101.4,120.33,27.24,34.15,1.25,52.31
1201A,2026-02-14 20:00:00,135,82.21,99.84,8.58,31.0,1.24,91.57
1202A,2026-02-14 20:00:00,115,65.08,81.18,25.86,46.75,1.96,110.61
1203A,2026-02-14 20:00:00,64,47.06,41.34,20.88,19.61,2.36,69.06
1204A,2026-02-14 20:00:00,143,94.46,109.69,6.03,33.78,1.02,106.58
4401A,2026-02-14 20:00:00,162,88.85,143.29,27.45,33.02,1.25,26.85
4402A,2026-02-14 20:00:00,119,80.66,105.05,17.21,46.44,2.08,89.99
4403A,2026-02-14 20:00:00,84,46.81,81.47,13.96,28.13,2.28,24.02
4404A,2026-02-14 20:00:00,193,109.39,162.92,21.49,46.08,0.76,26.85
4405A,2026-02-14 20:00:00,189,117.06,155.43,21.51,24.89,1.17,65.39
4406A,2026-02-14 20:00:00,127,78.91,101.37,14.47,35.99,1.33,50.07
4407A,2026-02-14 20:00:00,167,93.37,119.21,9.61,31.71,1.56,114.69
4408A,2026-02-14 20:00:00,154,97.91,138.02,12.08,19.95,0.78,70.63
4409A,2026-02-14 20:00:00,182,110.15,147.48,7.44,37.57,1.4,92.96
4401B,2026-02-14 20:00:00,171,103.61,148.27,14.59,31.34,0.77,57.17
4402B,2026-02-14 20:00:00,78,40.15,74.64,5.84,27.37,0.78,58.0
4403B,2026-02-14 20:00:00,56,35.91,41.28,22.49,33.53,2.2,73.93
4404B,2026-02-14 20:00:00,38,29.0,41.47,17.47,28.75,0.7,30.5
4405B,2026-02-14 20:00:00,105,62.77,76.61,24.1,18.33,2.26,52.72
4406B,2026-02-14 20:00:00,134,80.67,121.67,7.2,25.21,1.87,99.65
5101A,2026-02-14 20:00:00,82,51.52,65.24,5.74,44.19,1.69,20.5
5102A,2026-02-14 20:00:00,127,80.59,97.28,26.18,20.99,1.7,110.93
5103A,2026-02-14 20:00:00,149,82.18,114.99,18.43,47.53,0.67,79.95
5104A,2026-02-14 20:00:00,99,50.96,74.35,18.73,42.47,1.4,20.0
5105A,2026-02-14 20:00:00,107,64.16,72.96,16.38,38.54,0.87,112.04
5106A,2026-02-14 20:00:00,100,61.64,72.02,6.64,31.44,2.08,58.17
5107A,2026-02-14 20:00:00,42,34.79,46.67,13.93,40.0,1.98,78.3
1101A,2026-02-14 21:00:00,86,61.1,54.94,6.65,27.96,0.52,99.5
1102A,2026-02-14 21:00:00,66,31.25,44.84,24.4,29.99,2.06,119.62
1103A,2026-02-14 21:00:00,108,73.2,81.5,15.93,19.42,1.14,21.24
1104A,2026-02-14 21:00:00,122,67.69,97.34,27.11,40.36,0.81,93.58
1105A,2026-02-14 21:00:00,94,64.96,62.83,6.92,45.34,1.05,84.64
1106A,2026-02-14 21:00:00,190,120.37,138.11,25.27,36.29,1.17,64.15
1107A,2026-02-14 21:00:00,103,55.2,95.36,27.25,16.42,2.48,67.64
1108A,2026-02-14 21:00:00,38,16.63,22.39,21.9,45.18,0.68,50.88
1109A,2026-02-14 21:00:00,193,111.13,151.55,20.12,29.37,1.19,75.35
1201A,2026-02-14 21:00:00,116,61.24,81.8,10.76,19.84,1.77,31.72
1202A,2026-02-14 21:00:00,97,64.99,75.56,29.91,31.57,1.67,70.81
1203A,2026-02-14 21:00:00,101,65.65,69.89,6.45,16.71,0.54,49.31
1204A,2026-02-14 21:00:00,167,97.92,133.21,5.85,30.33,0.59,91.89
4401A,2026-02-14 21:00:00,136,85.31,121.5,21.54,28.69,0.93,73.93
4402A,2026-02-14 21:00:00,35,16.8,26.8,20.63,30.44,2.23,35.39
4403A,2026-02-14 21:00:00,184,108.19,156.01,16.2,19.06,2.42,50.79
4404A,2026-02-14 21:00:00,142,94.28,113.53,7.49,35.19,2.3,31.59
4405A,2026-02-14 21:00:00,156,86.21,118.5,9.81,17.48,1.52,114.99
4406A,2026-02-14 21:00:00,43,25.39,32.89,22.07,49.78,0.99,81.61
4407A,2026-02-14 21:00:00,55,26.87,41.53,27.57,39.85,0.67,46.16
4408A,2026-02-14 21:00:00,155,92.87,136.81,29.48,21.42,2.14,80.5
4409A,2026-02-14 21:00:00,40,27.2,35.18,12.13,21.63,1.51,85.02
4401B,2026-02-14 21:00:00,60,38.86,51.63,25.34,33.42,1.56,75.95
4402B,2026-02-14 21:00:00,187,119.36,149.32,23.87,28.06,1.36,61.63
4403B,2026-02-14 21:00:00,51,27.21,55.01,20.75,46.29,1.99,97.27
4404B,2026-02-14 21:00:00,92,48.45,61.62,27.05,22.35,1.68,42.57
4405B,2026-02-14 21:00:00,187,121.39,158.45,9.07,31.51,1.28,33.78
4406B,2026-02-14 21:00:00,103,64.22,73.31,24.7,20.15,0.79,108.5
5101A,2026-02-14 21:00:00,78,37.23,60.41,24.35,36.29,1.08,65.74
5102A,2026-02-14 21:00:00,145,92.71,117.76,26.15,44.01,2.0,25.12
5103A,2026-02-14 21:00:00,161,94.66,133.55,14.44,41.1,2.26,117.27
5104A,2026-02-14 21:00:00,113,72.19,100.56,21.83,38.55,0.9,48.65
5105A,2026-02-14 21:00:00,184,100.41,146.54,29.0,25.16,1.47,66.89
5106A,2026-02-14 21:00:00,160,88.44,131.22,26.76,27.08,2.0,82.31
5107A,2026-02-14 21:00:00,35,28.7,22.14,17.25,29.25,1.4,42.64
1101A,2026-02-14 22:00:00,159,87.01,131.05,29.98,31.55,1.2,94.12
1102A,2026-02-14 22:00:00,102,70.59,94.03,14.26,47.56,2.1,56.34
1103A,2026-02-14 22:00:00,94,50.02,82.07,20.81,20.73,2.12,35.61
1104A,2026-02-14 22:00:00,80,47.47,77.26,9.91,31.52,2.15,102.02
1105A,2026-02-14 22:00:00,177,97.25,137.64,5.57,41.33,2.27,93.42
1106A,2026-02-14 22:00:00,75,40.35,55.78,12.99,49.6,1.81,100.35
1107A,2026-02-14 22:00:00,55,35.74,31.0,15.13,28.24,2.23,77.9
1108A,2026-02-14 22:00:00,37,26.73,17.95,20.17,35.23,2.26,67.81
1109A,2026-02-14 22:00:00,174,102.08,153.88,21.18,34.39,1.88,113.9
1201A,2026-02-14 22:00:00,108,65.94,90.84,15.99,17.19,2.36,96.84
1202A,2026-02-14 22:00:00,118,62.35,85.26,11.19,45.93,1.18,98.59
1203A,2026-02-14 22:00:00,65,47.78,61.22,11.82,34.07,2.38,87.73
1204A,2026-02-14 22:00:00,165,96.38,121.71,22.76,40.71,2.45,77.23
4401A,2026-02-14 22:00:00,31,20.1,24.2,10.57,44.02,1.13,94.13
4402A,2026-02-14 22:00:00,138,90.62,109.97,23.04,28.15,1.91,73.17
4403A,2026-02-14 22:00:00,91,46.07,83.15,16.34,27.16,2.35,98.86
4404A,2026-02-14 22:00:00,84,52.55,74.44,24.09,35.28,2.36,29.06
4405A,2026-02-14 22:00:00,93,64.91,82.62,8.4,44.91,2.12,87.4
4406A,2026-02-14 22:00:00,44,29.97,43.18,29.4,48.96,1.74,70.41
4407A,2026-02-14 22:00:00,40,22.58,30.84,21.32,30.23,2.39,95.2
4408A,2026-02-14 22:00:00,124,79.42,94.37,23.3,49.93,1.13,60.28
4409A,2026-02-14 22:00:00,45,27.15,33.4,14.29,28.9,2.38,86.1
4401B,2026-02-14 22:00:00,151,88.86,115.95,22.51,17.35,2.36,47.82
4402B,2026-02-14 22:00:00,164,89.19,120.26,8.1,15.31,1.24,35.49
4403B,2026-02-14 22:00:00,59,43.87,34.46,21.8,46.24,0.52,71.55
4404B,2026-02-14 22:00:00,97,55.33,83.69,13.5,15.54,1.12,110.6
4405B,2026-02-14 22:00:00,166,96.26,139.59,28.24,17.17,2.27,73.27
4406B,2026-02-14 22:00:00,155,87.68,136.36,14.25,49.1,2.48,33.37
5101A,2026-02-14 22:00:00,96,56.1,86.13,28.17,29.8,2.08,66.7
5102A,2026-02-14 22:00:00,75,52.29,55.31,5.08,22.89,2.01,72.22
5103A,2026-02-14 22:00:00,154,102.15,134.95,26.7,39.04,0.55,44.3
5104A,2026-02-14 22:00:00,131,69.93,102.39,10.8,34.83,0.63,25.97
5105A,2026-02-14 22:00:00,60,35.64,46.34,9.68,36.92,1.5,39.12
5106A,2026-02-14 22:00:00,84,59.45,75.37,29.66,19.17,1.05,27.19
5107A,2026-02-14 22:00:00,135,74.71,100.1,22.36,20.71,0.82,62.43
1101A,2026-02-14 23:00:00,117,68.09,86.0,18.05,15.23,2.13,61.47
1102A,2026-02-14 23:00:00,157,93.03,126.56,22.02,43.26,0.67,98.0
1103A,2026-02-14 23:00:00,64,38.76,45.46,7.39,22.2,1.16,63.72
1104A,2026-02-14 23:00:00,119,63.51,104.28,14.44,39.29,1.01,83.95
1105A,2026-02-14 23:00:00,35,11.46,41.98,5.48,46.71,1.39,51.8
1106A,2026-02-14 23:00:00,138,81.75,114.82,7.06,15.89,2.49,87.34
1107A,2026-02-14 23:00:00,98,52.03,77.18,25.57,30.84,1.27,87.65
1108A,2026-02-14 23:00:00,129,75.78,107.62,14.07,33.31,1.03,47.17
1109A,2026-02-14 23:00:00,178,112.75,139.45,28.14,31.2,0.5,93.77
1201A,2026-02-14 23:00:00,61,31.0,39.16,17.7,37.09,1.36,56.29
1202A,2026-02-14 23:00:00,156,89.41,133.78,13.7,16.4,1.98,38.22
1203A,2026-02-14 23:00:00,70,51.21,63.36,6.0,35.58,1.6,55.51
1204A,2026-02-14 23:00:00,41,31.16,30.98,11.21,15.21,2.02,69.82
4401A,2026-02-14 23:00:00,120,73.45,82.48,20.79,28.21,0.94,89.43
4402A,2026-02-14 23:00:00,103,64.51,94.66,27.12,42.14,0.71,43.36
4403A,2026-02-14 23:00:00,153,85.37,129.2,11.77,36.55,0.83,94.5
4404A,2026-02-14 23:00:00,127,75.83,97.75,13.89,37.4,1.51,86.02
4405A,2026-02-14 23:00:00,62,42.3,53.31,10.01,46.12,0.59,52.64
4406A,2026-02-14 23:00:00,131,76.58,109.83,22.9,30.75,2.06,84.05
4407A,2026-02-14 23:00:00,141,93.95,108.11,20.81,44.86,0.68,99.18
4408A,2026-02-14 23:00:00,126,74.84,102.84,29.96,30.45,1.16,50.52
4409A,2026-02-14 23:00:00,42,22.88,33.23,7.7,41.21,1.34,104.49
4401B,2026-02-14 23:00:00,38,27.09,24.62,8.2,19.75,1.93,59.04
4402B,2026-02-14 23:00:00,38,28.12,31.63,25.04,44.21,1.7,20.32
4403B,2026-02-14 23:00:00,131,71.56,93.18,7.02,20.63,1.69,88.16
4404B,2026-02-14 23:00:00,145,94.59,117.46,23.3,31.99,2.31,45.04
4405B,2026-02-14 23:00:00,114,77.11,78.56,16.88,32.61,1.82,110.58
4406B,2026-02-14 23:00:00,167,105.47,134.95,6.71,31.84,2.37,82.74
5101A,2026-02-14 23:00:00,178,103.01,152.77,7.42,40.62,1.3,74.31
5102A,2026-02-14 23:00:00,82,56.2,56.11,19.57,45.52,2.42,29.35
5103A,2026-02-14 23:00:00,156,93.54,133.7,28.07,31.3,0.77,110.98
5104A,2026-02-14 23:00:00,41,24.16,25.06,22.72,15.82,1.68,50.34
5105A,2026-02-14 23:00:00,72,44.97,59.57,11.46,49.5,1.69,60.86
5106A,2026-02-14 23:00:00,102,63.91,93.03,27.05,34.25,0.67,81.84
5107A,2026-02-14 23:00:00,174,96.05,131.34,5.09,16.66,0.58,89.24
1101A,2026-02-15 00:00:00,94,48.1,80.75,10.81,16.74,1.97,76.51
1102A,2026-02-15 00:00:00,144,83.1,124.57,28.37,30.63,1.37,63.85
1103A,2026-02-15 00:00:00,165,92.94,145.95,6.69,21.68,1.14,72.88
1104A,2026-02-15 00:00:00,63,36.14,47.81,13.07,23.71,0.8,109.69
1105A,2026-02-15 00:00:00,92,59.3,85.51,11.91,38.2,0.96,51.88
1106A,2026-02-15 00:00:00,119,77.03,100.56,14.5,43.64,1.57,52.07
1107A,2026-02-15 00:00:00,110,67.56,83.06,17.44,30.23,2.44,86.61
1108A,2026-02-15 00:00:00,66,37.4,43.23,7.34,42.5,1.01,106.14
1109A,2026-02-15 00:00:00,159,96.96,126.55,28.82,37.81,1.63,95.44
1201A,2026-02-15 00:00:00,149,95.38,117.11,17.6,35.19,1.53,21.93
1202A,2026-02-15 00:00:00,50,27.31,50.23,10.37,25.52,1.37,90.1
1203A,2026-02-15 00:00:00,89,52.37,64.79,14.44,31.48,1.3,57.21
1204A,2026-02-15 00:00:00,63,47.52,36.98,27.61,21.14,2.4,75.38
4401A,2026-02-15 00:00:00,136,74.03,94.38,28.31,41.46,2.36,51.11
4402A,2026-02-15 00:00:00,159,105.24,141.44,23.37,28.71,0.98,119.47
4403A,2026-02-15 00:00:00,129,68.45,96.47,25.56,20.39,2.04,105.82
4404A,2026-02-15 00:00:00,68,39.95,58.26,26.3,16.82,2.26,76.37
4405A,2026-02-15 00:00:00,57,30.08,34.85,5.17,35.27,2.32,63.75
4406A,2026-02-15 00:00:00,113,75.37,80.19,11.53,49.91,0.7,90.44
4407A,2026-02-15 00:00:00,75,47.13,46.37,28.82,40.19,0.52,104.72
4408A,2026-02-15 00:00:00,90,50.7,67.71,23.05,30.21,2.34,92.12
4409A,2026-02-15 00:00:00,65,35.03,53.07,10.52,45.69,1.65,24.23
4401B,2026-02-15 00:00:00,85,56.79,61.57,22.78,45.01,1.54,28.42
4402B,2026-02-15 00:00:00,132,75.73,112.69,9.14,17.4,0.97,74.32
4403B,2026-02-15 00:00:00,137,78.12,98.19,16.7,35.61,2.33,83.82
4404B,2026-02-15 00:00:00,159,89.65,117.64,26.71,39.14,1.77,74.83
4405B,2026-02-15 00:00:00,76,48.95,74.75,27.55,25.46,2.28,74.41
4406B,2026-02-15 00:00:00,110,65.06,89.3,7.93,40.66,2.06,74.44
5101A,2026-02-15 00:00:00,116,79.29,90.9,13.17,30.77,1.73,106.07
5102A,2026-02-15 00:00:00,60,39.42,61.78,13.13,44.77,1.94,44.98
5103A,2026-02-15 00:00:00,62,33.6,47.55,23.32,22.6,0.94,49.99
5104A,2026-02-15 00:00:00,85,47.42,58.12,20.58,40.67,1.25,26.44
5105A,2026-02-15 00:00:00,109,60.56,72.29,26.21,20.16,1.09,108.8
5106A,2026-02-15 00:00:00,149,94.79,121.2,18.76,49.02,0.97,60.42
5107A,2026-02-15 00:00:00,48,19.91,35.15,15.48,22.78,0.81,74.7
1101A,2026-02-15 01:00:00,30,26.89,9.93,15.8,15.09,2.12,45.76
1102A,2026-02-15 01:00:00,127,72.52,91.44,21.3,43.03,1.36,35.95
1103A,2026-02-15 01:00:00,112,69.84,103.49,21.38,19.91,2.01,62.64
1104A,2026-02-15 01:00:00,140,93.01,120.46,5.77,44.92,0.86,103.24
1105A,2026-02-15 01:00:00,103,59.93,71.28,19.6,18.1,1.3,113.62
1106A,2026-02-15 01:00:00,148,97.24,117.02,13.78,18.12,1.19,95.78
1107A,2026-02-15 01:00:00,166,92.23,127.34,15.72,23.03,2.16,99.6
1108A,2026-02-15 01:00:00,70,46.71,43.06,16.61,38.64,2.47,50.78
1109A,2026-02-15 01:00:00,164,90.48,124.44,24.41,25.38,1.32,90.82
1201A,2026-02-15 01:00:00,77,42.97,73.23,13.17,43.06,2.3,39.61
1202A,2026-02-15 01:00:00,141,90.49,106.02,9.23,41.96,1.78,53.51
1203A,2026-02-15 01:00:00,122,79.89,85.15,27.18,31.1,1.06,99.6
1204A,2026-02-15 01:00:00,58,42.75,42.93,24.78,46.29,2.16,115.16
4401A,2026-02-15 01:00:00,59,32.87,58.22,29.52,40.54,2.47,69.6
4402A,2026-02-15 01:00:00,54,35.55,50.92,14.63,42.74,0.75,69.7
4403A,2026-02-15 01:00:00,180,113.46,153.72,8.79,16.71,0.5,37.24
4404A,2026-02-15 01:00:00,165,94.6,120.64,14.43,33.75,2.4,112.98
4405A,2026-02-15 01:00:00,155,97.3,120.71,6.24,35.93,1.86,96.69
4406A,2026-02-15 01:00:00,85,43.8,58.52,22.27,21.25,0.82,98.69
4407A,2026-02-15 01:00:00,152,86.56,107.72,10.44,30.46,2.09,91.88
4408A,2026-02-15 01:00:00,184,105.76,146.04,22.17,37.07,1.26,82.38
4409A,2026-02-15 01:00:00,80,55.25,67.41,12.65,48.2,1.06,53.33
4401B,2026-02-15 01:00:00,56,41.53,54.99,24.5,21.33,1.02,99.08
4402B,2026-02-15 01:00:00,165,108.55,141.43,20.86,36.14,2.26,108.07
4403B,2026-02-15 01:00:00,30,16.26,30.27,9.88,41.71,0.72,78.69
4404B,2026-02-15 01:00:00,39,32.06,44.03,5.5,45.2,0.86,43.1
4405B,2026-02-15 01:00:00,60,45.67,43.09,20.79,49.11,1.18,109.96
4406B,2026-02-15 01:00:00,91,62.23,60.78,11.4,23.63,0.58,107.38
5101A,2026-02-15 01:00:00,57,41.24,48.73,15.18,23.04,0.74,88.26
5102A,2026-02-15 01:00:00,158,89.64,134.84,24.45,17.46,0.74,57.95
5103A,2026-02-15 01:00:00,106,67.9,81.74,5.65,43.32,1.95,105.01
5104A,2026-02-15 01:00:00,52,27.88,31.8,13.28,16.86,0.7,24.34
5105A,2026-02-15 01:00:00,92,53.47,71.75,25.19,41.13,1.44,25.08
5106A,2026-02-15 01:00:00,75,45.37,48.91,15.11,43.19,1.54,88.21
5107A,2026-02-15 01:00:00,110,63.37,86.99,18.84,41.54,2.01,81.41
1101A,2026-02-15 02:00:00,38,17.17,35.86,7.14,25.92,2.24,116.97
1102A,2026-02-15 02:00:00,150,99.03,132.98,17.98,47.42,0.78,94.3
1103A,2026-02-15 02:00:00,58,44.74,52.08,28.94,39.5,1.48,74.27
1104A,2026-02-15 02:00:00,47,19.56,32.75,21.42,45.7,2.21,106.2
1105A,2026-02-15 02:00:00,177,113.81,146.68,22.34,43.63,1.43,106.47
1106A,2026-02-15 02:00:00,76,55.59,50.92,12.97,26.06,1.1,73.86
1107A,2026-02-15 02:00:00,88,60.72,72.54,28.02,33.44,2.09,25.62
1108A,2026-02-15 02:00:00,110,71.25,76.85,17.07,27.48,0.96,40.54
1109A,2026-02-15 02:00:00,98,68.76,73.93,11.81,23.18,1.17,100.97
1201A,2026-02-15 02:00:00,93,48.19,80.85,15.89,15.16,0.52,97.78
1202A,2026-02-15 02:00:00,117,63.38,98.39,12.95,15.11,1.75,39.88
1203A,2026-02-15 02:00:00,97,52.63,77.92,7.69,36.05,1.06,53.45
1204A,2026-02-15 02:00:00,65,37.79,38.09,12.46,47.36,1.04,23.15
4401A,2026-02-15 02:00:00,106,73.25,78.09,29.74,16.31,2.18,101.06
4402A,2026-02-15 02:00:00,95,48.68,73.88,13.1,29.48,1.23,85.93
4403A,2026-02-15 02:00:00,138,78.85,119.27,14.94,21.31,1.37,63.73
4404A,2026-02-15 02:00:00,183,109.67,143.35,9.38,43.43,1.37,110.68
4405A,2026-02-15 02:00:00,82,40.32,79.55,7.16,22.03,0.81,119.89
4406A,2026-02-15 02:00:00,40,25.23,40.94,24.94,36.74,0.56,85.9
4407A,2026-02-15 02:00:00,103,55.14,92.76,6.15,44.48,1.04,61.37
4408A,2026-02-15 02:00:00,140,90.56,97.52,20.18,39.09,0.92,59.82
4409A,2026-02-15 02:00:00,87,52.07,55.76,26.99,20.49,1.21,96.1
4401B,2026-02-15 02:00:00,43,33.17,23.43,14.16,24.51,2.0,53.18
4402B,2026-02-15 02:00:00,51,23.91,34.65,29.0,26.34,2.33,33.09
4403B,2026-02-15 02:00:00,84,50.63,73.92,11.14,43.62,1.27,115.54
4404B,2026-02-15 02:00:00,111,64.56,77.8,16.77,28.75,2.35,53.13
4405B,2026-02-15 02:00:00,105,72.98,80.48,12.58,27.38,2.21,93.15
4406B,2026-02-15 02:00:00,139,74.14,100.9,10.82,20.78,1.31,82.02
5101A,2026-02-15 02:00:00,45,19.62,30.74,10.34,47.31,0.93,105.56
5102A,2026-02-15 02:00:00,65,41.37,57.33,23.48,31.86,1.11,92.31
5103A,2026-02-15 02:00:00,131,75.78,98.68,11.62,49.06,0.9,33.83
5104A,2026-02-15 02:00:00,134,70.95,115.58,20.47,47.97,0.59,102.78
5105A,2026-02-15 02:00:00,46,34.53,38.74,24.7,27.69,1.11,115.3
5106A,2026-02-15 02:00:00,149,87.22,104.5,10.91,30.09,1.42,30.4
5107A,2026-02-15 02:00:00,60,45.37,34.49,22.39,38.26,0.59,23.97
1101A,2026-02-15 03:00:00,65,46.56,47.78,24.17,37.47,1.94,62.43
1102A,2026-02-15 03:00:00,138,85.6,121.43,26.33,24.18,2.07,119.11
1103A,2026-02-15 03:00:00,111,70.85,75.31,8.05,46.89,2.36,53.8
1104A,2026-02-15 03:00:00,179,108.04,140.46,25.78,40.46,2.03,22.48
1105A,2026-02-15 03:00:00,129,78.47,95.65,9.84,42.74,2.3,105.05
1106A,2026-02-15 03:00:00,159,101.01,141.68,28.03,43.97,1.85,45.08
1107A,2026-02-15 03:00:00,155,86.9,132.79,24.49,36.58,2.22,72.8
1108A,2026-02-15 03:00:00,127,78.14,108.85,26.63,41.5,2.27,80.72
1109A,2026-02-15 03:00:00,109,74.01,73.44,12.13,28.44,2.09,37.39
1201A,2026-02-15 03:00:00,125,78.26,111.12,8.46,26.94,1.42,47.0
1202A,2026-02-15 03:00:00,163,101.03,144.93,22.3,24.86,1.45,28.66
1203A,2026-02-15 03:00:00,110,61.47,78.56,22.73,46.65,0.99,91.45
1204A,2026-02-15 03:00:00,152,87.0,109.08,23.92,49.56,1.42,82.62
4401A,2026-02-15 03:00:00,96,59.84,78.86,27.23,29.05,1.9,57.26
4402A,2026-02-15 03:00:00,68,33.18,53.42,27.03,18.23,1.31,80.53
4403A,2026-02-15 03:00:00,192,117.57,159.28,25.55,19.43,0.89,20.89
4404A,2026-02-15 03:00:00,34,28.68,39.53,21.92,17.92,1.03,54.46
4405A,2026-02-15 03:00:00,47,27.61,50.52,28.06,24.73,0.55,65.89
4406A,2026-02-15 03:00:00,187,118.6,150.19,14.16,28.08,2.38,23.67
4407A,2026-02-15 03:00:00,96,67.02,77.95,20.76,42.04,0.68,99.1
4408A,2026-02-15 03:00:00,55,24.5,52.51,11.99,27.05,1.57,81.84
4409A,2026-02-15 03:00:00,69,43.0,50.25,14.07,34.56,2.38,62.72
4401B,2026-02-15 03:00:00,108,71.79,84.92,11.13,44.78,2.08,84.29
4402B,2026-02-15 03:00:00,102,70.68,72.1,16.4,46.47,0.83,62.58
4403B,2026-02-15 03:00:00,176,109.95,128.0,24.51,31.92,1.02,83.48
4404B,2026-02-15 03:00:00,92,48.9,84.6,15.49,20.12,2.07,41.78
4405B,2026-02-15 03:00:00,34,24.41,32.67,14.51,18.43,1.54,48.48
4406B,2026-02-15 03:00:00,56,32.66,34.9,22.22,18.45,2.42,21.65
5101A,2026-02-15 03:00:00,53,33.87,34.74,27.67,33.54,2.23,73.26
5102A,2026-02-15 03:00:00,69,44.82,44.6,26.6,18.94,0.95,112.6
5103A,2026-02-15 03:00:00,40,20.95,32.0,8.18,31.77,1.38,100.14
5104A,2026-02-15 03:00:00,182,101.78,136.69,13.62,43.69,1.97,108.65
5105A,2026-02-15 03:00:00,132,72.43,115.57,16.27,30.72,1.8,96.22
5106A,2026-02-15 03:00:00,188,105.57,143.27,25.18,45.48,1.74,50.97
5107A,2026-02-15 03:00:00,72,49.36,68.16,26.66,18.82,2.14,74.94
1101A,2026-02-15 04:00:00,135,77.61,101.83,20.56,15.17,0.67,47.92
1102A,2026-02-15 04:00:00,159,99.61,123.8,28.26,48.6,1.55,81.16
1103A,2026-02-15 04:00:00,134,80.21,102.5,14.04,26.59,0.84,44.38
1104A,2026-02-15 04:00:00,132,76.44,92.56,22.54,18.68,1.99,76.7
1105A,2026-02-15 04:00:00,163,88.88,121.75,20.68,48.69,2.28,85.01
1106A,2026-02-15 04:00:00,56,26.93,51.97,11.08,20.15,2.18,89.12
1107A,2026-02-15 04:00:00,34,12.98,18.56,23.59,15.73,1.57,65.45
1108A,2026-02-15 04:00:00,92,60.21,66.53,7.41,43.58,0.81,62.29
1109A,2026-02-15 04:00:00,187,111.65,135.71,19.59,20.47,1.31,78.94
1201A,2026-02-15 04:00:00,101,60.58,90.2,17.7,41.62,2.31,102.22
1202A,2026-02-15 04:00:00,190,109.87,159.69,12.98,17.01,2.05,58.41
1203A,2026-02-15 04:00:00,124,70.09,106.29,29.03,38.16,1.53,50.24
1204A,2026-02-15 04:00:00,90,49.76,61.38,20.26,31.67,1.12,59.28
4401A,2026-02-15 04:00:00,176,102.85,143.97,10.53,21.62,1.38,90.27
4402A,2026-02-15 04:00:00,161,99.89,114.45,10.74,48.98,0.54,26.92
4403A,2026-02-15 04:00:00,102,64.31,78.5,13.14,30.62,1.26,114.65
4404A,2026-02-15 04:00:00,70,49.0,67.52,11.46,46.51,0.92,89.1
4405A,2026-02-15 04:00:00,75,36.5,49.57,12.25,27.03,0.74,21.34
4406A,2026-02-15 04:00:00,107,64.23,97.8,20.94,25.55,1.56,113.35
4407A,2026-02-15 04:00:00,45,25.12,45.23,23.88,47.01,1.41,96.62
4408A,2026-02-15 04:00:00,145,96.37,118.56,26.53,47.85,1.44,109.92
4409A,2026-02-15 04:00:00,173,111.05,144.61,5.3,22.61,0.74,38.43
4401B,2026-02-15 04:00:00,105,70.09,92.39,25.24,23.94,2.24,85.6
4402B,2026-02-15 04:00:00,64,47.0,61.66,25.24,34.59,1.62,89.87
4403B,2026-02-15 04:00:00,45,20.5,37.73,27.07,15.34,1.29,22.78
4404B,2026-02-15 04:00:00,194,122.88,151.0,28.44,23.37,2.14,35.04
4405B,2026-02-15 04:00:00,148,79.46,122.43,16.81,22.54,0.5,33.51
4406B,2026-02-15 04:00:00,138,81.29,97.18,20.34,48.21,0.89,77.47
5101A,2026-02-15 04:00:00,177,107.53,149.37,26.63,30.38,0.57,29.29
5102A,2026-02-15 04:00:00,84,59.07,73.25,12.41,31.95,2.48,22.72
5103A,2026-02-15 04:00:00,112,59.74,78.02,23.92,27.18,2.41,105.76
5104A,2026-02-15 04:00:00,49,24.52,31.77,26.34,43.83,1.46,119.06
5105A,2026-02-15 04:00:00,188,116.85,137.58,29.88,37.77,2.46,72.13
5106A,2026-02-15 04:00:00,155,102.8,111.33,28.51,36.5,1.17,111.77
5107A,2026-02-15 04:00:00,41,28.41,33.02,9.86,27.37,1.07,56.86
1101A,2026-02-15 05:00:00,45,34.35,21.87,22.41,38.33,1.54,84.72
1102A,2026-02-15 05:00:00,195,115.85,156.24,19.54,33.53,1.96,105.86
1103A,2026-02-15 05:00:00,121,79.83,87.59,9.21,27.04,0.75,95.02
1104A,2026-02-15 05:00:00,118,64.25,97.83,13.12,47.29,1.98,87.91
1105A,2026-02-15 05:00:00,65,34.68,40.6,13.24,35.91,2.49,77.48
1106A,2026-02-15 05:00:00,39,28.71,28.75,7.16,36.4,0.52,74.99
1107A,2026-02-15 05:00:00,153,81.82,134.13,10.6,46.8,2.12,63.82
1108A,2026-02-15 05:00:00,131,87.33,101.54,12.47,28.66,0.88,105.17
1109A,2026-02-15 05:00:00,49,37.51,35.93,26.41,21.2,0.72,38.17
1201A,2026-02-15 05:00:00,160,87.64,116.54,17.41,21.29,1.82,110.55
1202A,2026-02-15 05:00:00,58,29.44,59.47,13.61,43.77,0.61,72.98
1203A,2026-02-15 05:00:00,121,68.71,92.73,13.39,19.63,1.41,82.9
1204A,2026-02-15 05:00:00,156,83.96,114.79,11.4,42.2,0.57,76.22
4401A,2026-02-15 05:00:00,191,122.03,145.39,7.4,25.84,1.01,49.88
4402A,2026-02-15 05:00:00,172,99.6,134.44,7.35,23.09,0.94,78.02
4403A,2026-02-15 05:00:00,104,70.96,82.08,22.7,43.92,2.4,56.18
4404A,2026-02-15 05:00:00,69,32.76,59.38,20.04,37.87,0.82,56.78
4405A,2026-02-15 05:00:00,48,28.04,31.98,10.92,23.78,1.56,39.69
4406A,2026-02-15 05:00:00,195,114.05,149.55,28.98,28.08,1.61,65.7
4407A,2026-02-15 05:00:00,175,95.57,154.3,15.1,45.9,0.66,52.09
4408A,2026-02-15 05:00:00,37,22.18,16.33,17.54,26.71,0.72,80.95
4409A,2026-02-15 05:00:00,104,61.48,78.39,7.05,49.69,2.39,25.42
4401B,2026-02-15 05:00:00,65,43.3,37.33,14.01,48.85,1.19,94.33
4402B,2026-02-15 05:00:00,136,89.31,93.85,7.54,36.58,1.91,102.9
4403B,2026-02-15 05:00:00,117,61.28,88.98,20.87,38.53,1.99,45.76
4404B,2026-02-15 05:00:00,63,39.11,50.82,7.3,23.5,1.68,108.98
4405B,2026-02-15 05:00:00,41,17.36,22.56,29.17,28.95,0.71,74.14
4406B,2026-02-15 05:00:00,144,79.73,125.35,18.53,23.71,2.29,54.0
5101A,2026-02-15 05:00:00,160,97.25,118.54,21.88,44.49,1.21,66.81
5102A,2026-02-15 05:00:00,41,24.9,39.4,19.66,19.7,0.98,92.74
5103A,2026-02-15 05:00:00,73,37.99,56.83,13.8,42.56,1.85,107.31
5104A,2026-02-15 05:00:00,52,40.86,29.67,12.38,23.63,1.77,77.42
5105A,2026-02-15 05:00:00,82,39.43,71.84,25.92,32.2,1.74,70.05
5106A,2026-02-15 05:00:00,194,122.15,162.86,5.2,23.42,1.6,105.76
5107A,2026-02-15 05:00:00,39,21.14,17.32,12.51,24.21,1.12,64.12
1101A,2026-02-15 06:00:00,172,107.17,140.76,12.19,37.24,1.56,28.45
1102A,2026-02-15 06:00:00,181,106.68,150.14,24.83,25.59,1.5,71.53
1103A,2026-02-15 06:00:00,197,112.16,171.6,8.68,31.74,1.87,88.97
1104A,2026-02-15 06:00:00,83,47.21,68.92,21.36,49.29,1.38,112.61
1105A,2026-02-15 06:00:00,123,78.81,106.11,13.91,20.45,1.19,58.45
1106A,2026-02-15 06:00:00,143,94.8,110.37,11.99,40.74,1.91,64.48
1107A,2026-02-15 06:00:00,120,66.79,103.69,13.17,37.39,0.61,110.04
1108A,2026-02-15 06:00:00,48,19.5,31.13,21.77,43.96,0.75,84.16
1109A,2026-02-15 06:00:00,77,51.28,57.92,25.5,32.42,2.09,60.41
1201A,2026-02-15 06:00:00,140,78.8,119.19,7.42,44.74,0.51,91.45
1202A,2026-02-15 06:00:00,189,105.38,139.88,18.06,35.52,0.82,47.0
1203A,2026-02-15 06:00:00,136,73.05,95.62,18.01,23.64,0.92,34.72
1204A,2026-02-15 06:00:00,190,120.36,149.76,8.54,34.05,2.3,34.39
4401A,2026-02-15 06:00:00,127,72.25,109.66,19.18,26.14,2.32,60.79
4402A,2026-02-15 06:00:00,124,75.85,85.25,27.43,15.02,1.83,86.35
4403A,2026-02-15 06:00:00,106,62.84,81.74,16.79,44.46,1.18,54.28
4404A,2026-02-15 06:00:00,162,94.52,131.67,28.82,34.12,1.75,105.99
4405A,2026-02-15 06:00:00,77,48.19,72.1,9.47,22.57,0.6,61.13
4406A,2026-02-15 06:00:00,67,44.17,58.42,6.82,41.86,2.06,119.51
4407A,2026-02-15 06:00:00,197,121.52,157.14,22.23,25.81,0.85,100.04
4408A,2026-02-15 06:00:00,50,29.09,33.1,26.17,47.01,0.67,35.76
4409A,2026-02-15 06:00:00,149,97.72,134.01,27.81,44.02,0.63,72.51
4401B,2026-02-15 06:00:00,85,43.18,80.6,18.96,30.41,0.78,50.1
4402B,2026-02-15 06:00:00,106,70.74,80.17,9.37,34.75,1.34,102.17
4403B,2026-02-15 06:00:00,133,80.9,112.34,27.98,32.45,1.71,76.17
4404B,2026-02-15 06:00:00,80,38.65,75.92,17.83,26.57,1.01,108.47
4405B,2026-02-15 06:00:00,80,49.5,57.29,23.69,30.51,1.37,92.53
4406B,2026-02-15 06:00:00,147,85.57,124.85,25.82,20.66,2.2,104.65
5101A,2026-02-15 06:00:00,196,112.6,159.54,16.66,39.99,1.26,114.25
5102A,2026-02-15 06:00:00,197,113.67,145.49,6.82,44.04,2.4,71.78
5103A,2026-02-15 06:00:00,106,55.06,94.32,19.24,36.99,1.31,43.15
5104A,2026-02-15 06:00:00,163,97.72,130.15,10.99,30.69,1.7,20.28
5105A,2026-02-15 06:00:00,155,94.77,117.56,19.56,46.64,1.9,37.37
5106A,2026-02-15 06:00:00,50,39.6,50.18,23.57,20.57,2.31,79.54
5107A,2026-02-15 06:00:00,135,78.94,109.32,26.85,33.38,2.37,51.35
1101A,2026-02-15 07:00:00,128,80.8,87.53,19.76,40.8,0.88,64.17
1102A,2026-02-15 07:00:00,35,21.53,28.36,21.71,46.59,1.58,111.28
1103A,2026-02-15 07:00:00,89,60.52,67.55,24.25,38.87,0.54,71.79
1104A,2026-02-15 07:00:00,86,56.09,75.65,24.18,48.25,2.3,98.53
1105A,2026-02-15 07:00:00,41,24.24,45.26,8.5,25.53,1.92,40.41
1106A,2026-02-15 07:00:00,82,44.05,54.52,22.24,16.76,0.81,24.98
1107A,2026-02-15 07:00:00,198,124.96,146.15,25.65,31.89,0.86,96.02
1108A,2026-02-15 07:00:00,206,128.63,152.28,5.94,44.8,1.44,51.31
1109A,2026-02-15 07:00:00,176,96.74,150.06,10.56,21.91,0.86,36.98
1201A,2026-02-15 07:00:00,148,92.47,114.65,14.98,17.38,0.64,113.87
1202A,2026-02-15 07:00:00,103,55.54,79.8,6.12,45.82,1.17,57.09
1203A,2026-02-15 07:00:00,136,85.39,111.54,5.81,15.45,0.54,29.66
1204A,2026-02-15 07:00:00,104,60.33,73.37,13.59,32.33,0.55,74.03
4401A,2026-02-15 07:00:00,210,121.83,174.72,28.94,43.35,2.0,30.38
4402A,2026-02-15 07:00:00,104,55.23,86.32,19.26,27.63,1.27,98.9
4403A,2026-02-15 07:00:00,163,92.89,115.75,15.34,16.61,2.17,51.15
4404A,2026-02-15 07:00:00,185,109.1,154.74,24.36,35.03,1.25,38.98
4405A,2026-02-15 07:00:00,110,63.59,78.77,29.71,34.79,1.97,63.44
4406A,2026-02-15 07:00:00,143,91.61,106.78,5.65,24.46,1.89,45.51
4407A,2026-02-15 07:00:00,66,38.06,44.36,20.3,43.7,1.04,42.95
4408A,2026-02-15 07:00:00,129,83.1,95.48,17.23,32.32,0.69,38.23
4409A,2026-02-15 07:00:00,170,96.46,145.08,12.99,17.01,2.14,94.88
4401B,2026-02-15 07:00:00,168,91.5,140.74,11.44,19.36,1.09,114.11
4402B,2026-02-15 07:00:00,63,40.61,46.05,18.21,49.04,2.06,91.78
4403B,2026-02-15 07:00:00,206,115.24,151.43,17.9,30.4,0.91,41.74
4404B,2026-02-15 07:00:00,135,78.4,101.44,16.58,22.99,2.19,29.95
4405B,2026-02-15 07:00:00,182,113.38,147.66,12.71,19.95,1.48,104.02
4406B,2026-02-15 07:00:00,152,93.2,136.37,22.14,17.8,1.84,115.18
5101A,2026-02-15 07:00:00,109,65.11,94.04,17.5,16.84,2.08,69.18
5102A,2026-02-15 07:00:00,135,77.78,114.04,15.91,34.87,0.58,118.39
5103A,2026-02-15 07:00:00,152,94.9,107.07,9.03,48.81,1.53,36.47
5104A,2026-02-15 07:00:00,151,85.07,125.7,13.97,20.79,1.78,65.1
5105A,2026-02-15 07:00:00,146,85.98,116.5,14.05,26.62,0.98,119.32
5106A,2026-02-15 07:00:00,198,128.08,165.57,29.87,31.7,1.19,40.78
5107A,2026-02-15 07:00:00,163,103.6,139.99,28.74,31.66,0.97,21.55
1101A,2026-02-15 08:00:00,51,21.4,42.94,16.06,45.64,1.83,54.82
1102A,2026-02-15 08:00:00,183,116.87,150.13,19.8,39.63,1.77,63.44
1103A,2026-02-15 08:00:00,50,34.2,41.02,26.32,29.49,0.57,55.77
1104A,2026-02-15 08:00:00,85,49.87,60.35,19.64,44.22,1.2,49.91
1105A,2026-02-15 08:00:00,178,106.61,137.04,12.53,45.78,0.57,40.88
1106A,2026-02-15 08:00:00,38,14.65,33.49,16.34,39.26,2.41,113.84
1107A,2026-02-15 08:00:00,176,111.06,128.46,18.44,18.6,1.6,54.79
1108A,2026-02-15 08:00:00,139,77.38,105.21,13.25,29.0,1.36,83.67
1109A,2026-02-15 08:00:00,193,119.72,149.34,17.51,18.58,2.28,39.12
1201A,2026-02-15 08:00:00,82,52.76,79.29,24.22,35.92,0.56,82.59
1202A,2026-02-15 08:00:00,115,70.4,87.94,23.9,21.86,1.51,55.48
1203A,2026-02-15 08:00:00,86,46.86,65.51,11.24,48.24,0.95,25.36
1204A,2026-02-15 08:00:00,162,99.43,124.7,23.36,39.68,1.22,21.16
4401A,2026-02-15 08:00:00,170,100.52,137.79,16.65,15.55,1.72,44.46
4402A,2026-02-15 08:00:00,105,71.61,80.72,26.65,35.87,1.38,26.55
4403A,2026-02-15 08:00:00,166,102.11,145.24,22.03,24.04,2.23,114.25
4404A,2026-02-15 08:00:00,128,80.2,105.35,22.53,44.07,2.24,81.69
4405A,2026-02-15 08:00:00,147,97.65,123.64,20.28,38.97,1.87,22.69
4406A,2026-02-15 08:00:00,81,39.38,59.85,14.2,35.28,1.12,27.41
4407A,2026-02-15 08:00:00,80,56.2,69.45,17.45,16.01,2.0,83.48
4408A,2026-02-15 08:00:00,181,117.58,132.42,20.23,28.53,1.97,91.65
4409A,2026-02-15 08:00:00,200,113.48,166.07,12.39,17.33,2.14,119.67
4401B,2026-02-15 08:00:00,98,68.01,73.27,5.12,15.44,1.84,71.19
4402B,2026-02-15 08:00:00,159,93.71,140.78,6.18,23.81,1.35,103.71
4403B,2026-02-15 08:00:00,80,49.19,66.95,27.88,47.41,1.46,69.49
4404B,2026-02-15 08:00:00,106,55.99,72.74,22.88,35.89,1.47,27.51
4405B,2026-02-15 08:00:00,206,118.82,159.87,23.89,19.49,1.37,64.39
4406B,2026-02-15 08:00:00,51,21.46,53.53,9.65,26.4,1.4,103.72
5101A,2026-02-15 08:00:00,150,82.99,112.46,22.87,22.68,0.59,47.68
5102A,2026-02-15 08:00:00,182,113.07,145.49,11.15,33.76,1.23,82.63
5103A,2026-02-15 08:00:00,118,79.05,108.08,26.16,29.43,1.76,34.29
5104A,2026-02-15 08:00:00,103,56.92,94.72,12.14,28.18,1.19,27.48
5105A,2026-02-15 08:00:00,70,49.79,44.77,8.21,22.47,1.72,74.81
5106A,2026-02-15 08:00:00,45,34.16,30.43,15.0,23.08,2.45,86.9
5107A,2026-02-15 08:00:00,54,23.87,31.77,21.99,17.87,0.94,35.79
1101A,2026-02-15 09:00:00,101,65.27,71.13,10.71,28.92,0.64,92.59
1102A,2026-02-15 09:00:00,117,63.93,87.51,18.64,49.88,1.84,93.69
1103A,2026-02-15 09:00:00,85,54.21,72.01,15.44,35.14,1.81,113.35
1104A,2026-02-15 09:00:00,215,127.78,183.62,27.48,25.98,1.82,34.43
1105A,2026-02-15 09:00:00,151,92.63,128.85,5.07,29.37,2.24,38.13
1106A,2026-02-15 09:00:00,39,25.75,16.53,10.18,43.91,1.82,70.17
1107A,2026-02-15 09:00:00,138,77.3,123.8,21.96,45.73,0.91,111.93
1108A,2026-02-15 09:00:00,56,31.01,35.19,19.42,39.15,2.03,90.97
1109A,2026-02-15 09:00:00,171,94.07,130.04,20.9,19.47,1.07,35.88
1201A,2026-02-15 09:00:00,128,71.59,90.78,7.17,24.19,1.95,106.99
1202A,2026-02-15 09:00:00,189,116.27,140.09,26.01,28.53,2.27,84.23
1203A,2026-02-15 09:00:00,56,23.64,39.44,26.27,21.34,1.81,97.1
1204A,2026-02-15 09:00:00,149,97.78,104.47,11.47,47.03,2.25,54.84
4401A,2026-02-15 09:00:00,36,15.43,41.19,25.02,31.37,2.46,46.19
4402A,2026-02-15 09:00:00,82,46.39,77.33,12.05,47.3,2.22,31.56
4403A,2026-02-15 09:00:00,145,96.66,109.57,28.7,15.57,0.94,28.0
4404A,2026-02-15 09:00:00,173,109.36,129.8,20.45,21.92,1.55,119.41
4405A,2026-02-15 09:00:00,181,99.58,153.53,15.36,45.9,0.73,50.69
4406A,2026-02-15 09:00:00,90,51.11,80.7,9.37,37.05,1.68,72.93
4407A,2026-02-15 09:00:00,207,124.68,176.29,29.31,35.58,2.3,95.94
4408A,2026-02-15 09:00:00,219,124.65,162.38,22.2,17.94,1.91,29.78
4409A,2026-02-15 09:00:00,158,86.55,115.3,6.37,18.36,0.55,115.45
4401B,2026-02-15 09:00:00,154,89.51,108.24,22.57,28.74,2.08,82.34
4402B,2026-02-15 09:00:00,39,17.45,39.37,17.75,23.27,1.0,115.96
4403B,2026-02-15 09:00:00,58,28.09,38.35,8.99,30.5,1.83,109.77
4404B,2026-02-15 09:00:00,132,81.55,91.42,5.6,27.02,2.21,93.04
4405B,2026-02-15 09:00:00,188,107.01,138.81,15.34,43.67,0.79,63.3
4406B,2026-02-15 09:00:00,150,92.83,131.84,25.51,19.78,1.31,49.58
5101A,2026-02-15 09:00:00,106,57.35,86.92,9.57,39.01,0.87,85.88
5102A,2026-02-15 09:00:00,82,47.61,57.95,26.8,43.23,1.95,28.78
5103A,2026-02-15 09:00:00,172,94.81,139.65,13.46,44.78,0.87,109.34
5104A,2026-02-15 09:00:00,112,71.77,100.93,27.1,30.5,1.31,79.76
5105A,2026-02-15 09:00:00,208,121.34,157.7,15.5,21.25,1.99,113.24
5106A,2026-02-15 09:00:00,139,85.86,97.02,23.92,49.52,1.7,71.21
5107A,2026-02-15 09:00:00,109,73.45,96.02,12.6,20.65,2.18,28.12
1101A,2026-02-15 10:00:00,81,39.09,64.49,21.62,30.18,1.95,50.89
1102A,2026-02-15 10:00:00,82,44.84,71.47,22.62,31.38,0.96,26.01
1103A,2026-02-15 10:00:00,75,42.07,49.78,22.98,45.89,1.8,119.32
1104A,2026-02-15 10:00:00,132,85.47,93.85,7.51,28.95,0.55,63.63
1105A,2026-02-15 10:00:00,162,101.53,119.81,5.35,17.44,2.03,44.65
1106A,2026-02-15 10:00:00,55,24.78,44.97,9.62,19.07,1.87,77.94
1107A,2026-02-15 10:00:00,186,105.3,141.91,10.43,49.59,0.85,111.81
1108A,2026-02-15 10:00:00,130,71.68,111.89,7.21,42.84,0.58,92.73
1109A,2026-02-15 10:00:00,62,39.73,45.28,7.47,47.18,2.47,61.57
1201A,2026-02-15 10:00:00,168,101.42,119.92,27.16,16.35,0.62,84.53
1202A,2026-02-15 10:00:00,175,106.95,141.75,24.41,15.42,1.35,27.16
1203A,2026-02-15 10:00:00,142,94.58,102.64,26.92,31.83,1.0,36.15
1204A,2026-02-15 10:00:00,158,90.38,135.53,26.39,34.17,2.0,57.48
4401A,2026-02-15 10:00:00,72,38.52,55.08,11.64,32.6,1.04,116.69
4402A,2026-02-15 10:00:00,56,37.74,49.29,18.21,23.5,1.63,55.24
4403A,2026-02-15 10:00:00,115,68.38,91.01,16.35,41.47,2.39,24.37
4404A,2026-02-15 10:00:00,52,25.0,49.42,8.69,49.49,0.72,36.84
4405A,2026-02-15 10:00:00,87,54.17,82.34,21.75,34.15,1.28,40.12
4406A,2026-02-15 10:00:00,147,96.63,106.48,13.22,44.69,2.18,62.23
4407A,2026-02-15 10:00:00,198,120.59,159.32,27.83,18.57,1.09,31.48
4408A,2026-02-15 10:00:00,78,55.65,67.08,26.29,22.74,2.29,65.45
4409A,2026-02-15 10:00:00,188,110.48,153.73,17.48,47.21,1.11,76.47
4401B,2026-02-15 10:00:00,107,67.64,77.68,6.78,28.24,1.47,91.8
4402B,2026-02-15 10:00:00,42,32.82,30.04,20.49,27.46,0.81,108.55
4403B,2026-02-15 10:00:00,132,86.29,91.04,22.93,46.65,1.32,98.4
4404B,2026-02-15 10:00:00,223,126.95,182.49,26.29,47.67,1.36,83.75
4405B,2026-02-15 10:00:00,70,45.49,52.8,11.73,25.11,2.12,39.37
4406B,2026-02-15 10:00:00,98,62.01,85.46,16.59,29.05,2.22,60.88
5101A,2026-02-15 10:00:00,88,46.92,58.73,22.75,29.87,0.63,77.62
5102A,2026-02-15 10:00:00,86,56.87,63.93,26.85,26.45,1.72,52.33
5103A,2026-02-15 10:00:00,205,115.05,149.43,28.82,37.37,1.45,45.59
5104A,2026-02-15 10:00:00,211,131.42,175.92,19.78,42.03,1.52,58.75
5105A,2026-02-15 10:00:00,211,124.82,156.71,17.34,38.27,2.22,90.73
5106A,2026-02-15 10:00:00,47,21.33,28.78,7.33,41.1,0.75,25.79
5107A,2026-02-15 10:00:00,88,55.59,69.58,26.5,38.34,0.52,51.18
1101A,2026-02-15 11:00:00,156,84.84,127.9,28.29,40.96,0.53,24.25
1102A,2026-02-15 11:00:00,195,113.21,164.17,24.65,23.52,1.35,107.71
1103A,2026-02-15 11:00:00,110,58.77,95.66,26.81,15.14,1.39,36.04
1104A,2026-02-15 11:00:00,204,125.5,152.54,10.77,15.08,1.26,86.79
1105A,2026-02-15 11:00:00,103,61.65,89.82,21.3,41.54,1.27,116.38
1106A,2026-02-15 11:00:00,147,91.05,104.54,15.55,18.66,0.66,22.61
1107A,2026-02-15 11:00:00,196,126.42,159.04,11.38,19.93,1.06,65.71
1108A,2026-02-15 11:00:00,202,124.59,161.85,13.99,42.23,0.6,45.22
1109A,2026-02-15 11:00:00,140,79.56,102.03,17.44,18.35,2.46,92.45
1201A,2026-02-15 11:00:00,200,121.78,166.54,5.19,35.71,2.43,25.96
1202A,2026-02-15 11:00:00,57,32.93,59.02,13.62,16.8,2.14,103.51
1203A,2026-02-15 11:00:00,225,127.52,184.02,20.12,19.0,2.43,83.21
1204A,2026-02-15 11:00:00,110,74.21,101.28,12.32,40.02,2.2,106.75
4401A,2026-02-15 11:00:00,127,78.22,112.25,24.72,29.32,0.62,97.97
4402A,2026-02-15 11:00:00,193,116.4,146.14,27.14,24.27,1.96,99.48
4403A,2026-02-15 11:00:00,127,71.35,113.4,16.68,49.04,1.52,43.72
4404A,2026-02-15 11:00:00,225,143.61,166.07,21.35,43.73,1.94,54.8
4405A,2026-02-15 11:00:00,93,46.66,62.35,9.77,49.81,0.8,79.6
4406A,2026-02-15 11:00:00,117,62.16,80.89,12.35,38.51,2.34,113.06
4407A,2026-02-15 11:00:00,131,78.81,91.77,22.91,40.31,1.72,105.37
4408A,2026-02-15 11:00:00,193,114.36,150.5,16.66,39.49,2.09,73.56
4409A,2026-02-15 11:00:00,99,59.91,76.32,20.39,29.87,1.0,53.05
4401B,2026-02-15 11:00:00,117,76.82,91.43,8.45,39.61,2.5,49.46
4402B,2026-02-15 11:00:00,56,26.82,29.93,8.85,47.49,1.3,57.85
4403B,2026-02-15 11:00:00,179,112.84,154.49,11.16,18.43,0.83,116.03
4404B,2026-02-15 11:00:00,205,125.2,155.2,21.93,19.21,2.05,107.55
4405B,2026-02-15 11:00:00,38,26.77,25.26,20.77,38.0,0.99,63.89
4406B,2026-02-15 11:00:00,215,131.44,166.04,19.95,44.52,1.68,111.4
5101A,2026-02-15 11:00:00,39,29.51,24.57,15.68,49.02,2.04,106.36
5102A,2026-02-15 11:00:00,61,37.33,42.28,21.87,44.61,2.46,82.73
5103A,2026-02-15 11:00:00,121,62.92,87.49,22.92,32.31,1.35,44.51
5104A,2026-02-15 11:00:00,67,32.24,43.28,17.17,32.68,1.56,95.5
5105A,2026-02-15 11:00:00,151,89.14,108.07,17.01,25.05,1.48,57.05
5106A,2026-02-15 11:00:00,126,81.5,108.28,17.62,16.71,1.21,70.16
5107A,2026-02-15 11:00:00,132,89.06,102.07,13.13,42.85,1.88,117.64
1101A,2026-02-15 12:00:00,178,114.29,147.46,6.1,16.61,0.54,34.93
1102A,2026-02-15 12:00:00,96,56.71,63.9,21.66,20.09,1.08,75.49
1103A,2026-02-15 12:00:00,143,92.94,107.58,17.68,32.21,1.03,29.51
1104A,2026-02-15 12:00:00,89,49.75,64.28,21.74,37.13,1.51,93.87
1105A,2026-02-15 12:00:00,206,120.12,160.02,13.87,34.96,1.91,94.79
1106A,2026-02-15 12:00:00,76,37.1,74.36,7.89,18.23,0.61,94.83
1107A,2026-02-15 12:00:00,161,105.15,140.16,19.84,31.71,0.74,102.28
1108A,2026-02-15 12:00:00,70,36.86,44.81,6.83,39.33,1.77,63.62
1109A,2026-02-15 12:00:00,152,91.82,111.98,5.96,32.75,1.59,35.15
1201A,2026-02-15 12:00:00,192,105.31,144.44,6.77,26.14,2.48,21.93
1202A,2026-02-15 12:00:00,130,73.81,112.58,20.57,38.19,1.43,20.69
1203A,2026-02-15 12:00:00,115,75.14,86.48,24.32,16.44,2.46,59.45
1204A,2026-02-15 12:00:00,84,56.95,73.15,29.88,45.16,1.67,31.55
4401A,2026-02-15 12:00:00,197,122.81,167.79,26.05,23.85,0.86,87.25
4402A,2026-02-15 12:00:00,191,106.9,163.52,15.75,37.74,2.01,84.87
4403A,2026-02-15 12:00:00,172,108.39,143.67,7.03,33.84,2.15,47.15
4404A,2026-02-15 12:00:00,141,82.57,122.39,12.43,39.85,0.59,111.9
4405A,2026-02-15 12:00:00,201,117.08,158.56,7.27,17.6,1.96,73.01
4406A,2026-02-15 12:00:00,105,60.18,71.5,10.52,27.7,1.28,107.17
4407A,2026-02-15 12:00:00,91,47.92,67.44,19.72,44.48,0.56,105.07
4408A,2026-02-15 12:00:00,156,99.67,131.19,18.11,36.02,2.08,58.96
4409A,2026-02-15 12:00:00,91,47.79,84.02,8.23,21.44,1.28,77.96
4401B,2026-02-15 12:00:00,70,44.92,49.94,11.52,29.03,1.37,25.23
4402B,2026-02-15 12:00:00,193,115.49,158.98,20.02,45.51,1.18,100.68
4403B,2026-02-15 12:00:00,130,76.53,102.37,12.29,29.82,0.5,22.5
4404B,2026-02-15 12:00:00,206,119.68,162.5,13.65,31.92,1.82,102.56
4405B,2026-02-15 12:00:00,171,111.38,134.49,27.35,19.43,2.18,53.22
4406B,2026-02-15 12:00:00,120,66.23,105.06,24.06,31.09,0.93,115.86
5101A,2026-02-15 12:00:00,230,146.14,183.31,28.8,28.64,2.22,55.21
5102A,2026-02-15 12:00:00,208,122.7,179.65,9.44,41.62,1.35,26.87
5103A,2026-02-15 12:00:00,39,32.3,45.92,6.91,24.65,1.7,59.2
5104A,2026-02-15 12:00:00,137,76.98,95.74,14.39,31.65,1.83,55.06
5105A,2026-02-15 12:00:00,106,68.2,79.62,28.73,28.16,2.48,34.14
5106A,2026-02-15 12:00:00,63,31.66,47.88,13.74,19.11,0.79,110.82
5107A,2026-02-15 12:00:00,59,25.8,46.43,20.35,24.69,1.15,102.77
1101A,2026-02-15 13:00:00,177,96.59,150.33,28.73,31.11,1.18,28.24
1102A,2026-02-15 13:00:00,44,27.39,22.69,18.0,34.96,1.59,74.51
1103A,2026-02-15 13:00:00,189,114.62,142.1,15.75,31.06,0.88,56.02
1104A,2026-02-15 13:00:00,91,55.17,66.18,19.31,48.95,2.01,111.04
1105A,2026-02-15 13:00:00,216,127.52,170.24,10.97,39.12,1.37,79.76
1106A,2026-02-15 13:00:00,137,83.13,106.58,27.97,40.59,1.23,86.03
1107A,2026-02-15 13:00:00,51,40.19,48.01,27.64,25.08,1.94,30.36
1108A,2026-02-15 13:00:00,188,117.76,147.73,9.18,48.98,2.26,117.05
1109A,2026-02-15 13:00:00,73,47.89,49.94,18.94,43.53,1.96,25.76
1201A,2026-02-15 13:00:00,221,135.76,164.42,20.06,46.45,1.51,93.63
1202A,2026-02-15 13:00:00,229,145.3,197.39,13.59,29.38,1.63,93.5
1203A,2026-02-15 13:00:00,169,98.95,129.15,25.53,33.41,1.78,52.87
1204A,2026-02-15 13:00:00,77,44.21,62.14,13.84,43.36,0.72,20.28
4401A,2026-02-15 13:00:00,172,105.16,136.92,21.39,19.45,1.4,53.55
4402A,2026-02-15 13:00:00,207,115.6,164.19,27.95,25.22,1.46,72.78
4403A,2026-02-15 13:00:00,51,31.55,42.15,22.67,41.43,0.84,110.78
4404A,2026-02-15 13:00:00,223,130.5,165.0,7.7,43.44,0.96,42.17
4405A,2026-02-15 13:00:00,61,46.56,41.42,27.47,32.78,2.12,31.34
4406A,2026-02-15 13:00:00,112,67.88,94.14,20.26,17.09,0.66,57.52
4407A,2026-02-15 13:00:00,112,60.2,86.62,15.66,16.63,1.82,70.14
4408A,2026-02-15 13:00:00,104,55.06,88.38,16.01,37.25,1.58,21.15
4409A,2026-02-15 13:00:00,45,29.82,29.29,18.17,33.37,1.27,42.1
4401B,2026-02-15 13:00:00,147,96.82,120.38,11.37,20.24,1.81,30.59
4402B,2026-02-15 13:00:00,172,100.84,143.75,9.97,44.43,1.83,46.17
4403B,2026-02-15 13:00:00,140,79.96,114.45,7.51,46.63,0.96,106.16
4404B,2026-02-15 13:00:00,215,138.35,168.08,10.44,16.93,1.63,92.35
4405B,2026-02-15 13:00:00,80,41.86,56.12,12.29,49.79,2.36,93.58
4406B,2026-02-15 13:00:00,184,110.42,159.99,20.8,16.27,1.76,53.29
5101A,2026-02-15 13:00:00,51,25.1,37.72,17.0,37.71,2.32,111.36
5102A,2026-02-15 13:00:00,108,61.97,74.62,24.69,23.02,0.89,91.95
5103A,2026-02-15 13:00:00,86,59.66,63.14,15.58,23.42,1.43,70.25
5104A,2026-02-15 13:00:00,104,64.54,81.9,6.07,18.34,2.14,118.29
5105A,2026-02-15 13:00:00,38,21.61,25.39,21.93,42.36,2.19,93.89
5106A,2026-02-15 13:00:00,141,78.48,113.14,6.92,28.49,2.2,104.48
5107A,2026-02-15 13:00:00,155,87.1,126.19,29.77,38.97,2.35,38.75
1101A,2026-02-15 14:00:00,123,67.63,109.47,29.46,36.08,0.52,98.63
1102A,2026-02-15 14:00:00,163,97.67,131.43,12.81,37.48,1.72,69.57
1103A,2026-02-15 14:00:00,150,82.71,113.25,27.3,20.31,1.16,87.73
1104A,2026-02-15 14:00:00,46,34.88,46.96,16.19,19.91,0.72,32.11
1105A,2026-02-15 14:00:00,208,133.47,174.54,29.32,40.36,2.39,63.41
1106A,2026-02-15 14:00:00,200,110.12,150.49,5.23,24.03,0.88,99.96
1107A,2026-02-15 14:00:00,117,64.4,101.91,9.7,38.2,0.9,109.04
1108A,2026-02-15 14:00:00,163,102.37,135.09,16.4,39.71,0.5,37.38
1109A,2026-02-15 14:00:00,80,50.66,72.97,12.16,39.1,1.44,53.9
1201A,2026-02-15 14:00:00,162,94.7,132.45,20.0,37.46,1.6,74.63
1202A,2026-02-15 14:00:00,152,86.39,121.61,6.3,41.61,0.5,42.09
1203A,2026-02-15 14:00:00,97,48.75,70.35,19.79,23.37,2.02,60.5
1204A,2026-02-15 14:00:00,120,76.59,106.49,28.36,20.54,1.15,98.66
4401A,2026-02-15 14:00:00,205,127.34,149.83,18.94,19.04,2.04,68.8
4402A,2026-02-15 14:00:00,170,97.07,126.63,15.57,33.2,1.32,43.69
4403A,2026-02-15 14:00:00,147,84.13,118.99,25.0,21.67,1.72,46.62
4404A,2026-02-15 14:00:00,222,134.02,180.01,24.7,40.41,2.33,54.68
4405A,2026-02-15 14:00:00,68,46.18,58.72,17.65,46.87,0.69,98.46
4406A,2026-02-15 14:00:00,100,69.61,72.79,27.91,17.2,1.72,98.97
4407A,2026-02-15 14:00:00,122,73.85,103.59,25.33,19.94,2.47,72.55
4408A,2026-02-15 14:00:00,212,132.11,172.47,24.84,41.34,0.68,107.93
4409A,2026-02-15 14:00:00,86,51.8,62.03,10.14,40.81,2.27,111.48
4401B,2026-02-15 14:00:00,92,53.31,67.63,8.46,37.7,1.4,82.93
4402B,2026-02-15 14:00:00,181,117.7,133.55,21.76,18.45,1.14,105.63
4403B,2026-02-15 14:00:00,168,100.28,128.25,13.07,29.18,2.45,86.04
4404B,2026-02-15 14:00:00,133,76.59,93.79,17.28,47.05,1.35,108.63
4405B,2026-02-15 14:00:00,103,58.83,92.38,22.79,37.68,2.19,51.02
4406B,2026-02-15 14:00:00,78,46.76,59.7,19.58,26.69,0.54,25.54
5101A,2026-02-15 14:00:00,108,72.12,83.87,8.4,46.72,1.96,103.59
5102A,2026-02-15 14:00:00,195,126.24,163.79,29.65,20.45,1.77,100.93
5103A,2026-02-15 14:00:00,146,86.6,108.06,16.74,18.8,0.72,73.49
5104A,2026-02-15 14:00:00,121,63.8,103.53,15.42,29.8,1.54,92.76
5105A,2026-02-15 14:00:00,131,72.66,97.72,7.11,33.01,0.62,21.46
5106A,2026-02-15 14:00:00,55,36.72,33.08,26.86,28.02,1.34,92.75
5107A,2026-02-15 14:00:00,175,101.7,141.63,5.35,40.93,0.53,23.01
1101A,2026-02-15 15:00:00,68,36.65,59.88,26.55,37.17,2.01,65.39
1102A,2026-02-15 15:00:00,78,37.7,48.42,7.19,37.22,0.82,99.26
1103A,2026-02-15 15:00:00,144,96.25,123.56,29.53,43.13,2.28,92.91
1104A,2026-02-15 15:00:00,101,69.39,73.98,10.47,34.7,2.16,104.17
1105A,2026-02-15 15:00:00,173,113.46,151.49,18.27,38.43,1.29,108.26
1106A,2026-02-15 15:00:00,49,20.41,27.15,25.03,46.79,2.05,99.54
1107A,2026-02-15 15:00:00,66,35.36,53.99,19.87,33.3,2.46,67.48
1108A,2026-02-15 15:00:00,216,131.28,177.25,22.26,30.05,0.75,26.25
1109A,2026-02-15 15:00:00,124,72.07,107.5,24.19,22.17,2.0,83.79
1201A,2026-02-15 15:00:00,220,132.59,172.79,21.73,15.64,1.39,75.14
1202A,2026-02-15 15:00:00,53,23.79,52.16,21.8,47.17,1.21,67.37
1203A,2026-02-15 15:00:00,124,72.97,103.02,11.81,31.94,0.77,75.3
1204A,2026-02-15 15:00:00,158,85.62,128.55,23.21,45.58,0.66,114.87
4401A,2026-02-15 15:00:00,171,107.53,134.26,29.37,17.11,1.05,82.72
4402A,2026-02-15 15:00:00,140,84.93,101.04,17.85,24.67,1.8,93.96
4403A,2026-02-15 15:00:00,161,98.37,140.71,10.39,22.23,0.83,70.61
4404A,2026-02-15 15:00:00,209,116.08,170.52,29.61,30.21,0.82,66.75
4405A,2026-02-15 15:00:00,36,18.33,24.32,12.75,33.09,1.07,60.12
4406A,2026-02-15 15:00:00,73,47.44,44.5,5.73,19.11,1.4,105.42
4407A,2026-02-15 15:00:00,181,99.73,155.31,21.87,35.38,2.2,60.23
4408A,2026-02-15 15:00:00,101,55.79,89.25,23.38,28.4,2.27,40.42
4409A,2026-02-15 15:00:00,123,77.44,85.62,15.27,32.77,2.45,96.35
4401B,2026-02-15 15:00:00,94,53.35,73.83,7.39,24.82,1.83,44.24
4402B,2026-02-15 15:00:00,55,27.58,32.64,23.71,20.47,1.13,108.15
4403B,2026-02-15 15:00:00,98,51.68,65.43,24.84,38.01,0.7,113.27
4404B,2026-02-15 15:00:00,173,96.53,147.89,25.47,22.85,0.61,59.81
4405B,2026-02-15 15:00:00,47,23.25,28.44,16.57,42.2,2.1,61.42
4406B,2026-02-15 15:00:00,197,126.8,159.96,5.99,29.79,0.77,39.13
5101A,2026-02-15 15:00:00,45,20.85,23.66,6.57,29.47,2.15,49.83
5102A,2026-02-15 15:00:00,184,117.36,148.49,24.21,15.33,1.78,83.08
5103A,2026-02-15 15:00:00,111,62.45,103.4,6.81,33.0,1.74,43.97
5104A,2026-02-15 15:00:00,181,100.52,148.35,12.59,43.12,1.37,58.32
5105A,2026-02-15 15:00:00,139,87.53,105.31,24.38,40.32,1.25,100.69
5106A,2026-02-15 15:00:00,50,39.04,49.96,21.27,34.59,1.31,25.39
5107A,2026-02-15 15:00:00,158,103.93,134.04,10.93,31.38,1.65,70.61
1101A,2026-02-15 16:00:00,111,68.92,81.76,22.6,44.91,1.96,68.09
1102A,2026-02-15 16:00:00,78,41.89,72.78,14.33,46.01,2.35,37.56
1103A,2026-02-15 16:00:00,97,59.49,77.83,7.96,49.92,1.1,21.65
1104A,2026-02-15 16:00:00,117,67.13,99.75,5.86,28.17,2.48,92.72
1105A,2026-02-15 16:00:00,96,53.26,75.55,22.11,15.2,1.93,66.95
1106A,2026-02-15 16:00:00,147,80.75,118.84,14.8,19.9,1.7,77.13
1107A,2026-02-15 16:00:00,63,31.62,63.36,12.96,40.04,1.03,91.81
1108A,2026-02-15 16:00:00,148,92.15,133.28,25.49,35.46,1.58,34.17
1109A,2026-02-15 16:00:00,114,74.3,78.21,26.35,17.67,0.63,50.14
1201A,2026-02-15 16:00:00,198,112.42,143.8,29.71,45.57,2.16,35.36
1202A,2026-02-15 16:00:00,201,116.99,168.47,5.32,42.43,1.08,93.47
1203A,2026-02-15 16:00:00,157,92.27,138.67,18.56,32.87,2.35,59.0
1204A,2026-02-15 16:00:00,82,46.43,52.24,26.92,26.84,1.68,53.9
4401A,2026-02-15 16:00:00,162,101.23,116.23,13.94,39.04,0.74,105.61
4402A,2026-02-15 16:00:00,90,58.12,71.21,15.44,47.93,2.09,62.68
4403A,2026-02-15 16:00:00,102,65.44,96.39,7.18,21.79,2.03,112.91
4404A,2026-02-15 16:00:00,165,106.74,135.5,29.11,33.03,1.51,46.12
4405A,2026-02-15 16:00:00,136,86.33,120.82,21.61,45.22,1.93,70.28
4406A,2026-02-15 16:00:00,81,40.43,55.96,15.64,26.66,2.22,36.49
4407A,2026-02-15 16:00:00,204,122.74,154.17,6.75,49.63,2.49,76.25
4408A,2026-02-15 16:00:00,144,80.95,119.59,11.27,23.82,2.08,60.04
4409A,2026-02-15 16:00:00,151,98.95,113.67,17.75,42.97,0.58,36.99
4401B,2026-02-15 16:00:00,100,65.74,83.75,21.23,24.21,1.48,36.33
4402B,2026-02-15 16:00:00,92,53.1,68.52,8.96,44.32,0.68,114.61
4403B,2026-02-15 16:00:00,76,36.2,74.5,12.88,33.85,2.14,118.77
4404B,2026-02-15 16:00:00,193,118.54,152.35,28.92,32.54,1.95,27.77
4405B,2026-02-15 16:00:00,192,115.25,140.03,21.14,40.2,2.05,77.56
4406B,2026-02-15 16:00:00,67,47.66,55.32,20.49,22.84,2.08,46.9
5101A,2026-02-15 16:00:00,52,36.72,44.87,14.67,48.49,1.94,29.25
5102A,2026-02-15 16:00:00,206,132.93,156.26,9.08,31.25,2.1,64.03
5103A,2026-02-15 16:00:00,182,99.56,134.15,17.84,33.93,0.72,81.99
5104A,2026-02-15 16:00:00,136,89.74,115.23,9.82,29.77,2.36,56.7
5105A,2026-02-15 16:00:00,50,38.25,52.85,24.09,21.32,0.85,25.94
5106A,2026-02-15 16:00:00,99,60.83,71.12,8.24,34.44,2.35,112.5
5107A,2026-02-15 16:00:00,52,26.93,47.51,29.06,18.45,1.05,70.25
1101A,2026-02-15 17:00:00,133,85.34,117.26,25.19,16.46,1.08,104.47
1102A,2026-02-15 17:00:00,86,54.85,64.2,27.6,40.67,2.13,30.72
1103A,2026-02-15 17:00:00,41,24.41,23.55,26.42,28.68,2.1,66.53
1104A,2026-02-15 17:00:00,91,45.28,81.22,28.03,15.74,1.34,79.4
1105A,2026-02-15 17:00:00,176,105.61,154.39,29.8,37.6,1.1,72.63
1106A,2026-02-15 17:00:00,163,99.99,125.29,11.12,22.34,1.81,73.94
1107A,2026-02-15 17:00:00,58,35.97,57.68,26.09,30.1,1.25,88.67
1108A,2026-02-15 17:00:00,85,49.91,58.95,7.3,22.28,1.6,116.88
1109A,2026-02-15 17:00:00,105,68.13,92.05,17.65,29.73,2.16,103.13
1201A,2026-02-15 17:00:00,91,49.06,59.94,11.71,39.57,2.16,110.76
1202A,2026-02-15 17:00:00,92,62.23,65.5,26.39,45.64,0.57,45.75
1203A,2026-02-15 17:00:00,139,73.64,107.23,6.24,42.01,2.42,84.82
1204A,2026-02-15 17:00:00,151,83.4,133.67,5.28,25.34,0.7,34.11
4401A,2026-02-15 17:00:00,146,89.26,108.42,15.76,49.2,2.01,46.86
4402A,2026-02-15 17:00:00,146,81.5,112.66,18.32,38.05,2.22,75.85
4403A,2026-02-15 17:00:00,57,35.05,32.65,24.51,28.52,1.21,94.91
4404A,2026-02-15 17:00:00,205,124.7,161.14,15.14,25.93,1.29,65.48
4405A,2026-02-15 17:00:00,57,41.06,39.13,10.91,44.46,1.53,84.47
4406A,2026-02-15 17:00:00,175,96.09,137.48,27.69,42.98,1.94,28.13
4407A,2026-02-15 17:00:00,135,86.81,118.59,9.76,15.34,0.98,77.52
4408A,2026-02-15 17:00:00,141,83.8,102.52,29.77,24.06,0.66,47.36
4409A,2026-02-15 17:00:00,96,59.63,90.16,23.83,37.35,1.56,72.71
4401B,2026-02-15 17:00:00,83,47.31,76.24,27.53,44.83,1.33,77.6
4402B,2026-02-15 17:00:00,179,103.73,134.08,22.53,33.76,0.73,86.33
4403B,2026-02-15 17:00:00,116,67.99,86.19,5.38,42.52,1.43,66.7
4404B,2026-02-15 17:00:00,44,23.79,23.82,8.36,38.76,2.37,89.03
4405B,2026-02-15 17:00:00,142,85.09,125.55,15.31,47.16,1.33,30.75
4406B,2026-02-15 17:00:00,179,116.13,152.15,26.89,43.54,1.71,65.35
5101A,2026-02-15 17:00:00,52,35.31,35.63,5.9,16.47,0.52,89.79
5102A,2026-02-15 17:00:00,133,88.28,91.42,20.66,15.03,0.94,100.07
5103A,2026-02-15 17:00:00,204,115.24,165.72,19.14,24.8,1.99,76.46
5104A,2026-02-15 17:00:00,191,123.02,152.48,25.76,36.71,2.37,50.31
5105A,2026-02-15 17:00:00,57,42.7,36.55,12.39,46.03,1.55,41.39
5106A,2026-02-15 17:00:00,72,51.32,63.31,26.77,39.99,0.74,118.96
5107A,2026-02-15 17:00:00,124,80.42,90.01,7.0,48.97,1.73,112.61
1101A,2026-02-15 18:00:00,62,43.3,47.82,25.54,39.36,0.59,107.81
1102A,2026-02-15 18:00:00,172,94.38,150.92,7.15,29.45,1.56,111.3
1103A,2026-02-15 18:00:00,39,27.09,42.11,10.01,28.06,1.4,70.26
1104A,2026-02-15 18:00:00,133,79.75,118.14,23.55,47.36,1.38,113.5
1105A,2026-02-15 18:00:00,36,22.93,31.17,22.4,35.16,1.46,63.77
1106A,2026-02-15 18:00:00,70,45.63,57.87,12.93,36.67,0.99,28.13
1107A,2026-02-15 18:00:00,81,38.79,50.24,11.09,46.73,1.31,52.92
1108A,2026-02-15 18:00:00,40,14.05,33.15,13.08,48.33,1.44,115.57
1109A,2026-02-15 18:00:00,83,48.06,62.68,16.08,16.47,2.07,60.41
1201A,2026-02-15 18:00:00,134,84.26,121.16,14.68,49.01,1.16,28.71
1202A,2026-02-15 18:00:00,111,75.83,101.87,8.05,41.64,1.88,70.98
1203A,2026-02-15 18:00:00,147,79.78,103.87,14.48,19.81,2.36,38.31
1204A,2026-02-15 18:00:00,200,112.94,169.81,26.37,29.49,1.25,57.97
4401A,2026-02-15 18:00:00,111,60.9,94.98,22.94,47.82,1.38,99.07
4402A,2026-02-15 18:00:00,93,50.17,60.05,10.81,39.94,2.39,48.96
4403A,2026-02-15 18:00:00,109,71.91,97.99,11.91,41.73,1.19,89.12
4404A,2026-02-15 18:00:00,69,35.13,68.53,17.87,27.06,1.21,92.05
4405A,2026-02-15 18:00:00,169,98.65,126.22,15.84,26.37,2.36,78.12
4406A,2026-02-15 18:00:00,117,68.13,91.31,16.88,19.5,1.55,94.61
4407A,2026-02-15 18:00:00,132,88.23,119.86,12.55,47.12,2.17,48.09
4408A,2026-02-15 18:00:00,118,78.46,102.76,23.59,33.96,2.1,36.09
4409A,2026-02-15 18:00:00,69,33.53,57.15,27.74,48.39,0.56,96.56
4401B,2026-02-15 18:00:00,73,52.0,66.13,23.05,16.08,0.9,109.82
4402B,2026-02-15 18:00:00,100,55.67,72.42,18.36,36.3,1.69,67.65
4403B,2026-02-15 18:00:00,104,54.56,71.06,7.15,32.01,1.96,75.58
4404B,2026-02-15 18:00:00,102,65.62,84.16,23.11,48.52,0.73,79.6
4405B,2026-02-15 18:00:00,66,31.86,51.86,9.39,20.71,1.25,56.26
4406B,2026-02-15 18:00:00,178,111.54,146.41,12.92,26.27,2.43,32.79
5101A,2026-02-15 18:00:00,188,116.94,140.97,25.08,43.33,1.27,102.74
5102A,2026-02-15 18:00:00,193,112.3,141.27,20.02,47.29,1.08,33.27
5103A,2026-02-15 18:00:00,200,129.69,152.33,22.89,26.3,1.78,94.1
5104A,2026-02-15 18:00:00,96,49.65,76.84,9.89,20.76,0.97,28.82
5105A,2026-02-15 18:00:00,155,90.15,130.32,14.66,22.76,1.18,76.44
5106A,2026-02-15 18:00:00,51,24.94,29.28,8.51,22.03,0.52,83.53
5107A,2026-02-15 18:00:00,37,31.11,21.27,8.6,47.96,0.54,60.44
1101A,2026-02-15 19:00:00,87,50.71,75.62,27.22,15.38,2.34,95.09
1102A,2026-02-15 19:00:00,83,49.57,67.52,28.79,23.94,2.12,106.17
1103A,2026-02-15 19:00:00,127,69.02,92.4,21.77,46.74,1.09,78.52
1104A,2026-02-15 19:00:00,156,92.85,121.44,18.51,28.44,1.71,20.97
1105A,2026-02-15 19:00:00,103,65.51,85.9,16.9,32.82,1.2,108.37
1106A,2026-02-15 19:00:00,172,108.74,142.33,7.9,44.41,1.07,66.55
1107A,2026-02-15 19:00:00,199,112.99,159.98,8.8,41.53,2.1,80.91
1108A,2026-02-15 19:00:00,48,26.59,27.3,10.77,44.57,0.73,82.88
1109A,2026-02-15 19:00:00,63,36.51,43.64,9.19,15.5,2.26,77.1
1201A,2026-02-15 19:00:00,108,70.66,94.05,7.81,35.52,1.5,29.97
1202A,2026-02-15 19:00:00,184,114.62,146.85,25.64,47.77,1.03,66.57
1203A,2026-02-15 19:00:00,104,69.65,92.59,10.86,29.96,2.27,38.04
1204A,2026-02-15 19:00:00,48,32.91,40.24,22.46,22.57,2.19,80.04
4401A,2026-02-15 19:00:00,115,71.19,92.13,7.71,36.73,1.23,22.84
4402A,2026-02-15 19:00:00,149,95.84,133.18,14.47,24.75,0.52,61.9
4403A,2026-02-15 19:00:00,136,89.51,96.52,14.04,29.7,1.04,31.95
4404A,2026-02-15 19:00:00,201,130.14,167.01,11.43,26.37,0.81,70.7
4405A,2026-02-15 19:00:00,115,66.51,104.9,28.71,24.86,1.34,34.17
4406A,2026-02-15 19:00:00,172,101.51,127.29,16.87,17.53,1.3,25.28
4407A,2026-02-15 19:00:00,182,111.43,154.02,8.79,28.23,1.48,114.64
4408A,2026-02-15 19:00:00,130,75.55,113.85,15.52,42.86,0.52,36.74
4409A,2026-02-15 19:00:00,43,16.88,43.02,9.37,46.77,1.55,116.07
4401B,2026-02-15 19:00:00,74,51.09,70.5,12.32,26.99,0.8,71.69
4402B,2026-02-15 19:00:00,172,103.23,124.95,12.86,28.07,1.69,76.72
4403B,2026-02-15 19:00:00,97,50.81,88.43,9.29,38.43,1.79,54.03
4404B,2026-02-15 19:00:00,40,20.63,40.97,13.88,18.98,1.53,58.84
4405B,2026-02-15 19:00:00,52,24.92,56.24,20.14,20.16,0.89,39.12
4406B,2026-02-15 19:00:00,102,63.24,78.66,26.01,30.96,2.24,59.09
5101A,2026-02-15 19:00:00,60,38.23,37.7,29.65,20.39,1.23,21.29
5102A,2026-02-15 19:00:00,73,34.95,52.86,12.81,42.57,0.86,27.44
5103A,2026-02-15 19:00:00,56,41.13,31.05,29.33,45.06,1.31,33.12
5104A,2026-02-15 19:00:00,146,91.33,120.54,15.9,27.18,1.72,43.96
5105A,2026-02-15 19:00:00,81,44.05,69.65,14.03,31.79,0.55,111.74
5106A,2026-02-15 19:00:00,198,119.97,143.9,16.45,17.05,2.47,59.65
5107A,2026-02-15 19:00:00,198,121.17,161.48,22.36,35.56,2.19,81.16
1101A,2026-02-15 20:00:00,33,23.68,12.36,11.71,21.94,1.5,73.5
1102A,2026-02-15 20:00:00,75,35.66,74.78,23.81,36.3,1.07,88.07
1103A,2026-02-15 20:00:00,93,47.52,87.85,7.6,23.5,1.16,35.51
1104A,2026-02-15 20:00:00,134,89.93,106.56,9.6,45.74,2.39,56.69
1105A,2026-02-15 20:00:00,55,30.05,39.16,8.58,32.9,1.22,74.7
1106A,2026-02-15 20:00:00,159,93.27,115.44,11.77,19.11,1.61,115.23
1107A,2026-02-15 20:00:00,168,99.3,149.36,11.11,20.81,2.21,119.23
1108A,2026-02-15 20:00:00,61,42.29,36.73,24.26,45.77,1.28,99.65
1109A,2026-02-15 20:00:00,138,89.81,101.52,15.41,25.82,1.01,81.28
1201A,2026-02-15 20:00:00,108,71.03,92.49,12.67,43.04,1.67,116.5
1202A,2026-02-15 20:00:00,124,68.59,93.48,22.8,16.13,2.12,95.12
1203A,2026-02-15 20:00:00,124,78.66,103.3,20.2,27.25,2.18,88.23
1204A,2026-02-15 20:00:00,154,100.1,123.75,12.28,21.94,0.57,90.36
4401A,2026-02-15 20:00:00,165,108.92,125.14,27.07,34.43,1.72,41.58
4402A,2026-02-15 20:00:00,165,106.11,137.86,25.06,32.2,1.9,91.82
4403A,2026-02-15 20:00:00,75,53.1,48.22,10.16,26.46,1.85,56.33
4404A,2026-02-15 20:00:00,64,40.69,42.08,6.98,26.2,1.08,88.9
4405A,2026-02-15 20:00:00,156,90.12,131.9,9.82,39.39,2.34,67.73
4406A,2026-02-15 20:00:00,154,83.91,125.66,17.66,25.22,1.05,22.37
4407A,2026-02-15 20:00:00,139,83.25,110.24,20.1,27.64,0.57,83.96
4408A,2026-02-15 20:00:00,94,53.21,69.98,5.69,16.42,1.93,73.46
4409A,2026-02-15 20:00:00,161,88.93,136.43,23.35,36.23,1.37,60.41
4401B,2026-02-15 20:00:00,36,16.54,42.14,19.36,25.36,2.49,38.79
4402B,2026-02-15 20:00:00,166,104.33,125.97,21.55,35.65,0.77,35.94
4403B,2026-02-15 20:00:00,92,59.32,73.42,11.79,23.15,2.26,61.68
4404B,2026-02-15 20:00:00,112,57.92,80.22,26.64,24.06,1.31,67.87
4405B,2026-02-15 20:00:00,151,99.55,130.3,5.4,37.17,1.33,23.96
4406B,2026-02-15 20:00:00,127,77.02,87.27,5.96,45.63,2.24,95.32
5101A,2026-02-15 20:00:00,193,108.69,141.82,7.54,34.68,2.09,70.18
5102A,2026-02-15 20:00:00,72,35.97,48.23,15.41,45.85,1.35,102.82
5103A,2026-02-15 20:00:00,67,41.32,59.23,22.37,21.88,0.96,111.09
5104A,2026-02-15 20:00:00,100,63.82,68.45,19.27,24.07,0.56,23.48
5105A,2026-02-15 20:00:00,113,67.59,86.07,24.8,21.87,1.39,78.58
5106A,2026-02-15 20:00:00,74,37.46,56.13,8.14,44.32,1.27,58.03
5107A,2026-02-15 20:00:00,55,34.02,40.36,7.76,29.07,2.45,51.29
1101A,2026-02-15 21:00:00,117,68.92,103.35,5.72,31.44,0.54,77.86
1102A,2026-02-15 21:00:00,97,57.57,80.14,27.64,31.49,0.63,51.69
1103A,2026-02-15 21:00:00,87,58.89,69.87,9.13,27.19,0.94,24.26
1104A,2026-02-15 21:00:00,176,112.79,131.62,14.84,28.71,1.14,48.08
1105A,2026-02-15 21:00:00,173,100.89,148.72,26.98,16.33,0.68,78.49
1106A,2026-02-15 21:00:00,125,84.84,114.63,6.72,18.42,2.2,88.2
1107A,2026-02-15 21:00:00,58,33.36,32.81,7.96,33.48,2.48,63.6
1108A,2026-02-15 21:00:00,122,73.18,109.72,27.58,27.91,0.77,108.86
1109A,2026-02-15 21:00:00,112,67.22,92.07,17.1,39.91,1.59,110.35
1201A,2026-02-15 21:00:00,58,31.58,43.07,6.0,48.2,1.78,45.29
1202A,2026-02-15 21:00:00,83,40.03,51.97,26.41,48.44,2.37,96.77
1203A,2026-02-15 21:00:00,95,50.26,67.93,6.2,24.65,2.43,48.8
1204A,2026-02-15 21:00:00,88,60.78,63.74,7.08,21.81,0.65,45.21
4401A,2026-02-15 21:00:00,124,77.84,108.22,29.64,38.78,0.99,108.83
4402A,2026-02-15 21:00:00,123,78.79,104.15,7.44,28.78,1.04,83.98
4403A,2026-02-15 21:00:00,50,23.14,42.34,25.19,30.16,1.65,62.8
4404A,2026-02-15 21:00:00,165,97.36,126.29,26.01,39.22,0.73,22.43
4405A,2026-02-15 21:00:00,120,73.69,86.45,25.28,29.01,1.82,107.39
4406A,2026-02-15 21:00:00,178,97.69,131.03,10.53,49.06,0.96,38.76
4407A,2026-02-15 21:00:00,38,29.55,33.07,18.22,34.98,1.03,90.93
4408A,2026-02-15 21:00:00,81,56.06,59.59,14.2,27.25,1.49,52.57
4409A,2026-02-15 21:00:00,93,46.24,77.93,16.87,46.01,2.44,41.7
4401B,2026-02-15 21:00:00,49,21.79,51.66,22.34,37.21,1.58,54.72
4402B,2026-02-15 21:00:00,132,83.21,90.78,29.21,38.87,0.91,109.5
4403B,2026-02-15 21:00:00,110,58.76,97.97,27.96,45.43,2.03,97.47
4404B,2026-02-15 21:00:00,190,106.35,149.49,18.91,36.51,1.76,24.93
4405B,2026-02-15 21:00:00,47,21.45,25.98,16.42,33.94,1.15,36.05
4406B,2026-02-15 21:00:00,73,34.59,52.6,10.99,33.56,1.45,89.5
5101A,2026-02-15 21:00:00,108,63.06,74.67,20.28,18.54,2.21,73.58
5102A,2026-02-15 21:00:00,89,61.87,85.49,7.02,22.35,1.46,88.55
5103A,2026-02-15 21:00:00,95,49.66,81.13,16.29,37.64,2.44,109.32
5104A,2026-02-15 21:00:00,32,19.06,13.07,23.49,28.91,2.45,54.67
5105A,2026-02-15 21:00:00,95,47.2,63.38,16.85,21.54,1.24,109.2
5106A,2026-02-15 21:00:00,83,52.91,74.33,20.79,34.05,1.38,66.75
5107A,2026-02-15 21:00:00,124,64.5,91.44,28.95,46.37,0.51,69.67
1101A,2026-02-15 22:00:00,34,18.48,24.05,17.05,44.4,1.04,23.41
1102A,2026-02-15 22:00:00,76,48.99,70.83,9.39,20.23,1.67,74.93
1103A,2026-02-15 22:00:00,96,54.51,75.46,26.26,23.26,1.63,24.51
1104A,2026-02-15 22:00:00,147,92.58,122.67,27.95,39.81,2.16,62.12
1105A,2026-02-15 22:00:00,43,29.14,39.57,8.8,50.0,1.55,57.71
1106A,2026-02-15 22:00:00,45,19.4,43.59,14.79,23.73,1.88,60.75
1107A,2026-02-15 22:00:00,136,79.7,96.8,15.23,46.96,1.1,35.03
1108A,2026-02-15 22:00:00,102,67.71,84.12,9.89,45.48,2.32,34.22
1109A,2026-02-15 22:00:00,159,87.84,139.27,18.29,20.17,1.12,84.26
1201A,2026-02-15 22:00:00,187,109.06,163.83,16.88,35.12,1.27,76.45
1202A,2026-02-15 22:00:00,72,48.78,59.58,11.01,37.08,1.69,28.28
1203A,2026-02-15 22:00:00,177,112.26,128.41,8.28,18.67,2.22,117.85
1204A,2026-02-15 22:00:00,148,93.64,119.96,8.06,41.42,2.27,57.82
4401A,2026-02-15 22:00:00,43,26.29,22.28,6.68,37.16,2.48,89.23
4402A,2026-02-15 22:00:00,71,45.8,50.06,25.61,23.21,0.62,67.95
4403A,2026-02-15 22:00:00,175,98.98,139.98,6.83,43.2,1.57,51.39
4404A,2026-02-15 22:00:00,73,41.84,62.41,13.42,44.89,2.2,98.79
4405A,2026-02-15 22:00:00,176,105.99,141.2,21.09,29.28,1.19,65.33
4406A,2026-02-15 22:00:00,71,48.56,51.57,17.82,45.18,1.91,74.73
4407A,2026-02-15 22:00:00,31,17.06,15.19,10.86,44.0,1.5,25.37
4408A,2026-02-15 22:00:00,128,76.15,111.82,10.71,25.02,1.33,109.47
4409A,2026-02-15 22:00:00,80,57.18,76.8,21.37,20.68,1.13,78.59
4401B,2026-02-15 22:00:00,75,50.93,49.31,16.51,21.93,0.98,118.39
4402B,2026-02-15 22:00:00,177,105.25,145.57,18.26,46.67,1.24,91.65
4403B,2026-02-15 22:00:00,43,19.04,29.4,21.81,47.71,1.02,43.63
4404B,2026-02-15 22:00:00,101,57.97,89.65,8.66,37.12,1.96,37.24
4405B,2026-02-15 22:00:00,132,69.33,90.95,23.34,27.85,2.19,86.34
4406B,2026-02-15 22:00:00,138,84.33,120.09,10.53,33.54,0.53,56.21
5101A,2026-02-15 22:00:00,85,46.77,78.51,12.22,46.94,2.37,73.02
5102A,2026-02-15 22:00:00,162,101.45,118.35,29.17,18.63,1.49,114.07
5103A,2026-02-15 22:00:00,43,25.74,29.23,12.6,45.48,0.75,51.39
5104A,2026-02-15 22:00:00,185,108.47,147.27,16.97,39.39,2.39,41.55
5105A,2026-02-15 22:00:00,84,58.4,55.05,27.88,28.21,0.89,107.84
5106A,2026-02-15 22:00:00,112,66.64,97.91,12.46,26.94,0.76,20.04
5107A,2026-02-15 22:00:00,91,48.2,75.14,23.51,48.09,2.42,72.73
1101A,2026-02-15 23:00:00,140,80.06,119.03,28.77,29.22,2.48,85.45
1102A,2026-02-15 23:00:00,143,86.29,111.05,25.35,28.27,1.98,81.85
1103A,2026-02-15 23:00:00,80,47.53,77.53,24.16,42.31,1.93,109.93
1104A,2026-02-15 23:00:00,56,24.66,43.65,28.32,33.35,1.57,32.13
1105A,2026-02-15 23:00:00,129,67.58,107.74,6.9,39.56,1.85,29.86
1106A,2026-02-15 23:00:00,158,92.73,121.44,21.17,35.45,1.77,110.68
1107A,2026-02-15 23:00:00,143,78.73,109.92,26.93,47.17,1.58,35.38
1108A,2026-02-15 23:00:00,55,27.3,44.48,23.71,38.3,1.69,103.0
1109A,2026-02-15 23:00:00,143,81.73,115.99,8.19,21.28,1.25,82.39
1201A,2026-02-15 23:00:00,122,78.51,83.94,12.84,29.66,2.23,119.34
1202A,2026-02-15 23:00:00,64,39.51,41.59,23.47,21.57,1.46,50.68
1203A,2026-02-15 23:00:00,153,84.48,131.47,25.14,25.67,1.0,77.68
1204A,2026-02-15 23:00:00,181,100.11,150.33,7.11,19.33,1.2,44.22
4401A,2026-02-15 23:00:00,130,85.73,112.62,29.09,26.87,1.17,39.61
4402A,2026-02-15 23:00:00,99,51.88,86.16,14.5,27.73,0.72,116.0
4403A,2026-02-15 23:00:00,91,47.62,67.47,19.77,18.58,1.83,48.65
4404A,2026-02-15 23:00:00,130,80.8,91.32,25.96,27.77,0.68,37.28
4405A,2026-02-15 23:00:00,169,94.7,145.37,11.65,43.7,0.9,33.83
4406A,2026-02-15 23:00:00,127,83.33,92.85,19.62,31.05,1.78,79.13
4407A,2026-02-15 23:00:00,67,39.49,47.19,16.13,17.75,0.7,113.51
4408A,2026-02-15 23:00:00,55,26.81,41.67,7.95,28.82,0.73,28.0
4409A,2026-02-15 23:00:00,77,45.05,56.31,29.33,33.34,2.41,54.86
4401B,2026-02-15 23:00:00,75,37.23,47.79,11.66,39.21,1.72,65.44
4402B,2026-02-15 23:00:00,87,52.65,74.98,25.06,23.13,1.99,22.47
4403B,2026-02-15 23:00:00,108,74.56,95.4,14.41,39.57,0.97,67.24
4404B,2026-02-15 23:00:00,122,82.65,95.13,14.59,15.52,1.51,81.79
4405B,2026-02-15 23:00:00,96,48.41,90.45,29.82,16.01,1.21,49.86
4406B,2026-02-15 23:00:00,137,76.16,116.54,17.6,36.55,0.94,75.91
5101A,2026-02-15 23:00:00,42,34.45,36.65,8.05,37.09,1.6,49.66
5102A,2026-02-15 23:00:00,154,96.55,118.95,5.1,38.59,1.15,102.89
5103A,2026-02-15 23:00:00,62,29.43,61.58,9.4,24.08,2.48,81.62
5104A,2026-02-15 23:00:00,142,84.08,120.11,20.35,21.04,0.57,30.43
5105A,2026-02-15 23:00:00,112,65.55,86.09,28.54,18.44,1.69,98.27
5106A,2026-02-15 23:00:00,179,108.6,130.23,20.26,42.74,0.53,57.65
5107A,2026-02-15 23:00:00,154,84.42,132.06,21.74,31.07,0.61,54.66
1101A,2026-02-16 00:00:00,59,37.86,37.3,12.29,21.38,2.09,31.46
1102A,2026-02-16 00:00:00,40,27.02,42.54,18.18,40.53,0.6,117.06
1103A,2026-02-16 00:00:00,122,64.01,106.18,27.18,34.91,1.38,29.76
1104A,2026-02-16 00:00:00,120,73.72,98.2,20.3,27.21,1.51,93.77
1105A,2026-02-16 00:00:00,169,104.37,120.79,17.89,37.96,1.1,22.84
1106A,2026-02-16 00:00:00,84,41.04,61.15,21.62,43.63,2.47,55.64
1107A,2026-02-16 00:00:00,80,49.14,58.41,17.27,24.67,2.46,98.09
1108A,2026-02-16 00:00:00,179,98.67,143.04,10.07,23.54,0.98,74.92
1109A,2026-02-16 00:00:00,107,70.19,73.64,7.73,20.2,2.48,101.9
1201A,2026-02-16 00:00:00,153,85.93,109.91,5.63,26.78,1.78,83.96
1202A,2026-02-16 00:00:00,147,86.6,108.29,18.93,22.01,2.15,41.41
1203A,2026-02-16 00:00:00,98,50.19,91.14,28.84,32.25,2.46,44.18
1204A,2026-02-16 00:00:00,125,75.94,90.52,19.72,28.66,2.05,106.75
4401A,2026-02-16 00:00:00,166,108.78,120.63,20.45,15.64,1.18,90.29
4402A,2026-02-16 00:00:00,165,100.89,117.51,7.12,42.21,2.38,73.31
4403A,2026-02-16 00:00:00,91,58.13,68.35,12.66,28.41,1.51,102.63
4404A,2026-02-16 00:00:00,50,20.49,27.84,17.02,35.04,0.53,73.05
4405A,2026-02-16 00:00:00,109,62.21,99.0,25.46,49.57,1.13,118.36
4406A,2026-02-16 00:00:00,36,23.11,20.08,16.19,41.62,2.16,41.57
4407A,2026-02-16 00:00:00,180,106.07,132.67,25.34,49.17,1.05,43.1
4408A,2026-02-16 00:00:00,74,48.02,49.19,17.59,23.47,1.63,95.46
4409A,2026-02-16 00:00:00,60,30.47,61.35,12.36,38.31,1.97,91.95
4401B,2026-02-16 00:00:00,95,63.33,75.89,26.41,41.99,2.35,37.74
4402B,2026-02-16 00:00:00,171,108.27,121.92,26.88,41.24,0.64,54.6
4403B,2026-02-16 00:00:00,171,102.4,132.83,13.46,47.46,2.36,41.07
4404B,2026-02-16 00:00:00,137,76.38,117.93,15.01,39.24,1.39,93.3
4405B,2026-02-16 00:00:00,144,94.73,110.97,16.81,48.99,1.68,116.71
4406B,2026-02-16 00:00:00,72,49.79,64.61,24.95,18.34,1.59,106.8
5101A,2026-02-16 00:00:00,131,85.5,106.61,9.89,42.72,0.82,64.93
5102A,2026-02-16 00:00:00,70,32.26,44.97,25.29,40.43,1.0,114.78
5103A,2026-02-16 00:00:00,103,62.07,71.83,5.87,36.98,1.59,57.21
5104A,2026-02-16 00:00:00,49,28.67,38.63,9.46,23.56,0.58,77.92
5105A,2026-02-16 00:00:00,77,41.65,54.22,11.02,31.03,1.79,98.88
5106A,2026-02-16 00:00:00,98,48.9,87.05,15.46,26.15,2.19,26.84
5107A,2026-02-16 00:00:00,38,27.77,22.71,28.78,22.93,2.39,91.02
1101A,2026-02-16 01:00:00,112,57.59,80.95,12.61,48.44,1.35,21.65
1102A,2026-02-16 01:00:00,93,54.61,87.77,25.81,19.49,1.73,49.33
1103A,2026-02-16 01:00:00,74,35.28,53.36,27.27,17.48,1.78,73.81
1104A,2026-02-16 01:00:00,182,108.02,149.99,15.86,45.7,1.91,23.79
1105A,2026-02-16 01:00:00,112,73.61,79.3,15.37,21.9,1.93,42.13
1106A,2026-02-16 01:00:00,33,22.47,37.18,5.5,34.61,1.17,29.94
1107A,2026-02-16 01:00:00,172,106.7,150.24,18.23,39.76,1.64,29.0
1108A,2026-02-16 01:00:00,68,40.4,40.12,7.31,24.47,0.58,55.84
1109A,2026-02-16 01:00:00,165,91.37,141.7,26.77,48.73,1.61,64.45
1201A,2026-02-16 01:00:00,168,95.53,145.58,8.11,35.74,1.9,49.19
1202A,2026-02-16 01:00:00,167,98.02,143.9,15.47,38.01,1.5,44.73
1203A,2026-02-16 01:00:00,118,66.48,83.87,17.16,22.44,0.87,55.43
1204A,2026-02-16 01:00:00,77,40.76,65.92,28.87,33.85,0.54,70.97
4401A,2026-02-16 01:00:00,155,84.44,111.13,15.95,37.88,2.44,93.2
4402A,2026-02-16 01:00:00,180,99.19,146.05,14.1,49.22,0.9,39.66
4403A,2026-02-16 01:00:00,67,30.95,44.06,24.48,16.33,2.2,98.75
4404A,2026-02-16 01:00:00,104,68.31,83.9,25.62,45.63,0.64,103.12
4405A,2026-02-16 01:00:00,142,82.46,119.02,10.87,28.78,1.11,95.36
4406A,2026-02-16 01:00:00,126,74.54,98.39,21.08,37.26,1.83,46.58
4407A,2026-02-16 01:00:00,183,103.49,133.31,26.36,49.31,1.87,41.39
4408A,2026-02-16 01:00:00,143,82.1,102.23,15.92,34.11,1.37,117.22
4409A,2026-02-16 01:00:00,115,62.25,89.28,9.59,22.31,2.21,103.58
4401B,2026-02-16 01:00:00,43,26.75,30.39,8.78,21.21,2.48,65.21
4402B,2026-02-16 01:00:00,146,83.16,129.91,9.35,26.09,2.2,102.05
4403B,2026-02-16 01:00:00,126,81.27,107.96,24.74,21.4,2.44,67.0
4404B,2026-02-16 01:00:00,179,104.35,133.4,22.43,26.23,1.79,62.21
4405B,2026-02-16 01:00:00,52,31.61,40.99,27.72,33.49,1.68,70.27
4406B,2026-02-16 01:00:00,44,35.64,47.11,28.05,46.48,1.78,93.49
5101A,2026-02-16 01:00:00,170,93.85,126.18,14.61,42.54,1.23,23.75
5102A,2026-02-16 01:00:00,136,89.91,121.99,29.49,33.19,1.51,59.25
5103A,2026-02-16 01:00:00,31,22.41,31.58,14.47,16.88,0.75,47.09
5104A,2026-02-16 01:00:00,87,56.46,67.6,23.53,47.8,0.56,64.48
5105A,2026-02-16 01:00:00,147,82.36,116.22,23.4,46.16,0.87,47.47
5106A,2026-02-16 01:00:00,32,12.51,36.07,22.81,42.91,1.45,115.17
5107A,2026-02-16 01:00:00,74,53.97,61.57,26.74,33.08,1.23,59.91
1101A,2026-02-16 02:00:00,185,101.72,143.05,29.53,18.34,2.36,22.45
1102A,2026-02-16 02:00:00,99,56.58,66.18,19.34,42.38,1.35,42.88
1103A,2026-02-16 02:00:00,178,109.89,150.03,23.87,46.74,1.6,30.14
1104A,2026-02-16 02:00:00,100,64.07,71.07,10.29,15.95,1.07,55.44
1105A,2026-02-16 02:00:00,150,95.16,108.85,22.33,31.68,2.07,91.86
1106A,2026-02-16 02:00:00,91,62.35,75.81,28.02,23.69,1.03,41.88
1107A,2026-02-16 02:00:00,36,18.02,26.0,26.81,35.63,1.15,59.1
1108A,2026-02-16 02:00:00,58,39.02,56.71,23.32,26.17,2.11,71.52
1109A,2026-02-16 02:00:00,37,12.81,17.41,29.35,20.94,1.13,53.9
1201A,2026-02-16 02:00:00,48,32.58,43.05,6.62,34.07,1.66,91.61
1202A,2026-02-16 02:00:00,110,57.67,82.72,28.85,38.03,0.6,53.28
1203A,2026-02-16 02:00:00,68,32.87,60.78,16.84,47.92,2.41,57.42
1204A,2026-02-16 02:00:00,65,30.2,49.73,23.88,44.17,1.02,96.96
4401A,2026-02-16 02:00:00,186,101.63,145.02,18.46,20.87,1.2,108.91
4402A,2026-02-16 02:00:00,180,110.35,129.7,21.8,27.0,1.5,109.8
4403A,2026-02-16 02:00:00,179,102.6,147.55,17.52,49.06,2.2,99.87
4404A,2026-02-16 02:00:00,72,45.47,46.66,25.61,40.84,0.94,23.64
4405A,2026-02-16 02:00:00,89,50.34,60.7,23.56,18.67,2.22,115.67
4406A,2026-02-16 02:00:00,38,29.12,37.69,24.86,17.72,0.68,114.62
4407A,2026-02-16 02:00:00,169,109.25,140.36,8.65,33.26,1.61,88.44
4408A,2026-02-16 02:00:00,59,42.47,57.7,29.21,46.41,2.05,45.02
4409A,2026-02-16 02:00:00,48,20.24,43.27,16.02,48.03,2.49,63.54
4401B,2026-02-16 02:00:00,131,70.34,103.03,16.57,30.42,1.56,102.24
4402B,2026-02-16 02:00:00,116,69.33,92.49,25.55,41.83,0.7,58.09
4403B,2026-02-16 02:00:00,161,102.48,134.07,12.09,46.68,1.45,55.83
4404B,2026-02-16 02:00:00,179,114.54,139.55,19.81,35.25,0.91,102.01
4405B,2026-02-16 02:00:00,110,66.47,77.91,21.05,31.51,1.44,62.66
4406B,2026-02-16 02:00:00,80,49.71,71.35,24.0,15.21,2.29,56.22
5101A,2026-02-16 02:00:00,169,92.8,139.05,23.89,42.7,1.33,32.65
5102A,2026-02-16 02:00:00,158,87.39,113.24,27.44,38.34,2.48,43.72
5103A,2026-02-16 02:00:00,141,84.32,105.34,12.81,35.91,1.89,49.62
5104A,2026-02-16 02:00:00,169,99.04,132.47,11.89,30.76,1.87,81.37
5105A,2026-02-16 02:00:00,140,84.56,125.39,22.5,19.08,2.16,97.92
5106A,2026-02-16 02:00:00,166,98.88,129.76,17.34,18.62,1.12,40.19
5107A,2026-02-16 02:00:00,140,74.76,122.39,8.27,21.27,1.51,40.13
1101A,2026-02-16 03:00:00,183,113.4,134.03,26.01,24.35,1.21,42.98
1102A,2026-02-16 03:00:00,59,32.11,34.25,13.85,36.84,2.0,67.01
1103A,2026-02-16 03:00:00,34,18.01,14.53,14.35,43.45,2.32,108.8
1104A,2026-02-16 03:00:00,185,107.04,133.95,21.62,24.17,1.97,83.97
1105A,2026-02-16 03:00:00,190,116.66,151.06,9.53,38.43,1.81,60.65
1106A,2026-02-16 03:00:00,82,55.73,60.92,20.58,22.36,2.34,33.58
1107A,2026-02-16 03:00:00,52,38.75,39.45,16.62,32.31,1.13,88.61
1108A,2026-02-16 03:00:00,136,90.47,114.2,12.32,24.52,2.06,61.52
1109A,2026-02-16 03:00:00,49,24.48,32.52,25.85,37.27,0.93,76.05
1201A,2026-02-16 03:00:00,47,27.64,34.67,27.04,46.27,1.74,112.12
1202A,2026-02-16 03:00:00,181,117.79,147.91,15.89,34.2,0.97,119.7
1203A,2026-02-16 03:00:00,162,97.17,142.67,13.09,33.12,2.34,43.55
1204A,2026-02-16 03:00:00,70,50.45,41.81,17.21,16.33,0.59,92.43
4401A,2026-02-16 03:00:00,190,115.07,149.57,7.25,42.14,0.99,115.07
4402A,2026-02-16 03:00:00,166,105.84,136.24,25.2,38.29,1.82,77.0
4403A,2026-02-16 03:00:00,140,75.63,126.24,16.24,47.76,1.6,92.99
4404A,2026-02-16 03:00:00,137,80.27,105.9,15.77,38.05,2.38,24.88
4405A,2026-02-16 03:00:00,182,112.66,149.72,9.93,40.38,1.96,69.32
4406A,2026-02-16 03:00:00,66,34.02,47.79,12.11,34.63,0.83,110.76
4407A,2026-02-16 03:00:00,47,30.12,51.13,16.13,47.44,0.88,55.72
4408A,2026-02-16 03:00:00,63,37.18,42.32,16.97,38.29,1.35,109.72
4409A,2026-02-16 03:00:00,118,79.79,101.3,18.52,43.34,2.38,48.14
4401B,2026-02-16 03:00:00,134,86.45,109.7,27.23,17.3,0.85,99.83
4402B,2026-02-16 03:00:00,47,37.72,34.1,21.35,29.69,1.81,76.37
4403B,2026-02-16 03:00:00,162,104.15,124.81,11.38,23.32,1.01,96.97
4404B,2026-02-16 03:00:00,150,94.78,127.85,29.81,36.15,2.11,90.62
4405B,2026-02-16 03:00:00,101,62.56,92.11,13.14,16.78,2.29,44.9
4406B,2026-02-16 03:00:00,139,88.96,124.82,5.69,38.98,1.59,105.38
5101A,2026-02-16 03:00:00,191,114.86,142.12,13.78,18.57,1.59,73.2
5102A,2026-02-16 03:00:00,139,88.81,125.04,7.83,43.94,1.44,60.6
5103A,2026-02-16 03:00:00,119,73.59,104.48,27.42,27.55,1.0,71.75
5104A,2026-02-16 03:00:00,113,59.54,77.86,16.77,30.17,1.45,69.25
5105A,2026-02-16 03:00:00,51,36.53,33.5,7.31,43.04,1.47,94.1
5106A,2026-02-16 03:00:00,170,108.69,124.14,19.7,27.03,1.85,58.02
5107A,2026-02-16 03:00:00,167,96.04,135.67,28.19,27.34,1.23,56.97
1101A,2026-02-16 04:00:00,84,46.0,75.39,5.44,22.65,1.0,114.92
1102A,2026-02-16 04:00:00,84,53.71,78.1,20.31,30.38,2.03,38.42
1103A,2026-02-16 04:00:00,68,44.31,67.14,9.94,43.33,2.49,92.68
1104A,2026-02-16 04:00:00,143,84.23,104.38,23.67,42.74,1.74,106.55
1105A,2026-02-16 04:00:00,137,85.11,116.18,8.32,26.76,1.74,73.95
1106A,2026-02-16 04:00:00,79,45.05,69.87,6.6,15.49,1.22,51.53
1107A,2026-02-16 04:00:00,123,68.88,90.77,29.4,35.84,1.91,117.56
1108A,2026-02-16 04:00:00,64,38.72,53.6,29.62,47.87,0.56,37.33
1109A,2026-02-16 04:00:00,68,36.89,68.2,12.73,32.56,2.04,80.46
1201A,2026-02-16 04:00:00,84,40.74,74.08,28.98,25.22,0.7,117.97
1202A,2026-02-16 04:00:00,150,89.27,130.57,24.94,48.79,1.66,119.38
1203A,2026-02-16 04:00:00,112,57.6,88.11,6.55,16.75,0.54,29.01
1204A,2026-02-16 04:00:00,99,56.75,91.49,10.98,27.63,0.82,21.05
4401A,2026-02-16 04:00:00,144,76.85,114.25,11.77,15.91,2.44,62.57
4402A,2026-02-16 04:00:00,59,34.82,37.19,6.22,17.83,1.89,44.63
4403A,2026-02-16 04:00:00,107,72.12,85.91,24.22,30.94,2.41,31.31
4404A,2026-02-16 04:00:00,86,59.62,58.76,25.39,26.61,1.23,94.85
4405A,2026-02-16 04:00:00,85,59.47,66.91,23.02,18.61,0.92,72.09
4406A,2026-02-16 04:00:00,143,83.59,119.25,27.37,33.47,1.09,92.59
4407A,2026-02-16 04:00:00,68,46.38,41.93,14.36,41.91,1.32,23.58
4408A,2026-02-16 04:00:00,62,38.54,44.49,10.71,19.13,1.91,62.28
4409A,2026-02-16 04:00:00,162,104.75,121.3,10.89,48.08,1.14,24.25
4401B,2026-02-16 04:00:00,188,105.15,151.66,19.96,31.5,0.52,41.72
4402B,2026-02-16 04:00:00,178,109.72,146.73,20.39,46.65,1.55,59.7
4403B,2026-02-16 04:00:00,58,42.76,35.35,29.42,44.83,1.8,108.16
4404B,2026-02-16 04:00:00,53,39.82,29.93,22.2,40.69,1.88,66.3
4405B,2026-02-16 04:00:00,64,34.23,51.86,9.21,45.37,2.0,95.78
4406B,2026-02-16 04:00:00,78,43.04,60.86,25.97,16.32,2.23,106.95
5101A,2026-02-16 04:00:00,38,31.77,41.49,16.78,31.53,1.0,81.15
5102A,2026-02-16 04:00:00,185,105.54,139.62,20.66,38.26,2.1,43.03
5103A,2026-02-16 04:00:00,66,38.35,55.9,5.16,28.31,1.24,20.6
5104A,2026-02-16 04:00:00,119,75.19,88.85,9.15,18.23,2.12,39.83
5105A,2026-02-16 04:00:00,48,29.18,51.3,15.2,20.8,1.76,91.46
5106A,2026-02-16 04:00:00,184,102.9,149.61,8.5,47.95,2.2,39.41
5107A,2026-02-16 04:00:00,88,62.7,68.32,16.6,37.59,1.9,26.78
1101A,2026-02-16 05:00:00,159,86.79,135.23,10.57,20.7,1.85,40.37
1102A,2026-02-16 05:00:00,147,83.2,120.3,6.45,22.6,2.18,22.03
1103A,2026-02-16 05:00:00,114,74.84,76.51,18.87,33.54,2.25,87.01
1104A,2026-02-16 05:00:00,201,126.86,158.67,22.26,16.4,1.82,30.86
1105A,2026-02-16 05:00:00,130,76.1,92.46,25.37,16.77,2.35,31.89
1106A,2026-02-16 05:00:00,73,37.65,46.46,17.52,47.08,1.22,49.31
1107A,2026-02-16 05:00:00,79,39.11,71.61,11.72,33.18,2.16,27.41
1108A,2026-02-16 05:00:00,178,114.53,149.12,27.94,45.22,1.66,97.06
1109A,2026-02-16 05:00:00,101,57.91,76.54,6.46,44.6,1.36,115.56
1201A,2026-02-16 05:00:00,135,75.07,101.92,17.32,27.23,0.99,69.65
1202A,2026-02-16 05:00:00,147,85.31,111.71,9.81,22.51,2.28,43.43
1203A,2026-02-16 05:00:00,145,86.75,121.08,26.15,35.03,0.65,102.79
1204A,2026-02-16 05:00:00,182,108.41,158.54,19.99,41.94,2.3,55.46
4401A,2026-02-16 05:00:00,106,65.48,89.97,15.89,22.24,1.93,107.1
4402A,2026-02-16 05:00:00,70,43.97,42.42,12.11,46.96,1.16,72.84
4403A,2026-02-16 05:00:00,120,67.57,102.5,6.14,31.05,2.49,77.1
4404A,2026-02-16 05:00:00,115,64.7,100.4,28.55,29.28,1.89,41.95
4405A,2026-02-16 05:00:00,82,40.09,52.72,22.25,26.93,1.58,117.38
4406A,2026-02-16 05:00:00,87,59.95,66.01,23.94,34.73,2.02,67.35
4407A,2026-02-16 05:00:00,159,85.91,122.26,25.58,21.16,1.59,83.1
4408A,2026-02-16 05:00:00,164,96.89,127.18,9.37,26.4,1.83,119.09
4409A,2026-02-16 05:00:00,173,106.62,131.8,10.74,41.42,0.51,73.75
4401B,2026-02-16 05:00:00,156,100.86,134.48,15.07,29.64,1.27,33.87
4402B,2026-02-16 05:00:00,68,32.6,48.18,9.43,36.68,1.28,115.02
4403B,2026-02-16 05:00:00,63,42.24,51.81,11.5,47.81,1.39,44.39
4404B,2026-02-16 05:00:00,101,64.73,73.43,26.07,21.87,2.25,81.94
4405B,2026-02-16 05:00:00,85,54.06,73.16,17.38,40.47,1.11,111.53
4406B,2026-02-16 05:00:00,176,115.32,145.42,12.03,49.41,1.01,20.56
5101A,2026-02-16 05:00:00,115,76.23,86.6,9.57,17.47,0.69,100.66
5102A,2026-02-16 05:00:00,118,67.91,87.36,23.76,18.58,1.1,91.4
5103A,2026-02-16 05:00:00,55,25.46,45.36,17.04,37.1,0.95,79.83
5104A,2026-02-16 05:00:00,84,53.43,58.4,7.86,45.76,0.63,115.98
5105A,2026-02-16 05:00:00,133,82.48,104.79,17.22,45.14,2.44,76.01
5106A,2026-02-16 05:00:00,48,34.23,36.39,19.46,48.47,0.96,51.21
5107A,2026-02-16 05:00:00,114,67.77,104.73,9.81,49.45,1.53,61.3
1101A,2026-02-16 06:00:00,69,47.35,61.21,19.86,36.97,2.39,84.06
1102A,2026-02-16 06:00:00,140,87.85,112.84,20.82,20.77,1.61,40.53
1103A,2026-02-16 06:00:00,201,127.34,154.33,16.1,23.38,2.29,114.2
1104A,2026-02-16 06:00:00,140,93.63,112.75,20.37,22.88,2.31,92.38
1105A,2026-02-16 06:00:00,75,40.14,74.43,28.88,32.58,1.97,104.96
1106A,2026-02-16 06:00:00,71,49.33,63.12,17.64,17.51,1.94,40.41
1107A,2026-02-16 06:00:00,179,97.69,143.09,9.25,17.55,2.22,25.93
1108A,2026-02-16 06:00:00,143,89.62,102.03,24.18,30.85,1.17,118.3
1109A,2026-02-16 06:00:00,108,72.52,83.73,13.91,22.5,1.97,69.96
1201A,2026-02-16 06:00:00,92,48.16,81.03,25.48,18.07,1.93,46.47
1202A,2026-02-16 06:00:00,182,117.71,157.83,14.84,43.8,0.88,93.26
1203A,2026-02-16 06:00:00,56,41.14,58.59,27.11,39.21,1.97,66.51
1204A,2026-02-16 06:00:00,89,49.39,58.59,18.92,17.26,1.26,54.65
4401A,2026-02-16 06:00:00,62,43.63,45.52,14.21,34.57,1.79,84.37
4402A,2026-02-16 06:00:00,79,42.75,63.6,22.27,43.09,0.64,39.34
4403A,2026-02-16 06:00:00,67,37.66,40.17,8.22,38.44,2.03,41.78
4404A,2026-02-16 06:00:00,72,36.58,42.67,22.6,49.87,2.07,27.36
4405A,2026-02-16 06:00:00,109,58.99,102.12,9.15,45.63,1.89,111.26
4406A,2026-02-16 06:00:00,102,56.2,69.64,23.27,26.26,1.41,46.42
4407A,2026-02-16 06:00:00,67,35.38,59.46,20.21,47.97,2.3,114.7
4408A,2026-02-16 06:00:00,120,71.67,92.53,23.48,16.81,1.62,21.99
4409A,2026-02-16 06:00:00,197,120.6,167.97,5.11,28.89,0.96,54.83
4401B,2026-02-16 06:00:00,150,97.32,116.05,6.01,24.96,0.6,116.98
4402B,2026-02-16 06:00:00,132,81.25,119.7,6.06,47.89,1.03,74.86
4403B,2026-02-16 06:00:00,169,106.98,137.72,19.95,16.07,0.56,70.97
4404B,2026-02-16 06:00:00,43,19.93,21.11,23.06,30.34,0.73,38.96
4405B,2026-02-16 06:00:00,48,18.9,35.38,20.16,17.98,1.5,90.19
4406B,2026-02-16 06:00:00,66,34.21,54.0,27.88,36.52,1.94,100.62
5101A,2026-02-16 06:00:00,110,65.96,102.88,13.77,46.79,0.51,53.68
5102A,2026-02-16 06:00:00,197,110.08,162.22,13.31,44.3,2.44,22.29
5103A,2026-02-16 06:00:00,127,70.25,94.41,23.02,22.42,0.98,58.65
5104A,2026-02-16 06:00:00,204,131.66,177.26,27.21,30.97,2.2,89.49
5105A,2026-02-16 06:00:00,43,27.97,23.66,14.01,38.6,1.13,59.26
5106A,2026-02-16 06:00:00,200,114.33,161.92,9.49,35.99,1.27,101.63
5107A,2026-02-16 06:00:00,174,107.49,146.05,7.36,47.12,1.72,72.88
1101A,2026-02-16 07:00:00,123,64.83,97.5,28.38,26.76,1.1,75.67
1102A,2026-02-16 07:00:00,105,57.07,83.39,12.02,18.15,2.06,87.57
1103A,2026-02-16 07:00:00,70,37.7,70.9,16.7,26.09,1.73,47.9
1104A,2026-02-16 07:00:00,117,76.2,82.67,24.02,24.27,1.91,48.63
1105A,2026-02-16 07:00:00,136,79.03,120.72,29.09,25.23,1.42,111.33
1106A,2026-02-16 07:00:00,38,27.96,19.1,9.99,26.29,1.37,85.56
1107A,2026-02-16 07:00:00,189,117.29,156.76,21.77,23.38,0.79,32.85
1108A,2026-02-16 07:00:00,198,128.34,153.82,19.44,46.7,0.65,61.89
1109A,2026-02-16 07:00:00,122,70.92,91.53,8.0,48.73,1.49,80.95
1201A,2026-02-16 07:00:00,142,82.0,119.37,16.91,35.48,2.02,114.14
1202A,2026-02-16 07:00:00,141,76.06,109.31,24.35,40.23,2.48,21.86
1203A,2026-02-16 07:00:00,211,130.0,162.27,19.33,42.47,1.88,92.03
1204A,2026-02-16 07:00:00,118,63.52,82.62,28.77,25.12,1.45,35.35
4401A,2026-02-16 07:00:00,190,123.71,152.27,13.09,40.25,2.16,85.13
4402A,2026-02-16 07:00:00,57,28.7,41.02,9.21,46.97,1.25,31.07
4403A,2026-02-16 07:00:00,92,52.68,77.8,18.27,33.54,0.87,83.29
4404A,2026-02-16 07:00:00,118,74.04,90.39,14.32,19.64,1.71,98.78
4405A,2026-02-16 07:00:00,108,64.41,82.96,22.43,37.27,1.21,21.52
4406A,2026-02-16 07:00:00,51,33.06,44.15,9.1,24.85,0.81,54.66
4407A,2026-02-16 07:00:00,39,32.71,29.36,21.61,31.75,2.21,91.37
4408A,2026-02-16 07:00:00,172,95.81,142.3,12.04,18.49,1.84,56.53
4409A,2026-02-16 07:00:00,164,100.15,124.79,17.1,32.07,2.03,70.2
4401B,2026-02-16 07:00:00,133,83.75,119.0,15.6,35.09,1.55,42.62
4402B,2026-02-16 07:00:00,189,114.74,145.17,8.3,37.58,2.11,99.06
4403B,2026-02-16 07:00:00,111,62.96,74.96,21.29,39.4,1.03,68.57
4404B,2026-02-16 07:00:00,188,117.66,159.93,20.53,27.12,2.2,113.57
4405B,2026-02-16 07:00:00,86,51.3,71.7,29.65,20.75,0.92,94.42
4406B,2026-02-16 07:00:00,37,30.29,19.27,13.16,27.38,1.3,28.62
5101A,2026-02-16 07:00:00,128,81.45,113.59,12.17,21.2,1.08,90.79
5102A,2026-02-16 07:00:00,136,88.82,108.9,26.39,32.49,2.23,79.02
5103A,2026-02-16 07:00:00,89,53.39,70.94,20.04,24.83,1.28,42.38
5104A,2026-02-16 07:00:00,90,60.36,81.03,20.1,44.93,1.75,104.5
5105A,2026-02-16 07:00:00,116,71.25,104.96,9.93,32.6,2.46,57.38
5106A,2026-02-16 07:00:00,71,35.36,62.13,27.93,20.45,1.78,103.93
5107A,2026-02-16 07:00:00,128,76.28,102.45,28.18,24.8,0.91,39.17
1101A,2026-02-16 08:00:00,166,92.84,143.94,13.28,48.59,0.74,69.36
1102A,2026-02-16 08:00:00,100,59.89,68.79,22.86,38.9,1.37,88.56
1103A,2026-02-16 08:00:00,134,89.45,120.6,27.08,24.69,0.73,63.1
1104A,2026-02-16 08:00:00,116,67.89,97.7,14.68,30.87,2.22,61.29
1105A,2026-02-16 08:00:00,128,79.85,92.18,26.54,20.7,2.32,33.87
1106A,2026-02-16 08:00:00,66,43.76,50.13,5.64,38.75,1.72,113.31
1107A,2026-02-16 08:00:00,147,83.54,111.52,21.73,25.02,0.77,88.46
1108A,2026-02-16 08:00:00,142,77.71,124.29,18.94,28.84,0.5,102.71
1109A,2026-02-16 08:00:00,79,39.22,57.02,19.94,25.21,2.23,45.74
1201A,2026-02-16 08:00:00,45,23.61,47.68,29.71,18.1,1.63,107.72
1202A,2026-02-16 08:00:00,151,97.91,127.13,9.53,41.11,1.04,90.53
1203A,2026-02-16 08:00:00,129,81.49,96.25,25.92,48.93,1.23,103.74
1204A,2026-02-16 08:00:00,172,96.61,132.29,24.85,27.64,2.45,34.49
4401A,2026-02-16 08:00:00,62,37.03,53.9,21.23,30.19,2.26,102.15
4402A,2026-02-16 08:00:00,57,32.94,55.37,21.36,27.99,1.81,67.99
4403A,2026-02-16 08:00:00,58,39.31,35.11,16.85,22.01,2.11,34.27
4404A,2026-02-16 08:00:00,86,58.48,77.06,22.86,38.41,1.1,100.7
4405A,2026-02-16 08:00:00,37,17.55,25.49,6.28,44.82,2.02,86.07
4406A,2026-02-16 08:00:00,165,93.37,137.29,23.35,35.6,1.47,70.16
4407A,2026-02-16 08:00:00,147,96.73,110.68,14.98,17.25,1.29,30.78
4408A,2026-02-16 08:00:00,201,127.72,148.66,6.51,18.85,0.71,70.16
4409A,2026-02-16 08:00:00,181,107.02,155.8,5.43,40.99,1.8,47.56
4401B,2026-02-16 08:00:00,158,94.24,130.62,16.12,20.62,2.06,65.77
4402B,2026-02-16 08:00:00,153,88.55,109.76,27.71,27.23,1.98,24.34
4403B,2026-02-16 08:00:00,78,43.3,52.03,27.4,31.33,1.63,97.77
4404B,2026-02-16 08:00:00,154,87.72,120.5,29.53,25.42,1.43,96.94
4405B,2026-02-16 08:00:00,164,103.48,116.22,17.65,24.79,1.4,63.43
4406B,2026-02-16 08:00:00,211,128.36,154.09,16.29,16.38,1.09,118.15
5101A,2026-02-16 08:00:00,70,51.97,65.4,15.3,41.09,1.59,25.35
5102A,2026-02-16 08:00:00,187,118.07,159.23,7.05,17.99,0.88,41.95
5103A,2026-02-16 08:00:00,150,88.61,108.13,5.99,21.7,1.94,30.1
5104A,2026-02-16 08:00:00,114,71.65,77.0,23.0,21.75,1.61,63.72
5105A,2026-02-16 08:00:00,151,83.23,120.09,7.36,42.0,0.65,57.47
5106A,2026-02-16 08:00:00,118,63.84,105.58,8.31,22.91,1.1,93.16
5107A,2026-02-16 08:00:00,128,79.92,106.6,11.58,29.91,2.43,84.7
1101A,2026-02-16 09:00:00,89,63.0,81.8,19.37,28.04,1.4,64.67
1102A,2026-02-16 09:00:00,199,126.38,148.85,22.42,40.26,0.74,77.03
1103A,2026-02-16 09:00:00,49,30.22,49.08,27.84,27.23,0.81,72.0
1104A,2026-02-16 09:00:00,137,81.87,109.85,5.02,18.87,1.55,27.86
1105A,2026-02-16 09:00:00,72,33.53,57.61,9.53,18.41,2.27,57.43
1106A,2026-02-16 09:00:00,139,93.33,108.61,14.12,32.23,0.84,47.57
1107A,2026-02-16 09:00:00,169,102.42,133.19,10.28,44.46,2.03,89.28
1108A,2026-02-16 09:00:00,159,88.32,124.25,12.12,36.09,1.07,60.82
1109A,2026-02-16 09:00:00,121,65.59,84.6,24.22,34.15,0.84,29.11
1201A,2026-02-16 09:00:00,205,120.15,176.84,14.89,22.43,1.52,31.84
1202A,2026-02-16 09:00:00,111,76.14,96.33,21.44,27.2,1.66,76.4
1203A,2026-02-16 09:00:00,58,33.41,57.34,22.44,43.22,2.3,23.04
1204A,2026-02-16 09:00:00,51,22.22,42.0,6.12,21.6,0.62,59.63
4401A,2026-02-16 09:00:00,52,37.45,55.4,5.24,17.1,1.7,29.41
4402A,2026-02-16 09:00:00,154,88.12,132.57,20.46,39.63,1.71,60.95
4403A,2026-02-16 09:00:00,220,140.12,182.87,20.2,28.53,0.53,92.65
4404A,2026-02-16 09:00:00,162,93.74,137.71,29.37,49.62,2.49,108.19
4405A,2026-02-16 09:00:00,71,32.84,59.74,8.59,44.8,1.53,92.49
4406A,2026-02-16 09:00:00,63,42.15,63.33,20.12,15.06,1.74,46.35
4407A,2026-02-16 09:00:00,159,96.53,131.26,17.67,47.71,1.24,67.87
4408A,2026-02-16 09:00:00,161,99.1,141.83,18.65,42.3,1.63,93.13
4409A,2026-02-16 09:00:00,159,101.17,137.42,14.15,22.66,1.75,29.36
4401B,2026-02-16 09:00:00,57,39.53,40.13,19.85,31.07,1.87,106.98
4402B,2026-02-16 09:00:00,120,64.0,104.77,23.45,18.51,2.39,105.82
4403B,2026-02-16 09:00:00,207,119.78,159.36,13.6,30.7,2.25,101.95
4404B,2026-02-16 09:00:00,46,25.15,32.18,26.34,26.41,1.27,50.18
4405B,2026-02-16 09:00:00,127,78.92,109.94,24.79,16.43,0.85,110.35
4406B,2026-02-16 09:00:00,84,51.27,74.22,18.01,30.36,1.15,64.39
5101A,2026-02-16 09:00:00,68,43.79,48.77,5.35,42.56,1.5,40.5
5102A,2026-02-16 09:00:00,102,53.45,84.03,28.3,24.1,2.37,100.68
5103A,2026-02-16 09:00:00,187,112.23,162.99,16.62,30.29,0.63,105.68
5104A,2026-02-16 09:00:00,132,76.91,113.24,23.32,33.62,2.24,31.76
5105A,2026-02-16 09:00:00,52,37.51,30.39,16.51,33.9,1.35,24.66
5106A,2026-02-16 09:00:00,151,82.17,121.09,26.66,17.9,0.59,96.5
5107A,2026-02-16 09:00:00,193,114.91,152.69,18.08,23.83,2.48,107.96
1101A,2026-02-16 10:00:00,183,108.75,158.75,25.41,25.58,2.32,89.91
1102A,2026-02-16 10:00:00,200,127.12,158.96,8.35,42.44,0.57,42.82
1103A,2026-02-16 10:00:00,168,93.34,136.61,5.65,32.94,1.16,24.75
1104A,2026-02-16 10:00:00,221,142.52,166.48,23.72,29.57,1.53,54.29
1105A,2026-02-16 10:00:00,58,32.89,47.36,7.7,42.03,1.08,119.19
1106A,2026-02-16 10:00:00,143,79.55,112.63,8.14,30.41,1.62,89.73
1107A,2026-02-16 10:00:00,78,47.63,73.61,23.37,30.09,1.6,94.99
1108A,2026-02-16 10:00:00,152,83.96,107.96,25.52,42.32,2.17,53.0
1109A,2026-02-16 10:00:00,106,67.73,75.74,15.59,33.29,1.06,115.61
1201A,2026-02-16 10:00:00,143,89.07,114.86,18.12,44.92,2.17,74.13
1202A,2026-02-16 10:00:00,182,103.32,132.91,22.91,34.09,1.34,74.13
1203A,2026-02-16 10:00:00,136,84.79,103.16,26.37,48.42,2.25,52.46
1204A,2026-02-16 10:00:00,181,103.97,144.06,7.06,21.48,1.45,64.57
4401A,2026-02-16 10:00:00,55,36.44,49.95,16.12,42.71,2.4,113.27
4402A,2026-02-16 10:00:00,100,61.95,94.91,24.96,19.79,1.51,96.22
4403A,2026-02-16 10:00:00,118,80.07,108.2,17.71,30.81,0.89,49.5
4404A,2026-02-16 10:00:00,142,80.28,113.67,23.97,17.84,1.66,80.92
4405A,2026-02-16 10:00:00,67,47.7,62.12,24.07,15.23,0.95,82.69
4406A,2026-02-16 10:00:00,133,73.4,117.32,8.24,19.86,0.7,27.63
4407A,2026-02-16 10:00:00,168,100.51,148.32,25.61,44.77,0.7,47.88
4408A,2026-02-16 10:00:00,126,82.28,102.13,18.0,17.31,1.85,70.87
4409A,2026-02-16 10:00:00,87,61.1,57.21,24.1,31.61,0.63,28.77
4401B,2026-02-16 10:00:00,105,57.33,94.02,6.72,19.46,1.66,43.24
4402B,2026-02-16 10:00:00,145,81.61,124.28,24.6,46.79,0.86,29.29
4403B,2026-02-16 10:00:00,142,75.76,127.85,14.33,23.81,1.71,94.81
4404B,2026-02-16 10:00:00,42,23.57,41.98,25.37,37.35,0.54,112.42
4405B,2026-02-16 10:00:00,198,121.98,145.52,5.56,17.65,1.99,21.43
4406B,2026-02-16 10:00:00,171,93.28,139.25,20.2,34.93,2.14,106.52
5101A,2026-02-16 10:00:00,82,57.87,64.64,23.88,45.68,1.1,99.95
5102A,2026-02-16 10:00:00,91,62.16,81.61,9.03,36.27,1.49,39.49
5103A,2026-02-16 10:00:00,165,98.91,145.71,9.91,44.33,2.1,77.67
5104A,2026-02-16 10:00:00,82,47.4,68.06,25.82,36.52,1.22,76.26
5105A,2026-02-16 10:00:00,178,106.14,135.46,13.37,20.45,0.8,34.6
5106A,2026-02-16 10:00:00,66,46.43,54.34,9.74,32.87,1.11,111.97
5107A,2026-02-16 10:00:00,150,81.3,120.32,28.55,44.52,0.76,52.22
1101A,2026-02-16 11:00:00,224,138.62,173.36,15.76,46.29,1.48,93.06
1102A,2026-02-16 11:00:00,123,80.4,94.71,5.44,32.21,1.79,103.67
1103A,2026-02-16 11:00:00,165,93.78,144.79,11.84,21.75,1.19,68.78
1104A,2026-02-16 11:00:00,183,109.06,138.39,28.3,36.61,1.19,66.22
1105A,2026-02-16 11:00:00,191,106.76,161.97,25.52,18.49,1.63,87.52
1106A,2026-02-16 11:00:00,156,102.77,121.01,18.4,44.0,1.73,41.99
1107A,2026-02-16 11:00:00,109,67.01,92.15,6.99,47.19,0.51,89.98
1108A,2026-02-16 11:00:00,80,50.92,73.72,20.95,43.86,1.78,75.57
1109A,2026-02-16 11:00:00,173,102.02,149.93,29.85,39.93,1.8,34.56
1201A,2026-02-16 11:00:00,91,57.32,76.93,18.55,16.93,1.1,108.41
1202A,2026-02-16 11:00:00,82,49.71,77.56,24.91,37.57,2.27,36.97
1203A,2026-02-16 11:00:00,94,61.46,60.31,8.26,22.7,2.38,100.45
1204A,2026-02-16 11:00:00,43,26.45,46.09,15.01,48.07,2.49,80.47
4401A,2026-02-16 11:00:00,85,43.68,65.48,7.0,31.72,1.55,29.26
4402A,2026-02-16 11:00:00,136,87.55,105.56,25.34,49.58,2.17,35.29
4403A,2026-02-16 11:00:00,49,22.37,37.98,25.23,18.97,1.84,55.07
4404A,2026-02-16 11:00:00,40,20.75,19.87,22.38,31.28,1.06,26.38
4405A,2026-02-16 11:00:00,84,50.97,79.96,15.55,18.12,1.6,39.26
4406A,2026-02-16 11:00:00,100,63.18,75.89,20.01,29.78,2.2,98.6
4407A,2026-02-16 11:00:00,62,39.53,53.85,27.4,29.36,1.46,84.8
4408A,2026-02-16 11:00:00,80,45.68,51.23,11.08,39.45,1.77,112.84
4409A,2026-02-16 11:00:00,207,119.67,153.62,29.42,33.18,0.79,66.17
4401B,2026-02-16 11:00:00,38,31.09,29.64,18.31,47.6,0.65,109.15
4402B,2026-02-16 11:00:00,63,38.73,41.87,6.47,21.27,0.76,45.51
4403B,2026-02-16 11:00:00,173,102.13,149.17,13.66,17.66,1.04,102.65
4404B,2026-02-16 11:00:00,187,103.06,145.09,15.54,27.56,0.86,48.84
4405B,2026-02-16 11:00:00,71,35.34,43.67,6.84,19.19,2.06,50.9
4406B,2026-02-16 11:00:00,169,101.97,135.32,15.7,17.78,1.17,118.6
5101A,2026-02-16 11:00:00,95,55.23,86.03,20.4,31.44,1.97,25.5
5102A,2026-02-16 11:00:00,113,64.6,85.4,13.23,47.77,1.7,72.14
5103A,2026-02-16 11:00:00,119,66.38,106.33,14.17,45.82,2.21,32.39
5104A,2026-02-16 11:00:00,102,67.64,87.93,5.22,37.03,2.35,57.77
5105A,2026-02-16 11:00:00,102,67.31,81.34,25.97,27.78,1.14,31.63
5106A,2026-02-16 11:00:00,62,30.5,55.04,26.88,25.13,1.68,23.07
5107A,2026-02-16 11:00:00,58,37.44,50.48,11.6,26.62,1.02,52.13
1101A,2026-02-16 12:00:00,76,38.26,46.29,16.27,18.71,1.04,114.29
1102A,2026-02-16 12:00:00,107,56.94,73.1,14.25,22.02,2.49,91.4
1103A,2026-02-16 12:00:00,55,35.86,52.66,10.15,22.76,1.25,44.05
1104A,2026-02-16 12:00:00,197,122.47,149.67,14.78,32.75,1.62,85.61
1105A,2026-02-16 12:00:00,171,112.17,127.13,14.82,22.06,1.48,78.86
1106A,2026-02-16 12:00:00,211,134.16,171.75,9.08,37.68,2.29,60.75
1107A,2026-02-16 12:00:00,57,40.78,32.8,20.72,40.74,2.15,117.3
1108A,2026-02-16 12:00:00,187,108.47,159.08,21.48,28.14,1.91,83.14
1109A,2026-02-16 12:00:00,96,60.4,75.87,26.06,19.75,2.3,96.81
1201A,2026-02-16 12:00:00,54,25.96,46.08,12.52,32.29,1.31,41.7
1202A,2026-02-16 12:00:00,78,46.67,61.52,17.83,48.15,1.7,110.62
1203A,2026-02-16 12:00:00,61,44.23,35.72,11.8,21.45,1.18,50.14
1204A,2026-02-16 12:00:00,132,88.35,106.95,15.02,39.75,0.93,28.6
4401A,2026-02-16 12:00:00,122,65.12,101.41,12.15,28.82,0.95,95.93
4402A,2026-02-16 12:00:00,139,81.5,123.23,20.47,34.81,1.91,82.39
4403A,2026-02-16 12:00:00,130,87.15,105.6,27.38,28.27,0.78,57.17
4404A,2026-02-16 12:00:00,54,36.02,29.36,10.83,47.63,0.57,86.77
4405A,2026-02-16 12:00:00,113,68.91,80.49,16.38,34.06,1.09,40.98
4406A,2026-02-16 12:00:00,105,71.7,85.63,20.93,26.39,2.22,25.58
4407A,2026-02-16 12:00:00,84,57.96,60.03,11.47,31.58,1.52,89.91
4408A,2026-02-16 12:00:00,63,39.9,61.47,18.57,37.48,2.37,95.6
4409A,2026-02-16 12:00:00,136,77.13,105.88,6.68,42.01,1.76,31.18
4401B,2026-02-16 12:00:00,76,47.29,71.37,12.26,41.09,2.12,111.2
4402B,2026-02-16 12:00:00,83,54.04,62.71,14.03,20.54,2.3,114.39
4403B,2026-02-16 12:00:00,55,39.89,37.83,17.04,46.01,2.27,98.04
4404B,2026-02-16 12:00:00,67,39.09,46.91,19.6,24.52,1.5,21.73
4405B,2026-02-16 12:00:00,201,121.84,149.42,15.35,42.42,2.35,69.95
4406B,2026-02-16 12:00:00,171,111.34,141.16,21.03,38.93,1.34,101.56
5101A,2026-02-16 12:00:00,131,81.86,92.68,17.48,21.21,1.95,64.09
5102A,2026-02-16 12:00:00,59,36.45,38.67,12.69,26.52,0.85,85.27
5103A,2026-02-16 12:00:00,198,123.05,160.27,24.67,31.55,1.81,21.82
5104A,2026-02-16 12:00:00,80,51.83,58.77,15.89,23.16,1.04,60.04
5105A,2026-02-16 12:00:00,210,117.39,174.12,14.08,36.53,1.72,118.19
5106A,2026-02-16 12:00:00,75,37.07,66.33,27.47,24.78,1.72,92.52
5107A,2026-02-16 12:00:00,219,126.2,164.2,19.71,25.97,2.46,113.51
1101A,2026-02-16 13:00:00,68,50.69,46.22,8.34,27.03,1.53,74.95
1102A,2026-02-16 13:00:00,161,103.03,133.65,13.61,37.74,1.67,113.4
1103A,2026-02-16 13:00:00,183,118.35,151.26,28.48,28.16,0.91,67.51
1104A,2026-02-16 13:00:00,145,82.26,128.89,17.71,25.45,1.19,93.44
1105A,2026-02-16 13:00:00,54,39.52,51.76,18.23,37.34,1.88,23.56
1106A,2026-02-16 13:00:00,89,49.94,70.55,26.65,15.67,1.2,46.35
1107A,2026-02-16 13:00:00,38,24.93,41.16,23.58,45.18,0.93,90.85
1108A,2026-02-16 13:00:00,87,45.53,66.99,7.55,20.68,2.12,87.55
1109A,2026-02-16 13:00:00,91,46.04,68.38,18.55,32.49,1.76,89.81
1201A,2026-02-16 13:00:00,112,64.17,98.63,7.75,38.33,1.5,65.75
1202A,2026-02-16 13:00:00,54,28.69,31.73,20.04,34.97,0.74,113.73
1203A,2026-02-16 13:00:00,136,84.34,97.23,10.84,36.51,1.25,38.65
1204A,2026-02-16 13:00:00,63,32.43,37.2,24.04,39.13,0.57,75.73
4401A,2026-02-16 13:00:00,122,80.45,86.02,15.78,36.9,0.73,34.84
4402A,2026-02-16 13:00:00,175,102.13,146.76,8.19,16.54,0.73,20.21
4403A,2026-02-16 13:00:00,174,95.78,140.65,26.6,31.59,1.81,95.15
4404A,2026-02-16 13:00:00,82,58.51,69.4,7.65,39.54,1.38,78.38
4405A,2026-02-16 13:00:00,221,142.43,175.44,10.86,46.68,1.55,92.8
4406A,2026-02-16 13:00:00,224,143.84,175.88,18.62,32.62,2.25,63.94
4407A,2026-02-16 13:00:00,86,50.15,66.9,12.86,45.56,2.46,34.12
4408A,2026-02-16 13:00:00,153,85.61,134.59,15.55,29.73,0.69,79.27
4409A,2026-02-16 13:00:00,103,63.15,72.37,19.95,45.42,2.16,30.43
4401B,2026-02-16 13:00:00,53,24.8,34.36,16.18,29.1,1.89,92.56
4402B,2026-02-16 13:00:00,153,89.63,131.91,29.56,17.18,1.01,92.37
4403B,2026-02-16 13:00:00,164,107.89,118.61,16.54,20.99,2.17,81.5
4404B,2026-02-16 13:00:00,160,97.15,136.98,21.09,37.1,1.92,104.0
4405B,2026-02-16 13:00:00,108,66.62,100.87,18.42,28.02,0.77,40.33
4406B,2026-02-16 13:00:00,137,84.97,122.81,23.63,28.59,1.7,113.57
5101A,2026-02-16 13:00:00,76,43.92,59.86,29.64,16.54,0.83,82.25
5102A,2026-02-16 13:00:00,165,103.79,131.56,6.13,23.55,1.51,109.7
5103A,2026-02-16 13:00:00,57,43.91,52.0,16.79,35.2,0.75,31.37
5104A,2026-02-16 13:00:00,71,43.19,47.11,6.91,32.78,1.54,42.36
5105A,2026-02-16 13:00:00,159,93.2,112.32,12.42,43.0,0.6,25.14
5106A,2026-02-16 13:00:00,196,107.77,151.37,9.81,32.95,0.68,85.04
5107A,2026-02-16 13:00:00,175,95.28,132.74,23.5,15.0,1.45,95.9
1101A,2026-02-16 14:00:00,176,101.66,145.83,22.09,28.63,2.36,88.27
1102A,2026-02-16 14:00:00,92,56.59,73.98,14.03,32.72,2.4,112.67
1103A,2026-02-16 14:00:00,137,72.47,110.08,13.9,18.95,1.86,66.02
1104A,2026-02-16 14:00:00,172,100.86,124.48,18.03,31.46,1.94,46.38
1105A,2026-02-16 14:00:00,85,44.66,55.44,13.69,19.57,0.57,34.49
1106A,2026-02-16 14:00:00,223,131.67,165.26,7.47,29.28,0.98,115.46
1107A,2026-02-16 14:00:00,50,34.13,32.02,14.16,36.44,1.96,64.42
1108A,2026-02-16 14:00:00,161,103.01,129.72,25.4,19.59,1.56,85.4
1109A,2026-02-16 14:00:00,161,92.84,128.41,23.78,46.41,1.34,60.7
1201A,2026-02-16 14:00:00,190,112.86,140.08,12.61,23.09,1.94,81.97
1202A,2026-02-16 14:00:00,168,108.57,133.56,29.13,33.29,1.28,106.66
1203A,2026-02-16 14:00:00,153,98.91,133.55,29.66,32.36,2.04,23.64
1204A,2026-02-16 14:00:00,110,59.09,80.13,17.51,31.57,1.11,54.85
4401A,2026-02-16 14:00:00,175,107.71,135.16,28.61,29.64,1.36,23.1
4402A,2026-02-16 14:00:00,122,69.17,105.78,16.27,15.91,0.82,30.74
4403A,2026-02-16 14:00:00,198,115.73,143.48,18.5,26.9,1.79,21.39
4404A,2026-02-16 14:00:00,90,54.67,71.81,11.41,26.38,0.76,59.68
4405A,2026-02-16 14:00:00,165,92.12,125.89,14.38,28.01,1.77,80.91
4406A,2026-02-16 14:00:00,195,123.02,150.55,16.09,31.29,1.04,39.2
4407A,2026-02-16 14:00:00,211,117.32,155.91,28.36,17.97,1.84,97.5
4408A,2026-02-16 14:00:00,160,95.06,140.29,12.41,28.39,1.06,110.6
4409A,2026-02-16 14:00:00,88,61.51,61.5,27.45,16.76,2.1,54.39
4401B,2026-02-16 14:00:00,166,107.47,122.31,9.0,31.87,2.42,109.71
4402B,2026-02-16 14:00:00,87,56.94,81.18,21.63,24.0,1.6,83.22
4403B,2026-02-16 14:00:00,203,123.18,173.54,28.99,26.82,0.62,31.97
4404B,2026-02-16 14:00:00,198,118.02,159.23,18.39,21.02,0.73,94.12
4405B,2026-02-16 14:00:00,141,90.02,106.24,21.98,49.73,1.54,49.73
4406B,2026-02-16 14:00:00,95,49.26,78.12,9.3,30.72,1.73,36.35
5101A,2026-02-16 14:00:00,190,115.66,157.73,25.9,15.84,0.59,41.14
5102A,2026-02-16 14:00:00,73,38.86,43.5,10.67,24.53,1.23,37.76
5103A,2026-02-16 14:00:00,113,73.71,103.34,22.6,39.43,1.49,105.46
5104A,2026-02-16 14:00:00,186,108.27,144.88,27.61,37.94,0.86,39.39
5105A,2026-02-16 14:00:00,180,105.94,136.21,23.53,16.3,1.65,105.29
5106A,2026-02-16 14:00:00,41,16.19,35.01,27.29,32.96,2.08,74.27
5107A,2026-02-16 14:00:00,106,61.42,96.12,6.73,25.71,1.74,56.5
1101A,2026-02-16 15:00:00,52,26.57,43.86,19.8,21.28,2.4,62.37
1102A,2026-02-16 15:00:00,112,69.91,76.5,13.18,26.95,1.06,107.98
1103A,2026-02-16 15:00:00,58,35.14,59.22,28.8,25.9,2.47,112.45
1104A,2026-02-16 15:00:00,194,111.8,168.29,15.11,45.58,2.22,110.15
1105A,2026-02-16 15:00:00,198,122.84,144.89,12.06,28.16,2.14,115.2
1106A,2026-02-16 15:00:00,123,74.63,85.93,26.16,36.46,1.2,105.71
1107A,2026-02-16 15:00:00,86,56.13,59.61,7.82,26.24,1.74,61.69
1108A,2026-02-16 15:00:00,68,46.53,42.75,29.87,46.13,2.06,79.76
1109A,2026-02-16 15:00:00,62,31.46,38.25,7.92,41.97,0.75,40.39
1201A,2026-02-16 15:00:00,213,123.8,161.73,18.88,47.14,1.61,65.89
1202A,2026-02-16 15:00:00,133,73.06,95.08,6.23,26.82,1.62,58.25
1203A,2026-02-16 15:00:00,172,99.55,122.96,19.19,20.36,1.25,40.52
1204A,2026-02-16 15:00:00,58,31.63,35.45,6.55,24.91,1.43,35.2
4401A,2026-02-16 15:00:00,93,65.06,75.65,9.97,28.96,1.63,116.94
4402A,2026-02-16 15:00:00,172,102.92,148.28,28.63,18.91,1.22,116.46
4403A,2026-02-16 15:00:00,166,98.3,130.55,20.23,24.75,0.7,98.23
4404A,2026-02-16 15:00:00,187,108.98,160.69,12.09,39.01,2.32,83.23
4405A,2026-02-16 15:00:00,211,126.62,163.5,24.91,32.5,1.77,83.1
4406A,2026-02-16 15:00:00,36,24.04,37.4,6.35,41.75,1.18,104.28
4407A,2026-02-16 15:00:00,199,110.3,157.26,20.97,23.57,0.57,44.19
4408A,2026-02-16 15:00:00,69,33.69,51.49,14.42,17.07,2.43,53.6
4409A,2026-02-16 15:00:00,83,44.46,65.15,5.45,18.99,2.06,104.87
4401B,2026-02-16 15:00:00,63,38.21,61.93,15.16,34.23,1.77,99.07
4402B,2026-02-16 15:00:00,122,71.16,93.03,13.88,18.9,0.9,37.19
4403B,2026-02-16 15:00:00,82,48.75,56.2,27.09,27.81,1.29,31.35
4404B,2026-02-16 15:00:00,85,58.59,56.94,19.02,30.54,1.49,55.73
4405B,2026-02-16 15:00:00,123,67.4,112.27,21.65,31.09,2.3,20.25
4406B,2026-02-16 15:00:00,110,64.3,75.02,7.53,19.56,1.07,63.81
5101A,2026-02-16 15:00:00,188,106.0,146.57,15.42,31.26,0.85,47.16
5102A,2026-02-16 15:00:00,102,54.33,76.51,26.42,45.86,0.99,39.91
5103A,2026-02-16 15:00:00,36,20.87,41.66,7.19,22.89,1.13,106.35
5104A,2026-02-16 15:00:00,139,76.37,123.14,10.18,39.97,0.59,66.03
5105A,2026-02-16 15:00:00,80,55.62,65.97,6.96,28.21,2.43,72.24
5106A,2026-02-16 15:00:00,93,47.72,80.88,25.67,46.92,1.79,109.36
5107A,2026-02-16 15:00:00,156,90.03,136.87,20.96,18.81,2.02,47.98
1101A,2026-02-16 16:00:00,181,101.29,133.01,7.49,22.9,1.94,116.47
1102A,2026-02-16 16:00:00,63,38.1,44.58,21.32,21.68,1.6,47.69
1103A,2026-02-16 16:00:00,157,98.84,135.95,13.05,42.51,1.47,88.25
1104A,2026-02-16 16:00:00,177,112.49,148.54,24.25,23.3,2.08,98.52
1105A,2026-02-16 16:00:00,69,44.61,49.85,20.03,41.77,0.82,28.29
1106A,2026-02-16 16:00:00,183,101.71,133.67,27.98,36.15,0.62,47.85
1107A,2026-02-16 16:00:00,174,96.49,147.43,29.94,42.71,1.07,43.86
1108A,2026-02-16 16:00:00,200,125.01,164.2,22.97,27.27,1.93,54.04
1109A,2026-02-16 16:00:00,73,49.05,43.59,13.17,27.38,1.37,79.52
1201A,2026-02-16 16:00:00,186,105.11,163.52,11.53,28.49,1.13,37.0
1202A,2026-02-16 16:00:00,168,110.53,124.94,21.14,28.61,2.42,66.57
1203A,2026-02-16 16:00:00,48,27.56,44.46,29.84,26.97,2.02,29.9
1204A,2026-02-16 16:00:00,42,24.95,24.37,16.88,27.65,1.12,66.35
4401A,2026-02-16 16:00:00,200,118.33,174.52,11.29,40.49,0.65,106.27
4402A,2026-02-16 16:00:00,145,94.42,112.47,29.11,31.25,0.54,38.95
4403A,2026-02-16 16:00:00,152,93.51,125.63,29.22,33.86,0.65,38.17
4404A,2026-02-16 16:00:00,214,135.92,157.85,5.02,40.3,1.38,21.55
4405A,2026-02-16 16:00:00,141,85.2,109.68,25.28,44.29,0.95,67.42
4406A,2026-02-16 16:00:00,152,83.06,119.87,20.96,27.88,0.87,99.73
4407A,2026-02-16 16:00:00,184,102.42,139.49,12.7,48.21,1.44,22.8
4408A,2026-02-16 16:00:00,141,85.15,109.34,23.95,29.27,1.09,74.42
4409A,2026-02-16 16:00:00,182,114.7,137.27,20.67,26.75,1.8,93.63
4401B,2026-02-16 16:00:00,115,72.9,106.01,10.47,17.67,0.94,34.38
4402B,2026-02-16 16:00:00,37,27.94,25.05,21.63,25.82,1.28,23.11
4403B,2026-02-16 16:00:00,39,23.02,18.16,22.03,15.16,1.99,96.36
4404B,2026-02-16 16:00:00,43,26.73,35.32,12.25,32.68,2.06,107.44
4405B,2026-02-16 16:00:00,60,28.03,60.76,15.44,19.97,2.24,84.24
4406B,2026-02-16 16:00:00,199,117.75,171.77,20.64,38.98,2.37,72.27
5101A,2026-02-16 16:00:00,123,77.02,90.9,24.17,28.52,1.87,64.85
5102A,2026-02-16 16:00:00,213,118.94,164.38,5.42,43.36,2.36,64.17
5103A,2026-02-16 16:00:00,38,13.13,32.61,5.74,44.06,2.1,40.98
5104A,2026-02-16 16:00:00,130,75.57,103.43,16.43,41.78,2.34,116.81
5105A,2026-02-16 16:00:00,91,61.3,76.0,15.41,40.47,1.29,65.31
5106A,2026-02-16 16:00:00,52,32.56,44.58,11.88,48.71,0.88,65.05
5107A,2026-02-16 16:00:00,44,26.14,23.63,19.32,22.6,2.01,101.08
1101A,2026-02-16 17:00:00,105,60.59,90.9,7.1,45.0,1.41,72.35
1102A,2026-02-16 17:00:00,62,31.45,54.16,13.78,42.04,2.24,59.18
1103A,2026-02-16 17:00:00,171,100.57,145.65,10.41,23.16,1.1,71.7
1104A,2026-02-16 17:00:00,124,68.76,109.35,24.37,26.63,0.51,65.99
1105A,2026-02-16 17:00:00,152,83.21,123.68,6.26,21.47,0.82,22.22
1106A,2026-02-16 17:00:00,175,106.03,137.86,13.82,39.3,2.08,32.96
1107A,2026-02-16 17:00:00,102,59.41,66.92,23.43,30.47,0.91,45.23
1108A,2026-02-16 17:00:00,113,65.91,98.64,6.21,40.62,1.55,78.31
1109A,2026-02-16 17:00:00,38,13.78,45.18,15.05,25.17,2.01,112.31
1201A,2026-02-16 17:00:00,173,94.3,145.75,5.31,21.97,2.25,67.15
1202A,2026-02-16 17:00:00,151,91.64,113.91,19.12,17.26,0.99,115.92
1203A,2026-02-16 17:00:00,102,51.61,69.22,13.74,26.33,0.6,83.99
1204A,2026-02-16 17:00:00,83,40.55,65.71,8.36,27.59,1.33,39.18
4401A,2026-02-16 17:00:00,133,75.64,116.23,6.13,32.52,1.5,58.7
4402A,2026-02-16 17:00:00,108,58.45,75.05,23.59,45.38,2.26,23.27
4403A,2026-02-16 17:00:00,178,104.24,128.51,13.19,40.11,2.45,63.26
4404A,2026-02-16 17:00:00,155,83.14,125.69,11.21,18.29,0.54,20.26
4405A,2026-02-16 17:00:00,83,40.97,64.14,20.95,46.66,2.16,74.38
4406A,2026-02-16 17:00:00,35,23.35,23.56,11.93,46.86,0.6,44.7
4407A,2026-02-16 17:00:00,204,127.51,157.28,16.85,41.62,1.74,66.47
4408A,2026-02-16 17:00:00,64,33.29,61.56,16.21,44.13,1.91,46.57
4409A,2026-02-16 17:00:00,168,103.29,127.04,11.6,39.47,1.41,63.09
4401B,2026-02-16 17:00:00,148,80.76,117.33,14.47,23.64,0.57,106.2
4402B,2026-02-16 17:00:00,169,100.06,142.84,6.72,34.12,0.89,95.97
4403B,2026-02-16 17:00:00,89,62.86,70.16,8.97,36.31,1.68,90.45
4404B,2026-02-16 17:00:00,64,33.84,39.15,11.4,33.13,1.39,119.63
4405B,2026-02-16 17:00:00,92,63.75,85.27,21.86,20.6,2.46,70.06
4406B,2026-02-16 17:00:00,132,76.26,102.49,21.93,27.51,1.58,79.67
5101A,2026-02-16 17:00:00,51,39.02,50.14,7.67,46.24,0.67,49.76
5102A,2026-02-16 17:00:00,182,108.91,143.77,16.53,17.96,0.59,64.93
5103A,2026-02-16 17:00:00,121,73.66,87.9,18.62,26.07,2.2,68.36
5104A,2026-02-16 17:00:00,168,97.02,147.98,19.56,40.67,1.43,49.48
5105A,2026-02-16 17:00:00,149,81.92,118.31,23.2,32.86,0.59,26.42
5106A,2026-02-16 17:00:00,122,64.55,87.13,19.31,44.41,2.16,114.18
5107A,2026-02-16 17:00:00,106,56.73,82.48,13.8,19.91,2.35,43.41
1101A,2026-02-16 18:00:00,204,122.83,154.54,6.14,40.35,1.67,101.87
1102A,2026-02-16 18:00:00,65,42.62,49.62,14.4,23.51,0.78,27.07
1103A,2026-02-16 18:00:00,124,78.08,99.58,22.81,39.29,0.54,119.29
1104A,2026-02-16 18:00:00,201,111.14,146.13,11.96,43.5,2.16,74.02
1105A,2026-02-16 18:00:00,140,85.96,103.87,16.57,20.75,2.26,93.19
1106A,2026-02-16 18:00:00,64,42.22,52.3,6.45,35.77,2.38,112.93
1107A,2026-02-16 18:00:00,102,55.8,67.25,21.01,17.34,0.94,104.04
1108A,2026-02-16 18:00:00,180,99.36,151.93,25.43,29.02,2.1,87.82
1109A,2026-02-16 18:00:00,180,101.86,138.95,19.4,31.91,0.83,72.01
1201A,2026-02-16 18:00:00,152,94.53,118.6,15.29,30.61,1.04,88.24
1202A,2026-02-16 18:00:00,192,121.23,152.59,26.81,35.53,1.95,114.24
1203A,2026-02-16 18:00:00,146,95.03,129.16,21.63,32.74,1.42,89.67
1204A,2026-02-16 18:00:00,103,58.82,67.46,10.36,23.26,1.89,40.96
4401A,2026-02-16 18:00:00,66,35.57,37.99,18.87,40.26,1.53,111.97
4402A,2026-02-16 18:00:00,151,81.73,134.62,16.8,36.39,0.74,46.32
4403A,2026-02-16 18:00:00,108,66.3,90.1,12.71,45.62,1.15,56.81
4404A,2026-02-16 18:00:00,147,85.95,103.56,29.35,44.44,0.62,50.25
4405A,2026-02-16 18:00:00,104,56.76,81.89,9.5,23.72,2.49,76.52
4406A,2026-02-16 18:00:00,161,100.28,131.95,14.77,22.75,0.52,34.79
4407A,2026-02-16 18:00:00,138,73.06,100.77,6.28,23.74,0.88,39.17
4408A,2026-02-16 18:00:00,162,102.06,144.24,8.29,37.49,2.38,73.41
4409A,2026-02-16 18:00:00,169,105.1,132.8,8.87,44.57,1.2,47.84
4401B,2026-02-16 18:00:00,181,101.09,133.56,17.48,44.88,1.62,86.97
4402B,2026-02-16 18:00:00,177,103.53,136.27,7.9,49.88,2.21,53.88
4403B,2026-02-16 18:00:00,89,57.46,75.83,10.27,36.82,2.19,107.72
4404B,2026-02-16 18:00:00,71,36.23,52.31,29.49,46.37,0.73,67.5
4405B,2026-02-16 18:00:00,162,88.48,133.94,9.97,28.18,1.63,113.86
4406B,2026-02-16 18:00:00,196,113.41,143.6,26.86,24.1,0.62,35.14
5101A,2026-02-16 18:00:00,114,76.88,80.08,10.34,17.95,2.34,78.18
5102A,2026-02-16 18:00:00,189,111.04,151.76,24.33,15.34,0.97,46.88
5103A,2026-02-16 18:00:00,179,100.43,143.6,14.86,46.2,1.86,37.99
5104A,2026-02-16 18:00:00,34,23.12,30.61,11.46,21.64,0.6,62.49
5105A,2026-02-16 18:00:00,88,51.75,62.82,11.01,25.85,1.18,99.41
5106A,2026-02-16 18:00:00,192,109.9,141.6,28.05,16.67,1.74,44.76
5107A,2026-02-16 18:00:00,79,55.99,73.72,28.89,17.31,2.24,50.19
1101A,2026-02-16 19:00:00,120,77.33,106.18,12.44,28.81,1.87,59.46
1102A,2026-02-16 19:00:00,108,73.58,89.52,23.61,35.3,1.8,84.29
1103A,2026-02-16 19:00:00,65,35.47,64.24,26.97,22.0,1.65,39.46
1104A,2026-02-16 19:00:00,87,59.29,59.16,5.59,24.07,1.56,42.25
1105A,2026-02-16 19:00:00,84,52.17,56.31,6.3,32.77,0.56,95.04
1106A,2026-02-16 19:00:00,95,51.78,79.71,6.04,49.61,2.16,28.61
1107A,2026-02-16 19:00:00,36,25.28,42.89,16.34,31.22,1.23,50.22
1108A,2026-02-16 19:00:00,191,113.2,157.68,24.84,34.22,1.81,37.13
1109A,2026-02-16 19:00:00,91,64.35,66.57,26.85,30.54,1.02,36.76
1201A,2026-02-16 19:00:00,159,94.31,138.21,28.84,32.08,1.98,20.31
1202A,2026-02-16 19:00:00,79,46.19,74.55,25.79,47.15,2.13,89.27
1203A,2026-02-16 19:00:00,173,100.81,151.53,27.2,36.69,0.59,44.28
1204A,2026-02-16 19:00:00,114,61.28,97.43,26.07,17.8,2.37,48.95
4401A,2026-02-16 19:00:00,156,85.44,111.39,22.8,22.9,1.97,93.85
4402A,2026-02-16 19:00:00,104,52.57,89.41,14.24,39.21,1.13,33.99
4403A,2026-02-16 19:00:00,155,91.19,131.52,20.82,35.89,2.01,113.72
4404A,2026-02-16 19:00:00,196,119.71,147.14,10.85,24.73,1.1,81.76
4405A,2026-02-16 19:00:00,97,49.91,76.98,13.95,15.33,2.4,96.78
4406A,2026-02-16 19:00:00,195,122.54,150.16,24.01,29.91,2.07,94.67
4407A,2026-02-16 19:00:00,202,129.09,159.65,9.38,49.49,2.1,34.94
4408A,2026-02-16 19:00:00,115,67.62,84.77,6.59,22.96,1.61,62.25
4409A,2026-02-16 19:00:00,41,27.14,42.09,27.88,28.57,1.03,21.82
4401B,2026-02-16 19:00:00,164,107.34,121.88,19.32,30.31,1.9,85.94
4402B,2026-02-16 19:00:00,106,54.44,80.61,19.1,37.42,2.25,34.81
4403B,2026-02-16 19:00:00,185,110.35,134.39,18.34,21.25,1.88,81.2
4404B,2026-02-16 19:00:00,181,107.49,145.58,15.9,48.94,2.38,50.56
4405B,2026-02-16 19:00:00,129,71.18,106.58,10.22,46.21,2.22,106.0
4406B,2026-02-16 19:00:00,157,98.39,130.25,12.65,34.16,1.89,60.54
5101A,2026-02-16 19:00:00,165,99.79,117.78,10.02,19.11,1.05,67.38
5102A,2026-02-16 19:00:00,42,18.45,48.36,29.33,43.21,2.35,65.87
5103A,2026-02-16 19:00:00,153,83.82,125.79,26.5,47.17,0.84,52.31
5104A,2026-02-16 19:00:00,33,17.35,23.99,7.9,48.7,1.1,29.89
5105A,2026-02-16 19:00:00,124,65.49,92.82,8.45,48.23,2.44,45.05
5106A,2026-02-16 19:00:00,126,71.36,99.99,21.91,20.84,1.66,43.94
5107A,2026-02-16 19:00:00,171,93.98,134.24,18.55,37.04,1.64,30.97
1101A,2026-02-16 20:00:00,37,13.34,32.15,21.3,24.16,1.29,78.85
1102A,2026-02-16 20:00:00,86,59.23,59.55,21.37,20.58,0.96,58.04
1103A,2026-02-16 20:00:00,129,82.22,116.51,9.87,45.41,1.13,66.57
1104A,2026-02-16 20:00:00,35,24.33,36.72,13.12,37.31,2.03,101.15
1105A,2026-02-16 20:00:00,192,112.54,145.08,26.66,37.42,2.06,41.13
1106A,2026-02-16 20:00:00,189,115.73,161.72,22.21,34.11,1.98,72.19
1107A,2026-02-16 20:00:00,114,66.08,89.31,26.48,46.7,1.98,78.97
1108A,2026-02-16 20:00:00,134,81.16,108.93,25.76,19.61,0.94,46.67
1109A,2026-02-16 20:00:00,112,58.32,103.98,23.2,17.81,0.88,31.03
1201A,2026-02-16 20:00:00,195,126.0,144.52,6.7,40.06,1.53,85.13
1202A,2026-02-16 20:00:00,176,108.95,140.12,15.04,15.62,2.49,55.08
1203A,2026-02-16 20:00:00,110,70.34,76.5,20.2,32.85,0.73,110.3
1204A,2026-02-16 20:00:00,141,89.7,124.16,9.73,44.19,1.32,55.48
4401A,2026-02-16 20:00:00,59,43.61,54.02,18.14,38.42,1.34,22.85
4402A,2026-02-16 20:00:00,149,92.5,132.13,9.74,20.59,1.72,84.89
4403A,2026-02-16 20:00:00,190,104.48,154.04,14.92,35.98,1.09,49.31
4404A,2026-02-16 20:00:00,35,19.57,39.72,23.18,32.62,1.77,41.47
4405A,2026-02-16 20:00:00,148,86.62,109.1,10.37,37.38,1.5,46.27
4406A,2026-02-16 20:00:00,192,106.02,153.88,13.72,35.18,2.25,44.27
4407A,2026-02-16 20:00:00,91,58.02,65.43,12.61,18.01,1.79,45.19
4408A,2026-02-16 20:00:00,38,19.67,36.06,27.86,49.09,1.36,98.2
4409A,2026-02-16 20:00:00,35,16.93,20.28,12.61,39.5,1.23,101.61
4401B,2026-02-16 20:00:00,172,93.87,146.06,29.87,47.08,1.11,73.53
4402B,2026-02-16 20:00:00,145,94.47,121.87,13.49,32.33,1.77,80.23
4403B,2026-02-16 20:00:00,135,86.33,106.71,22.78,38.94,1.02,112.23
4404B,2026-02-16 20:00:00,149,87.62,133.97,20.73,26.12,1.61,40.62
4405B,2026-02-16 20:00:00,123,75.38,112.36,23.1,28.95,2.23,79.19
4406B,2026-02-16 20:00:00,107,71.76,93.35,21.8,49.52,1.53,41.52
5101A,2026-02-16 20:00:00,182,116.27,135.78,12.53,24.15,1.65,64.77
5102A,2026-02-16 20:00:00,154,92.61,123.6,24.49,32.25,2.26,35.29
5103A,2026-02-16 20:00:00,124,77.32,113.83,12.68,35.56,1.07,83.66
5104A,2026-02-16 20:00:00,58,29.59,55.29,6.06,23.79,1.98,54.48
5105A,2026-02-16 20:00:00,184,107.04,133.88,7.39,16.57,0.61,112.53
5106A,2026-02-16 20:00:00,78,50.35,61.15,8.55,41.79,0.8,80.65
5107A,2026-02-16 20:00:00,80,56.85,53.47,19.18,49.98,0.76,112.48
1101A,2026-02-16 21:00:00,88,48.43,61.32,7.71,44.63,0.64,44.9
1102A,2026-02-16 21:00:00,117,73.13,79.28,14.58,42.4,0.96,92.28
1103A,2026-02-16 21:00:00,178,99.09,128.13,20.98,28.21,1.86,37.9
1104A,2026-02-16 21:00:00,86,44.43,63.21,19.93,26.23,2.45,29.31
1105A,2026-02-16 21:00:00,178,113.82,139.49,7.53,37.27,1.94,65.77
1106A,2026-02-16 21:00:00,123,76.15,88.35,8.18,26.8,1.12,81.58
1107A,2026-02-16 21:00:00,73,50.63,48.4,14.03,18.2,2.05,108.38
1108A,2026-02-16 21:00:00,139,87.42,124.25,12.21,39.64,1.91,55.08
1109A,2026-02-16 21:00:00,46,23.56,46.22,24.18,35.27,0.69,63.9
1201A,2026-02-16 21:00:00,94,54.49,74.34,6.45,42.05,0.7,56.49
1202A,2026-02-16 21:00:00,113,66.64,76.06,13.83,47.92,0.52,31.15
1203A,2026-02-16 21:00:00,35,25.4,24.51,21.41,28.33,1.17,89.56
1204A,2026-02-16 21:00:00,88,51.0,80.66,13.06,15.46,1.62,53.82
4401A,2026-02-16 21:00:00,137,87.48,106.66,13.39,24.58,2.1,104.34
4402A,2026-02-16 21:00:00,117,65.5,97.55,5.8,22.92,1.94,34.66
4403A,2026-02-16 21:00:00,51,34.33,50.89,6.45,30.7,1.66,43.89
4404A,2026-02-16 21:00:00,115,75.77,98.25,20.68,36.7,1.03,31.27
4405A,2026-02-16 21:00:00,134,72.47,104.29,29.89,41.64,0.67,65.53
4406A,2026-02-16 21:00:00,181,110.82,130.29,15.64,37.57,1.72,113.66
4407A,2026-02-16 21:00:00,160,100.29,137.58,27.56,35.94,2.18,56.83
4408A,2026-02-16 21:00:00,34,25.19,27.56,27.05,45.99,0.58,47.88
4409A,2026-02-16 21:00:00,191,107.6,166.64,26.46,47.87,1.88,96.22
4401B,2026-02-16 21:00:00,126,66.12,89.36,6.9,22.33,1.23,66.17
4402B,2026-02-16 21:00:00,129,81.05,93.71,21.9,36.98,0.68,93.48
4403B,2026-02-16 21:00:00,116,73.75,99.51,7.71,26.52,1.66,42.9
4404B,2026-02-16 21:00:00,54,32.61,44.89,10.64,46.92,2.29,32.9
4405B,2026-02-16 21:00:00,58,32.61,57.56,14.56,26.92,0.95,98.71
4406B,2026-02-16 21:00:00,102,59.04,66.61,26.13,18.98,1.5,34.72
5101A,2026-02-16 21:00:00,45,34.2,35.13,15.11,32.71,1.71,95.25
5102A,2026-02-16 21:00:00,73,35.41,62.12,13.91,30.14,1.64,52.67
5103A,2026-02-16 21:00:00,44,22.72,49.74,16.53,37.56,1.1,47.72
5104A,2026-02-16 21:00:00,87,56.76,56.77,21.06,27.66,1.69,54.56
5105A,2026-02-16 21:00:00,62,40.31,39.29,18.22,35.33,1.91,40.91
5106A,2026-02-16 21:00:00,142,76.67,114.5,15.3,15.22,1.41,21.88
5107A,2026-02-16 21:00:00,124,71.71,96.5,12.97,31.09,1.62,53.93
1101A,2026-02-16 22:00:00,178,111.79,141.53,25.9,33.06,0.85,80.53
1102A,2026-02-16 22:00:00,158,99.47,113.95,15.23,28.52,2.43,27.57
1103A,2026-02-16 22:00:00,135,72.02,120.98,8.79,47.07,2.14,31.21
1104A,2026-02-16 22:00:00,81,54.51,59.81,8.29,26.92,2.09,40.12
1105A,2026-02-16 22:00:00,187,103.0,150.17,19.76,36.48,2.27,46.71
1106A,2026-02-16 22:00:00,158,98.31,123.38,9.47,29.44,0.66,69.68
1107A,2026-02-16 22:00:00,184,113.46,144.97,23.47,30.95,2.44,43.57
1108A,2026-02-16 22:00:00,186,104.12,143.07,16.03,27.84,0.93,74.05
1109A,2026-02-16 22:00:00,148,92.46,125.92,15.19,17.33,1.28,90.48
1201A,2026-02-16 22:00:00,173,105.44,149.9,26.4,44.22,1.61,40.18
1202A,2026-02-16 22:00:00,90,50.03,61.68,5.63,42.45,2.09,62.46
1203A,2026-02-16 22:00:00,132,72.45,114.65,10.32,38.56,1.33,82.49
1204A,2026-02-16 22:00:00,105,63.71,91.72,18.88,16.1,2.48,27.67
4401A,2026-02-16 22:00:00,158,99.33,139.47,12.34,25.75,1.76,30.27
4402A,2026-02-16 22:00:00,116,71.89,95.53,11.77,28.94,1.65,51.62
4403A,2026-02-16 22:00:00,52,31.81,44.03,26.16,29.77,1.88,23.69
4404A,2026-02-16 22:00:00,136,78.82,123.62,18.82,43.27,2.34,95.84
4405A,2026-02-16 22:00:00,165,93.95,146.95,5.24,41.78,0.75,66.36
4406A,2026-02-16 22:00:00,173,103.01,150.94,28.93,27.7,1.11,69.49
4407A,2026-02-16 22:00:00,34,20.09,23.08,29.29,48.02,1.76,99.87
4408A,2026-02-16 22:00:00,118,61.37,82.16,15.79,34.61,0.93,72.14
4409A,2026-02-16 22:00:00,149,80.41,109.31,13.93,32.55,1.1,84.4
4401B,2026-02-16 22:00:00,92,47.64,78.13,7.28,41.79,1.81,77.49
4402B,2026-02-16 22:00:00,159,96.82,119.02,27.23,25.41,0.94,31.41
4403B,2026-02-16 22:00:00,138,78.37,110.52,14.08,42.84,0.78,29.05
4404B,2026-02-16 22:00:00,76,41.29,60.87,24.6,35.38,2.31,74.74
4405B,2026-02-16 22:00:00,171,101.57,136.25,14.01,33.55,1.03,116.32
4406B,2026-02-16 22:00:00,185,102.1,142.2,17.48,47.81,1.41,58.11
5101A,2026-02-16 22:00:00,58,26.36,45.69,20.78,46.29,1.93,90.68
5102A,2026-02-16 22:00:00,148,93.02,121.45,21.22,15.32,0.5,33.69
5103A,2026-02-16 22:00:00,144,80.06,122.75,23.62,22.3,1.02,64.44
5104A,2026-02-16 22:00:00,122,81.99,102.92,8.95,24.8,1.88,75.59
5105A,2026-02-16 22:00:00,77,48.65,72.36,17.56,44.79,2.46,43.16
5106A,2026-02-16 22:00:00,77,38.38,59.66,14.56,28.22,0.86,23.99
5107A,2026-02-16 22:00:00,108,56.35,93.01,19.26,46.57,1.15,53.4
1101A,2026-02-16 23:00:00,100,62.91,82.16,16.27,35.23,0.54,84.01
1102A,2026-02-16 23:00:00,170,104.1,130.13,29.53,48.85,2.33,88.46
1103A,2026-02-16 23:00:00,55,42.12,45.31,7.95,15.39,1.2,89.97
1104A,2026-02-16 23:00:00,93,49.44,61.33,7.29,47.26,2.47,25.17
1105A,2026-02-16 23:00:00,110,67.24,85.98,11.43,24.05,1.68,49.48
1106A,2026-02-16 23:00:00,61,39.2,52.0,8.28,41.81,2.07,70.19
1107A,2026-02-16 23:00:00,85,50.24,53.38,12.33,23.23,0.52,56.94
1108A,2026-02-16 23:00:00,167,90.88,133.82,6.91,26.7,2.17,115.0
1109A,2026-02-16 23:00:00,171,94.89,141.84,6.55,44.71,0.66,27.57
1201A,2026-02-16 23:00:00,166,91.72,144.69,10.5,25.78,0.63,67.01
1202A,2026-02-16 23:00:00,105,63.21,71.81,19.4,38.48,1.29,83.81
1203A,2026-02-16 23:00:00,67,36.5,63.98,11.02,32.08,2.38,40.44
1204A,2026-02-16 23:00:00,59,39.16,32.22,20.61,48.14,2.49,53.68
4401A,2026-02-16 23:00:00,68,31.08,52.93,23.93,43.46,1.56,94.78
4402A,2026-02-16 23:00:00,102,69.45,76.23,9.09,46.91,0.61,82.89
4403A,2026-02-16 23:00:00,156,92.57,129.21,20.3,45.17,1.69,62.68
4404A,2026-02-16 23:00:00,124,71.19,113.38,5.67,40.03,0.72,23.54
4405A,2026-02-16 23:00:00,110,69.35,94.37,6.15,49.89,0.92,95.79
4406A,2026-02-16 23:00:00,52,35.17,50.48,11.57,37.15,0.9,30.89
4407A,2026-02-16 23:00:00,138,79.48,121.46,12.48,27.18,1.47,42.04
4408A,2026-02-16 23:00:00,89,44.51,70.35,23.1,43.51,1.93,27.99
4409A,2026-02-16 23:00:00,30,22.23,10.08,13.07,41.22,1.7,22.57
4401B,2026-02-16 23:00:00,126,70.76,89.47,5.27,43.96,1.99,65.33
4402B,2026-02-16 23:00:00,41,23.5,31.99,27.28,49.96,0.79,45.08
4403B,2026-02-16 23:00:00,127,66.91,96.76,13.06,29.4,1.73,20.88
4404B,2026-02-16 23:00:00,113,71.48,89.63,8.55,21.79,1.36,82.44
4405B,2026-02-16 23:00:00,111,71.48,79.19,18.89,41.73,2.01,89.05
4406B,2026-02-16 23:00:00,139,87.36,100.35,26.76,36.76,0.89,28.6
5101A,2026-02-16 23:00:00,52,30.97,50.99,26.11,25.24,2.39,49.09
5102A,2026-02-16 23:00:00,139,83.88,97.58,23.22,30.71,1.87,70.52
5103A,2026-02-16 23:00:00,149,80.61,116.62,20.62,38.47,1.67,29.21
5104A,2026-02-16 23:00:00,143,87.07,100.25,15.69,26.19,0.58,57.49
5105A,2026-02-16 23:00:00,70,47.14,44.89,6.8,18.17,1.31,91.51
5106A,2026-02-16 23:00:00,103,58.58,80.89,22.77,35.57,0.95,95.14
5107A,2026-02-16 23:00:00,44,26.88,49.65,9.81,38.45,1.54,55.59
