651038929138,BE@RBRICK PUSHEAD 1000%大理石5代暴力熊超大号摆件积木熊公仔,5593,¥,券后价,vicky线上潮牌商店,日佳汽车模型,8年老店,0人付款,广东 揭阳," 3期, 退货宝, 包邮, 公益宝贝",出售状态:现货 | 适用年龄:14周岁以上 | 兵人配件:兵人成品 | 款式:关节可动,http://g.search3.alicdn.com/img/i3/123027389/O1CN014p6CEM24SDL25DGIl_!!0-saturn_solar.jpg,http://click.simba.taobao.com/cc_im?p=BE%40RBRICK&s=1450706248&k=2073&e=qSfL7IC7dWgo4zRNK0XZI9c%2BU92k2NPL%2F2USJCGYfXJzDoDYMYYvPuzZ1RaR6atJDeEZvJAsKudUW2Ngfzw7CyWpr0k1d3UDoc%2F4ua1Upi%2F9q1GTTD7eJoOmcXVNqepGwxJQEXbaUKIIoSS1QQUrAYrjWkziGUEbPa%2FbjfrVwymMh%2BsBPDQ5d%2BEeL5kv623ejXVIueDhVfdWuHnohbvNz1XBCHYnPvkczCHbk0v51y4TJ0L2icXwiiVjSf95KQU8rVGfy7hMynViRDgrU8WNn4jBzLBtuHgap3j8K%2BOwpFDsNdVO3xjUTB%2F%2BFTWp%2FAFc3tbJkZufQgNkvI43A58%2FxAH4gv25fiKvGrMeicmUVCBAsDwOfJmjBiRryljYuuX9167Bp30izHbizb0IE8NOVSUAl%2BPAyY%2FwJZevhngZQez%2FVIrr05iBYmswiYQO9zBHKsD6%2FIhqT%2F8%2BI6hu9mF0Lr6XVrwDx1lx9Nw1EHd%2BBJpBstHp7XD2BdrA0wwzfJF8TmbqaBk%2B1qbY1Ggr7rQgqEIP0MMKU4qLvdvGhrnhyNwsOTyLXGdVr46btCiriLGOi6IM4FYHyxFQWKvwLNyryMlgJq%2B%2BJ7J4brP5dfvphiuXOFpN69PaDcfGAURy33WnHmZjV3geWPiimBgPFZwKo73ca6%2BJ24wZlBz4%2Fm%2BAQQMdhYF3oNsNllD5lys3MD78%2FLM77kj0XyzaOge%2BqlhW81YaWd%2F1aXo%2FtTIRYXRg%2FhAsWvsE4xObNitvP2lL7PJGu%2FpSxIYi6kIveIQoZVr8MC40YlMv7RHJwv0vzhAPEcxrttv4wD5H7IPsM%2B6mN2a%2FiuQpUtwI2Fk6%2FcIQEz95eJq3ffEbl6Z7ONFSauGzqw01giMlSaZ09WP3PNwRrpKNl0muMl4kpBKSMp075pvtYOEv%2B6V%2FFhZ66%2BsdjMXEVxOXQS%2Fj5wIiIondIaDcV5RC2n%2Fzut7gSmR3QMsY%2Bxl2CFUH9Cd2JJmO%2Fbq3hiHBwPbBLulg5vjuFZ39m0uroPeKHLhCs5iLOpk03a6UxIiO%2Fwe%2FeNYZk8KL9q4OOjo9PDcBOwRj9nOcRZ0S%2BRuGXTaBOUQ25lkreM%2F6T49CXOVDHULWjDTuRUXjQ2g4iTYJ2cCQ73lA5%2FkELTJZZxRCc04zni1ITnqyXh3lS0QztTaLtRUs69KnjhqqSFTUncfa2cIdPmkkNYW6HSef38GBaoEBzgSIcUgU4axpVJLRp6RnAhwKJ5%2FHjIi6lKpy2fAHZw1KG5AbnFOSXy4uaNNUQJGM22Lq%2FvNwjRRw3hH3ze4oNcEfjKLoobFo%2BYXxranum6KbQWJt4ugaz1qcGiq5rhXt7CU85RVWnu2UyVjZmVvEFK8mEe%2BEBsv8s6i8M1iX7TYfkkcFeo1CR1y1ep4GKnjLckQyvmRS6LdSxv7QWESU%2BkEtVkMLt3HEXLV6ngYqeMvJAFbbKW%2BxjaFPfSbVK6NpSEKeQ%2FAeC2XhA9cVM791kC5mCzWNg9kudflvcUAubyw%2Bp34zc%2B6LdAiRBcRPXNNEBit80TfWjneUeOQUM9bAsWW05IZehYxnwgZEiZQbBhIE7ScKDCFjs1LG%2B1pvFjvFbAvUrOpWQQmD8w47we6iCAXP3Fwnqfwll%2BnrW8mKDgNmVtZ1Bl3pQWW05IZehYxn7VxLGP9Gd0egjjIlaY8i5Lsi7NiLpbcivfb1n6EDfV55qNlryf5g0KGF24Tkrfl9xe04FBkg5Vifaq3R3h6ice8a9gWTAwK0NoVwRhnIhXAXLoGZdXF0I%2BF7mBeIU%2BH0umWHT4F%2B%2BDp79B0upKOXj5OdkrMbKxHz%2BFYZQY0vbzUuLmjTVECRjNqUWiuyNEYh6VWpUo9wui61lmjjlBJ6A9uySxAVuieb0pHOMCOwttKzWm%2B2MRaRolzEcLCS7GkGiFubgVPWpTfsY0kxIWXT5hkA%2B5jxtYS6IoGLwUCSs1dw8x3CJpP0yiPkv69oW2nmDKuFK8z70xCi5vHJ6bFVXcHC2IdGplz6JykXe3%2BKcnTJt5ONgOwnRcVvTh4JoVggk4xy1uIKJeSalyVXigmKzA%3D%3D&mm_sceneid=1_0_123027389_0&a=xxc%3Dad_ztc%26mi_id%3D0000x-ScoNZ5OOvN57H6FyFrgPV2ZYfgIPm2d-76Plk5Ssg%26skuId%3D4693507516911&id=651038929138
669317409681,【现货】100%bearbrick木质展示盒布里克熊暴力熊be@rbrick展示板,65,¥,,bc工厂,茉莉莱莱,8年老店,100+人付款,福建 龙岩,包邮,出售状态:现货 | 品牌:BE@RBRICK,https://g-search3.alicdn.com/img/bao/uploaded/i4/i1/3300580296/O1CN01CsZDIs1E3bycnoMtU_!!3300580296.jpg,//item.taobao.com/item.htm?id=669317409681&ns=1&abbucket=10&xxc=taobaoSearch&mi_id=0000vZKRPQz4oNTpEI8bYYNM7HiarTBQRqG5_HQztRV8bhg&skuId=4819657221582
641941937313,Bearbrick 积木熊 Be@rbrick 熊展示板 可放45个100% 比例25周年,248,¥,,兰兰动漫店,Brick House,10年老店,14人付款,辽宁 大连,全球购,出售状态:现货 | 款式特点:静态 | 品牌:BE@RBRICK | 商品状态:全新未拆封,https://g-search3.alicdn.com/img/bao/uploaded/i4/i3/2457220111/O1CN01iB8uaz1CgsexQf9N6_!!2457220111.jpg,//item.taobao.com/item.htm?id=641941937313&ns=1&abbucket=10&xxc=taobaoSearch&mi_id=0000hb_d4rWH8CZbrow0doW1FAuow4FkbuYlOwMOTYl8o6U
702517550283,IT MEDICOM TOY BE@RBRICK手办时尚潮玩满幅图案积木熊摆件599663,1399,¥,券后价,it服饰旗舰店,I.T服饰旗舰店,回头客1万,14人付款,江苏 苏州,"官方立减460元,  3期, 包邮",上市年份季节:2022年冬季 | 品牌:i.t,https://g-search2.alicdn.com/img/bao/uploaded/i4/i4/2201233163648/O1CN01A9A3Pv1copxxflr91_!!2201233163648.jpg,//detail.tmall.com/item.htm?id=702517550283&ns=1&abbucket=10&xxc=taobaoSearch&mi_id=0000EyyZNECXOgCDwqucS2N3SWyo-de5zASdBpnBSIucCOM&skuId=4946905628144
642968647503,berbrick400新款办公居家%熊熊蒙娜丽莎潮流玩偶手办盲盒模型摆件,328,¥,券后价,tb7559405984,Bearbrick精品店,,0人付款,上海,"店铺满300减20, 退货宝, 包邮",出售状态:现货 | 款式特点:关节可动 | 选购热点:暴力熊,https://g-search2.alicdn.com/img/bao/uploaded/i4/i4/2210871778349/O1CN01AGCd5T2BXtQXmce0E_!!2210871778349.jpg,//item.taobao.com/item.htm?id=642968647503&ns=1&abbucket=10&xxc=taobaoSearch&mi_id=0000ez2Q0KSNFfCsi1fU9Y3cHpWNzB2Ax1FyESIPtogWTJs&skuId=4617203272848
644685885018,berbrick暴力熊积木熊棋盘格子拼接木头熊摆件400%潮玩家居装饰品,1396,¥,券后价,默背的心碎5,艺点生活家居,7年老店,0人付款,北京,"店铺满598减20, 淘金币已抵20.94元, 退货宝, 包邮, 公益宝贝",表面工艺:纯手工 | 主体材质:卡通,https://g-search1.alicdn.com/img/bao/uploaded/i4/i1/2315440005/O1CN018US5Np1BuKf1uoqmD_!!2315440005.jpg,//item.taobao.com/item.htm?id=644685885018&ns=1&abbucket=10&xxc=taobaoSearch&mi_id=0000gOS10wq-i1iQg5NAkKXbjGND4j5GHt9P_SGwYj4hB_4&skuId=4645088541597
641734714611,berbrick新款办公熊熊芝麻街艾莫甜饼怪公仔手办盲盒玩偶具摆件,290,¥,券后价,tb7559405984,Bearbrick精品店,,0人付款,上海,"店铺满99减5, 退货宝, 包邮",出售状态:现货 | 款式特点:关节可动 | 选购热点:暴力熊,https://g-search3.alicdn.com/img/bao/uploaded/i4/i3/2210871778349/O1CN01Mw8tDx2BXtQ8y4yXt_!!2210871778349.jpg,//item.taobao.com/item.htm?id=641734714611&ns=1&abbucket=10&xxc=taobaoSearch&mi_id=0000dly1S-1Z0gjhVTlHR8z9rl9ZwJLWSV4NGm6j6lw2LhY&skuId=4781640030547
816834532739,BERBRICK IRON MAN MARK 43钢铁侠 1000%,42500,¥,,tb31147249,小红的店铺123,,1人付款,北京,"48小时内发, 包邮",,https://g-search3.alicdn.com/img/bao/uploaded/i4/i2/3922232745/O1CN014CUJ4C1W9GAqJSWsO_!!3922232745.jpg,//item.taobao.com/item.htm?id=816834532739&ns=1&abbucket=10&xxc=taobaoSearch&mi_id=0000bZNzVS_vL4XbtsEBLNmXv7YIfP7HtzW5M14py0vu16Q&skuId=5514431464387
924003842762,berbrick暴力熊积木熊黑色星空千秋潮流公仔玩偶手办盲盒公仔摆件,776,¥,券后价,默背的心碎5,艺点生活家居,7年老店,0人付款,北京,"店铺满268减10, 淘金币已抵11.64元, 退货宝, 包邮, 公益宝贝",款式类型:特别版 | 出售状态:现货 | 系列类型:联名系列 | 选购热点:暴力熊,https://g-search3.alicdn.com/img/bao/uploaded/i4/i4/2315440005/O1CN011VajI61BuKfcZGTBm_!!2315440005.jpg,//item.taobao.com/item.htm?id=924003842762&ns=1&abbucket=10&xxc=taobaoSearch&mi_id=0000F6lu02Nyw2ERWqSpIDB5T2_nUG0d3zHIA93yeLtyefY&skuId=4690074601689
967582425425,正品Bearbrick积木熊电镀小黄人1000%DAVE CHROME BERBRICK,23770,¥,,tb31147249,小红的店铺123,,1人付款,北京,"48小时内发, 包邮",,https://g-search3.alicdn.com/img/bao/uploaded/i4/i4/3922232745/O1CN013ZkoMI1W9GApQtwNj_!!3922232745.jpg,//item.taobao.com/item.htm?id=967582425425&ns=1&abbucket=10&xxc=taobaoSearch&mi_id=0000eEKE0IRbNe3Ky3kACWnk_npftQFUzSTyDRKmDU6PsUY&skuId=5687108055567
784812781279,70cm搪胶be@rbrick潮流玩具1000%潮玩家居网红摆件熊礼品,300,¥,,qwtli,前卫堂动漫精品,14年老店,10人付款,广东 广州,,出售状态:现货 | 商品状态:全新未拆封,https://g-search3.alicdn.com/img/bao/uploaded/i4/i4/42672089/O1CN01c87Kql1RIoKXdIpbl_!!42672089.jpg,//item.taobao.com/item.htm?id=784812781279&ns=1&abbucket=10&xxc=taobaoSearch&mi_id=00004jwqY6u7e6bVcNs2BpGzzUjK3rVSNvPXLB_6EYqO8p4&skuId=5360730501662
1004560343270,【现货】BE@RBRICK 51代 100% bearbrick51代 积木熊潮玩公仔摆件,30,¥,,dxdlam11,concrete,11年老店,7人付款,广东 佛山,,出售状态:现货 | 品牌:BE@RBRICK,https://g-search3.alicdn.com/img/bao/uploaded/i4/i1/289493884/O1CN01vz4jmJ1eYvRPjL4jz_!!289493884.jpg,//item.taobao.com/item.htm?id=1004560343270&ns=1&abbucket=10&xxc=taobaoSearch&mi_id=0000XuEYDXWbU6xWz3Xmy_UtARg8vgKle4lU0sjb99FgY8U&skuId=6001631404098
960384380180,【喵小黑】51代 BE@RBRICK 100% 积木熊 bearbrick 卡盒都在 7CM,35,¥,券后价,coolcat369,喵小黑的玩具店,11年老店,4人付款,辽宁 沈阳,"官方立减12%,  3期",出售状态:现货 | 品牌:BE@RBRICK | 选购热点:暴力熊,https://g-search1.alicdn.com/img/bao/uploaded/i4/i1/112953401/O1CN01uNHCae1azi8jHRl43_!!112953401.jpg,//item.taobao.com/item.htm?id=960384380180&ns=1&abbucket=10&xxc=taobaoSearch&mi_id=0000A1yhSbCaFdt2oU3PEqHQBY8AwJapCD3803O_vf8PeuU&skuId=6189398218234
986699678775,Bearbrick 34代 盲盒 正品 确认款 be@rbrick 100% 手办摆件手办,39.99,¥,券后价,tb328340010,THUNDERTOYS,,1人付款,浙江 杭州," 3期, 淘金币已抵1.19元",款式类型:小隐藏 | 出售状态:现货 | 品牌:BE@RBRICK,https://g-search3.alicdn.com/img/bao/uploaded/i4/i3/2208935528980/O1CN01HnhM902GCtlic1Hkj_!!2208935528980.jpg,//item.taobao.com/item.htm?id=986699678775&ns=1&abbucket=10&xxc=taobaoSearch&mi_id=0000AJ5tbOsBoMZv1-LoiImESaWymWpvWqJhQg3ZdItPwoM&skuId=5950476700536
,,,,,,,,,,,,,
,,,,,,,,,,,,,
985644054795,Bearbrick 36代 盲盒 正品 确认款 be@rbrick 100% 手办摆件手办,29.99,¥,券后价,tb328340010,THUNDERTOYS,,2人付款,浙江 杭州," 3期, 淘金币已抵0.89元",款式类型:大隐藏 | 出售状态:现货 | 品牌:BE@RBRICK,https://g-search3.alicdn.com/img/bao/uploaded/i4/i4/2208935528980/O1CN01NQxsrF2GCtlebgnnR_!!2208935528980.jpg,//item.taobao.com/item.htm?id=985644054795&ns=1&abbucket=10&xxc=taobaoSearch&mi_id=0000tcLDjx4qWVQkFDI3rZdNNJ3M54-HzyooV3cQ5KrHO58&skuId=6114217698215
596847106514,be@rbrick bearbrick 25周年 空山基 展示板 官方正品 特价238元,238,¥,,baobei_fly,瀚堂潮流玩具馆,9年老店,24人付款,辽宁 大连," 3期, 48小时内发, 包邮",出售状态:现货 | 品牌:BE@RBRICK,https://g-search3.alicdn.com/img/bao/uploaded/i4/i1/2985042748/O1CN018HAGM71WAd5iURh6x_!!2985042748.jpg,//item.taobao.com/item.htm?id=596847106514&ns=1&abbucket=10&xxc=taobaoSearch&mi_id=0000Q0LeyvvjSAJljxL2kugVa2UH3jbV_4hZxrTJVz8zk6k&skuId=4617344925821
964012581141,正品 BE@RBRICK 50代 100% bearbrick 盲盒 积木熊 潮玩手办摆件,12,¥,,佳依不舍,男人帮潮玩,,69人付款,安徽 黄山,退货宝,出售状态:现货 | 品牌:BE@RBRICK,https://g-search3.alicdn.com/img/bao/uploaded/i4/i3/1712292382/O1CN01EcRqE11TT0W1NacBy_!!1712292382.jpg,//item.taobao.com/item.htm?id=964012581141&ns=1&abbucket=10&xxc=taobaoSearch&mi_id=0000UbOSjCR4KyE3cvqxGzeL8HaocNhpPfSx0QaCfXkG8AE&skuId=5906038436556
709546613569,正品bearbrick43 44 45代积木熊盲盒确认款BE@RBRICK100%潮流玩具,30,¥,,胡子茉,TOPJ STUDIO,,60人付款,江苏 南京," 3期, 公益宝贝",出售状态:现货 | ACG作品名:K | 款式特点:关节可动 | 品牌:BE@RBRICK | 选购热点:暴力熊,https://g-search3.alicdn.com/img/bao/uploaded/i4/i2/326184802/O1CN01A7REhi1lLMs6KhIRm_!!326184802.jpg,//item.taobao.com/item.htm?id=709546613569&ns=1&abbucket=10&xxc=taobaoSearch&mi_id=0000BoNk8YZSh6A_hIj2l2WvVOTmktDOfsCpHQtZL2SrU-w&skuId=5148127122342
646379206174,现货berbrick暴力熊积木熊400%空山2G 侵蚀摆件公仔手办盲盒,776,¥,券后价,默背的心碎5,艺点生活家居,7年老店,0人付款,北京,"店铺满268减10, 淘金币已抵11.64元, 退货宝, 包邮, 公益宝贝",款式类型:特别版 | 出售状态:现货 | 系列类型:联名系列 | 选购热点:暴力熊,https://g-search2.alicdn.com/img/bao/uploaded/i4/i2/2315440005/O1CN01ZmuNVn1BuKf40dwB4_!!2315440005.jpg,//item.taobao.com/item.htm?id=646379206174&ns=1&abbucket=10&xxc=taobaoSearch&mi_id=000005xvd3Y0wjK6Chacu_Ji1Aiq3Qkj1LzT_AaHTfTELr8&skuId=4657947505121
656700151849,潮玩berbrick1000 暴力熊摆件积木熊联名潮公仔限量手办高档礼物,676,¥,券后价,默背的心碎5,艺点生活家居,7年老店,0人付款,北京,"店铺满268减10, 淘金币已抵10.14元, 退货宝, 包邮, 公益宝贝",出售状态:现货 | 系列类型:联名系列 | 选购热点:暴力熊,https://g-search1.alicdn.com/img/bao/uploaded/i4/i2/2315440005/O1CN01pLnpPY1BuKgiNWOSQ_!!2315440005.jpg,//item.taobao.com/item.htm?id=656700151849&ns=1&abbucket=10&xxc=taobaoSearch&mi_id=0000ZmbkbcVSvrYyFoJ04W8S-cC_RwypG2HZh1Qvm6QtBls&skuId=4731605904286
874628006987,官方正品BE@RBRICK46代盲盒确认款积木熊潮玩公仔手办摆件,8.99,¥,,佳依不舍,男人帮潮玩,,43人付款,安徽 黄山,退货宝,出售状态:现货 | 品牌:BE@RBRICK,https://g-search3.alicdn.com/img/bao/uploaded/i4/i2/1712292382/O1CN01MfNse21TT0WeXNheo_!!1712292382.jpg,//item.taobao.com/item.htm?id=874628006987&ns=1&abbucket=10&xxc=taobaoSearch&mi_id=0000OpD6cJ5DEOgXu1XO73wnAy3Qf7qnuJhks5j8Ng-DHQ8&skuId=5710506328847
985195577996,Bearbrick 41代 盲盒 正品 确认款 be@rbrick 100% 手办摆件手办,29.99,¥,券后价,tb328340010,THUNDERTOYS,,1人付款,浙江 杭州," 3期, 淘金币已抵0.89元",款式类型:隐藏款 | 出售状态:现货 | 品牌:BE@RBRICK,https://g-search3.alicdn.com/img/bao/uploaded/i4/i1/2208935528980/O1CN015bDd7i2GCtlbkda3U_!!2208935528980.jpg,//item.taobao.com/item.htm?id=985195577996&ns=1&abbucket=10&xxc=taobaoSearch&mi_id=0000cE755mcFJg-eRYaL2XQICpgVl47UXcXsxvxvg-GNNcA&skuId=6112125822845
986412824480,be@rbrick 38代盲盒medicom toy bearbrick,29.99,¥,券后价,tb328340010,THUNDERTOYS,,1人付款,浙江 杭州," 3期, 淘金币已抵0.89元",款式类型:隐藏款 | 出售状态:现货 | 品牌:BE@RBRICK,https://g-search2.alicdn.com/img/bao/uploaded/i4/i4/2208935528980/O1CN01V7mONS2GCtlc1HNyH_!!2208935528980.jpg,//item.taobao.com/item.htm?id=986412824480&ns=1&abbucket=10&xxc=taobaoSearch&mi_id=0000H9oHzMzl0napowbcLxBuJcdOlq2D9CsZEUkX66PmUFw&skuId=6113995567019
984076619932,Bearbrick 39代 盲盒 正品 确认款 be@rbrick 100% 手办摆件手办,21.99,¥,券后价,tb328340010,THUNDERTOYS,,1人付款,浙江 杭州," 3期, 淘金币已抵0.65元",款式类型:小隐藏 | 出售状态:现货 | 品牌:BE@RBRICK,https://g-search3.alicdn.com/img/bao/uploaded/i4/i4/2208935528980/O1CN01INX4dJ2GCtlcgfqRP_!!2208935528980.jpg,//item.taobao.com/item.htm?id=984076619932&ns=1&abbucket=10&xxc=taobaoSearch&mi_id=0000w2oM3izQ4lQoRl8Wlt8GY0Hu8n93cH0N-cbN4MZ7O7o&skuId=6112498874234
873973885778,bearbrick48代 积木熊 BE@RBRICK 48代确认款 网红潮流玩具正品,20,¥,,tb1308587_00,晨晨盲盒潮玩店,5年老店,15人付款,江苏 南通,,出售状态:现货 | 品牌:BE@RBRICK,https://g-search3.alicdn.com/img/bao/uploaded/i4/i2/898106596/O1CN01y8Pdvw1yb1Tc50bkb_!!898106596.jpg,//item.taobao.com/item.htm?id=873973885778&ns=1&abbucket=10&xxc=taobaoSearch&mi_id=0000v9z9Q6bk7_z16mW8g-h4P0f9f_owZDNCIhCnkhICK18&skuId=5708237652402
789798267209,正品 BE@RBRICK 积木熊 B熊 盲盒 拆袋确认款 中古二手历代积木熊,7,¥,,tb708710451,小鱼潮玩盲盒店,,52人付款,江苏 连云港,,出售状态:现货 | ACG作品名:DC漫画系列 | 品牌:BE@RBRICK,https://g-search3.alicdn.com/img/bao/uploaded/i4/i1/2208519802365/O1CN01G2h9QB1TLDePkXZ5g_!!2208519802365.jpg,//item.taobao.com/item.htm?id=789798267209&ns=1&abbucket=10&xxc=taobaoSearch&mi_id=0000UyLpIxcYgGyCeuEhaYV7nHJAj7Nolq0L2IXl0PSK8G0&skuId=6095119250894
1016805593885,现货 bearbrick 51代 Series 盲盒 be@rbrick 熊 100% 拆款,40,¥,券后价,tb013944970,FLYOWER,7年老店,6人付款,江苏 常州,"官方立减12%, 48小时内发",款式类型:隐藏款 | 出售状态:现货 | 品牌:BE@RBRICK,https://g-search3.alicdn.com/img/bao/uploaded/i4/i3/3495228921/O1CN01fI0KZl2FlsQHBKGwY_!!3495228921.jpg,//item.taobao.com/item.htm?id=1016805593885&ns=1&abbucket=10&xxc=taobaoSearch&mi_id=0000XDXXods7eK77_s_-ECe_pB_AI9ygmhYc8qXFsx0TJjE&skuId=6023456904721
881085151421,BE@RBRICK49代积木熊盲盒确认款 bearbrick 正品 潮玩摆件礼物,18,¥,,佳依不舍,男人帮潮玩,,60人付款,北京,退货宝,出售状态:现货 | 品牌:BE@RBRICK | 选购热点:暴力熊,https://g-search2.alicdn.com/img/bao/uploaded/i4/i3/1712292382/O1CN01vfpsuK1TT0SWioLBA_!!1712292382.jpg,//item.taobao.com/item.htm?id=881085151421&ns=1&abbucket=10&xxc=taobaoSearch&mi_id=0000uE7jwK3My6ktidpKPWILMLVS1j5Ov3qTGAJwwumJdBI&skuId=5888383542102
,,,,,,,,,,,,,
956973491651,官方正品 be@rbrick积木熊 确认款 BE@RBRICK 二手中古商品系列,20,¥,,tb708710451,小鱼潮玩盲盒店,,15人付款,江苏 连云港,,出售状态:现货 | 品牌:BE@RBRICK | 选购热点:暴力熊,https://g-search1.alicdn.com/img/bao/uploaded/i4/i1/2208519802365/O1CN012baXJd1TLDlTZVh7B_!!2208519802365.jpg,//item.taobao.com/item.htm?id=956973491651&ns=1&abbucket=10&xxc=taobaoSearch&mi_id=0000vX9u5g93H34OX_IM5TSUKTwAgoqxswldJ1wvKjdvK44&skuId=5832734456463
1014292927951,现货 Bearbrick BE@RBRICK 100% 干支 午 马年 生肖马 第二弹,198,¥,,marylike_2009,潮流玩家Concepttoyshk,16年老店,4人付款,广东 深圳, 3期,品牌:BE@RBRICK | 出售状态:现货 | 系列:干支 午 马年 生肖马,https://g-search2.alicdn.com/img/bao/uploaded/i4/i3/245539431/O1CN01oA99De2JXSPpb3oCc_!!245539431.jpg,//item.taobao.com/item.htm?id=1014292927951&ns=1&abbucket=10&xxc=taobaoSearch&mi_id=0000nzmAcfZN603rQ1Unhb28QxFakv-GC6apl9My26KSB6M&skuId=6022240617143
860308952164,bearbrick45代积木熊盲盒确认款BE@RBRICK100%潮玩手办摆件,12,¥,,佳依不舍,男人帮潮玩,,48人付款,北京,退货宝,出售状态:现货 | 品牌:BE@RBRICK,https://g-search3.alicdn.com/img/bao/uploaded/i4/i3/1712292382/O1CN015DssFt1TT0TIEwmOE_!!1712292382.jpg,//item.taobao.com/item.htm?id=860308952164&ns=1&abbucket=10&xxc=taobaoSearch&mi_id=0000Md5wMh-JSMwdaE3-4IfnBtHNXQG7soQ1EnNTuRZM8os&skuId=5673828068223
966889005805,现货 当季 bearbrick 51代 盲盒 be@rbrick 熊 整盒 整箱50 49 48,45,¥,券后价,tb013944970,FLYOWER,7年老店,27人付款,江苏 常州,"官方立减12%, 48小时内发",出售状态:现货 | 品牌:BE@RBRICK,https://g-search1.alicdn.com/img/bao/uploaded/i4/i4/3495228921/O1CN01f1cLfJ2FlsQEXXBw0_!!3495228921.jpg,//item.taobao.com/item.htm?id=966889005805&ns=1&abbucket=10&xxc=taobaoSearch&mi_id=0000bHmQ8ySGrvbanZXryFJD0x6YZ5CSUrbZ5d8WZumkPO4&skuId=6022197545916
985811200587,Bearbrick 42代 盲盒 正品 确认款 be@rbrick 100% 手办摆件手办,14.99,¥,券后价,tb328340010,THUNDERTOYS,,3人付款,浙江 杭州,淘金币已抵0.44元,,https://g-search3.alicdn.com/img/bao/uploaded/i4/i2/2208935528980/O1CN01BKUfKr2GCtlbCZ4kW_!!2208935528980.jpg,//item.taobao.com/item.htm?id=985811200587&ns=1&abbucket=10&xxc=taobaoSearch&mi_id=0000lz12s-BwjV3mjWYRmuzD5BWUsO9AzRSwRAydi5EBiOI&skuId=6112039454311
656632379119,积木熊berbrick1000%星月夜梵暴力熊摆件潮流客厅落地玩偶手办,4716,¥,券后价,默背的心碎5,艺点生活家居,7年老店,0人付款,北京,"店铺满1298减50, 淘金币已抵31.7元, 退货宝, 包邮, 公益宝贝",出售状态:现货 | 系列类型:联名系列 | 选购热点:暴力熊,https://g-search2.alicdn.com/img/bao/uploaded/i4/i4/2315440005/O1CN01y2n3Ob1BuKgkAUfjE_!!2315440005.jpg,//item.taobao.com/item.htm?id=656632379119&ns=1&abbucket=10&xxc=taobaoSearch&mi_id=00009ZriWsbOC9h9jJ1Mb0zFDGG_vTh41IUQuaJYIZ-fw7c&skuId=4736325989595
867257166528,【现货】BE@RBRICK 50代 100% bearbrick50代 积木熊潮玩公仔摆件,10,¥,,dxdlam11,concrete,11年老店,51人付款,广东 佛山,,出售状态:现货 | 品牌:BE@RBRICK,"https://g-search3.alicdn.com/img/bao/uploaded/i4/i4/289493884/O1CN017CZ9y61eYvOVVbhFH~crop,28,12,739,739~_!!289493884.jpg",//item.taobao.com/item.htm?id=867257166528&ns=1&abbucket=10&xxc=taobaoSearch&mi_id=0000hLWnl80vQGm85ZqD7t9uIh8gAuUCLLAsBvIRhM7DLpQ&skuId=6052788358297
867067127181,Bearbrick 41代盲盒确认款 be@rbrick积木熊潮玩手办摆件礼物,8.99,¥,,佳依不舍,男人帮潮玩,,19人付款,北京,退货宝,品牌:BE@RBRICK | 系列:4 1代,https://g-search1.alicdn.com/img/bao/uploaded/i4/i1/1712292382/O1CN01P352Ai1TT0Wf3nGBP_!!1712292382.jpg,//item.taobao.com/item.htm?id=867067127181&ns=1&abbucket=10&xxc=taobaoSearch&mi_id=0000CJRpbTf7hSSc8uaakjs2eZz-u0mc8m-FmJQDfeUn1t0&skuId=5897865583946
880297046758,【现货】Bearbrick 49代 Be@rbrick 100% 积木熊 潮玩摆件确认款,29,¥,,tizianowong,积木熊乐园,8年老店,25人付款,山东 济南,,出售状态:现货 | 品牌:BE@RBRICK | 商品状态:拆盒不拆袋,https://g-search1.alicdn.com/img/bao/uploaded/i4/i4/914064288/O1CN01cecKNs1hXxQ0IzHju_!!914064288.jpg,//item.taobao.com/item.htm?id=880297046758&ns=1&abbucket=10&xxc=taobaoSearch&mi_id=0000E-LcJix5S5RjudHCHzCt74wUJM-qps24E9DNPsy2AnM&skuId=5720355192441
724530627835,【现货】Bearbrick 43 44代 Be@rbrick 100% Series 盲盒 积木熊,28,¥,券后价,july7o7,kidstudio,12年老店,10人付款,福建 厦门,官方立减12%,出售状态:现货 | 款式特点:关节可动 | 品牌:BE@RBRICK,https://g-search2.alicdn.com/img/bao/uploaded/i4/i4/542663258/O1CN01fbVCUg1ZwDBBhk1Av_!!542663258.jpg,//item.taobao.com/item.htm?id=724530627835&ns=1&abbucket=10&xxc=taobaoSearch&mi_id=0000bGeS74U5NgzQ6ALUoiLWrdPtGg02mG7I7fXXULv5YSM&skuId=5029189740291
860351892941,正品 BE@RBRICK 43代 盲盒 100% 积木熊 bearbrick 潮玩手办,12,¥,,佳依不舍,男人帮潮玩,,55人付款,安徽 黄山,退货宝,,https://g-search3.alicdn.com/img/bao/uploaded/i4/i4/1712292382/O1CN01wHHqny1TT0Wfn4UY9_!!1712292382.jpg,//item.taobao.com/item.htm?id=860351892941&ns=1&abbucket=10&xxc=taobaoSearch&mi_id=0000eNNxUpfEoZmASRwG7UCDvNEaH5eU6NJxrrsK-iN-NFY&skuId=5673949268275
944100966002,预定 现货 当季 bearbrick 51代 盲盒 be@rbrick 熊 整盒 整箱,500,¥,,tb013944970,FLYOWER,7年老店,6人付款,江苏 常州,包邮,出售状态:现货 | 品牌:BE@RBRICK,https://g-search3.alicdn.com/img/bao/uploaded/i4/i4/3495228921/O1CN014OGl2O2FlsPavLmDe_!!3495228921.jpg,//item.taobao.com/item.htm?id=944100966002&ns=1&abbucket=10&xxc=taobaoSearch&mi_id=0000ApbThLfX7Coy1j_RAtzSF284uJZ0WOSu5n5w4_kV67A&skuId=6014682635543
859261339981,BE@RBRICK 44代 积木熊 100% 盲盒 bearbrick 正品 潮玩摆件礼物,8.99,¥,,佳依不舍,男人帮潮玩,,61人付款,北京,退货宝,品牌:BE@RBRICK | 出售状态:现货,https://g-search1.alicdn.com/img/bao/uploaded/i4/i4/1712292382/O1CN01QfNIwH1TT0TIjH9EG_!!1712292382.jpg,//item.taobao.com/item.htm?id=859261339981&ns=1&abbucket=10&xxc=taobaoSearch&mi_id=0000Wxs7-kUXAhmx1aGWNYNJH5ptffwmFdZpoHpvAb1Cdjc&skuId=5711416905937
963484426186,现货 bearbrick 50代 周年 Series 盲盒 be@rbrick 熊 100% 拆款,35,¥,券后价,tb013944970,FLYOWER,7年老店,13人付款,江苏 常州,官方立减12%,款式类型:小隐藏 | 出售状态:现货 | 品牌:BE@RBRICK | 商品状态:拆盒不拆袋,https://g-search1.alicdn.com/img/bao/uploaded/i4/i2/3495228921/O1CN01fHlGJq2FlsOHePk0J_!!3495228921.jpg,//item.taobao.com/item.htm?id=963484426186&ns=1&abbucket=10&xxc=taobaoSearch&mi_id=0000MHSy25I6vE51-pS_XsZamT-ElPELWS4gouDgdYBHf0o&skuId=5922509164327
1000414907167,Bearbrick 17代盲盒正品确认款berbrick 100%手办摆件手办,39.99,¥,券后价,tb328340010,THUNDERTOYS,,0人付款,北京,淘金币已抵1.19元,款式类型:端盒 | 出售状态:现货 | 品牌:BE@RBRICK,https://g-search3.alicdn.com/img/bao/uploaded/i4/i1/2208935528980/O1CN01sqzsEP2GCtmSuWOvZ_!!2208935528980.heic,//item.taobao.com/item.htm?id=1000414907167&ns=1&abbucket=10&xxc=taobaoSearch&mi_id=0000atJ22aVuj7tYeatZHi9v-IO_PgFTnaIG0Hua9_32ALg&skuId=6154587942834
969927340968,【喵小黑】50代 BE@RBRICK 100% 积木熊 bearbrick 卡盒都在 7CM,35,¥,券后价,coolcat369,喵小黑的玩具店,11年老店,13人付款,辽宁 沈阳,"官方立减12%,  3期",款式类型:小隐藏 | 出售状态:现货 | 品牌:BE@RBRICK | 选购热点:暴力熊 | 商品状态:拆盒不拆袋,https://g-search3.alicdn.com/img/bao/uploaded/i4/i2/112953401/O1CN019Sztj81azi6YKH4YN_!!112953401.jpg,//item.taobao.com/item.htm?id=969927340968&ns=1&abbucket=10&xxc=taobaoSearch&mi_id=0000b2QkkGdPImAQhh4h2LB94aPUPsSB5TLZOehXk-DBG2k&skuId=6082190118566
957086049289,现货 bearbrick 51代 字母 BASIC 浅蓝 盲盒 be@rbrick 100%,60,¥,券后价,tb013944970,FLYOWER,7年老店,4人付款,江苏 常州,官方立减12%,出售状态:现货 | 品牌:BE@RBRICK,https://g-search3.alicdn.com/img/bao/uploaded/i4/i4/3495228921/O1CN01Bi5Jpd2FlsQKEBr7h_!!3495228921.jpg,//item.taobao.com/item.htm?id=957086049289&ns=1&abbucket=10&xxc=taobaoSearch&mi_id=000057ss2hL9E3sIbMyDDK-4NurBBoR54aNW1YZIrTC4Ydk&skuId=6023458628247
641329825711,BAPE ABC CAMO BE@RBRICK CHOGOKIN超合金暴力熊手办20AW,680,¥,券后价,诺诺亚佐罗,玩具异世界,16年老店,3人付款,广东 深圳,店铺满238减10,出售状态:现货 | 品牌:BE@RBRICK | 选购热点:暴力熊,https://g-search3.alicdn.com/img/bao/uploaded/i4/i1/33893505/O1CN01XlVwOE1blKsdRjC7T_!!33893505.png,//item.taobao.com/item.htm?id=641329825711&ns=1&abbucket=10&xxc=taobaoSearch&mi_id=0000tBVVkU4AQFhbdCuUpgFDhhACyUfAxjDd_b-euKLC208&skuId=5854368082795
962359401161,BE@RBRICK改装车联名二代暴力熊大号摆件公仔1000%  400% 100%,5780,¥,券后价,vicky线上潮牌商店,日佳汽车模型,8年老店,0人付款,广东 揭阳," 3期, 退货宝, 包邮, 公益宝贝",,http://g.search.alicdn.com/img/i4/123027389/O1CN01EZ5DDq24SDJAExZih_!!0-saturn_solar.jpg,http://click.simba.taobao.com/cc_im?p=BE%40RBRICK&s=1450706248&k=2093&e=IU5v1yU%2FS9ko4zRNK0XZI9c%2BU92k2NPLuFp7Oz3R3jiYG%2BBvVhyolU9fqRBdb78QDeEZvJAsKudUW2Ngfzw7CyWpr0k1d3UDf4NckhLtYFz9q1GTTD7eJkKJ5qHWg%2FLGwxJQEXbaUKIIoSS1QQUrAYrjWkziGUEbPa%2FbjfrVwymMh%2BsBPDQ5d%2BEeL5kv623ejXVIueDhVfdWuHnohbvNz1XBCHYnPvkczCHbk0v51y4TJ0L2icXwiiVjSf95KQU8rVGfy7hMynViRDgrU8WNn4jBzLBtuHgap3j8K%2BOwpFDsNdVO3xjUTB%2F%2BFTWp%2FAFc3tbJkZufQgNkvI43A58%2FxAH4gv25fiKvGrMeicmUVCBAsDwOfJmjBiRryljYuuX9167Bp30izHbizb0IE8NOVSUAl%2BPAyY%2FwJZevhngZQez%2FVIrr05iBYmswiYQO9zBHKsD6%2FIhqT%2F%2F2otcQbf6OaSrbvpemhBUe3xG1FMztseXI8na2fv0rO3w2i4rIiPvGS7H6rFZS9psBSGnFZkxYjANUSxfeHe%2FHxObGf0ud7KJS0lXxAmQWIhGcmDsrcHEgZsAbq5zb29kuq3Dy9EZYGaOf4EJ6zVC13rxhRh6Jm9qYpGDbulCwhyZBGiuyTSGjCfLcwcfiMMJAN8FD3vZ49iGWqMZCRQ7wG2E%2BsJkreq4dhYF3oNsNljwqVLfUjEbrAS2mqgdo3KdWtxryd32aN2MXXiugTC2cKP%2BB1PvKpOKpoOJeZ%2FacnlPZYb46mR4VPFgYQWyh5RCBIa4%2F4XAnToesaEzy%2FnA64SOU8KFn%2BY6YbF8CEEpk51rsOjKx7%2BfkkUK3XnuZeLwEBFzrGgRHXRHC%2F5q0soAcjqmYIwBPsp6YllFKESSme2XzHiTXsEOewGDJOvEWfor9YPGtuEy18SjqZipt%2FnqWt5dQdDoBBWBGhldwE%2FbKSENyFOgCqWfEKF8sQs%2Fmjpj8D7y7Fs6suxP8554GZK8BHbbTR59L8%2FD7pEolO2IHg%2F8UumTzVcYnL2m1Ibfg4g7xovabSDtAEu77dlQPDm8xMHP4zXRNZAYPjzGQq6drfc33bptDGNLE0ppOKTEERLub9aH0T48dYHhbxgzG8yKQHf%2BkpwT4TLaw0I1U6iLrsa7TmRMQZ4%2Fes1XfLgm1JGtBe5b4bjIlS5gnzUu9HUa8z3eq9tIP3A3nKceTezuStxNSmxpI%2B%2FfpdWum5zRex6e0mamoSyjZe1MOwj7CKWjneAWbDBr%2FqzC9YTDTQJYIEPpnbs4eQD37k2VMzWF5jDpDeG4V8V96Y6IJb%2FIedQnGVVDuawPNr9IuEyBA9%2F86iRpy%2FekDtJiKCnZKM2MBatkDh6eROlJZ7oOVLnOy8J%2F88PKsBkDf15qs3RtCTDjOZTQpkj4ThJu82NiP7danladKAyXGGUxmTNWl0TcHW9TjUUxDulupb4dZXdGzjdaQqkoDJcYZTGZM1aXRNwdb1OOvY%2F2G4YM9%2BioXUrDLof6m0iLsJc0hf8I7yPxcyIRr2buZkGtGtDzRQj7cL2E7NfI5HR4DL99RJm1Tn0M6BTOqKZMU4DJ8XPHLL7VKUJBCjTfVdV0MSZp%2FmjMxM4h9IMTnUzIgYD9v7%2FJP1yVH3YaAwvmnoNUThe60%2BIUra6sjDv3fVHKVcisRL%2Bo2R97PXlIwnGYuk1I2cY9TgelHV2E8PkMnJcO7NMabXEcrEiTFTgekFSo5awzDQro2kOKU%2F9g0MpU%2F%2FbDx7qzBes%2FtZASC6AiOdxmVfnPcZKQeQTuwb239ugSPN%2BzLtM%2BUdDFo251L%2Fnhz%2FhvTFp3X4MMIh36v9U%2BR5ma4DznEGx%2FYovuRrn9y9b5sBXgkQ5KCYcSNnsFS8peKzLvzIq3ddhzpOYFs0ROzhfoU%2FgNcYGKsi44sWeEjlPChZ%2FmOmGxfAhBKZOda7Doyse%2Fn5JFCt157mXi8BARc6xoER10Rwv%2BatLKAHFEhq8gb0tJyGBqv3FUg1iMo%2F4HU%2B8qk4t54%2BFM0oUjLesDLuLNVn6l33dxd2QDXixmSJuUalRpht20kQSrhTQuUQg8udRXDQuwlPOUVVp7tIm6eO9zBL74%3D&mm_sceneid=1_0_123027389_0&a=xxc%3Dad_ztc%26mi_id%3D0000X3xBg4QxNIV4LIYu_uLq8S8OTR43NJFUHsWZiu_Drog%26skuId%3D4894311105067&id=962359401161
713960854653,bearbrick be@rbrick 积木熊 100% 保护壳,8,¥,券后价,llfossil,化石的潮流小店,,23人付款,广东 汕头,"官方立减12%, 包邮",出售状态:现货 | 品牌:BE@RBRICK,https://g-search3.alicdn.com/img/bao/uploaded/i4/i3/400132320/O1CN01RQKrOf1T0bhjcXN6H_!!400132320.jpg,//item.taobao.com/item.htm?id=713960854653&ns=1&abbucket=10&xxc=taobaoSearch&mi_id=00004pfsZgWdvScJNySty9_ZarV9QZaOGtxMKs4gK65TcCQ&skuId=5170282891638
735177583715,bearbrick 44代 积木熊盲盒确认款BE@RBRICK正品网红潮流,5,¥,,tb1308587_00,晨晨盲盒潮玩店,5年老店,21人付款,北京,公益宝贝,出售状态:现货 | 品牌:BE@RBRICK,http://g.search.alicdn.com/img/i4/1028900134/O1CN012qRvYF1CrQC9pmEnN_!!4611686018427381030-0-saturn_solar.jpg,http://click.simba.taobao.com/cc_im?p=BE%40RBRICK&s=1420040635&k=2401&e=fGKBSOCTuVuVC1OIundMiDWVqsN3t2I9%2B7cSBPrPFLCtGH4E1aWXz8dJEZZ4G5uBitNr7BsYOVbNaq40zq%2FqAXWTMAzL8lKRjrRwLGIilRBS%2FLGIbUh5FHBsQOZFxu0w5g4WwSZeQYV7mwBKckE7oqKa92VXVgVZ4sRf%2BtDK1kHeGUKRLpAjqhPBoaZVgWbtU7JR4tL9XSnR1FPYvTaPYyiAREeVggBCOat4Qb1YJ8hcKCYeFpBfS3b2CX5TdRp%2FGDXt%2F4IY%2BW5LsCP%2BnX1VzuQk%2F7YMUzDy4w%2FgQBtZK1%2FS8OdfRzQTn4C8Qtq0ZI6oNkG7vz2fwpbtJ8Gy9VKD92YIxcs5mIq%2BkzyaOzZI9T84Igj1IF0%2B2z8Hp7rup%2BHqDFg0j8WtTQqyPuHaNmJ4FPAZ5cQDl97GHBEl524NXgQwxg588h5RSdAFbucF%2FJQx8CwhlF1kT0%2BvBrW4GaJ%2BuATzWjlyeA7b6IkplOrs6vpRbCWdfhQ3lsj8JPvLujAHGkyyUIgROOmQfNRE233FQxQhAYOjf%2F7G8Q%2F1Ifa8AaBfuGR6Ca3ewTwcZjp7%2B40P55TUWToT1uzvZNobQOylLxStgUYOBW2BbqsQbTuj4JDNsSY7s7KooxcsYhtncJiIMsFU2BSCSF6qG9EHtQYbU8kBnlnNWtj0vJ0VWTwdNM36RjwgcJI%2FNOa9gPjr%2BiMfynGKI3vqEhwWtPEFqfCkZNL7pOWh%2B8harXdbo%2FBBO4QUIQGDo3%2F%2BxvJZBBBrYpWle%2Bc5PyrTAhYI5oN7XnP5OUrawm%2FHN94ujeJkWwqjMJq0TmtIKgL1vx%2F4xZd05OiBlJmPukOKTSOuKxkAhxyxow%2BjaBqgGRYog0Sgq%2Fr3xOFN2Tlif6IcGwfrJmmgQ69em97QVifemkAdhm35Da%2B2Ef0MwF4Bn90kocf0M3g03JPU3rC%2BPrzo1pWiRmU5s%2BfEEuccahboVNKz5cQ4EBqVGpS7quawD65UHbN2248G%2FIZS2R3vhZLsgIuZApTVE9AvQqDFn4W%2BorEfoiuWjLK8tOr1ICGRAfN%2BAh1hVHemGaNIlDxoaGG1JGKdXX7Y8AJMw4Y0%2B1So7A7zv4UhpfDzbKVh6ZxgFfzHoV7FrPQaWJi3zN15NSIXilB31pv8NeIhazRkLU1uOi06u1glusJx%2B9%2BSeUt81HXRL7L%2FpW983b9euk7b1p6CCnEEn8ESxMMlkV4ZuefxUi%2BjJ72ZtwFz%2BPahbKynqWaOzwPLfWsFjUkBXjanhblbjoHf3qjYTwwd9uvj3KLUIjLWV0o%2FPQobsOkODTgAmujjcUtGEFQaAS7nlNRZOhPW7AeamiOs7N53PBxmOnv7jQ%2FxD%2FUh9rwBoNVPi5i%2FOXtbFK2BRg4FbYFuAXaLLJG4Ey6Iz86KcbaFSk8n7rYX84jg%2F4eA%2FJSjBOVsvmasuNGTFyxiG2dwmIhnMwTzTzr9XZs%2BGJoI1OUuhV6Qrz5cFrJCYJUvFV1RsukQ1a%2FQ3dk5e7C%2FtKUn7hfe5jkgtrbdw73FZGfC8EiIeKsWHqZc%2FLqFp82fk4ESAZH2zV94EfE5NbhDVQciAqNTgrW24As34dWr%2FsD3otkyuXjLEYpniEnSXpkb1F40IdN18Sxbl%2BsyN1FRqZmIewoS5xxqFuhU0mxM2jGaGw2Cio%2F4aspJVzX6VMo9fY1MkxLnHGoW6FTST%2BleBvXZ4wzyh7WVKkA99n9D7FA4WtUyvc%2Ft5GefkYPSj15AI0gOnhXzjpqFciM4MPsvBab6fOsd%2B8goqGNFNmPTj%2BOKQWSu9%2FVoIMtAiSpkq3tT9kDMzUsFlkNGTR7tJ53JR6coqUZJZuyZIFwOm1QN34YgeoDFdt71mT3IAREd%2B8goqGNFNpDLyfLDHmySjGXZ3f%2FaH%2FfvUQYe2LOpY6XrGJIiBW3lHUKzYGUVMraN0OZyWVQamRk1t9UfTH1SDVO81MyuH0HISkr%2FB4aZ7K2xUTNiOnSI2g9e9zdOwkBhxZ86Sx7fisdd0y3AZWIRJQjtkGwSUoGHKVuJ6SSXctmawhyBg%2B6Sv2Zfm83x44F3KnIVqHeB9TWZTomHPqY%2B4P%2BHgPyUowTHiB3lWoN12yfqfyA8GYn1JeBjfmtBoO0b5JypGQc3gWwtxIt6Sm5OtE5rSCoC9b8f%2BMWXdOTogZSZj7pDik0jrisZAIccsaMPo2gaoBkWKINEoKv698ThTdk5Yn%2BiHBsH6yZpoEOvXpve0FYn3ppAHYZt%2BQ2vthH9DMBeAZ%2FdJKHH9DN4NNyTNpwSOJ7eje7XCthQkz4LLOs4BiU92EzjEuccahboVNKz5cQ4EBqVGicEyecSpmfTTTL22rK8PYQWQ160Vz2KnBtTy4GT%2BV6AY7PXHUNxVSg%2BzFHWjm%2BMpO9hm75Ynbqm&mm_sceneid=1_0_1028900134_0&a=xxc%3Dad_ztc%26mi_id%3D00002x1fgueesv80aveHCB9-_uN0XGga3fZAfTcy28uODHw%26skuId%3D5083179689089&id=735177583715
890166284124,现货 bearbrick 49代 Series 盲盒 be@rbrick 熊 100% 拆款,40,¥,券后价,tb013944970,FLYOWER,7年老店,18人付款,江苏 常州,官方立减12%,出售状态:现货 | 品牌:BE@RBRICK,https://g-search2.alicdn.com/img/bao/uploaded/i4/i2/3495228921/O1CN018c5hRy2FlsL6O6x7T_!!3495228921.jpg,//item.taobao.com/item.htm?id=890166284124&ns=1&abbucket=10&xxc=taobaoSearch&mi_id=0000W-kgXBqcf3Rpq6uj26eLFwzHC0L0gZZmG81ycLe0Bzk&skuId=5907609146698
637675801353,[日漫屋]BE＠RBRICK BERBRICK 积木熊 进击的巨人 利威尔 兵长,250,¥,券后价,tatsuki小朋友,日漫屋 月夜动漫特摄店,11年老店,0人付款,广东 深圳,"官方立减25%, 退货宝",ACG作品名:进击的巨人 | 出售状态:现货 | 款式特点:静态 | 品牌:BE@RBRICK | 选购热点:暴力熊,https://g-search3.alicdn.com/img/bao/uploaded/i4/i4/1717679945/O1CN01CiOopg2NKrzP0HmIl_!!4611686018427385673-0-item_pic.jpg,//item.taobao.com/item.htm?id=637675801353&ns=1&abbucket=10&xxc=taobaoSearch&mi_id=0000Ey1sQHsqFRtP74MpxCbwOyuMLE-VjzzAJ0e8hNnN5us&skuId=4576858509472
735028187818,bearbrick积木熊46代盲盒 积木熊 bearbrick 假面骑士 索尼克现货,11,¥,,tb1308587_00,晨晨盲盒潮玩店,5年老店,13人付款,北京,"48小时内发, 公益宝贝",出售状态:现货 | 品牌:BE@RBRICK,http://g.search2.alicdn.com/img/i2/1028900134/O1CN01WHYLc11CrQC9kRPpf_!!4611686018427381030-0-saturn_solar.jpg,http://click.simba.taobao.com/cc_im?p=BE%40RBRICK&s=1420040635&k=2401&e=tAirwCcc7wWVC1OIundMiDWVqsN3t2I9%2B7cSBPrPFLCtGH4E1aWXz8dJEZZ4G5uBitNr7BsYOVbNaq40zq%2FqAXWTMAzL8lKReb1j3ozyuctS%2FLGIbUh5FHBsQOZFxu0w5g4WwSZeQYV7mwBKckE7oqKa92VXVgVZ4sRf%2BtDK1kHeGUKRLpAjqhPBoaZVgWbtU7JR4tL9XSnR1FPYvTaPYyiAREeVggBCOat4Qb1YJ8hcKCYeFpBfS3b2CX5TdRp%2FGDXt%2F4IY%2BW5LsCP%2BnX1VzuQk%2F7YMUzDy4w%2FgQBtZK1%2FS8OdfRzQTn4C8Qtq0ZI6oNkG7vz2fwpbtJ8Gy9VKD92YIxcs5mIq%2BkzyaOzZI9T84Igj1IF0%2B2z8Hp7rup%2BHqDFg0j8WtTQqyPuHaNmJ4FPAZ5cQDl97GHBEl524NXgQwxg588h5RSdAFbucF%2FJQx8CwhlF1kT0%2BvBrW4GaJ%2BuATzWjlyeA7b6IkplOrs6vpRbCWdfhQ3lsj8JPvLujAHGkyyUIgROOlFJRGu93PKDTMoP5YoAnIK8Q%2F1Ifa8AaBJU1r21vzrNtBynZygZdaMQhMetWb4Q%2F%2F8IP5N08l7i7%2FNqHa7%2BtR2oAG9vRRExHBqlODKs0RZ9be%2B%2FqOFuKaIMsFU2BSCSF6qG9EHtQYbU13ANQvF6OI7AJAjZCPwSgn6RjwgcJI%2FNOa9gPjr%2BiMfynGKI3vqEhwWtPEFqfCkZNL7pOWh%2B8hahmPibvKjRYUzKD%2BWKAJyCvJZBBBrYpWlh%2BBX5w0xSMDaraPH06WhI0rawm%2FHN94ujeJkWwqjMJq0TmtIKgL1vx%2F4xZd05OiBlJmPukOKTSOuKxkAhxyxow%2BjaBqgGRYog0Sgq%2Fr3xOFN2Tlif6IcGwfrJmmgQ69em97QVifemkAdhm35Da%2B2Ef0MwF4Bn90kocf0M3g03JPU3rC%2BPrzo1vHsVnAxRSSOiRTAFiPnHMiz5cQ4EBqVGpS7quawD65Uef8w10L2Qdaz9MFsx3yW9YuZApTVE9AvQqDFn4W%2BorEfoiuWjLK8tOr1ICGRAfN%2BAh1hVHemGaNIlDxoaGG1JGKdXX7Y8AJMw4Y0%2B1So7A7zv4UhpfDzbKVh6ZxgFfzHoV7FrPQaWJi3zN15NSIXilB31pv8NeIhazRkLU1uOi06u1glusJx%2B9%2BSeUt81HXRL7L%2FpW983b9euk7b1p6CCnEEn8ESxMMlkV4ZuefxUi%2BjJ72ZtwFz%2BPahbKynqWaOzwPLfWsFjUkBXjanhblbjoHf3qjYTwwd9uvj3KLUIjLWV0o%2FPQobsOkODTgAmujjcUtGEFQaAS5CEx61ZvhD%2FzgI5lmsFn4Z0HKdnKBl1ozxD%2FUh9rwBoNVPi5i%2FOXtbv82odrv61HZuAXaLLJG4Ey6Iz86KcbaFSk8n7rYX84jg%2F4eA%2FJSjBOVsvmasuNGTt77%2Bo4W4pohnMwTzTzr9XY21OorNzM7zYpbrB%2ByO1RlCYJUvFV1RsukQ1a%2FQ3dk5e7C%2FtKUn7hfe5jkgtrbdw73FZGfC8EiIeKsWHqZc%2FLoZLYJD5XHgnAQEDJIE0QKqIoFMjB7hxnX9FrzLQMPzKCeHiHdaj77PybrXO6f62GznEoNXVoS1HdN18Sxbl%2Bsyjy8kIX7gxUGJFMAWI%2BccyGxM2jGaGw2Cio%2F4aspJVzXXHJjEtQIpfYkUwBYj5xzIT%2BleBvXZ4wzyh7WVKkA99n9D7FA4WtUyvc%2Ft5GefkYPSj15AI0gOnhXzjpqFciM4MPsvBab6fOsd%2B8goqGNFNmPTj%2BOKQWSu9%2FVoIMtAiSpSVRSzLO%2FXA0sFlkNGTR7tYG1zK1DTHlU%2BCwTVSkiFl1QN34YgeoDFdt71mT3IAREd%2B8goqGNFNpDLyfLDHmySjGXZ3f%2FaH%2FfvUQYe2LOpY7QmArUTlJQiHUKzYGUVMraN0OZyWVQamRk1t9UfTH1SDVO81MyuH0HISkr%2FB4aZ7K2xUTNiOnSI2g9e9zdOwkBhxZ86Sx7fisdd0y3AZWIRJQjtkGwSUoGHKVuJ6SSXctmawhyBg%2B6Sv2Zfm83x44F3KnIVqHeB9TWZTomHPqY%2B4P%2BHgPyUowTHiB3lWoN1280xbBBdUZIP3pbDwSdoJTsb5JypGQc3gWwtxIt6Sm5OtE5rSCoC9b8f%2BMWXdOTogZSZj7pDik0jrisZAIccsaMPo2gaoBkWKINEoKv698ThTdk5Yn%2BiHBsH6yZpoEOvXpve0FYn3ppAHYZt%2BQ2vthH9DMBeAZ%2FdJKHH9DN4NNyTNpwSOJ7eje6jKDWrV5JrPgBEwBb838NliRTAFiPnHMiz5cQ4EBqVGo3IUYa2NynLWu4kpy%2Bksu%2Fqj1ftF2SD5xf21fWDWyApY7PXHUNxVSg%2BzFHWjm%2BMpO9hm75Ynbqm&mm_sceneid=1_0_1028900134_0&a=xxc%3Dad_ztc%26mi_id%3D0000MI-QmlXfooxByz-PW0spkXo-4nAbAuJwuyjqLGEJVAM%26skuId%3D5319812517654&id=735028187818
817423988144,BERBRICK积木熊Bearbrick正品PiL药丸暴力熊大摆件潮玩礼物,8780,¥,,tb31147249,小红的店铺123,,1人付款,北京,"48小时内发, 包邮",,https://g-search2.alicdn.com/img/bao/uploaded/i4/i3/3922232745/O1CN01hlG4Ew1W9GAqhsCEE_!!3922232745.jpg,//item.taobao.com/item.htm?id=817423988144&ns=1&abbucket=10&xxc=taobaoSearch&mi_id=0000j9hFrtJve6fMY0jnoFD7VsE3PejjmMFe6FFq7ZBHDCY&skuId=5687109107440
651038929138,BE@RBRICK PUSHEAD 1000%大理石5代暴力熊超大号摆件积木熊公仔,5593,¥,券后价,vicky线上潮牌商店,日佳汽车模型,8年老店,0人付款,广东 揭阳," 3期, 退货宝, 包邮, 公益宝贝",出售状态:现货 | 适用年龄:14周岁以上 | 兵人配件:兵人成品 | 款式:关节可动,http://g.search3.alicdn.com/img/i3/123027389/O1CN014p6CEM24SDL25DGIl_!!0-saturn_solar.jpg,http://click.simba.taobao.com/cc_im?p=BE%40RBRICK&s=1420040635&k=2093&e=1MPjJtFJcxqVC1OIundMiDWVqsN3t2I9%2B7cSBPrPFLCtGH4E1aWXz8dJEZZ4G5uBitNr7BsYOVbv11JoDTmH%2B%2BCrH5CuCRHEttoY7IOk028P6MuzoH0pC3BsQOZFxu0w5g4WwSZeQYV7mwBKckE7oqKa92VXVgVZ4sRf%2BtDK1kHeGUKRLpAjqhPBoaZVgWbtU7JR4tL9XSnR1FPYvTaPYyiAREeVggBCOat4Qb1YJ8hcKCYeFpBfS3b2CX5TdRp%2FGDXt%2F4IY%2BW5LsCP%2BnX1VzuQk%2F7YMUzDy4w%2FgQBtZK1%2FS8OdfRzQTn4C8Qtq0ZI6oNkG7vz2fwpbtJ8Gy9VKD92YIxcs5mIq%2BkzyaOzZI9T84Igj1IF0%2B2z8Hp7rup%2BHqDFg0j8WtTQqyPuHaNmJ4FPAZ5cQDl97GHBEl524NXgQwxg588h5RSdAFbucF%2FJQx8CwhlF1kT0%2BvBrW4GaJ%2BuP3P9P3yYEUWOTEiZWYDlbTCDkdYClIH692ItbCUop7TWcF3ip1ooiKv2NMCwafT9RmZYayVwS81ez1g18hvfo6u%2FOZJz3aVzYAbI%2BneBnsWwxkbaD%2BisOtjs1QziXaUM7RXclz4HBQBRtndSHbRHNT9YuXUCC6ItcBkPd9LpI9jW8%2FM1uyT6UWVntBTVzr0ikmBvHHyqpSQ93WLJaEgawS2XgTRZe3JOB8c6SlE4XWuhOMVkzm9X9ANTq6vmqiyhFh02jaRyczyoXPb%2FfGIrgQ1%2F%2FBzcZ0U2hXdIr6IRlLpDBFkRFqcIAL1QUh2GRT74pYCwKvUWhMNFVS7MA8m%2FIj6CvqYIjXDwvTnfxBoBkQdIkAqcSIba8dsRBbm3t81r%2Bs2N1wIKX%2BG8Mo365%2FKFxt%2BmDuOLp8He6myn0lpsQ%2FkywkvU6xlsNmGHAeyWVDK%2FTxw5ERSDJC0cbXxAb%2FxZ9gubYDddL2wyyz65GZTlyFw72vwUe1s91dic4CUmAxexvY38LWiC%2Bdwdu4%2FktLIzDdUOGWRGJnogE0zBcwSmg6YeVFu8GL5gH3guoi7Onroc1xZ9Cc4KCGbHz8NujQZMmUfCco%2FcTX1TOIwaN9HTEZiUdnqmZ3EnfgVRLbXRdTlu3VO%2FXYIYsVhoAAlw3bMzblv%2BG73HwPaZ5fQ5tTOCt5rfct7TfNGIYZWxRLGbq%2FpBLz8%2FwKzDVZciLE7KsWtDDH6iSdmSHKJsdEjuvtpF5CsXjKNXYhDHCiZPrXYpC%2BXbZ74WLzCDs2MzeOJDHM6rSgPIArkcKCRmAHgjQPxds%2FJkpAg6KJtvR0lv4MTm2NB%2BPkhyUHh2RMeiuilXpMaEkUPxACE1V706gAHemCI3vONt6YET5Gd2eJ59nAHb3xlgyaV4PgBT2BrFSDXVD1%2ByWTdOceQ9T7yn57m5ATmUXSThFJd2mpsq%2FWF3%2BVBDzHDDG39vJ2S4QlJiw6bP1oj9ukb24Goz%2BFcuK0eKI7iVqN5bf28nZLhCUlaSvEAu4trsqdPMe7sia%2FzefEELvsbiP%2FSLNMcJgm3pccaN9g%2F3F0FsHeUTi5VcXyKNiiN15JbDqpFlNLY%2BmTcihz5vi584TBXZDviTVpSaICoqt8Lzt2wTgC%2BYHosn%2BWxkW06P2dPMWFLX1dXp8ebsP5N9x4XeaAU837jp3AWF0Wdq6i84ww09cGdjDCSjjWMZdnd%2F9of9%2B9RBh7Ys6ljCBfWszeek92xP9c%2FdqHFTbeBCxJMckbMGCaCDYQ1pMJnNcmwjSCNZCQuwP8guQMZ4iyWE7K98GRm%2FSw3xVS3VIFwTdIqcHVQ2W%2BA6z%2F22GQO0Za8E5T%2FWB6zBHMmRxBfyHmvxkYx4kMMcbe0f%2BlayNwOTT%2F%2F%2FVuA7csoDYTOHT11FTtYOQUSNcKqVvAqT73uOiusgPCURiZFokN3fmmSA26crTsxPM6nqeHBZ4lpsXGUmY%2B6Q4pNI7zyzFaC58%2FWD6NoGqAZFiiHOUYt0RU4FwhXBZ6gIBaXWBdiL19FJtpt%2FbydkuEJSXQETEjzy0VWTmQ515XB%2BVcXXtiJ8Z3%2F07emBE%2BRndnii0ZBS7VBK7KlxrV9P%2FdGVkQuHS0LkvwgrJx%2F%2F9AMtIM%3D&mm_sceneid=1_0_123027389_0&a=xxc%3Dad_ztc%26mi_id%3D0000x-ScoNZ5OOvN57H6FyFrgOen1Q6jN0wjaLWP-4LmZSg%26skuId%3D4693507516911&id=651038929138
816027294249,IT MEDICOM TOY潮玩摆件套组创意BE@RBRICK满印积木熊606538M,1199,¥,券后价,it服饰旗舰店,I.T服饰旗舰店,回头客1万,5人付款,江苏 苏州,"官方立减380元,  3期, 包邮",上市年份季节:2023年夏季 | 品牌:i.t,https://g-search2.alicdn.com/img/bao/uploaded/i4/i3/2201233163648/O1CN01TXARSH1copy36YqN5_!!2201233163648.jpg,//detail.tmall.com/item.htm?id=816027294249&ns=1&abbucket=10&xxc=taobaoSearch&mi_id=0000O5tj1noBP8xReaCAfBOaPdpLMlu3ePmwqqxT1NE9fE0&skuId=5513230312891
962819002522,BE@RBRICK改装车联名二代暴力熊大号摆件公仔1000%  400% 100%,5780,¥,券后价,vicky线上潮牌商店,日佳汽车模型,8年老店,0人付款,广东 揭阳," 3期, 退货宝, 包邮, 公益宝贝",,http://g.search.alicdn.com/img/i4/123027389/O1CN01EZ5DDq24SDJAExZih_!!0-saturn_solar.jpg,http://click.simba.taobao.com/cc_im?p=BE%40RBRICK&s=1420040635&k=2113&e=O2ndHiv%2B%2BsyVC1OIundMiDWVqsN3t2I9%2B7cSBPrPFLCtGH4E1aWXz8dJEZZ4G5uBitNr7BsYOVbv11JoDTmH%2B%2BCrH5CuCRHEl4WJo%2BD3YhEP6MuzoH0pC3BsQOZFxu0w5g4WwSZeQYV7mwBKckE7oqKa92VXVgVZ4sRf%2BtDK1kHeGUKRLpAjqhPBoaZVgWbtU7JR4tL9XSnR1FPYvTaPYyiAREeVggBCOat4Qb1YJ8hcKCYeFpBfS3b2CX5TdRp%2FGDXt%2F4IY%2BW5LsCP%2BnX1VzuQk%2F7YMUzDy4w%2FgQBtZK1%2FS8OdfRzQTn4C8Qtq0ZI6oNkG7vz2fwpbtJ8Gy9VKD92YIxcs5mIq%2BkzyaOzZI9T84Igj1IF0%2B2z8Hp7rup%2BHqDFg0j8WtTQqyPuHaNmJ4FPAZ5cQDl97GHBEl524NXgQwxg588h5RSdAFbucF%2FJQx8CwhlF1kT0%2BvBrW4GaJ%2BuAmo8GNfl70EtLSne1s5XkQuPnfcXTxZYldjJgB7HS7wz5jmZmcbqLgjf72uDm9%2FudSU5ksmNS6GmP4Hk9k%2B2X0N3SRg3dU5lpbLRg%2FczMHAgWMiiU3DJ4ct1FU%2Fa9UdoL7Rdlu8xJPBp0LJOVwZzAxZRQ3RFEGi%2Bab2gnkEQNSka%2BIBvu9Kw3k4OR2L2MYZkUPO0t1crVZ20IEmjpqzVce5%2BbN7H67DNKliZ%2BFOIE0kxkyv1kmTXKCg76yQ8Vq2NM4ZpK9padfCLUmrZu8sepEWOwPdH2BPIGXhHKE4LDf%2FhqWdIXa94guHPFOQZ23Nx3EOQmOGfItNhCy3VVL39O8uUz%2FpuW%2FRT6jn8iPU5DbbAhsXVxGPkJbf%2BwGtFK8XjAyDWIXHgwRacKdAOI9azJCMuAkmbUlG2Nq8m1LzggotrGOqiGSqhlqUxtwxiiGPeChOrn%2B%2FWuyW21TBmXXbv59cg96BKRw6v9xW4forHZk9i7wziJ%2FtOm4ukqX61msoOF2a1liLZxpJLe0VIf4wMymc9%2Fe2MZgRdlyRpV%2FqC%2FZUYnAglmQM3TrPQ9dWmkJL7jAGV4HHLN9no%2FmzG2v0cR7hA7aNO3tpoKmZhzKzY%2BWKVsfhHnFJ7VbbrrfAY9HW%2F0kLF3s09kuWdQWt4UWn8aPOaw6vmjIvYpfyvlgStEXsBiz1PIA37JQ9aPEg5vx%2BGOw9N77UC9NvSIb%2FTsl8r3vYN%2Fky2mCFlyFtwCnfss6LOFzNy1IBeIhmHzmnU2yMGiKJdARreRmoXNamMQLdPuaRenvgLrJ68dQfReXdNEUSpUuiC1%2FXRZf1QUh2GRT74gflNCEgCF2KoHs3H1exavbZWVqtTbBrb7gXbVv92TKE2lIix5pySyPslL6b8QN5Jz9CWmEekHJxno3YSAgohn1FTQGydUNiTMMZD%2FlRuJxKkwIWF5tbMCjHSjud2JUH54gfOiSgZOP%2B63lbjeISmxSG%2BWIuHW%2B%2F0EOZBUseSaz535r8tUMSiQ3reVuN4hKbFJ4mfQMnjxC%2BcGxA5kXG7TDpvCC5OTL%2FLQcLTnVTht1ihUVh3bN961GM5w6qLqmKsQQlEP3VNi8XA7U1uDj1wOBQKMpJljh6lYaPWxhiKizKK6nIAZqflByNo7qjlyxsuSwPO6%2BO5u3O0h%2FTsy7IVgNshWdnwu1KU%2F51g%2Bq6N9BoqkWU0tj6ZNxkER8dQ0gvh%2FFcLsZdDD3YZGp8Y%2BbN3UCRf0vH1r6XtpXWVeA2KYTdkHg4GJQK%2BjYqqnZY1bEbUfVqESfPEReohTtxCv9WLJKuj8vKdvsImXTjliYkoLKiiL%2FR1%2FQVLkxMgQd8h01zJe9kistDYTq%2B%2BnLXc6UjOsGHXBk0E7JN8BTA5m3SJU9ziMO9kh1G8Y6i%2B6sAaPqAAqB7Nx9XsWr26Xan3nXdatF2chdTlPv8CYN%2FNq6s6qh8FVS7MA8m%2FIgBv4SOaGZYGvTnfxBoBkQdIkAqcSIba8dsRBbm3t81r0VSsHWar0gwCuTaxg4u489VoZozy12h9ut5W43iEpsUBTM27oxt7D9Cee0UmpI2P0ydLYx4JQhz7JS%2Bm%2FEDeSeLBSCzUKeYXrWL5toSYU%2FDU5XO96vr1uN27mNpKRCIpNsVRkuL13XA&mm_sceneid=1_0_123027389_0&a=xxc%3Dad_ztc%26mi_id%3D0000X3xBg4QxNIV4LIYu_uLq8fPuCxFL_mfd8xpivsVUiRI%26skuId%3D4894311105067&id=962819002522
734825172832,IT MEDICOM TOY潮玩摆件套组新款搞怪BE@RBRICK满印积木熊607313M,1799,¥,券后价,it服饰旗舰店,I.T服饰旗舰店,回头客1万,7人付款,江苏 苏州,"官方立减620元,  3期",上市年份季节:2023年夏季 | 品牌:i.t,https://g-search3.alicdn.com/img/bao/uploaded/i4/i4/2201233163648/O1CN01NpZVTj1copy3IG2OB_!!2201233163648.jpg,//detail.tmall.com/item.htm?id=734825172832&ns=1&abbucket=10&xxc=taobaoSearch&mi_id=0000LcNIOSuc35bIo9HXrx_Qos_LccjrqzPYPZtjjpGc2Ro&skuId=5079510472840
1009314167189,BE@RBRICK 400%梵高星夜熊 潮玩积木公仔 28cm可动关节收藏款,86,¥,,卢友设计馆03,卢友设计馆03,,2人付款,北京,包邮,,http://g.search2.alicdn.com/img/i2/7748142718/O1CN01yhyCGe1VwtchOLLdU_!!4611686018427381374-0-saturn_solar.jpg,http://click.simba.taobao.com/cc_im?p=BE%40RBRICK&s=1420040635&k=2401&e=Ptt9yJqpKU6VC1OIundMiDWVqsN3t2I9%2B7cSBPrPFLCtGH4E1aWXz8dJEZZ4G5uBitNr7BsYOVb05yZjXfi9vpcXm73Lb8CdEo5IKVCSn5oP6MuzoH0pC3BsQOZFxu0w5g4WwSZeQYV7mwBKckE7oqKa92VXVgVZ4sRf%2BtDK1kHeGUKRLpAjqhPBoaZVgWbtU7JR4tL9XSnR1FPYvTaPYyiAREeVggBCOat4Qb1YJ8hcKCYeFpBfS3b2CX5TdRp%2FGDXt%2F4IY%2BW5LsCP%2BnX1VzuQk%2F7YMUzDy4w%2FgQBtZK1%2FS8OdfRzQTn4C8Qtq0ZI6oNkG7vz2fwpbtJ8Gy9VKD92YIxcs5mIq%2BkzyaOzZI9T84Igj1IF0%2B2z8Hp7rup%2BHqDFg0j8WtTQqyPuHaNmJ4FPAZ5cQDl97GHBEl524NXgQwxg588h5RSdAFbucF%2FJQx8CwhlF1kT0%2BvBrW4GaJ%2BuNZ0ozDHaQ%2B%2Fam4KI6ddQb9zZ1RM%2F77TpmrgYZn4HMbjaFUTrgIgfshCjdDY9dO83gV7I3hwOpXYdSuhCfF0WPL5WqjghbnRJfrq17IxJnCnvwZGMQ8Tk6DWK8Hp%2FDhUDsPGO2FUuVebfGs25XiDmdq7%2FEQZDMEItC51StRQ7EwFs2shjpz5gsKhHH%2F1X9pgjj9cFDXxIko2dAZxEKQRoHCkrFTJRZovYI9SWRE79KTL%2BkY8IHCSPzTmvYD46%2FojH8pxiiN76hIcFrTxBanwpGTS%2B6TlofvIWtd03Yix8Ia7ucsl8yrp0kQlC4wG14eTtNm38qQISPgDPm9VamyCwGJTTV3VPSOOmYDpr8X90X869sne%2Fg9tb8ZcBxz%2FHalIP%2Feyazm4rxY9lJmDicpBtVi8Z6dTCzchJc79sfWyXBejbE6soRMBfixC3CRl6cgeIz9s1KKyqIoSLuGO%2Fyzuyb62WCKKmMiVTLD%2BTfceF3mg7iVroVXzpLXBftPY6ghY6OO746GzIWgllMbcMYohj3ju17w2jNRJIjzIv8ZqK1Y0uBwcYZAdMjdgLoHIce0TEb7kIMoAo%2BQtfny33gRypjPu3dgNq8u0fIC6GwcuEcVFKoOrojjSbXCg0Tv1FDw3pUGq4RldgnrOIJDjmaC0kzKsVhi3pxN695kwtbq2UOltsb%2Fruo5aAnkNopZ3ePFI8kPY4tujPhukr7O8cg7VqJNdfm7qZwOWEl3iDG6j%2F0SxDZiJpEw5knkB1t%2BczTMLUK5xh5dThinfmgVOp4BR7ahCDJLlYzWQe6pY0MNeCCH6EllWOnQcqphU77doZVgs1xvbgajP4Vy4eHimqU%2BZhCxuRmGJvVM6ZE%2BGlQH1PMG0iaUvzviFp6zqFF6Krd%2BduLKTvciTe5lmh1%2BETCltooZ8iYKbJl%2BeYUcDzF8M5cfT2Rch5aGHOiEatgaausHeESI7%2BiJ8fQ8QfzQOnduBJt49qwNo9wrTsqlxRRlgbjdWlpG8DZHzSAMYak9smNYVTxiperOtlqUJmbPFWnzmqhNvYu7d7rFgLN0bIvlnnT5wx%2BQPcs5rnwU%2B5M0EiP8RPLfIJiO7WrTcQOnOnF9%2BOwpbnX9IWAkZl7b2ZYSeIVqCOrcTQGeQNTZvP5PS0aCY9EqMWzZscMNpfKNx8jMo98pGj55EV0P%2FBhc67Ki6NCjhnOyJ%2BSDZx1DNkk00aX8KwbnLJfMq6dJET%2BleBvXZ4wzyh7WVKkA99n9D7FA4WtUyvc%2Ft5GefkYPSj15AI0gOnhXzjpqFciM4MPsvBab6fOtUt%2FshI2D7NsmsO76tic%2BYho9bGGIqLMorqcgBmp%2BUHB10BYYT6IQCJPKHftC0703SH9OzLshWA2yFZ2fC7UpT%2FnWD6ro30Gga%2FBiC2SXS3Rki9y59WAr3oYc8DiJoXOWmnrflBj2eRPEkIldEOnbrxA1nnz4o%2BomqHRsNXh9ms2552MSa6o%2B2jTKDtHRplUREPOz3zq0n836hgzX0SgKpDCc92Nf5vDHzifPi%2BK0aUSY1iqu5wx6tcZTdndBQoJO78%2BPw6fNN2owpmW2xg4CNV%2FepY1gevSoD%2FmESZrxd0acy6IUlgiNfKTKP%2BLyS17ACaY37Wq3jWY%2FWv%2FtEb6ZrZz9ixdVAPU%2BtI6noZtEoNQ1Fvr454xDVd%2FGu1vzWzUeEhsVgs5fQ3omW%2F0d3xMhtkJQ1vRswUQAPcVazEHGxNsYh1AqviBom9PwPiyh5EWhLcKuCPpg%2B2iI%2FwoCN8gscEypI1qSj2MerNcFPz1QNWUTfjUbBL9H6jv4vzlE3T50YKuX3fClyK2kLY%2B%2BuLGsqewVrfjgN9z5rjvBDB9awf6Ecf%2FVf2mCOWi%2BRgIxMu%2FL%2Fd9CRTtfHxh0QOsRBdhlNJpXg%2BAFPYGsVINdUPX7JZA4qHqF4VSgj&mm_sceneid=1_0_7748142718_0&a=xxc%3Dad_ztc%26mi_id%3D0000xemRGnxl8ukuCH5F7gBImL0gYJhfgXzbEpfKQ7VVows%26skuId%3D6177178651525&id=1009314167189
975187033113,BERBRICK EVA福音战士初号机13号机八号机积木熊400%现货,900,¥,券后价,tb6029820_2011,爱尚模型店,11年老店,0人付款,广东 佛山,"官方立减12%, 24小时内发, 退货宝",,https://g-search2.alicdn.com/img/bao/uploaded/i4/i1/661379555/O1CN01sA2Ijh2KSFQLI99VV_!!661379555.jpg,//item.taobao.com/item.htm?id=975187033113&ns=1&abbucket=10&xxc=taobaoSearch&mi_id=0000yNYi36Utk6nENoUnDd40yaYf7By6Fg6K-Lq2w5xXWPo&skuId=5669516140249
889530403874,现货 bearbrick 48代 Series 盲盒 be@rbrick 熊 100% 拆款,40,¥,券后价,tb013944970,FLYOWER,7年老店,20人付款,江苏 常州,官方立减12%,出售状态:现货 | 品牌:BE@RBRICK,https://g-search3.alicdn.com/img/bao/uploaded/i4/i3/3495228921/O1CN013BZfs52FlsKxE3zMm_!!3495228921.jpg,//item.taobao.com/item.htm?id=889530403874&ns=1&abbucket=10&xxc=taobaoSearch&mi_id=0000hHCMr2sFYLO8QtBwQOuMyY8VwKAdfrFCSiV8uICCfho&skuId=5902104206524
642824649133,正品Bearbrick积木熊 梵高星空1000% 400% BE@RBRICK暴力熊摆件,3580,¥,,toy_stat1on,喜乐会TOYS,,0人付款,江苏 苏州,"全球购, 包邮",出售状态:现货 | 款式特点:关节可动 | 品牌:BE@RBRICK,http://g.search1.alicdn.com/img/i1/115356344/O1CN01LKS8Pc1wjbQ0D8LgA_!!0-saturn_solar.jpg,http://click.simba.taobao.com/cc_im?p=BE%40RBRICK&s=1420040635&k=2125&e=%2FasQKwRfXzyVC1OIundMiDWVqsN3t2I9%2B7cSBPrPFLCtGH4E1aWXz8dJEZZ4G5uBitNr7BsYOVZbqGdRzTT83Cm80fEmRKF0JicZHRXIBmUP6MuzoH0pC3BsQOZFxu0w5g4WwSZeQYV7mwBKckE7oqKa92VXVgVZ4sRf%2BtDK1kHeGUKRLpAjqhPBoaZVgWbtU7JR4tL9XSnR1FPYvTaPYyiAREeVggBCOat4Qb1YJ8hcKCYeFpBfS3b2CX5TdRp%2FGDXt%2F4IY%2BW5LsCP%2BnX1VzuQk%2F7YMUzDy4w%2FgQBtZK1%2FS8OdfRzQTn4C8Qtq0ZI6oNkG7vz2fwpbtJ8Gy9VKD92YIxcs5mIq%2BkzyaOzZI9T84Igj1IF0%2B2z8Hp7rup%2BHqDFg0j8WtTQqyPuHaNmJ4FPAZ5cQDl97GHBEl524NXgQwxg588h5RSdAFbucF%2FJQx8CwhlF1kT0%2BvBrW4GaJ%2BuBQqJ0M3FFtTp0b%2Fc%2BjLbTJ8y8RYpGfYYeWYPYymEooYaFUTrgIgfshCjdDY9dO83gV7I3hwOpXYeAR7zfdxd3gmWq90kTZv63hA2320kBcYg5ceFu26eevARJE1kXz4wITkZm%2BAiYYT8tsLFNXjpILA1vGvyCufvMOz%2F9UJA%2FLZKzR%2B0PVDV4aEOulVW9a6%2FZUlmV81w9oEhoKRB0I9vnf%2FE%2FK8HnLz0kCeEBEWPYCpv0ST%2FeQevl%2FEpMdW21NO8siqv1i24AIH58eZA5jige49YHlwa3CKw15bZrO%2FRzM6JQuMBteHk7T5%2F1RTThcA%2FCj7%2BW8mvpfiXozgc4OwlilRZ%2B9rQVCwCs1M3ILh0coV%2BZv5jsv1wtVQ0d5bkfndsA3lRYreagyvJ4jDDuzlXfutMN150qebZxKph77OzNtIMVQB54gfGiZjWvt0q8QOaNz%2F2xW%2FCCQ%2Fw8G%2BloNvk8Oonpd0B3gcnHG18QG%2F8WfY2ec%2FMZmEg9CQNdetADKo2G%2FIqQo8zw8AYnOAlJgMXsb2N%2FC1ogvncHbuP5LSyMw3VDhlkRiZ6IBNMwXMEpoOmHlRbvBi%2BYB94LqIuzp66HNcWfQnOCghmx8%2FDbo0GTJlHwnKP3E19UziMGjfR0xGYlHZ6pmdxJ34FUS210XU5bt1Tv12CGLFYThcQQXWmX2uuafhcv4VOzCX0ObUzgrea33Le03zRiGGVsUSxm6v6QS8%2FP8Csw1WXIixOyrFrQwx%2BoknZkhyibG2vQ6YR6iTxJGtbMZbtc9tg5ceFu26eeu128btGKEHovhbt8Je66vhh6eHkXTH2odlhQvNz%2BaNCbFXNMCiFGritVIOPu7i8OGgezcfV7Fq9tlZWq1NsGtvBX4J%2F6WWGNNL6Y4oPJIfo%2FLbCxTV46SCHuPuLEK6praejdhICCiGfUVNAbJ1Q2JMwxkP%2BVG4nEqTAhYXm1swKMdKO53YlQfniB86JKBk4%2F4xVAHniB8aJmP6d4ovpQ3aQ5kFSx5JrPnfmvy1QxKJDTFUAeeIHxomqc1aR7pxYTxwbEDmRcbtMOm8ILk5Mv8tBwtOdVOG3WKFRWHds33rUYznDqouqYqxBCUQ%2FdU2Lxdg%2FUNbszqOwxrr30uz3rZCho9bGGIqLMorqcgBmp%2BUHI2juqOXLGy5LA87r47m7c6ibpa3P%2FVc%2FGyFZ2fC7UpT%2FnWD6ro30GjvsDRaZEO07%2FzwA4vQjinA8Vwuxl0MPdhkanxj5s3dQJF%2FS8fWvpe2ldZV4DYphN2QeDgYlAr6NiqqdljVsRtR9WoRJ88RF6iFO3EK%2F1Yskgv6R886ezJ8sNejUX%2BiwlQ%2BbkgktW%2BL5x8DUoxkRn5M5D7pGJ3HfUJ23ujCf2SENuMRDeK3WJGqQBVivlZnuE1MFsd2kFJU2YysS8KElEbw9BPL%2FzxLcv4Nq%2Fhma22XkSegRR2z8OLAP2fjqLZdH2KIDSV6OhpfcYOTIJ7%2Bfo39iXLHdw%2FS7L4cLr6KMbcGYISbGIQQpwREz1zopg%2FJ88aQL06MqE9QtdalCc6gDMllJvHmufUDTLXRNESYKIrAu7An3lUDEa%2BX3UjVEZ9GGQ6%2FrFQloYYP6CTJcv8r8wAdHRA6xEF2GU0mleD4AU9gaxUg11Q9fslkDioeoXhVKCM%3D&mm_sceneid=1_0_115356344_0&a=xxc%3Dad_ztc%26mi_id%3D0000W4lmvYKEFJLFTbL7xA7QCkWAexKYKuempH-Uk0COEgY%26skuId%3D4801367295263&id=642824649133
1015497809811,现货 Bearbrick BE@RBRICK 100% SERIES 51代 盲盒 模型 24只/盒,620,¥,,marylike_2009,潮流玩家Concepttoyshk,16年老店,61人看过,广东 深圳, 3期,款式类型:端盒 | 出售状态:现货 | 品牌:BE@RBRICK,https://g-search3.alicdn.com/img/bao/uploaded/i4/i2/245539431/O1CN01Jr2k8A2JXSPoampbM_!!245539431.jpg,//item.taobao.com/item.htm?id=1015497809811&ns=1&abbucket=10&xxc=taobaoSearch&mi_id=0000HCwzFkt4esIacjVAsJvxuXvnKiB-FqF6JqwWDX2ZlSA&skuId=6186052102973
,,,,,,,,,,,,,
,,,,,,,,,,,,,
638339279378,[日漫屋]BE＠RBRICK BERBRICK 积木熊 新世纪福音战士 EVA 初号机,400,¥,券后价,tatsuki小朋友,日漫屋 月夜动漫特摄店,11年老店,0人付款,广东 深圳,"官方立减25%, 退货宝",,https://g-search1.alicdn.com/img/bao/uploaded/i4/i3/1717679945/O1CN01H1Lgtf2NKrzPIVizk_!!4611686018427385673-0-item_pic.jpg,//item.taobao.com/item.htm?id=638339279378&ns=1&abbucket=10&xxc=taobaoSearch&mi_id=0000G-P35qN0FfWOc55JDdknkZscxVz_lIouWdgI9LNvWmo&skuId=4749363975875
732557614002,日版miku初音未来BERBRICK积木布里克熊挂件2014autumn ver限定,40,¥,券后价,aacjm1209115268,杉杉动漫店,,0人付款,广东 佛山,"官方立减12%, 店铺满38减1",出售状态:现货 | 款式特点:静态 | 品牌:BE@RBRICK | 选购热点:暴力熊 | 商品状态:拆盒不拆袋,https://g-search2.alicdn.com/img/bao/uploaded/i4/i1/2562137784/O1CN01GVmMcP27N7qBW0Pz1_!!2562137784.jpg,//item.taobao.com/item.htm?id=732557614002&ns=1&abbucket=10&xxc=taobaoSearch&mi_id=0000gtsptKogIqDAH5nfm8cfoVxQhBB6SdWN3bk3nrJFzDk&skuId=5873217705931
695922197538,Be@rbrick 雪花千秋1000% 积木熊摆件手办暴力熊玩偶bearbrick,1380,¥,,toy_stat1on,喜乐会TOYS,,0人付款,江苏 苏州,"全球购, 包邮",出售状态:代购 | 品牌:BE@RBRICK,http://g.search3.alicdn.com/img/i3/115356344/O1CN01FuPTco1wjbSFHVAtk_!!0-saturn_solar.jpg,http://click.simba.taobao.com/cc_im?p=BE%40RBRICK&s=1420040635&k=2113&e=QUKKmoGT0pWVC1OIundMiDWVqsN3t2I9%2B7cSBPrPFLCtGH4E1aWXz8dJEZZ4G5uBitNr7BsYOVZbqGdRzTT83Cm80fEmRKF0j2gZDn9xpXwP6MuzoH0pC3BsQOZFxu0w5g4WwSZeQYV7mwBKckE7oqKa92VXVgVZ4sRf%2BtDK1kHeGUKRLpAjqhPBoaZVgWbtU7JR4tL9XSnR1FPYvTaPYyiAREeVggBCOat4Qb1YJ8hcKCYeFpBfS3b2CX5TdRp%2FGDXt%2F4IY%2BW5LsCP%2BnX1VzuQk%2F7YMUzDy4w%2FgQBtZK1%2FS8OdfRzQTn4C8Qtq0ZI6oNkG7vz2fwpbtJ8Gy9VKD92YIxcs5mIq%2BkzyaOzZI9T84Igj1IF0%2B2z8Hp7rup%2BHqDFg0j8WtTQqyPuHaNmJ4FPAZ5cQDl97GHBEl524NXgQwxg588h5RSdAFbucF%2FJQx8CwhlF1kT0%2BvBrW4GaJ%2BuIU5qqAexpdgKu4thFaf8Wztc5is3yQVs92ItbCUop7Tvs2TaJs%2FSf5vsD2QKZeqNki7xwKb0Pe4Qrt0W4xiEiUht3dDvC5sOyIzMPx8BwYEIpUNQZnAIUxaNd15N0nBOghNV1tX3Vic%2Fj8NspOfG9NPUXhBnJD1eNTk59XQsZMqVbAtB81aHWXt2slA5nyWVXRq4vg8xFOnC%2FISBD6d8VlsGrh%2BSnRYrbJRREFe4GFTZLJf%2FIxeBb7VBjeshI2brk0v2Zh%2F1d6WysK%2B%2Byw84QkasoWRwHY%2BQVo9PZAEy0SMJW1XxO5G8vkwdU6HWZ5gzlwgN%2BnRKZxvxL3n5zVv%2Fr5G59dLdw6KO38JqtFa9R3QiXLHdw%2FS7L4cLr6KMbcGYISbGIQQpwREz1zopg%2FJ88YLy1ThZ%2Ft%2FhSjcvOAyxjPucu1GP%2FHM1o%2BlMzmXhaD%2FLPAhSlprBjrcyoIEJ1R53vZcg96BKRw6v7WnXxHZRO%2FvemZLwoKcyOIQwiDba7VgZ12a1liLZxpJLe0VIf4wMymc9%2Fe2MZgRdlyRpV%2FqC%2FZUYnAglmQM3TrPQ9dWmkJL7jAGV4HHLN9no%2FmzG2v0cR7hA7aNO3tpoKmZhzKzY%2BWKVsfhHnFJ7VbbrrfAY9HW%2F0kLF3s09kuWdQWt4UWn8aNy2GOwriG9Ghqglnw08ytMBiz1PIA37JQ9aPEg5vx%2BGOw9N77UC9NvSIb%2FTsl8r3vYN%2Fky2mCFlyFtwCnfss6LtD1N1zYR%2FjWraBkbXKctMTMGfNK5DNIvnF7pgXlu8wmN5UunHEPiojaBewDkRtbE8yWFkJ%2BwhcaYO0MV3a8lZfI%2BEp7iYZZtEcCJco35rvyB%2BGyRUuqCdEbtswZ7OzLjI%2BFIHWiKnZXg4kaPWiArfht%2BGuCyp4ru3wmHYiUsHJtELh0tC5L8ICTgb1zCG%2Fvhz0XNfYljp%2B6XVUL7ivL15RvLqsoC175wKNy84DLGM%2B5oy7ZsLkLVsuQXOtooXgrJxgwBn3ccOTko3LzgMsYz7nyfa4bs87O04AgtDoxezv9YB9IwzBWDwdvXGUccyvCBM8k4K2liVueDTJLORSNf06Y77S2xa7ejPOW1GEgeU6EFplShjqH3yVH6azBI2xVSLLTaxkIEQqn7ZJClVDhPgpLUwmiI%2BvIjC2J7V5zNMJBuVKdNMgexHAQ%2Bmi%2FgUTKuO%2BXQb2htRlEa699Ls962Qr7P%2BYr8Y%2FHpLLTaxkIEQqmw6muuQCmEVy2yiMnuO%2BoKVV8TPPA64VuTTto61BFpf6Xb%2F3rEPy3tMR8GLBmCcITyd1tGbfUbhAwnPdjX%2Bbwx84nz4vitGlEmNYqrucMerXGU3Z3QUKCTu%2FPj8OnzTdqMKZltsYOAjVf3qWNYHr0qA%2F5hEma8XdGnMuiFJYIjXykyj%2Fi8ktewAmmN%2B1qt41mP1r%2F7RG%2BmawfV6Q2qDHooOhHGN553My%2FXlwY0bs2K2MrAu19mRemxUG4lVrqb2r2D7cwNvvtXHX9WGkj%2BLZaZQspi78%2BxRR7GNvjqLDn5Z05CITsGvKNMMcj9WymSoL39%2BvdvutOrO51b8Szf65ZIY0wgW1Phv1fPI1JlrWuJ9z2eOxeHvD%2FK2LrxfS%2BCeOtFTQGydUNiTJCMlaeVx0qQ&mm_sceneid=1_0_115356344_0&a=xxc%3Dad_ztc%26mi_id%3D0000uqTZk9FFRu2CNNrzHbzyL4PbspZXaAuY2VgCgxoVn9U%26skuId%3D4935346704694&id=695922197538
735176500670,四季出品现货BAPE BERBRICK TRANSFORMERS联名变形金刚暴力熊21AW,519,¥,券后价,guoqianqun2,四季出品,16年老店,13人付款,日本,"官方立减12%, 全球购, 包邮",,https://g-search1.alicdn.com/img/bao/uploaded/i4/i1/94582701/O1CN01pqzANo1Vp6tWorksO-94582701.jpg,//item.taobao.com/item.htm?id=735176500670&ns=1&abbucket=10&xxc=taobaoSearch&mi_id=0000tyeyTcSjteb4rghf-uTwosCJxKUz8sppQOAj4GAbjBg&skuId=5085128781805
964033838718,四季出品日仓BAPE BERBRICK28周年限定迷彩猿人暴力熊21AW400%,1747,¥,券后价,guoqianqun2,四季出品,16年老店,0人付款,日本,"官方立减12%, 全球购, 包邮",,https://g-search1.alicdn.com/img/bao/uploaded/i4/i2/94582701/O1CN01DirQZb1Vp6tRPqECf-94582701.jpg,//item.taobao.com/item.htm?id=964033838718&ns=1&abbucket=10&xxc=taobaoSearch&mi_id=0000pCmWwMNG6Qp707vHU4ZLHrIXKQr6YDaLpciyakcsivs&skuId=4794577552749
990195296370,变形金刚TAKARATOMY暴力熊BERBRICK限定IIW,699,¥,,smiletfshop,变形机械工厂,15年老店,0人付款,上海,,,https://g-search3.alicdn.com/img/bao/uploaded/i4/i1/522420389/O1CN01eeDBmF1EkDAZ7d5Ki_!!522420389.jpg,//item.taobao.com/item.htm?id=990195296370&ns=1&abbucket=10&xxc=taobaoSearch&mi_id=0000j7TecOcQVGhrDyFh7bKUVakRrItpCiZArXEF6GqMHtE&skuId=6120793582316
702146596596,IT MEDICOM TOY BE@RBRICK手办艺术潮流拼色满印摆件潮玩599670MJ,5399,¥,券后价,it服饰旗舰店,I.T服饰旗舰店,回头客1万,0人付款,江苏 苏州,包邮,,https://g-search1.alicdn.com/img/bao/uploaded/i4/i3/2201233163648/O1CN01eCU4Tz1copy2h9NP6_!!2201233163648.jpg,//detail.tmall.com/item.htm?id=702146596596&ns=1&abbucket=10&xxc=taobaoSearch&mi_id=0000dC3ozzvzjy1S_G_K73gtacHyVxd1VM0axy6ITdojs6Y&skuId=5124040603190
929960502022,IT MEDICOM TOY潮玩摆件时尚潮酷BE@RBRICK满印积木熊605630MJ,5399,¥,券后价,it服饰旗舰店,I.T服饰旗舰店,回头客1万,0人付款,江苏 苏州,包邮,上市年份季节:2022年冬季 | 品牌:i.t,https://g-search1.alicdn.com/img/bao/uploaded/i4/i1/2201233163648/O1CN01PRTOmT1copy3IJGCg_!!2201233163648.jpg,//detail.tmall.com/item.htm?id=929960502022&ns=1&abbucket=10&xxc=taobaoSearch&mi_id=0000zgz4SlMuXE1NH2BUxnwoQzcw7KxCNO4-ZYFAW9CN1iY&skuId=5179369414385
957855217137,BERBRICK SERIES 40 盲盒13款 随机发货 不支持无理由退货,34.96,¥,券后价,leezhaojia,一嘉模型,18年老店,0人付款,广东 广州,店铺满299减4,出售状态:现货 | 品牌:BE@RBRICK,https://g-search1.alicdn.com/img/bao/uploaded/i4/i3/36896373/O1CN01lnTaEt1wwskIjceW7_!!0-item_pic.jpg,//item.taobao.com/item.htm?id=957855217137&ns=1&abbucket=10&xxc=taobaoSearch&mi_id=0000k_02xYsz_UwYdwpquYOv26uEaUGzATk8K55ElSlWUTQ&skuId=null
964042052572,现货 bearbrick 字母 BASIC 历代@ 1-51代 盲盒 be@rbrick 100%,65,¥,券后价,tb013944970,FLYOWER,7年老店,3人付款,江苏 常州,官方立减12%,出售状态:现货 | 品牌:BE@RBRICK,https://g-search3.alicdn.com/img/bao/uploaded/i4/i1/3495228921/O1CN01IDElW22Fls2zrJ1HH_!!3495228921.jpg,//item.taobao.com/item.htm?id=964042052572&ns=1&abbucket=10&xxc=taobaoSearch&mi_id=0000hgjDtyYRojwDKY0-QMTrfzxYNhsR5d0Bn5REJGPznHc&skuId=4996371987360
702291093715,IT MEDICOM TOY BE@RBRICK手办时尚潮玩满幅图案积木熊摆件604282,1199,¥,券后价,it服饰旗舰店,I.T服饰旗舰店,回头客1万,5人付款,江苏 苏州,"官方立减380元,  3期, 包邮",上市年份季节:2022年冬季 | 品牌:i.t,https://g-search2.alicdn.com/img/bao/uploaded/i4/i4/2201233163648/O1CN01xppQSU1copy301Dpz_!!2201233163648.jpg,//detail.tmall.com/item.htm?id=702291093715&ns=1&abbucket=10&xxc=taobaoSearch&mi_id=0000O_ZViApp7bDtRQ0D2m0qKnpYN5L6YfXUpZiMUQW4UQU&skuId=4946905612331
714455136982,IT MEDICOM TOY潮玩摆件新品时尚趣味BE@RBRICK满印积木熊607337,1199,¥,券后价,it服饰旗舰店,I.T服饰旗舰店,回头客1万,1人付款,江苏 苏州," 3期, 包邮",上市年份季节:2023年夏季 | 品牌:i.t,https://g-search1.alicdn.com/img/bao/uploaded/i4/i4/2201233163648/O1CN01EbHRTU1copy2h8AL2_!!2201233163648.jpg,//detail.tmall.com/item.htm?id=714455136982&ns=1&abbucket=10&xxc=taobaoSearch&mi_id=0000YtlsCIgvTU8_8ZhSBsRcZ4uTVC3cb8pA5OeNa11hNRM&skuId=5170263418353
711799248980,IT MEDICOM TOY潮玩摆件潮流时尚满印图案BE@RBRICK手办597850MH,4699,¥,券后价,it服饰旗舰店,I.T服饰旗舰店,回头客1万,0人付款,江苏 苏州,包邮,,https://g-search3.alicdn.com/img/bao/uploaded/i4/i2/2201233163648/O1CN01tmG3I11copy2q7vs3_!!2201233163648.jpg,//detail.tmall.com/item.htm?id=711799248980&ns=1&abbucket=10&xxc=taobaoSearch&mi_id=0000hwBNvEHAurGUxIUyEBVk9RnoLDj2GlLCbsun_dqMn6s&skuId=4986333656572
713733430905,IT MEDICOM TOY潮玩摆件潮流个性BE@RBRICK满印积木熊602547MJ,6299,¥,券后价,it服饰旗舰店,I.T服饰旗舰店,回头客1万,1人付款,江苏 苏州,"官方立减2320元, 包邮",上市年份季节:2022年冬季 | 品牌:i.t,https://g-search1.alicdn.com/img/bao/uploaded/i4/i1/2201233163648/O1CN01niLfm51copy307Wvq_!!2201233163648.jpg,//detail.tmall.com/item.htm?id=713733430905&ns=1&abbucket=10&xxc=taobaoSearch&mi_id=0000uEfxcVV2S8O0EefUGLvYQxVnVVhMymcJYDihxGv0jOU&skuId=5169325515090
,,,,,,,,,,,,,
815889819650,IT MEDICOM TOY潮玩摆件潮流趣味BE@RBRICK满印积木熊598246M,3999,¥,券后价,it服饰旗舰店,I.T服饰旗舰店,回头客1万,1人付款,江苏 苏州,包邮,上市年份季节:2023年夏季 | 品牌:i.t,https://g-search3.alicdn.com/img/bao/uploaded/i4/i3/2201233163648/O1CN01KY6vSa1copy2h9Av3_!!2201233163648.jpg,//detail.tmall.com/item.htm?id=815889819650&ns=1&abbucket=10&xxc=taobaoSearch&mi_id=0000LDWIw_OF7HIqS_0r5ae0DmruVqUEX7wFBUcxWJqlWyI&skuId=5513230556074
961294762882,IT MEDICOM TOY潮玩摆件个性潮流BE@RBRICK满印积木熊604954MJ,5399,¥,券后价,it服饰旗舰店,I.T服饰旗舰店,回头客1万,0人付款,江苏 苏州,包邮,,https://g-search1.alicdn.com/img/bao/uploaded/i4/i3/2201233163648/O1CN01pywRwN1copy36cffK_!!2201233163648.jpg,//detail.tmall.com/item.htm?id=961294762882&ns=1&abbucket=10&xxc=taobaoSearch&mi_id=0000s3nCUKqh0Zg242FLDJFNXEXoRUdfyHk4S7CAJzjfOO0&skuId=4997522637584
923545196156,IT MEDICOM TOY潮玩摆件个性潮流BE@RBRICK满印积木熊605593MJ,5399,¥,券后价,it服饰旗舰店,I.T服饰旗舰店,回头客1万,0人付款,江苏 苏州,包邮,,https://g-search3.alicdn.com/img/bao/uploaded/i4/i4/2201233163648/O1CN01gMfqof1copxxfooIB_!!2201233163648.jpg,//detail.tmall.com/item.htm?id=923545196156&ns=1&abbucket=10&xxc=taobaoSearch&mi_id=0000ksoYkNyzmVglAnKqVwOHSbyl2t7NaBHmDutYQYdLuKI&skuId=5011504201669
702291217383,IT MEDICOM TOY BE@RBRICK手办时尚潮玩透明材质个性摆件604268MJ,1199,¥,券后价,it服饰旗舰店,I.T服饰旗舰店,回头客1万,1人付款,江苏 苏州," 3期, 包邮",上市年份季节:2022年冬季 | 品牌:i.t,https://g-search3.alicdn.com/img/bao/uploaded/i4/i3/2201233163648/O1CN01r6axJv1copy3Ne6KY_!!2201233163648.jpg,//detail.tmall.com/item.htm?id=702291217383&ns=1&abbucket=10&xxc=taobaoSearch&mi_id=0000ZT6M4yJ4g7VSDUSI_wfEY6Exqs2OWOnnVdvzv8m3Z-E&skuId=5119544898354
702908511509,IT MEDICOM TOY BE@RBRICK手办时尚潮玩满印图案积木熊摆件602264,4999,¥,券后价,it服饰旗舰店,I.T服饰旗舰店,回头客1万,0人付款,江苏 苏州,包邮,,https://g-search3.alicdn.com/img/bao/uploaded/i4/i3/2201233163648/O1CN01dd0Pga1copy20NohJ_!!2201233163648.jpg,//detail.tmall.com/item.htm?id=702908511509&ns=1&abbucket=10&xxc=taobaoSearch&mi_id=0000ypwFTFzNOWBQxamwEsCK6kov6yXB0i8-pWg2oq3M-AU&skuId=5124040663076
713733610460,IT MEDICOM TOY潮玩摆件个性时尚BE@RBRICK满印积木熊604930MJ,5399,¥,券后价,it服饰旗舰店,I.T服饰旗舰店,回头客1万,0人付款,江苏 苏州,包邮,,https://g-search2.alicdn.com/img/bao/uploaded/i4/i3/2201233163648/O1CN014bSiqI1copy3IIadz_!!2201233163648.jpg,//detail.tmall.com/item.htm?id=713733610460&ns=1&abbucket=10&xxc=taobaoSearch&mi_id=0000f5k04YYULNd-7o3zVDKjPvOftw5aFHt4V1B-DQKM6v0&skuId=4993122148333
702908519457,IT MEDICOM TOY BE@RBRICK手办潮玩趣味图案印花积木熊摆件604275,4899,¥,券后价,it服饰旗舰店,I.T服饰旗舰店,回头客1万,0人付款,江苏 苏州,包邮,,https://g-search3.alicdn.com/img/bao/uploaded/i4/i1/2201233163648/O1CN01VmPr5e1copy3Bn5ke_!!2201233163648.jpg,//detail.tmall.com/item.htm?id=702908519457&ns=1&abbucket=10&xxc=taobaoSearch&mi_id=0000sJ_LnRsyDF2j4p6b07rxZ8lyODkCMAvD4-QDS2NzpNA&skuId=4951931177554
702443077065,IT MEDICOM TOY BE@RBRICK手办潮玩趣味满印图案积木熊摆件602646,5399,¥,券后价,it服饰旗舰店,I.T服饰旗舰店,回头客1万,0人付款,江苏 苏州,包邮,,https://g-search3.alicdn.com/img/bao/uploaded/i4/i2/2201233163648/O1CN01fXHuQe1copy2hARxA_!!2201233163648.jpg,//detail.tmall.com/item.htm?id=702443077065&ns=1&abbucket=10&xxc=taobaoSearch&mi_id=0000qjqvQyeGmdNYJMO3zLvkZ8euVQDvjRom5iVOiipEbUE&skuId=4951931181391
964666291451,（询价）BERBRICK SORAYAMAXBAPE CAMO,3250.64,¥,券后价,神龙中医馆,百宏机械配件贸易,,0人付款,山东 菏泽,"淘金币已抵31.7元, 退货宝",书名:书名 | ISBN编号:9787121403958,https://g-search3.alicdn.com/img/bao/uploaded/i4/i4/2219599148948/O1CN01HkP9XK2FyF7HRnPPF_!!4611686018427385748-0-item_pic.jpg,//item.taobao.com/item.htm?id=964666291451&ns=1&abbucket=10&xxc=taobaoSearch&mi_id=0000kS54ivwttx2N09NWdewf6CHdrJudmC-UCUdwsl4M-98&skuId=null
1017499783839,（询价）BERBRICK SORAYAMA 2G GOLD  10,3001.86,¥,券后价,神龙中医馆,百宏机械配件贸易,,0人付款,山东 菏泽,"淘金币已抵31.7元, 退货宝",书名:书名 | ISBN编号:9787121403958,https://g-search1.alicdn.com/img/bao/uploaded/i4/i2/2219558555674/O1CN01yPZ7sX1rmkOh1990I_!!4611686018427383834-0-item_pic.jpg,//item.taobao.com/item.htm?id=1017499783839&ns=1&abbucket=10&xxc=taobaoSearch&mi_id=0000ccYQw_EPZoNlhRbEsEPgnmXnTYAFLargh-2nGGvGxGA&skuId=null
733419960533,现货CASETiFY x BERBRICK积木熊/暴力熊十周年联名小众潮牌适用苹果iPhone13/12/11/ProMax/mini磁吸镜面手机,369,¥,券后价,hsinfan,集货全球购,6年老店,0人付款,香港 香港岛,"店铺满400减60, 全球购, 包邮",,https://g-search3.alicdn.com/img/bao/uploaded/i4/i1/1874731464/O1CN01K8XO1i1MgYi2sAU5j_!!1874731464.jpg,//item.taobao.com/item.htm?id=733419960533&ns=1&abbucket=10&xxc=taobaoSearch&mi_id=0000UNUlyhVZHcJNi1MlPLo3TsiTzP5nPGes0utJnSdp_uw&skuId=5073718568220
688423287178,berbrick1000%DCTer 米娅猫娘 手办摆件模型,2018,¥,券后价,tb7058159492,新运商贸,,0人付款,北京,包邮,出售状态:现货 | 适用年龄:18周岁以上,https://g-search1.alicdn.com/img/bao/uploaded/i4/i2/2214951268753/O1CN01qcN2Xl2EWvneMjbI7_!!2214951268753.jpg,//item.taobao.com/item.htm?id=688423287178&ns=1&abbucket=10&xxc=taobaoSearch&mi_id=0000030mQDGUe6GJ64Ng4nIMqIyHRIX8sKHBu9agFbZEDQQ&skuId=null
560271472771,现货miku初音未来 BERBRICK积木布里克熊挂件 2014autumn ver限定,59,¥,,八重泷樱,八豆屋,8年老店,0人付款,北京,,周边产品:钥匙扣/小挂件 | 作品名:vocaloid/V家 | 角色名:初音 | 出售状态:在售 | 适用年龄:14岁以上 | 品牌:Good Smile,https://g-search2.alicdn.com/img/bao/uploaded/i4/i2/3440595516/TB2tUhVlfNNTKJjSspeXXaSwpXa_!!3440595516.jpg,//item.taobao.com/item.htm?id=560271472771&ns=1&abbucket=10&xxc=taobaoSearch&mi_id=0000sinxmv4SHfLjK1LrNaLUZ1zzxb2E2qSbj_NuBPvHruE&skuId=3501498764441
1019798732588,（询价）BERBRICK TOKYO 2020  OLympic,1854.21,¥,券后价,神龙中医馆,百宏机械配件贸易,,0人付款,山东 菏泽,"淘金币已抵31.7元, 退货宝",书名:书名 | ISBN编号:9787121403958,https://g-search1.alicdn.com/img/bao/uploaded/i4/i4/2219599148948/O1CN01RBWyRr2FyF7HcDpv0_!!4611686018427385748-0-item_pic.jpg,//item.taobao.com/item.htm?id=1019798732588&ns=1&abbucket=10&xxc=taobaoSearch&mi_id=0000dYXZ-ORCmO32tlQVvZYJ5sDfpehzkuH2-a4vpzew88Y&skuId=null
1018148894837,（询价）BERBRICK MANEKI NEKO PLUM BLO,1752.5,¥,券后价,神龙中医馆,百宏机械配件贸易,,0人付款,山东 菏泽,"淘金币已抵31.7元, 退货宝",书名:书名 | ISBN编号:9787121403958,https://g-search3.alicdn.com/img/bao/uploaded/i4/i3/2219558555674/O1CN018agyee1rmkOgFPyFD_!!4611686018427383834-0-item_pic.jpg,//item.taobao.com/item.htm?id=1018148894837&ns=1&abbucket=10&xxc=taobaoSearch&mi_id=0000B8WqLHHYzJag68IW8caCCXPN5TuaiFM6ax_G1V0Ysvc&skuId=null
1018149114364,（询价）BERBRICK地球25th10004530956,2002.31,¥,券后价,神龙中医馆,百宏机械配件贸易,,0人付款,山东 菏泽,"淘金币已抵31.7元, 退货宝",书名:书名 | ISBN编号:9787121403958,https://g-search3.alicdn.com/img/bao/uploaded/i4/i3/2219599148948/O1CN01GnpRia2FyF7I1NWoO_!!4611686018427385748-0-item_pic.jpg,//item.taobao.com/item.htm?id=1018149114364&ns=1&abbucket=10&xxc=taobaoSearch&mi_id=0000LbYtFIs2FMoABxYnwmL7e1ULWHiQkHqYVxUAhjdVriA&skuId=null
963693426186,（询价）BERBRICK MASTERMIND JAPAN GOL,1655.68,¥,券后价,神龙中医馆,百宏机械配件贸易,,0人付款,山东 菏泽,"淘金币已抵31.7元, 退货宝",书名:书名 | ISBN编号:9787121403958,https://g-search1.alicdn.com/img/bao/uploaded/i4/i3/2219558555674/O1CN01SYr9M31rmkOgXe6bm_!!4611686018427383834-0-item_pic.jpg,//item.taobao.com/item.htm?id=963693426186&ns=1&abbucket=10&xxc=taobaoSearch&mi_id=0000obH6Vv3H2_XCOlpSDlTMUkJC0RTXTi7HXoAMTe1oPzo&skuId=null
735177583715,bearbrick 44代 积木熊盲盒确认款BE@RBRICK正品网红潮流,5,¥,,tb1308587_00,晨晨盲盒潮玩店,5年老店,21人付款,北京,公益宝贝,出售状态:现货 | 品牌:BE@RBRICK,http://g.search.alicdn.com/img/i4/1028900134/O1CN012qRvYF1CrQC9pmEnN_!!4611686018427381030-0-saturn_solar.jpg,http://click.simba.taobao.com/cc_im?p=BE%40RBRICK&s=1732346919&k=2401&e=HIt9IuUMWCPlnGojJnjAnboDsCML6n4WbkogGAcUNzIAxeTUOROGgu%2FWMWoTIt72MOYSiWvF9JfoOvWshk5wxP2OytTM9ZoICQWBS4dNvBTm%2BxkiDe%2FaYFdkQlxBIKcXukC1hebZ1ovt271cpQuX5KSmM8qVYwxDXKnXPltWbjJVP%2BrzF2CST4QfaaQzX9w90KPX255b0lyI3IKhtXakZES2%2BWmCxu06BgfO0iUHpRugh9YeuWFh163xbZZG%2FGl8KZ9M4HsCXu%2BA0KLs%2Bp2nRV0Xu8g%2Bm6E527NcLRRqWaEflWvUCaqfDD2s7VsQ4gnU5q9G7%2B2eT%2BkRhC%2B7m2o6ntZ1e4gvLrbFNt5CKDGZ0L1fUlfS4oXFh%2BughjWNXvg%2FsqrbLEoUIvTOTizz0xaWw%2BpXZxhQ%2BxgMbvfq2Gl8K0LN25RrsFDjbwcwowBzmRVD9XWN8skNln5X5zeMV5l4SEiyr40MaCUVkkKO0tVBFZwhcnD1F4FH2%2F34Jrbc9ms%2Fk8hXZRVkDMvuS6Ub7%2FUPABDwp8eJzxkZkfFWV9IxuhwMJdqOQwkJLIfPUemk21IXKiJdbTchu7SiRwt5cTooRbRDc3CnnLnv0W0dZJheCSy%2B19lCvQipNagshkb9FIapfW%2BwK59d0tDB7%2F3PCSXNMMJV48ykUBniXiZASUnTtrkBhlO7umbZ3e6Jp2zx9I4t2SqcYc5jddKar1KNiUTpWFdJ20tx6YVEWePsGCYyFC8Q8KfHic8ZGRh2hNghNFGnnhJNNApEwYue8YD7UeThDuc7jWFmgAyalxUAdvgn6TVIne6Go2cES%2BrKhEcE0rKXl1yMB5v1Vw5wLgyPcLYnVQHHYH9zoASH2%2BaUKdOM%2BqTt5dKcVuqxh0aVyb%2FLETptlML8CSvQVZNpiDD0c%2FEKcgXhCR1%2F8nnNlxTF%2Fr%2F1N43V0QEUsmqrCNDovH0PydTmeN82dF3Uvy%2FIceBeBhfreh2YARRaysQdT9KrqJX4WSotKlyJMe0R2hFd8E0TvWtSpWwyMyjQqfVPN7VpxUA6HqNIhI3BMXOJPiIBR0a5msTTFQWrXgew00mKmmo9OtC8ih0w7UWTmJk9SNoBiLcVG1Y7humXJjm1UhUlI2lmKGdHvQvhizjqX7tqmhs4oCmW%2FL9C2jHjnZMdR%2BK0OgIUIu2WBa3E6symwphyY9gMyhdthreFo4dSEo5qixHJ0Sb1Ej0LzCMB7axs05LTz2RLzzeolG9guCvvcPNM9Kn6Sdt20vGwjP0va0AY0TRJollMThPy4j%2FL3VAClcA5RwQxQdk6wVGAYX%2FjdllxcDJjPWOGSwi%2FsaPsNpVCFsmrXc2Ih89R6aTbUhcc6U8DMZLuoT%2BI6mK9oqKFtENzcKecue9luzd4ZCKMJNsQaoR7Wegd2gQNgLRaQctLmbloeWzeiXIucbUUdllaqCyGRv0UhqlbCOyO0dN2jIQRrLpZ0YkeujHrUM%2FuHUTAAi6aPIhaxEy9eBeuLo%2FeqmZmtXr4UbnSPcFsemCtO1JQ1Y%2ByQinqUhk8FAuyj1tA0u2sLIJcQKVxj5goYgkmGnLnXt8m9u5aZoUqiS1hKAcdc2Ke6D4GvhFRsSlUBCESPYosP9eZWckRNF075DCfSbeXNJisg5x43zZ0XdS%2FL4NISq2HBVtEc6jVjGL3jJhZfSSDvfM6qXjfNnRd1L8vS2lyj08LIzKYczzyIBmduk9cvMOd%2BN5WwEGEXRm28wBcOMVgfXszusP29xeKnm%2FHI%2FbaLvy8uIOo3AUfDqTvONehq0VsWWAUISKYEZwiD23rgOx9Y8K370vwjEOl01qCJfiqS1J%2FvW19jyMhFvXMMJDWQw37PSRKoUKjxoCifRGo3AUfDqTvOC7WbUYLr71bVFBDTz7H%2FudL8IxDpdNaghSuqP7DUppuNM%2FD2hkhOzA%2BbgddSZti3OV6FMVHxdviQpv42xe%2FXk5ZP6%2BuyUPUqpqo7utO1YQ4VVVcy6TSaN%2BtzsThydPKF7riJdI9x0hNtTIlRg8UM1PL4ji9LDe%2FX%2B3n9NNO7FZKyOCMgxXyk16fsFThZHzKS7GNNnSGzY8pS5m5aHls3oku28prl%2FuamGOW2lU%2FLn8sRUDdiQXmXGlxlxraGvO%2FffQdX9eYAKNZSJ3uhqNnBEvqyoRHBNKyl5dcjAeb9VcOcC4Mj3C2J1UBx2B%2Fc6AEh9vmlCnTjPqk7eXSnFbqsYdGlcm%2FyxE6bZTC%2FAkr0FWTaYgw9HPxCnIF4Qkdf%2FJ5zZcUxf6%2F9TeNT%2F%2F%2Bz%2F4Gl5ZLscGm%2FD2Zg5Hg64%2FEuMDYeN82dF3Uvy%2FIceBeBhfrejk%2FZSRYN1Laui%2FDIU9yz2XNNBLB13IBTZ%2B8%2B%2Bq7wzN9dn9AEq72SUCSdzDhoPHLo7QS%2Fp5ZD918&mm_sceneid=1_0_1028900134_0&a=xxc%3Dad_ztc%26mi_id%3D00002x1fgueesv80aveHCB9-_v9y2bVkIL_8BlhwZGLEbOY%26skuId%3D5083179689089&id=735177583715
732557614002,日版miku初音未来BERBRICK积木布里克熊挂件2014autumn ver限定,40,¥,券后价,aacjm1209115268,杉杉动漫店,,0人付款,广东 佛山,"官方立减12%, 店铺满38减1",出售状态:现货 | 款式特点:静态 | 品牌:BE@RBRICK | 选购热点:暴力熊 | 商品状态:拆盒不拆袋,https://g-search3.alicdn.com/img/bao/uploaded/i4/i1/2562137784/O1CN01GVmMcP27N7qBW0Pz1_!!2562137784.jpg,//item.taobao.com/item.htm?id=732557614002&ns=1&abbucket=10&xxc=taobaoSearch&mi_id=0000gtsptKogIqDAH5nfm8cfoZg90d7DPzIARSvsXAMD4aQ&skuId=5873217705931
815889819650,IT MEDICOM TOY潮玩摆件潮流趣味BE@RBRICK满印积木熊598246M,3999,¥,券后价,it服饰旗舰店,I.T服饰旗舰店,回头客1万,1人付款,江苏 苏州,包邮,上市年份季节:2023年夏季 | 品牌:i.t,https://g-search3.alicdn.com/img/bao/uploaded/i4/i3/2201233163648/O1CN01KY6vSa1copy2h9Av3_!!2201233163648.jpg,//detail.tmall.com/item.htm?id=815889819650&ns=1&abbucket=10&xxc=taobaoSearch&mi_id=0000LDWIw_OF7HIqS_0r5ae0Dt-Ro58Mcxo85WtLwWefCDY&skuId=5513230556074
735028187818,bearbrick积木熊46代盲盒 积木熊 bearbrick 假面骑士 索尼克现货,11,¥,,tb1308587_00,晨晨盲盒潮玩店,5年老店,13人付款,北京,"48小时内发, 公益宝贝",出售状态:现货 | 品牌:BE@RBRICK,http://g.search2.alicdn.com/img/i2/1028900134/O1CN01WHYLc11CrQC9kRPpf_!!4611686018427381030-0-saturn_solar.jpg,http://click.simba.taobao.com/cc_im?p=BE%40RBRICK&s=1732346919&k=2401&e=DgYVlUteOUDlnGojJnjAnboDsCML6n4WbkogGAcUNzIAxeTUOROGgu%2FWMWoTIt72MOYSiWvF9JfoOvWshk5wxP2OytTM9ZoIofQ4sOBGlN3m%2BxkiDe%2FaYFdkQlxBIKcXukC1hebZ1ovt271cpQuX5KSmM8qVYwxDXKnXPltWbjJVP%2BrzF2CST4QfaaQzX9w90KPX255b0lyI3IKhtXakZES2%2BWmCxu06BgfO0iUHpRugh9YeuWFh163xbZZG%2FGl8KZ9M4HsCXu%2BA0KLs%2Bp2nRV0Xu8g%2Bm6E527NcLRRqWaEflWvUCaqfDD2s7VsQ4gnU5q9G7%2B2eT%2BkRhC%2B7m2o6ntZ1e4gvLrbFNt5CKDGZ0L1fUlfS4oXFh%2BughjWNXvg%2FsqrbLEoUIvTOTizz0xaWw%2BpXZxhQ%2BxgMbvfq2Gl8K0LN25RrsFDjbwcwowBzmRVD9XWN8skNln5X5zeMV5l4SEiyr40MaCUVkkKO0tVBFZwhcnD1F4FH2%2F34Jrbc9ms%2Fk8hXZRVkDMvCLAPu7CAsyutC1YpePi6TkfFWV9IxuhwMJdqOQwkJLB%2Bivu2n6PrtrYujjXMKPcbD86D4FmLtJ3aoz2ttCVOSXBFtND8jInquxdnv26VZHy5J7gMlldQd0gBR30pMiuTB7%2F3PCSXNMBkukjT8WtRhcBs8IRUHJscBhlO7umbZ3e6Jp2zx9I4t2SqcYc5jddKar1KNiUTpWFdJ20tx6YVEsw0nTjSr3wfrQtWKXj4ukxh2hNghNFGnqSys7ZMW48%2FYt5I21U85Nuc7jWFmgAyalxUAdvgn6TVIne6Go2cES%2BrKhEcE0rKXl1yMB5v1Vw5wLgyPcLYnVQHHYH9zoASH2%2BaUKdOM%2BqTt5dKcVuqxh0aVyb%2FLETptlML8CSvQVZNpiDD0c%2FEKcgXhCR1%2F8nnNlxTF%2Fr%2F1N43V0QEUsmqrCNDovH0PydTmWhvKWaNcntq4Z8RWYNzsoh2YARRaysQd88%2BxqCkHUmISsSsnm%2BBGRRFd8E0TvWtSpWwyMyjQqfWhCX2gy5nCcqNIhI3BMXOJPiIBR0a5msTTFQWrXgew00mKmmo9OtC8ih0w7UWTmJk9SNoBiLcVG1Y7humXJjm1UhUlI2lmKGdHvQvhizjqX7tqmhs4oCmW%2FL9C2jHjnZMdR%2BK0OgIUIu2WBa3E6symwphyY9gMyhdthreFo4dSEo5qixHJ0Sb1Ej0LzCMB7axs05LTz2RLzzeolG9guCvvcPNM9Kn6Sdt20vGwjP0va0AY0TRJollMThPy4j%2FL3VAClcA5RwQxQdk6wVGAYX%2FjdllxcDJjPWP%2BAtjTMjVTLlo86m%2By86gyH6K%2B7afo%2Bu0c6U8DMZLuoT%2BI6mK9oqKFdqjPa20JU5Ku8ctGQcTTi9sQaoR7Wegd2gQNgLRaQctLmbloeWzeiXIucbUUdllaLknuAyWV1B2X1A1YR7BFK31THHqURaeE1g4ioe7WMqPAAi6aPIhaxEy9eBeuLo%2FeqmZmtXr4UbnSPcFsemCtO1JQ1Y%2ByQinqUhk8FAuyj1vrrpn0ok%2BcezSczJTv%2FdN4UrJN7BGZ1a2eyild2tLsBWRLvIIbgaENY%2FR5B0pB5UYjZt9R5gOExskRNF075DCfSbeXNJisg5xaG8pZo1ye2mTKpMoNO0xcc6jVjGL3jJhZfSSDvfM6qVobylmjXJ7a9EPkOQGsVUSYczzyIBmduk9cvMOd%2BN5WwEGEXRm28wBcOMVgfXszusP29xeKnm%2FHI%2FbaLvy8uIOo3AUfDqTvONehq0VsWWAUISKYEZwiD21nchuHnQQR6C07y1kUjsy1aKLZhC4ia40g%2B6tN5igQ%2FpDWQw37PSRKoUKjxoCifRGo3AUfDqTvOC7WbUYLr71bVFBDTz7H%2FudL8IxDpdNagqax0w8L29HONM%2FD2hkhOzA%2BbgddSZti3OV6FMVHxdviQpv42xe%2FXk5ZP6%2BuyUPUqpqo7utO1YQ4VVVcy6TSaN%2BtzsThydPKF7riJdI9x0hNtTIlRg8UM1PL4ji9LDe%2FX%2B3n9NNO7FZKyOCMgxXyk16fsFThZHzKS7GNNnSGzY8pS5m5aHls3oku28prl%2FuamGOW2lU%2FLn8sdbItOfVGCUNxlxraGvO%2FffQdX9eYAKNZSJ3uhqNnBEvqyoRHBNKyl5dcjAeb9VcOcC4Mj3C2J1UBx2B%2Fc6AEh9vmlCnTjPqk7eXSnFbqsYdGlcm%2FyxE6bZTC%2FAkr0FWTaYgw9HPxCnIF4Qkdf%2FJ5zZcUxf6%2F9TeNT%2F%2F%2Bz%2F4Gl5Z07YViMNekumn%2Fa0GeL%2BDhWhvKWaNcntq4Z8RWYNzsoqeIOu7WuA6GbDGVDxdPH4uvBciw%2BM3DIcZLGM3Mho9Idn9AEq72SUCSdzDhoPHLo7QS%2Fp5ZD918&mm_sceneid=1_0_1028900134_0&a=xxc%3Dad_ztc%26mi_id%3D0000MI-QmlXfooxByz-PW0spkZ6DoTXMO9pMRYb5SXpLFDI%26skuId%3D5319812517654&id=735028187818
688423287178,berbrick1000%DCTer 米娅猫娘 手办摆件模型,2018,¥,券后价,tb7058159492,新运商贸,,0人付款,北京,包邮,出售状态:现货 | 适用年龄:18周岁以上,https://g-search1.alicdn.com/img/bao/uploaded/i4/i2/2214951268753/O1CN01qcN2Xl2EWvneMjbI7_!!2214951268753.jpg,//item.taobao.com/item.htm?id=688423287178&ns=1&abbucket=10&xxc=taobaoSearch&mi_id=0000030mQDGUe6GJ64Ng4nIMqJIKhq9HBUDm78UHEctUFIM&skuId=null
651038929138,BE@RBRICK PUSHEAD 1000%大理石5代暴力熊超大号摆件积木熊公仔,5593,¥,券后价,vicky线上潮牌商店,日佳汽车模型,8年老店,0人付款,广东 揭阳," 3期, 退货宝, 包邮, 公益宝贝",出售状态:现货 | 适用年龄:14周岁以上 | 兵人配件:兵人成品 | 款式:关节可动,http://g.search3.alicdn.com/img/i3/123027389/O1CN014p6CEM24SDL25DGIl_!!0-saturn_solar.jpg,http://click.simba.taobao.com/cc_im?p=BE%40RBRICK&s=1732346919&k=2093&e=9VOYThzgfhflnGojJnjAnboDsCML6n4WbkogGAcUNzIAxeTUOROGgu%2FWMWoTIt72MOYSiWvF9JcoF45GqSHK4SdZcskydXwE5k90rDv9tu%2BVxMzS%2FayJ3FdkQlxBIKcXukC1hebZ1ovt271cpQuX5KSmM8qVYwxDXKnXPltWbjJVP%2BrzF2CST4QfaaQzX9w90KPX255b0lyI3IKhtXakZES2%2BWmCxu06BgfO0iUHpRugh9YeuWFh163xbZZG%2FGl8KZ9M4HsCXu%2BA0KLs%2Bp2nRV0Xu8g%2Bm6E527NcLRRqWaEflWvUCaqfDD2s7VsQ4gnU5q9G7%2B2eT%2BkRhC%2B7m2o6ntZ1e4gvLrbFNt5CKDGZ0L1fUlfS4oXFh%2BughjWNXvg%2FsqrbLEoUIvTOTizz0xaWw%2BpXZxhQ%2BxgMbvfq2Gl8K0LN25RrsFDjbwcwowBzmRVD9XWN8skNln5X5zeMV5l4SJpwd%2F8JihJZmjY26RB56T2mmiHspzFTVVmpQuEwqlBpVEXy3iz66skWulUXtLOtt2atWJSVSY0F884UDpikWzorqE5np33d8xJhcpoIyFD53k1EIdMWD6h5p9cpG6z4CSX%2FTIU0zpuONU%2FqcOQzMNpQx40AlPs5IzvbD0zE8UdKm89xTlNZQV7J14d8j%2B94kC9cM%2Bo%2F1I9hI5RJnO95NVPGq7SX1pgG7Co4VDkRrn30Tkxz7FtsIueTW6TbCouMMZWaeJAwwtQl0DLcXWY4UoV9bsrQ%2Fb1Ceucx6UnSv9ORsi0di7L0dfL131V%2B7aHN0rFZMnYKnGv7Urdx0glOwmxKqCD5emvgb%2Bf5q0K2r8%2B4Y%2Fx1urCFkw1f5CqO3igSsEUqnpAlCQKDqmXG8NTujgwNeFw6MFKgdL2HJ3xtwzfrS04kIF5EG36cVbqaBaxxygbEpmn39PQU5nPNwA4DYq89k7zJyxjdQT1o5ttrRXHwFyBcIXQi1RE6RK5wKbyBeKsp3CtPE9A949U039F08JabMV7l7%2BZxiBeKr%2FQpBoCgnrHn%2F2jNNjk6Hxrn22E3qVEQUQ9g3FWx56AaxogUaPePMp019wHnde9buN1c1%2FUOWRmPnDGLNpqdlIXHknoRmxiOfBIailMEd49UAD98hZaS%2B9zLIO8dljC3cy9e3pqufBWyCPaBJRwEL11VbsER6gJ5QVl0Dx4LSXI1W4lrNv9mmrVRjXc%2BDTYFfHEbkzzhRYlvtHqjjeIDJ5mPZ43wGFBzq4JGUjt2OxE%2FGbNvN5wvbBiarp%2BUY5EAm26OW1BAMkGRCs7X%2F9ClWexLJgETLzzD%2FOOzeOmqAK1u7tRBlr9rCiekQ2cOBHxwSFGQZ55xyfcipLDznwujySNSTP%2FtFoONzp3pR6gqwd3clqxPcLBUMtKiK8nRosIyf62GwQ5dC1TBvUa0Op1QCF4nM0%2FmCrEuE6rQ0UiulIxR3XpXQXbUwTqhwqhVOlAIXiczT%2BYK9LnJ%2BDdcETu0WHCkx%2F8NIXQAoivoTQg8qKuRZ2JK9WdwcVY30y5eJzCINofxwa7NDJaAebWdQ1z%2FuMbYhgNv5%2Fg4npSHtl3l481uvgfUApELIn3UOJeMcSVQWTJWy8dZ5nOEUT3XydTJAfZ%2F3IdMfPmBHPkjQRQNaR3CKtAw5H%2BfIkYuJxtb9lB3mamUFoRqid95y6np30rsiIQrbHxLF1kAUl%2FMJ2aONPny%2FvGT3uBzlbXEIHDhOFt49seh8r8EAe1JJZFoDWClqPYaCftca5%2BLfjkAmYxhAIp1AgTv8qPWCsO1rSmztobUMakhacS4wWuZ132Pu6iCj6jOFdGyDMyJe58s%2BqMP3MtYAXhnjE2DA76WNDbQ4gY2MzxjUJ9tpVnsSyYBEy%2Fp7cjZElKx9Na9beQaoEUODnjiYIWgB0rJAKxo5lLvacbak%2BEHnnFzRPIpz24RcHxXKyDcie1Blr%2F5ChlAP5MhKg%2BQOKfIol8ogdb%2FUDBPfvQf%2FspapdeOUAheJzNP5govTYJvbBF4qFFE3USNtQ7OgkfcRDYX4MGpd9ZHFelhXbtYS8qDy9wRfsN6jEu3mD4TgfuS0KtXxdgZkE6OnHGaRIqLlEswl%2Fk%3D&mm_sceneid=1_0_123027389_0&a=xxc%3Dad_ztc%26mi_id%3D0000x-ScoNZ5OOvN57H6FyFrgHCrwOaF3QW0MLjdqyJjYDs%26skuId%3D4693507516911&id=651038929138
560271472771,现货miku初音未来 BERBRICK积木布里克熊挂件 2014autumn ver限定,59,¥,,八重泷樱,八豆屋,8年老店,0人付款,北京,,周边产品:钥匙扣/小挂件 | 作品名:vocaloid/V家 | 角色名:初音 | 出售状态:在售 | 适用年龄:14岁以上 | 品牌:Good Smile,https://g-search2.alicdn.com/img/bao/uploaded/i4/i2/3440595516/TB2tUhVlfNNTKJjSspeXXaSwpXa_!!3440595516.jpg,//item.taobao.com/item.htm?id=560271472771&ns=1&abbucket=10&xxc=taobaoSearch&mi_id=0000sinxmv4SHfLjK1LrNaLUZ1MchXYDEta0x-89hobulsY&skuId=3501498764441
963722496456,BE@RBRICK改装车联名二代暴力熊大号摆件公仔1000%  400% 100%,5780,¥,券后价,vicky线上潮牌商店,日佳汽车模型,8年老店,0人付款,广东 揭阳," 3期, 退货宝, 包邮, 公益宝贝",,http://g.search.alicdn.com/img/i4/123027389/O1CN01EZ5DDq24SDJAExZih_!!0-saturn_solar.jpg,http://click.simba.taobao.com/cc_im?p=BE%40RBRICK&s=1732346919&k=2113&e=KKwaPX%2Fu7AnlnGojJnjAnboDsCML6n4WbkogGAcUNzIAxeTUOROGgu%2FWMWoTIt72MOYSiWvF9JcoF45GqSHK4SdZcskydXwEeMEcobBnSU6VxMzS%2FayJ3FdkQlxBIKcXukC1hebZ1ovt271cpQuX5KSmM8qVYwxDXKnXPltWbjJVP%2BrzF2CST4QfaaQzX9w90KPX255b0lyI3IKhtXakZES2%2BWmCxu06BgfO0iUHpRugh9YeuWFh163xbZZG%2FGl8KZ9M4HsCXu%2BA0KLs%2Bp2nRV0Xu8g%2Bm6E527NcLRRqWaEflWvUCaqfDD2s7VsQ4gnU5q9G7%2B2eT%2BkRhC%2B7m2o6ntZ1e4gvLrbFNt5CKDGZ0L1fUlfS4oXFh%2BughjWNXvg%2FsqrbLEoUIvTOTizz0xaWw%2BpXZxhQ%2BxgMbvfq2Gl8K0LN25RrsFDjbwcwowBzmRVD9XWN8skNln5X5zeMV5l4SNiWWCLhcqbEUYeuA5amKyGCvHON3o5tGNAl7e4zNfEMIXJw9ReBR9v1DOoEoK7dCqQTZIR41%2BISk77L%2FOmit4GvLtYz%2B0mNe4KLVyyP7v4%2F3cSjFRjfntfpZrszqDDzwroc7l5hyU47m%2FWUJmFYSLBtw0qBiKpeqn9SRyTyNONZLsbWEtYoP5pv0FaNmcnDDcHCyLHHbwbWm58dAlEPxawDUqa2P%2BSX3COUSZzveTVTxqu0l9aYBuwqOFQ5Ea599E5Mc%2BxbbCLnk1uk2wqLjDHRXUqOZ%2F0F8JmVfGo3ZtmGV3gsgpvO4Dosc7M8BPZpbAds4G6U1vvO9d9Vfu2hzdKxWTJ2Cpxr%2B9I2QPCvc0klHkAVk3LDAb3n%2BatCtq%2FPuGP8dbqwhZMNZoQQv9mA9BOxIG%2Fw3k6ouf51I52%2BFPmiANyhjlxLnHe9hyd8bcM360oRI30K%2BhTeP4nB4ttOtB4GxKZp9%2FT0FAhPW1%2FX5qbny0kuSVUMoiccJfg76U5R3hcgXCF0ItUROkSucCm8gXirKdwrTxPQPePVNN%2FRdPCWmzFe5e%2FmcYgXiq%2F0KQaAoJ6x5%2F9ozTY5Oh8a59thN6lREFEPYNxVseegGsaIFGj3jzKdNfcB53XvW7jdXNf1DlkZj5wxizaanZSFx5J6EZsYjnwSGopTBHePVAA%2FfIWWkvvcyyDvHZYwt3MvXt6arnwVsgj2gSUcBC9dVW7BEeoCeUFZdA8eC0lyNVuJazb%2FZpq1UY13Pg0SpQW4DEwgX8FzJQkMI0N4%2FIknrCqzGISralepcki%2FYDXRFvsbzaca7J2BBPCDrZWRAJtujltQQDJBkQrO1%2F%2FQpVnsSyYBEy88w%2Fzjs3jpqqFt5Pv3B7Tz7yUGnzI%2Bj4XVuxgVQOFLs2ntzVCW1VC%2Bo8kjUkz%2F7RaDjc6d6UeoKsHd3JasT3CwVDLSoivJ0aLCMn%2BthsEOXQtUwb1GtDqd%2Bwh1jr3%2F1PCR0C9UFoMjJZSMUd16V0F21ME6ocKoVTr7CHWOvf%2FU8OvMjippwBXxtFhwpMf%2FDSF0AKIr6E0IPKirkWdiSvVncHFWN9MuXicwiDaH8cGuzQyWgHm1nUNc%2F7jG2IYDb%2Bf4OJ6Uh7Zd5ePNbr4H1AKRCyJ91DiXjHEXECy6FhunmAy9ncjaOlxbJ3pV6E4vKd%2F5gRz5I0EUDWkdwirQMOR%2FnyJGLicbW%2FZQd5mplBaEaonfecup6d9K7IiEK2x8SxdZAFJfzCdmjpHR2vjwzoWic5W1xCBw4ThbePbHofK%2FBAHtSSWRaA1gpaj2Ggn7XGufi345AJmMYQCKdQIE7%2FKj1grDta0ps7aG1DGpIWnEuMFrmdd9j7uogo%2BozhXRsgzMiXufLPqjD9zLWAF4Z4xNgwO%2BljQ20OIGNjM8Y1CfbaVZ7EsmARMv6e3I2RJSsfTWvW3kGqBFDuSKTw8ZeKrUyQCsaOZS72nNF1x8QDrla0TyKc9uEXB8Vysg3IntQZa%2F%2BQoZQD%2BTIZmsEwQoXPGOGFhzsSEV%2BqnmK3arFJL3svsIdY69%2F9TwixbC4iGft6ZRRN1EjbUOzmdkLuTNNKeKLPdmQ9hVk8unw9lydxhA5n7DeoxLt5g%2BE4H7ktCrV8XYGZBOjpxxmkSKi5RLMJf5&mm_sceneid=1_0_123027389_0&a=xxc%3Dad_ztc%26mi_id%3D0000X3xBg4QxNIV4LIYu_uLq8SkuIFV5oZGvYJ7T0bWbb68%26skuId%3D4894311105067&id=963722496456
626968230862,现货Berbrick繁荣木头熊400% 积木熊实木公仔潮玩装饰摆件胡桃木,1776,¥,券后价,默背的心碎5,艺点生活家居,7年老店,0人付款,北京,"店铺满598减20, 淘金币已抵26.64元, 退货宝, 包邮, 公益宝贝",表面工艺:纯手工 | 主体材质:卡通,https://g-search3.alicdn.com/img/bao/uploaded/i4/i2/2315440005/O1CN01XVE1fl1BuKbMy3CAT_!!2315440005.jpg,//item.taobao.com/item.htm?id=626968230862&ns=1&abbucket=10&xxc=taobaoSearch&mi_id=00004qSpYLCmOtytqKzoTdj9mk9z3h9J7qJ2o9g9cb-MpII&skuId=4615182954976
1009314167189,BE@RBRICK 400%梵高星夜熊 潮玩积木公仔 28cm可动关节收藏款,86,¥,,卢友设计馆03,卢友设计馆03,,2人付款,北京,包邮,,http://g.search2.alicdn.com/img/i2/7748142718/O1CN01yhyCGe1VwtchOLLdU_!!4611686018427381374-0-saturn_solar.jpg,http://click.simba.taobao.com/cc_im?p=BE%40RBRICK&s=1732346919&k=2401&e=f%2BuzKhHrc8rlnGojJnjAnboDsCML6n4WbkogGAcUNzIAxeTUOROGgu%2FWMWoTIt72MOYSiWvF9Jct%2BbD9qlSdp5ZePOXyvKYdbbbsNLBy0%2FqVxMzS%2FayJ3FdkQlxBIKcXukC1hebZ1ovt271cpQuX5KSmM8qVYwxDXKnXPltWbjJVP%2BrzF2CST4QfaaQzX9w90KPX255b0lyI3IKhtXakZES2%2BWmCxu06BgfO0iUHpRugh9YeuWFh163xbZZG%2FGl8KZ9M4HsCXu%2BA0KLs%2Bp2nRV0Xu8g%2Bm6E527NcLRRqWaEflWvUCaqfDD2s7VsQ4gnU5q9G7%2B2eT%2BkRhC%2B7m2o6ntZ1e4gvLrbFNt5CKDGZ0L1fUlfS4oXFh%2BughjWNXvg%2FsqrbLEoUIvTOTizz0xaWw%2BpXZxhQ%2BxgMbvfq2Gl8K0LN25RrsFDjbwcwowBzmRVD9XWN8skNln5X5zeMV5l4SDt51CIPMwcF5%2F1iGvhTRVilDL7H%2BIEKTJ3KhXmV4DecLO3IDnkrm0BLQlVoah10nsYhgMzI7ZGib6syN4QdWEyuOYm7%2B78PT95gBda76uJyeJ4xw%2Bmk7dEEVJls%2F3Ptnp2mvAK88Jp7g5xBK22lNzimFa8oeDjKzxw89hgayydIiBhBIV7ZwAiV78c8LEDPysxKi2aEZIpCGT%2BoB7LqkA2gmVZBkoVyojQEK6djH5dJAYZTu7pm2d3uiads8fSOLdkqnGHOY3XSmq9SjYlE6VhXSdtLcemFRNB1%2Flt56Cj3lORdNJJhxNAOTpO94UdkBJSATl5gLmavN05sFhV%2BH%2FRvO8lUoHQhUU0fiPLToStM3kg5%2F6D2D30tsigIZqtUw%2FBugxI%2FQrjHiBxSP0U5iRKWg2RoMq6Qab7SDGBLm2Uzwjxw6Ei7N7KzMIbqgV0PgD3h4m4tH4s7ipMTAedl4zi0CYcWSgRzcRNoVO2G6c9xB%2BoWJeVdgHkDsxz9RqNK32t0vrcMKglCvYcnfG3DN%2Bu8I7He7K4o6q1DdHrPldccoagw1u%2FNbXO3b%2F7GsJshxR7HOjKBuB5F8MCLnaMH6JfjMFR%2BQMIgz5%2BX%2BHZbk8QTRzae20rduQmjaq5diHK2TK4KV5YamefMZPLQOTplxLr825g5Zokv%2FN6QrsUWJPfE1Lut3So3%2F60IEFcUbZC2NhC5VUl6nb56og%2BxrJfi%2FQI7EL4i6lm7jDriAZ057%2Bg5M0JIgFzq3LdTt1ONjq2%2FyNytxEMG3001x3ked7bxLrzVDtZzmOHMCdptM2tar9lEPQk6KzU2V7KKI1w8r9NRVCnjP3G2iZx%2F0v7ovVuV2dtiWTKTghq%2BFEmNwQtWR8Y26F3GE1chB7Vsb1dpZBU1q8rqIhazocOmoiM1f%2BlCQ61cp0Eb4E1RaGxFQkod4%2BFTNOI8DNYIodhlSbzGpg1ZsV2h47qZhA53R%2BmGdtAJlFISkoiBKkFxcq8qc7thuS%2BP2TfCZuRNcyWV4RAMK83CCGlkehe6Gt2AVR6VhGDPV08aloH2FiW5sdYObj3EZd4oGzCjDeY7HDJNyqmlO7d0jti2oOH9mFyjWmryr10WeviXtmlj14ng57av0SsZYY9CYsgM0UJhmQOQR1jbs1zJD2YSCiUlNVMf37d%2FWca2mS%2BuOYm7%2B78PT5%2F11HT%2FfBNPS7hr0Aa2%2FK8Hcv%2Bn%2BctsuJTkXTSSYcTQlidZXhCXlFmYczzyIBmduk9cvMOd%2BN5WwEGEXRm28wBcOMVgfXszusP29xeKnm%2FHI%2FbaLvy8uIOS3zrxrG95sdmy2eTLBnSs481uvgfUApELIn3UOJeMceNkKRYjk4BqWu4la%2B8FIAAnelXoTi8p3%2FmBHPkjQRQNaR3CKtAw5H9T6L43vm2jpnpOvbV6da4CpYh8jcOz%2F1Esxv4FjW2uMi5eGhEnnFI17Akp2icYKF4HDPuRoZUlx9tzl%2FblrAUhU8CNaRgJMehB1SjWB933j1PxXpriqLZZftBzwjfZyfbOC4dAKXD7aFrD7TicaFIRHqCQe%2FS%2BOYRvrenre1qKo4aKhpKAj%2BpJjHrh0dwcnBoDUgUM50pawAMY0%2FeMQjeoFFDFHigX5lQcKBTt5uuvX1%2FMF8ILvwsYNQqIZZlCIFTVdqRZnYsEoNEf%2FpCbWcDqTtkOh81kv3UivyqXsZ6G2MGfEc7peohRnfkgVQdHTYbFjdXpA2lbl6DutjCdw7GsBwRO%2F1aU71WNokQPTFR9W%2FVWWRGZW0ufAuc%2B%2B1FD4WcQF%2BAQceQ%2BpG%2Fh%2F0TDvD7yrEbB8b3JdGG7oV9VcaNcTTtgC%2BRm4xGfJDgePLJ7trqN5H70mSCjapXvxzwsQM%2FKc9FHd6utUrapr9gnfpsT2NxyNRyh7sFQuSfrgKo9hH%2BqupWontJMpUVJJttbXr9P&mm_sceneid=1_0_7748142718_0&a=xxc%3Dad_ztc%26mi_id%3D0000xemRGnxl8ukuCH5F7gBImLZ9IUeaYWKz6wD-N8YGVKk%26skuId%3D6177178651525&id=1009314167189
24449120923,日本潮牌BAPE猿人限量迷彩百事可乐瓶罐 BERBRICK潮玩网红积木熊,5800,¥,,藏乐屋2008,藏乐屋2008,17年老店,0人付款,广东 汕头,包邮,,https://g-search3.alicdn.com/img/bao/uploaded/i4/i4/10009022181941639/T1ghSmXAtcXXXXXXXX_!!0-item_pic.jpg,//item.taobao.com/item.htm?id=24449120923&ns=1&abbucket=10&xxc=taobaoSearch&mi_id=0000kT-4lHApuPFOnmjhBZa03BMl2ECn32pxQjYwAI4iUSo&skuId=null
904741913012,eb pay24小时在线背景全国长期EB PAY安全稳定靠谱在线eb,6,¥,,tb679938910,赵总ebpay稳定靠谱,,0人付款,北京,"24小时内发, 包邮",是否带画片:是 | 相框种类:PS相框,http://g.search2.alicdn.com/img/i2/7637543919/O1CN01EqfqUq1eoxEBbsetm_!!4611686018427382767-0-saturn_solar.jpg,http://click.simba.taobao.com/cc_im?p=BE%40RBRICK&s=1619040438&k=2361&e=26c%2FB3xZLl2fjbZ%2BCBg%2BTdkK16hTGKbZ5VZzbfmwLGDVsCdumMdzIA3HMO3HtKRCi%2FrTBpZeN0qdvxdihPnQ%2BaAEMjZVkSWQ1F8AtdDjpeg%2BhitE4b3Nplf5YMhZsj%2FcdgSWOOVuwMpRCpT1j1fXfTjcO%2FVBdvHs%2FZRTWHSnW83nBm0p1ck4cEGYII%2FxPR8qkJOLxpVHllbk%2BiZaAjdgvK9Xh1tRhWBkktWTHPJbSdERguBUYs%2Fn4bhSolLY9bgrXeN7OQylg1tYd7dF12eZy4eiYkk0hZGCZD9XHwX8IDXwuq2S%2B4KM5K6F8be398pjplPWX2myJYIhUzp94%2FPveXEYgbsPCv%2FsSg1dya1%2BaRR0%2F1K988Qy8ujFPOcQjZ0qV87hyd6d0W7onYWJpCXyZiRvgKCgF0j1HSxQcgHpFItq%2BEoTcqWMPfw7LOWSbIhxxSK0guCkxRQd0a2IvgjHR%2BkP9XUp3Vq%2B%2FMFvaC29f06zSJfaVtRUR%2FTM5WuCJSwXLRO%2BhEcu3ITLigCbMf4ABuJ1pyzs4IPGnGKZxFxXpXWG4f3yQRoi2l4NUP0qd0FDyQRnjx%2BXBtXbwUyMgiKCPfaF%2FbLeZG7VFkl2r4DSEcPufRSM5S%2FSZ8dbY7sEWZ47h%2FcQK0CqihbCGyoO3Kq9RKmCaBz4d7rVrJwoCfdI2W5LVmcDb2S5tmGKCFwMulm3%2FY7GBdJycz5TG%2FvWPumuIqba1S%2FBTDm83bgQrsxgdkuSWIPtMQAfZmalVNKNyxsZLI0NUZH2YcCb24%2F%2FReDFw1R4hyQ3LBygHuJsxrE2N3BfB6fN%2B4wJs%2BzHeJxLqGFBe7v9VYXsWDxnl0DV%2BD0CgeHqytE3MHE%2FROPaH3KCWB8xjsdwDbd6gxr5jK1TXm%2FI%2BgaqnyxmwknhBDyHvCyVni%2B1%2FQgx0hfVNrRhlpKNxnWo35%2BkUTKSGOotqaQZRPsjlU0SRXTxgWtk3GtkANvwx%2FAPl8uEzDzCwklsIDNqCmuu%2F%2F64TzDdot9Kgi6B85Kwo8AS2qHa%2BvZWI1Oq2HrukJwGrdX%2BMGrYKDy0HFc8mulpexJ%2BSVoJKw4bT%2FL%2BKr8F0xueWw2QcP4aaf0uO2DC0VagYAG9dXO0I%2FI0o9Xm641MZWWUrq2E5Z80BrTBaD33SFN46E2iJEaUh0zzk5PrjbfOZ%2F9%2Bwr0Plk6NdaRKvwJRlaWAe9SrRhpY9PmefgCKuVauW2Qbt12ponQwWx1Pvbrs%2BLSs6MYi5fPhuKoBnU7l5pQ9krHVEBz6xkFGjDy3ygi5QVUXGcCoSZSNSVWtWJptgu01EBSiRazxtB12DFmxZ6zsfVTYQXlNPJhp2AwpJPvx6tPcKNjPjXTsHTYUIH6N%2FAO8CuI8D0DbHIE14gC2bKqo5J9WMW03izUOnjiURFNH%2FjsOSvK%2BEtqo2KBTX6%2B1FS%2Bpd8VkiP4MgaM8uih13m%2B%2FtLm68nF6GRPaNf422j7qWWrcqCsP3XPwhajEP9J4Blx9LcssrrUQLj92Zp8Rim6mGr4HfWDSRh6Ou8ktc97Hday5av803ondmiRnhBLE7%2F0NJ8jilDOnTvjLtp8tRIigGo6%2BDeE3M%2B5TFnK%2FkpXdPKb2zmdoLW2ge96CJWKv77%2BNJ6kP%2ByKnIZ9yVnqSld08pvbOZ0ada3mrVipiWYV0p74RcvwUL8U3jiiiwy4WtgJsY3PfEPbgqpjd%2FtPkO2%2B%2FnQd8I0us0lkH38nw8K4W584PybT1FGrlj9WYnTNB6wSbuQU4%2F42MYf6cbABUY%2FZpeWnM32mO0BEdpKZR8k%2BvE6lZfH66KJ%2Fy87JStKetXmPMCcVE9gzPk0lZJGhoXXS3%2FufRoM98Nbb9XEdp0%2BIzHwwui%2FaPHTW9P6ooRiKqScYI3C%2B2PDDqv3Ix3EjsFMrCAjVfi0OVQLLaAyEoIySdnR43eifdgLpvT2oLgwhoBwSzqVu1kM5vbpHqPqg9lsqGmY8EHq%2Bsg%2FK0iiirmfeoH7ih9G62U5Yh%2FDQPwF6qrhHH%2BU90On2pz1a5YtWdlxdG5gHGyrWnBPnMM3CfZQ5ikDAlonn35pcPuW5zta%2Fwld5usz%2FF%2BMvBm6nuZeWpIhdjXtib3%2Bt6GGPmPpmim9uP%2F0XgxcNUeIckNywcoB7ibMaxNjdwXwenzfuMCbPsx3icS6hhQXu7%2FVWF7Fg8Z5dA1fg9AoHh6srRNzBxP0Tj2h9yglgfMY7HcA23eoMa%2BYytU15vyPkJdr6yqF4a9eBCtPPPRpXfvZHqCUmD0i%2B1%2FQgx0hfVNrRhlpKNxnUhMmDUoRxUY%2B4TQxGhhnTPeU08mGnYDCkWk9WHr%2F9jMV2gS53lqgO%2BCWQymhET%2F6v%2FNuQNX7Id4g%3D%3D&mm_sceneid=1_0_7637543919_0&a=xxc%3Dad_ztc%26mi_id%3D0000U55gpXW9EZbL8naW90l129GUbLJ1Rk_88shuv4cNV7U%26skuId%3D5930278434026&id=904741913012
904741913012,eb pay24小时在线背景全国长期EB PAY安全稳定靠谱在线eb,6,¥,,tb679938910,赵总ebpay稳定靠谱,,0人付款,北京,"24小时内发, 包邮",是否带画片:是 | 相框种类:PS相框,http://g.search2.alicdn.com/img/i2/7637543919/O1CN01EqfqUq1eoxEBbsetm_!!4611686018427382767-0-saturn_solar.jpg,http://click.simba.taobao.com/cc_im?p=BE%40RBRICK&s=2127898585&k=2361&e=TuG2MAjH1208RB05vufFfD9aLhkPwQSaqFYleoliN4nOVAWEQ1U4unAGWiAXYMV2QxkG5UMWF3zvCokm7rvvCIZHIh1T9oS8XLJ8yf4HYuPdUhAyPizZMoBT3Ze8JOT2%2BhBKQ%2F82qJyCBjTFyqPtpg6ahJoWrVj8Xd5IuiIG065K1BNZYRT7K1AEJZgYvUj29a12GgOr1z43xBDUDKQJhDOZXYT3rXONBTX5YnJQlTPk9LVHfY%2B7w9hAZ0G1oORfdjWaeax7%2FP%2Blmww3tSVk5tSsqiamz0jL7Pyct538Q%2BH3n2w%2Foqrc5XkONZ9bUkE8nQyFprOXmnRWb5yRLA%2FMqaY30pRgKyWb1G8LINs0eI6q%2BRi4CYk6pUBd3TAhSDbcmspv3dVAE8LRiTkhBgcp3mSDJVVXjih0roscXAHAB1e7I9y3UdcPnhQ%2FnII42i%2BvHBZVOcxNhNZvFCHmEPGFLblc%2B4CpTHRWwXulYXYTfglG%2FDR%2Bb7U0sJng3xsLkaMuki%2BCj6fo1fA9MpKd4x4lOH6CcjMt9ym2Do3aQTyqzI3G9l%2BxISdFml5fv6Lu5rkG3x%2BodVJGw3koeTMbMnBTkZOYhB%2FB5Qq7js1LSMAW7IPyernoV8xEFiIVmpHiJK7PzviVxSh8ZHLuArwWZd8%2FcSHsV4hYQB7VXmm59gaw5YF594Z2CK4LPMgz16pFNIfHjgG9U9jDW6ZyHaYayYqHbAXgIUl3aPFcB9sWV99E5DqzZzfpGpKyRljObvyUc3CIk8JfXiZssJUPKuFIrt4DvdhzPnkr9GwpSN2R1won%2BB972pZ6lZ6Xz3%2BOAJPo1H8351Q8rUzCi05fgAfatmhIYQPUsR1iFmnJi1ANxmJ%2F7kMg7idloOaKVMz3EEPYDkTlQtWoFMpehUPQ0z%2FqnFGZiLVoBpWjIG%2BLj7RFKL9e6hfrEIhxi3aWQokyIO3uE9aiMG%2F1oNefFmYh3%2BeJjzfrMkdpR%2B9%2BlADaauMl29eP6qg0rxVWV6M5jGBNfad0ScqfIz55td1SWIYM5dSbECTXJVeGsKMLolWddArJMqBrwEXXuKUDZOqPJ5Wfl2hc2aj8kC0TGF45SaDXx%2BXZwXf4Fp41nNBUZp7ktGn%2BAcOeV4C0lVBVMU0F17V2%2BSo35eUputaApoOEaLtUICuTGbuOusgz26z%2F0jtOiCAmD9DUm3RTC95TF9MH8mkt7KkQc6%2FwzGu98AUYF3%2FOl7EMU7QMxYnvoFt7ywKqZnaXbiQMVOAeJ9b3Y7YC07QRKc4KydbLDor%2FQXi5lTuGjcuteaF7IfnUgZkyBWn8chiPRYihBRz2UbEvZ5oveGBZ4AyM5ku428zrn7xmaLeFJYs5QVLJiZ37lec4HX2iCdqeMT9dVXBaCp7rDU0p1stNU9R3IpcxBXb6EIlsTBymajl9KyYkdWr1KWQo6g%2BagtOslFAmHerG%2BH8k%2FlIv8sWy8pa1iNDoF3g1e4vd9ZZlsvP9huepu98lo7NmR%2Fv9hvtdSBsQx7tWs4NSR8LaENg6LGAMN6FWwZmoD09IiFiOO1itmTdoEEyis3EE9DVOcuXMax0eQK0ivbT0S%2BBEnrk748vSctT%2BQrerYpvqj1SyG%2FiZBa1FTLEb6hMhqgzSZ29J46FiSZ9Ct6tim%2BqPVMs86k63ii0P%2FeMjZggIGZSbzQUigsX%2BIpNidhFoljfJlF8N4LWbEn1oORj%2B%2FGtxqQbzAx%2FK0fxuZcBm9gIEK0iIgD%2FWzwUgGwq481IWJcORdrLq3htDZ40VXss3bTg4mK1Buhxz1j7KYTzO72sxtZb2ljHUoKjuT39MgP6c9sY34lN7vY6V2zbneFO1xg4LybLmMMC6UfE%2FnL8XH0p8S3%2Br0TQAj0VE25PisYHYAZRYlMaPOLbk8SrYg6BJ23llrIvh8KyvlhIGSWZZ48lFRrGtGflX4ND0lC%2BipZOuML%2BcwPzfSgkSGDjQXDkzBbaUQzeEAHJAjVnl6Q6%2BKetVlKCwRSLjkiSrc%2FdtUGok1wAnSwF6w4QikCKTHTFsinwLAGzaY%2F3JGsaKVnUNdpVeI0IB%2B2sxM1z5Eisn4iNVzqHV1E0DiVOpiSkKKnI2LS0sdraPvjQDZMH04u5r5yPO5q9hMuf3mOnpzyR%2BMTgVtahbd9DNgAMZpFARin0RgMAETM5HUNr50gVAQNBqh%2FtL%2FbPNoNjFGX%2B33OAKrwFaQXUFX6BdvR9ShIxLUbiZZFdZrdqY47dtOAcyiTIg7e4T1qJdlmeuVQuAbt4B8sKXMfOD9M48Uei%2BBeUfpJMQbuNw2WfmHVpyVcmoxGkKUG3ZKYVSPGe%2FgHTZXRVNEXPYVX9ixvh%2FJP5SL%2FIplTiIJV%2FpYA%3D%3D&mm_sceneid=1_0_7637543919_0&a=xxc%3Dad_ztc%26mi_id%3D0000U55gpXW9EZbL8naW90l123BZQys9boV1EWu-HXjcy64%26skuId%3D5930278434026&id=904741913012
735177583715,bearbrick 44代 积木熊盲盒确认款BE@RBRICK正品网红潮流,5,¥,,tb1308587_00,晨晨盲盒潮玩店,5年老店,21人付款,北京,公益宝贝,出售状态:现货 | 品牌:BE@RBRICK,http://g.search.alicdn.com/img/i4/1028900134/O1CN012qRvYF1CrQC9pmEnN_!!4611686018427381030-0-saturn_solar.jpg,http://click.simba.taobao.com/cc_im?p=BE%40RBRICK&s=613955241&k=2401&e=f8Txx0qULdrFytpSmcCKy0frll6uqiJYoF8S6P%2Fk9JS634yCRD48WA4lOoDhKMTT0OA%2BYX4XuQ3HjXhvCzNqmHcp3HdjjWRddb%2BzJvmCjE%2B7Ok05%2F92GYQ2Z7avq%2BPMXR5w4p2l7CDl9NK1s1aDtrAgR5Dpa3rAOMtIlxWPJcggrazAECvyJN1jOUNfT%2BkGri6KictLdQi4Em3l1e743BOL%2FEli7wnETNk4I92%2F8fF4hUz3QPFgfRKQoJipwWxNxJzOXr%2FcAa2svsW1%2B96y8rK4N1i17IuDI2JGgvL3AvJPJktJ8c9Ovm3VK7X8rx0lIC8pX%2B%2FZiCySk4ZTb2rWLwBQOgb6zDGu4itT0qT2RwpZ%2BF93pxsImk97xZq3GkRTbZe7VvhNYq41EF2BwrqT1k3saH%2FLGRNKeyVYW8sWgevRj3tRTVbJD2X8CIESLlQQP3Qs6ODyA1THJ4LB4tjc08BzKP45CA%2B30xCe3kzzLbOPkaHTI7TGmA83gddveJ0WvX9PLL8KGlNEAkvHUWugTGiGUUpzom4NkjuQ2hJxjVQ41dxp3h6CWrD5KaSk5CA5lNbEhL2UPakf3W967yj9NmUhqilt2nNAV1I9FU4xdz%2FTBdsVWLkNF0zX5CVAfUV4N6dQGrI3WtyhTiNUVBrVDLdFkj5lWdSuYgTtVbBVfq6StotuH6EPxayTppd341VJEiSxpbQtv5VwSZANtnFw97lnCMEn5f3yzh51zxihJyj4hlFKc6JuDZFPAg6AztmmzLp6nLv53mF4AQkl%2BMPKAue87PzpIwSdSU1OkO2Y92PdGm0DJiinvOXhu9g5gJ3K0k8ljDMxAn%2Fjp%2Ff9bDSMBR2GuokG1RJyyH3sIf1Fdby%2FJtRkBj85l2Aqgd7qcVeN9dODF%2BTL%2Fkt%2Fdclmh7vyRcGvdbnWvLSvEHpr9rAWyR3HgXS6ldYHN5oDZ%2FrPZA%2FwqJw8oBZhymakWxVGc%2BR2l496%2FbfpUyF25JZHD8tp%2F9VxX%2BBY9aPPmVsOsFCD06eAx1XCfm0MlNlnzO5tHNwDW5%2Bde5krvR99rUcY4LZrrS%2BqftYib0BjyTdkp00sme%2BeE1SGj5JJlUKJsc35X65%2F45kjegBLf67UhBvI9Pdks8VOGgrfZaQpSn5i9gSmrVnVrxwkKlTS6Q1X0mlEAmdnko%2F3SrneUfayJONxqSOUss3HpaU6nW1hpYJ%2Fc%2ByKTL44emXHgG5qFSE6SBmydcTK6whcZlKB3j3MxbjP50AHODZvWzaTzgQwgzSvW%2F%2FE3mmVZGmuRzEkZdr64NVm1BN4o5TDIKLMgM5HiY36xo7jIkHjIq55%2FRPpHpcKddzm1OJ0%2BPkppKTkIDmUj3ob9M5WovBImibrKl1iRSGqKW3ac0BVfPQglT8sxvLL8cQb5pueZuIuO3%2FIFSszMh9PBsVQiB%2Fz2r90f0q12NfkJUB9RXg3Xd6Jrsbu5ABpwComDBLurEPCI2OTtNXT%2BGA6cwIyD39Q4BdA0OhyJEmLa38VS8AiFF5DFNtUmq2vktgnKEITyP4mMzscL6H9Ptt3tW%2FxHIyyMyGUdRV5H6cgpgxURTImaGAempZAAc9NXQx069A2nbBFE7I3XoyXHxd0Vq0MPyhPogqfz17ZAoO7vFjBxsKcnDygFmHKZqUqvrtmx8l9vvQUojQwI65oB0ca4Og3LMycPKAWYcpmpozzdhgThTz9Wh92uLsq7pRG%2BI49E%2FvJKE7FRrZHmKhrESMFZ9pEPZTRAvLLsVDsZEQzBtSGx9GtDAtyMIvKysRNZzvbe4ut9vkg0Srml59lB%2BdCGy0MJO2ug5V7397S8O3633d%2FFkUekdeAaMgqiO2uAijhUDFapMLxQaiQjQNxDAtyMIvKysZARLDOZrVayaOqrB2amBmhkXgnh8%2Bghzdm84n%2F1i1m9egNAwwpBfs%2BtWSKzFar3VHKPD5KTQtfa%2Bi0ZGZRGdCHpJb9Ine%2BzVTFdJoNO%2FeDuTUwxbgMtI4Hikidp6Z74CWDeiRD9kigeoq1TrzmPqFyu4jxHXql7Dmk80IQk9yl%2Fu%2BnD8vWjj85bc6G5m55lnqu6EqmXoQ14zIfTwbFUIgcH6cFcdPuwPELRdMkURwoCy5V0C3o27kYUci35y%2BsQtD1vby3oGq%2BFCFK4K9aOsGF5vMLmL7oI%2F6z3dOIEuTG3jnGlRBU9DSnFOyIGFqs90XsmqlTRitHayikn64p9fo3x9wAXpo8SVVThtKkVlvdAgMt%2Fn5Hw2OyuGXgshIdciL24sBRou1BYx4IrMmcpj%2FIFWKa3qOqnBWkQywQ0AqDJOqxLotjhs3TdL23L4CFX4jX5CVAfUV4NSm3uhNFI6Pxn058W70XanIvK4I64hH2slgM1b7JzCd1O%2FqWT5%2B7RCUt2aCod3oz3&mm_sceneid=1_0_1028900134_0&a=xxc%3Dad_ztc%26mi_id%3D00002x1fgueesv80aveHCB9-_o3FxiUUX1dfae-m4k8pc98%26skuId%3D5083179689089&id=735177583715
904741913012,eb pay24小时在线背景全国长期EB PAY安全稳定靠谱在线eb,6,¥,,tb679938910,赵总ebpay稳定靠谱,,0人付款,北京,"24小时内发, 包邮",是否带画片:是 | 相框种类:PS相框,http://g.search2.alicdn.com/img/i2/7637543919/O1CN01EqfqUq1eoxEBbsetm_!!4611686018427382767-0-saturn_solar.jpg,http://click.simba.taobao.com/cc_im?p=BE%40RBRICK&s=1274753268&k=2361&e=LOTd%2BRSboh7UlMr8WkbOWkufHZM%2BQvYWBDn%2BGk2RYw3iC%2Byga3Nb2s9xJyISyBz9tt0umcFEvtr1W7IBEFJtZwFJiRoovvOOFYP7lAh4WaKfEQwUCKky%2FkCJwULp%2BrqkYJMoSOkSBe%2FRi2D8Md%2B87KFM%2B1reGuJ%2B43nCVIXclCgRfDsP8o1PTBvyaoXLZ4EzsdAyzR87IBxn%2BiUYOXmyKVEXDZ8A2TA%2FTAk5%2Bl22vsxt4r5mLsxI1A6mU9OZPv7aS1rHc2bbsWWUfKaLAo1P5yoNzYICvH2zAE1JWSN5UGrWLEVPgM4JRnQBYUZs7QFq2jpCqFfNTJbmJVe7k7Nmm2gh0wZujfx8sTDDuE1rYmeUoAcsgZ4mKrO16TmB64IfD6YjiznDDf2dbjSYGxrkh8fBFjHs8J98CyRizoprNC0bN5Oa4Ky6L66JbrjLdRR9NR6yC645d8we7IbhNxa4BbeZA1v5tZg6zA5SqE%2FcO4%2BP7k7mem%2FU2Ju7Y6SsnLFviVs%2BPXGTafSebAcfyrKm3EtKlCYRbzdvxPuJ8UNdyTOYhHupBfi60uNLen0eZlCBiQrXKuMuZQipJJMqJ3VI8P4wt%2FuJjiTo%2BtfeaPEvQlx5T%2BWhiJKd82F7DEuT%2FRCMLKRc%2FkqHCfm%2FntxZQ25QiNszYWNNlrGhyafVzYVKQbfY%2FcQXJsfNvBVlb8HKS6oiEHMgFKiQGe%2FCImmPDKDUsf2FFU9Bb%2BZtIbWieCrKv4PnW8xJlgwk0eWNOPmNWgibPsOp0q0m3A85rY8FUZQvIWigDO8VAYAJt4%2B3z61%2ByZoyqQBGVbcmFqnStd%2Fum%2Babb1uCc2R6d5Yu%2BjawlbiTJK5b4%2Fyd2fhYZS9PsB8wQSE3eDtjEsf1U5w%2Fcn880xnd4JtHAtAjWX%2BgPWPDm5Nb23XW9UBUYOZy0%2BuVi4ipP9z%2B%2BOUMQg2fy9W0lX6ywibdjzme4sGDr3EoZ5GqeJ%2BOgRhZeuMbW7OlmAmijs9AhOH5ce8dCpnbI6Oni45zdBaQ33%2FpCnUfYjtCPUNFHs18VJNXcVVDSnfZXd4DC%2F0B7hYCtXBDtHfZRhYerpUAryyKGCrmBxc8YkZSdjLOgWp9rbRoY%2FfxCV%2FVlKrYxspGXM0M3m0laOSURjfDqaIoVYD4yJeQHlz5Y%2BBUTA8gCrtKOklxbbBkIk8a%2BUuqIxVuXNiz7gRLAPMrXNLy6cXN1C9dB9m6bS7cnSAyzMrR56lhppU54P1GolPn2Vo1gTwI%2FGQAOgjVAOoas%2Blic5F11Gy%2BMyAhVTg03ONBgALQkpRUlj7wVqR95YsF1zkkLLRXJg%2F%2BiBCtGfZHj5pCTlns8FWpjiODdqmLEVPBY5w5tPZNOPt76EgK24t0MMYBVeeqyHK9%2BDwkDjiSIpQ21n93WF7MiG5upizQxc2trGDez8f8jPcytvXWaCfCtnB0%2F0pmm4HUVw4CsgJ%2B0jG9UTq3Jd2pW7uKh3y7E8QaxnnHiWcthYydJ2EPqcHxHAccIWIZ1PA7MH113X8bcp%2Bzbq2QSYIpichQZFn%2F5i7ZoRr41fciY3WB3NSzs8hLVCSe4%2FuywQNpD%2FCT82lKy9yZNYVFptT3ZqaVnT4aCFkM3LuuJsvBJikTK8zX2G4rcw5XCycmh7NmppWdPhoIWeJ2fB1uif1PPCgoVx1XQ8zaf3fGGQgng5aRSKLQJ7miHBrZ3hKMsgeVnH90IIL9fX9HENcynhPVdOVQnVFtmKWcK8CzhQJ8au2IxsznSs6qmkgqoIBvno4lucJxNdE3yNf%2B%2BMchs1sspqR%2Fg4%2FBPisjpDFOdGsI3zgW4iggO0MU9kUtHzGvnRmi4kh9FXQedVTnbCvjDo%2F9KxU4mvjvkRkgjPaox85HiecI24CpXjsHD51qeNNcZHgpc6WsdKX6Vgn%2BfY1Il6CWHNaoJT%2FCXCKgZNw1TsrQXTUk2pLEVqqMiPsJo0O9%2BBpB1tGSEMj6wWdr4rI3oXDzPO1VLc0wSNholxdiPqWs8bqPeI0uaNm8uPNrQIzhivBjtxqhyexy8xm096JfiXA%2FfYY1CH3tmXKk3AeXuyIRvc0ZG6e3AKjZFLqgsuICjgIXa0nIzIjZwBMY%2BPEzKb73Y%2BJmWu1KGh3lv64hWlQR2r%2FFg%2BYYQzN4RfIORekCPQO4Z5m6j0JviDpxMLMfWKn97Wuw0ldwjCAD%2FVrfNb8GpV%2BeC3kzXy2u2ox%2BZp1sG1P7fIHQ%2BjemlzZlFnCYkGy%2FEzBlwEdfJUlp1JynXYcP%2FZ7GuukXn9i5d4%2BzYOXLTKmUNtZ%2Fd1hezHgqgWHmb792LKRc%2FkqHCfnfKNpeE9ivsNlXVPFEy6BhnwxeRUY6HpKu8Br8fKnOUQ%3D%3D&mm_sceneid=1_0_7637543919_0&a=xxc%3Dad_ztc%26mi_id%3D0000U55gpXW9EZbL8naW90l126azlGb3oU9ePNZoMwq-my4%26skuId%3D5930278434026&id=904741913012
904741913012,eb pay24小时在线背景全国长期EB PAY安全稳定靠谱在线eb,6,¥,,tb679938910,ebpay全天在线,,0人付款,北京,"24小时内发, 包邮",是否带画片:是 | 相框种类:PS相框,http://g.search2.alicdn.com/img/i2/7637543919/O1CN01EqfqUq1eoxEBbsetm_!!4611686018427382767-0-saturn_solar.jpg,http://click.simba.taobao.com/cc_im?p=BE%40RBRICK&s=2095055535&k=2361&e=ie%2FAAkwDYMCIAl09tfdqnXE4kxaC8K%2Baar2bye%2ByUVRWVaWEn3vvQKgoM6aFvcSJIBOIYXwdGLnwm%2Fzdk5hPe2bdWndqMTYN0%2FSm8gVMVkRPJh9MTUU%2F9IIB0bC7Lbu8y54TWCXNC%2F4CmbyQlhsYktK8Dwq7cBk9v1ja7UORi3JY%2FSFZvM%2FuQ7BP7wGQ2FcoNzBGgopE0FgHJK2UMlCvRum%2BCkMJQfxcw5o5jgk8yioNbi3tgyfeftp9ASGmiKd%2FWx7FZ2PThk6ej4c8Q91Jyi6DonksPvrkChnE%2BZi67JI1eCfDPyhRF6ih1mDSKEmWorHeOdvKtOcVf9aKhJi7t%2F4SRP2Gs1yVXfCwnSYS4lgZqM1V8BFu8S2UF75H4RidPbc0KDi7H1UJXx8AabROdR%2FF%2BKYpmVMFQgBUaH1OY6WQddNMRawsqi%2FD7K5vZDozfDQx9ypiPGEphwzuTJDSx7K2Az7ofTvZl%2BSylFYYbB8imQC1KD5Rxg8kKNwNCQJJhnCGCWpAAfmDO58GapTCjjHG87rfZJQ1ZBNGnBlXzkJvEx3REP5ChrWyMKSo3gppSzoS4BMVAulq7aP8HuRRdMQJTKDuGpTM2pRazD%2FR3TW0nn4QR58Dwckq0FKljd7pi8J1qGE4%2BYtzqAKtgiHEKPhQfJ3HtomKP7InGvTRWWRMBm%2BZ4rwf2C1iBC8ve%2FhnBdSgNGsIVRxytL2LfA9KrF9%2FaXa3c6MPumBKmW8yV9%2BkHzTmKaOk24b9zrviih61gSCx7bX2PnwPyUGMCrOKL0NBCN%2BHTwvH0M51qDJnSiTEISgiKppWcpJZL48sHrsPsLdj12vPQX3shFnIfxou%2BepLXK6%2FZoVcYRBv67tu8q5o3pCPTv9kJSIa%2BMCGrrrSbVc08bhi4P5mnzePOdPLl1iQdn2BO4%2F19qWC2oKAexObn2K6pGknKMxwMvoCG35tRbxBJzlZLsCl6FR3vsip7xVUBvKiAYImCPKShGR1ZZOx6dxFKCZfKdssEP5YIkECXiKv0WjhGIDTaB6bLWNe4tmi0v5gAyT%2Fr02xvbm0HFQmOeTc8I%2BAZI%2FCbyeS9EwDQpOwfX6LaqpDGSqMYlFqvOlS64GT1ZWi8f3LhAN%2BHT3tel4iEi%2BRZiuldKU%2FjN90Gra8wazpC4dmyYaFXNDIo82Nj8zio1vbDZx744E71AmWdt3OAqrRCK5upw6Xeg%2BDWKhWQ3T%2FT68elfylvxnaVm9wCCmZj8BoY%2FKt55ptC3d8doIURPCvfORiJuqykEGk9eVR7sTyrHiJyX%2FALUvFj1GTFT8mHN1f7F2NK5tOhBED5X5lLteTKfOjURtChtzChYRkNEbOxpWliZUUdw0XX0PaNcO0NwvQm%2FugAayExovwAKFI%2BqjfQ1vre1ML5PGV5g0o9I5j7Xvl2QuE40ahvHeyTYH3ZwJKCykeWEczi9M9hm33unWe6ueStSzeTOmIteZ0PrQTtHaefPNE%2Ft0sTlAMdhDDJTcD7LxPYECGJZiMgLb99lUAOXxjJEKZywZI%2Ba%2FFyftq%2FbdoEhuHZJ7i4gqHTy7Juty9hguP3Lj23lnNafG0Il4kvn8brE0jwbeRYA4P6xKT5gt6cFUeKaVUWRNnr8wlsdqcfuQkE1ZqCxxgDg%2FrEpPmC0e7UWJh7phJKK%2BLGY%2FPkLjk630azcJ%2B8ReKZrQzVfYpUORMY%2F7pdMqNgCUmzyPDc5T39%2FewJisuYMoTPU1tpvS8Xit8Qc55o5zrn75NWA6Ha%2Fz54p9BNCmYLOFOnHKBTuC1msCxrA%2BplXF9zx7RkBfuevIhjw3IrQ%2FCgitDa6cJ1vNmpKKTT9Ddw%2BXU%2BTye4SPpEypDCTmmrkkG0oFpufGLDi0mnD%2BBXfThsU2pfsufiQWZYMQ6bD3fzj32r5Bp%2F3iy%2FVf4kxYTFuUZeSqXsE1e4%2F0JBEqnjpcUc6GeWeQ3K8CZhJ%2B2pUk%2FqCC5attV9%2Bp1jKBD4Vgs21MsZdNoJZ%2FiLHgW428HDOEun4cYwjHkCpk0Tln8ieAxcwYL6PBbrnZIkxhNq1N%2BIEYkrscgZCvrYUih1xnGnp6kLd9W6VSwk5h1wwAyt4fSDZeAJV6SwsXFqkiaoWeAD8lBjAqzii9DQQjfh08Lx9DOdagyZ0okxCEoIiqaVnKSWS%2BPLB67D7C3Y9drz0F97IRZyH8aLvnqS1yuv2aFXGEQb%2Bu7bvKuaN6Qj07%2FZCUiGvjAhq660hO2U3yOeqiUgplz3gKc01DD%2FV2FSfm90ViQdn2BO4%2F19qWC2oKAexPM6yIdfcQhrBrHO%2Bnj%2FPgg86NRG0KG3ML3Fioi7lzwsbvPtL851BnJ1NcFrYEIIYIzRTXzy5g1jA%3D%3D&mm_sceneid=1_0_7637543919_0&a=xxc%3Dad_ztc%26mi_id%3D0000U55gpXW9EZbL8naW90l12zy0GU_8Pg3kIo5qDnUjKDo%26skuId%3D5930278434026&id=904741913012
735177583715,bearbrick 44代 积木熊盲盒确认款BE@RBRICK正品网红潮流,5,¥,,tb1308587_00,晨晨盲盒潮玩店,5年老店,21人付款,北京,公益宝贝,出售状态:现货 | 品牌:BE@RBRICK,http://g.search.alicdn.com/img/i4/1028900134/O1CN012qRvYF1CrQC9pmEnN_!!4611686018427381030-0-saturn_solar.jpg,http://click.simba.taobao.com/cc_im?p=BE%40RBRICK&s=1387675267&k=2401&e=T6KU3Ka9CZ03fp0oZzlg9Z9%2FmPOr1LRYfbA3CAKtR2zMxAc%2BvN0mE62f%2B%2FIJdJZEKD1x8aVEMFIwQaMonH4j06xnXG5v%2FcDGSWjmI%2BVuialXbRcTYI0YiMkbAziyNXr0%2FCBD9%2FDW7qh9uls0CM1tWmpATDpWgOzG3IrrtG6QVUaFA2tBCgh2g73GX2wY28dGoPEi8jDQcYurdO%2FrPTDrXSVvX%2B9keNZKeXBMxyhAtE1sk%2F2U2hROf8l5zkgngk6FdUWEplxufu4hxeNp53XbJjIVatOfRA8ascmNqpifPnK8CWKa1n31d1rtpWyxUxZP%2BsD9Cib9IbINQhN38g0sm1JUUkqGOfSwynFf5vPj%2FLAyDrLHEbOlv07HvHH9F83hS6ENecnQ3xIvsb5Qaq1ahvY1TC8M1XfwW7T3ZKpawwvif1HVsgDeSL%2BL3Zquh1wTGbkTMlzwGnW73pj48vAp43NAXcNRekd7xwpUL30hGTfMa1xwFL5SfwvbYrivyDhzPjnlE8WrMlwGC%2BfzuTa52vlwtqBb8%2BYrFjY4%2BbtWJxy7fGdliOuiUYjov4ZxqkAGwaZskREML50k3J8zpiRFssCGj%2FSrsB3GsnRy5F8qkImVJKQgpR80LE4yPe1P0EhihoWEEZbxDFr3jAYWzuda8bw3VDDbgP8aehfX5N4R9kDAaRf1%2BxYy0BTebEpcWKhyP0Wxi3BuV0%2FQjW0emFHLbQF8ip9FpMNY3aNV0onPW4X5cLagW%2FPmKw%2BIRWfspq4TR0dJrG%2FB9qbQwTU9bvYS3TeVfXjThaWNeXh0G2uDnKgfEV8O1DEdTIWgEPaIxPeBS5oM%2B4uYdcRk0xqJPACR4zII07ANnzfl3VmuUdohoGDy1G4M%2FHl60xy5J%2FXFz%2BvQA414OXczx6gWO2QJjxNLyOUhlKQBN5XoW%2BmqTbU1AuQ4ENK5J6Y83KfNRQA6MiPFgg2TAL5HP8MToihII8fsyqXy8FBMgUEP0sEFSu1OzDVBh8uuWuyqe4JhXdkKHCYQ988zuiSS60JJSJtZqzTzXtcn6ZAEPTYCoML6HQIr17tQcXg1Jz8cwbCxNeZBGfBWV57IEHAz5xYDU%2FNjFe2kHL73eUDqZyuhO4vb7IDfP5ETUzFGfD5OZwRdiHkbVkY%2FsRTvGI2lFFs%2F%2Fj8RHhfbX2JHkXZTi9SqQKYKu%2BJNvHS2sci14Q1W0bjKlU%2B%2F%2FcSV9HXgLSUJxrL47lmRZFwBsMRULw9k29RauGR1Yfkma9Wjeg0YAtH2KHbk3r6B9XMukVEgS1xCjBFGNuJg7iDZf3RrEuG%2Fqwcaz61Mpm4D6Lz2fqx9%2F3DDOHZmt6d0DuvXiOi%2FhnGqQAa%2BRTmjfBnfXQHzxkvLoKqPwIaP9KuwHcYcyILQcQVSIiFFLw74vB769Sel1yxmMiT8clOmHUmqfISFyuAlLuMCTjI97U%2FQSGKXZjpQF%2B12jtoKeofaNoQ3DrGjlcXnNMAS8nMT7k97VVKOdKzUADSVX3%2BR5RURUyp3EHtshrp7%2BLoDIjXUf1%2BPK1xPKQ0MZxYaoxnnuIlUSB9L9XuzH%2FmcpacobwPdLv617EnwVLJbjNkAUFhoWzYIBKKifoMxp1Qehv3xgD19FRc%2BvILbK%2F98N%2F0mYGFktiyCDZMAvkc%2Fw78Pth%2FLEmTYlPW%2FCblnvf3wxqSYcV%2FG3oINkwC%2BRz%2FDcq0LqL%2BQrr%2BQzT2uJItTRHDYDckFObYg0SYgIq420qRsPNtX%2Fyf2gyJofGyn3Qbmfo%2Bgbv7oe%2FlM9wzXpcIbkc48xOCIfzbjKOkEI0LZzON3kFUw6Bl%2Bf9lyEy9vqwVCdULrb0I%2B%2Fms5TqacrHI3qlGzzVvfgdD8xvCx5ky5%2FYhM9wzXpcIbkXBijd520LJNejdyLcfF3IqqRfEBGRZhWhAo8q08BFJtTrMP6W7IrhEqBsY37QdDotRvZLhxQokuvnabwmOClsKkqaH99eQ8Ot7RsitDVXJUCJ5Ju4woeA3ieLFtiWckaOuD6E2MSDwSj%2BIdevuv4CWeV1d%2B7ZFlfSj1DTuw7INC%2FQAIR%2Ba4YjhG387xMDggeiage0%2FYcG4O%2FHJTph1JqnyCEiZ23jGxU7xth%2FJlI3%2FwCnOrY5y9FkxBMpw6sjmGQh%2B8YHBGsuXxa0XSrCBvZtT%2Bxu7qY4oGRE8tBvMKFByjE1SegooFjOp%2BnYOmzjV9e6vDput0WvpWSS5uR1fud00HVNTEjI%2Flfan9%2FglM1FGqhwolO%2Bce60TLEkCqekKmko5FxxPzRNs2qMDiTRQ89aqcuuKhpXwnnzYhnhFMwJOy7bsCP5ikPpzXv9dOhBBLQk4yPe1P0Ehi4elfN4eqGgocfJFiSXGTQSUDU31YIU5nMhRHc113vt488VNeDTqvxy1j5cHMtss%2B&mm_sceneid=1_0_1028900134_0&a=xxc%3Dad_ztc%26mi_id%3D00002x1fgueesv80aveHCB9-_uF_SCk28K0XtlJSQoj9hJ4%26skuId%3D5083179689089&id=735177583715
735177583715,bearbrick 44代 积木熊盲盒确认款BE@RBRICK正品网红潮流,5,¥,,tb1308587_00,晨晨盲盒潮玩店,5年老店,21人付款,北京,公益宝贝,出售状态:现货 | 品牌:BE@RBRICK,http://g.search.alicdn.com/img/i4/1028900134/O1CN012qRvYF1CrQC9pmEnN_!!4611686018427381030-0-saturn_solar.jpg,http://click.simba.taobao.com/cc_im?p=BE%40RBRICK&s=552370956&k=2401&e=6jnOjaEvgjUCKi64LikHmMcUYjzGjrN9JRITVss%2B%2BjBhjBk21b3oI24vKj0vH1rp9RwUft3VaO5sX4%2F4%2F58FmZaaavWzpGX8QFTs2C6pwVUY3xmjVqQrsq5pZFdzKrS38OY7xwVJc9yzknFI%2Fdw%2FRDOBJmFB5qeLJrbxYMh4Il0ISPl8Nag5C89GqoXWvJMLpx9v9yl%2FjKErk09N3GwXDBjRyAaD4KBXxdFHUzPo%2BpQdyuUZ%2B4pLncKzO2FcEbnrJcWMf9xwm0ME%2BkP2GXTmM60u723nw2EJfRyq01RE5J3pZN3lzL12aIL2E%2Bnk94LT6t4ZMWD7P3g90hzu62S05t8HOnmp6txUzgi0faMc3u5d3naJ19kliSh2dY1fjHt5PH8wZh%2Fyh6UKewQa7jB7T%2FDwE26LYC%2B1Az1iFMzr5CV0AhDWAF22%2F7qfTZOFgemvNq4Dy6k5ZXM%2B7Sa9%2BvtdSjS43GjHSK3B5wlHZS0FFNgQ2sone2h7lD3wOJkjtLBPK8MnJOrGtFX8W1564Y%2Fy5kmuE1InNsO2lvgqjc%2Ff4MIKR2cMm8GMNFEgdfF07XWPdnAXT%2FX7mDULZeDnmep%2FGe5o2Fo075VnOI%2FhP66j2NxrCCvmwyPFX%2Bmo15ox6%2BxUxsNrjCv8XzCOXU8oDLALpl5iHSLN0uQQiBe%2FBeDyYpK8uyZ%2F6q%2F%2F1mdQAbwhkZNMxWdKJIRTaLa9gnYb4GqhLmQUGAsPNQ2EskuTTmNNaTVJrhNSJzbDth0E5ZknLMUsEdktO%2BEs6w2gL2m7DuhpJgMGeM8W1AqVVvfLttZNhiJoo0%2B3vsfES%2FrOJ5HOANPbU62QGd0QDFCUuwDR%2F%2FQtO4ITkMxmgvvA1cAhj%2FGBc0hiKdHOssx4OGbJGh3%2Fj7xIF3to7ci6ZVQRE7GWZKr51cjYwhtvNmooaI2j%2B%2Br3TFtJse1thY58I0%2F7QFbWEMNikqqH81YAWagh8kSGZhiXcQjM%2FsBAYootBCCytsyT6%2Bumkr72aizHkh%2Buf1RCP9FlZY9chdBiLNn6v%2BTG3jG2ULksNv0II%2FCsUhRbq3csZXkwXYnrCnyvGpUiu5Nl2%2FtNP1Gn8HV3DBeeYpdj4muJdoGugCYeQ6cYMb7Nj1MGaKetw1%2BiVmT0vST73iE4hQdIX3rDj3vqHJTgEc9g1wEUsBDskcu%2BQdatDOTVhWtxqJ8oKQIQ7HSb2ouwfRhtvR71v1vZrQx51AWMvYw70SUBBv0aBx8ai0V0w6l%2Bjebb79%2FaRVWBYNQ3Pg4GDICUPkwD2UI%2F89HrPcOO1WFPsrvt1NWKu8ZI8hwJbUBhnj651qfi6ccHThBV3TWmOGskzVbhUSB18XTtdY%2BzhS9RvMV2FkZHmka3yCp67mjYWjTvlWcfu3I1nA2i7CYplxeaCUcR9pIk1%2FoF0FJ%2FEa3uECGhrSgl%2F86YAiN86ajXmjHr7FTljwSbyXd9vXIEbdh2JEFVKuRPreTMlCIwH0As4s2x7r3FMyZLAmGuW%2Fp8gWTSoH1907ikxthPuVHcd3%2B6t2f6LRfEF3wvC7LAAypS0JvOXAXKq%2BxUfhPvzG9l7Iiu%2BWIMUvd56TgLXV%2Ft9nwKf0oe%2B5ufXQJAr0%2F1FKxPSoJHw1OIE6bdP1hJOysj%2FSGuPOGSqofzVgBZqJyFWxH97vekrQwF3%2FHAN19T8e02Tx6ixpKqh%2FNWAFmonc1OKmK0c0njNmrZC4b9VhTFNA5xA9JXpX3fA%2B3JWhf2GaS6pOzkTPXNe7K9abLq525KXLRrEJ1VeQGPMSJZSd63ItHHg%2F6bDsyulMjE%2B2U4l1PxykxzmDzUpvqRRvqZUdNi0xmPQrcVMi9YpUeUs5Wor2hxxwdvwgzPtsEmO0lVeQGPMSJZSWhNbmEGyJIxvJitsZU8lAXjv1PTw30Xm63DDMJ5JPOWLbrbdfDZCuAEwQivyk2gEPPUK8AkHVpkOXpuYO92RqHD0mZbYOg78gaHUT3ZhEAtBO60IdF%2Fq%2Br2aeV3qmKq08DWtVcGKR7zx9dKeyfXlc1lv5AKudKBC%2FhqndxlFxL%2BBmoRqY9k4IYn%2FpMcubvVrBNadNN7AInkfxGt7hAhoa1z43P87SEyYqe6xaJb3%2F%2FJd75GzEUGNWbOi79B%2FLvTIPir5CeNoZz1fb%2F6YJHXWQog0AXoBKsbycBKycEaPW16%2BFfoOhYmZNOSC%2B8Orz6CR%2FJJ072%2BCJPP9nziGwblgW0X7IeiDEYAVEgo7BDXWDbqca%2BztykMkc3CE8%2BO9g0mjs20LS9XkONLZp3hiuCndGxLrKk0Ir%2FHRxL6H1HwMbVW6HR9YnjKERKNZZi6kpnBu%2Bmo15ox6%2BxUg%2FL0AUfdJwkYw6FryPWIHMXRrnIETSxoMhN2oZJ9mDIEXF5C3gI8k7HejBkZHMcU&mm_sceneid=1_0_1028900134_0&a=xxc%3Dad_ztc%26mi_id%3D00002x1fgueesv80aveHCB9-_mTO_oegtdAGUZ15iRvmtQE%26skuId%3D5083179689089&id=735177583715
904741913012,eb pay24小时在线背景全国长期EB PAY安全稳定靠谱在线eb,6,¥,,tb679938910,ebpay全天在线,,0人付款,北京,"24小时内发, 包邮",是否带画片:是 | 相框种类:PS相框,http://g.search2.alicdn.com/img/i2/7637543919/O1CN01EqfqUq1eoxEBbsetm_!!4611686018427382767-0-saturn_solar.jpg,http://click.simba.taobao.com/cc_im?p=BE%40RBRICK&s=2070962582&k=2361&e=SpyOHNeLvKZ41PcOLIaEBrCCGWNNy27%2B2OwFVcjxKajv2XABLhXi8H7j6puAWgKb%2FLYajrSuEzsosL0HaSrfqjn2P9xIvQzQQwMDNQyFD6AbsOV6OSFHa3Gg54tPdDUpZz85Ox%2FYzF2cnaZbBAhZWj5cQfqJ6WLd%2FPcS2cr%2FJglMrRg42hltOdxII%2BrwIwf8bVzyy0bJOq7q8OdfBZBQEAwbF2HWsCtJVUmetL9XDNAjNk6yFRGyWWz1BhV0FfSVezjdNRP8%2BExCKxI3LTtWqwlaPzeFJ1EROEWr81pFDdeOl61PbcKUI7T1p0vdCcH82d%2F4ZHgzKxba19fvgLZA3UNGg2lkZKauH8YO%2BlQF9PkE8CF9r8XNMMJx1m5%2BQ1VisjwQlgA%2F2fbgElsN5A3%2BB72djnSh6e2B83p%2F4vBXWrMoo6jw7ZNNBi2Cqe662Zk%2BEzKl8csNp98U3%2BHNTX39bngKeSR0gvgXTbBn0D2LAm8nfEey%2FicoIAa5b82lBpeJ%2BOEV5uZxgzZn9KdumNW6OMPLGHo8kQ1n56FnO5YuYl4tybq1%2FS9yGUvV75%2FPxkTWs6Bva%2BsEXbYRDgMV4H0NrfZKzNA47EZjVaOGY0QsvUu%2FmaSrwFZ92WRbYuD73GnD7lOL7b8npcCf%2BetmsDheS4PU74r2ztvjyfhVKTI5iMv%2BT%2F3AoTE05o1z1ahCzkj9GXtTqrTGsZfG6H3UAlOcYa8dYLm1W%2B%2FUQTylua94KxP86qzpqZuIaE1WxXp3xYolVuQ8cf4K3E4cGy9O60zCVOJHo8p7ABiGCABtL2fEwlMbGW5BjPQduyugsyLqQpF4YS3Bs%2Bq%2FBNCZ18Vl9lpF7H7dnQGFzJLUsRUwiisWOaFodgjV5cWo9tXH29eyN%2F0meQa999RSEJbv8lltV%2Fnln%2BCq83jAWnBvVW06NO1vLRDH5eKaTGl5xkRtRjHfxV1mxspZzFF2ApujD0jimXCirpyGEbHt0fFqBuAB5MdrKnUSDW1YYI4%2B3qeaHs0ivLBM4FvvqbUkt50zjxa2x2ut%2F5k8B%2FnfdAtwKyX35Fk3w%2F9qkQReHZ8d1NcUb%2FqZRZsLp6x25CpeJddimgVYXT3ldaJELjR4rTctVomMMQF0sOLOX19VQTeWhDzHGSXi%2FaMHeyHNEF41zNustMKaVsZjw%2FIpYUBOYbXYlHsReMNW6w0C1iLUTLpCuH77wHEdm8lP4WAmZtd9%2BaDqyV1tYfBBUtTwq31ODMSSscSNgRDvH5qQh6i00cuNKda%2BhmtR3qUbq7bBHDOH%2BT34cZUE7h%2BhtiOgx3mYgSBRJMdziXlb%2BQD%2F6cQtW4uc85PhOdXMgMTyfLTKV9uiX70jK6GadGKR7Gv4xwyJv8TYrj5ZltCGU608aq5Nnu1uvDxJBgvNr31qgWmF%2FLPNDGumY%2FC%2Fk%2F2wR9Q%2BkHZ73kTl1MRSC8xewU87nuXL%2FYKOikYptX%2BeFa9Khx9smhYuU3UE4rXFC3j31cFdM2IyCXGiBYUboLkVfgQSdOsOktdNgHXX1MScSh7tEzBI81SaMQnlEyGc8tYtjkUjGQ3nYdCyb7JsJQBD9J25wJZxsUMjwWVUcPbCbS5EwfnbNG6c1c%2F9mtFCFykbQ%2Fe7HxrqDCCuHbIQKbfhogLB%2Bds0bpzVz%2BW3I3CvU23ccaDni090NSlqTMh0WBOjEtuPgOpEkNz0U3zkjMWCGN2hmiGmGWLSOCoWxUP4Xu12HQbSZsGXyx6iVMwp72teVp4lqSxRR418jfd8lD%2BzLHbChU7wFT612lylU%2FSO4SfCmm2GUy2vbSLZJo8kaYgG%2FsYWGgRGkRHcDS4ELnIeie7HSdUCFc1RWutSzDpPsaSSb4nqe15EBaWcOYk2WuKKSSk%2B45Tz1cuKwBLfRalzRaB4vOoOAKuvRaMnxqATgfVWr9HTTZedOLiNbZaVtukKmGKByV5vFOgXY1OugRdxDIAVOn%2FCA0uKjQ1yT3mtp10xj%2FYGtsanYKu92iIkt4Zc9PJqB6N7BaDILrSLOG4Lgs%2BpreLZyThPguXkrZb6IBznP6mJ7u5A3e3V5YQdhToSYwS%2F%2FDPcWX0ysiO8hvlNvxFlsQjpMbOwKEaty1By5IDCYzFWN4aitSziR6PKewAYhggAbS9nxMJTGxluQYz0HbsroLMi6kKReGEtwbPqvwTQmdfFZfZaRex%2B3Z0BhcyS1LEVMIorFjmhaHYI1eXFqPbVx9vXsjf9JnkGvffUUhCWI8CEfsIh5xsp30l1HwUeyeCq83jAWnBvVW06NO1vLRCiAlArwyIhwl6Dak1IhuaUk%2BE51cyAxPJrLGDCznLy%2FbsP2tRzmwDVob8RDI3lfN6OLbB%2Fb7Y7BA%3D%3D&mm_sceneid=1_0_7637543919_0&a=xxc%3Dad_ztc%26mi_id%3D0000U55gpXW9EZbL8naW90l120P9y2TMlZgRQ0R4fQAkJ-c%26skuId%3D5930278434026&id=904741913012
735177583715,bearbrick 44代 积木熊盲盒确认款BE@RBRICK正品网红潮流,5,¥,,tb1308587_00,晨晨盲盒潮玩店,5年老店,21人付款,北京,公益宝贝,出售状态:现货 | 品牌:BE@RBRICK,http://g.search.alicdn.com/img/i4/1028900134/O1CN012qRvYF1CrQC9pmEnN_!!4611686018427381030-0-saturn_solar.jpg,http://click.simba.taobao.com/cc_im?p=BE%40RBRICK&s=971618653&k=2401&e=kfru8K06HpjFGlXEbQR%2FIOZPK4uM2Pr71ez%2BuoHitO7WJfZrGVFFVrfQxdKnDVZtYaOPR8D6mTBLQ6rUcAwK%2B7vzsd13TZp9TV2d%2FbGQ9IZV1p2qlzi29Z0J2qqIc214XKKyYH4Ov4yaYJs6snLxoTpv1mYEx4wYCpSDgcQ%2B%2BZ6gWWLZyjoEP9d2dmVFmgzn%2BmhM5D4bOkcEuKHmYBxo%2Bv5N5OxuH5ArNUEhhQ9YMZFRrj3pVvlFqyYJbmIBwehprzKIN4AHeiotLAu6I2rN3G3EHI895eWU2QoW0Uu8xm88qnRCaUcC95tOvqduyuMIVexKk4J%2F3QnBg9gdN5lJZY4Ij0jQJ%2B8NsUS77%2FnZu7ZqtJyAvUV27G2tk51wp1QGMQIyGXF0mb%2FlwLz4pDYaLwxJtBNMqqfvLasMez4IPzhmPcolkvxvjCZN2uBXZqTbLaDCwUGuP6L2j9htObTgw9d18pTfW3fmLM55wgjcsLaV0MHo2VhicPG0k5sf8AQj9UduY8pH%2BjLZp10i5bwK1RCRNkz1LEcmTWsAMoFCLYMVrBQqot6tP1wXfX97J9yFeHkPQ3XQciLepf1llQMTSdCApAQ3Ar98hdNyaI%2FD2PvQkASUSuY53DHeq7xu2YNiGtY3rOdNSl8lNpihZo0EwhvGV2krLLJGObELVoN1l186Uhlp2Vk41rPHEcK%2BfEv1VR5kDjhFCnC7eevXj19S%2F9HIxQjCTtBxhndqxx7YdMAQkTZM9SxHJs8eqHZTyxzOmqizAm%2FL3mJ4sHCIre5zuuqxBRHjDJ%2Bf1xvs1R3BCPSPFKYQ8TTfKWn9JbnC18pHlleJHE2I8IxwFzDgn4GtoiHX49VE4VZq%2BqxMjCTqK2F0F0K0xolvS06EsO98%2FBZ06UAyPxeZwv1%2F0NNuluqycwH4RPA2LKCx4R8RwSAbPlMuaP1Znpp8r4Cb%2BbGZbXe%2Bj%2FzEwFMJUtVacfFNU3qhoRxKdeDZsRCL0GaBdaaoubezNfIFNvLQnmc2r%2Fo9BRH0CY6BKfF4ubqr8UBTflqidXtS1h0tgJK50dc9KZi5gbkudkx7WbeIG17qlSsM6mNnLc7cAnm0L7IhgYNP9PKzfctJJgpNHiOORQI8%2B4vBn9%2BCzztb%2B7qaDiXvDQFohjrj74Uq0P6WhsaMFnXdc7zA2ixJ2r03nQaXOMIMVgcWPivzjiM%2BfTZlLvCCJcrweOsjJghdt70aUeL76W5jOYu6FLpoAZ6rVSrdC7bckEPMHQT9DzNdskB14hv4EiTtePeF5p3ttn9m4U4Wp9uevjaWHvGdMZcwsPA%2BfDIu5qyUBLlTgECtqYm6RZd%2FeIhU4wfwXBd9f3sn3IWAQocpbrFdpT%2FOpRKtjg%2FI0ICkBDcCv3wsBmd0BTzv1Ot7d3dP5plj0eRc8M3L6v3a0D%2FHc5Ah3CQHMYTV8GoQMd6rvG7Zg2JevGPt1Bs1%2B%2BF887HYZw%2FEaPSr7pOEPZ8dw0YnQu6ZYw8GVbvJ1%2BQF4WOAPKtu6SkDV6p2AoXuAg%2F%2FkB7O6xnbqSfyv02cqxBwHZCGI7dDY1WW1B8by827gMPqDQ2jbj%2BBaqHBIxlNCxAuoANClaqKiM6DWXB3U5CvNpQ6kG5VDUV%2BijyEdC%2Ffcd%2BR0HHh9RKP%2FMTAUwlS1TN9NeEOm4n0%2FvryGPiuHidFnbhxUKJn6o%2F8xMBTCVLVqiDBMhhGtzDpRyilXh9efUSHis43SCUdx8mCIRxs03wAwF1MKFDa2MYxebz15IHVewJHnvWQT5UfP9XHtJcczxijw82oumJ7zowJxykX724rhvn2mb%2Bsk9QgHtIBPs2o%2Fvr73wF7URPj6IkUGWc6xiLTk%2FefjxMzMl1vNb89rf2DE%2BEVxKqjteetC%2FlMxmqSDaiWp%2Bte7z4Y5WGnKw5JJ91TtQ1UcXHiDiYH%2BmmPSOOlDsBMGo6EyxL0n9lyEP1meZ5%2FNQZtIrqsypVIfUpHXdgga4LuLw%2ForYKDnZJDlVkwYdY7smbZMkc9S%2FmfcFrKrFBkz4Oip8ljDSJwHJVTJ9j03kO7weJwstj35wQXw0axYuF8niseXcx4DBxhC%2BLb2tA%2Fx3OQIdwUTX7Lepo7%2Fn029583AFWBo9%2FPNjNvkqbvL8s3lPUPfxjVbdHX7FgZaJ7mD7m1F%2BqsVX1Ccd3tyAdu2JFM9%2FKEHaAVZvG%2BTUe9j%2F8WXh2pZ5g%2FhZ4ySWVAB%2Fa%2FYlFxJ85JXcLeSr2gNil%2BtYsmc5Rq53vM4LpSMiwroh9uEziTs0GiqtRBd0Td86%2B5QMV0zpMQUar3OUUcZuodRWPnMciVQRc%2FTDUbcItn6xTo%2FW2OiTHeq7xu2YNi4WpdMFyC%2FQJKp4FGqMg9xq3qlTgCJypgxfl3ggVp6Ad0cF%2FV8v5pTVP1%2FQ3bEEZ9&mm_sceneid=1_0_1028900134_0&a=xxc%3Dad_ztc%26mi_id%3D00002x1fgueesv80aveHCB9-_hiTqmY5GbKUD-nKSvl1k_w%26skuId%3D5083179689089&id=735177583715
904741913012,eb pay24小时在线背景全国长期EB PAY安全稳定靠谱在线eb,6,¥,,tb679938910,ebpay全天在线,,0人付款,北京,"24小时内发, 包邮",是否带画片:是 | 相框种类:PS相框,http://g.search2.alicdn.com/img/i2/7637543919/O1CN01EqfqUq1eoxEBbsetm_!!4611686018427382767-0-saturn_solar.jpg,http://click.simba.taobao.com/cc_im?p=BE%40RBRICK&s=2069983354&k=2361&e=InwB%2B66y6VjpCHburNXCnVf6vd1Ru3sMV7pedHBQ3wK2tsmpXbCducc85GoDujCPnOEBJeaBVLkaVJopoBQCMKymh0bp03aWEN9EomZswWgfV%2Bv8xh%2FxFkVKgUs5ZWcSR0p9SICzm846o54uTF5W%2B0oSv7jwM1%2FljVEPQl4ffYNavI26H6%2F15ld881d5gwYCP1G%2FPq13q5sAGFOHMASaPOCpxWv8r4DPdPuV3Zd18xZ1QLLPXaJgBbNA0e6B5SX9LV%2FH%2BE7K1C4m9kzQdWaBx4fr6L6fm89YP6i%2F5iVYiX7OoJgyez%2BD0g2TyuMjtYP6X4CqlRiPlVob3fo7MJM8MMzRsi75rTUOp87Ng3XmNyLEw%2B24drqgiZ1S1vPauxGQ5VhCn%2By9MD6KdU4PPyhJrDap4yplE%2Bg0jEEOzFPvVIizCBGR2jg224yupJeN73hEE5zSMA9XHzTrDjPdlO20%2FMGigIYZ4OixI%2FuaU1kVMjQ87fJKBRXL3oY3LHT2JCj9AhhaVDvmz0RZnZqKQ%2BF31GPP98rc7fwUOP%2F4nJ37w31OwkNfAgd9hJihx54hL1k3Mp%2FX%2BYh%2FRf2a3cdd7ztinyMx5iMvw5Kbu2Nf8DQxaBdyzuBJvBs9QctFesONwnSzl5LKefOO5dyzlgiXcXiUPmDN6JAfMoTYY8maYyYWs28L4K4mvc632SXr%2FRaJ5EmkmUPhPu3cFn1yWHNk%2F35%2BBqH7aEfHEKKjIDAgpQ9mdMUKxg6pqLsQ%2BhZBTzlY9HaAVmo4tVbx4RduoWEJtYZEn6mSpaXgwsxI2WiekGBef03YpdOhsGnAbQnlbE5nM4G8hScnuslbYeHi6PFocYGL72DKaFeZk4zXUs3DAYyVJ8cpnenKiXNgo2erqa%2F7M3vxkDNFevb3peQ9ZVss7WnDR9GfxPVM%2F83Q9RNaVVPnMPkoZiRd1RJVgSeCAe1v40tfXyyhNJr7GlvGHn5VSvlr7h7BgOXeL0HmhmuR84W5nalBST7nQ1TOPJ06j3eRHJIkJmYxP4AtpX%2BqlNlXa5Uw0gPhbgeld9r%2BBKEUiBH2KBS1aa26H7y6pMahDf2Zv%2F1CZYx%2FM4pYLFMqDLc%2F5G4rR3LhFbbhqFAwmHT5cphKJLulVg4nyOimg687nyemOLhJF%2BYGOKPr5x9VVzCo22yGoKqg4ArB%2FGUo0CenecdlVg4usCceU%2FhwrRm0VWFbWccinPK1EkAejjZMHGiyQs7dgGsNysApyW1ozT%2F0U6tGv%2BDhz%2BJoGpfv0wwXe58moK5lvv5ngayJ9QrLiIRr5lQPbVMApFzklo%2FUDMSmDRK6C%2BOb9%2Fhd5hO8L2l9lNwlphDXcsOh%2F%2Fi8P0EJqsUOZC9hUVRPFYQ8kClOlFCZKkSVAROkZX%2BJhGrxueKXl82d188Rmm1aDTCJy7A6T54CX%2FPyumByW%2FmXWA6FXamCBEf4h6TZe1qj%2Br%2BaaWssVLI0Zj9zuiQzev93vSOosxIH%2Bid6gTo7Pb0iOzIZCIlokyGNS6ugNLLBo6wPQ0xi4i1Z%2FoRI0T%2B5Zve0wGimMbTsrfi60hgsq%2BI4jXeWKp9ZscCNZT%2Bbfj7RvC%2BB7Ee7N2D3GxauXRfEwpVBppDPbdKnINRtwYa227T5oeuF1%2FDa7HxYjmBdF8TClUGmkFUHp4GoOswTX768FzWSKCUnShmyzBkCMlRwgu3fHMFJlbyxjHS7y9moWx4R%2BepGdLWERzMeBykxFZhb%2B0k8yk2LZNERfVnK2kkbeTF1jwIA0w8NhCh7YTqVPzWhxRMrh1gCbs%2FmgysWyoSeVW6cVMl%2B93CPKK1Wvf7nMXVEfC%2FwciYxSIUu4xP3i4wXv9nMwOTd4o1DUZvf770bMGkX%2BTj34XM%2B75gKgEmOlzD%2BYvavD9GidAFPZ%2B5Q8Nw2tlgeGjCGmFjy1k2P5TLH1cJfSLZ88ci1KGTiL%2BoMFFYomDtEzjCzCX1mYIoOOZOzIJ8grJKAKjQp9tq4XbZ56D7LI%2B2eMT7AtUP9dotVO%2FP8kA20nHvEgCBx%2FrLMwnbu%2BNA7umVLvpO3INTRlb9N6LrxAsBcGcKmY4kMOTSoSjdehOol5U4fJUiOJRWEfhnKAHKxUeis7DwgiREDbqFhCbWGRJ%2BpkqWl4MLMSNlonpBgXn9N2KXTobBpwG0J5WxOZzOBvIUnJ7rJW2Hh4ujxaHGBi%2B9gymhXmZOM11LNwwGMlSfHKZ3pyolzYKNnq6mv%2BzN78UUBLpYVpv7p2GX%2F47z37AI94trnTCwCxNGfxPVM%2F83Q9RNaVVPnMPmFW2BT%2FGK8OF4iiuObug8waX2U3CWmENfTPqkMGtZlOBPs8Prr1dU0BiLQxr9MR%2BBHhmF4kbehMw%3D%3D&mm_sceneid=1_0_7637543919_0&a=xxc%3Dad_ztc%26mi_id%3D0000U55gpXW9EZbL8naW90l121UjXcOwUFrfwEpa0MViQys%26skuId%3D5930278434026&id=904741913012
904741913012,eb pay24小时在线背景全国长期EB PAY安全稳定靠谱在线eb,6,¥,,tb679938910,ebpay全天在线,,0人付款,北京,"24小时内发, 包邮",是否带画片:是 | 相框种类:PS相框,http://g.search2.alicdn.com/img/i2/7637543919/O1CN01EqfqUq1eoxEBbsetm_!!4611686018427382767-0-saturn_solar.jpg,http://click.simba.taobao.com/cc_im?p=BE%40RBRICK&s=361747060&k=2361&e=MIhvSPoHgytgyffHLgLM7NqVRTnSl30DL9p6jHYzQo5SajqsQHpYJmf3ymj9Oe9eJE6xRqNQusGQQqCnV6qVb1Z7kZImbFw2xibDss0HyHk%2BqYhI%2FD3FzV03IhxPo%2BCtXAxrzSrems%2FMom35LMCUxSxnZ50SdEuUJiSkNl4H6sYV2XKcOhZd9X%2FNSr8xwMeLwy7BCWJN%2FwtJ3inpTT8ZsTU2ZC6Tgj7KXJrzcQEp80vmKxrZTZzt1nVkxoG9btgzCcfU9zTNFDTJGKE%2BSuQBL9OMLavR4DT3%2B0qnmDNfxf7resGMegyzTpl0otOMXz6QwxbY9MnGtj08ktjB8rkNtBkE%2Bk7LEDr%2Bse%2FNLt5Q1YVAIxj3d3d2%2BcVPrsPgmyufhRJHQZ19hIhZZ65U0Qc7NOKo%2BxfB%2FRSUGUVk3XzwKNbNSpqRsZ1gjK30wrn9skx8SqKeNk4WSVZt4vna2G4q7nk34dcXB%2FJMOjqKsRvnVKw30BbiliVtS7UPpOurHSIjNqjy2CRksKO8P7OS7UIZQGufF%2FE0YzsxYTLBdedKcUpOk6satm8v4gPMmMl3qvePivpHKletksdk38q2uZdl1Al0Yu4CcYjJ7Xn5yI29oReQufjFbcH5gAYG4%2BPHal8QKnD9E2Skj3tESHCEFPG%2B%2B8%2FZCU3plrjsNhrGCW2fIRNOCp3ywo5bhaxbOdThqSVEmyPgIPeoZ7I63XBGgQnLinVpvC6olYKI73fuHwRFsznpg0gJCalDJxFKhcBwFkoeqB6lz06jMqwn%2FUrRjpaPt0tC%2BDZyNhij%2F95qkbR6YaouSerIbVIKMd64uUWb%2F89uUol%2BzKsCKKctoWtook9F1JPSdDHFw9pBVFxlcaFKLt6UIvO5Lw9l1q3e30%2BCJSFf7NlKYTo5V96N%2FJfQrF%2BV9PNZ5pFJQ2955Yd6HBBfSjlnvrS0dOoFXi1SsNek8onsvQNaFwfa2GesrJpFFO8%2BmSQNNxJ8DKfmWB9mMMSeo3ROJdL9lhkaIIluj1SzmNG8YCPR%2F67qFGLz309hBf8xr%2FCibvPKRG54XtIlCCovdReE3Mc3IxFeqhKXCuvmy0H72n7%2BnST8vq%2BJdmSbZUPI0MvmPbrUm0eRq1R2EreAPfyOFZtk6fkc06Fux%2BMRFlSojL88gid83rDaCkWFprUMNDJsZHbUs8r48ZgVPfb2UJZgtciYKwLn2vM1Wj%2BNrVM9y9ru%2FwLiJzN%2BFDfnl1lTt8ax293sGBwjBqbAWFCf6wggjiBagQTAP5i4O8qjY9p3JsN%2FQEp56yh9RZD9jonic%2BbVe9lb%2FWd7lm3dcyyJHX%2B3HRPgXI%2BIpJuhv8tb6t%2FgvEhRym35AX%2BBmtSTvb%2Fae7mxTCkzNmlbkJpLQk8E0fTNXzY%2F9%2FtmyFuOj0zQBUozG%2BNNXomArgHsmW%2F3qfLCn6vcfbZQ669p9H%2B1QVDqArznSPRvdajed7CKST3MykdKJvP7V2cdKPk9nrxsihA4K6cMJRnWpriTwzE5lLPrsxim02EdMYocjP7rEls8ZYF%2FYP4XtA%2BsaDOLtmxYca8yqSMnxE2%2BgIkLnTQvwU8So5Pcq5v7mUdoGTWxYTXjmsRBnbzsc%2B%2B9rvivLP%2FuLpO0QmMrPeUTnErfTUbjJpW2m%2FOdvOxz772u%2BIN%2FdEQxBBLTQNbTm9JT%2Fe7smezi3TEPB4n404HLNMIBauC4KsBxf8bYE2rGb5d5a4ciqSStcrbrRPzlgQ41B%2FKG%2FgXdPBeB8f7iPwBZ6qGs%2FJa%2FmYxpa4p34XYeCEtXZstYtWbU4z1x15QdO68HQNLCw1OriT8NHmBCiulahiIMgl5aAolTn4T7b1xcoVhlS5JuGiGg7bm3lu8nPdIqzVjpUXYhyWZGMTFXDb19rKEW8CvNVc1M4nKdrKlbotRvLBuVoJqOc551IjQh0ujpgxIb7%2FDaT7Wl%2B2CdE2tdjp0VG3n0zYIVKZ2WBrbM4sTpIaWcbMho1Sz6lxX5N5DmtFCXqPgwsRUUDnrkJ2QKDZIZ7hkfABuPadIm4A5xw7OeX5lVxaA3IDyj6N1nSOpFGhe6%2BxqAYxsgxBgA5djjsxL%2FtDLdMEPhCoIDDpyQ6frxJ5Jc%2F4gWKW8LJ%2F1K0Y6Wj7dLQvg2cjYYo%2F%2FeapG0emGqLknqyG1SCjHeuLlFm%2F%2FPblKJfsyrAiinLaFraKJPRdST0nQxxcPaQVRcZXGhSi7elCLzuS8PZdat3t9PgiUhX%2Bk927j2cHCY81i6ks1GCDr6UtoeeGDRBfNZ5pFJQ2955Yd6HBBfSjl9Lw1YubyzoxFU4vyHS0YIm6G%2Fy1vq3%2BDR%2BGoilSJRO%2BCGLDA%2BP8e8PFIttBs%2FK738vFdhhAHiqg%3D%3D&mm_sceneid=1_0_7637543919_0&a=xxc%3Dad_ztc%26mi_id%3D0000U55gpXW9EZbL8naW90l1220_PfHgWpjIdH--VshXr8w%26skuId%3D5930278434026&id=904741913012
904741913012,eb pay24小时在线背景全国长期EB PAY安全稳定靠谱在线eb,6,¥,,tb679938910,ebpay全天在线,,0人付款,北京,"24小时内发, 包邮",是否带画片:是 | 相框种类:PS相框,http://g.search2.alicdn.com/img/i2/7637543919/O1CN01EqfqUq1eoxEBbsetm_!!4611686018427382767-0-saturn_solar.jpg,http://click.simba.taobao.com/cc_im?p=BE%40RBRICK&s=19968811&k=2361&e=vBp4tYtuFgGaK3NuT7k0ELOgNKkpnZmI80RmGJf55BdQq4rsPPC1YthdHs%2FusklY9X%2B0E1u6wcpRq2POG4Kv9FN%2BSsTa7p42pbd1%2BTZ7PH4l5t%2FF1CkurEE84eiaWwpyhMtcPpftweAfik1r8l8PbB5SfCly1IsawOBEjUhUOYnBRxpusx5%2ByWEg1JGytC8ZQ4e16IcONiYHNtCZFbLokgcD%2FeZuPTa8hrcStbudP7VxEeivmmyAsQ3HQWZVzCXR%2BJI8MyGkCcRoxmvKJm9eOc7EeQNbnvgch75vbMNEUCl1Cj7ibr39njZVifhmzVDTAab9nEQcXrQLRC25Q6m03Vmh3ld4u3Fak4PojQNV%2F0dal2X3OPwwJsSEzX9o8XNm57m79%2F91LUShF3I9%2F81tL%2FCR4GRQ%2F51d5Ud8CFuFMenhoc6P7l9yZ7ctdNtJD1dqOuwCYJsw2qlC2DNmaM5P%2Bnab8NxEwpSkCKNpr4WyIvSpG8DlAQu2shSpHnHLe7TGoyH%2Bid6l2jA9O5PQpWUa5YAsdczcJfHhxv8MGI0Ba1ghk0rT%2FM5ToXA9rwJFP26NfdluHYr5GpoDCjL2nQ47O0b8xvFfs%2FdfD0Nl4lWpTt%2BOynBI4lL3dYqWN5%2BW8rNpzb1IzuZDfRHx%2FD8Kb9KJnmsdGj0RYlw1VwfcCyAqFpmLFC9d0moH4MHXNskqHWLkFRz6rEdnPAgsPUbUbcpvvdbz68Y0al6XNwc3N4UnYRCGTEgapqQf%2Ft%2Fr4Jv8pW%2Bmyj0qK1pAoLVUCwk7lFa3riQ9Gk26ja7Kesr5Ctk8l1vOjPGJRCbYfcN6s2JZb7F4c00y53N9HDc9tTLT4K3%2F8GEc5pFF4xx9BUWES0KyT5iQkw3NlO681ccDbrlpb5mBfZiiTi7A2H%2BM7EgiXIX4joJ8gGl8RpYWxOegdfS8Jx5F9Uc2CDEp7o2w%2Fm3gN2QdX7ZpxA%2BnHbos9uIvZ90xHsZWrobuhhEIvvJ2KzySVueU2Iq5%2FK6SvtfC1qYJCzvuFlLun78BbvsR1aEQhuQe32EvnUEKiIflcnaNJIxm34mbTgt%2FvquK1gJyou7ddE0QZ%2BTFt0YnSFAWBKFgydfvd9wHj1esEiJCm4fQ5vb9YW%2FxiIH7VxZOCpludd5llP2gSQEpSiIkfpyRxlL9UMZW%2FXzxurvDHo%2BOHXMrJub%2B%2BZ1LMehg0zE5PGowVdDBABHTvelI0s2Id3BmGAaWgC%2BL19sVlfIq3FTFeNKRCxKu%2BL5UFjYq7ertwUyZaZLNL%2BMC93q1OxHvZA6IKpigxflQeNgtNFSXaTxzg%2B4DCSekCRBvySNSkERIE6wF4GYF2Tz2Rn%2FVzroKDHc9LHvg%2FVDtP8IhKQuDlbPQRBGh9k3jZ52RXo8GAzP8mL0oDNiEqhh%2BaoHHu1s5DzAfN8URpOGYdkF0MxzHQqJB8OSyHby1%2Fuxuq04rYwVQ2uzKkiH0WNexdC5MWxQHCyFiJ%2FV69%2BKCBRSLacRCbOTzjz60eKaR01HDF%2FXUOpsO4uuv0Wury56fWy5x2htDlmxGqDAiq21FWtG1kixQXMyBQOh%2B6iGCloJ6hBL6N3BIJ0IqTo%2BYma1KyHJ9zqyw8xu8dtxrCr0f5H%2BSfnaILrkezRKo5cmXeObIcn3OrLDzG53dS1liOz%2B4QTzh6JpbCnIoDz4LlHaY7yQxXdmsMH%2BNTijuh5UTykKiO9abk0JOiaL%2BG6G8FuphBjG0263XJpk%2BkxTuEBiZ3yfiObWFmEQKEVgIrnSrC4RPYG39hrwTsFBsIJJULrJ9KPy4cpWQwbCvaOShfNaiBZlJdxGtRo1Jk3oG9UmzbORfTK9YRj%2FthU6WbXUu%2FGSLXzAVJ9QKG9qFYPpTkhWaFt8a%2FOdl6VGLf78FxHA08JopnXRcBKtLrgQL3q%2B%2FQlp1sMtwbsMQt3Vgr2wnNKovLJuTvyIdnm%2BCK2XgUQ%2BWIbd%2B29uzDbvM1FRB9iLnyLyETHrn5vpmRLusXVPE6t2B5jSlP%2BKmE5fQgbeOmKZ9psAEkqdg%2BE635MVrpVRJ8t1VgR4%2FYNY%2Fd8j3lyvo18cUmIhp3chFzo1lkx1i4JX6xJdL0lmUwSRPs%2FoQHPXQceEci9DwgtIu%2B%2B4kPRpNuo2uynrK%2BQrZPJdbzozxiUQm2H3DerNiWW%2BxeHNNMudzfRw3PbUy0%2BCt%2F%2FBhHOaRReMcfQVFhEtCsk%2BYkJMNzZTuvNXHA265aW%2BZgX2Yok4uwNh%2F5ssRJ8hYiCaelabScF7DLIJ8gGl8RpYWxOegdfS8Jx5XnVeM0S0IXrlxJmp2iPnQrAXgZgXZPPYcWLapGaOScJFDbksv9Jz24lPbe5XX17dVqwa%2BMEexGQ%3D%3D&mm_sceneid=1_0_7637543919_0&a=xxc%3Dad_ztc%26mi_id%3D0000U55gpXW9EZbL8naW90l126vU6St8w7CJu9VzrbvmOzk%26skuId%3D5930278434026&id=904741913012
904741913012,eb pay24小时在线背景全国长期EB PAY安全稳定靠谱在线eb,6,¥,,tb679938910,ebpay全天在线,,0人付款,北京,"24小时内发, 包邮",是否带画片:是 | 相框种类:PS相框,http://g.search2.alicdn.com/img/i2/7637543919/O1CN01EqfqUq1eoxEBbsetm_!!4611686018427382767-0-saturn_solar.jpg,http://click.simba.taobao.com/cc_im?p=BE%40RBRICK&s=1684700589&k=2361&e=aeiUcOhJ5tiZm1%2FPFlClBHOvAW64%2FgOIBqs435HzFgw4g%2FSrnh5hkBCPsa4SgZcyx9Lve9jxlShTc4wubjhqUxZPe519MIoo6X%2FCBxbQ7%2B5K%2B9y73NPDe5z5V1F9ryE%2FbNyjz9KbU9mOC4gZKnPax2x71KbtpipIw3g2Fzb6RIpXINkzg0nPPks9suLIqrbuYmL9uBT9eHLcsQa8NJYnR%2BVWAfYt3RczCOUdUJU95BgcgveZEB%2FU54Ia8mDMqhmc%2F72CEEXmzl9GyKjoQ%2B1Xp1q0ECRThyWe3rmyXEdGFLbEU0vAIru6jbzYwNjHUooyjbTvcbWhRX9I1MrZw02IOCUF6U0nF9j8hD9ifoL7ad56%2F5pKujaY0feRPGit4ZzYyrFb79kOsgctQNXivbOdbiIdG6ubhmMPmu%2FguNh%2FesJwgLqpSIQwrOrbHgImi12xZbO%2Bbdu1J3ZzWb4ItcilxpyBrfVVe3JYjl%2FqbvE2WZHKQc5u8VVvxcqRk%2FPHWKeV39PzXAncAMN6pBrEvimMJJT%2BGV6URwe5qt6Yw9knWeQOEaQkMf3FonBhK3QzRGhulKWYP08oIhy7XXKqK7ZTdv4RVjuphwxcCdMgfDa2RkKt2z5I5Dvzheffy76zj1X%2FEiNgLErSWOG9qyVZbu2paXZjJbmTHbzuPSnK8DEU6uOq2SCsY3L%2BITqbcTDpdItaFWZxyMkgSD3Zljo9ZAnk3KBbmUo71mb4r3qTUvkM2SBLnvnBjfPv2QXnfmHi4ExmS0CNVQ4zilc8hsOrQiqh2Bd9w7HabZOcdB5dN5i4grKEaA%2FAiMnJuYYMIx8EgYQKoJVYGavU3%2BN2vt2TdXdmUrqxdgv7oZLIlGMpqPS42nyNUFX3ASGCAFX%2FIGfTHTTXM4F47%2B7nJCKXhk%2FbjbJ47CXf34kgiFZb5q0vYaznAhIsATs8YUfCgzkyaI9%2FdWXiBBGUVcREWABPiVlJNqnTrzT0%2FZD01K26mrvHa1GWOnq5DgrR5iPMGnoAw5jCZm25SNo8L4VoofWA%2F9cdr%2FlFb1b%2B9Pa5TezlbCSU%2Fv2zvwU91Yt7HDiveFfYL7GvyYuVw2MwwaAq1iypBt7XLan5cZFWOcsOA%2B%2BErAGI%2Bo86hEbBYm%2F1KOoYanfBMKkmhifnta3%2BX3xNlsHAcjzEzYww6lOd8yEWU7DxGBfpdCd%2F2I%2FApopH0wyDXDYaHcm%2BLSvtR7MRdGYynqn%2BFiSvjwUrUvZOLPU4cTT2%2BE09LXebMteqpSt0bvfYT577IWBLQvJtoZPphzK%2Fi5o26CXdJWsK%2BkAtk3g4bYbiY3ealojfxpUs5bnvbQmuYZJf%2Bk149oRruxYyn%2FwiNqoGA7ckcfcWi%2FATV759g0aw4NdNLOWmPetN7bu6Zn8%2BxM4PoeHMIC5V%2FOT4I2O8Z0K7VSyacDPQAhr9NG1C4ojObIkhGTUZccMNuUiqEoDAurYdOiEk%2BhPd4MSxJZkbBlRiLfTVYzF3%2BIrsOZXeVrxLCFV7KHKNXRPfLBD1rmYhEH4YBKDW5frEGj1478eS0j9eY1INJb3P3c0ZXOFWtfBBT%2BCZzSUdp2k4ELyRmn3Vor4agB4OMyY4xgNzcJTNMaBYVh7S4EzPw21gu7fqhxrJrjeXnM8nHQHGA3NwlM0xoNUwIrUTXWTHnPlXUX2vIT%2BUZ42SGWVCm4iW9G2gylY95vkPGEHCx1HGLpzkpZhmo1KrYbb8BkEqFIsJyGmI0retdqlCa1G1xNHCPVmPrFW2j1wsxIoJNlUItkYr6sWAwehsAQrjKRzQEnxxoCexQMvjV2jotZ%2FzmiApnQ5hS8nmexgc3eMT3YoQOrRfJFoZ9c5gt0VJTe4uJP8gWMfVIMgHlzPw0ZYjAalDjEH%2BuJYRUoWZqQYIZ2S1GAWWzJinu0JDt%2FVS9mdZNRolxRbWGGKDOYzNJPYaK6SqIXdEOvlnVtTPtUkTOQ%2FsiClzm46Dxx1QvYj8vfG7f5Q0iLV7G7Ouvn%2BsuRPoW4akkP7XqO8CYVMzT4A0ferdqYsHQEEDN0NmCyxlEvrVelWn3tFf%2BKwwZFNmf7ejaeW5hyUABnKQNqYPP%2FPmkOIDX8sbgmurAQpXql16oC5askWamWJeURx%2F8nI6YC2NPf5YS7BTUqrGXY9izRabJUyAAELNUjz%2FFsbdtkQUqnm6qLO%2B0efRGs1XOl%2FkznPWctJNyNvintaxnFlLvqtWNB5tjmyoYqVrxog11wjygtsrOTJoj391ZeL1mrRK6i5Ekb9%2FO2SmpWmV9Raj2Pi7qwIy04pxNXXPkVeh%2FGw32KdTh0Bel2NrZaBfFcbMgGQv5P4Eo8sQwCtzDblIqhKAwLoLFwsRW0EXAA%3D%3D&mm_sceneid=1_0_7637543919_0&a=xxc%3Dad_ztc%26mi_id%3D0000U55gpXW9EZbL8naW90l1242ur_Cc1ViPmNGDB1DEceg%26skuId%3D5930278434026&id=904741913012
904741913012,eb pay24小时在线背景全国长期EB PAY安全稳定靠谱在线eb,6,¥,,tb679938910,ebpay全天在线,,0人付款,北京,"24小时内发, 包邮",是否带画片:是 | 相框种类:PS相框,http://g.search2.alicdn.com/img/i2/7637543919/O1CN01EqfqUq1eoxEBbsetm_!!4611686018427382767-0-saturn_solar.jpg,http://click.simba.taobao.com/cc_im?p=BE%40RBRICK&s=1707931747&k=2361&e=5k9AQdhDP9r54dou%2FJe6Mgcde6L2RXd7rfsixj7W452HZ1IofEFyTk9gcT30527lnSuizur%2BAxGKr0cu%2F9hyeKZBIIKH0RWAOpEdInSqBaxXJCVTWK7xUY29SKzpaHI6jdUnUW44PxMnTd51LP2J6U4jUyZ6f%2BWg4syKSjrVemuu4Qw8CzxDyJSUfLQcEtVJCDMtztF1snaBvIVwAmbHlG63yF0szv2JNNNLqcTBJUXqq985rm4jTZu8yhRNpvmX9%2BkwgHrSWoGuIXZ1tTA0FPZTmp8H6EUVtrUWo%2B2ZASEWts2I7fcv0xwc03D5zwiVPBOlUeP2tVAIveUG8%2Fri5paA%2B6wVX5JyZKMek3HPEAiI1pI3DJ18Pr5sbRBQhNSrO%2FEt1Jc64Gf1lVNyK8olttW7Iu4dJpvg2H7yZ0jl%2B5QNk7B92iqJ6Lx4QzahZD2AltfCOVfoLSQ6GYe93m380TCYYBvrcPaII0vHZWTuyRk5qWjZSl3YNyJtWWVTL2bGG6PD4S2zmZLsU2k1LUIxjccEkF9cwxARtZc6yF%2BoV1hKtZExRfk6sCBtJEer6t048Soov2F4cKY%2BqIeVow9CmVwQbqXb68%2B%2BYNpgih90sI3qLVzTeXjbPB4bvrFJzN%2FmtWLhkjZsWxD7N3%2BQXrdU4hM%2Bb2spphOkFCnSOqiajx5BvlvFDSBM1GY19y1OR7%2FoVJIZFD9EEmIuJcbg%2FKRD6Y7GZk1KkXPhgp29%2BN3VJNM3tUoa3fEhw3VPO4LjMJgkrZ7gParXQdUIUIOfiw4ye2UUK9XBx4fTbYZgdnyPKQpr29IOBTqpRjjLpwpxwinhSqw%2BsHb0J9YRO2ZKPeqQG5NazUtJd0sR3P%2BDGnQCGOVf0ohDrfz1OoBcc5ZHymsu%2Bd59%2Bj1xxZ%2F22bk1Lb1%2BXa7ECX5azeFOdds%2BEtHCWabbeEqdMDytu97n6xuVbPFdH3Cgis8D%2FwkWGLLFKfptvYzy9u2gX3NBq22V1R61dNmxQ9dZQcZgSpLiTpK9iGaVPW92%2Fp4j5ZlOgFMqSEvK6vBxucugbpyOjZ%2F3QN8ZFNtS8t2AS7Hxd9NA5E%2BQEz8xvUHpAj8t2Dx2yvYxe1bs2BQDMgazsfo4ppAHnD9glkhN853tO4kDMA3qKfY3g9%2BPf1cOGc1vywUJpGpLD5ZqOz2gvbetRGDBwabv%2F0lJmJR8mQtYdxOMO79uZppwgBZ7I42iv%2BQsVab7Rcrdzy4unt9RsJ1NXreshkqvrlfF8aMrKivlMGgtLiLvrWEX0p%2B0lQ0P2o%2Feqq4d9f9ii1d0M%2B7jWCjN2xuIFm5uJfaZl5bkmFsk0K56KSOQUH0PZzPa4S6BaK9zCh0FPYbBQ2%2BmEAilllMywT94zbYFXr%2FLz92vDJ94CdEoOMi4LQ0gkkZBU%2BX69j3nIJXYn3mJCiEtxOEfZXqeHVorB0C9hwI4D%2FyQbEe%2FaXfvvfCLG%2BmiCRKvoNcCyXuUSU4lBbFlEfmbZJFcVUqjcAximWRHmGq2s2QKXVhkLsl7XZMLz%2FboMbPQFU%2BxlIBRI8c8fUyIZ0eT8yEyyAvmRWAzKwN5gebepkN5l4Uf2owlACq1nnvdaFC%2BlsMYtKpgq31q1Jhq795yEInl1otdo2%2FQc%2FyjiFMeg6mWwxi0qmCrfTF8EZz9FVLWjb1IrOlocjodEQXZN%2BEdabkP8aAM0pnL%2BjmJREbOl35pm6Otsu4EYJlj0%2FbSfkdusVeNczWLrlG9NrEPJWV8se3OSexNDIf3dyFim9%2BkgtM0CpNTGpD8CqBYaUTAkeDT82g7cc5%2FvUY85sKPHAYf%2FCxcca3DdJu5ede78lXIAZukSjh2vIenW%2B3PDNzoYHUhSba0KLDC4%2FMAFA9RqZBxQ%2FRz9of5I%2BzsvCATwLTWBnXIzePr17vcqcUHlnz%2B5hRHO1BBLg2g5eBtGMydPP%2FgkoN6FIrf5Vzi47qydSdyjHQNXC%2FR2MN8wcTqpBgtVJoR%2FwSQFWOp%2BL%2BN2bKfLBmoDOaTrwyXt726Yn2T3DjcQI9tc0P8MButkqpzkVQD%2ByP%2BtMnAxNr6Wz1EFzvQSTCL9uLfJZdtw%2FAGqQEokMldt9io1KwUhpGfhUneU4nLT5DYPtsHPQKno3IbYlRgj2oZyM1DNQrTkobKpcIlnuHCW7yd6%2FiORHiQQNGM%2Fb9Andi5HzA%2FjUqd4Gl9g23AHJQP8hmgyaUNWoV%2F360EaMt6Wo4RR8Bt4uDIOU82JtKRD17P3ufrG5Vs8V3NRHY3fOh15o9%2BzDah0SFNlRgCU4kP8FnA8DV2tEO0FiDXcx10fWvslp2QGTYVNgBF6SnFKYQ9R7f2Ytza3fXZkGxHv2l3772aIT1kHW%2FECQ%3D%3D&mm_sceneid=1_0_7637543919_0&a=xxc%3Dad_ztc%26mi_id%3D0000U55gpXW9EZbL8naW90l125S7al2ZXUyCd4AQ5z7P5UU%26skuId%3D5930278434026&id=904741913012
735177583715,bearbrick 44代 积木熊盲盒确认款BE@RBRICK正品网红潮流,5,¥,,tb1308587_00,晨晨盲盒潮玩店,5年老店,21人付款,北京,公益宝贝,出售状态:现货 | 品牌:BE@RBRICK,http://g.search.alicdn.com/img/i4/1028900134/O1CN012qRvYF1CrQC9pmEnN_!!4611686018427381030-0-saturn_solar.jpg,http://click.simba.taobao.com/cc_im?p=BE%40RBRICK&s=1663145270&k=2401&e=0E3mBDoU3fQqUyquewDCQENQVCkpSkSW9gCDsgPzjrTIwRdZAzsvZv3dH%2FCIEY8W7hlvMqqIQJ3VxYo3FbwBY7jodsCb5N2tYdzr%2FYf9jtOZ4Kkxr7bBdz0seuG4SDc7g7ri6hq4Fmkn1jr9UKdjW7rJ%2BpHaUAg0cEagNPVwP%2FjO3FvIkT%2FzXuhP0l9c9qmYeWjcSHY5miq0CHSu4J1sB%2F%2FU%2FhWmzEj3WRk9KPfISiNLlDyk7g03bfQclui9R51riDbWBeM7tBOOBHT5824FCchtP9neU1Yen6GV3qUL5MkrHHQtaQjTKObetX1SDe%2FY0HV4TXTREJ36vYXcOtl%2FeH8tmtXWys5tiYR82SZ0JC%2FLZr9bvtDuaVfITm%2BRce0041TeEAE2VUlDg3LO7YmyB0bYwk6PzO%2Fkb%2B7b1K5HR76tihv%2FffiizySCxFptNS8AqHhYOw%2FFvVf61xufbmZqgx6ntDR3XuzyXr6RfEi2Bij7r09r5qQIJjn2wEX%2F%2Fm5jkCeqEGdaeFAdqrc0YuoYCtME%2BrCO5X%2Ft%2F8wrUV42e5rat6tZlq7YKnSeptLTWS7JaVQj7bidkAkjsFrRCNLsMsbeQJIiQqm9Eq4KSfksgeRtQ7M2jRXFRu8BhLyfioUvEVbpncrnGMrZLVdFaqyduskilntjTTeprKBuWhKsnwdCxDCBK7Pz1GcGsM07DWUfy7BnCl85SJl942VcdcoticqvMbAGq0gpUDoFqxwnafvTBPqwjuV%2F7fEDrdxCUrmg1PY2MJ6z%2BI4icIJyWrO2JtysTuYbNOBWieWTHXWxkFBAf5OeNu3ftwklOK4fJ9CUXBcE3uV4oX2bOoOfcDv2jj3ADLpVYE8WBPQrl5v6WOaEXD7jTzlBJMMtllCK5BSCeujbx1gP%2FkYY11UgIAhCAN31WXymk497FLfTAcuHw8%2BqEUuU2Tvg8x3%2BeXtilKxHLxb2o8fAVW%2Fwk%2FNEW2t75fOLKWw3PXurn4A9lF6ptEs4XgzMF2L%2BS6mQT8VI3NaLuvAmPmC4ZPkmlpGNWAw1GEx09XqeE3AWvUiWdkvJOEBy%2BE%2BQn44L4o0jOd9HzwmTQFcf%2FOpTyRhsronnV%2BS8cAA%2FJEvhye5R%2B%2BLL1XMwqG6qZDn4SukTvO1koLJ5vzD5yT3kJsENv77dZluYU8g0d17BYKiLxyxcL87r1dSzX0%2FHu%2BfN8svP1glxu%2FYirnV3oBneldrldKE3UejCaYbtHidIyRQS96Wu8sSjw3wQxAhm8Joq9eTTKiTulcCt37WVjbdH1i40PSrbZVqP9%2BBVeFFjesDP29JvoHeNz%2FsrxQQvSD%2B82uEJYGaRj4mXIwK7dJ6m0tNZLsktCaeFCLzcmEcpjSO0kmbzxt5AkiJCqb3hOrL%2FsG7MBCJzTxMBV%2BsDy%2FvlCsgTa2OeghEmtbVvEFx6dPhl5YZe7wGEvJ%2BKhS%2FUXaSh%2FJSyBrZt%2BGrjosD4Sx5or2aLHMIOCP%2FNt%2Bak6j6X0yQBn1n8p5LDl71YgbRxe76XZ5IJgP%2B6qabH%2BpIkThDg97sF0BeyZcYbWO16xZQg9nSZ7i7EPre%2FlbNG7mftFeqgDHm55Cw9Ytina9AIdIN63Lez8Njtbiti3HzXNvoOQPm4eDlCXE0Kvb0EmMkvFvajx8BVb8411REAROS%2F%2Fz0GcNRtXsNPHnlw29231y8W9qPHwFVvN5J93Fj483uCSPhUTa92zi8fEZYJuwGOJY671J7bDOfJC0fGLXAeVxYamgO5cNLsZibdvVXpOceeH%2FidQBpiwBtKbo15oaeOdMIzdEIbPQ2GS9tAcCkLf1ky4JLhIotd4EdJc3eCkm8yt4zbqx4NCA2Qr29V9A%2FeetgB1MlZKQFmyzP9PVuSyiRvUSbcUk2np%2BboDkalQ0Py8VWvo5INmj3mhqMDViYDAP0PIYc0DzEv01A7cGXr14cQCrkDOfh1T0ZaytNO7CW1YJenhi0qQ5lFani9Xcii6ZaruLNLH7w3fwYNBhd3%2F%2Bh5iusrbpaH7fL7Eb0Yu98vnyMpUauHDy6xPntVvP6%2BE8H3zcc6WyxXoVezBCJTJvLM%2FNcJUZIBnoIRJrW1bxDofzJs7lRg96Us4eCMFAypB11BGTUBe7nt2m32hX9UwP3PSlleSH9yjiaY0vDQkJnydH3ddR7PgTn9JFEhwc10JdzzB9wb6tTvTl%2BGs7Gy6MrmwTfAC8KQgS3FJBACVVonv9KaAYTqXSjt3qCy5CLbg2b8TKWEpeqr2tWGYi2864L6T5KgzChNvzYXvNfoHyAkCN%2FLKdiOF1rhBfBNVK26AjTSapB3x3rIUFQmkshkJ%2B8BhLyfioUv8vS%2Fb349GzblC9oZqmBbjwphEN18EeiIZFEGQQXyzmrR4jkg5ueSx88mJrvdvhbl&mm_sceneid=1_0_1028900134_0&a=xxc%3Dad_ztc%26mi_id%3D00002x1fgueesv80aveHCB9-_gl8pa9uPwjhq_1pUWe4RnE%26skuId%3D5083179689089&id=735177583715
735177583715,bearbrick 44代 积木熊盲盒确认款BE@RBRICK正品网红潮流,5,¥,,tb1308587_00,晨晨盲盒潮玩店,5年老店,21人付款,北京,公益宝贝,出售状态:现货 | 品牌:BE@RBRICK,http://g.search.alicdn.com/img/i4/1028900134/O1CN012qRvYF1CrQC9pmEnN_!!4611686018427381030-0-saturn_solar.jpg,http://click.simba.taobao.com/cc_im?p=BE%40RBRICK&s=1466134718&k=2401&e=EzkWj3ToOd9VnxFM7kl9K5WrV3ztvctpR1jiEwmiRPq%2B37mgJ37NH3l%2Ffo7SfOCSC4nV0S0OMSEN4b8rVo5RpeIMtgQ2eGz8Ds7qNRwDmBPTenC57xxgyXVJjKnxnC%2BI76zCHNTweorzi%2FuED0EvmSBKe2tlYELF8at63Y6MOY4pnTEJ4M2%2BfcX4teUoQIpRiI0mp3vcoATJZ%2FIQYMU1hOsy1%2BPSu4MIhRWeI3%2BJ9YXwzY3uWa5vBYVw4GH7srvq%2F9%2FtV5HBs7rcf%2F%2FI3WDMYdGXUbi37gwjKGu4o2lmy39XSzml9gazKLySDjI6e1A1vw56tnPKRl6ZHsm29j4Q3ahO3RbpdUSk3j5B76Xa0dFkBIO3pOgO3Epn1E48xRMsLzQlnP9c29hS2hg5bwRsDCap%2F8PoWZ93s9qxYQyvvwYqlJz4EWDOdoAHwizRqO3yFVVLxe9n%2Fc4kCXfK9NTeVyXp%2BQ3IEhxXYhCJiEDjxAB%2FBQPyk30eAhy9uom%2B4Zma6WaGXjaco8Xha51dQ5K2oK5Zhizu2Uq7E1MWSRiPNILRsugk6wwaXnG2nkXzhkAsHg0RCkb3dC5xGzO5I%2BVyE%2BdYmxPx92eLuzLEjcEPnBf%2BxSbwmSGQfObFQhZ5X0f56WbsiF0UBvPLjgH%2Fe4qkSro44UIQV%2BxdKevtYm7095IAGzgg3PunigkLW2KuVwD%2FxD7L%2BMaS3pR%2F5R55L4etVzOSg70L%2FeUXDacnx6VMVsquWYYs7tlKu%2BOesDphQINcKtrjt6Zr5bgSFlqlk5STZqiOagTxBco8waW%2BxVod6u6dLqZUbttgfW6cm2BiH6X1SYgoghjyLpyVTOUjhPwYls0mNZSMZU9wg%2BdnubjzLu9zyhgRZRgZAB%2Fr3evbVFIJwJaodsGyO%2FGePoAqNB%2Bpv8T9vxxsEzPcREsyJEf2eZRTvUXuu4%2BwUTfToMRUolocJFvEOAAdvlB9FCmqxpX1JLLeGlYVo%2BxO2dPDuRdpoahnExNNXLywzPRoabOR3IlX6xQvyat5UozsJ%2FD0wJGctxfm4bszpF5V4A8CF8rKssojk7xwL5b4WejzE2j45Z2kSPPQSOcIHwnSaDFisNbvlXe4mdfaQi2nIXQ%2F3p4R1Wgy6JI%2FQSfnZsVZsbNGcvKJXvvSx7wcvqa8vJvmvQYk3Pkk6tu2GDM%2FX4ECX9%2BF9Wr4KXlCPUrFn0IbPdamtaI0T2arNGMKrGhFWyKQW6RbjaBL8HHYQHtPeZXW6D41ewPig3GeENC6sUn95mtXTkCSvGaVDfpt9siFDvGUJ4n%2FotttUwFCTWcTumlkIgBj6cuCtBvbaOH5cWrrm0d3%2F%2BFhcbaeRfOGQCxFnzhZIgSM%2FIsp0MbG%2BdAI51ibE%2FH3Z4sAU%2BHCk1l3hpC1vOhoq05IZ4MjS5qXhkn8BSSF90vJheu6wcICF4Dx5sVCFnlfR%2Fno8VmJNblxB1yNPc3rM2K7MK8qEIP2apeJOYs48MYiNB9IEXOdNcCS5awMEJjcxm7s3QImEJXc1lla18Mw%2F1SSJLXBM0agEeJOUTmGSwHcGpyYccOjyWx%2F%2BCTQK05E0pBUsVYx8UxPuRvnkhKzz0XNmlF3piLf4PqH7d3ZhiymUBBMSATupC7MSxN5h920tX0kW8Q4AB2%2BUHSfk70ehxMHUj8xBOsO0rac9QZsJ1DltSRbxDgAHb5QufQDZ5hgfYfIYeJ6oGlWqb8c2Dq3wdSpTZLrCSScfcK%2FWEEYaVwz6YSzyWqxFEZ3HISSJjUxot6C2WQ9Sx9J060Gd5sQuYwBOCrrhr8YDqEKRRUuDrDPNKj4UtSUENvj71kQEfiTnWqNERK5BE3oOjhhofOgO5K0KhnzIOrhqkH94gYnsJojNBgKHNfokaFOoKUej4J5jaluOqBERbFgNLoka68eOtGAO4gYzplqyzghVkkqMQZeXGrSe3TdRDiBWenWxS9czqDsSQCt3gHfHNI49AMsRarO9hkm%2FMlP5TrvqnpcrzE8ng5Ze10E8667FRQTtWMNZ9prilKrX4HS1lhRxcWMDaVAOgb0iscdQzXOt55Zi87Piz0EcXmI4Qx%2F%2FAUkhfdLyYX81WBwIfB0hCSJKtIvWd5ORwMPGWd0R5eRhVUH9u2u%2BKKxos%2F5%2FJAJ5dcjJl43nl%2BE5YtjCx6Rl5qIPxz0LzWknO%2FTlCqjUXyGBAsOk3xP03H7HSkGvnPteuFJQe1ohU0wW8Edk9ULzYJRTRgKi%2FykgPaZ7ulrk9k1A0Gk71XUNUTz9CLhDYjEg9%2FziuqrHuTHA81ZQhxnCIJkXdYfPox8S511OWtqdq5jEjiyWH8Ji%2BbFQhZ5X0f5e%2F6jvJ6Dr3ds%2By%2FT%2Fyei%2FKD598xg1nMnlAClH2PJGizdeZjhPs17zxR6%2BuB5qgZh&mm_sceneid=1_0_1028900134_0&a=xxc%3Dad_ztc%26mi_id%3D00002x1fgueesv80aveHCB9-_mNsOjG57Y6hU7T9HosFdLk%26skuId%3D5083179689089&id=735177583715
735177583715,bearbrick 44代 积木熊盲盒确认款BE@RBRICK正品网红潮流,5,¥,,tb1308587_00,晨晨盲盒潮玩店,5年老店,21人付款,北京,公益宝贝,出售状态:现货 | 品牌:BE@RBRICK,http://g.search.alicdn.com/img/i4/1028900134/O1CN012qRvYF1CrQC9pmEnN_!!4611686018427381030-0-saturn_solar.jpg,http://click.simba.taobao.com/cc_im?p=BE%40RBRICK&s=946697338&k=2401&e=JI09KH2wpXu6wxjKm4DTdMhrlFSSyQ3NTRdoXhlWHYLZKd54q5QJo0ok80pmBOt%2BQ53D%2Fn5j1xKsWoRbffBzjv7AMV96hgTJTbuSmedwr4TMb6PkEQfnm3sXl59HNZmKlDr1LwHsU%2F3nne3Eo%2FlHR1Z%2FAV%2BLMIPAYi7XmirPuchM%2Bqk9zzREKrKwCS%2Fz23fo%2Bxw%2FLBsLQreaTwK1CIbPGAvzMc6aaD%2Fz92khzVs5Jiz3doZSMF1khXxngxeU%2F2gS4dciOjrZvMaPneq47ZWCTeIrRonMCKBQ%2FBrp5Fu6J9a6vGro9abMrEXvspGusz9jW499eEhBc3ukuT7WDMa2VJiebm%2FaAhIu5186n2ialB83JVO0%2F7sVXPvAwXpmFGUlaisHGAj%2FzTJ0XIFwVjGH348Ki1eGC23FewssKO4FAYgp6o4XB0vLfgvl96jsQXUWWJgbHwCFABVADuExwkhXVYkAA70dUHoTi18HW%2BGOHENaWJfBfz6z5EmqHQahlY9FPLRyTd1wP3Rb9fRscDoueWanLELda7RKHsRLAl3zPmFKsUwzmfaBXfcvw8pE8TAvIV9JVqj6ffMpD0MifjmvPfo2hg9jM%2BdWF1Z2QGhHonsXA33IfSCB%2BH878Xugb%2BgXYECT2TwfpI%2BvpQq6ykqNNfNm4ruO2zCNZxJurCFt8%2BRBYcG5lu9UV75KGax%2FaHIIycNT8Ul8l%2FCI2iBF7MT6%2BXHqd3n0Vr89dcWMR4JFzKdmpyxC3Wu0SodFcuPLSLEKmxEcreWNGrQhYLatXuvC2dN5rmH3HUaxYu9a6wopVPCdW2b77w6qMKWP5V4FVHfgztvL7bXHycnxk4Llrdl8eShhUmTCXww%2B2CWAnrYzOmRC605JP42KRf57gfQFPP%2F91M9LYcFnYjS5ztka9u%2Fe7VhP4lOeIrJ9EwY0Z5WjUZR1DsEiXxuUeQE7ea6bsUN8k1TwoJEhdJ7sd5slo4VELZnnwEooVoCpEtjXSlY0ET0zSydGVL%2B%2Fp0yJCRP3FXmO0yCQ%2Bc53xXHDbDwZYiJ6bhClbvrgS%2FvO49E1Gz6geN1hBXVsimNhNVrnvBaAZEZjIU%2BtsXc%2BWAdklgwllWEcu5HVHfU0uIzoWnFyjNIM0vNhQGVNQJkAXdJ6I8ztklx2PFVnNChASS%2FsSUi1l3KfI%2FvKZf4uS1gZG7mkCYK205ZBPQomYOzIDHegKNT%2BNie1ymg85f4NlzL%2BxKaUbxN501VjvmBinRxj9uJA3U3KUbXTXYFXkAykOC7TMkRIUeJpbm0MPe0POJ1wkAbp0od27nDwOjmlVVcdu5g3tsbjhH18PZXuGJHjGo3044PLDQSq9y%2FDykTxMC8nr9oKD%2BIfB5kITh%2FG%2BlUL%2BjaGD2Mz51Zu9Pg5m5T6m4igUPMq1K72IdwkuP%2BvK8gtb%2FsZ%2FJqnD%2BU5dUG5C%2FDufzvxe6Bv6BcgRhtctNxPw9aFinl%2F%2BHaNnEdNoW4DQpvLAXIExRc9dNDx148%2B8IQ4r0tly9ygUHniVA9a5MwgamoAFnT26FhtmfMb69smtkQg1WG89a0Sf5IIPJInmPoKY6gJ4kFElTNOURKPoacWWM6nBCiGN70byTLegKyTfwTvAR4RnHWzr%2B%2BTXcrosqivUVjvovZvY7CTVPCgkSF0njDFGudwMkyfuHDbl20yUxJK7RDAzyjwR5NU8KCRIXSeqzg2lncgHlymxgnxTZwPIVL05i%2B2bDflssHczKxZ4ewEpaeIJibCO9xYLncSzfXqN0PBoWQ220hp4T3IjT27rInxCm0OtDa7w7hUJCHmgyleuzIG3V5G4AIqYTdWshUJ5UkqhC1IqXT616aI6Bx1FWAMpvxjWlxpJubbF1Omp8bbYVHeH0EWLaQICDdMiHTx13BQ%2B7dw1B0gnOZAEhl72ooMc%2FeX8vlzr69CwOfNsT8qhJcVwKKzfzOUKXIMt1sMm8XpLQnKvZJakF8D5qsuJdAKf%2Bve0isK73OR9Tw%2F2PkG%2F9%2BiPdQTMHQfZ8wlR9xUKvPwkdjAhQ6BuPWC5AO7oE2oAUiFi37Ss%2FK3P3%2FlP%2BoEyXryOuQDDAm%2Bu%2B065%2FGsLW%2F7Gfyapw%2BcUpeX0tXGPP4DLzoL2IWCVouGRmr6zataWlF%2BGqJCohQ8sC5Msv%2Fs3dkPXrryWAkeWc6iixf5oFenxfz%2B3syfIHpB3WX7CYEUNhYyzJbLlmv7Ivzvy9D2MRWiWFU0riA74cPWdnN1ol7Uqx3N1DbPBwBaTeyTSEEbcR7pkQ5Mgx8m8l7vKZWCrqBHE4Jm5vF5CtbV5FaM37k%2Be%2Fjt0p5349%2B4KA6BGzQ3LFVNqrxBrH878Xugb%2BgXXgUCLwFZWaN8vdGh6DnpSUrQKIu4ArGO5vw4TnS%2FdyMMqxS4lzVdUljjArOxg77N&mm_sceneid=1_0_1028900134_0&a=xxc%3Dad_ztc%26mi_id%3D00002x1fgueesv80aveHCB9-_hPV-gvAa6na67F1yW_yCYA%26skuId%3D5083179689089&id=735177583715
735177583715,bearbrick 44代 积木熊盲盒确认款BE@RBRICK正品网红潮流,5,¥,,tb1308587_00,晨晨盲盒潮玩店,5年老店,21人付款,北京,公益宝贝,出售状态:现货 | 品牌:BE@RBRICK,http://g.search.alicdn.com/img/i4/1028900134/O1CN012qRvYF1CrQC9pmEnN_!!4611686018427381030-0-saturn_solar.jpg,http://click.simba.taobao.com/cc_im?p=BE%40RBRICK&s=1389259356&k=2401&e=qrkIi2PavlWSgX8tK9nWz%2FOEPCod4V7roLBlY6clp9k5U%2BsSfwXH4IMLzr5YtqEaCQEecxC5RPeAesBG%2FEvQG96J7fnvFgvscZ31UxOuxuWkfJEqGSF0Bb4ASeDFQ%2BV02o58z8F75A%2B5ve%2Bik76z4BInMpWicBp988xqaaarfoxEbXwHTMzk9V79KIrMuYJpAkjkpNhHfQLzADkpVV3VKVk4Zv0CvDa5%2Bt7cq9%2FbTc0SOQLEZNbXqCiBrAp08gyd%2Fe26%2F4nGZQJgvX9pX72cm8WiSS68xGwDj7f9Ut5e35rkYGmPRTdjVHJWmmZEhfcvK%2Fozsz%2BpcD6pOl5NR4JXkAoqol7xxWi8RhSiQaj8U5LyvBTvC3wcgIa1Mr2HofFqAcb5ITuD89mfsSXhphKOVfchM0CX36N5YkqQZIN6%2BLiDqusgwruOZIGdJiCQxJfb6UL3ox6kf1ismZx42E8Fg5rrHehbEo%2FMiJon%2Bxqeb7aEJbs7FA1Ut0rv9H2txONO6P5PiTs7N4uM163APILUjyHg9NyBlIyWoUJDxls1sx0P2eDOxl8E5KOu7IOb4UPgtI1%2FBRlleub26M56qwVdeqKtjvN8MjSzhGCH6l2asiOZXHjq6GG5QW4O4QVwrsdSOnQxdBV3VOfNw4S6UER7NzTIXa6do4qaJPGSkOkc4eU2thSZmo91VcMgRQHIvOsW0YJxmU3st4H0ab5BHLHJUS4DpvXl9MQ2aJdi%2BBt%2F5c0h4PTcgZSMltuEX5FFcvp4V9OSjjO5ycXzCcvSlFNUPubMKUs%2FzpEc2ZOdZjOG2G%2Bp6hvs9XLkyhlfbXrMX%2FRRy2%2F7DzTe%2BlioDmDV3qqoM6EyQxK%2BzOK%2BQvBiwkS9aUYqx%2B18k7FlsEdqQn5fzNSUW3zIbtbdjGRO3H4EXdTDTUd%2FUGKmIc03Hx7g58vqbATkEy7cgl6qgPS1mimnwztfKea052lTXnCGDRbEWIoFLwCXI0uSaXgFblVzH1zXV08S0M57r2Lkr4yNernE6LIOgzPxp3P%2Bdv2an5AtBRQ2yxr7xtFL7YFu8K8U9Z6mcuOEJdkutlaY6%2BszNEIvPeO4hylKhXkUywwoog73Gxd%2BR9E9iEPyFKJapPZY%2BlFS%2BMDT%2FDIeSuhKPq%2B%2BenYyceE0rrvwvfqIQLGfr9vtX7t1Zu0ZjN4ZkSL2AvR73%2B%2F4rxt0r%2F9U4oYNTbCx5oY%2FX5AWhFN%2FsyHnJOZfNUuwLXvFf7Xtko8OrHvxdUzwmOxr8jJUuSB3lekvnbaOcLoUiD5w5g6yp3VOGmbyGXwk2hAlYM1LG1yhheLEiN577RrBElUQjPIuPCm59QD9ChdxFyveo67sg5vhQ%2BC3yA54y5aB4GcRJkxrE6O1oq2O83wyNLOipSHueC9IUCprQHdchCRxmoerWbMwPPIoXGkdaCg7m%2FkDMvKT3X%2BWbg7hBXCux1KwaBkTz%2Fu8CKoDITbXI%2FKJVRGU7pPFvZDyemYoyYMne%2FJa09p%2F1lv9PemEKQ7XAo0fpfvJzaho4POUbKnKagkkkglxEMzwM9RA5CSCrFd5inAkVwfBXZDPOqH0fK2EMgEmPg4AsApMoC2G893KtYTzl9Eccwq37ztgGVD3I1Ezb7xHnE0G4K2PkqCdiKSZRoMp5rTnaVNecLupi69XTKKEFTamDNaun%2BxwvweZoydTmSnmtOdpU15whnlPb4vmojptKrg8eUmr6LNcHsAT2kMrZhLLDh3udpgrm6U8qdjaFKKV79h5vXWmEwp3E%2FBAc0Fb%2BgavbFqBpZ6JxanInC10Ui7D3sQL72YFud7K%2FPDMgM9te%2FtysTETpAwpifjSF8t1%2BGBJKqC6FioxC4ZHS7K4%2FeCneIw9F52knv3OURIwTzlP8oidyLlrkdOwno8rrkts5daVSFT94ItIOYhxxxVib%2B69byMy74eOJlAUeCanO%2FnMuCVrp2MAY7xRrZQtJnZjIkArEX2xRXEflUbPgUbop70p%2FfVvMpvScJY2yU0RKv58TNQC5r2fEPAGV8sqeMfoKFvnFc%2FakFLVYMUbxgF1%2BhBiL55rwD2%2B9Lx3QQUhTq2IlbTHNTA2KFxpHWgoO5usxvwoZKEiXFj6G9RfH9FsR8Y8OtE7TzQ5EljCEYCAqhRUnyi9VaQqKUJOS5%2FjWy%2BVbF97yxgx0sKE4Y%2BfqKEfSo7NxYW8Bos24BA%2F%2BZQPKn%2F1XuR1W2Vjzz6MjcuB02EWg%2F4syKuF1u%2BrWoNgNDxJzgiHjh6uOOadMppgpbs03A5VNXGQ9Tj8Ak0e5R6xWaUfGDeD9vadU4FmlQGrcdPXRUyeh9akkYmmc6l5gG5gJW4O4QVwrsdSo8wOhTlXmgRR6u1BPpPq8lU4HGksKPU9oMczV0dm1%2FH8OKhvl7XiP7mR78GsaD3R&mm_sceneid=1_0_1028900134_0&a=xxc%3Dad_ztc%26mi_id%3D00002x1fgueesv80aveHCB9-_mL_DC69uPK8XI3N1z27y5U%26skuId%3D5083179689089&id=735177583715
904741913012,eb pay24小时在线背景全国长期EB PAY安全稳定靠谱在线eb,6,¥,,tb679938910,ebpay全天在线,,0人付款,北京,"24小时内发, 包邮",是否带画片:是 | 相框种类:PS相框,http://g.search2.alicdn.com/img/i2/7637543919/O1CN01EqfqUq1eoxEBbsetm_!!4611686018427382767-0-saturn_solar.jpg,http://click.simba.taobao.com/cc_im?p=BE%40RBRICK&s=672397638&k=2361&e=o0zcS%2FLNHDOLgR%2BJTc8zNS1hmtSOCm4DP5sLMwmKP8CXxin%2Ff%2Fl9rmPrzgG4z%2BlUwOYiqJfzAksqJeaEBl%2FqVNvy4mhWj%2BI03X7r3KTBRPVyXhIPCt%2Fp2tN4n1RSkvdjXappONZvhUyDWafN2CiLX4Q8jwebRPgacaKmflAP%2FbC9jaGUXT%2BGE07N6VJc4fHNb8pWTEYzIJKH%2BpPw%2FG%2BjM%2FWF%2BoxDR2Cy6iNh448lwtWbiYRzCBmWMa5kGRmgtBeYetoEXc2S%2FmXT4d0J2Vt5VhI73msY8IwM3l2GtmtIFTyeE7X%2B8YPNqbw%2FUhhAWpZRlKFFQ%2B7HpQjm2t6QqWWcf3c5Uo0W6xSELQJH8CAj8ZCCFTxd1LMU55pvKdjC%2BNcKLtXW5vzdTrgOH3WbWSekXiD7QeasFavjuEq80UZCiPDLdWbxsP3vRwyMtJnwByRHrQBDIXMQzaC5a7HAcAeF3i8WUYN5DCxZtDdMTNgkw1g2sgZmjfkXyufNFnC0fXmJ14mBrnOMROv620I216E239iV0Zl6s1zBk9PbXLcD5WRABEyukziThaWOmnwBNWqd0SrJ%2Fv%2FzO5ceO5Itd%2BzXHqYQwD2QOrV0%2FPDacuz5CUC2IfazjNIlIHdaZOv2bcx7iJDFfE2LSDxx%2FSFfeQ7jEGWDsu5io9mV6Ke7qPZX0KqkF3iLigUcNbkvNVEywVSU2IChvsw9v8DfUvpLHtxbhTCbYcCFkWZU6aN1r31J8YfbD7gmabsA63z63NNwswaW5urXZS9Ds0v3PxD065EIkTaPLb0YLKk5biZN%2BBdmd7j%2BRDzYdW9%2FoBBhCHHKxN9MWg63ZWdg3rZpmhluMCR9yCn94yUlhzeVFFJBOxEzHw26kdIZGrzK8l7GQkHE%2FoKquUMkVfeUbF2GXTCP4KzkQyxQQX%2BTkk28l%2B3Gg6KqCLsCWqNwFgr8b6k5b0oBb7sATr9AisqUwLmtl0oxRPF0AdEe0GdarUkpScyEZCxUaeGsozGVeWIXmAEd3Nf%2BNhbvwMqWSlvjhL7atsJtXe8YlMVmqXDcxcKFafuopEoT69nX%2BmxcRTeuOQFv7YpXYGZ3adzrCkazshm%2BLavsPAtFMinFL8x0qqr9GgvCgmyJ5MJUYjrhZL6GTS%2FlvOeJITS7MpMWN7%2FisnPS8ensq00uwp7J4gVNYwsFGx8cNAhdJxmJvh9lJCCRT152XIz9gPTKdYtaK88mJ1iQKVp1sy3R3g9Xnb9aOGsIfN4TB63VpQPGi73zmyPRBMW0jmBkOgJ39uMloB%2FaCHoR4Jy%2BoHlSZNwV2jBJsKaEbwHs1Buxfx5KZfgyj7FZAcizSZR2HUJvjyY3XISQriAdNjUtkJq%2BlJ%2Fy1CZAumKG2FD9uLMTAv410ErGdv450nkPvD6IPj6tYq0VcwOgwc%2FAtEXje76P4S18WSmlX0kuLPhxE2%2Ba8r5n8fXTm0OLD53rtG3biCSB7NB7VaFhXcT9SymfEg9R%2F2ODgGScxd3oGmSZqKrJQMg8AjVWAAMwtHeDLa41RFjmqUWt%2F8bcT7wdFdopDmJrC1schRgXVh3Wtd3qEUGNEvXMGuHMKnZg2PsGQfWfX873NZekY30xD%2F%2BJaTGfHCeSwVhTR1Ekzk4RJCZnF%2FomUQY1l6RjfTEP%2F2E5lKwGuBWi03ifVFKS92PGS7NrGsUq%2F2ug%2BYTPh%2Bv%2FGiQScnO45Cgho2wdi6JS%2FbcTqldO4jwRMWNabgLwyqz6T5mNnd05A84ChcewSJG7xSNy5lA4CrrKE4mkUjZGmOIzyKDjGG%2B1%2B0fLxAZ0acCiBT7jWnNKCdClOx03negSmQC7oHVjoCFxeUh%2BPPn5RtVAHBpL3k4gq0GGDbPQF6nIVfEXdBT%2FPvBe9Z6BAE0%2Bz388JH1upm8heGEHM41nZpY3J3cvzDdTdq8xAPlgWzEwUvtVZ9wju5MWhMWAMUjMQ8UJfKeVwYd5Lx8VsPhFUxh%2B7427mwtjRbpbYW0ujxi%2F7Vv6h%2BdF0H%2FC0W5O2br%2FU%2FnI8KCKrQlaI8oukxmU5gDoQVw03KsLDWnWSpJpZTYkTMOK2fnmZaokpxq5ca5ehgpXjWSQV6D9hUgEAODK4nV4530VrVrqTEk5JhVd6wo2jy29GCypOW4mTfgXZne4%2FkQ82HVvf6AQYQhxysTfTFoOt2VnYN62aZoZbjAkfcgp%2FeMlJYc3lRRSQTsRMx8NupHSGRq8yvJexkJBxP6CqrlDJFX3lGxdhB%2FrPNLUCQlvMj9IsV%2ByLSxQQX%2BTkk28l%2B3Gg6KqCLvgIjNBTGDsJcP8wclep3sRyLNJlHYdQm%2FhMiUhDkFE2nu1ltQeB9g8lIerJQjSVhpgLO9gz3STDQ%3D%3D&mm_sceneid=1_0_7637543919_0&a=xxc%3Dad_ztc%26mi_id%3D0000U55gpXW9EZbL8naW90l1225wC5P8cGVfvTXOWTY9uNA%26skuId%3D5930278434026&id=904741913012
904741913012,eb pay24小时在线背景全国长期EB PAY安全稳定靠谱在线eb,6,¥,,tb679938910,ebpay全天在线,,0人付款,北京,"24小时内发, 包邮",是否带画片:是 | 相框种类:PS相框,http://g.search2.alicdn.com/img/i2/7637543919/O1CN01EqfqUq1eoxEBbsetm_!!4611686018427382767-0-saturn_solar.jpg,http://click.simba.taobao.com/cc_im?p=BE%40RBRICK&s=1606306309&k=2361&e=uBj%2BiA3RRlXFqomQkOMOPVVA9%2FGNpE1A8tF0FQAgxXyt0X78cvP3ynVWHIWZzNAD8E9bqXsSlOtcxnIQpHZfcRTD31ugX8NXPf%2FJ5lnex3%2BpRvuaETmNVx8PgpvT%2FNWNHkS4ZzVzoAr%2Fs%2BAj24pORuFC%2BZc%2FwXPu%2BBOB0pfF%2B%2B4N34RCdc0m4ZklMc49e%2F8nqAaUFPColqPNFQcZLhD3cTtb7Fcqxsd0NZnPU9GT6rSJW%2F1LZCykkucJiEVbIA7dSqYJdnsZKpaGep9tDUTp%2BmOOMRfeGXE%2BKnZ1bkp%2BlWQkf3lOI0GgOfTqaPvN%2Fo8jFIzFOKvCLjiZ1wBe1d6sUwX1ZbNgIZuIuhPTRlcYEhE5eHygu0eTvw1NEoh16sZxnuu%2BFPxWZz7%2BF%2FgHPxo8Nw%2BycGVn1Iz0MfX0w5SuR%2BHd%2BzratbDp6apn49BHeXgsqmLE%2BKk%2F4u6kHxgf%2BFxPcnvPPwovyqGgGvswswSzaRJ%2BR0ErN2T9j5q6%2FzHa33NlAdRV7eoVTtbJDznY04dYMnSyOA04ilDXSBHCoPliBh3ZKa5AZJOeWyO1ZBrlQqXXQs8jPWhM%2FHUhtehAkMedKX%2F57%2BNHr4sW%2BZ%2B7dbab7%2BLk0CR2aQQ7bpfMILI4iWYHtkv5E52s9f0jvMO%2Fv7vh8jrnjwBlgqf4o%2BupA8mzoAAcvC00qwuIrMMwVsPeijsjl0xo0FNbq%2FEPfDaqfjHnIplTQjkbjFBmjQJM3b7rIcdIOfMeRgQpG%2Fqhbpza%2F5VkXqyYh3YfSNBYAdmm8xT5lZWfpIaSD%2BEFC5NQDJ6PmFDBdgUoiNsYVfpj5exMfqoj3GzlwjeaBrVlfZMsGOxQIBlynKYLkIfpV68qVQ2U%2BlcddxTGbRVpWnj8wZLoi4xuE6MuPIeYIppdlXsGKGjj0JiiaZQVlYhbham9JPD2U7p3f52ihVUNpRbIwSC37hl42zxq0YTlqHbC80eM79f9aCtGgB8XyD7kdpqpQa1Nr49gXfuXbEBsBRDwUBAvxe%2BKDEPAvYOlfDpdjucewzLybW8haQZOLLI3z8rIfhC2tD4w3y19SQh1stzIpnWRxhvpHDl6kFYPAZoGfvWxr%2F%2B%2Fsv1GVMeqhzovRFxi4yzQrNXsCc0R1u%2BG%2FGeJWsTTFmFUkx3hp5%2B7dXwZ6X4f9ZPMkt8nudVMeGzpNjdQ0gC88PtteddUDCr5uM9yWEMzi2XxUHxvRyeibgjmBa2cJlWTxBbaj9yRjWGRBFNfD12IdyhaVGauCOX2eIsOJ1UQWnFwNi71i77yH2OQ%2FBNm%2FMbKPczWi2Jj7yq3d8B4WR%2BQV94UCal8Ix8QWUQCtUZtlWIdTbnLLOp3KD7fSE15IntaeaMehBkQ3zmzFQfZ3qD7uV9E1leY7kiyVPyU1XNb0S5FhOQAAXs2qZxP9qQtwigQApZSH%2Bk%2FZh9DrsuPMD03J6CC7AQGDCTdZNTgOk7tMsXc2xrAt403x4UrnaFgmbL6mmUvEOdEcaiMLFP5L9N0SsKwP5t72tjr0dhdVhV4Cj5isWqZacg03Mb0wr4ESvB30hXGxu1Y7eZMmvNAE1boUaVzEOhsLduPLeQYFtSxb3Uqu8iY8s0m9WQVMoW%2BGiiEAjptmRi%2BZxrtTRj0n5Hh88W7yJjyzSb1ZFTlz3YeCby%2BxtgwG1b62BTEqNhqnZ13f%2F5LbeGghxP65XRRes4wjKeBX%2Fj0cm5cyqe9joPDrR2K4takzeo9ZHIf8GAcigF9Wwl8LksOpwOxM4b4bdlKKf9sfbOHU6CJDtCK%2FwKnHnSNeYbxCNYzNZ4SMSfoi8lK0RZ10w9oN34YSAWk%2F0Rjlub0vptyRSQWgHTbLgtzhDEKwmF1r4fInov4MhCtph%2Fj%2FvZ4Fe9HMqr4Us2amk%2BciDixeZ4GdOT%2Bj0Ua8J3LJn3ITcbItUFnimPge5tmh76isQ2AsyxtADBFpDy8%2FBip5w5btslQmPv5E%2B8OR7BWN4XGJW%2FNIwyY5eGAjvy7Hy1qK0CEtM5QMbDF3Qk6IsO2gdit80imuVrhgX2%2FsyjBZ37r1aNA4dasAel0mQt1ZeH1UZdA9DH%2Bpe9rO2oBbaP4OTbY%2Bo6oUbeOfvHgYWlCUTkyWAHZpvMU%2BZWVn6SGkg%2FhBQuTUAyej5hQwXYFKIjbGFX6Y%2BXsTH6qI9xs5cI3mga1ZX2TLBjsUCAZcpymC5CH6VevKlUNlPpXHXcUxm0VaVp4%2FMGS6IuMbgwOa1psA0O%2FRPJapX71X9u%2FwI5QZGz0LZiiaZQVlYhbham9JPD2U7oVvderSdU43a9k8j54cQwKRAK1Rm2VYh2vGwdCrNlSRlCnP7X%2BvyTXJQd3zKs2gJ%2B%2BcXispw3zIg%3D%3D&mm_sceneid=1_0_7637543919_0&a=xxc%3Dad_ztc%26mi_id%3D0000U55gpXW9EZbL8naW90l12_AR-2qQM13taqR_KeA-zzI%26skuId%3D5930278434026&id=904741913012
735177583715,bearbrick 44代 积木熊盲盒确认款BE@RBRICK正品网红潮流,5,¥,,tb1308587_00,晨晨盲盒潮玩店,5年老店,21人付款,北京,公益宝贝,出售状态:现货 | 品牌:BE@RBRICK,http://g.search.alicdn.com/img/i4/1028900134/O1CN012qRvYF1CrQC9pmEnN_!!4611686018427381030-0-saturn_solar.jpg,http://click.simba.taobao.com/cc_im?p=BE%40RBRICK&s=150476558&k=2401&e=2XXAPxO6W35yVt9FQIEwKyic85j7BjaNChqmnAxQyJbmMYZcl0iH2p18HwkF5U1T7fRZ7YMG7v5srG5uXooPYX%2BOjc8mhLGIfDJD1m2MEOvI9pcxYThhlpdjjEU%2B1zmnAs0PQNeKSMTxprAstgY%2BgMDc%2BOnx%2BT8HbAjvd4fbq%2Fh6iRvYbjGI4QUe%2F2eDiwYYmSXlbvPqxEMrGdaeVSnh%2BmiqMy6SlYkssxynuvcwdv9kDyQd2hfvfOnIcUpqNJQxHx9HZPytzSWRyX0ZSQSpxuqJDT%2FixkTUXv%2BqIWbDJwTvA1bypZ8oivzJfVDQ1y%2F6tkUREUoDmvy6b1YJwEZhUwAitx8Gs1PivX3Dk0qbXpZM7DiwAsFtBoMDLpzRTPnByFoXUaTzas5wXIFTJny8tHs1vPNVXpVThD1YwPqt4Uruei4HcRuyCkFV6DSUYHFc15I84mJNUvY0EMjrin1cHZqSkKRVcMoACWbq9di7Tv83c8mqpK6HR%2BmhpShgd%2B42qQoG6r5diGFFl5tYHiTqP6B%2B1ltNW0z42QNH%2FBAzwnyyJ9kPBwCL69areOrE7Glh%2F3xy7xwvVnGicVFnuTEo1NginmXXHqylXZHGh9D71b6VQsFEzUV%2BWSnlXL67X0DE%2F9cDn%2Br9KvFE5SYnB1LFBZrJQTk5GlFZC%2FqlBpSgc4Wckr9QuFouRpDwEhqcNP%2F85L5w2AGel065vpgbvcDiqNl79CvrdgWFwU3gjJpEyyWgftZbTVtM%2BEbfBqRJtEpB%2BUXJmd8nq1%2F9S3q9vrS0ZKMLwqyITx3MlWGTrhab%2FM%2FcmPw8iXiKcHnCmqDQi7cGLrtyHspYUdQgJgcdydqUgzESRCx0bXkgRKwGQLco3WF5YFdtYePSIb76dqn7%2BV1%2B0qQsz8G73fgXHdhzGpnw4%2FOfYIJOagJK4pAEF5EQZD6GoFOvi8MtHuVQRGBLtBE83gfynDkr6RtejlSxk%2F3HgNYIXs%2BL4pYKvH1r4e6ZMPZBFapc1uw%2FVydhTFIaNziU2D%2Br6%2BXeB0hB2K6cYUidv5xxQ6dFamfBQb9WO5GEeWy9I6M5m2eBf47yQfhCCBnP%2BSkOlwAKzIfoyi5vI5lyBNtWU67bRVIvU66sHd8DgMlUTDYsFuDfOstGwRS%2F%2FDXiPOSCbTpIqLDOfEBsn1eXbeNfeX6wZ83tUYaI6sO89j01KdCbs2sphrGJi8%2FMboKbxmrVnvJnf1sOR84uPlcGyEe3Ex%2B7PPs4pvY6kCHxsCrZyDgxWJKYenyGCVL2zVicc%2FEzFHerkYzWIpyOF0x8KafyYXlaHcGwFFFJ59Xxnj7KGlhMtJdgDiGP%2B5Q4nxbe1qt46sTsaWH8lmVJtYmwivA3ps88KUs12CKeZdcerKW1OswuzwMU1kfNxFL5UBgfIM55VZ0hwlp%2BxMTwbu4e%2FWbeeIs6DnyTKeVcvrtfQMTTzUaDkMo4LwOcw77Gi9FuBbXuJnKidXoST4Ny5YYoOVFnfTG1xEEqQYwEag5q2u45dYR%2BZOCHWSdh37R4DgH6LTVXYAwQKLaWhuj%2BoL0gKF7UR01ZH4vXSBOYgNEp6TpvMP948BqnKnDNsBoeiHV1DkWH91c4qfxEMQF9fGh1F%2FQZBHb6dMhrgxJDkn1OPM7eB%2FKcOSvpG1rymQq252s134ja%2FaKDraNk1wxxxjk0gd4H8pw5K%2Bkb3yHn8sYIBjaN2ntQBciJTwDIUnvtkFLWNcH%2BTMVsQepZPR9YyRVbhpYqJ%2BaZMwSIDPtUW79jC1e3TS6%2BOsQCiqgmpCjbeFv9CfU1QgjmFDdi8ASoxgYGKi1n30hSf3r2gyxAD5eVeB0gdNkTzAWuOkZsA5gtOzaEyS9LOpf1hBiAc4DDu8LH3glAs1AJEKCLCPy0VhYW0YaEr18SzfD9fi6GcY7IVUhkXQT99zb%2FqLCV5t19b0pD7n5SvuQestAkYmlS%2FfrWlPUQmC5WS0q5I1%2FEUk%2Fcv0%2FwQ3AkJ2tSdDMZIilxfn1veG74OjSnZpZRVezGlqOz54m6iGOz572UVhdEgoqyUBMxLYe2b5BevMSo%2FdcglJ4C%2Ff49cX4gd1%2BqfsTE8G7uHv2ul1mOYMMSa%2BoyBdtYbcAi0xhz8hszQJ%2B9llAgbrgAwo7DXAbiLLyayXuD0uoMyVil8iSLUSP1%2BEfrVjvcSjeWao8WRGI%2FiM59eq1iYiETgAMQUIEEoSmHRmEdoj1HLvm2XvNw1QR2o7lsZ2%2F80GxaNX5MWyGqoL6zV393RoXJ6JQ7o22PAFW3DQdq0DB1j0TrDaH6dbY0qXzvsqrc00RvM0L0ArlBtdftaHV1TBfDHSnlXL67X0DEI7ioDU2HsRvE0won7FRCi6uIlQVGqCYjfiMiGOTxpeMlBvI7DDhgXd%2FVb%2B96hX28&mm_sceneid=1_0_1028900134_0&a=xxc%3Dad_ztc%26mi_id%3D00002x1fgueesv80aveHCB9-_mTopH24q_ebNLOproGxAZg%26skuId%3D5083179689089&id=735177583715
904741913012,eb pay24小时在线背景全国长期EB PAY安全稳定靠谱在线eb,6,¥,,tb679938910,ebpay全天在线,,0人付款,北京,"24小时内发, 包邮",是否带画片:是 | 相框种类:PS相框,http://g.search2.alicdn.com/img/i2/7637543919/O1CN01EqfqUq1eoxEBbsetm_!!4611686018427382767-0-saturn_solar.jpg,http://click.simba.taobao.com/cc_im?p=BE%40RBRICK&s=1849063487&k=2361&e=wc%2FMZPYkhzH36UmSvV%2B3xDEKo%2F%2BCokCWzWgCjwPwktyIf4maPdAsf4Yi1gBneCEPxuHJtMZUtV4TsrN%2Fs%2B%2BOfHf7rTzgNESdoUQ6wrJomF1DGlezhlh5Lhae8Yi%2BO6Dwy9tUCk5YNA28D8eqW1mkzWJG6nm8MF3OunMEOSBh%2FfQozslmXPtmhdk8phpjrWaSu398Epp740Fq0jKEeJ6JuySHuLDkMClFAe6sotL89eWxQHxqoMNgwVWwtMdbKtRPvR3TLE5oo%2BQmwW%2BLbp%2F06s0DUEXQL8O6nB09smAJvhdS30gDTRA0qTzB%2FAIINr3KSiYTCisL729M7ij8k3GfHKfOQ2oU26Yt3SIiVDdP3DhdT%2FNpMLqGprz1PJKGNTrrHQULNoZFiZPsmcJqJAnJccG3F18VSRzEpNbzDmM6YNWES0scMCmaIb0lU7yqvzoz3T7qXdoSFNtPZxQU8iG8G%2FKaKs6EOrzcKNOq%2Fo3BGY31idU5%2FFSuPU4FkARz4j5Ez4VH4OUedoIqM3aaT%2FA9g%2Fv0QAdaNknJsS0fZPwbPGihaAFmDjDczjZdUAEm3U7B6kfEsZvCfgzddtn%2FnG2zk1u4w6Yt%2B0J83c5MehW42Glj469xMRXgFX1y9GKjPEkcbdPPVWh2NP5c1Jj5Ut5PNa%2FYWBhQYWEXhnjQIyxQ8bnN3Qch%2FAzIXLbBRZAfQNqZZyoGvUnfFIBgFMFpa6kxjrhs6MHLXk9Uivj8xumDfWJuw18SrpXg0S58IRscz0ip16QSjBhBboNV4olIrw7ZmjZdSkmIfNOw1qvukRi59DC%2FcydLgMcH3qQiHEagFxy1feJZNyKbvAsYkOEiMr9KdLPp3Z%2FJl2yMAyzTOl%2BS0fdZSvlEzbhBKmt2ZpT4PjLZDGc7RyXF%2FUeXhDsdp7K%2F5uGuZ0OgQH1Dw0JpVKPtHIjSaqLv%2B%2FR6fmrptkU2lYx4HoyHw5stGZ6taJI494qp7PEC69jL5zAMiUgJZ7n4vB6RRjJHjzXlQ6dt8LDHjqX3MGup4uQ9XKpx95MVx28z03v9JsSbD1TvAJUqBF9Qi83CDGRtdNcm4hPa%2FGTxkBjmwi2sJ7pAK%2BX5KbdPv6j0zwvp%2B4ZXtqfj%2B7y9OA9WrM6YyKw71tn6VxM49tJfAN5m3qUytTzeYgCjXVB%2B%2BbzKBY2%2FvRtJocRiww0JSaGbDy8MM5qPO7zcD9qbQuWzpQ52a3T1PNQNxbgJYsJQVz4M0Kr5Lp6VSQ36b3tB5iPFhynUanNBCvlsr9u0odIDSBzfFjgdB3T4Rj5P0kpVauOjFlp08UUEQdb1bYyQW8eyXZtl2nEw9ZLItpC8xwbmthhxpniF54lf%2Bs%2BskHtun82i5bJHfN68NFBCEadZSEpW%2FbCLaQgaYGE5h5hD0u9oQWmmOkhidD%2FhfOegTs%2FX4g2ZpuHMWuroBnvUjSm6UdGu9jKA%2FZRXamizCkjn92mrEYnLBVO8XLAGQsE4xd8cn5Yz7XTPwZGLCDJL8zFPuTRKe7v9QEOK%2Fwcj8HF4yXiCUAKcp%2FZFxI7T6smrfkNWAouSjwhbeqNvscrZ8zuwI4hAJFOuuFU2NF1wpD6c1tcJfYsbNEAwPfO4O0sotd5Pb0xOig1MgXKCgQ8q5gAQEA6gQ3E0QDA987g7Sxm6JOEkgb0WFp7xiL47oPA1Otpfg1hNbNRVMegOwqxIJeP0xZEmgpEkHCG2Iicj14v5xohSPchXHNUZxpHEZeVeqrqr0H91DiW5Le8bgsLgc%2FbdjuX8AV7oanG3SEANS2YOrKdrKL49Jnc79dTmZ2OA6bbKFYfNwP9awu1D4P720yWgQB5T8VI%2Fc95cSh0Z%2BIzQ2giJxonnHJpbukzbX5F0ndxAwxgkK2TmHrfa%2BFN6Ih0M8bBa%2BcJGhaG31P3Aoki5vDKOGLZPsFaeT8seg0GHiaV8T7dZMLoRWFlyVYURT%2FA8CX0FetS80cfKVfHgxGnCo36NbmCQlPEGq%2B%2FRXC2wuLjhshc2X9mGSXVrojl4oEnILrwFMryKUSNlhyU4Juh1B0SBLaAGEYoGFisyO9MqYAqN%2BQ%2BGPODIHpiNH%2Bw6cm83zFfwChPDiawifWBf7LILmZj%2BlIaZrpua069DT1Xkm8dyL8CEFiJr9vfG3O1Ff5qX6xMm9k9I7OI4M%2BwWrFWr%2FID8%2Fh6mEqj9DKgln20sKC76oEXaGTlP5HfwxUQWWMjLOdffQMb8lpbF%2FzneT3qk4t6kUE1caum2RTaVjHgEufHbhcGjFajBo77ZvjWXay0Ngf3nKpmHGEVfEQrv8I3bvw8mAKErNa2ijscsvdxWEMdP%2BP1FYt1XCg6ZIqKTgP2UV2poswoowvRzW9ceqg%3D%3D&mm_sceneid=1_0_7637543919_0&a=xxc%3Dad_ztc%26mi_id%3D0000U55gpXW9EZbL8naW90l12wPzCUKveKBRhoPu5yel56Y%26skuId%3D5930278434026&id=904741913012
904741913012,eb pay24小时在线背景全国长期EB PAY安全稳定靠谱在线eb,6,¥,,tb679938910,ebpay全天在线,,0人付款,北京,"24小时内发, 包邮",是否带画片:是 | 相框种类:PS相框,http://g.search2.alicdn.com/img/i2/7637543919/O1CN01EqfqUq1eoxEBbsetm_!!4611686018427382767-0-saturn_solar.jpg,http://click.simba.taobao.com/cc_im?p=BE%40RBRICK&s=1284654677&k=2361&e=CQAgjM0K7XTupXICNc%2FzMzSY7WoO3lTl%2F3EdicU7QkK3ofwFHKgJ5oRrrFQA76Lrtehus%2FD1KzVI9GbKoy1i7qWCGTVaRPEYyXPOEIRJTiQA5Ns9RXJGf1%2BPMn9Lvh5o1FqNT0NaF1%2BDuIVYL1Wn6kWn3QiIU%2BtyeQi4FccthIqtpIfrTuV5WyK7pmU79%2Bs8p5Jt%2BZIO%2BygEKVR8xAqA3ul%2FhBA5WGeBTbmuuDVbhLTncDTiyAIUqAuu3dTHv%2FQIhE0A9McrHbSkF%2F7VLT6vj24Gy6gYvJhutV9q22Wc8ftjI6Azv21grJBa1R6meX7OPToTyjGBtxkRcQh19wYIGNhSdQeaG71cfcOYHOongecRGixPJyjs9xDJ1HIzEorDXQ0S00gb6UwCEfN8HDNvBjAlZCtJC8eYGJKIC0eK2mM0OxPylvIljrolgzVR1d3KaJEaeF9VKCV5k9tJ05fUDTiSZrk7l0RfhsrnWmNrd561qXPC2cQg0QeCOCnzqJ2pfSCA6dhUOpvL74%2FMvxRBwNm%2FwZvN5q09OX0jOhRRy%2BMNubV30CeaBJlbhXVEj5LStd69q1L08zrX7wKf8sZDX4ilxsfH3w7nf7Ox75E6J%2Fec9d4ZULT0O6jA5jHzvrd7ZD1qKFuRp2VLO5ZC16L%2FHJBix%2F0HzLZgjLgtgGX%2B4dO1PK3Rk%2Bb%2FKcrSJ8vvV3waBrIe4NiQBbjIm3SBaUI5MjkmDINbxv4uVsfeqtryl9YBa9lVl2PPCei5kv0u%2F196vwhgASDK0kk8MsdAJJwOXQI0HiCl8lZ6F0mzlhhTVIAJDkWs6dtG1vC5dz71kERYlGkqNyBoOexReXylMaT9wAMMJ5BQXVv9CFv3%2Bx654anWXV9Xa1oxk%2BJ9LHVrURQqL9WjhLTQbO%2FEg%2BWLMoxrCOWrX9ilQt6s1ZzFwrPFGEVU0TZ0jI3YPXUKtca9mfxeybvYIOA1fDl08v2DBKlYLpRS2%2BjdHrAUHGChf%2F7AH5kdCOFmJGyKwEG8kkH%2BMDetnkf5n5nXheiLhELaWEVOBUYEXuVeskgREFW5fJeXmqR0wiDib4qCXydto1Aen7o1oP5G1zoVFcYM0axLrJR5AwfUOd5YAAH%2BHBitdJ32zWfthM6EtKlwvI89Ya7yI30hxPf5pGjU8M31MAiMLSjIGNG6tqHfJY%2FbNDqOQEUq2DRvAMQN7dyhUekU1WMHmsM4derjfP%2FEbfBEX9kWMibT4gTGcgtv0AqMj21G4nMsBvS5qU4rd5EpQy6dnuQpTpNErMhyAB2UVs%2FhbHz8eBqXpXDGdo9LgXWvmSH2C4Bxv9Glz0K3YrJbvInE7%2BU%2B5nWQ8TWjKb5y6gXYOH0x8uLXDQCwXVl2zCAtCOXL15RoukSyWeFwiNwNaGXgAIOWF2iKI8jkVi1T%2FtT%2F9z5y6SbBIzmFyES50m5sDNCWAW95SOb4e9qXrjaVQ5tQzAoqw30BygVJsexVAaqb9yeHivvILDJDPCfT8LDoFfMI0qZjFP797R5ro0O0lr8MDqLgMOMn1JGMvjuwiRwPm%2BRbkr42nY1imDS5b%2ByKvjyPmOtKKty7RbpZqZZ1s%2Fopg2Kckxgm9Nf1BWMyOMcdcL21KMQRUD85waKmtfl%2F6qjMSYkrVpv01%2FUFYzI4x3t3M2C0QEgUX48yf0u%2BHmiwj56ll%2Fjg4hEh%2BJCpJb0vA5ZALT3f4lHMFuR%2BmUkp2hxOmlvKW%2FxS3DNVXwDRY8YzgAUpSQg2fo70ID6sGbSfXXkIvsAEDJTD%2Ftd%2B7QrItfF9k8qEv99eZzdBIGV1aHKNyJTs%2FuyWTDpu9dTQJ1rFNAsEGsHHoo3tO6rQLFdvTBAfXhDk5HhtE%2F91iFxxZRLJtrMhkCzYWi7JAkZlAXm1zTPwpAvURutC%2BDCR3UJiUpI9156RH06UDWunGRuTIB9eaWmgeuge3OsIf5yiLcog8kP05EJuYierAu2BqcZZ80hk2Ahd9Ig0FugnU1xmEU4J%2FJU1%2FT0urSGWDJnLsbE3H505Bv1rILQU3kDOFA6m9ZHsRPzfA5vsY41ILaXBiyYfbhTMVaYlng1QYtBjnZUCuZDPFBnuuJP%2Bha%2FDae8ktrKFRzqJPw6ie3WwGEkuqpa3BaPWMZ5o0XZZjtTZvx23YJtqk%2B%2F2ZWTIZefzARNHdfEezCgkbwDOmsx4XmNDSAugql7NDvICGAeVI6i9E8rdL9WjhLTQbO%2BRewrZco17H7bgX0VEr6yVG1o66a83YoQeQ3CSLmoGX4SaYuYlSwhL3pNTE8vENyeGRA2zRHSbdKtC2tsoW5GIZD1qKFuRp2WbbRR6%2BV80iqJBE3UxqzR5yBgf0EeatpYIFTz66F9dqg%3D%3D&mm_sceneid=1_0_7637543919_0&a=xxc%3Dad_ztc%26mi_id%3D0000U55gpXW9EZbL8naW90l123bYcobXdBTyhfbE0NcwUcQ%26skuId%3D5930278434026&id=904741913012
904741913012,eb pay24小时在线背景全国长期EB PAY安全稳定靠谱在线eb,6,¥,,tb679938910,ebpay全天在线,,0人付款,北京,"24小时内发, 包邮",是否带画片:是 | 相框种类:PS相框,http://g.search2.alicdn.com/img/i2/7637543919/O1CN01EqfqUq1eoxEBbsetm_!!4611686018427382767-0-saturn_solar.jpg,http://click.simba.taobao.com/cc_im?p=BE%40RBRICK&s=1904802905&k=2361&e=B1E32uUbCJuVGePyql4TynfzjqfwKbDQjw%2BS9kKwTPHbdYng%2Fxud6vZcE7G5czhOOjpdgwwTn799Orp5qVhLHaOe6pb5yPooWr0Q3xJUTwrRlfA0xUAqNiZb8CegnVAufQKaE8HwGzvcUF7oUygW9KaMqD15yXpK69jhCpGeznxl69jV%2FZTD%2B3d0trM5eBp2njtqD47Zxm5q1abxo4rRgUOTkGVYsOUkJkBksAeHsWV1k7h6udtsCSjvscBrWaCRRQ%2BqjEsExWVQ4BGZYlSt8yUSc4edfk%2FUELRD9z8IFSBmhbJ7O7WqC2I8dbZBwzlbtz4%2FDLD%2FqYAbXyxhgbeLpBVXxeYhRRSJ363874t3bRdhiuqZadxagYq9rb6S2PiXJjbpIdLbTen5vEZFKeVhU8HjWH6%2FBNUQWZCEFphcmitvhqZadSaE3s%2FlyHEsC5%2BTZX3THoy8RJRCaPfPGH97tMTzsi2p9P1EKPnxApw0YRlpevwunv7DFES1u7YwZxWs49CP%2BpcuVAOfeG7pL%2BtgzEK9vX2cu8Pvp%2FK%2FW4WmJXHRvk8Qo0okPk83ilPHo4U1n9Q5iEI7Nq%2BOanSgtUYz3ohBWVRjQQdV%2BxtUepuaJmg%2BYRNlL%2BncGpA1tbpYyMa4%2FoH5X2uFD5Frxj0hZsS2xwr8II1v%2F413QR38wBFvbufk%2B16LvAZpIjXPoSsiQ0AOpaZUh3kJpaEo9rDP33z5HYYhMkDyxH4tMm7e78qAumvfDjVY3FBI7uXju3HR6juSvqh42MiIQcOxN4C6jmEqFGzrS9eS5lejVTcxWkxN%2FbN5GUbZXJ5AD1RWK3Ghxiy3U5IOMC%2BBhY4yXk6Mku7bSzqKI8l7MAI3QayXbcOjzU3Ug1be61kTI%2BCX65z8B%2B8k0OGixJmVWtLOW15EY%2FJTanKQTknJny6O9AXB071Utr3IjGTdOv4EseSq50ucPJw9DRdk4l3Icd0Nus8FkgmE18n4cLEb%2B4665MxeR%2Fhh9DhkQXsADZMlNaIw8u8vNUc%2FBuJgF5KCgnvmZ1OjgrhwYPwbTwIy81VuIYhv3c8NA9ptZE7iBTCmAldln7cLTLpClLypVsWr2YWWn4Jm6CFPs0NFp0qWW6wQoaATEdpPUnZZG1v0xfFrTLIzkhBtzjGjOrLBSOzEL3tPj6oQQsc8QWv3wNiuKda%2BCB5xghbWl39iZIEpJLiy1NqccXYCutuZybajviNsxIFLvoadXIeGvQqb2EEIABqLL0oM6sT34njNoc%2FqnHF4NrnlGLVAzzSOi4uaBNZJG8555oo1sLTEwiqJG%2Bl3a6gSsoloqhbr8Z6wGokxmXQ0qBE%2B2KR4A1LIzo82UGGNgZ6Am0J1d1QdV1s7MJrQP3PwYROMX4CblD5PvuUiaDQERNAf2O%2B%2BZSKDI8N0%2Bq5nK3izR6P2WI4YrktyJsj0CFQ4N%2FH%2F20NUeeehL2GWP0eswVUOhx%2BKRTvp5rkB3NfIR5%2Fq%2BbvVW6tkxTXGH1hU1mXVOsM4iDySJXf19Rqh8Wk%2B3PJL5%2B%2BGY06kzPmudm%2FPorL7Tk3c391OLx7Txkpa3ajFS4qduOkXhVcTdzStddC6yyokEA%2FyAbw0tjPzDP%2FRo8DXWwgA%2FGtWw5nafawsxXLp0dkEtZ1vpxm2M%2FMM%2F9GjwJKX%2FcV47HsCED%2F0up6ACd1PWWNAjTdXe%2BsE%2FXkPUVm%2F1b9LdElsOEF8m%2BOyJm6tRzx6X%2B%2BgDFukvG5%2FatlVse2QP8T3F%2Bt%2FywSGHVtW9I0mvpD54aZJq3iTxUwCMm%2BmmVniBg8Mr2nWCQMg8BsyjXIpS0z6qQCU7dcixqtcywTf%2Ftz81nov9NPDjfZCztnAMujJBHGakcyeuTIAUP5PWnrZE5HJEGNwrJ%2BLJfpXpecXd6WaEQFWJOmjdbA60U3KBIagZzQA74ydZRcBz3BoFMV02GE2cf3U3gBPezGh5dE%2FiNqNjr1RmPk7HxnG1gJN0DTnTyZ2x5PAmTlWvCgnMXojMQrucB0S0Pvk%2F20xfOaBEA7q8kjnNerYj6cHyYpoQOyma5KZLtHUeTC8ntY8xrf4cAwTEuwxJzAPEGHItegy35g%2Bxj03t4WAomll8zGpCFld0LVjmcadORJUhQFNkIsNcp1mH5VLSxfCRIgpZgnGMedxP9RMwF15UiI%2BNR%2FFOY3xXT%2BnVKgg4SuD3Pzjo8hkJrwOzLyIXNsv9%2Bb8IHTlZmI2H1ooqbjiGlDPGgunouCC3Iup7IM7Tz2mPmISBk673L3tL4NrBY1l9ZUhUU19O15zKMtcFmzQH9jvvmUigw%2FacSG12BNN%2FoH5X2uFD5EfrL4n9ZvwaN2g173%2Bnm%2FuQrqVOmdTnokepezkjabRLQ%3D%3D&mm_sceneid=1_0_7637543919_0&a=xxc%3Dad_ztc%26mi_id%3D0000U55gpXW9EZbL8naW90l12-BuzTiIP2NLoCeS_gFW8JE%26skuId%3D5930278434026&id=904741913012
904741913012,eb pay24小时在线背景全国长期EB PAY安全稳定靠谱在线eb,6,¥,,tb679938910,ebpay全天在线,,0人付款,北京,"24小时内发, 包邮",是否带画片:是 | 相框种类:PS相框,http://g.search2.alicdn.com/img/i2/7637543919/O1CN01EqfqUq1eoxEBbsetm_!!4611686018427382767-0-saturn_solar.jpg,http://click.simba.taobao.com/cc_im?p=BE%40RBRICK&s=1295795062&k=2361&e=xLdQgYAW6hmDYUt7uly9XG7uJ2A8A%2FUMXmeDSvUYKkCQZ%2FXt9mGl1u%2F16AgTM2ShkSzX1KzxV0n9jD3cnbPm2BuNaWeDkEnXMrTqZAzdeH78jfRn%2FJzzut5LOrUb370Z4uuwolu%2FLYcJBSZxllxNGycndH8YgZ63vHMt0%2FHS47qIYH6tKJ3UOP%2FU4jUfhkNCMz4m5MfpfPu5qQgsNsEali3gTC2ZUMghMcQ18JvGoWO6ifJNdVb77WKxUPb9OinjeUWWvqp3tgbLmVjzBSBGadlRluob36kcz8En2HVdsMXOgsG9%2Bv1pYihHz3ZW%2B1d4dSvg5wnaO%2BN78BK5qe%2Bk%2FRd4seQ%2FKbISStUC24OHlwujJ2iZ7v%2BK3diDVF2GTbtOlIS5QymTuWsyE0nMzo83q6NQRpq5VFLqm0vLmd8H41vTVZ7boivf8SwOBFjJ15i6GZtmtG%2Ft%2BK%2FJG2tb7zBk5B35DrwTvSRkjbKsK8zNXbj%2FUR0CP3SX8QHFNVy0GEayev1YKNHCV2LKkUsDdfUuqkCvJyM84bszrkNcwwAb7X4Ynf0AOiPyaLhQL4nYmq6cy6abyMD67R4vdS5MwGrtusFLFvX1P2H%2BzBdEM579l8cHGA%2F%2F%2FFFFaKl%2B15T3l3eHblEYwBOHNMQaCc1H9ahQqamhSlWXQLBANfxWfRidpIUvPOu3Bj5M8VXHoRW0NinQv2Q%2FdBETTzTk%2FG1YmLazZZ8gRQ3SxOspL2TrSrk%2FDCKQqxqCTTLJiLUHUuMIm6uRY6Myt%2FDaPFo6yUEgl9TuIhFrME9D7I%2BD0qMwzIGQFqxs70O2GSVNoSN3IXPnwF1IdiBX%2FaRlHK164Nos0z%2Bub%2Fy6haJyNrdCRnrIKpHr49lLtGXvrJK6NW7CeoIDIIswOBz6Kvi7BlK1o4ZO2EN7OFma%2BjBCpdQdLxkPP53MUA%2FuchXPfwdxYMdh4iYa1eFnp7130A3FghXnnBjuYfYPg7%2BsEsIbGXndl7fE48POE8sDfe2dvyz6qcVJF8CtM%2BRDlwi0gZolNWZLjOc5rLw3fTajsgxFz2368RlAj6EXkQ1HEjR0BR%2BjJjnK2xJl2mxA6Ld3%2Fz1AxJtKVCj7CyvrqFzeBC1Ywvy6XIr1wBCqb9IzaMieZTVL9an7v%2Bwh%2BkwRzJl04pzB3lL9dEZD3o5vxszbC1XLGxO0joN0x8b8TfdSMcA9eMg9n3NrUeh66VS52Q%2F3mIVyp5pC8KEwj6ST%2Fs0jXEcd9tsMXfH6B%2FKUPEr6hWL583oN982mRJ1IZPASevpLQ0L5kwpTsbDSh%2BXwnt4%2FqFElZXNXzEkJUrKblYU7rpnIOgBALeIAz8BcDAZrAi8m9qXCwSrxHGWb4gqcmf1i2dFLuihlgjqXjetlOLn%2FdZAI0fvKTJoLHZy8ugy6JQ%2BmwiR52C5SU832JrGfoP9tgyYZl61E4BektNE%2BV2dNZwZbZEBX%2BookqInykrWQegIHjo1l97QImAy3F%2FQcNvM064vuawiKTjLM4077Yvy3puND97RrR8CgxRIMsLCObdigj%2Fni2G2xrvjVrU692wYc7xnKVdoljxT4bc8SlyVhU1V1kMXrRXDWarpSOpGDhn3j%2FSV2MfyC96zdKlujsfewbd3GWgK6dptA%2BHviAnaGfeP9JXYx%2FEctOX%2F5HApe3ks6tRvfvRllCWZyOifOY9UShtE6ktCMzmUC1r5JKm%2ByyB3rf7TZ1FAnYD4rHjqvhzwdeAE6xuQ5bkiknRnWuDc6Y23PGkiIgZA3hF8MK1Uw2yaeOOaoAcG5i13ac5ykU0iDRY%2Bh4cbRKXKvuNJh7R0HdAAAXT%2BsU2WoTSeiTEqdjKpS8Xb1OjI6pZ%2FScc2i5iEnn5ycy%2FkyRpyXNQwuZHMAPTd3q%2FCeosq2J%2FJ6QsMRUVOXckGqaeJrOugBYHF9KXFlOOEf47frSGvGLtOp0tIoPAQg0Vh5GAY4UO5vCWBKmZdmy6jIOc3rPJrGPduZgJ0CtvDj8AwdJUxliHBTN849lm0CMN756gKti8KdGLWdBfWLA04AmuhxjTUdD%2BnO52582LjmwFZxOIz6ISoAzb44WHVetOQO7YZZtH0lMQVLN8O34%2BBAZit4lwYtt8GXMFaOUzzGVvrd%2FiOxXPwiIef9prcxtf8Xgn7s2pi3ve1jQq5LSGzLpaDqb6lF4dPcAA6l9GgIwmgGNbBMDKzVJ7c8CZrA4hpWOBz6Kvi7BlI2KZBm%2FOnwkQnA6x0FU0aI%2Bl1cVRsFDXcpm3vh%2BmHtlnPCLz6XowhiM6CwSMevJH8hV7DhpwnGsfNPiDompCoublEYwBOHNMRd7vNfLDAv1D%2Beo1W2FY28Y4nDYn2%2FbDXYTadqiRY2LQ%3D%3D&mm_sceneid=1_0_7637543919_0&a=xxc%3Dad_ztc%26mi_id%3D0000U55gpXW9EZbL8naW90l122pUhQ9coSkMdiIV_I5otmE%26skuId%3D5930278434026&id=904741913012
904268758914,eb pay24小时在线背景全国长期EB PAY安全稳定靠谱在线eb,8.8,¥,,tb679938910,ebpay全天在线,,3人付款,北京,"48小时内发, 包邮",是否带画片:是 | 相框种类:树脂相框,http://g.search3.alicdn.com/img/i3/7637543919/O1CN01PXjfyz1eoxEDCddC5_!!4611686018427382767-0-saturn_solar.jpg,http://click.simba.taobao.com/cc_im?p=BE%40RBRICK&s=228809580&k=2361&e=W3uxr5NX%2Fi1eq8zk%2Fo1rwLfANyXbBtgHxEzUIlE5eKx4%2BCS1LDKNcThNZa9I0FscG2HdV3Iem0IGCSBYtyn%2B%2FVyobBs3hM2wLBFTkqfpPQFNYBE9v%2Bz3jL8ihWXOiQBHcM5AvjrDwD%2ByPz3REO3%2FCyrxKWdG%2BOLsRBqIEYgEhiAUAHdcgHs6SjEvUG9mlBbEtEV5oqr3gWJm1qq9GJm7bOTevjMRp8NsPxxMYHyQ9RNARJ7daa77lqHPBGXzHjrQtMNrvoKBjkyy7dKsOy8pM82goYWtVKrcc94HZS3K%2FpXdjCiHAM1B8t7EcPRANnGj9Z7xBii1n52eWVRN%2BSgRnuiIBtiEwhAIowa%2F0UxzbL6qwmHRGk1cxKI5uhdF6gaCQ0kvW6otzKe%2FmHUhbsvQ%2FR%2FDcSJswpqjenhmrZpJ35DN3iXh%2BNT%2FAZ6L%2BUOCbGNJCxyaUOhDFzq3IwYMs7dHntLvb37%2FglwMB2wQ7Dedr4rBrKHauetoguda07h9tLhMvxN7AzUSQV3tJAhjZ5rg4pBZHuFl1RVz9sxrMOeSXy46abLMd%2FyJQZ7L6LKtalD0hhjgRIUR6kC9g9ubcGzA%2BBNPVasYrTh%2Bo4AH2avwpM%2Fqgjlyq%2FwzDDMA43oBctdpheLt8uc2wVLcKjjVYkVRGi7uPxxaL0smVouTdKVKa30y2aIcy3Eb4P3mUGcysVLegfLS9c2SpQgH%2FmravgCJp54l6AGWl6mhY0OnK6DEIER9U1J96%2F%2FHJ4LesxrsCqUREQGlpRR%2Bmy48WiX1c6wB7JtteX72N2ydLAYVxx4c6UgfNdGRNKA6HwDokVbmS1li4wXGS1JGYc%2FM7s3j8%2FOhbRhzXsl9L1VjU4QYrHAZaYkyugft0tblJrDeuhQOgHY%2FmQmoBNelw6o%2FRH8j7HS1S9sc6HejxcLcyoGfXu%2F5S8Qp7Y9f9%2BQRhM8a3NsoAlCuVnG316S7gH45D%2F6kRVMwNCGoEsOG5xN%2BnGhKI2dqNW9hJc8jm73rXGT8W4ghqUWdRlVn%2FSr%2BnVd%2Bb%2F9k4cMl4qF3odWNS1AxVJBvnsCNtN%2BLAYmOl3JCno4je6uPTWw7o%2BjibVy1FdC1%2BPyMmMKstR%2FPIsTnD49PYEU7V67ITt2tuLTrJFc1EyVC7hzyfcAZ1LXjkpiIqy2JDmGjK1wfH2mNMfiYpioAWrK71uZYoa%2F4CZYy2AbYnz%2Bp%2F7SOhSOhgBO%2F019SO0W9BPefRdTO2hjHPp0vBIXnMYmoIeiBKHvDoA%2F2%2BbeK9Q5M3HvXtQVU6IK2LKLJgV74JtYsH9mCMBk7zRkN%2BPXn%2BDbyH9Y3nWNXpe2B1P%2BX2aMWVnFB2RUGGkaDP0572Kg5dJkUd55OwFMhppXfQdD2QIhv04n%2BciouvJ2g8RDNZsm4pzh695UGRA%2F%2BCpKZVmdovZSYhk5SpA4oyPx9E3IWLsv2jMwO1iNnnC7%2FtOMMF%2BmWmwvJCJ44%2Bk7dDDQxl0CyNQTQ3WfW80n5CWvnQLrNWMHz6tJbvtl%2B8nNpty3VInuocfXKyApslLSHNpA5QRIVqN2%2Fqirq0EfyXF5yb48sa%2FZMDybYFFg9t88KQfUx6FKOMlwHF6wttzlexZ8PjBmf7RPeTZ6Se3UEMtVjMpLC9Eo91bQGm%2Bi3OV7Fnw%2BMGRNl1f4Ylov9dRPot1IDdlhamY4DhIB6pFHAacHd%2Fe3gVGqH9ukHBKsPoAeh6rtGnhj2mCWqF1Alwal0BUr6kc50HWHysS23x4enkWpMjaXjE3J2Gb7RuA2fWfy%2F8y%2BJs%2FYz7TpOAenIV7VQ30NN9Dm4PTscvTC5Nog3NPGZ%2F%2BNxBWjS%2BTpI8iGgHRBktkEcn3Lc33wqsZvzgtZ8%2BVDFLnwswlXkAqK07b4BmAELOxyDZyY4QX7v3ISnn2mslYORS40QnSnCfeffNIkgyCHE5mqso%2Bx6Y88rrPRZsKL5269tzaZYoGRFSqQTBI6wwbg4R8IuE2zirhmIsTwzcHtFTFsYZahtNutjxm%2BBEg%2FjfAI%2BbkEcB9r%2FIrts8w1ycYpiGDEnyxqFDYaWsvJtbaAYIykq54AdsHO92EYJxyME5cT2j19e3v%2FDDtS1xn%2BD2bKld8ENBsq8TuEuXMvlrAqwYaNNdbKnqSbBsoulU0ClQzUzVOkYPSja%2FW2ypfHLk6BYKSj1BOTBprhBiN6AU3g5mEzJh1%2FlM3mcJmmlfKBlJxaP1wBGeV5%2F%2FEJOWqnnv8R%2B8jRFHSEG99fvzxrc2ygCUK5BasUDaqqZFt8bFVypKVfHE0sXRBeQ1Q0KlMVij8fq86dT3xi1mwoWJ9fIF3UmAPT9JbhlcryaA7Tr34tgKFOFZ5wu%2F7TjDBc2C%2BCs3QvVRw%3D%3D&mm_sceneid=1_0_7637543919_0&a=xxc%3Dad_ztc%26mi_id%3D0000nlvcqpQKF7v56IHrV-ibUGYxWlAYlmh0HOrcuunn_-c%26skuId%3D5763061868331&id=904268758914
904741913012,eb pay24小时在线背景全国长期EB PAY安全稳定靠谱在线eb,6,¥,,tb679938910,ebpay全天在线,,0人付款,北京,"24小时内发, 包邮",是否带画片:是 | 相框种类:PS相框,http://g.search2.alicdn.com/img/i2/7637543919/O1CN01EqfqUq1eoxEBbsetm_!!4611686018427382767-0-saturn_solar.jpg,http://click.simba.taobao.com/cc_im?p=BE%40RBRICK&s=1653191096&k=2361&e=4F32tvJKlSCuN5Vqv2vMpo3MxID1cqbxd%2FBQ5L%2BOI69UgwojeiIwzAYkEtwCA6%2BD3TBHnCJubPPasffDOgiLPbo%2FebfTJz0x5s8mkYFqyYBzAlNEUQoJwnJ55i%2FgElo5KR2jTJ6f%2FM34rrC17lF2Y4M%2FmBdR4thX8UNBFbzZVfT2zU3yzupteVMP7lD43AyI3yJ1B2omPiZCwV2PXEkFDBppNP3d5Fs8pLHJM%2FafJ2ULtzAoD0Byq9jEfUH540rjvDRPhpukHrm8wL0lIJPvFiqkhsBB2dpfrwlCPGzZZqgVjPauYQWAXPC9KaMALk9ItHECc9gicAUhJEFxSWfbeSpo4xC81ozKiWuSzMWT5lBXsSHEnoJEjkopbNxqBunuTRUe7JmV3ee2lTj%2BPxoBngAuAD7OHnmWEMOqJoCmeNuX22qji0hxQKfLH8QT4qSrq9NrkCbFWgIj2cr%2BgC%2FSpI4VzXj7VnHNvo7A3ICetzXQtHOZbG5nD511jWXBvdmgcR5R86m1lf%2FLW1vz%2BatvWwRNchZ%2FdUaOrOaWprzNY%2FaG9hVoKUJwN6dBGf0FcBbJcZPuQJaOeDyuMZMqB2e7ozCBRLikKlwuOqShCVh3NzX1rLMfUgnXglUtyTjXR6MkXuD80ZEa%2F3dNMOHWNZM7cNgyUMX5KutKfVO6xBTNPiUcA6GkcEaCTJpX0P5j697N4a%2BUlkugBVe546z5wx64DTp0bUxlNyqEG4bwrcasdCijQ2pOQt07WV1f8guZfxpgasjQxErxTe8v6W4DRU9YEKMUClFBO5IkXwTAhhMDKpdWUWBm%2B6FV5KhkIbMRlKptTeVE7EBCYUAfWSd4BbKQzS3wPpESWua79NKwM2zW9UIzZ9uXSpCT7MH6GC%2FQiUmc1XC0IaKrglZVZpMrHZeB4Ym%2Fo6XNNHFuTrJ38Q2UM7h1OmeYkrTi7EVfv35r0KkuHmrK9rLVLbj2PakK2pyHR%2BbW255Sx94YWfPntXxBvgCBE7PzYH0CDv2OQ%2BOWhN5n8zr%2B3wsmukUNaiFk44B%2FsrdIRmYPGOWicKCh2pgGAQovn4rPFPRwv2czA7Jhnf6q5%2FiEcNjJC4YSOnJXkHrhzsITX4SRpodqmGleYwSp7gQW2IKvzdBQJX7HJ5%2Fak3UCp5x2noStgOj6C2TLALyk8gEeHzzUaXAqrjm0UEflMxUpQ9s2Az1MWgc3U2Hbd9%2BHJ8V8z3I3y9YIIMsmshMIiYaoAf9R89VhTR2soRw9IH4gFymGIHcU3uzQcRLVQ2Z8QyJGz4qIRLI%2FfH7Sp5V7yoRqFweqzkVcRfGtQtEi%2Fimolu2Sg8toxVcVQmld7Gq7qucHFaWaqJT2MfJJ7b2aL2UR0rsLh7tFUUigUuWK%2FX8H8MvwdgTd%2B%2Fl7GNX867xceu0jDl5BBIgKmb%2FTHPDKAMA2WlP9bLS4xAh8U%2FezMsHdT1yGhnXYfurrmN2jidkrUn%2F2kUoG2bw9tWTjK4XKgi8bLYa73QiLiI0Fq4HlivTPeH9Z9Op4PpUg7yl3bac9Tdjnbv5YItuCtFp9vW7PpgivFb1qdATV622lbti5L%2B83Pq5d7IFUxKt8oQZFRo0QQITCC6MAP%2BwQltL9C4HgvC3mE9Vsxz0QBMJyNEbzUGBAhMILowA%2F7KTLlwwj3ZgkcnnmL%2BASWjltXGNm%2BbGzxiarCpTgC7ncu9nKKHQ%2B2F6oEHYu%2B6oLeZndVVhSHPxVi3gtWET8xFvzNgU63lIAHtiZtDxWOu0wsK3mktcVEmtiMsZTs5NQ6Arw3XFIaHUa99LjoFksHWNTepz9BptdpnnO4tSokVjDVZDcn30ek4qjxtnuRRvaR%2BsPBD3RWnVaVXPmDhHhrc3AvLsB9tzqTp8hQEcpGy%2BBeSM%2FwU4l1yl4tbhvrNeY8fmqN24B2KxFqA1Wsvt0cPnErivbkye65NRh89IJkAtPbgF3iT49Rul5YshdTOgHEMPwdZvSA2FGktryFw6c%2BCliLBUCq05STmUe5uBrQlDphcUQnQ7fTxrVQ2glQA1wYHwIS0rwvjdtCwgrJ127aeX%2Fy11ECeBPiiO60ayxUqLz0e1kdqW57H%2FNzbS1JKSVD%2FDizfy4lobiZmw9xSMaA45JaNun3JPEBqDIKsiU5DScenLd77v6RSUtfIrVPwLxr7M0VuNzMJeKDbZ%2BgVPq063rWd2bx5r0zHJ49ldQpjc3R9HDN4OoehBlru4DxwbKaeoQEeXLFTwIRV%2B%2FfmvQqS5EbxGMxY3%2BbbY7Zry5IQfHjoMVKBG%2BZbl%2BznAJq%2BiAv2P7rtq971EBVX8HqQMZqZtFNu6MV50SZHmoK5P2s%2BCQ3U9choZ12H57lqo2M%2FLpoA%3D%3D&mm_sceneid=1_0_7637543919_0&a=xxc%3Dad_ztc%26mi_id%3D0000U55gpXW9EZbL8naW90l1287sZoYVtTbz2LZ2kPDyfQ0%26skuId%3D5930278434026&id=904741913012
904741913012,eb pay24小时在线背景全国长期EB PAY安全稳定靠谱在线eb,6,¥,,tb679938910,ebpay全天在线,,0人付款,北京,"24小时内发, 包邮",是否带画片:是 | 相框种类:PS相框,http://g.search2.alicdn.com/img/i2/7637543919/O1CN01EqfqUq1eoxEBbsetm_!!4611686018427382767-0-saturn_solar.jpg,http://click.simba.taobao.com/cc_im?p=BE%40RBRICK&s=2019949512&k=2361&e=cCgL8BsoLdL27eMa8LvMIdr0eXv0qovxBvwmreAWOu3u97F%2B%2FOXnHoOy8mG82aDpOKWF%2Fq%2BpieIeQ8dghKGaCxw3rIUzYFQPMHbXxuDN2wpuvfYE6XDNz1BFd%2BzVIVBbxl82Hfnt1%2BGvoDA86ti8r4i29lsAHYFj9zpCicRMw%2BjNBciOZpvuzmU7Fen5RLm9XPFmJlrSDL13UFXZkxwTg42zen6%2FhUE%2Fdg264cce2olTrhwzBs4jbFjSzkGGyZO6QLqc7WJkQIVii7S8%2FrosGnOC11yffP1970z9YHEjDbHz5p6Xm7F1TqZhrJkWdXZd5MSPxDnulrU%2BCDKTOg%2F7JfIxO3Vb5S72JvZSbwQdxS%2Fjrw4x0S8SyMX56k5D3hKR5D5Cbg%2BQTMijJdFPZHbdL5MT7WBdp3uyRYjRXTIHGUE8bZTHsA05X%2BKLfCfYNF%2BI1KeaQAoUk2GV%2FGukLHfCQ2iU7atoXWhDR%2F4HyOtcS0fdzvhw7tXk1GJ6EFbx%2B0aj46vvppN0F4kD2BEVJCH7V6Cz5jtPeWGN4WjDHM1cES3Ig8%2Bg2koDSeM6hwCXJsBMbn8DLiY6D2r7T0cuYz%2Bs8CPBgygl6o0I58m65z%2BFxebkQAuL4Vp26SkFYz7tk1r6imoa6yPydPwrqDBT74MnkItf2wns2zWpvI7pDs8m4965dF2y2xCE0kpZRWRVqsERk%2BBHbOLcYai6L1fio%2Bzw%2FjxoqJvZQzgfw0eECZWEqAGOUZclalh1tkcZc3YJfSeXABeamcrNXdlKhCTsuaNUF%2ByeY9hlXmS3LWHE9%2FW%2FCuLY%2FdJx2JlJaqc1%2BHXveYPBaZChy5NSs01p0PDQcJbwv1EWr3ilBQKKdlxylicZMs0vQYvcULJ7%2FQus%2B1TnvyPVnZHXtCyAEpow2lxyJDvQFDX1ZStPXno2xEM9V%2F3ioX9MIoZKKsK9OGoeAzJSr9bM%2BnjfgBXGl31YMu6tTp%2FbpdNYVagvUedK6yeebOtH1zAAjPwGGMK74QAlZzPu5H1RSxS%2FdL%2FUinW%2BJvHVKTSqlykWGIFd%2BERHYL%2Bgicm8nBTqQvGFtJLxhVAIwkbTF%2BVaxP7onDdYG%2BxLWhdHB4qE6%2B3aUMaTgyWabr78kzI4vlwbg8lmIgD%2FGY6OY8XxSwgq7kyLnGDbRCzuBH%2B%2Bt9u2aU6eNqyrRcLEj7pPi7A8Cvd47kKV8r21aYzhSO07kjZ6SbHh9IN1OPS%2FIPpD3QhjSZQIUQg3mGNg0BRMYmDHMaD5VLD%2BJpcIR3jsRWKbV2%2FmdUCigz97FeXvL7SdOKoqwjLrLR%2BN9f5tBnOILfluxcsNI7ZMDL%2BWpT%2BuzG6FYhObeVy%2BuAQlyrnHeapRZJv%2FUz0mN2nquNsyf5eYWc3Bt93FekQ67BrVTxEVcZzFX5avnJrt5STDchH2kvoq2D%2BymQBIqOZwAlfFN9kEjeVLEWj0iRuMNf61WPsehFj%2B%2BzdHkJkbF0DySV05YMENsOz9kivTfVeJLtrwLEAT67LTIEqRxEA7h%2FMEWfg6P%2B7UkNUL0I2YNVVCmgmY0ibe%2BN0B8DI1oi48wWUMEh4eL2Fm0D36C3botk4pdj277I5g7GZkPprIBzzKb4ZLSZZlBRKP%2Fs6a55TRuhMYWu9DZdJAyIo%2BmsgHPMpvhj9mRxX5MWIcUEV37NUhUFsS2GoWVy6olykt752npkrcQLeDTfNE3K1H7LanU0NI%2BMlHwrwqW9k5OgbJlr62Qi2m8NSyaLPdGSuBRhQQF4B%2FdZd7rjDaQ5mhjRNUh0aYsKwrGThlFVPwjmO0KoOCyo1KwbYkVn8K7z8N5xSWO9UVq2jpddMiitUGkNcEFXIbBUTBdC9WCBxL3lVQmndHXxQhNyneYPhUoTEJOkTd2AgILKfFdLKy9TIrpDhBpl8u8Xn6%2Bih89xnfeCtW9vjLrco9F6e1nwJOIEnx1BetxQOsMkvuxBXFeVucqpfJlaPhBYfkQUTUBRTjUQKy4m915IJg%2BqERz9%2BjQ%2FzBtXiwH0msLCjVM2fHwAWOcFtvtcZ9TZte7c%2FMShzTK2A1Vzsn21pESCgM13jMRIBqNL4euVwFYmxTvt975%2BhXN7Kdyof5%2BfDeUL1G8cHZl1XfStPj8girmFq2Hwh%2FvPG%2BP%2B6%2BkGE0GurGzqyMQnzponzanfIYuAeORXnaJYkYvxIeEC1qB874YxuxDbrhJMFgEAMwovz83GzqplZYWrVqPd2Kwv3nqDeumpXX6rZqah4DMlKv1swui2L6aL3e8fS9DfgYKaevR2nrYg0wGi2%2F9XKV5h6IPu0rZxJns0td0X4mh4XxXwFx1%2Ff3q97WAk3m%2FMckeHQH9IkbjDX%2BtVg4cAGxB5pQXA%3D%3D&mm_sceneid=1_0_7637543919_0&a=xxc%3Dad_ztc%26mi_id%3D0000U55gpXW9EZbL8naW90l124oX4rbE9uwxXE7LLbrlmzQ%26skuId%3D5930278434026&id=904741913012
904741913012,eb pay24小时在线背景全国长期EB PAY安全稳定靠谱在线eb,6,¥,,tb679938910,ebpay全天在线,,0人付款,北京,"24小时内发, 包邮",是否带画片:是 | 相框种类:PS相框,http://g.search2.alicdn.com/img/i2/7637543919/O1CN01EqfqUq1eoxEBbsetm_!!4611686018427382767-0-saturn_solar.jpg,http://click.simba.taobao.com/cc_im?p=BE%40RBRICK&s=1714817686&k=2361&e=DFwpEt6gs6EqiniWuWQsspwcEdarYC2cF3NpY80UiJFFvGAksIge5G4VO%2FsMPZihjFiEMFSoHXtfVPmIlzDujGdang%2BZOmVJLbQet%2F5aUL6iM%2BCvjfKhU1u4EFK48ZrTP3lnwp0hRCxXl46bEvtM%2FJVqOTLKH0iEd7drWp554r2pA6Md3fwLL51PBpQfLmeQVdY2LgUAnXJ7M2VCNwMAOcv1KIBIuMwRpT6VUp%2BQ%2FsEsskv9n%2BBwyvk70Gem%2BEQ9ihBFWiev7XmO99Wgqjt2Ft6%2Fqnz5D5NoZBUyiMMjoM7YwqFLkKWhBiWvYEvFu08U%2FGzF4ncaaL2wHqfA%2B6pOYMMcl1VGfqBk6JRI1%2FbCk6%2FDthUexJyTZtcpqOhrV8VaLZnSrbJ6JjhCR6KMWBZMgq5ko4wEMFudtxWHC4hwjFD2aM7Hm1tP4OPvR%2FtSf4fLNLKBTnmVSGh%2BmGto%2FHT4maklqS1zfisa4PZG9L4mLqaq331K7Py%2BYWPyNztL6SiKliSkkKnsB3iHX9JzfULtjTs6TW%2FPtI9smyQYUdzxPQDzv3gW%2Bg3VOQwn4HmHU34E2%2FHag55E2yL6onSC3w%2FmkQNy%2Fq4Z8MWa0nrB%2ByU6F4Sj3j2YBkDvrJMspUAOx0LkyGY7%2FUmUO6m4euKsDn26BMTQ7y4YRJAea30iuf3t4wBrSaNj%2BtbPR5wR6wQH9ZrfOAV3rojUqL9gwMSZjqSS52lWJEElPTMiKkBQB0pLD9qVzLMebIaSmiy1FXf93Rv9CuMnqLAzmF3eK%2BQz9fX1hKknO9pVUrAQtWwGD5vQw6u8fFIzj1CbAGsPAjkMnHsP8Ce%2FgPMxKGnMSRjPwQ5mQnWekkPPGJ8KvLV%2BmI48Cj5ML%2B6kTLQ8WIba%2B%2BA1W7S5UJzqcswPk%2BaZX%2FLERKubxhq8RyOzOlO1h0grIh%2Blq2Ej%2FPQlO8UdDszVgLXR9Q932gS8eEjLkiDbLFTka9qZqPijm2sHmv4UqsHC%2F0yOo3XgyRLaKu8CR0%2F0zJuBCAWR9QDa8X2dZek0GUwROawsRdepbJuMlFDlsoHvV6VLoyBHVcum%2F0D6U0OUl1UZGhGMMdKpeTBplOIAwd6rfRsKhQV7m4uFWhcKytLVL2xhSPMjzWZ6J3cMNAt7rvmtcGuuAhNMmqSsTzEbkXAVcxKbcHJoDzktKk1MRk8rGMjF5adwJJR%2B4HSAWGBw7tlJQzt13RZ3pXHnCBtGvo2hluIfu7Qc1Qqo6HrS2JY6OnxYzN8zoein35V2VToOzgsPQQf4F1yViLWm%2BvFee%2BtPHscu8v9u%2BI2t2Ix8zDTFuumXFR7Pi06iW12c8XWfAbdD8K%2Bk%2BE1jSA%2BEVIbtzvm3Xi8R40ooywoGTaGozvv6X95XGH1%2FkNipljQfSu6TV0zcPE9GYLdzkFrtm8MOXrfbrNB0LwPiKbhcYLO06dQtifGw4kw6a8qOjWkST82iRcjx917jjs%2BJ87DSAClq5upOqMBW8ZBe14uArwlBWD1Epy87Q95g7J87dapLUaGWrpWr%2BiaqVM%2F%2Fa5OhLTqElDCNPgNXoYtuWdpWxXbURn7ojB4%2FsmijRCcNuvnmycD2jCPrw5LIIlWBPAqRblU%2Fad2ILE%2B1GOjzAWKK1dio5kraIZFiyq8iVYE8CpFuVYiQlohqs%2FEZW7gQUrjxmtNePfzwmUkk20ehknnFXxkwZ1p6grOkTCBjruSeYf69UFhtWfD%2FVCrRnEtz0zS8VKlqIYHmFPpH1lMWRAax%2BNLwm3ZQ9RWtb002A4ifOHqPYC4XKqDt9mmR1dYoEx%2FMpmA8QttSRtN5X427A1YlP57iCFnMhDRQe46x25fO6bhmvtkchup9Sq5UgeEhXGvpX4Kh5lk2XnEAnO%2BkLduJqzGT00VwMdQ43Jg05L2MnHX10hx802YRQtOuzBg7BBPPJooVLiWmrvdF1%2BvWO3x6OOfUhpnJaeg3R4TIADo6tZElGUVtPoJCf49%2BMWS0gM8jPta1ocQO%2FsR26V3kFFsJzLnIn%2BymTZcbMvMmCV%2F0CKLXJk%2BAcbHuPNf3ai7vGKovOnKkNcqp56YYr0Rv5ROlIxytJdEK92pqF%2FDnFQRZ7yjVtYnZYWyB4ziK1jMsNNFKmbree8wtPY9%2FT9U7ot5yy0nZhWAP8uLtzOzNWtZYxMM2oFqE1pxG0UKR80FrSZlKGsR%2FPMeaebN4LxNAQD16QAW7UJzqcswPk%2BbfYteXQY0cd4O97LYoNu2Zm2bcKF%2BCteh%2FAWsXyVvE60RKl8uazPfoKtkJUlcv0ttqNwcph4uYQkeAKY1yyLtJyGY7%2FUmUO6kXOwoyHXlsxwtpxK%2FtnSErWG1ef2hSPk9NmFVT1hkuWA%3D%3D&mm_sceneid=1_0_7637543919_0&a=xxc%3Dad_ztc%26mi_id%3D0000U55gpXW9EZbL8naW90l122HLWDUnYrQWZZ-D10AJths%26skuId%3D5930278434026&id=904741913012
904741913012,eb pay24小时在线背景全国长期EB PAY安全稳定靠谱在线eb,6,¥,,tb679938910,ebpay全天在线,,0人付款,北京,"24小时内发, 包邮",是否带画片:是 | 相框种类:PS相框,http://g.search2.alicdn.com/img/i2/7637543919/O1CN01EqfqUq1eoxEBbsetm_!!4611686018427382767-0-saturn_solar.jpg,http://click.simba.taobao.com/cc_im?p=BE%40RBRICK&s=1942768719&k=2361&e=vRwksYHHprvPapnphcxDSlp5UTrVxuy2kLoo9YmBTUFoyy3GDHBQxz6%2BecVAuZkQBJnl%2Bgb5RcHNOG3RssCc%2B5ifgoy6k2Ob3sYt92LPQ28UcsWBjXjeA34%2FZhk7VcASTo3apOGAkidu7StFl%2Bn9MbtZFW5G%2FB5Rh83M9zBgsYu%2Fk%2BHurycJE80dZwj9TEQAO%2BEfQ%2Fi2VOP2U%2BxSrzgmA%2FbTF0mljxERZHHKAHsbBLxGxN4dBuWBc6K7MuTvQ7AO7FKKdD6gVjLSovWZzvH9iC0tQADn9hpu8un%2BYuscxgUqx98NdGOkAdPppJ2H1KMf22HL5mR9aAkLVlQn0wVZTWzyDq4Q48IrJd%2FZdbi%2BNKXs9vrbRkau43MqxNVgWDlLM%2BodfnFdz8UkEsVMtLvpjH88xqsWlhf9KdcJNMNzf2CcUquMpwWB%2BA5u1aRMVS8WOAdSUGdPFQTfV79kOyKTsaWJUiTAw06ohRsfhfgN%2Bwm5yL0rjJBuutyWKVSTG5MR2udEpgcwCIOUUA6H%2FLD3w6RsX2nQX8FBPxXhjWojYYRxn03QAsn8ELjXgIw4bGF8AeEpMjZyHgvofF4AjrdomRBCOGguie3dOtUqt5AL%2BEVsEzmCshxgTTQQWb3ygVYgKWm%2FvV4EwUTUDLtSAn3dkAiviluaT2zW9%2BEXCwDRoyRebj9UEjyRhbY%2Bbi5QDcFLJS2OLFEepsD%2FoVZDOPfNrGj%2Fnkqe7ZMzSdtrYfPxWapsBXYUGp9iwUWcNQHIlh31Im5TakrD2e4NjyMHZzRj7CLApJ2M40iiwZSIpYksV2pL4G4HKkFBIRvgLyn%2B9MaZYBL4BVPR9HGDTtnItg1yUqPQq4EjSGTs9TxJJBQi7g3%2B%2F%2BCn%2Fa%2B%2FcU%2BaThNDyCj5sBnsSewSjPrXPifsB%2B7X%2FvlhdIz9Kz5bWHOTH72Hz0a12iyokiU2v1LP11%2FIRRa7UxPuzWVpgkV3HEPRG5tXpFnHCgN6cCX3F5hwXF1BqJwxR3tRtaGf%2BASO5xKcTgkJqrf3Mgl0fWU5ehTECLNTv6szqKfdUD1luG9darsua%2BXFEfr6Pe3xK07TfgIMIDXrOrOpHx%2BNPhlBTnHX1ivFgNRgxtyU4ShhA5b%2F%2BgyopHIDvPKqYjg2NOrKtGT7%2ByhgaCQEtZIYg1SVBIw2pCWqOPqGGiuyPwtoam8kSOhnsRfJkZz0ACQJf0mxjTAV0KXIO7s5ylaoLfAmYP27MVQoJqAoDfDJvqrFQQ%2Bb8IOCQeG798PU8qChDtYDDoZnUFBSBefdOSqSTAmyqAzMwTqFtfvJe7D54M0%2B48iaJNvOUVwUnuMaSgZAdJq1eQCspByNzv2pX9GbNbqo%2BNJKBZBaNWceiEmCRkTlrP3G3rV4nV%2B9xjuPRE1BNcLR%2BbPjI6E7EedSFnqDmSxCOptzhb4cGrn4FKSry6vcXm4XAjUDU4H%2BdDdtUzVrQsiqYNMatcIWNekyqEGIWVgysREVrpc3RY6lk2uulWp8MToqXOx5n9ASWswUMq%2BGAcgNu4YOHQGBgMFJquSgP9lrcI4xAadyBnzT%2FIoM6lM3d2VUAptVSedrDNW3zYSnH0EUu39MxZLTLFLNMogXGcAcaKUbj%2BmbcXRq6AoythH6OsSZAV8Vj2wsUs0yiBcZwD74i%2F7iirQHfj9mGTtVwBIsLjA9YmO0GvlPo0AWL924IWIR8edhXGgCZGt0zYVg3X5CM35%2FCr7fLygq6qN3IlYYeLCK8Il51td6G41e9aSv%2Flr4rn9N7UuKaJAQ%2BqCX2IBCYuVJWg1DIL2UhZsQtdHRHbN15qJnuYYMQM4Lae684lzduYiLnW0JtCUNR6Elyn%2BzDYatdJQcDAKiS%2Fn%2BBI65RnQkyvQ4ouW8%2Focmn5zrKT%2FxEow1tcgPMIhz3LRHpVWEM3rclxqPm4rgS5fPFBS08%2Bdm0QKxCceLIsby3zOgyYbv9ykr8ETbXlYZcDcrzcPbnS3B1eIwLhC0w15ffGoGY7UrSUidmKyi8PYZtjqxmWWXUuQl%2FL0pX1%2B2y1mo1%2Fo5V30oi%2FLLjkj3obms6TuZyfSg%2BtNSxRAtL3mbWfdArubUKPlQr8OrPFYe43OMVL5xEY6SqgVRjtAlXcgLXlqwjRfPZ%2FrVyMAJYVtIyFyrdBaD3yWXVtLOKZZwi02sXu%2FONczzkF8erH13kyIe0YL59gu4svHVgy5Ot8r%2B2T%2FQsBnsSewSjPpDWcp5Ywpg%2FMlD8D49zVwaAIHovGiU%2FquQaGoFY1q5pb3RR%2FdqwAc%2BO2uOt%2FtSjLZimsQgip%2BTZ7FxrQwOQ890KWm%2FvV4EwURTCsO7cmEvNmQkcgxajZjdoau93cS0ZwZsKTp7tfR6BA%3D%3D&mm_sceneid=1_0_7637543919_0&a=xxc%3Dad_ztc%26mi_id%3D0000U55gpXW9EZbL8naW90l126dKT5Ol4COhSzhBH7sa4SE%26skuId%3D5930278434026&id=904741913012
904741913012,eb pay24小时在线背景全国长期EB PAY安全稳定靠谱在线eb,6,¥,,tb679938910,ebpay全天在线,,0人付款,北京,"24小时内发, 包邮",是否带画片:是 | 相框种类:PS相框,http://g.search2.alicdn.com/img/i2/7637543919/O1CN01EqfqUq1eoxEBbsetm_!!4611686018427382767-0-saturn_solar.jpg,http://click.simba.taobao.com/cc_im?p=BE%40RBRICK&s=813546085&k=2361&e=g4ewJnEwtfttsid34dk8B8Ss749tZ5pMTIqW14kvq5oDdYlId8R67go9Wx7hbRPCe1CLTbg6EDZZdN%2F%2FzqvhfGJBHbQmFfDZRSjV9%2BROCULWFqzcVHzWtYN9k0P2tAYemdfVgZLBbkoAvO1NInPi6qnseNG%2BHWyPXJHZzVDWO9DjGoKH9iJyparMdewn6r7QzMnfyKOGqPcFAGo24Ux9vCyWEmLzSpfxoZuzCUpegxgyWWiyBCfOEsCdHsZnUhHMbKLjaMmbadr1Som5%2FHg0bFi5kGdXqWBlzL7P0SD632p1t7feCmu81bEvp446iMVIuTDGsn5QrYuP8pBNIThiMDY4vVkgdxRnex3S6REgwmheR8ouB3mdRs%2FEDUKWCh%2F2DooEBAPYHoQaM06WIpSbTJZc1RvMr3YTgC3Vo5BQJXXIHlsXvyi%2FdxOZMjztRmjIv%2FlI0PABvrAkXcxl%2BD%2BXnBNeAm%2BbKPKIGfz9%2FHMhBPTPRezeKhXgZuuETkDtT419%2F8h%2Bl7muIcIeQQiRx7sJJldgkKZLZ3%2FZXuC5ZJcnUnktbm72nAYDA1G1WRhBcF%2BLYcX2eSINFXoU0JBW6s4blacDIRo3CA3hDhI2ISFq%2BM%2BQK7C5h%2FZYN8kQm6rkdJTvATRekABDq2Uh%2BgKtBLpc4RYfzlI%2BozFh28qSRZc%2BiZbzsXsbkc9z86Q3kQkL1jA7WEV4L1II8BaWyNQGueGVCpynWkkO97vDkKO8LiPkWjaNFyaU6DNMuIAVxEFlh9%2FBSYj%2FkyPzF%2BR5ghcO9c6RtHSUctB4uNwG9hNSUHliI0zY1wXzOgz39EI71q%2FIGFV2%2BHNJ4n04n4zYm3jHDkWZugAiVLE21atLRCJKvrB6trOZfxOYwVqRlL%2FbxZ7Po0SaUXmn6fkJC%2FTiBKgLc6cvI3FoYvCGKetgkKMRl0i8XRg2Ak2Vdv1dYpa7AQNbYDQHvfvZnUVon8uhgIV0mVmB6s3TBSi2FFVmhCNDadqDOlaIkNniMC%2FAAVY5HuGmb70T%2BtBFWbxQgThsupMQzAJp3NC5lvKSwuZU9FhUKbZY51G4PeX1BvVFz1wkaNcNBaG7%2FosASIJ0QaLEjXeM7HV%2BB%2FOa13328DMSGnNvjcNOq4ZkWfYO5Al0a%2BY64Tfc%2BoHNEGE0CwooZuNcmwazdKJsJoyOJkehXBZVIU7zk1mK%2Bgj22yFYwhppUYOZxZSwm5wrWXdQMjoDywui2lX2U0AJ5tnLTUWZLPPUXOdw2ynIG%2BYmedgD7nzT2qlmu7M6O73nwWi70Zv3asU524hXaQqOgYQ06UHkqRVVVL%2BOJpJnkpiQ90y%2FQtMw43kgOHMU%2FV5OZS7y3LcuUjdy4HBjgyfADNoKC4EjnZapATnmLWRV1DvPPu1TafKTSvukX%2FbOqSkznIDk98GP%2BfFRNZEfphp7ATlETWAyPHdM9qv3SR4ixwlUE4u%2BL0MlsV6ZGJNX1f2sYeWHJFSdeuZBQA%2FGj9msTZxfmiB0gLCvb4pyMRF%2BxwWborD1E%2BF5XIIdv67eKJgyMT%2Fh9dqLJwmL4UCQ2MGceQPtEXVrUQCKkw7jDx55sv2%2FZElx4ieVESK3946qyxaikmiU9OzwdYx4GV7vA5H0QSRhrfw4ic2Q7uYHptPPHk%2BSaJT07PB1jLN86BcH3yqQg32TQ%2Fa0Bh4jDlsCPjkl1v3GXFdPSOgSUrj3pDc2ee2w08RABSOlQ2ZLMg7xNnN51JlR15qaICxf3AbDjqYXbfxyx2a0N84k0HB9X4KR0DxI1eO3CBXKCWEdq6D6XvUMJAAdlH3dhQyVHRZ65IbAOocK8pKCqPoqYMzf3TcTfnuNHi7YsjGIyfekuVJ1N8GHlmBadB%2Bp%2FSEtNMxxvWea7Y93NOS3MD7AyABhsPqCNkPaaDJkg5VzxuczMtH6heteoNPstYgR3u9G1gKOiFOJdrdklJ8ef4P8wI2O7Cghf2mv6kD11UhZQCSWClMLLIlgWgWLHWjwZIta2Kj4Xd5Zysr9YGm9MUrR6BZHi384%2BiARn02rYz3YhsuCBJPARIleJhwbqUIGfIgq4wTlTp7Du%2Fs9sQYkuF%2F0H4RSSod2a5pKt%2FcusT9p2YifqjYgl56Qi7ABXXXd7xNzB9YiZuxcaaSTORg2GAm69fNmGkwxPIfWgMt4ddZH%2FUSQZ3YxBUX43qtRDFqbfWGmwSecRe9BgpBYXjJdCwb3Rf8BVDZMZ0Fa%2B5rVy4HfMbq7blrNKK%2F8lrsBA1tgNAfahI40%2BfK9wtZrMkFzuFKT4Dt4hPeLMgrkWxAMGvHPxHjROUbAnN61L2%2BbaXhvQ7VI3dVNUhIqAu4y4BIkIgu3VBOLvi9DJbH2flEaI6VkCg%3D%3D&mm_sceneid=1_0_7637543919_0&a=xxc%3Dad_ztc%26mi_id%3D0000U55gpXW9EZbL8naW90l122UeSnA_fBXyFMpWUnkhZpw%26skuId%3D5930278434026&id=904741913012
904741913012,eb pay24小时在线背景全国长期EB PAY安全稳定靠谱在线eb,6,¥,,tb679938910,ebpay全天在线,,0人付款,北京,"24小时内发, 包邮",是否带画片:是 | 相框种类:PS相框,http://g.search2.alicdn.com/img/i2/7637543919/O1CN01EqfqUq1eoxEBbsetm_!!4611686018427382767-0-saturn_solar.jpg,http://click.simba.taobao.com/cc_im?p=BE%40RBRICK&s=1225482854&k=2361&e=qElq8tEjNgItUKVcmUCD%2F%2BDRBAGaETdrqkZSfGOWvQxMPnUrX4bO1X2YwoCvNFW7cMwoapEe1h4lTGkfZs56kaH17Ip2J3H7r%2BiS00RptyHzOczKEthLQEbpasRxYay8B4TzOlQSTvk%2F1Wab5FC9Psi20nMc1SUHlV7NhqOFYzWyKzTjWSsB4P2bZUMh4Xbfuv1paCdX1G1eDb2A1AYi7FgTlPKz2FHbgV83z6FgUIspdiKWkhXYtT5h0J%2BYVDGm7FDCfoMR1Y%2BqwvPuduz7ZAszrikI4YvWMyZHUEVKkkCZBz2Zg%2B5ODlgyMBT7mzO8%2BEwwHNdsCpfK%2FSrgj1c%2BtQA3ZV0raT78ZtIbO62h%2FHOjzXQug3hHzh820AZUMBZNO26VmsZkldwbgKwrTm70shPsQU2MIRNwVqi2My%2FXTNmI2SIRe4%2F7G8lXmIrAk6TXXqCqYzAAftX7w5%2Bl8UqFY%2F6y5%2BTinIPc6idMMa2GATeP8i3Q7bupZRfG4brpo6PzrKzSUKRa%2Bzsoa7a3mOqQSDWRvExm6aS7lyCXtaPqVvOpCpnQ%2Bax5n2lnj5MTIWu0qY0vo3MQTCPOPrUz0r%2FBerVOTAql6ArzTmVxDxsQknF%2BFVv6FIYwpyyfnBflLNWGOUudVBvWeHDgpBZTcTPh7HeJ1P7dfd9PeAN%2BwSL7wQawZ6uN3WJUOdEhJi4AiYfwpTvBF67awI8ZXhb24WWKlonbOvQZe8Wu1hXkWZmp6wr0fVbdA5uG6sfRZhdM9VgnOgKCaydGtU6GXQ8XhzAb4R4exrNk49Mputx%2B328rpYIq2Uo13AVE3ag%2Fkvz62SCp4MSvmidG2YfJ8NNOlWjy77GkGG1MByLB7%2B3oETOlH3Zy9%2BXbGKjinlbTcLbTNGdcAjH%2FUZpPie%2FfMOo3AdOYhHOw4HXnRhjunD7oTr5AXsKM4YpI%2FRLCuf8g3uTVMX0uLwH3Sv5evCq6iUF2f%2BT5pIizMWSxSv1GDfJSQyB8CKYR%2FdxMEDYb8TxWx0gXUUyzbLceLIDyN7%2F7fzEFXKCtlaZdSjPnKyX0grhUxxWtPBhB75cVgVE0621eLsEmcizb40X9DVx7dsWBN%2BbYScxycFLXqcw2DElfxG1y3BCKdsgI9TBsTpYogdqECjYMM%2BVNdiefM5m%2FIfSyZauJXgFiUwivrfOl1Um1KIO4blaC%2FjTf3Fwttl9%2B6fV5n1zDtynXv6cSWv0q%2FF43uUbdFhaUSX2hlyeSQ3bvsFf2atxRiuXvV9Io8VjvZVGYSew%2B55wPQBxaTBBT6aRqkSAQvT4ckgatL%2Bv91zVLHFmuawUqJBeP5qAS0VS05eFo3n7CFftjDakBYExBJtSFTWx7h6VBWBmoAvdsdMsLxXFksqGtI9%2FPTPD77hTkBeRG4T9kofxz4N%2BVhkyaywXbdbQXR0vfAChvvAKZ4oK99t1HeKiq6lrbBdmHhD90MgAnOJPyXxNgLyDjGdRwkEwYLRd%2FF5HwP5G9Umxr%2FxisRqRprQ0VQoX2Beje2Z8ouGhokNzTN4KTIsccRuDG%2BWJ%2FKZBQ7Gr5rHfFbxjz28UN5aeWalGNQ8Uv74%2FXM%2F2G6F3%2Fg2C2XZdGLXl1OM8BDAxA5f9TUff%2FlfUxjuTbukvxmvSIH2ewIXYteXU4zwEMDAMMFZMWN5fSMB0JLD5MQY09N1dV0t8Cw5vugnFzyj%2BQ98wh1Lc2I2HceFt22QmdaHR3U54tpRreq2Lbq%2BurQ1PotfZvek6CS0jWpgVXlWMwm0%2Fyw%2BrcTk4fDE6L3puEPvejJJjfEM0P5GrdtsrhSRGceUUuYzROcSLgyYNVBGRc2OM%2Fm8tRjuz3mm3vJhBLLhCvengKbPoFxe7ZtMqjJrBqVEHGWtig2it6xq2lVkCMtRjOQzvxoCkWD7DRHFKv5zTNs95P%2BcnaVUgbMEIY9RoNaFx%2B8KwWDT0JM2x5X1sg9uwBY0oPgjAhlwfXnTBZwd9EXKqA6qTYQ79VWxSHsEL%2Fvui5lzt69stOFzEZrOFzLo3Eybqzkl9ePxJu9AIxJIZQNsS0y1J7HwXcny8MfcDifAxgyi2%2FBiuPpTteDgM2Khv5UjJNZVbBZLml3fDU5djnxYcs5dlUjgqs1crma%2FMsWr53vTOPNCjbK69VcNVD2ct9pzaO%2B8%2FRhNZRUeyudaICucW9QGksVBgbmQZkM3cdfKbAmpoEMmVi%2FuxJvp7zOQhIsSINQ%2BGnaQnGacCqlKvDyD8Ka5QZ%2FyDe5NUxfS5ouxkoWi76CYISNYrDaoyEomKoowXDOq5rnvHkvo6pah5W0FAkSJ74%2BjbreXVmYJSP24WEJTiYu4ErmuPMhXh%2F2wXZh4Q%2FdDJ0j1IyU2Hxwg%3D%3D&mm_sceneid=1_0_7637543919_0&a=xxc%3Dad_ztc%26mi_id%3D0000U55gpXW9EZbL8naW90l12-XWSOr7ExkRSDqh3a7MwPA%26skuId%3D5930278434026&id=904741913012
