商品ID,商品标题,价格,价格单位,价格描述,卖家昵称,店铺名称,店铺标签,销量,地区,标签,商品属性,图片链接,商品链接
988397565155,POPMART泡泡玛特小野Hirono公路日志毛绒公仔挂件盲盒周边礼物,129,¥,,泡泡玛特旗舰店,泡泡玛特旗舰店,回头客20万,3万+人付款,江苏 苏州,"超级爆款, 退货宝, 包邮",款式类型:隐藏款 | 出售状态:现货 | 品牌:POP MART/泡泡玛特,https://img.alicdn.com/imgextra/jz3_4/2885348004/O1CN0171RFb728ztDm4PV6o_!!2885348004-0-alimamacc.jpg,http://click.simba.taobao.com/cc_im?p=%C5%DD%C5%DD%C2%EA%CC%D8&s=502180271&k=2401&e=iDAPpAede0wyPIZkmuhZB8aQH%2Fv6IjW1qD7rOFqHGJ58Mos4BKm1JFkSXyMtp3XXLMM7k2fwfzel0buz98kYlscXXEbuStC7PeTRE302i4pLgvPCTsjrX0hRoNF6xVV%2BButKCWY9YWLp0%2Byb2DWz7og1I2Ehd9CvjbOJPvQJ6OIOADPBR%2BF4TIWS1x5LsUAoMF7qyfGVlRQU6dYEOzyw28GmJ1WzIy6UuE1rCS%2F0Oae7T37D85DJ3E%2BcZ3LdJ4OIo84n%2BnAazQABTcBwYdQETq1uC6YGTriUtu53Ir66CtL0WS8TnfgWxrZTDWUhE7Qzpvy%2BOLb2%2F6JO%2BGPQiV%2BX1Swbq9fLvwbzoNykLNhXP%2BdGpJS1NF0bsubkzU9DChPzeGdXvx3c6w3g%2F6D7RLqM4SVyfrBgwP%2FBrCoe7RFqTHUgwPiMi%2BpMl6hU1bMnnhjX4Iu9Qt1eo4f%2FejABRWeqEuBm1IvssxYrs0UQ1oFe%2BdRvdOAOwHHme3z0XTctPl%2FdFWCBuep4AAHzZ%2BA1W3sSPKS8Gthw7si1RlbOVylT%2FECnCGOJs6TKsUGQkWzgHhXVDz0iqbFZ4Am5jRQEMKnznauQ6tOoNXNlaD2T9W%2BdKMRFsIPBzWYhERlg3nRcgvRCjTQIFJy5CXyWFMc0s0S11VxPFG0WlaDz71by2HhEuETZjWT0hJKmY0g7dgP7GCQ%2BM3Ou2JWCYPQCxiOXUsuR35rNAxRkn0%2Bol3xsB6C1qzkaZMdrUjOOPXrb4NJkhRVumfgV3rhSVIXMwIGV7fgKjEwvaNeUYJldUR%2BZBY8y5CWOlU8mdmx1k%2B6574ugbhZQJlpG%2F4DBjinxKaA8DFaFbEIURfKCJK4QP7xG1ogMCdW0%2BA7wcMH7paARzKgQzDxSPOfYhgEydn4BqF%2FkMLr201%2F9Xmjz8VuC%2FCzGLTpvugXUaWb0a%2BmWScv6eQiOVCzZDo2YF94TRfXU5Umcd3BkQ2URCWMXZLgignIV71kedIGAzK%2FIHOaoaWsap4cwAXx%2FPocVssWfj1jNPNyz4o7GpIc1vWALiX9iTGz8BdkUR4o5H6nW82tskL5pfOQ12tdSBuiHHVXiEZT1KxiQ5iC67%2BpdTHj258YhRkcMVKMtBIrf8OoMoWexJxZqK17anlCCGHuX3yqEL1NJjP77CPMxmX7eIQUdC9cew7c5ipAMniIWqdKPfeihKDKNSMIjlhrLVRjeT0cadU4SVJ9PjKg7VmtZoNFtIZ8idRMbDiQqzItVwb1E3zJfl%2F8%2BP3CZ8eIgdHcMq3Co1S7psu%2BiEOn0tgK3XgxsHD7BJ0GIP5vTDM%2FsXfjFwI%2FVfGg9k%2FVvnSjEXby%2FL78zJVHAe%2BhnyLADFg89IqmxWeAJD3M67%2FTQqTzKS%2BxwtckBmxvu5MHoYLbhoeHurugWV3AX9%2B4YjJndG3pcyAIULfQK8aacOwOdCi96Kcfa4%2BzQ3E0Z%2FE9v1ZkzSDt2A%2FsYJD6EPetfx7l5zTaK5o8ajq2lHk66fAgxYyR0ekFg3V2X1Oa67g%2Bcg8vtvCABsh0YeZmG8j3ATdDjw3k4%2B6Ovckhikl84h2ofIPa9NS5y%2FWmrJFCDrTXyDv2H%2B%2FqcQfWG%2BECEdrYWOlAHGAW0poslpO8yVvxuUAGdIBbU5Umcd3BkQ3dK8lP3zD1YuPH2KqW1b1iumRo0xtvA%2FNTlSZx3cGRDD4cm3Q%2BgxHVFRPuYqBPc%2FXeUEREbmK0CTXlode%2FNE8KI8QVgEPxzQnqaBJxirXTgkbe35TonU%2FfT0ZXQhgFdwADxzG3DFMfKdpazPTZESoXa1lorDTXylmmwR6cfoL72MdW6uWwzOce6AaE7ztBWlDL3pcXEGUDr%2FIDTpf5CqrGjzkEcoB92ZFaT7n3MbxG1U97xzzYRFVk1axyu1XuiRETiYfncX%2F9tbdrK%2FxHKM6QVvZjM0k7yMNChFYq7D4eGMUd9xW1sgBB49dD85ZMEYAD7zHi%2Br2y7t50r4VDqIOiIWmgdh%2BUvpJCmUtAvwesx4DmnwrqiEmFp4XLiFQwDHyhwDOcNAkNC8k1qI0O2QnS1L%2Fg3hUOGozapx8Aj%2FGqLtai9Upmi4b4NB2QFjYtZyNh80YQKvHKJSTABnS2F8rm8Mzqvm70Q8Q%2F48bZ87o9pdkHV7rYnmC7tySV718BW2O9lx6aU%2FWMGGVlasHYQBSfELrQGODycKbeOnUY3qWLy9nkcsbt7LNDJ5LFAI6x4Rw629Fb6Yw2UcEBGXwzE2kf8gNOl%2FkKqsaPnZSCi5O0x3w%2FzetLbwQMfd8RDELxy%2BohdvgLUyQ%2Brn3mhBAL9KI6ApHT%2F69QBoDdVum99cYUR%2F1wHjX6%2B3XzJe2qLKEe1c1tsrOFyWomy7mbLNSw8W6ceXSlAznAntJEUH3BM5P4Z&mm_sceneid=1_0_116045295_0&a=xxc%3Dad_ztc%26mi_id%3D0000io-oyI8ozvXh68Xxjc-IOl1A6cb2oFfQyMnQd8mwEXE%26skuId%3D5991689369992&id=988397565155
921480173087,POPMART泡泡玛特ΘSKULLPANDA光织园毛绒公仔挂件盲盒礼物,129,¥,,泡泡玛特旗舰店,泡泡玛特旗舰店,回头客20万,10万+人付款,江苏 苏州,"超级爆款, 退货宝, 包邮",款式类型:隐藏款 | 出售状态:现货 | 品牌:POP MART/泡泡玛特 | 商品状态:全新未拆封,https://g-search2.alicdn.com/img/bao/uploaded/i4/i1/2885348004/O1CN01Kmm9nF28ztE7okV3m_!!4611686018427382436-0-item_pic.jpg,//detail.tmall.com/item.htm?id=921480173087&ns=1&abbucket=10&xxc=taobaoSearch&mi_id=0000Ks1KYjw8h6bFmd7jcFLIkDgLAKFqtgf1Qvxwx448-Nw&skuId=5984838471853
974104023503,POPMART泡泡玛特THE MONSTERS心底密码系列搪胶毛绒挂件盲盒,79,¥,,泡泡玛特旗舰店,泡泡玛特旗舰店,回头客20万,30万+人付款,江苏 苏州,退货宝,款式类型:隐藏款 | 出售状态:现货 | 品牌:POP MART/泡泡玛特,https://g-search3.alicdn.com/img/bao/uploaded/i4/i1/2885348004/O1CN01HqXI1628ztE5DFeUm_!!4611686018427382436-0-item_pic.jpg,//detail.tmall.com/item.htm?id=974104023503&ns=1&abbucket=10&xxc=taobaoSearch&mi_id=0000FfS3HK-lQDQEPDtX3r9LLGt8T_LbzhUSqQMpjTRKnXk&skuId=5917005233691
966940681156,POPMART泡泡玛特 星星人好梦气象局系列毛绒盲盒好彩天天来潮玩,59.9,¥,,李超越0922,TOP DOLL 俱乐部,回头客1万,1万+人付款,广东 广州,"店铺满299减3, 48小时内发, 包邮",款式类型:端盒 | 出售状态:现货 | 系列类型:联名系列 | 品牌:POP MART/泡泡玛特,https://g-search1.alicdn.com/img/bao/uploaded/i4/i3/2660786779/O1CN01mFowzM1zwq3Ipyzvc_!!2660786779.jpg,//item.taobao.com/item.htm?id=966940681156&ns=1&abbucket=10&xxc=taobaoSearch&mi_id=0000uyTnIoQ3G5G8I3jVcPnua9PqwpMdvTkodbQdk0NTYXk&skuId=6180873042886
691171948601,POPMART泡泡玛特 SKULLPANDA温度系列盲盒 sp8代潮玩手办玩具摆件,69,¥,,三大王1988,大叔盲盒屋,5年老店,7000+人付款,浙江 温州,包邮,款式类型:隐藏款 | 出售状态:现货 | 品牌:POP MART/泡泡玛特 | 选购热点:淘公仔,https://gw.alicdn.com/imgextra/O1CN016QjlHq1zfQzjOXIWM_!!4264626741-0-picasso.jpg,//item.taobao.com/item.htm?id=691171948601&ns=1&abbucket=10&xxc=taobaoSearch&mi_id=0000RtQOKo_Tq4r1jX3KrPCxRoEAcLlyMyeIRK6WZyuUCqs&skuId=5087915587014
994303749399,泡泡玛特星星人系列杯子办公室陶瓷马克杯礼物女生情侣水杯伴手礼,245,¥,首单价,tb752588564181,淡水鱼手作,,800+人付款,浙江 金华,"官方立减21元, 直降8元, 包邮",材质:陶瓷 | 包装形式:礼盒装 | 主图案:卡通动漫 | 产地:中国大陆 | 把手设计:单耳把手 | 适用场景:办公家用 | 品牌:POP MART/泡泡玛特,https://g-search3.alicdn.com/img/bao/uploaded/i4/i2/2218196648267/O1CN01VCMQIb2AwLNT2PlMs_!!2218196648267.jpg,//item.taobao.com/item.htm?id=994303749399&ns=1&abbucket=10&xxc=taobaoSearch&mi_id=0000gb6K3M9rpf2IzFq8B5r-i_6kaipYvlsXBmIL3Hzh8nk&skuId=5969951040848
910071531685,POPMART泡泡玛特星星人123星星人手办盲盒玩具公仔书桌面摆件礼物,199,¥,券后价,大肥羊998,POP泡泡盲盒,回头客3万,1万+人付款,广东 梅州,"店铺满10减5, 48小时内发, 包邮",款式类型:隐藏款 | 出售状态:现货 | 品牌:POP MART/泡泡玛特,https://gw.alicdn.com/imgextra/O1CN01O0zoRq2643xboCwGw_!!2663227607-0-picasso.jpg,//item.taobao.com/item.htm?id=910071531685&ns=1&abbucket=10&xxc=taobaoSearch&mi_id=0000BtXSr0-UnrEspUfgXgdbED8LOhlypGaJDD_ezodnwJs&skuId=5774210041762
861585042154,POPMART泡泡玛特DIMOO如果今天星期八系列手办一盏风月盲盒礼物,56,¥,券后价,tb160998713,SP正版盲盒店,回头客10万,3000+人付款,浙江 台州,"店铺满39减5, 48小时内发, 包邮, 酷动城",款式类型:隐藏款 | 出售状态:全款预售 | 品牌:POP MART/泡泡玛特,https://g-search3.alicdn.com/img/bao/uploaded/i4/i1/2208399554429/O1CN01d5hFzM1iaXGW0o5Y2_!!2208399554429.png,//item.taobao.com/item.htm?id=861585042154&ns=1&abbucket=10&xxc=taobaoSearch&mi_id=0000QAZxxgid4w9mhPsm8iYeHMBSIhzdc0Vei4JZRlSueBE&skuId=6127492862684
994301613387,泡泡玛特我们都是星星人系列马克杯办公室家用高颜值情侣新年礼物,245,¥,首单价,tb752588564181,淡水鱼手作,,400+人付款,浙江 金华,"官方立减12%, 直降8元, 包邮",包装形式:礼盒装 | 主图案:卡通动漫 | 材质:搪瓷 | 产地:中国大陆 | 把手设计:单耳把手 | 适用场景:办公家用 | 品牌:POP MART/泡泡玛特,https://g-search3.alicdn.com/img/bao/uploaded/i4/i4/2218196648267/O1CN01aOY3Br2AwLNSoNhuV_!!2218196648267.jpg,//item.taobao.com/item.htm?id=994301613387&ns=1&abbucket=10&xxc=taobaoSearch&mi_id=0000JpwSjFaJxLgOovNXhiECDN3nhPXggUl_c2hSi4EcKRQ&skuId=6136518383839
1014940600656,POPMART泡泡玛特星星人怦然星动系列手办甜蜜回忆点亮倾听盲盒,66.9,¥,,李超越0922,TOP DOLL 俱乐部,回头客1万,1000+人付款,广东 广州,"店铺满299减3, 包邮",款式类型:隐藏款 | 出售状态:现货 | 系列类型:联名系列 | 品牌:POP MART/泡泡玛特,https://g-search3.alicdn.com/img/bao/uploaded/i4/i1/2660786779/O1CN01CVvyHV1zwq3IkncZF_!!2660786779.jpg,//item.taobao.com/item.htm?id=1014940600656&ns=1&abbucket=10&xxc=taobaoSearch&mi_id=0000lNkZ8GGqyXVezHRJywJyJ88DqVpVS_vgk0Qgp-dyrlw&skuId=6018325901461
961660866986,POPMART泡泡玛特CRYBABY豹豹猫猫系列搪胶毛绒挂件盲盒,79,¥,,泡泡玛特旗舰店,泡泡玛特旗舰店,回头客20万,6万+人付款,江苏 苏州,"热销爆款, 退货宝",出售状态:现货 | 品牌:POP MART/泡泡玛特,http://g.search2.alicdn.com/img/i2/116045295/O1CN019f24QQ1ozAHiYfuyD_!!4611686018427385327-0-saturn_solar.jpg,http://click.simba.taobao.com/cc_im?p=%C5%DD%C5%DD%C2%EA%CC%D8&s=502180271&k=2457&e=ZbFT0LheAk0yPIZkmuhZB8aQH%2Fv6IjW1P%2BMTVGOHvvcGP2o%2FYQceDdx7ywSoBjaULMM7k2fwfzel0buz98kYlscXXEbuStC7DiyoUILO0nNLgvPCTsjrX2GY5CYJrKUIButKCWY9YWLp0%2Byb2DWz7og1I2Ehd9CvjbOJPvQJ6OIOADPBR%2BF4TIWS1x5LsUAoMF7qyfGVlRQU6dYEOzyw28GmJ1WzIy6UuE1rCS%2F0Oae7T37D85DJ3E%2BcZ3LdJ4OIo84n%2BnAazQABTcBwYdQETq1uC6YGTriUtu53Ir66CtL0WS8TnfgWxrZTDWUhE7Qzpvy%2BOLb2%2F6JO%2BGPQiV%2BX1Swbq9fLvwbzoNykLNhXP%2BdGpJS1NF0bsubkzU9DChPzeGdXvx3c6w3g%2F6D7RLqM4SVyfrBgwP%2FBrCoe7RFqTHUgwPiMi%2BpMl6hU1bMnnhjX4Iu9Qt1eo4f%2FejABRWeqEhE1vFzDvHHrTCkz3MNKB0hYxGYHsEVD%2BDDdm4bZvHxqB2RWW6MlBMKLILP7qd72iLVuiiZprB9F4%2BXn8WSrbzyNDMzYPnJT94BTVAR2TPldqheEdA7wqxaXnqtWEelEN9rLy0SAZqSllos9WEBtEDHtL8CTxG4rWXRRyLTj9hi5JhtWVFJlU2q3gmoMfSx%2BoSSzjBmxgP1%2BpZZA2EQKOr%2Fm7tlvlZAwYDQLSlhNr0OJn5AtZuBUPP9Z1ryKOVPVhRrZDIicAz6m2qPvkXSFejQRN7tT7MB6JzhIMmq0havfYFoA2f1WqZL9z5bhGHig4Go45gjNITv08DKr1b0PZxzma4hgi54%2FbMpm9koXrxswGLe8HYCKVOfbnR3vsiFU4KL9cb2S5SxJi5QBO1j%2FkPn0b8rcj6pqCnOAnhF4y5G6F3WcNqB8h3kFpdQiPZ1LEeCC%2FSwijCmpqIfahY9aYzMRpxqzoM%2F4PAYx3%2FSWcU%2Br%2FIDTpf5CqrFXWevSrtfrR9SE3wRCFWQ51PXYVU%2FH3NRZl5tU%2FbF7dgSxfXHfs52EKcVjMEvLMj8quLDhnlhARu9W8th4RLhE%2BaYRBfQXMRdt9FmtzLLLGGYCN3jueKgVgUsoZTMHnfaHp%2Bfz%2BZzHo%2FU16mSSqTAV4qWiTGiJpWaT7CrzWG0jIjlyuKTCpCsTxkBiWW4ODHG1ru9qQHLvJ5l0xq6RnTE13M6rIUPC9Om8vvW%2BrGJqkDRvZIwFvEiJLSFVBk0dF4WSfn5Ju0DB0TonN2cQyWLolG6OeQzKkRdIjexRcZpgLpRp6Ss6Pm9cMFEjbqkITi3Zi72aXweMVcFrAYkYtN6ytNOR4aBw3pwvVCOskHMxMlw5oEoWLObS4wWgfcrsM8i6cHjUWZ%2BZmKA2zozIQQ3KNDJ98VZ7iSFnGIAxQkxNeuDeQtuNql8YZAmvu%2F9hLhpkWgK5IKOykwiZm7iwO8PUCs2jxGOA4iINB2QFjYtZyLR1W0kuhtFYJhtWVFJlU2pwZfRWvKkxeMt6pjapoGtqY7ISga%2F4EERrrAvGrASYIaOCuuIx46sGGF4TxLo8NCgiwoHp2i%2BFoMQGhcHZi7LTOtOiZHcuCm1m2nZU03OKLLQm5ngw2qNXF7jVbbjJjANjduXCsW8UeNTGfEy9Jr%2B9D6WRdRTX3FpQyKwV084xjeWPCrWmG1uMXvtdrY2K7pw4SDJqtIWr352B4K9Pq35sOBo7puEOxC7TLuM8w12xizhIMmq0havf11HKeDvBG9eI9rWj9eOF32FgcR43gew%2Br6l4h8yNViC0vOyKkhg7998W8SKabDoz3Ptjg8n2L%2BVDJ6NtzxyClZ8BlR6dVn1W8r6bH8RXu56ELNll%2BN0IPTBtO4m7eF0FL9Ihjq0KrtKPo57z6iQv4o5lh%2F%2BCdgDjSfPUKRAvBXuJtrcUOUEm0XGXmvqYu6GW4hLTP%2BA73CTa1lorDTXylpVeaETKBaCL2DocJKt9IRwkGLLXLQLlP8Nx2DmUZplii14PmWCOZ67bRggHI6w4DY6K3VZw6mtclMdMIL9AYnWHfRqIhkxPBf8sOrJ3FBI%2FAgSqr%2BjT0HU7J08HvALQzCaF9vM6AsX7oFm8yCi8SfD9EOAKtDbGN%2BhaSfGBvdwrsN11%2Fn7ZymfFYeCq2L8e5goLyjovEyW00pgdOXdwCXviXXtQFQiGSSs2erP9i7SXfNwfKfJ%2FYiDFbpMvUtVHXQNJ1Q2ttSCmiqmrocCABUxbs9%2FfD4PIfr%2FqphSxlxkZkecyxmDoa4ACZNEKSB4hVmAdJrSpFWaQiaO2WxIP9FQoop2yBHI6RENKr%2BdzJ7w1skWSqCTzR7Y8A6aL%2BKtmojLCpGZmKKS%2BkyDD48Qr3Qdcte7X%2BluKP56D6e3Q9fxuvpybnMzR6RnuxslSv%2FiCgLHPhXRQEMWz26e7b0l9%2FgCI0coiO6qCZVGAZt2ibwR46c8OKmlc3S3ga%2FT3%2BhYMng%3D%3D&mm_sceneid=1_0_116045295_0&a=xxc%3Dad_ztc%26mi_id%3D0000OimV-1EZMC64GBbPN7hyvhFppK6P82GvD5F4tv36m3k%26skuId%3D6081574355537&id=961660866986
961973308388,POPMART泡泡玛特星星人 来自星星的礼物系列手办盲盒玩具礼物摆件,199,¥,券后价,大肥羊998,POP泡泡盲盒,回头客3万,8000+人付款,广东 梅州,"店铺满10减5, 48小时内发, 包邮, 公益宝贝",款式类型:隐藏款 | 出售状态:现货 | 品牌:POP MART/泡泡玛特,https://gw.alicdn.com/imgextra/O1CN01clOUd42643xbd8qfc_!!2663227607-0-picasso.jpg,//item.taobao.com/item.htm?id=961973308388&ns=1&abbucket=10&xxc=taobaoSearch&mi_id=0000yXDkzjD2N65O6ifperFDwuMldQVjQEqgx09Pml_nVzw&skuId=5676981792247
909423134369,POPMART泡泡玛特星星人123！星星人系列手办盲盒玩具送人礼物摆件,62,¥,首单价,谭梓琳lin,欧巴手办盲盒,回头客8万,8000+人付款,广东 佛山,"直降3元, 店铺满500减5, 48小时内发, 包邮, 酷动城",款式类型:隐藏款 | 出售状态:现货 | 品牌:POP MART/泡泡玛特,https://g-search2.alicdn.com/img/bao/uploaded/i4/i4/2580405343/O1CN018PhjuQ1pL9E8b7LC1_!!2580405343.png,//item.taobao.com/item.htm?id=909423134369&ns=1&abbucket=10&xxc=taobaoSearch&mi_id=0000ZBzOLZM51rUpY1CO05Yqlj8M19e9_1mZEsJrYI2q99A&skuId=5924589997587
1012544999296,POPMART泡泡玛特星星人怦然星动系列手办盲盒玩具摆件情人节礼物,68,¥,券后价,谭梓琳lin,欧巴手办盲盒,回头客8万,2000+人付款,广东 佛山,"店铺满500减5, 包邮",款式类型:特别版 | 出售状态:全款预售 | 品牌:POP MART/泡泡玛特,https://g-search3.alicdn.com/img/bao/uploaded/i4/i2/2580405343/O1CN01oFy5kO1pL9IVgjCjS_!!2580405343.png,//item.taobao.com/item.htm?id=1012544999296&ns=1&abbucket=10&xxc=taobaoSearch&mi_id=0000P7F5kKZt76xnc27JKzRb9Y-9k8G-YD2BujvgOsmC_N8&skuId=6183082163731
,,,,,,,,,,,,,
,,,,,,,,,,,,,
721069303525,POPMART泡泡玛特间谍过家家阿尼亚的日常系列潮玩手办盲盒礼摆件,54,¥,券后价,tb160998713,SP正版盲盒店,回头客10万,7000+人付款,浙江 台州,"店铺满39减5, 48小时内发, 包邮, 酷动城",款式类型:隐藏款 | 出售状态:现货 | 品牌:POP MART/泡泡玛特,https://g-search2.alicdn.com/img/bao/uploaded/i4/i3/2208399554429/O1CN01lvhmgD1iaX9mV18Rt_!!2208399554429.jpg,//item.taobao.com/item.htm?id=721069303525&ns=1&abbucket=10&xxc=taobaoSearch&mi_id=0000XSda6pJnmqGqc99fLTs6b_rqsTs-A3jBgca97YkDJXE&skuId=6030465280403
806195454318,POPMART Labubu Fall In Wild 春天野在家系列搪胶毛绒公仔手办,160,¥,,tb7445538986,SUN TOY,,4000+人付款,广东 广州,"店铺满199减3, 24小时内发, 包邮",出售状态:现货 | 系列类型:联名系列 | 品牌:POP MART/泡泡玛特,https://g-search3.alicdn.com/img/bao/uploaded/i4/i2/2211802957652/O1CN011BkaZj26Ofn1803Sk_!!4611686018427381588-0-item_pic.jpg,//item.taobao.com/item.htm?id=806195454318&ns=1&abbucket=10&xxc=taobaoSearch&mi_id=0000IF9HeVtlrd3V-mbouL8kavHFqRMwKq1PpWNySMvjEBo&skuId=6024209583716
1014842124949,现货POPMART泡泡玛特星星人怦然心动系列手办盲盒玩具摆件礼物,59,¥,,从音时尚,UNIQUE尾巴潮玩,,1000+人付款,湖南 长沙,"店铺满199减3, 48小时内发",出售状态:现货 | 系列类型:联名系列 | 品牌:POP MART/泡泡玛特,https://g-search2.alicdn.com/img/bao/uploaded/i4/i2/2253572444/O1CN01GOhelc1TvP6RGWAjz_!!2253572444.jpg,//item.taobao.com/item.htm?id=1014842124949&ns=1&abbucket=10&xxc=taobaoSearch&mi_id=0000PtbCooyRqf3sS9FIGcsia6S9xtTe_16dJFJUjuWewcU&skuId=6030038208830
913007160760,POPMART泡泡玛特CRYBABY Vacation Mode On系列搪胶毛绒挂件盲盒,129,¥,,泡泡玛特旗舰店,泡泡玛特旗舰店,回头客20万,4万+人付款,江苏 苏州,"退货宝, 包邮",款式类型:隐藏款 | 出售状态:现货 | 品牌:POP MART/泡泡玛特,https://g-search2.alicdn.com/img/bao/uploaded/i4/i4/2885348004/O1CN01u5UYu628ztE6rotpo_!!4611686018427382436-0-item_pic.jpg,//detail.tmall.com/item.htm?id=913007160760&ns=1&abbucket=10&xxc=taobaoSearch&mi_id=0000mrSYU_Nio1gGFjL7rt35uTe0LiirFzJeg0Mnp-Qoon8&skuId=5954500485226
971567080530,POPMART泡泡玛特DIMOO新生日记系列搪胶毛绒挂件盲盒礼物,99,¥,,泡泡玛特旗舰店,泡泡玛特旗舰店,回头客20万,4万+人付款,江苏 苏州,"退货宝, 包邮",款式类型:隐藏款 | 出售状态:现货 | 品牌:POP MART/泡泡玛特,https://g-search3.alicdn.com/img/bao/uploaded/i4/i2/2885348004/O1CN01BcXAoJ28ztE5kU5zy_!!4611686018427382436-0-item_pic.jpg,//detail.tmall.com/item.htm?id=971567080530&ns=1&abbucket=10&xxc=taobaoSearch&mi_id=0000Uh7b5WCoNym1RMbgWIcotJ_Rz4fyh9Ve8vTxX6EQ60E&skuId=6124447419182
997099440616,2026新款泡泡玛特星星人系列陶瓷马克杯情侣水杯创意礼盒早餐杯子,245,¥,券后价,tb752588564181,淡水鱼手作,,100+人付款,浙江 金华,"官方立减12%, 包邮",材质:陶瓷 | 包装形式:礼盒装 | 主图案:卡通动漫 | 产地:中国大陆 | 把手设计:单耳把手 | 适用场景:办公家用 | 品牌:POP MART/泡泡玛特,https://g-search3.alicdn.com/img/bao/uploaded/i4/i4/2218196648267/O1CN01wVyEFb2AwLNSdL4FH_!!2218196648267.jpg,//item.taobao.com/item.htm?id=997099440616&ns=1&abbucket=10&xxc=taobaoSearch&mi_id=0000Gmtnpzg2xOufI-6WO0v8cxi8iUWpCdSqzypcinAXpqc&skuId=5975611012725
969936816834,泡泡玛特THEMONSTERS前方高能系列LABUBU ROCK THE UNIVERSE毛绒,576.9,¥,券后价,李超越0922,TOP DOLL 俱乐部,回头客1万,1000+人付款,广东 广州,"店铺满299减3, 48小时内发, 包邮",款式类型:特别版 | 出售状态:现货 | 系列类型:联名系列 | 品牌:POP MART/泡泡玛特,http://g.search1.alicdn.com/img/i1/1392190029/O1CN01pMtlIi1C5Kbk56FrE_!!4611686018427380301-0-saturn_solar.jpg,http://click.simba.taobao.com/cc_im?p=%C5%DD%C5%DD%C2%EA%CC%D8&s=502180271&k=2413&e=z1F2drANUykyPIZkmuhZB8aQH%2Fv6IjW1P%2BMTVGOHvvcGP2o%2FYQceDdx7ywSoBjaULMM7k2fwfzcRavyyD9nuDiUS6ZmtnvGeI8VVekSHjvgvH%2FgtabEqS2GY5CYJrKUIButKCWY9YWLp0%2Byb2DWz7og1I2Ehd9CvjbOJPvQJ6OIOADPBR%2BF4TIWS1x5LsUAoMF7qyfGVlRQU6dYEOzyw28GmJ1WzIy6UuE1rCS%2F0Oae7T37D85DJ3E%2BcZ3LdJ4OIo84n%2BnAazQABTcBwYdQETq1uC6YGTriUtu53Ir66CtL0WS8TnfgWxrZTDWUhE7Qzpvy%2BOLb2%2F6JO%2BGPQiV%2BX1Swbq9fLvwbzoNykLNhXP%2BdGpJS1NF0bsubkzU9DChPzeGdXvx3c6w3g%2F6D7RLqM4SVyfrBgwP%2FBrCoe7RFqTHUgwPiMi%2BpMl6hU1bMnnhjX4Iu9Qt1eo4f%2FejABRWeqEtgapudHi0hUQq%2Fsdjsy4TDZjhGqu7GElxZHQjsRBu6bDa%2F%2B%2FI6rSJnzZ%2BA1W3sSPKS8Gthw7si1RlbOVylT%2FECfNlb4Ld2ukDI5%2BqaYWiPBN9F5oSHIqOOqxn7c26BS71dYUeZpsFGlAwW%2FqY6gFop5QQUaIuPPT9S0wh59RoYIUUE7o%2B1B5Yn9AcGcHLiQ8Et6DFod5LWCPp%2FWbuiQxls3Zi3eWzSh8Ii1kUNuC76jG5WKm%2BsbCK7u2OV4oG3cDANKLxPnUyOKPqB0ikTAKWMaZMdrUjOOPXrb4NJkhRVusSBrPIBBUNM6M1lZ2sYC5GYKoTGu0KOYf6iA3k6g4c2G%2FxyVUofVkQtOm%2B8kkGdU2Twk%2BURXi7U30XmhIcio4wFcQkgxhe%2B7v%2BqmFLGXGRmR5zLGYOhrgAJk0QpIHiFWYB0mtKkVZpCJo7ZbEg%2F0VCiinbIEcjpEQ0qv53MnvDWyRZKoJPNHtjwDpov4q2aiyQYS2qMyFORG%2BFCHMJXTZ%2B6DnxlN2feNfI45ziIsp8U3F48CfVvgCmpeme9O8hFJKKg8ngb4bzPPDbiv%2FoSfajm0QMq2f3riImecKeUuN7MKi82WoQGybU2tkf2CvfvUQHGFO7XGj%2FF7MkGkVBxW9nS5vPuwrqGzNCF92qLSEuiG8cMu3FW3L1KPhnkXM2cD53jmoPdhKbks%2FK0uEqYb28Kn8%2FyfRyW1vuX5gW40PWjmdc2qRPPEzrQdMzPDY8oev5FTxJP2CSAkrXWI57zz2chO1H77Wg7x3bKTlmHOachSAgaDBqgWGT0fZ2EiP3DArXAb7VT04v%2Bm5cMy%2Fk39a%2FUsOkD77mtGcuYr9U0AXlU%2FzFD%2BcwHoPi0EmS1Rj%2FK7k%2BmdnsA977KGm31tCWBPctwMZgHCknzEXEzWZ9ti2TTagBS4gHDj79RIX%2B940Fz8KV7Yrv5%2FdJUlrlyzR94HH42QoaXlwVFnBgbQh4LseRLPxyS1b%2FyGuuM%2BhR62GqukYJmEeQ%2BKM6mPj9iyPlX1dk0oHhqO%2BFHs8GC2qJRFwrSrSvnZTHyswbyLX7Q4YRfZOH5qFioiyRbx6qNxUBbv5BLKLQrmH%2F4ZGRJTskYnaQaZ5%2BBRZLq082HRFNBuAMVyWYWFsF3GF5ePeQA0HFDq0upaW88%2FKC4NtuCmdjieNFGvatzqKULatLZd4EMw%2BqLFDhpVRSBWGO86qd2z2PPtVq9q3OopQtq0tl3gQzD6osXYh1wWsU1TE%2BRRAwTP0UDfrAnYe0BDtKCZIr1JKpfQoEUyhDI0fJV2772iecCNHV9z0jJQf4bzI%2FP3h5Y2kJbn3%2FBfZwXjGdtO%2FoYjbfPV%2F2yozJesICaD9OVZX9a2jf3RjU991Bjmv9UTexXRa7oHXL3f9ZYwixWebrJ3uz5xUYyWHyTD7nSgcZbKMsfYnM%2FrYA51Js%2BY%2BNGuRJZTbjMycS3PxYsYv7G2M2ZKFMjDATfhFD%2BE5fuRA%2B%2FoRIQ6M7VcqJoAtfo%2FXn%2BxpF8tlFPMPOGXvNkTRxAEA0cgKfB8nc2M89L3nie7Hkhu24z1FdsEZ4X4HdaNKv%2Fl6A047U0F6ABorJEGkjv7uxH9%2BQ9ZWkEWxU%2BjhzWb2RULYx3FdT68TYBWwX5TvBemynT4%2B86Ltl2UsN7jUVZ8laRiuCO%2FH1jU6Zngy4i2hgSwTOtBriSfM6yzYMyHuVyoIb7WJ7Nti5QBO1j%2FkPn0b8rcj6pqCnOAnhF4y5G6F3WcNqB8h3kFpdQiPZ1LEeCC%2FSwijCmpqIfahY9aYzMRpxqzoM%2F4PAYx3%2FSWcU%2Br%2FIDTpf5CqrF8TZ%2F1uJYmoVQ0CwTcp%2BwUuMAQs5ePdpslKIUzSGIkLnnUg3LkcHsNz8cktW%2F8hrqKSdgLZ7D509%2FltouWztaq6dGrlSLLc4CN%2BQk2pZqN%2BOBCgXhVuv7SORy2KmmrdkI%3D&mm_sceneid=1_0_1392190029_0&a=xxc%3Dad_ztc%26mi_id%3D0000NjDlHZ72pQJwMCs1Gd8NzNiTWXjTOoSxiwbY_mckv2w%26skuId%3D6083113511915&id=969936816834
1015644810713,POPMART泡泡玛特十周年ZIMOMO3.0三代搪胶毛绒公仔黑拉布布58cm,449.9,¥,券后价,曾啊啊啊啊81373209,巨无霸正品潮玩,,20人付款,广东 惠州,"店铺满88减1, 退货宝, 48小时内发, 包邮",款式类型:特别版 | 出售状态:现货 | 系列类型:联名系列 | 品牌:POP MART/泡泡玛特,http://g.search.alicdn.com/img/O1CN01Tnw8Eo1JdPNyx6wQF_!!2623151051.jpg,http://click.simba.taobao.com/cc_im?p=%C5%DD%C5%DD%C2%EA%CC%D8&s=502180271&k=2393&e=O%2BwTPx8wUusyPIZkmuhZB8aQH%2Fv6IjW1P%2BMTVGOHvvcGP2o%2FYQceDdx7ywSoBjaULMM7k2fwfzcrELoR%2FOkmpws1XTZ9ylZL9DQjtFVlaEFdMPcbZWWIH2GY5CYJrKUIButKCWY9YWLp0%2Byb2DWz7og1I2Ehd9CvjbOJPvQJ6OIOADPBR%2BF4TIWS1x5LsUAoMF7qyfGVlRQU6dYEOzyw28GmJ1WzIy6UuE1rCS%2F0Oae7T37D85DJ3E%2BcZ3LdJ4OIo84n%2BnAazQABTcBwYdQETq1uC6YGTriUtu53Ir66CtL0WS8TnfgWxrZTDWUhE7Qzpvy%2BOLb2%2F6JO%2BGPQiV%2BX1Swbq9fLvwbzoNykLNhXP%2BdGpJS1NF0bsubkzU9DChPzeGdXvx3c6w3g%2F6D7RLqM4SVyfrBgwP%2FBrCoe7RFqTHUgwPiMi%2BpMl6hU1bMnnhjX4Iu9Qt1eo4f%2FejABRWeqEtgapudHi0hUQq%2Fsdjsy4TBcqmuEQjau8DDdm4bZvHxqB2RWW6MlBMKLILP7qd72iI72H21FQ8Jejw%2Fo%2BRZ%2BJRXqiacH9Eofd6dPbYv1itp1T%2B1uZqjJYXmghEzjsobbYhUtV6rKh6S7DIv%2F1F%2BHkWQbw5ZuZgzE46t2Bd9VZacd0lhltTaTlBHYqXOoZ%2FYPKImFoJGCjPrhOeAD82hjw7nV3grdKkoGhu5jOtz7D4iDDDUf79EpMKK9R2au49YwZhrZDIicAz6m2qPvkXSFejTC%2BtUQvZaitZaMpccWls6KnTEW3pU22DDRZ8tR56tfa56WIz80BVR42dIo92Rzcvi%2FPFbpRL3%2BB8%2FFD2zPvcIvSl10o70S8cPv%2BbhBZOzJzKWWT%2BQF64PtA9DgZ2YxGUKPp8lQ2bVhbKZgo9EL49R9KQTBu8%2BHtH%2BDdtsPoX0kT8vSHVuMYD23SBRmXk5pfoHLBhVyhLT2NBjwPH6BIMZQR3gxPZCfdtDrxtpdPZPqMzR3XzDMaUYtHsEg338kpOggRbkysMA%2BRJJSG3364sxPk0%2BaUGdmkz%2BDdYdemxBfqAlcXsti%2BHH8Es3GBV%2FYEvKPdaczonrGNyZCxOpcoxsa%2FPigPH39wl90bb0GtRatUCX%2BLpLGIVuQ8dEQa1zF6VgzBzGEZwI7ee1LwSgIrJf6rCe4mwQauxXrlpW4hwLo0TacZA2%2FWEBL8%2Fx1tMxk1HJj9fFvPeybw6M690gUsFTZ5XMU51q%2FSLW9HAtCz6mkpYPEk3eD7NR5jffwdWX3QyVX3o8rGvCYVE9yGuv20pkjvdA%2FoF3rVwFZ%2FAjOPoFRf6%2FubCVl9znr2danoLl4qOZmn0%2BPK1lSDQ9VA6OaV7QHbkPrbJL7puRq1N8p9AYfffwrPzsh8m1HvSkhB8sa6OnWKcUbDdqQDuH5EaCIFzdQFKGe6WVUyUjVN8seHlz640%2FtbmaoyWF5yxBg2he0SfdKSpPstxb0sbaKTs%2FlbyIoqKargweuZWBq76lWcfi0sH%2Fl2NZAhMlb0kPjEPLzrbbi9RdCysYUHuuh6DbMp234WRbASn6WClTkK%2F9BEvthRSemPrISxNRgWPUk3XOT8r96sRq3n8oROSKsPvx631S6J%2Fmst9k%2Fb6UWJCm3aST3LU%2BDZDn%2FaIeEjw%2Fo%2BRZ%2BJRUZfwV5uVojWzgaO6bhDsQu12fRHJgrx4eWjKXHFpbOikUprM4K2%2Fi8SFGg0XrFVX457EOVwJeCBYkQ6Uy9hWM2jj9eP8mn52ihEqc3sp%2Bw0jlbeU2XY0RlKLJ7zxPNhh6Ll%2BP905N9rJtZCW4o0pkwONbdaq473IovfDCunDYnkJ2%2BU9xAsTN18FRxHTOhuDQKjSXwRLIg%2Ft8P83rS28EDxSqWoIrg%2BWc2lV3ijbJWWmczJCczO2Ii29hclFbby3feH2m9V7mLFsXFS1wgl%2FDnQ4d6pvzPGCbbZLiknwu1SwA7BYnvWZySBHQTiGE1XTlGQb0rH%2BcFasI8uB%2BRQAN%2FBDGDYYsSOan0RZs8U512WRH9RWTOqx4yFzx97vf5zasY17UgUnT2tFcsy0VP%2BcIfJ3wRQUBiuYY4QMqnKVOtBYWatIlI%2BfdqvPa6e0S0gbJGqKN6hG5atNqX%2F%2BLhieSCCrnYDSeVRHSKvOilnTmga%2BkhHm%2BZvomzRI7wLaeaTHI5qwAf6vz7%2B14SLlDJJVU9f4efgVdA5KDDgMbllKU5DKzwjV7OKPQqDURc0wDPCUbUmdOFc3AHsPR0133j6VwB3w%2FzetLbwQNjuWhGaG%2F%2BDf6nosj7Rfdpij4lbsKI2MRITr0pElu94rGJ%2BJleeRjla1ujQQD1LqWHEE%2FiVV7LoT0VPeVepuNy0V3jvwofwUlGm%2BH%2BwfL1D%2FmuOz1aRaVQ6G1sjhyN5Pb6YKRUsVpD6A%3D%3D&mm_sceneid=1_0_6560205617_0&a=xxc%3Dad_ztc%26mi_id%3D00000Dyoz87EehYLB6BYTO_doCM8snrDfFq6C30b9o0mcOI%26skuId%3D6030527232034&id=1015644810713
992940467822,泡泡玛特星星人创意杯子生日礼物女生送闺蜜可爱高颜值的圣诞礼物,245,¥,券后价,tb752588564181,淡水鱼手作,,68人付款,浙江 金华,"官方立减21元, 包邮",材质:陶瓷 | 包装形式:礼盒装 | 主图案:卡通动漫 | 产地:中国大陆 | 把手设计:单耳把手 | 适用场景:办公家用 | 品牌:POP MART/泡泡玛特,https://g-search3.alicdn.com/img/bao/uploaded/i4/i4/2218196648267/O1CN01i3SYOK2AwLNSVPWFw_!!2218196648267.jpg,//item.taobao.com/item.htm?id=992940467822&ns=1&abbucket=10&xxc=taobaoSearch&mi_id=0000bdmrkEc1CUbF9Qv9GpZgKVaF26bpKVlRD58225FNN9k&skuId=6136521003401
802217676592,POPMART泡泡玛特正品 ZIMOMO大首领大天使搪胶毛绒公仔,449,¥,券后价,tb621562613,MMV TOY,,500+人付款,广东 惠州,"店铺满599减3, 退货宝, 包邮, 公益宝贝",出售状态:现货 | 系列类型:联名系列 | 品牌:POP MART/泡泡玛特,http://g.search.alicdn.com/img/O1CN01PDYO5P1jktrmds2N0_!!4611686018427384779-0-item_pic.jpg,http://click.simba.taobao.com/cc_im?p=%C5%DD%C5%DD%C2%EA%CC%D8&s=502180271&k=2393&e=fEVsPMWKMLkyPIZkmuhZB8aQH%2Fv6IjW1P%2BMTVGOHvvcGP2o%2FYQceDdx7ywSoBjaULMM7k2fwfzcwaw9pDWjNVWC%2FiuO9QVrb6Sc94bQmNh1dMPcbZWWIH2GY5CYJrKUIButKCWY9YWLp0%2Byb2DWz7og1I2Ehd9CvjbOJPvQJ6OIOADPBR%2BF4TIWS1x5LsUAoMF7qyfGVlRQU6dYEOzyw28GmJ1WzIy6UuE1rCS%2F0Oae7T37D85DJ3E%2BcZ3LdJ4OIo84n%2BnAazQABTcBwYdQETq1uC6YGTriUtu53Ir66CtL0WS8TnfgWxrZTDWUhE7Qzpvy%2BOLb2%2F6JO%2BGPQiV%2BX1Swbq9fLvwbzoNykLNhXP%2BdGpJS1NF0bsubkzU9DChPzeGdXvx3c6w3g%2F6D7RLqM4SVyfrBgwP%2FBrCoe7RFqTHUgwPiMi%2BpMl6hU1bMnnhjX4Iu9Qt1eo4f%2FejABRWeqEtgapudHi0hUQq%2Fsdjsy4TBcqmuEQjau8DDdm4bZvHxqB2RWW6MlBMKLILP7qd72iLxyLGCEcE7RXlB%2FcMeeFbbVUd7PBDeAcczyCUiN23GXuO%2BJUCQNCeapD7zY9dMpg45mZOkfgX8CZ4ZOBnA%2F%2By9Vix4RmXqOgbrwZrtrpTAu4covNYtEtp8I5veOFojo187CahArr6bQhfRmeQ3Jfsm3q8eqNyF1vjQLSlhNr0OJ2o9ZrRACrWEduShhkwtz04qziDN8SJJhfcZAidn6DxepD7hw6V%2FVqV5Qf3DHnhW2IUlz8McB2WEm0j%2BYybRTzO4B7yFRq1crYYUUjHZFxCfTfnqVnY30P9N%2FyNAuw8taNO6yppVjMgpeEi5QySVVPX%2BHn4FXQOSgw4DG5ZSlOQys8I1ezij0Kg1EXNMAzwlG1JnThXNwB7D0dNd94%2BlcAd8P83rS28EDY7loRmhv%2Fg3N1UYfGAW0uNoxYC6bVX7nl8IMoMEwNXo0d18wzGlGLeK0qrTa%2B8ahCBbzdukz4IB5isScinXcXmPDCFY2dXHSIjpXoS66duOFPV5h1qVTqKGS76BgozjAj3WnM6J6xjcmQsTqXKMbGiFERoNSFWzKdG29BrUWrVAl%2Fi6SxiFbkPHREGtcxelYMwcxhGcCO3ntS8EoCKyX%2BqwnuJsEGrsV65aVuIcC6NE2nGQNv1hAS%2FP8dbTMZNRyY%2FXxbz3sm8PnYurS2%2BU%2Bi5GhMOfFnBZIvRwLQs%2BppKVUGQFb2%2BbShY338HVl90MlV96PKxrwmFRPchrr9tKZI73QP6Bd61cBWfwIzj6BUX%2Bv7mwlZfc560D902K1OGWkZR%2BH86FnjxCNWH%2ByEcthYixlroPbZ%2B8yhS%2FbRJWHcAQzLTq06hihzmITlC0gdQSGMVBN15ny5z98P4NXxseiuxShnullVMlI1TfLHh5c%2BuNdcOdb3JRwzsdCvIeUH9GGhfRmeQ3Jfsl4W%2FjSl7c%2BT6imq4MHrmVgau%2BpVnH4tLB%2F5djWQITJW9JD4xDy86224vUXQsrGFB7roeg2zKdt%2BDd%2FXTtEvUOY2oQiip2BRQ6QtM5KXocRr26VeoxT98o8jY3HIJ%2Bh3l09ApXAvkyEShhSqUXmc%2FeOFiQpt2kk9y3SVyzxaOsE6V5Qf3DHnhW2DCOz22w8Bi0nQYg%2Fm9MMz29bnFlRXRXTXlB%2FcMeeFbY8KFlomYHXE7cC4WciM9rWrcBpOJTRdc6ufIzRd9zdoU%2B71ecDs%2BZG%2B6eAerRP3DyuK0mAd5CUVUWr9J9v1UkbxX52H1Gvr34kT0AkKZ0k2clPu1DE9BkALLUUZ8RICpvqCu8Gqz0k7A2VEH1jtwv%2BKaH80CSJemgFNPq8nkVk8aYNdxIHhoRa5QRctHJ8ktAT41IfFO3HQetgDnUmz5j40a5EllNuMzL94g%2Fz5uT2RrYzZkoUyMMBN%2BEUP4Tl%2B5ED7%2BhEhDoztVyomgC1%2Bj9ef7GkXy2UU8w84Ze82RNHEAQDRyAp8HydzYzz0veeJ7seSG7bjPUV2wRnhfgd1o0q%2F%2BXoDTjtTQXoAGiskQaSO%2Fu7Ef35D1laQRbFT6OHNZvZFQtjHcV1PrxNgFbBflO8F6bKdPj7zou2XZSw3uNRVo3oMrTY3vVqWNTpmeDLiLaGBLBM60GuJN7MV%2FIyeScDFnEQ8umLPsCLlAE7WP%2BQ%2BfRvytyPqmoKc4CeEXjLkboXdZw2oHyHeQWl1CI9nUsR4IL9LCKMKamoh9qFj1pjMxGnGrOgz%2Fg8BjHf9JZxT6v8gNOl%2FkKqsarp8yKiJVLJ0isjaBO5Xdd6pH3ctKO480XJoYc4aUqtANGYYzFCLY1fPBAnhgZo%2B8dwstxKg8dH0w9ejEk8sBXp0auVIstzgI35CTalmo344EKBeFW6%2FtI5HLYqaat2Qg%3D%3D&mm_sceneid=1_0_6575436378_0&a=xxc%3Dad_ztc%26mi_id%3D0000HnUTiq7KiLUPuclAPKXv85_xMF-ADB7bEnvdq2_-ViU%26skuId%3D6121102159168&id=802217676592
843880593452,POPMART泡泡玛特Hirono小野小王子系列盲盒经典形象联名潮玩摆件,38,¥,首单价,谭梓琳lin,欧巴手办盲盒,回头客8万,2万+人付款,广东 佛山,"直降3元, 店铺满500减5, 48小时内发, 包邮, 酷动城",款式类型:隐藏款 | 出售状态:现货 | 系列类型:联名系列 | 款式特点:发光 | 品牌:POP MART/泡泡玛特 | 商品状态:全新未拆封,https://g-search2.alicdn.com/img/bao/uploaded/i4/i2/2580405343/O1CN01bFcqiG1pL9CKorZta_!!2580405343.jpg,//item.taobao.com/item.htm?id=843880593452&ns=1&abbucket=10&xxc=taobaoSearch&mi_id=0000OhdqpMT-uk2iviJ865X3SKKeBLqYHPmXVBQIzx92LzQ&skuId=5791372978388
975661694735,POPMART泡泡玛特迪士尼疯狂动物城疯狂再续系列手办盲盒摆件礼物,69,¥,首单价,谭梓琳lin,欧巴手办盲盒,回头客8万,2000+人付款,广东 佛山,"直降5元, 店铺满500减5, 包邮, 酷动城",款式类型:特别版 | 出售状态:全款预售 | 品牌:POP MART/泡泡玛特,https://g-search1.alicdn.com/img/bao/uploaded/i4/i1/2580405343/O1CN01PtBqDX1pL9GlZTQJ3_!!2580405343.png,//item.taobao.com/item.htm?id=975661694735&ns=1&abbucket=10&xxc=taobaoSearch&mi_id=0000idscYPdE5mDsw6xn5NYSo02xUeE8svO7F4o1CrUVTb8&skuId=6096145867843
968095182445,[正品现货]POPMART Nyota四季时序系列手办盲盒礼物玩具礼物摆件,59.9,¥,,吻yun,FASHION大玩家,,2000+人付款,广东 广州,"48小时内发, 包邮",出售状态:全款预售 | 系列类型:联名系列 | 品牌:POP MART/泡泡玛特,https://g-search3.alicdn.com/img/bao/uploaded/i4/i2/630048486/O1CN0134UW0o2CYe6ERuuJg_!!630048486.jpg,//item.taobao.com/item.htm?id=968095182445&ns=1&abbucket=10&xxc=taobaoSearch&mi_id=0000H8-ZXs9eg_CT-O9TymFYFYfDR9FQ1VUFyATWCI8XTp4&skuId=6096254818208
820646255294,POPMART泡泡玛特DIMOO梦里梦外系列手办盲盒可爱玩具摆件礼物,828,¥,,泡泡玛特旗舰店,泡泡玛特旗舰店,回头客20万,4万+人付款,广东 惠州,退货宝,款式类型:隐藏款 | 出售状态:现货 | 品牌:POP MART/泡泡玛特 | 商品状态:全新未拆封,https://g-search1.alicdn.com/img/bao/uploaded/i4/i3/2885348004/O1CN016MYyLW28ztEUfRGpB_!!4611686018427382436-0-item_pic.jpg,//detail.tmall.com/item.htm?id=820646255294&ns=1&abbucket=10&xxc=taobaoSearch&mi_id=0000OvpNKSNQWgLHgKBg3ZZ4t_v28hd8FcATAVinFFwStwY&skuId=5606003184761
,,,,,,,,,,,,,
1005355188353,POPMART泡泡玛特θSKULLPANDA × 小马宝莉系列毛绒公仔挂件盲盒,159,¥,,泡泡玛特旗舰店,泡泡玛特旗舰店,回头客20万,1万+人付款,广东 惠州,"退货宝, 包邮",款式类型:大隐藏 | 出售状态:现货 | 品牌:POP MART/泡泡玛特,https://g-search1.alicdn.com/img/bao/uploaded/i4/i1/2885348004/O1CN011KwY6m28ztEPQsHxm_!!4611686018427382436-0-item_pic.jpg,//detail.tmall.com/item.htm?id=1005355188353&ns=1&abbucket=10&xxc=taobaoSearch&mi_id=0000XKKJAYN9TTy1y2Hu_fiVAke29QYoUucxpvRteCUyBW4&skuId=6027725773052
968075469909,正版泡泡玛特LABUBU3.0拉布布三代前方高能毛绒公仔盲盒女生礼物,268,¥,券后价,贝贝老大,泡泡正版潮玩,,400+人付款,浙江 杭州,"店铺满200减38, 24小时内发, 退货宝, 包邮, 公益宝贝",款式类型:端盒 | 出售状态:现货 | 系列类型:联名系列 | 品牌:POP MART/泡泡玛特,http://g.search1.alicdn.com/img/i1/1129860177/O1CN0112oD2f1DB7Ci5iZXp_!!4611686018427382865-0-saturn_solar.jpg,http://click.simba.taobao.com/cc_im?p=%C5%DD%C5%DD%C2%EA%CC%D8&s=502180271&k=2349&e=mkd4ddc18PYyPIZkmuhZB8aQH%2Fv6IjW1P%2BMTVGOHvvcGP2o%2FYQceDdx7ywSoBjaULMM7k2fwfzeM7pwyMFMlnykV3iVkatKSNLChKat0DgcvH%2FgtabEqS2GY5CYJrKUIButKCWY9YWLp0%2Byb2DWz7og1I2Ehd9CvjbOJPvQJ6OIOADPBR%2BF4TIWS1x5LsUAoMF7qyfGVlRQU6dYEOzyw28GmJ1WzIy6UuE1rCS%2F0Oae7T37D85DJ3E%2BcZ3LdJ4OIo84n%2BnAazQABTcBwYdQETq1uC6YGTriUtu53Ir66CtL0WS8TnfgWxrZTDWUhE7Qzpvy%2BOLb2%2F6JO%2BGPQiV%2BX1Swbq9fLvwbzoNykLNhXP%2BdGpJS1NF0bsubkzU9DChPzeGdXvx3c6w3g%2F6D7RLqM4SVyfrBgwP%2FBrCoe7RFqTHUgwPiMi%2BpMl6hU1bMnnhjX4Iu9Qt1eo4f%2FejABRWeqEtgapudHi0hUQq%2Fsdjsy4TDZjhGqu7GElxZHQjsRBu6bDa%2F%2B%2FI6rSJnzZ%2BA1W3sSPKS8Gthw7si1RlbOVylT%2FEA%2FUlhNUP43ASrp82vkbjDZ5i8hljquVLdXg19kGZVOn0xiyCbfm1ciW5qwHvimhykHrZsIHXrncphzUL6CAeW%2FkibypELQZAMbrEfoELpMyl0akc4Yh%2FdXqP9JhO4iGlL%2F6fm%2FAM6rNurez7t4%2FtbaW8mpmGiMoTqlfSZWD35xCv8BT7%2Bs7ZvGrlRLaPrL9IkLQzCgNC%2FnzF9zI5pUiKwCVjMYFoL7EDP4OjRFcGvgA%2FJBXvPyUDIZqsBCTQ%2FrCiPeR02%2FzZjAcEdacAyHtqTXWTW86ClJKWzJ5DJ9u5n8ntgRH930cI6VxC60Bjg8nCm3jp1GN6li8vZ5HLG7eyzQyeSxQCOseEcOtvRW%2BmMNlNmVMEZGyUk18LLdtDbOsD6LxZV3rRyXXNCuy2jP%2FuO%2BanPmMo0OVgZ8jjnOIiynxXQAi3bDyRoVL0BhoRghLgYoqDyeBvhvM%2FhOzHZbazOXMYOGCznBllf9e0pk1QWBQTkfqdbza2yQvml85DXa11IG6IcdVeIRlNZruX4a%2B9Rh6l1MePbnxiFGRwxUoy0Eit%2Fw6gyhZ7EnFmorXtqeUIIYe5ffKoQvU0mM%2FvsI8zGZft4hBR0L1x7DtzmKkAyeIhap0o996KEotFYjmL1yyy9VGN5PRxp1ThIYQ8jjmNP9vsfi7PxyuvdjAxF3aW192FXBvUTfMl%2BX%2Fz4%2FcJnx4iB0dwyrcKjVLumy76IQ6fS2ArdeDGwcPsEnQYg%2Fm9MMz3tRc5Bn7TgmW5qwHvimhymf0%2FQjlSGFaq4icYSbM3fE5i8hljquVLcMs%2BR4fdoQuv8a1v2ekszBKzXajsIuST8NX7dzeD0tHifEk14kFeXZ%2BFAxGZ8EL5lt%2ByZB9pZ0gL4Q%2BORdSlo6Uz7rZI1gEiu2SwfR0PTu4Im6EHsNhJoujfkJNqWajfjgQoF4Vbr%2B0kZvPT0LLmzLH3TwdH9nPH1yGceY07G%2BnPTHNPcosKFCyin2m9YXXokiubNseugRnqAgeVrIERwR3byy6m%2FjwY8PPjtSJKUPCGZS6nlW%2FESL5hgWFHcdNQsutkLp5JqIjXEjDxkL4TC%2FKe3XqLm%2BVOMOrauGJ87WzV9H3t9mUNlMcSMPGQvhML%2B1heq3uI0RDThQIb5ZRaOgGxZNxBWqTM9STVKFFdPM8MxhBe5SQWOTYZPUCAjMw19IMHGcqeOadjHyW8O6i2SDJ7SNIGUC8HZ3OVlHP4akM9rWWisNNfKWPVHZVhq55VaLngOKUW0goPvQ3YMXzzC3JmingPuUOPd2Wt5vFLqfhKs4zkVgBy6cZzMkJzM7YiLb2FyUVtvLd94fab1XuYsWndtDGH4cBGkkGLLXLQLlP8Nx2DmUZpliuCM0gJ22IRjbRggHI6w4DY6K3VZw6mtclMdMIL9AYnWHfRqIhkxPBf8sOrJ3FBI%2FAgSqr%2BjT0HU7J08HvALQzCaF9vM6AsX7oFm8yCi8SfD9EOAKtDbGN%2BhaSfGBvdwrJk5kff6DvnHmfe%2BdlPwzYMHYyMfSrE3sxkOKPeKfZ0nnS5AI4kJ%2F8MaJj%2B7VBpGLO5zrQXqEia3J5DJ9u5n8ntgRH930cI6VxC60Bjg8nCm3jp1GN6li8vZ5HLG7eyzQyeSxQCOseEcOtvRW%2BmMNlNmVMEZGyUk18LLdtDbOsD7nijNfk44mSGDsucJf21NClB6mI4e9sclqc%2BYyjQ5WBr6cm5zM0ekZFwLEdILyVw%2F7Lrq6dOuERN8KoulGoW4biNHKIjuqgmVRgGbdom8EeOnPDippXN0t4Gv09%2FoWDJ4%3D&mm_sceneid=1_0_1129860177_0&a=xxc%3Dad_ztc%26mi_id%3D0000xrhzquuh9iFineYfZ6a5A0wyrp2k6gpPjVlIYnWpTgY%26skuId%3D5978157058542&id=968075469909
966340343023,POPMART泡泡玛特SKULLPANDA进退之门系列手办盲盒礼物,69,¥,,泡泡玛特旗舰店,泡泡玛特旗舰店,回头客20万,4万+人付款,江苏 苏州,退货宝,款式类型:隐藏款 | 出售状态:现货 | 品牌:POP MART/泡泡玛特 | 商品状态:全新未拆封,https://g-search1.alicdn.com/img/bao/uploaded/i4/i1/2885348004/O1CN01QMGd6H28ztETxSf2f_!!4611686018427382436-0-item_pic.jpg,//detail.tmall.com/item.htm?id=966340343023&ns=1&abbucket=10&xxc=taobaoSearch&mi_id=0000X4bZ7foWWU8eLVFkPDQrMpyoz0noKuCskw5gyUOe3hI&skuId=5841462168622
965219769209,正版泡泡玛特ZIMOMO拉布布大天使大首领十周年搪胶毛绒58CM公仔,2530.8,¥,券后价,wqjcxw,JUMP潮玩正版店,,17人付款,浙江 杭州,包邮,出售状态:现货 | 系列类型:联名系列 | 品牌:POP MART/泡泡玛特,http://g.search2.alicdn.com/img/i2/120978104/O1CN01oiNSmd29jgmtOdF26_!!4611686018427386552-0-saturn_solar.jpg,http://click.simba.taobao.com/cc_im?p=%C5%DD%C5%DD%C2%EA%CC%D8&s=502180271&k=2361&e=beTKVVjhjQ8yPIZkmuhZB8aQH%2Fv6IjW1P%2BMTVGOHvvcGP2o%2FYQceDdx7ywSoBjaULMM7k2fwfzdEcbliasiQNc6NVYBipOzafJEVgK%2FmYs8vH%2FgtabEqS2GY5CYJrKUIButKCWY9YWLp0%2Byb2DWz7og1I2Ehd9CvjbOJPvQJ6OIOADPBR%2BF4TIWS1x5LsUAoMF7qyfGVlRQU6dYEOzyw28GmJ1WzIy6UuE1rCS%2F0Oae7T37D85DJ3E%2BcZ3LdJ4OIo84n%2BnAazQABTcBwYdQETq1uC6YGTriUtu53Ir66CtL0WS8TnfgWxrZTDWUhE7Qzpvy%2BOLb2%2F6JO%2BGPQiV%2BX1Swbq9fLvwbzoNykLNhXP%2BdGpJS1NF0bsubkzU9DChPzeGdXvx3c6w3g%2F6D7RLqM4SVyfrBgwP%2FBrCoe7RFqTHUgwPiMi%2BpMl6hU1bMnnhjX4Iu9Qt1eo4erRpPAId30%2FID5bWhXrd3VaO8GtU9gaiuBz2acT0Af3bLGP7UIa9X63HlL1NBuxjqqkgj8GoaFFnUxM8C45o4gwW9wiDIhql1OtKYYDrOBmhU8iwgyq0PRk9%2F2PeVOBYIkrIK3aToyssyCsMdBL%2F8MACWSyPYSJHTDTDWN1gw7YXzzBYHFPeQF8fBZw8y9fZC%2B%2BnF6VsaVkuQ2aRoCTnktb82L2Bik79ZNzyZQMrToI%2Fi%2FTbOS%2BPg0EVjEtp%2BhhqDEkht%2B643UAwRwSlzk7AuRI1WIXCU%2BP%2FnYx3cjbjYl84UbQCNqnY7kKZu%2B65ZfoJTslAz4Qzn9tHXqyNnxdv6YeWMVL1PXW6bS%2FYjuOsozlxpJeT6cwx%2FnNDZW9x7pXz1Df7LjRxa9blwUuC1flAG5v%2BqmFLGXGRmR5zLGYOhrgAJk0QpIHiFWYB0mtKkVZpCJo7ZbEg%2F0VCiinbIEcjpEffvmxb4U5lpriIuuKBy%2BGjmC3bM8GVDVerJEiCsKgXZSC6KyhLlUKGaaiTfK5IAI%2BLXVXVLlqPGndv63%2Fl5gO4CTxlMDbaKEb82L2Bik79YfRjSc8YIvK2%2Bc%2BTdw4hxhe5yCvW3A1VdUp55Dd5zELXt6WmwuA3IaXCACEIf6l18BNyVIa6oM7G8UJRf6uZPB%2BJb0hh3hRZUxyMI3A10DFs5ryQEXGBGIW0ucieWzNpfIzRj7%2B2t0PQ4YkW0p%2FhcA57zru6ETu%2Bx2VSYX35OgypP2jI%2Bhx6wnq90UuflxaG3JRkBKHQyVUYbNa0rois6ZehTh8oO0LjQyCmXG5v3nnLP%2BE%2Bno0tAmTAc0IGt2%2BVff3PG6AOJRHAe031KfOjLb3yra26YnCi2KXKhc0LS%2FTti0ALtPklKqPpCmhqfO3IPMfLi2y9tejo8TJv0ebBDKSSBNxhRn7JjgifPAEXbRRU0MlNGzJkExaX7obbaYPEsqZU0I7LEJKxkWCaFIUGmFCZ%2BApF9VMd2LULjCuDkBzeZD4rsJckoJ6G1sjhyN5PZIt%2FoDH0QVqqSzQZBu8jwBECMiOdJyGFduB%2BNSfoqJlqPjf0zcMOhfE5ndSmMm%2BaVIQyErFQEx6sXnWhATps%2F7hj%2Bk4mkKL12vu%2BazHbLTp44GwrdKSdPCHZ%2B%2BAN7DeDfqCeRU%2F2aUcE60phgOs4GaNlc8foIU49kF%2F12pZCT0iiwL%2FcCFlUIdKZu%2B65ZfoJSPur3nr%2BQYXUVE%2B5ioE9z9d5QRERuYrQJNeWh1780TwojxBWAQ%2FHNCepoEnGKtdOCRt7flOidT99ISdgQ7%2F84xeKo6OR71iPObWQluKNKZMDjW3WquO9yKqiwU0ajW41bSa7Agp8FbY0YMwoakQMYupHC06yZrgZXbVG5nj8bn9ukBbOdfTw6sZzMkJzM7YiLb2FyUVtvLd94fab1XuYsW7T8sBXBmVdlDh3qm%2FM8YJtqK6nfsQeHwWgVTcRBRY4a4IzSAnbYhGNtGCAcjrDgNjordVnDqa1yUx0wgv0BidYd9GoiGTE8F%2Fyw6sncUEj8CBKqv6NPQdTsnTwe8AtDMJoX28zoCxfugWbzIKLxJ8P0Q4Aq0NsY36FpJ8YG93CsmTmR9%2FoO%2BceZ9752U%2FDNgwdjIx9KsTew8WWop7IdlGqJmx5MxZljgDOEE5F1Jacb1zDxeBsWgpG%2FNi9gYpO%2FWJ9Of2eU%2BWYj0b8rcj6pqCnOAnhF4y5G6F3WcNqB8h3kFpdQiPZ1LEeCC%2FSwijCmpqIfahY9aYzMglmxAwKuxZOifcQHnYMHGlNbvUR%2FA7Zi8aAfBfjciWtM6VpuhbUlXquLlT9JBF%2F9VGYT9uueIbj6qmPEXENj3zZga0d1WuImzh1DB3ycYBvmuOz1aRaVQ6G1sjhyN5Pb6YKRUsVpD6A%3D%3D&mm_sceneid=1_0_120978104_0&a=xxc%3Dad_ztc%26mi_id%3D0000m6VX7TVKL8HcHxXtUkFOemOlVjx4WuK9Me-Vm6uQINs%26skuId%3D5991520476769&id=965219769209
923242471431,POPMART泡泡玛特SKULLPANDA餐桌系列手办盲盒玩具摆件礼物,69,¥,,泡泡玛特旗舰店,泡泡玛特旗舰店,回头客20万,1万+人付款,江苏 苏州,退货宝,款式类型:隐藏款 | 出售状态:现货 | 品牌:POP MART/泡泡玛特,https://g-search3.alicdn.com/img/bao/uploaded/i4/i2/2885348004/O1CN014tnkjo28ztETxQ76G_!!4611686018427382436-0-item_pic.jpg,//detail.tmall.com/item.htm?id=923242471431&ns=1&abbucket=10&xxc=taobaoSearch&mi_id=0000ACpFrFgTC8GR98pLA2MGRSvAoxftLquh5Bu1j5WOMrU&skuId=5954517569077
969391394834,POPMART泡泡玛特MOLLY面包脑袋系列手办盲盒玩具摆件礼物,69,¥,,泡泡玛特旗舰店,泡泡玛特旗舰店,回头客20万,3万+人付款,江苏 苏州,退货宝,款式类型:隐藏款 | 出售状态:现货 | 品牌:POP MART/泡泡玛特 | 商品状态:全新未拆封,https://g-search3.alicdn.com/img/bao/uploaded/i4/i4/2885348004/O1CN01hYAs7y28ztEUOJ98w_!!4611686018427382436-0-item_pic.jpg,//detail.tmall.com/item.htm?id=969391394834&ns=1&abbucket=10&xxc=taobaoSearch&mi_id=0000sehHpridj77YH1aLK_IYuqD6GqvYh6bCkUn6ZbYxK-A&skuId=5624591349456
742823405845,POPMART泡泡玛特DIMOO在你身边系列手办盲盒可爱玩具礼物摆件,69,¥,,泡泡玛特旗舰店,泡泡玛特旗舰店,回头客20万,8000+人付款,广东 惠州,"热销爆款, 退货宝",款式类型:隐藏款 | 出售状态:现货 | 品牌:POP MART/泡泡玛特 | 商品状态:全新未拆封,https://g-search2.alicdn.com/img/bao/uploaded/i4/i3/2885348004/O1CN01Nkv9UA28ztEUmYFG2_!!4611686018427382436-0-item_pic.jpg,//detail.tmall.com/item.htm?id=742823405845&ns=1&abbucket=10&xxc=taobaoSearch&mi_id=0000ZB-Oy8I8ckDkkltKRRhqhb8c68x-empmyGZFsaRPvLU
1014992783063,POPMART泡泡玛特十周年ZIMOMO三代搪胶毛绒公仔摆件黑拉布布58cm,1126,¥,券后价,tb621562613,MMV TOY,,20人付款,广东 惠州,"店铺满599减3, 退货宝, 包邮",款式类型:特别版 | 出售状态:现货 | 系列类型:联名系列 | 品牌:POP MART/泡泡玛特,http://g.search.alicdn.com/img/O1CN010DZ3901jktsDnPpuU_!!4611686018427384779-0-item_pic.jpg,http://click.simba.taobao.com/cc_im?p=%C5%DD%C5%DD%C2%EA%CC%D8&s=502180271&k=2401&e=iIfdmZsA%2BJMyPIZkmuhZB8aQH%2Fv6IjW1P%2BMTVGOHvvcGP2o%2FYQceDdx7ywSoBjaULMM7k2fwfzcwaw9pDWjNVWC%2FiuO9QVrbHwqzjktl9tVdMPcbZWWIH2GY5CYJrKUIButKCWY9YWLp0%2Byb2DWz7og1I2Ehd9CvjbOJPvQJ6OIOADPBR%2BF4TIWS1x5LsUAoMF7qyfGVlRQU6dYEOzyw28GmJ1WzIy6UuE1rCS%2F0Oae7T37D85DJ3E%2BcZ3LdJ4OIo84n%2BnAazQABTcBwYdQETq1uC6YGTriUtu53Ir66CtL0WS8TnfgWxrZTDWUhE7Qzpvy%2BOLb2%2F6JO%2BGPQiV%2BX1Swbq9fLvwbzoNykLNhXP%2BdGpJS1NF0bsubkzU9DChPzeGdXvx3c6w3g%2F6D7RLqM4SVyfrBgwP%2FBrCoe7RFqTHUgwPiMi%2BpMl6hU1bMnnhjX4Iu9Qt1eo4f%2FejABRWeqEtgapudHi0hUQq%2Fsdjsy4TBcqmuEQjau8DDdm4bZvHxqB2RWW6MlBMKLILP7qd72iI72H21FQ8JeSxaNXWRpuWwfVnqfrtZFY0NfYi4m8Eip6XlI9om6lnGntxcBWTSUM0Kq4GMhkUAjl%2FiST8XqxDzPzc9Nwl5hcdw8OK8qXVmehSIJNV5Nbhtg7zv2qHyZBicwEfFIbQYkbJyG2pid6E5vipsTbHxSIu5jOtz7D4iDDDUf79EpMKK9R2au49YwZhrZDIicAz6m2qPvkXSFejTC%2BtUQvZaitd8nnCKwPkWX4vbXpuqZf1x%2BAOwa1rQXY8wr4xpuW09VwfapA3%2BaPN%2B3vSBxOrVlQxmEtfzvJQj50WPKE05DFreKucekkGnjEtRFyX23QSLB2ux6x%2BfDhEKvhmuCa18m6r0b1lDXUOi9FdPs%2FL1%2BUZc%2BoMc9nyAsMsv6eQiOVCzZt0yGVw6F5gQFNPq8nkVk8X1AG0FqO%2B%2F%2B34F1uTJrrti62P2fDW12WlmXm1T9sXt2o5NOMwb6gKWbTTLwGtvZUCq4sOGeWEBG03%2FI0C7Dy1rx6IrdAWHLvSWgjjQCxdPTgUsoZTMHnfaHp%2Bfz%2BZzHo%2FSADbIHr2qF4qWiTGiJpWaT7CrzWG0jIjlyuKTCpCsTxkBiWW4ODHG1ru9qQHLvJ5l0xq6RnTE13M6rIUPC9Om8vvW%2BrGJqkDRvZIwFvEiJLSFVBk0dF4WSfn5Ju0DB0fiAB8%2FGrt5ndbdAQeqDaEZIjexRcZpgLpRp6Ss6Pm9cMFEjbqkITi3Zi72aXweMVcFrAYkYtN6ytNOR4aBw3pwvVCOskHMxMrO76t%2F2ccw93Dw4rypdWZ6FIgk1Xk1uG2DvO%2FaofJkGJzAR8UhtBiRsnIbamJ3oTpd8%2FqU1hdl9RD%2Brj%2Bq67EvUHxgpID%2Fj%2Fxf37hiMmd0belzIAhQt9Aq1nOhlW%2FYHR4mekbPdcTzPCu0yrz%2F94O5qdAlwDuFnKJ7Vy%2BuR%2B6BCNormjxqOraUeTrp8CDFjJHR6QWDdXZfU5rruD5yDy%2B28IAGyHRh5mYbyPcBN0OPDZZS4869aIlNxdcuNv1qAjL6VNVIqAl1KpsauvwZZUn8hoXomFu%2FgBpvDTQT4V2g8%2FbAOLryenvFW%2FG5QAZ0gFsuxURyvu%2BAB763rt82W11UOrauGJ87WzV9H3t9mUNlMn4ka2s904n6A7idxcX8oDNiHXBaxTVMT5FEDBM%2FRQN%2BsCdh7QEO0oJkivUkql9CgRTKEMjR8lXbvvaJ5wI0dX3PSMlB%2FhvMjRHMz5icfBGo%2Bh0nxMCHENvK%2Bmx%2FEV7uehCzZZfjdCD3IKK7rpgEE6C0poWuKap0CPv39UWyV3pKOZYf%2FgnYA40nz1CkQLwV7ZGK6iSe%2FQ3ndgXw7J8o%2FeiucOk3CmM5kNWscrtV7okRE4mH53F%2F%2FbdVPrPxtw%2FfNFb2YzNJO8jC4IzSAnbYhGDFHfcVtbIAQePXQ%2FOWTBGAA%2B8x4vq9su7edK%2BFQ6iDoiFpoHYflL6SQplLQL8HrMeA5p8K6ohJhaeFy4hUMAx8ocAznDQJDQvJNaiNDtkJ0tS%2F4N4VDhqM2qcfAI%2Fxqi7WovVKZouG%2BDQdkBY2LWcjYfNGECrxyiZ3kLZ4EQdKXsXt0Qa%2FA%2B6sP%2BPG2fO6PaXZB1e62J5gutGQ9X65Aaou2YxdGmURe7hlZWrB2EAUnxC60Bjg8nCm3jp1GN6li8vZ5HLG7eyzQyeSxQCOseEcOtvRW%2BmMNlHBARl8MxNpH%2FIDTpf5CqrGj52UgouTtMd8P83rS28EDUNNh6uqTb78z0QA7O62iE98nnCKwPkWXD4GqRqFDHQxv01u7SrTsHLyvnzXXBUDMcGMf4IeY5s3VoE8C5Zu%2BGQcXNVQZf4EWNormjxqOraUeTrp8CDFjJAY%2FSUc1VTve&mm_sceneid=1_0_6575436378_0&a=xxc%3Dad_ztc%26mi_id%3D0000ik1KzaTZNeHu3MUq1JX8Itjb0ZT3w6OnI_e5hRowYwQ%26skuId%3D6193252215358&id=1014992783063
720360405364,POPMART泡泡玛特 共鸣间谍过家家阿尼亚的日常手办盲盒礼物,69,¥,,泡泡玛特旗舰店,泡泡玛特旗舰店,回头客20万,1万+人付款,江苏 苏州,"热销爆款, 退货宝",款式类型:隐藏款 | 出售状态:现货 | 品牌:POP MART/泡泡玛特 | 商品状态:全新未拆封,https://g-search2.alicdn.com/img/bao/uploaded/i4/i4/2885348004/O1CN01KvsJZO28ztEVYp3WZ_!!4611686018427382436-0-item_pic.jpg,//detail.tmall.com/item.htm?id=720360405364&ns=1&abbucket=10&xxc=taobaoSearch&mi_id=0000c4IFm_gJXIqTAUGzwqYQSXllxnhZioshZtrRaKT1ZvE&skuId=5080014205859
599270769700,POPMART泡泡玛特 天猫抽盒机次数适用69元盲盒手办不支持退货退款,69,¥,,泡泡玛特旗舰店,泡泡玛特旗舰店,回头客20万,6万+人付款,江苏 苏州,退货宝,款式类型:隐藏款 | 品牌:POP MART/泡泡玛特,https://g-search1.alicdn.com/img/bao/uploaded/i4/i3/2885348004/O1CN01SHXz1w28ztENqpHx7_!!4611686018427382436-0-item_pic.jpg,//detail.tmall.com/item.htm?id=599270769700&ns=1&abbucket=10&xxc=taobaoSearch&mi_id=0000ypszSMn3tJcFsZtSV66HJRY1MObq8yrO5sNxtIhhtBc&skuId=5485147334243
911493540641,POPMART泡泡玛特123！星星人系列手办盲盒香蕉船玩具礼物摆件可爱,74.9,¥,,李超越0922,TOP DOLL 俱乐部,回头客1万,1万+人付款,广东 广州,"店铺满299减3, 包邮",款式类型:端盒 | 出售状态:现货 | 系列类型:联名系列 | 品牌:POP MART/泡泡玛特 | 选购热点:淘公仔,http://g.search.alicdn.com/img/O1CN01oSFXI71zwq3Astfcx_!!2660786779.jpg,http://click.simba.taobao.com/cc_im?p=%C5%DD%C5%DD%C2%EA%CC%D8&s=502180271&k=2381&e=uKnRgvBJD3gyPIZkmuhZB8aQH%2Fv6IjW1P%2BMTVGOHvvcGP2o%2FYQceDdx7ywSoBjaULMM7k2fwfzdeYFACyMHG2iUS6ZmtnvGepQBKjdq3aXldMPcbZWWIH2GY5CYJrKUIButKCWY9YWLp0%2Byb2DWz7og1I2Ehd9CvjbOJPvQJ6OIOADPBR%2BF4TIWS1x5LsUAoMF7qyfGVlRQU6dYEOzyw28GmJ1WzIy6UuE1rCS%2F0Oae7T37D85DJ3E%2BcZ3LdJ4OIo84n%2BnAazQABTcBwYdQETq1uC6YGTriUtu53Ir66CtL0WS8TnfgWxrZTDWUhE7Qzpvy%2BOLb2%2F6JO%2BGPQiV%2BX1Swbq9fLvwbzoNykLNhXP%2BdGpJS1NF0bsubkzU9DChPzeGdXvx3c6w3g%2F6D7RLqM4SVyfrBgwP%2FBrCoe7RFqTHUgwPiMi%2BpMl6hU1bMnnhjX4Iu9Qt1eo4f%2FejABRWeqEtgapudHi0hUQq%2Fsdjsy4TBcqmuEQjau8DDdm4bZvHxqB2RWW6MlBMKLILP7qd72iEic2qH4rZmxpuCKaDCoAD6UOkTmq%2BAx4Egpi11F%2BxfFIFJPLu7Kmr%2FmORjT29VLsQoW2sHIXe5E1zMss3qSMZP0H19Zcfx6zHOjHkxF29%2BhzGmVxoEFqc8U4DQTH1GxliqVBeEPMHql%2FkLxWjW9aNC%2BU1ltEyUTOzQLSlhNr0OJ2o9ZrRACrWEduShhkwtz04qziDN8SJJhfcZAidn6DxcrJLVVSIo9a6bgimgwqAA%2Bx4R7pB3woAnq%2FRE48B9USJ%2F5DwAXp6zkG%2F2bzEhVv44TxKV6lCTJmpJtAe5TbEBgGrf0DI7O5vm0iTZPfOV6WMQutAY4PJwpt46dRjepYvL2eRyxu3ss0MnksUAjrHhHDrb0VvpjDZRwQEZfDMTaR%2FyA06X%2BQqqxo%2BdlIKLk7THfD%2FN60tvBA5qa%2BUyr1YmDbLCFY1gxDs3gqlPXx5XYBWf9pMLh%2B79Q1ZWYDzKNzc8Ez5tHVl7quj2LY5QLso9ZlMDILIoNX9LYn7LjO41CmXgRdHQ2R9ySuiLl8kYUxbHXD8D0IEeRVbWSmGJXc5hRMa9fHUijU08onRu%2B2qCfdHhnBBEt0Xv5reTlTh8xSpgrRHWtrHNSlJGU9Tng1%2F9QXtw3VU%2Fz9EogBE0GT8%2FeExVc%2Fgt4%2BLxfY6lyYzw0myPDj0FKoLVyqn5%2B0l11uNLXxunRrwh5jP7Chag3z62K4tYBOOtd%2FOmmLwRyEpOopBymEsnKM0Vdl9jftAk5KlshMV9X6GvSE1HY%2FHan1yNSjzKk9tSwSutfpHYb59UJiBmHqE2eM5HHDrYYcPm6gi2CI8UYe9SMgLkcaKG0MDlwg8MT8ZRVh%2FIFYdmWmbDqJPwvTcDpi1Yopk0MlNGzJkExaX7obbaYPEtBnmPVf7Bjmna5p%2BVRRjnQjLNmJK1YXPHCpPBKvLyXo%2BZD4rsJckoJ6G1sjhyN5PZIt%2FoDH0QVqqSzQZBu8jwBECMiOdJyGFduB%2BNSfoqJlgvMbf4Xhgfr0BypV8%2FoeRxIxD6F0fcfkQH5wmreemT7S5EDedMlJtgX0%2Buu4qEMhsi3D58U%2FfpFOYrEEpf1aidN2vlbdR54sXdxKqfW1BXOyoqfIq8tQ8D7cacmYWy7DoMIXfqPRlW8d3Eqp9bUFc5sL2y0MAL5W0hRoNF6xVV%2BOexDlcCXggWJEOlMvYVjNo4%2FXj%2FJp%2BdooRKnN7KfsNI5W3lNl2NEZT2Q0QB7AXR2p4PCNfvxTiWbWQluKNKZMDjW3WquO9yK0HEhVewyT4dMO0rr2py1Lk%2BnHJ65xnV1Co0l8ESyIP7fD%2FN60tvBA8UqlqCK4PlnAily4AaLL75nMyQnMztiItvYXJRW28t33h9pvVe5ixZBhz3GI2I3SUOHeqb8zxgm22S4pJ8LtUtyzkRhUXW3uwR0E4hhNV05rRXGn34viZ%2FCPLgfkUADfwQxg2GLEjmp9EWbPFOddlkR%2FUVkzqseMhc8fe73%2Bc2rGNe1IFJ09rRXLMtFT%2FnCHyd8EUFAYrmGOEDKpylTrQWFmrSJSPn3arz2untEtIGyRqijeoRuWrSKasgXWGeJUnE4Vu775QR%2BirzopZ05oGvpIR5vmb6Jszb69XfyolPvhkHvTb1fRT0%2FvEbWiAwJ1bT4DvBwwfuloBHMqBDMPFI859iGATJ2fgGoX%2BQwuvbTX%2F1eaPPxW4L8LMYtOm%2B6BdRpZvRr6ZZJy%2Fp5CI5ULNkDc%2FMyuygt8ERZevex8inGKIqtHH8EA7jSDE4CelwuMvzIGu4VhOORIFJPLu7Kmr9RDsnS8dOCDp%2BAzpX2MUlN3dG7v%2FExHgtNKB4ajvhR7PBgtqiURcK0XUn5%2B4CdATk%3D&mm_sceneid=1_0_1392190029_0&a=xxc%3Dad_ztc%26mi_id%3D0000sBT2Cl2sFaqjntEFTLy7I4zOeCZ8j_uQwGrCkfEgjLQ%26skuId%3D5941187767148&id=911493540641
962914076076,POPMART泡泡玛特星星人美味时刻系列手办盲盒玩具摆件礼物,69,¥,,泡泡玛特旗舰店,泡泡玛特旗舰店,回头客20万,7万+人付款,江苏 苏州,退货宝,款式类型:隐藏款 | 出售状态:现货 | 品牌:POP MART/泡泡玛特,https://g-search2.alicdn.com/img/bao/uploaded/i4/i1/2885348004/O1CN01Cn0sR928ztE5yIn1v_!!4611686018427382436-0-item_pic.jpg,//detail.tmall.com/item.htm?id=962914076076&ns=1&abbucket=10&xxc=taobaoSearch&mi_id=0000tALbNrTf1UziwVrStgCVN47nTedF3i-IsBhO1OcP1wk&skuId=6098834894542
962881503783,当天发泡泡玛特ZIMOMO十周年一二三代大天使大首领搪胶毛绒公仔,449.9,¥,券后价,曾啊啊啊啊81373209,巨无霸正品潮玩,,9人付款,广东 惠州,"店铺满88减1, 24小时内发, 退货宝, 包邮",出售状态:现货 | 系列类型:联名系列 | 品牌:POP MART/泡泡玛特,http://g.search.alicdn.com/img/O1CN01Tnw8Eo1JdPNyx6wQF_!!2623151051.jpg,http://click.simba.taobao.com/cc_im?p=%C5%DD%C5%DD%C2%EA%CC%D8&s=502180271&k=2401&e=ZW1O3Xu6m5YyPIZkmuhZB8aQH%2Fv6IjW1P%2BMTVGOHvvcGP2o%2FYQceDdx7ywSoBjaULMM7k2fwfzcrELoR%2FOkmpws1XTZ9ylZLrSEO%2BVGPJo0vH%2FgtabEqS2GY5CYJrKUIButKCWY9YWLp0%2Byb2DWz7og1I2Ehd9CvjbOJPvQJ6OIOADPBR%2BF4TIWS1x5LsUAoMF7qyfGVlRQU6dYEOzyw28GmJ1WzIy6UuE1rCS%2F0Oae7T37D85DJ3E%2BcZ3LdJ4OIo84n%2BnAazQABTcBwYdQETq1uC6YGTriUtu53Ir66CtL0WS8TnfgWxrZTDWUhE7Qzpvy%2BOLb2%2F6JO%2BGPQiV%2BX1Swbq9fLvwbzoNykLNhXP%2BdGpJS1NF0bsubkzU9DChPzeGdXvx3c6w3g%2F6D7RLqM4SVyfrBgwP%2FBrCoe7RFqTHUgwPiMi%2BpMl6hU1bMnnhjX4Iu9Qt1eo4f%2FejABRWeqEtgapudHi0hUQq%2Fsdjsy4TDZjhGqu7GEl5op4eiYCvco4BBuW7nbpNLceUvU0G7GOqqSCPwahoUWdTEzwLjmjiC4BLPIGVVzxLFjPhY0UxSGk4V8ZsD%2F1sRzxO6eRJjghvMfSLTxLRrsi2vYbPNf0C5JRW1QNEkf7sARaxrbdcllXZ2ugpQ0B4SDJmfSPm5EEnIpC4MWs%2FUC11K30O5yWlQ9P%2BS2qFJ0Pv5liGhFPmNkaUuZ19ezJAwNe9Zs3lbM2owM8pAgJhTAYG0qwB4Vc4Xr5AgOvj%2BAfQVZDUquYl74bH5WZpB1Ju6xYz4WNFMUho7KnmoYc56%2FDe1y3QtksIWd%2B4PM1a2sVggZr8C6OBgZ4Cl34pWcDX9%2BgMeXaqQkX7YvVoXxjRX6GVlasHYQBSfELrQGODycKbeOnUY3qWLy9nkcsbt7LNDJ5LFAI6x4Rw629Fb6Yw2UcEBGXwzE2kf8gNOl%2FkKqsaPnZSCi5O0x3w%2FzetLbwQNSAUCojSO5%2Fn9S7j4S3YcW2zlj5PqgGcZn%2FaTC4fu%2FUCLRndQNHrpmg8JAGCPdQOA9i2OUC7KPWT0%2F5LaoUnQ%2BclJXCuDpanlq%2B7rM5RaQrroi5fJGFMWx1w%2FA9CBHkVW1kphiV3OYUTGvXx1Io1NPKJ0bvtqgn3R4ZwQRLdF7%2Ba3k5U4fMUqYK0R1raxzUpSRlPU54Nf%2FUF7cN1VP8%2FRKIARNBk%2FP3hMVXP4LePi8X2OpcmM8NJsjw49BSqC1cqqIg3QOEoHvPYUDa91jiUxrwoWoN8%2BtiuLWATjrXfzppi8EchKTqKQcphLJyjNFXZfY37QJOSpbITFfV%2Bhr0hNR2Px2p9cjUo9tkGkPFdUuf1RDwNDECAg6evK06wpW%2BVK199QC0Fjk8M0xSc272vMybTtJ4ftytnkI31yPpjJk56FSgQwO0FqJAUn0sSo3p2RNDJTRsyZBMWl%2B6G22mDxLuc1RFbonE0SrDnYkrerR9qh0K26%2Fze%2BJCQJtBpzQ%2F47mQ%2BK7CXJKCehtbI4cjeT2SLf6Ax9EFaqks0GQbvI8ARAjIjnSchhXbgfjUn6KiZbTs7QVBbI6uqMMI3roR9Apb1PCUvhSG9mK3ktLlOK%2Fuz0mYx1Z5QuY835G0D0jbzySkGsO3l8LsCrQrRGPx9Jkkfc%2BO536eBuxYz4WNFMUhj%2Bw8qzqH%2FLI%2B3GnJmFsuw56oNGkoNSGsbFjPhY0UxSGv4NMDwdvbI5IUaDResVVfjnsQ5XAl4IFiRDpTL2FYzaOP14%2FyafnaKESpzeyn7DSOVt5TZdjRGUosnvPE82GHouX4%2F3Tk32sm1kJbijSmTA41t1qrjvciohQG8eq90G60oZGGhjak2LpxnHcyT%2Fb9AqNJfBEsiD%2B3w%2FzetLbwQPFKpagiuD5ZzaVXeKNslZaZzMkJzM7YiLb2FyUVtvLd94fab1XuYsW3vxQwc9T5EpDh3qm%2FM8YJttkuKSfC7VLADsFie9ZnJIEdBOIYTVdOUZBvSsf5wVqwjy4H5FAA38EMYNhixI5qfRFmzxTnXZZEf1FZM6rHjIXPH3u9%2FnNqxjXtSBSdPa0VyzLRU%2F5wh8nfBFBQGK5hjhAyqcpU60FhZq0iUj592q89rp7RLSBskaoo3qEblq05CXFMzWRWRsZk3rzP8vbnIq86KWdOaBr6SEeb5m%2BibNEjvAtp5pMcjmrAB%2Fq%2FPv7XhIuUMklVT1%2Fh5%2BBV0DkoMOAxuWUpTkMrPCNXs4o9CoNRFzTAM8JRtSZ04VzcAew9HTXfePpXAHfD%2FN60tvBA2O5aEZob%2F4N%2FqeiyPtF92kAB%2FcvkPHuUfukhldsSUKVU93Fqkitr3c0d18wzGlGLWes7Ri1YxrqPi1bj9InCeqFGeogp3YChQSIcCjW%2FUI%2BRaGmYz%2BW%2FgWjgrriMeOrBhkm%2Ft84hX3a&mm_sceneid=1_0_6560205617_0&a=xxc%3Dad_ztc%26mi_id%3D0000FUGczX1XHae4GBoyG7JqdYI8y4MROM84d4E_ARtGYeY%26skuId%3D6196482483388&id=962881503783
911328609900,POPMART泡泡玛特DIMOO WORLD × 迪士尼系列搪胶毛绒钥匙圈盲盒,1074,¥,,泡泡玛特旗舰店,泡泡玛特旗舰店,回头客20万,4万+人付款,广东 惠州,"超级爆款, 退货宝, 包邮",出售状态:现货 | 品牌:POP MART/泡泡玛特,https://g-search3.alicdn.com/img/bao/uploaded/i4/i1/2885348004/O1CN01uVPaEP28ztE8L9Nv6_!!4611686018427382436-0-item_pic.jpg,//detail.tmall.com/item.htm?id=911328609900&ns=1&abbucket=10&xxc=taobaoSearch&mi_id=0000ZQbb0ByFuFOcYNeItcorgl4M3cCv49VnJ7aNQpsem5o&skuId=5980476198880
996336353793,泡泡玛特星星人系列网红马克杯子牛奶杯陶瓷杯卡通早餐杯儿童水杯,245,¥,券后价,tb752588564181,淡水鱼手作,,42人付款,浙江 金华,"官方立减12%, 包邮",材质:陶瓷 | 包装形式:礼盒装 | 主图案:卡通动漫 | 产地:中国大陆 | 把手设计:单耳把手 | 适用场景:办公家用 | 品牌:POP MART/泡泡玛特,https://g-search3.alicdn.com/img/bao/uploaded/i4/i2/2218196648267/O1CN01hpZQGQ2AwLNSuZrqU_!!2218196648267.jpg,//item.taobao.com/item.htm?id=996336353793&ns=1&abbucket=10&xxc=taobaoSearch&mi_id=0000ahPtTBZ-PSzy8UaAovJE4dJkuoETYMyl84CqIQFC1VI&skuId=5975529060687
962813702222,POPMART泡泡玛特《哪吒之魔童闹海》天生羁绊系列手办盲盒礼物,55,¥,首单价,谭梓琳lin,欧巴手办盲盒,回头客8万,4000+人付款,广东 佛山,"直降2元, 店铺满500减5, 48小时内发, 包邮, 酷动城",出售状态:现货 | 系列类型:联名系列 | 品牌:POP MART/泡泡玛特 | 商品状态:拆盒不拆袋,https://g-search3.alicdn.com/img/bao/uploaded/i4/i3/2580405343/O1CN01GdiDn01pL9E4jD460_!!2580405343.png,//item.taobao.com/item.htm?id=962813702222&ns=1&abbucket=10&xxc=taobaoSearch&mi_id=00002-rQeWZCpXDI9etoWeKa-ANVxWWX0fGi0_Uxmpzxr9E&skuId=5722908849811
976358701164,POPMART泡泡玛特DIMOO 如果今天星期八系列手办盲盒摆件礼物,81,¥,首单价,谭梓琳lin,欧巴手办盲盒,回头客8万,3000+人付款,广东 佛山,"直降4元, 店铺满500减5, 包邮, 酷动城",款式类型:特别版 | 出售状态:全款预售 | 品牌:POP MART/泡泡玛特,https://g-search3.alicdn.com/img/bao/uploaded/i4/i4/2580405343/O1CN017mnQ6U1pL9Gl45v6p_!!2580405343.png,//item.taobao.com/item.htm?id=976358701164&ns=1&abbucket=10&xxc=taobaoSearch&mi_id=0000kHTB0gzoebhe7u_tx68CEsazzqxvWT0wk06GH1uZ70U&skuId=6032149605974
865731509569,POPMART泡泡玛特HACIPUPU动物贴贴系列手办盲盒玩具摆件礼物,89,¥,,泡泡玛特旗舰店,泡泡玛特旗舰店,回头客20万,2万+人付款,广东 惠州,"退货宝, 包邮",出售状态:现货 | 品牌:POP MART/泡泡玛特,https://g-search3.alicdn.com/img/bao/uploaded/i4/i4/2885348004/O1CN01NBkFuX28ztEUItMGq_!!4611686018427382436-0-item_pic.jpg,//detail.tmall.com/item.htm?id=865731509569&ns=1&abbucket=10&xxc=taobaoSearch&mi_id=0000eIcdgCaHgxjvmeuKnK3_RoZ_ll9JdW2LwQ_5SKQ_mmw&skuId=5870235006847
1013252274118,POPMART 泡泡玛特 星星人怦然星动搪胶毛绒挂件盲盒手办潮流玩具,93.99,¥,,tb0673212314,嘟嘟潮玩店,回头客7万,500+人付款,江西 南昌,"店铺满799减10, 包邮",出售状态:现货 | 系列类型:联名系列 | 品牌:POP MART/泡泡玛特,http://g.search.alicdn.com/img/i4/3499666437/O1CN01TV0OAc1xQCasmvBgA_!!4611686018427382789-0-saturn_solar.jpg,http://click.simba.taobao.com/cc_im?p=%C5%DD%C5%DD%C2%EA%CC%D8&s=502180271&k=2401&e=gGRxEmUvy7AyPIZkmuhZB8aQH%2Fv6IjW1P%2BMTVGOHvvcGP2o%2FYQceDdx7ywSoBjaULMM7k2fwfzed0zlqReywsjXJwLsZlQFtEfStPOL9w35dMPcbZWWIH2GY5CYJrKUIButKCWY9YWLp0%2Byb2DWz7og1I2Ehd9CvjbOJPvQJ6OIOADPBR%2BF4TIWS1x5LsUAoMF7qyfGVlRQU6dYEOzyw28GmJ1WzIy6UuE1rCS%2F0Oae7T37D85DJ3E%2BcZ3LdJ4OIo84n%2BnAazQABTcBwYdQETq1uC6YGTriUtu53Ir66CtL0WS8TnfgWxrZTDWUhE7Qzpvy%2BOLb2%2F6JO%2BGPQiV%2BX1Swbq9fLvwbzoNykLNhXP%2BdGpJS1NF0bsubkzU9DChPzeGdXvx3c6w3g%2F6D7RLqM4SVyfrBgwP%2FBrCoe7RFqTHUgwPiMi%2BpMl6hU1bMnnhjX4Iu9Qt1eo4f%2FejABRWeqEtgapudHi0hUQq%2Fsdjsy4TBcqmuEQjau8DDdm4bZvHxqB2RWW6MlBMKLILP7qd72iI72H21FQ8JeDzouIp%2FiEYtqohF%2Bl7EEEeJu4K%2F56qDJX8vJ1kQ9MiynX%2FH3Dy%2FHvjr%2FNhJkHvRhl2LHcxoHooElRrleqNEbYEA95ndsrHqzMTvXUv5ua4FLEBzxn1ebSok3YetCjKYp0HGL60VJVG2WIwfM38XaQJlFicsVGcSIjAzykCAmFMBgbSrAHhVzhevkCA6%2BP4B9BVkNSq5iXvgrvIrFq7XOAYBMNM17Zf0KIzAYsbcPcs1GDE7R%2BBtWiW3A5IVr28gQ59CUNuXS%2FsaT31xUvxsOLPOsxaMQUqxc6SM8SVTDI61z%2B0ecW8Iokav3xHJ5hQby88lhmds%2FMHxi7PwI12anofvVA7gMlMNq5B6%2Flfz2GOxsrJIx3z1TJAU0%2BryeRWTxip6pYmKUTbpJ89QpEC8Fe%2BXY4w2ac%2BGMDzouIp%2FiEYtqD4dvIWrdM2f9pMLh%2B79QoCXNou%2BvQKhGKITzLcJ%2FuU7UqiBM4qiRdIg5twMjNmTpTs2esx%2BrJWr7uszlFpCuuiLl8kYUxbHXD8D0IEeRVbWSmGJXc5hRMa9fHUijU08onRu%2B2qCfdHhnBBEt0Xv5reTlTh8xSpgrRHWtrHNSlJGU9Tng1%2F9QXtw3VU%2Fz9EogBE0GT8%2FeExVc%2Fgt4%2BLxfY6lyYzw0myPDj0FKoLVyqqaAoXxS8KkrZ2YuqjZBqZnChag3z62K4tYBOOtd%2FOmmLwRyEpOopBymEsnKM0Vdl9jftAk5KlshMV9X6GvSE1HY%2FHan1yNSj0INsCK2psp1tAybbW5BCIxfy8nWRD0yLDvhjy8AuGf1cc907ZuldBqXYsdzGgeigYHMYsdwEcncKHXk4HWz90ZZ5MS2rvOfAU0MlNGzJkExaX7obbaYPEuc0nuGLhq8ofTYnEexV3wxN3pCRx8gRoBf1%2FS6uiuHfOZD4rsJckoJ6G1sjhyN5PZIt%2FoDH0QVqqSzQZBu8jwBECMiOdJyGFduB%2BNSfoqJlqToSLFx2pEi5TCXigXrU1nXYA11uK5fo3XAbL0ovyMbp7AXez3N430VhbBEe3Snn1S1JvsScfrEm5u1DvQYI%2BHqCeRU%2F2aUcIBMNM17Zf0Khou8yQVrET8F%2F12pZCT0iiwL%2FcCFlUIdESAcpKqH6vHb9cZMSiQxqEVE%2B5ioE9z9d5QRERuYrQJNeWh1780TwojxBWAQ%2FHNCepoEnGKtdOCRt7flOidT99PRldCGAV3AldOtl2OanaJC315eVF013zVrHK7Ve6JE%2FBfF48HCZ1fRrkSWU24zMpuhHvNxyZEcaEKSepwlI1MSe3QkAS%2F%2F%2BpYMwaIWp62UzWgqGm8tWLl1hs89MKm4CmczJCczO2Ii29hclFbby3feH2m9V7mLFkGHPcYjYjdJQ4d6pvzPGCbaiup37EHh8FoFU3EQUWOG%2Bf4v3jCHfQTbRggHI6w4DX%2BD4j8WzQFTlMdMIL9AYnWHfRqIhkxPBf8sOrJ3FBI%2FAgSqr%2BjT0HU7J08HvALQzCaF9vM6AsX7oFm8yCi8SfD9EOAKtDbGN%2BhaSfGBvdwrJk5kff6DvnHmfe%2BdlPwzYMHYyMfSrE3sQ87hmyc6karQNfVB9c%2FQnwzhBORdSWnG9cw8XgbFoKSi2JbX9xfQ%2B7Yj3QudBQ8V9G%2FK3I%2BqagpzgJ4ReMuRuhd1nDagfId5BaXUIj2dSxHggv0sIowpqaiH2oWPWmMzEacas6DP%2BDwGMd%2F0lnFPq%2FyA06X%2BQqqxHrYoEX%2BAeISHmTAM3jwo5xEgHKSqh%2Brxqhi9ZXiaZUlG4ncc4gvlg4xVllXAH7SwFWJNZK3EeZmS9ReIYZWZy93Ru7%2FxMR4LTSgeGo74UezwYLaolEXCtF1J%2BfuAnQE5&mm_sceneid=1_0_3499666437_0&a=xxc%3Dad_ztc%26mi_id%3D0000i8jX9zzdYk0EPyj4mKSGO2rEQKYT4ABJkqvpZTin19A%26skuId%3D6018135153349&id=1013252274118
966512749989,POPMART泡泡玛特Hirono Living Wild为喜乐而战毛绒公仔礼物,179,¥,,泡泡玛特旗舰店,泡泡玛特旗舰店,回头客20万,3万+人付款,江苏 苏州,"超级爆款, 退货宝, 包邮",周边产品:毛绒公仔 | 出售状态:现货 | 品牌:POP MART/泡泡玛特,https://g-search1.alicdn.com/img/bao/uploaded/i4/i2/2885348004/O1CN01kHc80e28ztE8dm1zo_!!4611686018427382436-0-item_pic.jpg,//detail.tmall.com/item.htm?id=966512749989&ns=1&abbucket=10&xxc=taobaoSearch&mi_id=0000t2nvoIelwMyi-B5QgVmegeNHKMksFEjcAUA7ChTLlK0&skuId=6007233367374
921480173087,POPMART泡泡玛特ΘSKULLPANDA光织园毛绒公仔挂件盲盒礼物,129,¥,,泡泡玛特旗舰店,泡泡玛特旗舰店,回头客20万,10万+人付款,江苏 苏州,"超级爆款, 退货宝, 包邮",款式类型:隐藏款 | 出售状态:现货 | 品牌:POP MART/泡泡玛特 | 商品状态:全新未拆封,https://img.alicdn.com/imgextra/jz3_2/2885348004/O1CN01VZvsLV28ztBg4TaKm_!!2885348004-0-alimamacc.jpg,http://click.simba.taobao.com/cc_im?p=%C5%DD%C5%DD%C2%EA%CC%D8&s=467417809&k=2465&e=Nsnbo5tToLUsKuOHROkz1rc%2BxXA2pkgxKks7rfOJUE7dhCHdy5fVBM1Keiz47d%2B6Bx8t2XY6VOL%2BAW2JrCQEq4ceLZSava1hDJ4hq%2F4jqrzWYzQzM3M3Sd8WaqBdO3LjqfKS2VEmWd%2FMsuXXhz8dFlB6b0TQM%2FoIHhiboADFYmXf1i90V%2BQUP2r1TCTM0UDEQx%2Fx1wgXmjstqN9I3HFKLz73VAHBqWY5634K5%2FQxsytfio6U82goglB%2BeQO4tnFL4CGH5nqIH9DYeMLL083l%2FMOBpz2o9ktiHLJXP3fIG6BNalW3JnRH93pVPe%2F359WKVHkYC17V6xprM92P2Iu1RbIXTVvDVLjD%2FJzf7B6ASLzIy9JZTiWu2RadBn5Y%2FVV05G4Zm2mncL1IIRPF4qjotnkguclMWO4ZGJ8kjCeTZ3jZgF7dhj1FqqqP6ucNZIHoD%2BO81searWNUfeGFGYYT6V2yoEZpz1AFU6jKijVkPzQ8fTkYJcnNIgiFKcQBl1EAg%2B7JYIOvUDbrf5%2BT%2BZ%2FoNaxlrqOXW9SCRv9spL3laf1xtGEl9Fgy%2FUIYuJNppWTEaRwfRc2KsStuPMoLZyyxfGw%2BjqNF9RUwW9%2BhebUYDabIZvPLpME3GX0pQmm66zeUrtEJif97EgTXiZ%2FHHFN787qNtWQOIkySm1mzmtuXLoIwwN0kfASr4%2FnSzxhGxU7TOprQ22JFvUYzIFaOfbva9AfGgWNSCVxVoIKfcPx19dZu%2BZYvUUuSGH6zFw2bDgjG5LFxDmgQQJ3Rd6XJnqNnhN2Sgusbw5KZgX30x2%2FUT0AHq4%2Fpgg0PXcf%2Bu9nm6OIByBtFsutYQIJqo7LhkNStDwXgyICZEPUGh%2Bb2CoopThdC1vCoopvY2FY1%2BdCRAWwqqeaNNLTFVChhK%2FfLWu6QyiLcevZm5fLliayPvpW1Y5VHAHuvie1UgSMPnaFOMezu7vpWOGptaShMSD1YJfihkJwMNvi3ELyzQPcUvXa9At47w3w2GxrPEGW4XDcTqRP0fqCJHPU23VRk4vPgsEl1C9u2PXTLr3OJDdg5jLeVxj0GEQGBIm6gD0WwEdZaJaZxTTDkVGzUIodJoj3Gc0ATMjdlvRfoMv17DHehEFfT80u2SEukuSlZfzNdcjkzP3PKFWUtPy2yYQOzmPQJl%2Fb%2BuYgC8XSP2ofrVxjN%2FsCrJCLThfSQSC%2FQPSFd98JM%2FqceeRm9a6v47sbJevo9rGx9fTGA5jPY%2FHWdsSR5P7JHG8qeRfLDq05jk4pl%2B8USoq%2FO2pPp6T5p3OODaRczmzg6DEnjPd3h4E33guNGmEMzOElsPo6jRfUVMAa0WBClYZi8bjzKC2cssXxCGLiTaaVkxFajtqVEbbsvyGbzy6TBNxmZN4iuXv5uZ1oqJ%2FhNHMPcS60OaRU09s1mB9gYR8ier%2BvP2F2z%2F7QoikF3VmCv2NFWAdnLES9B1jDA3SR8BKvjEt2iQ4h4Z54JLr235ZHY%2BgUPLsLsomVcNwZ5XtFVFXFOSx03%2BR243h0RdLlygmOoHvu%2FT%2FzPFFna%2BGFRuztCxBva%2BARFcTFL%2Bv%2B3%2FMjqSyoPJFkSiwrvdfn0GG6IyYI0i%2FuSJ4Fyq1pjiwpLd3FwbAmKRObef9GKyUzu1IR4Pz7AEgTlPwfVlFkB%2B4T3F2NujeSvsrtu4UDJTO7UhHg%2FPsASBOU%2FB9WUOfUSvON%2BKdgwCFqPHEMRlLymOU3jecYFkusO2bfDFP0J6O6mDxO6So2lROcbmvGGA5odWWY5M%2F6L%2FFTrrwh6MPIDXKw0475pYEYkbiEqQUMf2rX9vYICXVdozHt8aJXAZ7sbpAhazpLE9cpXGzRbDhFNIhsRrO16LmimHNoH4EzLUKrBNgSoMqR8dFr%2BNQwkUNYTdy0mJAfJNPUeQTCt%2BLsgOMenzVzMoySAS9YcRy9fZG5IYLTiKmny7wWoHj2NVpX1mNgNC1%2FYU0q7VGj5Z%2BuryZ%2BJQU74H9vpiadZ8PMiE1kP%2FVfXCrFpdBHIct2%2BvjIty75ztaem7C70w5DTqvPOAJo7GODEasbBRvhiTGtVTSMt1%2FSXhtzxT8G46VI1BCh48q3b%2FzSIFKilLaLj3xsx%2FZvNzMF2MZYVDp0Ms%2BHRxqi8A3h8clKKc6PYwphuQyXt8Nm1P1E8m7xxZt5znqiMS%2BuWHBP0pCmJZLyCBfEgbsEp%2BjQb40sKqlCuA3WO8Vp%2BpLgha3tCGLiTaaVkxCN2tHer3TmMAAUc5fwFGkMmtii4vh2lXZRtB5iEoaQ5AB5HI9cRd%2BbcwdkFsV6qhSt%2Fl89q61F1Ji6VpBTxZdm7IDjHp81czBIEmkN1lc7%2BXMcoAZEKhmbyUESIClUgEp3UGAI7avea5LFxDmgQQJ10KfvgPUpp4cgl42VMS2TUMaPduPw3UJ0nAA7J03sa9Oj3vGymYfUMTWvo5TxGSrhwiL6eSVxHZonDfhOoZea1&mm_sceneid=1_0_116045295_0&a=xxc%3Dad_ztc%26mi_id%3D0000Ks1KYjw8h6bFmd7jcFLIkKBZxupUcPEBZGHXDjuGp5U%26skuId%3D5984838471853&id=921480173087
1014940600656,POPMART泡泡玛特星星人怦然星动系列手办甜蜜回忆点亮倾听盲盒,66.9,¥,,李超越0922,TOP DOLL 俱乐部,回头客1万,1000+人付款,广东 广州,"店铺满299减3, 包邮",款式类型:隐藏款 | 出售状态:现货 | 系列类型:联名系列 | 品牌:POP MART/泡泡玛特,https://g-search3.alicdn.com/img/bao/uploaded/i4/i1/2660786779/O1CN01CVvyHV1zwq3IkncZF_!!2660786779.jpg,//item.taobao.com/item.htm?id=1014940600656&ns=1&abbucket=10&xxc=taobaoSearch&mi_id=0000lNkZ8GGqyXVezHRJywJyJ1UMFchFrPEF12P1jaX7DmE&skuId=6018325901461
885471235293,POPMART泡泡玛特DIMOO WORLD × 迪士尼系列手办盲盒玩具礼物,79,¥,,泡泡玛特旗舰店,泡泡玛特旗舰店,回头客20万,4万+人付款,江苏 苏州,"新品, 退货宝, 48小时内发",出售状态:现货 | 品牌:POP MART/泡泡玛特,https://g-search2.alicdn.com/img/bao/uploaded/i4/i4/2885348004/O1CN019lnQrV28ztETcGZU2_!!4611686018427382436-0-item_pic.jpg,//detail.tmall.com/item.htm?id=885471235293&ns=1&abbucket=10&xxc=taobaoSearch&mi_id=0000a2aUkAKXeJXtjzhRy4ndyBeZWfaQRsSkrVHcwXikCb4&skuId=5751607824985
961646518829,POPMART泡泡玛特ΘSKULLPANDA不眠剧场系列毛绒公仔挂件盲盒礼物,159,¥,,泡泡玛特旗舰店,泡泡玛特旗舰店,回头客20万,5万+人付款,广东 惠州,"超级爆款, 退货宝, 包邮",款式类型:隐藏款 | 出售状态:现货 | 品牌:POP MART/泡泡玛特 | 商品状态:全新未拆封,https://img.alicdn.com/imgextra/jz3_2/2885348004/O1CN015mndZO28ztEQxjz1o_!!2885348004-0-alimamacc.jpg,http://click.simba.taobao.com/cc_im?p=%C5%DD%C5%DD%C2%EA%CC%D8&s=467417809&k=2573&e=ItDAT7PppB0sKuOHROkz1rc%2BxXA2pkgxKks7rfOJUE7dhCHdy5fVBM1Keiz47d%2B6Bx8t2XY6VOL%2BAW2JrCQEq4ceLZSava1hgN95tuoxkjvWYzQzM3M3Sd8WaqBdO3LjqfKS2VEmWd%2FMsuXXhz8dFlB6b0TQM%2FoIHhiboADFYmXf1i90V%2BQUP2r1TCTM0UDEQx%2Fx1wgXmjstqN9I3HFKLz73VAHBqWY5634K5%2FQxsytfio6U82goglB%2BeQO4tnFL4CGH5nqIH9DYeMLL083l%2FMOBpz2o9ktiHLJXP3fIG6BNalW3JnRH93pVPe%2F359WKVHkYC17V6xprM92P2Iu1RbIXTVvDVLjD%2FJzf7B6ASLzIy9JZTiWu2RadBn5Y%2FVV05G4Zm2mncL1IIRPF4qjotnkguclMWO4ZGJ8kjCeTZ3jZgF7dhj1FqqqP6ucNZIHoD%2BO81searWNUfeGFGYYT6V2yoEZpz1AFU6jKijVkPzQ8fTkYJcnNIiiDG8gTN1tCZ%2BgKBui8CfMEBJsUKQpFcfj%2F0hHUl5MXzlwMwEx6vMi4Yg5luc2jNQBGntW58ZaApgqnXhw2zoW%2BA0sWXoZDblqZ4wiqMsmszBk6GfPsM1kI%2FneVRCAWeiiDpzUVOGJNy1VJWOigaJv5KyiwbUtMSsqYsuS%2BNu7ugU2f82Tmggo8tTIco%2Fv8NGePUFs9u%2Bb06cz9Jlj%2Fa3wXScUbYRfrG%2BcrhWypYH4lwkKg%2Filc7J14C2HZ9cTSPKP1TpozhFGUELiI2%2FYzDy88eGVOLFoB8anuf893Rwdux5iIYm6YLPeP2t3feYSxdNiDOdIoLvB2wSaa3jI3%2BTWmd1lFfhe4U7NVxMtL8IVWDMtMlZPCYHRMP2FBoMRJdjdotodObml0N0SAYZY5xnfShn3UKNSwxG3TRmMgyffU1xxHjkxQSLKWxmkY7qeWHQ4UyoB0YHFIPJoPwTSGQJ5i0%2FKlXE4N60V%2BBLPDJ%2FdYJlMparA5aDu2G6aQAZW9izx4ZU4sWgHxENeG%2BJev3Ko8kECKUD0yixgYqw%2BqNGsaDSIr3QKH%2Fw9fGwpV4JOmIEIYuJNppWTE512OL4WmvVn41rddOe1avY9wnoH4g%2BA3GwKhaduMuyvLACp7AAauepw7jo5GlZFy8nJNz1L502TZXha%2BigFQe7TKzf4yojLsf%2B8xoUKJ2qlLlFL3JGS2VEZtexdTcGXzLJbMe5nW7dSAtTYkIx12izXf79MtMe7ngKloGdfyl5OJFSmfzHPYam3KmI4B1GLFL9LmmZrsoTeb1Ogl%2Fgks%2BgMZle1bbJxYBFYsBCKy2WOllsJQ90ZQLXBijDEDBYwS5ymMCSVZZ59T1j0ZUA500SnkleVjFF%2BVsm8rXAr%2FP2SdtlUg6ni8KCYxg1MA7hiw9H%2Bm7zO3HCi5SwTfQS8%2BLG%2FCEnHHnusqbCp%2Fw4fI16gC4jZZbjAM5ONpUtNEsBkZ5WASjrrkN%2Ffb9bLsLeEOOViQBM5oDnrL%2Fu5nFipnmgUBkK2veSDKtFlAnZkcLY2aKIOnNRU4Yk28WWElm0Fsgsbi0QtpXoqy%2BdfruQ79HPLRdBRLrIdSoAf5kLFUznYojWMk3It7LtF6hU1tIvAPU0Ujm1feUlmVK0eKa1l5E5Kej8b533%2B0yMie2RSziJyPSGTkEmVzcfon2siqOeKmAoUwwPXBykKXSt64WilewYzzaU%2Fqklt353fW3slW9EYZ6FqM1t5dU0eQmH7I83KL1ZTREnEyIDmZd9beyVb0Rhn8S0509C0Cxq1M4EOTWSfUzFqD5FIN6L1Ata0g%2F%2FdyVUcOJe0p8Sn5r7hy6DeiwT7%2BFHdL2XiKf6JADnLl7vdlG8FJW%2BmpvDwR7Bf4fbT68OnCOD32LIuwTW19o4ak2J8t1ItLWCYwK8SoD%2BETW4i3mT7wZcQ1dgQ9Ic1%2BSh5CvgXsB%2BeN5UpQQv3ALDuQ5y5mrQc7dw2ylo6bP%2BaqB1W3JlMparA5aDst%2F63Si286DqlHcFhtjXTleCYARb5Q09FOkWn4QZIqwGOTX4LikC1gZkWiXq5dJar7Kk9LFameh63PKdBxjYs%2F60WgEbWTQxfrqtYbgsvaJ38omTDs0j%2FgqHsvTeEKsvmYSr8gAhB8LlNBlIQIxnm%2FDqB1Il8FtR0u7Rmgsy1tfpWgaBHiVrtTkUOZ3%2BCc%2BawmL0opn382yKJh4Zw88vppJFFdAjTIMun8aFLBtjEitVpcokRvxombzsO844sxGp1Vw1vpHNSbY91cil7HlE%2Bp%2FbE7cecdB7iEOB%2BzBH8NMk7hHAmSWCFa8AkI%2Fw7jNeFJFNBBhqFu%2BcgbRbLrWECCaqOy4ZDUrQ8F4MiAmRD1Bofm9gqKKU4XQtbwqKKb2NhWNfnQkQFsKqnmjTS0xVQoYSv3y1rukMoi3Hr2ZuXy5Ymsj76VtWOVRwB7r4ntVIF5ztBoBIw6mNuZHo9uKU2np1Nz0pPnNVcp8Pe1V8fSw1%2Fu4%2FzM4TAmWpnjCKoyyaxGCrOERJnrgczaBwoG49zPGJAbJaQTqLo%2BGuvTT50o2PnX67kO%2FRzyB2mJA7gwsVs%3D&mm_sceneid=1_0_116045295_0&a=xxc%3Dad_ztc%26mi_id%3D0000hZWb6MK453p-OoLcXTKuPRj3WEXtvrsRrYP39U3dTgs%26skuId%3D6090950787629&id=961646518829
742823405845,POPMART泡泡玛特DIMOO在你身边系列手办盲盒可爱玩具礼物摆件,69,¥,,泡泡玛特旗舰店,泡泡玛特旗舰店,回头客20万,8000+人付款,广东 惠州,"热销爆款, 退货宝",款式类型:隐藏款 | 出售状态:现货 | 品牌:POP MART/泡泡玛特 | 商品状态:全新未拆封,https://g-search2.alicdn.com/img/bao/uploaded/i4/i3/2885348004/O1CN01Nkv9UA28ztEUmYFG2_!!4611686018427382436-0-item_pic.jpg,//detail.tmall.com/item.htm?id=742823405845&ns=1&abbucket=10&xxc=taobaoSearch&mi_id=0000ZB-Oy8I8ckDkkltKRRhqhfksadrFR8lyNM-YtUrFEWI
969936816834,泡泡玛特THEMONSTERS前方高能系列LABUBU ROCK THE UNIVERSE毛绒,576.9,¥,券后价,李超越0922,TOP DOLL 俱乐部,回头客1万,1000+人付款,广东 广州,"店铺满299减3, 48小时内发, 包邮",款式类型:特别版 | 出售状态:现货 | 系列类型:联名系列 | 品牌:POP MART/泡泡玛特,http://g.search1.alicdn.com/img/i1/1392190029/O1CN01pMtlIi1C5Kbk56FrE_!!4611686018427380301-0-saturn_solar.jpg,http://click.simba.taobao.com/cc_im?p=%C5%DD%C5%DD%C2%EA%CC%D8&s=467417809&k=2425&e=SX3%2FUhY%2Bfq0sKuOHROkz1rc%2BxXA2pkgxKks7rfOJUE7dhCHdy5fVBM1Keiz47d%2B6Bx8t2XY6VOKmE8l7bgAWl1xrke83O5odz3SOeV6ffQvuSffCAlpXed8WaqBdO3LjqfKS2VEmWd%2FMsuXXhz8dFlB6b0TQM%2FoIHhiboADFYmXf1i90V%2BQUP2r1TCTM0UDEQx%2Fx1wgXmjstqN9I3HFKLz73VAHBqWY5634K5%2FQxsytfio6U82goglB%2BeQO4tnFL4CGH5nqIH9DYeMLL083l%2FMOBpz2o9ktiHLJXP3fIG6BNalW3JnRH93pVPe%2F359WKVHkYC17V6xprM92P2Iu1RbIXTVvDVLjD%2FJzf7B6ASLzIy9JZTiWu2RadBn5Y%2FVV05G4Zm2mncL1IIRPF4qjotnkguclMWO4ZGJ8kjCeTZ3jZgF7dhj1FqqqP6ucNZIHoD%2BO81searWNUfeGFGYYT6a5isSB9zrq%2BPE8Um6pJmaq2dnxWPHHmiuV1JmxvLKcZ0f2csHlx9K4EBJsUKQpFcfj%2F0hHUl5MXzlwMwEx6vMi4Yg5luc2jNYBeRhnYita3s5dLAqDYdG91cjM5vF08QOvNup%2Bwbj8Tpzvmk3Ecig4zlj3bcspE3lS6oU7n4ZCyzbsmr0wRXSriphNqHXOR2vy25sYhBY3mCfxq8M5fjQkHO0xIeOeF5qhcbGLZB95BeTajiRGQHoVr3IAXsiDFca%2Fdp5Nw74rskcBwM%2Fuv%2BWJ1Kk7ebOpvoqP1TpozhFGUELiI2%2FYzDy%2FYIym1y5CPa76HlYZjkvu3C7NOH0fFJf75eTwUzMUEI2%2BAJVr%2FgVmI%2BN3IOYxlyawcLCGpe8ga49U4fOmTq4dJN0SAYZY5xnfShn3UKNSwxG3TRmMgyffU1xxHjkxQSLKWxmkY7qeWHQ4UyoB0YHFIPJoPwTSGQJ5i0%2FKlXE4N60V%2BBLPDJ%2FdYJlMparA5aDu2G6aQAZW9i9gjKbXLkI9rBBRAsgPT55k8kECKUD0yiwvhvIdT%2BhHELkyt2zo8rfhfGwpV4JOmIONzXah3CU6ICRvQsNXdmO49AhainRf8e49wnoH4g%2BA3GwKhaduMuyvLACp7AAauetdkp6Lpi9xJ8nJNz1L502TZXha%2BigFQe7TKzf4yojLsf%2B8xoUKJ2qlLlFL3JGS2VEZtexdTcGXzLJbMe5nW7dSAtTYkIx12izXf79MtMe7ngKloGdfyl5OJFSmfzHPYauHAHBw%2Bv0TKSW%2B7i9AKxFCb1Ogl%2Fgks%2BgMZle1bbJxYBFYsBCKy2WOllsJQ90ZQLXBijDEDBYwS5ymMCSVZZ59T1j0ZUA500XkPW%2FxlZlm8fDdsT4vwRds7dyyqCzVkLCTYbCdaYRR6nkfzLSZxGEwP5Kjx3364YMwK2H7zMYs0aCFMPWFv360qomjJKpfVJ1F3GRhrC1lzPkDh0z1FNDReSpRkskfYROVyISHCknVLywV5BxPy3LvrjhXQKUn329egnrpzaF%2FulkzGIfRS%2F2qEQlPVvj1j5Xj1F8z56oM1q%2BdCjHBbYrxlZnPUHdJ0ET2mGzBFYQuWunGKCO4vmMW5UkIO2EQA9%2Btzi1nCF3qTYdNvX9bi3EwY4U0cpHxLscpbJAq1Zi7xvo4Hsb4hr7zD2c6n3BL0bvRJiZcpuVRoihjCcXYnrUbm%2BNGjCWHjOYcVx3PQNSJ49EmJlym5VGgi0CGH2s%2BKb2eXxD9fr7a467BCxcHajgaHMbcLZiZ2MXhORE1rKhT8oFFSdI0eOVuSe12dzbZZGS38T0MddsZEt1I%2BWehLIekRTxUQ0UOUpNhTSrtUaPlnfIcsYOaqXTdCgK6KJTiMA85dhgUl9i1cjps%2F5qoHVbcmUylqsDloOy3%2FrdKLbzoOIHbX2PlfpEvubOv%2B%2FUC351w3s90e1Iv%2FumcYCXmWgYOPjCdIwOgtcyjmw09BA0Rv2ZukOsjpHnoXa5byy8Yceda4xD9d5YAyrSx0VtDOfhROg28tjLwSmy7EdHWRML4FZ3OJ372Td9vUm%2BZruwZ65Lv9iSQnkL2C5QP9%2FPrORwWR4bpMC%2FFibpmqWIlZSl7p1nX01FRLKNPz9vd%2FNH6fdat7StvcSKPf1A7Y3y%2FAR%2F14PfqtFQlapm3zfB2HH7hQLL2CKoPKVUkSucmmEqJInGvaXKSVQjn34aheKnzYwTYCt2jAZZ2K%2F4qRZJfIy%2BFNJp3gqq83S8oJZISrrEIG2Jc1I60WV1TD8zabDFuBPXmTvp80Z51EsNLZE3d1zS%2F1rZCC759dtsL%2By%2FJwTONqHjzd5tAGZWTNanvFoV3ozkSAXkYZ2IrWt6BFmdNn2cb7xxFLz4%2FFEAF0dxujS4f1ZlS6oU7n4ZCyTxml6db1WxLRHw5cbzGpEZZMxiH0Uv9qhEJT1b49Y%2BUs7HMKOK0jWA%3D%3D&mm_sceneid=1_0_1392190029_0&a=xxc%3Dad_ztc%26mi_id%3D0000NjDlHZ72pQJwMCs1Gd8NzE2XnOplkarvxJZ1cgNavQ8%26skuId%3D6083113511915&id=969936816834
965885401161,POPMART泡泡玛特星星人来自星星的礼物永生花手办女友情人节礼物,228,¥,券后价,bramons龚,BCH LAB,回头客1万,700+人付款,上海,"店铺满168减10, 包邮",出售状态:现货 | 系列类型:联名系列 | 品牌:POP MART/泡泡玛特,https://g-search3.alicdn.com/img/bao/uploaded/i4/i4/3708808917/O1CN01OiF6E72Fk2o1jjxvd_!!3708808917.jpg,//item.taobao.com/item.htm?id=965885401161&ns=1&abbucket=10&xxc=taobaoSearch&mi_id=00009LmvqHKJsdTUPyw6U6LbtOmubA6AZ0B4Hyudj_dntDA&skuId=5923213269483
959601966886,泡泡玛特MEGA ROYALMOLLY1000%漫缦花落·绒公主400%PTS限定摆件,44799.9,¥,券后价,李超越0922,TOP DOLL 俱乐部,回头客1万,85人付款,广东 广州,"店铺满9999减200, 包邮",款式类型:特别版 | 出售状态:现货 | 系列类型:联名系列 | 品牌:POP MART/泡泡玛特,http://g.search1.alicdn.com/img/i1/1392190029/O1CN01MuvBT81C5KbmzqblR_!!4611686018427380301-0-saturn_solar.jpg,http://click.simba.taobao.com/cc_im?p=%C5%DD%C5%DD%C2%EA%CC%D8&s=467417809&k=2401&e=cChpjVpb%2FygsKuOHROkz1rc%2BxXA2pkgxKks7rfOJUE7dhCHdy5fVBM1Keiz47d%2B6Bx8t2XY6VOIF7va955grY1xrke83O5od5dfPtKdWnqDuSffCAlpXed8WaqBdO3LjqfKS2VEmWd%2FMsuXXhz8dFlB6b0TQM%2FoIHhiboADFYmXf1i90V%2BQUP2r1TCTM0UDEQx%2Fx1wgXmjstqN9I3HFKLz73VAHBqWY5634K5%2FQxsytfio6U82goglB%2BeQO4tnFL4CGH5nqIH9DYeMLL083l%2FMOBpz2o9ktiHLJXP3fIG6BNalW3JnRH93pVPe%2F359WKVHkYC17V6xprM92P2Iu1RbIXTVvDVLjD%2FJzf7B6ASLzIy9JZTiWu2RadBn5Y%2FVV05G4Zm2mncL1IIRPF4qjotnkguclMWO4ZGJ8kjCeTZ3jZgF7dhj1FqqqP6ucNZIHoD%2BO81searWNUfeGFGYYT6btHfjl8bAjKi1zVNAk%2BNf8hEq0VRFueUlUF%2Bq2xUHuE3BHgq14%2FObgEBJsUKQpFcfj%2F0hHUl5MXzlwMwEx6vMi4Yg5luc2jNRXtWoWElOlcS%2F51k6OTkTgH6QtKLpCPFzM07HFyGjGXFKYLJddwfgDd8bXFVulJrNibFknz%2BLuCJDd0lZLMfqWEJKSCZSK1ZrlyALtA1q1iRDEfB04ihMeZh3UlEjPXYKdxpGwAv117sxAuGwI4dBQXScUbYRfrG%2FNN3KmvnlRQFa9I1fpi9hVTKiOxzM6NnICDOCXo5VFISnqoLFROd1cV7VqFhJTpXC%2BV8qN9QmjRWE9nTVa2QQulMS6XjqKiYM5znrJ0cugHCcz94KTSHlDH%2FrvZ5ujiAYRhtgzlf0fsT%2BKxZ5PLr3zShn3UKNSwxG3TRmMgyffU1xxHjkxQSLKWxmkY7qeWHQ4UyoB0YHFIPJoPwTSGQJ5i0%2FKlXE4N60V%2BBLPDJ%2FdYJlMparA5aDu2G6aQAZW9iyNzDmi32LCvYGy50Di7v608kECKUD0yi9SSRYWi4%2BOa4F4bv1sfX5u1wU5bWtZHMfdO5Ok%2BZWrX9Nb9Gt0BKdbYuBXhquIh%2BhsCoWnbjLsrywAqewAGrnrXZKei6YvcSfJyTc9S%2BdNk2V4WvooBUHu0ys3%2BMqIy7H%2FvMaFCidqpS5RS9yRktlRGbXsXU3Bl8yyWzHuZ1u3UgLU2JCMddos13%2B%2FTLTHu54CpaBnX8peTiRUpn8xz2GrhwBwcPr9Eyklvu4vQCsRQAKo0aF%2F%2F6rQDGZXtW2ycWARWLAQistljpZbCUPdGUC1wYowxAwWMEucpjAklWWefU9Y9GVAOdNGzjfgvtNqrt42sZ4GSENt7BBZsTA58c%2BCyekV9ggzS7VoVNn9pKxwtMAo05q5NQU5E%2F9qUkTaRt2ghTD1hb9%2BtKqJoySqX1SdRdxkYawtZcz5A4dM9RTQ0bKN1of7DIKw3WBrlzBsB0mlYXdTS2b1qMdZVVgYEZVZ%2BGGEfo3Eg7pZMxiH0Uv9qhEJT1b49Y%2BV49RfM%2BeqDNavnQoxwW2K8ZWZz1B3SdBE9phswRWELlp0sJVtvF1YwulLfLpswxzZuifbHZCu130WVuKSWaGfRmg6WmAzFoEE%2F6YWpk%2FQ5H%2FkYL%2FZP4q6gw9nOp9wS9G5N4ljMdMQ9wB9OmbwEDjzz5vjRowlh4zmHFcdz0DUieE3iWMx0xD3AgvC%2FsZToGG1nl8Q%2FX6%2B2uOuwQsXB2o4GhzG3C2YmdjF4TkRNayoU%2FKBRUnSNHjlbkntdnc22WRkt%2FE9DHXbGRLdSPlnoSyHpEU8VENFDlKTYU0q7VGj5Z19AxrEJY312hGhx8MntpIAxgbo58us28o6bP%2BaqB1W3JlMparA5aDst%2F63Si286DiB219j5X6RL7mzr%2Fv1At%2BdcN7PdHtSL%2F7pnGAl5loGDXDRzOKsx0Poo5sNPQQNEb9mbpDrI6R56F2uW8svGHHn%2FacAYnbj5q60sdFbQzn4UToNvLYy8EpsuxHR1kTC%2BBWdzid%2B9k3fb1Jvma7sGeuS7%2FYkkJ5C9guUD%2Ffz6zkcFkeG6TAvxYm6ZqliJWUpe6dZ19NRUSyjT8%2Fb3fzR%2Bn3Wre0rb3Eij39QO2N8vwEf9eD36rRUJWqZ7cV1ldvfAkCy9giqDylVJErnJphKiSJyhabHEuzJkwIWi24yw0ESHAAUc5fwFGkMmtii4vh2lXZRtB5iEoaQ5AB5HI9cRd%2BbcwdkFsV6qhSt%2Fl89q61F1Ji6VpBTxZdm7IDjHp81czBIEmkN1lc7%2BfeI1sksFiEsdLT4E4uRXHEImUbhhJQU8upzHzyTXZEN0KfvgPUpp4SCqunZwtuYTJ5Ecs%2FrIKFKOxO6K%2BAd2HwpV5xvYTczbTWvo5TxGSrhwiL6eSVxHZonDfhOoZea1&mm_sceneid=1_0_1392190029_0&a=xxc%3Dad_ztc%26mi_id%3D0000gRk9RODkFwlAtCD1Dt6Jtk8TuuNMEFPzmR53cQhUaOY%26skuId%3D5889438016615&id=959601966886
1012528979510,POPMART泡泡玛特星星人怦然星动系列手办盲盒潮玩桌面摆件可爱礼,63,¥,券后价,tb160998713,SP正版盲盒店,回头客10万,1000+人付款,浙江 台州,"店铺满39减5, 包邮",款式类型:端盒 | 出售状态:全款预售 | 系列类型:联名系列 | 品牌:POP MART/泡泡玛特,https://g-search2.alicdn.com/img/bao/uploaded/i4/i4/2208399554429/O1CN01F7TnGO1iaXIFtIpJ9_!!2208399554429.png,//item.taobao.com/item.htm?id=1012528979510&ns=1&abbucket=10&xxc=taobaoSearch&mi_id=0000k85ZEn5jyttoMD5hr0Hf6erbdu-TrjeThkcqy6hpW3I&skuId=6016921820706
1013252274118,POPMART 泡泡玛特 星星人怦然星动搪胶毛绒挂件盲盒手办潮流玩具,93.99,¥,,tb0673212314,嘟嘟潮玩店,回头客7万,500+人付款,江西 南昌,"店铺满799减10, 包邮",出售状态:现货 | 系列类型:联名系列 | 品牌:POP MART/泡泡玛特,http://g.search.alicdn.com/img/i4/3499666437/O1CN01TV0OAc1xQCasmvBgA_!!4611686018427382789-0-saturn_solar.jpg,http://click.simba.taobao.com/cc_im?p=%C5%DD%C5%DD%C2%EA%CC%D8&s=467417809&k=2413&e=zb6S%2BCJ%2BcCYsKuOHROkz1rc%2BxXA2pkgxKks7rfOJUE7dhCHdy5fVBM1Keiz47d%2B6Bx8t2XY6VOJ3nlc6B%2BDNCS7Y%2FqQ%2Fyt9fTO8BlEvHEL%2FwYohJZxjY9t8WaqBdO3LjqfKS2VEmWd%2FMsuXXhz8dFlB6b0TQM%2FoIHhiboADFYmXf1i90V%2BQUP2r1TCTM0UDEQx%2Fx1wgXmjstqN9I3HFKLz73VAHBqWY5634K5%2FQxsytfio6U82goglB%2BeQO4tnFL4CGH5nqIH9DYeMLL083l%2FMOBpz2o9ktiHLJXP3fIG6BNalW3JnRH93pVPe%2F359WKVHkYC17V6xprM92P2Iu1RbIXTVvDVLjD%2FJzf7B6ASLzIy9JZTiWu2RadBn5Y%2FVV05G4Zm2mncL1IIRPF4qjotnkguclMWO4ZGJ8kjCeTZ3jZgF7dhj1FqqqP6ucNZIHoD%2BO81searWNUfeGFGYYT6a5isSB9zrq%2BPE8Um6pJmaq2dnxWPHHmiu4iafGTQgx2g%2B7JYIOvUDbrf5%2BT%2BZ%2FoNaxlrqOXW9SCw9BEWrs34NFvvHfVQW8FwMhKdDAeb2EikMGbtsx7W4UgLLV%2BWpjrn5HYfNt15ufSzWcseZ7vaoYGVmZuNupdLiy9u8wBgL7msnbt%2FT9bxE7UD4Rm10Gh%2B40RlJM5CHTKvLEtZglqoZc%2BCSPxYWgiP%2BDMKynp8lOpnWEyArC3fNTRrFUTgjBBKo0wJ8DI8%2Ffrcrccnk8F2c7c6bAAVor7UgLmvqfadElqRZ%2FP5nW0YtpiIsTOtiuJmD3VagUZqTh9ruwOlKrv4oVg0NMwoySc0Q3FWS2xQMFYfhNlskVzxApP1L%2BL5OosigXgyICZEPUGh%2Bb2CoopThdC1vCoopvY2FY1%2BdCRAWwqqeaNNLTFVChhK%2FfLWu6QyiLcevZm5fLliayPvpW1Y5VHAHuvie1UgSMPnaFOMezuFCEnTrZnZb9vvHfVQW8FwHQp%2B%2BA9SmnhdlEYnFwW5yKy%2BjMljfWSKS69i8TTJ%2BgROBHYT80I8lcqpbony%2BzaHYpILl9dzrxBL2IAq7rhpCcUNYjiym0lcnfrsfmxYOIRx%2FYNGjBnBosbm%2BJ8SU8TRxHTY9bbVE5HQVfnQKKFHvcBQMvYKN611Lb10%2FobYgp3UWO2HLgylFCzviObYBbsW1lE5Kyf2ehFTW1EEMjljNANa6%2Fg4dX6Nt2s%2BzMO7dpOkhxaVmrjMLVRmwGmR%2FFUF%2BZuAp5mknMJDeTva3PZ3QwJnJaMFFY3evL%2BboWBvEt49pATfTaY63cMGTboinXsNltfG8kqc1uG97q6Z9yg2TLXHQPUCbp1BSAstX5amOufCo%2B3tSFotvJXuAipxAgeEAZWZm426l0uFZ8zpxF5pH7u2m61rUIud%2B6v3PQu%2FIEYWJAEzmgOesv%2B7mcWKmeaBdQPhGbXQaH7LztbFEVgJMPcT04gQ7cTpTFGyGQWy0mKxuLRC2leirL51%2Bu5Dv0c8tF0FEush1KgB%2FmQsVTOdiiNYyTci3su0XqFTW0i8A9TyGheA7Iw%2BUoElFm9Cw9eDDqqGZv3OzA759XL5CcXuYtaI6VPWQfDfqkfNrpqEh84x9GQAlPy2%2BAi1tqBkshtY3oICAlW1KjURZ%2FP5nW0Ytpm63IngQ%2Fm%2FMzafkXmHEL%2Bpt06UNAh3C1efnlmOOl8IiPsq1IoL98F3xZqoF07cuOe%2Bnr6k9Qqgw8FxIvhILsY8gZZm5cwJ4Ma1llDbsyd8%2FDXaGGXNxYgpjXNbLDkH%2BFFNRgWMtc9WVZDpH%2F6z01KcSshwu5uhVIe%2FmyFsmhC7opp6nSDv3kjX9t7qsabrZxvk7dX1ULch9LZE3d1zS%2F1O%2BzGikybH2mDd8twnGvjvNi2RD884r2ccGPwthGFGaQht66RNk963GAzcUKqL6B7m39F5LoKS15gQuKqSJlQsmRiNc%2Bm1KLerz31rsXIduzOwMjiLVUak%2BoLnpkTpndMVxLg9%2BYoyt2uubVvf4LGs8vPf5Zz03sAYnfXMh0xNHMh8kIfa5ZRBmNoMZkrughTgkEKiX3jqSqtW%2Fynu1BLqCpQFv3I0JsM%2Fl%2FxOj2dYysXVWN8bRluaP2T8yScpIHNdXGl9CClK%2BCga2b0qN0UCk2sqAN7rxSQjc2oNyaXmZcYw%2BH1sxB%2B4QaYeboII%2FkTFOuzs7rmQFqKkWSXyMvhTSad4KqvN0vKCWSEq6xCBtiXNSOtFldUw%2FM2mwxbgT15k76fNGedRLDS2RN3dc0v9a2Qgu%2BfXbbC%2FsvycEzjah5irdwAQIhcegihbCJHBRbQv4rzP6BhO8AaluZiyORCNvOtBtyjshFbN4mXkGx00PqO%2Fy8lTSa5yUjoCWf%2BA%2F8bsCjbOWvBtteDZ5RVToJn85IAd2TF5%2FbJQEAUj26FxTM%3D&mm_sceneid=1_0_3499666437_0&a=xxc%3Dad_ztc%26mi_id%3D0000i8jX9zzdYk0EPyj4mKSGO_CA2Ep5Prl72CvkmGTc1hw%26skuId%3D6018135153349&id=1013252274118
806195454318,POPMART Labubu Fall In Wild 春天野在家系列搪胶毛绒公仔手办,160,¥,,tb7445538986,SUN TOY,,4000+人付款,广东 广州,"店铺满199减3, 24小时内发, 包邮",出售状态:现货 | 系列类型:联名系列 | 品牌:POP MART/泡泡玛特,https://g-search3.alicdn.com/img/bao/uploaded/i4/i2/2211802957652/O1CN011BkaZj26Ofn1803Sk_!!4611686018427381588-0-item_pic.jpg,//item.taobao.com/item.htm?id=806195454318&ns=1&abbucket=10&xxc=taobaoSearch&mi_id=0000IF9HeVtlrd3V-mbouL8kanQq0fJ7eBQ9_YMupjV-SDI&skuId=6024209583716
860277159398,泡泡玛特星星人来自星星的礼物系列手办盲盒玩具摆件新年节日礼物,30,¥,券后价,林下之夕rea,UR TOY盲盒商城,13年老店,1万+人付款,广东 佛山,"店铺满29减3, 48小时内发, 包邮",款式类型:隐藏款 | 出售状态:全款预售 | 系列类型:联名系列 | 品牌:POP MART/泡泡玛特,https://gw.alicdn.com/imgextra/O1CN01XnIdbS1wpYuAbQ4qn_!!524736357-0-picasso.jpg,//item.taobao.com/item.htm?id=860277159398&ns=1&abbucket=10&xxc=taobaoSearch&mi_id=0000dRlIR7GNpe9kiTtpueZ--LQJy4s_qIMXDbROfaccjyM&skuId=5933510183117
967447463488,泡泡玛特SKULLPANDA光织园系列搪胶潮玩手办永生花花盒七夕礼物,332,¥,券后价,肖寒1112,GRENLUS格琳露丝,8年老店,67人付款,湖北 武汉,"官方立减12%, 包邮",,http://g.search2.alicdn.com/img/i2/124819861/O1CN01PDoI6d2MiOinUSGYa_!!4611686018427386261-0-saturn_solar.jpg,http://click.simba.taobao.com/cc_im?p=%C5%DD%C5%DD%C2%EA%CC%D8&s=467417809&k=2369&e=o7cF0ToNk3AsKuOHROkz1rc%2BxXA2pkgxKks7rfOJUE7dhCHdy5fVBM1Keiz47d%2B6Bx8t2XY6VOJ5qvIV71SuM3xOG5jQY4gHkSmw3L3Q793uSffCAlpXed8WaqBdO3LjqfKS2VEmWd%2FMsuXXhz8dFlB6b0TQM%2FoIHhiboADFYmXf1i90V%2BQUP2r1TCTM0UDEQx%2Fx1wgXmjstqN9I3HFKLz73VAHBqWY5634K5%2FQxsytfio6U82goglB%2BeQO4tnFL4CGH5nqIH9DYeMLL083l%2FMOBpz2o9ktiHLJXP3fIG6BNalW3JnRH93pVPe%2F359WKVHkYC17V6xprM92P2Iu1RbIXTVvDVLjD%2FJzf7B6ASLzIy9JZTiWu2RadBn5Y%2FVV05G4Zm2mncL1IIRPF4qjotnkguclMWO4ZGJ8kjCeTZ3jZgF7dhj1FqqqP6ucNZIHoD%2BO81searWNUfeGFGYYT6a5isSB9zrq%2BPE8Um6pJmaq2dnxWPHHmivamHg3Kbiu%2BVMFO37ukc%2B0EBJsUKQpFcfj%2F0hHUl5MX3XbeGigAIElAikmh%2FXREEYSQ0FVtZWeWMHcZK45DZAh0ex1q2ls1504SBGgBcdT49yC%2Fob9wC7hpc7s8AgpsY6Jsi0asHvZ%2Bz75j5hmPpDpxJs51IJlHvxZoOjwqlailLSEMbwO5hqAV7TTaRCwQka9%2FMnUU986Ji%2BVtYo0l2EQXScUbYRfrG%2FNN3KmvnlRQFa9I1fpi9hVTKiOxzM6NnICDOCXo5VFISnqoLFROd1eEkNBVbWVnlo8Bzp1%2FU%2BtbWGPgNaeQIZuNLLkbUvbu2%2FPksRy7uWir4%2FKKZ02Tu%2Fa%2FICY2ZGYgORXtNNpELBCRr922agTg4yk%2B21mqlFOqo%2FraLcwYRWg%2FeXj0IojZW%2F6ocUKvJF0rQXGlOcS6TdRWPGh9qGFBjanarCt8TCqxMoS2YDYn%2FTuZOvxBDFyqi6xmh78RxoZ7CnyJcZiBqTNW7YT9DtjCx0Ad2xPmuZlT5C2htoQppJPUgbcH%2Bg9x1GIV7TTaRCwQkWw9cSUvpaRQHsCmw8teyocJGr%2Be5yn9ABzUwTQRu1x%2Ffs53VY14tVVkhGYjCGCjjEOa9SdospMeyKEh7CJ3Z2b10WhMVsl8hESn1z57YRocm5vbs1UO05L2jQrx9h%2BgYEOcbkHVWT6RMzhh8dwFLbQotjQbnVnv%2BNEftbB58qy4K3eK86Bw4wKtjpsHYp%2B3szrurwg%2FMzI4JCo9SZCQLLfauCTklc5IBbHecaJjsvwSTjXV7qMEHQ7OEXitgrmFe%2B7Hobvkohi5SaborA2p0GUe8P68aIUnCfoeAKk6YDaUaNzPfHm2biYYZojZAlBDgeQ8XFGdh%2BiPioyzDTrRsYnLza1iEL%2B%2FCmWJW7PlPeDJq3tK29xIo9%2BPaXaFRjw7xk4SBGgBcdT4NTLzgEM6Y%2BL6655xzjjMZfGMj0T9c9U4BJTptdG8GcxwiL6eSVxHZlkymUBYNT2vTBaDM1AWqAszaPdMvybZTb%2Bv4SyV7Y5Cg36cwk36cHSNbXCYhNR2yYjnkvrmM6wlOYaVpU7O8xnt6AlBgBlXHfvCDmb6aEvSazst3zQvI9CiKy3yGAZAs7cfuP8mjvLfZoe%2FEcaGewq0M1qTIsHXDszafkXmHEL%2Bw8yQ9grmQ3hmh78RxoZ7ClXRIDqOciyfpou90QyFmxDCGxTrX027wW7qSgv9pxJROF0SHQaFWEQxX%2BWegWGPMRI3iA4e9JZMmcOZHoVHrVEqJQQ8SXCBcjyqTijEwgCxSjdak5KtkM9qyg7Yk5g%2FzcDvvubbOQySjFJgIqafPiKX%2FVpCDwD8xRJP%2B7ls4y7F57OQZzuMN7jmi0D0xMKtGmOTX4LikC1gZkWiXq5dJarNsLbhXuazfa3PKdBxjYs%2F60WgEbWTQxf5jYbZUFaWVH8omTDs0j%2Fg8xL3dKy2BQCYSr8gAhB8LlNBlIQIxnm%2FDqB1Il8FtR0u7Rmgsy1tfpWgaBHiVrtTkUOZ3%2BCc%2BawmL0opn382yKJh4Zw88vppJFFdAjTIMukzrQ%2FSqHeNmFiQBM5oDnrLzGDOs5rIp5ArpVZgT2zc3h1nzNBgizwPX8zsif59r0kICkiMNa1BfaEqMtlokr12oRaCNs2qx8F9g6jSIGclyUapaImfRwhCiAfwOt%2FNsa7FrEKMRl0PgZ6QL5zgP2XlckQdUno3lBVVuHOiVvol0%2FxLd66kG7Or%2Bj6M9MP47vLac4zWhOY1jdIEp7kS8uFKfT5B8LGtcUtfybZhLMonEvoeAKk6YDaUsvO4Ry1hu2fW73rQrAb%2BOZrStlpz3ntb5QSockS3leijMOgL7jO7Q0JoL6HeBtsO&mm_sceneid=1_0_124819861_0&a=xxc%3Dad_ztc%26mi_id%3D0000iJyPUyiJYxUncId4JfBYYRS2rtx3ksGlcGz07iaGRpg%26skuId%3D6081235066348&id=967447463488
971079236596,POPMART泡泡玛特Twinkle来自星星的礼物系列盲盒星星人二代手办,40,¥,券后价,tb160998713,SP正版盲盒店,回头客10万,1万+人付款,浙江 台州,"店铺满39减5, 包邮, 酷动城",款式类型:隐藏款 | 出售状态:现货 | 品牌:POP MART/泡泡玛特,https://g-search1.alicdn.com/img/bao/uploaded/i4/i3/2208399554429/O1CN01RAWOpM1iaXC2OTjXs_!!2208399554429.jpg,//item.taobao.com/item.htm?id=971079236596&ns=1&abbucket=10&xxc=taobaoSearch&mi_id=0000qV5y1ORAPhf9JpZCQC6SZJ5--RQN6bztum4enJW1c4k&skuId=5956978839705
,,,,,,,,,,,,,
,,,,,,,,,,,,,
976358701164,POPMART泡泡玛特DIMOO 如果今天星期八系列手办盲盒摆件礼物,81,¥,首单价,谭梓琳lin,欧巴手办盲盒,回头客8万,3000+人付款,广东 佛山,"直降4元, 店铺满500减5, 包邮, 酷动城",款式类型:特别版 | 出售状态:全款预售 | 品牌:POP MART/泡泡玛特,https://g-search3.alicdn.com/img/bao/uploaded/i4/i4/2580405343/O1CN017mnQ6U1pL9Gl45v6p_!!2580405343.png,//item.taobao.com/item.htm?id=976358701164&ns=1&abbucket=10&xxc=taobaoSearch&mi_id=0000kHTB0gzoebhe7u_tx68CEqKfBMlLyHEIHRx9kZb6mKw&skuId=6032149605974
842901919258,泡泡玛特Hirono 小野小王子联名系列盲盒手办潮流玩具情人节礼物,16.5,¥,首单价,tb5969030_2011,百分百正品盲盒商城,9年老店,4000+人付款,广东 佛山,"直降2元, 店铺满30减3, 48小时内发, 包邮",出售状态:现货 | 系列类型:联名系列 | 品牌:POP MART/泡泡玛特,https://gw.alicdn.com/imgextra/O1CN01KDaWh420FcHdNnky5_!!732276820-0-picasso.jpg,//item.taobao.com/item.htm?id=842901919258&ns=1&abbucket=10&xxc=taobaoSearch&mi_id=0000sSroejCfvq0-f0UCFpV-oDkoX3zET7ebHf2AolhGfbA&skuId=5897288927233
756653146799,POPMART泡泡玛特ZIMOMO搪胶LABUBU公仔58CM毛绒 I FOUND U 手办,1153.96,¥,券后价,eileentoys,艾顽潮流iwant,回头客1万,5000+人付款,广东 深圳," 3期, 店铺满398减5, 48小时内发, 包邮, 公益宝贝",出售状态:现货 | 系列类型:联名系列 | 品牌:POP MART/泡泡玛特,http://g.search2.alicdn.com/img/i2/3204345526/O1CN01YLC8vL1qgxmVVTrzd_!!4611686018427383478-0-saturn_solar.jpg,http://click.simba.taobao.com/cc_im?p=%C5%DD%C5%DD%C2%EA%CC%D8&s=467417809&k=2457&e=xOnxu8aBe6gsKuOHROkz1rc%2BxXA2pkgxKks7rfOJUE7dhCHdy5fVBM1Keiz47d%2B6Bx8t2XY6VOLm8UUzK%2B7VgxvThOsSF5YKSbw6Mgbn5zfwYohJZxjY9t8WaqBdO3LjqfKS2VEmWd%2FMsuXXhz8dFlB6b0TQM%2FoIHhiboADFYmXf1i90V%2BQUP2r1TCTM0UDEQx%2Fx1wgXmjstqN9I3HFKLz73VAHBqWY5634K5%2FQxsytfio6U82goglB%2BeQO4tnFL4CGH5nqIH9DYeMLL083l%2FMOBpz2o9ktiHLJXP3fIG6BNalW3JnRH93pVPe%2F359WKVHkYC17V6xprM92P2Iu1RbIXTVvDVLjD%2FJzf7B6ASLzIy9JZTiWu2RadBn5Y%2FVV05G4Zm2mncL1IIRPF4qjotnkguclMWO4ZGJ8kjCeTZ3jZgF7dhj1FqqqP6ucNZIHoD%2BO81searWNUfeGFGYYT6a5isSB9zrq%2BPE8Um6pJmaq2dnxWPHHmiu4iafGTQgx2g%2B7JYIOvUDbrf5%2BT%2BZ%2FoNaxlrqOXW9SC%2BGpjyhzCCzQFh2uKl4mZw0%2B6TzT1loHGrrj72XhhAe1MK63ZKavAe3WXLgdCa2112gThNUzaZffJvP4aiEKGNrkl9ZmEy7xu0bZUYvxv%2FUTaItadjafcAGvAqp5vhrPIg3%2FzAJBNqiGmeVOsMEjo8d1kZQjqhXX%2FOprQ22JFvUbmv6eXkQIW3k2ojE8ZVjVL0axVE4IwQSrc0her%2FstGRGaABvzJhb5XBYdripeJmcOiW6eNzF2mk%2BG5SV%2BYMj1qhxqgRxM1vn3GbkPyvfFC5M5x6Hy7jqdkrjVMHoobPtCXpVyfcGR%2BguRbjJDoDuy69QDR0knQECRLS8z%2FZWQkcUA0ykwEBktwWwkfVTJmubKlRyBKyX6bhcJDAFFZc3EJCMKJqRscoJOZO%2FPm0zpW84%2B%2FQFj5REGol9U0f8zinAMi%2BDOc8Xoc0wKfM1RILskGJO8WRR3cF%2BlMZmUb%2FIkucmIRmPyvYBwaUQyZSUOolca7k5gfI8G5pvUA0dJJ0BAkQgdo38k4jAaeLSdsYxIRZEhu1JX%2BfCDD7x84LxtE5X7HY2bqxv09WthRVhTFux39nOYXAfF%2FtE4YR%2FvMfqaqzHEldXZVL%2BZQDgc6tLRTySTip58s%2Fr5dZPRtXx0CBS17e%2FdmOuYN3iyL%2BxvTJPn1JexyAdm%2FdYEf%2Bd81bFQ85j6i7omT2Lw8betn2Yk6i7JFaFOjlZkDTDIuFZp0of3sMqMr%2FFlH%2FYErlWXQ%2B0F1Hmzx4rixDu0MVUpUWafowzlUhyX%2FvkoSNzUFJV5TzB57qqRCrpD33Tg60bZUYvxv%2FUTaItadjafcAGvAqp5vhrPIg3%2FzAJBNqiGmeVOsMEjo8ely0%2B6ntGF%2FrjVMHoobPtAUqwZQx%2FRVM94CIuKFVZULsazUx1ow7RYDxh%2F%2BDdxwr3d%2FqRQCDU%2BepE42194uNf9vCAdcSZ7sOhQvToI0v2GAdYZN8FPJHY%2FkoNRbg7GoZoNnlFVOgmfzkgB3ZMXn9smh%2BjUc0uya5Bt99me%2FHSTgRCRUu%2Bq2%2BrMEoaFza7awUQYpbH%2BPAZYY5g6%2BRtqQ5IMf8kKnnFCTG%2F15s83tzbu3atEnWIrbroBcxbXtmRFM3LlAP5TA1%2BuZUIOaHFL95KYi8mxVJNTKr6cQ3WZxpJ71aAmVUs8w0WDRkZMvf15oeyLybFUk1MqvoG%2Bw9z1yK9qL3Jhve544zy7hhcQMgH9fWDoNc3%2FUNf6i6B9hlf%2BlKoE81f9TjSKXo5etdvxk97qGBWLytomdgBpb%2FZ1lLYf%2B1Aw%2BNd8Defhjk1%2BC4pAtYHMkj%2BFa2bwkV2jMe3xolcBe%2Frun6xrHCuC3x4sncMHU8Kl9%2FS6GxwfhOH434wo0q7%2FXP4qLkZOWsz%2B%2F8gwAgDpWlfWY2A0LX9hTSrtUaPln66vJn4lBTvhzb%2F7hBnU1jCITWQ%2F9V9cKsWl0Echy3b6%2BMi3LvnO1p6bsLvTDkNOq884AmjsY4MRqxsFG%2BGJMa1VNIy3X9JeG3PFPwbjpUjUEKHjyrdv%2FNIgUqKUtouPfGzH9m83MwXYxlhUOnQyz4dHGqLwDeHxyUopzo9jCmG5OsB8yAYdVYX9f7PQCg9eHqQWR8%2FoUJ9UN6204jzELOBq0CZv7eoqAf919pU0HNEyIyS%2FKe%2FNPsrTSptLICzcQ1Yk7eptqyFi451fOUvFIAvUA0dJJ0BAkS0vM%2F2VkJHFANMpMBAZLcFsJH1UyZrmypUcgSsl%2Bm4XCQwBRWXNxCQjCiakbHKCTmTvz5tM6VvOPv0BY%2BURBqDVzNL9Dqb3uhzvv9%2F4tn9AVAv1RSf5%2BlAKfM1RILskGJO8WRR3cF%2Bm1TONmYa6Lod76LW%2F%2FHJlOpnlTrDBI6PHKPqUk6fl%2FqaJZJutr0B2qZsw8TY%2FPBcEAqqGKLxK4oQ%3D%3D&mm_sceneid=1_0_3204345526_0&a=xxc%3Dad_ztc%26mi_id%3D0000IkPk-_2lsn8UkfPPkkHWgW9cotkGelK17lEl6AnfVaY%26skuId%3D6138626591219&id=756653146799
965704526506,POPMART泡泡玛特星星人 点亮系列场景手办盲盒玩具摆件礼物,62.5,¥,首单价,谭梓琳lin,欧巴手办盲盒,回头客8万,6000+人付款,广东 佛山,"直降3元, 店铺满500减5, 48小时内发, 包邮, 酷动城",款式类型:隐藏款 | 出售状态:现货 | 系列类型:联名系列 | 品牌:POP MART/泡泡玛特 | 商品状态:全新未拆封,https://g-search1.alicdn.com/img/bao/uploaded/i4/i1/2580405343/O1CN01teQuKP1pL9GMmZkqX_!!2580405343.png,//item.taobao.com/item.htm?id=965704526506&ns=1&abbucket=10&xxc=taobaoSearch&mi_id=0000vMwRkk7WdLxkq6JLWvcx653nuXDs5Jc7NGLj692d76M&skuId=6089333754238
968095182445,[正品现货]POPMART Nyota四季时序系列手办盲盒礼物玩具礼物摆件,59.9,¥,,吻yun,FASHION大玩家,,2000+人付款,广东 广州,"48小时内发, 包邮",出售状态:全款预售 | 系列类型:联名系列 | 品牌:POP MART/泡泡玛特,https://g-search2.alicdn.com/img/bao/uploaded/i4/i2/630048486/O1CN0134UW0o2CYe6ERuuJg_!!630048486.jpg,//item.taobao.com/item.htm?id=968095182445&ns=1&abbucket=10&xxc=taobaoSearch&mi_id=0000H8-ZXs9eg_CT-O9TymFYFfYhXEfOiYIq2VMTVNYfi1A&skuId=6096254818208
693030825435,POPMART泡泡玛特 SKULLPANDA温度盲盒sp8代潮玩手办 玩具摆件礼物,199,¥,券后价,大肥羊998,POP泡泡盲盒,回头客3万,2000+人付款,广东 梅州,"店铺满10减5, 48小时内发, 包邮, 公益宝贝",出售状态:现货 | 品牌:POP MART/泡泡玛特,https://gw.alicdn.com/imgextra/O1CN01osqfFL2643xboCfcv_!!2663227607-0-picasso.jpg,//item.taobao.com/item.htm?id=693030825435&ns=1&abbucket=10&xxc=taobaoSearch&mi_id=0000X6CWA2mW7kKWu_fnulxaNL_-QY7UEk9bRJzwhCpjuVI&skuId=4923213113902
961123027128,【官方正品】泡泡玛特123星星人手办公仔盲盒礼物拉布布搪胶潮玩,174,¥,券后价,那木潇傻,BOX丨正品盲盒,,800+人付款,广东 惠州,"官方立减12%, 包邮, 公益宝贝",款式类型:端盒 | 出售状态:现货 | 系列类型:联名系列 | 品牌:POP MART/泡泡玛特,https://g-search3.alicdn.com/img/bao/uploaded/i4/i1/127497641/O1CN01XfQHA326JdQ2Ck2DG_!!127497641.jpg,//item.taobao.com/item.htm?id=961123027128&ns=1&abbucket=10&xxc=taobaoSearch&mi_id=0000k-pv3VmfxkWGqSqddnBB4O0r5vL9wRqu4W70pPuqJHM&skuId=5912157853919
899079497775,POPMART泡泡玛特Dimoo World迪士尼毛绒挂件系列手办盲盒玩具礼物,169.99,¥,,tb0673212314,嘟嘟潮玩店,回头客7万,2万+人付款,江西 南昌,"店铺满799减10, 24小时内发, 新品, 包邮, 酷动城",出售状态:现货 | 系列类型:联名系列 | 品牌:POP MART/泡泡玛特,http://g.search1.alicdn.com/img/i1/3499666437/O1CN01I6K1et1xQCaaHz8AP_!!4611686018427382789-0-saturn_solar.jpg,http://click.simba.taobao.com/cc_im?p=%C5%DD%C5%DD%C2%EA%CC%D8&s=467417809&k=2393&e=rqdcZH0RbmwsKuOHROkz1rc%2BxXA2pkgxKks7rfOJUE7dhCHdy5fVBM1Keiz47d%2B6Bx8t2XY6VOJxEGKlUcdkwS7Y%2FqQ%2Fyt9f41wiOiHJQLnwYohJZxjY9t8WaqBdO3LjqfKS2VEmWd%2FMsuXXhz8dFlB6b0TQM%2FoIHhiboADFYmXf1i90V%2BQUP2r1TCTM0UDEQx%2Fx1wgXmjstqN9I3HFKLz73VAHBqWY5634K5%2FQxsytfio6U82goglB%2BeQO4tnFL4CGH5nqIH9DYeMLL083l%2FMOBpz2o9ktiHLJXP3fIG6BNalW3JnRH93pVPe%2F359WKVHkYC17V6xprM92P2Iu1RbIXTVvDVLjD%2FJzf7B6ASLzIy9JZTiWu2RadBn5Y%2FVV05G4Zm2mncL1IIRPF4qjotnkguclMWO4ZGJ8kjCeTZ3jZgF7dhj1FqqqP6ucNZIHoD%2BO81searWNUfeGFGYYT6a5isSB9zrq%2BPE8Um6pJmaq2dnxWPHHmiu4iafGTQgx2g%2B7JYIOvUDbrf5%2BT%2BZ%2FoNaxlrqOXW9SCWvCm3FJ%2BOfeWJaT3bnZrKYNCID5WkWdbIPzLV6BuNEZWSMnpMzQhDTcxtsivYESzIA69sv5jFG4OO9sfmi%2FtYHR7PbshT%2ByyO%2Fg9Yk3OkRA%2FZNZwc%2BiOZbYIfXjtnhiY6NOTrzcd1IwGQeYlkEKBHKS46b68hhJGOprQ22JFvUbmv6eXkQIW3k2ojE8ZVjVL0axVE4IwQSrc0her%2FstGRH4TzcIakGNOliWk9252ayntVkckXTEaJ0mXsC54yX20F86cIzow%2FhCU49AQID0OY%2B8BeQ5rPX8srTgmf6k52KoU67OzuuZAWoqRZJfIy%2BFNJp3gqq83S8oJZISrrEIG2Jc1I60WV1TD8zabDFuBPXmTvp80Z51EsNLZE3d1zS%2F1rZCC759dtsL%2By%2FJwTONqHqCMZyegQuIPu1%2FemiU60plECo27NykC5QOn8KZrpRgEYVQXRbim03gYnRBZL29JhRHuMrtAYSnEIfkqeZ%2BfyS9Jpv%2FP2djrvTr4NeBj5WoSlhNphKxzo9bzvH6MP1ISBW0iL67aFbySnmzkC3b4bLAnlmHoV6jeIRl%2FgqG7g%2BYSlrVzvbGYJlK2QC4RWmZeSOK9gPMPhdm1Xo6gE6TH92tWIsCuPYb0VMKlk8TsOPNhYYvh4UpLsGMP6zQlJsh2wIvDNz5LGob9ceauNoX94SCQZ1ocVa9AM4LqjZly8KvOEsX4oD6o1seXad1NFBIVJ5fBgHMhEAs08GbDQR5WPirp9IDYGJimxXHXv8thfxvBJkdNFUrzvqhIU77fQ99ALWtVN9t1zI4NRuTYBtV6rK0T0QyCOpcD1KJC9I4xW%2FkPUzhyLmTqnVj0Lu7vF0KN3g3rbTiPMQs4RFtCzCAryKKXxu%2Fv9Nt%2BzpnLsgCX8zuzGWAWthnVGmMP2b6M0PGBTGIpDjaiNOtwoD2EX7mlMdjjg1OLr8N08zg33TRSxqm1QMSEoWjNIzhMzqtFQjAQxhEf%2BJhxqcxrVREcSfJ%2FmX6aBA6aCf8V5%2BTxXqOugUROJ28GwvcioIj%2FsIrLezVktwCULysn0%2B4EEEdQk41fhWV4s1FiDfHSdywTRTrsNFcDXyP5w3sW3qPM2n5F5hxC%2Fkf7CYY18ozCLBNFOuw0VwPaypG7bWa%2FFKaLvdEMhZsQwhsU619Nu8Fu6koL%2FacSUThdEh0GhVhEMV%2FlnoFhjzESN4gOHvSWTGbN5mb80VQIaDg8fhKRp1CEKLz7f4I919hTSrtUaPlnGgA8654JT2ruagRgOn0tCXSUg8q%2Fdi9kjps%2F5qoHVbcmUylqsDloOy3%2FrdKLbzoO7SggCcJaVfCVDXDEY%2FiMiKvsX0RmnNHcv%2F4lOFiJBzPHScr3bxE7p3NMMeBgWegdsNqsQEYV3GM0k%2BTN7dQfy74BWzU6u6NRrqX%2BUZpEi4fpkpOBy8wpHmVj43L0n7SMGUTeBGbbyLDOPEm4zltlT0mZImkZ1XTEbg7nyLjdN4w3uR6FX5XHhWts%2BrKNWSW6Slb%2Bwmipbt8E%2BvpRB7WF7mFSXkuMXL0hDettOI8xCzgatAmb%2B3qKgH%2FdfaVNBzRM%2BcmLnGn1Fh200qbSyAs3ENWJO3qbashYHExTmnMOh0Rsr6f1SyyjEWQfOkL1in9KRqloiZ9HCEKIB%2FA6382xrsWsQoxGXQ%2BBnpAvnOA%2FZeVyRB1SejeUFYTgd6ZRlfsPJlMparA5aDv4wx2I0VJ0K7sgOMenzVzMUhD06O22kHF53BWw2Fd3uSwTRTrsNFcDwhjjSccTG%2B9mM5VUSDJ0oAKozlxLz975eaWUYItHxCri%2BeVeOKUtaK0UUe%2F5kLenoD2EX7mlMdi5F7cI49E1JQ%3D%3D&mm_sceneid=1_0_3499666437_0&a=xxc%3Dad_ztc%26mi_id%3D0000kRuZ76O9rzngCx8GXr-6OI6gTV6bjn1uA_CFZvmMTkM%26skuId%3D5921273015523&id=899079497775
962846968648,POPMART泡泡玛特DIMOO WORLD × 迪士尼系列潮玩搪胶毛绒盲盒礼物,169.9,¥,,tb7445538986,SUN TOY,,6000+人付款,广东 广州,"店铺满199减3, 24小时内发, 新品, 包邮",款式类型:端盒 | 出售状态:现货 | 系列类型:联名系列 | 品牌:POP MART/泡泡玛特,https://g-search3.alicdn.com/img/bao/uploaded/i4/i2/2211802957652/O1CN01jKUEei26Ofmp7rCNL_!!4611686018427381588-0-item_pic.jpg,//item.taobao.com/item.htm?id=962846968648&ns=1&abbucket=10&xxc=taobaoSearch&mi_id=0000DWErvaizTW0Me9_OdlgnrFxPSXd1_jOAIKB-nhJvk1o&skuId=6008798286717
970467646606,POPMART泡泡玛特Hirono Living Wild为喜乐而战毛绒公仔礼物,179,¥,,泡泡玛特旗舰店,泡泡玛特旗舰店,回头客20万,3万+人付款,江苏 苏州,"超级爆款, 退货宝, 包邮",周边产品:毛绒公仔 | 出售状态:现货 | 品牌:POP MART/泡泡玛特,https://g-search3.alicdn.com/img/bao/uploaded/i4/i2/2885348004/O1CN01kHc80e28ztE8dm1zo_!!4611686018427382436-0-item_pic.jpg,//detail.tmall.com/item.htm?id=970467646606&ns=1&abbucket=10&xxc=taobaoSearch&mi_id=0000t2nvoIelwMyi-B5QgVmegSqDZyOynwGvLKQXZbOGCgE&skuId=6007233367374
866659838644,POPMART泡泡玛特《哪吒之魔童闹海》天生羁绊系列手办盲盒,69,¥,,泡泡玛特旗舰店,泡泡玛特旗舰店,回头客20万,9万+人付款,广东 惠州,退货宝,款式类型:隐藏款 | 出售状态:现货 | 品牌:POP MART/泡泡玛特 | 商品状态:全新未拆封,https://g-search1.alicdn.com/img/bao/uploaded/i4/i3/2885348004/O1CN01Evo1LQ28ztEUfRGqY_!!4611686018427382436-0-item_pic.jpg,//detail.tmall.com/item.htm?id=866659838644&ns=1&abbucket=10&xxc=taobaoSearch&mi_id=0000zFQawZb8zy_CIY-YvlkHAgWK5XeIneYpZ3p-gy4eWBQ&skuId=5888131290764
802217676592,POPMART泡泡玛特正品 ZIMOMO大首领大天使搪胶毛绒公仔,449,¥,券后价,tb621562613,MMV TOY,,500+人付款,广东 惠州,"店铺满599减3, 退货宝, 包邮, 公益宝贝",出售状态:现货 | 系列类型:联名系列 | 品牌:POP MART/泡泡玛特,http://g.search.alicdn.com/img/O1CN01PDYO5P1jktrmds2N0_!!4611686018427384779-0-item_pic.jpg,http://click.simba.taobao.com/cc_im?p=%C5%DD%C5%DD%C2%EA%CC%D8&s=467417809&k=2401&e=IvbZyh3PyQ8sKuOHROkz1rc%2BxXA2pkgxKks7rfOJUE7dhCHdy5fVBM1Keiz47d%2B6Bx8t2XY6VOJO4bLXNXATViT%2BNrMTPvmQKIlAvauFq3TwYohJZxjY9t8WaqBdO3LjqfKS2VEmWd%2FMsuXXhz8dFlB6b0TQM%2FoIHhiboADFYmXf1i90V%2BQUP2r1TCTM0UDEQx%2Fx1wgXmjstqN9I3HFKLz73VAHBqWY5634K5%2FQxsytfio6U82goglB%2BeQO4tnFL4CGH5nqIH9DYeMLL083l%2FMOBpz2o9ktiHLJXP3fIG6BNalW3JnRH93pVPe%2F359WKVHkYC17V6xprM92P2Iu1RbIXTVvDVLjD%2FJzf7B6ASLzIy9JZTiWu2RadBn5Y%2FVV05G4Zm2mncL1IIRPF4qjotnkguclMWO4ZGJ8kjCeTZ3jZgF7dhj1FqqqP6ucNZIHoD%2BO81searWNUfeGFGYYT6a5isSB9zrq%2BPE8Um6pJmaq2dnxWPHHmiu4iafGTQgx2g%2B7JYIOvUDbrf5%2BT%2BZ%2FoNaxlrqOXW9SCasU7dm%2B5B3GekeLKNVhcO3CrJpfkDdkJnFln6LA8ncvnj2Uq3u6S0v%2BYGLaivOV6f0TfDsLx9f3zxob0euUz4iER3LZlm15WAR6259Y2NWGJwsny1qQM1Dcg9YrMBYe%2Buga4iO3%2BeOOBhU9ZKm1gmJrEr4F%2BxJGjOprQ22JFvUbmv6eXkQIW3k2ojE8ZVjVL0axVE4IwQSrc0her%2FstGRIVF7Cndf%2FAqnpHiyjVYXDvWJkX2FpT6VdPC3krudmFioMD8WzBaPGQYNpE8C6gx8LoIj%2FQy8bu1anzf8FY5vCr3IgKQjS%2B1wD7bWaqUU6qj%2BtotzBhFaD95ePQiiNlb%2FqhxQq8kXStBcaU5xLpN1FY8aH2oYUGNqc9Xf%2B7UjWbQDc5d8kQScW2JOXQPsB%2FKNij5%2BJuaMwbx4n6oL35CeIu%2B39RI%2Fv2tCsMIgNYYTzIEBNxYi99wooGr0Dtc7Unmue7HIOMBBx9VX5uf8zM0%2BGmlljWevWIA3FXKyNn80jXV66tALZrIQEtLz4GzBQgcAmtlXqrm%2F6EL2H4BCMUArPqdHwDdnwCwvPix07wvEgQMm0DbfD9PAv6h%2Fvf9O7UPG2r4zTkAN8e0CL1dRGBZUxc1I65wt%2BpE0AV4jcW5IddXO0YZndwv1jXWOaV6JsQudlwkBx%2F36pXc99OLKXaJPao4jJCPBhi%2B%2BsjyGoZzNtOl%2B%2FnJSBLWoqplDXEPgtdd%2B1%2FtekiU58t%2F5awZLarsq9ST32rOAgRwH25V9v6%2BI1QwmU9GZhjifyHbTdNLTvbUkdHF8pmc43sESv9nyW13DyiqXIzSyB70EAoDDRnD8tItRjeSFUCHBn7zCPz%2Be7gQyUutDmkVNPbNZgfYGEfInq%2FAhMz%2FpkZ0mDk3r4vNn%2Fbvyw%2BNE7QZZJKBhU9ZKm1gmDjrh%2F4Ok7p3CS69t%2BWR2PoFDy7C7KJlXDcGeV7RVRVxTksdN%2FkduN4dEXS5coJjqB77v0%2F8zxRZgP81h1CSU%2BMlBAvJKlxBULSIhwAq45eUbUIHH5GB69PRVHK2MZPGKOFAVfQV5kJnTrszBRWomTAJikTm3n%2FRinIzaYY16C5m8Wd1hrRUdZNZAfuE9xdjbo3kr7K7buFAcjNphjXoLmbxZ3WGtFR1kzn1ErzjfinYMAhajxxDEZS8pjlN43nGBZLrDtm3wxT9Cejupg8TukqNpUTnG5rxhgOaHVlmOTP%2BUvrEfyGYdsXmpggLxY%2FOXDyqTijEwgCxSjdak5KtkM8LDxMb0BG4DOJIRSJchAsuhHWaaQCSHvSeWQMoLjZkU3Rs7uKywNEW0rHV%2BI%2B%2BX0cJ1BUyhYvEaMHb0NDIUrf6XDez3R7Ui%2F%2B6ZxgJeZaBg0%2FGuqFnSnyBKObDT0EDRG%2FZm6Q6yOkeehdrlvLLxhx51rjEP13lgDKtLHRW0M5%2BFE6Dby2MvBKbLsR0dZEwvgVnc4nfvZN329Sb5mu7Bnrku%2F2JJCeQvYLlA%2F38%2Bs5HBZHhukwL8WJumapYiVlKXunWdfTUVEso0%2FP29380fp91q3tK29xIo9%2FUDtjfL8BH%2FXg9%2Bq0VCVqmJu89Y0QJNk8svYIqg8pVSRK5yaYSokicg0hzM6HFtLBaECgrWQDnaQK3aMBlnYr%2FipFkl8jL4U0mneCqrzdLyglkhKusQgbYlzUjrRZXVMPzNpsMW4E9eZO%2BnzRnnUSw0tkTd3XNL%2FWtkILvn122wv7L8nBM42oeiqNJ%2FnwLGVvEhWZIGptwa2hcyAiVj%2Fg0qKB49h%2FI4AhOM%2BIzBr%2FPtta%2FNcO9LXdRE2RXuA%2FzfydRvvcK0ipA0dEfDlxvMakRlkzGIfRS%2F2qEQlPVvj1j5Szscwo4rSNY&mm_sceneid=1_0_6575436378_0&a=xxc%3Dad_ztc%26mi_id%3D0000HnUTiq7KiLUPuclAPKXv8-i27rcOOZuZldiy5EYPocA%26skuId%3D6121102159168&id=802217676592
967864515915,POPMART泡泡玛特《哪吒之魔童闹海》天生羁绊系列手办盲盒礼物,55,¥,首单价,谭梓琳lin,欧巴手办盲盒,回头客8万,4000+人付款,广东 佛山,"直降2元, 店铺满500减5, 48小时内发, 包邮, 酷动城",出售状态:现货 | 系列类型:联名系列 | 品牌:POP MART/泡泡玛特 | 商品状态:拆盒不拆袋,https://g-search3.alicdn.com/img/bao/uploaded/i4/i3/2580405343/O1CN01GdiDn01pL9E4jD460_!!2580405343.png,//item.taobao.com/item.htm?id=967864515915&ns=1&abbucket=10&xxc=taobaoSearch&mi_id=00002-rQeWZCpXDI9etoWeKa-KlhbemW5MZDgDKNtho7GMs&skuId=5722908849811
896235152134,泡泡玛特Twinkle星星人 来自星星的礼物系列盲盒手办摆件新年礼物,68,¥,券后价,tb501421479576,大师兄潮玩盲盒店,,5000+人付款,广东 佛山,"店铺满29减3, 48小时内发, 包邮",款式类型:隐藏款 | 出售状态:全款预售 | 系列类型:联名系列 | 品牌:POP MART/泡泡玛特,https://gw.alicdn.com/imgextra/O1CN01yWJErm24Fqx10mnum_!!2218685527362-0-picasso.jpg,//item.taobao.com/item.htm?id=896235152134&ns=1&abbucket=10&xxc=taobaoSearch&mi_id=0000C6U9VYO_uFk37ZbhKQslvUbA8rR0b1C0osqS4Sp5w1c&skuId=6189633238341
,,,,,,,,,,,,,
780840355258,POPMART泡泡玛特 拉布布labubu慵懒瑜伽系列端盒盲盒手办潮流玩具,47,¥,券后价,林下之夕rea,UR TOY盲盒商城,13年老店,1000+人付款,广东 佛山,"店铺满39减5, 48小时内发, 包邮",出售状态:现货 | 系列类型:联名系列 | 品牌:POP MART/泡泡玛特 | 选购热点:淘公仔,https://gw.alicdn.com/imgextra/O1CN01do9eaP1wpYuAUv8Fw_!!524736357-0-picasso.jpg,//item.taobao.com/item.htm?id=780840355258&ns=1&abbucket=10&xxc=taobaoSearch&mi_id=0000JVOtx_HHBcT8P06gKGFUi9zF2UzdA6w0UcUrlWEE4Wo&skuId=5515074139533
774272555877,POPMART泡泡玛特 DIMOO 动物王国系列手办盲盒男友情人节礼物摆件,56,¥,首单价,谭梓琳lin,欧巴手办盲盒,回头客8万,2000+人付款,广东 佛山,"直降5元, 店铺满500减5, 48小时内发, 包邮, 酷动城",出售状态:现货 | 款式特点:静态 | 品牌:POP MART/泡泡玛特,https://g-search3.alicdn.com/img/bao/uploaded/i4/i4/2580405343/O1CN01y3BXAt1pL97B2S1NJ_!!2580405343.jpg,//item.taobao.com/item.htm?id=774272555877&ns=1&abbucket=10&xxc=taobaoSearch&mi_id=00006tG0lRGx2R5TiOizqekLtcGcsiAuBmnVm_BcZTx6X4M&skuId=5486450482893
810198178598,全新正品假一赔十MOKOKO甜心系列万圣节圣诞节搪胶毛绒挂件手办快速发货,233,¥,券后价,wing哥73098980,IM TOY潮玩之家,,33人付款,广东 惠州,"包邮, 公益宝贝",,http://g.search3.alicdn.com/img/i3/6587853948/O1CN01ZenT6z1f2EmxVl4oh_!!4611686018427382908-0-saturn_solar.jpg,http://click.simba.taobao.com/cc_im?p=%C5%DD%C5%DD%C2%EA%CC%D8&s=467417809&k=2425&e=GjrnIET2dfosKuOHROkz1rc%2BxXA2pkgxKks7rfOJUE7dhCHdy5fVBM1Keiz47d%2B6Bx8t2XY6VOLe%2FKE68tJ2NvXx5zHqr6KHewxAMeAwNzHuSffCAlpXed8WaqBdO3LjqfKS2VEmWd%2FMsuXXhz8dFlB6b0TQM%2FoIHhiboADFYmXf1i90V%2BQUP2r1TCTM0UDEQx%2Fx1wgXmjstqN9I3HFKLz73VAHBqWY5634K5%2FQxsytfio6U82goglB%2BeQO4tnFL4CGH5nqIH9DYeMLL083l%2FMOBpz2o9ktiHLJXP3fIG6BNalW3JnRH93pVPe%2F359WKVHkYC17V6xprM92P2Iu1RbIXTVvDVLjD%2FJzf7B6ASLzIy9JZTiWu2RadBn5Y%2FVV05G4Zm2mncL1IIRPF4qjotnkguclMWO4ZGJ8kjCeTZ3jZgF7dhj1FqqqP6ucNZIHoD%2BO81searWNUfeGFGYYT6a5isSB9zrq%2BPE8Um6pJmaq2dnxWPHHmikcAh3KXsFEwAntvGZWRAjPJgoeZQoxdRIiN8MOjEEhKHrhrrYyzCEaAWGgsHB1Y2XVQLDOX919KzENXBOAIGAPswdNKq6cOwcrZuSzyVn0xInS19c9I47RmgogwyjQN8%2BuBUxm%2B0qpsiMs3Ajn2DvuOPTYq0wo9py%2FN2T2ZlFiXH92ibb0JQfjU0JpOzQqchy87RWmMqCR%2FnrPxYyTGXMNNFUYKiUISniefu%2BD4jgDq0axVE4IwQSqNMCfAyPP363K3HJ5PBdnO3OmwAFaK%2B1Kkgwajb6N78cxDVwTgCBgDT5Mg2SGzxkAPDd22WBcvc3lQyme1kPZB0G4mKieb9ih5Va9yC2D0kYWcgTPyX%2BS3zItGJbvWUpM3RIBhljnGd9KGfdQo1LDEbdNGYyDJ99TXHEeOTFBIspbGaRjup5YdDhTKgHRgcUg8mg%2FBNIZAnmLT8qVcTg3rRX4Es8Mn91gmUylqsDloO7YbppABlb2LzYLQrYh4M2DQzInLESIQ1DyQQIpQPTKL2%2BWtUKwzzNiJICSczRt4Rl8bClXgk6YgL7Xl8YDqrXzdE433l83xqT%2F3atHk51WTGwKhaduMuyvLACp7AAauetdkp6Lpi9xJ8nJNz1L502TZXha%2BigFQe7TKzf4yojLsf%2B8xoUKJ2qlLlFL3JGS2VEZtexdTcGXzLJbMe5nW7dSAtTYkIx12izXf79MtMe7ngKloGdfyl5OJFSmfzHPYarLDz37EXMDov4Jn51VgdEYAqjRoX%2F%2FqtAMZle1bbJxYBFYsBCKy2WOllsJQ90ZQLXBijDEDBYwS5ymMCSVZZ59T1j0ZUA500ZFiqNWiZkZLJNtn0Rmjph%2FJTGByW4a%2FIN%2FlTpWXyvPZ7PBJSa19YWLAiIElXKrKPRHZ4SKYFIKdx0K%2BtoFEyjUlhkU1ZYfreVF3GRhrC1lzPkDh0z1FNDTqGgyznIDeL5IoBQxhS4x5TsOAP8tRWFltHwVRcWN2NrfNHqD2uJq3lkzGIfRS%2F2qEQlPVvj1j5Xj1F8z56oM1q%2BdCjHBbYrxlZnPUHdJ0Edxks6mBdM9W1YWJnAHX8AZ4dNtHIef4HwqB%2FaMp7kOJDpILKxUiA00zfIQUN9rNcS0yFBICyyy41TsQJuonATPD2c6n3BL0bkVgGbMZNoE%2BAkSTFXQcV9jm%2BNGjCWHjOYcVx3PQNSJ4RWAZsxk2gT6vhldOlQylWWeXxD9fr7a467BCxcHajgaHMbcLZiZ2MXhORE1rKhT8oFFSdI0eOVuSe12dzbZZGevVUSkxGzUXEc97Q0F%2FWdsvVMgybjB15thTSrtUaPlnfIcsYOaqXTdCgK6KJTiMA1PzgEmBGv8Sjps%2F5qoHVbcmUylqsDloOy3%2FrdKLbzoO%2BZDSiK0Ze6%2BgjhAK8BRGrlw3s90e1Iv%2FumcYCXmWgYOPjCdIwOgtcyjmw09BA0Rv2ZukOsjpHnoXa5byy8Yceb1%2B3v00haEOgcLsLWjX%2BllOg28tjLwSmy7EdHWRML4FZ3OJ372Td9vUm%2BZruwZ65Lv9iSQnkL2C5QP9%2FPrORwWR4bpMC%2FFibpmqWIlZSl7p1nX01FRLKNPz9vd%2FNH6fdat7StvcSKPf1A7Y3y%2FAR%2F14PfqtFQlapg21TakpkiIdLL2CKoPKVUkSucmmEqJInBu69tcLB32LfB7xD%2Ff8F5ICt2jAZZ2K%2F4qRZJfIy%2BFNJp3gqq83S8oJZISrrEIG2Jc1I60WV1TD8zabDFuBPXmTvp80Z51EsNLZE3d1zS%2F1rZCC759dtsL%2By%2FJwTONqHsPk0OJo%2FS9cmKKI%2FAmZdQTEG7oq2G0vzhMM11u5l4EMivmipb6DB0NF8Suv5tK%2FyJ6z8WMkxlzDdI4tP8%2BRfQ3RHw5cbzGpEZZMxiH0Uv9qhEJT1b49Y%2BUs7HMKOK0jWA%3D%3D&mm_sceneid=1_0_6587853948_0&a=xxc%3Dad_ztc%26mi_id%3D0000iTT35m02ktF92HSJGjxTXMYgcUYu4HTvsNL0tl-UjSA%26skuId%3D5671505695575&id=810198178598
952603720407,梦想加 泡泡玛特车挂星星人茉莉手办盲盒礼物车内后视镜挂饰摆件,168,¥,券后价,许煤煤,白日梦想加,8年老店,2000+人付款,福建 宁德,"官方立减38元,  3期, 店铺满120减5, 退货宝, 包邮, 公益宝贝",形状:五角星形 | 车内饰品分类:汽车挂饰 | 品牌:POP MART/泡泡玛特 | 功能:保平安,https://g-search3.alicdn.com/img/bao/uploaded/i4/i3/827515461/O1CN01ZReaR51qDBzF2bj45_!!827515461.jpg,//item.taobao.com/item.htm?id=952603720407&ns=1&abbucket=10&xxc=taobaoSearch&mi_id=0000feKFs55G-NG9IgfxA8XDB7Fqz2DbXw3KN4gMoSzgEFQ&skuId=6034996554223
742833227544,泡泡玛特SP车载香薰扩香摆件汽车出风口夹石膏香氛闺蜜女礼物,158,¥,首单价,pp掌纹公社总站,WHKK手作,11年老店,4000+人付款,山东 泰安,"官方立减12%, 直降4元, 退货宝, 包邮, 公益宝贝",形状:卡通 | 功能:祛异味 | 品牌:POP MART/泡泡玛特,https://g-search2.alicdn.com/img/bao/uploaded/i4/i2/2288156314/O1CN01YUxLab1wVrkNKulXj_!!2288156314.jpg,//item.taobao.com/item.htm?id=742833227544&ns=1&abbucket=10&xxc=taobaoSearch&mi_id=0000-QogYT9YHXmS9kMtCJ_Ju67JvosqxtwSQKd1eBWnXXI&skuId=5643116408038
1015253866749,POPMART星星人怦然心动系列手办礼物可爱情侣盲盒,64,¥,,吻yun,FASHION大玩家,,100+人付款,广东 广州,包邮,款式类型:端盒 | 出售状态:现货 | 系列类型:联名系列 | 品牌:POP MART/泡泡玛特,https://g-search2.alicdn.com/img/bao/uploaded/i4/i4/630048486/O1CN01mmw1Lo2CYe8LgtBfz_!!630048486.png,//item.taobao.com/item.htm?id=1015253866749&ns=1&abbucket=10&xxc=taobaoSearch&mi_id=00002SsnPHHHKulBUAVDsGO5rh5cOZFrLMk9FgWSyitTLl0&skuId=6187859595827
996929447832,泡泡玛特小甜豆新婚系列结婚订婚礼物送闺蜜实用新娘新人摆件,219,¥,券后价,肖寒1112,GRENLUS格琳露丝,8年老店,31人付款,湖北 武汉,"官方立减12%, 包邮",适用人群:闺蜜 | 场景类型:乔迁新居 | 货品分类:摆件礼物 | 适用节日:中考 | 包装种类:礼盒装 | 风格:个性 | 产品名称:永生玫瑰花 | 修饰词:浪漫,http://g.search1.alicdn.com/img/i1/124819861/O1CN01ApacY92MiOieMsTlU_!!4611686018427386261-2-saturn_solar.png,http://click.simba.taobao.com/cc_im?p=%C5%DD%C5%DD%C2%EA%CC%D8&s=467417809&k=2369&e=bmCVftAQ1ZYsKuOHROkz1rc%2BxXA2pkgxKks7rfOJUE7dhCHdy5fVBM1Keiz47d%2B6Bx8t2XY6VOJ5qvIV71SuM3xOG5jQY4gHTzuClkMQgBnuSffCAlpXed8WaqBdO3LjqfKS2VEmWd%2FMsuXXhz8dFlB6b0TQM%2FoIHhiboADFYmXf1i90V%2BQUP2r1TCTM0UDEQx%2Fx1wgXmjstqN9I3HFKLz73VAHBqWY5634K5%2FQxsytfio6U82goglB%2BeQO4tnFL4CGH5nqIH9DYeMLL083l%2FMOBpz2o9ktiHLJXP3fIG6BNalW3JnRH93pVPe%2F359WKVHkYC17V6xprM92P2Iu1RbIXTVvDVLjD%2FJzf7B6ASLzIy9JZTiWu2RadBn5Y%2FVV05G4Zm2mncL1IIRPF4qjotnkguclMWO4ZGJ8kjCeTZ3jZgF7dhj1FqqqP6ucNZIHoD%2BO81searWNUfeGFGYYT6a5isSB9zrq%2BPE8Um6pJmaq2dnxWPHHmiiDg%2F9Rpf6ZA4eWacj55%2B0JpXPy311%2F%2FhVvA8WLW1jWw0wOSTJCuwTX3vd6MPAEz0rLCg3hRPSoo8tV9SyNfyMZF5lXvT%2BOt4v0iyKpJkk3N3tArHUZd%2BwvQHD6iw1YNuHvKVW5Bx9ZF4RXOkHPTbllDTDnVuewxy4bowkmvj7f3Xc8UQodjGVQbmjpaMQajUxhmiNkCUEOBjmNnFW8OUgITwXg%2Fk8unjU%2BxnPKWKoYg7i8OLVzvhZb%2BWZwWCg%2BjNaCCn3D8dfXWbvmWL1FLkhgks9UGFJQ3yvLVfUsjX8jGNKqOEW%2FJcvgmqbnkud%2B%2BVc8q%2BXMfqWHgXjeJAAEkgXHH%2FrvZ5ujiAeoFifSgShCw0ADx8PGd5TMF4MiAmRD1Bofm9gqKKU4XQtbwqKKb2NhWNfnQkQFsKqnmjTS0xVQoYSv3y1rukMpQgS2GFYXUA1MlSemNzSVfcH%2F0OD29ceSYdSD5iJyONvlWXVNAnGWuA6fwpmulGATLQQY%2BXgmB0Gh6oaShs%2FxEFXl9T1diqArqBYn0oEoQsNVEEH2i2%2F2nOvg14GPlahKWE2mErHOj1vO8fow%2FUhIFbSIvrtoVvJKebOQLdvhssCeWYehXqN4hGX%2BCobuD5hKWtXO9sZgmUrZALhFaZl5I4r2A8w%2BF2bVejqATpMf3a1YiwK49hvRUwqWTxOw482Fhi%2BHhSkuwYw%2FrNCUmyHbAnYWdeX3D5usQQZTW%2BW0%2F6JBnWhxVr0AzguqNmXLwq84SxfigPqjWx5dp3U0UEhUnl8GAcyEQCzTwZsNBHlY%2BKun0gNgYmKbFpW8%2BfQyOMGSaArcWaDp0k51A1QSBlX3GhR5RtbuXGXx0ex1q2ls158q3o2GdqdsgahJREkcZiPQ6y7DX1hINZQjaDbytvoL5p3Z6Ioqj1tywtnAhXQxWV0ZqkJZRIT0tjDvh6b2BrYOyk5QupCnJNnT2j%2Fgff5Kr7dMVkxEPDf1mzDxNj88Fwbh8oNYQwgqWIeH%2BL%2BgvYlwWyqYxJB88tQWLKjv%2Biy3OFUVgWVqxgUqF47yxEfZZmw5IEhJzaJ2O2UjRrUmHGRnqsF%2FFyoFdG0jjnN5KHdj%2FMq3FJnkv5vjhznlfACPeMHhXk5lccemymHUg%2BYicjjYmXfzCNQ7RMCdLGVilVZuuykeqmlTOu6WYdSD5iJyONmgq5bMcGrU33xZqoF07cuOe%2Bnr6k9Qqgw8FxIvhILsY8gZZm5cwJ4Ma1llDbsyd8%2FDXaGGXNxYgLo2F91JQelTNnb6uSa91mOpBqjnFUMISMd2sBxzYRIYMRTd4Nx80XAwuozNNyRPfO2QXiznwEjL5IbTMoMMtrMp8t%2FFld2NA4js0a3lXfYqxiCaRYtXlmlw3s90e1Iv%2FumcYCXmWgYN4KC2H5RU4zSjmw09BA0Rv2ZukOsjpHnoXa5byy8Yceb1%2B3v00haEOgcLsLWjX%2BllOg28tjLwSmy7EdHWRML4FZ3OJ372Td9vUm%2BZruwZ65Lv9iSQnkL2C5QP9%2FPrORwWR4bpMC%2FFibpmqWIlZSl7p1nX01FRLKNPz9vd%2FNH6fdat7StvcSKPf1A7Y3y%2FAR%2F14PfqtFQlaptB45%2BVQb9GgLL2CKoPKVUkSucmmEqJInE2%2FXXSNkbZQRGoXqoHMsDwCt2jAZZ2K%2F4qRZJfIy%2BFNJp3gqq83S8oJZISrrEIG2Jc1I60WV1TD8zabDFuBPXmTvp80Z51EsKJu28%2Fi1QZp1%2BBtJOp4699GH3QpHrtxwrvcl8UUZZGfmheWBKXdPONf7uP8zOEwJp1A1QSBlX3GxNYIwtlXJd%2BTxMTIbcZR77bLYww8vAMfPhrr00%2BdKNj51%2Bu5Dv0c8gdpiQO4MLFb&mm_sceneid=1_0_124819861_0&a=xxc%3Dad_ztc%26mi_id%3D0000t3Hnwc6a8mxDe5Kvh2TZkNJotyhZ8S5B8s_INqOnzX4%26skuId%3D5980283592136&id=996929447832
957084357677,泡泡玛特《哪吒之魔童闹海》抱抱系列搪胶脸毛绒白龙敖丙礼物,249,¥,,泡泡玛特旗舰店,泡泡玛特旗舰店,回头客20万,2万+人付款,江苏 苏州,"热销爆款, 退货宝, 包邮",周边产品:毛绒公仔 | 出售状态:现货 | 品牌:POP MART/泡泡玛特,https://g-search2.alicdn.com/img/bao/uploaded/i4/i2/2885348004/O1CN01ympZ9F28ztEPH9BxR_!!4611686018427382436-0-item_pic.jpg,//detail.tmall.com/item.htm?id=957084357677&ns=1&abbucket=10&xxc=taobaoSearch&mi_id=0000KyFS2YTuiYVJTBCzO7lMP9Xke27ONFBOTwxN3RxpUoM&skuId=5888135482669
921938660337,泡泡玛特拉布布THE MONSTERS 怪味便利店手办盲盒LABUBU礼物,69,¥,,泡泡玛特旗舰店,泡泡玛特旗舰店,回头客20万,6万+人付款,江苏 苏州,退货宝,出售状态:现货 | 品牌:POP MART/泡泡玛特,https://g-search3.alicdn.com/img/bao/uploaded/i4/i4/2885348004/O1CN01YoYEaJ28ztEUOK5Ox_!!4611686018427382436-0-item_pic.jpg,//detail.tmall.com/item.htm?id=921938660337&ns=1&abbucket=10&xxc=taobaoSearch&mi_id=0000LS_7LoKOsFDYnfwb91L0j5jacFmQbd8caFnkGROCPko&skuId=5825950801439
921945980311,POPMART泡泡玛特Zsiga 慢下来系列手办盲盒玩具礼物摆件,69,¥,,泡泡玛特旗舰店,泡泡玛特旗舰店,回头客20万,1万+人付款,江苏 苏州,退货宝,款式类型:隐藏款 | 出售状态:现货 | 品牌:POP MART/泡泡玛特 | 商品状态:全新未拆封,https://g-search3.alicdn.com/img/bao/uploaded/i4/i2/2885348004/O1CN018hQTL628ztEUIwJH3_!!4611686018427382436-0-item_pic.jpg,//detail.tmall.com/item.htm?id=921945980311&ns=1&abbucket=10&xxc=taobaoSearch&mi_id=0000xYGKgGM6AMay1iscABLWT5Sb4jlzsz9zKo5L0wc8KeA&skuId=6000365842859
922110517437,POPMART泡泡玛特寻找MOKOKO系列手办盲盒玩具摆件礼物,69,¥,,泡泡玛特旗舰店,泡泡玛特旗舰店,回头客20万,1万+人付款,江苏 苏州,"热销爆款, 退货宝",款式类型:隐藏款 | 出售状态:现货 | 品牌:POP MART/泡泡玛特 | 商品状态:全新未拆封,https://g-search2.alicdn.com/img/bao/uploaded/i4/i3/2885348004/O1CN016jCCA428ztEVYpzlW_!!4611686018427382436-0-item_pic.jpg,//detail.tmall.com/item.htm?id=922110517437&ns=1&abbucket=10&xxc=taobaoSearch&mi_id=0000eZ3AOBtR2ETuZqnSDOb_nlCgVELBHgJW0D1AefQtEnk&skuId=5827270182639
1015644810713,POPMART泡泡玛特十周年ZIMOMO3.0三代搪胶毛绒公仔黑拉布布58cm,449.9,¥,券后价,曾啊啊啊啊81373209,巨无霸正品潮玩,,20人付款,广东 惠州,"店铺满88减1, 退货宝, 48小时内发, 包邮",款式类型:特别版 | 出售状态:现货 | 系列类型:联名系列 | 品牌:POP MART/泡泡玛特,http://g.search.alicdn.com/img/O1CN01Tnw8Eo1JdPNyx6wQF_!!2623151051.jpg,http://click.simba.taobao.com/cc_im?p=%C5%DD%C5%DD%C2%EA%CC%D8&s=467417809&k=2401&e=KBGA1zOgm1ssKuOHROkz1rc%2BxXA2pkgxKks7rfOJUE7dhCHdy5fVBM1Keiz47d%2B6Bx8t2XY6VOIs80wPTSX6NqmiKFHAkI3tSlibRaU4g0zwYohJZxjY9t8WaqBdO3LjqfKS2VEmWd%2FMsuXXhz8dFlB6b0TQM%2FoIHhiboADFYmXf1i90V%2BQUP2r1TCTM0UDEQx%2Fx1wgXmjstqN9I3HFKLz73VAHBqWY5634K5%2FQxsytfio6U82goglB%2BeQO4tnFL4CGH5nqIH9DYeMLL083l%2FMOBpz2o9ktiHLJXP3fIG6BNalW3JnRH93pVPe%2F359WKVHkYC17V6xprM92P2Iu1RbIXTVvDVLjD%2FJzf7B6ASLzIy9JZTiWu2RadBn5Y%2FVV05G4Zm2mncL1IIRPF4qjotnkguclMWO4ZGJ8kjCeTZ3jZgF7dhj1FqqqP6ucNZIHoD%2BO81searWNUfeGFGYYT6a5isSB9zrq%2BPE8Um6pJmaq2dnxWPHHmiu4iafGTQgx2g%2B7JYIOvUDbrf5%2BT%2BZ%2FoNaxlrqOXW9SCJuCLj0dq4MgMr7h4aEtdHr2WV4%2Fi9aJz2cvVJqphnO%2FwRUSwj9GK7sZkzlHNuYgmyAXa%2FmCoBqnOnXtoQrEzfVufDxw7E1U27ixf2%2BrJYzyFg1uQ9jolPgmX1wB5h84JwlvEFNsgEizzVn2ypMwJTskWSqJpOdiwT7Gc8pYqhiDuLw4tXO%2BFlv5ZnBYKD6M1oIKfcPx19dZu%2BZYvUUuSGIaGfZc8UiremEcwCh9rj2HVPSihrpA3Tk6kroJOZAFTlh8NUhl5WRKF3PYnboCFllOVcuqe%2FzFv8i5ORtbwuffMuMz80FtGc0tLzP9lZCRxQDTKTAQGS3BbCR9VMma5sqVHIErJfpuFwkMAUVlzcQkIwompGxygk5k78%2BbTOlbzj79AWPlEQagmZZM9SWw61tLZE3d1zS%2F1E43iTZ6Md%2FTR%2F%2BFKc7gbFdW1JBfdDifzwwiA1hhPMgSQorFZTUD55tvrk5rrdUTfElOh0xDabK97LPjmb8zmPa%2FW4X93g3Y30J3NtEqyOkjrq0AtmshAS0vPgbMFCBwCa2Vequb%2FoQuXgXM3toVMFp0fAN2fALC8%2BLHTvC8SBAybQNt8P08C%2FqH%2B9%2F07tQ8bavjNOQA3x7QIvV1EYFlTFzUjrnC36kTQBXiNxbkh11c7Rhmd3C%2FWNdY5pXomxC52ljntD5C28KtTXS8420uxAfufKFfUhXexyPIahnM206X7%2BclIEtaiqmUNcQ%2BC1137X%2B16SJTny3%2FlrBktquyr1JPfas4CBHAfblX2%2Fr4jVDD82saizFbBUtNivaqyUZW6F5JULfpb52lXJ1UO3NysTm8hncBVfOCE5emvJlgIiwJGN5IVQIcGfjlzuIKTf3PiS60OaRU09s1mB9gYR8ier6Vjd9KjdBbE97hXwWHiGQrLD40TtBlkkmbHdx63YR%2B4QNUk6mFBDekJLr235ZHY%2BgUPLsLsomVcNwZ5XtFVFXFOSx03%2BR243h0RdLlygmOoHvu%2FT%2FzPFFnA%2Bzen5fuwgoAIvMa%2B7alHZDnEXSXggA5tQgcfkYHr08Pwz%2BEvkMxmEQ7wHChWLFilBGk3%2FYag1AmKRObef9GKytVw%2BLNzxq0Mr7h4aEtdHq%2BmGa8aqmCbn7Gmwr1WESqVdE8rZiN5pZhHMAofa49hkstI8fSskCetTOBDk1kn1Mxag%2BRSDei9QLWtIP%2F3clVHDiXtKfEp%2Ba%2B4cug3osE%2B%2FhR3S9l4in8eXTLUw7PnTcukZnnz5dvAWL61fi%2BajCjpwjg99iyLsLFF6izJbBArRPc%2BSlxDrDcW0o%2F5zPq9L4iTW0BkLSLfCtQzlu3FPc065odqwof70UyaBPEPAcdWcGPwthGFGaQht66RNk963GAzcUKqL6B7bW%2FWsQIIsBZgQuKqSJlQsvTeOUYkwY9oTOOaBOqTyaEUbXA8MOoS1q57FdGkQmFF%2B87fSNYHrCVwUH%2F28AKSxKz1kN0pSVcJAQsBRsRVMVwtYxvTIoxKuLcDarUb58uJXuyuvnhcRP895ag6d2ePQ9ajxhQFxeDGAnwIsXpQzRXdXIpex5RPqf2xO3HnHQe4CNI%2FOLIuVnar6rsnHC2zLPAJCP8O4zXhSRTQQYahbvlXJ1UO3NysTlO6719WZS9HBeDIgJkQ9QaH5vYKiilOF0LW8Kiim9jYVjX50JEBbCqp5o00tMVUKGEr98ta7pDKItx69mbl8uWJrI%2B%2BlbVjlUcAe6%2BJ7VSBImNn6l5GWtaMBj2XJ6Ut67H1LpYvBg0oDK%2B4eGhLXR50KfvgPUpp4fEggjrGSioGco9VkZRxFMcMgTCgPY%2FD3L7vOdy7Nz%2F4TWvo5TxGSrhwiL6eSVxHZonDfhOoZea1&mm_sceneid=1_0_6560205617_0&a=xxc%3Dad_ztc%26mi_id%3D00000Dyoz87EehYLB6BYTO_doMF-vNFqBKKqhdy9VcroTFM%26skuId%3D6030527232034&id=1015644810713
949045547095,POPMART泡泡玛特DIMOO梦响曲系列拼搭积木玩具礼物,269,¥,,泡泡玛特旗舰店,泡泡玛特旗舰店,回头客20万,1万+人付款,江苏 苏州,"超级爆款, 退货宝, 包邮",适用年龄:15岁以上 | 玩具类型:拼搭积木 | 品牌:POP MART/泡泡玛特,https://g-search1.alicdn.com/img/bao/uploaded/i4/i1/2885348004/O1CN01fr3bmK28ztEUIuZAX_!!4611686018427382436-0-item_pic.jpg,//detail.tmall.com/item.htm?id=949045547095&ns=1&abbucket=10&xxc=taobaoSearch&mi_id=0000GUWeqThLfrbEhy1HeVVYypPrAU37BHFykXuLOVmLKwM&skuId=5899502936760
964721542462,泡泡玛特拉布布THE MONSTERS慵懒瑜伽手办盲盒LABUBU礼物,69,¥,,泡泡玛特旗舰店,泡泡玛特旗舰店,回头客20万,6万+人付款,广东 惠州,退货宝,出售状态:现货 | 品牌:POP MART/泡泡玛特,https://g-search3.alicdn.com/img/bao/uploaded/i4/i3/2885348004/O1CN012grrxz28ztEUmW21W_!!4611686018427382436-0-item_pic.jpg,//detail.tmall.com/item.htm?id=964721542462&ns=1&abbucket=10&xxc=taobaoSearch&mi_id=00009-l9i1LwtzR_7Wiu_XfPmnOP7lh0qXdTeHiNFYyhB2w&skuId=5705865235903
865731509569,POPMART泡泡玛特HACIPUPU动物贴贴系列手办盲盒玩具摆件礼物,89,¥,,泡泡玛特旗舰店,泡泡玛特旗舰店,回头客20万,2万+人付款,广东 惠州,"退货宝, 包邮",出售状态:现货 | 品牌:POP MART/泡泡玛特,https://g-search3.alicdn.com/img/bao/uploaded/i4/i4/2885348004/O1CN01NBkFuX28ztEUItMGq_!!4611686018427382436-0-item_pic.jpg,//detail.tmall.com/item.htm?id=865731509569&ns=1&abbucket=10&xxc=taobaoSearch&mi_id=0000eIcdgCaHgxjvmeuKnK3_Rnn2Y9BCVvtItWuKhT8YdEc&skuId=5870235006847
990900527429,POPMART泡泡玛特SKULLPANDA餐桌系列手办SP盲盒玩具摆件圣诞礼物,6.8,¥,首单价,eileentoys,艾顽潮流iwant,回头客1万,300+人付款,广东 深圳,"直降2元, 店铺满158减3, 包邮, 公益宝贝",款式类型:端盒 | 出售状态:限量发售 | 系列类型:联名系列 | 品牌:POP MART/泡泡玛特,http://g.search1.alicdn.com/img/i1/3204345526/O1CN012Gyxuu1qgxmVVWLz6_!!4611686018427383478-0-saturn_solar.jpg,http://click.simba.taobao.com/cc_im?p=%C5%DD%C5%DD%C2%EA%CC%D8&s=467417809&k=2369&e=gExBo69iaxEsKuOHROkz1rc%2BxXA2pkgxKks7rfOJUE7dhCHdy5fVBM1Keiz47d%2B6Bx8t2XY6VOLqt1gUVyi5IhvThOsSF5YKeuSE0BVRwZbwYohJZxjY9t8WaqBdO3LjqfKS2VEmWd%2FMsuXXhz8dFlB6b0TQM%2FoIHhiboADFYmXf1i90V%2BQUP2r1TCTM0UDEQx%2Fx1wgXmjstqN9I3HFKLz73VAHBqWY5634K5%2FQxsytfio6U82goglB%2BeQO4tnFL4CGH5nqIH9DYeMLL083l%2FMOBpz2o9ktiHLJXP3fIG6BNalW3JnRH93pVPe%2F359WKVHkYC17V6xprM92P2Iu1RbIXTVvDVLjD%2FJzf7B6ASLzIy9JZTiWu2RadBn5Y%2FVV05G4Zm2mncL1IIRPF4qjotnkguclMWO4ZGJ8kjCeTZ3jZgF7dhj1FqqqP6ucNZIHoD%2BO81searWNUfeGFGYYT6a5isSB9zrq%2BPE8Um6pJmaq2dnxWPHHmiu4iafGTQgx2g%2B7JYIOvUDbrf5%2BT%2BZ%2FoNaxlrqOXW9SC%2FBD7P%2Fnp2zaei8E8P%2BixDTVQ16eOsPEiFaWiCVyg6Y1%2BgdbUfXvax4Uh0y74wZEMTYTvTHs3o1HJt%2Bm37dLduEdzcjly6palUet7dEW5Z0rPwBWQki3uWNnQf2s7KdA%2B%2BKt2X0GjO103hlHLUeOtDBRAJhzouOjXaH53HbOsJ7vuLw4tXO%2BFlv5ZnBYKD6M1oIKfcPx19dZu%2BZYvUUuSGH%2BIS7ymrB%2FdKDe44uNR8RtbTRbCMRRysB%2Bt7YZdsJTE2wbmcAxm2csyCZhLPGtCPzZXWXZ2V7gSNVDXp46w8SIAOo4fCpg0KAAFHOX8BRpDJrYouL4dpV2UbQeYhKGkOQAeRyPXEXfm3MHZBbFeqoUrf5fPautRdSYulaQU8WXZuyA4x6fNXMzBXcRrsrnqkQM1w88iJ4GmF%2FCqfRC43AE8kECKUD0yiyrE%2FFNV%2B37Bs0lYs4cneX9fGwpV4JOmIDVQ16eOsPEiyVuFdv0N9Bgh6TUpRH2LSjK%2F3S2DnnuClhNphKxzo9bzvH6MP1ISBW0iL67aFbySnmzkC3b4bLAnlmHoV6jeIRl%2FgqG7g%2BYSlrVzvbGYJlK2QC4RWmZeSOK9gPMPhdm1Xo6gE6TH92tWIsCuPYb0VMKlk8TsOPNhYYvh4UpLsGMP6zQlJsh2wOqr8yx6P%2FqtyDmUdAovwRbC%2FxKYNEW9%2BILqjZly8KvOEsX4oD6o1seXad1NFBIVJ5fBgHMhEAs08GbDQR5WPirp9IDYGJimxcpQmepDkqjQiPDK9eEZI5eOsvkqmCKgOXFrV67mv9lx722bD2n14JS60QwtnluoFT%2BBVMYhwykm0z7645Ttem5LoDm3HrA1rw3rbTiPMQs4RFtCzCAryKL84QYbfnikEV9hD1sHJ6TZ9xpiw83SPCGXSD8MyeenzmIpDjaiNOtwoD2EX7mlMdjjg1OLr8N08zg33TRSxqm1QMSEoWjNIzhMzqtFQjAQxie7kN57CyYBH7kuRWNsLpJD0n%2Fwc3PuMEdTYlJcFjsw%2FXmzze3Nu7dNGe2QcPeljhQPsbneS41CZrpWtJ%2BHjExQg5ocUv3kpgM1w88iJ4GmKC7lMUq6doxoCZVSzzDRYNGRky9%2FXmh7AzXDzyIngaYh3ZhZY6APVovcmG97njjPLuGFxAyAf19YOg1zf9Q1%2FqLoH2GV%2F6UqgTzV%2F1ONIpejl612%2FGT3uoYFYvK2iZ2AGlv9nWUth%2F7UDD413wN5%2BGOTX4LikC1gwmbFxrUi8QMY%2FhW879ssaQkzliyYynWf8moLu4T3m63%2By%2FJwTONqHr%2Fx6cIhuK9tlfnnRPw03a4%2Fdd%2FJMpOX75lv%2B2N5roybt9z57bvJZNRk5IL0WV2hwBxJPGB6Aqcflauu9msYHvUUK4%2FbtYVPNI4Sg5t%2FagEktxwELNLvLANbaRcNLpcCXfwlB%2Ba6%2F5%2FAN2FbFRFl3DN6mjhp%2BAOLGK3k9rGWjNm4KgKOPVqJwGT8l0RgpmKXSnKv5I7QbgYw4tECIcAnl4sb1YHTV5CQwKd2eiKKo9bclwyvOkYDlYlxZp1duv%2B5Vjk2MRmf3%2BKoX8zsif59r0kICkiMNa1BfRsSUKdwWR%2By3Vh83%2FJAT3x9g6jSIGclyUapaImfRwhCiAfwOt%2FNsa7FrEKMRl0PgZ6QL5zgP2XlckQdUno3lBWE4HemUZX7DyZTKWqwOWg7NnCGRqpZPSHcVa80sdB%2BJU%2BC7FJV440Kn2z9taIf6l1fybZhLMonEjSpALjxJrT%2B0Ny1OXsCRUmXSD8MyeenzprStlpz3ntb5QSockS3leijMOgL7jO7Q0JoL6HeBtsO&mm_sceneid=1_0_3204345526_0&a=xxc%3Dad_ztc%26mi_id%3D0000LLTT9-PXvWcLOSzyfiq7yaIjY4nLk_UOtzJXY6FJ8ac%26skuId%3D6140729879893&id=990900527429
910519583678,POPMART泡泡玛特小甜豆有关爱的语言系列手办盲盒礼物,69,¥,,泡泡玛特旗舰店,泡泡玛特旗舰店,回头客20万,2万+人付款,江苏 苏州,退货宝,款式类型:隐藏款 | 出售状态:现货 | 品牌:POP MART/泡泡玛特 | 商品状态:全新未拆封,https://g-search2.alicdn.com/img/bao/uploaded/i4/i2/2885348004/O1CN01mdEA9028ztEUOIbwV_!!4611686018427382436-0-item_pic.jpg,//detail.tmall.com/item.htm?id=910519583678&ns=1&abbucket=10&xxc=taobaoSearch&mi_id=0000g1h0fkvk2VwnDJfzrQ4zB1AylzxkMBdO1eyahgKZM8c&skuId=5795799284745
860462206738,POPMART泡泡玛特 Twinkle来自星星的礼物系列盲盒星星人二代手办,98,¥,券后价,有鱼狠幸福,潮玩大玩家,回头客6万,8000+人付款,广东 佛山,"店铺满30减3, 48小时内发, 包邮",款式类型:特别版 | 出售状态:全款预售 | 系列类型:联名系列 | 品牌:POP MART/泡泡玛特,https://g-search3.alicdn.com/img/bao/uploaded/i4/i4/3465404515/O1CN01peGEdS1jDvIldcN0y_!!3465404515.png,//item.taobao.com/item.htm?id=860462206738&ns=1&abbucket=10&xxc=taobaoSearch&mi_id=0000xtYcw8a6Cc-DXG67jL21SZJpY59cGR5jMx_elSXM8IU&skuId=5948755820523
794542115319,POPMART泡泡玛特 Zsiga 允许，这一切系列手办盲盒情人节礼物摆件,36,¥,首单价,谭梓琳lin,欧巴手办盲盒,回头客8万,5000+人付款,广东 广州,"直降3元, 店铺满500减5, 48小时内发, 包邮, 酷动城",出售状态:现货 | 品牌:POP MART/泡泡玛特,https://g-search3.alicdn.com/img/bao/uploaded/i4/i2/2580405343/O1CN01tLOyxL1pL9BGSZt70_!!2580405343.jpg,//item.taobao.com/item.htm?id=794542115319&ns=1&abbucket=10&xxc=taobaoSearch&mi_id=0000EfoS0flpaZQil3d0D6nDPaNs02vuJEJVsnCI0zhw-PM&skuId=5425474841625
942023926804,POPMART泡泡玛特 星星人随心配系列手办盲盒潮流玩具新年礼物摆件,32,¥,券后价,林下之夕rea,UR TOY盲盒商城,13年老店,1000+人付款,广东 佛山,"店铺满29减3, 48小时内发, 包邮",出售状态:现货 | 系列类型:联名系列 | 品牌:POP MART/泡泡玛特,https://gw.alicdn.com/imgextra/O1CN013d44WO1wpYu9KvOCX_!!524736357-0-picasso.jpg,//item.taobao.com/item.htm?id=942023926804&ns=1&abbucket=10&xxc=taobaoSearch&mi_id=0000Y7mZAB6q4ZdvAZBdhM_F3R6iEjeTQTGrVOrfhQA-VQU&skuId=5841648356597
961646518829,POPMART泡泡玛特ΘSKULLPANDA不眠剧场系列毛绒公仔挂件盲盒礼物,159,¥,,泡泡玛特旗舰店,泡泡玛特旗舰店,回头客20万,5万+人付款,广东 惠州,"超级爆款, 退货宝, 包邮",款式类型:隐藏款 | 出售状态:现货 | 品牌:POP MART/泡泡玛特 | 商品状态:全新未拆封,https://img.alicdn.com/imgextra/jz3_2/2885348004/O1CN015mndZO28ztEQxjz1o_!!2885348004-0-alimamacc.jpg,http://click.simba.taobao.com/cc_im?p=%C5%DD%C5%DD%C2%EA%CC%D8&s=1080996551&k=2573&e=svFE41btpG4QisvjAEjToKJvNc9PDUgDJ%2F4IeA0NadSwOLBNaiG%2FaEKtSDnGcqAtQRoJh%2BmT4JA%2BZYTTfo%2F1p%2F%2Flk6gmLoPR4ZBgS3ncjsy5wi%2FDQikG%2FouFDQ66v2%2BYPsbOMbZykArQfrYtG96Qn%2FnE8bchb1BleGOYfW4ZMvjq8Dr%2FKx4pBlAJs%2BVRUTey4GBg9aCdXSLE8JBwoEugNwrrmQeFSUO5dYWoaTIjx5BAn5%2BlwIxxtVED6wxX5wlgSce0QpTKm6WESR3gYEUKjzP3RjvYyGqi6Nj7BaQwS9fyZKWdbF%2BFbz1UjBrpo56Gdsrtty%2FVq1vwNsQLwGsp%2FgSypEqOfLgl8tUvwyK2FhOERuLcqAsxPmVTbJALAJ7fPUfiJI7apkl0hA%2BMdrhDnQJAtmJdCKYyO7IWJX9pelIydC2voVnOdTL8F2MZyYrSRQE6IkuwAGX4bptAwjVZfuU9o5IgpxU93qmfd%2Fc8n%2Bz%2FlO6XuccvnjmRM8z0FWUlY3XFszeajB03o8OfMbFrlooIgkmR%2BX%2B12zpRZnSEevFEIC2PP6giO4BnetWXT4QM4Nu7OHN2WlpDxqMXpG2yRJtOu3p04oR%2FChS2l5qnnZZ6FSBz6FQ7Mf5TeqJTm%2Fo2G%2BpmLJb%2BiJNDDWskynHctJrt6biMPL%2FctZfeL92%2FuxmLyn31bkA7DjKpc7Q8UBe1VDk3%2BeyM5Yj%2B9PVL0hKgEsCpX2khCfbeUNKg%2FtX5qa%2FKETdtO3507RNZ9Cw73mkiiyXPqSv0gDeonLKXkA5MWMXP8Wj4GQyPJlqeSnm1DfnKBNKfWDqp%2FvVIBsNCEcNuMh8vNNCuPAFVNm%2FvKeiLp5tCJBACRdgygaTVrAMSVCxmLlh2Q7%2F62y0DGAyM3pgTO%2F6k4sWdsB6cqVTRBQWtWhG3WI04%2B8Z4K91528LKcDYajVDDizOUhbdzAuzNH363fk%2FQ37MQLwSkAR5k4UBhJWLUYBt8vOJs1A%2BjqFAdsuCH61H0vvOJoKicspeQDkxYpNUIZYxU0jEDXnoNrKjGtRrK%2Bl5lTe980ZCb%2B7gZ09Qs0M2JUV0wLvcc897BCbxBuVIiO%2FFvMJu3NzFcVyGYJJLJvSETt4SA7hvz3zgxqyse8GHa23BABqqt0CHoZFqmIZ9xuFZgwojuH%2B7Itp%2BcOW%2FvN0nxwBlonEJjJrdKKLj4Qy41XptL3a55utlE%2Bfke5cRnSrSfsDQ5rcrJLZLViV6%2FryL5%2FtlSa8lTaUdGVjIL66c4c%2FL3EE7pBXBAFtGE6%2FDC6bg%2BL0OoUps3nY9hDsNof3eO%2F3%2FAYip5vHLqQSp5zH8GgGM0SDTsJK9etI%2FmFHMfOr1yfyhPfwdNgCjIdfuWDcldzKbTDpq6kvdJMWvxX9V7h80eGmIfaiw9%2FJGSSC2WTWVlL3gc5U173JRmjt5V5784umt%2FgE%2BqKep5PEbWykXta2cUsMjorHfj23JWXgBeV7DbramOpXDGIsbko%2BMeVwozDvZv6hkTiR%2BJGOHTQ5dsFmjoIzB7MNi7iyHJ%2FlN6olOb%2BjbCpdMjsQy%2FxvlDcQBCKyqPvguNSpArfuwwUZo1TB%2FYD7OETnRL7MMj96Qo8uHMLBzJzJf629AmdF9sXEjKuQNWE3q7ECcddQObTNCmwPKymN0llechYfwQHOH0sjNVlNQ9B7nl3s4iLP%2FOC8bsuWKuteRNnyCtD9xiPgcsiH6ZuASWjNh33CdADeLuuAFRuZnE6k2NmHGLKSFwqyVpcxclBJaM2HfcJ0A9RofWhT0nHxr0t1NWfvgrMERZVL9WXmyWiKEc3R4NaP8VKTWny5lNFYS%2B3ZDqcbTbTFtgKO%2FnV52AafrV0bV2gdr1tWp7or1%2BN8TYkxMCQOx3Jsi8lK6E35CiKpvQgrU7krctzEHbNR5pJ7UHEcZJAiIYbOnzY1BH%2BrpelUbQ%2FyOeT8o6WvnjH%2BQTw0Bv2OX5Ne7KGp%2BJSWCRsnbRJyL%2F1A%2BjqFAdsuCBBtZDh32dCuaKvlrR3O5SaktXXKDwJBcM7DFjKHKc3b452BthwkrYkhoxm4Mqj6xAJfZdlbAUR5sqwm6XAg%2BVISk2d%2BUm4nmG7KkrY5TtiZfgIThtIOb3K%2FrP2nyC6Tmz7rxm1QQMGpj06SdZo6YyIx85aSLh2khT2mwZX3HhwzooICdtMlcnxAWP%2BmIaVgXcWqPRDrJkc0uUWQqfBiFNlI5va%2BapsmwK0McEXx%2FCoKNexfT7GbhPprEdoRSPXhbQ1GuEB%2B3gV4WTP7MiPPtm%2BIAf0OES2UiKMaSU%2F36T7J1U%2BCFYkL%2Fx6ZDDnwgUuPJ9svY3ASN%2BzN81mPXUUJxRWuujME6%2BETx4qndW9a4XTb6TJXx9iQUPJC8IcwIhdn8ZOIh2dvXryUR9YhhXalz16m2l59HaDzBf%2FCHDkAu2kMBd1lwSkwxZkIMxEmhmMtQWTVqnorWirxn7SLUSLXcxJ47V4vgG3jNgq5CZEfiq4zeGyf8pYbOZm067enTihH81dP7MluvIeO3WhOCirc2H0%2By%2FjCtt52jTY%2B8ceJkkTb4LjUqQK37slMuUm5t1Qk8%3D&mm_sceneid=1_0_116045295_0&a=xxc%3Dad_ztc%26mi_id%3D0000hZWb6MK453p-OoLcXTKuPSI6J4MWvdlaBRBt0vGVfAo%26skuId%3D6090950787629&id=961646518829
988851240061,泡泡玛特星星人永生花女生生日老婆本命年新年情人节礼物送女友,548,¥,券后价,lsyong_swbd,OnlyFlower礼物店,7年老店,1000+人付款,广东 中山,"官方立减12%, 退货宝, 包邮",出售状态:现货 | 品牌:POP MART/泡泡玛特,https://g-search3.alicdn.com/img/bao/uploaded/i4/i3/2405490865/O1CN01WJF1wP1IGDhAA1NXD_!!2405490865.jpg,//item.taobao.com/item.htm?id=988851240061&ns=1&abbucket=10&xxc=taobaoSearch&mi_id=0000gMXJZiVLINKp8CyFwPRCOQqzHN1qIL3kgll6Y6WgXi8&skuId=6118013654263
858154021741,泡泡玛特 我们都是星星人系列盲盒时尚潮流玩具摆件礼物手办公仔,28,¥,,林下之夕rea,UR TOY盲盒商城,13年老店,3000+人付款,广东 佛山,"店铺满29减3, 48小时内发, 包邮",出售状态:现货 | 系列类型:联名系列 | 品牌:POP MART/泡泡玛特,https://gw.alicdn.com/imgextra/O1CN01URbXPH1wpYuB3fhZl_!!524736357-0-picasso.jpg,//item.taobao.com/item.htm?id=858154021741&ns=1&abbucket=10&xxc=taobaoSearch&mi_id=0000N9UYmRsSMUuveEqHAo1ovj7_qEXql4xgNUuCKA9Rf1I&skuId=6021909742730
987640710598,POPMART泡泡玛特点金奔腾系列手办盲盒玩具摆件礼物,69,¥,,泡泡玛特旗舰店,泡泡玛特旗舰店,回头客20万,4000+人付款,江苏 苏州,退货宝,款式类型:隐藏款 | 出售状态:现货 | 品牌:POP MART/泡泡玛特,https://img.alicdn.com/imgextra/jz3_1/2885348004/O1CN01jcW8Da28ztE2lMiWX_!!2885348004-0-alimamacc.jpg,http://click.simba.taobao.com/cc_im?p=%C5%DD%C5%DD%C2%EA%CC%D8&s=1080996551&k=2413&e=cPM9RWdziCQQisvjAEjToKJvNc9PDUgDJ%2F4IeA0NadSwOLBNaiG%2FaEKtSDnGcqAtQRoJh%2BmT4JA%2BZYTTfo%2F1p%2F%2Flk6gmLoPRv2QBQHGnj7i5wi%2FDQikG%2FouFDQ66v2%2BYPsbOMbZykArQfrYtG96Qn%2FnE8bchb1BleGOYfW4ZMvjq8Dr%2FKx4pBlAJs%2BVRUTey4GBg9aCdXSLE8JBwoEugNwrrmQeFSUO5dYWoaTIjx5BAn5%2BlwIxxtVED6wxX5wlgSce0QpTKm6WESR3gYEUKjzP3RjvYyGqi6Nj7BaQwS9fyZKWdbF%2BFbz1UjBrpo56Gdsrtty%2FVq1vwNsQLwGsp%2FgSypEqOfLgl8tUvwyK2FhOERuLcqAsxPmVTbJALAJ7fPUfiJI7apkl0hA%2BMdrhDnQJAtmJdCKYyO7IWJX9pelIydC2voVnOdTL8F2MZyYrSRQE6IkuwAGX4bptAwjVZfreAdDvD1H2aTSFWlf2xQj8xd8ZbA2iqbVrm5Bjo07BshHXfnieEpJ03o8OfMbFrlooIgkmR%2BX%2B12zpRZnSEevFEIC2PP6giO5Kpt66q0yInyXsYNB0JtUxDxqMXpG2yRGROtMC1kQ%2F5rFsXgVzeySPI7LaCMWLbHS0WEzxnF2MAE35Yq2QuEAVmksDhAlwFVy2enDE1W%2BbaslOYkyQSKyKLyn31bkA7Drfcz0OcSKgeOIkk1Tp1sAz%2B9PVL0hKgEsCpX2khCfbeUNKg%2FtX5qa%2FKETdtO3507RNZ9Cw73mkiiyXPqSv0gDc5Ba21zp6q8wZBJxaP059uKKo1bEGr82rotza610y%2BG3Jofuz30sCtHQbjUBfEosVZ9GTBI6QRUPevjcetZwGY7M8H065M4ZUFXnLKWiKid7Ka%2F1PNT8YVrX0g93f13arBNhHbWOymzXt7Q7mk7M7ocLeIrFgrPrvVmq82MBHoPMNUA%2B%2BMTEVXB18O539HMQDd4M5EX8fU5ZKpt66q0yInV%2FMIfSM%2FxJ1DPhvI2%2Bb4v3VsRcJhAfeJbUrcDVXZjrGl7vO54V9Cr981mPXUUJxR%2FrGPjLriJIR3BbUZdh0R6GOpaAukL7G3jBE4rAV7OQzxiEnkvxYRFu6NrgpPDvXNo1sjaalZZoKp%2Ffo7cSrcAG0DXXstHQXC6MiVWsKcgOzTE2CJmwlBDZ6sFCRDyeNWMGMja7hw9sHSeC1sziuxp2opferXVYBdqjGuCUnJRZSlfHyVq19RZGRzHsCqp7xu834LMHNZGEv24h6mOCCQJBrXK%2Fdk%2FT2DFu0sctx6OsLjLUChSoOOKWUwAkArw5U4uKw9iq3GNxvCTLKatFKaw8lAt7G0OtMtyOy2gjFi2x1kTrTAtZEP%2BaqIH%2FFxzI2CQ8ajF6RtskQtFhM8ZxdjAGbVbn%2BVbYmeghomcOQGBIVJE6jc%2FdvHuZmXAdoRXAHfn7nmhFcQGYAz%2BHOpjNfi2x6NRy%2BRre%2FBMGAo0P8JYyC0IzxMp18L0qcs24aork5Nbg0Mb7K3Mp6VeRrARuM0oQ8floykWn7ZVtEdDWjR6LZHDw38l5PgOteOOYRm4YZuftKQ%2F1ek3XxTwIp9HlDiePc%2FEr8cr6FmQoa8MvfPPDIK35phVeQk6L4zsWbTgFyoUlTAkehA29JD3OKD2Nr2T5Kpt66q0yInS1MWcdsv4ee%2Fl1vEw4rqfcuxwMqArVF0kqm3rqrTIifuk0edcG5kz4uFDQ66v2%2BYpNoLyePRv%2FWFdEwEkig6m9PRmj4Yh3pDwvDz2caRaW8HI4E4P2N59Zky5eh8SR5E2ow9akccNKIWhr3FpoMGIACYhQlSb6mJsKDwsOeBqry2hLLEmGLs1tu2CKfHmwB1O7MmVFXMMZ%2B%2FvaZcghHTE9E%2B8KfdeKQGDC6qlpHyegUC8yYMxeLrop8kIS1fANLDof1HjiDTgv5uLNiLHNwBS03%2F8o2MaQzP2vexQrWoP891AIU6DPT6alzmu9Ki3gcTcoUSz%2BDDlNAz7Z3Id07%2BFWwRlxSwOoyYjQIEuVw0HYMFC4%2BkPqs9aR7j6%2Fs4afsAFze%2FV6qyOmFVP8NG5PHQXVF1W1EyzCG6Px4waYRpt1dHmf5YezF0kbyPKaOusCXiBh6jswfB8cL%2FrBM4wvJ1MLVVWic7wS1LphfBPSpss3xSf6mfSJvPpFTK8P7MtGHTcvytdyGnKTOr5NhmnD3NMwoRzYx2FKslRVHBHbe0ZXFkbbNeBCMJ5Ur2Qzsr2xvxETZVaUbaJCOdiv6j%2FjyNtAdfDud%2FRzEAOxA6qT3vvkscIlogDCYuP1W4EQEew1Ev0TRYaPjHk%2B1hqoMj%2FG9mLCIhx5%2Fo1K1vBxYaTt8gKq4qeAr98YwRJJ4UX6RtfjcilPicy8mnN8C6Neco4xR5qG4NDG%2BytzKeWJaI8YppSBc%3D&mm_sceneid=1_0_116045295_0&a=xxc%3Dad_ztc%26mi_id%3D0000ywsE0gHNOvuaCyEwO8yxD4UZRDMARoG0y0ip-_ZSkhk%26skuId%3D6007081733929&id=987640710598
1002970104222,泡泡玛特123星星人盲盒来自星星的礼物美味时刻怦然星动手办摆件,59,¥,券后价,林下之夕rea,UR TOY盲盒商城,13年老店,1000+人付款,广东 佛山,"店铺满39减5, 48小时内发, 包邮",款式类型:端盒 | 出售状态:现货 | 系列类型:联名系列 | 品牌:POP MART/泡泡玛特,https://g-search1.alicdn.com/img/bao/uploaded/i4/i1/524736357/O1CN01AiIX8e1wpYttIDyBE_!!524736357.jpg,//item.taobao.com/item.htm?id=1002970104222&ns=1&abbucket=10&xxc=taobaoSearch&mi_id=0000VjZt9dxeHkjwJNjxU7uO0w4pZYD8FDXp_uoj_JfV--Q&skuId=5991003885496
969936816834,泡泡玛特THEMONSTERS前方高能系列LABUBU ROCK THE UNIVERSE毛绒,576.9,¥,券后价,李超越0922,TOP DOLL 俱乐部,回头客1万,1000+人付款,广东 广州,"店铺满299减3, 48小时内发, 包邮",款式类型:特别版 | 出售状态:现货 | 系列类型:联名系列 | 品牌:POP MART/泡泡玛特,http://g.search1.alicdn.com/img/i1/1392190029/O1CN01pMtlIi1C5Kbk56FrE_!!4611686018427380301-0-saturn_solar.jpg,http://click.simba.taobao.com/cc_im?p=%C5%DD%C5%DD%C2%EA%CC%D8&s=1080996551&k=2425&e=oozDWjsrIQoQisvjAEjToKJvNc9PDUgDJ%2F4IeA0NadSwOLBNaiG%2FaEKtSDnGcqAtQRoJh%2BmT4JDvxaahqjsHuWAyeM6tUpZ8DnmSwxpm9HBxGrpRMy2GHIuFDQ66v2%2BYPsbOMbZykArQfrYtG96Qn%2FnE8bchb1BleGOYfW4ZMvjq8Dr%2FKx4pBlAJs%2BVRUTey4GBg9aCdXSLE8JBwoEugNwrrmQeFSUO5dYWoaTIjx5BAn5%2BlwIxxtVED6wxX5wlgSce0QpTKm6WESR3gYEUKjzP3RjvYyGqi6Nj7BaQwS9fyZKWdbF%2BFbz1UjBrpo56Gdsrtty%2FVq1vwNsQLwGsp%2FgSypEqOfLgl8tUvwyK2FhOERuLcqAsxPmVTbJALAJ7fPUfiJI7apkl0hA%2BMdrhDnQJAtmJdCKYyO7IWJX9pelIydC2voVnOdTL8F2MZyYrSRQE6IkuwAGX4bptAwjVZflOqEfzo%2B7zgrLzX%2BxeRM%2B3svYRV4WfUyAZVhAVGTSBGGeHQ9fDGaDU3o8OfMbFrlooIgkmR%2BX%2B12zpRZnSEevFEIC2PP6giOzqhgqgHCMqcnXKWSjqlptqC90Ms59CDnjJs93M8Qtpfi5YVnGT%2ByZqmxvLwaKqQNRKbAhZuquJScxp9OYaCEQk4qG1CibhCR%2FQot2w1btaZ5Sdz6nBaDwnGDRNYhfDzEd9x3nXghVpyK3v%2BZKD9gMC%2BBDtyHayp6AN2tal2siAiMxVKOc1tV698WYyszzOl%2BBNZ9Cw73mkiiyXPqSv0gDfqvBJElSjnnK6DDHPE9Lvw9MaZoWuqxhM5Bd8wFL0ULr3cSznnPQ%2Bl%2F4uTKp7WDE1cAfwiEJU55Ua4HxH%2BlrOmO%2F6k4sWdsB6cqVTRBQWtWhG3WI04%2B8Z4K91528LKcDYajVDDizOUhbdzAuzNH363fk%2FQ37MQLwSkAR5k4UBhJWLUYBt8vOJs1A%2BjqFAdsuCH61H0vvOJoOq8EkSVKOecJn6sQeb7XrADXnoNrKjGtYR3RyFFB1zDWDf4Vn0vkzks0M2JUV0wLtvmCGzjHHIKFiQ%2BaJBfurFLJbqeJQx4N5LJvSETt4SA7hvz3zgxqyse8GHa23BABiCZzQaWQmdsIZ9xuFZgwojuH%2B7Itp%2BcOW%2FvN0nxwBlonEJjJrdKKLj4Qy41XptL3a55utlE%2Bfke5cRnSrSfsDQ5rcrJLZLViV6%2FryL5%2FtlSa8lTaUdGVjIL66c4c%2FL3EMXprev2X%2F%2BN89%2FsypxqLCWoUps3nY9hDsNof3eO%2F3%2FAYip5vHLqQSp5zH8GgGM0SDTsJK9etI%2FmFHMfOr1yfyhPfwdNgCjIdSRi58q%2B8hU6JByvlrRf5oQOYihPXu0UR8etEQgCfFaNKcHlAmxzCBvvKtXSDzAfiB4v7keih75ibvLqO%2FOzbZrumpXUQGO8nPjc29AKRug4nlxtjc1Xo2qmPSnzng4YijTUC9bYl4URs%2BR%2F1v1Nb8EabKCpEo2WSb585O1M895EjfB%2BWliWbiC3Ym6tpZnRE6rKcrVsfdHBPbfodCv57Z7B7py5ocUStdW5S0MqIJEIdT8YmjGVYfarl6VpSO7CdVr%2Ff82KxdJgvsoQ60iublzgUlFavpEoosMyym6pvZTHXt91cGyWhmrMl3opeXhREp6LAFZhZ%2BvwdvSm8wxAd1ITcdphc2hAKP2DS5tzWuH%2FnosAVmFn6%2FDP4%2FgpieJXCDHT9PPl1BAVi%2F%2B3CxrdSeDuNJBO6rTc3eekHx7BW%2F2z5XNkqvxyjQs8mOb6HdEeV5%2F%2Foosz%2B6k936R%2FUJQTkk6TsKNeYlv7jJak1Qy3IyCgvfpaaYVWuv4zORR8CuxXJw28vDhiEXG5YJGydtEnIv%2FUD6OoUB2y4IEG1kOHfZ0KzDCpRXmJZS2dGZLLkqbaxTM5leYxJuGjsJNRBmjasS3MnoTV8sfSNYD6Fim%2BnTOiISbVFS9LgDG08JLSCFw%2B21C8rH8cj9OKBmVFUdy%2BkvVI6BkySsJQ6UVt%2F8Bkp0v4Yc3We3%2FRQBhgfF8Djeaad3H7XJ9CxHfbQ8ZU8NZTD%2FHdoJ8aULDBGWziZkSL9q9jb%2BErRaaF%2B%2B40vSCYpWs5s%2Byyhnl6u6uRBOc1lM3zcFB5WgySx8msCZoVx1ESXr9t%2BRyfqE1kHZ1p46EUvXLrh9RXaAkO9p0f88RsgB7RUALszwfTrkzhlQVecspaIqJ3spr%2FU81PxhWtfSD3d%2FXdqsE2EdtY7KbNe3tDuaTszuhwt4isWCs%2Bu9WarzYwEeg8w1QD74xMRVcHXw7nf0cxAGT3vWz0v1NANMdUmJMDRNs6oYKoBwjKnCHTbEQY7xlWYtwQT7Li3IKlVgRYDZCgixKbAhZuquJSxp%2Fx9KaXa5NDItgJGTbjSY3wflpYlm4gt2JuraWZ0RMABobwG%2BwIjA%3D%3D&mm_sceneid=1_0_1392190029_0&a=xxc%3Dad_ztc%26mi_id%3D0000NjDlHZ72pQJwMCs1Gd8NzOHtNxPmgETbI8lw0hGyzXE%26skuId%3D6083113511915&id=969936816834
857168305960,泡泡玛特sp温度系列汽车中控台车内解压装饰品高级摆件治愈系好物,149,¥,券后价,tb7929473591,啵啵瘦手作,,2000+人付款,河南 郑州,"超级立减10%, 退货宝, 48小时内发, 包邮",表面工艺:纯手工 | 主体材质:卡通,https://g-search1.alicdn.com/img/bao/uploaded/i4/i1/2201401391355/O1CN01mczNYg1LsdgNFniQ6_!!2201401391355.jpg,//item.taobao.com/item.htm?id=857168305960&ns=1&abbucket=10&xxc=taobaoSearch&mi_id=00000w3yQnVfOFdnJRjGpMMGJsOhhyLTojQB9vGsJQsFXB4&skuId=5831668326140
821390669107,泡泡玛特迪士尼限定Molly唐老鸭黛丝400%大娃潮玩摆件MEGA珍藏,496.9,¥,券后价,李超越0922,TOP DOLL 俱乐部,回头客1万,100+人付款,广东 广州,"店铺满299减3, 包邮",款式类型:特别版 | 出售状态:现货 | 系列类型:联名系列 | 品牌:POP MART/泡泡玛特,http://g.search1.alicdn.com/img/i1/1392190029/O1CN01NGMlCs1C5KbJNPcSj_!!4611686018427380301-0-saturn_solar.jpg,http://click.simba.taobao.com/cc_im?p=%C5%DD%C5%DD%C2%EA%CC%D8&s=1080996551&k=2401&e=Ol5hA5DhMNoQisvjAEjToKJvNc9PDUgDJ%2F4IeA0NadSwOLBNaiG%2FaEKtSDnGcqAtQRoJh%2BmT4JCEt5%2Fob%2BRN7GAyeM6tUpZ8oOYL%2FM%2F0e7ZxGrpRMy2GHIuFDQ66v2%2BYPsbOMbZykArQfrYtG96Qn%2FnE8bchb1BleGOYfW4ZMvjq8Dr%2FKx4pBlAJs%2BVRUTey4GBg9aCdXSLE8JBwoEugNwrrmQeFSUO5dYWoaTIjx5BAn5%2BlwIxxtVED6wxX5wlgSce0QpTKm6WESR3gYEUKjzP3RjvYyGqi6Nj7BaQwS9fyZKWdbF%2BFbz1UjBrpo56Gdsrtty%2FVq1vwNsQLwGsp%2FgSypEqOfLgl8tUvwyK2FhOERuLcqAsxPmVTbJALAJ7fPUfiJI7apkl0hA%2BMdrhDnQJAtmJdCKYyO7IWJX9pelIydC2voVnOdTL8F2MZyYrSRQE6IkuwAGX4bptAwjVZflOqEfzo%2B7zgrLzX%2BxeRM%2B3svYRV4WfUyKBRz9RbKCPPXqu6swiTQYQ3o8OfMbFrlooIgkmR%2BX%2B12zpRZnSEevHHbbjO0mjOJIdH93uFOZFjysoeKo4okx7JadtWanzZHLsIQdT%2F1y6zzM3Zf4kgn3aSsjVLJUxhrIYWq2Zva6T37NhwqsVy%2FY1TwpAIJrBTdqjlTpoU9m4NOODnvPKwV468Xize3bINWioPgcYyMP8iZT9T9XvCh7f%2B9PVL0hKgEpdxbKgtvZuWf5IHZvIpHmcQp8pFyWVItJlaJHtPMrbgk9JgD49Ykq2HR%2Fd7hTmRY9UvSTR69m8Y05e%2FyahB7%2FNAcNoCFlIMcOpDO8mZOD3O0OhDQDks8d4144ZEc%2F9y0bxeLN7dsg1a9oPmwM1Ded0FXnLKWiKid7Ka%2F1PNT8YVrX0g93f13arBNhHbWOymzXt7Q7mk7M7ocLeIrFgrPrvVmq82MBHoPMNUA%2B%2BMTEVXB18O539HMQC3y5Mbc4TOk4dH93uFOZFjQJTc%2BDlucLdDPhvI2%2Bb4v%2FJlo3HuXRep882iXPcA1AKn8TvSqZ5xP18T6yBlcWN3BJx3%2FI%2BvYkVfTqa5x18fY4wROKwFezkM8YhJ5L8WERbjZVBEsSg6NaNbI2mpWWaCqf36O3Eq3ABtA117LR0FwujIlVrCnIDs0xNgiZsJQQ2erBQkQ8njVjBjI2u4cPbB0ngtbM4rsadqKX3q11WAXaoxrglJyUWUpXx8latfUWTm1NZP2def0yvdJ%2F3qqxl%2F0NJTR%2BEoqLEa1yv3ZP09gxbtLHLcejrC4y1AoUqDjillMAJAK8OVOLisPYqtxjcbwkyymrRSmsMq2nfO5KIbI5KyNUslTGGsuwhB1P%2FXLrNb9wikfPAVvslp21ZqfNkchharZm9rpPcfz2x7HCq4DCtFM%2B7VCBodglJFaPvzHTbuHNElgn8JDwcOT4Jy4ZrOs0FC5AM%2FtQ%2B66bl2Z5iFkFICcF8KgH2%2FxGaQVUi70u%2F3JShivDKMAp6LVM5YqAL2MziRcZGJWIJF1LEeQBrcurNIf%2B9dJCWynY0MlcdgU93dyaVDe6XxBnE6cqoeyE4jvaqWvdU%2B6mfWUK5DcSOX7IXts8g2hir0nId7csFRDaWDRFjzt%2FhXI9R%2FoidssxNguZrCjlwrNXmZ0y3sHC6d9DAbJUurFz7em4UA%2FcO62bvcgpBA1E78o5nTLewcLp305o8tzobRei0yXvU4LTIt1f%2FSMQASJNTzJ%2BoxFpCRPGPUm6wL8Rxp6cjXJ74FmmANstrx154TCzlkVHEB26SnYF6ziyJoxTQRisbTf%2FrhDdvVwu08%2F6V51kFXLFZmM%2FowSnszKq5eMwZa%2FnAjS%2BdNCEAJ47dABHIxB18O539HMQBQUfhPgfebit%2Bkf1CUE5JOdlA2CMTwt6C%2BOdgbYcJK2JIaMZuDKo%2Bs5gStVe8g4kmbKsJulwIPlSEpNnflJuJ5TwLTMeJZT%2FOX4CE4bSDm9yv6z9p8guk5s%2B68ZtUEDBqY9OknWaOmMiMfOWki4dpIU9psGV9x4cM6KCAnbTJXJ8QFj%2FpiGlYF3Fqj0Q6yZHNLlFkKnwYhTZSOb2vmqbJsHkB0Gt8jMhrjHlcKMw72b70ue%2BxvM%2Bm62E6UUY%2FICQMgjKiA0WB6KWhRo0CF8xsorV%2FcDuaAgi0z8RFTQJX1uEmF6J0VtpRneKp3VvWuF02%2BkyV8fYkFDyQvCHMCIXZ%2FGTiIdnb168lEfWIYV2pc9eptpefR2g8wX%2Fwhw5ALtpDAXdZcEpMMWZCDMRJoZjLU2t8f4qcdxw0Gx1J9gOE25W7nChOMrBPnY4Ke%2BjdpA%2FQ3hsn%2FKWGzmbsIQdT%2F1y6zcMUO39TbYmegEywLzHR%2FTV0qWdaiuu5r02PvHHiZJE2%2BC41KkCt%2B7JTLlJubdUJP&mm_sceneid=1_0_1392190029_0&a=xxc%3Dad_ztc%26mi_id%3D0000tBL5VapPpjBmzaI6wEk2h-E6K2bchLD20ea3ojIuNvg%26skuId%3D5530533092210&id=821390669107
979682416014,POPMART泡泡玛特DIMOO如果今天星期八手办盲盒书桌面摆件潮玩礼物,199,¥,券后价,大肥羊998,POP泡泡盲盒,回头客3万,1000+人付款,广东 梅州,"店铺满10减5, 包邮",款式类型:隐藏款 | 出售状态:现货 | 品牌:POP MART/泡泡玛特 | 商品状态:拆盒不拆袋,https://gw.alicdn.com/imgextra/O1CN01UyPobv2643xpEoigq_!!2663227607-0-picasso.jpg,//item.taobao.com/item.htm?id=979682416014&ns=1&abbucket=10&xxc=taobaoSearch&mi_id=0000xMSF_JLD30Q1FEpI-637CoVC9EDkZXK3qqUax2lwcaU&skuId=5933831900127
1013252274118,POPMART 泡泡玛特 星星人怦然星动搪胶毛绒挂件盲盒手办潮流玩具,93.99,¥,,tb0673212314,嘟嘟潮玩店,回头客7万,500+人付款,江西 南昌,"店铺满799减10, 包邮",出售状态:现货 | 系列类型:联名系列 | 品牌:POP MART/泡泡玛特,http://g.search.alicdn.com/img/i4/3499666437/O1CN01TV0OAc1xQCasmvBgA_!!4611686018427382789-0-saturn_solar.jpg,http://click.simba.taobao.com/cc_im?p=%C5%DD%C5%DD%C2%EA%CC%D8&s=1080996551&k=2413&e=gJ0%2F%2FYr7hrAQisvjAEjToKJvNc9PDUgDJ%2F4IeA0NadSwOLBNaiG%2FaEKtSDnGcqAtQRoJh%2BmT4JBwTHBP8S8XKub3iXZtvuH%2FWmPfooBxF%2FSgpT5KYUoQa4uFDQ66v2%2BYPsbOMbZykArQfrYtG96Qn%2FnE8bchb1BleGOYfW4ZMvjq8Dr%2FKx4pBlAJs%2BVRUTey4GBg9aCdXSLE8JBwoEugNwrrmQeFSUO5dYWoaTIjx5BAn5%2BlwIxxtVED6wxX5wlgSce0QpTKm6WESR3gYEUKjzP3RjvYyGqi6Nj7BaQwS9fyZKWdbF%2BFbz1UjBrpo56Gdsrtty%2FVq1vwNsQLwGsp%2FgSypEqOfLgl8tUvwyK2FhOERuLcqAsxPmVTbJALAJ7fPUfiJI7apkl0hA%2BMdrhDnQJAtmJdCKYyO7IWJX9pelIydC2voVnOdTL8F2MZyYrSRQE6IkuwAGX4bptAwjVZflOqEfzo%2B7zgrLzX%2BxeRM%2B3svYRV4WfUyCvUBYhKUvEpQ5mR56bc3RrILwSRgObDYE5%2Bd9gV4DCxrwTpzF00BC91ch2VHjV3giga51Bp%2BBBpMk4FG6f%2BALDkG6CEaPTD63weDmZ3KMYwOQX6ha4lvGTxmocUpHVLISH228l93qGkoLV%2BYjhXGpmQ8Hef8LqXIDTaJ%2BMRgjRz7gp84Q9L1%2BGB7X3TFHu9gSmBCiG4y9%2F4%2Fj9XAqgsvCbIvAixwOCQ6upch6xsZdnQh5V4q9D0jrWr4YtR14I9vLc51j4OMLQJ5s3ZRxgt1YbEdznPwLAgQv9pX%2F5vRlbr4VxnAqx3MzqiWG5zQOwHuze5w4v4%2BNvs7AMjJnHPLcPx8l6Y6%2Fm%2BIniqd1b1rhdNvpMlfH2JBQ8kLwhzAiF2fxk4iHZ29evJRH1iGFdqXPXqbaXn0doPMF%2F8IcOQC7aQwF3WXBKTDFmQgzESaGYy1LpUpTNe7WuDUQZTvFr%2Bx%2Fh1ch2VHjV3gkL9mcyRAyNeB0JyiDkepr4FdxhPxerm6xOdZpwH3%2FBYJzmk7uotHUgkJjOzQTIhGe2o%2B%2BTCEAA8bzIFwMjtl1%2FPq%2FnAkFaiUMllco9gPOcrkTx2%2F5elUcEJO4ObSfNhrrwR1EAboqVkRCw2pIYf%2F2FN%2Bi9%2BdsDBTUNOoDVqVySm72ODxR56h0eyRoBc7EuxSxCshazO4%2FQ%2B1ANNckLjgPN8tqvuv1StmNPigsdU%2BwGCfrkJgsKczkXCERvePSLjWME6vrdQ3eveX7YJ%2BC%2F7VLCvtFwB%2FOV9N46D%2BHCa8GHTQQT7Kr0XbOxuxwFxbHsWDS9y7DVQ5CK%2B2NNRwTAjvvkvSoBJztj6L%2BQboIRo9MPr8HNPUQor2LwbXn%2F528h0XvGahxSkdUshveNR3iLzcBEQAW1jONCIhUY9bcCT5%2Ffr4x5XCjMO9m%2FqGROJH4kY4ZDwd5%2FwupcgF0VkBhEtpsr9fLubL%2F%2BkkLHhkAIoQgYX%2BUNxAEIrKo%2B%2BC41KkCt%2B7DBRmjVMH9gPs4ROdEvswyP3pCjy4cwsHMnMl%2Frb0CZ0tLDYh4Uffxfiz%2BiMM76tQvSc4efOkuMB6FkO02a2bM%2BE4rWfqGH8z5wZRRHZoqcUB6WbmB4rHMfatSwg4a17nZv8RWWZX8b55s3ZRxgt1YZPKsvBNJyDJsdutw%2F%2BtBd64t3sp44hibHrXyRO0zTe%2FbW47rvQiGh%2Fi4UNDrq%2Fb5ik2gvJ49G%2F9YV0TASSKDqb09GaPhiHekPC8PPZxpFpbwcjgTg%2FY3n1Q7Hg0Bwhyd6qej4npbvQeJbATQ1iAs0WnyQhLV8A0sNDKxrzKdkK4GlpYINsiyugHU6pZolefG56ZN6%2Fw8pS5dWarzYwEeg8Jngzpj65O1ijtYWrTsQUP8AIAQ5oRDWdnlGkDAiTfnn90AKryukxQNRC0ziKeUVUQGc8iFPhH%2FCRcmVXJG6QY6PJZ2k%2FQLmZRtNZiDJE8a3kzRAq%2FbP7g17fL%2BQKKKhU2oQY9oE7Bk%2Fiek6K%2BEPa%2B%2BcqwMkrU4t5%2BKE4a0SNm5eGlUelo1K%2BU8%2BGz%2BbWEviPKnFGJ4%2FPQ8y8KcMhk0tnReRpMpJwrmS1Ifz203EDcMOxplG4YzdL961kEhn%2BYb3vJ7Bmuwhzwul%2BtUUmlwBpvRSbqCNMCpcHLOFukxdkrFTFDQWF2mR9oqFZunBtn84ZGZY1S8svJJ4FXnLKWiKid7Ka%2F1PNT8YVrX0g93f13arBNhHbWOymzXt7Q7mk7M7ocLeIrFgrPrvVmq82MBHoPMNUA%2B%2BMTEVXB18O539HMQBaC8ab3R4giC5tIipH2%2BM2RGNkDH6H0XXf5UkfExIUJRXCDatkTIoGBO%2FHYC17x6UokPnzk1UVRRI3LDI9X%2F4c6Ko59OeMjjY6FAyFDw9Dr82Ld2Q518Mnl85wrECxf%2Bg%3D&mm_sceneid=1_0_3499666437_0&a=xxc%3Dad_ztc%26mi_id%3D0000i8jX9zzdYk0EPyj4mKSGO1DO42Pl23DIMiq_u5HZM6s%26skuId%3D6018135153349&id=1013252274118
955504869558,POPMART泡泡玛特CRYBABY SHINY SHINY系列毛绒公仔可爱娃娃礼物,98.9,¥,,tb7445538986,SUN TOY,,600+人付款,广东 广州,"店铺满199减3, 24小时内发, 包邮",出售状态:代购 | 系列类型:联名系列 | 品牌:POP MART/泡泡玛特,https://g-search2.alicdn.com/img/bao/uploaded/i4/i1/2211802957652/O1CN017vtTcA26OfogYMLOV_!!4611686018427381588-0-item_pic.jpg,//item.taobao.com/item.htm?id=955504869558&ns=1&abbucket=10&xxc=taobaoSearch&mi_id=0000R8eEh-od0dLtgcLWt5c9EbM45Q9ai1u4ytxT3Boi4pE&skuId=5878145484059
1016602472372,POPMART泡泡玛特星星人怦然星动系列手办盲盒玩具公仔摆件礼物,299,¥,,小鸡炖蘑菇46,软糖怪,,72人付款,广东 广州,"48小时内发, 包邮",款式类型:隐藏款 | 出售状态:现货 | 品牌:POP MART/泡泡玛特,https://g-search1.alicdn.com/img/bao/uploaded/i4/i2/1777878553/O1CN017elktu2D3KfcCDQ6g_!!4611686018427381273-0-item_pic.jpg,//item.taobao.com/item.htm?id=1016602472372&ns=1&abbucket=10&xxc=taobaoSearch&mi_id=00006upCvr5nZPCINcPsZdehX1b-VcLduXEhJJaBC-Q6R3o&skuId=6186719134473
756653146799,公仔收藏迷|艾顽潮流泡泡玛特ZIMOMO毛绒搪胶,1153.96,¥,券后价,eileentoys,艾顽潮流iwant,回头客1万,5000+人付款,广东 深圳," 3期, 店铺满398减5, 48小时内发, 包邮, 公益宝贝",出售状态:现货 | 系列类型:联名系列 | 品牌:POP MART/泡泡玛特,https://img.alicdn.com/imgextra/jz3_2/2207971297914/O1CN01N3lHmt28KfVPXORWB_!!2207971297914-0-alimamacc.jpg,http://click.simba.taobao.com/cc_im?p=%C5%DD%C5%DD%C2%EA%CC%D8&s=1080996551&k=2457&e=MNO40pQ68icQisvjAEjToKJvNc9PDUgDJ%2F4IeA0NadSwOLBNaiG%2FaEKtSDnGcqAtQRoJh%2BmT4JCUxGnO%2F8atQ3JWSilfxBfRCY00iM3oOP6gpT5KYUoQa4uFDQ66v2%2BYPsbOMbZykArQfrYtG96Qn%2FnE8bchb1BleGOYfW4ZMvjq8Dr%2FKx4pBlAJs%2BVRUTey4GBg9aCdXSLE8JBwoEugNwrrmQeFSUO5dYWoaTIjx5BAn5%2BlwIxxtVED6wxX5wlgSce0QpTKm6WESR3gYEUKjzP3RjvYyGqi6Nj7BaQwS9fyZKWdbF%2BFbz1UjBrpo56Gdsrtty%2FVq1vwNsQLwGsp%2FgSypEqOfLgl8tUvwyK2FhOERuLcqAsxPmVTbJALAJ7fPUfiJI7apkl0hA%2BMdrhDnQJAtmJdCKYyO7IWJX9pelIydC2voVnOdTL8F2MZyYrSRQE6IkuwAGX4bptAwjVZflOqEfzo%2B7zgrLzX%2BxeRM%2B3svYRV4WfUyCvUBYhKUvEpQ5mR56bc3RrILwSRgObDYE5%2Bd9gV4DCxcP37MpKn2DFRVtpAlK9LKQlVGQ4Y64Y6ZDJxFdq3p1jR9p3sEfbxCUbgmKSYBg%2F0ZBpfusi7Ds33v4Y9XqNDRirHf5ZUiK7omIbkxoKiQtVK69w0keMmGsRvuouukEV5FshEMZXBsR90ycaQvjFMLco1Oxq2qeRXWSsIEtAHSddYCQ7%2B%2B04%2B1rKIqu8qmRxXyLwIscDgkOqsmS%2BmANsCXqppJEhSbqXtUVbaQJSvSylFiBa2wHwqtuIgjFCQ%2FkKgL0LFGZY9uqq5ByOIwkrQaCkSb1gAyGHnWdhowGD8SBPXdeqqZsvZx8ad4y3M4qhcgjRptqcxhXPKgP4xRrekKbh359y9BvfG%2BXn4wLPvad5HsNjOMe0Wwilx7nBdH0tdJNzje8FX0h%2FXv%2FtQ%2BZK7zjg8eITaLRAxhiGL6bPX83gXGYjU4EpvRzkSOX9TW4D6VXCzN3q%2FfKkG0NWTufzvlL60dhxfEUZAFdyWKBQeqBPLm3lel0i%2BpII0abanMYVzvZJ6nRSJNMXnxQQ7ncTOfcGDQsKtM7Vbh04MeQB8bjWJyP4pulJaqxDFzHw2%2Fx6TOSsBrK2SWnKeK1nUjc3VYuZ0APr98WspmZJq9yq7rZDTOyTJHokiT5NbLgC5b4G7IqW4LYiWZ0Ntk%2FVEINuSLq%2F7jDbKoKNQAGw%2FX30qmwZwCKkIXXoPTBYZC7Wqk%2BDu8k6eZSwSMs%2F8F5fQ%2FmMdxUdzC00skSj2uCAEbRWbSqIMTpOL38tFf7IolqNU4HrvGZz4ZWUSezcdUWmp9jU9b3pmLwkX0rdJmIbkxoKiQtVK69w0keMmGsRvuouukEV5FshEMZXBsR90ycaQvjFMLS%2BZ8cS4A1OqWdhowGD8SBO2YbrM4u9Q3EZ%2B7VGD9OMH%2FBkNBTAxHeF86gUK5ETaM48ogTvwV6r%2BKMpfZAufd%2FXYoFUrd1xoIKNuWEJOrz0hR2dwnPNwew10zZvuprxA1DoUDIUPD0OvzYt3ZDnXwycole4trn6O7psyEZcvn0w37iSK5Zak7%2BWPQCXbsy0v2wD4QaEoc9%2Ba7Cd9Jm4CyQT%2FVgFSJ0ykiqAd%2BDaYVsSIIJOit80qaPXQtIUDxTzgjU8O%2FltIeJuWNEiPUUAq%2B2URlRwauxM1Gaje7NpWBRVPx263D%2F60F3q4JpWYStVdMxGVHBq7EzUZWBVPMNosUNczhVytJf2HEKe9PSxPjUYcWYDFxO3gguCvbRjb2BQAfE8zTBXG3Jl3DVM0etTFRr%2F%2F2EMvPPrK7eNNilSg18okmUGQDGMkc7yWpNUMtyMgoPHL49cr1L3OFXt%2BL9%2FFlLXgsH%2FVrX9wS2CRsnbRJyL%2F1A%2BjqFAdsuCBBtZDh32dCpNfhtd8VQOtc6F6Un6MHBC%2BdRmVeBb%2BBR1KhPS94gjJFXlY3vx%2B2ad0SRzLuKzpFPmt%2FbxbcLz3ZXhN6%2FnrKXMamPvE%2BMMxf17fL%2BQKKKhUFyFa%2Bw%2BYEuPiek6K%2BEPa%2B%2BcqwMkrU4t5%2BKE4a0SNm5eGlUelo1K%2BU8%2BGz%2BbWEviPKnFGJ4%2FPQ8y8KcMhk0tnReRpMpJwrmS1Kz6HoVwQuybLOYYyDAyyFnbVYCtWj6MGNOWN3bGaW4fssoZ5erurkQTnNZTN83BQeVoMksfJrAlIii%2FOEegBXvkcn6hNZB2daeOhFL1y64f4mRLKvkVCq%2Fg%2FXeyJXulj7M8H065M4ZUFXnLKWiKid7Ka%2F1PNT8YVrX0g93f13arBNhHbWOymzXt7Q7mk7M7ocLeIrFgrPrvVmq82MBHoPJJT9nnadWP339V7UYrZ5E3h28IyiQJjk2cTrj5VBUwrN4bJ%2Fylhs5n7T0wCXVIHdVQMKrmueeR497%2BGPV6jQ0bT7L%2BMK23naNNj7xx4mSRNvguNSpArfuyUy5Sbm3VCTw%3D%3D&mm_sceneid=1_0_3204345526_0&a=xxc%3Dad_ztc%26mi_id%3D0000IkPk-_2lsn8UkfPPkkHWgQqUVw4zj3xqE87IlYP-ZYo%26skuId%3D6138626591219&id=756653146799
961625319759,POPMART泡泡玛特星星人点亮系列场景手办盲盒潮流时尚礼物摆件,84,¥,券后价,tb160998713,SP正版盲盒店,回头客10万,6000+人付款,浙江 台州,"店铺满39减5, 48小时内发, 包邮, 酷动城",款式类型:端盒 | 出售状态:现货 | 品牌:POP MART/泡泡玛特,https://g-search3.alicdn.com/img/bao/uploaded/i4/i1/2208399554429/O1CN01u8n1wd1iaXG74yNxj_!!2208399554429.jpg,//item.taobao.com/item.htm?id=961625319759&ns=1&abbucket=10&xxc=taobaoSearch&mi_id=0000P6xj9O02w_e5z3xEKr0um7eH4PKRi6FIinx0eKURaY8&skuId=5909285100579
,,,,,,,,,,,,,
,,,,,,,,,,,,,
959507593273,熊玩POPMART泡泡玛特LABUBU前方高能马卡龙3.0拉布布搪胶毛绒盲盒,99,¥,券后价,ashtaki,熊玩,回头客1万,7000+人付款,上海,"店铺满10减1, 48小时内发, 包邮",出售状态:现货 | 系列类型:联名系列 | 品牌:POP MART/泡泡玛特,https://gw.alicdn.com/imgextra/O1CN01Gn9pnH2GVDdMhuljO_!!546339020-0-picasso.jpg,//item.taobao.com/item.htm?id=959507593273&ns=1&abbucket=10&xxc=taobaoSearch&mi_id=0000V0MpaeFIlrKf0XxHImXvjsm5ukWmeU2jdhuFG3DUJrY&skuId=5774890668299
928484766926,POPMART泡泡玛特Twinkle来自星星的礼物系列盲盒星星人二代手办,40,¥,券后价,tb160998713,SP正版盲盒店,回头客10万,1万+人付款,浙江 台州,"店铺满39减5, 包邮, 酷动城",款式类型:隐藏款 | 出售状态:现货 | 品牌:POP MART/泡泡玛特,https://g-search3.alicdn.com/img/bao/uploaded/i4/i3/2208399554429/O1CN01RAWOpM1iaXC2OTjXs_!!2208399554429.jpg,//item.taobao.com/item.htm?id=928484766926&ns=1&abbucket=10&xxc=taobaoSearch&mi_id=0000qV5y1ORAPhf9JpZCQC6SZAcjBTHr3Hlkrfz1qaqAQ14&skuId=5956978839705
899079497775,POPMART泡泡玛特Dimoo World迪士尼毛绒挂件系列手办盲盒玩具礼物,169.99,¥,,tb0673212314,嘟嘟潮玩店,回头客7万,2万+人付款,江西 南昌,"店铺满799减10, 24小时内发, 新品, 包邮, 酷动城",出售状态:现货 | 系列类型:联名系列 | 品牌:POP MART/泡泡玛特,http://g.search1.alicdn.com/img/i1/3499666437/O1CN01I6K1et1xQCaaHz8AP_!!4611686018427382789-0-saturn_solar.jpg,http://click.simba.taobao.com/cc_im?p=%C5%DD%C5%DD%C2%EA%CC%D8&s=1080996551&k=2393&e=yEH8SjyfkMIQisvjAEjToKJvNc9PDUgDJ%2F4IeA0NadSwOLBNaiG%2FaEKtSDnGcqAtQRoJh%2BmT4JDUztkaC%2BxEpub3iXZtvuH%2FCeeiLf%2BaBnugpT5KYUoQa4uFDQ66v2%2BYPsbOMbZykArQfrYtG96Qn%2FnE8bchb1BleGOYfW4ZMvjq8Dr%2FKx4pBlAJs%2BVRUTey4GBg9aCdXSLE8JBwoEugNwrrmQeFSUO5dYWoaTIjx5BAn5%2BlwIxxtVED6wxX5wlgSce0QpTKm6WESR3gYEUKjzP3RjvYyGqi6Nj7BaQwS9fyZKWdbF%2BFbz1UjBrpo56Gdsrtty%2FVq1vwNsQLwGsp%2FgSypEqOfLgl8tUvwyK2FhOERuLcqAsxPmVTbJALAJ7fPUfiJI7apkl0hA%2BMdrhDnQJAtmJdCKYyO7IWJX9pelIydC2voVnOdTL8F2MZyYrSRQE6IkuwAGX4bptAwjVZflOqEfzo%2B7zgrLzX%2BxeRM%2B3svYRV4WfUyCvUBYhKUvEpQ5mR56bc3RrILwSRgObDYE5%2Bd9gV4DCxn2BXqQHMmeA9q9W8kYY5gnDkKYrg20mtfqRo5uwu1by6KVvs7MDPkb%2B7uQqCdnN3lrJ5CEgW7mbw0fXMqJPK6O4J5HzB0nb7eGd6j7zrP%2BmX38ADvjzUycsjOhcD2uV85bRfn0gaA2cKd8X%2FoRn6BlYOBhE1%2FKKIWSsIEtAHSddYCQ7%2B%2B04%2B1rKIqu8qmRxXyLwIscDgkOqsmS%2BmANsCXoL9sEYBS4rqPavVvJGGOYLSDYT3Jp6cHxqPaK0VVvwgb7ufDiec33EXUp5poHllzULIPJnTe8Mm9taidnJ2TYkZljVLyy8kngVecspaIqJ3spr%2FU81PxhWtfSD3d%2FXdqsE2EdtY7KbNe3tDuaTszuhwt4isWCs%2Bu9WarzYwEeg8w1QD74xMRVcHXw7nf0cxALfLkxtzhM6T0ib9rIlPETbH9YryZI3wOkM%2BG8jb5vi%2FqC2Z8uNJKVs3iuTVTKZjP6fxO9KpnnE%2FRDl%2Ftgh5UEBG5Ui%2Fi9fGQE3ab%2BaDeZhnjBE4rAV7OQzxiEnkvxYRFuNlUESxKDo1o1sjaalZZoKp%2Ffo7cSrcAG0DXXstHQXC6MiVWsKcgOzTE2CJmwlBDZ6sFCRDyeNWMGMja7hw9sHSeC1sziuxp2opferXVYBdqjGuCUnJRZSlfHyVq19RZCp1kemUZG6gBtoACg6MDm7Q0lNH4SiosRrXK%2Fdk%2FT2DFu0sctx6OsLjLUChSoOOKWUwAkArw5U4uKw9iq3GNxvCTLKatFKaw1Jtt46rcgedLhpoiXTRnsy6SBQ0IqKrrkz8Vx372jj8rf%2FT7Da%2F4J%2FiN%2F9DrHC%2FoRRKHg7LoCJ08mw3UfPMLvU%2BphhoOpsyqO4c0SWCfwkPBw5PgnLhms7jEhZRlwkbAcyzeZgEHdFsB1D3%2FhLm9XFFX1ZW%2FaOTYPclKGK8MowCnotUzlioAvYzOJFxkYlYgkXUsR5AGty6s0h%2F710kJbKdjQyVx2BT3Z2yRfv0T6aZwl3%2BJr7VOFJMqGMwRBR4hrXdShLreRIIg4IatAgyaGHcTodqYri9kmv2jZE0uKSQ6D7bNbrnU%2BzQ%2B9qHyRnGOQuOFtn%2FuyoioGD4mOOKMDnHbrcP%2FrQXevbOhRUzHMQAC44W2f%2B7KiI3etYvWyZvUTOFXK0l%2FYcQp709LE%2BNRhxZgMXE7eCC4K9tGNvYFAB8TzNMFcbcmXcNUzR61MVGv%2FOCaPmcBb8IHBeXsXFjL0eC6SW9mJDgNJak1Qy3IyCg0V1626TGUWxqGc%2FbXj7xYF0RqzEXURy6YJGydtEnIv%2FUD6OoUB2y4IEG1kOHfZ0K1NMILK%2BaxTm5e2FGkjjbmb51GZV4Fv4FHUqE9L3iCMkVeVje%2FH7ZpzLOgj1v7GRK%2Ba39vFtwvPdd1peT1maoYbOtBd%2BhMTvCVfXsn3t2%2FCXR64mPGgnBPQEkxRQNVWPtLZUryCiKdftzNfJailuRqUknL4tTrcNrEYDSAfO53ux%2FfHtNY2w0%2Fo3ALsW9nn9Tmf%2FmGlsyILA4TVJzI6VbzDp%2F0BkHcP4n7hzRJYJ%2FCQ8%2BN2xlFvyVJ3ISXFJLFs3QhJHSgTog6oOYv3hm3MT94smFq5Ldx5hZ4HJZkpN01gOvjXoUSJeHCNh4ogpgVwFpr03mDBvYp%2Fts%2FLjqJ6Yuzfx9dFKa5RMH1jVnQ%2FNNosVL4yuQCAT23tme%2FWvf27Hf1A%2BjqFAdsuA6Ec8SH1QM2b%2B9plyCEdMTwSt%2B1b695esOmggOmuQzKAuOFtn%2Fuyoinb%2FNaJdwR%2BBaEwyNfu23JGru4k4aa36HghzNW6Nya0O%2BREmAkb%2BVUyX8qMRHeVLVnotUzlioAvZKw9gK2pAuPQ%3D%3D&mm_sceneid=1_0_3499666437_0&a=xxc%3Dad_ztc%26mi_id%3D0000kRuZ76O9rzngCx8GXr-6ODHYuEOlYgcaXWbKdqSbg9I%26skuId%3D5921273015523&id=899079497775
923369456239,现货POPMART泡泡玛特 123星星人系列手办盲盒可爱玩具礼物,71,¥,券后价,帅帅的阿冬美美的你,三心潮玩 只卖正品,,4000+人付款,浙江 杭州," 3期, 店铺满70减2, 48小时内发, 包邮, 公益宝贝",款式类型:隐藏款 | 出售状态:现货 | 系列类型:联名系列 | 品牌:POP MART/泡泡玛特,https://g-search3.alicdn.com/img/bao/uploaded/i4/i3/2965799936/O1CN01BidbX62NGkPZOVURA_!!2965799936.jpg,//item.taobao.com/item.htm?id=923369456239&ns=1&abbucket=10&xxc=taobaoSearch&mi_id=0000larTrccxsxCAVmlcCtAHhOcfj0_teyx19uqq7eTzjCM&skuId=5966972563189
997397752193,POPMART泡泡玛特123！星星人系列三代潮流时尚礼物摆件手办盲盒,70.9,¥,,077lh,TOP ONE潮玩聚集地,,200+人付款,湖北 武汉,"48小时内发, 包邮",款式类型:隐藏款 | 出售状态:现货 | 品牌:POP MART/泡泡玛特,https://g-search1.alicdn.com/img/bao/uploaded/i4/i3/2796191444/O1CN015i1r421MXP1d1mTn4_!!2796191444.png,//item.taobao.com/item.htm?id=997397752193&ns=1&abbucket=10&xxc=taobaoSearch&mi_id=0000Iix_yW4HDpcbys2rfbPmlS-y9APOSmbzTJ9s6-quQno&skuId=5976138224939
989301162166,POPMART泡泡玛特CRYBABY Vacation Mode On系列搪胶毛绒公仔礼物,99.9,¥,,tb7445538986,SUN TOY,,1000+人付款,广东 广州,"店铺满199减3, 24小时内发, 包邮",款式类型:隐藏款 | 出售状态:全款预售 | ACG作品名:K | 系列类型:联名系列 | 品牌:POP MART/泡泡玛特 | 选购热点:淘公仔,https://g-search3.alicdn.com/img/bao/uploaded/i4/i4/2211802957652/O1CN0114hykg26OfnP8o6m5_!!4611686018427381588-0-item_pic.jpg,//item.taobao.com/item.htm?id=989301162166&ns=1&abbucket=10&xxc=taobaoSearch&mi_id=00002yui3tYGlXWVkYrS63MtENEngsvuPTVZHCx6czIAV2c&skuId=6122178230522
900201552072,POPMART泡泡玛特星星人我们都是星星人系列毛绒盲盒小幸运小哈欠,59.9,¥,,李超越0922,TOP DOLL 俱乐部,回头客1万,9000+人付款,广东 广州,"店铺满299减3, 48小时内发, 包邮, 公益宝贝",款式类型:端盒 | 出售状态:现货 | 系列类型:联名系列 | 品牌:POP MART/泡泡玛特,https://g-search1.alicdn.com/img/bao/uploaded/i4/i1/2660786779/O1CN01OlJ5ds1zwq3IQqQJT_!!2660786779.jpg,//item.taobao.com/item.htm?id=900201552072&ns=1&abbucket=10&xxc=taobaoSearch&mi_id=0000v-nc_IEh2DK4GTRSXD3fN7Wi1NN337UQPbfVigONXBg&skuId=6015374648317
802217676592,POPMART泡泡玛特正品 ZIMOMO大首领大天使搪胶毛绒公仔,449,¥,券后价,tb621562613,MMV TOY,,500+人付款,广东 惠州,"店铺满599减3, 退货宝, 包邮, 公益宝贝",出售状态:现货 | 系列类型:联名系列 | 品牌:POP MART/泡泡玛特,http://g.search.alicdn.com/img/O1CN01PDYO5P1jktrmds2N0_!!4611686018427384779-0-item_pic.jpg,http://click.simba.taobao.com/cc_im?p=%C5%DD%C5%DD%C2%EA%CC%D8&s=1080996551&k=2401&e=%2FcVf9OY%2B%2FFMQisvjAEjToKJvNc9PDUgDJ%2F4IeA0NadSwOLBNaiG%2FaEKtSDnGcqAtQRoJh%2BmT4JDV9R9QCyYMp7nQg%2FodJOixik2%2FJ7HJWH%2BgpT5KYUoQa4uFDQ66v2%2BYPsbOMbZykArQfrYtG96Qn%2FnE8bchb1BleGOYfW4ZMvjq8Dr%2FKx4pBlAJs%2BVRUTey4GBg9aCdXSLE8JBwoEugNwrrmQeFSUO5dYWoaTIjx5BAn5%2BlwIxxtVED6wxX5wlgSce0QpTKm6WESR3gYEUKjzP3RjvYyGqi6Nj7BaQwS9fyZKWdbF%2BFbz1UjBrpo56Gdsrtty%2FVq1vwNsQLwGsp%2FgSypEqOfLgl8tUvwyK2FhOERuLcqAsxPmVTbJALAJ7fPUfiJI7apkl0hA%2BMdrhDnQJAtmJdCKYyO7IWJX9pelIydC2voVnOdTL8F2MZyYrSRQE6IkuwAGX4bptAwjVZflOqEfzo%2B7zgrLzX%2BxeRM%2B3svYRV4WfUyCvUBYhKUvEpQ5mR56bc3RrILwSRgObDYE5%2Bd9gV4DCxjG76fMsZat%2BzfIQWMx95C01XMlJS1JZW71Iq6FUnvuVd6J30zjACbnAthRxXl0hLb0bV7ESMJ%2FSMG1YNOUXDjSSw%2BH%2Fs4ss2tLwsj5RFIEw6S1QeVuRkWdhrZhz5Bv7GGVI8ZjqiCFta48v6XL%2FGKx5E2G1ujMQxWSsIEtAHSddYCQ7%2B%2B04%2B1rKIqu8qmRxXyLwIscDgkOqsmS%2BmANsCXpM66URO0fs3s3yEFjMfeQsBGxDxlt9CmV51SxF4B1zgkosJPxiX2XqTUAJCDnm%2Bf3x%2BOKLylccfnCif3zFen9XqHh%2FDmMc0tKUFXzajccjq5PPrwxVWbzTk5h2cWoabp5jxGl2E%2FtKGrG7ZoqN8N%2FxXpqer4WHP8DSkaqTHwpnE736hjjHSH1SArejyUsh%2BF3se4Dwt2qEHPfLNYq5q2BonhLqMbpjVt4Bu3lp6%2Blge9LQRCB83UyUoGh%2BLWPz8cQLDsaj31%2BzpT%2BZZ730ZU%2BxmMOjgTT6zpNtm6JvUIYXrBzL1pT%2FAw0Hti7mAAJozIbUZ1SC%2B5FU6YOoOPoXThuw6YtGQs3fLfOq1gADW9GAHwt%2BIXjjFELN3im6ohpc92I8Ls%2FyjO9gFsGy8OrHEDX4q8MPbGBjOuoweJ4hu3tITOTPhO%2FAarC3jvpquoEndjNoJjAls3HlAS9VMPdaVTfQjq94OgChHZH%2BBcsijoVTnxB5HuPGzcMmdUmVIm42TYjMamuqAm260VnJ2lYyPkzd1RVnMxg50P5kiLl6lE0VDVHOyVsL85diXCTpVNr0OuquB0rSzSfTzTbnMzM2jC2zclCX8oc3qCk8DUnCX7s%2BxxBH25CT9ctfe9%2FUOq5HJOrqwantO85CcWms7eik9ZRNETns4LQAqZoYLOsU7gXQgyFSUOsjGaBFa48v6XL%2FGK4HlhVSgQz2f486REh2l2FZ%2BJbf11y81H8L9LOCe3uErVF8r3rWu457brWe6leIRrOUzcewnU1k2hNbr8Zu%2B4WttuHPOM8uiAtXPfGOV6bJL0X2GDGsQlUBYkBRZrdbDTX8TxWAK7x7F5uLZAMSeqzplcuRtOZmgFQiuPFwZmfT5Ufh%2Fzx48KnXZ6hMpybtcKUfVTnlDb45HCK48XBmZ9PlR%2BH%2FPHjwqddLgXhoQmsNMnXvCXBcXFIStDc83lC1Yp58JwHK2s3vLuUhP4RBgvATo9QLMG1nUnTW%2FeWU5OqAQuOotQYr%2FQoXu%2FpzdJjx8%2BsOLIKgKrZkNxsKoSUIUI9zgkDm22bmF4qTX8TfLe7Zu55%2F5jcxxCro3ZjQgbpJ7cCRPi1mx2e1Oq%2FkDjloSo8sct3zhgRDel5zWjkeCs3lUMzmV5jEm4aOwk1EGaNqxLULu3%2Ff5nJ59gPoWKb6dM6IhJtUVL0uAMbTwktIIXD7bULysfxyP04oGZUVR3L6S9UjoGTJKwlDpRW3%2FwGSnS%2FhhzdZ7f9FAGGB8XwON5pp3cftcn0LEd9tDxlTw1lMP8d2gnxpQsMEZbOJmRIv2r2Nv4StFpoX77jS9IJilazmz7LKGeXq7q5EE5zWUzfNwUHlaDJLHyawJSL7rArwoR%2FT5HJ%2BoTWQdnWnjoRS9cuuHcf75eJBRwrEl8pYQ5F%2FacOzPB9OuTOGVBV5yyloioneymv9TzU%2FGFa19IPd39d2qwTYR21jsps17e0O5pOzO6HC3iKxYKz671ZqvNjAR6DzDVAPvjExFVwdfDud%2FRzEAp0Cdia7K%2BmT%2BzmlHzncLb1eQrPh7TFdjzp4eXDiySvPl3z8WTErMvIAq9u9%2FHg5GF7PXH1d6h14PtYqMOu%2Fc9kMi2AkZNuNJjfB%2BWliWbiC3Ym6tpZnREwAGhvAb7AiM&mm_sceneid=1_0_6575436378_0&a=xxc%3Dad_ztc%26mi_id%3D0000HnUTiq7KiLUPuclAPKXv8zdowcW7gUe11EOt0RQpM60%26skuId%3D6121102159168&id=802217676592
1013370594385,POPMART泡泡玛特星星人怦然心动系列盲盒新品手办周边情侣礼物女,68.9,¥,,tb6758051490,泡泡潮玩 只售正品,,100+人付款,浙江 杭州,"退货宝, 48小时内发, 包邮",款式类型:隐藏款 | 出售状态:全款预售 | 品牌:POP MART/泡泡玛特,https://g-search2.alicdn.com/img/bao/uploaded/i4/i4/2210537658161/O1CN01m8DAFN2A9nPYETSc9_!!2210537658161.png,//item.taobao.com/item.htm?id=1013370594385&ns=1&abbucket=10&xxc=taobaoSearch&mi_id=0000yjoLAFuAsO1wWo5CNYulgrAH5SfPKpGIwCm_acvlmIk&skuId=6183528467925
842901919258,泡泡玛特Hirono 小野小王子联名系列盲盒手办潮流玩具情人节礼物,16.5,¥,首单价,tb5969030_2011,百分百正品盲盒商城,9年老店,4000+人付款,广东 佛山,"直降2元, 店铺满30减3, 48小时内发, 包邮",出售状态:现货 | 系列类型:联名系列 | 品牌:POP MART/泡泡玛特,https://gw.alicdn.com/imgextra/O1CN01KDaWh420FcHdNnky5_!!732276820-0-picasso.jpg,//item.taobao.com/item.htm?id=842901919258&ns=1&abbucket=10&xxc=taobaoSearch&mi_id=0000sSroejCfvq0-f0UCFpV-oDb_NilGxyBpywtW3dePXBs&skuId=5897288927233
985748367834,POPMART泡泡玛特十五周年盲盒 庆祝这一刻手办潮流玩具摆件礼物,30,¥,券后价,林下之夕rea,UR TOY盲盒商城,13年老店,400+人付款,广东 佛山,"店铺满29减3, 48小时内发, 包邮",款式类型:端盒 | 出售状态:全款预售 | 系列类型:联名系列 | 品牌:POP MART/泡泡玛特,https://gw.alicdn.com/imgextra/O1CN01DqreoZ1wpYuAbQHJC_!!524736357-0-picasso.jpg,//item.taobao.com/item.htm?id=985748367834&ns=1&abbucket=10&xxc=taobaoSearch&mi_id=0000QkIpDtfx0PdQkuwI3x_JWW0v60MCS69_7Plz13_ufys&skuId=6117553683684
967447463488,泡泡玛特SKULLPANDA光织园系列搪胶潮玩手办永生花花盒七夕礼物,332,¥,券后价,肖寒1112,GRENLUS格琳露丝,8年老店,67人付款,湖北 武汉,"官方立减12%, 包邮",,http://g.search2.alicdn.com/img/i2/124819861/O1CN01PDoI6d2MiOinUSGYa_!!4611686018427386261-0-saturn_solar.jpg,http://click.simba.taobao.com/cc_im?p=%C5%DD%C5%DD%C2%EA%CC%D8&s=1080996551&k=2369&e=tkJ1M%2BQV93UQisvjAEjToKJvNc9PDUgDJ%2F4IeA0NadSwOLBNaiG%2FaEKtSDnGcqAtQRoJh%2BmT4JBbTPiIimWU0HZcpy1DjT%2BnqVvz9O0daJ9xGrpRMy2GHIuFDQ66v2%2BYPsbOMbZykArQfrYtG96Qn%2FnE8bchb1BleGOYfW4ZMvjq8Dr%2FKx4pBlAJs%2BVRUTey4GBg9aCdXSLE8JBwoEugNwrrmQeFSUO5dYWoaTIjx5BAn5%2BlwIxxtVED6wxX5wlgSce0QpTKm6WESR3gYEUKjzP3RjvYyGqi6Nj7BaQwS9fyZKWdbF%2BFbz1UjBrpo56Gdsrtty%2FVq1vwNsQLwGsp%2FgSypEqOfLgl8tUvwyK2FhOERuLcqAsxPmVTbJALAJ7fPUfiJI7apkl0hA%2BMdrhDnQJAtmJdCKYyO7IWJX9pelIydC2voVnOdTL8F2MZyYrSRQE6IkuwAGX4bptAwjVZflOqEfzo%2B7zgrLzX%2BxeRM%2B3svYRV4WfUyBajR0UHaz5qjKejc7O32603o8OfMbFrlooIgkmR%2BX%2B1MaAPwdFVt4%2Fa%2BIb8CYMRE5ZPd7cak4jIMYJiZOy4xR3HtK9noA5OLlIxfPMYksMik5U0HJU1m27OW5XGEf7h5lL7kn4XZgCLq0Vz7K5z82fhXaer7AeugHnHqETA55qz9exJjG%2Bt9d1OTmIwtdyqvU4L%2FboT0KGQz0lmESKQWM%2F%2B9PVL0hKgEpdxbKgtvZuWf5IHZvIpHmcQp8pFyWVItJlaJHtPMrbgXoa4nw4HCvSWT3e3GpOIyIo%2Fq35Am7CuxGuN7ay4Avw4ZeTHlLXL1A3uTE73QEXRhgXeODkFEmo144ZEc%2F9y0U5OYjC13Kq9tEFbzXtWpAKlBV82o3HI6uTz68MVVm805OYdnFqGm6eY8RpdhP7Shqxu2aKjfDf8V6anq%2BFhz%2FBuCaKglneQfIxqfPe4uFtom0hBwPlu077vgSm2Y550fqYGNNnpF6nug7cp3An31PHHJFwZVm26%2Btu3ZUwGM60tLcwZSGZjMilOTmIwtdyqvQzot6niXaswHd4PnjesS4A4eQzH5mFRuVTdCrCQH9yQ5SP7Ges6sn5Z3hGSVSQWJ5vwn%2FtP%2B79uLqVUcJLGmd1iYuI%2BvvfCTS93h74INO47tdMJ%2FZRWjVNej4mg0zB8OpCOdJK1jJvL8g6tAtmH9bia%2BU58LWZ9roZRRiqGqERuFYksdlyWNggtrGZTFysLR17l5c9S7NMa2gg%2F%2ByqjXrb%2FmnL7H2nziA3Tr8NYVeXVB3i%2Bpo0370M%2FEduLHUqI4mHQ1KOLJ65NzAsbSR%2FkjEHLoJEam0Ur%2FPleG8Fyl%2BMuzXmJi4s8beDN05TZQ%2FnpiAJnrPPH3Fgw%2BI7ILM%2B3Q%2FWFTwBPdC%2FvnsM%2Bj1qE8Uvf7LKGeXq7q5H9mpZUIkmVOlIxfPMYksMinivQWUkuHhMCjuMs6rR21Y8%2Bh%2BN7vEmShkr5HvndpzSOodh7CHGREV1gOYKrIeJ7WqOVkW4DDS140j%2FXg2Rgc6XBTBBYuIS0Nh4FaQzX68CxV0LzrESd%2FC5WzXoTuURwg7oKDJcvIv%2BrBG%2Bb5PJEMWeaXRKp6E1byTSJIZ4aTgEy7NT%2BlK%2BXHA6iyyjOc3ux74EptmOedH4U2jHvUxtrW8dutw%2F%2BtBd6Cf2B1cNLWSDvgSm2Y550fsZro1W8y8GxM4VcrSX9hxCnvT0sT41GHFmAxcTt4ILgr20Y29gUAHxPM0wVxtyZdw1TNHrUxUa%2F0Qre7A%2BK4VBU851Oew5xVMOLIKgKrZkNxsKoSUIUI9w1qe6MoX2vH91MMtEQBjr6tCB24t7CIf%2BX51%2FGwRfC9Au8XOJBpy1Kt6cL%2FDxPiaYeriZ4UAWqU7452BthwkrYkhoxm4Mqj6xsAJ1MPKSMTpsqwm6XAg%2BVISk2d%2BUm4nmBZj%2BGQUoR55fgIThtIOb3Xfaiw8TQknez7rxm1QQMGpj06SdZo6YyIx85aSLh2khT2mwZX3HhwzooICdtMlcnxAWP%2BmIaVgXcWqPRDrJkc0uUWQqfBiFNlI5va%2BapsmweQHQa3yMyGuMeVwozDvZvvS577G8z6boIveH7MyKdB%2BfrKjriw8DmaFGjQIXzGyitX9wO5oCCLYqe6FBvj9w8xIYc30Lsh3NfHag7jPMiEa9N5gwb2Kf7bPy46iemLs38fXRSmuUTB9Y1Z0PzTaLFS%2BMrkAgE9t6ZxmK4iAYnbAb2M3sVU6h9gPcofSMK4NKUx9x92gqA9PsyGCCpESCB666HRagz0W67n9sRlU2KqfleG8Fyl%2BMulNYKNx39x1apo8dUUJ0JzmF%2BKURPTQjL5mXfH7RhJeVa7d0igNzkKcmXqmo5r9C0&mm_sceneid=1_0_124819861_0&a=xxc%3Dad_ztc%26mi_id%3D0000iJyPUyiJYxUncId4JfBYYVxERfvxVRWwfD-VJemgAj8%26skuId%3D6081235066348&id=967447463488
969182873262,POPMART泡泡玛特 王者荣耀峡谷萌新-峡谷感谢季系列盲盒摆件手办,55,¥,券后价,tb160998713,SP正版盲盒店,回头客10万,2000+人付款,浙江 台州,"店铺满39减5, 48小时内发, 包邮, 酷动城",款式类型:隐藏款 | 出售状态:现货 | 品牌:POP MART/泡泡玛特,https://g-search3.alicdn.com/img/bao/uploaded/i4/i4/2208399554429/O1CN01gsulSW1iaXGDIBI5K_!!2208399554429.png,//item.taobao.com/item.htm?id=969182873262&ns=1&abbucket=10&xxc=taobaoSearch&mi_id=00008FHXs1S-Kh3y1slggXAivRGRr5oDymFpZVKYrNUos98&skuId=6081894414739
979407948614,POPMART泡泡玛特星星人美味时刻系列手办盲盒玩具桌面摆件礼物,65.5,¥,券后价,tb160998713,SP正版盲盒店,回头客10万,3000+人付款,浙江 台州,"店铺满39减5, 包邮, 酷动城",款式类型:隐藏款 | 出售状态:代购 | 品牌:POP MART/泡泡玛特,https://g-search3.alicdn.com/img/bao/uploaded/i4/i3/2208399554429/O1CN01ymq2l01iaXGdbGWQ5_!!2208399554429.png,//item.taobao.com/item.htm?id=979407948614&ns=1&abbucket=10&xxc=taobaoSearch&mi_id=0000p6nTipHz6BQMZqAFOlKICzAZrf6RNs5xM5iFEiXHI2c&skuId=5933355460530
,,,,,,,,,,,,,
1008422949192,dimoo泡泡玛特限定时光系列发光沙漏水晶球盲盒,125,¥,,陈世元200031,C crush潮玩,,400+人付款,湖南 长沙,"48小时内发, 包邮",款式类型:隐藏款 | 出售状态:现货 | 系列类型:联名系列 | 品牌:POP MART/泡泡玛特,https://g-search1.alicdn.com/img/bao/uploaded/i4/i3/2826997837/O1CN010dTE5t27lP59fT1NE_!!2826997837.png,//item.taobao.com/item.htm?id=1008422949192&ns=1&abbucket=10&xxc=taobaoSearch&mi_id=0000xNSH4eemXoRgAWdixrDXYZaFQbMrnyuP-BrhniJj7L0&skuId=6005162868873
862615290027,POPMART泡泡玛特LABUBU3.0可口可乐系列搪胶脸潮玩盲盒摆件礼物,142.9,¥,,tb7445538986,SUN TOY,,5000+人付款,广东 广州,"店铺满199减3, 24小时内发, 包邮",款式类型:隐藏款 | 出售状态:现货 | 系列类型:联名系列 | 品牌:POP MART/泡泡玛特,https://g-search3.alicdn.com/img/bao/uploaded/i4/i2/2211802957652/O1CN01vaeXf226Ofn7BeFOc_!!4611686018427381588-0-item_pic.jpg,//item.taobao.com/item.htm?id=862615290027&ns=1&abbucket=10&xxc=taobaoSearch&mi_id=0000eVf1F2fXJLRPJhtHr0THOi488NOJ1ClI0wZ8t3oIE00&skuId=5850599686695
973381190590,POPMART泡泡玛特星星人随行杯暖壶杯吸管杯双杯礼盒,185,¥,,菲玩捕客的秘密,菲玩捕客的秘密,,7人付款,广东 广州,包邮,出售状态:现货 | 系列类型:联名系列 | 品牌:POP MART/泡泡玛特,http://g.search3.alicdn.com/img/i3/7656947776/O1CN01KbxeGx27JSvJixCbZ_!!4611686018427379776-0-saturn_solar.jpg,http://click.simba.taobao.com/cc_im?p=%C5%DD%C5%DD%C2%EA%CC%D8&s=1080996551&k=2413&e=xFSd8BOu7WAQisvjAEjToKJvNc9PDUgDJ%2F4IeA0NadSwOLBNaiG%2FaEKtSDnGcqAtQRoJh%2BmT4JDhngQ8PQZ9J7Fs1vGiFP3qU82PDSzYVmBxGrpRMy2GHIuFDQ66v2%2BYPsbOMbZykArQfrYtG96Qn%2FnE8bchb1BleGOYfW4ZMvjq8Dr%2FKx4pBlAJs%2BVRUTey4GBg9aCdXSLE8JBwoEugNwrrmQeFSUO5dYWoaTIjx5BAn5%2BlwIxxtVED6wxX5wlgSce0QpTKm6WESR3gYEUKjzP3RjvYyGqi6Nj7BaQwS9fyZKWdbF%2BFbz1UjBrpo56Gdsrtty%2FVq1vwNsQLwGsp%2FgSypEqOfLgl8tUvwyK2FhOERuLcqAsxPmVTbJALAJ7fPUfiJI7apkl0hA%2BMdrhDnQJAtmJdCKYyO7IWJX9pelIydC2voVnOdTL8F2MZyYrSRQE6IkuwAGX4bptAwjVZflOqEfzo%2B7zgrLzX%2BxeRM%2B3svYRV4WfUyBajR0UHaz5qjKejc7O32603o8OfMbFrlooIgkmR%2BX%2B12zpRZnSEevFEIC2PP6giO5qBMpJo3HIjSiMUfi9%2FtsBoIihfqh%2FEtkX0Gr2oNHvhf0h%2BZ4gF3EJsgH1wSb7AeJBQG3NZhRggLfkf7fh8wmzPPPMq%2BVeEYUcupB9qeZPX8yIzRfs2KL%2BfnP9h9DF4zvUhxUp9l25DtBKVEYBofPi%2BBDtyHayp6AN2tal2siAiMxVKOc1tV698WYyszzOl%2BBNZ9Cw73mkiiyXPqSv0gDf%2F85Vo7%2FErtv6bKpxsuBaxNm%2BNHpknmJNCCsaYFKs1dbyFKCcxzjH%2FHEzM98sB%2BoOwj8d81RRgzqKPMArNG%2BHNNfqXcIFce4S4d%2BfcvQb3xvl5%2BMCz72neR7DYzjHtFsIpce5wXR9LXSTc43vBV9If17%2F7UPmSu844PHiE2i0QMfvjcG42OQ4h1ZqvNjAR6Dw8JJS%2BfU0KO9tV5abf2bti4eEgLENHcqGMUVGGEWQKgfCw%2F9N%2BXVB3IthlwZgZpzyQMBpFj7gb2f1Dt6T81sFLxGVE5yQuuLYnYiT%2FJDOyHqqStri8%2FFtRUVNLk%2BObSkGx1q69dpRyDKuEfaKcGJY3LKjRBg84vgTjwBngGgsS69Wowuyo2XZRTE%2BRjlMUwy%2FvxVROPojIZ9x%2Bj4GSBqSs8zaMDvJLP8Ibv58AALljiLVLF%2Fz5kP0FEMSBoxBwNSP1Io3nut%2BHs6ThgeULsaRE0B%2BMuKbMW8vOsT4SxHq3SVmomvqiGasPdYCRA5fnfjE9dQ6KnuFBSo3O19to%2BtwTxOpNjZhxiykisx9K7mW1Ac888yr5V4RhRy6kH2p5k9fzIjNF%2BzYov5%2Bc%2F2H0MXjO9SHFSn2XbkOjR59LK14NPqCe%2BR5vBDZyQfY48mX2nbh86gUK5ETaM48ogTvwV6r%2BWEGndimv%2B5dtKTzXpO2WqwyWOvnuppElD%2BuNM6qLw3mrBPedQSWBezoUDIUPD0OvzYt3ZDnXwycole4trn6O7psyEZcvn0w37iSK5Zak7%2BX8P7WaU3uhzJA4i4hkfsKYiPNRViRDn5HChyiniA6Dh%2BDNSNWIRYT%2F6y6XegF5s6oaYVKEy5AiXuP28IY8x4WLJHdr%2B71XQiFOv28mjje9sfmNOwijkMh5czWc2F9pCTmKV91NCdmBkU6%2FbyaON72xRKciMZveKDBXOM0OzkBAwyDOWKwQGJ%2BFvS3zJ0OoYifmQUBDsyAn%2FF%2BRo%2BjO71wn88xwFE2kTEeFjwJP1QwoIAPE0j7%2Bk4luEEQDIJQVvK0NTmJrzdwVpex3Jsi8lK6Er3NpcvGvgXN1g9yB2EC0ejRutCa9BulGaPv%2BRnhNXsv3x4EOQh2tkEbuKutQvZMEDRG9lFGZqVUaWxGpB34juL452BthwkrYkhoxm4Mqj6wgwisboTQs1Zsqwm6XAg%2BVISk2d%2BUm4nlPAtMx4llP85fgIThtIOb3K%2FrP2nyC6Tmz7rxm1QQMGpj06SdZo6YyIx85aSLh2khT2mwZX3HhwzooICdtMlcnxAWP%2BmIaVgXcWqPRDrJkc0uUWQqfBiFNlI5va%2BapsmweQHQa3yMyGuMeVwozDvZvvS577G8z6brYTpRRj8gJA0gbiD5S2oWtaFGjQIXzGyitX9wO5oCCLZFVZ3uf%2B05lDtsz0XDJ7SV4qndW9a4XTb6TJXx9iQUPJC8IcwIhdn8ZOIh2dvXryUR9YhhXalz16m2l59HaDzBf%2FCHDkAu2kMBd1lwSkwxZkIMxEmhmMtSuKxVoy0xn6Lh2IshJkag%2BFIF7jM0oEB9xFPmcY%2Fa0njeGyf8pYbOZRfQavag0e%2BEZnykEs6eVz0cNFeJhBizzUsrVDzjThLDTY%2B8ceJkkTb4LjUqQK37slMuUm5t1Qk8%3D&mm_sceneid=1_0_7656947776_0&a=xxc%3Dad_ztc%26mi_id%3D0000Ucv6KV_dCEF_t-haAtRSMbdyccP6vvt2u-iHPPm2EUc%26skuId%3D5980966148814&id=973381190590
953536514279,POPMART泡泡玛特Nyota四季时序系列手办盲盒松软生活玩具礼物摆件,71,¥,首单价,谭梓琳lin,欧巴手办盲盒,回头客8万,1000+人付款,广东 佛山,"直降4元, 店铺满500减5, 包邮, 酷动城",系列类型:联名系列 | 品牌:POP MART/泡泡玛特,https://g-search2.alicdn.com/img/bao/uploaded/i4/i2/2580405343/O1CN010E8CZ61pL9FpcRKaO_!!2580405343.png,//item.taobao.com/item.htm?id=953536514279&ns=1&abbucket=10&xxc=taobaoSearch&mi_id=0000OWp3HNQrIBL_k55dXT5q1Kvj6iwbH-KV96BvoSc9NRE&skuId=5875997133084
774272555877,POPMART泡泡玛特 DIMOO 动物王国系列手办盲盒男友情人节礼物摆件,56,¥,首单价,谭梓琳lin,欧巴手办盲盒,回头客8万,2000+人付款,广东 佛山,"直降5元, 店铺满500减5, 48小时内发, 包邮, 酷动城",出售状态:现货 | 款式特点:静态 | 品牌:POP MART/泡泡玛特,https://g-search1.alicdn.com/img/bao/uploaded/i4/i4/2580405343/O1CN01y3BXAt1pL97B2S1NJ_!!2580405343.jpg,//item.taobao.com/item.htm?id=774272555877&ns=1&abbucket=10&xxc=taobaoSearch&mi_id=00006tG0lRGx2R5TiOizqekLtWhLe0TcPSuW65BkBi3CUh0&skuId=5486450482893
1005358568526,POPMART泡泡玛特猫和老鼠搞怪乐园系列手办盲盒玩具摆件礼物,69,¥,,泡泡玛特旗舰店,泡泡玛特旗舰店,回头客20万,100+人付款,江苏 苏州,退货宝,款式类型:隐藏款 | 出售状态:现货 | 品牌:POP MART/泡泡玛特,https://g-search1.alicdn.com/img/bao/uploaded/i4/i1/2885348004/O1CN01yjBmHS28ztEP0P6If_!!4611686018427382436-0-item_pic.jpg,//detail.tmall.com/item.htm?id=1005358568526&ns=1&abbucket=10&xxc=taobaoSearch&mi_id=0000-cwOsyxCOQAZa6X1BK9oye8ND4C8ZVECrXF3sUm1KxI&skuId=6192128346315
1015644810713,POPMART泡泡玛特十周年ZIMOMO3.0三代搪胶毛绒公仔黑拉布布58cm,449.9,¥,券后价,曾啊啊啊啊81373209,巨无霸正品潮玩,,20人付款,广东 惠州,"店铺满88减1, 退货宝, 48小时内发, 包邮",款式类型:特别版 | 出售状态:现货 | 系列类型:联名系列 | 品牌:POP MART/泡泡玛特,http://g.search.alicdn.com/img/O1CN01Tnw8Eo1JdPNyx6wQF_!!2623151051.jpg,http://click.simba.taobao.com/cc_im?p=%C5%DD%C5%DD%C2%EA%CC%D8&s=1080996551&k=2401&e=IblBsNPZUnoQisvjAEjToKJvNc9PDUgDJ%2F4IeA0NadSwOLBNaiG%2FaEKtSDnGcqAtQRoJh%2BmT4JDcnjwguMVnZZFe12I4JidwKxlFi34OgUGgpT5KYUoQa4uFDQ66v2%2BYPsbOMbZykArQfrYtG96Qn%2FnE8bchb1BleGOYfW4ZMvjq8Dr%2FKx4pBlAJs%2BVRUTey4GBg9aCdXSLE8JBwoEugNwrrmQeFSUO5dYWoaTIjx5BAn5%2BlwIxxtVED6wxX5wlgSce0QpTKm6WESR3gYEUKjzP3RjvYyGqi6Nj7BaQwS9fyZKWdbF%2BFbz1UjBrpo56Gdsrtty%2FVq1vwNsQLwGsp%2FgSypEqOfLgl8tUvwyK2FhOERuLcqAsxPmVTbJALAJ7fPUfiJI7apkl0hA%2BMdrhDnQJAtmJdCKYyO7IWJX9pelIydC2voVnOdTL8F2MZyYrSRQE6IkuwAGX4bptAwjVZflOqEfzo%2B7zgrLzX%2BxeRM%2B3svYRV4WfUyCvUBYhKUvEpQ5mR56bc3RrILwSRgObDYE5%2Bd9gV4DCxkoNzTeGDLebI%2FN9hmE%2BbB8PXzhgrr%2FJXXf70sBEp9WODRZZ%2FUwEPkIEvr%2F5rFkghQ5ndJXJJfg%2FgdrvTZ4OioCGto2OR8vOe%2BlugqOQpDODxcj06xOvsVFV%2BnohXhqCf3tkkw7cG%2B7jstnimWyANNQo1PWVcJkKEz3OIQivhHzUqUjAHR656F7PlbS2rko%2Fi%2BctUWYy1ALVamc1bxfRV%2B9Gc0dn8DkUPU246jBO2TIUO77JTk0ciE3UyyEGgKYSs3P4b9OTSXhC18688PEJ%2BPRQRmyltwcOyPPARV0tZQuYBuxwY5qCiqcqA%2FjFGt6QpuHfn3L0G98b5efjAs%2B9p3kew2M4x7RbCKXHucF0fS10k3ON7wVfSH9e%2F%2B1D5krvOODx4hNotEDH743BuNjkOIdWarzYwEeg8PCSUvn1NCjvvae3J%2BTy0mCc9lNYU6CSDgG7eWnr6WB5s2ANQa3mfudYXCdD%2F7ahgZ5A2cGDC51UwG3QeuVKQ9VXYqukXTWex%2B8UtAQAZ06cHMvWlP8DDQe2LuYAAmjMhtRnVIL7kVTrZy%2FgfKu5LkTpi0ZCzd8t86rWAANb0YAfC34heOMUQs3eKbqiGlz3Yjwuz%2FKM72AWwbLw6scQNfirww9sYGM66jB4niG7e0hM5M%2BE78BqsLeO%2Bmq6gSd2Madm5g5ldi%2Bjvz35jA6ZrCExmns7IqLVMf4FyyKOhVOfEHke48bNwyZ1SZUibjZNiMxqa6oCbbrRWcnaVjI%2BTN3VFWczGDnQ%2FmSIuXqUTRUMnPMAGy%2BgOtWC41AEaqxgdiJMUBxM9ACOpVUjAvVEuN7UzU5En%2BCmWbOGpHRa8OqbEEfbkJP1y18xR%2F3UWmM87urBqe07zkJxaazt6KT1lE%2B58VfDzvVFuTI70BziTjonIVJQ6yMZoEWl5HkJQci6PBo8VIeEInPnjzpESHaXYVn4lt%2FXXLzUfwv0s4J7e4StUXyveta7jntutZ7qV4hGs5TNx7CdTWTYuBcHovsMbeRaNYt9o5Sl6Wvtd%2F8T4NtrRfYYMaxCVQMlJOKh6PybOrMleZej9U3Sd7xeei7GJHmVy5G05maAVccfcY4NdtA7I%2FN9hmE%2BbB307oncz7aFwzBkKc3K7xnv8C6IvXwLNhFNuOowTtkyFGA4f1zb%2B79Ua9LdTVn74KzBEWVS%2FVl5sloihHN0eDWj%2FFSk1p8uZTRWEvt2Q6nG020xbYCjv51d%2BfA0mQzlWCA26hY%2BXNQ2NDU5ia83cFaXsdybIvJSuhA1rPwu1xgZn0NSXmXd1KF1kl5BV3hSsZmj7%2FkZ4TV7L98eBDkIdrZBxsyZc2oSJDhqWhPm0KatXnlGkDAiTfnn90AKryukxQNRC0ziKeUVU5d%2BDvSPamASRcmVXJG6QY%2F1zEfDTkEYKJ%2BCu6yvVNw0ohUCD2ezxhOEHIIVzqcDvyJR4J7QWoArathht3vGFexj284gIMe5GoEiCAsX7FIMwr7gII5pysM25N4u3OTrFz2A8xDULB7emDflWeo5%2F4TWY6s7PogqQfmEWjZSINv6Fkz%2BzIjz7ZviAH9DhEtlIrMvWFXPob49V303CkqVRRumQw58IFLjyfbL2NwEjfsypVUjAvVEuN5qrpSWozMHleKp3VvWuF02%2BkyV8fYkFDyQvCHMCIXZ%2FGTiIdnb168lEfWIYV2pc9eptpefR2g8wX%2Fwhw5ALtpDAXdZcEpMMWZCDMRJoZjLUE4%2BoeJTh9Au6aAHC7FUjjBLsT%2FANfPSQyPzfYZhPmwdC%2FZnMkQMjXg6QFxwramSg4REmrE7pF7NXrbjFSpLkAyCDL7V4vGfSHlX02OkQjf%2BOodh7CHGREV%2FI7iJ5zGTx&mm_sceneid=1_0_6560205617_0&a=xxc%3Dad_ztc%26mi_id%3D00000Dyoz87EehYLB6BYTO_doOkNyNzkcIypyjdrrg3vZ1Q%26skuId%3D6030527232034&id=1015644810713
1007683098230,POPMART泡泡玛特DIMOO限定时光系列发光沙漏水晶球盲盒礼物摆件,125,¥,券后价,颠覆nice,蟹黄堡潮玩,,200+人付款,四川 成都,"店铺满288减10, 48小时内发, 包邮",款式类型:隐藏款 | 出售状态:现货 | 系列类型:联名系列 | 品牌:POP MART/泡泡玛特,https://g-search3.alicdn.com/img/bao/uploaded/i4/i3/1949548820/O1CN01RWe8wc2F1cPmT4D4A_!!1949548820.jpg,//item.taobao.com/item.htm?id=1007683098230&ns=1&abbucket=10&xxc=taobaoSearch&mi_id=0000x2RVk4jcc7AaAEmEul3ydyD7MYOAYy-dNlaTNgJnH0w&skuId=6170956874706
959295652172,POPMART泡泡玛特DIMOO WORLD × 迪士尼系列潮玩搪胶毛绒盲盒礼物,169.9,¥,,tb7445538986,SUN TOY,,6000+人付款,广东 广州,"店铺满199减3, 24小时内发, 新品, 包邮",款式类型:端盒 | 出售状态:现货 | 系列类型:联名系列 | 品牌:POP MART/泡泡玛特,https://g-search3.alicdn.com/img/bao/uploaded/i4/i2/2211802957652/O1CN01jKUEei26Ofmp7rCNL_!!4611686018427381588-0-item_pic.jpg,//item.taobao.com/item.htm?id=959295652172&ns=1&abbucket=10&xxc=taobaoSearch&mi_id=0000DWErvaizTW0Me9_OdlgnrGVIh7SsFDzMWtkLODpdjHw&skuId=6008798286717
1008590238662,POPMART泡泡玛特PUCKY毕奇敲敲系列搪胶毛绒盲盒手办摆件送礼物,125,¥,券后价,tb921845693829,HAHA TOY,回头客2万,100+人付款,广东 广州,"店铺满10减1, 48小时内发, 包邮, 公益宝贝",款式类型:隐藏款 | 出售状态:代购 | 系列类型:联名系列 | 品牌:POP MART/泡泡玛特,https://g-search2.alicdn.com/img/bao/uploaded/i4/i3/2218830346951/O1CN01BRt5RE21DcActtWnp_!!4611686018427386567-0-item_pic.jpg,//item.taobao.com/item.htm?id=1008590238662&ns=1&abbucket=10&xxc=taobaoSearch&mi_id=0000HLJbehM1AA8_DHmn7758aWQSpr2JktAobPW7n-MGMLU&skuId=6173509362625
693030825435,POPMART泡泡玛特 SKULLPANDA温度盲盒sp8代潮玩手办 玩具摆件礼物,199,¥,券后价,大肥羊998,POP泡泡盲盒,回头客3万,2000+人付款,广东 梅州,"店铺满10减5, 48小时内发, 包邮, 公益宝贝",出售状态:现货 | 品牌:POP MART/泡泡玛特,https://gw.alicdn.com/imgextra/O1CN01osqfFL2643xboCfcv_!!2663227607-0-picasso.jpg,//item.taobao.com/item.htm?id=693030825435&ns=1&abbucket=10&xxc=taobaoSearch&mi_id=0000X6CWA2mW7kKWu_fnulxaNAsULsM5KTj6TPWfSgC23mA&skuId=4923213113902
994594073694,POPMART泡泡玛特来自星星的礼物星星人盲盒手办永生花礼物摆件,199,¥,,肖寒1112,GRENLUS格琳露丝,8年老店,35人付款,湖北 武汉,包邮,出售状态:现货 | 品牌:POP MART/泡泡玛特,http://g.search3.alicdn.com/img/i3/124819861/O1CN01swEV3q2MiOisyWo5J_!!4611686018427386261-0-saturn_solar.jpg,http://click.simba.taobao.com/cc_im?p=%C5%DD%C5%DD%C2%EA%CC%D8&s=1080996551&k=2361&e=41RNH41zjasQisvjAEjToKJvNc9PDUgDJ%2F4IeA0NadSwOLBNaiG%2FaEKtSDnGcqAtQRoJh%2BmT4JDFyDLVgrTvA3Zcpy1DjT%2BnBo1wv354B3NxGrpRMy2GHIuFDQ66v2%2BYPsbOMbZykArQfrYtG96Qn%2FnE8bchb1BleGOYfW4ZMvjq8Dr%2FKx4pBlAJs%2BVRUTey4GBg9aCdXSLE8JBwoEugNwrrmQeFSUO5dYWoaTIjx5BAn5%2BlwIxxtVED6wxX5wlgSce0QpTKm6WESR3gYEUKjzP3RjvYyGqi6Nj7BaQwS9fyZKWdbF%2BFbz1UjBrpo56Gdsrtty%2FVq1vwNsQLwGsp%2FgSypEqOfLgl8tUvwyK2FhOERuLcqAsxPmVTbJALAJ7fPUfiJI7apkl0hA%2BMdrhDnQJAtmJdCKYyO7IWJX9pelIydC2voVnOdTL8F2MZyYrSRQE6IkuwAGX4bptAwjVZflOqEfzo%2B7zgrLzX%2BxeRM%2B2x2RYrUL8CfyvUBYhKUvEpQ5mR56bc3RrILwSRgObDYE5%2Bd9gV4DCx8k1lPrAQreGf%2BrDWXM0FeLVdSJifCKR%2BC5ydAl5t0fUDdbIbyG0GsqMxJA4ZZhvOf33ucY118Qg75%2B3TvhpWmH%2Bm6DRaTbGDJQM3o6iiPbySWevJmBOI2WhykmfvrCm%2FkefjYvMxPxwctxprcVEqCqql1SC6WmtZImprdX7%2BcIgqUjAHR656F7PlbS2rko%2Fi%2BctUWYy1ALVamc1bxfRV%2Bxqsi2%2F%2BcSNnrnr71i%2BAMm79HK7X5YEOd0EesKH7FJUnN5nLT1q1oVUJDgYb%2For%2FwBzIszPR%2FR%2B9xzWbXmuvvhyReNvVHWhqejv%2BpOLFnbAenKlU0QUFrVoRt1iNOPvGeCvdedvCynA2Go1Qw4szlIW3cwLszR9%2Bt35P0N%2BzEC8E7yRrQr%2F%2BuI%2Fe7Tvz3qNqE%2FWEDmUSeKxdrnr71i%2BAMm5C%2FZnMkQMjXr462vpg4bzAmaWbrwr2SqoSc21Majg9uqsKywy1FFhVja49xgHILu5bH%2FMVpRbVOxDPgsb42rzdz6v5wJBWolDJZXKPYDznK5E8dv%2BXpVHBCTuDm0nzYa68EdRAG6KlZEQsNqSGH%2F9hTfovfnbAwU1DTqA1alckpu9jg8UeeodHskaAXOxLsUsQrIWszuP0PtQDTXJC44DzfLar7r9UrZgdmabBIBz7nIp%2FJhENzg3FwhEb3j0i41jBOr63UN3r3l%2B2Cfgv%2B1Swr7RcAfzlfTeOg%2FhwmvBh00EE%2Byq9F2zsbscBcWx7Fg0vcuw1UOQivuIWD1XUYLzNSbJxqgxk7CQMiP2VgNC3k1bW%2FY6KmYdlYUR7pyOdlV5DaztpujbvSZ0G7qpM5dFg64CUIyu3x%2FcGlHqMPvUFlLyPKaOusCXiOxg%2B0i1QgbSSWevJmBOI2S980ntX%2Bg8XfI8KgR7hIv8YG3ahtxlzTig80i5u1UFnWu3dIoDc5CmWMrwBGdPzMWBG7qh4XV3q7fvg3U1IaHsodlCFIjC5rloOTas2lXrMSxcIpFPzSXlbNceosmYr8eWc34pu7TlqQINzGp5xYpkksm2%2B%2FFu5SKCmsDrZgEPMktNGOds265im1xcJJiZUjK56%2B9YvgDJufTuidzPtoXDMGQpzcrvGe5j3uKG%2FptUkrnr71i%2BAMm5xKf27l1hb1VYoonezwmvBLwZX3nHXlOGJcmbKeJAzBAes9Y7gPo8ium9qnYzQxtuj0zf5hLtATnnKXe4641emJVVPVpPSJ4AzOZXmMSbho7BjwRMQS9W3y4Xiv4VucS%2Fa5pkEZuXdS4aVrd7PE6KLq0fQA%2F6P%2F%2F5EuOF6P57cKt%2BPJbPnDC%2Br1fVZk8wl4nmWpNUMtyMgoAIMRoK86WTwY2ZBNHNDJPxrjxepWBlqpLYwMH6fDvRyez%2FMtHNWTDvGynALKztxbEIRFjs1%2B7FBT81%2B7T8JIztCZboJWW79wcPBQ8vTrC6f0K42rXrzVUVHampQzCep87A9d2IYMXbTjSnHVa7UiphakkrUELRctI23SKjx3gZiyX29ANuJq0p50ChkKZAp7eNXD1ZYjzZbbIanI1kz6IIaqEhPRb2Xa0mdgvCTWtETCCJ080UXir21XUiYnwikfm76Has%2FCVyRKxhZz7ROPRqMs9Y2SUFc4zIHGtB6QGiqvmy8hxas3B9P8qCjDAxn1GjyM3Gh%2Bg8WCLU9Y5DcVwEH%2B5g0u52ANqGe05eCsfVjkL2QfR8SJw1sx0ycpJQghjRhiQivolTAFcINq2RMigapqlW0V3PpPTY3ISCTPJ4xvMuM0%2BrHiALoqjn054yONjoUDIUPD0OvzYt3ZDnXwyeXznCsQLF%2F6A%3D%3D&mm_sceneid=1_0_124819861_0&a=xxc%3Dad_ztc%26mi_id%3D0000N-_YN_Rhhk5XQZYBAmiVkyMi9lFDJwN2XOHqD5-rf_o%26skuId%3D6181631214881&id=994594073694
961123027128,【官方正品】泡泡玛特123星星人手办公仔盲盒礼物拉布布搪胶潮玩,174,¥,券后价,那木潇傻,BOX丨正品盲盒,,800+人付款,广东 惠州,"官方立减12%, 包邮, 公益宝贝",款式类型:端盒 | 出售状态:现货 | 系列类型:联名系列 | 品牌:POP MART/泡泡玛特,https://g-search3.alicdn.com/img/bao/uploaded/i4/i1/127497641/O1CN01XfQHA326JdQ2Ck2DG_!!127497641.jpg,//item.taobao.com/item.htm?id=961123027128&ns=1&abbucket=10&xxc=taobaoSearch&mi_id=0000k-pv3VmfxkWGqSqddnBB4DUVcqC6FF2CMrMJdbg3Gx8&skuId=5912157853919
989201097055,新品现货泡泡玛特Vacation Mode On系列新品哭娃二代搪胶毛绒盲盒,109.9,¥,,tb936373320485,花卷潮玩CLUB,,400+人付款,湖南 长沙,"店铺满199减3, 24小时内发, 包邮",款式类型:端盒 | 出售状态:现货 | 系列类型:联名系列 | 品牌:POP MART/泡泡玛特,https://g-search3.alicdn.com/img/bao/uploaded/i4/i1/2219166387131/O1CN01WVxuh322Y3S683TmO_!!2219166387131.png,//item.taobao.com/item.htm?id=989201097055&ns=1&abbucket=10&xxc=taobaoSearch&mi_id=0000PjikLLrf1zb1_vOAYW9ATdQb9cBJFM-UpX01huso3y0&skuId=6121010011405
1014814932348,POPMART泡泡玛特 星星人怦然星动系列盲盒一起白头点亮手办公仔,35,¥,首单价,tb5969030_2011,百分百正品盲盒商城,9年老店,600+人付款,广东 佛山,"直降4元, 店铺满30减3, 包邮",款式类型:隐藏款 | 出售状态:全款预售 | 系列类型:联名系列 | 品牌:POP MART/泡泡玛特,https://gw.alicdn.com/imgextra/O1CN01H24U7q20FcHssG4xh_!!732276820-0-picasso.jpg,//item.taobao.com/item.htm?id=1014814932348&ns=1&abbucket=10&xxc=taobaoSearch&mi_id=00004Ezx4R0lLHDbVlUE_kcC21OXperqp_1EBxXnjKsoSaQ&skuId=6020529748805
990900527429,POPMART泡泡玛特SKULLPANDA餐桌系列手办SP盲盒玩具摆件圣诞礼物,6.8,¥,首单价,eileentoys,艾顽潮流iwant,回头客1万,300+人付款,广东 深圳,"直降2元, 店铺满158减3, 包邮, 公益宝贝",款式类型:端盒 | 出售状态:限量发售 | 系列类型:联名系列 | 品牌:POP MART/泡泡玛特,http://g.search1.alicdn.com/img/i1/3204345526/O1CN012Gyxuu1qgxmVVWLz6_!!4611686018427383478-0-saturn_solar.jpg,http://click.simba.taobao.com/cc_im?p=%C5%DD%C5%DD%C2%EA%CC%D8&s=1080996551&k=2369&e=CyJ%2BDM8P9X8QisvjAEjToKJvNc9PDUgDJ%2F4IeA0NadSwOLBNaiG%2FaEKtSDnGcqAtQRoJh%2BmT4JChD%2FXELnyfKXJWSilfxBfRVBB7NiNi6g2gpT5KYUoQa4uFDQ66v2%2BYPsbOMbZykArQfrYtG96Qn%2FnE8bchb1BleGOYfW4ZMvjq8Dr%2FKx4pBlAJs%2BVRUTey4GBg9aCdXSLE8JBwoEugNwrrmQeFSUO5dYWoaTIjx5BAn5%2BlwIxxtVED6wxX5wlgSce0QpTKm6WESR3gYEUKjzP3RjvYyGqi6Nj7BaQwS9fyZKWdbF%2BFbz1UjBrpo56Gdsrtty%2FVq1vwNsQLwGsp%2FgSypEqOfLgl8tUvwyK2FhOERuLcqAsxPmVTbJALAJ7fPUfiJI7apkl0hA%2BMdrhDnQJAtmJdCKYyO7IWJX9pelIydC2voVnOdTL8F2MZyYrSRQE6IkuwAGX4bptAwjVZflOqEfzo%2B7zgrLzX%2BxeRM%2B3svYRV4WfUyCvUBYhKUvEpQ5mR56bc3RrILwSRgObDYE5%2Bd9gV4DCx%2Bu9Nwn6eaxsa4n3xvKENFIGjR3XuIUAP3AVf9J3SUBcu8iSAjtmT%2Fl14gZC5kzkStcXhl8BNDYcydNrltGPydd5KTUABNEQ7vt8IMJAUtxh4xdX7ZyYmouw8HpOAi1S8t60C7gpRRV%2FpHn%2BmXM98KrR3r7Dvw%2F65ImprdX7%2BcIgqUjAHR656F7PlbS2rko%2Fi%2BctUWYy1ALVamc1bxfRV%2B0iY7KByjJgeK9%2F91EB8xZwpm2YIa%2Buxs0dg2HOjlgKtGA8u8C3e%2FmXjXrayRV8BOrCPx3zVFGDOgaNHde4hQA9euJ3f24RYeysYWc%2B0Tj0ajLPWNklBXOMyBxrQekBoqr5svIcWrNwfT%2FKgowwMZ9Ro8jNxofoPFiy%2BpimGX%2BUYv72mXIIR0xMTTzD9jteUVHktEvvbXpLYA40aZINmHxkDXnoNrKjGtYuZZLbL1aVbVcD%2FbadO2PAs0M2JUV0wLoGjR3XuIUAPJ6lz%2BozCl0R3BbUZdh0R6GOpaAukL7G3jBE4rAV7OQzxiEnkvxYRFuNlUESxKDo1o1sjaalZZoKp%2Ffo7cSrcAG0DXXstHQXC6MiVWsKcgOzTE2CJmwlBDZ6sFCRDyeNWMGMja7hw9sHSeC1sziuxp2opferXVYBdqjGuCUnJRZSlfHyVq19RZFycICaOXoeOjTSG9RsURw324h6mOCCQJBrXK%2Fdk%2FT2DFu0sctx6OsLjLUChSoOOKWUwAkArw5U4uKw9iq3GNxvCTLKatFKaw3T8lN%2FtHFcTdYLRNWweqfHC%2FZvBKTrf8pkSlURLDjCIAVw6YrrQ%2BJEEBZ16eAOfr6TgKUvx6HJM8d4tAzwVyiFeIoovZ5nX5u4c0SWCfwkPBw5PgnLhms6a4H0N08SBlEjMPxeJgJR0ofYlEsRB9nktroeMbOKOtvclKGK8MowCnotUzlioAvYzOJFxkYlYgkXUsR5AGty6s0h%2F710kJbKdjQyVx2BT3UdD78kssLigj5isE1sjA%2FfUrE9zDnVrFivHAF5IrgCLhrnj5zmvZHjxmIwUAH9gGPj8%2B1D%2BKXIOUbd0lw51l5u5msKOXCs1eXktEvvbXpLY7bQvpJhXtombhQD9w7rZu9yCkEDUTvyjeS0S%2B9tekth5Ua3qJlTjNDJe9TgtMi3V%2F9IxABIk1PMn6jEWkJE8Y9SbrAvxHGnpyNcnvgWaYA2y2vHXnhMLOW1Ula62nQMjnuKE60fPxLDrMEZBiq4tLb452BthwkrYN0alh6QxUeY%2BGs%2B%2BwU%2BYk9SQIHfY%2BHCDQAnjt0AEcjEHXw7nf0cxAFBR%2BE%2BB95uKGMfjHy0nrwJp2u1PQFZIIutvdRlwCsoBy4Xiv4VucS92fEIHnDlIVLesg3lmyzsKWXNKBnfJJqSKoBYZnvImS7mPQ1mohTw0kJeDxcnFJhadluFZuM3CfotSUK9GUfPwIgcuR70f3Abteyt%2BBgySBxs4akA3SkAXuwAR26RwrxcJTJVHu7vcpaPIRKq2T6vYeFe3t2sn2g%2ByqRWfeli9epmXAdoRXAHfxbw5P1pTs2oSJhdP62qgvSbf20wF0k%2F6aFGjQIXzGyitX9wO5oCCLfNeLGQncmm9CvbnAPIMZ9VfHag7jPMiEa9N5gwb2Kf7bPy46iemLs38fXRSmuUTB9Y1Z0PzTaLFS%2BMrkAgE9t7Znv1r39ux39QPo6hQHbLgbsAPRZPMDXuAjS6pw1fGkTlk9B%2BwDdFjswZBED0%2FnKq7n9sRlU2KqV5BpVvmpRkNkh8usELvwcEtroeMbOKOtmF%2BKURPTQjL5mXfH7RhJeVa7d0igNzkKcmXqmo5r9C0&mm_sceneid=1_0_3204345526_0&a=xxc%3Dad_ztc%26mi_id%3D0000LLTT9-PXvWcLOSzyfiq7yYXBcaFQRmThimWVc4tlup8%26skuId%3D6140729879893&id=990900527429
824998082835,POPMART泡泡玛特原神变装漫想主题Q版系列盲盒周边胡桃温迪手办,55,¥,券后价,tb160998713,SP正版盲盒店,回头客10万,3000+人付款,浙江 台州,"店铺满39减5, 48小时内发, 包邮, 酷动城",出售状态:现货 | 系列类型:联名系列 | 品牌:POP MART/泡泡玛特 | 商品状态:拆盒不拆袋,https://g-search1.alicdn.com/img/bao/uploaded/i4/i1/2208399554429/O1CN01kswRFJ1iaX9mDabW0_!!2208399554429.jpg,//item.taobao.com/item.htm?id=824998082835&ns=1&abbucket=10&xxc=taobaoSearch&mi_id=0000hE6qi86bvMIYNgGkp9uCHiOnv2v0W89LUGiWJ1tqdFE&skuId=5957909178927
961241618298,POPMART泡泡玛特原神嘉年相聚Q版系列手办盲盒摆件玩具礼物,68.5,¥,券后价,tb160998713,SP正版盲盒店,回头客10万,800+人付款,浙江 台州,"店铺满39减5, 48小时内发, 包邮",款式类型:隐藏款 | 出售状态:全款预售 | 品牌:POP MART/泡泡玛特,https://g-search1.alicdn.com/img/bao/uploaded/i4/i4/2208399554429/O1CN01DLyoWm1iaXI46emxE_!!2208399554429.png,//item.taobao.com/item.htm?id=961241618298&ns=1&abbucket=10&xxc=taobaoSearch&mi_id=00009EtAjF6xqUogMSGIuyXACDUL0uhweEGlMdwOugYgM8c&skuId=6003975761517
1014059469086,POPMART泡泡玛特 星星人怦然星动系列盲盒点亮一起白头手办礼物,33,¥,券后价,林下之夕rea,UR TOY盲盒商城,13年老店,1000+人付款,广东 佛山,"店铺满29减3, 48小时内发, 包邮",款式类型:隐藏款 | 出售状态:全款预售 | 系列类型:联名系列 | 品牌:POP MART/泡泡玛特,https://gw.alicdn.com/imgextra/O1CN01eZSUsv1wpYuRVhSkG_!!524736357-0-picasso.jpg,//item.taobao.com/item.htm?id=1014059469086&ns=1&abbucket=10&xxc=taobaoSearch&mi_id=00002Rs0R_0B8QnEleTSh1sOf3IwIUByJxPtgO9b0iVYOsM&skuId=6189557294042
912956751181,POPMART泡泡玛特数码宝贝冰箱贴系列手办盲盒玩具男生礼物摆件,70,¥,首单价,谭梓琳lin,欧巴手办盲盒,回头客8万,1000+人付款,广东 广州,"直降5元, 店铺满500减5, 包邮",出售状态:现货 | 系列类型:联名系列 | 品牌:POP MART/泡泡玛特,https://g-search3.alicdn.com/img/bao/uploaded/i4/i2/2580405343/O1CN01q2zvWI1pL9ERVwkcK_!!2580405343.png,//item.taobao.com/item.htm?id=912956751181&ns=1&abbucket=10&xxc=taobaoSearch&mi_id=00008Bfkwjm3MHf5PuoOif8Xp_1RHKKJhb-_49ClinNZJfo&skuId=5777682148611
965434100100,POPMART泡泡玛特123！星星人系列迷你包挂件盲盒礼物,69,¥,,泡泡玛特旗舰店,泡泡玛特旗舰店,回头客20万,2万+人付款,江苏 苏州,"退货宝, 48小时内发",出售状态:现货 | 品牌:POP MART/泡泡玛特,http://g.search.alicdn.com/img/O1CN01JY5GGZ28ztETcGZUw_!!4611686018427382436-0-item_pic.jpg,http://click.simba.taobao.com/cc_im?p=%C5%DD%C5%DD%C2%EA%CC%D8&s=617840687&k=2369&e=%2BcBvNoDzmeKSShltp20Jkd%2BBAs1gM3sMv8uJCc3IeKOBL8P8RhpDpUADs%2BYQuSi0qgeEQC%2Bf83qMEsjuy2la3EEdrqbBlD%2BtCknbnFC3%2FxYXAvw3m%2BznSda6YYKxzzySEBPXYk526z2355RDL1eDtzfExuk9C%2FjTyOCmtp6YMbLtVL9lhSfJ02KhOzQEf53SZtyvZRQaUTVGkD3uyvwdmL9KT%2FS7Tj%2FuL0qE%2FrxxEIFpYxgvRaxLsSjPV%2BrMBWWAZryzgDv02TXm2%2FEe6mGQpcnp7WV8A%2Fm8iuyQefXj1UREHAkn4TrscklmRztlDtx4VBSrD5%2Bw%2Bz7Go0tfpqACkYQSr9aL9%2BhP2feWpn9G9EKhT%2F7rrqrLw%2F2cL1b8YKB%2B3qoHY4XsJjsYWjOn6NyWBPX3OwavjSnqeV6fcat1Q3tSxXf2qcHCFCrOLWiWWQN70%2BbcXzDvi04Ym%2Bb4oDmhA7UXS4n%2BT4JIOgwg3jxNGmAv79wp%2FfSj6SOY%2BKVU9%2BuQkQLOQeV8W%2FJZX5P%2FUVQ9XHDf7WBo%2B8KTxFN1Eoso5joQtfWitqzC10Bpfq1UdDobzlAeKknuMC0NdH27M50SRjzxkfRCs7626P0%2FCSfGF7tlN%2B4per0GGxV7zCllMyvpUt36CXTmb4gkcTDuiBm29fbwQQMIvVZpi%2BaFmRBh%2Fk86%2FqL6Bu1JUWwM6lYLEiIE7wQIl86jmQ4hT7g5ykzY3F3516SF2KzZXbgBT%2BeXqjta%2FNsf9pvZebDKVGT4Aq1L%2F4LDb65%2F4hwUznMXRXODnybqXTzPwXcG%2FDjBTeVgaFk1FsKtu2n4685OIlWdQSOQQGl%2BrVR0Oht5Vz1s%2FQa4iRNfIIE8aGRyGmV3I0AXMmeRokLDGQRE9CCISVgDbXrWOLcn8bn8M4Zt%2BlXRqbAWpc8762ueHGdhY%2F%2BS19nD5MaHp3ESeVA2oCgXDjgOPwNciZXZl1hm145E88vtp%2BRTreOvIgSJfyBRrHHFoOS2GwIny9OP%2FDORIUBpfq1UdDobko%2Bf67D3ja6Tos4%2BBOdXpiYD0jIQDm6oO8aWrMQ1Kmg6TeFQRdclFLzB9G3l6kFr7s9tv4PZhUdpiBIBhyrJJ4hdEcL%2FR390ClE5pP744cc%2BuOIKODDJukc36yFXsqdIt6TsOVNSW%2B5WQFFMFCUT0q7bZJFS0oVpZyXNT14X9Jr0g4IE1nTKFmJ86MyoWHCudq1zA1XvjL9z%2F6UczoNJJEd51o%2BW5sMrpxbb0HhY7x1jLm4Mb65%2B%2FBTqrI5mgTWivKaatWQi1PPk31r8erQ1TsB%2FAG4pmUfZ4fjk2twHdnR2Zo1g5gvs3OpQdCk5Y9VtfAIVJO4LIJUrZxlbwPqtzMimD6QoDlUZs8%2BwLsSKTJG9itOHKB0Hc6miCmKY4zwYPzirzvgMl9geG8n%2BtZCnzc0u05I2eHRvZJCtp%2B9xx5lERF73DPsj6fAQeJPVWgi%2F8ruRAYwmoRVfL4ZkE66lsvLrp1sWmR7npeXgaRwEcwIrLmNEe8aYvKCxIIRVtvq%2F4st1cnNzy14RQiPFYvBZ9gL8v%2Fi24y%2BCx1i2ojhRk0FT1DtBgsMNDLcrXFBfihLiOMbGuvcLR2jqsmP5%2BzYaDigXDjgOPwNcnPWDmfh2UXKmZ3rDbDe3N8WC9p9g961OKBcOOA4%2FA1yX41snyL77KsrUe1oRWChzI0BND%2Fnytn19LEhVyf2sW4HqM4nC9GB%2FYugivNAoZi3J5RRzIwsuXoDUXWsCuZUhrU46vRf9CLLBse4GFGkBi4GhA26KwwPFSE9DkTl445Q%2BIWy2wB1HjFVjKFLw6%2BVolkbEGR8lgEgwj1R6mO9DwXo5gczkq4OuNyidQcNp085fCNXQRQwPVnTnT6bLqiBGjOES6%2BZ6xY71TGlO9Kca8BSzmwb8r76DjOS1zAg%2F2wFs9qTZYxJ2UFIq%2BTh7ai%2FOgJMnISr9mf5%2Ft7nznOfJ%2Fbg0dgCYXI8Yuv9A%2BJ2pTxT7pelT9JUKiUClwboItYkLSW9deaYCt3MnWfyYsZYphEuF%2BzsxNBu3QH%2Fwpd6atB3HLq1Ap4VWVmuWnkSoUU52%2Fc5autzWCzVjlie2h%2FtUPOm4pejzGZ%2BcSG4RgBmUhFQcPpOlx5CHcpNmvKdVDYfVWZG4d9W0lt9l6m0cdcQK8okKrP4UyEyzpVV0RXhVzt6EGoIxLqphaUGFFzb1uzvO3z5RVg2xEKeoD5yjUlae7TCPVHqY70PBBCyFeZTG2AqiLGCmZA48KSw9v1g9Nl7HqKLd6o0HaOepOKUoK7lmPyRxMO6IGbb1fQnvWKxeQmFHVfxgzTpndU7wOFW13dwhqFZKHVhVUk4QBoujRX117NhqUJeVQ64S&mm_sceneid=1_0_116045295_0&a=xxc%3Dad_ztc%26mi_id%3D0000RPxPE5WeZ-f0pbatiR4f9JbRBk7jwymatUKc7Ki6wbU%26skuId%3D5939055747056&id=965434100100
990354622198,POPMART泡泡玛特DIMOO新生日记系列搪胶毛绒挂件盲盒守护安全感,104.9,¥,,李超越0922,TOP DOLL 俱乐部,回头客1万,8000+人付款,广东 广州,"店铺满299减3, 48小时内发, 包邮",款式类型:隐藏款 | 出售状态:现货 | 系列类型:联名系列 | 品牌:POP MART/泡泡玛特,https://g-search2.alicdn.com/img/bao/uploaded/i4/i2/2660786779/O1CN01gU7CKi1zwq3Ib2Lly_!!2660786779.jpg,//item.taobao.com/item.htm?id=990354622198&ns=1&abbucket=10&xxc=taobaoSearch&mi_id=0000fi3yw3wBxq9XWMKazj4TMhxIf0e3qI9adg4VSlWvqnE&skuId=6125211058236
988607074017,泡泡玛特CRYBABY哭娃 Vacation Mode On系列搪胶毛绒挂件礼物盲盒,89.9,¥,,tb6758051490,泡泡潮玩 只售正品,,6000+人付款,浙江 杭州,"退货宝, 48小时内发, 包邮",款式类型:隐藏款 | 出售状态:现货 | 品牌:POP MART/泡泡玛特,https://g-search2.alicdn.com/img/bao/uploaded/i4/i2/2210537658161/O1CN01q8ljeq2A9nOODD1kM_!!2210537658161.jpg,//item.taobao.com/item.htm?id=988607074017&ns=1&abbucket=10&xxc=taobaoSearch&mi_id=0000KN1T1sqTZgGKzj56uVwQpUmgp8ja-sCIq20WySNyZos&skuId=5954399248793
911328609900,POPMART泡泡玛特DIMOO WORLD × 迪士尼系列搪胶毛绒钥匙圈盲盒,179,¥,,泡泡玛特旗舰店,泡泡玛特旗舰店,回头客20万,4万+人付款,广东 惠州,"超级爆款, 退货宝, 包邮",出售状态:现货 | 品牌:POP MART/泡泡玛特,https://img.alicdn.com/imgextra/jz3_1/2885348004/O1CN01i9LJPr28ztE5hrLE3_!!2885348004-0-alimamacc.jpg,http://click.simba.taobao.com/cc_im?p=%C5%DD%C5%DD%C2%EA%CC%D8&s=617840687&k=2241&e=MeAKMNNCEo6SShltp20Jkd%2BBAs1gM3sMv8uJCc3IeKOBL8P8RhpDpUADs%2BYQuSi0qgeEQC%2Bf83om5%2Bc2B%2FAQj0EdrqbBlD%2BtNLuVwFnea%2FCSbruXrEhKFNa6YYKxzzySEBPXYk526z2355RDL1eDtzfExuk9C%2FjTyOCmtp6YMbLtVL9lhSfJ02KhOzQEf53SZtyvZRQaUTVGkD3uyvwdmL9KT%2FS7Tj%2FuL0qE%2FrxxEIFpYxgvRaxLsSjPV%2BrMBWWAZryzgDv02TXm2%2FEe6mGQpcnp7WV8A%2Fm8iuyQefXj1UREHAkn4TrscklmRztlDtx4VBSrD5%2Bw%2Bz7Go0tfpqACkYQSr9aL9%2BhP2feWpn9G9EKhT%2F7rrqrLw%2F2cL1b8YKB%2B3qoHY4XsJjsYWjOn6NyWBPX3OwavjSnqeV6fcat1Q3tSxXf2qcHCFCrOLWiWWQN70%2BbcXzDvi04Ym%2Bb4oDmhA78XFDE8D8Nau5ij%2F28ycQ4ldJFJn%2BK5UC0Fxp1NXcODkQLOQeV8W%2FJZX5P%2FUVQ9XHDf7WBo%2B8KT8d%2Ba1P9Xrm0CS8i8adU1n2QO3meCn4%2BWvWRPNQiYuPJiiGI3r%2FdZrZPs4ufdwn7cHWU1zjWYH8tsAsKP6Bf84Z19EBNzrCAWfOH8y67FtI5wZN4Y09KZ5%2B3SJmj8k42RBu2eEY63216yfMETnUaL1DWYb2zri8UoDt7B5fnSt%2BgH7vm15sh%2BFv%2BlzTAs2Rc3R8JXrNglITjaWItf6KS3OwQkbGttUqSZOHTnCTxt4JJBKkpE8rnFt2oMRe7PvEXGEPzaJb5gBk22%2Fa7C4N3IpGywDD98fa5%2FR5AEHgiibBhl6m0cdcQK8uwl%2BycgfI7jpVV0RXhVzt6YzPU352GOc9MtWDJLc745XnRpSoO1qk7oaO9EHojRxkTzy%2B2n5FOtcIz0hY250TogTtya3TtWkifL04%2F8M5EhawoA9yzrqVm46czz62RKbgG1D2IjKJ5UJgPSMhAObqg7xpasxDUqaDpN4VBF1yUUl6zvL0vQjWvuz22%2Fg9mFR2mIEgGHKskniF0Rwv9Hf3QKUTmk%2Fvjhxz644go4MMm6RzfrIVeyp0i3pOw5U1Jb7lZAUUwUJRPSrttkkVLShWlnJc1PXhf0mvSDggTWdMoWYnzozKhYcK52rXMDVe%2BMv3P%2FpRzOg0kkR3nWj5bmwyvSyLAyID%2BDnqt9F00JpJ3nxtpV1JZMduGSohGT5VZekSTx4Psf0pa%2FnX0QE3OsIBZ84fzLrsW0jnBk3hjT0pnn7dImaPyTjZEG7Z4RjrfbXq0CFDYkocElIfaq%2BQPZLhhDy1ajWZBPjn7LyXOKHnALtEHsRow54kH4lxCI%2BeAtzohrpTB2Ju0Apzu1dt6kfBw2uQbhrsB0HuLkl3eKMzgOxzLpTwVpDuwG6mlJjaEfmJmIzuH8T0TQ7%2F9Sqv8nLHIOWHfedm%2BHfXhXWaTaa1i4X1sAF40HP%2BrVheSP4wUulzeRJtToU5ePLWMhXCefKk3kYkUE4uS9riHHp2wXuZZ3O%2FFQpFMF8kkMoR3rNZHD4mF%2BEzf7axo%2Fw8dS2wteg7NhTI3nSOjokaB7E8cAyy76YX4TN%2FtrGj%2F0sU7%2F2ZgPVNa6YYKxzzySuIzwv4LObNW2A9t5f%2FSHHK8ufr%2F1ZJIKNopwISCKpEQmBmk5Uk2evLx%2BzK2vRjUN5uRqdPDC6A%2FJA5U%2BqO%2FDgVibgRyEy54EK1f4qSIruyGWPUjFkaBsJb3pS5Of1ydPnWZUPNO52Adj%2F5LX2cPkxqj8291FJgnerU46vRf9CLJLeKIhkf6U0UK0xRd%2BACb6Kh1VhLEjAmOJ35Fuk2V8VYXr8jwjAVD8taPwjdCnS0NML0HBGKV56mgyl8I31C%2FWYg8pMSrrHjC7JnzarE86axw5O0f4S7C%2FzOWYUHWGyqoQuYJUG9hs5NCgqVw2zyjMJ%2FfL%2BLg2ta%2FYOlhlMb8SFL89XGSxOpr3T7eUlw3BvGLun1nXoH58RdvC8%2BOx514UiKgnyFivEbNCSWBKLqkvguQmWtcyIiDRi6WoGeo3CgOGWVvlXtupHFmgDTO9nWL2XrbAIbmcJ%2FnBIXmgf%2BSOlVcjahfsCbdIU8c96GqZFxASGHDpv4mfNr9Iy%2BDMCEzx8LQ%2FUB4HAwl%2FINHTJ3KqO4etTVi7qV%2Fvxrl%2Fo4ttUPVc4WXS%2B%2BKhzzkr8eyraOV%2F2G%2BxCaR0%2B3SWdKngXnlnVxNgyBv5TwMb&mm_sceneid=1_0_116045295_0&a=xxc%3Dad_ztc%26mi_id%3D0000ZQbb0ByFuFOcYNeItcorgtzs2I8FXLK5xIoMFwkDNcc%26skuId%3D5980476198880&id=911328609900
912598197303,泡泡玛特城市乐园限定款拉春日花花系列molly花捧杯陶瓷杯正品,199,¥,,牙牙与小雨,北京城市乐园限定企业店,,200+人付款,北京,48小时内发,材质:陶瓷 | 容量:240ml-500ml | 产地:中国大陆 | 包装形式:普通包装 | 品牌:POP MART/泡泡玛特,https://g-search1.alicdn.com/img/bao/uploaded/i4/i2/3855623115/O1CN01AFm7Xf1YsinEy7ZA8_!!3855623115.jpg,//item.taobao.com/item.htm?id=912598197303&ns=1&abbucket=10&xxc=taobaoSearch&mi_id=0000rrTwwNxs0VzwqO9bArsQtfhhbHHEhM1nF-Bu-Zpje-I&skuId=5775422952671
969936816834,泡泡玛特THEMONSTERS前方高能系列LABUBU ROCK THE UNIVERSE毛绒,576.9,¥,券后价,李超越0922,TOP DOLL 俱乐部,回头客1万,1000+人付款,广东 广州,"店铺满299减3, 48小时内发, 包邮",款式类型:特别版 | 出售状态:现货 | 系列类型:联名系列 | 品牌:POP MART/泡泡玛特,http://g.search1.alicdn.com/img/i1/1392190029/O1CN01pMtlIi1C5Kbk56FrE_!!4611686018427380301-0-saturn_solar.jpg,http://click.simba.taobao.com/cc_im?p=%C5%DD%C5%DD%C2%EA%CC%D8&s=617840687&k=2413&e=jjdoUBl3IaWSShltp20Jkd%2BBAs1gM3sMv8uJCc3IeKOBL8P8RhpDpUADs%2BYQuSi0qgeEQC%2Bf83rEULeAGHzSC%2BVofNmihdrixAZf7AhP0nFK4LmmiUizcta6YYKxzzySEBPXYk526z2355RDL1eDtzfExuk9C%2FjTyOCmtp6YMbLtVL9lhSfJ02KhOzQEf53SZtyvZRQaUTVGkD3uyvwdmL9KT%2FS7Tj%2FuL0qE%2FrxxEIFpYxgvRaxLsSjPV%2BrMBWWAZryzgDv02TXm2%2FEe6mGQpcnp7WV8A%2Fm8iuyQefXj1UREHAkn4TrscklmRztlDtx4VBSrD5%2Bw%2Bz7Go0tfpqACkYQSr9aL9%2BhP2feWpn9G9EKhT%2F7rrqrLw%2F2cL1b8YKB%2B3qoHY4XsJjsYWjOn6NyWBPX3OwavjSnqeV6fcat1Q3tSxXf2qcHCFCrOLWiWWQN70%2BbcXzDvi04Ym%2Bb4oDmhA78XFDE8D8Nau5ij%2F28ycQ4ldJFJn%2BK5UBj2lnE60ATc%2Fy0AvBR4woxjVGP1zkZnh50BgQl9n%2BlhL5GNxJ7pU4Qnlhal%2Bqn4rgsB38BEFGHlDkAuv239K8d4S5w9lgNG4ubAIVcZOWnZXZhRiKSzYrwAOalLr56awojb07VbMGNh%2FiwVtwn1y%2BFdqAnEhTp2A1yLaceKUqd5ddPn6vtRwH05cmJplijMu0x8Syws%2BVdeSZX1L0hHgSzvaGJmy61vsiPpS9QnB50wIPAWlkGfvbDYRfK0qKSkteAdSVX23eiWY5ZOOuxoJV6hBcIx674BMwdXHdNXNmFVAmGL3lVZd96n9s8X6dDF2tdrpwAiQf2b%2FbQ0iNyhEMZf%2FCmhcGfGUTeLez3jAMsJicrr4g4nYxLA89ULTcRvq8XvOXOxM2JqsSA%2BWejYX2hT2p%2Bpio%2Bf06DePNbOsZMGcMq9P2jMIMVEPLbIrJq%2FcIXUfjSZ2d3vHWcnnfyHSjV57cjXJZ6Y46EFwjHrvgEzvZzo4eB6bMNE88vtp%2BRTrddB8Y4Ff%2F5YUEdHi3%2FHJLMny9OP%2FDORIaoqlcfoWKD5amc6IsdHd870IIpt0MYeYyYD0jIQDm6oO8aWrMQ1Kmg6TeFQRdclFJes7y9L0I1r7s9tv4PZhUdpiBIBhyrJJ4hdEcL%2FR390ClE5pP744cc%2BuOIKODDJukc36yFXsqdIt6TsOVNSW%2B5WQFFMFCUT0q7bZJFS0oVpZyXNT14X9Jr0g4IE1nTKFmkpxdoInVU44Ir7UoeC2K5z%2F6UczoNJJEd51o%2BW5sMrpxbb0HhY7x1jLm4Mb65%2B%2FBTqrI5mgTWivKaatWQi1PPk31r8erQ1TpbavPFYLqyTqK3Xa9qkgaoQwsSJ39XtlpqGOYV0dnqnd2dHADgV4FNEwgFFdrRXK%2FHMJp3Jk1I8qFuRxgOOQiuWo5MImEs2TuqUlWMIWKWXxqogf4MK49gGRjwkJkw%2FeCvSxdz9vthUgkXpqJ7sZ32z0lG4UGLjGPpME5ANa1Ae3a71p01jWQafvBOMlxR3tWjuNYbi%2B4G9t5PPgFcQMKpZ01QQL1mBwkMC%2BSMg47KlLSv1vviBS4Jx%2B4IsUHBMKjhQsWavHeQ7mPZ0hg%2BK8Az9zTnFSYcdh4Eyt3aRBQ3vNwvSwCXyPQIJqke2Ie9y7ViSqz9X8YBnfB%2Bt%2BXw9%2FNUCsJdmKKodyv%2BWRdrDDJauWJKrP1fxgGf%2BDvFSzYEOqPDIQlGEPjVcTsMPLuHQaWbvkrvKgWiPwgeCNXkDFA%2FxJX%2BnsTfMNQMVbcOyu35vcWZ6sibN3Abod9JWZpAy9oGVPDnHIZw3vP3iagRpIky2xEjmM5UOuTINtC9yujI08rM2SX55epBX2d4MmC%2FC0DwdZyed%2FIdKNb5ZR%2BVBXysmyS1OhRPnwQtVSfk7pyDYjRsRlg36XsHxjv6F3g1yhZRaCQEw2h0QsrL23yYnnwDq4mTjZ%2Bvejw0%2FERwtxvDqETHE9a3LTzvkvqnxxCJIOgdZABW5OTnj0Zd4UZaVxocJOxQlGYcgqtZxpYo5PrLWywffNdFFmaQIiXwk0SvbVFbdAhEn%2Fh%2F8mie7jIfbaD8o3JIrL1eK7COYcySbeuRbwxR2sQGxYkrCDcczq%2BOz6z9Uis23%2FXM8J6yGdrT8rCDk2fXp3ZGIglH3K9ckV5X%2BLheI94Sh67xyxZlIkxXeR%2FciOxcr58sbppBUgebwnbgq4UWkbE2L0Rga6R9TWR0ms5BhRVA3EcFmvaCWuym3H2fYuvKYM06%2BCR1nJ538h0o1sJn9jHPlL2hj%2F5LX2cPkxsr%2FncYCJm%2BYzXqnoXlp3kWeI%2Fs4Nl%2Fgvv9BJgp0nmalCiXTzWAOSoK6jpSALN0UvQ9ydoDOI%2FcfoBsNTaB3J7dlO5UwJ7qBU%2FK7kQGMJqEVjqgdN%2FZhVBY%3D&mm_sceneid=1_0_1392190029_0&a=xxc%3Dad_ztc%26mi_id%3D0000NjDlHZ72pQJwMCs1Gd8NzLyLFIPqYIRLamSm_ufedpE%26skuId%3D6083113511915&id=969936816834
885471235293,POPMART泡泡玛特DIMOO WORLD × 迪士尼系列手办盲盒玩具礼物,79,¥,,泡泡玛特旗舰店,泡泡玛特旗舰店,回头客20万,4万+人付款,江苏 苏州,"新品, 退货宝, 48小时内发",出售状态:现货 | 品牌:POP MART/泡泡玛特,https://g-search2.alicdn.com/img/bao/uploaded/i4/i4/2885348004/O1CN019lnQrV28ztETcGZU2_!!4611686018427382436-0-item_pic.jpg,//detail.tmall.com/item.htm?id=885471235293&ns=1&abbucket=10&xxc=taobaoSearch&mi_id=0000a2aUkAKXeJXtjzhRy4ndyKDzefQY4yW7o9pYldbNNDA&skuId=5751607824985
981196469157,POPMART泡泡玛特WHY SO SERIOUS哭娃CRYBABY万圣节搪胶毛绒吊卡,149.9,¥,,李超越0922,TOP DOLL 俱乐部,回头客1万,200+人付款,广东 广州,"店铺满299减3, 包邮",出售状态:现货 | 系列类型:联名系列 | 品牌:POP MART/泡泡玛特,http://g.search2.alicdn.com/img/i2/1392190029/O1CN01Vc28vA1C5KbYQc9uL_!!4611686018427380301-0-saturn_solar.jpg,http://click.simba.taobao.com/cc_im?p=%C5%DD%C5%DD%C2%EA%CC%D8&s=617840687&k=2413&e=dcq1ysR%2FgFaSShltp20Jkd%2BBAs1gM3sMv8uJCc3IeKOBL8P8RhpDpUADs%2BYQuSi0qgeEQC%2Bf83rQ8FqRM%2FMLqeVofNmihdriVaefIbwHV%2FNK4LmmiUizcta6YYKxzzySEBPXYk526z2355RDL1eDtzfExuk9C%2FjTyOCmtp6YMbLtVL9lhSfJ02KhOzQEf53SZtyvZRQaUTVGkD3uyvwdmL9KT%2FS7Tj%2FuL0qE%2FrxxEIFpYxgvRaxLsSjPV%2BrMBWWAZryzgDv02TXm2%2FEe6mGQpcnp7WV8A%2Fm8iuyQefXj1UREHAkn4TrscklmRztlDtx4VBSrD5%2Bw%2Bz7Go0tfpqACkYQSr9aL9%2BhP2feWpn9G9EKhT%2F7rrqrLw%2F2cL1b8YKB%2B3qoHY4XsJjsYWjOn6NyWBPX3OwavjSnqeV6fcat1Q3tSxXf2qcHCFCrOLWiWWQN70%2BbcXzDvi04Ym%2Bb4oDmhA78XFDE8D8Nau5ij%2F28ycQ4ldJFJn%2BK5UBj2lnE60ATc%2Fy0AvBR4woxjVGP1zkZnh50BgQl9n%2BlhL5GNxJ7pU4Qnlhal%2Bqn4rimcf%2FLHL17BFPfQztTDrfeI4l6KYmlLVJ4YXxrD8%2FZlOSmQ2A84oGRY6ebgPi5gZFf0kkncfHJyABrBfJwDjkYh5fW%2FcoNRfSIq0aib4mXcmvF%2FNpH%2FdvLP2Y0210XZhhFgVVt9HDg1j%2FVNKS%2Ba8HuW0kLuji3IhUawwL94OvLZeWbc%2BvWoUcLay9IaaoHJ2vvpB%2FUE6Apk7b5ZtuG2OOEpnH%2Fyxy9ewURAZjOlaoXDBfZzB%2BKeQqYAodmfNQygW9fb13dENPtEwAz8KgXSk6%2FyKWw4XAV14sQ%2BiKfIXHcDWaANM72dYvb%2Bh7Cu5eju1cX%2FRqxL0jAAkiEucFhs2mrOg2kW5eNKTiZ8vo48PFBpR8nMQPKFwHhJDRSCRmAdRAtYWAt3SQGjMI9UepjvQ8HOuhC%2BnP4CTimcf%2FLHL17B%2FC4%2BZD7jeRq0bYkFJG%2FtKNgc7UkfOl6%2F2KwtBYIZb1OVFw9GX1zuaRTyWSj78x%2BMsuF56twraj%2B%2FitDcbDGe1O%2BUysD4F4jsj8XH5NEbQyxA%2B%2FbfdlIjdg%2BRRWONHw8hlBuqGgTdOzu%2BD2Zw0D15NQnco5IHBzMmZOCTfvAqtKwr20YwAq6idTm1VcX1zXnbFSTzzjk2sY0X1iPuCwRwxorgBAFf4vWSe%2BI2hk1L%2BxW335Fgsu1Y%2F1y44zk9UJ33%2FpEfy1lnDMw%2FQA2V88tW43XuLiCpgL5vEIBL76lb%2FPzhZ4dcAfruHHpuFd6QRuDaMUUpG51Ak2RVks482eCEEm35sq20iDptWOnm4D4uYGSeGF8aw%2FP2ZRet%2ByYY47tkiOJeimJpS1RX9JJJ3HxycoyIZ%2FZ2shTbuYY7EBbb1ZSghVtsNkGGAqmiCmKY4zwYPzirzvgMl9gG%2FWd4swsZghy73yyuHGKq9ccimtIvdVjf%2BP8zQ0m33%2FAQeJPVWgi%2F8ruRAYwmoRVfL4ZkE66lsvLrp1sWmR7npeXgaRwEcwIrLmNEe8aYvJHMLOrRl8HF1SOX6RRN8Usxmxw5X19GbcVRHSAAdntqGHBI7LdBqFF2ID5vqf%2Fd1wyiisi58mh0HRirQ0vxA67qsmP5%2BzYaDou80WkZImNS5KtUSUbN0IqmZ3rDbDe3N8WC9p9g961Oi7zRaRkiY1L25VF1oiEur8rUe1oRWChzI0BND%2Fnytn19LEhVyf2sW4HqM4nC9GB%2FYugivNAoZi3J5RRzIwsuXgi0Z2Lc4anrTAHap9uzqkvBse4GFGkBi4GhA26KwwPFtvmBueJkH%2BkbnGrtsNkZhy9JfBKxPURBlkbEGR8lgEgwj1R6mO9DwXo5gczkq4Oud9JWZpAy9oHD5khK8unVCXTnT6bLqiBGjOES6%2BZ6xY45FKTkPqP5yBSzmwb8r76DjOS1zAg%2F2wFs9qTZYxJ2UFIq%2BTh7ai%2FOgJMnISr9mf5%2Ft7nznOfJ%2Fbg0dgCYXI8Yuv9A%2BJ2pTxT7pelT9JUKiUClwboItYkLSW9deaYCt3MnWfyYsZYphEuF%2BzsxNBu3QH%2Fwpd6atB3HLq1Ap4VWVmuWnkSoUU52%2Fc5autzWCzU5kGOr54TPTIwQ%2FZ%2Fofhh4SG4RgBmUhFQcPpOlx5CHcgd8fSz16AiAYGNjUtgd7KFl6m0cdcQK8okKrP4UyEyzpVV0RXhVzt6EGoIxLqphaUGFFzb1uzvO3z5RVg2xEKeoD5yjUlae7TCPVHqY70PB9StXFoTZesv2duyeI4XaA3RokkgSiToe0SI7ACCORPYuJv9ljFD5zuv9P%2FXT8O3rESIZQC%2Bxu4mKeZgV%2FsseX2fcOD%2BTAuC0KRWVa8F65%2Ff3yYCHZkhfVscy6U8FaQ7sj04bpTKYnGU%3D&mm_sceneid=1_0_1392190029_0&a=xxc%3Dad_ztc%26mi_id%3D0000jQh5qDIuyL8WHZAt4JITLWZMF5YDSlpkRTwigYtW02s%26skuId%3D6104975387198&id=981196469157
967532563443,梦想加 泡泡玛特底座星星人临时挪车牌停车牌车饰摆件新车礼物,218,¥,券后价,许煤煤,白日梦想加,8年老店,2000+人付款,福建 福州,"官方立减12%, 店铺满120减5, 退货宝, 包邮, 公益宝贝",材质:木 | 款式:隐藏 | 风格:可爱 | 品牌:POP MART/泡泡玛特,https://g-search1.alicdn.com/img/bao/uploaded/i4/i1/827515461/O1CN01o26v331qDC15g2Jf3_!!827515461.jpg,//item.taobao.com/item.htm?id=967532563443&ns=1&abbucket=10&xxc=taobaoSearch&mi_id=0000ONh7v_24MWw-wsx-R6PIqoKkQQF0MeH5Rx-uM3xG16s&skuId=5833071781734
1016980478702,泡泡玛特星星人随心配系列手工可爱车钥匙扣圈环链绳小挂件高级感,62.1,¥,券后价,tb7408062550,拉布布labubu正品店,,1人付款,北京,"超级立减10%, 退货宝, 包邮",钥匙扣类型:中国风 | 材质:塑料,http://g.search.alicdn.com/img/O1CN01xjevYL2MCL076Ftkl_!!2207920949791.jpg,http://click.simba.taobao.com/cc_im?p=%C5%DD%C5%DD%C2%EA%CC%D8&s=617840687&k=2401&e=joOCwyUoksqSShltp20Jkd%2BBAs1gM3sMv8uJCc3IeKOBL8P8RhpDpUADs%2BYQuSi0qgeEQC%2Bf83rR7190OAnuceNFCg1n5p1rGkwZ5VXcrmuSbruXrEhKFNa6YYKxzzySEBPXYk526z2355RDL1eDtzfExuk9C%2FjTyOCmtp6YMbLtVL9lhSfJ02KhOzQEf53SZtyvZRQaUTVGkD3uyvwdmL9KT%2FS7Tj%2FuL0qE%2FrxxEIFpYxgvRaxLsSjPV%2BrMBWWAZryzgDv02TXm2%2FEe6mGQpcnp7WV8A%2Fm8iuyQefXj1UREHAkn4TrscklmRztlDtx4VBSrD5%2Bw%2Bz7Go0tfpqACkYQSr9aL9%2BhP2feWpn9G9EKhT%2F7rrqrLw%2F2cL1b8YKB%2B3qoHY4XsJjsYWjOn6NyWBPX3OwavjSnqeV6fcat1Q3tSxXf2qcHCFCrOLWiWWQN70%2BbcXzDvi04Ym%2Bb4oDmhA78XFDE8D8Nau5ij%2F28ycQ4ldJFJn%2BK5UM8k8QNd4CBn6WWYfpyIDTqCOmMOuYMGptHcNXu7BOEgyHgEqBFwibu28ELyS8DdpAziMpFE64an6iCBbkIOe11y2dGf6YgZPIdBULnPwwYcm%2BetF8DThcJYnkBu3J6gxo2EajZOUXfCBdLHD78OEJcw184r48Gj8LC4ff873U3BnUc559TwhFGil3H7CR2EFvt%2FxUxabehw7wQIl86jmQ6rITOI6WDkShgKCBDu9eWyKRbHjwCEY%2BLvuLhKMmYJExgDJ15HeKYPFrZd7xEoQiQ5PS%2FYKmL4xb6zYndESIm%2F1HMQed3uTt4d9dKu%2BXlQk7b9rsLg3cikcOlqexIkuOK7TsqaUx7sZGXqbRx1xAryiQqs%2FhTITLOlVXRFeFXO3oQagjEuqmFpQYUXNvW7O87fPlFWDbEQp6gPnKNSVp7tMI9UepjvQ8H1K1cWhNl6y%2FGl3MbR2SxpNaYUlVNKEbVKpjX7%2F2Wdvq1F%2B1O6gYDr7qMvJ13uvxFVz0q6UW027lSSiqWv3CTNzw86J3WKnSls5U2x3aZfRKsyQXywPrQ%2FlJdR2HA641p%2FWWD%2BouQ5eqCG2%2BjV6gUaEB22nkBZKfI2sHVWYH1JecBDhp5nEOOPZnBYj%2BuhAm7gtIGtS9w4%2F40TSwIjzTR0jb4%2Bcc9qMcoYvZ6uOjxbzdmcFir%2B4EcjTWnhDZKRA5zFhbECAbvaiIzeoItSejCDvr4qmHzqRDJsdMRjs83ROFTTGEHDnEH1GsPp0mmvAx8TQq6zD%2F%2F27CfCerOxRbp9TkIrz9vLOxnVbJbWHVH4j%2Fps%2BJC%2BQ%2B%2FW2%2BS%2BbvP4qMGrvIB6I8%2F6%2BeiKsuL%2B%2FU%2BHanIHwdUYxvX20bDbIMMk2fKvzu622frdBRJtVMqPzM2V2MdfQFjfzP2%2B771bMJ%2B6fsvJc4oecAu0QexGjDniQV7fUYZb%2BWvhFM1%2BYh2p1D%2B52PLMd%2B%2FL8dwdNhOEfoLg4uSXd4ozOA7HMulPBWkO7AbqaUmNoR%2BYmYjO4fxPRNDv%2F1Kq%2Fycscg5Yd952b4d9xDrffJG%2Bg4%2BmZfv2FacxkjaPQA4fqT8ytCinLneANkv5qXIDvE4wWjc%2FWgHIf84nmT7vkjk%2BWa%2F3XoD8BWdVG6Sl0oQQX5T%2BqdLfR%2BrveEJFle5FAG25AKZnesNsN7c3xYL2n2D3rU7p1PEZ%2BxDx6icb%2Fw56kuiP8MhCUYQ%2BNVxOww8u4dBpZu%2BSu8qBaI%2FCB4I1eQMUD%2FElf6exN8w1AxVtw7K7fm9xZnqyJs3cBuinS0g6hzROWhf0wgYFUqJIGxGWDfpewfHAKQ9dTJpWR5LIlGv9zpfXidvhhkAmZaJTTu31lsew4IuCdyaF0ms0jREHeKYdMQy4zE2K29kfvKQ4mXhuhnFyS3iiIZH%2BlNFCtMUXfgAm%2BiodVYSxIwJjXfzjbfMU23SF6%2FI8IwFQ%2FLWj8I3Qp0tDSCuyY4RBX81oMpfCN9Qv1tM7xwpGeL5huyZ82qxPOmscOTtH%2BEuwv8zlmFB1hsqqELmCVBvYbOTQoKlcNs8ozCf3y%2Fi4NrWv2DpYZTG%2FEhS%2FPVxksTqa90%2B3lJcNwbxi7p9Z16B%2BfEXbwvPjsedeFIioJ8hYrxGz67bmA35wREcxor4U01ZwgDzCCrQrBhznISjSsSvVhoIM4jKRROuGpx56BZrHtV5FE18ggTxoZHIaZXcjQBcyZ5GiQsMZBET0IIhJWANtetY4tyfxufwzhm36VdGpsBalzzvra54cZ2Fj%2F5LX2cPkxmXTVtS4FbxKpQs5vTRINwYmOfbRA83Ay9P9gTfYgv%2BLFrZd7xEoQiSXpaH%2BoZamPBmk14Xmu4cmfduSMFH0VCKil3H7CR2EFtS8Bq0dazp%2F98mAh2ZIX1bHMulPBWkO7I9OG6UymJxl&mm_sceneid=1_0_8229959926_0&a=xxc%3Dad_ztc%26mi_id%3D0000MPPW-27V-8h1YrEttJ_-so7e7O5NjAzgrNvG7rDVspY%26skuId%3D6191473527091&id=1016980478702
1017049384899,泡泡玛特THE MONSTERS 10周年 ZIMOMO 搪胶大首领 大天使 十周年,1095,¥,,tb573791735,Eleven toys潮玩社区,,24人付款,广东 惠州,"24小时内发, 退货宝, 包邮",,https://g-search3.alicdn.com/img/bao/uploaded/i4/i1/3971274931/O1CN01B1Vqbe1mIS7dFPPFL_!!3971274931.png,//item.taobao.com/item.htm?id=1017049384899&ns=1&abbucket=10&xxc=taobaoSearch&mi_id=0000zCtyaIx0CZpMpKJm5BeXlOP7b0gC1YZ-3cM9rBu-QZQ&skuId=6023432780778
860603731244,POPMART泡泡玛特Twinkle 来自星星的礼物系列星星人盲盒二代手办,76.9,¥,,李超越0922,TOP DOLL 俱乐部,回头客1万,1万+人付款,广东 广州,"店铺满299减3, 包邮",款式类型:隐藏款 | 出售状态:现货 | 系列类型:联名系列 | 品牌:POP MART/泡泡玛特,https://g-search3.alicdn.com/img/bao/uploaded/i4/i3/2660786779/O1CN01eZzPkf1zwq3GXlGoQ_!!2660786779.jpg,//item.taobao.com/item.htm?id=860603731244&ns=1&abbucket=10&xxc=taobaoSearch&mi_id=0000PiBRDX9y3mu_bAas4rVV3QAM4aipyZM7WF2wQpKH2bk&skuId=5995601251466
756653146799,POPMART泡泡玛特ZIMOMO搪胶LABUBU公仔58CM毛绒 I FOUND U 手办,1153.96,¥,券后价,eileentoys,艾顽潮流iwant,回头客1万,5000+人付款,广东 深圳," 3期, 店铺满398减5, 48小时内发, 包邮, 公益宝贝",出售状态:现货 | 系列类型:联名系列 | 品牌:POP MART/泡泡玛特,http://g.search2.alicdn.com/img/i2/3204345526/O1CN01YLC8vL1qgxmVVTrzd_!!4611686018427383478-0-saturn_solar.jpg,http://click.simba.taobao.com/cc_im?p=%C5%DD%C5%DD%C2%EA%CC%D8&s=617840687&k=2457&e=g5dKeC92YGySShltp20Jkd%2BBAs1gM3sMv8uJCc3IeKOBL8P8RhpDpUADs%2BYQuSi0qgeEQC%2Bf83ouXQgncmWz7HzszWELUgemF9ohtYpvc7WSbruXrEhKFNa6YYKxzzySEBPXYk526z2355RDL1eDtzfExuk9C%2FjTyOCmtp6YMbLtVL9lhSfJ02KhOzQEf53SZtyvZRQaUTVGkD3uyvwdmL9KT%2FS7Tj%2FuL0qE%2FrxxEIFpYxgvRaxLsSjPV%2BrMBWWAZryzgDv02TXm2%2FEe6mGQpcnp7WV8A%2Fm8iuyQefXj1UREHAkn4TrscklmRztlDtx4VBSrD5%2Bw%2Bz7Go0tfpqACkYQSr9aL9%2BhP2feWpn9G9EKhT%2F7rrqrLw%2F2cL1b8YKB%2B3qoHY4XsJjsYWjOn6NyWBPX3OwavjSnqeV6fcat1Q3tSxXf2qcHCFCrOLWiWWQN70%2BbcXzDvi04Ym%2Bb4oDmhA78XFDE8D8Nau5ij%2F28ycQ4ldJFJn%2BK5UC0Fxp1NXcODkQLOQeV8W%2FJZX5P%2FUVQ9XHDf7WBo%2B8KT1LKQiAHLGqYTYnwlu1X3ZFIXWvwuqM6vHqiob9adZYmNh0vFduJ%2BDNExQpPoHB6%2Br6e9Ve%2Bh7LUt6UiJwLnX3M1uQjqUwPEq5Oe69VxhKJVvoNqBvaBu85QC%2FesL4pEbU4xXkkEprmWAr86kaq44GuG3CbNvxR3ll%2FvPDwAoqvWyOMbFuzr1oB9oS7DPDHwFFuO9rxf7nvNVrgqhUz4oux2rwYSTg2OME2J8JbtV92SXp%2FgPHsj8p2XfIsKVu%2FREw7PYJJf4jbw6%2Fr7QrDxA%2FqhSVMDQ4d0BQGtctgaoFHwdTBvn4BPNptRnpcfvgqKHTcw4GRKfR4cVeBfUl13v9zmANKVt33NwJ3aFkMPjfq2HngqnNzXdLnQPdZs2xVE65hg1Pau8zkr46p1eGf76lM4969sGqIeVpZrzg53FGkAwEHRSpn2yo4fkyiq8UnSyvWpofTP1YxbxwUV2ohmyCxRmdd1wlPv8e%2FX3iOv%2B4%2Fsg8LplUePvnE3MOBkSn0eHmflbhpz7eLjIuLusUXQq9TcidYaYIeAnx%2FvTeZBwD4yAiZkBhewhy1InDkfb%2FwP9aQY0DUiPZbJPVcZAJTBxVXIjNEjwXnRCvYL5j%2B1Uko4IwHBBw1X%2B2QDp3LbburVmgnkHxVxHpBIgHw31Jgr6PjYptiaIyIXKQj7D8DMVxUheOfchufUaBPE8pP4QZ8zVEVQuyQ3YKCRwa9d97ZP29NFjaYTeOCuEx2ue0I4NPsHsHMLnf23cQMp4phR4LZXL7RmAHQJL%2BQmo%2BExV6Ub6sR6tiwy%2FK6555Oe69VxhKJVvoNqBvaBu85QC%2FesL4pEbU4xXkkEprmWAr86kaq44GmZ4hFWCb4iYQGtctgaoFHzBqwNRgnTlQetNnTq5PCzgFXNZI7Y%2Bqdi6SplV79qQzzd7XJIj2cBNEpDkBgcUdDBgY%2BZbtvPhqU0Oz086SuVq1PVpo68XbxnqwL02vOVDngwFaX%2BBaXwFCV4Qr1GaQLXF0w4Sw%2F6oPtdzEuOMicqQ8bSSIABS4RPrSfvMn3rmxuCL%2BR%2FBIeJfaxWprDIDGu5o94KeOEkJXauo3IuX9bOcqICO82VI2pqJraCzguDrhQkeszleZSsf6rJj%2Bfs2Gg71HX9MoHzy%2FKcrMaU0VCSHpmd6w2w3tzfFgvafYPetTvUdf0ygfPL8NmzUqLs13qfK1HtaEVgocyNATQ%2F58rZ9fSxIVcn9rFuB6jOJwvRgf2LoIrzQKGYtyeUUcyMLLl7fePU%2BDRNZ%2FSKAWxpUQnjGnbtt9M3izpZ050%2Bmy6ogRiRUuW72KP7W%2BiVbW211Ef%2Ba17yAomJmaO0ZgMeXzmkPNtInfAQHJqfGG8vZffYGlblU3HQp%2BViGAPGWAMwqQBbWnw7wr61ugf3iagRpIky2KvRHubCCYQllOqmbwSPwKlOnNu2ZtQIye0lzzFpysjgnicz1SiBdLmNTHl9jYF8KnK%2BrMznTQBWDF3QoLmNaHR%2F8YetfxWByBPj%2BQndN8gzfV4seb5fvgRRKC7kLPr6v0%2BpVbMhMoKUvXoByej11R2txjnIVVQrCOXTL6s1HM2ktd4vH03kUF%2BkJicCAnjDRkt0dBZ%2BnyvWpogpimOM8GGAOKlb%2BNmQKkr7Mz2w%2BtKGEN5yJgWLOS4rJ3SgEotkoy1s1J90pE5dMwmaiAmMzpklokC%2B65QCKicrr4g4nYxLA89ULTcRvq8XvOXOxM2JqsSA%2BWejYX2hT2p%2Bpio%2Bf06DePNbOsZMGcMq9P2jMIMVEPLbIrJq%2FcG8pqZvAja8BFGZ13XCU%2B%2FxOao8cJvRdpX85BZ76TAZ08gNrNlX7q6wFaO328UDZfe8xVzsVtOrk1PVpo68Xbxn5c3Q4tD3XL3chy6GKlM2h282lT5Y%2FFCnvVJBluRdkAQ%3D%3D&mm_sceneid=1_0_3204345526_0&a=xxc%3Dad_ztc%26mi_id%3D0000IkPk-_2lsn8UkfPPkkHWgaL7rJ5n13kgOBhz9t4Txms%26skuId%3D6138626591219&id=756653146799
907562125302,【现货】POPMART泡泡玛特LABUBU3.0前方高能马卡龙搪胶毛绒盲盒,85.99,¥,券后价,策695376705,TOT TOY,,8000+人付款,广东 广州," 3期, 店铺满3减2, 包邮, 公益宝贝",款式类型:隐藏款 | 出售状态:现货 | 品牌:POP MART/泡泡玛特,https://gw.alicdn.com/imgextra/O1CN01DTOqd024p7Ri2ey9O_!!709817439-0-picasso.jpg,//item.taobao.com/item.htm?id=907562125302&ns=1&abbucket=10&xxc=taobaoSearch&mi_id=0000MWYyIpBg3ybbLtGbmRgxMpWLOp7VfQUuf9ugA59173s&skuId=5778638861323
,,,,,,,,,,,,,
,,,,,,,,,,,,,
971559024276,POPMART泡泡玛特泡泡萌粒咖啡工厂系列蜡烛香氛盲盒家居摆件礼物,99,¥,,泡泡玛特旗舰店,泡泡玛特旗舰店,回头客20万,3000+人付款,江苏 苏州,"热销爆款, 退货宝, 包邮",出售状态:现货 | 品牌:POP MART/泡泡玛特,https://g-search3.alicdn.com/img/bao/uploaded/i4/i3/2885348004/O1CN01D1Ap2X28ztEUdjA8q_!!4611686018427382436-0-item_pic.jpg,//detail.tmall.com/item.htm?id=971559024276&ns=1&abbucket=10&xxc=taobaoSearch&mi_id=0000uKeUV7u_7I7vikacZyVuif58G4aFdSJri3oxTqFr8uY&skuId=5930424233171
973396361482,【官方正品】泡泡玛特来自星星的礼物泡Twinkle星人盲盒二代手办,174,¥,券后价,机遇通讯,Lucky Box丨正品潮玩,13年老店,400+人付款,广东 惠州,"官方立减12%, 24小时内发, 包邮, 公益宝贝",款式类型:隐藏款 | 出售状态:现货 | 系列类型:联名系列 | 品牌:POP MART/泡泡玛特,https://g-search2.alicdn.com/img/bao/uploaded/i4/i3/46190334/O1CN013vJQ0O1EL1MMQL85E_!!46190334.jpg,//item.taobao.com/item.htm?id=973396361482&ns=1&abbucket=10&xxc=taobaoSearch&mi_id=0000m_uKh_jVtLeN6oV-pWYBkqek4JG1Ca_tpe7eADRfJ70&skuId=6090163354722
964172885485,正版泡泡玛特ZIMOMO拉布布大天使大首领十周年搪胶毛绒58CM公仔,2530.8,¥,券后价,wqjcxw,JUMP潮玩正版店,,17人付款,浙江 杭州,包邮,出售状态:现货 | 系列类型:联名系列 | 品牌:POP MART/泡泡玛特,http://g.search2.alicdn.com/img/i2/120978104/O1CN01oiNSmd29jgmtOdF26_!!4611686018427386552-0-saturn_solar.jpg,http://click.simba.taobao.com/cc_im?p=%C5%DD%C5%DD%C2%EA%CC%D8&s=617840687&k=2369&e=CrbKB%2BK6JRKSShltp20Jkd%2BBAs1gM3sMv8uJCc3IeKOBL8P8RhpDpUADs%2BYQuSi0qgeEQC%2Bf83piRV9WeycfDxC2zQQZZ72RhM0VHPyks2FK4LmmiUizcta6YYKxzzySEBPXYk526z2355RDL1eDtzfExuk9C%2FjTyOCmtp6YMbLtVL9lhSfJ02KhOzQEf53SZtyvZRQaUTVGkD3uyvwdmL9KT%2FS7Tj%2FuL0qE%2FrxxEIFpYxgvRaxLsSjPV%2BrMBWWAZryzgDv02TXm2%2FEe6mGQpcnp7WV8A%2Fm8iuyQefXj1UREHAkn4TrscklmRztlDtx4VBSrD5%2Bw%2Bz7Go0tfpqACkYQSr9aL9%2BhP2feWpn9G9EKhT%2F7rrqrLw%2F2cL1b8YKB%2B3qoHY4XsJjsYWjOn6NyWBPX3OwavjSnqeV6fcat1Q3tSxXf2qcHCFCrOLWiWWQN70%2BbcXzDvi04Ym%2Bb4oDmhA1KmvfdlzzyPELIX7GmQGvP%2F1vix1qR%2BKTGk7nSUt2MOv8uZHacaQwRnNwrtdu6mT9lauOYZOAoLfMGKHk28E78u%2FmjtDIzpZKFMHvdW86q0Q%2Br4Wgj9y4AwCbBKJadIMiBea5HszZdFDzOibNFrFmVeMeq4UK0iqtScl6H9qOK0qIuDGIZwUE66ax4TeKpdMwNsWYIXtXsgsrmPXZhIEJHiz%2FNxm5PRzDEZm3XDnjmIPmYfuWqVvhLQRmxFTzLYZjvKmkIA0wUY1WFYXreLRlj%2Fpc0wLNkXN0fCV6zYJSE4%2BrFWEfjISwUyFJrHYV8yQ6J7OZXo0wnvqs3bU1qNt8HOkcTjghA1efTCXo2PGLaclSrGRE9eeu%2BdkJf0K7nzebJzdU8YHMKudLL2e2in6iPA89ULTcRvq8XvOXOxM2JqsSA%2BWejYX2hT2p%2Bpio%2Bf06DePNbOsZMGcMq9P2jMIMUYw5SO7D1fBXgzbEKPfxkoCOsoaxK3V6Jbqf4kInYct%2FsTvtVGDmPcebjKknfYDMaIlCUPPx%2FhWbx1drJ7tddxoc60yXuFvjfC46IkW0AKkpn5W4ac%2B3i4NkINolMEkAzH%2B9N5kHAPjICJmQGF7CHLUicOR9v%2FA%2F1pBjQNSI9lsk9VxkAlMHFVciM0SPBedEK9gvmP7VSSjgjAcEHDVf7ZAOncttu6tWaCeQfFXEekEiAfDfUmCvo%2BNim2JojIhcpCPsPwMxXFSKdniC1zFTGcUxbH1jLoqlMRVC7JDdgoJJoV6%2BkHvmDB0WNphN44K4THa57Qjg0%2Bwewcwud%2FbdxAynimFHgtlcvtGYAdAkv5Caj4TFXpRvqxNV%2FCHTsFI5ncSPpMiDNtItqDT0lr1i%2F9CbOKOJhTFFShAquHY3b6k8zP%2FQN2xAuD2DTzv%2BS8DEBWF4Gap6RvUDGlYoIMLfLNa5aeRKhRTnacsf96z%2F2gwSBea5HszZdF0ptnD%2Fu0ZRq48WzpPInct7G9MCxM%2BK%2Fua15v4TJSbdPHoV5lYGmxZBD0ECgKlxTNkw6DjC6bRXycc7dwe%2FQUmb5%2B9ExH1i5D17Et%2FuskR7l%2Fr7jVnGaG01T22TDSUbzPNYnz0CQtL%2B9YMRhJV5kJjl7bgbzOlJdCZaMUUO4w26ckiV4bIA%2FhznrUt%2FFNPRGboUwe91bzqrSq4vyw5vAF1%2FwZRqCa8S3iil6FR6ogsEIyFJrHYV8yQ4VGsMV3Cl%2F11rphgrHPPJK4jPC%2Fgs5s1bYD23l%2F9Iccry5%2Bv%2FVkkgo2inAhIIqkRCYGaTlSTZ68OVZO55tudNEH%2F1xgRgDufKP0tvkQcn8fJ3rj8DOOVxhZEkxRMDCnMbI5xSxGkw5L5F6M674Wfg5H%2BDdNUIezMl%2FMg%2B57ATCmCT8ED1u%2BCIzxVK47Pno0%2FdXUz7PfvHwn0FTHYscdbBZZc3W%2B%2Fe%2FvNRrGzQFFj6RkltwO1cZ%2FkVzUrjp%2BvMq4HbWj8I3Qp0tD6vWbCSWLvPKjfgXNxQzEKcQom8vyuwOiwHeH42IemMvJY0m0l9JeI%2BteCp8WQ84Q0aiY0rNKot8WTiHnj7RBtU2LezDQUEHTbXYyZ0BMgUbalE6jwNrKElx7js9MS%2FHQ8Q010KIOAzkHpdxJiL2L%2F%2B8E9iJXJPkl%2Frqx%2BoegDoqQt5Kp1mlrx1l47pZZExyPwuOiJFtACpLjz0c7OCDHqZBUgebwnbgq4UWkbE2L0Rga6R9TWR0ms5BhRVA3EcFmvaCWuym3H2evrrHnV0wmampw4rsjRAZOoJu4MBnN1oBJvNfAaZ6mfuguvJOr5yE74gFdisr114P2IFITYzuX7YZgeVBy%2BGnuiMAQdEbGlBeGIz6lPBmY9da1xncbqh7Uxzx8A7bBB63HoV5lYGmxZLx%2FSeH5REsH&mm_sceneid=1_0_120978104_0&a=xxc%3Dad_ztc%26mi_id%3D0000m6VX7TVKL8HcHxXtUkFOepjUcPBxs9ukRR-m7D2RE8I%26skuId%3D5991520476769&id=964172885485
922025255723,现货 POPMART泡泡玛特星星人 来自星星的礼物系列手办盲盒礼物,71,¥,,帅帅的阿冬美美的你,三心潮玩 只卖正品,,1000+人付款,浙江 杭州," 3期, 店铺满70减2, 48小时内发, 包邮, 公益宝贝",款式类型:隐藏款 | 出售状态:代购 | ACG作品名:K | 品牌:POP MART/泡泡玛特,https://g-search1.alicdn.com/img/bao/uploaded/i4/i2/2965799936/O1CN01KCx6NV2NGkPaYeYSh_!!2965799936.jpg,//item.taobao.com/item.htm?id=922025255723&ns=1&abbucket=10&xxc=taobaoSearch&mi_id=0000uCaVkOmqECGtDLn9ig9cilTNIvI6ZBgH-Wx8OMgXPSE&skuId=6026930594718
1000447879286,正版泡泡玛特Nyota你我皆星辰系列盲盒手办可爱桌面摆件女生礼物,54,¥,,tb131675402,盲盒真有趣,5年老店,74人付款,江苏 常州,"退货宝, 包邮",款式类型:隐藏款 | 出售状态:全款预售 | 品牌:POP MART/泡泡玛特,https://g-search3.alicdn.com/img/bao/uploaded/i4/i2/4098742621/O1CN01p6tZFT1VETCMKqyt6_!!4098742621.png,//item.taobao.com/item.htm?id=1000447879286&ns=1&abbucket=10&xxc=taobaoSearch&mi_id=0000S9piYe7jlxjPBjTfibsNS_ZrrawNQVzWx63lPMNCGFY&skuId=5988946468097
929682548028,POPMART泡泡玛特星星人二代 来自星星的礼物系列手办盲盒礼物摆件,65,¥,券后价,黄金宝贝童车有限公司,果酱正版盲盒店,,300+人付款,广东 佛山,"店铺满39减5, 48小时内发, 包邮",出售状态:现货 | ACG作品名:K | 品牌:POP MART/泡泡玛特,https://g-search1.alicdn.com/img/bao/uploaded/i4/i3/3295247037/O1CN01HKOzr521r0DY7rB94_!!3295247037.png,//item.taobao.com/item.htm?id=929682548028&ns=1&abbucket=10&xxc=taobaoSearch&mi_id=0000WRMDwRdNe9Q3K4O_Re7bHZ3ZFWd12NfYjJGYId5BhPg&skuId=5961576632035
887405865095,POPMART泡泡玛特SPACE MOLLY100%二代系列盲盒3周年纪念手办礼物,58,¥,,tb941253984,云边有家潮玩店,,800+人付款,江苏 南京,,款式类型:大隐藏 | 出售状态:现货 | 品牌:POP MART/泡泡玛特 | 商品状态:拆盒不拆袋,https://g-search3.alicdn.com/img/bao/uploaded/i4/i2/4060406590/O1CN013xFec21yYH6gMuQmG_!!4060406590.jpg,//item.taobao.com/item.htm?id=887405865095&ns=1&abbucket=10&xxc=taobaoSearch&mi_id=0000aqltDmvBz-eDZ08_IIB85Tf56pzrA9WoA20a8bO7f14&skuId=5897282278090
963300677868,POPMART泡泡玛特拉布布LABUBU慵懒瑜伽系列潮玩手办永生花生日礼,341,¥,券后价,肖寒1112,GRENLUS格琳露丝,8年老店,40人付款,湖北 武汉,"官方立减12%, 包邮",出售状态:现货 | 品牌:POP MART/泡泡玛特,http://g.search.alicdn.com/img/O1CN01kvNor62GTO0atZspM_!!2558799016.jpg,http://click.simba.taobao.com/cc_im?p=%C5%DD%C5%DD%C2%EA%CC%D8&s=617840687&k=2349&e=N7R4tyabn3SSShltp20Jkd%2BBAs1gM3sMv8uJCc3IeKOBL8P8RhpDpUADs%2BYQuSi0qgeEQC%2Bf83q2DRFC9iI9pWcvZEZV9PiPlXUEeF1t%2BkJK4LmmiUizcta6YYKxzzySEBPXYk526z2355RDL1eDtzfExuk9C%2FjTyOCmtp6YMbLtVL9lhSfJ02KhOzQEf53SZtyvZRQaUTVGkD3uyvwdmL9KT%2FS7Tj%2FuL0qE%2FrxxEIFpYxgvRaxLsSjPV%2BrMBWWAZryzgDv02TXm2%2FEe6mGQpcnp7WV8A%2Fm8iuyQefXj1UREHAkn4TrscklmRztlDtx4VBSrD5%2Bw%2Bz7Go0tfpqACkYQSr9aL9%2BhP2feWpn9G9EKhT%2F7rrqrLw%2F2cL1b8YKB%2B3qoHY4XsJjsYWjOn6NyWBPX3OwavjSnqeV6fcat1Q3tSxXf2qcHCFCrOLWiWWQN70%2BbcXzDvi04Ym%2Bb4oDmhA78XFDE8D8Nau5ij%2F28ycQ4ldJFJn%2BK5UMZZvFEWFW%2FUoscsqN%2Bsg66061SLYlwfxl7CrSBUuoFgZPmI0BNWw2PfXUhfFhM5SUoJKH2CjCMyl9Hp0YX600FpdtF02h0Xizdp3EbJgA5JtzCn9Pu%2BgsPM7%2FGwiCeYh0j02g6KVedqGpVVucM8ssKLFjYaKure%2BLtCEF1iA0FO%2BVcHrOVqtV8EwJz67h5kUTIRMKvpzNywD3kWktYd1KMMg%2F8Kh4tsa%2FKVJdxIGdujsAsIy%2FeUOcPDLeydha8RyCOYEI52x70RZldD4xuIAtm2vwbEbCHP1jVE4PEQd2aoPmvOKRVjFOeq9VKFV%2FT9rB01ruWUomxWtv2uwuDdyKQ9Wd5M1jDH6h3PqegmfCLxZeptHHXECvKJCqz%2BFMhMs6VVdEV4Vc7ehBqCMS6qYWlBhRc29bs7zt8%2BUVYNsRCnU14ZxeeMQe03YmmEQa1LxcQS2LD6va%2FdO6Lm0ZWv4o3kTjWES0zRrr3C0mvMCi8MVk5B1G3O1fL5LzsawCj2RXJAekXzeVMT2PjLxRGxMyKBffv6BCcMxGaoFhjhuVK3qZ%2BJjad8fD4lEv6dlxhvFA5UecrjMVk6en7eWGI1xc72gtkbpS3Rguz6vrYc1XjUdpW7ZZG3sPUrbCeXCHEIRO7DXhrU744ryCXqdJy2WwgWVhZ5%2B6Bt%2F8ip7PEnjQVFNsLHl2VV2FaEpuYp6b39eMjuhL2qcVgz1IA2Ry%2B7KWVgSA%2FV7VL5VboreSV2MbzHfRzoxpnfQDNVXaUDcESCCgLE2UDlViB9KeX9pgtWpts9v1tDkItKHhqVVbnDPLLCixY2Girq3vi7QhBdYgNBTvlXB6zlarVfBMCc%2Bu4eZFEyETCr6czcsPp0NyaiZVF1HmfGHNOx3vMm3dftJGDbny7Uho39PsL44O%2B6MDOry3kWFnDYiySvJxs48Vyotx6u0stoF3zP%2B%2F3ZJE%2Fnt25Bl6hWSh1YVVJOEAaLo0V9dex57EvFeunSZXChtFM1TJLGMuTqqyYW6AZHlUCYvKwWEpyF5iZwKDlX4nmB5j9Jmshf5e84Ci5p%2BYyRTlcl4Uzw7V6cxZ9TFEbGK9XQYrkMo9ibO%2FxjGR38bmMPUkWwTxx6ISBt%2Fujlvovo5Gtlhkdjt4wdPVZQMTXUUHKZ7fpP6XohIG3%2B6OW%2Bi%2Bjka2WGR2PK%2FFj1CKLKdbYyxkO1oIurLS9tmOQvo8XYYLePm3a9DRTTrOmFSaYLKFMeX5%2BnzQ5nbg1HchQ1519eBmLlbXf%2BDoffY%2FM31Zp050%2Bmy6ogRvfiElQL2Z1c%2BiVbW211Ef%2BEiBpuVQ%2BkbwCivNBuT2V9XZvhh5lV2HJLEJwCfLf4bEa%2BUiXfFDWD8VSuOz56NP3V1M%2Bz37x8J9BUx2LHHWwWx%2Fyh7aG%2FJnQaxs0BRY%2BkZNqZ07COnsxVaZXFffWzrnjdx%2BN433bmRTaFmFLnqG8FXUB5yGvmNqviMn9dJ6OUe8kEYZLv53vFlIdYLhjRi0NcoucrL%2Bdn%2BKKY0Hq5ydbJjSbtcc0GGzENX4iuvZoecFXWQYO990ltDR4ixqvK0QhSc%2BHgIBYERwus%2BhFiLwfulkVVdrvivV9sCa7p2Se5CuWoClmSevi5wd1nqpJ%2BK92X0enRhfrTQbRmVgtbhI8SzfGsP8gs4q%2B%2Bbx%2Ba5U4E0CqKa7B2Vwd9crtbgS9dlO399kRR2sti%2F6Hi5hPmKT%2FXktT6Z%2FTsN2A%2FeH0yUICE63HAS%2FasbWbRh%2Bmnz9nq6EfPxyet4uLqnGjXA2ngefH%2FFhZw2IskryejMbuai6dHwqhOxLZQRq%2BjC7jtYxdu9%2BYMBWl%2FgWl8BQleEK9RmkC1hs0W36OUpPE%3D&mm_sceneid=1_0_124819861_0&a=xxc%3Dad_ztc%26mi_id%3D0000vYE3k1A_Odi1ghLWnRrf0RoRiYKqu4LH_0KgiKmvhIQ%26skuId%3D5903367176824&id=963300677868
970041658727,POPMART泡泡玛特王者荣耀峡谷萌新峡谷感谢季系列手办盲盒,52,¥,券后价,tb053655438,梦启潮玩,,600+人付款,广东 佛山,"店铺满39减5, 48小时内发, 包邮",款式类型:隐藏款 | 出售状态:现货 | 系列类型:联名系列 | 品牌:POP MART/泡泡玛特 | 商品状态:全新未拆封,https://g-search2.alicdn.com/img/bao/uploaded/i4/i2/2212672111568/O1CN01bZ8mGC1NSC7KFEcky_!!2212672111568.png,//item.taobao.com/item.htm?id=970041658727&ns=1&abbucket=10&xxc=taobaoSearch&mi_id=0000veESbb-OECux98dAoLRvhUXxLYmmkMqYFWp2MRyQE38&skuId=6085124402577
910519583678,POPMART泡泡玛特小甜豆有关爱的语言系列手办盲盒礼物,69,¥,,泡泡玛特旗舰店,泡泡玛特旗舰店,回头客20万,2万+人付款,江苏 苏州,退货宝,款式类型:隐藏款 | 出售状态:现货 | 品牌:POP MART/泡泡玛特 | 商品状态:全新未拆封,https://g-search3.alicdn.com/img/bao/uploaded/i4/i2/2885348004/O1CN01mdEA9028ztEUOIbwV_!!4611686018427382436-0-item_pic.jpg,//detail.tmall.com/item.htm?id=910519583678&ns=1&abbucket=10&xxc=taobaoSearch&mi_id=0000g1h0fkvk2VwnDJfzrQ4zBwLRfaaV1X_qydoS6nAMDHI&skuId=5795799284745
921945980311,POPMART泡泡玛特Zsiga 慢下来系列手办盲盒玩具礼物摆件,69,¥,,泡泡玛特旗舰店,泡泡玛特旗舰店,回头客20万,1万+人付款,江苏 苏州,退货宝,款式类型:隐藏款 | 出售状态:现货 | 品牌:POP MART/泡泡玛特 | 商品状态:全新未拆封,https://g-search2.alicdn.com/img/bao/uploaded/i4/i2/2885348004/O1CN018hQTL628ztEUIwJH3_!!4611686018427382436-0-item_pic.jpg,//detail.tmall.com/item.htm?id=921945980311&ns=1&abbucket=10&xxc=taobaoSearch&mi_id=0000xYGKgGM6AMay1iscABLWT9uqirYampRzzkng9vMmTz4&skuId=6000365842859
985904234269,POPMART泡泡玛特LABUBU拉布布心动马卡SP光织园永生花礼品摆件,332,¥,券后价,肖寒1112,GRENLUS格琳露丝,8年老店,27人付款,湖北 武汉,"官方立减12%, 包邮",,http://g.search.alicdn.com/img/O1CN01FgQFs72GTO2zZqDNO_!!2558799016.jpg,http://click.simba.taobao.com/cc_im?p=%C5%DD%C5%DD%C2%EA%CC%D8&s=617840687&k=2361&e=iaPyTT1vJxSSShltp20Jkd%2BBAs1gM3sMv8uJCc3IeKOBL8P8RhpDpUADs%2BYQuSi0qgeEQC%2Bf83qbzByBwFea9mcvZEZV9PiPztNZEhrmioBK4LmmiUizcta6YYKxzzySEBPXYk526z2355RDL1eDtzfExuk9C%2FjTyOCmtp6YMbLtVL9lhSfJ02KhOzQEf53SZtyvZRQaUTVGkD3uyvwdmL9KT%2FS7Tj%2FuL0qE%2FrxxEIFpYxgvRaxLsSjPV%2BrMBWWAZryzgDv02TXm2%2FEe6mGQpcnp7WV8A%2Fm8iuyQefXj1UREHAkn4TrscklmRztlDtx4VBSrD5%2Bw%2Bz7Go0tfpqACkYQSr9aL9%2BhP2feWpn9G9EKhT%2F7rrqrLw%2F2cL1b8YKB%2B3qoHY4XsJjsYWjOn6NyWBPX3OwavjSnqeV6fcat1Q3tSxXf2qcHCFCrOLWiWWQN70%2BbcXzDvi04Ym%2Bb4oDmhA78XFDE8D8Nau5ij%2F28ycQ4ldJFJn%2BK5UJA8bZfqhx9TkF2CS7pHnQQxT15%2B9KUKd2c3Cu127qZP2Vq45hk4CgvPu7geSwWdrIamcQ4vRIeLJS5pv9iyrI2Kxebw22WWQoM5JT%2FlAifADZyAYy2Mc3R5DjqNwrFQKTfAsKQwdTFh4mSdZrnUOjSRBMwZCVRLiEZP3r4yaAlijaelx%2BgCNOV5R6OYCoApPR00JbxTwEAMaX%2FdscOrRzW9Lt5zzScmqDWYb2zri8UoFuO9rxf7nvPpw980hiisw124AU%2Fnl6o7WvzbH%2Fab2XlmLXuL35Z7ACUuab%2FYsqyNc7vCWsVj28xukrOAz7STtHw0DAl%2ByIDiFNEc%2BGq5dUOzYXkkG7vs1sbkoNHvBTu%2BfuDJcXJBnleJyuviDidjEsDz1QtNxG%2Brxe85c7EzYmqxID5Z6NhfaFPan6mKj5%2FToN481s6xkwZwyr0%2FaMwgxRjDlI7sPV8FbixmQOPhjoUTsWL6Z50uJJWpVEdTPDUx7qMvJ13uvxF0NgefJrgjkO4DEyh1WykjRFLq1XeqNCeX0enRhfrTQUqH2ZpYu%2FHIu%2BD6vNCE4AR%2FWWD%2BouQ5eqCG2%2BjV6gUaEB22nkBZKfI2sHVWYH1JecBDhp5nEOOPZnBYj%2BuhAm7gtIGtS9w4%2F40TSwIjzTR0jb4%2Bcc9qMcoYvZ6uOjxbzdmcFir%2B4EcjTWnhDZKRA5zFhbECAbvaiIzeoItSejCDiphZOOF9dksH3C%2FpfsPXeFTTGEHDnEH1GsPp0mmvAx8TQq6zD%2F%2F27CfCerOxRbp9TkIrz9vLOxnVbJbWHVH4j%2Fps%2BJC%2BQ%2B%2FW9ccEEYutcLAXQFTELSBKCjGX1Nkxq1J53LMuqY7uUSJE0DrCcv4mFwF5Kag7rlmtNQsDgJLIicvN0NjWE6G3A7gsC50Dy2ldFHaxAbFiSsKpCd9atguh6o2npcfoAjTlojSrG%2F1Jz%2BoBJXoBwZhHiyxCU6jsCc2O2CibjNDLpqbbzaVPlj8UKSi2vCS07kDHl1T5D4tA0Q4hz%2BI4TtVn8KsXO0cOe2heb8eq%2Fy6qU3ZGvW4eurwTkLxHWpW9sKB5kqeG1hgwNdXJG7fxYaTdLwJ3P5fOHNxJoQLZeUx5%2Fw6GygQNwvf%2BaZKfO5klqbvWE7Fi%2BmedLiRaVrvO7NgRufwZRqCa8S3iWHfofU9nLJsTsWL6Z50uJMCz%2F8L9zgdhJ9DaLKYIp3OVVQ24qd48PPJsrV9nH2Ktn%2FxVhP3J5XS7lnO8ev3QJugNx7Cr5Ea6JqSMcIY8CuLEIIvG4HDH4GpVHJ7rL%2B%2BeGp6UZzSRTJApOeLf2LDwxfzt4ui3pTDVc5M4byGf0RspgneFJfu7iexNAK5OdniawC5F1Up8PkadF%2B8Dql%2BzkXTnT6bLqiBGjOES6%2BZ6xY4x0clWrYxT7BSzmwb8r76DjOS1zAg%2F2wFVkZrdJ6QzjFIq%2BTh7ai%2FOrZxl9fv4s15%2Ft7nznOfJ%2Fbg0dgCYXI8Yuv9A%2BJ2pTxT7pelT9JUKiUClwboItYkLSW9deaYCt3MnWfyYsZYphEuF%2BzsxNBu3QH%2Fwpd6atB3HLq1Ap4VWVmuWnkSoUU52%2Fc5autzWCzXDqO1N0i8j76eglVGNOsoGSG4RgBmUhFQcPpOlx5CHcj1Z3kzWMMfqHc%2Bp6CZ8IvFl6m0cdcQK8okKrP4UyEyzpVV0RXhVzt6EGoIxLqphaUGFFzb1uzvO3z5RVg2xEKdTXhnF54xB7VWyLKIcprUWZPY%2BM2jDlLGZTW8dKgHDnHsnW96GjCNf9iBSE2M7l%2B2Np6XH6AI05YpQzcCvl%2ByosKRGdU9KOk15ZNCvyta9u8c8fAO2wQetx6FeZWBpsWS8f0nh%2BURLBw%3D%3D&mm_sceneid=1_0_124819861_0&a=xxc%3Dad_ztc%26mi_id%3D000045u6mBC70wk9FlmviBP0YzdbSwxq29W3-zAPMBTeOIg%26skuId%3D6114779890359&id=985904234269
1000824679631,POPMART泡泡玛特Twinkle怦然星动来自星星的礼物手办盲盒摆件礼物,65,¥,券后价,林下之夕rea,UR TOY盲盒商城,13年老店,300+人付款,广东 佛山,"店铺满39减5, 48小时内发, 包邮",款式类型:隐藏款 | 出售状态:现货 | 系列类型:联名系列 | 品牌:POP MART/泡泡玛特,https://g-search3.alicdn.com/img/bao/uploaded/i4/i3/524736357/O1CN01bEjZZJ1wpYuV3jHpl_!!524736357.jpg,//item.taobao.com/item.htm?id=1000824679631&ns=1&abbucket=10&xxc=taobaoSearch&mi_id=0000w8H-8cHTYYHNvhmwU5ZS590j3xfCOxJYjMo3PdkXfu8&skuId=6024144068093
945600361929,正版泡泡玛特睡衣派对萌粒水晶合金手机链钥匙链小提溜包挂潮玩女,55,¥,首单价,静静黄998,轻奢恋链不舍,11年老店,100+人付款,广东 深圳,"官方立减12%, 直降4元, 淘金币已抵1.1元, 48小时内发, 包邮, 公益宝贝",钥匙扣类型:卡通系列 | 图案类型:卡通 | 适用场合:通用 | 材质:亚克力 | 功能特点:潮玩挂件 | 可定制性:不支持定制 | 适用对象:女 | 风格:潮玩,https://g-search3.alicdn.com/img/bao/uploaded/i4/i1/69851333/O1CN01sYZuk31LiZ1Xfe0Qj_!!69851333.jpg,//item.taobao.com/item.htm?id=945600361929&ns=1&abbucket=10&xxc=taobaoSearch&mi_id=0000knEmPTwIl_iaeREHGtlHCvwH_heJXBCKQLoI0sEKSGo&skuId=6017180271302
,,,,,,,,,,,,,
974349383463,POPMART泡泡玛特星星人怦然星动系列手办潮玩点亮盲盒礼物摆件,68.5,¥,券后价,tb160998713,SP正版盲盒店,回头客10万,500+人付款,浙江 台州,"店铺满39减5, 48小时内发, 包邮, 酷动城",款式类型:隐藏款 | 出售状态:全款预售 | 系列类型:联名系列 | 品牌:POP MART/泡泡玛特,https://g-search3.alicdn.com/img/bao/uploaded/i4/i1/2208399554429/O1CN01I75KJq1iaXIGTfFCg_!!2208399554429.png,//item.taobao.com/item.htm?id=974349383463&ns=1&abbucket=10&xxc=taobaoSearch&mi_id=0000wdb4rNljKjWrK0Xh5qc3Kcjyhr1IiK5pllTbHNNL4so&skuId=6018596445276
957503672219,现货POPMART泡泡玛特 共鸣罗小黑战记2系列手办盲盒摆件女生礼物,63,¥,券后价,amiibo商店,萌次元,,2000+人付款,广东 广州,"店铺满15减10, 48小时内发, 包邮",款式类型:隐藏款 | 出售状态:现货 | 品牌:POP MART/泡泡玛特,https://gw.alicdn.com/imgextra/O1CN01Ntb3uo1FDWW3HPcI0_!!2212916590453-0-picasso.jpg,//item.taobao.com/item.htm?id=957503672219&ns=1&abbucket=10&xxc=taobaoSearch&mi_id=0000aQRYlvnmDo3tiKy8P6e7C9Cwd7zVATTT6L4lXZEV6-0&skuId=6048971111374
990067944086,官方正品假一赔十LABUBU挂件吊卡小春天野鱼尾狮泰妹皇后米兰拉布布搪胶,201,¥,券后价,wing哥73098980,IM TOY潮玩之家,,36人付款,广东 惠州,"24小时内发, 包邮, 公益宝贝",,http://g.search.alicdn.com/img/O1CN01FQFThU2EkDN3XeXvx_!!4611686018427384302-0-item_pic.jpg,http://click.simba.taobao.com/cc_im?p=%C5%DD%C5%DD%C2%EA%CC%D8&s=617840687&k=2413&e=RCxrqASg%2FgSSShltp20Jkd%2BBAs1gM3sMv8uJCc3IeKOBL8P8RhpDpUADs%2BYQuSi0qgeEQC%2Bf83pcT0lb1ndA4yXShkNJtZMdxLiP6C%2BqVbdK4LmmiUizcta6YYKxzzySEBPXYk526z2355RDL1eDtzfExuk9C%2FjTyOCmtp6YMbLtVL9lhSfJ02KhOzQEf53SZtyvZRQaUTVGkD3uyvwdmL9KT%2FS7Tj%2FuL0qE%2FrxxEIFpYxgvRaxLsSjPV%2BrMBWWAZryzgDv02TXm2%2FEe6mGQpcnp7WV8A%2Fm8iuyQefXj1UREHAkn4TrscklmRztlDtx4VBSrD5%2Bw%2Bz7Go0tfpqACkYQSr9aL9%2BhP2feWpn9G9EKhT%2F7rrqrLw%2F2cL1b8YKB%2B3qoHY4XsJjsYWjOn6NyWBPX3OwavjSnqeV6fcat1Q3tSxXf2qcHCFCrOLWiWWQN70%2BbcXzDvi04Ym%2Bb4oDmhA78XFDE8D8Nau5ij%2F28ycQ4ldJFJn%2BK5ULzyqNC6k0i9Yq3od3voBjljVGP1zkZnh50BgQl9n%2BlhaVyUUeDKCNCG0M5g55c%2BU2poXj8%2FG%2B251poYNv8u8mbLBqjQk1gseDS4T7%2FHTodwE3t%2Fl9RQdtNZfPGhv0s6IG%2FTDR%2BnUxVAnWIzjGxj%2B5oPlureHj2m%2BvUN46dVbQM2Od403JRU9jNZRx80xw0Gi6HhLZ0eTBJzBiuJyzFMoASW0kLuji3IhUawwL94OvLZeWbc%2BvWoUcLay9IaaoHJ2vvpB%2FUE6Apk7b5ZtuG2OOFqaF4%2FPxvtuU%2FlVF1UFBAF4F0aJNoXuVk3lhSdi4qSxP0UT566xPFOmpZObYui7OWdkJf0K7nzed9zgDDDv4RmzT5dwhH77UnkUo5drNSmydBfiXZE31h9plLQutOATVBQHGC7aPA12cOIL%2FjgWYhCnMoxZa7umIZe4fR5iqK%2BSiLBj0WKVnKyjn%2BXuSbwwFVM68yeS7yNJc%2FAtn7K6FlJ0mYy7juCieDkTjWES0zRruL2P%2BUCHFREjXy5nIrOUvesChP4VxCmEuxB9CSsEcwtG2qjndTaHD8Qti3dLdxliWaoFhjhuVK3qZ%2BJjad8fD4lEv6dlxhvFA5UecrjMVk6en7eWGI1xc72gtkbpS3Rguz6vrYc1XjUdpW7ZZG3sPUrbCeXCHEIRO7DXhrU744ryCXqdJy2WwgWVhZ5%2B6Bt%2F8ip7PEnjQVFNsLHl2VV2FZdpW82CYwVSMmEbew4rjet1IA2Ry%2B7KWVgSA%2FV7VL5VboreSV2MbzHfRzoxpnfQDNVXaUDcESCCgLE2UDlViB9KeX9pgtWpts9v1tDkItKHht70LXijWGpK37dvPpFm6tAHACxD8Ch7WhQ4hOXmyStQRfkToUA88A0RfY4JrHaQqLRrGNwsBSwTbDsJT45Ix2gNW27VBjWudvC8%2BOx514UJLU4o4Bm0nzy50A2xIU3dgenG11NtthoSRbAuaU4dpsMOV1Ll%2Bk0EWdkJAHu5rKglnSp4F55Z1cvlNIPH39EtmhSv7mM7rNTyJjQTwjTSuN94NPN948XbGsxBcG4ITgLatBKW%2Fe5z4I7gekskVc3a2pZ8bamE8p57nJlgKqxOSDCvYwByo%2B7f0UW64g5p7WFzn%2FT%2BpkSV4z2IJe9W25yQX%2FeSTc1w3ByaKIhiKj%2FWN6c6h0PwYggRX8qVitsFHupf95JNzXDcHLlqEWVg3RAcpcZJSadhRr7VhF49EsIzgaXoMFEi0qA3lDzzm%2Fb3mmFdi2eweWhI9xYk6DAYEACxlTulENd8OJsheh%2F9VcYN6UbEZYN%2Bl7B8UKzPq5S91y1G5Fwrjr9ajF9DGYrIPWg1KLkCb%2FH%2FQKri4J3JoXSazSNEQd4ph0xDAUF%2FP%2BaJDanOvqr4WPR%2FQzoalBikutNCS%2F93xpn7NKOWzCNkfh1GPofbKwEYHGsASp2W88z4kD4pu8PX5Kap0%2BXgi%2FkZcn9Iur1mwkli7zyplb2rtNNYibEKJvL8rsDosB3h%2BNiHpjLyWNJtJfSXiPrXgqfFkPOENGomNKzSqLfFk4h54%2B0QbVNi3sw0FBB0212MmdATIFG2pROo8DayhJce47PTEvx0PENNdCiDgM5B6XcSYi9i%2F%2FJVnyatYdlr%2F66sfqHoA6KkLeSqdZpa8cFrBLDkY2oG6rIMzqsB%2BOcFXgX1Jdd7%2Fc5gDSlbd9zcCd2hZDD436th54Kpzc13S50D3WbNsVROuYYNT2rvM5K%2BOqdXhn%2B%2BpTOPevbBqiHlb2EQ1AYoUj5SQ0UgkZgHUSzGa%2Bh6i%2BaEajYPv61A%2FGMjHeeP%2BDhx8%2FDbJpbWau%2FLlfjf0vtL0lg8udANsSFN3YbYfdxvghjf1Ubcjy7p3akTvA4VbXd3CGoVkodWFVSThAGi6NFfXXs2GpQl5VDrhI%3D&mm_sceneid=1_0_6587853948_0&a=xxc%3Dad_ztc%26mi_id%3D0000tIIPmWtKHV8Ym6Re4KBNQRQT4LeOM6fBu0UezsW8uwY%26skuId%3D5954433948719&id=990067944086
958501510110,POPMART泡泡玛特星星人怦然星动系列潮玩手办盲盒公仔摆件礼物,67.9,¥,,tb7445538986,SUN TOY,,200+人付款,广东 广州,"店铺满199减3, 24小时内发, 包邮",款式类型:隐藏款 | 出售状态:代购 | 品牌:POP MART/泡泡玛特,https://g-search2.alicdn.com/img/bao/uploaded/i4/i2/2211802957652/O1CN010BJcdg26OfojGz2wU_!!4611686018427381588-0-item_pic.jpg,//item.taobao.com/item.htm?id=958501510110&ns=1&abbucket=10&xxc=taobaoSearch&mi_id=0000XM8KDKPP42SsO1zdkWeB2zbZom24nZlQig90wi5POGw&skuId=6183971907000
1015457468608,POPMART泡泡玛特星星人怦然心动系列毛绒手办盲盒玩具摆件礼物,125,¥,券后价,拉拉布玩,巅峰玩具,,42人付款,上海,"淘金币已抵3.75元, 48小时内发, 包邮",出售状态:全款预售 | 品牌:POP MART/泡泡玛特,https://gw.alicdn.com/imgextra/O1CN01MUrJQf1IRDDsOejXH_!!908940889-0-picasso.jpg,//item.taobao.com/item.htm?id=1015457468608&ns=1&abbucket=10&xxc=taobaoSearch&mi_id=00009CTQVAEbTcSOWC2iZpR0h2aD0tdrEsY3RApaD5wWKLM&skuId=6018711252689
962934634474,泡泡玛特labubu一代马卡龙系列拉布布潮玩毛绒公仔礼物盲盒钥匙扣,232.94,¥,券后价,笑呵呵19936,CX Trendy Toys,,500+人付款,江西 赣州,"超级立减17元, 48小时内发, 极有家, 包邮, 对公支付",款式类型:端盒 | 出售状态:现货 | 系列类型:联名系列 | 品牌:POP MART/泡泡玛特,https://gw.alicdn.com/imgextra/O1CN01EtTe9w1NrqKNOC6I2_!!922451624-0-picasso.jpg,//item.taobao.com/item.htm?id=962934634474&ns=1&abbucket=10&xxc=taobaoSearch&mi_id=0000SXBRkmWVT98lK0Dwqqbs4nzFM7IflmenbEpN5EyxQ7o&skuId=6190112883838
1008007987580,POPMART 泡泡玛特molly400熊猫奥特曼唐老鸭黛丝加菲猫万斯女篮,754.99,¥,券后价,浩浩183577,星飞潮玩,,24人付款,浙江 温州,"店铺满699减5, 24小时内发, 包邮",出售状态:现货 | 品牌:POP MART/泡泡玛特 | IP名称:加菲猫 | 适用年龄:全阶段,http://g.search3.alicdn.com/img/i3/2438600170/O1CN01wYa1oJ1D7uRnhG140_!!4611686018427385322-0-saturn_solar.jpg,http://click.simba.taobao.com/cc_im?p=%C5%DD%C5%DD%C2%EA%CC%D8&s=617840687&k=2329&e=V4SB7GpYnQ6SShltp20Jkd%2BBAs1gM3sMv8uJCc3IeKOBL8P8RhpDpUADs%2BYQuSi0qgeEQC%2Bf83rBTzra134FtE6NW4z5Up9OaFPruMo9xmxK4LmmiUizcta6YYKxzzySEBPXYk526z2355RDL1eDtzfExuk9C%2FjTyOCmtp6YMbLtVL9lhSfJ02KhOzQEf53SZtyvZRQaUTVGkD3uyvwdmL9KT%2FS7Tj%2FuL0qE%2FrxxEIFpYxgvRaxLsSjPV%2BrMBWWAZryzgDv02TXm2%2FEe6mGQpcnp7WV8A%2Fm8iuyQefXj1UREHAkn4TrscklmRztlDtx4VBSrD5%2Bw%2Bz7Go0tfpqACkYQSr9aL9%2BhP2feWpn9G9EKhT%2F7rrqrLw%2F2cL1b8YKB%2B3qoHY4XsJjsYWjOn6NyWBPX3OwavjSnqeV6fcat1Q3tSxXf2qcHCFCrOLWiWWQN70%2BbcXzDvi04Ym%2Bb4oDmhA78XFDE8D8Nau5ij%2F28ycQ4ldJFJn%2BK5UEOPe3Gu%2FI3TAkDEnfAo937R6TqieH8cVToJzVBHQeO8WsS4%2F%2FXCNccz1%2F3GDCyMC4c0rFX1cXI%2F6YkltUGhW%2FpboA6dNT6hNu2l8jeGbrzzVcy%2BL0eR%2FUsV8PKYpwC6SCQSCgMq7ARhAbhltR2bfN1vBJ3ezuEBcvbzLiiBK7W%2B4mQao%2Fk014PeLNYub3Jm0UyTujqFFXb65IsU4dQSICt7veRuUR6svQyD%2FwqHi2xr8pUl3EgZ26OwCwjL95Q5w8Mt7J2FrxHII5gQjnbHvRH0H1wPbXtVT1GKYWBG%2BvOPqLvA38wcMASTLcVenrEEPRIuJVX0ThJfW5wELKg6u4wSfV%2Br7Guq%2FWDGr%2FthcEYti2sdhY5WRlyJyuviDidjEtDy0WO%2FCE0bTPpTF5leNrSHngqnNzXdLiI7FyvnyxumHrHTS47548dh7WxqpcGic4xzvmXlNIViRPPL7afkU621zXm2mmSRTkwm1JeIXzqpJ8vTj%2FwzkSFW8%2BMtU95KHyfiaOD%2FyOFySc04vbBLXx4mA9IyEA5uqDvGlqzENSpoOk3hUEXXJRSXrO8vS9CNa%2B7Pbb%2BD2YVHaYgSAYcqySeIXRHC%2F0d%2FdApROaT%2B%2BOHHPrjiCjgwybpHN%2BshV7KnSLek7DlTUlvuVkBRTBQlE9Ku22SRUtKFaWclzU9eF%2FSa9IOCBNZ0yhY3Iy02kOoOYu%2FMEcO6R%2FpWc%2F%2BlHM6DSSRHedaPlubDK6cW29B4WO8dYy5uDG%2BufvwU6qyOZoE1orymmrVkItTz5N9a%2FHq0NU4GKD1uzSr97lUqyNh9uZbMKhXtUQO4s89iCOPSah1J3VbBqqOREhcg5Ij%2Flc23uw%2BhPOauX4tBseXoy4QqrYO99a0VsE0E6r%2FqlJVjCFill8aqIH%2BDCuPYPWKHvFPRgjsyF5HylSJDpZuBOfh7VxTDiH8zMu6UQJnrLQfziE5%2FyN2u9adNY1kGn7wTjJcUd7Vo7jWG4vuBvbeTz4BXEDCqWdNUEC9ZgcLBzM%2FDm4gY9loB4DizgNJFlMIY0umYhuR0nJkNlTzCFkef6sbU6i2AFCqNXh8msAPnWXjqe1gs10XDihL9454xCapHtiHvcu1nNrl0pMxp1oZka7otPnrSa830%2FjgFDBXK%2F8ZCS%2FVLYftXtrj0pGlc3CmeALY%2Bm9jK%2FFj1CKLKdbYyxkO1oIurLS9tmOQvo8XYYLePm3a9DRTTrOmFSaYLKFMeX5%2BnzQ5nbg1HchQ15ztnncbBKLON4fQNJ6%2BdUYh050%2Bmy6ogRt2A%2BMaL6HDA%2BiVbW211Ef%2BVyq8t28stOPhPFoOG53G1NtInfAQHJqfGG8vZffYGlVFHCbsWT03GbxXTd1WvzdQcqDshMaJ7S5moALaieU0UpbzZFWN9PqO79Qn9PJn5Q3m0ZNwx%2FAYYqFQZp%2FGkR96vNxPhUkzjldAcP%2BSPG1NR%2Flk1hUXXm90aip2lHa1KEedyiEIkL59IHf7%2BbtbiBWDp4kddqOp0in7Z3aP5TuaAYdKddCxrhnjgKiapqeCwNWAWmCUhzBNMGbCDJjTJjvKpogpimOM8GGAOKlb%2BNmQKkr7Mz2w%2BtKFB7F7ms1iU%2FYrJ3SgEotkoy1s1J90pE5dgxq%2F7YXBGLYtrHYWOVkZcicrr4g4nYxLQ8tFjvwhNG0z6UxeZXja0h54Kpzc13S4iOxcr58sbpsVcACxHhD%2B6WpTfDtPzZCth7WxqpcGic4xzvmXlNIViHaXuUvRAyegRKzy0ghb1D4H4hRGo%2F6cvNABJhiu21kELuO1jF2735gwFaX%2BBaXwFCV4Qr1GaQLWGzRbfo5Sk8Q%3D%3D&mm_sceneid=1_0_2438600170_0&a=xxc%3Dad_ztc%26mi_id%3D0000W0YUdXQWXEGUcCv4XPGMvPftOBI9A-0Y8clLxUZqono%26skuId%3D6173615410301&id=1008007987580
991705729490,POPMART泡泡玛特星星人123！星星人系列手办盲盒玩具送人礼物摆件,64,¥,券后价,黄金宝贝童车有限公司,果酱正版盲盒店,,1000+人付款,广东 广州,"店铺满39减5, 48小时内发, 包邮",款式类型:特别版 | 出售状态:现货 | 品牌:POP MART/泡泡玛特,https://g-search3.alicdn.com/img/bao/uploaded/i4/i1/3295247037/O1CN01r2XlLt21r0DW7TC8o_!!3295247037.png,//item.taobao.com/item.htm?id=991705729490&ns=1&abbucket=10&xxc=taobaoSearch&mi_id=00008oNZBnTwtm74s1plGxsQlS-gK3CMp6Zt6EnWpxp6ayk&skuId=6127470806265
967348760360,POPMART泡泡玛特 CRYBABY哭娃 Vacation Mode On系列搪胶毛绒盲盒,20,¥,券后价,卢什大可乐,XLL TOY大号玩具,回头客3万,4000+人付款,广东 广州,"24小时内发, 包邮",款式类型:隐藏款 | 出售状态:现货 | 系列类型:联名系列 | 品牌:POP MART/泡泡玛特,https://g-search2.alicdn.com/img/bao/uploaded/i4/i4/854130513/O1CN01LyzSxu1Ff0IXMO6mQ_!!854130513.jpg,//item.taobao.com/item.htm?id=967348760360&ns=1&abbucket=10&xxc=taobaoSearch&mi_id=0000mydO2oEJx2uCsI4pNrfkW3IRrXlTnnA_AlkO98n2lFo&skuId=6013999249266
808618776636,POPMART泡泡玛特 SKULLPANDA声音盲盒潮流可爱桌面摆件送女孩礼物,199,¥,券后价,大肥羊998,POP泡泡盲盒,回头客3万,1000+人付款,广东 梅州,"店铺满10减5, 包邮, 公益宝贝",出售状态:现货 | 款式特点:关节可动 | 品牌:POP MART/泡泡玛特 | 商品状态:拆盒不拆袋,https://gw.alicdn.com/imgextra/O1CN01HDIact2643xamXGtr_!!2663227607-0-picasso.jpg,//item.taobao.com/item.htm?id=808618776636&ns=1&abbucket=10&xxc=taobaoSearch&mi_id=0000j5ri4OQ2YCtc18eqEULv6tWhHwlAufx82bJnAYVWD3c&skuId=5491777932329
813335919028,POPMART泡泡玛特CHAKA逐光精灵手办盲盒可爱玩具礼物创意公仔摆件,199,¥,券后价,大肥羊998,POP泡泡盲盒,回头客3万,900+人付款,广东 梅州,"店铺满10减5, 48小时内发, 包邮, 公益宝贝",出售状态:现货 | 款式特点:关节可动 | 品牌:POP MART/泡泡玛特,https://gw.alicdn.com/imgextra/O1CN01EpuOWn2643xaV8IFu_!!2663227607-0-picasso.jpg,//item.taobao.com/item.htm?id=813335919028&ns=1&abbucket=10&xxc=taobaoSearch&mi_id=00003fBwHIJbFraQhKb0TbD6sn2pWlS5PHFrghhCUk0OQtk&skuId=5678212023191
963425376136,纯手工泡泡玛特小野天使改娃diy摆件盲盒礼物摆件生日礼物含礼盒,319.13,¥,券后价,七月份的小米粒,Hirono手作,,800+人付款,浙江 宁波,"淘金币已抵9.87元, 包邮",材质:PU | 材质:塑料 | 玩具类型:公仔 | 出售状态:在售 | 品牌:POP MART/泡泡玛特 | IP名称:小野天使 | 适用年龄:全阶段,http://g.search2.alicdn.com/img/i2/505600194/O1CN01NJ2V3c1DItrpdJgLp_!!4611686018427386050-0-saturn_solar.jpg,http://click.simba.taobao.com/cc_im?p=%C5%DD%C5%DD%C2%EA%CC%D8&s=617840687&k=2361&e=kBXqZTnCm%2BSSShltp20Jkd%2BBAs1gM3sMv8uJCc3IeKOBL8P8RhpDpUADs%2BYQuSi0qgeEQC%2Bf83p7vK7fCdgFN6qfHuBGh%2B4dY2ew9LqjUrRK4LmmiUizcta6YYKxzzySEBPXYk526z2355RDL1eDtzfExuk9C%2FjTyOCmtp6YMbLtVL9lhSfJ02KhOzQEf53SZtyvZRQaUTVGkD3uyvwdmL9KT%2FS7Tj%2FuL0qE%2FrxxEIFpYxgvRaxLsSjPV%2BrMBWWAZryzgDv02TXm2%2FEe6mGQpcnp7WV8A%2Fm8iuyQefXj1UREHAkn4TrscklmRztlDtx4VBSrD5%2Bw%2Bz7Go0tfpqACkYQSr9aL9%2BhP2feWpn9G9EKhT%2F7rrqrLw%2F2cL1b8YKB%2B3qoHY4XsJjsYWjOn6NyWBPX3OwavjSnqeV6fcat1Q3tSxXf2qcHCFCrOLWiWWQN70%2BbcXzDvi04Ym%2Bb4oDmhA78XFDE8D8Nau5ij%2F28ycQ4ldJFJn%2BK5UD7w0beI97NbaE3sAvk0qrNjVGP1zkZnh6iJB3yMkPpzX3ABwm2qNT8BIBCntXyAElK2bECCefesnMLU%2BWSksxZ11U7g4Oyi4v3I4k7pyTQuo1xFQRw8KO0EcgIpKcfYCRvjjhQSrmJf4uBSeFc1qgcnD39rF5qmjtF8mbPSGyxlt31%2FfqjPEbHlVDAegT9MWXy0XVdOQTQARVTgo06A2kiW0kLuji3IhUawwL94OvLZeWbc%2BvWoUcLay9IaaoHJ2vvpB%2FUE6ApkOlF8y%2FgWEahStmxAgnn3rKErQQLaXXMbtjtLvIFbvFVnT6OX%2BSuz7Gjw7E8fMWcTrmLDaSiIzs9n6Psfxvm1X2C5qY8FU3nGFXgX1Jdd7%2Fc5gDSlbd9zcCd2hZDD436th54Kpzc13S50D3WbNsVROuYYNT2rvM5K%2BOqdXhn%2B%2BpQZXenZL3jwHUpjemMd9LOS957%2FT26n8Ler%2BkkGPTkaFP6ku%2FD2ZTvbOnvf%2FC2Q2vUtn%2BjWIVnVmYVhn93CLwVSHBzULfSbPohguamPBVN5xrBfze9%2BNPKrZaBEigdy3RgO2BUDR5ROv12aG6tfa%2FdTS9kx7yPIYIQypYTFOMJu%2BMypX2QgGOV%2FD4ahd8WiQ9BeGCet4avbvOLuCElWZBbzijLl%2BBJQF0vVx1JV7L4wk9MNNox6oTn0gMW517KqA4TcOpJARO1ClOKJevn228%2FVzDqLDzUydrTk%2FtqhwHDkrdQW6goFFf9CAzPt7ME8sexnxIY0%2FT89YiA7SG1%2FWkTTgeu32r1Cr%2F0QQistuklQXPKP0nt9MWlYocbjzJZHL4DlRBRaDUCo6q2QgBVzXpYZ11suKa2%2BYYtUK1kH%2F1pBsIEZPgErgbLB2JDRHrWPuvTvr1BgikykOHPuSc5lTA%2Fw28Lz47HnXhRtwLAt7s5GP28yB9CGJ1JLfGkl9R51rBqW48QLAWTbLh%2FPqr4rSCPjZ2QkAe7msqCWdKngXnlnVy%2BU0g8ff0S2aFK%2FuYzus1PImNBPCNNK433g0833jxds9OloLSkVcaeCVE%2FM66ZTwh2sZWKdkRRcIR90EviBDKlTYewiPP0ao5PqtSydJfi957QV8kuAyQLqsmP5%2BzYaDshhzz9IEK8GThwMI2PmrcemZ3rDbDe3N8WC9p9g961OyGHPP0gQrwbUYfhPIcK4Y8rUe1oRWChzI0BND%2Fnytn19LEhVyf2sW4HqM4nC9GB%2FYugivNAoZi3J5RRzIwsuXt949T4NE1n9awlJkss3Qm3UI7fCIPJoYXTnT6bLqiBGQEIQcO1SRr56gae75RMe3YYnwZt6czrIA97f6EgZ%2FF%2FF7RDMAQ49CeSuN067nb8%2FUQ71brVJ9krxVK47Pno0%2FdXUz7PfvHwn0FTHYscdbBZl3D8%2FEnkVcip2W88z4kD4pu8PX5Kap0%2BXgi%2FkZcn9Iur1mwkli7zyplb2rtNNYibEKJvL8rsDosB3h%2BNiHpjLyWNJtJfSXiPrXgqfFkPOENGomNKzSqLfFk4h54%2B0QbVNi3sw0FBB0212MmdATIFG2pROo8DayhJce47PTEvx0PENNdCiDgM5B6XcSYi9i%2F8zrcy%2FGKQ1gE7TZiUfP0T3pRHdOOJ8m9RUOG1O9cM%2BuIHCKhNVugSfWaANM72dYvb%2Bh7Cu5eju1cX%2FRqxL0jAAkiEucFhs2mrOg2kW5eNKTiZ8vo48PFBpR8nMQPKFwHgB0rg7q9S9FwxTJ8NTOM%2BJ9Pbuf2DP2A69hdPgLW2YLpYxdVkpPLmZ9iBSE2M7l%2B39yOJO6ck0Lr0FslCOEBhUeRIpqGVuZCgwrxF0cC%2Fc98c8fAO2wQetx6FeZWBpsWS8f0nh%2BURLBw%3D%3D&mm_sceneid=1_0_505600194_0&a=xxc%3Dad_ztc%26mi_id%3D0000onEUQHabmbK7_d9en6prUPj_9lJT_-IV2_KtDJHP5Ec%26skuId%3D5732198110070&id=963425376136
912452563412,POPMART泡泡玛特数码宝贝冰箱贴系列手办盲盒玩具桌面摆件生日礼,84,¥,券后价,tb160998713,SP正版盲盒店,回头客10万,4000+人付款,浙江 台州,"店铺满39减5, 48小时内发, 包邮, 酷动城",款式类型:隐藏款 | 出售状态:现货 | 系列类型:联名系列 | 品牌:POP MART/泡泡玛特,https://g-search1.alicdn.com/img/bao/uploaded/i4/i3/2208399554429/O1CN01ac64cN1iaXDzLuMF6_!!2208399554429.png,//item.taobao.com/item.htm?id=912452563412&ns=1&abbucket=10&xxc=taobaoSearch&mi_id=0000ReCg5yeyW04QdeN3PwBLtK87rFP3UN09DiA3nR2zlXE&skuId=5945218299036
1013797958224,POPMART泡泡玛特星星人怦然星动系列潮玩手办盲盒公仔摆件礼物,69.9,¥,,tiger_toy,TIGER TOY,,45人付款,广东 广州,"店铺满299减5, 24小时内发, 包邮",款式类型:端盒 | 出售状态:全款预售 | 品牌:POP MART/泡泡玛特,https://g-search1.alicdn.com/img/bao/uploaded/i4/i3/720952235/O1CN01jl5gRj1SNgKFwFt2F_!!4611686018427386795-0-item_pic.jpg,//item.taobao.com/item.htm?id=1013797958224&ns=1&abbucket=10&xxc=taobaoSearch&mi_id=0000Dsrhlhyo-R7iNER70V32gfACd-54yrGreMkAVFGg8C4&skuId=6018570556342
987084111657,POPMART泡泡玛特DIMOO限定时光系列手办盲盒玩具摆件礼物,79,¥,,泡泡玛特旗舰店,泡泡玛特旗舰店,回头客20万,1万+人付款,广东 惠州,退货宝,款式类型:隐藏款 | 出售状态:现货 | 品牌:POP MART/泡泡玛特,https://g-search3.alicdn.com/img/bao/uploaded/i4/i4/2885348004/O1CN01gj9AWq28ztE88b8Ql_!!4611686018427382436-0-item_pic.jpg,//detail.tmall.com/item.htm?id=987084111657&ns=1&abbucket=10&xxc=taobaoSearch&mi_id=0000W8fAdFdEA7264eN4fdWDfXWjBF3ATKyu6DHvIJSJWOU&skuId=6162531199635
801199885207,POPMART泡泡玛特ZIMOMO大首领天使LABUBU搪胶拉布布大娃毛绒公仔,298.9,¥,券后价,曾啊啊啊啊81373209,巨无霸正品潮玩,,100+人付款,广东 惠州,"店铺满88减1, 24小时内发, 退货宝, 包邮, 公益宝贝",出售状态:现货 | 品牌:POP MART/泡泡玛特,http://g.search.alicdn.com/img/i4/6560205617/O1CN01TWMktk1rMdp2eGr15_!!4611686018427382577-0-saturn_solar.jpg,http://click.simba.taobao.com/cc_im?p=%C5%DD%C5%DD%C2%EA%CC%D8&s=617840687&k=2425&e=O6XsoioQJGKSShltp20Jkd%2BBAs1gM3sMv8uJCc3IeKOBL8P8RhpDpUADs%2BYQuSi0qgeEQC%2Bf83qJJsTcpsylFYxkbMYhNivGQsBJKqFjRttK4LmmiUizcta6YYKxzzySEBPXYk526z2355RDL1eDtzfExuk9C%2FjTyOCmtp6YMbLtVL9lhSfJ02KhOzQEf53SZtyvZRQaUTVGkD3uyvwdmL9KT%2FS7Tj%2FuL0qE%2FrxxEIFpYxgvRaxLsSjPV%2BrMBWWAZryzgDv02TXm2%2FEe6mGQpcnp7WV8A%2Fm8iuyQefXj1UREHAkn4TrscklmRztlDtx4VBSrD5%2Bw%2Bz7Go0tfpqACkYQSr9aL9%2BhP2feWpn9G9EKhT%2F7rrqrLw%2F2cL1b8YKB%2B3qoHY4XsJjsYWjOn6NyWBPX3OwavjSnqeV6fcat1Q3tSxXf2qcHCFCrOLWiWWQN70%2BbcXzDvi04Ym%2Bb4oDmhA78XFDE8D8Nau5ij%2F28ycQ4ldJFJn%2BK5UHiZJnHIuafRnGltjk8hn4fbSbtUDes%2Fumc3Cu127qZP2Vq45hk4Cgt8wYoeTbwTvwaE4YdAB7aucmQwQJtQsPCavP6C7z8k3fF43R4voBxGzjsxs8s%2BVIHaQBCTsNsFcSWEglHBKeVTvGPLcRdy7iXAXQLCdnScwO8CgCP76MsQP0U9OZGRBrEJJ0iA0hth12h1EqgMnmHPkNCaPCL4yyel72EAZjoc2jWYb2zri8UoFuO9rxf7nvPpw980hiisw124AU%2Fnl6o7WvzbH%2Fab2XmRiATWjgKUG3JkMECbULDwffTGpjDfvWRkAXP3TM2QcOL6DkvH%2BXBvt60U0QgQpy%2FRhsxZw2bDLnYofgdtoNSpEiKHjclMNVCJyuviDidjEsDz1QtNxG%2Brxe85c7EzYmqxID5Z6NhfaFPan6mKj5%2FToN481s6xkwZwyr0%2FaMwgxUQ8tsismr9whdR%2BNJnZ3e8dZyed%2FIdKNXntyNclnpjjVMuQjCk8C63xdSROmg0yS0Tzy%2B2n5FOt%2FQbHM3keXqF2AHM2xV1uvSv46JcwCDHuXb%2FM%2BZbg2z%2FaLXdT3jFH5EEWcjgPAngTO8aWrMQ1Kmg6TeFQRdclFJes7y9L0I1r7s9tv4PZhUdpiBIBhyrJJ4hdEcL%2FR390ClE5pP744cc%2BuOIKODDJukc36yFXsqdIt6TsOVNSW%2B5WQFFMFCUT0q7bZJFS0oVpZyXNT14X9Jr0g4IE1nTKFrTG1LwXF2kzpV6DrdjnKt%2Bpq1VDyIhtyUd51o%2BW5sMrpxbb0HhY7x1jLm4Mb65%2B%2FBTqrI5mgTWivKaatWQi1PPk31r8erQ1Tlp69cmjrkj%2BJhVcw4Cs4mLVv6DMGpsw4PdCNk1uTHIaQoJccsdbsy7fOlOXeBYCKS9sFSxMDgzssGSww23VCdl3VRdh6YdoGeqUlWMIWKWXxqogf4MK49gK7tNmpnoFMiq1y8fRFwGHH2I7LqMhBODsPTd4uEAKtlh2MowFwaaE3a71p01jWQafvBOMlxR3tWjuNYbi%2B4G9t5PPgFcQMKpZ01QQL1mBwsHMz8ObiBj2zdYz%2FLhKDD%2Bmin0G%2Bw5f6WNiqQMIB8u9nGXgYebN3uMb0DwMlec1rqxtBj1Mj8SfRFBaLZ1uoNUJqke2Ie9y7UF4iUEgoWrEMT3AkfRu8zkCsJdmKKodyv%2BWRdrDDJauQXiJQSChasSRp0NLamRf6vDIQlGEPjVcTsMPLuHQaWbvkrvKgWiPwgeCNXkDFA%2FxJX%2BnsTfMNQMVbcOyu35vcWZ6sibN3AboKJe%2BMM4gFMU780CQuzhp8%2F3iagRpIky2%2BIj3h3W1%2FrhAHnlNEpJ%2F5kisH0OCWesW2d4MmC%2FC0DwdZyed%2FIdKNb5ZR%2BVBXysmFoUBntSaGXRbdMHhjf%2BbvhsRlg36XsHxjv6F3g1yhZTMs1kGMVArgLL23yYnnwDqAKHe3u3A02Jh8WpQ7LhrGlWRmt0npDOMUir5OHtqL86tnGX1%2B%2FizXn%2B3ufOc58n9uDR2AJhcjxi6%2F0D4nalPFPul6VP0lQqJQKXBugi1iQtJb115pgK3cydZ%2FJixlimES4X7OzE0G7dAf%2FCl3pq0HccurUCnhVZWa5aeRKhRTnb9zlq63NYLNY6l635OyKB3lIUiEqyKAyBIbhGAGZSEVBw%2Bk6XHkIdy3o0yndbxXAYnZEkIXa7e8WXqbRx1xAryiQqs%2FhTITLOlVXRFeFXO3oQagjEuqmFpQYUXNvW7O87fPlFWDbEQp6gPnKNSVp7tMI9UepjvQ8H1K1cWhNl6y%2FZ27J4jhdoDBJ9oaHExoRU4DQKlFFmYoXJkMECbULDw6%2F0%2F9dPw7et3R2PwdShsqSOmle5j%2B%2FAsvGPLcRdy7iUiSI2v9eivaPfJgIdmSF9WxzLpTwVpDuyPThulMpicZQ%3D%3D&mm_sceneid=1_0_6560205617_0&a=xxc%3Dad_ztc%26mi_id%3D00005vr2rbhLpf_lIAplZmGKgxR8MD_IOuOf0J-gIL32Ga0%26skuId%3D6196482795433&id=801199885207
987084819701,POPMART泡泡玛特THE MONSTERS 十周年系列手办盲盒LABUBU礼物,59,¥,,泡泡玛特旗舰店,泡泡玛特旗舰店,回头客20万,9000+人付款,江苏 苏州,退货宝,款式类型:隐藏款 | 出售状态:现货 | 品牌:POP MART/泡泡玛特,https://g-search3.alicdn.com/img/bao/uploaded/i4/i1/2885348004/O1CN01NbTglF28ztEK434Xm_!!4611686018427382436-0-item_pic.jpg,//detail.tmall.com/item.htm?id=987084819701&ns=1&abbucket=10&xxc=taobaoSearch&mi_id=0000NOn4BC6Gt2Nw4W786_6maN7fkjafz5bEwQIVW45SjXs&skuId=6021279468592
823743945134,POPMART泡泡玛特我们都是星星人系列手办盲盒潮流时尚礼物摆件,85,¥,券后价,有鱼狠幸福,潮玩大玩家,回头客6万,2000+人付款,广东 佛山,"店铺满80减5, 48小时内发, 包邮",出售状态:现货 | 系列类型:联名系列 | 款式特点:静态 | 品牌:POP MART/泡泡玛特,https://g-search3.alicdn.com/img/bao/uploaded/i4/i3/3465404515/O1CN0102TPOk1jDvDSDLne1_!!3465404515.jpg,//item.taobao.com/item.htm?id=823743945134&ns=1&abbucket=10&xxc=taobaoSearch&mi_id=0000UqmN1lBVwxdlocJbIPmVmru6ySbSaim0951JYOs26AM&skuId=5706797066961
843772735076,POPMART泡泡玛特MOLLY面包脑袋系列盲盒手办潮玩蛋糕摆件生日礼物,36,¥,,看不见的泡沫,YOYO家手办店,11年老店,4000+人付款,上海,,款式类型:隐藏款 | 出售状态:现货 | 品牌:POP MART/泡泡玛特,https://gw.alicdn.com/imgextra/O1CN01nHQn6w1UMQRKeB7bU_!!23432503-0-picasso.jpg,//item.taobao.com/item.htm?id=843772735076&ns=1&abbucket=10&xxc=taobaoSearch&mi_id=0000MUFSplmFINbzSVzVqPkaot2h34oDFEdq6ngcIp_xoMo&skuId=5790231299269
838435439812,POPMART泡泡玛特DIMOO梦里梦外系列盲盒潮玩摆件可爱玩具手办礼物,60,¥,券后价,有鱼狠幸福,潮玩大玩家,回头客6万,2000+人付款,广东 佛山,"店铺满30减3, 48小时内发, 包邮",出售状态:现货 | 系列类型:联名系列 | 款式特点:静态 | 品牌:POP MART/泡泡玛特,https://g-search3.alicdn.com/img/bao/uploaded/i4/i3/3465404515/O1CN01PQtHdZ1jDvEVcCiKW_!!3465404515.jpg,//item.taobao.com/item.htm?id=838435439812&ns=1&abbucket=10&xxc=taobaoSearch&mi_id=0000eAbfDkgfy5m0-y-GA6lv_NIvXgMqhGLT782y7PLrBpU&skuId=5600200184767
961660866986,POPMART泡泡玛特CRYBABY豹豹猫猫系列搪胶毛绒挂件盲盒,79,¥,,泡泡玛特旗舰店,泡泡玛特旗舰店,回头客20万,6万+人付款,江苏 苏州,"热销爆款, 退货宝",出售状态:现货 | 品牌:POP MART/泡泡玛特,http://g.search2.alicdn.com/img/i2/116045295/O1CN019f24QQ1ozAHiYfuyD_!!4611686018427385327-0-saturn_solar.jpg,http://click.simba.taobao.com/cc_im?p=%C5%DD%C5%DD%C2%EA%CC%D8&s=517802972&k=2401&e=UMF6871TQ7NLgQk7IYyN5x2L%2FQeTy81mVRJq5h6JmCltBJMfjUFtzErs1xWq%2FRmjviELYq2y5AtGzwTAa0YSsr79RCzTEDWYu0L2szPP2Shttc7QCmD4aXMZXEvYKGjwUh7IvEhGriMqmPD5hklMHtAXS3I7sjwBGJyoWl%2BqVohUD5trAU34LQg%2FCWf6%2BgvgfH3bJHtiM5Er%2FvxHiofu8YGeOFyn9chkbIJzZKekjeRYVRzdGsnVi%2FqyayB5%2FVcGc7kALoXDP1KErGXtlxAsi30npKxAaFkvFtFQTz%2FYiOBDO%2FjzujHzJ1lE0WmujijnJ7njaFa6YYvl3fi47xuGq9E1OnnELQV7G5sIsnuEzfJoEsYNv756N4d0vmaojnoosOWA97X6BndNsosweJMitTdZ4DeoZU3TOeDw5aldGL4WRFpMAAAcBeNjfc30iq%2Fjv%2F2n1qLpwGAAmNFG0fUDeNZeuFTP7VDhn%2FPMPTF4m%2F%2BDaVVka8Jo1h9tZtRLCIzGFdNg8LJdmW4Lgyu0Hzw6XmUnQl1n%2BrCiaAERM8Q%2BGyOZC8xA0oE5bXgVspLV7kwgJiHu5B3TlupMONb%2BXu5dzlO679%2FQ%2BZSUnqknzgZAvnPquy8V9Gb%2F0%2B0auJ8XkQJBgAJJjcTyfw3jV227NCjuuGtGG4%2FLuFfI1WZw4VfSFwDp7psWL5YHKlHYCSarAAc01qC8ZMBDYtrRy5TwO8qhbjLczVTnI%2B8xvbfQ6d0GZGJohf4dNgzJdNadPizUEGbuO1%2F1sQJwQtFFDLhTXAFf5FXRbT63BZcpUGGqe77ZUCjDCC5bxhzvlZurJaU8EpIvLCnevb%2BC0uuphy6%2BAZAlwfyJAFeAfnEmuiElmJ%2B%2BryTD2n6uJ0OH5%2FW%2BQtUwI%2BBlk9bD3oTWzh6RF%2BpgmjC%2BI439GpF8oU%2B24NZArQGhMg1J3PrKuV%2FwXQAvZU5m90m8QDikYdnu%2FVovJw6ha4ZutyBizQSdUx2203wOJSwlyhoIRt59ABCuQj1uR%2FsSFJFLoNxoz3O8gCwy1DNyTuzXBs2EmfY7UbsPtQD12m3jPYzCW64rLOKRq8PWTiVJ%2BhLGkg%2FuZg%2BBerSvBhAFc0hEjCHljrFaj5rSBs0UH98O1vsIn8RMKsB2Hd2MuskZrtAiY2FlHnAMfH9CwaD4BsUIeSktfM%2BhzQkCNkUhMUmgsxRnoOvJNIUb2EFDRCRNnTtguP%2F6mO1eES%2FV7u7c9gG%2FQp9gnQ47mftRA5PbapU3VDfkEJw1Q6sTmpumx%2BT4E59qnrsEphaPmk56qX1EaQr95js13XJl5UU4y63%2FPy2FHsVTuu%2Ff0PmUlCm0r8LuqsC1mUUYrvNpkA94FbKS1e5MIB7%2BYtYyN%2FQd6rsvFfRm%2F9MLNI%2B78fdvFipUBIVMUS9QKj%2F1kN8i%2FQJ235%2FcOKrKquftpALOujRCs3Q%2BQGcNrqWok8VWLPHlqunumxYvlgcqWCxTLWoQL5Tt5jXwd6%2BJrngVzytCuWwF6QiGUk%2FHISn3Q%2F8bJGa2GtDeQ8e1BCvGOKwzrxqaAXbcSH%2B3G5YYn5HiZPzcSatLn0FhecJbCFh17LPA24yb0iKDHj1H%2BJnICxNsx%2BfwVPvZKowVJ%2F2RO0xBCB5RDVzXckTkC9kX4FMrDzlDp9GINb%2BaOBobVVL6DIqS6CqyUX1yROQL2RfgU%2BkzgKyFWvsUQQUUnXZbajaGwR1EgW6ijY5KK%2FYVTOzF7fYEXqW7sQgGTWNCFXxEXK8AgzdJLUXZ5TwIFXcAug%2BvObE4M0K%2FrGffQ5dggzAwEsDRYBeKPanaAdp3QM0aBjEYXm4bC65QPngrSmLmpBgYnh4Uc0ZgHyaIziVo1NOnEp6ybvuxXEpbQsp4p6mBS8%2FGdFQ6%2Br69oeBcq72drBhQRwalgQ3omAK86tEdQhirOgofbh8B2gxky7RGWFizOsr2KX3BYXLgEmPwO8iWLmc5uIbpgqPxGn7gUXYDTdt6nbuy4ScIB103TS9xAao4StTPA5NY0P25GJi0yrYIH8ZLcNtGX7diq3FRW3wZh19hAzXYHsscAcO254KyhLmqNWqph5NmkIg1FdWa3KDxrYAH31rMb6SoL2nqU5Fj4QVv0mev46E4YcCoJcAvwHFN6i9Gc0F1PFJElpKTvSD%2FEMjzB4dvvt4gydkH3mmNzK%2F1l7CmYqosFdd9OzDEoOJlEV1sJiHFc5XZ2TKONYVnkgvVb4uKVrhWnbYhhjK3v4o9MKKTetz%2FfqdycO1ZgJ0vk7D%2B5BiVboX0pht8KhaUGjSUZhVXXSbgqTjmo26wvw8govaXFqM9gLWY7dCxbHvP86HMOzTPcCHwM1CIjeYFbxaizeJGDsT9h%2Fl5p6Gh1SJF7eY18Hevia54Fc8rQrlsBa0HCZeJ0%2FlR&mm_sceneid=1_0_116045295_0&a=xxc%3Dad_ztc%26mi_id%3D0000OimV-1EZMC64GBbPN7hyvkzNEDlUfh2ksaVg4pNirZE%26skuId%3D6081574355537&id=961660866986
990354622198,POPMART泡泡玛特DIMOO新生日记系列搪胶毛绒挂件盲盒守护安全感,104.9,¥,,李超越0922,TOP DOLL 俱乐部,回头客1万,8000+人付款,广东 广州,"店铺满299减3, 48小时内发, 包邮",款式类型:隐藏款 | 出售状态:现货 | 系列类型:联名系列 | 品牌:POP MART/泡泡玛特,https://g-search2.alicdn.com/img/bao/uploaded/i4/i2/2660786779/O1CN01gU7CKi1zwq3Ib2Lly_!!2660786779.jpg,//item.taobao.com/item.htm?id=990354622198&ns=1&abbucket=10&xxc=taobaoSearch&mi_id=0000fi3yw3wBxq9XWMKazj4TMrAsLVj9p_d0wJgLK2u_LFY&skuId=6125211058236
988607074017,泡泡玛特CRYBABY哭娃 Vacation Mode On系列搪胶毛绒挂件礼物盲盒,89.9,¥,,tb6758051490,泡泡潮玩 只售正品,,6000+人付款,浙江 杭州,"退货宝, 48小时内发, 包邮",款式类型:隐藏款 | 出售状态:现货 | 品牌:POP MART/泡泡玛特,https://g-search1.alicdn.com/img/bao/uploaded/i4/i2/2210537658161/O1CN01q8ljeq2A9nOODD1kM_!!2210537658161.jpg,//item.taobao.com/item.htm?id=988607074017&ns=1&abbucket=10&xxc=taobaoSearch&mi_id=0000KN1T1sqTZgGKzj56uVwQpVsnKtfGx3Yz-q7MM5PDQnQ&skuId=5954399248793
988397565155,POPMART泡泡玛特小野Hirono公路日志毛绒公仔挂件盲盒周边礼物,129,¥,,泡泡玛特旗舰店,泡泡玛特旗舰店,回头客20万,3万+人付款,江苏 苏州,"超级爆款, 退货宝, 包邮",款式类型:隐藏款 | 出售状态:现货 | 品牌:POP MART/泡泡玛特,https://img.alicdn.com/imgextra/jz3_4/2885348004/O1CN01M8w3eS28ztDlxBWRP_!!2885348004-0-alimamacc.jpg,http://click.simba.taobao.com/cc_im?p=%C5%DD%C5%DD%C2%EA%CC%D8&s=517802972&k=2413&e=6JdXcbC7qx5LgQk7IYyN5x2L%2FQeTy81mVRJq5h6JmCltBJMfjUFtzErs1xWq%2FRmjviELYq2y5AtGzwTAa0YSsr79RCzTEDWYjy0mAMhfXGpttc7QCmD4aXMZXEvYKGjwUh7IvEhGriMqmPD5hklMHtAXS3I7sjwBGJyoWl%2BqVohUD5trAU34LQg%2FCWf6%2BgvgfH3bJHtiM5Er%2FvxHiofu8YGeOFyn9chkbIJzZKekjeRYVRzdGsnVi%2FqyayB5%2FVcGc7kALoXDP1KErGXtlxAsi30npKxAaFkvFtFQTz%2FYiOBDO%2FjzujHzJ1lE0WmujijnJ7njaFa6YYvl3fi47xuGq9E1OnnELQV7G5sIsnuEzfJoEsYNv756N4d0vmaojnoosOWA97X6BndNsosweJMitTdZ4DeoZU3TOeDw5aldGL4WRFpMAAAcBeNjfc30iq%2Fjv%2F2n1qLpwGAAmNFG0fUDeLl1qhSpRzAy5PduNGfNMu1QGyg8Uu3%2FmdrisGpn3gqMLRNi2iyaJlHxp57qZVVuXmOWDxGSbzCC5neFA0OikocYHJy2HeJG1lo79U2kWeFdzqaSAhB2nruCbcft1o7soT1jKq8EG%2B1ZEyiQRRU86hKa%2B6MV0l3P5Bnwa3mUwwvn4m2zbLAyRM%2FYZ%2BnDnk0VdXzxYpHPYNKH09UFOYt5XlACs6K0ISEmpbQHSz%2BsZepi8r3XKPhiDHoZTnz8D%2FrV77NKSclAkMB9n%2BbRCvHGHHGL3Z%2F7sUkTMOeiJiZ6mogJJLWYdCBstirwZUdxsa7oHcCM5CKOCqtD%2F1QO0EgDgDucbi6KJ7HrjFbsVuuHfyHI84xISV%2FYMNv4z9PyMxfCz316tCW5SiyX%2FIFGWES8LJXe3r%2FdmbxN4dNXvtP74vmqYJ%2FUY%2BZyb5990N6jW10yRUBZLwwMLFRyw0Mr9yShXZKw%2FuQYlW6F9NOzR2fXMkF4DKjrps4PyKwAK6goTEohSVo79U2kWeFdT8AgYfWBcHIBXUo1dO8%2Ff0EQ80UD6WoBfw2bcqLcsbHE4wBQ6597HSwp3r2%2FgtLrgZ22b25vOEyQzPJRDm4lw%2BlI6mmicckjn7KoPrjo%2BMpWeD0fNh%2B%2FY8lPwbf4trDsxuYoaacwFDF%2F5V5yDI3wS02Dc1DK8yxX61q0Yi4bXmwHd%2FRmJyAnKyuopM6DA1fluNdUMTQGCpxq3kVhnN0Sgq5SFuwpYi9Ikj11N45UyDZotIskDMkZdnCuKURNcnfybmiuKG4H6gJ2%2BaZ406TbJ1FVsgovrZfo3%2BHyMrerz%2BCAtEFeoT8M6xtKF%2Fdj9iaVrJ%2B3jUwUjjtz5UTqoe9V7zkv%2BMa8UHkdPTe8hn3U2Rw9YyqvBBvtWRrNZ34zfZePosYYcQkeZwEZ8Gt5lMML57YiJ5xIS%2Fj8jBGx%2BQNF9E8rnjXGk%2Ff2e9AUcFv4F28ReyupfNkOizQ1b0T%2BzO3cZnGLY6bi0CZgqYSZVW0q2rMP8icobJKDVBgaVhjkkc4t6rrqcJNZ2sCVLzYteTge1s8jhPe8GguaNPPGHQdZivv1eESAAdmAD3m5dGk7ChXaITopb7l44vtBaRVKD0P7%2B2%2Fh8xnoAwHO5aNIipJoTgRfmGYnyQCQGIUbM2qFzn8F97%2BhOwNh714A6gY%2Bb2yRV1o79U2kWeFdiJuPryqafgCC7btwpOoK4hPJHZHOJgM4Wjv1TaRZ4V1vkRrltWZ58pYePhL94tfHlfyr6RJwYcnjlN%2FzF3Q9rYplqYkfO7nfmC5%2BQctdXsbpsI99mUKvWCUBQpLEBDokReZ12mCx3NyzkojdtODFy6yUPX3upO9q%2B%2BFZfk4A0yCcD9jYiIdBKfG1PaymFz7FQ%2B4Gfy6%2BmbS1KC%2ByYjNMBBxjWJNtyOObLaqlmEsPpn%2BSHR%2F%2FD0%2BGfxehLYbIpT4A5CCT1efX9Etngk%2BLrRxVDMUGypwawxzB2MvqJq7xjALvRwohokrzYzUrsGoy8FDhJzS%2BUxJtVKygUUQWdL%2F6Ct5tH6qyXIC3BX3J7CAwyC4XczrSsmPaRnJdmt%2BBhy%2BrGPPsTE1DsLGIFvakKpGP23Z64lVd8Q0T4sK1v7bpwSaLN5mdaBOc%2BlAHGAbj%2BzIIrJHf5xcR%2Fa66uaDYcacveDm6JTKdDMUWmcGBfr4RElCVRbNVEpr%2Fer6r%2BjIN%2BF1nt2QR3VTngjacmKyfI47RsqGBt7syrM4lJ0geK98NcRPdadAvg5GKlllf5iXphy8LHu2YGJd4w5fTgVUlg9jGCwyo66bOD8isZgsMWLeuP2aBacGkY0tJXAUNkEDqK6RSUzU%2BPyVN5s4RZJkK0s6%2F7wuQfZ8t%2BE59WqxqCsAe8jlgDqyh3glAUifiQW%2FvLWiS7kR00uIR%2BvQJCo1oAaYipOq66nCTWdrAT1fao3%2Bl8LM%3D&mm_sceneid=1_0_116045295_0&a=xxc%3Dad_ztc%26mi_id%3D0000io-oyI8ozvXh68Xxjc-IOq1zBwM9yQLnifwSnYrdVmE%26skuId%3D5991689369992&id=988397565155
912598197303,泡泡玛特城市乐园限定款拉春日花花系列molly花捧杯陶瓷杯正品,199,¥,,牙牙与小雨,北京城市乐园限定企业店,,200+人付款,北京,48小时内发,材质:陶瓷 | 容量:240ml-500ml | 产地:中国大陆 | 包装形式:普通包装 | 品牌:POP MART/泡泡玛特,https://g-search2.alicdn.com/img/bao/uploaded/i4/i2/3855623115/O1CN01AFm7Xf1YsinEy7ZA8_!!3855623115.jpg,//item.taobao.com/item.htm?id=912598197303&ns=1&abbucket=10&xxc=taobaoSearch&mi_id=0000rrTwwNxs0VzwqO9bArsQtTiB3gb4RqvWO4w6ZUbK-es&skuId=5775422952671
969936816834,泡泡玛特THEMONSTERS前方高能系列LABUBU ROCK THE UNIVERSE毛绒,576.9,¥,券后价,李超越0922,TOP DOLL 俱乐部,回头客1万,1000+人付款,广东 广州,"店铺满299减3, 48小时内发, 包邮",款式类型:特别版 | 出售状态:现货 | 系列类型:联名系列 | 品牌:POP MART/泡泡玛特,http://g.search1.alicdn.com/img/i1/1392190029/O1CN01pMtlIi1C5Kbk56FrE_!!4611686018427380301-0-saturn_solar.jpg,http://click.simba.taobao.com/cc_im?p=%C5%DD%C5%DD%C2%EA%CC%D8&s=517802972&k=2413&e=7BdU%2BhEoM35LgQk7IYyN5x2L%2FQeTy81mVRJq5h6JmCltBJMfjUFtzErs1xWq%2FRmjviELYq2y5AsNghKxLnWSxx0qvDdYQMNybotTVwUeFPb43f3vFEQsmXMZXEvYKGjwUh7IvEhGriMqmPD5hklMHtAXS3I7sjwBGJyoWl%2BqVohUD5trAU34LQg%2FCWf6%2BgvgfH3bJHtiM5Er%2FvxHiofu8YGeOFyn9chkbIJzZKekjeRYVRzdGsnVi%2FqyayB5%2FVcGc7kALoXDP1KErGXtlxAsi30npKxAaFkvFtFQTz%2FYiOBDO%2FjzujHzJ1lE0WmujijnJ7njaFa6YYvl3fi47xuGq9E1OnnELQV7G5sIsnuEzfJoEsYNv756N4d0vmaojnoosOWA97X6BndNsosweJMitTdZ4DeoZU3TOeDw5aldGL4WRFpMAAAcBeNjfc30iq%2Fjv%2F2n1qLpwGAAmNFG0fUDeKXaIROJjs4EMh%2FKeP8xDP2ZfxyVf0OQH48PHLF8aG65eWt3YQ1mri3xp57qZVVuXmOWDxGSbzCC5neFA0Oikociw3tBC9Wh2MnQezDcPSxTdn81%2FfgS4wEUKiRO0%2FjAk1XWo2r%2BDB%2F%2BzZV%2BosrkRIcrjWDFfq40fizZo%2B9%2FEUeg8L1L76ztQBxsJV%2F5R9ORvBGB6XU0zbvblqx3saNWZn7BvgUHxXIRmCVKsnB%2FYBu6CZDGtAMUiTVvbHz%2FnnKQfnciWZhEYalhp%2FUK6T2lnkyL3Z%2F7sUkTMOeiJiZ6mogJJLWYdCBstioOq83VMcUmAjv4f028nrG2NVVfDoTTpvjrqyLADFJA5oi%2FVBxyw5US1cTkq1K7Va6YeJkfVqeDXwTmQFEFRyezRgyr23WXIkqn%2For%2B6XVXsEYAr0QWOtiuDHJxVh5lBt2HqHJYDC08WvFBZoWaWApDjQYCRtfRjHcmiM4laNTTp6QBBIgECCtQAulO8m8%2Fwu3jWN%2FxCuSo9g6rzdUxxSYCk1nXlklPaMQhL4J2fD9zfrFPIGZqg8w1LRwC%2BPrEnGFQOTuqJRsB1tk231GCyH1%2F9t93buQESgmsqa0lHoDbSBMnxuy%2B3VCT2CZI%2BUh8CiJ5dadzmPT%2F%2FtRoAKxID2F50%2Bvg6tGlKSaAx%2Fia5QynuB8oYJ7xtuDUsgpiEeFTL%2F9azWZFXiFZLSJKKxABLHrp82j5goqg50MZj%2FvCWLFN59Rm9KY7iDv%2FG9SZC4nmnt0oaCI%2B95o3H6hsvAeJhS6FFUmXoFD74gdx%2BDVOP2Dam49TMVSYZ%2FKJVeMxKZzhlq3Nzl4vM0Qsz5vOpd5WnNK%2BWDxyyQPnc5rJzzuRlOGFl15jO1aUc1uDmdNdFt2cjyE8EOVws1gndVwdiTm1NSuoSa5e8z8JD9uCeeGcz12rlAqSVMcSkUBqXrtL%2FyyG1YdzAVHAo6mybTnYjlxlFkTUoIwoi%2BQK5dJ8Ua3XvDMDDBmDu8BkJ7Xi%2F8JQAzDutUJMNywAy1zTA3KLGYXUd4bO0UCphPutHBLQ0Q3XBk3CbxZrh%2BdsSC7ypevYy8eyPFSEybkq0uwRg7fh48J7Vddq6WpD3dlZ9%2BJuaMG0Vs%2BToG8tuDsdCGjaCp%2B52GeEIOQUlddvBsGePpx5YrfdJvH6daYeyEYZhjsXkGZGkL4gwfCaQtmDiEeV%2Bg%2F2CUYqJ4W1TqBKb9Yt654xmVP5XDSa8JpC2YOIR5XS31KtUvYhiGjd%2FR5sGG7Nc9gQlwimxPB5Ri7FZB78rPacRalocX7%2Bj8RE%2F79QDs2GW3IJyxwl0T6VesPxIge2zzpxinH7bQ3qNbafQdiYILBFcFSGu1GwWCav6WfdDGGvXckmH8qYXQf9nS9CVclSrN0o8ZsOPkgC6U7ybz%2FC7X9w98ocA65gyyd2e7gru2U8tnp%2BCP9C9%2BAYKXidArCmE40XBpcmZj6bDm%2FJ2kQyLQd%2FF0hr9hAsRfD9eqhygenFCY2qFU5TFtPQDU0duCK19cY8Cs%2FFHBkZF0diOoG7rLthQwa7Coh6LPHsi%2BPjlxiXaJxR7CZ9PqIp049hXSd6Dd5keYDshbXWLffmcoZFo3040yh2lX3LESgRY3YRgy%2BZYV%2FX%2Bi0mzaeQXyjmxWYkwUz5lNBTLYo799XL43nfJK%2Bph2pD9N1cI2jKxdo9vDUBiwC19tYFUUFaCN6c4ftKuv%2F5kdoXpIX8gUZYRLwsld7ev92ZvE3h01e%2B0%2Fvi%2Bapgn9Rj5nJvn33Q3qNbXTJFQFkvDAwsVHLDQyv3JKFdkrD%2B5BiVboX007NHZ9cyQXgMqOumzg%2FIrGPvYJcm%2FJbBZaeBBCb1laHJ0Hsw3D0sUzzvas4d5Dy8pq3XKJNdSXnY1LhONKYkKCzZo%2B9%2FEUeg05MsPoi2LNFHDKfbV1C9INFAqYT7rRwSiTql6pahN%2Bg%3D&mm_sceneid=1_0_1392190029_0&a=xxc%3Dad_ztc%26mi_id%3D0000NjDlHZ72pQJwMCs1Gd8NzOA3gGU3b7cLU5UTm3uf-1A%26skuId%3D6083113511915&id=969936816834
961022215615,POPMART泡泡玛特Hirono 小野熊搪胶毛绒公仔娃娃礼物,499,¥,,泡泡玛特旗舰店,泡泡玛特旗舰店,回头客20万,1万+人付款,江苏 苏州,"退货宝, 包邮",,https://g-search2.alicdn.com/img/bao/uploaded/i4/i3/2885348004/O1CN01TWBt3R28ztE0Y0qeq_!!4611686018427382436-0-item_pic.jpg,//detail.tmall.com/item.htm?id=961022215615&ns=1&abbucket=10&xxc=taobaoSearch&mi_id=0000j6aDVrjYS6zyx8UOrMPfUz63dfANSSQUsg0HIT9NkD4&skuId=5900940133080
959601966886,泡泡玛特MEGA ROYALMOLLY1000%漫缦花落·绒公主400%PTS限定摆件,44799.9,¥,券后价,李超越0922,TOP DOLL 俱乐部,回头客1万,85人付款,广东 广州,"店铺满9999减200, 包邮",款式类型:特别版 | 出售状态:现货 | 系列类型:联名系列 | 品牌:POP MART/泡泡玛特,http://g.search1.alicdn.com/img/i1/1392190029/O1CN01MuvBT81C5KbmzqblR_!!4611686018427380301-0-saturn_solar.jpg,http://click.simba.taobao.com/cc_im?p=%C5%DD%C5%DD%C2%EA%CC%D8&s=517802972&k=2401&e=k1YOIpmyqz5LgQk7IYyN5x2L%2FQeTy81mVRJq5h6JmCltBJMfjUFtzErs1xWq%2FRmjviELYq2y5Av6%2FYYTpxUODh0qvDdYQMNymvEXDCQjlzT43f3vFEQsmXMZXEvYKGjwUh7IvEhGriMqmPD5hklMHtAXS3I7sjwBGJyoWl%2BqVohUD5trAU34LQg%2FCWf6%2BgvgfH3bJHtiM5Er%2FvxHiofu8YGeOFyn9chkbIJzZKekjeRYVRzdGsnVi%2FqyayB5%2FVcGc7kALoXDP1KErGXtlxAsi30npKxAaFkvFtFQTz%2FYiOBDO%2FjzujHzJ1lE0WmujijnJ7njaFa6YYvl3fi47xuGq9E1OnnELQV7G5sIsnuEzfJoEsYNv756N4d0vmaojnoosOWA97X6BndNsosweJMitTdZ4DeoZU3TOeDw5aldGL4WRFpMAAAcBeNjfc30iq%2Fjv%2F2n1qLpwGAAmNFG0fUDeATRoWFM1K5JMxkOHn%2F8DgE5FaONrqhKvRTFP%2BgTVZ7SUNrBiSvfUJ3xp57qZVVuXmOWDxGSbzCC5neFA0Oikofzwnl%2Byx7IODbYtx1XkIvw1RtTMs0cV%2FObNy%2B7OjIb%2FwMH1dCMgFtxW29cO3u3%2BZDJpa8BeXFvFBE2gYRi6LEjAoVL3qj083tiN%2BzdPjnjoW4MeZC6NtKCTvpDTKRDpMEO2GX41%2FTHETD2WERD9FfGEu3qnWuxscQZTnz8D%2FrV79UN88R0X9ap7bK5DBpkhDDDh6i5B%2FypBkbo8SQFInvtwZEzGl5PsYk22LcdV5CL8IRngeB%2BXX1RL4uKVSiUg0xwP%2BLsquemp0RK1Tjww48pYKs1fBIJz%2BR7DykmHpNYKAnC7kwwzGaNnglGk72BVjSn%2For%2B6XVXsEYAr0QWOtiuDHJxVh5lBt2HqHJYDC08WvFBZoWaWApDjQYCRtfRjHcmiM4laNTTp6QBBIgECCtQAulO8m8%2Fwu3jWN%2FxCuSo9oHWPL%2FrWHJdp7cG%2FWQeRFQhL4J2fD9zfoVZMhJgEP%2FSC68wx0HuxPRUfKD3LQTdRR5CMXsgoxqDLtRUwRwx4kR3I%2FBucXV7ddgmSPlIfAoieXWnc5j0%2F%2F7UaACsSA9hedPr4OrRpSkmgMf4muUMp7gfKGCe8bbg1LIKYhHhUy%2F%2FWs1mRV4hWS0iSisQASx66fNo%2BYKKoOdDGY%2F7wlixTefUZvSmO4g7%2FxvUmQuJ5p7dKGgiPveaNx%2BobLwHiYUuhRVJl6BQ%2B%2BIHH3f9AiMgmbyPUzFUmGfyiVXjMSmc4Zatzc5eLzNELM%2BbzqXeVpzSvlg8cskD53Oayc87kZThhZc3pNauxx9K%2BnXEgt5AlW23RfqcXuRUtriCzKZH%2Bb7UZ4zzJGvbrdFrYXh04umUnaATWPbtGbx3KV67S%2F8shtWHcwFRwKOpsm052I5cZRZE1KCMKIvkCuXSV8V1coBFgvz1UQ3DGThXGghkQRQGC3cgZQyCxJetLPVyixmF1HeGztFAqYT7rRwS0NEN1wZNwm8Wa4fnbEgu8qXr2MvHsjxUhMm5KtLsEYN2AM1GJRh%2BGWtBvI8eDhahgwDRcXP2pA3HRSzR3Bwx38Do7TDncUI5K19d9iKd4YDoZGfj48CJjkjHEE9CirlUF5BmRpC%2BIMEaHeI4SNueuZ7EXjwlmuRQtU6gSm%2FWLeueMZlT%2BVw0mhod4jhI2565wb%2BrOaJgkb9o3f0ebBhuzXPYEJcIpsTweUYuxWQe%2FKz2nEWpaHF%2B%2Fo%2FERP%2B%2FUA7NhltyCcscJdE%2BlXrD8SIHts86cYpx%2B20N6jW2n0HYmCCwRXBUhrtRsLMLdWj67jd00jaG9RqLjoDkFL7KWbOicqzdKPGbDj5IAulO8m8%2Fwu1%2FcPfKHAOuYMsndnu4K7tlPLZ6fgj%2FQvfgGCl4nQKwphONFwaXJmY%2BYYVdcaMQPg4HfxdIa%2FYQLEXw%2FXqocoHp1uNtWG0zWsPT0A1NHbgitfXGPArPxRwZGRdHYjqBu6y7YUMGuwqIeizx7Ivj45cYl2icUewmfT6iKdOPYV0neg3eZHmA7IW11i335nKGRaN9ONModpV9yxEoEWN2EYMvmWFf1%2FotJs2nkF8o5sVmJMFM%2BZTQUy2KQKSNTNu%2FP4yaPeg0s0O%2FAiNoysXaPbw1AYsAtfbWBVFjQBCz8LC3OGtB6CwsimPuTLhTNvW7xxrg3LuAnrQgnWBpbswO6OfwnxCFHgniXSG4ehpvFPgF5libM4PihdWxxImt%2FW3m2TlLmNEpCAwsPvbqBAOdrMo7RSoF3jRuvtZWB%2F2kKSIz%2FPjeWjXhYza2clyqAMeEXrZxX%2FKl5dmo80X6nF7kVLa4VKK30WXOiltrwrFx9nECUvaqro9y63Q0bFhNl9Sa3ztDUOxHOhCOMszRhIeWoW8W&mm_sceneid=1_0_1392190029_0&a=xxc%3Dad_ztc%26mi_id%3D0000gRk9RODkFwlAtCD1Dt6JtuXHMtJBCqiy-JOvg5VJS3I%26skuId%3D5889438016615&id=959601966886
1017049384899,泡泡玛特THE MONSTERS 10周年 ZIMOMO 搪胶大首领 大天使 十周年,1095,¥,,tb573791735,Eleven toys潮玩社区,,24人付款,广东 惠州,"24小时内发, 退货宝, 包邮",,https://g-search1.alicdn.com/img/bao/uploaded/i4/i1/3971274931/O1CN01B1Vqbe1mIS7dFPPFL_!!3971274931.png,//item.taobao.com/item.htm?id=1017049384899&ns=1&abbucket=10&xxc=taobaoSearch&mi_id=0000zCtyaIx0CZpMpKJm5BeXlIexinjI62GJuVn1WDcpkY4&skuId=6023432780778
756653146799,POPMART泡泡玛特ZIMOMO搪胶LABUBU公仔58CM毛绒 I FOUND U 手办,1153.96,¥,券后价,eileentoys,艾顽潮流iwant,回头客1万,5000+人付款,广东 深圳," 3期, 店铺满398减5, 48小时内发, 包邮, 公益宝贝",出售状态:现货 | 系列类型:联名系列 | 品牌:POP MART/泡泡玛特,http://g.search2.alicdn.com/img/i2/3204345526/O1CN01YLC8vL1qgxmVVTrzd_!!4611686018427383478-0-saturn_solar.jpg,http://click.simba.taobao.com/cc_im?p=%C5%DD%C5%DD%C2%EA%CC%D8&s=517802972&k=2457&e=KSwNc0vMjG1LgQk7IYyN5x2L%2FQeTy81mVRJq5h6JmCltBJMfjUFtzErs1xWq%2FRmjviELYq2y5At8281qE3AZUTUFhtXwmZbOwedx%2FOr7KkU21%2FTKTm4JSnMZXEvYKGjwUh7IvEhGriMqmPD5hklMHtAXS3I7sjwBGJyoWl%2BqVohUD5trAU34LQg%2FCWf6%2BgvgfH3bJHtiM5Er%2FvxHiofu8YGeOFyn9chkbIJzZKekjeRYVRzdGsnVi%2FqyayB5%2FVcGc7kALoXDP1KErGXtlxAsi30npKxAaFkvFtFQTz%2FYiOBDO%2FjzujHzJ1lE0WmujijnJ7njaFa6YYvl3fi47xuGq9E1OnnELQV7G5sIsnuEzfJoEsYNv756N4d0vmaojnoosOWA97X6BndNsosweJMitTdZ4DeoZU3TOeDw5aldGL4WRFpMAAAcBeNjfc30iq%2Fjv%2F2n1qLpwGAAmNFG0fUDeKXaIROJjs4EMh%2FKeP8xDP2ZfxyVf0OQHxvrqjRzY4EJFdNg8LJdmW4Lgyu0Hzw6XmUnQl1n%2BrCiSEbSsYqIJcO96FfzrUvG%2BZraAhxUU%2BTzRzQPs1nRs86WsJ2DvKkAsJKYJhD8aIzd3%2BLtQYIpfF0qXjvNVAlQT3DFNp2VJSDk%2BAowo5eBfDOzt6BYk5%2FMFFV1ejqL5v46yUYQHH2nVvIt9tcLU%2Br0RWaMnjwR%2Be6H1qC8ZMBDYtq74Z40var%2FR6ElSmNcQzzxrJ5%2BFGLeCLzzi%2FHGakbMWN5MXeUXqyG5mT0%2B9Or9k0150MNOqJicO2XCvv0%2BLG6msChhuqhxy2Hz9%2FR%2BtHHABShETHaE%2B2iRGBQv2OOBQDN%2F%2BWjXYx5FCc7EhA%2BBU8cSKa%2BUZcXfAHTZB95pjcyv9ZewpmKqLBXXfTswxKDiZRFdbCYhxXOV2dkyjjWFZ5IL1W%2BLila4Vp22IYYyt7%2BKPTCik3rc%2F36nVvtJOj4zGA%2B9IJZ3ggqGCmbcJ7XIhkwfC5B9ny34Tn0%2BoVU7H3QJ1GhhSPM6ewkFTFKipudx7EKS%2FLx%2BuDTGP1pRt7Bt0Q6FF2C1ljd1ri50jzqveISjRMgRwIPzjpkLgAZJSZMda5A3TBBXYaQGrRDNAwQaHgAyU8BINy5lAl%2BV%2FoaMZIAAbgpUUPGYojKt8bE1JDs1P34Llh7fIofjSaGndrjmhcpsl7PDVjb8j%2FNMSbHVglCFFmjjV%2FrYZj%2BSzybqQpKg2p92pBUCCOcnENDKpqs8%2F9u%2F6AS%2FiiQA3WmoBUKD23mDQl5knqRe62rU%2BoLr4xs8bW%2BdPmt1pd%2Fz36sgWrzIs958jtURHdVwNflecO4BQOrJvxnUZ%2F%2FomsO5%2BAowo5eBfDOzt6BYk5%2FMFFV1ejqL5v46yUYQHH2nVvIt9tcLU%2Br0RcZ1h%2BKtCrmvGBQv2OOBQDNIN73rBkgMf1aFozwmHMaEpuYsazWKM%2B%2F3tonuASUDo8hTPc2IPwLWANGiCaGKfkEQVQTfmSLySbil%2BY41LEZ9x8KFAJaGe5Q6n3ZNoB63hb92CRg9E3FmnHjFicjS3pej1FBSAB7vv5O2hIikEwiV%2FDzr71Xkg8oBAutotYBdY549Ed6mP1XUhXEGgEDo%2BEgmqZgkm4PTQMyicXh%2BsAEGHuJbdTOALKdacY9rboa50eMkJUXyXJW57kNTxQVRsaokPgCZffOLHDd0L8Xwn7gqR5pMOY6sxzHPq%2F6ofkJ6vCQ%2BAJl984scLbpTRwdBQYtzGVxL2Cho8EcKzPbqyo9a51HYgTMHR%2BrftBp%2F9X%2F1LwBlAOp%2B0S0%2F9bj7sH0IzdjgTaOqCF%2FD2DGQgniCJ1pVZu2QRyEKd5cSwNFgF4o9qST4d9GErIvKjBmqCwnkQTHvnuNGCDaRZRieHhRzRmAfJojOJWjU06cSnrJu%2B7FcSuM1281uMshHATtsQFZEr2Y2w5BROzwMKBiWKYYtNlhWD36mM4DlEr2LAn%2BAyRLJfO2uNBDDhtVZpi%2BSZOfkUNcOWQdK3nZLSJVRvhL0L6sw4gDbWX%2FiPvXEydYgaeTgSyUUft%2FfC44PQ31STzdWNl%2BHpvoZZ5kG6WSbIjh2zteagUzK5ecVGEAzSq6LEs06DY55T8NqIQgExFAe8f1vrLzcYDy9nyqECPVvWPIWohvWhehJrOiwg5EV1ZrcoPGtgAffWsxvpKgvaepTkWPhBW9IrXs7M23IfaglwC%2FAcU3qL0ZzQXU8UkTOxIQPgVPHEimvlGXF3wB02QfeaY3Mr%2FWXsKZiqiwV1307MMSg4mURXWwmIcVzldnZMo41hWeSC9Vvi4pWuFadtiGGMre%2Fij0wopN63P9%2Bp0xbTXZzTTNc37olEecXIBBsyhE7uwqXiWbcJ7XIhkwfC5B9ny34Tn2oLvjhNWCjrejl%2BTtHj%2BJ2LfbXC1Pq9EX1Wl3O8xMx2QkKjWgBpiKk6rrqcJNZ2sBPV9qjf6Xwsw%3D%3D&mm_sceneid=1_0_3204345526_0&a=xxc%3Dad_ztc%26mi_id%3D0000IkPk-_2lsn8UkfPPkkHWgVKXBIqMdQDM7jZ4r-vcs10%26skuId%3D6138626591219&id=756653146799
957079093773,POPMART泡泡玛特共鸣火影忍者疾风传大战晓组织手办盲盒潮玩摆件,30,¥,券后价,林下之夕rea,UR TOY盲盒商城,13年老店,2000+人付款,广东 佛山,"店铺满29减3, 包邮",款式类型:隐藏款 | 出售状态:全款预售 | 系列类型:联名系列 | 品牌:POP MART/泡泡玛特,https://gw.alicdn.com/imgextra/O1CN01h9aS7y1wpYu9Pb8Y0_!!524736357-0-picasso.jpg,//item.taobao.com/item.htm?id=957079093773&ns=1&abbucket=10&xxc=taobaoSearch&mi_id=0000_PrNbgpfH7hHmbWrnTaWiUvw_mVQiVRt5xG68jxOQo8&skuId=5988290292370
965235466626,梦想加 泡泡玛特底座星星人临时挪车牌停车牌车饰摆件新车礼物,218,¥,券后价,许煤煤,白日梦想加,8年老店,2000+人付款,福建 福州,"官方立减12%, 店铺满120减5, 退货宝, 包邮, 公益宝贝",材质:木 | 款式:隐藏 | 风格:可爱 | 品牌:POP MART/泡泡玛特,https://g-search3.alicdn.com/img/bao/uploaded/i4/i1/827515461/O1CN01o26v331qDC15g2Jf3_!!827515461.jpg,//item.taobao.com/item.htm?id=965235466626&ns=1&abbucket=10&xxc=taobaoSearch&mi_id=0000ONh7v_24MWw-wsx-R6PIqofK4ZxAQjPkGvcI7vJx5Jg&skuId=5833071781734
1016980478702,泡泡玛特星星人随心配系列手工可爱车钥匙扣圈环链绳小挂件高级感,62.1,¥,券后价,tb7408062550,拉布布labubu正品店,,1人付款,北京,"超级立减10%, 退货宝, 包邮",钥匙扣类型:中国风 | 材质:塑料,http://g.search.alicdn.com/img/O1CN01xjevYL2MCL076Ftkl_!!2207920949791.jpg,http://click.simba.taobao.com/cc_im?p=%C5%DD%C5%DD%C2%EA%CC%D8&s=517802972&k=2401&e=UQWF5mz7DjpLgQk7IYyN5x2L%2FQeTy81mVRJq5h6JmCltBJMfjUFtzErs1xWq%2FRmjviELYq2y5AuANopgjYz9w7YpieUJgkBOb%2BYMOz7d8vg21%2FTKTm4JSnMZXEvYKGjwUh7IvEhGriMqmPD5hklMHtAXS3I7sjwBGJyoWl%2BqVohUD5trAU34LQg%2FCWf6%2BgvgfH3bJHtiM5Er%2FvxHiofu8YGeOFyn9chkbIJzZKekjeRYVRzdGsnVi%2FqyayB5%2FVcGc7kALoXDP1KErGXtlxAsi30npKxAaFkvFtFQTz%2FYiOBDO%2FjzujHzJ1lE0WmujijnJ7njaFa6YYvl3fi47xuGq9E1OnnELQV7G5sIsnuEzfJoEsYNv756N4d0vmaojnoosOWA97X6BndNsosweJMitTdZ4DeoZU3TOeDw5aldGL4WRFpMAAAcBeNjfc30iq%2Fjv%2F2n1qLpwGAAmNFG0fUDeKXaIROJjs4EMh%2FKeP8xDP2ZfxyVf0OQH%2FKkMXExt4a%2BDDB7d02zucrHJcQQv7KiAq4dEOSLWRbBlx3mNIC8%2FkhPDE3KHNxsXqNDGLuFw7xdcOA9ZvQEQHK5eKvXmHeOr7MptmoQDTeluD099jBwZgPuIEx1sTuvlWsQd8enk1fW1huFK%2BKLz8u1dUhWC2GxSJG3F%2BHQ8I0KEJlKbwugebrePiQZ4o8YPLt9WEM9TWtO%2FN3C%2Fc5WGxT2SXzBd8l64MMR5%2FLju9xzvbfQ6d0GZGJohf4dNgzJdIJQMumTBsiYTmscodJcvMvRqT868DBYDfMLF8%2FwRi3Z8wCKGOR0bqZHxrCswcNCGRGTEhMLobpLlixHa0M6clevjuLYu1wCI5yYrJ8jjtGyoYG3uzKsziUnSB4r3w1xE91p0C%2BDkYqWWV%2FmJemHLwse7ZgYl3jDl9OBVSWD2MYLDKjrps4PyKxmCwxYt64%2FZrzpcIllR5o4PRIxJiq1mBNAn35coiCgg%2BKadKQrvewiaPcWO%2BjR2nU3xblTYA1ygI6ClfOwJn1CGBo2g9GkBFjlwFVh7yBzhSRpvvpIyx0pSpSh7AVs%2Bd6XJXPg5LJbx85zEExaXbp7G4Wgo4wTduCYTgCfnQuaBkvNl4wG0AYuyuLmJiQ6vcnjXFM5zDFyapLdTMYBKPOupaI%2BeZyCeaicfaQh7SG%2FATHBelo3jI2P4LbH7KLPyxqaR9Z4hmYlqk5Jpf1gn7D4Zn%2F6E6GR3R5iYJD7svj5XdLhwzfGmO5KJHuRyd0oAIl1NcdJGVcBxunW07GxbTM1kAXH9gmc5hGBj%2FqldXjbbbIkwprI89XeUsKr%2FHaVKvFBbrDSTP6sCA6ubZyrdDE4SjKQvgFqRWHD8myIx3rr%2BYP5NovU1SDpguK7AqNNL%2BEVFo7BvF%2F%2B8t4cHiqr2Fl00BRwW%2FgXbxF7K6l82Q6LND7P6spJiqyH97qQtGyDE6ZcHqJbjiVOXatYbFlI6ZdiGBpWGOSRzi3quupwk1nawJUvNi15OB7WzyOE97waC5o088YdB1mK%2B%2FV4RIAB2YAPghH1nNvUWgutZigH%2Fjm2gVAyN8%2B2bAUEuYbHwj0WwLe2krkpma%2B2GcmiYEqHsJfwLhtU7YbSHquvm%2FKkx1%2BuCfq6XbPAtPFJY0o%2Bcz9gTag0A7YnKIxClkeaTDmOrMcxRtQAX35R%2Bki8ZvCqroPZIqRFwg61n8JLaN39HmwYbs1z2BCXCKbE8HlGLsVkHvys9pxFqWhxfv6PxET%2Fv1AOzYZbcgnLHCXR94KbG1wJkDzzzLzT3wADcXLP7oTYp0Oa4BgpeJ0CsKY%2B3V%2BmNH7D5R%2B2GUvnIk6HauSO%2BjJepujvoOFb7MURTbkwm8xiskMU0gxUjggW3Cb8s%2FFt5kQsSdN3GPpO%2BPODkh0f%2Fw9Phn8XoS2GyKU%2BAOQgk9Xn1%2FRLQSVQ8m3qfdXFBsqcGsMcwdjL6iau8YwCiAT1vLcufYg1K7BqMvBQ4azzNGNLdRl4oFFEFnS%2F%2BgrebR%2BqslyAtwV9yewgMMguF3M60rJj2kZyXZrfgYcvqxjz7ExNQ7CxiBb2pCqRj9t2euJVXfENE%2BLCtb%2B26cEmizeZnWgTnPpQBxgG4%2FsyCKyR3%2BcXEf2uh8jsOfFi%2BKZoAiIPuqBa%2BpnBgX6%2BERJQlUWzVRKa%2F3qWLEdrQzpyV6%2BO4ti7XAIjnJisnyOO0bKhgbe7MqzOJSdIHivfDXET3WnQL4ORipZZX%2BYl6YcvCx7tmBiXeMOX04FVJYPYxgsMqOumzg%2FIrGYLDFi3rj9mgWnBpGNLSVw3xblTYA1ygBAvVVsLVRhCQJ9%2BXKIgoIPimnSkK73sImMLFagXgDTrckfVHH%2BkcgOD%2BTaL1NUg6RJyRmkR46Md9fGgwbyhcbmWFU1DOvR1vUWXmxupcQQM&mm_sceneid=1_0_8229959926_0&a=xxc%3Dad_ztc%26mi_id%3D0000MPPW-27V-8h1YrEttJ_-sn8glq3ibR7kmo6bTUNflCc%26skuId%3D6191473527091&id=1016980478702
922025255723,现货 POPMART泡泡玛特星星人 来自星星的礼物系列手办盲盒礼物,71,¥,,帅帅的阿冬美美的你,三心潮玩 只卖正品,,1000+人付款,浙江 杭州," 3期, 店铺满70减2, 48小时内发, 包邮, 公益宝贝",款式类型:隐藏款 | 出售状态:代购 | ACG作品名:K | 品牌:POP MART/泡泡玛特,https://g-search2.alicdn.com/img/bao/uploaded/i4/i2/2965799936/O1CN01KCx6NV2NGkPaYeYSh_!!2965799936.jpg,//item.taobao.com/item.htm?id=922025255723&ns=1&abbucket=10&xxc=taobaoSearch&mi_id=0000uCaVkOmqECGtDLn9ig9citOmvAng4KazHnJ87KJJ3wI&skuId=6026930594718
,,,,,,,,,,,,,
,,,,,,,,,,,,,
907562125302,【现货】POPMART泡泡玛特LABUBU3.0前方高能马卡龙搪胶毛绒盲盒,85.99,¥,券后价,策695376705,TOT TOY,,8000+人付款,广东 广州," 3期, 店铺满3减2, 包邮, 公益宝贝",款式类型:隐藏款 | 出售状态:现货 | 品牌:POP MART/泡泡玛特,https://gw.alicdn.com/imgextra/O1CN01DTOqd024p7Ri2ey9O_!!709817439-0-picasso.jpg,//item.taobao.com/item.htm?id=907562125302&ns=1&abbucket=10&xxc=taobaoSearch&mi_id=0000MWYyIpBg3ybbLtGbmRgxMlEK0hU4ksY-ITFd9QigDas&skuId=5778638861323
1000447879286,正版泡泡玛特Nyota你我皆星辰系列盲盒手办可爱桌面摆件女生礼物,54,¥,,tb131675402,盲盒真有趣,5年老店,74人付款,江苏 常州,"退货宝, 包邮",款式类型:隐藏款 | 出售状态:全款预售 | 品牌:POP MART/泡泡玛特,https://g-search2.alicdn.com/img/bao/uploaded/i4/i2/4098742621/O1CN01p6tZFT1VETCMKqyt6_!!4098742621.png,//item.taobao.com/item.htm?id=1000447879286&ns=1&abbucket=10&xxc=taobaoSearch&mi_id=0000S9piYe7jlxjPBjTfibsNSwodnmAmRmxWVrRLR8wvb2o&skuId=5988946468097
956920649889,正版泡泡玛特THE MONSTERS拉布布十周年展会限定搪胶毛绒挂件现货,1850.8,¥,券后价,wqjcxw,JUMP潮玩正版店,,23人付款,浙江 杭州,包邮,款式类型:特别版 | 出售状态:现货 | 系列类型:联名系列 | 品牌:POP MART/泡泡玛特,http://g.search.alicdn.com/img/i4/120978104/O1CN019LGuak29jgokfm8OO_!!4611686018427386552-0-saturn_solar.jpg,http://click.simba.taobao.com/cc_im?p=%C5%DD%C5%DD%C2%EA%CC%D8&s=517802972&k=2361&e=ef9NLqfBYhZLgQk7IYyN5x2L%2FQeTy81mVRJq5h6JmCltBJMfjUFtzErs1xWq%2FRmjviELYq2y5AuSbHokKZm8mn6hGE08pcCoxmTEmcw%2Fopj43f3vFEQsmXMZXEvYKGjwUh7IvEhGriMqmPD5hklMHtAXS3I7sjwBGJyoWl%2BqVohUD5trAU34LQg%2FCWf6%2BgvgfH3bJHtiM5Er%2FvxHiofu8YGeOFyn9chkbIJzZKekjeRYVRzdGsnVi%2FqyayB5%2FVcGc7kALoXDP1KErGXtlxAsi30npKxAaFkvFtFQTz%2FYiOBDO%2FjzujHzJ1lE0WmujijnJ7njaFa6YYvl3fi47xuGq9E1OnnELQV7G5sIsnuEzfJoEsYNv756N4d0vmaojnoosOWA97X6BndNsosweJMitTdZ4DeoZU3TOeDw5aldGL4WRFpMAAAcBeNjfc30iq%2Fjv%2F2n1qLpwGAAmNFG0fUDeKXaIROJjs4EMh%2FKeP8xDP2ZfxyVf0OQH9hbH58%2BLmbYGWt7n7kMkBDxp57qZVVuXmOWDxGSbzCC5neFA0OikodJFoYn%2BgyRyxtaxTqYdhnlYHmfLNQbDKbT51%2F06i5sdK7JXZdWix9rdqXgUiO1DB%2BMwlmECbc0ynxn66NRXoA%2BJbzi4YYMPL%2FlTRof64hd81JLX5MwZDWJIAb4rpjAXZDV86PTXUcun2WdyZJo6Vzb8oU6m05i1zUZTnz8D%2FrV79UN88R0X9ap7bK5DBpkhDDDh6i5B%2FypBkbo8SQFInvt6tAMjnXE1lUbWsU6mHYZ5V1fEPASz%2BQIXwjhAlnVXo4xScyToJHA8s3X9dAQZrih8dR2mjaMfcSbqyWlPBKSL6ryjsNQQ%2FQ3BOAn9X7T2zin%2For%2B6XVXsEYAr0QWOtiuDHJxVh5lBt2HqHJYDC08WvFBZoWaWApDjQYCRtfRjHcc16OPP4oJZd%2BGFgbotDrA4zZtUMcPQukc94%2B1CmBxYGJ6nLOTqnO4LZeuz%2BiEsBn5XlNyMRMT126obWzY0vLFrVHZbIjgkTfHHwzBJmzKwqPlOHXEcDlsEfWN555lHFz8ikVi%2B8RPfHe48%2F8ox6kuv7C8EGBDnDKLI%2BeedoGciQMnmzGMQBGhQG9bRms%2F3obbtjWWrk2qWeu6%2F76Hx5uZ1ZmpIIpuBuL99EMU4oC9TVZs8YEaCSToRZkOoSP0cDB3harLl6mf4lBtyzDMu1ZFbfvFgp4l1eEKCchEfU9wLT%2B2wkfk5ox2EJ1kX1aatDYLgP%2FZqvqBu54%2BbBwxKcMF0Md%2FK%2BVBltJf9HnQkgR2SFO5D4mBt4g%2FZPZsd3kosX1SaJQ0vZTMBdeojR7hF6vcblLJm6kS2MEGwj8SYa9LtiBDC3rHIVXa3HUnF5fTcyEb5FJve%2BL4C6uWmsNGqhiNyz3G2jnrcoNUnsdEoH62NbS9dz9tH1cxBMdk3QgXmPvD2V4nfKnOHWaA%2BgBw5DL5J1zr4VVlLk71gladcvkgqA%2FFCSjXnHZYCb2ep3bAJGgbfoD5MX4A4pQX3wJQctZZ0BUM7cRhYRy0jahGS7Q6wNNJ1BUlqcEbVTfxmHDGsl3vK2XZVtfmRJaY0s3lmnUm5rApo%2BEUhHpo7tm8iXZ7d8ABDZWUO7dvNc%2Bb8XHCySa4Ne%2Fh8RYuMan%2BRMDQaPvRwAENlZQ7t281z5vxccLJJvxhhdOz1S6PH054u34v4b%2BYKPjgmwWCCM%2F8XNCe9cwVWc1OYslYo8PvQSnA87UzuZ15%2FBTTgyzjLDTe2zvi21qnfUvlJbDxYRehLYbIpT4A%2BzxMR5DYP%2BbaoZ1HBDrzc6I0s0BOlswG5Esc0EiAlbD5mMAbbU7P6pr597eiLcS%2FoDkJE1XWXypx1zRme4G5pVpp3o3VUUCF86KSzIQm3goC9QB52%2FjEuwGh1JX83YhToq%2FUuNbTf%2Bi9MpTNhVRVDezwL9d1qwzt%2BLLpBPKn89tnYqhARpEsUdGNf6mkgMqz1eOyw0rB4%2BMdm%2BTLjkhEVKBA9X727mRRxrKrdi07nJ74d2H5uD65KFmRFLFe70cThy9X1QttNi7QFHBb%2BBdvEdOS0ZIjo9VPczq8Y0QRFH%2FqYC0pKCRIqbyNBffDOvQJVcgVfgQ%2BSxjpZPi3WiCgCjrZcAEgDNJKnJisnyOO0bKhgbe7MqzOJSdIHivfDXET3WnQL4ORipZZX%2BYl6YcvCx7tmBiXeMOXvdq3qrkM1R8JsUiNizfRIC9ueOlf2jgja9ZxxBJUo6Giy7OTek8EVoC7HBe6F%2BCJRcJVYlMMh9u0vXc%2FbR9XMcrreH9EfIGASpxq3mhaKv75eaehodUiRe3mNfB3r4mueBXPK0K5bAWtBwmXidP5UQ%3D%3D&mm_sceneid=1_0_120978104_0&a=xxc%3Dad_ztc%26mi_id%3D00001d0Rl-4AGbsenDPzf8BEfm_bQ9g6mcjoD1UMMWCAnpI%26skuId%3D5957720473208&id=956920649889
970041658727,POPMART泡泡玛特王者荣耀峡谷萌新峡谷感谢季系列手办盲盒,52,¥,券后价,tb053655438,梦启潮玩,,600+人付款,广东 佛山,"店铺满39减5, 48小时内发, 包邮",款式类型:隐藏款 | 出售状态:现货 | 系列类型:联名系列 | 品牌:POP MART/泡泡玛特 | 商品状态:全新未拆封,https://g-search2.alicdn.com/img/bao/uploaded/i4/i2/2212672111568/O1CN01bZ8mGC1NSC7KFEcky_!!2212672111568.png,//item.taobao.com/item.htm?id=970041658727&ns=1&abbucket=10&xxc=taobaoSearch&mi_id=0000veESbb-OECux98dAoLRvhaI5cA1n7jhtm64QGk7jmSk&skuId=6085124402577
887405865095,POPMART泡泡玛特SPACE MOLLY100%二代系列盲盒3周年纪念手办礼物,58,¥,,tb941253984,云边有家潮玩店,,800+人付款,江苏 南京,,款式类型:大隐藏 | 出售状态:现货 | 品牌:POP MART/泡泡玛特 | 商品状态:拆盒不拆袋,https://g-search3.alicdn.com/img/bao/uploaded/i4/i2/4060406590/O1CN013xFec21yYH6gMuQmG_!!4060406590.jpg,//item.taobao.com/item.htm?id=887405865095&ns=1&abbucket=10&xxc=taobaoSearch&mi_id=0000aqltDmvBz-eDZ08_IIB85QrooV4r9j_jQtjM9MH7bt4&skuId=5897282278090
973396361482,【官方正品】泡泡玛特来自星星的礼物泡Twinkle星人盲盒二代手办,174,¥,券后价,机遇通讯,Lucky Box丨正品潮玩,13年老店,400+人付款,广东 惠州,"官方立减12%, 24小时内发, 包邮, 公益宝贝",款式类型:隐藏款 | 出售状态:现货 | 系列类型:联名系列 | 品牌:POP MART/泡泡玛特,https://g-search3.alicdn.com/img/bao/uploaded/i4/i3/46190334/O1CN013vJQ0O1EL1MMQL85E_!!46190334.jpg,//item.taobao.com/item.htm?id=973396361482&ns=1&abbucket=10&xxc=taobaoSearch&mi_id=0000m_uKh_jVtLeN6oV-pWYBkoSi3Z95YyNVRsoI7cxl4fk&skuId=6090163354722
965387230030,POPMART泡泡玛特星星人怦然星动系列潮玩手办盲盒公仔摆件礼物,67.9,¥,,tb7445538986,SUN TOY,,200+人付款,广东 广州,"店铺满199减3, 24小时内发, 包邮",款式类型:隐藏款 | 出售状态:代购 | 品牌:POP MART/泡泡玛特,https://g-search2.alicdn.com/img/bao/uploaded/i4/i2/2211802957652/O1CN010BJcdg26OfojGz2wU_!!4611686018427381588-0-item_pic.jpg,//item.taobao.com/item.htm?id=965387230030&ns=1&abbucket=10&xxc=taobaoSearch&mi_id=0000XM8KDKPP42SsO1zdkWeB262nb3NgVOcTgErpVgZKFaE&skuId=6183971907000
963093558638,POPMART泡泡玛特你最珍贵系列星星人毛绒公仔抱枕双杯礼盒,429.9,¥,,菲玩捕客的秘密,菲玩捕客的秘密,,6人付款,广东 广州,包邮,出售状态:现货 | 系列类型:联名系列 | 品牌:POP MART/泡泡玛特,http://g.search1.alicdn.com/img/i1/7656947776/O1CN01iW9WIL27JSvK2pGMa_!!4611686018427379776-0-saturn_solar.jpg,http://click.simba.taobao.com/cc_im?p=%C5%DD%C5%DD%C2%EA%CC%D8&s=517802972&k=2413&e=2MmMQjBRTGFLgQk7IYyN5x2L%2FQeTy81mVRJq5h6JmCltBJMfjUFtzErs1xWq%2FRmjviELYq2y5AvgMDxNDcTvtSEeEFO2V5JpRo7UJpCvBwv43f3vFEQsmXMZXEvYKGjwUh7IvEhGriMqmPD5hklMHtAXS3I7sjwBGJyoWl%2BqVohUD5trAU34LQg%2FCWf6%2BgvgfH3bJHtiM5Er%2FvxHiofu8YGeOFyn9chkbIJzZKekjeRYVRzdGsnVi%2FqyayB5%2FVcGc7kALoXDP1KErGXtlxAsi30npKxAaFkvFtFQTz%2FYiOBDO%2FjzujHzJ1lE0WmujijnJ7njaFa6YYvl3fi47xuGq9E1OnnELQV7G5sIsnuEzfJoEsYNv756N4d0vmaojnoosOWA97X6BndNsosweJMitTdZ4DeoZU3TOeDw5aldGL4WRFpMAAAcBeNjfc30iq%2Fjv%2F2n1qLpwGAAmNFG0fUDeKXaIROJjs4EMh%2FKeP8xDP2ZfxyVf0OQH%2BdmZLV4RtiQEMw%2BYPMh3O3xp57qZVVuXmOWDxGSbzCC5neFA0OikodJFoYn%2BgyRy3rwDMp0Mgta%2BNPmr2hMSwZv4d368hgA%2FUkamHGI58uWqjGup4MlI9f1CEZsBPw4CDlDT1BWFWuvP9h6zcexioUuXFrJyfw1uCE14UnxGAXDCTB67HhbYgjQuYXN9QuRU8tswLX8O7OoJZYWcCptg21vbHz%2FnnKQfnciWZhEYalhp%2FUK6T2lnkyL3Z%2F7sUkTMOeiJiZ6mogJJLWYdCBstir94%2B1yhC73AMX%2BmRKCaa9J%2BR%2FekWNLsdCx2pHgzOvXtiGLK4FKLFAt2Zgpf%2BDEieNLKju1KPwmtdcYIb5nMU3BCk9BSqeX%2FI6XsKZiqiwV1307MMSg4mURXWwmIcVzldnZMo41hWeSC9Vvi4pWuFadtiGGMre%2Fij0wopN63P9%2Bp3Jw7VmAnS%2BTsP7kGJVuhfQxCqDvtdvPReDd961%2FHjGNTlvKfZpsC%2F3RUW08eFZRLjaaJoHLHoODM%2FszB2IZAh4Js6tk6PRLsVCo3zY6GHRV5H27ds9ubLNjvs6HVD1boauU2mc%2Bv0R52xC1h6SUYIxEZ450rGF86jOY8%2FewBeQ8pW7emmD0htyOjMqjKqCSSJmVgL3sltJGmheGDcrmre1ZIPbKGlK517GAktS5EriFgtvumRdtgUUNKgrLuz8HmnnqDijbMV1dR%2FZxc3yijXqOqIAwjxfvxCKAr8zo%2FlNURsYGVFokt0qs2Znn6K%2BxKd4G3zIwQ%2BAThkQtg%2FpG35jZHPF%2Fx8qMTptG39jwMi65KijwhHAjTTidpp7O4lF5Jy5cWsnJ%2FDW4ITXhSfEYBcMJMHrseFtiCNC5hc31C5FTy2zAtfw7s6g4YeshhOsGfETPtCekkUu1DLVtQM1%2BdlH3tonuASUDo8hTPc2IPwLW6b1u6bpaPsGDZDcFWVv23my8FaT8qzVrouM3EGksXi%2FQFxlakzC2Jr92CRg9E3FmnHjFicjS3pej1FBSAB7vv5O2hIikEwiV%2FDzr71Xkg8pF7JzfPE8HB0HmFk4urRvnAoBs4mY%2BwmKTz2G3gYxGP2ZkCbf7gWiLvO87jCpOoShh8LCTjRWsXcbDzEcw3UjuoACU0RO2b92Imfljto6gzOgCu5a8%2FTO5CkHGc57MnkSoAhAfIrNcMoiZ%2BWO2jqDMolOTduOBG0FXRQsiAhSpP%2FDaDjvGDf9RVP4vRiIUE0GMJ%2BKMOSefZVS1YWH5cZvPdonLrmV%2FAD4gAhM%2F8SbZF4uZyYQI19NMPiYRpnBnB4Rx1zRme4G5pbQlb1xaiaSINyIwzIdledO7ArW5k1AAm1bSCu0Ell1l1sb5lsc67H4J0s3RQM8AqExwLmx8QEkS7qrRBv7F1M0g%2BjT%2BzAAKnBLA0WAXij2pZTSb84pAACqxj2JsmzIn7b1TCxy3RAhbCtd6teXpyAJky7RGWFizOg3fBde8MLuh2zGqmED9lEfQ%2FXtUwLTzUaUND4NvjKC%2FqOwdxDNvRviBbL2phHrEuODqfXT%2B2se63VJnZRKe12S%2FMnMGcNR0gmkDTSv8JVWR9kqZ1Jgt%2FWp%2FTx4bdxNKYLFiFK6rnkrGArn4FZEmynlEkQ8anW190HIVSu7HDMbdvgBnYt4BdBnSRFxDJldQfDe0OATNe49GIEpxSApvAq78iQBXgH5xJrohJZifvq8kw9p%2BridDh%2Bf1vkLVMCPgZZPWw96E1s4ekRfqYJowviON%2FRqRfKFPtuDWQK0BoTINSdz6yrlf8F2GnCtzjspOfo2VdRz9rHkvu%2B8t3vJZxhGnrxLZoCxUok%2FHmfG34L7CSRqYcYjny5Z0Ns2MW3SXS%2FPsI4RDiThCLfNlCMnzq5ZnqXEsjf0Ue0Xqr6kS8fQTm8jciinSwXY%3D&mm_sceneid=1_0_7656947776_0&a=xxc%3Dad_ztc%26mi_id%3D0000zWhG6sPIamJi9y5gJ0r4M9dkW4s9lXhpYDKKBtSkZiM%26skuId%3D5986859469082&id=963093558638
1007485836486,POPMART泡泡玛特银魂欢迎来到万事屋系列手办盲盒玩具摆件礼物,69,¥,,泡泡玛特旗舰店,泡泡玛特旗舰店,回头客20万,5万+人看过,江苏 苏州,退货宝,款式类型:隐藏款 | 出售状态:现货 | 品牌:POP MART/泡泡玛特,https://g-search3.alicdn.com/img/bao/uploaded/i4/i3/2885348004/O1CN01LCeioY28ztEEtUZo5_!!4611686018427382436-0-item_pic.jpg,//detail.tmall.com/item.htm?id=1007485836486&ns=1&abbucket=10&xxc=taobaoSearch&mi_id=0000x2gm8PxTRUhmfVGPTSjVNzy-UXJuZPgnTuPXWgjqaV4&skuId=6021283660400
991705729490,POPMART泡泡玛特星星人123！星星人系列手办盲盒玩具送人礼物摆件,64,¥,券后价,黄金宝贝童车有限公司,果酱正版盲盒店,,1000+人付款,广东 广州,"店铺满39减5, 48小时内发, 包邮",款式类型:特别版 | 出售状态:现货 | 品牌:POP MART/泡泡玛特,https://g-search2.alicdn.com/img/bao/uploaded/i4/i1/3295247037/O1CN01r2XlLt21r0DW7TC8o_!!3295247037.png,//item.taobao.com/item.htm?id=991705729490&ns=1&abbucket=10&xxc=taobaoSearch&mi_id=00008oNZBnTwtm74s1plGxsQlYfv4no7lLN-L_5AWRynyq4&skuId=6127470806265
968836923403,POPMART泡泡玛特星星人怦然星动系列手办潮玩点亮盲盒礼物摆件,68.5,¥,券后价,tb160998713,SP正版盲盒店,回头客10万,500+人付款,浙江 台州,"店铺满39减5, 48小时内发, 包邮, 酷动城",款式类型:隐藏款 | 出售状态:全款预售 | 系列类型:联名系列 | 品牌:POP MART/泡泡玛特,https://g-search3.alicdn.com/img/bao/uploaded/i4/i1/2208399554429/O1CN01I75KJq1iaXIGTfFCg_!!2208399554429.png,//item.taobao.com/item.htm?id=968836923403&ns=1&abbucket=10&xxc=taobaoSearch&mi_id=0000wdb4rNljKjWrK0Xh5qc3Ka1DBHWDxQYli9IW4Zm6j70&skuId=6018596445276
994594073694,POPMART泡泡玛特来自星星的礼物星星人盲盒手办永生花礼物摆件,199,¥,,肖寒1112,GRENLUS格琳露丝,8年老店,35人付款,湖北 武汉,包邮,出售状态:现货 | 品牌:POP MART/泡泡玛特,http://g.search3.alicdn.com/img/i3/124819861/O1CN01swEV3q2MiOisyWo5J_!!4611686018427386261-0-saturn_solar.jpg,http://click.simba.taobao.com/cc_im?p=%C5%DD%C5%DD%C2%EA%CC%D8&s=517802972&k=2361&e=spPD0Vb8AbpLgQk7IYyN5x2L%2FQeTy81mVRJq5h6JmCltBJMfjUFtzErs1xWq%2FRmjviELYq2y5AvkYwksDY6WE8bJ0Es0woMpZREohdQbQo343f3vFEQsmXMZXEvYKGjwUh7IvEhGriMqmPD5hklMHtAXS3I7sjwBGJyoWl%2BqVohUD5trAU34LQg%2FCWf6%2BgvgfH3bJHtiM5Er%2FvxHiofu8YGeOFyn9chkbIJzZKekjeRYVRzdGsnVi%2FqyayB5%2FVcGc7kALoXDP1KErGXtlxAsi30npKxAaFkvFtFQTz%2FYiOBDO%2FjzujHzJ1lE0WmujijnJ7njaFa6YYvl3fi47xuGq9E1OnnELQV7G5sIsnuEzfJoEsYNv756N4d0vmaojnoosOWA97X6BndNsosweJMitTdZ4DeoZU3TOeDw5aldGL4WRFpMAAAcBeNjfc30iq%2Fjv%2F2n1qLpwGAAmNFG0fUDeKXaIROJjs4EMh%2FKeP8xDP1GOuMRdt0nuRvrqjRzY4EJFdNg8LJdmW4Lgyu0Hzw6XmUnQl1n%2BrCijlyPKqhaIhkatFvObFXyMh3HMy8AXfaRGRd3t7p21EO3EbELHCP6z2KoI3%2BsQUtRtYDzVQuYnyfP7%2B2R2c7yIdKxXa6trvSudcreMWNPMHsef1z5XDWIphxaVknfo%2FFBC9BarplU1wWtsHkTTR%2Fufqm%2BxEhiRZVC%2FN3C%2Fc5WGxT2SXzBd8l64MMR5%2FLju9xzvbfQ6d0GZGJohf4dNgzJdNwFqmXv95sBFkFoZeQVu4A7al6%2BTEK2WGN6NMzpCFG4UWjkoLSES44BY4UR%2Fl2N%2B3JmDvM9utSnOt3SY3PqzcRzTliMPqhUyUYMq9t1lyJKp%2F6K%2Ful1V7BGAK9EFjrYrgxycVYeZQbdh6hyWAwtPFrxQWaFmlgKQ40GAkbX0Yx3HNejjz%2BKCWXfhhYG6LQ6wM9Qv0eNBm8MuAxWiS1C57Riepyzk6pzuFd7VLhqZK7tCr9U%2F9NWuhNuqG1s2NLyxeFqWm7phwBETt83%2FVK7WHZ2rwglexnZOBH1jeeeZRxc%2FIpFYvvET3x3uPP%2FKMepLr%2BwvBBgQ5wyiyPnnnaBnIkDJ5sxjEARoUBvW0ZrP96G27Y1lq5Nqlnruv%2B%2Bh8ebmdWZqSCKbgbi%2FfRDFOKAvU1WbPGBGgkk6EWZDqEj9HAwd4Wqy5epn%2BLF%2FfiRohID8M%2BfgK0C%2FL1tCgnIRH1PcC0%2FtsJH5OaMdhCdZF9WmrQ2C4D%2F2ar6gbuePmwcMSnDBdDHfyvlQZbSX%2FR50JIEdkhTuQ%2BJgbeIPxGdkkmCw0RQIxpuhDCflY34IAmslGXdpsmEELm3MaMCfxRGf1KzoC3eigSWsy1v28et4ULGDWAeeyUQatcPOGurlprDRqoYjcs9xto563KDaWVfY72O9pIzaf9Q2yFf3QTHZN0IF5j77tTA6CYj5QJ0DP0PtD9lFSdc6%2BFVZS5O9YJWnXL5IKgPxQko15x2WAm9nqd2wCRoG36A%2BTF%2BAOKUF98CUHLWWQkyZf5oyy1F3mmaxZ8GYe9Vjw5kFf3xBdDIGetj0BPOttnKW0J%2BbiVFL2i2yIXZtWYBbRnCk7ehaO7ZvIl2e3dliCavwQR%2B0exyOK283aANuDXv4fEWLjGp%2FkTA0Gj70WWIJq%2FBBH7R7HI4rbzdoA38YYXTs9Uujx9OeLt%2BL%2BG%2FmCj44JsFggjP%2FFzQnvXMFVnNTmLJWKPD70EpwPO1M7mdefwU04Ms42aZZatd0jTPYnpBj%2BY9R4vgGCl4nQKwphh3Z4D7%2BAOUH7YZS%2BciTodp83u2wLqtInHVPJuDrbvVH6mlx0SkbfUPd2eBiGFRzam6qqldD27pNsOQUTs8DCgYlimGLTZYVg9%2BpjOA5RK9y%2B6WMtdb4pbtrjQQw4bVWaYvkmTn5FDXMD33jieIwrKVUb4S9C%2BrMN%2B6ZIUKVCj5xMnWIGnk4EslFH7f3wuOD0N9Uk83VjZfh6b6GWeZBulkmyI4ds7XmoFMyuXnFRhAM0quixLNOg2OeU%2FDaiEIBMRQHvH9b6y8lLI0tKzkEGJNg1%2FG3yDNOihJqPH%2FI1sYzrdh19FGjflC6TT%2FsgwILVOvxz1MhniyeJGqB%2BJ%2BaRYdxzMvAF32kQc7kGRPUFEmTLhTNvW7xxrg3LuAnrQgnWBpbswO6OfwnxCFHgniXSG4ehpvFPgF5libM4PihdWx5dhjzEG2sEd4RemArQ5HjllesIE9CH32ZSXkdr58l2amokx4mWgGDGjYg3bJdXNE7Dze3rNb6OmGpBBQs7MAIZgSJwWqyFCmBpdx3Oy1WZbNAil%2FOLYHAL92CRg9E3FmnHjFicjS3pdaui3DkJ34pQ%3D%3D&mm_sceneid=1_0_124819861_0&a=xxc%3Dad_ztc%26mi_id%3D0000N-_YN_Rhhk5XQZYBAmiVky07IzmK4eGgwlhNrEkruBQ%26skuId%3D6181631214881&id=994594073694
987084111657,POPMART泡泡玛特DIMOO限定时光系列手办盲盒玩具摆件礼物,79,¥,,泡泡玛特旗舰店,泡泡玛特旗舰店,回头客20万,1万+人付款,广东 惠州,退货宝,款式类型:隐藏款 | 出售状态:现货 | 品牌:POP MART/泡泡玛特,https://g-search3.alicdn.com/img/bao/uploaded/i4/i4/2885348004/O1CN01gj9AWq28ztE88b8Ql_!!4611686018427382436-0-item_pic.jpg,//detail.tmall.com/item.htm?id=987084111657&ns=1&abbucket=10&xxc=taobaoSearch&mi_id=0000W8fAdFdEA7264eN4fdWDffDRN2Bq10AIApvpAYIw3XM&skuId=6162531199635
1015457468608,POPMART泡泡玛特星星人怦然心动系列毛绒手办盲盒玩具摆件礼物,125,¥,券后价,拉拉布玩,巅峰玩具,,1000+人看过,上海,"淘金币已抵3.75元, 48小时内发, 包邮",出售状态:全款预售 | 品牌:POP MART/泡泡玛特,https://gw.alicdn.com/imgextra/O1CN01MUrJQf1IRDDsOejXH_!!908940889-0-picasso.jpg,//item.taobao.com/item.htm?id=1015457468608&ns=1&abbucket=10&xxc=taobaoSearch&mi_id=00009CTQVAEbTcSOWC2iZpR0h9w2ip6ZCdNaaUHvVRH91R4&skuId=6018711252689
,,,,,,,,,,,,,
965198955755,泡泡玛特labubu一代马卡龙系列拉布布潮玩毛绒公仔礼物盲盒钥匙扣,232.94,¥,券后价,笑呵呵19936,CX Trendy Toys,,500+人付款,江西 赣州,"超级立减17元, 48小时内发, 极有家, 包邮, 对公支付",款式类型:端盒 | 出售状态:现货 | 系列类型:联名系列 | 品牌:POP MART/泡泡玛特,https://gw.alicdn.com/imgextra/O1CN01EtTe9w1NrqKNOC6I2_!!922451624-0-picasso.jpg,//item.taobao.com/item.htm?id=965198955755&ns=1&abbucket=10&xxc=taobaoSearch&mi_id=0000SXBRkmWVT98lK0Dwqqbs4uzJzYiBbfWY4sJKD2Olnw0&skuId=6190112883838
1013423278355,POPMART泡泡玛特星星人怦然星动系列手办盲盒可爱摆件情人节礼物,76,¥,券后价,tb013385193,POP Lab潮玩实验室,,41人付款,广东 惠州," 3期, 店铺满49减5, 48小时内发, 包邮",出售状态:全款预售 | 系列类型:联名系列 | 品牌:POP MART/泡泡玛特,https://g-search3.alicdn.com/img/bao/uploaded/i4/i1/2201433671809/O1CN014VSwkD1PEZbL0850v_!!2201433671809.png,//item.taobao.com/item.htm?id=1013423278355&ns=1&abbucket=10&xxc=taobaoSearch&mi_id=0000Mg6UTQxD0IzyfmBvmhAIJNmVetnQNgXf4t8qhJMl_aE&skuId=6183028922466
967447463488,泡泡玛特SKULLPANDA光织园系列搪胶潮玩手办永生花花盒七夕礼物,332,¥,券后价,肖寒1112,GRENLUS格琳露丝,8年老店,67人付款,湖北 武汉,"官方立减12%, 包邮",,http://g.search2.alicdn.com/img/i2/124819861/O1CN01PDoI6d2MiOinUSGYa_!!4611686018427386261-0-saturn_solar.jpg,http://click.simba.taobao.com/cc_im?p=%C5%DD%C5%DD%C2%EA%CC%D8&s=517802972&k=2369&e=Pqob5LtBOBRLgQk7IYyN5x2L%2FQeTy81mVRJq5h6JmCltBJMfjUFtzErs1xWq%2FRmjviELYq2y5Asg26Kp0rd6PMbJ0Es0woMpSyx29%2B%2FcUTT43f3vFEQsmXMZXEvYKGjwUh7IvEhGriMqmPD5hklMHtAXS3I7sjwBGJyoWl%2BqVohUD5trAU34LQg%2FCWf6%2BgvgfH3bJHtiM5Er%2FvxHiofu8YGeOFyn9chkbIJzZKekjeRYVRzdGsnVi%2FqyayB5%2FVcGc7kALoXDP1KErGXtlxAsi30npKxAaFkvFtFQTz%2FYiOBDO%2FjzujHzJ1lE0WmujijnJ7njaFa6YYvl3fi47xuGq9E1OnnELQV7G5sIsnuEzfJoEsYNv756N4d0vmaojnoosOWA97X6BndNsosweJMitTdZ4DeoZU3TOeDw5aldGL4WRFpMAAAcBeNjfc30iq%2Fjv%2F2n1qLpwGAAmNFG0fUDeKXaIROJjs4EMh%2FKeP8xDP2ZfxyVf0OQH%2BdmZLV4RtiQEMw%2BYPMh3O3xp57qZVVuXmOWDxGSbzCCukATv7bEjXAI3sLmbibfRKUkocExvVYm1dIbd0KXW0mbRBS7tLQoS%2BC4LKRJCbpnx9Oer8nIt7lj8lgdsN9RVIsu6RYySahPeE2pE9L9D8OI5pDxwNVu0CwHz4QCeiY8aDa11%2F2eTWyMn5wki6hMwtsJT8Ivg4%2BKfyonu2RfmloZTnz8D%2FrV79UN88R0X9ap7bK5DBpkhDDDh6i5B%2FypBkbo8SQFInvtoqYfNf5tsuGlJKHBMb1WJvJUFMd8YRWTruwbU9CGCVUNikfKAsz2%2FNi%2BhP%2FJt1KjnQNHtmX%2FrQgh%2BIfbyzZKjGxXGlQBwn14%2BnaI0YZNvVwgNLf8PVOOTkbqViMjsmqyYfkYzRHJw9EcMHTXHj7uGQ3m47nloGVsFdMrgpZ6o%2B06Gxc5Z21R1bnPUoeqm8%2FCfgCEtrVovDFZbPxos6bIQYdpV7g9iLJlaPcWO%2BjR2nXpE13D0gvIZCpMCzzDvcI9GsT3iqiEb71sVxpUAcJ9eAnG4TFgZSEW6kxRAwAjE12XJXPg5LJbx85zEExaXbp7G4Wgo4wTduCYTgCfnQuaBkvNl4wG0AYuyuLmJiQ6vcnjXFM5zDFyapLdTMYBKPOupaI%2BeZyCeaicfaQh7SG%2FATHBelo3jI2P4LbH7KLPyxqaR9Z4hmYlqoEyEG%2B2RxN50NIlzqLwvh1iYJD7svj5XdLhwzfGmO5KJHuRyd0oAIl1NcdJGVcBxunW07GxbTM1kAXH9gmc5hGBj%2FqldXjbbbIkwprI89XeHZ7YYDsta4zlTL4sG64PaEpmSouN5kFVWhXqGBfqrwTboVKN3h0RmbyUWj1WfxL7%2BDfFIT4%2F5iZlTuuGCyPAXyulI5NimuODp5BfKObFZiRIsc6Oy8nPBeC4LKRJCbpnaLZCB0b6Dmg%2B6cE3I%2F3J80a2pMWEtOHxAvTNj4HrLThDUOxHOhCOMqMVzaYulpGQExSCNC1FcUMrd2aAt%2BI4iijyPqmLlvI0%2F4ehTMv3m%2F9Cg6ZQX8GTMxEdEdXUzvE7e%2BZASnqbIK8uNu%2B2ZE8v5ZdAHFssyR83qff%2FM9Tt%2BoU1CyzaBM24pvJVxPlN8gimWWz8aLOmyEGO7hCerQz44X8opxU0HsFDdj3kXdm%2F8MNZbPxos6bIQYJXzNNjAK74TJO%2FktEqwx%2B1Du%2FDAHmwkArWtcexHIqYh4eyyquF2gkIwPaw2ari1VdZZauEEc1r%2FI6mHF2%2BsFxt6F5FpG2b1E9N207EQO1Yh2DtpwvuopcNzcR%2FyaSDl6i2gu9tC%2BNayl0v5lhEFDrDjvdiu5M1V5%2Bj28JdatLDuuSJsB%2FAr6sg%2BjT%2BzAAKnBLA0WAXij2pZTSb84pAACpc2WtWh7QWo71TCxy3RAhbCtd6teXpyAJN5ecHJnvFdQ3fBde8MLuh%2Fi7PyaZKkXHQ%2FXtUwLTzUaUND4NvjKC%2FqOwdxDNvRviBbL2phHrEuODqfXT%2B2se63VJnZRKe12S%2FMnMGcNR0gmkDTSv8JVWR9kqZ1Jgt%2FWp%2FTx4bdxNKYLFiFK6rnkrGArn4FZEmynm71tk2FJsnRS%2BriW6JH9uIvgBnYt4BdBnSRFxDJldQfKz%2BfexycRq0ALPyRZHQyQZTg2Llo%2FyVL8NL34QoFfrFD2GA9pCZNX8K0hvQ5OmUCT9BDaQGtD3g1kc%2FWdjE4xm94hboH3unLthboL9O5ptiw124%2Bd%2FoCuLZvS3rzr%2F38WGZfRTJ036edUtiTw787NNPKGT%2BrJiiWUpmSouN5kFVNX1pL43Y8PEWnPJEguq4975bTMjp3KRZJ1zr4VVlLk71gladcvkgqNiVrKuwLksh&mm_sceneid=1_0_124819861_0&a=xxc%3Dad_ztc%26mi_id%3D0000iJyPUyiJYxUncId4JfBYYU9k0sHFaRlrRGSiOg32pQQ%26skuId%3D6081235066348&id=967447463488
963110365765,POPMART泡泡玛特 CRYBABY哭娃 Vacation Mode On系列搪胶毛绒盲盒,20,¥,券后价,卢什大可乐,XLL TOY大号玩具,回头客3万,4000+人付款,广东 广州,"24小时内发, 包邮",款式类型:隐藏款 | 出售状态:现货 | 系列类型:联名系列 | 品牌:POP MART/泡泡玛特,https://g-search3.alicdn.com/img/bao/uploaded/i4/i4/854130513/O1CN01LyzSxu1Ff0IXMO6mQ_!!854130513.jpg,//item.taobao.com/item.htm?id=963110365765&ns=1&abbucket=10&xxc=taobaoSearch&mi_id=0000mydO2oEJx2uCsI4pNrfkW3E_iBu2QvBVbfiErhyqzW8&skuId=6013999249266
1005297119462,POPMART泡泡玛特THE MONSTERS十周年系列手机挂绳盲盒周边礼物,621,¥,,泡泡玛特旗舰店,泡泡玛特旗舰店,回头客20万,5万+人看过,江苏 苏州,退货宝,款式类型:隐藏款 | 出售状态:现货 | 品牌:POP MART/泡泡玛特,https://g-search2.alicdn.com/img/bao/uploaded/i4/i3/2885348004/O1CN01Bi2c3D28ztEK0HdJg_!!4611686018427382436-0-item_pic.jpg,//detail.tmall.com/item.htm?id=1005297119462&ns=1&abbucket=10&xxc=taobaoSearch&mi_id=0000czgD957MMGHHQhFy19Oc8Lidc1JSN9vme4Mog2PfEK4&skuId=6022208485123
1000824679631,POPMART泡泡玛特Twinkle怦然星动来自星星的礼物手办盲盒摆件礼物,65,¥,券后价,林下之夕rea,UR TOY盲盒商城,13年老店,300+人付款,广东 佛山,"店铺满39减5, 48小时内发, 包邮",款式类型:隐藏款 | 出售状态:现货 | 系列类型:联名系列 | 品牌:POP MART/泡泡玛特,https://g-search3.alicdn.com/img/bao/uploaded/i4/i3/524736357/O1CN01bEjZZJ1wpYuV3jHpl_!!524736357.jpg,//item.taobao.com/item.htm?id=1000824679631&ns=1&abbucket=10&xxc=taobaoSearch&mi_id=0000w8H-8cHTYYHNvhmwU5ZS55GhZclfuetlwoC22uoTWkg&skuId=6024144068093
810160741043,官方正品假一赔十LABUBU大娃摆件毛绒毛绒低价快速发货,449,¥,券后价,wing哥73098980,IM TOY潮玩之家,,300+人付款,广东 惠州,"48小时内发, 包邮, 公益宝贝",出售状态:现货 | 系列类型:联名系列 | 品牌:POP MART/泡泡玛特,http://g.search3.alicdn.com/img/i3/6587853948/O1CN01OgwGra1f2Emz7WFHm_!!4611686018427382908-0-saturn_solar.jpg,http://click.simba.taobao.com/cc_im?p=%C5%DD%C5%DD%C2%EA%CC%D8&s=517802972&k=2369&e=LNLVYi2aQDlLgQk7IYyN5x2L%2FQeTy81mVRJq5h6JmCltBJMfjUFtzErs1xWq%2FRmjviELYq2y5Av1gsgTDSWuOtBiC6chHh8Tad9ufDx8yP743f3vFEQsmXMZXEvYKGjwUh7IvEhGriMqmPD5hklMHtAXS3I7sjwBGJyoWl%2BqVohUD5trAU34LQg%2FCWf6%2BgvgfH3bJHtiM5Er%2FvxHiofu8YGeOFyn9chkbIJzZKekjeRYVRzdGsnVi%2FqyayB5%2FVcGc7kALoXDP1KErGXtlxAsi30npKxAaFkvFtFQTz%2FYiOBDO%2FjzujHzJ1lE0WmujijnJ7njaFa6YYvl3fi47xuGq9E1OnnELQV7G5sIsnuEzfJoEsYNv756N4d0vmaojnoosOWA97X6BndNsosweJMitTdZ4DeoZU3TOeDw5aldGL4WRFpMAAAcBeNjfc30iq%2Fjv%2F2n1qLpwGAAmNFG0fUDeKXaIROJjs4EMh%2FKeP8xDP2ZfxyVf0OQH%2F5t2whtw5%2FsbWmiy5lh6EXxp57qZVVuXmOWDxGSbzCC5neFA0Oikoe6UJAOx74kpstmE59FIEQq%2BuHl51IxpogJDSOowHNKE6nXRLiTDy3gEO%2F2A%2FxbRxC7xb%2BO08mA1gCKuiIwWLVlXUpk1suPntsE%2F%2FkOQchExSzg%2BLq%2Brh2wCqbOSa7r%2BawLj05SXagRMmtWGAiLczvI3fBzdLYhHA5vbHz%2FnnKQfnciWZhEYalhp%2FUK6T2lnkyL3Z%2F7sUkTMOeiJiZ6mogJQDxjeCfdgPPP0Y6d4gXDFvfX%2Bx%2F5GbTkhVbjz1715a5%2BmB4NcE2lwoa1A7ske7it%2BzBwsUe3JS9ilQ%2B%2Blv8hrc2IHuOAyrYGeuHvA1XLapf8iQBXgH5xJrohJZifvq8kw9p%2BridDh%2Bf1vkLVMCPgZZPWw96E1s4ekRfqYJowviM6YSxJv4IXRkdKCIfey4TClTe96fQRAp7LZhOfRSBEKqfm72n8LsDvAV1KNXTvP39QTbEbJElgZSnG8ET1PAqKmbhqXFXb47DNiB7jgMq2BoSRMrzJMGcvIHU7TsbWS3Kfsqg%2BuOj4ylZ4PR82H79jqUSMcEP6IZ%2FG5ihppzAUMX%2FlXnIMjfBLTYNzUMrzLFfrWrRiLhtebAd39GYnICcrK6ikzoMDV%2BW411QxNAYKnGreRWGc3RKCrlIW7CliL0iSPXU3jlTINmi0iyQMyRl2IPeK1a5rn%2B8TA5yYMrGp5BWNKzIt6SmoUVWyCi%2Btl%2Bjf4fIyt6vP4IC0QV6hPwzrG0oX92P2JpWsn7eNTBSOO3PlROqh71Xv2KUVqGwkFW65x4kMo3CXsanXRLiTDy3gA39YG4tYbj0z%2F5JjkOE%2FCgCKuiIwWLVlUPQbeDF8na9qSUFmob65ZQ%2FW8ovJO7s7FdWa3KDxrYDg18zpfm67sAIMNETqWw0xpMr296TJjaRwnT5GAwtsyB6g7YHGSplS6DNIq%2BUEheuWFU1DOvR1vcpI6fRNBCVEFVPvzDxs04ACieJqBnoVd0Z8GleuPBez%2BGjhZ%2FnQA6wGrXJmYk1FYUJiMUSxw9BrTByycAsf7ljgMJVaX5J5FsSKw3xC2WhGn0r515FV2ZQyn23yr5EDvsxLbFa9HwJjz9GOneIFwxa%2FBvV3G4WAXkeaTDmOrMcx8vEXVfhfDenP0Y6d4gXDFpf4j6iiExulcxlcS9goaPBHCsz26sqPWudR2IEzB0fq37Qaf%2FV%2F9S8AZQDqftEtP%2FW4%2B7B9CM3YM3UMSSurJYSwx2sn4F7palL%2BzeEmlxEjtrKKp6aKa37gGUbMmLuYZ1K%2F3cLkVNYwAa1LrMkjVtqKqVmWD2xzjvgTOu8Q75GZ4qxSNtAoo0fMGEvBGFqFcHHXNGZ7gbmlWmnejdVRQIX30dtrLqtnGQL1AHnb%2BMS7AaHUlfzdiFOir9S41tN%2F6A0iRqlvZUI9RJ1p%2FAMigI%2F4sukE8qfz22diqEBGkSxR0Y1%2FqaSAyrPV47LDSsHj4x2b5MuOSERUoED1fvbuZFHGsqt2LTucnvh3Yfm4PrkoWZEUsV7vRxOHL1fVC202LtAUcFv4F28R05LRkiOj1U9zOrxjRBEUf7JtNg9M%2BbfNvI0F98M69AlVyBV%2BBD5LGIY9R%2Fnz1nRrGF2%2FCoEd%2F85GDKvbdZciSqf%2Biv7pdVewRgCvRBY62K4McnFWHmUG3YeoclgMLTxa8UFmhZpYCkONBgJG19GMdxzXo48%2FigllKbHof44Z10JIo2Eu%2Br3YpveRRGApxCwPvTDrW5ANHZlxX%2FKl5dmo807xmdwuXQ%2BfzZILzaC9Nuf6qTEVuFR3o%2BCX3uxXDmuAbFhNl9Sa3ztDUOxHOhCOMszRhIeWoW8W&mm_sceneid=1_0_6587853948_0&a=xxc%3Dad_ztc%26mi_id%3D0000lKLGZWFMoDMVMWx_Swk4CvE5TfGL66pH6V_0Cw23NHU%26skuId%3D5919727199349&id=810160741043
912452563412,POPMART泡泡玛特数码宝贝冰箱贴系列手办盲盒玩具桌面摆件生日礼,84,¥,券后价,tb160998713,SP正版盲盒店,回头客10万,4000+人付款,浙江 台州,"店铺满39减5, 48小时内发, 包邮, 酷动城",款式类型:隐藏款 | 出售状态:现货 | 系列类型:联名系列 | 品牌:POP MART/泡泡玛特,https://g-search1.alicdn.com/img/bao/uploaded/i4/i3/2208399554429/O1CN01ac64cN1iaXDzLuMF6_!!2208399554429.png,//item.taobao.com/item.htm?id=912452563412&ns=1&abbucket=10&xxc=taobaoSearch&mi_id=0000ReCg5yeyW04QdeN3PwBLtMwyuLJr-jHG5iTsgR7UupY&skuId=5945218299036
945600361929,正版泡泡玛特睡衣派对萌粒水晶合金手机链钥匙链小提溜包挂潮玩女,55,¥,首单价,静静黄998,轻奢恋链不舍,11年老店,100+人付款,广东 深圳,"官方立减12%, 直降4元, 淘金币已抵1.1元, 48小时内发, 包邮, 公益宝贝",钥匙扣类型:卡通系列 | 图案类型:卡通 | 适用场合:通用 | 材质:亚克力 | 功能特点:潮玩挂件 | 可定制性:不支持定制 | 适用对象:女 | 风格:潮玩,https://g-search2.alicdn.com/img/bao/uploaded/i4/i1/69851333/O1CN01sYZuk31LiZ1Xfe0Qj_!!69851333.jpg,//item.taobao.com/item.htm?id=945600361929&ns=1&abbucket=10&xxc=taobaoSearch&mi_id=0000knEmPTwIl_iaeREHGtlHCluOQrdECJZuWevoELBgRdg&skuId=6017180271302
843772735076,POPMART泡泡玛特MOLLY面包脑袋系列盲盒手办潮玩蛋糕摆件生日礼物,36,¥,,看不见的泡沫,YOYO家手办店,11年老店,4000+人付款,上海,,款式类型:隐藏款 | 出售状态:现货 | 品牌:POP MART/泡泡玛特,https://gw.alicdn.com/imgextra/O1CN01nHQn6w1UMQRKeB7bU_!!23432503-0-picasso.jpg,//item.taobao.com/item.htm?id=843772735076&ns=1&abbucket=10&xxc=taobaoSearch&mi_id=0000MUFSplmFINbzSVzVqPkaotRAn_ZSz3uKnyDmdll2v28&skuId=5790231299269
1013797958224,POPMART泡泡玛特星星人怦然星动系列潮玩手办盲盒公仔摆件礼物,69.9,¥,,tiger_toy,TIGER TOY,,1000+人看过,广东 广州,"店铺满299减5, 24小时内发, 包邮",款式类型:端盒 | 出售状态:全款预售 | 品牌:POP MART/泡泡玛特,https://g-search1.alicdn.com/img/bao/uploaded/i4/i3/720952235/O1CN01jl5gRj1SNgKFwFt2F_!!4611686018427386795-0-item_pic.jpg,//item.taobao.com/item.htm?id=1013797958224&ns=1&abbucket=10&xxc=taobaoSearch&mi_id=0000Dsrhlhyo-R7iNER70V32gc_Ys1ihZruixJ7P51HqTa8&skuId=6018570556342
957929285885,正版泡泡玛特ZIMOMO拉布布大天使大首领十周年搪胶毛绒58CM公仔,2530.8,¥,券后价,wqjcxw,JUMP潮玩正版店,,17人付款,浙江 杭州,包邮,出售状态:现货 | 系列类型:联名系列 | 品牌:POP MART/泡泡玛特,http://g.search2.alicdn.com/img/i2/120978104/O1CN01oiNSmd29jgmtOdF26_!!4611686018427386552-0-saturn_solar.jpg,http://click.simba.taobao.com/cc_im?p=%C5%DD%C5%DD%C2%EA%CC%D8&s=517802972&k=2369&e=JGG0AShLuItLgQk7IYyN5x2L%2FQeTy81mVRJq5h6JmCltBJMfjUFtzErs1xWq%2FRmjviELYq2y5AuSbHokKZm8mn6hGE08pcCo3V2zSgZWpvv43f3vFEQsmXMZXEvYKGjwUh7IvEhGriMqmPD5hklMHtAXS3I7sjwBGJyoWl%2BqVohUD5trAU34LQg%2FCWf6%2BgvgfH3bJHtiM5Er%2FvxHiofu8YGeOFyn9chkbIJzZKekjeRYVRzdGsnVi%2FqyayB5%2FVcGc7kALoXDP1KErGXtlxAsi30npKxAaFkvFtFQTz%2FYiOBDO%2FjzujHzJ1lE0WmujijnJ7njaFa6YYvl3fi47xuGq9E1OnnELQV7G5sIsnuEzfJoEsYNv756N4d0vmaojnoosOWA97X6BndNsosweJMitTdZ4DeoZU3TOeDw5aldGL4WRFpMAAAcBeNjfc30iq%2Fjv%2F2n1qLpwGAAmNFG0fUDeL983Immyk2IQ0ahbZFIPjIOsCAzEmIkkmJJKF2CEU8HwGPXnOZ%2BvjZ6w9nEBarEzOV83CLimRUnopccvQupNzfCcU29zLGLi1UShIlgwZpHXn6hAhBr8geYJpIZZBJoZ10B81Os%2FElesPlpSESySkqugqjgjbRKmx531JBMBhcz5UefQS7UGmm7OldNXEkpDVEK%2BnpmjdJToLD4IKHDD0qF62Zxd2TPB0DJlMKMRct2KDqcyfoKLUF6uJZXMRMu1L230OndBmRiwozzqkRPdVmF7lqpVnn96U8Ced%2B2g8FqdzkkELu%2BO9HoAF3Z7ItBU%2B6Ak%2FArHL149P2TpKqhFdxXjS9BBJ762s3X9dAQZrih8dR2mjaMfcSbqyWlPBKSL6ryjsNQQ%2FQ3BOAn9X7T2zin%2For%2B6XVXsEYAr0QWOtiuDHJxVh5lBt2HqHJYDC08WvFBZoWaWApDjQYCRtfRjHcc16OPP4oJZd%2BGFgbotDrAG5J2iOHSMs0L1t3TSQB0bwuQfZ8t%2BE59Ntnn2N%2BOP0NND1laarccSyIV43feN5HFKVpSqr%2BUvigo1f9WmI2pZBdgtZY3da4uX3v0BrOr2n6ABklJkx1rkDdMEFdhpAatEM0DBBoeADJTwEg3LmUCX5X%2BhoxkgABuClRQ8ZiiMq3xsTUkOzU%2FfguWHt8ih%2BNJoad2uOaFymyXs8NWNvyP80xJsdWCUIUWaONX%2BthmP5LPJupCkqDan%2FlBrJDTuUmynYvPfxB6gkjoBL%2BKJADdaWLpzFt2OLNZXmSepF7ratT6guvjGzxtb50%2Ba3Wl3%2FPfqyBavMiz3nyO1REd1XA1%2BV5w7gFA6sm%2F4l6YSmAdnjRY1ipjjnlX0FT%2FJpdo53us4AggZu6QUpR2IgbGXv%2BFsuzYrLLKT8O%2FGL6pQF4g1VgS0apJOCCpBMDNh5dwoU6FsWIUrqueSsamH7sh3JPZVF0B81Os%2FEleSsRCeoCi4DV6LQ8XDCJ0%2BRAwZGoB9b2cNk%2B3m5eKOjJF6q%2BpEvH0ExNExqAOh%2Bq5bsZvWtbv5kD8%2FZdK4ahfdzk1kdFwi7tHherpAc%2BCm3OlRuROvIJ55MMoxVhhmd7%2FtJBpldmGYSi4ycRj5lGRKK14aJy1J8z4lqFInSTqcBB3g0hpg80WadtYy1hRHYszVRKEiWDBmkeY6jhVedwcGH8opxU0HsFDUjvKQq%2FXtwLoAF3Z7ItBU3jtSabTdrxTlh4%2BEv3i18eV%2FKvpEnBhyeOU3%2FMXdD2timWpiR87ud%2BYLn5By11exumwj32ZQq9YfPl3tt4GRSLDqqnMUExbFHHXNGZ7gbmlai5L30%2BEWbSVCMMXcdUQNwhP%2BTPbPA9PBSVjPnCaRItB6lTnhkD1VUVJHyJmitlMvNxQ4spDmomPGF3xJFz6QVmHfLhC6nPUjwqLliEYESiaDqxMsvjkZoc6NuJbo6bfeGhBYLCdZTjCjxHyQKvXQNjL6iau8YwCGLBJBJnh1YQwFixal61NfqqbkNrF2R2waVHZR4wMdiC%2BKeFx6Gs7O3sJtI2V7UzyW1z5Gt6yeeVeaepBs0h7KrBIB0RD6UhZ4ZFL7b90HcwB9KEQVQuTFznYjlxlFkTU4K%2FPyGvqWHT4u2reLtjjzuTukrzKpufpoRexbG%2BvmoqUNSs7Ag10rw50ZSguf4tfzlsXtG71mnp1MF%2BrPxrclt7ev92ZvE3h01e%2B0%2Fvi%2Bapgn9Rj5nJvn33Q3qNbXTJFQFkvDAwsVHIXWnD62DB%2FjTlQZQM%2BgusuxJmX73nW%2FeK02Sh%2FAA99L1JLZyQC2AwRbWWd679aM6RxX%2FKl5dmo81EK%2BnpmjdJT%2BxZku7iV9yuTAYqhgwwOiBM128x2lrZobFhNl9Sa3ztDUOxHOhCOMszRhIeWoW8W&mm_sceneid=1_0_120978104_0&a=xxc%3Dad_ztc%26mi_id%3D0000m6VX7TVKL8HcHxXtUkFOes3Jad5YtKVpCwY183nCcJg%26skuId%3D5991520476769&id=957929285885
1014302485640,POPMART泡泡玛特星星人新品怦然星动系列手办盲盒玩具摆件礼物,85,¥,券后价,猿人如花,雷娃终结者,8年老店,100+人付款,陕西 西安," 3期, 店铺满99减2, 淘金币已抵1.77元, 包邮",出售状态:现货 | 品牌:POP MART/泡泡玛特,https://g-search2.alicdn.com/img/bao/uploaded/i4/i2/2798284732/O1CN01W1gTs21kpJIlJVkUt_!!2798284732.jpg,//item.taobao.com/item.htm?id=1014302485640&ns=1&abbucket=10&xxc=taobaoSearch&mi_id=0000tNBHQno1vKcmM70Qr8goLuuQBc1VXBeitiAad1D0ai4&skuId=6018621633542
955688696656,【新品现货】POPMART星星人美味时刻系列耳机包盲盒周边圣诞礼物,89.9,¥,,tb936373320485,花卷潮玩CLUB,,1000+人付款,湖南 长沙,"店铺满199减3, 24小时内发, 包邮",款式类型:端盒 | 出售状态:现货 | 系列类型:联名系列 | 品牌:POP MART/泡泡玛特,https://g-search1.alicdn.com/img/bao/uploaded/i4/i3/2219166387131/O1CN0132u1qH22Y3S6nsVb3_!!2219166387131.png,//item.taobao.com/item.htm?id=955688696656&ns=1&abbucket=10&xxc=taobaoSearch&mi_id=00004UJAjSmqsc5ClyYcP5FgnvAMUkWo-LukBWdb3oCZVok&skuId=6103846326586
908948194196,POPMART泡泡玛特123!星星人系列盲盒手办时尚潮玩可爱礼品摆件,41,¥,券后价,林下之夕rea,UR TOY盲盒商城,13年老店,3000+人付款,广东 佛山,"店铺满39减5, 48小时内发, 包邮",款式类型:隐藏款 | 出售状态:现货 | 系列类型:联名系列 | 品牌:POP MART/泡泡玛特 | 选购热点:淘公仔,https://gw.alicdn.com/imgextra/O1CN01sSJa0o1wpYuSoLHuh_!!524736357-0-picasso.jpg,//item.taobao.com/item.htm?id=908948194196&ns=1&abbucket=10&xxc=taobaoSearch&mi_id=0000HSyEOQ49BhY0_vevJ_t65A5w_ngJaRo_VczaxlO2sVQ&skuId=5927689428815
1013252274118,POPMART 泡泡玛特 星星人怦然星动搪胶毛绒挂件盲盒手办潮流玩具,93.99,¥,,tb0673212314,嘟嘟潮玩店,回头客7万,500+人付款,江西 南昌,"店铺满799减10, 包邮",出售状态:现货 | 系列类型:联名系列 | 品牌:POP MART/泡泡玛特,http://g.search.alicdn.com/img/i4/3499666437/O1CN01TV0OAc1xQCasmvBgA_!!4611686018427382789-0-saturn_solar.jpg,http://click.simba.taobao.com/cc_im?p=%C5%DD%C5%DD%C2%EA%CC%D8&s=517802972&k=2413&e=F4BPKcO3nEdLgQk7IYyN5x2L%2FQeTy81mVRJq5h6JmCltBJMfjUFtzErs1xWq%2FRmjviELYq2y5AsHWt3FjKB%2BI24FNtoKEFdQiNj5DRSraGI21%2FTKTm4JSnMZXEvYKGjwUh7IvEhGriMqmPD5hklMHtAXS3I7sjwBGJyoWl%2BqVohUD5trAU34LQg%2FCWf6%2BgvgfH3bJHtiM5Er%2FvxHiofu8YGeOFyn9chkbIJzZKekjeRYVRzdGsnVi%2FqyayB5%2FVcGc7kALoXDP1KErGXtlxAsi30npKxAaFkvFtFQTz%2FYiOBDO%2FjzujHzJ1lE0WmujijnJ7njaFa6YYvl3fi47xuGq9E1OnnELQV7G5sIsnuEzfJoEsYNv756N4d0vmaojnoosOWA97X6BndNsosweJMitTdZ4DeoZU3TOeDw5aldGL4WRFpMAAAcBeNjfc30iq%2Fjv%2F2n1qLpwGAAmNFG0fUDeKXaIROJjs4EMh%2FKeP8xDP2ZfxyVf0OQHxvrqjRzY4EJFdNg8LJdmW4Lgyu0Hzw6XmUnQl1n%2BrCifSKRUVaxYlPVVjIiDPXjn%2BBnLNi5eY7ltjBkz3q4JdYWaBwcf9QKhXHr9xWSiiNHW6K7hfARmZdzvbWaVKZPHURCtPpbi1RbCGwOyqbiJHB9knD9krtWlNptKQUHZ9XoE5z5y334RmQvghXQCh3RyIw7lDdIlEF3u2uj5a4xeYoHfBiF24DdZgHpFNrmhMoL3OpNr6TFvSuiB2NemaT2UA4WbHv%2FEN7FHyI6TmHytzEs%2FfH1QPbICv1X4nGWe%2Fq7Bgk4p3BlVBYZoTImFxXqpjpFTSL8Tl%2Bl4jnT2XoSjnXObsIZOUCs0PyJAFeAfnEmuiElmJ%2B%2BryTD2n6uJ0OH5%2FW%2BQtUwI%2BBlk9bD3oTWzh6RF%2BpgmjC%2BI439GpF8oU%2B24NZArQGhMg1J3PrKuV%2FwXQAvZU5m90m87xhoNg2B%2BkRkP3e5GpZQeGJ6nLOTqnO4nfn0T%2FuLbd0Vsi%2BwlAw2sTijjIYUUIk%2FG7tANAqtQKAtTZuuFCL1WXavCCV7Gdk40jL%2FXtDltPT8ikVi%2B8RPfHe48%2F8ox6kuv7C8EGBDnDKLI%2BeedoGciQMnmzGMQBGhQG9bRms%2F3obbtjWWrk2qWeu6%2F76Hx5uZ1ZmpIIpuBuL99EMU4oC9TVZs8YEaCSToRZkOoSP0cDB3harLl6mf4ihud87jwPOcVHCLSZAj1nsKCchEfU9wLT%2B2wkfk5ox2EJ1kX1aatDYLgP%2FZqvqBu54%2BbBwxKcMF0Md%2FK%2BVBltJf9HnQkgR2SFO5D4mBt4g%2Fcev3FZKKI0eWTZMT9y9r8BZoHBx%2F1AqF4Gcs2Ll5juW55hUvjWmKyXO9tZpUpk8dqkEt6JeTa1afU0D6nTIqWZBHqjZQeCYDsWIUrqueSsamH7sh3JPZVH2ScP2Su1aUISCZ594P6EQqpgSWuYUVxZHB8W2I4c0BNk%2B3m5eKOjJF6q%2BpEvH0ExNExqAOh%2Bq5bsZvWtbv5kD8%2FZdK4ahfdzk1kdFwi7tHBTJrQeEChiAJXBqu7yL1Hoiomsujp3zHdNVLbb9tNVJL3bogBdy4fZMAxFxTF4i%2BGwBnAiIJat13g0hpg80WaUepU6t3JdskHyI6TmHytzGO7hCerQz44X8opxU0HsFDRYge0eACzuW88xmuiZ20XbAgY6osVWOPlh4%2BEv3i18eV%2FKvpEnBhyeOU3%2FMXdD2timWpiR87ud%2BYLn5By11exumwj32ZQq9YO2pT%2BXmZtJQchSuzA1sjC3%2BosfrKCpiLF6EthsilPgDmOj%2B9cmPFekFvL%2BhOC9UZfyqdLR0Gyr1FyP7%2Fyor2DLD%2B5BiVboX0hBxYAuzKCQhjXFNohl1hb67RlO4T4ycOjxhd8SRc%2BkFZh3y4Qupz1NeNe7leXD57mg6sTLL45GaHOjbiW6Om33hoQWCwnWU4wo8R8kCr10DQ5Idhu2cLOXI2vmKdvMXCMBYsWpetTX6qm5DaxdkdsGlR2UeMDHYgvinhcehrOzt7CbSNle1M8ltc%2BRresnnlXmnqQbNIeyqwSAdEQ%2BlIWeGRS%2B2%2FdB3MAfShEFULkxc52I5cZRZE1OCvz8hr6lh0%2BLtq3i7Y487gCLm1RnuLjqEXsWxvr5qKlDUrOwINdK9g%2Ba7I6UhPvrwICrVo0UucBsImoQ%2FWRPfe3r%2FdmbxN4dNXvtP74vmqYJ%2FUY%2BZyb5990N6jW10yRUBZLwwMLFRyw0Mr9yShXZKw%2FuQYlW6F9NOzR2fXMkF4DKjrps4PyKy2Q4mwwdZvT0L2gew0s1buniKvaj6YiG%2FhL5QSplIqDrM%2B3AcGjYsi1L5UFXqxoqCrO1QOegDO6VmXp2m7MdkUzQIpfzi2BwC%2FdgkYPRNxZpx4xYnI0t6XWrotw5Cd%2BKU%3D&mm_sceneid=1_0_3499666437_0&a=xxc%3Dad_ztc%26mi_id%3D0000i8jX9zzdYk0EPyj4mKSGOyrMzOj-Crsm1NzNtbnXkNo%26skuId%3D6018135153349&id=1013252274118
963217699939,正版POPMART泡泡玛特DIMOO如果今天星期八系列手办盲盒礼物摆件,78,¥,券后价,tb22969260607,星星潮玩社,,300+人付款,广东 佛山,"店铺满200减5, 退货宝, 包邮",款式类型:隐藏款 | 出售状态:现货 | 品牌:POP MART/泡泡玛特,https://g-search2.alicdn.com/img/bao/uploaded/i4/i2/2216174093890/O1CN01CDNGvI1ebfoVbJk7v_!!2216174093890.jpg,//item.taobao.com/item.htm?id=963217699939&ns=1&abbucket=10&xxc=taobaoSearch&mi_id=0000d5t-u2Ckkhy-1Bcc_OCEG5ctZ333e8wMzXG9pJRQMZY&skuId=6143675154328
813335919028,POPMART泡泡玛特CHAKA逐光精灵手办盲盒可爱玩具礼物创意公仔摆件,199,¥,券后价,大肥羊998,POP泡泡盲盒,回头客3万,900+人付款,广东 梅州,"店铺满10减5, 48小时内发, 包邮, 公益宝贝",出售状态:现货 | 款式特点:关节可动 | 品牌:POP MART/泡泡玛特,https://gw.alicdn.com/imgextra/O1CN01EpuOWn2643xaV8IFu_!!2663227607-0-picasso.jpg,//item.taobao.com/item.htm?id=813335919028&ns=1&abbucket=10&xxc=taobaoSearch&mi_id=00003fBwHIJbFraQhKb0TbD6sjCFz02USD23fgW25t-CjCQ&skuId=5678212023191
989255663851,POPMART泡泡玛特SKULLPANDA餐桌系列盲盒SP潮玩明盒手办玩偶摆件,42,¥,,tb200207133,百分百TOYS,,100+人付款,辽宁 大连,公益宝贝,,https://gw.alicdn.com/imgextra/O1CN01fhaEcl1mpt2FNKzqT_!!2201298825004-0-picasso.jpg,//item.taobao.com/item.htm?id=989255663851&ns=1&abbucket=10&xxc=taobaoSearch&mi_id=0000CDOoEd8UBm5P-MxKpLkF8aDHTZLF8-8l3-igxUXu8QA&skuId=5958906073567
684707660864,POPMART泡泡玛特POP单体展示盒套装盲盒手办彩色收纳防尘展示盒,29,¥,,泡泡玛特旗舰店,泡泡玛特旗舰店,回头客20万,5000+人付款,江苏 苏州,"退货宝, 48小时内发",,https://g-search2.alicdn.com/img/bao/uploaded/i4/i4/2885348004/O1CN01sOePhb28ztETq8VF1_!!4611686018427382436-0-item_pic.jpg,//detail.tmall.com/item.htm?id=684707660864&ns=1&abbucket=10&xxc=taobaoSearch&mi_id=0000LDnwBacPCwUHpuSuKjuQZA07kYGUAOMUGqdBoL7pmXk&skuId=6048631187463
921480173087,POPMART泡泡玛特ΘSKULLPANDA光织园毛绒公仔挂件盲盒礼物,129,¥,,泡泡玛特旗舰店,泡泡玛特旗舰店,回头客20万,10万+人付款,江苏 苏州,"超级爆款, 退货宝, 包邮",款式类型:隐藏款 | 出售状态:现货 | 品牌:POP MART/泡泡玛特 | 商品状态:全新未拆封,https://img.alicdn.com/imgextra/jz3_3/2885348004/O1CN014XCPLO28ztBddvZae_!!2885348004-0-alimamacc.jpg,http://click.simba.taobao.com/cc_im?p=%C5%DD%C5%DD%C2%EA%CC%D8&s=1198636872&k=2465&e=9SDyc38%2FURwUfaU6Wy67Q%2Bsacu8jdsyjrDCQLzEEunRpdmrSMwAMwOaf4H%2FzUGNKtfWTqulclNzMr9EspA5Bg7H3Zlv4JdVdOZWHod80gmIN%2ByiLFp%2BxJ6XTVfe7lq6jRZckVovtPp8VbG4f7mVqqT4MhiennYjB3W5FdXRry83yO50asAVLZA%2BvpAub494oVy8ikDqJuAmkXf30qo8xfWPn0p6lasF2mQ8IHlmWVxiUgP1%2F8ahVbBx9JunrZ2nhfhotxkr%2Bf9swf%2FStpSs2M%2Ba8Xz%2FLyVmPSUYvj8g2%2F%2BnPyi0yt9Wjdrc7LvFLAeocRed%2B%2B3AJCdraFe78x5dbgARxbNj86pQ5%2FEJAPV%2F8nY57LlSVs%2FLbNv%2F28UBy1fXj18%2F6A1vXsbKiLtmCLAtDPbFUGAk%2Bq43UuWhyT1dwRx0fWbxjj%2BYmg0JFoZQKwcwfvXlb0Ep8tUuetSSr%2BSYoOQd5QLdXQKVPGI6sJvLuKdkk%2FIA9W6hwQ7cyV%2BxtfDGhSWO5fVSub%2BYiVRyfebuOzZfEH5Z3rhGvOdxrpNAQ23BR%2B4p7UadFwSgGB2b7JYzeMxTpyb5GVeoS%2Fm70jEZQ9NIXBhi%2BR2gNWK2O8TwoXtmYl1X9glxHNsgUMPyCftaVnISRFXe0GpyjK5b5tMExjDwJB8da8peXwRyW12%2Fm0NLCYzCYLVDliRAbw%2BGRbbxhjgF2jAtVIFZHduTUq5Wph%2FWiphEssUMmAuNiVQqfTPcv0ZsjaWhGteuEbCMpBf4xBITswxOrxxQ2GNgy0Mc0OHIQWiHgO9Ks9gvSvf%2FpuDrYFcjmoDvidU3aYABX837VLzjUxRq9aRcpOfhn5smyJXZ1ZGwtDT0EcgA2X7PfAV1pExeMVj66RKp0HoiZL8LYFgOXsm6mHUnhG5zta8qlYHKyJaAQepjMKtkeDUkMgu6z2SDFJDdq3xH24GdfPIaVYbRuVXWQoDyCfvhs0WPTulP44EKdMToPCJ5E1L7%2BKzv%2BIUHv2tegU19yw5X%2FUmAkA0PNT1gWHNPx656sZHF1tXLRWLR5DcAyWPZMcfrfMQdTiNVmM9V5oShOfype4Pp3tqICWLs%2Bw4%2FqsoRsfOYPAtXH1ZIT9AeTtUl6zeSzPSBnfmXvdAragA6ix%2FzLdgFZf6yavdzWFHMITcCTdWmmgNhD3JigVY8ViN33vIBBaXuxjnQZfYkZwFu2h%2FFdsWlOCBn7aQokEpJPglEPgl1hbNeYsoLSRg2bQ4tAOHJl%2FWEflHs0sWAXAYtuVqRMwQry%2FHiFsDT5cPhOrJl5kpEIvX4ANCzhkHgbsGlBLSW%2F7B3SFwYYvkdoDRPKmgbhQ531TeX1Tf7QPTYoBgdm%2ByWM3iQwiOov3WmWmJdV%2FYJcRzboFQoKxt%2B%2FPvYmUwv74dwBuGxLwfMdGTiOQT8WuX%2FtXjz5S3wuemA3268lEVQWoUUJ0%2Bv%2BqUIirMJjMJgtUOWJPKIOZXiTGgGjW9Rp0yqHNKVQwFMA%2FLupI%2FtxBaXCFcVejcbx3AonA1TDjc1282BprLRKSlP2eJvDIfIfwoNrc7UP9osxMXNBJaZkI5jBP4iuq728av4DIwz3oSobjnGdwQG4hCS32g%2BvTbvnxY4yNZ0Phyzxqt45IKQOLsHVKgcOCA4NR09Yq3TlxpLyYNm7sPE3XVK%2Br18gpA4uwdUqB82ZNSwUucrvRd751MKpve%2F3Km6U%2FpLZj62bpCHQPlBPdSTFzH9618lSjFJqh2JkvigyH9JzSsreM00LDZJ4rLTGvdnhS1ANvHjr2bZXqODrSbBAm4nCIEWqZeszmCohoxF%2F3elULxPTdtUaUphSxzSLzBAbnscHv%2B8YeQLTPtFx2xwwqQIoXeQD4jQDCKwhB57Z21Q7WUPRSkRSY%2FSCrldzwmAzrYg0otz2YPZqaFeAbpXTCGSLy9cENE2WuxzndsgqktyciZctGk3aG15ma%2B884n7ue67k9CzuoSzoJfZ0kUYKVco7fw0thAGOWpIY%2FOZk6Chm0%2F4KhoxnsuvtUiwstZjrzKakfMGJKfzAfmwG7HhWAll%2Bc%2FnjE%2FkidMGY5X3%2BMUs6dEQ94OqSjfx12EYVUUioBEv4D3QHqICMy8WqHcfMv2bHX15GtdfZAL917LoUqsT61I3o3OgZ%2FHhfKee1zrM2vHt27%2FFeXsQGAeRGBVmOeKuEdVXvQw7tuTw9VG6x4LnnxO0QQmzxBUWg7GUvONTFGr1pFyk5%2BGfmybIldnVkbC0NPQRyADZfs98BXWkTF4xWPrpEqnQeiJkvwtgWA5eybqYdSeEbnO1ryqVgcrIloBB6mMwq2R4NSQyC7rPZIMUkN2rfsiroigsGmBPvmX0Jh3z1Y6f0u3Jm9mKlgn74bNFj07ohb49eWxpxcD2%2BWFxLaDE%2FRyv0B14mY26UQ0vEm%2Buj5QYSLs8tkJj%2Brg1g7GcTMUUzhwGTaKeQJNMtPvNAbten&mm_sceneid=1_0_116045295_0&a=xxc%3Dad_ztc%26mi_id%3D0000Ks1KYjw8h6bFmd7jcFLIkAwN3-AGG_4GvkRwkD9bpYE%26skuId%3D5984838471853&id=921480173087
907593710332,POPMART泡泡玛特LABUBU3.0前方高能系列搪胶毛绒潮玩盲盒挂件礼物,87.9,¥,,tb7445538986,SUN TOY,,2万+人付款,广东 广州,"店铺满199减3, 24小时内发, 包邮",出售状态:现货 | 系列类型:联名系列 | 品牌:POP MART/泡泡玛特 | 选购热点:淘公仔,https://g-search1.alicdn.com/img/bao/uploaded/i4/i4/2211802957652/O1CN01V3mC9D26OfmqBrt39_!!4611686018427381588-0-item_pic.jpg,//item.taobao.com/item.htm?id=907593710332&ns=1&abbucket=10&xxc=taobaoSearch&mi_id=0000quOmi_F-Zl5y3C1--wdtYcPGbl5ajYKekiG0EsRpHzw&skuId=5773354308229
939144756927,【官方正品】泡泡玛特拉布布Labubu马卡龙一代搪胶脸挂件公仔盲盒,500,¥,券后价,misslong8877,ONEWAVE潮品,9年老店,3万+人付款,广东 深圳,"退货宝, 包邮",款式类型:隐藏款 | 出售状态:现货 | 品牌:POP MART/泡泡玛特,https://g-search3.alicdn.com/img/bao/uploaded/i4/i2/847377729/O1CN01VrEGPk26xwFxGuDNb_!!847377729.jpg,//item.taobao.com/item.htm?id=939144756927&ns=1&abbucket=10&xxc=taobaoSearch&mi_id=0000Ht4_pywYTVcxfk7afYAWPSPYjfTDKYaLvJg-6v9y3Qs&skuId=5921447117189
987084819701,POPMART泡泡玛特THE MONSTERS 十周年系列手办盲盒LABUBU礼物,59,¥,,泡泡玛特旗舰店,泡泡玛特旗舰店,回头客20万,9000+人付款,江苏 苏州,退货宝,款式类型:隐藏款 | 出售状态:现货 | 品牌:POP MART/泡泡玛特,https://img.alicdn.com/imgextra/jz3_3/2885348004/O1CN01XoSWWt28ztEPBt9Ag_!!2885348004-0-alimamacc.jpg,http://click.simba.taobao.com/cc_im?p=%C5%DD%C5%DD%C2%EA%CC%D8&s=1198636872&k=2273&e=nHip2nQl0TUUfaU6Wy67Q%2Bsacu8jdsyjrDCQLzEEunRpdmrSMwAMwOaf4H%2FzUGNKtfWTqulclNzMr9EspA5Bg7H3Zlv4JdVdKfOY1cx%2BwnMN%2ByiLFp%2BxJ6XTVfe7lq6jRZckVovtPp8VbG4f7mVqqT4MhiennYjB3W5FdXRry83yO50asAVLZA%2BvpAub494oVy8ikDqJuAmkXf30qo8xfWPn0p6lasF2mQ8IHlmWVxiUgP1%2F8ahVbBx9JunrZ2nhfhotxkr%2Bf9swf%2FStpSs2M%2Ba8Xz%2FLyVmPSUYvj8g2%2F%2BnPyi0yt9Wjdrc7LvFLAeocRed%2B%2B3AJCdraFe78x5dbgARxbNj86pQ5%2FEJAPV%2F8nY57LlSVs%2FLbNv%2F28UBy1fXj18%2F6A1vXsbKiLtmCLAtDPbFUGAk%2Bq43UuWhyT1dwRx0fWbxjj%2BYmg0JFoZQKwcwfvXlb0Ep8tUuetSSr%2BSYoOTDGhqdkSOqcC9%2BMHHgq4dxKjb80VdjjVzP5rw45md1kOXdWZB0uHEn%2B04c86IZYulCM48u8bzSYuY8HIeEMlkZkJ2LQUr8BgOFpUJ8OyAuMpJ9JTjL7qK%2FvQeMAC0V36PVlsQqBzvTfsZ3ymUkt35e%2BL3fZBbWgUpyl%2BfIPiSQk%2BU%2F%2B5un%2BeKWMBxvsBQ2yI%2FToboPM1QWPqxIQJbzJAwX4qHVGt%2BYOK30AyRgTVQOuvdr%2FmCPSm1UrKNTFxwoIHjqVhIH6A4RYTx7D3KFp1KGkpsUyt19gFLXyuUdtomTr6tf95hTOro2A6mlcKa7igR4MZmeBYA2BcUKSegSDrbDGXulf%2Bm4UjNNxiYnbm4i8TShJqY%2FhKJZKxsj2%2FEKeVTQkrnhYgUxjObX%2B3H1zEIHT%2B%2Bn4UI2V1NCa4hxuAkb0vVQuY%2FGDaHtdDXifsu1ABbXb3y6giwE7Ch3jgYKPtna3Elo0CjY2ACsqhxsDZ%2BItkc7Dx2H5uV4WNXDHkXXouWBxO3DemPaoNUVfcDibGoLN4Su7iAarZJG3ojZOfYxyA7jsDGsnFcyhg1aCLgYk04wUoQhLWfqSEf5KHnPZiYHTh0zZqBZdiqsjoHmQXeIh%2BFYguAE3XWloR2j1PZB3gm3tKuDWsMx7H6AA4z%2B67V4JXfGfv8%2BGQuytDLWPogCFV6jDn5jwxTuu4xZLY%2F9X3KO67iYB%2FaJerxHZlDYu5m0hWEbLFGIy5mKlIXec2ItLcYCndl0yaBkZnkfLQZpUemiC8ZyUm1PMHExpHxAx1RYAiv%2FHd9p5I0UGqtiCG5TlZKWYGPNuTB%2BEIFVZP9DnwPjnP0NmUCG9zKpjZTTq0I40n5%2BOUj7gMr4B6QtWIgKRStZUugmLl9QtUOya0JG7HOFpUJ8OyAuMNBoxQvhAeOiZb3AnNpUjUon4lajsCyrywzP%2B%2F6IGlG1vdDPA9uaNGbyhrnGG%2BDbJNynZL3P%2Bvf6mHRKaBnrqW%2BeZY%2Blo8Y7HImJIPzGOcziroUGHqYqzFRDbyJYtibvXQsGDqBt0qpztFPZjZSyIVBTSjAMrSFDW90zaMHbsY2zu4hvaOhngJc4kxAh99MITvVQuY%2FGDaHtbgeD4sdQFN5ns9u7BHWxbo%2B2UpwGUBIO9VC5j8YNoe8At%2F7EC7f8Kt2CFZNOTwQInyfkedrlVj48EDrZCrdKmg4iZraQNpqOYS%2BdpgsC37AmnzpDi%2BGd3maIx7LMrtzzNNwF2rIjvYmOAnJ2R9jXAGo%2BnTmou13v8rRdEBBqlFKvg3nDffntr9HUOvp%2BFWvo6eeUPRPEyMyEbA3lhdOMizu2QeYyRnLwGBbfnk%2BlUfhpN2hteZmvvPOJ%2B7nuu5PQs7qEs6CX2dFfXvAA%2Bd0xrLYQBjlqSGPzmZOgoZtP%2BCoaMZ7Lr7VIsLLWY68ympHzBiSn8wH5sBux4VgJZfnP54xP5InTBmOV9%2FjFLOnREPeDqko38ddhGFVFIqARL%2BA90B6iAjMvFqh3HzL9mx19eRrXX2QC%2Fdey6FKrE%2BtSN6NzoGfx4Xynntc6zNrx7du%2FxXl7EBgHkRi1CgfgDlrXf70MO7bk8PVRuseC558TtEAEL6qqbjOgZFGdS6YuSAVyPUQXJTM871XZ1ZGwtDT0ESS5ACttLyaVzNKWy5TbfEsHz8PF3o4zldu%2BHQ1Oai2cvTZrvtnm3sELII8izQrr%2FmipHkORkG0LiiV%2Fy%2FgP5QUUGqtiCG5Tli6uWZ99y7J5edKiPfRNgM%2FKa0vrQl%2Brjlk1Uxnl2%2F2OZrn35T9YgvGCM3h5QKipB&mm_sceneid=1_0_116045295_0&a=xxc%3Dad_ztc%26mi_id%3D0000NOn4BC6Gt2Nw4W786_6maFNFo5DtoRr9tuO5PIZzhlA%26skuId%3D6021279468592&id=987084819701
932239909669,POPMART泡泡玛特SKULLPANDA光织园系列毛绒sp搪胶挂件盲盒礼物,99,¥,首单价,谭梓琳lin,欧巴手办盲盒,回头客8万,9000+人付款,广东 佛山,"直降4元, 店铺满500减5, 48小时内发, 包邮, 酷动城",出售状态:现货 | 品牌:POP MART/泡泡玛特 | 选购热点:淘公仔,https://g-search1.alicdn.com/img/bao/uploaded/i4/i3/2580405343/O1CN01VktyIQ1pL9EvfIR9c_!!2580405343.png,//item.taobao.com/item.htm?id=932239909669&ns=1&abbucket=10&xxc=taobaoSearch&mi_id=0000s_dD42kMlD7IZTz9cyqT6smXIzGIyiOoV17HoCJyP7s&skuId=5985764086459
969936816834,泡泡玛特THEMONSTERS前方高能系列LABUBU ROCK THE UNIVERSE毛绒,576.9,¥,券后价,李超越0922,TOP DOLL 俱乐部,回头客1万,1000+人付款,广东 广州,"店铺满299减3, 48小时内发, 包邮",款式类型:特别版 | 出售状态:现货 | 系列类型:联名系列 | 品牌:POP MART/泡泡玛特,http://g.search1.alicdn.com/img/i1/1392190029/O1CN01pMtlIi1C5Kbk56FrE_!!4611686018427380301-0-saturn_solar.jpg,http://click.simba.taobao.com/cc_im?p=%C5%DD%C5%DD%C2%EA%CC%D8&s=1198636872&k=2413&e=9pzlp2nZjoMUfaU6Wy67Q%2Bsacu8jdsyjrDCQLzEEunRpdmrSMwAMwOaf4H%2FzUGNKtfWTqulclNxx6E46nUg2%2BlZSwEjAqCy6EvmUB%2BjXNJOyr7w9Di9Z1qXTVfe7lq6jRZckVovtPp8VbG4f7mVqqT4MhiennYjB3W5FdXRry83yO50asAVLZA%2BvpAub494oVy8ikDqJuAmkXf30qo8xfWPn0p6lasF2mQ8IHlmWVxiUgP1%2F8ahVbBx9JunrZ2nhfhotxkr%2Bf9swf%2FStpSs2M%2Ba8Xz%2FLyVmPSUYvj8g2%2F%2BnPyi0yt9Wjdrc7LvFLAeocRed%2B%2B3AJCdraFe78x5dbgARxbNj86pQ5%2FEJAPV%2F8nY57LlSVs%2FLbNv%2F28UBy1fXj18%2F6A1vXsbKiLtmCLAtDPbFUGAk%2Bq43UuWhyT1dwRx0fWbxjj%2BYmg0JFoZQKwcwfvXlb0Ep8tUuetSSr%2BSYoOZP%2F7%2Fr7k4jkU9Wr%2BkeIGUEF%2Fbk2iDRxbPmlmB%2B67n90Dp%2FsoAMnRchKjb80VdjjVzP5rw45md1kOXdWZB0uHEnh5wyfCldrfEzNG8YfeYzqJP%2BJJ8yXYWTONO%2BTi24bBaFPar9OlyA3grrUxAsidQs6Kuv2z2LFi13EjYiZDypKyHagHbTVEiWUocryaCiri1l1BKexihjWObHclsT0EJtBuKTrh1RJeUQcBYY7etHGK9G4MugUqVHnKMOigdce0jiemMbLsGaDZYSF%2Fxrqig4rKNTFxwoIHjqVhIH6A4RYTx7D3KFp1KErM9IL6SNzomZkawj0UjY95CnpQG81TnjbwwcO%2BJ%2BRb2BNU3Ytnl07UDBHyIEaSiC4XF%2F%2B0DgbnLmjOAlN80NTULkEP9%2FUG8ydVGO5HiIhJHZnza2KJgtFObX%2B3H1zEIGLEoE%2FhYSgFHd0FqeJPSMrLS5kgTEKxOwzN9tZAEeg0J3Wj%2Bx96IgPSL3XoTX1zcXvFaMDWPpK6Ssz0gvpI3OieIzQRTgZsvDiMGotdGlhhiyK0LAJ0sEk6cO%2BioLaP7sT2Y7n%2FTrko1tQwWcnjoCwQyn0XSn%2BasPfwqkfFfzt0WIUfyqePcyIFVP5DWS7U3pl%2FOjP6cBIlTS9InwuGZqMQgKGkRlQmAsiTr%2Be2OXlz0i0RqlJbyJW27ATulNk59z%2B60skxUXCG1gK5MMsIybEdrnZzYTo%2Bado1GNgVC96L2S%2Fj4aojdebEl7%2BJjLyioe89hHRexnlCBaI%2B9pdE7K4Rmc%2FMy8ja5sLAC2DvKNyBpY8dnhPOsoGNUDsLiPyuYC%2BWy0k2ZxE6wPSzCXdlubnhEhVaPUbmshSnPKqfAQZhosQohalPmjBtU1%2BAEaYsB%2BJWZU9PqOy5sncoAczBh0%2FxT3tVXL0Im0HOPdgFPrn2q5eUjkbhJjNyK3yistUmI3gkAUvLi2J7nsXn7OKHs%2BZhgfBm95wgp4Cn6i11T1nDv0p7IuiCi5EqSN6mKoEqVY4rfopc5myhnHKBR1eT9%2F5Z0iadgrkU9I%2BrTq%2FI2sDS%2FTY8qSqNkdTIbXaUgVAeTJigJVvMjLbN409A3yuzxJVLpErmFuMDp2%2Bep5O18rJNtS8Mci9p1Lxa7ufUeAnWEYixeN196ApnlxNh9vi7VFSqGpRH3WGkjdHqFiL%2BHhImhPgugqP1sdcaB5T9MOO%2BtqA2HtXv%2BKYXUe%2B%2FdsObRZOE%2BC6Co%2FWx1w%2F0QcqhtCISvJgHQa4ZFlS%2Fb3e4i5IuarzPdDyabkC75oeuZW4z%2B9M9kj3ZbnLBVCAYY2Ulil9GSew6WL2%2FLZY8l%2FfXKknJf8nHdIIbx%2FiyEuqc%2BoHFwPASqlSP7wxh06vIolmKhQaZXtUvXUM29FgQb9eVbC0YopIvdehNfXNxW44TPjJQ0SKt5mTlJqnj2v2RiKS2pFFH4Xh0%2FOfxd918szmN%2FiIW8mq%2FM3S7pLBTtpw%2BiZeNHpnwG0RHHLhts8hJrDbQam6Te0uhIy9xWd2zP08qkpU9s%2FlSkQD810v1L4hKK9ou5ifh0lCiNELPLNynxmeDbAX4qk33uy%2FBanIDrAtU2Hhq28rKIn2z9hFWPxh3AYao7gzDa7EAUT3Kekm0cNI7G%2BG0ErWVLoJi5fUdDdkhO6YWTxjYJzsfw1U%2FF4VFjKasjxoRkF6kqgA6UxJpTOR9CeqxTabQqfHRiHEYGbUgG2IuEgV4D3OZpyGUyavKL5%2FISWnLiNCT6KNa%2FGNvPmX2ANgpw8xcs1njZmG%2FKmSCSTxi3GHeWubgn1r90i916E19c3F3yhtggjFObXg1X4tyCKtl%2FtiDIt6qc4MZ2OL8I4JaRFt76YISFq4LDJ0Qb%2B1Ev44TRcZZPsJkMzsizFPCUm6y5yGBOOfVdYZlR8R5K9pGH5bfSFNZ%2BjWuCXyKneopGMhegCvz9X8v%2Bc%3D&mm_sceneid=1_0_1392190029_0&a=xxc%3Dad_ztc%26mi_id%3D0000NjDlHZ72pQJwMCs1Gd8NzM-XfPNhzIOikZHqKIztMTg%26skuId%3D6083113511915&id=969936816834
1013534886830,POPMART泡泡玛特PUCKY毕奇敲敲系列搪胶毛绒挂件盲盒潮玩手办礼物,108.9,¥,,tiger_toy,TIGER TOY,,1万+人看过,广东 广州,"店铺满299减5, 48小时内发, 包邮",款式类型:隐藏款 | 出售状态:现货 | 系列类型:联名系列 | 品牌:POP MART/泡泡玛特,https://g-search1.alicdn.com/img/bao/uploaded/i4/i1/720952235/O1CN016qKfQz1SNgKEbgwa1_!!4611686018427386795-0-item_pic.jpg,//item.taobao.com/item.htm?id=1013534886830&ns=1&abbucket=10&xxc=taobaoSearch&mi_id=0000RCFl1kBstb550VdvlJ04fRySLLjy5Yr_g9miK2cl8oo&skuId=6183294258547
821052755300,泡泡玛特SPACE MOLLY ORIGINAL系列百乐门MEGA珍藏潮玩大娃摆件,1169.9,¥,券后价,李超越0922,TOP DOLL 俱乐部,回头客1万,200+人付款,广东 广州,"店铺满999减30, 包邮",出售状态:现货 | 系列类型:联名系列 | 品牌:POP MART/泡泡玛特,http://g.search1.alicdn.com/img/i1/1392190029/O1CN01mLvEeV1C5KbjpbOKg_!!4611686018427380301-0-saturn_solar.jpg,http://click.simba.taobao.com/cc_im?p=%C5%DD%C5%DD%C2%EA%CC%D8&s=1198636872&k=2381&e=710xA1wnOVkUfaU6Wy67Q%2Bsacu8jdsyjrDCQLzEEunRpdmrSMwAMwOaf4H%2FzUGNKtfWTqulclNxx6E46nUg2%2BlZSwEjAqCy6I4ej0xkrxfSER%2Fd%2FOG07UKXTVfe7lq6jRZckVovtPp8VbG4f7mVqqT4MhiennYjB3W5FdXRry83yO50asAVLZA%2BvpAub494oVy8ikDqJuAmkXf30qo8xfWPn0p6lasF2mQ8IHlmWVxiUgP1%2F8ahVbBx9JunrZ2nhfhotxkr%2Bf9swf%2FStpSs2M%2Ba8Xz%2FLyVmPSUYvj8g2%2F%2BnPyi0yt9Wjdrc7LvFLAeocRed%2B%2B3AJCdraFe78x5dbgARxbNj86pQ5%2FEJAPV%2F8nY57LlSVs%2FLbNv%2F28UBy1fXj18%2F6A1vXsbKiLtmCLAtDPbFUGAk%2Bq43UuWhyT1dwRx0fWbxjj%2BYmg0JFoZQKwcwfvXlb0Ep8tUuetSSr%2BSYoOZP%2F7%2Fr7k4jkU9Wr%2BkeIGUEF%2Fbk2iDRxbH9MpkiDRAasSWO5fVSub%2BYiVRyfebuOzZfEH5Z3rhGvdqm%2F2Al18YcdW38wzqlFOOEvrllu%2FZ4GfzL9Ljq4MA4Qxi%2FDP62I1W9D2fqFG%2BS5P%2BVtd%2F%2B6yDjBG3IZK0uix4YujGw24O4l6aTGg%2Bdfa1f7ox3wyiUPZ7w6GLt0v%2FkQqsK6Cfavxzjhy8jHk2jEQ3hLDiGdYvG0y%2F00zKppfW%2BIMVs%2Fdh2Vs%2BmjILE1Np4lAuNiVQqfTPcv0ZsjaWhGtftWB%2Bj%2B4nUAEPcwwBmRKRwWHCinUuPlp9dNq59pJjFt88l5cCcZUtEbVUBlpAsDDXFCknoEg62wuMlu9fjWXqaizBlOQGTjmW7Lkyqi1XbGICI2dtLx14NzNKWy5TbfEpZMiBCpm4amzDy0He6FEj6udYDEsbpNuFiRZcjlxAYw3fSdGXuLUo2BCz%2B%2BcSDKLRBfQOMutX2d6Lkh1aYdNUPS543%2FMqsLkvQ%2FJWg3cO1v0U6k3Acs6Le3y8JLAwg7wJazvyS6Lh5UgFw27wR2sLPpJBHmo6MfvILHObySgDW92G0uVzoA1dPqUpuboYxNjvlkECojGEDirNfgyyXeh0%2FuS9Zu9SwYbAnG3LQY1h5KqNEYeYGEtqP9P%2FAugsvixV1YE%2FEPJsWp9bAyAOZ314%2BH3pdtXbKuu9V8QGXwKBFmCyXe%2F%2BQBGht%2BRTZ%2BE68auMxXAP2QV%2B8Cz9nXEJWCX0RgrWZnfcSZoJPRCQlL8Hd85aLrtKyknXfeaqogdutZ8IoObcjzv%2FfYpDs4HmmFIEfZz%2Bc%2FMzRys1KWCmbdkRq0JudtdVvMkyCYaxeMECFKNC980Jy4GNba%2BoE%2FQOmJNhrAHd%2B%2BCkSlXTZX%2BTlpHpxrpyzaaPEnBQpgTVN2LZ5dO7JkpnRYxeBkoeXZNIZGSd0rpRsKV3sMb5vEvckftmrgpj%2B0tqEN%2FhYH%2BerCjeLsS40Gh%2FlHJXF9QaGw38AhjO4zhwGTaKeQJLet6COTTybbFxxa97iphw13EkMFt9%2Ff8%2FFlc7v%2Bs7rLUVJzuF0DRwroIl5OIP8IwwhPPy2ig3atF2MEWu7U%2BjPrlPDlVf0dD5VRkd4Aztnu2L%2FbLwGjUxGdD4cs8areOXF5ObSqhzJUG%2FfhqyirUBB05caS8mDZu7DxN11Svq9fcXk5tKqHMlTbdXpy55NZyUXe%2BdTCqb3v9ypulP6S2Y%2Btm6Qh0D5QT3Ukxcx%2FetfJUoxSaodiZL4oMh%2FSc0rK3jNNCw2SeKy00LCtQ2ndpHBwOZew%2FJwMg27E5RXTN9oOP%2BYz0%2F%2FwXpwRf93pVC8T02K7qMIHWDkZsodjAbD4FrwzN9tZAEeg0HaSHlHlWtCNBWnvx8INQ7nspWHULrc%2FY%2B0Tu1x57N9PAtl9I2fFKTW%2FXl5DuwfppAiRSPUevUq1g3gvODB%2BKqtZ5ittPQ8b%2BnFOesX%2BYx789ihYmfFv6ZQPqq8Gr8edX7J%2BmGfuO3NafZP19tevVSZKXQIIB82pK5MozTB9QFZiWd4KAnnUin1%2FeRJ0gx4Dz%2F2KCIV2khH6ouy9Yevk9oXNnd0%2F6sYTDboZytvGm3%2BYbCLGN4DrlkrVN%2F%2FsG2Mx%2Bip2ixjyX%2BIucIXfX3Wdq%2BDzuHxyClZApEyR30zV8aZG759rBgRSvhzIH6BRUEXoLon5XcR18eEFjHiTKb8PHouo1XDidqLFj5sBMjNbodmTKG9CXQ18QrEJLvIn6%2Fsmf10NiYxBUsj%2FggZtm6%2FDU4fLrRQ%2FNMa%2B45xOlA270nYTkNkX6qjImRjdCZ%2FYGnODyAzqSLRVWghuC%2FatH7fKDHM0E6vKF5KL7%2BHLyMeTaMRDdUKBEsMvFK0Ssmng38qO0iD5%2F8HDw25vG6kv0LYJoTo%3D&mm_sceneid=1_0_1392190029_0&a=xxc%3Dad_ztc%26mi_id%3D0000hfKiQ-LNiFQ87svddzoiXOvyGVZPUrBMc9W1py6lkWo%26skuId%3D5697572282378&id=821052755300
964908934774,POPMART泡泡玛特PUCKY毕奇木鱼敲敲系列搪胶毛绒挂件盲盒玩具礼物,600,¥,,tb9723665577,TOT潮玩店,,600+人付款,浙江 金华," 3期, 包邮",款式类型:端盒 | 出售状态:现货 | 系列类型:联名系列 | 品牌:POP MART/泡泡玛特,https://g-search3.alicdn.com/img/bao/uploaded/i4/i2/2216411999407/O1CN01qQiXdD2JMSuVwCqmk_!!2216411999407.jpg,//item.taobao.com/item.htm?id=964908934774&ns=1&abbucket=10&xxc=taobaoSearch&mi_id=0000-t6ixewYPdqeCxwA7YWQ4uCmLHjN65PyIit0E-FC2Mk&skuId=6008615420841
996929447832,泡泡玛特小甜豆新婚系列结婚订婚礼物送闺蜜实用新娘新人摆件,219,¥,券后价,肖寒1112,GRENLUS格琳露丝,8年老店,31人付款,湖北 武汉,"官方立减12%, 包邮",适用人群:闺蜜 | 场景类型:乔迁新居 | 货品分类:摆件礼物 | 适用节日:中考 | 包装种类:礼盒装 | 风格:个性 | 产品名称:永生玫瑰花 | 修饰词:浪漫,http://g.search1.alicdn.com/img/i1/124819861/O1CN01ApacY92MiOieMsTlU_!!4611686018427386261-2-saturn_solar.png,http://click.simba.taobao.com/cc_im?p=%C5%DD%C5%DD%C2%EA%CC%D8&s=1198636872&k=2369&e=pxaO0re69LYUfaU6Wy67Q%2Bsacu8jdsyjrDCQLzEEunRpdmrSMwAMwOaf4H%2FzUGNKtfWTqulclNweFFqca9MRSsciMKKqJmMqUGr6T1rfWqGyr7w9Di9Z1qXTVfe7lq6jRZckVovtPp8VbG4f7mVqqT4MhiennYjB3W5FdXRry83yO50asAVLZA%2BvpAub494oVy8ikDqJuAmkXf30qo8xfWPn0p6lasF2mQ8IHlmWVxiUgP1%2F8ahVbBx9JunrZ2nhfhotxkr%2Bf9swf%2FStpSs2M%2Ba8Xz%2FLyVmPSUYvj8g2%2F%2BnPyi0yt9Wjdrc7LvFLAeocRed%2B%2B3AJCdraFe78x5dbgARxbNj86pQ5%2FEJAPV%2F8nY57LlSVs%2FLbNv%2F28UBy1fXj18%2F6A1vXsbKiLtmCLAtDPbFUGAk%2Bq43UuWhyT1dwRx0fWbxjj%2BYmg0JFoZQKwcwfvXlb0Ep8tUuetSSr%2BSYoOZP%2F7%2Fr7k4jkU9Wr%2BkeIGUEF%2Fbk2iDRxbHhE%2B%2B0CCStZ8hMvd931DR1Zz%2F98jiXDjJvlqFZH%2F6ZH%2F94tiJJ8DdR68aRYkYrFo9YWZHimqxLriN0TB6rz6PgitrYPYYyml0GTmFLUAho8u7LkFnxQwGBIlTE4q%2FL%2FXzyRLpift8noUVQcCVMGO8FpPcv3%2ByCyzLEr28WdjAe%2BqE3HLy8hp8Ysl2L%2F2K9WRxqio1whzw4dw%2F%2Bp4UoqcNrfQXXYUU8UPsv9NMyqaX1viDFbP3YdlbPpoyCxNTaeJQLjYlUKn0z3L9GbI2loRrX1q%2B%2Bu7fWaIojdEweq8%2Bj4fr4HWF%2FH8k%2BgjB6YynKEqgDLF0olDRbwPcT63302Dp0MpIx5pnJGajHp8M4FXnoedmU4skJOsWl2dWRsLQ09BHIANl%2Bz3wFdaRMXjFY%2BukSqdB6ImS%2FC2BYDl7Juph1J4Ruc7WvKpWA6F0uGT%2BnDMA73srTpZDWkJnYq6S4Imx3mTFFDQ8nlx%2B3Oy4OEuBb0abqx15rtRCQCqsUvRP%2BG2qide%2BSy9YwmzTw9SoFEDAcx6fDOBV56Hs1PLV%2BWesN8ZqEVZTUJ5howcDGFIylAkijaeDkeX1WXod74Tk1oDNmqCtS7U4igwPDEIVkF5brGRfzBSmBc5HNYZHxiwMpGuH%2FgAXuiZjQDhPDQoQOi16ahKWtlKaovs2RI9ytrx5lr7dfMZMCeEGvZ%2FJ%2FhsGRBl1vy8hvQRQP7HbK%2FWX4g3ZhLdIkQfMSsXuOppBuacRrMEXnOQVXRVD58PAHfpaeKIYUyht83UM3%2FL5%2BX%2FdOxI%2BSUlfpMn85DIcqe5MVFb0QtodWrkqtQbmau1fnOXUWqI3yOXjrKqUnUotBHOzZUbYeYmZh%2FSiBJzmLwTUy6TqpBTVBPAIJP7lQjbGNUO4yOpgmbzXon%2FASWt9ayRE2BS9uPEJ2Wp7e2bvFDV%2B0glKoGmxsgbkuwNNQ1Tov2hI9vW19z1waO3Y4a0EV1L6mtckQg%2Bf%2FBw8Nub7Gg2pblmZfwjI1aFqqSbXMSfe6uYjhuY9Oo0xUa4%2BGSvu08q49AGn83cEAVl%2BQNW%2Bza2ZW5VcKEYO2XZFDLLJKjtPzheCf9C30Ovq0oP4htZZjh5KoZP7MKi5r5FBaqwtqEcBp0pV0O5kxRQ0PJ5cdFIl%2ByR3WwteWtU5d8EbCGzN1nhT8%2BeKzmTFFDQ8nlxyFkFLdDJBPgz%2BasOGlpAcneilpK12OMr7z6UdVKXHQ%2BuAexLDi3Dkl9BKzDoVzvd%2Barm6X7fKTaF7AmXhGDgq2ycwrgGXcnQijc%2BL3eac%2FMZNftrYhtguPVEKnUOa5IWq0FEfovL6yAQUj9X42btG2PczTptzlwrY26jI59IS1X8EOKhAxj%2FiimFFHimpF1qYXh0%2FOfxd918szmN%2FiIW8lA21ci3qyzutpw%2BiZeNHpnwG0RHHLhts94oAYg4njpxO0uhIy9xWd2AQw1nNKwkS7lSkQD810v1L4hKK9ou5ifh0lCiNELPLNynxmeDbAX4qk33uy%2FBanIDrAtU2Hhq28rKIn2z9hFWPxh3AYao7gzDa7EAUT3Kekm0cNI7G%2BG0ErWVLoJi5fUdDdkhO6YWTzZliLM89QAFI2now7RLMNgRkF6kqgA6UxJpTOR9CeqxaNAQi%2FeDtmPoePG3TTOxngV4D3OZpyGUyavKL5%2FISWnLiNCT6KNa%2FGNvPmX2ANgpw8xcs1njZmG%2FKmSCSTxi3FIHjrj8BKJyXTyyWMmHhAjKeoPIzNforBv4WGihRcQfE%2Fx5QUrt80mhfPVasAI9LriiV%2Fy%2FgP5QahNxy8vIafG1M%2B7ZkkcVKmbwb9vHMcXMvKa0vrQl%2Brjlk1Uxnl2%2F2OZrn35T9YgvGCM3h5QKipB&mm_sceneid=1_0_124819861_0&a=xxc%3Dad_ztc%26mi_id%3D0000t3Hnwc6a8mxDe5Kvh2TZkODifRVQhG1ELubolLteTIE%26skuId%3D5980283592136&id=996929447832
983073228169,POPMART泡泡玛特星星人二代 来自星星的礼物系列手办盲盒礼物摆件,68,¥,券后价,克莱得威尔斯,潮盒CLUB,,600+人付款,广东 佛山,"店铺满20减5, 包邮",款式类型:隐藏款 | 出售状态:现货 | 品牌:POP MART/泡泡玛特,https://g-search3.alicdn.com/img/bao/uploaded/i4/i1/3182089574/O1CN015qvT842Kax1nU3BEJ_!!3182089574.png,//item.taobao.com/item.htm?id=983073228169&ns=1&abbucket=10&xxc=taobaoSearch&mi_id=0000piLQ1ccdKQIs0zKu88tFbPirixPWh_0du-LchLhVoI0&skuId=6106540262257
970233630493,POPMART泡泡玛特SKULLPANDA白月契约手办可爱娃娃摆件礼物,199,¥,,泡泡玛特旗舰店,泡泡玛特旗舰店,回头客20万,4000+人付款,江苏 苏州,"热销爆款, 退货宝, 包邮",出售状态:现货 | 适用年龄:15周岁以上 | 品牌:POP MART/泡泡玛特,https://g-search3.alicdn.com/img/bao/uploaded/i4/i1/2885348004/O1CN01G48d5c28ztETxQJZT_!!4611686018427382436-0-item_pic.jpg,//detail.tmall.com/item.htm?id=970233630493&ns=1&abbucket=10&xxc=taobaoSearch&mi_id=0000qonWo8frl9dDWVSmh84PIuXUFSnm6tZe-YXLJGO9gxE&skuId=5932747128867
802217676592,POPMART泡泡玛特正品 ZIMOMO大首领大天使搪胶毛绒公仔,449,¥,券后价,tb621562613,MMV TOY,,500+人付款,广东 惠州,"店铺满599减3, 退货宝, 包邮, 公益宝贝",出售状态:现货 | 系列类型:联名系列 | 品牌:POP MART/泡泡玛特,http://g.search.alicdn.com/img/O1CN01PDYO5P1jktrmds2N0_!!4611686018427384779-0-item_pic.jpg,http://click.simba.taobao.com/cc_im?p=%C5%DD%C5%DD%C2%EA%CC%D8&s=1198636872&k=2393&e=7Z2DCGK7EqsUfaU6Wy67Q%2Bsacu8jdsyjrDCQLzEEunRpdmrSMwAMwOaf4H%2FzUGNKtfWTqulclNyRPIwNx88vvYyFlOP4MMnOzzJYRg4luGeER%2Fd%2FOG07UKXTVfe7lq6jRZckVovtPp8VbG4f7mVqqT4MhiennYjB3W5FdXRry83yO50asAVLZA%2BvpAub494oVy8ikDqJuAmkXf30qo8xfWPn0p6lasF2mQ8IHlmWVxiUgP1%2F8ahVbBx9JunrZ2nhfhotxkr%2Bf9swf%2FStpSs2M%2Ba8Xz%2FLyVmPSUYvj8g2%2F%2BnPyi0yt9Wjdrc7LvFLAeocRed%2B%2B3AJCdraFe78x5dbgARxbNj86pQ5%2FEJAPV%2F8nY57LlSVs%2FLbNv%2F28UBy1fXj18%2F6A1vXsbKiLtmCLAtDPbFUGAk%2Bq43UuWhyT1dwRx0fWbxjj%2BYmg0JFoZQKwcwfvXlb0Ep8tUuetSSr%2BSYoOZP%2F7%2Fr7k4jkU9Wr%2BkeIGUEF%2Fbk2iDRxbH9MpkiDRAasSWO5fVSub%2BYiVRyfebuOzZfEH5Z3rhGvYFjnHQj5EHTOvABq%2BQAU9bFf%2F6ChFvguocqyY6saS6kMb5Zp7%2FRsUpYukdYNo2%2Fje9tZxhG%2B1vgOeLEcP1ogVUQD6Zu3qUnSm3RsW7gv%2B78hoPcZ2GFHztJMguXjdOYLGH98npCzOV6bDqEALvs05%2B7d5IkQ9sZWjgF2jAtVIFaaH5O1LTXu2A4abO%2Bg1RURoFNp1jj3Pmjf6DmDT6EhJsSV0oK%2BAgH%2BqemVwRrjvh6TJqKw1RN9ycC37zQDlPmcZVoxyYdDgWNfsAT37bEit0d6pEgs8WTeDvsoPFB8V4R90VteWJCzQOJe15ELi6GkR%2Fd2Z%2BZpm5KSGNRLGt%2BDMPf5%2FwRdV7QJ%2BPMNVZwZBqr9%2ByWlAZ8nJ1VK1uqdSNwwYodApDcrAVUzN9tZAEeg0HHO6LOPtzWmaOh91eJPyZbzecyv4wQwhh45VI5Y%2FtWRRJg5kdcFpyMZiUiOQZNaTlc1zEpIAg9578CyGXYMyZrKGqSyZIHqveHakjcCw1tn7t8VrPudfi2v1IQ1Spj%2FoKcXyE9p1H06v7FlJhXMcT43oo1ooxtH2AZR8RFGs%2F1UtJTvm4Y0374ZXiZ6UbKKJjd2limnnZLoiDzNkbX7ZC1z8ET8Aa8TGIPBSTpAK6w4bxOtQEEZCc9GHNjN4zu%2FQRW40WlZi6DenWpJMt6W%2FqXT5Dg%2FCOAHKTogOZfrWCmCYhrMKXjjh5CqjRP6tR3JQPHxCU0zredbomUQJ6H8DvKZ7PbuwR1sW9sBO7iT7KUIuQF0bOdK0UiwB6NBAIK%2BUKhPSp2H6aHnL3P0bkIS0sMtYwGp3CVZJ83TtWESkIzpZ4I6Sc6HabCJZRsCGL3tOrhsS8HzHRk4jkE%2FFrl%2F7V5xOVEDa3eD%2FsyNv1JobfJrvNpdWuYKV%2B6bDqEALvs05zDJYwK3%2FY9Do1vUadMqhzSlUMBTAPy7qSP7cQWlwhXFXo3G8dwKJwNUw43NdvNgaay0SkpT9nibkQ8JI%2FgzZxA3r6GHFxBK54cQBZIQmsADEo%2Blc6W66lvSZn0DNsM0CuRk%2FqA2JpJ2EHpuOF8%2F2LKdD4cs8areOaj9psjgTYcjIVkFTKT0jtl05caS8mDZu7DxN11Svq9fqP2myOBNhyNRAnonT0dY1EXe%2BdTCqb3v9ypulP6S2Y%2Btm6Qh0D5QT3Ukxcx%2FetfJUoxSaodiZL4oMh%2FSc0rK3jNNCw2SeKy0pxk0BVce6z%2FUB7ER7oPcwGOAnJ2R9jXAGo%2BnTmou13uqkjN7No99JK4xJ5Nl26iHHQ3h6T7aAfw6eeUPRPEyMyEbA3lhdOMiAcWFfrgfg9wsCXtqDj1PnTfDLzfncG79heHT85%2FF33XyzOY3%2BIhbye8qix0HXbvU2nD6Jl40emfAbREccuG2zyEmsNtBqbpN7S6EjL3FZ3bM%2FTyqSlT2z%2BVKRAPzXS%2FUviEor2i7mJ%2BHSUKI0Qs8s3KfGZ4NsBfiqTfe7L8FqcgOsC1TYeGrbysoifbP2EVY%2FGHcBhqjuDMNrsQBRPcp6SbRw0jsb4bQStZUugmLl9R0N2SE7phZPC3S%2Bdx22sdcXnCfZDuRoL9GQXqSqADpTEmlM5H0J6rFEFOsXWMHRWo8CguzGFtYuRXgPc5mnIZTJq8ovn8hJacuI0JPoo1r8Y28%2BZfYA2CnDzFyzWeNmYb8qZIJJPGLcYd5a5uCfWv3SL3XoTX1zcXfKG2CCMU5teDVfi3IIq2XsrgdNALsWEc3SYjVgr8BFeYVtBN9%2FgcjArX0dqwX7NHz4kISzeVnXUnLkpRukIEXVGh95%2FKWQb28x0ReWzQiTlt9IU1n6Na4JfIqd6ikYyF6AK%2FP1fy%2F5w%3D%3D&mm_sceneid=1_0_6575436378_0&a=xxc%3Dad_ztc%26mi_id%3D0000HnUTiq7KiLUPuclAPKXv88TzEBuIho4aF18Ys0ISi_c%26skuId%3D6121102159168&id=802217676592
961758010610,POPMART泡泡玛特THE MONSTERS怪味便利店系列斜挎包周边LABUBU,129,¥,,泡泡玛特旗舰店,泡泡玛特旗舰店,回头客20万,5000+人付款,江苏 苏州,"退货宝, 包邮",出售状态:现货 | 适用年龄:15岁以上 | 周边产品:斜挎包 | 品牌:POP MART/泡泡玛特,https://g-search3.alicdn.com/img/bao/uploaded/i4/i3/2885348004/O1CN01ZHZRCH28ztEPHBk13_!!4611686018427382436-0-item_pic.jpg,//detail.tmall.com/item.htm?id=961758010610&ns=1&abbucket=10&xxc=taobaoSearch&mi_id=0000qIJCHJLnqKd7iB7WagYdHoWQCycMxu9kbM-g_LI2udE&skuId=5824362408409
,,,,,,,,,,,,,
,,,,,,,,,,,,,
1012479640418,正版泡泡玛特全新未拆盲盒热门福袋生日送礼潮玩时尚摆件手办玩具,59,¥,,tb727622575918,大公主盲盒馆,,99人付款,广东 揭阳,"48小时内发, 包邮",出售状态:现货 | 品牌:POP MART/泡泡玛特,https://g-search3.alicdn.com/img/bao/uploaded/i4/i4/2221520769719/O1CN01RrHGhG2LfMTodz4UP_!!2221520769719.jpg,//item.taobao.com/item.htm?id=1012479640418&ns=1&abbucket=10&xxc=taobaoSearch&mi_id=0000IyHgxarpK_3X3NECqttBWqU68BnvEfssN-i08YbhXe4&skuId=6178464035067
1014153867366,POPMART泡泡玛特星星人奇妙漫游系列U型枕毛绒玩偶靠枕礼物送人,294,¥,,tb1764391841,鱼乐潮玩 YULE TOY,,1000+人看过,江苏 泰州," 3期, 48小时内发, 包邮",出售状态:现货 | 品牌:POP MART/泡泡玛特,https://g-search3.alicdn.com/img/bao/uploaded/i4/i1/2214202449493/O1CN01e7L41T2JzqyIrEJcg_!!2214202449493.jpg,//item.taobao.com/item.htm?id=1014153867366&ns=1&abbucket=10&xxc=taobaoSearch&mi_id=0000WxTxCilfHsJGKJnwxKSR8_8Asni6vF8CK2nVMw_xFR8&skuId=6021990897067
756653146799,POPMART泡泡玛特ZIMOMO搪胶LABUBU公仔58CM毛绒 I FOUND U 手办,1153.96,¥,券后价,eileentoys,艾顽潮流iwant,回头客1万,5000+人付款,广东 深圳," 3期, 店铺满398减5, 48小时内发, 包邮, 公益宝贝",出售状态:现货 | 系列类型:联名系列 | 品牌:POP MART/泡泡玛特,https://img.alicdn.com/imgextra/jz3_2/2207971297914/O1CN01N3lHmt28KfVPXORWB_!!2207971297914-0-alimamacc.jpg,http://click.simba.taobao.com/cc_im?p=%C5%DD%C5%DD%C2%EA%CC%D8&s=1198636872&k=2457&e=eZlyVgGEiGEUfaU6Wy67Q%2Bsacu8jdsyjrDCQLzEEunRpdmrSMwAMwOaf4H%2FzUGNKtfWTqulclNxznnUwUEOBnBw3raN6tpy2e%2FfOV5wpYWCER%2Fd%2FOG07UKXTVfe7lq6jRZckVovtPp8VbG4f7mVqqT4MhiennYjB3W5FdXRry83yO50asAVLZA%2BvpAub494oVy8ikDqJuAmkXf30qo8xfWPn0p6lasF2mQ8IHlmWVxiUgP1%2F8ahVbBx9JunrZ2nhfhotxkr%2Bf9swf%2FStpSs2M%2Ba8Xz%2FLyVmPSUYvj8g2%2F%2BnPyi0yt9Wjdrc7LvFLAeocRed%2B%2B3AJCdraFe78x5dbgARxbNj86pQ5%2FEJAPV%2F8nY57LlSVs%2FLbNv%2F28UBy1fXj18%2F6A1vXsbKiLtmCLAtDPbFUGAk%2Bq43UuWhyT1dwRx0fWbxjj%2BYmg0JFoZQKwcwfvXlb0Ep8tUuetSSr%2BSYoOZP%2F7%2Fr7k4jkU9Wr%2BkeIGUEF%2Fbk2iDRxbH9MpkiDRAasSWO5fVSub%2BYiVRyfebuOzZfEH5Z3rhGvz8p1WTFeUefTJe4YHSH%2Fape2V5RwnhOw1LthQ02eWTWPElUQy8QcPA0cEBzSgC2hmnUcQiSYDmg0DUbOjm7de32k7yx0Idj5AeQZhi72CgdM1aGcs8qFEAcOLpKEv3cjw%2FSTNrKYXwP%2B8kjkVsckAX63HopLBin8jgF2jAtVIFaaH5O1LTXu2A4abO%2Bg1RURoFNp1jj3Pmjf6DmDT6EhJl2LU3CJbZJtYyw%2FuL4GRtd9UCAzvhA725pNUR6Vx%2B9bQtc9IXsmWGGSf1wRq6lEWnjKXrrMUeKr4rr6ArwnKPP98guFHU5gu7X%2BQUfSxNlt2zNNHu4q4GnB8%2FDxd6OM5QJtJH8%2FlbTb5vISsxdDQH1Jvd4pM1cbHg7tYu9NNBtIULeRYR41JjpzBVy5%2Bgtwqr0VzzNJ4dxlv34jOhju9GuPPMeBgHPTOnetjLjPhbB7DOpItFVaCG4XpabcVH%2BrWXYZV4M6XT7k2pxiCRzG%2FMNcZGOWtNuBXMDGYXSzqvIzrvS7moNNMKCq3DzN79g%2Fnm0Q7Sp8w1cYbpUzqyLvHvDtpYkA2mGhpH7zaQ5%2FtOxb5gbJKe7X77%2BRBT6hZKsAUtOLirFwScaHU96d0yD2yQg9vIMd8vggMzFAEnvHMYc8H8E7bzXjtWoHXvoH5gfB%2BT3n19jZ0wO2BPeM%2F20jNpgsZCJOGUx7WvmtAw6AShFfbuohDdr28ulrL4dUJm3R6vcEouxA%2BlL%2FTUzY4tYUra89pycBhjlNJasurq5l6wd76jRpFjydoWfnChtvQujmVRUlgZf9RJy%2BAeQZhi72CgdM1aGcs8qFEAcOLpKEv3cjw%2FSTNrKYXwP%2B8kjkVsckAXFUICPrL7G%2F4rr6ArwnKPNifEWJKdstSCsGoulK%2B7btfuqDpblw%2FFAExJF234wPkVBkxMv2s0BbaHzdWe11Ol4vSPL43GxxPL0ZOBglaUYNt6BHhjdDtnlkPKSmuFg1qHYtdzW4gu5PeclDjJ40%2Fl1mUbnF7bpZUOUvehfR5g3WbDTfVwPrn%2FTSAciVm%2BeR5q5eopdNK%2BsEzlGUicFeK2z1T8jD%2BSecwO9S5LUFjEvosU9S7PEsxO6365yEODFxUe7iG9o6GeAlurmC4GtRhoIQE2UVqPFiHDeptK1Lquaamez27sEdbFv%2FoRd2NZXGtxATZRWo8WIccqvtfQJrA0S3YIVk05PBAifJ%2BR52uVWPjwQOtkKt0qaDiJmtpA2mo5hL52mCwLfsCafOkOL4Z3dHNxWY9awvK8QHbKfrS1ZhJx3SCG8f4shLqnPqBxcDwM2h%2BrQMpxP0q1D2pMfmk1UoH0EZ7%2Bp%2Fn0G%2FXlWwtGKKSL3XoTX1zcVuOEz4yUNEipPkcl0KZ01hbndYwwr0VQN%2FLSdQ60SvV3IdjHBmbffJijX%2BLJfdxxZo%2Bx95Qo%2BKxaACXKnp79DQnbulOWAlT7%2FiMcruafiKOwPnmgIkDFS0OSqsS2vdD6eVZmp4WG%2B8ZrdU4%2F%2BCED%2FOpq8QVWDDen9hyi2RXndWkdTuSp%2ByLgRdaKOP6kMmX5YrYfkxgHe6Dyjz9SZdWm04HPuxe4%2Fl1DfCKbeB1gx3Qr3fZodF9yRe1FR8YIz9Uh9K1lS6CYuX1HQ3ZITumFk86%2FElnlMSyc9dhUmClfzKV0ZBepKoAOlMSaUzkfQnqsU0bGVZaFIij3gszTfBx9aXFeA9zmachlMmryi%2BfyElpy4jQk%2BijWvxjbz5l9gDYKcPMXLNZ42Zhvypkgkk8Ytxh3lrm4J9a%2FdIvdehNfXNxazQiYM0m%2FIs1uH%2Fam2dmI%2FikGaWhINvk1gSc1HOOSPFoCxct3SVbHJuuJ6%2FtBLKBCMAelsZH4ZZAKN48guu1UvymtL60Jfq45ZNVMZ5dv9jma59%2BU%2FWILxgjN4eUCoqQQ%3D%3D&mm_sceneid=1_0_3204345526_0&a=xxc%3Dad_ztc%26mi_id%3D0000IkPk-_2lsn8UkfPPkkHWgdu3BDkXrpikKuiIAbV6nQs%26skuId%3D6138626591219&id=756653146799
909413854679,POPMART泡泡玛特Twinkle 123!星星人系列盲盒星星人三代手办礼物,40,¥,券后价,tb160998713,SP正版盲盒店,回头客10万,7000+人付款,浙江 台州,"店铺满39减5, 48小时内发, 包邮, 酷动城",款式类型:隐藏款 | 出售状态:现货 | 品牌:POP MART/泡泡玛特,https://g-search3.alicdn.com/img/bao/uploaded/i4/i4/2208399554429/O1CN015aTQjX1iaXDyMM1y2_!!2208399554429.jpg,//item.taobao.com/item.htm?id=909413854679&ns=1&abbucket=10&xxc=taobaoSearch&mi_id=0000xLoRd-_dBcSNyE8ODOhi9uC9rb0SpheAxwNPWsKHEcE&skuId=5962862394929
921145151946,POPMART泡泡玛特比奇堡的居民们搞怪毛绒盲盒BikiniBottom丑鱼,59.9,¥,,tb65165867,KT潮玩,,900+人付款,浙江 宁波,48小时内发,款式类型:端盒 | 出售状态:代购 | 系列类型:联名系列 | 品牌:POP MART/泡泡玛特,https://g-search1.alicdn.com/img/bao/uploaded/i4/i1/3884676722/O1CN01uvS2o01zWjSzbXqnW_!!3884676722.jpg,//item.taobao.com/item.htm?id=921145151946&ns=1&abbucket=10&xxc=taobaoSearch&mi_id=0000r9qJXrUTN2Foa26EbrVNRkJLwhQXEdG6VszBZ-N6nXo&skuId=5996199112741
982128146658,POPMART泡泡玛特星星人美味时刻系列手办盲盒潮玩桌面摆件可爱礼,65,¥,券后价,tb160998713,SP正版盲盒店,回头客10万,2000+人付款,浙江 台州,"店铺满39减5, 48小时内发, 包邮, 酷动城",款式类型:隐藏款 | 出售状态:全款预售 | 系列类型:联名系列 | 品牌:POP MART/泡泡玛特,https://g-search1.alicdn.com/img/bao/uploaded/i4/i1/2208399554429/O1CN0100mYKX1iaXGnRql6y_!!2208399554429.png,//item.taobao.com/item.htm?id=982128146658&ns=1&abbucket=10&xxc=taobaoSearch&mi_id=0000DJRQi1X_M7J7ZZdVpbauXcgnMEIKFixJOeka1jlCPRs&skuId=6107782330390
1006035348188,POPMART泡泡玛特DIMOO限定时光系列发光沙漏水晶球盲盒周边礼物,127,¥,,羊城老傅,老傅三叶草,8年老店,600+人付款,湖南 长沙,包邮,,https://g-search1.alicdn.com/img/bao/uploaded/i4/i4/3008780965/O1CN01SYvJgq1J01JhPDqSR_!!4611686018427386533-0-item_pic.jpg,//item.taobao.com/item.htm?id=1006035348188&ns=1&abbucket=10&xxc=taobaoSearch&mi_id=0000fUsmEqdZy_a_GiJ0oQ_--n59I0k6CPBaV9VudACsDI8&skuId=5997709232116
1016980478702,泡泡玛特星星人随心配系列手工可爱车钥匙扣圈环链绳小挂件高级感,62.1,¥,券后价,tb7408062550,拉布布labubu正品店,,1人付款,北京,"超级立减10%, 退货宝, 包邮",钥匙扣类型:中国风 | 材质:塑料,http://g.search.alicdn.com/img/O1CN01xjevYL2MCL076Ftkl_!!2207920949791.jpg,http://click.simba.taobao.com/cc_im?p=%C5%DD%C5%DD%C2%EA%CC%D8&s=1198636872&k=2401&e=qFlP7i0bWVEUfaU6Wy67Q%2Bsacu8jdsyjrDCQLzEEunRpdmrSMwAMwOaf4H%2FzUGNKtfWTqulclNxY1IATGMxKl5H5l8dSJDhlwiSAWlTV%2FfiER%2Fd%2FOG07UKXTVfe7lq6jRZckVovtPp8VbG4f7mVqqT4MhiennYjB3W5FdXRry83yO50asAVLZA%2BvpAub494oVy8ikDqJuAmkXf30qo8xfWPn0p6lasF2mQ8IHlmWVxiUgP1%2F8ahVbBx9JunrZ2nhfhotxkr%2Bf9swf%2FStpSs2M%2Ba8Xz%2FLyVmPSUYvj8g2%2F%2BnPyi0yt9Wjdrc7LvFLAeocRed%2B%2B3AJCdraFe78x5dbgARxbNj86pQ5%2FEJAPV%2F8nY57LlSVs%2FLbNv%2F28UBy1fXj18%2F6A1vXsbKiLtmCLAtDPbFUGAk%2Bq43UuWhyT1dwRx0fWbxjj%2BYmg0JFoZQKwcwfvXlb0Ep8tUuetSSr%2BSYoOZP%2F7%2Fr7k4jkU9Wr%2BkeIGUEF%2Fbk2iDRxbA9Dh7TOAG0wvbe6qByqcFAj6E88qJ64q%2BtaOZc34stz2wx%2FGNyv6f6LmSPJgIVayKqHQ51Qx87mU5%2FZTvncI4Puer2DiHybBBv7gXRcyuXycD9%2FW4ASRLWGerRKCbbMIK8VxN4t2o7WEVAbG0oLJM%2BLOeQ6myf3lMK8HblM8YBl128ZUgGsWhK%2FLxD%2FeUZJo0UQ9CqNL8IXy%2F00zKppfW%2BIMVs%2Fdh2Vs%2BmjILE1Np4lAuNiVQqfTPcv0ZsjaWhGtQKrm1PFumKMQRGJtwboZlyFT6%2BNa2takMRoFHhDsu%2Fk%2B3lJ8Vrr9p7hyHPwnCNPLjEBMTG1ICcQABFiw%2Bmt0tnUfa1hmH9BIsgfoFFQReguifldxHXx4QWMeJMpvw8ei6jVcOJ2osWPmwEyM1uh2ZMob0JdDXxCsQku8ifr%2ByZ%2FXQ2JjEFSyP%2BCBm2br8NThxCsIl3RtA5ZF8Vvz24yg07PT3UHgL2VCgK19HasF%2BzRtdvfLqCLATvCynRQkjTz6j76uLecPOA390%2FFIAfum9OXkYY9WiCGrdduhp3uv%2FoahUlIDJc1FnDN4Su7iAarZJG3ojZOfYxyeY%2FMR35517Chg1aCLgYk04wUoQhLWfqSEf5KHnPZiYHTh0zZqBZdiqsjoHmQXeIh%2BFYguAE3XWloR2j1PZB3gm3tKuDWsMx7H6AA4z%2B67V4JXfGfv8%2BGQgrSdzFxu4%2F0YlEh8EympLuu4xZLY%2F9X3HNS4ZrfcmpzrxHZlDYu5m0hWEbLFGIy5mKlIXec2ItLcYCndl0yaBkZnkfLQZpUemiC8ZyUm1PM%2B%2Bw7mKhx6Ymjn4M3NaxDGXxdOeTYIY27KOF6W1oN9nYxkc9a9Cf9xOEprgET7ubPxBm7PAYyH5bZbMOx68pBMzqHMzEljoypt9ayRE2BS9uPEJ2Wp7e2bikbzzY3RmrvdNY8xBGUNk4prezObC2UbcgfmYnZ85bU0EV1L6mtckQg%2Bf%2FBw8Nub7Gg2pblmZfwjI1aFqqSbXMSfe6uYjhuY9Oo0xUa4%2BGS2LmweSjnbBqIwmqxDqRI8ExHyfuWgkdhxMQEXhvqG0hz%2FeDMYvwYhSPMlhEHwp%2BKFrG%2FAGI9ezoZe4L6J0DOyH%2Bwku6T4e4FVKRYAFdNx54ioTjhjrhsM%2BG2sEv0n4pRppbuKyhEPIl%2FFX4jE6fPw40K6ZuP06oO8mAdBrhkWVL9vd7iLki5qvM90PJpuQLvmh65lbjP70z2SPdlucsFUIBhjZSWKX0ZvM%2BRvOzhrsT6pc9iJ8KpG%2FyJooV81H24heHT85%2FF33WaCRjp34Yg38JBl3QfckRG1KfsUJVpZp5B6lGY27TTl7OtqxufOSGMqRlblIeaXPLwK2wdgJdr%2FiE5a09bOdyeBVoiGT4s%2FSUbrXpdaDFLELk0XJ%2FK7aIPUMZlRTFpt6dVLLGByvTpLkaCEGdXL3LmNo%2FACaY%2BIkVJLIWxQnOX0wKHslVkopANv5K8LhGYxxDDwn1%2BRTfPRHadteTVMpUiRLgQHezZ7GCpInaLMMWXBquL5%2FpG%2BuPazI9LWmWIXvXWqpZ%2FnWEjG81r%2BuA%2Fk1Mj%2B%2BJt25jedmJMMhTyfTgCH4ROMwFlzn3aCw0aunJnoO9JFmOzbhvTlTUqOJlSAKSNTLhItBYHvmCqh0OdUMfO5keZkoWhuqJTbsuTKqLVdsYgIjZ20vHXg3M0pbLlNt8SlkyIEKmbhqbMPLQd7oUSPq51gMSxuk24WJFlyOXEBjDd9J0Ze4tSjYELP75xIMotf5TSvmNvY1Jcd38d3qAA5L8MQvI%2B3qcyQRGJtwboZlwM6ki0VVoIbkeBnVUwRs2sl5JLFQXJkVu%2FLxD%2FeUZJo0WcPo9N%2FnkvErJp4N%2FKjtIg%2Bf%2FBw8NubxupL9C2CaE6&mm_sceneid=1_0_8229959926_0&a=xxc%3Dad_ztc%26mi_id%3D0000MPPW-27V-8h1YrEttJ_-slge14HioxidiqNzuutXc4E%26skuId%3D6191473527091&id=1016980478702
957925899139,POPMART/泡泡玛特星星人怦然星动系列玩具手办盲盒摆件礼物,69.99,¥,券后价,almeida08627,TOP TOP,,90人付款,浙江 杭州," 3期, 淘金币已抵2.09元, 48小时内发, 包邮",出售状态:全款预售 | 品牌:POP MART/泡泡玛特,https://g-search2.alicdn.com/img/bao/uploaded/i4/i3/664791397/O1CN01V3halg1MBsQEIJQin_!!664791397.jpg,//item.taobao.com/item.htm?id=957925899139&ns=1&abbucket=10&xxc=taobaoSearch&mi_id=0000qmUOGSamUMAQumdjZT-5FjdKNZwOvThKr5AFzolACGo&skuId=6017926472561
912000298778,POPMART泡泡玛特THE MONSTERS十周年系列香薰蜡烛盲盒LABUBU礼物,1161,¥,,泡泡玛特旗舰店,泡泡玛特旗舰店,回头客20万,5万+人看过,江苏 苏州,"退货宝, 包邮",款式类型:隐藏款 | 出售状态:现货 | 品牌:POP MART/泡泡玛特,https://g-search2.alicdn.com/img/bao/uploaded/i4/i2/2885348004/O1CN01DlB4TZ28ztEKPTdyX_!!4611686018427382436-0-item_pic.jpg,//detail.tmall.com/item.htm?id=912000298778&ns=1&abbucket=10&xxc=taobaoSearch&mi_id=0000BZsK01POZFhk4qqketxvUVxDFUYSwh9IVdGxFWRuu1o&skuId=6021278264113
1000941244128,POPMART泡泡玛特漫威穿越无限系列手办盲盒玩具摆件礼物,69,¥,,泡泡玛特旗舰店,泡泡玛特旗舰店,回头客20万,700+人付款,江苏 苏州,"热销爆款, 退货宝",款式类型:隐藏款 | 出售状态:现货 | 品牌:POP MART/泡泡玛特,https://g-search3.alicdn.com/img/bao/uploaded/i4/i1/2885348004/O1CN01uWrbaK28ztEUFGZUS_!!4611686018427382436-0-item_pic.jpg,//detail.tmall.com/item.htm?id=1000941244128&ns=1&abbucket=10&xxc=taobaoSearch&mi_id=0000DO-69bw35mccTFr5dk0_quaakgXo-4yRdtVgPUCh5us&skuId=5986151765998
967447463488,泡泡玛特SKULLPANDA光织园系列搪胶潮玩手办永生花花盒七夕礼物,332,¥,券后价,肖寒1112,GRENLUS格琳露丝,8年老店,67人付款,湖北 武汉,"官方立减12%, 包邮",,http://g.search2.alicdn.com/img/i2/124819861/O1CN01PDoI6d2MiOinUSGYa_!!4611686018427386261-0-saturn_solar.jpg,http://click.simba.taobao.com/cc_im?p=%C5%DD%C5%DD%C2%EA%CC%D8&s=1198636872&k=2369&e=aHBtL9svPJQUfaU6Wy67Q%2Bsacu8jdsyjrDCQLzEEunRpdmrSMwAMwOaf4H%2FzUGNKtfWTqulclNweFFqca9MRSsciMKKqJmMq1SFDOtGreRayr7w9Di9Z1qXTVfe7lq6jRZckVovtPp8VbG4f7mVqqT4MhiennYjB3W5FdXRry83yO50asAVLZA%2BvpAub494oVy8ikDqJuAmkXf30qo8xfWPn0p6lasF2mQ8IHlmWVxiUgP1%2F8ahVbBx9JunrZ2nhfhotxkr%2Bf9swf%2FStpSs2M%2Ba8Xz%2FLyVmPSUYvj8g2%2F%2BnPyi0yt9Wjdrc7LvFLAeocRed%2B%2B3AJCdraFe78x5dbgARxbNj86pQ5%2FEJAPV%2F8nY57LlSVs%2FLbNv%2F28UBy1fXj18%2F6A1vXsbKiLtmCLAtDPbFUGAk%2Bq43UuWhyT1dwRx0fWbxjj%2BYmg0JFoZQKwcwfvXlb0Ep8tUuetSSr%2BSYoOZP%2F7%2Fr7k4jkU9Wr%2BkeIGUEF%2Fbk2iDRxbOj%2FmPY%2BrLcQLCFzCEFxpRdKjb80VdjjVzP5rw45md1kheCYWMax9QNmAi6gU1OiZKJUvt8rJVc3ac20YcYk0FoyML31%2FeP7jWtRLr%2Fe%2FAelH3xbQlUSY46LLhYkKnoTaqIKWaAM%2BrVOxt2LCj0WtNZsgqwPNAflta%2BJLk3zCNNgBFhirS3Fw1f1q6s2wKIbefh6Ynriuvbg%2BN9dztcQDZ74qHVGt%2BYOK1zMP8yUWW%2F%2FCqzJ6HBOOoVYFbWIwnea86EPZ5jwgVplxac591V2w6iiVL7fKyVXN%2FC8Nw0kaAUu8v4tsxTWO34aGLWcIgmd%2FdmZjijyqqiVQrQ6y5qs8BOCpQ7b%2FGxgAf7JBtx81Rg3fdFbXliQs0DiXteRC4uhpEf3dmfmaZuSkhjUSxrfgzD3%2Bf8EXVe0CfjzDVWcGQaq%2FfslpQGfJyfImX8hSoyO7JZYV2MRfKU3CDynbNFSUh1HZoGXGSmqo3mFRmya0zTktdvfLqCLATvOIR4mTUrExeOeiushegGWnvN3byDPKJT%2ByQbcfNUYN%2BlfyybVUDSlUOXVCrzAxQ%2FN4Su7iAarZJG3ojZOfYxyeY%2FMR35517Chg1aCLgYk04wUoQhLWfqSEf5KHnPZiYHTh0zZqBZdiqsjoHmQXeIh%2BFYguAE3XWloR2j1PZB3gm3tKuDWsMx7H6AA4z%2B67V4JXfGfv8%2BGQmXAbh2mmdH4zYTcjszyDP6u4xZLY%2F9X3HNS4ZrfcmpzrxHZlDYu5m0hWEbLFGIy5mKlIXec2ItLcYCndl0yaBkZnkfLQZpUemiC8ZyUm1PME2%2FwZqlFkmJevkEyrfcfdWzixfugh7HfY8zLMv40J40aoqNcIc8OHZrzxS%2Fg%2F1spe%2FLIxi%2B7vwlz0Hx95nTOLZwkYjYq7r%2FVStZUugmLl9QtUOya0JG7HGtRLr%2Fe%2FAel%2B982nPJgmdGbn33z2GpoH0T6OnfTPaaPwzP%2B%2F6IGlG1vdDPA9uaNGbyhrnGG%2BDbJNynZL3P%2Bvf6mHRKaBnrqW%2BeZY%2Blo8Y7HWE3MM4srUJf%2B95%2BbRfU%2Bh19NqdzEpEJdffqxfvd3ltcUJpjn7ffOVIl2bX%2BKHVy7st99b0scWf%2F4loekooJzNA4WDHxJGo1kR2aBlxkpqqOv9EhnuhgQjJns9u7BHWxbQytbhB9RSIxHZoGXGSmqo76QEoCMFC1bt2CFZNOTwQInyfkedrlVj48EDrZCrdKmg4iZraQNpqOYS%2BdpgsC37AmnzpDi%2BGd3vQ1HnX3XW9v4uEEfzhuhmGOAnJ2R9jXAGo%2BnTmou13sdLPngn2KZ2%2FNifEAH4vQH2sgWDFsl8qnGiyML9zJjm1yqc5GRcZ8Ui5nn0d%2B918Jt40zJm0DsSW7E5RXTN9oOKYOyBS1pGQrQVs1tsXagNu4fQE6V1SiCZEU2uVtGZouF8dd4Ckv9BwI0PtLvE7Q47avus5KMK7DUFSJrOWIo9anCIL2eJrQXRDEHPDaRWD3QM0dnfKxq%2FLS48uBZ9CwOgaer9OJOKXgMoISars7%2FYPs0X0D63wqE98fO2Ytx%2FAP1t%2FXHb2vh5aHl2TSGRknd4i8JY8SN6OJjlZqZv2eqyKRRtunEe85mSCK0fg41Zaf%2FHKBehPop4iK2tg9hjKaXDdXb7uid6NDIH6BRUEXoLon5XcR18eEFjHiTKb8PHouo1XDidqLFj5sBMjNbodmTKG9CXQ18QrEFN4Of177tDhzQ8ANrcjrpbGgWo0WLscqAh3RYopg8UFHQiPMZL5lovSNEI9x9CYeeFwHo2totAiO9LAxvF1NuaByIEi6y5of%2FyqxMMV5ueHB8GYPUVjBoo1vUadMqhzSlUMBTAPy7qUdZoKJ5nH8k&mm_sceneid=1_0_124819861_0&a=xxc%3Dad_ztc%26mi_id%3D0000iJyPUyiJYxUncId4JfBYYWNa6PwfPWFmQs7fEwXdVNU%26skuId%3D6081235066348&id=967447463488
1001352883790,POPMART泡泡玛特CHAKA琉光曲系列手办盲盒玩具摆件礼物,45,¥,券后价,克莱得威尔斯,潮盒CLUB,,100+人付款,广东 佛山,"店铺满20减5, 包邮",款式类型:隐藏款 | 出售状态:全款预售 | 品牌:POP MART/泡泡玛特,https://g-search1.alicdn.com/img/bao/uploaded/i4/i2/3182089574/O1CN0165pMAu2Kax2qo1O6C_!!3182089574.png,//item.taobao.com/item.htm?id=1001352883790&ns=1&abbucket=10&xxc=taobaoSearch&mi_id=00003MV0dC2S22rXOvjRJZeZRuDI82yvBhzLqb5xVIapaa4&skuId=6157145402880
954651096422,POPMART泡泡玛特星星人二代来自星星的礼物系列盲盒礼物摆件手办,62,¥,券后价,tb598570149,图图潮玩1,,1000+人付款,四川 乐山,"店铺满5减2, 48小时内发, 包邮",款式类型:端盒 | 出售状态:现货 | 系列类型:联名系列 | 品牌:POP MART/泡泡玛特,https://g-search3.alicdn.com/img/bao/uploaded/i4/i3/3666695254/O1CN019TvRi21ogO1yiLW1J_!!3666695254.jpg,//item.taobao.com/item.htm?id=954651096422&ns=1&abbucket=10&xxc=taobaoSearch&mi_id=0000gjhN9h89H86KelqC21yoaPPoTitAYNmt4ClUjjVxWFA&skuId=5975427533213
,,,,,,,,,,,,,
954675638205,POPMART泡泡玛特CRYBABY哭娃SHINY SHINY毛绒摆件大号娃公仔闪亮,68,¥,,丹青笔墨画,Hamburger Toy工作室,,600+人付款,广东 惠州,"退货宝, 48小时内发, 包邮, 公益宝贝",出售状态:现货 | 系列类型:联名系列 | 品牌:POP MART/泡泡玛特,https://g-search3.alicdn.com/img/bao/uploaded/i4/i3/1759705664/O1CN01C7iD5s1riAPCaZwxE_!!4611686018427386432-0-item_pic.jpg,//item.taobao.com/item.htm?id=954675638205&ns=1&abbucket=10&xxc=taobaoSearch&mi_id=0000W88_FdqDSXytxlEM40lI5OWRVS8QxEcA6hzqhQRTC-c&skuId=6187977490869
983194089511,POPMART泡泡玛特DIMOO如果今天星期八系列手办时尚潮玩礼物盲盒,71.99,¥,券后价,tb8590543774,马上发潮玩,,100+人付款,江苏 苏州,"店铺满25减10, 退货宝, 48小时内发, 包邮, 公益宝贝",款式类型:隐藏款 | 出售状态:全款预售 | 系列类型:联名系列 | 品牌:POP MART/泡泡玛特,https://g-search2.alicdn.com/img/bao/uploaded/i4/i3/2214353534404/O1CN01J9olOp1iP5O8gbPIx_!!2214353534404.jpg,//item.taobao.com/item.htm?id=983194089511&ns=1&abbucket=10&xxc=taobaoSearch&mi_id=0000vw8AuemYOwJgTSOAM-dEFkO78sFQ8VWdsi-abazp9II&skuId=6109466899971
1014992783063,POPMART泡泡玛特十周年ZIMOMO三代搪胶毛绒公仔摆件黑拉布布58cm,1126,¥,券后价,tb621562613,MMV TOY,,20人付款,广东 惠州,"店铺满599减3, 退货宝, 包邮",款式类型:特别版 | 出售状态:现货 | 系列类型:联名系列 | 品牌:POP MART/泡泡玛特,http://g.search.alicdn.com/img/O1CN010DZ3901jktsDnPpuU_!!4611686018427384779-0-item_pic.jpg,http://click.simba.taobao.com/cc_im?p=%C5%DD%C5%DD%C2%EA%CC%D8&s=1198636872&k=2401&e=0OibBYQV4ZcUfaU6Wy67Q%2Bsacu8jdsyjrDCQLzEEunRpdmrSMwAMwOaf4H%2FzUGNKtfWTqulclNyRPIwNx88vvYyFlOP4MMnOB7cGuVbqEZaER%2Fd%2FOG07UKXTVfe7lq6jRZckVovtPp8VbG4f7mVqqT4MhiennYjB3W5FdXRry83yO50asAVLZA%2BvpAub494oVy8ikDqJuAmkXf30qo8xfWPn0p6lasF2mQ8IHlmWVxiUgP1%2F8ahVbBx9JunrZ2nhfhotxkr%2Bf9swf%2FStpSs2M%2Ba8Xz%2FLyVmPSUYvj8g2%2F%2BnPyi0yt9Wjdrc7LvFLAeocRed%2B%2B3AJCdraFe78x5dbgARxbNj86pQ5%2FEJAPV%2F8nY57LlSVs%2FLbNv%2F28UBy1fXj18%2F6A1vXsbKiLtmCLAtDPbFUGAk%2Bq43UuWhyT1dwRx0fWbxjj%2BYmg0JFoZQKwcwfvXlb0Ep8tUuetSSr%2BSYoOZP%2F7%2Fr7k4jkU9Wr%2BkeIGUEF%2Fbk2iDRxbH9MpkiDRAasSWO5fVSub%2BYiVRyfebuOzZfEH5Z3rhGv%2FsIG8oJKIu761AlBNcijxg79bxkKaMkFOeL0fHScdsYLdCCr7zDvdxb3htXQYpZmazP0EIrpjfCvneCdt6txNQP93dXmXm3DbOWkTR5hq6mZFWz35%2B1jdxjEuMuBGM1cWUvqhYc1aoYVitwbg5drdy%2FjoS8CCVZ4y%2F00zKppfW%2BIMVs%2Fdh2Vs%2BmjILE1Np4lAuNiVQqfTPcv0ZsjaWhGtakjTpZzQsDOw48SPtIR8ReFT6%2BNa2takNecdnRHl3Jwgmf7SLaZoqiLQnOCNZpSiDEBMTG1ICcQDv1vGQpoyQXqiq31WqzuFcgfoFFQReguifldxHXx4QWMeJMpvw8ei6jVcOJ2osWPmwEyM1uh2ZMob0JdDXxCsQku8ifr%2ByZ%2FXQ2JjEFSyP%2BCBm2br8NThxCsIl3RtA5ZZVzlOME7mJMX5yX6U%2FvrVjgz2foWg9gQtdvfLqCLATuUV981aOrXanuu4iwhbZk%2FQr%2FhG5LWtcMO%2Byg8UHxXhPaPrK8fxAoZhUlIDJc1FnDN4Su7iAarZJG3ojZOfYxyeY%2FMR35517Chg1aCLgYk04wUoQhLWfqSEf5KHnPZiYHTh0zZqBZdiqsjoHmQXeIh%2BFYguAE3XWloR2j1PZB3gm3tKuDWsMx7H6AA4z%2B67V4JXfGfv8%2BGQu983nBSioknTvWSooxBK4mu4xZLY%2F9X3KO67iYB%2FaJerxHZlDYu5m0hWEbLFGIy5mKlIXec2ItLcYCndl0yaBkZnkfLQZpUemiC8ZyUm1PMCCDCKSuTLxts5aRNHmGrqZkVbPfn7WN3GMS4y4EYzVxZS%2BqFhzVqhhWK3BuDl2t3zqoxQnWqH1hlWjHJh0OBYy1OuJTkxtjZt9ayRE2BS9uPEJ2Wp7e2bgr0rZPvX1f%2FqkY272IDjMCEw9uA%2FmM%2B03m5I8hqZbzI0EV1L6mtckQg%2Bf%2FBw8Nub7Gg2pblmZfwjI1aFqqSbXMSfe6uYjhuY9Oo0xUa4%2BGSdrit9ocDNnYWLPJCmAru0O6XXlWQBuqMCcA%2BxKnLDxoX3kb77Gi9Vp4wzkyiE0jSLSlysUOCxnoCeKKUGO%2B8f3%2Bwku6T4e4FWLeYJ9Ff2w6PdLSuDRk5LeG2sEv0n4pRppbuKyhEPIkKnz5ZOqUcPIWF1v9YNryK8mAdBrhkWVL9vd7iLki5qvM90PJpuQLvmh65lbjP70z2SPdlucsFUIBhjZSWKX0ZvM%2BRvOzhrsQP3DPHr%2BfaOpw8uGlEmV8QheHT85%2FF33WmQCTpywiRm8JBl3QfckRGkXGcBJfiGtWfUK%2B6%2BI%2BA37OtqxufOSGMqRlblIeaXPKyRHCEIsQEZc4BCNRRxXeWBVoiGT4s%2FSUbrXpdaDFLELk0XJ%2FK7aIPMlh0dvAgdnxVLLGByvTpLkaCEGdXL3LmRtMRR6rOMD9JLIWxQnOX00SOggbXvFyLv5K8LhGYxxDDwn1%2BRTfPRHadteTVMpUiRLgQHezZ7GCpInaLMMWXBquL5%2FpG%2BuPazI9LWmWIXvXWqpZ%2FnWEjG81r%2BuA%2Fk1Mj%2B%2BJt25jedmJMMhTyfTgCH4ROMwFlzn3amFrVzuPumBy0ASW5OGDXVDUqOJlSAKSNTLhItBYHvmCxX%2F%2BgoRb4Lt1%2BBo1RI7RabsuTKqLVdsYgIjZ20vHXg3M0pbLlNt8SlkyIEKmbhqbMPLQd7oUSPq51gMSxuk24WJFlyOXEBjDd9J0Ze4tSjYELP75xIMotf5TSvmNvY1LG%2BpbXm%2FXKQDSEDkZLzCudw48SPtIR8RcM6ki0VVoIbgxEOJrwy2rasTMWenmV%2Fvu5XEZv2hT4Xw6THs6%2Fo4AfErJp4N%2FKjtIg%2Bf%2FBw8NubxupL9C2CaE6&mm_sceneid=1_0_6575436378_0&a=xxc%3Dad_ztc%26mi_id%3D0000ik1KzaTZNeHu3MUq1JX8IrJ2tk_L15BzmNKiXS0yuaA%26skuId%3D6193252215358&id=1014992783063
882871041201,泡泡玛特星星人车载空调出风口香薰装饰汽车摆件2025新款车内饰品,158,¥,券后价,vj汽车精品店,StatTrak潮玩,8年老店,1000+人付款,广东 广州,"官方立减12%, 包邮",适用场景:汽车空间 | 品牌:POP MART/泡泡玛特,https://g-search1.alicdn.com/img/bao/uploaded/i4/i3/3400290628/O1CN01o4fOdJ1GVfooFds91_!!3400290628.jpg,//item.taobao.com/item.htm?id=882871041201&ns=1&abbucket=10&xxc=taobaoSearch&mi_id=0000WL-VyzUVClRR0T61P8QmBYyjSoTx5X3QwS-ceqiKskw&skuId=5931619500159
959518127647,泡泡玛特星星人永生花束创意生日摆件情人节新年礼物送女朋友老婆,369,¥,券后价,tb036792182,Blossom繁花,,200+人付款,广东 佛山,"官方立减12%, 包邮",出售状态:现货 | 品牌:POP MART/泡泡玛特,https://g-search2.alicdn.com/img/bao/uploaded/i4/i4/2207453019661/O1CN01JwzMXk2LEnUxxXCIs_!!2207453019661.jpg,//item.taobao.com/item.htm?id=959518127647&ns=1&abbucket=10&xxc=taobaoSearch&mi_id=00006OMGaG9CDjOLzwu8TrIg-dSIj28mMVWjoLbmNP6k4RI&skuId=5979188256567
991846556119,现货POPMART泡泡玛特共鸣火影忍者疾风传系列大战晓组织主题手办,64,¥,,从音时尚,UNIQUE尾巴潮玩,,3000+人付款,湖南 长沙,"店铺满199减3, 48小时内发, 公益宝贝",ACG作品名:火影忍者 | 出售状态:现货 | 品牌:POP MART/泡泡玛特,https://g-search1.alicdn.com/img/bao/uploaded/i4/i1/2253572444/O1CN0189Lz3W1TvP5wLn2Vh_!!2253572444.jpg,//item.taobao.com/item.htm?id=991846556119&ns=1&abbucket=10&xxc=taobaoSearch&mi_id=00004NoVcqUtH0058PdlgaaSL5v2dIDe_HpkCeD5T53wJbc&skuId=5959433688192
970504371331,POPMART泡泡玛特星星人随行杯暖壶杯吸管杯双杯礼盒,185,¥,,菲玩捕客的秘密,菲玩捕客的秘密,,7人付款,广东 广州,包邮,出售状态:现货 | 系列类型:联名系列 | 品牌:POP MART/泡泡玛特,http://g.search3.alicdn.com/img/i3/7656947776/O1CN01KbxeGx27JSvJixCbZ_!!4611686018427379776-0-saturn_solar.jpg,http://click.simba.taobao.com/cc_im?p=%C5%DD%C5%DD%C2%EA%CC%D8&s=1198636872&k=2413&e=F6eAlYYywE0UfaU6Wy67Q%2Bsacu8jdsyjrDCQLzEEunRpdmrSMwAMwOaf4H%2FzUGNKtfWTqulclNwmY1fmEKhCmMRsppOtoSx7wBm6%2BgyMYXWyr7w9Di9Z1qXTVfe7lq6jRZckVovtPp8VbG4f7mVqqT4MhiennYjB3W5FdXRry83yO50asAVLZA%2BvpAub494oVy8ikDqJuAmkXf30qo8xfWPn0p6lasF2mQ8IHlmWVxiUgP1%2F8ahVbBx9JunrZ2nhfhotxkr%2Bf9swf%2FStpSs2M%2Ba8Xz%2FLyVmPSUYvj8g2%2F%2BnPyi0yt9Wjdrc7LvFLAeocRed%2B%2B3AJCdraFe78x5dbgARxbNj86pQ5%2FEJAPV%2F8nY57LlSVs%2FLbNv%2F28UBy1fXj18%2F6A1vXsbKiLtmCLAtDPbFUGAk%2Bq43UuWhyT1dwRx0fWbxjj%2BYmg0JFoZQKwcwfvXlb0Ep8tUuetSSr%2BSYoOZP%2F7%2Fr7k4jkU9Wr%2BkeIGUEF%2Fbk2iDRxbOj%2FmPY%2BrLcQLCFzCEFxpRdKjb80VdjjVzP5rw45md1kOXdWZB0uHEm835eeGRKCpZw1nyp5HNmt9Dz4L3hslIZRXgTVGA3B3jzOvMam0ieBsc%2BFcouKXHjox7Q%2F%2B02%2FkePBbEu1QwM5L7O2elVIyxqLohxLL%2BFpp7gAU7KL%2FLUZrvxA520rIX2edBn6WsqiEjjaB0GHiHl1hQjCn7W5l%2BznKMOigdce0jiemMbLsGaDZYSF%2Fxrqig4rKNTFxwoIHjqVhIH6A4RYTx7D3KFp1KGZ7w5K%2F0AIJ2NGgpNHIh%2BpoYo6JkdSy0W8O4X3mTUbBVq9kSV%2FTatMPs52r46M2cv9GeWBeZe7yzF0WuV914f7bs%2BnOH29Gs4CbSR%2FP5W02%2BbyErMXQ0B9Sb3eKTNXGx4O7WLvTTQbSFC3kWEeNSY6cwVcufoLcKq9Fc8zSeHcZTA68MJyXcJEazzvcSVDQcXomgqezcR%2FJvwX8%2FJfNr0AE2IFPfLiF6qD1W4SG5PzzyVQNuiVbyNQtw29UcoIZRTpqN%2FTsEHFNEvrwQa0nfmC1iBK%2F0nTxPTK%2BaKXszdlS8wjK8aUtp5NIvR94DQFFanEKiB8kMPX1XT%2FAs8%2B%2BbiBRdZb6Ob8STiOcdJGXTelviMGzmdSsG4Yv9o13mbSnwhvXuq2YawtcDUlDhSwilP5HF%2BNs7sktL2jR%2BoE5kMjbL3m5cqlHZ7P5oN2dZ0s%2FE%2ByXhO%2B7XKYqjJ%2FC8OFKV2KIjNez69Psy2rzFx64F2y3WB0cnp5DBmxUt8zXVF1J1%2F7f%2B4sXCtCrbs%2BBICfxcR5IDdpXieRgG61E9TtnXt2mIuiHEsv4WmnuABTsov8tRmu%2FEDnbSshfZ50GfpayqISONoHQYeIeXXnrn5kNANYh%2BKfxegwk6iUobMlvAexnTYExJF234wPkVBkxMv2s0BbO6Mytf2lbt6MDIXIgK25w4DWjB%2FUeur4Fcw4uIm3bIMErFj2GAacPHYtdzW4gu5PeclDjJ40%2Fl1mUbnF7bpZUOUvehfR5g3WbDTfVwPrn%2FRTmNtMopmnuIXE4%2Bv8An%2FhHoTLf6uSaRL9ryAEwudyay6rFdf3I4izP8SzjyvcpseJCd6cXfMW6H7XgrCdygzWiXE30cFsnaXOBuil6DjfrBo%2B8OhGMURje5lCQCSfYotWzQUgheSemc4G6KXoON%2Bs%2B4Ybn7Fhxr2u5nIJ4XpvFrzu6ODw8mvhdZAbC353DEgF75kAg8e4E8aP1dD7OeVq4wYQAaulrJyu%2FsllO1C0a5zPo%2FRZSsxgPonV0Yjfpf8Wqt%2FnzIK2frLnfPZbKE2t5X2FkJvRNoYKYSVUSIRIC39NRWQfz5a2sXjtjslyggzJiIyzcCOw9Iktvs%2FB5hQYJJ4cVJ2ic2Vt40zJm0DsSW7E5RXTN9oOKYOyBS1pGQqFpKW8mpdQlu4fQE6V1SiCZEU2uVtGZouDeC84MH4qqwI0PtLvE7Q4k7ls16EVJmHUFSJrOWIo9anCIL2eJrQXRDEHPDaRWD3QM0dnfKxq%2FLS48uBZ9CwOgaer9OJOKXgMoISars7%2FYPs0X0D63wqE98fO2Ytx%2FAP1t%2FXHb2vh5aHl2TSGRknd4i8JY8SN6OLGL76%2BtUfwZhtqQChS1finSCK0fg41Zaf%2FHKBehPop4kvrwQa0nfmCTgPi4MFVLFniXteRC4uhpEf3dmfmaZuSkhjUSxrfgzD3%2Bf8EXVe0CfjzDVWcGQaq%2FfslpQGfJydVStbqnUjcMGKHQKQ3KwFVMzfbWQBHoNB%2FST6ntKBqd43%2BScD03RhpQG%2Fab6ZBih%2FlgB1fZlFgduKJX%2FL%2BA%2FlB2LXvd2zNKZYPc8nJGcRAF79eNCtRQk228prS%2BtCX6uOWTVTGeXb%2FY5mufflP1iC8YIzeHlAqKkE%3D&mm_sceneid=1_0_7656947776_0&a=xxc%3Dad_ztc%26mi_id%3D0000Ucv6KV_dCEF_t-haAtRSMX-Fd84FP5n9x0ARyi4GCUU%26skuId%3D5980966148814&id=970504371331
1015473993381,POPMART泡泡玛特星星人怦然星动系列盲盒手办周边心动摆件新出的,72.9,¥,,077lh,TOP ONE潮玩聚集地,,46人付款,湖北 武汉,"48小时内发, 包邮",款式类型:端盒 | 出售状态:全款预售 | 系列类型:联名系列 | 品牌:POP MART/泡泡玛特,https://g-search1.alicdn.com/img/bao/uploaded/i4/i2/2796191444/O1CN01p4dJLN1MXP2NSEzKW_!!2796191444.png,//item.taobao.com/item.htm?id=1015473993381&ns=1&abbucket=10&xxc=taobaoSearch&mi_id=0000yGJOo0H98IhKJJsHPPJygFwfXwmKcjDqyepwUdxQPWo&skuId=6186594123569
897089612465,POPMART泡泡玛特 DIMOO迪士尼联名系列盲盒手办潮玩可爱摆件礼物,56,¥,首单价,谭梓琳lin,欧巴手办盲盒,回头客8万,3000+人付款,广东 佛山,"直降4元, 店铺满500减5, 48小时内发, 包邮, 酷动城",出售状态:现货 | 款式特点:静态 | 品牌:POP MART/泡泡玛特,https://g-search1.alicdn.com/img/bao/uploaded/i4/i2/2580405343/O1CN01vjIQOg1pL9DidxcXm_!!2580405343.png,//item.taobao.com/item.htm?id=897089612465&ns=1&abbucket=10&xxc=taobaoSearch&mi_id=0000Q-8q6bk6-CPUXyrwI8HGZFVtKgmvaiuYj0lLkcA2n9U&skuId=5750150760275
967215768721,POPMART泡泡玛特航海王伟大的航路系列模型载具手办海贼王盲盒礼,84,¥,券后价,tb160998713,SP正版盲盒店,回头客10万,2000+人付款,浙江 台州,"店铺满39减5, 48小时内发, 包邮, 酷动城",款式类型:隐藏款 | 出售状态:全款预售 | 品牌:POP MART/泡泡玛特,https://g-search1.alicdn.com/img/bao/uploaded/i4/i1/2208399554429/O1CN01w9f0QT1iaXGA0ftOd_!!2208399554429.png,//item.taobao.com/item.htm?id=967215768721&ns=1&abbucket=10&xxc=taobaoSearch&mi_id=0000cGTa5-PBiPupCCvJDW_-gDpyN6ae2sabT1guIJxGej8&skuId=6077312447711
1012824854460,POPMART泡泡玛特星星人怦然星动系列毛绒手办盲盒玩具摆件送礼物,148.86,¥,券后价,tb921845693829,HAHA TOY,回头客2万,200+人付款,广东 广州,"店铺满10减1, 48小时内发, 包邮, 公益宝贝",款式类型:隐藏款 | 出售状态:代购 | 系列类型:联名系列 | 品牌:POP MART/泡泡玛特,https://g-search3.alicdn.com/img/bao/uploaded/i4/i4/2218830346951/O1CN01MiMQlY21DcAkA9F3O_!!2218830346951.png,//item.taobao.com/item.htm?id=1012824854460&ns=1&abbucket=10&xxc=taobaoSearch&mi_id=0000ViyG74ribxA4k1b8RwdmmPTf25AdpeVo33RskpLnQEI&skuId=6182289923614
1013252274118,POPMART 泡泡玛特 星星人怦然星动搪胶毛绒挂件盲盒手办潮流玩具,93.99,¥,,tb0673212314,嘟嘟潮玩店,回头客7万,500+人付款,江西 南昌,"店铺满799减10, 包邮",出售状态:现货 | 系列类型:联名系列 | 品牌:POP MART/泡泡玛特,http://g.search.alicdn.com/img/i4/3499666437/O1CN01TV0OAc1xQCasmvBgA_!!4611686018427382789-0-saturn_solar.jpg,http://click.simba.taobao.com/cc_im?p=%C5%DD%C5%DD%C2%EA%CC%D8&s=1198636872&k=2401&e=Mqb04UGxPGQUfaU6Wy67Q%2Bsacu8jdsyjrDCQLzEEunRpdmrSMwAMwOaf4H%2FzUGNKtfWTqulclNzrUTg7JyJKzmxA7I%2BtCFPPhpBhVwdORsiER%2Fd%2FOG07UKXTVfe7lq6jRZckVovtPp8VbG4f7mVqqT4MhiennYjB3W5FdXRry83yO50asAVLZA%2BvpAub494oVy8ikDqJuAmkXf30qo8xfWPn0p6lasF2mQ8IHlmWVxiUgP1%2F8ahVbBx9JunrZ2nhfhotxkr%2Bf9swf%2FStpSs2M%2Ba8Xz%2FLyVmPSUYvj8g2%2F%2BnPyi0yt9Wjdrc7LvFLAeocRed%2B%2B3AJCdraFe78x5dbgARxbNj86pQ5%2FEJAPV%2F8nY57LlSVs%2FLbNv%2F28UBy1fXj18%2F6A1vXsbKiLtmCLAtDPbFUGAk%2Bq43UuWhyT1dwRx0fWbxjj%2BYmg0JFoZQKwcwfvXlb0Ep8tUuetSSr%2BSYoOZP%2F7%2Fr7k4jkU9Wr%2BkeIGUEF%2Fbk2iDRxbH9MpkiDRAasSWO5fVSub%2BYiVRyfebuOzZfEH5Z3rhGvYRsArvAtqlVpvoU80QrlPt0BpX87aFKKDjhMlEs2hq3%2B77m6V97ZGl5e8O3BbNEW5er%2FyYQPjCLBMsZ%2FqMYM4YhoiRCnCrEKAHV4ZqO%2FxGHsPLD3hUd%2FmNjevbouwIlik8HjUNf95JOqN3wcEN0Ufsc4a8%2BGFFxOk2M7tXOVmV8vFwO0kdkl8a9z6S0oS2k8AWZyuDTw7YXKD3Mp9KoXijrlfDvUSpoeiAKO5mHocYYCwUiA4T3mh9yyxYIkEERJTC%2BB0g6VT%2BtRRki21%2BRnV1z190bMlEleT2XUep1WhCMfyueYs6A48XZ1ZGwtDT0EcgA2X7PfAV1pExeMVj66RKp0HoiZL8LYFgOXsm6mHUnhG5zta8qlYHKyJaAQepjMKtkeDUkMgu6z2SDFJDdq3xH24GdfPIaVYaSJ3RQ2867N72LwyU7ms%2FQ%2FJWg3cO1v07qp5ZHdPSNn%2B5Ys3BvdtpazvyS6Lh5UVJfOfHrpj8RQ%2Bd4iZwSD0W2hFD%2B0ay9CIWPpl6gJ1r7qUpuboYxNjvlkECojGEDikVmIsZ0LrvXuS9Zu9SwYbAnG3LQY1h5KqNEYeYGEtqP9P%2FAugsvixV1YE%2FEPJsWp9bAyAOZ314%2BH3pdtXbKuu9V8QGXwKBFmCyXe%2F%2BQBGht%2BRTZ%2BE68auC0xXQeOvRJGd4THxh6W%2BMNgrWZnfcSZoJPRCQlL8Hd85aLrtKyknXfeaqogdutZ8IoObcjzv%2FfYpDs4HmmFIEfZz%2Bc%2FMzRys1KWCmbdkRq0Xl7w7cFs0Rb5Eq3UwqENg%2F7vubpX3tka3QGlfztoUooOv5PuLxJQ68Eyxn%2BoxgzhpLmt9%2Fr50a18g7swAY8Qe2yFItzilhdjoeXZNIZGSd0rpRsKV3sMb%2Bw8sPeFR3%2BYgBwfizhkKqKQSxNiYrxO4vM43hcEPQC6QaGw38AhjO4zhwGTaKeQJLet6COTTybbFxxa97iphw13EkMFt9%2Ff8%2FFlc7v%2Bs7rLMPXbzwuPJXQEHz3naxaULqWXmau8O%2FlJR3Uxq%2FvxtDN3j1r%2BOZ306CJ4jfdmdSTK2kq2mHStCMrwoYbvAfOn1nIPGzJbdSEIiAKO5mHocYav9EhnuhgQjJns9u7BHWxbgY7QWE4XaMc0rnUOQ3MtLs4lfYnI84jPz%2BasOGlpAcneilpK12OMr7z6UdVKXHQ%2BuAexLDi3Dkl9BKzDoVzvd%2Barm6X7fKTaPGwvVLwq%2BgB2pSfLCjm%2BqZGowWPFa%2FbhG616XWgxSxAWezbUDEwqFZbKiwqj9xdXKfhl7cU%2BxvDH1ngBaSudrGs873ElQ0HF1LSgSPTkiw3UCcCnZlXGOvERtKNoxh7smZ06oUhlOxA3X9stV1uQj77XPgyJDsHUN4glyPjnaCNrXf%2FbYCo9RR29MuYg3%2B3onbulOWAlT7%2B3rXOodqaToppRTGxRCCa3OSqsS2vdD6eVZmp4WG%2B8ZrdU4%2F%2BCED%2FOpq8QVWDDen9hyi2RXndWkdTuSp%2ByLgRdaKOP6kMmX5YrYfkxgHe6Dyjz9SZdWm04Ep7JyQL%2F%2BuV7F5%2Bzih7PmRAcr7WGX7an7OjbzhsgB72UjN2TSrAUQiKMIS6ARFPWnWCryjbfkAF8UQhvST7ngY5T399pc1ZHbk3F4BF9RJMmryi%2BfyElpy4jQk%2BijWvxjbz5l9gDYKcPMXLNZ42Zhvypkgkk8Ytxh3lrm4J9a%2FdIvdehNfXNxd8obYIIxTm14NV%2BLcgirZfnGYR98U5Bj6CdhukAiWEiNK51DkNzLS4v5TwINRkFxu%2F3tQqC1mUaurujQIZ4LRiQSxNiYrxO4vTWwrlfEq%2B1prIrD2c70vZnSJp2CuRT0pAOO7ZmmeKL&mm_sceneid=1_0_3499666437_0&a=xxc%3Dad_ztc%26mi_id%3D0000i8jX9zzdYk0EPyj4mKSGO1DvuYXGOaX2OPRTX3MwvEk%26skuId%3D6018135153349&id=1013252274118
956904425425,POPMART泡泡玛特星星人怦然星动系列毛绒手办盲盒玩具摆件礼物,147.73,¥,券后价,卢什大可乐,XLL TOY大号玩具,回头客3万,900+人付款,广东 广州,包邮,款式类型:隐藏款 | 出售状态:现货 | 系列类型:联名系列 | 品牌:POP MART/泡泡玛特,https://g-search2.alicdn.com/img/bao/uploaded/i4/i1/854130513/O1CN01SKPl591Ff0IfHzL7h_!!854130513.jpg,//item.taobao.com/item.htm?id=956904425425&ns=1&abbucket=10&xxc=taobaoSearch&mi_id=0000YDaxwKUsusDRNvmvMX6XI9m0zTJsV6kuWxU_9TTC2lU&skuId=6181697814622
988823096748,POPMART泡泡玛特 正品 共鸣JOJO的奇妙冒险黄金之风盲盒手办礼物,60,¥,券后价,幸福鞋者168,牛牛潮玩集合店,,100+人付款,浙江 杭州,"店铺满39减5, 包邮",款式类型:隐藏款 | 出售状态:现货 | ACG作品名:JoJo的奇妙冒险 | 系列类型:联名系列 | 品牌:POP MART/泡泡玛特,https://g-search1.alicdn.com/img/bao/uploaded/i4/i2/782003388/O1CN012FA5Og1atkyAPL7gZ_!!782003388.jpg,//item.taobao.com/item.htm?id=988823096748&ns=1&abbucket=10&xxc=taobaoSearch&mi_id=0000mmu0ODZ2NztbxRJy37gNwzps6GVap1a4pj6maoHb5jM&skuId=5953242021483
904939599805,POPMART泡泡玛特海绵宝宝好朋友系列手办盲盒玩具礼物摆件,69,¥,,泡泡玛特旗舰店,泡泡玛特旗舰店,回头客20万,4000+人付款,广东 惠州,"热销爆款, 退货宝",出售状态:现货 | 品牌:POP MART/泡泡玛特,https://g-search3.alicdn.com/img/bao/uploaded/i4/i2/2885348004/O1CN01o8tNkM28ztETcJ7Tg_!!4611686018427382436-0-item_pic.jpg,//detail.tmall.com/item.htm?id=904939599805&ns=1&abbucket=10&xxc=taobaoSearch&mi_id=0000z1QA_bWWwqhpTtd3g8-hDSftsrS9DqdGUTgktVe5Yp4&skuId=5931542130839
997444515185,POPMART泡泡玛特星星人我们都是星星人系列毛绒盲盒小幸运小哈欠,99.9,¥,,菲玩捕客的秘密,菲玩捕客的秘密,,7人付款,广东 广州,包邮,出售状态:现货 | 系列类型:联名系列 | 品牌:POP MART/泡泡玛特,http://g.search2.alicdn.com/img/i2/7656947776/O1CN01mWs1yJ27JSvK3ZZJV_!!4611686018427379776-0-saturn_solar.jpg,http://click.simba.taobao.com/cc_im?p=%C5%DD%C5%DD%C2%EA%CC%D8&s=1198636872&k=2413&e=GrqKM80AKkgUfaU6Wy67Q%2Bsacu8jdsyjrDCQLzEEunRpdmrSMwAMwOaf4H%2FzUGNKtfWTqulclNwmY1fmEKhCmMRsppOtoSx7m61zDvuoQbayr7w9Di9Z1qXTVfe7lq6jRZckVovtPp8VbG4f7mVqqT4MhiennYjB3W5FdXRry83yO50asAVLZA%2BvpAub494oVy8ikDqJuAmkXf30qo8xfWPn0p6lasF2mQ8IHlmWVxiUgP1%2F8ahVbBx9JunrZ2nhfhotxkr%2Bf9swf%2FStpSs2M%2Ba8Xz%2FLyVmPSUYvj8g2%2F%2BnPyi0yt9Wjdrc7LvFLAeocRed%2B%2B3AJCdraFe78x5dbgARxbNj86pQ5%2FEJAPV%2F8nY57LlSVs%2FLbNv%2F28UBy1fXj18%2F6A1vXsbKiLtmCLAtDPbFUGAk%2Bq43UuWhyT1dwRx0fWbxjj%2BYmg0JFoZQKwcwfvXlb0Ep8tUuetSSr%2BSYoOVPcX0fBFbO25hiDt3YDalnTaGBySUI42tQLsNO%2BrNIA2I99lnURq2Hfg3jkNBo5WBJI2o0GaF%2ByGUW6k8cRAhvpcnBFICQUsrHxUNQBsRQ4i0J%2Fq36I0%2F7fWZu0XALScCOesyeYp8AYUIf%2BjnumnF8voCVSjijQgxfe6mU1gLTKdjSJZhFgd1jS3ykoW7hvckA2KX%2BTsrdT77YgXg%2FIVtheQdEomrb9jPkPF7xNr1sASFSGTwWwXxEviXceiFxkSiPZJ0D3xlEVAuNiVQqfTPfFk3Fs%2FejZ4Ga0ZtHi3LfPO%2BsLBFGp5PB2QHA6OA6TvNRpFY1uZtg6GGJHkctawfsrskz6TcyTP4R09M6UfE94%2FUP91KgLCQhc9fdGzJRJXvga3%2Fbjbt%2FX1wOtUSin%2BQV2dWRsLQ09BHIANl%2Bz3wFdaRMXjFY%2BukSqdB6ImS%2FC2BYDl7Juph1J4Ruc7WvKpWBysiWgEHqYzCrZHg1JDILus9kgxSQ3at8R9uBnXzyGld4QumcN205553M6SeI60VVT%2BOBCnTE6D%2BqIJsoKHNMJv0xuS9zWZpBfcsOV%2F1JgJIzmXaa4Yuex89I%2FqMPRpfOIKexNMO1jaFOI1WYz1XmhKE5%2FKl7g%2Bne2ogJYuz7Dj5h80Z4TzYYb1cfVkhP0B5O1SXrN5LM9IGd%2BZe90CtqADqLH%2FMt2AVl%2FrJq93NYUcwhNwJN1aaaA2EPcmKBVjxWI3fe8gEFpe7GOdBl9iRnAW7aH8V2xaU4cd3Ey9JRzdb1W5BxJgEu1OAQjUAn2vvtDi0A4cmX9YR%2BUezSxYBcBi25WpEzBCvL8eIWwNPlw%2BE6smXmSkQi9fgA0LOGQeBsRvioRDO1RKCrye4ketLo67t2xnk0ReDiNuIH28LbWXcJafrO%2B43ATdIp2IrtHOiMbAudkjGce5cgczan2IGwG6k3k9TBKkal%2BanEYOXV4Z5UwC3Ukd6V0KKP2EQVm%2FCQnu3P39rVBXeQwkT%2Bu7kAaHRWPxYukWJYdE0QacuMRK5ZNVMZ5dv9jma59%2BU%2FWILypSuWEzV27qxuauwFPabLRaTk6sAmJbpm86t9v%2BuskLpoqsD7YBM9hoy9YkFNqvGhVxkPz0sI8oeJvys156v71wuDfRh0i8QFQAoq4P5tqA5r3JhTvEe5aC3nRxJvbwihcKM69Va1PZvZWcgKgmwLzpAQ8RO%2BgIXD9rWMBkJtIhVwozr1VrU9m9lZyAqCbAvPCc36jx4gyHh4cRvs0SkCGDH%2Bi5s1bc9uRhW4l9o1uHfoS%2Fdr8zesJJPfe0w9OIGprIIGhNkHCkWUsWkTxF3xW9hN9fiVj8vko3Pi93mnPzGTX7a2IbYLj1RCp1DmuSFqtBRH6Ly%2BsgEFI%2FV%2BNm7Rtc8JgM62INKLc9mD2amhXgKotK6VdWoMm9Xe24zG16zenPyLiITs7HBaq3%2BfMgrZ%2Bgff%2FCkTEeokITfSMWKIxDqcNJGs744SD9qV%2BxsMemrl79D0qAsaGU%2BEYtOBvGSNoE523gDMmWzK46LfPvqWFaL%2BpZ2%2BuCLLOQMkwvypgHL%2BiU5GAxVqsJ3o47Zqt%2ByHE36do0Ktg%2BAdEIDIbl%2FxbqIgcff%2Ft02tyyN1t27uVGEE2GGpK0554PrfWskRNgUvbX0BDhs%2BfXwqBerufTxl2Rr7sKbTCqryDL2k%2B2eZB2o5vmZegCwHwCVoNiN%2BMmZyO4xg2%2FeGTdVVuy5MqotV2xiAiNnbS8deDczSlsuU23xKWTIgQqZuGpsw8tB3uhRI%2BrnWAxLG6TbhYkWXI5cQGMN30nRl7i1KNgQs%2FvnEgyi0RyN4BbI2O6Ry0PNqyoFHOGuyjUHXqpfq%2BgfjoaS4fBAAyGlN4bdgzXcg1BVmDQbgQsbVKc5RsD%2B428059wggwr25K7h7JhwnpoAqRxX3LI290M8D25o0ZToyJLPGhiDo%3D&mm_sceneid=1_0_7656947776_0&a=xxc%3Dad_ztc%26mi_id%3D0000cZaaExxHIh2dZ4SF_cQWdKCFSGphxLNtnY1mCvsStaA%26skuId%3D6148004367143&id=997444515185
962326877193,POPMART泡泡玛特MOLLY × 疯狂动物城联名系列手办盲盒礼物,69,¥,,泡泡玛特旗舰店,泡泡玛特旗舰店,回头客20万,1万+人付款,江苏 苏州,退货宝,款式类型:隐藏款 | 出售状态:现货 | 品牌:POP MART/泡泡玛特,https://g-search3.alicdn.com/img/bao/uploaded/i4/i3/2885348004/O1CN01a4f9bk28ztETq9F47_!!4611686018427382436-0-item_pic.jpg,//detail.tmall.com/item.htm?id=962326877193&ns=1&abbucket=10&xxc=taobaoSearch&mi_id=0000wM6Hm59465mpRKWI_CHhcgtYub7Ux3wWCvM5wLyfzmM&skuId=5946224513596
821414709762,POPMART泡泡玛特THE MONSTERS LABUBU慵懒瑜伽系列可爱手办盲盒,89,¥,券后价,有鱼狠幸福,潮玩大玩家,回头客6万,5000+人付款,广东 佛山,"店铺满30减3, 48小时内发, 包邮",款式类型:特别版 | 出售状态:现货 | 系列类型:联名系列 | 品牌:POP MART/泡泡玛特 | 商品状态:拆盒不拆袋,https://g-search3.alicdn.com/img/bao/uploaded/i4/i4/3465404515/O1CN01Z7HRfa1jDvIobbU3A_!!3465404515.jpg,//item.taobao.com/item.htm?id=821414709762&ns=1&abbucket=10&xxc=taobaoSearch&mi_id=0000JFDeZZ8F1YdrdRsJmPkDP3_dsKCCZypOTm2E2jd5NYk&skuId=5697644726833
1016230465393,POPMART泡泡玛特 英雄联盟中路对决系列手办盲盒潮流玩具摆件礼物,59,¥,券后价,tb744991712,TC play潮玩,,1000+人看过,广东 佛山,"店铺满39减5, 淘金币已抵1.77元, 包邮",款式类型:隐藏款 | 出售状态:全款预售 | 系列类型:联名系列 | 品牌:POP MART/泡泡玛特,https://gw.alicdn.com/imgextra/O1CN01jUjPgh29wVve5arRP_!!2221037318132-0-picasso.jpg,//item.taobao.com/item.htm?id=1016230465393&ns=1&abbucket=10&xxc=taobaoSearch&mi_id=0000pbhVFweLPHTjYijsE4LRPgDxiK8pnJSljVAMkFJ7Z0A&skuId=6188086759426
983753230329,POPMART泡泡玛特MOLLY×疯狂动物城联名系列手办盲盒电影周边礼物,56,¥,首单价,谭梓琳lin,欧巴手办盲盒,回头客8万,2000+人付款,广东 佛山,"直降5元, 店铺满500减5, 48小时内发, 包邮, 酷动城",款式类型:隐藏款 | 出售状态:现货 | 品牌:POP MART/泡泡玛特,https://g-search3.alicdn.com/img/bao/uploaded/i4/i4/2580405343/O1CN01fPdo351pL9H7syFMg_!!2580405343.png,//item.taobao.com/item.htm?id=983753230329&ns=1&abbucket=10&xxc=taobaoSearch&mi_id=0000G7nou3exAcIHwxepS9EN7KdW9TBMxMPtYtwo-o0fshk&skuId=5946377997685
961646518829,POPMART泡泡玛特ΘSKULLPANDA不眠剧场系列毛绒公仔挂件盲盒礼物,159,¥,,泡泡玛特旗舰店,泡泡玛特旗舰店,回头客20万,5万+人付款,广东 惠州,"超级爆款, 退货宝, 包邮",款式类型:隐藏款 | 出售状态:现货 | 品牌:POP MART/泡泡玛特 | 商品状态:全新未拆封,https://img.alicdn.com/imgextra/jz3_2/2885348004/O1CN015mndZO28ztEQxjz1o_!!2885348004-0-alimamacc.jpg,http://click.simba.taobao.com/cc_im?p=%C5%DD%C5%DD%C2%EA%CC%D8&s=48512228&k=2573&e=pZc%2Bek6aTSlnBpofNUnJMQjzNF3jsG9rR54IF%2FG5uB9OfiNAJsaiAK3%2BDBY8ATMebbeQjiFzFMs7RvSQbB1mDF0eh3vehBhrsTdYPC3H7hf7JG0LI8mhZQJVbUxACrHsIPc62V%2BHEgkSXZ58RNZZT6q9COOOgoQdFxM4CDhH92wEdUXJ0KOf%2FqcI4%2Bi%2B8XTcii3%2BQhCRvk9cDliSQ92hqQGSAQhqEYrrlTV7OcGbJqLBhTljR7YyNPfcG8hbnOze6TT16PEFCEA5M%2FDzegTPR8zyuSevIembaZOvxx0rYWZU%2FW%2F6B4X0XVXA8iUI7PH2HJjm7FhZi26g1nFG89SvMhA01LlM%2FihwWSM2uZJI8Y2TPiVcGKmRYF14OIII%2FFUIPUm15TjWyuTPcdRcNfH9OXAwjbqqKpDjhW%2FlNFEOgv%2F3xJk89WFr5FyYCi4S1l1z1Q9e0HayYHcJDCNtFVv5xYto%2F7aQS1BSJyx16Z56BQarCVp%2BBxScrhenFD5ZVvLqVTrArP5QKd4ZUSu2u3ZaolP0eYepu%2BSL6woQZy9YYHkFMa0AA5W8A6SEB6UN5gh30rGvhrINow8GrvA6HLUStr2Pxvaif%2Bs2vMKYJ2TeyNHvCDXYQgEQ9B7dG%2Bl2tz3kXQ3SrwFYeMJPePMBcvozo%2Fp7juAZrX0zVUZPpMIUCfDIDjqLVRowK4gt6K5HaSwXDxL48XjWb4VvVOozavDBG2pPywXwIagMSFCCasvYTxLUDTo9sufe0v4Zk44UxVavsrj10HYYXQHo4Um6crEgrwm2jXKyaCzP5EzymEhPCj9yrPU1EaUw1BYq4B6ihGo5RfGXmWlsXPj7UNNsiYWcof2%2Fn9NuWpnKPQgK3U7HXjXTiUZXuqLN%2BSHC%2B5xTnweWntT87t7QF%2Fx7%2FkbPFnsl%2FJlrwGjujLZzJDACoymn9m6pfh85A55orhxltNMTSvW4ayQzF84%2BdE%2BL91dopnUSlbtma091z%2FRLCHRX5SjPtoFFfzkxK%2BkvnujhSbpysSCvB43s%2FFF6zDZd%2FJUTC4eBkxmhDRJCaui3EHlMyg0wXyxlJQ3TX7SnKXkRSiD%2Bou1XXL8u1PF7%2F%2BwIZaagIUfxCtlFYS6SCqrGbohslPOFdo5vAiL9wcbJ0wF24cG0Sh93nXqwSQVwL%2BG2cEHdcczLHU09JGOJVdr4xmZ6ueY0hcYy7doW%2BT%2FqYaQY8dVaJ%2FJPERj7GKB3OMIZZDS3bSPkw%2B%2FQQ58e%2B3DaP0N%2BeCx%2ByoAi4VRDfpxdQo7%2Fk6Tlp2aqhpD1I8msplESQA%2FJHyxqfac72TbuTVCpjMjXtBq0MrpuGZ8IjlmDKweRm7T1IxuSNnLaQEvdEa0SLnkLuhK5iG%2BfyzHIrwH4q9rxmtJYw%2BzFTz0BPb%2BAk3x8NJU6gRHHf0IonIFlVY8VYUXlBIYjtawprsXh5VJp3Prf5qD09dMtXJvAvoyjyQiSBTG5ZfryW8RrUF%2BWooe%2FmaPySISXR5jIAegpSSf%2Bqy9qgsTYG7ipimQR64y%2BqsJ43p1%2BWseGHt0b6Xa3PeRpaEeeAtFp3ORHnwagBTysiUKlsG%2BRp3voKhfsY8LrATByGJoTWFLfRFIm7T%2FQIXOaVGDiEhVaVA7Ni6xAi5KXRumDcjAL6TINwlXy9RTKy1K4rWpaYNKVAxhr1lj7WqlgLXIpq7SD9JDHhOLLSDUKpRpISpzAuYX36jdzlonbPaoOEkR806mF3GML550ch%2FCVjEWgBEtyntEpipBqdl%2Fmqg4SRHzTqYUUfU%2Bo%2F9mPNSMc58hZswkucUtW%2FF8w8yGihNvRP%2Bhb7gFHkSMaXNSHSXQfXEqkiMt5%2FQegRr9oz0XCtPdPcZIU57n14aUVXX%2FvTA6%2B6a0r3DXsoYJ7pHMO%2FwhxmEwie0y5M%2FSSQQsROXDRqngFMXP4WU%2BWvWUJ5lN0TQ%2FKCvucp0O96gQyhsxwH8UoVWiwKYJzTILtXhdvnUZPX0jLarj8CHRX5SjPtoFJ%2F2MTzajoC63jfSHTudijFBAxJvIMABziLSP9ABaRg0TKS%2FE%2FBgHrh4QxnP4%2BHACsgP62Qq4fIQht12ICn7UrwlGFfbJFPLDkudl8r21qBSkdPuUtJza8Mk7RdHsLUGNDj%2B0kVzAKLPwzAZxOd93ca0N0v46pZFEbHPGUSRNTu0DOB5L1sjsH1UXnz1TAWC9%2FbhkI1L2FbtOhKx5fNjjoB7eS5n7mrXk9DBgRVJLNRPFd1wD8kC%2FWjb5kK5pkaPDI9pHgPmoOviC9FZvFSixGrrzbtICsxOerXZPDduyX6qAjDqr3Wb68nLRXVI3KW9E3VhJATjJ5NwfH3pryR7CEVOsKEMPkoJTyhB0fItuTUCS%2B6hwWW9Fqykj7OSyKu1Q5uK8SiKlftlW4w2RO4RF7Gp3%2B5zxSTSbe61WD6i9sw5pkjbT%2F%2F4puiGifNPMbiFKvF2OiiSLl%2FcE0Sumx8WJ1EVEIxgiZOTg3KEIL6EoxfaaDi4bD3o%2BkqYpkEeuMvqqDU5ebKR1h%2FywWPVV0yqPm4uOz%2FmS2Mu2Fv%2FcSZRNGFA1drFpCGHUInex2B0kO5JM%3D&mm_sceneid=1_0_116045295_0&a=xxc%3Dad_ztc%26mi_id%3D0000hZWb6MK453p-OoLcXTKuPSu8JbReZQf3bQ1Vxym22Lg%26skuId%3D6090950787629&id=961646518829
1013534886830,POPMART泡泡玛特PUCKY毕奇敲敲系列搪胶毛绒挂件盲盒潮玩手办礼物,108.9,¥,,tiger_toy,TIGER TOY,,400+人付款,广东 广州,"店铺满299减5, 48小时内发, 包邮",款式类型:隐藏款 | 出售状态:现货 | 系列类型:联名系列 | 品牌:POP MART/泡泡玛特,https://g-search3.alicdn.com/img/bao/uploaded/i4/i1/720952235/O1CN016qKfQz1SNgKEbgwa1_!!4611686018427386795-0-item_pic.jpg,//item.taobao.com/item.htm?id=1013534886830&ns=1&abbucket=10&xxc=taobaoSearch&mi_id=0000RCFl1kBstb550VdvlJ04feJxEtsDXazzZLIrP-2_E_k&skuId=6183294258547
967920044484,POPMART泡泡玛特共鸣比奇堡的居民们搞怪毛绒盲盒挂件海绵宝宝,59.9,¥,,李超越0922,TOP DOLL 俱乐部,回头客1万,2万+人付款,广东 广州,"店铺满299减3, 24小时内发, 包邮",款式类型:端盒 | 出售状态:现货 | 系列类型:联名系列 | 品牌:POP MART/泡泡玛特,https://g-search2.alicdn.com/img/bao/uploaded/i4/i4/2660786779/O1CN0106xWbc1zwq3IF4nan_!!2660786779.jpg,//item.taobao.com/item.htm?id=967920044484&ns=1&abbucket=10&xxc=taobaoSearch&mi_id=0000k5BahGal0_n9LIhGZXEouPvi3bLuoVTEGZeWYE_GBGY&skuId=6026631531211
1007485836486,POPMART泡泡玛特银魂欢迎来到万事屋系列手办盲盒玩具摆件礼物,69,¥,,泡泡玛特旗舰店,泡泡玛特旗舰店,回头客20万,600+人付款,江苏 苏州,退货宝,款式类型:隐藏款 | 出售状态:现货 | 品牌:POP MART/泡泡玛特,https://img.alicdn.com/imgextra/jz3_1/2885348004/O1CN01z6Ptbs28ztEKeWFQa_!!2885348004-0-alimamacc.jpg,http://click.simba.taobao.com/cc_im?p=%C5%DD%C5%DD%C2%EA%CC%D8&s=48512228&k=2369&e=FuNgJwHLpuhnBpofNUnJMQjzNF3jsG9rR54IF%2FG5uB9OfiNAJsaiAK3%2BDBY8ATMebbeQjiFzFMs7RvSQbB1mDF0eh3vehBhrXkr8cHZsCib7JG0LI8mhZQJVbUxACrHsIPc62V%2BHEgkSXZ58RNZZT6q9COOOgoQdFxM4CDhH92wEdUXJ0KOf%2FqcI4%2Bi%2B8XTcii3%2BQhCRvk9cDliSQ92hqQGSAQhqEYrrlTV7OcGbJqLBhTljR7YyNPfcG8hbnOze6TT16PEFCEA5M%2FDzegTPR8zyuSevIembaZOvxx0rYWZU%2FW%2F6B4X0XVXA8iUI7PH2HJjm7FhZi26g1nFG89SvMhA01LlM%2FihwWSM2uZJI8Y2TPiVcGKmRYF14OIII%2FFUIPUm15TjWyuTPcdRcNfH9OXAwjbqqKpDjhW%2FlNFEOgv%2F3xJk89WFr5FyYCi4S1l1z1Q9e0HayYHcJDCNtFVv5xa4qC0%2FWI%2F79SoCCadsmavKK%2BZOyK9ryfVOYySrq3%2BLLwTMt6rSriYm2CjbGGA3fnusayI9IO6N9FVifyoYnP%2Fz1vP8%2B1ymJDmfPE%2FMDFN7rp06JJLPzRq1iXIacb4kmnbNXzZfHA2OIJ6lL3pNGAS1g59O1dd6e7BD3Nb2uPftCwgGF2AMenBOvC7vFNYR3xvFB0gYuoAiji%2FIyFwUULVjlODmpoRiwy8hlj20Q5oGQvlycE2ed3XFkzIyf6nP%2FnS8zcA5iue3XRqj2Gm%2B92wZGQPEE8QExVYoiRiy11BCIECNLlSAIwSVPdONEjjkj2Ph1BNxU6yUsMscSG%2F2ILwaN%2BElzMIZ6%2F2pcEhqN0UljBWs8%2FLwx32v5KXFczI1Uadk4dMhSlISLMVWDYchVakvGJ7P2RYJvSvztaaW6OpuMamP48kXU2A2LFi100zhfPohIYJy4DfkswiOE7bQ02T4EG9H8ZD5HqGX7mCm7kxbEJAT1%2FV2YziNFzQmXUC7ULCmaB4mhDlLSOeUFjUX6yEEEu4od2WcAL8uZdYn0jQ9qrOpwLS1jdXNaYNh%2BHEKU7BGupujsTtNa%2FTV5d5rfwtkyWPjHXPCunbVhPaME7MrHgKfBrPB2wmMmUAyJhLvxcRqcSbYgIpNRbWFMPANHPFgNYa1Yipp%2BoNVHoRTcim1%2FnVUt7f9o9UqHAzhF7ci029ThOY%2FhtkunRU%2F6SY93mesUdzSZXlKtJo%2F%2B42HNR1dVD7JNdgkGbSMR3WWvksPGcqw9bWq243qpJGO3AWqlcoUYTgrqGpVrOUCU5h23h2hop06wxughU4xiaLzrUE%2BaUK5Q8nN7ArMIXeWGn8v%2F0FDPmGWtc%2FAMkiu%2BViXcpi8VFyD58m9BMV2lgAVrweCtSco0SjDBvjKcvvjVD41W0tON%2BElzMIZ6%2F2MWdcOfaE6bprtjlwXaB7odhVLNok39gV8qltNSTuAurwMQEEhCag5g59O1dd6e7A5326OVmLUMb1pCz8IyJCwqAX18A4bEcTT6RhAE0KbPB89CUXdLUV7thnrCrbrrVEty8I3d4G0NnvWouOcQQJlHH9pKJA20X6fUzzrHy990VGJLNm5jLp147K0Y3A90phu2dJqBX%2FhB5u0rBTy7rTSL3MjPNb75a66AnbCR51hvKl3yI6FghvYuMTbgEa600Pe9rrQuWBBt1qXApZj4Fjr1vP8%2B1ymJDkpHBJPow9UP5JKfUta0WLB7tFzhTV%2FuuR7gb4lgympLpjY1MWNvkqQXny5%2Fzhkc3MkVcGqnsL2U0oOJi%2BhZLyMU%2FC1spO%2Bgfh4NP9bG6%2FxYvss9VjGCd5w3eLX%2Fskd038OOMSMCz3bX4kFTOSs9OTAwxyYrbpP00VBvVlaYSy4fRcK0909xkhTlNjcwz%2BIGc8wMteR4sai6MkKsRFiZ%2Fkh7ID8YTX3UXHPbGiQzWGPMn5df8%2FKqYz91bAW2jaPwQ7IqU7Ck4LpoXmKbi5oLbgv5suUatzpJxHkZXCr7Mf%2BzObMzBRq3Jx6r4hx5Uc2O%2BRdR3iaI1sT5A%2F%2F8rkOMBFKwf0tz%2BIzOpUuAC2Cbg5l%2BbPPBrWwiQWvYB4szDN9yp%2Ft6l3pAerO9rfWgYgulNfjtPDp2pd4%2BlGLmDjk4gkhf80SALGGUs7jiFkVt4XKpmLH5gDUS2AmdbngHGfJKi5dkX7GHSdk9EM%2FWDSin7YhRM761LYtMwPiVrvg8%2F%2FsE0VtV42a3eQIBmqdgD5NAt16rWSptNrYC6HUxe2w6VUs1unq%2F60Ju313DyGZfCbOXkCYb%2BDlbeJyFECNLlSAIwSWf4cogutkjYcNys3Qz9cvdm%2BoTVcrz74XlODmpoRiwy7NgPaNMVDcAx%2F%2Bb8Cp9AfsyC4q%2F5CPEFJBiRyu5Z0m9&mm_sceneid=1_0_116045295_0&a=xxc%3Dad_ztc%26mi_id%3D0000x2gm8PxTRUhmfVGPTSjVN_qFgMyWuwZCKdeOAPkt3yg%26skuId%3D6021283660400&id=1007485836486
941481179762,POPMART泡泡玛特SKULLPANDA进退之门系列盲盒玩具SP手办潮玩摆件,67,¥,券后价,tb160998713,SP正版盲盒店,回头客10万,3000+人付款,浙江 台州,"店铺满39减5, 48小时内发, 包邮, 酷动城",出售状态:现货 | 品牌:POP MART/泡泡玛特,https://g-search3.alicdn.com/img/bao/uploaded/i4/i4/2208399554429/O1CN01N0OUAg1iaXF1bmNaV_!!2208399554429.jpg,//item.taobao.com/item.htm?id=941481179762&ns=1&abbucket=10&xxc=taobaoSearch&mi_id=0000d4GCCJhyDsInRHga-tY0PUkmrrHTxjXrNkb_Iaovec8&skuId=6009215667272
969936816834,泡泡玛特THEMONSTERS前方高能系列LABUBU ROCK THE UNIVERSE毛绒,576.9,¥,券后价,李超越0922,TOP DOLL 俱乐部,回头客1万,1000+人付款,广东 广州,"店铺满299减3, 48小时内发, 包邮",款式类型:特别版 | 出售状态:现货 | 系列类型:联名系列 | 品牌:POP MART/泡泡玛特,http://g.search1.alicdn.com/img/i1/1392190029/O1CN01pMtlIi1C5Kbk56FrE_!!4611686018427380301-0-saturn_solar.jpg,http://click.simba.taobao.com/cc_im?p=%C5%DD%C5%DD%C2%EA%CC%D8&s=48512228&k=2413&e=f497tJhmJmRnBpofNUnJMQjzNF3jsG9rR54IF%2FG5uB9OfiNAJsaiAK3%2BDBY8ATMebbeQjiFzFMsc330v%2Bk0VdoI%2F4fnqNJVfMPHvGyyBXFQjX5zDX%2BFjJwJVbUxACrHsIPc62V%2BHEgkSXZ58RNZZT6q9COOOgoQdFxM4CDhH92wEdUXJ0KOf%2FqcI4%2Bi%2B8XTcii3%2BQhCRvk9cDliSQ92hqQGSAQhqEYrrlTV7OcGbJqLBhTljR7YyNPfcG8hbnOze6TT16PEFCEA5M%2FDzegTPR8zyuSevIembaZOvxx0rYWZU%2FW%2F6B4X0XVXA8iUI7PH2HJjm7FhZi26g1nFG89SvMhA01LlM%2FihwWSM2uZJI8Y2TPiVcGKmRYF14OIII%2FFUIPUm15TjWyuTPcdRcNfH9OXAwjbqqKpDjhW%2FlNFEOgv%2F3xJk89WFr5FyYCi4S1l1z1Q9e0HayYHcJDCNtFVv5xdMaX6b7S%2FIBBqSStO7DnKMfnnvexuE9eAyWRtwpDQa05MtvfWk8jb8ZUSu2u3ZaolP0eYepu%2BSL6woQZy9YYHkFMa0AA5W8AzeMDUO8AaWvOetL2UhGHaKCLAOUIDbHtggVGNhUV4fmJRFkAoqbOn4DQa5%2BXkg%2BTSzgXxzJD%2BOOfe%2BfcUGKCB9R7B%2F7vorXCHvhklPekkuFmX%2FRTYVZpf137cPPqDm%2BskiO8GzDn2vOr4QKuZlxydfkUZ4r8CDIlQlovpfn1tH0qaTw11NRzCRpKfB0MQYO%2Bf4Zk44UxVavsrj10HYYXQG5%2BYNtjVfZ0SUdwQmLhk6bjs5%2F0P72S5B%2FO%2FGDxYtRkZKLjxeMa%2FHmzKraVtfhwaZK9O%2FK4W1FW1r8anMJ%2FvkvntT87t7QF%2Fx7%2FkbPFnsl%2FJlrwGjujLZzJDACoymn9m6pfh85A55orhxltNMTSvW4ayQzF84%2BdE%2BL91dopnUSlbtma091z%2FRLCHRX5SjPtoFFfzkxK%2Bkvnrn5g22NV9nROQor%2FDLm2zZd%2FJUTC4eBk%2BZuTEXwgPFY76IbVTQXja9lJQ3TX7SnKVuDu9SQ1Zj5rb2PBwqA%2FndEDfpj32N04NlFYS6SCqrGbohslPOFdo5vAiL9wcbJ00WYVyNljXKSnXqwSQVwL%2BG2cEHdcczLHU09JGOJVdr4xmZ6ueY0hcYy7doW%2BT%2FqYaQY8dVaJ%2FJPERj7GKB3OMIZZDS3bSPkw%2B%2FQQ58e%2B3DaP0N%2BeCx%2ByoAi4VRDfpxdQv%2Fblx3vfUZea%2BEymo3CZn4SQA%2FJHyxqfac72TbuTVCpjMjXtBq0MrpuGZ8IjlmDKweRm7T1IxuSNnLaQEvdEa0SLnkLuhK5iN5AggeA6olTKNpKEOOFuGOPRlL3mVxvQ9EEJGzJQZRGCuQHivle%2Bz2H6rpjHQqd2jrOZ93LwuEurZXRhdWuOM%2F55syDAie4vDoDEOGNMEWoIx2y5ww43HNuGUCZJUwyiZtRzm%2B7qGKcktslR2OKnIFXnEq%2BtXVaZaQvfXNWZ4fniNT5hacEQUQf%2FqkyQIfvu6NAoZcoigH55gX3e1sHKrOZ8p5FI55iKkE7aJUSqTWr%2BQ26XkzGmtluoESJyAAlytDFfgjhys1wiXdaXdSXoH%2FJlCPQDASsm6tQJYWYGMrzKdbh6wevokKft5L59%2FfEjN3IfPnDW5jBLBDHwirRfn5iprZrze%2BJswIhtX6cQmQe3ch8%2BcNbmMGCrIlZ2ybzzLNUWC90g3QikzaMb6zfljjd0EN5qP8b99gyxN%2BsmNb33G7QzX7fu%2FOQkVA9YZYBg2SEu8lybxEiySxxBGEkEqUjuIaxE61rmB%2Fp1tizEx2WES8BKZgY8u0QDu2kO13cWKTFGvQu%2BujURk9fSMtquPwIdFflKM%2B2gUn%2FYxPNqOgLwFvk0AOh8UzlB6%2F2xtv3Gx4NP9bG6%2FxYu6CA%2F%2FV9tRVN4bXEoHXCPtKrahsnsZ1ZYvb2O21cFkuPy2kgayXZIkwbk6W9O3tvoUnUc2fCGMg%2BouWEd0Ci8T2xOQeaWKaVirzH6KiMWnDcDelPEwvZABPHvBupsQEwoFxsVV%2B0iH4MoGKlRPZ9QY7FR6zHEMuiFtipI71Jg6j%2BgG7OfehhG5dLdvhC%2BH2ouXSl4T5utL%2BQvSLI8%2FrVefF0xFZA5y3KwF7eEvAHiSQoPDv3hq2cnmZ85yVyf6RCQnqN7GZw84PIffOvRM%2Ba07fK9UzXruIqQGgVI%2FI%2B%2FRNTZLm%2FsySx7NsgD8G6Ov5%2BVKu67ZkSDcU%2BV18USgljHwh0V%2BUoz7aBmXgy0CdDUXWG%2BmyHgG832EpO4KwsuOQukKU9hEI8vrB4Pa%2F1LJmmzZUNeQzK8eOXnC7H0E4cXZOENCtyalz%2B4rC2wIRpAHqI3a2DOjUXG7%2FH%2F5vwKn0B%2BzILir%2FkI8QUkGJHK7lnSb0%3D&mm_sceneid=1_0_1392190029_0&a=xxc%3Dad_ztc%26mi_id%3D0000NjDlHZ72pQJwMCs1Gd8NzFKlM8WZk4_z0IHE-uDI4_E%26skuId%3D6083113511915&id=969936816834
983073228169,POPMART泡泡玛特星星人二代 来自星星的礼物系列手办盲盒礼物摆件,68,¥,券后价,克莱得威尔斯,潮盒CLUB,,600+人付款,广东 佛山,"店铺满20减5, 包邮",款式类型:隐藏款 | 出售状态:现货 | 品牌:POP MART/泡泡玛特,https://g-search2.alicdn.com/img/bao/uploaded/i4/i1/3182089574/O1CN015qvT842Kax1nU3BEJ_!!3182089574.png,//item.taobao.com/item.htm?id=983073228169&ns=1&abbucket=10&xxc=taobaoSearch&mi_id=0000piLQ1ccdKQIs0zKu88tFbC_U2FJGobhksH8e38KJ23Q&skuId=6106540262257
779479355225,泡泡玛特MOLLY ART系列梵高博物馆·杏花400%MEGA大娃1000%摆件,2539.9,¥,券后价,李超越0922,TOP DOLL 俱乐部,回头客1万,45人付款,广东 广州,"店铺满1999减60, 包邮",出售状态:现货 | 系列类型:联名系列 | 品牌:POP MART/泡泡玛特,http://g.search2.alicdn.com/img/i2/1392190029/O1CN010a5Jks1C5KbjAD2Lu_!!4611686018427380301-0-saturn_solar.jpg,http://click.simba.taobao.com/cc_im?p=%C5%DD%C5%DD%C2%EA%CC%D8&s=48512228&k=2381&e=bBFjTx2OuoxnBpofNUnJMQjzNF3jsG9rR54IF%2FG5uB9OfiNAJsaiAK3%2BDBY8ATMebbeQjiFzFMsXpSxoxwnvK4I%2F4fnqNJVfQMEUOcEYwfa6983X0cyWGwJVbUxACrHsIPc62V%2BHEgkSXZ58RNZZT6q9COOOgoQdFxM4CDhH92wEdUXJ0KOf%2FqcI4%2Bi%2B8XTcii3%2BQhCRvk9cDliSQ92hqQGSAQhqEYrrlTV7OcGbJqLBhTljR7YyNPfcG8hbnOze6TT16PEFCEA5M%2FDzegTPR8zyuSevIembaZOvxx0rYWZU%2FW%2F6B4X0XVXA8iUI7PH2HJjm7FhZi26g1nFG89SvMhA01LlM%2FihwWSM2uZJI8Y2TPiVcGKmRYF14OIII%2FFUIPUm15TjWyuTPcdRcNfH9OXAwjbqqKpDjhW%2FlNFEOgv%2F3xJk89WFr5FyYCi4S1l1z1Q9e0HayYHcJDCNtFVv5xcIdgDOMPKxZGJ6364gJK7cB9GkRwpN6jZZUYGVWBbwowTMt6rSriYm2CjbGGA3fnusayI9IO6N9sGqx%2FGySi2YZzrdsvVbTW9UKqFYY7GQk15Cc3lZ%2F67HSCDEIK6SL8wweTwN%2Fz8E8EuyWnr4neywgfXnZW3tKa5PbKqbsjdB3AJJRGiftzhwYGlS%2Fq7RppvVtzrNvxDIIlBqizFPWpXCm9O4Av1cPIAvgdMe4oLjP%2BEW50ZEHW97b2pmSUlEP4oFpNQI5g1K1IvxYGxRCGNE5WvGsBSDctr%2Fcrinlf%2F7DGc63bL1W01stbQWDv9wP0R60t%2BUQL3zxE%2FD00vfSrHDMNBLm7gFvXfvzlyJXDlCeUjDA9p65wupmjsKSijKNAEm7PZ5a3H8xMI81LeVEJVjZ6wwmw2IKqd8WPxcNTQ2WTeEcE12PiKYnahSZTltk4qfm4iSeMVnXhvpsh4BvN9ieAnCDWAsg8Kt2zkSe88MWBatobpJp6A4TlyaBs3%2BwHbLYWfONGStpfxEauOCDWxoSQ31J2DHFqp8x7udl9Lvw6kNpjsUKwc8Vde4%2BRY%2FfC3zbdr0PQ1VdsFI%2BWtKSZHAW8PmcZsCN8k3szBIwyWuCjFNa3tCoYzryr9bl5Cz8wPs7BEOfWx2ouwn0xXcT9g8HciBiHJ6XcV%2BFrinPriyLMrgeWlzSN1k3ffxZGgMOeBUYtrQgZTMijBQdgnaX7LQsjWzI%2FtmIc%2FiguYAXzTMJqx6OVPbtxfuwVZqxTMEGIN4btNHb9Y8SZc4TqzSRAquSg4lGXzoSturfuBFd0YfNgPe00ph3i4IGABOOQjxUgaO5l2f63u8SS73QyAx4InfznNWnGrECxrQNUPNDSxLhjOuRE5ZckY34AARrclUR58oi70rfTNlcCci%2B05xb9XiSi48XjGvx5ty1bc%2FYpN9omMgB6ClJJ%2F6rL2qCxNgbuD4ci7u97ek%2B0olf18UnS5xvdwlCceU097TcDn3uV2gJ5EefBqAFPKyJQqWwb5Gne%2BgqF%2BxjwusBMHIYmhNYUt9EUibtP9Ahc5pUYOISFVpUwXKi7eDP%2F38V%2BSnRbgVNg4SG1s6Hwd2e7S4B1EbjJJ8eGe906RdNiAQNmgcp1ocC4ZK3xmpoMWRldOtUyXtdT36SuDlbi9LAoy%2BSHLbKmR0uMTbgEa600Pe9rrQuWBBtfpK4OVuL0sCjL5IctsqZHTOy%2FLg1HqjAyKC6V9k69hoPxjL2KqDfoyaPoAfb4X1sHK5yQeaC%2BS%2FzcnzKAke3Emej%2FY8vEaHWnmpJxBdy7Mt5CuJXzUyvTkTKS%2FE%2FBgHrHR29BkJJkMjf10CC9xOBOD3sBQTQffDP0Le2Vx1aiber%2Bzd%2FOy3MOTbVB1px%2B4GMoyePzNAxl1itb6OFNkHm6DJwC24k0a8tyQ6s6uTmjIy2EEHp5XBf6RKDbthMU14d8VO9LmK9FmNgIPxfcbtKOY7xrHH%2FlkWGeTUr614pgfID2Bv573HnSoZROByjdnFy3Nx5cjS09tlGYvi8Vgbr6Su4W8BfAgISiLFK4neBQjuME9OyNFgTQOVgpMOv5bYWn8bc2TVDOpfb%2FKBrZ1G0Iz0Hwoly6WPnhtEzdHolldkfAfcnfJ6t4V3l8mbzRKXJCXZriQ5lIy%2FAvlV1luc%2BtiyFNhLp4bqaJdLW4CHN6TlTps8C7W4mODFVg2HIVWpLxiez9kWCb0r87WmlujqbjGpj%2BPJF1NgNixYtdNM4Xz6ISGCcuA35LMIjhO20NNk%2B6V0ePH3K76eCvETX5lgtPRbgE%2FsAA35qRi4s6%2FxnGwB%2BFkDq2ebrrrqSu5IJjvd62H7xfbreGdzrVAAD2kjygKb07gC%2FVw8gxidm5ZINtPlpl3aPsFqkwd3uObn8CYaHEXabAFi6wEo%3D&mm_sceneid=1_0_1392190029_0&a=xxc%3Dad_ztc%26mi_id%3D0000-hrz_jePgcyfHN9YVU6DYyB7RFdu6qc9n3yQze-K7RM%26skuId%3D5790532575493&id=779479355225
798982951856,POPMART泡泡玛特鬼灭之刃诞生花永生花盲盒情人节送女友七夕礼物,233,¥,券后价,bramons龚,BCH LAB,回头客1万,600+人付款,上海,"店铺满168减10, 包邮",出售状态:现货 | 系列类型:联名系列 | 品牌:POP MART/泡泡玛特,https://g-search3.alicdn.com/img/bao/uploaded/i4/i3/3708808917/O1CN01kU9nxu2Fk2g6GH8Ig_!!3708808917.jpg,//item.taobao.com/item.htm?id=798982951856&ns=1&abbucket=10&xxc=taobaoSearch&mi_id=0000Ps8a6bc5yv7kpM49d3bxfoyQwDfNxIr2_H__JdXl7lQ&skuId=5616066571067
756653146799,公仔收藏迷|艾顽潮流泡泡玛特ZIMOMO毛绒搪胶,1153.96,¥,券后价,eileentoys,艾顽潮流iwant,回头客1万,5000+人付款,广东 深圳," 3期, 店铺满398减5, 48小时内发, 包邮, 公益宝贝",出售状态:现货 | 系列类型:联名系列 | 品牌:POP MART/泡泡玛特,https://img.alicdn.com/imgextra/jz3_2/2207971297914/O1CN01N3lHmt28KfVPXORWB_!!2207971297914-0-alimamacc.jpg,http://click.simba.taobao.com/cc_im?p=%C5%DD%C5%DD%C2%EA%CC%D8&s=48512228&k=2457&e=GuKEA1VxcVFnBpofNUnJMQjzNF3jsG9rR54IF%2FG5uB9OfiNAJsaiAK3%2BDBY8ATMebbeQjiFzFMv%2F2PghO57idN3xhqlwJaHVoo%2BIgSFxyaG6983X0cyWGwJVbUxACrHsIPc62V%2BHEgkSXZ58RNZZT6q9COOOgoQdFxM4CDhH92wEdUXJ0KOf%2FqcI4%2Bi%2B8XTcii3%2BQhCRvk9cDliSQ92hqQGSAQhqEYrrlTV7OcGbJqLBhTljR7YyNPfcG8hbnOze6TT16PEFCEA5M%2FDzegTPR8zyuSevIembaZOvxx0rYWZU%2FW%2F6B4X0XVXA8iUI7PH2HJjm7FhZi26g1nFG89SvMhA01LlM%2FihwWSM2uZJI8Y2TPiVcGKmRYF14OIII%2FFUIPUm15TjWyuTPcdRcNfH9OXAwjbqqKpDjhW%2FlNFEOgv%2F3xJk89WFr5FyYCi4S1l1z1Q9e0HayYHcJDCNtFVv5xdMaX6b7S%2FIBBqSStO7DnKMfnnvexuE9eKJ78EutNsa3wTMt6rSriYm2CjbGGA3fnusayI9IO6N9G6igVrSnhwf0YwFdWa0nj%2BfoPdNP%2FtCBqezHz1J1DOQpDxsDOUU9pYEZ%2BOcuVMQTlhrlLZK%2Byq8%2FhLh2I9rr4LbqZiknJRQTQ4wIIOu14O%2FihY%2FtiJsOYzKA0O7%2BbBq%2BXLxADLcaXEia8irG3gqHwCogH6aSbQcN%2BEW50ZEHW97b2pmSUlEP4oFpNQI5g1K1IvxYGxRCGNE5WvGsBSDctkjEoi0o4KCr9GMBXVmtJ4%2FGD6%2FDT1ieylorwKDLMLXfk7hdPaGgbwZJ0V2Ybqn6C6OgbeqRcwvI34DqKT7XK84k494vmDaOL2q03NuP%2BT2ZSzF%2FrEdmDX5kX7GHSdk9EM%2FWDSin7YhRM761LYtMwPiVrvg8%2F%2FsE0VtV42a3eQIBmqdgD5NAt16rWSptNrYC6HUxe2w6VUs18hsv%2BZw%2FiIoRyTxtFFbAhRcm%2FIfK7fqYh8BvTQc4KXIvP9zodqMYuxeRxDpUizW5rmvijhOSsego4rDGIqE2d0sxf6xHZg1%2BLvAK60sKJSEen5dSLS3AFdBVrpg2DMUFne3EADY2WH0fLD%2B4a3AN6CdlI%2F8LBDiZB2EvV4MfjUzqzeZnkNafTDcSEYGAT1dSyheoLJqSWT21MkaWt2NbCt4WKt0MmxRW8v%2BBkqSgG0i4kAkWT82MofU2FjosJBhN%2BgFM1ezbajfxESsi1ZGGyk4sD8dpG%2BO3XBvFE7UPbfvlcgEGjYLdLmOryiic5fGFkmLklnbXbBOqR2%2Bg8P29kiB4BIquKkc77i5EwwJm54SDVWaMJjxL4RKmPmxNsi5%2BQ4wIIOu14O%2FihY%2FtiJsOYzKA0O7%2BbBq%2BXLxADLcaXEia8irG3gqHwLJTWH1liEhL34DqKT7XK87gz2%2BePlD%2B%2FCCyy4GILhAhYvtE%2F82hf5JjFnXDn2hOm6a7Y5cF2ge6k19zktfuNRuv%2Ftket0U%2Bmq%2F8vgZQvw7PlQQqDHLPy3SHTuigDwKHWG9aQs%2FCMiQsKgF9fAOGxHE0%2BkYQBNCmzwfPQlF3S1Fe7YZ6wq2661T4r5YgzJIe2OX3m%2BR9%2B%2BF9Wgt7HeRifCH08YZgxWyTAdgjsOYDo2HB8gLeZKJtfTj5%2BvpN1mq5QIhzZuWr7T2O%2BMPbsvzWeEu2USoCETn%2Fbmtww935SMWVmfNQiUMQaN1PdsaEMwY8urZRKgIROf9u2KIsXMf2RERw5%2BUY2MfcuylURh9nRRWsomd5CktbLFIjEdeZ6EfloDjTVSr75DvU8szCaRA%2FHakIL%2Fht7mYbz4mIGmbV%2BtHKKZHzU9gAliEf6dbYsxMdlhpyTIyOusm4am0fBcFfXO7MBmbT34gvw0ZPX0jLarj8CHRX5SjPtoFJ%2F2MTzajoC9M0aHY0LWcIEGkozpzcCtXMDLXkeLGoujJCrERYmf5IDpRcMVGVXx8q2JgxBd2p6J%2BXX%2FPyqmM%2FdWwFto2j8EOyKlOwpOC6aF5im4uaC24L%2BbLlGrc6ScR5GVwq%2BzH%2FszmzMwUatyceq%2BIceVHNjvkXUd4miNbE%2BQP%2F%2FK5DjARSsH9Lc%2FiMzqVLgAtgm4OZfmzzwa1sIkFrSTsO5vodliqq3R9s68QSJLiZKkrxiqoAQ8kIxGTQEDKXS3b4Qvh9qLl0peE%2BbrS%2FywRExUVcZdZcQ86FnUD9%2B8Be3hLwB4kkKDw794atnJ7b2WwTtAeVa4r3DUU6A8zMyH3zr0TPmtO3yvVM167iKkBoFSPyPv0TU2S5v7MksezbIA%2FBujr%2BflSruu2ZEg3FPldfFEoJYx8IdFflKM%2B2gTnMqJG5Sxuh71zo9r5ShSEuBmPaJT32xk5NsrviXFUwpoOLhsPej6TutHRLspW9p8O%2FvxhDlDPskDGKj52n7mfi47P%2BZLYy7YW%2F9xJlE0YUDV2sWkIYdQid7HYHSQ7kkw%3D%3D&mm_sceneid=1_0_3204345526_0&a=xxc%3Dad_ztc%26mi_id%3D0000IkPk-_2lsn8UkfPPkkHWgTDo2zyNORzKCMqiiyyHvNA%26skuId%3D6138626591219&id=756653146799
970233630493,POPMART泡泡玛特SKULLPANDA白月契约手办可爱娃娃摆件礼物,199,¥,,泡泡玛特旗舰店,泡泡玛特旗舰店,回头客20万,4000+人付款,江苏 苏州,"热销爆款, 退货宝, 包邮",出售状态:现货 | 适用年龄:15周岁以上 | 品牌:POP MART/泡泡玛特,https://g-search2.alicdn.com/img/bao/uploaded/i4/i1/2885348004/O1CN01G48d5c28ztETxQJZT_!!4611686018427382436-0-item_pic.jpg,//detail.tmall.com/item.htm?id=970233630493&ns=1&abbucket=10&xxc=taobaoSearch&mi_id=0000qonWo8frl9dDWVSmh84PIr2dhtc-F-A8ZOFhtvRYm0s&skuId=5932747128867
925941384224,POPMART泡泡玛特THE MONSTERS十周年系列香薰蜡烛盲盒LABUBU礼物,1161,¥,,泡泡玛特旗舰店,泡泡玛特旗舰店,回头客20万,1000+人付款,江苏 苏州,"退货宝, 包邮",款式类型:隐藏款 | 出售状态:现货 | 品牌:POP MART/泡泡玛特,https://g-search1.alicdn.com/img/bao/uploaded/i4/i2/2885348004/O1CN01DlB4TZ28ztEKPTdyX_!!4611686018427382436-0-item_pic.jpg,//detail.tmall.com/item.htm?id=925941384224&ns=1&abbucket=10&xxc=taobaoSearch&mi_id=0000BZsK01POZFhk4qqketxvUYnoDHu94Xbj7a0NMEkAx-4&skuId=6021278264113
1016980478702,泡泡玛特星星人随心配系列手工可爱车钥匙扣圈环链绳小挂件高级感,62.1,¥,券后价,tb7408062550,拉布布labubu正品店,,1人付款,北京,"超级立减10%, 退货宝, 包邮",钥匙扣类型:中国风 | 材质:塑料,http://g.search.alicdn.com/img/O1CN01xjevYL2MCL076Ftkl_!!2207920949791.jpg,http://click.simba.taobao.com/cc_im?p=%C5%DD%C5%DD%C2%EA%CC%D8&s=48512228&k=2401&e=R0coKaEzM6RnBpofNUnJMQjzNF3jsG9rR54IF%2FG5uB9OfiNAJsaiAK3%2BDBY8ATMebbeQjiFzFMvWVrKJQN8zcmJQXJl%2BoBN1Tsl2jdWcQk%2B6983X0cyWGwJVbUxACrHsIPc62V%2BHEgkSXZ58RNZZT6q9COOOgoQdFxM4CDhH92wEdUXJ0KOf%2FqcI4%2Bi%2B8XTcii3%2BQhCRvk9cDliSQ92hqQGSAQhqEYrrlTV7OcGbJqLBhTljR7YyNPfcG8hbnOze6TT16PEFCEA5M%2FDzegTPR8zyuSevIembaZOvxx0rYWZU%2FW%2F6B4X0XVXA8iUI7PH2HJjm7FhZi26g1nFG89SvMhA01LlM%2FihwWSM2uZJI8Y2TPiVcGKmRYF14OIII%2FFUIPUm15TjWyuTPcdRcNfH9OXAwjbqqKpDjhW%2FlNFEOgv%2F3xJk89WFr5FyYCi4S1l1z1Q9e0HayYHcJDCNtFVv5xdMaX6b7S%2FIBBqSStO7DnKMfnnvexuE9eOPU5D4Mw3Kapsw80GEiPENjzmxXrf7jOqlRib%2F15XVxoUFZpMwvnqNQnl3%2Bker%2Bg4BegzZJPB%2BX2cHvmwC%2FZWiCbJWPSAGtIUe0xmrX614PZC3iHYWIeZMBNgPPLctpiMkPfifCbeuVtWMNbXiyYq3%2Ff9vnBgLm%2BNm6FF2PfR7jymIrhWxv73p5sINKlqUv2EyhqZ%2BqwhGqdl1rLk1H785%2BL3KnDubw8yL5nj1vOF2U%2BkaMqoSDSGy8lNpCKaBrhoIe0ikMDwMF2c1UbHhW5hN8YuUzmL8dlHfYnURzTCBw64B99iU8iSjrBbUjmdHzoGpcEhqN0UljVtCBoFvzv4G7NPoUjN8W1dk4dMhSlISLMVWDYchVakvGJ7P2RYJvSvztaaW6OpuMamP48kXU2A2LFi100zhfPohIYJy4DfkswiOE7bQ02T7pXR48fcrvp02HWMZg3Bxs7bgpIyLXv9utqI%2FUDsbX1jxPCDB%2Bi7d8nRpoWgKKAFrX5Rsn5Dw0Mbi1iov8f5YoEj7eW3JmnEZnpPboHQJW%2BklR3k8BBLpltv9b8e2q5HqtibXUnV7a6QtQQ5ywZb%2FqobeB%2BG%2F44iw4iLrO259YUNC9UeHeOYDkJPgYDnItibJdSQiL5hCahpb5s49mg7PKw%2F3NGXFI1TnQ%2FPa2jv8AONBEgXvoMO7LEaYdE6xrcEWa3AaE1Kq2CaQ9VbBzGMLLJKYEIm07dvbUuGEZXsD29wthf%2FN9SuY%2Bixvz%2Fh2Yi6v%2BxC82dTPQoF0jGt%2FSYl9J7%2FEDH8dPiVjAAXlxWTnjKmS2KkdEZVAXHJyNirUzzmJScK7llVbLqQGWqdJkm2esOnWmhb2KBFEjWx%2F%2BJ2XVhi0VxISjWdCeETs7Bh37MukLPHw0LmHlgoMzz5POu78nlJ7vPCqF192nDUfDdgzTXlNHFCJvSq%2FsgSytulAPxxcOlyz3V6kfsE3rpdl2iB7NOItl76rFIZnd7jm5%2FAmGh91kaJ0TqWAf7xwQqdw5L7539ic1WllxPVuQxDOQ8dxeY4zUnmy4SAnAxJRs7pxFfjSt9VbV7B%2FOEKDCwSqkn8czyjlK9mUS9%2FiSvBIuZwHguOfy9g29NttqUghqB32hkEJNnPl8n4wOr9UFxGXFJxaeMpRG8vfVaDVJB1EXlI%2Bzr3ArrhgFhqSMgM%2FMQbUv9rGB9wF2mYxbs1RYL3SDdCKTNoxvrN%2BWON3QQ3mo%2Fxv32DLE36yY1vfcbtDNft%2B785CRUD1hlgGDZIS7yXJvESI1Lmz7ep5t9LsdEBCPRuC9Hg0%2F1sbr%2FFgquP1s0hA5s3Z%2BUFwLeiWjz2MB92V%2FufWkiW0Wawu0cjDHJituk%2FTRUG9WVphLLh8yjEsaDGyr%2Ft%2FBORqBsskCsKKR%2F23XFF1wuRdE53FOloq9EJyNsAzbEHbL2R8bhvDGDpVVjrNZmLAy7LDjVwBZeik8JrLfw%2BS%2Ffk9k7xMjGK00SgFpQ4BJ9B7psPjKgl8%2Bv484TWP3njSN1y2c9%2B5qMXu3ihC6N1ilO2%2Bl0iTkmJPLVpg4TNQCaqkZEcIXcHKWiHTNX4qBc12jObFKBlCqIfxUFS6I94viskfeD6oDLd2PZ29tQa41A4NDHOmp5rTw30LxWGjdOBVsu%2F%2F48b8DoVym1Hf9iiKAXoM2STwflzLkKWheRAF9Sbs9nlrcfzEwjzUt5UQlWNnrDCbDYgqp3xY%2FFw1NDZZN4RwTXY%2BIpidqFJlOW2Tip%2BbiJJ4xWdeG%2BmyHgG832J4CcINYCyDwU3pk9bDiiw%2BCbKY4wmCY3PLj8forSH2r2c1UbHhW5hOLY%2FiL%2F8w2zDeyvDrPYzhusVgvJN5JBuh5sINKlqUv2IEOfzlx3U2naZd2j7BapMHd7jm5%2FAmGhxF2mwBYusBK&mm_sceneid=1_0_8229959926_0&a=xxc%3Dad_ztc%26mi_id%3D0000MPPW-27V-8h1YrEttJ_-shCxcE2ORHVgKqMGUTrbUjE%26skuId%3D6191473527091&id=1016980478702
983194089511,POPMART泡泡玛特DIMOO如果今天星期八系列手办时尚潮玩礼物盲盒,71.99,¥,券后价,tb8590543774,马上发潮玩,,100+人付款,江苏 苏州,"店铺满25减10, 退货宝, 48小时内发, 包邮, 公益宝贝",款式类型:隐藏款 | 出售状态:全款预售 | 系列类型:联名系列 | 品牌:POP MART/泡泡玛特,https://g-search1.alicdn.com/img/bao/uploaded/i4/i3/2214353534404/O1CN01J9olOp1iP5O8gbPIx_!!2214353534404.jpg,//item.taobao.com/item.htm?id=983194089511&ns=1&abbucket=10&xxc=taobaoSearch&mi_id=0000vw8AuemYOwJgTSOAM-dEFuPttno0y9Svc42Zrr2pees&skuId=6109466899971
,,,,,,,,,,,,,
,,,,,,,,,,,,,
909413854679,POPMART泡泡玛特Twinkle 123!星星人系列盲盒星星人三代手办礼物,40,¥,券后价,tb160998713,SP正版盲盒店,回头客10万,7000+人付款,浙江 台州,"店铺满39减5, 48小时内发, 包邮, 酷动城",款式类型:隐藏款 | 出售状态:现货 | 品牌:POP MART/泡泡玛特,https://g-search2.alicdn.com/img/bao/uploaded/i4/i4/2208399554429/O1CN015aTQjX1iaXDyMM1y2_!!2208399554429.jpg,//item.taobao.com/item.htm?id=909413854679&ns=1&abbucket=10&xxc=taobaoSearch&mi_id=0000xLoRd-_dBcSNyE8ODOhi9ko_EfpFsjR8sJq6CzZSiSY&skuId=5962862394929
1006035348188,POPMART泡泡玛特DIMOO限定时光系列发光沙漏水晶球盲盒周边礼物,127,¥,,羊城老傅,老傅三叶草,8年老店,600+人付款,湖南 长沙,包邮,,https://g-search3.alicdn.com/img/bao/uploaded/i4/i4/3008780965/O1CN01SYvJgq1J01JhPDqSR_!!4611686018427386533-0-item_pic.jpg,//item.taobao.com/item.htm?id=1006035348188&ns=1&abbucket=10&xxc=taobaoSearch&mi_id=0000fUsmEqdZy_a_GiJ0oQ_--l7VASou7sV8dRPTCQSIWSQ&skuId=5997709232116
899079497775,POPMART泡泡玛特Dimoo World迪士尼毛绒挂件系列手办盲盒玩具礼物,169.99,¥,,tb0673212314,嘟嘟潮玩店,回头客7万,2万+人付款,江西 南昌,"店铺满799减10, 24小时内发, 新品, 包邮, 酷动城",出售状态:现货 | 系列类型:联名系列 | 品牌:POP MART/泡泡玛特,http://g.search1.alicdn.com/img/i1/3499666437/O1CN01I6K1et1xQCaaHz8AP_!!4611686018427382789-0-saturn_solar.jpg,http://click.simba.taobao.com/cc_im?p=%C5%DD%C5%DD%C2%EA%CC%D8&s=48512228&k=2393&e=POahzJNJ6%2FpnBpofNUnJMQjzNF3jsG9rR54IF%2FG5uB9OfiNAJsaiAK3%2BDBY8ATMebbeQjiFzFMvwz5%2BGqal47bsdwvw%2BNSN9mWv2MNxbVS%2B6983X0cyWGwJVbUxACrHsIPc62V%2BHEgkSXZ58RNZZT6q9COOOgoQdFxM4CDhH92wEdUXJ0KOf%2FqcI4%2Bi%2B8XTcii3%2BQhCRvk9cDliSQ92hqQGSAQhqEYrrlTV7OcGbJqLBhTljR7YyNPfcG8hbnOze6TT16PEFCEA5M%2FDzegTPR8zyuSevIembaZOvxx0rYWZU%2FW%2F6B4X0XVXA8iUI7PH2HJjm7FhZi26g1nFG89SvMhA01LlM%2FihwWSM2uZJI8Y2TPiVcGKmRYF14OIII%2FFUIPUm15TjWyuTPcdRcNfH9OXAwjbqqKpDjhW%2FlNFEOgv%2F3xJk89WFr5FyYCi4S1l1z1Q9e0HayYHcJDCNtFVv5xdMaX6b7S%2FIBBqSStO7DnKMfnnvexuE9eKJ78EutNsa3wTMt6rSriYm2CjbGGA3fnusayI9IO6N9G5Q4sXVqVUXePNU5g3XYIAxxsR7Zd1%2BYmV4FgJwmkdmJ3w6Z0F%2B3oLOabCndgbOxHAhkcUoALOmEEDzaKV7nUWChNN%2BxCQWVGcgvmTLJpgHeYl1tAxZaL23CynTM3pobbAv5PMztoENMtpK2RegTgsX%2FeEUiYvk%2F%2BEW50ZEHW97b2pmSUlEP4oFpNQI5g1K1IvxYGxRCGNE5WvGsBSDcttNMevDio%2FuP3jzVOYN12CAtGxdPz8yeAnx6dxOye6mPCLQT0tF02Hsp8EY%2FDMEQ%2BcGGvlbRyfF1N6ON8Ni12UZ9ovQa0G%2F%2BCsixVXnlfztkHdJHNjoI%2BoekKFepXzYgpQFgaLLiHHx3yA%2BAXrNBtAUWyW19LKdbb9I15m4ZZ72PPsT6jtjgcEfCI4TttDTZPuOgbDKabkw2TPzzKeGMb2O540jRoSkrUePMWwi4zGIsmzyG67nd5oQY7dvjWW6EPri2Ta244vsxnywtCLenc2FjAifX2%2BxEJlPcNLlKa0RqujcV2nH6%2FsOGFpMgLU0%2FHPfT6fZrt1Wij0l1cctJF%2BueKKcv0sdhblk0UVaVoykgMu%2FOu%2BoZ5gGXk0MSWFPG%2B3KFcIm6PlK6Lgmo1FA%2BPgF9Q6pdGeJFbrk6v2OzqYOihJU0Azj02tyopSl3%2BHL3XJwNbgs9v8zhhtGrzccC%2FLnGJ2klqZzKNpkM%2F1Ug%2Fe3IKqrNDxENnuGq2aDtZDELvXAdBYCpvGxsBPPdTOR45R69EG5PUw%2FydeDIfKvZhm6AQhYVUNrrcHOfwHcBHuptIzvTulIcJucsAX5c2U8rhmR1YbweHPFPRy6FrSW%2BjaWUfxhbN1UCzOx%2FHeRNyBPVTj0Hwoly6WPnJoPReXQQHg%2BngC%2BUIqzuG7jNg3abEm4FjcYM5VlhWN6Lip5ZzPUKdZdTlryIBKtPMguKv%2BQjxBSKGPrWdzgf6DRR4jd5xzB8fazEXb%2F9eMnJUrKnOFo6Von4gd206FwcHKO7x0qizEhaszu3AZziLLdnH0Wj5XjzPJB2s0RZpTx72APg4DC7X14pubX%2FqopXGqa3EWvpS2wfRpTGEia8J6NryvmBWSIohQZafbM%2FUZ%2BZ81CJQxBo3TcEszhIc6bAo2vK%2BYFZIijLDSRNt9lF%2FnDn5RjYx9y7KVRGH2dFFayiZ3kKS1ssUiMR15noR%2BWgONNVKvvkO9TyzMJpED8dqZjyhlBUE2DR7f4KJ2xe740R1driU1rqAR%2Fp1tizEx2W86VGs2xAJDuNcrbmOhs1uNAZninhVHpnRk9fSMtquPwIdFflKM%2B2gUn%2FYxPNqOgL5%2BVDJ9alvIkLSkH1TeZLt8wMteR4sai6MkKsRFiZ%2FkgOlFwxUZVfHwgzPeTalGESn5df8%2FKqYz%2FW86dEPvq0IWAg%2FF9xu0o5YmL8UruDDNAfi1hGFj0JogPYG%2FnvcedKhlE4HKN2cXLc3HlyNLT22UZi%2BLxWBuvpK7hbwF8CAhKIsUrid4FCO4wT07I0WBNA5WCkw6%2FlthafxtzZNUM6l9v8oGtnUbQjPQfCiXLpY%2BeG0TN0eiWV2R8B9yd8nq3h5ZMGdFLXahkJdmuJDmUjL8C%2BVXWW5z624GYLShK%2BrTvdNtLiRVMEz1OmzwLtbiY4MVWDYchVakvGJ7P2RYJvSvztaaW6OpuMamP48kXU2A2LFi100zhfPohIYJy4DfkswiOE7bQ02T7pXR48fcrvp4K8RNfmWC09NgdNhQDVFvRsox8hR24wZiRAJfUfXjkLupK7kgmO93oZTEuigNlghRZNTP9Q6F6ETLaStkXoE4IBOyrIMWHWC2mXdo%2BwWqTB3e45ufwJhocRdpsAWLrASg%3D%3D&mm_sceneid=1_0_3499666437_0&a=xxc%3Dad_ztc%26mi_id%3D0000kRuZ76O9rzngCx8GXr-6OHPJA1cpQWMDHCFZjDA0NGM%26skuId%3D5921273015523&id=899079497775
964372578858,泡泡玛特星星人系列婚礼手工制作材料送闺蜜朋友结婚订婚七夕礼物,449,¥,券后价,小猪猪猪8023,北方姑娘手作Studio,,600+人付款,江苏 扬州,"淘金币已抵8.98元, 包邮",出售状态:全款预售 | 品牌:POP MART/泡泡玛特,https://g-search1.alicdn.com/img/bao/uploaded/i4/i2/1875736298/O1CN01stBSd61wOXWEUY4V5_!!1875736298.heic,//item.taobao.com/item.htm?id=964372578858&ns=1&abbucket=10&xxc=taobaoSearch&mi_id=0000mQKAY6rXEVY0Qa3GXpBpZplzI_Z51Kpcx-hlkCfVba0&skuId=6118729878882
954675638205,POPMART泡泡玛特CRYBABY哭娃SHINY SHINY毛绒摆件大号娃公仔闪亮,68,¥,,丹青笔墨画,Hamburger Toy工作室,,600+人付款,广东 惠州,"退货宝, 48小时内发, 包邮, 公益宝贝",出售状态:现货 | 系列类型:联名系列 | 品牌:POP MART/泡泡玛特,https://g-search3.alicdn.com/img/bao/uploaded/i4/i3/1759705664/O1CN01C7iD5s1riAPCaZwxE_!!4611686018427386432-0-item_pic.jpg,//item.taobao.com/item.htm?id=954675638205&ns=1&abbucket=10&xxc=taobaoSearch&mi_id=0000W88_FdqDSXytxlEM40lI5B5FnEKEHtnUrKCWrKLxb7c&skuId=6187977490869
851205668635,POPMART泡泡玛特 Hirono小野小王子联名系列手办盲盒潮流玩具摆件,36,¥,券后价,林下之夕rea,UR TOY盲盒商城,13年老店,6000+人付款,广东 佛山,"店铺满29减3, 48小时内发, 包邮",出售状态:现货 | 系列类型:联名系列 | 品牌:POP MART/泡泡玛特 | 选购热点:淘公仔,https://gw.alicdn.com/imgextra/O1CN01VKRYMP1wpYuB3gqFy_!!524736357-0-picasso.jpg,//item.taobao.com/item.htm?id=851205668635&ns=1&abbucket=10&xxc=taobaoSearch&mi_id=0000fvFD7AIeX3XtwYl7sFYJANnZRcR19eFvExOJmTJ8XfM&skuId=5969982586529
954651096422,POPMART泡泡玛特星星人二代来自星星的礼物系列盲盒礼物摆件手办,62,¥,券后价,tb598570149,图图潮玩1,,1000+人付款,四川 乐山,"店铺满5减2, 48小时内发, 包邮",款式类型:端盒 | 出售状态:现货 | 系列类型:联名系列 | 品牌:POP MART/泡泡玛特,https://g-search3.alicdn.com/img/bao/uploaded/i4/i3/3666695254/O1CN019TvRi21ogO1yiLW1J_!!3666695254.jpg,//item.taobao.com/item.htm?id=954651096422&ns=1&abbucket=10&xxc=taobaoSearch&mi_id=0000gjhN9h89H86KelqC21yoaOXDrECs7djJbU1XBB1UDTY&skuId=5975427533213
1013252274118,POPMART 泡泡玛特 星星人怦然星动搪胶毛绒挂件盲盒手办潮流玩具,93.99,¥,,tb0673212314,嘟嘟潮玩店,回头客7万,500+人付款,江西 南昌,"店铺满799减10, 包邮",出售状态:现货 | 系列类型:联名系列 | 品牌:POP MART/泡泡玛特,http://g.search.alicdn.com/img/i4/3499666437/O1CN01TV0OAc1xQCasmvBgA_!!4611686018427382789-0-saturn_solar.jpg,http://click.simba.taobao.com/cc_im?p=%C5%DD%C5%DD%C2%EA%CC%D8&s=48512228&k=2413&e=OatLCMFPQNpnBpofNUnJMQjzNF3jsG9rR54IF%2FG5uB9OfiNAJsaiAK3%2BDBY8ATMebbeQjiFzFMtPWUJPRsHJGbsdwvw%2BNSN9UOds5cPFgBO6983X0cyWGwJVbUxACrHsIPc62V%2BHEgkSXZ58RNZZT6q9COOOgoQdFxM4CDhH92wEdUXJ0KOf%2FqcI4%2Bi%2B8XTcii3%2BQhCRvk9cDliSQ92hqQGSAQhqEYrrlTV7OcGbJqLBhTljR7YyNPfcG8hbnOze6TT16PEFCEA5M%2FDzegTPR8zyuSevIembaZOvxx0rYWZU%2FW%2F6B4X0XVXA8iUI7PH2HJjm7FhZi26g1nFG89SvMhA01LlM%2FihwWSM2uZJI8Y2TPiVcGKmRYF14OIII%2FFUIPUm15TjWyuTPcdRcNfH9OXAwjbqqKpDjhW%2FlNFEOgv%2F3xJk89WFr5FyYCi4S1l1z1Q9e0HayYHcJDCNtFVv5xdMaX6b7S%2FIBBqSStO7DnKMfnnvexuE9eKJ78EutNsa3wTMt6rSriYm2CjbGGA3fnusayI9IO6N9qdRx53dtCaZey0958d7d7zWpGKQcXrkFOKaxan%2BMcFOTc8Zp92KyLtXKjxwNGl2eJsQL%2FZVtNIc%2FpV4%2Fd7io7aID1Jd1W4alxoH5bXjoOjE0aTcplnsfxxJ07Emsd5FtnQfc22RrBm%2BeX2M1WS5rs1fEiiCv6LQMiTb8iiQcHc8i%2FFgbFEIY0QhETsfrQ8N%2FRqj2Gm%2B92wZGQPEE8QExVTSsjffhh%2F9ZJxp8PocRlW6txICrrKOciBAmZR0LUrYzKn81Bvt0o%2F1JQ2EC0XIfE9NUhadh4J%2F9TmChKZQ8gu7AdlThiCUTvsI4OB1S9DNsWJhlY8xGRGBv8mTcvX55YD1llB43huSVje76xeWAaQn7MK4lxJ73x0L0qRoO2%2BUfrz4UUwpddlG9YYwrEb%2FnwEG%2BHUFKPXFaZjxxhqfHOZ5ey0958d7d77LYWfONGStpdBXDGCAVPgMebZ03u7wp%2BtsuFtJgCx8xXBqyxRwaUUmfheKSqP5MKXzbdr0PQ1VdJROwnZw3TJ8W8PmcZsCN8k3szBIwyWuCsa8IfIhAWDPyr9bl5Cz8wPs7BEOfWx2ouwn0xXcT9g8HciBiHJ6XcV%2BFrinPriyLMrgeWlzSN1k3ffxZGgMOeBUYtrQgZTMijBQdgnaX7LQsjWzI%2FtmIcyvUiRroxuhHK0yOHu1yg9KwVZqxTMEGIN4btNHb9Y8SZc4TqzSRAquSg4lGXzoSturfuBFd0YfNgPe00ph3i4IGABOOQjxUgaO5l2f63u8S4uQtHUkuRRlboUS7c%2BOck5Nzxmn3YrIu1DuMJcP3N5JsHxjcO7rvtT%2BlXj93uKjt08P%2B8ievcbauDWd9vQY9DUcRnYzR5%2BGGmMgB6ClJJ%2F6rL2qCxNgbuDRpNymWex%2FHL%2BDahJD1puARHkHBEM0OR47IzwpnJ%2BTs5EefBqAFPKyJQqWwb5Gne%2BgqF%2BxjwusBMHIYmhNYUt9EUibtP9Ahc5pUYOISFVpUDNWv8vI3oGkCBrQj7kf9R1nUkZ1u%2BigdUWnBvxudXOwY%2B548bsRA5z%2BFtGpw7wxXEn3B6hs4jubBMYtolsJBL%2BR8IKOfACBTJxp8PocRlW5Oq0Ln4kRiBpnzUIlDEGjdSGBNSlu3XuoG47EXdmGZcBWc9QJklk6JAlVtTEAKsexTrrG4GabQ5R6BBps7AuBKRKFj0mLcq6zbWrts9M9wOaKqiMWcaoDZiYYgCeuiQ5YkQdTvUtLAm90aXKJPGeSUcLkXROdxTpZsyH0R%2FxLlypjTIFyCSCIy6tzkAff%2Fo82ztblPfOEc1dI15m4ZZ72PjhOXB92XGtSCPb5fCYVo43RyFnE4W9XZ6iQ4IIAoLncXtvPRbXE%2FgqOWuvsPbxpWky0n%2FXmxl0fhWCDcBZcCILlXjvwSHZ5PzDoq12Iyh64cRozRMSiMx15im4uaC24L8ZJa7vaUaHB5GVwq%2BzH%2FszmzMwUatyceq%2BIceVHNjvkXUd4miNbE%2BQP%2F%2FK5DjARSsH9Lc%2FiMzqVLgAtgm4OZfmzzwa1sIkFr2AeLMwzfcqf7epd6QHqzva31oGILpTX47Tw6dqXePpQTMpf4m%2FfA0fNEgCxhlLO44hZFbeFyqZgZg8IsoAHFVtt1PW3%2BOQEdCFLqMG9tT%2Fq3yvVM167iKkBoFSPyPv0TU2S5v7MksezbIA%2FBujr%2BflSruu2ZEg3FPldfFEoJYx8IdFflKM%2B2gZl4MtAnQ1F1hvpsh4BvN9i80JbZ437T70r7%2BVT1sAlvBuOxF3ZhmXBxJwisbm4EqDRsp2zX%2FcwwFS3SHdAM7xgRHkHBEM0OR68eXX7ZJ8v301kHVfOtw1iI1PmFpwRBRB%2F%2BqTJAh%2B%2B7WnM3hzfbgfM%3D&mm_sceneid=1_0_3499666437_0&a=xxc%3Dad_ztc%26mi_id%3D0000i8jX9zzdYk0EPyj4mKSGOyZouTt83QsQSxk_7M3OKIc%26skuId%3D6018135153349&id=1013252274118
963832594034,泡泡玛特星星人永生花束创意生日摆件情人节新年礼物送女朋友老婆,369,¥,券后价,tb036792182,Blossom繁花,,200+人付款,广东 佛山,"官方立减12%, 包邮",出售状态:现货 | 品牌:POP MART/泡泡玛特,https://g-search1.alicdn.com/img/bao/uploaded/i4/i4/2207453019661/O1CN01JwzMXk2LEnUxxXCIs_!!2207453019661.jpg,//item.taobao.com/item.htm?id=963832594034&ns=1&abbucket=10&xxc=taobaoSearch&mi_id=00006OMGaG9CDjOLzwu8TrIg-WFGHezPJlV2ZTUek3Snjcc&skuId=5979188256567
988657985222,POPMART泡泡玛特SKULLPANDA餐桌系列香氛挂饰盲盒家居礼物,129,¥,,泡泡玛特旗舰店,泡泡玛特旗舰店,回头客20万,2000+人付款,江苏 苏州,"退货宝, 包邮",款式类型:隐藏款 | 出售状态:现货 | 品牌:POP MART/泡泡玛特,https://g-search1.alicdn.com/img/bao/uploaded/i4/i3/2885348004/O1CN01iNsjf128ztEUfS0dw_!!4611686018427382436-0-item_pic.jpg,//detail.tmall.com/item.htm?id=988657985222&ns=1&abbucket=10&xxc=taobaoSearch&mi_id=0000bv-eoY8s8ikpTC1xsoi5YQuek_XwXqLVq47qiD-3iGs&skuId=5954515461827
985899834398,POPMART泡泡玛特共鸣JOJO的奇妙冒险黄金之风盲盒玩具手办礼物,79,¥,,泡泡玛特旗舰店,泡泡玛特旗舰店,回头客20万,4000+人付款,江苏 苏州,"热销爆款, 退货宝",款式类型:隐藏款 | 出售状态:现货 | 品牌:POP MART/泡泡玛特,https://g-search3.alicdn.com/img/bao/uploaded/i4/i3/2885348004/O1CN01PyhZb328ztEUFHRUp_!!4611686018427382436-0-item_pic.jpg,//detail.tmall.com/item.htm?id=985899834398&ns=1&abbucket=10&xxc=taobaoSearch&mi_id=0000Rg5aTlNsTR9iDKPf4g7Ea6n182ITpLMT_8LzvrojgfU&skuId=5948800816380
994594073694,POPMART泡泡玛特来自星星的礼物星星人盲盒手办永生花礼物摆件,199,¥,,肖寒1112,GRENLUS格琳露丝,8年老店,35人付款,湖北 武汉,包邮,出售状态:现货 | 品牌:POP MART/泡泡玛特,http://g.search3.alicdn.com/img/i3/124819861/O1CN01swEV3q2MiOisyWo5J_!!4611686018427386261-0-saturn_solar.jpg,http://click.simba.taobao.com/cc_im?p=%C5%DD%C5%DD%C2%EA%CC%D8&s=48512228&k=2361&e=5kT2OFx2D95nBpofNUnJMQjzNF3jsG9rR54IF%2FG5uB9OfiNAJsaiAK3%2BDBY8ATMebbeQjiFzFMsCp4yyKWl2TGs6%2FHO8%2BcgVuql16WofT1IjX5zDX%2BFjJwJVbUxACrHsIPc62V%2BHEgkSXZ58RNZZT6q9COOOgoQdFxM4CDhH92wEdUXJ0KOf%2FqcI4%2Bi%2B8XTcii3%2BQhCRvk9cDliSQ92hqQGSAQhqEYrrlTV7OcGbJqLBhTljR7YyNPfcG8hbnOze6TT16PEFCEA5M%2FDzegTPR8zyuSevIembaZOvxx0rYWZU%2FW%2F6B4X0XVXA8iUI7PH2HJjm7FhZi26g1nFG89SvMhA01LlM%2FihwWSM2uZJI8Y2TPiVcGKmRYF14OIII%2FFUIPUm15TjWyuTPcdRcNfH9OXAwjbqqKpDjhW%2FlNFEOgv%2F3xJk89WFr5FyYCi4S1l1z1Q9e0HayYHcJDCNtFVv5xdMaX6b7S%2FIBBqSStO7DnKNh4oXTCe3p5aJ78EutNsa3wTMt6rSriYm2CjbGGA3fnusayI9IO6N9AoSFzdRyU%2Ba%2B%2BAnab7hCbCy1kflA4J2qLLZW0wNhjk52uOA7dWoRMNNvvarfE0PcBWv78m076RPuckMbYKdq5ZTYIe%2BnDF9YPJwPfmYWNaVMWkL8I1Q3DuGEFNjI4sRocd6RH12Dmt4mBOEfxiKTkB4pQJuFaPD7dl1rLk1H785%2BL3KnDubw8yL5nj1vOF2U%2BkaMqoSDSGy8lNpCKaBrhppG1qu9J0IHx7MGLDQZD1se5n9Pzqqve4LW9nT60zJRPbRTkiJ%2BEAVetD8h2etE0DC152WgzteqU7d7xkwFPYBEKyxxjHR%2BlJ7U%2FO7e0Bf8e%2F5GzxZ7JfyZa8Bo7oy2cyQwAqMpp%2FZuqX4fOQOeaK4cZbTTE0r1uGskMxfOPnRPqJHuths1BUPQwCab7H5aPhOrjfSyiHY5x7MGLDQZD1uy2FnzjRkraZqwtsKsg1FtI19Bh6gZpgZSqXeyp4%2FnqHE2JRxBC%2F0E1DSFx9Txle0MdfCwVYYkN67DvBes474zFvD5nGbAjfJN7MwSMMlrgrGvCHyIQFgz8q%2FW5eQs%2FMD7OwRDn1sdqLsJ9MV3E%2FYPB3IgYhyel3Ffha4pz64sizK4Hlpc0jdZN338WRoDDngVGLa0IGUzIowUHYJ2l%2By0LI1syP7ZiHNGjzr7dE93GJoQcRgM1yZTsFWasUzBBiDeG7TR2%2FWPEmXOE6s0kQKrkoOJRl86Erbq37gRXdGHzYD3tNKYd4uCBgATjkI8VIGjuZdn%2Bt7vEsT53oKfFU48AJ%2BL1UyTae9TeJGvBgi4o7wLum6qo0iZReNjzhakCAiU36qIV7%2FrTdPwPib%2Bs9tkBSLVGiPxQBRmIEoI8mKRzOKyR94PqgMtLilVVV%2BBEDhMWkL8I1Q3DvVO2A66HLFx4DzKDBBWQaUsG5mztXSpkpW3wqbqTAlBDV2sWkIYdQiuo2DowEMNH8KM4DfrCCzC8JiVY4U92GQMnKf%2F5TQP1O7V95jXr8q4aIk%2BSEPgaLj%2FQIDfVpCCriEHMnJ%2BAtqVpGcycVqgAf1CQIZX2VdhOGpmp9yspXFn81P9suudJGPRrq2tV0Q6FcezBiw0GQ9bu5dRtUtYxVi%2BELurscitoNWYD0FJf%2By1x7MGLDQZD1tKRwST6MPVD%2BSSn1LWtFiwe7Rc4U1f7rke4G%2BJYMpqS6Y2NTFjb5KkF58uf84ZHNzJFXBqp7C9lAZ7Rj5NuyQSkWQBHESHREweDT%2FWxuv8WEIORwoeojKy7TxgSLAE8SjZ%2FaYPED78yEnHdQqG4PPv5vKiLLthwH2E5Yke5ie%2BHEWnG6yCGvCofvZ8Llfa7Owf6dbYsxMdljq2rGervf1c%2FwokvuAMXUEFM9WYTDL1sY7xrHH%2FlkWGQKjd8R1cwQFysgR1y7Wv27S5jILtMrl16FQeZKtOMii9PIF47fSbE5%2Ffg85g5vjMyEPj0aBTD%2BSUpKMDMgAwsLA2w5g%2FmVhwrfL6vjtY1RKXB%2B7x%2F0sdeL4ICCI%2FkHFbnO9ED4iq%2FKUSpVdfuxM1igeKGsjI9hHwBIl43RszemVzq3u5ekFm63v8O3wUIloIMIvSz3n0FJxKasKZkGlOAo2Ar8SLaMMGwjg4HVL0M2xYmGVjzEZEYG%2FyZNy9fnlgPWWUHjeG5JWN7vrF5YBpCfswriXEnvfH0KtezM39WIVcFzvT%2Bm9WtgAbBZ0k8LmgdV%2FyBG0%2Fpm2a4VUhZ%2FYTOxPOckP8c8wtvKXRu0Sew0C2p6IQ99axf5PGiRhuEFmVUvzemuuQRwnTWQdV863DWIjU%2BYWnBEFEH%2F6pMkCH77taczeHN9uB8w%3D%3D&mm_sceneid=1_0_124819861_0&a=xxc%3Dad_ztc%26mi_id%3D0000N-_YN_Rhhk5XQZYBAmiVkwATzpdphhDiyVup4_2-LRw%26skuId%3D6181631214881&id=994594073694
991846556119,现货POPMART泡泡玛特共鸣火影忍者疾风传系列大战晓组织主题手办,64,¥,,从音时尚,UNIQUE尾巴潮玩,,3000+人付款,湖南 长沙,"店铺满199减3, 48小时内发, 公益宝贝",ACG作品名:火影忍者 | 出售状态:现货 | 品牌:POP MART/泡泡玛特,https://g-search3.alicdn.com/img/bao/uploaded/i4/i1/2253572444/O1CN0189Lz3W1TvP5wLn2Vh_!!2253572444.jpg,//item.taobao.com/item.htm?id=991846556119&ns=1&abbucket=10&xxc=taobaoSearch&mi_id=00004NoVcqUtH0058PdlgaaSLx52ZkN4DZvIgKV7wky50ow&skuId=5959433688192
964947616776,POPMART泡泡玛特Twinkle星星人2代来自星星的礼物盲盒手办公仔,56,¥,,tb200207133,百分百TOYS,,300+人付款,辽宁 大连,公益宝贝,,https://gw.alicdn.com/imgextra/O1CN01jBfe6R1mpt29yhR4x_!!2201298825004-0-picasso.jpg,//item.taobao.com/item.htm?id=964947616776&ns=1&abbucket=10&xxc=taobaoSearch&mi_id=0000JkPEzG0PQx_iu8inm62MHKEn6E4nYQCz0KxZwkeB784&skuId=6124216567828
,,,,,,,,,,,,,
963858602480,POPMART泡泡玛特浪漫指尖4盲盒场景手办戒指盒情人节七夕礼物送人,30,¥,,tb200207133,百分百TOYS,,100+人付款,辽宁 大连,公益宝贝,,https://gw.alicdn.com/imgextra/O1CN01F4Xcwp1mpt2GGflD9_!!2201298825004-0-picasso.jpg,//item.taobao.com/item.htm?id=963858602480&ns=1&abbucket=10&xxc=taobaoSearch&mi_id=0000pmi1LmV5cYwBBb5slhuU4H5m0adObGNEURGEs4fVQMY&skuId=6069550586008
1014771756050,泡泡玛特星星人挪车电话牌高级感2026新款停车号码牌车载临时摞车,477,¥,,tb108932064956,萌车饰语 汽车内饰品,,59人付款,福建 福州,"官方立减12%, 淘金币已抵3.6元, 退货宝, 48小时内发, 包邮, 公益宝贝",材质:金属 | 款式:立体 | 风格:可爱 | 品牌:POP MART/泡泡玛特,https://gw.alicdn.com/imgextra/O1CN01WRMoIf2MctyJLpqjY_!!2219570419849-0-picasso.jpg,//item.taobao.com/item.htm?id=1014771756050&ns=1&abbucket=10&xxc=taobaoSearch&mi_id=0000VLmgJZi5sVrTp01dfVKXRN8Rhn3Xhqvkq1dxRhs-s-Y&skuId=6018956945798
952430937525,POPMART泡泡玛特Hirono小野玫瑰小王子系列永生花盲盒手办摆件,227,¥,券后价,肖寒1112,GRENLUS格琳露丝,8年老店,12人付款,湖北 武汉,"官方立减12%, 包邮",出售状态:现货 | 系列类型:联名系列 | 品牌:POP MART/泡泡玛特,http://g.search2.alicdn.com/img/i2/124819861/O1CN01tSQqws2MiOisr1Mtm_!!4611686018427386261-0-saturn_solar.jpg,http://click.simba.taobao.com/cc_im?p=%C5%DD%C5%DD%C2%EA%CC%D8&s=48512228&k=2369&e=Q6H1FzchsuVnBpofNUnJMQjzNF3jsG9rR54IF%2FG5uB9OfiNAJsaiAK3%2BDBY8ATMebbeQjiFzFMsCp4yyKWl2TGs6%2FHO8%2BcgVc1UXERuyKKkjX5zDX%2BFjJwJVbUxACrHsIPc62V%2BHEgkSXZ58RNZZT6q9COOOgoQdFxM4CDhH92wEdUXJ0KOf%2FqcI4%2Bi%2B8XTcii3%2BQhCRvk9cDliSQ92hqQGSAQhqEYrrlTV7OcGbJqLBhTljR7YyNPfcG8hbnOze6TT16PEFCEA5M%2FDzegTPR8zyuSevIembaZOvxx0rYWZU%2FW%2F6B4X0XVXA8iUI7PH2HJjm7FhZi26g1nFG89SvMhA01LlM%2FihwWSM2uZJI8Y2TPiVcGKmRYF14OIII%2FFUIPUm15TjWyuTPcdRcNfH9OXAwjbqqKpDjhW%2FlNFEOgv%2F3xJk89WFr5FyYCi4S1l1z1Q9e0HayYHcJDCNtFVv5xdMaX6b7S%2FIBBqSStO7DnKMfnnvexuE9eOgHFgorZSKvFULC1vLBk%2BgZUSu2u3ZaolP0eYepu%2BSL6woQZy9YYHkFMa0AA5W8A1Mz2C5Xhsxs8YVlAmYzhXzGxKNry6BZlPDqAOE239eFwS5gBeD3pQY1E5ZdW9odst2v4OdVeTNyLYVyNTZ9LpaBDHzF0%2BXTgQEnNNt0A0aBneSMD%2FdYRHpntAIQiwVJObmp3Vrr2qnvuM9iLwWNx9%2FkUZ4r8CDIlQlovpfn1tH0qaTw11NRzCRpKfB0MQYO%2Bf4Zk44UxVavsrj10HYYXQG%2FttWyJyFPXa0bUAM%2Bf%2FyZpx%2Fxml%2BF8omRYdR468u9VRoytNxX2M%2FsdIdxl6VptULoN1h5%2FtebByy1kflA4J2q6uKvRiiYzHVJuz2eWtx%2FMTCPNS3lRCVY2esMJsNiCqnfFj8XDU0Nlk3hHBNdj4imJ2oUmU5bZOIUMwwhhVk0BJGFscgIngAVtiDPLuHBg%2Bu%2FttWyJyFPXaRK5Wff6XhsXfyVEwuHgZNGAIFDrCIYxd%2FxbwvI52RWZSUN01%2B0pykstZH5QOCdqlBVCaBexWfCgvR6BPffozluiGyU84V2jm8CIv3BxsnTRZhXI2WNcpKderBJBXAv4bZwQd1xzMsdTT0kY4lV2vjGZnq55jSFxjLt2hb5P%2BphpBjx1Von8k8RGPsYoHc4whlkNLdtI%2BTD79BDnx77cNo%2FQ354LH7KgCLhVEN%2BnF1CRxoFJfBwjPZvux9p2i0ICTGeJ2PNFnimpzvZNu5NUKmMyNe0GrQyum4ZnwiOWYMrB5GbtPUjG5I2ctpAS90RrRIueQu6ErmIHXdJArmzDUtQB8mkEy2WXIy41dGy5hQn9Z%2FVzwnE1pxqBG%2BvUeYC8XM42z%2F1zdoZO%2BSd4Wd1AzvUG2ht7U%2FDqoO5UhGks%2FHWPQfCiXLpY%2Bcmg9F5dBAeD7cJHY8KUK1Kbmj6l1ps65CiHmc9FzFMjvoClxGaDrWMl1OWvIgEq08yC4q%2F5CPEFIoY%2BtZ3OB%2FoNFHiN3nHMHx9rMRdv%2F14yclSsqc4WjpW74SZQ82m9Xgcpa76iRbXpMHEsHCPP3WYkiaSfeofuSk722vGkIH5f4qbRPYsCS2Is7MvrQ%2FT2WoPExiyPTpmHhd6i3%2FVnBAxv7bVsichT12n7onjwycqkTVJB1EXlI%2Bzr3ArrhgFhqS%2FttWyJyFPXUHK8moY03fgRh7klfqCthc0MCIJuTun8VkPlKny78DbwhVNDUiq1ovsEGPinVY7z95%2FZ9siRJlWJ7DauLoNZ3JyPzl%2B5ajt2k%2B7EBBl12bjc9EIPzabdL6%2F%2F68fQcDNtXrrGxyhBh3K3b9hV2TZpMgkcPbbx6R36hqkGl%2F5YrqGWtnPMQ9Qyxa95WlplzIpq4QjtojFz2SSfhSJVycdHpRhi0Fx9fbMvfBb3gHOmfCUHSS7HhevOxOyyKkR8A1M%2By9qQf9QO%2FpCTRbupeB8RRx%2BRQeEUj0TYo2AEoSA%2BxUes66dhGcxp4ZRhCfDBYQITSjaJP2BUCu1r4%2BdwC9n67TI7qB7jLJg4J39ucO7E8Vyn%2FDOxUOKfra4KIR4DqxiN5Se7zwqhdfdn2dwTQsyNq3QqIcGBtkb6Up2vUfp68QzJFGL6Qk9fW4U9yf93cd2%2FLJxF7AcaGpD%2BE6OpVg7v0pR%2Fw23jxbW78ixVXnlfztkHdJHNjoI%2BoekKFepXzYgpQFgaLLiHHx3yA%2BAXrNBtAUWyW19LKdbb9kLS2yIyAAjaGq7o3Bg0sfLyq6PSzdWQaui3saTetvPQPPKmlHNIKW0xRpGcK8PkvDqAOE239eFu7GchK%2BBDUsPESGh0YCj2UIu5I90%2FLwlYuescYZHIWuJQqWwb5Gne9Ju9Hsh2D9Z&mm_sceneid=1_0_124819861_0&a=xxc%3Dad_ztc%26mi_id%3D0000mkXub_pKFrdG7cYfyOLqpvMbt-FbaV5lLdqYcyCA3u8%26skuId%3D6036955707489&id=952430937525
1012824854460,POPMART泡泡玛特星星人怦然星动系列毛绒手办盲盒玩具摆件送礼物,148.86,¥,券后价,tb921845693829,HAHA TOY,回头客2万,200+人付款,广东 广州,"店铺满10减1, 48小时内发, 包邮, 公益宝贝",款式类型:隐藏款 | 出售状态:代购 | 系列类型:联名系列 | 品牌:POP MART/泡泡玛特,https://g-search1.alicdn.com/img/bao/uploaded/i4/i4/2218830346951/O1CN01MiMQlY21DcAkA9F3O_!!2218830346951.png,//item.taobao.com/item.htm?id=1012824854460&ns=1&abbucket=10&xxc=taobaoSearch&mi_id=0000ViyG74ribxA4k1b8RwdmmPcuT3fP2MD3ZqIIISoK3CA&skuId=6182289923614
871585223031,POPMART泡泡玛特HACIPUPU动物贴贴系列手办盲盒玩具礼物毛绒摆件,78,¥,首单价,谭梓琳lin,欧巴手办盲盒,回头客8万,3000+人付款,广东 佛山,"直降3元, 店铺满500减5, 48小时内发, 包邮, 酷动城",出售状态:现货 | 品牌:POP MART/泡泡玛特,https://g-search3.alicdn.com/img/bao/uploaded/i4/i4/2580405343/O1CN01RSEhdE1pL9CmCj0Ht_!!2580405343.png,//item.taobao.com/item.htm?id=871585223031&ns=1&abbucket=10&xxc=taobaoSearch&mi_id=0000C0EyhtuPF22cPoH1HNADO2jLjYxFVjx1VMZL41x4pgs&skuId=5703970636583
897089612465,POPMART泡泡玛特 DIMOO迪士尼联名系列盲盒手办潮玩可爱摆件礼物,56,¥,首单价,谭梓琳lin,欧巴手办盲盒,回头客8万,3000+人付款,广东 佛山,"直降4元, 店铺满500减5, 48小时内发, 包邮, 酷动城",出售状态:现货 | 款式特点:静态 | 品牌:POP MART/泡泡玛特,https://g-search3.alicdn.com/img/bao/uploaded/i4/i2/2580405343/O1CN01vjIQOg1pL9DidxcXm_!!2580405343.png,//item.taobao.com/item.htm?id=897089612465&ns=1&abbucket=10&xxc=taobaoSearch&mi_id=0000Q-8q6bk6-CPUXyrwI8HGZGARdNXfFXLsPnQ3M2eSPw8&skuId=5750150760275
929747889529,POPMART泡泡玛特星星人随行杯暖壶杯吸管杯双杯礼盒,185,¥,,菲玩捕客的秘密,菲玩捕客的秘密,,7人付款,广东 广州,包邮,出售状态:现货 | 系列类型:联名系列 | 品牌:POP MART/泡泡玛特,http://g.search3.alicdn.com/img/i3/7656947776/O1CN01KbxeGx27JSvJixCbZ_!!4611686018427379776-0-saturn_solar.jpg,http://click.simba.taobao.com/cc_im?p=%C5%DD%C5%DD%C2%EA%CC%D8&s=48512228&k=2413&e=JyqrPxnkVoNnBpofNUnJMQjzNF3jsG9rR54IF%2FG5uB9OfiNAJsaiAK3%2BDBY8ATMebbeQjiFzFMt2nfka%2F%2FbaRyGzzlrfzAnzNkpJTY%2BTBDMjX5zDX%2BFjJwJVbUxACrHsIPc62V%2BHEgkSXZ58RNZZT6q9COOOgoQdFxM4CDhH92wEdUXJ0KOf%2FqcI4%2Bi%2B8XTcii3%2BQhCRvk9cDliSQ92hqQGSAQhqEYrrlTV7OcGbJqLBhTljR7YyNPfcG8hbnOze6TT16PEFCEA5M%2FDzegTPR8zyuSevIembaZOvxx0rYWZU%2FW%2F6B4X0XVXA8iUI7PH2HJjm7FhZi26g1nFG89SvMhA01LlM%2FihwWSM2uZJI8Y2TPiVcGKmRYF14OIII%2FFUIPUm15TjWyuTPcdRcNfH9OXAwjbqqKpDjhW%2FlNFEOgv%2F3xJk89WFr5FyYCi4S1l1z1Q9e0HayYHcJDCNtFVv5xdMaX6b7S%2FIBBqSStO7DnKMfnnvexuE9eIsfrOCwSUybwLoVptJd7HkZUSu2u3ZaolP0eYepu%2BSL6woQZy9YYHkFMa0AA5W8A967HQQ3N8vKL2pZ4UdCZxBTYvjdXuOgIkq8%2FG8lxERKUjzDc0VKVi0wHhNB2tkbwz8wTgu1eClSyGNCV7q2WxWNuMYdUivBlbleKQ9ccOpB%2FdxnyllL7aFupMYX5SgKYFKOpw%2BQdj45Seyl1c35YAPkUZ4r8CDIlQlovpfn1tH0qaTw11NRzCRpKfB0MQYO%2Bf4Zk44UxVavsrj10HYYXQGH5OIOe1WNNep4SCQpb2OfQiQoDFSQFG4afbU6R15S8Ea6Lg7pq9xYuJVm44PyYIToN1h5%2FtebB3ufW8h6gt5ZTdV%2FMJ2LBYnP1g0op%2B2IUTO%2BtS2LTMD4la74PP%2F7BNFbVeNmt3kCAZqnYA%2BTQLdeq1kqbTa2Auh1MXtsOlVLNaZALxJs2Qwu0jXmbhlnvY%2B8B8yJiS9NzjAp0cwr7v7FUFNT6pnOhSIlxJxkXhOzx1N76UcNZo%2B%2F9lI6mcYOeCvor7Gr2cvTH8uaUIWnf8TgSh4oNh61B1PuFbnD%2BWb7BB8UQTp%2FKWlVwuRZSkJLf6SJDnnrfFS7dSXjzhqZx%2FRng2xuKeALpjuBygkWd6Nb9hFiY94hqF0QEKtqJe3yxwo0XCpF8T6OelaFaqKk7dLh%2F87sOF9YooohOp76IckRlkwtOn9V5mK34dwNw5BDOQlaQl4yKLFXSVQj49vxdUWXcb3b4eSwmTc0MNGIO5as5UCpQTfR5Pi7d1KNgvpUmTL%2BtL2oL%2BSdwdTcU2570jEklYxFoARLcp5m6eP%2FyS43CY24xh1SK8GVuV4pD1xw6kH93GfKWUvtoW6kxhflKApgUo6nD5B2Pjl6efDPFm6C3dVPU%2Fk5s4gxnnuhMvrkFE9jFnXDn2hOm6a7Y5cF2ge6YhaQrWTfKi4tnfbgaMf1RGaqbzCY%2BmuB9n0MLOmB%2FTOmsuDQMH0WXm9aQs%2FCMiQsKgF9fAOGxHE0%2BkYQBNCmzwfPQlF3S1Fe7YZ6wq2661RLcvCN3eBtDc9CHpL%2FwZU1TvrjQgh9kq0L73POCczIWMFiX2VofHiW4S1uhzHjAOaBxPNFDZ3NvpFYqIu%2FeMoki9zIzzW%2B%2BWtZ1eFMxyEUxyXTHtXiLOYB%2BJbganYqlvXdSBgYMY%2F1V1nV4UzHIRTHUwYHbnRNJL5nt8mqaSerWgJ1XrBAg0XZEz3nU1hXNNJZOAIp3z7bYDrI4AbL6hhe2OFLhQIq3txrO9Mk6E7FaO6CMYqCqR5uGyGfZXlFwbFvXJ6v3wNm0TXsoYJ7pHMOTv5Is%2FijQG9KL7LBhm%2Fmu%2FNRSau59KKtwdrPFNueMb8d54kt5Oj1FUOKihecFj7%2Fx1GMETrnJyWsq0DKE44ja0TKS%2FE%2FBgHrh4QxnP4%2BHADRRN%2BJgqK8xQht12ICn7UrwlGFfbJFPLDxU70uYr0WYykdPuUtJza8Mk7RdHsLUGNDj%2B0kVzAKLPwzAZxOd93ca0N0v46pZFEbHPGUSRNTu0DOB5L1sjsH1UXnz1TAWC9%2FbhkI1L2FbtOhKx5fNjjoB7eS5n7mrXm6eSdV0FCu75jIAegpSSf%2BldA%2BSVMuZhBeQ9e0IIgaj9YMmm%2FFnQdGW8gz2NG%2BghEddqrkkPAAP8PGL3yCzwAfTtduKFosAwTyhB0fItuTUCS%2B6hwWW9Fqykj7OSyKu1Q5uK8SiKlftlW4w2RO4RF7Gp3%2B5zxSTSbe61WD6i9sw5pkjbT%2F%2F4puiGifNPMbiFKxZGLH3WOyL%2BYWlsHUMysMVf46aBUsptRaoeibjVZZXqaDi4bD3o%2BkmLnLZY39L7jD1sDLzVGnODSu22SQKKa44uOz%2FmS2Mu2Fv%2FcSZRNGFA1drFpCGHUInex2B0kO5JM%3D&mm_sceneid=1_0_7656947776_0&a=xxc%3Dad_ztc%26mi_id%3D0000Ucv6KV_dCEF_t-haAtRSMRReSZtaSedJN7FETWfFPo8%26skuId%3D5980966148814&id=929747889529
968453864504,POPMART泡泡玛特星星人怦然星动系列毛绒手办盲盒玩具摆件礼物,147.73,¥,券后价,卢什大可乐,XLL TOY大号玩具,回头客3万,900+人付款,广东 广州,包邮,款式类型:隐藏款 | 出售状态:现货 | 系列类型:联名系列 | 品牌:POP MART/泡泡玛特,https://g-search1.alicdn.com/img/bao/uploaded/i4/i1/854130513/O1CN01SKPl591Ff0IfHzL7h_!!854130513.jpg,//item.taobao.com/item.htm?id=968453864504&ns=1&abbucket=10&xxc=taobaoSearch&mi_id=0000YDaxwKUsusDRNvmvMX6XI6KMAiJkJ910Gplq-ysxhLI&skuId=6181697814622
965138311671,POPMART泡泡玛特LABUBU凌晨一点系列手办盲盒潮玩公仔礼物摆件,69,¥,,tb7445538986,SUN TOY,,100+人付款,广东 广州,"店铺满199减3, 24小时内发, 包邮",款式类型:端盒 | 出售状态:全款预售 | 品牌:POP MART/泡泡玛特,https://g-search3.alicdn.com/img/bao/uploaded/i4/i4/2211802957652/O1CN01RjQZar26OfndK9N89_!!4611686018427381588-0-item_pic.jpg,//item.taobao.com/item.htm?id=965138311671&ns=1&abbucket=10&xxc=taobaoSearch&mi_id=0000jX2zOqS48Ilq_Rwemid7feJty7bNRRaxYIv8cG7oVd8&skuId=5969383232005
1007834776093,POPMART泡泡玛特DIMOO限定时光系列手办盲盒玩具摆件礼物,49,¥,,lang36056171,JJ潮玩,,100+人付款,上海,包邮,出售状态:现货 | 品牌:POP MART/泡泡玛特,"https://g-search3.alicdn.com/img/bao/uploaded/i4/i2/1593159956/O1CN01cLqeiU2NPuLQBqleF~crop,93,0,579,579~_!!1593159956.png",//item.taobao.com/item.htm?id=1007834776093&ns=1&abbucket=10&xxc=taobaoSearch&mi_id=0000cMllMPBqa-9j0ugFF_4yMmwvzaX3UfHCvRKeKKoSP20&skuId=6002121472377
961666531091,POPMART泡泡玛特守望先锋 全场zui佳系列盲盒玩具桌面摆件手办礼,59,¥,券后价,tb160998713,SP正版盲盒店,回头客10万,200+人付款,浙江 台州,"店铺满39减5, 48小时内发, 包邮",出售状态:全款预售 | 系列类型:联名系列 | 品牌:POP MART/泡泡玛特,https://g-search1.alicdn.com/img/bao/uploaded/i4/i2/2208399554429/O1CN01pEFzJo1iaXI9LC6s8_!!2208399554429.png,//item.taobao.com/item.htm?id=961666531091&ns=1&abbucket=10&xxc=taobaoSearch&mi_id=0000_rta40Us2LU2wcKtemWbdYCUdwGvlXj0ZNfyURJq_Ac&skuId=6177220074129
962010528808,正版泡泡玛特ZIMOMO拉布布大天使大首领十周年搪胶毛绒58CM公仔,2530.8,¥,券后价,wqjcxw,JUMP潮玩正版店,,17人付款,浙江 杭州,包邮,出售状态:现货 | 系列类型:联名系列 | 品牌:POP MART/泡泡玛特,http://g.search2.alicdn.com/img/i2/120978104/O1CN01oiNSmd29jgmtOdF26_!!4611686018427386552-0-saturn_solar.jpg,http://click.simba.taobao.com/cc_im?p=%C5%DD%C5%DD%C2%EA%CC%D8&s=48512228&k=2369&e=fXVs3zIpDPNnBpofNUnJMQjzNF3jsG9rR54IF%2FG5uB9OfiNAJsaiAK3%2BDBY8ATMebbeQjiFzFMtLB%2FBe5MnD111k%2BU5q9WGNkY6sfjoPeR4jX5zDX%2BFjJwJVbUxACrHsIPc62V%2BHEgkSXZ58RNZZT6q9COOOgoQdFxM4CDhH92wEdUXJ0KOf%2FqcI4%2Bi%2B8XTcii3%2BQhCRvk9cDliSQ92hqQGSAQhqEYrrlTV7OcGbJqLBhTljR7YyNPfcG8hbnOze6TT16PEFCEA5M%2FDzegTPR8zyuSevIembaZOvxx0rYWZU%2FW%2F6B4X0XVXA8iUI7PH2HJjm7FhZi26g1nFG89SvMhA01LlM%2FihwWSM2uZJI8Y2TPiVcGKmRYF14OIII%2FFUIPUm15TjWyuTPcdRcNfH9OXAwjbqqKpDjhW%2FlNFEOgv%2F3xJk89WFr5FyYCi4S1l1z1Q9e0HayYHcJDCNtFVv5xbMQui3DwCd7zOSUrES9NvwEeDg%2BsoFMJRNCsN0%2FNef6jip52awRBkzddz9gkDPZ1%2B81J4PxKOm3hxEH8R41p34UqETst91Rufi5HTd7xwsPTytnAC%2Bi9OQaz9PS2GJdzC2ovuHIJC36XpZ8nJ0DuQl3dHXzkW65FGyfEWIT2zIQXzEeUpp68lfYIAC6cItT6rVYTjbduANQ9Ay8p0EHAIGT%2BLV0DaZ5XqOwo1ZJdJiypHADjrBikd5Ib8mh4maOlN3dDnhatAs%2Fp6wTk%2B9yrTSyTcuVtZ8l0B1KJqMfl5yJJogZJlNbZXblJPWgYAAN0Io%2F6%2FOuZvECddC4YanesZQ68gn5WkIH7z%2BNpl%2F6hveymAkiQtI830X9azzapSvWzz4M9t%2FSX3k6ZUndXeO2oz97%2FkbPFnsl%2FJlrwGjujLZzJDACoymn9m6pfh85A55orhxltNMTSvW4ayQzF84%2BdE%2Boke62GzUFQ9DAJpvsflo%2B7IUksZ3Ae1tFbrAX2Yt24avgz%2Fl5qoOz6VEG16AASBW729qZHT159H6WK6SE0dU%2BKkSQyCbCANdwZI%2BNZ8IZyRuyEjMqFRCr%2BgPC1IQgep6d7cQANjZYfR8sP7hrcA3oJ2Uj%2FwsEOJkHYS9Xgx%2BNTOrN5meQ1p9MNxIRgYBPV1LKF6gsmpJZPbUyRpa3Y1sK3hYq3QybFFby%2F4GSpKAbSLiQCRZPzYyh9TYWOiwkGE36AUzV7NtqNycSacIqF02UdHqHgkYTMohcG8UTtQ9t%2B%2Fk24hRaraz5Y6vKKJzl8YWSYuSWdtdsE6pHb6Dw%2Fb2SIHgEiq4qRzvuLkTDAmbnhINVZowmPEvhSxHpg2LQsfLa4UnmXWtF4LkAAOmuGVgGgNugpAXxZJXsaVuKvVnkEbPhoSLVALnoXQEY4NhKRIs43hKowIWkIlHSjU9NlAEbmMgB6ClJJ%2F6rL2qCxNgbuC2ovuHIJC365gM7lRZd52hWwq%2BzL1mMgnyvwTsa2OiX5EefBqAFPKyJQqWwb5Gne%2BgqF%2BxjwusBMHIYmhNYUt9EUibtP9Ahc5pUYOISFVpU6OvA6%2FxNB8bkKtefyxiPa%2Fd2BYOAY39WZLyC5DXFBqYfFLW%2F%2BIRLLrQlkt1xLA16zRc01srK94GlGkhKnMC5hZRizYt8E5dL%2BLkdN3vHCw9IVyBdMgklepnzUIlDEGjdSGBNSlu3XurlJPWgYAAN0I8rEH1nlm5pAlVtTEAKsexTrrG4GabQ5R6BBps7AuBKRKFj0mLcq6zbWrts9M9wOaKqiMWcaoDZBU%2BRev1Qjf5DiUKXNkqifG9cnq%2FfA2bRNeyhgnukcw4gklZKkD8J4RMtxXfyLdevGnIdNjofXu03o6aqKIzNCuPwtoZdAMSKMsy3JmWOcLXqJDgggCgudxe289FtcT%2BCo5a6%2Bw9vGlamcaSQL%2Fero%2BFYINwFlwIguVeO%2FBIdnk%2FMOirXYjKHrrAy7LDjVwBZXmKbi5oLbgv5suUatzpJxHkZXCr7Mf%2BzObMzBRq3Jx6r4hx5Uc2O%2BRdR3iaI1sT5A%2F%2F8rkOMBFKwf0tz%2BIzOpUuAC2Cbg5l%2BbPPBrWwiQWvYB4szDN9yp%2Ft6l3pAerO9rfWgYgulNfjtPDp2pd4%2BlHc65wzjvqE480SALGGUs7jiFkVt4XKpmKdR4biACHSPcGSPjWfCGcn%2FB75nZnk6PLfK9UzXruIqQGgVI%2FI%2B%2FRNTZLm%2FsySx7NsgD8G6Ov5%2BVKu67ZkSDcUqtvfxDS%2BF07bxhRu1TMBvGBRCY9IxYvKiERPz%2BobHhfxA7UKBQ1j1pzBZ%2B6zfG%2Fe0xRpGcK8PkjKUmlpg3EPOQ74WQLu6G%2F7zIlKelr9CcJ11HM4E3dieYuescYZHIWuJQqWwb5Gne9Ju9Hsh2D9Z&mm_sceneid=1_0_120978104_0&a=xxc%3Dad_ztc%26mi_id%3D0000m6VX7TVKL8HcHxXtUkFOengbKrj5bSmWNEd_pGsphnQ%26skuId%3D5991520476769&id=962010528808
986329702477,正版POPMART泡泡玛特共鸣JOJO的奇妙冒险手办黄金之风盲盒礼物,69,¥,券后价,amiibo商店,萌次元,,1000+人付款,广东 广州,"店铺满15减10, 48小时内发, 包邮",款式类型:隐藏款 | 出售状态:现货 | ACG作品名:JOJO的奇妙冒险 | 品牌:POP MART/泡泡玛特,https://gw.alicdn.com/imgextra/O1CN014SoSGa1FDWW9DKEx2_!!2212916590453-0-picasso.jpg,//item.taobao.com/item.htm?id=986329702477&ns=1&abbucket=10&xxc=taobaoSearch&mi_id=00006fMnouvCoLYcuJfrJeZFNu8jl58DcDEdHPPTahVLBXQ&skuId=5949493664672
925066851611,现货POPMART泡泡玛特DIMOO限定时光系列发光沙漏水晶球盲盒周边,24.99,¥,,从音时尚,UNIQUE尾巴潮玩,,1000+人付款,湖南 长沙,"店铺满199减3, 48小时内发, 公益宝贝",出售状态:现货 | 品牌:POP MART/泡泡玛特,https://g-search1.alicdn.com/img/bao/uploaded/i4/i1/2253572444/O1CN01eIJ7bB1TvP67zhWcq_!!2253572444.jpg,//item.taobao.com/item.htm?id=925066851611&ns=1&abbucket=10&xxc=taobaoSearch&mi_id=0000E5tIa-oyMVXVMuPw4tSX1kh-b9StPv976oOJB9wL-eo&skuId=6031129028537
962326877193,POPMART泡泡玛特MOLLY × 疯狂动物城联名系列手办盲盒礼物,69,¥,,泡泡玛特旗舰店,泡泡玛特旗舰店,回头客20万,1万+人付款,江苏 苏州,退货宝,款式类型:隐藏款 | 出售状态:现货 | 品牌:POP MART/泡泡玛特,https://g-search3.alicdn.com/img/bao/uploaded/i4/i3/2885348004/O1CN01a4f9bk28ztETq9F47_!!4611686018427382436-0-item_pic.jpg,//detail.tmall.com/item.htm?id=962326877193&ns=1&abbucket=10&xxc=taobaoSearch&mi_id=0000wM6Hm59465mpRKWI_CHhchtblYmdc8EWbpesiuiNFso&skuId=5946224513596
802217676592,POPMART泡泡玛特正品 ZIMOMO大首领大天使搪胶毛绒公仔,449,¥,券后价,tb621562613,MMV TOY,,500+人付款,广东 惠州,"店铺满599减3, 退货宝, 包邮, 公益宝贝",出售状态:现货 | 系列类型:联名系列 | 品牌:POP MART/泡泡玛特,http://g.search.alicdn.com/img/O1CN01PDYO5P1jktrmds2N0_!!4611686018427384779-0-item_pic.jpg,http://click.simba.taobao.com/cc_im?p=%C5%DD%C5%DD%C2%EA%CC%D8&s=48512228&k=2393&e=y60pTCMppolnBpofNUnJMQjzNF3jsG9rR54IF%2FG5uB9OfiNAJsaiAK3%2BDBY8ATMebbeQjiFzFMs3DSyubjqXSfVQZZuUJlXgJ7pCSfYUIAG6983X0cyWGwJVbUxACrHsIPc62V%2BHEgkSXZ58RNZZT6q9COOOgoQdFxM4CDhH92wEdUXJ0KOf%2FqcI4%2Bi%2B8XTcii3%2BQhCRvk9cDliSQ92hqQGSAQhqEYrrlTV7OcGbJqLBhTljR7YyNPfcG8hbnOze6TT16PEFCEA5M%2FDzegTPR8zyuSevIembaZOvxx0rYWZU%2FW%2F6B4X0XVXA8iUI7PH2HJjm7FhZi26g1nFG89SvMhA01LlM%2FihwWSM2uZJI8Y2TPiVcGKmRYF14OIII%2FFUIPUm15TjWyuTPcdRcNfH9OXAwjbqqKpDjhW%2FlNFEOgv%2F3xJk89WFr5FyYCi4S1l1z1Q9e0HayYHcJDCNtFVv5xdMaX6b7S%2FIBBqSStO7DnKMfnnvexuE9eKJ78EutNsa3wTMt6rSriYm2CjbGGA3fnusayI9IO6N9jDSFOS9V4OAoNGkYnL7or9%2BAjOwNexLqhEfVE7CJLtVZzHEExI8ivJxasOO9UlFmPfekpWTrvdrMTSKOr4SuLAnxKl40q8mbKBzHKo78qN6DMp1q4rV788lqd0nqK0ynyDulp5BGvn1pzMHJOiRNfZLyBSC5eEvm%2BEW50ZEHW97b2pmSUlEP4oFpNQI5g1K1IvxYGxRCGNE5WvGsBSDctv2cCGXracUBKDRpGJy%2B6K8TvHszLrMb2tG6llmCtCDcvUOfFfyj2EmfW4WrPp38%2Fc08nNEQamTOscQUI7TqTRpaDS9fmaB2GfKEHR8i25NQJL7qHBZb0WrKSPs5LIq7VDm4rxKIqV%2B2VbjDZE7hEXsanf7nPFJNJt7rVYPqL2zDmmSNtP%2F%2Fim6IaJ808xuIUtEQfODx1N0nYr0PGfTwhl3Pve5ZoACMEEXNCZdQLtQs2cevb9lo7%2FYbe5NFeEJLZwS7ih3ZZwAvNwI6fXlH4kPVyrJsj2%2F7M%2FC7T2mCwwNU%2FTV5d5rfwtkyWPjHXPCunbVhPaME7MrHjz3mZBx1g6QmUAyJhLvxcRqcSbYgIpNRbWFMPANHPFgNYa1Yipp%2BoNVHoRTcim1%2FnVUt7f9o9UqHAzhF7ci029ThOY%2FhtkunRU%2F6SY93mesUdzSZXlKtJoIyaAKpsc1BI7BaTFhVgt0R3WWvksPGcqw9bWq243qpJGO3AWqlcoUYTgrqGpVrOUCU5h23h2hop06wxughU4xiaLzrUE%2BaUK5Q8nN7ArMIZ2szO4IXIOnsfJ7PI2vgo53qLI650gQew%2FqXS2Qqbl1ZMvkJU9ZjMrxh3AHmxoCfvTq83DWxVe%2Fcf6K7KgmSia3FyaKTnTD6UVpV3J7rJeBkpox6NTxo55CooW9aRPSo9NVJYDyf4StpzMHJOiRNfdsV%2F5vSn5uuO5yKdZlDVSSH7lrRcPEh2sjCxhMmYXPdbC8m%2BMDZP1fq2W3lCTHg6CsW9fIc8EsbbJg2nRQbZbjEoOuxz6nYz701WS1KIAY3oPwH9RTMS5GQP6c2gZzdmUmLQ9Tir%2BHNuQ2ze6ME%2FelldOtUyXtdT2N89aIAm%2ByDB%2Bpyf5lVtPcuMTbgEa600Pe9rrQuWBBtY3z1ogCb7IMH6nJ%2FmVW09zOy%2FLg1HqjAyKC6V9k69hoPxjL2KqDfoyaPoAfb4X1sHK5yQeaC%2BS%2FzcnzKAke3Emej%2FY8vEaHWZcdE9lQl94YpHVwqFNMlANl9gOiTnfT8QoGOiKmcAljlZGTpYcAjZysORbRUwLBQr3WplSDd99k%2Fv3b3aPKTW02HWMZg3BxsQELG99jPyW%2FnqJJ86oxtnRUiUBGmxe7RHg0%2F1sbr%2FFi7oID%2F9X21Ff8tANDYB31J0qtqGyexnVli9vY7bVwWS4%2FLaSBrJdkiTBuTpb07e2%2BhSdRzZ8IYyD6i5YR3QKLxPbE5B5pYppWKvMfoqIxacNwN6U8TC9kAE8e8G6mxATCgXGxVX7SIfgygYqVE9n1BjsVHrMcQy6IW2KkjvUmDqP6Abs596GEbl0t2%2BEL4fai5dKXhPm60v8sERMVFXGXWXuqkjv%2FrA0LAXt4S8AeJJCg8O%2FeGrZyec%2FBjnPFC%2FVv5BkrvGnH1p8h9869Ez5rTt8r1TNeu4ipAaBUj8j79E1Nkub%2BzJLHs2yAPwbo6%2Fn5Uq7rtmRINxT5XXxRKCWMfCHRX5SjPtoGZeDLQJ0NRdYb6bIeAbzfYygRVf%2FAVM5BNOwPVSaxZ9QdAcL6fExAcK%2BwXgb4vvlOXswMoW3dTPilg9FCVT1mL9Xg4DmtMQ5u7d8amwqOcMsf%2Fm%2FAqfQH7MguKv%2BQjxBSQYkcruWdJvQ%3D%3D&mm_sceneid=1_0_6575436378_0&a=xxc%3Dad_ztc%26mi_id%3D0000HnUTiq7KiLUPuclAPKXv8yGB2YXLIdE_a_pz4B-Pdjc%26skuId%3D6121102159168&id=802217676592
920598335669,泡泡玛特拉布布THE MONSTERS怪味便利店香氛盲盒LABUBU礼物,774,¥,,泡泡玛特旗舰店,泡泡玛特旗舰店,回头客20万,1万+人付款,广东 惠州,"热销爆款, 退货宝, 包邮",款式类型:隐藏款 | 出售状态:现货 | 品牌:POP MART/泡泡玛特 | 商品状态:全新未拆封,https://g-search2.alicdn.com/img/bao/uploaded/i4/i3/2885348004/O1CN01PEJfVD28ztEUOLIDR_!!4611686018427382436-0-item_pic.jpg,//detail.tmall.com/item.htm?id=920598335669&ns=1&abbucket=10&xxc=taobaoSearch&mi_id=0000-0QOX1wr98iSBIpGEcD2FZGoB7_U7oZkSrPRzP6Iw4U&skuId=5824373528196
960295381941,POPMART泡泡玛特SKULLPANDA新品sp11代庭前墨梅系列盲盒礼物摆件,36,¥,首单价,谭梓琳lin,欧巴手办盲盒,回头客8万,1000+人付款,广东 佛山,"直降4元, 店铺满500减5, 48小时内发, 包邮, 酷动城",出售状态:现货 | 款式特点:静态 | 品牌:POP MART/泡泡玛特,https://g-search2.alicdn.com/img/bao/uploaded/i4/i1/2580405343/O1CN01aYoMBz1pL9BKBt64E_!!2580405343.jpg,//item.taobao.com/item.htm?id=960295381941&ns=1&abbucket=10&xxc=taobaoSearch&mi_id=0000CNHFNakLjBed-jBpTaXn6HbPfpjt8z2n24Yiqp-KRfY&skuId=5138009360682
843101872992,POPMART泡泡玛特MOLLY面包脑袋系列手办盲盒玩具摆件潮流时尚礼物,49,¥,首单价,谭梓琳lin,欧巴手办盲盒,回头客8万,3000+人付款,广东 佛山,"直降6元, 店铺满500减5, 48小时内发, 包邮, 酷动城",出售状态:现货 | 系列类型:联名系列 | 款式特点:静态 | 品牌:POP MART/泡泡玛特,https://g-search2.alicdn.com/img/bao/uploaded/i4/i4/2580405343/O1CN018gYpcy1pL9BHp3v6d_!!2580405343.jpg,//item.taobao.com/item.htm?id=843101872992&ns=1&abbucket=10&xxc=taobaoSearch&mi_id=0000iN0LFvzxBCf_Gvi9NaqTOoEwCIDLRQ5e8oaSGZSWmbw&skuId=5783433798242
1012584791451,POPMART泡泡玛特 星星人新品怦然星动系列手办盲盒玩具摆件礼物,71,¥,,帅帅的阿冬美美的你,三心潮玩 只卖正品,,300+人付款,浙江 杭州," 3期, 店铺满70减2, 48小时内发, 包邮, 公益宝贝",款式类型:隐藏款 | 出售状态:现货 | 品牌:POP MART/泡泡玛特,https://g-search2.alicdn.com/img/bao/uploaded/i4/i2/2965799936/O1CN01XGDNbd2NGkQZsiEXk_!!2965799936.png,//item.taobao.com/item.htm?id=1012584791451&ns=1&abbucket=10&xxc=taobaoSearch&mi_id=0000exMIi_U9PSTIxBq_Mv6LAIXt3KhPY7zZo9_DcjKFCfc&skuId=6182522550578
967560708788,POPMART泡泡玛特123！星星人系列迷你包挂件盲盒礼物,69,¥,,泡泡玛特旗舰店,泡泡玛特旗舰店,回头客20万,2万+人付款,江苏 苏州,"退货宝, 48小时内发",出售状态:现货 | 品牌:POP MART/泡泡玛特,http://g.search.alicdn.com/img/O1CN01JY5GGZ28ztETcGZUw_!!4611686018427382436-0-item_pic.jpg,http://click.simba.taobao.com/cc_im?p=%C5%DD%C5%DD%C2%EA%CC%D8&s=1006950575&k=2369&e=8bhlgOhBART9OEIBpq0c2gSX2fwugFBDyMJySEODEAr6fTVezKTJgRvpfxFTynLBR7gOeXpy8XD%2FpqHUMdrsXAdAasrh%2BxqIclI2pz4o%2F1jLWEHGhgk5jCaaAk0LZLjWMK8mApL3OQra%2Bv0D%2FTGTLFL0odAHstGl5KrcbH7sVHFj3yHySFGdk8bf57PUMOp26%2FPjAiV3xJE19KnrQglk8SWbD8hGOGdgcPO%2FEJ0uRkyLEkZi%2FcpZLI1kjHD6SisAL6XMgj4xi6zt6SYozw6Lc8gQz9Vozh9fa7zvzhJC%2FaFOBX%2FT%2FEfGld%2FIcObMwJgPozGSx0eJfKRe0Kq6Tpy8i7SpeQ5h3mp3JmRpArHRX6A%2Ffwz5nNLX%2BuCpDxV2JqUE21uMLKHpXShO1YrOzy3HJ51XGGA3hYUCGhxVNfSJFnSQSCympp3%2Bi3DvJ8HM1RE0oL9mcyyHDpq8HVWKaSKaL9gHW0E1TgXL6ZaA18%2B9bda%2BP0rDjBuJcntvHPYPbwvEEkekJn7c%2FzFBH%2BcFucM7k3XoDfWiWewHu2j5n3s6bgLFR0IcCJozWZQvkl8D7VMDOVNDa%2B%2F3uONW4GPiG%2FlO4H1FVfSE3bAbLzlSb%2FBRVVGoOzLvG3g%2BVUdaKFs65xmScpCjT12cZsehsuTpUgPgTl9udUnOQGv8QzeLsbYCrt6E1YkS%2Bqu5x4zklYwHsAQUHuUxzbxrc5nEOf8xW28DDdM4tcgTy48ZyepbLVXm%2BMU5gxsME%2FeWW3Ufy%2Bu55KNDxzuDX9DB4TbpSYiBkiuIZuIYPMQ5svbB95L6blmiOlyV0l0r5IYHSii5Dei8geRPlC%2BSXwPtUwOnBgbBOonYTb%2BioclBf316UtHvX%2FWLFAkO3lgBjC9rjs%2B6H8XvazPNiBzGvXhD3Qfx19fND2Ot6teBHdf4kfR%2BeromUvuOvWIhG1NJwbVD2S0FAxNKRTM%2Ft7dcoa103j%2BN%2BNG%2FzPAUuQw6ngkeGbXv1DbR%2BqBYieFitFf5pw4fP5Qvkl8D7VMDNabfIQWdjipyJm1cKFGU5G%2BTdmHQgV%2Bj%2B2SWOJnGLnOTsZ2R26zz4z5v2EQMU3TEsxo0Gy50MB3zQ15X29ijml6TCLG8oaw%2F2szcVq5EQQTVdlnUV%2BiFHMYwsNpwVMPzduMvw1MkQJXKbweM0ZJUWqSTh%2BIbqCy4ATlSz0H%2FkYUcBFQu36EFGskJNHDoRaWkEWBug9gQI7YzqeHx7gols2EHW7e%2FVSRmUMcVL8n2aXPTfu6STW6gj5nXwQqD9CfidVtdSv1EGElKQyZSCZBdrk0TnVN%2B4IgQPSJKobM9BgAqHrcn%2BDGiMQimwwH3e4r9eOQtFldTseTONa89xkoDavOAyp0f%2B5mAZBvAR6qJT%2FUS0S%2BVC7KObDBAL%2FJyP35r3MAqZ9xGQoO6IayClHGqzrxy1slvv9WmDcXchGdg0ESxbmLZU8SU47YPwr4w2ooEuPCTNKzC0HBOobz2%2BNdrP%2FFEgvwQRquVRGH%2Bsivg2b%2BYBIgx6U3cIQnIKZbMA%2BfbrrVWzBdHhZpOmtCwpxaUnq23wNhaSk%2BP7GAE4yBL75O8lMj7jI%2Fw5rlIJepe7TSsahNySTq1MWA%2FmmJDHogw3y0FAxNKRTM%2FikejqOMR6HfPi2eT4mXW14TBA3YHXkwgLQUDE0pFMz96ALSg%2Bea%2FViaaAk0LZLjWV9UEQV%2Fh%2B2E21yipVCVCPzn3wuUjPeWzqIEZYQeCk0SC%2FZhWkm%2FjRyWfU5k4UOlw%2BmzAb5Ix9gx1wMZAnwHD%2BgtgM20OOgLf%2FobKCkXdzDQyDFcYA2KyALmlMj3lgFccP0OXg%2F0llFhAvtlVXMff4ujc%2FjR%2B8YcaMJIBjfQSWzL4oWfEUhM1Rre59b0jcQbIFnEeMaEaNAnmvXqKE55V7TMt68MK8n430sS4oWaZR4gTpiEGPeYkXTj1uFiqfFIzZX8yAGz2daAZORBngp4%2BFCAADQo4chv2037GcN0nrdJUvAWPbmYBjUG2HkkgFxJINLZ2oDUtrMkKLIBOWJGyHX1MfUX5b7swMhRkM84NAFaJ0TE7sTTBJ86xP62ZH%2BF5YFZDyO%2FjhGUbq%2Bw9c5N7ZhhsyLCPjOBpZ1jh9CBp5p3ZaF%2Fj4XAsmnebibBMEDSU2IVgkSWRKGs4hQunTxQgf%2BrkRGm3V1jRsfPUggzuEHQS9%2BYSy0BfQpORWR6FOhnwSX6FeLrEOnwfJ95yER1FmKaCN2Bjkbie43%2BmoxTCKIQ3s3cnpWlXLi5azMgCVVvTjOdStwyobMl%2FrepHix%2BLxYGRA%2Bwdfzk%2FKhm5c96YDEVPDA2hAaOQtlvZEzxqFD0vCcWDqRIw1JPLtEkZ5%2BkDYN0C9l601tgH&mm_sceneid=1_0_116045295_0&a=xxc%3Dad_ztc%26mi_id%3D0000RPxPE5WeZ-f0pbatiR4f9AmNecaW3Vr2ZVsqtitBXQQ%26skuId%3D5939055747056&id=967560708788
991129421052,POPMART泡泡玛特DIMOO新生日记系列搪胶毛绒挂件正品盲盒礼物公仔,112.99,¥,券后价,liluwxy,POPBOX正品盲盒,17年老店,5000+人付款,广东 广州,"店铺满699减30, 包邮, 公益宝贝",款式类型:端盒 | 出售状态:现货 | 系列类型:联名系列 | 品牌:POP MART/泡泡玛特,https://gw.alicdn.com/imgextra/O1CN01TZDkWN2A3NqvCLTcj_!!58118147.jpg,//item.taobao.com/item.htm?id=991129421052&ns=1&abbucket=10&xxc=taobaoSearch&mi_id=0000Mj9GH36yCBuUkT3Aw14-GAGzXJpG1pRflrUnipRRqzs&skuId=6125288942305
961972610210,POPMART泡泡玛特共鸣比奇堡的居民们搞怪毛绒盲盒挂件海绵宝宝,59.9,¥,,李超越0922,TOP DOLL 俱乐部,回头客1万,2万+人付款,广东 广州,"店铺满299减3, 24小时内发, 包邮",款式类型:端盒 | 出售状态:现货 | 系列类型:联名系列 | 品牌:POP MART/泡泡玛特,https://g-search1.alicdn.com/img/bao/uploaded/i4/i4/2660786779/O1CN0106xWbc1zwq3IF4nan_!!2660786779.jpg,//item.taobao.com/item.htm?id=961972610210&ns=1&abbucket=10&xxc=taobaoSearch&mi_id=0000k5BahGal0_n9LIhGZXEouLJanBXMKDlpO0ORtkleXu8&skuId=6026631531211
911328609900,POPMART泡泡玛特DIMOO WORLD × 迪士尼系列搪胶毛绒钥匙圈盲盒,179,¥,,泡泡玛特旗舰店,泡泡玛特旗舰店,回头客20万,4万+人付款,广东 惠州,"超级爆款, 退货宝, 包邮",出售状态:现货 | 品牌:POP MART/泡泡玛特,https://img.alicdn.com/imgextra/jz3_1/2885348004/O1CN01i9LJPr28ztE5hrLE3_!!2885348004-0-alimamacc.jpg,http://click.simba.taobao.com/cc_im?p=%C5%DD%C5%DD%C2%EA%CC%D8&s=1006950575&k=2241&e=w0OYNf23kGL9OEIBpq0c2gSX2fwugFBDyMJySEODEAr6fTVezKTJgRvpfxFTynLBR7gOeXpy8XBNVuEUxFAjBQdAasrh%2BxqIbQUHmxap4jKBnRbj8e5a5SaaAk0LZLjWMK8mApL3OQra%2Bv0D%2FTGTLFL0odAHstGl5KrcbH7sVHFj3yHySFGdk8bf57PUMOp26%2FPjAiV3xJE19KnrQglk8SWbD8hGOGdgcPO%2FEJ0uRkyLEkZi%2FcpZLI1kjHD6SisAL6XMgj4xi6zt6SYozw6Lc8gQz9Vozh9fa7zvzhJC%2FaFOBX%2FT%2FEfGld%2FIcObMwJgPozGSx0eJfKRe0Kq6Tpy8i7SpeQ5h3mp3JmRpArHRX6A%2Ffwz5nNLX%2BuCpDxV2JqUE21uMLKHpXShO1YrOzy3HJ51XGGA3hYUCGhxVNfSJFnSQSCympp3%2Bi3DvJ8HM1RE0oL9mcyyHDpq8HVWKaSKaLw%2BsyYYqOMH%2FqgAXDf%2F26rsY945AEoPnm6TVij%2FotJFsEkekJn7c%2FzFBH%2BcFucM7k3XoDfWiWewHFv8Ou3KNWOHL%2BS5vaH5pMt51%2Bj%2BqszWL7%2FJjza6SAWfyohtUI0%2B2ddJPWbce37zCAuGRNhr6xRgRUpOJkVzY%2FPiKG57%2FVfUDLULx9qBml2r15Kn9EYDv25bWtoT0nVE0JvLHIQ1AgyQ70gZEHRqhLBxiKQaMm3z7hD1tEdR6a8QVpTN9x1Cq0dV3%2Fu7ba3AaeX8c0wcoJoKIVzhpyDeJhUC4%2Fhd%2FpJ1BY464Lorc0qNd%2BtjnrunnlFPr75Jj1zL4y9HvYvrgw%2F%2FcCf3XKk81M4KoVoFwNWtjQGFdad7fcrzzt5ApTOUOFqj0QoOke%2FH4INq%2BS4uvxMeIjJCkhUmAI5HnP%2BVtnPvBw7qvVX4dHAfOr3r0kVs1io340b%2FM8BS5CRF2vNmUMDwqGQHrOThA1Pt7x2fjdnZM41pPz1wkXOb%2BVYBB1sE1nHImbVwoUZTkb5N2YdCBX6P7ZJY4mcYuc5OxnZHbrPPjyr0xUk%2B4nNSzGjQbLnQwHfNDXlfb2KOaXpMIsbyhrD%2FazNxWrkRBBNV2WdRX6IUcxjCw2nBUw%2FN24y%2FDUyRAlcpvB4zRklRapJOH4huoLLgBOVLPQf%2BRhRwEVC7foQUayQk0cOhFpaQRYG6D2BAjtjOp4fHuCiWzYQdbt79VJGbdNVgHTj9gKYHx42pFMMqXneWRMKqkqXvbzfTkJSnCw%2FLWFXzvaLH5%2BIobnv9V9QMtQvH2oGaXavXkqf0RgO%2Fblta2hPSdUTQm8schDUCDJOPX4yGouWP1E4w86Md8rY%2Busfx2f2U7pXESeYwfJbznYW2IutsFW87v8mPNrpIBZ69UhQTuEeEUaPi8J8DmHeCgvyxMBB0m5D9hWgtyMh31g1e2tADhGXq1YZ4zQv%2BOdswHnj%2BpZrQzabq5rJYshiF22YEIiRFZtHtmSFo6M%2F0oZHKMqs%2F6ACIkrzwluNoGiy6V3s6qBaI9dHTShZ9Fi42aDJe9ztmwzOMkaxEkx2dWsOA4arPR%2B4160fB5pqDMX8cFAC1svFxLXv0AAo6sJjVMxDJGgYVd21IdFKOwT3l%2BxwUALWy8XEtjyYPLdgFYw2aUpkQpN%2BUj6pR33HE%2FNDNIezPbRwC0Mx2DCP90SVu%2B9aqWo0yYmK6WDuKjBmReCSGBAR4hTuUFkmHpYVqEOuBDuiHdAo7HsFEAanlWqGHvRpUm7wjEnnb7bROpSrtyDqy2Hv9kXRcOtTVc0U6ow0Dg9sLFiSWuRyNJMkNYpKlm%2BmzAb5Ix9gyKq5Ss60bJvFdJxAr%2FCfcaaQQ4fOziTAmc3LdnPyZCu8gMu2yt%2BFTxJJY2c4flzKHmle1BxSKnGMrwJHEJ%2BkoaBuFNNI4hr%2F4XFriRmV0S47a5vgnpnUy6vRbw7BJnbCqgt7wmVEN2UztXQYlWiZiBYa7oCJBLp4njP6A6mN3cWN4pmqniOgTTPBYqlzGy%2FRicSv6iAQPW1RPTD2lW094t977AXZwPlOmL%2BuN8sUfP8uNHbidJClZXPdB6WDmwncKpJOX0BJaG2QxYxEG9VkjSB9uXJFC2ZB4ytA18D%2B447xYJDxSNr8%2BgAWF%2BCJ8q%2FlYQczS3MSGiKs5vLRgkstRh3eomDrKsA0nOxNyljrW1Am%2F7momeicyGLWDAAj%2FwCli%2BXCMnyxVNU0W3l4FLeyuvIYb4hLxdqNPXZt1iVoJT73UlCojnsLny&mm_sceneid=1_0_116045295_0&a=xxc%3Dad_ztc%26mi_id%3D0000ZQbb0ByFuFOcYNeItcorghhz_vlntj4cY2DLdBOZKWo%26skuId%3D5980476198880&id=911328609900
920037104144,POPMART泡泡玛特星星人美味时刻系列现烤小饼干毛绒挂件礼物盲盒,94,¥,券后价,tb160998713,SP正版盲盒店,回头客10万,1000+人付款,浙江 台州,"店铺满39减5, 包邮, 酷动城",出售状态:全款预售 | 品牌:POP MART/泡泡玛特,https://g-search1.alicdn.com/img/bao/uploaded/i4/i1/2208399554429/O1CN01nJM5V41iaXGWoJtbp_!!2208399554429.png,//item.taobao.com/item.htm?id=920037104144&ns=1&abbucket=10&xxc=taobaoSearch&mi_id=0000jg7oKqbLh9FAsCN6QktCd_lhNGQidWlUDdiOfgjDZGM&skuId=6100500250597
981196469157,POPMART泡泡玛特WHY SO SERIOUS哭娃CRYBABY万圣节搪胶毛绒吊卡,149.9,¥,,李超越0922,TOP DOLL 俱乐部,回头客1万,200+人付款,广东 广州,"店铺满299减3, 包邮",出售状态:现货 | 系列类型:联名系列 | 品牌:POP MART/泡泡玛特,http://g.search2.alicdn.com/img/i2/1392190029/O1CN01Vc28vA1C5KbYQc9uL_!!4611686018427380301-0-saturn_solar.jpg,http://click.simba.taobao.com/cc_im?p=%C5%DD%C5%DD%C2%EA%CC%D8&s=1006950575&k=2413&e=ka%2FOKXi2Pir9OEIBpq0c2gSX2fwugFBDyMJySEODEAr6fTVezKTJgRvpfxFTynLBR7gOeXpy8XAX3wY7TAU4OSiSDBCiBJThJyNrUqsZR3kQY9uK6svreyaaAk0LZLjWMK8mApL3OQra%2Bv0D%2FTGTLFL0odAHstGl5KrcbH7sVHFj3yHySFGdk8bf57PUMOp26%2FPjAiV3xJE19KnrQglk8SWbD8hGOGdgcPO%2FEJ0uRkyLEkZi%2FcpZLI1kjHD6SisAL6XMgj4xi6zt6SYozw6Lc8gQz9Vozh9fa7zvzhJC%2FaFOBX%2FT%2FEfGld%2FIcObMwJgPozGSx0eJfKRe0Kq6Tpy8i7SpeQ5h3mp3JmRpArHRX6A%2Ffwz5nNLX%2BuCpDxV2JqUE21uMLKHpXShO1YrOzy3HJ51XGGA3hYUCGhxVNfSJFnSQSCympp3%2Bi3DvJ8HM1RE0oL9mcyyHDpq8HVWKaSKaLw%2BsyYYqOMH%2FqgAXDf%2F26rsY945AEoPnm%2BtcY8kS5rllRd3IDdI1R7IE4v0QbqqCr%2FeT%2F5hjxVW22qRsmFtNoOwps5RyfsS1e6Wu6jhQiFGNQGf%2FdgXU8H%2BB9EvHrejs32eFfC3h%2B%2BpknBpIVUPTTQ4iVlSsBaPjJESuWE3aMZVFA0MAxtFHlTZN%2FLvK9issFk02laNMuLjodJ3PErPJP2ww8ziakz4VfsieLGLg2ynx7vRpXYM7acFI4Cygx2%2BjkjRtFA138yZTB1%2BB8NHs4rh2L0CRViKBELYO9BFTqQkcxpKFOS5O%2Bv6lruo4UIhRjS%2F9FvQSvs5QMVsZd8NEn%2FXNsrEmpFMduwhzZKr5N9%2BwloMG%2FuKOf0WnH%2FYDlfubZVM%2Brigk7kebf5NbYr5TPeGkkzD4sd6KI5V9RypwfLPB8qX8v%2BhOvkuQxme58F%2BDdWYi6aIqMwPgcQA%2B91CI99zzSuOMmGiOnLyZqmFr0mj8QL7ZVVzH3%2BK%2B%2Bbbq20hdQKWu6jhQiFGN%2BQ20UUehOFXOkn1uBcEq4VccGTCLBxChfoONw%2BAPF4zN9DllrJfAS4T2M5yrDPwVZjyVFOavy0H57mz2SgjME5TW53WWkOIFCkCiq7qgexR%2FAXd39XQc4N4bDfZmvtBfhNYP2D2vtAOcXc9b2oR5ZaqnpZqdqt3WqoRbeKCBMNqdD%2Ft0Un%2FPkTyn10P0g6sSg6dxUP8T1VioPWuU6xCvG3c0jgsBaXUjZ5mDGSbgW901xh6AVm3%2BMzT5qiPFoo1qmvdGfUjb3BQ%2BD9GiQeOOPEBzWRAcGkKLx8qNLUO2o7ywF1xXmuYKiwN1rq1CzR4OpqbIKxVGB0TqHFmiTMa4lifE18kCqae8Dy5kv7KjqAJnhXwt4fvqZJXS%2FmByQXjlpcVjPz8FKK9ErlhN2jGVRdNP8SckQ6zUYWxfaqkqZaeYm3C4oI1ukzBAL%2FJyP35r3MAqZ9xGQoPSg%2BLRXYCXkR%2B42%2FR0tQwBOfW1GxbNEA%2B7OH%2FjUUwjirYPwr4w2ooEuPCTNKzC0HBOobz2%2BNdrP%2FFEgvwQRquVRGH%2Bsivg2b%2BYBIgx6U3cIYGl%2F4WcqyVfly%2BL3fTiXVB%2F8f3XCMTZ8PikWfs%2FNCEE%2FDeV%2ByOH2Y1%2BKry3g1SrBSx%2BFI4EZMT3ps3mYnRkygk%2FmmJDHogw36YYjgBhBa7LM%2Fmi8hlbC57Pi2eT4mXW14TBA3YHXkwgphiOAGEFrsvLYxwsHLOn0yaaAk0LZLjWV9UEQV%2Fh%2B2E21yipVCVCPzn3wuUjPeWzqIEZYQeCk0SC%2FZhWkm%2FjRx7UTrwRE%2Fvg9GEciIzbdC51wMZAnwHD%2BgtgM20OOgLf2qw1I6bYvWNjj%2Ff49Uix0XZ1gJytf6yaP0OXg%2F0llFhAvtlVXMff4kvy1F9JpwXo6NNX5wO9JiX4oWfEUhM1Rre59b0jcQbIFnEeMaEaNAkub%2BUuCYUMuTMt68MK8n430sS4oWaZR4gTpiEGPeYkXTj1uFiqfFIzZX8yAGz2daAZORBngp4%2BFCAADQo4chv2037GcN0nrdJUvAWPbmYBjUG2HkkgFxJINLZ2oDUtrMkKLIBOWJGyHX1MfUX5b7swMhRkM84NAFaJ0TE7sTTBJ86xP62ZH%2BF5YFZDyO%2FjhGV2zXTo43thiz1v4%2Fxg615uZ1jh9CBp5p3ZaF%2Fj4XAsmu9cwuBMvE7mMHJOLKhIg404hQunTxQgf%2BrkRGm3V1jRsfPUggzuEHQS9%2BYSy0BfQpORWR6FOhnwSX6FeLrEOnwfJ95yER1FmKaCN2Bjkbiemxlik5zej82709KLcYAjblccGTCLBxChHi%2BMSs5u48oXLfk2amyqqd5lrRU1wlZww5aRheOGOGvQpmGamOm708GDu0VFH1ponOSKA2ITfR2qTLhvbLhju7jwkzSswtBwz7zrrUSAp9c%3D&mm_sceneid=1_0_1392190029_0&a=xxc%3Dad_ztc%26mi_id%3D0000jQh5qDIuyL8WHZAt4JITLZjj5JU2U8kk-2xxx4KpBJ4%26skuId%3D6104975387198&id=981196469157
941481179762,POPMART泡泡玛特SKULLPANDA进退之门系列盲盒玩具SP手办潮玩摆件,67,¥,券后价,tb160998713,SP正版盲盒店,回头客10万,3000+人付款,浙江 台州,"店铺满39减5, 48小时内发, 包邮, 酷动城",出售状态:现货 | 品牌:POP MART/泡泡玛特,https://g-search1.alicdn.com/img/bao/uploaded/i4/i4/2208399554429/O1CN01N0OUAg1iaXF1bmNaV_!!2208399554429.jpg,//item.taobao.com/item.htm?id=941481179762&ns=1&abbucket=10&xxc=taobaoSearch&mi_id=0000d4GCCJhyDsInRHga-tY0PQZv--eEPNjvqkfSo_9hpvc&skuId=6009215667272
969936816834,泡泡玛特THEMONSTERS前方高能系列LABUBU ROCK THE UNIVERSE毛绒,576.9,¥,券后价,李超越0922,TOP DOLL 俱乐部,回头客1万,1000+人付款,广东 广州,"店铺满299减3, 48小时内发, 包邮",款式类型:特别版 | 出售状态:现货 | 系列类型:联名系列 | 品牌:POP MART/泡泡玛特,http://g.search1.alicdn.com/img/i1/1392190029/O1CN01pMtlIi1C5Kbk56FrE_!!4611686018427380301-0-saturn_solar.jpg,http://click.simba.taobao.com/cc_im?p=%C5%DD%C5%DD%C2%EA%CC%D8&s=1006950575&k=2413&e=WbbjjC3vOZr9OEIBpq0c2gSX2fwugFBDyMJySEODEAr6fTVezKTJgRvpfxFTynLBR7gOeXpy8XAlx0CXy3%2BWDCiSDBCiBJThtnosNQ4VnzoQY9uK6svreyaaAk0LZLjWMK8mApL3OQra%2Bv0D%2FTGTLFL0odAHstGl5KrcbH7sVHFj3yHySFGdk8bf57PUMOp26%2FPjAiV3xJE19KnrQglk8SWbD8hGOGdgcPO%2FEJ0uRkyLEkZi%2FcpZLI1kjHD6SisAL6XMgj4xi6zt6SYozw6Lc8gQz9Vozh9fa7zvzhJC%2FaFOBX%2FT%2FEfGld%2FIcObMwJgPozGSx0eJfKRe0Kq6Tpy8i7SpeQ5h3mp3JmRpArHRX6A%2Ffwz5nNLX%2BuCpDxV2JqUE21uMLKHpXShO1YrOzy3HJ51XGGA3hYUCGhxVNfSJFnSQSCympp3%2Bi3DvJ8HM1RE0oL9mcyyHDpq8HVWKaSKaLw%2BsyYYqOMH%2FqgAXDf%2F26rsY945AEoPnm%2BtcY8kS5rllRd3IDdI1R7IE4v0QbqqCr%2FeT%2F5hjxVW22qRsmFtNoOzNjdH7OwBPZEFg3%2F23gCkKGBsUat9Bf5yV3EneApbFAkCgTWlAyQT5d2Bni0LR2LHsTjzb%2B9czBJTf9wLjvPurfFOC3Ge4Oxl0%2FLYI0NqtcuqEfYi1TN9EDgUWiiJDqcQfpIdFlBaR9iVPclJoDnYp%2FFXkyypa7UaFsKQ6UNTQ4%2B%2BrecbAOuCqFHkxdPJILd6PZE6txUwPunrPO0iDRekNxT6M0hQoQjwHzIak14kZN2v226XFLXXV4QxgMzbVa552%2B8mkDiozPCnvArmT2zCY6kb74Bp8u55yCX4Ha16Z%2BLbUDhG9j1eSDFjEQb1WSNL7jQZ1MmUBHJUpQ%2FaRrromQ8FSVDm6YJNlnqrDgWb21zwYa03zyCdi66uVDg5l881f%2BhaNx66epJvySr7QMWt7poI3YGORuJ5pGUEiUkRHZgfMhqTXiRk3tvawLqpECKKN%2BNG%2FzPAUubZW1qFfmn4Bd25uR%2BAEKJVitFf5pw4fP81g4VY7OrOvF4VuNkzypqNyJm1cKFGU5G%2BTdmHQgV%2Bj%2B2SWOJnGLnOTsZ2R26zz48q9MVJPuJzUsxo0Gy50MB3zQ15X29ijml6TCLG8oaw%2F2szcVq5EQQTVdlnUV%2BiFHMYwsNpwVMPzduMvw1MkQJXKbweM0ZJUWqSTh%2BIbqCy4ATlSz0H%2FkYUcBFQu36EFGrHC5bJap63yQ60Kdfcx89IzqeHx7gols2EHW7e%2FVSRmUMcVL8n2aXPTfu6STW6gj5nXwQqD9CfidVtdSv1EGElKQyZSCZBdrkOQVBt6S3lcYfa6sluJ0fd6jTuMs%2FFwkses0qEP1L9YROVugiT6VUIWfBOA3lFuye5qGFoJJbR6ub7EbqzoFFcggJyfYHZ4MkkExSsCq2hbZQatJGZfzPn8pwAXS%2BepCeZIQJtW%2Fuf%2FEb3tyc5oLOZPBYBKYvTxk1Ffve%2FBmqWSDiiYLvToYk%2FtvUpNxMarfk35lPNNtk27jk2ISet2M9JdO6z7U%2BhjDn2DnwsoO%2BFhHC7qDfCnIoeyVJUmqqt%2FJshklyrmR%2BVBbtybvxrk%2B6eMOTXa7tb9A5QWfC9x79AGVmLZhR5Z1hCShhk6g0aqElpfiSKGx5HokzqVyPJSO400Esqry%2B4Ki4gAihYN5ZJtWl%2BJIobHkehK6szGIesa6CxbeGROWgA29btJFOZ1M7DD1YL8F5RZSR5gUznL%2FIj8LGqugosGUjgciEuSTFnOmKEcNHJSzWB%2F6NNX5wO9JiWUBSKElu%2F6%2B%2FS9FctRpKT2TgTPvbzc8PVAQy2fdLkbsiQ%2BnBh0e3Lfc1Kodg9VuJumgjdgY5G4nsf6L21JToiI1oi2V%2FrXW7dRenFcqW4BxRtAXmm%2Br%2BLDh%2BSNqi5pBxuRddx7j%2BwArRcU59brh02cGZ%2FIzAFWvEaOE0CtVy%2BJfduOSBUmVlATbSrnEuy2DW%2BZl8LaLHwbfElgFiln7xnCucBUHNI6hhlrO0AzEZa3c6KBxZRn1BA%2FQ482L1yUw291dd6ch5Kdto1BahHS4WS7Deil3OlBUdkwjjdZNGPMvrjVr7Uu4MqhziT41yY0De9MIEGheLv%2FsPtC7L%2FioVnUlURhLc5ytRkySkqrnz9qN8de9ix2%2Bcs18Wj4giMVVHx%2Fk1tivlM94aSTMPix3oojlX1HKnB8s8Hypfy%2F6E6%2BS5DGZ7nwX4N1ZiLpoiozA%2BBxAD73UIj33PNK44yYaI6cvJmqYWvSaPxAvtlVXMff4smzPgRk%2FNu%2BoNfFn5MYauNBYN%2F9t4ApChpjLGftXtIT6jX7UziotTF99E3GSrrpF5Tf9wLjvPurnmEBwjdY5u1WO58Vi1Cj1w4omC706GJPEw1Z87PhxQY%3D&mm_sceneid=1_0_1392190029_0&a=xxc%3Dad_ztc%26mi_id%3D0000NjDlHZ72pQJwMCs1Gd8NzG_CgY4SBeiAJjBfR4OxQc8%26skuId%3D6083113511915&id=969936816834
997166895815,POPMART泡泡玛特CHAKA琉光曲系列手办盲盒玩具摆件礼物,69,¥,,泡泡玛特旗舰店,泡泡玛特旗舰店,回头客20万,2000+人付款,广东 惠州,"热销爆款, 退货宝",款式类型:隐藏款 | 出售状态:现货 | 品牌:POP MART/泡泡玛特,https://g-search3.alicdn.com/img/bao/uploaded/i4/i4/2885348004/O1CN01vfxBqr28ztEUrqP9V_!!4611686018427382436-0-item_pic.jpg,//detail.tmall.com/item.htm?id=997166895815&ns=1&abbucket=10&xxc=taobaoSearch&mi_id=0000hM2oD9Ho4a3WxzJIFu7z5Hi-KSHJse3gGso_tTeeK2I&skuId=6147244475350
1016980478702,泡泡玛特星星人随心配系列手工可爱车钥匙扣圈环链绳小挂件高级感,62.1,¥,券后价,tb7408062550,拉布布labubu正品店,,1人付款,北京,"超级立减10%, 退货宝, 包邮",钥匙扣类型:中国风 | 材质:塑料,http://g.search.alicdn.com/img/O1CN01xjevYL2MCL076Ftkl_!!2207920949791.jpg,http://click.simba.taobao.com/cc_im?p=%C5%DD%C5%DD%C2%EA%CC%D8&s=1006950575&k=2401&e=nT7NGOfO86j9OEIBpq0c2gSX2fwugFBDyMJySEODEAr6fTVezKTJgRvpfxFTynLBR7gOeXpy8XBSwju0%2Fh7gyqABlShgzMG4FmrPtgu4yESBnRbj8e5a5SaaAk0LZLjWMK8mApL3OQra%2Bv0D%2FTGTLFL0odAHstGl5KrcbH7sVHFj3yHySFGdk8bf57PUMOp26%2FPjAiV3xJE19KnrQglk8SWbD8hGOGdgcPO%2FEJ0uRkyLEkZi%2FcpZLI1kjHD6SisAL6XMgj4xi6zt6SYozw6Lc8gQz9Vozh9fa7zvzhJC%2FaFOBX%2FT%2FEfGld%2FIcObMwJgPozGSx0eJfKRe0Kq6Tpy8i7SpeQ5h3mp3JmRpArHRX6A%2Ffwz5nNLX%2BuCpDxV2JqUE21uMLKHpXShO1YrOzy3HJ51XGGA3hYUCGhxVNfSJFnSQSCympp3%2Bi3DvJ8HM1RE0oL9mcyyHDpq8HVWKaSKaLw%2BsyYYqOMH%2FqgAXDf%2F26rsY945AEoPnm1wyUZbZjKQj%2BrwJqwXm4A0cLtORBU6GkWEKlGZzw3LNMmo0K9uDR%2B14mtYX5EDWOm2vRrH3bWDennzJFiY62XXcsuRP6zUtPQrKbzVPymlUETS4Lo4utoUMhuvZ5ZKgbbk2a2vYf0E6YOCM6oxmH1VQGX9hIvEoOkJJ6hplezMH0SNq0DgrILvHySbbNIf4j3Sqe2I8gylBHuUxzbxrc5nX2g6pXPwsighiRefc55E2eu6rcRKwJJr7Bs%2F2w5Ui8EvjYfL4b2s0llil2tlI%2FiZ8LxT7Blo%2BPtdDXQqObeELiRGDadpt6zVqliCjkJtUMNwJ%2FdcqTzUznilbQrcx66caQgF4FGRr2fO3kClM5Q4W%2BI3OPdZYAvQg2r5Li6%2FEx%2FuTEe%2FgJBNsdXoTdcrITj9%2Ffcf9nlolUGEPjbx8CVyLQL7ZVVzH3%2BICDGi48vZuHu37J4yO8%2Fj8BnxTucMZxD3bZZDYNljeILAofZeMNYhW0I3EbB6nQJl9JrIOXGDNTznWzZxGV2N3qEsLczlkx77zZQo0Iqg%2B7%2FPUE0y8crEqiKrkgcCftARysd9OZhcvs1%2F1GMMTpLlJWEIYSMIiy%2B19AElmJc3h%2BaKLVxxPNBUyQlsdlSpyh3I1lG6UjgGxS0Rh8M4yx4bUqRxvQaxu2Gx2k5kbGT1YcZwOByq%2Fh3rgMgfDifQgotCAM6wBwOeggJFz2DZk7uUNXc6ZsmPcj%2F%2FY4RQEkpgwUjQ1CyimNmUu4QcVRcMxF6bv7p6BIFU4KAdoEMbgxCgI3EYJJO5FGyDKkF6zrcc%2Bb0nbgY9xOPd8dkGLtWHlEvsZ7my8G7Cbwu8TWw%2FgsAVGF4z70WS8hAowZTev0kTjhoE4kJ8ZJLOM8BQ8NN%2FFqtfs8z7YMkXFW6RtfmSVFUPIcRJ5jB8lvOdhbYi62wVbzh3v%2FycwnsVdAKhC8td72MxcX3ECVgFo5ezIt5ITXekQP2FaC3IyHfWDV7a0AOEZerVhnjNC%2F452zAeeP6lmtDNpurmsliyGIXbZgQiJEVm0%2B2VAWSdFHW6tzb35fqAoSqUXC3%2B6hg6yzbEi5HwmygZ0B8hEpw%2BSQZD7z5XNSjqGWcO%2B01pLHjbb4U5AB5xKBXPUMAT4HlSDv6du7IQDn0a0MewK4KtzAs%2BLZ5PiZdbXnxFYkfKBmSlCCJTnYlV04y8%2FKJzpk31HLFt4ZE5aADb1u0kU5nUzsMPVgvwXlFlJHmBTOcv8iPwsaq6CiwZSOByIS5JMWc6Y5wPBw9oNLQcLnmDah6feUZ9TdCiiHG1TG0Beab6v4sNWBUXYnMxIHi8G2%2BAXYWMmkPS%2BIuj%2BoWKhZB2CLJaNM6n%2FMkndKx8gEtHi7QupIP%2Bx6HZV6nfDow3yH1LJZap3iquUrOtGybxXScQK%2Fwn3GmkEOHzs4kwJ4yT%2BXX0Ae5%2FIDLtsrfhU8SSWNnOH5cyh3E3MwPkrUtLK8CRxCfpKGoegM0bp2hjkFxa4kZldEuO2ub4J6Z1Mur0W8OwSZ2wqoLe8JlRDdlM7V0GJVomYgWGu6AiQS6eJ4z%2BgOpjd3FjeKZqp4joE0zwWKpcxsv0YnEr%2BogED1tUT0w9pVtPeLfe%2BwF2cD5Tp8MYBcK6seQmDprhNmkNW1igGx67tOOM8X8lL1jWntuyeKVtCtzHrpxpCAXgUZGvZ87eQKUzlDhb4jc491lgC9CDavkuLr8TH%2B5MR7%2BAkE2x1ehN1yshOP399x%2F2eWiVQYQ%2BNvHwJXItAvtlVXMff4gIMaLjy9m4e17Q4uKhF6Z19JrIOXGDNT0I37R3O%2FScI22WQ2DZY3iCwKH2XjDWIVu4UV3tLyCGiCgBhi2dxiUSBOJCfGSSzjIIrFo6YAfpyqky4b2y4Y7u48JM0rMLQcM%2B8661EgKfX&mm_sceneid=1_0_8229959926_0&a=xxc%3Dad_ztc%26mi_id%3D0000MPPW-27V-8h1YrEttJ_-srpRYWkENbkuDDTFrYFwjhc%26skuId%3D6191473527091&id=1016980478702
1049729651411,现货POPMART泡泡玛特星星人我们都是星星人系列盲盒可爱手办摆件,79,¥,券后价,鸢鸢鸢啊,星星人Twinkle Home,,700+人付款,江苏 扬州,"店铺满288减10, 48小时内发, 包邮",出售状态:现货 | 系列类型:联名系列 | 品牌:POP MART/泡泡玛特,https://g-search3.alicdn.com/img/bao/uploaded/i4/i2/3158977623/O1CN01af9cxr26BOHCZdEJ6_!!3158977623.jpg,//item.taobao.com/item.htm?id=1049729651411&ns=1&abbucket=10&xxc=taobaoSearch&mi_id=0000bJgHWPaPWlR174UbkaT-oVPEGrfZU-t0oQEchQIDBYw&skuId=6011917191429
798982951856,POPMART泡泡玛特鬼灭之刃诞生花永生花盲盒情人节送女友七夕礼物,233,¥,券后价,bramons龚,BCH LAB,回头客1万,600+人付款,上海,"店铺满168减10, 包邮",出售状态:现货 | 系列类型:联名系列 | 品牌:POP MART/泡泡玛特,https://g-search3.alicdn.com/img/bao/uploaded/i4/i3/3708808917/O1CN01kU9nxu2Fk2g6GH8Ig_!!3708808917.jpg,//item.taobao.com/item.htm?id=798982951856&ns=1&abbucket=10&xxc=taobaoSearch&mi_id=0000Ps8a6bc5yv7kpM49d3bxflsiHmegrNg28i_zG1i2w4w&skuId=5616066571067
756653146799,POPMART泡泡玛特ZIMOMO搪胶LABUBU公仔58CM毛绒 I FOUND U 手办,1153.96,¥,券后价,eileentoys,艾顽潮流iwant,回头客1万,5000+人付款,广东 深圳," 3期, 店铺满398减5, 48小时内发, 包邮, 公益宝贝",出售状态:现货 | 系列类型:联名系列 | 品牌:POP MART/泡泡玛特,http://g.search2.alicdn.com/img/i2/3204345526/O1CN01YLC8vL1qgxmVVTrzd_!!4611686018427383478-0-saturn_solar.jpg,http://click.simba.taobao.com/cc_im?p=%C5%DD%C5%DD%C2%EA%CC%D8&s=1006950575&k=2457&e=WrHoQ8VIdLv9OEIBpq0c2gSX2fwugFBDyMJySEODEAr6fTVezKTJgRvpfxFTynLBR7gOeXpy8XCvrIkUlnDoNQP7e36KEfKxhtBtNYgSsPqBnRbj8e5a5SaaAk0LZLjWMK8mApL3OQra%2Bv0D%2FTGTLFL0odAHstGl5KrcbH7sVHFj3yHySFGdk8bf57PUMOp26%2FPjAiV3xJE19KnrQglk8SWbD8hGOGdgcPO%2FEJ0uRkyLEkZi%2FcpZLI1kjHD6SisAL6XMgj4xi6zt6SYozw6Lc8gQz9Vozh9fa7zvzhJC%2FaFOBX%2FT%2FEfGld%2FIcObMwJgPozGSx0eJfKRe0Kq6Tpy8i7SpeQ5h3mp3JmRpArHRX6A%2Ffwz5nNLX%2BuCpDxV2JqUE21uMLKHpXShO1YrOzy3HJ51XGGA3hYUCGhxVNfSJFnSQSCympp3%2Bi3DvJ8HM1RE0oL9mcyyHDpq8HVWKaSKaLw%2BsyYYqOMH%2FqgAXDf%2F26rsY945AEoPnm6TVij%2FotJFsEkekJn7c%2FzFBH%2BcFucM7k3XoDfWiWewHcaxYHjwSaBQGlX69EBB2Ucdc0kSS%2B3ZD5RrpY3jbhE71VAWFt0Jj0VPfDFyVYJzuJdc7JEZQ%2BjL8bXcR6rOT%2BYlndQZId1EfeOtFrTJOgQ1uuryXVHjtKS3972z9c2gYbifSubQISy7cqpVhyx0XM8BMDsiXffE0CSByjWduHjEPqm3duHEri2rZZHkfsLrNTd2U60HfOVmJotl%2FwuM5m5A%2BPvUZI4Lt%2FqeH8PG%2BKp1iNsP4fGCTn%2BUI1FyzrHYKgmG3gHVzZgMrjeFIW9nBxK8upyo%2B5nxL79NMbFZ64FVyDAbxbdFMK6L5VvihmbBQIRWNxWE4GTe5kk69jWY6M3E1JVPylXR9oXTLSMgusIJAi%2FlKvutwi87Yf0v1KVSd61vhStlD4IZ%2FSYC9LUtWyilDHCszrAWXSaHF4G4BJdCNDTUirwI5WjP3IrFCa4i8bnIvvjEcCXoeHAPc7zFULMSICv8h%2FkFDIUT%2BIqiZnMFAUIxG79OFwseVY9t3TOIgz4GECzpeQpQkv9ALoh7%2F2DGLBWK%2FfXLcg%2F9ytc3ZwJUK07wK%2ByKmelOSFuvefbDcgKtIo6tL3%2BkbE6F%2B2daCCFexBs36MkC1KGwC%2BIPis11duX0kZcb11gO6bySNrBD8fgIFyZrVU2FidgSWbakqtdJHIlm%2FqjOaEJANFNFBOZsQ58g%2B8r22nau1ZXkXNXPa6zQ98Xz6qMmAg5m06vc%2FHqoutgbUqrRLaA3EV%2BHw2NX%2FyT23f8EWIYZ4uPdctQvV9mfyby0hV5ahD3ASt2BxW2%2BzWKgMAItxeOtFrTJOgQ1uuryXVHjtKS3972z9c2gYbifSubQISy7cqpVhyx0XMz5w1Jv3W0I079NMbFZ64FXDAP8CwT2uV%2B6wDyUToWHRcQrUnHY%2FyBAJcuVjr4CIilsnfQSq6kvlg7ew0mM%2FcguV%2FAi3335%2F%2FtTeDX6Ok62ZAQVsqJOn%2FUfBD6sUELoShIHjIM%2FRQcj6C%2B58YotaGw537%2FbjtS88AOBrdo9hSeYt%2FY00SASZm2NeYbpUG%2BpJXsPoDE9zayfov9qsQQQX3L109NpsGm%2FktI3KudL1SwOCAXjfk2j3YyIjQSmQ3s0Wf9bhoH29De7ceh7P1Jn73BgautM8Rw%2FfcL8iLw9%2BGORQz4tnk%2BJl1tcUsfHE66Emexq60zxHD99w5kLiU0OUTzImmgJNC2S41lfVBEFf4fthNtcoqVQlQj8598LlIz3ls6iBGWEHgpNEgv2YVpJv40f5oCs%2FrxVlEyGwFH8bR%2Fx2QF%2BxUp5mUtu3ufW9I3EGyGa5IKyAG5NYmVWl5qBjc%2BNqIJApYnNdJRw%2FiKHaO9qoX%2FoWjceunqR6k09BTqXslB60zyGfWbYEJxjysJrhTf04HF7ScwFpdv%2FldHisPebzCgX0wJVyDRdet7bRaPdhY7ksCO8gHHOmXN5DBpw%2B5wARvXTs4Hl%2Bz5aNR2wVqxo%2BCJScDRER7k4iAfuedK2kTdzVURlh5Oj4iSncB04zaoLJVcgtdKZiT3WsdyMaZwKFTRPg2LJDJdZSo6bIbEUwcIPyG6EE4gTF0Zj14sxsO8v%2BwsJFzxe510k6PRmCvi7kzajCF8bEgLswQC%2Fycj9%2BaxOPQY1YGd40ptTeFf6XTSU%2FKpRSx2IKe9eriNLXxjvRQ6IfvV5%2Bgy%2Bi%2BVb4oZmwUCEVjcVhOBk3uZJOvY1mOjNxNSVT8pV0faF0y0jILrCCQIv5Sr7rcIvO2H9L9SlUnetb4UrZQ%2BCGf0mAvS1LVsopQxwrM6wFl1BFfgeesAWulWKeKqKMXAc4MRM3DJP3YzP3IrFCa4i8bnIvvjEcCXobwGw7TZbiGCcow9CFx%2FHX3KqVYcsdFzM%2Fe%2BgDhy%2BQB19yasrr%2B%2Bjdg1e2tADhGXrYqnCPu%2BKZgQ%3D%3D&mm_sceneid=1_0_3204345526_0&a=xxc%3Dad_ztc%26mi_id%3D0000IkPk-_2lsn8UkfPPkkHWgU8VrnVcwVW915CWOA0jvqc%26skuId%3D6138626591219&id=756653146799
963453233313,POPMART泡泡玛特DIMOO如果今天星期八系列手办盲盒摆件礼物潮玩,74,¥,,tb501421479576,大师兄潮玩盲盒店,,4000+人付款,广东 佛山,"48小时内发, 包邮",出售状态:全款预售 | 系列类型:联名系列 | 品牌:POP MART/泡泡玛特,https://gw.alicdn.com/imgextra/O1CN01YOJXrY24Fqx10noIo_!!2218685527362-0-picasso.jpg,//item.taobao.com/item.htm?id=963453233313&ns=1&abbucket=10&xxc=taobaoSearch&mi_id=0000aAC9cyGf8MzrOMCGk3Mkm_9w1KJ6TN22Um80t4uvZug&skuId=6183051850740
,,,,,,,,,,,,,
,,,,,,,,,,,,,
970643142642,中控台屏幕装饰摆件车饰 带正版泡泡玛特萌粒sp蝴蝶小姐絮羽手工,18.8,¥,券后价,vip瑜伽店,小曼Timely手作,12年老店,700+人付款,江苏 苏州,"官方立减12%, 退货宝, 包邮",出售状态:现货 | 品牌:POP MART/泡泡玛特,https://gw.alicdn.com/imgextra/O1CN01RKhQjg1MVZRk7mUgr_!!116571440.jpg,//item.taobao.com/item.htm?id=970643142642&ns=1&abbucket=10&xxc=taobaoSearch&mi_id=0000pom0Ve0iwXMPIBaSc12e8X7ovz7YeDhKVXzEZfNdWcs&skuId=5920177592678
840676036989,泡泡玛特代购 THE MONSTERS I FOUND YOU搪胶ZIMOMO大天使公仔,1417,¥,券后价,encore198977,乐趣小屋,6年老店,1000+人付款,湖南 湘潭,店铺满50减8,出售状态:代购 | ACG作品名:DC漫画系列 | 系列类型:联名系列 | 品牌:POP MART/泡泡玛特 | 选购热点:淘公仔,https://g-search1.alicdn.com/img/bao/uploaded/i4/i1/1116266893/O1CN018K3ugM20n3CXl203X_!!1116266893.png,//item.taobao.com/item.htm?id=840676036989&ns=1&abbucket=10&xxc=taobaoSearch&mi_id=0000dykuTbUstmgkB5BZRAfBOHhA0Wj5IJC4Gc4M9Z5JMdI&skuId=5799595086724
985904234269,POPMART泡泡玛特LABUBU拉布布心动马卡SP光织园永生花礼品摆件,332,¥,券后价,肖寒1112,GRENLUS格琳露丝,8年老店,27人付款,湖北 武汉,"官方立减12%, 包邮",,http://g.search.alicdn.com/img/O1CN01FgQFs72GTO2zZqDNO_!!2558799016.jpg,http://click.simba.taobao.com/cc_im?p=%C5%DD%C5%DD%C2%EA%CC%D8&s=1006950575&k=2361&e=i9YvF0iHqYv9OEIBpq0c2gSX2fwugFBDyMJySEODEAr6fTVezKTJgRvpfxFTynLBR7gOeXpy8XA%2FGuelBVv7N5mVDiredlyiLWhsVGNDQ88QY9uK6svreyaaAk0LZLjWMK8mApL3OQra%2Bv0D%2FTGTLFL0odAHstGl5KrcbH7sVHFj3yHySFGdk8bf57PUMOp26%2FPjAiV3xJE19KnrQglk8SWbD8hGOGdgcPO%2FEJ0uRkyLEkZi%2FcpZLI1kjHD6SisAL6XMgj4xi6zt6SYozw6Lc8gQz9Vozh9fa7zvzhJC%2FaFOBX%2FT%2FEfGld%2FIcObMwJgPozGSx0eJfKRe0Kq6Tpy8i7SpeQ5h3mp3JmRpArHRX6A%2Ffwz5nNLX%2BuCpDxV2JqUE21uMLKHpXShO1YrOzy3HJ51XGGA3hYUCGhxVNfSJFnSQSCympp3%2Bi3DvJ8HM1RE0oL9mcyyHDpq8HVWKaSKaLw%2BsyYYqOMH%2FqgAXDf%2F26rsY945AEoPnmxVerQO1DRZP%2FhPO%2B%2Fs8o4CghUDdpC1rmLWmAIKNBRKi%2FCjVrcDvx8ntdTXhcgSl2ISTXeOFO9NJkl21uufIa%2FyzoOJSNc4lchdwZVnoqb21P%2FkhLu2NHw2mve5xlHqqK49JeNiVMPDF5EvhdAqCIfzZURZfNqY2tw7Tdb%2Bc8eB8GVyZYyRNcSCHb91e6Zpal%2BiQVXqQjatI4gneRqEmPybPkhlsRYCGlRxiKQaMm3z7fBvsSsKS2qaRWxyh8GmD2snqWy1V5vjFOYMbDBP3lluefi4l8y1fEpJdtbrnyGv873rZ%2FsFSJa3SojWU7mFE%2FuhtXzt0EXktNWuq%2FLPfv4%2F3wt7HpIfWZzRBEMWRxtPGKYig0GC61BkMWMRBvVZI0vuNBnUyZQEclSlD9pGuuiZDwVJUObpgk2WeqsOBZvbXPBhrTfPIJ2Lrq5UODmXzzVsVaQMwsFJspAOcIZJSCN9U2U05hfkVveXIKEJsCDMt0I3EbB6nQJn3%2FTXpnJe4665mzZb31JFlk0eJv1Fd9cvxAywA%2Fcx6n%2Fae2hqv%2BaGD1wVIpZI1frRysd9OZhcvs1%2F1GMMTpLlJWEIYSMIiy%2B19AElmJc3h%2BaKLVxxPNBUyQlsdlSpyh3I1lG6UjgGxS0Rh8M4yx4bUqRxvQaxu2Gx2k5kbGT1YcZwOByq%2Fh3rgMgfDifQgotCAM6wBwOeggM9d5u6YS2a5FxwDe9Frxs7Y4RQEkpgwUjQ1CyimNmUu4QcVRcMxF6bv7p6BIFU4KAdoEMbgxCgI3EYJJO5FGyDKkF6zrcc%2Bb0nbgY9xOPd8Yzj6BKaEgUMB%2BnCzGpdJ%2Fp7UvG21Cj4WtVd8E14pCWM4zKPmYYihb%2BxmzKsYrpVh%2BWkJdRcZmhzjCgaCThl1nWXzqznPVrEPuNWvtS7gyqHIZbi36lOvKRlcmWMkTXEgi3kAVGYu%2FUzNf7Z7rEc2CPjBzh1YJoeZtF%2FZnRlZE%2BqC8Jmadv5ScpXRHEtkYV8sg7t3Q%2Fa9Yv5q3%2B3P036TacgdGN9eG8vyKvUwsplfp1Zi9vGm2unElM%2FvygVPub9liHelIyMnqyNX2TFVAmtQBghtputD45XbWNdfKyptoxh45gi8wkUn2hlpVIQl2I8BVNlNOYX5Fb1cuC1xE205ZdvN9OQlKcLDMLESz%2F%2FM7htU2U05hfkVveoEyFfoooo5llu4MXX79EqQ5wHiYEkkO5w02%2F5J%2FtJajjxQHO9cFUTZdqOkmgoUhMpjG%2FHZvr6zv9RrOUhPuQso4RJ3sHsQ4PbgRPwRgYpgLmr3MdQT74ygP1Cjxt5Yxkojqb3FrOiK29XyEo4dY4CIrBwYGNn44C8DzIFWcQepNBl8Kh26CC34oWfEUhM1Rre59b0jcQbIFnEeMaEaNAnpLzzlnwtEuzMt68MK8n430sS4oWaZR4iTX0sKLPHoOjj1uFiqfFIzp2dPhIAoya0ZORBngp4%2BFCAADQo4chv2037GcN0nrdJUvAWPbmYBjUG2HkkgFxJINLZ2oDUtrMkKLIBOWJGyHX1MfUX5b7swMhRkM84NAFaJ0TE7sTTBJ86xP62ZH%2BF5YFZDyO%2FjhGV04msdKNaSq6imul%2B5gCNYZ1jh9CBp5p3ZaF%2Fj4XAsmmXISlhwjCnXHYCpwTsREmw4hQunTxQgf%2BrkRGm3V1jRsfPUggzuEHQS9%2BYSy0BfQpORWR6FOhnwSX6FeLrEOnxHE%2Ft7Mom7z78xPGJril2ggOnRR5SXyO%2FskuX1wDPpIKg119QlpJ2d8eJ6nVnC%2FcRWrMaLDiIfcnwdOoYFAO%2Fs5Rp%2FlyuiBhoV4UOilsvwXXUgVqjgAAi0gvCZmnb%2BUnImvQhPKtCq2Q%3D%3D&mm_sceneid=1_0_124819861_0&a=xxc%3Dad_ztc%26mi_id%3D000045u6mBC70wk9FlmviBP0YyLSF57BD6817nS-dvAtfoc%26skuId%3D6114779890359&id=985904234269
988657985222,POPMART泡泡玛特SKULLPANDA餐桌系列香氛挂饰盲盒家居礼物,129,¥,,泡泡玛特旗舰店,泡泡玛特旗舰店,回头客20万,2000+人付款,江苏 苏州,"退货宝, 包邮",款式类型:隐藏款 | 出售状态:现货 | 品牌:POP MART/泡泡玛特,https://g-search2.alicdn.com/img/bao/uploaded/i4/i3/2885348004/O1CN01iNsjf128ztEUfS0dw_!!4611686018427382436-0-item_pic.jpg,//detail.tmall.com/item.htm?id=988657985222&ns=1&abbucket=10&xxc=taobaoSearch&mi_id=0000bv-eoY8s8ikpTC1xsoi5YUJU_yoOfjxQTBS6W51hT_s&skuId=5954515461827
963676099339,【百亿】POPMART泡泡玛特 SKULLPANDA冬日乐章系列搪胶毛绒公仔,95,¥,,羊城老傅,老傅三叶草,8年老店,200+人付款,湖南 长沙,"已补10元, 48小时内发, 包邮",款式类型:端盒 | 出售状态:现货 | 品牌:POP MART/泡泡玛特,https://g-search2.alicdn.com/img/bao/uploaded/i4/i1/3008780965/O1CN01LWr7Wr1J01JhydMTB_!!4611686018427386533-0-item_pic.jpg,//item.taobao.com/item.htm?id=963676099339&ns=1&abbucket=10&xxc=taobaoSearch&fpChannel=101&fpChannelSig=c518c8820a94cc3c083e71b26932505f105bdb60&mi_id=0000mBY-GKwxUKMT9tPM_7NuTlk6IJTiD6lt4tgoTaQU5uA&skuId=5972068540170
978075446115,POPMART泡泡玛特第四代星星人美味时刻系列手办盲盒摆件玩具礼物,57,¥,券后价,克莱得威尔斯,潮盒CLUB,,1000+人付款,广东 佛山,"店铺满20减5, 包邮",款式类型:隐藏款 | 出售状态:现货 | 品牌:POP MART/泡泡玛特,https://g-search3.alicdn.com/img/bao/uploaded/i4/i1/3182089574/O1CN01bjZF2O2Kax1dgRRtq_!!3182089574.png,//item.taobao.com/item.htm?id=978075446115&ns=1&abbucket=10&xxc=taobaoSearch&mi_id=0000kxTmVYr1VXTbXU9tYHiDKphcc9zqtkXSB09P0SBz2fw&skuId=5933421848652
964604232552,壹号POPMART泡泡玛特星星人怦然心动系列手办潮玩盲盒女生新年,119,¥,补贴价,吉鲜宫海参,百亿补贴品牌优选,,85人付款,湖南 长沙,,款式类型:端盒 | 出售状态:全款预售 | 品牌:POP MART/泡泡玛特,https://gw.alicdn.com/imgextra/O1CN01ZZb0A91cA4ieHgYQR_!!2205835783559-0-picasso.jpg,//item.taobao.com/item.htm?id=964604232552&ns=1&abbucket=10&xxc=taobaoSearch&umpChannel=bybtqdyh&u_channel=bybtqdyh&fpChannel=101&fpChannelSig=c6edb9a9bf6232b969108691ad014d0f2d3af5b9&mi_id=0000Xa-7y-_G0aJ9j2osVjzckl9qxJHvAwzsU_L6ubfZrpo&skuId=6187273950408&maskChannel=bybtrs
990067944086,官方正品假一赔十LABUBU挂件吊卡小春天野鱼尾狮泰妹皇后米兰拉布布搪胶,201,¥,券后价,wing哥73098980,IM TOY潮玩之家,,36人付款,广东 惠州,"24小时内发, 包邮, 公益宝贝",,http://g.search.alicdn.com/img/O1CN01FQFThU2EkDN3XeXvx_!!4611686018427384302-0-item_pic.jpg,http://click.simba.taobao.com/cc_im?p=%C5%DD%C5%DD%C2%EA%CC%D8&s=1006950575&k=2413&e=UcTOThYk%2FOb9OEIBpq0c2gSX2fwugFBDyMJySEODEAr6fTVezKTJgRvpfxFTynLBR7gOeXpy8XBofUMc51klzkutbGujLHqFFRN5hhaky1QQY9uK6svreyaaAk0LZLjWMK8mApL3OQra%2Bv0D%2FTGTLFL0odAHstGl5KrcbH7sVHFj3yHySFGdk8bf57PUMOp26%2FPjAiV3xJE19KnrQglk8SWbD8hGOGdgcPO%2FEJ0uRkyLEkZi%2FcpZLI1kjHD6SisAL6XMgj4xi6zt6SYozw6Lc8gQz9Vozh9fa7zvzhJC%2FaFOBX%2FT%2FEfGld%2FIcObMwJgPozGSx0eJfKRe0Kq6Tpy8i7SpeQ5h3mp3JmRpArHRX6A%2Ffwz5nNLX%2BuCpDxV2JqUE21uMLKHpXShO1YrOzy3HJ51XGGA3hYUCGhxVNfSJFnSQSCympp3%2Bi3DvJ8HM1RE0oL9mcyyHDpq8HVWKaSKaLw%2BsyYYqOMH%2FqgAXDf%2F26rsY945AEoPnmy8QcIcvg3m4mKFqquPlQHAE4v0QbqqCr%2FeT%2F5hjxVW2M%2FNKwtikp3vKWhzA2etEPgYRXMe1hUGqsHrVPUrC8m2xBDiLajhLz7V2CFh%2Bt5VwAhcpTEGE%2BbELAnwFypeCCPiiCHPzZ5jblKJ%2BImO7Hj0YbGm%2FtTXAU26fCz1dheOGuX2HA9o2JC9%2FuFp41a2br0gVVGy29fVLKkBUJoDr9SNI4Cygx2%2BjkjRtFA138yZTB1%2BB8NHs4rh2L0CRViKBELYO9BFTqQkc00RAsHcKgSMGEVzHtYVBquN9AM4WeutKsN10yxIylOAyNWra1f4WJDzwBE5EShC7RNouKThs6HPBNJC%2FQWNRr0qMtdCx3x130jJkh4Qm6JExdfkl%2Ftma%2Br79teFVMIey8EAZ2zC4H4lCKCWIEWCNWBjhylKbD8KTFtL6OaEmHBPXtpLnnBHktluxDa7XqEnPFAMT%2BpKSUSPcUIytcFrp9VuZfKO2j%2BdBsGZT12fXPFd%2B96yZnhuZoSkH8FUoSC1xmq0ySMb%2BAP%2BddZv8hgbCdoSpJzldes7LNhyyJs6ddxCkbCgkwenrmDJMCspth4%2FayKMwRyK5v0fDfk9VAA1ZHxdKUwpB4BqLEvTFqT%2FE0T42VEiIVzEYqINJo3n9BUAZCJxwuBW5cp4wVfAgyd6Xa2wuI1Ibp7sD1V7%2BFRv0bO2qjhURi53ft7zTNupa%2Bz8gGfI5b1K4ufNsSyI0THO1RUMvPWM%2BpBDSXGSuOsL0Bks72u1O0hmT9mxDHEUPCySXljvdt5nn%2Fn%2FIIsg%2BrC2HiB1MEl3LNgClyQJ2TfBShH6OFWDJlQTpRYFTFjA5LnT3op1ERW7t4FrQpXunEqSKiJzkqzZB27xU5zFjOBv1Jo7y5i0n2pknFB6BK64aJzGWG76zubiJJL%2BkOS%2B%2FcFx6IR251Hw1lKYQLy213zuCAZNVkAwwKpe6xnJzSS41vBjK8sLOvy3OyeCkh7M51%2FpFUAnFg6kSMNSTy7RJGefpA2ByJ0HqWVG1S%2BquaFvdGCO45cgiZurIfqjlZOdx7XsXNGMLIFMoDZBmmXZltlMeoi61bwmVD7xxx1iXU5RBkUGD18skOiNx7nAk2r39sxccTlZmzaI6xOkNyE3CUy45No6u5MLrhY9Hn%2FPxgoSMyPs2ugxJKUh3dJtKZQqIaN70DK7kwuuFj0ef8%2FGChIzI%2BzargTlyPREdtDodY8kllj6k82ZqjcH8vzuh1MEFMkvc4G0k7MxzLvC9weoZ8vehVximl9t%2BuIid9KeJXouKYCffjfvbLa%2F%2BIdEbQF5pvq%2Fiw7lxTFE173%2B8Lwbb4BdhYyYXmiC4Fpw3tpNaHtBc5VLSqf8ySd0rHyAS0eLtC6kg%2F5hImpdQCsou7AtCaQy8SnM60ZLBetwQsSXGvlNmTx33kCF%2BEXsGQu9%2BRVCCLx3yFm3p6X5cku8gXRDZ8q8PNE49SLJZtrJB5iKL3pbi%2FQQFeRsCM7G1MLA%2FaBD3fowwwLxuiNnExzbpXzRzXDCOYgHYJDCOcKWJWPZfnYvaxE3C9TgNybVF9EXb3iIn%2F0YE2Of0vxGI8Mm%2Bu%2FMoY3HDoTlJBMUrAqtoW%2FnBiRotlBxbtx33N4siwcF9MMuItS8nvJtKAyMxvDvuU%2BbPVQbeX4x20P3usLFhOrBguH4zblglryt7g3JIsAS%2FNou7R%2FMFCD2QdQYTLi0Yr7jb%2B5ogdPNphWc1PGuhW8%2Be3%2FyjL%2Fr3we7ZJCPcKPDgwpQwbHpozD6AkKKZLsZ2X%2FoWjceunqT%2BWGdTcL5kZUqsSviA6272AfO2Wc%2B%2F7gbqKt%2Bq87BSJl6sipGv7px7dhwnDuL69yUVYUCTVDg6TU2WWsCIfdFPW9kTPGoUPS8JxYOpEjDUk8u0SRnn6QNg3QL2XrTW2Ac%3D&mm_sceneid=1_0_6587853948_0&a=xxc%3Dad_ztc%26mi_id%3D0000tIIPmWtKHV8Ym6Re4KBNQfbjxMiS-PJ9aYBZqetTjYw%26skuId%3D5954433948719&id=990067944086
980482082671,POPMART泡泡玛特星星人美味时刻系列手机挂绳盲盒周边礼物,66.9,¥,,tb936373320485,花卷潮玩CLUB,,300+人付款,湖南 长沙,"店铺满199减3, 48小时内发, 包邮",款式类型:隐藏款 | 出售状态:现货 | 系列类型:联名系列 | 品牌:POP MART/泡泡玛特,https://g-search2.alicdn.com/img/bao/uploaded/i4/i3/2219166387131/O1CN01ZPP6zV22Y3S6x3n4Y_!!2219166387131.png,//item.taobao.com/item.htm?id=980482082671&ns=1&abbucket=10&xxc=taobaoSearch&mi_id=0000FD53FWyUknx4kiW7_D0Wnrqg7DiuIFHAytGoPOW7iuo&skuId=6105587198064
969722359431,POPMART泡泡玛特 天猫抽盒机次数适用179元盲盒 不支持退货退款,179,¥,,泡泡玛特旗舰店,泡泡玛特旗舰店,回头客20万,1000+人付款,江苏 苏州,"热销爆款, 退货宝, 包邮",,https://g-search3.alicdn.com/img/bao/uploaded/i4/i2/2885348004/O1CN011hQpHl28ztENs54zw_!!4611686018427382436-0-item_pic.jpg,//detail.tmall.com/item.htm?id=969722359431&ns=1&abbucket=10&xxc=taobaoSearch&mi_id=0000ao9WngHippJOZiJ_g2zZ_dgaYzeMTT7PC9l6v1E7Mzo&skuId=5928339324135
920598335669,泡泡玛特拉布布THE MONSTERS怪味便利店香氛盲盒LABUBU礼物,774,¥,,泡泡玛特旗舰店,泡泡玛特旗舰店,回头客20万,1万+人付款,广东 惠州,"热销爆款, 退货宝, 包邮",款式类型:隐藏款 | 出售状态:现货 | 品牌:POP MART/泡泡玛特 | 商品状态:全新未拆封,https://g-search3.alicdn.com/img/bao/uploaded/i4/i3/2885348004/O1CN01PEJfVD28ztEUOLIDR_!!4611686018427382436-0-item_pic.jpg,//detail.tmall.com/item.htm?id=920598335669&ns=1&abbucket=10&xxc=taobaoSearch&mi_id=0000-0QOX1wr98iSBIpGEcD2FdK5rx_LgWYaKn11lgEWjcU&skuId=5824373528196
1008007987580,POPMART 泡泡玛特molly400熊猫奥特曼唐老鸭黛丝加菲猫万斯女篮,754.99,¥,券后价,浩浩183577,星飞潮玩,,24人付款,浙江 温州,"店铺满699减5, 24小时内发, 包邮",出售状态:现货 | 品牌:POP MART/泡泡玛特 | IP名称:加菲猫 | 适用年龄:全阶段,http://g.search3.alicdn.com/img/i3/2438600170/O1CN01wYa1oJ1D7uRnhG140_!!4611686018427385322-0-saturn_solar.jpg,http://click.simba.taobao.com/cc_im?p=%C5%DD%C5%DD%C2%EA%CC%D8&s=1006950575&k=2329&e=45U%2BJUQN6%2Br9OEIBpq0c2gSX2fwugFBDyMJySEODEAr6fTVezKTJgRvpfxFTynLBR7gOeXpy8XDztUcN8YuB%2FxhYHZYYBqwHEBkg5Rd24wUQY9uK6svreyaaAk0LZLjWMK8mApL3OQra%2Bv0D%2FTGTLFL0odAHstGl5KrcbH7sVHFj3yHySFGdk8bf57PUMOp26%2FPjAiV3xJE19KnrQglk8SWbD8hGOGdgcPO%2FEJ0uRkyLEkZi%2FcpZLI1kjHD6SisAL6XMgj4xi6zt6SYozw6Lc8gQz9Vozh9fa7zvzhJC%2FaFOBX%2FT%2FEfGld%2FIcObMwJgPozGSx0eJfKRe0Kq6Tpy8i7SpeQ5h3mp3JmRpArHRX6A%2Ffwz5nNLX%2BuCpDxV2JqUE21uMLKHpXShO1YrOzy3HJ51XGGA3hYUCGhxVNfSJFnSQSCympp3%2Bi3DvJ8HM1RE0oL9mcyyHDpq8HVWKaSKaLw%2BsyYYqOMH%2FqgAXDf%2F26rsY945AEoPnm%2BDn852n%2BgJ%2FhjjTyRj8HBeoAh7ifhfOfEjq%2BWqeJsmb5uE9VNUZWa1afOXgNO6OaYrM1jroxyN5a8tOyFcMLLSqC61nz4yJkgazEZdUKLtE2x4jqWqVO5RD68OzhO3AMjPcLBTo%2BF%2Fmo3dbF4y3TF2MiCrzVBgNWfr0Cz0tIk6O78U%2Fh8YU%2FtC0qwhXiRXAHH2EGWnXm1Fc8FJfl0RCVbs5O8rjHVY64eTExBuws8YgGcQCdhbJv%2FsFu8IfSuODafhwbQi13UAJ8DJ5zQzeKgDllIzrBAQX4up1VZltnB9bC62LKMuBNBCyHFSrBv6H9bTMrjuVc%2BTSDTTer2EzN7zxcNkKuRmY6JHJ%2Fi7xSLh8XY04Apr4QYAMWMRBvVZI0pBWije9vD%2B5xw9lm7sH2JFAi%2FlKvutwi6V%2BAlsXQtR0WOe2gQCHvtL%2FHpejMQ2pYwUMWslFz5vSjfjRv8zwFLlQMv5bdwwIGI1We1hd8MzhYrRX%2BacOHz9nkCM483jdb89Tu65QvDATsjEEofb1dgtvk3Zh0IFfo%2FtkljiZxi5zk7Gdkdus8%2BPKvTFST7ic1LMaNBsudDAd80NeV9vYo5pekwixvKGsP9rM3FauREEE1XZZ1FfohRzGMLDacFTD83bjL8NTJECVym8HjNGSVFqkk4fiG6gsuAE5Us9B%2F5GFHARULt%2BhBRpwj3ljm1BRKvy7%2Fm%2BEu3z0M6nh8e4KJbNhB1u3v1UkZlDHFS%2FJ9mlz037ukk1uoI%2BZ18EKg%2FQn4nVbXUr9RBhJSkMmUgmQXa7T0dmQS3CpkURRujR1TLVvj1%2FK538ISEm4h1SoYgsx841h7AwiwUXX9uCgXogCmJZn2Xp%2BCtPexb7v%2BxbXNOJWXemHwDG5pStJBMUrAqtoW2UGrSRmX8z5E2oHlURK%2FTv2XuBp7lWylqXHyCcCNx47rr6peXAUwhBRX73vwZqlkg4omC706GJP7b1KTcTGq35N%2BZTzTbZNu45NiEnrdjPSXTus%2B1PoYw7EDVnWcKY%2BC7m6FJeMReVFC0mgixLA01Q0GmNbI765Y12pa9XYhJnErhLMC1wQ66Nnl2bPYnMS04xN55HRRQ1WkoYZOoNGqhKKzNY66McjeRqwhlsylHpmVBNrwEifp9xqBcgaylMZUe1AFPOX4Sr3%2ByK%2BFtTRfdQiTsl2z5KLL1xpTlFOrz8Lwc9Txu3fh7nQSe9QSZEwwxdWzUiNdBzf1iqdFPZmIODrqCeTWmGVgRjEhFFq1J3Q1%2Fq56nOqjpu3ufW9I3EGyEg%2B5OYGjI3YmVWl5qBjc%2BObaigXIrdzVRw%2FiKHaO9qoX%2FoWjceunqR6k09BTqXslGWYforo9%2BRkWtt%2BT8xYEcuX%2BQtqBAFOqY0ZVOZLLmGcRNiL0iZEEnZJd6BIzfrd6gDaeqLa9vzDW0DN4k2tFbn2J9Y1bYThADbmqr2HUpQ42CjeyYlo1pUxhAUNC3IzctocTUTO7%2FhobhNbQsRf6l8OU07qTyneOOIZUTP7p96ddUJ7y4y8qyyDDY0DbfhhENQ8npF6HEmNy%2FXZuicaaPcwQC%2Fycj9%2BaxOPQY1YGd40ptTeFf6XTSU%2F9aSCuRtAbteriNLXxjvRQ6IfvV5%2Bgy8H5nvjdfzxo7V3Q4l9sQgvuZJOvY1mOjMb9vYTguX4yMp8W0NY7VTmr7jb%2B5ogdPN%2Fk1tivlM94abmlJqhG1V25w9yGFTvfOlgpJDvOIPhTQXmgD4rcFNtsy6%2FeGDxLdhDk%2FA3H%2B%2F78GQxzPHYPChviB%2BSpKK%2B8%2Fddyxq1K8TJIeHWDTVcpFaDDkzy%2BBbByFUARLZq9jReHw%3D%3D&mm_sceneid=1_0_2438600170_0&a=xxc%3Dad_ztc%26mi_id%3D0000W0YUdXQWXEGUcCv4XPGMvFVeuJv8ghd6WmFhTeBWiuo%26skuId%3D6173615410301&id=1008007987580
902019812942,POPMART泡泡玛特DIMOO限定时光系列盲盒手办潮玩桌面摆件新年礼物,95,¥,首单价,威威小伟,小公主盲盒商城,回头客6万,1000+人付款,广东 佛山,"直降6元,  3期, 店铺满500减5, 48小时内发, 包邮, 酷动城",款式类型:隐藏款 | 出售状态:现货 | 系列类型:联名系列 | 品牌:POP MART/泡泡玛特,https://gw.alicdn.com/imgextra/O1CN019OHt1A1TBbUfv73mW_!!611722344-0-picasso.jpg,//item.taobao.com/item.htm?id=902019812942&ns=1&abbucket=10&xxc=taobaoSearch&mi_id=0000ZmVVvDsDJ3rJh2I4pfSJF5lkosX7yRilDUIBYnbKVek&skuId=6165616951972
978776095720,现货pop mart泡泡玛特dimoo如果今天星期八盲盒手办潮玩公仔礼物,78,¥,券后价,3秒鱼木兰,潮玩星城,7年老店,700+人付款,广东 佛山,"店铺满200减5, 退货宝, 包邮",款式类型:隐藏款 | 出售状态:全款预售 | 系列类型:联名系列 | 品牌:POP MART/泡泡玛特,https://g-search2.alicdn.com/img/bao/uploaded/i4/i2/768286524/O1CN011S0t4i1y431dn4ego_!!768286524.jpg,//item.taobao.com/item.htm?id=978776095720&ns=1&abbucket=10&xxc=taobaoSearch&mi_id=0000PAovhv8tYRP9N8EqMLzCNXecTZL4xvwAsnRXutp5pzI&skuId=6102704579579
,,,,,,,,,,,,,
851205668635,POPMART泡泡玛特 Hirono小野小王子联名系列手办盲盒潮流玩具摆件,36,¥,券后价,林下之夕rea,UR TOY盲盒商城,13年老店,6000+人付款,广东 佛山,"店铺满29减3, 48小时内发, 包邮",出售状态:现货 | 系列类型:联名系列 | 品牌:POP MART/泡泡玛特 | 选购热点:淘公仔,https://gw.alicdn.com/imgextra/O1CN01VKRYMP1wpYuB3gqFy_!!524736357-0-picasso.jpg,//item.taobao.com/item.htm?id=851205668635&ns=1&abbucket=10&xxc=taobaoSearch&mi_id=0000fvFD7AIeX3XtwYl7sFYJAFmR8JCePKyOrTXwssDTJjo&skuId=5969982586529
934088391430,POPMART泡泡玛特123星星人123系列手办盲盒潮流礼物礼物,72,¥,,tb0596875361,BOOM潮玩,,100+人付款,重庆,"店铺满99减3, 包邮",出售状态:现货 | 品牌:POP MART/泡泡玛特 | 商品状态:拆盒不拆袋,https://g-search3.alicdn.com/img/bao/uploaded/i4/i1/2216239564558/O1CN012P32RE1jXcM60zcON_!!2216239564558.jpg,//item.taobao.com/item.htm?id=934088391430&ns=1&abbucket=10&xxc=taobaoSearch&mi_id=0000Y8I4-wXQY4BiRwp7-vq05BeMqj0q8Cvf7lTNo9U67lE&skuId=6097870079832
970058833913,纯手工泡泡玛特小野天使改娃diy摆件盲盒礼物摆件生日礼物含礼盒,319.13,¥,券后价,七月份的小米粒,Hirono手作,,800+人付款,浙江 宁波,"淘金币已抵9.87元, 包邮",材质:PU | 材质:塑料 | 玩具类型:公仔 | 出售状态:在售 | 品牌:POP MART/泡泡玛特 | IP名称:小野天使 | 适用年龄:全阶段,http://g.search2.alicdn.com/img/i2/505600194/O1CN01NJ2V3c1DItrpdJgLp_!!4611686018427386050-0-saturn_solar.jpg,http://click.simba.taobao.com/cc_im?p=%C5%DD%C5%DD%C2%EA%CC%D8&s=1006950575&k=2361&e=NAYsI4gABq%2F9OEIBpq0c2gSX2fwugFBDyMJySEODEAr6fTVezKTJgRvpfxFTynLBR7gOeXpy8XC7Shak%2BGYZVktNfzk%2BunaiCnIW79%2FykUUQY9uK6svreyaaAk0LZLjWMK8mApL3OQra%2Bv0D%2FTGTLFL0odAHstGl5KrcbH7sVHFj3yHySFGdk8bf57PUMOp26%2FPjAiV3xJE19KnrQglk8SWbD8hGOGdgcPO%2FEJ0uRkyLEkZi%2FcpZLI1kjHD6SisAL6XMgj4xi6zt6SYozw6Lc8gQz9Vozh9fa7zvzhJC%2FaFOBX%2FT%2FEfGld%2FIcObMwJgPozGSx0eJfKRe0Kq6Tpy8i7SpeQ5h3mp3JmRpArHRX6A%2Ffwz5nNLX%2BuCpDxV2JqUE21uMLKHpXShO1YrOzy3HJ51XGGA3hYUCGhxVNfSJFnSQSCympp3%2Bi3DvJ8HM1RE0oL9mcyyHDpq8HVWKaSKaLw%2BsyYYqOMH%2FqgAXDf%2F26rsY945AEoPnmwWdBv%2BCoJyGxWMuj5xXEyAE4v0QbqqCr1NHofL2lWNVXMWaVQttODp%2Bu0Qc5LnjxnvmEqZWclqKDZjW8CJi9I9pVwLuGqVQGk7iXINf7Lyf9INr0Iul5R6Yxex8i%2B%2FqSrV96%2FDGyp8mkheUvfMTQ2v7lqc3IFF4jS5Xm%2BvqurYXC3ighI3AcBUJm6%2FENoFVcWqbjOAU1UdVUQqFzX4%2FlBJI4Cygx2%2BjkjRtFA138yZTB1%2BB8NHs4rh2L0CRViKBELYO9BFTqQkcnnOAj4Y%2BWt575hKmVnJaikWpxX5R26O91zcjt88FwlLpBDoFKKS%2FZRGRyPJutC9PI9gPMsTsuRdzhanrfSEJIbLZLUyFvCe3uZJOvY1mOjNxNSVT8pV0faF0y0jILrCCQIv5Sr7rcIvO2H9L9SlUnetb4UrZQ%2BCGf0mAvS1LVsp4GNnC0Hl62bBYU9mCYpKJrLd3YvRCL%2FwnEPsYod%2BCoG5yL74xHAl68Wt2hWm4cy3V4raKcx68E89KaSjTcBo1HcT58n22lXPqh4bP0dsO2cyP9AnnnYrjM563PxsuVBGw9YovtbB6XlcAv7gaydj%2Bxo4Mn48OuDG9HYogEil7a2vwB97TcDGhXnzzUjuqUjMxUQ4MA6agN%2F0Ld%2BSDnJALi44SBUAHR4r5MxoC6PVIDhPVEqipiWMu%2BXLtSUlwE7echhHGis645ZZC0nKtiYOPP6FPVdFhnbmEhMpSN6xha94pa08LqAQMjd8l10r8kGaKR2c0Di9T6aHtv%2FMK%2FyLYRT%2Fq58B8empourNdkdnbmMh4Mze67PG%2B87XRrVHGAZFZcKHwTqRuW82%2FW2lk6WqWMSbF5zmWIAAVM7BnPfV5xgEWGJp5depk5G5ftaTKjVnfNZCLSTHgAaQ5L79wXHohHbnUfDWUphA8DRZ1ydCml5J%2BjGWkRAahcnNJLjW8GMrIPK7MYfREk76qP%2FmK21oeCcWDqRIw1JPLtEkZ5%2BkDYHInQepZUbVL6q5oW90YI7jlyCJm6sh%2BqOVk53Htexc0tHoX77Tkog5Yv7KHd1ISQoiFaU6Q2Dc%2B3Y9YO%2FpQwlCiN%2BlUO%2F4mlAGH%2FjsHIKT9qo74qyfZvLk9mcMqW7ASTRWPQ13IlqZX5y8ghu4PKGLPi2eT4mXW1%2BDmGTcHh9ClFY9DXciWplcaLmhjZw1%2BcyaaAk0LZLjWV9UEQV%2Fh%2B2E21yipVCVCPzn3wuUjPeWzqIEZYQeCk0SC%2FZhWkm%2FjR%2FmgKz%2BvFWUTJs3BMaS%2BRcH%2FnSNCCBThb7e59b0jcQbImsliduRDpeuuFcNoFhVSWiJgScX008aEiJK%2FWU4DCv%2FmvDoOaawNJK8biyqcdZGmrmmvGGM2hKo7AYVtaMlGMslfEGoCRBzz%2FdlhLReStTh%2BRVCCLx3yFm3p6X5cku8gXRDZ8q8PNE49SLJZtrJB5iKL3pbi%2FQQFeRsCM7G1MLA%2FaBD3fowwwLxuiNnExzbpXzRzXDCOYgHYJDCOcKWJWPZfnYvaxE3C9TgNybVF9EXb3iIn%2F0YE2Of0vxGI8Mm%2Bu%2FMoY3HDoTlJBMUrAqtoW%2FnBiRotlBxbtx33N4siwcF9GuuVIKtZzBaN8wzVPioM9tzcxKrLdVtDGuyBgEuPbceS4TNNQn0qDFjEQb1WSNL7jQZ1MmUBHJUpQ%2FaRrromQ8FSVDm6YJNlnqrDgWb21zwYa03zyCdi66uVDg5l880CXeGELs%2FQKgQWZF9v6dft1eK2inMevBNW0PDK6X8h1RzEW0Z2Of%2Ff8eJ6nVnC%2FcSQy7HyulYL1gsKPSRjTdM2ARYYmnl16mTiSKCCSmXZPXUgVqjgAAi0gvCZmnb%2BUnImvQhPKtCq2Q%3D%3D&mm_sceneid=1_0_505600194_0&a=xxc%3Dad_ztc%26mi_id%3D0000onEUQHabmbK7_d9en6prUGk0y9DWEv_8NKqBWrHNO74%26skuId%3D5732198110070&id=970058833913
957571134953,【官方正品】泡泡玛特 LABUBU拉布布3.0前方高能公仔毛绒盲盒礼物,210,¥,券后价,那木潇傻,BOX丨正品盲盒,,2000+人付款,广东 惠州,"官方立减12%, 包邮, 公益宝贝",出售状态:现货 | 品牌:POP MART/泡泡玛特 | 选购热点:淘公仔,https://g-search1.alicdn.com/img/bao/uploaded/i4/i4/127497641/O1CN01I4uBv526JdPsEflFP_!!127497641.jpg,//item.taobao.com/item.htm?id=957571134953&ns=1&abbucket=10&xxc=taobaoSearch&mi_id=00007yidBnP3h13ZzwYAggpNO6RTd-1JonoB2vV0IqMgUjU&skuId=6052384683316
1001666168486,POPMART泡泡玛特Nyota你我皆星辰系列手办盲盒摆件玩具礼物,63,¥,券后价,克莱得威尔斯,潮盒CLUB,,94人付款,广东 佛山,"店铺满20减5, 包邮",款式类型:特别版 | 出售状态:全款预售 | 品牌:POP MART/泡泡玛特,https://g-search2.alicdn.com/img/bao/uploaded/i4/i4/3182089574/O1CN01SWRcMn2Kax2l3dANM_!!3182089574.png,//item.taobao.com/item.htm?id=1001666168486&ns=1&abbucket=10&xxc=taobaoSearch&mi_id=0000ib6PTO3aJHIH1lkvucu0G7kLUh2a86qlAUgbvM3ja8k&skuId=5987762801809
974149037157,POPMART泡泡玛特Twinkle星星人2代来自星星的礼物盲盒手办公仔,56,¥,,tb200207133,百分百TOYS,,300+人付款,辽宁 大连,公益宝贝,,https://gw.alicdn.com/imgextra/O1CN01jBfe6R1mpt29yhR4x_!!2201298825004-0-picasso.jpg,//item.taobao.com/item.htm?id=974149037157&ns=1&abbucket=10&xxc=taobaoSearch&mi_id=0000JkPEzG0PQx_iu8inm62MHO1qnck_XNwg7n8zG06uQqY&skuId=6124216567828
963300677868,POPMART泡泡玛特拉布布LABUBU慵懒瑜伽系列潮玩手办永生花生日礼,341,¥,券后价,肖寒1112,GRENLUS格琳露丝,8年老店,40人付款,湖北 武汉,"官方立减12%, 包邮",出售状态:现货 | 品牌:POP MART/泡泡玛特,http://g.search.alicdn.com/img/O1CN01kvNor62GTO0atZspM_!!2558799016.jpg,http://click.simba.taobao.com/cc_im?p=%C5%DD%C5%DD%C2%EA%CC%D8&s=1006950575&k=2349&e=lsmPdVsw5lj9OEIBpq0c2gSX2fwugFBDyMJySEODEAr6fTVezKTJgRvpfxFTynLBR7gOeXpy8XCr5ObRccYtPZmVDiredlyipi1U1gUkZw4QY9uK6svreyaaAk0LZLjWMK8mApL3OQra%2Bv0D%2FTGTLFL0odAHstGl5KrcbH7sVHFj3yHySFGdk8bf57PUMOp26%2FPjAiV3xJE19KnrQglk8SWbD8hGOGdgcPO%2FEJ0uRkyLEkZi%2FcpZLI1kjHD6SisAL6XMgj4xi6zt6SYozw6Lc8gQz9Vozh9fa7zvzhJC%2FaFOBX%2FT%2FEfGld%2FIcObMwJgPozGSx0eJfKRe0Kq6Tpy8i7SpeQ5h3mp3JmRpArHRX6A%2Ffwz5nNLX%2BuCpDxV2JqUE21uMLKHpXShO1YrOzy3HJ51XGGA3hYUCGhxVNfSJFnSQSCympp3%2Bi3DvJ8HM1RE0oL9mcyyHDpq8HVWKaSKaLw%2BsyYYqOMH%2FqgAXDf%2F26rsY945AEoPnm9qtIi5VVtXBTI9hOSzoPDJhcYPmgDtgnmmSGITgAupA0vMsajwKItbBaKz9rX5FbZso0KnI%2FQBqGop4K4F2VdBUxqZL8S6v47%2F2RyK7Uq%2B2nb9W153n4zAO3KmAbz1PCyJeo82vP%2BhFI8UZMLpUtq1V1c07xyYDlwOva%2B01xVIf6hp3FR%2BcnheqS9LjePl0Diqcp0qATzoUbpruMuTYhDHkxMQbsLPGIBnEAnYWyb%2F7BbvCH0rjg2n4cG0Itd1ACfAyec0M3ioALaR%2BCPu1P6tawDPLekjUDUI42ZIQxjI4EjnNdFStqYaz1X9lAAOGU%2ByHF%2BSJwYgV3An91ypPNTPt6sJq3iFQNGi5uTr8rkbQ87eQKUzlDhb4jc491lgC9CDavkuLr8TH%2B5MR7%2BAkE2x1ehN1yshOP399x%2F2eWiVQt%2BBYksDw%2FfUUydnK2MzXanQbEZw%2FthyXfYKu9FZpQJt%2B96yZnhuZoaWBpwDVDEDWBkmJBGIs%2BKynPZbHAwJrMv7SUbfCHCqMvcdFAQ25CcmkbCgkwenrmDJMCspth4%2FayKMwRyK5v0fDfk9VAA1ZHxdKUwpB4BqLEvTFqT%2FE0T42VEiIVzEYqINJo3n9BUAZCJxwuBW5cp4wVfAgyd6Xa2wuI1Ibp7sD1V7%2BFRv0bO2qjhURi53ft7zTNupa%2Bz8gGfI5b1K4ufOj4CTamF2BHXFbXURaN1Q%2FXGSuOsL0Bks72u1O0hmT9mxDHEUPCySXljvdt5nn%2Fn%2FIIsg%2BrC2HiB1MEl3LNgClyQJ2TfBShH6xkpPKqn9EDSPFGTC6VLatVdXNO8cmA5cDr2vtNcVSH%2BoadxUfnJ4XqkvS43j5dA4qnKdKgE86FL7zilAfZW1TtkO2GVGaIaG%2FaLKGMF3x28FKK54sCPPfEb%2FKKs70AS66U68gAQOE8yeGIZs5jVBHh5q6debAIVRMjetWXHwJ1eHWDTVcpFaDDkzy%2BBbByFW7XrQwHamxsB3jN7E%2F%2B6qtuPfGRS%2FLpIKXbWRet7NnPRomtgVqWKarv%2Fp9KGNPH7yZV5x1i9QWMWS2pXm4T2xZsP0ypoVtoIrRBxbIXIDBoRnOvv2VSgsiPvPRXD%2BaBPH5BQsaryVH920Yf4gzzmvHk3isYKMQsNXzeg5FEsBSlfkFCxqvJUf3LfBpml2MGk0iTsl2z5KLL1xpTlFOrz8Lwc9Txu3fh7nQSe9QSZEwwxdWzUiNdBzf1iqdFPZmIODrqCeTWmGVgfSszo%2FULSs1QUxfHPFOQm63ufW9I3EGyJ5O0mbaQ%2BcxmVWl5qBjc%2BP9PGeCXNNtthw%2FiKHaO9qoad2Cy3f1EbG%2F1Gs5SE%2B5C2tjhTJ2udM1OwGFbWjJRjLJXxBqAkQc80RtqNdxPIjGvIzBB9g27F29DFd55y9nGuPSPERV3HIGZ0yT7l4lFuKFLfPMUA3PolgXi8IL9anqyXuJlTYKjeSXjtvyIG6ADFXjOekrXPrLVliugTVudXPj1gZTTGZhc45f1kVZSEudIuPxEtfdRrMy1wPec9YSSYfliJrPexk6ue4m%2FCDDwDoMs%2FFCzsoZw2d8m3i6Xrsfwhgh0N8sazm5C3%2FNEUKZHWrMrSntMklUMXGgBE5%2FDqrtqPNWCP52Fs3HIqIEXYWdMXX5Jf7Zmvq%2B%2FbXhVTCHsvBAGdswuB%2BJQigliBFgjVgY4cpSmw%2FCkxbS%2BjmhJhwTXQ0C27%2BEKzkyLq88rGvIvp6x%2BzIKg1BWwWis%2Fa1%2BRW0ZxGgGqtwndHfAnDzB%2FmTENGOkD5CMBWfI6ZPAkeeBnVjkjz96sG2eXcsatSvEySHh1g01XKRWgw5M8vgWwchVAES2avY0Xh8%3D&mm_sceneid=1_0_124819861_0&a=xxc%3Dad_ztc%26mi_id%3D0000vYE3k1A_Odi1ghLWnRrf0V8_A_z41wkf_8RVt0P9s80%26skuId%3D5903367176824&id=963300677868
1014771756050,泡泡玛特星星人挪车电话牌高级感2026新款停车号码牌车载临时摞车,477,¥,,tb108932064956,萌车饰语 汽车内饰品,,59人付款,福建 福州,"官方立减12%, 淘金币已抵3.6元, 退货宝, 48小时内发, 包邮, 公益宝贝",材质:金属 | 款式:立体 | 风格:可爱 | 品牌:POP MART/泡泡玛特,https://gw.alicdn.com/imgextra/O1CN01WRMoIf2MctyJLpqjY_!!2219570419849-0-picasso.jpg,//item.taobao.com/item.htm?id=1014771756050&ns=1&abbucket=10&xxc=taobaoSearch&mi_id=0000VLmgJZi5sVrTp01dfVKXRHNdRWMUJxfTRkVP2wlumwA&skuId=6018956945798
1004965935697,POPMART泡泡玛特CHAKA琉光曲系列手办潮玩盲盒玩具桌面摆件礼物,34,¥,,吴陈0809,伍伍潮玩铺,,51人付款,江苏 常州," 3期, 包邮",款式类型:隐藏款 | 出售状态:现货 | 系列类型:联名系列 | 品牌:POP MART/泡泡玛特 | 选购热点:暴力熊,https://g-search1.alicdn.com/img/bao/uploaded/i4/i2/2644373718/O1CN01kLSvtS1dKtgZhPHYZ_!!2644373718.png,//item.taobao.com/item.htm?id=1004965935697&ns=1&abbucket=10&xxc=taobaoSearch&mi_id=00002XETq6aIY1fnJRgYl_jRgredAmZV2gVyZ6PgvX1s-ZI&skuId=6000444812428
1017478524722,POPMART泡泡玛特英雄联盟中路对决系列手办盲盒新品阿狸周边摆件,63.3,¥,,077lh,TOP ONE潮玩聚集地,,1000+人看过,湖北 武汉,包邮,款式类型:隐藏款 | 出售状态:现货 | 系列类型:联名系列 | 品牌:POP MART/泡泡玛特,https://g-search3.alicdn.com/img/bao/uploaded/i4/i4/2796191444/O1CN01gVfDgb1MXP2SqfrP7_!!2796191444.png,//item.taobao.com/item.htm?id=1017478524722&ns=1&abbucket=10&xxc=taobaoSearch&mi_id=0000ZUwaeeKoOgdfFB7EXabbQOvldNVXwHgl6GCi-9NT0uo&skuId=6188773494282
960513654694,POPMART泡泡玛特SKULLPANDA新品sp11代庭前墨梅系列盲盒礼物摆件,36,¥,首单价,谭梓琳lin,欧巴手办盲盒,回头客8万,1000+人付款,广东 佛山,"直降4元, 店铺满500减5, 48小时内发, 包邮, 酷动城",出售状态:现货 | 款式特点:静态 | 品牌:POP MART/泡泡玛特,https://g-search3.alicdn.com/img/bao/uploaded/i4/i1/2580405343/O1CN01aYoMBz1pL9BKBt64E_!!2580405343.jpg,//item.taobao.com/item.htm?id=960513654694&ns=1&abbucket=10&xxc=taobaoSearch&mi_id=0000CNHFNakLjBed-jBpTaXn6N8GtGv7ngbWZkLAJSUT5-o&skuId=5138009360682
801199885207,POPMART泡泡玛特ZIMOMO大首领天使LABUBU搪胶拉布布大娃毛绒公仔,298.9,¥,券后价,曾啊啊啊啊81373209,巨无霸正品潮玩,,100+人付款,广东 惠州,"店铺满88减1, 24小时内发, 退货宝, 包邮, 公益宝贝",出售状态:现货 | 品牌:POP MART/泡泡玛特,http://g.search.alicdn.com/img/i4/6560205617/O1CN01TWMktk1rMdp2eGr15_!!4611686018427382577-0-saturn_solar.jpg,http://click.simba.taobao.com/cc_im?p=%C5%DD%C5%DD%C2%EA%CC%D8&s=1006950575&k=2401&e=06xfWCiKXYf9OEIBpq0c2gSX2fwugFBDyMJySEODEAr6fTVezKTJgRvpfxFTynLBR7gOeXpy8XCQUO3WRYhiyyRP3esBRVXq8oRvssCF%2FBmBnRbj8e5a5SaaAk0LZLjWMK8mApL3OQra%2Bv0D%2FTGTLFL0odAHstGl5KrcbH7sVHFj3yHySFGdk8bf57PUMOp26%2FPjAiV3xJE19KnrQglk8SWbD8hGOGdgcPO%2FEJ0uRkyLEkZi%2FcpZLI1kjHD6SisAL6XMgj4xi6zt6SYozw6Lc8gQz9Vozh9fa7zvzhJC%2FaFOBX%2FT%2FEfGld%2FIcObMwJgPozGSx0eJfKRe0Kq6Tpy8i7SpeQ5h3mp3JmRpArHRX6A%2Ffwz5nNLX%2BuCpDxV2JqUE21uMLKHpXShO1YrOzy3HJ51XGGA3hYUCGhxVNfSJFnSQSCympp3%2Bi3DvJ8HM1RE0oL9mcyyHDpq8HVWKaSKaLw%2BsyYYqOMH%2FqgAXDf%2F26rsY945AEoPnm6TVij%2FotJFsEkekJn7c%2FzFBH%2BcFucM7k3XoDfWiWewHqR6YrNOtKbub21hxZ7PsdyKbMcytRE1xXkLPa04EM55XdR8074VXnXB13oIYJjg3aXarCfdwhHbRDaw%2BcVICbNJhu1QWj%2BjUO%2B8d6PP7sjZsXhK%2BS8J60%2FXazqVSxNUkrtA6sZ0C5B%2BQunxxmUvH5I3oLDw2545JCSByjWduHjEPqm3duHEri2rZZHkfsLrNTd2U60HfOVmJotl%2FwuM5m4YW8G%2FRN1Pe6neLI9LdmjYdd43GdVY3PjnCqEUcmr4lkTFywKBeSdoixe27%2FX3xpLdaCTg7I%2FPxS6L%2FAU3hKUOvK3uDckiwBL82i7tH8wUIPZB1BhMuLRivuNv7miB082mFZzU8a6Fbz57f%2FKMv%2BvfB7tkkI9wo8ODClDBsemjMPoCQopkuxnZf%2BhaNx66epGS0PfuEMB5C8k5YGmxdDun7BL8U9DwXuPX0IWephLr7amEQPgE%2BURqi1JUDoTvvMZksd2HvVW8HeWNchZHu1%2FlgnSYuYRrQSZz8%2Br3dojHoLKT0mXLLrV%2FxGmMcBxdMU6c770m8kVbFjJ%2BRYeY8Jozl2JypAfF0gYSh3AKHA62ni9RIV%2BRs00ffmROeixd6BG6QHKhMVrQSY5l2TJyGxY5tkz1ZU9kNol0t%2FJ12sDx4fyDEzBb%2B%2FnXx4jUF8%2BGqxV%2F8uKz8lW60YjQW89J1qhnL98%2F%2BNB2rx7h%2FmgksPbb915x176p2M60yj6eanrI8tSPHoXOQgih2neWRMKqkqXvbzfTkJSnCw7hamRv5JROf9f8BH8LxIaSsPT1DmcggDcd4WEnvJWsiWPfrzBptp8ylV00bOlOIZiiQQJ2yJ135dlG4JKbQcvQtdsOstd0ZLr9osoYwXfHbwUorniwI898rlIYcdoar2DnO41NMr6SHJ4YhmzmNUEeQunxxmUvH5DzJJ%2F%2F9Hqll4dYNNVykVoMOTPL4FsHIVbtetDAdqbGwHeM3sT%2F7qq2498ZFL8ukgpdtZF63s2c9ePj6FgcRWvcZLN%2BGR%2FMP9XSdNoznjZzC6ReCKZr04uHAAXt5I5xo%2BcUkAI%2BEup5xvg1MBnJxPfE%2B89FcP5oE8VlifXFOYP27aEnTb7Z97rGTeKxgoxCw1fN6DkUSwFKVWWJ9cU5g%2FbvRIqpQtHJzUiJOyXbPkosvXGlOUU6vPwvBz1PG7d%2BHudBJ71BJkTDDF1bNSI10HN%2FWKp0U9mYg4OuoJ5NaYZWBl5W5OfklEsJ%2BFgFN1PC96Le59b0jcQbIRmL2Htrymz%2BZVaXmoGNz4zYKVQJAZ9GDHD%2BIodo72qhf%2BhaNx66epHqTT0FOpeyUXJupw4BpuzpgN9CytS8T7pf5C2oEAU6pjRlU5ksuYZyG8US8mQAEj0l3oEjN%2Bt3qANp6otr2%2FMPWwA%2B6Gr4oxmk9hVcBz1tR704kZg2O2oUGYRqEcSd8akSqyx3hz%2BxDIKEScJe88DikQOMUInJnrg70cNnXhT%2FgUCl43ersRQZp6JfBIgXA%2FzpHRHMXBjOtWn%2B7lxJqMWn91AiD1SwaOM%2B4xH1DNGATcRJ5jB8lvOe5BE7oP2gFgy4tN9NA5fTbOPksOrS3Jo8WjfMM1T4qDPbc3MSqy3VbBkZCR7znc9gieUDpvPcKKgxYxEG9VkjS%2B40GdTJlARyVKUP2ka66JkPBUlQ5umCTZZ6qw4Fm9tc8GGtN88gnYuurlQ4OZfPNX%2FoWjceunqSb8kq%2B0DFre6aCN2Bjkbiew9TMQOm4tjcHyjWclwXHJ2KIGibZ2HAAZUbQ5bH3f5FI%2FcXiGgikkugCKK%2FjnBCOFlmg0N1kkfyDKdgJS%2FkPzlg7J%2FXwhxpDgeMgz9FByPoL7nxii1obDmy2Zef7PY5q&mm_sceneid=1_0_6560205617_0&a=xxc%3Dad_ztc%26mi_id%3D00005vr2rbhLpf_lIAplZmGKg15xZO2euRD-YmbkCWiBbWQ%26skuId%3D6196482795433&id=801199885207
955632595598,现货 POPMART泡泡玛特 罗小黑战记2人物日常系列手办盲盒电影摆件,46,¥,券后价,tb635122055870,OXTOYS潮玩集合店,,900+人付款,浙江 杭州,"店铺满39减5, 包邮, 公益宝贝",款式类型:隐藏款 | 出售状态:现货 | 品牌:POP MART/泡泡玛特,https://g-search1.alicdn.com/img/bao/uploaded/i4/i3/2218650259077/O1CN01hAOqDT2GvKAJVXA8s_!!2218650259077.jpg,//item.taobao.com/item.htm?id=955632595598&ns=1&abbucket=10&xxc=taobaoSearch&mi_id=0000lj3t8XpoBE80GNS0pAppZyiUZkWHEDL76Sf7ohc4Xco&skuId=6048585387698
823246584387,共鸣泡泡玛特跃动青春耀眼的你系列盲盒小美志摩周边手办摆件礼物,54,¥,券后价,tb160998713,SP正版盲盒店,回头客10万,7000+人付款,浙江 台州,"48小时内发, 包邮, 酷动城",款式类型:隐藏款 | 出售状态:现货 | 品牌:POP MART/泡泡玛特 | 商品状态:拆盒不拆袋,https://g-search2.alicdn.com/img/bao/uploaded/i4/i4/2208399554429/O1CN01cOcSNe1iaX9crZHbW_!!2208399554429.jpg,//item.taobao.com/item.htm?id=823246584387&ns=1&abbucket=10&xxc=taobaoSearch&mi_id=0000N7NyCDXhrJ98uky1LMKfQpP23O5eUmKRgneX66sEH4I&skuId=5943757124249
910835962508,POPMART泡泡玛特CHAKA烛语系列手办盲盒玩具礼物摆件,69,¥,,泡泡玛特旗舰店,泡泡玛特旗舰店,回头客20万,1万+人付款,广东 惠州,"热销爆款, 退货宝, 48小时内发",出售状态:现货 | 品牌:POP MART/泡泡玛特,https://g-search2.alicdn.com/img/bao/uploaded/i4/i1/2885348004/O1CN01L0wEo228ztEUFFMYj_!!4611686018427382436-0-item_pic.jpg,//detail.tmall.com/item.htm?id=910835962508&ns=1&abbucket=10&xxc=taobaoSearch&mi_id=0000WN2_AMett2YPEx15bTH_t_C7AKc-MZiPgbvNrxu2LaI&skuId=5963991675782
1013252274118,POPMART 泡泡玛特 星星人怦然星动搪胶毛绒挂件盲盒手办潮流玩具,93.99,¥,,tb0673212314,嘟嘟潮玩店,回头客7万,500+人付款,江西 南昌,"店铺满799减10, 包邮",出售状态:现货 | 系列类型:联名系列 | 品牌:POP MART/泡泡玛特,http://g.search.alicdn.com/img/i4/3499666437/O1CN01TV0OAc1xQCasmvBgA_!!4611686018427382789-0-saturn_solar.jpg,http://click.simba.taobao.com/cc_im?p=%C5%DD%C5%DD%C2%EA%CC%D8&s=1006950575&k=2413&e=shFnpiTVOoH9OEIBpq0c2gSX2fwugFBDyMJySEODEAr6fTVezKTJgRvpfxFTynLBR7gOeXpy8XC3ocSiyzQGpTts1cxSrqf4c7VLbux%2FMQ2BnRbj8e5a5SaaAk0LZLjWMK8mApL3OQra%2Bv0D%2FTGTLFL0odAHstGl5KrcbH7sVHFj3yHySFGdk8bf57PUMOp26%2FPjAiV3xJE19KnrQglk8SWbD8hGOGdgcPO%2FEJ0uRkyLEkZi%2FcpZLI1kjHD6SisAL6XMgj4xi6zt6SYozw6Lc8gQz9Vozh9fa7zvzhJC%2FaFOBX%2FT%2FEfGld%2FIcObMwJgPozGSx0eJfKRe0Kq6Tpy8i7SpeQ5h3mp3JmRpArHRX6A%2Ffwz5nNLX%2BuCpDxV2JqUE21uMLKHpXShO1YrOzy3HJ51XGGA3hYUCGhxVNfSJFnSQSCympp3%2Bi3DvJ8HM1RE0oL9mcyyHDpq8HVWKaSKaLw%2BsyYYqOMH%2FqgAXDf%2F26rsY945AEoPnm6TVij%2FotJFsEkekJn7c%2FzFBH%2BcFucM7k3XoDfWiWewHMm1IxMEbfAAwo3K2ggfd3h5RlDZ0NE8czQUFz2qBBf0xcpqBkuUfFP7d%2Fg0WKWptfwwxnx5NI1jzJ15bVcAGzSJRrWC5JTgN0FGJ1ZMM4zEsaORB0lQ8Wbzyq5NAnpmtT0SxEV3IgGGEaJCZ%2FYySH19sl9K5T1bC4CgHAa%2BPcfp8G%2BxKwpLappFbHKHwaYPayepbLVXm%2BMU5gxsME%2FeWWzK6BZzTixtePk5YObe99dAvzWV4I%2F%2BmNzdwyNFj2PagcZXc5Lytcm5mqLHAqjvVH8DllyERVDvBvWPqD5Ifa16sWXI40FRMVjF1%2BSX%2B2Zr6vv214VUwh7LwQBnbMLgfiUIoJYgRYI1YGOHKUpsPwpMW0vo5oSYcE9e2kuecEeS2W7ENrteoSc8UAxP6kpJRI9xQjK1wWun1%2FTJRb5fjcrBLayU3zg6LvINITSGo5EjmaoXIQPpwGIbVc%2BNirN6u1VH9dELxt1fAa%2FB94ifwlhna1bG2lweblN4r1SO5CBwfMf0s1AYaA3aw9YovtbB6XlcAv7gaydj%2Bxo4Mn48OuDG9HYogEil7a2vwB97TcDGhXnzzUjuqUjMxUQ4MA6agN%2F0Ld%2BSDnJALi44SBUAHR4r5MxoC6PVIDhPVEqipiWMu%2BXLtSUlwE7echhHGis645X5xyfxhopotpOw3eES3f9iEhMpSN6xha94pa08LqAQMjd8l10r8kGaKR2c0Di9T6aHtv%2FMK%2FyLYRT%2Fq58B8empourNdkdnbmMh4Mze67PG%2B%2Ft3%2BDRYpam3wDSu%2BIzgQajFymoGS5R8UHlGUNnQ0TxxSAMG8rfyxp%2FMnXltVwAbNnBFjyt5TkCcYULmo3%2B1c5IbZgscSDQ4%2FzrE%2FrZkf4XnEEZAQE5AQLyxo5EHSVDxZTlL0czYrHrOyGxPTP3r0v31DQhSS4H14QEA0Lno8y1rXZt1iVoJT7%2BE4xIhfU9sS02vlhBvp%2BiJnn8LYu8rhXqY7dHk0%2FwkWmRucPHnRZtiNzDxSpQYE34Fcz6HLB5NebL98EECd9uVrlI9p4yVODaGtHIYL%2B4So7PTHOLDFlXwUP%2FlBCtVOY%2FjfImiASJIPPk5YObe99dAsDSbYikCwntvN9OQlKcLDKfHW6%2Bt3fhPt37jryWGUdUf7xBBBbgHbZpSmRCk35SPqlHfccT80M0h7M9tHALQzHYMI%2F3RJW771qpajTJiYrpYO4qMGZF4JXtd9uWE%2FYIvJsFZQEX0qV9SsGC7TWuc%2BV0nECv8J9xptBEyaD3hVQSfU4KT%2FLyC3HUmC65QgZwWQy6aQQMFcc%2FNK44yYaI6cJFa%2FRSW64aQ3JfPoiqJKoMiHWxWVYMiuOwGFbWjJRjLJXxBqAkQc80RtqNdxPIjGHRtfKr5TVCm9DFd55y9nGt5I25dtJD62XRDZ8q8PNE49SLJZtrJB5iKL3pbi%2FQQFeRsCM7G1MLA%2FaBD3fowwwLxuiNnExzbpXzRzXDCOYgHYJDCOcKWJWPZfnYvaxE3C9TgNybVF9EXb3iIn%2F0YE2Of0vxGI8Mm%2Bu%2FMoY3HDoTlJBMUrAqtoW%2FnBiRotlBxbtx33N4siwcFJVxjNfU2rDptKAyMxvDvuU%2BbPVQbeX4ztlDEUJpUzH%2F7%2B3pAy8z%2BI19kCybMjacmkkzD4sd6KI5V9RypwfLPB8qX8v%2BhOvkuQxme58F%2BDdWYi6aIqMwPgcQA%2B91CI99zzSuOMmGiOnLyZqmFr0mj8QL7ZVVzH3%2BJk6VQlHBGpipeyScXyS4VNB0ot1nV8woUtjzI3tGm2cZDxAmoh2gOtb2LN8wikGz5xrsS%2FFK6QgRllYvrVwoOOWDsn9fCHGkOB4yDP0UHI%2BgvufGKLWhsObLZl5%2Fs9jmo%3D&mm_sceneid=1_0_3499666437_0&a=xxc%3Dad_ztc%26mi_id%3D0000i8jX9zzdYk0EPyj4mKSGO7EHosDOA5sFUF3AIvPCQow%26skuId%3D6018135153349&id=1013252274118
970730866026,泡泡玛特拉布布THE MONSTERS森林秘密基地拼搭积木LABUBU礼物,1335,¥,,泡泡玛特旗舰店,泡泡玛特旗舰店,回头客20万,2万+人付款,江苏 苏州,"退货宝, 包邮",适用年龄:15岁以上 | 玩具类型:拼搭积木 | 品牌:POP MART/泡泡玛特,https://g-search2.alicdn.com/img/bao/uploaded/i4/i3/2885348004/O1CN017m9ztO28zt6mezusm_!!0-item_pic.jpg,//detail.tmall.com/item.htm?id=970730866026&ns=1&abbucket=10&xxc=taobaoSearch&mi_id=0000dDwclnoEu-CivREdeSmbZw5VLS9W3vpwuZQALmAKfbA&skuId=5481810445183
1016998936942,POPMART泡泡玛特 英雄联盟中路对决系列手办盲盒潮玩摆件新年礼物,33,¥,券后价,林下之夕rea,UR TOY盲盒商城,13年老店,1000+人看过,广东 佛山,"店铺满29减3, 包邮",款式类型:隐藏款 | 出售状态:全款预售 | 系列类型:联名系列 | 品牌:POP MART/泡泡玛特,https://gw.alicdn.com/imgextra/O1CN01A0rYXg1wpYuTfgF01_!!524736357-0-picasso.jpg,//item.taobao.com/item.htm?id=1016998936942&ns=1&abbucket=10&xxc=taobaoSearch&mi_id=0000VOgIBQnQZyC2NxRBDRBKlNBKgQfhb-AkWwSWZGH-2YI&skuId=6188795807548
984473149940,POPMART泡泡玛特Hirono小野诡乐园系列手办盲盒万圣节礼物摆件,77,¥,首单价,谭梓琳lin,欧巴手办盲盒,回头客8万,1000+人付款,广东 佛山,"直降5元, 店铺满500减5, 48小时内发, 包邮, 酷动城",款式类型:隐藏款 | 出售状态:现货 | 品牌:POP MART/泡泡玛特,https://g-search2.alicdn.com/img/bao/uploaded/i4/i2/2580405343/O1CN01Zl904p1pL9H84Xf4s_!!2580405343.png,//item.taobao.com/item.htm?id=984473149940&ns=1&abbucket=10&xxc=taobaoSearch&mi_id=0000M0eysSTPL0pIipdDpBC67OzF6-4usHP4m2wilZyW3Q8&skuId=5946742233720
968531263452,POPMART数码宝贝冰箱贴系列手办盲盒玩具桌面摆件生日礼,56,¥,,吻yun,FASHION大玩家,,800+人付款,广东 广州,"48小时内发, 包邮",款式类型:端盒 | 出售状态:全款预售 | 品牌:POP MART/泡泡玛特,https://g-search3.alicdn.com/img/bao/uploaded/i4/i4/630048486/O1CN01DfPfYq2CYe6GM6bh8_!!630048486.jpg,//item.taobao.com/item.htm?id=968531263452&ns=1&abbucket=10&xxc=taobaoSearch&mi_id=00002KBeDgK4Wl8j5j08e97nwMCmtOnraYNqMbU2nf8LEkE&skuId=6084051795129
961660866986,POPMART泡泡玛特CRYBABY豹豹猫猫系列搪胶毛绒挂件盲盒,79,¥,,泡泡玛特旗舰店,泡泡玛特旗舰店,回头客20万,6万+人付款,江苏 苏州,"热销爆款, 退货宝",出售状态:现货 | 品牌:POP MART/泡泡玛特,http://g.search2.alicdn.com/img/i2/116045295/O1CN019f24QQ1ozAHiYfuyD_!!4611686018427385327-0-saturn_solar.jpg,http://click.simba.taobao.com/cc_im?p=%C5%DD%C5%DD%C2%EA%CC%D8&s=2099773489&k=2401&e=jA4y1B8ZcRl%2FeyTbgmwHW2eZ0pYHx9RJs1WqrHpaw47iclrwm1%2BgyFB0IGq9TqbFzA0fmR%2FcbnLMkqVPkXtGyTyMLa6G8BsgEVdgrXu9KdHdgKIhk4xaY7RLQX1lb%2B0ZtNImHtB1R4PuYRlapYGUba6GmOvVgMn3hZvw4n%2B0PzwP1e2btbf3q1XqlvotQtZ4Nl%2BkTNikZhQ6CVxmKbU%2BNJRlq8bWdxHy6NfiU6EspkPmuS%2FyVD2T4xIJsqWhKNeEFED9I8eXpiUGIOrY0OuXldZZzp75sqDMwE1JMCZYABe90pBECnDYLQkcP7PXe%2FuUbRiCXz%2FNK7I39%2F0J4pFgVM%2Bh0wKjC%2BQ%2B5ZoRx60jO0G6HsTJQWvhg%2BsJcJT66HDmvNHGPXy2xBuhVA4Nv9PTl8BwhAJnhKIrNDeiwZchWUYu6axGFXkaKXcUDLlvV%2FPKr4JJH3I3XA1AOQYKiAstN%2BGdQfS1ULT55zLGtoppIpg8pj2HBNKgk8ywfMu32XKdc%2FKYMrO7lYHWeDFr6fC95BC1jlObJhdShMMoxSndIFLLSvgZGtKXKs%2BwXkcsxAVW%2FOwosJKg54bwL%2Fx89YN77TdYPg4dBAXR4qDJeP0QVjLuv611RLcphnx4dLN3J9n4a%2BPTMxI%2BdITKpGYjMRN1AVU7DZQqsYMf8UNmQoMsyyRK4ejkplgl0yA0%2Fn3CYxLadSrPYO50FyOXnUHRmUTngyXNs7A1G0pi9beDgOzMAPF%2BWJDYrK86bmcp8rJF9lk39I6nzc2flyGRO3KLHGiwuOgUzQpSaA4Rx0HPa7UTtZT5eoSXq9sCh3MxhmC%2F2g4EkDcF1iG6bEDE1PJ8lzgKbM7lrgHlAScFteP3PUy5fUb4nNJs0ZooT0c5Sf60ZGQ9%2FIaNwM6OnrDeI%2B2VIcwVD76w5K3WSzsQ1yXqy0K80C2CNUITG3q2ZEUrp7c5iTX65fxebEYBlPjd4T9Ao%2Fq%2FQArksV%2BQyGW4YkwWMleTnuclx5B66IZOt3R3hCGI%2FleMrqTtsxS6xFWC1IXQgvUPPyg77woTS4F%2FM51TwwSutgZOo67C7iwiZ5Z8qWLX8lDT54nQo42JBAxjComcQwM%2FWdefYrj9szZM7GWR8i0u19S3oaMctNU2urM9vYNmU5Z3aWmM00qp1rD8oyIrdMPcZPuYlqwR53R92%2B1WonBWgbZOZMzQsdDnRc9oIVBAAa2W8%2FTKsB2ntlz%2FcyaWOFRN%2FQuvAFokSD%2FwWTvpfWXJKuuY3kqaLAydKdcwCQsIan12b1vfQJy45%2Fyj8tTwnNp%2BnIsDrORpfvnh0nanoGjUl5Y3WD4OHQQF0TvCdgT13Ado8C%2F8fPWDe%2B3PsF5HLMQFVtnOWC7TvLLG7r%2BtdUS3KYaAiUEKefVDaO0qh1R2EDzLZaYvBQmxyYZdy103rHDLJ84KDkjR3eNc1yfzHKtH6shCcqcGROgPg0rh6OSmWCXTTXpvVvTjpZ4IDDWTVGt%2FodyUMWVT9H1mO0Kr2xNI6ria4%2FxTUeMvKFBXHq4qbiecT3UOiqRdjknqDJQ7atRzMkNyji8tgd2ubFKxas%2B3FKbYKJ56Lvq2Zf0Y%2ByT%2Fxp8mQHbxpB%2FbtevzpjyWVBqaljxAMNPaO7CFBS8YpecSQEsgQi20c9PZQ%2BGlxTjbNmO71z0OgFBE5HQFLxil5xJASyBCLbRz09lD92TwrrrWchzB1T51Whoa8wRYQdOIKEe6aiRM6vvzieOhnL1NF76EiV%2BRGd%2BQOwFiI0ONmJk8u%2FviM079mhP4CSorB9hCtRTlRXkuJ8nkjuuDDm7VSdbAWwTpGOMpGmij1vxVj3NdYKeq7lwl36qiyPXk8uqcdjvFSIG5I9BDSBFGgCecVn672quxRBILIDfzrPkpUJJgM7LbdkpNYk3A9ePm1D%2BUwmjxoObCHBWIPHUrwjLgyBh%2BG9rICx%2B9OneZypSSyBKZY04IR6IFCGCYf%2BS%2FHH5g0TJ3e3fe0KV3j3zam4vbqbIBoagsWkGtaW3TpE3bJAFyYXQsN7npIDXZCbjA8J3ievfoJWo3iv9Nhcqa2yHBjFo6b6pWXWK9xzSeFhrjCxj4hbJY4EVSi4RFQT%2Bg6kIVQBSVdQG%2FjZRfSjpwHTM%2BErcnxk25qY6wHDbH%2BRm8aL9BQdIjLApnAEO7g%2Fpirdh4NqaB%2Bl6WDmuK4rPHp1pwLo4%2Fd6V0h8CR%2FuUXrxvvsRX6a1KN1BMCX0cc0uqK5cFjpsmnWzpohHUK1WcIQKKloCVJy%2B1BJ%2Bat8xcoFssJBwNGVi1nNR9nuuwi1bbt6Ip%2B0SfRpouJpp%2BgnpMdPMBhQvqy%2FcqkZiMxE3UB9qbfp3nYOmAbT5MQuWrDe8seBsjFU1zUCAw1k1Rrf6HclDFlU%2FR9Zr6X%2F1kH7s02&mm_sceneid=1_0_116045295_0&a=xxc%3Dad_ztc%26mi_id%3D0000OimV-1EZMC64GBbPN7hyvi8N36QQKiipFembcQGsdS0%26skuId%3D6081574355537&id=961660866986
991129421052,POPMART泡泡玛特DIMOO新生日记系列搪胶毛绒挂件正品盲盒礼物公仔,112.99,¥,券后价,liluwxy,POPBOX正品盲盒,17年老店,5000+人付款,广东 广州,"店铺满699减30, 包邮, 公益宝贝",款式类型:端盒 | 出售状态:现货 | 系列类型:联名系列 | 品牌:POP MART/泡泡玛特,https://gw.alicdn.com/imgextra/O1CN01TZDkWN2A3NqvCLTcj_!!58118147.jpg,//item.taobao.com/item.htm?id=991129421052&ns=1&abbucket=10&xxc=taobaoSearch&mi_id=0000Mj9GH36yCBuUkT3Aw14-GGkOV4nZvTQ2bTDkHqWVPHU&skuId=6125288942305
919585388268,新年情人节礼物泡泡玛特小王子永生花玫瑰摆件跨年新婚结婚礼品,369,¥,首单价,摇头摇头un,First sight初见花礼,,500+人付款,云南 昆明,"官方立减12%, 直降26元, 退货宝, 包邮",出售状态:现货 | 系列类型:联名系列 | 品牌:POP MART/泡泡玛特,https://g-search3.alicdn.com/img/bao/uploaded/i4/i4/2627598392/O1CN01MivdkY2Braq0dEZui_!!2627598392.jpg,//item.taobao.com/item.htm?id=919585388268&ns=1&abbucket=10&xxc=taobaoSearch&mi_id=0000IiuWz9FXXAEpyapaQBtWHj7TwfGlE5F_mbUcb8RnDIg&skuId=6175046546031
987084819701,POPMART泡泡玛特THE MONSTERS 十周年系列手办盲盒LABUBU礼物,59,¥,,泡泡玛特旗舰店,泡泡玛特旗舰店,回头客20万,9000+人付款,江苏 苏州,退货宝,款式类型:隐藏款 | 出售状态:现货 | 品牌:POP MART/泡泡玛特,https://img.alicdn.com/imgextra/jz3_3/2885348004/O1CN01XoSWWt28ztEPBt9Ag_!!2885348004-0-alimamacc.jpg,http://click.simba.taobao.com/cc_im?p=%C5%DD%C5%DD%C2%EA%CC%D8&s=2099773489&k=2273&e=HeGWLqjEcaV%2FeyTbgmwHW2eZ0pYHx9RJs1WqrHpaw47iclrwm1%2BgyFB0IGq9TqbFzA0fmR%2FcbnLMkqVPkXtGyTyMLa6G8BsghD5O6J%2FfKUTdgKIhk4xaY7RLQX1lb%2B0ZtNImHtB1R4PuYRlapYGUba6GmOvVgMn3hZvw4n%2B0PzwP1e2btbf3q1XqlvotQtZ4Nl%2BkTNikZhQ6CVxmKbU%2BNJRlq8bWdxHy6NfiU6EspkPmuS%2FyVD2T4xIJsqWhKNeEFED9I8eXpiUGIOrY0OuXldZZzp75sqDMwE1JMCZYABe90pBECnDYLQkcP7PXe%2FuUbRiCXz%2FNK7I39%2F0J4pFgVM%2Bh0wKjC%2BQ%2B5ZoRx60jO0G6HsTJQWvhg%2BsJcJT66HDmvNHGPXy2xBuhVA4Nv9PTl8BwhAJnhKIrNDeiwZchWUYu6axGFXkaKXcUDLlvV%2FPKr4JJH3I3XA1AOQYKiAstN42GtMYk3jf50bRRoM5EGEftm33HMBjw9x41sI6KmPcq7DgDR8WDt09cZMpazvWALXNbDKhx8JX9LBU5KNyXqSE6PmPqqySnk%2B3eHAbhMBThRAmI%2FcYGwHiFJaok58mSNjvleF4Rn4q0c5Eskyv6L9hr%2BoO9X2QPo%2BlS5noi000cchhOdGjddIRwUmFnTLWeyMCM1dhoGmpEZPriUcT8iGzVb%2F7JZi%2FdfwOdzSQeeEpP%2F82mRQVqWhLxSnfkWHmXILvPOqdqKdmeHunrFVGyUk3UfUArDde4PPvVC9%2B%2BKboEt6KA4DAZ44FYdX0Ly1D7dLYAVzuWmcmOBZrnmO28XKjtQHZYR6Umn%2BS%2FLv1TZzr95LZEdlq2PvpRb5F41XaV1YYb9TWqE30Mtufm8l2rPttc61yQHA%2Fnojivtq%2FQLpfvvMZ6KRC%2Bc2frvcH0bdiNun8BVUczHCUbTFeVRaE576B3F4EwVzfY6aRr56wi37V2cFJhZ0y1nsixovfD%2FsVn3H6UMFlll3s07bGPnBhkLQJDca7o8aIqlY29InLGq3SndPwtJx2MRedNiWLlIFLz%2Bcmkn3IDj9KFKJK4HadGlvtkG7hNSGGe3Hch07q6Ms1w8DLsey9%2Bqin9MVWW011eLHlrvLLoU7KWD9FwIPsm1ZUNUmiMVSfmP30maXBSjPnv6n614wj6SxqNPQwZ4p2VXlnBE19h3FOlMYZHBHzdUX99xRlGoyPF1j5m%2BvPJqXGdXgkxWP7mqOCVUjjvfJp6Okt4wX%2B7O3uHsoEVMwPflhX0NmVoCuwjIywAByr2ytR9uRsDD1Awx%2BLH0OWTB0TNVwyi7Rig1l%2FGlqpNCOnQUucmkf5L256Utx8tCrAN%2FMRxqo62Kf1N%2Bz33I2s86UK3pe3eHAbhMBThLQDuN0ID3lPXv%2BsWfNLXwqo%2BAt5ni8S3z9Eab7HPRiQ1S%2BO4EE2TPTXudkZe1gN4SNHaqVOrAqwymJLFnhi0S7fOeYmnPqgNwU253pu8OvdT9arresaWjOOv%2FLh8KYjFRYmQZ46VR%2FAKBUEm9ag%2B%2BqDkesfW1CBzNDF2v1Pl5LF7T7iIFYotswbinZ12h64vvMZ6KRC%2Bc2d%2B2yGGVSjVyhOUQ5kpEpNPwLVWgvywLLK8xnopEL5zZ%2BGH1u2uHN59kG10mqr5xHYincNc5B7jIGkjfz8Gd2ZisRtAikqh7J4HIMKhef8p160MLBXs7rmRpgy7Ce0KUaQM31VgaXyCb1nz%2FBK1Lj8%2FxYNGX02drEnwTYTaNH2eJ0WrygUJJDb5q2IU8oMA8m2O1vLSmREeHKsFCCbgrZ6VZgNs70wq3EYuU1n3yMI8Nhh4uUXW305zcQXQi7VUz%2BAAh1wTJC5hO77dY3mkKweW0PgbTeuRON1AcNS6akgiyiee5%2BQ9H4PGACi9WE4uXuuR4NasbyP5J9dEkQyEUBPB0ATzOo%2FZAM3EEyH0oH3sXdxAgoUvRfT%2FQU0uL3lrKLBd0p2olATPRZLfe157Bbw%2B%2FRvMswws8kpXnqkCrTFR0l0USut51tLSomx2a17AIbYKucnyJA7lN4dmu7haSErqPs7zo799EjG7OHak%2FDN3g%2FLVUmv8S5Zxkt7eKLr430XJ2bee0AL%2F75KnT%2Bh3nCrZH7QAUfL9hhjmW7YbdM%2BuKkKzm9uG8H2PANfmzpiCmSrgQe%2BMZUkRPs%2BTeefSsWcChk50SdMeONc235sBBpKrwe3eHAbhMBThCaMqxi8tMQT3paYTAS5GCRDJYReY5rgwTcIONX3BoxzScewVlueZttRfr6l6EsMX&mm_sceneid=1_0_116045295_0&a=xxc%3Dad_ztc%26mi_id%3D0000NOn4BC6Gt2Nw4W786_6maI6jFlR-zo8Pr7oJH3B5sm8%26skuId%3D6021279468592&id=987084819701
966513801561,现货POPMART泡泡玛特星星人我们都是星星人系列盲盒可爱手办摆件,79,¥,券后价,鸢鸢鸢啊,星星人Twinkle Home,,700+人付款,江苏 扬州,"店铺满288减10, 48小时内发, 包邮",出售状态:现货 | 系列类型:联名系列 | 品牌:POP MART/泡泡玛特,https://g-search3.alicdn.com/img/bao/uploaded/i4/i2/3158977623/O1CN01af9cxr26BOHCZdEJ6_!!3158977623.jpg,//item.taobao.com/item.htm?id=966513801561&ns=1&abbucket=10&xxc=taobaoSearch&mi_id=0000bJgHWPaPWlR174UbkaT-odby-otJlSRi1CMej2OJrgc&skuId=6011917191429
969936816834,泡泡玛特THEMONSTERS前方高能系列LABUBU ROCK THE UNIVERSE毛绒,576.9,¥,券后价,李超越0922,TOP DOLL 俱乐部,回头客1万,1000+人付款,广东 广州,"店铺满299减3, 48小时内发, 包邮",款式类型:特别版 | 出售状态:现货 | 系列类型:联名系列 | 品牌:POP MART/泡泡玛特,http://g.search1.alicdn.com/img/i1/1392190029/O1CN01pMtlIi1C5Kbk56FrE_!!4611686018427380301-0-saturn_solar.jpg,http://click.simba.taobao.com/cc_im?p=%C5%DD%C5%DD%C2%EA%CC%D8&s=2099773489&k=2425&e=xcBjk713Bf1%2FeyTbgmwHW2eZ0pYHx9RJs1WqrHpaw47iclrwm1%2BgyFB0IGq9TqbFzA0fmR%2FcbnIf43wpcrNhdtEw4IrXr10SDbm50okDdP8196FS2a9nQbRLQX1lb%2B0ZtNImHtB1R4PuYRlapYGUba6GmOvVgMn3hZvw4n%2B0PzwP1e2btbf3q1XqlvotQtZ4Nl%2BkTNikZhQ6CVxmKbU%2BNJRlq8bWdxHy6NfiU6EspkPmuS%2FyVD2T4xIJsqWhKNeEFED9I8eXpiUGIOrY0OuXldZZzp75sqDMwE1JMCZYABe90pBECnDYLQkcP7PXe%2FuUbRiCXz%2FNK7I39%2F0J4pFgVM%2Bh0wKjC%2BQ%2B5ZoRx60jO0G6HsTJQWvhg%2BsJcJT66HDmvNHGPXy2xBuhVA4Nv9PTl8BwhAJnhKIrNDeiwZchWUYu6axGFXkaKXcUDLlvV%2FPKr4JJH3I3XA1AOQYKiAstNxkq9mzbs31nlVFSp7MljtXlz%2Bgjzc0RrYyCfiNYbJqY7ht0%2BZzXoZftm33HMBjw9x41sI6KmPcq7DgDR8WDt09cZMpazvWALbgdKnOumSmQSfeu94OmEbYY3mrLbUxFeFEF94lpkgIsHLLd0uh1dftfYoD%2Bfw1Br1ti4F%2FZM6owLw6V0wpZTHAL7kSy63BHu9CkLNmLDvycDTOBD1Dc2g4UkwRgGjIvi1bqzW35Gpp79PayZHizVqZJ6sQ8EKxDa4peLHrAv9sPhqm%2BnaCQboTUUqBVP0YqGLvPOqdqKdmeHunrFVGyUk3N6yvrlH%2FlQ%2FSYUw3fuTFJX5dPhn4BcJ5ZRzYMTMvL9PghcRgq1W6zathENEVLTzj4Zlczg2Ejqz54pRQEHkvF5T0U%2BPgyqT5mnhbmpeZWmY0Wj7wAFkOatufm8l2rPtuj%2Bl%2FPdSPy3ENGxE%2FfLwJ%2BcRX6bW1mQbr%2FmxeabnO6jbVxQqlvl1xVVacUzniDI7pYR7wgabxOcs3rK%2BuUf%2BVDbcGaPV1%2Bj45gSqzql9oAzrMKq%2BkeVFKG2VPwSfSAvrD0B80H9%2BZnLk39UGltmCCqz0i30choKNtYem3utZd%2F59aCRInCiO%2BRU611SA25ev7AZouwSSF0DpouwiXsdMbNnjuiDhOFqtGobNKqG0P8%2B3G0I66AwN1Relf2okXlzwNydvGqCIdaW0OYtkdIan3ln1UTfyyZVYNLMJOV9g8ZzCPhxNH3e6ySnjJO3WxyIKppj0uH6WTSa59znkM%2FSVok1fhefjlH3y%2BHEXl9BgaFhz4ZFQh7PIS2ZNaREVv6%2F7mGf6aOIA3uRdEvdAhgcDQeGQ%2Bl2q3I2QKJdBdEd1BdZtaMKgcNRJacQhHFpP6%2FqB8u3nLdNy09asu1hfVusVhCBJznUsIrIcIW4QrHUt4ABRTHbMBm8JHDcLMqE3RuLYYYj4VAT7nElpmrz7oknmBPQGd7maFcEZ0dUoqLqqIRP3W1qGz0b%2FVt1uDP6uXRaU4SLWK0O6tLGnn7Ooq28hVjvh9bWTPtGZmnYjcpY7ObElBNqC2nNBuEM4NLX8c9wceFo5zMKEQm%2FWzrpc%2FAyDSiAOmNFLC5NOpZ99pKo0dpbE6wYMIdh3nTjmsMr0%2FumBryyHhAu9YJ3WR6JEi6EU2N1RAdipCMjMhO4w1WEy2%2BxrTBAtD8Kc2vuE6ev6H4qe4qgwKtDAQKjDGqp51MVx8FtMEC0Pwpza%2B4Pja94ccr0jpnPgBBlyFwx7LEfxt075UC%2Fx4%2Bo9NPW59mvpq6rP3Al%2FPN2H439A0R2NJuTcQ8KupZrnOGBi7Dx7Q0Tfz7Q%2BQe1nz0Ycj00nEF0Iu1VM%2FgWaUDBi5wH3awbmqDY%2BWZYlbI2FmDwDdTvc3WfB7od9JVpxTOeIMjulRqDYaJkHdnKsTVBfPAVuK09%2FKovHq%2FhsiWSCJsrFIM8SAbQY8om73QXeBC%2BY1RJdcTJKZlWpzKcHUvFB%2Fy%2FO0t%2BWY3N8hQ8u2h7PfhbDKeg2hajD7Y8GzbWWS0P026LsK6f%2BhniDStT1Q%2FvBTqkREr9DPBQftA6S%2Fk%2FKEKlsLCuTcb6BdkWZcTZP6V8%2Be66fqsJOwWaaOWJyOtBdK8%2BjHaxCXxR%2BiQqKqOtin9Tfs9tWAzxl1%2B1S9ZtxOt2L%2Br991RB%2FuroUji1pg%2BjQdhHcPa%2BIhs9hKV2UE%2FJqGT1AtcScQl1lr5Q7fktkR2WrY%2B%2Buhn5lGxJ9jWXyMzx0UjKjTCkA5V3GTBuD1uOa6BZeJq0e1zdN%2BUXtAmnn9j1gHDOu1BJ%2Bat8xco7jP7XSLCX6pBJ70zSVMFpV1SbcsyVBEJyyRhonAYpcG4HSpzrpkpkOaGelN%2F37rosUJ5X8p71eaVNNdzeYGB0lti4F%2FZM6ow8mMtt0RqpCAO%2BHjrbEO3Qr4fW1kz7RmZp2I3KWOzmxKMXuoqzXu1xA%3D%3D&mm_sceneid=1_0_1392190029_0&a=xxc%3Dad_ztc%26mi_id%3D0000NjDlHZ72pQJwMCs1Gd8NzGaYJjacS19EniHiqhq3zTM%26skuId%3D6083113511915&id=969936816834
969737620820,POPMART泡泡玛特星星人美味时刻系列现烤小饼干毛绒挂件礼物盲盒,94,¥,券后价,tb160998713,SP正版盲盒店,回头客10万,1000+人付款,浙江 台州,"店铺满39减5, 包邮, 酷动城",出售状态:全款预售 | 品牌:POP MART/泡泡玛特,https://g-search3.alicdn.com/img/bao/uploaded/i4/i1/2208399554429/O1CN01nJM5V41iaXGWoJtbp_!!2208399554429.png,//item.taobao.com/item.htm?id=969737620820&ns=1&abbucket=10&xxc=taobaoSearch&mi_id=0000jg7oKqbLh9FAsCN6QktCd6bF9FVWN7noSfArrfw2IcI&skuId=6100500250597
959601966886,泡泡玛特MEGA ROYALMOLLY1000%漫缦花落·绒公主400%PTS限定摆件,44799.9,¥,券后价,李超越0922,TOP DOLL 俱乐部,回头客1万,85人付款,广东 广州,"店铺满9999减200, 包邮",款式类型:特别版 | 出售状态:现货 | 系列类型:联名系列 | 品牌:POP MART/泡泡玛特,http://g.search1.alicdn.com/img/i1/1392190029/O1CN01MuvBT81C5KbmzqblR_!!4611686018427380301-0-saturn_solar.jpg,http://click.simba.taobao.com/cc_im?p=%C5%DD%C5%DD%C2%EA%CC%D8&s=2099773489&k=2393&e=RTh2NFZwbGh%2FeyTbgmwHW2eZ0pYHx9RJs1WqrHpaw47iclrwm1%2BgyFB0IGq9TqbFzA0fmR%2FcbnKtV35TBy6bl9Ew4IrXr10SeD4sYNFHxaM196FS2a9nQbRLQX1lb%2B0ZtNImHtB1R4PuYRlapYGUba6GmOvVgMn3hZvw4n%2B0PzwP1e2btbf3q1XqlvotQtZ4Nl%2BkTNikZhQ6CVxmKbU%2BNJRlq8bWdxHy6NfiU6EspkPmuS%2FyVD2T4xIJsqWhKNeEFED9I8eXpiUGIOrY0OuXldZZzp75sqDMwE1JMCZYABe90pBECnDYLQkcP7PXe%2FuUbRiCXz%2FNK7I39%2F0J4pFgVM%2Bh0wKjC%2BQ%2B5ZoRx60jO0G6HsTJQWvhg%2BsJcJT66HDmvNHGPXy2xBuhVA4Nv9PTl8BwhAJnhKIrNDeiwZchWUYu6axGFXkaKXcUDLlvV%2FPKr4JJH3I3XA1AOQYKiAstNxkq9mzbs31nlVFSp7MljtXlz%2Bgjzc0Rrc2SOiPE54m17Zt9xzAY8PceNbCOipj3Kuw4A0fFg7dPXGTKWs71gC2uXXMJFfdjxkcS%2Fl5zM8BtnsNFrgiS7wcdos%2FV7xQ3K3DqaBQ%2F2Gg6WA4lgcPTfJo%2Bov2%2BL4LQ%2Fj5ksCJmyV4ZruixalzrRkpv%2FAigrgyagXj1UjSLOVpyM6HPohKmQqFtwoIPeHzvYVKRzHvBF0b91W%2F%2ByWYv3X903mm94iHqNet9pUKFrmY4GTscifsx24mPZ7Vldhbi77vFVQRRa6hLrl1zCRX3Y8a1yQAWLwbyjIvWBtdodOAiqeTkz9G%2FxQ1nG8gaUCyIFGTd57YZVvXOczGGYL%2FaDgTRJ04PZUUI%2Bo40wjZtWtWvZp4W5qXmVpmNFo%2B8ABZDmrbn5vJdqz7bo%2Fpfz3Uj8txDRsRP3y8CfnEV%2Bm1tZkG6%2F5sXmm5zuo21cUKpb5dcVVWnFM54gyO6WEe8IGm8TnJpMpLV8tePK9%2FzymtSuw1nYEqs6pfaAM6Uk8fpjIaj4oweEeC5kqDkT5N9jZywCwiqtiEHq2Gdn%2FRsLvJrZ%2BG95Yf4K1NnYoVTrXVIDbl6%2FsBmi7BJIXQOmi7CJex0xs2eO6IOE4Wq0ahs0qobQ%2Fz7cbQjroDA3VF6V%2FaiReXPA3J28aoIh1pbQ5i2R0hqfeWfVRN%2FLJlVg0swk5X2DxnMI%2BHE0fd7rJKeMk7dbHIgqmmPS4fpZNJrn3OeQz9JWiTV%2BF5%2BOUffLxyTY1Wj%2BibePhkVCHs8hLZk1pERW%2Fr%2FuYZ%2Fpo4gDe5F0S90CGBwNB4ZD6XarcjZAol0F0R3UF1m7ODOsKFxSI9k7gHlVh0RH0LuKDUFGqFRbzrbBcfMnuX2EMHYAdHbPiZ2Gi8k%2BdaSINm2l6wqyfFwsyoTdG4thhiPhUBPucSWmavPuiSeYE9AZ3uZoVwRnYvUe17kxiNT5gpD6JK9YzkDf8monADmbl92hwsKUdyf6IcJV80c%2BFy%2BH1tZM%2B0ZmadiNyljs5sSUE2oLac0G4Qzg0tfxz3Bx4WjnMwoRCb9bOulz8DINKKa9PcZtekB%2BtDAiN6Q54q%2FMZsd2MeBCWys6cizNCddv2oqZIPZMXqoAdu31laVIgJORkinzUpjT07jDVYTLb7GF32GZmhoLwJy0YvQhezr4yqDAq0MBAqMMaqnnUxXHwUXfYZmaGgvAszNC715br33Omc%2BAEGXIXDHssR%2FG3TvlQL%2FHj6j009bn2a%2Bmrqs%2FcCX883Yfjf0DRHY0m5NxDwq6lmuc4YGLsPHtDRN%2FPtD5B7WfPRhyPTScQXQi7VUz%2BCNdDBMN%2BSFdSBVmfmRfp%2FKSkzF97bBmiG9zdZ8Huh30lWnFM54gyO6VGoNhomQd2cqxNUF88BW4rT38qi8er%2BGyJZIImysUgzxIBtBjyibvbWYFXFN4i1L1xMkpmVanMpwdS8UH%2FL87S35Zjc3yFDyB4YmV3%2B1uOODaFqMPtjwbNtZZLQ%2FTbouwrp%2F6GeINK1PVD%2B8FOqRESv0M8FB%2B0DpL%2BT8oQqWwsK5NxvoF2RZlxNk%2FpXz57rp%2Bqwk7BZpo5YnI60F0rz6MdrEJfFH6JCoqo62Kf1N%2Bz21YDPGXX7VL1m3E63Yv6v3uWd5JYDlFKTWmD6NB2Edw9r4iGz2EpXZOVGhJ%2FsThvvaN2Ldj9H315KnT%2Bh3nCrZi6tvS9K59AWYrvtEW72PE6V6EUQotW2%2Fv5GvaqM0emYWdg1S12Sv1SYDuEgZfrTC1z1iaTGQ63Fb5c8M8bIq%2Fal%2Fka4nDWrcdrWw%2FpkF4esyF3IHct%2BP470Rnx5MdUH1GTmsiqbZD4ODXhAg7a6Elu8%2FYb5A1aHru8MfhI0%2FsdZbcv8PdOFoGd54rZ0VghQANUvjuBBNkz3eMcjFeJABkg%3D%3D&mm_sceneid=1_0_1392190029_0&a=xxc%3Dad_ztc%26mi_id%3D0000gRk9RODkFwlAtCD1Dt6JtpbFlijWbhylimZ2S-ae8Js%26skuId%3D5889438016615&id=959601966886
955748890059,现货POPMART泡泡玛特SKULLPANDA进退之门系列手办盲盒潮流玩具礼,62,¥,券后价,3秒鱼木兰,潮玩星城,7年老店,500+人付款,广东 佛山,"店铺满200减5, 退货宝, 包邮",品牌:POP MART/泡泡玛特 | 出售状态:现货 | 系列:SKULLPANDA进退之门 | 款式:拆盒确认款,https://g-search1.alicdn.com/img/bao/uploaded/i4/i4/768286524/O1CN01TbSIuB1y431gCgX5h_!!768286524.png,//item.taobao.com/item.htm?id=955748890059&ns=1&abbucket=10&xxc=taobaoSearch&mi_id=0000mpUeKsJLnCsfza1hRuu3a3u1a9g_d-2va4m3N5smeqM&skuId=5880188908789
1016980478702,泡泡玛特星星人随心配系列手工可爱车钥匙扣圈环链绳小挂件高级感,62.1,¥,券后价,tb7408062550,拉布布labubu正品店,,1人付款,北京,"超级立减10%, 退货宝, 包邮",钥匙扣类型:中国风 | 材质:塑料,http://g.search.alicdn.com/img/O1CN01xjevYL2MCL076Ftkl_!!2207920949791.jpg,http://click.simba.taobao.com/cc_im?p=%C5%DD%C5%DD%C2%EA%CC%D8&s=2099773489&k=2401&e=Pg4nk%2Bf8H4x%2FeyTbgmwHW2eZ0pYHx9RJs1WqrHpaw47iclrwm1%2BgyFB0IGq9TqbFzA0fmR%2FcbnKxOL%2BsaBWthqBZwWqhRYmEU%2BcW%2F8S3ovLhBLMfESQFl7RLQX1lb%2B0ZtNImHtB1R4PuYRlapYGUba6GmOvVgMn3hZvw4n%2B0PzwP1e2btbf3q1XqlvotQtZ4Nl%2BkTNikZhQ6CVxmKbU%2BNJRlq8bWdxHy6NfiU6EspkPmuS%2FyVD2T4xIJsqWhKNeEFED9I8eXpiUGIOrY0OuXldZZzp75sqDMwE1JMCZYABe90pBECnDYLQkcP7PXe%2FuUbRiCXz%2FNK7I39%2F0J4pFgVM%2Bh0wKjC%2BQ%2B5ZoRx60jO0G6HsTJQWvhg%2BsJcJT66HDmvNHGPXy2xBuhVA4Nv9PTl8BwhAJnhKIrNDeiwZchWUYu6axGFXkaKXcUDLlvV%2FPKr4JJH3I3XA1AOQYKiAstNxkq9mzbs31nlVFSp7MljtXlz%2Bgjzc0RrZ0bSZ4cEKcYliwxKjAPbMEY%2FDZ1h2JdGcCXOLygAO3wGg0JdJoAv563ufRw5O57Pbcqyu9dEB50e9fxniNOCBFlC9N9UypcNlVk%2BNsF%2Fds46uWAdQHiKeWbscroN8Wh2jQh6oVjile52ktFgCGAA4PnGpyK9o4OovAkAD5alKHbw2BF%2FknBulUKHV8svS0Mq8wksgIXSZfx9dB7Hty3IB%2FnOtS5w%2F8n5l%2FKMB%2BcoboO9beDgOzMAPF%2BWJDYrK86biavIStlgPjGR6l5rMR7TTFM8YB6Ue6BGFPD9Rav5E9vDKRGoafpouMNU0JVcUuq86Q9lFoqzDntFwsFH8agw1yrx6leZSM57UPSwONyCDPMplM4sflpEZHmW7YbdM%2BuKgx48d4ssH3T1X90bCzsfk4uFTBEb6%2BK5Uw8%2Bexg4WGqQSe9M0lTBaVOjLrn7JrHyKsFCCbgrZ6VTiF1xhx6zBNpBBB0JZybXPHAKuu3H6J2fwFVRzMcJRtabpbW1jKrECCQ2UbSkRxlCR6zar%2BjtgaFcJuB7GH36zBEg%2BAB26CpbSsguOIe7IdDca7o8aIqlY29InLGq3SnMZ0SWr2XS49NiWLlIFLz%2Bcmkn3IDj9KFKJK4HadGlvtkG7hNSGGe3Hch07q6Ms1w8DLsey9%2Bqin9MVWW011eLHlrvLLoU7KWD9FwIPsm1ZUNUmiMVSfmP30maXBSjPnvwOkdpLGR%2FKCNPQwZ4p2VXiBwFJ%2B3tGPRMYZHBHzdUX99xRlGoyPF1j5m%2BvPJqXGdXgkxWP7mqOCVUjjvfJp6Okt4wX%2B7O3uHR4Tl55O%2BsRyvrq%2BsBpvCd21aG8a%2Fb9JUTHzWbfABNQT8S1ugI9zY%2BUvEt6ydadViCLdKcV2kvmozuibiKmzj20OU2MuG1%2BM4j0rKaCe5tqhXORa8hcj%2FLCMM%2FTaxxPpYUvvkyF9QEi%2FGh23eGFaeWWbRtI15b3KT2LmUjCW57DNdHZGR%2FV7uydwlO9FLGD%2BglO%2FLR0tt5y53JWlsgAE1QZX1BW7mMQPgsz4MtCiWxqMrixritJE1vhERR81QjxayrJW%2BqRljGfzTvYz71GizmlrEgvfhEU9naDJp3qXTiVifqZe3vmybSzzq6jwtVJVwmyIDR%2F9ipdgb3BPbgnNIsFztCHOuz4huS0v5hdjaMr8jcwvMyYS0by51mXdqpDZeOmc%2BAEGXIXDHssR%2FG3TvlQL%2FHj6j009bn2a%2Bmrqs%2FcCX883Yfjf0DRHY0m5NxDwq6lmuc4YGLsOFBgbyRE8yKz8vyMNejzowyJZIImysUgy3JDjk41px4Wm5s6vsFXkvrqtfgtlR483%2BUt%2FXd116%2BY6wlNGxUYoN%2FaKXOX7b9GUuly6yuT6J7mw0VRZBfPXoP3%2FJw4HhVVN25lx2iIiW%2B%2F%2Fq3F%2FG29KqP4vD8dQql0fd6S18GHzkUne1dk4jJ0wkkvCLirUWvosyCcxz2tb8jiZlK%2FkyijiW9Q2cY7gz%2FkNBkR3bqdF35RvrP3yn2Jpsk%2FIxXOb%2FYO2%2BxnYIxyl7CFpiUpOEInpmoPEHSdpyspLjc3f%2F0IAXW98qwhD2kune1PvPRwK3gv6bG8HPH08rYF%2FZT7VYTCcRyDrQztMqqNKEP9vFzHnGcELdQuSrsPo2sAwcSg4f%2BM0XCwUfxqDDXKvHqV5lIzntQ9LA43IIM8ymUzix%2BWkRkeZbtht0z64qDHjx3iywfdPVf3RsLOx%2BTi4VMERvr4rlTDz57GDhYapBJ70zSVMFpU6MuufsmsfI993DIXoLfKpabpbW1jKrEBuBV0ZQGaOFaQQQdCWcm1zxwCrrtx%2BidtjvUulrjmTJit4oPVG1MkRLxLesnWnVYmaUlYEzdqQ3tfcXoTqhQaxN8srkQ%2Fh%2BAhJQTcyZSW4r&mm_sceneid=1_0_8229959926_0&a=xxc%3Dad_ztc%26mi_id%3D0000MPPW-27V-8h1YrEttJ_-simGk7WJdlhuLyzAdEbfswI%26skuId%3D6191473527091&id=1016980478702
962873733813,【百亿】POPMART泡泡玛特Hirono小野小王子联名系列手办盲盒摆件,70.5,¥,,羊城老傅,老傅三叶草,8年老店,500+人付款,湖南 长沙,"已补10元, 48小时内发, 包邮",款式类型:隐藏款 | 出售状态:现货 | 系列类型:联名系列 | 品牌:POP MART/泡泡玛特,https://g-search1.alicdn.com/img/bao/uploaded/i4/i2/3008780965/O1CN01yaAwuS1J01Ix6CO7j_!!4611686018427386533-0-item_pic.jpg,//item.taobao.com/item.htm?id=962873733813&ns=1&abbucket=10&xxc=taobaoSearch&fpChannel=101&fpChannelSig=dc9630c63b0b3dd50097e13ec755d6e6932a9afa&mi_id=0000tO67nAF7J1x6O5H9NLINmenbAqlDMujSem5QRhqA4Pg&skuId=6123158779926
960269594034,POPMART泡泡玛特LABUBU一代拉布布心动马卡龙搪胶脸系列盲盒潮玩,84,¥,券后价,tb772558038408,星星TOY正版潮玩,,100+人付款,广东 东莞,"店铺满20减10, 48小时内发, 包邮",,https://g-search2.alicdn.com/img/bao/uploaded/i4/i3/2221411274813/O1CN01A0Vm8i1lQPNgVfPoo_!!2221411274813.png,//item.taobao.com/item.htm?id=960269594034&ns=1&abbucket=10&xxc=taobaoSearch&mi_id=0000-YDzUsmHPaV1h5XfC-kJ-Xb02Pz9H5CKzuzHHFAaxV0&skuId=6017995264050
756653146799,POPMART泡泡玛特ZIMOMO搪胶LABUBU公仔58CM毛绒 I FOUND U 手办,1153.96,¥,券后价,eileentoys,艾顽潮流iwant,回头客1万,5000+人付款,广东 深圳," 3期, 店铺满398减5, 48小时内发, 包邮, 公益宝贝",出售状态:现货 | 系列类型:联名系列 | 品牌:POP MART/泡泡玛特,http://g.search2.alicdn.com/img/i2/3204345526/O1CN01YLC8vL1qgxmVVTrzd_!!4611686018427383478-0-saturn_solar.jpg,http://click.simba.taobao.com/cc_im?p=%C5%DD%C5%DD%C2%EA%CC%D8&s=2099773489&k=2457&e=pbS%2Be1osKKF%2FeyTbgmwHW2eZ0pYHx9RJs1WqrHpaw47iclrwm1%2BgyFB0IGq9TqbFzA0fmR%2FcbnJrDzdHakj%2B0sLp3kopiYtOlhOag2L4%2BW%2FhBLMfESQFl7RLQX1lb%2B0ZtNImHtB1R4PuYRlapYGUba6GmOvVgMn3hZvw4n%2B0PzwP1e2btbf3q1XqlvotQtZ4Nl%2BkTNikZhQ6CVxmKbU%2BNJRlq8bWdxHy6NfiU6EspkPmuS%2FyVD2T4xIJsqWhKNeEFED9I8eXpiUGIOrY0OuXldZZzp75sqDMwE1JMCZYABe90pBECnDYLQkcP7PXe%2FuUbRiCXz%2FNK7I39%2F0J4pFgVM%2Bh0wKjC%2BQ%2B5ZoRx60jO0G6HsTJQWvhg%2BsJcJT66HDmvNHGPXy2xBuhVA4Nv9PTl8BwhAJnhKIrNDeiwZchWUYu6axGFXkaKXcUDLlvV%2FPKr4JJH3I3XA1AOQYKiAstNxkq9mzbs31nlVFSp7MljtXlz%2Bgjzc0RrVpIH5kY95%2Bkc%2FKYMrO7lYHWeDFr6fC95BC1jlObJhdSbjC5U0Io8f%2B5PG7ZoS0PY6gfUKA0hIsNYOjAPfsm2ikJR503I2U3WjW6yaS3eNYQl6jwSrQAMCazMj5GPo5w7wMZlchA4O%2FgaFKEJ1r8Dpfh1lJaxdpaJ4ZImkPhv%2FMkmcMeX%2BZoEMnJIX%2BJBGfeKSPk1aS1B0%2F6dSrPYO50FyN8JC4e4By6WrTKztwGqJL9LooP%2B6vfQKQA2gVrH65qWcqJ1JOwhPROuTxu2aEtD2MLx5x9RgLW792xjIhQL9ZfhlD6ov5f7zqv2%2BhEiEE4zS9yWtzMxRUQYjs5y1U4dvFU9bF%2FL%2BR%2FmclZ50VDlgZc61ZowvV0Y6T6Yq3YeDamgfpelg5riuKzx6dacC6OP3eldIfAkf7lF68b77EV%2BmtSjdQTAl9HHNLqiuXBY6bJp1s6aIR1CtVnHMufxeNjbmDDTrv3Z0Bn%2BkGaYUlReQvmZBx7oTw84LFBl9Ta%2Fw3AaorgTC%2FsvuL9ORqskjSgs8PWaH6TTs%2BOfOtWaML1dGOkC030uPL%2FMIu4ITIvrwNp36YNdWAgiAT70EzZV1T7ABz9xu7fnF%2FicUuoMGzNUGw%2BaMxEusUDlrlCVkSwlJLWVZ7ITxmvJePxUDhgE2%2FRw6Zl7xtp4r4ar7eKZv2wouT6YSx%2Flf9NZXcBwV4gM70YdXseL5JvtvAteou%2FpOTHSAovWwy6v7HuMXuGOuSpxLdYJnp2wqVWYVyplnCKsW%2FfNepQS6bS4%2BrJ6jSNa2fwoVprdIHXvMMytFP1YJ5SMSaD22iCSKlijJjzWv62HpIdrF2EEVHx1XZy0yEERDWUiciJYYVGsO2Hu2ViNe%2Bki8lJI2zohBgU1U%2Fb1fkbTghfOEafSOiE%2BYN1r2ktOsMW%2BhbE82B%2BMTw9J6e4Wa5%2Bc5rXKip5erGGunyZq8%2B6JJ5gT0Bne5mhXBGdWrSfji2gju1QUv0c9Pkj40T9ImbSuNSsszI%2BRj6OcO95%2BzqKtvIVY74fW1kz7RmZp2I3KWOzmxJQTagtpzQbhDODS1%2FHPcHHhaOczChEJv1BvrPP%2F%2F04rfLtksK8GbojQ6MGpNe9%2BtQjkUJg64FOIxqhx9gaAJqDDktbQGsnkge4hLyIZIf7Hqja4n9i9ZHtRfy9DrDNWp2%2BBrc%2B99j9zah1fsvYnoHEH6ux2tRm9uPWPewAOtqb0b4Gtz732P3NSRURkemDzHS0S0F9ZW%2FtGc6AWGzTOrWwWgsyefXJezVD%2BW1yHK6hLrYddEvMIJgUnHdqnHIecM5UjKVMY6PT1hxyjZWo7sMuECUFzTiGcIN25lx2iIiW%2B%2B%2BgjQQdIaHKPb9unl%2FGsCF57zoWBHps4T%2FiYAOEGRroQSe9M0lTBaVdDATAWm6uYqgJ8GGn2VtCOsE34a1dFL%2Bs%2BSlQkmAzstt2Sk1iTcD1yk8GDI9U6vNAoM4DCLAMn1hCDp9UXbox3erpyesodlRe3LD97paZ2RcBdu6jNOrrxcjov%2BFWAVd7NO1TdfwT5G8o5AOJTu%2B%2BQ8j4VnZ0EiFvgirXm5OWdTge21DnmkZ38Nn9tF1S7lQj7z4plbWQiLRHuiZ65WdWydvEY%2BSAvTtgu4vtTtr1Q1%2BYBkXnMTQIKAobrJ6qU5KbG8HPH08rYF%2FZT7VYTCcRbgu6PB2r6FTaQ%2BVfJFIyf7s4dqT8M3eD8tVSa%2FxLlnGoH1CgNISLDT654CLBjztqkqdP6HecKtmLq29L0rn0BZiu%2B0RbvY8TpXoRRCi1bb%2B%2Fka9qozR6ZhZ2DVLXZK%2FVJgO4SBl%2BtMLXPWJpMZDrcRibkGn5Gm6h%2BmPwSkODtwNK%2Bdax9jvwBoI8wFad5VzODeARmvz4hp%2BmHNH7PqixLm%2BgE6nia8ilHj%2BTNecx%2B1Lfi3z9x4vtFyWwvw0t%2FgapxIvfA2HpwJ%2BH%2BTnEGnJrdA%3D%3D&mm_sceneid=1_0_3204345526_0&a=xxc%3Dad_ztc%26mi_id%3D0000IkPk-_2lsn8UkfPPkkHWgalkXEzTCbRCVwIY3NfOJyU%26skuId%3D6138626591219&id=756653146799
961973864504,壹号POPMART泡泡玛特星星人怦然心动系列手办潮玩盲盒女生新年,119,¥,补贴价,吉鲜宫海参,百亿补贴品牌优选,,85人付款,湖南 长沙,,款式类型:端盒 | 出售状态:全款预售 | 品牌:POP MART/泡泡玛特,https://gw.alicdn.com/imgextra/O1CN01ZZb0A91cA4ieHgYQR_!!2205835783559-0-picasso.jpg,//item.taobao.com/item.htm?id=961973864504&ns=1&abbucket=10&xxc=taobaoSearch&umpChannel=bybtqdyh&u_channel=bybtqdyh&fpChannel=101&fpChannelSig=c6edb9a9bf6232b969108691ad014d0f2d3af5b9&mi_id=0000Xa-7y-_G0aJ9j2osVjzckhasbbXWL-KnnefUjcCXRhI&skuId=6187273950408&maskChannel=bybtrs
,,,,,,,,,,,,,
,,,,,,,,,,,,,
972772257577,POPMART泡泡玛特DIMOO如果今天星期八系列手办盲盒摆件礼物潮玩,74,¥,,tb501421479576,大师兄潮玩盲盒店,,4000+人付款,广东 佛山,"店铺满29减3, 48小时内发, 包邮",出售状态:全款预售 | 系列类型:联名系列 | 品牌:POP MART/泡泡玛特,https://gw.alicdn.com/imgextra/O1CN01YOJXrY24Fqx10noIo_!!2218685527362-0-picasso.jpg,//item.taobao.com/item.htm?id=972772257577&ns=1&abbucket=10&xxc=taobaoSearch&mi_id=0000aAC9cyGf8MzrOMCGk3Mkm7fxhyy36-Mf5nBhZYf7ZJo&skuId=6183051850740
908687703339,POPMART泡泡玛特Twinkle 123!星星人系列盲盒手办可爱摆件礼物,76,¥,券后价,tb0055156351,肉酱正品潮玩店,回头客2万,3000+人付款,浙江 台州,"店铺满20减7, 48小时内发, 包邮",款式类型:隐藏款 | 出售状态:现货 | 系列类型:联名系列 | 品牌:POP MART/泡泡玛特,https://g-search3.alicdn.com/img/bao/uploaded/i4/i1/2212375693832/O1CN01Ez5UvI1eB6q364x69_!!2212375693832.png,//item.taobao.com/item.htm?id=908687703339&ns=1&abbucket=10&xxc=taobaoSearch&mi_id=0000-ic88rCxoA2r9RGXIV45Zu_zALXcJGFJbldsED-HCvE&skuId=5939193487876
967447463488,泡泡玛特SKULLPANDA光织园系列搪胶潮玩手办永生花花盒七夕礼物,332,¥,券后价,肖寒1112,GRENLUS格琳露丝,8年老店,67人付款,湖北 武汉,"官方立减12%, 包邮",,http://g.search2.alicdn.com/img/i2/124819861/O1CN01PDoI6d2MiOinUSGYa_!!4611686018427386261-0-saturn_solar.jpg,http://click.simba.taobao.com/cc_im?p=%C5%DD%C5%DD%C2%EA%CC%D8&s=2099773489&k=2369&e=gxy8%2BYYqxaV%2FeyTbgmwHW2eZ0pYHx9RJs1WqrHpaw47iclrwm1%2BgyFB0IGq9TqbFzA0fmR%2FcbnJOLvwC51IaDoDEykP%2Fd7RQ47dMqTFHJyU196FS2a9nQbRLQX1lb%2B0ZtNImHtB1R4PuYRlapYGUba6GmOvVgMn3hZvw4n%2B0PzwP1e2btbf3q1XqlvotQtZ4Nl%2BkTNikZhQ6CVxmKbU%2BNJRlq8bWdxHy6NfiU6EspkPmuS%2FyVD2T4xIJsqWhKNeEFED9I8eXpiUGIOrY0OuXldZZzp75sqDMwE1JMCZYABe90pBECnDYLQkcP7PXe%2FuUbRiCXz%2FNK7I39%2F0J4pFgVM%2Bh0wKjC%2BQ%2B5ZoRx60jO0G6HsTJQWvhg%2BsJcJT66HDmvNHGPXy2xBuhVA4Nv9PTl8BwhAJnhKIrNDeiwZchWUYu6axGFXkaKXcUDLlvV%2FPKr4JJH3I3XA1AOQYKiAstNxkq9mzbs31nlVFSp7MljtXlz%2Bgjzc0RrXJgxi1WxmIJcuOayuwPenrtm33HMBjw9x41sI6KmPcqEy%2F4lKbyB6On2M5OI%2BQnf5VDBxp1Qfqg3RaZZnhl4bcLnRwE3CjCjv9Vnb7WQlj9jYrB5bdU5rHOpW4khWXNA6IWGIxjmkc9dhSWhmJW821G3JfjxGIkXlX3%2FMb016cf8Av5G4AwdTmyuZJ%2BY%2B%2FlRi5Y9Ve2HVn8R4Tky6U1K9XVb%2F7JZi%2Fdf3Teab3iIeo1632lQoWuZjgZOxyJ%2BzHbiY9ntWV2FuLvu8VVBFFrqEuVQwcadUH6oPaJf7w3x2x9EV7YdHidQqP%2FzUAum6K3URN9%2FXEAi7qlJUpEEAfPKCBv5Camd4uBJrK5kn5j7%2BVGdGle3zyd3ZmSkrY%2FT%2BzDswHWJwlipQeVo2uKY3tbZ28%2F0RXu8kqdLLGK11QSjWnKAYmLCMg75mrEPsU%2BHpx5RQdxklZ3DvKhqLmsB4XkscKpFGE3zbdOrwjNo3iL98zdfwFVRzMcJRuGb3lbh9ybH1aqJRSrl4gIsM6Zw6G3H5yyuZJ%2BY%2B%2FlRlcwKgMyGzK9dsCbw8nH%2FGhDca7o8aIqlY29InLGq3SnMZ0SWr2XS49NiWLlIFLz%2Bcmkn3IDj9KFKJK4HadGlvtkG7hNSGGe3Hch07q6Ms1w8DLsey9%2Bqin9MVWW011eLHlrvLLoU7KWD9FwIPsm1ZUNUmiMVSfmP30maXBSjPnveOrmqvtB7t580jHwSGwxuSBwFJ%2B3tGPRMYZHBHzdUX99xRlGoyPF1j5m%2BvPJqXGdXgkxWP7mqOCVUjjvfJp6Okt4wX%2B7O3uH4y9SU2Cdcq8qr8SE9K3I1nouWHSfyjOUaS4AMfVABHjRlksAUH4sUC%2B2Nx5WxDCgG9SSvFG4JoeJkkiE6ImreLk3cOuqGoTyqo62Kf1N%2Bz33I2s86UK3pf9Vnb7WQlj9UMqk0yms9ow97CbWSbli69yCk%2BY0AqDAz9Eab7HPRiQ1S%2BO4EE2TPTXudkZe1gN4SNHaqVOrAqwymJLFnhi0S7fOeYmnPqgNDvSnIItPdQ7nuAEL7MM%2FGrLU3PXVjesrICEasu35fRdyba2U1jcp2Q24%2B6l1rMGvLmT8KlWqGVrAnHQ6coehdsMiq8g1YtV5qRRhN823Tq8FOrI5oKoI1ROUQ5kpEpNPuf9RBp4QoPKpFGE3zbdOr6MhlV520DcikG10mqr5xHYincNc5B7jIGkjfz8Gd2ZisRtAikqh7J4HIMKhef8p160MLBXs7rmRC3AyqUPFaafFJcYpLVX9%2Blnz%2FBK1Lj8%2FxYNGX02drEl2VkU4emzsB%2BSlyhzKdu2OQ11AHc3DXX%2BHeGCLl84PbupDcGy6cn%2FbCQhAqD1kiJhGOKkfNt62bkV5LifJ5I7raHSuJ%2BX1%2B4Je6egFSCx8PGuRgztCLZyFZomLPsqZK%2BmiAoUEkJi3OejkWgXIvkKNUoghCEewtEKcd%2F0V8heDs%2FMOuGAMWvlNVRoI7qStL4OWLVN8H3L5QTHB0ryk3Yh9mhV4TqKiUOuTMJfTcTHMgkdq82c9rVTmcNMg11Hy6aayj56WLo4lKqI1zVrKWtStIgRgNjqgL50hP7kj1800Dz5gy%2FsjAOq08jGgGuocLiRONaleNvefzrXR5e1UFTi9K2AMJvymeoc13K5D6YyL7rF%2F5haANSGzI9x9DPHxvOrrvcH0bdiNuqIZ6NcFompqebCpeXN%2BFh6mWv1vO4kYlszx3H1SrND2%2BBHHQht75UdFFOJoOVpyLoylNEozTeMJ9mCMkSjUuBRLvcm0Ekss8nouWHSfyjOUrTcDf096QNYKJ3OY65Bda4Iq9e2dRq1TVNM9p8jvkpft9J%2F0qAXGRjRYGBslbZd7&mm_sceneid=1_0_124819861_0&a=xxc%3Dad_ztc%26mi_id%3D0000iJyPUyiJYxUncId4JfBYYcMhxjh101IN1vJzhq1DOFU%26skuId%3D6081235066348&id=967447463488
924457314954,泡泡玛特海绵宝宝好朋友系列手办盲盒可爱动漫公仔玩具摆件礼物,90,¥,,iqos科神,菲菲潮玩,,400+人付款,江苏 苏州," 3期, 退货宝, 48小时内发, 包邮",出售状态:现货 | 系列类型:联名系列 | 品牌:POP MART/泡泡玛特,https://g-search3.alicdn.com/img/bao/uploaded/i4/i4/3599839043/O1CN01rqhFFd2GfkfZWrR97_!!3599839043.jpg,//item.taobao.com/item.htm?id=924457314954&ns=1&abbucket=10&xxc=taobaoSearch&mi_id=0000al9d-PUwAvpVhI0fO_Y-JNWqKJIIBiZPIaL3UcFh0bQ&skuId=5938142131554
978075446115,POPMART泡泡玛特第四代星星人美味时刻系列手办盲盒摆件玩具礼物,57,¥,券后价,克莱得威尔斯,潮盒CLUB,,1000+人付款,广东 佛山,"店铺满20减5, 包邮",款式类型:隐藏款 | 出售状态:现货 | 品牌:POP MART/泡泡玛特,https://g-search2.alicdn.com/img/bao/uploaded/i4/i1/3182089574/O1CN01bjZF2O2Kax1dgRRtq_!!3182089574.png,//item.taobao.com/item.htm?id=978075446115&ns=1&abbucket=10&xxc=taobaoSearch&mi_id=0000kxTmVYr1VXTbXU9tYHiDKg-PvI3_HEepFCDWdjNaDVk&skuId=5933421848652
988396081742,POPMART泡泡玛特CRYBABY出走的月亮系列手办盲盒摆件礼物,69,¥,,泡泡玛特旗舰店,泡泡玛特旗舰店,回头客20万,7000+人付款,江苏 苏州,"热销爆款, 退货宝",款式类型:隐藏款 | 出售状态:现货 | 品牌:POP MART/泡泡玛特,https://g-search2.alicdn.com/img/bao/uploaded/i4/i2/2885348004/O1CN01mkwMHx28ztE6rn1GS_!!4611686018427382436-0-item_pic.jpg,//detail.tmall.com/item.htm?id=988396081742&ns=1&abbucket=10&xxc=taobaoSearch&mi_id=0000bXUNA45GjSTP7iPmKGnmYbuNvME9u07SynBoBlCkX4Y&skuId=5981955125612
850943249941,POPMART泡泡玛特DIMOO 唐老鸭1/8可动人偶玩具可爱手办礼物,399,¥,,泡泡玛特旗舰店,泡泡玛特旗舰店,回头客20万,7000+人付款,广东 惠州,"热销爆款, 退货宝, 包邮",出售状态:现货 | 适用年龄:15周岁以上 | 品牌:POP MART/泡泡玛特,https://g-search3.alicdn.com/img/bao/uploaded/i4/i3/2885348004/O1CN01OjrCua28ztEUFHEvE_!!4611686018427382436-0-item_pic.jpg,//detail.tmall.com/item.htm?id=850943249941&ns=1&abbucket=10&xxc=taobaoSearch&mi_id=00005vlPHwCBwPfKGvXse98Q8nVyJ35d_urslFYzAqFxqqg&skuId=5835093774513
994594073694,POPMART泡泡玛特来自星星的礼物星星人盲盒手办永生花礼物摆件,199,¥,,肖寒1112,GRENLUS格琳露丝,8年老店,35人付款,湖北 武汉,包邮,出售状态:现货 | 品牌:POP MART/泡泡玛特,http://g.search3.alicdn.com/img/i3/124819861/O1CN01swEV3q2MiOisyWo5J_!!4611686018427386261-0-saturn_solar.jpg,http://click.simba.taobao.com/cc_im?p=%C5%DD%C5%DD%C2%EA%CC%D8&s=2099773489&k=2361&e=uR%2FE51GJkSp%2FeyTbgmwHW2eZ0pYHx9RJs1WqrHpaw47iclrwm1%2BgyFB0IGq9TqbFzA0fmR%2FcbnL7SkZJbq1hEYDEykP%2Fd7RQYrPy4wRywcU196FS2a9nQbRLQX1lb%2B0ZtNImHtB1R4PuYRlapYGUba6GmOvVgMn3hZvw4n%2B0PzwP1e2btbf3q1XqlvotQtZ4Nl%2BkTNikZhQ6CVxmKbU%2BNJRlq8bWdxHy6NfiU6EspkPmuS%2FyVD2T4xIJsqWhKNeEFED9I8eXpiUGIOrY0OuXldZZzp75sqDMwE1JMCZYABe90pBECnDYLQkcP7PXe%2FuUbRiCXz%2FNK7I39%2F0J4pFgVM%2Bh0wKjC%2BQ%2B5ZoRx60jO0G6HsTJQWvhg%2BsJcJT66HDmvNHGPXy2xBuhVA4Nv9PTl8BwhAJnhKIrNDeiwZchWUYu6axGFXkaKXcUDLlvV%2FPKr4JJH3I3XA1AOQYKiAstNxkq9mzbs31nlVFSp7MljtVRFVX5vxzZTVpIH5kY95%2Bkc%2FKYMrO7lYHWeDFr6fC95BC1jlObJhdSQvoxHOG1BK7OvMFfpNU3QYYnWZ%2FBUFdCl7qs3Nt7YkBtB5l2HH%2Fx2je2dPzubppSkd6JFhnnlVKOt73VDnxlfefPTT36lwOqcZoTJnKE0Rh6pF9iXJhaLb%2B6rSwvxMZ0bUNsmoMA3HGBMJCX2Q%2FmkjAm9xsnLYku9dB7Hty3IB%2FnOtS5w%2F8n5l%2FKMB%2BcoboO9beDgOzMAPF%2BWJDYrK86buVddtKl1Qb%2F7bNGh9mec2P4Y5t2xKzs47HMcOgThgDl5kGKYKYX1fCXxeHHks6e8V9FY1zd2Q%2FKyMT5QJI6gwpykFZ72GNtcOU9FPj4Mqk%2BZp4W5qXmVpmNFo%2B8ABZDmrbn5vJdqz7bo%2Fpfz3Uj8txDRsRP3y8CfnEV%2Bm1tZkG6EApd0fnw18d3Tziy8T3BhAliCYJPELhQ7bNGh9mec2MZOayKptkPg%2Bko9wEdk8ztPO8zJw1UnW9Uys7J88HKZpmVhAhbe2%2BRXIuEhoHKpUf0CVqIgxjsiI8qbxcCLlYc0EzZV1T7ABz9xu7fnF%2FicUuoMGzNUGw%2BaMxEusUDlrlCVkSwlJLWVZ7ITxmvJePxUDhgE2%2FRw6Zl7xtp4r4ar7eKZv2wouT6YSx%2Flf9NZXcBwV4gM70YdXseL5JvtvAteou%2FpOTHSArye0fMLnmuD6i%2Ftuljnem2Jnp2wqVWYVz%2BFt88Qu5gXOpQS6bS4%2BrJ6jSNa2fwoVprdIHXvMMytFP1YJ5SMSaD22iCSKlijJjzWv62HpIdrM8Bl26EUmK9ixsOQTIZ6ftUCrawFoz1484JChvqCkmvTakGcVEXPo9yu3gZ%2Fgcu26MwpQm5fjvle%2BmQ6mRxf5zAMMjTmkm%2F4psbwc8fTytg1IIknbIed3R6pF9iXJhaLRujkXlpYvyiX7vRpio1HdDcoXSkbpCViAsqO4vuqjVT7fSf9KgFxkZTgFnoXquPcN%2Bk0ZPwGpLLaS2BkJxdJv%2F%2BfvtN45gxBexA1mSuvn%2BDsuTeGmen4vw80Bt41BIMsQ8ojg5J5OS0cvCrzdvTjYAGkNsIvf8CAkOU2fggvp2cAetn73I525OlbF5KhV7MJ%2B2zRofZnnNjeYV4S7N56vf2D2VmgDm8hAd0t5uwtcJr7bNGh9mec2PZyrTVctXdE7qmJ5Klzuqzd%2FxZE533ZzBWVrXI%2FWmuX6HPbMSx7bnuzSsAhsxU5C%2FbK8UeNfb8Ik1n5S0T0bnt9Rd6SZ0S38bIlkgibKxSDBhRaN5I2uxDCiAJIMcFHQ1682AHONetm1vPmO9BfODOucCG4Oo4G7BmKCtOv4hegyC3TiydbA03GHi5RdbfTnNxBdCLtVTP4ACHXBMkLmE737cGA7UCWmrQ%2BBtN65E43UBw1LpqSCLKHSiVyrAqCKMAKL1YTi5e6xsKg5F1s4Jq10SRDIRQE8HQBPM6j9kAzcQTIfSgfexd3ECChS9F9P9BTS4veWsosF3SnaiUBM9Fkt97XnsFvD79G8yzDCzySleeqQKtMVHSXRRK63nW0tKibHZrXsAhtgq5yfIkDuU3z5BhmIxYwsjko4iEEvtPu7s4dqT8M3eD8tVSa%2FxLlnGGJ1mfwVBXQifvkqgjxip1kqdP6HecKtmLq29L0rn0BZiu%2B0RbvY8TpXoRRCi1bb%2B%2Fka9qozR6ZhZ2DVLXZK%2FVn65zSpeVmLXkz8n4DmoD%2BPYfV1fvu%2BHSc1CXzfjPmZ%2FWdE5TWvu%2FdK8AL3uXw9pQ8y0EODBvLSi89coOpBvSF%2B2fKt9vwUDpMouAql9qH6zfi3z9x4vtFyWwvw0t%2FgapxIvfA2HpwJ%2BH%2BTnEGnJrdA%3D%3D&mm_sceneid=1_0_124819861_0&a=xxc%3Dad_ztc%26mi_id%3D0000N-_YN_Rhhk5XQZYBAmiVkztxPLJaCibSQlj2a4cLDpk%26skuId%3D6181631214881&id=994594073694
980089463558,【现货】POPMART星星人经典系列-晚安拍拍灯星星人盲盒周边礼物,296.9,¥,券后价,tb936373320485,花卷潮玩CLUB,,73人付款,湖南 长沙,"店铺满199减3, 24小时内发, 包邮",,https://g-search3.alicdn.com/img/bao/uploaded/i4/i3/2219166387131/O1CN01dw7Lyp22Y3RSwq186_!!2219166387131.png,//item.taobao.com/item.htm?id=980089463558&ns=1&abbucket=10&xxc=taobaoSearch&mi_id=0000gk50QMlCaxv2VYm6vrCcHwwfgwnU4jNBarDEqnkcyII&skuId=6152092406347
968397370171,POPMART泡泡玛特小刘鸭长不大真好系列手办盲盒玩具礼物,59,¥,,泡泡玛特旗舰店,泡泡玛特旗舰店,回头客20万,4000+人付款,江苏 苏州,"热销爆款, 退货宝",款式类型:隐藏款 | 出售状态:现货 | 品牌:POP MART/泡泡玛特 | 商品状态:全新未拆封,https://g-search3.alicdn.com/img/bao/uploaded/i4/i1/2885348004/O1CN015d0Xip28ztEPHBwWb_!!4611686018427382436-0-item_pic.jpg,//detail.tmall.com/item.htm?id=968397370171&ns=1&abbucket=10&xxc=taobaoSearch&mi_id=0000Wt0lPZC0xlCbJXo0G9iNQvVBQQsv5UNbnpUCUxmQJ3s&skuId=5916989093966
988583066242,现货POPMART泡泡玛特哭娃CRYBABY 度假 Vacation Mode On搪胶毛绒,104,¥,,从音时尚,UNIQUE尾巴潮玩,,3000+人付款,湖南 长沙,"48小时内发, 公益宝贝",出售状态:现货 | 品牌:POP MART/泡泡玛特,https://g-search3.alicdn.com/img/bao/uploaded/i4/i1/2253572444/O1CN011ZC5Hw1TvP5HEZANG_!!2253572444.jpg,//item.taobao.com/item.htm?id=988583066242&ns=1&abbucket=10&xxc=taobaoSearch&mi_id=0000mkeT72SB50UF6A5k4iNpG_u7OpbWsb2u-AxmbLWS0qc&skuId=5955587801646
1013252274118,POPMART 泡泡玛特 星星人怦然星动搪胶毛绒挂件盲盒手办潮流玩具,93.99,¥,,tb0673212314,嘟嘟潮玩店,回头客7万,500+人付款,江西 南昌,"店铺满799减10, 包邮",出售状态:现货 | 系列类型:联名系列 | 品牌:POP MART/泡泡玛特,http://g.search.alicdn.com/img/i4/3499666437/O1CN01TV0OAc1xQCasmvBgA_!!4611686018427382789-0-saturn_solar.jpg,http://click.simba.taobao.com/cc_im?p=%C5%DD%C5%DD%C2%EA%CC%D8&s=2099773489&k=2413&e=CHF0Eorrfi5%2FeyTbgmwHW2eZ0pYHx9RJs1WqrHpaw47iclrwm1%2BgyFB0IGq9TqbFzA0fmR%2FcbnJUrYtFAdFc7EYMHiW1H53LT9jq3s7PsJXhBLMfESQFl7RLQX1lb%2B0ZtNImHtB1R4PuYRlapYGUba6GmOvVgMn3hZvw4n%2B0PzwP1e2btbf3q1XqlvotQtZ4Nl%2BkTNikZhQ6CVxmKbU%2BNJRlq8bWdxHy6NfiU6EspkPmuS%2FyVD2T4xIJsqWhKNeEFED9I8eXpiUGIOrY0OuXldZZzp75sqDMwE1JMCZYABe90pBECnDYLQkcP7PXe%2FuUbRiCXz%2FNK7I39%2F0J4pFgVM%2Bh0wKjC%2BQ%2B5ZoRx60jO0G6HsTJQWvhg%2BsJcJT66HDmvNHGPXy2xBuhVA4Nv9PTl8BwhAJnhKIrNDeiwZchWUYu6axGFXkaKXcUDLlvV%2FPKr4JJH3I3XA1AOQYKiAstNxkq9mzbs31nlVFSp7MljtXlz%2Bgjzc0RrVpIH5kY95%2Bkc%2FKYMrO7lYHWeDFr6fC95BC1jlObJhdST%2BwXhKq2feJKT54mzj9hbSg9V%2B2ifdRyQTLaQIlAcAOWGdgi8TdB%2FZb0wPKvw7Xn%2BTAUKpJbBXA0r6bWCPYHvgjJaLczqeBLHuLOxjsfGe2pkufH7mNAgX4i5PhHYwiHE%2B6FmnOnfGZ1Sn9fZCBelNk0flbdttvXSDEVs5E2vUUuig%2F7q99ApJY4%2FDn8bo5QT3qrYV4rive1qAMBuDLHyo%2BCbTnKgQoLlf%2FFra8HwvyUVgELTrsLuyfIUFo%2ByhLTyAJVO11TKSPEVoBtgtntuJmzIcTXHE%2B%2F7hl8BkCQbGRFNrr2SI2sZM7lrgHlAScFteP3PUy5fUb4nNJs0ZooT0c5Sf60ZGQ9%2FIaNwM6OnrDeI%2B2VIcwVD76w5K3WSzsQ1yXqy0K80C2CNUITG3q2ZEUrp7c5iTX6JMKqVf9LFVBKT54mzj9hbRk5rIqm2Q%2BDgl0uDUOwA7DxySCUWWZpVYAXNxfagechfeqdFxWWlohs4IJAAMYitJGauz7xjjA6gJ%2BGLPfrk%2BfQTNlXVPsAHP3G7t%2BcX%2BJxS6gwbM1QbD5ozES6xQOWuUJWRLCUktZVnshPGa8l4%2FFQOGATb9HDpmXvG2nivhqvt4pm%2FbCi5PphLH%2BV%2F01ldwHBXiAzvRh1ex4vkm%2B28C16i7%2Bk5MdICil2%2FiIOTz8wx9Pz9c0S%2FbQmenbCpVZhXP4W3zxC7mBc6lBLptLj6snqNI1rZ%2FChWmt0gde8wzK0U%2FVgnlIxJoPbaIJIqWKMmPNa%2FrYekh2s4irqre58Wu%2BJuzJPU9WewJYZ2CLxN0H9NktIVI9%2F4g%2BddRJriEmb5DSvptYI9ge%2BSF2ImQnJtcO%2BUrTixMP7jZXYtn4l%2Fhl%2BojXNWspa1K1oJ1pKc6QHcKmS58fuY0CB35IKvmG5CEmThS%2BBRDWw0uA07q3LTRoJ1HiX6X43qdHScewVlueZtnhzyL%2FzHt3XOt5vcco%2F5Saq5C5AOfjf%2BM7Y%2ByaUbfIgB%2BZN1FX3toU0fuAhyoPkju5t5YmyDaJ0FLSc8QTBJYfDuI7GNYAYI1FN%2BiTow18JfTDbVoGoeikpbmktKtXHVIiKYVYqivGnlf%2FFra8HwvwaESOBY20y2xOUQ5kpEpNPS3ILejuvMvZVlnjmw21j6dK02%2BbTUQx%2FtEtBfWVv7RnOgFhs0zq1sFoLMnn1yXs1Q%2FltchyuoS62HXRLzCCYFJx3apxyHnDOonxh%2BLnne8FJ%2BBt2NdWGblXbtGgsftWcduZcdoiIlvvdzrkQLTZgGe3fCHMi17%2FwnCSIRSbQKfcAJ%2FAdRXKUO%2B1BJ%2Bat8xcoBgl3bps1ADhPW8S6EEBdlKMETgICCkn72ce6cW9kz4kg%2FgNfmV0%2BjnO5h7szVgdSaMuqOK6KUl%2FhBeTpCZ7HohWwaBzGht3EQaYUPsRuz4HneDdsAqNsy5iGQ5TH%2BdFe2jP0rinML44MDEJOSjsTkYZtxY1ystsfvoiO8z15oOTqg7bliZ9qBtSnbzYZfz322ETKhPBnK%2FomBP5Na8UkbIHNViOeb00ZcQl0pzu8zJkyPDdSDTed4EzFxwhLn7eFyc5zxfxSf5%2BT1bQuwOJJXnC7eLsVG0GZJG%2FEVYfk7kNvmNfYd3Ji2joASE0rEcRioogsGP7cGHjoZ%2BZRsSfY1l8jM8dFIyo0wpAOVdxkwbg9bjmugWXiatHtc3TflF7QJp5%2FY9YBwzrtQSfmrfMXKO4z%2B10iwl%2BqQSe9M0lTBaVd4%2FIuRstUGYv5rRGxPraBOWGiYrMD9no8lEG1PXK8ifMtBDgwby0odzUR4TZIU0T6Yq7AjfW5RqPdZ2TappFO34t8%2FceL7RclsL8NLf4GqcSL3wNh6cCfh%2Fk5xBpya3Q%3D&mm_sceneid=1_0_3499666437_0&a=xxc%3Dad_ztc%26mi_id%3D0000i8jX9zzdYk0EPyj4mKSGO6agNc4nCo6sXEcGxAGzaTc%26skuId%3D6018135153349&id=1013252274118
865731685904,POPMART泡泡玛特HACIPUPU 企鹅1/8可动人偶娃娃手办摆件,399,¥,,泡泡玛特旗舰店,泡泡玛特旗舰店,回头客20万,2000+人付款,江苏 苏州,"退货宝, 包邮",出售状态:现货 | 适用年龄:15周岁以上 | 比例:1/8 | 品牌:POP MART/泡泡玛特,https://g-search1.alicdn.com/img/bao/uploaded/i4/i1/2885348004/O1CN01FuNv6d28ztEUFEl5f_!!4611686018427382436-0-item_pic.jpg,//detail.tmall.com/item.htm?id=865731685904&ns=1&abbucket=10&xxc=taobaoSearch&mi_id=0000IfyKNwtSwrZyXRcqX6o0uV1g8zv8Oi9aEuS_ArdsejU&skuId=5710384232872
916216091142,POPMART泡泡玛特星星人二代来自星星的礼物系列盲盒手办摆件礼物,66,¥,,tb265653930,Timo正版潮玩店,,300+人付款,广东 汕头,"退货宝, 包邮, 公益宝贝",出售状态:现货 | 款式特点:静态 | 品牌:POP MART/泡泡玛特,https://g-search2.alicdn.com/img/bao/uploaded/i4/i3/2215491317680/O1CN01LSAGxg26bUpwRW6rt_!!2215491317680.jpg,//item.taobao.com/item.htm?id=916216091142&ns=1&abbucket=10&xxc=taobaoSearch&mi_id=0000bLEi67WSWBCAUNL-XvW1B8JCFzLKP5hH2tFPKsTNLyo&skuId=5785764253538
,,,,,,,,,,,,,
1013185778902,POPMART泡泡玛特星星人怦然星动系列手办盲盒玩具摆件礼物,62,¥,券后价,克莱得威尔斯,潮盒CLUB,,100+人付款,广东 佛山,"店铺满20减5, 包邮",款式类型:特别版 | 出售状态:全款预售 | 品牌:POP MART/泡泡玛特,https://g-search3.alicdn.com/img/bao/uploaded/i4/i2/3182089574/O1CN01wBLDha2Kax3HyQCyi_!!3182089574.png,//item.taobao.com/item.htm?id=1013185778902&ns=1&abbucket=10&xxc=taobaoSearch&mi_id=0000yzPsNKOD6xz7QkhFpo-TRrnlsdu06wCLg6XLSiKnMBs&skuId=6017009828986
1012547291040,POPMART泡泡玛特星星人怦然星动系列手办盲盒玩具摆件礼物,62,¥,券后价,黄金宝贝童车有限公司,果酱正版盲盒店,,300+人付款,广东 佛山,"店铺满39减5, 48小时内发, 包邮",款式类型:特别版 | 出售状态:现货 | 品牌:POP MART/泡泡玛特,https://g-search3.alicdn.com/img/bao/uploaded/i4/i4/3295247037/O1CN01d1DJhw21r0EV5g5oZ_!!3295247037.png,//item.taobao.com/item.htm?id=1012547291040&ns=1&abbucket=10&xxc=taobaoSearch&mi_id=00007GW1tC3Iq8DQfLdY-o89NDAsA2y_ahzyPnw_JHMwEzo&skuId=6183093719927
899079497775,POPMART泡泡玛特Dimoo World迪士尼毛绒挂件系列手办盲盒玩具礼物,169.99,¥,,tb0673212314,嘟嘟潮玩店,回头客7万,2万+人付款,江西 南昌,"店铺满799减10, 24小时内发, 新品, 包邮, 酷动城",出售状态:现货 | 系列类型:联名系列 | 品牌:POP MART/泡泡玛特,http://g.search1.alicdn.com/img/i1/3499666437/O1CN01I6K1et1xQCaaHz8AP_!!4611686018427382789-0-saturn_solar.jpg,http://click.simba.taobao.com/cc_im?p=%C5%DD%C5%DD%C2%EA%CC%D8&s=2099773489&k=2393&e=MKffMyJLYOd%2FeyTbgmwHW2eZ0pYHx9RJs1WqrHpaw47iclrwm1%2BgyFB0IGq9TqbFzA0fmR%2FcbnJh%2Byaw5WTqzUYMHiW1H53LOU2SpVW6QcrhBLMfESQFl7RLQX1lb%2B0ZtNImHtB1R4PuYRlapYGUba6GmOvVgMn3hZvw4n%2B0PzwP1e2btbf3q1XqlvotQtZ4Nl%2BkTNikZhQ6CVxmKbU%2BNJRlq8bWdxHy6NfiU6EspkPmuS%2FyVD2T4xIJsqWhKNeEFED9I8eXpiUGIOrY0OuXldZZzp75sqDMwE1JMCZYABe90pBECnDYLQkcP7PXe%2FuUbRiCXz%2FNK7I39%2F0J4pFgVM%2Bh0wKjC%2BQ%2B5ZoRx60jO0G6HsTJQWvhg%2BsJcJT66HDmvNHGPXy2xBuhVA4Nv9PTl8BwhAJnhKIrNDeiwZchWUYu6axGFXkaKXcUDLlvV%2FPKr4JJH3I3XA1AOQYKiAstNxkq9mzbs31nlVFSp7MljtXlz%2Bgjzc0RrVpIH5kY95%2Bkc%2FKYMrO7lYHWeDFr6fC95BC1jlObJhdSgMdoYtPLgMkB5TYZ9MVLWLut73HGt2%2B7LoJHDSGMEn43TFmVIsyrZVFTm4JD48VoUxUHgkrZjcHnuNYzA%2FTb9IsHQZzEVNLEY5gVn9aKn8XNItb3olw3zvKFlBF7H7BmgQfAXRBbSeB8ZO7xKcdi22MKU7g7VsfPdSrPYO50FyN8JC4e4By6WrTKztwGqJL9LooP%2B6vfQKQA2gVrH65qWVwRkmomFtMBAeU2GfTFS1hlAMV1r9JHq1rrDyhreTxb9shbsoMLkKleNvreGaKAFPlbRF%2BLLoX4dKyCoEt3BCaiiCwY%2FtwYeOhn5lGxJ9jWXyMzx0UjKjTCkA5V3GTBuD1uOa6BZeJq0e1zdN%2BUXtAmnn9j1gHDOu1BJ%2Bat8xco7jP7XSLCX6pBJ70zSVMFpQ7oXyPZAL54nR%2BlRJnsfk08TgtjfCcNw%2FfnEcuYO79XXIfvKiUkBr418QtCSBzlK%2BdTHZXHp7BzuKIrZTKkH2x9eS7bKzWkeVmczxXIuASGyWl3xNY22YqlJyLhijWbBUK9G%2BHuBMnEIhXpz57SGu7gK5o1kcswMPRbGMDYyw%2FZhVDWqLTF30RxwWWevhKUHogGOAlQvUOSMU%2FYaAEutZAkanIMHmxBouLSvnNxQ4HgvPjBcR9S9%2BKKBpQN1hbGrA9boXxGPCVKgRgvEPHcbeIgZiNuRwOKd4In4eNnM3WhFY1wOpzNLSJ4qEvlC1rLdbvSCJY4bO%2BC%2F6ZpGLeI0HwpxxDlcZ8xpnwQjkwsxjE6ec4UQytvdLtPjeD2Rwe%2FPFyRhcYZFJ4mZ16DkrJKdODbakx2KRbrMwcyZu7PAnD1HDFhwXrZG0P4pE6V4Wt2oBYa4wsY%2BIWybbs%2BEy%2BGAXu91JkxbWoRFIh3Ha3tvJI7JKRhJ4PZUhlmjyLjbm0MN%2BPNNp234zOoTfLK5EP4fgLRkQHnnQb5KO%2B2w%2BxcR%2BwOMR2x5M87FYvdQAGfMIAS5sw9wxjajR7raXIV5LyaSaWa0PXk3FbwSQdMZWE3YobwoqO5DhZbsksybaCkqdR4aDujxqkCfk0zW42eWrbd%2FOaMt8bDOspkz6vewkjZaadAZt1xgDfPbk4TlEOZKRKTT0U1FQCvoaPXq97CSNlpp0Dr9eXKtoexU5BtdJqq%2BcR2Ip3DXOQe4yBpI38%2FBndmYrEbQIpKoeyeByDCoXn%2FKdetDCwV7O65kbNUYa%2BkHC6MhsM7rkD8nOtjA7F%2BiyBv83EF0Iu1VM%2FgBcLw55bl2l7hv9IzXLIFAXxx9r2adjLYvc3WfB7od9JVpxTOeIMjulRqDYaJkHdnkbvdsE%2BQEkzq9%2BGGBoCglktVLxzouoeYCHbBq%2BHBQjD9M8A%2FVdo2%2BXkeosVXOX9AgvVLq%2BVdwhfa1ZautG59gdrICx%2B9OneZF%2F6hgDexmqho6dIKdMY68eS%2FHH5g0TJ3e3fe0KV3j3zam4vbqbIBoagsWkGtaW3TpE3bJAFyYXQsN7npIDXZCbjA8J3ievfoJWo3iv9Nhcqa2yHBjFo6b6pWXWK9xzSeFhrjCxj4hbJY4EVSi4RFQT%2Bg6kIVQBSV3NGnUmO80N1wHTM%2BErcnxk25qY6wHDbH20uQMPc0Nl%2FgI%2FMi0deUYL3r4bZgOidrsX%2FmFoA1IbMj3H0M8fG86uu9wfRt2I26ohno1wWiamp5sKl5c34WHhDKcCN6bB%2BeVacUzniDI7rvdTNN1Y5m2dc9YmkxkOtxg%2F3b2YdNvXOmMvc0CVFVEKvewkjZaadA2hXPdtcr08iCXtiMgQZKMTy%2BE22hA4qpN2UHefijc4lPwZY8JgORdbX3F6E6oUGsTfLK5EP4fgISUE3MmUluKw%3D%3D&mm_sceneid=1_0_3499666437_0&a=xxc%3Dad_ztc%26mi_id%3D0000kRuZ76O9rzngCx8GXr-6OH0OxDBHvuTvQuIv0gCICrQ%26skuId%3D5921273015523&id=899079497775
953926659499,POPMART泡泡玛特Zsiga向往之处1/8可动人偶BJD嘎子姐潮玩玩具摆件,69.9,¥,,李超越0922,TOP DOLL 俱乐部,回头客1万,1000+人付款,广东 广州,"店铺满299减3, 48小时内发, 包邮",款式类型:特别版 | 出售状态:现货 | 系列类型:联名系列 | 品牌:POP MART/泡泡玛特,https://g-search2.alicdn.com/img/bao/uploaded/i4/i3/2660786779/O1CN01b5Br6g1zwq3HgEApu_!!2660786779.jpg,//item.taobao.com/item.htm?id=953926659499&ns=1&abbucket=10&xxc=taobaoSearch&mi_id=0000V5Sc4fXgzAsq6au_LDla_Q8dIzjWPP7oFt4BkwBoin8&skuId=6015252133929
960226853133,POPMART泡泡玛特Nyota四季时序系列手办盲盒潮流松软的生活摆件,57,¥,券后价,tb160998713,SP正版盲盒店,回头客10万,1000+人付款,浙江 台州,"店铺满39减5, 包邮, 酷动城",出售状态:全款预售 | 品牌:POP MART/泡泡玛特,https://g-search3.alicdn.com/img/bao/uploaded/i4/i1/2208399554429/O1CN01ynKUwH1iaXFnX6bth_!!2208399554429.jpg,//item.taobao.com/item.htm?id=960226853133&ns=1&abbucket=10&xxc=taobaoSearch&mi_id=0000SYKHgHuCs4mAfO0rKWCsZCb_825NDvdhMEdihfrD1BI&skuId=5874420316085
971104945532,POPMART泡泡玛特Labubu4.0mini拉布布四代心底密码搪胶毛绒盲盒,79,¥,券后价,欧娅含,Tiny POP潮玩,,3000+人付款,湖南 长沙,"包邮, 公益宝贝",出售状态:现货 | 系列类型:联名系列 | 品牌:POP MART/泡泡玛特,https://g-search1.alicdn.com/img/bao/uploaded/i4/i2/3181012416/O1CN01Pgf31b1Tia0g5jvy2_!!3181012416.jpg,//item.taobao.com/item.htm?id=971104945532&ns=1&abbucket=10&xxc=taobaoSearch&mi_id=0000jmlhg_Q74klwX476Ky1IBPCRulHKa3-iY3-ary9ASmo&skuId=5933132153528
810160741043,官方正品假一赔十LABUBU大娃摆件毛绒毛绒低价快速发货,449,¥,券后价,wing哥73098980,IM TOY潮玩之家,,300+人付款,广东 惠州,"48小时内发, 包邮, 公益宝贝",出售状态:现货 | 系列类型:联名系列 | 品牌:POP MART/泡泡玛特,http://g.search3.alicdn.com/img/i3/6587853948/O1CN01OgwGra1f2Emz7WFHm_!!4611686018427382908-0-saturn_solar.jpg,http://click.simba.taobao.com/cc_im?p=%C5%DD%C5%DD%C2%EA%CC%D8&s=2099773489&k=2369&e=WwGBrJQj%2FCZ%2FeyTbgmwHW2eZ0pYHx9RJs1WqrHpaw47iclrwm1%2BgyFB0IGq9TqbFzA0fmR%2FcbnIvwLj9JQc7JoAeIS3X4pPy3O3jEurL6Fs196FS2a9nQbRLQX1lb%2B0ZtNImHtB1R4PuYRlapYGUba6GmOvVgMn3hZvw4n%2B0PzwP1e2btbf3q1XqlvotQtZ4Nl%2BkTNikZhQ6CVxmKbU%2BNJRlq8bWdxHy6NfiU6EspkPmuS%2FyVD2T4xIJsqWhKNeEFED9I8eXpiUGIOrY0OuXldZZzp75sqDMwE1JMCZYABe90pBECnDYLQkcP7PXe%2FuUbRiCXz%2FNK7I39%2F0J4pFgVM%2Bh0wKjC%2BQ%2B5ZoRx60jO0G6HsTJQWvhg%2BsJcJT66HDmvNHGPXy2xBuhVA4Nv9PTl8BwhAJnhKIrNDeiwZchWUYu6axGFXkaKXcUDLlvV%2FPKr4JJH3I3XA1AOQYKiAstNxkq9mzbs31nlVFSp7MljtXlz%2Bgjzc0RrYp59VIJkkc0s6UJQ0HJ1OHtm33HMBjw9x41sI6KmPcq7DgDR8WDt082vrinqGmCbmG53Wc6njYmRmDcoh5%2FkVW%2B0Ulc7thsBXqq6CKn40pnR2g8IC38cKPHfK0sw2wRDlAR04sQehudvvlDGcxiq4Y95CAj9NGwk2h29hlKfgyEwCgOJiWCCpDkNGaG%2BFtNEdisk0fmkdkUxFeCBcJCeflJ6sQ8EKxDa4peLHrAv9sPhqm%2BnaCQboTUUqBVP0YqGLvPOqdqKdmeHunrFVGyUk3Dz%2BySr8sI7SNyfh%2Bl6Jp71tde%2FwRMjWlsommRnwKMk2YQx9kczQLVYAZZsQU8kzZzMYZgv9oOBIYVEdvrYdHk0fIWXIFnW3fO5a4B5QEnBbXj9z1MuX1G%2BJzSbNGaKE9HOUn%2BtGRkPfyGjcDOjp6w3iPtlSHMFQ%2B5kbB7AocGqP2M6wepYyEl1NRvd5qva2Fhud1nOp42Jl3u3NQk1%2Bps9%2BcRy5g7v1diYA%2BM7T2JXN9ivzYR58sz51MdlcensHOGFRHb62HR5ILcBqmMlopDvVOSvgx4mO%2FJaXfE1jbZiqUnIuGKNZsFQr0b4e4EycQiFenPntIa7uArmjWRyzAw9FsYwNjLD9mFUNaotMXfRHHBZZ6%2BEpQeiAY4CVC9Q5IxT9hoAS61kCRqcgwebEGi4tK%2Bc3FDgeC8%2BMFxH1L34ooGlA3WFsasFrn1ctawCOkkXGU9yUg5JSBmI25HA4p3gifh42czdaEVjXA6nM0tInioS%2BULWst1u9IIljhs74L%2FpmkYt4jQfCnHEOVxnzGmyHvIt%2BkmQRLHfK0sw2wRDnqq6CKn40pnM1slHnwIC%2BW%2B0Ulc7thsBVAR04sQehudGfz1CsJMhxkJWTinnc4YG3Gg3B3hURADFhrjCxj4hbJtuz4TL4YBe54welsGSLjIWqzmPPUUl1UShGLGwJSlRzhvJZ8q2Ais4802nbfjM6hN8srkQ%2Fh%2BAtGRAeedBvko77bD7FxH7A4xHbHkzzsVi91AAZ8wgBLmT%2BU8jJCzhsETeyalFXblpdHxkIfW67ppgZbwVTOyCwuQ7wzzshBuLxtkXuDx3jYHJIrthjcPqMQhKb%2FUYcWTsQACaoWEIADcw8%2Fskq%2FLCO2pu37m7%2F%2FHgFztCHOuz4huS0v5hdjaMr%2FDz%2BySr8sI7QtGA5DzamspmD6PTwkD3uLBS1Ve%2BJaqkoZVPmDgzPrpBUwPd1d90lij5lwVttbFOpLgv2SyQzN2dkmdxpPG32SU5a8meMWwHmLGerJNy7ct%2FYZm0yIOaQHrn2G8vtlHCYerEhmnk5b7G7eXmBK2PSK1MCcwKKLL7Ofx3%2FyBGed4FlEteANbRDoXR2eQgxO9EO2CnqZMeHGHaRT07L0%2Bc4S7Lg4jEGpu2UCgzgMIsAyfWEIOn1RdujHd6unJ6yh2VH44%2FAaFroBkNAA6j3fLId%2FFyOi%2F4VYBV3s07VN1%2FBPkbyjkA4lO775DyPhWdnQSIW%2BCKtebk5Z1OB7bUOeaRnfw2f20XVLuVCPvPimVtZCItEe6JnrlZ1abV%2BiQ%2Bu3zo49KymgnubaolC4ERU9eg4QGALDvWeOXQH4lSBsP5hwo2aYvCGWIi2yhfsRGeO5rOlzVmFG%2BUXVVXlZ45R7oJrnlPRT4%2BDKpPmaeFual5laZjRaPvAAWQ5q25%2BbyXas%2B26P6X891I%2FLcQ0bET98vAn5xFfptbWZBuhAKXdH58NfHJSBIKnfx%2FgT5kD3w8IAb%2FvwG2T5DayKWp%2F%2Fwt3HTlKMZOayKptkPg%2B0kElJ2HJkdK8Z7Bgz%2FUhC%2FA7oQlUSznyBcmMNDrMpU3nitnRWCFAA1S%2BO4EE2TPd4xyMV4kAGS&mm_sceneid=1_0_6587853948_0&a=xxc%3Dad_ztc%26mi_id%3D0000lKLGZWFMoDMVMWx_Swk4ChAJu_u0cMCuKY9IgvrKI9g%26skuId%3D5919727199349&id=810160741043
988812462500,POP MART泡泡玛特CRYBABY Vacation Mode On哭娃搪胶沙滩度假盲盒,600,¥,,小姐姐de时尚搭配,陆陆潮玩盲盒,,400+人付款,广东 深圳," 3期, 48小时内发, 包邮",出售状态:现货 | 系列类型:联名系列 | 品牌:POP MART/泡泡玛特,https://g-search1.alicdn.com/img/bao/uploaded/i4/i3/3838950656/O1CN01DZHUOD1GiUv3B83hs_!!3838950656.jpg,//item.taobao.com/item.htm?id=988812462500&ns=1&abbucket=10&xxc=taobaoSearch&mi_id=00003e1Nuc03CmC0q_kTx5RM5MxyvBOIOD4VYH1TWp45TzM&skuId=5956313105190
1017478524722,POPMART泡泡玛特英雄联盟中路对决系列手办盲盒新品阿狸周边摆件,63.3,¥,,077lh,TOP ONE潮玩聚集地,,32人付款,湖北 武汉,包邮,款式类型:隐藏款 | 出售状态:现货 | 系列类型:联名系列 | 品牌:POP MART/泡泡玛特,https://g-search2.alicdn.com/img/bao/uploaded/i4/i4/2796191444/O1CN01gVfDgb1MXP2SqfrP7_!!2796191444.png,//item.taobao.com/item.htm?id=1017478524722&ns=1&abbucket=10&xxc=taobaoSearch&mi_id=0000ZUwaeeKoOgdfFB7EXabbQFtIkTQZCpLobTR6PFOLXiA&skuId=6188773494282
957571134953,【官方正品】泡泡玛特 LABUBU拉布布3.0前方高能公仔毛绒盲盒礼物,210,¥,券后价,那木潇傻,BOX丨正品盲盒,,2000+人付款,广东 惠州,"官方立减12%, 包邮, 公益宝贝",出售状态:现货 | 品牌:POP MART/泡泡玛特 | 选购热点:淘公仔,https://g-search2.alicdn.com/img/bao/uploaded/i4/i4/127497641/O1CN01I4uBv526JdPsEflFP_!!127497641.jpg,//item.taobao.com/item.htm?id=957571134953&ns=1&abbucket=10&xxc=taobaoSearch&mi_id=00007yidBnP3h13ZzwYAggpNO8dm1xB2jcSCb1hqs574ILg&skuId=6052384683316
823246584387,共鸣泡泡玛特跃动青春耀眼的你系列盲盒小美志摩周边手办摆件礼物,54,¥,券后价,tb160998713,SP正版盲盒店,回头客10万,7000+人付款,浙江 台州,"店铺满39减5, 48小时内发, 包邮, 酷动城",款式类型:隐藏款 | 出售状态:现货 | 品牌:POP MART/泡泡玛特 | 商品状态:拆盒不拆袋,https://g-search3.alicdn.com/img/bao/uploaded/i4/i4/2208399554429/O1CN01cOcSNe1iaX9crZHbW_!!2208399554429.jpg,//item.taobao.com/item.htm?id=823246584387&ns=1&abbucket=10&xxc=taobaoSearch&mi_id=0000N7NyCDXhrJ98uky1LMKfQt7sT2nNXYTVRzsH1FG563k&skuId=5943757124249
929613921881,POPMART泡泡玛特你最珍贵系列星星人毛绒公仔抱枕双杯礼盒,429.9,¥,,菲玩捕客的秘密,菲玩捕客的秘密,,6人付款,广东 广州,包邮,出售状态:现货 | 系列类型:联名系列 | 品牌:POP MART/泡泡玛特,http://g.search1.alicdn.com/img/i1/7656947776/O1CN01iW9WIL27JSvK2pGMa_!!4611686018427379776-0-saturn_solar.jpg,http://click.simba.taobao.com/cc_im?p=%C5%DD%C5%DD%C2%EA%CC%D8&s=2099773489&k=2413&e=ikYpWd%2FKVJt%2FeyTbgmwHW2eZ0pYHx9RJs1WqrHpaw47iclrwm1%2BgyFB0IGq9TqbFzA0fmR%2FcbnJ8BI%2FqiP1eyvLsBII5jgczCdhnkouC3b4196FS2a9nQbRLQX1lb%2B0ZtNImHtB1R4PuYRlapYGUba6GmOvVgMn3hZvw4n%2B0PzwP1e2btbf3q1XqlvotQtZ4Nl%2BkTNikZhQ6CVxmKbU%2BNJRlq8bWdxHy6NfiU6EspkPmuS%2FyVD2T4xIJsqWhKNeEFED9I8eXpiUGIOrY0OuXldZZzp75sqDMwE1JMCZYABe90pBECnDYLQkcP7PXe%2FuUbRiCXz%2FNK7I39%2F0J4pFgVM%2Bh0wKjC%2BQ%2B5ZoRx60jO0G6HsTJQWvhg%2BsJcJT66HDmvNHGPXy2xBuhVA4Nv9PTl8BwhAJnhKIrNDeiwZchWUYu6axGFXkaKXcUDLlvV%2FPKr4JJH3I3XA1AOQYKiAstNxkq9mzbs31nlVFSp7MljtXlz%2Bgjzc0RrXJgxi1WxmIJcuOayuwPenrtm33HMBjw9x41sI6KmPcq7DgDR8WDt09cZMpazvWALecB78fcgYTVmE6pu9KT14dWuGO7qSrnUrx8xhd%2FZ2QgJ13MhGp11SVg9c%2B7cSx1K4pGU%2Fdv9CDMezMQ3RcnmDP3G1gZPoo2okGnD9Mtn2yyYzVeiyN180UI4wjVyHKP3e4TGjZodxneMwthNj6b%2FIJJ6sQ8EKxDa4peLHrAv9sPhqm%2BnaCQboTUUqBVP0YqGLvPOqdqKdmeHunrFVGyUk2hGassbxQQ86fdJypxKPRU%2FUZSgvnde3ubjpoWBU2tpEuzRZFxBf90yEUB49k7h8VBe0omGzX7xtoiS5TQXxbMiTi%2FXmfYOHb6XpYOa4ris8enWnAujj93pXSHwJH%2B5RevG%2B%2BxFfprUo3UEwJfRxzS6orlwWOmyadbOmiEdQrVZwhAoqWgJUnL7UEn5q3zFyg5pamIHyQJ2rFkfSighAaCsKh0Ok8LcDwOD%2BoJ17Qh7SlFwADP9jFCX8fs24yyN66b3a9%2FBTHThDY4RSa6RY2XgdCnDhDtCW0%2Bs42b1V46CEKBeXwj2qsVJc2qJMhRX5B1L8%2FlEpWwcWvKo5od0ystVRnWYtELkkodEAN8FlSalZATF1riRT3RTuA8Ve%2But2xomw8sKHyKu6Rt5%2FVEWCNmdTcMuOWaFKsqW4RT9Ty15s5gBW%2FhUx4v0Rhlu4E2KJO8A7aC7OR6GrmxQPwnRN5dJZbVJCOjYjq12OUX7ZRJzLIg5gTW9nlfd%2F70KhlH99P6%2BqmAlrA4BM7EXCEvnsCGPARgZq1XknxHMrJ2QuYE5fcbWBk%2BijaiQacP0y2fbLJjNV6LI3XzRQjjCNXIco%2Fd7hMaNmh3Gd4P77UBWjEchpQeXnGvRDeGpfcRAfOZDYgnyNzrQz61TD5hhE653yxo7UP%2FFFb59O7eKgw1KxIF%2BxrVSSo10RhYScskyZ9vEf0nLQ%2B7QsegdSWwvw0t%2FgapxIvfA2HpwJ%2FoHApsLgIZ5fw3LS4bmSMdsirHh3xZ4V5yTiot9yfaEEamWLMMaLfLjpwjSQ3bgp2Gb7d%2Fl1CPdUxKKU%2BynWQv%2BdYb7MdAY1jQh6bKGG05JHLVLASLk1mrtYiSnZIVa4S1olY74ar%2BfRN%2FeyA%2Fr9i12Yti8v9BlkkxphnBiFA5qrWiVjvhqv59hkr1Ub2RNm7jiTp0PJ3o%2BQU%2FlHzLyaPs1KbuqJ6eO8vNRYuQS5ZmeBv8jkYW2%2FAq7jhGNwgs9W6fTB7G3fD9L%2F7LXdEbQBVZPQLHw9tZTz7GYYF5YbpDualksywjrIINYgd4fXIcZceoI7JP%2BvzKgpkQuAh9KxbIN7wh0qNdXHjOpXU5WZwiiaEx95qBuuu0nxRTqJ%2Fg9sIs6YY8tJnu1UV5LifJ5I7raHSuJ%2BX1%2B4K2duw3qaBF8muRgztCLZyFZomLPsqZK%2BkrwjLgyBh%2BG%2BjkWgXIvkKNtH8aPjpNvCWcd%2F0V8heDs%2FMOuGAMWvlNVRoI7qStL4OWLVN8H3L5QTHB0ryk3Yh9mhV4TqKiUOuTMJfTcTHMgkdq82c9rVTmcNMg11Hy6aayj56WLo4lKqI1zVrKWtStIgRgNjqgL503Nu78M%2F99bawL%2B5fYAvf38jGgGuocLiRONaleNvefzuPvEpSYOmELndjOsJITKhLO5a4B5QEnBbXj9z1MuX1G%2BJzSbNGaKE9HOUn%2BtGRkPfyGjcDOjp6w3iPtlSHMFQ%2B%2BsOSt1ks7ENcl6stCvNAtgjVCExt6tmSiBUfi8YSinH%2BdGfSWfopkWB6cwif%2Fea%2FtuWf32V25lzbfmwEGkqvBvHzGF39nZCC0fIuPYxeTBonpebX6nVDy8Qx3X8ZvkFVNwg41fcGjHNJx7BWW55m21F%2BvqXoSwxc%3D&mm_sceneid=1_0_7656947776_0&a=xxc%3Dad_ztc%26mi_id%3D0000zWhG6sPIamJi9y5gJ0r4M53z89NemaOSZBKDFtsecl0%26skuId%3D5986859469082&id=929613921881
974143141301,POPMART泡泡玛特 Zsiga允许这一切系列手办盲盒潮玩可爱玩具礼物,32,¥,,t_1567313678965_0449,飞飞盲盒馆,,600+人付款,山东 青岛," 3期, 店铺满50减5, 包邮",出售状态:现货 | 品牌:POP MART/泡泡玛特,https://g-search2.alicdn.com/img/bao/uploaded/i4/i3/2206496692123/O1CN01qCJO121RYNoGLSygL_!!2206496692123.png,//item.taobao.com/item.htm?id=974143141301&ns=1&abbucket=10&xxc=taobaoSearch&mi_id=00008SGM5ree4j3K5V5OJ2vGDZ5ONocyp-gX-o21GefRl8c&skuId=5458256868130
989396014062,POPMART泡泡玛特哭娃CRYBABY Vacation Mode On系列搪胶毛绒礼物,109.99,¥,券后价,策695376705,TOT TOY,,400+人付款,广东 广州," 3期, 店铺满3减2, 48小时内发, 包邮, 公益宝贝",款式类型:隐藏款 | 出售状态:全款预售 | 系列类型:联名系列 | 品牌:POP MART/泡泡玛特,https://gw.alicdn.com/imgextra/O1CN015fDIQK24p7RhdmUnL_!!709817439-0-picasso.jpg,//item.taobao.com/item.htm?id=989396014062&ns=1&abbucket=10&xxc=taobaoSearch&mi_id=0000F6n9LuQW8YSENIUN-_Gh8-gprFP4KAfJoEaMmg-fCwI&skuId=5957118420672
920150144584,POPMART泡泡玛特光与夜之恋 翻转浪漫 · 戒指盒场景手办礼物,99,¥,,泡泡玛特旗舰店,泡泡玛特旗舰店,回头客20万,1万+人付款,江苏 苏州,"热销爆款, 退货宝, 包邮",角色名:查理苏/陆沉/萧逸/齐司礼/夏鸣星 | 品牌:POP MART/泡泡玛特,https://g-search3.alicdn.com/img/bao/uploaded/i4/i2/2885348004/O1CN01U2h62Y28ztETxQVxg_!!4611686018427382436-0-item_pic.jpg,//detail.tmall.com/item.htm?id=920150144584&ns=1&abbucket=10&xxc=taobaoSearch&mi_id=0000qS6Z6KmhyKnPC2t6ckUmRjZRhSlTOK4beB--Dn6U_YU&skuId=5528786848353
802217676592,POPMART泡泡玛特正品 ZIMOMO大首领大天使搪胶毛绒公仔,449,¥,券后价,tb621562613,MMV TOY,,500+人付款,广东 惠州,"店铺满599减3, 退货宝, 包邮, 公益宝贝",出售状态:现货 | 系列类型:联名系列 | 品牌:POP MART/泡泡玛特,http://g.search.alicdn.com/img/O1CN01PDYO5P1jktrmds2N0_!!4611686018427384779-0-item_pic.jpg,http://click.simba.taobao.com/cc_im?p=%C5%DD%C5%DD%C2%EA%CC%D8&s=2099773489&k=2401&e=OF3%2Bn1fXVZh%2FeyTbgmwHW2eZ0pYHx9RJs1WqrHpaw47iclrwm1%2BgyFB0IGq9TqbFzA0fmR%2FcbnLmUdrum2EELGRM%2BEfi8s1BFn1ioI3m%2B9ThBLMfESQFl7RLQX1lb%2B0ZtNImHtB1R4PuYRlapYGUba6GmOvVgMn3hZvw4n%2B0PzwP1e2btbf3q1XqlvotQtZ4Nl%2BkTNikZhQ6CVxmKbU%2BNJRlq8bWdxHy6NfiU6EspkPmuS%2FyVD2T4xIJsqWhKNeEFED9I8eXpiUGIOrY0OuXldZZzp75sqDMwE1JMCZYABe90pBECnDYLQkcP7PXe%2FuUbRiCXz%2FNK7I39%2F0J4pFgVM%2Bh0wKjC%2BQ%2B5ZoRx60jO0G6HsTJQWvhg%2BsJcJT66HDmvNHGPXy2xBuhVA4Nv9PTl8BwhAJnhKIrNDeiwZchWUYu6axGFXkaKXcUDLlvV%2FPKr4JJH3I3XA1AOQYKiAstNxkq9mzbs31nlVFSp7MljtXlz%2Bgjzc0RrVpIH5kY95%2Bkc%2FKYMrO7lYHWeDFr6fC95BC1jlObJhdSVuuLUumZdxmmnAQZmJuec8OyoqZuKqEB0gooZpt3Hxo%2BcCHi%2F0jAtxtVRRoTl3MR9SOmwGdEHGg%2FaO2xLv2BhAN73apeCvEq4clJMtEVBuKN9ZRlB17Tdhx3MIcFrFkYnZFqkNoVoQ6T2fWMRXR%2B6XyS%2BtRxm2UqdSrPYO50FyN8JC4e4By6WrTKztwGqJL9LooP%2B6vfQKQA2gVrH65qWV478Xyv21twppwEGZibnnP2qSVOx%2FJ9XGZJm3xuLXj8M372aePjW4XCRzLJi7t%2FJkJOwlwzJyECia%2Fc%2B0NnMAxCs5vbhvB9j5KStj9P7MOzAdYnCWKlB5Wja4pje1tnbz%2FRFe7ySp0ssYrXVBKNacoBiYsIyDvmauCvjtU%2Fm0q4uWdsNjLChlVxET0YOyhkaC8bcoXYKwtefg%2BLzuta%2F6F4haCiZIzjmNMeJkdIGWYZLnVAB5ZBxAc2%2FrEq7RmwoSrxNPMUg3rjXGTZNnt6QulVhorH7JlUucU3L1spfkywh%2FSHBFWLhbucJnb9whjclAACd4VCeNZL2BjTU6gTLUT6ack47AzkcNpQqXrO5q4ngXK93M02uf8n0%2FDnMS%2FZ6jgU%2FVWYCxPZKcGp0mgrHN4JR%2FArOw3xPaDVtTUOsBC47v2brPmbloVwsBRtDpoBaX23tkAp0%2FKcObbm1RD1ID1cqQhRtt23eB21j%2BcDcbgeTdEo6JqKYvTEV5wb1FaRMfHg2e%2FL8PLC%2B75E0CBGarkEYwCKd%2FfIruM83zq1O9xdBVePi5%2FlXJZMMdqS3eVqsFxeDV%2FZU0RN4ergN4geds%2BXJu%2BkTThxmVjzMnoNlox6vLRkww921KBIRCVBmef%2BlGWmLwUJscmGXctdN6xwyycGSzDp8wGXxHDzl3B4O7nwmibpYTxTL%2FCT2fWMRXR%2B6cqTVw1KWIB6CAw1k1Rrf6HclDFlU%2FR9ZjtCq9sTSOq4muP8U1HjLyhQVx6uKm4nnE91DoqkXY5JdYD2dXDSRzBaMoKgGEWLO8NXux%2Fj1VxPjNxdSH0yY1oDfGDFPcMcRc%2BwoBrROEEL65rnqlD%2FmiI8QDDT2juwhREooTykZ1TtRh3CXO67e7%2FhpcU42zZju9c9DoBQROR0ESihPKRnVO1GHcJc7rt7v%2Fdk8K661nIcwdU%2BdVoaGvMEWEHTiChHumokTOr784njoZy9TRe%2BhIlfkRnfkDsBYiNDjZiZPLv7l3CZMARbXQe02GknIRh%2BU1nz%2FBK1Lj8%2FxYNGX02drEne%2FNAGAVNUCUc2pc6z0iAZXfo2x%2BrsQV6O1vLSmREeHKsFCCbgrZ6VWJrDHG9uSDiwbQYb5xN90VajbH80MAYkyJZIImysUgzxIBtBjyibvT8Ab%2Bn6%2FfUA1xMkpmVanMpwdS8UH%2FL87S35Zjc3yFDy7aHs9%2BFsMp6DaFqMPtjwbNtZZLQ%2FTbouwrp%2F6GeINK1PVD%2B8FOqRESv0M8FB%2B0DpL%2BT8oQqWwsK5NxvoF2RZlxNk%2FpXz57rp%2Bqwk7BZpo5YnI60F0rz6MdrEJfFH6JCoqo62Kf1N%2Bz21YDPGXX7VL1m3E63Yv6v3nM8JpOMwsEnWmD6NB2Edw9r4iGz2EpXZdYMCB%2BjquQ49KLZhDLSAn%2BS2RHZatj766GfmUbEn2NZfIzPHRSMqNMKQDlXcZMG4PW45roFl4mrR7XN035Re0Caef2PWAcM67UEn5q3zFyjuM%2FtdIsJfqkEnvTNJUwWlJYao6hO%2FxKYkrPXP2vDtPz%2FgOA5cun4%2FKN0RzmzTO1T8FuJnBIctzsIVRHzdUSP39lBk51FSdwWLJD%2FVrepPtg74eOtsQ7dCvh9bWTPtGZmnYjcpY7ObEoxe6irNe7XE&mm_sceneid=1_0_6575436378_0&a=xxc%3Dad_ztc%26mi_id%3D0000HnUTiq7KiLUPuclAPKXv8536SB-ASDGc-vJpD1he2IA%26skuId%3D6121102159168&id=802217676592
898546265268,POPMART泡泡玛特DIMOO WORLD × 迪士尼系列陶瓷杯周边礼物,179,¥,,泡泡玛特旗舰店,泡泡玛特旗舰店,回头客20万,4000+人付款,江苏 苏州,"热销爆款, 新品, 退货宝, 包邮",周边产品:陶瓷杯 | 品牌:POP MART/泡泡玛特,https://g-search2.alicdn.com/img/bao/uploaded/i4/i1/2885348004/O1CN01FiHcm628ztEUroOMK_!!4611686018427382436-0-item_pic.jpg,//detail.tmall.com/item.htm?id=898546265268&ns=1&abbucket=10&xxc=taobaoSearch&mi_id=0000PONQJUA-w9yq4yflA2nVAv0UkxFzu-r4j99gZAP_2-4&skuId=5920273735446
971250661496,POPMART泡泡玛特LABUBU心底密码系列搪胶脸四代盲盒迷你拉布布,73.5,¥,券后价,tb160998713,SP正版盲盒店,回头客10万,3000+人付款,浙江 台州,"店铺满39减5, 48小时内发, 包邮, 酷动城",款式类型:隐藏款 | 出售状态:现货 | 品牌:POP MART/泡泡玛特,https://g-search2.alicdn.com/img/bao/uploaded/i4/i3/2208399554429/O1CN01G0bKeR1iaXGJlPglh_!!2208399554429.png,//item.taobao.com/item.htm?id=971250661496&ns=1&abbucket=10&xxc=taobaoSearch&mi_id=0000q0DdY5_2QjrYGOLCaCLwTtE-cSzupEdQNv84bAnFX4U&skuId=6086208654136
1004965935697,POPMART泡泡玛特CHAKA琉光曲系列手办潮玩盲盒玩具桌面摆件礼物,34,¥,,吴陈0809,伍伍潮玩铺,,51人付款,江苏 常州," 3期, 包邮",款式类型:隐藏款 | 出售状态:现货 | 系列类型:联名系列 | 品牌:POP MART/泡泡玛特 | 选购热点:暴力熊,https://g-search1.alicdn.com/img/bao/uploaded/i4/i2/2644373718/O1CN01kLSvtS1dKtgZhPHYZ_!!2644373718.png,//item.taobao.com/item.htm?id=1004965935697&ns=1&abbucket=10&xxc=taobaoSearch&mi_id=00002XETq6aIY1fnJRgYl_jRgrcZyEA-vayznnZPL2n6TP0&skuId=6000444812428
984473149940,POPMART泡泡玛特Hirono小野诡乐园系列手办盲盒万圣节礼物摆件,77,¥,首单价,谭梓琳lin,欧巴手办盲盒,回头客8万,1000+人付款,广东 佛山,"直降5元, 店铺满500减5, 48小时内发, 包邮, 酷动城",款式类型:隐藏款 | 出售状态:现货 | 品牌:POP MART/泡泡玛特,https://g-search1.alicdn.com/img/bao/uploaded/i4/i2/2580405343/O1CN01Zl904p1pL9H84Xf4s_!!2580405343.png,//item.taobao.com/item.htm?id=984473149940&ns=1&abbucket=10&xxc=taobaoSearch&mi_id=0000M0eysSTPL0pIipdDpBC67BvosWWYq5o1cY6Nbu6YqL8&skuId=5946742233720
921480173087,POPMART泡泡玛特ΘSKULLPANDA光织园毛绒公仔挂件盲盒礼物,129,¥,,泡泡玛特旗舰店,泡泡玛特旗舰店,回头客20万,10万+人付款,江苏 苏州,"超级爆款, 退货宝, 包邮",款式类型:隐藏款 | 出售状态:现货 | 品牌:POP MART/泡泡玛特 | 商品状态:全新未拆封,https://img.alicdn.com/imgextra/jz3_2/2885348004/O1CN01VZvsLV28ztBg4TaKm_!!2885348004-0-alimamacc.jpg,http://click.simba.taobao.com/cc_im?p=%C5%DD%C5%DD%C2%EA%CC%D8&s=512090662&k=2465&e=xbJB15zl2KWaVa5BJ7gmGbDb7jFDf2qUAgn%2B72MroUTkZm99HlTs68kKZjKbTG4H7cAREFN5UdjyMTeSQ1QlppmFyJgFZYFHrUCDMBizi8gPr5ebwn0j0w6lRxqy4PgwWZwlTr6EZ4pNKDFggRFJD7ATTwO56f6Awqz4b%2F80LP2gVKn5brZZpoNzy4CeZQUC6kjQImAeOYdi2tqtZa51Nf8V0%2FBMnHvDl%2FIJ%2BENobnt1ysrFqh96Pntr0KLZEAibhwiLs%2FwcnTfMcgIbcJDJSRCqhch12iF9xlw7iX8%2BkBdV2fyKsyYsYcnIKgZi5mra%2Bl7AclrWuQU1KNBxPFEwzjQNFR1yoRpQ09vhU8FwNL%2BWqd7eaj%2F66JJ201lCHryTCUaaBI1X92vziWPINfM6yiMy7qIQx%2BsrOZo6uuLdkmThY625WmcnBuZM0tiI0JRrSoUyQ5OVe2XCop%2FEob2m7CnG5uArsTNtDIrLpZDWKQckJNGzHnL%2B5UZ59LWkMCbc7ob7Pk6kxbVSrih0fIYw15LOKUhDG324jh8YJ8smmGx2o4khA8xGnNjZl6zCTTLgoJonoJQIxPhf4sUR2k8H7XqG9y9zU3UssJ8BUalcIfXH2d7faeYXqBpLGzjziENNJKWhkeHOXd94iYFJk0%2BgyLxuRvub0vflpOq%2BKn%2F6eyMNCKNsClLLwgs%2Blz6L%2FGt8cdMkjf9S60wAR1s%2BE4Ux1hEQKjp2kaXuqOaaQWHOOwMJcEPDfrh%2BdP6WZ%2B9eDNhtMfWlVdmQKa7%2FI7pwBvGH%2FZmJrlrxpk3qQpFL1pnlIDIr5ay%2FsI778W3kQbKyRSgYtap3VyaScjw73UViOKFves6pa82YuoWvFMLSdEMKNB8p6XEq4T4xvlVELWLpNn3vOdpfdo7ZN%2F%2FKuCx3N8i0%2B7j7PTt%2FQtKumeMsLXrTE9W%2FQyc7moKtkxSiqMIqx%2FDE5evpT8eCFjl2o4khA8xGnF1R2naIc7Nu9KlCCctTU82Q5kYAjqkKoHKWJdDlBPCHRg9Be77PlU%2BaKPaxQZ70VQ09ztMzmTm3b%2FI0rnfkdjvXaKm%2F8o0WTZC6VQVTRW2Bthgmd1Lw0v48Ruz1RxlndA4V17NcxrL%2BQPVaqYI9G9JOklOPoQalsV3HQKmy60VIxCAhs4j%2Bm3lYnEKIqs%2BKdaAIM9S5fufbeuExu5R7wssoRFGmF46xXgQ1D51rdTXM2%2BA2TIU3dDh6hZADvGk5XPY%2F3z7Pyb0vcbuLm51OhSmLKcwZd8nxyzp4nh2dTMikwXMUI2x6vkipF0OtdI%2FUnuiIVQdd0VoB0zEg4xZoss9TSKzRSqWaHRBqDDUkvUbKX%2BLFEdpPB%2B3aJvr0Q8DHvUf%2BQzVOewAax9ne32nmF6inKnJND7Y1TKwctd3Qw6i3CCD%2Fob%2B3%2FT1yuz0p4FzuzZIr2q5EinLf66A5z5QFcTGfJLLL39rF1g0Io2wKUsvCAXrFsrqooq5Oi%2BpRg7lLjxSno6WHx%2FdTkTbS%2FjHm3fIsIqHhVRJu4saIQguQgImiwSqGtzVdoKRBv0FSTtpu1HsctbpFZwDL1e%2FCCcdcd7mPbmbNGrM6w0U3wQwUaN5ZzUgt56WXhOsD3aam%2BH563BLaRf3xg%2FlUqFK6gs3Zg1N2o4khA8xGnKgp97XYsd8CHqzRI3qD4XXUxWnTWISKv3ajiSEDzEacXPtY7eWtpgguNT5zMzR%2F3w%2Fs0uvht1KZprf%2F1g8NGvF69xmb6U0VgUylmfhE4jaztlSAEGc5vMKsKO9lBJTymcsYNWqO0Weo9qGU0nEwrB9noYpLJaEGzsmE4PTCozc%2Bu3HIjcYI1mmYT6Eionbu2ri0DUhkdyK2i6Y0wuc9UALB4wKiDdmpdReR52rcK9DOYVvz2Bs83v0z26UPDkDg1PJaIAyHhReRwq%2FjD7VfP0RThiSq9Br5niK2sq3hUBrqcSzoC7q%2F7fGDcBuCxUuHeK%2BKMowe3Zb19jrTnjzm9Y%2FOJtwt5N8wrFhq3SagsAwlPXNkEbbvNaogsvUoetWuA5WvodZxRIgTwtFdagH%2F5f%2FGfL6wx6PVWf686e8T2CfZwrlus96VPkGMFXE%2BvUnhsXeaIg6nuataxvoiWfYACrSHanHCalnWpsSgIP%2BPBWGxgDIjHDwZ9NByuz0p4FzuzVQj7XAo89of%2FBRul39uqALie0zqVcDgP0AMAQ3MgqyBSE5W%2BcQyKzQdP6ZKmz4DgNURklvfBsZOZu3%2FNk69Eg%2FTTPRqOMl0%2Fl2PjySCa2KgQgUfT2v3KJebhKL1HAaeXElLI%2B6RzURDE3gvKubVcidyKKS6%2BrNb9lu4feWyyDbMmeMsLXrTE9VrkNi77dChkIaZtJyEv%2BeyUurAYNpejgMcv7pqfx6v3%2FjOoUvNkO0nFREShHlLP3gNCKNsClLLwluqQlCJEwws%2BbP1aF%2BUoCDTGrGN6J4Jcqml0bp5sPQo&mm_sceneid=1_0_116045295_0&a=xxc%3Dad_ztc%26mi_id%3D0000Ks1KYjw8h6bFmd7jcFLIkILTXvrWdqeL4VBYXOEuho8%26skuId%3D5984838471853&id=921480173087
1015088892373,POPMART泡泡玛特星星人5.0怦然星动毛绒挂件盲盒礼物怦然心动五代,89,¥,,盛宇被服专卖店,有熊潮玩,,600+人付款,浙江 杭州," 3期, 包邮",款式类型:隐藏款 | 出售状态:全款预售 | 系列类型:联名系列 | 品牌:POP MART/泡泡玛特,https://gw.alicdn.com/imgextra/O1CN01tOSOmR1agvtuD33es_!!91753360-0-picasso.jpg,//item.taobao.com/item.htm?id=1015088892373&ns=1&abbucket=10&xxc=taobaoSearch&mi_id=0000KyPes5l4pijGLQdO0oTSQ3Y1DH_jiIIGuAHPpVwFS7Y&skuId=6183121522020
969349712832,POPMART泡泡玛特星星人随心配系列手办盲盒潮流时尚玩具摆件礼物,33.5,¥,券后价,tb219081297,欧气正版盲盒,,100+人付款,浙江 台州,"店铺满30减5, 48小时内发, 包邮",,https://g-search3.alicdn.com/img/bao/uploaded/i4/i1/2213242952179/O1CN01WY4dGd1Ry25s3xxyk_!!2213242952179.jpg,//item.taobao.com/item.htm?id=969349712832&ns=1&abbucket=10&xxc=taobaoSearch&mi_id=0000zZ-VcN9-r9jMZ-W5wGxtsebJghSXJ89D3SlkSvuNKDA&skuId=5841632304805
1007485836486,POPMART泡泡玛特银魂欢迎来到万事屋系列手办盲盒玩具摆件礼物,69,¥,,泡泡玛特旗舰店,泡泡玛特旗舰店,回头客20万,600+人付款,江苏 苏州,退货宝,款式类型:隐藏款 | 出售状态:现货 | 品牌:POP MART/泡泡玛特,https://img.alicdn.com/imgextra/jz3_3/2885348004/O1CN01sMEOuz28ztEJn60qC_!!2885348004-0-alimamacc.jpg,http://click.simba.taobao.com/cc_im?p=%C5%DD%C5%DD%C2%EA%CC%D8&s=512090662&k=2381&e=zc1t9MjzupKaVa5BJ7gmGbDb7jFDf2qUAgn%2B72MroUTkZm99HlTs68kKZjKbTG4H7cAREFN5UdjyMTeSQ1QlppmFyJgFZYFHnXRFLO5XkG0Pr5ebwn0j0w6lRxqy4PgwWZwlTr6EZ4pNKDFggRFJD7ATTwO56f6Awqz4b%2F80LP2gVKn5brZZpoNzy4CeZQUC6kjQImAeOYdi2tqtZa51Nf8V0%2FBMnHvDl%2FIJ%2BENobnt1ysrFqh96Pntr0KLZEAibhwiLs%2FwcnTfMcgIbcJDJSRCqhch12iF9xlw7iX8%2BkBdV2fyKsyYsYcnIKgZi5mra%2Bl7AclrWuQU1KNBxPFEwzjQNFR1yoRpQ09vhU8FwNL%2BWqd7eaj%2F66JJ201lCHryTCUaaBI1X92vziWPINfM6yiMy7qIQx%2BsrOZo6uuLdkmThY625WmcnBuZM0tiI0JRrSoUyQ5OVe2XCop%2FEob2m7H1hIunF6Jfx0QM7GTEtrdvbYr6jvU3maQ8OPgFT0D%2BX7ob7Pk6kxbVSrih0fIYw15LOKUhDG324Sv04PL1SKGaAV7BijF1it%2F85HDYbsdEsMTjFGufrqYk75lg9rK7akLNu4Dn5zlg6j3hwlGeMe7NsVxzC3pNla5r0weqpOXFru229%2Bq3zrTNcawM1%2Bd8o6QWeu7FVuWxdFg6yBjx8ufXEsEepCP5a5CdiEvblCEg3nE7sQOWAAiRFang1MosmE2wdq%2F3AzcdMTWm8mlW5YyY9xkubizz0hWUJKrI0GekvHS94647cCwqlmaPDppD3Jj7jOJj23wWZB244RN3ckZF0p8jXzL%2FLd1gxj31lwx7BFdJ2XlUZudZPj0B38WlCaGbt%2FzZOvRIP00z0ajjJdP5dj48kgmtioEIFH09r9yiXm4Si9RwGnlxJSyPukc1EQxN4Lyrm1XInciikuvqzW%2FbyYiVQ6phrTadg3ITvnJhBgDp6EdxsvcjHu3DEfTqaIZTT%2BkwxdHN%2FAVGv94Y2OsH5%2Beq0TKMRTg1tyUZl1Ms2MjbfhWgUI2FNBTQiOqh%2B8ra5LHE0pTvoJrSBedRvAuC865g5v9YoSGMXyiFwrllvDqJxt3mkbGqdDSXEY%2BN08dWJtPtvmh%2FaGY86oxU2xYt%2BhWh20hEVCPVFKtIPOVknk2rUVqtDI4pEFZ4m3TowKocVqDmNhLbzy6DGY%2F77D2jgI1mLyfw3PwUGwtVca2ybKA0cm0P2U9ofX58p0cuk538YuD63uNDP%2BzRwvAAN1yb3ZsrMmHEez8NmCx4U7PgOCdWRiQKbJIiv%2F2wl7cQiXhwk%2FuyJ3%2F%2B3NFsppBTYxuNUYjT5BB%2Bz2JagIRi%2F5ptn0%2BQDtSUCgJH4hZ9brYLlZf70sMFegC2%2BRjUyPhcDQw50p8jXzL%2FLdyag2Ohhw3CG0pjGqE2LU548skDBh4jDzfk56AvShGaDWbH%2F7c6wDsFsVxzC3pNla0%2F4v2Qj5L1pov5hZMr9kqnoJmu230w1OLOIeLQE6DoTOB6qIUApINVFw6Qu%2FPUL4CPt35vLq%2FlYiD0%2BDjKm2%2FYiolUjM6DosbdGg8a6bia6DBwe09LgpsdDNlA%2FQNJYWQJPFIR5UMaV4EVX7OZhvgo2mpadSSAWhLBf%2Fpit9XIE7Bi3L57PzfmoKfe12LHfAh6s0SN6g%2BF1OdE5Q01KaK6AV7BijF1it6lv%2BfNoiqvE7ZjVFxeYwYlVYjqiZS5dCK1tpVz4OtAHkVbpUmGeAziJiA7UInzgZ3grQuQDb0eEjFjy10esfkqwIH1N1nrX84%2BuWWvNTyaNnWPXCd1ZMv7UK5cwyife9l1qWGg3ZPDWuDEmXK%2B%2FBL%2B1UyTFw7NgpNynsNmaBvsswy3BUh6Rt2VEGieM%2FiDgB6OYRpMH0vCZautDajBMlJpto%2BNZvXQrCoE40mH6kRrDsISRuKlZvrp1RnbsYAXUM5hJefEpEkrlzUf1TKqjrNokYhKHAxcHxRLtELYIDCDHEwaRtN7nt3aZAgZWQjCKjdj2Ck4DHxlWaU6LdFy%2BfBb48KSFHz0fN3ZXfoREb7n%2FZZJquz1DZmB54YRXlOAiEcc%2BMDHDk4p2O%2BonaaGs680McW45IPIDYoIDvtcHjp8fQvpQec1GjB7hp5rnqxO%2BjBOdPhgXUc%2F10%2BQDtSUCgJG%2FboBY3mUg2c6pa82YuoWvFMLSdEMKNB8p6XEq4T4xvlVELWLpNn3vOdpfdo7ZN%2F%2FKuCx3N8i0%2B7j7PTt%2FQtKumeMsLXrTE9WOUZfYaV3w9sohlKgbcq4w7ps%2F6O7IYiXZGLHVP39ZpcdQtdXESXBcO%2BZYPayu2pDqHfN1bxuw8BM5rm5Y7nc2T6jybq4jbBui%2FmFkyv2Sqegma7bfTDU4XDj1r%2Fr1ur8%3D&mm_sceneid=1_0_116045295_0&a=xxc%3Dad_ztc%26mi_id%3D0000x2gm8PxTRUhmfVGPTSjVN2QXMGyxkrDntCMhjoMhkR4%26skuId%3D6021283660400&id=1007485836486
1009431745984,POPMART泡泡玛特马年限定马力全开系列毛绒挂件盲盒新年女生礼物,99.9,¥,,tb6758051490,泡泡潮玩 只售正品,,1000+人付款,浙江 杭州,"退货宝, 48小时内发, 包邮",款式类型:隐藏款 | 出售状态:现货 | 品牌:POP MART/泡泡玛特,https://g-search3.alicdn.com/img/bao/uploaded/i4/i2/2210537658161/O1CN01gP0IJX2A9nPNRad1W_!!2210537658161.png,//item.taobao.com/item.htm?id=1009431745984&ns=1&abbucket=10&xxc=taobaoSearch&mi_id=0000nzZMT6h_IETLQYr4Ij_6t3py5FIVtjfg6VdQgLs_h0I&skuId=6173546578943
969936816834,泡泡玛特THEMONSTERS前方高能系列LABUBU ROCK THE UNIVERSE毛绒,576.9,¥,券后价,李超越0922,TOP DOLL 俱乐部,回头客1万,1000+人付款,广东 广州,"店铺满299减3, 48小时内发, 包邮",款式类型:特别版 | 出售状态:现货 | 系列类型:联名系列 | 品牌:POP MART/泡泡玛特,http://g.search1.alicdn.com/img/i1/1392190029/O1CN01pMtlIi1C5Kbk56FrE_!!4611686018427380301-0-saturn_solar.jpg,http://click.simba.taobao.com/cc_im?p=%C5%DD%C5%DD%C2%EA%CC%D8&s=512090662&k=2425&e=dXPYp1wa7pSaVa5BJ7gmGbDb7jFDf2qUAgn%2B72MroUTkZm99HlTs68kKZjKbTG4H7cAREFN5Udh3vzVYc5y4xjAgkZ8sr4Y5bSFUIz22qfdoYZC%2BagUO4w6lRxqy4PgwWZwlTr6EZ4pNKDFggRFJD7ATTwO56f6Awqz4b%2F80LP2gVKn5brZZpoNzy4CeZQUC6kjQImAeOYdi2tqtZa51Nf8V0%2FBMnHvDl%2FIJ%2BENobnt1ysrFqh96Pntr0KLZEAibhwiLs%2FwcnTfMcgIbcJDJSRCqhch12iF9xlw7iX8%2BkBdV2fyKsyYsYcnIKgZi5mra%2Bl7AclrWuQU1KNBxPFEwzjQNFR1yoRpQ09vhU8FwNL%2BWqd7eaj%2F66JJ201lCHryTCUaaBI1X92vziWPINfM6yiMy7qIQx%2BsrOZo6uuLdkmThY625WmcnBuZM0tiI0JRrSoUyQ5OVe2XCop%2FEob2m7PacsxCw8k0P6VmMhS9YTSGsFY80UiuoTqXy0JWNyk6rQXHQ7IYcf1cZyqfkcv0e6yXXZfl4ru7pauE1GLhbOEQvXDxhS9wfq%2FDEWmc5hcuGe2nMn5hkj7NKEd6gC4NjFiUps9HG9TWTkGynys0CVWQtQQz%2BIjXvywTuf%2B5ieuCfFckMv%2FYEselHqfUjA1DgqDLjW2rjmnr0n%2BassLhHUp93tFAvAiHvoa96JVlnMw06N61gliL3OmIzfcXTSNs%2BddCQe5Vao0%2BYgIJ7QYiWmaSS3uXVZkLMld6ZrSP3oCJ08hM67Qa5oE%2BgC5NnpGRD79AcCE7YEVTPLr1WSyYlDE23hS0XvXSyM3PHjTsFV8Jg%2BC3nMz2J1y3iM0fwaa%2BZMEFDzX3j%2BhNVfSSxzQc3qTr772bzMLvrN1CZzPBg8tbSgUht44QJeU4G%2FweIuOZAbkYXPcTIwPfCZnl%2BhOvba8KdjUwZvww%2FfDWxMOEXPwLXxQFTcrcrM0urFDAAb5TeArecSGmFOf4y2l94hgKrJSxfvr67%2BOMv8IzgOvjIWXYzIUN69YaIffpv%2B0qq0V9xzN0HRzFYIuND%2B4bSwDNpUOlNDcy%2Fv2uLnKNUclbZa4GjwlvhszCpt0A8IrxHXIh4ZwI8K9zYqOt7ntHmb86ODI0vC48f5t4dkE4R2o6SFEGQhCi%2Fvb0iOgS3OSTxnRnQkBr6M7DqrQNlgZETINmfek7UE2syIcDLAtWqu7HX4PwdOk9aGKWPX14%2F9dQ6aNcYJkags2liNAZhneU5mgx4vaY50qKwsEoSTIWcMeXmybNU0M3rmdjDoj3zCxodI3olQcA7GrrdhSYlijG94qi2IgsSWt8jRHWCRVT1WdN34CM7e256UjC%2FyW2Bhur7f3ushjb6aX0UI3fp8Fr5%2FJQVO7lEuQAHg0IjOPi9o4ofFuDz9HWP9TCCqDb6bkKT1zL8rLU951bCn0lFdDTujHmLqEfcX9feXA5fgH1XyZxER75CLm9c8UzDRAcI3WN4YEcdaezFyOsuBrel9drW45Iqyey2cP8y4o%2FYMdfsuZapzOH3dNIqvdDWu0eR3xlR1UnFKCIzGaHBZAR7m2uOvj03uZg0ta%2BsNzKYHsjhOKyFXPNPB3Cex1onKVMI9QmAICe2iFT9lz5ziqW1nsFxtf%2FE5kKie7AYbJ89omOklZHxSgslz%2B1R%2F4cvxeYfbjm74pR1crPBKZuYgVH3Y6SVkfFKCyU92AfhoRxW2iNwvzouHYpjYu6hQgoNe5%2BfLmB0iqKP1eJYqzTAQH0dxD%2BIGLoIJo4Agw3bLkWwg03NCgjm%2BBKnGfA8eGv574tNBWlC%2FN77wYNwG4LFS4d4O452KBIFwwTKm4upmyoXh9CoWHOzSvUPc4r4CP3B1WrFAVNytyszS6E7nYRSJtNiMJ37k%2FPhm4vH4O8HlgIQHNLOg%2FeMCZLwp8v5U2oXQbhWM%2B41PwBqpbny%2FfCNqTHD9sllAzi%2FGr6a8fageCIpQWvfZbOox6%2B9JaaoknnnG3gfaeAZPSQLfIWd3uPxZVFe4Ucs6roOSoOz6je6yHO13xcWuTbRONuHBtIHiDfI%2BWn5N9g7DrecDHBTrpD1SihzhHSXNsqun1JKTOmlrIfhilduLgkWfUPJL7%2FECfe4RTw8P7A8WOkMjiaVr7PZUM9UKOmKknQIOpt1VqqaU6mkKLiPOnZs%2BxWmQUPNfeP6E1V9JLHNBzepOvvvZvMwu%2Bs3UJnM8GDy1tKBSG3jhAl5Tgb%2FB4i45kBuRhc9xMjA98JmeX6E69trwp2NTBm%2FDD98NbEw4Rc%2FAtfFAVNytyszS0CiEm5pCO%2B5Stx2MiYSh6K1dbUnH0cruNpfeIYCqyUsKDeM2oYx98wurytYfCTXHnLkLp3S3HCqdQPfHQqFB6xPqPJuriNsG6L%2BYWTK%2FZKp6CZrtt9MNThcOPWv%2BvW6vw%3D%3D&mm_sceneid=1_0_1392190029_0&a=xxc%3Dad_ztc%26mi_id%3D0000NjDlHZ72pQJwMCs1Gd8NzCvgIvW6Bcj20_QgSPDbV0U%26skuId%3D6083113511915&id=969936816834
730800065184,[正品现货]泡泡玛特鬼灭之刃诞生花系列盲盒手办网红潮流摆件玩具,49.9,¥,,吻yun,FASHION大玩家,,4000+人付款,广东 广州,"48小时内发, 包邮",款式类型:端盒 | 出售状态:现货 | 品牌:POP MART/泡泡玛特,https://g-search2.alicdn.com/img/bao/uploaded/i4/i3/630048486/O1CN01MZOkiE2CYdsApXTMZ_!!630048486.png,//item.taobao.com/item.htm?id=730800065184&ns=1&abbucket=10&xxc=taobaoSearch&mi_id=0000R4Ucc5SEYO-fDGSbH51rZHZjIHhCTkmprAKXp0OgAjM&skuId=6150766035890
821052755300,泡泡玛特SPACE MOLLY ORIGINAL系列百乐门MEGA珍藏潮玩大娃摆件,1169.9,¥,券后价,李超越0922,TOP DOLL 俱乐部,回头客1万,200+人付款,广东 广州,"店铺满999减30, 包邮",出售状态:现货 | 系列类型:联名系列 | 品牌:POP MART/泡泡玛特,http://g.search1.alicdn.com/img/i1/1392190029/O1CN01mLvEeV1C5KbjpbOKg_!!4611686018427380301-0-saturn_solar.jpg,http://click.simba.taobao.com/cc_im?p=%C5%DD%C5%DD%C2%EA%CC%D8&s=512090662&k=2393&e=vbMg4%2BtUA8OaVa5BJ7gmGbDb7jFDf2qUAgn%2B72MroUTkZm99HlTs68kKZjKbTG4H7cAREFN5Udh3vzVYc5y4xjAgkZ8sr4Y5IzGCaQEgJVWFpljHRHBPYA6lRxqy4PgwWZwlTr6EZ4pNKDFggRFJD7ATTwO56f6Awqz4b%2F80LP2gVKn5brZZpoNzy4CeZQUC6kjQImAeOYdi2tqtZa51Nf8V0%2FBMnHvDl%2FIJ%2BENobnt1ysrFqh96Pntr0KLZEAibhwiLs%2FwcnTfMcgIbcJDJSRCqhch12iF9xlw7iX8%2BkBdV2fyKsyYsYcnIKgZi5mra%2Bl7AclrWuQU1KNBxPFEwzjQNFR1yoRpQ09vhU8FwNL%2BWqd7eaj%2F66JJ201lCHryTCUaaBI1X92vziWPINfM6yiMy7qIQx%2BsrOZo6uuLdkmThY625WmcnBuZM0tiI0JRrSoUyQ5OVe2XCop%2FEob2m7PacsxCw8k0P6VmMhS9YTSGsFY80UiuoTqQZFxLFrqGT7ob7Pk6kxbVSrih0fIYw15LOKUhDG324jALin9VLSTYKfF4%2FDqtFnq6VFMEfgjMROk%2FT4wmGeCeArTCnqUDnh8zIBuOu%2BsBFM5Jx4tZqWZXoVQP0VT31lnJY7tPxjSZ96%2FQUlAJH1SomGGkL4Se85%2FdS2SyferACc2n%2Fr2E3cnR9vwKw0%2Frmtv%2B9k%2FqVxQh%2BFnu7q%2FSJaMjp7slU7j2di1E1T8L0yYwKqOaaQWHOOwMJcEPDfrh%2BdAkDzzeXEHzWF%2FUp9mqdPWmYUjPO0BRRQK%2B06fzR1NBpac9czkbmkwumpNw4M8JswdTt2LutI31IbUpdVHOIzqeK%2BhanaG9PpIKvRAtlM6qCs%2FjSW3tXSf6WPrMP1gZTkgD3htLUOyJfd7BLXqMLWe4fdYluxDuOWP3a0lwQAdDK8logDIeFF5HYzOayweLKbyaMQ2yMzo5LsFrJHMw2qVIX9Sn2ap09ad4I3ZrcRbjucUZ2EHvrbuQR6yeNmkFO8vO1qJO8vsvZHHN96RpiWqO5LQgnUofCcfNXp%2FkLqKBRMIL6UTyD20zVGYpiTVcpchkq%2F%2FTskqqk0aNQdPFoQIuIJiHPQuTS3W8wPBscrMhJOwCpW%2B%2FH1lm4pnhBiU%2BRy2kCZFcVqSn5zEHUiHIi1%2BxUawM17vuGXkwamyjJ3bGpZUenlr1s1SlTy7TibOlxiVEZq7IA5vXyvrUnZWAq5llT60tYYlcNoLp5S22LBgHX%2BgS5B%2Bg%2BZMTaivjYn0KYFMhWQxdp6Y%2FBy6nE1esKIO2%2BKzTj8plmo4Nd3ZYndnOBc3RbX8v4N1l6AoHVvgtoGSKEaYyAIV1rHCYRcN%2BBTk%2FLN5ji8F95q%2BCwOLjpM3SKu8Y9Q3a13L1zx407BVfCYLYns%2BullY9gF6QUW8h853utVQJ8kco0azytLkRaFmEiwY0p5v%2BB21uqb7Nl5oYd0mprWkQecc4bhRUrEaYBWEbb35Rgp2bqiDBzyhcqV3N6k%2Fb6sJaSi4qMmXCbMz8FcCxWKgOsjL%2B7ReViVtB19TMsWLJe%2BNdU42Oknt%2F9FOGn4%2BIvOFZILt6%2FImfkK0fbP1zI9gwZWHRSeHqyla8IX2AS2kX98YP5VK68wCvmRbQcCnxePw6rRZ6oKfe12LHfAh6s0SN6g%2BF1MdUNcSY%2FHx4KfF4%2FDqtFnlz7WO3lraYILjU%2BczM0f98P7NLr4bdSmaa3%2F9YPDRrxevcZm%2BlNFYFMpZn4ROI2s7ZUgBBnObzCXV%2Fmlh1SbrgVKulPEKj8jzW5hktYJym7Z6GKSyWhBs7EoZd1S3sZb8UBeLXDVI6T4mMVpHqyGEzIXljV0EY%2BaZrYjL9f28U05dbgYahwLsOdelMO4hVfJy45hJDHslITihzoN4hBGRFwttXp7G4aGw%2BSVgW0HFPRIxA5e1L0M7%2BBaeG4nMOInFhq3SagsAwl3GP4mKsoH54G6VjWVNFqAItBQI7CCTZ9NdRV95aVEkSuOgFyjTgTvCkzJlhoifBR1qC7idrPhwDavEFNizTZgBoPIbaz9RT2C5xVpSRoy8n15EYGjSrM6EiyOItSIlXj%2FWJB3r8cXN6T6kzEgyZEmqM6mxveQ5MZpnEbGEX3vUVeZTLjhRYSqiRly6c1f5hoAyU26Hn0XhRPyl165kagfh3JfYHVFlO63jTWh3jT8SMVIm46cqhGMKPOb2dOqammS8fMyaAKhXehlMnUXlOYAADxInaP5OScCmaMEqOzwwhyKKS6%2BrNb9rz19sjKWkFfwf3wiosz4EUH4%2B%2BFfDZhQAWYdQmqzuOHFlxzjECMo07%2BPpObuXcNHbjVTSQ%2FHNANzGJO6ZHiZm4q4ylryWAdWvXa1uOSKsnstnD%2FMuKP2DGSrkpsrST%2FiA%3D%3D&mm_sceneid=1_0_1392190029_0&a=xxc%3Dad_ztc%26mi_id%3D0000hfKiQ-LNiFQ87svddzoiXPI8QLFstbBB2YQp7J6r3lU%26skuId%3D5697572282378&id=821052755300
1001309688129,POPMART泡泡玛特二代盲盒labubu坐坐派对搪胶潮玩毛绒公仔礼物,232.94,¥,券后价,二般人0726,栖隅潮玩,,100+人付款,江西 赣州,"48小时内发, 极有家, 包邮",款式类型:隐藏款 | 出售状态:现货 | 系列类型:联名系列 | 品牌:POP MART/泡泡玛特,https://gw.alicdn.com/imgextra/O1CN012g4SZl26b2VTgs9dV_!!1576127679-0-picasso.jpg,//item.taobao.com/item.htm?id=1001309688129&ns=1&abbucket=10&xxc=taobaoSearch&mi_id=0000cVicJVXEn_igxoFr3KAUcIW5tw4rj374hc4tWT5Cu_Y&skuId=6189277331129
996929447832,泡泡玛特小甜豆新婚系列结婚订婚礼物送闺蜜实用新娘新人摆件,219,¥,券后价,肖寒1112,GRENLUS格琳露丝,8年老店,31人付款,湖北 武汉,"官方立减12%, 包邮",适用人群:闺蜜 | 场景类型:乔迁新居 | 货品分类:摆件礼物 | 适用节日:中考 | 包装种类:礼盒装 | 风格:个性 | 产品名称:永生玫瑰花 | 修饰词:浪漫,http://g.search1.alicdn.com/img/i1/124819861/O1CN01ApacY92MiOieMsTlU_!!4611686018427386261-2-saturn_solar.png,http://click.simba.taobao.com/cc_im?p=%C5%DD%C5%DD%C2%EA%CC%D8&s=512090662&k=2369&e=A2oe4yU%2FCU2aVa5BJ7gmGbDb7jFDf2qUAgn%2B72MroUTkZm99HlTs68kKZjKbTG4H7cAREFN5Udizw5RNM5A6NdJUUMDAamHVCLvTOk7LxLdoYZC%2BagUO4w6lRxqy4PgwWZwlTr6EZ4pNKDFggRFJD7ATTwO56f6Awqz4b%2F80LP2gVKn5brZZpoNzy4CeZQUC6kjQImAeOYdi2tqtZa51Nf8V0%2FBMnHvDl%2FIJ%2BENobnt1ysrFqh96Pntr0KLZEAibhwiLs%2FwcnTfMcgIbcJDJSRCqhch12iF9xlw7iX8%2BkBdV2fyKsyYsYcnIKgZi5mra%2Bl7AclrWuQU1KNBxPFEwzjQNFR1yoRpQ09vhU8FwNL%2BWqd7eaj%2F66JJ201lCHryTCUaaBI1X92vziWPINfM6yiMy7qIQx%2BsrOZo6uuLdkmThY625WmcnBuZM0tiI0JRrSoUyQ5OVe2XCop%2FEob2m7PacsxCw8k0P6VmMhS9YTSGsFY80UiuoTgZko4m8HvDNejFsVz0YiuJp5Oc8nQ3yZr33uvpfdPoezohHLwQctg1L836sduwOE57JPHteKJVAonvVFDw8ZGqwa%2B4%2B2NEQEpsPTgOQHjn5RjDPPx8VDmlyu0zezwlbsmbb5P23TtzQS3%2BjFmo5iHdNiUFfNju16NPpzBkwlI9a6Ov006a7q3jfcayQx1OqzSydrnsDfxu815%2F20wYx0%2Fh5Ho1RjvmDVpxO7EDlgAIk6e7JVO49nYtRNU%2FC9MmMCqjmmkFhzjsDCXBDw364fnQca%2FpDpIWgBqJ71RQ8PGRqp6hKNfVfUMSm0C4swbnmP2geQAYvwJqlYudT72qPOhxt5EGyskUoGN5mC10zN7LkNbkXHGFW2S7OqWvNmLqFrxTC0nRDCjQfKelxKuE%2BMb5VRC1i6TZ97znaX3aO2Tf%2FyrgsdzfItPsNVeeuQmkyVc2jBU3GcF%2F2dCq9NYucGjPT6P3yq%2FicicUOTZMO%2BVXaHefv53NFWHrYo%2BZ%2FRrzM8texTDqQCAyH98%2FxWdMizajeZgtdMzey5Hs2OLiGC1w57DAUJAaT%2FX%2FXHkuAYBDDNHooe0YUT5ETJSIR6%2F%2FnZKl5X%2FEP8OUk%2B%2FJcrgpC8XrZPu5Q401SldUA1v81r9byw0MyfbhYi0j4ZP74Ob6%2FymhEKqIpOU0E7n%2F1A4QFkwHZSkjKcDiFWPcXajtyb1Gp2yI6zTFeWMX9%2BlVeX8K3zwpoEbu7AiYw3CjwjR76LtGr4FTB%2F4adS6hln8pR%2FApdg4IeliAJ%2B4M6D35qPN%2Bvsm2NYRBCu8UOjbbxn0c1j911p9%2Bb%2Bjw%2FEZj9jowT7UnRynfNPvnNN02iIEoH8atdBqReKfXJ7ltWweXlUkmKoE9jGJ2TUC%2Fe0GEGuP7czE8TbdmjvB%2B2SxVUHejNlanjAGWQv0Mh17roQ0KSXQ9quCvJ84tNSzzBT%2Bokx8%2FRNEfJLTs3Yewl13kqnXFr3Oni3xTTGrGN6J4Jcsvphmg2wcryI5yXfJVLrvCwI2qV3QtnObEvRsmGLRHXV81%2Fh3u9zovcZDQsce0WK1FDYL9ByF90VSKdLOKEsT1ryuGSszvrgAWCwdWcv7Zy75cnW0KmPDkVVU8UWdnghTS7gfRZIkd40%2Bj98qv4nIkKgpat2f35aBr4MgkU5MdHd6Ota1x0QfbT6P3yq%2FiciYyA%2F1PIej9k1Jk0UTRkz52y8liBs897H6y1N8RJI%2BpwvzulWUy11TWTuZJb63oxX8rfkCBM%2F7Z2lO89jDj5NYscX2L1aHObgZpTKYJFfJtNmw%2BRmsVw%2Fqh1kIS7HWKmERH6JtwqlSEbP2D5rxzY7kwcQHMJ86PrUMPRunie1GsL%2FMii47NPBBn0Kqx%2ByDw%2F2dLOg%2FeMCZLwp8v5U2oXQbijdrW7x4Jukrny%2FfCNqTHD9sllAzi%2FGr6a8fageCIpQaAsa3YqmFcrPXNkEbbvNaofaeAZPSQLfIWd3uPxZVFe4Ucs6roOSoOz6je6yHO13xcWuTbRONuHBtIHiDfI%2BWn5N9g7DrecDHBTrpD1SihzhHSXNsqun1JKTOmlrIfhilduLgkWfUPJL7%2FECfe4RTw8P7A8WOkMjr9HbCp4k%2BYeKOmKknQIOpt1VqqaU6mkKKmhRvlzsX%2Bz9qf5EOu9vFF9JLHNBzepOvvvZvMwu%2Bs3UJnM8GDy1tKBSG3jhAl5Tgb%2FB4i45kBuRhc9xMjA98JmeX6E69trwoR%2FM3n%2F7WCySLnj7iifrJdAhMOIQBSg6iFg2xSJ2ZkdonvVFDw8ZGopEpP%2Fv3GdnXrj%2FCsRTUcXwuPI%2Bz8U5kxLf6MWajmIdxZKyiZwEQxkSFy3Ayr9TEfSm%2BJTrey%2BXP3dESUg%2BvVP&mm_sceneid=1_0_124819861_0&a=xxc%3Dad_ztc%26mi_id%3D0000t3Hnwc6a8mxDe5Kvh2TZkHL8Ki7eY_tzqpol6J1ui7k%26skuId%3D5980283592136&id=996929447832
998555085165,POPMART泡泡玛特CHAKA 等风来手办吊卡玩具摆件礼物,199,¥,,泡泡玛特旗舰店,泡泡玛特旗舰店,回头客20万,700+人付款,江苏 苏州,"热销爆款, 退货宝, 包邮",出售状态:现货 | 适用年龄:15周岁以上 | 品牌:POP MART/泡泡玛特,https://g-search1.alicdn.com/img/bao/uploaded/i4/i2/2885348004/O1CN01vBZb6J28ztEUrrsbh_!!4611686018427382436-0-item_pic.jpg,//detail.tmall.com/item.htm?id=998555085165&ns=1&abbucket=10&xxc=taobaoSearch&mi_id=0000C6t5fEoHFHOnt3SUIn87KvlwN_Z4SoiqUKJXkgULw1U&skuId=6146524310796
979645164925,现货POPMART泡泡玛特星星人美味时刻系列手办盲盒玩具摆件礼物,71,¥,,帅帅的阿冬美美的你,三心潮玩 只卖正品,,200+人付款,浙江 杭州," 3期, 店铺满70减2, 48小时内发, 包邮, 公益宝贝",款式类型:隐藏款 | 出售状态:现货 | 品牌:POP MART/泡泡玛特,https://g-search3.alicdn.com/img/bao/uploaded/i4/i2/2965799936/O1CN01OqNdLg2NGkPh2aZoi_!!2965799936.jpg,//item.taobao.com/item.htm?id=979645164925&ns=1&abbucket=10&xxc=taobaoSearch&mi_id=0000sQQ099PRblotc3zoEIgpo0KrsZrtGu2eM8vONYQX5Sc&skuId=6106417447164
1016980478702,泡泡玛特星星人随心配系列手工可爱车钥匙扣圈环链绳小挂件高级感,62.1,¥,券后价,tb7408062550,拉布布labubu正品店,,1人付款,北京,"超级立减10%, 退货宝, 包邮",钥匙扣类型:中国风 | 材质:塑料,http://g.search.alicdn.com/img/O1CN01xjevYL2MCL076Ftkl_!!2207920949791.jpg,http://click.simba.taobao.com/cc_im?p=%C5%DD%C5%DD%C2%EA%CC%D8&s=512090662&k=2413&e=p5yS6q6Qlr6aVa5BJ7gmGbDb7jFDf2qUAgn%2B72MroUTkZm99HlTs68kKZjKbTG4H7cAREFN5UdgVR2wwe9W00M2apNQ0Ke9XRs3q%2BNEQ2uWFpljHRHBPYA6lRxqy4PgwWZwlTr6EZ4pNKDFggRFJD7ATTwO56f6Awqz4b%2F80LP2gVKn5brZZpoNzy4CeZQUC6kjQImAeOYdi2tqtZa51Nf8V0%2FBMnHvDl%2FIJ%2BENobnt1ysrFqh96Pntr0KLZEAibhwiLs%2FwcnTfMcgIbcJDJSRCqhch12iF9xlw7iX8%2BkBdV2fyKsyYsYcnIKgZi5mra%2Bl7AclrWuQU1KNBxPFEwzjQNFR1yoRpQ09vhU8FwNL%2BWqd7eaj%2F66JJ201lCHryTCUaaBI1X92vziWPINfM6yiMy7qIQx%2BsrOZo6uuLdkmThY625WmcnBuZM0tiI0JRrSoUyQ5OVe2XCop%2FEob2m7PacsxCw8k0P6VmMhS9YTSGsFY80UiuoTqQZFxLFrqGTNa%2Bok0gi%2B2H0kKVRKqNZDpKPVsVAqIitk2RB6hs9CTVZ0%2Bbypw8QkyLk1tvNPmD7oD3Ym0Z7dVRiXrSyOqqTLx892A0Tz%2FJXn%2BlsGC5V%2F3rGA2uOfyQgmRUObYlL9ipyKKjMTNKcHdsa4EJoECYoA6xVw6%2Fy3hi1kS%2Bnq1sZtbgGTFFx7t28YCgJSiFX8ZAAFnu7q%2FSJaMjp7slU7j2di1E1T8L0yYwKqOaaQWHOOwMJcEPDfrh%2BdGDdAxylDhU00kh1W4ZshRrhNf24bq5Mckt7GJW0SoSA6ykQ2S3rwOhdzeUJ6a4evVgxj31lwx7B%2F7ZbKoOFqxQBQlv0lf1UtGbt%2FzZOvRIP00z0ajjJdP5dj48kgmtioEIFH09r9yiXm4Si9RwGnlxJSyPukc1EQxN4Lyrm1XInciikuvqzW%2FZbuH3lssg2zJnjLC160xPVB5k9cyuXtJ%2B6laS36g9nSMqIvgML5TfytqmHh8R%2BatZZxbFAhO1Ud%2BvpwjI0maJ7%2Fvi4Frjq9JgcMk80XS1T0zTz2HZdmUVfBNKAIpOf0AK3IYz4ABaPzczCAmqgM2yiBQdRWQVEsFYx5SQNnHgYush2TPnRDZbA0Lxb5OyXjJoBvYmLb8Hf9HvVU8yGxDYTdwlW2rcB1EBLjZQWDDatJTRgespjRlfYgJn0mml7XJaSJjSWv%2FZ%2FkgQmA%2BLO395%2B4ChH6q6hHkh5T0N2nYTcbq4E5etM2EoT8s43W6KeiLOZdusj3hIsERrvSkBfUN425drDvjrMKRmoq%2FDFINeI8TgIzURIenRd9H8TQpRd3ttxc1h6ZSo587jwxhnqzI50OxnTx%2BLMrYp11FX12jueMLOubIW2p9TjFBJ9l%2FqFLgvA4J6aBwCWaO7t8n72x%2F0wHejNlanjAGWQv0Mh17roQ%2FjRpzmc7w1mX9Ix0PsDvOJ0GEYQS1Q20wLZu6HatEBUnXFr3Oni3xTTGrGN6J4Jcsvphmg2wcryI5yXfJVLrvCwI2qV3QtnObEvRsmGLRHX10Z0Isupg8d1ydZvqjNbFZWGGYTb2gTgZSEn%2BHZnK7taVCXXTNI8sB6EqvNhxxbCc2vryHIL9sT1KxT4n6WdzjS7gfRZIkd4LR0PR0kjrZqOiOdzo4XuEdPb1CoDC3xO1Nt38tysLeQ6CR%2FSBbNjfTEbh2WytVAZI3C%2FOi4dimNi7qFCCg17n58uYHSKoo%2FV4lirNMBAfR3EP4gYuggmjgCDDdsuRbCDTc0KCOb4Eqd4nrsWm49ZnKfpfH29Bqllj65Za81PJo2dY9cJ3Vky%2FgIq%2BpOusgsyWgtbf5REh8KahYSiQBMrlLVTJMXDs2Ck3Kew2ZoG%2BywZ9FaGbsWPs%2BtV3ZS975jzryPWMtm3SE0Fw3PLKsCkr3VgDTYt7aSmpdiRCz5dH%2BVoODzobGC1m8VVQFpPjIusq9kh22kQpy627KMN5C2q%2F3QEmgcwnXUIXsI4ye42BvQQNQ812qyAC5GCcl99BflTxbNu%2FW77gCgatL0wYcEPZPA3lzS0gSMorWfcEnGjmv5HYBbklLmxdgmdfNq46ZsEFo3BgcadEk8yYVHStfIgSbV%2BiM1pXhXzU%2FM1i43XmnY8rrkYHzVqJSHSKcf5gIiqqOv03c98QpVESvoy1YERTJZYy4LuLh95PgaNndM75XcIZpPTQYVgmtNHycgSzmJtxlltoxqTOhph5lqT%2FrPwItDrPjYbSHUHXMydbp45qyLFAVNytyszS7P1SS0p0WlE8logDIeFF5ELrZgVZO9xgzVG1G0R3%2FkoFxurZVhHsNeklE6W%2BZph9j%2FOJxrKA1%2FDvg1ze3brw710YNvxaj7jd%2FrGSflQMRKMKuMpa8lgHVr12tbjkirJ7LZw%2FzLij9gxkq5KbK0k%2F4g%3D&mm_sceneid=1_0_8229959926_0&a=xxc%3Dad_ztc%26mi_id%3D0000MPPW-27V-8h1YrEttJ_-sp9cvCmcZeTPG3c7QsAVKa8%26skuId%3D6191473527091&id=1016980478702
958637801561,POPMART泡泡玛特星星人怦然星动系列毛绒挂件情人节盲盒礼物,89,¥,券后价,谭梓琳lin,欧巴手办盲盒,回头客8万,700+人付款,广东 佛山,"店铺满500减5, 包邮",款式类型:特别版 | 出售状态:全款预售 | 品牌:POP MART/泡泡玛特,https://g-search3.alicdn.com/img/bao/uploaded/i4/i3/2580405343/O1CN01UG88qX1pL9IWN7C4O_!!2580405343.png,//item.taobao.com/item.htm?id=958637801561&ns=1&abbucket=10&xxc=taobaoSearch&mi_id=0000h0QN0gZzaJ_6kaCcuTaWWt25ORKF5ddLGP2tkMPQOEE&skuId=6018585353316
,,,,,,,,,,,,,
,,,,,,,,,,,,,
924945470670,POPMART泡泡玛特星星人 点亮系列场景手办盲盒潮流玩具摆件礼物,75.4,¥,券后价,林下之夕rea,UR TOY盲盒商城,13年老店,2000+人付款,广东 佛山,"店铺满39减5, 48小时内发, 包邮",款式类型:端盒 | 出售状态:全款预售 | 系列类型:联名系列 | 品牌:POP MART/泡泡玛特,https://gw.alicdn.com/imgextra/O1CN013tA81H1wpYuAAgcfY_!!524736357-0-picasso.jpg,//item.taobao.com/item.htm?id=924945470670&ns=1&abbucket=10&xxc=taobaoSearch&mi_id=0000B80tcdOKi-pOK9EB3JSsyIZackKC8hzNNL8momaQ4NQ&skuId=6182519546434
1005326455384,新品POPMART泡泡玛特DIMOO限定时光系列手办盲盒可爱潮玩Q版摆件,79,¥,券后价,3秒鱼木兰,潮玩星城,7年老店,100+人付款,广东 佛山,"店铺满200减5, 退货宝, 包邮",款式类型:端盒 | 出售状态:全款预售 | 品牌:POP MART/泡泡玛特,https://g-search2.alicdn.com/img/bao/uploaded/i4/i3/768286524/O1CN01iq6cJq1y432wQ8LnR_!!768286524.jpg,//item.taobao.com/item.htm?id=1005326455384&ns=1&abbucket=10&xxc=taobaoSearch&mi_id=0000xFjsADs3KJ54wdyNo0qhhJTtonoMUfqr7CYMfEOsOLc&skuId=6167007638014
756653146799,POPMART泡泡玛特ZIMOMO搪胶LABUBU公仔58CM毛绒 I FOUND U 手办,1153.96,¥,券后价,eileentoys,艾顽潮流iwant,回头客1万,5000+人付款,广东 深圳," 3期, 店铺满398减5, 48小时内发, 包邮, 公益宝贝",出售状态:现货 | 系列类型:联名系列 | 品牌:POP MART/泡泡玛特,http://g.search2.alicdn.com/img/i2/3204345526/O1CN01YLC8vL1qgxmVVTrzd_!!4611686018427383478-0-saturn_solar.jpg,http://click.simba.taobao.com/cc_im?p=%C5%DD%C5%DD%C2%EA%CC%D8&s=512090662&k=2465&e=zWp%2FULf3mbiaVa5BJ7gmGbDb7jFDf2qUAgn%2B72MroUTkZm99HlTs68kKZjKbTG4H7cAREFN5UdjFOzaDVBgVMNt%2FxthOrXpTfH%2BsxU2cb%2BqFpljHRHBPYA6lRxqy4PgwWZwlTr6EZ4pNKDFggRFJD7ATTwO56f6Awqz4b%2F80LP2gVKn5brZZpoNzy4CeZQUC6kjQImAeOYdi2tqtZa51Nf8V0%2FBMnHvDl%2FIJ%2BENobnt1ysrFqh96Pntr0KLZEAibhwiLs%2FwcnTfMcgIbcJDJSRCqhch12iF9xlw7iX8%2BkBdV2fyKsyYsYcnIKgZi5mra%2Bl7AclrWuQU1KNBxPFEwzjQNFR1yoRpQ09vhU8FwNL%2BWqd7eaj%2F66JJ201lCHryTCUaaBI1X92vziWPINfM6yiMy7qIQx%2BsrOZo6uuLdkmThY625WmcnBuZM0tiI0JRrSoUyQ5OVe2XCop%2FEob2m7PacsxCw8k0P6VmMhS9YTSGsFY80UiuoTqQZFxLFrqGT7ob7Pk6kxbVSrih0fIYw15LOKUhDG324r7sNYfAS1X9AC0z3jrv%2F7g5%2BohilWjf4q3lZPiPzAGeKiiDf8sexFF1nRHorsdMxkXB%2F%2FjPUmwCpfGMecmNBHT%2FdRXlmqaOJSLyGxziyEQMLd000ZcSKM8qRjkc3Vi679xSQ9MY%2BHDF0Bg7btVTPixfXpgRL3G1YcdMkjf9S60wHqKq3cr6uNW0wp9B1wt%2Fj9Z4suIO%2BdpAsKJ2V2aASDO7JOXLSWxmeQAtM9467%2F%2B42uhF8N6l6gr1zBVCkPxJpPzCZCcYiSyvBrKhtNHxGb4RnRAU6bMeyR4mcYpov0HUSikEyXPRFgTiRi%2B7GfVFLeRrS08twyIm%2F0uu3noRhKhioY%2Bg9YOZxEafVeUQc1PBF8AguEAUDy%2BDCM4kvCYq5bvgBmprJdRwniOYh%2BWB4uyLwtzlBxJP%2FFqRMxZaN%2FB2evbOfNobcY2KyHeXRHJPuZu3%2FNk69Eg8FbsWnxrBp7JxSwPl%2B3CCMq1HoVuI5JIbTFxkeVwt8Knka0tPLcMiJtfFuixJ29ygQ9a3Nay7kleLz%2FJATc1qYmECEzfGGAaUhZBgvEBEWckgFYo3r4dk1%2B7YYrMt8XXweQndMOWNUev9zhZsl1h7%2BzeQRWriZ%2BPPCW%2FhESahZI%2FfCbWb4ANQxcSfbZQTUSFjPpNGixZEpo%2FdgEfPsStW%2BWbL3FsrEGhyonhRqNZLdKulTGQAIj%2Bk7VgKfv7FtC7iN9Ah1%2BpcnUPBAnmV2g87zjh3G82mMaB3jcMqdCPNfiPqOud8%2BQ0tiXM2YWTvxPIo6R%2FmcPjroh0K9Kxw3Z49DSLyGxziyEQMLd000ZcSKM8qRjkc3Vi679xSQ9MY%2BHDF0Bg7btVTPi8SprYYPHJlU6KgktTr916dLpDFZvZ1QfefC1z9rmpFQ%2FwsmGkx4AjImoNjoYcNwhtKYxqhNi1Oe1lI4c%2BPSR66X2Kmnh1tOUDrzbXBKJ2ZtvnGJ7C8aWtwPLzP6X6OD16L%2BYWTK%2FZKp6CZrtt9MNTiziHi0BOg6EzgeqiFAKSDVRcOkLvz1C%2BAj7d%2Bby6v5WARjauc5c6VMIJM8h0wkAJbawwNLHn92nXUqmVQMY21gkpbaNKiDvD%2Fg68NcO7YiPBQ9IR9fygwEeCb9TYGwInWsQUWBZMx2VmhA9J3t37Qi09vUKgMLfE7U23fy3Kwt5KxBRYFkzHZWt6aAm1cqxlmuwtQLB7pBTM9eZ5%2BS2vAI%2BTA8RinU5yBJ2cuHvnbRZtoUn7RHSVvF42K67hKw6qZmBzeeXbh6tUnurU6gLmIlzv66qNdiLkA1uYZLWCcpu3w%2Bps2E6zQaSpeFJRD37hudUrNZO1%2BHeqnXlshJ3SmzyF5Y1dBGPmma2Iy%2FX9vFNNT3GgwdZvw1UyG0sqHTVCdxLOgLur%2Ft8YNwG4LFS4d4r4oyjB7dlvWukxOyvhDTJc4m3C3k3zCsWGrdJqCwDCU9c2QRtu81qiCy9Sh61a4Dla%2Bh1nFEiBPC0V1qAf%2Fl%2F8Z8vrDHo9VZ%2Frzp7xPYJ9nCuW6z3pU%2BQYwVcT69SeGxd5oiDqe5q1rG%2BiJZ9gAKtIdqccJqWdamxKAg%2F48FYbEuV7tzSosxGSnJmlg%2FSmIZV8Bp1Dlo6YZIsjiLUiJV4%2F1iQd6%2FHFzek%2BpMxIMmRJpuTx%2B5TKTCRI3t0Rb9bDlJXmUy44UWEqokZcunNX%2BYaGlxFD9BsGMPsq17Sc2FKWyHrp8kW8c9AQvO2eMoY7zlvYhdGQCtPd6MuqX0OBii1ej3Rgq3pTf2usnyjNQTMmXz%2FQRq0ujRVNB3CxsVXnxU5YECwuSawgp%2BgAquh0gl9wAasb5ldphM96IE5E2LfbtWIRXQUr%2Fc7Ab3EBPTyMSRW85JUePO1ZDAnDCfIr0fERUVUOPWvsCDLHsVdwrbUJEQNuk42HbGnI58WloMduJh&mm_sceneid=1_0_3204345526_0&a=xxc%3Dad_ztc%26mi_id%3D0000IkPk-_2lsn8UkfPPkkHWgXC1qJbOrMSIpOnD0spIIy8%26skuId%3D6138626591219&id=756653146799
920591223183,POPMART泡泡玛特HACIPUPU 史迪奇1/8可动人偶玩具礼物摆件,399,¥,,泡泡玛特旗舰店,泡泡玛特旗舰店,回头客20万,7000+人付款,江苏 苏州,"退货宝, 48小时内发, 包邮",出售状态:现货 | 适用年龄:15周岁以上 | 品牌:POP MART/泡泡玛特,https://g-search3.alicdn.com/img/bao/uploaded/i4/i3/2885348004/O1CN01p7HVsc28ztDbn8mvn_!!4611686018427382436-0-item_pic.jpg,//detail.tmall.com/item.htm?id=920591223183&ns=1&abbucket=10&xxc=taobaoSearch&mi_id=0000_pVBM-p0sJkcPKHjW-Nqsy7SkYAHQh4ed87nPMWKKf4&skuId=5809200856634
1003635779430,POPMART泡泡玛特DIMOO限定时光系列手办盲盒潮流玩具摆件礼物公仔,59,¥,首单价,tb5969030_2011,百分百正品盲盒商城,9年老店,200+人付款,广东 佛山,"直降4元, 店铺满30减3, 48小时内发, 包邮",款式类型:隐藏款 | 出售状态:全款预售 | 系列类型:联名系列 | 品牌:POP MART/泡泡玛特,https://gw.alicdn.com/imgextra/O1CN01AvcjTC20FcHcGAGCh_!!732276820-0-picasso.jpg,//item.taobao.com/item.htm?id=1003635779430&ns=1&abbucket=10&xxc=taobaoSearch&mi_id=0000bvX34UWbguKc3RX2kOKqKtPunb9PNSr1LjMnBtoeHr4&skuId=6006543409143
1015404500274,POPMART泡泡玛特星星人The Moment系列潮玩手办吊卡公仔摆件礼物,235.9,¥,券后价,tb7445538986,SUN TOY,,79人付款,广东 广州,"店铺满199减3, 包邮",出售状态:全款预售 | 系列类型:联名系列 | 品牌:POP MART/泡泡玛特,https://g-search1.alicdn.com/img/bao/uploaded/i4/i2/2211802957652/O1CN01NvzD8F26OfoVqBRZy_!!4611686018427381588-0-item_pic.jpg,//item.taobao.com/item.htm?id=1015404500274&ns=1&abbucket=10&xxc=taobaoSearch&mi_id=00007bTi7s10DWfYbg6ACGp6e_Lb4iQrTdmN8A8-Y8oqpNk&skuId=6018513368382
1016114108070,正版泡泡玛特星星人怦然星动系列手办可爱桌面摆件女生礼物五代5,399,¥,,tb131675402,盲盒真有趣,5年老店,23人付款,江苏 常州,"退货宝, 包邮",款式类型:端盒 | 出售状态:全款预售 | 品牌:POP MART/泡泡玛特,https://g-search3.alicdn.com/img/bao/uploaded/i4/i4/4098742621/O1CN01ywapDz1VETCyURfuv_!!4098742621.png,//item.taobao.com/item.htm?id=1016114108070&ns=1&abbucket=10&xxc=taobaoSearch&mi_id=0000s9_gekucJWMUbOoDaOD114nyiYurExY4yCIbz2XoLfU&skuId=6186320779672
967447463488,泡泡玛特SKULLPANDA光织园系列搪胶潮玩手办永生花花盒七夕礼物,332,¥,券后价,肖寒1112,GRENLUS格琳露丝,8年老店,67人付款,湖北 武汉,"官方立减12%, 包邮",,http://g.search2.alicdn.com/img/i2/124819861/O1CN01PDoI6d2MiOinUSGYa_!!4611686018427386261-0-saturn_solar.jpg,http://click.simba.taobao.com/cc_im?p=%C5%DD%C5%DD%C2%EA%CC%D8&s=512090662&k=2369&e=zJfWlwuz9DyaVa5BJ7gmGbDb7jFDf2qUAgn%2B72MroUTkZm99HlTs68kKZjKbTG4H7cAREFN5Udizw5RNM5A6NdJUUMDAamHVphYf10rDBi9oYZC%2BagUO4w6lRxqy4PgwWZwlTr6EZ4pNKDFggRFJD7ATTwO56f6Awqz4b%2F80LP2gVKn5brZZpoNzy4CeZQUC6kjQImAeOYdi2tqtZa51Nf8V0%2FBMnHvDl%2FIJ%2BENobnt1ysrFqh96Pntr0KLZEAibhwiLs%2FwcnTfMcgIbcJDJSRCqhch12iF9xlw7iX8%2BkBdV2fyKsyYsYcnIKgZi5mra%2Bl7AclrWuQU1KNBxPFEwzjQNFR1yoRpQ09vhU8FwNL%2BWqd7eaj%2F66JJ201lCHryTCUaaBI1X92vziWPINfM6yiMy7qIQx%2BsrOZo6uuLdkmThY625WmcnBuZM0tiI0JRrSoUyQ5OVe2XCop%2FEob2m7PacsxCw8k0P6VmMhS9YTSGsFY80UiuoTmq9J5IakiJOHCcMcu8pzdcZyqfkcv0e6yXXZfl4ru7pVI%2FBhDTJJTvR6T82xt%2Bruu%2BCTM5M3TOB7ydfF8ysgxVeKfXJ7ltWwdkuOIx6S8PpXzi3mANRHd9wOza0P6ASlgc2wwsKEV8VjwPvs2KU44F2fPYLVqxU9bdJI9ERY28KClnf9xEZJ%2B8HW36QF%2BBqb0sARMOG2JfTbr42qG%2FpgstU6SLdXIxFmLFVefWf37%2FglgUOs3mPKgtrp0uf68VysSFZqvLC6Sy9KCOa46yisfnvgkzOTN0zgaBdfSkQROs%2FdgLIuoBKaGCzR32dYuRCWMT0ZXzR9wQj11%2BhRJWV9Am1PRK4zwFuIwdbfpAX4GpvwxuaVzGIZDaHrp8kW8c9AQvO2eMoY7zlvYhdGQCtPd6MuqX0OBii1ej3Rgq3pTf2usnyjNQTMmWkJ%2BoqGSJVh%2FyfPCeeQlcozM2MmY8iPSQe%2Fib3lLcS2ixBCUZwNzHmtqmHh8R%2BatY3yY2vSOkkkC0AVJ5skZkL%2Fvi4Frjq9JgHW36QF%2BBqbxbujwtwRG4GXjscBCe3Dry3IYz4ABaPzczCAmqgM2yiBQdRWQVEsFYx5SQNnHgYush2TPnRDZbA0Lxb5OyXjJoBvYmLb8Hf9HvVU8yGxDYTdwlW2rcB1EBLjZQWDDatJTRgespjRlfYgJn0mml7XJaSJjSWv%2FZ%2FkgQmA%2BLO395%2BZoYfGUWBN1NvI%2F1CJzEfNK4E5etM2EoT8s43W6KeiLOZdusj3hIsERrvSkBfUN425drDvjrMKRmoq%2FDFINeI8TgIzURIenRdDwZQxplSrST8eZ4e%2BMQ%2Bc0QcGyta96JHERDp7I4pFXosna57A38bvB9w4QdRLZuKUkCCnHJcCFRWtqkdvUJg0j27Qbye%2FAbNV24uCRZ9Q8lCZ1qYps9AsJYoQ5dqN%2BrJJ%2FhgfGR9s0XNxQQmqD%2FW%2FAuwAKTSdpkNH0pib7N%2FKp3Sm%2BJTrey%2BXIsptMW%2BZHm4%2FTXK3NNAhTr%2FxYZM5dmaDXu40jm5uP%2BufiQcoBHtkH%2FNJEd5ARnYNwGEydJgRnfFssEav%2B92Hkhgpda6HcIBZqSAg05OFnKQynyoL6318poZcRvIv6oRCcTUbnNBfIMHHv4m95S3EtoouRhN8NXlx6PD8QpoUoKSr9b%2BzPsigO4e%2Fib3lLcS2l451PJ%2FLtTADqVHGrLg%2BDChnhs9VxKDxRf5rIZtVth73Ovkx04%2Bz%2Bx3BXcf1d4Nj3eudF7m9cSKtJKdU7poooazqLHzjfUcnplTs03pqKZvD7vw%2B2NIA%2Bycfd5MFO9%2FTC2x6B9jEG7AWkO8dLIg7APoLhlJB%2FtwWTtwmxsX%2B43MvKiG%2BeaiOkoJm2%2FnSHilwDW5hktYJym7Xz05KB8slGm%2F3%2BcTERoE%2FNT964y2K%2FSNk6RnrTT%2FyyFlu7HKeItEaRGk1Hsy5GSZNvoFOi50oQltoJ0TsVpPEWQBwXqenHbDO0zYoxReBBh2uAc1wFLtOtISfoQrCWjIEBZE13NMtx1ywZMLzqQ2vS%2BE9Q4DedjBJEomXHC%2BfLUob3zb9x1wqRekFFvIfOd7nZDSAcETU2qSF6FDjyP8r3BmbJYechKzV%2FZ6ZvPKZUKyWwzmY0hwd%2BOVsmD%2FORSk12ezOhwgY6d5qK9U12CdKh3JfYHVFlO63jTWh3jT8SMVIm46cqhGMKPOb2dOqammS8fMyaAKhXehlMnUXlOYAOkZMeU4J3GmQFTym8ID1M7YDtN%2BWXZ3cE4BACC%2F6yhnGH2pkIgazYFdUdp2iHOzbjQhmnhL%2FrQzciX9vnZocE3jDaNoXmL2fGuym5CO0OvO9c19%2FGLyS%2BXb35Rgp2bqiJKUfC%2F5dRiZ&mm_sceneid=1_0_124819861_0&a=xxc%3Dad_ztc%26mi_id%3D0000iJyPUyiJYxUncId4JfBYYX2Ii2ZtvcklQFyL93N8Ujs%26skuId%3D6081235066348&id=967447463488
935009238031,POPMART泡泡玛特星星人二代来自星星的礼物盲盒潮流礼物,79,¥,,tb0596875361,BOOM潮玩,,200+人付款,重庆,"店铺满99减3, 包邮",出售状态:现货 | 品牌:POP MART/泡泡玛特,https://g-search3.alicdn.com/img/bao/uploaded/i4/i3/2216239564558/O1CN01iGdcLy1jXcLzlvOA0_!!2216239564558.jpg,//item.taobao.com/item.htm?id=935009238031&ns=1&abbucket=10&xxc=taobaoSearch&mi_id=0000p7VmXqvzyggO6QVcI-_OZGZN4mBt6YCdONaE8FX4yr4&skuId=5930922464807
960379516127,POPMART泡泡玛特DIMOO心动特调系列盲盒手机挂链玩具礼物,59,¥,,泡泡玛特旗舰店,泡泡玛特旗舰店,回头客20万,9000+人付款,江苏 苏州,"热销爆款, 退货宝",款式类型:隐藏款 | 出售状态:现货 | 品牌:POP MART/泡泡玛特 | 商品状态:全新未拆封,https://g-search3.alicdn.com/img/bao/uploaded/i4/i1/2885348004/O1CN01mFeXBK28ztEUOJLgO_!!4611686018427382436-0-item_pic.jpg,//detail.tmall.com/item.htm?id=960379516127&ns=1&abbucket=10&xxc=taobaoSearch&mi_id=0000XyaPQBYqCC4UQi4IR58MauXZUfiz21gaHzD529gCzlE&skuId=5889882357319
993282798359,POPMART泡泡玛特名侦探柯南周年庆典系列手办盲盒礼物,69,¥,,泡泡玛特旗舰店,泡泡玛特旗舰店,回头客20万,3000+人付款,广东 惠州,"热销爆款, 退货宝",款式类型:隐藏款 | 出售状态:现货 | 品牌:POP MART/泡泡玛特,https://g-search3.alicdn.com/img/bao/uploaded/i4/i1/2885348004/O1CN01p8wEaf28ztETqBOAi_!!4611686018427382436-0-item_pic.jpg,//detail.tmall.com/item.htm?id=993282798359&ns=1&abbucket=10&xxc=taobaoSearch&mi_id=0000aXncc-AWHs97atpSiJGFRe9Xe5GUZsqRYaszWT4XJ_s&skuId=5969149296697
979131437926,POPMART泡泡玛特星星人美味时刻系列 毛绒法棍抱枕摆件潮玩礼物,219,¥,,tb868432529,布丁正品潮玩,,100+人付款,河南 许昌,包邮,出售状态:现货 | 品牌:POP MART/泡泡玛特,http://g.search.alicdn.com/img/i4/1973990008/O1CN01uZXxwl1BviGEcMGUI_!!4611686018427384440-0-saturn_solar.jpg,http://click.simba.taobao.com/cc_im?p=%C5%DD%C5%DD%C2%EA%CC%D8&s=512090662&k=2413&e=V0RztadjfAmaVa5BJ7gmGbDb7jFDf2qUAgn%2B72MroUTkZm99HlTs68kKZjKbTG4H7cAREFN5UdgH5lcUFFuSGlOlsnHYII1NrITRFQH60H9oYZC%2BagUO4w6lRxqy4PgwWZwlTr6EZ4pNKDFggRFJD7ATTwO56f6Awqz4b%2F80LP2gVKn5brZZpoNzy4CeZQUC6kjQImAeOYdi2tqtZa51Nf8V0%2FBMnHvDl%2FIJ%2BENobnt1ysrFqh96Pntr0KLZEAibhwiLs%2FwcnTfMcgIbcJDJSRCqhch12iF9xlw7iX8%2BkBdV2fyKsyYsYcnIKgZi5mra%2Bl7AclrWuQU1KNBxPFEwzjQNFR1yoRpQ09vhU8FwNL%2BWqd7eaj%2F66JJ201lCHryTCUaaBI1X92vziWPINfM6yiMy7qIQx%2BsrOZo6uuLdkmThY625WmcnBuZM0tiI0JRrSoUyQ5OVe2XCop%2FEob2m7PacsxCw8k0P6VmMhS9YTSGsFY80UiuoTk29n2C1PFc7V3R6qBqPE9Kr1BrBLY9jLyXXZfl4ru7pauE1GLhbOEQvXDxhS9wfq5FNiS%2BYJ5Im8%2BnLqYiQo2gbEQPuFkZkmzaD%2BmL6lUbrpa%2F%2FcYUGjMfxuJjf31F5PuzUqJaAOktLsd8NxvkoXny1wn412ySVfuZJ2QnjxWSncNIB7kvAuzfUgr34%2FIxj%2FMb0XRrBjPCv9GJ9Ox03T%2BhU6SLdXIxFmLFVefWf37%2FglgUOs3mPKgtrp0uf68VysSFZqvLC6Sy9KCOa46yisfmRTYkvmCeSJjYnd9Sl8O7Ui9Cue%2Bw4%2B2glT438C51RHDrUqpdrj4eay04xgvqiei9t5EGyskUoGP4ZdgjEiDWY5zxkwSQQ0G7OqWvNmLqFrxTC0nRDCjQfKelxKuE%2BMb5VRC1i6TZ97znaX3aO2Tf%2FyrgsdzfItPu4%2Bz07f0LSrpnjLC160xPVv0MnO5qCrZMUoqjCKsfwxG1PKFPv1RwaJXmQk4dON%2F5dUdp2iHOzbn11V8BD8JXqo9KhYHvQTQSE7FIaYH3n8KE3lCgoshGGDTIPpC3XpRvyhpdREXw0Qia0gXnUbwLgvOuYOb%2FWKEhjF8ohcK5Zb4pgyFeniu1cnQ0lxGPjdPHVibT7b5of2hmPOqMVNsWLfoVodtIRFQj1RSrSDzlZJ5Nq1FarQyOKRBWeJt06MCqHFag5jYS288ugxmP%2B%2Bw9o4CNZi8n8Nz81sEqISbU1ca2eOVdMKEDGH1%2BfKdHLpOdhvlH0U4vz0vs0cLwADdcm92bKzJhxHs%2FDZgseFOz4DgnVkYkCmySIr%2F9sJe3EIl4cJP7sid%2F%2FtwV7rzMLhe94e251yrOUghTqmteBdLLAav4ZdgjEiDWYYs3%2FStvH0t0gVkkx%2FicWK0Y1Mj4XA0MOrYkTxf14AwjsqNBrrFG5jXK7PSngXO7NkivarkSKct9BOqiCsavDOZ8kssvf2sXWvdcvMWnLkM7PwVhaRnbzH06L6lGDuUuPFKejpYfH91ORNtL%2BMebd8iwioeFVEm7ixohCC5CAiaLBKoa3NV2gpBI2JmU2vnvZTCUytaTjdlfl5N%2BoPB21j24vb5eU7baDEtCwrsysl5nEAYHGhofIajMxto4e35jnEtpF%2FfGD%2BVTN%2BaXhaNn5ziV5kJOHTjf%2BqCn3tdix3wIerNEjeoPhdfcYmbV%2BgstcJXmQk4dON%2F5c%2B1jt5a2mCC41PnMzNH%2FfD%2BzS6%2BG3Upmmt%2F%2FWDw0a8Xr3GZvpTRWBTKWZ%2BETiNrO2VIAQZzm8wlnMArwzN1%2BHaIdtCdXOrX%2BZU7NN6aimbw%2B78PtjSAPs1UFlrAPANFVhZ5zZrv65C60i3uJaEA4zyF5Y1dBGPmma2Iy%2FX9vFNFXtGAgbpqrRY1fKsSqBZ7dxLOgLur%2Ft8YNwG4LFS4d4r4oyjB7dlvWZMSNDH2plWfCnxC19zo7m0w0DfgVu7xQfQQV0ApyaOehzZaa%2BjT7nRBktXJBRQWNYVttrKagNh%2FgEz5H%2FkYDxBAH7NKkdFlZ5xvLb3cuI9DlNRV99XOiNQ65AdT3UMLWPNYnoH%2BORIytwBqzRdJwYpTRs%2BkMFnY2pFSqOEFLJWjuYYUxOzm7vH%2FxTElnfkUa2uIn%2BYVQneCqS%2BbtXYnj7XmUy44UWEqokZcunNX%2BYaNSCvfj8jGP80foLLrZEzciHrp8kW8c9AQvO2eMoY7zlvYhdGQCtPd6MuqX0OBii1ej3Rgq3pTf2usnyjNQTMmXz%2FQRq0ujRVNB3CxsVXnxUcCeJ%2FOymE3GO75YlPNpQZKPSoWB70E0ECPMkymljhWkU6y5aL8j1PTnf%2FzXdRPFi3KE8pv0pxoHMtP%2FYz6QP1CBWSTH%2BJxYrzn3B8P23glW8pLpO7k57BqyTX4UWCWRpr3QNTpGZf3k%3D&mm_sceneid=1_0_1973990008_0&a=xxc%3Dad_ztc%26mi_id%3D0000MK1zjGKrZZ1L5bhBojOL4pYFp6ELLvfMLok1skSLxME%26skuId%3D6100934239180&id=979131437926
911493540641,POPMART泡泡玛特123！星星人系列手办盲盒香蕉船玩具礼物摆件可爱,74.9,¥,,李超越0922,TOP DOLL 俱乐部,回头客1万,1万+人付款,广东 广州,"店铺满299减3, 包邮",款式类型:端盒 | 出售状态:现货 | 系列类型:联名系列 | 品牌:POP MART/泡泡玛特 | 选购热点:淘公仔,https://g-search1.alicdn.com/img/bao/uploaded/i4/i4/2660786779/O1CN01oSFXI71zwq3Astfcx_!!2660786779.jpg,//item.taobao.com/item.htm?id=911493540641&ns=1&abbucket=10&xxc=taobaoSearch&mi_id=0000sBT2Cl2sFaqjntEFTLy7I0Iy_6K9SHbAc-bjFND2B5o&skuId=5941187767148
1009124973393,现货POPMART泡泡玛特哭娃CRYBABY 度假 Vacation Mode On搪胶毛绒,2000,¥,,tb9723665577,TOT潮玩店,,58人付款,浙江 金华," 3期, 包邮",款式类型:隐藏款 | 出售状态:现货 | 系列类型:联名系列 | 品牌:POP MART/泡泡玛特,https://g-search2.alicdn.com/img/bao/uploaded/i4/i3/2216411999407/O1CN01N7qLmW2JMSuArmtAl_!!2216411999407.jpg,//item.taobao.com/item.htm?id=1009124973393&ns=1&abbucket=10&xxc=taobaoSearch&mi_id=0000DHLkDiw8w8j3bpN_jo6EdlA6fTnCgpCbbSclS3p6DiI&skuId=6173276391424
,,,,,,,,,,,,,
980348217813,正版POPMART泡泡玛特星星人美味时刻系列单肩包周边礼物,299,¥,,tb9354653_11,泡泡潮玩屋,5年老店,300+人付款,广东 广州," 3期, 48小时内发, 包邮",款式:单肩包 | 角色名:可琦安 | 品牌:POP MART/泡泡玛特,https://g-search1.alicdn.com/img/bao/uploaded/i4/i2/879460933/O1CN01uUXd8W1IlMdrX6WZg_!!4611686018427380293-0-item_pic.jpg,//item.taobao.com/item.htm?id=980348217813&ns=1&abbucket=10&xxc=taobaoSearch&mi_id=0000146__y6q-lRJA06go3dN9QFB4B7yw5r5-SgpJqlnAzs&skuId=5937796713391
925376412686,POPMART泡泡玛特小甜豆有关爱的语言系列手办盲盒潮流情人节礼物,33,¥,券后价,吴陈0809,伍伍潮玩铺,,1000+人付款,浙江 嘉兴," 3期, 包邮",款式类型:隐藏款 | 出售状态:现货 | 系列类型:联名系列 | 品牌:POP MART/泡泡玛特 | 选购热点:淘公仔,https://g-search3.alicdn.com/img/bao/uploaded/i4/i1/2644373718/O1CN01GjVb0C1dKterNMiNT_!!2644373718.jpg,//item.taobao.com/item.htm?id=925376412686&ns=1&abbucket=10&xxc=taobaoSearch&mi_id=0000rxdsUOxSmeUQios4cDSo2cZsixCg3I0LSmGoQhdLW_A&skuId=5971321827587
860111534374,POPMART泡泡玛特星星人随行杯暖壶杯吸管杯双杯礼盒,185,¥,,菲玩捕客的秘密,菲玩捕客的秘密,,7人付款,广东 广州,包邮,出售状态:现货 | 系列类型:联名系列 | 品牌:POP MART/泡泡玛特,http://g.search3.alicdn.com/img/i3/7656947776/O1CN01KbxeGx27JSvJixCbZ_!!4611686018427379776-0-saturn_solar.jpg,http://click.simba.taobao.com/cc_im?p=%C5%DD%C5%DD%C2%EA%CC%D8&s=512090662&k=2413&e=dgcrniBvI5yaVa5BJ7gmGbDb7jFDf2qUAgn%2B72MroUTkZm99HlTs68kKZjKbTG4H7cAREFN5UdhnskgHRVKahLkaOjLYvtHM3mat6B5SzuJoYZC%2BagUO4w6lRxqy4PgwWZwlTr6EZ4pNKDFggRFJD7ATTwO56f6Awqz4b%2F80LP2gVKn5brZZpoNzy4CeZQUC6kjQImAeOYdi2tqtZa51Nf8V0%2FBMnHvDl%2FIJ%2BENobnt1ysrFqh96Pntr0KLZEAibhwiLs%2FwcnTfMcgIbcJDJSRCqhch12iF9xlw7iX8%2BkBdV2fyKsyYsYcnIKgZi5mra%2Bl7AclrWuQU1KNBxPFEwzjQNFR1yoRpQ09vhU8FwNL%2BWqd7eaj%2F66JJ201lCHryTCUaaBI1X92vziWPINfM6yiMy7qIQx%2BsrOZo6uuLdkmThY625WmcnBuZM0tiI0JRrSoUyQ5OVe2XCop%2FEob2m7PacsxCw8k0P6VmMhS9YTSGsFY80UiuoTmq9J5IakiJOHCcMcu8pzdcZyqfkcv0e6yXXZfl4ru7pauE1GLhbOEQvXDxhS9wfqyeOqPVPwsFwa4G%2BtSJ8ulHAERUzqfUV1wAHIfc21D%2F3dXlbNkHVr40s%2BRgkC7YhVTyi4dSge9TMuT0vJJIHwJZcUUnFKijBVlxk98CxYFGN92nkwRPO7lkclgw4AleYm5U%2F8kliBG4O%2Fo0RpQz8GEYzfcXTSNs%2BddCQe5Vao0%2BYgIJ7QYiWmaSS3uXVZkLMld6ZrSP3oCJ08hM67Qa5oE9FU%2FGJHmETsSL9%2B%2Fr6EEYEvO7%2FDbqFKS5yHEmPW6XkUdMAdV8YMPVVklAGHiAfU83VRCnaFM8W0ws04TUrIGbSNTybgIABeWcYqGPoPWDmcRGn1XlEHNTwRfAILhAFA8vgwjOJLwmKuW74AZqayXUcJ4jmIflgeLsi8Lc5QcST%2FxakTMWWjfwdcRHa7r0v3lf7xK6Ew5av18wW2W9%2BeYl5xrGfbJqLvjlKDwY6uQxvW5RBFhX2zOpFFw0ue9NdgyIXsiOQI3D%2F%2B2HiSL6Ew6W3%2Fqu3O31MITMjOEoaE84RwVkgUblxMAac45TYpG6YBpqu5Fhq9ykKR7eOlI4FxQGxs8ShKPI3LE%2BNUeXRB%2FE%2BnDtxkbqwCbZf6vHfa9bWpahRwQ3jXpbTcIwqlAQLM6bXWuLNdTpI5EYw8YULRG0C80tUJ94TieNx3SqcbnprMNJcP0BKpZI7l23W6QXhfmKANJvkw3vjSGHRgz0u%2FjozzhfH4GkICjzum%2BrCGwFU%2Ftc2w9%2BJDpfyFOjC%2BXXAkmA38uaLDc1y%2F5s%2Byh7rhossl1xRScUqKMFWXGT3wLFgUY33aeTBE87uWRyWDDgCV5iblT%2FySWIEbg7%2BjRGlDPwYRijoy867NXEELeDMlyC%2FZEEmoNjoYcNwhtKYxqhNi1OeCQ9Usu8qIiWepi%2Bma1wd71mx%2F%2B3OsA7BwbDU%2BvnAeqfHTtEB2R56Y6L%2BYWTK%2FZKp6CZrtt9MNTiziHi0BOg6EzgeqiFAKSDVRcOkLvz1C%2BAj7d%2Bby6v5WLx%2BUJkXvzpllCzxARF9FveN19R1%2BMCxR%2FNs%2FQsfbSsCKYveWVksJgM4CDLtDsaMjs7wmfWAQxJINpqWnUkgFoSyRA7xwYhIWRu3fZJbV4CoDiFb48CKTyL1St2Avjki6rJEDvHBiEhZG7d9kltXgKiR1VKxdbcUuQzgQiADwfa05mhUyN9rpPKD2XGYL%2ByjGKp9Hm7wPimqYO9gNOHvMkgrCbtePF26IOPMnQm9aPbmGFyUxRRghd4yjdCU%2B7D9ntcRS586lPaZf4cECDrzWJqms4GikZq1JqDLbOpo2THo4H%2BeWR5R4wwmjENsjM6OS5EFSRrcve7OZ3NX2x2ZGgORE2tpG1MybDW5hktYJym7Xz05KB8slGkudp%2FDUxoN4tT964y2K%2FSNk6RnrTT%2FyyFlu7HKeItEaU%2BLcT9wn7%2BptczDqfV12zBtoJ0TsVpPEWQBwXqenHbDO0zYoxReBBh2uAc1wFLtOtISfoQrCWjIEBZE13NMtx1ywZMLzqQ2vS%2BE9Q4DedjBJEomXHC%2BfLUob3zb9x1wqRekFFvIfOd7nZDSAcETU2qSF6FDjyP8r80ae31v3yQhV%2FZ6ZvPKZUKyWwzmY0hwd1Bfjv3AwUCj55lrhfPAWCGCr0QLZTOqgrP40lt7V0n%2Blj6zD9YGU5IA94bS1DsiX3ewS16jC1nuH3WJbsQ7jlj92tJcEAHQyvJaIAyHhReR2MzmssHiym%2Bhqw3qk%2BiDKrvIQgcWxQvFU%2F4iPVQKmG9c9eApxmntec%2FbQAlo7O%2FZchdPFY9axmes8gfI7MhDO8Gw1Pr5wHqnfurMIKT4AeFIXLcDKv1MR9Kb4lOt7L5c%2Fd0RJSD69U8%3D&mm_sceneid=1_0_7656947776_0&a=xxc%3Dad_ztc%26mi_id%3D0000Ucv6KV_dCEF_t-haAtRSMQI9351WW2py9RhlIfWvOzo%26skuId%3D5980966148814&id=860111534374
679553948009,泡泡玛特永生花DIMOO十二星座老婆新年女生生日情人节礼物送女友,598,¥,,lsyong_swbd,OnlyFlower礼物店,7年老店,3000+人付款,广东 中山,"退货宝, 包邮",出售状态:现货 | 品牌:POP MART/泡泡玛特,https://g-search3.alicdn.com/img/bao/uploaded/i4/i2/2405490865/O1CN01N3ygmm1IGDgcrGZIv_!!2405490865.jpg,//item.taobao.com/item.htm?id=679553948009&ns=1&abbucket=10&xxc=taobaoSearch&mi_id=0000XgWjHRcBvZraSUlZEXYYTP4a8f6ZbHPTNTd1vsvIE9A&skuId=6117378530222
910608568549,POPMART泡泡玛特123星星人系列Twinkle手办盲盒潮玩具送女孩礼物,299,¥,首单价,tb549052074,艾顽潮流iwant,回头客1万,3000+人付款,广东 广州,"直降2元, 店铺满158减3, 48小时内发, 包邮, 公益宝贝",出售状态:现货 | 系列类型:联名系列 | 品牌:POP MART/泡泡玛特,https://g-search1.alicdn.com/img/bao/uploaded/i4/i1/2207971297914/O1CN01iW9vtS28KfaQPATtr_!!2207971297914.jpg,//item.taobao.com/item.htm?id=910608568549&ns=1&abbucket=10&xxc=taobaoSearch&mi_id=0000j7tRkzOyTiG1PxD2MrRm3n428Xd0O5WdfkE7vfiB3zE&skuId=5974192672212
968595646606,POPMART泡泡玛特 拉布布LABUBU凌晨一点系列盲盒慵懒瑜伽手办礼物,84,¥,券后价,tb160998713,SP正版盲盒店,回头客10万,1000+人付款,浙江 台州,"店铺满39减5, 48小时内发, 包邮, 酷动城",款式类型:隐藏款 | 出售状态:全款预售 | 品牌:POP MART/泡泡玛特,https://g-search3.alicdn.com/img/bao/uploaded/i4/i1/2208399554429/O1CN013DqKzF1iaXHQtQ0hB_!!2208399554429.png,//item.taobao.com/item.htm?id=968595646606&ns=1&abbucket=10&xxc=taobaoSearch&mi_id=0000jzXIaSPp6EysqbfNKzHHLoM_SPYG91Sqg7gFrfZDYPQ&skuId=5964936328602
802217676592,POPMART泡泡玛特正品 ZIMOMO大首领大天使搪胶毛绒公仔,449,¥,券后价,tb621562613,MMV TOY,,500+人付款,广东 惠州,"店铺满599减3, 退货宝, 包邮, 公益宝贝",出售状态:现货 | 系列类型:联名系列 | 品牌:POP MART/泡泡玛特,http://g.search.alicdn.com/img/O1CN01PDYO5P1jktrmds2N0_!!4611686018427384779-0-item_pic.jpg,http://click.simba.taobao.com/cc_im?p=%C5%DD%C5%DD%C2%EA%CC%D8&s=512090662&k=2401&e=PH%2FfKAuzywqaVa5BJ7gmGbDb7jFDf2qUAgn%2B72MroUTkZm99HlTs68kKZjKbTG4H7cAREFN5Udjz5MUTFTlILIEIpOouL1tZjt19WtoxM1OFpljHRHBPYA6lRxqy4PgwWZwlTr6EZ4pNKDFggRFJD7ATTwO56f6Awqz4b%2F80LP2gVKn5brZZpoNzy4CeZQUC6kjQImAeOYdi2tqtZa51Nf8V0%2FBMnHvDl%2FIJ%2BENobnt1ysrFqh96Pntr0KLZEAibhwiLs%2FwcnTfMcgIbcJDJSRCqhch12iF9xlw7iX8%2BkBdV2fyKsyYsYcnIKgZi5mra%2Bl7AclrWuQU1KNBxPFEwzjQNFR1yoRpQ09vhU8FwNL%2BWqd7eaj%2F66JJ201lCHryTCUaaBI1X92vziWPINfM6yiMy7qIQx%2BsrOZo6uuLdkmThY625WmcnBuZM0tiI0JRrSoUyQ5OVe2XCop%2FEob2m7PacsxCw8k0P6VmMhS9YTSGsFY80UiuoTqQZFxLFrqGT7ob7Pk6kxbVSrih0fIYw15LOKUhDG324gH3lML0xp7ZNNYjxcxTqcq8qqVo81s%2FHvaFSshD5dVW4kFNIpsoeEfaY%2BjWygWfbswTDxCeb30DOdOGdEeuWAE5dJ7x1oGm6oVcQvTToXsGB5ETdZBigG4EyUGBSsZwhJlVh85r2C1YuCyz2bctr2AXncFnDOshycdMkjf9S60wHqKq3cr6uNW0wp9B1wt%2Fj9Z4suIO%2BdpAsKJ2V2aASDKqN2%2BzSQziCTTWI8XMU6nIfAbNjzKA8QsjjVOEiu8pL9GT180Uggiz1FuoRQdR5jbU9ErjPAW4jhk29mlbANT3Sp5hfo0e%2FxoeunyRbxz0BC87Z4yhjvOW9iF0ZAK093oy6pfQ4GKLV6PdGCrelN%2Fa6yfKM1BMyZfP9BGrS6NFU0HcLGxVefFRwJ4n87KYTcfZlSZ2lVh%2FPZ1JofqrYABUmlFMbzd%2F3Fce7cMR9Opoh0blEc9I%2BzujdWxpaVeoGqvn56rRMoxFOwW%2FJJLvBt%2FiB%2BWHH7QnDEmQSEqJakdiOOllrvNrBAD%2B865g5v9YoSGMXyiFwrllvimDIV6eK7VydDSXEY%2BN08dWJtPtvmh%2FaGY86oxU2xYt%2BhWh20hEVCPVFKtIPOVknk2rUVqtDI4pEFZ4m3TowKocVqDmNhLbzy6DGY%2F77D2jgI1mLyfw3Pw7Ot%2BqxRGcMdTyIjiMBniYfX58p0cuk538YuD63uNDP%2BzRwvAAN1yb3ZsrMmHEez8NmCx4U7PgOCdWRiQKbJIiv%2F2wl7cQiXhwk%2FuyJ3%2F%2B379PCUbCi7Ain3mM3uOL4lPEJm2HDi4Ez3x1o%2FX77yPrsQrwL8bDJs8XIPteGHxLzvzBTuO%2Be1OWsYltUMz%2FHnOyo0GusUbmNcrs9KeBc7s0Qkasu%2BgrKIm4Q9Vw4RxqBJqOGrtJJWCouCyz2bctr2IwDKdlihwnZTovqUYO5S48Up6Olh8f3U5E20v4x5t3yLCKh4VUSbuLGiEILkICJosEqhrc1XaCkhcCvGLi6NqSmZHLqRhzY1gQ4a8QVwz5LTcK8rY%2BuCzbNUqlV%2BxxgWzU%2F4vrBl5OdVNeOUWGFF0gS2kX98YP5VEdilxpXWpUaTTWI8XMU6nKoKfe12LHfAh6s0SN6g%2BF1zAfcfNAihbhNNYjxcxTqclz7WO3lraYILjU%2BczM0f98P7NLr4bdSmaa3%2F9YPDRrxevcZm%2BlNFYFMpZn4ROI2s7ZUgBBnObzCRNxTojSKmoitmX2I%2FZV3l5lTs03pqKZvD7vw%2B2NIA%2Bwb9tear9mNmuiErraEzl%2BYrRUandpTBJA1QxYzgYHfmpnjLC160xPVi77tKI%2FvCNLN6pCyuYgIso%2BAvHNfdZLn0s6D94wJkvCny%2FlTahdBuKN2tbvHgm6SufL98I2pMcP2yWUDOL8avprx9qB4IilBa99ls6jHr70lpqiSeecbeB9p4Bk9JAt8hZ3e4%2FFlUV7hRyzqug5Kg7PqN7rIc7XfFxa5NtE424cG0geIN8j5afk32DsOt5wMcFOukPVKKHOEdJc2yq6fUkpM6aWsh%2BGKV24uCRZ9Q8kvv8QJ97hFPDw%2FsDxY6QyOMYQkWs94LNso6YqSdAg6m3VWqppTqaQo%2BzP8sVCoMrFTuPbxyCttCn0ksc0HN6k6%2B%2B9m8zC76zdQmczwYPLW0oFIbeOECXlOBv8HiLjmQG5GFz3EyMD3wmZ5foTr22vCnY1MGb8MP3w1sTDhFz8C18UBU3K3KzNLsfLRCxmamTHgVSKVo3Z6CnrBGBXmvrcL8YGBK9Vdpw9daAXtaerX6G4Q9Vw4RxqBSAEsgpAaJinPI5%2BZPXOu2k%2Bo8m6uI2wbov5hZMr9kqnoJmu230w1OFw49a%2F69bq%2F&mm_sceneid=1_0_6575436378_0&a=xxc%3Dad_ztc%26mi_id%3D0000HnUTiq7KiLUPuclAPKXv89PwLS2p4XoRdK0fBGaCueQ%26skuId%3D6121102159168&id=802217676592
909164335357,POPMART泡泡玛特星星人123！星星人系列手办盲盒玩具可爱礼物摆件,64,¥,券后价,tb053655438,梦启潮玩,,1000+人付款,广东 佛山,"店铺满39减5, 48小时内发, 包邮",款式类型:特别版 | 出售状态:现货 | 系列类型:联名系列 | 品牌:POP MART/泡泡玛特 | 商品状态:全新未拆封,https://g-search3.alicdn.com/img/bao/uploaded/i4/i2/2212672111568/O1CN01wEJF131NSC4wpLR4K_!!2212672111568.png,//item.taobao.com/item.htm?id=909164335357&ns=1&abbucket=10&xxc=taobaoSearch&mi_id=0000MixpjyortypSXCkYlWswlhrOzLj-u2TJsLFjm-PPYVI&skuId=5939302703667
794738553917,POPMART泡泡玛特 Zsiga 允许，这一切系列手办盲盒情人玩具礼物,45.8,¥,券后价,有鱼狠幸福,潮玩大玩家,回头客6万,2000+人付款,广东 佛山,"店铺满30减3, 包邮",出售状态:现货 | 品牌:POP MART/泡泡玛特,https://g-search3.alicdn.com/img/bao/uploaded/i4/i3/3465404515/O1CN018woc5U1jDvBxRMFQt_!!3465404515.jpg,//item.taobao.com/item.htm?id=794738553917&ns=1&abbucket=10&xxc=taobaoSearch&mi_id=00008G6lZtDUTEE0-JOebkBzdoT8ZcWdnbZKhST0UWZqx6k&skuId=5422640944912
941566063442,POPMART泡泡玛特魔卡少女樱透明牌系列手办盲盒玩具女生礼物摆件,55,¥,券后价,tb160998713,SP正版盲盒店,回头客10万,1000+人付款,浙江 台州,"店铺满39减5, 48小时内发, 包邮, 酷动城",出售状态:现货 | 品牌:POP MART/泡泡玛特 | 商品状态:拆盒不拆袋,https://g-search3.alicdn.com/img/bao/uploaded/i4/i2/2208399554429/O1CN01GUcYNa1iaXF8gdgun_!!2208399554429.jpg,//item.taobao.com/item.htm?id=941566063442&ns=1&abbucket=10&xxc=taobaoSearch&mi_id=000042NcsJGAlJbPwnpM9HPoqKGHJaOAkRpoak99WhPai7A&skuId=5863404040855
1006295179279,POPMART泡泡玛特原神 嘉年相聚Q版系列手办盲盒摆件玩具礼物,57,¥,券后价,幸福鞋者168,牛牛潮玩集合店,,83人付款,浙江 杭州,"店铺满39减5, 48小时内发, 包邮",款式类型:隐藏款 | 出售状态:现货 | 品牌:POP MART/泡泡玛特,https://g-search1.alicdn.com/img/bao/uploaded/i4/i1/782003388/O1CN01PBWXta1atkz7etP5d_!!782003388.png,//item.taobao.com/item.htm?id=1006295179279&ns=1&abbucket=10&xxc=taobaoSearch&mi_id=0000ZGUfFhBFeiubI5d4B4SUzos3XphMxEs2vc6Vn_ZdlRE&skuId=6004559149338
810198178598,全新正品假一赔十MOKOKO甜心系列万圣节圣诞节搪胶毛绒挂件手办快速发货,233,¥,券后价,wing哥73098980,IM TOY潮玩之家,,33人付款,广东 惠州,"包邮, 公益宝贝",,http://g.search3.alicdn.com/img/i3/6587853948/O1CN01ZenT6z1f2EmxVl4oh_!!4611686018427382908-0-saturn_solar.jpg,http://click.simba.taobao.com/cc_im?p=%C5%DD%C5%DD%C2%EA%CC%D8&s=512090662&k=2425&e=j%2FN8d1SWPXGaVa5BJ7gmGbDb7jFDf2qUAgn%2B72MroUTkZm99HlTs68kKZjKbTG4H7cAREFN5Udh4gohOHYrc7Fk%2F7JTbcqf25Ootn%2BeK3i5oYZC%2BagUO4w6lRxqy4PgwWZwlTr6EZ4pNKDFggRFJD7ATTwO56f6Awqz4b%2F80LP2gVKn5brZZpoNzy4CeZQUC6kjQImAeOYdi2tqtZa51Nf8V0%2FBMnHvDl%2FIJ%2BENobnt1ysrFqh96Pntr0KLZEAibhwiLs%2FwcnTfMcgIbcJDJSRCqhch12iF9xlw7iX8%2BkBdV2fyKsyYsYcnIKgZi5mra%2Bl7AclrWuQU1KNBxPFEwzjQNFR1yoRpQ09vhU8FwNL%2BWqd7eaj%2F66JJ201lCHryTCUaaBI1X92vziWPINfM6yiMy7qIQx%2BsrOZo6uuLdkmThY625WmcnBuZM0tiI0JRrSoUyQ5OVe2XCop%2FEob2m7PacsxCw8k0P6VmMhS9YTSGsFY80UiuoTtAZROtwyHRcinQi9ai3l0ZGfteY6G9d%2FRptS%2FRFJrPrvFW4zL%2FB3K%2B8KHp%2BVJ6jgotAsaBKC37HiTRVM97RD7qkDDTYMHys9v10gllM%2Fx95yHsZtSZhqPq8I75yVgtDLbBhIxwxNfhO3sFqWv7jEmh1eeguQ2f85t6fA915KLsBy0JFfzWhZ9oYGm8QlyAnue%2BD1g1K9WwhwYN%2BfpYQ%2B6QgXQ6xyStcoINIchL7CX9s4A3i%2BzAAEZ2%2FpqREYI6nwU1pvJpVuWMmPcZLm4s89IWwLsfAG0Xnn4k0VTPe0Q%2B6leXuHCbvary21MyFFV%2FFivgCBNCD6oWeeyQZC7nS44ny%2B5AbcjY7LrrkChRACIdioc8mcVK%2BO8B9JLHNBzepOvvvZvMwu%2Bs3UJnM8GDy1tKBSG3jhAl5Tgb%2FB4i45kBuRhc9xMjA98JmeX6E69trwp2NTBm%2FDD98NbEw4Rc%2FAtfFAVNytyszS6sUMABvlN4C4QKNHz%2Bb41wAM8hAaNSzoF%2B%2Bvrv44y%2Fw0Wsw17SfJGxpfyxHDtIK%2FG%2F7SqrRX3HMdHWSYlSkzxHcTDRuQqCYJbxhVBhjbdkcwlvhszCpt0A8IrxHXIh4ZwI8K9zYqOt7ntHmb86ODI0vC48f5t4dkE4R2o6SFEGQhCi%2Fvb0iOgS3OSTxnRnQkBr6M7DqrQNlgZETINmfek7UE2syIcDLAtWqu7HX4PwdOk9aGKWPX14%2F9dQ6aNcYJjPiwv5WAtbIRBQYBJIWEtiy7UC6kS7z8IWcMeXmybNU0M3rmdjDoj3zCxodI3olQcA7GrrdhSYlijG94qi2IgsSWt8jRHWCRWzDJPNWaEw0Yn9qlkzxU45u3cQFfoVbnTQmrjuD6g4khTuGARpvkPrOfpqSUM4oGnxe6uXFjRfTc2Dhh5UvEDXv16Zevv70b7U951bCn0lFdDTujHmLqEf1eJR%2FMae%2BveEyvp8xPtMp2nxS0QI2RIW8wUMRfjxJujRhf7d9aMtz9drW45Iqyey2cP8y4o%2FYMdfsuZapzOH3dNIqvdDWu0eR3xlR1UnFKCIzGaHBZAR7FjXUg4U1u6dB%2FC%2B%2FS%2BV0Oz2ZGL%2BZcqC8B3Cex1onKVNyxLPfC9Pl%2BaAYRXZ5fgX1YIc0WgKz8giie7AYbJ89onApJ4f2fgnBV7AhQLR1Q6ofbjm74pR1crPBKZuYgVH3cCknh%2FZ%2BCcFyjlcz6yvJHiNwvzouHYpjYu6hQgoNe5%2BfLmB0iqKP1eJYqzTAQH0dxD%2BIGLoIJo4Agw3bLkWwg03NCgjm%2BBKniVT3nGEoRxwhHt%2Bs7Y90KYNwG4LFS4d4WM6S7npugabcvj7Fi1PUjGzEMtG5LHGWc4r4CP3B1WrFAVNytyszS6E7nYRSJtNik3SA7CFj67iJXJc69My9SNLOg%2FeMCZLwp8v5U2oXQbgO0SlIoitNQbny%2FfCNqTHD9sllAzi%2FGr6a8fageCIpQaAsa3YqmFcrPXNkEbbvNaofaeAZPSQLfIWd3uPxZVFe4Ucs6roOSoOz6je6yHO13xcWuTbRONuHBtIHiDfI%2BWn5N9g7DrecDHBTrpD1SihzhHSXNsqun1JKTOmlrIfhilduLgkWfUPJL7%2FECfe4RTw8P7A8WOkMjtUyXMAb4MwcKOmKknQIOpt1VqqaU6mkKBdkEakE8Pmnoc8mcVK%2BO8B9JLHNBzepOvvvZvMwu%2Bs3UJnM8GDy1tKBSG3jhAl5Tgb%2FB4i45kBuRhc9xMjA98JmeX6E69trwp2NTBm%2FDD98NbEw4Rc%2FAtfFAVNytyszS2tIhBqLleNZu5waAo5rptGsei21imRplAAzyEBo1LOgKDeM2oYx98zYKKI%2ByPvGtEQhfFZ%2B21vEC8TplLrlg59PqPJuriNsG6L%2BYWTK%2FZKp6CZrtt9MNThcOPWv%2BvW6vw%3D%3D&mm_sceneid=1_0_6587853948_0&a=xxc%3Dad_ztc%26mi_id%3D0000iTT35m02ktF92HSJGjxTXE7hY-CeRTNguRWpP8C_0_8%26skuId%3D5671505695575&id=810198178598
1017554348066,POPMART泡泡玛特星星人怦然星动系列手办盲盒玩具摆件新年礼物,56,¥,券后价,吴陈0809,伍伍潮玩铺,,18人付款,浙江 嘉兴," 3期, 包邮",款式类型:端盒 | 出售状态:全款预售 | 系列类型:联名系列 | 品牌:POP MART/泡泡玛特,"https://g-search3.alicdn.com/img/bao/uploaded/i4/i4/2644373718/O1CN016x3grR1dKtgznCNU1~crop,20,0,1220,1220~_!!2644373718.png",//item.taobao.com/item.htm?id=1017554348066&ns=1&abbucket=10&xxc=taobaoSearch&mi_id=0000SSG-Q3xFqA_bOdSGktbpTfpyEtu87HIMysloaY7D-aA&skuId=6189436479881
989922399318,泡泡玛特星星人车辆手机电话号码牌移车牌汽车车内临时停车牌高端,498,¥,券后价,tb108932064956,萌车饰语 汽车内饰品,,200+人付款,福建 福州,"官方立减12%, 24小时内发, 淘金币已抵4元, 退货宝, 包邮, 公益宝贝",材质:木 | 款式:隐藏 | 风格:可爱 | 品牌:POP MART/泡泡玛特,https://gw.alicdn.com/imgextra/O1CN01GaojbX2MctyH9PczN_!!2219570419849-0-picasso.jpg,//item.taobao.com/item.htm?id=989922399318&ns=1&abbucket=10&xxc=taobaoSearch&mi_id=0000TBkEDMU8rAJeG6PhF3C-mrZ3t0I096R-qCDP6V_fdCo&skuId=6126577367194
742144028263,POPMART泡泡玛特 LABUBU Originals 棕色硅胶耳机包周边,79,¥,,泡泡玛特旗舰店,泡泡玛特旗舰店,回头客20万,8000+人付款,江苏 苏州,"热销爆款, 退货宝",,https://g-search2.alicdn.com/img/bao/uploaded/i4/i3/2885348004/O1CN01RF3zvG28ztE5ZFEok_!!4611686018427382436-0-item_pic.jpg,//detail.tmall.com/item.htm?id=742144028263&ns=1&abbucket=10&xxc=taobaoSearch&mi_id=0000Q8HPFQbhhmUOccu84ioJr1sjyfTiN9NvGMpJzAdGOrA&skuId=5136570072506
899079497775,POPMART泡泡玛特Dimoo World迪士尼毛绒挂件系列手办盲盒玩具礼物,169.99,¥,,tb0673212314,嘟嘟潮玩店,回头客7万,2万+人付款,江西 南昌,"店铺满799减10, 24小时内发, 新品, 包邮, 酷动城",出售状态:现货 | 系列类型:联名系列 | 品牌:POP MART/泡泡玛特,http://g.search1.alicdn.com/img/i1/3499666437/O1CN01I6K1et1xQCaaHz8AP_!!4611686018427382789-0-saturn_solar.jpg,http://click.simba.taobao.com/cc_im?p=%C5%DD%C5%DD%C2%EA%CC%D8&s=512090662&k=2401&e=K4YpUAbVYjWaVa5BJ7gmGbDb7jFDf2qUAgn%2B72MroUTkZm99HlTs68kKZjKbTG4H7cAREFN5Udhf8nFB6TvGwYPtFfYypo9hWKdAoMBclsmFpljHRHBPYA6lRxqy4PgwWZwlTr6EZ4pNKDFggRFJD7ATTwO56f6Awqz4b%2F80LP2gVKn5brZZpoNzy4CeZQUC6kjQImAeOYdi2tqtZa51Nf8V0%2FBMnHvDl%2FIJ%2BENobnt1ysrFqh96Pntr0KLZEAibhwiLs%2FwcnTfMcgIbcJDJSRCqhch12iF9xlw7iX8%2BkBdV2fyKsyYsYcnIKgZi5mra%2Bl7AclrWuQU1KNBxPFEwzjQNFR1yoRpQ09vhU8FwNL%2BWqd7eaj%2F66JJ201lCHryTCUaaBI1X92vziWPINfM6yiMy7qIQx%2BsrOZo6uuLdkmThY625WmcnBuZM0tiI0JRrSoUyQ5OVe2XCop%2FEob2m7PacsxCw8k0P6VmMhS9YTSGsFY80UiuoTqQZFxLFrqGT7ob7Pk6kxbVSrih0fIYw15LOKUhDG324JESk2tCaLWFSqORLQ8czRL%2FMZkvW10PXoURrGDnI1RC1E2ZlTKk1K%2F5mlurE0enxvj5MvQRdxMPI%2BHB7%2BKK9qWULO6tuJAWBIrttykVpTrNDfaMoop5kyGIeK0zC2zwrLlHmT%2FlGRVjTg6x16BwouflxPZGtkI15cdMkjf9S60wHqKq3cr6uNW0wp9B1wt%2Fj9Z4suIO%2BdpAsKJ2V2aASDB%2BgWMznBXg5UqjkS0PHM0S9tWYMocWeJWqGG9u58gK6DTtuibvRU%2F969%2BJyjCMjfbU9ErjPAW4jO0iY71moHc5ac%2B6c980Mdh3JfYHVFlO63jTWh3jT8SMVIm46cqhGMKPOb2dOqammS8fMyaAKhXehlMnUXlOYAADxInaP5OScCmaMEqOzwwhyKKS6%2BrNb9r9Y2gvi%2FTBs%2B%2FcOM1UNCACQxccTBgECfB3n7%2BdzRVh60j3fz5LEWs97yPfudh5W43bI96x5B4Ak2eSZS37T%2Fac5%2BRtRshegnFbqlRXW3c761x5LgGAQwzR6KHtGFE%2BREyUiEev%2F52SpeV%2FxD%2FDlJPvyXK4KQvF62T7uUONNUpXVANb%2FNa%2FW8sNDMn24WItI%2BGT%2B%2BDm%2Bv8poRCqiKTlNBO5%2F9QOEBZMB2UpIynA4hVj3F2o7cm9RqdsiOs0xXljF%2Fa%2FS%2F61snU5HqWyfPv9SfO8o8I0e%2Bi7Rq%2BBUwf%2BGnUuoZZ%2FKUfwKXYOCHpYgCfuDOg9%2Bajzfr7JtjWEQQrvFDo228Z9HNY%2FddeXsrEd7KeBtFUUqf6svnKWOD6w4W0k%2BXnGxWZcIUeKPaE4NBFHYyUQGjY9Axq15ssywRjOv2TSS6g0H9RMHGZhtXJgkIHINfIxk%2Bcj2B5BE3oYgaXvb1CQpttxbRlX%2FOMQdxOFINT%2B9oIlmxh8A7giHX4Ybyh%2Ft8%2FGh%2BG9fM2jmLHsVdwrbUJEQNuk42HbGnDidlY%2BAaZN7ml0UxkDyQyXcQsnFj3AG9%2B8kNlRCQtEHNyk9vFCr7KEM5Yy8y8NcOSl5K5%2F8uEgU1s7qK0nzoe2kdO3JzC9jy%2F5lO%2B1X8nvSq5f94mJJ4lJQA6vryfvEXqacWnktUugGEeV2YHZq0nujw%2FEKaFKCkmUpP7oBAJOxppxaeS1S6AaPdQDKyCgrUw6lRxqy4PgwoZ4bPVcSg8UX%2BayGbVbYe9zr5MdOPs%2FsdwV3H9XeDY93rnRe5vXEio8OReQOrsZg%2FGGjEl2Ho81pNwKVpFsE7YNwG4LFS4d4Xq06VdSZfE7isMrM9lPsR1Vt7nMvTim0c4r4CP3B1WrFAVNytyszS6E7nYRSJtNiV9Dyu1686mUNXdOyI6RJaKOYRpMH0vCZautDajBMlJpto%2BNZvXQrCs3JPP4Lv%2Ft%2BsISRuKlZvrp49vFwYkJ0%2FVpccssy0MyFqE%2F4BhVmNbPcY%2FiYqygfnsDvbkzAZ2Vli0FAjsIJNn011FX3lpUSRK46AXKNOBO8KTMmWGiJ8FHWoLuJ2s%2BHANq8QU2LNNmAGg8htrP1FPYLnFWlJGjLyfXkRgaNKszoSLI4i1IiVeP9YkHevxxc3pPqTMSDJkSacCr3JpWaV69orV4iWMcidV5lMuOFFhKqJGXLpzV%2FmGg7SJjvWagdzlpz7pz3zQx2Hcl9gdUWU7reNNaHeNPxIxUibjpyqEYwo85vZ06pqaZLx8zJoAqFd6GUydReU5gAAPEido%2Fk5JwKZowSo7PDCHIopLr6s1v2Fj4ZJqnV8jurBKx62FmDWvv3DjNVDQgAkMXHEwYBAnwwOs%2BegwTJoCpyps0vwdedoOI7rsZEOpO2JNZTkkPz3irjKWvJYB1a9drW45Iqyey2cP8y4o%2FYMZKuSmytJP%2BI&mm_sceneid=1_0_3499666437_0&a=xxc%3Dad_ztc%26mi_id%3D0000kRuZ76O9rzngCx8GXr-6OCebLU_Lj8AabUA0lagXcJI%26skuId%3D5921273015523&id=899079497775
1005916702875,POPMART泡泡玛特小黄人世界之旅系列手办盲盒摆件玩具礼物,69,¥,,泡泡玛特旗舰店,泡泡玛特旗舰店,回头客20万,600+人付款,江苏 苏州,"热销爆款, 退货宝",款式类型:隐藏款 | 出售状态:现货 | 品牌:POP MART/泡泡玛特,https://g-search1.alicdn.com/img/bao/uploaded/i4/i4/2885348004/O1CN017NlGKV28ztEUhrXL0_!!4611686018427382436-0-item_pic.jpg,//detail.tmall.com/item.htm?id=1005916702875&ns=1&abbucket=10&xxc=taobaoSearch&mi_id=0000TFfwOZ1AQQDcAgUPtJoAjKHsdHA764ds8peaWkbhCBg&skuId=6172256627567
759453934054,POPMART泡泡玛特 Skullpanda声音系列盲盒手办潮流SP13代公仔礼物,54,¥,券后价,有鱼狠幸福,潮玩大玩家,回头客6万,2000+人付款,广东 佛山,"店铺满30减3, 48小时内发, 包邮",出售状态:现货 | 款式特点:静态 | 品牌:POP MART/泡泡玛特,https://g-search1.alicdn.com/img/bao/uploaded/i4/i3/3465404515/O1CN01Rm36ph1jDvClbaMNx_!!3465404515.jpg,//item.taobao.com/item.htm?id=759453934054&ns=1&abbucket=10&xxc=taobaoSearch&mi_id=0000acLoYsXPEj2vjEkCEYjbQ37VDeDGXB1eKzPEj-0_zRI&skuId=5490562821733
978621665265,POPMART泡泡玛特Hirono小野小王子系列手办盲盒摆件现货玫瑰国王,28,¥,,拉普达的小岛,正品小野POP潮玩族,7年老店,1000+人付款,福建 厦门,"退货宝, 48小时内发",款式类型:隐藏款 | 出售状态:现货 | 系列类型:联名系列 | 品牌:POP MART/泡泡玛特 | 选购热点:淘公仔,https://g-search3.alicdn.com/img/bao/uploaded/i4/i2/1856704366/O1CN01lsxJz11i7gJbe5jQq_!!1856704366.jpg,//item.taobao.com/item.htm?id=978621665265&ns=1&abbucket=10&xxc=taobaoSearch&mi_id=0000Jxs5xTm2HwSd0xgH-ZfSSHvtpPg4N8OZaLakeYXVLPg&skuId=5933156772619
961716491651,POPMART泡泡玛特王者荣耀峡谷萌新峡谷感谢季系列手办盲盒,60,¥,券后价,有鱼狠幸福,潮玩大玩家,回头客6万,1000+人付款,广东 佛山,"店铺满30减3, 48小时内发, 包邮",款式类型:隐藏款 | 系列类型:联名系列 | 品牌:POP MART/泡泡玛特 | 商品状态:全新未拆封,https://g-search3.alicdn.com/img/bao/uploaded/i4/i4/3465404515/O1CN01uGRIyc1jDvK2vG7D4_!!3465404515.png,//item.taobao.com/item.htm?id=961716491651&ns=1&abbucket=10&xxc=taobaoSearch&mi_id=0000hgv3-pQFrka8ufL9a1T49lyIjDzckCKqyNL-J8BcGNw&skuId=6082902059199
