商品ID,商品标题,价格,价格单位,价格描述,卖家昵称,店铺名称,店铺标签,销量,地区,标签,商品属性,图片链接,商品链接
977803988448,盲盒公仔定制手办树脂工艺品订制钥匙扣挂件手机支架来图定做logo,4.4,¥,券后价,tb788942694259,广东趣萌工艺品定制,,32人付款,广东 中山,官方立减12%,,http://g.search.alicdn.com/img/i4/9308542502/O1CN01yYdsfk1ULy3MRXzkT_!!4611686018427385382-0-saturn_solar.jpg,http://click.simba.taobao.com/cc_im?p=%C3%A4%BA%D0&s=818395504&k=2381&e=CiVpjhIyaj%2F004kJ4dSkjrxcVcXH%2F9Y1YSEdzWtQKSvj6KBuQ1XRvaaBGhwrZJBKpq4pbTCRrIZ%2BGk%2F4A0LMVkaKtDH8Yf9dA2KNlEynR5p43VIpei6HJIVxWcROZFzz66MjaDL5XC7HKjf%2Bn3KIhNfxxjAstU8XCpgDK%2FP46eKZhIjkk%2B6cDcVp2eMHFkzNLZO2rEhpPXRIL4eq%2BhXPHLiWtW6dm2%2BPtVObs942A1cIqPWTgvcr8wHvV%2F%2Btesyh5Lw30%2BrL1lohJKCbCx3ZVCzdqDspeZe7VBV2z68lGV%2FifhK5AwtCQvzWKcqClro6QkvrndTHSqClGG6ASFncsu2yj8eX6Gk5MxXHsCy0S8rozC37QAS5vV1mjKE1WArM%2Fj94afXApAoK%2BjO4%2BwpNaOYuRjH4zG%2BKlvpF%2BiHftTGMJYOWxn6NPNhHul6ZgXVGBN%2BoLxqZ0DJ0slwHcWzweK%2Fk9L7djx65Owf%2BjGSC8D8d1u2qiZg4WxoRC3DJOPMz7vWFu%2BNX6lL%2FsMv6pBk6F%2F001AoENqRBEd8Q2Q8OiUQoQN3XUwvS1q4uwDVuRFb7%2B%2Byv5VAXv4LAMrqSdAEEQgtgbz8MdatnbpipbioM%2BPZ2s09t38K28FbKymqYD%2BtMEd8Q2Q8OiUTAMrqSdAEEQmTZSvDC9idz68sG1t8hTq%2BA67eyI5uWnIMRjhwoWbhu5K4Cln9xx0Co4GEoz6a4CVmp3BF1XdzZsBnAHXtWr%2FvLUQ1e2MPk%2BYsMyBenF55PSLP1nB2J4CvjLGAaOgTHeEstLf14QbTs%2FeefOnbPYTAa5u05rmxDQ%2FpD6oRPwc%2Be2sa%2Fsd5Kuo97zdt1jDi6H7UnweqTeorWDxzcnFQA5RpzBvO9x4MdDynGN%2FAK%2BvusttYbe%2BNWN0JrvcBka9NEeMRCk%2BNHJkhnKo9vCmdjS9shh%2FB93no3%2BvZknT%2BY1dfH3DftdR0Iy9Ub4cQIexRU7UEMm%2B%2FSAHNwOtQrDHx17eiDmADRxl%2Bciv1bavcHRlh7d%2BDLEOe88OpIeEgV8AQTIbb%2FkuM9F%2BgcN4weY4pS7AzPwX2Z5hsRwhaIVdq08EA%2FnZ8kdHN60ufM8Z%2FKxEuamD0A%2BUgOJlgWSmESFnD2dHm%2BzlvUFlXDUk%2F5f4waZNigZKlraVT9GqSzicvCC5IyIpajuZcA%2B7hAFznwb3267KoIz%2FTmgnKHRBG4hCF5AkrJS36pNChTcHjaBO6lu92yJlQZAIrsH4aprbokMj7%2FJkfRDxvmJJe0qY93klJ7LhUr%2B%2Byv5VAXv4IoQN3XUwvS1g5DXZz%2BqIPpBVAvzkaGg078hSEsa5KyxQSLMP2LRjUEhMY3Ol336br3Aq8qJo1GDMDHgNYcunhsP62fooU11ejtxrX1KpmenDtY38yg8ux0MgXwcDggbACEofOO78sESjaI5FBq9jdVwDK6knQBBEIW6YFAH7nST2nOYAd9PFF3idK4qsJW%2BfTPGMGhFgG2n7nFrbUH7LOoBQrxFLjKVg97ReojwAlPdfVsajL9mmDyotXaffX0IDREy0QPB85dWJjedHV7oGggaIpMmfzfVEGmYNkQhfEnYn4i7aP4oJ0uxSuGmhLEueSruk%2Bq4MKkl7AZwB17Vq%2F7Ep2gwTNr08ZEWbG8HanIhqyUXnsh3EILsBnAHXtWr%2FsP%2FtuVcWiQoDwBOB5mw9jqqlNm%2FenqTQ2QNQ9n%2FvUTHbtKFCOwK%2BzmnoMUYQzTsWua0WZsq5vU1oLuiFvxbN%2BH%2Bv%2FPX%2F8EAVY2J04NIZr7%2FUe7yALdorqaxSXBopypWVUlETR1PzGpJreEpP6oHQv%2Fjrro9UYIGP0qyyH0PyxNjNRUBEg0k02uYlM0t0PU0tj68BUkgbaFdpLqXZMSUQD7CgGA5idTnoido6XIK02YenAZ0lJNR1yHkFK7UOloAknfRazog5t%2BVhQK8KjK3I0cZPqs9fsBF5mOL0GMPcudGIgT%2BCOVa%2BBbJwmvn6LttL0M0QyT7Pp1Q16vUiWNDYdtvPvQoI1RSOvjnzPxrpynzPXnJyKRt%2BxuFnw8QD6o4ulAaBHVZ4dD3eIVGLmR9evv2PGLS4IAOa1qMILTe3LpL4dajtlC6bgFl5PNbnKCxOIXdheV5A0Y9nyoorvZrX2fsl309eeK9eV7zdt1jDi6H7UnweqTeorWDxzcnFQA5RpzBvO9x4MdDynGN%2FAK%2BvusttYbe%2BNWN0JrvcBka9NEeMRCk%2BNHJkhnKo9vCmdjS9tcXB4jgoSaKzgNRMqazxRT%2F7DL%2BqQZOhfcN%2B11HQjL1fUbDwBW4HiW7lj2KMDjAq%2BqhZ6FK%2BO5MFemhf7grV%2FHodk4rrF2Cc2vqr6FnwO0etKAA0QWbpnIY9EBh3Subww%3D&mm_sceneid=6_0_9308542502_0&a=xxc%3Dad_ztc%26mi_id%3D0000ld4g4VlGPGv189fJ8pODpfHLMc3hB9HnkFeu-dWZQzk%26skuId%3D6096781262854&id=977803988448
1014940600656,POPMART泡泡玛特星星人怦然星动系列手办甜蜜回忆点亮倾听盲盒,66.9,¥,,李超越0922,TOP DOLL 俱乐部,回头客1万,1000+人付款,广东 广州,包邮,款式类型:隐藏款 | 出售状态:现货 | 系列类型:联名系列 | 品牌:POP MART/泡泡玛特,https://g-search1.alicdn.com/img/bao/uploaded/i4/i1/2660786779/O1CN01CVvyHV1zwq3IkncZF_!!2660786779.jpg,//item.taobao.com/item.htm?id=1014940600656&ns=1&abbucket=10&xxc=taobaoSearch&mi_id=0000lNkZ8GGqyXVezHRJywJyJ5-vfv6VGnkTEtwtxp4S4lI&skuId=6018325901461
966940681156,POPMART泡泡玛特 星星人好梦气象局系列毛绒盲盒好彩天天来潮玩,59.9,¥,,李超越0922,TOP DOLL 俱乐部,回头客1万,1万+人付款,广东 广州,"店铺满299减3, 48小时内发, 包邮",款式类型:端盒 | 出售状态:现货 | 系列类型:联名系列 | 品牌:POP MART/泡泡玛特,https://g-search1.alicdn.com/img/bao/uploaded/i4/i3/2660786779/O1CN01mFowzM1zwq3Ipyzvc_!!2660786779.jpg,//item.taobao.com/item.htm?id=966940681156&ns=1&abbucket=10&xxc=taobaoSearch&mi_id=0000uyTnIoQ3G5G8I3jVcPnua2TbrcZduyA-_Qsu95rGvjQ&skuId=6180873042886
761248201493,老王假面骑士真骨雕CSM特摄扭蛋机盲盒福袋抽奖腰带驱动器一番赏,1,¥,,王思聪1122333,老王模玩,5年老店,6000+人付款,江苏 苏州,包邮,,https://g-search3.alicdn.com/img/bao/uploaded/i4/i3/2158035375/O1CN014ZBwqA1pZnxIHCS7H_!!2158035375.png,//item.taobao.com/item.htm?id=761248201493&ns=1&abbucket=10&xxc=taobaoSearch&mi_id=0000RQ-VZOlz8YuBt7m5Zrj1ntSG17Dnsh4Z3cbtZXqcw3Q&skuId=5756263608001
1009769157412,高达大班拼装模型盲盒HG独角兽MG模型玩具敢达红异端海牛RG福袋,19.9,¥,,chen8222014,模型世家玩具店,,400+人付款,广东 揭阳,"48小时内发, 包邮",商品属性:普通款 | 模型级别:HG | 出售状态:现货 | 版本类型:大陆,"https://g-search3.alicdn.com/img/bao/uploaded/i4/i4/2099726019/O1CN01WM4iP71uKl2BNHlvV~crop,23,0,1261,1261~_!!2099726019.jpg",//item.taobao.com/item.htm?id=1009769157412&ns=1&abbucket=10&xxc=taobaoSearch&mi_id=0000jDPMIaTYmeWGsJCdeOfJ56ckcoTIUqG9gNhGRvLwD6E&skuId=6008929596168
943335410341,【预售】MINISO名创优品YOYO萌趣歪头系列iconbox手办盲盒右右酱,129,¥,,miniso名创优品旗舰店,miniso名创优品旗舰店,回头客200万,10万+人付款,湖北 鄂州,"退货宝, 包邮",出售状态:全款预售 | 品牌:MINISO/名创优品,https://g-search3.alicdn.com/img/bao/uploaded/i4/i4/3459177618/O1CN01WdIsBc2696Ktvrjsq_!!4611686018427387026-0-item_pic.jpg,//detail.tmall.com/item.htm?id=943335410341&ns=1&abbucket=10&xxc=taobaoSearch&mi_id=0000bdj3fL51O32S5fbDzKOtxx5HFOeSxMchAqY1zmeEf0M&skuId=5846540713033
904046441650,露比盲盒可爱小海狸开心日常公仔玩偶手办潮玩桌面摆件送女生礼物,19.8,¥,券后价,tb52003472,二十文创,6年老店,9000+人付款,浙江 金华,"官方立减12%, 退货宝, 包邮",适用人群:女生 | 货品分类:摆件礼物 | 适用节日:生日 | 包装种类:盒装 | 风格:卡通 | 修饰词:潮玩手办,https://g-search2.alicdn.com/img/bao/uploaded/i4/i2/2200690225207/O1CN017TjUo31oKrMD6msHP_!!2200690225207.png,//item.taobao.com/item.htm?id=904046441650&ns=1&abbucket=10&xxc=taobaoSearch&mi_id=0000Xzkv983xtT1VHKyPbMfMR57lO3P2GCogIT6X99w74Yk&skuId=5763586825819
998753395613,小狗拥抱暖暖系列线条小狗盲盒手办潮玩公仔周边桌面摆件可爱礼物,9.8,¥,券后价,tb817155197,宝宝贝贝盲盒摆件,,1000+人付款,江苏 淮安,"官方立减12%, 包邮",款式类型:隐藏款 | 出售状态:现货 | 系列类型:联名系列,https://g-search3.alicdn.com/img/bao/uploaded/i4/i4/2220520144429/O1CN01L3e1ar1iaXHffVIY1_!!2220520144429.jpg,//item.taobao.com/item.htm?id=998753395613&ns=1&abbucket=10&xxc=taobaoSearch&mi_id=0000TgSz8lqsm5x7vmp5xBlbU2EuYBZfDQDZRV_dYzBPluU&skuId=5984810876561
929845471431,toptoy猪猪侠盲盒经典ggbond盲盒手办男神猪猪侠周边公仔摆件礼物,59,¥,券后价,toptoy旗舰店,TOPTOY旗舰店,回头客9万,4000+人付款,广东 广州,"官方立减12%, 退货宝, 48小时内发, 包邮",出售状态:现货 | 品牌:TOPTOY（玩具）,https://g-search3.alicdn.com/img/bao/uploaded/i4/i2/2211430099222/O1CN01lmca8B2HzjZ2mcYm6_!!4611686018427382038-0-item_pic.jpg,//detail.tmall.com/item.htm?id=929845471431&ns=1&abbucket=10&xxc=taobaoSearch&mi_id=0000AlismzQIp17q8R-qrNyUC0d84E4JQfCiB5raixpHEUM&skuId=5382512167243
599463747814,富光福袋盲盒母婴/保温杯/玻璃杯/厨房用品/保温壶/塑料杯等 随机,99,¥,,富光旗舰店,富光旗舰店,买过的店,1万+人付款,安徽 合肥,包邮,是否定制:不支持定制 | 功能:便携,https://g-search3.alicdn.com/img/bao/uploaded/i4/i3/341393033/O1CN01FGzX661YHA5u3Sjf0_!!0-item_pic.jpg,//detail.tmall.com/item.htm?id=599463747814&ns=1&abbucket=10&xxc=taobaoSearch&mi_id=0000CQ_KbRkA_lOXWPFTVr39-cCWour9sD0vJ7aE4HWs0jU
968577022851,线条小狗旅行日记盲盒潮玩公仔可爱桌面摆件玩偶生日礼物玩具,9.9,¥,券后价,哈哈哈哈哈哈2016638911,笨小孩潮玩,,7000+人付款,山东 菏泽,"官方立减12%, 退货宝, 48小时内发, 包邮",款式类型:大隐藏 | 出售状态:现货,https://g-search2.alicdn.com/img/bao/uploaded/i4/i2/2815124788/O1CN012LHhQS1lExRrBiEDi_!!2815124788.jpg,//item.taobao.com/item.htm?id=968577022851&ns=1&abbucket=10&xxc=taobaoSearch&mi_id=0000f6ey-J_gCcyCNBCUksLOjIsDum6nUPIPxQh9oReUjZQ&skuId=5917280685463
693246451036,古风国潮时遇春风盲盒女孩手办2026网红新款可爱摆件女生生日礼物,26.8,¥,券后价,tb535623799,汪汪礼品社,,8000+人付款,江苏 徐州,"淘金币已抵1.59元, 退货宝, 48小时内发, 包邮, 公益宝贝",款式类型:隐藏款 | 出售状态:现货 | 选购热点:淘公仔,https://g-search3.alicdn.com/img/bao/uploaded/i4/i4/2211178982135/O1CN01X7afsq1RdsXOk2GRE_!!0-item_pic.jpg,//item.taobao.com/item.htm?id=693246451036&ns=1&abbucket=10&xxc=taobaoSearch&mi_id=0000qGa7bfY7XIb-9PwTH82ZwLJQDrMB6yWiZvkQ-Qd64I8&skuId=4921051465484
858865591620,幸运盲盒礼物空盒惊喜盲盒盒子礼品盒商场活动摆摊盲盒空壳包装盒,5.2,¥,券后价,旺仔牛奶sky,橙意包装工厂店,,700+人付款,河南 郑州,"官方立减12%, 48小时内发, 包邮",主体材质:白卡纸 | 定制服务:图案设计 | 表面处理工艺:覆膜 | 品牌:包装盒,https://g-search3.alicdn.com/img/bao/uploaded/i4/i3/1065208429/O1CN01r0eUNG2C8XYUIx2hF_!!1065208429.jpg,//item.taobao.com/item.htm?id=858865591620&ns=1&abbucket=10&xxc=taobaoSearch&mi_id=0000ekOHKxcWqzkB-3bh7bVv1ealHv8MgIdc4VSG2_46fzY&skuId=5765566021059
743848939152,MINISO名创优品三丽鸥魔法物语系列盲盒摆件单盒潮玩摆件可爱童趣,39,¥,,miniso名创优品旗舰店,miniso名创优品旗舰店,回头客200万,9000+人付款,湖北 鄂州,"退货宝, 包邮",次元优选:IP联名 | 款式类型:隐藏款 | 出售状态:现货 | 品牌:MINISO/名创优品,http://g.search3.alicdn.com/img/i3/127238467/O1CN01r4jF9M2CPwNxYYHOR_!!0-saturn_solar.jpg,http://click.simba.taobao.com/cc_im?p=%C3%A4%BA%D0&s=818395504&k=2189&e=ZPSTXJsyaF3004kJ4dSkjrxcVcXH%2F9Y18IFNfe2My6NQXiZptkQTAQzh4Iv6OG6kpq4pbTCRrIYuJjtI5wWiBBiwcelBg51Zs1RHQZZfaklcV48CHLeLunE1KY4VwJuQ66MjaDL5XC7HKjf%2Bn3KIhNfxxjAstU8XCpgDK%2FP46eKZhIjkk%2B6cDcVp2eMHFkzNLZO2rEhpPXRIL4eq%2BhXPHLiWtW6dm2%2BPtVObs942A1cIqPWTgvcr8wHvV%2F%2Btesyh5Lw30%2BrL1lohJKCbCx3ZVCzdqDspeZe7VBV2z68lGV%2FifhK5AwtCQvzWKcqClro6QkvrndTHSqClGG6ASFncsu2yj8eX6Gk5MxXHsCy0S8rozC37QAS5vV1mjKE1WArM%2Fj94afXApAoK%2BjO4%2BwpNaOYuRjH4zG%2BKlvpF%2BiHftTGMJYOWxn6NPNhHul6ZgXVGBN%2BoLxqZ0DJ0slwHcWzweNqSHd9sfgXQkfpaBCNy8UqSyYXl7T%2FzbXpizNomhWZ7lcD6vLOEhi8FMkRTNfjWEjSsAkWXKmNiytpOqt4nMFaqrAKxvKZNwSVGRaGcmEHEvVh9AWAMTqhcH9uD9Lcj3m4Z%2BgkFCZy5jhnYeRe6A0JO91OsqgpEYjJ2BnAp5Q9fBOnW7%2Bt6cS9cH9uD9Lcj3iVGRaGcmEHExuBp%2Bb48bYpEWiCTSA3UPsJnsXfjcSDixrYGiekj8udaNIOf5yxHyoFrrr%2FLyl4QpPXpNqh6p1460j2OYWOTnBdoWqAVbnwloe4pweLel7GKuKM3R6g37xHrJuxNgYAzbbNt0%2BD0nkdRuH9kcxQFVriSNUT2Oi%2FIaAdodoBQPtZa5%2FMmqH3GzNRllkHOO1xUEeC8KjVXnlVscaWw5rMhVKYMEdQJYlZ4qWr%2BZWvrWXD2bRmG0KdiSNEaBrFdGBB0yxim0IysCl8AAfKYjDwDnPn9lC1Wd0OwD3RqGlb60871D43%2BJskwNvEl8PA8efn1hUOdA1ytKWK2%2F5LjPRfoHDeMHmOKUuwMz8F9meYbEcLNd3Qix9Yg7Z2fJHRzetLnzPGfysRLmpg9APlIDiZYFkphEhZw9nR5vs5b1BZVw1JP%2BX%2BMGmTYoGSpa2lU%2FRqks4nLwguSMiKLG8nob6Irfxc58G99uuyqQrTtyX71PD8VCS%2BEE%2Fc0pwYR5Nnza4yPlrt9JQRrn%2BtRMAL4nd6I0fSgqKNa%2Bc%2FnPrpc9oicBArwhdMT3%2BZr3nA4yamsHZeoAnknIRjhI3PULfO0rV6cWV%2BpdV45sSEmIMXG2ogf3nKeyvhPi9mbL%2F8yxeDoi43isqeXHrQN575g12zTnHfAdBUTSK28W2Zyg7UaoQE%2F0TPJdPd%2FqtFkQ9IaHB9RFDTp1JqDDn9Q4QyJ%2FnRMsSpza0RaIJNIDdQ%2BN4bDIZKiGquRHol0wL22BHd6BkLz2FuwaIvsX4Nc%2BttOMEHR5M36Y5AMwJ%2FrkrHEzf5L8IdAbg8pG5d9vF%2FpaP%2FaE2Axo7cRFKfymldQmZnN%2Fkvwh0BuDykbl328X%2BlohUlauZzoDci15nvn%2BiTGikuseGpicbc8sENjXhPYcTP3gNfQlXSY%2BBfGjMva%2FqSFDdI52QJIpBwOfFn3WHdGxzNFEYdUdfcr6LtliWcpLBs2J04NIZr7%2FUe7yALdorqa4F8Mjam%2Bdqsci1pvBrteaUmkn4g8L7G7C6I0S2sUE6FjKRKd51caVVajQSj4sRvwgT%2FXKZvkNV1IaYNWB8bRetwNnz%2Bd7CdRNK6Kd%2FS5%2FctnbTiPCHH6KjM%2B%2BXsCaOX%2FKAHNPPZc846cs64TBDkaF6Gkm6W5aX%2B2ip01CEbzx1CIE%2FgjlWvgWycJr5%2Bi7bS9DNEMk%2Bz6dUNer1IljQ2Hbbz70KCNUUjr458z8a6cp8z15ycikbfsbhZ8PEA%2BqOLpGRTGbnuaCTqolHbsn9ZX%2B773Vc%2F2g2TozSYpr6SO0%2FrSojon9lhogXe8TbMJ5lwjLHRp1QcyHQ%2FsNZdqFuqmfk3AwJno3HGVV1TJAwHQJH5if1OGDYSs74XzF4HuzRu7HjZY1E2b0QCNrioTSqlLowPL8zka%2FRYk7JF9Q%2FGDVpn2bRmG0KdiSBwoMYMLjM89AQffe68i1L%2FA%2BWzxTUtHpERaIJNIDdQ%2BqjUr23%2F4dfLS%2ByaIOkND1onSuKrCVvn0cCSRt%2B8Nnho%3D&mm_sceneid=1_0_127238467_0&a=xxc%3Dad_ztc%26mi_id%3D0000ciZWTC9iTp2jI3y27Q2EKT5gFYhiEY9WKjUYiPT1v3w&id=743848939152
,,,,,,,,,,,,,
,,,,,,,,,,,,,
961646518829,POPMART泡泡玛特ΘSKULLPANDA不眠剧场系列毛绒公仔挂件盲盒礼物,159,¥,,泡泡玛特旗舰店,泡泡玛特旗舰店,回头客20万,5万+人付款,广东 惠州,"超级爆款, 退货宝, 包邮",款式类型:隐藏款 | 出售状态:现货 | 品牌:POP MART/泡泡玛特 | 商品状态:全新未拆封,https://img.alicdn.com/imgextra/jz3_2/2885348004/O1CN015mndZO28ztEQxjz1o_!!2885348004-0-alimamacc.jpg,http://click.simba.taobao.com/cc_im?p=%C3%A4%BA%D0&s=818395504&k=2465&e=1xcxbuNrhyP004kJ4dSkjrxcVcXH%2F9Y18IFNfe2My6NQXiZptkQTAQzh4Iv6OG6kpq4pbTCRrIa2TFtVt3ZWBRfBpIg1KwvH9myz1V8FA6NcV48CHLeLunE1KY4VwJuQ66MjaDL5XC7HKjf%2Bn3KIhNfxxjAstU8XCpgDK%2FP46eKZhIjkk%2B6cDcVp2eMHFkzNLZO2rEhpPXRIL4eq%2BhXPHLiWtW6dm2%2BPtVObs942A1cIqPWTgvcr8wHvV%2F%2Btesyh5Lw30%2BrL1lohJKCbCx3ZVCzdqDspeZe7VBV2z68lGV%2FifhK5AwtCQvzWKcqClro6QkvrndTHSqClGG6ASFncsu2yj8eX6Gk5MxXHsCy0S8rozC37QAS5vV1mjKE1WArM%2Fj94afXApAoK%2BjO4%2BwpNaOYuRjH4zG%2BKlvpF%2BiHftTGMJYOWxn6NPNhHul6ZgXVGBN%2BoLxqZ0DJ0slwHcWzweP4sA8LsOVJ3sAgcIXBl056h5dn1UiuAfyhEJXSj51ycYUrM%2B5CnbTcd1u2qiZg4WxoRC3DJOPMz7vWFu%2BNX6lJx5OXq7DllB0RwwH4ZE6V%2BRtXTdQXf2wHx7nHjpLDoFZ%2Bv0vQSa%2BGGeBLjVjGdheNlYO%2BUF114e3TUOVzM5xngOsfIRJ2uGFVeWQCW47oLwxKImWy%2B4Y0zk%2F4dXKA22wVqwOlmtHKMGeITaU6bGxZqUrb%2BrFdzJPDGtgaJ6SPy51o0g5%2FnLEfKgWuuv8vKXhCk9ek2qHqnXjrSPY5hY5OcLk0ouP73ONqqQzvLzS9UTKRMIIVKpzLOcj%2FkZDBbpJFUMXwEBtEh2sJCrPvEfDPPpWC6hN5NzSOFu8m%2BgWa3DFdUyQMB0CR%2BXsHS5LLKtGLNplojAOUr%2F3SI8IUegEc61fsJOdOyNv4xvi%2BscrxaC47LQWRIVllBSHIzhynCu25JvIwAOclJGCqPbwpnY0vbIYfwfd56N%2FqQkWsy1Kt%2BPq1PwtNttg3FG%2BHECHsUVO2PxAl7e8paE3kYuncZf9Zcg5gA0cZfnIqVQs3zRgfCc%2BHzRunx%2BBzEuft99q1iBKZXue%2BLbmVx9OsLzJojGMDfiWSHvx9wgq84%2BQuoIkHpTkWm1ye9jyfwXvPvtOdcO3w5wKoiUf5T835anYCYVPdKg01je5g7i5pBOqry0fanY6CL0lS75VhY2Y7dWmSkr%2BUjkGkFC73o%2BxFFiwjXmvLbd9W42Fg4H%2FJDLEmDkdmRMo1gWE%2Fy2Eot3bw06W79ITbNYzPYB3PxlM1EKTlEwhXSiKjWhQ3nKPKnVspFeyPnrTwfgjqW%2FLVtRFmxvB2pyIYk5CGO2p23Z3gS41YxnYXj8e5x46Sw6BV3sSe80eujnUbV03UF39sBZWDvlBddeHvmFDEZy67ABeMSbXecwJQt0wz9q3sGVrCDtRqhAT%2FRM8l093%2Bq0WRDlOLTGgFeRu5UxRrl%2FTnlDENl9m9WrZBG4hNpTpsbFmoKBAfapFoIpZEeiXTAvbYEd3oGQvPYW7Boi%2Bxfg1z6204wQdHkzfpjKY8bQDv6M22N6clAiDI9OqJ%2BJN%2FEsmbLniX%2F022NrkNv8RZvnXwZ46MJzYc2YVtrNzGWJIrEq9tcADa8Tu%2B23OMxPRPledheMeBhkhSi0F2QkWsy1Kt%2BPmOFHm9uEZx6lZun5zDDKoUvXH24VOOwYZCRazLUq34%2B53%2FrGY09lvTwBKmJnwSptJso2QH%2FDXaf8CJdi9VmrRQJVXndelUKpaQ04L3X5EhJKipUo5TAo6Tp%2B5GNp2EFeaysiKq8zUAk860KX4qZWJDn6WzYvwG0WVqZ0%2BPxVEuMXq1F%2BBBaFwkfL6PDfsc2N6BubX%2BXBuSL258%2Fku7TiFkvX1nFykGppko3Jdbwt7hek4sv7m7Ciw6wSBpuWFqYA95ez2vB1NNacTxdnHcbzkFOAAK8%2B61FrRH7WCYDfytTQHw%2FB74ZspYCOyUy8CCA4ioXINDwLuenHN93Q8jSASSe9d57P6nKX0h%2FjomHcfTBqWac7OxQEGULtbujU3k%2Fo62WdmjibxlyqTaMnOgQy7Y2rtZCqp%2FVAnFQv%2FanxWB%2Fbm442nWgtsl4zikibBUnkqM2tb%2BChBrlf0HuLpSX8Av8ZMYaQK8RDDiUAT9ypqzxeGvbiaK0F9roufb8Gpnc8UcHxEXCnTb6Xmfv8QWgdUMQq0x0ze%2FxM47rjFSILV9UPFlal0PvLdfEAWDUMGSeYVRoHsX1DUKhN5QelSj%2BucVY4lcMM%2BgU%2BMChvOSlJZ89%2BZwDStvCTGGfX%2BZPZCOEXWlQiPTy700xlms4EcbQg2djKRKd51caVdplho55fniT%2BIxaYkW%2F2P9moHANfY1D9aRRh60x4EJRxwUiz%2BmD5pzQ0l%2B%2BpEt2BDoEhCpf7qE4K9LmH5wSjCnugyBBWyYZTYia2TAj5w9hpqcTDWY0WPrA1BhtM0eTWLiSJvt6K8DJ&mm_sceneid=1_0_116045295_0&a=xxc%3Dad_ztc%26mi_id%3D0000hZWb6MK453p-OoLcXTKuPUIMpmtxLzT1NdXJvxD_MfU%26skuId%3D6090950787629&id=961646518829
960513786146,三丽鸥helloKitty盲盒2025新款女孩手办玩偶帕恰狗公仔生日礼物猫,41.9,¥,券后价,若族旗舰店,若族旗舰店,6年老店,4000+人付款,江西 抚州,"官方立减7.1元, 包邮",单款概率:1/6 | 出售状态:现货 | ACG作品名:hellokitty | 系列类型:联名系列 | 商品状态:全新未拆封,https://g-search1.alicdn.com/img/bao/uploaded/i4/i3/2206624310500/O1CN01kPyZ3l1FZ2zNHT2gs_!!0-item_pic.jpg,//detail.tmall.com/item.htm?id=960513786146&ns=1&abbucket=10&xxc=taobaoSearch&mi_id=0000wK_ljVP7lVCFvB6TZgBOGIYH_KV2wEy3GoNAXA2FX8A&skuId=5421932828157
981868163903,新款罗小黑战记盲盒手办周边公仔桌面摆件盲盒儿童送朋友惊喜礼物,20.79,¥,券后价,t_1488258967423_0971,萌宝贝炫彩文创店,,3000+人付款,浙江 金华,"退货宝, 48小时内发, 包邮",款式类型:端盒 | 出售状态:现货 | ACG作品名:罗小黑战记,https://g-search2.alicdn.com/img/bao/uploaded/i4/i1/3148909770/O1CN01EPrWig2M2ieoYigjv_!!3148909770.png,//item.taobao.com/item.htm?id=981868163903&ns=1&abbucket=10&xxc=taobaoSearch&mi_id=00003v7fAhWuMgAqxpGeVzXNnmcI5iEA6hfrnTM8PA78PW0&skuId=6109271219901
1000585416922,2026生肖马年吉祥物摆件马上有钱新年礼物盲盒年会本命年伴手礼品,109,¥,首单价,龙葵旗舰店,龙葵旗舰店,回头客1万,1000+人付款,浙江 金华,"官方立减2.1元, 直降1元, 热销爆款, 淘金币已抵0.33元, 包邮",适用人群:领导/客户 | 场景类型:祝福 | 货品分类:摆件礼物 | 适用节日:节日通用 | 包装种类:礼盒装 | 风格:喜庆 | 产品名称:旋转生肖小马摆件 | 修饰词:喜庆,https://g-search3.alicdn.com/img/bao/uploaded/i4/i3/2207545631602/O1CN013sgAul1NhlbdxA5yf_!!4611686018427380594-0-item_pic.jpg,//detail.tmall.com/item.htm?id=1000585416922&ns=1&abbucket=10&xxc=taobaoSearch&mi_id=0000JnXBH3jcIjiSNSYrTBa1Q7YB7TVDjSg2LOKixDeKUu0&skuId=5985261881886
720360405364,POPMART泡泡玛特 共鸣间谍过家家阿尼亚的日常手办盲盒礼物,69,¥,,泡泡玛特旗舰店,泡泡玛特旗舰店,回头客20万,1万+人付款,江苏 苏州,"热销爆款, 退货宝",款式类型:隐藏款 | 出售状态:现货 | 品牌:POP MART/泡泡玛特 | 商品状态:全新未拆封,https://g-search3.alicdn.com/img/bao/uploaded/i4/i4/2885348004/O1CN01KvsJZO28ztEVYp3WZ_!!4611686018427382436-0-item_pic.jpg,//detail.tmall.com/item.htm?id=720360405364&ns=1&abbucket=10&xxc=taobaoSearch&mi_id=0000c4IFm_gJXIqTAUGzwqYQSXa9AQVdohbrG_V-dM70D_s&skuId=5080014205859
950130697805,POPMART泡泡玛特星星人 点亮系列场景手办盲盒玩具摆件礼物,79,¥,,泡泡玛特旗舰店,泡泡玛特旗舰店,回头客20万,,江苏 苏州,退货宝,款式类型:隐藏款 | 出售状态:现货 | 品牌:POP MART/泡泡玛特,https://g-search3.alicdn.com/img/bao/uploaded/i4/i2/2885348004/O1CN01xuHmaS28ztE5kSgVy_!!4611686018427382436-0-item_pic.jpg,//detail.tmall.com/item.htm?id=950130697805&ns=1&abbucket=10&xxc=taobaoSearch&mi_id=0000FDpCZFZnC2HDVnoK0cDJ8E8mpbSf2wm_tENuZDBTMnE&skuId=5910437281065
962346490890,贪吃小新动漫盲盒手办可爱玩偶女生生日礼物送闺蜜车载摆件潮玩,13.8,¥,券后价,tb4677730847,阿卡丽的小卖部,,5000+人付款,浙江 金华,"官方立减12%, 退货宝, 48小时内发, 包邮",适用人群:女生 | 适用节日:节日通用 | 包装种类:盒装 | 风格:可爱萌 | 产品名称:贪吃小新,https://g-search3.alicdn.com/img/bao/uploaded/i4/i2/2212954411616/O1CN01wpPLzM1NoB5s5EnRB_!!2212954411616.png,//item.taobao.com/item.htm?id=962346490890&ns=1&abbucket=10&xxc=taobaoSearch&mi_id=0000pMx5S4Jx-TAqA82qJsE8RCfQzkwhsqByjuEsVSG6GOE&skuId=5784046020945
968504902422,正版盗墓笔记公仔盲盒手办周边DMBJ×麦乐微美2024萌玩系列,29,¥,券后价,tb068540_2013,Super Toys超玩商城,回头客3万,4000+人付款,广东 广州,"店铺满15减10, 48小时内发, 包邮",出售状态:现货 | ACG作品名:盗墓笔记,https://g-search3.alicdn.com/img/bao/uploaded/i4/i3/1598373758/O1CN01jsFWJ01ddDNNShgg1_!!1598373758.png,//item.taobao.com/item.htm?id=968504902422&ns=1&abbucket=10&xxc=taobaoSearch&mi_id=00004G_8faP6-3Y1txzvX9soDFDf57SNLHgNqORGqnbhTFc&skuId=6126109215439
989961634307,Steam喜加一正版游戏激活码cdk慈善包福袋盲盒随机激活码大作Key,2.5,¥,券后价,tb96898091,steam正版租号可联机,,200+人付款,广东 深圳,"淘金币已抵0.05元, 包邮",游戏名称:0000 | 商品形式:兑换码,https://g-search1.alicdn.com/img/bao/uploaded/i4/i2/3783349253/O1CN01KlO8iA2IDvthhQmtK_!!3783349253.jpg,//item.taobao.com/item.htm?id=989961634307&ns=1&abbucket=10&xxc=taobaoSearch&mi_id=00009jacO2_6da4FVwYkBz3CUysu1HKjcQxXj7ixviFaSJw&skuId=6124668147668
936456394587,玩具新款抽奖洞洞乐盲盒男孩儿童生日礼物奥特战士新年儿童节礼物,25.6,¥,,沃仕达母婴旗舰店,沃仕达母婴旗舰店,回头客3万,4000+人付款,浙江 金华,"48小时内发, 包邮",出售状态:现货 | 适用年龄（新版）:14岁,https://g-search3.alicdn.com/img/bao/uploaded/i4/i3/2216661623490/O1CN01Nqf6O21beTKZRv92D_!!4611686018427380418-0-item_pic.jpg,//detail.tmall.com/item.htm?id=936456394587&ns=1&abbucket=10&xxc=taobaoSearch&mi_id=0000HI6L2EafIBMU9PH67XB9w5QXu2OhPpSIU8XOw34bl_Q&skuId=5996824327113
1013622770306,次元恋现货 绵绵的异世界冒险-BJD娃娃关节可动造型娃 盲盒,499,¥,首单价,次元恋旗舰店,次元恋旗舰店,,1000+人看过,重庆,"直降14元, 淘金币已抵4.14元, 退货宝, 48小时内发, 包邮",出售状态:现货 | 材质:木质 | 适用性别:通用 | 分类:娃娃 | IP名称:次元恋 | 交互功能:360度旋转,https://g-search3.alicdn.com/img/bao/uploaded/i4/i4/2221528005746/O1CN01G6chlT1sJiujy619y_!!4611686018427386994-0-item_pic.jpg,//detail.tmall.com/item.htm?id=1013622770306&ns=1&abbucket=10&xxc=taobaoSearch&mi_id=0000s7VO5UHhvoG8rroTjR1gVXmIac8WkZDB-_izdbxD-dk&skuId=6019131621336
990152895017,2026新年春节年货礼物马年公仔盲盒礼品幼儿园儿童奖品小学生奖励,38,¥,券后价,许世完美,礼品批发,12年老店,1万+人付款,浙江 金华,"超级立减10%, 48小时内发, 包邮",适用节日:新年 | 修饰词:新年礼物,https://g-search3.alicdn.com/img/bao/uploaded/i4/i3/1639255633/O1CN01QYecPH1rTy8kc5xPC_!!1639255633.jpg,//item.taobao.com/item.htm?id=990152895017&ns=1&abbucket=10&xxc=taobaoSearch&mi_id=0000zu-uRGpWOcDFfdJ475_TNItxOp2MlzCEn6uT7uKoP1Q&skuId=5960788836346
962914076076,POPMART泡泡玛特星星人美味时刻系列手办盲盒玩具摆件礼物,69,¥,,泡泡玛特旗舰店,泡泡玛特旗舰店,回头客20万,7万+人付款,江苏 苏州,退货宝,款式类型:隐藏款 | 出售状态:现货 | 品牌:POP MART/泡泡玛特,https://img.alicdn.com/imgextra/jz3_4/2885348004/O1CN01Qko5CJ28ztERUDpMF_!!2885348004-0-alimamacc.jpg,http://click.simba.taobao.com/cc_im?p=%C3%A4%BA%D0&s=818395504&k=2265&e=7U0oWc1DZSP004kJ4dSkjrxcVcXH%2F9Y18IFNfe2My6NQXiZptkQTAQzh4Iv6OG6kpq4pbTCRrIa2TFtVt3ZWBRfBpIg1KwvHrw7NchtA3ut43VIpei6HJHE1KY4VwJuQ66MjaDL5XC7HKjf%2Bn3KIhNfxxjAstU8XCpgDK%2FP46eKZhIjkk%2B6cDcVp2eMHFkzNLZO2rEhpPXRIL4eq%2BhXPHLiWtW6dm2%2BPtVObs942A1cIqPWTgvcr8wHvV%2F%2Btesyh5Lw30%2BrL1lohJKCbCx3ZVCzdqDspeZe7VBV2z68lGV%2FifhK5AwtCQvzWKcqClro6QkvrndTHSqClGG6ASFncsu2yj8eX6Gk5MxXHsCy0S8rozC37QAS5vV1mjKE1WArM%2Fj94afXApAoK%2BjO4%2BwpNaOYuRjH4zG%2BKlvpF%2BiHftTGMJYOWxn6NPNhHul6ZgXVGBN%2BoLxqZ0DJ0slwHcWzweK%2Fk9L7djx65Owf%2BjGSC8D8d1u2qiZg4WxoRC3DJOPMz7vWFu%2BNX6lL0wJP8ltEm54zb4igTd7NAcqReHeWDOtQTiA4RfHG9zvpxbUTHLMQnRVQahA%2Fl0ZHtD%2BWQtsYi3BNrCPwKjpGOxpKWRMJExs%2Fype3n1WXbjmZqVB%2F5mjN%2BeY8BD8889TpCRCHAIpzxxDiPh9kqITxwwmexd%2BNxIOLGtgaJ6SPy51o0g5%2FnLEfKgWuuv8vKXhCk9ek2qHqnXjrSPY5hY5OcuIOoHJwND861u3mnSX0aNa9le5VNLhY43ynueX23y1ZUMXwEBtEh2sJCrPvEfDPPhtXGWqnT4Sgtxdqq5SAJZ1dUyQMB0CR%2BJo2RFzU%2BG%2FqBLdblwziWrZPIwvlQKXlJ3orMAer3XRGatabjU9REHIyY2j1XbCJaGpfptHkiSvzHgtgZTOXxZP4hTWq6d0C86ntFxp5lmjFfAQmoksKcwXmPAQ%2FPPPU61cHfyDJ4r3Mj5jGHx9%2Fs6G2Rg3MpNA9YSr%2BTOHYzDoEvCJpgGOizdSRkYcC6JgPX7fNrXlAl5Iam14U7lK374onWKYli%2BNOeYarlIyK2z9Co0VrHJCEngMB9ik47NbLEt7TmiPuMro%2BcNbkFnGAlcciaiG1u8Ot8Wh7kCNElVqdDAO6J8TINnT4YWihcs%2FsL4QAG%2BPrRujkJOUjgz%2FeD6%2F2n%2B8E7mmBKPONnUpAdrs0SWNU6Bjv%2BrSdPUqjdairCySosFnXUITvlIT2pUQh8kuDdBZevdR8AHhFljUgLR3E4WtDP4FbECuYHs82eFCEeO74Xr7gsqAhhdv3IM9%2FjBi0aPaLRACXeeoLju6jqYkKel7G4z4AXokHowNktW9ME4TWtaTGk1dWr%2FwQFgPIY6ai59P4hFqqKP6etFsejDiTZdT16wdNNZVT0y%2BXihvmo56pEtGWZCEeE1T8lf%2BzOFbWLtBU9ZQTlTY8FknNkq136ETiFUI972%2BofMbmjs2kMnjRHv0qXlVn%2FOHiPXah8ExAWX53U6J1Gym5a2LvxvGA08ZQPjjQ3VzpJeH1xa8IHjBNxFD3B54%2F7B8YfA6UXNYyY2j1XbCJaMEMN6ANbx3DxBKfMb9fDZRb3ulB7jnVejJjaPVdsIlrH%2BvfugVEyShYiiKbZa3AlZHMWUpaLK1YRc1Czk7EkfRfGjMva%2FqSFDdI52QJIpBwOfFn3WHdGx8ssZggvyl80VpdYrxEImEI2J04NIZr7%2FUe7yALdorqaYTZJqu1zX9WB0rQ%2BogXyzWXmq%2Buo1Gp5C6I0S2sUE6FjKRKd51caVcnrzEFPseZqrKyIqrzNQCRJXDkEWzAibdwNnz%2Bd7CdRNK6Kd%2FS5%2FcsnbCEtHI4zhjM%2B%2BXsCaOX%2FKAHNPPZc846cs64TBDkaF6Gkm6W5aX%2B2ip01CEbzx1CIE%2FgjlWvgWycJr5%2Bi7bS9DNEMk%2Bz6dUNer1IljQ2Hbbz70KCNUUjr458z8a6cp8z15ycikbfsbhZ8PEA%2BqOLpGRTGbnuaCTqolHbsn9ZX%2B773Vc%2F2g2TozSYpr6SO0%2Fr7WRXEiDPryXe8TbMJ5lwjLHRp1QcyHQ%2Fmd3wZUrPcLy3F2qrlIAlnV1TJAwHQJH4mjZEXNT4b%2BoEt1uXDOJatk8jC%2BVApeUneiswB6vddEWNbfxhK5M1n1kLIqUkLnOCMmNo9V2wiWhqX6bR5Ikr8P6VrN7fjnn3YlB7olNpa4sdwvdgGOu5ssOLTo2py2ky%2BdVHFJQKmL19dbh6gA5yej50%2FOOjbYKa%2Bs%2BOo%2FDKsmQ%3D%3D&mm_sceneid=1_0_116045295_0&a=xxc%3Dad_ztc%26mi_id%3D0000tALbNrTf1UziwVrStgCVNyyzA59r_WDDZlMhTNwNBi0%26skuId%3D6098834894542&id=962914076076
929173116276,【现货】时序回音KIKURA节气疗愈系列12分BJD盲盒,119,¥,,t1071093206,WOWLOI TOY,,500+人看过,广东 广州,包邮,,https://g-search1.alicdn.com/img/bao/uploaded/i4/i1/740438511/O1CN01oLArFB2Ck62Or7fci_!!740438511.jpg,//item.taobao.com/item.htm?id=929173116276&ns=1&abbucket=10&xxc=taobaoSearch&mi_id=0000wOXBRB3yKwiuIlQpRBnK1Y_Yt8ydE2s3-CgXzKQJJPM&skuId=6030077565292
,,,,,,,,,,,,,
720983564110,【惊喜盲盒】bablov水杯女高颜值大容量吸管保温可爱便携玻璃杯子,138,¥,券后价,bablov旗舰店,bablov旗舰店,回头客30万,1万+人付款,浙江 金华,"官方立减15%, 热销爆款, 包邮",保温时长:6小时 | 功能:便携 | 杯子样式:直身杯 | 杯盖类型:直饮盖 | 是否显示温度:不支持温度显示,https://g-search1.alicdn.com/img/bao/uploaded/i4/i4/4288859350/O1CN01jYtJpa2IwMFeO69qm_!!4611686018427382998-0-item_pic.jpg,//detail.tmall.com/item.htm?id=720983564110&ns=1&abbucket=10&xxc=taobaoSearch&mi_id=0000Fw3-wgw56VJ2ECckfxqxo_Hv91dREnbYqU7w-Y5TAM8&skuId=5018673620274
1017768680347,TOPTOY FOFO森林守护者系列盲盒搪胶毛绒公仔挂件潮玩生日礼物,99,¥,,toptoy旗舰店,TOPTOY旗舰店,回头客9万,34人付款,广东 广州,"退货宝, 包邮",单款概率:1/6 | 款式类型:隐藏款 | 出售状态:现货 | 品牌:TOPTOY（玩具）,https://img.alicdn.com/imgextra/jz3_3/2211430099222/O1CN010t2jCR2HzjdfKwatk_!!2211430099222-0-alimamacc.jpg,http://click.simba.taobao.com/cc_im?p=%C3%A4%BA%D0&s=818395504&k=2425&e=rSaxifVDtUX004kJ4dSkjrxcVcXH%2F9Y18IFNfe2My6NQXiZptkQTAQzh4Iv6OG6kpq4pbTCRrIYzXb1Fn%2FmOh94IeRQUETB8%2FHCEFfBvfABcV48CHLeLunE1KY4VwJuQ66MjaDL5XC7HKjf%2Bn3KIhNfxxjAstU8XCpgDK%2FP46eKZhIjkk%2B6cDcVp2eMHFkzNLZO2rEhpPXRIL4eq%2BhXPHLiWtW6dm2%2BPtVObs942A1cIqPWTgvcr8wHvV%2F%2Btesyh5Lw30%2BrL1lohJKCbCx3ZVCzdqDspeZe7VBV2z68lGV%2FifhK5AwtCQvzWKcqClro6QkvrndTHSqClGG6ASFncsu2yj8eX6Gk5MxXHsCy0S8rozC37QAS5vV1mjKE1WArM%2Fj94afXApAoK%2BjO4%2BwpNaOYuRjH4zG%2BKlvpF%2BiHftTGMJYOWxn6NPNhHul6ZgXVGBN%2BoLxqZ0DL6LctiYnWE2rCwcEANiRqucjoIoEftL%2F9QHNvyF2xkq4WagZNj5bU37EkViXeTIOkd1u2qiZg4WxoRC3DJOPMz7vWFu%2BNX6lL5BmaY4E9WTkLgCoenlgr6PdBiWg6oM2b%2B1maHGanFY%2BYOG5edMismyRi1dWaG1pc9PxkMUYSbwzXfGtFAZjZuySrTTQ%2FgoXBsE34qxqYLGxNgnhkEmHdSPKVv2%2Bh8Drr6Lxg7MkcX8fBxV9rmwZj0kzadkOBh8TlkRPnv404t%2BDSOh2eLU8ZPknWCqGreYMDcBvSI1oTRRpu%2BR0gryI0FGIdqjeGFwBlrI87g269A88qbZIO35q8gZV4OwTXkiTf9c0Ua8r1j7%2FJX0z1wbPDKUmlRjLDhKk8Gt2O4UT91Vo9v2Fr52CT9N5QelSj%2BucVY4lcMM%2BgU%2BMChvOSlJZ89%2BZwDStvCTGGfX%2BZPZCOEXWlQiPTy700xlms4EcbQg2djKRKd51caVdplho55fniTg50zVgE4K7Ql11Qd2YG0hj5aEMEqJEA6cV9dkj0jdc%2BnycqYfQGvdkPkACWOSLMUtNBKOpP%2BzxyZ%2Bn0TkUL9Sx7WTtYp76RkFE%2BAwAj%2FDOSt3rNG9fFmvyZKFYzqJO1RoUFEPjhPHBbJ7rc%2FhBLSXSmv8FrmKGHykFFKe1AMDliiOp2rYq7HC87LFJjx5NthFwZ%2F%2FC9s7fi8N%2Bd465fdBu9QAPJ34WK%2FZMJvtwA623duR7BqX3lyxeDSGmAkij45gzvDmPlbio4h98auc31uCw93N1mtEyAIUZf%2B7iiNk%2Fv637HHx1ku7pfmftWjJ2FY7EPAAhgfVy6%2BM0bUz5pHIF0f74YDDooVUsVdzpT0CMltL2chevr1RvxeO8EmFvY2BEorK%2BI%2FlBUtANXrSRazbdkW0BEUipHNTMrlZ1qOkBVQkyLJUfJTcWHj0%2FdvvZf7OSdITzz5YmBnLf7famQKHaiUduyf1lf7XMESmxvT1lvMkFDkdq6IHwmdQ66iykRjksUE1XeFS8nk2AKroT1mk1wtvgap7vGBwNQYbTNHk1iU%2F4GQSqF6azEcRdgg609wb5W8qE%2BHr1VDBhZK90HJuLRR6bt8coMBTz9Owasrj5kYZ8mkdHGBcJXIr8bFtsqtrYKHW2LLkrYpdoj5VX2tMzH2BffHeeXO4QpXG1UQtWF5FY9u%2F%2BgnfHbVCOlJ9ABcFCBrDThs1krxBKfMb9fDZRb3ulB7jnVeesFzGf7K4yFSIkZhARd3ivAEqYmfBKm0myjZAf8Ndp%2FwIl2L1WatFAlVed16VQqlpDTgvdfkSEkqKlSjlMCjpOn7kY2nYQV56UZs4diXCoMmTseoHz0gfY9PtJNOylZlGH6DNCeEGOLdVc9LPoRY%2B8zmWSkbNoklJeyCsWd%2F2ZviAXumS4lziDyytFjzGp8%2BZZp4ZgbyDA82ZRGpsq9jNiUszh55FxdszOdQqoNSclNt%2FEaEON2ahZCYV0R1wRO0LItwhEn6mbYlHZfYUbD0mDgul3aCTeiEZPqs9fsBF5nRUM%2Bye7WUFcP66KqC04aYuilHPnI6qpuowoQvDZRPe7ehGj6osU0Kf%2B2a5lHfFpS8s3f2%2Be1bU1ooLG26s9WnecMgaDx%2B%2F%2Binh9Bm4iclIodajtlC6bgFl5PNbnKCxOIXdheV5A0Y9j3H8CbzgUtWvwKJwocKg1aSVmXPbeKtqaQdPdxFyEZHvqCuQHJfFFVa5%2FMmqH3GzO0%2FLFfgWuTQIeJg5l2shPUHSL432A6MvYVAcFOnlN91gkbCw1YXi6xbV4NiVETUkoLj7279V8hiUQwS53peR5VipBK0WVXYRe7SpVSQJFvxW1hYyE%2BQNDd6wXMZ%2FsrjIbNxbJME7feWfnDSQZRDCIOv0kFaF0lZlh9jd5PtEtDiCw%2BoJu31OFyh2TiusXYJza%2BqvoWfA7R60oADRBZumchj0QGHdK5vDA%3D%3D&mm_sceneid=1_0_1804450133_0&a=xxc%3Dad_ztc%26mi_id%3D0000MGfp9I_TBcfpLX0FvUkt8Zprs_rH9J27PvfKqmn0nUw%26skuId%3D6189948155894&id=1017768680347
1014735048192,蚂蚁庄园 | 绒绒小鸡系列盲盒1.0,999,¥,,骏飞甄选,尚品好物精选店,回头客80万,1万+人看过,广东 广州,"退货宝, 包邮",,https://g-search2.alicdn.com/img/bao/uploaded/i4/i3/2214324309371/O1CN01jV2IuB2J5yeRRnuQi_!!2214324309371.jpg,//item.taobao.com/item.htm?id=1014735048192&ns=1&abbucket=10&xxc=taobaoSearch&mi_id=0000EdV0K3TA_BxlriG7k--VZZF5AyKzqMzkoVGJKZGAiRU&skuId=6182318322317
640949783941,稻草人59元超值秒杀盲盒女包单肩斜挎包小方包双肩包,59,¥,券后价,稻草人箱包旗舰店,稻草人箱包旗舰店,回头客5万,500+人付款,广东 广州,"官方立减12%,  3期, 淘金币已抵1.77元, 退货宝, 包邮",适用性别:女 | 提拎类型:单肩 | 品牌:Mexican/稻草人,https://g-search3.alicdn.com/img/bao/uploaded/i4/i3/506949326/O1CN01pSvbZ42IlMb2labSG_!!0-item_pic.jpg,//detail.tmall.com/item.htm?id=640949783941&ns=1&abbucket=10&xxc=taobaoSearch&mi_id=000002Y_4oC8bAmfFFFw8b2IHS4cCGHM4P6siPWXsF_-Zso&skuId=5953958302618
963595104144,【李佳琦年货补给专场】 52TOYS迪士尼正版疯狂动物城系列盲盒,59,¥,,52toys旗舰店,52TOYS旗舰店,回头客6万,1万+人付款,浙江 湖州,"热销爆款, 包邮",款式类型:端盒 | 出售状态:现货 | 品牌:52TOYS,http://g.search.alicdn.com/img/O1CN01dthjjj2Jsz28QQWEG_!!4611686018427387766-0-item_pic.jpg,http://click.simba.taobao.com/cc_im?p=%C3%A4%BA%D0&s=818395504&k=2401&e=xYMMLKSBrzX004kJ4dSkjrxcVcXH%2F9Y18IFNfe2My6NQXiZptkQTAQzh4Iv6OG6kpq4pbTCRrIZ2INu%2FTtmCehOJgTngp6oacQ33Wp7rtEKIlopsQQljK3E1KY4VwJuQ66MjaDL5XC7HKjf%2Bn3KIhNfxxjAstU8XCpgDK%2FP46eKZhIjkk%2B6cDcVp2eMHFkzNLZO2rEhpPXRIL4eq%2BhXPHLiWtW6dm2%2BPtVObs942A1cIqPWTgvcr8wHvV%2F%2Btesyh5Lw30%2BrL1lohJKCbCx3ZVCzdqDspeZe7VBV2z68lGV%2FifhK5AwtCQvzWKcqClro6QkvrndTHSqClGG6ASFncsu2yj8eX6Gk5MxXHsCy0S8rozC37QAS5vV1mjKE1WArM%2Fj94afXApAoK%2BjO4%2BwpNaOYuRjH4zG%2BKlvpF%2BiHftTGMJYOWxn6NPNhHul6ZgXVGBN%2BoLxqZ0DJcsqbWb2lkPp2OOcj5H9fUD9eU5C1exufaDdlHlFD%2FaZwZ5iBrJev4lcD6vLOEhi8FMkRTNfjWEjSsAkWXKmNiOVSEhr99%2FLFV5RvWSWfUSUXnH%2BqoYkaf%2BkD%2Fcul3HRzQYc0mUrX3NofJvn%2BVUHvC4UujeZiCbFCzqXr40%2BINLzd9%2BRvsFbPsKSzysmA5w55U15uzKzxoS%2FQ0pGGCRAG%2BsnH6Vqs7YSsb6R8AKPgJSDWC44QBRNuOZET57%2BNOLfg0jodni1PGT5J1gqhq3mDA3Ab0iNaE0UabvkdIK8iNBR6R1yI3UdtJlRE9E8d2tfJDgBq%2F12pmX04voNOj7i2Ta4QMoaVgKv7FUtkQGErt3EjKpb1KLbcj8NqmmB1gpKopJN4cWnjtlaD4t%2BIYZGwn18nKdH2qP55ShEs8N%2BB8C6rB6XGjOGTKe5NDfx492A3V8t1lb39siowgQM%2FVX9njKo9vCmdjS9sa03jNaaHoImMpEp3nVxpV32kmPGYlOoByiaZ3rK1r3LV8R61462MPSKCTVpeFJHMX5VEzKRm2lnCESh1hUO5on%2BNIMLEbewvw2qaYHWCkqgG2QbwifDUfYDXTn5NQHUYRIzs6Zth%2Fmexw%2F3EVe9ULLtOdrWgf9FqDJNNq%2FOAO8e3za15QJeSGpteFO5St%2B%2BKJ1imJYvjTnmGq5SMits%2FQqNFaxyQhJ4DAfYpOOzWyxLe05oj7jK6PnDW5BZxgJXHImohtbvDrfFoe5AjRJVanQwDuifEyDZ3L%2Bv9vtyaTpAWrfIOBsLKjCTlI4M%2F3g%2Bv9p%2FvBO5pgSjzjZ1KQHa7NEljVOgY7%2Fq0nT1Ko3WoqwskqLBZ11CE75SE9qVEIfJItNkUZCMlBHSOJL7j8I%2BH4%2BN4OZp%2FrZjNjcn%2F99xKruGGCTBpkfq5JVbaNPYaC998L5hB6QM%2BCqCUr2KTOYysA%2FGNhV%2Fb3fUtB6MDZLVvTBOE1rWkxpNXV6imn%2BEgD1QXhur2Qc8yPMjMdnfU1N2z8TdW2hvHPs4VU9Mvl4ob5qOeqRLRlmQhHhNU%2FJX%2FszhW1i7QVPWUE5U2PBZJzZKtd%2BhE4hVCPe9tDWwQTQcivsfutoIBY9LmnkVuvY0fq8jCSLBy0QAY4YyC5ejrqVd6%2Bq7I8vwwwCLVK2Cf14Vh5wUxaNtG14ozq%2BwfGHwOlFzUGjnh3q0dTV52aUhW%2FzmSC8QSnzG%2FXw2UW97pQe451XgaOeHerR1NXuoQxBVtzHK8WIoim2WtwJWRzFlKWiytWEXNQs5OxJH0XxozL2v6khQ3SOdkCSKQcDnxZ91h3Rsf6J5pl39xfBncBue84IxlJNidODSGa%2B%2F1Hu8gC3aK6mmmu35IdGBs5nMsmEl7Pxq%2BqDtyxlSZ0PguiNEtrFBOhYykSnedXGlVWo0Eo%2BLEb8D%2BrrLm066MqSGmDVgfG0XrcDZ8%2FnewnUTSuinf0uf3LSi6jguaC%2F0MzPvl7Amjl%2FygBzTz2XPOOnLOuEwQ5GhehpJuluWl%2FtoqdNQhG88dQiBP4I5Vr4FsnCa%2Bfou20vQzRDJPs%2BnVDXq9SJY0Nh228%2B9CgjVFI6%2BOfM%2FGunKfM9ecnIpG37G4WfDxAPqji6RkUxm57mgk6qJR27J%2FWV%2Fu%2B91XP9oNk6M0mKa%2BkjtP6B3%2BCacuVhp93vE2zCeZcIyx0adUHMh0PYkExh%2BkBTDQ1%2FzfkHb7Jn1dUyQMB0CR%2BXsHS5LLKtGLNplojAOUr%2FyORWp26thx3WtkugMd28ryfX%2BZPZCOEXWlQiPTy700xlms4EcbQg2djKRKd51caVdplho55fniT%2BIxaYkW%2F2P%2Bo6ju9NgksUbdKZkFJcvDH4jT%2FG4iR%2F9RUAoHvrMzwRFBTlbU1%2BLAazcLuwb6TuUMb6R8AKPgJSLH8yh%2FHEsBhpqcTDWY0WPrA1BhtM0eTWLiSJvt6K8DJ&mm_sceneid=1_0_133779090_0&a=xxc%3Dad_ztc%26mi_id%3D0000cnoW9KW1ExrykOpMuBvRRBZ7Uv4ftB_sdXJEqZqBVeM%26skuId%3D6144854794056&id=963595104144
1015740407782,蚂蚁庄园Q版动物盲盒手办3只装  1分购,999,¥,,骏飞甄选,尚品好物精选店,回头客80万,1万+人看过,广东 广州,"退货宝, 包邮",,https://g-search3.alicdn.com/img/bao/uploaded/i4/i1/2214324309371/O1CN01kkMgG52J5yeWC9gJS_!!2214324309371.jpg,//item.taobao.com/item.htm?id=1015740407782&ns=1&abbucket=10&xxc=taobaoSearch&mi_id=0000FHimztXj2yYzBRdoCw_Wbs6QkwL8mFiYlj-Bjjvi8vM&skuId=6190463563421
961557679719,【惊喜盲盒】霸王茶姬惊喜限定水杯盲盒-可爱高颜值礼物送礼专选,89,¥,券后价,chagee霸王茶姬官方旗舰店,CHAGEE霸王茶姬官方旗舰店,回头客20万,200+人付款,江苏 南京,"淘金币已抵0.89元, 退货宝, 包邮",材质:316不锈钢 | 保温时长:6小时 | 杯盖类型:推盖 | 是否显示温度:不支持温度显示,https://g-search2.alicdn.com/img/bao/uploaded/i4/i1/2217636206482/O1CN01WwVAOW1xkoPAzKIwp_!!4611686018427385746-2-item_pic.png,//detail.tmall.com/item.htm?id=961557679719&ns=1&abbucket=10&xxc=taobaoSearch&mi_id=0000l_99tUFqy9sNjEp1arNQV7bcdT8vwCyv40MUAkkVPyg&skuId=6145632107917
859797387020,马年小礼物儿童元旦新年礼品潮玩盲盒小礼品幼儿园小学生奖励奖品,29.85,¥,券后价,天天特卖工厂店,天天特卖工厂,买过的店,2000+人付款,浙江 金华,"超级立减0.99元, 退货宝, 淘工厂, 包邮",适用人群:儿童 | 场景类型:春节 | 适用节日:元旦节 | 包装种类:盒装 | 风格:国潮,https://gw.alicdn.com/imgextra/O1CN01mblTsK2LY28L3hTa1_!!3937219703-0-C2M.jpg,//detail.tmall.com/item.htm?id=859797387020&ns=1&abbucket=10&xxc=taobaoSearch&mi_id=0000plJKcXYSph_dcs_V6kFc4PqeFwUe6cFH90OKyxgqvfo&skuId=5846574086022
956643366526,steam 正品游戏激活码 福袋喜加一 正版cdk随机游戏大作盲盒礼包,38,¥,券后价,tb9094684187,轩科正版,,2000+人付款,广东 深圳,"24小时内发, 淘金币已抵0.05元, 包邮",游戏名称:steam | 商品形式:激活码 | 上市时间:2020-01-14,https://g-search3.alicdn.com/img/bao/uploaded/i4/i4/2217230094768/O1CN01oTWy0a1l5nUeGzjiu_!!2217230094768.png,//item.taobao.com/item.htm?id=956643366526&ns=1&abbucket=10&xxc=taobaoSearch&mi_id=0000FSlKVeCBctMoxERVsUaEnOq0dz4Tb7n48lLjDPZ630M&skuId=6139898127894
745205516644,手办定制盲盒公仔PVC卡通摆件钥匙扣企业吉祥物树脂玩偶玩具定做,10,¥,,tb4914932656,深源礼品定制,,36人付款,广东 东莞,公益宝贝,,http://g.search.alicdn.com/img/i4/5157336262/O1CN01QAWLg41w83B1HMuYa_!!4611686018427385030-2-saturn_solar.png,http://click.simba.taobao.com/cc_im?p=%C3%A4%BA%D0&s=818395504&k=2169&e=cH1oJrgcq3z004kJ4dSkjrxcVcXH%2F9Y18IFNfe2My6NQXiZptkQTAQzh4Iv6OG6kpq4pbTCRrIb%2FBkfL8MLbj5A69ZrfknmpLDmw2RbPpLvF3jRfwQ9YWnE1KY4VwJuQ66MjaDL5XC7HKjf%2Bn3KIhNfxxjAstU8XCpgDK%2FP46eKZhIjkk%2B6cDcVp2eMHFkzNLZO2rEhpPXRIL4eq%2BhXPHLiWtW6dm2%2BPtVObs942A1cIqPWTgvcr8wHvV%2F%2Btesyh5Lw30%2BrL1lohJKCbCx3ZVCzdqDspeZe7VBV2z68lGV%2FifhK5AwtCQvzWKcqClro6QkvrndTHSqClGG6ASFncsu2yj8eX6Gk5MxXHsCy0S8rozC37QAS5vV1mjKE1WArM%2Fj94afXApAoK%2BjO4%2BwpNaOYuRjH4zG%2BKlvpF%2BiHftTGMJYOWxn6NPNhHul6ZgXVGBN%2BoLxqZ0DJcsqbWb2lkPg19YZdHGXEx9vZVLxva2Xv%2FFHc0ItCDSXCNwg1Z9mReVmTPGADxk2KkO4rvlgyGwwcr2EosVIMMzbkXG02iKUxTfKvu8MMTHiZCIV5quqHz1xJx931uq4PPjI3ffhe9EOWj%2FbJL6h31WQ66QMWQXHgnypRF4v%2FRMyuGb5n9dB8Qh5bjR5dNEbc9X%2Fv79vdagFzaKJ4vh80JZWQAnFmSJJ0PaZQ5L892QfKn3ovhVccg4TzOChBgAjrRVovN79OFU%2FsyJAQmk44r3CtjVY6fDbY4MJ%2FM%2F8yEmVpvxBqCKk6lzWcfoX4aVNWpWoeUMKHqsAv7bNaMJPTXLXyPKob0jO3JC6PekvZis6lah5Qwoeqwy8orqZ83av0bOonSeLv%2BTFKdKsDT%2FqBeniCvJ0d46wRXVMkDAdAkfswKr8%2BGx7G3ttYbe%2BNWN0JrvcBka9NEeAseU0FOEL%2FshJZrURWzypzdZWAdolVw5DNjQ%2BzPCnOnZUhDthc32EGDmADRxl%2BcindA0OiS7%2FH0AlK6MakIU%2FiHd3hwD%2BNKxkq%2Fkzh2Mw6BLwiaYBjos3UkZGHAuiYD1%2B3za15QJeSGpteFO5St%2B%2BKJ1imJYvjTnmGq5SMits%2FQqNFaxyQhJ4DAfYpOOzWyxLe05oj7jK6PnDW5BZxgJXHImohtbvDrfFoe5AjRJVanQwDuifEyDZ1%2FQZKlFXAwUD0Pgfk0bTE3IOw5ArxJh9UcrWaWz0QUdeP9XAN96vo6DKj2TVWy%2F6td9SE7th1KpNNzoaGsZn%2FsAYx4gtprDrQmQiFearqh81ltH1LmvazIkYlp3PLjMj%2Fmr6so58V66wHJP9UvMRfqdTrP4%2Bl%2B5h5OqdpFH8Ivd2wUKZkn8BXXshMrW2%2F9qWURCroS4ce2TkyWg317E%2F4q80n51mwOS0LU%2BDcT3%2B6G5f5ILP890GEl952G2m043Yuvqr6FnwO0etKAA0QWbpnI8JugToiR3EeHViowPkVes5kMtWSMNZLYlcWXesnT3HTdZWAdolVw5B%2BHpNVNMKpiRFmxvB2pyIbM0WKliWs9st1lYB2iVXDkJjfBmoJWomM8ATgeZsPY6qpTZv3p6k0NkDUPZ%2F71Ex27ShQjsCvs5p6DFGEM07FrmtFmbKub1Nb4xuDSjxOHIM1oA0psQgkpNidODSGa%2B%2F1Hu8gC3aK6mh77kfZ8%2FDs6%2FGY8qhkOSvkj2ohIK%2Fabk6LxL8Vu%2BvrnP5Eo9YQNjdgqPi1oQqFTdUshQgmaKIq53A2fP53sJ1E0rop39Ln9y4bH4kzmGtYRE8uB%2FT9W72UoAc089lzzjuKmDV0WH%2BwGoaSbpblpf7aKnTUIRvPHUIgT%2BCOVa%2BBbJwmvn6LttL0M0QyT7Pp1Q16vUiWNDYdtvPvQoI1RSOvjnzPxrpynzPXnJyKRt%2BxuFnw8QD6o4ukv8LQgofTUc2%2FwHeWhQkBH%2FUf5oVWHsRxRI2JgDYmyA4dajtlC6bgFl5PNbnKCxOIXdheV5A0Y9ignMUBVpe%2FUjQDsoEHgV8ApJJB%2BWdIm6WVWfdJzB9X8uu7Nfg15galXVMkDAdAkfswKr8%2BGx7G3Nf7uClddLWjtx7N4gnZYhsdZD8bC0hNoByvYSixUgwzoZPLB5r4uYuDi4bzJ1c%2FD%2Fkgs%2Fz3QYSUVwEkx9lVVyKanEw1mNFj6wNQYbTNHk1i4kib7eivAyQ%3D%3D&mm_sceneid=6_0_5157336262_0&a=xxc%3Dad_ztc%26mi_id%3D0000UzdYDgl-VUwE4D3FPtkMcy7fncK3V_asTtGb8cG8fHg%26skuId%3D5789979483490&id=745205516644
729544409660,【特价】MINISO名创优品帕恰狗花与少年盲盒摆件礼物三丽鸥,294,¥,券后价,miniso名创优品旗舰店,miniso名创优品旗舰店,回头客200万,4000+人付款,广东 广州,"官方立减13.3元, 退货宝",出售状态:现货 | 品牌:MINISO/名创优品,https://g-search1.alicdn.com/img/bao/uploaded/i4/i4/3459177618/O1CN01RzdRSQ269665IZbxP_!!0-item_pic.jpg,//detail.tmall.com/item.htm?id=729544409660&ns=1&abbucket=10&xxc=taobaoSearch&mi_id=0000von7rPSoLe5Pnx3C1QB2D8zU9O0eLfjuNr7H6JDGRZk&skuId=5226905810510
1012544999296,POPMART泡泡玛特星星人怦然星动系列手办盲盒玩具摆件情人节礼物,68,¥,券后价,谭梓琳lin,欧巴手办盲盒,回头客8万,2000+人付款,广东 佛山,包邮,款式类型:特别版 | 出售状态:全款预售 | 品牌:POP MART/泡泡玛特,https://g-search3.alicdn.com/img/bao/uploaded/i4/i2/2580405343/O1CN01oFy5kO1pL9IVgjCjS_!!2580405343.png,//item.taobao.com/item.htm?id=1012544999296&ns=1&abbucket=10&xxc=taobaoSearch&mi_id=0000P7F5kKZt76xnc27JKzRb9QNAJtHyVphOrct5Y83yA8w&skuId=6183082163731
1018173779083,YoutypeToys修勾来块小点心系列可动人偶盲盒BJD娃娃潮玩手办摆件,125,¥,券后价,youtypetoys旗舰店,YoutypeToys旗舰店,,1000+人看过,广东 东莞,"30天价保, 包邮",出售状态:现货 | 品牌:YoutypeToys,https://g-search1.alicdn.com/img/bao/uploaded/i4/i3/2220675085753/O1CN01YgRUaQ1sMvgjhjdx9_!!4611686018427385273-0-item_pic.jpg,//detail.tmall.com/item.htm?id=1018173779083&ns=1&abbucket=10&xxc=taobaoSearch&mi_id=00003pvCyDUrZWM9UNFs3r54fvwKK8vRLZh11CjRQRQSzNc&skuId=6194334790136
970742789429,POPMART泡泡玛特银魂欢迎来到万事屋系列手办盲盒玩具摆件礼物,52,¥,券后价,谭梓琳lin,欧巴手办盲盒,回头客8万,1000+人看过,广东 佛山,"店铺满500减5, 包邮",ACG作品名:银魂 | 款式类型:特别版 | 出售状态:全款预售 | 品牌:POP MART/泡泡玛特,https://g-search3.alicdn.com/img/bao/uploaded/i4/i2/2580405343/O1CN01lWTofB1pL9IcB9Oqw_!!2580405343.png,//item.taobao.com/item.htm?id=970742789429&ns=1&abbucket=10&xxc=taobaoSearch&mi_id=0000smx_WMEtnAec3qSfbu_I3gyqNv97QymPVgUDl5OX0q8&skuId=6022069132221
920073150711,富光福袋盲盒母婴/保温杯/玻璃杯/厨房用品/保温壶/塑料杯等 随机,99,¥,,富光官方旗舰店,富光官方旗舰店,回头客5万,4000+人付款,安徽 合肥,"48小时内发, 包邮",,https://g-search3.alicdn.com/img/bao/uploaded/i4/i1/2218044841370/O1CN01zBwhXQ1LzVfEQcYci_!!4611686018427387290-0-item_pic.jpg,//detail.tmall.com/item.htm?id=920073150711&ns=1&abbucket=10&xxc=taobaoSearch&mi_id=0000qIqCuRsb13xZf8K0Nh_cl2MuTzfyumr1lVu2OF0i6D0&skuId=5794560385433
732729629876,【惊喜盲盒】Vanow高颜值保温杯女大容量吸管咖啡玻璃水杯子,298,¥,券后价,vanow官方旗舰店,vanow官方旗舰店,回头客10万,100+人付款,浙江 金华,"官方立减12%, 退货宝, 包邮",材质:316不锈钢 | 容量:350ml-500ml | 杯子样式:直身杯 | 适用人群:通用,https://gw.alicdn.com/imgextra/O1CN01qmZr5l1sKBIx9B5hD_!!2177975747-0-picasso.jpg,//detail.tmall.com/item.htm?id=732729629876&ns=1&abbucket=10&xxc=taobaoSearch&mi_id=0000ThJkdQqgOruCRo2q43QryhsO6j-oUYQ_SK0Udv9z5do&skuId=5241612990173
964232990390,【现货】MINISO名创优品迪士尼史迪奇GenZ街头系列搪胶毛绒盲盒,57.7,¥,,miniso名创优品旗舰店,miniso名创优品旗舰店,回头客200万,3000+人付款,湖北 鄂州,"官方立减12%, 退货宝, 包邮",出售状态:现货 | 品牌:MINISO/名创优品,http://g.search3.alicdn.com/img/i3/127238467/O1CN01RBNXC42CPwXhHObCc_!!4611686018427380035-0-saturn_solar.jpg,http://click.simba.taobao.com/cc_im?p=%C3%A4%BA%D0&s=818395504&k=2425&e=z%2Bfx4pI783T004kJ4dSkjrxcVcXH%2F9Y18IFNfe2My6NQXiZptkQTAQzh4Iv6OG6kpq4pbTCRrIYuJjtI5wWiBBiwcelBg51ZpF2%2F%2FovmMQpcV48CHLeLunE1KY4VwJuQ66MjaDL5XC7HKjf%2Bn3KIhNfxxjAstU8XCpgDK%2FP46eKZhIjkk%2B6cDcVp2eMHFkzNLZO2rEhpPXRIL4eq%2BhXPHLiWtW6dm2%2BPtVObs942A1cIqPWTgvcr8wHvV%2F%2Btesyh5Lw30%2BrL1lohJKCbCx3ZVCzdqDspeZe7VBV2z68lGV%2FifhK5AwtCQvzWKcqClro6QkvrndTHSqClGG6ASFncsu2yj8eX6Gk5MxXHsCy0S8rozC37QAS5vV1mjKE1WArM%2Fj94afXApAoK%2BjO4%2BwpNaOYuRjH4zG%2BKlvpF%2BiHftTGMJYOWxn6NPNhHul6ZgXVGBN%2BoLxqZ0DJ0slwHcWzweHB3Z1LicOLJMDDJiBieSDUWF8p8NpQ1p7ZaWoK4HKa5scDFmwRm5cX%2FFHc0ItCDSXCNwg1Z9mReVmTPGADxk2KyhiHiQgoeVUVE0fpLU1Ww21XwNbVNeYx2WQfHG8sOYGxlqELRYntyuOE75Jqe9FXcUXetW9QmaiWunpPOFbo6calWXYBkRmH6cD0657RVdBRIKGFKvW0uHBsGoOKX1che2r32iZBlDOFiAnf8GA1NXcDh1RiyC6ahbzniUoGHmFRagmLoUUHFE7OzIMRvQLSxMGk7dY%2BuN8iKWH7HHbmLv3sxhltMOd4gbhFiB5715HXFHaZkB4IAykEEYKuOKz20y7P5zbvbyj586xW7WpdEto8FYZQi%2Bx%2BQiPLTeGp9YpZ3aPk%2BMPpI3orMAer3XRGLWXBTR3E7Lp5uFnnx5R1Jb06B4RC%2FdBd7k0N%2FHj3YDdXy3WVvf2yKjCBAz9Vf2eMqj28KZ2NL2xrTeM1poegiYykSnedXGlXfaSY8ZiU6gEVE0fpLU1WwiRFG%2FOMxRExIoJNWl4Ukc1n%2FWORrnBwHcZUQfZ2C7c%2Bf40gwsRt7CwpFle3EtrRbnu%2FPK3NDuV9gNdOfk1AdRhEjOzpm2H%2BZ7HD%2FcRV71Qsu052taB%2F0Wloh48iCxKrtKbR0po%2FfpjyOu51DzfZ9yPSe2EEqBVTwpZjNqDAi1LMzpM8sY6cK2ddejbRtky2p2WYLZivDqG1tVIfn7uQ4WSxn%2BwZV%2FrrB0iURj3aVHwgyp4LbX2TQivkbcYZczog4AwGPKt%2BKYY3IVJlhImWYQUt%2BqTQoU3B4rSS2VyFIFuPze9vkwwDtkn%2BsKfZWYAUo%2BvVVyTOdktzRDxvmJJe0qbKUa4eELfn13FF3rVvUJmpsZahC0WJ7cuqhLfonz5hKdlkHxxvLDmAlrp6TzhW6OgINTqMJejqSyQtMhKwWR0r9bXe4xR8Nv6iUduyf1lf7XMESmxvT1lvQLD5dBwMqU5Uj92%2BflWwr4K4E4%2FhGuhMXKItdH9xtvVwtvgap7vGBwNQYbTNHk1iU%2F4GQSqF6azEcRdgg609wb5W8qE%2BHr1VDBhZK90HJuC9FHFZmudHK24ncpbARgjgJ1D38rRaIzH9aMSSYN0WTvepkcFD%2FwQE%2FGETxmC8ZHystipQOOlgInXnodEFQ1YRG6qUzx1ssbkVE0fpLU1WwLHgFW05LpwLRwDTU62kP1g4hf0tGnrL%2FRUTR%2BktTVbBrJdJaXZHhk4VxWcROZFzzfkXgza60wzbXXnjHXbl1fFQfqLCYnCf4scWMOmIkcccj%2BXq5AjHZQPBlfWvaBsCxwMUYQ3alOMcXBhuy0gefvhpQQZrSnwqnj0%2B0k07KVmWqdAvo7qXEtqgu6yn%2BgGOF9h9QBpfapCPF%2BJonhigCmeIBe6ZLiXOIPLK0WPManz5M2lK8fQwBseyua3TEmY45AjslMvAggOIqFyDQ8C7npxzfd0PI0gEk2pKOD8NFUIBIf46Jh3H0walmnOzsUBBlC7W7o1N5P6OtlnZo4m8Zcqk2jJzoEMu2Nq7WQqqf1QJxUL%2F2p8Vgf25uONp1oLbJeM4pImwVJ5KjNrW%2FgoQa5X9B7i6Ul%2FAL%2FGTGGkCvEQw4lAE%2Fcqas8Xhr24mitBfa6Ln2%2FBqZ3PFHB8RFwp02%2BjifMWdnH8XuY1%2FImzB38hqO64xUiC1fVDxZWpdD7y3XJmg07lyLyYHHwSciPJnL0TeUHpUo%2FrnFWOJXDDPoFPjAobzkpSWfPfmcA0rbwkxhn1%2FmT2QjhF1pUIj08u9NMZZrOBHG0INnYykSnedXGlXaZYaOeX54k%2FiMWmJFv9j%2FHQ9twjkzD3IO5xEncmdz7WDLNg5NtOfT5UfRBIkFz%2FGPo%2B%2Bubzr82C3k6dH74nq1fxjbfmwdvBBABZ8XBbDYGKanEw1mNFj6wNQYbTNHk1i4kib7eivAyQ%3D%3D&mm_sceneid=1_0_127238467_0&a=xxc%3Dad_ztc%26mi_id%3D0000yhO_Dy9fuQRTQSTUE4eXTEj1c0nL0CEMjqG40c9D8JQ%26skuId%3D5772732760833&id=964232990390
1015749927881,蚂蚁庄园Q版动物盲盒手办3只装 5折购,999,¥,,骏飞甄选,尚品好物精选店,回头客80万,1000+人看过,广东 广州,"退货宝, 包邮",,https://g-search1.alicdn.com/img/bao/uploaded/i4/i1/2214324309371/O1CN01kkMgG52J5yeWC9gJS_!!2214324309371.jpg,//item.taobao.com/item.htm?id=1015749927881&ns=1&abbucket=10&xxc=taobaoSearch&mi_id=0000jFz-HAJ1A25b8NZZA206g3I_16ccwg2FfMC0EeieT3Q&skuId=6190481235354
1017268285297,蚂蚁庄园Q版动物盲盒手办3只装 7.5折购,999,¥,,骏飞甄选,尚品好物精选店,回头客80万,1000+人看过,广东 广州,"退货宝, 包邮",,https://g-search2.alicdn.com/img/bao/uploaded/i4/i1/2214324309371/O1CN01kkMgG52J5yeWC9gJS_!!2214324309371.jpg,//item.taobao.com/item.htm?id=1017268285297&ns=1&abbucket=10&xxc=taobaoSearch&mi_id=00009rNnEHOCPQw9oK7agvIQzCgaQitRHroh7TMLxi6PY9c&skuId=6024472608060
677029000503,2025盲盒批 发网红2024新款地摊摆摊盲盒地推礼物活动赠送礼盲盒,287.49,¥,券后价,盈振18237099039,铺铺为盈,8年老店,300+人付款,河南 商丘,"店铺满300减20, 淘金币已抵9.51元, 48小时内发, 包邮, 公益宝贝",,http://g.search1.alicdn.com/img/i1/114937970/O1CN01AvKblQ28kJe0GlKB8_!!0-saturn_solar.jpg,http://click.simba.taobao.com/cc_im?p=%C3%A4%BA%D0&s=818395504&k=2305&e=%2BpROBwUdqoX004kJ4dSkjrxcVcXH%2F9Y18IFNfe2My6NQXiZptkQTAQzh4Iv6OG6kpq4pbTCRrIbYry3cpXQbV4RyQqnNfN3%2F3MqwGCHKbjR43VIpei6HJHE1KY4VwJuQ66MjaDL5XC7HKjf%2Bn3KIhNfxxjAstU8XCpgDK%2FP46eKZhIjkk%2B6cDcVp2eMHFkzNLZO2rEhpPXRIL4eq%2BhXPHLiWtW6dm2%2BPtVObs942A1cIqPWTgvcr8wHvV%2F%2Btesyh5Lw30%2BrL1lohJKCbCx3ZVCzdqDspeZe7VBV2z68lGV%2FifhK5AwtCQvzWKcqClro6QkvrndTHSqClGG6ASFncsu2yj8eX6Gk5MxXHsCy0S8rozC37QAS5vV1mjKE1WArM%2Fj94afXApAoK%2BjO4%2BwpNaOYuRjH4zG%2BKlvpF%2BiHftTGMJYOWxn6NPNhHul6ZgXVGBN%2BoLxqZ0DJ0slwHcWzweK%2Fk9L7djx65Owf%2BjGSC8D8d1u2qiZg4WxoRC3DJOPMz7vWFu%2BNX6lKZBGqpUjpWMxAcbGx2pu7F5rNeiDGtAfN0jEHW6k%2BqsWJH9%2Bc7GfHSUCp3%2BNJKPrKAJlVK1%2BPOJt8F9oOa4CE2nUri1yrLy3JoR6BnQ%2F%2Bkr2brgZxwhy4nVM0uqHDOK79Iw3TOhzg%2BXVn02bWX4R5AnaGwCQOUhDkPaZQ5L892QfKn3ovhVccg4TzOChBgAjrRVovN79OFU%2FsyJAQmk44rjIs9NBBqYkTyAx9Yox%2Bj55TpiEAlACCbvtIlcv%2BqIdk0L4ZLuqkAlWquKx35v4I3tLO8jl0bUmZiNQcuah%2B2%2BY5gxsjFyl1PynXAEo7FUFAVpBGPOdmrrKIoZ5vaEFfZbGbI%2FYEUbMh6Ki5D5SeVDYUJ5C68C72rRtgQ%2Furb8pHOAHFB67v7E3Ya%2BCMKkroqoyAZTZeABwfHgtgZTOXxZJGBr%2FnFyem0Y0QeHjk6Q1Ut90aRhAV0p1TNLqhwziu%2FqI0rFhTPqclxbMAw0eolm0q%2Fkzh2Mw6BLwiaYBjos3UkZGHAuiYD1%2B3za15QJeSGpteFO5St%2B%2BKJ1imJYvjTnmGq5SMits%2FQqNFaxyQhJ4DAfYpOOzWyxLe05oj7jK6PnDW5BZxgJXHImohtbvDrfFoe5AjRJVanQwDuifEyDZ3BsRCOv2RrPrBU2wUQVPM3zj7lN8c6oa%2F9p%2FvBO5pgSjzjZ1KQHa7NEljVOgY7%2Fq0nT1Ko3WoqwskqLBZ11CE75SE9qVEIfJLgFeapBahxZyz3E0cIIz3LT8Wk7vbkP55Nx6Pcys2yz%2FqoPDWPMiuxbAWuU95qN%2BAan8jxJYXvHmzD1Rs%2FcCc63q1BhwS6%2FrxB6MDZLVvTBOE1rWkxpNXVO3At4ObC3EIWx7%2F%2FzEarvwO5FtaD438zEBOd0Erp%2BOhU9Mvl4ob5qOeqRLRlmQhHhNU%2FJX%2FszhW1i7QVPWUE5U2PBZJzZKtd%2BhE4hVCPe9vljlSRp7kt%2BO0TOdBuQSt%2Bl2sBQ%2B23uZszYLTBIyqMxs5%2BkQdOwC%2BWazOR9FWQ7KgN%2ByFy3CnLwEp8jSNRjylqcTeum4gWL0H0fk2twsBhePusJLuzjsioDz6YUCZLrCzf7TUeneP7MvR%2BTa3CwGF4%2Fy6Ckda48iHvtJYoBfXBbEvp6RFGEu4Ss6RzxwH212Qj%2BXq5AjHZQPBlfWvaBsCxwMUYQ3alOMcM68z4%2BLL55t7jsdat7ML6j0%2B0k07KVmVvicoTofZI9Kgu6yn%2BgGOFW0akDtxWJYP0KIx6Ry2FASDtHgwYJI0G6bZBQaN74BxRI64EcCXGkpLqXZMSUQD7CgGA5idTnoido6XIK02Yej1%2Fs20l0akABZzYTTSXIh0%2B7r5Wni8BsOAoAjGV6yclLEi%2BuwQv2zM7h0L2Vvx55wnxEayn6vTIYGhj6TqqE%2B3Mg1xnPq8MLVVMWi4fxoZGYtnHG%2BrQOuKl4GOulyv5axr4pwUivT89g2BGTWgJAf3MEHro4KrV9jtY38yg8ux028TsnafpDI9esPlhRcQcxTxZ459IRx8bynb%2BKhyCn3JRUoXr92gGQ7SzvI5dG1JmYjUHLmoftvmOYMbIxcpdT8p1wBKOxVBQFaQRjznZq6yiKGeb2hBX2WxmyP2BFGzIeiouQ%2BUnlQ2FCeQuvAu9q0bYEP7q2%2FKRcNMCScAWdAj0OwaTYtT6o3Ya%2BCMKkroqoyAZTZeABwcYsITRq6qHrq4AMhBeYjYTfBC82gzCvwfpnr%2FfhWjDpb51UcUlAqYvX11uHqADnJ6PnT846Ntgpr6z46j8MqyZ&mm_sceneid=1_0_114937970_0&a=xxc%3Dad_ztc%26mi_id%3D0000LAW7Qx1n5WoGPc1YLMf36dV3OQwROyTHMlarzbQjGGM%26skuId%3D5039584747617&id=677029000503
977803988448,盲盒公仔定制手办树脂工艺品订制钥匙扣挂件手机支架来图定做logo,4.4,¥,券后价,tb788942694259,广东趣萌工艺品定制,,32人付款,广东 中山,官方立减12%,,http://g.search.alicdn.com/img/i4/9308542502/O1CN01KBmUNi1ULy3O8dKRC_!!4611686018427385382-0-saturn_solar.jpg,http://click.simba.taobao.com/cc_im?p=%C3%A4%BA%D0&s=283973589&k=2381&e=%2FUWN11kU3surjLDeIp6aSgBoQLMQ3KTf65TqRNxZLeEx6D%2BBwCvH1hrnXIRE7amf4jToKtuN0a7z4WFSQcPFCucnUti60mBCtxo%2F9%2F6XJJg%2Fn%2FRoI9EOu%2FtPDjdOZgCe37jTVHiJbfCB8hDaQNo7UGb0rs12ZLW6mk2Zuf6W2w3zaYCJrdXqpH7UOzMVYX1zCWdQ29QwhWe9XctiCof6Bnv5pwP9mCCp%2BdaF6i0q0bUL48Emy9mMdS8%2BQCKQS12PVtDhRhNlJtgn5GdOIbXJilc54yUpjfQVmUB%2BvNpuLLhu1mLM4kopv192m7uRTmf3N4xrMgO73xaC7SsmiKwpkp%2Fl5tN0bn%2BaWRHACG%2Fm6aIieguJMaFDw7tt1ilgia7uDf8nVpThtapVEp7kWjdGVk8IrHoj7EOoZvHd1BnxMFUyEMd5nVqWFppTNAX168fIiSv4lP8CZkkOWX4a9zXP7ef9%2FbihszmaveE%2FSDexKuE3XxJw5pKj7QFyshl9zI8RymSd%2BX4614YCPvdIIPxfpYJNRfcL2S3DlN%2B2EN3GMIL7BrSF7pRbuKdbwqhZCF%2FQgKbpjxj%2FbF%2B8QeL5gvWxbZ1pU2%2F7%2FCDodU4zVKixq0TXPPBq1Xs3A7yOd%2FKaR2dPBpiDxjiwBxrEd%2Fy8LGLAZJ1pU2%2F7%2FCDol9jfxLwZN2pjkf1d5iPvuFjDFTd7%2FrCk1fu5i0OzZXMjy%2BUXouZT34qonwgOnlizJ0pN9KIqddtgICJ8yVcaE5IHBUAIF0asEXKGEYNVFZEdLSG74r8B9uu9EUnM75vJaBi2rOtffSL7wVNdFumWMWvKm61kgKDh5LEtXmcPMoYoswEoMfzEtt5FJu6hsnBAJGdoolqxZSqU2qL3wkhooGziiyDsirncAW1JK4TkTolWYbpKiy8v9juOZLAoc2Ub73k7RpVypslYtSaZ0pWUTbIGTOZtnLUYgk1F9wvZLcNtn4zaJD0eXraavHVJwIijH0956BSQW6l4jclWyDWHD%2BroCeyMm1ix3kUm7qGycED2bChaAly1ZdOvNwHKVdhLj74UISL7ZW%2F5GpJPFOixspbfJOGSkeaLlgeMxREmDH88ghsK5eNAdnb6NpX80tTpvVaEAV4WOXN4l0JCSKOL71D5iJbNeprv4uynCh03AGRP2Mo9zRKI21VeiEC3R%2FGlLSLIkfxrApL9ZgJP8jpGU2Z82ze67TC7kUVX%2Fno2WTGhoXqHe09qv%2BKGITKiBGlF5HyxsbeSIuhzKT7YsqAoEo%2Bfy30AO5ZrOe1rUW3eVOcSFlt07qxtKKdbwqhZCF%2FQ43k9bNWkFW7vpp1NbRKuVwGZSisazQTnIEis7Q2WVc4okZR5xOZgG6uZUG2ItTqWpjnYU%2BeRx2s%2BBuE%2Fe25hGgY7zZExuZBQCVkt%2FNsH%2BULqHi2HQdxjeiDWYI80e8Zkktid7gCZYVCdaVNv%2B%2Fwg6Lb4a8528noiMwEzY2d91URRKb%2B8dMmnJVw5k13y2yWCmN0NVGzcefAZqtjftsUhKizZkW3FwT8iMExFUn1RrrL2ObTgr92MlcSlbjm2kBtfRg2RF8MNgHUhccSgCoUGH%2BqYoqvEIK%2BARfayrHWef%2F6ufTXyhDZFhxtP5S%2B96b7xQiN5Y%2FJJ3u2yZgTzdpUDNqY1XAn%2BQQZpG0%2FlL73pvvFCI3lj8kne7TmEbGQu9OAYD4CEy5%2Fl3vOA0tP1GkGAtCrUQXLo5T8aG9%2FZLYqTZewTghjTkLDyLCGX%2FbYPbPm1ixSOLAfblBec2H8dq3jG2VhGzvPFGGWRlOpgUCaCLLA4dAJsKHDDxVdhgNMu5J7VG5Nr8wcE4USc89jAwp1ImfLa29F8a%2FRAXAchFCq53bqP9zBLpCEK%2FfCMls9Ln%2FvJeWCl5i4h026T4NgXAwuC6cs2xe%2BS8vo9zQ%2B%2BmQmeOz4Q6JGLKZ3aAoLoMGvBt6X%2BmxczoDfyrafxRsrE43FhE9ByirPuaTjHr%2BQSptCcOmYz0bTAAEvFUtZyo8fUTD2Pf0H5jbuK2OXg3eMnQphtuRECsl3oO1pVLo5SFdASLGgoXZuiGIBufrrzShCycpdQnvMNQAVjr7BISh6SOVgkOzs1i6GqsGOVA2GC8F2uml4%2FmMTQuQXdNyT4oDPS9%2F1hOhMmBzyXwM%2BznaMOqFpLDxHwODteI5aJASQyWkOKSFGKqQFxMtvv8DfpmgXtiG%2BGNPxr1jIkKBnGYLcGhtsg9L8TFRX0zl%2By4bHW5sqIY8lpPSEKjIRhJ%2FwDP53%2BtTYjUWXUArj1lAwAcMbALVpJiVmRAzjqZDaOCYY9KsbfEAaiur%2B99Ia0nsEzY8Jc0VzKEnWfO3y%2FdK4xxYrNhfphjEpmGVSyY%2BIqoOHrz4BZh%2BE%3D&mm_sceneid=6_0_9308542502_0&a=xxc%3Dad_ztc%26mi_id%3D0000ld4g4VlGPGv189fJ8pODpTRM81lyGA-TtTkDX-ijjt4%26skuId%3D6096781262854&id=977803988448
973904399639,新款水豚噜噜盲盒摆件超萌装饰搭子爆款高颜值小玩偶桌面高级摆件,3.8,¥,券后价,tb074948946,光迹Silver Trace,,1000+人付款,浙江 金华,"官方立减12%, 淘金币已抵0.03元, 包邮",,https://g-search3.alicdn.com/img/bao/uploaded/i4/i4/2215350823602/O1CN01znhyYn1cTljodDPDg_!!2215350823602.jpg,//item.taobao.com/item.htm?id=973904399639&ns=1&abbucket=10&xxc=taobaoSearch&mi_id=0000tiGGpzvgS5qQhgqvUQbUe-gQhjSKwvjLO-Fg9lQzIO4&skuId=5986201065868
987419091498,DIMOO 动物王国系列手办盲盒可爱礼物潮流摆件送女生礼物儿童玩具,17,¥,券后价,小黄96702962,豆子潮玩,,100+人付款,广东 东莞,"官方立减3.4元, 淘金币已抵0.51元, 包邮",玩具类型:公仔 | 出售状态:现货,https://g-search3.alicdn.com/img/bao/uploaded/i4/i4/3022864289/O1CN01Kxhj7Q1hYPpEttHJ3_!!3022864289.jpg,//item.taobao.com/item.htm?id=987419091498&ns=1&abbucket=10&xxc=taobaoSearch&mi_id=0000en67LvqPBp0JlEHwBPyShqM6V-houb1gfT2WfJ6o2P4&skuId=6119324966867
745205516644,手办定制盲盒公仔PVC卡通摆件钥匙扣企业吉祥物树脂玩偶玩具定做,10,¥,,tb4914932656,深源礼品定制,,36人付款,广东 东莞,公益宝贝,,http://g.search.alicdn.com/img/i4/5157336262/O1CN01QAWLg41w83B1HMuYa_!!4611686018427385030-2-saturn_solar.png,http://click.simba.taobao.com/cc_im?p=%C3%A4%BA%D0&s=283973589&k=2189&e=jELIJENZjfSrjLDeIp6aSgBoQLMQ3KTf65TqRNxZLeEx6D%2BBwCvH1hrnXIRE7amf4jToKtuN0a6tOPMbrDT3vDGV3f78NcFT8%2BrYW1OqXOsiB8WSq6Za1PtPDjdOZgCe37jTVHiJbfCB8hDaQNo7UGb0rs12ZLW6mk2Zuf6W2w3zaYCJrdXqpH7UOzMVYX1zCWdQ29QwhWe9XctiCof6Bnv5pwP9mCCp%2BdaF6i0q0bUL48Emy9mMdS8%2BQCKQS12PVtDhRhNlJtgn5GdOIbXJilc54yUpjfQVmUB%2BvNpuLLhu1mLM4kopv192m7uRTmf3N4xrMgO73xaC7SsmiKwpkp%2Fl5tN0bn%2BaWRHACG%2Fm6aIieguJMaFDw7tt1ilgia7uDf8nVpThtapVEp7kWjdGVk8IrHoj7EOoZvHd1BnxMFUyEMd5nVqWFppTNAX168fIiSv4lP8CZkkOWX4a9zXP7XAo1xq0VCHka5ONVokXNWlToQFQDFSp2aJEVuj1kKgvHzcj0GXhE2bjM9XHpd%2B6tamCjcNKk3tfkVACMwhPt6DHBqU8t0uPuyINJ%2BXDiyU9GNiruIT9XTEc9IuS%2FQpisBew%2B%2FdFyoJr0nPSCqJliP5wDsYjc%2FI3n7uUyJxgcQH2OQ%2BlQr2fSFrakXl61o3yrbhVMHLu6ALdK3ZCqtNP7KPTJHOWCsJlD8bxDf%2BhmmPp3tSYshHpn0gKme1YKtbVqJ25oGrdB6tKX%2BdX4TyzFdt6CJYR70HdFObnDBhxgwBSnndWYGOI5vY9w2nTRilYgeRGrEneh7%2F%2F3mSstyixHNPniM0fk6G4HmZu6GMljfDe5EasSd6Hv%2F%2BtbOUAq9TxyY8rzu24C87MPnKdv28aDs4CPHReHsTRMMAcPCXjtMzJ3V6%2BymvaM1NWYbpKiy8v9juOZLAoc2UbT7UsX6MjThptycBhVNpiy%2B38546ZLJ4MRqAYtLqrUs0F3YHZEwa0dF3rRZWEAp5P2E5kwgbn20E4tqqF5jcvXvs6R%2B0h%2BUiPh1e%2BivGakCF7CmlJTpA%2F10gaYZoZBY5vjUoRg1gbc1a9Xtp8rxzhnaEbyL2JJ96pXYE5HZrmLP1vxHNe%2BJKcx8GUc%2BUUjv68moz%2BCUIeGlbCe6le%2Bc6dbGaCJTSDIrsw11AeTe%2FeaRPGHC2lrtDwwG52Fef%2BYnofpFYnwhINCpx6viPYhqoXKm5TMNg7N75R4VQiAzH7OkpjqkFIi0%2BzR7Vc9suMZjSashmChOkVuI27lMicYHEB9jkPpUK9n0ha2pF5etaN8q24VTBy7ugC3RB8CKSeBOoGR0uVtvqlg6GSvFNB1rzwz%2BCmK38MsPBfsb4QQHrClFYTX482WmW2c2%2F2K2eprQp1KpyWwC7rXhRaFNYjNqjt84Po%2B7CEsddShcsoCWG4gBBRRykI%2BgMiKyNoPVK9tpv3weqCYnfM%2Bzq8IlYggbw5vb%2FGweiw6HkPKA91%2FIUQqtNMEAvlyrVzhIHgB8UuoN7goPYZ6%2BhrMc0Pu4KiXdPFkMd2ds26FGOBgeAHxS6g3uAELy5YSBR1eryP1bY1Oz6z5tyALCqnpUOUzuhuIl1lgFcPEV1CjUD9uqPoN90MldGpST0tb4NjZavhEkcOkUSpqnYr7jFL9lZiLs2aFuCAJY2nEjox6H9BpdKoO0EYPLGDJAfRmf7KY0KOsbE9ilVT%2Fu07C%2FBLBWiC9Rz170GVcN5Wv0rGPoXFKMHeEAiKKJVHTpeinBQnH5r91%2BPsdPkw32SOjJBgNXVkGw6rvQYSNQhgnnMVWKT8PzDBVAD10XgrJet6QntnTdKgvxCyDol31xZ2E0NI5NzeftgNE3Bk2gUClkqiEKIpOuWX9YUQMlpdkx3Eo3dTmSbzWQvI62NCRodMshgaXWVV404oAdUE3ndz9r8G2pe2nndWYGOI5vbSB1igcm0heuRGrEneh7%2F%2F1l5HTHfVPh2x4gDFMZ347kfPxOrRgUsX1cjBhpe97S16x4ROPX0v4zjTZRJlj7vWSLpSl7Ceib9dJKB6pfDWKZ%2Fk%2BjcrZoJQfW84SyA4%2B5vnv5CzsXcfQDqnZq%2BRdhdUxlKF1vBoLme7AJvualIaI%2B38546ZLJ4MKlKFuI78OTH0ek8euvMRsa4%2FBI4yywL4NixvZ4JfSbczATNjZ33VRFEpv7x0yaclvRDLUWAXnQ8%3D&mm_sceneid=6_0_5157336262_0&a=xxc%3Dad_ztc%26mi_id%3D0000UzdYDgl-VUwE4D3FPtkMc5RADj7zJUk5snHIn3cBHO0%26skuId%3D5789979483490&id=745205516644
948433555391,【特惠盲盒】有棵树男士内裤抗菌四角裤男士平角裤男生短裤衩男款,29.9,¥,,有棵树官方奥莱旗舰店,有棵树官方奥莱旗舰店,回头客5万,1万+人付款,浙江 杭州,"热销爆款,  3期, 包邮",图案:纯色 | 适用性别:男 | 腰型:中腰 | 上市时间:2025年夏季 | 功能:抗菌 | 销售渠道类型:是 | 适用对象:青年,https://g-search2.alicdn.com/img/bao/uploaded/i4/i3/2215229833982/O1CN011CSOHB1fHoCmJxiSv_!!4611686018427380478-0-item_pic.jpg,//detail.tmall.com/item.htm?id=948433555391&ns=1&abbucket=10&xxc=taobaoSearch&mi_id=00008Rzf1Et-JO_XlUzNcMc0c2eFVSmgRk51OsMcJRP6iGA&skuId=6027262442547
743848939152,MINISO名创优品三丽鸥魔法物语系列盲盒摆件单盒潮玩摆件可爱童趣,39,¥,,miniso名创优品旗舰店,miniso名创优品旗舰店,回头客200万,9000+人付款,湖北 鄂州,"退货宝, 包邮",次元优选:IP联名 | 款式类型:隐藏款 | 出售状态:现货 | 品牌:MINISO/名创优品,http://g.search3.alicdn.com/img/i3/127238467/O1CN01r4jF9M2CPwNxYYHOR_!!0-saturn_solar.jpg,http://click.simba.taobao.com/cc_im?p=%C3%A4%BA%D0&s=283973589&k=2201&e=wUgaykm0CDOrjLDeIp6aSgBoQLMQ3KTf65TqRNxZLeEx6D%2BBwCvH1hrnXIRE7amf4jToKtuN0a6v5ahRcgvfgcrdLzFScn6%2B147HaJ03rkdQmgeWhbF7QftPDjdOZgCe37jTVHiJbfCB8hDaQNo7UGb0rs12ZLW6mk2Zuf6W2w3zaYCJrdXqpH7UOzMVYX1zCWdQ29QwhWe9XctiCof6Bnv5pwP9mCCp%2BdaF6i0q0bUL48Emy9mMdS8%2BQCKQS12PVtDhRhNlJtgn5GdOIbXJilc54yUpjfQVmUB%2BvNpuLLhu1mLM4kopv192m7uRTmf3N4xrMgO73xaC7SsmiKwpkp%2Fl5tN0bn%2BaWRHACG%2Fm6aIieguJMaFDw7tt1ilgia7uDf8nVpThtapVEp7kWjdGVk8IrHoj7EOoZvHd1BnxMFUyEMd5nVqWFppTNAX168fIiSv4lP8CZkkOWX4a9zXP7QH40beD41HIngNU%2FYm6ajnGpKpByHUCzNpv43May2ipSqbJZkBZkv0MBprPfl64tdAA5mvROP3zJgyMhxurVGzM3vnErJgYLVdESOvyNT%2B0i9dSb2YvvUX5krE1Y0tK5plGEYAosu8nnu68j6YvZXmvd9fyRXDuF3AnHMTkNOPJlQORlrhD7DX4C0W9rSkMfwn%2For3tTAu8i9dSb2YvvUVELFjjqTNIOqp6PyqiNK4%2B0yRzlgrCZQ8nOT1yzT%2FRyR%2BtCsHOBuNbzoJaAFgC%2B6vWIegdAkSSVMYIBPzOJKVBz9uvTvJ6yBAs1UvzAm75BDeyaykxfq%2FDx9KSeeQGGQrYn4kh8YXTFc677ou6uqJFwy%2Fdua%2BYs0tek2JOn5g9cc9DsebWz%2FJHWpTDV7x1EO0E%2BMgBl9%2FigModVm9KoJ%2FEunG8ZbKDSMtqcY34r0lgvnp18nncgEu4HGcJ2Jfv65JwY48%2BMltSEaJrhXVU14sSO6nZlGee9lbeWNPO%2B3D4ZgLIGFmq%2FO9HpkLtS9fbQw0fMHWcIhFXcI%2B%2BFCEi%2B2Vv%2BRqSTxTosbI6BTYKsbfzt5YHjMURJgx%2FPIIbCuXjQHZ2%2BjaV%2FNLU6b1WhAFeFjlzeJdCQkiji%2B9Q%2BYiWzXqa7%2BLspwodNwBkT9jKPc0SiNtVXohAt0fxpS0iyJH8awKS%2FWYCT%2FI6RlOklRePde6t74lVGnReb6VPOoaPsPpHTr1gKD%2ByThZO4YtsfGcqnoZXcXqnjjR7d4t14QaWWr%2BlIAdtNJ5uJspE6iUatJRMIUpSm61BKGlLRQ7%2Fi1XufGXB2J4VRmOQOe9e86NgzhhsNwA6%2FpVrAZ%2B71ZXLVYe2rSsYL%2FbDgJ9r353RYVvL2kNOiaNMp%2FraAO2wzJlkD2UTjlmsswwHKRMhTIKlQQi%2Fbk7N%2B5oCum9jWghN%2FHEduLOqTSo525Ibn7rZPacFBq3Y3eY2H5VXCRnZ3SnPeHXSRCRDQgS%2BQA%2FbPo9uQdcOGgjRDcysx2ObIe5qcY34r0lgvjLLJPBdvBu6v1vfDMTS0eA9swK03Fl6impxjfivSWC%2BhffjLFY7e9JbjvhgvYsJKK%2B3K3D9XQ8%2F87SEY8CR7n0D4vjMSBHZKMe4mJ%2BcqYT98ZCkYpTxfNK2nbLhCDhP6k%2B2fjK%2F3suRlcJkCZzPmKW8%2F7ODHH8woFhGzvPFGGWRlOpgUCaCLLDBFZtJCr11Tm1AlrSo%2Bp1yyXG9SasFbH7S4K5IeQabJ2dWzSXlloCYzz5roaGGS1BzRs967dmRcntqR2FS5wLSyhRxg9u4XwGs0aEjSqkF2JzkSY6kp124B4jhF8uEKO4rJet6QntnTYUbn0syavquq0vl4sKMg1fCLmmS33qfba%2FkEqbQnDpmM9G0wABLxVLWcqPH1Ew9j39B%2BY27itjl4N3jJ0KYbbkRArJd6DtaVS6OUhXQEixoKF2bohiAbn4lPXwU17B%2BK98uj7NIXiXMeuChtAV0coEqRPjXKYfCl%2FFvUJIFum0MInNL6%2FZsCK2V8Z8fhpYUL8Mv3bmvmLNLXpNiTp%2BYPXHPQ7Hm1s%2FyR1qUw1e8dRDtBPjIAZff4oDKHVZvSqCfxH6OXy2WKYYHMCoWnJ8AM9nP269O8nrIEChSEGl5UtUmlEbvZZKI8WahCXofAipMcEmkzxtf0duVrKCu7t0%2B4XMJ8Cu5pJdMnCNoPVK9tpv3weqCYnfM%2BzpYG38Tduducw%3D%3D&mm_sceneid=1_0_127238467_0&a=xxc%3Dad_ztc%26mi_id%3D0000ciZWTC9iTp2jI3y27Q2EKZRkNUQywKnx1KkcsBwu2bE&id=743848939152
691171948601,POPMART泡泡玛特 SKULLPANDA温度系列盲盒 sp8代潮玩手办玩具摆件,69,¥,,三大王1988,大叔盲盒屋,5年老店,7000+人付款,浙江 温州,包邮,款式类型:隐藏款 | 出售状态:现货 | 品牌:POP MART/泡泡玛特 | 选购热点:淘公仔,https://gw.alicdn.com/imgextra/O1CN016QjlHq1zfQzjOXIWM_!!4264626741-0-picasso.jpg,//item.taobao.com/item.htm?id=691171948601&ns=1&abbucket=10&xxc=taobaoSearch&mi_id=0000RtQOKo_Tq4r1jX3KrPCxRoAhezSoyzgqxLZ2wNjWNmU&skuId=5087915587014
970753284124,稀罕的原创红楼梦主题国潮文创盲盒潮玩收藏手办摆件送礼,68.42,¥,首单价,绛红宝鉴,绛红宝鉴企业店,,100+人付款,江苏 苏州,"直降4元, 店铺满320减8, 淘金币已抵1.58元, 退货宝, 48小时内发, 包邮, 公益宝贝",款式类型:端盒 | 出售状态:现货,https://gw.alicdn.com/imgextra/O1CN01GNcRgL1fRQZTgw0nr_!!2217280974003.jpg,http://click.simba.taobao.com/cc_im?p=%C3%A4%BA%D0&s=283973589&k=2401&e=EyHDKGOBsc2rjLDeIp6aSgBoQLMQ3KTf65TqRNxZLeEx6D%2BBwCvH1hrnXIRE7amf4jToKtuN0a7vxfadNX%2BpC%2FkzVKIitak36mpkdotx818%2Fn%2FRoI9EOu%2FtPDjdOZgCe37jTVHiJbfCB8hDaQNo7UGb0rs12ZLW6mk2Zuf6W2w3zaYCJrdXqpH7UOzMVYX1zCWdQ29QwhWe9XctiCof6Bnv5pwP9mCCp%2BdaF6i0q0bUL48Emy9mMdS8%2BQCKQS12PVtDhRhNlJtgn5GdOIbXJilc54yUpjfQVmUB%2BvNpuLLhu1mLM4kopv192m7uRTmf3N4xrMgO73xaC7SsmiKwpkp%2Fl5tN0bn%2BaWRHACG%2Fm6aIieguJMaFDw7tt1ilgia7uDf8nVpThtapVEp7kWjdGVk8IrHoj7EOoZvHd1BnxMFUyEMd5nVqWFppTNAX168fIiSv4lP8CZkkOWX4a9zXP7ef9%2FbihszmaveE%2FSDexKuE3XxJw5pKj7QFyshl9zI8RymSd%2BX4614bTTef9kIlUK4ytgVQjch3LNkJZ3%2FBsOEx%2Fs%2BeYKPOspD3O6syrtlZO55eUnJU98qiMdWVQPn3jx3EwO%2BCT6FoSZ0NVy%2FIgqSo0S8XI%2FPwd5ICyq5KVxH%2BrAIYF%2FZssJQkUIpZkPQ5MIyrtdIfMF%2FoULMjrUm3Apn%2FTJHOWCsJlD8bxDf%2BhmmPp3tSYshHpn0gKme1YKtbVqJ25oGrdB6tKE6Ah3oAUgZaMrYFUI3Idy7URgst5qSTLZGb7%2BjDTSiDBqyQTvmT7LT9G0nmFgHltc59y%2Fg5czE0D8RobBh3TSXHxuy56tjO39KXHVJLQaAhtM5F6aUUvqDo%2ByJMG%2FKOBfR%2FPSaAHy9BHDt%2FQCIRmYa87NQEo6gJZinBadp8i2vb4tHxQJ1eLirdyCUinYAuw64upfFWGVZC4ChHcbPvs0X5kNiBDK8%2F6w1gkCa2%2BCIKKij8rnf9u7G44ZfVb4kk0YB0EiQ7Nq8Oj4rsrK7YSI8YVQNaDh6zfKH50cOmy%2BSpgYpB86tWk%2BgxHMo5I472BMubPJMEjFp3kbcopHqCzGdJB9gQWa%2B95H7NMUFMUPRyQzeqtIaN%2BpNm02eCwkH0WWNSB2USOC50lqYVJseXnwugvjB3Zi%2BMewbZ93fKxJaNFrYwa7lPzxhTqh5gl%2BMr3cIWOjTrao5jv22TjRteISJvpWaZxaRgqI7lGZrNCZFwjiHcr6fhdpt3ju%2BcJUwReUxyQowIUkoUKi%2FmHk8FgysadmBCfxiuSAHZlfWG968mFT2XInMG9LW89SaWd3jO3VrENQjkHLIMg8SBkAV3HGTufV%2ByYwLX5NTwDEsp6xtLS0eDLc6neNwfAIbmHSVMZ%2Bf6%2FAnQaEsl3%2FT9%2FfO%2FLIAY7zZExuZBQCVkt%2FNsH%2BUKv%2BnL5ZY%2FA2MIvVsxItkx9Dm%2FR%2BY%2FLeH856nA20vv1%2FjVFwusqt7hcMwEzY2d91URRKb%2B8dMmnJVw5k13y2yWCmN0NVGzcefAZqtjftsUhKizZkW3FwT8ifaxlmGayvGiO9wU%2FbHcP2A2H8jqdvkUGKY59txwKYbrGRBXZ84T88pjfchCad2caLA2D5xc8Uk2ufTXyhDZFh0LxHV22qbaUrPHJcogWgUSyZgTzdpUDNqY1XAn%2BQQZpQvEdXbaptpSs8clyiBaBRDmEbGQu9OAYD4CEy5%2Fl3vOA0tP1GkGAtCrUQXLo5T8aG9%2FZLYqTZewTghjTkLDyLCGX%2FbYPbPm1WWNddTlV%2FnOh45lECgGDLFhGzvPFGGWRlOpgUCaCLLBKPVRGEv92T3T3cEx6cfwodUnHWyWo%2FzbS4K5IeQabJ2dWzSXlloCYPtFRlHqOKUYOfbKDdtUdRmHzGn5LjXfFHhOgI4mrGvn6fSDCb9gw8P0OU9Jw%2B6ybQgik53wG4nVQpOQmJZ32vjLOr9Jb54ORyicDsky0NNHZyR5r18gsJywfyA5qgDwVHyPITEN%2F9DCatBQq%2FfJ6%2FM1n98EXrje7yOTHjczySlfODATY%2Fdt09C%2BmWvOea3%2BImM0IIlg3n2bYefB0L7L5xlkhsSQBFTBzQaTuHBESaZaIFqpujwHyKwU%2FWgocmzv39mtPIUrXeOBrvdJqTnH1MWg1cn3w%2BRUEOukBoAzg35TfGI7IZMEPafCfhVhfRL55BPjIAZff4oBICAj3nO59QRVaI13Ic%2B0LtOPFDQ3y3Ho7QWbEaKYumkMK9EPFzkjN5EFxVeppIo5Ni%2FBJ6bfdkFi1JpnSlZRNdymekpmt8DpuQ8c2BqMjGYytgVQjch3LZV2cqkvr3w9uikwRjqtNbVYSxlpjqeBkcTA74JPoWhKoKRWDE53SBtbCc1x%2BdmHiy7rb%2BO0RUK7nuNzk39q9c1zXabxpxeN4&mm_sceneid=1_0_6445106444_0&a=xxc%3Dad_ztc%26mi_id%3D0000V-rBmuJ0BlGpmX9TQsAxe2rPsStlqYwrLpJYkmI0NbA%26skuId%3D5515125241114&id=970753284124
969941449882,威远式改摩动核高达盲盒曹仁白起赵云敖丙拼装模型布鲁可MG玩具,28.8,¥,券后价,tb277266574,老衫君潮玩店,,500+人付款,广东 汕头,48小时内发,,https://g-search3.alicdn.com/img/bao/uploaded/i4/i3/2216419697613/O1CN016pAltB266oKoIYY4p_!!2216419697613.jpg,//item.taobao.com/item.htm?id=969941449882&ns=1&abbucket=10&xxc=taobaoSearch&mi_id=0000r9GB-fOWyz3Tq03c_8LYxG_y_MVtlnu7IpmAU9TgTZA&skuId=6084505843101
1016940572772,DODOSUGAR Wendy好运已来临萌粒盲袋潮玩盲盒新年礼物小手办摆件,14.9,¥,券后价,dodosugar潮玩旗舰店,DODOSUGAR潮玩旗舰店,回头客2万,500+人付款,浙江 丽水,"超级立减12%, 退货宝, 包邮",款式类型:端盒 | 出售状态:现货 | 系列类型:联名系列 | 品牌:DODO SUGAR,http://g.search.alicdn.com/img/i4/5433277087/O1CN01o6pPSf22Du2P8oaVN_!!4611686018427386527-2-saturn_solar.png,http://click.simba.taobao.com/cc_im?p=%C3%A4%BA%D0&s=283973589&k=2393&e=IzJpJWP0RvKrjLDeIp6aSgBoQLMQ3KTf65TqRNxZLeEx6D%2BBwCvH1hrnXIRE7amf4jToKtuN0a5PmbNhPhlXF4GzjieIpPBxWlAhfxw6PM8%2Fn%2FRoI9EOu%2FtPDjdOZgCe37jTVHiJbfCB8hDaQNo7UGb0rs12ZLW6mk2Zuf6W2w3zaYCJrdXqpH7UOzMVYX1zCWdQ29QwhWe9XctiCof6Bnv5pwP9mCCp%2BdaF6i0q0bUL48Emy9mMdS8%2BQCKQS12PVtDhRhNlJtgn5GdOIbXJilc54yUpjfQVmUB%2BvNpuLLhu1mLM4kopv192m7uRTmf3N4xrMgO73xaC7SsmiKwpkp%2Fl5tN0bn%2BaWRHACG%2Fm6aIieguJMaFDw7tt1ilgia7uDf8nVpThtapVEp7kWjdGVk8IrHoj7EOoZvHd1BnxMFUyEMd5nVqWFppTNAX168fIiSv4lP8CZkkOWX4a9zXP7ef9%2FbihszmaveE%2FSDexKuE3XxJw5pKj7QFyshl9zI8RymSd%2BX4614YuPeP5KTEwNzJRSMxLyI5JjVSkAI0RH%2FeHab3fEllGnen%2FZ3mCgR02C1I0sv0%2FW1Q4a3SbMm3T7jrFxhQ1w%2BH6wFBgfcbw7fIIX%2FShZHliDUuclcnjN0WKx2mf8uL4DDBzeTLZk7%2BKdHutlbdrOeaRxZzTg37D%2FdATLLDiXCkewiPXZHpJCGeVy7d42sFLfoxfbaS8dIgAgVGF8RJron7Sss6YI6IfvMfwbc8kmrFeBfNsm8Sw74ruYhMBwsFO8uKF%2FPFlfbW9BQ%2Bc%2FbMq%2BTim42U8FinVaALGYHSt2%2FCCXoUWDoga6WSMqcxsmxxdV14b3TE6LDQFKaCd4rvRB54N5GNC47A1fDBBcWBmboxYewACpIClln%2B21NvbKYgKzFMlJEciDkodsbCF%2FG3y1hu4iB22tW5JjVBoqMjHPCwLyM8r%2BKDlmcxUbjhl9VviSTS0r7NOs7OrSlMkWfjWKhMvJi3O2%2BZgX0Q68LeIq6P3YdD1N0O4jBPyvEUjqEw7JS4y5s8kwSMWneRtyikeoLMZ0kH2BBZr73koHH68RD%2FYlZDN6q0ho36k2bTZ4LCQfRZY1IHZRI4LnSWphUmx5efC6C%2BMHdmL4x7Btn3d8rElo0WtjBruU%2FPGFOqHmCX4yvdwhY6NOtqjmO%2FbZONG14hI%2F2jD%2B%2BJuQyE53yYruo9ok2g27C8cyAP63eO75wlTBF5THJCjAhSShZDN5Eu23d256i43DSNLYT8AdmV9Yb3ryYVPZcicwb0tbz1JpZ3eM7cIX%2FShZHliDUuclcnjN0WKx2mf8uL4DDBzeTLZk7%2BKdHutlbdrOeaRxZzTg37D%2FdDFtWZaA5G2IhJLhZfR9SCqBjvNkTG5kFAJWS382wf5Qg9BOBULVTFGCZwdLyDqr7UOb9H5j8t4f7i2gLdqzmPu38HZ1hfJfHAzATNjZ33VRFEpv7x0yacln7CsXCJCxmtRJoocL2hv9Rmq2N%2B2xSEqLNmRbcXBPyKijXKkx0MFW6VpL%2Bqy%2B5X0M2nl1J1rJKtFaEqumlTovlP8MULvgzW%2B0JUlliW7gaxkfT4u5Bk5ZnRjMVSYXcimhZiLLwq8wwpOdlKvtNWah7EYum7VyuihL50D7ADQebaszboQeuYeP5ioRbxfpmVBuETgTL6Ba%2FwKZ04KjRitMmtUjf1F478q%2B08ON05mAJ6KjzdlsQXi0ZhxgAGvbumIqKe5hpY2su9tJH7g608bKBGFem6NRSc1hd94WTpfF7bf0TYdlvX2Zed62rY6AJJut5Gm0D9geAmIvtQ2TXxRSsjTpc2F0EoUcUttr%2FH7keyxzpTVGAzF55zz2MDCnUiZ8trb0Xxr9EBcByEUKrnduuAByA%2F2wpDX2QnEVpGfyGF5YKXmLiHTbpPg2BcDC4LpA%2Febt8QaC7lgU8HrmvBEeyVSKqsAYyfb797xpPzmAuEzdGPwXRPy4vNoi0Kv1pF5pCCEY929SlewmO7iQlwA3IgvmhISl9uubct6bNbNq4qJb8NaDIL3Y1zswZhVa7UoY04hqe9qRrEMLZdK6AybEmBLLQAmaEkYOGtxTfNQ3qQDYYLwXa6aXj%2BYxNC5Bd03JPigM9L3%2FWGuasaRgqc2eqqkiVFgn89NGB6VsuEjAW05Td%2BGEpH5rFcTEPOG8uFqN0LEUDjQ3p7o7goE%2BRl02F77nOVHdyBGKjATo7cfmFTpF19GRUdvRDAwz%2FZqZqTQzPeT2vevI4pYtSaZ0pWUTbsPoAzrZiW10bafa%2Fbu7bwyUUjMS8iOSZvh1Qt%2BT5H%2B9EAmUuT%2Boy4JnB0vIOqvtdm6bHZdy2WFhMXFWBENpGAJ8Cu5pJdMnCNoPVK9tpv3weqCYnfM%2BzpYG38Tduducw%3D%3D&mm_sceneid=0_0_5433277087_0&a=xxc%3Dad_ztc%26mi_id%3D0000-2NIUI499tkF1vMfqaBCKCLLQtFib8gGKsc0ZvVBHiY%26skuId%3D6187989575757&id=1016940572772
985607017826,礼物二十四节气盲盒春生夏长手秋收冬藏系列娃娃手办整套立冬收藏,28.35,¥,券后价,天天特卖工厂店,天天特卖工厂,买过的店,500+人付款,福建 泉州,"淘金币抵0.4元, 退货宝, 淘工厂, 包邮",款式类型:端盒 | 出售状态:现货,https://gw.alicdn.com/imgextra/O1CN01TlD63d2LY27gUauTb_!!3937219703-0-C2M.jpg,//detail.tmall.com/item.htm?id=985607017826&ns=1&abbucket=10&xxc=taobaoSearch&mi_id=0000e2nQAtPLmqxzOzGfQwKp_BTIxrx8ZaMBdLzvXBjCEJk&skuId=6112876946175
1013776533725,高达万代大班拼装模型盲盒独角兽MG模型机甲玩具红异端RG手办福袋,19.9,¥,,tb9273887,大T模型店,,200+人付款,广东 揭阳,"48小时内发, 包邮",出售状态:现货 | 版本类型:大陆 | 品牌:高达,https://g-search2.alicdn.com/img/bao/uploaded/i4/i2/654565088/O1CN01uVp9Yr1nSMEGLWKLa_!!654565088.jpg,//item.taobao.com/item.htm?id=1013776533725&ns=1&abbucket=10&xxc=taobaoSearch&mi_id=0000hUzvmmBTf5X1O47Xj9in6sUQS2uDYDCLIB1yX4dVf60&skuId=6181899026505
750727692205,pvc盲盒公仔手办定制树脂摆件钥匙扣挂件订制潮卡通玩具来图定做,10,¥,,tb414848063066,致汇玩具定制,,82人付款,广东 东莞,公益宝贝,出售状态:定制 | 款式特点:静态 | 商品状态:预售,http://g.search1.alicdn.com/img/i1/5284505594/O1CN01AFYyW21rC6akp2j9Y_!!2-saturn_solar.png,http://click.simba.taobao.com/cc_im?p=%C3%A4%BA%D0&s=283973589&k=2177&e=mp%2BlpsS7F1arjLDeIp6aSgBoQLMQ3KTf65TqRNxZLeEx6D%2BBwCvH1hrnXIRE7amf4jToKtuN0a6X7nCI0PWdtK%2F5KN0sT20W3qoN2NtxtTw%2Fn%2FRoI9EOu%2FtPDjdOZgCe37jTVHiJbfCB8hDaQNo7UGb0rs12ZLW6mk2Zuf6W2w3zaYCJrdXqpH7UOzMVYX1zCWdQ29QwhWe9XctiCof6Bnv5pwP9mCCp%2BdaF6i0q0bUL48Emy9mMdS8%2BQCKQS12PVtDhRhNlJtgn5GdOIbXJilc54yUpjfQVmUB%2BvNpuLLhu1mLM4kopv192m7uRTmf3N4xrMgO73xaC7SsmiKwpkp%2Fl5tN0bn%2BaWRHACG%2Fm6aIieguJMaFDw7tt1ilgia7uDf8nVpThtapVEp7kWjdGVk8IrHoj7EOoZvHd1BnxMFUyEMd5nVqWFppTNAX168fIiSv4lP8CZkkOWX4a9zXP7ef9%2FbihszmaveE%2FSDexKuE3XxJw5pKj7QFyshl9zI8RymSd%2BX4614bYnITclLWFqdFft0mo2JuyZWB%2FglWejyTmBxD1igh2RvXCIyaVQ6fqRHLF8ahNZG52c7CmaTVMMqpHfTQtXSavIy2XQRV3Mb8WoHP1ry90nP%2FMPEQ1EwuxD5hHuae%2F6Hntw855Qg%2B5tUyYT15PS0Wbd89Uo063W5WBGUtuNIJaneKF50A4kNizJhTYoMx9RXpRhfESa6J%2B0rLOmCOiH7zH7%2B7cSZUdfq%2FWNvDf0WHkV4zIr%2BjNQQHGBgFV2XB0T4wWOeUWzJU2rkv9hp3r63TLofLLVODdX28j06a0WaZ5XBY55RbMlTauU%2FY5cepw3M49vTkrBZSFAz%2FVtnAt5GeWCp63YK7wub3dXr7Ka9ozU89DsebWz%2FJHNu2gnQ35aP71IrzERvH8igcBGSX%2BYS93UjU4dI4kD79vlNLj799irxeqk4yOvd1a%2Fi8eoBaoiLvE5woDen1ZDHyh%2BDJZodMfDVqyGRIe3FmQBZFygFYdmXhj50DZJmaztN5ut8w%2B4t8UlYp8NHmQ2X%2B80NHpanIhWEmQReqBj7YtJSfHjjfhBS99nzMwcEyYWNjubHswdl0azI2tjXCgxAi5hDSplTKeJGJfKVzBg%2BicKOhCXlJYBVxyljJq49JgsTvP0SgVOQSGwCyIpXiaRWnDVEHusrbmdIn8J%2Fi2y%2Fe6sgzexBS1FcritAVYZrkpx71myOiU8FKdynq26JAc6AQHDvl0JKUeFqBz9a8vdJz%2FzDxENRMLsQ%2BYR7mnv%2Bh57cPOeUIPubVMmE9eT0tFm2yXeBKFondh8ao1GRzIrtWA4xyMEPIM0G%2BhxqITcwnDPgbhP3tuYRoGO82RMbmQUAlZLfzbB%2FlCckXghsHYb1nnDS497D%2FTyAhCYz5FCMfnrroIJGBBUZUNdMGOFlKv89Z%2FOFcGO1H9AFyJeJxNLlUgEfePYM4O2VEnfqcrCso1AiyEE3QUtgr6U2cw1K8y78TQI2T9dm3PmKhFvF%2BmZUEZijWXJkJFUPpTZzDUrzLvauvojZbWWFhkVgAGRxum4FCCLxh2sNukLV34xQSIVbLxkKRilPF80radsuEIOE%2FqT7Z%2BMr%2Fey5GBO4tX41KRHCl5p2AjYgnX%2FUTJGkYCT9HKFHGD27hfAS9%2FqH0ZWLBbiOp3SsGabs4kgdKjL%2FnlHKSV2gmRORqD9uj8m%2BI04tmdJZlkAlzE7W6h8Aa5RdlzeWCl5i4h026T4NgXAwuC6d8x7NMhg%2F444zL%2By85nAVoQ6JGLKZ3aAoLoMGvBt6X%2B%2BeAb9RqnWrTxRsrE43FhE0bzxdqTgqPKsJju4kJcANyIL5oSEpfbrm3LemzWzauKiW%2FDWgyC92Nc7MGYVWu1KGNOIanvakaxDC2XSugMmxJgSy0AJmhJGGdD84F%2FXAEU1mOgK97ueBIWOeUWzJU2rlHLFYMLuU7wxTYkjJ66wj7iODhWpkSM0dwTE9sUM3%2FhrK1buYKR5PzQSEGB4%2BqI4k4Zq4VBMeQfFmbLDwJrHwt9smVBMT6Dl8AcPCXjtMzJVAd7cM%2B5LKr1cyZALJTqhvUs%2FrXYIwV1Gxp0271PLUxvlNLj799irwFocda9qLqyA9hMdynrhu7nj6vKuvdlOqpOmwkc3OiCAZi80eSmfiyMi%2BfdFf4N3HQ6vZUvjair&mm_sceneid=6_0_5284505594_0&a=xxc%3Dad_ztc%26mi_id%3D0000ENidByfrdQOyTkWpxQM4TSGHVJ8vs9u2am5knKIDX-k%26skuId%3D5595617452318&id=750727692205
842901919258,泡泡玛特Hirono 小野小王子联名系列盲盒手办潮流玩具情人节礼物,16.5,¥,首单价,tb5969030_2011,百分百正品盲盒商城,9年老店,4000+人付款,广东 佛山,"直降2元, 店铺满30减3, 48小时内发, 包邮",出售状态:现货 | 系列类型:联名系列 | 品牌:POP MART/泡泡玛特,https://gw.alicdn.com/imgextra/O1CN01KDaWh420FcHdNnky5_!!732276820-0-picasso.jpg,//item.taobao.com/item.htm?id=842901919258&ns=1&abbucket=10&xxc=taobaoSearch&mi_id=0000sSroejCfvq0-f0UCFpV-oGd6VX0dVN1WlUD7GvIyfY4&skuId=5897288927233
,,,,,,,,,,,,,
,,,,,,,,,,,,,
1004078182382,2026新年马年活动抽奖箱盲盒摇奖盒子年会幸运大小号抽奖道具KT板,8,¥,券后价,德智润玉设计文化墙,喜辰优礼企业店,,2000+人付款,广西 桂林,"官方立减12%, 包邮",,https://g-search1.alicdn.com/img/bao/uploaded/i4/i2/2214790182784/O1CN01PdigUw1WR7l6Ca1AT_!!2214790182784.png,//item.taobao.com/item.htm?id=1004078182382&ns=1&abbucket=10&xxc=taobaoSearch&mi_id=00001YmWy-By5qqDvEQ2FWGTsO8ds4BafxTUSsGJOXxaRm0&skuId=5996643084420
1000258028216,疯狂动物城2系列周边盲盒手办朱迪警官摆件车载玩偶礼物新款,11.8,¥,,每日品质好店,每日品质好店,8年老店,900+人付款,浙江 温州,"退货宝, 48小时内发, 包邮",出售状态:现货 | 系列类型:联名系列,https://g-search2.alicdn.com/img/bao/uploaded/i4/i2/3214484879/O1CN01VVesbp1ludVsy0yl0_!!3214484879.jpg,//item.taobao.com/item.htm?id=1000258028216&ns=1&abbucket=10&xxc=taobaoSearch&mi_id=0000tyl0yxlEiJGl8BE_M-iWl7_dYYkLdLMMPOkhIiIacc0&skuId=5989383921387
968320108188,原谷动漫人鱼陷落甜梦时刻搪胶毛绒潮玩盲盒可爱玩偶女生公仔礼物,69,¥,券后价,tb458342223734,原谷动漫,,31人付款,浙江 丽水,"超级立减12%,  6期, 48小时内发, 包邮",款式类型:端盒 | 出售状态:现货 | 系列类型:联名系列,http://g.search1.alicdn.com/img/i1/7238045350/O1CN019k4Q601pOM4YDkfkP_!!4611686018427383462-0-saturn_solar.jpg,http://click.simba.taobao.com/cc_im?p=%C3%A4%BA%D0&s=283973589&k=2401&e=cq%2B8QFewheGrjLDeIp6aSgBoQLMQ3KTf65TqRNxZLeEx6D%2BBwCvH1hrnXIRE7amf4jToKtuN0a7NuR1r5Zs1Ycq0OnG8MfEjltaE6ojA%2F3QiB8WSq6Za1PtPDjdOZgCe37jTVHiJbfCB8hDaQNo7UGb0rs12ZLW6mk2Zuf6W2w3zaYCJrdXqpH7UOzMVYX1zCWdQ29QwhWe9XctiCof6Bnv5pwP9mCCp%2BdaF6i0q0bUL48Emy9mMdS8%2BQCKQS12PVtDhRhNlJtgn5GdOIbXJilc54yUpjfQVmUB%2BvNpuLLhu1mLM4kopv192m7uRTmf3N4xrMgO73xaC7SsmiKwpkp%2Fl5tN0bn%2BaWRHACG%2Fm6aIieguJMaFDw7tt1ilgia7uDf8nVpThtapVEp7kWjdGVk8IrHoj7EOoZvHd1BnxMFUyEMd5nVqWFppTNAX168fIiSv4lP8CZkkOWX4a9zXP7VebHs6NYrkUm%2BLznguDRiDG8gctwOh8L%2FNBhPxvvzpAvu0L8YFyidLIM30URlmWlHIOsEkvt9pXPhiacIsyB5J2dN%2Fp%2Bvyiz1U21psMAyvxNT30Yv6F6ZnWi8BmsEyt1CRkeffmYnvof%2B28g0M43nLujVklHjkyK%2Bu7jR%2FPQsxdoUSCFEMe9DsqqEOkQHJg28%2FCuly4X4hNe9Ra28NU27fgotsgfsDl%2BMAThxf0r%2FaMA%2FtkOy%2FhLisa0EdcMoQvIluQvgm7zbKfJMDuBMbpyj8ubyu6mM7zg4l2JDxl%2B9xWOPr8%2Bvk499J9NHRE5yBEWX44q%2BQBB5jlBSgJtMBZs6s67x9T4MQ0wp1ox9JZUXMOqff4%2BjrYIkkzRM%2B0FLi9O33MthWjWabMB2krVvaarOPzaX2dbs9XRsSlVxj%2Bg5Qk6zBoR4ui0JQhWXyJBcur8%2BpamUxt3KV7cD0dScD%2FUZHE9oG1ntU7uLN1%2BKRJOVkiOPr8%2Bvk499Jv%2FC6qZv07qqHT9keWkA7skIPcDLH2Fni0xlK3mXXBO80NVACNfDSeUmcxGcRd%2Fe1ha4cxlqewWci4%2F7D5afIR6c%2BfRoxoMJvG7YN9HkAbaqH%2F4YlcKxO0UJMCviewRqgKiNzKKpyfqz3OdlZjTRjQxykP%2Bs1sP3Z%2BzAxbvmCJe%2Ft1Hsax7zgHD1q16uaLh8%2FA7OmsqgcX4%2BEVsiPYmISeUg%2F44x6kzNXZyoyDHLM3BXtEre4RzOgy%2FLwk9nHoy%2F9BnR7cE4N8%2F6Gheod7T2q%2FIIj%2FZV6%2BKvB%2F0zabOBAKdED3PHzwv4AwYHL5qMbsWmuPn8t9ADuWa81HgdSGhi4gHpuEv%2B%2Bc%2BgDq2FM8S5mLaZ%2BVqMQs8437P7XcjuoMUy4%2FoekS04Z3llC89XGgqJaMaitroNP13RklNIYeeWqSUzawqb5c%2FNC1Heam6c0vC7CBdhrCwLtCJw34WbiYGGoEtwq0N43bqZPzAqcVuH1hekuhA1KrnmNkZ6gtHhRjF3%2BhpQWKw9GLJr43hOW7IiJaHf2W9nU6wtImlF%2F5LwxRl2kakGLZOH2CVTDug0Z5ccHM4W87bcTeoYOEgJF8S%2FU%2BDr50EkTLrwdsB%2BQt14e1riSt1lXS0MQEIzl7KAfu76f2NiXPoGw%2FoEXMWGJ8JL2AohVPo5Xp2kjgdgkwCV6ymblV2s9blUYKv1vfDMTS0eA9swK03Fl6iq0jhJch113vTu0WJm1kYToY9%2BfMlwBj2lTPq66gy28pKQOHbVVtGDvUsWfFxsR%2FT%2BI0k3IvpbLmI9z9u1W5MQRqDrUmwa6qHjjf%2BBHorXUmE9QeP6suztuRUKJNRdGaDkIHD4Eu%2BLDVH0IgRXiRqKTvmX8AxR4jN9z5jL9cDMVeEq24n64zV2KDWIr%2FaiV9h%2FtUYqdg6ohrDMH%2FDlEDAZLImVgTX5Lmagl1o8PyMfI%2Ft5Gm0D9geAnFO37kWGV9Qpe3QIJRy50OJb5HkArSQxcI5ve5DAuTCysBDIyCAfI3RhP4tHvFTMZKbDGRrbM4bgbBGWF9r06uTjJxDcuXAEPJHwn2u3F9Fi%2FKR3mi1ZaLwc4hj59AQW8kpry4%2FG2yssvi17WU2Y3T61Nc9ggaNxETAkjsycufgbDMmWQPZROOLFLkE7EGY70fUHzY5IFnrzWyLgqNLJeOiNu7uu2fy9o%2BrqCH0qrcPiMYOuK5HACSYUQm88jxuAhSCefiD833w15S%2F3Hm%2F9%2BTF84pCEpC7yYsSyWERNkJ9Qy%2BGX8UaKLppmFCEcHLbODZDrI%2F8XZutLgKEdxs%2B%2BzRsEmMaZ%2F2P0pvaF1SpGAlARxYMsFFbX%2F7aQvVH3hdtqymaNpQ%2FcPi34F2GsLAu0Inb%2FP3mv8YN2Jiavs0J12SpuuChbJP%2FPgTAZi80eSmfiyMi%2BfdFf4N3HQ6vZUvjair&mm_sceneid=0_0_7238045350_0&a=xxc%3Dad_ztc%26mi_id%3D0000_0tOBwFnSicxn-BZkc7bbx2b5pwYov0__L8M0V5tMJM%26skuId%3D6191475523556&id=968320108188
955489397117,儿童节创意diy玩具卡通积木益智小礼品生日伴手礼小学生盲盒奖品,7.8,¥,券后价,na年十七八岁,十七八岁文具礼品店,回头客5万,2万+人付款,浙江 金华,"超级立减0.36元, 48小时内发, 包邮, 公益宝贝",适用人群:儿童 | 场景类型:祝福 | 货品分类:摆件礼物 | 适用节日:儿童节 | 包装种类:简装 | 风格:卡通 | 修饰词:益智玩具,https://g-search1.alicdn.com/img/bao/uploaded/i4/i3/2771154824/O1CN01BO70ST1lVRjUwvda5_!!2771154824.jpg,//item.taobao.com/item.htm?id=955489397117&ns=1&abbucket=10&xxc=taobaoSearch&mi_id=0000W_cHeHVuzKpBt-9MBaPL6jub0IDHEgYIe-JVJfqq6TE&skuId=5754683928343
1014407512147,特斯拉（Tesla）官方 Tesla Bot 摆件 （生肖盲盒版）,199,¥,,tesla特斯拉官方旗舰店,Tesla特斯拉官方旗舰店,回头客4万,700+人付款,江苏 苏州," 3期, 包邮",,https://g-search2.alicdn.com/img/bao/uploaded/i4/i2/2207358874742/O1CN01L7Ogxj1kttGVjU3yG-2207358874742.jpg,//detail.tmall.com/item.htm?id=1014407512147&ns=1&abbucket=10&xxc=taobaoSearch&mi_id=0000cpaOpSuP3PNH2AzHsBYYlg0so7tZ7xLOw17pzdZNE50&skuId=null
1011478856528,有意思星球-LUCKY 初心鸿运潮玩手办 新年限定摆件盲盒模玩礼物,399,¥,券后价,有意思星球旗舰店,有意思星球旗舰店,,6人付款,湖北 武汉,"官方立减12%, 淘金币已抵5.98元, 退货宝, 包邮",品牌:FUNNY SPACE/有意思星球 | 系列:LUCKY,https://gw.alicdn.com/imgextra/O1CN010crmnq1Orfnlfc8Um_!!2221245101759-0-picasso.jpg,//detail.tmall.com/item.htm?id=1011478856528&ns=1&abbucket=10&xxc=taobaoSearch&mi_id=000063OmermhWVjVx8nCA4uaUuAiQpdO-k6IgavWCNaY1Ew&skuId=6020012705642
1013437623021,米甜三代运势小签灵8分bjd可动人偶娃娃公仔潮玩摆件盲盒礼物女,216.3,¥,券后价,天天特卖工厂店,天天特卖工厂,买过的店,83人付款,安徽 滁州,"官方立减12%, 淘金币抵3.4元, 退货宝, 淘工厂, 包邮",款式类型:端盒 | 出售状态:现货 | 品牌:come4free,https://gw.alicdn.com/imgextra/O1CN01IMcdaS2LY298isC2t_!!3937219703-0-C2M.jpg,//detail.tmall.com/item.htm?id=1013437623021&ns=1&abbucket=10&xxc=taobaoSearch&mi_id=0000CrXlUrts_3F_Y3PUR7yLzisv0l4uqL6laRL1NmigsDA&skuId=6190920246179
981194360428,官方正版多事猫系列papa猫潮玩手办盲盒可爱小猫桌面摆件女生礼物,26.3,¥,券后价,paws鳯爪,PAWS MARKET,,1000+人付款,广东 广州,"官方立减12%, 退货宝, 包邮",出售状态:现货 | 品牌:PAWS NOVA,http://g.search.alicdn.com/img/O1CN01Gfbguu1mTRc6Qrac8_!!2217041534955.jpg,http://click.simba.taobao.com/cc_im?p=%C3%A4%BA%D0&s=283973589&k=2381&e=D5Rr%2B6bp3UerjLDeIp6aSgBoQLMQ3KTf65TqRNxZLeEx6D%2BBwCvH1hrnXIRE7amf4jToKtuN0a7UdUBiNcvdn5MGpcra2Gi7YFQD3rm3gcQ%2Fn%2FRoI9EOu%2FtPDjdOZgCe37jTVHiJbfCB8hDaQNo7UGb0rs12ZLW6mk2Zuf6W2w3zaYCJrdXqpH7UOzMVYX1zCWdQ29QwhWe9XctiCof6Bnv5pwP9mCCp%2BdaF6i0q0bUL48Emy9mMdS8%2BQCKQS12PVtDhRhNlJtgn5GdOIbXJilc54yUpjfQVmUB%2BvNpuLLhu1mLM4kopv192m7uRTmf3N4xrMgO73xaC7SsmiKwpkp%2Fl5tN0bn%2BaWRHACG%2Fm6aIieguJMaFDw7tt1ilgia7uDf8nVpThtapVEp7kWjdGVk8IrHoj7EOoZvHd1BnxMFUyEMd5nVqWFppTNAX168fIiSv4lP8CZkkOWX4a9zXP7ef9%2FbihszmaveE%2FSDexKuE3XxJw5pKj7QFyshl9zI8RymSd%2BX4614YCPvdIIPxfpfbWHf0iYWS7xZdBgV0thG3qKOJyTK2rPzyjPOImab088Pn3dudngug9vOcl7Rcr8qGHAlX8bHcm2clxwyinem8fzX0M4c9xd6LbMDnOgu%2Bis7qXH%2B%2FTGSvuu2nb%2B6oqu5ETIEBDa92iDqJLpaTbCYf1cBPhm7D278clYO60NnD9iGayS%2BUXQmsrROEgkZq1J9Yh6B0CRJJUxggE%2FM4kpUEXh2Knoou6nNMmwDUg3hOMk7zqG4es5%2FAf0yVeHcojWutA3%2BCfzwyuGhQdry70FJex5oca%2FmBMf%2FW%2BL63IILGNz5VB8qkI85k3QsRQONDenujuCgT5GXTYXvuc5Ud3IEYqMBOjtx%2BYVOkXX0ZFR29EMDDP9mpmpNDM95Pa968jili1JpnSlZRNsgZM5m2ctRj21h39ImFku5SeNwJdj2dbtpq8dUnAiKMZTY%2FeqXw4rdOG6KdMrqxJsXT7gFGEOihiKmSLukHxlFUg0fb%2FuUXwpqJ8noPAJwaHV76K8ZqQIXsKaUlOkD%2FXSBphmhkFjm%2BNShGDWBtzVr1e2nyvHOGdoRvIvYkn3qldgTkdmuYs%2FW%2FEc174kpzHwZRz5RSO%2FryajP4JQh4aVsJ7qV75zp1sZoIlNIMiuzDXUB5N795pE8YcLaWu0PDAfmLsCk%2FlxJXwlwuONIAQ%2Ff%2FKtTSH8ytuNBtX521AdHzbviFxTfTLgeg%2FzfCmGUC9e9eH4jigcEYJx9Lch%2FIF8A%2BtneVpGE9sPhE7mifHdeA9vOcl7Rcr8jyjPOImab08QQv00qwNjfjqKOJyTK2rP6GHAlX8bHcmle95IbN6wL%2FQ9YtB58yhhWAn3NhrMphuWSGxJAEVMHP0ASQCN%2FylyVtFS%2BPHBK1jhBb%2BC7%2FBtql7AivuOn8zC8IlHImZVEzLbyBLGirvMmpKZhlUsmPiKkBX5bxQb10c%2BwbO%2Be%2F5hhC763UWa9sOD22Zfz9HH9fWqqL9wuBtF3ND39jBULZxC%2FyokNuQt1f2cWTYlLexr5ZzVmfoTStKKgPwn129Sc%2Fm0SqsRp1jY1HE%2FNBFYQC9XGO1ePn68V0hxGWoSCVXAYe4B9FNYc4gK44tNJwhKF6cRQfzTfnOEvlkST8HKZB4SOyTUts8GqE9ji00nCEoXpwIaHrRzl4y5xj358yXAGPaVM%2BrrqDLbykpA4dtVW0YO9SxZ8XGxH9P4jSTci%2BlsuYj3P27VbkxBGoOtSbBrqoewjlKCw%2B0yuR2HFYlE5AqRJFQok1F0ZoOQgcPgS74sNUPhy6KWIG2Iqs4Omw75XCE3PmMv1wMxV504DmGRxLHzINYiv9qJX2H%2B1Rip2DqiGt%2Blw6QX5hj9tdbbLAjQIESCXWjw%2FIx8j%2B3kabQP2B4CcU7fuRYZX1CQSGVaR%2FAPLwlvkeQCtJDFwjm97kMC5MLKwEMjIIB8jdGE%2Fi0e8VMxkpsMZGtszhuBsEZYX2vTq5OMnENy5cAQ8kfCfa7cX0WL8pHeaLVlovBziGPn0BBbySmvLj8bbKyy%2BLXtZTZjdPrU1z2CBo3ERMCSOzJy5%2BBsMyZZA9lE44sUuQTsQZjvR9QfNjkgWevBnBXtMpGokaI27u67Z%2FL2j6uoIfSqtw%2BDHddDy5y%2FgMlt8%2F3NbLn5ZtfIz%2B1TCluXlL%2Fceb%2F35MXzikISkLvJixLJYRE2Qn1DL4ZfxRooummYUIRwcts4NkOsj%2Fxdm60uAoR3Gz77NGQdxAlRp2f4Z8vxOYyMlJFhnNWRQBXyGnXPheoL4KGaqYX8ZmeKhyjg6qJyg7qBL6ib8ewO%2F4lRMIlHImZVEzL5lcnB8Wpcx6wecFM6AMiUdZ%2FOFcGO1H92X11xFutdN8%3D&mm_sceneid=0_0_5359318639_0&a=xxc%3Dad_ztc%26mi_id%3D0000fHbsESs8rQ5y72ZWTKTD7aZbIGyu3cxF4WiAZlNHPXc%26skuId%3D5936922644262&id=981194360428
963666203483,疯狂潮玩盲盒扭蛋机动物城尼克朱迪手办儿童玩具男女孩新年礼物,138,¥,券后价,烯与诺旗舰店,烯与诺旗舰店,,2000+人付款,广东 汕头,"24小时内发, 退货宝, 包邮",款式类型:特别版 | 出售状态:现货 | 系列类型:联名系列,https://g-search1.alicdn.com/img/bao/uploaded/i4/i3/2211891382722/O1CN01kDOObz1VyjCVSHqLN_!!4611686018427382210-0-item_pic.jpg,//detail.tmall.com/item.htm?id=963666203483&ns=1&abbucket=10&xxc=taobaoSearch&mi_id=0000Np4AmIwsI0PW7GEh6CKBNsC8BR0b9VUIX3rVq2kTiSE&skuId=6153717847681
1005355188353,POPMART泡泡玛特θSKULLPANDA × 小马宝莉系列毛绒公仔挂件盲盒,159,¥,,泡泡玛特旗舰店,泡泡玛特旗舰店,回头客20万,1万+人付款,广东 惠州,"退货宝, 包邮",款式类型:大隐藏 | 出售状态:现货 | 品牌:POP MART/泡泡玛特,https://g-search2.alicdn.com/img/bao/uploaded/i4/i1/2885348004/O1CN011KwY6m28ztEPQsHxm_!!4611686018427382436-0-item_pic.jpg,//detail.tmall.com/item.htm?id=1005355188353&ns=1&abbucket=10&xxc=taobaoSearch&mi_id=0000XKKJAYN9TTy1y2Hu_fiVAlJBoGYc2sXyWZn1MnL6rAE&skuId=6027725773052
996714512963,爆款唐横刀高锰钢刀车载捡漏随机盲盒刀剑合法处理刀剑未开刃,42,¥,券后价,tb873231487,龙泉锦天刀剑,5年老店,200+人付款,浙江 丽水,"官方立减19.2元, 店铺满5减2, 退货宝, 包邮",,https://g-search2.alicdn.com/img/bao/uploaded/i4/i2/3709395118/O1CN01kfV5Wl1ng6Adv9flv_!!3709395118.jpg,//item.taobao.com/item.htm?id=996714512963&ns=1&abbucket=10&xxc=taobaoSearch&mi_id=0000JDgshERIYFL4rg2j5uAdagpsF_HpP6TZssc8fvnm3To&skuId=6141453559104
1012211278056,马克图布HelloKitty小家电毛绒香薰挂件盲盒三丽鸥正版联名潮玩,59.9,¥,券后价,tongand22,马克图布的礼物店,回头客3万,100+人付款,广东 深圳,"官方立减20元, 包邮",款式类型:端盒 | 出售状态:现货 | ACG作品名:hellokitty | 品牌:MARtube/马克图布,https://gw.alicdn.com/imgextra/O1CN01c0N14b287O6DFftgp_!!86057885-0-picasso.jpg,http://click.simba.taobao.com/cc_im?p=%C3%A4%BA%D0&s=283973589&k=2361&e=KK6ksuRcCiarjLDeIp6aSgBoQLMQ3KTf65TqRNxZLeEx6D%2BBwCvH1hrnXIRE7amf4jToKtuN0a5ERY0ZMUPSk29dVRfDziyxl1L6qYKyKqg%2Fn%2FRoI9EOu%2FtPDjdOZgCe37jTVHiJbfCB8hDaQNo7UGb0rs12ZLW6mk2Zuf6W2w3zaYCJrdXqpH7UOzMVYX1zCWdQ29QwhWe9XctiCof6Bnv5pwP9mCCp%2BdaF6i0q0bUL48Emy9mMdS8%2BQCKQS12PVtDhRhNlJtgn5GdOIbXJilc54yUpjfQVmUB%2BvNpuLLhu1mLM4kopv192m7uRTmf3N4xrMgO73xaC7SsmiKwpkp%2Fl5tN0bn%2BaWRHACG%2Fm6aIieguJMaFDw7tt1ilgia7uDf8nVpThtapVEp7kWjdGVk8IrHoj7EOoZvHd1BnxMFUyEMd5nVqWFppTNAX168fIiSv4lP8CZkkOWX4a9zXP7ef9%2FbihszmaveE%2FSDexKuE3XxJw5pKj7QFyshl9zI8RymSd%2BX4614YuPeP5KTEwN3l6SpP%2BvWOnyE77WlMFmj9wukaymbuCdv2OarUbOyvGz07INSTVvqN1Acy5sXUqikUSHj0Rd5z8NMnPzO53bUxU83qV6bajk0Qa83vpL5tvr46%2B7iA%2Fu5v3NnG630tgmMy5PdbIH36kiezjOSaw9oATLLDiXCkewsclYO60NnD9iGayS%2BUXQmsrROEgkZq1J9Yh6B0CRJJUxggE%2FM4kpUGz3%2B%2BISCgcUykWqbgXC28WAhHghGDYPPcIjiak0awurxoi39zWyuEEK6aRIyca98qybhTtcJwX5rxvTJR86HTUwBw8JeO0zMlzP0%2BdVKZcGuRjQuOwNXwwQXFgZm6MWHsAAqSApZZ%2FttTb2ymICsxT1%2FoouwETvoewhfxt8tYbuFB1Ur1sWXXxWLUmmdKVlE2Uj%2FQzMgcGHnl6SpP%2BvWOnXLqClFiwh7S4UbCZ6cLJpQQzVCKPbeQAuXznw3v9Pms7qdmUZ572Vh5WLrrY%2BaO2Ph9pEj6obs6bNVYlXjFhqI%2B%2BFCEi%2B2Vv%2BRqSTxTosbKW3yThkpHmi5YHjMURJgx%2FPIIbCuXjQHZ2%2BjaV%2FNLU6b1WhAFeFjlzeJdCQkiji%2B9Q%2BYiWzXqa7%2BLspwodNwBkT9jKPc0SiNtVXohAt0fxpS0iyJH8awKS%2FWYCT%2FI6RlP20wnShRIcVN8MLc2swlzIUuOlgLW5I8JgKD%2ByThZO4YtsfGcqnoZXcXqnjjR7d4t14QaWWr%2BlIAdtNJ5uJspE6iUatJRMIUqZ7Wlmwa5z7nUBzLmxdSqK%2FY5qtRs7K8YWNsIPUhIKZXC6RrKZu4J2RRIePRF3nPwUF164Vfny0YEkAxfSY0q%2BbCX8yoBQ3cOwzJlkD2UTjlmsswwHKRMhnLD18JWwiqHm%2B6n0dx%2BeDjQaMKgR059s%2B53ahxQZxk%2FZPacFBq3Y3eY2H5VXCRnZ3SnPeHXSRCRDQgS%2BQA%2FbPo9uQdcOGgjRdSuYU%2Bb7vEGeaU9BVAJjFOvThPSFoV3EXQaeJGeAz3kBJ%2B2POVvMTy6FQBtxghdoVhe6DxRK42M3eoYxc%2BxQHGr3rUM5HCQrDhvOGSiyNq95ekqT%2Fr1jpxLC8uTPGa%2F07SUX9%2FR1Dbiv5L6m80JUjrPf74hIKBxTXIsAl37mCe5bjvhgvYsJKK%2B3K3D9XQ8%2F87SEY8CR7n0s3potQdnF%2FbT1zW%2BkcyjodGhy6LPwUfiTqHbML4nTa50bErz07p6ZYi7NmhbggCWNpxI6Meh%2FQfuBtPFLWhdsRM%2BO8WMj7yychqzkRGEpYumWA2rc6ETgaT0hCoyEYSdyjJ3vgsGj9%2BA1NiDG1rlnKSbijFJEAKTvYopKCtcVny6V9p5sMQh6foymHT%2Fk4jwQ6JGLKZ3aAoLoMGvBt6X%2BmxczoDfyrafxRsrE43FhE8DrSKxnqLr9sJju4kJcANyIL5oSEpfbrm3LemzWzauKiW%2FDWgyC92Nc7MGYVWu1KGNOIanvakaxDC2XSugMmxJgSy0AJmhJGDhrcU3zUN6kA2GC8F2uml4%2FmMTQuQXdN7Ne5OKHWiSwq8BfBmuqOeZ3%2B1QFKjIL8kr4UwikrQ2w50GSRpE7SQjV5dC43WNUdd6A7XkeGw47ST%2FtZTY%2F6fBe%2B5zlR3cgRiowE6O3H5hU6RdfRkVHb0QwMM%2F2amak0KjM0b0F66%2BgWLUmmdKVlE064%2BqG1QfeZZclPbywgFhXiMfQ8flpEqaeviVJzwABsaUnjj3mVgg0qPN1Gwl8GWdxZ2O1E5etXKiANubXCW2JirtuidkgsZaKKFt8IDEfRjHFis2F%2BmGMSmYZVLJj4iqg4evPgFmH4Q%3D%3D&mm_sceneid=1_0_34621543_0&a=xxc%3Dad_ztc%26mi_id%3D0000PklmhiDXm82Uxf9StbIcyNiweWNsqZyXj8lSkq2dQhc%26skuId%3D6015874329485&id=1012211278056
946359013045,儿童玩具益智拼装积木幼儿园活动礼品盲盒生日礼物小学生班级奖励,8.6,¥,券后价,章华健,健创玩具,9年老店,5000+人付款,浙江 金华,"48小时内发, 包邮, 公益宝贝",适用人群:女生 | 货品分类:奖励学生礼品 | 适用节日:七夕节 | 包装种类:礼盒装 | 风格:卡通 | 修饰词:玩具,https://g-search3.alicdn.com/img/bao/uploaded/i4/i1/712012162/O1CN01eSScww1RqFMZPO69b_!!712012162.jpg,//item.taobao.com/item.htm?id=946359013045&ns=1&abbucket=10&xxc=taobaoSearch&mi_id=0000emv2oUUyg9QQ1O8t0zKE0Qtz6eVFSx-U2OzS8DG6A3M&skuId=5851664312227
711897046296,龙珠抽抽乐盲盒洞洞乐2026新款豪华版抽奖戳戳乐生日儿童玩具女孩,23.6,¥,券后价,粉红小布娃娃旗舰店,粉红小布娃娃旗舰店,回头客2万,1万+人付款,浙江 金华,包邮,玩具类型:发光玩具 | 适玩年龄:3-29岁 | 材质:塑料 | 适用性别:通用 | 产地:中国大陆,https://g-search3.alicdn.com/img/bao/uploaded/i4/i3/877898187/O1CN0178OOTN2ALhQ2Scvkp_!!2-item_pic.png,//detail.tmall.com/item.htm?id=711897046296&ns=1&abbucket=10&xxc=taobaoSearch&mi_id=0000SfCuSWjZ4_olerXpt0HHXCBftNfDtBsY-f41v8DgJYk&skuId=5968937756568
,,,,,,,,,,,,,
899803077288,查尔斯桃心 2026年超值限量短袖T恤短裤休闲裤 盲盒福袋 夏季男女,189,¥,,查尔斯桃心服饰旗舰店,查尔斯桃心服饰旗舰店,回头客3万,1000+人付款,福建 泉州,"新品, 包邮",版型分类:宽松型 | 适用体型:通用型 | 面料:棉涤 | 适用性别:男女通用 | 适用人群:青少年,https://g-search1.alicdn.com/img/bao/uploaded/i4/i4/2207622958619/O1CN01Nd0tkG2DXYlw1mk0D_!!4611686018427383323-0-item_pic.jpg,//detail.tmall.com/item.htm?id=899803077288&ns=1&abbucket=10&xxc=taobaoSearch&mi_id=0000ppfo2gBPECGJ5fPKNDSSMe9tXml2LvupZtliHxN5Fms&skuId=5754058180045
912382104144,玩偶可爱车载桌面摆件女礼物爆款黄油小熊盲盒奶呼呼小熊手办卡通,5.8,¥,券后价,a彭晓萍,神品甄选,,100+人付款,广东 汕头,"淘金币已抵0.09元, 48小时内发, 包邮",设计风格:卡通风 | 主体材质:塑料 | 适用对象:女士,https://g-search3.alicdn.com/img/bao/uploaded/i4/i4/2979654874/O1CN01aZsFN51lsLVlLwd4O_!!2979654874.jpg,//item.taobao.com/item.htm?id=912382104144&ns=1&abbucket=10&xxc=taobaoSearch&mi_id=0000q7fYnK6G9o-jijg56Eb-QXv75mnkCEajMmf4pZej924&skuId=6090463890287
1001683184556,洛阳唐三彩小胖马年盲盒摆件吉祥物公仔小马福福文创本命新年礼物,17.4,¥,券后价,壹亭生活社,壹亭生活社,回头客1万,200+人付款,上海,"官方立减12%, 店铺满50减5, 退货宝, 极有家, 包邮",主体材质:动物 | 表面工艺:半手工,http://g.search1.alicdn.com/img/i1/110030134/O1CN01kJR29V1CrQBiqfF9j_!!4611686018427383094-0-saturn_solar.jpg,http://click.simba.taobao.com/cc_im?p=%C3%A4%BA%D0&s=283973589&k=2393&e=3%2FnX%2BWXWaYOrjLDeIp6aSgBoQLMQ3KTf65TqRNxZLeEx6D%2BBwCvH1hrnXIRE7amf4jToKtuN0a5TXGFYAQXtvus%2Bjpg%2FwcMFxrH7%2FjAoWl8iB8WSq6Za1PtPDjdOZgCe37jTVHiJbfCB8hDaQNo7UGb0rs12ZLW6mk2Zuf6W2w3zaYCJrdXqpH7UOzMVYX1zCWdQ29QwhWe9XctiCof6Bnv5pwP9mCCp%2BdaF6i0q0bUL48Emy9mMdS8%2BQCKQS12PVtDhRhNlJtgn5GdOIbXJilc54yUpjfQVmUB%2BvNpuLLhu1mLM4kopv192m7uRTmf3N4xrMgO73xaC7SsmiKwpkp%2Fl5tN0bn%2BaWRHACG%2Fm6aIieguJMaFDw7tt1ilgia7uDf8nVpThtapVEp7kWjdGVk8IrHoj7EOoZvHd1BnxMFUyEMd5nVqWFppTNAX168fIiSv4lP8CZkkOWX4a9zXP7VCWO9Eyrk%2Bp5pBQ8rY6I1rG8gctwOh8L%2FRzUjGXjqCgHaNkz2qzzrsc8tSom7f%2F5grc6pkmZoti2FVBhghHFUh8XrznOm05ZTJpau5AY6z4cejuldGn5RmBa5tbzIQ2yNvZynxsS35FywTnWeXFuV446UPXTuHEAqN45dITmWf2vWj1oICiVRRO67%2BKtTQcV5PxisoXkkRdRW8%2BS0X1mOPq9kmy1iOv9twfeYUmZzYxzP706gHm%2BA3Az6WfeMTulHo9O8jtOSjgbe8VLgqJm7Ejs%2FZJjlI2CReDUtn9pR4MZ9Ax4fiCahj12bu3anJ1XuYhw2oYizmo6jANAaXi4VDoUwLR4vgm8OHTd66PoHlU9uuTg7f06Wx9bzhLIDj7mwdpK1b2mqzjEerM2NcD7VrEpVcY%2FoOUJOswaEeLotCUIVl8iQXLq%2FMPoszatM82xpBRgRcvGPfhRFb%2FPiB1AJu4ChHcbPvs0X5kNiBDK8%2F6OUszzsYQeSZJ1hVzXuE7P%2Fbjx1OHGM1ea0h7YLW0UGnwvKh54RrdnEGG0wBiF9PkOA2VdzfT6su6gW2hQnyl%2FRlhsdfTMFkbGt%2BNJN6%2F%2FayP09FdKUVIiHdybupWPYTewg2LxJGqepwQb6P%2FatDDX%2FrJ%2B8ggJCem6qCrmJ23HbG5XpaKp5gDe9vPInFNZTiNY87NvIZWzL00vR92ahHeQuJOAHrAi33zmiO7rfPVrfIq2jHQ9%2FrOwusnQFXWt%2FBnTDyvEUv1%2FAkzVVLnfTPBLjBEN0JHyXZvUlLFaGBnH3BvQN8U9pshth05mertvFmGBccSO5ZqmM4mGr3zwpA7%2F6HPC1Kv%2BXTkY6WvOB2tfHHNqa0qRJVVPg7qKovbbmth%2B6Ruu4oV1blB9Rt4dhqkeAIgphHUg9oMr5JsxfaReAH7H4uSYTvNZzqtkwZQsiwpBjvNkTG5kFAJWS382wf5QnyqsjJH4669UomoOg7RUqmS2J3uAJlhUDcuoB4ca9l6%2FCbUMBYu0GQzATNjZ33VRFEpv7x0yaclXDmTXfLbJYKY3Q1UbNx58Bmq2N%2B2xSEqLNmRbcXBPyJfws4apYuI0LQPv0dAuJUd6qy7ifgzI6glQ2CrKBpAKBJ9uu%2Fy1DZCi8wvaW8IUJthtjR%2FO9j4BK59NfKENkWHWj4OEWDafZR78u95B2Qx%2FqD2GevoazHND7uCol3TxZBQD4mkcn%2B%2FFFTfRvZgYhH%2F56qJZhz2HwAO3J8YUChtKYvDA3tdvyKt7ubk8Ih5e2ANSZLHZ2pVM1%2Bxad6OMr8dtv9MKzGldv2tBeWVHhLxo4f5S%2FyKIjo9kVCiTUXRmg5CBw%2BBLviw1ZeM%2BWxDe4KGWr8uKZ8EEY2wXL5LMdsIaKXZkfPr%2B6eQYyKhCkGTH0aEKKv8HVetPjAWc4ccRHpCKSbijFJEAKTvYopKCtcVny6V9p5sMQh6GPQO4jeQke4Q6JGLKZ3aAoLoMGvBt6X%2Bn%2BiuJ%2B17Gb7xRsrE43FhE0bzxdqTgqPKsJju4kJcANyIL5oSEpfbrm3LemzWzauKiW%2FDWgyC92Nc7MGYVWu1KGNOIanvakaxDC2XSugMmxJgSy0AJmhJGDhrcU3zUN6kA2GC8F2uml4%2FmMTQuQXdN1n%2BuoKx2JfQA7lsKGJdCKt3%2B1QFKjIL8kr4UwikrQ2w%2BAsAtVGqGrnSRBEkkvewoN6A7XkeGw47ST%2FtZTY%2F6fBe%2B5zlR3cgRiowE6O3H5hU6RdfRkVHb0QwMM%2F2amak0KjM0b0F66%2BgWLUmmdKVlE064%2BqG1QfeZZclPbywgFhXoDts07E60SEpk7qFpwu4hq1m2bxJAKLVqPN1Gwl8GWff3%2FyIj%2F9YozWswfa2dzkwd7Kw0%2FU30xBypxXVEvSTPTHFis2F%2BmGMSmYZVLJj4iqg4evPgFmH4Q%3D%3D&mm_sceneid=1_0_110030134_0&a=xxc%3Dad_ztc%26mi_id%3D0000PMCxLhJTXWxkJtj3cQwvZfDtZtw3RL-0T4TQAhU9a9Y%26skuId%3D5986645976834&id=1001683184556
1016245965626,POPMART泡泡玛特英雄联盟中路对决系列手办盲盒玩具摆件礼物,59,¥,券后价,谭梓琳lin,欧巴手办盲盒,回头客8万,79人付款,广东 广州,"店铺满500减5, 包邮",款式类型:特别版 | 出售状态:全款预售 | 品牌:POP MART/泡泡玛特,https://g-search3.alicdn.com/img/bao/uploaded/i4/i2/2580405343/O1CN01rh23wU1pL9IctcvhG_!!2580405343.png,//item.taobao.com/item.htm?id=1016245965626&ns=1&abbucket=10&xxc=taobaoSearch&mi_id=0000D5msVz01IxZmNe8bBfccJuu1dBRd22De9wU7MoYWELI&skuId=6187545494386
1012419610139,新款蛋仔派对一起去野餐系列潮玩盲盒可爱桌面摆件儿童玩具礼物,9,¥,,tb0963410086,冰冰家潮玩摆件,,200+人付款,广东 汕头,"48小时内发, 包邮",款式类型:隐藏款 | 出售状态:代购 | 系列类型:联名系列,https://g-search3.alicdn.com/img/bao/uploaded/i4/i2/2220059258479/O1CN01VsPMen2CVRMLbx2cn_!!2220059258479.jpg,//item.taobao.com/item.htm?id=1012419610139&ns=1&abbucket=10&xxc=taobaoSearch&mi_id=0000__aFwEiVOqpeOFar7A3IOFsn-LnJI9wSEW6JfMStB58&skuId=6180806190989
952492163528,正版福福贴贴遇事不决问妈祖系列盲盒工位车载桌面摆件送朋友礼物,136,¥,券后价,lazytonywu,易启潮玩铺,回头客1万,800+人付款,福建 泉州,"官方立减15元, 退货宝, 包邮",款式类型:小隐藏 | 出售状态:现货 | 系列类型:联名系列 | 品牌:福福贴贴,https://g-search3.alicdn.com/img/bao/uploaded/i4/i1/549781350/O1CN01fAOw951LqLlNSID4w_!!549781350.jpg,//item.taobao.com/item.htm?id=952492163528&ns=1&abbucket=10&xxc=taobaoSearch&mi_id=0000GBimlB86raVcZvDLzWiRrfq7OO8MDozJN2fTxuxEy3E&skuId=6026817348400
1011501843092,正版三小毛mini小动物挂件盲盒眼睛可转动少女学生日可爱公仔礼物,23.9,¥,券后价,tb251847528539,KOSMO潮玩,,23人付款,上海,"官方立减16元, 24小时内发, 包邮",款式类型:隐藏款 | 出售状态:现货,https://gw.alicdn.com/imgextra/O1CN01qY5ebp1kc1oXplAY0_!!2219612494703.jpg,http://click.simba.taobao.com/cc_im?p=%C3%A4%BA%D0&s=283973589&k=2393&e=LBJEcIrEDg2rjLDeIp6aSgBoQLMQ3KTf65TqRNxZLeEx6D%2BBwCvH1hrnXIRE7amf4jToKtuN0a72x4GN2IJEPbJgLj3VHpWmwFmIQBjQxCs%2Fn%2FRoI9EOu%2FtPDjdOZgCe37jTVHiJbfCB8hDaQNo7UGb0rs12ZLW6mk2Zuf6W2w3zaYCJrdXqpH7UOzMVYX1zCWdQ29QwhWe9XctiCof6Bnv5pwP9mCCp%2BdaF6i0q0bUL48Emy9mMdS8%2BQCKQS12PVtDhRhNlJtgn5GdOIbXJilc54yUpjfQVmUB%2BvNpuLLhu1mLM4kopv192m7uRTmf3N4xrMgO73xaC7SsmiKwpkp%2Fl5tN0bn%2BaWRHACG%2Fm6aIieguJMaFDw7tt1ilgia7uDf8nVpThtapVEp7kWjdGVk8IrHoj7EOoZvHd1BnxMFUyEMd5nVqWFppTNAX168fIiSv4lP8CZkkOWX4a9zXP7ef9%2FbihszmaveE%2FSDexKuE3XxJw5pKj7QFyshl9zI8RymSd%2BX4614YuPeP5KTEwN%2BDrCURihpeARwGIQZ5t1v7v7Cara0vKtswKLKa3C5dXVqJnq5QUgx9wKtO51f9biqL7gqRdsoVbglA2dNZ2upnthlQCrBd4LNdXu91QyxmpmExRTJ5nb06OLurt5pCw1JCt85sKs3yEWlSrVS6A5McTLLDiXCkewsclYO60NnD9iGayS%2BUXQmsrROEgkZq1J9Yh6B0CRJJUxggE%2FM4kpUFbdGNlvl4lNkhmi5G1IgF%2FtVYeQktmsVckAL40JVNoTI6AQbJH5Pxb6zVWjn%2BR9gvNzNdvaM9IJafZWQHvB1rs3V6%2BymvaM1NtM5F6aUUvqCBsoAdEi8WafR%2FPSaAHy9BHDt%2FQCIRmYa87NQEo6gJZLMcIsuqT7Lb79u5dM31Pk9ok6kgc6stTsIX8bfLWG7iIHba1bkmNUKtO9oIy4dL%2BGJVSQJV0crZuOGX1W%2BJJNAupsLE%2FS3ly9OGZ4TsURQsmLc7b5mBfRMIjtyTkn%2B%2FUKSBjbaugiZ0S7bFTYFEPZn7%2BGCz%2BkHyAMubPJMEjFp3kbcopHqCzGdJB9gQWa%2B95KBx%2BvEQ%2F2JWQzeqtIaN%2BpNm02eCwkH0WWNSB2USOC50lqYVJseXnwugvjB3Zi%2BMewbZ93fKxJaNFrYwa7lPzxhTqh5gl%2BMr3cIWOjTrao5jv22TjRteISFUond839jsUoMPKaatKIepd2m5DOXwScd3ju%2BcJUwReUxyQowIUkoUKi%2FmHk8FgyuouNw0jS2E%2FAHZlfWG968mYqEW8X6ZlQW89SaWd3jO37YZUAqwXeCzXV7vdUMsZqZhMUUyeZ29Oji7q7eaQsNSQrfObCrN8hFpUq1UugOTHqR1PzbSj6ceQdqg2Pno72wY7zZExuZBQCVkt%2FNsH%2BUKv%2BnL5ZY%2FA2O2JTKLsut2RDm%2FR%2BY%2FLeH9N%2B1nEgU%2ByTS8Ge6Drcd6AMwEzY2d91URRKb%2B8dMmnJVw5k13y2yWCmN0NVGzcefAZqtjftsUhKizZkW3FwT8ij86G6otEhYGkrhqDGvCTTIct1Jq%2FLXpjl%2FE0g8x8A3VOTYJpm5vx%2FQXHQevYwXDvhlKTTZzzBlGufTXyhDZFh39t1IpTfR2HRf4rMtSTm2mg9hnr6GsxzQ%2B7gqJd08WQsw9Lwl1QtR0aeY6%2FHWx4eewTOKB0DoIpDtyfGFAobSmLwwN7Xb8ire7m5PCIeXtgDUmSx2dqVTNfsWnejjK%2FHbb%2FTCsxpXb9MZyhqNB%2BlEHs08C00CdIkDgqquQI1ydci7pwxhPNmDui5AWPcTsEHO9Ovo8mK6DoZ65GOcUuPVPa3xPPx0mJGVi1JpnSlZRNYYVGOz6iLMiiOJpfoByOpEDWKDf%2Bp9afxzuLgm%2BPUWec7RMW%2B1filJItUlee8PmvIFV0HUFzjTYIYJ5zFVik%2FD8wwVQA9dF41lXuqth1IVjSoL8Qsg6Jd9cWdhNDSOTc3n7YDRNwZNoFApZKohCiKTrll%2FWFEDJaXZMdxKN3U5km81kLyOtjQkaHTLIYGl1lVeNOKAHVBN53c%2Fa%2FBtqXtp921ZjJpIzkdDTgsUrkEovq6%2Bine3NAY1DYHilufe2bUUyAytMN%2FIQUFnAgEV7y4x5XBlkmrAPWji7q7eaQsNR%2Fierg8KQnwpGe5%2FHXFgLUpfFOiA1rqBYVzmHXkTFycMDhKNt5iQ4zmGJ%2B%2BAwcqftX6jNJLNRei47v0RFTEAabPUOuZ9%2BZUcuwXth%2FzAg9CzXxbew0AJrKBhbYRkTGfBjkhHcGw50xukX%2BKzLUk5tpDi%2FcjlyOPlpQw96nqFW1vIX2o5YemenjvDmmXW3YheOkJy1%2FDJwuhNuN5IrRATdkZ6gtHhRjF39O5Qu70inNsA%3D%3D&mm_sceneid=1_0_9787276849_0&a=xxc%3Dad_ztc%26mi_id%3D00006cfUkArPbiV4qwg4YCxrtv7rpXgqhytHgms0Vlz8PUQ%26skuId%3D6180214098454&id=1011501843092
752510336678,十二生肖盲盒2025网红新款蛇年摆件二十四节气手办送女孩生日礼物,12.8,¥,,tb2445113312,弟弟潮玩,,1000+人付款,陕西 汉中,"包邮, 公益宝贝",款式类型:端盒 | 出售状态:现货 | 选购热点:淘公仔,https://g-search2.alicdn.com/img/bao/uploaded/i4/i2/2216467142687/O1CN01ZkhxTk1VihFphnuyv_!!2216467142687.jpg,//item.taobao.com/item.htm?id=752510336678&ns=1&abbucket=10&xxc=taobaoSearch&mi_id=0000Um-SwtjZB7JzYuuYnMk4-8QTTop_5Vt_Kfu177rYzyU&skuId=5487316882817
614203219875,叶罗丽盲盒典藏版第三弹手办2024网红新款小女孩可爱儿童生日礼物,79.2,¥,券后价,叶罗丽旗舰店,叶罗丽旗舰店,9年老店,1000+人付款,江苏 盐城,"官方立减12%, 退货宝, 包邮, 公益宝贝",款式类型:隐藏款 | 出售状态:现货 | 品牌:叶罗丽,https://g-search2.alicdn.com/img/bao/uploaded/i4/i2/2964715093/O1CN01h0TQpx1nUe7ylN5oD_!!0-item_pic.jpg,//detail.tmall.com/item.htm?id=614203219875&ns=1&abbucket=10&xxc=taobaoSearch&mi_id=0000HR-xQ_Vs4lptG0CAgi6AX0_MgpphB1axvpnWHUdNDss&skuId=5599559131859
1019839841131,COME4FREE【哈利·波特】12分可动人偶换装BJD娃娃盲盒手办摆件,894,¥,券后价,come4free旗舰,COME4FREE旗舰店,,90人付款,广东 广州,"退货宝, 包邮",款式类型:大隐藏 | 出售状态:现货 | 品牌:come4free,https://g-search3.alicdn.com/img/bao/uploaded/i4/i4/2219490193745/O1CN019fxzd81dXGO6s0PXt_!!4611686018427384145-2-item_pic.png,//detail.tmall.com/item.htm?id=1019839841131&ns=1&abbucket=10&xxc=taobaoSearch&mi_id=0000MNTBM5ZTfJBjoxJ2Dtmf0nXbaKWkXBUP3uMZOrdy7cI&skuId=6194577382257
900110862982,雪王魔法铺 雪王百变日常2盲盒手办系列可爱有趣桌面摆件女生礼物,330,¥,,蜜雪冰城雪王魔法铺,蜜雪冰城 雪王魔法铺,回头客1万,2万+人付款,河南 郑州,包邮,款式类型:隐藏款 | 出售状态:现货 | 系列类型:联名系列 | 品牌:蜜雪冰城,https://g-search1.alicdn.com/img/bao/uploaded/i4/i1/2209047029735/O1CN01naOSCI2LmgluleJeN_!!2209047029735.jpg,//item.taobao.com/item.htm?id=900110862982&ns=1&abbucket=10&xxc=taobaoSearch&mi_id=0000L4H2njK_fhui8ndt1sWyru-jDKUTgzHQQAOsISOKrns&skuId=6028391094063
987640710598,POPMART泡泡玛特点金奔腾系列手办盲盒玩具摆件礼物,69,¥,,泡泡玛特旗舰店,泡泡玛特旗舰店,回头客20万,4000+人付款,江苏 苏州,退货宝,款式类型:隐藏款 | 出售状态:现货 | 品牌:POP MART/泡泡玛特,https://img.alicdn.com/imgextra/jz3_1/2885348004/O1CN01wzl6Df28ztE3K7xbH_!!2885348004-0-alimamacc.jpg,http://click.simba.taobao.com/cc_im?p=%C3%A4%BA%D0&s=283973589&k=2393&e=%2B%2B1ZrGMMciyrjLDeIp6aSgBoQLMQ3KTf65TqRNxZLeEx6D%2BBwCvH1hrnXIRE7amf4jToKtuN0a7gdozRN6ah4lwXpUoNYClk1AgHplGJSI0iB8WSq6Za1PtPDjdOZgCe37jTVHiJbfCB8hDaQNo7UGb0rs12ZLW6mk2Zuf6W2w3zaYCJrdXqpH7UOzMVYX1zCWdQ29QwhWe9XctiCof6Bnv5pwP9mCCp%2BdaF6i0q0bUL48Emy9mMdS8%2BQCKQS12PVtDhRhNlJtgn5GdOIbXJilc54yUpjfQVmUB%2BvNpuLLhu1mLM4kopv192m7uRTmf3N4xrMgO73xaC7SsmiKwpkp%2Fl5tN0bn%2BaWRHACG%2Fm6aIieguJMaFDw7tt1ilgia7uDf8nVpThtapVEp7kWjdGVk8IrHoj7EOoZvHd1BnxMFUyEMd5nVqWFppTNAX168fIiSv4lP8CZkkOWX4a9zXP7RaGTV%2BdGmLr19K%2Blo5ahCTG8gctwOh8L%2FNBhPxvvzpAvu0L8YFyidLIM30URlmWlHIOsEkvt9pXoeGv5%2BoH8dpUlCgWJwC7v1zcTLeVv5J506A0C4Xgk5FSimjphxT%2FUqkQtNFjKyrKW1ndtqRIIaTgTLXGskr%2FuWiTyQBDCLLRXAPqe9tKSORi04ryOdWI3NZ0Dfz0js9EMrqcTzBAPYlIr2xuFkxOTWPVd6Up%2FzS5Y5H9XeYj77i%2B40tn%2Bl%2BvgGs8bJUFzBOaJMDuBMbpyj8ubyu6mM7zg4J6j5KG60YVyaEMNge6J9b4X1Ze%2ForPz5dqzPtU%2F%2FcTgKXpxM%2Fa21r2ET8mkKP2jzfYszArUeJCYrHx%2FmW2GXBqU1%2BhH%2BRKKpGe5%2FHXFgLUpfFOiA1rqBYVzmHXkTFycMDhKNt5iQ4zmGJ%2B%2BAwcqftX6jNJLNRei47v0RFTEAabPUOuZ9%2BZUcuwXth%2FzAg9C0Ylx6ZuPoqEg%2FXoJ5UbLu2BtFfZIpzYcPbjx1OHGM1ep6whZyIxEPiNBOk7E0Z5ipB58F8WAMkhhTM6mI3H39ug7kYRnu9SFDXKur0HdmifGt%2BNJN6%2F%2FayP09FdKUVIiHdybupWPYTewg2LxJGqepwQb6P%2FatDDX%2FrJ%2B8ggJCem6qCrmJ23HbG5XpaKp5gDe9vPInFNZTiNY87NvIZWzL00vR92ahHeQuJOAHrAi33zmiO7rfPVrfIq2jHQ9%2FrOwusnQFXWt%2FBnlXEIDETQ05MULV5H%2BpMEizBEN0JHyXZvLUnBM4JEJO5vQN8U9pshth05mertvFmGBccSO5ZqmM4mGr3zwpA7%2F1NwZHQUFfJOY6WvOB2tfHGpELTRYysqylh%2BubKdsIjZUopo6YcU%2F1Jc3Ey3lb%2BSeas98q3mI7Rk4Ey1xrJK%2F7n7H4uSYTvNZ0fPJYBw3S0TBjvNkTG5kFAJWS382wf5QnnshNXKfTpRB3rEoMtuKWgOb9H5j8t4f0ivbG4WTE5Na3lLsMRtqvgzATNjZ33VRFEpv7x0yaclXDmTXfLbJYKY3Q1UbNx58Bmq2N%2B2xSEqLNmRbcXBPyJ3D7pO%2FZ5GqQLbCQVaF56irxjAcTQirrphZD%2B6WMmFmzo8FooueVXvjiKP4McmuV5xK07TEzMfs659NfKENkWHEHpol2AKU8f6o4vwxjxirrJmBPN2lQM2pjVcCf5BBmkQemiXYApTx%2Fqji%2FDGPGKuOYRsZC704BgPgITLn%2BXe84DS0%2FUaQYC0KtRBcujlPxob39ktipNl7BOCGNOQsPIsIZf9tg9s%2BbXxfkeU9cR%2FHlyp6bJgJcuoAsCSEV9orLBTcaPyqXf8QOJSw2TEWupDlW8tuILPn%2F6c4vf2vGC6y4aTRlPtB5wTjlBYgfP%2B5kG%2BtfDMJYjIvbXFl5kaC3d1xzuLgm%2BPUWec7RMW%2B1filLlp7x%2F9rEKvIFV0HUFzjTYIYJ5zFVik%2FD8wwVQA9dF41lXuqth1IVjSoL8Qsg6Jd9cWdhNDSOTc3n7YDRNwZNoFApZKohCiKTrll%2FWFEDJaXZMdxKN3U5km81kLyOtjQkaHTLIYGl1lVeNOKAHVBN53c%2Fa%2FBtqXtp921ZjJpIzkdDTgsUrkEovq6%2Bine3NAY9dtnN4MNMqYUUyAytMN%2FIQUFnAgEV7y4x5XBlkmrAPWYrHx%2FmW2GXBqU1%2BhH%2BRKKpGe5%2FHXFgLUpfFOiA1rqBYVzmHXkTFycMDhKNt5iQ4zmGJ%2B%2BAwcqftX6jNJLNRei47v0RFTEAabPUOuZ9%2BZUcuwXth%2FzAg9C7s0oXlaUZ3hfPCYO%2BHq7jSVuuxrcA8S7IG0V9kinNhwpmjaUP3D4t8B4dWBRQHzC0jCewhMX3Nx4Ey1xrJK%2F7kfgvb5pP54sAGYvNHkpn4sjIvn3RX%2BDdx0Or2VL42oqw%3D%3D&mm_sceneid=1_0_116045295_0&a=xxc%3Dad_ztc%26mi_id%3D0000ywsE0gHNOvuaCyEwO8yxDxLwucbJjmBm5WqXtsCTm64%26skuId%3D6007081733929&id=987640710598
818874544142,【惊喜盲盒】千味央厨早茶油炸小食全系列产品盲盒随机7件,37.8,¥,券后价,千味央厨食品旗舰店,千味央厨食品旗舰店,回头客2万,1000+人付款,河南 郑州,"官方立减12%, 退货宝, 破损包退, 包邮, 公益宝贝",包装种类:袋装 | 产地:中国大陆 | 包装方式:包装 | 脂肪:2.7g/100g | 品牌:千味央厨 | 适用场景:家用,https://g-search1.alicdn.com/img/bao/uploaded/i4/i2/2209398749301/O1CN01kPj7hD2IZuvinT09i_!!4611686018427385973-0-item_pic.jpg,//detail.tmall.com/item.htm?id=818874544142&ns=1&abbucket=10&xxc=taobaoSearch&mi_id=0000BFKpBpT83VpIhfKvSfWPG5Q8jA39SbOzf0Wx9WN4omo&skuId=6031233825448
999305630239,疯狂动物城2盲盒笔动漫卡通可爱尼克朱迪刷题笔学生按动中性笔,11.9,¥,券后价,wsj8502,起跃办公用品店,18年老店,2000+人付款,广东 深圳,"官方立减12%, 包邮",墨水是否速干:是 | 笔芯颜色:黑色 | 风格:卡通 | 功能:无特殊功能 | 适用场景:日常书写,https://g-search1.alicdn.com/img/bao/uploaded/i4/i4/71216870/O1CN013XjApq20cW53XjRgN_!!71216870.jpg,//item.taobao.com/item.htm?id=999305630239&ns=1&abbucket=10&xxc=taobaoSearch&mi_id=0000_giT-vIIdoMWvroUwtLVFCSJIzi5yC6r0M2Ga_fAmVM&skuId=5984623564414
751442265698,素造丨盲盒建盏主人杯 微瑕随缘茶杯建阳建盏主人杯单杯陶瓷杯,66.8,¥,券后价,oliverwym王毅明2633,赏作,11年老店,2000+人付款,福建 南平,"官方立减12%, 退货宝, 48小时内发, 极有家, 包邮",材质:瓷 | 茶餐具工艺:釉上彩 | 主图来源:自主实拍图,https://g-search3.alicdn.com/img/bao/uploaded/i4/i2/371707860/O1CN01vfuT2k27vvyrLa8KV_!!371707860.jpg,//item.taobao.com/item.htm?id=751442265698&ns=1&abbucket=10&xxc=taobaoSearch&mi_id=0000lMNaIwjeKPNH770CjC0f_GPf7N-01c84kVMlBfJPUxo&skuId=5353966943971
1006894398707,马上有好运盲盒2026新款马年吉祥物摆件公司年会活动礼品新年礼物,16.8,¥,券后价,ak79472519,小海妖潮玩盲盒,,100+人付款,湖南 长沙,"店铺满20减2, 包邮",款式类型:端盒 | 出售状态:现货,http://g.search2.alicdn.com/img/i2/130232816/O1CN01xwwxTT1WfmRKooFoZ_!!4611686018427384304-0-saturn_solar.jpg,http://click.simba.taobao.com/cc_im?p=%C3%A4%BA%D0&s=283973589&k=2349&e=lFhXEIACi0mrjLDeIp6aSgBoQLMQ3KTf65TqRNxZLeEx6D%2BBwCvH1hrnXIRE7amf4jToKtuN0a6ZWye1GnA4vFcuWacnwYusgN1T0Y%2B6pfEiB8WSq6Za1PtPDjdOZgCe37jTVHiJbfCB8hDaQNo7UGb0rs12ZLW6mk2Zuf6W2w3zaYCJrdXqpH7UOzMVYX1zCWdQ29QwhWe9XctiCof6Bnv5pwP9mCCp%2BdaF6i0q0bUL48Emy9mMdS8%2BQCKQS12PVtDhRhNlJtgn5GdOIbXJilc54yUpjfQVmUB%2BvNpuLLhu1mLM4kopv192m7uRTmf3N4xrMgO73xaC7SsmiKwpkp%2Fl5tN0bn%2BaWRHACG%2Fm6aIieguJMaFDw7tt1ilgia7uDf8nVpThtapVEp7kWjdGVk8IrHoj7EOoZvHd1BnxMFUyEMd5nVqWFppTNAX168fIiSv4lP8CZkkOWX4a9zXP7VCWO9Eyrk%2Bp5pBQ8rY6I1rG8gctwOh8L%2FNBhPxvvzpAvu0L8YFyidLIM30URlmWlHIOsEkvt9pXGKNY6te%2FsCT39XDeDZTQWRuAJra9oj1k6FUp6Nc%2Bv7HHa9CqxbY7N0UIc3hz5hP5LkAffh99q8FhufseQ6LnqCYUartD3YNSesTqFznCR%2FqBWE7cb8rRYZY3w8AsQu%2BVe0gMWa5btjNA6S2nmH%2F38tgaEx63NSnkA%2FtkOy%2FhLisa0EdcMoQvIluQvgm7zbKfJMDuBMbpyj8ubyu6mM7zg8lXqOW3adAn3UCBBoptEUgvBVIt09QoeZ3FS8XBoMEcxZaQX8hLTS%2Bp%2FEZuNikvKQPxGhsGHdNJsVVasRdZJZqjkAqNYqOmIEcQgxhdlz8ITBcmk8IhlV8C7R%2BbDou%2FGz78x4v1lRL4zI5Mf%2BAl5XaxI%2FLDAdsI8JD8AJ2vcZrbynQEtoJhFQLOzgV5sxJ6z1JzhMWsmt8a5n%2BTPAFeUXYcZwnYl%2B%2FrkgMqpQXseykguc9YAMLvqkLE5woDen1ZDKj2hiGxvMfQQn30e95prdQ78bUmqnejPXhj50DZJmaztN5ut8w%2B4t8UlYp8NHmQ2X%2B80NHpanIhWEmQReqBj7YtJSfHjjfhBS99nzMwcEyYWNjubHswdl0azI2tjXCgxAi5hDSplTKeJGJfKVzBg%2BicKOhCXlJYBVxyljJq49JgsTvP0SgVOQTXE5IQ8BMtjEa6lcPEmNXNpOJkcjiWN%2FUDufoezaXt21XxYe5UDGHViqGVCkZDLE9YEzQUvurmk0BervgrVJOMZcyKT9T9YhYWRpolHTZwfE2F38pE2%2BMWHtOEEE%2FsJhQmnLyMkiwuycEFwYNL0KVrtepbeq41k5r0BH%2Fqh4z55DdtV9d7KYmAUVRX1CIfh%2FRv9itnqa0KdSqclsAu614ULohxNpTPDUNVvdYVr%2BbngI9%2FJrwb72u4BQxi0Cm2d8tajAcJZSHXH8u62%2FjtEVCu57jc5N%2FavXOHGtm%2BcMcGaQwaYkX4OXb%2FKYlo5BjaIX3HnxW7VvqvzPFxpVgLCloUfYwqjWtgY2vHvjJQjx89dvdrO%2FM7C8cJ%2FWTlMDLJJ3h6WM%2BOxguSwRJnIS%2FLttIePgD7R0m9nKQu2refBwo8k1EJ2d9IsVpnZEk%2FBymQeEjsk1LbPBqhPdmFeRTSvzshAVvla3fABpE5hGxkLvTgGA%2BAhMuf5d7zgNLT9RpBgLQq1EFy6OU%2FGhvf2S2Kk2XsE4IY05Cw8iwhl%2F22D2z5tTbnPHHXKWvhYpjxydvbKb8CwJIRX2issMTASVqWpb1v4lLDZMRa6kOweDXr5Dn9Z2hiotauwE1QtedNlzO35xDVI3asCiMQw7ApJOEM9Q0GKSbijFJEAKTvYopKCtcVny6V9p5sMQh6TFZqT9MEEqoQ6JGLKZ3aAoLoMGvBt6X%2BmxczoDfyrafxRsrE43FhE8DrSKxnqLr9sJju4kJcANyIL5oSEpfbrm3LemzWzauKiW%2FDWgyC92Nc7MGYVWu1KGNOIanvakaxDC2XSugMmxJgSy0AJmhJGDhrcU3zUN6kA2GC8F2uml4%2FmMTQuQXdN7M%2F6HmHSLSBeY%2FZPuAQkxp3%2B1QFKjIL8kr4UwikrQ2w88uE2UkiShEb7Ut%2BdTrWMd6A7XkeGw47ST%2FtZTY%2F6fBe%2B5zlR3cgRiowE6O3H5hU6RdfRkVHb0QwMM%2F2amak0Fm9fYawVInLL1K2xzZgpMRz4lH4Zc4NxBrlasnxCFTLs89TdH47A4%2BNUaQoVeVuuqYX8ZmeKhyjgVhO3G%2FK0WEDT9srfbIFKQ0IB11NFzxq5lcnB8Wpcx6wecFM6AMiUdZ%2FOFcGO1H92X11xFutdN8%3D&mm_sceneid=1_0_130232816_0&a=xxc%3Dad_ztc%26mi_id%3D0000OixLy-C8tKU88NwSrxAgfNEVEPpQOUg04zWJ99Ozp98%26skuId%3D6169017966950&id=1006894398707
1018173779083,YoutypeToys修勾来块小点心系列可动人偶盲盒BJD娃娃潮玩手办摆件,125,¥,券后价,youtypetoys旗舰店,YoutypeToys旗舰店,,200+人付款,广东 东莞,"30天价保, 包邮",出售状态:现货 | 品牌:YoutypeToys,https://g-search3.alicdn.com/img/bao/uploaded/i4/i3/2220675085753/O1CN01YgRUaQ1sMvgjhjdx9_!!4611686018427385273-0-item_pic.jpg,//detail.tmall.com/item.htm?id=1018173779083&ns=1&abbucket=10&xxc=taobaoSearch&mi_id=00003pvCyDUrZWM9UNFs3r54flPwe-9pB_hDcjqYbKJE7kE&skuId=6194334790136
903074198677,文具盲盒新年儿童励志礼物奖励小学生盲袋实用创意礼品文具大礼包,7,¥,券后价,言辞旗舰店,言辞旗舰店,,1000+人付款,浙江 金华,包邮,适用人群:青少年 | 货品分类:文具礼盒 | 适用节日:五四青年节 | 包装种类:盒装 | 风格:卡通 | 修饰词:励志,https://g-search2.alicdn.com/img/bao/uploaded/i4/i4/2219506947745/O1CN01ypEscq275GZsWBjqk_!!4611686018427385505-0-item_pic.jpg,//detail.tmall.com/item.htm?id=903074198677&ns=1&abbucket=10&xxc=taobaoSearch&mi_id=0000ADgR14-OUbGozIrGktri-y89nAByXYcx5L2jIYiXCHw&skuId=6088706058488
964943986346,盲盒拆拆乐盲袋小礼物惊喜盒子洞洞乐六一节礼物戳戳乐小学生玩具,27.6,¥,券后价,泡泡虎博兰特专卖店,泡泡虎博兰特专卖店,5年老店,1000+人付款,浙江 金华,"官方立减12%, 包邮",玩具类型:解压玩具 | 适玩年龄:3-14岁 | 使用场景:娱乐 | 适用性别:通用 | 产地:中国大陆 | 品牌:POPOHO/泡泡虎,https://g-search1.alicdn.com/img/bao/uploaded/i4/i3/2207975225874/O1CN0141ufLj1tGLMSQnpfh_!!0-item_pic.jpg,//detail.tmall.com/item.htm?id=964943986346&ns=1&abbucket=10&xxc=taobaoSearch&mi_id=0000F_1EmLHsJOejYAoFgFHo8dhmKxHA59tjOnfVEprcvl4&skuId=5077755008884
1019216386633,2026 Topps Premier League Chrome英超足球球星卡盲盒,295,¥,券后价,睿卡潮玩旗舰店,睿卡潮玩旗舰店,6年老店,200+人付款,上海,"官方立减12%, 包邮",出售状态:现货 | 品牌:Topps,https://g-search3.alicdn.com/img/bao/uploaded/i4/i2/2206423378458/O1CN01hqTL7y2CLp2vJXWZ4_!!4611686018427382298-0-item_pic.jpg,//detail.tmall.com/item.htm?id=1019216386633&ns=1&abbucket=10&xxc=taobaoSearch&mi_id=0000uApFXxi_hzjU14Y7-lATuQgGukwZFujuMuMREcHpKIE&skuId=6194995186165
977803988448,盲盒公仔定制手办树脂工艺品订制钥匙扣挂件手机支架来图定做logo,4.4,¥,券后价,tb788942694259,广东趣萌工艺品定制,,32人付款,广东 中山,,,http://g.search.alicdn.com/img/i4/9308542502/O1CN01KBmUNi1ULy3O8dKRC_!!4611686018427385382-0-saturn_solar.jpg,http://click.simba.taobao.com/cc_im?p=%C3%A4%BA%D0&s=1666865223&k=2381&e=gwu5tiPozSA6QRG8Xu7rL0VgnSLixa%2Ft0RH7mOXeXGNszMb1fsbcUg2zBH%2BJhjjOpPaiwl5wO7wnji9MG1wjCPZjMXwPk%2FTv1T3UPTpgFxCIv5MzBu9r9OB%2FKqAt6T2D9%2Fj5NeXR1Q2XJL8cKmbLuKUa2WDva4udp7ava2xrX2GtCF0gf8tRYpPNZFu8f4J%2FwJ3Iw%2FA%2FSuoRWv1Qt2CMDg%2Fj5M%2BIoRDeTAv0oefNuu%2B7ywURXbgc%2BqvM4hXoAUluVFb445sJjx1O%2FTWkGStRxB1y3NrEi1iheLRDOKOV7AKaFAXeZ8A3UELG11TxMdZRHZiX80ANH0dLduh%2BxR9ZXOqbLjt9ADohAKK5D63u%2BABCxuJBZZagjIf9jDIJtotuO5Og%2BVVDLrbRd69yG2PfD%2ByT1UB3qczEHTy4FFLj32gZzpVL85ZJhBYkAOC55ryNQ6Am46pTuzzdNDAzgDCjqXkt%2FxXW8YbvW50tr9X0j1HEa2qUx%2FMiLBbqwjFJqI751Nx6bxM9m%2BVgAjQLtdjjcVMA7RlzZkW1HMnvSNSRa1FrBW9jn93%2FxhCJLOJC0BEIrvNChCQdYUeV6SeZ4F4GEG5z3k8CW8QYoosvsnxOiTY2Va%2BclzGtUAG5nCJ%2BcxrMORkCFQdRXzThTAA%2BwpLiD25z3k8CW8QYWR5eH6TLPdG09kY6vqbLJtzbvt80hyaIqS5FnJJl72ekL0pPMnvgXD1qKEEuYIzsYO%2BzsZPmAGvyLMX16dvNSZAY02DcGtwDZqESotSbrhwXPE15vrnIEBRPEW0HkbVS2EXRprEjreR5pTB%2F9ZdbcBKuwhx5LqMTTfseqJYSZABPWJvAp%2BzKcig6olzvTenpVw8IhPclQ8r%2FIBYnc926k0yTgkrLvsnwZHzjm9dZcTejVaQvKiXjIkyAaYdO4x%2FHyt1Vycous1nXwZzRgLGESdAXroHpVXdCUwDtGXNmRbVazyQzHm9pSVO65%2Fydu7ol869AsucLi6rmhIMoU549841awM02lVEMKDqiXO9N6enbb%2F5RWY5bipMqptusXKKfPgVGqRH5zEG4KrnHUnC0CBw52Y77iYo%2BDtZ%2BZHQotIf%2B2HPqwo%2FuDQO05NJNpedvYBAWhdfbnZOCx1Ly%2Fn5cJqtfh2FBAzfHSajqAjinRytlDY7nFQCBvC4lgosdNU5YSkGrJLDCs3x5xaxdF%2Fgf9XK98Gd7%2B2ITzydhnumpi8UokvFdMiNqLxFaNuQdncMoF22aerLH8a65%2Fw9CONJQqOc8scezs8nevcWmuiNoV62%2FlXTRrhOhJhCJLOJC0BEIshBojqx4qdKh0ylUH00qsIPo2P1mi%2B%2BB5C4%2FDoLo8%2BgN5eECSriwmnvM1sKhohQM7umhoJmIkFGF85068MI2UZvOqIMzgI8LN2OU4oRJrtl9YWvGHN1%2F0S%2BDoCOXFMpVZV7HHnAUj1Buc95PAlvEGL6OcRDnTpOhTuUyv92OBdqQfCBwNshX62CVHM8rEEh%2FWK95ymUfzJkgC%2Fg1a6JFG4Ri7dO7B%2FL8DznJIqnHL0%2BrOcblfBO4lHjDwEKdsUgtPtDH3ns0wGvBayjOXCZVKQuAYrLH0D7ofiU%2FD5TxIaofc%2FGf3DLQNdxVXjHHIywZQVsFFCB2BrcL0xvoMW4CzSTiY5wuimI23FVeMccjLBlBWwUUIHYGt5%2Fqo0hlOxh%2BKsi1%2B5MOuSTHoF9IH%2Fs9KGgloXwE3GEGz8xP3U%2BmC1x10LCMwwphJI6B8DZTH%2BvPgZcxlRM9waVJ1VEhtv3IEQ66lLPE8uw5KSc%2F6eWIJlULQX9hHi9exLSqHNsxO8FwXPfy18ZUHIxq63jR7y184hwHSc9hyY5zSNfL%2B1eGukDt0Fy9YeFqVzbaPQnl9DZa34gmw14cfUPv%2BDBznDDHqF0rp0htGb1BkwShm4zwNEOv1wiJtQg7o8DRALRkNm4TbVAH1GYiX8U%2FAqW0rtYcINdeIuOc5%2BcHupL%2BbOLYLdPuLktezZ4rFzPEVqND4UglzF0mo43ML60EZ%2BpExQOfCPLDWJOlO6NY0nCej0IjjSV8C80XelbtioFmDfOq3Esz8LrPJqkzZJKs4I66DhAA7Wx97MmOuDS2kqbAbx2ILECvcGjOk%2FFvfEtk5JmqkzJkkPQGA%2FcnP39aSFq0hlp7%2FPkDVy2deyqUU63dRL%2Bxf5lE%2B71XpCoke%2Fa2w5LEHY2gjU9HU%2F%2FIWMv5uSnOOvjM3fbOdAdQBVxYlQmo9ktdufZBSV0UD2Qa6LUlMlwCiPsVti%2BwHjSV6FN7rhB%2B1SMg4xnaSSGDsbnVeRxu0XxvGDzT%2BqunQAAC4yAfDwdrL%2FRmlX1e4nJwojq8kjFJ3c5IlB6Lo%2FXedl6yYfyupE%2FYmXU%3D&mm_sceneid=6_0_9308542502_0&a=xxc%3Dad_ztc%26mi_id%3D0000ld4g4VlGPGv189fJ8pODpe0H3GCMGEbEMBiqWQQLj7A%26skuId%3D6096781262854&id=977803988448
993049575657,疯狂动物城盲盒洞洞乐抽奖软胶植绒公仔女孩子玩具戳戳乐生日礼物,29.27,¥,,ytbh旗舰店,YTBH旗舰店,,700+人付款,浙江 金华,"超级立减10%, 淘金币已抵0.26元, 包邮, 公益宝贝",款式类型:端盒 | 出售状态:现货,https://g-search3.alicdn.com/img/bao/uploaded/i4/i3/2220391731205/O1CN01tuC3eJ1KlwMc4Pme1_!!4611686018427383813-0-item_pic.jpg,//detail.tmall.com/item.htm?id=993049575657&ns=1&abbucket=10&xxc=taobaoSearch&mi_id=0000h9nyAE_pAZS64ovzEIf0ayTnIKcQyP8aTZY3text1J0&skuId=6139471086892
930698090141,惠唯Yes！Me too艺术家系列 盲盒手办 搞怪可爱礼物 闺蜜生日礼物,632,¥,首单价,tammymagician旗舰店,TAMMY MAGICIAN旗舰店,,700+人付款,重庆,"官方立减12%, 直降7元,  3期, 退货宝, 包邮",出售状态:现货 | 品牌:TAMMY MAGICIAN,https://g-search1.alicdn.com/img/bao/uploaded/i4/i2/2219875493621/O1CN01N57ogP1ccTGmtEgzQ_!!4611686018427381493-0-item_pic.jpg,//detail.tmall.com/item.htm?id=930698090141&ns=1&abbucket=10&xxc=taobaoSearch&mi_id=0000jrngZouW9XbR_82wfRD1-XPkoA6Qu5Se-WJ4BkUf2PU&skuId=5982759890313
745205516644,手办定制盲盒公仔PVC卡通摆件钥匙扣企业吉祥物树脂玩偶玩具定做,10,¥,,tb4914932656,深源礼品定制,,36人付款,广东 东莞,公益宝贝,,http://g.search.alicdn.com/img/i4/5157336262/O1CN01QAWLg41w83B1HMuYa_!!4611686018427385030-2-saturn_solar.png,http://click.simba.taobao.com/cc_im?p=%C3%A4%BA%D0&s=1666865223&k=2189&e=W4Mk4RdpazM6QRG8Xu7rL0VgnSLixa%2Ft0RH7mOXeXGNszMb1fsbcUg2zBH%2BJhjjOpPaiwl5wO7wKdkibLdsT%2BNIUh6Qu3ax6PZyDVs4Go%2FCSa4PWL3I3UOB%2FKqAt6T2D9%2Fj5NeXR1Q2XJL8cKmbLuKUa2WDva4udp7ava2xrX2GtCF0gf8tRYpPNZFu8f4J%2FwJ3Iw%2FA%2FSuoRWv1Qt2CMDg%2Fj5M%2BIoRDeTAv0oefNuu%2B7ywURXbgc%2BqvM4hXoAUluVFb445sJjx1O%2FTWkGStRxB1y3NrEi1iheLRDOKOV7AKaFAXeZ8A3UELG11TxMdZRHZiX80ANH0dLduh%2BxR9ZXOqbLjt9ADohAKK5D63u%2BABCxuJBZZagjIf9jDIJtotuO5Og%2BVVDLrbRd69yG2PfD%2ByT1UB3qczEHTy4FFLj32gZzpVL85ZJhBYkAOC55ryNQ6Am46pTuzzdNDAzgDCjqYsj0r59PoWip8LylEEQ4DqCaPb%2FKy3U3mQC8uJ3wpLAwNhnb8XvhlKx9d%2BWDxVr4yPttsl4XxbGTpE1jKHvoPQ%2BjROyQVYxh8HyBmlR5qd0dYC010jB4fXIziFRybks%2FP0aJs2B4Q7eKiofKcGj1J5heTNso4TRggfoG9ybNrZI53HMd79%2FEwl0pc3knQpObfVSampildm32gMcyWLtEK5S8D00LSmGVnx%2F5RoVeYVlcCsrOZLlZMEETgnLrkpN2Sz8QjC3mQylnVwhXSUD3kpgQwcgg%2Fv7MCIZqz6dCYjSJDTkbTNtd5mD7EV%2BlebAkxMWv0lUi5ebKbR4pXr%2Bk%2FBtBWpv%2BX3mArP4SQ2NarDTExa%2FSVSLl5sUDCOgztnLNG11gTWQNCem%2FpeILddfPUo0l6IaIPQdGu6biH7gVoZ5CTdAEgWNuqejVaQvKiXjIkyAaYdO4x%2FHoL17M3Xsj1mwxSGC9DTzLsLAjtFuszsTfwJpkNK3eyNNC1XcFLr2uCYjnbmGm0eZ7yhTh5nbPK857L9%2FytB8zWUohFB3UiTH1elGjbwDxhKtNakcIc5bowKlb%2B218hnYhcDTIk0kZGf2DU0aUS1zyuHmS%2BZ0GLBs50A221O2Zy%2F%2F2%2F5ECKKQf9pDKgc%2BdF2qnwCJPx%2BmdNrJFl1YTxoeddTXbCB7xe87Ex67MTf06eSdtI3XXDBhVfBWtO4Kv%2BHDSf%2F39%2FTtf9DUMHUrGETH09Q02TkogG2nLvC1K7F64jqLk1edKsBpVycMjzkrKjChcDecISBOdH0H6Bvcmza2SOdxzHe%2FfxMJdKXN5J0KTm31UmpqYpXZtzGhpsMkKhiNAjNjpegrR6%2FzycrFeaA1grtrs6MKiFRrRwzrbbYdsBJcIP8w9N6Zw3HtXqilkmpgoFGWIMrnmGhW0PAmcXyffxRioE1PtDLFvFcE6MuCMn%2Bg4jbAF%2FF7KFn7hlogPWSD6dRJ3Ub%2BhHmAY5aMxuV031kd0snBK%2FclKKrzF20v1Ewu02zfzvrlY1Vc3Ofva%2BA7qLDEs0UV4P0ou6BKPJNfCJFLbw3LMXrNVVzc5%2B9r4DvpdMUTbmhr6yjywdoK9j1sRXrZi6SRz9CEYuRrt7oYZp4zmXnbpzNLjqpaLoFn0anp5yY1j9LTA1ktGxg6S23Fm8clJi%2FhZiirC%2BZPWiim5i4mXv6lKQiDoOzgvhoWWV8bVFQkek7CaWCs1fWP7iVpxpSQn6TyJEdQ%2FmbHD%2FMEfo1xfYIy%2FixmIW1vSqzrvGpjy%2FljGq3wQ8bj3lWXuBxsGJBH3ePSXIF2ArS%2Fyn%2FNIonMMrlkcrygAAsDP2b3Dcz7zw8QLSDT8NZpwK4Sos%2BwM%2FnN%2Bq8I5OWdECS75KvBLuUS37wuvgl1QKqAfb%2F7ymAWDXTEZs2VIXyLNt1KdRdWAice%2FqxAPS9nowqM12BRwhzyI2XmaWbeJDTkbTNtd5lDWkO7VCyXHBMWv0lUi5ebO73vVHPQjSMPB8nm6H63pad9XORcGcRnp1FRzRgl2b0ldpjf90t%2Fjv2VRnFBhL2eNZD0PH8P6b0K15BG23rCvKvJlxiEHuMdQmHKvn%2B0Yb63de%2BhikepEBbDxlymAPjr7yH6LYJY0%2BXeWoP4H0lV5DM1cTFSfioYG7Lk41NoCg6J0b2ATnWh8HBKglDXrO2ecYFwJk8VnUbjb8rpwv%2BRRT9RLvKi3H9Yzvv5Gs%2BFnZI%3D&mm_sceneid=6_0_5157336262_0&a=xxc%3Dad_ztc%26mi_id%3D0000UzdYDgl-VUwE4D3FPtkMc4Bpezq6ljSxwWvY4igp-b8%26skuId%3D5789979483490&id=745205516644
914018264495,玩乐寻潮NAGI兽仔第四代逍遥游盲盒可动人偶BJD娃娃潮玩手办礼物,500,¥,,tb4450709360,正版动漫玩具批发店,回头客4万,2000+人付款,安徽 滁州,包邮,出售状态:现货 | ACG作品名:DC漫画系列 | 系列类型:联名系列 | 品牌:玩乐寻潮,https://g-search1.alicdn.com/img/bao/uploaded/i4/i3/2214008116167/O1CN01umSgFU1vQXaU6wJq2_!!2214008116167.jpg,//item.taobao.com/item.htm?id=914018264495&ns=1&abbucket=10&xxc=taobaoSearch&mi_id=0000Aif-RUV9FHb6BpOE_v5yhixW_kZnkLt4Iz-wvCgpGq8&skuId=6034639215693
750727692205,pvc盲盒公仔手办定制树脂摆件钥匙扣挂件订制潮卡通玩具来图定做,10,¥,,tb414848063066,致汇玩具定制,,82人付款,广东 东莞,公益宝贝,出售状态:定制 | 款式特点:静态 | 商品状态:预售,http://g.search1.alicdn.com/img/i1/5284505594/O1CN01AFYyW21rC6akp2j9Y_!!2-saturn_solar.png,http://click.simba.taobao.com/cc_im?p=%C3%A4%BA%D0&s=1666865223&k=2177&e=5fA5b2s5pr06QRG8Xu7rL0VgnSLixa%2Ft0RH7mOXeXGNszMb1fsbcUg2zBH%2BJhjjOpPaiwl5wO7yxshPziEHNRAkxPVlRjM5OM9aqk0Mm1dOIv5MzBu9r9OB%2FKqAt6T2D9%2Fj5NeXR1Q2XJL8cKmbLuKUa2WDva4udp7ava2xrX2GtCF0gf8tRYpPNZFu8f4J%2FwJ3Iw%2FA%2FSuoRWv1Qt2CMDg%2Fj5M%2BIoRDeTAv0oefNuu%2B7ywURXbgc%2BqvM4hXoAUluVFb445sJjx1O%2FTWkGStRxB1y3NrEi1iheLRDOKOV7AKaFAXeZ8A3UELG11TxMdZRHZiX80ANH0dLduh%2BxR9ZXOqbLjt9ADohAKK5D63u%2BABCxuJBZZagjIf9jDIJtotuO5Og%2BVVDLrbRd69yG2PfD%2ByT1UB3qczEHTy4FFLj32gZzpVL85ZJhBYkAOC55ryNQ6Am46pTuzzdNDAzgDCjqXkt%2FxXW8YbvW50tr9X0j1HEa2qUx%2FMiLBbqwjFJqI751Nx6bxM9m%2BUA85k9iDZJs%2Fguh1cgbykj%2FFVdv%2Bn1oLF6fe2XXJXrpA6j10c0gCKJhGpbbNBOzxT8OgjZHyWCioh8wRkF55kui7%2FTkqN5QOeZUOhynkFYWaXLaboQstP7SS7J1WQwvJNbXmlYiM2OX7DuU2jHPKpwde3CyJBEZFG%2BWl2%2FaabL5rsDyVx1I1p9064XACWMj7%2BHpf4NyoUFqu2js2iktZuM0y9dqfsR9aOHVMUKCOyvTa%2F5%2BCP0eSADJvvtVNfL4VmwX3VWo4SIUipniua28RDXnF7umsLgbMB1ncnj5v%2FdfbBfdVajhIhSQoHFX4nAui5pJZjJKe2dk1D9h8a02neQOok5fgHGDccJN0ASBY26p6vJlxiEHuMdYA2UuTVRWjEL75R9CFLttCUEom5jn6phZDxcNMEpvsRChXVdBo%2Fv0MDIUgowSTmNFKuN71nuyo3C582Mwkb1%2BYC5Q3FAcH0ttoSukXzMMz6ZG8k%2FlnNv5CW3ah82zqbCQKFxxhFBGDLbk2g5oCZpvSNMymuwJ3Rai3RdmJv1YE3PhTfEJQB4IQhXpd1OuH%2BnYAhEF%2BOwOS22rpMQx%2F79tgk1J79hl%2BDsbsArJYeduUYAvdbQgUPClyUIU%2FeJ1OPoRuU7Efsz3HF5jiUEWZZnoTO7PvKCsfELJ5Iiomx5DGBnh3XA9LF0J%2BGTEk1xe4HLHw0KL3SWob8owx33elmaQMg0cNNEPqTHmVDocp5BWFmly2m6ELLT%2B0kuydVkMLyTW15pWIjNjl%2Bw7lNoxzyqcM44%2BFGIpCS7COyvMmGwGcgU74OWNlgZ3e9CAFfAGZcEhfOdOvDCNlGbzqiDM4CPCzdjlOKESa7Z7gS6UWtZtKqWXWcTzWzO1Visy2MzoxGto2liXCIYUywV5cuLSefFO6mKrBLOtYdd97KZOO6l%2F7DrDSHX%2BaD3UX8RUedp0GWjrppX4cKl%2B5Utbc6MMlar%2BrdEztzY3oYbc3OyXi1QCDzoyr7qf6fg8i1tzowyVqv69aURn83QjtY7Ss8zEbN9WRgFYR022elljr9WcQZsMUv5DBDXrphbOv973S1E51YSWKSmHhmmiNOcorxuZn0TMdgezH%2BI8bSa%2Bed3nJ%2FxSfVKN7CTcguUvJNjSjs1piwVcjC8ok7JkKkPxVDFqcVHU7bcW0ANm3K%2BaSYsblr5092ZE2Kvn2P23FAObRQX9qo734gmw14cfUPv%2BDBznDDHqHoDJNv1DVvefvY9uguvvG2v1wiJtQg7o8DRALRkNm4TTKnOuQHECzY%2FAqW0rtYcIKtViTvbyNtGIGqY%2F3SQb9cx%2FzCd1KV4TsUiKXSxFqH2WBFkAi7%2BuA%2F%2F550MOwu0wdPWEXkYnJmj4qjdLHYGOlmoFrhld0scl5ZXrmpXLxQPPHfFDLqji3WwX3VWo4SIUmHdf5swE4hcBMtGAH3QN0DF1l9KRUydELhOF6pSRdyl0rVi%2Flv8usIgGbAMFouhg4Rp9JnsCd%2F%2FQxuVzAx8fPJCYcq%2Bf7Rhvv6grWe6F6GjMX2PTnSniYS7ywH1HjC%2FIl%2FSfemy%2B3BNGfuFfCLH2q27bY4Pj%2FFPpWp0VdcaM4o64KaoVr4hyN1otPv19Q1welircSY%2FPBDpTuUyv92OBdqQfCBwNshX6%2F%2Blutp%2BXBr%2F&mm_sceneid=6_0_5284505594_0&a=xxc%3Dad_ztc%26mi_id%3D0000ENidByfrdQOyTkWpxQM4Td5FR48KLpNgrxrLQAKmnhU%26skuId%3D5595617452318&id=750727692205
983940229912,九木杂物社NONO SOVA迷雾镇童谣系列盲盒潮玩手办可爱摆件玩公仔,86,¥,券后价,郑慧中123,MIDI迷底杂物社,,100+人付款,广东 广州," 3期, 店铺满11减10, 48小时内发, 包邮",款式类型:端盒 | 出售状态:现货 | ACG作品名:DC漫画系列 | 系列类型:联名系列,https://g-search3.alicdn.com/img/bao/uploaded/i4/i4/2075261179/O1CN01INitxY1Ka23aDZR0w_!!2075261179.jpg,//item.taobao.com/item.htm?id=983940229912&ns=1&abbucket=10&xxc=taobaoSearch&mi_id=0000iqRECclQkR-FbYLHQUePwjf8UFj6h9zKJDBSH_Pt7YU&skuId=5945601165886
743848939152,MINISO名创优品三丽鸥魔法物语系列盲盒摆件单盒潮玩摆件可爱童趣,39,¥,,miniso名创优品旗舰店,miniso名创优品旗舰店,回头客200万,9000+人付款,湖北 鄂州,"退货宝, 包邮",次元优选:IP联名 | 款式类型:隐藏款 | 出售状态:现货 | 品牌:MINISO/名创优品,http://g.search3.alicdn.com/img/i3/127238467/O1CN01r4jF9M2CPwNxYYHOR_!!0-saturn_solar.jpg,http://click.simba.taobao.com/cc_im?p=%C3%A4%BA%D0&s=1666865223&k=2189&e=bg0XjM8H%2BiU6QRG8Xu7rL0VgnSLixa%2Ft0RH7mOXeXGNszMb1fsbcUg2zBH%2BJhjjOpPaiwl5wO7w7zNiU2lHVIRsL121hV4Z3ToewoMsCpAU8THYs9JFY3%2BB%2FKqAt6T2D9%2Fj5NeXR1Q2XJL8cKmbLuKUa2WDva4udp7ava2xrX2GtCF0gf8tRYpPNZFu8f4J%2FwJ3Iw%2FA%2FSuoRWv1Qt2CMDg%2Fj5M%2BIoRDeTAv0oefNuu%2B7ywURXbgc%2BqvM4hXoAUluVFb445sJjx1O%2FTWkGStRxB1y3NrEi1iheLRDOKOV7AKaFAXeZ8A3UELG11TxMdZRHZiX80ANH0dLduh%2BxR9ZXOqbLjt9ADohAKK5D63u%2BABCxuJBZZagjIf9jDIJtotuO5Og%2BVVDLrbRd69yG2PfD%2ByT1UB3qczEHTy4FFLj32gZzpVL85ZJhBYkAOC55ryNQ6Am46pTuzzdNDAzgDCjqe7MT92wIEt0m%2Fj%2Frnk2MOwHoPKlyuMqZT2d8I87cihAdw%2BaHx%2BRFyy0Z2hZlUoSupkUCRjFcMRZQee6rKuPi%2Bdforr5DWzsuAtY5mnBiBhNBtvd4AN6PgUFgMuIKU8G%2BCimlfN0vmM2nKVH3C7QnvcKbx8LiyTCOCuqNN105MCsxeFZccIGCgnLOm62RtYDFQKu8UtY9JXnBtvd4AN6PgXpn4zu2iygwTOmq9LMlC%2B9UvA9NC0phlbq%2F%2BKdRTXBv444v1BXx60FMn9%2Ff%2Fn%2FYFRH7vTGxHrBRzQJ282D7tzkxz1PbBIOb03i5Q375qCsYFAXAUJDCsRKHe3E29x2FbJiwlkDLfwhFQFOjpWAfGWOLTDRI%2FszUwmbsyJyB1ycaqvJlxiEHuMdIUIu4zM1P%2Fa%2BudZyxv458evNmAR6atQRJoiA43t7APv4U4GmN3qAOWrkTtvDa6%2BEAPnR7LSth4XxgI%2FPixnCoMfXWHDz94me1ZPGiO0uH7GuQpiO9xWnQoah7Z6r%2F5GGLqcVs4iLD6TSA%2FpKwuTp0T4FRqkR%2BcxBuCq5x1JwtAiwEG5vrSZ9Ng7WfmR0KLSH%2Fthz6sKP7g0DtOTSTaXnb2AQFoXX252TgsdS8v5%2BXCarX4dhQQM3x0mo6gI4p0crZQ2O5xUAgbwuJYKLHTVOWEpBqySwwrN8ecWsXRf4H%2FUZghHMGczgZIshUikFfMS8y77opEppURZOUcthsZT%2BbC25Lyi4JFW38xQIsXlJKxiSoEZUrRjyJ50iw38ZdtT9BYJlnTTJA7sfJxi%2BpoHzWZ4NjJ0THpUU73FiZDkyHCVG6GnAkfnXsEY%2FYfawiJNYnF%2Ftr0rQwMAUcOrGnKNB%2FtuZm8MIjJirogOxMS53vXcrfSOQ5uqiwqR0uqxIzAoySXOj6%2BFZ%2BXumAWcTOMoPGVwC0tLyaMRQGTH46TcLQlQn9N0J5XCYS7av2dDTp7Qnp%2FcbCG9f9xyRjtWq2iCd9JxHCS4oksZ8JAn4cUtaIAX4U4GmN3qAOXYUu0hUAfnzPeaXsVsY77V6RbFvFi0Y0vhTgaY3eoA5T3MxlOmvlifgECmEvc3Bw8jBqhzW8wsEmj7UtcAygOIVp79RlhXwzD9Wj%2FH6Ob3j%2BQwQ166YWzr%2Fe90tROdWElikph4ZpojT2Ilpv1Dgln%2BNg7LtEtcorw66lLPE8uw5KSc%2F6eWIJlVWHBqxs7uHDQHSDY3pV0H2qm%2FnfVVep%2BCZMG%2ByWgQeBs%2Fd%2BRQ4BEu9QHJXvDylxsPZwvrxTberSlqKoCZHFUbjSjewk3ILlLxxl0KWp92MbhIRSZNlV%2Fz0mNelhVHYk9D7zw8QLSDT8O2B8S0pr0fnizsFKdftUncQCzZ5DE0SNbqS%2Fmzi2C3T7i5LXs2eKxczxFajQ%2BFIJcxdJqONzC%2BtBGfqRMUDnwjyw1iTpTujWNJwno9CI40lfAvNF3pW7Yr1bndYbAPB77v0Pws4kBc4jq8OanpajypsMH9lvp6EWlWYxzE5%2F2%2F0SqMz4TBPD78%2Fxc8JRW0RsK5CmI73FadCCA9rQfAF1gINlKp0bVpkTmC2n0%2FY2aNgyCXqmGQ3sZYXYc3a%2BzZnLyqzT5qy0nEeOuGnFLvcnr%2BbzRcDhij9416lm1Gbmgq2IdSMJ5OoieXs971GNwgwKnc62bpKQb4dU07sVpsEoU4yJCV%2Ft7AsKmIdoMeXjX%2FNuibSH7UIrvI%3D&mm_sceneid=1_0_127238467_0&a=xxc%3Dad_ztc%26mi_id%3D0000ciZWTC9iTp2jI3y27Q2EKTgDG1rrg7M8ub5SK6SU4_8&id=743848939152
971564684810,POPMART泡泡玛特泡泡萌粒 晚安夜空系列公仔（1粒装）盲盒摆件,15,¥,,泡泡玛特旗舰店,泡泡玛特旗舰店,回头客20万,1万+人付款,江苏 苏州,"热销爆款, 退货宝",款式类型:隐藏款 | 出售状态:现货 | 品牌:POP MART/泡泡玛特,https://g-search3.alicdn.com/img/bao/uploaded/i4/i2/2885348004/O1CN01O1Vk6p28ztE0Y1FaW_!!4611686018427382436-0-item_pic.jpg,//detail.tmall.com/item.htm?id=971564684810&ns=1&abbucket=10&xxc=taobaoSearch&mi_id=0000AUNPlsjt36CIpJrS_rPrJkm1O60QdMflQKS8DKRnMgc&skuId=5932785112628
980028020457,【田栩宁专属】AYORTOYS兔闪闪ShyShy打开闪亮世界系列盲盒挂件,69,¥,,ayortoys旗舰店,AYOR TOYS旗舰店,回头客7万,8万+人付款,上海,包邮,款式类型:隐藏款 | 出售状态:全款预售 | 品牌:AYOR | 选购热点:淘公仔,http://g.search.alicdn.com/img/O1CN01vW3lGG2DtXp8eydvD_!!4611686018427386091-0-item_pic.jpg,http://click.simba.taobao.com/cc_im?p=%C3%A4%BA%D0&s=1666865223&k=2401&e=eBowf65%2FlnI6QRG8Xu7rL0VgnSLixa%2Ft0RH7mOXeXGNszMb1fsbcUg2zBH%2BJhjjOpPaiwl5wO7z8U2426wJVVAiu7gCGOPRMZ9KHVojYJ%2BCIv5MzBu9r9OB%2FKqAt6T2D9%2Fj5NeXR1Q2XJL8cKmbLuKUa2WDva4udp7ava2xrX2GtCF0gf8tRYpPNZFu8f4J%2FwJ3Iw%2FA%2FSuoRWv1Qt2CMDg%2Fj5M%2BIoRDeTAv0oefNuu%2B7ywURXbgc%2BqvM4hXoAUluVFb445sJjx1O%2FTWkGStRxB1y3NrEi1iheLRDOKOV7AKaFAXeZ8A3UELG11TxMdZRHZiX80ANH0dLduh%2BxR9ZXOqbLjt9ADohAKK5D63u%2BABCxuJBZZagjIf9jDIJtotuO5Og%2BVVDLrbRd69yG2PfD%2ByT1UB3qczEHTy4FFLj32gZzpVL85ZJhBYkAOC55ryNQ6Am46pTuzzdNDAzgDCjqXkt%2FxXW8YbvW50tr9X0j1HEa2qUx%2FMiLBbqwjFJqI751Nx6bxM9m%2BVgAjQLtdjjcdsnensGDsr91I6vUxzYV8BrUer7aBZrOaszaJLfNP2uEOlFQtk2RTa0Ge8NHYenne19EAXEm8pCfl6ZiVLdrqcscarpdChHYA7fyhG2UEXTrbsZSWD0KM%2Fmp7ysP6JubZ0lPnnsuOcV3aqxwPiAuhNaLheBF7f%2FOk%2FeGgbP0WqAf2TLxwyOXzxtQHC%2FP6NQyoel%2Fg3KhQWq7aOzaKS1m4yWk6SeWf0T1uFJdwWN0jlGbEp533pZiud%2BflrBcrLU70zvgw1dPISQmlbkHKjhvTcBTo6VgHxljigFasoie0HcHAVbbAqkec6ryZcYhB7jHd81H%2B3SEHMQvrnWcsb%2BOfEmjAKL8nqKEPOgY%2BbND19flo%2FdbXYJLWCdgF2Wc%2BcNGoAiOhALI0vVF%2F0OmPgXXMY2U376i50bUeD%2B5gl1z%2F%2FaF%2FEW0r7%2FYbBt2YQF8ppj3uVKGVMLjzd1ShX2dunuHovnPRmDptlsfh27jdHKyCDjhcQR5jmEP%2BFzug1S%2FTgprmScKR59xgZRCSOLamXISVPa8sWI0YehRernxcT5XpPJOQkjbtzI3G%2BrFn1aBLMI%2BrsFzcVsdel1I36Thb%2FPfXRlPzWtrqmGvuozUAZBgopqzGkWL7lnJRmoE5b4Xv1xYwBjB99v912QDUkMogfzBOe3BJsSL2OxTbPJI%2FOfPcWoofKi6OQxaNNhqZxQvlc6RFt6YOgAd9PEkJSpPzIcvo8yAfN8k0H9m%2F%2F24exQFjsjVHw7DXE%2FNBfSW%2FP0KaHMrvMQ%2FFXtpwJnvbh1QSEc0U61EkQdqnAorR304vPWJllrV9guBHvFVbXytjHA6GV%2BlBkyEHiCO%2F0t7K3AQ6mzM1Z7pLt1XZMn65pW5Byo4b03m86ogzOAjws3Y5TihEmu2fyTklK%2B%2FG7og%2ByxU3shGYFlXscecBSPUEflRZdhAgyaA9Z2BqWyP%2BlO5TK%2F3Y4F2pB8IHA2yFfrYJUczysQSH9Yr3nKZR%2FMmSAL%2BDVrokUbhGLt07sH8vwjcdwSASl5ZxMHpoCLVzK8dM5UvnNfE%2BFQnSZEyfHyeMgSFPJ0SkVBpFosqGbXv%2F2j9LmdmmPerB9z8Z%2FcMtA1QnpCYihtGxHYhIna4gf5KAvTG%2BgxbgLNJOJjnC6KYjZCekJiKG0bEdiEidriB%2Fkon%2BqjSGU7GH4qyLX7kw65JMegX0gf%2Bz0oaCWhfATcYQbPzE%2FdT6YLXHXQsIzDCmEkjoHwNlMf688p6Eg8Fw3E7xRk3MXFY%2BzdDrqUs8Ty7DkpJz%2Fp5YgmVWQk1EXpbxm6EtQo96NlHiUeVveb2YhwwJkwb7JaBB4Gz935FDgES70M%2Brr4X7lYFrPg8%2FpQ%2F1hCafReuzLQYyBpebdg%2FThvlrYMMWNNwQTJz16NzJ86jSt7BkF7NHjpAa1mHGT%2FfoJ604K0BrVGhF949yP8om5z%2BxYLEpsgO4lBcds5ITlu9GB71Fyd7Mya8p3l0tulrki5b4wQVqkGEyVvGgfeCKB2ZcW6X6zHpTe%2F%2F1KIcQCSXQPTqyJoUUVvEaxzIIzAomcxOv42L8bcuMDae67X0vinbClKHyjex4Dy8ip20ihGwx45m8iZHjNm2lj7JS%2BfdJaWTowcmtNidL%2B8E3nkoxI0u%2B6biH7gVoZ5ernAdbLlp25Men81ShwVqXxPIfvRjSBydOHOS56oInPwA74vzHxzyGBsCf6IgXf0OW3PUpPYkcONHtKD2honYtFmwNT48Ma8H%2FDFH9jyj9swxkkD7Wnxxix0vnWz8jxNZVZXh8sPMGcmRuWi5HT2daszaJLfNP2uZfCkSz45x0qZLJcXkDEZps%2FPOVdm4i2V2HpOgQht89CjulivCizRLe%2BZMqZ9yNlL&mm_sceneid=1_0_7955382519_0&a=xxc%3Dad_ztc%26mi_id%3D0000qQpfnC_rRptJqTjJdBUz9wl-h2cCfk2ebLBmpoP5NW8%26skuId%3D6100634526098&id=980028020457
984955937620,POPMART泡泡玛特POLAR第二季 林边秘径系列手办盲盒玩具摆件礼物,69,¥,,泡泡玛特旗舰店,泡泡玛特旗舰店,回头客20万,1000+人付款,江苏 苏州,"热销爆款, 退货宝",款式类型:隐藏款 | 出售状态:现货 | 品牌:POP MART/泡泡玛特,https://g-search2.alicdn.com/img/bao/uploaded/i4/i3/2885348004/O1CN01w4dk6R28ztEUW4KAj_!!4611686018427382436-0-item_pic.jpg,//detail.tmall.com/item.htm?id=984955937620&ns=1&abbucket=10&xxc=taobaoSearch&mi_id=0000K1RO0xnbgFDqJevS32jhucQqxHRET3QODuDw0Bl7V3s&skuId=6129886303311
972911439773,2025新款水豚噜噜盲盒表情包周边公仔玩具摆件生日儿童男女孩礼物,21.9,¥,券后价,15260082660yhl,淘小妖商城,,600+人付款,浙江 金华,"官方立减12%, 包邮",动物种类:两栖动物 | 材质:塑胶 | 产品形态:站姿 | 适用年龄:3-25岁,https://g-search3.alicdn.com/img/bao/uploaded/i4/i1/3001425291/O1CN01fDFwUm1oxKfllf3LZ_!!3001425291.jpg,//item.taobao.com/item.htm?id=972911439773&ns=1&abbucket=10&xxc=taobaoSearch&mi_id=0000JomoCbpny4DWqxtyhqenZitqjwkLd35rR19vNcJarVY&skuId=5925229736998
1007493724499,TOPTOY迪士尼玩具总动员玩心时刻系列手办盲盒礼物摆件巴斯光年,66,¥,,toptoy旗舰店,TOPTOY旗舰店,回头客9万,300+人付款,广东 广州,"热销爆款, 退货宝, 包邮",,http://g.search1.alicdn.com/img/i1/1804450133/O1CN01OmEjLm1Cqxn3T4E0O_!!4611686018427386197-0-saturn_solar.jpg,http://click.simba.taobao.com/cc_im?p=%C3%A4%BA%D0&s=1666865223&k=2445&e=N91Dh4NamHg6QRG8Xu7rL0VgnSLixa%2Ft0RH7mOXeXGNszMb1fsbcUg2zBH%2BJhjjOpPaiwl5wO7xPBpLLWpfHS5iyMDKGPrAIkdwuTpo7tBo8THYs9JFY3%2BB%2FKqAt6T2D9%2Fj5NeXR1Q2XJL8cKmbLuKUa2WDva4udp7ava2xrX2GtCF0gf8tRYpPNZFu8f4J%2FwJ3Iw%2FA%2FSuoRWv1Qt2CMDg%2Fj5M%2BIoRDeTAv0oefNuu%2B7ywURXbgc%2BqvM4hXoAUluVFb445sJjx1O%2FTWkGStRxB1y3NrEi1iheLRDOKOV7AKaFAXeZ8A3UELG11TxMdZRHZiX80ANH0dLduh%2BxR9ZXOqbLjt9ADohAKK5D63u%2BABCxuJBZZagjIf9jDIJtotuO5Og%2BVVDLrbRd69yG2PfD%2ByT1UB3qczEHTy4FFLj32gZzpVL85ZJhBYkAOC55ryNQ6Am46pTuzzdNDAzgDCjqVShFTgfObxZtAJ7xvNQ4P9TS2rvybUhH6cDbc%2FPMC40DNkA1HIGXbKCaPb%2FKy3U3mQC8uJ3wpLAwNhnb8XvhlKx9d%2BWDxVr4%2F6tQ7tmMcSBy2fOuZ2j2jdV1rJvPMp819Yut2YKlQ3tAVtOccvDV%2Bjq3U61RyWPP7k2NDAlnwVZnTdHC35gDNOJLp8114Y2OC6FaglMM1%2F4hngeSYTc3ZhJfZ%2B4btRRmmQ0xfz4qUPT9Zeatz9RLCP88I8l7VLMdNAgahNrcaRqhTGY3c75u%2F4Y9A2tZS4GWwROCcuuSk3ZLPxCMLeZDKV1qMbqmAWqq3zFd5DYQBTBmYUjR3RwTtwrZvbfdA1V0o8GKqKbKrTNYEkHnrXW8dcJNq88rViUwMcKEg8nC7dMowDRLLwhDrFCYcq%2Bf7Rhvj6y5%2B7Z4E%2BIXgwpMpa%2FFRS%2BZNIZfgC2zE3KIsTiUvoSnt%2FadeOL5yWb0zmSOge6ubBxSHCXil%2BmbFkMcxoungkcB0nPYcmOc3ks6BJKvUdJd77mRXROCMNUHyhgcVEPoAD50ey0rYeFMgZdsQRlXBn1zCzzPq6kLVDXtwqlQvgam0C9%2Boj1I2rDeKBgmwHy0TvH3ghbpE2CYJRyU8vuMWElt2ofNs6mwkChccYRQRgyYd1REplzwgwjTMprsCd0Wot0XZib9WBNz4U3xCUAeCEIV6XdTrh%2Fp2AIRBfjsDkttq6TEMf%2B%2FbYJNSe%2FYZfg7G7AKyWHnblGAL3W0IFDwpclCFP3idTj6EblOxH7M9xxQi0D2P4sQ9%2Fqa%2FvWAQD6APHPjXvWHPMZWmd8QtxrErc%2BNXB57bdxWBS6Wmg%2F0wxT4MLHRmmA7HXYzmiM%2B7ksm07lRin45GhKMYByAuRTGIedG2sd4H8GUPEsMSyT4Win7qjldUkakClkTeUTD3xU0sEFWGLvrTYvp%2FSrDcq%2Fu4RlhsaxxZ9wRnDx7nwAuoMrwQ35gEgZCQfZfJMmSZrrHtrMS%2FoviFG8n%2BbKwfugiQb4HW6dIJfN5v8AScCb%2BhyIyxGVn3WReUVZ%2B4ZaID1kg%2BnUSd1G%2FoR5gGOWjMbldN9ZHdLJwSv3JQ%2BJ05iPUsOXLI8VyPrFQZuWjorA7HNsYzKa6gLMVeOPLTv1yT4i%2B8OvjGr8ggNl71BpL%2FLVWIlDNVAi%2Bvw%2BPoDmxIwlmKYX8zKH8w5SEZIwE%2BBnGrqDdlokC1FCSaamyQvTG%2BgxbgLNJOJjnC6KYjY%2BEZ2Y3m8l2HMX%2FWllEsJQ6XTFE25oa%2Bso8sHaCvY9bEV62Yukkc%2FQNVUjJ9Kbd2jiXPVTRFwHLrs2q5bW9wFGiilLprfcwufKAGfqm2%2B3Evz%2Bb%2Fm1UzeF8i0smyp8TyTRYo4ZzOO9vGl5t2D9OG%2BW1NLWCJGYWlAQjFWlHSeZE6CXsjcbN3PtnItMcDyNwfTvQX2EVtSCS1L6qXZuKqBIaD5hVFLyASxMpX5iS4WqqBJBdYb5DpH5fOxhm5yuUOrrYZ5u1kJT26Zwhtq8LVXGf8fV720grkqRJPEc3%2B2ZjCumEMvOGbr6rvVVOBPfBU4ywi6%2FcMZxpruuqsCuHZj8cHny%2BAE3DE5hiCXPkkzoZVcMATFbiqVE%2F4YgYA0xkInq2P%2BY%2Fs8A2ezbWmTGa8C4AitRUT4yAcF%2Bta4%2FZo1LY8reny5xOROgrubdPhS02fToMhVborG8ufW05E48f5tM7uQlVSppSO1Z1q0hoEfCoRF2M79n6FRI3CMHkMK1tbIIww9U0JCfGuY2DCG9W5rSPOdWnR6tM02pLCk3vEcFNdmq0ne%2FmPbiY3K9RgEnV0%2BjTerluS9BrNfBnNGAsYRJTS2BKR7SJdoMxXLnsKHUMsC0F5bE1MZgHJ6LMMmxtS3LZ865naPaN6vJlxiEHuMdZ9Fp1AVuP9rs%2FOtuqpGLqZ03Rwt%2BYAzT32mrT97srdoyJCV%2Ft7AsKmIdoMeXjX%2FNuibSH7UIrvI%3D&mm_sceneid=1_0_1804450133_0&a=xxc%3Dad_ztc%26mi_id%3D0000_xFhw2IerjKg81pCjPcNcx4rmw2tMEQLIuL703DtAx4%26skuId%3D6001346328979&id=1007493724499
839644635013,初音未来手办盲盒摆件生日礼物玩偶周边娃娃送女孩女生新年礼物,55,¥,券后价,蓝渔小镇少女与猫,啵啵啦童心城堡,,600+人付款,河北 石家庄,"退货宝, 包邮",出售状态:现货 | 适用年龄:6周岁以上 | 款式:静态,https://g-search1.alicdn.com/img/bao/uploaded/i4/i3/2212788848622/O1CN01549zqv2DYvwSUKY91_!!2212788848622.jpg,//item.taobao.com/item.htm?id=839644635013&ns=1&abbucket=10&xxc=taobaoSearch&mi_id=0000Is3CD5UfhXStn3NajEGj7VGIlHFVL8RQOYtRK4d-hz8&skuId=5771730694467
,,,,,,,,,,,,,
,,,,,,,,,,,,,
962956900314,"PLZDOT官方插画小人""好运来""MINI盲盒公仔打工人桌面摆件抽象礼物",39,¥,,plzdot旗舰店,PLZDOT旗舰店,,3000+人付款,广东 东莞,淘金币抵1.1元,款式类型:隐藏款 | 出售状态:现货 | 品牌:Plzdot,https://g-search2.alicdn.com/img/bao/uploaded/i4/i2/2218599385996/O1CN01C3mbqa1uADtHApydj_!!4611686018427382668-0-item_pic.jpg,//detail.tmall.com/item.htm?id=962956900314&ns=1&abbucket=10&xxc=taobaoSearch&mi_id=00007ppf2XddW8_iiXJdpUi0jTQ3LFysg4enUfQeSqgDfMM&skuId=5895868528945
742396685941,三丽鸥HelloKitty盲盒甜心玩伴凯蒂猫手办潮玩公仔摆件生日礼物女,49,¥,券后价,萌趣馆旗舰店,萌趣馆旗舰店,5年老店,1万+人付款,上海,"热销爆款, 退货宝, 包邮",次元优选:IP联名 | 款式类型:大隐藏 | 出售状态:现货 | ACG作品名:HelloKitty | 品牌:萌趣馆,https://g-search2.alicdn.com/img/bao/uploaded/i4/i4/2207572378845/O1CN01dqZ5K02FD4HrPVtFc_!!4611686018427380957-0-item_pic.jpg,//detail.tmall.com/item.htm?id=742396685941&ns=1&abbucket=10&xxc=taobaoSearch&mi_id=0000li6ca8lCqJdTlUaUxorNRmyE7-kZqCRoLUTkkkTqHRs&skuId=6093797395918
691387785607,GRAF原创品牌BooGhost可爱鬼初代OG系列盲盒限量潮流玩具摆件,49.84,¥,券后价,bigmonsta,GRAF原创品牌,回头客1万,200+人付款,湖北 武汉,"官方立减12%, 淘金币已抵1.16元, ifashion, 公益宝贝",,http://g.search3.alicdn.com/img/i3/25586672/O1CN01pzAXCQ1z9pezmg3w9_!!4611686018427382768-2-saturn_solar.png,http://click.simba.taobao.com/cc_im?p=%C3%A4%BA%D0&s=1666865223&k=2273&e=HjaGJ4wHjGo6QRG8Xu7rL0VgnSLixa%2Ft0RH7mOXeXGNszMb1fsbcUg2zBH%2BJhjjOpPaiwl5wO7zh%2Bfeav3PhQRMklyfjUUA3YeHSLjMeAt6Iv5MzBu9r9OB%2FKqAt6T2D9%2Fj5NeXR1Q2XJL8cKmbLuKUa2WDva4udp7ava2xrX2GtCF0gf8tRYpPNZFu8f4J%2FwJ3Iw%2FA%2FSuoRWv1Qt2CMDg%2Fj5M%2BIoRDeTAv0oefNuu%2B7ywURXbgc%2BqvM4hXoAUluVFb445sJjx1O%2FTWkGStRxB1y3NrEi1iheLRDOKOV7AKaFAXeZ8A3UELG11TxMdZRHZiX80ANH0dLduh%2BxR9ZXOqbLjt9ADohAKK5D63u%2BABCxuJBZZagjIf9jDIJtotuO5Og%2BVVDLrbRd69yG2PfD%2ByT1UB3qczEHTy4FFLj32gZzpVL85ZJhBYkAOC55ryNQ6Am46pTuzzdNDAzgDCjqXkt%2FxXW8YbvW50tr9X0j1HEa2qUx%2FMiLBbqwjFJqI751Nx6bxM9m%2BUVOc9fCqWTT8EKFPzXZY92lJ%2BvqEkth4EH60oP02KmBl%2FqxmKPn2JSfz%2BmJ7yayTdWBwL%2BvFm04UxOU2Z%2FHFbsQyGA6fh%2BG3MflCprQXgOLI4R6FXmV2ZIeEe9wTsO6nJW%2Fy0F%2FlPQbq0wWjvzS6kede3CyJBEZFG%2BWl2%2FaabL5rsDyVx1I1p9064XACWMj7%2BHpf4NyoUFqu2js2iktZuMzblXikMQU0FPXABJ7GOl6cOKbZIT8JdBHDX7nt%2FXZh1bac81yKmDwLvW8QM4LH5V8MhAUCmdaeL%2BxlUtaVW6afR14aChOAq5AbgGD4APk1oPFnRl2CBJa%2B6biH7gVoZ5ey%2Fqs%2FQMTj93vjWep%2BBPVcn5hHDupW%2FP8y4tbzJ6PlL0p%2FdCKeB0KQD50ey0rYeFqYDfupUO4A%2FjF6HTdiBKc8LnzYzCRvX5WGn7ycSLoY9Glkj72RQLK6muuM%2B9J35QYJRyU8vuMWElt2ofNs6mwkChccYRQRgy25NoOaAmab0jTMprsCd0Wot0XZib9WBNz4U3xCUAeCEIV6XdTrh%2Fp2AIRBfjsDkttq6TEMf%2B%2FbYJNSe%2FYZfg7G7AKyWHnblGAL3W0IFDwpclCFP3idTj6EblOxH7M9xxjyXB7hmaOAGSdehKaYRNDMu%2B6KRKaVEWTlHLYbGU%2Fmz0WorMiGa%2B4TegdYRnkBt00lvz9CmhzK7zEPxV7acCZ2ay5eQwzsRrlp%2B0Lg3az9kGxLAgD8UIkcocexzrrWSlfic8QnT7RP%2BCYasoK%2B4k0rj0wlxyCDHgBwufUMTos8m6CyxRGuzGqWpJBlcra%2FOmPJcshyq8CBabzqiDM4CPCzdjlOKESa7ZyC8gPAA5MXWzug5FbIL0tWVexx5wFI9QuZ25wb9qRT7VSPh9%2FroR1k7lMr%2FdjgXakHwgcDbIV%2BtglRzPKxBIf1ivecplH8yZIAv4NWuiRRuEYu3Tuwfy%2FA3jL6Um4iNdrveof0h39Adv9w3WZ6ggKqaIhiaAdvW19ouapqB5AHCuvSBv%2BonLjzThUdU%2F%2BPzzH3Pxn9wy0DVlPQTX8LZZ6WN29b5nUlVMC9Mb6DFuAs0k4mOcLopiNmU9BNfwtlnpY3b1vmdSVUyf6qNIZTsYfirItfuTDrkkx6BfSB%2F7PShoJaF8BNxhBs%2FMT91PpgtcddCwjMMKYSSOgfA2Ux%2Frz%2BKOW%2Bib1Gk7ALI9e7o2uOR87GGbnK5Q6jz%2FIpULGdc2RqPVcPB7EbZw%2FPh%2FT94ww8aUkJ%2Bk8iRHfJTxl%2FHODZ66PkZkidO0lOKOW%2Bib1Gk7%2BpKxHPuC4v5pebdg%2FThvlrYMMWNNwQTJ8nndZvbtIq97BkF7NHjpAa1mHGT%2FfoJ604K0BrVGhF949yP8om5z%2BxYLEpsgO4lBcds5ITlu9GB71Fyd7Mya8p3l0tulrki5b4wQVqkGEyVvGgfeCKB2ZcW6X6zHpTe%2F%2F1KIcQCSXQPTqyJoUUVvEVwuQc%2BcE%2FE9H0m4y1iBksbR5qK2ivjhmlmArOwm4R8Jyt6fLnE5E6Cu5t0%2BFLTZ9CCEy42Ezs4025IE2UPkhhFltEJIb8qLedMQbuITPU12QmHKvn%2B0Yb4j8ONHwjCrcQPU22Z7Pq%2FUN41b5imDRQ7x6A%2Fth9OhsdXpEZgf%2BTmQAURhFAWzrSVLLA7m4z47co4R6FXmV2ZI%2F9akWS0iZIKaBrrlcrev893gYUZCorPCJfQbGJZrZFqpiqwSzrWHXXuboIjRvvWI&mm_sceneid=1_0_25586672_0&a=xxc%3Dad_ztc%26mi_id%3D0000u_xduk9DvyPEAfo36Tf1G6EKblA36Trgoe6b46BQlic%26skuId%3D5083310946626&id=691387785607
862663961210,正版toptoy三丽鸥搪胶毛绒三代精灵兔系列盲盒潮玩手办公仔礼物,81.58,¥,券后价,tb086198083,潮玩集合社,回头客4万,3000+人付款,广东 广州,"店铺满11减10, 48小时内发, 包邮",款式类型:端盒 | 出售状态:现货 | 系列类型:联名系列 | 品牌:TOPTOY（玩具）,https://gw.alicdn.com/imgextra/O1CN01wRE7ds1qROJYm1oy5_!!2224965492-0-picasso.jpg,//item.taobao.com/item.htm?id=862663961210&ns=1&abbucket=10&xxc=taobaoSearch&mi_id=0000AlRih_2UceCZo7pLj6oquae1QRnHCiam01o1Uj9cGgY&skuId=5681946776229
940093928212,日本动漫女生手办福袋初音二次元美少女蕾姆盲盒阿尼亚性感模型,10,¥,,luyutao_hehe,女大学生手办福袋屋,8年老店,4000+人付款,广东 惠州,"48小时内发, 包邮",出售状态:现货 | 适用年龄:3周岁以上,https://g-search2.alicdn.com/img/bao/uploaded/i4/i2/845811120/O1CN01NJy5141K90ernSPdD_!!845811120.jpg,//item.taobao.com/item.htm?id=940093928212&ns=1&abbucket=10&xxc=taobaoSearch&mi_id=0000tr_zwPmieTY3jcpkThGx2bUb3-LtBTR1NP6ANG0FdC4&skuId=5834395788013
996497336359,DORA百无禁忌大表姐潮玩偶手办盲盒摆件车载蛋糕装饰礼物女生国版,28,¥,券后价,tb372475196239,萌奇奇潮玩屋,,100+人付款,广东 中山,"官方立减12%, 退货宝, 包邮",出售状态:现货 | 系列类型:联名系列,https://g-search2.alicdn.com/img/bao/uploaded/i4/i3/2221148531716/O1CN01vWhD061OXykpuaJc1_!!2221148531716.jpg,//item.taobao.com/item.htm?id=996497336359&ns=1&abbucket=10&xxc=taobaoSearch&mi_id=0000oNb-7y0vXOIzWyRi2V6BG4SRRRdmkGIG_3BJ_Ur8fBU&skuId=5974308428927
924096259099,52TOYS迪士尼史迪奇暖粉盲盒史迪仔手办摆件潮玩玩具摆件新年礼物,69,¥,券后价,52toys旗舰店,52TOYS旗舰店,回头客6万,4000+人付款,浙江 湖州,"官方立减9元, 包邮",出售状态:现货 | 品牌:52TOYS | 商品状态:全新未拆封,https://g-search1.alicdn.com/img/bao/uploaded/i4/i3/3951599478/O1CN017tJYBq2Jsz1kklvVl-3951599478.jpg,//detail.tmall.com/item.htm?id=924096259099&ns=1&abbucket=10&xxc=taobaoSearch&mi_id=000061lZY7Hgeicq7Qy8IjtIhGtimVlriLhnf0z0VlIMROI&skuId=5930710504616
959541412532,稀罕的原创红楼梦主题国潮文创盲盒潮玩收藏手办摆件送礼,68.42,¥,首单价,绛红宝鉴,绛红宝鉴企业店,,100+人付款,江苏 苏州,"直降4元, 店铺满320减8, 淘金币已抵1.58元, 退货宝, 48小时内发, 包邮, 公益宝贝",款式类型:端盒 | 出售状态:现货,https://gw.alicdn.com/imgextra/O1CN01GNcRgL1fRQZTgw0nr_!!2217280974003.jpg,http://click.simba.taobao.com/cc_im?p=%C3%A4%BA%D0&s=1666865223&k=2393&e=54APpclAl006QRG8Xu7rL0VgnSLixa%2Ft0RH7mOXeXGNszMb1fsbcUg2zBH%2BJhjjOpPaiwl5wO7z4wJwvWY17IOD620g7FCW1aTPf4Bmo3O%2BIv5MzBu9r9OB%2FKqAt6T2D9%2Fj5NeXR1Q2XJL8cKmbLuKUa2WDva4udp7ava2xrX2GtCF0gf8tRYpPNZFu8f4J%2FwJ3Iw%2FA%2FSuoRWv1Qt2CMDg%2Fj5M%2BIoRDeTAv0oefNuu%2B7ywURXbgc%2BqvM4hXoAUluVFb445sJjx1O%2FTWkGStRxB1y3NrEi1iheLRDOKOV7AKaFAXeZ8A3UELG11TxMdZRHZiX80ANH0dLduh%2BxR9ZXOqbLjt9ADohAKK5D63u%2BABCxuJBZZagjIf9jDIJtotuO5Og%2BVVDLrbRd69yG2PfD%2ByT1UB3qczEHTy4FFLj32gZzpVL85ZJhBYkAOC55ryNQ6Am46pTuzzdNDAzgDCjqXkt%2FxXW8YbvW50tr9X0j1HEa2qUx%2FMiLBbqwjFJqI751Nx6bxM9m%2BVmUflSBgCseweXndfwA2I2rAaLUHOBIlQZyF4GeIj5arQcJg193XRRWWK3eNqggkC1D6vA%2BD06SwTnqjUOiRPgh%2B2EkviPGW73vHHChCwwpzbh6Y75%2FYkCY9hMtHrBVY32iIWFaP3%2B6OGCe4heTAjpi%2FoXGw0R8MVS8D00LSmGVnx%2F5RoVeYVlcCsrOZLlZMEETgnLrkpN2Sz8QjC3mQylcfuvbsVXovcHl53X8ANiNiTCUDkYkB3s4s1HWn5ZHukha5XgO3Hx%2BQmNRpWJ%2BJrua6L2SOcw80r8V8196mPUjd7HK%2FLHQLrENGUouGf0OGT3vVe7Fn6cOGE7MfpTN9qBP63apueyAlt3g00u5Eh60UpjWrkO2lYpqPkzPLovQSDjQRguYYmUGUodk1r3swbZ9cV0k90t%2BZY2U376i50bUeD%2B5gl1z%2F%2FaTdnuLEDUD%2BBFiewE23XW4%2BVKGVMLjzd12bdILUhY4rpcIo7OV2gFUP1Bayi5I8H1FoVHE4ChjMaVjnMOwvRSguy8QiZTa29B2vLFiNGHoUXq58XE%2BV6TyTkJI27cyNxvDZYU79ygv%2F27Bc3FbHXpdSN%2Bk4W%2Fz310ZT81ra6phr7qM1AGQYKKasxpFi%2B5ZyUZqBOW%2BF79cWMAYwffb%2FddkA1JDKIH8wTntwSbEi9jsU2zySPznz3FqEXZIN09GZpRkALRIblVg%2Fd%2BHR284jkW3ZCUqT8yHL6PMgHzfJNB%2FZv%2F9uHsUBY7I2r4IRdU1pN30lvz9CmhzK7zEPxV7acCZ2ay5eQwzsRr61XqD2SPmuAqp%2FUSQNtxmBQKbCwYDls%2FVat5yHiF97Tb88A32PJ%2Fy56a3SuUuxwcqaaWvAJuZONHwrFzBO0ZhZvOqIMzgI8LN2OU4oRJrtkSTgbTfln0qo9GgGBs9nXOdZWivrPxwPgcT1LWonVvKwaCSp3rLBm2TuUyv92OBdqQfCBwNshX62CVHM8rEEh%2FWK95ymUfzJkgC%2Fg1a6JFG4Ri7dO7B%2FL8ETlvCCWB2%2Fj7%2FtmMvWSxYA8wRlwMAYgoULiuREuKO0xtH0mIoahU7reHVu%2FiFam6b9hTKH4NjdEfc%2FGf3DLQNW8eSe35IgkEM%2FQhHCV%2BcaIL0xvoMW4CzSTiY5wuimI2bx5J7fkiCQQz9CEcJX5xop%2Fqo0hlOxh%2BKsi1%2B5MOuSTHoF9IH%2Fs9KGgloXwE3GEGz8xP3U%2BmC1x10LCMwwphJI6B8DZTH%2BvP3ssLxk%2F5EXK7wTILbkm9IQ66lLPE8uw5KSc%2F6eWIJlVC8OE3J%2FgcAOiemeaCD2Se0z3KVhFLcQqZMG%2ByWgQeBs%2Fd%2BRQ4BEu9dI6nGt61Sp%2FBjqqQHfODmqfbDXO755bmaXm3YP04b5a2DDFjTcEEyUOSwkh0zhmoewZBezR46QGtZhxk%2F36CetOCtAa1RoRfh9FwPQLdhvkWCxKbIDuJQXHbOSE5bvRge9RcnezMmvKd5dLbpa5IuW%2BMEFapBhMlbxoH3gigdmXFul%2Bsx6U3v%2F9SiHEAkl0D06siaFFFbxGscyCMwKJnMTr%2BNi%2FG3LjA2nuu19L4p2wpSh8o3seA8pKRrxqA3PnAOZvImR4zZtr0FhSAIscGdAuJ4UlvSuITTL%2Bj%2FuM%2BdCYNlKp0bVpkTiPRM50FzJvUyCXqmGQ3sZbgRVKonaa5b5CD3Xi86lmWOR7VBQdiyCNpSzTWy2fUMY%2FoxCEi%2FkYaPy96xM2%2BQMdNLYEpHtIl2gzFcuewodQyXtc3ZQgqhv2ObYmoWjuLuZUbAG7prEOL2kmKg7BzVXcIwZDOX8mvuxXLOXG3pUQQHE9S1qJ1bysZGG3hkIrntYkjdqYMnNw8tq%2FZ0NOntCdQlEOlOh3OEg%3D%3D&mm_sceneid=1_0_6445106444_0&a=xxc%3Dad_ztc%26mi_id%3D0000V-rBmuJ0BlGpmX9TQsAxexYMpsLcUi7y3CtZBEDSKKc%26skuId%3D5515125241114&id=959541412532
986633245113,"[新年礼物]PLZDOT官方爱宠大机密""小白的生活""盲盒兔老大玩偶公仔",69,¥,首单价,plzdot旗舰店,PLZDOT旗舰店,,2000+人付款,广东 东莞,"官方立减12%, 直降6元, 淘金币已抵2.07元, 包邮",出售状态:现货 | 品牌:Plzdot,https://g-search3.alicdn.com/img/bao/uploaded/i4/i4/2218599385996/O1CN015LDNUL1uADuKwY8ry_!!4611686018427382668-0-item_pic.jpg,//detail.tmall.com/item.htm?id=986633245113&ns=1&abbucket=10&xxc=taobaoSearch&mi_id=0000K7qyrvOvxTho2-I2mPQd1aWJrgw1peAfM5oSUfcqmuw&skuId=6114768634317
960283200200,POPMART泡泡玛特 SKULLPANDA 庭前墨梅系列 古风清雅盲盒礼物,69,¥,,泡泡玛特旗舰店,泡泡玛特旗舰店,回头客20万,3000+人付款,广东 惠州,"热销爆款, 退货宝",款式类型:隐藏款 | 出售状态:现货 | 品牌:POP MART/泡泡玛特 | 商品状态:全新未拆封,https://g-search2.alicdn.com/img/bao/uploaded/i4/i4/2885348004/O1CN01LXWuuM28ztEUFH2QK_!!4611686018427382436-0-item_pic.jpg,//detail.tmall.com/item.htm?id=960283200200&ns=1&abbucket=10&xxc=taobaoSearch&mi_id=0000TAxHHLgcdRxe4KCkeUD9Oogozk1OMQWYh7c2iOLu7TI
969182873262,POPMART泡泡玛特 王者荣耀峡谷萌新-峡谷感谢季系列盲盒摆件手办,55,¥,券后价,tb160998713,SP正版盲盒店,回头客10万,2000+人付款,浙江 台州,"店铺满39减5, 48小时内发, 包邮, 酷动城",款式类型:隐藏款 | 出售状态:现货 | 品牌:POP MART/泡泡玛特,https://g-search1.alicdn.com/img/bao/uploaded/i4/i4/2208399554429/O1CN01gsulSW1iaXGDIBI5K_!!2208399554429.png,//item.taobao.com/item.htm?id=969182873262&ns=1&abbucket=10&xxc=taobaoSearch&mi_id=00008FHXs1S-Kh3y1slggXAivblcz9-GGD5Ox1TEocbFJII&skuId=6081894414739
1001835398935,KOILAND另物赏甄嬛传盲盒,79,¥,,另物赏旗舰店,另物赏旗舰店,回头客1万,600+人付款,广东 东莞,退货宝,单款概率:1/8 | 款式类型:隐藏款 | 出售状态:限量发售 | 系列类型:联名系列 | 品牌:另物赏,https://img.alicdn.com/imgextra/jz3_1/2208289719268/O1CN01WXu8nW2IKnqrzg8Cg_!!2208289719268-0-alimamacc.jpg,http://click.simba.taobao.com/cc_im?p=%C3%A4%BA%D0&s=1666865223&k=2425&e=UqP0SzoCyik6QRG8Xu7rL0VgnSLixa%2Ft0RH7mOXeXGNszMb1fsbcUg2zBH%2BJhjjOpPaiwl5wO7wZYwEdKm%2BtJleo6JVbpprXsnTwFkrZ%2Bag8THYs9JFY3%2BB%2FKqAt6T2D9%2Fj5NeXR1Q2XJL8cKmbLuKUa2WDva4udp7ava2xrX2GtCF0gf8tRYpPNZFu8f4J%2FwJ3Iw%2FA%2FSuoRWv1Qt2CMDg%2Fj5M%2BIoRDeTAv0oefNuu%2B7ywURXbgc%2BqvM4hXoAUluVFb445sJjx1O%2FTWkGStRxB1y3NrEi1iheLRDOKOV7AKaFAXeZ8A3UELG11TxMdZRHZiX80ANH0dLduh%2BxR9ZXOqbLjt9ADohAKK5D63u%2BABCxuJBZZagjIf9jDIJtotuO5Og%2BVVDLrbRd69yG2PfD%2ByT1UB3qczEHTy4FFLj32gZzpVL85ZJhBYkAOC55ryNQ6Am46pTuzzdNDAzgDCjqcUXqZeHsJ3h0pFC2rDki1kYgQ7HjPcWsD2d8I87cihAdw%2BaHx%2BRFyy0Z2hZlUoSupkUCRjFcMRZQee6rKuPi%2BfQwaOK2WixHow1f6d2YUhUy4%2BVLfLK%2BO5%2BiG%2FMcwXTrN6jbYZwxOo87W3N7fP%2BMvb9utpSu4ne4cyvTprSE81O9bWQWAiXL%2BvJuAjuq8mTaJIfsO29xM1HFRjacWO1DNcWkYmg00qisEAPwH6JlxbLbU3ggDmpFD%2Fs%2BWTd0xiTSS8HJPzYpXYDDLkpmsDh7dWkL0pPMnvgXD1qKEEuYIzsn0Txq9see5PeMAGsWyGe4goxr%2Fb%2FrnpfWLaqCBRERbdkiU9pl53R22rSsoTxIzTV%2FFfNfepj1I2q3I7OI63BRRjSYrEezba9DZSqdG1aZE5T9Jxov19tB8gl6phkN7GWkdbGer4fIs4fexFIG62ekJ7f2nXji%2Bclm9M5kjoHurmwcUhwl4pfpmxZDHMaLp4JHAdJz2HJjnN5LOgSSr1HScMkl6SHw18l1q4%2BygBN8MEA%2BdHstK2HhYnXn9dR3UPWr%2FOUmpBTrr%2FC582Mwkb1%2BQKf6TeOKbPRxPUwY62QXEAVGIHLcBR752CUclPL7jFhJbdqHzbOpsJAoXHGEUEYMmHdURKZc8IMI0zKa7AndFqLdF2Ym%2FVgTc%2BFN8QlAHghCFel3U64f6dgCEQX47A5LbaukxDH%2Fv22CTUnv2GX4OxuwCslh525RgC91tCBQ8KXJQhT94nU4%2BhG5TsR%2BzPccdF374VQ0hOqgu1GYhKJaMnxz4171hzzGVpnfELcaxK3PjVwee23cVgUulpoP9MMU%2BDCx0ZpgOx12M5ojPu5LJtO5UYp%2BORoSlO0BqjsqN0iGu8QowynE6s5o4G%2F2hq3hNlPiEMcoWj3lgfvx4Mu5%2B8yiv0SXTZPZZD0OWa41%2BBqeRyFUe2ek2Rz7AkI%2F1ssoMEN%2BYBIGQkH2XyTJkma6x40R6fHRiTSOeOwXiI6EYdwYudYQjlAbbxAD8B%2BiZcWywmsSxCVvLQ2WfuGWiA9ZIPp1EndRv6EeYBjlozG5XTfWR3SycEr9yUPidOYj1LDlyyPFcj6xUGbgdd2WKlH4MRKocokYPdI7FUMw9OUhR3A59MdwZUW3YtJZdyQXUVcx3IfNMpj2VpIfIRrh7kypg8yh%2FMOUhGSMFJe5x7PhYg9s87FfnlYd3wL0xvoMW4CzSTiY5wuimI2h1DuZJ2cZjfeMAGsWyGe4ul0xRNuaGvrKPLB2gr2PWxFetmLpJHP0IRi5Gu3uhhmnjOZedunM0uOqlougWfRqennJjWP0tMDqTVsaUHLvGi7kY8ThagfxKsL5k9aKKbmLiZe%2FqUpCIMqJVx4wff0uels6hX2vedIc3gTo17Nsk61hBwIK0Ht4TTcFq9cQApXUP5mxw%2FzBH4evMDe6q3iR19wJhbC%2B%2F0SY8v5Yxqt8EPG495Vl7gcbNdRuhd52OEHx%2Fd0kS4kYr0F6gGF1IQVk6eIAe7sUZbahE5kJ2AEKQ9A0s5Kis1jGANAAobp97WdhmJWYor2i59U9XO6xudVwN9kCLK2%2B6g3xLuCfKwWJdRKF4CFnwtSHiXsFEk3CZPuxpOFvSa5kIPCc1LHwmZ%2FUju971Rz0I0jDwfJ5uh%2Bt6WnfVzkXBnEZ6Gbis%2Bl5JfLSh%2BFiy80pSoP%2B1MqkK3n0BCVy9EDS6mvojqJQc8K8y1CYcq%2Bf7Rhvj6y5%2B7Z4E%2BIXgwpMpa%2FFRQdwpDqFbdX%2BbGSJfubM2pLkIPdeLzqWZaY3Hk0bPjx5gM4t9kDckmwNNwWr1xACleVCaj2S1259sO%2Fszt%2FEvUuhcMjQRNJBtNY5BinK9EDDXMpG0%2BcgxFgxiYmJMhNEyGRuX67W4e6pMIAwgO6za06JkNkirZvs0%2FcDU5a74TmmokjdqYMnNw8tq%2FZ0NOntCdQlEOlOh3OEg%3D%3D&mm_sceneid=1_0_1299290200_0&a=xxc%3Dad_ztc%26mi_id%3D0000c9_r1AcKzXRWlWiRgAHMAzC3i4yb5-CpXuD0srZ9kkA%26skuId%3D5992327185561&id=1001835398935
959217562682,哆啦盲盒摆件玩具国产手办公仔潮玩福气满满整套女孩网红礼物,144.8,¥,券后价,然蜜屿旗舰店,然蜜屿旗舰店,,700+人付款,广东 汕头,"官方立减12%, 包邮",款式类型:端盒 | 出售状态:现货 | 商品状态:全新未拆封,https://g-search3.alicdn.com/img/bao/uploaded/i4/i3/2219521931177/O1CN01fxcAVR1KZ7Eev8hHI_!!4611686018427385769-0-item_pic.jpg,//detail.tmall.com/item.htm?id=959217562682&ns=1&abbucket=10&xxc=taobaoSearch&mi_id=0000g1qDlpskCq6mxcOBDoVwciyhyAi94lIzPDYXT6L3RMw&skuId=5843303625915
996106900015,HEYONE黑玩Ozai哦崽时空旅人系列盲盒潮玩公仔摆件周边手办礼物女,59,¥,首单价,oristaco旗舰店,Oristaco旗舰店,,29人付款,福建 泉州,"官方立减12%, 直降6元, 24小时内发, 退货宝, 包邮",单款概率:1/120 | 款式类型:端盒 | 出售状态:现货 | 品牌:ORISTACO,https://gw.alicdn.com/imgextra/O1CN01Oje23h1bQH74YEFS0_!!2217195163459-0-picasso.jpg,//detail.tmall.com/item.htm?id=996106900015&ns=1&abbucket=10&xxc=taobaoSearch&mi_id=00006iCbRMQEQggd9A6sjZ94DEzvdr0nwoPViBtXfgeEoC8&skuId=5974507153716
,,,,,,,,,,,,,
957976975975,TOPTOY三丽鸥家族星夜派对魔法师盲盒手办桌面摆件酷洛米女生礼物,69,¥,券后价,toptoy旗舰店,TOPTOY旗舰店,回头客9万,600+人付款,广东 广州,"官方立减12%, 淘金币已抵0.69元, 退货宝, 包邮",出售状态:现货 | 品牌:TOPTOY（玩具）,https://g-search1.alicdn.com/img/bao/uploaded/i4/i4/2211430099222/O1CN01XxIlG02HzjXlbUjjW_!!4611686018427382038-0-item_pic.jpg,//detail.tmall.com/item.htm?id=957976975975&ns=1&abbucket=10&xxc=taobaoSearch&mi_id=0000zq6jyBrUsfTSaeChS95ZFkliP8f-4_t11kWEtLrFjIU&skuId=5864573443267
946792989781,正版pettydust韩国小恐龙萌粒植绒公仔盲盒迷你盲袋可爱玩偶礼物,69,¥,券后价,趣益雅旗舰店,趣益雅旗舰店,11年老店,500+人付款,广东 中山,"官方立减12%, 退货宝, 包邮",款式类型:端盒 | 出售状态:现货 | 系列类型:联名系列 | 品牌:iiE CREATE/趣益雅,https://g-search3.alicdn.com/img/bao/uploaded/i4/i4/2098719844/O1CN01qTtzWE2MabwNUSfj7_!!4611686018427382884-0-item_pic.jpg,//detail.tmall.com/item.htm?id=946792989781&ns=1&abbucket=10&xxc=taobaoSearch&mi_id=0000E6F1lUvvQS1FhnSuEvncTlk5t3v5YM9MdU0KkiDFXgs&skuId=5854486605654
1001683184556,洛阳唐三彩小胖马年盲盒摆件吉祥物公仔小马福福文创本命新年礼物,17.4,¥,券后价,壹亭生活社,壹亭生活社,回头客1万,200+人付款,上海,"官方立减12%, 店铺满50减5, 退货宝, 极有家, 包邮",主体材质:动物 | 表面工艺:半手工,http://g.search1.alicdn.com/img/i1/110030134/O1CN01kJR29V1CrQBiqfF9j_!!4611686018427383094-0-saturn_solar.jpg,http://click.simba.taobao.com/cc_im?p=%C3%A4%BA%D0&s=1666865223&k=2393&e=ca5lZzyLM3k6QRG8Xu7rL0VgnSLixa%2Ft0RH7mOXeXGNszMb1fsbcUg2zBH%2BJhjjOpPaiwl5wO7wiBhZIM%2F1O1xp68q616tXqq18kYRsepFWSa4PWL3I3UOB%2FKqAt6T2D9%2Fj5NeXR1Q2XJL8cKmbLuKUa2WDva4udp7ava2xrX2GtCF0gf8tRYpPNZFu8f4J%2FwJ3Iw%2FA%2FSuoRWv1Qt2CMDg%2Fj5M%2BIoRDeTAv0oefNuu%2B7ywURXbgc%2BqvM4hXoAUluVFb445sJjx1O%2FTWkGStRxB1y3NrEi1iheLRDOKOV7AKaFAXeZ8A3UELG11TxMdZRHZiX80ANH0dLduh%2BxR9ZXOqbLjt9ADohAKK5D63u%2BABCxuJBZZagjIf9jDIJtotuO5Og%2BVVDLrbRd69yG2PfD%2ByT1UB3qczEHTy4FFLj32gZzpVL85ZJhBYkAOC55ryNQ6Am46pTuzzdNDAzgDCjqd8stunDZfzL6FWxud200enprA6DKfDgk%2FNMIvLgVsqcq3KTmrHHyO85ziXqdy9LxfaF6M8%2FqLj2jwhO7Ojkqns6ROUJ%2Fsn49H3V6iTq8APD41l8o%2BB3SW0HWBSzAUB8LiAxYof4juYsqfecGmUg%2B%2B9n4kzuiXMw2e6FVPiFNIZFIq7XJnIi9rCQzYZRTgXez%2FkQ%2BTn1x6neBx8X2kVVfFo3%2FyLP9z2Bpn18H6gWkyVb7Plk3dMYk0mEbFRtd5N08RemmyUkcLFw6t3ZJFAZTzgEA1cWIUB76uPjROkoMXE3UAQXnP3zVZwzMM7mu66S%2FfBRaK2CAS4Bi%2BvcllANQgZUlcyoZanv%2B%2FQTDp4jvxvhK0x72dasbb3%2BoK1nuhehozwySi3FSyuk%2Fj1bLEYFS2qis2Nc%2Bnwn%2BDnLFzEg%2F%2Fr0lo%2FdbXYJLWCdgF2Wc%2BcNGoAiOhALI0vVF%2F0OmPgXXMY2U376i50bUeD%2B5gl1z%2F%2FarzuM8qC587PieQEfP7CrSDGAdEhsGUupwI4Ba99DFl1V3%2B5IY1ustVUkvTGrhwDoTsuV9q83IWnU6RkefXGP%2FzwG2A2wtZVRMIi%2BfYbc%2BMyvRhkO%2B2oXWFfv0LxUusUVTtoz%2BOJpRov8QQT%2FHxElHZwsaOxcTMTPtR3HLH9z039Ju%2Bb6qUxCays40fQMeRZeqMv4699r7NEg3bZ1trorz1h0YaUU5KDeiGwT3Vw8krXLwbS%2FwC5p5jHxe3EN9ER6EG7mb89QzTs%2FWiBkQT0PApSVQSG3v7XS%2F2qVbbB9obDogF0bWf3EMGaI%2BBSfHiABWKcNC9aCYYKyUcm%2BTXdi8Oh1B2K9v%2B43nGc%2FohWC8Oc%2FSz3uSNxI8b4DkIhMX9lzPi14%2FwkGEBBtwX0t3P%2BuTUbHbNFpliUcjrVs4qqih1IAz97fUDsAd455dDhICf7Rm86ogzOAjws3Y5TihEmu2fEXz2jypeGZLB6kPWUcIB1lXscecBSPUGJ6mQ%2BkUR46WRPsQT%2B9Kl1O5TK%2F3Y4F2pB8IHA2yFfrYJUczysQSH9Yr3nKZR%2FMmSAL%2BDVrokUbhGLt07sH8vwGvOzWs8a3076uFbP56hnMuAYGwMrEkc4Mgsgpyjmol7SITTVj7xx9r7HP4AP3ccs9lJw7mH8CDx9z8Z%2FcMtA1zR0gnjEPBK0nKMD%2B1tMZl6iwxLNFFeD9KLugSjyTXwgskj7XHSNbLaMHd7T2UrzkLWKidkuPBj6JXqrkywljU8SXWC5pl39lI6hAqx5p14h8EFBnPZ31lIqVJPqruFf5gtV7DWQLS5Nwu%2Fl5Ni9S%2FMsL%2F6goEOOeUFO%2B%2FQM01fhfksXbnllFMnK7kGehSgb0%2FF0F5%2BMYxDDyqJJTSUtmWW9R506UBR0Gy83L7ZVAcYI16VwrlxBS6UgA8pAI1DwVgVnR%2BmAAWYBG9CZHvCkbjeKJO4wwwvwH03VmrUK91aOv1wiJtQg7o8DRALRkNm4TVSCSMLbZ1tE%2FAqW0rtYcIKtViTvbyNtGIGqY%2F3SQb9cx%2FzCd1KV4TsUiKXSxFqH2WBFkAi7%2BuA%2F%2F550MOwu0wdPWEXkYnJmj4qjdLHYGOlmoFrhld0scl%2F1a6bGqFz2SkqbAbx2ILECvcGjOk%2FFvfCZ6pUjMJ596XUeprdasuSM7eKAu4pHG7SGIIjj4%2BI5ufdXqJOrwA8NgeEGXAimcSQwWgWUSRDXXTT%2BfoGsg2TeH%2FmFHbui0jDFjSqp7uWGL8AO%2BL8x8c8hgbAn%2BiIF39Dltz1KT2JHDjR7Sg9oaJ2LRZsDU%2BPDGvNkaQXmf4Nx%2F4MuF3HniyygxsAicpTvLIScowP7W0xmXGdpJIYOxudXTgoXtEiuu7fu9oeSFT26KN%2F8iz%2Fc9gaZv4jGo4JPZe7ySMUndzkiUHouj9d52XrJh%2FK6kT9iZdQ%3D%3D&mm_sceneid=1_0_110030134_0&a=xxc%3Dad_ztc%26mi_id%3D0000PMCxLhJTXWxkJtj3cQwvZeGv3_WgqbGVo0xIVlKatTg%26skuId%3D5986645976834&id=1001683184556
722790352546,古风盲盒时遇春风2026网红新款女孩手办可爱摆件送女生生日礼物,20.8,¥,券后价,徽州古语,悦潮玩,5年老店,900+人付款,安徽 合肥,"官方立减12%, 淘金币已抵0.83元, 退货宝, 包邮, 公益宝贝",款式类型:隐藏款 | 出售状态:现货 | 系列类型:联名系列 | 品牌:昌栋工艺,https://gw.alicdn.com/imgextra/O1CN01jrvMGP1oT6Z7VsYBU_!!3170375225-0-picasso.jpg,//item.taobao.com/item.htm?id=722790352546&ns=1&abbucket=10&xxc=taobaoSearch&mi_id=0000sL6FNzQ19wZmoG57mOERd6MBa63s0OGbWFe4Z0U9hzU&skuId=5196406410424
843905088839,洞洞乐盲盒礼盒空盒子戳戳乐自制生日礼物抽奖送男女友创意惊喜盒,16.3,¥,,一介优品,一介优品,7年老店,4000+人付款,浙江 金华,"48小时内发, 包邮",适用人群:情侣 | 适用节日:节日通用 | 包装种类:盒装 | 风格:卡通 | 产品名称:洞洞乐礼物盲盒,https://g-search3.alicdn.com/img/bao/uploaded/i4/i4/3907698787/O1CN01B6FIqC2EmVEG6f5D2_!!3907698787.jpg,//item.taobao.com/item.htm?id=843905088839&ns=1&abbucket=10&xxc=taobaoSearch&mi_id=0000Wqgo1gzLVrXH1zF7elO4o834RONYF6924J_o52f45Tc&skuId=5788624059698
967987436796,"PLZDOT官方小熊虫""这像话吗""系列MINI盲盒公仔可爱植绒摆件女生礼",39,¥,首单价,plzdot旗舰店,PLZDOT旗舰店,,1000+人付款,广东 东莞,"官方立减12%, 直降4元, 淘金币已抵1.17元",出售状态:现货 | 品牌:Plzdot,https://g-search2.alicdn.com/img/bao/uploaded/i4/i1/2218599385996/O1CN01AI1mWq1uADta9VKMV_!!4611686018427382668-0-item_pic.jpg,//detail.tmall.com/item.htm?id=967987436796&ns=1&abbucket=10&xxc=taobaoSearch&mi_id=0000ZYVUt1swyQNv_vRY4L186z3P1bE309ZxN0UOagPWFb0&skuId=6081043234438
981194360428,官方正版多事猫系列papa猫潮玩手办盲盒可爱小猫桌面摆件女生礼物,26.3,¥,券后价,paws鳯爪,PAWS MARKET,,1000+人付款,广东 广州,"官方立减12%, 退货宝, 包邮",出售状态:现货 | 品牌:PAWS NOVA,http://g.search.alicdn.com/img/O1CN01Gfbguu1mTRc6Qrac8_!!2217041534955.jpg,http://click.simba.taobao.com/cc_im?p=%C3%A4%BA%D0&s=1666865223&k=2381&e=5ltFuVFm%2Baw6QRG8Xu7rL0VgnSLixa%2Ft0RH7mOXeXGNszMb1fsbcUg2zBH%2BJhjjOpPaiwl5wO7zIaCQ75sNnNc0TvfN2nXqdnHSFWhC7z0CIv5MzBu9r9OB%2FKqAt6T2D9%2Fj5NeXR1Q2XJL8cKmbLuKUa2WDva4udp7ava2xrX2GtCF0gf8tRYpPNZFu8f4J%2FwJ3Iw%2FA%2FSuoRWv1Qt2CMDg%2Fj5M%2BIoRDeTAv0oefNuu%2B7ywURXbgc%2BqvM4hXoAUluVFb445sJjx1O%2FTWkGStRxB1y3NrEi1iheLRDOKOV7AKaFAXeZ8A3UELG11TxMdZRHZiX80ANH0dLduh%2BxR9ZXOqbLjt9ADohAKK5D63u%2BABCxuJBZZagjIf9jDIJtotuO5Og%2BVVDLrbRd69yG2PfD%2ByT1UB3qczEHTy4FFLj32gZzpVL85ZJhBYkAOC55ryNQ6Am46pTuzzdNDAzgDCjqXkt%2FxXW8YbvW50tr9X0j1HEa2qUx%2FMiLBbqwjFJqI751Nx6bxM9m%2BVgAjQLtdjjcVHZGuxzzquA1kfoYzL316c2lwANsGTH2wRBfQXACJ1OY7Ne6AkavqFVGoifn0nEzhXwUd1dxXabaNuyTcdWsUXMuxr0gKOpVXnMmE0VH0DclQiZxkcWRRMgsYPq8G%2FHV8M%2FAGVj27gQBZgQ6WRblCVaLheBF7f%2FOqAR8MTU8Xez96QSK0pwteTrtkWWXSmAxkfu9MbEesFHNAnbzYPu3ORIEM78K0oSoXsmn5NQjTy9x%2FkrDpwQNc5%2FIEjZ7f%2Fbaz4WMG1oIs6etbRE7L5J2iWh9E86QqV77cbOtTsgDIaEZvYZgLhyeWcKwDd7LRFUVzdlKykegLp3POdWnR6tM02pLCk3vEcFNdmq0ne%2FmPbiY3K9RgEnV0%2Bp8OBIkhu33tfBnNGAsYRJ0BeugelVd0JR2Rrsc86rgDJOhCELCEYVU7rn%2FJ27uiW1OIRJv5rKWpr7L4vskP1kgHbQTZ5osUEpPWhvNKq4UOqva08FOzZcx4cMj3NTGrzV6UaNvAPGEq01qRwhzlujAqVv7bXyGdiFwNMiTSRkZ%2FYNTRpRLXPK4eZL5nQYsGznQDbbU7ZnL%2F%2Fb%2FkQIopB%2F2kMqBz50XaqfAIk%2FH6Z02skWXVhPGh511NdsIHvF7zsTHrsxN%2FTp5J20jddcMGFVnYVP%2FoO7ZC3uCW%2FwsO108cju%2FGDlkeSdTCcYEhlrHa7rA1JbVG9629GayJqKtasNtTfQJWdv5eOYpoocezgUxXixZ0%2FPzqrlZfZxMtPemKJVGoifn0nEzgRBfQXACJ1OJr0CV6XvQtU2lwANsGTH2xXwUd1dxXabq0e01KQe0zH1lFjQAV4%2F4rLXtgcw6CjHOv42L8bcuMDQqHyymArGKdbbSCS9SpnlzeOD6plbSgsDRJx5PS%2B%2FdgbVAEXomVyuAriptpmJ2XViHaDHl41%2FzYNB7iEHLY20byXMfz8FECpXHvheD0zdIHsQCOKzUjF17biOnBY37XBz5R5%2FfW%2FqKluVndPjziGYJKxPAVL0O2F42UKzB%2BypqRaJa60bSFm1%2B3rUW3mAlKwTKBMDX99oLB782D7IznlqzOM5hXwQxVf9La%2BereLDaaZyolWKU7jml41cpxDm1redIO%2B%2BCV9Tc5KkKAX3lY7PpnKiVYpTuOYJ8VGXHAmhVV%2BOd6xtpB%2Feo7ba4oC51A6K0%2FOj5O1KJGg4my%2BjIP9ZpKzKEiuOIxpoz%2BVMR1aNOjeIe8OUaa7oQaVFnjjnhaGhTovKLcvtblBTvv0DNNX4X5LF255ZRTJG%2BliYTmSZiRAnpTUeM5ds70cqQfuau0Oci0xwPI3B9O9BfYRW1IJLUvqpdm4qoEj69uGpiZLOldf8%2FsE4IIDtEkF1hvkOkfl87GGbnK5Q6uthnm7WQlPbpnCG2rwtVcaVtjGFgLkRhpEk8Rzf7ZmMrdWlZcbppEyu9VU4E98FTmbvKZTqyfVAud%2BbRSwAqpIEMvl5g0QAOkb73%2BwNCxkAu%2B5nggN8DYF8tUP%2FXH%2FRvH87nkQFBDqHjw%2BN8ovhtOyaKV4UKFjHDkth1AYX8746K30jkObqosKFExQL051bt7JQ8DiI%2F4G8flpKYB5wdEphku3ROVMNLMS92Yo1fRieGLJug5MbiEUMXUkMpuZqidRjYf3KLFbPbeSVjpSRrva%2BudZyxv458Y1PR1P%2FyFjLFiPDZKyHnEGayMGtNQ2Okk92ykMyjf6dHAdJz2HJjnM3Vgw%2FZxY0xUUZvpZMRMk6SBDO%2FCtKEqF18v2sAb5JHA%2BixFzI0r%2FsmyDn7kCeDt9oMYet9EZRHyIOEWBYezXZwIDt%2BoyvnTVZ%2B4ZaID1kg%2BnUSd1G%2FoR5lfxPfVE5D%2B4%3D&mm_sceneid=0_0_5359318639_0&a=xxc%3Dad_ztc%26mi_id%3D0000fHbsESs8rQ5y72ZWTKTD7YST-jpc0ISD51SXHM8y6NY%26skuId%3D5936922644262&id=981194360428
919220040440,网红三丽库洛咪盲盒摆件全套女孩生日礼物2025新款手办潮玩周边,68,¥,券后价,然蜜屿旗舰店,然蜜屿旗舰店,,800+人付款,浙江 金华,"超级立减10%, 包邮",款式类型:端盒 | 出售状态:现货,https://g-search1.alicdn.com/img/bao/uploaded/i4/i2/2219521931177/O1CN01gTCrsl1KZ7GHa1TKO_!!4611686018427385769-0-item_pic.jpg,//detail.tmall.com/item.htm?id=919220040440&ns=1&abbucket=10&xxc=taobaoSearch&mi_id=0000x0EtycEQheDhcg_CELNF7iFrHxvUaq9A2c0QsTQ2RYc&skuId=6101171722919
1011957516328,正版露露灵物语盲盒12BJD可动人偶娃娃摆件手办玩偶公仔隐藏款,213.3,¥,券后价,天天特卖工厂店,天天特卖工厂,买过的店,89人付款,安徽 滁州,"官方立减12%, 淘金币抵4.2元, 退货宝, 淘工厂, 包邮",款式类型:隐藏款 | 出售状态:现货 | 系列类型:联名系列 | 品牌:玩乐寻潮,https://gw.alicdn.com/imgextra/O1CN01Wp9mmZ2LY29Er3bEL_!!3937219703-0-C2M.jpg,//detail.tmall.com/item.htm?id=1011957516328&ns=1&abbucket=10&xxc=taobaoSearch&mi_id=000043q0aM_TcI78lMsn_XIIyayHU7RscSmJBcNKljMTzok&skuId=6179463762933
999222549882,2026新年礼物盲盒马年吉祥物公仔办公室桌面装饰小摆件本命年礼物,39.6,¥,首单价,pherovan旗舰店,pherovan旗舰店,11年老店,1000+人付款,浙江 金华,"直降1元, 店铺满85减3, 淘金币已抵0.19元, 退货宝, 包邮",材质:树脂 | 风格:简约现代 | 适用节日:新年 | 适用场景:祝福,https://g-search3.alicdn.com/img/bao/uploaded/i4/i4/2020808451/O1CN01l4OPIU2CIcGBMzvPt_!!4611686018427385603-0-item_pic.jpg,//detail.tmall.com/item.htm?id=999222549882&ns=1&abbucket=10&xxc=taobaoSearch&mi_id=0000fZhbyYTbDBHQmigZ3M1h50KkKtT1IKf26RjhcGa6pfc&skuId=5998871276467
890195664318,【现货】悸动瞬息西西里往事盲盒一万次mjd12分BJD可动人偶潮玩女,82,¥,券后价,hodgkintan,潮玩新天地,回头客4万,9000+人付款,广东 东莞,"退货宝, 包邮",款式类型:隐藏款 | 出售状态:现货 | 系列类型:联名系列 | 品牌:悸动瞬息,https://g-search3.alicdn.com/img/bao/uploaded/i4/i4/2000635076/O1CN010mWqUk1nMrV9w7Myl_!!2000635076.jpg,//item.taobao.com/item.htm?id=890195664318&ns=1&abbucket=10&xxc=taobaoSearch&mi_id=000015KJU58xj2FPhcCmujl8ImlFX25DroQKWPKmwPWCU5o&skuId=5946404834265
1011501843092,正版三小毛mini小动物挂件盲盒眼睛可转动少女学生日可爱公仔礼物,23.9,¥,券后价,tb251847528539,KOSMO潮玩,,23人付款,上海,"官方立减16元, 24小时内发, 包邮",款式类型:隐藏款 | 出售状态:现货,https://gw.alicdn.com/imgextra/O1CN01qY5ebp1kc1oXplAY0_!!2219612494703.jpg,http://click.simba.taobao.com/cc_im?p=%C3%A4%BA%D0&s=1666865223&k=2393&e=DbKeDG2U2Nk6QRG8Xu7rL0VgnSLixa%2Ft0RH7mOXeXGNszMb1fsbcUg2zBH%2BJhjjOpPaiwl5wO7yyB2kFhkJWp5mm0WTGpFdvNOnFLAkIWauIv5MzBu9r9OB%2FKqAt6T2D9%2Fj5NeXR1Q2XJL8cKmbLuKUa2WDva4udp7ava2xrX2GtCF0gf8tRYpPNZFu8f4J%2FwJ3Iw%2FA%2FSuoRWv1Qt2CMDg%2Fj5M%2BIoRDeTAv0oefNuu%2B7ywURXbgc%2BqvM4hXoAUluVFb445sJjx1O%2FTWkGStRxB1y3NrEi1iheLRDOKOV7AKaFAXeZ8A3UELG11TxMdZRHZiX80ANH0dLduh%2BxR9ZXOqbLjt9ADohAKK5D63u%2BABCxuJBZZagjIf9jDIJtotuO5Og%2BVVDLrbRd69yG2PfD%2ByT1UB3qczEHTy4FFLj32gZzpVL85ZJhBYkAOC55ryNQ6Am46pTuzzdNDAzgDCjqXkt%2FxXW8YbvW50tr9X0j1HEa2qUx%2FMiLBbqwjFJqI751Nx6bxM9m%2BW4DWvB5ANEU%2F9PHOAd1jg22ooKhZRhEjIbcSzuBGWVdAraUVspuYDcOKmlo216Vz5k2LMasEpUTH6FN4i6sFIk%2F4TlJHa0mWDJySCkEXQIywM7o8UVuRssrGtiC3NH%2FWADSWToXPfclxSL3X3ltaGLHSq8cBIAL6z%2B1GTN5LWWXqAR8MTU8Xez96QSK0pwteTrtkWWXSmAxkfu9MbEesFHNAnbzYPu3OS0exYht9bqK%2B%2FdeivZ7ubxiFNnqFc%2BeuW6qsFa6obfsF8fM0m9B3osDSjJdrwNql986mdpc1AkbdIHRi3%2BExncCTdAEgWNuqf3vVe7Fn6cOFi0hclC88DIP63apueyAlt3g00u5Eh60UpjWrkO2lYpiUlOqXPK7QHy4idSPxFt0qR5KixkSN0FfJTxl%2FHODZ6BAomU5TYss%2BRFUgHM1JDm8IYtHzmxRwXlShlTC483dTG1Ac7%2Bl%2FrXb3t7LYFX6wkdu43Rysgg46egnkcMKiO8U4RT3g9BE4IFeLdygw0tOQkji2plyElT2vLFiNGHoUXq58XE%2BV6TyTkJI27cyNxvqxZ9WgSzCPq7Bc3FbHXpdSN%2Bk4W%2Fz310ZT81ra6phr7qM1AGQYKKasxpFi%2B5ZyUZqBOW%2BF79cWMAYwffb%2FddkA1JDKIH8wTntwSbEi9jsU2zySPznz3FqAl1B36hbfhI0NKK3ZMQnFo%2B%2FTZrImjSDpCUqT8yHL6PMgHzfJNB%2FZv%2F9uHsUBY7I1R8Ow1xPzQX0lvz9CmhzK5zc7JeLVAIPGay5eQwzsRryckgpBF0CMsDO6PFFbkbLKxrYgtzR%2F1gA0lk6Fz33JcUi9195bWhix0qvHASAC%2Bs%2B4YZTTuqnCvxDC%2FLBR5NzJvOqIMzgI8LN2OU4oRJrtkSTgbTfln0qnL4CWCN3QtGdZWivrPxwPgU2%2Bq7qtgEQ2KFWQit1tduTuUyv92OBdqQfCBwNshX62CVHM8rEEh%2FWK95ymUfzJkgC%2Fg1a6JFG4Ri7dO7B%2FL8NeIm%2BTh4iSWZomIh2n5PNESDbJMXBWISOgy0V47iBnrPG%2Fzuxqmnie8tkQgKMN%2BxCuZUan6PvbEfc%2FGf3DLQNRdWyrSfM4FXkuiIQessBZyosMSzRRXg%2FSi7oEo8k18Iqqt%2FOQte2MfRPHdMe7PMhAicPy0YYLpfiV6q5MsJY1PEl1guaZd%2FZSOoQKseadeIfBBQZz2d9ZSKlST6q7hX%2BYLVew1kC0uTUJugm7QDEopaDgCRPcSkwoSJWznyjt%2BGbkNkdYokjwhx%2B56B3UGt4mY3KhAQuSfCNH0EXXoUOGoYD%2FzcPan%2FlNfBnNGAsYRJbXSGBLOJYcWT%2B0Z9p%2Fv7WxACPs5u5asCWvw6MeCdWtpQ0ha1wutnu6hcarHDG9ASqx7Te9R89OSJzDK5ZHK8oAALAz9m9w3MTMpBP8WZVq3WacCuEqLPsDP5zfqvCOTlnRAku%2BSrwS7lEt%2B8Lr4JdUCqgH2%2F%2B8pgFg10xGbNlSF8izbdSnUXVgInHv6sQD0vZ6MKjNdgUcIc8iNl5mlm3hk3K8EsmWbHQGnbMCsmjfNacPUATC2YFrebR%2FZVr6iWYPd05tJChg8F%2FumEqR2zoHI8EyMtsMAe0gdGLf4TGdwJN0ASBY26p%2Fe9V7sWfpw4WLSFyULzwMg%2Frdqm57ICW3eDTS7kSHrRSmNauQ7aVimJSU6pc8rtAfLiJ1I%2FEW3SpHkqLGRI3QV8lPGX8c4NnshW%2By9CozWqN4%2Fkxp1LiVScsKIu%2Fd5ThPCGLR85sUcFSywO5uM%2BO3I0LN%2BflaX8mtLEqcZUYBZh4I%2Ftz4lXYdjd4GFGQqKzwiX0GxiWa2RaqYqsEs61h117m6CI0b71iA%3D%3D&mm_sceneid=1_0_9787276849_0&a=xxc%3Dad_ztc%26mi_id%3D00006cfUkArPbiV4qwg4YCxrtuW-XHD8tmAcoE9grSk4VOc%26skuId%3D6180214098454&id=1011501843092
919926937555,洛米盲盒库送女孩生日礼品手办玩偶玩具系列摆件2026新年礼物女儿,79,¥,券后价,bulle初,兜哒玩具手办店,,1000+人付款,广东 广州,"超级立减10%, 退货宝, 48小时内发, 包邮",,https://g-search3.alicdn.com/img/bao/uploaded/i4/i3/2765522303/O1CN01poK8RG1Ssp8nnCpFP_!!2765522303.jpg,//item.taobao.com/item.htm?id=919926937555&ns=1&abbucket=10&xxc=taobaoSearch&mi_id=0000c7Ni6IbEmb1M9gkg6oYrw_kuS2KBV14o6Nz9OAGfYiI&skuId=6098798186472
993548610637,正版Nommi糯米儿一口甜心阿玛莉莉丝联名搪胶毛绒盲盒手办礼物女,99.9,¥,,knoxx潮玩,KNOXX潮玩正版店,,300+人付款,福建 泉州,"退货宝, 48小时内发, 包邮",款式类型:隐藏款 | 出售状态:全款预售 | 品牌:TOPTOY（玩具）,https://gw.alicdn.com/imgextra/O1CN01mm90271H4Tw24gsJZ_!!2214236940704-0-picasso.jpg,//item.taobao.com/item.htm?id=993548610637&ns=1&abbucket=10&xxc=taobaoSearch&mi_id=0000Zpu6jdYk_qqkdXAREH5EvgPjB6h3kt7lGDE8w6PJIxc&skuId=6136582071495
960379516127,POPMART泡泡玛特DIMOO心动特调系列盲盒手机挂链玩具礼物,59,¥,,泡泡玛特旗舰店,泡泡玛特旗舰店,回头客20万,9000+人付款,江苏 苏州,"热销爆款, 退货宝",款式类型:隐藏款 | 出售状态:现货 | 品牌:POP MART/泡泡玛特 | 商品状态:全新未拆封,https://g-search1.alicdn.com/img/bao/uploaded/i4/i1/2885348004/O1CN01mFeXBK28ztEUOJLgO_!!4611686018427382436-0-item_pic.jpg,//detail.tmall.com/item.htm?id=960379516127&ns=1&abbucket=10&xxc=taobaoSearch&mi_id=0000XyaPQBYqCC4UQi4IR58MahfkznVD604BlKAqqyjr__E&skuId=5889882357319
987640710598,POPMART泡泡玛特点金奔腾系列手办盲盒玩具摆件礼物,69,¥,,泡泡玛特旗舰店,泡泡玛特旗舰店,回头客20万,4000+人付款,江苏 苏州,退货宝,款式类型:隐藏款 | 出售状态:现货 | 品牌:POP MART/泡泡玛特,https://img.alicdn.com/imgextra/jz3_1/2885348004/O1CN01wzl6Df28ztE3K7xbH_!!2885348004-0-alimamacc.jpg,http://click.simba.taobao.com/cc_im?p=%C3%A4%BA%D0&s=1666865223&k=2393&e=Ccq17FP3Kq06QRG8Xu7rL0VgnSLixa%2Ft0RH7mOXeXGNszMb1fsbcUg2zBH%2BJhjjOpPaiwl5wO7xNdOhQuSNfeyM7aBJcHp3bKcc9%2BmI4lXKSa4PWL3I3UOB%2FKqAt6T2D9%2Fj5NeXR1Q2XJL8cKmbLuKUa2WDva4udp7ava2xrX2GtCF0gf8tRYpPNZFu8f4J%2FwJ3Iw%2FA%2FSuoRWv1Qt2CMDg%2Fj5M%2BIoRDeTAv0oefNuu%2B7ywURXbgc%2BqvM4hXoAUluVFb445sJjx1O%2FTWkGStRxB1y3NrEi1iheLRDOKOV7AKaFAXeZ8A3UELG11TxMdZRHZiX80ANH0dLduh%2BxR9ZXOqbLjt9ADohAKK5D63u%2BABCxuJBZZagjIf9jDIJtotuO5Og%2BVVDLrbRd69yG2PfD%2ByT1UB3qczEHTy4FFLj32gZzpVL85ZJhBYkAOC55ryNQ6Am46pTuzzdNDAzgDCjqa3ElHQq6rGI%2Buh0UpbXdvPprA6DKfDgkwwRncfabezoy2XDm4M0bYdeXdUiwR%2FT%2FzB%2BhKl%2B%2BJ3qmX77MU8Tg77OTBWRXwNAYbaCvjSyxDPYZ0i5GcE%2FOJf7x3%2FWmUBTCCBHd0xpmB2NByxN%2FFuZTQG5HnHdEnVvPD6PpkFoebz1faVcbwxwwpprW2Noy9oljyEcD8VddTrXJIRv48KI8F9sJe7Ne1AOY4o%2F4YBSLW0dtPZGOr6myyZmJaqCkKv6x9oV3wT6fftQt2XuJfZ7%2BTb%2FNfxNwnzVoSZmSPenTfGv6Aa2SGVYCegKZM9vwmThitUQ2X3a91%2FOqVATrqYpXVRdZa9cC2aEtkWrEEE2lsDFNLFHAKa6D%2FbMQ89mW%2FcNjQwWgWUSRDXXTT%2BfoGsg2TeH%2FmFHbui0jDFjSqp7uWGL8AO%2BL8x8c8hgbAn%2BiIF39Dltz1KT2JHDjR7Sg9oaJ2LRZsDU%2BPDGvBfwljmhBwTdpGquRYWar4I7Dlz%2FNwb0hTGAdEhsGUupMMidUqzXK2IHPCIuMrq1ub1mL8RnSVY0SMEfJvDqhZ9yGTat2Nx4V5u18g6VTMTDMIi%2BfYbc%2BMyvRhkO%2B2oXWFfv0LxUusUVTtoz%2BOJpRov8QQT%2FHxElHZwsaOxcTMTPtR3HLH9z039Ju%2Bb6qUxCays40fQMeRZeqMv4699r7NEg3bZ1trorz1h0YaUU5KDeiGwT3Vw8krXLwbS%2FwC5p5jHxe3EN9ER6wuhFRw2U8XDJPTQdSPqC2JSVQSG3v7XSqdBSlqQcTaHogF0bWf3EMGaI%2BBSfHiABWKcNC9aCYYKyUcm%2BTXdi8PEYXnLsb0AdnGc%2FohWC8OcgR3dMaZgdjbOXrZ5qYTGE%2B8d%2F1plAUwi2gr40ssQz2OkcVKL3qJtguR5x3RJ1bzwAz97fUDsAd7hrqshQxvvLm86ogzOAjws3Y5TihEmu2dhvpnf6VpH2t%2BhA1yTjrjd1laK%2Bs%2FHA%2BGwl7s17UA5jRwLcHZyMc21O5TK%2F3Y4F2pB8IHA2yFfrYJUczysQSH9Yr3nKZR%2FMmSAL%2BDVrokUbhGLt07sH8vzL2KqPe0QMnaMEp6LRD9l6qyVPfOtGO5WedkOhNZw1ke04ozDYt8PjekPfDFtlGYsd4WyEwZJ1FR9z8Z%2FcMtA1Is0XO3YE%2FoKzr1F9KY6NjgvTG%2BgxbgLNJOJjnC6KYjYizRc7dgT%2BgrOvUX0pjo2On%2BqjSGU7GH4qyLX7kw65JMegX0gf%2Bz0oaCWhfATcYQbPzE%2FdT6YLXHXQsIzDCmEkjoHwNlMf688euj6xScKvMM3hx%2FTIicP2%2BuRITZLzabcCk1myvOjt%2Fph%2FnSOb1Z9kWzPnvhbPL5BvRpc1lDquJxUrJtyD5h%2BpYGVl0QemiqJfo1pOAJL3XSfaXhIzLfDwWvw6MeCdWtpQ0ha1wutnu07a9OYcRNToqx7Te9R89OSJzDK5ZHK8oAALAz9m9w3MTMpBP8WZVq3WacCuEqLPsDP5zfqvCOTlnRAku%2BSrwS7lEt%2B8Lr4JdUCqgH2%2F%2B8pgFg10xGbNlSF8izbdSnUXVgInHv6sQD0vZ6MKjNdgUcIc8iNl5mlm3hk3K8EsmWbHQGnbMCsmjfNacPUATC2YFnjHQ8u8tErRYPd05tJChg8F%2FumEqR2zoGzkdxu3PBK8JHqMS1bEVGsJN0ASBY26p%2Fe9V7sWfpw4WLSFyULzwMg%2Frdqm57ICW3eDTS7kSHrRSmNauQ7aVimJSU6pc8rtAfLiJ1I%2FEW3SpHkqLGRI3QV8lPGX8c4NnsKa9SpRWHjde%2B0llAsxed6v5x63bsmzurQGir4uSzJ0KpIzWkyfXKNrW2Noy9olj%2BdrsYaVZczNpofp82Q%2Fa41Yq3EmPzwQ6U7lMr%2FdjgXakHwgcDbIV%2Bv%2Fpbraflwa%2Fw%3D%3D&mm_sceneid=1_0_116045295_0&a=xxc%3Dad_ztc%26mi_id%3D0000ywsE0gHNOvuaCyEwO8yxD5tnseKE-pEgSTRw567S2Uk%26skuId%3D6007081733929&id=987640710598
1006049375538,POPMART泡泡玛特原神嘉年相聚Q版系列手办盲盒摆件玩具新年送礼物,50,¥,券后价,卖盲盒的小火柴,正版盲盒研究所,,600+人付款,广东 佛山,"店铺满39减6, 48小时内发, 包邮",款式类型:隐藏款 | 出售状态:全款预售 | 系列类型:联名系列 | 品牌:POP MART/泡泡玛特,https://gw.alicdn.com/imgextra/O1CN01FzMsDI1LuTMxIk0LN_!!2207578631359-0-picasso.jpg,//item.taobao.com/item.htm?id=1006049375538&ns=1&abbucket=10&xxc=taobaoSearch&mi_id=0000ThKkPv4Dp7_h9Kt5IjSf9LucvkRsP2whVfJiye7-78M&skuId=6169193503387
1014228814134,【蒲熠星专属】范趣町TARTI幽灵旅馆系列盲盒摆件新年礼物玩具,79,¥,,范趣町旗舰店,范趣町旗舰店,回头客1万,2000+人付款,广东 深圳,包邮,款式类型:隐藏款 | 出售状态:现货 | 品牌:范趣町,https://g-search2.alicdn.com/img/bao/uploaded/i4/i2/2220257526978/O1CN011FvJg421PyrkcE5fv_!!4611686018427380930-0-item_pic.jpg,//detail.tmall.com/item.htm?id=1014228814134&ns=1&abbucket=10&xxc=taobaoSearch&mi_id=0000S65T2uRnAuy35GgQDlsGs8bmmsrT3CchPdmkFGzKudU&skuId=6020830121654
1016114890144,奇梦岛·SiiNONO二代赛诺诺-TA在低语系列毛绒手办盲盒礼物,89,¥,券后价,奇梦岛旗舰店,奇梦岛旗舰店,回头客2万,1000+人付款,广东 深圳,"淘金币已抵4.45元, 退货宝, 包邮",款式类型:隐藏款 | 出售状态:现货 | 品牌:奇梦岛,https://gw.alicdn.com/imgextra/O1CN01YNrSpb1oig20O8NWO_!!2213261435259.png,//detail.tmall.com/item.htm?id=1016114890144&ns=1&abbucket=10&xxc=taobaoSearch&mi_id=0000G0fYvFvY21Ph7Kfdmj5wLkrIR-Z0lbjJEe7B1hQh6Cw&skuId=6024898697807
965532408488,正版TOPTOY史迪奇MINI绒绒盲袋系列潮玩周边手办可爱萌粒摆件礼物,11.6,¥,,tb8702228130,好运来盲盒集市,,900+人付款,广东 汕头,"48小时内发, 包邮",款式类型:特别版 | 出售状态:现货 | 系列类型:联名系列 | 品牌:TOPTOY（玩具）,https://g-search1.alicdn.com/img/bao/uploaded/i4/i2/2219234457677/O1CN01nmLUNX26a7fuiIMfP_!!2219234457677.jpg,//item.taobao.com/item.htm?id=965532408488&ns=1&abbucket=10&xxc=taobaoSearch&mi_id=0000beRTjBPDOH-d6iEru2hNeqOkqwIF4RvY4uIpHT7Uc2A&skuId=5886306236453
977803988448,盲盒公仔定制手办树脂工艺品订制钥匙扣挂件手机支架来图定做logo,4.4,¥,券后价,tb788942694259,广东趣萌工艺品定制,,32人付款,广东 中山,官方立减12%,,http://g.search3.alicdn.com/img/i3/9308542502/O1CN01mnJJNO1ULy3O8fwYI_!!4611686018427385382-0-saturn_solar.jpg,http://click.simba.taobao.com/cc_im?p=%C3%A4%BA%D0&s=353341077&k=2381&e=11OsCmRxgzTmeb%2BcoxTyGFc2IYHUXbdo5qGP4DeDCipf1WwONSx5gd3R5mgV2GXvE9sk31HRXhvIwHgYEypOt4OVzz6%2FcQ%2BartYSLAUnr%2BjSx198fabPaiaNr87%2FWmBgCr2KikrqLU8a4%2Bgx%2FcKTde6Z44hKtFt%2Fuslry%2BpygYOK%2Bqu6d1QnsaTqTBD1%2FT9hY1cAQJA64eZqOsFa%2F2zoZuzQn%2FDX8cfxtzDpX7a8dYi793FgqNWvpvhEMZTI85axgWibta5dpxXhZqH1sND2q%2BtQRSdSFN7WCz38x03g4TsqCQowATm3I2ysVUfHP%2FnJGRlX3bykMvy579ll5qZGLS5UW5SNMJ3Yd5g3ZU2enoUOB1lqzyyc3pVmWnA74TbTB1fauYxh%2FOquVgmR%2BjtRY53cN%2F8vZ3h2IfywbOQLsnWK8cNSr6qBnSEv%2FTUwGpKgeymi%2B0u9uBhOhUx4Tn4P%2BEtSUF9hPaokCkVbAZhGBc%2BtXRvDFMYhDeqEGDEex9VfgusZbUx4ZyxvpxOFCrJEIMPrRxpXVmCbqburgkqv%2F2KgQ53lNKQfA6ZtiSnhtaa9e1zESQ79SmrstX8jTK65GvYDbLGHGFxXKaJyGukiF0opOkyWHockhbmaYMBZqMqDCfJaKJp%2BGUyqywUtOwj8iPYDbLGHGFxXsEMjfkNh0xItTQA0bxAvFbeAwWYQqQpYCseYDdENUVNUrrLGmpr6yfaMN01yCLGGB0MQD43UMxc2SNs1rOqRS%2BHS3%2F4Dvo66QjSc%2FuDewKwqzdgUNefJU7ETeqhL%2FzsVLbmUPSxAgpICI%2FihugsScPrOXmhk0DvtI8UXekzK26w7936AnG1lRYVW02MP3T3Ka3%2Fi%2BHudPPaAR7MZWmE2QkiJQxZzrlDU8jjGwcTahvTpXh1Zl2fOlxtDcnvnCKpXtS4j4nKdxogBv4gMU3DJxkrG1G41peEew%2BtHGldWYJvEpa9SAbsrlUKu5WJYA0TNdC3%2Fw0FVAQwYReJY%2BaLXTRF064Pw2ZImhVbTYw%2FdPcrSv7mJKiPCbGhBn73s3QbMS%2FIDjEdXOmgsfPv80Hrbt9FcheC55I6CHoksn8bV0J9%2BQkyiOvRDBy3LKXEXHW8Ppu%2Byh0KsJR81AE7AifP0o9lY4FuYKh1753rcZWYYaxiYKbpIwO5D%2ByAhNg%2F4Fi%2FbmwClXFPMECK%2FowiRcsosPeqVKHAf8eqwRJrKXqxV%2FlBI4ZcKOs7iBJSkFiY%2F8KhaL4SDcNM8%2FCgZeeU5todKyCxP7gigQmQvDxGk7Xg7r9gXUtySH1I396ZtiSnhtaa9Xba1i53Gp8KrNiWQYPTsrNYwh1NJeM%2FE0IvW0QPCwF%2FeRhfdq4KsL2QttieAGh17c34zqKjIyKN3oyFYSBGK55g4ofXHBBKAPIEzU3cpSk8cIqtFLiHIxBfvejFUATcbOFyBOy58gGH2A2yxhxhcVyBaOfJvFUP%2B%2FFME80tz%2FAenedE2XvL00EyYONU%2BfP4CsZTGZNk4lDeHmmXyVYo2zYATmuKwY8xUv%2BmlrNa7f7FwO2TrGW3AnezJ7GumSQ13T40UCmV8IH2ef%2B8y5p%2BVYXDJ0DzuVk%2FX2jnPAfFrTAjVACROCLiz1CjGma%2FvIV07QP6tE9uLHkh0lmzaLRiQvQwyodeN%2FUTtKMaZr%2B8hXTtA%2Fq0T24seSF%2BM53bZjLV9uAUTWRjxpIHQFTWCE8Yfh8yOw9Aml3%2FPwaMsT7GW6y3%2FznqIrz%2B0hG5XzwBCjk7WV97X6IKECWOWp%2BWbLq39ViJcOkrH6pQTktB5iQY%2B%2Buf6aEsuM8G%2FacEGqTTPq8MM8bd4WBUn2goHcMl%2FnG6s%2FtjtTmosMphyCGBzvooMbIUa654CC%2BBlmE1sHS7jytWcymbhvl31zfAYnYZ3o2UsvO%2F1GRIylXNJEp9IRuGugNQ77xO1uvPJ2%2FsukY9EYfd3ngYRBViySP4%2FAlLfZaOjn9nMKDzR3GO98PW%2FnOWTzJ8pbr8YxjzKXJ%2FWFoVQMNRd3NTSY5iBreLe0IJF3Q2T83RnX1txtqYD3LaL511PSaT9vVUzsyYs3%2Fbvn5ZPZpROAWqFzAXx951tzTC6E6RsSvfp6zCk73a6X4npQRvhPtUyVrHnYAWQw%2BMC7JoQdgAfvjO085EgcVLbkcxJ4wxGjltgsPRqXtjTN9ZQDcNrtFqYH05BmYCS%2F0JgzPJWkTqSOvvK0lEeo%2FM7%2FKjxumNDRn6SOkuOyxz3IKRQb7EB3zVWa7tifT493J7QT0zUE1t%2BZCeKpdIgIBH3%2FIKOPR3Q735YJKG7fUy7EBtRg0pz0YKcyVAMbz%2FhH6ftrmN2SarsFT0ZDu7ED6VfkmS8yoD5AmqEQxsyXhq40o2pSWTiQOY%3D&mm_sceneid=6_0_9308542502_0&a=xxc%3Dad_ztc%26mi_id%3D0000ld4g4VlGPGv189fJ8pODpWxYdcUI6VZRUiuMh-pDHI0%26skuId%3D6096781262854&id=977803988448
963102042962,官方正品不可食用人偶月光童话物语8分BJD可动盲盒摆件可爱潮玩礼,99,¥,券后价,郑慧中123,MIDI迷底杂物社,,200+人付款,广东 广州," 3期, 店铺满11减10, 48小时内发, 包邮",款式类型:隐藏款 | 出售状态:现货 | 系列类型:联名系列,https://g-search2.alicdn.com/img/bao/uploaded/i4/i1/2075261179/O1CN01uO89Od1Ka23KozeGa_!!2075261179.jpg,//item.taobao.com/item.htm?id=963102042962&ns=1&abbucket=10&xxc=taobaoSearch&mi_id=00004bhpaunvhqtxU4GVfTbehKHPmO47rGtmDT9a4Sdhfd0&skuId=6104004095872
1004967757187,唐萌街·第四代欧潘迪僵尸派对4.0盲盒系列,89,¥,,唐萌街旗舰店,唐萌街旗舰店,,300+人付款,广东 深圳,包邮,出售状态:现货 | 品牌:唐萌街,https://g-search1.alicdn.com/img/bao/uploaded/i4/i3/2219218651691/O1CN01oK5Sag1OMWrLSD5ZG_!!4611686018427382315-0-item_pic.jpg,//detail.tmall.com/item.htm?id=1004967757187&ns=1&abbucket=10&xxc=taobaoSearch&mi_id=0000WmPlUwAqVziBnkTRIq3oqAAqemxY5RXQ4f5KmkYDMVY&skuId=5998015617198
987084819701,POPMART泡泡玛特THE MONSTERS 十周年系列手办盲盒LABUBU礼物,59,¥,,泡泡玛特旗舰店,泡泡玛特旗舰店,回头客20万,9000+人付款,江苏 苏州,退货宝,款式类型:隐藏款 | 出售状态:现货 | 品牌:POP MART/泡泡玛特,https://img.alicdn.com/imgextra/jz3_3/2885348004/O1CN01XoSWWt28ztEPBt9Ag_!!2885348004-0-alimamacc.jpg,http://click.simba.taobao.com/cc_im?p=%C3%A4%BA%D0&s=353341077&k=2265&e=Ff1T2YgdzFnmeb%2BcoxTyGFc2IYHUXbdo5qGP4DeDCipf1WwONSx5gd3R5mgV2GXvE9sk31HRXhuBDP%2F%2F%2Bmq4dSo63pByLf%2Fp4YC5x3mdg4zSx198fabPaiaNr87%2FWmBgCr2KikrqLU8a4%2Bgx%2FcKTde6Z44hKtFt%2Fuslry%2BpygYOK%2Bqu6d1QnsaTqTBD1%2FT9hY1cAQJA64eZqOsFa%2F2zoZuzQn%2FDX8cfxtzDpX7a8dYi793FgqNWvpvhEMZTI85axgWibta5dpxXhZqH1sND2q%2BtQRSdSFN7WCz38x03g4TsqCQowATm3I2ysVUfHP%2FnJGRlX3bykMvy579ll5qZGLS5UW5SNMJ3Yd5g3ZU2enoUOB1lqzyyc3pVmWnA74TbTB1fauYxh%2FOquVgmR%2BjtRY53cN%2F8vZ3h2IfywbOQLsnWK8cNSr6qBnSEv%2FTUwGpKgeymi%2B0u9uBhOhUx4Tn4P%2BEtSUF9hPaokCkVbAZhGBc%2BtXRvDFMYhDeqEGDEex9VfgusZbUx4ZyxvpxOFCrJEICRNawfYuUx6dbPQ3lFFPifZCsAFeXlxp3McVpWIXp28sqk2xPKHww0NxUIz9jdx4VrT%2Bb%2FIXFL%2FlV35UXxbFp3w%2Bwd2bl5HTuUuoCuVEQHj3V9Y9zwL9uKUWRDBfTznjYYnBBHkUeJp0jVM4AAmKAZdlW4FKYTdemv2JRDbhUL8YR251AL2385mgAmuPqnVeVAAQ9qZJy4yUkR%2FMMI%2BtKbiFyNCZxTeXDta05x9IpOw2qL1a73zzy43zlpdNlBKjfjSZSiavfdezHbUbPC70t86SOTqg3MLFX7Bsd7kZdbsJ%2FDDxKVSdbhizmZPnSEAZcZOwdeywL6Ls7mEp%2Bz2Vt8VknCnOHOfZHSpz4bZuy0S8XcmAWLDMOO%2BexFfgf2Y9VVqqJ8sWlvKdgUNnXwl4bTuCO%2BfUblQeUnN8re7a986lFkQwX085420VKN0tWEw%2Bh28NqOlFishOj1NhJ5T3gYRKq4OZEKwjWiLOh3417b5kXksFTtwbV2jmiiqPFYYOpVl2mXhhfTx%2FMUcq73aKX%2BQRHdyhPxfqJd4nBve5otwrR9dqWfMr%2FKRqBj7RBfpQAZjZBiRxWo5%2FwQkk8%2BwTzwVqL9XEtS00P7WpehHOX%2BL6xtXRDrxTPnJ9AuGv5q2dVUHmijufIl%2BQE5eAVvpFx5fDdOHzo7oqNPeq615tfn%2FBJWDTac4WyqGZTdBSxicIEwrqp3r2z4w0VBQJgJUhb%2FI%2FlgVKIiUFMUZz8Kz2dHzzXlF9F80UrwBLAncF7KpqJ5k4NloVxcUInnoJavNBW9tGd829pxrAFApp8W5PRbEKOPgWcnnlUXL1HW%2FY3vTkHMcVpWIXp284RDtyS3CKxRvg%2BNLWr7LHLphhk1Zr2CORy1bGrgNjdi5%2Fh2DUG%2FJ%2FBaXmf9bais5YrZVSDODZJs9hTu0Cm%2BNcq%2BRWDb5bm%2FbOlZLuLe5NTTjYUpMOiL7ZBaJjtcWo8%2FtbgqwAMBPgWnxvyXK5UNfKbuiRSMqNnWTgTnLhkJy8fe5tYAvwBgtuySFDMQpHQSX8XcmAWLDMOObXMJEp%2FlHmbdPMdhKdLkKIjhY0%2Fo6NorxdyYBYsMw41kEb6GPzufPwlJ7U4EGLCIRF3BbWRI7YEZiRN5ZP%2BG7W0RzZ%2FvMRxI8uJhVP5rqye07BVapQm5XtWgBiexWffxXjXzR%2FKQE0yJcOkrH6pQTktB5iQY%2B%2BuddImpl60w8ORLhAtX73fSwh8HRmpugT26HrvhfMBMeG52iu8NAHMIg1TBwSbPs1QLxWnDBC91daO3SpfR8QJet%2BN24KYXgDNxQ3V4%2BhEsE3w4cBuQIsozYDOnT1uO6Kq0%2BupUaSy8eUf%2FC9nUarQ1iGQwPyG3laDjQkQLTy1CyqvD1v5zlk8yfKW6%2FGMY8ylyf1haFUDDUXdzU0mOYga3i3tCCRd0Nk%2FN0Z19bcbamA9y2i%2BddT0mk%2Fb1VM7MmLN%2B8ax8bzCZLyc75jH2OEZE1clfB1s4y73mLzdY4%2F7EtDhI5npIOsj9O%2BIT0xBbFcl%2Bt%2F%2Bzlrl08fbT4qQRQ09zOL01jRyN%2FSAgx3BvJn%2BYBK8Qtow3bmu1V2dHql5FDKv1SBX1mrPLBuP0901FvGktZdgUNnXwl4bQjXNzCHVCpgptSoP%2BpoURDWJll4lVf5x6IzcHal0FTyb8AXujfaHRzUEh6Omql5H6cJgLj30rYv5TZ0%2FUBpy4dA4%2BWeWPnIKNen4HNRvCZLA%3D%3D&mm_sceneid=1_0_116045295_0&a=xxc%3Dad_ztc%26mi_id%3D0000NOn4BC6Gt2Nw4W786_6maNzWEU4bznhfiDVnpSR1K3Y%26skuId%3D6021279468592&id=987084819701
996123847718,现货即发!全新正品柯达Kodak Charmera钥匙扣迷你数码相机盲盒CCD,268,¥,,亿瞬企业a,亿瞬数码科技企业店,,2000+人付款,广东 深圳,包邮,款式类型:隐藏款 | 出售状态:现货 | 品牌:Kodak/柯达,https://g-search2.alicdn.com/img/bao/uploaded/i4/i1/2220975508668/O1CN01cRnx2D2Du0DFJrIsN_!!4611686018427382972-0-item_pic.jpg,//item.taobao.com/item.htm?id=996123847718&ns=1&abbucket=10&xxc=taobaoSearch&mi_id=0000b52qvIfd2XoBjffW6y5ca2QUJVKJw08MSZJ84av7n3s&skuId=6144495787090
924065231791,POPMART泡泡玛特123！星星人系列迷你包挂件盲盒礼物,69,¥,,泡泡玛特旗舰店,泡泡玛特旗舰店,回头客20万,2万+人付款,江苏 苏州,"退货宝, 48小时内发",出售状态:现货 | 品牌:POP MART/泡泡玛特,http://g.search.alicdn.com/img/O1CN01JY5GGZ28ztETcGZUw_!!4611686018427382436-0-item_pic.jpg,http://click.simba.taobao.com/cc_im?p=%C3%A4%BA%D0&s=353341077&k=2361&e=muu%2BHOjS5ZLmeb%2BcoxTyGFc2IYHUXbdo5qGP4DeDCipf1WwONSx5gd3R5mgV2GXvE9sk31HRXhvg%2FoM8P6N15io63pByLf%2FpC0eZbsPFV4wVSZScl3BAkiaNr87%2FWmBgCr2KikrqLU8a4%2Bgx%2FcKTde6Z44hKtFt%2Fuslry%2BpygYOK%2Bqu6d1QnsaTqTBD1%2FT9hY1cAQJA64eZqOsFa%2F2zoZuzQn%2FDX8cfxtzDpX7a8dYi793FgqNWvpvhEMZTI85axgWibta5dpxXhZqH1sND2q%2BtQRSdSFN7WCz38x03g4TsqCQowATm3I2ysVUfHP%2FnJGRlX3bykMvy579ll5qZGLS5UW5SNMJ3Yd5g3ZU2enoUOB1lqzyyc3pVmWnA74TbTB1fauYxh%2FOquVgmR%2BjtRY53cN%2F8vZ3h2IfywbOQLsnWK8cNSr6qBnSEv%2FTUwGpKgeymi%2B0u9uBhOhUx4Tn4P%2BBWrlTZzgIpeGJ9NdKWhy1JFwvhjDTFhLcsxjI2xkeJJEyE7FkAyTLFi53Do5p2sIsY4Q%2FajarUMVqyus4hZuSk9dBaOQJ%2BCfKfr%2BE2CkiDPfGQSKv97co10SWwu6HwLp3C60t38fmxUq%2BH06MdEEd6jWzIGt70zx%2FMCevq3AB0fHAV4SEceqg4WqJslTqg%2FFoTHiOxZQ%2Fj96oO7mdq9RC9Eot3yOmefhGX5d2tkObd9HSVPxXeUsJb811oxM%2BQi8hcTrdLT9UIv9GrSH%2FIUq%2BqMgnLbT4Z47QS1imtvddUrehROqeMxBzuWu0DE2jDQumGe75Xloq%2FBFcm1FteWeFnVZZgG%2B1vJwpdWQtk95nmxp%2Bv4TYKSIM9b06Tm20e%2FBDaBdV5I5hXKe6eiHV0Dn1YYisawTKIHZE6%2FzIQ0oL4R4bpDnLSctsMOR2SI0cLDoDQp6yFYFcYwVmu7Yn0%2BPdzdSajNx3uxzs87Jc37jEVYFUthRqPS5nsUKnUPnFO4qz9pax3wkOUSctB6cJMrv1WyAihwk6tlM6fr%2BE2CkiDPDY1LhZ7xs4XnfvFht1X8Q5yzKh%2BuECZeS%2FIDjEdXOmgsfPv80Hrbt8Nj%2FGuHWx7gHoksn8bV0J9%2BQkyiOvRDBy3LKXEXHW8Ppu%2Byh0KsJR81AE7AifP0o9lY4FuYKh1753rcZWYYaxiYKbpIwO5D%2ByAhNg%2F4Fi%2FbmwClXFPMECK%2FowiRcsosPZJRER%2FqsX9sL5sYb00iFRiOP0PYCQyuI1U3jUaSKBOTWhmupzC8BaMwFP2f2oun4%2BI00iEkRfAohvlEVxCnwO8NJA80fUP2ETJYUm%2FVAktoaMcF5%2FDyFaexNnhO4k6y2HU5BfYWrQhHsvdv15sVFY0xwxRRMf1DRNuAeFt5tz7EyTEpz0LNH6n5E%2FPWTlwRmONY2XW9oCCvWxQFPN8JmA5HJj8Azh5Wzsw%2BFGzBIRs%2BjR3UklvzJy7esGZiEAvWm1knldKyKvkvaoRDGzJeGri8IjdYNKh%2FH3%2FHgIbq%2BrEm%2BvDC1d5eQhbE1EtzYb5aLGXHOW2tfXEGUA4A6wIODyDrqktxhr4itFlr0s3aSxYFOnheJJgzCGRb5hJjbdhUPN%2BiyOBpHdOlglUypABif5%2BdtVrBWtlLBc87Jc37jEVYJX3Ndpuo2MPlsuPBJj5Yp545d7YW89zLzzslzfuMRViuS%2FdOxsGTVyvAe1zpL1xQ8jxct0BlDZcWb9KT53WcfvE%2BT%2FqObD2bnA83r2vbrqWg60Uj32T2XbugqIX4SPEAYo7lKJ4%2B2Q6AOHzePSKhUhj7FIQh8RMqzb2TnPCPVGfrn62idMqnZTwGTN3hZAOyT0PyJ%2Bz0f98Bv4gMU3DJxqt%2B7iourI8SGrs3nQY3409eh6gMJumVsp12C4rnQAZOPknFEcagoDYvJRn1wBxLNXVkYjLeHvlJbOpewVAcKExBRRo9iNA9uGJtfmIC6FYsP%2BBErSeoFgumGss3HTHcnwlUryDEobgKyLx04PLvKgDxzZd%2B%2BHh0PZRbbFiOG9S9%2FIL8Mg3tRewApYQ%2Fosk5UN2MkhiYydinMzSd7w88sjZXcejdxXIaWOZKu2ulvkLdk5oPom4SbjqP3q8VCC0P6ju89zEn57023qouQs7du0JNPPn7YDGRk3ZIuZOPuzK6O46bhkkkcBslwpvvqoNlfI%2FDOoQOshBXs7mEp%2Bz2Vt9Ja0MbzICzTXiwzZ%2BuJOSTGoAwLCQgIgcOsasvsYW7p2Fa61sm%2BxsA2roiFewBo2%2FhxZUml3eQ3BQsyJjj5TiT7z7%2FDWg8rVu8Nh5KSwbkdyEr1k7sWX6tCnWkZESOnHzUqGsiYzYPdjbvytRlzpbiuf4dg1Bvyfy3qIMnXlPfWg%3D%3D&mm_sceneid=1_0_116045295_0&a=xxc%3Dad_ztc%26mi_id%3D0000RPxPE5WeZ-f0pbatiR4f9EAonS36O2cmIhWNrfZG-2Y%26skuId%3D5939055747056&id=924065231791
962326877193,POPMART泡泡玛特MOLLY × 疯狂动物城联名系列手办盲盒礼物,69,¥,,泡泡玛特旗舰店,泡泡玛特旗舰店,回头客20万,1万+人付款,江苏 苏州,退货宝,款式类型:隐藏款 | 出售状态:现货 | 品牌:POP MART/泡泡玛特,https://g-search2.alicdn.com/img/bao/uploaded/i4/i3/2885348004/O1CN01a4f9bk28ztETq9F47_!!4611686018427382436-0-item_pic.jpg,//detail.tmall.com/item.htm?id=962326877193&ns=1&abbucket=10&xxc=taobaoSearch&mi_id=0000wM6Hm59465mpRKWI_CHhcpZVEwQkvKhtY979ytNOmvs&skuId=5946224513596
743848939152,MINISO名创优品三丽鸥魔法物语系列盲盒摆件单盒潮玩摆件可爱童趣,39,¥,,miniso名创优品旗舰店,miniso名创优品旗舰店,回头客200万,9000+人付款,湖北 鄂州,"退货宝, 包邮",次元优选:IP联名 | 款式类型:隐藏款 | 出售状态:现货 | 品牌:MINISO/名创优品,http://g.search3.alicdn.com/img/i3/127238467/O1CN01r4jF9M2CPwNxYYHOR_!!0-saturn_solar.jpg,http://click.simba.taobao.com/cc_im?p=%C3%A4%BA%D0&s=353341077&k=2201&e=WR98HfEErSHmeb%2BcoxTyGFc2IYHUXbdo5qGP4DeDCipf1WwONSx5gd3R5mgV2GXvE9sk31HRXhtCAyQN0a1QvctKeVnTK%2BJIAWSkyjwQvg0VSZScl3BAkiaNr87%2FWmBgCr2KikrqLU8a4%2Bgx%2FcKTde6Z44hKtFt%2Fuslry%2BpygYOK%2Bqu6d1QnsaTqTBD1%2FT9hY1cAQJA64eZqOsFa%2F2zoZuzQn%2FDX8cfxtzDpX7a8dYi793FgqNWvpvhEMZTI85axgWibta5dpxXhZqH1sND2q%2BtQRSdSFN7WCz38x03g4TsqCQowATm3I2ysVUfHP%2FnJGRlX3bykMvy579ll5qZGLS5UW5SNMJ3Yd5g3ZU2enoUOB1lqzyyc3pVmWnA74TbTB1fauYxh%2FOquVgmR%2BjtRY53cN%2F8vZ3h2IfywbOQLsnWK8cNSr6qBnSEv%2FTUwGpKgeymi%2B0u9uBhOhUx4Tn4P%2BDb5n0M8LRYL0ys569iACtpXpgnyI0EfnBtUTRpMwxgoSc7EyEHC9gpJXdqx1%2FzJLXhe%2Bib6hCtM1bgpqDXBG4tXRvdLvspdGZTd5smGB9YWdloVDwSulktup7sCBzD%2BBx3JcH%2BR9HZr1jdz9UWuOfYZa%2B278cpwJpTqJ6PKuCi3wie7wUoRUUqRHe7C31c4D2KU231Cyi7QdloVDwSulksEp2zCH2spYvKVxEMvVAXWXZVuBSmE3Xpr9iUQ24VC%2FGEdudQC9t%2FOZoAJrj6p1XlQAEPamScuMlJEfzDCPrSmUPeLiwfcpMkqjorXjecqSDTmnQ5wcqLhq0TZAUR%2F1YfMeaP4AaZ0AsCaKx23A%2FEC8L8Ab%2F0ATx5Y%2BOErB%2FVOCzHcG8mf5gErjjQV4otDxANJuebyUFNqF4W8kVTA9byHtHd26DSmDXTtzl8dLkOQ61gMeRLej%2FLxl2UOf6LYFfazQmqGa7AdNbHDak%2B%2F%2BTltsgIocJOrZTOjGyurixLe0Yn2ZeJSiGw7E9SQN6Ac4ZmcsyofrhAmXkvyA4xHVzpoLHz7%2FNB627fDY%2Fxrh1se4B6JLJ%2FG1dCffkJMojr0QwctyylxFx1vD6bvsodCrCUfNQBOwInz9KPZWOBbmCode%2Bd63GVmGGsYmCm6SMDuQ%2FsgITYP%2BBYv25sApVxTzBAiv6MIkXLKLD2xHLk1ylBB7xmG200cKg%2BHjj9D2AkMriNVN41GkigTk1oZrqcwvAWjMBT9n9qLp%2BPiNNIhJEXwKIb5RFcQp8DvDSQPNH1D9hG8WZn5HeojgcZCjfOcntjEkaK4LsVMYPzONmmxrx5inywLdpoRqUazeirXispC32meeRY2g7IPyMFH0aHijgaynCCNAUQ7Y9tXcejdxXIaWIhdWwj9Ka1%2BQti9jQM2lb%2B58zN4TCM9RSa2h20bKiRHpySPq5l0TarKEPz83OmbdgOPlnlj5yCjJYNKIJTLflKYW%2FIqugq%2BJAio7hobeJOgY6LU%2FZV19cHtzl8dLkOQ6xVVP2cufvk3iVDis1ON5xzc%2FXsNwRUPCe3OXx0uQ5DrKVeYStk%2B76pXSVX3aE6lJfJFwraMMZlxziEfrh7Ul%2BrAht%2BPHyCFhFvUU2ORlmLzW0RzZ%2FvMRxI8uJhVP5rqye07BVapQm5Xa%2F4bmJ7HAxk1LJCLfNX0eyJcOkrH6pQTktB5iQY%2B%2Buc9KlUc6iYaVZQkrcj9jsZ9ikOanQd2U5iHrvhfMBMeG52iu8NAHMIgL9opdvoUpL%2FZdUK2suREf%2B3SpfR8QJet%2BN24KYXgDNxQ3V4%2BhEsE38JFeKQTp0raDOnT1uO6Kq0%2BupUaSy8eUf%2FC9nUarQ1iGQwPyG3laDjQkQLTy1CyqvD1v5zlk8yfKW6%2FGMY8ylyf1haFUDDUXdzU0mOYga3i3tCCRd0Nk%2FN0Z19bcbamA9y2i%2BddT0mk%2Fb1VM7MmLN%2B8ax8bzCZLyc75jH2OEZE1clfB1s4y73nyi9pZcbLnSk73WHF%2B2hop%2BIT0xBbFcl%2Bt%2F%2Bzlrl08ffC%2FAG%2F9AE8eWPjhKwf1Tgsx3BvJn%2BYBK440FeKLQ8QDSbnm8lBTaheFvJFUwPW8h1%2FLx9WjVl9jMnfgPstlWq9Q94uLB9ykyVQfUCUXSIBhWQ7QPxitRuDs0GS%2BasvBuO5f4iLmJ3H0CsmyVLvkxcKzIP8%2BxHCLa3Khz%2B9GBDA582ZIG0EplMxbTCIpjMnWKA%3D%3D&mm_sceneid=1_0_127238467_0&a=xxc%3Dad_ztc%26mi_id%3D0000ciZWTC9iTp2jI3y27Q2EKRqumrL58v1-x_y_0efhc_M&id=743848939152
965872099339,POPMART泡泡玛特魔卡少女樱透明牌系列手办盲盒玩具礼物摆件,69,¥,,泡泡玛特旗舰店,泡泡玛特旗舰店,回头客20万,7000+人付款,江苏 苏州,"热销爆款, 退货宝, 48小时内发",出售状态:现货 | 品牌:POP MART/泡泡玛特,https://g-search3.alicdn.com/img/bao/uploaded/i4/i2/2885348004/O1CN018KCsVW28ztEUFFEGY_!!4611686018427382436-0-item_pic.jpg,//detail.tmall.com/item.htm?id=965872099339&ns=1&abbucket=10&xxc=taobaoSearch&mi_id=0000wBOmSa1_jLIjWv360GApA4aUBXKQJoP8EDRvPIJrDVs&skuId=6006111762062
1011855147605,MiiTAKI米塔集搪胶毛绒玩偶公仔潮玩挂件盲盒新年新款礼物小礼品,58.55,¥,首单价,米塔集旗舰店,米塔集旗舰店,,55人付款,广东 东莞,"官方立减12%, 直降7元,  12期, 淘金币已抵3.95元, 退货宝, 包邮",单款概率:1/6 | 出售状态:现货 | 品牌:米塔集,http://g.search.alicdn.com/img/O1CN011pFutQ23eITbkNw8R_!!2221307777280.jpg,http://click.simba.taobao.com/cc_im?p=%C3%A4%BA%D0&s=353341077&k=2457&e=sz6Ug1iUHrPmeb%2BcoxTyGFc2IYHUXbdo5qGP4DeDCipf1WwONSx5gd3R5mgV2GXvE9sk31HRXhvrJzKNEMHnZiaCv96V4EPV3DmJ13By91fSx198fabPaiaNr87%2FWmBgCr2KikrqLU8a4%2Bgx%2FcKTde6Z44hKtFt%2Fuslry%2BpygYOK%2Bqu6d1QnsaTqTBD1%2FT9hY1cAQJA64eZqOsFa%2F2zoZuzQn%2FDX8cfxtzDpX7a8dYi793FgqNWvpvhEMZTI85axgWibta5dpxXhZqH1sND2q%2BtQRSdSFN7WCz38x03g4TsqCQowATm3I2ysVUfHP%2FnJGRlX3bykMvy579ll5qZGLS5UW5SNMJ3Yd5g3ZU2enoUOB1lqzyyc3pVmWnA74TbTB1fauYxh%2FOquVgmR%2BjtRY53cN%2F8vZ3h2IfywbOQLsnWK8cNSr6qBnSEv%2FTUwGpKgeymi%2B0u9uBhOhUx4Tn4P%2BEtSUF9hPaokCkVbAZhGBc%2BtXRvDFMYhDeqEGDEex9VfgusZbUx4ZyyeuixwccSZ3O1D%2FjQXDR84N1rVZk9goHzcUUYSHruoWS%2FBkKX0w6jCcfH7bQthq0SgfClLqudAP1FqbdFW8zIlqC4dU2qsVucKsbU1pz%2FiaEixv5EkTTlfHxBQYHIUJv2qcuvsWaPykVY%2BIdSftJpuTyTH8ozy9ImINxQtDGxS2Q7FuC7%2FEVeafc%2FQqU2PHs%2BNnvR%2FGwYZiL3aacq1w0%2F27AmtQKnqYPmPivw9vn8vfbqXOekFyL%2Fwmkwlz1e%2BKVT7gf5zAtEPIJ79wfDnqb7kQj62VUAm2EbiqXv0s%2Fe8LC92pAe3oiVCHZsoa9aoftGpMbFi%2BlRETfbP1lsTtdGa8yKXQDtO%2Fy%2BgdJKnqrfq%2B8VJMl4oEH18Sbnm8lBTahe%2BexFfgf2Y9SqBujmnJn41Q4lhAoW%2FCn4bMrr4G9KH%2B9jtTmosMphyNsCp0oT8Uaq77VAHVpl%2F0WyuIBJ%2BzKo4l2UOf6LYFfbZkwQ%2F4SQeJ%2BiJ0YGFF5G52C5JFPak8PNGw1eFi3DJioN5zJGgb8Mkml4oXncH1%2FnMXoBjgIpNw5engoWMGIEgifG5%2Blvya%2BF91zJA5GznvRwxw4UA1Hmu%2FZbMpOfpO1vQ9zf8js1kEBDuhFcCqzKnebnb9deijRo%2FL3UhxlRtIzGPd6N6ie4tvpkDgjaXh3NHWis%2FB2tU9xl2FfIwdQyR2Ybraf3J4r%2FHXdv%2FKIZwiIBQ3xRdR1y5Rx18KObNOO2pqVKmLOxSDea65smj9bnur%2F245ueRAGC88zOylokptxKza%2FK%2FzpCjNGHAqCLF1HOu97g0Ui2ZL6jUYvbTixoYqQx225nD3ofsXTSmIPSZPXh85EQ2ZHEdXFAcZ7H0rQPZF3kPOevELYZ4nO42wJFHFmIkIIiinqQMeVwTxflEGZ09VaNQ97pId6MhWEgRiufMvta0hqzXGbI%2F3eal74ng5Iy8p9U7rRYhz%2B7aO%2Bp656Almp64EGvc7Z%2BXTtr5xVpnFBoPUDsvb%2FxTBPNLc%2FwHp3nRNl7y9NBMmDjVPnz%2BArGUxmTZOJQ3h5pl8lWKNs2AE5risGPMVJDJBuip5b4MZk8KhAuOOUsUOHPZqxnyYLWXtF86Jt9HnTS7YZbQFSFSuP1SrHjbiTzKugiH%2Fgls1QAkTgi4s9T2MUFg8Z685WxG1zPljrdGXv8%2FeRuQCy%2BWJbpaulImTSFqjbqbdQvS7x8nDxMSnm0n24bgnwMnQbh5gzDjmDFzV37NkzmROzUQ6XTvUIxJtMBW7Uwlb5mdevLVr79SNMYh79YVoM%2BXvtUjFt5F29CN6zukdmsPQweAOHzePSKhUhj7FIQh8RMq9g12G4u676pxe60dj9g3VLD6xmTRYeSaT0PyJ%2Bz0f98Bv4gMU3DJxqt%2B7iourI8SFGtU5L4Fv7Ja3mX0RO7PJ0N1wWivLV%2BhP%2B6cgG55rDp1SPVFtJETehiMOpYA3fCaOnJZ%2FXY6oT%2FCxvli4Mb1Ci0ZHuznZccZOiwuMsNoSglDyJEu5zlw4rY9rn5QD2SYUkDIxI6G2R%2B9nPjZ5n7W4xXl6rDJUTlFssrWlqoPeW7t9lCSnPC19Rbqoc%2BIrdckXtTyO6K5fDYdTqyJNSDBWA6IZbsXV0OMFmIkIIiinqTn4DNpbKYSCl2e8mOtDtuDvZm6ww7fj%2BFLXSNwyAN6WhoXsEOU4SCkBffcIAcP1GvkSMrY7xU7fvAIdDmxNo0pXktiZTRBinnZvloXamNCp4%2FDOoQOshBXs7mEp%2Bz2Vt9Ja0MbzICzTXiwzZ%2BuJOST0QIyPl1jHu0QRzxLqZExW7Va%2BGkIjSwYR6AhkQOA7rw2sJtlNuwLL6e6H8RctQPbrdLRGoK0HIA19n2p%2BVSTYtXl7%2F6%2FltMj2Rd5DznrxC3%2Fi0gMootjOdGYhZ12E4zJ%2BfkHEM9nEVxZJNTgqbSOXQ%3D%3D&mm_sceneid=2_0_9788969538_0&a=xxc%3Dad_ztc%26mi_id%3D0000AZ77ue0fRbnKz4-FxWo14UqmaAljy5H2cOlJGgmUy7A%26skuId%3D6181634031978&id=1011855147605
963939683763,史迪奇搞怪日记2.0盲盒桌面摆件史迪宝贝手办潮玩公仔玩偶女生礼,12.8,¥,券后价,萌想二次元,萌想二次元,,400+人付款,广东 汕头,"官方立减12%, 淘金币已抵0.29元, 退货宝, 包邮",,https://g-search3.alicdn.com/img/bao/uploaded/i4/i3/2216445298450/O1CN01VyyqcD2CI9r3S72s4_!!2216445298450.jpg,//item.taobao.com/item.htm?id=963939683763&ns=1&abbucket=10&xxc=taobaoSearch&mi_id=0000FgzJct6M5HHcuuHTDJ6jfcAEZZlldqYKJJBvOiwg5S4&skuId=6123240779684
977985914759,现货米甜三代运势小签灵8分bjd盲盒可动人偶公仔换装手办摆件礼物,92,¥,券后价,郑慧中123,MIDI迷底杂物社,,200+人付款,广东 广州," 3期, 店铺满11减10, 48小时内发, 包邮",出售状态:现货 | ACG作品名:DC漫画系列 | 系列类型:联名系列 | 品牌:come4free,https://g-search3.alicdn.com/img/bao/uploaded/i4/i2/2075261179/O1CN01Ab4RoB1Ka25FujcTy_!!2075261179.png,//item.taobao.com/item.htm?id=977985914759&ns=1&abbucket=10&xxc=taobaoSearch&mi_id=0000rYB_p7wtU1u36_UC_k52F0J_yXoxw8fUYaa3rDs3HhA&skuId=6011885540710
920319617537,星斗模玩万代高达假面骑士盲盒福袋中古在线扭蛋机一番赏28次数,23,¥,券后价,tb723146774,星斗模玩,,200+人付款,北京,"店铺满5500减500, 包邮",出售状态:现货 | 品牌:Bandai/万代,http://g.search.alicdn.com/img/i4/7991976130/O1CN01dTyjDP1v9azq2lMoZ_!!4611686018427379906-2-saturn_solar.png,http://click.simba.taobao.com/cc_im?p=%C3%A4%BA%D0&s=353341077&k=2393&e=ku8NlL5Z72nmeb%2BcoxTyGFc2IYHUXbdo5qGP4DeDCipf1WwONSx5gd3R5mgV2GXvE9sk31HRXhtkJvn7hV5VQuXoAJqYeb2VfgD4zTwZ4OBreroArRPxyyaNr87%2FWmBgCr2KikrqLU8a4%2Bgx%2FcKTde6Z44hKtFt%2Fuslry%2BpygYOK%2Bqu6d1QnsaTqTBD1%2FT9hY1cAQJA64eZqOsFa%2F2zoZuzQn%2FDX8cfxtzDpX7a8dYi793FgqNWvpvhEMZTI85axgWibta5dpxXhZqH1sND2q%2BtQRSdSFN7WCz38x03g4TsqCQowATm3I2ysVUfHP%2FnJGRlX3bykMvy579ll5qZGLS5UW5SNMJ3Yd5g3ZU2enoUOB1lqzyyc3pVmWnA74TbTB1fauYxh%2FOquVgmR%2BjtRY53cN%2F8vZ3h2IfywbOQLsnWK8cNSr6qBnSEv%2FTUwGpKgeymi%2B0u9uBhOhUx4Tn4P%2BCagjujR4r%2F7kFvMMhHnYqjNqUWk8nlJ6cdLUNi1hRTMEyE7FkAyTLF6WCKipmOr2scRJTCbJAL719y4v7RdgjvlxpxrTHTWbuhlW7duleT47djsevKNRRB72S4RCfUeF%2F45herL7THJgZHJRc0OG%2BzXSpPN5m3hRJUGmn1eUY%2BYcxZlORywzLTP9k6272YJ9YKm8Purg%2BAxEXryFTLITwsjFH42RCgA89U4OLliDcNXgUpzUikken7tlW5V03FsAItblQt2AmuhdTS6jwisOzQ4u4cdgYxD1RWmaXuSEv8scMTMQNRQuPvsZTg%2B45hSvOaH8WQbmjsleThxgdVp65IekB5aKDjUW%2BCwyZBIf2uddZZO5R%2Bmg%2F8NbJPi3UilqATcdSkJIp2O2Bb2xpeuSwa4vPslJ2%2F%2FltHaotCC9B3Qj%2FCt%2BKo8bmcsJv4%2BtCft0AG%2FiAxTcMnGsxl0V8fm2qOdorvDQBzCIJHQafAt6Pr1zF4NTPcouS2G4%2Fp7HYjt9VVqqJ8sWlvKTYtGuadiEOdQLrPMmc55nu9VjMpYm2GsABl0kf2qrhra%2FjPEwn%2B5HnjIS1%2BUisvOOj1NhJ5T3gYRKq4OZEKwjWiLOh3417b5kXksFTtwbV2jmiiqPFYYOpVl2mXhhfTx%2FMUcq73aKX%2BQRHdyhPxfqJd4nBve5otwrR9dqWfMr%2FKRqBj7RBfpQAZjZBiRxWo5%2FwQkk8%2BwTzwVqL9XEtS00P7WpehHOX%2BL3Px6jsFChUfir1SPFed%2Fo4QU4FcGyWyuQE5eAVvpFx5fDdOHzo7oqNPeq615tfn%2FBJWDTac4WyqGZTdBSxicIEwrqp3r2z4wVdRUQmEbGPIXl820tbcSZgYDihUBz5q%2FgS8oOhg3JxArVgRulfqMbl%2Bh6rEQ%2B9t8KYMO8SvY3HybMwwV0Bro1FYQ%2FmZ91EMbV3Ho3cVyGliIXVsI%2FSmtfmLNVSL4eYZbIH7Pd8TT%2Bux926CTlJrY6QHgqeLu%2B1JVyhD8%2FNzpm3YDj5Z5Y%2BcgoyWDSiCUy35SmFvyKroKviQIqO4aG3iToIdouOLfcxt8dSh0WbzsPNWozo%2BEYaQnJQ9mclugQQNdghmNIkMNPlwsLnAvYAE3UgLf5nnd%2FhuypBh8UgiU4WlJJQn3rjpJDGxZWxW5W21rl3Kn%2B9LUWE7w0ZmS3AIzIuWy48EmPlinnjl3thbz3MuC2zjwToPog4X66PRIRuw0V0lV92hOpSXyRcK2jDGZcc4hH64e1JfqRVv%2F2%2FBFOqc9AyQ9IVSKZQd%2Bz1IucbRaO%2F%2B6Aql1WMg%2Fh2K9U%2FR3Fd6KQexxNbXII5uVqOUDdTlLs3tpwxImJu9XYgCrfeVYQNE%2BgYW63eBcNVFOhRHAWImYr8oV79Scg9LjpS6GiWP2eI7ILpiLxGmEWeGOcpIfbJRhvtldWFaFlSLDhiuL7AlO%2FKjaHGoFZVt9IDl1YCDezGcU9Dgy8aoNs%2FViRt1c0aMbZXeudWDzmKKvW6wJofBv09diAgKT4oEWO7mS6nXdur3m6DJ9cbsmhrPqwdaZPtz8m80J9ZSRV7Mb%2FOabJ3eZfq7sLUZ2or84cr8K%2B4APUndYP5r7yd5LszqxdTW1KOPgWcnnlUXuNJ%2BG5dJLYvFSMV8ukEG%2BwuZreQKfuIx6aeuFkmAzt6qqShYNnbsfTA%2Bu%2BnO5acAlbzicH6cW%2FDaBdV5I5hXKe6eiHV0Dn1YYisawTKIHZE6%2FzIQ0oL4R4bpDnLSctsMOR2SI0cLDoDQp6yFYFcYwVmu7Yn0%2BPdxaSUktjbs3xAvkMF8pBoWLoqGsftLKUmhVvGOczt1uV3nboEjWqOGcFsw%2BfJwBHykFJIaWFhy1Fvwm%2BSxL%2BAS5tc%2FE9MGYOjvaOQZ81q%2FbxJTZ0%2FUBpy4dA4%2BWeWPnIKNen4HNRvCZLA%3D%3D&mm_sceneid=1_0_7991976130_0&a=xxc%3Dad_ztc%26mi_id%3D0000qdHKr2j6om1cqnMOXDkpEGUTxajEPLoh4g8UunSpU7w%26skuId%3D5999704717006&id=920319617537
753556018050,哆啦A梦手办摆件招财香薰系列正版盲盒公仔叮当猫潮玩偶新年礼物,209,¥,券后价,rockspace旗舰店,rockspace旗舰店,8年老店,600+人付款,广东 东莞,"超级立减20元, 退货宝, 包邮",款式类型:特别版 | 出售状态:现货,https://gw.alicdn.com/imgextra/O1CN01pcF6FE2DYTbXS02hF_!!3406078621-0-picasso.jpg,//detail.tmall.com/item.htm?id=753556018050&ns=1&abbucket=10&xxc=taobaoSearch&mi_id=0000tGSblkghjkxSWopBd3rSYgPvk_BcgaoOlZ-XQ1EmJKQ&skuId=6005006104836
,,,,,,,,,,,,,
,,,,,,,,,,,,,
909095711955,卡皮巴拉盲盒洞洞乐可爱玩具儿童惊喜戳戳乐学生奖励抽奖拆拆礼品,35.6,¥,券后价,看透人心和v,福气猪猪玩具店,,6000+人付款,广东 汕头,"官方立减12%,  3期, 退货宝, 包邮",,https://g-search3.alicdn.com/img/bao/uploaded/i4/i2/2202648195/O1CN01RF8i6A2APMo1xonQ9_!!2202648195.jpg,//item.taobao.com/item.htm?id=909095711955&ns=1&abbucket=10&xxc=taobaoSearch&mi_id=00000sd46N5hpoRC6VRxh2LrXnNT1OAV4fANXVVbUrz2nCU&skuId=5937832878402
902718280528,MINISO名创优品迪士尼疯狂动物城秋日庄园系列手办盲盒摆件礼物,49.9,¥,券后价,minisotoys潮玩旗舰店,MINISOTOYS潮玩旗舰店,,800+人付款,湖北 鄂州,包邮,出售状态:全款预售 | 品牌:MINISO TOYS,https://g-search3.alicdn.com/img/bao/uploaded/i4/i1/2219447282511/O1CN01GVx8VV1UQ5dNqzl4L_!!4611686018427382607-2-item_pic.png,//detail.tmall.com/item.htm?id=902718280528&ns=1&abbucket=10&xxc=taobaoSearch&mi_id=0000jbd1Or7NsEfkUhuI9coSWr9VO5Eyyk4T64tlUaOmuwY&skuId=5925751626942
897757611421,Cup Rabbits卡布兔潮玩盲盒手办玩具女孩毛绒娃娃玩偶小礼物摆件,60.7,¥,券后价,卡布兔旗舰店,卡布兔旗舰店,,100+人付款,广东 深圳,"官方立减12%, 新品, 退货宝, 包邮",单款概率:1/6 | 款式类型:隐藏款 | 出售状态:现货 | 品牌:Cup rabbits/卡布兔 | 款类型:隐藏款,http://g.search3.alicdn.com/img/i3/7465007087/O1CN01iRi40F22Du2BSCQ6h_!!4611686018427385839-0-saturn_solar.jpg,http://click.simba.taobao.com/cc_im?p=%C3%A4%BA%D0&s=353341077&k=2381&e=cPOnph5DTyrmeb%2BcoxTyGFc2IYHUXbdo5qGP4DeDCipf1WwONSx5gd3R5mgV2GXvE9sk31HRXhtEm8QkPRTKM2iht0trUF3SgpAghruE9aLSx198fabPaiaNr87%2FWmBgCr2KikrqLU8a4%2Bgx%2FcKTde6Z44hKtFt%2Fuslry%2BpygYOK%2Bqu6d1QnsaTqTBD1%2FT9hY1cAQJA64eZqOsFa%2F2zoZuzQn%2FDX8cfxtzDpX7a8dYi793FgqNWvpvhEMZTI85axgWibta5dpxXhZqH1sND2q%2BtQRSdSFN7WCz38x03g4TsqCQowATm3I2ysVUfHP%2FnJGRlX3bykMvy579ll5qZGLS5UW5SNMJ3Yd5g3ZU2enoUOB1lqzyyc3pVmWnA74TbTB1fauYxh%2FOquVgmR%2BjtRY53cN%2F8vZ3h2IfywbOQLsnWK8cNSr6qBnSEv%2FTUwGpKgeymi%2B0u9uBhOhUx4Tn4P%2BEtSUF9hPaokCkVbAZhGBc%2BtXRvDFMYhDeqEGDEex9VfgusZbUx4ZywXotbHfdAem3A5Ja8xGAZF0M39gfNda%2BQzzdL5JeqaeAqNYM%2Bnul5o9Ljo3gRsU4rMr3o6Oe9FObGEcU6hPegMgZTEY8URF6iC7cu2GIsuWkqXNROyBXz0HTAiDQ8n4IRytb4JIX1eby4XuLArdFgeySe%2FWp3eZ1tPrq0AdHSlBw7FuC7%2FEVeafc%2FQqU2PHs%2BNnvR%2FGwYZiL3aacq1w0%2F27AmtQKnqYPkO03UOnoBH%2FHSpqc2pHF5qYwWhIxa7P6DdmY%2Frpmuts3m4hHOplty8IaJRKFyOESjfXLTTE1ulF9q5TBSWHRDaEBeirLmuHjbwfYYADPG7FQTcdSkJIp2O2Bb2xpeuSwa4vPslJ2%2F%2FltHaotCC9B3Qj%2FCt%2BKo8bmcsJv4%2BtCft0AG%2FiAxTcMnGsxl0V8fm2qOdorvDQBzCIGSRR8TK5cBlo9qOMEvw2RVYmWXiVV%2FnHg%2FCkTCF83%2Bhaxnk0FE8iT6ysaGXaLdTifYOqqvnGXmYiS307qoJS5wGlwFXMHuNYWvsWwwAi4c0j%2BOtFQEJUvlnaN803UUls4zzqiqXS%2Fuk3MMZ1YB4Fp9ZLK4t%2Bx8TNU58dkfa2XM8inpemBBND%2B4I26miQBGbMupAfKbTkkG9ajxzNweNSfNQWMvIK9vamou4Q7f%2F0niPufpQcflkHTKAIXufe67g%2Fz4Mce93IjtyYu4sszXmp9QGSwYR8YXn7Ejhlwo6zuIExgU8P88SgxIVBJ13h0sCtw6Gwch2I9ZDZLsAecrw%2FBEsT%2B4IoEJkL18HNBRyntQKCz1jKRUCO5ToRytdQKyDiVMb5buoL47qU9jLkKJamd2wSr49W2cDlybigjiYzFU5T36ooaoKllXNXfeYzkMjjyjj4FnJ55VFy9R1v2N705AKjWDPp7peaGaO4PEsklx2qo6W7ZiPtaU1apSWDX2Wk0ctWxq4DY3Yuf4dg1BvyfwWl5n%2FW2orOWK2VUgzg2SbPYU7tApvjXKvkVg2%2BW5v23hBFk54K%2F3A2LZNMGxHyIPx%2Fcrt%2Fgc6PrWnWk5NexkD9tRcVtLk2zzg558%2FUa7xi6xZ11fBwnj6BRCXdfEQxd%2Fv%2FWKlvVoBWlMnLVP18ZfoURp29%2F%2FYgqu3TzHYSnS5CufzU%2F6nw28LUyctU%2FXxl%2BijEEaEzNiJEMJSe1OBBiwiERdwW1kSO2BGYkTeWT%2Fhu1tEc2f7zEcSPLiYVT%2Ba6sntOwVWqUJuV6YJVlZerIkKZVM7wgeiBrf4vQfCXxzL%2FPjduCmF4AzcfwpDHx4%2FAQnCULChehN2f6%2BORmaiJkLBB3DJf5xurP7Y7U5qLDKYcghgc76KDGyFL%2Bl%2FlEsRpKPzmAvH6%2BSuZMpm4b5d9c3wGJ2Gd6NlLLyam28vDAGWnpPyGjQmnlMhE07I7O3BtQyy19B5ut0RuO2K8gMpmjdtqadCKxYhnvfOdrCnSIRoKLY9rn5QD2SYUkDIxI6G2R%2B9nPjZ5n7W4xXl6rDJUTlFssrWlqoPeW7t9lCSnPC19Rbqoc%2BIrdckXtTyO6K5fDZbSmcmB83qk91E2PbX7Tzoxk1Bn1q65C9Gs2%2FvYC9HauhX0t0UsaABclwej3Rzkq1959g2CfUqvdBfCupDfgpgHzGBy8%2Fy6iE2gXVeSOYVynunoh1dA59WGIrGsEyiB2ROv8yENKC%2BEeG6Q5y0nLbDDkdkiNHCw6A0KeshWBXGMFZru2J9Pj3cWklJLY27N8RF6FqrOnnu9WsZ5NBRPIk%2B2Rio5v7qUfqy0ViM7bEpLu8%2B%2Fw1oPK1b11arn%2B92t3Xsnwl0IMCBs2te6s5K1HplEra39eoQHck278rUZc6W4rn%2BHYNQb8n8t6iDJ15T31o%3D&mm_sceneid=1_0_7465007087_0&a=xxc%3Dad_ztc%26mi_id%3D00006qaowwbrfXsb0ip5KufiIadmWsjsJk_IXz3ezNmfGLE%26skuId%3D5751476744224&id=897757611421
967879313193,rolife若来 Nanci囡茜幻想博物馆系列盲盒手办女孩生日新年礼物,828,¥,,rolife若来旗舰店,rolife若来旗舰店,6年老店,2000+人付款,江苏 淮安,热销爆款,款式类型:端盒 | 出售状态:现货 | 品牌:rolife/若来,https://gw.alicdn.com/imgextra/O1CN018djvcB1YqQt3dyfAg_!!2206871603110-0-picasso.jpg,//detail.tmall.com/item.htm?id=967879313193&ns=1&abbucket=10&xxc=taobaoSearch&mi_id=0000wLzN-Sgi-DS80j6-a63nF2WghlJ4bZGKzpzsiz-QZPY&skuId=5455167393731
956021661021,三福惊喜福袋盲盒 款式随机发货,12.9,¥,,三福官方旗舰店,三福官方旗舰店,回头客100万,900+人付款,浙江 金华,,上市年份季节:2025年夏季 | 品牌:三福,https://g-search2.alicdn.com/img/bao/uploaded/i4/i1/397259828/O1CN01qDbIQG2MTHeB6tSxq_!!4611686018427384884-0-item_pic.jpg,//detail.tmall.com/item.htm?id=956021661021&ns=1&abbucket=10&xxc=taobaoSearch&mi_id=0000ERNHYGphDoDX2Ak5KU9Kh11zNubQT_19Wya0lHzApS4&skuId=6163357887745
833496694270,兔兔龙幻想生物二代猫猫龙魔法学院系列摆件毛绒盲盒可爱潮玩手办,52,¥,,飘零喃喃,一二潮玩,11年老店,300+人付款,浙江 嘉兴," 3期, 24小时内发, 包邮",出售状态:现货 | 品牌:欧嘀,https://g-search3.alicdn.com/img/bao/uploaded/i4/i1/669165207/O1CN01Go80WU1oKrIs7hFBN_!!669165207.jpg,//item.taobao.com/item.htm?id=833496694270&ns=1&abbucket=10&xxc=taobaoSearch&mi_id=0000uJBAlpGFXzB24DqehjFNdd9k1hTuW4hgCN-Ijt9oows&skuId=5580517720312
945257885528,TOPTOYNommi糯米儿异世界系列毛绒盲盒可爱桌面摆件可爱娃娃手办,69,¥,券后价,toptoy旗舰店,TOPTOY旗舰店,回头客9万,2000+人付款,广东 广州,"官方立减12%, 热销爆款, 退货宝, 包邮",出售状态:现货 | 品牌:TOPTOY（玩具） | 选购热点:淘公仔,https://g-search3.alicdn.com/img/bao/uploaded/i4/i1/2211430099222/O1CN01J6uX3C2HzjaQXbN9L_!!4611686018427382038-0-item_pic.jpg,//detail.tmall.com/item.htm?id=945257885528&ns=1&abbucket=10&xxc=taobaoSearch&mi_id=000035IvnBENtjb385Xn6RVSRgdldkFimEI_r5FylAitksE&skuId=5908837744818
1011501843092,正版三小毛mini小动物挂件盲盒眼睛可转动少女学生日可爱公仔礼物,23.9,¥,券后价,tb251847528539,KOSMO潮玩,,23人付款,上海,"官方立减16元, 24小时内发, 包邮",款式类型:隐藏款 | 出售状态:现货,https://gw.alicdn.com/imgextra/O1CN01qY5ebp1kc1oXplAY0_!!2219612494703.jpg,http://click.simba.taobao.com/cc_im?p=%C3%A4%BA%D0&s=353341077&k=2393&e=jti59UPDtUTmeb%2BcoxTyGFc2IYHUXbdo5qGP4DeDCipf1WwONSx5gd3R5mgV2GXvE9sk31HRXhuSSCHx5Znfb6TYAkvg%2BWBkc1YXtON82q3Sx198fabPaiaNr87%2FWmBgCr2KikrqLU8a4%2Bgx%2FcKTde6Z44hKtFt%2Fuslry%2BpygYOK%2Bqu6d1QnsaTqTBD1%2FT9hY1cAQJA64eZqOsFa%2F2zoZuzQn%2FDX8cfxtzDpX7a8dYi793FgqNWvpvhEMZTI85axgWibta5dpxXhZqH1sND2q%2BtQRSdSFN7WCz38x03g4TsqCQowATm3I2ysVUfHP%2FnJGRlX3bykMvy579ll5qZGLS5UW5SNMJ3Yd5g3ZU2enoUOB1lqzyyc3pVmWnA74TbTB1fauYxh%2FOquVgmR%2BjtRY53cN%2F8vZ3h2IfywbOQLsnWK8cNSr6qBnSEv%2FTUwGpKgeymi%2B0u9uBhOhUx4Tn4P%2BEtSUF9hPaokCkVbAZhGBc%2BtXRvDFMYhDeqEGDEex9VfgusZbUx4ZyyeuixwccSZ3LTlK4f4cpicNqvzeU59vBj7sIGHS3b7UM2wHNNs2wTan4MkIYOxZCxxrCg0yGcKgnmXHG9YpfInM1na2dHYyX%2FVrNLfVbYkJk1ny7LZ7h5i69Pu6JN6ZyN3OF9Gsda5qT1tOWwmHan3Pacc28SlLR%2BINxQtDGxS2SU1uHjsA7HfRgGa6kMD1rLvJ3R21%2BQ9olAAQ9qZJy4yUkR%2FMMI%2BtKbcJOyXANQ7d3YalbRpBUHzmebuVDpYeVlyAzBJGtJpb8NtGkYDVKRGgPl2d0x9bTsJgzP0taf%2BE2o3hS%2BI%2FKPP5w4oBpJBhjJspQUO3TMCxyXKIZAtsk1hEZn8iI%2FNNMCEB9nn3cQwGTBDUE0AMcCEgfQmuIjXEG6LJhm44Z2FxOZQAPlIwtYiPuoOos%2FWbDey%2FUtpjq7hxuwijdIeMM2JR732d9AFxvTipywMT8WkzqOjdZhIJYduwV0gcHt6573xtSouZa3Ac%2Bi3IUzjqmgzyZTxTdpwWljtHIFeMFEol6dYAIYOO623z6HxUBM5zHmk%2F9zDFq12gibBPBjcg0CvFnCD8DhgdjqK1n%2BR0PSqMpBM8l9rFXlZJVdoga3q1%2BEvNbng4hRxU%2BhsEBLwMghKnQwm3STrS8td05cT1oi3sK0bpbjkuX%2B6ZvItiu7iDWW4mvR%2BJ%2BG4QAZrWi60F0tvJXID1AFepzUXrHwjGZRhf%2FdfT9IG%2B6KI37%2BZE6B9KZyGlQwGz5UcCxpER5%2F1MD2AaqmB%2FISe%2B%2Fq3TzHYSnS5CssDj%2FKbD4Kk1azS31W2JCZNZ8uy2e4eYuvT7uiTemcjdzhfRrHWuak9bTlsJh2p9z2nHNvEpS0fcR2ksLFzqoA%2B%2FtZc7zF%2BfJg4ofXHBBKAPIEzU3cpSk8Ze6adcrqkCHKH9aWp17fHoCWanrgQa9zdTjAVFWU0h0ZZa%2F%2BubBhg%2FFME80tz%2FAenedE2XvL00EyYONU%2BfP4CsZTGZNk4lDeHmmXyVYo2zYATmuKwY8xUA%2BcqKFJ2zJUTlqONRoHDV1qg3Bl6LB4hYQJHbVzOwbygJ5Bl0wYyusIRHTW6Hbvh2HTuMxiI3jnVACROCLiz1B1JR28Gz1exf7CvROX2sLpe%2Fz95G5ALL5Ylulq6UiZNIWqNupt1C9IIgRpbZ2nW7q1sro%2FI5fOhuHmDMOOYMXNXfs2TOZE7NRDpdO9QjEm0wFbtTCVvmZ168tWvv1I0xiHv1hWgz5e%2B9bGuApcBDdMCJOH4WoVygIA4fN49IqFSGPsUhCHxEyrwCxBb8%2FBzHgO%2BBLinkN7XSl2D3dDHwEJPQ%2FIn7PR%2F3wG%2FiAxTcMnGq37uKi6sjxIde1GMlbTx03UqqbaJIGC9Q3XBaK8tX6E%2F7pyAbnmsOhwHP5reUb5HLOWKk06FWLw6cln9djqhP8LG%2BWLgxvUKMsFt2T4SGhFyVrwQRm3gA26QObfcxGFiAURVJeyDsYA%2Bm4tR%2BS%2B7mXK2ntsYt8ofHFjGU99s6N2dGa9%2Bp%2BehuTqX9z1KspH5kVMcS7AlFpf%2B904SZvI6IzvuC6QgDqch%2F2YaVs%2FtIUi9mbrDDt%2BP4X0%2BvlRNnTkphVmclC4Xx1IPA1CBQOesbJvxCMzFuJUBdzhfRrHWuamcOaNgINu1Is2il8HV5LIbi2KJf1bc448%2F31qdvKp7jJwNals2WXNflF8gFX3HRij4rIxwmP2rojRJqBIbFv2eN3BsU37PKmv3YmAEkwAGW9gfcDYOYt%2BDClj5y34G2bXsq1ErFi4JH3%2Bwr0Tl9rC67z7%2FDWg8rVvOc%2Fa7VpqNsP5vu5%2BV4U2Z4Vv76jh6Oc79G9Y%2By7gDzjbvytRlzpbiuf4dg1Bvyfy3qIMnXlPfWg%3D%3D&mm_sceneid=1_0_9787276849_0&a=xxc%3Dad_ztc%26mi_id%3D00006cfUkArPbiV4qwg4YCxrto5FnSsCDesB8dRCTqhf9VY%26skuId%3D6180214098454&id=1011501843092
988898988004,线条小狗拥抱暖暖系列潮玩盲盒车载手办桌面摆件装饰圣诞送礼物,10.9,¥,,哈哈哈哈哈哈2016638911,笨小孩潮玩,,700+人付款,山东 菏泽,"退货宝, 48小时内发, 包邮",款式类型:隐藏款 | 出售状态:代购 | 系列类型:联名系列,https://g-search2.alicdn.com/img/bao/uploaded/i4/i2/2815124788/O1CN013EdBeE1lExSgxKiOi_!!2815124788.jpg,//item.taobao.com/item.htm?id=988898988004&ns=1&abbucket=10&xxc=taobaoSearch&mi_id=0000_li-YV_j3LYB1SYyfKqPF6GV6qv5fFTYv34d5A05L-0&skuId=5953407157206
953536514279,POPMART泡泡玛特Nyota四季时序系列手办盲盒松软生活玩具礼物摆件,71,¥,首单价,谭梓琳lin,欧巴手办盲盒,回头客8万,1000+人付款,广东 佛山,"直降4元, 店铺满500减5, 包邮, 酷动城",系列类型:联名系列 | 品牌:POP MART/泡泡玛特,https://g-search3.alicdn.com/img/bao/uploaded/i4/i2/2580405343/O1CN010E8CZ61pL9FpcRKaO_!!2580405343.png,//item.taobao.com/item.htm?id=953536514279&ns=1&abbucket=10&xxc=taobaoSearch&mi_id=0000OWp3HNQrIBL_k55dXT5q1EBrdVzhF5_M19D8k9ZexjU&skuId=5875997133084
727669680546,正版COME4FREE米甜海洋宝石二代8分可动人偶盲盒换装BJD娃娃手办,84,¥,券后价,郑慧中123,MIDI迷底杂物社,,2000+人付款,广东 广州," 3期, 店铺满11减10, 包邮",出售状态:现货 | 系列类型:联名系列 | 品牌:COME4FREE,https://g-search1.alicdn.com/img/bao/uploaded/i4/i4/2075261179/O1CN01OCDhaX1Ka2556Oyv2_!!2075261179.png,//item.taobao.com/item.htm?id=727669680546&ns=1&abbucket=10&xxc=taobaoSearch&mi_id=00004Q1M8CYxyBXrgvuV4xTSFz-81rNV76bP8HxXhQP-y9o&skuId=5779215473409
745205516644,手办定制盲盒公仔PVC卡通摆件钥匙扣企业吉祥物树脂玩偶玩具定做,10,¥,,tb4914932656,深源礼品定制,,36人付款,广东 东莞,公益宝贝,,http://g.search.alicdn.com/img/i4/5157336262/O1CN01QAWLg41w83B1HMuYa_!!4611686018427385030-2-saturn_solar.png,http://click.simba.taobao.com/cc_im?p=%C3%A4%BA%D0&s=353341077&k=2189&e=vvJTVeC9pTLmeb%2BcoxTyGFc2IYHUXbdo5qGP4DeDCipf1WwONSx5gd3R5mgV2GXvE9sk31HRXhu0VVNlvyNS0ClkRm5LOg%2BGMYcOUQIcrwJreroArRPxyyaNr87%2FWmBgCr2KikrqLU8a4%2Bgx%2FcKTde6Z44hKtFt%2Fuslry%2BpygYOK%2Bqu6d1QnsaTqTBD1%2FT9hY1cAQJA64eZqOsFa%2F2zoZuzQn%2FDX8cfxtzDpX7a8dYi793FgqNWvpvhEMZTI85axgWibta5dpxXhZqH1sND2q%2BtQRSdSFN7WCz38x03g4TsqCQowATm3I2ysVUfHP%2FnJGRlX3bykMvy579ll5qZGLS5UW5SNMJ3Yd5g3ZU2enoUOB1lqzyyc3pVmWnA74TbTB1fauYxh%2FOquVgmR%2BjtRY53cN%2F8vZ3h2IfywbOQLsnWK8cNSr6qBnSEv%2FTUwGpKgeymi%2B0u9uBhOhUx4Tn4P%2BHQECKLdqgvNEDUBj8Gi6VplIJaug5vRAHn5oezvBMbH41wKuI8hOHJgyyYF%2BFWFmlC4U9c%2FwYosvJpJPFOYb8hLERA8KFAIrFPsKqf5xCxLMc0U2tisBubVxVJXPuyLtTMnsp9d1574zr4t6eY6WMKyhplNahly8wHjv4zkFf659jisnNFVSZU%2BoL8dqlNt5Xfb%2Fae0HjqNZhULuYidFf9dlW4FKYTdemLRCZpAPYJxfHjvS2JjQflLDD65wTpCbR9xPf62Qvkv74TwlDYokD5g4ghROU7BIA7d0LoSRpRokrLaytosngTvGcIy7KD%2BdVFgGNep7SRBklI4VpU%2By8WSEYi8UmTfzOAZKoZMlVZoUWAY16ntJEEatCDGMEisP7TVYRjWEbOAaLXhsylvAIbYWrKwdZ2Syifww8SlUnW45w4oBpJBhjLpXh1Zl2fOlxtDcnvnCKpXLwhzHxNVVzv3sneTUv0KnwIn%2BD%2BDcwELZm4iqyJKmz44EjMX8WJXCki0WHMZqM4kAAvQ0y%2FSb0jpz6J2%2BE%2BtF8HODYXeq7cRqOG%2BHCUnzQMmCLgezmKT1a0jNCW8bevqmlAZ6vi59AcEkTgMelUC%2F3tDnRswK3M0gs%2F3DlUZSh4JTAoqZkFFwJUgod8GeMcPke3GjM73L6Ma9cJ11uQTTO%2BuMlGkYIiEB%2BMcutAY2FnJ%2FZOCa1CHQgEekfQL5qRYEU76ZAYYJ%2FmGC8%2Bql%2B63G%2FHK4oDHC5lga0LYrbYzllTlo43PejyI%2FluUr97ulU7%2F2kUWet58hjAB47%2BM5BX%2BufY4rJzRVUmVPqC%2FHapTbeV32%2F2ntB46jTudFR1AWfKTB5npLlhxZFs7Hj8ZbQrSGWztoi4QzwLmfMwTWHTwD7n05jinqZP9CV0c1Gn1VbhzElgHZYq%2B3gu10%2Bo9IBMf8HQmJth1Cgq6Anmr7ZUon%2FbPHGeeOVYI%2FHKhz%2B9GBDA582ZIG0EplMx%2Fp8EXLxncYhJSQVosKbhYRb%2BAJIqleVnbQ%2B%2BD8esz0FeFUCo84%2FkSXv8%2FeRuQCy%2BWJbpaulImTUtW85wxlimMV4VQKjzj%2BRKhQ1VurpBrDNSdcNSWDMD2u6JfhDizVsrxF6%2BSVld5gCFlo01AfKoqNK3Wbpi3WCfNTfzMXcCdrzmHVB43P7lWcRb5e5AbP9OPkSj46tt%2FedsjbG1aR8kwekXXWfVk6WkEZbRRzTOA9Lr0g6XsmZ%2BVLWGqOEPUPujMvIduTyhXipK2d1Wv3hJ8EoQSUg%2FKhn3%2F6EO%2B1CiLosaIXZnH0COtMGm3HQpN8UMbmTaTuBt2JjpyWf12OqE%2Fwsb5YuDG9Qo%2BupUaSy8eUXJWvBBGbeADbpA5t9zEYWIBRFUl7IOxgD6bi1H5L7uZcrae2xi3yh8cWMZT32zo3Z0Zr36n56G5Opf3PUqykfmRUxxLsCUWl%2F73ThJm8jojkrLaytosngR2%2FiNMXysqylFgGNep7SRBOt4UGgCpucjah5B0J4Z%2B6c%2BpRx6GnDpHdaTSqIAg3UWVzxeWcvxWdDujqYBEgWSxM6i8Am6InuOPgGz40H9qAzuOm4ZJJHAbK3%2FnRtu1ua4ZA2lu6J2hNjyXnbR4IdeAgg5PpUa6X5pru8drcLPdEgIn%2BD%2BDcwELWN%2BTZIv18vtEnhOpFtqcK2eIRRWXRAeG4mir%2Bsiw4L78UwTzS3P8B6d50TZe8vTQLPHh4gdI5h4%3D&mm_sceneid=6_0_5157336262_0&a=xxc%3Dad_ztc%26mi_id%3D0000UzdYDgl-VUwE4D3FPtkMc12fluOuZ1OgFkvkCl7PdAw%26skuId%3D5789979483490&id=745205516644
998400548782,官方正版多事猫系列蜡烛猫手办盲盒可爱摆件卧室桌面烛光小夜灯,49,¥,券后价,paws鳯爪,PAWS MARKET,,700+人付款,广东 广州,"官方立减12%, 退货宝, 包邮",款式类型:隐藏款 | 出售状态:现货 | 系列类型:联名系列 | 品牌:PAWS NOVA,https://g-search1.alicdn.com/img/bao/uploaded/i4/i1/2217041534955/O1CN01jKIKhC1mTRc6fpbhD_!!2217041534955.jpg,//item.taobao.com/item.htm?id=998400548782&ns=1&abbucket=10&xxc=taobaoSearch&mi_id=0000fIPQdoUeumcK9-Ixk4t3xErSG384A2AniXOefUAU8CI&skuId=5978527008214
978688969631,PLZDOT官方粉红兔子“抽象”系列MINI二代盲盒公仔趣味桌面摆件,29,¥,首单价,plzdot旗舰店,PLZDOT旗舰店,,600+人付款,广东 东莞,"官方立减12%, 直降3元, 淘金币已抵0.87元",出售状态:现货 | 品牌:Plzdot,https://g-search3.alicdn.com/img/bao/uploaded/i4/i4/2218599385996/O1CN019Q7YzK1uADtyNQiQv_!!4611686018427382668-0-item_pic.jpg,//detail.tmall.com/item.htm?id=978688969631&ns=1&abbucket=10&xxc=taobaoSearch&mi_id=0000RFTM7NpOshMo5Ki_L3NLs_mtG4takXoYO2udVxT1H0s&skuId=5933215604011
,,,,,,,,,,,,,
967886139818,"PLZDOT正版 小熊虫""这像话吗""系列MINI盲盒可爱植绒摆件闺蜜礼物",39,¥,首单价,hahaqde,HaHa toys,,1000+人付款,广东 东莞,"官方立减4.7元, 直降5元, 淘金币已抵1.17元, 包邮",出售状态:现货 | 系列类型:联名系列 | 品牌:Plzdot | 商品状态:全新未拆封,https://g-search2.alicdn.com/img/bao/uploaded/i4/i2/2215457679155/O1CN01W0FsLD2HV34ExWrXv_!!2215457679155.jpg,//item.taobao.com/item.htm?id=967886139818&ns=1&abbucket=10&xxc=taobaoSearch&mi_id=000013dN1Vwl3jIez1-Gw7UxhFkdOo7Q8W4tbq52ojr4K6g&skuId=5915590196677
992332093947,泡泡玛特 Twinkle来自星星的礼物系列盲盒手办潮玩摆件新年送礼物,67,¥,券后价,卖盲盒的小火柴,正版盲盒研究所,,1000+人付款,广东 佛山,包邮,款式类型:隐藏款 | 出售状态:全款预售 | 系列类型:联名系列 | 品牌:POP MART/泡泡玛特,https://gw.alicdn.com/imgextra/O1CN01JXVqX21LuTMt385W7_!!2207578631359-0-picasso.jpg,//item.taobao.com/item.htm?id=992332093947&ns=1&abbucket=10&xxc=taobaoSearch&mi_id=0000gRO_BqhjLHUaKq6xWeLTLohd54KUPAwPeYG-zpw6Bo8&skuId=6019759460455
750727692205,pvc盲盒公仔手办定制树脂摆件钥匙扣挂件订制潮卡通玩具来图定做,10,¥,,tb414848063066,致汇玩具定制,,82人付款,广东 东莞,公益宝贝,出售状态:定制 | 款式特点:静态 | 商品状态:预售,http://g.search1.alicdn.com/img/i1/5284505594/O1CN01AFYyW21rC6akp2j9Y_!!2-saturn_solar.png,http://click.simba.taobao.com/cc_im?p=%C3%A4%BA%D0&s=353341077&k=2177&e=ZFChjEhQ8%2F%2Fmeb%2BcoxTyGFc2IYHUXbdo5qGP4DeDCipf1WwONSx5gd3R5mgV2GXvE9sk31HRXhtE4fEQ%2F0n4gdXRV%2F4JFUoStuevY4Cx6%2F3Sx198fabPaiaNr87%2FWmBgCr2KikrqLU8a4%2Bgx%2FcKTde6Z44hKtFt%2Fuslry%2BpygYOK%2Bqu6d1QnsaTqTBD1%2FT9hY1cAQJA64eZqOsFa%2F2zoZuzQn%2FDX8cfxtzDpX7a8dYi793FgqNWvpvhEMZTI85axgWibta5dpxXhZqH1sND2q%2BtQRSdSFN7WCz38x03g4TsqCQowATm3I2ysVUfHP%2FnJGRlX3bykMvy579ll5qZGLS5UW5SNMJ3Yd5g3ZU2enoUOB1lqzyyc3pVmWnA74TbTB1fauYxh%2FOquVgmR%2BjtRY53cN%2F8vZ3h2IfywbOQLsnWK8cNSr6qBnSEv%2FTUwGpKgeymi%2B0u9uBhOhUx4Tn4P%2BEtSUF9hPaokCkVbAZhGBc%2BtXRvDFMYhDeqEGDEex9VfgusZbUx4ZywX1FBKU8AtDkqWtNGsH4BfqjrMOZPCiFtBya%2FpadHx3YRQBPz3naQq%2B96KPuYQtGubSzHEs0n0V0vA9RcdHZZNhFqPFoJKHdInv1Do%2BfRBODylvK3VL6GnNQUZH3Zy7utOShGr%2B8R5Q4x3T3s0gPcRAE9xokA7MHg8jB3NlDNwWirOquqWyGMAPIzi%2FYjAnS292mnKtcNP9uwJrUCp6mD5QBwmKdf8%2BosGVM5AOImen3LzV%2BYUL%2FpGj0%2By4WFzmxNSub8esgyMatCWWhUr3x8DFwRrWfplHdHTUjppl%2FKL2FK5vx6yDIxqW8VSCMWzw1zhpXLyfSaOiNa8ryNyPu%2FRMfqcu745SQfnDigGkkGGMjHcG8mf5gErAUgQ%2BhYGEsSJuwbRnD0u9FHWOBLDHJmvgOBsr6FNwJVWuebornwkJ%2F%2FHkkFEfrTibvUdxOYO7QHYLkkU9qTw8%2BgZ7w44fbVchwN1U31peygoYX0SQs6Q4MxegGOAik3Dl6eChYwYgSCJ8bn6W%2FJr4X3XMkDkbOe9HDHDhQDUea79lsyk5%2Bk7W9D3N%2FyOzWQQEO6EVwKrMqd5udv116KNGj8vdSHGVG0jMY93o3qJ7i2%2BmQOCNpeHc0daKz8Ha1T3GXYV8jB1DJHsa%2F0yP16yE8iQ2oFfMaGHQE5eAVvpFx5P10mj29%2Bf%2FL2afwJAKEw%2BkqnmzksXC45MK6qd69s%2BMMAxhAImvlwwJ79Q6Pn0QTg8pbyt1S%2BhpzUFGR92cu7rTkoRq%2FvEeUOMd097NID3Ea1zD0GWervEJb%2BSYfQaEOynjdhUW%2FsWZ%2FIb%2F3RTY41fd6MhWEgRiueYOKH1xwQSgDyBM1N3KUpPbjLCOU4d6gQUy1qn9ivgxx3kvqZ92lTp0zF8m5bxyb9SOwIVsEpXeWyyzwXEV%2BF7gWt6qqYvojmMIf8EAHMX6wSFMtphP9X%2BjJXqvsL%2BAR8YygK4tO%2Fbx22%2FthjIDHsut08x2Ep0uQpGh14fUVhI7hjKAri079vHKE4wMa%2FG3yjCUntTgQYsIhEXcFtZEjtgRmJE3lk%2F4btbRHNn%2B8xHEjy4mFU%2FmurJ7TsFVqlCble0ef%2BtF4QheZnwGUvLMCz%2Fe1pfbzzRJ%2Bb43bgpheAM3DJam13OTAC5hnEz3c0rapxcuVAmiftlyyL81eR%2B3gAgmi99U9gsU3ClmmQ4MwsgHlWviJ4c%2FI97ymbhvl31zfAYnYZ3o2UsvOe97gugfg3K2ONmTmtOGNs77xO1uvPJ2%2FsukY9EYfd3bOpewVAcKEw%2FAlLfZaOjnwP7ngqQG1FhDUM2B%2Flm0YHmLtXqAcyG5zeu9jtmG5WiVsOKJorQOWPQdyoCX3yzT1mxWd4Hz5zFJTCgha%2FjcFUr96fnKkTjMBHYzFiqKUZxb%2BBNNtXMYEFSub8esgyMau1P%2FjbCb0fy3UTY9tftPOjGTUGfWrrkL0DnHoA2mmHAnWSjZ2Uvqtgwt6cvhctraLm6iuMwCs2knbmEnuJOyNGp%2BU93JT4x7Cfww8SlUnW4lbCG%2FGUl97LQhN3dMRxo8m3Fj33D5V6DLJITAIbabaRWuebornwkJ%2F%2Bv3PKqcOZuFUyNVUK48L%2BKTi7DKh4irbmW0sM5oyrd0ZiFnXYTjMn5%2BQcQz2cRXFkk1OCptI5d&mm_sceneid=6_0_5284505594_0&a=xxc%3Dad_ztc%26mi_id%3D0000ENidByfrdQOyTkWpxQM4TfaW4BZsL0SPdOCfGbYJHpU%26skuId%3D5595617452318&id=750727692205
931838105608,正版Nagi兽仔第五代幻境录系列可动人偶盲盒12分MJD潮玩手办礼物,75.88,¥,券后价,tb086198083,潮玩集合社,回头客4万,3000+人付款,广东 广州,"店铺满11减10, 48小时内发, 包邮",出售状态:现货 | 品牌:玩乐寻潮,https://gw.alicdn.com/imgextra/O1CN01YxgFDH1qROJYOQGZv_!!2224965492-0-picasso.jpg,//item.taobao.com/item.htm?id=931838105608&ns=1&abbucket=10&xxc=taobaoSearch&mi_id=00009H1Fm4tQ1tVYaJImvMRKqu7gkwFUI9qysdourCBk_tA&skuId=5818811649365
970981277888,TNTSPACE正版Zoraa喵呜猫颜社mini手办盲盒潮玩摆件可爱公仔礼物,52,¥,券后价,gdgd98,GDGD潮玩店,,300+人付款,福建 泉州,"店铺满20减10, 24小时内发, 包邮",款式类型:端盒 | 出售状态:全款预售 | 品牌:TNTSPACE | 商品状态:全新未拆封,https://g-search1.alicdn.com/img/bao/uploaded/i4/i2/1966590272/O1CN01CB6dMx1DscofJcMz4_!!1966590272.jpg,//item.taobao.com/item.htm?id=970981277888&ns=1&abbucket=10&xxc=taobaoSearch&mi_id=0000i49Mkd-GxH2qcG108TioIcAnSgtwD4hTZB_jjViqSJs&skuId=6086545651291
1000996511020,超级植物毛绒小马盲盒马年创意桌面摆件生日2026新年礼物伴手礼盒,58,¥,券后价,超级植物旗舰店,超级植物旗舰店,,700+人付款,河北 廊坊,"官方立减12%,  3期, 退货宝, 包邮",货品分类:摆件礼物 | 适用节日:周岁 | 包装种类:礼盒装 | 风格:可爱萌 | 产品名称:摇钱树盲盒 | 修饰词:可爱,https://g-search3.alicdn.com/img/bao/uploaded/i4/i1/2212347307969/O1CN01lEoMNU28jrN0FWNtO_!!4611686018427381697-0-item_pic.jpg,//detail.tmall.com/item.htm?id=1000996511020&ns=1&abbucket=10&xxc=taobaoSearch&mi_id=0000DzE0WeOBVhK9g2AerpXKqXsyqluHv78Wp_o2TOIxUl4&skuId=6194472866543
1000985223340,米塔集 Zoraa绒绒小屋搪胶毛绒系列盲盒搪胶毛绒娃娃潮流盲盒挂件,53.95,¥,首单价,米塔集旗舰店,米塔集旗舰店,,38人付款,广东 东莞,"官方立减12%, 直降5元,  12期, 淘金币已抵4.15元, 退货宝, 包邮, 公益宝贝",单款概率:1/72 | 款式类型:隐藏款 | 出售状态:现货 | ACG作品名:DC漫画系列 | 系列类型:联名系列 | 品牌:米塔集,http://g.search2.alicdn.com/img/i2/9788969538/O1CN01qcUJ9R2KKSnEAi2Wr_!!4611686018427384386-0-saturn_solar.jpg,http://click.simba.taobao.com/cc_im?p=%C3%A4%BA%D0&s=353341077&k=2361&e=dzT5nnPl6R%2Fmeb%2BcoxTyGFc2IYHUXbdo5qGP4DeDCipf1WwONSx5gd3R5mgV2GXvE9sk31HRXhvrJzKNEMHnZiaCv96V4EPVhOgMMl5UuhnSx198fabPaiaNr87%2FWmBgCr2KikrqLU8a4%2Bgx%2FcKTde6Z44hKtFt%2Fuslry%2BpygYOK%2Bqu6d1QnsaTqTBD1%2FT9hY1cAQJA64eZqOsFa%2F2zoZuzQn%2FDX8cfxtzDpX7a8dYi793FgqNWvpvhEMZTI85axgWibta5dpxXhZqH1sND2q%2BtQRSdSFN7WCz38x03g4TsqCQowATm3I2ysVUfHP%2FnJGRlX3bykMvy579ll5qZGLS5UW5SNMJ3Yd5g3ZU2enoUOB1lqzyyc3pVmWnA74TbTB1fauYxh%2FOquVgmR%2BjtRY53cN%2F8vZ3h2IfywbOQLsnWK8cNSr6qBnSEv%2FTUwGpKgeymi%2B0u9uBhOhUx4Tn4P%2BEtSUF9hPaokCkVbAZhGBc%2BtXRvDFMYhDeqEGDEex9VfgusZbUx4ZyyeuixwccSZ3EcLVG07E7jb9p1JZz%2Bvgf61a%2BzeH4MFOv1cNsJygYnlXgVx9tfjPoXme1q0Y8%2Fg6YzlqIcAJj8in4CXwV9OQ0mtmUTDMqn2uD2J1V%2B8RppvAsyk%2F1sX8G%2F0MfSu3%2BOtO6plaYaFSn7nZsTzk7%2Fyq2GINxQtDGxS2Q7FuC7%2FEVeafc%2FQqU2PHs%2BNnvR%2FGwYZiL3aacq1w0%2F27AmtQKnqYPkTzJfUiC8OgZoi9IK0e2L6hzGQ7zAIedjW0LvxFQP%2B6Z79wfDnqb7kQj62VUAm2EZ35hIW%2F%2FCa4cAct5R%2BPqkGHZsoa9aoftGpMbFi%2BlRETfbP1lsTtdGaEHQ5yBn%2F29KgdJKnqrfq%2B8VJMl4oEH18Sbnm8lBTahe%2BexFfgf2Y9SqBujmnJn41Q4lhAoW%2FCn4bMrr4G9KH%2B9jtTmosMphyNsCp0oT8UaqsIGyDd0m%2Fj46f5U1keehvl2UOf6LYFfZDNiLYToaRuwALXrX0tbPLNl8t96zSuCDHdGmM69uduaNodNHTt3XmmJx7NfAsVi7MXoBjgIpNw5engoWMGIEgifG5%2Blvya%2BF91zJA5GznvRwxw4UA1Hmu%2FZbMpOfpO1vQ9zf8js1kEBDuhFcCqzKnebnb9deijRo%2FL3UhxlRtIzGPd6N6ie4tvpkDgjaXh3NHWis%2FB2tU9xl2FfIwdQyR2Ybraf3J4r%2FHXdv%2FKIZwiIBQ3xRdR1y5Rx18KObNOO2pqVKmLOxSDea65smj9bnur%2F245ueRAGC88zOylokptxKza%2FK%2FzpCjNGHAqCLF1HOu97g0Ui2ZL2dEK08h8QS3Y9daWHnz0XYBx4qnMnwT8ExeXpYTb2hmnEYVrnRbLxqUq29UGJXut60rWUprDw6VFmIkIIiinqQMeVwTxflEGZ09VaNQ97pId6MhWEgRiufMvta0hqzXGbI%2F3eal74ngLlHYKmPKo9Ykw5tNEelSzaAlmp64EGvcDVvQFNfci0PEjGGFLTrw9PxTBPNLc%2FwHp3nRNl7y9NBMmDjVPnz%2BArGUxmTZOJQ3cFhuhQlqzw6dc%2FxJpKtsCe9MwwYhF3Bc7FV83aBS5dC3TzHYSnS5CnE6wiTL6rgGK1XbZy2jcmuXo81zVJyTZSaNr87%2FWmBgNot9CIpxxjcUfO4D4BM%2FM8LRsiS14qiRd7l2fxi9TzmsWmsuwlYufQVWX8yWGt7QPimMtc%2BoqYeBIOGhGo9VI4WVIsOGK4vskwSPsdNExELklHKKdDfTc%2FfvA7%2Bku9%2BzLWGqOEPUPug%2B6g6iz9ZsN0mz5Jt9EBxKnT0Vk0y9m2%2FrIEx86Dw%2BmxCXUSa4UjJZfK2AO3Rn6KAVYoFBDg3aqhlpgC4dt2RAO%2B8Ttbrzydv7LpGPRGH3d2F86zP5R7jkPwJS32Wjo59XHBBkdtxbpvD1v5zlk8yfKW6%2FGMY8ylyf1haFUDDUXdzU0mOYga3i3tCCRd0Nk%2FN0Z19bcbamA9y2i%2BddT0mk%2Fb1VM7MmLN9dRIy1fF1Z7NbQu%2FEVA%2F7pNi7kkuGLko6XPX%2FNTjExfUchBKEjK5n3Mlax52AFkMORZNkCB4noqv7v7Xqy03QOMXxiIjuN4nWWlbMnQ8chg7JZi7h3K789O%2BecFawKyIVS4wEYT%2FbJwzWroHB1tOtadrc3kD17K02MFG%2BPi07Vw%2Fqt1URcEQ64UQAt1UEihdtaSUktjbs3xAvkMF8pBoWLzOKBuORY4ziWZHfHxxc8wO07GMXAYbEPXuVucJ5LpLKVvbQ200UHwFx%2Bdgoefta2DVvQFNfci0M9YUb0AOJg25TZ0%2FUBpy4dA4%2BWeWPnIKNen4HNRvCZLA%3D%3D&mm_sceneid=2_0_9788969538_0&a=xxc%3Dad_ztc%26mi_id%3D0000wzwfgJ3J7dwaybwcdzrk_kbsuHCW2ezYbH2A9lMmy8E%26skuId%3D6156131446174&id=1000985223340
937118114263,咩绮meki造物之心盲盒12分bjd可动人偶摆件玩具公仔手办生日礼物,19.9,¥,券后价,tb068540_2013,Super Toys超玩商城,回头客3万,300+人付款,广东 广州,"店铺满15减10, 包邮",,https://g-search1.alicdn.com/img/bao/uploaded/i4/i4/1598373758/O1CN01xzXET71ddDTrSWSRH_!!1598373758.jpg,//item.taobao.com/item.htm?id=937118114263&ns=1&abbucket=10&xxc=taobaoSearch&mi_id=0000fzsYVA2KrHZNbulAYvWyjNVCNYs1WcFuKu17ZDZoDr8&skuId=5841575076734
969752408065,国家自然博物馆 恐龙萌粒迷你盲盒恐龙玩具公仔摆件生日新年礼物,49,¥,券后价,国家自然博物馆旗舰店,国家自然博物馆旗舰店,,1000+人付款,天津,"官方立减12%, 淘金币已抵1.47元, 退货宝, 包邮",适用人群:儿童 | 场景类型:青春礼 | 货品分类:摆件礼物 | 适用节日:周岁 | 包装种类:盒装 | 产品名称:小恐龙和它的朋友们·萌宝/蛋仔系列萌粒(组合装/套装) | 修饰词:可爱小恐龙,https://g-search1.alicdn.com/img/bao/uploaded/i4/i3/2219808496068/O1CN01MxyZs31uhCRsrWjMr_!!2219808496068.jpg,//detail.tmall.com/item.htm?id=969752408065&ns=1&abbucket=10&xxc=taobaoSearch&mi_id=00004mywo2IstWGC7hB6WTIwPETxs0YsqDRJ0gzEX0i6kWc&skuId=6082717331505
748545029721,52TOYS蜡笔小新动感新生活发条盲盒可动公仔潮玩手办摆件生日礼物,69,¥,券后价,52toys旗舰店,52TOYS旗舰店,回头客6万,1万+人付款,浙江 湖州,"官方立减15%, 热销爆款, 包邮",出售状态:现货 | 品牌:52TOYS,https://g-search3.alicdn.com/img/bao/uploaded/i4/i2/3951599478/O1CN01eelHcy2Jsz22I6ajG-3951599478.jpg,//detail.tmall.com/item.htm?id=748545029721&ns=1&abbucket=10&xxc=taobaoSearch&mi_id=00006RLch9vayumCmPp5E34PCrBvVG1zdcZvqQ6Ey93UeKY&skuId=5742202299523
966154638518,【现货】Nyssa妮撒怪诞梦魇系列bjd盲盒可动人偶可爱手办女生礼物,80,¥,券后价,hodgkintan,潮玩新天地,回头客4万,600+人付款,广东 东莞,"新品, 退货宝, 48小时内发, 包邮",款式类型:隐藏款 | 出售状态:现货 | 款式特点:关节可动 | 商品状态:拆盒不拆袋,https://g-search3.alicdn.com/img/bao/uploaded/i4/i4/2000635076/O1CN01XoCZbf1nMrT4HlYFo_!!2000635076.png,//item.taobao.com/item.htm?id=966154638518&ns=1&abbucket=10&xxc=taobaoSearch&mi_id=0000rP6uLZdJX-iT9wVIotGX2h3Lq-ksJoyNuj399ZzTOd0&skuId=5745905521189
754163587999,B.Duck官方小黄鸭招财鸭潮玩盲盒手办工位桌面摆件居家创意公仔,67.92,¥,券后价,bduck旗舰店,bduck旗舰店,10年老店,300+人付款,广东 惠州,"官方立减12%, 淘金币已抵1.58元, 退货宝",单款概率:1/4 | 出售状态:现货 | 系列类型:联名系列 | 品牌:B．Duck | 款类型:隐藏款,http://g.search.alicdn.com/img/O1CN01vDTE7G2AUPBDQI9qF_!!4611686018427381822-2-item_pic.png,http://click.simba.taobao.com/cc_im?p=%C3%A4%BA%D0&s=353341077&k=2337&e=XiEqtUfzDKTmeb%2BcoxTyGFc2IYHUXbdo5qGP4DeDCipf1WwONSx5gd3R5mgV2GXvE9sk31HRXhsR7HOA00%2By4YtKLFw8NaQD7hTc0LfHqJTSx198fabPaiaNr87%2FWmBgCr2KikrqLU8a4%2Bgx%2FcKTde6Z44hKtFt%2Fuslry%2BpygYOK%2Bqu6d1QnsaTqTBD1%2FT9hY1cAQJA64eZqOsFa%2F2zoZuzQn%2FDX8cfxtzDpX7a8dYi793FgqNWvpvhEMZTI85axgWibta5dpxXhZqH1sND2q%2BtQRSdSFN7WCz38x03g4TsqCQowATm3I2ysVUfHP%2FnJGRlX3bykMvy579ll5qZGLS5UW5SNMJ3Yd5g3ZU2enoUOB1lqzyyc3pVmWnA74TbTB1fauYxh%2FOquVgmR%2BjtRY53cN%2F8vZ3h2IfywbOQLsnWK8cNSr6qBnSEv%2FTUwGpKgeymi%2B0u9uBhOhUx4Tn4P%2BEtSUF9hPaokCkVbAZhGBc%2BtXRvDFMYhDeqEGDEex9VfgusZbUx4ZywX1FBKU8AtDmk7buJvoI0Lt7oZF2S3FNMp%2BSVTikKo3ys26eUc3LJl0uL6AfnkIZxx9d6mLUjK%2FrHYI9VMon7L%2BqSSezamJpUSodMLhtihzMuOQQ8Fh8G%2Frw2h9MHheI%2FLqgJZpNyT1XibIQeFwzS1bqeEkpNFPG9dlW4FKYTdemv2JRDbhUL8YR251AL2385mgAmuPqnVeVAAQ9qZJy4yUkR%2FMMI%2BtKb2Y%2FzJoGnSwgZHJH4%2BMwlOLVgC2Yf3TcGThkUwMo6hO7U3NHa3mdV8wJorHbcD8QJZLaRF4%2FB2qYF7WD7gtXNaMdwbyZ%2FmASsldUXdY3KMQkm55vJQU2oX55YWg8%2B8WcvGjg7fKuxK6fqt1URcEQ64AygiNTa6g%2BYahjFO48hAn%2FH4a%2FOQw51tFkp86AT6RAd9c9u%2FhbqFkTHcG8mf5gErVWqonyxaW8rCtc%2FWP5M7nDha2WEMx5TiI1rFQH7Lzv3LqgJZpNyT1eCiNGuoZu5M5K2MT7izE5ARKq4OZEKwjWiLOh3417b5kXksFTtwbV2jmiiqPFYYOpVl2mXhhfTx%2FMUcq73aKX%2BQRHdyhPxfqJd4nBve5otwrR9dqWfMr%2FKRqBj7RBfpQAZjZBiRxWo5%2FwQkk8%2BwTzwVqL9XEtS00P7WpehHOX%2BLZ7k2zp30Ag9WyaA9axEq64QU4FcGyWyuQE5eAVvpFx5fDdOHzo7oqNPeq615tfn%2FBJWDTac4WyqGZTdBSxicIEwrqp3r2z4woJFHPRRXHMBHZOz%2BExYaCghCn2GJu4Cttsz0pMfbEs23nbDXj81fx70asZMPeniKp%2BxP9QhgLQtcBi%2Bb%2FrCbyox0A9je1lJSKOPgWcnnlUXL1HW%2FY3vTkCs26eUc3LJlmaRf19XYW57CB5BU%2Bcca6gogvSmeBXqvRy1bGrgNjdi5%2Fh2DUG%2FJ%2FBaXmf9bais56HBkhbgupvQ9hTu0Cm%2BNcq%2BRWDb5bm%2Fb3NKI%2BrTRChD1DUk1DUqB2EDsKWOVGhXmQZN5emi%2BJbpzNNZwTrPuXloWTh%2FYRHGB1hsDNipV%2Bfp6IDplMwmByoyV6r7C%2FgEffXPbv4W6hZGX4U5asWaRp7dPMdhKdLkKRodeH1FYSO59c9u%2FhbqFkXzpfqUgcTHywlJ7U4EGLCIRF3BbWRI7YEZiRN5ZP%2BG7W0RzZ%2FvMRxI8uJhVP5rqye07BVapQm5XFsslcdaA2Nu5nqc0Y3SWSCJcOkrH6pQTktB5iQY%2B%2BuedhTerYWOe1oP4hnVcOqPQKncqEVwIX4wgWk94uuE7zv0Gf7T0n54VrQgMVGTUEBRpYpGIexgSAp12C4rnQAZOPknFEcagoDbF4pDV0I26n3VkYjLeHvlJbOpewVAcKEyIr6SWFaDBXGJtfmIC6FYsNXKEJCpZrUSmGss3HTHcnwlUryDEobgKyLx04PLvKgDxzZd%2B%2BHh0PZRbbFiOG9S9%2FIL8Mg3tRewApYQ%2Fosk5UN2MkhiYydinMzSd7w88sjZXcejdxXIaWOZKu2ulvkLdk5oPom4SbjqUX52UqjQCkTu89zEn57023qouQs7du0ItblEG2KI8L5i9%2BwZx6PQXO46bhkkkcBslwpvvqoNlfI%2FDOoQOshBXcVt3v4Jz5YB4x7YYPWyOouG6Q5y0nLbDDkdkiNHCw6C4npiPFpy2TPDCMiiuefzRAosvkhTE%2BgOis3BhdKy32%2FZj%2FMmgadLCiSwe7v3EwUKOVcyoVpWA%2FhhRDQMovy5WAtiCSfjjTp7aKXYQgc0%2FUrMg%2Fz7EcItrcqHP70YEMDnzZkgbQSmUzFtMIimMydYo&mm_sceneid=1_0_109402477_0&a=xxc%3Dad_ztc%26mi_id%3D0000djS5T183fHoaVJ_1hlKebNTaDB2jFL1EcAYd3580vxI%26skuId%3D5704234025415&id=754163587999
1012737740453,正品名创优品右右酱YOYO逐风日记盲盒潮玩香薰绒感可爱公仔摆件女,49,¥,,tb6327804471,Do米乐潮玩盲盒店,,76人付款,广东 汕头,包邮,款式类型:隐藏款 | 出售状态:现货 | 系列类型:联名系列 | 品牌:MINISO/名创优品,https://g-search3.alicdn.com/img/bao/uploaded/i4/i2/2218832086022/O1CN016cl5ag1uM8E0PnAyl_!!2218832086022.jpg,//item.taobao.com/item.htm?id=1012737740453&ns=1&abbucket=10&xxc=taobaoSearch&mi_id=0000SHfAZ2B_NaVFXv33rboeaw3JWvMbMiIt6YwsoviXHAk&skuId=6012761708362
998144451401,【现货】玩乐主义火影忍者盲盒疾风传终极之战手办鸣人情人节送礼,79,¥,,玩乐主义旗舰店,玩乐主义旗舰店,回头客2万,700+人付款,广东 东莞,"热销爆款,  3期, 退货宝, 包邮",ACG作品名:火影忍者 | 款式类型:隐藏款 | 出售状态:现货 | 系列类型:联名系列 | 品牌:FUNISM/玩乐主义,https://g-search1.alicdn.com/img/bao/uploaded/i4/i2/2210516346829/O1CN01KZ3Dir20Jjr471twM_!!4611686018427381709-0-item_pic.jpg,//detail.tmall.com/item.htm?id=998144451401&ns=1&abbucket=10&xxc=taobaoSearch&mi_id=000080gV0xfP1fK-jl_bLIjy12x5pSzAIf4jWP1R63xUWQU&skuId=6190000519695
957919419859,POPMART泡泡玛特迪士尼公主创想世界系列手办盲盒玩具礼物,69,¥,,泡泡玛特旗舰店,泡泡玛特旗舰店,回头客20万,3000+人付款,江苏 苏州,"热销爆款, 退货宝",款式类型:隐藏款 | 出售状态:现货 | 品牌:POP MART/泡泡玛特 | 商品状态:全新未拆封,https://g-search2.alicdn.com/img/bao/uploaded/i4/i2/2885348004/O1CN01zEc7wx28ztEUIvN5b_!!4611686018427382436-0-item_pic.jpg,//detail.tmall.com/item.htm?id=957919419859&ns=1&abbucket=10&xxc=taobaoSearch&mi_id=0000W6UcjJ7p68mLqNIi1mGnX0AyPWSB0Gj_e-7LBKlsjkA&skuId=6054821986365
1007953011876,2026马年文创摆件盲盒小马本命年吉祥物新年礼物年会伴手礼小礼品,22.8,¥,首单价,龙葵旗舰店,龙葵旗舰店,回头客1万,100+人付款,浙江 金华,"官方立减12%, 直降2元, 淘金币已抵0.33元, 包邮",适用人群:员工/客户 | 场景类型:公司年会 | 货品分类:摆件礼物 | 适用节日:新年 | 包装种类:盒装 | 风格:卡通 | 产品名称:马跃福至盲盒 | 修饰词:祝福,https://g-search3.alicdn.com/img/bao/uploaded/i4/i4/2207545631602/O1CN01gTCVdH1Nhlc4KS7XY_!!4611686018427380594-0-item_pic.jpg,//detail.tmall.com/item.htm?id=1007953011876&ns=1&abbucket=10&xxc=taobaoSearch&mi_id=0000A_iMBXXAyhfEBXCSbIz0ajMkCucsPqKbEb0v78hKBL4&skuId=6174145507897
961742796007,正版ANTOO安图失乐园系列搪胶毛绒盲盒潮玩可爱公仔手办中秋礼物,109,¥,券后价,lazytonywu,易启潮玩铺,回头客1万,300+人付款,福建 泉州,"官方立减11.9元, 24小时内发, 退货宝, 包邮",款式类型:端盒 | 出售状态:现货 | 商品状态:全新未拆封,https://g-search2.alicdn.com/img/bao/uploaded/i4/i2/549781350/O1CN01FtB3gV1LqLlfm41ck_!!549781350.png,//item.taobao.com/item.htm?id=961742796007&ns=1&abbucket=10&xxc=taobaoSearch&mi_id=0000ugi2uXn3v_fI26WCUsoiOZKS8Mkj-33bpLDLvFmOizE&skuId=5891870544672
956790323803,现货milay蜜啦少女盲盒慵懒时光系列三代潮玩手办摆件女生日礼物,46,¥,券后价,青峻优选,BOXES潮玩正版店,,1000+人付款,广东 东莞,"48小时内发, 包邮",出售状态:现货 | 系列类型:联名系列,https://g-search1.alicdn.com/img/bao/uploaded/i4/i2/2211641406361/O1CN01v2KBiU1wrOScBOyv9_!!2211641406361.png,//item.taobao.com/item.htm?id=956790323803&ns=1&abbucket=10&xxc=taobaoSearch&mi_id=0000_S1GunSMgIES1ws_6zaxRTqGFsK4sc6ijnOZaoMzLnk&skuId=5901135205486
902126377770,现货正版一万次出逃计划BJD盲盒12分可动人偶摆件公仔手办礼物,66,¥,券后价,amiibo商店,萌次元,,2000+人付款,广东 广州,"店铺满15减10, 48小时内发, 包邮",款式类型:隐藏款 | 出售状态:现货 | 品牌:悸动瞬息,https://gw.alicdn.com/imgextra/O1CN01jeEIX11FDWW8hCgeW_!!2212916590453-0-picasso.jpg,//item.taobao.com/item.htm?id=902126377770&ns=1&abbucket=10&xxc=taobaoSearch&mi_id=00005l19tgt1TA7cWXKcCJ7NtlPbeq1S0pxx53A38s-sNHk&skuId=5758084908777
961805675675,魔女Ninita魔镜乐园盲盒初代可爱公仔娃娃潮玩手办摆件生日礼物女,79,¥,券后价,oristaco旗舰店,Oristaco旗舰店,,400+人付款,福建 泉州,"官方立减12%, 退货宝, 包邮",款式类型:隐藏款 | 出售状态:现货 | 品牌:ORISTACO,https://g-search3.alicdn.com/img/bao/uploaded/i4/i3/2217195163459/O1CN01qOjaGB1bQH5FQVv42_!!4611686018427383619-2-item_pic.png,//detail.tmall.com/item.htm?id=961805675675&ns=1&abbucket=10&xxc=taobaoSearch&mi_id=0000pTAUUkXtQKbDQ5FeH3sT689MrLzsyPYDQVA2F0fVBCA&skuId=5918082616447
977803988448,盲盒公仔定制手办树脂工艺品订制钥匙扣挂件手机支架来图定做logo,4.4,¥,券后价,tb788942694259,广东趣萌工艺品定制,,32人付款,广东 中山,,,http://g.search3.alicdn.com/img/i3/9308542502/O1CN01mnJJNO1ULy3O8fwYI_!!4611686018427385382-0-saturn_solar.jpg,http://click.simba.taobao.com/cc_im?p=%C3%A4%BA%D0&s=449098878&k=2393&e=%2BBw10qi7cR0jKHdWWEa63hhY5TgSZIgYA4aAHJAh5DofDX0JnmvaDXjYAd%2FQh4cKvTMks3W1lXGZg9ssEkkG9Tf4%2FLqgBE%2BNBG1EovbD8KCqg%2FTXjNnOVV%2BFl87b42mmu3Nmgi7PObhQTSTeRCR6Ft%2Fpsb0CNhMwjDgN6iS4MTmsINw731fHp8HcRQZXlaHDyLKaAykUtHSBzlipqbCBNofpRTJG8TLelJI085holgiqU3D5r7T54bibhv%2Bv8DXgTroNZGfuGT1reBc82GPWlk%2BV5q55bNMsZukk5fSquyvLlDvRqgj7N1pAtFTT1NnfnWVrDSzg3jsGNizfdFj4jpMiG7PNScyqyr29NhB6k6OkTcMlcSUJs%2BX%2BZBEGOQhWTZdlwlhqtKnmITIahAmsSDWKEYlq9yMCIKTR595Qsyngopkvs2F8jPsQMk8ArLVwc8brcvnRo45R%2BYe%2Fml7Ws2NHGhipaNSL62yIzau3beGkP0N%2FyhaD5AHNA1DGo%2Bdu3PfNggGyDKeUH1LmHt0WBToUEsrx0MwpgdfCD7ctG%2BPbbcHyezfRjqtszcbvLUftw3luS1PAou4wNE4A1nMqne51jKpZaKQ7OjeWHfep2ArnOimdStYq%2B%2Fu2hnCc9dOY%2BeocP0pyXG5acn96UqfvSO51jKpZaKQ72a%2BAxokUL0LNGAK1lcJ%2FG0tFWO6HB8scbVEHx0n%2BOc7ukxLyU%2F6mSWF%2F7O6%2FJss5WKEQCp2ogfYCvnH1qbIZeHXtdFxVd4JDCX4z4J85eYynJ3vfLeK3A5L19XPWZwWNSvwJv9x56o2k3C3UuquInMxEP%2FZNDGVl8S%2BQiPD%2FiYlwzwRi6lVdRAeJ2hx60pw1uOMXfYnQj8e0b97woWOPAUfumlgL3Jmyljt%2FBcZOXlp7qekeHymJIf4IIFUAGo9gImWrbba1YX%2Bhj%2Ftc1QP2cNJjJNQoBLypOhQSyvHQzCmEJXdVRpC7MwikZdAxd1CIZYicAV1Bncyh67QPVK0EDb2ZMWzAKbmYB4naHHrSnDWvpiO0Rv96Z4euGlBtkwtE1nMtowZ%2B7l4CJCnQP3eRd9d6v%2FDtpYTlKBxA6cSzrN%2Bt9vKMBLQo3ndIS1S45hBpe5k7K7SiiBQQluFEA7361Oc2pX%2BOvKZIq5Z2Xqo5odRjMzJQwAwvjhc%2ByYvsVryo0KQisbuaD5FLBSgPa0X9nQSwfaHvFT8rIwChlsuGJ22Tl%2FJriASZs9TqqoIM%2BzO%2BKDeJN%2B9gHpJy3bCEAcyZ8Oq%2FGkZDnz406nrTgcWslesHNjsHD1wzS6tszcbvLUftFHDO5uwsbwj0XDuhZJoXxcZNqGYWfUHhzmorYRjYFeBuTGZWEpKRU2lHm7ix7WHBjSe2RBBwBOWp8J57ryGwCGz3qFa2gFU0iltXSJEedTV7yIcm1Zi00tuke2JUThzxtRcJHZNfEcnudYyqWWikO%2FTbdX5xJNHlcqKWKv9mFCNveyLIcrBkk3TLMrdrRKFdpk%2FvzN5iWQaYDPg%2FgpEe8pQn4%2B1efvOLL1fqOHeyZP1s4V7%2Fl3Ey70BSQKU6ua3prlqhG0xbaStRFOtmGOttUxw1C46px1Vuo4GmpvVNtmYNGtQCoViOm2076JCVUE0tyEL7ZtkaQReLtzwZBTEHtj9kcRhdTMosbTvokJVQTS3IQvtm2RpBF%2FZUNE05ENt2WLVOPBcK%2FvuCkwB7AjUc8p4JpwqucgzVpPSCFtdQZMKYdl91JcX6zLpkQ5EfKJ2qHsLqQ2hdm%2FuUOhIsTlSPMiuYEgJAfZxOAahVKMALcFyV3iVMN1GYpx7hWhT%2FqkMAXLGUnK3L8Ap5MHhD99RDUKJ78hCg6ZtB9Cvool30VWmFKhaUPjeptzhS8iaZp5gMX%2Fx4rzBbQZea8wOMLQ%2BUeQrl%2BMJZzGrDt79rSKHq10TYZL6uMlRgWTN9TzMQsmXHui02GIvN9IDau6%2BPitOD0%2BTH8svYmaFek7zqVILjk5zAXrs5nZN0ylyEEMkzSnuB73njCScgjHdU%2FmMvjWZ0SBXV%2BXH5Z8jvuX2mBPr4lRyTL2CUBB0IvHf3pHz3y0ZXHoHcOLb0SCXsBi%2FCYilRSJNcNCghdmOZ4oZ0%2Bhz0Ls1afd0vs4uu0AEy%2BrINV8HXK8yaizRIl2lDjgpAHcgO2weJ2hx60pw1uOMXfYnQj8e0b97woWOPAUfumlgL3Jmyljt%2FBcZOXlp7qekeHymJIf4IIFUAGo9gImWrbba1YX%2Bhj%2Ftc1QP2cAYbTJrFy8VKIDtx4Jc06VU6FBLK8dDMKYQld1VGkLszW5jOlBmxcAXEalABTYde4ASb8vihTGDxkgCM62%2BRv647kSUofZNxqkPejd61I0lWgM4Vm7kuyRRAIyYQzpIrog%3D%3D&mm_sceneid=6_0_9308542502_0&a=xxc%3Dad_ztc%26mi_id%3D0000ld4g4VlGPGv189fJ8pODpXEsrG7BJ8krZdEKpsHOX5Y%26skuId%3D6096781262854&id=977803988448
886712655875,Yooki氧氧四代咬一口小熊系列毛绒搪胶盲盒可爱包包挂件女生礼物,31.8,¥,,芽yaya0,氧氧正版潮玩,11年老店,1000+人付款,广东 汕头,"新品, 退货宝, 48小时内发, 包邮",款式类型:端盒 | 出售状态:现货 | 品牌:Yalli Studio/呀咧呀咧,https://g-search1.alicdn.com/img/bao/uploaded/i4/i3/379614038/O1CN01Las6CM1fhSPD8D4qT_!!379614038.jpg,//item.taobao.com/item.htm?id=886712655875&ns=1&abbucket=10&xxc=taobaoSearch&mi_id=0000_BBnhv8O9IwJzLbJezpilOkjjhxgZbBmeK0AmvkEJMQ&skuId=5898623155507
956809308388,回力袜子福袋盲盒男女士短袜运动袜中筒袜四季款吸汗透气款式随机,12.6,¥,券后价,运动潮流服饰品牌店,回力运动潮流服饰店,,6000+人付款,福建 泉州,"48小时内发, 包邮",袜子功能用途:吸湿排汗 | 筒高:短筒 | 适用季节:四季通用 | 品牌:Warrior/回力,https://g-search1.alicdn.com/img/bao/uploaded/i4/i2/2216550060541/O1CN01vtZ2qX1FrpFcZFoBI_!!2216550060541.png,//item.taobao.com/item.htm?id=956809308388&ns=1&abbucket=10&xxc=taobaoSearch&mi_id=0000Yf9yqDapaCixcxUYGvQQ5-aJ52DtvgCyQZfpbf118Zk&skuId=5422074904770
965599445645,【李佳琦年货补给专场】 52TOYS迪士尼正版疯狂动物城系列盲盒,59,¥,,52toys旗舰店,52TOYS旗舰店,回头客6万,1万+人付款,浙江 湖州,"热销爆款, 包邮",款式类型:端盒 | 出售状态:现货 | 品牌:52TOYS,http://g.search.alicdn.com/img/O1CN01dthjjj2Jsz28QQWEG_!!4611686018427387766-0-item_pic.jpg,http://click.simba.taobao.com/cc_im?p=%C3%A4%BA%D0&s=449098878&k=2413&e=wCOOnERtwZ4jKHdWWEa63hhY5TgSZIgYA4aAHJAh5DofDX0JnmvaDXjYAd%2FQh4cKvTMks3W1lXGgnr2Cyi15p4VzgaRanCbsNEAvPpv65qEbfp7jzIIEJF%2BFl87b42mmu3Nmgi7PObhQTSTeRCR6Ft%2Fpsb0CNhMwjDgN6iS4MTmsINw731fHp8HcRQZXlaHDyLKaAykUtHSBzlipqbCBNofpRTJG8TLelJI085holgiqU3D5r7T54bibhv%2Bv8DXgTroNZGfuGT1reBc82GPWlk%2BV5q55bNMsZukk5fSquyvLlDvRqgj7N1pAtFTT1NnfnWVrDSzg3jsGNizfdFj4jpMiG7PNScyqyr29NhB6k6OkTcMlcSUJs%2BX%2BZBEGOQhWTZdlwlhqtKnmITIahAmsSDWKEYlq9yMCIKTR595Qsyngopkvs2F8jPsQMk8ArLVwc8brcvnRo45R%2BYe%2Fml7WsxNeOFyJBjMfN1ekJDF0tk0OIaOsvK4vB7WREDblrr9%2BkQNfAbAo23geeRJeu274H0uA4KftrUoaJnCBVwerxqulAGik8aFAR%2FlsuTXPCB68FIx0tvA89Au%2Fnn1qTfJ0%2BeZtL0Tk0r0gFr%2BzdlpgLuf4xVYQo0JsY1yiPh3nGsw7in0SjTLgPZPUmh7jFLfysiNegXgJ9PhC72VXUEK%2FPPMfEBcBwU%2FX%2FHbnCFaFaNvk44Cal5P3eq3Nzy19bvR%2BbsmCz3LoChcwuU6SEORQ%2FH2zsma%2B%2FGH5IgGhDTFpnIjU9K7HmPw%2BHEyyxNAKYOAwrkgGZcdmQ1LcwGfUEhWaMlTTkgitSVI8i9kSC%2FmnXdV8fX5Oan0UMKy%2FJHM21FIrRXdheg86re8jZXOKd73eMjMTvhf79zW%2FjPYxhWRDt%2FMOTla8S4%2Bi8TWM7o8B9l5wLnGN6gA3J7VpeYNCXEHsKqahj%2Ftc1QP2cKODAcVX4YmI23h6la0O2JIo9l8y9o1tYPKm0TY9djLbkAOXinCU1i4yEMzYdF6PF10w9MXIcChIRIGH7i4%2Fbm742Lei1RCZd78kczbUUitF3U%2Fn9OZJlPJFQpEcN1eI1FNX0%2BDDc1CeUF3SAQuAQBXXwjatXl%2BB0TONMpuxrjqYSt9QtN1l%2BFnOsTPVcKWWRY31%2FFuNcMK%2FTbU3BXic4NRDIJAYM3ZkhlYBsypSDfPRJd7rXkERdxz0fwvoaqfcOBkJELbRIpIETJXfA%2Fxaloa9ores%2BIj9ZUHPpLLb0HiRUJi4KgQq5Ceb19%2B0SxG4B%2FXTXIMMErlmgjRrKOrom4PFlersZOZmZnpWC7tUOnb0%2F9H2BmSX1%2BSDTq1%2Fo8su4Wr3%2BWJd1gc7R%2BOPTqbwPM6ruE9vcH0XBiC2PaXfwXraTkaEJ%2B6t3d8t7%2FQ0ZeXijuaOMhYZ2gzzPckTL2s9%2FMbOluEKJ6ZyDycX5yo3yFCmEJy4pCiC9bA2ZYDn%2B7EG1tlCGqSOwoR2ig6II4IjzQ26x%2BZ%2F6EG4eJ1xXxOlRf1IXLHc1ci1KgvhWoUhQ35GpPUnZ6D9h62aZEZ3AoV6m4Awha%2F0G5poOfUOXMmweOTol6DNSLt1%2B5EJrCuS3g%2Ff0O39EWRjyNSWuzaTQOIjKvWJOjoS3MIMEGToAQgyKI1Za4KGVujhFOby8n8EtDoWie7CpZr1wnyfNzD4gy7azUJNUalOTbzpFXgE0OizzBk57sKlmvXCfJ%2BHGNCoqoxLA7VA5LvEZGTYAQDJ06JKhBAe0tZdVs%2F35PrQxMwYV8Io%2FxU3CJEZollKwpt2MpCvbkbt7xYFTa9a53sU%2FGqlpusrmBICQH2cTgGoVSjAC3BcvunRYE3wLzvpbaasRzyxRb8kpDbtJdh05tdWE%2BA1JgHbeHqVrQ7YknuQZOtAzo73ExEmOxsySX%2BC4yPDaer5Bau59EVSDKnrNBSw%2BcoqmezRpQxXuGV9oRf0jsQe%2B%2FgJXlIMCPeKE2eyn%2FGmWov9vxlcsF1EFfm8%2BvMixxF1Q2CTvOpUguOTnMBeuzmdk3TKXIQQyTNKe4HveeMJJyCMd1T%2BYy%2BNZnRIFdX5cflnyO%2B5faYE%2BviVHJMvYJQEHQi8DZpqPzJuwVfH%2FovjLSWnTQppBaAwux332OfuJc2EGc3C6qUI34VAmPzjzCBtXK1qGmsHxIKwZ93D%2FyCDI6kfCN824gVAiy%2F3jow0DE3waXJchBWZP81Q2InL07X6Y7TlR9S%2B1db0EUsXzQwQiqNBInSsMJrwPBCTHMoTlaAQkvfjUW%2Fw2GWscjL3omuRVdn2IZ9T50j%2BJsGLGZvlWi%2BEe4KFL2%2BSYoVb%2BvmDIU%2FF4iEFQK1KOLiHNGhnSRtylxaUNmWA5%2FuxBtZGmR25Dp3VrnbnCFaFaNvk7QjrCYTvzTMyA6MEhlplZa0N9DWFGWRZNk8eVY31aZk%3D&mm_sceneid=1_0_133779090_0&a=xxc%3Dad_ztc%26mi_id%3D0000cnoW9KW1ExrykOpMuBvRRBFY5Ea-LwUSA7aLvfcYXq8%26skuId%3D6144854794056&id=965599445645
975228157919,正品猫猫PAL情绪盲盒暹罗猫小豆丁桌面招财摆件儿童玩具治愈萌宠,12,¥,券后价,tb743345276544,靓仔仔玩具潮玩店,,9000+人付款,浙江 金华,"淘金币抵0.3元, 48小时内发, 包邮",款式类型:隐藏款 | 出售状态:现货,https://g-search3.alicdn.com/img/bao/uploaded/i4/i1/2213012095684/O1CN01QviPhx1rrKKLzcDhk_!!2213012095684.jpg,//item.taobao.com/item.htm?id=975228157919&ns=1&abbucket=10&xxc=taobaoSearch&mi_id=0000zYNpAdl7h3hC__m6Sl136U1QKrjCJ_vWInBC3U66muM&skuId=5928597125212
950692504707,POPMART泡泡玛特Baby Molly口袋朋友系列搪胶毛绒挂件盲盒,79,¥,,泡泡玛特旗舰店,泡泡玛特旗舰店,回头客20万,5万+人付款,江苏 苏州,退货宝,出售状态:现货 | 品牌:POP MART/泡泡玛特,https://img.alicdn.com/imgextra/jz3_3/2885348004/O1CN01YCyW9m28ztAPjfgno_!!2885348004-0-alimamacc.jpg,http://click.simba.taobao.com/cc_im?p=%C3%A4%BA%D0&s=449098878&k=2477&e=DSuV389%2FIP0jKHdWWEa63hhY5TgSZIgYA4aAHJAh5DofDX0JnmvaDXjYAd%2FQh4cKvTMks3W1lXEmza1pE%2FdXM6U%2Br0xJOnjOmMFdd9EVbDPo%2BDHH6PkHG1%2BFl87b42mmu3Nmgi7PObhQTSTeRCR6Ft%2Fpsb0CNhMwjDgN6iS4MTmsINw731fHp8HcRQZXlaHDyLKaAykUtHSBzlipqbCBNofpRTJG8TLelJI085holgiqU3D5r7T54bibhv%2Bv8DXgTroNZGfuGT1reBc82GPWlk%2BV5q55bNMsZukk5fSquyvLlDvRqgj7N1pAtFTT1NnfnWVrDSzg3jsGNizfdFj4jpMiG7PNScyqyr29NhB6k6OkTcMlcSUJs%2BX%2BZBEGOQhWTZdlwlhqtKnmITIahAmsSDWKEYlq9yMCIKTR595Qsyngopkvs2F8jPsQMk8ArLVwc8brcvnRo45R%2BYe%2Fml7Ws7K7P9CP7vR5q%2FX7nqxf4QdIPnJ7wi1JSz73gzrvm9yEOyGIQUC%2F%2FYHkTAn5zzPKqPloW%2FeUEchT3%2FnNZazpJs8rdmf6cYFkcvNezkPC3%2Fvwej1Rqnrx6eFheuP6t9Hsu725RUgCzW1YVxRZ1xGFthpNZhqEvEdKYIkymfTX7Tj1hm0T9vS9ctG%2BtmHA820HcBjJ5Y98ByRlFN7romewJZpXBS3%2FnWlAjJybx2uXAjprzRgCtZXCfxvDET5ln3DumTWXWYKgNSGL8Qy1jSLcA5r91tOo1KVaqcQ3RmLO8CH4agCmyfEdRUMTiiur0O87Fq5k1reVHr4%2FeAnRMH5wUD5aROQcj8sPUghW%2BWXLkHp7Abtak8NVUWBGtsWWYjb%2ByvTvLFbC%2B6GVZEIPXKGZtcm9bsMT0PdFSHo32qAW46rtKVshxBigu9JpX0XAda8dXbN9mi8nITgWYOVFyVqzDHYp8t97bPzOP%2BMQugLJab8QaOWK%2FIQVwtzqlOEjqRvx5r3S8byWdtUydNZv0B8HHYYV2D89bUaoNj%2BEM6ZvsPeJEM20FitovkQqoz%2BEejTL9Nzhu4Q1rwbUqPqCY9VbvgyF23K4CJdZqwcDOBVlav05BKyuKcLdNkeajyGf6xv1xD3%2BK9wiudV9wBf4PJwgplZFRD5e8cIOE7gin3lEQdtjHE9dO6u1TTVlHWZh5FwdBfREjCk33bQCSNc5CQZjb8sulgPXCK1pjxHg%2BRf5j32HCM%2BM%2FAwO8%2BlUNsg9FN3qc%2B4if%2B6E8KzVcRitax3U4VwXQz2Hx9%2FJKj7FeMp5UMpJAJz6XZaMIzUwWLdCuxzrI9Bn7hXTO0BNbVmlD75JlDFxG3wGXUPslPnaAoWYMY9GI7XGdJ5ssGaBO8YX%2FHmX6iMB2Smxmdjfe8smmoeuTbN7Us5SXJhz1cc76pm%2FQM4n5qQV9x%2BrW15TGOxGtYjjn5yzPD3Vcmj8qnhW5Pcky7u1tqANCbzFS2z3qFa2gFU0iltXSJEedTWPTW8awuF2CanvKrhbsHxQkLvA5auomI5XBS3%2FnWlAjGLwnsoYCAXhcqKWKv9mFCNveyLIcrBkk3TLMrdrRKFdpk%2FvzN5iWQaYDPg%2FgpEe8pQn4%2B1efvOL7eUlgFnukzTuNVEPOEvfcm0MiB77dYrv5beEHYnyN2hjveyOUoDYIFJ47TNy%2FTJwCNlXxLqeuVcNGtQCoViOmzoBoZ1As6hNNpurYKMK5VGLtzwZBTEHtj9kcRhdTMosOgGhnUCzqE02m6tgowrlUfZUNE05ENt2WLVOPBcK%2FvuCkwB7AjUc8p4JpwqucgzVpPSCFtdQZMKYdl91JcX6zLpkQ5EfKJ2qT8oX63nXs5CaWxVoXTbVPAlDh7wjLZl8rPOn%2BiyHZSc7m5ZvilQ8jTgAK2N6wIzDu2amK3oIGPiuDFMZUTOJXKAn72sel8GVBBdrONv6t4EiHHwD9tHmrlAAiQuJXnX%2F3zfc3B7hRLrtQpNL8Mf%2BHUiolWkeYArTa%2Fel9HNjXW4XmvXCGfAuAcXC6hEPt5VDc%2BOQWdR%2B3r3u%2F2K7SE92Nw0yWluVE7BgzBVG0wHNvZ4FOhpk20tDSikGa%2Bc%2Ft14lEfsWN8BzgS6PB3jvu7s4cSJaMHjL2QzJbZ%2B6QlSb6VSKOLNQLOhw2KHH1g8iL7tzIWp640vZ%2F%2FLH%2FovjLSWnTQppBaAwux332OfuJc2EGc0sfercRWdUJfzjzCBtXK1qGmsHxIKwZ92qDPZG8eIAqvc2W1mtpOyvjow0DE3waXJchBWZP81Q2InL07X6Y7TlZgHp7TeNB6FLs3%2BS5kX%2FmeOtT9INMS4UHDQxaby17gfJTbEOAa0S2pmsjIpP7WSooY%2F7XNUD9nCbL7kxVYcy3ZBG0nnKtbl2FtGcw5GtQhx0QIBB2aS5G11cOi5p6jup96XyjF3obJfxECJvB6LuFMsvuQZUr69%2BO5ElKH2TcapD3o3etSNJVoDOFZu5LskUQCMmEM6SK6I%3D&mm_sceneid=1_0_116045295_0&a=xxc%3Dad_ztc%26mi_id%3D00001EtsNFtZceS_lw8b9XKKHjCv0VOB9V8q-Ra7gGZD5LQ%26skuId%3D6080678707013&id=950692504707
970389538539,正版猫猫PAI情绪盲盒暹罗猫摆件创意情侣成对手办桌面生日礼物女,9.9,¥,券后价,tb0420786166,四木摆件,,1万+人付款,福建 福州,"超级立减10%, 店铺满100减5, 淘金币已抵0.28元, 退货宝, 48小时内发, 包邮",款式类型:隐藏款 | 出售状态:现货,https://g-search3.alicdn.com/img/bao/uploaded/i4/i3/2212478772183/O1CN01cluZGg1RzrhLNETPq_!!2212478772183.jpg,//item.taobao.com/item.htm?id=970389538539&ns=1&abbucket=10&xxc=taobaoSearch&mi_id=0000MHulks042mM_nUpfvXRad26R0FdCVKpPfIlt7YAcuR8&skuId=6098667307280
961646518829,POPMART泡泡玛特ΘSKULLPANDA不眠剧场系列毛绒公仔挂件盲盒礼物,159,¥,,泡泡玛特旗舰店,泡泡玛特旗舰店,回头客20万,5万+人付款,广东 惠州,"超级爆款, 退货宝, 包邮",款式类型:隐藏款 | 出售状态:现货 | 品牌:POP MART/泡泡玛特 | 商品状态:全新未拆封,https://img.alicdn.com/imgextra/jz3_2/2885348004/O1CN015mndZO28ztEQxjz1o_!!2885348004-0-alimamacc.jpg,http://click.simba.taobao.com/cc_im?p=%C3%A4%BA%D0&s=449098878&k=2561&e=2eAHZ7Rvg5UjKHdWWEa63hhY5TgSZIgYA4aAHJAh5DofDX0JnmvaDXjYAd%2FQh4cKvTMks3W1lXEmza1pE%2FdXM6U%2Br0xJOnjOT3fx8p0wf%2F1l7qY62oBQhV%2BFl87b42mmu3Nmgi7PObhQTSTeRCR6Ft%2Fpsb0CNhMwjDgN6iS4MTmsINw731fHp8HcRQZXlaHDyLKaAykUtHSBzlipqbCBNofpRTJG8TLelJI085holgiqU3D5r7T54bibhv%2Bv8DXgTroNZGfuGT1reBc82GPWlk%2BV5q55bNMsZukk5fSquyvLlDvRqgj7N1pAtFTT1NnfnWVrDSzg3jsGNizfdFj4jpMiG7PNScyqyr29NhB6k6OkTcMlcSUJs%2BX%2BZBEGOQhWTZdlwlhqtKnmITIahAmsSDWKEYlq9yMCIKTR595Qsyngopkvs2F8jPsQMk8ArLVwc8brcvnRo45R%2BYe%2Fml7Ws2NHGhipaNSLFZULQVKVOLx%2FE6WwrQdgMmSbdfThpG%2BcTWBpY8HUqsSkP0N%2FyhaD5AHNA1DGo%2Bdu3PfNggGyDKeUH1LmHt0WBYntEby%2Fk4BWAqluKIcr5bnymKgouWQD8h8xYYLNud4ncLj0tlmsY94sB810dB38x61YXVmlsMmcdfv56zkgoppQ9lAeCHZ6QgCrqVQ6Cr7HMfl6%2F7sh6V%2BQ2Da%2FiuAZ8NqYBjsOIl3o%2FZPsyksuuzEWjU4nSln0l3vMbpmYlTzfx08LMHG35hkWUsNC30QhXvTRkrvsavNtGkl2P5lLGuVtHjhNoYtsWqNX%2Fpm%2BtJUnObyx%2FZpt6msrytK1oqM0%2Fs8JeRfA6B%2BUz9ny%2BdimMxhdXiLW0N0rsnFmxg1soXfKHVuxuas%2BlIZIZEHRZiXiinOkD2idhpKeqG1OwFBDkCGXNyWlTEWk4lDSXpff4W2QIvq%2F%2BBKaXx%2BY3EA2TuvNSBepjvpxQ7oGRpzQkmMLqGoAg3zvwma%2BSAuWEoMzY79gonvyEKDpm0H%2FZSRDTczPBG0eOE2hi2xa8I8w7IqvmNmN%2Fdl1t6pKZwU11zrpDmUYkv2NZr%2FF%2F1m1DNgMB%2FRe1PNezkPC3%2FvwvBqjgRS3fwTxa51PrD%2BBavCS4zbluLV11nMtowZ%2B7l4CJCnQP3eRdwDFqMqUzQnQKBxA6cSzrN%2Bt9vKMBLQo3ndIS1S45hBpe5k7K7SiiBQQluFEA7361Oc2pX%2BOvKZIq5Z2Xqo5odRjMzJQwAwvjhc%2ByYvsVryo0KQisbuaD5FLBSgPa0X9nYJYIccW2saXtZRHP1ruq4yGedvUesEu0ILamrIl0KncjP7DRYfbr8SuPOZy7Ve%2B6tmHdMH%2FeOzr1w3l6DcXIap8blgHvAT9xeIYSVPUl000q6ai7T8439el1yUHfsLNRzO%2BrcTG3SeBVlsgZDbf4ZoJrdNldY9U8tiPyf14DxbEUDeY%2FyRimbyiyIQiw7MlZMOsCb008WVg8PYomIbc%2FWVKLhxXoed2z8f%2Bi%2BMtJadNSe0iy1zWy21Ay5g9%2FB0wlkY6r0GpomswrVhdWaWwyZyI58e2fgQtgyRDmCYR7DnprQ30NYUZZFkTnFpSJpWtrLrpSPP7%2FlQ6k9eVDquv1E8eLknUlPgZ3o5e4cM4JFeaa0R21QWvcUcaSHyaf0DQBZwQQe7Uq309ByyxDJvF%2F37ih2j6qCDnle3iIu8zMc1bcy2TERi0htyo2QzycJbJdR%2FEHWJTA1ypXgeBPaiaIPPcp%2FFZnSwIWZQXXJiD7fWuH8QdYlMDXKlyVUVHNgtUWcVIjekPvCX5NrH7ZMvn5jawxV%2BstR8%2FItOush5eS%2FvQaVatsGdEUurs7WMwggdjnS6JELSivrFMoxH7olyBXtA1dwbidDQV2n7zW3ZWFpu5ueeb7U08s9cSUGCuMzdcCJl080E2ykZh9Ga67Iud1PsSrQPI7DmE3O0vcQ17m1LHaR6f5h8FdBxyIeekJFN3YHkweEP31ENQonvyEKDpm0H0K%2BiiXfRVaQb3UYHT6OxzG6O8DRhTcVoRf7vkiY8I%2FwlDh7wjLZl8AAbwqfzlNPi6dSw%2FYm%2BuGp%2Bn1oXxY1Q%2FFdUnW7Izt%2B7CsyENQjUCNmD8Vqw61S8SVjFMvrSTHkbD8NbEO8XJpIexhF6MkGfVWCS1aP2S4tAKZhpwcYlzsICeLuJQ1UJFQQ%2BHc8pvlrA2CfOUeIRGuZ5o3OfOndctf7tPDkAUM3MgETsHM3yr3nLtMHQrHtY4uJdI94fXUdPihnT6HPQuzVp93S%2Bzi67Qn5H9r4nulJB%2FvXUPRAK9MMDa7WkrYF3JdIOaZgZkZ8sGicUJde1g2tiaok5ZQE%2B6ALQQkeRKnOHr7S%2FVW5nkmRUsiQRVILShZq7O%2F%2F3aDUWJV8hIe5A119%2FWzkvMIbPdXEfAWP5gWayie%2FIQoOmbQYG0KAfbqk%2Bus10uehQZnrBNhEvRSVrRBRDt3wVMgigu%2BcUY4WMnezdaoUlinLUCyPJpiTlFYyL2UQPzrxJLc2lZA8ASPf3eKTz9fGFU%2FzwQJXqx%2B4vFbXwT1JujelIPdAAGq80gyYRG&mm_sceneid=1_0_116045295_0&a=xxc%3Dad_ztc%26mi_id%3D0000hZWb6MK453p-OoLcXTKuPTssAL5RgETzIYkjRsRU4uQ%26skuId%3D6090950787629&id=961646518829
894968244210,正版古风时遇春风盲盒汉服可爱卡通手办摆件2025新款女孩礼物玩具,34,¥,,tb1918136_2013,景浠潮玩店,,1000+人付款,浙江 金华,"退货宝, 48小时内发, 包邮, 公益宝贝",款式类型:隐藏款 | 出售状态:现货 | 选购热点:淘公仔,https://g-search2.alicdn.com/img/bao/uploaded/i4/i4/1577659006/O1CN017GuATq2GOo0RwikYt_!!1577659006.jpg,//item.taobao.com/item.htm?id=894968244210&ns=1&abbucket=10&xxc=taobaoSearch&mi_id=0000f__2uqARvwz0YkVwOa0fuVK5i94j2hn74ABr7lnUSGM&skuId=5743428648356
960964659499,【田栩宁专属】AYOR TOYS X 捕兽记 坏小孩Kippo叛乐园系列盲盒,59,¥,,ayortoys旗舰店,AYOR TOYS旗舰店,回头客7万,5万+人付款,上海,包邮,款式类型:隐藏款 | 出售状态:全款预售 | 品牌:AYOR TOYS,http://g.search.alicdn.com/img/O1CN01gTNZZO2DtXp8XOLG7_!!4611686018427386091-0-item_pic.jpg,http://click.simba.taobao.com/cc_im?p=%C3%A4%BA%D0&s=449098878&k=2433&e=exL8oKHdKvEjKHdWWEa63hhY5TgSZIgYA4aAHJAh5DofDX0JnmvaDXjYAd%2FQh4cKvTMks3W1lXE7Cvdhr1o7AFU10qA4c9kFb8CrLaOgxJpl7qY62oBQhV%2BFl87b42mmu3Nmgi7PObhQTSTeRCR6Ft%2Fpsb0CNhMwjDgN6iS4MTmsINw731fHp8HcRQZXlaHDyLKaAykUtHSBzlipqbCBNofpRTJG8TLelJI085holgiqU3D5r7T54bibhv%2Bv8DXgTroNZGfuGT1reBc82GPWlk%2BV5q55bNMsZukk5fSquyvLlDvRqgj7N1pAtFTT1NnfnWVrDSzg3jsGNizfdFj4jpMiG7PNScyqyr29NhB6k6OkTcMlcSUJs%2BX%2BZBEGOQhWTZdlwlhqtKnmITIahAmsSDWKEYlq9yMCIKTR595Qsyngopkvs2F8jPsQMk8ArLVwc8brcvnRo45R%2BYe%2Fml7WswiIQ0gT93GLr0fcsvzLqAT1HvsWZq3D0%2BcuxEGmc%2BPPA5IS%2B4UvpcQeeRJeu274H0uA4KftrUoaJnCBVwerxqvg0xboikOBevFt2MTRHHfdArL5ebEEyzgZXNr2NjXPgN54YO3%2FvPYq75XFmH7bYq0Q1a6plGHgFDXR11owwoogGqQxLBDFsNgPZSQldzTPv0F9aHu2BMFUi6%2BA1HRg6zF9%2BvcCRNhR3k73WnlsJi5Kh6ebB5rRWgXe460XidI60FJ06FaBMRRTLB8gYLyNl73ukxLyU%2F6mSWF%2F7O6%2FJss5NpbAnMo7os8y%2B7566J9gGper0%2BLKIP3PBCCHFeMEGoFWhsj24PvMz3MAiyW06iJ45loG1lrpO%2Fc3FYzODZkN6Li6OcQoXSudqG1OwFBDkCGXNyWlTEWk4lDSXpff4W2Q9w%2FcY7RStALxofYsT6CdHdeOtwl3TwAu%2BTqWPx3FmGeV4ZCqiw8drLNdLnoUGZ6wy%2B%2BqnjJbpPspmHPwT35To303OoPmiUUD29mfes81MCR6M6iGhHLfXC61TNBYs%2BJ7tjibkYbEwY81bMHWPOG1ulN8Ool%2FFTQsqAHnx0iqoTu8Ui8E34wlZVKmhYJjoJ18PzxVUXdySZknnkqQ3EpTx5%2FjrpTYG5PczJTrvFIioc1ctyUUagtlZoIRGEVBiIVCyMBOwj49qwJG0O%2FgF%2FHOSJALvnKlGHMbi7JwP8%2FJh4lZ8rqcCxeWfq56AW3D3v2UohqoM1qUoXXdIrrLSr5GAbbPxFOVcV0ZM%2FgTwDQgpz2%2BlKmv0ogR738%2F6FTyavKW9mh%2FKYSGjZOFY0AkSSKkat3BZ1cog2j1xVSipRlkn51ifFRT2E5jV3X0uo7Xco%2FaG0YYCPdGbrb%2BZl0IYR9rQyXnJFmdWw6tb2W5OmgQK%2FraDsf64UjCNxafyrPiksOdWzd%2FYDUqj9ZzAIsltOoieABCNrCQXHKkx%2F6L4y0lp01J7SLLXNbLbWa5yr%2F4oZWQuA7kcRSsxvxdh84wI67%2BH3OJFizoVIO%2FJEOYJhHsOemtDfQ1hRlkWROcWlImla2suulI8%2Fv%2BVDqT15UOq6%2FUTx4uSdSU%2BBneGJZkUGxwjwe1OwZ%2FJIBw3RFAPjr0yllB1Cwm8Q0CPaScE06K%2BuLmD2G7%2BhSoo4qFHpxFhqK9mgUStUnRgztpVfE4FL3I4XIS1itgURdkLwS3YQyeaQkQvdyn8VmdLAhZ2d2JdxbYMjnWK2BRF2QvBBBUtCAy2dVyxUiN6Q%2B8Jfk2sftky%2BfmNrDFX6y1Hz8i066yHl5L%2B9BpVq2wZ0RS6uztYzCCB2Ode%2FYCwBJXOX9Jxu%2BTsgI606N2pJ27uz%2FzB4b9KFJPpmLT06YDskCQN76acYW%2BI5JP2cOqLJvsfS4KbXSpOJUM3qGP%2B1zVA%2FZwKP%2F%2B2MZ4xGlbZAuu%2Frnf06rViD%2BsVlaDUACJC4ledf%2FfN9zcHuFEusdmyi55Ev%2B8SKiVaR5gCtNr96X0c2Ndbhea9cIZ8C4BxcLqEQ%2B3lUNz45BZ1H7eve7%2FYrtIT3Y3DTJaW5UTsGDMFUbTAc29ngU6GmTbS0NKKQZr5z%2B3XiUR%2BxY3wHOBLo8HeO%2B7uzhxIloweMvZDMltn7pCVJvpVLSyQ%2FMSwVa%2FKVwDntE3YT%2FCgcRQQBpE5keRRMhGnSHUqrlOryzrs6oLp5qdsyFYqvhYGIbuRkAmi6%2BA1HRg6zGFb2TLRzg0D5UasLfuh61qvSpALXoXlcZVR%2BWm6B5znbk5XOFe2OdZRpUq%2FK5Jv0YXqY76cUO6Bkac0JJjC6hqAIN878JmvkgLlhKDM2O%2FYKJ78hCg6ZtBdY8KMaD60R0K4ML4z%2BwECUznAk%2FX91s1LAfF1kBbPBs7%2F7spR00q4vHzLf8rwA1xZZ3jz7pA8HDsNNUNCuJ65661cYodrqQ1LTEyHAZJj4lZpg7NN5y5MSBe7C0rRFtq&mm_sceneid=1_0_7955382519_0&a=xxc%3Dad_ztc%26mi_id%3D0000_IN0pIG1sGNPKnCZA-ymmbIkIOXAhXYZw8vpb9Fp6z8%26skuId%3D6110434118736&id=960964659499
983016001723,罗小黑战记马年文具套装礼盒男孩盲盒小学生一年级学习用品元旦大礼包盲袋女孩款生日礼物幼儿园儿童伴手礼,57.8,¥,券后价,鲸久不止专卖店,鲸久不止专卖店,,1000+人付款,浙江 金华,"官方立减12%, 包邮",包装种类:基础包装 | 上市时间:2025-10-5 | 适用场景:上学送礼,https://g-search2.alicdn.com/img/bao/uploaded/i4/i4/2219798101087/O1CN01hOq51z1JttcIORcMq_!!4611686018427386975-0-item_pic.jpg,//detail.tmall.com/item.htm?id=983016001723&ns=1&abbucket=10&xxc=taobaoSearch&mi_id=0000kA03lpVHpnb6cw3FtSKe6W0s9b7lBedOupU2N9vSicc&skuId=6108169186842
1000036041127,正版植绒猫猫PAI情绪开演绒FUFU盲盒摆件毛绒暹罗猫手办生日礼物,9.9,¥,券后价,tb0420786166,四木摆件,,1000+人付款,福建 福州,"超级立减10%, 店铺满100减5, 淘金币已抵0.29元, 退货宝, 48小时内发, 包邮",款式类型:隐藏款 | 出售状态:现货,https://g-search3.alicdn.com/img/bao/uploaded/i4/i2/2212478772183/O1CN01ln30hP1Rzrid5JDm5_!!2212478772183.jpg,//item.taobao.com/item.htm?id=1000036041127&ns=1&abbucket=10&xxc=taobaoSearch&mi_id=0000FNiQaCUo9HIcT5DYOQdQoJdMWXnnCaKO8AiX1ePakVQ&skuId=6150232502212
743848939152,MINISO名创优品三丽鸥魔法物语系列盲盒摆件单盒潮玩摆件可爱童趣,39,¥,,miniso名创优品旗舰店,miniso名创优品旗舰店,回头客200万,9000+人付款,湖北 鄂州,"退货宝, 包邮",次元优选:IP联名 | 款式类型:隐藏款 | 出售状态:现货 | 品牌:MINISO/名创优品,http://g.search3.alicdn.com/img/i3/127238467/O1CN01r4jF9M2CPwNxYYHOR_!!0-saturn_solar.jpg,http://click.simba.taobao.com/cc_im?p=%C3%A4%BA%D0&s=449098878&k=2201&e=mwhBUizqAfUjKHdWWEa63hhY5TgSZIgYA4aAHJAh5DofDX0JnmvaDXjYAd%2FQh4cKvTMks3W1lXEW7g8LwXQzdxj0zQTkKACTyQYz8tPa5tBl7qY62oBQhV%2BFl87b42mmu3Nmgi7PObhQTSTeRCR6Ft%2Fpsb0CNhMwjDgN6iS4MTmsINw731fHp8HcRQZXlaHDyLKaAykUtHSBzlipqbCBNofpRTJG8TLelJI085holgiqU3D5r7T54bibhv%2Bv8DXgTroNZGfuGT1reBc82GPWlk%2BV5q55bNMsZukk5fSquyvLlDvRqgj7N1pAtFTT1NnfnWVrDSzg3jsGNizfdFj4jpMiG7PNScyqyr29NhB6k6OkTcMlcSUJs%2BX%2BZBEGOQhWTZdlwlhqtKnmITIahAmsSDWKEYlq9yMCIKTR595Qsyngopkvs2F8jPsQMk8ArLVwc8brcvnRo45R%2BYe%2Fml7WsySy1gyAhuOpk8hy%2BgWzAyTisBDT0gtILn8qPk4fz9JlLOi01dSfSvkeeRJeu274H0uA4KftrUoaJnCBVwerxqs4%2Bp4ifExN9c0Ij7pe4o8Mtx6jdDd8Mh70RX7tzkZhMKJ7xPqbENkIa8UebpACn8ZNa8yb4u0o1%2BvwaS6xXLPeDEYMAiMFjgJeVLprNNyZTwAUtEat87G4tx6jdDd8Mh5ITioiRtOP5UyL4BJFKztnFo1OJ0pZ9Jd7zG6ZmJU838dPCzBxt%2BYZFlLDQt9EIV700ZK77GrzbRpJdj%2BZSxrlFRu7uEeqkEhvdP9zP9AtGjlBOz%2FTd3EC594acKSjyVs%2B1RfdYEhu4KJ0A0X3Bb%2Fwr%2BFsUocaM5t2mdW3U%2Ba1ugC0EJHkSpzh2WCLtbV9igUVLIkEVSC0oRN8x2MtQ2aELVAr8YKgidTsuOVi8NkG3xaRAlMtFEmND0zLTdt9R9g%2B%2BfjdJGogWCkLatYKAh%2B0tQzYDAf0XtR8LMm2bTGtQF3R5YvFmPcdI7oSjdje7oHwkuM25bi1ddZzLaMGfu5eAiQp0D93kXcAxajKlM0J0CgcQOnEs6zfrfbyjAS0KN53SEtUuOYQaXuZOyu0oogUEJbhRAO9%2BtTnNqV%2FjrymSKuWdl6qOaHUYzMyUMAML44XPsmL7Fa8qNCkIrG7mg%2BRSwUoD2tF%2FZ386bIYrCaNzGm1IystdzlZhnnb1HrBLtCC2pqyJdCp3Iz%2Bw0WH26%2FErjzmcu1XvurZh3TB%2F3js69cN5eg3FyGqfG5YB7wE%2FcWzaZ1%2FuWevj%2FAPqb8Iz0AVFlQ175yJfzLLYhBTk2VhjZBh0HCLYPH1j9LXkJhYTmdLTce7qX4irbJgcZcC50jXpOyl4hw5pE3L0piRB%2FTVIIA064uxS9O5OVxYWGNsHqyf7gnb%2B3QZzqHEQwCzmyChvK9R%2BHkntsWOqByMY%2Bvp2OY3l1bLyBN5%2FHJI4S5aBMaFAW3fqbAkxr%2BBxJttUpYk8pVZaoP%2BcRHsuOVi8NkG3xZEGdkmWFbtjluqYMU3lu0pCsyKxbF3Sey45WLw2QbfsFpuh%2BAU1IM%2F3ZH%2BULPSpP7tp26hXRQV0f54oL%2BEfK7BgQ5%2B0A31Guqfqb3ymkNg%2BtDEzBhXwij%2FFTcIkRmiWUrCm3YykK9u%2BhXHxzDX3vfHA7lpsdSamCuYEgJAfZxOAahVKMALcFz4R1UVIDgExh3sNVMs93u5AeWzzt%2FQD1Tm11YT4DUmAdt4epWtDtiSQ1NtldtmF6OdJMs%2F2Jo8C4LjI8Np6vkFq7n0RVIMqes0FLD5yiqZ7ClteNlsOwrLF%2FSOxB77%2BAleUgwI94oTZ7Kf8aZai%2F2%2FGVywXUQV%2Bbz68yLHEXVDYJO86lSC45OcwF67OZ2TdMpchBDJM0p7ge954wknIIx3VP5jL41mdEgV1flx%2BWfI77l9pgT6%2BJUcky9glAQdCLwNmmo%2FMm7BV8f%2Bi%2BMtJadNCmkFoDC7HffY5%2B4lzYQZzQE%2BFnRE2jAh%2FOPMIG1crWoaawfEgrBn3RnLZ5m9H%2FsXxqRp8tc%2F%2F7uOjDQMTfBpct4GnqAlW1rVZ1E5b37K%2B6TgWmXl8DxAN8Boc4jGmG1CrW49NoBgB8k4%2Bp4ifExN9RaRAlMtFEmNBC2A0WAH45Qt5QgEoxy5A2K5RSN2ZWUjodcA1DM78ZBZUaL%2F4nlO2nKilir%2FZhQjb3siyHKwZJNoeU13hU9o%2BQ%3D%3D&mm_sceneid=1_0_127238467_0&a=xxc%3Dad_ztc%26mi_id%3D0000ciZWTC9iTp2jI3y27Q2EKVxCCv5CcqSXbzdmdPxdqyQ&id=743848939152
966464144131,【49元盲盒系列】猫人保暖内衣男士女士保暖套装,49,¥,券后价,miiow猫人内衣旗舰店,MiiOW猫人内衣旗舰店,回头客100万,100+人付款,江苏 南通,包邮,是否加绒:是 | 适用性别:男 | 面料:涤纶 | 适用对象:青年 | 功能:保暖 | 品牌:MiiOW/猫人,https://g-search2.alicdn.com/img/bao/uploaded/i4/i4/2217556148286/O1CN01h6R6uB2B52ssBlRCe_!!4611686018427379774-0-item_pic.jpg,//detail.tmall.com/item.htm?id=966464144131&ns=1&abbucket=10&xxc=taobaoSearch&mi_id=00008BojrNPdGqVpSrXqgaDLguiW2MUyPTe_uV6NiQd7T_g&skuId=5907517276103
,,,,,,,,,,,,,
,,,,,,,,,,,,,
905577564605,【清仓特惠】【5.8划算到爆炸】评论区看款女袜子盲盒随机到手5双,5.8,¥,,oln旗舰店,oln旗舰店,回头客6万,1万+人付款,浙江 金华,"退货宝, 包邮",袜子功能用途:吸湿排汗 | 筒高:短筒 | 面料主材质:棉布 | 适用季节:四季通用 | 服装款式细节:扎染 | 图案:纯色 | 品牌:oln,https://g-search2.alicdn.com/img/bao/uploaded/i4/i2/2206383716182/O1CN01asrqRL1vXPWVtTeNI_!!4611686018427385686-0-item_pic.jpg,//detail.tmall.com/item.htm?id=905577564605&ns=1&abbucket=10&xxc=taobaoSearch&mi_id=0000o6Vgzc1iFCIelxbh3GW4pWZ2QIhL5FfvKKNmnI-85JY&skuId=6011092050113
987779376569,PLZDOT爱宠大机密小白的生活盲盒可爱兔老大公仔手办礼物摆件,49,¥,券后价,tb6426697235,ASTOYS,,900+人付款,广东 广州,"48小时内发, 包邮",出售状态:现货 | 系列类型:联名系列 | 品牌:Plzdot | 选购热点:淘公仔,https://gw.alicdn.com/imgextra/O1CN01Bj8RlH2BviT5VD36q_!!2214185778401-0-picasso.jpg,//item.taobao.com/item.htm?id=987779376569&ns=1&abbucket=10&xxc=taobaoSearch&mi_id=00006W9fI3BkgzqgyMekniHheF7Coj1h0AKpU0lCBK6p2I4&skuId=6115488562316
955699297017,大美术馆 全世界财神到我家盲盒招财发财工位摆件手办生日礼物女,78,¥,,大美术馆旗舰店,大美术馆旗舰店,回头客1万,3000+人付款,广东 东莞,"30天价保, 退货宝, 包邮",款式类型:隐藏款 | 出售状态:现货 | 品牌:BigGallery/大美术馆 | 商品状态:全新未拆封,https://img.alicdn.com/imgextra/jz3_2/2212237844704/O1CN01lEHsXI1kcUCgMTZoA_!!2212237844704-0-alimamacc.jpg,http://click.simba.taobao.com/cc_im?p=%C3%A4%BA%D0&s=449098878&k=2369&e=cheWTPjH2xMjKHdWWEa63hhY5TgSZIgYA4aAHJAh5DofDX0JnmvaDXjYAd%2FQh4cKvTMks3W1lXFiZB7ggrHvagnkL5%2BTsxbYFPgEqYB8zpHo%2BDHH6PkHG1%2BFl87b42mmu3Nmgi7PObhQTSTeRCR6Ft%2Fpsb0CNhMwjDgN6iS4MTmsINw731fHp8HcRQZXlaHDyLKaAykUtHSBzlipqbCBNofpRTJG8TLelJI085holgiqU3D5r7T54bibhv%2Bv8DXgTroNZGfuGT1reBc82GPWlk%2BV5q55bNMsZukk5fSquyvLlDvRqgj7N1pAtFTT1NnfnWVrDSzg3jsGNizfdFj4jpMiG7PNScyqyr29NhB6k6OkTcMlcSUJs%2BX%2BZBEGOQhWTZdlwlhqtKnmITIahAmsSDWKEYlq9yMCIKTR595Qsyngopkvs2F8jPsQMk8ArLVwc8brcvnRo45R%2BYe%2Fml7Ws%2FF4ftzautXKdxG%2FCD222dn9sGas%2BqRCeW5UqeyKVHOB62yIzau3beGkP0N%2FyhaD5AHNA1DGo%2Bdu3PfNggGyDKdsLeR5988FBRGe3B01Be21KChizgvczXDeeJ%2F0AkB9jURgMzT8yTPZhM2GBSY72iTpNz%2Fngn9d6%2BM2QcpoOThtsBtdefHd3ya6kWGNeAh6HP5I%2B5BFTZ2SE76nL9Gj86yzh8f3EVrkeSC0N2alk3CzBc2OdG2sM1cWjU4nSln0l3vMbpmYlTzfx08LMHG35hkWUsNC30QhXvTRkrvsavNtGkl2P5lLGuWX5kYfURv9RT0c%2BibOfCFFNKuZYXn2O4q5JhbX1ApKCKFQymem7wiypmXvLVuKg8OmhkBdt%2FraZaGPbZtllKMULGd8sso6YMCXNyWlTEWk4lDSXpff4W2QIvq%2F%2BBKaXx%2BY3EA2TuvNSBepjvpxQ7oGRpzQkmMLqGpDZXVVuJ%2FnptjPILQM24XHptKBfbbsjoGPEMEwOUrleXozqIaEct9ck%2FTYl7VJuzsOUbOwRgs9fWRD%2Bb6J0FhHPcuaQfhvOihh9ziWq2FB%2BjGb5itkURmpPzxVUXdySZknnkqQ3EpTx5%2FjrpTYG5PcBQWgc%2BqoRJpctyUUagtlZoIRGEVBiIVCyMBOwj49qwJG0O%2FgF%2FHOSJALvnKlGHMbi7JwP8%2FJh4lZ8rqcCxeWfq56AW3D3v2UohqoM1qUoXXdIrrLSr5GAd8nURfCumf2yJPD06Fs6hO%2BlKmv0ogR7xbT3CgDuq8R9mh%2FKYSGjZOFY0AkSSKkat3BZ1cog2j1xVSipRlkn51ifFRT2E5jV3X0uo7Xco%2FaEtb0ZPIi3XXyQkLT77CgmzUR%2F46ro4dF4tNB0LNnZddo2hIzx4rL7FUzLuTa10yEHP1rPeliMizKBhG%2F5uL%2F6jZ6D0esWgmpx%2F6L4y0lp01J7SLLXNbLbdZh3jq604BJsbH2OOxxQp7jNkHKaDk4bejntzRyw3YDJEOYJhHsOemtDfQ1hRlkWROcWlImla2suulI8%2Fv%2BVDqT15UOq6%2FUTx4uSdSU%2BBnesDmJ6hV243sYb%2BDzguivoUA1xA6tl8XkdfTWXBznPTite5I55cD0eQhgHWsHS2LPLYndr2wyCXTaCmODgZbowIjj4tQ2FJzZRYqrnVrRvi1eB4E9qJog89yn8VmdLAhZddYd4T0WHv1FiqudWtG%2BLXJVRUc2C1RZxUiN6Q%2B8Jfk2sftky%2BfmNrDFX6y1Hz8i066yHl5L%2B9BpVq2wZ0RS6uztYzCCB2OdE2wVW29fQzsB%2B9DGStQBwqN2pJ27uz%2FzB4b9KFJPpmJEkzcjrHr02vEnhHhSmpiVl4DPEOleBj%2FsCqfFB2W1pXt91gXSHcHDOjhxlFeJgPmx7eagfWmoX4MBIwzctPyh32vHCww0dxJSb7RIzNQRCINvodm7bRr%2F2GS%2BrjJUYFkzfU8zELJlx7otNhiLzfSA2ruvj4rTg9PFacVHZp2q%2F5O86lSC45OcwF67OZ2TdMpchBDJM0p7ge954wknIIx3VP5jL41mdEgV1flx%2BWfI77l9pgT6%2BJUcky9glAQdCLwNmmo%2FMm7BV8f%2Bi%2BMtJadNCmkFoDC7HffY5%2B4lzYQZze1LB5JNiqnt%2FOPMIG1crWoaawfEgrBn3UmJLAxJeGgPp5S4RiqlzAaVGrC37oetar0qQC16F5XGVUflpugec50pQ%2FA2qO%2FT3teOtwl3TwAu%2BTqWPx3FmGeKnMbJe8n4Apt0alpO3cmeH7%2FPn9vvJb128JrHC2hKWJfmRh9RG%2F1FdvxAP%2BAbjzrU3wyc6gw73oiGi5Xc%2BWbdiWnD7PChxBwCyFabO2feqK61cYodrqQ1LTEyHAZJj4lZpg7NN5y5MSBe7C0rRFtq&mm_sceneid=1_0_1961980074_0&a=xxc%3Dad_ztc%26mi_id%3D0000AnfJMFePpW_QUqd2kcoYC1NcAcvUOH1p6zGBe0W4CPs%26skuId%3D5847343418307&id=955699297017
891866599614,新款猫咪洞洞乐盲盒儿童抽奖惊喜奖励戳戳乐玩具小学生男女孩礼物,29.9,¥,券后价,芸芸sunshine,sunshine卡哇伊,10年老店,3000+人付款,广东 惠州,"官方立减12%, 新品, 包邮",出售状态:现货 | 商品状态:全新未拆封,https://g-search3.alicdn.com/img/bao/uploaded/i4/i4/2178566062/O1CN01nPEFII1ueRzH5dD6o_!!2178566062.jpg,//item.taobao.com/item.htm?id=891866599614&ns=1&abbucket=10&xxc=taobaoSearch&mi_id=0000DFWYkTBZByatqZOaCxJ2AY2nmM3eJz5lFObHQv7uRvE&skuId=5739281100092
954177863215,【19元内裤盲盒系列】猫人男士内裤纯棉2026新款男生大码四角短裤,45,¥,券后价,miiow猫人柔雨蝶专卖店,miiow猫人柔雨蝶专卖店,回头客10万,800+人付款,广东 中山,"官方立减12%, 退货宝, 包邮",材质:棉 | 面料分类:棉质面料 | 图案:纯色 | 裤长:平角裤 | 适用性别:男 | 腰型:中腰 | 上市时间:2025年夏季 | 功能:抗菌 | 销售渠道类型:否 | 适用对象:青年 | 成分含量:81%(含)-95%(含) | 款式:立体囊袋设计,https://g-search1.alicdn.com/img/bao/uploaded/i4/i4/2213279810616/O1CN0191Shk51GQB3H1QfJ7_!!4611686018427380792-0-item_pic.jpg,//detail.tmall.com/item.htm?id=954177863215&ns=1&abbucket=10&xxc=taobaoSearch&mi_id=0000j6f8hHp6WLa-GlgmsHFDgJzWVsm3eNtulvm9zls2AnA&skuId=6044185302467
827221472879,宠粉福利~超值盲盒内含头绳发卡头箍等随机搭配惊喜福利气质发饰,15.8,¥,首单价,正靓旗舰店,正靓旗舰店,回头客10万,1000+人付款,浙江 金华,"官方立减12%, 直降1元, 淘金币已抵0.13元, 48小时内发, 包邮",款式:发饰套装 | 风格:甜美,https://g-search3.alicdn.com/img/bao/uploaded/i4/i1/2209303020065/O1CN01cIkdiH1CLojCUDC9u_!!0-item_pic.jpg,//detail.tmall.com/item.htm?id=827221472879&ns=1&abbucket=10&xxc=taobaoSearch&mi_id=0000HK-MwP8fkIZPFx2C4umK2QIqYFQb-TRFR_yFUkyIkMA&skuId=5552780461171
874686284859,卡皮巴拉盲盒新年礼物女孩玩具儿童洞洞乐戳戳乐抽奖拆奖品小学生,93.2,¥,券后价,tb747375759,小友玩具商城,,3000+人付款,广东 汕头,"超级立减5元, 退货宝, 48小时内发, 包邮",出售状态:现货 | 款式特点:静态 | 商品状态:全新未拆封,https://g-search3.alicdn.com/img/bao/uploaded/i4/i3/2214872887496/O1CN01yGDdJv25FDx6nejOm_!!2214872887496.jpg,//item.taobao.com/item.htm?id=874686284859&ns=1&abbucket=10&xxc=taobaoSearch&mi_id=0000-GTZPIgXvqQ8RMS6HZRHiFwyGw9ZViQm2oExdStL4t4&skuId=5711163917972
745205516644,手办定制盲盒公仔PVC卡通摆件钥匙扣企业吉祥物树脂玩偶玩具定做,10,¥,,tb4914932656,深源礼品定制,,36人付款,广东 东莞,公益宝贝,,http://g.search.alicdn.com/img/i4/5157336262/O1CN01QAWLg41w83B1HMuYa_!!4611686018427385030-2-saturn_solar.png,http://click.simba.taobao.com/cc_im?p=%C3%A4%BA%D0&s=449098878&k=2189&e=LCPWASpB6SYjKHdWWEa63hhY5TgSZIgYA4aAHJAh5DofDX0JnmvaDXjYAd%2FQh4cKvTMks3W1lXEYJa%2BNsMfL8KAkyIqiuOA0%2BXD6hzrBeDro%2BDHH6PkHG1%2BFl87b42mmu3Nmgi7PObhQTSTeRCR6Ft%2Fpsb0CNhMwjDgN6iS4MTmsINw731fHp8HcRQZXlaHDyLKaAykUtHSBzlipqbCBNofpRTJG8TLelJI085holgiqU3D5r7T54bibhv%2Bv8DXgTroNZGfuGT1reBc82GPWlk%2BV5q55bNMsZukk5fSquyvLlDvRqgj7N1pAtFTT1NnfnWVrDSzg3jsGNizfdFj4jpMiG7PNScyqyr29NhB6k6OkTcMlcSUJs%2BX%2BZBEGOQhWTZdlwlhqtKnmITIahAmsSDWKEYlq9yMCIKTR595Qsyngopkvs2F8jPsQMk8ArLVwc8brcvnRo45R%2BYe%2Fml7Wsy2W%2FwrDzUyYEJLUPpb4aLXbpOZ0ozoZislFzdaopovXOcCU8W%2BuxFd%2FmpbU4JQmw1NUaDbbB%2F5m7pmtYasNq90ewOJannVtRFPTkVPATvjgA%2BY6hXAwVgYr1FvmzQqBQzsKImUF7ichhpOJJOmgPCttb%2BY8tB0ilsukGvK7ZNq5qdJjB5EyG6JWbsLtBUMnk%2F54zOCOCHWdp5fRogx7fA4WjU4nSln0l8SLHFU7dnST%2FiqircmdCcAu%2FSNFw6AiN%2BUMPfyerMekAIx6l7nUtmAs8PpBrBnsGEOZOGo91I1s4qI%2Byakaobu%2Bgh0cLWiub8M5lhavAyCqEHrDXOJPW0dYDdXF35HfjWJ4Z4GMNDdkwzmWFq8DIKoRpcV0aKJ9BjANvFMTXb7juKMlYR4fc7Iu4vVu7JCRmI6MNAxN8Glyd2F6Dzqt7yN7qekeHymJIf4IIFUAGo9gTjciADDgNjNQL615WkiwV5mmMVtpp2byUc6ijabSvUmxjR5Wdxf%2FepsyikS9dOUyrfbY%2Bzq9c4%2BKQ1rqzX6QS7jD4VBiHFoqnyI%2FYM%2BZWX55uvSFu60NC%2BnM1r%2FOVe0EkwzLvPFuYKTAnLbWgJvAiNsR4dzgIaJVyasbtaebQohQ8ABV4hf36psvohLWsrW3Rs5V1bP2zQjCi4i546LrCP8vtN0VW1daWXYIduIKa%2FA1wixkJeLzqu%2BGF42W%2Bc%2B4CvowJ%2FKHTGn2aH8phIaNkywbnP0gEbbAcac8KcwXtITQ%2FqRiM0nlRXX0uo7Xco%2FaNS%2BXw9ISa6zLpBryu2TauanSYweRMhuiVm7C7QVDJ5P%2BeMzgjgh1nbLQ5gljRTJjW9OIILgv06Axe%2FIqe2QL2XQsoh75gSt6BcmNFtV35Q8R6PV8Wa9DUa%2BxE%2Bot55BvWpAX3QHyod8eQnylJpPjf16883QIpEG1AANuM3qI3z8q3uRH0Nx%2FpC0xMhwGSY%2BJWaYOzTecuTFK8pWYFiqGthE6M4Fdzm8B4mgIrRdyIoYIsGtF26dgc0irY9KHhOElpo6cv1z4AoDMotkm5qKcUtCzfLk4I8FQSKtj0oeE4SVINDZopCPZ60YJVvPy824iEqXSRBTQ6ubUxs%2B3DylLBquSFQOLKXxB%2Bo5jWxjREZbcDENThtpTGpOQMd17WHoLSkIivNEeKEtTIaqFDIep8%2FdbqV5hM%2ByDQ7P%2BGFe3eqCcRQbphNvGSN7UHOg8pMKSSIVj%2BPi%2FQnY5BKeFb4RHAiBGFOL3K668gTeAFk7jfPWUUYBjQJ0tKN%2BjXCZNgnzwO8Ef%2FB0G85Q2yxUanolL1mv3pfRzY11uF5r1whnwLgFeUgwI94oTZ3PjkFnUft697v9iu0hPdjcNMlpblROwYMwVRtMBzb2eBToaZNtLQ0opBmvnP7deJRH7FjfAc4Eujwd477u7OHEiWjB4y9kMyW2fukJUm%2BlU4qI%2ByakaobvE0qVh5BO%2Fr8M5lhavAyCqC6XpvWI%2Bb5LoNrzb6CtUbvkvrPNoiIrMUML17AZdvyngEALfHCGPD8c9pkooAEQvdvjBaJgsPa5WZYIk0BGVKHdheg86re8jALQQkeRKnOHfw3jOWlffF3FSoSzwmWIjWFBViTw2R30uNxAqGE%2FpLEirY9KHhOEln%2F2AkxSrxpB5Pt9xJxFDzF1ON%2Fn6lfbsQb57n4c44AtI1aQNFeffwv%2BsIu4JL9i0UCZZJ04MCdg%3D&mm_sceneid=6_0_5157336262_0&a=xxc%3Dad_ztc%26mi_id%3D0000UzdYDgl-VUwE4D3FPtkMc7biJnyhbbBtQxs8mcf2cXI%26skuId%3D5789979483490&id=745205516644
959594875875,【官方正品】疯狂动物城2盲盒小夜灯尼克朱迪联名周边手办摆件,79.8,¥,券后价,ysr奕思瑞旗舰店,YSR奕思瑞旗舰店,回头客60万,500+人付款,湖南 长沙,包邮,单款概率:1/8 | 款式类型:端盒 | 出售状态:现货,https://g-search3.alicdn.com/img/bao/uploaded/i4/i1/923313079/O1CN01VUK1j31YcEbdrlFBw_!!4611686018427380663-0-item_pic.jpg,//detail.tmall.com/item.htm?id=959594875875&ns=1&abbucket=10&xxc=taobaoSearch&mi_id=0000KsVdZr1M6PAjpK1BRlCKui3pVdD_LJgZV8NvGSTEUmI&skuId=6010404853088
831117349069,蜡笔小新不想起床爬行发条玩具动感新生活盲盒潮玩可动潮玩手办,58,¥,券后价,胡镇毫,玩趣之家,回头客10万,3万+人付款,广东 汕头,"48小时内发, 包邮",,https://g-search3.alicdn.com/img/bao/uploaded/i4/i3/702871842/O1CN011bXcRC1PTgXY298d7_!!702871842.jpg,//item.taobao.com/item.htm?id=831117349069&ns=1&abbucket=10&xxc=taobaoSearch&mi_id=0000YF3f4B3x8NjRUNGPB49ni1mxI_mfMUmbM-90dPBNDJ0&skuId=6120330638246
1011925026788,2026新年砸金蛋礼物盲盒惊喜敲敲乐奖励奖品学生趣味儿童玩具礼盒,8,¥,券后价,蓝色的时光机4,广东童侣玩具礼品制造,5年老店,400+人付款,广东 潮州,"退货宝, 48小时内发, 包邮",适用年龄:3-14岁 | 适用场合:团建,https://g-search3.alicdn.com/img/bao/uploaded/i4/i3/1014628827/O1CN01oVL5D92F4pBvUzG3r_!!1014628827.jpg,//item.taobao.com/item.htm?id=1011925026788&ns=1&abbucket=10&xxc=taobaoSearch&mi_id=0000K1RHkxhvuRV-U044N61Q_CCQkPaa-rH1oRm8B8QtdaY&skuId=6179764870638
1011501843092,正版三小毛mini小动物挂件盲盒眼睛可转动少女学生日可爱公仔礼物,23.9,¥,券后价,tb251847528539,KOSMO潮玩,,23人付款,上海,"官方立减16元, 24小时内发, 包邮",款式类型:隐藏款 | 出售状态:现货,https://gw.alicdn.com/imgextra/O1CN01qY5ebp1kc1oXplAY0_!!2219612494703.jpg,http://click.simba.taobao.com/cc_im?p=%C3%A4%BA%D0&s=449098878&k=2393&e=izkPWlj2h8MjKHdWWEa63hhY5TgSZIgYA4aAHJAh5DofDX0JnmvaDXjYAd%2FQh4cKvTMks3W1lXGRnbAXMIumrJHyLAC8s3HSiBmy3pmCXFuqg%2FTXjNnOVV%2BFl87b42mmu3Nmgi7PObhQTSTeRCR6Ft%2Fpsb0CNhMwjDgN6iS4MTmsINw731fHp8HcRQZXlaHDyLKaAykUtHSBzlipqbCBNofpRTJG8TLelJI085holgiqU3D5r7T54bibhv%2Bv8DXgTroNZGfuGT1reBc82GPWlk%2BV5q55bNMsZukk5fSquyvLlDvRqgj7N1pAtFTT1NnfnWVrDSzg3jsGNizfdFj4jpMiG7PNScyqyr29NhB6k6OkTcMlcSUJs%2BX%2BZBEGOQhWTZdlwlhqtKnmITIahAmsSDWKEYlq9yMCIKTR595Qsyngopkvs2F8jPsQMk8ArLVwc8brcvnRo45R%2BYe%2Fml7Ws2NHGhipaNSL62yIzau3beGkP0N%2FyhaD5AHNA1DGo%2Bdu3PfNggGyDKdBciCKz3Q4qqeNOOlp8B31T9lSnF3VGlcJTw4d3B1sQznPgUsF%2FBEtLKMsNU1sCaoZGNPD0u0xrhWsKTjQmk46BUcG%2BT4Qk7E8kDCB3TY06s7Qy3aRsZV1DQJVOazgoms%2F9AUuWyIkyx7FyJVjRCnr%2FKAv8QLseO5LeZoUAAL0w2DpU5bETM7aLicd%2BRs47mdC07%2BleLa65vTRkrvsavNtGkl2P5lLGuXodhWTYdYSEulnhylbbSOAVnqPsq54obVhGz%2B3kIzvbb9pmN8kJ%2BRBtkyopEroEImRWkFAIvXrIDfOpKaVAHpFd2F6Dzqt7yNlc4p3vd4yMxO%2BF%2Fv3Nb%2BMlNO5WPFzzYnHZ2ARqOP7qePDiLzt88RMvsyR%2BgtOtaNd7C7Ucy1drhXdeuwWPb7fyU2xDgGtEtqlDgn%2Bd5J9VM0M3chFvFl2iXuKeCCgEzM%2FhDOmb7D3iWWLJurhcjNMp9sijy7JgEDc4buENa8G1OOe%2F7MdRnC0p74VNUBcKHN102ZOLjHi2gSsrinC3TZHmo8hn%2Bsb9cQ9%2FivcIrnVfcAX%2BDycIKZWRUQ%2BXvHCDhO4Ip95REHbYxxPXTurtU01ZR1mYeRcHQX0RIwpN920AkjXOQkGY2%2FLLpYD1witaY8R4PkX%2BY99hwjPjPwMDvPpVDbIPRTd6nPuIn%2FuhPCs1T2GG8LZxlDPYj0iZd4l173tFHTyrCqeDgCc%2Bl2WjCM1MFi3Qrsc6yPQZ%2B4V0ztATW1ZpQ%2B%2BSZQxcRt8Bl1D7JRNUalOTbzpFRw1ELJfdQaBPJAwgd02NOrO0Mt2kbGVdQ0CVTms4KJrP%2FQFLlsiJMsexciVY0Qp6%2FygL%2FEC7HjuuXvL17K5JCxVYCRUSzepx2z3qFa2gFU0iltXSJEedTVcWg2dgVcyH8WdWOId6alwkLvA5auomI7SYKCyWYTGdibc6VfxS%2BGEcqKWKv9mFCNveyLIcrBkk3TLMrdrRKFdpk%2FvzN5iWQaYDPg%2FgpEe8pQn4%2B1efvOLtBU6yK6qy9CHC5bbnieehGLpdLH5HnXaG5sRaStAVSQ5E%2Banb8sLo4hr3oT06b4PlcKRjZfq9rkNGtQCoViOm29P721QlIZlgEEY4xNmhKymjpy%2FXPgCgMyi2SbmopxSskQ1vw1jlzSvF%2F7R4vd84eW8qJ0tGeR2xUiN6Q%2B8Jfk2sftky%2BfmNrDFX6y1Hz8i066yHl5L%2B9BpVq2wZ0RS6uztYzCCB2OdYM7JBzOJlz9gOQ2Qv3SJJ6N2pJ27uz%2FzB4b9KFJPpmLDqkn8IR3%2Bjscxf4fV1zo4a1ZRNgkPXggKbXSpOJUM3qGP%2B1zVA%2FZwKP%2F%2B2MZ4xGnRg%2BfFKsjlGm8Ksoz6AnbFUACJC4ledf%2FfN9zcHuFEuiMZSI2%2BJRT3SKiVaR5gCtNr96X0c2Ndbhea9cIZ8C4BxcLqEQ%2B3lUNz45BZ1H7eve7%2FYrtIT3Y3DTJaW5UTsGDMFUbTAc29ngU6GmTbS0NKKQZr5z%2B3XiUR%2BxY3wHOBLo8HeO%2B7uzhxIloweMvZDMltn7pCVJvpVLSyQ%2FMSwVa%2FKVwDntE3YT%2FCgcRQQBpE5nH1ZrNZmHBKysoUe2uOuKILp5qdsyFYqvhYGIbuRkAmDCx4J422pUEcnKT77Kv2spUasLfuh61qvSpALXoXlcZVR%2BWm6B5znSlD8Dao79Pe1463CXdPAC75OpY%2FHcWYZ5XhkKqLDx2ss10uehQZnrDL76qeMluk%2B6gHDDAoJp13396Rc1NB%2FyX3n8xB3V7%2FSa8X%2FtHi93zhCJejIn3zfn3hONVUYliaUzmmj05oIr0K0mCgslmExnaCl4RDxLtfI2tHDiKrybhC5jeXVsvIE3kxr5BVnQP7FA%3D%3D&mm_sceneid=1_0_9787276849_0&a=xxc%3Dad_ztc%26mi_id%3D00006cfUkArPbiV4qwg4YCxrtu5gcqgPlYpB29kGvDsN2rg%26skuId%3D6180214098454&id=1011501843092
821023623507,正品若来Nanci囡茜幻想博物馆系列盲盒新款手办女孩礼物摆件,50,¥,首单价,ao潮玩盲盒店,丸子潮玩盲盒正品店,,1000+人付款,江苏 宿迁,"直降2元, 48小时内发, 包邮",出售状态:现货 | 系列类型:联名系列 | 品牌:手办 | 选购热点:淘公仔,https://g-search3.alicdn.com/img/bao/uploaded/i4/i3/2217220046072/O1CN01VvU9Mz1uj1t712f4p_!!2217220046072.jpg,//item.taobao.com/item.htm?id=821023623507&ns=1&abbucket=10&xxc=taobaoSearch&mi_id=00004OXqOFZiOxN1sKMq9gCAgcGeVY3-CpXDSm3A1OPlBt4&skuId=5528777664152
965030984824,Nusign纽赛乔古漫联名盲盒中性笔速干ST头按动中性笔学生考试刷题书写0.5mm黑笔高颜值签字笔joguman小恐龙,71.9,¥,券后价,nusign纽赛旗舰店,nusign纽赛旗舰店,回头客2万,1万+人付款,浙江 宁波,"退货宝, 包邮",墨水是否速干:是 | 笔芯颜色:黑色 | 风格:卡通 | 笔杆形状:三角杆 | 品牌:NUSIGN/纽赛 | 适用场景:签字,https://g-search3.alicdn.com/img/bao/uploaded/i4/i3/3900263045/O1CN01rptn2U1YMf8g4azel_!!4611686018427382405-0-item_pic.jpg,//detail.tmall.com/item.htm?id=965030984824&ns=1&abbucket=10&xxc=taobaoSearch&mi_id=0000m1U_oj16psw8T2HbDtg-tOg4bZEf4zwKOAP0pNaioTw&skuId=6054507463360
,,,,,,,,,,,,,
914711733810,星夜派对魔法师系列盲盒手办库洛米美乐蒂潮玩公仔摆件女生日礼物,12.9,¥,券后价,tba6516545,布可潮玩店,,1000+人付款,山东 菏泽,"官方立减12%, 淘金币已抵0.23元, 退货宝, 包邮",款式类型:端盒 | 出售状态:现货 | 系列类型:联名系列 | 选购热点:淘公仔,https://g-search2.alicdn.com/img/bao/uploaded/i4/i3/2216091995239/O1CN012yMVrm1oZW2Qm27iw_!!2216091995239.jpg,//item.taobao.com/item.htm?id=914711733810&ns=1&abbucket=10&xxc=taobaoSearch&mi_id=00009-X9WL7zwUWecK2J0oZ-ypKR_JJuvoX2l_ZnGcDOLbs&skuId=5947867979151
1005520664744,2026马年吉祥物盲盒小摆件办公室桌面装饰品新年公司年会伴手礼物,39.6,¥,,pherovan旗舰店,pherovan旗舰店,11年老店,1000+人付款,浙江 金华,"退货宝, 包邮",,https://g-search1.alicdn.com/img/bao/uploaded/i4/i2/2020808451/O1CN01dltpmQ2CIcGQoiVow_!!4611686018427385603-0-item_pic.jpg,//detail.tmall.com/item.htm?id=1005520664744&ns=1&abbucket=10&xxc=taobaoSearch&mi_id=0000VQ-gynOIO23m3g8cJ-yZx0DAiIQlmUSwPC1fvdXDfjw&skuId=5998013985752
750727692205,pvc盲盒公仔手办定制树脂摆件钥匙扣挂件订制潮卡通玩具来图定做,10,¥,,tb414848063066,致汇玩具定制,,82人付款,广东 东莞,公益宝贝,出售状态:定制 | 款式特点:静态 | 商品状态:预售,http://g.search1.alicdn.com/img/i1/5284505594/O1CN01AFYyW21rC6akp2j9Y_!!2-saturn_solar.png,http://click.simba.taobao.com/cc_im?p=%C3%A4%BA%D0&s=449098878&k=2177&e=tVwvW3H%2FbAIjKHdWWEa63hhY5TgSZIgYA4aAHJAh5DofDX0JnmvaDXjYAd%2FQh4cKvTMks3W1lXHK2rsdcB5sQLIPL8xXhJzWcL%2BLgZkndOmqg%2FTXjNnOVV%2BFl87b42mmu3Nmgi7PObhQTSTeRCR6Ft%2Fpsb0CNhMwjDgN6iS4MTmsINw731fHp8HcRQZXlaHDyLKaAykUtHSBzlipqbCBNofpRTJG8TLelJI085holgiqU3D5r7T54bibhv%2Bv8DXgTroNZGfuGT1reBc82GPWlk%2BV5q55bNMsZukk5fSquyvLlDvRqgj7N1pAtFTT1NnfnWVrDSzg3jsGNizfdFj4jpMiG7PNScyqyr29NhB6k6OkTcMlcSUJs%2BX%2BZBEGOQhWTZdlwlhqtKnmITIahAmsSDWKEYlq9yMCIKTR595Qsyngopkvs2F8jPsQMk8ArLVwc8brcvnRo45R%2BYe%2Fml7Ws2NHGhipaNSL62yIzau3beGkP0N%2FyhaD5AHNA1DGo%2Bdu3PfNggGyDKcTkh2HRKpnIyLbtKqv466Vz1wpOTp5XvrAqECd%2BBcTI75IrjkAbQv2n6%2Fjo2z1QlWFjJ%2FR7vWQKy9gLYBUESv4XC1zdIyncCNyQrvQ423NnKbZa3O6jGc27dB797qJBTzhmz%2BDSE5%2BQCrKe9sr2idszp%2FnzTRt3hJElUEpPIXGGtvaVIxnSuBDjpRixX2DuTs%2B8H0QJ4eRTYaa6d5JMhEBQXJyUhghgzPRnrwneVHljnEDKMxTih8xZMYUQXVfzo%2BfaKYf%2B2nXLfFuEKxxiPCLWt7S7i2kexAEk9GDR%2F7pe59oph%2F7adct5tQ2QvcygJshK2gn0cYfmhWlLvqrUK3lVmWCJNARlSh3YXoPOq3vIwC0EJHkSpzh38N4zlpX3xdxUqEs8JliI3SzWOposVzALpW%2F3gD0wHm3RosSQNd8R4FaefeXo9%2FG4VtwYXYw%2BEzSq8ta%2FnjWnDyFp%2Bd3RGCywbw8I1nAfckE3QAlRSmfKPV2vetIi9bWc7BPMwSA3lJcgSMsSRjhNdhkUoImjmAJTP5iA5PZDnDzxrYCUNbPYXZzTqv0%2BX3AzZFdbGr3jCh2XvPp1D%2BK5h6khBH%2Bkyto%2BP5Q%2B7e7YX2Wp4a1ML%2B7AtWnloQMnZDG0E4uZvVaIqBQphW0BGo26nYKx%2BWKZJvM9dNcgwwSuWawrDrAGRzBunamFeBWD0Z5d3lsV%2FnN6TWDTq1%2Fo8su4cqzn0VvTyEUckK70ONtzZym2WtzuoxnNu3Qe%2Fe6iQU84Zs%2Fg0hOfkAqynvbK9onbJANBEDNtG197cb2jMn5L%2B4PIbhKMS7Ul9aHY%2BHQr93qqfCee68hsAhs96hWtoBVNIpbV0iRHnU1OtbvCnl5uSxrozdACCROeoMbnovqFhJEdaMQWcK9LiMVEDfGt6sqH%2F%2BsIu4JL9i0MoxCrSwlIBZjqSajNs%2Bq0w3ZmypccqhiP0zeavFxzMAhSWyFsRftw%2F8WtKeSDwfKTVGpTk286RUnSLDev8CFkiFJbIWxF%2B3D1c9hXnOsBWe1QOS7xGRk2AEAydOiSoQQHtLWXVbP9%2BT60MTMGFfCKP8VNwiRGaJZSsKbdjKQr24R9r%2FvnPqNXR0PZnVLqOabOluaGr%2Fvf0qrufRFUgyp69af%2BYSHLWISlcM6D0%2FBx7YyxWCxGJp3OkMex6Je4BQfDxx5%2BRCpyuHTr11A0TF%2F2nagPBetduN2X%2Fx4rzBbQZea8wOMLQ%2BUeYyzGzk2HZ7KwbGGks12xIvYZL6uMlRgWTN9TzMQsmXHFdUnW7Izt%2B7au6%2BPitOD0%2BYQ110wLYfm2ExPVJQpnMRa6e8Ykj9dCdl5dbDIFfdnqSxuY7cwDw2hjVzcoTwXSGW0AEFcACG8o3EzfYukoEqLFzyr4%2Fjkam4YVuOq%2BJgjZx2BNkSvySCfaKYf%2B2nXLSm6lh1yCHc%2B1pxq4VXZ6aOT5aKpdHEk22zEMqX1AEflmc3KSpgwWk0M2Tx8aoPApXpyxExBmB7UdqRRT28%2BMRHvtARTRoz%2FQahtTsBQQ5AhaJARecYSYSTkQsxVAK3IiqxCdV8sQhYQLwmasoaYZMUhSWyFsRftw%2B9SrhH15rmZ3LoQ28HIFRLajKlheO8ikJbSZkg0%2FUd5a9UCrKSVcE5csdzVyLUqC5HoNsrk7f1x&mm_sceneid=6_0_5284505594_0&a=xxc%3Dad_ztc%26mi_id%3D0000ENidByfrdQOyTkWpxQM4TZIC0UblsvsK-iYZmJwqW-U%26skuId%3D5595617452318&id=750727692205
968535642562,线条小狗的旅行日记盲盒手办潮玩桌面摆件可爱公仔玩具生日礼物,7.58,¥,,帅哈密,球球的手办日记,,200+人付款,浙江 金华,"48小时内发, 包邮",款式类型:端盒 | 出售状态:现货,https://g-search2.alicdn.com/img/bao/uploaded/i4/i4/2211523053114/O1CN01EDLcSf1YsGSjlk8pV_!!2211523053114.jpg,//item.taobao.com/item.htm?id=968535642562&ns=1&abbucket=10&xxc=taobaoSearch&mi_id=0000-NiWig_NyM8MXR4St_SUGeAhgQg6uGRwTjkZd3JRGek&skuId=6004080673181
941493179099,帝王国玺皇帝传国玉玺秦始皇挖掘考古玩具文创盲盒印章儿童印泥男,9.8,¥,券后价,乐创宝贝旗舰店,乐创宝贝旗舰店,,1000+人付款,广东 潮州,"官方立减12%, 48小时内发, 包邮",,https://gw.alicdn.com/imgextra/O1CN017ReW291UCo6JpRC2a_!!4611686018427381682-0-item_pic.jpg,//detail.tmall.com/item.htm?id=941493179099&ns=1&abbucket=10&xxc=taobaoSearch&mi_id=0000Qx9gaN7HC2C0WD9d12lSocYHdnKBR7CNinZJJ7ccUBc&skuId=6008129646839
890262357642,奖励玩偶积木盲盒礼物公仔儿童创意益智玩具小礼品小学生班级奖品,15.2,¥,券后价,章华健,健创玩具,9年老店,1万+人付款,浙江 金华,"新品, 48小时内发, 包邮, 公益宝贝",适用人群:儿童 | 适用节日:节日通用 | 包装种类:礼盒装 | 风格:卡通,https://g-search1.alicdn.com/img/bao/uploaded/i4/i4/712012162/O1CN01iPERcT1RqFKSeH1hL_!!712012162.jpg,//item.taobao.com/item.htm?id=890262357642&ns=1&abbucket=10&xxc=taobaoSearch&mi_id=0000Si7pofXbEecgZm9hVkJwr_vQ1nWCosK0phvqLrzj0Ec&skuId=5903656623436
975467625400,寻年Hello Kitty凯蒂猫三丽鸥盲盒摆件公仔玩偶女生儿童手办礼物,121,¥,券后价,寻年旗舰店,寻年旗舰店,,53人付款,浙江 丽水,"超级立减10%, 包邮",,http://g.search2.alicdn.com/img/i2/4669204286/O1CN01lPIP791hX2e5MXwe4_!!4611686018427381566-0-saturn_solar.jpg,http://click.simba.taobao.com/cc_im?p=%C3%A4%BA%D0&s=449098878&k=2393&e=rk%2FioQiU6VMjKHdWWEa63hhY5TgSZIgYA4aAHJAh5DofDX0JnmvaDXjYAd%2FQh4cKvTMks3W1lXHNFTXKqggWlP0PVsAeFvklllJcZgtd6Luqg%2FTXjNnOVV%2BFl87b42mmu3Nmgi7PObhQTSTeRCR6Ft%2Fpsb0CNhMwjDgN6iS4MTmsINw731fHp8HcRQZXlaHDyLKaAykUtHSBzlipqbCBNofpRTJG8TLelJI085holgiqU3D5r7T54bibhv%2Bv8DXgTroNZGfuGT1reBc82GPWlk%2BV5q55bNMsZukk5fSquyvLlDvRqgj7N1pAtFTT1NnfnWVrDSzg3jsGNizfdFj4jpMiG7PNScyqyr29NhB6k6OkTcMlcSUJs%2BX%2BZBEGOQhWTZdlwlhqtKnmITIahAmsSDWKEYlq9yMCIKTR595Qsyngopkvs2F8jPsQMk8ArLVwc8brcvnRo45R%2BYe%2Fml7Ws2NHGhipaNSL62yIzau3beGkP0N%2FyhaD5AHNA1DGo%2Bdu3PfNggGyDKeUH1LmHt0WBU40csLhm6tCAUIrg%2FHJynmm0uPE29v7pE7Y%2B2wmqbTDBtWnsaR9O8PSozk%2BrbjBO%2FEeTW0xgGAtvvZlpCeEh%2BSJeVcPHalUbjaB7VyV1t57BJiV%2BsYPPPWqFu93wa%2B%2Fn62hz%2Fl65nPhl3nIyMujGxUWjU4nSln0l3vMbpmYlTzfx08LMHG35hkWUsNC30QhXvTRkrvsavNtGkl2P5lLGuUwxi5jwlVqTx72yzXUFgNZXYbwZhfX2O5EqhIaZSft4lWBOTvyu260IWD5MzlXdUs8GH6RcCNrqu15WGyrJokxloViLGXw1AQKebLV7BmPNNsRBHKEGPA51GvgxI5YH48Wo04Ppq4%2FvozujwH2XnAucY3qADcntWl5g0JcQewqpqGP%2B1zVA%2FZwo4MBxVfhiYjbeHqVrQ7YkkRwf2F5xztdZLkNLZJswEBYlGi4iGpW3TIQzNh0Xo8XHND%2FH%2FLANIzHKgsiO89qMkJENf4YTMEDuxlx3d5VfO4e3jIUW%2Bb7%2FnwMgbzT014EUF3SAQuAQBXXwjatXl%2BB0Vw5bXdfWlqEoIDoQPP8ddHW1nxFe1plvOLtRUksdSiz7iJbJ9gFM02fN%2FlqsIiGYEqkPbv70MgtHCZzmjgJrj1ktFjca7f6KkhuSlM1LB%2FXCrQuFPPJGtqkAnajSsQyXES7mDgwyvYTPMj%2BNuh6EHEPXQJAO8Qwx5OX8muIBJmzItjbupkuGw0pffh%2Ft0MLuMJV4riAmd5uQbF0IF06RXzqvxpGQ58%2BNLgy9clWa%2FPEyCsy5ktDH1Sd%2F%2FHZFsupcec8bpE2MAX26vr0fkJYXsJ7eFXHtWRNdt1DYwt26YbMMhPVAnddFfNYT%2FZT0uRIAicX5yo3yFCmEJy4pCiC9bBO2PtsJqm0w4S%2FIlTJ%2Bo1NXO9RQldM5sGt%2B%2B1Zis2E651xXxOlRf1IXLHc1ci1KgvhWoUhQ35GpPUnZ6D9h62aZEZ3AoV6m4Awha%2F0G5poOWVyNdStJMBv4fNWYG28FDiEONgwEsRdCB4wjMX3IA4M%2B57hbCIZYm5xN7tY%2FPXxwEbo7UZ8akuKuzY2SUHOQE7y8n8EtDoWiQyrTfPC7%2FBYkGDlX2lOm3VNUalOTbzpFXgE0OizzBk5DKtN88Lv8FhuXSnYlOxjN7VA5LvEZGTYAQDJ06JKhBAe0tZdVs%2F35PrQxMwYV8Io%2FxU3CJEZollKwpt2MpCvbhH2v%2B%2Bc%2Bo1d3ROsJJ96h82GaCYkfPotT6u59EVSDKnrWkMoYkKCQ2RXkDl3fXuHCrxQXInDdln%2FeTB4Q%2FfUQ1Cie%2FIQoOmbQfQr6KJd9FVpIdkHbpolt7zv3PGqN1ggCF%2F8eK8wW0GXmvMDjC0PlHkGZnnD%2BUgzLuYoZv%2FyqcbYHgrWnPoif3e9fkWepFp20Rea9cIZ8C4B0AZDoEbGOSMEhVZZAQvEve7%2FYrtIT3Y3DTJaW5UTsGDMFUbTAc29ngU6GmTbS0NKKQZr5z%2B3XiUR%2BxY3wHOBLo8HeO%2B7uzhxIloweMvZDMltn7pCVJvpVLSyQ%2FMSwVa%2FKVwDntE3YT%2FCgcRQQBpE5iBYP0AG8t2%2FWGG7j%2BdBIXILp5qdsyFYqvhYGIbuRkAm3F6pfryjvZRwF7k0pDS2FJUasLfuh61qvSpALXoXlcZVR%2BWm6B5znSlD8Dao79Pe1463CXdPAC75OpY%2FHcWYZ5XhkKqLDx2ss10uehQZnrDL76qeMluk%2B6gHDDAoJp13HND%2FH%2FLANIyTIQl8WYcohnysNtvRIajVejOohoRy31yWqngZ3LUF21Trd1wguKbgznwVUUojLcK8laXZ1ULiMmvVAqyklXBOXLHc1ci1KguR6DbK5O39cQ%3D%3D&mm_sceneid=1_0_4669204286_0&a=xxc%3Dad_ztc%26mi_id%3D0000ZbmuJSCOBDpZRbEzm3sZqyEFgxjb6n1kolobFe8HKQk%26skuId%3D6093794390714&id=975467625400
956425394834,【阿嚏嚏】奶芙芙泡泡黄油小熊盲盒植绒款周边桌面摆件女生日礼物,168,¥,券后价,tb531202471815,阿嚏嚏的店,,800+人付款,广东 深圳,"官方立减12%, 48小时内发, 包邮",,https://g-search3.alicdn.com/img/bao/uploaded/i4/i1/2217728476991/O1CN01GgMxKl21VvvPIuvpO_!!2217728476991.jpg,//item.taobao.com/item.htm?id=956425394834&ns=1&abbucket=10&xxc=taobaoSearch&mi_id=0000hbQ_qGIAqVA01oiabSZZNQ-k8_l7GEsMkE38TcqhbvM&skuId=5695758861679
907876237346,哪咤积木盲盒小学生奖励创意实用奖品开学儿童生日伴手儿童礼物,5.8,¥,,玩具库1688,懒鱼积木玩具,回头客1万,1万+人付款,湖南 长沙,"48小时内发, 包邮",适用人群:儿童 | 适用节日:儿童节 | 包装种类:盒装 | 风格:国潮,https://g-search2.alicdn.com/img/bao/uploaded/i4/i2/2314828969/O1CN01TZuBnF2G7rQeesPm4_!!2314828969.jpg,//item.taobao.com/item.htm?id=907876237346&ns=1&abbucket=10&xxc=taobaoSearch&mi_id=0000ndqUaupuMMS5qBXug4CsAlpKqLDjHKR1-DkCHM3W7Ck&skuId=5934733002314
860418582581,卡通神仙助我毛绒冰箱贴盲袋可爱财神月老Q版周边玩具礼物盲盒,14.8,¥,,520sng,TOY STUDIO,回头客1万,600+人付款,浙江 杭州,"店铺满59减2, 48小时内发, 包邮, 公益宝贝",,https://g-search2.alicdn.com/img/bao/uploaded/i4/i2/1756530580/O1CN01YDHYJo1G9gjhOWmJM_!!1756530580.jpg,//item.taobao.com/item.htm?id=860418582581&ns=1&abbucket=10&xxc=taobaoSearch&mi_id=0000m2TEqpiy5w-7-ot1AMHa6WSt5bgpjmKPHK3LKb6DxwY&skuId=5677998757450
962693942862,疯狂扭蛋机2026新款盲盒5朱迪尼克4玩偶3-8岁男女孩新年礼物盒9,138,¥,券后价,淘气松鼠宝旗舰店,淘气松鼠宝旗舰店,,300+人付款,广东 汕头,"官方立减12%, 24小时内发, 退货宝, 包邮",适用人群:女生 | 场景类型:开学礼物 | 货品分类:3C玩具礼盒 | 适用节日:圣诞节 | 包装种类:盒装 | 风格:奶油风 | 产品名称:疯狂扭蛋机 | 修饰词:动物城扭蛋,https://g-search1.alicdn.com/img/bao/uploaded/i4/i3/2218670105056/O1CN01kQH1dc1nDhcOQwbuf_!!4611686018427380192-0-item_pic.jpg,//detail.tmall.com/item.htm?id=962693942862&ns=1&abbucket=10&xxc=taobaoSearch&mi_id=0000LGG8Oi0Q6X6m8mQCyJ9RUBJ6JnP5xSHOdfauH97WDZI&skuId=6153045142617
805639157017,DODOSUGAR nami浮游山海潮玩盲盒桌面摆件网红爆款盲盒礼物女生,56.7,¥,首单价,dodosugar潮玩旗舰店,DODOSUGAR潮玩旗舰店,回头客2万,5000+人付款,浙江 丽水,"官方立减12%, 直降4元, 热销爆款,  6期, 退货宝, 包邮",款式类型:端盒 | 出售状态:现货 | 品牌:DODO SUGAR,http://g.search3.alicdn.com/img/i3/5433277087/O1CN01tGpdkq22DtwkVghwD_!!4611686018427386527-0-saturn_solar.jpg,http://click.simba.taobao.com/cc_im?p=%C3%A4%BA%D0&s=449098878&k=2489&e=LSYALLUlNjAjKHdWWEa63hhY5TgSZIgYA4aAHJAh5DofDX0JnmvaDXjYAd%2FQh4cKvTMks3W1lXHyYJaMSLSu%2Fz3nNe%2FECoVzhf4TlqJ%2Brbuqg%2FTXjNnOVV%2BFl87b42mmu3Nmgi7PObhQTSTeRCR6Ft%2Fpsb0CNhMwjDgN6iS4MTmsINw731fHp8HcRQZXlaHDyLKaAykUtHSBzlipqbCBNofpRTJG8TLelJI085holgiqU3D5r7T54bibhv%2Bv8DXgTroNZGfuGT1reBc82GPWlk%2BV5q55bNMsZukk5fSquyvLlDvRqgj7N1pAtFTT1NnfnWVrDSzg3jsGNizfdFj4jpMiG7PNScyqyr29NhB6k6OkTcMlcSUJs%2BX%2BZBEGOQhWTZdlwlhqtKnmITIahAmsSDWKEYlq9yMCIKTR595Qsyngopkvs2F8jPsQMk8ArLVwc8brcvnRo45R%2BYe%2Fml7Ws2NHGhipaNSL62yIzau3beGkP0N%2FyhaD5AHNA1DGo%2Bdu3PfNggGyDKdsLeR5988FBfC5CQSM4%2BDEzTqnku%2BofUtLq3vOC0FlJGLY57qH4ymZBQmIw%2BZsaEjc4Ba6iaU5JYJHA4IJVo%2FqKWxCaccxL%2BK4BdkY2czFNQgfJY2bgcmy0SHANt%2Flfl1aMZ0yzP0hx2BBNA14I50fZnUMZjWqX%2FgWjU4nSln0l3vMbpmYlTzfx08LMHG35hkWUsNC30QhXvTRkrvsavNtGkl2P5lLGuW0jgThV0dfRle7lm0DdhSnnNvMfE6Imuc%2FweXKX5%2FfgTxQ3tEkVpTktQ%2BJUN6%2BZqz1MUBQo2TWSZZzUa%2BZ3csB%2FKOtIQjkAM6VGrC37oetaoLWi8j8zg1MVUflpugec50pQ%2FA2qO%2FT3teOtwl3TwAu%2B4s5%2BrRN9zVnHQBGin1mD7NdLnoUGZ6wBMdnIXiWAJxu2%2FeczVzBWBuc690mvg5FgfwEBkGDeQQA%2B6AgJnv863t3Da4NBMzxMoxnW6YI8kVaMZ0yzP0hx2fzpzq49DQI6TNaWgwS74V0ETBnUaVQ5OOVWDSuftkWxa%2BE6FBm9u9K31C03WX4Wc6xM9VwpZZFjfX8W41wwr9NtTcFeJzg1EMgkBgzdmSGVgGzKlIN89El3uteQRF3HPR%2FC%2Bhqp9w4GQkQttEikgRMld8D%2FFqWhr2it6z4iP1lVtALxFhC%2B6Uw%2FlWDguXqOpvX37RLEbgH9dNcgwwSuWaCNGso6uibg7lmTsaEZoNBelYLu1Q6dvT%2F0fYGZJfX5INOrX%2Bjyy7hTUzpSXUH6hH%2BqgX%2BfwkaYIuwBl2rj7qhr%2FClluI1VmuOPJ5sEtAKrCb8YG5VEnlIz4pSom1D8nGNXCDeM9JIBZQpb3RRRo4hy9KYkQf01SCANOuLsUvTudE9XiYmQ5c%2FwEF%2FVzIe79cAlZ7ZNtXTIze02qu%2F2L8KjqgcjGPr6djmN5dWy8gTefxySOEuWgTGTYpT4rLA1XaUmxYHEX0jTVtMNf%2FtUV8BCSixdH67olT3BFYBq1pKDr9fd3FPWEBhATbcEB2G91jk%2FtFn8wgzS19%2BSFaA%2FKGuqdG%2FUUSKlJuAz1%2BnOhXCvFvnLHfTY%2BYS0iHb3qMAFT8nHdVgxzerrvC5CQSM4%2BDEojBBQNb0B6N%2F3dHFTOIjh%2B%2F4C9hwxuff8LkJBIzj4MTdPjt9ZhCOZl%2BFl87b42mmf2LNXF3ze2N228KjlNjTc8V9%2FeDBDHetOZCfyAKCIMTYpBy%2BTsk45jgwUwIBtlu1hrICzSIKf6YuCz%2F0RNHsbbe7GbR5MVYU6qZg2ZzcfFTdErJP%2BL2RdNdO8SoKrBuYUdBIUUK5qSHGpjH3O6BilTb1uxKAn5rLnH6C5Ye1hwn0Yy4hRVzDRjGDUOPHNo6hDzLQBmdUlccyv4eq2yvE0XTx7diq%2FfuZ5tdWE%2BA1JgHbeHqVrQ7Ykvz4oGLdCn5ZhrICzSIKf6YLVwFPDB%2BLDQAHJpqvWmrEhLV9N4B3oW8Ni1RJ7lm8Mtx%2BMscz5jDQStDywtCLluLqFWSg1SVJlh4K1pz6In93AW7hfMONs6yqXbJTZQc9yEqv5FbsAMfRt8QtYYcbidfYTE9UlCmcxFrp7xiSP10J2Xl1sMgV92epLG5jtzAPDaGNXNyhPBdIZbQAQVwAIbyjcTN9i6SgSosXPKvj%2BORq%2F5EUFykM5OHihnT6HPQuzVp93S%2Bzi67QX%2BCgzfdC3xhqReln3j54lFyFv9lgcpBJxHO9147tvJpApckbKRn%2FmMz96WEDJ8iYHBOngQGIVXOHYdzvew6%2BshUsiQRVILShZq7O%2F%2F3aDUWJV8hIe5A119%2FWzkvMIbPdzYdf%2Bf5Fwhaie%2FIQoOmbQfZOV0ph0p2K2R0HwUUfwd%2B0jgThV0dfRutxeHVZDQ3Ujeup6iAxXqZogjwK8tPZkA2gO8tqBf04ydJpcY3kBoKutXGKHa6kNS0xMhwGSY%2BJWaYOzTecuTEgXuwtK0Rbag%3D%3D&mm_sceneid=0_0_5433277087_0&a=xxc%3Dad_ztc%26mi_id%3D0000bIDfzY8Vi7hbl04ldFdWaHyj4bYgacrms1wE2f5-XyA%26skuId%3D5478432428557&id=805639157017
989010266224,奖励学生积木盲盒奖品礼物公仔儿童玩具小礼品小学生班级积分兑换,9.9,¥,,小时候文具礼品店,淘乐乐文具礼品营销店,回头客1万,3000+人付款,浙江 金华,"48小时内发, 包邮",适用人群:儿童 | 货品分类:拼插玩具/摆件 | 适用节日:节日通用 | 包装种类:盒装,https://g-search3.alicdn.com/img/bao/uploaded/i4/i4/2215405732671/O1CN0143beRE1VbN01rvFPT_!!4611686018427380543-0-item_pic.jpg,//item.taobao.com/item.htm?id=989010266224&ns=1&abbucket=10&xxc=taobaoSearch&mi_id=0000ScRENxB5NO5TpcuKSMsnZ7IChU2s5feMaiwS_njOLoo&skuId=5956869873503
1015424681391,2026新款盲盒YOYO酱左右酱萌趣歪头可爱潮玩摆件桌面公仔,6.8,¥,,tb237823819237,模玩侠,,100+人付款,广东 汕头,包邮,出售状态:现货 | 系列类型:联名系列,https://g-search3.alicdn.com/img/bao/uploaded/i4/i2/2221541519630/O1CN01g8NLvk2L0bETdbKUE_!!2221541519630.jpg,//item.taobao.com/item.htm?id=1015424681391&ns=1&abbucket=10&xxc=taobaoSearch&mi_id=0000gsazeqx20QqdddVbiENqmyD_nYCbVp56D6aGFYKz0kc&skuId=6021490617892
1013129177544,全套123星星人手办盲盒大号公仔可爱桌面摆件生日玩具送人礼物,41.6,¥,券后价,tb302471389344,元气潮玩馆,,100+人付款,浙江 金华,"官方立减12%, 淘金币已抵0.47元, 退货宝, 48小时内发, 包邮, 公益宝贝",款式类型:隐藏款 | 出售状态:现货 | 系列类型:联名系列,https://g-search3.alicdn.com/img/bao/uploaded/i4/i4/2221021816830/O1CN01NnF4dt20KCFLtwGx1_!!2221021816830.jpg,//item.taobao.com/item.htm?id=1013129177544&ns=1&abbucket=10&xxc=taobaoSearch&mi_id=0000Fq7L0BrPefAFl2Z-Ol8SVO-W6uXmt0FWo20Rf2MAtqY&skuId=6180418690865
964794702222,想要经典收藏就选这款潮玩盲盒9个装全套,15.6,¥,券后价,a448426707,潮玩星球盲盒,12年老店,23人付款,浙江 金华,"官方立减12%, 淘金币已抵1元, 退货宝, 包邮, 公益宝贝",款式类型:隐藏款 | 出售状态:现货,https://img.alicdn.com/imgextra/jz3_1/806250813/O1CN01jOlawh1HsP7bfYDn4_!!806250813-2-alimamacc.png,http://click.simba.taobao.com/cc_im?p=%C3%A4%BA%D0&s=449098878&k=2413&e=zcJwOzON%2BAQjKHdWWEa63hhY5TgSZIgYA4aAHJAh5DofDX0JnmvaDXjYAd%2FQh4cKvTMks3W1lXEHIeF8OPxFLmJ7RGB%2BSZmv%2B6iJdmdiGupl7qY62oBQhV%2BFl87b42mmu3Nmgi7PObhQTSTeRCR6Ft%2Fpsb0CNhMwjDgN6iS4MTmsINw731fHp8HcRQZXlaHDyLKaAykUtHSBzlipqbCBNofpRTJG8TLelJI085holgiqU3D5r7T54bibhv%2Bv8DXgTroNZGfuGT1reBc82GPWlk%2BV5q55bNMsZukk5fSquyvLlDvRqgj7N1pAtFTT1NnfnWVrDSzg3jsGNizfdFj4jpMiG7PNScyqyr29NhB6k6OkTcMlcSUJs%2BX%2BZBEGOQhWTZdlwlhqtKnmITIahAmsSDWKEYlq9yMCIKTR595Qsyngopkvs2F8jPsQMk8ArLVwc8brcvnRo45R%2BYe%2Fml7WsxdRIZVmq7I914M2nLAz4QT4Obvl%2FBySkfJXbnE0%2Ftno62yIzau3beGkP0N%2FyhaD5AHNA1DGo%2Bdu3PfNggGyDKdBciCKz3Q4qrlfCiqlyNEElaK6QZ%2FwcD8NXMRFAFM1zkdpzCrJH71Kajbfob4Dm%2Fu16jMfs5UUaWon0sIeIUqiKiAEZ9RkmEFjVSpAhCVuzuZ%2B7K0qVSRliUWbirPlxMwWF6AW4peq%2FnBpLpeWyOQxeH3Bdacx%2Bbawz%2BOrzWyE0USVQSk8hcYa29pUjGdK4EOOlGLFfYO5Oz7wfRAnh5FNhprp3kkyEQFkIWuPVhOnZE2vqrhRPrgm5jZC%2B6Zles2XkNlcY%2BXApkKgERmoglKP3ci6oFLpm4PyM1vU8SBI%2F8w1Y%2FCSUZHfqG1OwFBDkCGXNyWlTEWk4lDSXpff4W2QIvq%2F%2BBKaXx%2BY3EA2TuvNSBepjvpxQ7oGRpzQkmMLqGoAg3zvwma%2BSAuWEoMzY79gonvyEKDpm0H%2FZSRDTczPBF7kofy7w%2BkaSArkSl04tboPTMtN231H2Bs18LiSALuDyAznua%2BBQrPSq8ta%2FnjWnIUoeogzTBq8o2nsI8MzVaK%2Fw1iRMJ3cLLLO%2Bvdwyul%2B9Xa960iL1tZzsE8zBIDeUpO8ayC5Vfyi2GRSgiaOYAlM%2FmIDk9kOcPPGtgJQ1s9hdnNOq%2FT5fcDNkV1saveMKHZe8%2BnUP4rmHqSEEf6TK2j4%2FlD7t7thfZanhrUwv7sC1aeWhAydkMbQTi5m9VoioNOhUWsP4IeS1d2eTdUubuAG6uutFxXuK4LamrIl0KncjP7DRYfbr8SuPOZy7Ve%2B6tmHdMH%2FeOzruw27H0p%2Fzrh8blgHvAT9xVswSiS%2BvNxyteozH7OVFGlHacwqyR%2B9SgPDWNkq9uMMDVzERQBTNc5qJ9LCHiFKojdPN8n8f9gLlZc4rWO2OByGFRUesLN4lcvSmJEH9NUggDTri7FL07lwWEGFCkVMDJ063IuvdHkRX0PqyLlOcJsPTgJPFSSyho6oHIxj6%2BnY5jeXVsvIE3n8ckjhLloExoUBbd%2BpsCTGv4HEm21SliRbTDX%2F7VFfAfoYwtyIxg5pCjMtLj1TKonHFYndQRF0n%2BKvp26egnWn4oTly2ZYg1VJeNflMV8M%2FpmftwjPgVKDg3mUrcequPCrknJ%2FCffjPrlfCiqlyNEEMFDcZMRwrrpsUBEy8PtU38c70Kvyx%2BosXuSh%2FLvD6RoHiSn88M79gT%2Fdkf5Qs9Kk%2Fu2nbqFdFBXR%2Fnigv4R8ru9X3%2B2rzu5BUCOFkbXuCbYufx2rQPBRn%2BSBzI6NTo0SwjZ9nwhrkWSjdqSdu7s%2F8weG%2FShST6Ziq%2BN2bckz7vmaYMi9OsNL%2F2RqGgzB9E%2FMCm10qTiVDN6hj%2Ftc1QP2cKSgi6oO1kL%2BwjZ9nwhrkWQto8n7GCemd7e7GbR5MVYUMis5NdT0VgrQ4swgH1HwuqhwhczjbwfpUEQXx9AXmgblPntfSg3TrMOh0%2FclcmSzShTYOjlWB4I4BsG9e%2FkLSdkPoA4hOQ2AE1pY%2BMid1iC5%2Futu15FUGmHsZYaIU%2B79VMKHeiyxElQd%2FA36NM5bwANtxxK60SpftDbbvp4S7kQnF%2BcqN8hQpgBkhML9jW9hqqOnGS7HDzCzNolZo5DVc380neGfYlKiKIPQBW3wvQXyM1vU8SBI%2F8w1Y%2FCSUZHfqG1OwFBDkCGXNyWlTEWk4lDSXpff4W2QIvq%2F%2BBKaXx%2BY3EA2TuvNSBepjvpxQ7oGRpzQkmMLqGoAg3zvwma%2BSAuWEoMzY79gonvyEKDpm0GFh%2FX%2FTyjk88GtPUYZMGG0XuSh%2FLvD6RpICuRKXTi1uqU8aXb%2BYHreJz9r%2BqbpagnSiMSp1nDUMppSe8QynjSqWVGi%2F%2BJ5TtpyopYq%2F2YUI297IshysGSTaHlNd4VPaPk%3D&mm_sceneid=1_0_30830287_0&a=xxc%3Dad_ztc%26mi_id%3D0000B6gK3mQygWKgM1YNMsWkjromajYRkvMCTJYzTwE0JN8%26skuId%3D5988409737694&id=964794702222
871382434401,正版三丽鸥奶茶杯系列盲盒光动乐潮玩创意可爱女生生日礼物手办,19,¥,,tb6327804471,Do米乐潮玩盲盒店,,1000+人付款,广东 汕头,"48小时内发, 包邮, 公益宝贝",款式类型:端盒 | 出售状态:现货 | 系列类型:联名系列 | 品牌:萌趣馆,https://g-search3.alicdn.com/img/bao/uploaded/i4/i2/2218832086022/O1CN01z5xL1l1uM8AmtTdCi_!!2218832086022.jpg,//item.taobao.com/item.htm?id=871382434401&ns=1&abbucket=10&xxc=taobaoSearch&mi_id=0000WrreGWeqHUB5CphuuT6EO0FWYf92FHsALLodu_QeXgU&skuId=5989004394443
947211481360,迷你夜光小动物盲袋盲盒奖品小学生奖励礼物幼儿园礼品伴手礼玩具,3.2,¥,,来玛旗舰店,来玛旗舰店,,1万+人付款,浙江 金华,"退货宝, 包邮",,https://g-search2.alicdn.com/img/bao/uploaded/i4/i3/2219609279992/O1CN01f8rFIH2NgOYhWi8OH_!!4611686018427383288-0-item_pic.jpg,//detail.tmall.com/item.htm?id=947211481360&ns=1&abbucket=10&xxc=taobaoSearch&mi_id=0000qehsciMCzSDRrmMtodh-FK9apMs9CF8cLpGTIVnlTUk&skuId=6021671935883
964662237357,马年新款抽签红包2026盲盒抽奖幸运签公司团建活动游戏抽签利是封,4.9,¥,券后价,tb474777246115,启明家居日用百货商城,回头客100万,3000+人付款,浙江 金华,"店铺满68减5, 48小时内发, 包邮",封面材质:铜版纸 | 风格:喜庆风 | 商品类型:异形红包 | 装饰元素:烫金 | 包装方式:12个装 | 适用场景:节日通用 | 封口类型:插舌式,https://g-search3.alicdn.com/img/bao/uploaded/i4/i1/2216907268244/O1CN01WrIo4P2AloHexWE5h_!!2216907268244.png,//item.taobao.com/item.htm?id=964662237357&ns=1&abbucket=10&xxc=taobaoSearch&mi_id=0000k978KeLeulpmuXoBX15YXNIxDMA2iiDoukwNtIwC3HM&skuId=6180706994540
982772549864,拉布布盲盒礼物小朋友奖励奖品幼儿园生日伴手礼公仔玩偶小礼品,9.9,¥,券后价,a463582291,乐同学文具礼品店,6年老店,9000+人付款,浙江 金华,"48小时内发, 包邮",适用人群:儿童 | 场景类型:开学礼物 | 货品分类:文具礼盒 | 适用节日:儿童节 | 包装种类:盒装 | 风格:现代简约 | 产品名称:植绒卡通公仔 | 修饰词:简约,https://g-search2.alicdn.com/img/bao/uploaded/i4/i4/2344831674/O1CN01qxNRTw1OEk6mtqhYY_!!2344831674.jpg,//item.taobao.com/item.htm?id=982772549864&ns=1&abbucket=10&xxc=taobaoSearch&mi_id=0000m2Y42WJtkeerHaTHRQR4XM6TF8BxcUe2NE1z7C0c2LI&skuId=5941491868875
977803988448,盲盒公仔定制手办树脂工艺品订制钥匙扣挂件手机支架来图定做logo,4.4,¥,券后价,tb788942694259,广东趣萌工艺品定制,,32人付款,广东 中山,官方立减12%,,http://g.search.alicdn.com/img/i4/9308542502/O1CN016a9r0V1ULy3MTouiO_!!4611686018427385382-0-saturn_solar.jpg,http://click.simba.taobao.com/cc_im?p=%C3%A4%BA%D0&s=1938818338&k=2381&e=pmDgDKRSW8Dv33YkGP00oSdtjz6ZatnB2gsNyQw05GCTK5koeYX1Cjt595jKKfZqVLy3vx2L3u1MpnJ4A%2FQy1zCHJLUouGzcakpjy8PkxC7Dw3crq0RWtCJWKxMUCfMzssm52GKHCjGiIt0e9qqczMDbe0UDHj%2FlGfG21RJ0gTV4AEhH6ghUHIRX5iA3c7zoeB5iDkTepYYlNRry01q3hBkGZ7FVlmTKGTYy%2FujTJjFZk%2BB8MuYFUuQQN9L3A38hNNku8XMo4DJDJ7bWDakUy256EsuBJ%2Bq%2FoZ5i9GuzsBTd64gOft9yHORZPGFoYJeyqx95ULsfoZkfV1k7cPE4Lera9BQBN3XIy2h5j56c6KfJk3auFMtlDwV8vU4o8IHACi87AB0verKVEdNLXXwjFzCiIuxJ9I2rKeTHN179DiqC8YB3AYndZlB6G3P49Gjt8ZLzSeRKZwv%2B6V7Bm6gd9CtrTgtFK3imuxDiZtQUq3MOFtM%2FLMwYD9XRms77TGo%2BmEXMuEI3317Jxc9CNSYFUlwvbe9Ku724m8votU3KlHLO7AhhcioxLhj2NKneRXld7Z6aSTM67XjlWMoNj%2BDUE7cAlGQGvBf14xtzuxacggZZ9x40XN3pZghFI%2BelxL1g7x84rFeVqmiUP8h%2Fz6e56LcAlGQGvBf1kljGJ56%2BokM1u0RN4qkJnyZ9zDdlHOdZojve7axVXDOdFlgDmxeSmozSz%2Bd0ledoyykoujiQAlWSdvas7DAoO%2F77XCXrvBIeuKq6mhlay9T5YB7UrZfMTdOZJvSOjK1mmTBEFbVIrgcgOBG%2Bail%2BBCKX7Qkc0FT4qoR8TWRwun%2Fq74HzQqZqvdc%2FoI9d099wMfhYaQPkQ6o7umt2Mxptmp%2B7qjUAg9dbmvG8M7x1VL%2FKg%2BSIyXMLLX0O8gbCxOPPB9FoTvqWj4NFA69760E0TgvWBlH16KxPXC9t70q7vbigranOKXGvcfncZHBGVdbt8Xgp0jovo9l78qbNOl54YSNV0hS4JYc91z%2Bgj13T33BRgqpCEFwHcw7zQU0eSzgYkhj6soXflcPNn66U5GOiHYCzGIHoHil0GBbbuoh9aJsDAniKE2mK5%2B5muCUPSyEpVMv9pqEY1wr9uVzsTh7P6eC0%2Fo%2FiAkYOmVqcSz5%2F1KXbegv8Yn9AiBj1wKQ0pH%2FnP4HsF%2FTlzMESGMntvu3z4AEIA%2B0Oqnz1a8Cx%2BWuS4uJs0xg0mCkm457SAJe4oWilq%2BoDYKg3cbJG5tKj0FmVELxSglULz7bgNB54zaLe4h8Wokc0KEvXhBj2NKneRXldnxruc2zFqwSZuiO2npPncawgivvgDSWHZYk%2FOJVAzdLZsmWGtcWrsYSxrM4KPrIRwVrxsi46v6f932qEYyxaUlcj%2F%2FDYlleBCWq8wadTQYSAvE%2FK1X6DReMsrH9EW7mjp2JkKnfD%2F%2Ba3AJRkBrwX9f%2FMC48tBMhpZyKNzpQqKeOEYJyrJr0hSQHFm5A6L7%2FnI9xHml8%2FQtqlRtvzm5m5wsW%2BKs5zLB9TwoNt2K2Sf24Wx3Sk4jKKIdaOnZAUe6tN9FB6SACcyPrlFW2%2B7bojOYzEgN%2FEFSZHIMUwNoxkRg%2F4zqDDPp4voWHZz3i5UXAdUMdR%2F26FLglAwW04cONk3J2LDOI6GipWYdnPeLlRcB1DYD5SLlACraeze11qdjcLMxRqGB4Fgc2K62n3%2Bea4xP%2FhOFAlRnSz6wp2j7f3UvYba0EyFR7mHcam2f416thwUY7xWN2Cazt%2BAk21pMI7nlleQ4uAhLjjgdy17UT8HCBDJyf0z5UL5KFneqzPdjc4TGOfT2o7UTB%2BwjX8XLk0LiM668HETED7oFARLqU7l%2BO9NUS5gnSxsOgNlJjVz07x5%2BUP6AnQYKXp0AbKjHKqTg3eYwC6hScLgt9Y1D6EpKkNMm2M7Gfi%2FAAgj435F1h%2BD7xg5ndrpufsGC6e9B%2BWta5EoHFCZiIsTPW1RUV2EXtuV2ZsWyWwU21vpJWAhmOZrTSJfzl2mzAyFLtbGUN350uIXIb8bTHJK%2BT%2BymLuqp0FkpvvBqSis0OSSFVQRh4Y1n%2FtXb3%2BOzxZLH3x2X8GkY1k%2Fw1DIDfEM0uPE%2BSeidkmrUWVl342GPxeVGp%2B6LGK2z5l4IeB38%2FMwxlRs9vgYoVVCLbkxb4zUiMCnkEXOofQN4W6cfAj7xo9brQDQj%2FiTM6xyrSQrvrErk3SBuw%2B430wHIELM0txl66ZxhL532o2ZC9uadNSUvF4KdI6L6PZCZkrY0cMxF%2FtAtOHgn1Ke4aQUWUQ5XjAs%2ByVjgBmTOEPIaIPWxTI1FqHqdU8PBlIhas1tHtv1P8xydwA32jh0I2DFq5x%2FvZLc8YSuAYHGoY%3D&mm_sceneid=6_0_9308542502_0&a=xxc%3Dad_ztc%26mi_id%3D0000ld4g4VlGPGv189fJ8pODpbPomvA53Ku7qQ4m4C_5L1w%26skuId%3D6096781262854&id=977803988448
921480173087,POPMART泡泡玛特ΘSKULLPANDA光织园毛绒公仔挂件盲盒礼物,129,¥,,泡泡玛特旗舰店,泡泡玛特旗舰店,回头客20万,10万+人付款,江苏 苏州,"超级爆款, 退货宝",款式类型:隐藏款 | 出售状态:现货 | 品牌:POP MART/泡泡玛特 | 商品状态:全新未拆封,https://g-search1.alicdn.com/img/bao/uploaded/i4/i1/2885348004/O1CN01Kmm9nF28ztE7okV3m_!!4611686018427382436-0-item_pic.jpg,//detail.tmall.com/item.htm?id=921480173087&ns=1&abbucket=10&xxc=taobaoSearch&mi_id=0000Ks1KYjw8h6bFmd7jcFLIkPVSWngszsKzR0et4ECo4PU&skuId=5984838471853
947306226360,DODOSUGAR dodorara人生主角潮玩盲盒手办公仔玩具桌面摆件礼物女,78.5,¥,券后价,dodosugar潮玩旗舰店,DODOSUGAR潮玩旗舰店,回头客2万,2000+人付款,浙江 丽水,"官方立减12%,  3期, 退货宝, 包邮",款式类型:大隐藏 | 出售状态:现货 | 系列类型:联名系列 | 品牌:DODO SUGAR,https://gw.alicdn.com/imgextra/O1CN01V1i0n12A4l3e41yEA_!!2217183168150-0-picasso.jpg,//detail.tmall.com/item.htm?id=947306226360&ns=1&abbucket=10&xxc=taobaoSearch&mi_id=0000VpPJbxWhQQyqp92OlLo4YwFagu94o6YliFfkU1v7rz4&skuId=6003784649005
1017768680347,TOPTOY FOFO森林守护者系列盲盒搪胶毛绒公仔挂件潮玩生日礼物,99,¥,,toptoy旗舰店,TOPTOY旗舰店,回头客9万,34人付款,广东 广州,退货宝,单款概率:1/6 | 款式类型:隐藏款 | 出售状态:现货 | 品牌:TOPTOY（玩具）,https://img.alicdn.com/imgextra/jz3_3/2211430099222/O1CN010t2jCR2HzjdfKwatk_!!2211430099222-0-alimamacc.jpg,http://click.simba.taobao.com/cc_im?p=%C3%A4%BA%D0&s=1938818338&k=2425&e=1MtgNbEr%2Bi7v33YkGP00oSdtjz6ZatnB2gsNyQw05GCTK5koeYX1Cjt595jKKfZqVLy3vx2L3u3gQKhJjePMxwelDkuvwbxPD8kjCM9RwZ5ejbTWDQfVHyJWKxMUCfMzssm52GKHCjGiIt0e9qqczMDbe0UDHj%2FlGfG21RJ0gTV4AEhH6ghUHIRX5iA3c7zoeB5iDkTepYYlNRry01q3hBkGZ7FVlmTKGTYy%2FujTJjFZk%2BB8MuYFUuQQN9L3A38hNNku8XMo4DJDJ7bWDakUy256EsuBJ%2Bq%2FoZ5i9GuzsBTd64gOft9yHORZPGFoYJeyqx95ULsfoZkfV1k7cPE4Lera9BQBN3XIy2h5j56c6KfJk3auFMtlDwV8vU4o8IHACi87AB0verKVEdNLXXwjFzCiIuxJ9I2rKeTHN179DiqC8YB3AYndZlB6G3P49Gjt8ZLzSeRKZwv%2B6V7Bm6gd9DoURjhUMPVhyjGWY70Ac9OWw%2FV0%2B9jnGti3F8RfODmOh7scw95x%2BpMOFtM%2FLMwYD9XRms77TGo%2BmEXMuEI3314FXswsh9QUphTbNcMWqJjEZ0fY7OI1y767vqswqZ2iBpFHFG6S43BJ97GTGrW6Vu6A2T0oh6rZTkz6Vx7%2BVI4%2BZZB%2FWQiY4Bf%2F0ZS0raDPGnbL9mahVsO47vdBVl9SlcFU3M1CBL28iRYZLGQOX0r4mcoRx9fqPqIi3Tj%2BsiYxnV3Qy0zWvsO88p9PeYry1sYi8VZiMwkNNUaEjpkgXCSw86KerA%2BsZTwejgjESktr%2BIb32nX5S0cx9wdpUsB4oKMVL5DMEkIVlgdJn14o7VgeC93jgRsIkyW0lrJZ5JtNSFTczUIEvbyJNS9BC42OFR7QISl3H9Kaua3sk%2BDnak9NW4FOsLOOu9%2BGliVZ47%2F35XIc6jKAK2snqT7OC9Qcng13q%2F97p6uR1ISlj8NSLVyprVI63ZFQ6sN1NxgGO3MSFCpIaF%2FXT8svqcvwxRvZrOWkdvlW8bLly1fQ%2BkGBr8rEs29%2FqjneHir6vBBmy95IzpOMhbk7ijORWZQTR3lHjkd3PdF5bTui1wIqG%2BiYxfpsvRdsaJ3HglH988Nzr5kDIJMI5mzF4O4OYauyKCGY41tTI4quhWeHMK0goo7AZj3iAv7JfqRfrus6uWT%2ByWnSEqf5%2F4p2yYG13liOBxoJlonF9A%2FN0L5xS0s%2BkvzrEZcH2qeUGzt2%2FHHXfua0aPox782eaHh5CeURA0Fvh0hALdl5bbr1vG4Vo8nKBjxJvvBTkW9BErQwEx%2FYdc3A%2BAwD%2FNfIrjV38oPVTFTE3ywaUXeeDmdlw8H0rystMMZjk0VWUenu6HzdTdzSi7fTKtKb9Qy1OmxHA5npsEHy5abKxpR%2Fo1vFjWud06wfEbMAH1edPM0vak78DjqI%2BUEjdGOYGoJh6nRbDICUJK4mAQWQwp0cLAGG2nT3P4PEIEr9NNStrEM%2BTan4b7DnLiz%2B7ebPpNT7155W%2BjSq8A0ucOVFof5O9bKRRkwqridVv9hM1GgLkfjMrlKZTfKS0CvvvYIOJNr7i%2FIJW1LBNsU19705keHtIJ8Uaz86lvkyeIl3yJEvqLTYmST1pe434%2F8fCC%2B1PF2jrh4kk9isZ2sfQHk2l0lRtvvpHZXyu%2FzhPq3EbZVxMkHHcW4Oqw8lLZegsyDSi%2FBdK1xT2CGphYW58LBqKiCIfNWktSPDqyxxL62on2mrEzkJ6Z4Ecv2At2m3OyYXf27GqY9ik%2B%2B7FOIAzXuzPmurG4lWJSFsuVAs%2FRo832srnzIybvbo3Qjph%2F1m%2FgQ%2FGw0axAjkFR%2BeY9XDihZMIek%2Fut0ezf4CJ8Esw%2BcPsVevFnZAPZHXcpTMRNzsOX%2Ftxtj579%2F%2Bf7ZDu7DVCGL19E%2BVjJbL6IanE0myDmbxXQgOfJmTW71cMBjmRQg00GG%2FQsjjp5GWdW8JRVnpJwjMcOINMm2M7Gfi%2FAAgj435F1h%2BjsPoSw1XM7XsGC6e9B%2BWtXwVEpo476awlK1hd27QuLFWYFVt%2BANrXstvFfQTKwZ3TObmcgDrpbm0pDPSZyhMYwlQy7M9e%2FNfihj%2Fo8T%2Fdwvd75wxZ95MuiIFanIGFAnMM0uPE%2BSeidkmrUWVl342GDYl0bNqfkKWCTts9bmDzGf2uxNWouWsOa7yDpjcThjtsEHy5abKxpTR9lmJjP5VkLr9s6bM1MJL1t907HuQQmLZ1eHXuDQSqLjBHV756pzk8q8iBAZBuofxnWM3piGndZQWvEtxSvq9RQOve%2BtBNE53NSK7sFS7F6y9n4hdeQQy33IvOCpGju040qQuQBxp%2FTJBx3FuDqsP5LGPgffUu%2FDExb6VIPL5YqTo7UboqPUPN81jd1D2a%2FJUxQ6cYBThZDHJ3ADfaOHQjYMWrnH%2B9ktzxhK4Bgcahg%3D%3D&mm_sceneid=1_0_1804450133_0&a=xxc%3Dad_ztc%26mi_id%3D0000MGfp9I_TBcfpLX0FvUkt8WsAvZebLeNy35zm9OQ2TAA%26skuId%3D6189948155894&id=1017768680347
1000941244128,POPMART泡泡玛特漫威穿越无限系列手办盲盒玩具摆件礼物,69,¥,,泡泡玛特旗舰店,泡泡玛特旗舰店,回头客20万,700+人付款,江苏 苏州,"热销爆款, 退货宝",款式类型:隐藏款 | 出售状态:现货 | 品牌:POP MART/泡泡玛特,https://g-search3.alicdn.com/img/bao/uploaded/i4/i1/2885348004/O1CN01uWrbaK28ztEUFGZUS_!!4611686018427382436-0-item_pic.jpg,//detail.tmall.com/item.htm?id=1000941244128&ns=1&abbucket=10&xxc=taobaoSearch&mi_id=0000DO-69bw35mccTFr5dk0_qqChS1chVv0WNXITjmJagSA&skuId=5986151765998
745205516644,手办定制盲盒公仔PVC卡通摆件钥匙扣企业吉祥物树脂玩偶玩具定做,10,¥,,tb4914932656,深源礼品定制,,36人付款,广东 东莞,公益宝贝,,http://g.search.alicdn.com/img/i4/5157336262/O1CN01QAWLg41w83B1HMuYa_!!4611686018427385030-2-saturn_solar.png,http://click.simba.taobao.com/cc_im?p=%C3%A4%BA%D0&s=1938818338&k=2189&e=zmh47cboXDvv33YkGP00oSdtjz6ZatnB2gsNyQw05GCTK5koeYX1Cjt595jKKfZqVLy3vx2L3u1pUylMpLGme0Q7EIE9lRqNadyOp1DorLOQ0%2BrC205XhCJWKxMUCfMzssm52GKHCjGiIt0e9qqczMDbe0UDHj%2FlGfG21RJ0gTV4AEhH6ghUHIRX5iA3c7zoeB5iDkTepYYlNRry01q3hBkGZ7FVlmTKGTYy%2FujTJjFZk%2BB8MuYFUuQQN9L3A38hNNku8XMo4DJDJ7bWDakUy256EsuBJ%2Bq%2FoZ5i9GuzsBTd64gOft9yHORZPGFoYJeyqx95ULsfoZkfV1k7cPE4Lera9BQBN3XIy2h5j56c6KfJk3auFMtlDwV8vU4o8IHACi87AB0verKVEdNLXXwjFzCiIuxJ9I2rKeTHN179DiqC8YB3AYndZlB6G3P49Gjt8ZLzSeRKZwv%2B6V7Bm6gd9GLJI9O343qFoE1Js9gYiWBuMjR5fjuh6LULLM1l7oHagw%2BRIPr7WMIza%2B5Uxv8sS81GypuInwBCmjaGvgaP2qIbSZNfjiTqIGNCBQw6DzgmfVxduEAHsX3GemTWcPtSlMQ7edJiBUjyZ2tqVipBiwIhUfZd7YoT%2FscG5HTmqhPQisOFhODN5Lyb0mZSC49ecX0r2GM28Pg%2FiHloy3RHVaBBJtnja8AGcnxNitvcS5QYojlOGZhfJVpLJpcqP0Hy%2Bc0n2%2BXRi2DRJm9JiZ1J7GkBt7laXicWeN8xtyuDtT0cdGw5NOls1lFfG3qmlv6IPaEfx2ohAyLOYbcjY6zyZbvaqfAa5NZRkuxN%2B6jIOxp9oR%2FHaiEDIs62sdr8yWRYl7FRikX5SyNuK0O6E%2B591rz040vu5wp%2FpXi4FO%2FY%2BTH%2BFHGE%2FuaXt4PKg%2BSIyXMLLX0O8gbCxOPPLKxFAQsnvtlofjqgKdtjLzYx%2BZCVANSWjqjZ9B7AqGe89HjhDqjtjw37U1%2B1i8s8KlxMR7af5IYRMP1c8o3%2FVN%2FHfPT4BbZrdSUfrvh4ZNZBUO2oWBcfPUL9lF%2FM%2F1ugTJbJk0%2F5icVZCBanrY9PGJuq7ZG0I%2F4sfWKzO2uiqKhOFjR9a2lvpAa7jJ605w9eTi2ubYqk4sKDDsr%2F4vxE%2FkhRktdk4dzuYpYDcaa%2F7gxvqmhNlT9DO6CDLqEc6voaRWChA8nTtMuRb0EStDATH1QD%2FI6yRogLNdX4MG95xtGeDmdlw8H0rystMMZjk0VWIVH2Xe2KE%2F7HBuR05qoT0IrDhYTgzeS8m9JmUguPXnF9K9hjNvD4P68ocAxa22Keen0gu8XyT%2BWo8hnxeQKrRtc2TnwQL6T4NwgkNUti%2F1N4fuJs8U7ZR%2FSHTOtDjscGQr8jxBSMLMJfCQptAjZSRfVuf3OAyvyC5%2BnMNgSALCJD1oto%2FVUhCrb2mDWSl1e1I7zMkJV42dwVtjw6LlMMsB6WmyUHWgR%2BphbiuS2qkv6uTnpg5Umh0Ovpfpusdi%2B%2FXk4K7UqpM87lLC1Uu8eaSq5OemDlSaHQ6%2Bl%2Bm6x2L7%2F4q6ufqigLlJXifwEnXpWRFE97BsBR5OTEkbavDzcLWteZJ3FlwI9pe%2BLD7sdVUhh%2FzarwSowDZuQ9TH4AXlUcIBqehP%2FS3J4eDaMMKsXX5bP6MpkUe59JXYi2DYSeYFhR0%2B1zVreQekHZAhfBk5s3%2BDROGX5i39Bkt7QbFJEofPn6xnSVgvZneVUuVQtrp7tgLbDom%2FlG2rOzDcXcFWXF9TeLEGsb6BYr13ASge5m%2BJlRJWc4T0OsFJaQrnKELzO8rOn9vLxS1lTssAANtnZsif45t5XXwI9jeo%2Fg4t73a7IyKaRt1JfFlaWbKekCC9mmyyzSz38JgHjZZnNAoTOOKIxVf89S8zRmYpd8WdIGCMEw%2BadbPMiNdGw5NOls1lFwxrKcQedP7EydU16Cg8xF9IdM60OOxwYbYJRN8cK98jN95EYGVLtEp3Rg%2BoQPk%2F89pIyAAYMorlsJo6fhvx9tDtkm7J36YP%2FuI3%2FneV9fzQcQO1eN7FtlZfLZRidbckKdpQ4b7Y94%2BGv1brNEosiq8373wp8z4Mc2fiaLXeYtYzYx%2BZCVANSWHCl2lykkb9ZKn43fLPhh7Hqz1mzF1oq6KgG3Ae8FVMJnIo3OlCop44RgnKsmvSFJ8S5DqCILfYE%3D&mm_sceneid=6_0_5157336262_0&a=xxc%3Dad_ztc%26mi_id%3D0000UzdYDgl-VUwE4D3FPtkMc79wc7q05c0rRHT2FOqlyjY%26skuId%3D5789979483490&id=745205516644
829264288864,官方网红爆款甜品奶油小熊换衣盲盒2024新款女孩正版二代摆件手办,39.6,¥,券后价,hongyouyi2019,nimo潮玩盲盒手办店,,4000+人付款,浙江 金华,"官方立减12%, 店铺满99减5, 淘金币已抵0.56元, 退货宝, 包邮",款式类型:端盒 | 出售状态:现货 | 系列类型:联名系列,https://g-search3.alicdn.com/img/bao/uploaded/i4/i1/2210562022183/O1CN01hhXTLg1RzrhAx4PMy_!!2210562022183.jpg,//item.taobao.com/item.htm?id=829264288864&ns=1&abbucket=10&xxc=taobaoSearch&mi_id=0000-8J1qybvjfmj2PVDeUfE9nkqRllw2oxA6dM9sJ46IYQ&skuId=5559183844057
750727692205,pvc盲盒公仔手办定制树脂摆件钥匙扣挂件订制潮卡通玩具来图定做,10,¥,,tb414848063066,致汇玩具定制,,82人付款,广东 东莞,公益宝贝,出售状态:定制 | 款式特点:静态 | 商品状态:预售,http://g.search1.alicdn.com/img/i1/5284505594/O1CN01AFYyW21rC6akp2j9Y_!!2-saturn_solar.png,http://click.simba.taobao.com/cc_im?p=%C3%A4%BA%D0&s=1938818338&k=2177&e=x%2BgZ5E%2FMr%2Ffv33YkGP00oSdtjz6ZatnB2gsNyQw05GCTK5koeYX1Cjt595jKKfZqVLy3vx2L3u1BC%2Fs9QuEFnQDHBi6u%2F%2BeLtfAxOVFLMBfDw3crq0RWtCJWKxMUCfMzssm52GKHCjGiIt0e9qqczMDbe0UDHj%2FlGfG21RJ0gTV4AEhH6ghUHIRX5iA3c7zoeB5iDkTepYYlNRry01q3hBkGZ7FVlmTKGTYy%2FujTJjFZk%2BB8MuYFUuQQN9L3A38hNNku8XMo4DJDJ7bWDakUy256EsuBJ%2Bq%2FoZ5i9GuzsBTd64gOft9yHORZPGFoYJeyqx95ULsfoZkfV1k7cPE4Lera9BQBN3XIy2h5j56c6KfJk3auFMtlDwV8vU4o8IHACi87AB0verKVEdNLXXwjFzCiIuxJ9I2rKeTHN179DiqC8YB3AYndZlB6G3P49Gjt8ZLzSeRKZwv%2B6V7Bm6gd9CtrTgtFK3imuxDiZtQUq3MOFtM%2FLMwYD9XRms77TGo%2BmEXMuEI3314lWMiDGVlrUTta6reyEppngdlSKbDQbSbHENlPpoJY6qIhLyBNk%2FgVLr1XCECaC3GZgKy2aUVQE2ZzIXEQczqqw573NRU8id341v2whk7EowPbynP%2FltbkIH9c0PrSbVetRiQUFs0HI47QLTEOlgDKZZTJLbN9PBCiKSGsV0a%2FkrdjsIoLFV%2FuVuZjhu468oWPYlE0Vi7g%2B3qeWllJGHWVuAoqGDS%2Fai%2BT6fASbihqxWuiNA0%2BUHgF4CmDu4oQwigtZQQ6GRmTStp42W6mBmqifAUH21J1JTD2cv0j6ZkK2S1lBDoZGZNKcRAX%2Fn%2B%2FCWQzDtDq%2FBkjPUff0Rmkfu09BBZsLul1xboUcYT%2B5pe3g5jtYVsi5DE1qAkT6eS1VtegB92ANmPdLgDbIJeIpYLtc5s%2F5AN8Fxx26zKFyrhNcLl%2B4VJpsGk9HmSAvIVbUEzorS9Gyuz9S1OCYG2OyIqDjhc%2F7eTWcmMm15SJdlxTvDyzdLo7MXJsMlvqil5%2FHyGFhBmnJ6BaSccozAYrg3bMAH4lEHhPr4rWhb2oq84uyuSEXeOLM4Bnh4iMpJLXGwvD0WyEN8kk77XF%2FbdlAi%2FkUXG%2BNe0rv1ddUIRANq%2FeI%2FQ%2FBeAqOyuMz7%2FO5j4MUndgsOJDcdWAtJvI8DSmxFrYu46fYPr1G5Tj9ArtxjjxlN0%2BCNlsAPcXsPBlGWWA1FgflSY7dNhsHXD13Sb0KARS%2BNb9sIZOxKMD28pz%2F5bW5CB%2FXND60m1XrUYkFBbNByOO0C0xDpYAyu74j3Ux69A2YXFrbBh22rzl938b0JCKptnmQ%2BfEefym%2Fd9qhGMsWlJXI%2F%2Fw2JZXgQlqvMGnU0GEz%2FHds69dMNaybguA5%2Bptx3bPfpf%2B79L8hdwKRWX%2B8wyPct7gZfj322gU6ZDAcidyORAAfzsG%2FuC%2Fe49O1f2zzE6MEaTMMwIVk1g1A6vEIDq6BntK9D9k%2F18zltWBae3K8F0rXFPYIanMy2jhEF9sHLoGe0r0P2T%2FP3oBSjB5j6lD%2BqG8tdXOfK4t%2FDYzHE5LWzjqNP4uEcMNFOCejGAgiz9h27nywgXRzUdmiFixYcX7asOljFv62vy5gNW3muBRwVDfBSoBnDS9mhMbD6%2FzsOocHT3xihpkemtuQTs57bcgbfCYGJ8C6BGuaQn9yFeFJtyO7dwSjREjpjcKAg6G%2FeueirBUgcCM5%2BUP6AnQYKXp0AbKjHKqTtFLtscx%2F5Tygt9Y1D6EpKkNMm2M7Gfi%2FAAgj435F1h%2B9TRRk30PM3DsGC6e9B%2BWtXwVEpo476awlK1hd27QuLFWYFVt%2BANrXstvFfQTKwZ3TObmcgDrpbm0pDPSZyhMYwlQy7M9e%2FNfihj%2Fo8T%2Fdwvd75wxZ95Muohi8gESM5Y1pNlPTDaBPmMtZQQ6GRmTSu22pW4qvrE6%2FJmMOGj5ZIXKAnGhqJUJdoEKLWVwhffioYlhGuhoW1VhFGJmyKRQjDZqfAh8MBJYhoxLXXnqkIxl8tlGJ1tyQni4FO%2FY%2BTH%2BYbRYaq42kJ0HAgyrdg4qU3Rsxk%2FIZP0bEpFPHl3E8qJ26zKFyrhNcIA2ytpQF4SI%2FWOVHorob%2FDQAnAACIzw62jDYmL1X%2FegSUQMHQFJdi5O9bKRRkwqrhwxwizv2I2f&mm_sceneid=6_0_5284505594_0&a=xxc%3Dad_ztc%26mi_id%3D0000ENidByfrdQOyTkWpxQM4TcR4j-OUH382d58LNWBMmSg%26skuId%3D5595617452318&id=750727692205
941143691332,官方正品ZIYULI又梨耀骑宴礼六代盲盒五代手办摆件模玩礼潮玩公仔,59,¥,券后价,tb068540_2013,Super Toys超玩商城,回头客3万,1000+人付款,广东 广州,"48小时内发, 包邮",,https://g-search1.alicdn.com/img/bao/uploaded/i4/i1/1598373758/O1CN01yIKpSL1ddDU1CA0c7_!!1598373758.jpg,//item.taobao.com/item.htm?id=941143691332&ns=1&abbucket=10&xxc=taobaoSearch&mi_id=000002T2lj-DZHNxW09YG1ZoQpiLmM90X6lnZEE5bhwij0w&skuId=6007270274701
1006894398707,马上有好运盲盒2026新款马年吉祥物摆件公司年会活动礼品新年礼物,16.8,¥,券后价,ak79472519,小海妖潮玩盲盒,,100+人付款,湖南 长沙,店铺满20减2,款式类型:端盒 | 出售状态:现货,http://g.search2.alicdn.com/img/i2/130232816/O1CN01xwwxTT1WfmRKooFoZ_!!4611686018427384304-0-saturn_solar.jpg,http://click.simba.taobao.com/cc_im?p=%C3%A4%BA%D0&s=1938818338&k=2349&e=HoW6%2Bug2u3%2Fv33YkGP00oSdtjz6ZatnB2gsNyQw05GCTK5koeYX1Cjt595jKKfZqVLy3vx2L3u0OPmoTB6KWwcxkmaNxwW5w7NBdKoQrDSSQ0%2BrC205XhCJWKxMUCfMzssm52GKHCjGiIt0e9qqczMDbe0UDHj%2FlGfG21RJ0gTV4AEhH6ghUHIRX5iA3c7zoeB5iDkTepYYlNRry01q3hBkGZ7FVlmTKGTYy%2FujTJjFZk%2BB8MuYFUuQQN9L3A38hNNku8XMo4DJDJ7bWDakUy256EsuBJ%2Bq%2FoZ5i9GuzsBTd64gOft9yHORZPGFoYJeyqx95ULsfoZkfV1k7cPE4Lera9BQBN3XIy2h5j56c6KfJk3auFMtlDwV8vU4o8IHACi87AB0verKVEdNLXXwjFzCiIuxJ9I2rKeTHN179DiqC8YB3AYndZlB6G3P49Gjt8ZLzSeRKZwv%2B6V7Bm6gd9DNGOCI%2BhGtx9%2FHGdR%2Fz%2BVjAmF8fAnazp4Y00AwW2qkWRBsJ6dRMEkcFoXywCvQcOHCJgE%2B%2BLntcN4Lrm8GDw5AdISW0ejZPIrfBhDn67NPzwk06Kiz6ISjBGuHFd%2Fi6gX0tBxhQQB3MBG0gLpWzFNaj1QyTVFN7SKkF4eJ26lLhSl5HdmONMt6LXZq85YBZmW38x6ZJ0qEUdgWt0PBtQdt%2F8ohlV60ba48aPax7Xx%2FweOwiaPeznJ7zkuB56EowFY8ZSD5V0J1ns9E2EVL6Xxu34SafXu%2BtZJX24b63oaa5LJ5XTp8Kbvd0Yj3yELgpFLfawWY08lIwiBw4i67ClxxEhg4Ea3ywu%2FwWhqgbRQWA2AGpEt39kcbCeVuZnqQRgU1qImQpzSy4AGUJZUujGiOBdel5GgXz0zii7wBBb%2F0VTAbioK1nd3Kj3AgbGHJyCU3SozNOiBwN7ddey7jB3Dxy2ORrNLOeEcJF7SbT7lsXJg23Hkc9UNmt7G9WmPM15GSye1RUpM6kG8Dxa6WqPoXorS9Gyuz9S7fBhDn67NPzUzSV1YEt7mzuZIA%2Fd5IzXTyzdLo7MXJsMlvqil5%2FHyGFhBmnJ6BaSccozAYrg3bMAH4lEHhPr4rWhb2oq84uyuSEXeOLM4Bnh4iMpJLXGwvD0WyEN8kk77XF%2FbdlAi%2FkUXG%2BNe0rv1ddUIRANq%2FeI%2FQ%2FBeAqOyuMz7%2FO5j4MUndKITEyvN1frLa0krllZ%2F%2BHMbSs7wt8r3RmWNhUyhJ40eJC3jkZ81xmb0D6bQA1NyXZjGCl853NZnFNxLAJABt%2FAfPFzjtCBBbS0%2B%2FDTAM7CR%2B0OXpF1flSe4y8T%2B676Yx5dG2pfNpfaeogvr%2Fkzw%2F4wQG8gIFBohzHrcz%2B%2BI9dwbn1KdsJOJprZuypYGcpuKX0h0zrQ47HBkK%2FI8QUjCzCx3sCfefWNzzvaojuYI2qK1yjqb2oHzH23nABOnJykpc1rgUlhtkpMl3w26PrrAOp53qHaA%2B09xFMWqa0IrZvjAY3IVejYrm6HOAvnnSHEZFhuT50JuRiApAe0mvEIPbPnz5VgypM6sBlGLeaNUheyTVFE%2BiQ5zhz1IMGZdgBwQWiKjLTHu1kXMY%2BpweIXYwJ2z2pPyRqFW0ZitCorDYktnU24a67yAK%2FFkrxbixMIlro441sHEL6X2uUqIPQ44uAT7zLLuE13p6ns3tdanY3CzMUahgeBYHNiutp9%2FnmuMT%2F4ThQJUZ0s%2BsKdo%2B391L2G2tBMhUe5h3Gptn%2BNerYcC0MejNo1CoPi%2BGgN%2BXX4iPSAlNWZPCxAHedY0fXQMuBOnp719oepQzBQ2N7GKAG7xQzF6YUa1Kis0HG76A9nZxoqLccNgUGbyoSZ%2F8fLoyZfJmTW71cMBjmRQg00GG%2FQpmAp49BSnVc26kfFKrdpbMNMm2M7Gfi%2FAAgj435F1h%2BD7xg5ndrpufsGC6e9B%2BWtYTiwQH6Icv0lK1hd27QuLFWYFVt%2BANrXstvFfQTKwZ3TObmcgDrpbm0pDPSZyhMYwlQy7M9e%2FNfihj%2Fo8T%2Fdwvd75wxZ95MuiIFanIGFAnMM0uPE%2BSeidkmrUWVl342GIMRtjmfDvIjY3jCSzQpQdv2uxNWouWsOa7yDpjcThjtt8GEOfrs0%2FOiIVwXpgtxr7r9s6bM1MJL1t907HuQQmLZ1eHXuDQSqLjBHV756pzk8q8iBAZBuofxnWM3piGndfdlmCPa18MarzAKWIlhkfoRvS0D1vChJFXeLIhQWsi0GYrQqKw2JLYDSmq3mOUbGAOt6X8NurkVi12avOWAWZmXNlEdXB%2BQbWiYkvmBVHhtghwDDBn41IKPct7gZfj322gU6ZDAcidyaLwO1PCRAFA%3D&mm_sceneid=1_0_130232816_0&a=xxc%3Dad_ztc%26mi_id%3D0000OixLy-C8tKU88NwSrxAgfNkqDUUPdQaMYPRaPe7UQlw%26skuId%3D6169017966950&id=1006894398707
852704358142,rolife若来Nanci囡茜巧克力缤纷毛绒小熊系列盲盒生日新年礼物,99,¥,,rolife若来旗舰店,rolife若来旗舰店,6年老店,9000+人付款,江苏 淮安,热销爆款,,https://gw.alicdn.com/imgextra/O1CN01Hh26Yf1YqQt2rexeM_!!2206871603110-0-picasso.jpg,//detail.tmall.com/item.htm?id=852704358142&ns=1&abbucket=10&xxc=taobaoSearch&mi_id=0000q1Cn7rGaUCxqn50FlGmdVWqWRi2gMKpY5jRqc3yAhRg&skuId=5829045155036
968144412532,水豚噜噜玩偶盲盒可爱手办公仔周边桌面摆件搞怪动漫儿童生日礼物,11.6,¥,券后价,tb319621834,首次开店,,4000+人付款,浙江 金华,"官方立减12%, 包邮",主体材质:卡通 | 表面工艺:铸造,https://g-search1.alicdn.com/img/bao/uploaded/i4/i4/2200550350831/O1CN01Hu2DsV1I0eCa72LzL_!!2200550350831.jpg,//item.taobao.com/item.htm?id=968144412532&ns=1&abbucket=10&xxc=taobaoSearch&mi_id=0000dB20ROtdQP5gyIca_tbg6YFNVOlTA1RwW5wwdXRmHj4&skuId=6027989666522
952230946997,【新品推荐】B.Duck官方小黄鸭毛绒盲盒20周年限定潮玩公仔布娃娃,50.72,¥,券后价,bduck旗舰店,bduck旗舰店,10年老店,77人付款,广东 惠州,"官方立减12%, 淘金币已抵1.18元, 退货宝",款式类型:特别版 | 出售状态:现货 | 系列类型:联名系列 | 款式特点:静态 | 品牌:B．Duck | 商品状态:全新未拆封,http://g.search.alicdn.com/img/O1CN01YPozpO2AUPBoh9Gmq_!!4611686018427381822-2-item_pic.png,http://click.simba.taobao.com/cc_im?p=%C3%A4%BA%D0&s=1938818338&k=2337&e=3gd42No3A7Hv33YkGP00oSdtjz6ZatnB2gsNyQw05GCTK5koeYX1Cjt595jKKfZqVLy3vx2L3u1J9t57nzwuwfjSMW77SVJTZhEMy2Q7u%2F7Dw3crq0RWtCJWKxMUCfMzssm52GKHCjGiIt0e9qqczMDbe0UDHj%2FlGfG21RJ0gTV4AEhH6ghUHIRX5iA3c7zoeB5iDkTepYYlNRry01q3hBkGZ7FVlmTKGTYy%2FujTJjFZk%2BB8MuYFUuQQN9L3A38hNNku8XMo4DJDJ7bWDakUy256EsuBJ%2Bq%2FoZ5i9GuzsBTd64gOft9yHORZPGFoYJeyqx95ULsfoZkfV1k7cPE4Lera9BQBN3XIy2h5j56c6KfJk3auFMtlDwV8vU4o8IHACi87AB0verKVEdNLXXwjFzCiIuxJ9I2rKeTHN179DiqC8YB3AYndZlB6G3P49Gjt8ZLzSeRKZwv%2B6V7Bm6gd9CtrTgtFK3imuxDiZtQUq3MOFtM%2FLMwYD9XRms77TGo%2BmEXMuEI3314g41176FVuRSt5MRLIBx68UVxtaSqgLvhjrPDdHynCxiP5Pu%2Fv5Uf9298sr01zNDc%2FfreOs7ph7NeJ0yQrcs5x%2Brcc6BKp11o0tFfLEHmQIXgkTqjUFb0uNFBFn9qH2RGCygxkKJ3V5ZoIxSEigbo1bShnuJQ7jOhBJtnja8AGcp5nHLVvGG%2FN%2BHfkWfI%2FCgJpDTsS%2FvfnyN3TdsoqIhvKJdLYhaiFl%2F%2Bc2TeB6cJCxgZIfhV%2F1yYcYGtjMhQYggvV94d%2FlMHMS2ByxUQ9nGZ7VDAUoNJJovBs694aXtbZrXJEhtNeZpCCeLgU79j5Mf7oowNMw%2F2NYy49tiHNGcQfH%2Bw0VO%2FhMmRRDjbDdVoCKHIc6jKAK2snqT7OC9Qcng2a%2FrPHXj9JNHhR%2BiKWhIraNWFIm5CMMacreTESyAcevEg8kHcEDrD5%2BdxkcEZV1u1u2kJtgoLUk%2F%2F4ZV6n0H7SXfLpHYcaDdJI8zqHXhQ7hIJefZRQ8YsfC%2FOhRIsOT1d1JR%2Bu%2BHhk1kFQ7ahYFx89Qv2UX8z%2FW6BMlsmTT%2FmJxVkIFqetj08Ym6rtkbQj%2Fix9YrM7a6KoqE4WNH1raW%2BkBruMnrTnD15OLa5tiqTiwoMOyv%2Fi%2FET%2BSFGS12Th3O5ilgNxpr%2FuDG%2BqaE2VP0M74oeTNopspoL0U0ipelASUxu%2Bb7vc1Iqp31K3fuON9FyLhiASWBsGeCjcLHeaMdFvEqcox8T1W2DTDcyDlhyAuUipckad%2FihL6PZv2v7huBj7EkCTdmS79yP5Pu%2Fv5Uf9RJvkVGTwsVgbPQFn4HC%2FJdeJ0yQrcs5x3DNrvol7oLe7JYkjL4r3WOHFKdhg21oWg40edk9D77HJEKInzOa%2FWe7vNjsnbRUetGzxWqlblMKcpvYRPUF8udIgZQvuq90NAkTsMlPLolOa4Lq%2Fz54dCIjJgGDq2Ye0Bv8XD2bLciAFKJrVGJkdKDpcbObenalcFA6TO2JGohYNOQONsGGvw6O8FpAMVedSw4OGCO7QiJvzWpRpUYllqMmSJ0NLuwS7GJ%2FnWiwUWjQdCAKdFyeOO6kfJpa6e%2FgcK3kxEsgHHrwAajLNy58nVVCf%2Bqr3Qm1twjtaU13qIcgreTESyAcevOOM83QlCAz4EzkJ6Z4Ecv2At2m3OyYXf27GqY9ik%2B%2B7FOIAzXuzPmurG4lWJSFsuVAs%2FRo832sr0yk1Xv8lnVzDc6WFIpQWPB4Nowwqxdfls%2FoymRR7n0lMJ6D%2Bo9Idg6MhMULP9E%2FQMVGoliOD5KdYE0ULyGzW4aObJaI0gHGQgtEon%2B6uWUQcZDgBQxCajR8YIcrJKtremvOVLeHQM1%2FDliUEzb5LzeiJWq7OzWWomDzvNP5J7eLYwGtNzfaMRaisq9eSGcrg9bXrUbRSOSyuMgfv5mfoM5l2LpQ6BIqdl7tCWgSkunWKzlmU3cOsHsxAojqko1vOHDblvZFTET5HTNasUpsXMya%2FRaC5v%2BA%2B57x24UtHMAzTLZKikMo0TtQVvd0IeHmraU6Ki3OglPXpbubfHeaHtURwt5mqLpD0JqZnJ1X0lz%2B28nlWIiiCJiec5byXJwTvFHGE%2FuaXt4PTLdkx6%2FPqpwnzOufML1%2FBsm2gmlADYKJEORTqVO4OvPKvIgQGQbqH8Z1jN6Yhp3X3ZZgj2tfDGq8wCliJYZH6Ck8AxaXlnX1fOVmZwdX3ZCSd644rOBpa0M2kOSNPMBYvbmzZVBFJywK8ZeygeFrEWmLPRAMN3gc5mnfbMDZviSoBtwHvBVTCZyKNzpQqKeOEYJyrJr0hSfEuQ6giC32B&mm_sceneid=1_0_109402477_0&a=xxc%3Dad_ztc%26mi_id%3D0000AhflfNqnoVxjQGKkbSJLAqyn9QV4XSaWTOdAZEYGDgw%26skuId%3D5870745008478&id=952230946997
990868358381,全套123星星人手办盲盒大号公仔可爱桌面摆件生日玩具送人礼物,31.6,¥,券后价,tb29404539475,潮库网红商城SR,,1000+人付款,浙江 金华,"官方立减12%, 淘金币已抵0.54元, 退货宝, 48小时内发, 包邮",款式类型:隐藏款 | 出售状态:现货 | 系列类型:联名系列,https://g-search3.alicdn.com/img/bao/uploaded/i4/i1/2221140509901/O1CN01Gsee0v2N0iY6irNUY_!!2221140509901.jpg,//item.taobao.com/item.htm?id=990868358381&ns=1&abbucket=10&xxc=taobaoSearch&mi_id=0000sdphpa4gWzG-VGWUtGDhlncKjWd3FrV-yOC0FVJmRHo&skuId=6128021639988
,,,,,,,,,,,,,
,,,,,,,,,,,,,
968155912032,马上转运盲盒办公桌面工位装饰摆件马年吉祥物公仔新年礼物伴手礼,45.6,¥,,阳聪旗舰店,阳聪旗舰店,5年老店,800+人付款,浙江 金华,"超级立减12%, 退货宝, 包邮",主体材质:动物 | 表面工艺:半手工,https://g-search1.alicdn.com/img/bao/uploaded/i4/i4/2207838997563/O1CN014BrLqO25juVlVBi7g_!!4611686018427382843-0-item_pic.jpg,//detail.tmall.com/item.htm?id=968155912032&ns=1&abbucket=10&xxc=taobaoSearch&mi_id=0000aWnlGQ_g7VM46kXQM1aepQTuyGmoh8tKxmFdA3BP2m8&skuId=6194918966858
975367780580,【首批现货】变身电器街BJD盲盒特六可动人偶MJD潮玩手办摆件礼物,116,¥,券后价,潇洒放羊娃,壹间潮玩商城,,100+人付款,广东 广州," 3期, 店铺满15减10, 包邮",款式类型:隐藏款 | 出售状态:现货 | 系列类型:联名系列,https://g-search3.alicdn.com/img/bao/uploaded/i4/i1/2113121802/O1CN01CyarGX1PBMphyBto1_!!2113121802.png,//item.taobao.com/item.htm?id=975367780580&ns=1&abbucket=10&xxc=taobaoSearch&mi_id=0000a0iKL7NWh9ZptNaH2dmpGp-0G1tet3AE1CyuFOQNBQk&skuId=6010450092993
966309572292,【现货】MINISO名创优品迪士尼史迪奇GenZ街头系列搪胶毛绒盲盒,57.7,¥,,miniso名创优品旗舰店,miniso名创优品旗舰店,回头客200万,3000+人付款,湖北 鄂州,"官方立减12%, 退货宝",出售状态:现货 | 品牌:MINISO/名创优品,http://g.search3.alicdn.com/img/i3/127238467/O1CN01RBNXC42CPwXhHObCc_!!4611686018427380035-0-saturn_solar.jpg,http://click.simba.taobao.com/cc_im?p=%C3%A4%BA%D0&s=1938818338&k=2433&e=79XmraOIyt3v33YkGP00oSdtjz6ZatnB2gsNyQw05GCTK5koeYX1Cjt595jKKfZqVLy3vx2L3u0pyN0mydV9L7iuF103%2Fu%2FMUSMVBynAS49ejbTWDQfVHyJWKxMUCfMzssm52GKHCjGiIt0e9qqczMDbe0UDHj%2FlGfG21RJ0gTV4AEhH6ghUHIRX5iA3c7zoeB5iDkTepYYlNRry01q3hBkGZ7FVlmTKGTYy%2FujTJjFZk%2BB8MuYFUuQQN9L3A38hNNku8XMo4DJDJ7bWDakUy256EsuBJ%2Bq%2FoZ5i9GuzsBTd64gOft9yHORZPGFoYJeyqx95ULsfoZkfV1k7cPE4Lera9BQBN3XIy2h5j56c6KfJk3auFMtlDwV8vU4o8IHACi87AB0verKVEdNLXXwjFzCiIuxJ9I2rKeTHN179DiqC8YB3AYndZlB6G3P49Gjt8ZLzSeRKZwv%2B6V7Bm6gd9PmXFoI%2BRBbP8lxIMJyBbx0LicfO0yuxFUC4cyLRfjrpYWi5SrFIni4PR3j2wUmB0rULLM1l7oHagw%2BRIPr7WMIza%2B5Uxv8sS0KCPf27bEKbGc%2B7ZR48WBOL8l4eLLdujPYH4cv2f9Xa7D%2BtnIiImQf2i8xHM8d4k2njJa0Y66xCV3tm7RTh0eAPs9gFNFgAIGUsHTsuR1%2BrRwBGBLtNnvbg%2FB3BuZmUhKkpz1WmZjFnGGGgs9mHDV5oPuImjU9Z%2BTh31X7OtSKA9HADPbnGvZMxGlxB2quaJE5Gl24Q14fYHcyMjuVd8qFdvATRP9J23Lij%2BrWV8XiBnjRNwOkZp7pWK8fyxLbARR%2FDRCy5SvIMVzVGyyuWnpGTCAyAPi40JXY0DXLpZ%2FKl1DMLzkDqFZm6%2FbOmzNTCS9bfdOx7kEJi2dXh17g0Eqi4wR1e%2Beqc5PKvIgQGQbqH8Z1jN6Yhp3WUFrxLcUr6vUUDr3vrQTROdzUiu7BUuxenRSBFuQztn%2FzgAkznSodHGc%2B7ZR48WBOXe%2BUjZBmhjCOykr5F52FHsT8QY5a%2BCoaXC%2B4uqYY7VJhJgdmLP9pRHFY%2F94A445DtSCd4IQL%2BiwtKBxN04M00HbUjz62%2BDYg9PqMYxD83jxLHha5jkfH6geSXk90c8cJ%2F2HUV038EYC4dedaWzJ9kvDF%2BNjaSL6xwH8XTFDNBl%2BPky4%2F5qpKlD3EH3ZWPa3oaAqMuiWrYWCE61LSArKSzJtGPuB9pSYQz1lIgwHwpOzd0G92DfWxOCJcUOM6cykTuo296Y49gvBJp5oJNU5m7bNMYNJgpJuNvOJXK2%2BYd32B73C8GIzMsLLh3xOPzPD1gl01RBPfUe7xSglULz7bgygt7ko4JhTIwtumJGSRQ4ew%2FrZyIiJkHTfuaMzIK2CmwACgAYu0hZ1d7Zu0U4dHg1fepfGwt4UOzL%2FztlEpKG3ERQCbt2428JK4mAQWQwp2%2F9CzovGjlpK2KMVXHs6JGMCqaIOiR1CgYYaCz2YcNXt4oHld9ugq68A0ucOVFof5O9bKRRkwqridVv9hM1GgLkfjMrlKZTfKS0CvvvYIOJNr7i%2FIJW1LBhFpjzJvQAnovdzWjHyAtlZuWUJy3cGJR0gz6lt4onvkmwgIQ056P%2Fn%2BCI0dpW0F3059I5Jy2Rw1RtvvpHZXyuzVXaxMpptPeGc%2B7ZR48WBMb%2B2BB9mPpJwLRA6vOu%2Bw9exCulgavpeAZz7tlHjxYE5yMpV79Oei9r%2Fps0noVJfUyfevQwzmSy%2BBdpesqOjfed%2FKSorLqBjODjsM1ojaCbpaGX25%2FCLrEP77toQmEJ9IQ0QqETCPVMZBgprVC%2FQRFctZ%2B2%2BI19gZj1cOKFkwh6YY%2FU4dJ6a14GzpWYsiwdi9l%2Fy6qpZ%2F3jsxE3Ow5f%2B3G2Pnv3%2F5%2FtkO7sNUIYvX0T3TCpHQ123wDS9w2QLpx2tBgLbDom%2FlG2rOzDcXcFWXF1eBc1iUtPDpquQCJSR8zY8azSY%2BSmAQbMsRgaCpemnQsTr8bwOykegYCBCWb677obWWhGJUNS10FYMrHLnaZWbd3OcRXmLbTflJMOj54ABLmO8neF0ibNDyANeYF6eCvnGGkCWQODxeVAhhuHtiHwQYLgb0k4Vqj9IdM60OOxwYbYJRN8cK98jN95EYGVLtEY1A8H0oCPtrFkNYwCgFa9CntuwocQnVoucZIvmpZQGpXpVCM7WJ5xWXy2UYnW3JCsWkfH5oPifXUUmOVYujfMLNTC1nzWysT9APdipdANkXFuaaeBIdZ7ix2woZyjAJieBEpctytMC4vLA3BNvFg%2Bax5w3KFwKjh1oCyN4UaELms1D356akNNvZl51z4omTdV2g3WcwexVYgdmEPPmgokq2KMVXHs6JGoOnuaW9u2TGEoLGVzMo71YIcAwwZ%2BNSCj3Le4GX499toFOmQwHIncmi8DtTwkQBQ&mm_sceneid=1_0_127238467_0&a=xxc%3Dad_ztc%26mi_id%3D0000yhO_Dy9fuQRTQSTUE4eXTCJ3LU8bL-FYbDU5zhLMn2Q%26skuId%3D5772732760833&id=966309572292
752295859472,2026马年吉祥物本命年文创盲盒公仔桌面摆件装饰品小手办新年礼物,29.8,¥,首单价,龙葵旗舰店,龙葵旗舰店,回头客1万,900+人付款,浙江 金华,"官方立减2.1元, 直降1元, 热销爆款, 淘金币已抵0.33元, 包邮",主体材质:卡通 | 表面工艺:半手工,https://g-search3.alicdn.com/img/bao/uploaded/i4/i4/2207545631602/O1CN01bEQe2C1Nhlao2GAEp_!!4611686018427380594-0-item_pic.jpg,//detail.tmall.com/item.htm?id=752295859472&ns=1&abbucket=10&xxc=taobaoSearch&mi_id=0000lO4ejtrV0bbWlvyKeSgMDo-Amh-et-uQz3_OLVJiJIk&skuId=5885665778916
942673268919,官方正品ZIYULI又梨六代耀骑宴礼系列手办摆件模玩礼潮玩盲盒公仔,69.41,¥,券后价,tb086198083,潮玩集合社,回头客4万,300+人付款,广东 广州,"店铺满11减10, 48小时内发, 包邮",,https://gw.alicdn.com/imgextra/O1CN01hSm5Pl1qROJYf6yEn_!!2224965492-0-picasso.jpg,//item.taobao.com/item.htm?id=942673268919&ns=1&abbucket=10&xxc=taobaoSearch&mi_id=0000mMeBmMwWLTVfHi2WTk54NjPymq_WPuCOu59qL_SnYUA&skuId=5842087277499
966798269709,故宫淘宝｜文创盲盒惊喜彩蛋博物院官方旗舰店有趣的礼物伴手礼,25,¥,,影坊创意,故宫淘宝 来自故宫的礼物 故宫博物院网店 原创设计店铺,回头客10万,1万+人付款,江苏 南京," 3期, 退货宝, 48小时内发, 极有家",适用节日:节日通用 | 风格:中国风,https://g-search3.alicdn.com/img/bao/uploaded/i4/i4/144058574/O1CN012uMxmu2DCwzQF3GGV_!!144058574.jpg,//item.taobao.com/item.htm?id=966798269709&ns=1&abbucket=10&xxc=taobaoSearch&mi_id=0000u2wHabqbLdHmux89vCc4rtdlrTGITygkWCmCNrDVjsc&skuId=5953597466440
866587813001,【现货】正版又梨五代璀璨石刻系列盲盒可爱摆件潮玩公仔手办礼物,60,¥,券后价,喔喔城堡,AWM星球趣玩,,3000+人付款,广东 广州,"店铺满11减10, 48小时内发, 包邮",出售状态:现货 | 款式特点:静态,https://gw.alicdn.com/imgextra/O1CN013yLYmP1nkg7vakHoV_!!4088555128-0-picasso.jpg,//item.taobao.com/item.htm?id=866587813001&ns=1&abbucket=10&xxc=taobaoSearch&mi_id=0000kJMIp8Ub8ZuAB7IcQQOeHmTFbu5YO3k8IcZ04x_mh6M&skuId=5860817239680
973109783863,星斗模玩万代高达假面骑士盲盒福袋中古在线扭蛋机一番赏28次数,23,¥,券后价,tb723146774,星斗模玩,,200+人付款,北京,店铺满5500减500,出售状态:现货 | 品牌:Bandai/万代,http://g.search.alicdn.com/img/i4/7991976130/O1CN01dTyjDP1v9azq2lMoZ_!!4611686018427379906-2-saturn_solar.png,http://click.simba.taobao.com/cc_im?p=%C3%A4%BA%D0&s=1938818338&k=2393&e=FBulE%2Fgjd0zv33YkGP00oSdtjz6ZatnB2gsNyQw05GCTK5koeYX1Cjt595jKKfZqVLy3vx2L3u0eEqB2BmZptCLjtZ1lLzanYsrOuhx3ZHGQ0%2BrC205XhCJWKxMUCfMzssm52GKHCjGiIt0e9qqczMDbe0UDHj%2FlGfG21RJ0gTV4AEhH6ghUHIRX5iA3c7zoeB5iDkTepYYlNRry01q3hBkGZ7FVlmTKGTYy%2FujTJjFZk%2BB8MuYFUuQQN9L3A38hNNku8XMo4DJDJ7bWDakUy256EsuBJ%2Bq%2FoZ5i9GuzsBTd64gOft9yHORZPGFoYJeyqx95ULsfoZkfV1k7cPE4Lera9BQBN3XIy2h5j56c6KfJk3auFMtlDwV8vU4o8IHACi87AB0verKVEdNLXXwjFzCiIuxJ9I2rKeTHN179DiqC8YB3AYndZlB6G3P49Gjt8ZLzSeRKZwv%2B6V7Bm6gd9Nr%2BPUUUYpWBjWbUn0O3HA7AmF8fAnazp4Y00AwW2qkWRBsJ6dRMEkfYrEeeXvGbRsouJozbk6DtiMdg6YdrTaRTXtWw4ynCQ7ONKRB6LEp6mfti19jYGCPhn5mUih7RvgtEadqE2yHL1t7q0Hp7nNYvz2%2BSalcarK1S%2FUGM1L1KrsEIUEutCe%2FV2rlEEbYovouMp3%2BC%2FHLgXk84Xozh1BkCICs41463Hjzre2XXiLE8zYB01XjjLPVPGql7%2BglPrUaEjpkgXCSw86KerA%2BsZTwhz8g%2Bkh73ZFvwB3KmVLyZUuUEPdxHNUP2lTZYqqz3lSHJtAEBs1picNIj2JoeZJcE9BA068NM3DbCafbOwvB0zlzIt%2FGsRT26%2FbOmzNTCS9bfdOx7kEJi2dXh17g0Eqi4wR1e%2Beqc5PKvIgQGQbqH8Z1jN6Yhp3WUFrxLcUr6vUUDr3vrQTROdzUiu7BUuxenRSBFuQztn1S1medrF6fM%2F7Fj5eTAq%2Fjv1MhAb0lbPulQxpHIgRV%2BSqn02GbfOMq%2BMsnD7XymDSMSGyGEbVhoFu4NOUAdkWReztdPebt67WQASHUHKeCy6BKDd70%2B6uo9BN8AerTv6ER9XMA%2FGknqpe1vYVGnVzow%2FfhsJPqqzadGpSCkKkXZaAOMbqDenkyo5sTaQmxBKICl8jKZagg1nmQ8DOD23XhaECJL0AfbJV20mwxx8GRRg%2FUXI9rv%2Bg5SpxfPReCv27EuO1ddSKuQNPnRJY1e9WYRVAdQ3qGBwm4%2FmlFTjFGOu46fYPr1G5SULvzceOb9wf0DY7Uv3ixh9HDxQ%2B5PKofgnKtpxrIpTR%2BVJjt02GwdBNr3ETBER6TtUDr4d4mr%2B2JpzsAlzn%2F%2BoUs2YyARXSE63mpifypRclWWP9VW8cSPti6L6MYzwDjq%2FtWFk2wTcn3P7jyDbyqtg40edk9D77HJEKInzOa%2FWSmQ%2F1sKFZkcoHBa0QCt9aG%2FF%2Bv%2FAi5Rj9ozC8ev0haeAkTsMlPLolOa4Lq%2Fz54dCIjJgGDq2Ye0jQAJS%2FVPTakFKJrVGJkdKDpcbObenalcwb1TieWlqiGW6VG%2FWKlHBfYjlT0ZNjj0GHKj4I6%2BU9cG5hNrGt8vriYldOR2opEdGOsPWQitDfWvywQaV5qg7v7mUmqiblNbLpjgb1QXWnYLSciy2RbKWdyMM7zF4osoAOmaHQwi8R3uqhbpAHjA5EY80AqyzJw7nIvP4FkEm6sSjSy67YU6UOZ6ILXJiJg0gcwSNVLcE2P98tV2BU8Vhzw5zZ3XossfSCc52TpDmAuQymrMUKvswWCEbsVK4zaGHxghyskq2t5BRwq8j%2FnCqEJV%2B3Lrk1ZDIpjODD4dKiaLmoD%2BeWi0s3BzZchsoxXddgXH7uoQjL33OrcMPMn0T2kKwn1CTWbxf7%2FjPorlYwNj1cOKFkwh6Z5iJHgz7EBmklyRcAD87fLRJlt2tC3SfcT6I%2F04gUpwxrNJj5KYBBvniqGH6TFt2eb%2BcrO81f4rgnD1oL0oLsrQxv0ZgLhEIDroRSsoh2zW0su2eHlPaCKjd6Lav7IAzkd8SC%2BlbYfbV%2BHLCzWviQMWij%2BPqUft0AN%2FqEgAnRXXHHV9zhsw7hyMJvDc2aQfHccNYhcpeM8m3dNhkKIs%2F%2Bn%2FPIo8JYmy0aiEFGYjolmhKqCSg%2B%2FNgnyY7e%2FaktW4DE1qImQpzSy4AGUJZUujGiOBdel5GgXz0zii7wBBb%2F0VTAbioK1nd3Kj3AgbGHJyCe02vxii0LbOVhmaAdeZuOBMNWmNmIVRsdloZIRbCMS%2B1efGt1w3kIUb%2BwqObXezLrgiNIQsvD5Bl3vlI2QZoYxQYhqP1iGySHuUaxCWtj9DtrUo2Fx3bzNCGcI0%2F%2FOiKyCCk96WTKb8muC6v8%2BeHQjyJDliliA9WQ%3D%3D&mm_sceneid=1_0_7991976130_0&a=xxc%3Dad_ztc%26mi_id%3D0000qdHKr2j6om1cqnMOXDkpEC9BlWOnC7UAslaOeQQ3dGA%26skuId%3D5999704717006&id=973109783863
920703582902,幸运占库洛米盲盒手办潮玩公仔玩偶周边可爱桌面摆件女孩生日礼物,13.63,¥,券后价,tb048718131,大熊潮玩时代,,1000+人付款,浙江 金华,"官方立减12%, 退货宝, 包邮",出售状态:现货 | 系列类型:联名系列,https://g-search3.alicdn.com/img/bao/uploaded/i4/i2/3922602480/O1CN01zAMoQn1UBtKrL8i4d_!!3922602480.jpg,//item.taobao.com/item.htm?id=920703582902&ns=1&abbucket=10&xxc=taobaoSearch&mi_id=0000rCjK0qu9gZXAE6Py0e_J0UomZW9RllQeyW0vWECuvFU&skuId=5939864628776
971559024276,POPMART泡泡玛特泡泡萌粒咖啡工厂系列蜡烛香氛盲盒家居摆件礼物,99,¥,,泡泡玛特旗舰店,泡泡玛特旗舰店,回头客20万,3000+人付款,江苏 苏州,"热销爆款, 退货宝",出售状态:现货 | 品牌:POP MART/泡泡玛特,https://g-search3.alicdn.com/img/bao/uploaded/i4/i3/2885348004/O1CN01D1Ap2X28ztEUdjA8q_!!4611686018427382436-0-item_pic.jpg,//detail.tmall.com/item.htm?id=971559024276&ns=1&abbucket=10&xxc=taobaoSearch&mi_id=0000uKeUV7u_7I7vikacZyVuiRUWmq7sICHD0UTewnmlq9E&skuId=5930424233171
968095182445,[正品现货]POPMART Nyota四季时序系列手办盲盒礼物玩具礼物摆件,59.9,¥,,吻yun,FASHION大玩家,,2000+人付款,广东 广州,"48小时内发, 包邮",出售状态:全款预售 | 系列类型:联名系列 | 品牌:POP MART/泡泡玛特,https://g-search3.alicdn.com/img/bao/uploaded/i4/i2/630048486/O1CN0134UW0o2CYe6ERuuJg_!!630048486.jpg,//item.taobao.com/item.htm?id=968095182445&ns=1&abbucket=10&xxc=taobaoSearch&mi_id=0000H8-ZXs9eg_CT-O9TymFYFbEO5JjXWKZHEq1kWPWJB9o&skuId=6096254818208
891971924439,泡泡玛特THE MONSTERS拉布布航海王系列LABUBU海贼王盲盒手办礼物,59.9,¥,,李超越0922,TOP DOLL 俱乐部,回头客1万,800+人付款,广东 广州,店铺满299减3,款式类型:端盒 | 出售状态:现货 | 系列类型:联名系列 | 品牌:POP MART/泡泡玛特,http://g.search3.alicdn.com/img/i3/1392190029/O1CN01KtHidb1C5KbkrJI3V_!!4611686018427380301-0-saturn_solar.jpg,http://click.simba.taobao.com/cc_im?p=%C3%A4%BA%D0&s=1938818338&k=2361&e=UbLnQ5PCR4zv33YkGP00oSdtjz6ZatnB2gsNyQw05GCTK5koeYX1Cjt595jKKfZqVLy3vx2L3u0oGfwTu97e5Jt8L3CAoFFItjM%2FORgmqojDw3crq0RWtCJWKxMUCfMzssm52GKHCjGiIt0e9qqczMDbe0UDHj%2FlGfG21RJ0gTV4AEhH6ghUHIRX5iA3c7zoeB5iDkTepYYlNRry01q3hBkGZ7FVlmTKGTYy%2FujTJjFZk%2BB8MuYFUuQQN9L3A38hNNku8XMo4DJDJ7bWDakUy256EsuBJ%2Bq%2FoZ5i9GuzsBTd64gOft9yHORZPGFoYJeyqx95ULsfoZkfV1k7cPE4Lera9BQBN3XIy2h5j56c6KfJk3auFMtlDwV8vU4o8IHACi87AB0verKVEdNLXXwjFzCiIuxJ9I2rKeTHN179DiqC8YB3AYndZlB6G3P49Gjt8ZLzSeRKZwv%2B6V7Bm6gd9CtrTgtFK3imuxDiZtQUq3MOFtM%2FLMwYD9XRms77TGo%2BmEXMuEI3316E65MPX6yMYAjeufjveGcuv%2BYxai7oQ%2F3IqvC3lee5iHg0xB0fI17QytN5U70Kj%2BWA3bl64l%2BDfKphwgnPnqpe5MiFs53d1uXrYXnymxWHU%2BzSkWbWGPPrOwWF8KP%2FMNwTjQPfzlIr4LjjfKf203vvkkcYfGr55mKJ%2B%2BvT9eAhhH5lh3LuBuSw%2BinmLGpGD%2FRpDTsS%2FvfnyN3TdsoqIhvKFt22CkzQutWnTh5NyMB6cHVZ4D%2Bfsef1EOORYOIq%2B6F9GSunQljgsaGn9FYIh7Ggu2chEheXfX38FoaoG0UFgMaCT8UFZQAlkzDG4O058FfTLdkx6%2FPqpwnzOufML1%2FBSTJvr5QYjWF4tCa%2Fulymr%2FxdLv93lV7QfaQIboq%2FzFvqkIbsaCSX4ehMInx%2FLRRc2Pnv3%2F5%2FtkPZ0WraufnJtyEgyB7ksS3JPzBfTKwA5u%2Bt7G9WmPM15Pmt3WO%2Bzr%2BHEs2cZNrDcydecT9kEYaEnLQlkUu6blzFOh9qc8jlFEydAtJPNWscaTyzdLo7MXJsMlvqil5%2FHyF9%2FKZEkMpSCccozAYrg3bMAH4lEHhPr4rWhb2oq84uyuSEXeOLM4Bnh4iMpJLXGwvD0WyEN8kk77XF%2FbdlAi%2FkUXG%2BNe0rv1ddUIRANq%2FeI%2FQ%2FBeAqOyuMz7%2FO5j4MUnfun0RSeP09pwpiifkbfW5LMbSs7wt8r3RmWNhUyhJ40eJC3jkZ81xmb0D6bQA1NyXZjGCl853NZnFNxLAJABt%2FAfPFzjtCBBZLML0hJJAgJOthefKbFYdT7NKRZtYY8%2Bs7BYXwo%2F8w3BONA9%2FOUivguON8p%2FbTe%2B9fVFGOat2cDanbuRl0RH1ql2L6gER%2BrQq5gcrinyDLtmmtbMYDWH6a5A6EtxTKvpezjgeV8AnSt9dKelVpOVQa%2BnSkaC2hvvgDQhHMqOCdL7b2mDWSl1e1I7zMkJV42dwVtjw6LlMMsB6WmyUHWgR%2BN4HxQyIdtxjYk3w65crQGNG6F0px2ytdHBobbwj9ly6VELEOhx7p4kfjqLDHgwC%2B54KN0Upm0yVwieD2WuB0E4vsBzuxMZNxnzpDR3ZwBSWnTh5NyMB6cNJY1gb4xpVr3IwzvMXiiyhhxIW5qGdEaKdOHk3IwHpwhPhcMctyNg8iVisTFAnzM1mvEDZqdcqaEDZnxjkoOUP1esYYeG1tMzbIPrUJyzQ6c4F%2By6OgXv1uzZeBgBBwZK5QAyiTjicE7BxEAbDKt%2FiYQgq%2FDUfvqLVsta9oWjAC0iMZ8mJqM8hWsCB0rxhmUDJxJYHUR1v1RQOve%2BtBNE6Q%2Fb6rWrO%2BjKVNaRiLGNTnnYpOdzvUgqHSAlNWZPCxAB4wA3hB3eIcyCUi%2B3mSz2REOJ6D24IYDfU0UZN9DzNwmVElZzhPQ6z6fVlTdtIMWYrOXDl00QhedzmS1%2BgL8PSCteK7TcVzHPT3y%2By%2FyyJGYX3PY4O5acloDEc%2BzqfpytYagwk7yxLMun2S0TRFVUljL4H1rDt1XWwZrVAw7vZNg40edk9D77H6ynMWUPyXZJhnP%2BFjR%2FnuPMa9%2BPaLcXKiBOsuyx1SlAT6n4NP410I2kvTB2zlZPcRX9bbHmwPPrr9s6bM1MJL1t907HuQQmLZ1eHXuDQSqLjBHV756pzk8q8iBAZBuofxnWM3piGndZQWvEtxSvq9RQOve%2BtBNE53NSK7sFS7F6y9n4hdeQQyimwd0QbxcwVjXankwM7aPzViUB5XVO8zl3vlI2QZoYwKO771Fd2yqHvCxFtZ2GniCtij0VcJERzXc5q1hCgcJSCCk96WTKb8muC6v8%2BeHQjyJDliliA9WQ%3D%3D&mm_sceneid=1_0_1392190029_0&a=xxc%3Dad_ztc%26mi_id%3D0000vxHEJFnJioguW3AXiDuKajp7W8oXv3UxbqH_08zZv9U%26skuId%3D5904535498646&id=891971924439
957968013794,正品TOPTOY三丽鸥浪漫婚礼系列盲盒潮玩情人节七夕结婚礼物手办,28.5,¥,,tb6327804471,Do米乐潮玩盲盒店,,300+人付款,广东 汕头,"48小时内发, 包邮",款式类型:端盒 | 出售状态:现货 | 系列类型:联名系列 | 品牌:TOPTOY（玩具）,https://g-search2.alicdn.com/img/bao/uploaded/i4/i4/2218832086022/O1CN01y0j2061uM8BcuBimA_!!2218832086022.jpg,//item.taobao.com/item.htm?id=957968013794&ns=1&abbucket=10&xxc=taobaoSearch&mi_id=0000C5rfprPE6sv-sFVcU1tCtw-b6VheYvejZ6g6N8oyi5c&skuId=6050715926328
959139240640,SIMONTOYS罗小黑战记2手办12分BJD关节可动玩偶盲盒摆件生日礼物,220,¥,券后价,amiibo商店,萌次元,,600+人付款,广东 广州,"店铺满15减10, 包邮",出售状态:全款预售 | 品牌:SIMONTOYS,https://gw.alicdn.com/imgextra/O1CN01doosYU1FDWWmzbwoV_!!2212916590453-0-picasso.jpg,//item.taobao.com/item.htm?id=959139240640&ns=1&abbucket=10&xxc=taobaoSearch&mi_id=0000A0T7xnKCgdV--samwnoGDxUFzu_qbOjDUHbJ_aR3-ws&skuId=6192688314464
,,,,,,,,,,,,,
1008559108218,疯狂动物城2手办系列盲盒手办周边生日新年礼物摆件盖瑞的朱迪玩,75,¥,券后价,tb1491493448,有一间潮玩店,,500+人付款,河北 石家庄,"官方立减12%, 退货宝, 包邮",,https://g-search2.alicdn.com/img/bao/uploaded/i4/i4/2211208943255/O1CN01OO8N0c1ZuqJ9i5lny_!!2211208943255.jpg,//item.taobao.com/item.htm?id=1008559108218&ns=1&abbucket=10&xxc=taobaoSearch&mi_id=0000gSWAk92NiwEXHh2BybtlwFaidneOCu2ej9aSOFEwDr8&skuId=6178952803243
954604963843,52TOYS迪士尼公主系列旋转木马盲盒潮流手办玩具摆件礼物,69,¥,,52toys旗舰店,52TOYS旗舰店,回头客6万,1000+人付款,浙江 湖州,48小时内发,出售状态:现货 | 款式特点:静态 | 品牌:52TOYS | 商品状态:全新未拆封,https://g-search2.alicdn.com/img/bao/uploaded/i4/i1/3951599478/O1CN01rF2fUp2JsyvAAO5I9_!!4611686018427387766-0-item_pic.jpg,//detail.tmall.com/item.htm?id=954604963843&ns=1&abbucket=10&xxc=taobaoSearch&mi_id=0000qNWa1HQCWFTM261pwitx6lQxV37-oe90IEzmjn0KH38&skuId=4550376288590
966338131691,原谷动漫人鱼陷落甜梦时刻搪胶毛绒潮玩盲盒可爱玩偶女生公仔礼物,69,¥,券后价,tb458342223734,原谷动漫,,31人付款,浙江 丽水,"超级立减12%,  6期, 48小时内发, 包邮",款式类型:端盒 | 出售状态:现货 | 系列类型:联名系列,http://g.search1.alicdn.com/img/i1/7238045350/O1CN019k4Q601pOM4YDkfkP_!!4611686018427383462-0-saturn_solar.jpg,http://click.simba.taobao.com/cc_im?p=%C3%A4%BA%D0&s=1938818338&k=2401&e=ldsH3k9wD%2BPv33YkGP00oSdtjz6ZatnB2gsNyQw05GCTK5koeYX1Cjt595jKKfZqVLy3vx2L3u1EE6tkjqQRPFh413LSX3IcD4Yjh9txa52Q0%2BrC205XhCJWKxMUCfMzssm52GKHCjGiIt0e9qqczMDbe0UDHj%2FlGfG21RJ0gTV4AEhH6ghUHIRX5iA3c7zoeB5iDkTepYYlNRry01q3hBkGZ7FVlmTKGTYy%2FujTJjFZk%2BB8MuYFUuQQN9L3A38hNNku8XMo4DJDJ7bWDakUy256EsuBJ%2Bq%2FoZ5i9GuzsBTd64gOft9yHORZPGFoYJeyqx95ULsfoZkfV1k7cPE4Lera9BQBN3XIy2h5j56c6KfJk3auFMtlDwV8vU4o8IHACi87AB0verKVEdNLXXwjFzCiIuxJ9I2rKeTHN179DiqC8YB3AYndZlB6G3P49Gjt8ZLzSeRKZwv%2B6V7Bm6gd9PYbJITERIRCA4A%2FWiGu%2B3fAmF8fAnazp4Y00AwW2qkWRBsJ6dRMEkcFoXywCvQcOHCJgE%2B%2BLntcxBLyKXB1gK88J2As2MoRvUxGxw5S19LBXbBc5yPhMnrt0Nv5bp20uMzKyUmTtDNjqKFnx90Aw1d181Hd3B4%2FORXOJiZeovPBFktC7gfCmd9TKJ2kgFYeEcohP06JwVqHw78w18DH%2Fxbdg7uroGXNptlng9nj0vGFeOwiaPeznJ7zkuB56EowFY8ZSD5V0J1ns9E2EVL6Xxu34SafXu%2BtZO9wMnimqRm8nmeWNa9rUWMaD%2F3%2F5dxcOZgv9wHUnxd0vrQxMX%2B5KRRpBAnlOsiKq3xxP80wX5wTwe0wiKWlz%2B6GVmBwkirLWsslfEuFUZAkfgBzKS294WXUUmOVYujfMLNTC1nzWysT9APdipdANkXFuaaeBIdZ7v4IyELDlL9zTDVpjZiFUbEfezl77HtJhvTvflrADQYHnmeWNa9rUWOXe%2BUjZBmhjNWulsK6jGs8q7cnZZblgGEtK82Fc4sYRt8aOgXVZPeGmlxPx2g16iDfQQBTv6lWPeLd26qIvfEWPT6jGMQ%2FN48Sx4WuY5Hx%2BkpuBI04wt3yf9h1FdN%2FBGAuHXnWlsyfZLwxfjY2ki%2BscB%2FF0xQzQZfj5MuP%2BaqSpQ9xB92Vj2t6GgKjLolq2FghOtS0gKyksybRj7gfaUmEM9ZSIMB8KTvf1VIV7RTMP1wfyxvV%2Biej7qNvemOPYLwSaeaCTVOZu2zTGDSYKSbjbziVytvmHd%2Be1D6dVaV2niy4d8Tj8zw9YJdNUQT31Hu8UoJVC8%2B24KkOPV8qByIchICQg%2FYiqEhKP4Lc03NGj4O4G0IQxrUkJM7GQL4QiyuS72ny0Khkk%2FarD4lrXGLrDIQJrHMVdz0Zm1vJHdgJuhx1fc4bMO4cu8acjLWkV7hD0OQYWzEDNi%2FAW1t2UEs5thCwX5TPxuz6n0iSqxDRU%2FNiqOsYinkRRQiTgmENtPrqKcMUdLOXpWiuOG0kqqyq1TVgHdkg%2Bddu%2BDrKhA6NyA4eaMNwgVJjRGqiXThhJK5cqMyINP%2FTKpf9R2O52htbXlAMbmVBmldtzdZQsTbCjEWtLLmQ0OUTwNunEv53Mzrw3joOlCubwDTCLEZEQ7SNHwWqaMw2RXl5jsoc1K4oUGKPOKwq%2F2UsF7H57w1Fp67gis5IsByVcdmIr8uYNQfrvZEqrF5KovsQ3BY8F2CEEr8iaXj9PQ4SMvL6vKjtEkSDjsM1ojaCbpaGX25%2FCLrEP77toQmEJ9J7Jz9bkeDr34krXqkc%2Fd%2FwwS6aSVOeQU5gLbDom%2FlG2kgMq90q1D7p6dAGyoxyqk7LIvMtHZEwl2RxUiD14wYDYkJjuK0SPdJwc2XIbKMV3XYFx%2B7qEIy9KWIQ9Rc1EM3mw%2FQFKoDL%2FH%2B%2F4z6K5WMDY9XDihZMIemeYiR4M%2BxAZrODfHB5%2BP%2Bdpg62C3IIl4DE%2BiP9OIFKcJ1L5f4G9NTM54qhh%2BkxbdnjjYEZ3ICS%2B3c5ktfoC%2FD0grXiu03Fcxz098vsv8siRmF9z2ODuWnJaAxHPs6n6crWGoMJO8sSzLp9ktE0RVVJYy%2BB9aw7dV1sGa1QMO72TYONHnZPQ%2B%2Bx%2BspzFlD8l2SYZz%2FhY0f57qyckOJockmEtQnRBiT9cDHtU%2FZ%2BcPfDwZHxELkyp%2Bjf9vFh2GRGQPAtZjcrtVRkxLxdAxbcbaILUMgthpWzC91MzrHKtJCu%2BurkdsO9%2BwC2jT1UIS4yomAWv2HSQwbwv6x5w3KFwKjhdYttzXexths8Wz%2FxXVDLzuyj3r5U3%2BoWYxnGJS%2BVqsrDzEGks1Wv3EPQ5BhbMQM2eJtTIJJwYz9ierbVCplbDWjDYmL1X%2FegSUQMHQFJdi5O9bKRRkwqrhwxwizv2I2f&mm_sceneid=0_0_7238045350_0&a=xxc%3Dad_ztc%26mi_id%3D0000_0tOBwFnSicxn-BZkc7bb3_kyR9qUvDP_Y-xctT5Pi4%26skuId%3D6191475523556&id=966338131691
1008000177769,疯狂动物城24入盲盒洞洞乐抽奖玩具儿童礼物学生奖励小礼品男女孩,50,¥,券后价,kittie丶楚公主,楚楚公主精品盲盒店,,2000+人付款,浙江 金华,"官方立减12%, 店铺满99减5, 24小时内发, 淘金币已抵0.47元, 退货宝, 包邮",,https://g-search3.alicdn.com/img/bao/uploaded/i4/i1/1972900178/O1CN01qNoIBZ1DBZc7oh9CV_!!1972900178.png,//item.taobao.com/item.htm?id=1008000177769&ns=1&abbucket=10&xxc=taobaoSearch&mi_id=0000mbIaxfsYWiQDt0RyjFHDQSz76C8cnv6d5_HtLCtQJSc&skuId=6007589905231
954125510110,【X11海绵宝宝联名】比奇堡居民的一天系列毛绒盲盒潮玩可爱现货,59,¥,首单价,x11旗舰店,X11旗舰店,回头客5万,5000+人付款,广东 广州,"直降6元,  3期, 退货宝",出售状态:现货 | 品牌:vef,https://g-search1.alicdn.com/img/bao/uploaded/i4/i1/2214655489302/O1CN01csABQI2IaNJ8jObLA_!!4611686018427385110-0-item_pic.jpg,//detail.tmall.com/item.htm?id=954125510110&ns=1&abbucket=10&xxc=taobaoSearch&mi_id=0000xEORp0XmU8S8WoGfzuTFksdND_vxAtKRvpTcKhufPCw&skuId=5967526041931
897852611820,Rolife若来Nanci囡茜巧克力缤纷小熊系列盲盒公仔玩偶摆件礼物,99,¥,券后价,oristaco旗舰店,Oristaco旗舰店,,700+人付款,福建 泉州,"官方立减12%, 退货宝, 包邮",出售状态:现货 | 品牌:ORISTACO | 商品状态:全新未拆封,https://gw.alicdn.com/imgextra/O1CN01MhztOP1bQH74yvGVr_!!2217195163459-0-picasso.jpg,//detail.tmall.com/item.htm?id=897852611820&ns=1&abbucket=10&xxc=taobaoSearch&mi_id=0000DAbb7m23sfsbAceGvoe_lXQ4DKbDSAUKHuuCtFgkJwA&skuId=5873451688124
938598934656,密密主正版盲盒手办神仙家族许愿好运玩具潮玩蛇年摆件年会礼物,55.1,¥,首单价,密密主旗舰店,密密主旗舰店,,400+人付款,上海,"直降7元, 店铺满99减10, 淘金币已抵6.9元, 退货宝",出售状态:现货 | 商品状态:全新未拆封,http://g.search1.alicdn.com/img/i1/7889604787/O1CN01SDW7mJ1lEV3E2fLT7_!!4611686018427383987-0-saturn_solar.jpg,http://click.simba.taobao.com/cc_im?p=%C3%A4%BA%D0&s=1938818338&k=2445&e=Ff8VQoNZtW%2Fv33YkGP00oSdtjz6ZatnB2gsNyQw05GCTK5koeYX1Cjt595jKKfZqVLy3vx2L3u3LFiBaRBAJWdSBwXlrBU7GjT7NEFas%2BNHDw3crq0RWtCJWKxMUCfMzssm52GKHCjGiIt0e9qqczMDbe0UDHj%2FlGfG21RJ0gTV4AEhH6ghUHIRX5iA3c7zoeB5iDkTepYYlNRry01q3hBkGZ7FVlmTKGTYy%2FujTJjFZk%2BB8MuYFUuQQN9L3A38hNNku8XMo4DJDJ7bWDakUy256EsuBJ%2Bq%2FoZ5i9GuzsBTd64gOft9yHORZPGFoYJeyqx95ULsfoZkfV1k7cPE4Lera9BQBN3XIy2h5j56c6KfJk3auFMtlDwV8vU4o8IHACi87AB0verKVEdNLXXwjFzCiIuxJ9I2rKeTHN179DiqC8YB3AYndZlB6G3P49Gjt8ZLzSeRKZwv%2B6V7Bm6gd9CtrTgtFK3imuxDiZtQUq3MOFtM%2FLMwYD9XRms77TGo%2BmEXMuEI3317PCq3pDlW1DgH%2F2bdhDPcceK%2B%2Bcw9v4qXb20oVsqev6HdYWH1UT3fqfZ%2Bc8Ygq0kvMFxrUIAg9Zwq66yIs0c2OFX3skr4RsVMvYB8ZWh3VjEceXQDMdThQdb3blI%2B6LNWMon6Eyga4zgdGQ1W%2BY8LelD51fIL6PRlBJtnja8AGcp5nHLVvGG%2FN%2BHfkWfI%2FCgJpDTsS%2FvfnyN3TdsoqIhvKJdLYhaiFl%2F%2BXDcHZ3h0p73C91LCD%2FZdjnE3uAPFF5rrXs2vqXs2uMvGqazaT12rIeCr83W6xJoUaZXoJYE7z%2B93vcxu%2F%2BUt58aprNpPXashUMBSg0kmi8AUx56j17DH%2BlLy9Uk%2F2CwJNaiJkKc0suDmCwGuv5ku2gXXpeRoF89M4ou8AQW%2F9FUwG4qCtZ3dy86ETeIS3Ha1M2kF0Ww2gtU5mpn3e2YLd%2FXZedW4cwMd4ubLIF4y8G9i69fWcAEBYOyABbNQZcJrDx6IFv%2FM%2BCUV%2BCPfLCuxURjf9oUdlY4ENHX8B%2FTQXQ29%2F%2BgekBiyquRDRmgVHs7w9BN8AerTv6ER9XMA%2FGknqpe1vYVGnVzow%2FfhsJPqqzadGpSCkKkXZaAOMbqDenkyo5sTaQmxBKICl8jKZagg1nmQ8DOD23XhaECJL0AfbJV20mwxx8GRRg%2FUXI9rv%2Bg5SpxfPReCv2zeBHrs7y6ZVJbjkiQ4Ys14RVAdQ3qGBwunPDxwACMHKu46fYPr1G5SULvzceOb9wW1rScVYXYPt9HDxQ%2B5PKoebaeatfZjEQV2JI3uiilSScYiWojHsSKv%2BOXXY2T8vhzH0322S3SEUmMKAC3VS88Q8SoDi6d%2Blm0ZoBiZlgs4WIIuUpV%2BY9z7vTn9uxeJV2Yb99f5i0a77UVgWyBLSeelR1zVsbFihNjeuOBW2aT6W174xj%2BYAli4hYSJnGMJA4OUnQGF4zDi5L0MnrCvldevI56EPN5gdxgst%2BkIA2v2513QxcUOSNDb3gy14J28tcI2DFq5x%2FvZLr9Sc9QPsvpT1uPa7fEWL31RDoILSZlmNSfIHhB4Z9zN%2BS8OwahvZh56WCZkMQl9y8FQ2hcb9axh7x3RDq64gnXFM6zIYc%2FnMCVP0M7HfrhEBSheSmX2JI0yKX%2FLK36uOUYqJjnZWaZCXDcHZ3h0p7%2BeC3faoiw203IwzvMXiiyiaZ1wN4MV8jJcNwdneHSnvhlEUXADrwooiVisTFAnzM1mvEDZqdcqaEDZnxjkoOUP1esYYeG1tMzbIPrUJyzQ6c4F%2By6OgXv3VkZ9W6zpRBMdtcgld9Nx6KDCRcWt5PBvSAlNWZPCxANML4CuuQnctOnp719oepQzEpC6prBhGyRQzF6YUa1KirHnDcoXAqOENJGi2TKNnhiuzBSbrDMsca5ucIBYvhfMJgx0fIMqtvUY7%2B0IeW8w3xkEAeqBMEqiZAFZFF%2B8nlISGshzN8y6U%2FF4YK9c2S1OUQC8JqTEnZrx35jmJSUvdrQBGMvp4w0OCcPWgvSguytDG%2FRmAuEQgOuhFKyiHbNbSy7Z4eU9oIqN3otq%2FsgDOR3xIL6Vth9tX4csLNa%2BJAxaKP4%2BpR%2B3QuqF9KtJpPcKWFjayrqiFA1zNkTR%2BFf%2FEnQT%2BAlOY0pQ1E%2FiUnkavmwBjgSGQNuXSPcJ3MEwy9QBgYgTlsj%2FWf6okqNnzwSuyhB%2Bgicx%2FVgUyF4Fq7SM15f8PPuKNUbM10CEpdx%2FSmrkb2tvs%2FmxtYFuBTrCzjrvfhpYlWeO%2F9%2BVyHOoygCtrJxEhjPMLun1mdzUiu7BUuxeF2mGksG1pF8PHogW%2F8z4JwppaSFfvCyyKDOkVoQ417Jd75SNkGaGMjIxCRJDN4h33jd5mfZfCMuEfYsfOb9xndyNeR6wlEvgggpPelkym%2FJrgur%2FPnh0I8iQ5YpYgPVk%3D&mm_sceneid=2_0_7889604787_0&a=xxc%3Dad_ztc%26mi_id%3D0000iDpZVFgb9x0Nsg7tDas9tLVGKfViMST60Jg6Ynd4FAA%26skuId%3D5833517468526&id=938598934656
1007759608053,【原神官方】童梦奇珍系列Q版盲盒盒蛋 Genshin,414,¥,,原神旗舰店,原神旗舰店,回头客60万,1000+人付款,广东 深圳,"退货宝, 包邮",角色名:原神 | 品牌:原神,https://g-search3.alicdn.com/img/bao/uploaded/i4/i3/2208460416125/O1CN01rYAC4C1v7J1Cb2t4t_!!4611686018427380861-0-item_pic.jpg,//detail.tmall.com/item.htm?id=1007759608053&ns=1&abbucket=10&xxc=taobaoSearch&mi_id=0000KMTYB9uZUEKrFkTXKswRNN20z0cqvmqI_870sARKX4I&skuId=6168192011098
763023321308,现货疯狂动物城花花动物城系列盲盒朱迪尼克永生花女生七夕礼物潮,36,¥,券后价,tb068540_2013,Super Toys超玩商城,回头客3万,1000+人付款,广东 广州,"店铺满15减10, 48小时内发, 包邮",款式类型:端盒 | 出售状态:现货 | 品牌:BESTINE/柏治廷,https://g-search3.alicdn.com/img/bao/uploaded/i4/i2/1598373758/O1CN01M0YcYJ1ddDWFE4Bsy_!!1598373758.png,//item.taobao.com/item.htm?id=763023321308&ns=1&abbucket=10&xxc=taobaoSearch&mi_id=0000e8_c24UMzhGC9v-koFpzz8irYUosp-7X6enu8YrMw1I&skuId=5968869625430
887528540162,正版WAKUKU毛毛潮趣派对系列搪胶手办摆件盲盒毛绒娃娃女生礼物,62.35,¥,券后价,tb086198083,潮玩集合社,回头客4万,5000+人付款,广东 广州,"店铺满11减10, 48小时内发, 包邮",款式类型:隐藏款 | 出售状态:现货 | ACG作品名:K | 系列类型:联名系列 | 品牌:熠起 | 选购热点:淘公仔,https://gw.alicdn.com/imgextra/O1CN01TnHMb01qROJYDfpeq_!!2224965492-0-picasso.jpg,//item.taobao.com/item.htm?id=887528540162&ns=1&abbucket=10&xxc=taobaoSearch&mi_id=0000x92sPpM68TG9nvJuJPSzY1oH_xjI7rHk9674wIRbL3A&skuId=5817786736784
1007815174960,【官方旗舰店】SUNRISEPOP胆大党周边高速婆婆达摩手办招财盲盒,59,¥,,sunrisepop旗舰店,SUNRISEPOP旗舰店,,1000+人看过,广东 广州,"店铺满199减10, 退货宝, 包邮",款式类型:隐藏款 | 出售状态:现货 | 品牌:SUNRISEPOP | 款类型:隐藏款,https://g-search3.alicdn.com/img/bao/uploaded/i4/i1/2215603771839/O1CN01u5GcUc1PSJTuRlYSJ_!!4611686018427386303-0-item_pic.jpg,//detail.tmall.com/item.htm?id=1007815174960&ns=1&abbucket=10&xxc=taobaoSearch&mi_id=0000R56l2wZhi7GseWTzWhH_koZxjyGt0KddO2m1pK7_YLk&skuId=6012233144195
996629624220,【官方正品】疯狂动物城2盲盒小夜灯尼克朱迪联名周边手办摆件,25.71,¥,券后价,越途旗舰店,越途旗舰店,回头客1万,700+人付款,湖南 长沙,,单款概率:1/8 | 款式类型:端盒 | 出售状态:现货 | 品牌:越途,http://g.search.alicdn.com/img/i4/521550071/O1CN01nYcGQ61COZExDoViH_!!4611686018427386103-0-saturn_solar.jpg,http://click.simba.taobao.com/cc_im?p=%C3%A4%BA%D0&s=1938818338&k=2381&e=XFdH9S91IHXv33YkGP00oSdtjz6ZatnB2gsNyQw05GCTK5koeYX1Cjt595jKKfZqVLy3vx2L3u1wKz1rwGXpg4hP%2FFOjgi9Lr5gAEKz9ITLDw3crq0RWtCJWKxMUCfMzssm52GKHCjGiIt0e9qqczMDbe0UDHj%2FlGfG21RJ0gTV4AEhH6ghUHIRX5iA3c7zoeB5iDkTepYYlNRry01q3hBkGZ7FVlmTKGTYy%2FujTJjFZk%2BB8MuYFUuQQN9L3A38hNNku8XMo4DJDJ7bWDakUy256EsuBJ%2Bq%2FoZ5i9GuzsBTd64gOft9yHORZPGFoYJeyqx95ULsfoZkfV1k7cPE4Lera9BQBN3XIy2h5j56c6KfJk3auFMtlDwV8vU4o8IHACi87AB0verKVEdNLXXwjFzCiIuxJ9I2rKeTHN179DiqC8YB3AYndZlB6G3P49Gjt8ZLzSeRKZwv%2B6V7Bm6gd9CtrTgtFK3imuxDiZtQUq3MOFtM%2FLMwYD9XRms77TGo%2BmEXMuEI3317VG62wnXoJKtvGzkCaWEduJKQLn7Q1o0FgrCWEhyRwBBV%2FvDa%2F%2BwhdrXAGp%2BkpxWovaBWV9b00Psm3mWWhCmVOK9uAyBjM1TqHkSrhbbIVs%2BOE2HvBpoTUyn2TbNDExwAuTCQGs5j3XWkMTobYlSWMJ9KbPW5FzsiJ%2B%2BvT9eAhhD23io%2FBONlLKah25UvxYozXb9AWzB3cLY9iUTRWLuD7ep5aWUkYdZWV%2BToNaDL4yXd4EZz2NkQlWLROImfyGjwhuauHhQnrVY%2BsxhtPz8E4jsc%2BSx1CB9RgPoN%2BbObOKgDCUHhWaAT1ldlJJqnGmRC6%2FbOmzNTCS4RgteIU4OMv2dXh17g0Eqi4wR1e%2Beqc5PKvIgQGQbqHJ7ZvTHiBUVDVj5T23ApN70UDr3vrQTROZwcfiC3oFg7bxs5AmlhHbn%2FzYYCljmBZ%2BdxkcEZV1u34E7SuIxRjHjNdyWF%2Fl91iUNElAeWRL7KUH%2B%2FzGF8hJ3JxXuHyvwqKKHXD5JfP%2F7F1JR%2Bu%2BHhk1kFQ7ahYFx89Qv2UX8z%2FW6BMlsmTT%2FmJxVkIFqetj08Ym6rtkbQj%2Fix9YrM7a6KoqE4WNH1raW%2BkBruMnrTnD15OLa5tiqTiwoMOyv%2Fi%2FET%2BSFGS12Th3O5ilgNxpr%2FuDG%2BqaE2VP0M7jVesE2RUd3X6IZrxPH274Cprnkioy8OB31K3fuON9FyLhiASWBsGeENVAYcUlV4%2FEqcox8T1W2DTDcyDlhyAuUipckad%2FihLr5MQTelICZA%2Bi7EWlb5aWxV%2FvDa%2F%2Bwhdwd3sgATnFYNlhagQ3PX23cm3mWWhCmVOKSR8ttMPGVMY%2Bfx%2BuFtySyPuQSWDph4Ng40edk9D77HJEKInzOa%2FWQcn32jG8rzefsKcke7I8DFYmZppx8Y221uWx1lMYG59AkTsMlPLolOa4Lq%2Fz54dCIjJgGDq2Ye0jQAJS%2FVPTakFKJrVGJkdKDpcbObenalcP7Gr7nZ3UrTgxaM4ibPKoLRo%2FsUzgOzMX%2BufnP7Z4dfPEb9ecWpDG3qe%2FRycdX9DtRUjXT94E14RFSQyEDjQacHWoSeh32AdBwsbuIUfjmBwCqlfLzUd9pX5Og1oMvjJQGXvj65BUl8XsfnvDUWnruCKzkiwHJVxlfk6DWgy%2BMmIv%2BLEVFQDH5yLz%2BBZBJurEo0suu2FOlDmeiC1yYiYNIHMEjVS3BNj%2FfLVdgVPFYc8Oc2d16LLH0gnOdk6Q5gLz66vfMqXVpPluPv%2Bn4rPNB8YIcrJKtreO%2FyCZ9Ku4QxCVfty65NWQ7hH9ai0FPB0vVc6iRfDuxgUMxemFGtSoqx5w3KFwKjhDSRotkyjZ4b%2BILFgZy4O2J9QeQPT6BkJCYMdHyDKrb1GO%2FtCHlvMN8ZBAHqgTBKocA56jPF9wrKEhrIczfMulPxeGCvXNktTlEAvCakxJ2a8d%2BY5iUlL3a0ARjL6eMNDgnD1oL0oLsrQxv0ZgLhEIDroRSsoh2zW0su2eHlPaCKjd6Lav7IAzkd8SC%2BlbYfbV%2BHLCzWviQMWij%2BPqUft0AN%2FqEgAnRXXHHV9zhsw7hyMJvDc2aQfHbXh1VCxD5IZmZzArKGw4KNMJzJrF0BGktwkQCEoyKmE3m%2BGfuoyUWAc%2F3gtwjhIkOpjwbAfNtTdYM0bF5KVtPguPbYhzRnEH%2BOAbT0dcNwv7DVZqA0lf5sQ3cVUANAg2kCo6%2B%2Fx4L3p2Pnv3%2F5%2FtkMviLgFnk3n9xigidwZBjbulfk6DWgy%2BMmYExLIp7XQPOACI6pz49HjGIxWx3sgDfLWsHTQF0cgrGS3hYR7gViYKgG3Ae8FVMJnIo3OlCop44RgnKsmvSFJ8S5DqCILfYE%3D&mm_sceneid=0_0_521550071_0&a=xxc%3Dad_ztc%26mi_id%3D00007csDFfPfWKYy_Sa64Lev1fx4_yXlV08Q0OQgNmSDeig%26skuId%3D6016225065685&id=996629624220
960194545745,Rolife若来Nanci囡茜巧克力缤纷搪胶毛绒小熊盲盒可爱圣诞节礼物,79.8,¥,券后价,tb068540_2013,Super Toys超玩商城,回头客3万,1000+人付款,广东 广州,"店铺满15减10, 48小时内发, 包邮",出售状态:现货 | 商品状态:预售,https://g-search3.alicdn.com/img/bao/uploaded/i4/i1/1598373758/O1CN01syxxaj1ddDQcyaOi0_!!1598373758.jpg,//item.taobao.com/item.htm?id=960194545745&ns=1&abbucket=10&xxc=taobaoSearch&mi_id=0000We83AhFN9LGJzRDLDwW0wKLJhIqrK9sUObWgmsOYFME&skuId=5827529702933
960910686046,2025新款库洛米幸运系列盲盒库洛米手办可爱摆件女孩生日礼物版,25.9,¥,券后价,小二郎玩具手办17,小二郎玩具手办,,300+人付款,河北 廊坊,"淘金币已抵0.23元, 48小时内发, 包邮",出售状态:现货 | ACG作品名:DC漫画系列 | 系列类型:联名系列 | 品牌:KUROMI | 商品状态:全新未拆封,https://g-search2.alicdn.com/img/bao/uploaded/i4/i1/2214227875271/O1CN01EKZJwD1ooAfwJPBZe_!!2214227875271.jpg,//item.taobao.com/item.htm?id=960910686046&ns=1&abbucket=10&xxc=taobaoSearch&mi_id=0000MaaIvP3KBGteV40njSJZZjUktvJwl5ZNsLfnbajcfsc&skuId=5828169162375
858154021741,泡泡玛特 我们都是星星人系列盲盒时尚潮流玩具摆件礼物手办公仔,28,¥,,林下之夕rea,UR TOY盲盒商城,13年老店,3000+人付款,广东 佛山,"店铺满29减3, 48小时内发",出售状态:现货 | 系列类型:联名系列 | 品牌:POP MART/泡泡玛特,https://gw.alicdn.com/imgextra/O1CN01URbXPH1wpYuB3fhZl_!!524736357-0-picasso.jpg,//item.taobao.com/item.htm?id=858154021741&ns=1&abbucket=10&xxc=taobaoSearch&mi_id=0000N9UYmRsSMUuveEqHAo1ovrb-yLddWCj8rQWqd7u8l9w&skuId=6021909742730
878500531402,周杰伦官方正版周同学游乐园毛绒盲盒公仔包包挂件手办情人节礼物,84.2,¥,券后价,ishow0716,周杰伦国际后援会,,3000+人付款,浙江 杭州,"24小时内发, 退货宝, 公益宝贝, 酷动城",款式类型:隐藏款 | 出售状态:现货 | 品牌:周同学,https://img.alicdn.com/imgextra/jz3_1/1756600142/O1CN01pT3hG61Cv5HZKk9ef_!!1756600142-0-alimamacc.jpg,http://click.simba.taobao.com/cc_im?p=%C3%A4%BA%D0&s=1938818338&k=2361&e=PQeFx3AkYB3v33YkGP00oSdtjz6ZatnB2gsNyQw05GCTK5koeYX1Cjt595jKKfZqVLy3vx2L3u0f88vnRuqh4VXcslJn8r7Dujtc2qEzzj1ejbTWDQfVHyJWKxMUCfMzssm52GKHCjGiIt0e9qqczMDbe0UDHj%2FlGfG21RJ0gTV4AEhH6ghUHIRX5iA3c7zoeB5iDkTepYYlNRry01q3hBkGZ7FVlmTKGTYy%2FujTJjFZk%2BB8MuYFUuQQN9L3A38hNNku8XMo4DJDJ7bWDakUy256EsuBJ%2Bq%2FoZ5i9GuzsBTd64gOft9yHORZPGFoYJeyqx95ULsfoZkfV1k7cPE4Lera9BQBN3XIy2h5j56c6KfJk3auFMtlDwV8vU4o8IHACi87AB0verKVEdNLXXwjFzCiIuxJ9I2rKeTHN179DiqC8YB3AYndZlB6G3P49Gjt8ZLzSeRKZwv%2B6V7Bm6gd9BVyC%2B%2BO85BxSSXoyFJwtpe95cBDAg7jhVm9lpwR6T3COOVWiyCIYclh2T9oXqTkwltOpBTyVa5SQ8GGEq29nHFNX4y3%2BOQ%2BM3df7NhLlhwaE9LVxUPVoJuWa2alzp3%2FHZZWCqTn6cyMlGhLA03jomwb%2FJZZeiQ5Ky7IYnQ0%2B3lpneXPEKsdwJxry8CfQTkLWyL3cATtJmMRgu19GYultpBUW11pW3r4EmlMOvXyDdnCZZTJLbN9PBCiKSGsV0a%2FkrdjsIoLFV%2FuVuZjhu468oWPYlE0Vi7g%2B3qeWllJGHWVTV%2BMt%2FjkPjOgdifCX9xk3cemfZpoygQTO1DLl4A34P2jwDsb3TdY9XSIKlf1uQgLRZA%2BhfdPjprYHZR9Y%2BfXO%2BWMsZug3tqT5Z0y74btqdBV06rAW%2BOJhp0MDkk9VM6jqeK7Qv7FDVPFVDHLHP54Iw69cMRvRWTJIzrrwcRMQPuIAu1phDyEYAEKSizAC5A0YY3JscKy8lbmDWntjqTTiA8a%2BEhcoLxW7e4qg1hc1KZHkzBeQYhNYJGTeNTryy0oBbuQd5YJ2AsDjM0IYELT%2BFegueWmQq%2BuZIgPxeay3v1OugEBwGCACFJGGdUM3KbKAzCxnzlTrS%2BuFZV%2BVoooIU0O3x9tHFIUXg1kOl40r%2BmlpFU8LrSGi%2F7dBDGtPTMhawNhSAMtO9aJwTtoMmdC3IwxGEVsVfEVqPYXSJyLQV9cgLU%2B%2Bly6WhuigA3vSkksfXgqtI%2FXnJoesdMrP3kkbIckTsrwxzKMD8syW%2B7kG7mn83g%2B8s7lBDMfl33ezUoxYVsYYI3nc1XwXStcU9ghqf%2FmPAqaHEWhXK1BBaT5sreLzc3RK8q2z1t59CgFc3Kb5aYtv4Bc3hxV3VqwStyNaBbUT3S4cMZFilkVbSzEUzsRuLwD1sC%2FFvSHTOtDjscGQr8jxBSMLML4JVddGCF3fAkfttuCy7gf0tpbe4MSln6OJZSE5CJzHjWuBSWG2SkyXfDbo%2BusA6nneodoD7T3EUxaprQitm%2BMBjchV6Niuboc4C%2BedIcRkU3OcDxLy4R9k42I0ONobSIdq8W05n61kwx6oOcVrrW72yuU4vx6cUoBxgLhwD2uRHzSbKRvD1HUcvYbRtqpG5TPmOV4NAXZJVxq7EOygbPmipFyGGTENsRQn%2Fqq90Jtbfvmq33M7tMuXGrsQ7KBs%2BZMFOht1njQYxM5CemeBHL9gLdptzsmF39uxqmPYpPvuxTiAM17sz5rqxuJViUhbLlQLP0aPN9rK40n%2FjW2yUOJOv1pfK8zDI4eDaMMKsXX5bP6MpkUe59JOPkoRUcUdY3yOwjmVaNQaScwKmJWkvgT%2BK5%2FHXYjs%2BtOZqZ93tmC3XYb0TV%2B3Dr6DQ5R7FtM361%2Fv%2BM%2BiuVjA2PVw4oWTCHpnmIkeDPsQGYeCdNJk3a9xdEmW3a0LdJ9xPoj%2FTiBSnDHIRezLMNU%2BeeKoYfpMW3Z5v5ys7zV%2FiuCcPWgvSguytDG%2FRmAuEQgOuhFKyiHbNbSy7Z4eU9oIqN3otq%2FsgDOR3xIL6Vth9tX4csLNa%2BJAxaKP4%2BpR%2B3QA3%2BoSACdFdccdX3OGzDuHIwm8NzZpB8dwd4tZkG0mxVFfWqW2s3Pc%2F88ijwlibLRqIQUZiOiWaHDJyVANJBZUhilxeyE2R5DeLgU79j5Mf7oowNMw%2F2NYy49tiHNGcQf44BtPR1w3C%2FsNVmoDSV%2FmxDdxVQA0CDarTCtTRLCUgXY%2Be%2Ff%2Fn%2B2Q5vfe7fjR2K97hJupFwNs6%2FRX22dkXf3vvv%2Fw%2BDn48Y5w8xBpLNVr9yoZPaWFSFpPjROG58ubTpWjiWUhOQicx5ow2Ji9V%2F3oElEDB0BSXYuTvWykUZMKq4cMcIs79iNnw%3D%3D&mm_sceneid=1_0_52450797_0&a=xxc%3Dad_ztc%26mi_id%3D000029c0AojNEfX1OwH7Jk2TEkefymD8I-ZZlhO_xKD7PXI%26skuId%3D5902916559847&id=878500531402
904939599805,POPMART泡泡玛特海绵宝宝好朋友系列手办盲盒玩具礼物摆件,69,¥,,泡泡玛特旗舰店,泡泡玛特旗舰店,回头客20万,4000+人付款,广东 惠州,"热销爆款, 退货宝",出售状态:现货 | 品牌:POP MART/泡泡玛特,https://g-search3.alicdn.com/img/bao/uploaded/i4/i2/2885348004/O1CN01o8tNkM28ztETcJ7Tg_!!4611686018427382436-0-item_pic.jpg,//detail.tmall.com/item.htm?id=904939599805&ns=1&abbucket=10&xxc=taobaoSearch&mi_id=0000z1QA_bWWwqhpTtd3g8-hDdCPdQjCFscQNLw0rJ8JqII&skuId=5931542130839
1012469238551,【自营】{情人节礼物}柯达Charmera钥匙扣复古盲盒礼物ccd海外版,2699,¥,券后价,天猫国际进口超市,天猫国际自营全球超级店,买过的店,100+人付款,浙江 杭州,"超级立减83元, 淘金币已抵3.16元, 退货宝, 满88包邮",像素:200万及以下 | 变焦倍数:定焦 | 屏幕尺寸:0.1英寸 | 重量:101g(含)-150g(含) | 镜头类型:固定式 | 有效像素:200万及以下 | 产品净重值（仅机身）:30g | 传感器类型:CCD | 高清摄像:高清（1280x720） | 品牌:Kodak/柯达,https://gw.alicdn.com/imgextra/O1CN013fwlh41MHpZgGGgL2_!!2549841410-0-tmg_sticker_hand.jpg,//detail.tmall.com/item.htm?id=1012469238551&ns=1&abbucket=10&xxc=taobaoSearch&mi_id=0000HQTfMzKZN2YI-yPJuUlh8x9k3QfRuvBlPNZcHD6Mr-U&skuId=6181488991961
1010616483139,马年大转盘洞洞乐盲盒疯狂动物城新年礼物戳戳乐小学生儿童玩具,21.34,¥,券后价,富梦兰旗舰店,富梦兰旗舰店,回头客10万,1000+人看过,浙江 金华,"超级立减8.54元, 包邮",适用性别:男女通用 | 适用人群:儿童,https://g-search1.alicdn.com/img/bao/uploaded/i4/i1/2212249202166/O1CN01bFBI1o1Rs4zlym1HO_!!4611686018427383286-0-item_pic.jpg,//detail.tmall.com/item.htm?id=1010616483139&ns=1&abbucket=10&xxc=taobaoSearch&mi_id=0000L7-2BhU29fujwMQ3nFb4KbLjEzDHg01Hjc1xhAcQN04&skuId=6014029729513
917433610794,奥特超人扭蛋机卡片盲盒男孩曼5-7-4岁8变形新款玩具儿童新年礼物,85.8,¥,券后价,烯与诺旗舰店,烯与诺旗舰店,,1万+人付款,广东 汕头,"官方立减12%, 24小时内发, 退货宝, 包邮",玩具类型:奥特曼人偶 | 品牌:烯与诺,https://g-search1.alicdn.com/img/bao/uploaded/i4/i1/2211891382722/O1CN01aGq35z1VyjAWLs7wu_!!4611686018427382210-0-item_pic.jpg,//detail.tmall.com/item.htm?id=917433610794&ns=1&abbucket=10&xxc=taobaoSearch&mi_id=0000fvJkzefN1z98Vjdu515FCX1iE2oJMgGHZWFPXBNn6dk&skuId=5954052687046
977803988448,盲盒公仔定制手办树脂工艺品订制钥匙扣挂件手机支架来图定做logo,4.4,¥,券后价,tb788942694259,广东趣萌工艺品定制,,32人付款,广东 中山,官方立减12%,,http://g.search3.alicdn.com/img/i3/9308542502/O1CN01LN8h1n1ULy3MtK14K_!!4611686018427385382-0-saturn_solar.jpg,http://click.simba.taobao.com/cc_im?p=%C3%A4%BA%D0&s=1804664850&k=2381&e=yTUFGE0vtPtSS73dFcXkeYkPCA3R4HBpdM7hnWicZOp1DPCR3UYCYZferG3L9hVDo0rMOeomhC5rbOtjXVJ9mWnqw1udS2tlY62H0l3rtQcVpLE9XPASv2HvHhL%2BnjUQrar%2BkrxHg6GlGVtoKiIZL8DQXy00y%2FVE4A7yo5%2BZgYiElwPnv06ALNLz6ZlbqADxEgOju8q7zfTd9iMGmfaGvKaZbj5wcutr4Ayq7h4MlXO725qvs0MLaDdMM6YVdVDX91tcrFIWDjXle4Q%2FZ6zZyuuPG4w0HLVGqUgawEu2Pv3iOGWmOjzXTiGzKXhUANAfrhNPy2Oe%2Fq9VmDeSIjIVIgaKx3LTVJCrCptQpmv7OOP82Ia%2FNSZROs8QLBMcHnhXML6iyZjuzjqyNVyFNCypyPgSoK1qk6WKnubeD9hLjQVG1SGN24F5sN3vmJ5NxyGnT4MgF9%2FWjNh2r%2FpKYxEvSINCLwQkUhFh1xGE9zltE%2BmFX4wpptoPziD8RIgKhZQbteVeuRr9Mid5x4oHTyaiDj5aXNwRMe5LjhFkshnVRosa6WsvlScl4LU6pSe62ZwaiH%2BIE7tWxb2FHF%2FKcQVwYK7ETJaHRYJy4hrE7N4Go2b4AXVVAe8dn2ncxJcGW6geJGpqerJMDlcN%2F6is2kZqJa7ETJaHRYJyEM9TSIhpIo7ARiIzuPt2IfzZv7QP8jgMHr16URYD2U%2FGMHteq%2B8Rrhh%2B9cR401R%2FTPXDrdB4qyiV%2BDU%2B6wx9S5xj6AMlY4vL9Bn1NDOI0DMHJGk1dMnnmAK6D1XbnMa46avWpWOkse6YQsC6IpAfr0nTOChKjzrFQVBrWXlVfOprolu19oSz6ltAHX5kGRKoxxPCQE41PLw6xbgmF5Lwvcu2r2REXd9ETAHWyT70XvlKo4Kc4Ta9PtnTor4Zj3lENFolI%2F2YW19a2WGlshmL%2FR4zmZ9L16GJPlpc3BEx7kvHhLLc%2BxR8klvv%2F1%2BVtGYsmpAIqqPC1%2FZInuQJvN6AJ3nRQw%2BSDt6aW0AdfmQZEqg7aM55zV3Wx%2BUiIyKhtfqx7BotIXGF8ZsW6Ihkr8DIdu9009ajGkpOAlwHHPF%2BntBNxZwZzN292UTyKCeHQNQYqlt0Mlgu%2B7YqNQv33llgvFKaqPDK4U8E1l%2FGEw4Pg9p7Yjtr%2F5W7JKRWFCW%2B9af31Z0gTob9Fj3oAOhvDghMdWt6UYL61%2BKVHPyuP%2BaZafubAc2fbjqitD4L2o%2BRNABNFNkmGPeb9Jw3%2Bw0sY2sjouMaL1kIWWKS1fqrn7nwq2aswEJzY7GWMLU6pSe62ZwaSN0u4NrbCqPAgV8krKmPlvPfrPgHpERvUA69Zu0tlB3R7I5YHbezQ1Kroj7WZfabTECyZAvrYYF7WNdLEQO3dtai0UjFsnuMCNz2ak3rtbnoeku3Mjyu27bFd8ka%2BAy7hu2b1TgZUHauxEyWh0WCckiXRpWrP9oB8wK72b46cGHNKPsHsT%2B9jbe9Kh4OY006tFCh5SOgI8EXrXO0vDs5QB9hysDONNNzk%2FRDsFxyGZtx7O4eUPQr5bCDHPqbPL5lNgoTAjhGocVJaS0jcxs3FSMZqRAlmoLF680EPmtUQOaHrJUdCYayLO4pOY%2Bq31ktM1VAq7N2NJ6PUnqPxv4vH7jv%2BQBXQRIc7ik5j6rfWS0zVUCrs3Y0nlYmz7viLJNN0iJdVEQ180CrELCuLShofgDmH76nFjYlgoOboucDdsQmdUNz4sJ5%2B2Lv%2B8O6IgBsi%2BH8Dsz6utCJCsD7DjNUfpogS9g5AHzWrPYbvzdv4zCjc4rHF0MRZNJlJBlqqsA6cf5mBN8dcY7atmCjsJN0ocWaWciG9a5nRucx9Dgax8Bm0l%2Fr%2F%2Fv8kEp8aJhcp2ZQKF35c4I0wiHddkGtto2%2BfHtDznoLo5%2Bnexgwi5D%2BMWkr9Gromd%2FNhCyHFWQc6vX83gT0tz2HIX%2FG9O4dhDM5pIZVK%2BmnU3JqOoTpB%2FctbOOcystTiHwdqiqkRneQ1lzMO%2B8b%2BRKQG8tFagIhNp1Zs1%2BWorJcFwrql3ALj2ihr37HjUQbNwIS%2BtziAMW8sGjalBq8qYCpBsbkTsqfpgYoTrFuBtjvlaEKajnUkqwA90AjnSKxy88bZFbBL4QajTEp6K5Rv3RMehnRsVSALCKtXnMn%2F0%2FIszgiM6nMdKdz4l74wEvYDuQlzMd9225zk3iV7niBeZglSZERyCGsdtGVTxbnofIbGBzCEsDtc64dfqN9E308I%2B%2BxpsLxbI4VwZaWNutCi8entL2oTlmQyRh0iQmRsoL1yJP9nP3higEYpxh2q0MCBHmqQ2ifAhBdmgSszQxPKK%2BLJYXeGlRYUjG3%2B%2By22oY3qjXhwRemnshFNis%3D&mm_sceneid=6_0_9308542502_0&a=xxc%3Dad_ztc%26mi_id%3D0000ld4g4VlGPGv189fJ8pODpcgShaIJMZCUrzMmbpw7O3M%26skuId%3D6096781262854&id=977803988448
904939599805,POPMART泡泡玛特海绵宝宝好朋友系列手办盲盒玩具礼物摆件,69,¥,,泡泡玛特旗舰店,泡泡玛特旗舰店,回头客20万,4000+人付款,广东 惠州,"热销爆款, 退货宝",出售状态:现货 | 品牌:POP MART/泡泡玛特,https://g-search2.alicdn.com/img/bao/uploaded/i4/i2/2885348004/O1CN01o8tNkM28ztETcJ7Tg_!!4611686018427382436-0-item_pic.jpg,//detail.tmall.com/item.htm?id=904939599805&ns=1&abbucket=10&xxc=taobaoSearch&mi_id=0000z1QA_bWWwqhpTtd3g8-hDUyEBtJ3D1Hw_8Zb5FFheq8&skuId=5931542130839
990100439821,DODOSUGAR 玲珑夏意Shyi长恨歌文化惊喜盒潮玩盲盒礼物桌面摆件女,69,¥,券后价,dodosugar潮玩旗舰店,DODOSUGAR潮玩旗舰店,回头客2万,400+人付款,浙江 丽水,"官方立减12%,  3期, 退货宝, 包邮",款式类型:隐藏款 | 出售状态:现货 | 系列类型:联名系列 | 品牌:DODO SUGAR,https://gw.alicdn.com/imgextra/O1CN01ZuS1oo2A4l3dwdUgC_!!2217183168150-0-picasso.jpg,//detail.tmall.com/item.htm?id=990100439821&ns=1&abbucket=10&xxc=taobaoSearch&mi_id=00007FKFA7wrcV89399esr13M1C4a261o-q8iNpdn0cpYjg&skuId=5961890849131
1017768680347,TOPTOY FOFO森林守护者系列盲盒搪胶毛绒公仔挂件潮玩生日礼物,99,¥,,toptoy旗舰店,TOPTOY旗舰店,回头客9万,34人付款,广东 广州,退货宝,单款概率:1/6 | 款式类型:隐藏款 | 出售状态:现货 | 品牌:TOPTOY（玩具）,https://img.alicdn.com/imgextra/jz3_3/2211430099222/O1CN010t2jCR2HzjdfKwatk_!!2211430099222-0-alimamacc.jpg,http://click.simba.taobao.com/cc_im?p=%C3%A4%BA%D0&s=1804664850&k=2425&e=qYcE6nM5ce9SS73dFcXkeYkPCA3R4HBpdM7hnWicZOp1DPCR3UYCYZferG3L9hVDo0rMOeomhC7%2FFCW7ikRPy92wBqS1C6%2Bzh1T6wXJUH7CI8laNe8%2B1MmHvHhL%2BnjUQrar%2BkrxHg6GlGVtoKiIZL8DQXy00y%2FVE4A7yo5%2BZgYiElwPnv06ALNLz6ZlbqADxEgOju8q7zfTd9iMGmfaGvKaZbj5wcutr4Ayq7h4MlXO725qvs0MLaDdMM6YVdVDX91tcrFIWDjXle4Q%2FZ6zZyuuPG4w0HLVGqUgawEu2Pv3iOGWmOjzXTiGzKXhUANAfrhNPy2Oe%2Fq9VmDeSIjIVIgaKx3LTVJCrCptQpmv7OOP82Ia%2FNSZROs8QLBMcHnhXML6iyZjuzjqyNVyFNCypyPgSoK1qk6WKnubeD9hLjQVG1SGN24F5sN3vmJ5NxyGnT4MgF9%2FWjNh2r%2FpKYxEvSCJLdgLuuphUROaIinMZAolSHu4B%2FmCNRa2MglCzUfxJaEuWfpYGpfqFX4wpptoPziD8RIgKhZQbteVeuRr9MicdJ07bDtTX%2BuJV62paqOkNxtgfM1XpDIr8wYOo%2FvNEN1OIZD32epH85kaj5%2BBq%2FBVenIeuQA17xLMPfbv7DhHVhsfiXpCv5bB39W%2B1tbj2LB825aQqsXF90swax%2BmetOQpxS%2BMmlSx0q%2F5%2FK3x5LsYkYmYENZgNXEh2zCM7wXejP5M4te3sF0j0muXNxBsEIzStD3Djs66P0UV33PBFiMxdDI%2Fk6J7NOj%2BtsTd55tdVo%2F0NjyHWQ2Q%2BokHJLuSBdzW%2FZr%2BMLaCnM3V%2BuVD6znm7luDtECJOkQamM3%2BIwfmqCnFL4yaVLHSAmqmupOADOoX8O9rnEWhCKYX360ao2hJ9RuBVnz%2BcsvoMazoQmtJuq91OOsojWXhHyPP8q3TlM%2B0lRhyF5EYFyRKvyZ5U2NaBgmrlC%2B3x%2BaqUfKli9TO9sUYgeSmKrsLV9NiwWWrv9tiPe3t%2B3HiTCL%2FTbcjwU32oxOomcOLMF%2FtY%2FblwAJw3bgnEf0yYz4%2FYrXkCcriJpEQT9jAs7p6gAMccUUQCoEhZU6SpzIt6usCxLVlH37t%2BQiMjLBDEsCLmnnA5UI1tAFgh%2FZSUFWmMVDTeqWtunemuH%2BOtMtS%2BTbFSlVPe1W9iJYOP3AH4qFjjUZvP%2BO91EYpEqLZv2mRmo425H4hNh8SXDln9zhehbjZWUPNtM1fond9kh4qF8XEbj3IdsgvybHTL7aXppirLQktzCC8ihHv2VN296BomOPGWsxmGzJ0UzlBS%2BmlD%2BmR9qgbfiEy6WPkjEhfqGvydarpYnmof98jxr9RFoZ2ITyS1jJNzAtvoaBdS9HvMcZXzrhhWfI8DoYlAc6MTlSsdVwbdtrtlNO%2Bk8CYLA4CogzvVM88c%2BLguORchK9AOerGByidyDPFke3MaprLaVCbq%2B3thW2PIAlGX2r4l5gYrji3ugFfRXlnkqREB4qlwIKjgB%2BmZU5ZqzfP%2F6L4ekpUvL2fow%2BB%2BkDxO%2B6Ga2mLX3zRUhB5ckbl9yjMh6BEfl9YrdQTgoe%2B6cLA%2B4ZQozIIamdy5BBpCvQKbkFCoN9MNXLdbMq2nlBF8nmk6odFejjD7KWVkX%2FRXgPCHd4WIx44MUCfeNDef7oeQweedI%2BbPm2NutCV9V3ATVYU3tKqemITjJ3ec%2FxVjBGUBKuhLFq8ajZMycnoqXNJYe8eEv6eNRAjRU8a7R5I%2BCVlYvMalA4FnXBuLiNAqU4p32Was7VWxorZFrJz56V%2B9iKR1NEXAoLshiYoYIiciooqJih2GQzMdAyvDMuTHa5MTgdP6gPyGaf3uZQIOi2%2BWW9xtvXscFgmnW08HkNyk%2FSerqPOFeXncEzJUB0oCKr20YK7G7un6DbNAY3VMiQk7S7qTQwVSTnENjFP9MzeISBwIjRI7TFlqrECoD2pVAgr9Gromd%2FNhCyHFWQc6vX8B160ezQH%2BC%2FG9O4dhDM5pIziQPFjW8N%2BPv3CTm%2FfEPNcUUO3X8vKqAx2yE06guDb5K2CgCqqGhdcOT4IT4xx4Zgf9K4NGCgMQckym5ZQHTRnJAng91dY0r05NpL39Gk7ajnUkqwA90AjnSKxy88bZFbBL4QajTEpXFo4fW3f8HRd1LXMKerjHIMf8%2FzJ1MeMKg8vAupPtn7M4ns5GhJOXgn5ooQaBD%2FwCoGkLtBjylnh%2FMV3U14DCZhBSO64lrEgQ8nDO0OeLJhps6bKmk%2BMk4ZvBIHh7enxWtlhpbIZi%2F0rVptm1Hycz3cAlQ8IULp6FV3Dsc1r9iElSmzaWKB790MHnnSPmz5tgKzt7xZsp%2BToOXGSvDjD20AawQWDGywld6M9ZrBk5JwQ22mEk5HSqd4aVFhSMbf77LbahjeqNeHBF6aeyEU2Kw%3D%3D&mm_sceneid=1_0_1804450133_0&a=xxc%3Dad_ztc%26mi_id%3D0000MGfp9I_TBcfpLX0FvUkt8drNcmRAnoEu8aWrb1VpOO0%26skuId%3D6189948155894&id=1017768680347
964513420620,POPMART泡泡玛特寻找MOKOKO系列手办盲盒玩具摆件礼物,69,¥,,泡泡玛特旗舰店,泡泡玛特旗舰店,回头客20万,1万+人付款,江苏 苏州,"热销爆款, 退货宝",款式类型:隐藏款 | 出售状态:现货 | 品牌:POP MART/泡泡玛特 | 商品状态:全新未拆封,https://g-search1.alicdn.com/img/bao/uploaded/i4/i3/2885348004/O1CN016jCCA428ztEVYpzlW_!!4611686018427382436-0-item_pic.jpg,//detail.tmall.com/item.htm?id=964513420620&ns=1&abbucket=10&xxc=taobaoSearch&mi_id=0000eZ3AOBtR2ETuZqnSDOb_nm8TC931-qxYfrF7MYIMNT0&skuId=5827270182639
745205516644,手办定制盲盒公仔PVC卡通摆件钥匙扣企业吉祥物树脂玩偶玩具定做,10,¥,,tb4914932656,深源礼品定制,,36人付款,广东 东莞,公益宝贝,,http://g.search.alicdn.com/img/i4/5157336262/O1CN01QAWLg41w83B1HMuYa_!!4611686018427385030-2-saturn_solar.png,http://click.simba.taobao.com/cc_im?p=%C3%A4%BA%D0&s=1804664850&k=2189&e=AoL3hHN5b3tSS73dFcXkeYkPCA3R4HBpdM7hnWicZOp1DPCR3UYCYZferG3L9hVDo0rMOeomhC4cKFsH3PKYGRH%2BnXNL4cUM%2FnCHu4vaDzd%2FAHJBQ4uOqmHvHhL%2BnjUQrar%2BkrxHg6GlGVtoKiIZL8DQXy00y%2FVE4A7yo5%2BZgYiElwPnv06ALNLz6ZlbqADxEgOju8q7zfTd9iMGmfaGvKaZbj5wcutr4Ayq7h4MlXO725qvs0MLaDdMM6YVdVDX91tcrFIWDjXle4Q%2FZ6zZyuuPG4w0HLVGqUgawEu2Pv3iOGWmOjzXTiGzKXhUANAfrhNPy2Oe%2Fq9VmDeSIjIVIgaKx3LTVJCrCptQpmv7OOP82Ia%2FNSZROs8QLBMcHnhXML6iyZjuzjqyNVyFNCypyPgSoK1qk6WKnubeD9hLjQVG1SGN24F5sN3vmJ5NxyGnT4MgF9%2FWjNh2r%2FpKYxEvSEDhFfhyn5mc2q8InJtUoxvT0uZnsB0JbXkBzHcZnYQ293ZpSawDgINUAbptPQkheyH1WAFUZ7b5le4rc9%2FS2uyAaj7%2FKJv8Chd6h3kx770ULAw1FTCHTOBRnol75SNYO4tRU%2BFdHCKt1gCwHlgM%2FEMfk19YeVBvAtFzaimxE9iZXhedo%2BOdgucd5S1lEsGxxehyBS3wwqFhakyVrIQYA6srpWAe7cA0Ep%2FFM4XEjk8Jd0Xo3%2BCgU4z0QIuR%2BToPX%2BW6L%2BlU9JvYjH44abFIH1G6DN2gxfBNnZkckNOXHs7Da0wko91zBQzuCysr%2FUJ0LF7swnfx6uv3ncZTei79ss0xNhLvujfb29Hl19QeU7YBXuzCd%2FHq6%2FcaDs6m1esftTFHsxhnxn9cdSZiWcauLltPlNKh9zzJKyJGW%2FUXAVGWiLgdUpKx2FdKo4Kc4Ta9PtnTor4Zj3lEsP35qpSqQQtA0cz4BxoN56Pp%2FnPOh1UxuSg82mt5vycxD65RBEUqwNPZku3A%2FzYclJggovMCzmrmaaduoCBu81YgVAXAB0bWnDY1dSwjgQeK5Q7HIGw0%2BoiAbRfPlDT2pUdwulS89sEtr5jGduVB1ceTTVNz4WsWSUTf7FBTj4nMAyw5vmdzQM5cxtdQ2V6%2ByuKm96GmIDGouj9%2FqeOuiIvy8HQsxFSW18QEvrnjMHi95252%2Bj4oEhtP4OL%2BgpbKt%2BKZz5WrmezZU3b3oGiY47fFdcyocg0JOruJq2S%2FGafa6hVEA%2Bk1eKrpYnmof98jLh5YHacMTjnRc2opsRPYmV4XnaPjnYLnHeUtZRLBscXocgUt8MKhYX1vcPkWbeyppgQFwESJeinbEdQ2h7JnzoyBUpro0WeJsVxfPIC7UJwX4Sjn0d7Z86Cf5DJfuMS0Ly%2BOYAEnUgnOPoApMAxFJL9flyzoA0gKNnGPJd9ChFrRUFgFG46KYUN5FDV%2FlDxNMKq025btHva1C6Ie3nG8O1tlFvNcC1LPEkMGa4lKsQ47bObsCICNmlKsGdk0NwZqMzX2C0TIk7lUm5WF45GFkyg4ZsHleY%2FJUqwZ2TQ3BmosWJ95OfyDVRhqvTzHibSHEl5%2FCZoF0FpZ%2FY0yZ%2B8q%2FTB5e1uRon7Oi4NKvUzYpA6YIxnGXI3Pt4XIGDkjHNg%2B7cFNnNhqOov8JUkc15n7IHPN95GyX8DK0bGL1jPpAJbdzXIEjbNJWijIcoyaQsI5Jp1tPB5DcpNUKxwNfYTJE373DJWzLVk9s83tO%2B9qYEuLUeDUE1NC2mtro79QuiusO8Zx0hvxLnZlUvCb%2BWyFS81zkmg7T4Wt5te3HOZ8G7EOiy1kVnSukFqSF8pOZAyDkw9SHQpOYMMfD3o%2FvA7QYC6yK%2FJOi8IzH3fM%2B7g6yE8FMoPlVI0ZHyKB%2FcLmihkepAc39cowvqhOOkTbT0xxjwjuyekvdZv9a0wko91zBQwUqq80EXeJ7l7swnfx6uv3K0MlJJDVaCYLxhADjkcq2OrLY17Jped6iB2gNlIw%2BExfxQ4tuJdAGCNubQE%2Fu1WIpjPfhvel5C8ijHJaHi6tllX%2F1BdM%2B472xjzpGWcMU0Fk1NM2hQ2z43%2FpphMn4iMSjTZtzVED8JflztuLLBauoaPp%2FnPOh1Ux0u6djAfwn7%2ByuV4ju1SJwfB9nXTpLLt6coo4wcC774PzArvZvjpwYc0o%2BwexP72NvjO0p9bctAs%3D&mm_sceneid=6_0_5157336262_0&a=xxc%3Dad_ztc%26mi_id%3D0000UzdYDgl-VUwE4D3FPtkMcxkAhzsg-6XcpAn59znwbAY%26skuId%3D5789979483490&id=745205516644
852704358142,rolife若来Nanci囡茜巧克力缤纷毛绒小熊系列盲盒生日新年礼物,99,¥,,rolife若来旗舰店,rolife若来旗舰店,6年老店,9000+人付款,江苏 淮安,热销爆款,,https://gw.alicdn.com/imgextra/O1CN01Hh26Yf1YqQt2rexeM_!!2206871603110-0-picasso.jpg,//detail.tmall.com/item.htm?id=852704358142&ns=1&abbucket=10&xxc=taobaoSearch&mi_id=0000q1Cn7rGaUCxqn50FlGmdVcVInCCuKAp9OKfQh321dUQ&skuId=5829045155036
750727692205,pvc盲盒公仔手办定制树脂摆件钥匙扣挂件订制潮卡通玩具来图定做,10,¥,,tb414848063066,致汇玩具定制,,82人付款,广东 东莞,公益宝贝,出售状态:定制 | 款式特点:静态 | 商品状态:预售,http://g.search1.alicdn.com/img/i1/5284505594/O1CN01AFYyW21rC6akp2j9Y_!!2-saturn_solar.png,http://click.simba.taobao.com/cc_im?p=%C3%A4%BA%D0&s=1804664850&k=2177&e=kKTOPCmaBqVSS73dFcXkeYkPCA3R4HBpdM7hnWicZOp1DPCR3UYCYZferG3L9hVDo0rMOeomhC7Lh5QIEfgqe2kXOUAJ%2FwamSD7TNHVxnKkVpLE9XPASv2HvHhL%2BnjUQrar%2BkrxHg6GlGVtoKiIZL8DQXy00y%2FVE4A7yo5%2BZgYiElwPnv06ALNLz6ZlbqADxEgOju8q7zfTd9iMGmfaGvKaZbj5wcutr4Ayq7h4MlXO725qvs0MLaDdMM6YVdVDX91tcrFIWDjXle4Q%2FZ6zZyuuPG4w0HLVGqUgawEu2Pv3iOGWmOjzXTiGzKXhUANAfrhNPy2Oe%2Fq9VmDeSIjIVIgaKx3LTVJCrCptQpmv7OOP82Ia%2FNSZROs8QLBMcHnhXML6iyZjuzjqyNVyFNCypyPgSoK1qk6WKnubeD9hLjQVG1SGN24F5sN3vmJ5NxyGnT4MgF9%2FWjNh2r%2FpKYxEvSINCLwQkUhFh1xGE9zltE%2BmFX4wpptoPziD8RIgKhZQbteVeuRr9MieCkIlZFeNIisxsJgfr%2FPJ2svdNpczeCSjGJAJEq9btfKasMupHYtNQX3ObQbpZP91%2BKCHwyTAmmHb5So%2FKtq5HrMobskCzqJRnA4J%2BoawwqP0VBimR9%2BgiYGDXW4TfmlG4hunScOfLizKFV13wpKS%2B4%2FfNQaOmcCDZcILsRJwosA5%2F6IEGAbAawsnXluB27NrYz7GlvevXY1hS5Wr%2BplPwURwkf%2BNJgRhYwBdGkS9xHRj%2FD2M2CzGJ2QFWJhZ7U70dY3%2FBA5DvtzKJ0td2vch%2Fpj9FEXp8a8C4qzC%2F273X1h1jf8EDkO%2B3fCbdQa7ylS1SuY72QwsFcOC8rcn5MeXG8V%2F0oUgY02SIuB1SkrHYV8q1RNTUXGhViCz3Gjpfj7I1UTrjfF%2FuZ9%2FOQCRXI13V2nMJcytwHKsz%2B7re1S7Ivox3cx2Pz9KJtkWdE0XgouiHnVYso%2BfdBm1P57NnW2PTEPuIDziAQ1z8Lx2cqVQwdxXq94mn1vIKkM6r4j8RZ52SRKT%2Ftu7okNjFAvs22K5X9WtmwhNOrdbTUvpFzEvB7pDOM%2BrRmgZs76nJdy4KrVPkdDiuRKPUAX9yX1yuntu%2F4DeDugAyStMdrsq506GHxFu%2Fv5NbiFZEzZYmIKLnrom%2FUxEy6T0I1F4Yg9OEPXrWZbnLn8n0FnfgZ6IUGJJp%2B78qQDbe5B5C4vkwcnRxCwRb%2FWKV2SG726b%2B%2BsvFKTeTZwOCfqGsMKj9FQYpkffoImBg11uE35pRuIbp0nDny4syhVdd8KSkvjc8ak%2FTjePNv7qBKScr81upVesF0WjFCPufdUvSvIWme1jXSxEDt3bWotFIxbJ7jAjc9mpN67W57u4GlbcBx5bUQZSW0Gwa5sHlDOT0%2B5YL%2BsjMWtIJzgYgLzHxvKYNPjr%2F6%2BnN3774GlNU%2F4wujK9BOvajtHybfJZezMLNMnj0nn2Q%2BMu0q1hmWP1jQuTCZ8sEm0LqiiqKVhTe0qp6YhPDIjtpiCe5UGZY%2FWNC5MJnhv8nvmqdlqr29UGGol%2FvJISGLGkLUqrQWR8rs9wIZFhAi381SaLtEYc1y9hOt387pmfSCVF9UgadDj4ye20G2x63VeblZfq0EtaBlx7WG25FN7liNdUdgAoUuIzkI0Z6ByKnaRZ4UMd3%2B3NtklEDCzpuKtviTRYxec2nyyZQrAtCTtXQ%2BZD4PC1AY2Rzvam%2BKF35c4I0wiHddkGtto2%2BfKkEo1l0IY54PfGFW7%2F0E08r9Gromd%2FNhCyHFWQc6vX82bHsQrSBIgXG9O4dhDM5pIziQPFjW8N%2BPv3CTm%2FfEPNcUUO3X8vKqAx2yE06guDb5K2CgCqqGhdcOT4IT4xx4Zgf9K4NGCgMQckym5ZQHTRnJAng91dY0uaFOErMete3Wj%2FUzHptwcUdY3%2FBA5Dvt4ZkLyO3PZotLPSQulKEGiLvyEjy2e1158%2FHuc6g0ut4dRHTGCQt0xDffs54tZdOccgAq7w1mDR3bIVio4osTnXRhbMg2Q5QFiJGW%2FUXAVGWaarcQEaCqYWkNNTYzkZAqEReJmYGisEtmcUVd9tcxrAz%2B7re1S7IvshfG%2F7StEe1uzajpUft7xDo4pAZIp1NBZdl0XGYyemUaMnSkbCCgc3P%2F6L4ekpUvPDUI2zGn3w%2F&mm_sceneid=6_0_5284505594_0&a=xxc%3Dad_ztc%26mi_id%3D0000ENidByfrdQOyTkWpxQM4Tad6jEN1T1S4EQ-7gXDsmPo%26skuId%3D5595617452318&id=750727692205
930220465980,正版九尾狐仙盲盒摆件国风狐狸手办桌面神兽可爱公仔闺蜜生日礼物,9.9,¥,券后价,tb0420786166,四木摆件,,1000+人付款,福建 福州,"店铺满100减5, 淘金币已抵0.29元, 退货宝, 包邮",款式类型:隐藏款 | 出售状态:现货,https://g-search3.alicdn.com/img/bao/uploaded/i4/i1/2212478772183/O1CN01miiVJG1RzrfdGycyo_!!2212478772183.jpg,//item.taobao.com/item.htm?id=930220465980&ns=1&abbucket=10&xxc=taobaoSearch&mi_id=0000v4n23XsJPakAw000nqd07_OmNFUxhmffrIbeH9H4GCw&skuId=5815471513530
981194360428,官方正版多事猫系列papa猫潮玩手办盲盒可爱小猫桌面摆件女生礼物,26.3,¥,券后价,paws鳯爪,PAWS MARKET,,1000+人付款,广东 广州,"官方立减12%, 退货宝, 包邮",出售状态:现货 | 品牌:PAWS NOVA,http://g.search.alicdn.com/img/O1CN01Gfbguu1mTRc6Qrac8_!!2217041534955.jpg,http://click.simba.taobao.com/cc_im?p=%C3%A4%BA%D0&s=1804664850&k=2381&e=f0S4Bc1wHH5SS73dFcXkeYkPCA3R4HBpdM7hnWicZOp1DPCR3UYCYZferG3L9hVDo0rMOeomhC4R2FU1rIEsroSekSAHP%2FlrnOmjDBpn%2FZEVpLE9XPASv2HvHhL%2BnjUQrar%2BkrxHg6GlGVtoKiIZL8DQXy00y%2FVE4A7yo5%2BZgYiElwPnv06ALNLz6ZlbqADxEgOju8q7zfTd9iMGmfaGvKaZbj5wcutr4Ayq7h4MlXO725qvs0MLaDdMM6YVdVDX91tcrFIWDjXle4Q%2FZ6zZyuuPG4w0HLVGqUgawEu2Pv3iOGWmOjzXTiGzKXhUANAfrhNPy2Oe%2Fq9VmDeSIjIVIgaKx3LTVJCrCptQpmv7OOP82Ia%2FNSZROs8QLBMcHnhXML6iyZjuzjqyNVyFNCypyPgSoK1qk6WKnubeD9hLjQVG1SGN24F5sN3vmJ5NxyGnT4MgF9%2FWjNh2r%2FpKYxEvSINCLwQkUhFh1xGE9zltE%2BmFX4wpptoPziD8RIgKhZQbteVeuRr9Mid5x4oHTyaiDuUh4XSL44PGGqUV3m22tCfbmvvHBncJxpTSg%2FVE6io3qa6bzxhw2JehxHYRYOGW9qozdkNZnVphNBJ5rBMRu8zwugedIFgAdI%2FWpCc3%2B5Ol2RCQdpmjk%2FE0pX72cI%2BAmOv%2BF7IB96lavFLkdb%2Bi5oDwPvkroUDxPujmp50b0BKGO7tRtI%2Bu1XA2JZd%2FGKJ9ILrAzXxW2ekSo4RxYTbA9yQXR8MSjwML2Yr2va7SwqLX4ePHQew96S6yfK4n3e2KRzHomD4YSNh7s3wvu8tetYl9laQc1sMR2IzDQCauKdh2LhHOkcP%2BWKPSI%2B68E0VBY4BhYKDom7YJ4fzFd1NeAwmYQUjuuJaxIEPJwztDniyYabOmyppPjJNVEhXxOy8GeVrZYaWyGYv9HjOZn0vXoYnlIeF0i%2BODxiDU3GOPJT1jW%2B%2F%2FX5W0Zix7J8Jwma5PxsscdaxuPYiRHh3PlEJHDEOui3upvxO1xpFNPvwA8rKLpf3GL4sCslOcNjV1LCOBB4rlDscgbDT6iIBtF8%2BUNPalR3C6VLz2wS2vmMZ25UHVx5NNU3PhaxZJRN%2FsUFOPicwDLDm%2BZ3NAzlzG11DZXr7K4qb3oaYgMai6P3%2Bp466Ii%2FLwdCzEVJbXxAS%2BueMweL3nbnb6PigSBLJIbFiYn5LOFYHrxOp9pGizwbQQoQX0J8t6aPHAsdgGHkoIT8ms7GojdwyzXH5JQQ1PeZQusBTD8Z%2FSOJcQcsvFsE2E%2FZNjiu0Hr9yETNihxHYRYOGW9pTSg%2FVE6io3rNdhPLzbVl3bmvvHBncJxqozdkNZnVphlVa9TsB7Gz4MeEWFK7vbCpGrWqH0eAOvkNfb%2BO9sMSRUCTJSMtwXZqCtpXY5uaGgIc4YNmt1B%2F4aLmq%2FZpS%2FTwyV7RRDYYuxk%2FPgbjDpfqPsttqGN6o14bd%2BX9gZovcs9PIa%2FuEGjNvJhIU4v0PY9oT8J7whJLzo%2BGhQbkeZiipvTOGhhas7Yzl6Gfs7txOsyrNE702fA4Rf75LjG%2BQyvQuQLdz3vD1e3nrXNEOcJsUat%2B1usvzfHyx%2Fe3HQAKkCtRlU8k3NdOECup%2BryqqDFXIhYOjriquf4gxNUfD3mR8hYg3c%2F6%2FPBWafmLK8tYLXciFg6OuKq5%2FaZ3LWkf7vyC8YXh%2B5b2QRtG6tm0Tr9jFRS2h%2B9Pjh3kwTmL%2BI%2Fzdqu4hKidhWy3l0kWb8q%2BoMYUUrJp%2Fg8OTT5qWvDzK5bRUCDge1dBpZ%2BbhIJnDUPHT6K1tgqvdu4HF5ECzxa%2F4Z02J5ZZDSd3gKKw8RbXjPnbabM1kWrEC1eKU3%2BH1jzJjMvnZ7tw%2Fh9WxrjrQvz0NOKaAweZLbvAan%2BOg56dn1iV10DK8My5MdrhlC%2BvrgrpGvfKkg6ZravyG6EtvL0O11fMtwmwSNxMbTm5725O%2BlH1AoSBnpOQoCGOfc6kgzFbXHUCQAzUaScIHwbsB3BciyGb%2B0H86tgR%2BJV2%2FvnTMKMF1gBDfIg9sXXeyfXqzMGJ1vGbaH61lA2b%2BpImD6LSV%2B7XL9x1pakjmQXkbqpakzJL1syjVnwX1PyZITqg4zU5%2BTEoKBQVD2E3tZyyCl%2BC9vcLhzRBCRtokuLS%2FrUJHvsuDAdb2%2F28RzXuTjnlwMXdUr4jSOGZeM3D5hz%2F0TNfukiNVkzaVVxLwPon%2FLulWGUo8HOu%2FVqTb7LTnv4YUi8QIISYUEqINZ%2F6warh6gcZQXC7WLFqlDVGlFmIKenE6sTooocAjRC5CA2SqBBgreX98t2RXfT3fUHRF6xLclrpGoJQyV7RRDYYuxIQ1YcGhoO98cre1ROqeu8Tr%2F6%2BnN3774f6M69NIKaA4%3D&mm_sceneid=0_0_5359318639_0&a=xxc%3Dad_ztc%26mi_id%3D0000fHbsESs8rQ5y72ZWTKTD7estzHB1XJB14_NbTQFdFj8%26skuId%3D5936922644262&id=981194360428
963345733813,正版现货艾尔登法环系列盲盒蛋手办FireLink老头游戏周边摆件一弹,81,¥,券后价,淼淼的姑姑,大蓝鲸动漫潮玩,7年老店,1000+人付款,江苏 南京,"店铺满21减10, 退货宝, 48小时内发, 包邮",出售状态:现货 | 款式特点:静态,https://g-search1.alicdn.com/img/bao/uploaded/i4/i2/640672037/O1CN014JyE3y1Quzoc0tuh3_!!640672037.jpg,//item.taobao.com/item.htm?id=963345733813&ns=1&abbucket=10&xxc=taobaoSearch&mi_id=0000dHOWhhx7D30UBxBiXVd5qt6DpukUsB5V2-3W6cq6yWQ&skuId=5771937415174
966247898378,【正品现货】POPMART  DIMOO如果今天星期八系列手办盲盒摆件礼物,61,¥,,吻yun,FASHION大玩家,,3000+人付款,广东 广州,"48小时内发, 包邮",款式类型:隐藏款 | 出售状态:现货,https://g-search1.alicdn.com/img/bao/uploaded/i4/i2/630048486/O1CN01fsOOuK2CYe6xid1Vj_!!630048486.jpg,//item.taobao.com/item.htm?id=966247898378&ns=1&abbucket=10&xxc=taobaoSearch&mi_id=00009s-leMXcxGoQ_D-744pDhBhgQPCA5Hgm1KM78oV7DjY&skuId=6170702631505
1007069208364,英雄联盟LOL泡泡玛特联名款中路对决系列手办盲盒Q版摆件游戏周边,79,¥,,拳头游戏旗舰店,拳头游戏旗舰店,回头客2万,400+人付款,上海,"店铺满199减11, 退货宝, 包邮",款式类型:隐藏款 | 出售状态:现货 | 系列类型:联名系列 | 品牌:LEAGUE OF LEGENDS/英雄联盟,https://img.alicdn.com/imgextra/jz3_4/2629007270/O1CN01LF3nPA23ZiWAl2NWb_!!2629007270-0-alimamacc.jpg,http://click.simba.taobao.com/cc_im?p=%C3%A4%BA%D0&s=1804664850&k=2285&e=UnS28lQa7MdSS73dFcXkeYkPCA3R4HBpdM7hnWicZOp1DPCR3UYCYZferG3L9hVDo0rMOeomhC494ZkHtRZyO%2BBYgB7JzZI%2FR1buZDKc7rGI8laNe8%2B1MmHvHhL%2BnjUQrar%2BkrxHg6GlGVtoKiIZL8DQXy00y%2FVE4A7yo5%2BZgYiElwPnv06ALNLz6ZlbqADxEgOju8q7zfTd9iMGmfaGvKaZbj5wcutr4Ayq7h4MlXO725qvs0MLaDdMM6YVdVDX91tcrFIWDjXle4Q%2FZ6zZyuuPG4w0HLVGqUgawEu2Pv3iOGWmOjzXTiGzKXhUANAfrhNPy2Oe%2Fq9VmDeSIjIVIgaKx3LTVJCrCptQpmv7OOP82Ia%2FNSZROs8QLBMcHnhXML6iyZjuzjqyNVyFNCypyPgSoK1qk6WKnubeD9hLjQVG1SGN24F5sN3vmJ5NxyGnT4MgF9%2FWjNh2r%2FpKYxEvSLzjFjQJkAjmeexzKafLmEX40uQk81fisUGfIabdlQPRsyBH3ViMP%2FC7yD%2FTtU9qWNj9OCh3CrkEtucqpZt3P9KGfA14Pj4dJp2ToPwQAGv5oov9wTRxtK5wEHBMUKiga6FTK%2BiOR3Kdp4mZQhCwrW8rz%2BkQteQzKdPl6m5V4Ech2p%2B79jwAuyD56HUofw284XVnyt0ybhpkbiS4c6U88gd3TEmCdxGJYd%2F3a8BLqfM6omBEz1ETY7P56HUofw284SHbMIzvBd6M%2Fkzi17ewXSPSa5c3EGwQjNK0PcOOzro%2FRRXfc8EWIzF0Mj%2BTons06P3MYZAABKhpmdeDBXjgRZs3JE6UWIF5au3laD0Aec6I94phjYXo1X%2FooPgYjQtXcQzTIlQKORtIS85SZWzGoB8MIaj4Za8uuRACPMyx86aw6OWPHYvayixKoDaaBcK7v8qZc1hYWESJV82pxmr4gJrOWOuMFiSIx2kSb8CS5rxLig9jO8ZkvxFeGK4imLj%2BcS5cJz9OLTL1geusqLiIo5NLzlJlbMagH1ZACljpwiMncGGdzph8iJQc7Ird58%2FD7FXizATMdYCbROmqVpqqLrn0lAD%2B80g7W7b6hbRQrmb83UA1nB5%2B8MSi9bBl4DVr9MCE1heV0ptaUoyy6fGfdnYS6omsSBRQ9Cl6RYlhfY7qQ2MOcoNswpewcnwBtwVpsPn88Yawm%2FN2uFPV6vjiuGo2EYbX3%2B8GEhHoJoUmEsTEqD0sw7JVcWplucufyfQWd1bn0iAgjl82hdXt8JIq46NyFfKcWy7xkHQ70rj6polWAsmWavaPMRLcO8md%2FdZ7%2Fs2WyN9gyUXJbqJTZJiXJ1%2FPbTAZ36wPub3QZ1GRpVIXlMZauYkAuPWBEPhYk1oEpRbvtBEIVzHYjXC3e17UpUW4Rh28m6naJg3u%2BNpCNv7oxpqOBo%2BVgeyODTo9%2BaC8C1L51gLJ34G%2FAgRli7rmoRomIW3LWhZJOY4qZl0Aouhwq4ldmRe0YnVo4AG2q95IvbcmOi8I%2B59QZoGP4udwFeNepvqIERCgu6Cp82WwcNUy6rLVsbxxCSQsvOqsQIVroOmKzeVzdAmGKjs9agyB8eOs0hNzAeXK0uOjq%2FfXoTA7RZ7GBeLcNUzR2DPmOzI1MQZM2exj7%2Fw8fUKFUd22AnACBlkeuB%2BMdAjQ%2FHNORBXWPTC2z8q4qVT3OSoV1FgMFthbZv9k3cfZ60DP1z4M7hut4lfUYNtFCniq6x57SNYIcY12vOdqm%2FNm9VN7fI9L%2B%2Bou7Df46p4VoM6TKlm6F7f7camnBK9y44zvi7y7JYXkxlJINEnj4bSeWLyNuwQJ0lrZYaWyGYv92hUOjo%2BqIPBAodv8hphODIUc4gZvEvaJV9zlKr3dIuyt6G3wHcv7eqNZ6ClYqRliONrPAVua6lLZsexCtIEiBYdZFfaaaqkSkAV2K71vOMD30vasob29sVAkAM1GknCB8G7AdwXIshm%2FtB%2FOrYEfiVdv750zCjBdYAQ3yIPbF13sn16szBidbxm2h%2BtZQNm%2FqSJg%2Bi0lfu1y%2FcdaWpI5kF5G6qWpMyS9bMo1Z8F9T8mSE6oOM1Ofk3EO9E9K%2FvQZmLzGvoJSpN4Eli7s%2B8J0qPlzFJQU2vyYF%2FDva5xFoQj7tITa2Q4SAPUbgVZ8%2FnLLjKSKdpr5aptLIHQA0Ql%2Byiub%2BRSXAZOhRZ7GBeLcNUz%2BVoOVwCEeUHNvCk5JyhWieSmtMwHVorhThh2m4mJuVI1CVKhp4nP7rr8DNGsx0sTVKDuCcRTwz%2FsKidaWMFA6bomiIwMs4VA%3D&mm_sceneid=1_0_112004743_0&a=xxc%3Dad_ztc%26mi_id%3D0000WIBMPX7snjTEmagJXaKuNrNoyddNyh21cygzDmEageE%26skuId%3D6188063827605&id=1007069208364
1004594917349,【UTN】宝可梦悠享吧伊布三代系列盲盒动漫公仔桌面装饰摆件礼物,84.7,¥,券后价,utn旗舰店,UTN旗舰店,,200+人付款,广东 广州,"官方立减15%, 包邮",单款概率:1/9 | 款式类型:端盒 | 出售状态:现货 | 系列类型:联名系列 | 品牌:utn | 选购热点:淘公仔,https://gw.alicdn.com/imgextra/O1CN012TTnHI1TvrUoopBc0_!!2217023652445-0-picasso.jpg,//detail.tmall.com/item.htm?id=1004594917349&ns=1&abbucket=10&xxc=taobaoSearch&mi_id=0000YUKiKeW2V00qoVGNLKfgCu_5JwTVnpdGxX3CZRi_nTI&skuId=6185072431476
,,,,,,,,,,,,,
,,,,,,,,,,,,,
957123963856,正版魔女Ninita魔镜乐园系列盲盒初代摆件玩具公仔手办周边礼物女,55,¥,券后价,郑慧中123,MIDI迷底杂物社,,2000+人付款,广东 广州," 3期, 店铺满11减10",出售状态:现货 | 系列类型:联名系列,https://g-search3.alicdn.com/img/bao/uploaded/i4/i3/2075261179/O1CN01emO06Z1Ka22UIQzbD_!!2075261179.png,//item.taobao.com/item.htm?id=957123963856&ns=1&abbucket=10&xxc=taobaoSearch&mi_id=000070CyBPMTD2X9MeojqXBvWnOICcuf6ziTItqAJNmR2GI&skuId=5885076116736
1002664940046,疯狂动物城盲盒周边2手办系列摆件玩具盖瑞朱迪蛇的生日新年礼物,56,¥,券后价,蓝渔小镇少女与猫,啵啵啦童心城堡,,1000+人付款,河北 石家庄,"官方立减12%, 退货宝, 包邮",,https://g-search2.alicdn.com/img/bao/uploaded/i4/i3/2212788848622/O1CN01ZFXAGE2DYvzNi5EVt_!!2212788848622.jpg,//item.taobao.com/item.htm?id=1002664940046&ns=1&abbucket=10&xxc=taobaoSearch&mi_id=0000Tn9-fYSyYFMR8Lo_IFr6aIH2PPZgLSWZ1sW2qr24uQI&skuId=6154799410718
956669100100,稀罕的原创红楼梦主题国潮文创盲盒潮玩收藏手办摆件送礼,68.42,¥,首单价,绛红宝鉴,绛红宝鉴企业店,,100+人付款,江苏 苏州,"直降4元, 店铺满320减8, 淘金币已抵1.58元, 退货宝, 48小时内发, 包邮, 公益宝贝",款式类型:端盒 | 出售状态:现货,https://gw.alicdn.com/imgextra/O1CN01GNcRgL1fRQZTgw0nr_!!2217280974003.jpg,http://click.simba.taobao.com/cc_im?p=%C3%A4%BA%D0&s=1804664850&k=2401&e=WJ8tkimddoxSS73dFcXkeYkPCA3R4HBpdM7hnWicZOp1DPCR3UYCYZferG3L9hVDo0rMOeomhC7C4rZUvMlxtdlv5sWjCNYTV2JzRoO1YcQVpLE9XPASv2HvHhL%2BnjUQrar%2BkrxHg6GlGVtoKiIZL8DQXy00y%2FVE4A7yo5%2BZgYiElwPnv06ALNLz6ZlbqADxEgOju8q7zfTd9iMGmfaGvKaZbj5wcutr4Ayq7h4MlXO725qvs0MLaDdMM6YVdVDX91tcrFIWDjXle4Q%2FZ6zZyuuPG4w0HLVGqUgawEu2Pv3iOGWmOjzXTiGzKXhUANAfrhNPy2Oe%2Fq9VmDeSIjIVIgaKx3LTVJCrCptQpmv7OOP82Ia%2FNSZROs8QLBMcHnhXML6iyZjuzjqyNVyFNCypyPgSoK1qk6WKnubeD9hLjQVG1SGN24F5sN3vmJ5NxyGnT4MgF9%2FWjNh2r%2FpKYxEvSINCLwQkUhFh1xGE9zltE%2BmFX4wpptoPziD8RIgKhZQbteVeuRr9Mif8apz7cyOQwEuXTMygJe1slUxjLyYmat2NbM4TpGu1FWhxgH8OZi%2FT3NUv0yPPyv9GhkasA%2BH4qbCP6BbyNezIsijCGEieKOl9iyKLrA5wODv%2FkOf4B%2FnGCGTttjKrP6yP2%2FnpIkR3EjyS4JbXtKFIRLldlYMkQcwrpWAe7cA0Ep%2FFM4XEjk8Jd0Xo3%2BCgU4z0QIuR%2BToPX%2BW6L%2BlU9JvYXgGce7iQwoxLl0zMoCXtbOPOWoRlF0rcbn1uFsInNqrTOgXef2rgB6n6cwWjC3rNL1uLREzKi94o9iOwGJKXrpE37gFyG68TEFRBQF5EA7c0JKEzFBDrmKHzj8P6LKT32H4pe%2BVBXMkgDH%2Fm1hFXifVZTRlHlga8nq%2FXiJ2Js4fiyE7eU7Cz0WRLLHHbLV2yz1NA2eVQu%2BdJhQSog1n%2FrA4aIuvcSTTzGspM7XmEozxHECAKQQCMhogd%2Bt%2Bzliwi3m%2BPJVJCdSWwPMKsvLIlylfU35HzOdKgLp6C9suxkKzjkKnz3Vmj7uee%2FFOM0hdfvcb55YCFcE%2BagkgF4J2xcrbOhOG8mYF%2Fm20kPkWhxVByRD6Vduz3Afj8wJ%2FLJlghAZbGOUvY4hFWCih8Rv7rclxx%2FGM5HFv8v1S1Z8uD369aZjPSVr6jU0th2Zanpiz3zjb8iUn%2F4oF0hqntYBLRWO2Btk%2FrwJQ%2FhYqb0aQ08DG4iXKgS1dgvg6nkT5oR6ZUo1mw8rbehH5v6OjzBbX20LYcvLsFRlxBBI82cHGEAMdXNxn9DOXWlqxWjbd8wUKMoKLWYrVGpHafgXeRszWEuo22msVohDhFwr68fojti%2BH4boQz5HxZrAGCb0COmxG6OSmJBS8hl5lwnKa57f6tTNai0UjFsnuMCNz2ak3rtbmy1UCUy2n9jHf7jhcQwXQm1E8HbXw6vNZmTqxM2i1E2Dm8xWThgjDK8wK72b46cGHNKPsHsT%2B9jbe9Kh4OY006tFCh5SOgI8EXrXO0vDs5QB9hysDONNNziKz9%2B6ki8YrrdAauGhyePZ3eBgz5kSI1kV%2BQALYzR02057AdnUNTVmMDY15GbSZDpNIHWEIdl6iHrJUdCYayLIGq7hA8D7vWb8FVOgGsyMOPUnqPxv4vH7jv%2BQBXQRIcgaruEDwPu9ZvwVU6AazIw1Ymz7viLJNN0iJdVEQ180CrELCuLShofgDmH76nFjYlgoOboucDdsQmdUNz4sJ5%2B2Lv%2B8O6IgBs2tWnor71S898ogkc7woXE5ogS9g5AHzWrPYbvzdv4zDOMGMt5qf9iWKWwpaWJNa5keCRr3Mp2gJDrhtsf1vczY0dcd6alhwb7%2FCzdjcB5K2gvsnA1BEOFD9e0JIxxevMVCMgu73cZB%2ByH4bRJHxqbrNwQ80NbOHF16MLXYrcScnGjUOXL%2BPQLliMpRt0bsTKX%2FaEd5YZAwZRLxo%2BJNxR%2FHwAYWPpOzYYnNS0csjYU6VWhZIpbPmzi4SAMaVbiF3ae4ci0GLpKvgafIyxW21TGbgexgd5%2BTG%2FlRjdrHp%2BlcE5elQgbqsmqJDX2%2FjvbDEkqRuusSaBI8jBQfI9CtXeTZAhQ9K8uHfTFx2IggpVtupQNoxE%2BuTWYz5Y2l2IaCMuIdme6Ul0%2F4BiyoIF1MKAaY%2BCFQHXdNbaqC%2BO3jtyYQWOQMTgMKz9PQDCMZA1q8m777baU%2Bc5EQ6awn0DugWevUVDB0iN8RtbvNsydi69QV79xA%2FHeWynTVrZYaWyGYv9s7fGtiVTbTWhST3jmQ7iFUuXTMygJe1syJintizWP%2FYH7i57FSFBaqqANL8iW5G2sI%2FoFvI17MjmChdzZ4S4o66%2FAzRrMdLE1Sg7gnEU8M%2F7ConWljBQOm6JoiMDLOFQ&mm_sceneid=1_0_6445106444_0&a=xxc%3Dad_ztc%26mi_id%3D0000V-rBmuJ0BlGpmX9TQsAxe885A9ARlwt1q55w1V9SKQ4%26skuId%3D5515125241114&id=956669100100
933982626694,史迪仔盲盒摆件史迪仔盲盒摆件搞怪日记系列手办盲盒桌面潮玩手办,35.6,¥,首单价,a丶安心,酣睡小熊妙妙屋,,900+人付款,广东 佛山,"直降1元, 淘金币已抵0.31元, 公益宝贝",款式类型:端盒 | 出售状态:现货 | 系列类型:联名系列,https://g-search2.alicdn.com/img/bao/uploaded/i4/i1/2200555745852/O1CN01pkTYhm1t6Gq2czsy4_!!2200555745852.png,//item.taobao.com/item.htm?id=933982626694&ns=1&abbucket=10&xxc=taobaoSearch&mi_id=0000dlbYZBNdoCLsvPzz_W09cL_QehE0NzdPKCQmls1HVsg&skuId=5823078324686
961003413293,水豚噜噜玩偶盲盒可爱手办公仔周边桌面摆件搞怪动漫儿童生日礼物,11.6,¥,券后价,tb319621834,首次开店,,4000+人付款,浙江 金华,"官方立减12%, 包邮",主体材质:卡通 | 表面工艺:铸造,https://g-search3.alicdn.com/img/bao/uploaded/i4/i4/2200550350831/O1CN01Hu2DsV1I0eCa72LzL_!!2200550350831.jpg,//item.taobao.com/item.htm?id=961003413293&ns=1&abbucket=10&xxc=taobaoSearch&mi_id=0000dB20ROtdQP5gyIca_tbg6UsFyxZIUCu2WwwcVysh6e4&skuId=6027989666522
980045768030,2025新款水豚噜噜摆件潮玩盲盒手办玩偶创意可爱汽车车载公仔,14.23,¥,券后价,艳小舞10,静秋儿童玩具店,,400+人付款,浙江 金华,"退货宝, 48小时内发, 包邮",款式类型:隐藏款 | 出售状态:现货 | 商品状态:全新未拆封,https://g-search1.alicdn.com/img/bao/uploaded/i4/i2/2435881500/O1CN01yNAbIZ1Mx3BqlEnAi_!!2435881500.jpg,//item.taobao.com/item.htm?id=980045768030&ns=1&abbucket=10&xxc=taobaoSearch&mi_id=000060al4wfY1Pq8sw4QaLJaweGw6nuJ8CYCxs2W6O40-aA&skuId=5935934653977
777713615680,第五人格拼装工坊真理之下主题盲盒潮玩周边手办公仔生日礼物摆件,69,¥,首单价,goldlok旗舰店,goldlok旗舰店,12年老店,2000+人付款,广东 揭阳,"直降3元, 超级立减10%, 热销爆款, 店铺满299减10, 淘金币已抵4.45元, 退货宝, 包邮",款式类型:隐藏款 | 出售状态:现货 | 品牌:GOLDLOK,https://gw.alicdn.com/imgextra/O1CN019AMann1DIRYUqGWGD_!!1678000193-0-picasso.jpg,//detail.tmall.com/item.htm?id=777713615680&ns=1&abbucket=10&xxc=taobaoSearch&mi_id=000066HHDjAJ8-3jZ3BYBmCalcgOnroguyL_AE8F7941ts0&skuId=5933953848107
961480114754,星斗模玩万代高达假面骑士盲盒福袋中古在线扭蛋机一番赏28次数,23,¥,券后价,tb723146774,星斗模玩,,200+人付款,北京,店铺满5500减500,出售状态:现货 | 品牌:Bandai/万代,http://g.search.alicdn.com/img/i4/7991976130/O1CN01dTyjDP1v9azq2lMoZ_!!4611686018427379906-2-saturn_solar.png,http://click.simba.taobao.com/cc_im?p=%C3%A4%BA%D0&s=1804664850&k=2393&e=fvAW3IQVKFZSS73dFcXkeYkPCA3R4HBpdM7hnWicZOp1DPCR3UYCYZferG3L9hVDo0rMOeomhC6RnW20PEgfnaK01sQIF0BoI5SgfJLe5Ix%2FAHJBQ4uOqmHvHhL%2BnjUQrar%2BkrxHg6GlGVtoKiIZL8DQXy00y%2FVE4A7yo5%2BZgYiElwPnv06ALNLz6ZlbqADxEgOju8q7zfTd9iMGmfaGvKaZbj5wcutr4Ayq7h4MlXO725qvs0MLaDdMM6YVdVDX91tcrFIWDjXle4Q%2FZ6zZyuuPG4w0HLVGqUgawEu2Pv3iOGWmOjzXTiGzKXhUANAfrhNPy2Oe%2Fq9VmDeSIjIVIgaKx3LTVJCrCptQpmv7OOP82Ia%2FNSZROs8QLBMcHnhXML6iyZjuzjqyNVyFNCypyPgSoK1qk6WKnubeD9hLjQVG1SGN24F5sN3vmJ5NxyGnT4MgF9%2FWjNh2r%2FpKYxEvSCSqpJNGFCOd5LKXzehhy%2B340uQk81fisSRj5vORq3eGtucqpZt3P9INUf3ZnHePEZXKgi8WZgG928%2FGjrR0yY0eG2Ap13BskW9zVunWFWigx9pCRbyubcl3OJ37N7txd%2BFHsVYlerUh45ppNRzcS7yjBNxH3OgDA%2BnNShiav80tkQEY9TnlzkvdGNcC22aUe5SGF2VvwkCSy4qYXT6emVRVT0ymK%2B50QGYyOImK4%2FC6xmNBek0ro%2FsJ97jsBXqKa0UV33PBFiMxdDI%2Fk6J7NOgIcBIIkhk2C1lF138Z1EDR25OxyN0p0NusuXMzmdiwtxN6u5nQ1GCruVM8EDfrAM3DeSfjpKVacZCwvj%2ByXX5A8DWt16y1FIQ1p5cXAkw4GAqBpC7QY8pZ4fzFd1NeAwmYQUjuuJaxIEPJwztDniyYabOmyppPjJOGbwSB4e3p8VrZYaWyGYv9K1abZtR8nM%2BNHXHempYcG1fNqcZq%2BICapjcO9DyIaU%2FwKdKL%2B3Bg24oPYzvGZL8RCd69Ab1aI3iE0txMgYT18LlZeNcJLLGzvgIfbIrTJ6UGmH3MArxz9KBREpoiVKNqHOyK3efPw%2BxV4swEzHWAm0Tpqlaaqi6571ULJwhgldO2%2BoW0UK5m%2FN1ANZwefvDEovWwZeA1a%2FTAhNYXldKbWlKMsunxn3Z2EuqJrEgUUPQpekWJYX2O6kNjDnKDbMKXsHJ8AbcFabD5%2FPGGsJvzdrhT1er44rhqTMf8FZnVLJ5s9SNUWAFdGSTODjd%2FFOFvZbnLn8n0FnccDcxME4uRCcoWT7GsrYHLQ%2BsMcsVkXoo9FO3ApPlwrlv9YpXZIbvbFPZhZadMij1quagiaAfq6JwYaJDXD9x7%2B7Vn628el%2B5W0sPSDZCqKRorUz2iFCchsP%2F2RpR%2BSDb3iSCWfD3cWq%2BGKRxVxnpLXkbqpakzJL0HeyODpUvqogBBBslFgm0LQkCrMNmXA8NnbEFOy5tNkZr9dGmPzBCEjiTyeDtvI0s30SgF4TKNsFkECEV9j%2BpDfqQWZw5EGNYVYsRQeV4Gfz3IjEbvr%2FruENniSV031I4Hnqdq1G5AIDQEH5dNqaYjDA5rYcHaqOchH7ejHNDenYdUacfi%2FsXD3hn4Vmg9Kgbu1Xih8dCUbZrESKdTBxqgvYQj57xlmdJP0BGU01tvrdIF7f%2B86lU0tH1j5lZD%2FW%2Fr6KI3C5mo40s2vnafql7e8jYKD60js3syCs3Zxfu1hg7E0I3LVIVXvl6PPGpAEQfR%2BhZZ9ibHakdQCLku3aHwwNkWR3bOvwNGWDVY2rdSGtCDtY47lMk0VCMgu73cZB%2BsTiXW7MTLznPa8oKJiuz1uHL0bvIbpWeBbzbR4Q%2FdqKU3%2BH1jzJjMvnZ7tw%2Fh9WyTJVdPWuspJcdNuMBd5NOc%2BOg56dn1iV10DK8My5MdrhlC%2BvrgrpGvWyScVhyE7YaviW%2FcD9zv%2F8twmwSNxMbTwnbDCuL6%2BuAoSBnpOQoCGH0HfB7VtVMJqpMWwmK5cluiP%2BrMxCO2F9aXTlxYUhB5cWm9HafmqosFHZNUpX%2B2Vj24z032UhkXauQCxamvan4L3q%2FIwWa%2F7vwfH3POjg6BjXC3e17UpUUE5pwhJF6%2F6TymM8cTaKY1pIX2pFd%2Fiob7DfBBJx5RHyDI5tYmTiwZPKuUY%2BQJlsd3iDtMElT4MIZdcz4YQ3%2BLRKr%2BqBg4Rm98UpvjgthAl29xVeXCcUYGfROARsu40gN1TOTeGAgYDWmVXrI4JET%2BfRN9PCPvsabNVvVfvTMnBo6xCClllu4RxS9B6Kn85nInz28WBjNk7NnuXlovU3ambCqoALF0Q2fy0rhWbZjFOKCdOekKf8AP1T80IujcEDfcGBGmCMZb4WsIGdI%2BU%2FO5N9EoBeEyjbCBhsZG4G45HA%3D%3D&mm_sceneid=1_0_7991976130_0&a=xxc%3Dad_ztc%26mi_id%3D0000qdHKr2j6om1cqnMOXDkpELAbKwHotH4yTfrPp5q7JqI%26skuId%3D5999704717006&id=961480114754
962554626729,蜜雪冰城雪王百变日常2盲盒手办可爱摆件含隐藏生日礼物年货送礼,34.6,¥,券后价,蜜雪冰城旗舰店,蜜雪冰城旗舰店,回头客1万,4000+人付款,河南 郑州,"官方立减2.7元, 淘金币已抵0.22元, 包邮",出售状态:现货 | 品牌:蜜雪冰城 | 商品状态:全新未拆封,https://g-search2.alicdn.com/img/bao/uploaded/i4/i4/2209282435262/O1CN01cBdfnX1ok3Dgaz4M6-2209282435262.jpg,//detail.tmall.com/item.htm?id=962554626729&ns=1&abbucket=10&xxc=taobaoSearch&mi_id=0000HzbprtwToKM94nWURzQInxDBeet_-kHiSDWXL2O_Jso&skuId=5899842413401
858154021741,泡泡玛特 我们都是星星人系列盲盒时尚潮流玩具摆件礼物手办公仔,28,¥,,林下之夕rea,UR TOY盲盒商城,13年老店,3000+人付款,广东 佛山,"店铺满29减3, 48小时内发",出售状态:现货 | 系列类型:联名系列 | 品牌:POP MART/泡泡玛特,https://gw.alicdn.com/imgextra/O1CN01URbXPH1wpYuB3fhZl_!!524736357-0-picasso.jpg,//item.taobao.com/item.htm?id=858154021741&ns=1&abbucket=10&xxc=taobaoSearch&mi_id=0000N9UYmRsSMUuveEqHAo1ovrfnPVDm2_D-29GpzzLE2yM&skuId=6021909742730
968397370171,POPMART泡泡玛特小刘鸭长不大真好系列手办盲盒玩具礼物,59,¥,,泡泡玛特旗舰店,泡泡玛特旗舰店,回头客20万,4000+人付款,江苏 苏州,"热销爆款, 退货宝",款式类型:隐藏款 | 出售状态:现货 | 品牌:POP MART/泡泡玛特 | 商品状态:全新未拆封,https://g-search2.alicdn.com/img/bao/uploaded/i4/i1/2885348004/O1CN015d0Xip28ztEPHBwWb_!!4611686018427382436-0-item_pic.jpg,//detail.tmall.com/item.htm?id=968397370171&ns=1&abbucket=10&xxc=taobaoSearch&mi_id=0000Wt0lPZC0xlCbJXo0G9iNQnfEFJdGMMvc0VcE2fh-aI0&skuId=5916989093966
834293232187,52TOYS哆啦A梦音乐会系列盲盒手办潮玩玩具公仔玩偶摆件礼物,69,¥,,天猫超市,天猫超市,回头客1000万,200+人付款,上海,包邮,出售状态:现货 | 款式特点:静态 | 品牌:52TOYS | 商品状态:全新未拆封,http://g.search2.alicdn.com/img/i2/6314654004/O1CN01j5972y1fRsy7ES4oi_!!4611686018427386164-0-saturn_solar.jpg,http://click.simba.taobao.com/cc_im?p=%C3%A4%BA%D0&s=1804664850&k=2369&e=tZBiT2wJnsZSS73dFcXkeYkPCA3R4HBpdM7hnWicZOp1DPCR3UYCYZferG3L9hVDo0rMOeomhC6Z%2FnNbGfVgOj7mGHN4A5eCHmLPA5Mq2D9%2FAHJBQ4uOqmHvHhL%2BnjUQrar%2BkrxHg6GlGVtoKiIZL8DQXy00y%2FVE4A7yo5%2BZgYiElwPnv06ALNLz6ZlbqADxEgOju8q7zfTd9iMGmfaGvKaZbj5wcutr4Ayq7h4MlXO725qvs0MLaDdMM6YVdVDX91tcrFIWDjXle4Q%2FZ6zZyuuPG4w0HLVGqUgawEu2Pv3iOGWmOjzXTiGzKXhUANAfrhNPy2Oe%2Fq9VmDeSIjIVIgaKx3LTVJCrCptQpmv7OOP82Ia%2FNSZROs8QLBMcHnhXML6iyZjuzjqyNVyFNCypyPgSoK1qk6WKnubeD9hLjQVG1SGN24F5sN3vmJ5NxyGnT4MgF9%2FWjNh2r%2FpKYxEvSPfAB7u2Fjmy0tehLdWIZL740uQk81fisSRj5vORq3eGtucqpZt3P9KGfA14Pj4dJp2ToPwQAGv5T2Ju9J1uWM0GyBvua%2FzyEg8KwK4o7ZQG3gPQ6GGcVsjxUDtLTVkyx8OZt1zzMJSYBN4v%2B2QK5P14CLFr0vhM07pyRBv3Hpz3I8EEonp5aCM6VC72sS6uN3ocVyLF%2F8h5VbhZGmG5O%2FTnGkrL8MGenKrChHVKTkrMwEYiM7j7diFc00V5DEdOWLCIaUbWqWOhNZ0BPE2mSd5SzFcU5pohHrdfGcA%2BOfuqCks%2BPsBwQUZH6IQX6Mmndt3d0swhAkd%2B85EgpN87UrnexLFwQMB69mZKet0ZhDxC5hRpMNo6P6MoXwZlysaEclXxd%2FLfzHQsyoTuU6vahoft4akONammm52jilLQ3RqFEAI8zLHzprBUNIvWjIhPzixsYpppOC1ctvgqVds0GSSwI38S7T3j%2BD%2BDmIUwx6RZiBUinJiK%2FUWNHXHempYcG33TTMNGMl%2FWyN8cfQAtlfA3LAgtpMWIWbGXKlsRHNMlaKfJqLggdSrUejftXfKQ7d1lHG5zAWUJQ7CUUnEpbLSEcIIJv0jYF6Ii0AQYgF28iVIHLX%2FLbbnrTyJJH8MvfJsR%2B8Da0osrdLbnWAudBKCxUFYtjquCBwk8uSs5ji%2BKJlxXegxmVkdQrHJ84IJafrDjKZwZUm%2FKT8d8bpAV1yNQJ1sINo7p6XX1SALj2lCwy2%2FZvpoVtAyEVVxLhF2eXmDHHfktRFcl0y%2B2l6aYqy0JLcwgvIoR79lTdvegaJjjxlrMZhsydFOmH7VFLxd3DfaoG34hMuljK1VGbbW%2FJDTi%2BTBydHELBFv9YpXZIbvbEnBESwGrZ2TSPkV%2B6WmUv8of%2FNDLFEnOwHIVFnM6AoQIZ0W9PYg%2B12kSzJc166yKp8yy1MENHpRt1gPYcdi29W%2F1g%2Bz%2BayV7a0BTGW5Yp9aUatjmVOP4XG7HAiKMDnNb%2BOS1RoXY27B8CXqRqT9iJHRC0wq6s8QH2jSWvZ5kERCW5H5DpEBK7Kq6%2BiFou%2FfGAgRli7rmoRomIW3LWhZJOY4qZl0Aouhwq4ldmRe0YnVo4AG2q95IvYE2ZJ6K%2F5V0Yf1i%2FLTMlGW9DWcQLzX1ndIF7f%2B86lU0tH1j5lZD%2FW9h%2FWL8tMyUZctr275SSSrDPTC2z8q4qVT3OSoV1FgMFthbZv9k3cfZ60DP1z4M7hut4lfUYNtFCniq6x57SNYIXDmMUgS9mzLWG5Jr1hVG2vwlSRzXmfsgc833kbJfwMoQjAF8f5qgCHUtbPlzGnzPfeJcbR6cAzQBH4f00PNJkX0TfTwj77GmuYTBSy1DLnHWG5Jr1hVG2gTjS0kWBLNMRTe5YjXVHYDd9dk3VTSud%2FexNOhaeRBYAJo4t6lRM0sOiy1kVnSukMaNQ5cv49AuXM4fUxNI9rQI0nsgMwx%2B2zqE6Qf3LWzjnMrLU4h8HaoqpEZ3kNZczDvvG%2FkSkBvLRWoCITadWbNflqKyXBcK6pdwC49ooa9%2Bx41EGzcCEvryQMGlT9YwQSrjd0rHiTqo%2FSd0TjLy9o7moyNswGpIGxjjm4GoBleTI50iscvPG2REs1Am7EuAIrjUfSaFd763p7O%2BE2noK1eMaFz1ckEcwrKllHfWLM9f1JNCPQtNZ5%2FSI%2B68E0VBY80j1IjRFNQh4fzFd1NeAwmYQUjuuJaxIEPJwztDniyYWt0P%2BPmlGmFdnnf7NWXJL8WaWciG9a5n47m%2B7wtCL7Q%2FLT93DfLplGH9Yvy0zJRlsHyGGHVCtaRxRySeuFQ4CrJnQtpS%2BIP4JBR6zKEkfyL3PRR6quaRGE3j6y7qoDIuQ3kUNX%2BUPE0wqrTblu0e9shWu%2F48DWWj&mm_sceneid=2_0_6314654004_0&a=xxc%3Dad_ztc%26mi_id%3D0000n6qPAjagAtuo4m5RHhrPO7JV5suJMq5dnwlPNxAUL5E&id=834293232187
962739113993,猫猫水晶盲盒PAL原石办公桌面摆件汽车装饰卡通可爱生日礼物新年,11.8,¥,券后价,心li有你,心li有你,8年老店,1万+人付款,山东 济南,"淘金币抵0.3元, 退货宝, 48小时内发, 包邮",主体材质:猫 | 表面工艺:半手工,https://g-search1.alicdn.com/img/bao/uploaded/i4/i4/3166653032/O1CN01tLInHf1YGhvBmlWL6_!!3166653032.jpg,//item.taobao.com/item.htm?id=962739113993&ns=1&abbucket=10&xxc=taobaoSearch&mi_id=0000Znl5787qVh-SyG5WxOnKDnqoCXP6J2BogIDdBptqL28&skuId=5946854807250
957968013794,正品TOPTOY三丽鸥浪漫婚礼系列盲盒潮玩情人节七夕结婚礼物手办,28.5,¥,,tb6327804471,Do米乐潮玩盲盒店,,300+人付款,广东 汕头,"48小时内发, 包邮",款式类型:端盒 | 出售状态:现货 | 系列类型:联名系列 | 品牌:TOPTOY（玩具）,https://g-search3.alicdn.com/img/bao/uploaded/i4/i4/2218832086022/O1CN01y0j2061uM8BcuBimA_!!2218832086022.jpg,//item.taobao.com/item.htm?id=957968013794&ns=1&abbucket=10&xxc=taobaoSearch&mi_id=0000C5rfprPE6sv-sFVcU1tCt-IIq3z3KWyrjOnJrZuklQE&skuId=6050715926328
,,,,,,,,,,,,,
1011581797905,马年新款抽签红包2026盲盒抽奖幸运签公司团建活动游戏抽签利是封,4.9,¥,券后价,tb474777246115,启明家居日用百货商城,回头客100万,1万+人看过,浙江 金华,"店铺满68减5, 48小时内发, 包邮",封面材质:铜版纸 | 风格:喜庆风 | 商品类型:异形红包 | 装饰元素:烫金 | 包装方式:12个装 | 适用场景:节日通用 | 封口类型:插舌式,https://g-search3.alicdn.com/img/bao/uploaded/i4/i2/2216907268244/O1CN017gV3Tn2AloHb9mc5d_!!2216907268244.png,//item.taobao.com/item.htm?id=1011581797905&ns=1&abbucket=10&xxc=taobaoSearch&mi_id=00000y33RAPz-IU-Q6SCtdpK6Lqsjep_1jL8vVZnP6NdETE&skuId=6178235651723
1003400316609,2026马年吉祥物盲盒小摆件办公桌面马上有钱治愈系装饰品新年礼物,37.6,¥,首单价,艺上美旗舰店,艺上美旗舰店,12年老店,1000+人付款,浙江 金华,"直降1元, 超级立减10%, 店铺满158减5, 淘金币已抵0.18元, 退货宝",主体材质:动物 | 表面工艺:半手工,https://g-search3.alicdn.com/img/bao/uploaded/i4/i3/1831608857/O1CN01ep1mH82FIZ46XNMKp_!!4611686018427380249-0-item_pic.jpg,//detail.tmall.com/item.htm?id=1003400316609&ns=1&abbucket=10&xxc=taobaoSearch&mi_id=0000p0sYyv4t_mMrm_G37W0Rb1j5QTScqE5tKreSjT6Bg5I&skuId=5991276864688
952230946997,【新品推荐】B.Duck官方小黄鸭毛绒盲盒20周年限定潮玩公仔布娃娃,50.72,¥,券后价,bduck旗舰店,bduck旗舰店,10年老店,77人付款,广东 惠州,"官方立减12%, 淘金币已抵1.18元, 退货宝",款式类型:特别版 | 出售状态:现货 | 系列类型:联名系列 | 款式特点:静态 | 品牌:B．Duck | 商品状态:全新未拆封,http://g.search.alicdn.com/img/O1CN01YPozpO2AUPBoh9Gmq_!!4611686018427381822-2-item_pic.png,http://click.simba.taobao.com/cc_im?p=%C3%A4%BA%D0&s=1804664850&k=2337&e=E3piQqIBY65SS73dFcXkeYkPCA3R4HBpdM7hnWicZOp1DPCR3UYCYZferG3L9hVDo0rMOeomhC7L1wMokDKZsAwIA%2BMLhTae01D62cmOQw4VpLE9XPASv2HvHhL%2BnjUQrar%2BkrxHg6GlGVtoKiIZL8DQXy00y%2FVE4A7yo5%2BZgYiElwPnv06ALNLz6ZlbqADxEgOju8q7zfTd9iMGmfaGvKaZbj5wcutr4Ayq7h4MlXO725qvs0MLaDdMM6YVdVDX91tcrFIWDjXle4Q%2FZ6zZyuuPG4w0HLVGqUgawEu2Pv3iOGWmOjzXTiGzKXhUANAfrhNPy2Oe%2Fq9VmDeSIjIVIgaKx3LTVJCrCptQpmv7OOP82Ia%2FNSZROs8QLBMcHnhXML6iyZjuzjqyNVyFNCypyPgSoK1qk6WKnubeD9hLjQVG1SGN24F5sN3vmJ5NxyGnT4MgF9%2FWjNh2r%2FpKYxEvSINCLwQkUhFh1xGE9zltE%2BmFX4wpptoPziD8RIgKhZQbteVeuRr9Mid5x4oHTyaiDhlnYpbwWITdLUKtz921SvsBF2uGeBZZfN1uxU9ZjuEyrDzLfIjVpN43brNBPXz8v25IsCRiiQEsOBrGQWyEXyYGhDsYxr0YujvIfNoaFoYn%2FLY7tVWdkgVsOH%2BhqAJ%2BiQG9DtDy3FJTM6qqk14kdxYrpWAe7cA0EmeUwKOHMAAYu2RcDL3ze%2BnrfN4yPEsuS7rAzXxW2ekSo4RxYTbA9yRWFC%2BA9xIhEa5I90Taza9R5F5DynCKhFq6Gnlxrmr7TFSCYpH97ArIeYGC6rxTTltPkWwwTrCkB%2BYdwc2neCrvIkZb9RcBUZZ39Zhd9b4DsWFIHkC%2Fb6XS2nZoROjQBbmYWeoIDUgefK91OOsojWXhHyPP8q3TlM%2BLzETiGUOOvRICpZ%2FUj3ADyyX10LosAzQZZ2KW8FiE3SoaLF1bVq1aW%2B%2F%2FX5W0Zixed3wxF8c18KpyOjNS4rE9Hh3PlEJHDEM%2F8%2Br%2BiBzMO7TJVjz3jdD26qnbIoniPLqcNjV1LCOBB4rlDscgbDT6iIBtF8%2BUNPalR3C6VLz2wS2vmMZ25UHVx5NNU3PhaxZJRN%2FsUFOPicwDLDm%2BZ3NAzlzG11DZXr7K4qb3oaYgMai6P3%2Bp466Ii%2FLwdCzEVJbXxAS%2BueMweL3nbnb6PigSUgKDdwpqHKFSdPwhQcIvSzQybhI4c5wAJ8t6aPHAsdgGHkoIT8ms7JP8jzV9SFGRQQ1PeZQusBTD8Z%2FSOJcQcsvFsE2E%2FZNjqVslQ%2F3pe9A3brNBPXz8v91uxU9ZjuEyZWQCRyf5kBgBF2uGeBZZfG5IsCRiiQEsuYkSeUgTIYqh5t2LSPkx7i9llFB63JihXkbqpakzJL0HeyODpUvqos6dDJM4Nzw0MSBx%2FpeLFymBFLlqtnIA8%2BO5gRkOcYqnjiTyeDtvI0s30SgF4TKNsFkECEV9j%2BpDrVNsjQM9TeVYM%2FSsMlzM8z3IjEbvr%2FrumBhv%2FKN%2B%2Bu1yvHSxUkluherpMw%2BUg1ExY1eFofdPS6f1rwyQGLXzOhb8vTSSS0q3Bjecid4hy0O8evWBB%2Fgp21P%2Bb2l9BSI8GWdilvBYhN3N0QUNCJgr7gZM2exj7%2Fw8wvxD6CCmpycZZ2KW8FiE3ZxPMCTDMq4qYe8eEv6eNRAjRU8a7R5I%2BCVlYvMalA4FnXBuLiNAqU4p32Was7VWxorZFrJz56V%2BPWxA8nzkwB0sI53XrZnnYvwlSRzXmfsgc833kbJfwMpZ734E51PRc5u%2B3mOUhanyMpQGt9KpZ9pa1aN60pdIDHUg%2BLqUjfIe6JMvLt4j26YcAtiFZOvZY1QjILu93GQfsh%2BG0SR8am6ym2ebWtIrztejC12K3EnJxo1Dly%2Fj0C5YjKUbdG7EyviyoTtO9EqqF2%2BmJctLdAJ8AGFj6Ts2GJzUtHLI2FOlVoWSKWz5s4uEgDGlW4hd2nuHItBi6Sr4GnyMsVttUxm4HsYHefkxv5UY3ax6fpXBOXpUIG6rJqiQ19v472wxJKkbrrEmgSPIwUHyPQrV3k3zOMaZs5QmBhcdiIIKVbbqp7cO3h6z5y8lLLKOpscE5YnnRGnPNGJ%2BiLgdUpKx2Fc0JKEzFBDrmOiL4jMsdX%2BXCGs%2Fx3F%2FYGxcjP4s0OANqUPJwztDniyYabOmyppPjJOHRr8zfnwbd%2FOdUQJFy1K6kGBnKDDmXxNMBIoOzCrMgXrkhtdy%2BdTDp28A%2BDYpe20App3rBXGV1dwXt5E1mkc2U%2Bqoq%2F3WGNaAgz94QOj8wnKKOMHAu%2B%2BD8wK72b46cGHNKPsHsT%2B9jb4ztKfW3LQL&mm_sceneid=1_0_109402477_0&a=xxc%3Dad_ztc%26mi_id%3D0000AhflfNqnoVxjQGKkbSJLAqQ9C8gELiL1SlToy_1vVLA%26skuId%3D5870745008478&id=952230946997
966108040440,JOTOYS奇偶潮乐Q宝情绪毛毛怪盲盒手办潮玩玩具礼物摆件Q.Kid盲袋,414.9,¥,首单价,jotoys奇偶潮乐旗舰店,JOTOYS奇偶潮乐旗舰店,回头客1万,3万+人付款,广东 惠州,"直降7元, 淘金币已抵2.09元, 退货宝, 包邮",款式类型:隐藏款 | 出售状态:现货 | 品牌:JOTOYS/奇偶潮乐,https://g-search2.alicdn.com/img/bao/uploaded/i4/i4/2216035612777/O1CN01SPdAT51WNuwP0BBiL_!!4611686018427385961-0-item_pic.jpg,//detail.tmall.com/item.htm?id=966108040440&ns=1&abbucket=10&xxc=taobaoSearch&mi_id=0000_itCUSPOxaSkH5uXk_2rNYmcNLHQfmTcgrOf9KAUJYs&skuId=5929112979663
898222935930,MINISO名创优品三丽鸥魔法物语系列盲盒摆件单盒潮玩摆件新年礼物,39,¥,券后价,minisotoys潮玩旗舰店,MINISOTOYS潮玩旗舰店,,1000+人付款,湖北 鄂州,"新品, 包邮",款式类型:隐藏款 | 出售状态:现货 | 品牌:MINISO TOYS,https://g-search1.alicdn.com/img/bao/uploaded/i4/i2/2219447282511/O1CN01i3qDj91UQ5dsXjEfc_!!4611686018427382607-0-item_pic.jpg,//detail.tmall.com/item.htm?id=898222935930&ns=1&abbucket=10&xxc=taobaoSearch&mi_id=0000yzoiM6thN10NiJvwS3MPgZUEpvS3PvDbLn5Ua2i16f0&skuId=6021903352347
826579636979,TOPTOY迪士尼小熊维尼的快乐时光系列手办潮玩盲盒可爱生日礼物,69,¥,券后价,toptoy旗舰店,TOPTOY旗舰店,回头客9万,3000+人付款,广东 广州,"热销爆款, 退货宝",出售状态:现货 | 品牌:TOPTOY（玩具） | 商品状态:全新未拆封,https://g-search1.alicdn.com/img/bao/uploaded/i4/i2/2211430099222/O1CN01yRGlCM2HzjaziU6sn_!!4611686018427382038-0-item_pic.jpg,//detail.tmall.com/item.htm?id=826579636979&ns=1&abbucket=10&xxc=taobaoSearch&mi_id=0000is1aPrSyh7u3rdk7F6gsLBdMOf0daR0JDwk4WSXIjnE&skuId=6046036271767
985880196613,POPMART泡泡玛特MOLLY疯狂动物城2系列1/12可动人偶BJD盲盒尼克,239.9,¥,,李超越0922,TOP DOLL 俱乐部,回头客1万,200+人付款,广东 广州,店铺满299减3,出售状态:现货 | 系列类型:联名系列 | 品牌:POP MART/泡泡玛特,http://g.search3.alicdn.com/img/i3/1392190029/O1CN01YHzwfc1C5KbbXwbxG_!!4611686018427380301-0-saturn_solar.jpg,http://click.simba.taobao.com/cc_im?p=%C3%A4%BA%D0&s=1804664850&k=2369&e=8TtYDUltuJNSS73dFcXkeYkPCA3R4HBpdM7hnWicZOp1DPCR3UYCYZferG3L9hVDo0rMOeomhC6405G5bK9K4cYzIT8%2BMjNOOZfacBGrsgAVpLE9XPASv2HvHhL%2BnjUQrar%2BkrxHg6GlGVtoKiIZL8DQXy00y%2FVE4A7yo5%2BZgYiElwPnv06ALNLz6ZlbqADxEgOju8q7zfTd9iMGmfaGvKaZbj5wcutr4Ayq7h4MlXO725qvs0MLaDdMM6YVdVDX91tcrFIWDjXle4Q%2FZ6zZyuuPG4w0HLVGqUgawEu2Pv3iOGWmOjzXTiGzKXhUANAfrhNPy2Oe%2Fq9VmDeSIjIVIgaKx3LTVJCrCptQpmv7OOP82Ia%2FNSZROs8QLBMcHnhXML6iyZjuzjqyNVyFNCypyPgSoK1qk6WKnubeD9hLjQVG1SGN24F5sN3vmJ5NxyGnT4MgF9%2FWjNh2r%2FpKYxEvSINCLwQkUhFh1xGE9zltE%2BmFX4wpptoPziD8RIgKhZQbteVeuRr9Mid5x4oHTyaiDt%2B26x9AJKhrzW4LN%2FeNI97TDELpq0idNL%2Ftgoj0ah3KHMu5c0O9BkxXx%2BNtc%2F6nHcVYVoo7j9KIv%2F7%2F5vFV5Z877EISBVySGLaN427IJLD4yrWsYFbrPUO5J9cJlZoVCIm1mVPs0d4QgkdpAQKiwPsrpWAe7cA0Ep%2FFM4XEjk8Jd0Xo3%2BCgU4z0QIuR%2BToPX%2BW6L%2BlU9JvYti9TNABRHqjftusfQCSoaz3DDs4Yl5F75SgApIACcNHEnXK%2BNosQYa2U90BjFi5dEMZeJxsFE88o9iOwGJKXrpp%2FOv3rI%2B3it7xjSmilgcQ0JKEzFBDrmOiL4jMsdX%2BX2H4pe%2BVBXMkgDH%2Fm1hFXifVZTRlHlga8q9GFxT9W3zqx91NIm6xJGNzcJqLKpmKI9J6uo84V5efwIvXfMwOY%2BBUpaI23bLXl9iolMuhkJNK0AYXnE%2BVydknYbNHyDrFY%2Fdx7e9p%2Fh%2F57MO8t88MnIhJ4%2FSNh6Qkg5Uol2Sz%2By6vDM7WY4QGO7RXq94mn1vIKkM6r4j8RZ50GHT3REHNeT9jFAvs22K5X9WtmwhNOrdbTUvpFzEvB7pDOM%2BrRmgZs76nJdy4KrVPkdDiuRKPUAX9yX1yuntu%2F4DeDugAyStMdrsq506GHxFu%2Fv5NbiFZEzZYmIKLnromYP5RcTnNP3wPLFSOUkUQbN083LgbefzKWbF9zVmoeGQ3vujNa1gbwmHONMewCKPhGhCONIANrjsqqR%2FnvSIHla1VMt54oTZOnqgqZkZUfgzvsQhIFXJIYto3jbsgksPjKtaxgVus9Q7kn1wmVmhUIibWZU%2BzR3hAXw1ScLJLw4xnKLoX8BNseXCoWSUhntctJLUbJ6tbYV9Brr8ljwcvOp4Z7MPorwoxHI7SkM8JMGbklNVV6Q2PyxtQah5Cl68qYHxb1TXxzMEN5FDV%2FlDxNMKq025btHva1C6Ie3nG8O1tlFvNcC1LPVileaYkVpyzh9hcLoxLex3r8cMgNpL89oztXZPCGkjFF%2F7CWbbroXn8ha7%2FfuxqNHt1WXGEmdmeW90a5E5sKX9uMvXSoLFd9AqSlnwL895wUdzkPa%2BBmo87V5H9AtX2UIWIN3P%2BvzwVmn5iyvLWC1xR3OQ9r4GajnHICWz%2BzFsYvGF4fuW9kEbRurZtE6%2FYxUUtofvT44d5ME5i%2FiP83aruISonYVst5dJFm%2FKvqDGFFKyaf4PDk00fYdJ2s%2FMIxxP2pXZg6nMx0DK8My5MdrhynihMQ18tLByKnaRZ4UMfJiirz6TNNyiadbTweQ3KT9J6uo84V5edwTMlQHSgIqmf7A%2FkQXmHTmsJOufHc9NOLUeDUE1NC2mtro79Quius0vJkAVCDozwiG4VAfMAjTMJ2wwri%2Bvrg4aZ2jrzlIiToR8ma83duYKZoriLq%2B4%2BUDEAfTfAHd%2Bkod0XlUwAtRZSXDZTsEJQXTmzztyynUvGwsvG3ZvmdIt%2FkgZxztsxiLUajvEdXZhNHadZkxMdx9qAakbhUFfUDK0MlJJDVaCYLxhADjkcq2OrLY17Jped6g5WVV80%2FY1%2Bta41W8fHLE12UGkMeuydT1KCFISC04Za5J9cJlZoVCLkK5RSYIjE8d%2FWYXfW%2BA7FhSB5Av2%2Bl0t%2BZTh44Zc5Hs2IWVMoiagCWQD40gMrV1Z9KxNJCjVJK9J6uo84V5efwNZ8arCpL6lrZYaWyGYv92iBp3tczzn8hsNj%2BYbtipt%2B26x9AJKhrThAK%2Bdep9%2BWFtoG2d7C0FXAN8b0gPMbtxVhWijuP0oiqv5hgf5dHk66%2FAzRrMdLE1Sg7gnEU8M%2F7ConWljBQOm6JoiMDLOFQ&mm_sceneid=1_0_1392190029_0&a=xxc%3Dad_ztc%26mi_id%3D0000aRph38xebmUzjuzB_nu2CZ3ISF8eLtvWlNkT2kQ4QY8%26skuId%3D6112942767309&id=985880196613
964053438318,【李佳琦年货补给专场】 52TOYS迪士尼正版疯狂动物城系列盲盒,59,¥,,52toys旗舰店,52TOYS旗舰店,回头客6万,1万+人付款,浙江 湖州,"热销爆款, 包邮",款式类型:端盒 | 出售状态:现货 | 品牌:52TOYS,https://g-search3.alicdn.com/img/bao/uploaded/i4/i4/3951599478/O1CN01dthjjj2Jsz28QQWEG_!!4611686018427387766-0-item_pic.jpg,//detail.tmall.com/item.htm?id=964053438318&ns=1&abbucket=10&xxc=taobaoSearch&mi_id=0000cnoW9KW1ExrykOpMuBvRRBx8Z7Dm4xHNNGQGVw1O1Jc&skuId=6144854794056
996812313869,2026新年春节年货礼物马年盲盒礼品幼儿园儿童活动奖品小学生奖励,38,¥,券后价,huo一,火一百年文具礼品,14年老店,9000+人付款,浙江 金华,"超级立减10%, 48小时内发, 包邮",场景类型:春节 | 适用节日:节日通用 | 产品名称:神马都有盲盒 | 修饰词:新年礼品,https://g-search3.alicdn.com/img/bao/uploaded/i4/i1/794100468/O1CN01nfIcSD1FKOSsw612L_!!794100468.jpg,//item.taobao.com/item.htm?id=996812313869&ns=1&abbucket=10&xxc=taobaoSearch&mi_id=0000-aJybTUtXyamA1j9sfB2rzvVObOBMO4j80wFc3zw4oY&skuId=5977566293014
991091019424,【现货】MINISO名创优品三丽鸥Sanrio characters白昼之月盲盒,59,¥,,miniso名创优品旗舰店,miniso名创优品旗舰店,回头客200万,1000+人付款,湖北 鄂州,"退货宝, 包邮",款式类型:隐藏款 | 出售状态:全款预售 | 品牌:MINISO/名创优品,https://g-search3.alicdn.com/img/bao/uploaded/i4/i1/3459177618/O1CN01tfkrwa2696LAu2MCR_!!4611686018427387026-0-item_pic.jpg,//detail.tmall.com/item.htm?id=991091019424&ns=1&abbucket=10&xxc=taobaoSearch&mi_id=0000AHaL40N7EkhA7iKlZbOLQJJt-cySsWS91JDpTr8qGrA&skuId=6159358286444
897852611820,Rolife若来Nanci囡茜巧克力缤纷小熊系列盲盒公仔玩偶摆件礼物,99,¥,券后价,oristaco旗舰店,Oristaco旗舰店,,700+人付款,福建 泉州,"官方立减12%, 退货宝, 包邮",出售状态:现货 | 品牌:ORISTACO | 商品状态:全新未拆封,https://gw.alicdn.com/imgextra/O1CN01MhztOP1bQH74yvGVr_!!2217195163459-0-picasso.jpg,//detail.tmall.com/item.htm?id=897852611820&ns=1&abbucket=10&xxc=taobaoSearch&mi_id=0000DAbb7m23sfsbAceGvoe_lb5qD2c9bGr_kauM_9nyWek&skuId=5873451688124
726736696606,正版Beyond40周年音乐盲盒限量纪念版黄家驹周边手办男生摆件礼物,53,¥,首单价,cxm时光机,萌乐淘潮玩店,,100+人付款,广东 广州,"直降6元, 24小时内发, 包邮",出售状态:现货 | 系列类型:联名系列 | 款式特点:静态 | 商品状态:全新未拆封,http://g.search1.alicdn.com/img/i1/122354797/O1CN014cHPPy1lJ4yPmHa1q_!!4611686018427386989-0-saturn_solar.jpg,http://click.simba.taobao.com/cc_im?p=%C3%A4%BA%D0&s=1804664850&k=2349&e=CXO%2FoqpgCyRSS73dFcXkeYkPCA3R4HBpdM7hnWicZOp1DPCR3UYCYZferG3L9hVDo0rMOeomhC47ru30NluBZAf8QODj3fJskstghfCD7CR%2FAHJBQ4uOqmHvHhL%2BnjUQrar%2BkrxHg6GlGVtoKiIZL8DQXy00y%2FVE4A7yo5%2BZgYiElwPnv06ALNLz6ZlbqADxEgOju8q7zfTd9iMGmfaGvKaZbj5wcutr4Ayq7h4MlXO725qvs0MLaDdMM6YVdVDX91tcrFIWDjXle4Q%2FZ6zZyuuPG4w0HLVGqUgawEu2Pv3iOGWmOjzXTiGzKXhUANAfrhNPy2Oe%2Fq9VmDeSIjIVIgaKx3LTVJCrCptQpmv7OOP82Ia%2FNSZROs8QLBMcHnhXML6iyZjuzjqyNVyFNCypyPgSoK1qk6WKnubeD9hLjQVG1SGN24F5sN3vmJ5NxyGnT4MgF9%2FWjNh2r%2FpKYxEvSINCLwQkUhFh1xGE9zltE%2BnrY39xzhRFFazIyrjMRyV1tucqpZt3P9KGfA14Pj4dJp2ToPwQAGv5ZKRtQDQ3WLOuNLHfkL%2F62Mdlg15qb%2BWG%2BiLxFlfiE5Sz8l9WC%2FqJP7iINEJi3vxA8yQB3GTTF948jXVIfOOzW87nUmOc90BZWN7%2BQNfWHpZszTqtK%2BgKDibZD0kIy%2F8Cz3L1ngYb0Q%2FUo9%2Ffw60UwmxZpnrWpsOZwEYiM7j7diH82b%2B0D%2FI4DB69elEWA9lPxjB7XqvvEa4YfvXEeNNUf6EdvAkrwh8VrjSx35C%2F%2Bti6dJmpDv3KU8CJZHkHSW874LGN5RNU79Oj8uP51Q1tr%2FiZiPfO7kP79juEl1bf3zGIuB1SkrHYVzQkoTMUEOuY6IviMyx1f5fYfil75UFcySAMf%2BbWEVeJ9VlNGUeWBryr0YXFP1bfOrH3U0ibrEkYiRvb%2FSxCWpN8goHwtRyhtOXOQG17bRLp5X3AfEIBkKesscUMmgvfuJGKOSWywxgOMr4pORlUsMsN9qA487vsEfY7hJdW398x4mZsYRuew7gkBhUd2TV0KvVDNMOc7D6IiVIHLX%2FLbbnrTyJJH8MvfJsR%2B8Da0osrdLbnWAudBKCxUFYtjquCBwk8uSs5ji%2BKJlxXegxmVkdQrHJ84IJafrDjKZwZUm%2FKT8d8bpAV1yNQJ1sINo7p6XX1SALj2lCwy2%2FZvpoVtAx8dDNGVpk21d3CS1C%2FZZtKJsMaS3Yj5gqJKfFt1X%2F%2BO5sBzZ9uOqK0XEJHJfRwqiNUROm9SaKQFXEyy8%2FUjq6ZGM7BTaelg87jGi9ZCFlikrWtYHAW762tWN7%2BQNfWHpZszTqtK%2BgKDibZD0kIy%2F8Cz3L1ngYb0Q%2FUo9%2Ffw60UwlhPrGJ8MGyu9kfs9As2T%2F08altlQooPZgconcgzxZHtzGqay2lQm6v%2F0IjiCIpFe%2BIRVWbfxGHIKJftPWEc5t28NT80VGIDyYAfpmVOWas3z%2F%2Bi%2BHpKVLy9n6MPgfpA8Tvuhmtpi1980VIQeXJG5fcozIegRH5fWOfDHrcVReQ8yyeKksdhqJ2TVts2wpF6eGF0vYHDqv%2BsRxC9lZlxTAokVe4iVuUdyFhyVM9cjET9Q0WnIMBTU%2Fz%2FvK9mjC4Si3CYIGDc8UbPBCrg1AZ%2BmFw994pWZ2S8bv%2B8r2aMLhKLPhIRbEE%2Fwl3yNgoPrSOzezIKzdnF%2B7WGDsTQjctUhVe%2BXo88akARB9H6Fln2JsdqR1AIuS7dofDA2RZHds6%2FAzZf6oW3PCtxdgQ3jRRuQ%2BZFN7liNdUdgBG7tWZyfCeTtd4iiNq%2Fab%2BKbYmKoA8lcNq2YKOwk3ShxZpZyIb1rmdG5zH0OBrHwDTT4o91EUk6Y8N7tp0LvshUIyC7vdxkH7IfhtEkfGpuLK0HLvPBVdfXowtditxJycaNQ5cv49AuWIylG3RuxMouCD5EHQkrMFEvGj4k3FH8fABhY%2Bk7Nhic1LRyyNhTpVaFkils%2BbOLhIAxpVuIXdp7hyLQYukq%2BBp8jLFbbVMZuB7GB3n5Mb%2BVGN2sen6VwTl6VCBuqyaokNfb%2BO9sMSSpG66xJoEjyMFB8j0K1d5NZEiHnvPBp10XHYiCClW26qe3Dt4es%2Bcvsk5PpT6yKNj2O4SXVt%2FfMYi4HVKSsdhXNCShMxQQ65joi%2BIzLHV%2Fl9h%2BKXvlQVzJIAx%2F5tYRV4n1WU0ZR5YGvKvRhcU%2FVt86sfdTSJusSRj9E%2FfGupEFjHsMNkvQdWHiW2W9xjOPOIzlzkBte20S6eV9wHxCAZCn73ZHSC1BLyiYmTvDeb%2Ba4NSj39%2FDrRTCnBsd%2FjmV12trCBnSPlPzuTfRKAXhMo2wgYbGRuBuORw%3D&mm_sceneid=1_0_122354797_0&a=xxc%3Dad_ztc%26mi_id%3D0000LeD2SzhyNKpEx5zoE7AhLo91E00pEctexn5MNg_EIqk%26skuId%3D5485926135976&id=726736696606
971255928208,2025新款库洛米幸运系列盲盒库洛米手办可爱摆件女孩生日礼物版,25.9,¥,券后价,小二郎玩具手办17,小二郎玩具手办,,300+人付款,河北 廊坊,"淘金币已抵0.23元, 48小时内发, 包邮",出售状态:现货 | ACG作品名:DC漫画系列 | 系列类型:联名系列 | 品牌:KUROMI | 商品状态:全新未拆封,https://g-search2.alicdn.com/img/bao/uploaded/i4/i1/2214227875271/O1CN01EKZJwD1ooAfwJPBZe_!!2214227875271.jpg,//item.taobao.com/item.htm?id=971255928208&ns=1&abbucket=10&xxc=taobaoSearch&mi_id=0000MaaIvP3KBGteV40njSJZZsKEgxYPNVca_FaqccWvAwo&skuId=5828169162375
991294141979,【现货】Kodak/柯达 Charmera数码相机迷你钥匙扣盲盒 新年礼物,268,¥,券后价,2009hzx,卡森乐园CarsonPark,7年老店,1000+人付款,广东 广州," 3期, 24小时内发, 淘金币已抵5.16元, 包邮",像素:200万及以下 | 变焦倍数:定焦 | 屏幕尺寸:0.1英寸 | 重量:101g(含)-150g(含) | 镜头类型:固定式 | 有效像素:200万及以下 | 传感器类型:CMOS | 高清摄像:标清（640x480） | 品牌:Kodak/柯达,https://g-search1.alicdn.com/img/bao/uploaded/i4/i2/396330636/O1CN01ZpdRIj1GZL0SAWuCw_!!396330636.jpg,//item.taobao.com/item.htm?id=991294141979&ns=1&abbucket=10&xxc=taobaoSearch&mi_id=0000w3SI1Ok_jwDz9Mnqtm1wbR_T5NnSV6i1Zzv1dTKPXAs&skuId=5972487737923
960155895095,POPMART泡泡玛特DIMOO一盏风月系列手办盲盒玩具摆件礼物,69,¥,,泡泡玛特旗舰店,泡泡玛特旗舰店,回头客20万,2万+人付款,江苏 苏州,"热销爆款, 退货宝, 48小时内发",出售状态:现货 | 品牌:POP MART/泡泡玛特,https://g-search1.alicdn.com/img/bao/uploaded/i4/i4/2885348004/O1CN01Jv915w28ztEUdjtoi_!!4611686018427382436-0-item_pic.jpg,//detail.tmall.com/item.htm?id=960155895095&ns=1&abbucket=10&xxc=taobaoSearch&mi_id=0000ElqK1aqLG4rS5z3SEYL2CFp2krkuHGu0KGhmFIN93B0&skuId=5688881596109
1014842124949,现货POPMART泡泡玛特星星人怦然心动系列手办盲盒玩具摆件礼物,59,¥,,从音时尚,UNIQUE尾巴潮玩,,1000+人付款,湖南 长沙,"店铺满199减3, 48小时内发",出售状态:现货 | 系列类型:联名系列 | 品牌:POP MART/泡泡玛特,https://g-search3.alicdn.com/img/bao/uploaded/i4/i2/2253572444/O1CN01GOhelc1TvP6RGWAjz_!!2253572444.jpg,//item.taobao.com/item.htm?id=1014842124949&ns=1&abbucket=10&xxc=taobaoSearch&mi_id=0000PtbCooyRqf3sS9FIGcsia23uswQj_yLIc01CABOChsc&skuId=6030038208830
743848939152,MINISO名创优品三丽鸥魔法物语系列盲盒摆件单盒潮玩摆件可爱童趣,39,¥,,miniso名创优品旗舰店,miniso名创优品旗舰店,回头客200万,9000+人付款,湖北 鄂州,"退货宝, 包邮",次元优选:IP联名 | 款式类型:隐藏款 | 出售状态:现货 | 品牌:MINISO/名创优品,https://g-search3.alicdn.com/img/bao/uploaded/i4/i4/3459177618/O1CN01864mks26967jYfb6K_!!0-item_pic.jpg,//detail.tmall.com/item.htm?id=743848939152&ns=1&abbucket=10&xxc=taobaoSearch&mi_id=0000ciZWTC9iTp2jI3y27Q2EKVpyVoRsgPOtkE0ahF_ndi4
846736744755,KKV正品KEENO神秘宝物系列盲盒潮玩公仔玩偶手办玩具桌面摆件礼物,79,¥,首单价,kkv官方旗舰店,KKV官方旗舰店,回头客20万,2000+人付款,广东 广州,"官方立减12%, 直降7元,  3期, 淘金币已抵1.58元, 退货宝, 包邮",出售状态:现货 | 款式特点:静态 | 品牌:kkv,https://gw.alicdn.com/imgextra/O1CN01AFH6zv1XFVJcMHa5s_!!2215772922894-0-picasso.jpg,//detail.tmall.com/item.htm?id=846736744755&ns=1&abbucket=10&xxc=taobaoSearch&mi_id=0000mH7QyESQjp-F980r4ZY-wPjl6frieOTMNQjPFY5pwOk&skuId=5795685842258
917433610794,奥特超人扭蛋机卡片盲盒男孩曼5-7-4岁8变形新款玩具儿童新年礼物,85.8,¥,券后价,烯与诺旗舰店,烯与诺旗舰店,,1万+人付款,广东 汕头,"官方立减12%, 24小时内发, 退货宝, 包邮",玩具类型:奥特曼人偶 | 品牌:烯与诺,https://g-search3.alicdn.com/img/bao/uploaded/i4/i1/2211891382722/O1CN01aGq35z1VyjAWLs7wu_!!4611686018427382210-0-item_pic.jpg,//detail.tmall.com/item.htm?id=917433610794&ns=1&abbucket=10&xxc=taobaoSearch&mi_id=0000fvJkzefN1z98Vjdu515FCb3QEVvqfYbW9AOAeFLQVSM&skuId=5954052687046
844244147987,popsunday超级植物摇钱树盲盒卡通毛绒摆件桌面送礼好物生日礼物,88,¥,券后价,popsunday旗舰店,POPSUNDAY旗舰店,,2000+人付款,广东 深圳,"官方立减165元, 热销爆款, 退货宝, 包邮",单款概率:1/72 | 款式类型:隐藏款 | 出售状态:现货 | 系列类型:联名系列 | 品牌:POP SUNDAY | 款类型:隐藏款,https://g-search2.alicdn.com/img/bao/uploaded/i4/i1/2216305956916/O1CN01UII3V320xaJ5KmYzE_!!4611686018427385908-0-item_pic.jpg,//detail.tmall.com/item.htm?id=844244147987&ns=1&abbucket=10&xxc=taobaoSearch&mi_id=0000cEgwram9rYPtMlOLKbXnjjn9o_p6u_GDlpmhTPm4O1M&skuId=5789825714304
977803988448,盲盒公仔定制手办树脂工艺品订制钥匙扣挂件手机支架来图定做logo,4.4,¥,券后价,tb788942694259,广东趣萌工艺品定制,,32人付款,广东 中山,官方立减12%,,http://g.search3.alicdn.com/img/i3/9308542502/O1CN01LN8h1n1ULy3MtK14K_!!4611686018427385382-0-saturn_solar.jpg,http://click.simba.taobao.com/cc_im?p=%C3%A4%BA%D0&s=1663176749&k=2393&e=lL4hvVCTLIZJ0AQRSKbN4CKaO3n%2Fh%2BvwiSF0h6AvE4twDHWsFwUgeIckKYX5A%2BTivfYrs6avs7uju9tyP1GWIX6tjIb1jBlADIo0DiLWfOnEc3pZEiup7mL1sDXXfGm62VgLxqt3XM21zzhFsQ7Ga0YsAzg5KMzSADNzS%2FsyMSBfBOkzMBAGVTln66NBpBgaTPmx%2BfI7DQgQwJGi59QH6oOo%2Fd67SIV%2BDFllFFrzs3D%2Fh0JZi7WIaM9In6VlNo4kcHY%2F8CVyBlr7NcJNRdOM8YtO43z1cgi24gbubA8TEayVEfzeOW8PizRTxlX6eabcMWRCvdQKOXmuKJI55vxloCtYouZkjWyz%2FJNpaaA4ni2IOyxKxbAf6QPQvnp%2B1Q6SZFjQE0GPxYQb854%2BofvNtQAawtBrjdVqmuRKNF14idgdmUPWVNJQ7c4tTFsSJsZcQcrvxj%2BRwd5AAtS2gW4EmK97g8AYSKIfANU5Ws7wVcfkyMSJjrwiCpHbGS6HvVHpLC%2BGDpzMlzhpqUtqv9Yx8UvcZ3Pl3Lx0%2BplyFrVrBv%2Fvf9rCgde9OmwZ%2BaI2so4M3sRJPS1PUj5%2BbtCFmX%2F80NJvIfOcpzozBTy0OSGsfttf46ZWEV22Jm5nBi8K1xjV6CcaYGwPir1PvAJ1v7T6mtJvIfOcpzoziVBh%2B2O544YjLYa5LZs38SwPtpkUhBwkIrvgW6OCgdjrM9%2FaBBpA1kPVN5ZqZ2fUKw9U8f6CRcUOLeVBLRmy0CkeblSpiZ8ynDOWdKuVwk5JxaC0n3ZDdVmJHwRq5HpS4NvgvwcT5ZSAyE4BFnq%2FFa%2BAwrSI%2BJuLBvvUGxs1rshg9JRQEbgkolgkPABkZBPuIeQjk2%2FVP4mRIK%2Bek3q6jEw20WhnSuYWK8eyzSYz0m91nKDYQz0qL6sLHoAeVgcBRl14l5TlkpKR89upYK%2BuW2nPvoOGaAjVS9xnc%2BXcvHTCtRfk4HNADLAWivGL9st16pRGYnqzGxPP4icWnkv%2FOACGFEeph9ZDWCQ8AGRkE%2B6lK1OSJeXR1CZwoOqvOGdEvr5idlP8lG2XZ7aTxV2%2By5djZPKm2X3f7Gm517F3X0arFHVNI0GpRQzfYOgasTTSzU%2Fh6UEaaM1KT3fSmFV%2BzELL86y6h5Bg1Y685fgjO9%2BfOXyOjMbfk4LtH%2FYN3P%2FOmWd46oVY662ZXLlcSWYNfE6gfZ9u543pRkBHhatrsMt8lP3%2Fsq3RBNxNwOd%2BRQUOd52gbSV0VHAiYNiZz1Mrf%2BPf8VazouWTMIVwFvttJIxqfdXjLDO%2F82wZ%2BaI2so4M38o9SW2iWfIbhLGv04bGW6VgHjvV3vh69eLoDhvVcD%2BY1EOMsvzo3IeHsAfbkcUiaDq2KsCiNi07xHe56N55R3mOV%2Bc4%2BlByI6h4eAXFftzv%2Bemsczqe2x4U%2FUyrFMoHTkTqZrl3SnfSbyHznKc6MyJWYwF5VuJo9qKtWyF3HuDUqdFCd70SacucKNiOmVxrEtvdEzVsijGy2FGYddZlbiEV7p0%2FZt7LqK2mRNO2Jeu4a8Tq6MjKRoTV6cetvLpZJ67nYb%2BKqhGHeUDXw2RcoOpZg4zgAlBx7ojNoPMbosLb2Q%2BZpe5CR0aQAH%2Bk6p3%2B6W1CvSTio1Epoj9abY0nkIoYDVm6CUA1RpAAf6Tqnf7pbUK9JOKjUQ8UOvubRO9Z7Iy75jBQIeOPwosjkDovVooRHbKS1wJ24s3Dbqpp3D7a%2FRmfmyKWy2SPut%2F1MAE5XbGJh3O0t2yhkdJA2YUhe5mL21tqVM0ri%2B%2FCtmWuZFNb1WmdyUhUiRFe2D4IvmeitAwUcYdM7eIROizA2VHPFjOUMSEIaKfSJFSIEeYfXCF8Y9WZSKHc4Gev7NW0N3sCD%2BvVNsAJBJw7CugXoFVzPZNW3KpLgnwyODHOpj%2BcQ4zHGkapH8xzGH5DOnkfqe9jeIYoQ1Efta9IosmxtevcgBVbWjtqj43gHlrmZNqkRAgMCAp51Il0XHaOZNqJkr6T3TFugHr%2BAdUahrG%2B%2BanPsIi55Le28PKNKsuQsyo1b1TqsA6AYGrTTF39eBmolMe0lcsBwC3c%2BFF4Tk4%2BRPYJXbsEXdedR%2FPOaT7%2FZVBv1kJ%2FTxqtx02hZSBUZE9tMUk1dob%2ByqHUedw%2FgoL4YVfiYFgkPABkZBPuIeQjk2%2FVP4mRIK%2Bek3q6jEw20WhnSuYWK8eyzSYz0m91nKDYQz0qL6sLHoAeVgcBRl14l5TlkpKR89upYK%2BuW9bYSAuuW0spjhcwX3ImfbRL3Gdz5dy8dMK1F%2BTgc0AM%2BLe6myCrnmAY6IxkjbdVyrvHwxj1pL6Y5aetRJhgQmjMcsr1rlwx0emPSEc8Z0xmV3skKf7IlAdULfm%2Bzl5xrg%3D%3D&mm_sceneid=6_0_9308542502_0&a=xxc%3Dad_ztc%26mi_id%3D0000ld4g4VlGPGv189fJ8pODpSa6w__qKNEBi5HmO-04epU%26skuId%3D6096781262854&id=977803988448
960500375375,POPMART泡泡玛特DIMOO一盏风月系列手办盲盒玩具摆件礼物,69,¥,,泡泡玛特旗舰店,泡泡玛特旗舰店,回头客20万,2万+人付款,江苏 苏州,"热销爆款, 退货宝, 48小时内发",出售状态:现货 | 品牌:POP MART/泡泡玛特,https://g-search2.alicdn.com/img/bao/uploaded/i4/i4/2885348004/O1CN01Jv915w28ztEUdjtoi_!!4611686018427382436-0-item_pic.jpg,//detail.tmall.com/item.htm?id=960500375375&ns=1&abbucket=10&xxc=taobaoSearch&mi_id=0000ElqK1aqLG4rS5z3SEYL2CEnMQYwDAaoixHe2yJLct7g&skuId=5688881596109
787314648963,POPMART泡泡玛特SKULLPANDA声音系列盲盒摆件礼物,69,¥,,泡泡玛特旗舰店,泡泡玛特旗舰店,回头客20万,9000+人付款,江苏 苏州,退货宝,款式类型:隐藏款 | 出售状态:现货 | 品牌:POP MART/泡泡玛特 | 商品状态:全新未拆封,https://g-search3.alicdn.com/img/bao/uploaded/i4/i3/2885348004/O1CN01W5bBnf28ztEUW4ze2_!!4611686018427382436-0-item_pic.jpg,//detail.tmall.com/item.htm?id=787314648963&ns=1&abbucket=10&xxc=taobaoSearch&mi_id=0000KaE6Q6drGYxfqdwQLj2M9E_3geHU63Q5z3fGFpBqaWg&skuId=5505782805204
980028020457,【田栩宁专属】AYORTOYS兔闪闪ShyShy打开闪亮世界系列盲盒挂件,69,¥,,ayortoys旗舰店,AYOR TOYS旗舰店,回头客7万,8万+人付款,上海,包邮,款式类型:隐藏款 | 出售状态:全款预售 | 品牌:AYOR | 选购热点:淘公仔,http://g.search.alicdn.com/img/O1CN01vW3lGG2DtXp8eydvD_!!4611686018427386091-0-item_pic.jpg,http://click.simba.taobao.com/cc_im?p=%C3%A4%BA%D0&s=1663176749&k=2401&e=3fKFjCUsZzdJ0AQRSKbN4CKaO3n%2Fh%2BvwiSF0h6AvE4twDHWsFwUgeIckKYX5A%2BTivfYrs6avs7tf5sZZwD1iJGz1VzMDqE%2BUAQFVlAA6ATfEc3pZEiup7mL1sDXXfGm62VgLxqt3XM21zzhFsQ7Ga0YsAzg5KMzSADNzS%2FsyMSBfBOkzMBAGVTln66NBpBgaTPmx%2BfI7DQgQwJGi59QH6oOo%2Fd67SIV%2BDFllFFrzs3D%2Fh0JZi7WIaM9In6VlNo4kcHY%2F8CVyBlr7NcJNRdOM8YtO43z1cgi24gbubA8TEayVEfzeOW8PizRTxlX6eabcMWRCvdQKOXmuKJI55vxloCtYouZkjWyz%2FJNpaaA4ni2IOyxKxbAf6QPQvnp%2B1Q6SZFjQE0GPxYQb854%2BofvNtQAawtBrjdVqmuRKNF14idgdmUPWVNJQ7c4tTFsSJsZcQcrvxj%2BRwd5AAtS2gW4EmK97g8AYSKIfANU5Ws7wVcfkyMSJjrwiCpHbGS6HvVHpLC%2BGDpzMlzhpqUtqv9Yx8cXUt4WcmOIgVWpBlz5joTxbYX%2BZ%2Fk%2F0M01I3fyP2J7mVfRTJPO6uBhKYHMjpLxvPJZBvXi7rhQTejU1bkfBfYlgjh0vfyjqWgCc4LusonDGwNvSleUxPJMorO75oxrRrNKANA7GSTNunfZ%2FFLGBpmRfp%2BPZNzLCBA1exyqVBo3sf2zwY1Il5RSSQZ9tIJuVUzmCgbZz0k7c4Rlhnp%2BK0egR9GpMXbOTz%2Fz3Gungkz8FdMysJSUuq0b%2Bj3lSH595yUu5vA1CKIFxHOnyf4JnNyulFD5u%2BDd%2F6DtsPWIs3nSFTLqNGxZUdX5mV7cHVd95ctCLH0d3wamXCxFRYaHgZZp7JTITZV4aJ35sIBHyD8dJfCMqzfShcSm4H9iGscZsVBGwZPqmvOCpe8NGajE1eHmQCNSAEN8LrLzIK5VV4vExelHMuUmjUuVORIf3Mb%2FidKEW7VvQGoMPJ%2FGuevyjoJcAVDH%2FWUh7VpLiZJVnXe37Rm0kJGrLi2J8Z221Wn9bhlrx8Ke6ljq0gIk7W9VhAol4ZdEC%2FrsGS9I1EQJ1MAkznQXnc72IFQDJQn1FUwofieBSR32q0TWhGLfo88sqvZ1FEwNEo2kH%2FIe00qRHNOd0z0eZSkq0Wpw4zkN%2BHiPKuq%2BveX7oRdZF%2FjHfmwlpt0XCtO8B%2FDgNttMfhX4iLAtahjRKldD32ATBriQjIrDpFz08rVrwvMWIeSd5TwiWLHF20rnHPMSr12VMPbZWN7y2%2F5laz034%2FtMUji2fB9Zeggzx6hf32UaAttrGkZGpYxrsRpdRu5NRQ06PnrnM1SeL6uN53ClRSwKBSoEdn5hjuwbC79iX94RstF40%2BHpyVooPGfswSaLRpRzp8n%2BCZzcreY5X5zj6UHIjqHh4BcV%2B3Bt8%2FQT17xCuDfhgPWM8Ia5OROpmuXdKd5p1H8d2sOQfJZ3u%2BNBK4MH2oq1bIXce4NSp0UJ3vRJpy5wo2I6ZXGsS290TNWyKMbLYUZh11mVuIRXunT9m3svvNMt6o0ivRly%2BSxPg9REFNrlHC3M7MQvYpLflfK4uIjDqB9tCAeVAT65FakaJlJI%2F8IhIsD82XtvZD5ml7kJHklKdLSqc0Tiw1ge2U3ny%2BymiP1ptjSeQihgNWboJQDWSUp0tKpzROLDWB7ZTefL7DxQ6%2B5tE71nsjLvmMFAh44%2FCiyOQOi9WihEdspLXAnbizcNuqmncPtr9GZ%2BbIpbLZI%2B63%2FUwATlnrwZhU0HNMokhaegfAUkZmYvbW2pUzSuL78K2Za5kU5%2Bj2PRIcirDhsw%2B%2FjpoegeNMK1cmgcGtudAyy6SiVmVI%2Blv7UlgNQ%2B4wcmTZa%2FSNY%2FTKKQVW2kEWRQszMXZdMkSBzYwUSu7PutIluOzrRsGLg7XroJcb7WC9ON1Hbi4cGpM6B2fN813NOVCcC%2BeikFDLmU18Saess1feGElqKZcEj6Jw%2B3gSfpqEseWmOxc6v21IOR1anQpk1b0f3XB5s2urf2PnVAWNwuKJOsAaYEdMspqJD9DJOCvFYNb4nS3S1k%2FROQftCj9Vc4IIGaqk7BoHZsRZiKUxQBHC11aGkrDAQsOeQtXLs1oxigkPdOMYGGrb%2BV4YxcVxiGY2bWJicQorO75oxrRrD3bmtZ90jx%2FHqYTpKK11ePRmCeivJXfYMFI%2F5BaDqu5FfcPYbcYde3YXdsjN%2F0ZBqWBpo0iVXfk8h3FuDuPy5AzlDEhCGin0nXMRthDijzr4MI522xZkLagd68fXwBJd%2B%2Fy9mhiHtWqHiJeeaVYrK5VAeK6BPLcrKWNj7CVBmqUdWXpsCFANq460ywy90yoVp5yWCQLkT%2Bo%2FrZr9hlqVEpfzJCu%2BWLi94iz%2Fllxopvb&mm_sceneid=1_0_7955382519_0&a=xxc%3Dad_ztc%26mi_id%3D0000qQpfnC_rRptJqTjJdBUz97U2OgxaMn92Bljxf1FwkPI%26skuId%3D6100634526098&id=980028020457
957003022742,鬼灭之刃盲盒诞生花炭治郎祢豆子善逸无一郎手办周边模型摆件礼物,11.9,¥,券后价,tba6516545,布可潮玩店,,1000+人付款,山东 菏泽,"官方立减12%, 淘金币已抵0.23元, 退货宝, 包邮",款式类型:隐藏款 | 出售状态:现货 | 系列类型:联名系列 | 选购热点:淘公仔,https://g-search1.alicdn.com/img/bao/uploaded/i4/i2/2216091995239/O1CN017GfmtH1oZW5tLkkle_!!2216091995239.jpg,//item.taobao.com/item.htm?id=957003022742&ns=1&abbucket=10&xxc=taobaoSearch&mi_id=0000ADhJezi8E2vJ_rPEPxQIM84NIXuLOPyOK-e9-kjNtlk&skuId=5971990501044
929559169609,POPMART泡泡玛特123！星星人系列迷你包挂件盲盒礼物,69,¥,,泡泡玛特旗舰店,泡泡玛特旗舰店,回头客20万,2万+人付款,江苏 苏州,"退货宝, 48小时内发",出售状态:现货 | 品牌:POP MART/泡泡玛特,http://g.search.alicdn.com/img/O1CN01JY5GGZ28ztETcGZUw_!!4611686018427382436-0-item_pic.jpg,http://click.simba.taobao.com/cc_im?p=%C3%A4%BA%D0&s=1663176749&k=2361&e=4IJ3QYWVIgJJ0AQRSKbN4CKaO3n%2Fh%2BvwiSF0h6AvE4twDHWsFwUgeIckKYX5A%2BTivfYrs6avs7vy7tBZLurb7X%2Fo7hpQvVeI%2ByJDUpWfv973R%2BfeYvsZP2L1sDXXfGm62VgLxqt3XM21zzhFsQ7Ga0YsAzg5KMzSADNzS%2FsyMSBfBOkzMBAGVTln66NBpBgaTPmx%2BfI7DQgQwJGi59QH6oOo%2Fd67SIV%2BDFllFFrzs3D%2Fh0JZi7WIaM9In6VlNo4kcHY%2F8CVyBlr7NcJNRdOM8YtO43z1cgi24gbubA8TEayVEfzeOW8PizRTxlX6eabcMWRCvdQKOXmuKJI55vxloCtYouZkjWyz%2FJNpaaA4ni2IOyxKxbAf6QPQvnp%2B1Q6SZFjQE0GPxYQb854%2BofvNtQAawtBrjdVqmuRKNF14idgdmUPWVNJQ7c4tTFsSJsZcQcrvxj%2BRwd5AAtS2gW4EmPYmdbTI9KVRQ96Xijrj2%2BwQL4eMIBNn8EhPUf4VYsxynnhXvoyxzB02hVBZBhQhkJRoyvpDJhwNLvQNxf9%2B3NPsfQa2SnnymhvVpBs%2B2f7Y%2BZLGGFgY9qABhloqWaFG6EcKU36ZvTZ1AACo0ZFTdxZgleluwF8W18ssDVrwVULP8Rt%2BD5pFLx1%2FhXbnjSE%2B5F%2BqbMH2tnjsnVEBTCLKx5mzILMwf4vb5pYJFg6SCgOFLoAi6gjyxd2Er02%2Fc9nKjQIgtIgXPxl7opJCNL7BaWFypJo8hImK9S17J0m5sNVvUFQ8r1uZY%2B0nf8CWws4O7gnBK523H%2BM9q8ZtsgVijDXx2x8gyodYTfoa6OD3AbVHG9WkGz7Z%2FthEHBnlLXMRGfjzSba0JTNKl4C46pWtF0htHpjvaKi5l6paYQ12OVARiSG8meSzLb0MXr%2BP1%2FoS8dLR%2B9AegRJ%2F4MI522xZkLYY6XvW7VzAMsb3mxJrSVYz0U8LQ17bexrJgvecnZJjmm2PSRYQsVVCSIkW%2FFXLl6tLYOBVeGPmrRvVpBs%2B2f7YB3ggdYvpQJnT526uuejsaRU7UWI3X57Ivr5idlP8lG2XZ7aTxV2%2By05cyPl4IqfA7Gm517F3X0arFHVNI0GpRQzfYOgasTTSzU%2Fh6UEaaM1KT3fSmFV%2BzELL86y6h5Bg1Y685fgjO9%2BfOXyOjMbfk4LtH%2FYN3P%2FOmWd46oVY662ZXLlcSWYNfB1hjg6XMQyZrxz%2FAo4bAIIU1gFkA1fEpgZqrTPbgV%2BLHQKNTtpxN1Vv6FuuAZLD7Y4znwoWRIE2D78M8KcVmNJ0RNba7jJ%2FvoRR4ArtSumjPIduVBFsdJBSaMLq%2FrFIsanLXXxHuWeEpeK%2B2Xi1WqeURc9PPIoAovqcoS8iCXy%2BPnDcnpurms0Z1l1chE33u1XOCCBmqpOwKCcr52p0P002n5HQU5ULt6y7X4EtG6gpBeFzam8zFgPpkw9Lh47dZrIjif%2FC8UsYX8yQrvli4veMc3cG%2FmQI%2BH%2FIpvkA7OMusIiHaJPXLcf0uYeoDnQUzeD9bY9RbpMvpS4nkiY4jmv8YW9b97YhMRYZ0lb8VjhsMJs%2Bo3Fab1otOGGXiYLgbWuFlq6OYnzrn%2FH7wjjEnprhOiCRMIDtCcb3mxJrSVYzTclYfdkifk0srMUvJlub7kECGxJQdcfRxvebEmtJVjNB8O%2BhaZg0S840LKn7ywChfnHL2I40YGwGdj5hMVwp2Lpj1nktJWm7X0yWn8UW3cLlwV7jjenbz%2Bfm8qB2DY%2B3WfVG%2BverT3nJ9T5705AJuSo77%2B6k7LrjW6OLQvVmefe6PaFCoT6T58Tp%2BIXUmMA%2BcjrG074T5EqR89upYK%2BuW9%2FLZ5%2B206YF%2FRCHip8LsQ9aNNd4TQ5Am67u03C0%2Bmzfe4n3tamBtCGeE7nvV4I5JJhqK%2FkiJCJz0FVnvSq0e3BRi99ThQ8WOTrhl2sRO9ncd3XNpd8ggfmumKSdA0xdsgminExLcHdA6txWuD5PLkvNs8dPj4IbGYOCRt4hBMW8%2B84qz626KjbEnrFpt8kAaWuBXNAjPAIu3zpWU%2BjUqn8jwfSWlt6VDD3PD6sj07R9tKjuFTmfmDcF9MhaBiOe6Sm2mRwxoehLEErD58XFuCYw1pfFxTMl2aiHEkpDDIHxKa5%2FK4viKV4pnM%2FZtDp0xc8W%2FxeKvI1aqTasGFmaYCXrXt4BEf5ROgBXaSxu6OII3%2FrAPNej8U7B9R7aORJ6AfNHRvUGm7ksLSRTxe%2FuBVpOJpLMteGWD1BUPK9bmWPtYCjwb4WYXNE7tUXh%2BImiVAcS1jhq6Xo3syCzMH%2BL2%2BZc%2BOYMFYnZ7DHnND6ZA%2FwfKDC0W2v9qbpNzyfp0ErKuw%3D%3D&mm_sceneid=1_0_116045295_0&a=xxc%3Dad_ztc%26mi_id%3D0000RPxPE5WeZ-f0pbatiR4f9BznjvEfXp3f7gupu4DzSMo%26skuId%3D5939055747056&id=929559169609
1011581797905,马年新款抽签红包2026盲盒抽奖幸运签公司团建活动游戏抽签利是封,4.9,¥,券后价,tb474777246115,启明家居日用百货商城,回头客100万,5000+人付款,浙江 金华,"店铺满68减5, 48小时内发, 包邮",封面材质:铜版纸 | 风格:喜庆风 | 商品类型:异形红包 | 装饰元素:烫金 | 包装方式:12个装 | 适用场景:节日通用 | 封口类型:插舌式,https://g-search2.alicdn.com/img/bao/uploaded/i4/i2/2216907268244/O1CN017gV3Tn2AloHb9mc5d_!!2216907268244.png,//item.taobao.com/item.htm?id=1011581797905&ns=1&abbucket=10&xxc=taobaoSearch&mi_id=00000y33RAPz-IU-Q6SCtdpK6OtcGPO3pOAjymj4HgtHENE&skuId=6178235651723
1007485836486,POPMART泡泡玛特银魂欢迎来到万事屋系列手办盲盒玩具摆件礼物,69,¥,,泡泡玛特旗舰店,泡泡玛特旗舰店,回头客20万,600+人付款,江苏 苏州,退货宝,款式类型:隐藏款 | 出售状态:现货 | 品牌:POP MART/泡泡玛特,https://img.alicdn.com/imgextra/jz3_3/2885348004/O1CN01sMEOuz28ztEJn60qC_!!2885348004-0-alimamacc.jpg,http://click.simba.taobao.com/cc_im?p=%C3%A4%BA%D0&s=1663176749&k=2369&e=Jz1aZwTt0SNJ0AQRSKbN4CKaO3n%2Fh%2BvwiSF0h6AvE4twDHWsFwUgeIckKYX5A%2BTivfYrs6avs7vNOIf1p%2FnzL3%2Fo7hpQvVeIGOMAJH%2BqVMVrG4hp%2BFoy32L1sDXXfGm62VgLxqt3XM21zzhFsQ7Ga0YsAzg5KMzSADNzS%2FsyMSBfBOkzMBAGVTln66NBpBgaTPmx%2BfI7DQgQwJGi59QH6oOo%2Fd67SIV%2BDFllFFrzs3D%2Fh0JZi7WIaM9In6VlNo4kcHY%2F8CVyBlr7NcJNRdOM8YtO43z1cgi24gbubA8TEayVEfzeOW8PizRTxlX6eabcMWRCvdQKOXmuKJI55vxloCtYouZkjWyz%2FJNpaaA4ni2IOyxKxbAf6QPQvnp%2B1Q6SZFjQE0GPxYQb854%2BofvNtQAawtBrjdVqmuRKNF14idgdmUPWVNJQ7c4tTFsSJsZcQcrvxj%2BRwd5AAtS2gW4EmPYmdbTI9KVRTgQfkh%2BdT3zz%2FaHQ9Lb%2BnkoY3qUCiwbtnnhXvoyxzB02hVBZBhQhkJRoyvpDJhwNtsANys3QiMPHg130l1UTMKnQml4BuLrcYHJhaahWoEDatkkAI3pOEW8as1py95MIYeAvGx13Y8YLMH5qNgLcEE2gQxZJoeFbnb2HurGfHdS9RTBibRRTAENERNr2BJmovopZdo2OL%2FRdGE0uql5uoliD1rlse%2F1f2unKPxX4%2BcOEr02%2Fc9nKjQIgtIgXPxl7opJCNL7BaWFypJo8hImK9TEasOJCBEqk4yqLSmoJhTZQ5rjC9ktN%2Bop61Yrbiy%2FaK8INvHAMs8q3n3g1Qzlf8NjjdqbbvfJJJNntlx0tMsjTfJeSWjOBbF9TnDUgqftSSDwH6iTqPt21UPzv2iypVAlX8KVop%2FgDcMeg%2F38ebbWQjclLo1w6jROIZ2fE5e2akfPbqWCvrlt6Pdu8P2%2FDY005Bf4oH4YKYQLmeNgJnzWhFu1b0BqDD2v4p9ubrxxU1uh6rpCd9VOS4mSVZ13t%2B0azQ7XUJ2etATkLtZF4587QvdRflJiq4oCJO1vVYQKJeGXRAv67BkvSNRECdTAJM50F53O9iBUAyUJ9RVMKH4ngUkd9qtE1oRi36PPLKr2dRRMDRKNpB%2FyHtNKkRzTndM9HmUpKtFqcOM5Dfh4jyrqvr3l%2B6EXWRf4x35sJabdFwrTvAfw4DbbTH4V%2BIiwLWqMd5CW4wgeHDhnGD3MkmAY9PK1a8LzFiHkneU8IlixxdtK5xzzEq9dlTD22Vje8tv%2BZWs9N%2BP7TFI4tnwfWXoIM8eoX99lGgKT9GjtZc4iwBWqt2rRyMan5eJ0C7xrArUTQ%2BCSQ4h7xYm6Iff3D2cAJVrRJTzKlxzpgE%2Fi1WdZr%2Bp%2BVtltHrfK3n3g1Qzlf8JZ7wMVYbVBrz%2BmxCe1XuuR%2F7kjBFpgUxUmTfON1FrN4De5iQkh%2BR8sLMH5qNgLcEKq0s4qoaNV9xFW3zdwg%2FiYTix80uD8UtZR%2BmLKD0T%2F0U%2FfjVcuYrbolekfSS8IXJ7tF10K74oaf60wkegFBmMMYPexX72tuScfdrW95A4K9roNSZlQ3Gwfz1hf25BoRK%2FJ6%2BYjulkYY50VQvv6cGYPJwUIFcKNpWPIOoahXh6D1gYRx1Qctz%2FYpoj9abY0nkIoYDVm6CUA10AFI7fTyzEvHg130l1UTMOxzo2V3zpM009%2FlBW2h1IfGoVpnAFNoBqFuslRioOJLP6LXkJfR9rN39HNOYHnF208vDkKhKsiZVjR42Q8BfZAWswS9vDd5PBIHNjBRK7s%2BFvHPLHSYwlWYKYxxoRWH5sAq1ukwJdoheRYt%2Fp%2BuSgj4VIuDhzX4qRxwev8R%2Bn6H5Jn1%2FrDwejEDfpG46XuPLA%2Fr1TbACQScOwroF6BVcz3%2BVD9K57AGavajGBwlfNEMsSMnDXRLeND2j8kbvj5EOMC2IV9xBI8ij6FXzkDf4VnIMqxBQve2PyX0vgwUu7BqZhJsqwvgvfMZrDJOYIy5zBLGe2e4XyqqsvLFpZ%2FI%2FySr1XWkDe9RFvCyjtRW%2FY1pLFXxhHZF5L6FtMKLBm4z%2Bv4ozwAf87BnIuRrbNmDFN%2FizMpTYR0ypIlcXl3IPfLFilipyuJRVTt95Ir%2FDzRUkSTZ7ZcdLTLI03yXklozgWxfU5w1IKn7Ukg8B%2Bok6j7dtVD879osqVQJV%2FClaKf4A3DHoP9%2FHm21kI3JS6NcOo0TiGdnxOXtmpHz26lgr65b%2F0zujrZ7Jaw3a%2FMsJN9QhVEoYGJ%2FmYmnYQLmeNgJnzW1Q5f%2BlADYZb1FMGJtFFMAYXyoGBXQM2hLxx3gFpX7P7CZRn3ZVXXKvzH30PdPj796PQyqt2sMcj4GHcow7DJB&mm_sceneid=1_0_116045295_0&a=xxc%3Dad_ztc%26mi_id%3D0000x2gm8PxTRUhmfVGPTSjVN85Lij3RznbOVv2c0mRsJCU%26skuId%3D6021283660400&id=1007485836486
930220465980,正版九尾狐仙盲盒摆件国风狐狸手办桌面神兽可爱公仔闺蜜生日礼物,9.9,¥,券后价,tb0420786166,四木摆件,,1000+人付款,福建 福州,"店铺满100减5, 淘金币已抵0.29元, 退货宝, 包邮",款式类型:隐藏款 | 出售状态:现货,https://g-search3.alicdn.com/img/bao/uploaded/i4/i1/2212478772183/O1CN01miiVJG1RzrfdGycyo_!!2212478772183.jpg,//item.taobao.com/item.htm?id=930220465980&ns=1&abbucket=10&xxc=taobaoSearch&mi_id=0000v4n23XsJPakAw000nqd073mMboYn8j-25lU5MV-x_QM&skuId=5815471513530
1008168386906,KOILAND另物赏甄嬛传盲盒,1264,¥,,另物赏旗舰店,另物赏旗舰店,回头客1万,11人付款,广东 东莞,"退货宝, 包邮",单款概率:1/8 | 款式类型:隐藏款 | 出售状态:限量发售 | 系列类型:联名系列 | 品牌:另物赏,https://img.alicdn.com/imgextra/jz3_4/2208289719268/O1CN01I2kTju2IKnr5cLeIF_!!2208289719268-0-alimamacc.jpg,http://click.simba.taobao.com/cc_im?p=%C3%A4%BA%D0&s=1663176749&k=2433&e=9Thk3Gho6CJJ0AQRSKbN4CKaO3n%2Fh%2BvwiSF0h6AvE4twDHWsFwUgeIckKYX5A%2BTivfYrs6avs7s3FcRKB3Q3TUZZ4AaJS4crBXzo4FeqUsz3R%2BfeYvsZP2L1sDXXfGm62VgLxqt3XM21zzhFsQ7Ga0YsAzg5KMzSADNzS%2FsyMSBfBOkzMBAGVTln66NBpBgaTPmx%2BfI7DQgQwJGi59QH6oOo%2Fd67SIV%2BDFllFFrzs3D%2Fh0JZi7WIaM9In6VlNo4kcHY%2F8CVyBlr7NcJNRdOM8YtO43z1cgi24gbubA8TEayVEfzeOW8PizRTxlX6eabcMWRCvdQKOXmuKJI55vxloCtYouZkjWyz%2FJNpaaA4ni2IOyxKxbAf6QPQvnp%2B1Q6SZFjQE0GPxYQb854%2BofvNtQAawtBrjdVqmuRKNF14idgdmUPWVNJQ7c4tTFsSJsZcQcrvxj%2BRwd5AAtS2gW4EmCZXlGgAIcGWGUBrORAtECHf4nY%2FDoRhPR5qquzn09TliSuebFtnxt0zp76Fh6Vm9RpPUK22Rp0A7ZkexQotETJZLRgBTxk2cazJ1tDNmiFh9cccz9CyRNs4nr03V5X5LEH8MG3IKt%2FOx5hoHE07%2B0BnrPxumARMP5GylJFH%2FenWS4gq15tjv1nieGn9LwAIBclf783q8jt%2BhmYmBH8gFGfxuKNz9u1egcjUY%2BTzjlze1BFUvRF8XoFNzd0XM5y5weLaQYeukaRN6rm6ueW8nSDrM9%2FaBBpA1kPVN5ZqZ2fUvPXb%2Bw126dYEwhg8bCWqZTktQYGJVMimw7Jb3LOtvSlcrY%2BZ%2FcJOt3IQKd2UNBsV%2Bhro4PcBtUetkAUgaGTESqQBTcdV9u4B%2BPNJtrQlM0qXgLjqla0XSG0emO9oqLmXnT6MHRx3EnxREVnV7EBwVPdwFzLMf4gfWvJrP4rBtsl%2FwW1ovJ6zxnF66EfrkqCKM5QxIQhop9LmKjh8hrcW3o9EDTLc6wRziO8lnSeakAlZePwadQHBl3%2FyiOEZidGMhQKRzky4C7HBbry2LP5s5KSVmtR53hYpSX6K9fQy0EEbgiAt2o5ZU32CSIe1tcxeJ3hX9cPR60wZ76vBQOGXenQa8xsY1oM2sz4N%2Bzsixfvh65JNaP86NcI2mC6rj7f%2B9S5hug2D%2FjpHcF6xghek%2BoFkVX14%2BUR85JD05GPPZ9eF5MHyFS5YiJBc53WEa%2FxhX9RvqHr0MDWfEujThsX8Rn1XS46TvkxVnSN6c4tZp4Rk0bsECNf22QAA75iEHI43ij1KbJSAFHseePeNOez2nLzJ8YZ4K%2Fs4oCTZIonqwvrqdWJ8mkJMNHRn8qy%2BHJJubgiUYPTQxSZAgYO4RsyeXPHRNKid3DBY%2Fb3DVV39yrBTQ9I2WNYFgBiD4CQ0N3PrvqDKe%2B6Q0cCRZMxjj%2BeFAJZ7wMVYbVBrz%2BmxCe1XuuQb7HWhAqgdUS8KmXIaZ3FmcAAKFVXmNTDI1GPk845c3kTnhvMjnh%2FQxFW3zdwg%2FiYTix80uD8UtZR%2BmLKD0T%2F0U%2FfjVcuYrbolekfSS8IXJ7tF10K74oaf7jiOmgtXV3q73FRGWfJL8lHQu420zNkt4HbpzS%2BW3ztCapkjKrsmH%2FGImfGq8wSzK72pGzl%2B%2Bd3JwUIFcKNpWL7%2FVZeNbUJVs9mT6RGR6aspoj9abY0nkIoYDVm6CUA1ph6ciI%2BD0NQEwhg8bCWqZexzo2V3zpM009%2FlBW2h1IfGoVpnAFNoBqFuslRioOJLP6LXkJfR9rN39HNOYHnF208vDkKhKsiZlgU2HOoj%2FllsBBFJOf9jlefVqP0C89qNG09rJRohQnPhovGqWZebq8ecbaGgGCO2LtGDYrrW%2BpqIFAcxuhV75eDCOdtsWZC2RuoZxGYHxWyTAWY0HHPVQHQyxzD71ILtTHG1DZurAXRP6KU2ZVOI87UHM26S5PYraAfD3dMfREA7pad77W%2BNZJvlxrw0g8yj8%2BMolzoYT0GLO08pRG2N3cnoWLOEnqUuoOGrLF7OO9fAdmLucz8gjblKqP0pBaU%2F3mR9K4JIgoLRZK3rfIKTVSfa%2BDC0zF%2F5XGc9GwHYF4ZrD3bPq7kLZo5VAZ9lCpEorR4CSwYmIJ%2BnlW2%2BtltRGkxLkWSVEBZhJUS0TLjCwiiaPInP42pi0qz9HGV0MD1M9cccz9CyRNvo6ag8gRKILj3WeKe9A6AXdBoD4PYHwswEnCeSNaJv%2F6J%2B1kZ4aTcWwyo0EcORwcwxO3S8RSqqp2ksp4PAfazd366ComAxr4yN3UP8lYciDZHz26lgr65buBJ1EUPinjFcTsdQVB%2FeG9em4HZCj84%2BcgF%2BSdzNtzJqJZZ4jtzyLGd6RTs4L2HyeQ7q%2BKfM5H7JAaBHH9yn5gWORKRNfD3hxFW3zdwg%2FiYTix80uD8UtdugXMMVarQO&mm_sceneid=1_0_1299290200_0&a=xxc%3Dad_ztc%26mi_id%3D0000lbV2nLsTGT8qJQXDANMelXqRAvUhFGKqZqZ-yakObHk%26skuId%3D6007882033105&id=1008168386906
777713615680,第五人格拼装工坊真理之下主题盲盒潮玩周边手办公仔生日礼物摆件,69,¥,首单价,goldlok旗舰店,goldlok旗舰店,12年老店,2000+人付款,广东 揭阳,"直降3元, 超级立减10%, 热销爆款, 店铺满299减10, 淘金币已抵4.45元, 退货宝, 包邮",款式类型:隐藏款 | 出售状态:现货 | 品牌:GOLDLOK,https://gw.alicdn.com/imgextra/O1CN019AMann1DIRYUqGWGD_!!1678000193-0-picasso.jpg,//detail.tmall.com/item.htm?id=777713615680&ns=1&abbucket=10&xxc=taobaoSearch&mi_id=000066HHDjAJ8-3jZ3BYBmCalcKrHOu8KC0O_eiX3eFnJNQ&skuId=5933953848107
994557711628,洛克星球蛋仔派对潮流主题系列电动盲盒桌面手办潮玩玩具摆件礼物,79,¥,首单价,洛克星球洛星专卖店,洛克星球洛星专卖店,,400+人付款,广东 汕头,"官方立减12%, 直降10元, 淘金币已抵1.58元, 退货宝, 包邮",出售状态:现货 | 品牌:ROCK WORLD/洛克星球,https://g-search1.alicdn.com/img/bao/uploaded/i4/i3/2221200447005/O1CN01hbiFPp21cLXxFGxBi_!!4611686018427385373-0-item_pic.jpg,//detail.tmall.com/item.htm?id=994557711628&ns=1&abbucket=10&xxc=taobaoSearch&mi_id=0000e-Mgq888xLMkSzFZOeHv8eZXQZ63nGJyLcjsx8o57h8&skuId=5989278093560
1001835398935,KOILAND另物赏甄嬛传盲盒,79,¥,,另物赏旗舰店,另物赏旗舰店,回头客1万,600+人付款,广东 东莞,退货宝,单款概率:1/8 | 款式类型:隐藏款 | 出售状态:限量发售 | 系列类型:联名系列 | 品牌:另物赏,https://img.alicdn.com/imgextra/jz3_2/2208289719268/O1CN015mkG5F2IKnqsGRBhb_!!2208289719268-0-alimamacc.jpg,http://click.simba.taobao.com/cc_im?p=%C3%A4%BA%D0&s=1663176749&k=2433&e=BqZ5i37isdxJ0AQRSKbN4CKaO3n%2Fh%2BvwiSF0h6AvE4twDHWsFwUgeIckKYX5A%2BTivfYrs6avs7s3FcRKB3Q3TUZZ4AaJS4crmqEs0L0pEx%2F3R%2BfeYvsZP2L1sDXXfGm62VgLxqt3XM21zzhFsQ7Ga0YsAzg5KMzSADNzS%2FsyMSBfBOkzMBAGVTln66NBpBgaTPmx%2BfI7DQgQwJGi59QH6oOo%2Fd67SIV%2BDFllFFrzs3D%2Fh0JZi7WIaM9In6VlNo4kcHY%2F8CVyBlr7NcJNRdOM8YtO43z1cgi24gbubA8TEayVEfzeOW8PizRTxlX6eabcMWRCvdQKOXmuKJI55vxloCtYouZkjWyz%2FJNpaaA4ni2IOyxKxbAf6QPQvnp%2B1Q6SZFjQE0GPxYQb854%2BofvNtQAawtBrjdVqmuRKNF14idgdmUPWVNJQ7c4tTFsSJsZcQcrvxj%2BRwd5AAtS2gW4EmCZXlGgAIcGWGUBrORAtECHf4nY%2FDoRhPR5qquzn09TliSuebFtnxt0zp76Fh6Vm9RpPUK22Rp0A7ZkexQotETLAzP9bEcVqHr2Xt5AAysi69cccz9CyRNvtgdQkrrWBAr9gYWPq8Wi6Nw1M6y%2BsttOaG2H1OurFkAL%2BA%2F9P%2FTtn66E9cw9UjHMMXTJvwkTNrGib0u43beNRhmYmBH8gFGecTR6GaIIZSZ0ZuVNVShTCfO84ObKdJjFNzd0XM5y5weLaQYeukaRN6rm6ueW8nSDrM9%2FaBBpA1kPVN5ZqZ2fUFqX6Io%2BMdm9geTFnb%2FnHxBfE9IdRyCx9SFsk9ycs2%2FL4%2Foi9KcQe2nIQKd2UNBsV%2Bhro4PcBtUetkAUgaGTESqQBTcdV9u4B%2BPNJtrQlM0qXgLjqla0XSG0emO9oqLmXnT6MHRx3EnxREVnV7EBwVPdwFzLMf4gfWvJrP4rBtsl%2FwW1ovJ6zxnF66EfrkqCKM5QxIQhop9LmKjh8hrcW3uVDaxSOQ7Ib3RSV%2F5q2O99ZePwadQHBl49yEmf3WDMnzWjJEhkYXu%2FBbry2LP5s5KSVmtR53hYpSX6K9fQy0EEbgiAt2o5ZU32CSIe1tcxeJ3hX9cPR60wZ76vBQOGXenQa8xsY1oM2sz4N%2Bzsixfvh65JNaP86NcI2mC6rj7f%2B9S5hug2D%2FjpHcF6xghek%2BoFkVX14%2BUR85JD05GPPZ9eF5MHyFS5YiJBc53WEa%2FxhX9RvqHr0MDWfEujThsX8Rn1XS46TvkxVnSN6c4tZp4Rk0bsECNf22QAA75iEHI43ij1KbJSAFHseePeNOez2nLzJ8YZ4K%2Fs4oCTZIonqwvrqdWJ8mkJMNHo9eZgg8dufrHZC2dpWpk%2BbJEPqNiJsVBWoMQkCNONM%2Fb3DVV39yrB2agX8lJIzzw9AURlHHizMvqDKe%2B6Q0cCRZMxjj%2BeFAJZ7wMVYbVBrz%2BmxCe1XuuTvK4h1%2BlSRAtGXMsXq%2FGKqnwEQGIcM%2BZKdGblTVUoUwvucKTLt4ke7xFW3zdwg%2FiYTix80uD8UtZR%2BmLKD0T%2F0U%2FfjVcuYrbolekfSS8IXJ7tF10K74oafZ%2BT8KA2s14Zyf81GIe0WrPlZprpZ%2BDEStzIRkuX9imAudDJX954xFSYMU6eALnL4jXXQUqYEHhTJwUIFcKNpWGaL5i3%2B9D%2BZT%2BKD0lcWeIMpoj9abY0nkIoYDVm6CUA1l1ZedHYiCy9geTFnb%2FnHxOxzo2V3zpM009%2FlBW2h1IfGoVpnAFNoBqFuslRioOJLP6LXkJfR9rN39HNOYHnF208vDkKhKsiZlgU2HOoj%2FllsBBFJOf9jlefVqP0C89qNG09rJRohQnPhovGqWZebq8ecbaGgGCO2LtGDYrrW%2BpqIFAcxuhV75eDCOdtsWZC2RuoZxGYHxWyTAWY0HHPVQHQyxzD71ILtTHG1DZurAXRP6KU2ZVOI87UHM26S5PYraAfD3dMfREA7pad77W%2BNZJvlxrw0g8yj8%2BMolzoYT0GLO08pRG2N3cnoWLOEnqUuoOGrLF7OO9fAdmLucz8gjblKqP0pBaU%2F3mR9K4JIgoLRZK3rfIKTVSfa%2BDC0zF%2F5XGc9GwHYF4ZrD3bPq7kLZo5VAZ9lCpEorR4CSwYmIJ%2BnlW2%2BtltRGkxLkWSVEBZhJUS0TLjCwiiaPInP42pi0qz9HGV0MD1M9cccz9CyRNvo6ag8gRKILj3WeKe9A6AXdBoD4PYHwswEnCeSNaJv%2F6J%2B1kZ4aTcWwyo0EcORwcwxO3S8RSqqp2ksp4PAfazd366ComAxr4yN3UP8lYciDZHz26lgr65bZZTbO41qRfGJxqzP1O7kHZBUa5GwLHBxtVrq0cOIdjyspi24afV2ab6Y4DNXuxHxYY5P89Zt4SRd9nmpxDVqGwWORKRNfD3hxFW3zdwg%2FiYTix80uD8UtdugXMMVarQO&mm_sceneid=1_0_1299290200_0&a=xxc%3Dad_ztc%26mi_id%3D0000c9_r1AcKzXRWlWiRgAHMA1kyKDS-M_p9Uq7pp-KIDGw%26skuId%3D5992327185561&id=1001835398935
763223559010,猫爪切切猫爪刀猜猜盒秋冬新品 拆快递手办盲盒萌趣开箱拆卡礼物,59,¥,券后价,猫爪切切旗舰店,猫爪切切旗舰店,,4000+人付款,广东 阳江,"官方立减12%, 30天价保, 退货宝, 包邮, 公益宝贝",单款概率:1/6 | 出售状态:现货 | 品牌:猫爪切切,https://g-search3.alicdn.com/img/bao/uploaded/i4/i2/2214391234871/O1CN015H5BHQ1lqyKW21TgR_!!4611686018427380023-0-item_pic.jpg,//detail.tmall.com/item.htm?id=763223559010&ns=1&abbucket=10&xxc=taobaoSearch&mi_id=0000tsiHXm5DkZcM5j8eRYSOMRf7vCwizHIaNboxmT69ugc&skuId=5766880017186
,,,,,,,,,,,,,
,,,,,,,,,,,,,
933982626694,史迪仔盲盒摆件史迪仔盲盒摆件搞怪日记系列手办盲盒桌面潮玩手办,35.6,¥,首单价,a丶安心,酣睡小熊妙妙屋,,900+人付款,广东 佛山,"直降1元, 淘金币已抵0.31元, 包邮, 公益宝贝",款式类型:端盒 | 出售状态:现货 | 系列类型:联名系列,https://g-search2.alicdn.com/img/bao/uploaded/i4/i1/2200555745852/O1CN01pkTYhm1t6Gq2czsy4_!!2200555745852.png,//item.taobao.com/item.htm?id=933982626694&ns=1&abbucket=10&xxc=taobaoSearch&mi_id=0000dlbYZBNdoCLsvPzz_W09cAQVnQ3U2epnD2y7SjkkOBg&skuId=5823078324686
987349432330,【米哈游/崩坏：星穹铁道】男生宿舍系列Q版盒蛋手办盲盒 miHoYo,69,¥,,mihoyo旗舰店,miHoYo旗舰店,回头客100万,1万+人付款,上海,"退货宝, 包邮",,https://g-search3.alicdn.com/img/bao/uploaded/i4/i3/3249253975/O1CN01Kf9hkc1fEbSmUcdmo_!!4611686018427383383-0-item_pic.jpg,//detail.tmall.com/item.htm?id=987349432330&ns=1&abbucket=10&xxc=taobaoSearch&mi_id=0000YA5luJBcWbQz1S8y2hJnDtz2ZJ6o7SW7qiC7wgugeCQ&skuId=6115626483635
691387785607,GRAF原创品牌BooGhost可爱鬼初代OG系列盲盒限量潮流玩具摆件,49.84,¥,券后价,bigmonsta,GRAF原创品牌,回头客1万,200+人付款,湖北 武汉,"官方立减12%, 淘金币已抵1.16元, ifashion, 公益宝贝",,http://g.search3.alicdn.com/img/i3/25586672/O1CN01pzAXCQ1z9pezmg3w9_!!4611686018427382768-2-saturn_solar.png,http://click.simba.taobao.com/cc_im?p=%C3%A4%BA%D0&s=1663176749&k=2273&e=Nhqsov25KCRJ0AQRSKbN4CKaO3n%2Fh%2BvwiSF0h6AvE4twDHWsFwUgeIckKYX5A%2BTivfYrs6avs7v2voCUU91NxB3ulVZ2Q54GkTqE7y1Gs3nEc3pZEiup7mL1sDXXfGm62VgLxqt3XM21zzhFsQ7Ga0YsAzg5KMzSADNzS%2FsyMSBfBOkzMBAGVTln66NBpBgaTPmx%2BfI7DQgQwJGi59QH6oOo%2Fd67SIV%2BDFllFFrzs3D%2Fh0JZi7WIaM9In6VlNo4kcHY%2F8CVyBlr7NcJNRdOM8YtO43z1cgi24gbubA8TEayVEfzeOW8PizRTxlX6eabcMWRCvdQKOXmuKJI55vxloCtYouZkjWyz%2FJNpaaA4ni2IOyxKxbAf6QPQvnp%2B1Q6SZFjQE0GPxYQb854%2BofvNtQAawtBrjdVqmuRKNF14idgdmUPWVNJQ7c4tTFsSJsZcQcrvxj%2BRwd5AAtS2gW4EmK97g8AYSKIfANU5Ws7wVcfkyMSJjrwiCpHbGS6HvVHpLC%2BGDpzMlzj6n8yCjEJ%2FKzdNArlG8CujmYMmoa5OtNj%2FmfhzsweCclIHOWBoej96LQOUaW%2FQc8cbxZz%2BCPsdg6Swal%2BjSFuYlvFoEslhAaLcwtuOYkSGN4OOwe6Jfuov5ct%2BnWSGCjbzaCdZdQ2ShDHlfuCLQpc2n5rnvJhsGo5vlumV966UlrnPNAhlbWn1FZT8hD71dhs5goG2c9JO3OEZYZ6fitHowbAXLTBx5TYOisr%2FyPgglKC899plFuJF4utLuFU32AEQmXj%2FC1N%2Bgsn4mbnaMVgWWw%2FQTMp4KZliMn8CzaFMGdwxg%2BO6rUhUHq2HFPPvo%2FDZQBL1m1XHNicw5x7J4RwIkcFEw5mlARtMgdwg%2B3wkzjqfoK%2FEMWKFcaF07lVgJEgBO56L1m%2F8kVl4%2FBp1AcGXsNW3lchSftzxxQ5ltgvBBsFuvLYs%2FmzkH9G25GKiqn0hUdHupO6ciVYAoh%2BSuIZ0fYJIh7W1zF4neFf1w9HrTBnvq8FA4Zd6iD06EB5PyaSzPg37OyLF%2B%2BHrkk1o%2Fzo1wjaYLquPt%2F71LmG6DYP%2BOkdwXrGCF6T6gWRVfXj5RHzkkPTkY89n14XkwfIVLliIkFzndYRr%2FGFf1G%2BoevQwNZ8S6NOGxfxGKupjXUXoUxYjGYvONn9x%2FBTWAWQDV8SmBmqtM9uBX4slM2mtr3Mit%2BM39dI1aufyFI4tnwfWXoIM8eoX99lGgKT9GjtZc4iw6otLNKGpA7XSThqrs9K9Z%2BYuD20usqlmd9qFgxNBG8yqexegvyxAzWy0kVBNloZf3iDEHUoj68PH1mDtS7aFzgF3nrxvwHcDIiN3fySWKFd5jlfnOPpQciOoeHgFxX7ciVc26DgGNVBM0uhX6i3SNE5E6ma5d0p3hEUUtBu5di%2F1N1XSbdymovairVshdx7g1KnRQne9EmnLnCjYjplcaxLb3RM1bIoxsthRmHXWZW4hFe6dP2bey8pb6I0G7mmEzKuWwbnxSqQOkN5A9wWfDzU4eYCSESL9MLdONHsjgzE4UgGNlq%2FbuAVFUP7aRtAD29kPmaXuQkeRykCYiR0EP3IqjyZ%2F5l%2BXKaI%2FWm2NJ5CKGA1ZuglANZHKQJiJHQQ%2FciqPJn%2FmX5cPFDr7m0TvWeyMu%2BYwUCHjj8KLI5A6L1aKER2yktcCduLNw26qadw%2B2v0Zn5silstkj7rf9TABOdp1BoVHAXmx0LhTc1UZ7LBJjHwb0DWKpiWtr%2FXIxAEei4OKgtQgddV7TD5PLt57f%2BOxmUUcS%2FxK366ComAxr4whcugwI2q6h9p1BoVHAXmxPtPiWFw3i%2FkSBzYwUSu7PutIluOzrRsG9mJ%2F9AIbSjeC9ON1Hbi4cGpM6B2fN813NOVCcC%2BeikFDLmU18Saess1feGElqKZcEj6Jw%2B3gSfpqEseWmOxc6v21IOR1anQpk1b0f3XB5s2urf2PnVAWNwuKJOsAaYEdMspqJD9DJOCvFYNb4nS3SwXXGVjTOV7P8VV5IC%2FAMEiLtUTwTzE5oFKivaU56YRj%2BBwMpsRp5I5SFpzsxdZAV0%2BFyA%2FlYC5r396zTfM3oZ7Ek0a8tnYUWoxGW9aL06W5Ckb2AZcYNho91ninvQOgFzyc6Jj%2B%2BcMAVlTGxNrOlbotpm8hsHSPbvUOpMklsdLlpRhryjiUTY7W1N6nSBO9HWdgMAB%2BAS9z3lO9Vy8q4iaERRS0G7l2L0q%2BzYRv2CnMMec0PpkD%2FB8oMLRba%2F2puk3PJ%2BnQSsq7&mm_sceneid=1_0_25586672_0&a=xxc%3Dad_ztc%26mi_id%3D0000u_xduk9DvyPEAfo36Tf1G7j-UGSdsGQNTQXrQFSeiCk%26skuId%3D5083310946626&id=691387785607
826486936276,2026新款盲盒敦煌飞天2代国潮少女手办古韵摆件盲盒女孩生日礼物,21.8,¥,券后价,徽州古语,悦潮玩,5年老店,2000+人付款,安徽 合肥,"官方立减2.4元, 退货宝, 包邮, 公益宝贝",款式类型:端盒 | 出售状态:现货 | 系列类型:联名系列 | 品牌:手办,https://gw.alicdn.com/imgextra/O1CN01YdVYZA1oT6Z6T31uy_!!3170375225-0-picasso.jpg,//item.taobao.com/item.htm?id=826486936276&ns=1&abbucket=10&xxc=taobaoSearch&mi_id=0000zHTyW5eyJVbOBHRrkmRM8L6yGyEi2UubutQXFXbt1qg&skuId=5550002389666
961279362482,美乐蒂茶话会盲盒手办潮玩公仔周边可爱桌面摆件玩偶女孩生日礼物,42.25,¥,券后价,tb368189998711,嘉诚潮玩,,900+人付款,浙江 金华,"官方立减12%, 退货宝, 包邮",出售状态:代购 | 系列类型:联名系列,https://g-search3.alicdn.com/img/bao/uploaded/i4/i3/2213982864135/O1CN01ezJrlx1gPspUDXVrL_!!2213982864135.jpg,//item.taobao.com/item.htm?id=961279362482&ns=1&abbucket=10&xxc=taobaoSearch&mi_id=0000SMVLDoxkPgPRGR14_ek4OUub9gYKuvq-BQEpc24FY3I&skuId=5950700705100
898222935930,MINISO名创优品三丽鸥魔法物语系列盲盒摆件单盒潮玩摆件新年礼物,39,¥,券后价,minisotoys潮玩旗舰店,MINISOTOYS潮玩旗舰店,,1000+人付款,湖北 鄂州,"新品, 包邮",款式类型:隐藏款 | 出售状态:现货 | 品牌:MINISO TOYS,https://g-search2.alicdn.com/img/bao/uploaded/i4/i2/2219447282511/O1CN01i3qDj91UQ5dsXjEfc_!!4611686018427382607-0-item_pic.jpg,//detail.tmall.com/item.htm?id=898222935930&ns=1&abbucket=10&xxc=taobaoSearch&mi_id=0000yzoiM6thN10NiJvwS3MPgWD2tvamX2lnL57Hlml_cz0&skuId=6021903352347
962554626729,蜜雪冰城雪王百变日常2盲盒手办可爱摆件含隐藏生日礼物年货送礼,34.6,¥,券后价,蜜雪冰城旗舰店,蜜雪冰城旗舰店,回头客1万,4000+人付款,河南 郑州,"官方立减2.7元, 淘金币已抵0.22元, 包邮",出售状态:现货 | 品牌:蜜雪冰城 | 商品状态:全新未拆封,https://g-search3.alicdn.com/img/bao/uploaded/i4/i4/2209282435262/O1CN01cBdfnX1ok3Dgaz4M6-2209282435262.jpg,//detail.tmall.com/item.htm?id=962554626729&ns=1&abbucket=10&xxc=taobaoSearch&mi_id=0000HzbprtwToKM94nWURzQIn4A2Z559iF0own9LoGl1Kro&skuId=5899842413401
743848939152,MINISO名创优品三丽鸥魔法物语系列盲盒摆件单盒潮玩摆件可爱童趣,39,¥,,miniso名创优品旗舰店,miniso名创优品旗舰店,回头客200万,9000+人付款,湖北 鄂州,"退货宝, 包邮",次元优选:IP联名 | 款式类型:隐藏款 | 出售状态:现货 | 品牌:MINISO/名创优品,http://g.search3.alicdn.com/img/i3/127238467/O1CN01r4jF9M2CPwNxYYHOR_!!0-saturn_solar.jpg,http://click.simba.taobao.com/cc_im?p=%C3%A4%BA%D0&s=1663176749&k=2201&e=2r%2FimvaVgPNJ0AQRSKbN4CKaO3n%2Fh%2BvwiSF0h6AvE4twDHWsFwUgeIckKYX5A%2BTivfYrs6avs7uIrm0DRmxZa5krC4JM4YtS6YjwYetgSFf3R%2BfeYvsZP2L1sDXXfGm62VgLxqt3XM21zzhFsQ7Ga0YsAzg5KMzSADNzS%2FsyMSBfBOkzMBAGVTln66NBpBgaTPmx%2BfI7DQgQwJGi59QH6oOo%2Fd67SIV%2BDFllFFrzs3D%2Fh0JZi7WIaM9In6VlNo4kcHY%2F8CVyBlr7NcJNRdOM8YtO43z1cgi24gbubA8TEayVEfzeOW8PizRTxlX6eabcMWRCvdQKOXmuKJI55vxloCtYouZkjWyz%2FJNpaaA4ni2IOyxKxbAf6QPQvnp%2B1Q6SZFjQE0GPxYQb854%2BofvNtQAawtBrjdVqmuRKNF14idgdmUPWVNJQ7c4tTFsSJsZcQcrvxj%2BRwd5AAtS2gW4EmC0di8RjPqDMqU52OwSYsn3R7Y3q%2BsG7Rh5qquzn09TliSuebFtnxt0zp76Fh6Vm9RpPUK22Rp0A7ZkexQotETIm3%2FCRkL2xQm%2FM%2BpoIbO4qWASUyz%2BXfuoPntQFZ9MX4Fz0X%2FQHEpHnIm7vL69KG0y31buZuuw73sO5m5miMTMzbP03D6i3Vall%2FJl814LFcxfyJeeL0DJqWASUyz%2BXfurydBjS8%2FkXKItEafSoF02qfrKfVNrPIIp2uulZYtVeafeKViylHqU8lkfieWOLMkOXpLSIhzh4%2FCLs6s2AU%2Bi9ME2ZEytTrEr3qRpBrJvATurRo8NcwEm0QQlRRJEnsAObOVZFoJSR7KUUPm74N3%2Fo6UbnkvW6heJ444Wj2PGTNWZXtwdV33ly8Alf0TcA0wULEVFhoeBlmhB3Dn9gUnz6nGNW2ZfUHHTFcCpFs50aoRyJePRLPH1iWXj8GnUBwZdbjNuSmV8lk6MSWpgrcntJS2DgVXhj5q3eivJosAloKgtB8vMFyKSzl6OxE4UgPG0VO1FiN1%2BeyL6%2BYnZT%2FJRtl2e2k8VdvstOXMj5eCKnwOxpudexd19GqxR1TSNBqUUM32DoGrE00s1P4elBGmjNSk930phVfsxCy%2FOsuoeQYNWOvOX4Izvfnzl8jozG35OC7R%2F2Ddz%2FzplneOqFWOutmVy5XElmDXxTF%2BJLoRvVm8RWEC3E%2FPtgFNYBZANXxKYGaq0z24Ffix0CjU7acTdVb%2BhbrgGSw%2B2OM58KFkSBNg%2B%2FDPCnFZjSdETW2u4yf74o3hfeMyIA%2B0BAVVrHMt4GX7ef8GCiAh3d0eJvoPJ45oqXGBugFKHhzX0iNEecL9fJ6qhSbJCob0jsz0VF8awwPnju2kwN5LwjwfSWlt6VDIOe66bPalAXAP%2FgbUArlCsC375cdWHZM6qpNB%2FE41xHfVe76fBcOeORFmRJIr9EjCgwtFtr%2Fam6PkDX3dtNnGyFVfOUD8OePjCC3UE5VkhHyfprZ44DNFfFcCpFs50aoXaKBs%2BEvEJzIqLQBQkCJXB%2F3UBsOJBSeMVwKkWznRqhsfU6ZNIdatHvLrCj%2Bm0WMFkZ9MzXsSNxcW0TxRhLqU58mLbds8AwQX7386T1hNeJMCYUQY0SDBaxJCtua%2F%2FP6KQJKowEvfUVcKHx6CScL6NBHlnhhjI8PpmL21tqVM0ri%2B%2FCtmWuZFP%2BFO78bUoTE5D7gco%2B3P2jxdxyf1Itc3PnQMsukolZlSPpb%2B1JYDUPvxtotgwg0m5guv8C2c9Qw6gKlHcYFt4nxw4X9%2B9oR5b6h%2F0o1v6kAxXo%2BSvU2l5%2BNDR6InNqOOu7HWHv7D1e22SY3fkOfTRvhId5N%2FWdpoAWfH15AqUjlR5a5mTapEQIDAgKedSJdFx2jmTaiZK%2Bk90xboB6%2FgHVGoaxvvmpz7CIueS3tvDyjSrLkLMqNW9U6rAOgGBq00wWppum%2FDDKpX7HqH5CW5%2BKU%2FhiZBO%2B%2FzhVVuwhLUdN61gU8yzxyu9yi56BhUGAFfJBFJrBy4%2BqWM8zkJI4R4EIBgtbBaiSTkonMOceyeEcCJHBRMOZpQEbTIHcIPt8JM5Q1wC8wMujjWlSSnPafa9MrwD9NfuMzWcm3%2FCRkL2xQhyJePRLPH1iUG3ZHiUQp6N%2BihkNwrl7%2BUohak%2F08XqL2CAIIK0uMbC3PQIqstzyjvairVshdx7g1KnRQne9EmlWWB1Ha3ASCQ%3D%3D&mm_sceneid=1_0_127238467_0&a=xxc%3Dad_ztc%26mi_id%3D0000ciZWTC9iTp2jI3y27Q2EKTvrGHv14bOfX7QXx8tIowA&id=743848939152
943018360546,现代婚纱bjd娃娃盲盒福袋手办关节可动豪华可换装桌面摆件人偶女,45.8,¥,券后价,我是鸳鸳宝,今喜潮流手办周边,,600+人付款,福建 莆田,"官方立减12%, 24小时内发, 退货宝, 包邮",出售状态:现货 | 款式特点:关节可动 | 商品状态:全新未拆封,https://g-search3.alicdn.com/img/bao/uploaded/i4/i3/2135251817/O1CN016WCXbb1PIEguWNckq_!!2135251817.jpg,//item.taobao.com/item.htm?id=943018360546&ns=1&abbucket=10&xxc=taobaoSearch&mi_id=0000gUjJcjgomvssXtX48j153RmjCn8JmT2KMiCRtCuvol0&skuId=5842932393374
960486144584,POPMART泡泡玛特CRYBABY出走的月亮坐坐系列手办盲盒摆件礼物,39,¥,,泡泡玛特旗舰店,泡泡玛特旗舰店,回头客20万,9000+人付款,江苏 苏州,"热销爆款, 退货宝",款式类型:隐藏款 | 出售状态:现货 | 品牌:POP MART/泡泡玛特,https://g-search3.alicdn.com/img/bao/uploaded/i4/i2/2885348004/O1CN01nn9LL528ztE5losjd_!!4611686018427382436-0-item_pic.jpg,//detail.tmall.com/item.htm?id=960486144584&ns=1&abbucket=10&xxc=taobaoSearch&mi_id=0000uqkgAQ-gEI-vEEv2qBBkbqCBIHSlLXTmgyN3eX2luTY&skuId=6146531926178
958219916076,POPMART泡泡玛特MOLLY面包脑袋系列手办盲盒玩具摆件礼物,69,¥,,泡泡玛特旗舰店,泡泡玛特旗舰店,回头客20万,3万+人付款,江苏 苏州,退货宝,款式类型:隐藏款 | 出售状态:现货 | 品牌:POP MART/泡泡玛特 | 商品状态:全新未拆封,https://g-search1.alicdn.com/img/bao/uploaded/i4/i4/2885348004/O1CN01hYAs7y28ztEUOJ98w_!!4611686018427382436-0-item_pic.jpg,//detail.tmall.com/item.htm?id=958219916076&ns=1&abbucket=10&xxc=taobaoSearch&mi_id=0000sehHpridj77YH1aLK_IYugnRHoO2Hxb8j8BgLW3T8h0&skuId=5624591349456
745205516644,手办定制盲盒公仔PVC卡通摆件钥匙扣企业吉祥物树脂玩偶玩具定做,10,¥,,tb4914932656,深源礼品定制,,36人付款,广东 东莞,公益宝贝,,http://g.search.alicdn.com/img/i4/5157336262/O1CN01QAWLg41w83B1HMuYa_!!4611686018427385030-2-saturn_solar.png,http://click.simba.taobao.com/cc_im?p=%C3%A4%BA%D0&s=1663176749&k=2189&e=VXDaINr%2BVLlJ0AQRSKbN4CKaO3n%2Fh%2BvwiSF0h6AvE4twDHWsFwUgeIckKYX5A%2BTivfYrs6avs7vL7NVXMXjNg9YaU5rLW0eFCj531NfIjEZrG4hp%2BFoy32L1sDXXfGm62VgLxqt3XM21zzhFsQ7Ga0YsAzg5KMzSADNzS%2FsyMSBfBOkzMBAGVTln66NBpBgaTPmx%2BfI7DQgQwJGi59QH6oOo%2Fd67SIV%2BDFllFFrzs3D%2Fh0JZi7WIaM9In6VlNo4kcHY%2F8CVyBlr7NcJNRdOM8YtO43z1cgi24gbubA8TEayVEfzeOW8PizRTxlX6eabcMWRCvdQKOXmuKJI55vxloCtYouZkjWyz%2FJNpaaA4ni2IOyxKxbAf6QPQvnp%2B1Q6SZFjQE0GPxYQb854%2BofvNtQAawtBrjdVqmuRKNF14idgdmUPWVNJQ7c4tTFsSJsZcQcrvxj%2BRwd5AAtS2gW4EmO8XCODOSURg6BwEZVOA%2FPei5jVF%2FEGs8IqHqUeCSooI2MqhZgic8t0p8d4deai2LRYtt5jqZ6Z4URtBbGtnIoPG5Kg2X24CdrUdUUBo3h1uVlq8ZNuq4P8JTQS3f3wBfwqCX0Da9AXvgF7%2FWbOqWg4%2BxSwC6%2BBme0MXwQDHVmxRHxZKc9r7FWw2cLwX12a2hR%2FiVBHjfBQUSYoY8b5C8UR%2Bsp9U2s8gigKELkKZImCm%2F04zTeHI7bGdrkVZgw5Kq4Kl457ljLAWHK0fyNmeJdLWGTdTxPsqjk0OuvomKfyH%2F2o0DuF7mGaiFj5Jx%2FmYUxjmLNn3w7DZ7pKOmZQOIuL%2Fq4MseQVO%2FQoVA2%2FQxZGPGOYs2ffDsNkqy5gWukAKeEc%2BaBRlyGW8GKV%2BVPF%2BDoD%2FFQ2KMHZgTycw5x7J4RwIKa5%2FK4viKV51nKDYQz0qL6sLHoAeVgcBzj6eYyxpQhcKy3w7vbWlASFON66q6coOiMT0geS7j4Pa7yLoHzpQt4B81iBcB5OOD5%2FZMLD1Yv%2BgkAKowMqql8gIsp9%2FE0TqiKxPjXDm1M8DOhoxLWkoVXvgNZqscNbG6wR4e2uKQNDNK2gEq0i%2FFgzLI6jXbVi5sRFQWfOxyoQxp2kmPx314vo4%2BhUsMRf9mI9BVOJDMV48VLuB3XCCYW54nQ0N2%2FZqAycwJlk0laYKZsnHWTVsPR0IfpI037apb1OpH3iXrFdqdwQWkKdpkRVzW5uOCBrTNqr5bnd0xj%2BCQTUf7qee%2Bwt3saoHgVq2m16mI%2BXUt6pDF8EAx1ZsUR8WSnPa%2BxVsNnC8F9dmtoUf4lQR43wUFKrFtqoQMI2rqoTPjo%2Fe4LyYveRl4e%2FTTNhvx4q3CXRtB%2B7kCqR220hIbY20VoPNIwIoL0EDSoF5sPlYislUCsKh2OS8RExjYzySVKTnPYwvpRVLhN2dQDj4nRZOSuQA%2FMRVt83cIP4mE4sfNLg%2FFLWUfpiyg9E%2F9FP341XLmK26epGom47bmaT91vuARqcCgQJOplO2MBYKyBpfQu%2BIiYgTE%2BRAKi7xWuQ93d%2FG%2F3BhAk6mU7YwFgrsc6Nld86TNNPf5QVtodSHxqFaZwBTaAahbrJUYqDiSz%2Bi15CX0fazd%2FRzTmB5xdtPLw5CoSrImZ%2F5WmWVcRp4LEEn8cL50crn1aj9AvPajRtPayUaIUJzuMm0caQV6HVBIo9jbUMpT%2BUdToQljOxk47GZRRxL%2FEpG6hnEZgfFbGeT0OlrKe72zdsaN0pTIa5McbUNm6sBdE%2FopTZlU4jzyJZUqDqg57UHz8KlDFWZWjjI37SSP38UBM%2F%2BvSqTioK7HWHv7D1e2y0RG42BTWCWTDUh8TKAOnfBoRjV4C0zLXyeDfDXWMVt1W4uaZzAMuXxaZ03QVncFPuY7UcLWH5UcJK%2BhWI%2BVMVLkw%2FlSKGLI%2BGUsCeB9tSt%2F2o0DuF7mGbOjOtDSVGJ6RjmLNn3w7DZjlUBn2UKkSitHgJLBiYgn6eVbb62W1EaSVlW3p5pakUfSsxL454AXNOTNQCr2EMOrtIO%2FkrBJMJ8zarhjpPfEymufyuL4ileZle3B1XfeXIoQlmBznOkvNSieKbWOVuzkRdvr%2BJK%2BnARaJTSLpwXDAJOplO2MBYKx1VFKLLOGNKNhghBm8Kxr6X9vyDRkE28sJlGfdlVdcq%2FMffQ90%2BPv3o9DKq3awxyPgYdyjDsMkE%3D&mm_sceneid=6_0_5157336262_0&a=xxc%3Dad_ztc%26mi_id%3D0000UzdYDgl-VUwE4D3FPtkMczCKMtDWvJkzuQrO32sOk04%26skuId%3D5789979483490&id=745205516644
998289422838,正版LuLu猪Lu家小馆系列玩具植绒罐头猪盲盒摆件手办圣诞礼物手办,60,¥,券后价,tb086198083,潮玩集合社,回头客4万,1000+人付款,广东 广州,"店铺满11减10, 48小时内发, 包邮",款式类型:端盒 | 出售状态:现货 | 系列类型:联名系列,https://gw.alicdn.com/imgextra/O1CN01JaARAg1qROJYf8z08_!!2224965492-0-picasso.jpg,//item.taobao.com/item.htm?id=998289422838&ns=1&abbucket=10&xxc=taobaoSearch&mi_id=00009_Vm1cGXR81n-Ozz8kxhbja8WHP24qF7E2AhWXeER0g&skuId=5982361208888
1000001007550,福袋cos服cosplay男女服装清仓衣服盲盒，每人限购一件,20,¥,,tb387044903788,漫之物语,,2000+人付款,湖北 武汉,包邮,,https://g-search1.alicdn.com/img/bao/uploaded/i4/i2/2218907387278/O1CN01XZkOPf23dNg19GP1s_!!2218907387278.jpg,//item.taobao.com/item.htm?id=1000001007550&ns=1&abbucket=10&xxc=taobaoSearch&mi_id=0000DLkqhzrp-3jVt86_vz5Hw-iarJy0H8QfCI5uTRcZF2k&skuId=6029077432115
,,,,,,,,,,,,,
943773347415,TOPTOY 正品 糯米儿一口甜心阿玛莉莉丝联名 搪胶毛绒盲盒手办,74,¥,券后价,幸福鞋者168,牛牛潮玩集合店,,100+人付款,浙江 杭州,"店铺满39减5, 48小时内发, 包邮",款式类型:端盒 | 出售状态:现货 | ACG作品名:K | 系列类型:联名系列 | 品牌:TOPTOY（玩具）,https://g-search2.alicdn.com/img/bao/uploaded/i4/i4/782003388/O1CN01ZDLY1T1atkwGJLTvC_!!782003388.jpg,//item.taobao.com/item.htm?id=943773347415&ns=1&abbucket=10&xxc=taobaoSearch&mi_id=0000TBmOv-CYCKIMU7pzt1i0XMq8_KKZKuvS3T5tFttYD3k&skuId=5847219912032
907068998576,蜡笔小新点心时间系列盲盒公仔手办蛋糕装饰车载桌面摆件生日礼物,150,¥,,tb300824273302,圆圆的手办,,1000+人付款,浙江 金华,包邮,款式类型:隐藏款 | 出售状态:现货 | ACG作品名:蜡笔小新,https://g-search3.alicdn.com/img/bao/uploaded/i4/i4/2219431401309/O1CN01NVPhJ11LXZUoWUn0H_!!2219431401309.jpg,//item.taobao.com/item.htm?id=907068998576&ns=1&abbucket=10&xxc=taobaoSearch&mi_id=0000k6Qxb1TnAwUvidCdJRz_5MvjhAbisGzz9zGNUAouFOM&skuId=5935654459635
897757611421,Cup Rabbits卡布兔潮玩盲盒手办玩具女孩毛绒娃娃玩偶小礼物摆件,60.7,¥,券后价,卡布兔旗舰店,卡布兔旗舰店,,100+人付款,广东 深圳,"官方立减12%, 新品, 退货宝, 包邮",单款概率:1/6 | 款式类型:隐藏款 | 出售状态:现货 | 品牌:Cup rabbits/卡布兔 | 款类型:隐藏款,http://g.search3.alicdn.com/img/i3/7465007087/O1CN01iRi40F22Du2BSCQ6h_!!4611686018427385839-0-saturn_solar.jpg,http://click.simba.taobao.com/cc_im?p=%C3%A4%BA%D0&s=1663176749&k=2381&e=cJjeVmHSLvxJ0AQRSKbN4CKaO3n%2Fh%2BvwiSF0h6AvE4twDHWsFwUgeIckKYX5A%2BTivfYrs6avs7vhHaBM09rc43lArQnmJaTF9P%2Fy4QNLD27Ec3pZEiup7mL1sDXXfGm62VgLxqt3XM21zzhFsQ7Ga0YsAzg5KMzSADNzS%2FsyMSBfBOkzMBAGVTln66NBpBgaTPmx%2BfI7DQgQwJGi59QH6oOo%2Fd67SIV%2BDFllFFrzs3D%2Fh0JZi7WIaM9In6VlNo4kcHY%2F8CVyBlr7NcJNRdOM8YtO43z1cgi24gbubA8TEayVEfzeOW8PizRTxlX6eabcMWRCvdQKOXmuKJI55vxloCtYouZkjWyz%2FJNpaaA4ni2IOyxKxbAf6QPQvnp%2B1Q6SZFjQE0GPxYQb854%2BofvNtQAawtBrjdVqmuRKNF14idgdmUPWVNJQ7c4tTFsSJsZcQcrvxj%2BRwd5AAtS2gW4EmK97g8AYSKIfANU5Ws7wVcfkyMSJjrwiCpHbGS6HvVHpLC%2BGDpzMlzjNgdmy0qBdIB6VgcUXYcBF%2Fcpy4FbW6p%2F8TA3eRoxJXaC8hVOxKKHAAywEvxyrtpNB6%2B84Z04dwBFZV%2FQBKEtysnG7IUMIRzJFLR1Qnffk2C4kLh9A0WcG0xCxGPaNhDBGTYTIPqi9rdFPRpufKK00PczSZyBkXsJfp%2BPZNzLCBA1exyqVBo3sf2zwY1Il5RSSQZ9tIJuVUzmCgbZz0k7c4Rlhnp%2BK0eg5VOIG2RkPxT44WSytujOQrkQtcO8ZP%2BGFdQYT9Qx7H2UNaEj3N%2FW2Z0z40l5HfYvY43am273ySeKIxhnnOsc4UpEZ6UPMKaFfU5w1IKn7Ukg8B%2Bok6j7dtVD879osqVQJV%2FClaKf4A3DHoP9%2FHm21kI3JS6NcOo0TiGdnxOXtmpHz26lgr65baUQ9Cb7Tzesj6W%2FtSWA1DwUB7i1zKA8y5cejXapZBB8iejd5zZAeR%2FMDCI%2Bt5X2o80HLubUfkNzZFLHTGdBQQvzUFUGw8CBtamBKFf8w6IGbgz0T9DiCyogjj28wAhTgQGPXaQeuD6kBUjw2a5fKnpweI6HuXAWkMEi4AOWqKC47MO%2F69Wo6FFVJsGPKV0JOGc%2BXCdqOV21JKeKma%2BBUg8wzthijGhzOSj1kX6BndVCVCO4LEIcwyh%2FGeoGeljev5IgxinlSzTCr0jahEzRp95i%2BaZ0fVgknprC7DV2qb%2Bg5%2BgdnS3o2FnyU%2Ff%2ByrdEEPdv0J0BvmCTfgppyxRaxHU4ftrbm5n4YlF5YLoio%2BNTj3%2FFWs6Llkwl03UFaLTzStUkVPYjVSGOad%2BihBBwF9MDcyayTeEupNPXaFWo1eVo3Q46rkVhISkC%2BUshHpjoSChl8%2FTxpsS30GxI1gmMIOPgcDKbEaeSOVxpfWhCryF%2BgvIVTsSihwEMZykvYBPAvamjrpGpzTq5rfsv46rVdhERAZpEKSbp%2BM1Zp18AeiWIljqgg2CjIyPqQpHGV%2BMGm1cMdjk2xbiCik%2BH739F3%2FujsoXQ8E3hz9NsZ5%2F2%2BtDNMBGSmFq1u3GjTfK04j1xOlEvipvuuVeHyXioRvQwDTwz7rKAs2ZhYX61dEYnylvcfJd2TiWmYVeP29XXwHmpT1WoaCKkEn%2FuzDLfqMyyG1%2FGHJo2NBJlV4%2Fb1dfAealPTIuxce2K0FvEDGCup7W%2FbNyZ5zw%2FFXESO0wraR5CPrzAmFEGNEgwWsSQrbmv%2Fz%2BikCSqMBL31FYbzDkP2SlvruAHiHGrLdx3pA0nu7UTS9ccOF%2FfvaEeWpCufATBNEPsH26tAiYjobkLme1lAPIHCEToswNlRzxYzlDEhCGin0iRUiBHmH1whOI1%2FmQeQnFt4q3AcQj0k7A%2Fr1TbACQScOwroF6BVcz3%2BVD9K57AGah62Kf0aLbpUsSMnDXRLeND2j8kbvj5EOEuzvmW3X9kfj6FXzkDf4Vmk%2BZ0iNMLf0yX0vgwUu7BqZhJsqwvgvfMZrDJOYIy5zBLGe2e4XyqqsvLFpZ%2FI%2FySr1XWkDe9RFvCyjtRW%2FY1pLFXxhHZF5L6FtMKLBm4z%2Bv4ozwAf87BnIuRrbNmDFN%2BOZeixU1W2bC9jpnPcSZENilipyuJRVTt95Ir%2FDzRUkeKIxhnnOsc4UpEZ6UPMKaFfU5w1IKn7Ukg8B%2Bok6j7dtVD879osqVQJV%2FClaKf4A3DHoP9%2FHm21kI3JS6NcOo0TiGdnxOXtmpHz26lgr65baUQ9Cb7TzeuWY6gTK1C5N3HPW6pevfmMzPqyTI4c0JXlx6NdqlkEHyJ6N3nNkB5HguvZ44nw8MuIebeYqkOHQjdDjquRWEhK7V%2BP%2FDhafQIx5zQ%2BmQP8HygwtFtr%2Fam6Tc8n6dBKyrs%3D&mm_sceneid=1_0_7465007087_0&a=xxc%3Dad_ztc%26mi_id%3D00006qaowwbrfXsb0ip5KufiIf9nD195UwLMFe-5Ett6UU4%26skuId%3D5751476744224&id=897757611421
957968013794,正品TOPTOY三丽鸥浪漫婚礼系列盲盒潮玩情人节七夕结婚礼物手办,28.5,¥,,tb6327804471,Do米乐潮玩盲盒店,,300+人付款,广东 汕头,"48小时内发, 包邮",款式类型:端盒 | 出售状态:现货 | 系列类型:联名系列 | 品牌:TOPTOY（玩具）,https://g-search1.alicdn.com/img/bao/uploaded/i4/i4/2218832086022/O1CN01y0j2061uM8BcuBimA_!!2218832086022.jpg,//item.taobao.com/item.htm?id=957968013794&ns=1&abbucket=10&xxc=taobaoSearch&mi_id=0000C5rfprPE6sv-sFVcU1tCt6P1eypkLWow6nx4hQ8EeKw&skuId=6050715926328
996812313869,2026新年春节年货礼物马年盲盒礼品幼儿园儿童活动奖品小学生奖励,38,¥,券后价,huo一,火一百年文具礼品,14年老店,9000+人付款,浙江 金华,"超级立减10%, 48小时内发, 包邮",场景类型:春节 | 适用节日:节日通用 | 产品名称:神马都有盲盒 | 修饰词:新年礼品,https://g-search3.alicdn.com/img/bao/uploaded/i4/i1/794100468/O1CN01nfIcSD1FKOSsw612L_!!794100468.jpg,//item.taobao.com/item.htm?id=996812313869&ns=1&abbucket=10&xxc=taobaoSearch&mi_id=0000-aJybTUtXyamA1j9sfB2r9Me6PVFc-HK1kSikK40i4w&skuId=5977566293014
988404155049,"PLZDOT官方插画小人""情绪稳定""系列MINI盲盒公仔打工人桌面摆件",29.9,¥,首单价,plzdot旗舰店,PLZDOT旗舰店,,2000+人付款,广东 东莞,"官方立减12%, 直降1元, 淘金币已抵0.89元",出售状态:现货 | 品牌:Plzdot,https://g-search1.alicdn.com/img/bao/uploaded/i4/i2/2218599385996/O1CN01KuO2b31uADuV02GBH_!!4611686018427382668-0-item_pic.jpg,//detail.tmall.com/item.htm?id=988404155049&ns=1&abbucket=10&xxc=taobaoSearch&mi_id=00004qIqSj7oxT6k6ThChPgfHlXMTJgMZWKGZzmBS96_ETA&skuId=5956754333909
750727692205,pvc盲盒公仔手办定制树脂摆件钥匙扣挂件订制潮卡通玩具来图定做,10,¥,,tb414848063066,致汇玩具定制,,82人付款,广东 东莞,公益宝贝,出售状态:定制 | 款式特点:静态 | 商品状态:预售,http://g.search1.alicdn.com/img/i1/5284505594/O1CN01AFYyW21rC6akp2j9Y_!!2-saturn_solar.png,http://click.simba.taobao.com/cc_im?p=%C3%A4%BA%D0&s=1663176749&k=2177&e=4OE4zeG%2Fj8RJ0AQRSKbN4CKaO3n%2Fh%2BvwiSF0h6AvE4twDHWsFwUgeIckKYX5A%2BTivfYrs6avs7tbO4%2FsUIWbMFih0Jnc%2FSWK1LnNVzW%2BNs7Ec3pZEiup7mL1sDXXfGm62VgLxqt3XM21zzhFsQ7Ga0YsAzg5KMzSADNzS%2FsyMSBfBOkzMBAGVTln66NBpBgaTPmx%2BfI7DQgQwJGi59QH6oOo%2Fd67SIV%2BDFllFFrzs3D%2Fh0JZi7WIaM9In6VlNo4kcHY%2F8CVyBlr7NcJNRdOM8YtO43z1cgi24gbubA8TEayVEfzeOW8PizRTxlX6eabcMWRCvdQKOXmuKJI55vxloCtYouZkjWyz%2FJNpaaA4ni2IOyxKxbAf6QPQvnp%2B1Q6SZFjQE0GPxYQb854%2BofvNtQAawtBrjdVqmuRKNF14idgdmUPWVNJQ7c4tTFsSJsZcQcrvxj%2BRwd5AAtS2gW4EmK97g8AYSKIfANU5Ws7wVcfkyMSJjrwiCpHbGS6HvVHpLC%2BGDpzMlzih%2BNrd5ASPWrw9WloSV63DlNRNHzOgrcFHKAAcjf1WSJ5FmP%2BjizTEDJLf7943XTuHXk90wQXbUJxh1AfhREF4xsLqNmw75qKzijhamSFEOpQ7XI2TSavymMO0L0bMvnsRusW5gYlQJfsk%2B3t2n4Zpn5rnvJhsGo5vlumV966UlrnPNAhlbWn1FZT8hD71dhs5goG2c9JO3OEZYZ6fitHoZJrucSH8zVGa%2FqJf%2FAAMRoIPS%2BtSltA9oE%2Ff%2F85JEC1dAVzDBWlGAxw3c2oQ9W5844zs18lMSJI8h%2FxaOAvgcF0BXMMFaUYD3lpEq01TMbYiqcfhBvNQqgER6GsSZSnrfM2q4Y6T3xMprn8ri%2BIpXmZXtwdV33lyKEJZgc5zpLzUonim1jlbs4gSgH8MJjzPCAspjiJid0JocNmAlrSSSxDJJdUxSElwQ9E4wq76vVHBbry2LP5s5HBmN7onY57jJ233wH77dO72uLgXxhaSQyd4V%2FXD0etMGe%2BrwUDhl3qIPToQHk%2FJpLM%2BDfs7IsX74euSTWj%2FOjXCNpguq4%2B3%2FvUuYboNg%2F46R3BesYIXpPqBZFV9ePlEfOSQ9ORjz2fXheTB8hUuWIiQXOd1hGv8YV%2FUb6h69DA1nxLo04bF%2FEboFvv5E%2B7xLsL0tMt8qGU5HAaWgWwg4XD1Vw6f4dFrL9z%2BIbmqT22E5WOwl2QGkeO9RpMK9%2ByC9X2HsP5JJB%2F6s4o4WpkhRDqUO1yNk0mr8pjDtC9GzL57EbrFuYGJUCX7JPt7dp%2BGadcMKmUhHuiYbuS0LqA72rKkCvNJtEjc4wyNTXTnKBniO8R3uejeeUd5jlfnOPpQciOoeHgFxX7cYuOrc2uhophU64ie2zWMHdnsxia3M%2BBaqGMBiYpZrg6eLv1X1qQFtno9DKq3awxyQH4mVqffRuowHV17GrTnsY%2Bn27uji5nK%2BFsltDyixRTVb0rTX9G%2Bk8XYMXpRT9vIswy36jMshtfJeC0%2BEXnACdVvStNf0b6TykbalIxak8zxAxgrqe1v2zcmec8PxVxEjtMK2keQj68wJhRBjRIMFrEkK25r%2F8%2FopAkqjAS99RXQAKPs8TbTh8fkdqPNEFIgKwxGxw8p0UTHDhf372hHlsRIXx34ZrH8pZrCCYsAak4kmDOp28%2F05L6BaLEfgwvyiNMqTooi24ayq9FmL%2B94dZL0haqfPIJSD%2BvVNsAJBJw7CugXoFVzPf0jTPDOaf%2BKwsdBhMTe04DHGkapH8xzGH5DOnkfqe9j0FVnvSq0e3BIosmxtevcgPoPhwbA%2BUwhqUICn0nYUF9HJPQEdxgRpMAXU6wG2nDVhUfF9nQs8%2BxJlJRseT9dRqKK4yaax1LxKYAQYDIElHiQ35vKy94gAZD8s7L%2FZCW4vg8d%2FYkxwFddAVzDBWlGAzyTa%2BkWtk0Y%2FijPAB%2FzsGci5Gts2YMU3%2FEsF6h0ashgrqgspd%2Fqm5HbZ9ZrXRy0fiEo%2BAuufBTjlJU7Y8azX7GFYH2eRCz%2BBnKcMwaQHN0OJNX%2Ffpb4xczVGluHRiUKAsu05PcGKROd0DHzyV%2FL0ZzVb0rTX9G%2Bk%2BBYg7X870J4XZZ0gOD3G5MccJL4OcCAls9l3zEQ0AZ6iY5DjHooypQzVmnXwB6JYitar6phkTTM&mm_sceneid=6_0_5284505594_0&a=xxc%3Dad_ztc%26mi_id%3D0000ENidByfrdQOyTkWpxQM4TZo1RPn8_ox-yCm8vTx3mLg%26skuId%3D5595617452318&id=750727692205
995962179791,POPMART泡泡玛特守望先锋联名全场最佳系列手办盲盒摆件玩具礼物,79,¥,,暴雪旗舰店,暴雪旗舰店,回头客1万,1000+人付款,浙江 嘉兴," 3期, 退货宝",,https://g-search1.alicdn.com/img/bao/uploaded/i4/i1/2200847155258/O1CN01udKlPa1oiDcz5aDp5_!!4611686018427379770-0-item_pic.jpg,//detail.tmall.com/item.htm?id=995962179791&ns=1&abbucket=10&xxc=taobaoSearch&mi_id=0000lFtooMLQP4ToJKvWp6y1Dcd2DdbBLq3hE1VsTDfwKPU&skuId=6163377679078
981993154026,猫和老鼠TOM and JERRY MOMENT二代经典系列盲盒潮玩周边手办摆件,69,¥,,ywl15968492340,小番茄玩具店,,900+人付款,浙江 宁波,"退货宝, 48小时内发, 包邮",,https://g-search3.alicdn.com/img/bao/uploaded/i4/i4/652893078/O1CN01mDqL9J1YbmBWgd5eA_!!652893078.jpg,//item.taobao.com/item.htm?id=981993154026&ns=1&abbucket=10&xxc=taobaoSearch&mi_id=0000HX4GnfnXLz8dsMU9qPPXEXFhvJZ6F-_7SsNeH13D-Xg&skuId=6108198743774
944871149689,库洛米盲盒系列周边玩偶酷洛米手办公仔摆件玩具女孩女童生日礼物,8.6,¥,券后价,唯品森活旗舰店,唯品森活旗舰店,,1000+人付款,广东 广州,"官方立减12%, 包邮",出售状态:现货 | 款式特点:静态,https://g-search2.alicdn.com/img/bao/uploaded/i4/i4/2219540238792/O1CN01jHQAmH2EonHIuAZLz_!!4611686018427384264-0-item_pic.jpg,//detail.tmall.com/item.htm?id=944871149689&ns=1&abbucket=10&xxc=taobaoSearch&mi_id=0000I3xHNoOoOkAOzBMjxHIDAgi75piQBLoV3OLnp16mzJQ&skuId=5848950449834
919926937555,洛米盲盒库送女孩生日礼品手办玩偶玩具系列摆件2026新年礼物女儿,79,¥,券后价,bulle初,兜哒玩具手办店,,1000+人付款,广东 广州,"超级立减10%, 退货宝, 48小时内发, 包邮",,https://g-search1.alicdn.com/img/bao/uploaded/i4/i3/2765522303/O1CN01poK8RG1Ssp8nnCpFP_!!2765522303.jpg,//item.taobao.com/item.htm?id=919926937555&ns=1&abbucket=10&xxc=taobaoSearch&mi_id=0000c7Ni6IbEmb1M9gkg6oYrwylFRaE4KK6iW4TdSvlnG4Y&skuId=6098798186472
1000985223340,米塔集 Zoraa绒绒小屋搪胶毛绒系列盲盒搪胶毛绒娃娃潮流盲盒挂件,53.95,¥,首单价,米塔集旗舰店,米塔集旗舰店,,38人付款,广东 东莞,"官方立减12%, 直降5元,  12期, 淘金币已抵4.15元, 退货宝, 包邮, 公益宝贝",单款概率:1/72 | 款式类型:隐藏款 | 出售状态:现货 | ACG作品名:DC漫画系列 | 系列类型:联名系列 | 品牌:米塔集,http://g.search2.alicdn.com/img/i2/9788969538/O1CN01qcUJ9R2KKSnEAi2Wr_!!4611686018427384386-0-saturn_solar.jpg,http://click.simba.taobao.com/cc_im?p=%C3%A4%BA%D0&s=1663176749&k=2361&e=twScmadoe1tJ0AQRSKbN4CKaO3n%2Fh%2BvwiSF0h6AvE4twDHWsFwUgeIckKYX5A%2BTivfYrs6avs7vPneYNZIUvIGXqqNWUagXE4gSvQcBuBWzEc3pZEiup7mL1sDXXfGm62VgLxqt3XM21zzhFsQ7Ga0YsAzg5KMzSADNzS%2FsyMSBfBOkzMBAGVTln66NBpBgaTPmx%2BfI7DQgQwJGi59QH6oOo%2Fd67SIV%2BDFllFFrzs3D%2Fh0JZi7WIaM9In6VlNo4kcHY%2F8CVyBlr7NcJNRdOM8YtO43z1cgi24gbubA8TEayVEfzeOW8PizRTxlX6eabcMWRCvdQKOXmuKJI55vxloCtYouZkjWyz%2FJNpaaA4ni2IOyxKxbAf6QPQvnp%2B1Q6SZFjQE0GPxYQb854%2BofvNtQAawtBrjdVqmuRKNF14idgdmUPWVNJQ7c4tTFsSJsZcQcrvxj%2BRwd5AAtS2gW4EmK97g8AYSKIfANU5Ws7wVcfkyMSJjrwiCpHbGS6HvVHpLC%2BGDpzMlzi%2FkzaJjFLcTMdcwacm0H2l3rG%2Bp5pdAQYAESfubmwjijgPEtxY13uMxsbUW%2BvUkQZqvtSEgvf8cHMTynYfz8tb8aPZXDNrtxBZ8R62XEFVKolOzh5DtUyqTWUJ00R78gQPvbWhhQAA3cQEJUDuLY9G32tGfNyDVLGmJZPllM62mg1exyqVBo3sf2zwY1Il5RSSQZ9tIJuVUzmCgbZz0k7c4Rlhnp%2BK0ejIc77L22qmA6zBMhPCfbG6CBQ%2FjBLXc35o1SErTKEr9JVX46iNTO5uU%2F8OlAoMcLfttAtoWrUnwVm96jboJtk8fRJ6vLUjH9jqWTXZb360zKTHzEV1o%2FSZFWfGHa5dwMT0XMzajSQMcyeJxc1%2BUIw0CxFRYaHgZZrEAYF6PsySnNhd2yM3%2FRkGpYGmjSJVd%2BTQ0gKxvGj%2BTjOUMSEIaKfS5io4fIa3Ft5wh2BKw2AcJftuiWWHyBGFWXj8GnUBwZeErzyxh4x4GHzkWHWVBQ0bkk4lhZcOJUa0IfRjBOBJxIjNbtsDcoD%2BmeI341OSr5cneFf1w9HrTBnvq8FA4Zd6iD06EB5PyaSzPg37OyLF%2B%2BHrkk1o%2Fzo1wjaYLquPt%2F71LmG6DYP%2BOkdwXrGCF6T6gWRVfXj5RHzkkPTkY89n14XkwfIVLliIkFzndYRr%2FGFf1G%2BoevQwNZ8S6NOGxfxGvKqWYQBMSwSrTUbS1RedfWTRuwQI1%2FbZAADvmIQcjjeKPUpslIAUe6tM4gdQzeGdvMnxhngr%2BzigJNkiierC%2Bp4xSm%2Bw6W6ezFdqxTu22fMhWsJtxGfdCZBduMUJFzM35WV8M5SAN43EkXBVsEFaIlggxDInYFPjru%2FIBk19Osfh8aTiMO%2FCxTURPs9Z8Xq2QBdzk%2FGvDbKpr54K0xwsauf1vJFmhE%2FSO8R3uejeeUf9797nYkJlYQ50TkZLd4t0e5bQ%2FoD%2BtGUY4QvFeLeu9YR%2FGc50a7O1rccGeT%2BThFPFv3LfV1eq3vairVshdx7g1KnRQne9EmnLnCjYjplcaxLb3RM1bIoxKc1SGgMiJQaA2%2BtIfYNbV1m0qjnYFGewJw2eZzwvHI6zDLfqMyyG11DVw29SAnERactCVFxlvB3BL9cpKBp8l2L1sDXXfGm6TJHPkddyeKS8qO62zFcEMe9IyBXgvW7CON8U65hdslTwdPnplVe0DzFNv%2FPbkeCpkVREgHwyn0IhCoTXsV%2FJ9EmMfBvQNYqmMX7YhnxWsNKLg4qC1CB11emM%2Fi7iMV9C47GZRRxL%2FErfroKiYDGvjCFy6DAjarqH%2FtatsuXbJ7TN1a%2Fec8Yghrxy8ZpeZz6Wa9TAqfUerAkE59w%2FiBhP19BFFL8zXwznxxpGqR%2FMcxh%2BQzp5H6nvY42fWS0plhiNSKLJsbXr3IAmZ2dzbSDxCx5a5mTapEQIDAgKedSJdFx2jmTaiZK%2Bk90xboB6%2FgHVGoaxvvmpz7CIueS3tvDyjSrLkLMqNW9U6rAOgGBq00xW97eMUydnXWjVIStMoSv0lFcqAGQfrdEM20P7ZvDIFX0QvVlBNEPUf08arcdNoWU93xU5T8rIbzGKHruZBtBOeJbMLzem%2BoH%2B%2Be3cihBuT0iSYHKX2I78w0K77kW4u9Q91ninvQOgF8dQI6AfI4afBJwnkjWib%2F9cD8oT5aSzizCHMzMZzuasGRX5C%2Ff9Atx0z9MVyNhcc5ZjqBMrULk3XCvpUJcHs8A%2FlISj3E7fElm0qjnYFGewDd4yHnp0IKNPqaocbrTVy5LaQlnw671gv2zNQmy0y5pb4R1DB%2BpU8f62a%2FYZalRKX8yQrvli4veIs%2F5ZcaKb2w%3D%3D&mm_sceneid=2_0_9788969538_0&a=xxc%3Dad_ztc%26mi_id%3D0000wzwfgJ3J7dwaybwcdzrk_kNfqwqM6ILNcIKFk7dph6Q%26skuId%3D6156131446174&id=1000985223340
805938224150,正版现货猫猫龙幻想生物魔法学院系列潮玩毛绒盲盒兔兔龙二代手办,72,¥,,我爱发明1999,Und正版潮玩店,,2000+人付款,湖南 衡阳,"店铺满500减5, 退货宝, 48小时内发, 包邮",款式类型:隐藏款 | 出售状态:现货 | 品牌:欧嘀,https://g-search3.alicdn.com/img/bao/uploaded/i4/i2/2631164325/O1CN01UZLquo1hou6DmtnPH_!!4611686018427380133-0-item_pic.jpg,//item.taobao.com/item.htm?id=805938224150&ns=1&abbucket=10&xxc=taobaoSearch&mi_id=0000gIJaDXA80KwzumcU_vubtfb1otLzKQYe2JreMTa79FY&skuId=5479262564955
951721978258,MINISO名创优品一二和布布情侣日常系列第三弹盲盒可爱摆件礼物,59,¥,,miniso名创优品旗舰店,miniso名创优品旗舰店,回头客200万,1万+人付款,湖北 鄂州,"退货宝, 包邮",款式类型:端盒 | 出售状态:现货 | 品牌:MINISO/名创优品,https://g-search2.alicdn.com/img/bao/uploaded/i4/i1/3459177618/O1CN01gFO7Fn2696KSbgdm9_!!4611686018427387026-0-item_pic.jpg,//detail.tmall.com/item.htm?id=951721978258&ns=1&abbucket=10&xxc=taobaoSearch&mi_id=0000MeK1AbKrcKW8tCnp-G9uFp2TTiW70lhq_XXa5U2g28Y&skuId=6024040376887
1014842124949,现货POPMART泡泡玛特星星人怦然心动系列手办盲盒玩具摆件礼物,59,¥,,从音时尚,UNIQUE尾巴潮玩,,1000+人付款,湖南 长沙,"店铺满199减3, 48小时内发",出售状态:现货 | 系列类型:联名系列 | 品牌:POP MART/泡泡玛特,https://g-search3.alicdn.com/img/bao/uploaded/i4/i2/2253572444/O1CN01GOhelc1TvP6RGWAjz_!!2253572444.jpg,//item.taobao.com/item.htm?id=1014842124949&ns=1&abbucket=10&xxc=taobaoSearch&mi_id=0000PtbCooyRqf3sS9FIGcsiaxL8sGi_Wlj8CmEr1_82t68&skuId=6030038208830
1011855147605,MiiTAKI米塔集搪胶毛绒玩偶公仔潮玩挂件盲盒新年新款礼物小礼品,58.55,¥,首单价,米塔集旗舰店,米塔集旗舰店,,55人付款,广东 东莞,"官方立减12%, 直降7元,  12期, 淘金币已抵3.95元, 退货宝, 包邮",单款概率:1/6 | 出售状态:现货 | 品牌:米塔集,https://img.alicdn.com/bao/uploaded/i3/2221307777280/O1CN016aOazY23eITbigRqd_!!2221307777280.jpg,http://click.simba.taobao.com/cc_im?p=%C3%A4%BA%D0&s=1663176749&k=2457&e=QyL9BqzNPtVJ0AQRSKbN4CKaO3n%2Fh%2BvwiSF0h6AvE4twDHWsFwUgeIckKYX5A%2BTivfYrs6avs7vPneYNZIUvIGXqqNWUagXEQIAl5Ic3JzTEc3pZEiup7mL1sDXXfGm62VgLxqt3XM21zzhFsQ7Ga0YsAzg5KMzSADNzS%2FsyMSBfBOkzMBAGVTln66NBpBgaTPmx%2BfI7DQgQwJGi59QH6oOo%2Fd67SIV%2BDFllFFrzs3D%2Fh0JZi7WIaM9In6VlNo4kcHY%2F8CVyBlr7NcJNRdOM8YtO43z1cgi24gbubA8TEayVEfzeOW8PizRTxlX6eabcMWRCvdQKOXmuKJI55vxloCtYouZkjWyz%2FJNpaaA4ni2IOyxKxbAf6QPQvnp%2B1Q6SZFjQE0GPxYQb854%2BofvNtQAawtBrjdVqmuRKNF14idgdmUPWVNJQ7c4tTFsSJsZcQcrvxj%2BRwd5AAtS2gW4EmK97g8AYSKIfANU5Ws7wVcfkyMSJjrwiCpHbGS6HvVHpLC%2BGDpzMlzi%2FkzaJjFLcTJI3lNavOpQZM50Y3iSRCAZHu03R0Jfv4I5x1PhYar5QE0zPv%2BiEOsU7HGnZ11R%2ByzMctX8qjVuoVygFSgB2YWlspEr3SBqk8psgGLVPMsdOiko0GG6K9ygS5yQt01%2FWntPT4yGAPyi340md6edlWVumJZPllM62mg1exyqVBo3sf2zwY1Il5RSSQZ9tIJuVUzmCgbZz0k7c4Rlhnp%2BK0ehYcf8NXdp4HJoqHDQUTKZcnXynxEgDm2hpg7aT9woLbZVX46iNTO5uU%2F8OlAoMcLfqzThDDf3i7KW1p1ea8KBtfRJ6vLUjH9jqWTXZb360zKTHzEV1o%2FSZMjwPiOYrvwT0XMzajSQMcyeJxc1%2BUIw0CxFRYaHgZZrEAYF6PsySnNhd2yM3%2FRkGpYGmjSJVd%2BTQ0gKxvGj%2BTjOUMSEIaKfS5io4fIa3Ft5U1y5f4PVd%2BFkl2DVWRe1GWXj8GnUBwZdS1N88quBxQZ5z1VAOIdYQwW68tiz%2BbOQWadTA2XOdiTGbr4S9NPEeEm5l9Zzu92QneFf1w9HrTBnvq8FA4Zd6iD06EB5PyaSzPg37OyLF%2B%2BHrkk1o%2Fzo1wjaYLquPt%2F71LmG6DYP%2BOkdwXrGCF6T6gWRVfXj5RHzkkPTkY89n14XkwfIVLliIkFzndYRr%2FGFf1G%2BoevQwNZ8S6NOGxfxGvKqWYQBMSwSrTUbS1RedfWTRuwQI1%2FbZAADvmIQcjjeKPUpslIAUe6tM4gdQzeGdvMnxhngr%2BzigJNkiierC%2Bp4xSm%2Bw6W6ezFdqxTu22fMhWsJtxGfdCbJNkznr74wF4qVH08V2EDAru15xbOXDzXtNe7Pf3YAnmyC5%2BopvwgKJer4q6Ssd29XJ28M4HbAHQBdzk%2FGvDbKpr54K0xwsauf1vJFmhE%2FSO8R3uejeeUf9797nYkJlYQ50TkZLd4t0iCZbYkPuzZHL53d%2FgxIBmIR%2FGc50a7O1x1wCCz5vdu%2FzfB5Rt9j4%2FvairVshdx7g1KnRQne9EmnLnCjYjplcaxLb3RM1bIoxsthRmHXWZW4hFe6dP2bey87FgAojVPefCQ6YFoTrXVTcBcoe86UD4YLS3f%2FaiL7GM%2FDf3culyE3vIcJR6gtY71nTaFyV3B0Z29kPmaXuQkcSytYnR9kV6UPouogDuIl5yBpfQu%2BIiYgTE%2BRAKi7xWoV2d%2F%2F%2Fsnvdzwkl1wXxv1w%2BagQDGVnqsMpfIJj1OhcFSrUMRiAWc1%2FVFbTEhMqAPag%2BlNGrhVxk0zhhWDXS%2FOQWTKBw2Z7T9NVPbCr2zVFsN1oiHJK1ZsPJ9T5705AJuSo77%2B6k7Lrj6uc3i6hDjj5O7x4NXTedxhFDTQjPp2zlcjrG074T5EqR89upYK%2BuW9%2FLZ5%2B206YFylYV4EEquw1tEOpI3SDff99BQ46ZxBaRUa1h50Z47HVOh43yt8GJn94yy%2F683LUYOMjftJI%2FfxQEz%2F69KpOKgnw55%2FNw4LkkIV4z%2FVizHTrIMqxBQve2PyX0vgwUu7BqZhJsqwvgvfMZrDJOYIy5zBLGe2e4XyqqsvLFpZ%2FI%2FySr1XWkDe9RFvCyjtRW%2FY1pLFXxhHZF5L5FpyYAz%2F5TyMdEU8iBOwygQBdzk%2FGvDbIPk%2FehzNTqUJBKAOdyGPO0CGBbUpXFiBkLor6sEnqwVLNnPa4y5bAkgHN1B6kjNocRtIjcphUSROtbyF%2Ba1b9B9J0BF8YJVIAg751wf5i8IM8W%2FxeKvI1aqTasGFmaYCXrXt4BEf5ROgBXaSxu6OIInnAGezgiCg6Q0yXnbLP5bJQSj01l9iRsFtrUuAGFVxLKe01Mpz0%2B6EPouogDuIl54BiTV8TxKxpaZJX6o6higt%2B9D6oweyNSHmw2mvcCyIwGwUjQ2BdiY4mOQ4x6KMqUM1Zp18AeiWIrWq%2BqYZE0zA%3D%3D&mm_sceneid=2_0_9788969538_0&a=xxc%3Dad_ztc%26mi_id%3D0000AZ77ue0fRbnKz4-FxWo14VxiBiQ_BIB6xd8Wo8crXhc%26skuId%3D6181634031978&id=1011855147605
814254757468,POPMART泡泡玛特小野Hirono 庇护所系列盲盒玩具摆件礼物,69,¥,,泡泡玛特旗舰店,泡泡玛特旗舰店,回头客20万,7000+人付款,江苏 苏州,"热销爆款, 退货宝",款式类型:隐藏款 | 出售状态:现货 | 品牌:POP MART/泡泡玛特 | 商品状态:全新未拆封,https://g-search3.alicdn.com/img/bao/uploaded/i4/i1/2885348004/O1CN018kkMKz28ztEUfRTGv_!!4611686018427382436-0-item_pic.jpg,//detail.tmall.com/item.htm?id=814254757468&ns=1&abbucket=10&xxc=taobaoSearch&mi_id=0000KiLyPri1k1XOR9jbLLTaRRu3oiUjWAgLkUveH-g-Prs&skuId=5686118095602
909360714232,正版EAKI火影忍者疾风传萌兽派对搪胶系列盲盒毛绒手办摆件潮玩礼,77.41,¥,券后价,tb086198083,潮玩集合社,回头客4万,5000+人付款,广东 广州,"店铺满11减10, 48小时内发, 包邮",款式类型:隐藏款 | 出售状态:现货 | 系列类型:联名系列 | 品牌:TOPTOY（玩具）,https://gw.alicdn.com/imgextra/O1CN011srtjn1qROJXjlgXA_!!2224965492-0-picasso.jpg,//item.taobao.com/item.htm?id=909360714232&ns=1&abbucket=10&xxc=taobaoSearch&mi_id=0000ODek05-Byc8KcqjyWsByh58QvXOvMsITFIcigu0y9K4&skuId=5770588836539
970243145273,正版TOPTOY蜡笔小新美味春日部盲盒手办潮玩可爱公仔桌面摆件礼物,43,¥,券后价,q13905067997,GUTU潮玩店,9年老店,1000+人付款,福建 泉州," 3期, 店铺满20减10, 退货宝, 48小时内发, 包邮",款式类型:端盒 | 出售状态:现货 | ACG作品名:蜡笔小新 | 品牌:TOPTOY（玩具） | 商品状态:拆盒不拆袋,https://g-search1.alicdn.com/img/bao/uploaded/i4/i1/2010275103/O1CN01ha1cLj1nZECyHSuH7_!!2010275103.jpg,//item.taobao.com/item.htm?id=970243145273&ns=1&abbucket=10&xxc=taobaoSearch&mi_id=0000mxFDPctMn8TTJESHs8deSPr7cW8dmROPo9SbI6X0aio&skuId=5918060712180
951954064704,正版猫猫PAI小陪伴日常盲盒摆件可爱暹罗猫桌面萌宠手办生日礼物,9.9,¥,券后价,tb0420786166,四木摆件,,4000+人付款,福建 福州,"超级立减10%, 店铺满100减5, 淘金币已抵0.29元, 退货宝, 48小时内发, 包邮",款式类型:隐藏款 | 出售状态:现货,https://g-search2.alicdn.com/img/bao/uploaded/i4/i2/2212478772183/O1CN016M0ufk1RzrijCc4dN_!!2212478772183.jpg,//item.taobao.com/item.htm?id=951954064704&ns=1&abbucket=10&xxc=taobaoSearch&mi_id=0000U3hCHfhNayo0-uYXcHCrHP8wlWdYt2ttCfn27nee3Ek&skuId=5985068612851
977803988448,盲盒公仔定制手办树脂工艺品订制钥匙扣挂件手机支架来图定做logo,4.4,¥,券后价,tb788942694259,广东趣萌工艺品定制,,32人付款,广东 中山,官方立减12%,,http://g.search3.alicdn.com/img/i3/9308542502/O1CN01mnJJNO1ULy3O8fwYI_!!4611686018427385382-0-saturn_solar.jpg,http://click.simba.taobao.com/cc_im?p=%C3%A4%BA%D0&s=1569682125&k=2381&e=oyp9U780%2FyEVFO5ttRYxBx43l1uEnzYBif5qLoNW8YsVGVIC92QTPD1QaodQGsqtDr0vQFuN5l7kqzgPh9IFFAuWDawjafOxZeNtAy5mZACCMxHlgo0KXt0bz4wtzE%2BZGhyAvMrPyY5QEn4I8uDmFuvk%2FHQnJ3qzrDETJprbJXtHXA1a8y%2BkhYbka9Me3h1XMD2%2BmsQ2PFpGclA8UP%2B78ulynqF721xPmAfsDrJF6mKNHVdeEs0VYU89PXYQoh9PawK1F03Js99XkmVqMbXeg9jJxpYR4jimxIfm3XiGblpe5WnhcnyeVSeIDxec%2FnZxkretGu6%2FohMDVjUh%2F%2BVz9W9iPM2PG4CcH3zvXlTf6HmMxsbt0eA%2F3wgglaLp2yQqsuEbuOuTzqMFdvek1tl93Q6gxRDouZorA9Yxx4cH9mQylmlhnQwO%2BQlYdIzkqDzSvEXe8Pb9hV8nE%2FhZWw%2BRuMbdMGC9Sc9MvdQUxti%2Fd4WaNzeF5EDjK8%2F3gyAiKQriG3JaVux7UCgs%2B6WbTT7E2t7TCKig8uBmsr4TLbwyJLOPUrh3bEDc%2FvIdq4c517z50tL5tXI2eeVOAhGtWMgD6oSZ1lXDf6hNicvIUkXI5ViNbGTurm3BVl0Ok9yvMcxx7B4FpZFJMqX9G6iG3w9VF4SZ1lXDf6hNOYVYhqemutseoSZzUvFlJAJd7Gj43Pn5oo1rpvdHa5eHdncQnzKpe8xsJ8xpVyogm37WxN8sJwBDbZOZE8JwCt%2FISC5DG9i6WlAppCwsPiVjcA%2BZqqgZPQ7%2FyiSfql%2BOdLCcUcYD2xkvrDd7GoTGu5QOL%2FbyMI7bgWnux%2FjNfTEiQ2mTY9grztWex1yB2lAwN%2BMikt8N29xJqjiyIcHsr4WSR4qlVQLy69N0l8ZJ8687cM3FbSfgkFcMdB5k2VtXUVFb85PH5YBmtggp%2B4c%2B7YVtR0%2FWdC2T3tMIqKDy4GbEpS6%2BmrgpsXbwBqYrccFn%2FMPDan%2FUrWJo20xM95X%2FiMlb9wMU018a1Z7HXIHaUDB3kd1pHyOg9W9M%2BBeaJvMK%2BpP%2FqsnIcz%2BkwGY9JdwSacDQjJv8BtAeE9s6vqBPf798hoyAhFeGNFfVu95FYoCRXEcKAPSISa9KL%2BgCrKgxLkRT458QZZxCs577q2AVN7DKWXqcKUUjZceZPiEC3VHNfRHXB%2B1iMVyIqw9xfuRCN3OADc3tDdBXJfiE47dNRJZVNzVh7wWiyNniowtP%2FMGKLhyrdecZktgmWcI4pr3GNk57s8gCJmXAzS%2Bn5N7MG3yrO8wDv3HAN%2FIdq4c517z59IF1n5egtOSdJMZbgMgEkHnW1SDgBGhmZbjvbm08L3v%2B%2BJr%2F7wyn71bAHInACUtw75rCkaMAdbb8RHX5ed5%2FxSSbFXSd6VdrsXKiqgxMk4xBNwmwOXdMFQooC8vxDz8yjYd1YWI%2BONaEmdZVw3%2BoTcubWZI4w4ve%2F347ZUZ4%2FnqzX4Ko6minIDhVycmnaIRFt4l0mJEYDAVfzqTiSlCaL3BKHT22jPQkp0lyEeXDCw3IRsiKhrxyIcq5cDP1%2FpizA2dqZ7AuUpEYJSXX9rF84MiRx6YT2TkcAFl1tCwcSwfMw3lVBp1imTM8vw6IbA395yPUI8VXBX98qTl8Y6W%2BMLq%2BxcMXvdMBMzy%2FDohsDf3nI9QjxVcFf7x5aYpwvWBv5FSyy%2FmZXyd8b9razIyK32%2B52XcIp7%2F97h4nkwMjqyppT%2Bbxp4MAqBOI5YIfHMf7z9Kpc5wDHVXY9oV4mMtWSScHo%2BJLyGHO2N21Jz%2BZ9Im82maIUngiMrxjELX3wh2hoNApUp0UC3uX3cuTo1UkGCfFyGyyVgRks1p1um7oTasQzW3eAyM0GJ6vFNAH6IdaRBlAZ7AAZZnw4cC5zTXZnYMmb4KkTDbnvgPN%2BUXjFfqrFE2%2BuInZG7la0Xxa7UUHXbvOoum8AYtdLzkq1OGD0sM%2BcyXWQmPZH4P0rSEuaa0HAxVcK2Vztax78L%2BjRI3x193T%2F1wEr3%2BF6%2FtyoiXClf1YebtXOneFeCQ51UEsa9bsDSijht%2FMOKx2Zr%2BBI%2F4GJXH%2Bbm%2BnRajZSxShQ2R%2BzFx9mfH5Bq58Z1Z6afMba0nUggVEY%2B%2B7WcgwCrbFU2w5w8Dhb%2BbfUCIu2w%2BmjdgI1Vklcrt%2FZ%2FrRzWA5Kb7FEnVDHYrOMo42uXbCjmZIQm6N9s2ViEFPUUTRgeIFGlKahob0aNXLK%2BXRu4Uu%2BcZSnUmsACKBxFT4V9NLsmx9c0qN%2BcZrMBDCj10pdvsfrDr7XzS6F%2BHGi%2BJuobaIfe3PBWwJ7YZZrMrkddO7Uqd8iFGcrRRRoF9Pov9BHyTg4cEOAqtqmG6OQfEL%2B%2FGoARQgY6s%3D&mm_sceneid=6_0_9308542502_0&a=xxc%3Dad_ztc%26mi_id%3D0000ld4g4VlGPGv189fJ8pODpehpuiTkGOBMw1tE55CisZM%26skuId%3D6096781262854&id=977803988448
993049575657,疯狂动物城盲盒洞洞乐抽奖软胶植绒公仔女孩子玩具戳戳乐生日礼物,29.27,¥,,ytbh旗舰店,YTBH旗舰店,,700+人付款,浙江 金华,"超级立减10%, 淘金币已抵0.26元, 包邮, 公益宝贝",款式类型:端盒 | 出售状态:现货,https://g-search1.alicdn.com/img/bao/uploaded/i4/i3/2220391731205/O1CN01tuC3eJ1KlwMc4Pme1_!!4611686018427383813-0-item_pic.jpg,//detail.tmall.com/item.htm?id=993049575657&ns=1&abbucket=10&xxc=taobaoSearch&mi_id=0000h9nyAE_pAZS64ovzEIf0a5VqCRRAwi4Bfa_bvEpaeoM&skuId=6139471086892
930698090141,惠唯Yes！Me too艺术家系列 盲盒手办 搞怪可爱礼物 闺蜜生日礼物,632,¥,首单价,tammymagician旗舰店,TAMMY MAGICIAN旗舰店,,700+人付款,重庆,"官方立减12%, 直降7元,  3期, 退货宝, 包邮",出售状态:现货 | 品牌:TAMMY MAGICIAN,https://g-search2.alicdn.com/img/bao/uploaded/i4/i2/2219875493621/O1CN01N57ogP1ccTGmtEgzQ_!!4611686018427381493-0-item_pic.jpg,//detail.tmall.com/item.htm?id=930698090141&ns=1&abbucket=10&xxc=taobaoSearch&mi_id=0000jrngZouW9XbR_82wfRD1-SGGGLNToQFOhKTzyzHRdzI&skuId=5982759890313
966076486846,【李佳琦年货补给专场】 52TOYS迪士尼正版疯狂动物城系列盲盒,59,¥,,52toys旗舰店,52TOYS旗舰店,回头客6万,1万+人付款,浙江 湖州,"热销爆款, 包邮",款式类型:端盒 | 出售状态:现货 | 品牌:52TOYS,http://g.search.alicdn.com/img/O1CN01dthjjj2Jsz28QQWEG_!!4611686018427387766-0-item_pic.jpg,http://click.simba.taobao.com/cc_im?p=%C3%A4%BA%D0&s=1569682125&k=2413&e=kuflZ%2BelTgcVFO5ttRYxBx43l1uEnzYBif5qLoNW8YsVGVIC92QTPD1QaodQGsqtDr0vQFuN5l6ll2qcBZdfOc5A6KAp3W3nG4lRhMrG2apI21%2FprMlYz90bz4wtzE%2BZGhyAvMrPyY5QEn4I8uDmFuvk%2FHQnJ3qzrDETJprbJXtHXA1a8y%2BkhYbka9Me3h1XMD2%2BmsQ2PFpGclA8UP%2B78ulynqF721xPmAfsDrJF6mKNHVdeEs0VYU89PXYQoh9PawK1F03Js99XkmVqMbXeg9jJxpYR4jimxIfm3XiGblpe5WnhcnyeVSeIDxec%2FnZxkretGu6%2FohMDVjUh%2F%2BVz9W9iPM2PG4CcH3zvXlTf6HmMxsbt0eA%2F3wgglaLp2yQqsuEbuOuTzqMFdvek1tl93Q6gxRDouZorA9Yxx4cH9mQylmlhnQwO%2BQlYdIzkqDzSvEXe8Pb9hV8nE%2FhZWw%2BRuO8J%2BxR76sU3GtcSXteUE2BBS0SauRYFUHC%2FN63PEJEDM000kFwTvLPT8GDY%2F2Umk1MeH7eMlKaQamIKGpr91uL3BjOCLVa0rsMNHYdOqBKPFUil63yaAB1x9vop3nTPrZHWEWjXAuh42Qubk6XBoGar1sHrOoGgIq1T%2FvtS2V5ulIVGdQXs86UuwT11lF1XRLADB6KzcKJjoyAf1tL70u8PXy%2Bw2R1A3CGUmOsYIjh%2BaX7qzySo9Q%2F7wZzNQMraIOet1gAupdr9xjede%2FNSoDZxv6DapRnC7p7c8fK3Ct1ImREbZ6H5jivpugbl7aemSXAJ0KMF6bvbnlveWh7vgy%2FKtDhZAhHPiAubKSPcX5Qtcund5nKxS8Z1fu8GO0%2FDZzCFAxkXLjt%2BXfekl4D7XxhUHrcvlzAF14HKd7Q%2FiKOJj42antlpvPnwZHj1IPwizgqd367N9%2FsupV7W7%2BI6JSpmtggp%2B4c%2B7bqQOrtmQ4LDp%2BPoty4LkqzpPKkBQFK16cyZpiRlspNbLrJOyVBSCd2p6Vuc6oSf8nUHcN9AoiBo6dBk0wlH0Dqk9QF37mqlr3V%2B7wY7T8NntgWrt8wEtqBRSG0iHZq9qxwSp25LAT8K8Oo5dNpwqgYbQpTF70gDZTYJXtdt1cJ2WW3XXPVNZROjdRle9Lwk7bKbSyGVbTL9NioTKCHkIaoR%2BcA96WqkTbxKeTCr5SDxZY9rEJEXacbAPHAbCK8AHh2macctcmSwTjZI0ktYxWHDhdYkJif2J2JzV5IoAy7JNdI69sOG0uqK38wY2v5IbilI1hOxND1wyUjAdAh5E%2BqaHy4CM7Vnl1COMKVFom5VO%2FGerb%2BKYYC4E2Cr6hk%2FqKHhQADNSjOoIkkuZzJeinipNO6aVZ%2BPYD2AVs8DyzoP2wB9xlj5ip%2BSmJTiRzcqbtk3rNlCifmi166TwWjNO5LPhIpnhEhAVoGDE4sG8KPzIFADHf0yQ9XFAhCuJFK95D9c%2FnLKXtkwHZf0iYxzc2ebUqHNYH0%2FM%2BOFLikCvqQ%2BHfK1%2FOmK8MGU24KQSjHa5bnM5JNYP85B%2ByrkcBFyTm7xlZRg4zS93wz7ob4fr2B6hBIk8ed7FF9V59afUJi9ue2%2FEt2hBQq%2BGfZ6AyEq0OQbkOkzR%2B2oErtYazbQwhoHZjq8MTsmeeSMAwab6QIU2oyuT%2BThYzI9J7fmHUIBos0%2FDSZFHpkBXxwSSg%2B6R9FpjK5P5OFjMj1v%2F6U02B2U3oounG0y4onCfO%2B5OeL1d9iJ7AS86V2nfVE1ZlH%2FxB2RmPte%2FAJVl6Oh8WIn8Zahh4AcuhAlfk0bIPj3gOz%2B0SMnB6PiS8hhztjdtSc%2FmfSJw0WP6%2BcTiNRRuadPLrmeFMpFddavbHxJdXQ0BVDJVyen4%2Bi3LguSrKuWZyjxTXJuUaoaE6M6esFh7xck9pcFLyBEpZO9ST9jD%2FEwoTmRl%2FtHXasCg8h%2FumsdPJXNkUyUsHLUp9O0lTJfR5keisv%2FWVNLieU%2FmgYafSSjUZptLQkfg%2FStIS5prQcDFVwrZXO1rHvwv6NEjfHX3dP%2FXASvf4Xr%2B3KiJcKV%2FVh5u1c6d4V4JDnVQSxr1uwNKKOG38w4oNQ5%2FIdElf1F1sUzORU2DKoKnYXwZOhmOG%2F1gODVhvh9fXSS7AFSEccZYc3TF7TB0b%2BzNrKgZwdaFyFAve3KThr8MZ2jYvhhoUHBjT16bbAoHHYNklsatzD4iAop7ugejyUqFYbTSY4hlCBPKsB1hJYAOQ2FTfeyd6mM8JcoU0svIAIAF%2FpX6nHmVcezj9Vp%2BQ6le%2B6S1yFMEFxbFUEb9k4JmzykI%2BAXJJ6FDWd5zxCa1y0j1OBniHfkposst1%2FBqTTumlWfj2D5B8%2FqtMydQYNBlPUfkHT2NUrYIt2KLFpFmAh1fjI76z07SUc6l39%2BY1JUgdwAW7I%3D&mm_sceneid=1_0_133779090_0&a=xxc%3Dad_ztc%26mi_id%3D0000cnoW9KW1ExrykOpMuBvRRIQ9nQcZngP-8Pzx1UBBh80%26skuId%3D6144854794056&id=966076486846
963964255055,疯狂动物城2盲盒周边手办系列摆件玩具兔子朱迪尼克潮玩公仔玩偶,70,¥,券后价,zk1084396729,小蒽蒽玩具乐园,10年老店,300+人付款,广东 汕头,"退货宝, 48小时内发, 包邮",,https://g-search3.alicdn.com/img/bao/uploaded/i4/i2/1105858029/O1CN01mE671s29BL7p7jLl9_!!1105858029.png,//item.taobao.com/item.htm?id=963964255055&ns=1&abbucket=10&xxc=taobaoSearch&mi_id=0000ysHqdtdpkcAsQ_7XI5WLW4ciXEKaLeuJkDD2AM8779A&skuId=6165351166753
987084819701,POPMART泡泡玛特THE MONSTERS 十周年系列手办盲盒LABUBU礼物,59,¥,,泡泡玛特旗舰店,泡泡玛特旗舰店,回头客20万,9000+人付款,江苏 苏州,退货宝,款式类型:隐藏款 | 出售状态:现货 | 品牌:POP MART/泡泡玛特,https://img.alicdn.com/imgextra/jz3_3/2885348004/O1CN01XoSWWt28ztEPBt9Ag_!!2885348004-0-alimamacc.jpg,http://click.simba.taobao.com/cc_im?p=%C3%A4%BA%D0&s=1569682125&k=2265&e=RUWEkmNMv3UVFO5ttRYxBx43l1uEnzYBif5qLoNW8YsVGVIC92QTPD1QaodQGsqtDr0vQFuN5l7gaJXWGuX1L423VudPsDsPi7X4xgWFvZKCMxHlgo0KXt0bz4wtzE%2BZGhyAvMrPyY5QEn4I8uDmFuvk%2FHQnJ3qzrDETJprbJXtHXA1a8y%2BkhYbka9Me3h1XMD2%2BmsQ2PFpGclA8UP%2B78ulynqF721xPmAfsDrJF6mKNHVdeEs0VYU89PXYQoh9PawK1F03Js99XkmVqMbXeg9jJxpYR4jimxIfm3XiGblpe5WnhcnyeVSeIDxec%2FnZxkretGu6%2FohMDVjUh%2F%2BVz9W9iPM2PG4CcH3zvXlTf6HmMxsbt0eA%2F3wgglaLp2yQqsuEbuOuTzqMFdvek1tl93Q6gxRDouZorA9Yxx4cH9mQylmlhnQwO%2BQlYdIzkqDzSvEXe8Pb9hV8nE%2FhZWw%2BRuMbdMGC9Sc9MvdQUxti%2Fd4WaNzeF5EDjK8%2F3gyAiKQriG3JaVux7UCgs%2B6WbTT7E2iYE1MIPKZVm9RBwvVBWFd9NqF6HB33bBcV%2F%2F9ReOmeQXieC0%2FbzO8MpfciDAYMQ2pQVCz7MMfrDaX0IGkJ1%2BT7Z6RTeJvYmjrtFVOkrFkvALpThDtaZiaIYKfCchWAkMew0Q5CG%2FBYJHyi6BsQgsz2SJPNmeLufGl9KI1Hd99626x3%2FDn5OJmX%2FUgc4M86lW%2BwoAS0Y77o5wMQ52%2B%2F1Aa0KWcLdm3lO4nM7K2eproTNaylUPwmKf3Q4%2BHI1vzVGTYoqLmTXPW2aoJyZtY%2B%2FeiBLbVI7sCbFakXN5GGt0saGfmcNAcFpdzICoeg9vnF2pUbi306t0shyhNA5qcAY%2BRYLEvIJbNECYPK5pmL0FZauu%2Br77HJLIpfy7XmC7DE5cX97jekh8rikEDd6Awox9gRrFAW3IvL%2BrUjAYoElWNJsGCnwnIVgJDGI1ucRSvW7XsRO6e3zFzzsxk00s02uJDXfv5vhRBYPKtNZUkNHsOD2cj6rRI%2BgaQ5Zbddc9U1lE6N1GV70vCTtsptLIZVtMv02KhMoIeQhqhH5wD3paqRNvEp5MKvlIPFlj2sQkRdpxsA8cBsIrwAeHaZpxy1yZLBONkjSS1jFYcOF1iQmJ%2FYnCRplrvNfuLshITvzpzdMAYrfzBja%2FkhuKUjWE7E0PXDJSMB0CHkT6pofLgIztWeXUI4wpUWiblU78Z6tv4phgLgTYKvqGT%2Bo6JLoTDRc56hnEWpO%2BbavSC1L5ce%2BsB1dd7BWhbOkQuWjO49Aet1NP3FkoQBKeeiADT9qPrX1JatYliQSPI7HB8k1HLFuX33FgYMTiwbwo%2FMgUAMd%2FTJD1cV%2F%2F9ReOmeQ4VERqt4xO3ffl2wDgMNos0OGxE9i8y9144UuKQK%2BpD4d8rX86YrwwZTbgpBKMdrluczkk1g%2FzkH7KuRwEXJObvGVlGDjNL3fMrADQ31wT90slDi6zNTjs52iqF2kjJY1n0%2BbP0OT%2FR6sOPUok3NGZFq%2BDJjOxPpYKo1V%2Bq1Y0PuKZ3zWpnxfORrI7xrNybiQu%2Br77HJLIpdzPj7MwyvcIz8NJkUemQFfmLFsKSP9Hve76vvscksil%2FwJa1tpalejii6cbTLiicJ877k54vV32InsBLzpXad9UTVmUf%2FEHZGY%2B178AlWXo6HxYifxlqGHYlrD32Dch9iXUlGSjnNtQicHo%2BJLyGHO2N21Jz%2BZ9IkmFPMsylNgYGbBYooWxIHvZG5fedgP3vF1dDQFUMlXJ6fj6LcuC5KsI8Nm8whUnL4uymhRZvkMLGHvFyT2lwUvIESlk71JP2MP8TChOZGX%2B7CbEuK0jaHGax08lc2RTJSwctSn07SVMl9HmR6Ky%2F9ZU0uJ5T%2BaBhp9JKNRmm0tCR%2BD9K0hLmmtBwMVXCtlc7Wse%2FC%2Fo0SN8dfd0%2F9cBK9%2Fhev7cqIlwpX9WHm7Vzp3hXgkOdVBLGvW7A0oo4bfzDig1Dn8h0SV%2FUXWxTM5FTYMqgqdhfBk6GY4b%2FWA4NWG%2BNwMVbxr8ZNrxxlhzdMXtMHRv7M2sqBnB5d%2BQT2gvKv3S%2FXCxjSv85ehQcGNPXptsO9h9mSMZn8gURt6ckKtZplNoQdjgbvpwOOTkETwrLsEEDd6Awox9gT8VDwm%2Fmwommh2pi0LOKBeTsNCjjEQUViZV4ygvTh6oniXNz7GcA0fyxe7sEUh8qO3y1ncpc0lRGzXPCd%2FW6%2BeNwhzpKxLb9uXE7npgNzSBQ%3D%3D&mm_sceneid=1_0_116045295_0&a=xxc%3Dad_ztc%26mi_id%3D0000NOn4BC6Gt2Nw4W786_6maPDMT0__rhOUlHtZzSJFWfo%26skuId%3D6021279468592&id=987084819701
1004929107278,rolife若来Nanci囡茜时来运转系列盲盒生日新年礼物,414,¥,,rolife若来旗舰店,rolife若来旗舰店,6年老店,700+人付款,江苏 淮安,包邮,款式类型:隐藏款 | 出售状态:现货 | 品牌:rolife/若来,https://gw.alicdn.com/imgextra/O1CN01TAwPWF1YqQt31lSCb_!!2206871603110-0-picasso.jpg,//detail.tmall.com/item.htm?id=1004929107278&ns=1&abbucket=10&xxc=taobaoSearch&mi_id=0000M58d5yciDPMqpAURVFGB9P5Kl4UXXKo1qm7vhljP8Hk&skuId=6177922507688
950692504707,POPMART泡泡玛特Baby Molly口袋朋友系列搪胶毛绒挂件盲盒,79,¥,,泡泡玛特旗舰店,泡泡玛特旗舰店,回头客20万,5万+人付款,江苏 苏州,退货宝,出售状态:现货 | 品牌:POP MART/泡泡玛特,https://img.alicdn.com/imgextra/jz3_3/2885348004/O1CN01YCyW9m28ztAPjfgno_!!2885348004-0-alimamacc.jpg,http://click.simba.taobao.com/cc_im?p=%C3%A4%BA%D0&s=1569682125&k=2465&e=S0he0TwQbqUVFO5ttRYxBx43l1uEnzYBif5qLoNW8YsVGVIC92QTPD1QaodQGsqtDr0vQFuN5l7gaJXWGuX1L423VudPsDsPGcgfswBc0YvHYqRHEUgbz90bz4wtzE%2BZGhyAvMrPyY5QEn4I8uDmFuvk%2FHQnJ3qzrDETJprbJXtHXA1a8y%2BkhYbka9Me3h1XMD2%2BmsQ2PFpGclA8UP%2B78ulynqF721xPmAfsDrJF6mKNHVdeEs0VYU89PXYQoh9PawK1F03Js99XkmVqMbXeg9jJxpYR4jimxIfm3XiGblpe5WnhcnyeVSeIDxec%2FnZxkretGu6%2FohMDVjUh%2F%2BVz9W9iPM2PG4CcH3zvXlTf6HmMxsbt0eA%2F3wgglaLp2yQqsuEbuOuTzqMFdvek1tl93Q6gxRDouZorA9Yxx4cH9mQylmlhnQwO%2BQlYdIzkqDzSvEXe8Pb9hV8nE%2FhZWw%2BRuLLeBCUzjVAJYzJwrsjLuNsPSnbbOlzz1VnWkVzbnot8A%2FamGl5Qq1xeWIxC%2FN0gBtNuODK5U80S%2FQWjzMAUaHCWMSsupqWIhAclNwJEOQPYUuez1WlrDO3W92HlredI8U70Yy%2B1QwxoCtHuBpohiE8uOLWx14dFOuKqqLhG64uviHkCplnVoSSPmFYwaJhTXTUxZ4Ex%2BkA0JOlYuCYvLm%2FytDyesxQCLPjGsWP%2FPhPhHqEmc1LxZSTwMUqE%2Bvbt%2BlAMEf2V1dT6zkZVW9w9aomgXE2quD%2Bp7BrOqbktjaVQqvB5ERjm1SbWAm6ltN1O9SFGOQi5WXqxbwHb8ZAasHuLc6ygoFDQDevOHUVu35HQ%2BCfmhJ27vJsf9vNRb6YXZFe%2FeRc6WyT711JIQKlhHIn87YjcLfyrblMHxrfxFXzbRONw3QdFtbyYX%2B%2BkkUqsePbLtLWQZdwzlgA5DYVN97J3qYzwlyhTSy8gAgAX%2BlfqceZVx7OP1Wn5DqV77pLXIY7Rh5n9WY2gUMgf7BCMhzY%2Bzfn8tVv1wv%2B550LcxiaT%2FLrIA5HUALDwV2dPgk7k2kwXMm9K3zXjBkVe0nvUqMO%2BLZXIPgNKqSaDtuMsO6I1%2FJrMPkJwIjEn%2F5hxcwt9wcvt3pEULma7JZ8KbTQXGV5kyVlCIovFKyWeO4%2BtfCloW3ai2jCgmhaY1I5u%2BoJY4ELPHmlRj7W4D98Br9xhy8YId%2F0DJSw%2Fip%2Bme3Ffyd63ClnMUWhFR%2BZTNWEJEVU%2FxujF6eskWdeGLvPeVcMxQhGPONw2pJRBMjPTX0cSvSfjYM%2F6BxV18d1uxAJsyfBETX2IsbKMqg4S3VTyZvQVK48hZiTQ06Xll50fSIua9W0aa93xF8R8Cz3KCkJ48W0UMb%2BMhCwFmeki8OGVsC%2FOHQ7rkAiUIYYh9tKe2UEtpUjPEYIMmI4uV5AhTkelrGRwT7TIlrxwvAZYm7GUQ6QFNULX6QF4TwH6nCSbFXSd6VdrsXKiqgxMk4xws5V%2BqDY08aZ48tCOGyTO1uOHZg8rHprytDyesxQCLMeSZEPtrdB7%2F347ZUZ4%2FnqzX4Ko6minIDhVycmnaIRFt4l0mJEYDAVfzqTiSlCaL3BKHT22jPQkcCr8kD31FSlEhNOwHLfA0Towex3aaNxVknQDCR3f57l7T3QSy29w9BsicvzFvdtp%2F8OEx1BTbPvMw3lVBp1imdFUp9wJy75zX5ZFa0vviTF8qTl8Y6W%2BMLq%2BxcMXvdMB0VSn3AnLvnNflkVrS%2B%2BJMbx5aYpwvWBv5FSyy%2FmZXyd8b9razIyK32%2B52XcIp7%2F97h4nkwMjqyppT%2Bbxp4MAqBOI5YIfHMf7AkP%2B78dwPZlMVMjs29H2d50msPW1oqgQxTb%2Fj3hB%2FcGmRFK9Vv%2B1jXZzXOobzrUUApxzNoHloWYEWcPaJblta%2BsOyx8BbuJ8llfhy3jtmhCSUOlM94fK2Et83V5o4cAjudXFVsVepLn1irGaFxuL9klYVKyN6hvTyxNuXnaWY5SQF%2BVbdjlhnlx6QawEeOCFLD1ipDtcwcfb48lddMNvXQSxocmXwkVCr3rsFhyIcSDhUXZsLXq%2FY%2BV02ddKcPug22xnX9GINgnesgv4Rd8ocaY0CZw8eouuE49xh%2BheO%2FTK6lcDFT5kz6loyUKmM8Z8weQ3G6fmkxpF1sUzORU2DKoKnYXwZOhmOG%2F1gODVhvgv9%2BkUVnS3TccZYc3TF7TB0b%2BzNrKgZweAvScxrfSVumCL5ThbRaLloUHBjT16bbAoHHYNklsatzD4iAop7uge8u15guwxOXEZaWHhviac1CNL%2B9sivhFCzmIIFZGbpW8nxchsslYEZE7gVxOWRMHNrAAigcRU%2BFfsCXfeYf8AtsKFLMB%2FBkCAP%2Bok3%2FrWhM8j5d2sNmLBsrJ0ISNA7hq180Au%2BFKBTNYjoFidDRbwYFJ2tFeMqF8lQR8k4OHBDgKraphujkHxC%2FvxqAEUIGOr&mm_sceneid=1_0_116045295_0&a=xxc%3Dad_ztc%26mi_id%3D00001EtsNFtZceS_lw8b9XKKHmTCHKsG_i1FbVMJnbhd7HI%26skuId%3D6080678707013&id=950692504707
992082858908,马年吉祥物国潮文创摆件盲盒2026本命年伴手礼招财装饰品新年礼物,33.6,¥,首单价,空槿旗舰店,空槿旗舰店,,700+人付款,浙江 金华,"直降1元, 店铺满58减3, 淘金币已抵0.5元, 退货宝, 包邮",款式类型:隐藏款 | 出售状态:现货,https://g-search2.alicdn.com/img/bao/uploaded/i4/i3/2218614901804/O1CN01DOpLS81PCHcEP5Bfi_!!4611686018427382828-0-item_pic.jpg,//detail.tmall.com/item.htm?id=992082858908&ns=1&abbucket=10&xxc=taobaoSearch&mi_id=0000TWQ7RblgwHws3rgOMgfuR_Xtan168AAcvYaG-tqUdrY&skuId=6169955466341
743848939152,MINISO名创优品三丽鸥魔法物语系列盲盒摆件单盒潮玩摆件可爱童趣,39,¥,,miniso名创优品旗舰店,miniso名创优品旗舰店,回头客200万,9000+人付款,湖北 鄂州,"退货宝, 包邮",次元优选:IP联名 | 款式类型:隐藏款 | 出售状态:现货 | 品牌:MINISO/名创优品,http://g.search3.alicdn.com/img/i3/127238467/O1CN01r4jF9M2CPwNxYYHOR_!!0-saturn_solar.jpg,http://click.simba.taobao.com/cc_im?p=%C3%A4%BA%D0&s=1569682125&k=2201&e=4lXQ20WdjvIVFO5ttRYxBx43l1uEnzYBif5qLoNW8YsVGVIC92QTPD1QaodQGsqtDr0vQFuN5l62Yn8v%2Bg2soK7O7bb0t7%2FyJxsHCm7UJ1bh8kp9F3uRKt0bz4wtzE%2BZGhyAvMrPyY5QEn4I8uDmFuvk%2FHQnJ3qzrDETJprbJXtHXA1a8y%2BkhYbka9Me3h1XMD2%2BmsQ2PFpGclA8UP%2B78ulynqF721xPmAfsDrJF6mKNHVdeEs0VYU89PXYQoh9PawK1F03Js99XkmVqMbXeg9jJxpYR4jimxIfm3XiGblpe5WnhcnyeVSeIDxec%2FnZxkretGu6%2FohMDVjUh%2F%2BVz9W9iPM2PG4CcH3zvXlTf6HmMxsbt0eA%2F3wgglaLp2yQqsuEbuOuTzqMFdvek1tl93Q6gxRDouZorA9Yxx4cH9mQylmlhnQwO%2BQlYdIzkqDzSvEXe8Pb9hV8nE%2FhZWw%2BRuOQICCJUFr1R%2F%2BLHCJwHTclq%2B9dzMziT7rXaHFw4ZRTwRzw6hgbsBYPT8GDY%2F2Umk1MeH7eMlKaQamIKGpr91uIM8q7dWxVlKC186ILv7mRpAyeuOLfXK9rkGDlH2lhzAJNdFAqkP03TjeR%2BotI%2F8lC3qKzfzzZDIR%2FEMkU9z70g3SNyTZh29spWmfe0ymGWL4MZ1NlE6LbSAyeuOLfXK9pw6ZKIhyL8Hw5LdAfBknGNkiTzZni7nxpfSiNR3ffetusd%2Fw5%2BTiZl%2F1IHODPOpVvsKAEtGO%2B6OcDEOdvv9QGtEYGtL1yNYlK5Zmna9gHquZtVnSe45rPVCtV0BOc%2BTz0uXOOvzcrHZMHPZHWYSnHfeELgCHsSrCxv2F8c32MUn6FBwY09em2wBWajQffGl84w%2BIgKKe7oHo2mUZ2g8ApSiezS32zXA6KNHiYndwve9GeeyVmIK8MH4nu0T55yGrV9Suy2Eu1whpiVRZxMmxapZPe6Qu34j%2BCW5Tzs9QDjq4y9sFsxVqSR7ZVZTjZFkRxIBtsZ58FEwfqT%2F6rJyHM%2FpMBmPSXcEmkYgq9FJ23PmRPbOr6gT3%2B%2FfIaMgIRXhjRX1bveRWKAkVxHCgD0iEmvSi%2FoAqyoMS5EU%2BOfEGWcQrOe%2B6tgFTewyll6nClFI2XHmT4hAt1RzX0R1wftYjFciKsPcX7kQjd2Cw%2Fk8E6rYqjrlK9DZyD%2BXqLMstN%2FmlBwwl%2Fvz68nptVnRIPuzf5D9AobTnVvFn2RQxmU5hhc0QQz1ft3AzhhcFmJqSeh790uwHgRX%2BXrZ0LUX6BCUfVYKK33MAhNk1I9tFGsY8eXYGDDaEPaN6nxZ0PCW%2Bp6DOTBkozXkIHXI5qMIYJ4tT45fD0E6RJYCy%2BCyoQunpnIo0yBcW3C15u2Tyn94IO9U3wFOZvBcriJ2YfUf0%2BGEuS9P5lK7PTVx9wXFCkxDXbS6DcIc6SsS2%2FbfRk50rYdqAiwjiqFdWBG2diuStl0WmIEO%2F5G1TX8iCSNHiYndwve9MQNw%2F58f0qbbriZ%2FpLTF%2FWWfLX2CpQsm40eJid3C970NBmV8oLQgZS4SJ%2FQQHTAURnl1QjaeNRHV7%2FMtOBfgrDFOfnbmweGZK8%2FDRZ1XfIoUTVmUf%2FEHZGY%2B178AlWXo6HxYifxlqGHk3DeSiiFWoShv33lJy6D%2FScHo%2BJLyGHO2N21Jz%2BZ9InskNO8SakQsOzRc6e0tjR0YTDUn9sYrA11dDQFUMlXJ6fj6LcuC5KsriXOkbfmCm%2FMoMmnVEkfxmHvFyT2lwUvIESlk71JP2MP8TChOZGX%2B%2Fbj1IhUd8aPax08lc2RTJSwctSn07SVMl9HmR6Ky%2F9ZU0uJ5T%2BaBhp9JKNRmm0tCR%2BD9K0hLmmtBwMVXCtlc7Wse%2FC%2Fo0SN8dfd0%2F9cBK9%2Fhev7cqIlwpX9WHm7Vzp3hXgkOdVBLGvW7A0oo4bfzDig1Dn8h0SV%2FUXWxTM5FTYMqgqdhfBk6GZOvwj6cs1BMpyWVh5xcSbHxxlhzdMXtMHRv7M2sqBnB3hC4Ah7Eqwsb9hfHN9jFJ%2BhQcGNPXptsAVmo0H3xpfOMPiICinu6B6NplGdoPAKUhmKk7mgszl1T%2BStJpmrakgRga0vXI1iUoKB4Or5hq6rCDD6e7f6BzbaAkAuAACyjlzb3UznTxGzC4jhn7qTpNZdQjlPu4AB1zhLGC0nMnCr01daEBwT3pYSoO6O4r121g%3D%3D&mm_sceneid=1_0_127238467_0&a=xxc%3Dad_ztc%26mi_id%3D0000ciZWTC9iTp2jI3y27Q2EKYTYZwfar_ncbiY43m_v7rA&id=743848939152
945318018956,现货TNTSPACE4代Rayan哥哥天生玩家盲盒潮玩摆件公仔玩具手办送礼,59,¥,券后价,艾皮匠,TOY潮玩正版店,12年老店,2000+人付款,福建 泉州," 3期, 店铺满20减10, 退货宝, 48小时内发, 包邮",款式类型:隐藏款 | 出售状态:现货 | 品牌:TNTSPACE | 商品状态:全新未拆封,https://g-search3.alicdn.com/img/bao/uploaded/i4/i4/1786952139/O1CN012nVUzD1RfiFlQOad6_!!1786952139.png,//item.taobao.com/item.htm?id=945318018956&ns=1&abbucket=10&xxc=taobaoSearch&mi_id=0000QjyvAVrqOn5B_0wPg2EXOsPmeRyhQ7w7qo5B-Q42OuE&skuId=5850404908662
973437088323,萌宠熊猫竹林秋千梦盲盒手办公桌解压小摆件儿童男女生日礼物可爱,22,¥,券后价,tb0072732_00,趣加好物,7年老店,300+人付款,广东 佛山,"淘金币已抵0.19元, 48小时内发, 包邮",出售状态:现货 | 品牌:四森,https://g-search3.alicdn.com/img/bao/uploaded/i4/i2/1050503164/O1CN01A5gXN81ZFAEw4Os9p_!!1050503164.jpg,//item.taobao.com/item.htm?id=973437088323&ns=1&abbucket=10&xxc=taobaoSearch&mi_id=0000gbeqSysUMune-bZKheuO-8HsNJdYrfOeiv8vew8vesg&skuId=6018011748899
1011501843092,正版三小毛mini小动物挂件盲盒眼睛可转动少女学生日可爱公仔礼物,23.9,¥,券后价,tb251847528539,KOSMO潮玩,,23人付款,上海,"官方立减16元, 24小时内发, 包邮",款式类型:隐藏款 | 出售状态:现货,https://gw.alicdn.com/imgextra/O1CN01qY5ebp1kc1oXplAY0_!!2219612494703.jpg,http://click.simba.taobao.com/cc_im?p=%C3%A4%BA%D0&s=1569682125&k=2393&e=9dWG7mV7XpQVFO5ttRYxBx43l1uEnzYBif5qLoNW8YsVGVIC92QTPD1QaodQGsqtDr0vQFuN5l7KD8q0vWtnG36RO8asy20%2B3IDWGeJArhiCMxHlgo0KXt0bz4wtzE%2BZGhyAvMrPyY5QEn4I8uDmFuvk%2FHQnJ3qzrDETJprbJXtHXA1a8y%2BkhYbka9Me3h1XMD2%2BmsQ2PFpGclA8UP%2B78ulynqF721xPmAfsDrJF6mKNHVdeEs0VYU89PXYQoh9PawK1F03Js99XkmVqMbXeg9jJxpYR4jimxIfm3XiGblpe5WnhcnyeVSeIDxec%2FnZxkretGu6%2FohMDVjUh%2F%2BVz9W9iPM2PG4CcH3zvXlTf6HmMxsbt0eA%2F3wgglaLp2yQqsuEbuOuTzqMFdvek1tl93Q6gxRDouZorA9Yxx4cH9mQylmlhnQwO%2BQlYdIzkqDzSvEXe8Pb9hV8nE%2FhZWw%2BRuMbdMGC9Sc9MvdQUxti%2Fd4WaNzeF5EDjK8%2F3gyAiKQriG3JaVux7UChYUwEnOTbkzVq2fkweVvx8Z9bSBfETMWmQTJ8%2BRZIeTkCfAOzgW0I9eCDhmbYoM0KUROp%2BCIRBG8W3oNVtkwiaEQob%2Fwne4xRnNjtu%2BqrI28E3cYN38tWSyJkG3T6yf7rcannXAMsq24RuN%2F64J6fI78cp9J9h4mKfo9MHh8LIsuIJUG8IgXlA97as1Eds5qgFHNELShmThuwoAS0Y77o5wMQ52%2B%2F1Aa1hqXUJ8CgmbHd0H8n66Nvy977G1ghkWppWqJ65LhKpDbQ4uFxFetGr%2FO6%2FokbswbqDkw7Oz8NrcoDsW%2Bz%2BJ%2BDBMIUDGRcuO35d96SXgPtfGFQety%2BXMAXXcuFgXg%2FGkqn%2BK0tqtxjXpxp0yRHZ9%2BFK%2F8M7ETPkwIgxVhhd%2F8bAQWym8rZgN%2B%2FgdxC2Br3RMAdSnc2s20xPM4X1H%2F%2BE0eK10DYTzZmltqT%2FuedC3MYmkwGcSF5ZZf8w0BtFFgHK4ulMFzJvSt8141u50c3KUKqv7zPY51uG5Ga00QjrUmXgX%2FyazD5CcCIxJ%2F%2BYcXMLfcHL7d6RFC5muyWfCm00FxleZMlZQiKLxSslnjuPrXwpaFt2otowoJoWmNSObvqCWOBCzx5pUY%2B1uA%2FfAa%2FcYcvGCHf9AyUsP4qfpntxX8netwpZzFFoRUfmUzVhCRFVP8boxenrJFnXhjde3qlMyqfaNJKWmHgbsWI89xBqkr4ZA2DP%2BgcVdfHdbsQCbMnwRE19iLGyjKoOEt1U8mb0FSuPIWYk0NOl5Zc%2FDSZFHpkBXzJ%2FfKO4Gt1OZzY7bvqqyNvBN3GDd%2FLVksiZBt0%2Bsn%2B63Gp51wDLKtuEbjf%2BuCenyO%2FHKfSfYeJi3Yu0t%2BEG7WWA0t2F8gt%2FRySbFXSd6VdrsXKiqgxMk4zLxwXUi8Lyug%2FlefMhHztM1uOHZg8rHpp6mDXz4T91yQrf6TmjR8SZ%2F347ZUZ4%2FnqzX4Ko6minIDhVycmnaIRFt4l0mJEYDAVfzqTiSlCaL3BKHT22jPQkFyRg0VSSrd%2BXlARIu71wYoHMw%2BCrRk7%2FjrWR29dEDF8%2F8LTiVW9LJsH2dNVNB6%2FmLMOCs6PclZbMw3lVBp1imb1j0v2jJZcE0pgHKWVfD1bENWNFKoEukzctTaucg0LAqnyY8Z%2BhubGVhxLv7imcSTzU4rsU3hcGLwQp11RnyN4An003wDrJLdy4xY37O9LBypWW2rwBRHz94sOjonmFl%2FHEkX0NN%2BmwKfzeFbahU6Vi6PNUZ5jQw0kwTRxhFyKDPb%2BFnOTIw5tpPEjvycJaADb9PYbEd3ydi66MUHgiyiqvz%2BkGaQkLuGa2CCn7hz7tnznNR7zCNxJNjX3JLkEhhBE8WgWUPmQBS3zdXmjhwCO51cVWxV6kuRD9DMvw%2FliASVhUrI3qG9PLE25edpZjlJAX5Vt2OWGeXHpBrAR44IUsPWKkO1zBx9vjyV10w29dBLGhyZfCRUKveuwWHIhxIOFRdmwter9j5XTZ10pw%2B6DbbGdf0Yg2Cd6yC%2FhF3yhxpjQJnDx6i64Tj3GH6F479JXc4ISmk8m3zU185dDihgv83gotJDkySdbU05Kr7pTtd3JWu7mYgi%2F1QmC5314pdmVj49uFqj7C3Gp51wDLKtu7KI%2BuvyDhwYrDboCmFc4YmgYoE6sOdJcrN1jDXhm2XzT%2FsSdo%2FQxmRff8s51DxAnzcyQJ8Ch9ljFggWSt8nnoXk33tDn4lMpcWgZiMZ97h39ZK7vVS2zSQq%2BBWjMVSEbJoc%2FSBkDpA9KYByllXw9WJww1PStKKojCb9zOsL5Hz5F%2BLRvklwfHoef4mvixmST7BF6vB6EVXY6tXaS9VnsZHfK1%2FOmK8MEpJsjWH5ywtQ%3D%3D&mm_sceneid=1_0_9787276849_0&a=xxc%3Dad_ztc%26mi_id%3D00006cfUkArPbiV4qwg4YCxrto-0ovPDGT2yXN8M6rH-fUk%26skuId%3D6180214098454&id=1011501843092
893695006203,现货SIMONTOYS甄嬛传12分BJD盲盒可动关节玩偶公仔送女生礼物手办,92.95,¥,券后价,tb368129354,KUDOU潮玩,,6000+人付款,福建 泉州,"官方立减15%, 24小时内发, 新品, 退货宝, 包邮, 公益宝贝",出售状态:现货 | 系列类型:联名系列 | 品牌:SIMONTOYS,https://gw.alicdn.com/imgextra/O1CN01onBIQQ27LIVa4Ifqf_!!2206407167780-0-picasso.jpg,//item.taobao.com/item.htm?id=893695006203&ns=1&abbucket=10&xxc=taobaoSearch&mi_id=000021wuf-c3JAkgh3UDKrQbhpHyodB2XRKb5XRZjLSLpXQ&skuId=5909999854025
,,,,,,,,,,,,,
,,,,,,,,,,,,,
960379516127,POPMART泡泡玛特DIMOO心动特调系列盲盒手机挂链玩具礼物,59,¥,,泡泡玛特旗舰店,泡泡玛特旗舰店,回头客20万,9000+人付款,江苏 苏州,"热销爆款, 退货宝",款式类型:隐藏款 | 出售状态:现货 | 品牌:POP MART/泡泡玛特 | 商品状态:全新未拆封,https://g-search1.alicdn.com/img/bao/uploaded/i4/i1/2885348004/O1CN01mFeXBK28ztEUOJLgO_!!4611686018427382436-0-item_pic.jpg,//detail.tmall.com/item.htm?id=960379516127&ns=1&abbucket=10&xxc=taobaoSearch&mi_id=0000XyaPQBYqCC4UQi4IR58MauGLjLhtgkcbmpzIY87UhCw&skuId=5889882357319
955894823303,POPMART泡泡玛特 SKULLPANDA 温度系列手办盲盒玩具礼物,69,¥,,泡泡玛特旗舰店,泡泡玛特旗舰店,回头客20万,2万+人付款,江苏 苏州,退货宝,款式类型:隐藏款 | 出售状态:现货 | 品牌:POP MART/泡泡玛特 | 商品状态:全新未拆封,https://g-search1.alicdn.com/img/bao/uploaded/i4/i3/2885348004/O1CN01MiixzT28ztEUFFd7M_!!4611686018427382436-0-item_pic.jpg,//detail.tmall.com/item.htm?id=955894823303&ns=1&abbucket=10&xxc=taobaoSearch&mi_id=0000W2VdG30Y1IqqDEuyku2s2qCOPZZbv2Iu31QhIB_gDqk&skuId=4910754136844
922977288168,大美术馆 全世界财神到我家盲盒招财发财工位摆件手办生日礼物女,78,¥,,大美术馆旗舰店,大美术馆旗舰店,回头客1万,3000+人付款,广东 东莞,"30天价保, 退货宝, 包邮",款式类型:隐藏款 | 出售状态:现货 | 品牌:BigGallery/大美术馆 | 商品状态:全新未拆封,https://img.alicdn.com/imgextra/jz3_2/2212237844704/O1CN01lEHsXI1kcUCgMTZoA_!!2212237844704-0-alimamacc.jpg,http://click.simba.taobao.com/cc_im?p=%C3%A4%BA%D0&s=1569682125&k=2369&e=zI2fvlh4W00VFO5ttRYxBx43l1uEnzYBif5qLoNW8YsVGVIC92QTPD1QaodQGsqtDr0vQFuN5l5LzCtanVULK%2FEH7lKxR%2Bs1Y%2F277uDS0MjHYqRHEUgbz90bz4wtzE%2BZGhyAvMrPyY5QEn4I8uDmFuvk%2FHQnJ3qzrDETJprbJXtHXA1a8y%2BkhYbka9Me3h1XMD2%2BmsQ2PFpGclA8UP%2B78ulynqF721xPmAfsDrJF6mKNHVdeEs0VYU89PXYQoh9PawK1F03Js99XkmVqMbXeg9jJxpYR4jimxIfm3XiGblpe5WnhcnyeVSeIDxec%2FnZxkretGu6%2FohMDVjUh%2F%2BVz9W9iPM2PG4CcH3zvXlTf6HmMxsbt0eA%2F3wgglaLp2yQqsuEbuOuTzqMFdvek1tl93Q6gxRDouZorA9Yxx4cH9mQylmlhnQwO%2BQlYdIzkqDzSvEXe8Pb9hV8nE%2FhZWw%2BRuJfPDXJESyWCW0PtZPPE08Fl3mor8pAFLKP6byjx4nq3vdQUxti%2Fd4WaNzeF5EDjK8%2F3gyAiKQriG3JaVux7UChqWHSkiiAvGrLpcjMKZYjc%2F65V0FTAuD3k9Ux%2BSbw7U2hSaWPbxizWz4m%2FxYu1zrneCxA49QXA1qmD%2BgJiKYTFeWVW0R24Inui%2Br0rYRnl3t0X6QXTYyA9V9Jvq8qvFQEL6DevRLNjKTB9B6aKELKE1PKpb1mSlnWSJPNmeLufGl9KI1Hd99626x3%2FDn5OJmX%2FUgc4M86lW%2BwoAS0Y77o5wMQ52%2B%2F1Aa3DmL3bAHQv4biPbo1rpITeqBGyFR1torfyyBTkhwIt4ZlHa3%2B4cmmrb4vjPAHcIkRnnMG%2FHXzvchA8k3W98gSkw8ePohjS9OZnGKMezff3SIltIQ6RiqDehNA5qcAY%2BRa3Ae4BEQdlgoUSKr7nG5CZfOZLGvtXQwJsbuRyDdjHlIL4rXbSDoWJONLR%2BHhQYfLdfGWDeHCtNCcMNT0rSiqII7bcHrYrSmTqR2zIkzUsTKp%2FHvkSFtbPp%2FO60LWNPlm4V8m0KeO%2BPDCpUO%2B2xv4EQ0lB%2FZ6kF7w5EpBmJRLSPStz0tjZBimfWGhqcKo1vZcJyIQeWQgFvuQAxXjcvAPoejAuHakP0NLAsqRW0zSbORRv7itgROGeQuNbz5GNF8P%2BqCygV2QXpDYZs1nOW2mRlgr8fw584aP2N5ogL%2BmQZ%2BRbJ9lqaGVdHqz%2B4msv7Rgjj2nKNYrP7S%2BtdjWDFX0a00iwwkzd4tLNV%2BJFqoQj6EEGyCtRlwnq3cY5JvP4IUM2lLD57SpjCrqTvgg%2F0Z2U02%2B5WfX%2Fy8U1T20AE%2BPreOCzJ%2FTd9f2pJS3%2F4Knr4%2BNtXc%2FSScPzA2Bjk9faM2xVjBCD2HlpdUoFK2ztfX4%2BHbnKhkgAvonoRdbFMzkVNgznqJP5OMklRyXzCJrM4NYem19TmPmv75Opg%2FoCYimExRWkm4wjNvwyfpdRquavPdLc1nN3V8KgrmNeZETdb%2Fm82fD%2B1%2FGp9uaISh60vDWZj%2B%2FzMY7QT80rDa%2B%2FgfDQ85%2BeeBQbHC1ZiPaHKgZRu%2FS9rsyBExwYeOUl29TSjJ9GRXLtAi%2BC2sPv0muMwwt0pLknYwUZXtiI1M2YohKuaqCQ9Df8J2Up0%2FqZvKCbGcHmhAG44H%2FmWwhRAqcRUoC5kBD0N%2FwnZSnT%2BitLRagf%2BA7oLwQp11RnyN4An003wDrJLdy4xY37O9LBypWW2rwBRHz94sOjonmFl%2FHEkX0NN%2BmwDR0xrdVJWSWW2TMCpmAohEkwTRxhFyKDPb%2BFnOTIw5ur%2B67pHuK0d6H7b6jbf4rJUAzS0aTtt%2F%2FLPuylm%2FBoxNmDrXISjnihKFwsZ6ZJHd5WOWF1wgi%2FKAXOWsH3iXZ2ug3R%2F7lA%2FzAogTjCMGC%2B%2FNU%2FfUx%2B7wsdqxRNvriJ2Ru5WtF8Wu1FB127zqLpvAGLXS85KtThg9KUYvAv%2F9okqh%2BD9K0hLmmtBwMVXCtlc7Wse%2FC%2Fo0SN8dfd0%2F9cBK9%2Fhev7cqIlwpX9WHm7Vzp3hXgkOdVBLGvW7A0oo4bfzDig1Dn8h0SV%2FUXWxTM5FTYMqgqdhfBk6GbJbPX%2BET2Nur47ovxi11FuxxlhzdMXtMHRv7M2sqBnB5K%2B%2Bwk8pRCAuxU8uVEQKg6Kw26AphXOGJoGKBOrDnSXKzdYw14Ztl80%2F7EnaP0MZkX3%2FLOdQ8QJ83MkCfAofZbCLfy6o6Pd6TS67YBV5ekjW%2BrdBOj3MzXYweabxADq57LpcjMKZYjc8hObCLZZkAX69SeuhTI7vP8j%2FLnIOYA0qYP6AmIphMU%2BHjpK72YDAO6o7VEzw7qv2P1FM11J0d12l5LMJ5lTpfPJM%2F83CPhx&mm_sceneid=1_0_1961980074_0&a=xxc%3Dad_ztc%26mi_id%3D0000AnfJMFePpW_QUqd2kcoYC53l5p5pCG6YvepnuSFOEF4%26skuId%3D5847343418307&id=922977288168
954882832152,第五人格拼装工坊真理之下主题盲盒潮玩公仔手办摆件玩具礼物周边,50,¥,,tb4450709360,正版动漫玩具批发店,回头客4万,3000+人付款,安徽 滁州,包邮,出售状态:现货 | 品牌:GOLDLOK,https://g-search3.alicdn.com/img/bao/uploaded/i4/i1/2214008116167/O1CN01sWaUzZ1vQXbqX37Qh_!!2214008116167.jpg,//item.taobao.com/item.htm?id=954882832152&ns=1&abbucket=10&xxc=taobaoSearch&mi_id=0000HUeThUG3P5GbohFC3olEv-3gZ3glaqrnSOy2oTg4ozw&skuId=6017250023333
839644635013,初音未来手办盲盒摆件生日礼物玩偶周边娃娃送女孩女生新年礼物,55,¥,券后价,蓝渔小镇少女与猫,啵啵啦童心城堡,,600+人付款,河北 石家庄,"官方立减12%, 退货宝, 包邮",出售状态:现货 | 适用年龄:6周岁以上 | 款式:静态,https://g-search2.alicdn.com/img/bao/uploaded/i4/i3/2212788848622/O1CN01549zqv2DYvwSUKY91_!!2212788848622.jpg,//item.taobao.com/item.htm?id=839644635013&ns=1&abbucket=10&xxc=taobaoSearch&mi_id=0000Is3CD5UfhXStn3NajEGj7SxncgHqgJY1-xnsBUxXVAs&skuId=5771730694467
843595809966,正版幽灵Keeno二代神秘宝物系列盲盒女孩礼物新款潮玩摆件公仔,60,¥,券后价,w520王昌展cz,潮酷盲盒 Trendy BOX,5年老店,1000+人付款,上海," 3期, 店铺满39减10, 48小时内发, 包邮",出售状态:现货 | 品牌:OUOGRAVITATION,https://g-search3.alicdn.com/img/bao/uploaded/i4/i2/753141525/O1CN01hJo7Kg1N8V2n91h7D_!!4611686018427381525-0-item_pic.jpg,//item.taobao.com/item.htm?id=843595809966&ns=1&abbucket=10&xxc=taobaoSearch&mi_id=0000IZxggOyenItlruPK0GXmGGsh_6De8u5slKDNMRYH5bo&skuId=5620480481518
962956900314,"PLZDOT官方插画小人""好运来""MINI盲盒公仔打工人桌面摆件抽象礼物",39,¥,,plzdot旗舰店,PLZDOT旗舰店,,3000+人付款,广东 东莞,淘金币抵1.1元,款式类型:隐藏款 | 出售状态:现货 | 品牌:Plzdot,https://g-search2.alicdn.com/img/bao/uploaded/i4/i2/2218599385996/O1CN01C3mbqa1uADtHApydj_!!4611686018427382668-0-item_pic.jpg,//detail.tmall.com/item.htm?id=962956900314&ns=1&abbucket=10&xxc=taobaoSearch&mi_id=00007ppf2XddW8_iiXJdpUi0jRw8ZUS2WrK4MHxemnubjNU&skuId=5895868528945
745205516644,手办定制盲盒公仔PVC卡通摆件钥匙扣企业吉祥物树脂玩偶玩具定做,10,¥,,tb4914932656,深源礼品定制,,36人付款,广东 东莞,公益宝贝,,http://g.search.alicdn.com/img/i4/5157336262/O1CN01QAWLg41w83B1HMuYa_!!4611686018427385030-2-saturn_solar.png,http://click.simba.taobao.com/cc_im?p=%C3%A4%BA%D0&s=1569682125&k=2189&e=9oFECK5kRgcVFO5ttRYxBx43l1uEnzYBif5qLoNW8YsVGVIC92QTPD1QaodQGsqtDr0vQFuN5l7KA%2BasYG1ScIYFPxrrijc72CFzleXUxYLHYqRHEUgbz90bz4wtzE%2BZGhyAvMrPyY5QEn4I8uDmFuvk%2FHQnJ3qzrDETJprbJXtHXA1a8y%2BkhYbka9Me3h1XMD2%2BmsQ2PFpGclA8UP%2B78ulynqF721xPmAfsDrJF6mKNHVdeEs0VYU89PXYQoh9PawK1F03Js99XkmVqMbXeg9jJxpYR4jimxIfm3XiGblpe5WnhcnyeVSeIDxec%2FnZxkretGu6%2FohMDVjUh%2F%2BVz9W9iPM2PG4CcH3zvXlTf6HmMxsbt0eA%2F3wgglaLp2yQqsuEbuOuTzqMFdvek1tl93Q6gxRDouZorA9Yxx4cH9mQylmlhnQwO%2BQlYdIzkqDzSvEXe8Pb9hV8nE%2FhZWw%2BRuMGwR2N53HC4WEJ%2F0VHLaGYDCq2uvfyOvklD1M88rRPz4ZdZUh3O9uMON67gi70jI%2FdKOJp5MOaRar0Wyb6ieQLi1sLM8H%2F9yEyzTPMz4wqH%2F4fIdv4VL%2B2PR6dw4u1zSceHHciuSAaVI9S%2FEauKtqzXK1A%2F9DQxLbhMoeeuN5Y%2B6s3TetSfyuOq4wEgxakFVwHmWpKyF49021k3YUqTraySJPNmeLufGuFHl%2FJStotuDjNbV7H4d5tbvXIz4397lE8sd4d%2FAXN%2FUf1HG1kRhoDh%2B27tIgK9F%2Bdxbd2UpXut6dHUINE%2Fsqt1fSvZBBRUey6RJH5yKIPmwC%2BFYpGqcIi3NHe9ZmJ4RSK%2F0nXjtjHMLpEkfnIog%2BYINp6HBSjCZfOq7%2F3lrjwvyliATgT2QRXjvzFo0ymcdH5nDQHBaXcyMIUDGRcuO347cM3FbSfgkFcMdB5k2VtX%2Fm%2Fiq75QESC2Q%2Bg4D%2Ftj1bUETFKBECRsaFpp7EoSa0s9UIzHZcn3pUWLPuK%2BXBb3kBQvlDoly2lnYYubXFWxnJO0z0eC7RDFAo1sMoa4xWGzF4ixuZj9MPk%2FbMr9goRiVy207bupGpbWzx7dvV%2FM4UEMYBPmA%2F57iOOFNaL2CB99T2%2BxfyVVvaHUked5XxJTwnsEGdkB5JW6TG52I%2FSeLtIKzhWrOMJTxq%2F3sUrVXRLOt1yk08BdMR9kphzciPCXF8X39jAvDL7TSLDCTN3i0pzJRl%2FxvJ39a09qQiZTJtox5m7AF%2Bdkf7qTvgg%2F0Z2UFTmBRZ%2BgtMW4TKHnrjeWPurN03rUn8rjquMBIMWpBVcB5lqSshePdIcFWyK27j8KT%2BZ1lIjdWpM0WUw2mk7H%2FPd9quLwI7R%2FADo5ENVOfxuP9itjss9%2Fv5jvF9GwOu%2FiAU17uLHHvmIB1zo5tUkUeKKlte6EexfX5ltzVjxdQCUMR27u4%2B35zThLGC0nMnCr01daEBwT3pbNzTIxh4DvRcZQYvQyd%2BrImBDPE7txZqoBqTHTEKJep1kHSWfRyLLoxDVjRSqBLpM3LU2rnINCwCFXeazezrufWQdJZ9HIsugtw2w08tqX5iwzH11%2BCYTsgyza%2Fk4HGAkLoI0%2FnHZCml8dPbnXy0Hakp%2FMZGL4rpgTZH9PvZyQ6OoSoS1ICmuwgQVH4ZW2x%2FzhEptWSeE4lZIfqhE%2Bij%2B4SaGkKRs9pha9HoxdVx8w9QxG0t4vzfQ2TGLJcBLCEo0iAtVQWe6J70bMNz2cxBFRhfSvEtAnGJ1eR6JvCQ9UoiYHqPm14t%2BWkkxWluvLo70Pf%2BdV%2BJ2VcssTbl52lmOUkBflW3Y5YZ6wctSn07SVMiw9YqQ7XMHH2%2BPJXXTDb10EsaHJl8JFQq967BYciHEg4VF2bC16v2PldNnXSnD7oNtsZ1%2FRiDYJ3rIL%2BEXfKHGmNAmcPHqLrhOPcYfoXjv06dHUINE%2FsqvaOW7hiI%2FLzi6RJH5yKIPmVhOPCobDbePThKLAuKOB9fvFCg%2FQYrFIzd3qrQVqNK02e%2FEpKE8DuCo52%2BCUv21VNTsnXqaN3E7KQKFte1bmSc7m4DetSP7h%2FO2I3C38q25ImJJ5wnhSbts6wLZz%2B%2FrUH1TXk99tDnezn%2FSSk1RgZLUETFKBECRs00F4yuWIsyX0nmBxzTueov1EoVLv6%2BCzsHoNjRX4WxH%2FfjtlRnj%2BerNfgqjqaKcgbFier%2BrIWus%3D&mm_sceneid=6_0_5157336262_0&a=xxc%3Dad_ztc%26mi_id%3D0000UzdYDgl-VUwE4D3FPtkMcx6Dl70gaULtwdm-vtmhoaI%26skuId%3D5789979483490&id=745205516644
1002561816730,POPMART星星人怦然心动系列手办礼物可爱情侣盲盒,65,¥,,吻yun,FASHION大玩家,,300+人付款,广东 广州,包邮,出售状态:现货 | 系列类型:联名系列,https://g-search2.alicdn.com/img/bao/uploaded/i4/i4/630048486/O1CN01mmw1Lo2CYe8LgtBfz_!!630048486.png,//item.taobao.com/item.htm?id=1002561816730&ns=1&abbucket=10&xxc=taobaoSearch&mi_id=0000_byQqV7l78j7iQ1jyaegiqBD-UPrTESuKMCRotZjTIw&skuId=6023287804568
866659838644,POPMART泡泡玛特《哪吒之魔童闹海》天生羁绊系列手办盲盒,69,¥,,泡泡玛特旗舰店,泡泡玛特旗舰店,回头客20万,9万+人付款,广东 惠州,退货宝,款式类型:隐藏款 | 出售状态:现货 | 品牌:POP MART/泡泡玛特 | 商品状态:全新未拆封,https://g-search2.alicdn.com/img/bao/uploaded/i4/i3/2885348004/O1CN01Evo1LQ28ztEUfRGqY_!!4611686018427382436-0-item_pic.jpg,//detail.tmall.com/item.htm?id=866659838644&ns=1&abbucket=10&xxc=taobaoSearch&mi_id=0000zFQawZb8zy_CIY-YvlkHAo6BLsDWrI5PIRMXVsyTFyg&skuId=5888131290764
815109354910,POPMART泡泡玛特KUBO呼吸感应系列手办盲盒可爱玩具礼物摆件手办,29,¥,券后价,有鱼狠幸福,潮玩大玩家,回头客6万,1000+人付款,广东 佛山,"48小时内发, 包邮",出售状态:现货 | 系列类型:联名系列 | 品牌:POP MART/泡泡玛特,https://g-search3.alicdn.com/img/bao/uploaded/i4/i4/3465404515/O1CN01CHlXxO1jDvD7B9BsQ_!!3465404515.jpg,//item.taobao.com/item.htm?id=815109354910&ns=1&abbucket=10&xxc=taobaoSearch&mi_id=0000yXXIUsANdTZexSjUv5927kXZE17CpzDxfPGed31ntwQ&skuId=5510542872713
805639157017,DODOSUGAR nami浮游山海潮玩盲盒桌面摆件网红爆款盲盒礼物女生,56.7,¥,首单价,dodosugar潮玩旗舰店,DODOSUGAR潮玩旗舰店,回头客2万,5000+人付款,浙江 丽水,"官方立减12%, 直降4元, 热销爆款,  6期, 退货宝, 包邮",款式类型:端盒 | 出售状态:现货 | 品牌:DODO SUGAR,http://g.search3.alicdn.com/img/i3/5433277087/O1CN01tGpdkq22DtwkVghwD_!!4611686018427386527-0-saturn_solar.jpg,http://click.simba.taobao.com/cc_im?p=%C3%A4%BA%D0&s=1569682125&k=2489&e=kuiJrQ%2Bodm8VFO5ttRYxBx43l1uEnzYBif5qLoNW8YsVGVIC92QTPD1QaodQGsqtDr0vQFuN5l6B15o302POO3VKo9Hi1Qqs6hjHl4Ojs%2F2CMxHlgo0KXt0bz4wtzE%2BZGhyAvMrPyY5QEn4I8uDmFuvk%2FHQnJ3qzrDETJprbJXtHXA1a8y%2BkhYbka9Me3h1XMD2%2BmsQ2PFpGclA8UP%2B78ulynqF721xPmAfsDrJF6mKNHVdeEs0VYU89PXYQoh9PawK1F03Js99XkmVqMbXeg9jJxpYR4jimxIfm3XiGblpe5WnhcnyeVSeIDxec%2FnZxkretGu6%2FohMDVjUh%2F%2BVz9W9iPM2PG4CcH3zvXlTf6HmMxsbt0eA%2F3wgglaLp2yQqsuEbuOuTzqMFdvek1tl93Q6gxRDouZorA9Yxx4cH9mQylmlhnQwO%2BQlYdIzkqDzSvEXe8Pb9hV8nE%2FhZWw%2BRuMbdMGC9Sc9MvdQUxti%2Fd4WaNzeF5EDjK8%2F3gyAiKQriG3JaVux7UChqWHSkiiAvGh1WLEtbV6JAmW8Ee2oJLZC%2F6AJ4fDYEsZ73gSlbVItiE4GoglH2yJsxvKaisy7RmMKXvlaYAId8OqaJGLX%2B7q9hkcxybNkiYiiEGBcPqxZKQ3dc888MWgegQrj4ur1mvNrUPEbrTpdjgmPoQYMD4xGSJPNmeLufGl9KI1Hd99626x3%2FDn5OJmX%2FUgc4M86lW%2BwoAS0Y77o5wMQ52%2B%2F1Aa2MwLugLfHirTfyuhClzmUoFSfU1E2WkQ4TzZyXUhFDUDurlBWtYj%2F8j%2FAFc2vJUbSTrfccu1vGGCBWTW67BknhkQvsl8fmZLYvMJPYBCj6O7JMOZ2ak28W0ETZOtDm9hal8SbOH8imzxBiZp0xSgIyaUlLRopITLjP0dW6oA9TLKwAIoHEVPhXuL4thfBE61u0%2FF2dEoE1vhQDBGckMDFof3uN6SHyuKRLL2477vFtKRpYiVC0c3Ueu24vWU80XwagQrj4ur1mvPJ6qbbESRI0hg7GnxqfEDzfv5vhRBYPKtNZUkNHsOD2cj6rRI%2BgaQ5Zbddc9U1lE6N1GV70vCTtsptLIZVtMv02KhMoIeQhqhH5wD3paqRNvEp5MKvlIPFlj2sQkRdpxsA8cBsIrwAeHaZpxy1yZLBONkjSS1jFYcOF1iQmJ%2FYnc5ulwqSsZLpAakY2rfA8eorfzBja%2FkhuKUjWE7E0PXDJSMB0CHkT6qhdJwu28fjoUI4wpUWiblU78Z6tv4phgLgTYKvqGT%2Boxep9sjk0M9ythOXLQcno1eYV2JDml%2FN%2BGiiwnzPAHJFtGJBLwnEpuk1CKaK0xL5r4HKlE0IiUgtZX%2FhT809ncEAykxuGwCBFgsqELp6ZyKNMgXFtwtebtuGbM5aKkWzTGoTbEDK%2Ff71cBvMrFOQ5n7RroQdaiUkqFxQpMQ120ug3CHOkrEtv230ZOdK2HagIdFLtweDzNB1b5SZV1BI2tGcg%2FESw6wXpvUhohsdC232y7jsKSnTTPYlDM6IjjYIoQk3c2vTd2m94gU8w4BgKWCP8Q%2BN4jA%2FoZ5W%2Fgpvpou5NOtHQsWlx2kwD7wX0asaDcSBiXKHDtnq4iWMWO1MXKB1WLEtbV6JAIvVY%2BEzoSYy56115lLXlehgHophySlJvHVYsS1tXokB6Y%2FZiRGUKud0bz4wtzE%2BZeJ5E3Y7jkjJclIGYxSk1%2BHUQA1SmBT95gOktyJuJkV5vVqJsGYBjAKNesqvmIDpxUYh%2B3rGk6bh0z%2B%2Fs2xWevT1Pee4%2FPq5G%2FUEEjFKXfe6W1mPbAsONA2zfARKiBTwXsOJbYlAvW1y%2FML1jRGiLWpXd5QaEoGNRvCAoIitpkoTcjir6SUzev4J4NW4qHuqXodYhv%2BJwtLq4f3CkW1gpNkENyvO3XJkbdXQ0BVDJVyen4%2Bi3LguSrChw6eD%2BGMiyUYh%2B3rGk6bgkoJV1CSfdOBI%2FrW0HCyNJG6dHGjG2NiHBw4%2FhGj%2FmADd5WiK1YgJ8BwDJVepsNsM6jCUK5qj8knh%2F3HiIH%2BH%2BEzqIk1lwrXEFUAVYyHbPcaCNw%2BwvZAqPvEP6%2BfFaPvtvWn8KMV6yvycWDLdYo2xqm%2FMcBQ7T%2BSUYRnyFqdZMuEKnq%2ByXp4vutqBFUnVbgTzIdZn0tMXxOjintL4GesfelSG8C%2Fag3iZnVnpp8xtrSdSCBURj77tZU57HcTx%2B4UBfvNflkPStrm8H3ewBbeBOp7QylKrjGCPUyWFQzvaGwLNNAcVGzK89%2FZugN5cNKyrer6WwILFE3OtAfqIDEFI8yh3iRfdDAMDwZHj1IPwizgqd367N9%2FsuqaEY6fv%2Fh29mtggp%2B4c%2B7WUkedehFSBQ6KEEzefNyHodVixLW1eiQO9%2Bs2LiI61dLvzwMqBZOmGtmk4i2zHMFsKXvlaYAId8tmCgy%2FAf7U7uqO1RM8O6r9j9RTNdSdHddpeSzCeZU6XzyTP%2FNwj4cQ%3D%3D&mm_sceneid=0_0_5433277087_0&a=xxc%3Dad_ztc%26mi_id%3D0000bIDfzY8Vi7hbl04ldFdWaKR7K64Zn3PkunL4-S4O94c%26skuId%3D5478432428557&id=805639157017
986633245113,"[新年礼物]PLZDOT官方爱宠大机密""小白的生活""盲盒兔老大玩偶公仔",69,¥,首单价,plzdot旗舰店,PLZDOT旗舰店,,2000+人付款,广东 东莞,"官方立减12%, 直降6元, 淘金币已抵2.07元, 包邮",出售状态:现货 | 品牌:Plzdot,https://g-search3.alicdn.com/img/bao/uploaded/i4/i4/2218599385996/O1CN015LDNUL1uADuKwY8ry_!!4611686018427382668-0-item_pic.jpg,//detail.tmall.com/item.htm?id=986633245113&ns=1&abbucket=10&xxc=taobaoSearch&mi_id=0000K7qyrvOvxTho2-I2mPQd1VrLiNWnzHb04A7bIZzvBIM&skuId=6114768634317
958741502022,52TOYS迪士尼史迪奇暖粉盲盒史迪仔手办摆件潮玩玩具摆件新年礼物,69,¥,券后价,52toys旗舰店,52TOYS旗舰店,回头客6万,4000+人付款,浙江 湖州,"官方立减9元, 包邮",出售状态:现货 | 品牌:52TOYS | 商品状态:全新未拆封,https://g-search1.alicdn.com/img/bao/uploaded/i4/i3/3951599478/O1CN017tJYBq2Jsz1kklvVl-3951599478.jpg,//detail.tmall.com/item.htm?id=958741502022&ns=1&abbucket=10&xxc=taobaoSearch&mi_id=000061lZY7Hgeicq7Qy8IjtIhAX8SK6BpwIhrbR31QchStU&skuId=5930710504616
,,,,,,,,,,,,,
993798125151,新品正版线条小狗Maltese魔法探险队盲盒手办公仔玩偶生日礼物女,89,¥,券后价,趣益雅旗舰店,趣益雅旗舰店,11年老店,100+人付款,广东 中山,"官方立减12%,  3期, 退货宝, 包邮",款式类型:端盒 | 出售状态:现货 | 系列类型:联名系列 | 品牌:iiE CREATE/趣益雅,https://g-search3.alicdn.com/img/bao/uploaded/i4/i4/2098719844/O1CN01vhaU9k2Mabz0Lucfm_!!4611686018427382884-0-item_pic.jpg,//detail.tmall.com/item.htm?id=993798125151&ns=1&abbucket=10&xxc=taobaoSearch&mi_id=0000_MSnhQkZO1-TCzuHiGKU5Ul8oclhXYw8FZ_NPGAOUmk&skuId=5969476945484
1009616774530,现货正版未启之扉小钥匙设定集可动人偶12分BJD盲盒手办娃娃潮玩,95,¥,券后价,潇洒放羊娃,壹间潮玩商城,,200+人付款,广东 广州," 3期, 店铺满15减10, 48小时内发, 包邮",款式类型:端盒 | 出售状态:现货 | 系列类型:联名系列,https://g-search1.alicdn.com/img/bao/uploaded/i4/i1/2113121802/O1CN01biBs5H1PBMpQM99kQ_!!2113121802.jpg,//item.taobao.com/item.htm?id=1009616774530&ns=1&abbucket=10&xxc=taobaoSearch&mi_id=00008uLQ8kSGx0v5K-4nQw1Rvj_8_F0qkmGyoj9Qw7gliPg&skuId=6011453249850
750727692205,pvc盲盒公仔手办定制树脂摆件钥匙扣挂件订制潮卡通玩具来图定做,10,¥,,tb414848063066,致汇玩具定制,,82人付款,广东 东莞,公益宝贝,出售状态:定制 | 款式特点:静态 | 商品状态:预售,http://g.search1.alicdn.com/img/i1/5284505594/O1CN01AFYyW21rC6akp2j9Y_!!2-saturn_solar.png,http://click.simba.taobao.com/cc_im?p=%C3%A4%BA%D0&s=1569682125&k=2177&e=aIY1o59UFnMVFO5ttRYxBx43l1uEnzYBif5qLoNW8YsVGVIC92QTPD1QaodQGsqtDr0vQFuN5l4wBBBQTmZQiLnNJV9M5nkiJRg07qnBMj6CMxHlgo0KXt0bz4wtzE%2BZGhyAvMrPyY5QEn4I8uDmFuvk%2FHQnJ3qzrDETJprbJXtHXA1a8y%2BkhYbka9Me3h1XMD2%2BmsQ2PFpGclA8UP%2B78ulynqF721xPmAfsDrJF6mKNHVdeEs0VYU89PXYQoh9PawK1F03Js99XkmVqMbXeg9jJxpYR4jimxIfm3XiGblpe5WnhcnyeVSeIDxec%2FnZxkretGu6%2FohMDVjUh%2F%2BVz9W9iPM2PG4CcH3zvXlTf6HmMxsbt0eA%2F3wgglaLp2yQqsuEbuOuTzqMFdvek1tl93Q6gxRDouZorA9Yxx4cH9mQylmlhnQwO%2BQlYdIzkqDzSvEXe8Pb9hV8nE%2FhZWw%2BRuMbdMGC9Sc9MvdQUxti%2Fd4WaNzeF5EDjK8%2F3gyAiKQriG3JaVux7UCiMPE5PnNCs5Iudmtmr%2F9XNcX4oItNRCmf%2FefBikhUK9N%2B9FPbmB8wo3nV4QHKc1Ox38nD4Lir31g5DyhSxEQqgJycWKvgsU7RYHH6kxD%2F4wp52K%2Bb3w%2Bv8Gu6n9kLaY0cQDaXKMSY9mYsapbjLjjQusrvKh8VRf4hC4r3DKL3THtkwrlqBdgFifLI0tds5INZyPRrku95ARkbRPBLtkB8LtE9H6TV0%2F20dDbx%2F3Yfmqo%2B5JbenOxstbD260XLsuXoK%2FPxoJjskqg2E4EOtNn1vdA1m%2F21HLbnits%2BHNDqjQAr8%2FGgmOySqhZPQWB5ZHiGTAMjQDTNgiyhzUBKLE8oqDW3uEC8NDk4whQMZFy47fqFBwY09em2wkSc7yjLPXyAHkCjJ17GNXws68hvzafiXktztpX8qjXg631WRlGlsEh%2F9iUhlVgkg4tVFnwf4jICvklLu8GVByythqXIoLgst%2FPFJUKgHxAZg5smBLcq8d16js5rrt3fWL5h4m9v%2BrFe4ryUMvoTB8frN4mmlgDrkH4rUhfAYHLkwPdXGYz0gbKE8GpPL4VhHmMkXE9BC%2B%2FWtrqWEtGBxoDnSFYlCeMURbxwFG5NkkwDeOHj5x3I7tkLVKSUaJnGGuASmvfPcSMRhbW28lWbDASDre7LwT1IBKUjWE7E0PXCyryESVg2vsQVxAbv%2B2T%2ByPx5yvo%2BpGoW4E2Cr6hk%2FqNKh%2FJlKssxWWBx%2BpMQ%2F%2BMKedivm98Pr%2FBrup%2FZC2mNHEA2lyjEmPZmLGqW4y440Lq265mOeqGbBFh5Ey8LyhRRGOK0BKRlAoHitraAlEXoT%2FER1%2BXnef8UkmxV0nelXa7FyoqoMTJOM8ujlrVl0Zd5nWi0RKqo%2FZuYa8g41wVYtgdXjE3ksEMd10ljwc%2FszXT07SUc6l39%2Bpkf%2FaDdWb2bs%2FTp3CKXm2gwHCvn9Jurx6AlMWulnXDZXtSIz2L%2BHj2YBDmChuq%2FjPw0mRR6ZAV%2FKKtGCnNkEP1e1IjPYv4eP%2BQPgkPIYUtyKLpxtMuKJwnzvuTni9XfYiewEvOldp31RNWZR%2F8QdkZj7XvwCVZejofFiJ%2FGWoYcYZh4jLilQiijVRECqDH2pXZuFNZ9G9B8gRKWTvUk%2FY2oi50fub2oKltZj2wLDjQPxNvNnJ25EgtvGvzrJh8d1%2B0fjE%2FUasmEnzDql9LKwQZn%2FgqkCNjepRBlAZ7AAZZnw4cC5zTXZndeMaH4HzRks1mRrGYOJ%2B5irFE2%2BuInZG7la0Xxa7UUHvgB6jQz8gJZdLzkq1OGD0vSKajKn5e%2Bwb1p%2FCjFesr8nFgy3WKNsapvzHAUO0%2FklGEZ8hanWTLhCp6vsl6eL7ragRVJ1W4E8yHWZ9LTF8To4p7S%2BBnrH3uUcJR5ZMRmqmqFE%2FXoTC6YK%2FPxoJjskqn4ABsTozd2qb62Jet8f7IIcvbhQFc3Lbqrzu1DflP8NWDZNuzhTOdhQUMOXis0WjkZCcLdnJifiwJ3ypkNp8dCJUYdfplKien5nDQHBaXcyYkcuc2B07bhik7Z3AIvzM1COZ0brDI9TWzY48R2nNGk631WRlGlsEs9yqF8e%2Fei1HxAQ41Wr2z%2BIfeiDyLUGPnePcBPO2Bo5%2FJjMXLvsl3%2Fc1nN3V8KgrvSVz407pJQH&mm_sceneid=6_0_5284505594_0&a=xxc%3Dad_ztc%26mi_id%3D0000ENidByfrdQOyTkWpxQM4TaDmHZwHg6cKTGRmRVyFTic%26skuId%3D5595617452318&id=750727692205
985607017826,礼物二十四节气盲盒春生夏长手秋收冬藏系列娃娃手办整套立冬收藏,28.35,¥,券后价,天天特卖工厂店,天天特卖工厂,买过的店,500+人付款,福建 泉州,"淘金币抵0.4元, 退货宝, 淘工厂, 包邮",款式类型:端盒 | 出售状态:现货,https://gw.alicdn.com/imgextra/O1CN01TlD63d2LY27gUauTb_!!3937219703-0-C2M.jpg,//detail.tmall.com/item.htm?id=985607017826&ns=1&abbucket=10&xxc=taobaoSearch&mi_id=0000e2nQAtPLmqxzOzGfQwKp_M-a1l2HqcWmBP7o18OEGUg&skuId=6112876946175
957822752272,猫猫水晶盲盒PAL原石办公桌面摆件汽车装饰卡通可爱生日礼物新年,11.8,¥,券后价,心li有你,心li有你,8年老店,1万+人付款,山东 济南,"淘金币抵0.3元, 退货宝, 48小时内发, 包邮",主体材质:猫 | 表面工艺:半手工,https://g-search1.alicdn.com/img/bao/uploaded/i4/i4/3166653032/O1CN01tLInHf1YGhvBmlWL6_!!3166653032.jpg,//item.taobao.com/item.htm?id=957822752272&ns=1&abbucket=10&xxc=taobaoSearch&mi_id=0000Znl5787qVh-SyG5WxOnKDkl0qmr-U0Ymu0N-vVESd0g&skuId=5946854807250
1015664168720,正版TOPTOY三丽鸥家族招财猫系列毛绒挂饰盲盒摆件手办礼物公仔,61,¥,券后价,喔喔城堡,AWM星球趣玩,,100+人付款,广东 广州,"店铺满11减10, 48小时内发, 包邮",款式类型:端盒 | 出售状态:现货 | 系列类型:联名系列 | 品牌:TOPTOY（玩具）,https://gw.alicdn.com/imgextra/O1CN01ouNvCG1nkg90Xrpae_!!4088555128-0-picasso.jpg,//item.taobao.com/item.htm?id=1015664168720&ns=1&abbucket=10&xxc=taobaoSearch&mi_id=0000yVRkSIAq7eVCo3GVen_4mmR2_XxxoM3H7KCn5HduFwo&skuId=6185237735067
975467625400,寻年Hello Kitty凯蒂猫三丽鸥盲盒摆件公仔玩偶女生儿童手办礼物,121,¥,券后价,寻年旗舰店,寻年旗舰店,,53人付款,浙江 丽水,"超级立减10%, 包邮",,http://g.search2.alicdn.com/img/i2/4669204286/O1CN01lPIP791hX2e5MXwe4_!!4611686018427381566-0-saturn_solar.jpg,http://click.simba.taobao.com/cc_im?p=%C3%A4%BA%D0&s=1569682125&k=2393&e=aVT5GuczHXYVFO5ttRYxBx43l1uEnzYBif5qLoNW8YsVGVIC92QTPD1QaodQGsqtDr0vQFuN5l7csA7rtBalWJQeZt5hMBPOlx1QquVCmhaCMxHlgo0KXt0bz4wtzE%2BZGhyAvMrPyY5QEn4I8uDmFuvk%2FHQnJ3qzrDETJprbJXtHXA1a8y%2BkhYbka9Me3h1XMD2%2BmsQ2PFpGclA8UP%2B78ulynqF721xPmAfsDrJF6mKNHVdeEs0VYU89PXYQoh9PawK1F03Js99XkmVqMbXeg9jJxpYR4jimxIfm3XiGblpe5WnhcnyeVSeIDxec%2FnZxkretGu6%2FohMDVjUh%2F%2BVz9W9iPM2PG4CcH3zvXlTf6HmMxsbt0eA%2F3wgglaLp2yQqsuEbuOuTzqMFdvek1tl93Q6gxRDouZorA9Yxx4cH9mQylmlhnQwO%2BQlYdIzkqDzSvEXe8Pb9hV8nE%2FhZWw%2BRuMbdMGC9Sc9MvdQUxti%2Fd4WaNzeF5EDjK8%2F3gyAiKQriG3JaVux7UCgs%2B6WbTT7E2mXRdc4f7hxul6FM0QMbspyYZWFHJdYNsnFDBrpfawAWjLgB6u7fPYQtTum%2BJ893V%2Bn5SVV5x7gGLOtBBdWgFMVXRF%2BN7Lm%2FTKbL9WL8omurJjj4W%2B%2B3aDasHESpjeYSqF9UDkp95d6IaZQPAYu9raKSJPNmeLufGl9KI1Hd99626x3%2FDn5OJmX%2FUgc4M86lW%2BwoAS0Y77o5wMQ52%2B%2F1Aa2TTGi6NuNUxazL6OVpYkKQ9gDDT9uPvX1yNAKGZLF6WT%2F2gmA0zkeCcCawx7QtcRU%2BNToj8Xd9tIzMZdj68W7y7ss88wXpkkgES5X39KyUQVNR4IH5sO7U60B%2BogMQUjzKHeJF90MAwPBkePUg%2FCLOCp3frs33%2By6lXtbv4jolKma2CCn7hz7tupA6u2ZDgsOn4%2Bi3LguSrJxWh27HcCLUhO0LFUq9zxsJtr1UTvxbR6npW5zqhJ%2Fyw2lUDGr%2FnbY2v2esKbDHX6V4W1fIHt2RtKm9D%2FMmxjMdfzB47l0Z4xtvwJBSVVJj8Oo5dNpwqgYbQpTF70gDZaPKSgsIe3XQXDntEKh%2FFzjQor4luvb9ms4nbVOTTbD%2BfBsq7YF4LpXQ1zGwn77nnRGB9Zx8PY4PSLQShM85GKfYj%2BMECtjHf03zrbDVKg9lJThSeBegyHUZPUXPAkXd9LwiVBWvC%2Fstp13%2BNmvVXQ9ng7o%2B7tMYN1U3NWHvBaLII2u8w3TNV%2FimU52skD0mj9uZcTWPUe3hUQqTWNsUpk1Oe7PIAiZlwF0l6XTAgRAmVaJME%2BOIEoHiHciWhRouFDXRSfNQQHrktHy4jWEzLkJFB7a2cH1PxT0DBXPNc5vkqso16fjaObrke8gHdt9Lr4GDE4sG8KPzIFADHf0yQ9VxQwa6X2sAFs6coFGatGblQUmeBycuAsg%2BqfOcNfQrzeOFLikCvqQ%2BHfK1%2FOmK8MGU24KQSjHa5bnM5JNYP85B%2ByrkcBFyTm7xlZRg4zS935cpd%2B1wtx%2BIaDInW87ybujURyP2IwnBOnO2LxGNkvCk%2FzxjKDoqE%2F6sXDnGCXWKbfAnwsY1VI%2BtLDoNllj6JKOMAwab6QIU2sliPTuw5KytIuGfpulM2oo%2FDSZFHpkBXxwSSg%2B6R9FpyWI9O7DkrK0UdiPD54Su3IounG0y4onCfO%2B5OeL1d9iJ7AS86V2nfVE1ZlH%2FxB2RmPte%2FAJVl6Oh8WIn8ZahhxhmHiMuKVCKSirR5VTrgG%2FVVR4heMYdXCBEpZO9ST9jp3E8fkvNEX6pXv47OE%2FlSLIiUwMTpFc5l93Lk6NVJBgnxchsslYEZLNadbpu6E2rqV6JEolrvodP9cq50fvRvUQZQGewAGWZ8OHAuc012Z17EojLI2T1HXidHaPSpN%2B0eH%2FceIgf4f6zDzprsiwfCJAX5Vt2OWGe7BjAb7U%2Fu7E%2BV0l2wbsRS9vjyV10w29dBLGhyZfCRUKveuwWHIhxIOFRdmwter9j5XTZ10pw%2B6DbbGdf0Yg2Cd6yC%2FhF3yhxpjQJnDx6i64Tj3GH6F479JXc4ISmk8m3zU185dDihgv83gotJDkySeWn%2B4RTJ5DC13TucfZuQbL1QmC5314pdmVj49uFqj7CsqNyP%2B%2Fi74IIR5WhbQ1VR4rDboCmFc4YmgYoE6sOdJcrN1jDXhm2XzT%2FsSdo%2FQxmRff8s51DxAnzcyQJ8Ch9ljFggWSt8nnoXk33tDn4lMpcWgZiMZ97h%2FPnRQVYoiD9xU%2BIpW%2FHeu7aEDh2j7ksKo0Bx5e7%2BFOChKcGEJTXS%2FZxQwa6X2sAFs%2BG0mEEUS6ChAvzMZH5bjy23DgjnJMsNfyYzFy77Jd%2F3NZzd1fCoK70lc%2BNO6SUBw%3D%3D&mm_sceneid=1_0_4669204286_0&a=xxc%3Dad_ztc%26mi_id%3D0000ZbmuJSCOBDpZRbEzm3sZq6aSjxaCzyRXloLVYhmO1zg%26skuId%3D6093794390714&id=975467625400
793400259882,正版三丽鸥系列hellokitty便签摆件盲盒公仔手办毕业创意生日礼物,49.9,¥,券后价,伴万家,伴潮星球,6年老店,700+人付款,广东 惠州,"官方立减12%, 淘金币已抵1.13元, 包邮",,https://g-search3.alicdn.com/img/bao/uploaded/i4/i1/2206481086669/O1CN01oWaq3I1z8SJmib0Uj_!!2206481086669.jpg,//item.taobao.com/item.htm?id=793400259882&ns=1&abbucket=10&xxc=taobaoSearch&mi_id=0000NNeajubVLPLXhZx5P7JvwFslN8Vertwcax4YjYykatA&skuId=5586015694270
900250648128,2026网红新款美人鱼童话传说公主盲盒小女孩手办女生生日礼物摆件,24,¥,券后价,tb535623799,汪汪礼品社,,500+人付款,江苏 徐州,"官方立减12%, 24小时内发, 淘金币已抵1.2元, 退货宝, 包邮",款式类型:隐藏款 | 出售状态:现货,https://g-search1.alicdn.com/img/bao/uploaded/i4/i1/2211178982135/O1CN01iCQpfw1RdsgMuCsLP_!!2211178982135.jpg,//item.taobao.com/item.htm?id=900250648128&ns=1&abbucket=10&xxc=taobaoSearch&mi_id=0000oZsYiZgyUFliM80xg08so9ASLmsXHCwfZzO6NL5aitY&skuId=5903364132885
987835946189,扭蛋机儿童女孩玩具盲盒生日礼物库洛洞洞女童抽奖2025奇趣蛋年货,20.7,¥,券后价,官方国货甄选,官方国货甄选,买过的店,1000+人付款,广东 汕头,"退货宝, 淘工厂, 包邮",适用年龄:5-12岁 | 适用性别:通用,https://gw.alicdn.com/imgextra/O1CN01EodzvG1mQEr3v0Iey_!!2206588314948-0-C2M.jpg,//detail.tmall.com/item.htm?id=987835946189&ns=1&abbucket=10&xxc=taobaoSearch&mi_id=0000k8ZM_xe0HOZuDWZcB3HRj935r1J2GZZlLUG2eyVcMm8&skuId=5957762665354
962070859699,洞洞乐盲盒2025新款女孩玩具戳戳乐美乐粉生日礼物抽豪华版新年子,35,¥,券后价,魅影母婴专营店,魅影母婴专营店,6年老店,200+人付款,浙江 金华,"超级立减40%, 包邮",,https://g-search3.alicdn.com/img/bao/uploaded/i4/i1/2206509150500/O1CN01bK3oeu1FZ391MxG66_!!4611686018427384100-0-item_pic.jpg,//detail.tmall.com/item.htm?id=962070859699&ns=1&abbucket=10&xxc=taobaoSearch&mi_id=0000wSljVrdQm_CzFCGs49G5EtpjwT5kmPiGSfcIBWuqaGw&skuId=6160040071809
960960075075,另物赏甄嬛传盲盒热销中,79,¥,,另物赏旗舰店,另物赏旗舰店,回头客1万,12人付款,广东 东莞,退货宝,单款概率:1/8 | 款式类型:隐藏款 | 出售状态:限量发售 | 系列类型:联名系列 | 品牌:另物赏,https://img.alicdn.com/imgextra/jz3_3/2208289719268/O1CN01zsCEk62IKnqrocpxm_!!2208289719268-0-alimamacc.jpg,http://click.simba.taobao.com/cc_im?p=%C3%A4%BA%D0&s=1569682125&k=2433&e=42MCCDtPn5oVFO5ttRYxBx43l1uEnzYBif5qLoNW8YsVGVIC92QTPD1QaodQGsqtDr0vQFuN5l6L9ATqOgZhhX50MzDWVat1DERShHwDcA%2Fh8kp9F3uRKt0bz4wtzE%2BZGhyAvMrPyY5QEn4I8uDmFuvk%2FHQnJ3qzrDETJprbJXtHXA1a8y%2BkhYbka9Me3h1XMD2%2BmsQ2PFpGclA8UP%2B78ulynqF721xPmAfsDrJF6mKNHVdeEs0VYU89PXYQoh9PawK1F03Js99XkmVqMbXeg9jJxpYR4jimxIfm3XiGblpe5WnhcnyeVSeIDxec%2FnZxkretGu6%2FohMDVjUh%2F%2BVz9W9iPM2PG4CcH3zvXlTf6HmMxsbt0eA%2F3wgglaLp2yQqsuEbuOuTzqMFdvek1tl93Q6gxRDouZorA9Yxx4cH9mQylmlhnQwO%2BQlYdIzkqDzSvEXe8Pb9hV8nE%2FhZWw%2BRuLzmedbpASVgnbbodX8O55BbV1uyRJqJP7XaHFw4ZRTwRzw6hgbsBYPT8GDY%2F2Umk1MeH7eMlKaQamIKGpr91uI8Ej6JTnDtGIU8p2DpytJHN3iQ%2Balzo471Q8uroGDQbAmaWMET%2B2OAsHKcKbSihlsZVn2ShoxHHBG2yNOTFeY33dCBK2HOOVLtX4r53IAwqtNBB3ugWRsHOZFo3EUH7BFumXfkM5dnlFOQ81JAl5Zye6gbAYCnXGS5MX2FsO1qlxZSwpkmbiWo3V%2F4J1u8jsqHdncQnzKpe8xsJ8xpVyogZzBamqa56xKSImOFs4YhgV%2BxeiOPfqCLcm3oGy3Fnz8Jow4ds5zLoVuB9fkeUBZova3Dc0eXUshAClAFbTzrA%2FfHlPqiIBvyLzCT2AQo%2BjtXhN8Z6mXWFNBE2TrQ5vYWRLAlrbSjKZ1Sm4Ik9N8A1oUSKr7nG5CZfOZLGvtXQwIEk7R8m7UQSnqzwTmCuqOmJ8XIbLJWBGS2x2Zv8AQ%2F1xF9zgGn4MkiWaP6c%2B445tfie7RPnnIatUjrgMhlNQbeONaBnowK73%2BvklLu8GVBy4ykH2j5jw5Cws6cpX0h26qqoxX%2BHkvXdOUmOccGOCOmXqOzmuu3d9YvmHib2%2F6sV05pOaK6ilFL%2Bs3iaaWAOuQfitSF8BgcuTA91cZjPSBsoTwak8vhWEeYyRcT0EL79a2upYS0YHGgOdIViUJ4xRFvHAUbk2STAN44ePnHcju2QtUpJRomcYa4BKa989xIxJAsL0T3S28Qq38HhGi082SX2XuXT3pq0Cv4ktjdFdfqPNxFMf27HuDDyc2r86ShhjjjAwA5cxq8%2BpZsDp6SChsBuOB%2F5lsIUZPbr%2BJiD%2BcMaKurXDcWQBpbrmw7nfolPCTQoVp3WRgL44xHfSKqC2RlWMSsDkK5b%2B5IJy6Us4PcdS4MOD4jls3AYWFk550WcG5WM0f9xVtBVxYsF8iok4vxTa8H01UxY0hTu6yw1XHcpK3lhIpZn3hTkPNSQJeWcoCBid%2F504XcOEsYLScycKvTV1oQHBPels3NMjGHgO9FxlBi9DJ36sj%2BuxxwMhsoT5zScu2SCObLsCuQxsHdMAngSuQxZHWMlfjBFiTmDsTBOczEG%2Bd7nbwp4zCgbTTyjTOf988Gfwf21aI9a7fpklrNwRAgZEU1aDiDYNW9Zf3c4viFmlW3rbZ8qTl8Y6W%2BMLq%2BxcMXvdMB%2BGMZMuz4MuKSImOFs4YhgS3DbDTy2pfmLDMfXX4JhOyDLNr%2BTgcYCQugjT%2BcdkKaXx09udfLQdqSn8xkYviumBNkf0%2B9nJDo11VN7UcJ0xDgKzVtQaTaNuESm1ZJ4TiVkh%2BqET6KP7gKecKnyqBX%2FLQ73yh6k9GyLuwG9%2BpQIR4WPOSWFYAhHKwAIoHEVPhXIgLVUFnuie8lsuSYv%2FICX4xeEr57GpzNXkeibwkPVKImB6j5teLflshhLBSOy694gYIXi0prTRd6vuqol3mRC5gkDkOqeDAuXYZpvdMgDpQ4kXw%2FQf4uQEL%2FgiOnlluX5stz%2F0YeYK4Kow2c%2B38zKesPvyQG36aKy3yn3skje5Iz27Mze8QM%2Bo1Eb9tBKo9IFuLhOYa5HGpFkeMJO2P4zlYTjwqGw23j04SiwLijgfX7xQoP0GKxSFYYH4A16INFRD4s39TokpSjMlApFD%2FsJNxIFZshSts%2B44xHfSKqC2RYNTIV6hSwV1MHxrfxFXzbRONw3QdFtbzzTdkeTxqPyUL2ohtVmd7wGWlh4b4mnNQjS%2FvbIr4RQs5iCBWRm6VvJ8XIbLJWBGRO4FcTlkTBzawAIoHEVPhXhtg8yeTGGx43lLKMUMbNEQ2yUisEC381mKEYQH7uMEzwxcXn80zg%2BEY%2FgEOrjYeMRpFIICCN3OBSi%2F3sFBDg7O6o7VEzw7qv2P1FM11J0d12l5LMJ5lTpfPJM%2F83CPhx&mm_sceneid=1_0_1299290200_0&a=xxc%3Dad_ztc%26mi_id%3D0000_IW0aKv3V2y2lDZgN2BZADjHbMF8iYdOVTLEoJPXqtM%26skuId%3D6177284531288&id=960960075075
1014776844484,现货正版圣斯基EVA新世纪福音战士超可动拼装盲盒潮玩具手办摆件,68,¥,券后价,gdgd98,GDGD潮玩店,,200+人付款,福建 泉州,"店铺满20减10, 48小时内发, 包邮",款式类型:端盒 | 出售状态:现货 | 系列类型:联名系列 | 品牌:圣斯基,https://g-search3.alicdn.com/img/bao/uploaded/i4/i4/1966590272/O1CN01HbybbZ1DscqegSA5Q_!!1966590272.jpg,//item.taobao.com/item.htm?id=1014776844484&ns=1&abbucket=10&xxc=taobaoSearch&mi_id=0000WqiPy72BmUCDMibRAgRfE0NR5DqJssXuco7URlHz0h4&skuId=6017953741045
844244147987,popsunday超级植物摇钱树盲盒卡通毛绒摆件桌面送礼好物生日礼物,88,¥,券后价,popsunday旗舰店,POPSUNDAY旗舰店,,2000+人付款,广东 深圳,"热销爆款, 退货宝, 包邮",单款概率:1/72 | 款式类型:隐藏款 | 出售状态:现货 | 系列类型:联名系列 | 品牌:POP SUNDAY | 款类型:隐藏款,https://g-search1.alicdn.com/img/bao/uploaded/i4/i1/2216305956916/O1CN01UII3V320xaJ5KmYzE_!!4611686018427385908-0-item_pic.jpg,//detail.tmall.com/item.htm?id=844244147987&ns=1&abbucket=10&xxc=taobaoSearch&mi_id=0000cEgwram9rYPtMlOLKbXnjjLX_2I0lx42BbHKq4kUqUI&skuId=5789825714304
1005919938924,POPMART泡泡玛特英雄联盟中路对决系列手办盲盒玩具摆件礼物,79,¥,,泡泡玛特旗舰店,泡泡玛特旗舰店,回头客20万,700+人付款,广东 惠州,退货宝,款式类型:隐藏款 | 出售状态:现货 | 品牌:POP MART/泡泡玛特,https://g-search3.alicdn.com/img/bao/uploaded/i4/i1/2885348004/O1CN01i3ov1H28ztEJoPe9T_!!4611686018427382436-0-item_pic.jpg,//detail.tmall.com/item.htm?id=1005919938924&ns=1&abbucket=10&xxc=taobaoSearch&mi_id=0000RD4IR-ww2iJhvXjbeTbrGTqEf6u2ay_xBZuea8RFp60&skuId=6022196757687
964136429469,想要经典收藏就选这款潮玩盲盒9个装全套,15.6,¥,券后价,a448426707,潮玩星球盲盒,12年老店,23人付款,浙江 金华,"官方立减12%, 淘金币已抵1元, 退货宝, 包邮, 公益宝贝",款式类型:隐藏款 | 出售状态:现货,https://img.alicdn.com/imgextra/jz3_1/806250813/O1CN01jOlawh1HsP7bfYDn4_!!806250813-2-alimamacc.png,http://click.simba.taobao.com/cc_im?p=%C3%A4%BA%D0&s=1569682125&k=2413&e=SofaI6nlNzkVFO5ttRYxBx43l1uEnzYBif5qLoNW8YsVGVIC92QTPD1QaodQGsqtDr0vQFuN5l4fOFEEKI3OKqpcSa2d9bDPjjIDzFwPvs3h8kp9F3uRKt0bz4wtzE%2BZGhyAvMrPyY5QEn4I8uDmFuvk%2FHQnJ3qzrDETJprbJXtHXA1a8y%2BkhYbka9Me3h1XMD2%2BmsQ2PFpGclA8UP%2B78ulynqF721xPmAfsDrJF6mKNHVdeEs0VYU89PXYQoh9PawK1F03Js99XkmVqMbXeg9jJxpYR4jimxIfm3XiGblpe5WnhcnyeVSeIDxec%2FnZxkretGu6%2FohMDVjUh%2F%2BVz9W9iPM2PG4CcH3zvXlTf6HmMxsbt0eA%2F3wgglaLp2yQqsuEbuOuTzqMFdvek1tl93Q6gxRDouZorA9Yxx4cH9mQylmlhnQwO%2BQlYdIzkqDzSvEXe8Pb9hV8nE%2FhZWw%2BRuLzmedbpASVgzByEzkLkZx3E%2B5m2gOLHO%2BcDQS%2BjSKjjvdQUxti%2Fd4WaNzeF5EDjK8%2F3gyAiKQriG3JaVux7UChYUwEnOTbkzZRsYz9a3fA2vApNfbvYAinzfVubT%2F7F61J1DX6cd6AE4wqvyIP553DE7gygYpUmhSp8dKDnmi0yAsE7IyEwn1%2B3guQ7C1M7gilGcOR6xNuHyTMkVgxU%2FrLzyGmMT%2BJFkT4Qdt4wUBfmb6oz9BIDudcWlltJNWg%2BY0LivcMovdMe2TCuWoF2AWJ8sjS12zkg1nI9GuS73kBGRtE8Eu2QHwttH7JOMoA7pCvtD2pjBcESQVXIAeVBIMRS0QsdasMx2cMj8mD1Fw7HA5z1frouosNWAlvxpTQwMBWJylu06nhtzubgN61I%2FuFnGKMezff3SIltIQ6RiqDehNA5qcAY%2BRa3Ae4BEQdlgoUSKr7nG5CZfOZLGvtXQwIEk7R8m7UQSnqzwTmCuqOmJ8XIbLJWBGS2x2Zv8AQ%2F1xbWad0jtyeyO13yQbdmXh%2Fie7RPnnIatbgGWbKKa9Sp0OrnVqUjQp6vklLu8GVBy4SsYjTnr%2FJVfPk8EEFukEu0DUCkdtlGlOUmOccGOCOmXqOzmuu3d9YvmHib2%2F6sV05pOaK6ilFL%2Bs3iaaWAOuQfitSF8BgcuTA91cZjPSBsoTwak8vhWEeYyRcT0EL79a2upYS0YHGgOdIViUJ4xRFvHAUbk2STAN44ePnHcju2QtUpJRomcYa4BKa989xIxM6aHz4nriYz3BeBn6XcsPbF19ZJdjfdunDCX%2B%2FPryem1WdEg%2B7N%2FkP0ChtOdW8WfZFDGZTmGFzRXZ8cfvAtFC9wWYmpJ6Hv3Y5sujKRDzAdxO4MoGKVJoVSdQ1%2BnHegBD94r8%2BkLeke831bm0%2F%2BxesqfHSg55otMllip4OwQgu7JzI2ckuoZ89dulMimKAci4LKhC6emcijTIFxbcLXm7Yy6N1xzvwN%2B6XAf7xC9F3tFEupzCfPjV2v42nsu6s4JRcUKTENdtLoNwhzpKxLb9t9GTnSth2oCLCOKoV1YEbZ2K5K2XRaYgRnIPxEsOsF6YAlg4XjzxH%2Bsu1LQEfqMm7WiN6I4UXp7qfaK6Kpmdk8YOi711GpH4QKlbtiYcSI8oA9lXZBkECBvQFxiGIGI5dDd%2BrW6KuSQJRsYz9a3fA2eaLlbkD3q%2FMQj%2Fr7kdzgghzZyMWLoXEyFtZp3SO3J7JWY4NsZITYw7hIn9BAdMBRGeXVCNp41EdXv8y04F%2BCsK0MrUO8Q9rllmNlUbkTvoe9DuQVFYFW12%2BPA%2Fn8Sv7lGio1V4OqGJZJME0cYRcigz2%2FhZzkyMOboFC1l2PS%2BlEnhHZKUSZhiR7QyWmNXMJtr8%2FpBmkJC7hmtggp%2B4c%2B7VqS%2BOsuZ7bSGio1V4OqGJbw8A4TcUzDSj1Pee4%2FPq5GlW45OOiyZ9zBFiofQlxEodxYwklTcsbiJhAZnfI6nBY7VILKd3Lejyvln20tynKJsGVtYxRCrCMrIN1egz52w7tiEBSGcEmfgiyOON5G8y8nA0L4XlV73WNJOAZstWa8w645IvVVfVXgEGaOJTRXBTvsUbgoXLytqPD%2BYmOLdTiBgxOLBvCj89ez1%2FVdSdAHdvcw843kh1MukivKFv8zFI0SrKCnx%2FZIFaXpE0XghznmoXkj%2FKpLUUUFV2mj6jmdfmcNAcFpdzIrlp9UXxsNG7PL2WZBohGPTaEHY4G76cBmjcUMXPZubTk1XzS%2BxxnTO7g4cQf9pWp3ELYGvdEwBxX%2BnSWUnwI7ZrYIKfuHPu37JVoDTfaF72J1MGvkIauglGxjP1rd8DaovfPM1%2BO2INjWTst9pKUqw%2Bt1aEiXHZbF5N9hdiqtWqhJwHQ6B8PyXUI5T7uAAdc4SxgtJzJwq9NXWhAcE96WEqDujuK9dtY%3D&mm_sceneid=1_0_30830287_0&a=xxc%3Dad_ztc%26mi_id%3D0000B6gK3mQygWKgM1YNMsWkjuqVo02cvty_nFTSlsdM5lE%26skuId%3D5988409737694&id=964136429469
962951028256,KKV正品Ninita魔镜乐园系列盲盒潮玩手办公仔玩具摆件送朋友礼物,79,¥,首单价,kkv官方旗舰店,KKV官方旗舰店,回头客20万,1000+人付款,广东 广州,"官方立减12%, 直降7元,  3期, 淘金币已抵1.58元, 退货宝, 包邮",出售状态:现货 | 品牌:kkv,https://gw.alicdn.com/imgextra/O1CN01moclOq1XFVJbrvupG_!!2215772922894-0-picasso.jpg,//detail.tmall.com/item.htm?id=962951028256&ns=1&abbucket=10&xxc=taobaoSearch&mi_id=0000B-j6UprXhSob4REzyp8BijZy9F9_OhQS4s_FH_Nmn2E&skuId=6063143111627
1006049375538,POPMART泡泡玛特原神嘉年相聚Q版系列手办盲盒摆件玩具新年送礼物,50,¥,券后价,卖盲盒的小火柴,正版盲盒研究所,,600+人付款,广东 佛山,"店铺满39减6, 48小时内发, 包邮",款式类型:隐藏款 | 出售状态:全款预售 | 系列类型:联名系列 | 品牌:POP MART/泡泡玛特,https://gw.alicdn.com/imgextra/O1CN01FzMsDI1LuTMxIk0LN_!!2207578631359-0-picasso.jpg,//item.taobao.com/item.htm?id=1006049375538&ns=1&abbucket=10&xxc=taobaoSearch&mi_id=0000ThKkPv4Dp7_h9Kt5IjSf9IFy6yIWZHnlURCE7au83yE&skuId=6169193503387
1015786401455,正版未语集四季喫茶物语系列BJD盲盒手办植发潮玩桌面摆件礼物玩,200,¥,,tb4450709360,正版动漫玩具批发店,回头客4万,55人付款,安徽 滁州,"48小时内发, 包邮",出售状态:现货 | ACG作品名:DC漫画系列 | 系列类型:联名系列 | 品牌:悸动瞬息,https://g-search3.alicdn.com/img/bao/uploaded/i4/i4/2214008116167/O1CN01fwr0nk1vQXemyFln0_!!2214008116167.jpg,//item.taobao.com/item.htm?id=1015786401455&ns=1&abbucket=10&xxc=taobaoSearch&mi_id=0000_fvsLyzY3J9gXza_DSRcXeBDhO2fWHV6N4xv-RPIgEI&skuId=6022225897409
1014228814134,【蒲熠星专属】范趣町TARTI幽灵旅馆系列盲盒摆件新年礼物玩具,79,¥,,范趣町旗舰店,范趣町旗舰店,回头客1万,2000+人付款,广东 深圳,包邮,款式类型:隐藏款 | 出售状态:现货 | 品牌:范趣町,https://g-search3.alicdn.com/img/bao/uploaded/i4/i2/2220257526978/O1CN011FvJg421PyrkcE5fv_!!4611686018427380930-0-item_pic.jpg,//detail.tmall.com/item.htm?id=1014228814134&ns=1&abbucket=10&xxc=taobaoSearch&mi_id=0000S65T2uRnAuy35GgQDlsGs0fPKQdRKKkW8JtlLOwmxRk&skuId=6020830121654
977803988448,盲盒公仔定制手办树脂工艺品订制钥匙扣挂件手机支架来图定做logo,4.4,¥,券后价,tb788942694259,广东趣萌工艺品定制,,32人付款,广东 中山,官方立减12%,,http://g.search.alicdn.com/img/i4/9308542502/O1CN01KBmUNi1ULy3O8dKRC_!!4611686018427385382-0-saturn_solar.jpg,http://click.simba.taobao.com/cc_im?p=%C3%A4%BA%D0&s=851627214&k=2393&e=7FebvXZogURnLrTZNwn5%2F7rG2RSiAP1hwil03HkaMPediC4ELu%2FVL2T2UTxm86M4PqoVlShUBTpjPN4ChH%2BI04wEuaVarrNt4hCFyMh7xQ0H2qFm41TqVA5b5Ok6kjFmH34JIPvtVmEOng25KDA80DIjsJqbAtsnxHtFD1zKSa3gH%2B9zD51ViY2FF7UnIsd4uXdK9KdI5GSqVbylxoIrwM%2FHxRCTvmc911%2B8J1xOE2rjcnXHESSkc0%2FoR%2Bzpvxah7oymuFaX5yHXK1vj%2FHcP%2BcIpYT3aFCMrjHlZEwhbmBoyUfjnu4dAChRMU%2F%2FutyTx%2B4JGZlh78gg3jctmVBBJGTpkW7OhGjcptwgXmoNCwVEfY2PDOMWdK8QGT%2F1oGERF9%2F5JKHVCQpfZ3WDV2897Gmqf%2BL0qdFrqkhGUjViWIzgs7TmC2m4a6%2B%2BP2Xlr%2BjVQQYHO0%2F0F70DbKmaQQa%2FsGZwXk0uIcbDZskdNpLgCwjU3xHE7%2BtUNodkyVqSS7WpSRXcvQIETF0YdKF4cYpzNRvwZiPUIpQLOpv%2Bnd1bRemLpTuzuKlAENDc5U109TF0pdLNmpoNveRNF9rjRqioZRW%2B%2Fsj5aK9%2BwZJoAULVHiNt978S7mmss5U4%2FYpmzUpaUMpZvg2YRYHzpTuzuKlAENG%2B%2Fsj5aK9%2BwXCcgGloyHaqPY2ttpdcYcfI8yF9uXqhiJGF6oPVijvT1LyxfV3P6sbLW3XVoB99gVjzaGZyczkgat9d4OOzk%2BXIeyRA9xUwfejYtomH9PnY3Hl3gYT6l1x8LkCwTlNDin1SW4%2BQx6p4v4FI6GsqWlTrTJYzXfGpDnoKajffvf%2BnnaDxALd%2FW0CIQEQWIe0pXN7tz2HCcCFZC6Pk1yDehcQ%2F4Iy82he%2FXAlERQ6CpNGN3eDACvsNJj77%2BRf9mQEqC8%2Fb7lSBXW9GlU0wHzu9rW4ZXcK%2BjaB0B%2FBmI9QilAs52uiycJBhrxeSbs4UNpReTs4hGFNmWp%2B9Sd2xf2%2BGiNM6RFbCEG9GpIhARBYh7SleAVwfFQTMNEsUJWk9ahT80Ozo2RXJqVdJ64ECtZJLS0vv8803s24%2BIz2dAVqQMLT4yLwVv%2FKyuqdnSONuZqda4LU5nDljfbBR9ARk%2BgX9OAOz34pl%2Fm2heYkQl%2B0aGiuuvjBmR8p4Mco8m6ELhqrhG6AkM8ZZL4kNy6q2gj%2B%2B2YteO7CapPLQEH8DYtl4LILQQRkGCMcEU4SGOyZvqnAQxNEObLY977UG7qf2%2BPKEERZXIpKO0dzSQcwD3PW1xI2ZF9rjRqioZRTc5U109TF0p3WfsMdvXqMNLDK6xG0t9KReOt3I4mPLW41w4uI0BzsqCz6tz87w1nOycDNMB8SxXVMSB8S97WD8E96uvD3wH5OzD5U%2BllT21dVJRG18LTI%2BGvIZokI9BV0v0t49fOGl8qyl6T%2FJ0M9tvv7I%2BWivfsNf%2BnOymwamW8b1QlRzYf7DL3fzJKhLKl7mO690MbpnRZk9HekvIjWzNbXs3boyOKd%2BBakdfnqhurpctc3jx9Tx9QPGnSjBCAIgVQbIT36IiE9F%2BPWC5Sdjw89p7WX1AfbWoWIXpkROs%2BgHkW86VJAS%2FX2Z1yKB1ftJd%2FC5fzBu%2BGrfXeDjs5PkPgWlgWzNN3Yk5qQpA%2FUzKxGqPqFr00fYat9d4OOzk%2BX6noNGPnbmUKPUESpqnqjCL%2Bie6wfm%2Fl%2BHGdYC8BDkvCJ3mLr0MjCfeYHM%2Benb3rg7Mup5DqlFCJ3czNnFOlZbgWReps5AqTjApKcLp7czkzWrId6jcW%2BeB4hEbyNeGAvlc9kydThEVR%2FyNXS7FAV21M7I7K%2BoIFuDSLuJsYQY80m9bBE%2F%2FslHzWFMqowrNFtauoiAA10CaV92mXryHqMGxKoIDVU5vz%2B9gurPSWe0EA4xVduqaWJYkPvRH83J8iNzKWdNozG8ee1SVa1WeXtUuxsKNeqQZXhe%2BD2XX411tgQBvG1gPzSNZe%2FHERiAD5ZPaIHIvmhYFD3094r6uSqVTS2Ghw%2BeGPbW6RZPWeYBYRlHzWTaSzoz2s%2Bh0T0l%2FGyLGNHupnHrW0IBbfm8SflcYO3A0UiTnefKYnlkEjexzqn5aEAhCiyHqKhr%2BPFaWFHqzrKLgfge1V1sf4ChgfP8uMRmaUrRRkr38472juxLsQordaWs%2FFn9M8a9qsJG5vWnENLZ52kdoyupB%2Fzb%2FYKco8sOx9e980LTL0Z3XLUN9SoS0Ng8oPD70wfoBlABWlQ%2FGwX8uHoPP5KpgFaECpAiQKhuGDCguaFMf54pe92lWQtf%2BeROxgL9QVYWfAh8NXS1HeYQIUthw5sSjJwCn9wo8gTW02HJFX2R5cowNf51PZTqU0PdFIxb0rA%2BW5s2orA%3D%3D&mm_sceneid=6_0_9308542502_0&a=xxc%3Dad_ztc%26mi_id%3D0000ld4g4VlGPGv189fJ8pODpQfqrQqYuztOBvj2T6omzq4%26skuId%3D6096781262854&id=977803988448
777713615680,第五人格拼装工坊真理之下主题盲盒潮玩周边手办公仔生日礼物摆件,69,¥,首单价,goldlok旗舰店,goldlok旗舰店,12年老店,2000+人付款,广东 揭阳,"直降3元, 超级立减10%, 热销爆款, 店铺满299减10, 淘金币已抵4.45元, 退货宝, 包邮",款式类型:隐藏款 | 出售状态:现货 | 品牌:GOLDLOK,https://gw.alicdn.com/imgextra/O1CN019AMann1DIRYUqGWGD_!!1678000193-0-picasso.jpg,//detail.tmall.com/item.htm?id=777713615680&ns=1&abbucket=10&xxc=taobaoSearch&mi_id=000066HHDjAJ8-3jZ3BYBmCalX-l6bRWfAUtGJN8ONwWnCU&skuId=5933953848107
1013776533725,高达万代大班拼装模型盲盒独角兽MG模型机甲玩具红异端RG手办福袋,19.9,¥,,tb9273887,大T模型店,,200+人付款,广东 揭阳,48小时内发,出售状态:现货 | 版本类型:大陆 | 品牌:高达,https://g-search3.alicdn.com/img/bao/uploaded/i4/i2/654565088/O1CN01uVp9Yr1nSMEGLWKLa_!!654565088.jpg,//item.taobao.com/item.htm?id=1013776533725&ns=1&abbucket=10&xxc=taobaoSearch&mi_id=0000hUzvmmBTf5X1O47Xj9in6gDlzTf6dtrkMrIoj-Z0zIc&skuId=6181899026505
1006894398707,马上有好运盲盒2026新款马年吉祥物摆件公司年会活动礼品新年礼物,16.8,¥,券后价,ak79472519,小海妖潮玩盲盒,,100+人付款,湖南 长沙,店铺满20减2,款式类型:端盒 | 出售状态:现货,http://g.search2.alicdn.com/img/i2/130232816/O1CN01xwwxTT1WfmRKooFoZ_!!4611686018427384304-0-saturn_solar.jpg,http://click.simba.taobao.com/cc_im?p=%C3%A4%BA%D0&s=851627214&k=2349&e=jhrndLRlEqtnLrTZNwn5%2F7rG2RSiAP1hwil03HkaMPediC4ELu%2FVL2T2UTxm86M4PqoVlShUBTo0LM4fkeeyemoffuaOKNCkXcQIm2hie6gGiuu9NgsphQ5b5Ok6kjFmH34JIPvtVmEOng25KDA80DIjsJqbAtsnxHtFD1zKSa3gH%2B9zD51ViY2FF7UnIsd4uXdK9KdI5GSqVbylxoIrwM%2FHxRCTvmc911%2B8J1xOE2rjcnXHESSkc0%2FoR%2Bzpvxah7oymuFaX5yHXK1vj%2FHcP%2BcIpYT3aFCMrjHlZEwhbmBoyUfjnu4dAChRMU%2F%2FutyTx%2B4JGZlh78gg3jctmVBBJGTpkW7OhGjcptwgXmoNCwVEfY2PDOMWdK8QGT%2F1oGERF9%2F5JKHVCQpfZ3WDV2897Gmqf%2BL0qdFrqkhGUjViWIzgs7TmC2m4a6%2B%2BP2Xlr%2BjVQQYHO0%2F0F70DbKmaQQa%2FsGUATSpv0KeUjTwNRF8RtDh%2BJrRA3iSu8wTWLYjHRg6RtCynVWu%2Fpp9xcePHwzdLG6TtMrZKwCTDuoG9893hDF2MKFRoTb6girxnsQA9KbOVh7ezcBXOpu4nzUiFZTSkIUoYyc6vr1EtQVEmO48wvB3U%2FOAZQQeGi57GkTsex2ckyVScezOoP%2FKwzIR%2Bgsl3LYrLCXTPUQAMrteuGBvdSTmjAwUQdYmHkSdYIkiaH2eIDxi010IAoMsgYXHT%2BhV1R%2FChhVwdLPAgoUvURco2RC5bbOfhGqC0G7yuh1MLQPhf5vxiBEum17i0V8Iw5vf1m6ogNGvxQeOyODT0nDxCtm0yZNlDwPqmQuJG7rV%2Bsx%2B1ihhCj8yu6JBjWu%2BB%2FeP2ZdSzLpqvxJdyWnR621XVU5ccND6QRDsfWHFii1VsNxLJrg6PQbXT6cTBNIH0qa2pyYHIG2yTmzKSDQRoAkf4z7tmkKWgeKLCNPBpV0oCdLR7CTJyV%2BSMPlWmwjfS%2BUKeCY%2B9i3M%2B59pH%2F%2BBZWjUYeS%2FIGJ%2B7qcvIskiOVtJP%2BqBoo%2BOCr2G%2BYm%2FxhXyQir%2F8nj4BDgA30eH4CUiKMmA8DuWtYFB4z%2BMpUCpA7SJorVLJoxkD3iYb8p4xfIjZyAi2e8jxfPqUEuWV%2B4BWdd79vR6fAQF6DC4zUxhG5DMBfbrEHKxagMC2wGFOI%2F6Dy%2BbDGtJpMSxlKdIWQ9ANNMkmKgpCk9uIAmqQ4Zk54m4FKUvpQvPZ%2BKS%2FuvYjaqy0Qh1fN781a1yyOCwCpgosoohnb7v1arF35YS%2BF1ufFivH26F2hVmD6S75ay1JHvO0zX77MDJMktn2YSb2vhG7m6XFwK0pBbGJgB%2FwRa1m7pHucovsTK5y2cSSprhOqxyxxHGxbkKkDAKllAeYAmTZQ8D6pkLicgnK1ZIKYkcl1wMud6KQCrPy5ue7n2I9GhLyUhtcSYzJa14hkjZ2npHPLrvAD%2F1JRIhEcbhLLqlX7T7BAs5anmuByTRZVLBKS7wrKFhe550mVcUzB9gV0Gks%2BRgPBrCRcIKnARzfH4bB5npwz%2BGLlAICP0zedIan5I8SO8Xfrqrnv0mi2H%2B1raGm83wUD0SOa2x7%2BMSDZcOyp%2Fslr3Rmaopo67d3wggKZa%2FHi%2Bg9dHgzHYxTqHQ55l6DnHntitwlSPrZPpQPEOnOYNu1Yj1651RsFlycOexN%2Bp6DRj525lCj1BEqap6owi%2FonusH5v5fhxnWAvAQ5Lwid5i69DIwn3mBzPnp2964OzLqeQ6pRQsuI%2FBFJoxWcGnBGERixWf%2BHkU0kqMtUJVzC1BspRWCftnCXkPTPUb9qBU6v9CW0WTu1GUQ9bXmvnBxowskqZW1dz3CkNKzHC6s80gbHVG7ChMTXaAC%2Buck%2FJrP8WdzyfLZZAVnWF1hkt9lVXQp5zcyhK5fLkmXDedzKWdNozG8ee1SVa1WeXtUuxsKNeqQZXp0HgC%2BX8q7jflXq3cJ9A91VqgbuY%2FLi5ZxXZpF%2BPiRjIwrECMfnAQ4100RoPplkWyzBU1%2FTJzBtXaINHR6fyE35TsMhiGGwqQUn58Z4eN01qn5aEAhCiyHqKhr%2BPFaWFKuP0FmgOsYK5e7jpCAmtSKRfVRIF6ghmenA2IIhLiitp8CGR7lBPOrll1ANlkCIvCsxuWOQV2iO%2FH9GE4VqV%2BIa5UxcwOLafO9RmIZFku5P94vZvTyUvLFadGRipHCkqL1%2FSz2N7TBoZIKdViWUOFgoZ6vY%2FQ8xF%2BXRxrXldlvRvgIfY6uwn3uuN3qEBW32W54FTPLJSxhuMyEfoLJdy2J8ODgmELqTTeIgzw50VFbmexqSbk7LnxOjTEx9Zg4iUt556PcdfPETAP1AqzsFFRk%3D&mm_sceneid=1_0_130232816_0&a=xxc%3Dad_ztc%26mi_id%3D0000OixLy-C8tKU88NwSrxAgfEHwcWNf9Ctce0OkfJSMbuI%26skuId%3D6169017966950&id=1006894398707
967886139818,"PLZDOT正版 小熊虫""这像话吗""系列MINI盲盒可爱植绒摆件闺蜜礼物",39,¥,,hahaqde,HaHa toys,,1000+人付款,广东 东莞,淘金币抵1.1元,出售状态:现货 | 系列类型:联名系列 | 品牌:Plzdot | 商品状态:全新未拆封,https://g-search2.alicdn.com/img/bao/uploaded/i4/i2/2215457679155/O1CN01W0FsLD2HV34ExWrXv_!!2215457679155.jpg,//item.taobao.com/item.htm?id=967886139818&ns=1&abbucket=10&xxc=taobaoSearch&mi_id=000013dN1Vwl3jIez1-Gw7UxhMJpmzE8dNKq0DZrFmBXM1o&skuId=5915590196677
745205516644,手办定制盲盒公仔PVC卡通摆件钥匙扣企业吉祥物树脂玩偶玩具定做,10,¥,,tb4914932656,深源礼品定制,,36人付款,广东 东莞,公益宝贝,,http://g.search.alicdn.com/img/i4/5157336262/O1CN01QAWLg41w83B1HMuYa_!!4611686018427385030-2-saturn_solar.png,http://click.simba.taobao.com/cc_im?p=%C3%A4%BA%D0&s=851627214&k=2189&e=ofeQ2Ez9Q95nLrTZNwn5%2F7rG2RSiAP1hwil03HkaMPediC4ELu%2FVL2T2UTxm86M4PqoVlShUBTqb%2BJhJIu6LVji06%2FoF2ayTyCo86fbnrkYGiuu9NgsphQ5b5Ok6kjFmH34JIPvtVmEOng25KDA80DIjsJqbAtsnxHtFD1zKSa3gH%2B9zD51ViY2FF7UnIsd4uXdK9KdI5GSqVbylxoIrwM%2FHxRCTvmc911%2B8J1xOE2rjcnXHESSkc0%2FoR%2Bzpvxah7oymuFaX5yHXK1vj%2FHcP%2BcIpYT3aFCMrjHlZEwhbmBoyUfjnu4dAChRMU%2F%2FutyTx%2B4JGZlh78gg3jctmVBBJGTpkW7OhGjcptwgXmoNCwVEfY2PDOMWdK8QGT%2F1oGERF9%2F5JKHVCQpfZ3WDV2897Gmqf%2BL0qdFrqkhGUjViWIzgs7TmC2m4a6%2B%2BP2Xlr%2BjVQQYHO0%2F0F70DbKmaQQa%2FsGQyiOi8sI6m3nW1OfHHH%2BTMGE5MOtDpviZFi33rKiIkMnM1WvZ2bbS%2FyU6jtlS3K64WC1%2BsDfhngWi%2F4bCoFu7b69h2bXdHfYODHFyYay3W0YEjvS3hbBJXWx3p8XlB%2FtXY9GVmdRtsx3AkbMx16gh8%2B%2BNMOEDAvay7q%2FWsaVXixaRbvtYJ6SsGw04xfoMd%2BNurm%2F%2F0aALQLwXOq3TeHKur%2BUc1LyvSlBAGqQ7a%2BRtDCAAmGKCLOubEUy3C%2FRHnn8ez%2Bm0m8Tp7rhpaxvKz1bPSwhfrtve2JwBaz78ORaINZOPz0TT%2FxWKViqso3fCMOKkCxdWQtCoXK41INPyaBgdLSFCj5fofPMNs%2FINDGHngkQLF1ZC0KhcqoSbGy%2FWK89YPQRSExj7DowKgTjLvppvS8QOxMyHa%2FEOsPtaDiSUHX1wPf3ArpUQB3eDACvsNJj77%2BRf9mQEqCQyydZMmWcctsl%2BFJw8EAXai%2FxyW34NGyKXKrPFPxz5Px0JeGFz4fms6RFbCEG9GpKtiLVThcxVaQtivHdi54BCmTMlxzzn6rtqAWXAh1wnKPhTAIkBwS9WTd2wwHzI19jNpFJPOPhz%2BnzQPCWHfkXd2x1YFNdMGGRZBK59dbdflO50vG1N8%2FF17dcE05vg8bireeh8OtJWqwfaDKcEwhv1yIOfYjNGeJdTH5URPC9cHV0rDHyTPlNCLSpjeprdZlRoGZIhMBOPfr3YOnonLFKkSiw3fuzISjfSUPTQe1b%2BrhrIu6HOjQBSUHLhjaxDB0MOOtSwV8JMcu6v1rGlV4sWkW77WCekrBsNOMX6DHfjbq5v%2F9GgC0C8Fzqt03hyrq1xiz3OX4Bygvhe2b2%2BxrlQcC7E2VedWM6AN750ekvbUawsMU0J8xLpyCcrVkgpiRyXXAy53opALXw2U61BlGHA0Rz7Frc5ulapYGulDVHCzfBXlkeRPhZvWTa5U8rx%2BRyN5dU3jQ%2FEKE46IoI5GQyR68JqwSJeHEvg1%2FcJkOugoGunJntZsWqXBcDOHJokH9Tsx24jkWlP8dqL30kCLrIT5MGV7VqPwtcFwM4cmiQf2KqFurqUIMZXz%2Bpxd2DzivLgn7XDTkXq7c3a1Hm9uXMwcJ8i%2BlvBSPe6KdVNci76NNZcXbeRuL%2FYaq%2FmGs7hdwOm4yx57%2B%2BqlX8UhREAQcMpuRvbLWp83oheW5I%2BrLIlnx1ciB1TpQMqE2nEKmOniWXiMN25viE4ej93dOkAALNW7du4zaAReLRYoyZRTKXn5U4vRWoxdFTW3fULeALVG96HzPeTV4kjR6ATfc%2BDk1r6wWyBhGe43EE4H7vzNSw8bdVMEhJeZxfqiTf8V0D%2BwYR2JT0KaDm1xrbtTzjrsH1DdJtPl%2BZz%2FwsIMKWm7m9Hl3HVzY%2BBFFtbzBSlVy01lxSEkLJfeAuoi0b%2FGBFhXyDR1rgJQr6uF9DUTh84XSmJGEDxo59iHa5UCxdWQtCoXKwuOWviHJCuOe%2BBc1OpzLjvrbKVB44DHCHbpWvt%2BfrOgXqs205Z2rJSwO%2Fd1wWY%2BOslpiOzB2LOBm6gur%2FywxXSLEU857U8TJKzG5Y5BXaI49zvjj02g9LC1D1n8jkbVMgx0VXVjGGGKFfUIflZs3Fai%2FxyW34NGybjHSLqIB7LKlVNIllhPz6zESRXh12tSPsVDjXURZvBCAyO1aQ4g4ecvd%2FMkqEsqXzhH9PVt6v7A%3D&mm_sceneid=6_0_5157336262_0&a=xxc%3Dad_ztc%26mi_id%3D0000UzdYDgl-VUwE4D3FPtkMcx0h-9cvxmdxfDD-5R_Ncq8%26skuId%3D5789979483490&id=745205516644
965873890290,氧氧yooki圣诞叮叮铛系列盲盒毛绒玩偶公仔潮玩摆件节日女生礼物,69,¥,,tb6058407999,童趣潮玩正品店,,400+人付款,福建 泉州,"退货宝, 48小时内发, 包邮",出售状态:现货 | 系列类型:联名系列 | 品牌:Yalli Studio/呀咧呀咧,https://gw.alicdn.com/imgextra/O1CN01ghlQP01Pui1zMRUw5_!!2215951301901-0-picasso.jpg,//item.taobao.com/item.htm?id=965873890290&ns=1&abbucket=10&xxc=taobaoSearch&mi_id=0000Prg2M8sewhXK2za7NUFRwYlCqu5VUDUKhZ0e1zp1bsw&skuId=5988936176262
750727692205,pvc盲盒公仔手办定制树脂摆件钥匙扣挂件订制潮卡通玩具来图定做,10,¥,,tb414848063066,致汇玩具定制,,82人付款,广东 东莞,公益宝贝,出售状态:定制 | 款式特点:静态 | 商品状态:预售,http://g.search1.alicdn.com/img/i1/5284505594/O1CN01AFYyW21rC6akp2j9Y_!!2-saturn_solar.png,http://click.simba.taobao.com/cc_im?p=%C3%A4%BA%D0&s=851627214&k=2177&e=r5TE2e2%2FfDxnLrTZNwn5%2F7rG2RSiAP1hwil03HkaMPediC4ELu%2FVL2T2UTxm86M4PqoVlShUBTr17ndgP7h2eFQYdDf%2Fx%2BdceNMU0BrB3pEH2qFm41TqVA5b5Ok6kjFmH34JIPvtVmEOng25KDA80DIjsJqbAtsnxHtFD1zKSa3gH%2B9zD51ViY2FF7UnIsd4uXdK9KdI5GSqVbylxoIrwM%2FHxRCTvmc911%2B8J1xOE2rjcnXHESSkc0%2FoR%2Bzpvxah7oymuFaX5yHXK1vj%2FHcP%2BcIpYT3aFCMrjHlZEwhbmBoyUfjnu4dAChRMU%2F%2FutyTx%2B4JGZlh78gg3jctmVBBJGTpkW7OhGjcptwgXmoNCwVEfY2PDOMWdK8QGT%2F1oGERF9%2F5JKHVCQpfZ3WDV2897Gmqf%2BL0qdFrqkhGUjViWIzgs7TmC2m4a6%2B%2BP2Xlr%2BjVQQYHO0%2F0F70DbKmaQQa%2FsGZwXk0uIcbDZskdNpLgCwjU3xHE7%2BtUNodkyVqSS7WpSRXcvQIETF0YdKF4cYpzNRsBZBTS2sPlN5%2BVIj4jQvhxGgcjPKR%2BZSiMTKF7x94ZwXSY1NQiHovpKNq8Qp8Vls1hYmnA1YH7OhFhyauVym%2F%2FLcIExZMwLbcLtH2NALGISIEb%2Fgr%2BsF%2Bkre1TQ4uedTEYa3KmiMjRUDsyKj1iqiH5wLOqr5eNDmItuDOU2jTpc%2BIzfkwmQ%2Fc51pc7JqsuONYKMoz29el6j4eGJVkJmzYuF3QSsKCUn96Sfu0iVyBBnVK7mFD8%2FcMXXMWbVpWNqWC2OY5LcTipoBPyfKMTfKGvkTfl1IJqOUTNe%2B2gAqx97X0Yb%2BI41gAOMPhergHDpx1LHLTGGBE61YeBD%2FjZDOMt1n2Hg18375oqyaIga882a6TCIe4689HQDgiOKASXsGc17OVe0%2Fb3MjUY8MyYLA72rp8AXuyPDR8vDwshD3FYwnpZZ5U%2FxlqQGJ%2B7qcvIskrqxKJnTFXzWKn9iLwZtduUmy9oRvROywIBDgA30eH4CUiKMmA8DuWtYFB4z%2BMpUCpA7SJorVLJoxkD3iYb8p4xfIjZyAi2e8jxfPqUEuWV%2B4BWdd79vR6fAQF6DC4zUxhG5DMBfbrEHKxagMC2wGFOI%2F6Dy%2BbDGtJpMSxlKdIWQ9ANNMkmKgpBhnhhRFi%2F2Y6GaBegzkcS%2B9T4MmvARnJs5cSBu9dLcRz6Vf8ODl3SXB%2F%2F2q162QRpNhVJ3bPXUef1LlNo6RHAay3CBMWTMC23C7R9jQCxiEiBG%2F4K%2FrBfpK3tU0OLnnUxGGtypojI0VAEZOz9FbNmmmiXOMZ5XjFYyhCpw%2BNmA9k%2B%2BpJgxc1VJutlrxAhRiG7sw%2BVPpZU9tXVSURtfC0yP67TeZoPC4QUVsgl4enH%2FRdX4mrnPDl5TawaMw09WTMkt34YFG8zL09556PcdfPETV3r5YqJLoKWYYhN%2F5oim6YR5AHLiw1se3zhq4JwCs0T2%2BfXYloGdhJ2mq0t8oIIymBUNakSMXRqKySEtI29V4fb59diWgZ2EysI9eC3ARQsOW%2BTpOpIxZj6eZs2eUIP8fcBMhXgjAoitNTCyxp2xqpiAuh6Zpat9sT%2BG3vzJrouOYbeSGMsELeZpdlQQ7AuwyGkMzMrEKOT%2Ba%2Bp%2F%2FB2TbLNbmENweu57A9d3COk3M27pUg01pAKskzzpEJUEZAH9nAkHIOOrEa10v8dSHR9uWpzrmQxAq2KvV92mXryHqMGxKoIDVU5vz%2B9gurPSWe0EHdMMV4ekALMkPvRH83J8iNzKWdNozG8esqJESr72kMUuxsKNeqQZXsz8F1CVllGWflXq3cJ9A91VqgbuY%2FLi5ZxXZpF%2BPiRjIwrECMfnAQ4100RoPplkWyzBU1%2FTJzBtXaINHR6fyE35TsMhiGGwqSu3tnP0letGVK7mFD8%2FcMXBvA1hQI1Vhuq10WGVDhOjdVJRG18LTI%2BNEuBJg5kE3z8DEXbeZKjiTD342r8X0f0gfAoQbxcPE3RvKPIZg5G9Olcu0r3QZezgaaN9rvklAesPtaDiSUHXsNDqGZ7R0N%2FiXlvHW5lDbg24ntWpWGRYsT9cUz9oxaWrp8AXuyPDR%2FbAou1its9m0V5T44uNQahNIg730eJkdEFcJ8S5w6oLBoWtYVjUpe2pBHCqWPxksZleR%2Bqh1i5w&mm_sceneid=6_0_5284505594_0&a=xxc%3Dad_ztc%26mi_id%3D0000ENidByfrdQOyTkWpxQM4Tc9K0gZXaNQyQZhdWqH8PKk%26skuId%3D5595617452318&id=750727692205
969400337184,PLZDOT小熊虫这像话吗系列盲盒mini公仔打工人桌面装饰玩具摆件,32.8,¥,券后价,tb6426697235,ASTOYS,,600+人付款,广东 广州," 3期, 淘金币已抵0.65元, 48小时内发, 包邮",款式类型:端盒 | 出售状态:现货 | 系列类型:联名系列 | 品牌:Plzdot | 选购热点:淘公仔,https://gw.alicdn.com/imgextra/O1CN01f7QdbU2BviTA4TPkp_!!2214185778401-0-picasso.jpg,//item.taobao.com/item.htm?id=969400337184&ns=1&abbucket=10&xxc=taobaoSearch&mi_id=00002-f4O_iPBNhq1X_-a4XYaLNfTm1YRnLINAlGkpqRzgk&skuId=6082391678836
878500531402,周杰伦官方正版周同学游乐园毛绒盲盒公仔包包挂件手办情人节礼物,84.2,¥,券后价,ishow0716,周杰伦国际后援会,,3000+人付款,浙江 杭州,"官方立减14.8元,  3期, 24小时内发, 退货宝, 公益宝贝, 酷动城",款式类型:隐藏款 | 出售状态:现货 | 品牌:周同学,https://img.alicdn.com/imgextra/jz3_1/1756600142/O1CN01pT3hG61Cv5HZKk9ef_!!1756600142-0-alimamacc.jpg,http://click.simba.taobao.com/cc_im?p=%C3%A4%BA%D0&s=851627214&k=2361&e=cuLrdt8Is3BnLrTZNwn5%2F7rG2RSiAP1hwil03HkaMPediC4ELu%2FVL2T2UTxm86M4PqoVlShUBTo3%2FIQyln%2B%2BUt06XIbb1H2GGuoRd8VXGqEJO3pGdMVZ0g5b5Ok6kjFmH34JIPvtVmEOng25KDA80DIjsJqbAtsnxHtFD1zKSa3gH%2B9zD51ViY2FF7UnIsd4uXdK9KdI5GSqVbylxoIrwM%2FHxRCTvmc911%2B8J1xOE2rjcnXHESSkc0%2FoR%2Bzpvxah7oymuFaX5yHXK1vj%2FHcP%2BcIpYT3aFCMrjHlZEwhbmBoyUfjnu4dAChRMU%2F%2FutyTx%2B4JGZlh78gg3jctmVBBJGTpkW7OhGjcptwgXmoNCwVEfY2PDOMWdK8QGT%2F1oGERF9%2F5JKHVCQpfZ3WDV2897Gmqf%2BL0qdFrqkhGUjViWIzgs7TmC2m4a6%2B%2BP2Xlr%2BjVQQYHO0%2F0F70DbKmaQQa%2FsGQiP1tECU5qO8aeXkY8gXLdZUcSB%2B4OuGj81ohW7NokogXz0O8bhkvHet0F%2Fr%2BuJqSoL0blrhsh3LeAHs%2F1f9VidqQFa4UMTimNzUXKF6HyEzaj9FPtqXHxbvzgjsSbOTbQCsdoYAyxe2VuSfT0cF21C6tW4Pi5HYl5%2FNOtXfEpB5jJf4%2Bbx7I7C6ul9ibvcz3e0G8dQ4sR9NRt6McrebFjIuioG0%2BfGahJ%2BcJTqz8n91H%2FVLf%2BeSKhwLOqr5eNDmItuDOU2jTpc%2BIzfkwmQ%2Fc51pc7JqsuONYKMoz29el6ja9spRo4LfoiScRRwkwOXMFkanZ499wTMcanfkI%2BKnFQIqi73car8%2FQwpznbjBz04cMJ%2BYp69K3RBQmBj4XTvxoqyaIga882aENXbGrAfzmlvtF52E4K050MAedpo4gHz9VFNf8X605JoeIdQlSp2mZfztEMnbvHJ4NIu4mxhBjxENcZH2k83bWgfq%2BgpFnZfIQjMxUEtJu%2B2yI%2FnrQcd4tm5TdBWqOiuf6zE2ZgviC%2B03ULPG9Rw%2FFwP5Z0sSGnPV%2B5fpBbzH79NS4uQPhm2vMbBaemCHvgkRZC0aXpE42H74UO18CA2DxAN5SdxI08iIkL9vnHL8De5l42ICGHrN3MZUaGv90X7kWa%2FKpfqn9nGV6Yr7C%2FdUXpxCvLRPBKUIy3iQ0V6MhVJrmj4uyjVNhyGkm7TJ7wRBvuwmtV0YT5gUz6Rmc8%2FAndOOCKcOxH82dX9VpCnK7Y71V4imx6MknO9SgS6FLwvIuo6C9sNQDMsBvAp%2F7hJlrmrchIVDR1uC3WFjX%2FNeueBjPhlJ7AJCYfBioSSIGaVbbPFk2JV4EP7uibm25WNk3F9L0ih8gb1XRM5vAm%2F53tKkBt7BkSyWsdl%2B1nSdJj4gYnXlSEKs7k0vO8aSMP%2FWZyCcrVkgpiRyXXAy53opAI8Hdm4CJBwV9HWXBVI1yycww7Q1G0YmZQSfnCU6s%2FJ%2Ff4PgYVD6GpBVftPsECzlqea4HJNFlUsEpLvCsoWF7nnSZVxTMH2BXQaSz5GA8GsJFwgqcBHN8fhJGb%2BBoPiQetW4mCQWDiOQshXcp%2F4GEb%2BW57fyhECaulf%2FJxjJzcwBemOxHErKal8tN2hmF0hN%2FmtvTUhBximltC%2Bh9D%2FNXQtqX3Njn1a5Y%2FsmzUIZ8kXYY8RGBqiT0w00L6H0P81dC11UEInmP6Dl2ckaHACJiEydQ9Qc9CtxYM1sIcC%2F%2BPhDrHtz6Qs8RjIdn36S2DB%2F%2FOrCkqxklEBc5ZBufxkl5z8j12QQE%2FIWmJX8UhREAQcMpuRvbLWp83oT9bnPncMXW%2FvC9A4wUfren90V8QuL4%2F1ZftyM%2FzWgzH0wfoBlABWldiEiI%2F%2BdmaZLYxcKCRzSVwK7t6saTg9nWeylUuZIstelMoVsvpEqs47Qhn3czbu0munjN7PAcMQvOXRsCDa7ko6Prq6Av2zHelV910dneP%2FjFHdt73Is2PKvufXFlBuUYej20wm4gjMIAHhu%2FUXJHlz0mOm79drNCBSiQ3%2Fnzr6tyKwKk6a9Ifs%2F8x3pMnErhZl%2FkURtoKeZ3iykGQh6juESKG8E4%2F2y3r2Ey%2FDwiUicncFKB4um4SpNmyAqQ3%2BIehH%2BlkwtZet5fyE4%2BNvRU6m%2FqqNOJn45TQazJ9QZrit6w%2B1oOJJQdeSgkHdcas77Bzkk%2FWSfTsCP4pLE6K%2BZIHs4z%2FODtJ5XItsQYQM6icNapn1AMt%2BBx2%2BOHPnHVWzGCESmwpv5lxerilqUJgyqPVc4zF2oPSdEtzHeWwDA5dQhPgrX5NQgAtI2oMAVJlIRp2GcHuCiStXEn5wlOrPyf2eypqqTS0DPQaFrWFY1KXtqQRwqlj8ZLGZXkfqodYucA%3D%3D&mm_sceneid=1_0_52450797_0&a=xxc%3Dad_ztc%26mi_id%3D000029c0AojNEfX1OwH7Jk2TEsqxpEPIA-J4hDwtKumZR5A%26skuId%3D5902916559847&id=878500531402
964663420620,多啦变装叮当系列A梦盲盒6款蓝胖子可爱玩具桌面装饰摆件生日礼物,7.8,¥,,杨锦宏22,泡泡崎漫 PopQIoO,,2000+人付款,广东 深圳,"退货宝, 48小时内发, 包邮",出售状态:现货 | 系列类型:联名系列 | 选购热点:淘公仔 | 商品状态:全新未拆封,https://g-search3.alicdn.com/img/bao/uploaded/i4/i4/2925245066/O1CN01lOQGt51nIHVzGMy54_!!2925245066.jpg,//item.taobao.com/item.htm?id=964663420620&ns=1&abbucket=10&xxc=taobaoSearch&mi_id=0000VbG95OZiUOq6O6l4F2AFLfT4mb1KDOgQYfAP_wYfX7g&skuId=5653321533754
1016562312563,【TNT】DORA大表姐奇妙之夜系列盲盒潮玩公仔桌面摆件手办礼物女,139,¥,券后价,tb951775488408,TOYPUNK潮玩集合店,,100+人付款,四川 成都,"官方立减12%, 退货宝, 包邮",款式类型:端盒 | 出售状态:全款预售 | 系列类型:联名系列 | 品牌:TNTSPACE,https://g-search3.alicdn.com/img/bao/uploaded/i4/i2/2220762122549/O1CN01X6OK811UhUgtwjRXY_!!2220762122549.jpg,//item.taobao.com/item.htm?id=1016562312563&ns=1&abbucket=10&xxc=taobaoSearch&mi_id=0000djiFIxyTisPdvyLFyxdF-HiQ0POwQaZAOfu-1A15ggU&skuId=6022238805744
960458124364,【现货】MINISO名创优品迪士尼史迪奇GenZ街头系列搪胶毛绒盲盒,57.7,¥,,miniso名创优品旗舰店,miniso名创优品旗舰店,回头客200万,3000+人付款,湖北 鄂州,"官方立减12%, 退货宝",出售状态:现货 | 品牌:MINISO/名创优品,http://g.search3.alicdn.com/img/i3/127238467/O1CN01RBNXC42CPwXhHObCc_!!4611686018427380035-0-saturn_solar.jpg,http://click.simba.taobao.com/cc_im?p=%C3%A4%BA%D0&s=851627214&k=2433&e=RfudoVo7D9BnLrTZNwn5%2F7rG2RSiAP1hwil03HkaMPediC4ELu%2FVL2T2UTxm86M4PqoVlShUBTp7Enb8GozNTdKl4WRVlg2DY88jafQefbEJO3pGdMVZ0g5b5Ok6kjFmH34JIPvtVmEOng25KDA80DIjsJqbAtsnxHtFD1zKSa3gH%2B9zD51ViY2FF7UnIsd4uXdK9KdI5GSqVbylxoIrwM%2FHxRCTvmc911%2B8J1xOE2rjcnXHESSkc0%2FoR%2Bzpvxah7oymuFaX5yHXK1vj%2FHcP%2BcIpYT3aFCMrjHlZEwhbmBoyUfjnu4dAChRMU%2F%2FutyTx%2B4JGZlh78gg3jctmVBBJGTpkW7OhGjcptwgXmoNCwVEfY2PDOMWdK8QGT%2F1oGERF9%2F5JKHVCQpfZ3WDV2897Gmqf%2BL0qdFrqkhGUjViWIzgs7TmC2m4a6%2B%2BP2Xlr%2BjVQQYHO0%2F0F70DbKmaQQa%2FsGZwXk0uIcbDZo%2F4qrfI%2FrrqdEyOCAV%2Ft2zrPXhnrmCSjQTy3h8%2BiFMk0eCxpFd4%2FfZFi33rKiIkMnM1WvZ2bbS%2FyU6jtlS3K63l7L3Rb6RqYG5vlEQw68nke47XUihpxMHUHNsFrDOLWXzWTC2ghLPUzqxmMScgONecb5fusW8Te70bcyWNwyQaxUXBiUatb7%2BKGIuV8Wi6d4E5B2305S89ZklT0BVaQvib%2FEN9%2BaTbb%2BhIkUtm%2Bb%2BiljEtKh8y%2BT9h3UIs3pT6LrQCG8%2Bd9bAAemsY%2BmbRzo02PLmDimpHCX7XKKTZmUABmlRg0u0H0u3DI75t31H9bwupIpF44VI%2F45AG3BJOlWhZG%2FKAkBIt8IceG6FUHecHW%2FEk%2FqMrTClz4xUz4P6kzNx%2B2NLcB5CcrMbljkFdojvx%2FRhOFalfiGuVMXMDi2nzvUZiGRZLuT%2FeL2b08lLyxWnRkYqRwpKisq1gc%2B2wfPaVTTAfO72tbA0aFxDn1VmPQGusQ6l62tCcBLLb21eywG5vlEQw68nlOGAdS03u7Q5JR%2BLwZSD2rfmOwCSzZu00n056WDiqnT6AVt4Nm67g5IpwmlxKK94X9toGnFLk2bNN9P%2FPxTH3IO7grfHQWG4avQCnjuRGP8SzHc6g3v%2Fral2wm8pRnwlcqZgWkib82GG5fD21TAAh5510G1d8ss%2BI8AL4m5RWTxPOPY1xyBI3RqhaSgetLB8MhBXXgKkxMj9rA8A63IU%2BBmptlGgR5a0RtYrmEnxpuSmYvYenwIN8XBvSBmQIluZEoWe51fWaFjLqc5ki5U1Y7EEZBgjHBFOG0130YOYDviCLu8khSZFnuFEy6aW4l5xsMwaiesaAktZXIpKO0dzSQkWuOzqnTFAPO7I4nt4Me9181kwtoISz19VPIZY5Dn1xECaIUd5h9iO9G3MljcMkG%2Fh5Q%2Fq0702fWkjm%2BUui3QwNGV68v%2Bi8wWSL4393q1bfdiAr0nzSBpO80mw3Y5B%2BdH9EWTgT667r7I6cGnW5FxQsVXfMXQ5zGhp536gO%2BL%2FOpBHCqWPxksSzVzFRWn3UAyG%2FUmNdorYxoa8r3RkQsoNFhs7q2EsbuEVWcg0BvRjttMqe07d6ZFqYeWqT5bXPVgdT%2F7p880Ib91emMZcok3ia2AfMEL8kz53OtZ1Cbj2Y6xUeon9ssDrIcxmwAnQcSG5vlEQw68nk%2FjEL9SqsGbfAPASFbhNJAGCdo%2FcrpxfMbm%2BURDDryeb228Q43fWf4u6p5lor000WylgkketpxrerubKIwDYPE0hziayHOEoY9692VryGrkCIGyW%2BU1YlaxXiS9N27GG%2FZm1weGvVsTFd2kWG%2B0Dptu6TPrnqp5KBnspVLmSLLXkMkagMJxnHuA9d3COk3M2543gp2ivaSpl4jDdub4hOH5BNjKgEMWTyAEGrToIRlziDAb13ID0WzFhkiSaGXvW5U4vRWoxdFTW3fULeALVG9Dq0DXL%2BBxCwyUc2Y0jnbEiK%2BgkuMqgOgPHFWqHNmrYmMlhi39SNxOPFgsVETzPbq1GQygXy1ZOdXva86kA33b%2FqePsxmb%2FEwvVDRziJ8Fky84ELaRQkHpgbXkVnXmm79K6NJSCJmHgxJMDlAhMlzaIIFSkk%2BrEXb4qQjMqmBze%2Be%2BBc1OpzLjvrbKVB44DHCIo2nrEBlbccZeKc%2FSEcSlcg8txz%2BXjEkZXBgdcSOM6m4RGhobadhTx70xePm%2BL82ckg2laT6K3Y%2BKa5KDwCJnxtAGhiaUWj%2FX9ptJ%2FE1nPFZ2eX5RLsVxCMq8K4zg7%2BfdqBtzne8nFW05ErktIA9GUDOfgsCH5K7gWiMWJcs9yAQlv2wbL0u3dV3ZYBLp0zft20UNO7aGYSeBUzyyUsYbu80mw3Y5B%2BdDi2egxIA0As1KH4DC7rLdG%2BgX2OAhPZto0xMfWYOIlLeeej3HXzxEwD9QKs7BRUZ&mm_sceneid=1_0_127238467_0&a=xxc%3Dad_ztc%26mi_id%3D0000yhO_Dy9fuQRTQSTUE4eXTEgQR-PEFuhjc52sbePQXGU%26skuId%3D5772732760833&id=960458124364
918120380180,三年二班 文具盲盒大容量升级2025年新款高颜值文具套装大礼包学生专用学习用品,37.25,¥,,三年二班文具旗舰店,三年二班文具旗舰店,回头客70万,700+人付款,浙江 杭州,"退货宝, 包邮, 对公支付",,https://g-search2.alicdn.com/img/bao/uploaded/i4/i3/2687755709/O1CN01JUJowP1s2mFMOwB85_!!4611686018427381181-0-item_pic.jpg,//detail.tmall.com/item.htm?id=918120380180&ns=1&abbucket=10&xxc=taobaoSearch&mi_id=0000BGiiDe_WHcMQN6l-zzy5T8H1ZqnhAGmWOdaMQmiGOrc&skuId=6147248647633
,,,,,,,,,,,,,
,,,,,,,,,,,,,
922662178458,正版稚顽蜡笔小新之小新的周末系列盲盒潮玩摆件可爱公仔周边礼物,99,¥,券后价,tb394165191,木屋礼物正版店,,700+人付款,河南 郑州,"48小时内发, 包邮",款式类型:端盒 | 出售状态:现货 | ACG作品名:蜡笔小新 | 系列类型:联名系列 | 品牌:稚顽 | 选购热点:淘公仔,https://gw.alicdn.com/imgextra/O1CN01UtbX771FlsEYhbAdA_!!2209483790528-0-picasso.jpg,//item.taobao.com/item.htm?id=922662178458&ns=1&abbucket=10&xxc=taobaoSearch&mi_id=0000nGYDjLL0tgMBElwijjcS2GDiqMPf_pGZ5SCIiIQ6wRY&skuId=6031843853147
842901919258,泡泡玛特Hirono 小野小王子联名系列盲盒手办潮流玩具情人节礼物,16.5,¥,首单价,tb5969030_2011,百分百正品盲盒商城,9年老店,4000+人付款,广东 佛山,"直降2元, 店铺满30减3, 48小时内发, 包邮",出售状态:现货 | 系列类型:联名系列 | 品牌:POP MART/泡泡玛特,https://gw.alicdn.com/imgextra/O1CN01KDaWh420FcHdNnky5_!!732276820-0-picasso.jpg,//item.taobao.com/item.htm?id=842901919258&ns=1&abbucket=10&xxc=taobaoSearch&mi_id=0000sSroejCfvq0-f0UCFpV-oOMoka-dcOJT0nfHHm6RjF4&skuId=5897288927233
996629624220,【官方正品】疯狂动物城2盲盒小夜灯尼克朱迪联名周边手办摆件,25.71,¥,券后价,越途旗舰店,越途旗舰店,回头客1万,700+人付款,湖南 长沙,,单款概率:1/8 | 款式类型:端盒 | 出售状态:现货 | 品牌:越途,http://g.search.alicdn.com/img/i4/521550071/O1CN01nYcGQ61COZExDoViH_!!4611686018427386103-0-saturn_solar.jpg,http://click.simba.taobao.com/cc_im?p=%C3%A4%BA%D0&s=851627214&k=2381&e=f2Hf%2BJJOjQ1nLrTZNwn5%2F7rG2RSiAP1hwil03HkaMPediC4ELu%2FVL2T2UTxm86M4PqoVlShUBTqB1C7SfVZpQj2l4Z%2FQJ9KefH8V%2B6JhrfIH2qFm41TqVA5b5Ok6kjFmH34JIPvtVmEOng25KDA80DIjsJqbAtsnxHtFD1zKSa3gH%2B9zD51ViY2FF7UnIsd4uXdK9KdI5GSqVbylxoIrwM%2FHxRCTvmc911%2B8J1xOE2rjcnXHESSkc0%2FoR%2Bzpvxah7oymuFaX5yHXK1vj%2FHcP%2BcIpYT3aFCMrjHlZEwhbmBoyUfjnu4dAChRMU%2F%2FutyTx%2B4JGZlh78gg3jctmVBBJGTpkW7OhGjcptwgXmoNCwVEfY2PDOMWdK8QGT%2F1oGERF9%2F5JKHVCQpfZ3WDV2897Gmqf%2BL0qdFrqkhGUjViWIzgs7TmC2m4a6%2B%2BP2Xlr%2BjVQQYHO0%2F0F70DbKmaQQa%2FsGZwXk0uIcbDZskdNpLgCwjU3xHE7%2BtUNodkyVqSS7WpSRXcvQIETF0YdKF4cYpzNRoet%2FbrXTsmcQ4DON2MDIlqbXX30Z6Bq1MxYNRRoKME2H3a8duPj2re2MXPO6J3KjxyzAPQQIzWgW75nmTHA1Zw6HGCf4zpMShu5lbMRFlEZTyKPKOptVMh%2Bz42x4tX3fTxSIVDqY8dgg7DMyDDii0KA5NM5UL5VDLMbjf5yBRWem%2B3qLc51jodTDS82NBg%2FyHWlzsmqy441goyjPb16XqO2DoyZ0WiL8Q1x1YnQmmfkUmcorkUHinbXLOml8RBiAtLfjqXJSEVl47ad9B%2BxyXueMKlIsZJ14pG%2FwW6U2ZnX2JWdUT75lxKOXw5SfKqmN%2BQLf0pDkSHOGuVMXMDi2nzvUZiGRZLuT%2FeL2b08lLyxWnRkYqRwpKjvQlwxCA58qaVTTAfO72tbhldwr6NoHQGHrf26107JnDQA57gvx1p85JuzhQ2lF5O83%2BD%2FIGMEKNuxOIMDAUh3zpEVsIQb0am1bVXUTEqUAkeR8BS3MCPcGwcbxipAvqG2oBZcCHXCco%2BFMAiQHBL1ZN3bDAfMjX2M2kUk84%2BHP6fNA8JYd%2BRd3bHVgU10wYZFkErn11t1%2BU7nS8bU3z8XXt1wTTm%2BDxuKt56Hw60larB9oMpwTCG%2FXIg59iM0Z4l1MflRE8L1wdXSsMfJM%2BU0KqdMl5v2UKleSmlxwEm1cFnJ84Q38NheNK4uZVoWnu2c3MjjFeW434E56uJf7GOvqKcaW%2FMd4SHmvqy9MNqpry0gf60t8i%2FUuCZgdMitD3m2MXPO6J3Kj8xYNRRoKME2YooRHXz1BWibXX30Z6Bq1ByzAPQQIzWgTml0gxCYYl770Y47fWAeQ8bgkp%2BGyT6vh1o0nzjRut9HGpjPn%2BaBnAL0g%2ByKsfSffQFJxs2rFVFFYvoQhPdVVP9dTfS8%2FmNoDgFZlkaZlJPC0a4gbwtMrhb88pCznsgHHAYF8%2FXdkP%2B2wq5f2OVd41URlnRhYhxckyFso%2FAYefAV%2F5dFl%2BDsXzblpPVUbsYa3bKlaJO43LUwdS8qYiJpz5dM3w0HyZiMVtehsO9ep7T6MDcD71GQ8iOkEkfgajJCBSnTkb0c2YdfKr8AQCgMnHWLfF6kjSNPqCNbh860PVpOP21Ng%2B1qffj3zOGRtprKdYt8XqSNI0%2BMDSTMbd%2Bx2rUbeYZWp%2BVWwpP2ESa4tI7nd8ieIgvAJm9FhXVX4sVx1EoXXJnh8aDMBJWYUPMUbAdoAJ%2BbNvodLTpmCmwpoqC2WGLDmA%2Bm4rxjWGX0a2loJZzUjmIFM3F06j3oAvtnw5Lr5bCKqVXDh4%2BTl%2Frp%2FdQuB%2B2JJAWVpMX%2BMmolytCB0FxRaCtnm9XaUyOGNY5UuewESP%2BZRg9LAYE%2FAyHZJSf%2Ba%2Bp%2F%2FB2TbGglcfFPYcxqPnd2TDxkqK7P3zw7hE5dQd1UwSEl5nF%2BmIrdwLHqWB4Dl1EbEogfAdqAr8Zmcyxiyr7n1xZQblGHo9tMJuIIzCAB4bv1FyR5c9Jjpu%2FXazQgUokN%2F586%2BrcisCpOmvSH7P%2FMd6TJxK4WZf5FEbaCnmd4spBkIeo7hEihvBOP9st69hMvw8IlInJ3BSgeLpuEygdaPlNl58nPn15cHL1F%2B%2BX8hOPjb0VOtSnCgyhw%2B53fCBe7Z70O3IGI2fCXwUJT6hZK4nUv8D8c5JP1kn07Aj%2BKSxOivmSB7OM%2Fzg7SeVyLbEGEDOonDbSjheLLFg3mF9ce0ZogKNfbxTVAzNwPhpZBNYNgTXlxggr%2BDKekSBJAarUvN68SlFRyLwGmHtmWPc8Bw3AGSGTDMBraASWoNf9dTfS8%2FmNosVDjXURZvBCAyO1aQ4g4ecvd%2FMkqEsqXzhH9PVt6v7A%3D&mm_sceneid=0_0_521550071_0&a=xxc%3Dad_ztc%26mi_id%3D00007csDFfPfWKYy_Sa64Lev1QET9aIKxbCnTipunoZOnzU%26skuId%3D6016225065685&id=996629624220
869694943526,2025年新品正版九尾狐传盲盒女孩潮玩小公仔桌面装饰摆件惊喜礼物,23.88,¥,券后价,tb7847856,艾萌小玩意,,600+人付款,浙江 金华,"官方立减2.9元, 淘金币已抵0.23元, 退货宝, 包邮, 公益宝贝",,https://gw.alicdn.com/imgextra/O1CN01XgGWMh1cF74lctaag_!!754083570-0-picasso.jpg,//item.taobao.com/item.htm?id=869694943526&ns=1&abbucket=10&xxc=taobaoSearch&mi_id=0000m2fHlQynIlZ_wcWr8F3_0FmDkiwbr3zcvfR9-29w5AE&skuId=5866847914763
906655768906,线条小狗吧唧盲盒送透卡可爱新款75MM谷子徽章礼物胸针徽章礼物,9.68,¥,券后价,二次元幻想屋,二次元幻想屋,,5000+人付款,福建 南平,"淘金币已抵0.4元, 48小时内发, 公益宝贝",,https://g-search3.alicdn.com/img/bao/uploaded/i4/i1/2218838555706/O1CN01MFdsdy1s1P18dZ8tj_!!2218838555706.jpg,//item.taobao.com/item.htm?id=906655768906&ns=1&abbucket=10&xxc=taobaoSearch&mi_id=0000w-uDdEc_xM9etM8ArMQuIFF91vFoY0ZWljUxUMmF4b4&skuId=5983776807235
955713007327,【首批现货】变身电器街BJD盲盒特六可动人偶MJD潮玩手办摆件礼物,116,¥,券后价,潇洒放羊娃,壹间潮玩商城,,100+人付款,广东 广州," 3期, 包邮",款式类型:隐藏款 | 出售状态:现货 | 系列类型:联名系列,https://g-search2.alicdn.com/img/bao/uploaded/i4/i1/2113121802/O1CN01CyarGX1PBMphyBto1_!!2113121802.png,//item.taobao.com/item.htm?id=955713007327&ns=1&abbucket=10&xxc=taobaoSearch&mi_id=0000a0iKL7NWh9ZptNaH2dmpGvC-IsnGYfjiqjNvzWcCtvA&skuId=6010450092993
1012331413759,一二三代星星人大号手办盲盒全套来自星星的礼物系列摆件生日送礼,18,¥,券后价,tb693658381305,潮玩手办玩家,,1万+人看过,广东 汕尾,"退货宝, 48小时内发, 包邮",款式类型:隐藏款 | 出售状态:现货 | 系列类型:联名系列,https://g-search1.alicdn.com/img/bao/uploaded/i4/i2/2221518926747/O1CN01Cq3PKA1ziBNSzsYIC_!!2221518926747.jpg,//item.taobao.com/item.htm?id=1012331413759&ns=1&abbucket=10&xxc=taobaoSearch&mi_id=0000tk_2IJFL0ocSv5sFIUGV5P0rqbg59GVEb-7V30zMPJg&skuId=6013403272390
1008393523220,原谷动漫樱兰高校男公关部绯白萌礼系列毛绒挂件谷子盲盒女生礼物,43.9,¥,券后价,tb458342223734,原谷动漫,,100+人付款,浙江 丽水,"官方立减12%,  6期, 包邮",款式类型:特别版 | 出售状态:现货 | 系列类型:联名系列,http://g.search.alicdn.com/img/i4/7238045350/O1CN01MhFcA31pOM4FqAeeL_!!4611686018427383462-0-saturn_solar.jpg,http://click.simba.taobao.com/cc_im?p=%C3%A4%BA%D0&s=851627214&k=2393&e=pC2mEC12R4tnLrTZNwn5%2F7rG2RSiAP1hwil03HkaMPediC4ELu%2FVL2T2UTxm86M4PqoVlShUBTq33rXm%2F%2FuW78kE0vSjOzQESV9Pl46MZU8H2qFm41TqVA5b5Ok6kjFmH34JIPvtVmEOng25KDA80DIjsJqbAtsnxHtFD1zKSa3gH%2B9zD51ViY2FF7UnIsd4uXdK9KdI5GSqVbylxoIrwM%2FHxRCTvmc911%2B8J1xOE2rjcnXHESSkc0%2FoR%2Bzpvxah7oymuFaX5yHXK1vj%2FHcP%2BcIpYT3aFCMrjHlZEwhbmBoyUfjnu4dAChRMU%2F%2FutyTx%2B4JGZlh78gg3jctmVBBJGTpkW7OhGjcptwgXmoNCwVEfY2PDOMWdK8QGT%2F1oGERF9%2F5JKHVCQpfZ3WDV2897Gmqf%2BL0qdFrqkhGUjViWIzgs7TmC2m4a6%2B%2BP2Xlr%2BjVQQYHO0%2F0F70DbKmaQQa%2FsGZwXk0uIcbDZskdNpLgCwjU3xHE7%2BtUNodkyVqSS7WpSRXcvQIETF0YdKF4cYpzNRqFcuY6uh%2FpVrdUukL1Jo4BIEWLlb4lZ%2FDs0eOW6BlM1m5%2BZ1ivkIOpFVTKeSi7HTmM%2FGk0OtT8BgS2jBhqd6QFLVzrE8pfwWSZ%2FO0JibAgmnmsAjOOQEWB9FG4Gwb5eor7gj%2FmyVpo%2BBs7QxGyETrsXV9rOifwNoZquHi2TCVgn3lHDCU56yk786NBVtVZyAbk3o0zOKLdNOiY2TCQ4pRYoOaXVq1F1X%2B6Nmn1ICkv5UmcorkUHinZD9xyOfgfEiYffHAZI4tsOnfWMQZZRvU3ZYTaoLxaX9gZYCtFQNjnHygJ76xnKN5tknq2mRAaDcEO7B4MtXb%2BKb7RedhOCtOdDAHnaaOIB8%2FVRTX%2FF%2BtOSaHiHUJUqdpnseGqcYDEuouDSLuJsYQY8wYYQnMU3k5NbqEiZfbT7R6Opvq%2F3jU5hsI30vlCngmNGYCpKQGGm1Vq9KN0aFy6y6u3jkDtqG9QObxy3C%2Fg3rlkRsdAZwUhinfhZ%2BHDQSYOAQ4AN9Hh%2BAlIijJgPA7lrWBQeM%2FjKVAqQO0iaK1SyaMZA94mG%2FKeMXyI2cgItnvI8Xz6lBLllfuAVnXe%2Fb0enwEBegwuM1MYRuQzAX26xBysWoDAtsBhTiP%2Bg8vmwxrSaTEsZSnSFkPQDTTJJioKQx%2B%2Bg%2BZJK3yN1WsovJefEn9n4fcmvRvf32qstEIdXze%2FNWtcsjgsAqbvPcjJe7YIeWqxd%2BWEvhdbnxYrx9uhdoVZg%2Bku%2BWstSR7ztM1%2B%2BzAyQdggZPNSnzUkmGo%2Fz0np1STmvds9mIp0dXuFq1LZHHdfyqiUnFio3VMz4yvh5n3b00pNcwTG%2FwGadijvVcHgjCTOT2GJVv9%2F2lcd%2Fq38WlHkTQnffSWk53Fco9%2F0cDu0NEc%2Bxa3ObpV8Z70MsNmVFy5TI3Tdd7YT1k2uVPK8fkcjeXVN40PxChOOiKCORkMkevCasEiXhxMEpaynaMzHFfN88mpn95EUaXT%2FbFBYki3K3MY9PJ3TAAKi1NvFG07H%2B96ym%2FVoBXYO6qIXmpwZFgdEd5F0ASr03T4NLZpaJxJkZYoq5w9zzznxt%2FmKg0ivOIAox2HvpTDgKjl%2FEJXVI%2FI9EJF7f8pkhTaFTJtVySvAPASFbhNJAe%2FKm%2BKcFW%2BwucEqk7C4GlyavnIvlhNENDlvk6TqSMWY%2BnmbNnlCD%2FH3ATIV4IwKIrTUwssadsaqYgLoemaWrfbE%2Fht78ya6LjmG3khjLBC0CN5RQm3RwtOOWsS60Pd4k%2Fmvqf%2Fwdk2wKgzA3IegXdowcLfsBAU5N8TeZiww3cKSGVMPs4LmOyKlzl85euB1XpVNMB87va1vqklmNij%2BFoJjmdvb7MIsC1oa0YyEvxp%2BH7F4loNCmfaRjtNuxJ1wQJmRBz%2BeiaPJNTzsDgz7xnKwWyBhGe43EE4H7vzNSw8aZcCH%2FbCuoJ6iTf8V0D%2BwYYXk9%2BZ6pkfxWC8vBaR%2FlCG5i9S5HFxNDegLkDcVZhdyBhCIutiHgwW2wiK5xUTbj6ymUveOxIXFJIin4uuC3UtLBi%2BVLCup1qZc94%2B531ep1UlEbXwtMj40S4EmDmQTfTuc%2BtzmRyFyfKCufuKbTCUkPTMQtHxluZBfsnM0O4Fgimv4JK2N9UB446m%2BUw3tGD9rP57Tbh2q5Y2IS3wkOPA0PpBEOx9YcWKLVWw3EsmuDo9BtdPpxME0gfSpranJgZJI4LiYOOYP0wfoBlABWlZC1Qv6tLDtsVpInkPmzo3H58fpPNL68nTzW4JfD2J2oiWeFulT295TcVyj3%2FRwO7ai%2FQ4bRPS4MlUd%2FRTN6EH1Aav9DxjyrU1X7T7BAs5anmuByTRZVLBIIzbeN4lOscQ%3D%3D&mm_sceneid=0_0_7238045350_0&a=xxc%3Dad_ztc%26mi_id%3D0000m91-nWQCJ9b-PfB8Xxugls4cGrJ7RIFLLl3BXt56RuU%26skuId%3D6010325733376&id=1008393523220
894449665736,2026新款水果洞洞乐盲盒豪华版儿童抽奖惊喜戳戳乐男女孩玩具礼物,46.8,¥,券后价,绿巢恬家园艺,TOYBAR淘乐启蒙,7年老店,4000+人付款,广东 惠州,"退货宝, 48小时内发",适玩年龄:3周岁以上 | 适用性别:通用 | 产地:中国大陆,https://g-search2.alicdn.com/img/bao/uploaded/i4/i1/4021749489/O1CN01CrjBak2Jy1J109FQi_!!4021749489.jpg,//item.taobao.com/item.htm?id=894449665736&ns=1&abbucket=10&xxc=taobaoSearch&mi_id=0000frF31Of77uHC-xwEaw6L3NCVE9T6AU_C24t0Qdj9X1Q&skuId=5923513327385
962450201961,TOPTOY小熊维尼和小豆好朋友系列毛绒盲盒噗噗盲盒可爱生日礼物,59,¥,券后价,toptoy旗舰店,TOPTOY旗舰店,回头客9万,3000+人付款,广东 广州,"热销爆款, 退货宝",,https://g-search3.alicdn.com/img/bao/uploaded/i4/i3/2211430099222/O1CN01bVaq2y2HzjbS696Uz_!!4611686018427382038-0-item_pic.jpg,//detail.tmall.com/item.htm?id=962450201961&ns=1&abbucket=10&xxc=taobaoSearch&mi_id=0000wn4NdHAKXBkurq02snrDG2UEpdaualhiBGX7b4fVFZc&skuId=6073086831191
996049569272,正版MINISO名创优品YOYO右右酱萌趣歪头盲盒2025新款女孩手办摆件,79,¥,券后价,tb5033331269,萌域盲盒店,,2000+人付款,湖南 郴州,"店铺满20减5, 48小时内发, 包邮",款式类型:隐藏款 | 出售状态:现货 | 品牌:MINISO/名创优品,https://gw.alicdn.com/imgextra/O1CN01wsC7Hr1iLQE6HyKTY_!!2212157264396-0-picasso.jpg,//item.taobao.com/item.htm?id=996049569272&ns=1&abbucket=10&xxc=taobaoSearch&mi_id=0000rbqgwvAjhgRyqy7eyrfS4yTDRu6mrgwQun72YQEH_IM&skuId=5983501089282
964247283363,原谷动漫人鱼陷落甜梦时刻搪胶毛绒潮玩盲盒可爱玩偶女生公仔礼物,69,¥,券后价,tb458342223734,原谷动漫,,31人付款,浙江 丽水,"超级立减12%,  6期, 48小时内发, 包邮",款式类型:端盒 | 出售状态:现货 | 系列类型:联名系列,http://g.search1.alicdn.com/img/i1/7238045350/O1CN019k4Q601pOM4YDkfkP_!!4611686018427383462-0-saturn_solar.jpg,http://click.simba.taobao.com/cc_im?p=%C3%A4%BA%D0&s=851627214&k=2401&e=xVdar6D4yvdnLrTZNwn5%2F7rG2RSiAP1hwil03HkaMPediC4ELu%2FVL2T2UTxm86M4PqoVlShUBTq33rXm%2F%2FuW78kE0vSjOzQErQTgSAeJI5cGiuu9NgsphQ5b5Ok6kjFmH34JIPvtVmEOng25KDA80DIjsJqbAtsnxHtFD1zKSa3gH%2B9zD51ViY2FF7UnIsd4uXdK9KdI5GSqVbylxoIrwM%2FHxRCTvmc911%2B8J1xOE2rjcnXHESSkc0%2FoR%2Bzpvxah7oymuFaX5yHXK1vj%2FHcP%2BcIpYT3aFCMrjHlZEwhbmBoyUfjnu4dAChRMU%2F%2FutyTx%2B4JGZlh78gg3jctmVBBJGTpkW7OhGjcptwgXmoNCwVEfY2PDOMWdK8QGT%2F1oGERF9%2F5JKHVCQpfZ3WDV2897Gmqf%2BL0qdFrqkhGUjViWIzgs7TmC2m4a6%2B%2BP2Xlr%2BjVQQYHO0%2F0F70DbKmaQQa%2FsGbzecMOrVu%2BG04d8vdRHXCkJfoQNcvgkeDWLYjHRg6RtCynVWu%2Fpp9xcePHwzdLG6TtMrZKwCTDuq2EexIFZBRkRV431SyKlZVioUELo%2BcCufQBvXXVXZqLthKOvTXm8zEcjP%2BYqdAPPzc3mgUhQ7JVSnqrK9HJACOwADF%2FKwa6MXP174limIjq%2BqVIwmW0eHe0nPRAKxKz%2BKallD39%2F%2Fn3bz%2FMlTG6p5gFiZE2MYxb0xi010IAoMsgYXHT%2BhV1R%2FChhVwdLPAgoUvURco2RC5bbOfhGqC0G7zWCnn6vOrrR31XpnfaRFi14XM8uFwPpg5kqVjLJp%2FROM7or5%2FPMyTDwY1jN%2FhPJZYWWhkjVDWUqe7R5NL8R70HFph8xWarr%2F7UGnah2MhjZckg2laT6K3aFMq%2BWSejc2BtAGhiaUWj%2FX9ptJ%2FE1nPFZ2eX5RLsVxLiaSYX%2FrFgWsbXuQfQjYtQ9VlNWvtPLDU9trYgzmL3o31XpnfaRFi1YRxahm254q5JR%2BLwZSD2rO02QkJMeZGCJL1isHybpitraGnnWHAtt04g%2F2WlKudF%2FdwT1Mb4yES%2Fke1CANyBCr0Ap47kRj%2FEsx3OoN7%2F62jawKma1e10JKmYFpIm%2FNhhuXw9tUwAIeeddBtXfLLPiPAC%2BJuUVk8Tzj2NccgSN0aoWkoHrSwfDIQV14CpMTI%2FawPAOtyFPgZqbZRoEeWtEbWK5hJ8abkpmL2Hp8CDfF7uFWtymOdcIbW%2FUA3Qv%2FdC6nOZIuVNWOxBGQYIxwRThtNd9GDmA74gXnxZs%2FsQFahRMumluJecbDMGonrGgJLWVyKSjtHc0kPW8HBDuY25OE1HRqDe%2F%2FnGsmb5C%2BpvD%2FoiZ9ex2Td2Zo%2FZXFbeBd0ZlPwQgIdzYITV%2FFqt%2FO9hZoy%2BgvrZXJPU%2BslMLgySTh4RIobwTj%2FbLXSJKcZGG8KGQxAs%2F94Pa%2BR1EaEQCjIcp9QhcmjeYASQzndLRxHY2nHncNar8gNpJm9GRyTN0qjztm91C80%2BI5NLoAC0KgTcS%2FhlwoqVXNE2rI3cM5%2BjdglL%2BGHxjVC4MYDR%2BM%2FSH0p2FH8yFeVAXiVjOLfZ0Rcty6lbDZ6%2B%2BihD9gjB0In3aNJDBFTD08hDKaSvPdor3dZzkWU%2FpgP52ZSm8ZdsiYm44kgt7uXO0FnSRE2l%2BfWUSMTk77klu3XqCTj9tTYPtan3498zhkbaayqIGUDWTYKiQcLwRe20d0EQbY%2FMxdXYmtGVpWF47g%2BIhoUrNKBkY9UtAKziRIrg27CIGyW%2BU1YlaxXiS9N27GG%2FZm1weGvVsTAeMtz6jX9FnWgm4R0QC45hcg7ZlGZ9sORbH2VJfE1S7dCjQlm%2FwMjz0cttrPs34ntHUEyTTyuC8pkKZBYrYshzFItC9XDVgGsBto9ZgXGzPWOBGkg7btXiVzk7wjggcpgru3qxpOD2dZ7KVS5kiy16UyhWy%2BkSqzl3sU5i3k4fPVFAkCmi3gXW85dGwINruSsgZK%2BklRSpD6VX3XR2d4%2F9q0jRlxdLW%2BfrYonF7UXeQGAZvVja1KPENcAFUjvIh9MkO%2FipAVa2YckT5FVW%2BiBtG2vkreurVwUISp93rfPWisKt8XdhK1HQAQItJdjt4modaNJ840brftMuAmj%2BgPTCL%2Bz%2FZKUP2wLEuH8nyiFPdfB7%2FzHyJj6QxGpE56d5CBPbpD4zWUxabnCrLSiFoIm%2BrNVPKABoj7fvcjoa1TeXOpTpW9y645fyKaW%2BXL5ibONJeTCYNQ4WF13cQGm2lww1MAdXIH6DoM0DOfgsCH5K7JO3tn%2Fpcnancxc0S9IwB2lFORucVqDxIstaCARNVYE6E%2BCtfk1CACwstwSbVwJpPBUf%2BrHfE0%2FrVDpYz6aP%2F2mkSCNMXLLcXBoWtYVjUpe2pBHCqWPxksZleR%2Bqh1i5w&mm_sceneid=0_0_7238045350_0&a=xxc%3Dad_ztc%26mi_id%3D0000_0tOBwFnSicxn-BZkc7bbw7kvDUUb5mEibJvEvjg35c%26skuId%3D6191475523556&id=964247283363
991091019424,【现货】MINISO名创优品三丽鸥Sanrio characters白昼之月盲盒,59,¥,,miniso名创优品旗舰店,miniso名创优品旗舰店,回头客200万,1000+人付款,湖北 鄂州,"退货宝, 包邮",款式类型:隐藏款 | 出售状态:全款预售 | 品牌:MINISO/名创优品,https://g-search2.alicdn.com/img/bao/uploaded/i4/i1/3459177618/O1CN01tfkrwa2696LAu2MCR_!!4611686018427387026-0-item_pic.jpg,//detail.tmall.com/item.htm?id=991091019424&ns=1&abbucket=10&xxc=taobaoSearch&mi_id=0000AHaL40N7EkhA7iKlZbOLQJJcM0SUSgXog4AvF3XvMO8&skuId=6159358286444
970243145273,正版TOPTOY蜡笔小新美味春日部盲盒手办潮玩可爱公仔桌面摆件礼物,43,¥,券后价,q13905067997,GUTU潮玩店,9年老店,1000+人付款,福建 泉州," 3期, 店铺满20减10, 退货宝, 48小时内发, 包邮",款式类型:端盒 | 出售状态:现货 | ACG作品名:蜡笔小新 | 品牌:TOPTOY（玩具） | 商品状态:拆盒不拆袋,https://g-search2.alicdn.com/img/bao/uploaded/i4/i1/2010275103/O1CN01ha1cLj1nZECyHSuH7_!!2010275103.jpg,//item.taobao.com/item.htm?id=970243145273&ns=1&abbucket=10&xxc=taobaoSearch&mi_id=0000mxFDPctMn8TTJESHs8deSFcuYjDqwdRvpdA78lAH86Q&skuId=5918060712180
,,,,,,,,,,,,,
938637016503,名创优品线条小狗潮玩盲盒周边农场采摘车载香薰可爱摆件女生礼物,29.9,¥,,xiao_taotao88,星梦潮玩城,,700+人付款,广东 东莞,"已补10元, 退货宝, 48小时内发, 包邮",出售状态:现货 | 款式特点:静态 | 品牌:MINISO/名创优品,https://gw.alicdn.com/imgextra/O1CN01MCW6sX1OflV0gGxi3_!!773771733-0-picasso.jpg,//item.taobao.com/item.htm?id=938637016503&ns=1&abbucket=10&xxc=taobaoSearch&fpChannel=101&fpChannelSig=14c4820528b9891678f8e9465398dcb8bda09aa9&mi_id=0000HeUXSOuv4y6FXDYzwgQZ_MluJ1Y9KjJZnPveBzoFK-M&skuId=5831277232726
993525946169,MINISO名创优品Sanrio characters复古餐厅盲盒星星发光冰箱贴,29.9,¥,,miniso名创优品旗舰店,miniso名创优品旗舰店,回头客200万,1万+人看过,湖北 鄂州,"退货宝, 包邮",出售状态:全款预售 | 品牌:MINISO/名创优品,https://g-search3.alicdn.com/img/bao/uploaded/i4/i1/3459177618/O1CN01SJ3AVe2696LXIKYQH_!!4611686018427387026-2-item_pic.png,//detail.tmall.com/item.htm?id=993525946169&ns=1&abbucket=10&xxc=taobaoSearch&mi_id=0000PVuTWvHtqJ7JcRb9YIE20Tt4T2ESEMzwkWdRvIMpbTw&skuId=6179368554147
891971924439,泡泡玛特THE MONSTERS拉布布航海王系列LABUBU海贼王盲盒手办礼物,59.9,¥,,李超越0922,TOP DOLL 俱乐部,回头客1万,800+人付款,广东 广州,店铺满299减3,款式类型:端盒 | 出售状态:现货 | 系列类型:联名系列 | 品牌:POP MART/泡泡玛特,http://g.search3.alicdn.com/img/i3/1392190029/O1CN01KtHidb1C5KbkrJI3V_!!4611686018427380301-0-saturn_solar.jpg,http://click.simba.taobao.com/cc_im?p=%C3%A4%BA%D0&s=851627214&k=2361&e=GqlmsYqebutnLrTZNwn5%2F7rG2RSiAP1hwil03HkaMPediC4ELu%2FVL2T2UTxm86M4PqoVlShUBTrTOtuVw2uetu6lreU241tiGHiBXLGrS0cH2qFm41TqVA5b5Ok6kjFmH34JIPvtVmEOng25KDA80DIjsJqbAtsnxHtFD1zKSa3gH%2B9zD51ViY2FF7UnIsd4uXdK9KdI5GSqVbylxoIrwM%2FHxRCTvmc911%2B8J1xOE2rjcnXHESSkc0%2FoR%2Bzpvxah7oymuFaX5yHXK1vj%2FHcP%2BcIpYT3aFCMrjHlZEwhbmBoyUfjnu4dAChRMU%2F%2FutyTx%2B4JGZlh78gg3jctmVBBJGTpkW7OhGjcptwgXmoNCwVEfY2PDOMWdK8QGT%2F1oGERF9%2F5JKHVCQpfZ3WDV2897Gmqf%2BL0qdFrqkhGUjViWIzgs7TmC2m4a6%2B%2BP2Xlr%2BjVQQYHO0%2F0F70DbKmaQQa%2FsGZwXk0uIcbDZskdNpLgCwjU3xHE7%2BtUNodkyVqSS7WpSRXcvQIETF0YdKF4cYpzNRtcBuKi%2FlTptr27j9D3VP2u21ZBwrU0rmansrX2ot8ATfs7SkYLQ0iwF%2BHrdYtmM9lpG8urATaX97nCcCRnPyBKk%2By2leHIwiZFU%2Fie%2FgoYvyly562MHcdGkwssNlqfGlicO0OwkFxJpWnK7alr%2FtyaA5NM5UL5VDJquHi2TCVgn3lHDCU56yk786NBVtVZyAbk3o0zOKLdNOiY2TCQ4pRaIM%2FPZLEZj7TK8oEckp3%2B80EnP1ZlSTCWZr84HfQjTl%2FnyefvZu872AaP8aPFkcFWRu61frMftYuGHjcW8AM%2Bi18l55XdgfBrZiT532%2BnhcycUA3rZpKfKG1IXPcTu7exorjRsaMkmTbcUF6oGYhz6j8vHk84ryyaHf6q3f%2FNILrnnrc9cZyNhF9ce0ZogKNfP6Ff%2B9G5HBZ3H1wyMUqaq2gKRxyH7stOwjfS%2BUKeCY9uz4E%2Bi%2BiMQBnK4xOlSI0jq7eOQO2ob1NEZ6Ccin5XBwCFIdSCCxVnQ2cvnZCUC4IBDgA30eH4CUiKMmA8DuWtYFB4z%2BMpUCjfjd4d1oVZuxkD3iYb8p4xfIjZyAi2e8jxfPqUEuWV%2B4BWdd79vR6fAQF6DC4zUxhG5DMBfbrEHKxagMC2wGFOI%2F6Dy%2BbDGtJpMSxlKdIWQ9ANNMkmKgpBAVqWHzcMrytq%2Bh57hGmkNvPZ%2BKS%2FuvYjaqy0Qh1fN781a1yyOCwCpgosoohnb7v1arF35YS%2BF1ufFivH26F2hVmD6S75ay1JHvO0zX77MDKT7LaV4cjCJkVT%2BJ7%2BChi%2FKXLnrYwdx0aTCyw2Wp8aWJw7Q7CQXEmlacrtqWv%2B3JqkDAKllAeYA1hX2uS%2BixEwJM5PYYlW%2F3%2FaVx3%2BrfxaUdXRYFs%2F25AbdnhlbAZGDgnnRPas7u5KJF%2FUCPnkNLzc7yv0b0u2d2PWTa5U8rx%2BRyN5dU3jQ%2FEKE46IoI5GQyR68JqwSJeHEwSlrKdozMcV83zyamf3kRUSfEoj8yWOWgAQbkkzjAH5fEAnSc7ESzAML%2FUKObmYwobsLT13AONv6K2PvJTFUJHdCSlcazqiiRsncWsZe8NJJvihPznRd5taT2esaCCuZ9gT4iC7gF82sSJd27d3o20m%2BKE%2FOdF3mQiQBEtqTVKneGIG4AtU7Wh8SHIzAQy285SyWBMzHMr%2FJL6lDZGLXZpZ%2Fq1xbEnkZ48SMx1l0aCz%2Byofid9EuHK2DSdoR4FBXxh0BIPL5V%2BE%2FJrP8WdzyfGxgFFVkzkzJNsSb4hOtWEd%2BAkaSzEMvvalzl85euB1XpVNMB87va1vqklmNij%2BFoKMVYRlFj%2F0XVy7hs%2F%2BQDjaHkU0kqMtUJSxBjpV%2BvdUSKQtWNAb3XlrSzkiY2dZ4vLKiREq%2B9pDFQidoaMRiO4VgymkqB37vTi7bqToQePhs%2BtiicXtRd5AYBm9WNrUo8Q1wAVSO8iH0yQ7%2BKkBVrZhyRPkVVb6IG0ba%2BSt66tXBQhKn3et89aKwq3xd2ErUdABAi0l2O3iah1o0nzjRut%2B0y4CaP6A9MIv7P9kpQ%2FbAWyZsMejSUvEajTu3RPPipDEakTnp3kIEHjI6TNXEi9DtFzF3vN7oG4B%2FxHjI4%2Blc%2FH9GE4VqV%2BIa5UxcwOLafO9RmIZFku5P94vZvTyUvLFadGRipHCkqKyrWBz7bB89pVNMB87va1sDRoXEOfVWY9Aa6xDqXra0SSegLcXnC83qFB64dAmdTs4irvF4hdL2dLPXREfCHj7nLEHbH%2Bx%2BrLDtJB3PnoeCDtA%2BkFSjrpBtZbt4DqFBtpT61HxseKiuwtGuIG8LTK5Vw5wbNHPwgw%3D%3D&mm_sceneid=1_0_1392190029_0&a=xxc%3Dad_ztc%26mi_id%3D0000vxHEJFnJioguW3AXiDuKanBc8lmWeLSXLLhftrcrg4w%26skuId%3D5904535498646&id=891971924439
903299978951,情绪超稳的小暹罗盲盒2025新款女孩可爱植绒暹罗猫奖品小学生礼物,8.8,¥,首单价,拖出去砍弟弟,天龙盲盒摆件,5年老店,1000+人付款,浙江 金华,"直降1元, 店铺满4减3, 淘金币已抵0.17元, 48小时内发, 包邮, 公益宝贝",出售状态:现货 | 商品状态:全新未拆封,https://g-search2.alicdn.com/img/bao/uploaded/i4/i4/3301562696/O1CN01MZk2wh1VmopzHHXtM_!!3301562696.png,//item.taobao.com/item.htm?id=903299978951&ns=1&abbucket=10&xxc=taobaoSearch&mi_id=0000t2kq_wRYaT-8e3cXXbrcdj4cqprmGHCHg_dstQm_WM8&skuId=5985924795610
991294141979,【现货】Kodak/柯达 Charmera数码相机迷你钥匙扣盲盒 新年礼物,268,¥,券后价,2009hzx,卡森乐园CarsonPark,7年老店,1000+人付款,广东 广州," 3期, 24小时内发, 淘金币已抵5.16元, 包邮",像素:200万及以下 | 变焦倍数:定焦 | 屏幕尺寸:0.1英寸 | 重量:101g(含)-150g(含) | 镜头类型:固定式 | 有效像素:200万及以下 | 传感器类型:CMOS | 高清摄像:标清（640x480） | 品牌:Kodak/柯达,https://g-search1.alicdn.com/img/bao/uploaded/i4/i2/396330636/O1CN01ZpdRIj1GZL0SAWuCw_!!396330636.jpg,//item.taobao.com/item.htm?id=991294141979&ns=1&abbucket=10&xxc=taobaoSearch&mi_id=0000w3SI1Ok_jwDz9Mnqtm1wbR4y-5jbcmIR2OHxreYYkv8&skuId=5972487737923
995490437442,正版米甜bjd盲盒二三代运势小签灵8分海洋宝石可动人偶摆件礼物,92,¥,券后价,hodgkintan,潮玩新天地,回头客4万,1000+人付款,广东 东莞,"退货宝, 包邮",出售状态:现货 | 系列类型:联名系列 | 品牌:come4free | 选购热点:淘公仔,https://g-search3.alicdn.com/img/bao/uploaded/i4/i3/2000635076/O1CN01QKknhH1nMrYAm7GgV_!!2000635076.jpg,//item.taobao.com/item.htm?id=995490437442&ns=1&abbucket=10&xxc=taobaoSearch&mi_id=0000wHsBdcVuDJEJG6_HuOOwPDI8tCHP9NB3NQQWiO0DlPs&skuId=6140645626285
775944365550,周杰伦官方正版周同学十二星座盲盒手办周边确认款送人生日礼物,40.4,¥,券后价,ishow0716,周杰伦国际后援会,,5000+人付款,浙江 杭州,"官方立减12%,  3期, 24小时内发, 退货宝, 公益宝贝, 酷动城",款式类型:隐藏款 | 出售状态:现货 | 品牌:周同学,https://img.alicdn.com/imgextra/jz3_1/1756600142/O1CN01N1dy0o1Cv5GqotKOF_!!1756600142-0-alimamacc.jpg,http://click.simba.taobao.com/cc_im?p=%C3%A4%BA%D0&s=851627214&k=2285&e=Md8XZrcSGJVnLrTZNwn5%2F7rG2RSiAP1hwil03HkaMPediC4ELu%2FVL2T2UTxm86M4PqoVlShUBTo3%2FIQyln%2B%2BUt06XIbb1H2Gbk3Q%2FIuNzoIJO3pGdMVZ0g5b5Ok6kjFmH34JIPvtVmEOng25KDA80DIjsJqbAtsnxHtFD1zKSa3gH%2B9zD51ViY2FF7UnIsd4uXdK9KdI5GSqVbylxoIrwM%2FHxRCTvmc911%2B8J1xOE2rjcnXHESSkc0%2FoR%2Bzpvxah7oymuFaX5yHXK1vj%2FHcP%2BcIpYT3aFCMrjHlZEwhbmBoyUfjnu4dAChRMU%2F%2FutyTx%2B4JGZlh78gg3jctmVBBJGTpkW7OhGjcptwgXmoNCwVEfY2PDOMWdK8QGT%2F1oGERF9%2F5JKHVCQpfZ3WDV2897Gmqf%2BL0qdFrqkhGUjViWIzgs7TmC2m4a6%2B%2BP2Xlr%2BjVQQYHO0%2F0F70DbKmaQQa%2FsGQiP1tECU5qO8aeXkY8gXLdZUcSB%2B4OuGgsE0UWogEi4tEO0qQAjr7Xet0F%2Fr%2BuJqSoL0blrhsh3LeAHs%2F1f9VjUvgOWdHUklqBB1cuop2ZoJZ6Lx27S4sm5MprzOhy5rOTILVtAPxux2eBGaOzY8ojqG9CO7OCLQc22%2BtOGWyMr6p%2FZRf9VR1DVJsUz5c5U55vYtIQPiMSSQbv5Avr2St5vyRqo4Y7oBIyxDCgz2HkPj4dRdzTekLBwLOqr5eNDmItuDOU2jTpc%2BIzfkwmQ%2Fc51pc7JqsuONYKMoz29el6jn4fooa2ZjSHF028j6N0maA%2BmIBepWOFeZESRGFRfImoIqi73car8%2FQwpznbjBz04i19Exj31o38ZFpmT46IHKYqyaIga882aFQjDXC1bjDzeI0fGAingvz%2BKSxOivmSBRpdNHfENhQ4Sc9EB3v6deOJ5nJH6vJAtGEbsARVJYLWSUfi8GUg9q3Py1%2BH6bCbg6sUy7aUilSe4q%2B8wNwy%2Bb80yzm7Wchf3%2B49gowpC603TfT%2Fz8Ux9yDu4K3x0FhuGr0Ap47kRj%2FEsx3OoN7%2F62pdsJvKUZ8JXKmYFpIm%2FNhhuXw9tUwAIeeddBtXfLLPiPAC%2BJuUVk8Tzj2NccgSN0aoWkoHrSwfDIQV14CpMTI%2FawPAOtyFPgZqbZRoEeWtEbWK5hJ8abkpmL2Hp8CDfFztYrFv1ZzSQ9MJq85X4p0W6nOZIuVNWOxBGQYIxwRThtNd9GDmA74gi7vJIUmRZ7hRMumluJecbDMGonrGgJLWVyKSjtHc0kOF7fmtB9cjEy22pGGLbcTdNllKcNJyGdlFXx5e4c1XFhmG9aRRV08JI%2BDhAJ3Q0LATbGtzuY8GKSuwH6tgK5Pvd2XlhyvVLh6p%2BWhAIQosh9sYclTpYEjJNllKcNJyGdlMRLNJN4Mcea2fqHWynIQ7aaIFBF%2Foq4y3fhgUbzMvT3nno9x188RNXevliokugpZhiE3%2FmiKbpHHRZ3cYV83VXWZcQe%2FnoLCL%2Fn8xSZRRAvj6FuHrXrbs8JPCJr33T4hvaf45ioJOUd%2FRIO7x3PcAAYnnCcM35YKK4ZJvcOkUARsncWsZe8NIbq3zgFERJx1b1PiQtLMFE9gT4iC7gF82sSJd27d3o2xurfOAUREnHnDCieMtTcxjeGIG4AtU7Wh8SHIzAQy285SyWBMzHMr%2FJL6lDZGLXZpZ%2Fq1xbEnkZ48SMx1l0aCzZBrN3YwLWvS2MXCgkc0lcf75Z3n9S0Uo%2FJrP8WdzyfA5ILAaZfLjDww7vSbZPm5tbdC6G9W0Oq6lzl85euB1XpVNMB87va1vqklmNij%2BFoJ9XPPLTvw%2FZMRCyvl2dngSHkU0kqMtUJSxBjpV%2BvdUSSjTCKsQUr%2B3SzkiY2dZ4vLKiREq%2B9pDFQidoaMRiO4VomV07MW6Ayy7bqToQePhs%2BtiicXtRd5AYBm9WNrUo8Q1wAVSO8iH0yQ7%2BKkBVrZhyRPkVVb6IG0ba%2BSt66tXBQhKn3et89aKwq3xd2ErUdABAi0l2O3iah1o0nzjRut%2B0y4CaP6A9MIv7P9kpQ%2FbAoUDMWq9wRJ0ajTu3RPPipDEakTnp3kIED1%2BdNSuRTgTgaHI6DNY3%2ByLEU857U8TJG7wWpSBEjzAV%2FV8ekYgcxhtSFz3E7u3sirJoiBrzzZrXUoBl4zca1cpNDpydbIgio6OXpZZO8VQdLNKgkDhRExpGTywB0jQ2C2bckxwdsQQ8WyakLDP8h7TZ69PI9ErDQGr%2FQ8Y8q1NV%2B0%2BwQLOWp5rgck0WVSwSCM23jeJTrHE%3D&mm_sceneid=1_0_52450797_0&a=xxc%3Dad_ztc%26mi_id%3D0000D2p-hIl6lcI17tXicuT1yfBW2njViCeVbXB2URIm0ws%26skuId%3D5818804054738&id=775944365550
1000847539775,正品猫猫PAL小陪伴日常盲盒手办可爱猫咪创意桌面摆件送女生礼物,9.9,¥,券后价,tb0420786166,四木摆件,,300+人付款,福建 福州,"淘金币抵0.2元, 退货宝, 48小时内发, 包邮",款式类型:隐藏款 | 出售状态:现货,https://g-search3.alicdn.com/img/bao/uploaded/i4/i1/2212478772183/O1CN014Qw5Sp1RzriphnjTQ_!!2212478772183.jpg,//item.taobao.com/item.htm?id=1000847539775&ns=1&abbucket=10&xxc=taobaoSearch&mi_id=0000NE40D3kJQi7Nv-JgOJ4_x9vFrXxUnyRU1TBqk5D8Hvw&skuId=6155627574828
926464021981,名人名言逢考必过励志鲁迅盲盒装饰摆件考研上岸加油学生开学礼物,39.6,¥,,兴邦苑旗舰店,兴邦苑旗舰店,,700+人付款,浙江 金华,"淘金币抵0.5元, 退货宝, 包邮",单款概率:1/10 | 出售状态:现货 | 品牌:兴邦苑,https://g-search2.alicdn.com/img/bao/uploaded/i4/i2/2218300018652/O1CN01zmCRkH2DmfpZvF2Qt_!!4611686018427383772-0-item_pic.jpg,//detail.tmall.com/item.htm?id=926464021981&ns=1&abbucket=10&xxc=taobaoSearch&mi_id=0000P92742YC1r5DSqjP_WJABhdLU0gyXSr6RLBT2ZxYZJc&skuId=6020690626699
928515432752,小学生新年礼物实用奖励小礼品儿童生日伴手礼品盒幼儿园盲盒毕业,10.5,¥,,starpartner旗舰店,starpartner旗舰店,,2000+人付款,浙江 金华,包邮,适用人群:儿童 | 场景类型:生日 | 适用节日:医师节 | 包装种类:礼盒装 | 风格:复古风 | 修饰词:美好寓意励志,https://g-search2.alicdn.com/img/bao/uploaded/i4/i1/2218262603910/O1CN01cYRI9I1ekphs9GMnj_!!4611686018427381894-0-item_pic.jpg,//detail.tmall.com/item.htm?id=928515432752&ns=1&abbucket=10&xxc=taobaoSearch&mi_id=0000PxhW78PJHaM6usmw51I1JpPaZDz8E-q7VtLl1vsWmFg&skuId=6093231930557
1017149708747,【正版】麦和BOXFUN轻松熊手表盲盒咕噜咕噜时刻腕表女生新品,42,¥,券后价,tb96644889,Omakase潮玩盲盒专柜,5年老店,200+人付款,广东 东莞," 3期, 店铺满11减10, 退货宝, 包邮",款式类型:隐藏款 | 出售状态:全款预售 | 系列类型:联名系列 | 选购热点:淘公仔,https://g-search3.alicdn.com/img/bao/uploaded/i4/i4/3428527084/O1CN01KznxUY22CWqnBPH8s_!!3428527084.jpg,//item.taobao.com/item.htm?id=1017149708747&ns=1&abbucket=10&xxc=taobaoSearch&mi_id=0000uR5I25UOLWFzsDYv9VwzPYkDSfK8sUur8AyrEALjN-E&skuId=6188448539841
754163587999,B.Duck官方小黄鸭招财鸭潮玩盲盒手办工位桌面摆件居家创意公仔,67.92,¥,券后价,bduck旗舰店,bduck旗舰店,10年老店,300+人付款,广东 惠州,"官方立减12%, 淘金币已抵1.58元, 退货宝",单款概率:1/4 | 出售状态:现货 | 系列类型:联名系列 | 品牌:B．Duck | 款类型:隐藏款,http://g.search.alicdn.com/img/O1CN01vDTE7G2AUPBDQI9qF_!!4611686018427381822-2-item_pic.png,http://click.simba.taobao.com/cc_im?p=%C3%A4%BA%D0&s=851627214&k=2337&e=eyHzV3paasxnLrTZNwn5%2F7rG2RSiAP1hwil03HkaMPediC4ELu%2FVL2T2UTxm86M4PqoVlShUBToRAj%2BxRQt1KhtXaiKYgVD%2FFYFpHPPdu70H2qFm41TqVA5b5Ok6kjFmH34JIPvtVmEOng25KDA80DIjsJqbAtsnxHtFD1zKSa3gH%2B9zD51ViY2FF7UnIsd4uXdK9KdI5GSqVbylxoIrwM%2FHxRCTvmc911%2B8J1xOE2rjcnXHESSkc0%2FoR%2Bzpvxah7oymuFaX5yHXK1vj%2FHcP%2BcIpYT3aFCMrjHlZEwhbmBoyUfjnu4dAChRMU%2F%2FutyTx%2B4JGZlh78gg3jctmVBBJGTpkW7OhGjcptwgXmoNCwVEfY2PDOMWdK8QGT%2F1oGERF9%2F5JKHVCQpfZ3WDV2897Gmqf%2BL0qdFrqkhGUjViWIzgs7TmC2m4a6%2B%2BP2Xlr%2BjVQQYHO0%2F0F70DbKmaQQa%2FsGZwXk0uIcbDZskdNpLgCwjU3xHE7%2BtUNodkyVqSS7WpSRXcvQIETF0YdKF4cYpzNRkiUgPcEadoHRaT3%2Faz6j8dZRyBnNYCBNbL7GPGIr3n2iKO7XD%2Fmtqeqr5qyZKf8dM2gKANMa3PbcA1SFlCS5LwoGsmp6bUyfytonPwj7qngSfP3y%2BRKYz97rfHMfqLWZifvMl4UMuRRmTh8pb66rRf%2BUc1LyvSlBFL4qf%2B3uNZdTLnYpzojIoOKywF7uN3Oabk3o0zOKLdNOiY2TCQ4pRbFUFzSDy9Rw6b1WlcJ%2F5HB593NGlI5qOjxgnfIhpzMdov7ddkv33ZfDCnOduMHPTiuGugdn2Y5P%2BcyalgQqz0airJoiBrzzZoQ1dsasB%2FOaW%2B0XnYTgrTnOTGkOQbi1HFN4uyDQ3QFEVnZ5flEuxXEIyrwrjODv59xb31hE5Gxs5gaAnL1DAh7DFOS9CsCxD0MCW6DSKTTKoqyaIga882anVOauEW3SvKwHs%2BTTyAYPXNLNqmBrBYQaf2jmg2brFx7rfHMfqLWZhSKwQV23gs4xPzXPMZPe7iUXWYDnNpM7fOtwekYW9hoiY7OS%2FTkswbRI%2BTdHWMF%2BlZmj0Z8%2B5kL0c94uKqZlntTifKpVam9PEiO9qwmb7kK2WInpxmEED74Lusiday2vQaC%2Ff6us9IeU7blc9ip5Ze%2BNQ4l%2B8tGige%2BtCncM4FQoBXVcG0iYezZRST4XbCRbrFFRA8J5npK9T4MmvARnJtLKJ%2B%2BeoXWBRipGH%2BJ7Ion7tNrPuFcWxzyHE8jYLOZfk2FUnds9dR5oSsT9xz9Cd2fbjTkuSIm4rrrBz5%2Bl4Obrznv%2BoTJBZcbuj03joVIkCywdFBwDJhRxdQTMwHaA1dcyAnTVi6pcYP3hr9XJBU7hEihvBOP9stdIkpxkYbwod2RVGDiYWnEBFgw8uS8tuZoPuYDaTDTtcF7oSC7SQHzedw1qvyA2kmb0ZHJM3SqPO2b3ULzT4jkOR203h8X2bqDTuXViz2nsKsjdwzn6N2CbJ4HlKaHejk%2F%2F8py6meh0urqgu6kZeXAvxAUlGBYbmSsWZgXBdcgEOFxef5POMhENOTpJdFyify1qgH4kqEaQd84auCcArNEDAlug0ik0yrpgLM6fCZF2JgVDWpEjF0aiskhLSNvVeEMCW6DSKTTKsRIFFfAOxDWDlvk6TqSMWY%2BnmbNnlCD%2FH3ATIV4IwKIrTUwssadsaqYgLoemaWrfbE%2Fht78ya6Ln6fb9%2Fl1VoBkbRjlf%2Bnc7DApKcLp7czkzWrId6jcW%2BcbP3xb1NLToil1GcsKMcPZ9drjYmtM93Gh07bTf9CXrwiFMT6PEPLjYMFLHv4ZKwI84jPUNwgD54eRTSSoy1QlLEGOlX691RIgT9QSySMTidLOSJjZ1ni8sqJESr72kMVCJ2hoxGI7hfK9JVB%2FWKqs61p7tVdF%2FYP62KJxe1F3kBgGb1Y2tSjxDXABVI7yIfTJDv4qQFWtmHJE%2BRVVvogbRtr5K3rq1cFCEqfd63z1orCrfF3YStR0AECLSXY7eJqHWjSfONG637TLgJo%2FoD0wi%2Fs%2F2SlD9sBS2MKErnvGlRqNO7dE8%2BKkMRqROeneQgQWmQ7Ly2Zr4fmr9iYaPJTFIsRTzntTxMkEacEQNC1uKqU6VvcuuOX8ElY1dbKBd0n1MIc9Dd8zLIOj0G10%2BnEwTSB9KmtqcmByBtsk5sykg0EaAJH%2BM%2B7Zf%2FqxBF6nfy8oiopA8qGqMrtfjK6NxSxjDnH%2BjHppBryBe%2BtW3gSFHY5KxLx5WIyMDw01r8Ql3b8qlmOg84X12A5avELtC0%2F%2B9ZNrlTyvH5HI3l1TeND8QuGRT6VocYRw&mm_sceneid=1_0_109402477_0&a=xxc%3Dad_ztc%26mi_id%3D0000djS5T183fHoaVJ_1hlKebEjLg-FF7sy5OOjgvgn9ytE%26skuId%3D5704234025415&id=754163587999
924274074314,2026马年盲盒洞洞乐创意小礼品小学生奖品抽奖男女孩儿童新年礼物,49.7,¥,券后价,七彩猪运动旗舰店,七彩猪运动旗舰店,11年老店,1000+人付款,浙江 金华,包邮,,https://g-search2.alicdn.com/img/bao/uploaded/i4/i2/2090004912/O1CN01jqXdKo1m9kacsaKGj_!!4611686018427384240-0-item_pic.jpg,//detail.tmall.com/item.htm?id=924274074314&ns=1&abbucket=10&xxc=taobaoSearch&mi_id=00009U6pw88Zld5RxDHeKZRxKSb40WGIGFaPT4Y0PYIl_z4&skuId=6184852187060
987441975375,"【新品】PLZDOT官方爱宠大机密""小白的生活""系列公仔可爱盲盒摆件",61.17,¥,券后价,tb086198083,潮玩集合社,回头客4万,1000+人付款,广东 广州,"48小时内发, 包邮",款式类型:隐藏款 | 出售状态:现货 | 系列类型:联名系列 | 品牌:Plzdot,https://gw.alicdn.com/imgextra/O1CN01LNade21qROJYW6WR5_!!2224965492-0-picasso.jpg,//item.taobao.com/item.htm?id=987441975375&ns=1&abbucket=10&xxc=taobaoSearch&mi_id=0000OfoN0zDQlWBkdk7J3dpKDVqYRZp69bQl5ENJWaCM-60&skuId=6120152651513
878370400213,黄油小熊文具盲袋六一儿童节礼物男孩女孩实用惊喜网红大礼包盲盒,39.9,¥,券后价,tb652773485,好时光好物馆,6年老店,1000+人付款,河北 廊坊,"官方立减12%, 包邮",出售状态:现货 | 系列类型:联名系列,https://g-search1.alicdn.com/img/bao/uploaded/i4/i3/2812782759/O1CN01Hct9Qh1WFfm4fRtmf_!!2812782759.jpg,//item.taobao.com/item.htm?id=878370400213&ns=1&abbucket=10&xxc=taobaoSearch&mi_id=0000sUUa7smp_JC_fu-xzYcU27QKH2ZVz8m1g0uEWbeZoLE&skuId=5884632554356
857903063774,神马都有盲盒2026新款马年吉祥物摆件公司年会活动礼品新年礼物,16.8,¥,券后价,ak79472519,小海妖潮玩盲盒,,100+人付款,湖南 长沙,"店铺满20减2, 48小时内发",出售状态:现货 | 选购热点:淘公仔,http://g.search2.alicdn.com/img/i2/130232816/O1CN01OAXw6w1WfmRLKDsS8_!!4611686018427384304-0-saturn_solar.jpg,http://click.simba.taobao.com/cc_im?p=%C3%A4%BA%D0&s=851627214&k=2337&e=UU2BN5BWLIRnLrTZNwn5%2F7rG2RSiAP1hwil03HkaMPediC4ELu%2FVL2T2UTxm86M4PqoVlShUBTo0LM4fkeeyemoffuaOKNCkxr2ZRiD9VJQGiuu9NgsphQ5b5Ok6kjFmH34JIPvtVmEOng25KDA80DIjsJqbAtsnxHtFD1zKSa3gH%2B9zD51ViY2FF7UnIsd4uXdK9KdI5GSqVbylxoIrwM%2FHxRCTvmc911%2B8J1xOE2rjcnXHESSkc0%2FoR%2Bzpvxah7oymuFaX5yHXK1vj%2FHcP%2BcIpYT3aFCMrjHlZEwhbmBoyUfjnu4dAChRMU%2F%2FutyTx%2B4JGZlh78gg3jctmVBBJGTpkW7OhGjcptwgXmoNCwVEfY2PDOMWdK8QGT%2F1oGERF9%2F5JKHVCQpfZ3WDV2897Gmqf%2BL0qdFrqkhGUjViWIzgs7TmC2m4a6%2B%2BP2Xlr%2BjVQQYHO0%2F0F70DbKmaQQa%2FsGUATSpv0KeUjTwNRF8RtDh%2BJrRA3iSu8wTWLYjHRg6RtCynVWu%2Fpp9xcePHwzdLG6TtMrZKwCTDuJbGdFt6Qi%2FZBCY0LO5AzlZG5JdnVA0eRSl1HmY47z6t30nKYjKXX3ezwCT0iMtQQIsx51hypAC%2ByNApNQUMaNguE2HiG3FUCLTOvnEc%2Fau1DGcPAos1gb5y%2Btq0erYxhN3L5YWBQlll3ryPbZfEXTxvF5rNT36ZBj2NrbaXXGHHyPMhfbl6oYiRheqD1Yo709S8sX1dz%2BrGy1t11aAffYPvsd0QlD%2F%2FoQQmNCzuQM5V16FGXCkYDI%2F%2F8x7TSHOy6m%2FPxLWMtsvABmS7pLfRnrzzDc4jPMaCE%2Fl0z%2FnsrHwf9nTu%2Bf3w3UtmJPnfb6eFzJxQDetmkp8obUhc9xO7t7GiuNGxoySZNtxQXqgZiHPqPy8eTzivLJhl7NjV5Iw7%2BOVbwbrZAXhog7giT2pq2GacaBNupW8DjP4knOqMMCdGSUfi8GUg9qwl5S3XdBozpqfSkplr9IXpwjFnaZbXe9%2F5dM%2F57Kx8HE6BkvMx%2BI9%2FTWfBh8SuPh69AKeO5EY%2FxLMdzqDe%2F%2Bto2sCpmtXtdCSpmBaSJvzYYbl8PbVMACHnnXQbV3yyz4jwAviblFZPE849jXHIEjdGqFpKB60sHwyEFdeAqTEyP2sDwDrchT4Gam2UaBHlrRG1iuYSfGm5KZi9h6fAg3xfCPKQWHFSLrpyrLd7yh7eJhc%2Fv%2FPIjrakQRkGCMcEU4bTXfRg5gO%2BIIu7ySFJkWe4UTLppbiXnGwzBqJ6xoCS1lciko7R3NJC2uMIoMqGcMS0zr5xHP2rtQxnDwKLNYG%2BcvratHq2MYTdy%2BWFgUJZZd68j22XxF09mrpNhYKD7HiLdvzxVPOXUlAcVB24ro8hZIvjf3erVt92ICvSfNIGkcQ6dp3UTcxKrNSzfhJ7vsO3mLL0BjA81H3J8AD2audaGnnfqA74v86kEcKpY%2FGSxLNXMVFafdQDIb9SY12itjGhryvdGRCyg0WGzurYSxu5twx%2Frd%2BoUYshD4tJuAElHqtC%2FcZ53hbs9am96mqjEc7xYJb4jUD4jrU2C3eOyuGdtYBTmv61QakyzurbZNFU6ITdMvu%2BYg62nGgTbqVvA4xV5bs7sRGro8A8BIVuE0kAD0Ry7pO%2FY8qcaBNupW8DjwxFBlijal6C7qnmWivTTRbKWCSR62nGtVGOual0qUAN7DwInl6CNzV%2B22hirQp6AEaeoNQzFEaG3R%2BHwcUDBiujObwzNZ3%2FfXIO2ZRmfbDkWx9lSXxNUu5NNr%2FGNmTCnn53ga03P0bjkEsHCVIDDT6H6x6At858N7YILW4RP%2F1NQoUw%2FaI8gF8i6JerZupIVZ7KVS5kiy16UyhWy%2BkSqzo2o1tNuhnIAa6eM3s8BwxC85dGwINruSunfYaZNMtnX6VX3XR2d4%2F9k9M07nwr7k8q%2B59cWUG5Rh6PbTCbiCMwgAeG79RckeXPSY6bv12s0IFKJDf%2BfOvq3IrAqTpr0h%2Bz%2FzHekycSuFmX%2BRRG2gp5neLKQZCHqO4RIobwTj%2FbLevYTL8PCJSJydwUoHi6bhCbPmDxiPtBZ6Ef6WTC1l63l%2FITj429FTn7jACZm0ftZ8J5XHutoAmLrD7Wg4klB15KCQd1xqzvsHOST9ZJ9OwI%2FiksTor5kgezjP84O0nlci2xBhAzqJw1qmfUAy34HHX2pQbAiAjXY9tIa5%2FV34Zvlw4fqrk1cIFcBg7xRS2UeQQmNCzuQM5WE%2BCtfk1CAC%2FzRkRg0X%2B45nVSxjIbUZ2qyNApNQUMaNrax0BZDOThiBoWtYVjUpe2pBHCqWPxksZleR%2Bqh1i5w&mm_sceneid=1_0_130232816_0&a=xxc%3Dad_ztc%26mi_id%3D00009b1t_-QLuWOVT0iui1FjiLdn6lselkRYFWxL2dkgatw%26skuId%3D5836626334665&id=857903063774
999739770007,MINISO名创优品轻松小熊咕噜咕噜时刻系列腕表盲盒潮玩可爱正品女,49.9,¥,,miniso名创优品旗舰店,miniso名创优品旗舰店,回头客200万,500+人看过,湖北 鄂州,"退货宝, 包邮",款式类型:隐藏款 | 出售状态:全款预售 | 系列类型:联名系列 | 品牌:MINISO/名创优品,https://g-search1.alicdn.com/img/bao/uploaded/i4/i4/3459177618/O1CN01UHBbUT2696Lo86fyD_!!4611686018427387026-2-item_pic.png,//detail.tmall.com/item.htm?id=999739770007&ns=1&abbucket=10&xxc=taobaoSearch&mi_id=0000S0qPGFbrPBWXMnbN9vWTiwebCGv8LakUK0oYT-2EdQ8&skuId=6030691181423
999161922795,现货麦和Rilakkuma轻松熊咕噜咕噜时刻系列手表腕表盲盒生日礼物,63.52,¥,,mightydugks潮玩旗舰店,MIGHTY DUGKS潮玩旗舰店,,400+人付款,福建 泉州,包邮,单款概率:1/9 | 款式类型:隐藏款 | 出售状态:全款预售 | 系列类型:联名系列,https://g-search1.alicdn.com/img/bao/uploaded/i4/i4/2221101304264/O1CN01FQKKAr1hMxwaGx5Nt_!!4611686018427382216-0-item_pic.jpg,//detail.tmall.com/item.htm?id=999161922795&ns=1&abbucket=10&xxc=taobaoSearch&mi_id=0000p2zPx17JDdE4S0DhB_KMgdKqrKqioUPH8_RY07LQrIM&skuId=6150753147167
780161755548,【官方正版】蛋仔派对盲盒一起去野餐系列手办公仔玩具生日送礼物,59,¥,,蛋仔派对旗舰店,蛋仔派对旗舰店,回头客1万,4000+人付款,广东 东莞,退货宝,款式类型:隐藏款 | 出售状态:现货 | 品牌:蛋仔派对,https://g-search2.alicdn.com/img/bao/uploaded/i4/i1/2215615145455/O1CN01iijN2T1qARY1q9gTN_!!4611686018427381231-0-item_pic.jpg,//detail.tmall.com/item.htm?id=780161755548&ns=1&abbucket=10&xxc=taobaoSearch&fpChannel=101&fpChannelSig=2ecff986af5976da5be2cf34a9607e7bc38d3cbc&mi_id=0000V2HeDxRfbCISmG2rm7CEeqmmV4s9jfjC_TIiQ5_KMXs&skuId=5507298090377
1007743937465,疯狂动物城洞洞乐朱迪尼克盲盒2026新款女孩戳戳乐儿童豪华版抽抽,11.33,¥,券后价,童妙母婴专营店,童妙母婴专营店,6年老店,300+人付款,浙江 金华,包邮,材质:塑料 | 适用年龄:3-12岁 | 适用性别:通用,https://g-search2.alicdn.com/img/bao/uploaded/i4/i2/2200784115695/O1CN01LDk48I1rwMhzkycgU_!!4611686018427385839-0-item_pic.jpg,//detail.tmall.com/item.htm?id=1007743937465&ns=1&abbucket=10&xxc=taobaoSearch&mi_id=0000v8LIO5Xjp7cAa8nE7DOHBgtMRNjjDtCPkwhWDq62-Ag&skuId=6019838717386
977803988448,盲盒公仔定制手办树脂工艺品订制钥匙扣挂件手机支架来图定做logo,4.4,¥,券后价,tb788942694259,广东趣萌工艺品定制,,32人付款,广东 中山,官方立减12%,,http://g.search3.alicdn.com/img/i3/9308542502/O1CN01LN8h1n1ULy3MtK14K_!!4611686018427385382-0-saturn_solar.jpg,http://click.simba.taobao.com/cc_im?p=%C3%A4%BA%D0&s=1199098264&k=2393&e=lSdjCzfYfy%2BPIKbkytNT25l3LhIy63meSToICMYKYhhoOlbAwEg5IAIxwMpT5xZ0p0xM3g8CLs7jdP5aB4XEK7iXiIu8cLSkMNrda91KqzK2E3atW70SpIKJWxIyWg9efvXwKSMKqQb3bnjd9cwRZrxDdnckp40WdNsXsTYBrTLAsDsQUHtymYdnRRA5G4Zl%2FoaEyvPr23ZrH81jHZHZF5mVAheSYyCEftM%2FLWR9HjNi3NyV852zQjQ1AQrJ%2FSxpIXshalkjV1PPl9hJ6XUePUJYDMj0BVaijzUARq4rxTsxRKRwakwFN0O6X%2F%2BP70jifboIuLKF6V2UWoyCfVBl1CsERiyDs%2BuGyYpJeVtKnf2iFDnXpR3mDyyYN2nFkmWgftaru%2Bft%2B9ezmlWmJAll%2Bd6nKh1Fgf1cX2F4t%2BEinC9heZ%2Fd5k%2FLB%2B9T7QC%2B91sgtN5CzDKND78jC672LbNhA5P0j1dOEZ0BT5dgUdgLbw2wx%2B68Lr15vs%2Bdag79SeWT9NCU0Hd9ziwMaF1A1W9Z6Wv%2FqIbDIIysZLjgIJI6jnXNTE9Pp17EjHB5OhQfn4BuDPuf2JxvzcLyV30pkzFlcVltc%2BgE%2BYOqGdU19NX6i79HKDfi5eNkJqJuoBL7aiYMwvwtrA4HTebNTE9Pp17EjFltc%2BgE%2BYOqqEU%2Fz69D0a7medNYTAth7ELG8VcYE3FATWXPHSl8WTMFXVvJd5z2EZuBJb3mLRpdUOnAOmXvG%2FmH9f1G8qLSoeCx78OGdL5zFbt2k%2BxBU1folSQQ2ea00%2BW8R%2B4Isztz7bQemLwDF5Ew2kZFUS%2B1Q9BRQoDW7lI2G2BpIEdgL7h8gBFqjgkYiYi7bd5YR1AirhGE9z0QNE9w%2BNNaYjXTFjyRkaJN4HBvxrgStcw%2Bq8Ainshao02OZ%2BgXt1qlU1h%2FwNsg7WD3x4b3kKjsJiLzv2rPf3X1f0Vqa%2F%2BohsMgjKwfPyn9jm0DGRlbcN42OVmjmNRmAHFdjhJbWwTOJZXIqk79nCpZDUsziLtt3lhHUCJRcwBe1GB%2FhOnMBno1YpJq897w8RnT%2BxdtFOSskQ7S4O6j44caOlPthL8k50u4c%2B2kbY8DymsDwWiNiKLTbk%2FyjqigKuhFEcYx%2Fw720IW0WUXORRXgd9cCtIIFNn7lodC4YId0CcoK7OkAKqqlElKvORivlnTswEzmLPMaqz6CL3TuACAUAI69ScA4%2FYqO1R2zUl8LZs5L%2BOk1B4BXwXTVdA0w7yy7ey4N33qWUZrioxRAKVZ46PId5ExiwW4JKHzyV30pkzFlcXB5OhQfn4BuX8ScpbfI65DVipUd7qgkD31f9Vu7qlBzqyAI9xewzoukgNLwvyskJmvxGt2dZ%2BS5wrc0VtGmgaBWtHjh7TQDIKLnfsofrwlwsAnMtRxbC1ayVmAuIAhV2%2B0Cbgt%2BcPCU0a3D6R2jGNxZbXPoBPmDqmUcc1fjLhQ3KZVt7I2727dxALoWWg0%2FMP2vhcYzvLGtMqZmdI%2BQcGJpEkIJUwPc2R3SnN%2F6GfuKVU0tDd9%2BvEjJsyuYkOIpDLzQ8vvv6NGXohpZrzOG2xRJv5%2Bb1xnjdEcQMCjZ0qs3zadPcA6Y%2F%2Bn0rrcQBW7Q3l4UJjuSvFbjh%2FX9RvKi0qENxrXdYyrX8HP%2B5yDxCLoeOHDlagofbmSH9f1G8qLSoaHaVkSAp4zyOA4%2BRuwx%2BSrmzYgovbZIOFqzREkQtMc1wBnURk6yK4gaU9mAcMEOVvUdWxMp%2BPV%2F5rfpPmAsWLYIyANXj8w8w85EpEvTtF7sq1jGxXLT0vHIcSV9GVURIWDYNv%2B7j%2BH8hVVoGtDxyTzn0NsKpyrwAmQxOvJDRUUAW0%2Fqtg8lFCJGYXgThatBgCbVR5Dlm%2F2ttCOQgXhzgp7N%2FD8eAQX5H8h2pRI3D8rGnTns5R6al6U7yxzAhMkyjHmyg0XEy8aOVoRfEdY%2BhXhl%2FSNyfS5g9jQHY65FrVH%2Fd%2BXo6Q%2BehrXpXAFjgkFDdcoMnfFAlpvro%2B5ZNQ8Yn9zBVE4RYu9Vg4if3bF8d0hYjXg2j9i32xDXQQyGQRzbz8wskCmN9kPRmmXjk%2FDm1RtXAGfW4SXSLMQAQI8V1AiqGTbFR7GLSCAM5%2BoyzzjkuHoQgzsmGsH1oy4jGAWqZ1pcqQofHPJrK4I%2FXM6Q9MaCafipo5%2BNFfOomBPfcfEeam7u8dkZFMdQveCI%2BeGFHIiXhByzqVd29OBxMs71ImUchuAHXyjLdvf7h8k0jeT2rzXXYc5c8u9bMZUAqZJjjUtACqXkhKCkv%2Fu%2Bs27vAtcVQ06osaXAgjSoFIPDDqcOUYX7dudJMc5DGNhM2LnkJjnzbbPaGEa07g17aEBmiJD7BnUTmXkxXTLLoTIpfPDFBQ%3D%3D&mm_sceneid=6_0_9308542502_0&a=xxc%3Dad_ztc%26mi_id%3D0000ld4g4VlGPGv189fJ8pODpTg1h95McdOA06whPbzWBcI%26skuId%3D6096781262854&id=977803988448
976559412992,DODOSUGAR 玲珑夏意Shyi归期是何期潮玩盲盒惊喜手办摆件礼物国风,78.5,¥,券后价,dodosugar潮玩旗舰店,DODOSUGAR潮玩旗舰店,回头客2万,1000+人付款,浙江 丽水,"官方立减12%,  3期, 退货宝, 包邮",款式类型:小隐藏 | 出售状态:现货 | 系列类型:联名系列 | 品牌:DODO SUGAR,https://gw.alicdn.com/imgextra/O1CN01b32QtV2A4l3YUiMLa_!!2217183168150-0-picasso.jpg,//detail.tmall.com/item.htm?id=976559412992&ns=1&abbucket=10&xxc=taobaoSearch&mi_id=0000AE0x5WEBqil_iqSYL8bDbjGgzicHdWrvxVN_DDIulyc&skuId=6168200010088
742823405845,POPMART泡泡玛特DIMOO在你身边系列手办盲盒可爱玩具礼物摆件,69,¥,,泡泡玛特旗舰店,泡泡玛特旗舰店,回头客20万,8000+人付款,广东 惠州,"热销爆款, 退货宝",款式类型:隐藏款 | 出售状态:现货 | 品牌:POP MART/泡泡玛特 | 商品状态:全新未拆封,https://g-search3.alicdn.com/img/bao/uploaded/i4/i3/2885348004/O1CN01Nkv9UA28ztEUmYFG2_!!4611686018427382436-0-item_pic.jpg,//detail.tmall.com/item.htm?id=742823405845&ns=1&abbucket=10&xxc=taobaoSearch&mi_id=0000ZB-Oy8I8ckDkkltKRRhqhVbyU-v01PMkJp6eZ4dvaNY
1007069208364,英雄联盟LOL泡泡玛特联名款中路对决系列手办盲盒Q版摆件游戏周边,79,¥,,拳头游戏旗舰店,拳头游戏旗舰店,回头客2万,400+人付款,上海," 3期, 店铺满199减11, 退货宝, 包邮",款式类型:隐藏款 | 出售状态:现货 | 系列类型:联名系列 | 品牌:LEAGUE OF LEGENDS/英雄联盟,https://img.alicdn.com/imgextra/jz3_4/2629007270/O1CN01s3Iyiq23ZiWBrITgg_!!2629007270-0-alimamacc.jpg,http://click.simba.taobao.com/cc_im?p=%C3%A4%BA%D0&s=1199098264&k=2285&e=kzfqSZ92oJ%2BPIKbkytNT25l3LhIy63meSToICMYKYhhoOlbAwEg5IAIxwMpT5xZ0p0xM3g8CLs5fnWfsRi1RHCYMDRBMQX9%2FMzrbjvusgx7qZruOVjVKsYKJWxIyWg9efvXwKSMKqQb3bnjd9cwRZrxDdnckp40WdNsXsTYBrTLAsDsQUHtymYdnRRA5G4Zl%2FoaEyvPr23ZrH81jHZHZF5mVAheSYyCEftM%2FLWR9HjNi3NyV852zQjQ1AQrJ%2FSxpIXshalkjV1PPl9hJ6XUePUJYDMj0BVaijzUARq4rxTsxRKRwakwFN0O6X%2F%2BP70jifboIuLKF6V2UWoyCfVBl1CsERiyDs%2BuGyYpJeVtKnf2iFDnXpR3mDyyYN2nFkmWgftaru%2Bft%2B9ezmlWmJAll%2Bd6nKh1Fgf1cX2F4t%2BEinC9heZ%2Fd5k%2FLB%2B9T7QC%2B91sgtN5CzDKND78jC672LbNhA9JlAYrDFCfVLBCZ9XPhhRT15J5Y0IImd2z6xsecgzUK4UBwdOeJjOPeZ6skyGHvSJM%2BA511v8DNveUGW5j5HXXgQ0YL%2B2cm4BiTYgfPEpTvDRqYkClBW%2F2F4eidnFzEEY4Ae%2FHsISuu%2F7ufVAt7PfnFNpcAs8uBNmdHNwo3je2Q3AGUpCIMzsCvIr0wXva%2Fx4HR8M7c5hv%2Bg3UIc7TgEm%2BZ1AIBuidleWGRKZdJYqf46VGK1vU93LOvIr0wXva%2Fx7a%2FgxMVJsg0mCy8Df9p8aSzuJQemm6ydls2FOinshIzcX5sGI023ZVdgnm8vxpGOasaX1YMAcejccCGVxh8ap4O0NYT3hXABJQj3XCWAbKpCh0MFkn10HsisGAgEQ4lJRVcp7Q4zaHe%2F9TpFNhPkUgmXsAajHqXr66zLM8xLc%2BV%2BUtNGjD6fWT6AOu44AxSzzTuo2MM5T3xgg2zrXt1AgA7hvKL9Bvv2JUW0cM%2BwSFvAzdr6xEwZvK8je%2BtJduDuRNYjatVghOoy%2FIpuPwTz3b%2F1OkU2E%2BRSIDugjOWysY7gmG%2FnYyRBoXeqC8jFqVyeVL35pIR%2FTLUlu%2BtGQ54zZ3HuwySi8DjTeCPMp59kEXzPE9G3yNi1dn%2B2KJ6FBo0f7hM%2BIue%2BVRMegmDt9jV6JvqRnIUb0YgyPP%2Fjqo7AixlAq1PinPUbkdtBHp%2Fbr7E6oPYGkHmkeI8sy4MsEL0e0A2D9AqLKuNvvVI1jaSH2M4MIamLFVYFEpBCpqivq4uq7Vr5F2EHQyIhv3w0WyIS%2BFabf%2FcY14hs0cKYOPZBb9zNVuEMjAOONM3fe4fKbxSW1%2F4pSS%2B5sq%2FnAH2YXB8SlZxh0fhblt8ZoRJjUaBm9SiNvj5uXBFuZveK361F%2BhviPO2Ra309h7d4ZOsJfnaWB4X9%2BZXWVrKnUEwXyyE%2FcjOuPoHtAbuOqIQuf84%2BiCk3xnkg%2BEUaZgXm9ol1iukZuY7XUeoFVdBw2ZyATwkWg9Eu17csZt7WCKAuhSBPeumosH2sB0Z3K3tn%2FbtIfGf6fXZyDuuMawbLPrKRZw6%2FIAc6EtY3LXcAhbN3TyTxXLmwnpkMZI1ufl5%2BY9QTZXAhfjzjjeD2Ux2DUI3MTB2IrUOu%2BsyhZwSEu0uCiznLuFe2%2FVvX9tohqKlmDpJrpftjn2hVz%2BSd9MQa99yJR7cw5QrPPX9%2FJgD6OR4xDdpaNKQS0R%2BfFDgaC2bJLu%2FDUawPRJn6e9qQutDcGOLhgFY7kW%2B17fyIvycxyeQt0ykfxWzE%2F1PNYJGvKX%2Fc%2B3k6OjUcVmLNNQlmkEVcUoS61zpuK4kxB5ERFOHE7G4hpy8ZM6d1PeQqOwmIvO%2Fmu60pbEEycEaJOuq5vrb3OMo1NznALv05MddvenmV4bZKN1DWpUZzl9Mz3eHtnoTbWArfyPTkMwQQwmiPiZ3I%2B5E857hdkY%2Faw2AqHKfbNcLc%2BnQCjzZGf7KLMZ2zcACl6lTYctjZmuweYr6v34Sl%2FvBwgIpd8hzpyckac6KKZAGcPNGwovljwOARCADSuHQpeU%2BCf7j4dh8K9evlkp7mPQv%2FgTfUfaE%2B0FCjmP6GLnF3XhsI8qkha1zIhc56Nwm4sH2Rmm8ZghVjKMu0SPc578jorsYC5RKv490nzsZbTYq4TRMzA85fGR4N3%2Bftf6QGQqOk31uOfhXCFybWZUBK6euKTftfZQFu%2BsyhZwSEu0hI%2F2w6LhAv1FJEv9NXq%2FRqVr1srHRssc0w3xyi4p8XPK6ZhRBv3lCSQgKkaXj0EtZ4muKsBnOMhwfCEy6kwb0J8doPK8%2F8Ks%3D&mm_sceneid=1_0_112004743_0&a=xxc%3Dad_ztc%26mi_id%3D0000WIBMPX7snjTEmagJXaKuNk1bx8of1sCcr2qy8Vj6isc%26skuId%3D6188063827605&id=1007069208364
958527948428,POPMART泡泡玛特SKULLPANDA餐桌系列手办盲盒玩具摆件礼物,69,¥,,泡泡玛特旗舰店,泡泡玛特旗舰店,回头客20万,1万+人付款,江苏 苏州,退货宝,款式类型:隐藏款 | 出售状态:现货 | 品牌:POP MART/泡泡玛特,https://g-search3.alicdn.com/img/bao/uploaded/i4/i2/2885348004/O1CN014tnkjo28ztETxQ76G_!!4611686018427382436-0-item_pic.jpg,//detail.tmall.com/item.htm?id=958527948428&ns=1&abbucket=10&xxc=taobaoSearch&mi_id=0000ACpFrFgTC8GR98pLA2MGRSRrSJiCl8ps1uygVYB0MS8&skuId=5954517569077
745205516644,手办定制盲盒公仔PVC卡通摆件钥匙扣企业吉祥物树脂玩偶玩具定做,10,¥,,tb4914932656,深源礼品定制,,36人付款,广东 东莞,公益宝贝,,http://g.search.alicdn.com/img/i4/5157336262/O1CN01QAWLg41w83B1HMuYa_!!4611686018427385030-2-saturn_solar.png,http://click.simba.taobao.com/cc_im?p=%C3%A4%BA%D0&s=1199098264&k=2189&e=5Zmhb8B%2Blg6PIKbkytNT25l3LhIy63meSToICMYKYhhoOlbAwEg5IAIxwMpT5xZ0p0xM3g8CLs7S6NvEWBbRUTw3ulxWjdaCKRp0jT0MgVCPRGWijqxDYIKJWxIyWg9efvXwKSMKqQb3bnjd9cwRZrxDdnckp40WdNsXsTYBrTLAsDsQUHtymYdnRRA5G4Zl%2FoaEyvPr23ZrH81jHZHZF5mVAheSYyCEftM%2FLWR9HjNi3NyV852zQjQ1AQrJ%2FSxpIXshalkjV1PPl9hJ6XUePUJYDMj0BVaijzUARq4rxTsxRKRwakwFN0O6X%2F%2BP70jifboIuLKF6V2UWoyCfVBl1CsERiyDs%2BuGyYpJeVtKnf2iFDnXpR3mDyyYN2nFkmWgftaru%2Bft%2B9ezmlWmJAll%2Bd6nKh1Fgf1cX2F4t%2BEinC9heZ%2Fd5k%2FLB%2B9T7QC%2B91sgtN5CzDKND78jC672LbNhA%2F2agYLr8Bb02SN1FI9McwmLNOKzIchuhgGkPoY3GZVv%2BFiDcMzyo12oDk9sZrHukcBOL%2BJDKkO6eUUdyuwH23i2HTXiEXvIqlfjOnDI%2BqqrwNGL47qLqaza7Zz8iTCggybUzONSHui%2BX97c5bWnsjgTaF1D7YPIBHkuL9FG1uxU%2FvGvf8xDH02I4tV%2BLYEdyKMSitNkpWfRkeHm9UWh7JrGrM8Fb4sEkIBNpMEnRYDcX3w7wzK%2F0FMwxATSV52VAm00R3GhR2BQPvsXfGMfZFsWiVQWcYpH7dtWbpsCXxCek42Q%2Ffs1CcglGr%2B3JKkgQVPCrMZ4Mx47UcNqm01Gqteaoz0tSHUxWYckCQVn2NbOU8KsxngzHjsCiSgRn4Vivq3aXAVVCwZPzgVFS16azX8lL3c1plFfik3Elm1ASxqiiTSs7yf5NJoinshao02OZ%2BgXt1qlU1h%2FtgrNCitF6MgTkR%2FE9QUIgr2fVzxDWeOUak0vJkY8jVkEtlAIxFuMsE79nCpZDUszoEih3jOh%2B6iDkNrQlGjOqCnoQHiiIdRZhP0t%2BrJk%2BuUUieS0lPb9Qlf4Fbrv2QtgQULcWbYdMleN%2F7ICEgqAL8l%2Bm%2FWXjEiM0%2BZnLpvC8ex7YI4%2BkQA%2FrBh%2FMtzPEarT1lgvUsGhzo1nMXzmf1692v%2BFjcVsGIhJrBLoYmJAFGB7tguI0h%2BZglAjFBNhjq6wZGasG3SHLfmrsIsHH8m9unjf%2For%2B%2FOW3NY%2FMHGH10szGKWbDE7DyLjM2FRdZRrkD1BAVIhHY13p5Li%2FRRtbsVP7xr3%2FMQx9NiOLVfi2BHcijEorTZKVn0ZHh5vVFoeya9tJsj%2FnBSWctJpPcjbYezLBzprdCae5Y1fDUidwGDHgcfRjc3zQyTeoF64QJaZALrDcGvQhZ3QTDAJQXS1%2BGH%2BXpL5m6RQ1OMCwcjW6VWWGNlKwj8m2WS3WSiERXzOPRBGid5IvfEBvJ5NOc3aFsuhuL%2B46WcOhjLSGYUdjdWpf5p0b090fHEj8xxUemqfJCnDOG1pcN%2BelHCmDj2QW%2Fc2mR0k%2BCBlFLPzHFR6ap8kJCsokAbOzxXDZ6yKPv9xwBhRCy1jT%2BOfqGWz14DVoMeG2ya3MOj%2Fo3ys5GAT5jHK3HCiEEC2%2Ft%2ByG726VumIRZA6%2FfXQFrohO9RXEDO4gR1qPe7M0WEUMxRYm0uGjbvUhKEutc6biuJFm%2FyVy5nZpj5ooCYwBbnciad4qQ0Bxzg%2BxOdYVK1YmH3rC83dgpvUBvN1UP5SxO7GElt2eRJ86RXwxLgdhN0Tb7N03cgk3aWLXyfwGyh8wxtB3o5dY75K3INFTQTIpD%2Bljp9xDZfPGSVxPJtgHpcJmVQhaKnC2GxWy46xSeduvfVjcKnf6DX1iVbJB2uRsokvkBwI2BYicHAgc94b6w13kn0z822Z6DAXeGmWH26abDhn5EAh2sMtTOdalvm2T80VPCrMZ4Mx47G4geXd7JTeTlk9V%2BTXSrsgD%2B0J8VgmCIFEX3xh18nWS%2FPnIlsKAvsBJtOO8y6Aa9cU6eP4mHYsx8Mb6nZxId8DDXn7wEbsgDPKE%2F2Hp25eO%2Fz51%2FXa8WnT9a5mhRg9icjikIzHnM8dGJLGv1HnJWwb2fVzxDWeOUlZWyHNIvXUjLqu4EvxzqQ1r%2B%2BJWhqy2EDDsBu1zzBZKTTASkvs546XEAuhZaDT8wbxw44IUBjm4%3D&mm_sceneid=6_0_5157336262_0&a=xxc%3Dad_ztc%26mi_id%3D0000UzdYDgl-VUwE4D3FPtkMc28nbXSL0cQp65FmsrRJRh8%26skuId%3D5789979483490&id=745205516644
899301648579,DODOSUGAR wendy跟着月亮走潮玩盲盒可爱手办桌面摆件生日礼物女,474,¥,券后价,dodosugar潮玩旗舰店,DODOSUGAR潮玩旗舰店,回头客2万,1000+人付款,浙江 丽水,"官方立减20%,  3期, 新品, 退货宝, 包邮",款式类型:小隐藏 | 出售状态:现货 | 品牌:DODO SUGAR | 商品状态:全新未拆封,https://gw.alicdn.com/imgextra/O1CN011p1QBL2A4l3dd29ZN_!!2217183168150-0-picasso.jpg,//detail.tmall.com/item.htm?id=899301648579&ns=1&abbucket=10&xxc=taobaoSearch&mi_id=0000-CyF-MtUxsadMjA6afmr5tMvbd9Havy9nUoEFbye6Qo&skuId=5920949027760
750727692205,pvc盲盒公仔手办定制树脂摆件钥匙扣挂件订制潮卡通玩具来图定做,10,¥,,tb414848063066,致汇玩具定制,,82人付款,广东 东莞,公益宝贝,出售状态:定制 | 款式特点:静态 | 商品状态:预售,http://g.search1.alicdn.com/img/i1/5284505594/O1CN01AFYyW21rC6akp2j9Y_!!2-saturn_solar.png,http://click.simba.taobao.com/cc_im?p=%C3%A4%BA%D0&s=1199098264&k=2177&e=99oxCxhy2sePIKbkytNT25l3LhIy63meSToICMYKYhhoOlbAwEg5IAIxwMpT5xZ0p0xM3g8CLs7sM9yvqgYZFh2NEjjgajbUR0OegFn54OO2E3atW70SpIKJWxIyWg9efvXwKSMKqQb3bnjd9cwRZrxDdnckp40WdNsXsTYBrTLAsDsQUHtymYdnRRA5G4Zl%2FoaEyvPr23ZrH81jHZHZF5mVAheSYyCEftM%2FLWR9HjNi3NyV852zQjQ1AQrJ%2FSxpIXshalkjV1PPl9hJ6XUePUJYDMj0BVaijzUARq4rxTsxRKRwakwFN0O6X%2F%2BP70jifboIuLKF6V2UWoyCfVBl1CsERiyDs%2BuGyYpJeVtKnf2iFDnXpR3mDyyYN2nFkmWgftaru%2Bft%2B9ezmlWmJAll%2Bd6nKh1Fgf1cX2F4t%2BEinC9heZ%2Fd5k%2FLB%2B9T7QC%2B91sgtN5CzDKND78jC672LbNhA5P0j1dOEZ0BT5dgUdgLbw2wx%2B68Lr15vs%2Bdag79SeWT9NCU0Hd9ziwMaF1A1W9Z6S1xFyCgePdnyROw431vN1H8GjypqRPzpyeZR7%2FBh0BH%2BAWBlwzQCD7B%2B%2FZRxf56Dclmr%2BzlKbNXz5IvMQc9PXPgPau59Nr0QyGw90L8hcITuMfiO8uNLlSRJ4GscUN1EVcfWB9vl2Cq4QxuuR7ce%2FmYLLwN%2F2nxpAXXscqggf9qLQTGZAxbnZp0hNKeOdJu9C%2BfYOHYE%2Bg8z%2BKPDh%2F0IY%2B0jJ7roQKNIfA3fGqc%2BVvXWKqAjRNMwsQVm1Tu%2FIDzl1QX5TDx7GW7emNMmofEqqMOvcrd67vYD1WwFUdyJi4mHr%2BvKvrSald3%2FtEuribQUT0AfP2g9hnb3dBWBUV6rfIka1nklf%2BS%2FMRH4jcF1FSLfHabFB1O2mV1c65piU2ozov5PoqDoamikDQ91ixb9tyExXYX2LgPYKTn9mBCgbthqrI1gNchrkK9wjjDCHKDymyT8aJ4EVG4Y61%2F0UXjTAjaYTUPu8X%2FQMAxFMf7BJ3RRo5qyrXQ%2BW%2BlzDoVkvP4oEB%2B84XlVRJLfPV2SNAJdG71uKen7pnZiveMtl1woxmWci0KGGI13xYU%2BZTSNXnfkffFJdvH%2FBdyxHPZa82eKfSaDANfpfC11R5ndL30P6NICCMM66pS2rdA9JDLwTsyVYOcBQwXatakQQqaor6uLqsTBX8y9gdgG9%2BcEgMycJm0me8T3hzlghFb1dY9jLe11eiLmp%2FAR1xu4D2rufTa9EMhsPdC%2FIXCE7jH4jvLjS5UkSeBrHFDdRFXH1gfb5dgqnip29hzH3XjXs8ubFBI%2F%2FRM7vdCDCRxCvFddh2%2FKXAwIAXqhr9gcT6i537KH68JcLAJzLUcWwtW7OMqhpsHhccN7aytW7Nh6husNFh%2BRiEmrulUUJEQQU8IrUUSBTNxR3TZC3AAJ4Wyboio%2Fw5wgyIYOmJPWHyOhEFnsOkcst8ErnBzcrZkX0X2pPUoggrJ2zxX9zmbxW79OLoPZxTAp%2BrrCbz1f86WtPak9SiCCsnb9VPlex677AKCiVsSMloPXju7sGhRze35FhczlR5xHB28JHBqETptvAodo0%2FWdaxeAcSnlk1AODsVvuAi9gysBRbcJ5U1oWCn%2B14QmsTMcZEWxCyTutzCI%2BwWwnm1TDux6jKsNqBX5jm16VaDeKmLoYfEALIGl4Ft0ouQWssSf7MKTXkB2xxU2XEf9sXcifkCtCOQgXhzgp7N%2FD8eAQX5H8h2pRI3D8rGJKA27AK%2Fv407yxzAhMkyjHmyg0XEy8aOEEMJoj4mdyNl%2FSNyfS5g9qrEAKAGLRh79RLAi83a%2B7xb4eQGqPd%2FrzsAUdzwMUgiJy4PvWwqHz%2BRR%2FUQI4nVHpusgkKSDtyUMxneV6E2gz9auSwMBkW1BcJX2I%2BhV7UPWKqAjRNMwsSj9oOJGcvTIEvAeSDUFWrHsAnMtRxbC1aLLQwXMd0Cgg8A6g2MWRPYxdKjZBp52rVecH72i9BXh4gfb%2FhnLlual8YVUKCyXS3OlsC3XYxG2E3Elm1ASxqiyDCdyprv2vm93jZadbYTB9RRwdzEqfIqMfOjPBT9Z2SExXYX2LgPYBiLsy22OqIR6R%2BSQEhuz56xbY1mT7tVx1WNEiG7IkiM%2BhyGJJt3fkAHzv9rBNU3rK9GAWuFknoQ&mm_sceneid=6_0_5284505594_0&a=xxc%3Dad_ztc%26mi_id%3D0000ENidByfrdQOyTkWpxQM4TaKroF-iwflJnXY2ctgCNr8%26skuId%3D5595617452318&id=750727692205
965290899139,toptoy猪猪侠盲盒经典ggbond盲盒手办男神猪猪侠周边公仔摆件礼物,59,¥,券后价,toptoy旗舰店,TOPTOY旗舰店,回头客9万,4000+人付款,广东 广州,"官方立减12%, 退货宝, 48小时内发",出售状态:现货 | 品牌:TOPTOY（玩具）,https://g-search1.alicdn.com/img/bao/uploaded/i4/i2/2211430099222/O1CN01lmca8B2HzjZ2mcYm6_!!4611686018427382038-0-item_pic.jpg,//detail.tmall.com/item.htm?id=965290899139&ns=1&abbucket=10&xxc=taobaoSearch&mi_id=0000AlismzQIp17q8R-qrNyUC-q9VO27NMPOY3ub2aXh__c&skuId=5382512167243
981194360428,官方正版多事猫系列papa猫潮玩手办盲盒可爱小猫桌面摆件女生礼物,26.3,¥,券后价,paws鳯爪,PAWS MARKET,,1000+人付款,广东 广州,"官方立减12%, 退货宝, 包邮",出售状态:现货 | 品牌:PAWS NOVA,http://g.search.alicdn.com/img/O1CN01Gfbguu1mTRc6Qrac8_!!2217041534955.jpg,http://click.simba.taobao.com/cc_im?p=%C3%A4%BA%D0&s=1199098264&k=2381&e=eNkBmEUhbuGPIKbkytNT25l3LhIy63meSToICMYKYhhoOlbAwEg5IAIxwMpT5xZ0p0xM3g8CLs701uLlwi6S7F0FI4uGRNvQyKOTGqMPJVy2E3atW70SpIKJWxIyWg9efvXwKSMKqQb3bnjd9cwRZrxDdnckp40WdNsXsTYBrTLAsDsQUHtymYdnRRA5G4Zl%2FoaEyvPr23ZrH81jHZHZF5mVAheSYyCEftM%2FLWR9HjNi3NyV852zQjQ1AQrJ%2FSxpIXshalkjV1PPl9hJ6XUePUJYDMj0BVaijzUARq4rxTsxRKRwakwFN0O6X%2F%2BP70jifboIuLKF6V2UWoyCfVBl1CsERiyDs%2BuGyYpJeVtKnf2iFDnXpR3mDyyYN2nFkmWgftaru%2Bft%2B9ezmlWmJAll%2Bd6nKh1Fgf1cX2F4t%2BEinC9heZ%2Fd5k%2FLB%2B9T7QC%2B91sgtN5CzDKND78jC672LbNhA5P0j1dOEZ0BT5dgUdgLbw2wx%2B68Lr15vs%2Bdag79SeWT9NCU0Hd9ziwMaF1A1W9Z6cdc56tcwkdsf%2FOlQ0onlaUhpcF6Ef%2FstufPt0EY8nB9AluXj8w9T02uwqZWdrYRmESKq3sMqUdBkpdxcNx2eSDRwdBak43svBzdDdWCze425s6xw2ljeCq3o1gyv9JaPKsHapvNOsGvcyTqNRvOI9xxD%2BZvs3MhQu1iyOdLx31CnZ%2B39YwL7pgnOcKWiPpIQErygT7bWU5DAr6Ggf31F0dq50nllELVfiY1NAGP1UEIkTq7MqQVZDMsrI0W21FyFI1TR6Mi97%2FSizapvHL8Csrhm7piTgzybDhN3HwmiFMa7LH4lHCof9BahQjt0eQW0O8ZVv5ZwvmdJCWwzgLsg1ZwV0tRGTQUk0aqThX42zgZY1RtQZiCD%2F7XxerktbPagPeQqOwmIvO%2Fas9%2FdfV%2FRWrHXOerXMJHbO2glc3Yzu9LGVtw3jY5WaOf3X6gxtjrLomQEDNUdAINEt73l5IiF9bcmr%2FVcuZMernXXcNO0qW1gD1i%2FWE8FQ6E%2FS36smT65RSJ5LSU9v1CV%2FgVuu%2FZC2BBQtxZth0yV43%2FsgISCoAvyX6b9ZeMSIzT5mcum8Lx7Htgjj6RAD%2BsGH8y3M8RqtPWWC9SwaHOjWcxfOZ%2FXr3a%2F4WNxWwYiEmsEuhiYkAUYHu2C4jSH5mCvYUuyqunOeKBclHR0OOEqWuQcOf1jRMHuje2sk5%2Bc49DxZOIj2EbUlhj85yzB8Ze9LB%2FpdWpO5p0BeoMC8nQVYSjn8qUOpAmfvhJBl4gbIiuwqZWdrYRmOfPt0EY8nB9CNmDGSr0Z2ohpcF6Ef%2FstkSKq3sMqUdBnr25ci1iZlfPWqIi9mZa%2BYqg5EHtGhWlIEXC0nOjeJOGo5e8wqwA7m%2FThVvNj0EvBu04ydIupgDrNKBcpmL04KpuAwMqR7BMuH6qSXLlLbQNe2hAZoiQ%2BwZ1E5l5MV0yCY7XFumrnRfYY20kpuswGG8WHATVri0rl093zpCtFUqGc%2FJs1VrBoEQJbwaBN%2FTNa%2FPzwWH3cO4%2Fdc9w57%2FjcX1BzKtXlf9XmpJaW%2Fh6IM4LPCznlsMHxcQQ%2FJCZjIHy4fXMigGracKO1HfQyGXB3Up1gFIL6cJgTOR40Ore5S9Gw0hD9jpJKJr3TWdLirqPSnWAUgvpwmBM5HjQ6t7lLz%2BTMgYRmvQW4%2FmX5Ar8O%2BIeSwEkCZbXKTvLw0cxESzkPLVQzW%2F21y9wGWNfUomG4fb5S%2F4paR3ktJAzvVuq31%2FdGZ8LnrHADcxS%2B2L7VrybK9wob11LCT%2FJf9N9fULae0DvTDJGQEvO%2BWbOnPTVbTgtHFUYOdmBk2MU%2FkBrpWDCmF%2BJD2NqUvQ89csoQS8g8%2BoQhjtXdScyv3W73WPNSlYKLh8fs8TsSQ4WDbBLgR2bv6BOa47sZrpiW8rHhhAllafzwgjwpZHOk%2FRf3j5PMDChCa6Z1WXWc5%2BnpsO1%2FmqY%2FsosxnbNwAKXqVNhy2Nma7B5ivq%2FfhKX%2B8HCAil3yHOnJyRpzoopkAZw80bCi%2BWPA4BEIANK4dCl5T4J%2FuPh2Hwr16%2BWSnuY9C%2F%2BBN9R9oT7QUKOY%2FoYucXdeGwjyqSF03c8XVkWW1SDR4XqRo9AF7uz42PW3uraBk0L7uL7XuiNDIuONhtihM3B%2FBe26KmiazqhU85Cm0zw%2Bum5TuRD5iFXeIih8FKKLaPdV9QJ39XopHg8QGHaEekZBadhdnZQBCK%2FMZrDv0ywHYw0XIuPCDNAUJDSw9a%2Fge3qXaCCdNEuo8F9xx9Ixc%2FUYVDWvfUy4F6hD4UAj%2F6Vs0SIKTvXHapuAwMqR7BM%2BWiFMC%2BQRn7Y2LDPJ%2FFQSHTZC3AAJ4WymOql73%2Bs7NA%3D&mm_sceneid=0_0_5359318639_0&a=xxc%3Dad_ztc%26mi_id%3D0000fHbsESs8rQ5y72ZWTKTD7QqebasxajZ-ErtBoAQDp24%26skuId%3D5936922644262&id=981194360428
964797582902,三丽鸥helloKitty盲盒2025新款女孩手办玩偶帕恰狗公仔生日礼物猫,41.9,¥,券后价,若族旗舰店,若族旗舰店,6年老店,4000+人付款,江西 抚州,"官方立减7.1元, 包邮",单款概率:1/6 | 出售状态:现货 | ACG作品名:hellokitty | 系列类型:联名系列 | 商品状态:全新未拆封,https://g-search2.alicdn.com/img/bao/uploaded/i4/i3/2206624310500/O1CN01kPyZ3l1FZ2zNHT2gs_!!0-item_pic.jpg,//detail.tmall.com/item.htm?id=964797582902&ns=1&abbucket=10&xxc=taobaoSearch&mi_id=0000wK_ljVP7lVCFvB6TZgBOGEs0p2_4V-rf1uatDSInX9g&skuId=5421932828157
998753395613,小狗拥抱暖暖系列线条小狗盲盒手办潮玩公仔周边桌面摆件可爱礼物,9.8,¥,券后价,tb817155197,宝宝贝贝盲盒摆件,,1000+人付款,江苏 淮安,"官方立减12%, 包邮",款式类型:隐藏款 | 出售状态:现货 | 系列类型:联名系列,https://g-search3.alicdn.com/img/bao/uploaded/i4/i4/2220520144429/O1CN01L3e1ar1iaXHffVIY1_!!2220520144429.jpg,//item.taobao.com/item.htm?id=998753395613&ns=1&abbucket=10&xxc=taobaoSearch&mi_id=0000TgSz8lqsm5x7vmp5xBlbUx57gRj3XCrzoUFlnJHcPbA&skuId=5984810876561
952230946997,【新品推荐】B.Duck官方小黄鸭毛绒盲盒20周年限定潮玩公仔布娃娃,50.72,¥,券后价,bduck旗舰店,bduck旗舰店,10年老店,77人付款,广东 惠州,"官方立减12%, 淘金币已抵1.18元, 退货宝",款式类型:特别版 | 出售状态:现货 | 系列类型:联名系列 | 款式特点:静态 | 品牌:B．Duck | 商品状态:全新未拆封,http://g.search.alicdn.com/img/O1CN01YPozpO2AUPBoh9Gmq_!!4611686018427381822-2-item_pic.png,http://click.simba.taobao.com/cc_im?p=%C3%A4%BA%D0&s=1199098264&k=2337&e=%2F26WG4vkjTmPIKbkytNT25l3LhIy63meSToICMYKYhhoOlbAwEg5IAIxwMpT5xZ0p0xM3g8CLs55psF5O2KW7E%2FQFdT81EZUBCMzlEzLaTC2E3atW70SpIKJWxIyWg9efvXwKSMKqQb3bnjd9cwRZrxDdnckp40WdNsXsTYBrTLAsDsQUHtymYdnRRA5G4Zl%2FoaEyvPr23ZrH81jHZHZF5mVAheSYyCEftM%2FLWR9HjNi3NyV852zQjQ1AQrJ%2FSxpIXshalkjV1PPl9hJ6XUePUJYDMj0BVaijzUARq4rxTsxRKRwakwFN0O6X%2F%2BP70jifboIuLKF6V2UWoyCfVBl1CsERiyDs%2BuGyYpJeVtKnf2iFDnXpR3mDyyYN2nFkmWgftaru%2Bft%2B9ezmlWmJAll%2Bd6nKh1Fgf1cX2F4t%2BEinC9heZ%2Fd5k%2FLB%2B9T7QC%2B91sgtN5CzDKND78jC672LbNhA5P0j1dOEZ0BT5dgUdgLbw2wx%2B68Lr15vs%2Bdag79SeWT9NCU0Hd9ziwMaF1A1W9Z6UWV6N%2Fwqgh3AU6dhZXrTX0qGPfTVj11J20Es4qZ9HKeGvYOog5dCTSe69SoLLZ6bArtXffB%2FYx%2Bdl1%2FBbCBDpw%2B2hZo9mg5mBBdgR8Y45bj%2Bqm8aMYpCaQKh3gISEdcB614FooTBTcuYJkzmmPUiYXGrM8Fb4sEkJQvtE2bU%2FeRnFfIe8S9brL%2BoqgR0k%2FkLErygT7bWU5DAr6Ggf31F0dbjC5R3C6ViPqunp%2BJFVBkpNWN%2BdIgyrXtgKb%2BwOfpB4qFReyEX4rq0rCBsjPhZuGzf7fRJ9i3jhqDruIvoRtUTcSWbUBLGqJSELBsSzydc2lVS0v0MbNCxT5DsHAZuChbZUZ9cdQaV1%2FMhnCm5pcVaKInF%2BmTVlZkAsxlzwEFigoJL9eEMfx5Wrmy6oGdps1Flejf8KoId6EEF5Nd3Sw2GVtw3jY5WaPtJV0RbtXn6odylHVlOKqYEt73l5IiF9YYCdA%2BLRaPIBTYNe9G6J1FatwvZC7f5TSE%2FS36smT65RSJ5LSU9v1CV%2FgVuu%2FZC2BBQtxZth0yV43%2FsgISCoAvyX6b9ZeMSIzT5mcum8Lx7Htgjj6RAD%2BsGH8y3M8RqtPWWC9SwaHOjWcxfOZ%2FXr3a%2F4WNxWwYiEmsEuhiYkAUYHu2C4jSH5mCWQyMkHcAhPIw8ehnTm2zwdYnC%2FrTx6eouje2sk5%2Bc49DxZOIj2EbUkiHoYhviKCa9LB%2FpdWpO5p0BeoMC8nQVYSjn8qUOpAmLGfgwjPqktOe69SoLLZ6bG0Es4qZ9HKekROVl9TQQk0qGPfTVj11JwrtXffB%2FYx%2BHhymwMSc7ROs1HtzQH%2FPEJW0ksR0EFOe9C%2F%2BBN9R9oRNR4MypT5GiNbpX6mllqcdhksitWRlxteNAtdte6vZkjaQZJUfWVY5C9LO4HVqncJj9lm0x2KDxIJUMw8OvT76stG0Fa87n4%2BWMFIVsZUjVmk0LJx9oeBH%2B98Mjhy7poY3fni%2FruSMtRw1Bj%2FhOwgrQvKqj706Qw52lSytOUniEZhZqsxjRNwFOtO64rVU7%2Br%2BLGZbYbvRmKnMGoytIL6LRZXo3%2FCqCHeHgjQr74Sc8fVvX9tohqKlmDpJrpftjn1Flejf8KoId8aSXbuR0wyL%2F%2FSJ5UCm%2FvvAlqoGIyNqWQmaFdCF1tqNhz%2BB85BVCZZ9AGpwU5%2F%2ByAY%2FwSVkOs5%2FN%2F%2BBrqONg3NM34JVwio4yL1FcQM7iBHWo97szRYRQzGVq3mKNCGw%2FGxzTJaVD3H8vtPCgAHVg3yMTdgs4FXqjB9HGEnnAY6v%2B0rsbh1J%2FrB1V8oPPcxZp1ubAQ78V7y77jxTB6yf8L5Ip4uDPEHhcm2lonMvQDD9QMbwGoYmr1s6ANV4yS%2B5x8dTolETt7NP4%2BpbHKtvpsPyGD56UiARKBYYgmEKgaXbXZs76OIrY3Ek8Yl4ZUxbkUqixVjCnRaqxmYDnv5sjGwnL6fFin4ySMoAZ1e4qZxGUGd2AYRaHJchnFDbCUqhFLgRlH92SrNVB4mnBi%2B3tNUdvQ0CN867BPrVcIKmP255yZYTQ1cfZEiyX%2FxNyXC%2FsPJuLoz2GlhtTP7xZTN%2F8oYnv9YFyG3HxciDrhOV9m05Jrg%2FDkZII6VfjABarpTfzkaqThX42zgZY1RtQZiCD%2F6umg6P6ehgatGhbkaimekIzbAKgSZMb2VBDjhnF2mvxj5%2F6y3pO7oKJD47R1dHxjD464CHDuU2Bhcd%2FMwI4yrxOjKU5YXajfY2kGSVH1lWOQw7Abtc8wWSk0wEpL7OeOlxALoWWg0%2FMG8cOOCFAY5u&mm_sceneid=1_0_109402477_0&a=xxc%3Dad_ztc%26mi_id%3D0000AhflfNqnoVxjQGKkbSJLAkG937hq-5eNm-9Mv0PLbeQ%26skuId%3D5870745008478&id=952230946997
842640242194,正版幽灵keeno二三代神秘宝物盲盒向海风许愿摆件玩公仔潮玩手办,55,¥,券后价,tb068540_2013,Super Toys超玩商城,回头客3万,3000+人付款,广东 广州,"店铺满15减10, 包邮",款式类型:隐藏款 | 出售状态:现货,https://g-search2.alicdn.com/img/bao/uploaded/i4/i2/1598373758/O1CN01cH73dj1ddDPgwQVtI_!!1598373758.jpg,//item.taobao.com/item.htm?id=842640242194&ns=1&abbucket=10&xxc=taobaoSearch&mi_id=00002eyfHqoVpEAfS1zSi4kP3rk59JdYRRZr6q0_cRURiwo&skuId=6039804082080
,,,,,,,,,,,,,
,,,,,,,,,,,,,
761248201493,老王假面骑士真骨雕CSM特摄扭蛋机盲盒福袋抽奖腰带驱动器一番赏,1,¥,,王思聪1122333,老王模玩,5年老店,6000+人付款,江苏 苏州,包邮,,https://g-search3.alicdn.com/img/bao/uploaded/i4/i3/2158035375/O1CN014ZBwqA1pZnxIHCS7H_!!2158035375.png,//item.taobao.com/item.htm?id=761248201493&ns=1&abbucket=10&xxc=taobaoSearch&mi_id=0000RQ-VZOlz8YuBt7m5Zrj1ntg_t7zvJkYEKtUZPOo_L8A&skuId=5756263608001
858865591620,幸运盲盒礼物空盒惊喜盲盒盒子礼品盒商场活动摆摊盲盒空壳包装盒,5.2,¥,券后价,旺仔牛奶sky,橙意包装工厂店,,700+人付款,河南 郑州,"官方立减12%, 48小时内发, 包邮",主体材质:白卡纸 | 定制服务:图案设计 | 表面处理工艺:覆膜 | 品牌:包装盒,https://g-search1.alicdn.com/img/bao/uploaded/i4/i3/1065208429/O1CN01r0eUNG2C8XYUIx2hF_!!1065208429.jpg,//item.taobao.com/item.htm?id=858865591620&ns=1&abbucket=10&xxc=taobaoSearch&mi_id=0000ekOHKxcWqzkB-3bh7bVv1RfQ_Ytn4Oq8BzTeZANwcYo&skuId=5765566021059
910208620820,稀罕的原创红楼梦主题国潮文创盲盒潮玩收藏手办摆件送礼,68.42,¥,首单价,绛红宝鉴,绛红宝鉴企业店,,100+人付款,江苏 苏州,"直降4元, 店铺满320减8, 淘金币已抵1.58元, 退货宝, 48小时内发, 包邮, 公益宝贝",款式类型:端盒 | 出售状态:现货,https://gw.alicdn.com/imgextra/O1CN01GNcRgL1fRQZTgw0nr_!!2217280974003.jpg,http://click.simba.taobao.com/cc_im?p=%C3%A4%BA%D0&s=1199098264&k=2401&e=INRXdU8h7sWPIKbkytNT25l3LhIy63meSToICMYKYhhoOlbAwEg5IAIxwMpT5xZ0p0xM3g8CLs79QVoUBEqxpLq7fQkmTdsnrPxGwFyvDJu2E3atW70SpIKJWxIyWg9efvXwKSMKqQb3bnjd9cwRZrxDdnckp40WdNsXsTYBrTLAsDsQUHtymYdnRRA5G4Zl%2FoaEyvPr23ZrH81jHZHZF5mVAheSYyCEftM%2FLWR9HjNi3NyV852zQjQ1AQrJ%2FSxpIXshalkjV1PPl9hJ6XUePUJYDMj0BVaijzUARq4rxTsxRKRwakwFN0O6X%2F%2BP70jifboIuLKF6V2UWoyCfVBl1CsERiyDs%2BuGyYpJeVtKnf2iFDnXpR3mDyyYN2nFkmWgftaru%2Bft%2B9ezmlWmJAll%2Bd6nKh1Fgf1cX2F4t%2BEinC9heZ%2Fd5k%2FLB%2B9T7QC%2B91sgtN5CzDKND78jC672LbNhA5P0j1dOEZ0BT5dgUdgLbw2wx%2B68Lr15vs%2Bdag79SeWT9NCU0Hd9ziwMaF1A1W9Z6TZspDaKM91gVSJuwdfR1%2BBho1E6Sy%2BI18AHbhbJmV60kjr9lTYXo%2FRzU8AtPkfZOUOcdYELMhDI8EItMxfD5oURrqTG8S8VCmmAfOsu4YAxBKdcb6wfSD73ilS4%2Fn1SqXEQ31xO3t2wH%2FRiNXXedznGrM8Fb4sEkIBNpMEnRYDcX3w7wzK%2F0FMwxATSV52VAm00R3GhR2BQPvsXfGMfZFs2bKQ2ijPdYP1%2BLdY62g%2BHOFql6MmlZWAzXyItzvScXksjtYGM9jefV1MAPGJJNwncuz9tgDwyyTx1vwLCcPxX%2FUTucVKXRT4nv9YFyG3HxShlSPwXuNhsi4z%2BKc0CDV8i8pG4NTbSAimohqz2166poPSPJy5K4wQCtqC5WD7iKm1B6HZPvfQojeENS5XqxqgEIr8xmsO%2FTF%2BbH%2F%2F0uawsM7vdSRATmQzRZ1Xus8j6b2u5OtDU7qEkuKm8WGd1PqlxBS%2BOgZqfXt0XtSoDcKt4hwbAH1ejvBaAFyI2bD364QDdRIFz1cm4pB8tOQM3a%2FULROgt5f6X%2BpwCrPCcNe%2FGhk91YsC1frWWp80%2FB1bYWW95ycV7vB6bwvb1yq4GzABbHhLlsgnWuSYALLzDlUBtTiijrniv6ozJbEZekNy%2BhIulP0eKaRUJ5vgRlQ835dt0BOrEzP7iVgfhP2tFn3hVA8sNzxbUWekmkD4G73DyUn6dJscq%2BEWRUbYvcFXXpffOu3rRUrIQWg87iwYJfxh0VPptTNhfXB3puTrL1z8fF%2BXjD4JdwtcVm46fdIgG%2FyR9mK2I%2BUwIQHLKuXEIDRF48UmsKzsdPTMVH%2FRMh%2FbPxw47rvvL1AX9GCl5kqu8v4tU9T5%2BcqiYPb19ZV6k9ao8sAnMtRxbC1bK7r%2FOViA5WLfCCtKmUJFzsG1tSAlyVaaF0UOJsqgCLLQko3NKxgDkKZVt7I2727dxALoWWg0%2FMP2vhcYzvLGtMqZmdI%2BQcGJpEkIJUwPc2R3SnN%2F6GfuKETcjrY%2FvMXOHex%2F9lVm2oKBbV7h9vSCzEZT%2BK49kZ%2BosUZalsgp%2Bop4ww%2FE6JE2EMVtLdJc2%2F1%2F0rrcQBW7Q3ihT86tMINZxV9KLYaytLEANxrXdYyrX8HP%2B5yDxCLoeLUp1GUFnC3tX0othrK0sQKHaVkSAp4zyOA4%2BRuwx%2BSrmzYgovbZIOFqzREkQtMc1wBnURk6yK4gaU9mAcMEOVvUdWxMp%2BPV%2Fu2qmqxRrtaTfmgTRWefva85EpEvTtF7sq1jGxXLT0vEGy82%2FWAy1EA476WMmIaKWdcmAHsEh6pblo7NUYuRDs5sN7KFBqAflpLdTUWalzf7QNbM9QIUh6DU95eHK1O5SW5sBDvxXvLvuPFMHrJ%2FwvlwgcUMF12fibaWicy9AMP1AxvAahiavWzoA1XjJL7nHxeTQ93cknvDN4DwDjDtsLPIYPnpSIBEoFhiCYQqBpdtdmzvo4itjcSTxiXhlTFuRSqLFWMKdFqrGZgOe%2FmyMbCcvp8WKfjJIygBnV7ipnEZQZ3YBhFoclyGcUNsJSqEUuBGUf3ZKs1UHiacGL7e01cDxgTqf%2FPIy%2BtVwgqY%2Fbnn27opdZLjU87Jf%2FE3JcL%2Bwg6HWEmQ2jlSV%2Fex9b4pTUCSmdV8SSD9y%2B00lKjB3j38WkIyOV9QS5%2FZguNWvAeVB8xyyv%2BOS9TeUs6yQOoA2JvumC%2Fo2iIJDTHNLPdUk%2BH2B73pUyUIFlveQqOwmIvO%2FW1ftrENbk5hYF8hLt4tcqTZspDaKM91gEqY5%2FyM32H8X2m1Bx8Ny9deo8OTQ9mylqbdDSc9niLdiSRwqZcfu1EkICpGl49BLWeJrirAZzjIcHwhMupMG9CfHaDyvP%2FCr&mm_sceneid=1_0_6445106444_0&a=xxc%3Dad_ztc%26mi_id%3D0000V-rBmuJ0BlGpmX9TQsAxe1dhzstP3k5v7r0yrxLDZ7E%26skuId%3D5515125241114&id=910208620820
966163572665,【现货】MINISO名创优品三丽鸥家族岛屿狐系列搪胶毛绒盲盒礼物,99,¥,,miniso名创优品旗舰店,miniso名创优品旗舰店,回头客200万,2000+人付款,湖北 鄂州,"退货宝, 包邮",款式类型:端盒 | 出售状态:全款预售 | 品牌:MINISO/名创优品,https://g-search3.alicdn.com/img/bao/uploaded/i4/i4/3459177618/O1CN017gTLr52696JPRd0zb_!!4611686018427387026-0-item_pic.jpg,//detail.tmall.com/item.htm?id=966163572665&ns=1&abbucket=10&xxc=taobaoSearch&mi_id=0000Ym1RvNhVjxsJW0YFCuKTanAt5tAmmUySdQHEneKxJAk&skuId=5907925837364
866775858928,【正版】FUNII芙哩哩天气之子系列盲盒手办潮流玩具公仔女生礼物,57,¥,券后价,喔喔城堡,AWM星球趣玩,,600+人付款,广东 广州,"店铺满11减10, 48小时内发, 包邮",款式类型:隐藏款 | 出售状态:全款预售 | 系列类型:联名系列 | 品牌:奇梦岛,https://gw.alicdn.com/imgextra/O1CN01yKU5Pw1nkg8dqBi7r_!!4088555128-0-picasso.jpg,//item.taobao.com/item.htm?id=866775858928&ns=1&abbucket=10&xxc=taobaoSearch&mi_id=00003dyBDBpmSleD4zYgCZG8V-p8f81Y6WAhXY3Eqfmapzg&skuId=5860251970016
899438451072,MINISO名创优品线条小狗浪漫樱花系列盲盒正版摆件新品手办可爱,552,¥,券后价,miniso名创优品旗舰店,miniso名创优品旗舰店,回头客200万,5000+人付款,广东 广州,"官方立减10.4元, 新品, 退货宝, 包邮",出售状态:现货 | ACG作品名:蜡笔小新 | 系列类型:联名系列 | 品牌:MINISO/名创优品 | 选购热点:淘公仔 | 商品状态:全新未拆封,https://g-search3.alicdn.com/img/bao/uploaded/i4/i1/3459177618/O1CN018JLMTE2696GrM2iqa_!!4611686018427387026-0-item_pic.jpg,//detail.tmall.com/item.htm?id=899438451072&ns=1&abbucket=10&xxc=taobaoSearch&mi_id=00009is4rmQ1u18D0MtvFcoWCoMRCQ6mDMleHJp0I_74aa4&skuId=5878550244418
978718597545,【预售】共鸣GONG 火影忍者疾风传大战晓组织盲盒 火影晓组织盲盒,79,¥,,共鸣旗舰店,共鸣旗舰店,回头客5万,4000+人付款,江苏 苏州,退货宝,ACG作品名:火影忍者 | 单款概率:1/10 | 出售状态:全款预售 | 系列类型:联名系列 | 品牌:共鸣（模玩）,https://gw.alicdn.com/imgextra/O1CN01DMCoQY1G1Ri8dta0K_!!2215049480562-0-picasso.jpg,//detail.tmall.com/item.htm?id=978718597545&ns=1&abbucket=10&xxc=taobaoSearch&mi_id=0000mB8pMUDZpYrUrQBotMEYyPs8iSSM_IabKjJ4401GQSk&skuId=6099325534379
726736696606,正版Beyond40周年音乐盲盒限量纪念版黄家驹周边手办男生摆件礼物,53,¥,首单价,cxm时光机,萌乐淘潮玩店,,100+人付款,广东 广州,"直降6元, 24小时内发, 包邮",出售状态:现货 | 系列类型:联名系列 | 款式特点:静态 | 商品状态:全新未拆封,http://g.search1.alicdn.com/img/i1/122354797/O1CN014cHPPy1lJ4yPmHa1q_!!4611686018427386989-0-saturn_solar.jpg,http://click.simba.taobao.com/cc_im?p=%C3%A4%BA%D0&s=1199098264&k=2349&e=1ScT7KWGPguPIKbkytNT25l3LhIy63meSToICMYKYhhoOlbAwEg5IAIxwMpT5xZ0p0xM3g8CLs67XAsJYUR5%2FfHF3j475FWXHJ7TXqMWicyPRGWijqxDYIKJWxIyWg9efvXwKSMKqQb3bnjd9cwRZrxDdnckp40WdNsXsTYBrTLAsDsQUHtymYdnRRA5G4Zl%2FoaEyvPr23ZrH81jHZHZF5mVAheSYyCEftM%2FLWR9HjNi3NyV852zQjQ1AQrJ%2FSxpIXshalkjV1PPl9hJ6XUePUJYDMj0BVaijzUARq4rxTsxRKRwakwFN0O6X%2F%2BP70jifboIuLKF6V2UWoyCfVBl1CsERiyDs%2BuGyYpJeVtKnf2iFDnXpR3mDyyYN2nFkmWgftaru%2Bft%2B9ezmlWmJAll%2Bd6nKh1Fgf1cX2F4t%2BEinC9heZ%2Fd5k%2FLB%2B9T7QC%2B91sgtN5CzDKND78jC672LbNhA5P0j1dOEZ0BT5dgUdgLbw28o3ieSjiiWmFQ5J2R6CIxveUGW5j5HXXgQ0YL%2B2cm4BiTYgfPEpTvezGfoNL1KN7Y52WPom%2Ben8%2Fy5hLtVAIUbAdSZ3dV7MydEatPfJKkAgmOxr6ry7iU8LAtVa7RLkUp8x4PVRpKSIdwAfK6PHTxPu90KmiNnAOUKi8jFa%2BQv98m0%2FbC%2FuC%2BAbwAwnEIU87lhoXDMIJEFNpj2CtVkH%2BR5nnTWEwLYexCxvFXGBNxQE1lzx0pfFkzBV1byXec9hGbgSW95i0aXZMeYwbEg3FU2Odlj6Jvnp82Uw%2BoQO4assZCLyxdFSAxtEE%2B4XRIh9gVqqvzmO7E0zIGIBQ2NyXLO45S2Ff2OlTpx4iAhROS9ye%2F1gXIbcfFyIOuE5X2bTmLjP4pzQINXyLykbg1NtICKaiGrPbXrqnVFyQ3M%2FrA9RGF1RVC9qjNJj7Ml69UW%2BpyjIcW6fQN3FSWeJfkJWtlHKDtoSuJmLCtmxnZgAOAbRksynKJzKO2gbI1jaGmhNoQj8%2B%2F24aq0zuOUthX9jpUp69F%2B03EMoLNS4BqF02dUAXHOCEHN%2F4JBlIMMHHgZItQTYYw%2B0JU9xuLWnsLookcehRTNE7IbwlUjHih15tsdkLsARvTLOHaKPofSBUET7HJKTSBSaS1YDYqN6BBEqcH91uHBQ%2FmE0%2BZ5aVM7KTHAfRDcdfaz0ELIODsytl2Ok8FqxzoCwz%2FH3JElAZ5sC3vGq8twW4I4CjmLXkOfXDNKLNSXwtmzkv4nRjn8fGoU%2FecZwXSHCXg%2Fze%2FNQnICZvxHB3jIB6EeaEUQClWeOjyHYMsbVgqXn5cPu90KmiNnAOUKi8jFa%2BQv98m0%2FbC%2FuC%2BAbwAwnEIU87lhoXDMIJEFB%2Fz%2Fi6j05cYngXNiQOrGwxrC3wdrcvBi5W6yPUmZ7MCx2Ne5CxGpaoFmVgJMMcxTxsh37LEAWRlHLIo8Mxpv0iKqi4R2pRqrStpz1Ebkc4%2BB87%2FawTVN6y6jXzRUcvdQBjchww0RF63me9vQKALb9%2ByjDYMKDGMZkTFrLPYIN2KJ%2BhNq7gbjLsmPQw8c9uIjDdkHdDUbTrl5FoBeb%2FksEFhxopqUPCV6h6tfyhLecAm8haAhjz04dR6MzEAzoNeh2HBcpFSC3emUUg6hfSdgU8Wdq%2B3aqSgEnozMQDOg16HAOiaHdXxEsbTdL5FWpwk%2BRbZCqzkLqv7J129ftEkNMJ7UXk%2Bk8%2BjCeVmwCQV0hugN8Xq%2BwzLehZXiKRDFsdICSlpDVnm9Ues14o7%2BbvenK8WxCyTutzCIzEi1rN9hZJvzNZIaEfMPelMfOaZcLVOc%2BfQ2wqnKvACZDE68kNFRQBbT%2Bq2DyUUIrDd%2FLgmic6Z51dfM9SIFetbmwEO%2FFe8u%2B48Uwesn%2FC%2ByBj7lqKvdyNtpaJzL0Aw%2FUDG8BqGJq9bOgDVeMkvuccO4blGBWv6qs3gPAOMO2ws8hg%2BelIgESgWGIJhCoGl212bO%2BjiK2NxJPGJeGVMW5FKosVYwp0WqsZmA57%2BbIxsJy%2BnxYp%2BMkjKAGdXuKmcRlBndgGEWhyXIZxQ2wlKoRS4EZR%2FdkqzVQeJpwYvt7TVUAKChGwjZCr61XCCpj9uecmWE0NXH2RIs3nKKPLL4rw7jlLYV%2FY6VOnHiICFE5L3J7%2FWBchtx8XIg64TlfZtOYuM%2FinNAg1fIvKRuDU20gIpqIas9teuqdUXJDcz%2BsD1EYXVFUL2qM0mPsyXr1Rb6muXrGXYO1Qg69MABLt1U9FUlniX5CVrZRyg7aEriZiwrOpzhOWgvrMp36%2Beoy9j9uWGhcMwgkQU%2BWQWCGRA3q2FThwHN1JjjGP2WbTHYoPEWkhoP3FWM1M%3D&mm_sceneid=1_0_122354797_0&a=xxc%3Dad_ztc%26mi_id%3D0000LeD2SzhyNKpEx5zoE7AhLh6zPg3VtWMu4yrlq50Wk9E%26skuId%3D5485926135976&id=726736696606
936456394587,玩具新款抽奖洞洞乐盲盒男孩儿童生日礼物奥特战士新年儿童节礼物,25.6,¥,,沃仕达母婴旗舰店,沃仕达母婴旗舰店,回头客3万,4000+人付款,浙江 金华,"48小时内发, 包邮",出售状态:现货 | 适用年龄（新版）:14岁,https://g-search3.alicdn.com/img/bao/uploaded/i4/i3/2216661623490/O1CN01Nqf6O21beTKZRv92D_!!4611686018427380418-0-item_pic.jpg,//detail.tmall.com/item.htm?id=936456394587&ns=1&abbucket=10&xxc=taobaoSearch&mi_id=0000HI6L2EafIBMU9PH67XB9w0meoYLpn_pnLPHl14FLSA0&skuId=5996824327113
997166895815,POPMART泡泡玛特CHAKA琉光曲系列手办盲盒玩具摆件礼物,69,¥,,泡泡玛特旗舰店,泡泡玛特旗舰店,回头客20万,2000+人付款,广东 惠州,"热销爆款, 退货宝",款式类型:隐藏款 | 出售状态:现货 | 品牌:POP MART/泡泡玛特,https://g-search3.alicdn.com/img/bao/uploaded/i4/i4/2885348004/O1CN01vfxBqr28ztEUrqP9V_!!4611686018427382436-0-item_pic.jpg,//detail.tmall.com/item.htm?id=997166895815&ns=1&abbucket=10&xxc=taobaoSearch&mi_id=0000hM2oD9Ho4a3WxzJIFu7z5JFKmbr9l1wQ84s3c4-XFH8&skuId=6147244475350
922465244223,DODOSUGAR dodonami寻觅伊甸园迷你潮玩盲盒手办正版桌面摆件礼物,49,¥,券后价,dodosugar潮玩旗舰店,DODOSUGAR潮玩旗舰店,回头客2万,1000+人付款,浙江 丽水,"官方立减20元,  3期, 退货宝, 包邮",款式类型:端盒 | 出售状态:现货 | 系列类型:联名系列 | 品牌:DODO SUGAR | 商品状态:全新未拆封,https://gw.alicdn.com/imgextra/O1CN01IXrPYi2A4l3e7NxFn_!!2217183168150-0-picasso.jpg,//detail.tmall.com/item.htm?id=922465244223&ns=1&abbucket=10&xxc=taobaoSearch&mi_id=00002tzwOGMUAK5K3sw_5fejZQngmLvUKgzMUf_uJa1wuWs&skuId=5962941986886
970927471137,TOPTOY三丽鸥布丁狗乐园系列盲盒可爱布丁狗桌面摆件生日礼物,57.7,¥,,toptoy旗舰店,TOPTOY旗舰店,回头客9万,700+人付款,广东 广州,"官方立减12%, 退货宝",出售状态:现货 | 品牌:TOPTOY（玩具）,https://img.alicdn.com/imgextra/jz3_1/2211430099222/O1CN01cWAhAD2HzjbqrB1cu_!!2211430099222-0-alimamacc.jpg,http://click.simba.taobao.com/cc_im?p=%C3%A4%BA%D0&s=1199098264&k=2401&e=XG095F6NvhOPIKbkytNT25l3LhIy63meSToICMYKYhhoOlbAwEg5IAIxwMpT5xZ0p0xM3g8CLs5WJoYzXfxezX2N7X6OmcktGERdTtiDhya2E3atW70SpIKJWxIyWg9efvXwKSMKqQb3bnjd9cwRZrxDdnckp40WdNsXsTYBrTLAsDsQUHtymYdnRRA5G4Zl%2FoaEyvPr23ZrH81jHZHZF5mVAheSYyCEftM%2FLWR9HjNi3NyV852zQjQ1AQrJ%2FSxpIXshalkjV1PPl9hJ6XUePUJYDMj0BVaijzUARq4rxTsxRKRwakwFN0O6X%2F%2BP70jifboIuLKF6V2UWoyCfVBl1CsERiyDs%2BuGyYpJeVtKnf2iFDnXpR3mDyyYN2nFkmWgftaru%2Bft%2B9ezmlWmJAll%2Bd6nKh1Fgf1cX2F4t%2BEinC9heZ%2Fd5k%2FLB%2B9T7QC%2B91sgtN5CzDKND78jC672LbNhA5P0j1dOEZ0BT5dgUdgLbw2wx%2B68Lr15vs%2Bdag79SeWT9NCU0Hd9ziwMaF1A1W9Z6TEF7FRNSyVVuZqFnMJAzHIhvzjyUTRcYzG6craczbk7lCvKMgEzcbLuP7UNCDcTmzqbV5SYYIqbvdLwdqXrOw1jBd6Hm%2FHEBwvpJ44rjRLu5ekl7ikvOG9AL4SqkQFARUCLt9CU5CN8znmruyhzKv3GrM8Fb4sEkJQvtE2bU%2FeRnFfIe8S9brL%2BoqgR0k%2FkLErygT7bWU5DAr6Ggf31F0doICyVQP4Gx7WyE7zvKnr2Ewql3Wywleo7Yn6fd5PlKw33U3QYZdc5QG0YikvNWDpFmTWJlE8OXAu02TuLKeLjMNefvARuyANlUG7z7%2FpnBfD66blO5EPmIVd4iKHwUooto91X1Anf1eikeDxAYdoRilbWg6Dns%2BYeYF%2BU%2BOhdlic%2Br1RqplkFZDE68kNFRQBLrZO73x5gQM3HpJBVlF4XB2siaG2S9E%2BNeqvkJQoQ04gEa%2BHcGnTiZJWsjX8quBt6vUeyQFENr4gE62I9X9577O%2FwIMNmyjxMFnBLA7doNephHhGar9JA897w8RnT%2BxdtFOSskQ7S4O6j44caOlPthL8k50u4c%2B2kbY8DymsDwWiNiKLTbk%2FyjqigKuhFEcYx%2Fw720IW0WUXORRXgd9cCtIIFNn7lodC4YId0CcoK7OkAKqqlElKvORivlnTswEzmLPMaqz6CL72HQP4QkCiBVeYuKMqAknIgQ4ACsPD74pxrVgyysC8%2B7Ktf7ttPYo%2B19M92b2r7ujTUnHg8wBmp5CYoNQrpuZBHCmDj2QW%2FcxQua%2BHENIGYNt98GqoQM%2FOlepupxadueOqMLBJ7AOs2IxTFz3iBp8i1e682yBgFu7PNd6TXoRmccj1FZpsK6qPPBT6xeLhrU%2BoF64QJaZALrDcGvQhZ3QT74V%2FaioYm52KSDv79CIhubchgrklc05GWsVY2HjlWdBjtlXRwKzhgWeJrirAZzjIcHwhMupMG9BZI07HnVNA2SohsAcWAWgtEdLqF2RtNPeuiezM0LMgPB4H%2BXaVhHHT0LJ5Q%2FNg2FwPPhqAoLhmkYtGpkpW%2BQcffTPQQja7rlnC1FzyvtMRJcoG86qLHbMXyFoCGPPTh1CDY3BEK5XsPtsbGJXsSTEpRSDqF9J2BTxZ2r7dqpKASINjcEQrlew8cKbmPwgqG4NN0vkVanCT5FtkKrOQuq%2FsnXb1%2B0SQ0wk1Xj8sQBVTt0sDlr5z72z28JHBqETptvAodo0%2FWdaxeAcSnlk1AODsVvuAi9gysBQm3s4llBXf1%2BAeeqgX7SBQWxCyTutzCIxOlAkBeLaG99ABdsdnNGCslIFl8Kru%2FF%2BfQ2wqnKvACZDE68kNFRQBbT%2Bq2DyUUIgYorKQHq9AlnOUN4nWXo6u0I5CBeHOCns38Px4BBfkfyHalEjcPysb06e7bS84hoITt3ho6bEEcJII%2FK2OqF8EG1BnOG3vhr6sQJ0QVsh%2FMe%2BZFUI0O9ZJXpDFxgflhtiDU0Pb4PK7IMbARaqnY5dD%2BCgqX2D1aY8YD3QSgoMDz78pWAunDQpaMS46uOWMU8uz3QnRf00WVKSpJL0rnIHywCcy1HFsLVostDBcx3QKChD%2FwH5%2FqZuYv%2FjN9lW54ByAQEx0o0XPKEBbIVoABbCV4QGMSmsOvns4mKHnMVGzHlFZQfW41XfysH5zTPV3%2F5UBNA4z9n7en%2BapNyRc4BWPyoO6Ug5ibB2UNsJ2Iu1mBzI824lnFQYX7h8k0jeT2r4J4lJivTaLx1CIXpPfwreI3fa29ykFu9sNc2x5RMZ6S5tyv0O%2BD0BrsarfMW67Y729YBW0N%2FsZyBRYEYXpCb75%2B%2BLNreMpTi9sh4X1wSOqiftGh69xq2N07XUeoFVdBw3DGo68bTLMM&mm_sceneid=1_0_1804450133_0&a=xxc%3Dad_ztc%26mi_id%3D0000ys2lPQRmFqLQWlkTRvyEtTrdRte48n6x11IJCxGP3dg%26skuId%3D6088881983290&id=970927471137
910519583678,POPMART泡泡玛特小甜豆有关爱的语言系列手办盲盒礼物,69,¥,,泡泡玛特旗舰店,泡泡玛特旗舰店,回头客20万,2万+人付款,江苏 苏州,退货宝,款式类型:隐藏款 | 出售状态:现货 | 品牌:POP MART/泡泡玛特 | 商品状态:全新未拆封,https://g-search1.alicdn.com/img/bao/uploaded/i4/i2/2885348004/O1CN01mdEA9028ztEUOIbwV_!!4611686018427382436-0-item_pic.jpg,//detail.tmall.com/item.htm?id=910519583678&ns=1&abbucket=10&xxc=taobaoSearch&mi_id=0000g1h0fkvk2VwnDJfzrQ4zB254mmCPaBI1KCrdQN1f6GE&skuId=5795799284745
870803537334,DODOSUGAR wendy四代跟着月亮走潮玩盲盒手办桌面摆件公仔礼物女,79,¥,券后价,dodosugar潮玩旗舰店,DODOSUGAR潮玩旗舰店,回头客2万,3000+人付款,浙江 丽水,"官方立减20%,  3期, 退货宝, 包邮",款式类型:端盒 | 出售状态:现货 | ACG作品名:K | 品牌:DODO SUGAR | 商品状态:全新未拆封,https://gw.alicdn.com/imgextra/O1CN01yLwmns2A4l3d4gxob_!!2217183168150-0-picasso.jpg,//detail.tmall.com/item.htm?id=870803537334&ns=1&abbucket=10&xxc=taobaoSearch&mi_id=00006jNvNXhFKlKX3eJRH97aiL4Y5bJQ2ZvZZR7JVdHI6mk&skuId=5700687388199
,,,,,,,,,,,,,
859797387020,马年小礼物儿童元旦新年礼品潮玩盲盒小礼品幼儿园小学生奖励奖品,29.85,¥,券后价,天天特卖工厂店,天天特卖工厂,买过的店,2000+人付款,浙江 金华,"超级立减0.99元, 退货宝, 淘工厂, 包邮",适用人群:儿童 | 场景类型:春节 | 适用节日:元旦节 | 包装种类:盒装 | 风格:国潮,https://gw.alicdn.com/imgextra/O1CN01mblTsK2LY28L3hTa1_!!3937219703-0-C2M.jpg,//detail.tmall.com/item.htm?id=859797387020&ns=1&abbucket=10&xxc=taobaoSearch&mi_id=0000plJKcXYSph_dcs_V6kFc4IrqKpjQ_6qJvU_8n_RysKE&skuId=5846574086022
963697585185,黄鹤楼积木盲盒伴手礼生日会学生滕王阁义卖新年儿童节奖品小礼物,15.8,¥,券后价,昌元旗舰店,昌元旗舰店,回头客1万,3000+人付款,浙江 杭州,"官方立减12%, 包邮",适用人群:儿童 | 货品分类:拼插玩具/摆件 | 包装种类:盒装,https://g-search3.alicdn.com/img/bao/uploaded/i4/i3/2217695796810/O1CN01DlzEma20B2Altd2Pu_!!0-item_pic.jpg,//detail.tmall.com/item.htm?id=963697585185&ns=1&abbucket=10&xxc=taobaoSearch&mi_id=0000Ai82taATsqa4szqjE5rewFQFJvZvj0mXMlDs1Vd9mS8&skuId=5485937593787
985880196613,POPMART泡泡玛特MOLLY疯狂动物城2系列1/12可动人偶BJD盲盒尼克,239.9,¥,,李超越0922,TOP DOLL 俱乐部,回头客1万,200+人付款,广东 广州,店铺满299减3,出售状态:现货 | 系列类型:联名系列 | 品牌:POP MART/泡泡玛特,http://g.search3.alicdn.com/img/i3/1392190029/O1CN01YHzwfc1C5KbbXwbxG_!!4611686018427380301-0-saturn_solar.jpg,http://click.simba.taobao.com/cc_im?p=%C3%A4%BA%D0&s=1199098264&k=2369&e=DaA6hX59McOPIKbkytNT25l3LhIy63meSToICMYKYhhoOlbAwEg5IAIxwMpT5xZ0p0xM3g8CLs5VVKUM%2FTo9FeqJGmGwZH9AF21vDkSw%2FRq2E3atW70SpIKJWxIyWg9efvXwKSMKqQb3bnjd9cwRZrxDdnckp40WdNsXsTYBrTLAsDsQUHtymYdnRRA5G4Zl%2FoaEyvPr23ZrH81jHZHZF5mVAheSYyCEftM%2FLWR9HjNi3NyV852zQjQ1AQrJ%2FSxpIXshalkjV1PPl9hJ6XUePUJYDMj0BVaijzUARq4rxTsxRKRwakwFN0O6X%2F%2BP70jifboIuLKF6V2UWoyCfVBl1CsERiyDs%2BuGyYpJeVtKnf2iFDnXpR3mDyyYN2nFkmWgftaru%2Bft%2B9ezmlWmJAll%2Bd6nKh1Fgf1cX2F4t%2BEinC9heZ%2Fd5k%2FLB%2B9T7QC%2B91sgtN5CzDKND78jC672LbNhA5P0j1dOEZ0BT5dgUdgLbw2wx%2B68Lr15vs%2Bdag79SeWT9NCU0Hd9ziwMaF1A1W9Z6d%2F9Je42yQcAZphgZSY0eMdlSX5hBrXslUOgyWPqqYiXSdbzx6m2h6gOsJvnI7AXPjOCJbuCsqaD6fuAyzR62ELqO2ING2ifewt6vyIiRFK0s6CwRk4utdhR9IhhRlVb4nhQ9SD8snEVaqdJSxmQGI%2FGrM8Fb4sEkIBNpMEnRYDcX3w7wzK%2F0FMwxATSV52VAm00R3GhR2BQPvsXfGMfZFvf%2FSXuNskHAGRslmhjX5GKXIcdK50D7BgQMWcpQjFcTYJg4c%2BqFFUYuS3nNirFXLncuz9tgDwyySSqnSCMsWq%2BH94LTAFFD7Qnv9YFyG3HxciDrhOV9m05i4z%2BKc0CDV8i8pG4NTbSAimohqz2166p1RckNzP6wPURhdUVQvaozSY%2BzJevVFvqS4vH9ZNGOSqbs%2BXjKkzeyyc3q3ju3mP3%2FNM467TVm4B2KMzx16VfxVsaPLIzBH08Y9QxLoMdXMuSZF0x9AnA%2BgvV8%2BlHSJEzNM1CnHacXZi5f4fpuODN5sAxFMf7BJ3RRo5qyrXQ%2BW%2BlzDoVkvP4oK6PVgxyjqRJfPV2SNAJdG71uKen7pnZiveMtl1woxmWci0KGGI13xYU%2BZTSNXnfkffFJdvH%2FBdyxHPZa82eKfSaDANfpfC11R5ndL30P6NICCMM66pS2revuovAGsB3tUbAabebazBJpw5kc02XNTi1qlQUwfHU%2BDbSjGYVcvqnT2zeg2r55j%2BKm1PA7cT52bgbEAN9d3FbLnAsrGQCD9%2B9OL0cKnwm0Oo7Yg0baJ97C3q%2FIiJEUrSzoLBGTi612FH0iGFGVVvieFD1IPyycRVqp0lLGZAYj7f%2BY3C0K8rcEHmUEuvEP8OPYu76fQShc3IHTyN2JgtEyCJM3YEEE38GVlHJUPH%2FuX%2FjjUkGuc1nYTEEuLitcIczeaa05C33GXWSiERXzOPRBGid5IvfEBvJ5NOc3aFsuhuL%2B46WcOhjHMPt%2FJGTh%2FvFdnQI6BjSKdRMVqzos5C%2F%2FeQ1KQuky8NT6bq9Nr9rYIQ5SfVA2O8E6%2Fs4DCXnVCY02YG7UeBWs7CX3wTQIY07eKDuZfBF7UyspKpAHfi%2FQmBTzx9PWP8oRsNIQ%2FY6SSia901nS4q6j6ykqkAd%2BL9CYFPPH09Y%2Fyg%2FkzIGEZr0FuP5l%2BQK%2FDviHksBJAmW1yk7y8NHMREs5Dy1UM1v9tcvcBljX1KJhuH2%2BUv%2BKWkd5JZy0I07FbL%2BxdW3NXRBljcKLh8fs8TsSeLEZ3ZXiuUM6jKsNqBX5jmjMWrfCMA1WzJmw%2BxDrQl7vXnZB4no46Df7XBiM02%2F3aRFbIBcnJsPF0OCnzO%2BezRvN1UP5SxO7GElt2eRJ86RiFflPOppUcF%2BSNPlJWzBvHI8ptq3HnYo2B%2FwCH7LHwZ5soNFxMvGjmoa8Yi9Hs5YWq02oDiVC3OjTA56snNVjsyaHgyrQ%2BWDzIvYhU6SoyUbU2l3%2FnyG%2FdZeEf1w%2F3B7mapSF%2FZcKh7ldOHjTNnRx8H78DkyWBSPTe05BsXU39Llk9V%2BTXSrsgD%2B0J8VgmCIzwxJwqEmpjNeO1x6xihmrn07fFC%2F3Oj4HjRAC0%2BexQVR9IhhRlVb4kfnkeRzC1quUhCwbEs8nXNpVUtL9DGzQtBLlGwunusyiBnowwpZtAfihAMNy1%2BBVIdCMEMlrRROsySjh4%2FbAQVlYQ%2F3HHGsVfeQqOwmIvO%2FZgmpw%2FB9Pr0pVN1lPdFDlt%2F9Je42yQcABOyHSDWl5PTFCs37chNQUwZWUclQ8f%2B5XMrVCQ4q09oaEQEXzFwTAkkICpGl49BLWeJrirAZzjIcHwhMupMG9CfHaDyvP%2FCr&mm_sceneid=1_0_1392190029_0&a=xxc%3Dad_ztc%26mi_id%3D0000aRph38xebmUzjuzB_nu2CQaEAMNvk89wMyWsjbFQHY4%26skuId%3D6112942767309&id=985880196613
952492163528,正版福福贴贴遇事不决问妈祖系列盲盒工位车载桌面摆件送朋友礼物,136,¥,券后价,lazytonywu,易启潮玩铺,回头客1万,800+人付款,福建 泉州,"官方立减15元, 退货宝",款式类型:小隐藏 | 出售状态:现货 | 系列类型:联名系列 | 品牌:福福贴贴,https://g-search2.alicdn.com/img/bao/uploaded/i4/i1/549781350/O1CN01fAOw951LqLlNSID4w_!!549781350.jpg,//item.taobao.com/item.htm?id=952492163528&ns=1&abbucket=10&xxc=taobaoSearch&mi_id=0000GBimlB86raVcZvDLzWiRrelavAdc8xtKoaW2SzDSMjw&skuId=6026817348400
851465979154,steam 正品游戏激活码 福袋喜加一随机游戏大作正版盲盒cdkey礼包,158,¥,,xhh9901,电竞琪琪店,,600+人付款,广东 广州,"24小时内发, 包邮",游戏名称:steam | 商品形式:激活码,https://g-search3.alicdn.com/img/bao/uploaded/i4/i1/2216929900441/O1CN01SqCR2U1F81lwf5Kk8_!!2216929900441.jpg,//item.taobao.com/item.htm?id=851465979154&ns=1&abbucket=10&xxc=taobaoSearch&mi_id=0000M28dKymVDTHCm8vsk9C7rdl_DAe4CUrP9_0iYeZu7Gg&skuId=5973304932427
794785727612,儿童女孩玩具幼儿园礼品砸金蛋礼物网红爆款盲盒男孩生日岁新年小,74.5,¥,券后价,聪慧脑瓜吉野熊专卖店,聪慧脑瓜吉野熊专卖店,回头客3万,7000+人付款,广东 汕头,"退货宝, 包邮",适用年龄:3-14岁 | 适用性别:通用 | 品牌:聪慧脑瓜,https://gw.alicdn.com/imgextra/O1CN01d9uYMW2FCbv25vjgA_!!2200784118844-0-picasso.jpg,//detail.tmall.com/item.htm?id=794785727612&ns=1&abbucket=10&xxc=taobaoSearch&mi_id=0000nbMIOUfW0UrcK1m3OVwyyS-KkTDIlCvdxqd22asIWkg&skuId=5436068240571
971478901661,星斗模玩万代高达假面骑士盲盒福袋中古在线扭蛋机一番赏28次数,23,¥,券后价,tb723146774,星斗模玩,,200+人付款,北京,店铺满5500减500,出售状态:现货 | 品牌:Bandai/万代,http://g.search.alicdn.com/img/i4/7991976130/O1CN01dTyjDP1v9azq2lMoZ_!!4611686018427379906-2-saturn_solar.png,http://click.simba.taobao.com/cc_im?p=%C3%A4%BA%D0&s=1199098264&k=2393&e=yamphBjmfsePIKbkytNT25l3LhIy63meSToICMYKYhhoOlbAwEg5IAIxwMpT5xZ0p0xM3g8CLs5BvRxpDshk1ffy7jTF5tlxuQA1%2FoBBiqiPRGWijqxDYIKJWxIyWg9efvXwKSMKqQb3bnjd9cwRZrxDdnckp40WdNsXsTYBrTLAsDsQUHtymYdnRRA5G4Zl%2FoaEyvPr23ZrH81jHZHZF5mVAheSYyCEftM%2FLWR9HjNi3NyV852zQjQ1AQrJ%2FSxpIXshalkjV1PPl9hJ6XUePUJYDMj0BVaijzUARq4rxTsxRKRwakwFN0O6X%2F%2BP70jifboIuLKF6V2UWoyCfVBl1CsERiyDs%2BuGyYpJeVtKnf2iFDnXpR3mDyyYN2nFkmWgftaru%2Bft%2B9ezmlWmJAll%2Bd6nKh1Fgf1cX2F4t%2BEinC9heZ%2Fd5k%2FLB%2B9T7QC%2B91sgtN5CzDKND78jC672LbNhA66xj3wiK6hNkYVHHigpjg%2BQCw3YgifcNtjgYajvxnu1veUGW5j5HXVsvl3UQM3nOujM85%2BvcCOam3y67RgT0MKYA18KQGcFBL%2Fts8pHeaWZFf2ItbLtsH%2Bj9tPSANisRGYkDG%2FqVmcnpaOVKSKNtrn%2F6mMcT1%2Ft4GsQcX8hyF%2FGjIPV3%2B87rSNxwvxhIqosEnV4F%2FY46KO1eLxFiyHPiyUl9%2BOh%2BeDdADaYOSfukCE4NCQ0syiVZ%2FX8yj5TufzSeHF%2BbBiNNt2VXYJ5vL8aRjlSIc9wslTg72bD3fKeXFlySfvr%2FpH99pDaXRr8oEJY2XqN4FIwcCwrEmjooPZRxPewqcBfdCGD%2FQdlOzRi9heTJ6PZ2vZcEX3BS%2FRYbT1wCOQszi%2FFL8C9JCWwzgLsg1ZwV0tRGTQUk0aqThX42zgZY1RtQZiCD%2F4JpApOMyeAIfeQqOwmIvO%2FWvypUy2DRP%2BbDeyhQagH5YINs617dQIAk4WVCPnK4v4m7QEKVk2VAgM3a%2BsRMGbyvil6y8lMSqGQK8eVIkVWfWMncUBuaf1DWwLuZipUxFXhfUK1d8pY1hGau2RQt2Wg3qgvIxalcnlS9%2BaSEf0y1JbvrRkOeM2d603Wh7FTpJTgjzKefZBF8zxPRt8jYtXZ%2FtiiehQaNH%2B4TPiLnvlUTHoJg7fY1eib6kZyFG9GIMjz%2F46qOwIsZQKtT4pz1G5HbQR6f26%2BxOqD2BpB5pHiPLMuDLBC9HtAuowis%2FfQsbFOhbCFPGETdS1gxOzcbO46QQqaor6uLqufEvXp%2FOlkIYwASDgp%2FMSbkSEPqpkUdq4FxqlYsrSfz1vV1j2Mt7XVrMAYj1wK6G0UEm6jV3CMVfOV6aAPcbHmngJL7b8guLGpcloztismVXf2%2B7g2H63fijK9gfIsPWghoiPaKOGnQLAKtUptWp%2Fc9C%2F%2BBN9R9oRNR4MypT5GiAu6XcQR%2BRBkAbMPtlEtLc2d3pBKM2aQdqox3eKh4ruXC9LO4HVqncJj9lm0x2KDxIJUMw8OvT76gcXB0MPeSog%2FXkVlZtDmR2k0LJx9oeBHgn%2B%2FJ5vXlgaYtpsmoztmgdaes4JykAVpkIACO5sA2NXtQns91TAqK6LD7pvrpstkeE2K0kziopRa%2BfE3YFHOtqnMGoytIL6LKBie5LaQ5nOPaw1fCkw%2BOkyLCH9TddYN%2BMjlCyRrPw11wFgkimLswW5VHa4w2jXL03S%2BRVqcJPkW2Qqs5C6r%2ByddvX7RJDTCe1F5PpPPownlZsAkFdIboDfF6vsMy3oWV4ikQxbHSAkPyVCyC4SVkb0lxJHSmHCh4Y4cY3qQzzy9xJnYHiVr3zgzm8SNhWcgbUKkrGculOI0AAY4OYn44GMU%2FkBrpWDCmF%2BJD2NqUvQMsVMBHllJ0T4hc%2BKa5YsfvYgNP1U%2Fg%2BEKLh8fs8TsSQ4WDbBLgR2bfzVFBWC0Pbb%2Bph66b%2BXKeKfzwgjwpZHOcjym2rcediihCa6Z1WXWczm6sYhPCkIzqcPLe2Z3YTrCTyXHqBjyao021Jsu3drAvg9260mxlDaU%2Fxj1FL22MR03ADE3FwTngR1fB%2B6XUm%2FaT7D4wEc6metVfodvdukE4ZOsJfnaWB4SkMB3Nrl%2BWQLICcIArvmLu2f3QYRJMQVqWlHB0oqkaB9dJ5Ckf4GGoHF8T0eEB74c2oCaJkdGt2pHNfEztAphrB%2Bc0z1d%2F%2BVATQOM%2FZ%2B3p%2FmqTckXOAVj8qDulIOYmwdlDbCdiLtZgcyPNuJZxUGF%2B4fJNI3k9q%2BCeJSYr02i8dQiF6T38K3iGsjw7hU3OrGWByxt1BptBggG497Zj7jqc4vEQPZl8pQe9a0rIk7pFARQ7h2DNN8JAx3CyYCHOkajNceWOphaKoVOHAc3UmOMY%2FZZtMdig8RaSGg%2FcVYzUw%3D%3D&mm_sceneid=1_0_7991976130_0&a=xxc%3Dad_ztc%26mi_id%3D0000qdHKr2j6om1cqnMOXDkpEA_PSlczVAAz2QYl-Mx9izY%26skuId%3D5999704717006&id=971478901661
849489340064,【现货】PlayLab假面骑士键帽盲盒啪啪按键机械键盘摆件男孩礼物,38,¥,券后价,tb068540_2013,Super Toys超玩商城,回头客3万,1000+人付款,广东 广州,"店铺满15减10, 包邮",,"https://g-search2.alicdn.com/img/bao/uploaded/i4/i2/1598373758/O1CN01ganj061ddDXJQlhM1~crop,0,196,1080,1080~_!!1598373758.jpg",//item.taobao.com/item.htm?id=849489340064&ns=1&abbucket=10&xxc=taobaoSearch&mi_id=00008zR_TX8EcHI7VILx9umhANJXM0YQXezcd8TvpdwHUR4&skuId=6028039428622
965719903183,steam 正品游戏激活码 福袋喜加一 正版cdk随机游戏大作盲盒礼包,38,¥,券后价,tb9094684187,轩科正版,,2000+人付款,广东 深圳,"24小时内发, 淘金币已抵0.05元, 包邮",游戏名称:steam | 商品形式:激活码 | 上市时间:2020-01-14,https://g-search2.alicdn.com/img/bao/uploaded/i4/i4/2217230094768/O1CN01oTWy0a1l5nUeGzjiu_!!2217230094768.png,//item.taobao.com/item.htm?id=965719903183&ns=1&abbucket=10&xxc=taobaoSearch&mi_id=0000FSlKVeCBctMoxERVsUaEnCkBLm3_2uXfTsn4EITYljA&skuId=6139898127894
962381343023,【惊喜盲盒】霸王茶姬惊喜限定水杯盲盒-可爱高颜值礼物送礼专选,89,¥,券后价,chagee霸王茶姬官方旗舰店,CHAGEE霸王茶姬官方旗舰店,回头客20万,200+人付款,江苏 南京,"淘金币已抵0.89元, 退货宝, 包邮",材质:316不锈钢 | 保温时长:6小时 | 杯盖类型:推盖 | 是否显示温度:不支持温度显示,https://g-search2.alicdn.com/img/bao/uploaded/i4/i1/2217636206482/O1CN01WwVAOW1xkoPAzKIwp_!!4611686018427385746-2-item_pic.png,//detail.tmall.com/item.htm?id=962381343023&ns=1&abbucket=10&xxc=taobaoSearch&mi_id=0000l_99tUFqy9sNjEp1arNQVyKpOIc_-o0gAxOwonE-jdI&skuId=6145632107917
999483448441,马年小礼物儿童元旦新年礼品潮玩盲盒小礼品幼儿园小学生奖励奖品,19.35,¥,券后价,官方国货甄选,官方国货甄选,买过的店,8000+人付款,浙江 金华,"退货宝, 淘工厂, 包邮",适用人群:儿童 | 场景类型:春节 | 适用节日:节日通用 | 包装种类:盒装 | 修饰词:新年小礼品,https://gw.alicdn.com/imgextra/O1CN01m5iw8R1mQEqeW1iwc_!!2206588314948-0-C2M.jpg,//detail.tmall.com/item.htm?id=999483448441&ns=1&abbucket=10&xxc=taobaoSearch&mi_id=0000lJwHcpKtodAgRRJhrGWMdjVnqPbdC0C37w7K2HDxw5Q&skuId=6148912462387
947390239653,超模动漫POP SUNDAY芝麻街幸运树盲盒摇钱树毛绒招财摆创意礼物,85.12,¥,券后价,浩然天2008,超模动漫,16年老店,29人付款,广东 深圳,"官方立减12%, 淘金币已抵1.98元, 退货宝, 包邮",款式类型:端盒 | 出售状态:现货 | 系列类型:联名系列,http://g.search3.alicdn.com/img/i3/14554004/O1CN01Rto3GB1fRsv9lMP20_!!4611686018427384724-0-saturn_solar.jpg,http://click.simba.taobao.com/cc_im?p=%C3%A4%BA%D0&s=1199098264&k=2381&e=wzMD%2Fn2c1zuPIKbkytNT25l3LhIy63meSToICMYKYhhoOlbAwEg5IAIxwMpT5xZ0p0xM3g8CLs4o6MQgH0hL70mI3Sb9LFWaIdvyEnl3CWSPRGWijqxDYIKJWxIyWg9efvXwKSMKqQb3bnjd9cwRZrxDdnckp40WdNsXsTYBrTLAsDsQUHtymYdnRRA5G4Zl%2FoaEyvPr23ZrH81jHZHZF5mVAheSYyCEftM%2FLWR9HjNi3NyV852zQjQ1AQrJ%2FSxpIXshalkjV1PPl9hJ6XUePUJYDMj0BVaijzUARq4rxTsxRKRwakwFN0O6X%2F%2BP70jifboIuLKF6V2UWoyCfVBl1CsERiyDs%2BuGyYpJeVtKnf2iFDnXpR3mDyyYN2nFkmWgftaru%2Bft%2B9ezmlWmJAll%2Bd6nKh1Fgf1cX2F4t%2BEinC9heZ%2Fd5k%2FLB%2B9T7QC%2B91sgtN5CzDKND78jC672LbNhAwdD2x%2FVI8OrUoR0KhINEBX15J5Y0IImd9jgYajvxnu1veUGW5j5HXXgQ0YL%2B2cm4BiTYgfPEpTv7CMcB1f6UT0Df02MEKPhlWNV%2Beof9tIGXLbYIiBusXqfXEJ%2FMULGVKhqAVFv6csqqbLSY2wYwX6b4WxtZnpKweXdZgBrZTpo17YkvhtKIiPdtek0dnAh3SOtlxlraR6UkWlF26jOvpmhBpo92BBNSwYTL5lPC29U5nnTWEwLYexCxvFXGBNxQE1lzx0pfFkzBV1byXec9hGbgSW95i0aXes2NIfYE14NA39NjBCj4ZUznkuXbZ8E5u3PpAUJghzfwVlK59lgMrkJbtNsoLVFAPUcRXjNBhb%2FBlsXN4%2FQtpupGTkBbCSlHTyhP9h6duXj5CzOL8UvwL0kJbDOAuyDVnBXS1EZNBSTRqpOFfjbOBljVG1BmIIP%2FgmkCk4zJ4Ah95Co7CYi879a%2FKlTLYNE%2F5sN7KFBqAflmupfbfITiD6wLjshEnJiTkU1LHqHcM0MrZsZ2YADgG1Mq4Nq5FB1g5rwUzpr%2F9RAOtsHfffqf85SJ8NT9svH0M3OtOlhXHSo%2BgemJ%2B103XYGUgwwceBki1BNhjD7QlT3G4taewuiiRx6FFM0TshvCVSMeKHXm2x2QuwBG9Ms4doo%2Bh9IFQRPsckpNIFJpLVgNio3oEESpwf3W4cFD%2BYTT5nlpUzspMcB9ENx19rPQQsg4OzK2XY6TwWrHOgLDP8f4IgmOocDbKsTkFlIDQ58a0au4XsZvrECq7CLBx%2FJvbp%2FxLYMkCez4c%2BBXqXs2kDBPk92BrVrDynaWsOkpFwmEDM2FRdZRrkDTVrXowwm0fOgn5NsvkBc6ppNBxZecWEkU%2FGW77Q2K%2Fm4rJ%2Bx6lY6TKlPHQwlmtZy5PPFV4pVDY4uUIp%2BbIiI%2Fb19ZV6k9ao8sAnMtRxbC1YBL5HKR9KUHZpNBxZecWEkXzsWOVtlP1yhBpo92BBNSz62i988qPjVKZVt7I2727dxALoWWg0%2FMETAX%2F8PicBIq53dHCdGIcdpEkIJUwPc2R3SnN%2F6GfuKQU2Lsc7HxQDquwd0enca8uxeKBiXXowPpKPlDJUqRCDHs7BTzbP5%2F%2B5yuMu1cEnTSQnciZOYVwH0rrcQBW7Q3kvfL8fkBbzzA39NjBCj4ZUNxrXdYyrX8HP%2B5yDxCLoemLhH0GB1hwADf02MEKPhlaHaVkSAp4zyOA4%2BRuwx%2BSrmzYgovbZIOFqzREkQtMc1wBnURk6yK4gaU9mAcMEOVvUdWxMp%2BPV%2FncIsApCvmWv7j9RDre0GRQouHx%2BzxOxJgg8mX8zckGPqMqw2oFfmOVrbjcJ00xk6Hx9NSxfAjsG9edkHiejjoN%2FtcGIzTb%2FdncIsApCvmWvHrenWOeDcj1ubAQ78V7y77jxTB6yf8L5BSyKGug37Wm2lonMvQDD9QMbwGoYmr1s6ANV4yS%2B5x8dTolETt7NP4%2BpbHKtvpsPyGD56UiARKBYYgmEKgaXbXZs76OIrY3Ek8Yl4ZUxbkUqixVjCnRaqxmYDnv5sjGwnL6fFin4ySMoAZ1e4qZxGUGd2AYRaHJchnFDbCUqhFLgRlH92SrNVB4mnBi%2B3tNUOw6zO9CMnG%2FrVcIKmP255yZYTQ1cfZEhA%2FCIk%2B%2Bts11Inw1P2y8fQTP7xZTN%2F8oYnv9YFyG3HxciDrhOV9m05i4z%2BKc0CDV8i8pG4NTbSAimohqz2166p1RckNzP6wPURhdUVQvaozSY%2BzJevVFvqS4vH9ZNGOSqB3ohGRNr2wf06cqJ36fyWKE%2FA911q52QbHoU%2BZd8paPjrgIcO5TYG3bXpNHZwId0uJpdWK4uvSnEnxon4oxTwDDsBu1zzBZKTTASkvs546XEAuhZaDT8wbxw44IUBjm4%3D&mm_sceneid=1_0_14554004_0&a=xxc%3Dad_ztc%26mi_id%3D0000iWwcwpwhM4dyDh8eWyScKFKYX_pynFHw3OVDnvNDh6E%26skuId%3D5859131169776&id=947390239653
917471197917,儿童盲盒捏捏洞洞乐玩具女孩子2026新款解压豪华版戳戳乐生日礼物,57.6,¥,券后价,粉红小布娃娃旗舰店,粉红小布娃娃旗舰店,回头客2万,1万+人付款,浙江 金华,包邮,材质:塑料 | 适用年龄:3-18岁 | 适用性别:女 | 安全认证:3C认证 | 适用场景:亲子陪伴,https://g-search2.alicdn.com/img/bao/uploaded/i4/i2/877898187/O1CN01D027CM2ALhekIBYAi_!!4611686018427382219-0-item_pic.jpg,//detail.tmall.com/item.htm?id=917471197917&ns=1&abbucket=10&xxc=taobaoSearch&mi_id=0000To7ytE8ZKmx2Jy1Z1EFSZ_8MAe6NMMXm__2huZZL9Tw&skuId=5886573097687
801177817736,【139元2个装】GERM盲盒可口可乐等多款联名保温杯水杯福袋杯子,699,¥,券后价,germ官方旗舰店,germ官方旗舰店,回头客10万,1000+人付款,浙江 宁波,"官方立减140元, 包邮",杯子样式:直身杯 | 杯盖类型:旋盖,https://g-search2.alicdn.com/img/bao/uploaded/i4/i3/4222198218/O1CN014afUhp2AZtsuDWyxi_!!4611686018427380170-0-item_pic.jpg,//detail.tmall.com/item.htm?id=801177817736&ns=1&abbucket=10&xxc=taobaoSearch&mi_id=0000EMQSXu4gFoqw8RqDMbZysK94GXe0hXgOZLle8SCrEeA&skuId=5971677761458
860059171131,POPMART泡泡玛特SKULLPANDA进退之门系列手办盲盒礼物,69,¥,,泡泡玛特旗舰店,泡泡玛特旗舰店,回头客20万,4万+人付款,江苏 苏州,退货宝,款式类型:隐藏款 | 出售状态:现货 | 品牌:POP MART/泡泡玛特 | 商品状态:全新未拆封,https://g-search3.alicdn.com/img/bao/uploaded/i4/i1/2885348004/O1CN01QMGd6H28ztETxSf2f_!!4611686018427382436-0-item_pic.jpg,//detail.tmall.com/item.htm?id=860059171131&ns=1&abbucket=10&xxc=taobaoSearch&mi_id=0000X4bZ7foWWU8eLVFkPDQrMp0VUqcMdC7V127z0YCMPSw&skuId=5841462168622
870567349717,正版Hello Kitty凯蒂猫手办模型三丽鸥盲盒摆件公仔玩偶女生礼物,121.08,¥,券后价,寻年旗舰店,寻年旗舰店,,1000+人付款,浙江 丽水,"超级立减14元, 包邮",出售状态:现货 | ACG作品名:hellokitty,http://g.search.alicdn.com/img/i4/4669204286/O1CN01Vqtub41hX2e88nwAL_!!4611686018427381566-0-saturn_solar.jpg,http://click.simba.taobao.com/cc_im?p=%C3%A4%BA%D0&s=1199098264&k=2369&e=4OqtMG4kN%2ByPIKbkytNT25l3LhIy63meSToICMYKYhhoOlbAwEg5IAIxwMpT5xZ0p0xM3g8CLs7IpDCvBRTlU26CGyOAJqFjOYbsSFc0b1m2E3atW70SpIKJWxIyWg9efvXwKSMKqQb3bnjd9cwRZrxDdnckp40WdNsXsTYBrTLAsDsQUHtymYdnRRA5G4Zl%2FoaEyvPr23ZrH81jHZHZF5mVAheSYyCEftM%2FLWR9HjNi3NyV852zQjQ1AQrJ%2FSxpIXshalkjV1PPl9hJ6XUePUJYDMj0BVaijzUARq4rxTsxRKRwakwFN0O6X%2F%2BP70jifboIuLKF6V2UWoyCfVBl1CsERiyDs%2BuGyYpJeVtKnf2iFDnXpR3mDyyYN2nFkmWgftaru%2Bft%2B9ezmlWmJAll%2Bd6nKh1Fgf1cX2F4t%2BEinC9heZ%2Fd5k%2FLB%2B9T7QC%2B91sgtN5CzDKND78jC672LbNhA5P0j1dOEZ0BT5dgUdgLbw2wx%2B68Lr15vs%2Bdag79SeWT9NCU0Hd9ziwMaF1A1W9Z6XvClpLu9a7hY8q%2BSGC9MNflMo8jLIyQ7rbE0tE4BbqLuVgskeoICtQZwqII86s4dhTcpoWfNH5mzwqbb7KDj5bJMkJ3w7%2F22QLYOXPTyBdjKPNoEYULG86Yw6BUEHG6SHR1i4sA3O38u%2FaEsD3pE%2BfGrM8Fb4sEkJQvtE2bU%2FeRnFfIe8S9brL%2BoqgR0k%2FkLErygT7bWU5DAr6Ggf31F0dqZLWdHv4b7E5IOmVm%2BTkSgB2gMwUaKXDD0h7z0KZg00T%2Bh5Qzjje2f1asd31BKmjIv51CjYwN%2FN4xfmDlzTStTcSWbUBLGqJSELBsSzydc2lVS0v0MbNC0EuUbC6e6zKIGejDClm0B%2BKEAw3LX4FUh0IwQyWtFE6zJKOHj9sBBWVhD%2FcccaxV95Co7CYi879qz3919X9FanvClpLu9a7hlHwq2HszM%2F0ZW3DeNjlZo31ap0Wjuyac2hU47KTI4HdO%2FZwqWQ1LMxebJV0AJmmFHQZGykFs9rNq3C9kLt%2FlNIT9LfqyZPrlFInktJT2%2FUJX%2BBW679kLYEFC3Fm2HTJXjf%2ByAhIKgC%2FJfpv1l4xIjNPmZy6bwvHse2COPpEAP6wYfzLczxGq09ZYL1LBoc6NZzF85n9evdr%2FhY3FbBiISawS6GJiQBRge7YLiNIfmYJmaN4OExv7fT9%2Fq0eUozj41icL%2BtPHp6i6N7ayTn5zj0PFk4iPYRtSSIehiG%2BIoJr0sH%2Bl1ak7mnQF6gwLydBVhKOfypQ6kCayw%2BV2bwLzeRnCogjzqzh2tsTS0TgFuos6ZFzXdoGqQuUyjyMsjJDuFNymhZ80fmbAEQFCIB%2BewP6qapKO21yaFHQylTB2UkQgRcLSc6N4k4ajl7zCrADuAoGlb%2BTp5yK%2FKB4Q6IuQa9RGyskzvbJwyr0BiPu6vJzqpldpA4K9Sw17aEBmiJD7BnUTmXkxXTIJjtcW6audF9hjbSSm6zAYbxYcBNWuLSsOV1KEIpn4ktuIpSP9eSfbN4zW7RTAFPwhNP3rTUFh4icO0tV7jD36i5U4m%2F53gpENmYGTj5kr5T9%2BD4lGgxPKjyfVVOVSyM%2BHYjfvn8tkwSHsQsST5%2FyqOLoPZxTAp%2BpDdRFFEeTrXYdiN%2B%2Bfy2TBFinBHOupAguCiVsSMloPXju7sGhRze35FhczlR5xHB28JHBqETptvAodo0%2FWdaxeAcSnlk1AODsVvuAi9gysBUo9p8iZYVKmpRcWh59MwuQWxCyTutzCIxOlAkBeLaG99ABdsdnNGCslIFl8Kru%2FF%2BfQ2wqnKvACZDE68kNFRQBbT%2Bq2DyUUIqzIxoo1ynWPzboD2KlMnXq0I5CBeHOCns38Px4BBfkfyHalEjcPysb06e7bS84hoITt3ho6bEEcJII%2FK2OqF8EvteVKkjegpKsQJ0QVsh%2FMW49XGFqqThNXpDFxgflhtiDU0Pb4PK7IMbARaqnY5dD%2BCgqX2D1aY8YD3QSgoMDz78pWAunDQpaMS46uOWMU8uz3QnRf00WVKSpJL0rnIHywCcy1HFsLVostDBcx3QKChD%2FwH5%2FqZuYv%2FjN9lW54ByAQEx0o0XPKEBbIVoABbCXsTcxnvRASVIYq4IsgivI1lFZQfW41XfysH5zTPV3%2F5UBNA4z9n7en%2BapNyRc4BWPyoO6Ug5ibB2UNsJ2Iu1mBzI824lnFQYX7h8k0jeT2r4J4lJivTaLx1CIXpPfwreIiu%2Ft3380CE20UJenGAygP%2FTH5vX%2Bxi9nsarfMW67Y75PwWfojZfx%2Fv3YkZCmFlAuPIKWsWcWOpkFQdLDYLyQaftGh69xq2N07XUeoFVdBw3DGo68bTLMM&mm_sceneid=1_0_4669204286_0&a=xxc%3Dad_ztc%26mi_id%3D0000PpEk_jqP-bSzMMC3BqTP8Z2GQW5zh5Vcx3gqd5i3dDA%26skuId%3D5700114904200&id=870567349717
885471235293,POPMART泡泡玛特DIMOO WORLD × 迪士尼系列手办盲盒玩具礼物,79,¥,,泡泡玛特旗舰店,泡泡玛特旗舰店,回头客20万,4万+人付款,江苏 苏州,"新品, 退货宝, 48小时内发",出售状态:现货 | 品牌:POP MART/泡泡玛特,https://g-search3.alicdn.com/img/bao/uploaded/i4/i4/2885348004/O1CN019lnQrV28ztETcGZU2_!!4611686018427382436-0-item_pic.jpg,//detail.tmall.com/item.htm?id=885471235293&ns=1&abbucket=10&xxc=taobaoSearch&mi_id=0000a2aUkAKXeJXtjzhRy4ndyMZvfvaJliOHki4b7UcRTVQ&skuId=5751607824985
989961634307,Steam喜加一正版游戏激活码cdk慈善包福袋盲盒随机激活码大作Key,2.5,¥,券后价,tb96898091,steam正版租号可联机,,200+人付款,广东 深圳,"淘金币已抵0.05元, 包邮",游戏名称:0000 | 商品形式:兑换码,https://g-search3.alicdn.com/img/bao/uploaded/i4/i2/3783349253/O1CN01KlO8iA2IDvthhQmtK_!!3783349253.jpg,//item.taobao.com/item.htm?id=989961634307&ns=1&abbucket=10&xxc=taobaoSearch&mi_id=00009jacO2_6da4FVwYkBz3CU9ck565xgxtLlKyb6bpuBbU&skuId=6124668147668
732729629876,【惊喜盲盒】Vanow高颜值保温杯女大容量吸管咖啡玻璃水杯子,298,¥,券后价,vanow官方旗舰店,vanow官方旗舰店,回头客10万,100+人付款,浙江 金华,"官方立减12%, 退货宝, 包邮",材质:316不锈钢 | 容量:350ml-500ml | 杯子样式:直身杯 | 适用人群:通用,https://gw.alicdn.com/imgextra/O1CN01qmZr5l1sKBIx9B5hD_!!2177975747-0-picasso.jpg,//detail.tmall.com/item.htm?id=732729629876&ns=1&abbucket=10&xxc=taobaoSearch&mi_id=0000ThJkdQqgOruCRo2q43QryiD0k2rvIuruJkxx--8Jkf4&skuId=5241612990173
962914076076,POPMART泡泡玛特星星人美味时刻系列手办盲盒玩具摆件礼物,69,¥,,泡泡玛特旗舰店,泡泡玛特旗舰店,回头客20万,7万+人付款,江苏 苏州,退货宝,款式类型:隐藏款 | 出售状态:现货 | 品牌:POP MART/泡泡玛特,https://g-search3.alicdn.com/img/bao/uploaded/i4/i1/2885348004/O1CN01Cn0sR928ztE5yIn1v_!!4611686018427382436-0-item_pic.jpg,//detail.tmall.com/item.htm?id=962914076076&ns=1&abbucket=10&xxc=taobaoSearch&mi_id=0000tALbNrTf1UziwVrStgCVN_65m1cMnKw-wmSb4SzfknM&skuId=6098834894542
980028020457,【田栩宁专属】AYORTOYS兔闪闪ShyShy打开闪亮世界系列盲盒挂件,69,¥,,ayortoys旗舰店,AYOR TOYS旗舰店,回头客7万,8万+人付款,上海,包邮,款式类型:隐藏款 | 出售状态:全款预售 | 品牌:AYOR | 选购热点:淘公仔,http://g.search.alicdn.com/img/O1CN01vW3lGG2DtXp8eydvD_!!4611686018427386091-0-item_pic.jpg,http://click.simba.taobao.com/cc_im?p=%C3%A4%BA%D0&s=1946554147&k=2401&e=ifQ7AmELVg4CfdrTObNaipyvTV8aFsnOJohJnjxOkhFVl5Pm4u5r%2BXTui1ZS49QCY6UQklOWGIwtNFydhFDvXOwoIzjLzkw1RHQ9BK9zfvrfYszppI7eK7TD2RZ7iQuCL%2FnzikXMiTgUOs0SnIjKTfZ89NdRWYRxkJjyGre3eG8mrNilZzaMc6IJCsbBo5SuuzbQeAFlIVo5QsMZ5aEuv9jY7VEQTblYYBpis4aX57p3NZPESxjgvFdJ30ES8L4KGtawF60Am%2BHbX8N0br6nDZIaGXXWFUqgPxaU1vldqcbl1HBuK25BszhZhzJronCWjJupzQLZdTRUx09iKfBd3nV3pNNbNgvXww2B1MXaUEojikRXbPMBsRUUoeYjAPmAfMDGG0A750HD8TpbkP0Cpm7zWCqAf%2F2RuoD0rOCPaqc5YDaxfWDh4c1svjH2lhxTOB6fkaSui7yu5yvuttcEHRTKxuzT7kSjoxHOG3D4OhA3C47hBN67RCtPN5wLSelQwyc5wzyWaKYKzmEU72dGjfEn4fCtWVXoTVYgn7h%2FF2X0RIqY74pAcl227jl8jvRaAuOfUP%2Bmu9QikUzVL4blpm4PxlkuFCul0DAydi%2FFsflCCIjcjE0AO5qeXRTTjfV%2FCSl6MPEUweYzdQg4TUDKI4yIHZyb%2Fu52%2BZcV1u%2BTrAVVrOYOFcXVLMI0YzHZMFOn1EZRACyIP5LrqSPQy%2Biqox9IYNHhYO%2BPlbj7%2BoDalvIT3W515o7tuKCGJ2bjfbXOxAeKQbuL%2FyH6g7R1IbfQw5IAa5%2FGUSHnof5BldliLQ6pCBjUfsFauszxDchj6fIzwhMDMUJ6xSgYPr3AEwUgl2dQIf8VDEaNcDZ%2FHnXGPzwKhuhxKLtEVaDL9DBUTDJ%2FwcM5TXGEDb1mAYKUeGhiQA6saoCRuE%2BMREyGwTCkptF1RTvevXecPo2rOdxowuGpECWhzUHN50eWB05UezQW7mN9ljfx%2FwZqPIB9cINvllc6HfucWDWNmlw1NLcOJz%2Fb2ARfdkZ8UgXyOQNieVHcB8gJ8EHVeQ4c2wpnWOsronxPQn6e8sDLBxzHbAe21bBUbUrbezmrn0KbvE28vz3BS%2F1USKepP9mtYjqSl0Ooc9mXJJK9EWtWA2UwNTSRn4AqUt%2BfycDXsJpUyAbEVM2%2B20M2RXQbrnhWEdyvqQ66ky9pwfrscF60TbxQAmicVsz8Ccdv%2F8W80c2srBQrQx%2FUxzQdIIg3%2F%2BrzJJZzi3J6H8uo98ssdxoI6i%2BGBdhHl3OqIyU7eT8ZQQ1zUe5MwTsQW%2Fqu7qDqPVvVbRkaKIpGsEAVCnItebXGRkYZc0jyWZ16QmM53%2F9EUScbcrmboTpMH7CxXqgq%2FwLVXQCjKKzoNxKg5Rirv8Gk36H%2BQZXZYi0OT%2BD7iitSSLPB%2Be6iT6A7y4MpMu5TzxZY16Jbxbn%2BiNxcegEMYbX%2Bpxt5hj5zyUhVtmFvKDcNgJsFjMaQa8yrfyc7A19A6EMWrZcAYVLUWHnMhV40aTdbHoIhn7zaTxgIzbPVbpL8IdJQPlJEJ87%2FuhAfQZ1jem6XMtg3%2B5WgMJsTQ7q1CYYiuxM683V5UX4Kk3%2BJIP2ToBMRGtdHSDN4%2FEaEbBPRjh3Xh01vXSCivfo3pFKVMPU74MsYTnIFKXjxVnQ%2B9H0oZNz8TUAbjOW8zjekUpUw9Tvg2KNekhUvoLqZv3qx53ssU3WYc9%2F0CQ2OfGstPqiCbGRMBwnDPEpKbnZGpkNAYAxICi7ifc5roUyaSJUnFTlwlfdDmdb3PBUASLUpe%2BbDIh71PZKUe1f%2BMlGLxh3wr89bycwVEROzYc6467GY2JQen%2BiCJ0XOgGfZu%2BowUTZj4shhc3TmXV2SXm2FAfdkTBm5Mq6ZX1wpns3opPWUChwI4oVNhsEWuqm%2Bq0yeplanFy4xAMVpKC9p8NT%2FWnkWHVtmeQ8FDKTDXa%2Bsj38cpqi8OFzjW3H2tl3Futz5auh2tiyVr%2FIcQQPU0onMsmzz9BZ2zSOaZYZHCMg3kUNZAdxCYV5xDv%2B1VzL5zEkn4hCIts9%2BtnouL21M9MO%2F%2FrejEd6n1M0LmABNYU1C9OKsah7%2BCgAGSIiMe97V71rhioy391WW3QVa35yt0lJqyEt0db1j3jVHX%2BfKh40P9tLdBAhjnV%2BJK6JTMuAUc0QnzVf0x81KHag5cqrP9uJJMh6hlhYXMbBBSJGGMoIOUrLZVYaXi31ijnKPbEuDYyyxEwgp30%2F%2FZtYzGxTYbv4lFjjxS4Ylu%2BowUTZj4sjcWueL190rKCwaGfn0cNXk%2Bs6ryjMaUBaJ3BNJ7mt1DL79IuHgGZXS%2B%2FGyVWcD99sbeYY%2Bc8lIVW%2B6vYY5UPfTc365UCBffEXrk5gL%2F86%2Fy2qiJha7uTko&mm_sceneid=1_0_7955382519_0&a=xxc%3Dad_ztc%26mi_id%3D0000qQpfnC_rRptJqTjJdBUz9wHbn14--Nywhl6YjQ9NJlg%26skuId%3D6100634526098&id=980028020457
858154021741,泡泡玛特 我们都是星星人系列盲盒时尚潮流玩具摆件礼物手办公仔,28,¥,,林下之夕rea,UR TOY盲盒商城,13年老店,3000+人付款,广东 佛山,"店铺满29减3, 48小时内发, 包邮",出售状态:现货 | 系列类型:联名系列 | 品牌:POP MART/泡泡玛特,https://gw.alicdn.com/imgextra/O1CN01URbXPH1wpYuB3fhZl_!!524736357-0-picasso.jpg,//item.taobao.com/item.htm?id=858154021741&ns=1&abbucket=10&xxc=taobaoSearch&mi_id=0000N9UYmRsSMUuveEqHAo1ovu-aJIfYGRg-ektmI9Nnuis&skuId=6021909742730
971564684810,POPMART泡泡玛特泡泡萌粒 晚安夜空系列公仔（1粒装）盲盒摆件,15,¥,,泡泡玛特旗舰店,泡泡玛特旗舰店,回头客20万,1万+人付款,江苏 苏州,"热销爆款, 退货宝",款式类型:隐藏款 | 出售状态:现货 | 品牌:POP MART/泡泡玛特,https://g-search2.alicdn.com/img/bao/uploaded/i4/i2/2885348004/O1CN01O1Vk6p28ztE0Y1FaW_!!4611686018427382436-0-item_pic.jpg,//detail.tmall.com/item.htm?id=971564684810&ns=1&abbucket=10&xxc=taobaoSearch&mi_id=0000AUNPlsjt36CIpJrS_rPrJsKoDJZjOVTuyLW8zntK2TU&skuId=5932785112628
969662662782,POPMART泡泡玛特123！星星人系列迷你包挂件盲盒礼物,69,¥,,泡泡玛特旗舰店,泡泡玛特旗舰店,回头客20万,2万+人付款,江苏 苏州,"退货宝, 48小时内发",出售状态:现货 | 品牌:POP MART/泡泡玛特,http://g.search.alicdn.com/img/O1CN01JY5GGZ28ztETcGZUw_!!4611686018427382436-0-item_pic.jpg,http://click.simba.taobao.com/cc_im?p=%C3%A4%BA%D0&s=1946554147&k=2361&e=cb9mfxNy3E4CfdrTObNaipyvTV8aFsnOJohJnjxOkhFVl5Pm4u5r%2BXTui1ZS49QCY6UQklOWGIwGd%2BiW0E8pM6gqdIx6u7M6Wvf%2Byhpltv5WUR8WcfCMvbTD2RZ7iQuCL%2FnzikXMiTgUOs0SnIjKTfZ89NdRWYRxkJjyGre3eG8mrNilZzaMc6IJCsbBo5SuuzbQeAFlIVo5QsMZ5aEuv9jY7VEQTblYYBpis4aX57p3NZPESxjgvFdJ30ES8L4KGtawF60Am%2BHbX8N0br6nDZIaGXXWFUqgPxaU1vldqcbl1HBuK25BszhZhzJronCWjJupzQLZdTRUx09iKfBd3nV3pNNbNgvXww2B1MXaUEojikRXbPMBsRUUoeYjAPmAfMDGG0A750HD8TpbkP0Cpm7zWCqAf%2F2RuoD0rOCPaqc5YDaxfWDh4c1svjH2lhxTOB6fkaSui7yu5yvuttcEHarZnqIWZAZ5iZCnQUOolZyFSsUva9gevoSZAXdBoFriHgkAwsWiZS%2FNgIn%2BwlmiuoO1YK14ygQ8BVSskW4v5Dg9Sb%2Bogby90ntpKpGJ94IeBsnYEsuokaSUj34ShkTmZoAYrBse3GHgwGxRscy1ONdb9SUw2cfoBCUbGo6apIyE%2B8U7544jnQrDCgyPCttmg1Px0Ymn3djgIejD3ta8X4brLsHHqA9PZqi7yJnl6hGmvZuGi2pPo42D02qKdR50iZKPZ%2FwUXaIFgSEvtMPpDPwFeurXKrUfWC8Hpb%2FP%2B6r1gVRO0T1UHR8FIMVdxBOqe0GxC2ztVPsVxldNf%2FhWLSxc%2F2jZaDz%2F4KPhintU1l%2BnNid5VUJ5VgLjFS1%2FnS%2FTAv%2FUnvZ%2F%2Boc2JV8No1ch5jwkwS5%2ByvUsnpTb6S6intph3hnHV2W%2BGYgUtJOPSVOp%2BiAAEDbeau1oRc6Qpl4kVnm5eSycU1ibD%2BdePIvddE6tJ89LBEa5pJLmWZ6CZ3yvze5siHOv%2FTIGfAEVDtaZmONv2AMfmQ9telRyDaU%2BKazEYupwTECOO2OdcZIXieoQfhToZJZ81olgMWVBVIfLMhk43umFa2eXQK6g%2FtVFxn3WmdiXzajeJlUkqx5noE3LukI4w2vWT1K4XVzARM%2FlQeNjqO1M7uBac5ymdhXmbXoQZOYWxDE%2FexVwHobRyMKwr3hhFQxm9fxqxVqke1NNXFak%2FC4EafuBiK4UD1LXj4IGqvXh1Jg9hHF4wB%2BiFv6yQeXD%2B3RzUWfLMj9zLtbBmnwU2v2Wtksm67czggn%2BBH6nV7GEhUykYFjxfI2QWTZsHcKBP5bQPYcfLiR5v4%2F5QjYNmOhI5vV34t2W7A4BFMygeH56pw4%2B7d5%2FQZuPcPbYbHWnvG1UBqwQuMSEwSZx%2FBaq7HA%2Fl0te%2BQCKOJMOWiC%2B46PVlpFQOxmolr80hxRLzXFt05lMiRNXkyr4hg7Ok1jFDICZ8rBiNi9dIRIeH1es6irFHuFhF%2B7kqsv0Nc0RE5zzRa0BpCVJEORhHqwKQyamIqE7aVqYyStDz6BLeMs6IPCfHsNKGrBjoDJVZJYJcRHTorlR8OYRx3L8YTinX%2F0oKWfRF3yrhuVxuJXqN0JTeh6FDra57AgOXni7dg42dedePIvddE6tm7FKkwYXcev3XglgL14kCyZtqN6%2BjkWs5148i910Tq1uXFtySie9lyIFLCrS6N%2FvA0pE9ELNqWhbMIS9K42c69qfaLl1NYeCwXfMhjVEf2%2BI8%2BCto8qFAURDekxQKt7kFKYUPnN0NDt7tMTbD97HOUDaVb3UUhZltu605EhVFKqB4luCej2tL7a8OUAkIxo%2FDAxSNJuwyVz%2FZtYzGxTYbgto6ZGHb6VKlQbsrwaA2bo86s9gJX2bN9XVO5Pq6iWQDLxRoIrVt%2FsuNaWK%2FVHSY2Y3lWv7Yvg9wxvJN3iWlWT3q2UpEpS6MkXS9riRN2fxqlz9jaVGWPzAmSHNvAOJ5E3q%2FSnyhJn%2Bc5kI4mA%2BPo%2Fev5Wi8MVU6zLpqvG%2Fc4AFtkHY2JVF3d03cSojxeX85rn5qtD%2FQhoKhFoFsFvaep2tO91Y4sZahFx%2FyJtz8Oe7AXfH4WfTzsEe%2BoSIJ1hx%2BgPO8UvmcEqpchfT2%2Bj0Qmw1lapA51QTGEOHpMPo6zl49m9rP%2FMRn7mnj9jASDMVDr1C3QMaAVTfFgG3wDL6sfp0u3CzV%2FSLow%2BA1BVmfrxutxAe5mDDLSfoJUcioZRem0fw5EoRfVKnCYHtXKKsd38HORry3KN5Xi%2BWbtKFhC1PqEfqyogAnRejvZ5fW6zHTpaaABQOszuc4IwaPHAF0xHkxbFI%2BU3Zlov8TEwKm%2BZUwo5Mq2nHSLtZeKwLWZrFNw%3D%3D&mm_sceneid=1_0_116045295_0&a=xxc%3Dad_ztc%26mi_id%3D0000RPxPE5WeZ-f0pbatiR4f9BQwpJuYF9IgGFTDavvHqVs%26skuId%3D5939055747056&id=969662662782
1004967757187,唐萌街·第四代欧潘迪僵尸派对4.0盲盒系列,89,¥,,唐萌街旗舰店,唐萌街旗舰店,,300+人付款,广东 深圳,包邮,出售状态:现货 | 品牌:唐萌街,https://g-search3.alicdn.com/img/bao/uploaded/i4/i3/2219218651691/O1CN01oK5Sag1OMWrLSD5ZG_!!4611686018427382315-0-item_pic.jpg,//detail.tmall.com/item.htm?id=1004967757187&ns=1&abbucket=10&xxc=taobaoSearch&mi_id=0000WmPlUwAqVziBnkTRIq3oqMl157gZbzQ0ksaWr-_VoIs&skuId=5998015617198
1007493724499,TOPTOY迪士尼玩具总动员玩心时刻系列手办盲盒礼物摆件巴斯光年,66,¥,,toptoy旗舰店,TOPTOY旗舰店,回头客9万,300+人付款,广东 广州,"热销爆款, 退货宝, 包邮",,http://g.search1.alicdn.com/img/i1/1804450133/O1CN01OmEjLm1Cqxn3T4E0O_!!4611686018427386197-0-saturn_solar.jpg,http://click.simba.taobao.com/cc_im?p=%C3%A4%BA%D0&s=1946554147&k=2457&e=8x%2B5tXl8dC0CfdrTObNaipyvTV8aFsnOJohJnjxOkhFVl5Pm4u5r%2BXTui1ZS49QCY6UQklOWGIyy53JjDqkbyBh68Cv766HUMrA90PfxhftWUR8WcfCMvbTD2RZ7iQuCL%2FnzikXMiTgUOs0SnIjKTfZ89NdRWYRxkJjyGre3eG8mrNilZzaMc6IJCsbBo5SuuzbQeAFlIVo5QsMZ5aEuv9jY7VEQTblYYBpis4aX57p3NZPESxjgvFdJ30ES8L4KGtawF60Am%2BHbX8N0br6nDZIaGXXWFUqgPxaU1vldqcbl1HBuK25BszhZhzJronCWjJupzQLZdTRUx09iKfBd3nV3pNNbNgvXww2B1MXaUEojikRXbPMBsRUUoeYjAPmAfMDGG0A750HD8TpbkP0Cpm7zWCqAf%2F2RuoD0rOCPaqc5YDaxfWDh4c1svjH2lhxTOB6fkaSui7yu5yvuttcEHVkT2SoC%2FMO%2BDtQwn3ZDxjgdbjwNgWgjgKCH4DrTsxq002X1bdj6q5VKkzeWL2f9aGwlvwKaSw7g7mYwJmW7Sk%2Fmew5oKAC7g1PsFZsPcvb96YivdpY4fZTVayuEAYqKupOQuOgO6LTQ8%2FKPoSV0LATsRpPJI5GKj7pgwTRkMULFlFsYXXnW3uTNoYM3gl%2FWWk58f37qKDjE3ObKfNmJ%2FdKYTszUmHDSbgQG1pI12n1Tn7uwe%2FczuAkyURHIZ%2BAzBedE0rWF8n2OuNaztt1Zqi%2FBEqzZR3D0zkVxbJwCo4n7Cdeqe7BCdSofmIi4QKBWqrmHBAesxvbj6IJNBP4y%2BUflZA8lDe0rnVizfZLOr6J%2BollgHmfcF0gow6f%2BStqH73a%2FJoBKVQc%2FgoU2tbcLVcn2b2s%2F8xGfuaeP2MBIMxUOvULdAxoBVN8WAbfAMvqx%2BnS7cLNX9IujD4DUFWZ%2BvG63EB7mYMMtJ%2BglRyKhlF6bbIfNCoOHyQxBKopHcZ9wF1Ej6xZEFj6k8yh18NRGtdM8s0AACZSR88G197S8lEMyZx4oDEVPKd8A5cyjmgwJc4MX6qbzG1OYRc72MNIfp6nWBiZFXGvLEibNws4gJD%2FRH7ZD6B%2BPKaxf2%2BM6HkSn5r4fQI7gPtTLieHh84vnqkB6d8HMATgbSX9cJPgIlXOxrigA9RzyYe0Pad5SXewPC%2Fs0WAp405HzbrR5hWDjS0D3U%2BN7opOchGaw9HuZXU%2BX%2BIgT6Fg9R%2BOyCym942vUTBCTXii1Dkl71X4CHsCAlHJrFOAI0MyoKIsC7soEU%2FBrYCVNlj6zZ928eqYufhOVqsb2Jo69Ag%2FrZwqTJ0ibcHL4ugsEifbuddBej2RgcMniLGvhQtcv4SonT5My%2BiWLv8Dqzk6kPCwYhBGBZIFoLfHaWRTCNvQmpeOJsk5mtDH6CtRPKhIGH24vjSbu%2Fce5HQEBKni9SL64itMLKBLfaa0LBXyvFWQTZ2GwQCrIbw%2FyRz6N6jM8o4U%2F6bNTKjoRjwrtw7oxXAh88iBnYUXEVadgJzoL5Rzj4YInbtSjDGKLIp4okrLkSG05EnRbs%2BkI9mNgsMqDhAcJQtL6tn68lstKaXiwCChRP%2FdL%2F%2Bh3MOW9c6vGV3Zc2%2F53wCUSHRBEVhYV2Rw7bPvJicnkSoWaYjJzrcGgEq6etTIbLRhIcSbvzDbKnxQDvc9j%2FbXBBa2kfcsYTnIFKXjxVnQ%2B9H0oZNxc5o58q%2BrDXUcFxXuiYoydMZscx6aRHzL17CJ1DnuYjVdzbCxiLXrbwiA%2BNNAWoe2Z9TI0Jp8vVB%2BG8NiMFCAS8wrLMp0kylmA%2F22JWxdHXU25%2FdmyTip7nzmjvtjrBbwTa2%2Big58RgUZ2LL%2F4LRz6IIsKuS7dUh6McW4I2yCnydH7T2y%2F3iMpp0Pm2VGjl%2FHym8CWn53h4e7zWTuODYq2WzcX5rS3mFPNLAOgR3AflnyAE3LpxEpzpFzAAC0chhyWrc4ma5aV2Eaq2SGB6dOy0JpfoZMtcBfckI5W3PrM8xKBYq17aGh71fLwiGOSNN3OLDiHKOdNi0MYHZyUtKXL4rbbfx%2FR%2FEgp3NWFOBZbDCyLbfF3BPluPvo3Pe686EEK4MfIfan9tNzlLQg0dnPRKTwx7arLPTfR%2BnncAVclpyMGf21UNsXG27UJO7V6sylgOcf8oq61Z0LfOiX1CGnen35OkEP%2FWVgZvpNq3G967tbJjMmQGVU31%2BsdQwPZp3DP7ZBVa0GAKF1fTWrdrms0Kgq5er1gtVieOxRzXwmpU%2F2Pm7IswbnjlrEP41rrik3a0Ml0UxeFqcdeN%2FLKWV0M7DcSTmOlMqr%2FZtYzGxTYbpoh6w2JSf5mjWgB9XcW%2BGa5hwQHrMb249Hvf9I8JSb%2FFbAxK%2BmSO7H9ciRO5i07AyNnyQt%2B6v1vqmYW8kpDGlSEoFUJHeRjumAnOgvlHOPhgidu1KMMYosdrmCNUBNFng%3D%3D&mm_sceneid=1_0_1804450133_0&a=xxc%3Dad_ztc%26mi_id%3D0000_xFhw2IerjKg81pCjPcNc_376hZ_R4n9GdI5zcU1XCA%26skuId%3D6001346328979&id=1007493724499
964835915315,三福惊喜福袋盲盒 款式随机发货,12.9,¥,,三福官方旗舰店,三福官方旗舰店,回头客100万,900+人付款,浙江 金华,,上市年份季节:2025年夏季 | 品牌:三福,https://g-search3.alicdn.com/img/bao/uploaded/i4/i1/397259828/O1CN01qDbIQG2MTHeB6tSxq_!!4611686018427384884-0-item_pic.jpg,//detail.tmall.com/item.htm?id=964835915315&ns=1&abbucket=10&xxc=taobaoSearch&mi_id=0000ERNHYGphDoDX2Ak5KU9Khyk8FeQCAsb9Xskicf0hk5I&skuId=6163357887745
1007485836486,POPMART泡泡玛特银魂欢迎来到万事屋系列手办盲盒玩具摆件礼物,69,¥,,泡泡玛特旗舰店,泡泡玛特旗舰店,回头客20万,600+人付款,江苏 苏州,退货宝,款式类型:隐藏款 | 出售状态:现货 | 品牌:POP MART/泡泡玛特,https://img.alicdn.com/imgextra/jz3_1/2885348004/O1CN01z6Ptbs28ztEKeWFQa_!!2885348004-0-alimamacc.jpg,http://click.simba.taobao.com/cc_im?p=%C3%A4%BA%D0&s=1946554147&k=2369&e=BdoafK9lVQ0CfdrTObNaipyvTV8aFsnOJohJnjxOkhFVl5Pm4u5r%2BXTui1ZS49QCY6UQklOWGIy7LuK%2F7vTVdagqdIx6u7M6R9U2lf7koxGYTqNZvc8X0LTD2RZ7iQuCL%2FnzikXMiTgUOs0SnIjKTfZ89NdRWYRxkJjyGre3eG8mrNilZzaMc6IJCsbBo5SuuzbQeAFlIVo5QsMZ5aEuv9jY7VEQTblYYBpis4aX57p3NZPESxjgvFdJ30ES8L4KGtawF60Am%2BHbX8N0br6nDZIaGXXWFUqgPxaU1vldqcbl1HBuK25BszhZhzJronCWjJupzQLZdTRUx09iKfBd3nV3pNNbNgvXww2B1MXaUEojikRXbPMBsRUUoeYjAPmAfMDGG0A750HD8TpbkP0Cpm7zWCqAf%2F2RuoD0rOCPaqc5YDaxfWDh4c1svjH2lhxTOB6fkaSui7yu5yvuttcEHarZnqIWZAZ5kGnUUasCeN1sAHkeyxzaYENUYh72ihGCHgkAwsWiZS%2FNgIn%2BwlmiuoO1YK14ygQ8YckTn1xRXzAHy2rwP0BBbwSTurSW263vmEF0BdOYTL6AI0WjZQCuiYG1c9AsdLj2hV0SDTOK6AOrHESI5Szn2IB2S6yldnlknWefi4eqkRbtcWBVKiBOkgovwrfXX7E8Rj9tCPcMVRgwM356f%2BSJd7QJBUbFSC2REWyeLKQSrkuD02qKdR50iZKPZ%2FwUXaIFgSEvtMPpDPwFeurXKrUfWAvwMJRDnRUJ%2Fb2YcWXpnPs3KTeXQKTcGKQQpEppY8GUI5lR%2BM4KO3zHbnaBdBv3ngDw%2FSuclyYzS8OjLQ9oZ%2BKZzg%2FA304BVX%2BFq3ibMxnOl6xoCgjz%2FsJEaLKh%2BCLp8AjRqK45M02EDlKy2VWGl4t9Yo5yj2xLg2MssRMIKd9P%2F2bWMxsU2G6PWkTkKjRmAxJhgN6RFF%2FTOjhZ26JIBLxjfZY38f8GalpHqpN4uHokG8JJqCM8zcxcNTS3Dic%2F2wraq1bKo1lp66T2wEm%2FQGeO2P2Q1WOcyn6Sqpsd%2FqPzT0J%2BnvLAywccx2wHttWwVG1K23s5q59Cm7xNvL89wUv9VEinqT%2FZrWI6kpdDqHPZlySSvRFrVgNlMDU0kZ%2BAKlLfn8nA17CaVMgGxFTNvttDNkV0G654VhHcr6kOupMvacH67HBetE28UAJonFbM%2FK%2FYgzddoUbrYgDx1ANzkVU0HSCIN%2F%2Fq8ySWc4tyeh%2FLqPfLLHcaCOovhgXYR5dzqiMlO3k%2FGUENc1HuTME7EFv6ru6g6j1b1W0ZGiiKRrBAX68JBxy9tbMN%2FAVztY2wflAIJ3WG6tUIIQXKRKLDvOJXWhluw1LaJaeT0hYj%2FH79lSVaLeEKS0THbnaBdBv3norTCygS32mtCwV8rxVkE2d8zRYWbZ8eM7eeN056fkkBP%2BmzUyo6EY%2BrHESI5Szn2DvAf3fiyf4rYCc6C%2BUc4%2BGCJ27UowxiiyKeKJKy5EhtORJ0W7PpCPZjYLDKg4QHCULS%2BrZ%2BvJbLccMtWqYdnsCZWqp3E511yCX7iQUX7fhH2SM%2FFCgFSuj9szGomIHKz0kMnvpDdIkD58%2BmXnRQ1acyGy0YSHEm78w2yp8UA73PB42Otpp5G%2BHLGE5yBSl48VZ0PvR9KGTcXOaOfKvqw10Hy2rwP0BBb8rgpCYW5npw9ewidQ57mI1Xc2wsYi162zTeaJT4A5%2B9uJJc0nxgzEVNUMQOkNlq%2FEVbp9M68dXv%2Fxzd8mNOt83WunS%2FZeiTrEZ2LL%2F4LRz6IIsKuS7dUh5KuLJbNCDYwgnfWhkEnkN2AigBkoig%2FkXym8CWn53h4e7zWTuODYq2ofjvlKHNuWxirUKlsI3yN6sJ66aYnF8ZAKNkeNQfuk4xlDY9f6go0zyE3AVBKK8ycDP8cCVvkdSPyyHNLVQgO9ctLBn5MEuVfGwb4t3xinD9O%2F%2Fp1ap7Fxxh72nUEvvVtYaor7Nl%2BNDFDD%2F6z7cKlvnydipopmY7DEwMqRt6YxvG6kLYB9n9o%2BjavOg6267X6DZYGFYQRufQK9s0gD1AnMH57qJPoDvLJaCUh2o62nzp4XXBRsRmrfT%2BixPABcXOuVTRtqumLMkUAUelj%2Fy0DzYneVVCeVYC4xUtf50v0wL%2F1J72f%2FqHNiVfDaNXIeY8JMEufsr1LJ6U2%2Bkuop7aYd4Zx1dlvhmIFLSTj0lTqfogABA23mrtaEXOkKZeJFZ5M4xAO8nbCHQfDoaUxV5cCGzIF7DChun8mUhyEv55k8fNJbEXUUuAWiFSap%2B2g%2Fy2YCrXKxhNvkA1NRRvPqVSJLWH1zQWf%2FlJ%2BEDk8fxq99wnOwNfQOhDFlDU91rnKGrm&mm_sceneid=1_0_116045295_0&a=xxc%3Dad_ztc%26mi_id%3D0000x2gm8PxTRUhmfVGPTSjVN67e56HfeMfL3Htl_WO4kYI%26skuId%3D6021283660400&id=1007485836486
987419091498,DIMOO 动物王国系列手办盲盒可爱礼物潮流摆件送女生礼物儿童玩具,17,¥,券后价,小黄96702962,豆子潮玩,,100+人付款,广东 东莞,"官方立减3.4元, 淘金币已抵0.51元, 包邮",玩具类型:公仔 | 出售状态:现货,https://g-search2.alicdn.com/img/bao/uploaded/i4/i4/3022864289/O1CN01Kxhj7Q1hYPpEttHJ3_!!3022864289.jpg,//item.taobao.com/item.htm?id=987419091498&ns=1&abbucket=10&xxc=taobaoSearch&mi_id=0000en67LvqPBp0JlEHwBPyShsV_kIFfIHR3onMOaAWm4MY&skuId=6119324966867
691387785607,GRAF原创品牌BooGhost可爱鬼初代OG系列盲盒限量潮流玩具摆件,49.84,¥,券后价,bigmonsta,GRAF原创品牌,回头客1万,200+人付款,湖北 武汉,"官方立减12%, 淘金币已抵1.16元, ifashion, 公益宝贝",,http://g.search3.alicdn.com/img/i3/25586672/O1CN01pzAXCQ1z9pezmg3w9_!!4611686018427382768-2-saturn_solar.png,http://click.simba.taobao.com/cc_im?p=%C3%A4%BA%D0&s=1946554147&k=2273&e=m9sGEVRn5iwCfdrTObNaipyvTV8aFsnOJohJnjxOkhFVl5Pm4u5r%2BXTui1ZS49QCY6UQklOWGIzcEqZOdvHMCFqsFJgSuxAkI8ebFYbwz7nfYszppI7eK7TD2RZ7iQuCL%2FnzikXMiTgUOs0SnIjKTfZ89NdRWYRxkJjyGre3eG8mrNilZzaMc6IJCsbBo5SuuzbQeAFlIVo5QsMZ5aEuv9jY7VEQTblYYBpis4aX57p3NZPESxjgvFdJ30ES8L4KGtawF60Am%2BHbX8N0br6nDZIaGXXWFUqgPxaU1vldqcbl1HBuK25BszhZhzJronCWjJupzQLZdTRUx09iKfBd3nV3pNNbNgvXww2B1MXaUEojikRXbPMBsRUUoeYjAPmAfMDGG0A750HD8TpbkP0Cpm7zWCqAf%2F2RuoD0rOCPaqc5YDaxfWDh4c1svjH2lhxTOB6fkaSui7yu5yvuttcEHRTKxuzT7kSjoxHOG3D4OhA3C47hBN67RCtPN5wLSelQwyc5wzyWaKYKzmEU72dGjZkALL3iKcjtlKv6UK9hyMSj1TwGm3KWJaAIROSe3oab3xssTvy9iZTZ88LXQzFEzEWTkIIwRddu5Z7o%2FZJWyEnPj9bSB94QjauY2y9nXt2TIbwLu%2BM2JrP5j05YKybtIQr63HY2OTF8bb5Xyqbm7PrnU8I%2Fvv7NZGXG57n0sLBN%2BDyyUjmVKQUfSGDR4WDvj5W4%2B%2FqA2pbybL%2F83cPD%2B1h4sj%2FobTQBBEaqwHES9QGubY6vrBlmf%2FV%2FAgx%2FBMbToKRP%2FB0AoFf%2Fd16oCjEWzVZxB6dxFWNEBw7vbcXVKV%2FIQ%2BCuGJ8hnH9jbTEPQ8zVLc%2FtkFVrQYAot39yI5mQLB0WsQbe0cNYP9cQfybHVhcwxTJlOpG2JV2sDvf6bgedLsG197S8lEMyV7hppXv44zXVy27VRWK07lA6OVIQizHpnblaGWqslpbcgtIdlEICaILFtun73zBBH7ZD6B%2BPKaxf2%2BM6HkSn5r4fQI7gPtTLieHh84vnqkCNnzIV0RnRFn9cJPgIlXOxrigA9RzyYe0Pad5SXewPC%2Fs0WAp405HzbrR5hWDjS0D3U%2BN7opOchGaw9HuZXU%2BX%2BIgT6Fg9R%2BOyCym942vUTBCTXii1Dkl736DnewDRaua37ZQuDyvppHjAH6IW%2FrJB5cP7dHNRZ8tIEfBb8DtYJcagnHSTrZodc1HuTME7EFv6ru6g6j1b1W0ZGiiKRrBA%2FR7Ixk8EzHKmb8uUwKV%2Bv24LeFkMvdA5sxwbrUlsTygJoSpJCNdF4qGH8A3KKEQew%2FiiK0PlES48yh9hlI%2Bgdt8D%2Fr9F7dglT75dD9U4uyBP4PuKK1JIs8H57qJPoDvLhcdmVEEaIz6gCETknt6Gm1F0fY2%2FXGSbztiDzWOUnY4qjHwwgJz1HgWMxpBrzKt%2FJzsDX0DoQxatlwBhUtRYecyFXjRpN1segiGfvNpPGAjNs9Vukvwh0mwf5f55kTGkqgENw8qAEbDNzc150LcN2RnFWeNv7%2Fo9gwwsOuaa53WMoSHB8Vl2VSjmMT0sItasRoRsE9GOHddEfVVW3ZuxVpOJ5ebG0j0syxhOcgUpePFWdD70fShk3GjtBCMPkUpsk4nl5sbSPSzYo16SFS%2Bgupm%2FerHneyxTdZhz3%2FQJDY58ay0%2BqIJsZEwHCcM8SkpudkamQ0BgDEgKLuJ9zmuhTPameg01r2AW4tqqzEAXT4ykXMAALRyGHJFIMr9q8yt5vIgiRIApoNKyNEA4TKam20AU6Udh2ZwW0ku6aso63RP2klDPzNSdVfameg01r2AW9RZIU1lpYK%2FopPWUChwI4oVNhsEWuqm%2BuLqike2ba9QxAMVpKC9p8NT%2FWnkWHVtmeQ8FDKTDXa%2Bsj38cpqi8OFzjW3H2tl3Futz5auh2tiyVr%2FIcQQPU0onMsmzz9BZ2zSOaZYZHCMg3kUNZAdxCYV5xDv%2B1VzL5zEkn4hCIts9%2BtnouL21M9D7F%2FaDxpwg2sAyeF7Paz1o83r5a1DzKwO65soNTV%2F82IwZ%2FbVQ2xcbbtQk7tXqzKWA5x%2FyirrVnxnXy3pr2pdSKosDj9yFXzvIhZIZMIhHIzeOkQJlSMmH0e9%2FGzNoBoZHa28cOxizDnYJbyp%2BdUDb4Xe3otFAem1Mq5smOF17qaZLhlqXGLSBp4Ri3GN8IkmbvqlipVvm6ybE3ZLNuIm1Fk5CCMEXXbjhlAMgdslk%2Fi%2FxMTAqb5lTCjkyracdIu1l4rAtZmsU3&mm_sceneid=1_0_25586672_0&a=xxc%3Dad_ztc%26mi_id%3D0000u_xduk9DvyPEAfo36Tf1Gy0hiT4E317BVqm6SpS6J2Q%26skuId%3D5083310946626&id=691387785607
955428729769,"PLZDOT官方小熊虫""这像话吗""系列MINI盲盒公仔可爱植绒摆件女生礼",39,¥,首单价,plzdot旗舰店,PLZDOT旗舰店,,1000+人付款,广东 东莞,"官方立减12%, 直降4元, 淘金币已抵1.17元",出售状态:现货 | 品牌:Plzdot,https://g-search3.alicdn.com/img/bao/uploaded/i4/i1/2218599385996/O1CN01AI1mWq1uADta9VKMV_!!4611686018427382668-0-item_pic.jpg,//detail.tmall.com/item.htm?id=955428729769&ns=1&abbucket=10&xxc=taobaoSearch&mi_id=0000ZYVUt1swyQNv_vRY4L186yXcuVb0S3hPnTjN1hYjT1s&skuId=6081043234438
931838105608,正版Nagi兽仔第五代幻境录系列可动人偶盲盒12分MJD潮玩手办礼物,75.88,¥,券后价,tb086198083,潮玩集合社,回头客4万,3000+人付款,广东 广州,"店铺满11减10, 48小时内发, 包邮",出售状态:现货 | 品牌:玩乐寻潮,https://gw.alicdn.com/imgextra/O1CN01YxgFDH1qROJYOQGZv_!!2224965492-0-picasso.jpg,//item.taobao.com/item.htm?id=931838105608&ns=1&abbucket=10&xxc=taobaoSearch&mi_id=00009H1Fm4tQ1tVYaJImvMRKqktDcfVYnf9Zh7nDGwpVtso&skuId=5818811649365
743848939152,MINISO名创优品三丽鸥魔法物语系列盲盒摆件单盒潮玩摆件可爱童趣,39,¥,,miniso名创优品旗舰店,miniso名创优品旗舰店,回头客200万,9000+人付款,湖北 鄂州,"退货宝, 包邮",次元优选:IP联名 | 款式类型:隐藏款 | 出售状态:现货 | 品牌:MINISO/名创优品,http://g.search3.alicdn.com/img/i3/127238467/O1CN01r4jF9M2CPwNxYYHOR_!!0-saturn_solar.jpg,http://click.simba.taobao.com/cc_im?p=%C3%A4%BA%D0&s=1946554147&k=2201&e=atlre2rT%2BDECfdrTObNaipyvTV8aFsnOJohJnjxOkhFVl5Pm4u5r%2BXTui1ZS49QCY6UQklOWGIwgRxaW7lw%2FD1XMslJnGEoLFHFcq5oEJB5WUR8WcfCMvbTD2RZ7iQuCL%2FnzikXMiTgUOs0SnIjKTfZ89NdRWYRxkJjyGre3eG8mrNilZzaMc6IJCsbBo5SuuzbQeAFlIVo5QsMZ5aEuv9jY7VEQTblYYBpis4aX57p3NZPESxjgvFdJ30ES8L4KGtawF60Am%2BHbX8N0br6nDZIaGXXWFUqgPxaU1vldqcbl1HBuK25BszhZhzJronCWjJupzQLZdTRUx09iKfBd3nV3pNNbNgvXww2B1MXaUEojikRXbPMBsRUUoeYjAPmAfMDGG0A750HD8TpbkP0Cpm7zWCqAf%2F2RuoD0rOCPaqc5YDaxfWDh4c1svjH2lhxTOB6fkaSui7yu5yvuttcEHevp0B%2FG%2BDt7gHagdBh5FEWHIU%2FjC6urToNh6T7%2FM6iSANXf1cAdsQ8LF7l10%2F4PDdjYU1RdUsdQIla03LEz6chfSU3P6ERxSprd%2BU3Gb0oI%2FS7Z9tX45kmNqsIBRQVVZ797dJQukIjaQ1mFSOJzSCC1wnJrh8sgjLeNerbiw5kkm85nQBDhSrYsyAS8CGghEbWimK01RG33%2FS7Z9tX45kk%2FXfqqHF6DEQSnQ2IhY1ieCdLPk%2B9XwT78kmKoNLB1dPEQWHh8eWorMy%2FeMsDawiJ4zE%2FDJNVzJ0Go0fcmvrIrGf0Y35m78EtuWAm8yRkpami9yaw%2Bcxot%2FWhSvyhSCoihCt0x9pO6BHPBvu4iUuYiY4W7oqiQ%2FrPTrbgdwn%2Bcixg%2BvcATBSCXyIFXjvoD2IvGGDQeVmfbN6gw1GLuIS2%2BAJneiBkgFPnwiJZ20XFJSFzhJwgMND2%2FwbX3tLyUQzJ8zLaJtZeMDuABOiieOTMdb9gDH5kPbXrY6pd%2F5qPHsx9P%2BR5atH2OeMRICkcgGu4U6GSWfNaJYDFlQVSHyzIZON7phWtnl0CuoP7VRcZ91pnYl82o3iZVJKseZ6BNy7pCOMNr1k9SuF1cwETP5UHjY6jtTO7gWnOcpnYV5m16EGTmFsQxP3sVcB6G0cjCsK94YRUMZvX8asVapHtTTVxWpPwuBGn7gYhYPlWvOO14K%2BzIegeNnigFeMAfohb%2BskHlw%2Ft0c1FnyzI%2Fcy7WwZp8FNr9lrZLJuu3M4IJ%2FgR%2Bp1exhIVMpGBY8XyNkFk2bB1fCfx8xa%2BSDm7UrZeRoqi6luGFQ7CO7L%2BfFw6OuIynTenewD2O%2FyxLuOGVEEtn6D4%2F%2Bl3jHoV2HjYIeL3CBC0ErY7zK%2B5PwumtO91Y4sZahMXmldLVlJnxWFaiqkaDR%2FOqrnMphwjVPlOAyRf8yxiFrWSpNYK2d0vA6qj8T0TzKeuTmAv%2Fzr%2FLQpLEiEYUpZHe%2BnLrmznAkk0NgpefWCP5KfU%2FRBc03bawz2Nz2NGp1ecE%2Fz1kT3DK2%2F3ClH%2BUFpFCoxfJz6V%2BMLDPY3PY0anVR15pSrob0cF1smJjWChxqNx6qYnnyFy2TBwd7o3AZYr5SxLHxe7aDcfiTgHTfyb%2FBlVBzcbfsVbGcUkd74KZ%2BilssShvx0wXn53zY61vAGWbhU1RSymnuki1KXvmwyIe9T2SlHtX%2FjKybs0D25lM%2FL5txHdKAOxflVNOJ%2BQIDeXogidFzoBn2bvqMFE2Y%2BLIBgdBuWsOUMeipmEpAaK3ReLpdN0%2FxaJ%2BhBvt1VCJbqn5V3GmaMykBFgut6dNr2FofkAyx8CnpJI%2FSQRSXg161j48jdmp3kTv9FN4OmvdiTJr3m88QGpRB3%2FbrZ3mUNDZEnbLezf1sSNeRSsvep9BomNCp2s7jw0J0gMjcYRU5%2FViqJ2xLlpIGFyOjLg9Pcg%2FxMKZAtUEutg3GXnXBLGUTUK0%2BVogr%2B5JLTRnThfiSqjA7ayAdwcZ3kpAs68odm9lFsYQyAl6J1x3VJ%2BHYpotKmOFu6KokP6z0624HcJ%2FnIsYPr3AEwUgl8iBV476A9iLxhg0HlZn2zeoMNRi7iEtvpg4jc3zMKTHZheEX6jfaceWQwbrTDjtIh%2FDiYJ6FOJXLkK86kK%2BqDPIWGxD9VL9bfKLgNeXKYKx1LsHIXAZ7LKEoFUJHeRjumAnOgvlHOPhgidu1KMMYosdrmCNUBNFng%3D%3D&mm_sceneid=1_0_127238467_0&a=xxc%3Dad_ztc%26mi_id%3D0000ciZWTC9iTp2jI3y27Q2EKaQzDMZfOWdlGP5XtQDCPCw&id=743848939152
972911439773,2025新款水豚噜噜盲盒表情包周边公仔玩具摆件生日儿童男女孩礼物,21.9,¥,券后价,15260082660yhl,淘小妖商城,,600+人付款,浙江 金华,"官方立减12%, 包邮",动物种类:两栖动物 | 材质:塑胶 | 产品形态:站姿 | 适用年龄:3-25岁,https://g-search3.alicdn.com/img/bao/uploaded/i4/i1/3001425291/O1CN01fDFwUm1oxKfllf3LZ_!!3001425291.jpg,//item.taobao.com/item.htm?id=972911439773&ns=1&abbucket=10&xxc=taobaoSearch&mi_id=0000JomoCbpny4DWqxtyhqenZp_5Sh2GT2OsLVDwiAfWb7I&skuId=5925229736998
,,,,,,,,,,,,,
,,,,,,,,,,,,,
945257885528,TOPTOYNommi糯米儿异世界系列毛绒盲盒可爱桌面摆件可爱娃娃手办,69,¥,券后价,toptoy旗舰店,TOPTOY旗舰店,回头客9万,2000+人付款,广东 广州,"热销爆款, 退货宝, 包邮",出售状态:现货 | 品牌:TOPTOY（玩具） | 选购热点:淘公仔,https://g-search2.alicdn.com/img/bao/uploaded/i4/i1/2211430099222/O1CN01J6uX3C2HzjaQXbN9L_!!4611686018427382038-0-item_pic.jpg,//detail.tmall.com/item.htm?id=945257885528&ns=1&abbucket=10&xxc=taobaoSearch&mi_id=000035IvnBENtjb385Xn6RVSRldh6f-Lwp9KzsXMo8_nK-0&skuId=5908837744818
753556018050,哆啦A梦手办摆件招财香薰系列正版盲盒公仔叮当猫潮玩偶新年礼物,209,¥,券后价,rockspace旗舰店,rockspace旗舰店,8年老店,600+人付款,广东 东莞,"超级立减20元, 退货宝, 包邮",款式类型:特别版 | 出售状态:现货,https://gw.alicdn.com/imgextra/O1CN01pcF6FE2DYTbXS02hF_!!3406078621-0-picasso.jpg,//detail.tmall.com/item.htm?id=753556018050&ns=1&abbucket=10&xxc=taobaoSearch&mi_id=0000tGSblkghjkxSWopBd3rSYkAfnvyawMbyj_wKPufQi-c&skuId=6005006104836
1001835398935,KOILAND另物赏甄嬛传盲盒,79,¥,,另物赏旗舰店,另物赏旗舰店,回头客1万,600+人付款,广东 东莞,退货宝,单款概率:1/8 | 款式类型:隐藏款 | 出售状态:限量发售 | 系列类型:联名系列 | 品牌:另物赏,https://img.alicdn.com/imgextra/jz3_2/2208289719268/O1CN01pTnH7J2IKnqrvQR2i_!!2208289719268-0-alimamacc.jpg,http://click.simba.taobao.com/cc_im?p=%C3%A4%BA%D0&s=1946554147&k=2433&e=Tik1gC6s%2F2ICfdrTObNaipyvTV8aFsnOJohJnjxOkhFVl5Pm4u5r%2BXTui1ZS49QCY6UQklOWGIyLFWEu0xwL7nQ8dm0KbJoTRKxJiCiA2BdWUR8WcfCMvbTD2RZ7iQuCL%2FnzikXMiTgUOs0SnIjKTfZ89NdRWYRxkJjyGre3eG8mrNilZzaMc6IJCsbBo5SuuzbQeAFlIVo5QsMZ5aEuv9jY7VEQTblYYBpis4aX57p3NZPESxjgvFdJ30ES8L4KGtawF60Am%2BHbX8N0br6nDZIaGXXWFUqgPxaU1vldqcbl1HBuK25BszhZhzJronCWjJupzQLZdTRUx09iKfBd3nV3pNNbNgvXww2B1MXaUEojikRXbPMBsRUUoeYjAPmAfMDGG0A750HD8TpbkP0Cpm7zWCqAf%2F2RuoD0rOCPaqc5YDaxfWDh4c1svjH2lhxTOB6fkaSui7yu5yvuttcEHQX65CLiqOezd1e4fDS12KKWoePxgJShVINh6T7%2FM6iSANXf1cAdsQ8LF7l10%2F4PDdjYU1RdUsdQIla03LEz6cj27QbRdg%2B4zCu4QiRg07X12A4DOYT7O%2BnNTZBurQGPRtKnw6nHvic1anHCtS6FRvTsRByqQ4WEiNyZlVi6AXZsEtJ2BxQUoAdWfzMdRTOTWXIirI3wq1xqD680TMmtiAkFXDQnvBT4SXDG%2FuoqWOCvWFFRKGBDlnJVm6bjZ6OtWaTnhugfSSZ82JQPY%2FYr2yFPme59bQXuStxsS4JITIuknLngCR7laexdxaWW2Diccx%2BWkKUkPfWitIzZucV9iuHPO%2FotmoKSEk1dd%2BmOuC%2Bko%2BGKe1TWX6dZ118Zp%2BZyXltvvBFRFJP8%2F9Se9n%2F6hzYlXw2jVyHmPCTBLn7K9SyeIQF7keuRzRTgD8At5huQMw%2BA1BVmfrxutxAe5mDDLSfoJUcioZRem2yHzQqDh8kMQSqKR3GfcBdRI%2BsWRBY%2BpKUjMmhtjdGA7xoPN7S7%2F93Btfe0vJRDMm60vh8OkR%2FjRVbl7MCjtfZQOjlSEIsx6T5JZeal2aMhGVkgpF913pIe5hHejfFA8x%2B2Q%2BgfjymsX9vjOh5Ep%2Ba%2BH0CO4D7Uy4nh4fOL56pAenfBzAE4G0l%2FXCT4CJVzsa4oAPUc8mHtD2neUl3sDwv7NFgKeNOR8260eYVg40tA91Pje6KTnIRmsPR7mV1Pl%2FiIE%2BhYPUfjsgspveNr1EwQk14otQ5Je3NMVTmaJCiYOg0G2jFy93GLAu7KBFPwa2AlTZY%2Bs2fdvHqmLn4TlarG9iaOvQIP62cKkydIm3By%2BLoLBIn27nXQXo9kYHDJ4ixr4ULXL%2BEq4Rq1IkmmDSutNyC%2BBQQ2PUz%2B358ZW9va1us9o19nySp5SrqZ49HarFtT4E%2BUw4g%2FmBgftfKyJTaySakMPVjQDorTCygS32mtCwV8rxVkE2cgDHX21FkFukYK5KKxq3Ve%2FpW0%2B53YDE9wxv7qKljgr9oKmXWomAaVYCc6C%2BUc4%2BGCJ27UowxiiyKeKJKy5EhtORJ0W7PpCPZjYLDKg4QHCULS%2BrZ%2BvJbLqJ1NupE%2B0vc5KurnyPvZysF2sS4zameFd8AlEh0QRFZ2B%2B1iM9fSGVyebApgLKmmJdN6gbnpY0UyGy0YSHEm75ARdhUTM3paJ54SvRO%2Bpx7LGE5yBSl48VZ0PvR9KGTcsU7xfy4RV%2F9dxaWW2Dicc%2BWWfuBsu2HS9ewidQ57mI1Xc2wsYi162zTeaJT4A5%2B9uJJc0nxgzEVNUMQOkNlq%2FEVbp9M68dXvfvMh4NsIsnzsAeilDKnxRRebGTVfVN4dtb%2FYS4RJDwhPwpbtt6e2qqfjFaQLlNTyL836noA3uyTPcCrOSmLa%2BEXOkKZeJFZ5YK5rTTpwLsqIccpNK%2BDJjv11o6pIm%2FlZLFktdQ5S%2BkjPXFuAp5ZhXdzq8Jj2UqASlHbxy6zsvkL61ufaNMCLjJKhFAC3YsRtkA7BI47p3AxaJdbCQWbdxIOVKNEaqNNDQTM%2FERSjmTbDVAZRaLk4XQcPTQC3uAVCM80H7UHzyM1zy%2BvKoz%2FuQPsFfdUvKtKToEF%2FLgQv0sbu93SslsWZa%2Be3wkBbw1qHDT4bD8d8%2BLH52SotJCn6QE5Chd6tIrNUwZWwZHkoqgGY8%2BnoKm1rVsIa17vl9rhW1us9o19nySr7cItSVC2dd%2FR738bM2gGhLjgDOHz6mQ9sZPETqooRPGhZUw6GUDqXp0dmWP9HgL1gpPN9TQWVewHa%2BBvdhzn0QSqKR3GfcBeMxRh2vbao50XOkKZeJFZ50Mf6yYBWOm6THTHkLTkXj%2Br%2BRVFWI9gYQGa93P%2FWpcco8SfgshYP3kYK5KKxq3Ve8l9jHzYXrxaeGJtkwsj82YQ0dDkj1dV0%2F0gIFjjarOFO3gkhR5Jdr7wYMa393aJr&mm_sceneid=1_0_1299290200_0&a=xxc%3Dad_ztc%26mi_id%3D0000c9_r1AcKzXRWlWiRgAHMAy3WngZOz1te0XcWgJl08O0%26skuId%3D5992327185561&id=1001835398935
965955820020,荡秋千库洛米盲盒潮玩手办周边公仔解压桌面摆件装饰品玩偶礼物女,12.38,¥,券后价,tb048718131,大熊潮玩时代,,400+人付款,浙江 金华,"官方立减12%, 退货宝, 包邮",出售状态:现货 | 系列类型:联名系列,https://g-search3.alicdn.com/img/bao/uploaded/i4/i1/3922602480/O1CN01ASHOmE1UBtKuwuMVf_!!3922602480.jpg,//item.taobao.com/item.htm?id=965955820020&ns=1&abbucket=10&xxc=taobaoSearch&mi_id=0000uGH4Kpanw4xE-S0nEqGxNNQLCdNtDUM3bsAmee3XZrE&skuId=6109183607719
996497336359,DORA百无禁忌大表姐潮玩偶手办盲盒摆件车载蛋糕装饰礼物女生国版,28,¥,券后价,tb372475196239,萌奇奇潮玩屋,,100+人付款,广东 中山,"官方立减12%, 退货宝, 包邮",出售状态:现货 | 系列类型:联名系列,https://g-search1.alicdn.com/img/bao/uploaded/i4/i3/2221148531716/O1CN01vWhD061OXykpuaJc1_!!2221148531716.jpg,//item.taobao.com/item.htm?id=996497336359&ns=1&abbucket=10&xxc=taobaoSearch&mi_id=0000oNb-7y0vXOIzWyRi2V6BG9YpdC5lWp3TiT7KB3VySZY&skuId=5974308428927
998400548782,官方正版多事猫系列蜡烛猫手办盲盒可爱摆件卧室桌面烛光小夜灯,49,¥,券后价,paws鳯爪,PAWS MARKET,,700+人付款,广东 广州,"官方立减12%, 退货宝, 包邮",款式类型:隐藏款 | 出售状态:现货 | 系列类型:联名系列 | 品牌:PAWS NOVA,https://g-search3.alicdn.com/img/bao/uploaded/i4/i1/2217041534955/O1CN01jKIKhC1mTRc6fpbhD_!!2217041534955.jpg,//item.taobao.com/item.htm?id=998400548782&ns=1&abbucket=10&xxc=taobaoSearch&mi_id=0000fIPQdoUeumcK9-Ixk4t3xP6dLvxnYskWryqS94oPMb4&skuId=5978527008214
859522123292,六品堂2026马年创意抽签红包袋桶盲盒新款公司年会抽奖摇红包趣味,13.6,¥,券后价,六品堂旗舰店,六品堂旗舰店,回头客10万,1万+人付款,浙江 金华,"热销爆款, 退货宝, 包邮, 对公支付",风格:中式 | 商品类型:异形红包 | 装饰元素:烫金 | 适用场景:节日通用 | 封口类型:插舌式,https://g-search2.alicdn.com/img/bao/uploaded/i4/i1/1622630691/O1CN011cUqKq1GyWnqud0Az_!!4611686018427380003-0-item_pic.jpg,//detail.tmall.com/item.htm?id=859522123292&ns=1&abbucket=10&xxc=taobaoSearch&mi_id=0000r9jvHjddK58hUSLPa3AbA0M-26GUOh0nnCGkqsOfff0&skuId=5984978944635
1008168386906,KOILAND另物赏甄嬛传盲盒,1264,¥,,另物赏旗舰店,另物赏旗舰店,回头客1万,11人付款,广东 东莞,"退货宝, 包邮",单款概率:1/8 | 款式类型:隐藏款 | 出售状态:限量发售 | 系列类型:联名系列 | 品牌:另物赏,https://img.alicdn.com/imgextra/jz3_1/2208289719268/O1CN01zgi9oq2IKnr5cDavv_!!2208289719268-0-alimamacc.jpg,http://click.simba.taobao.com/cc_im?p=%C3%A4%BA%D0&s=1946554147&k=2433&e=RS0Ef5dHV1QCfdrTObNaipyvTV8aFsnOJohJnjxOkhFVl5Pm4u5r%2BXTui1ZS49QCY6UQklOWGIyLFWEu0xwL7nQ8dm0KbJoTuStmbgcmG2dWUR8WcfCMvbTD2RZ7iQuCL%2FnzikXMiTgUOs0SnIjKTfZ89NdRWYRxkJjyGre3eG8mrNilZzaMc6IJCsbBo5SuuzbQeAFlIVo5QsMZ5aEuv9jY7VEQTblYYBpis4aX57p3NZPESxjgvFdJ30ES8L4KGtawF60Am%2BHbX8N0br6nDZIaGXXWFUqgPxaU1vldqcbl1HBuK25BszhZhzJronCWjJupzQLZdTRUx09iKfBd3nV3pNNbNgvXww2B1MXaUEojikRXbPMBsRUUoeYjAPmAfMDGG0A750HD8TpbkP0Cpm7zWCqAf%2F2RuoD0rOCPaqc5YDaxfWDh4c1svjH2lhxTOB6fkaSui7yu5yvuttcEHQX65CLiqOezd1e4fDS12KKWoePxgJShVINh6T7%2FM6iSANXf1cAdsQ8LF7l10%2F4PDdjYU1RdUsdQIla03LEz6cjZJnB2MzxL3XFmb07VRlVz2A4DOYT7O%2Blo4RBNwQQaQWgrzSnt0UxX0jbojJJRaldvPpdRgZbnzIC5D5x3H13F8OowqnkKT9WFaiT%2F9c2MEnvGLaC0mSW2D680TMmtiAnH86rKtemb7aXd%2FrIFrHAwUw8Q9onhdnJVm6bjZ6OtWaTnhugfSSZ82JQPY%2FYr2yFPme59bQXuStxsS4JITIukEbKr7GexWr3G3gpTA%2FBHxkTxl7l7H4Dx4dl%2Bp7jalIdbaCW%2Fl2cjgE1dd%2BmOuC%2Bko%2BGKe1TWX6dZ118Zp%2BZyXltvvBFRFJP8%2F9Se9n%2F6hzYlXw2jVyHmPCTBLn7K9SyeIQF7keuRzRTgD8At5huQMw%2BA1BVmfrxutxAe5mDDLSfoJUcioZRem2yHzQqDh8kMQSqKR3GfcBdRI%2BsWRBY%2BpGQp%2BtyH7jXjDmMDJ9uLSqjBtfe0vJRDMgMoxS%2Fu15qkX%2BJGC5NqERNQOjlSEIsx6T5JZeal2aMhGVkgpF913pLStIlBMCVI%2Fh%2B2Q%2BgfjymsX9vjOh5Ep%2Ba%2BH0CO4D7Uy4nh4fOL56pAenfBzAE4G0l%2FXCT4CJVzsa4oAPUc8mHtD2neUl3sDwv7NFgKeNOR8260eYVg40tA91Pje6KTnIRmsPR7mV1Pl%2FiIE%2BhYPUfjsgspveNr1EwQk14otQ5Je3NMVTmaJCiYOg0G2jFy93GLAu7KBFPwa2AlTZY%2Bs2fdvHqmLn4TlarG9iaOvQIP62cKkydIm3By%2BLoLBIn27nXQXo9kYHDJ4ixr4ULXL%2BEqWtB5nYY3XIfu95b2rcW5tSPY0WMPkySG1us9o19nySpgYhFLpgUS9Tmei2u%2FGujpmBgftfKyJTaySakMPVjQDorTCygS32mtCwV8rxVkE2frOqdU9X3CDPLV9RXOxByQP%2BmzUyo6EY%2Bl3f6yBaxwMH0pJ7Gkvb8RYCc6C%2BUc4%2BGCJ27UowxiiyKeKJKy5EhtORJ0W7PpCPZjYLDKg4QHCULS%2BrZ%2BvJbLHoprgZFDftvMJ%2F%2BmMZI9lGqhm5vSJsjhEMnNnrT21NScnZ1FTlOsAzKWhkQmOZZdnWzbf%2F0Ll6QyGy0YSHEm774KxykUMSpm9uANMKjBWizLGE5yBSl48VZ0PvR9KGTcoR36p6DpUrrG3gpTA%2FBHxsrgpCYW5npw9ewidQ57mI1Xc2wsYi162zTeaJT4A5%2B9uJJc0nxgzEVNUMQOkNlq%2FEVbp9M68dXvfvMh4NsIsnzsAeilDKnxRRebGTVfVN4dtb%2FYS4RJDwjvZ8K4Vi3i%2FAsEWUc4%2F1WyL836noA3uyTPcCrOSmLa%2BEXOkKZeJFZ5YK5rTTpwLsqIccpNK%2BDJjv11o6pIm%2FlZLFktdQ5S%2BkjPXFuAp5ZhXQY5Xy9TX4WClHbxy6zsvkL61ufaNMCLjJKhFAC3YsRtkA7BI47p3AxaJdbCQWbdxIOVKNEaqNNDQTM%2FERSjmTbDVAZRaLk4XQcPTQC3uAVCM80H7UHzyM1zy%2BvKoz%2FuQPsFfdUvKtKToEF%2FLgQv0sbu93SslsWZa%2Be3wkBbw1qHDT4bD8d8%2BLH52SotJCn6QE5Chd6tIrNU43tmnZHkp5iY8%2BnoKm1rVsIa17vl9rhW1us9o19nySr7cItSVC2dd%2FR738bM2gGhLjgDOHz6mQ9sZPETqooRPGhZUw6GUDqXp0dmWP9HgL1gpPN9TQWVewHa%2BBvdhzn0QSqKR3GfcBeMxRh2vbao50XOkKZeJFZ5AMGBjYmeuOcAY%2Bk90xeFkkmuCc1KyKZcSSOFcRW8vq946MynZdyM5%2FLV9RXOxByQwUkzo%2BKO0izgFtCBpNgpFYQ0dDkj1dV0%2F0gIFjjarOFO3gkhR5Jdr7wYMa393aJr&mm_sceneid=1_0_1299290200_0&a=xxc%3Dad_ztc%26mi_id%3D0000lbV2nLsTGT8qJQXDANMelbh_IENDCD93_HBqchOiKdU%26skuId%3D6007882033105&id=1008168386906
903622689540,微景观创意可爱元气小猪公仔 盲盒树脂工艺品装饰配件车载小摆件,5,¥,首单价,tb784545736,初心家居手办杂货铺,,1万+人付款,浙江 金华,"直降1元, 48小时内发, 包邮",主体材质:动物 | 表面工艺:注塑,https://g-search3.alicdn.com/img/bao/uploaded/i4/i2/2200807492775/O1CN01N0KkSN1WN07uH5UrK_!!2200807492775.jpg,//item.taobao.com/item.htm?id=903622689540&ns=1&abbucket=10&xxc=taobaoSearch&mi_id=00000VvGy5pVmQmuBBnu-fDy1qXARCuvYHcUT1udevlFrG0&skuId=5929586815439
959562400400,POPMART泡泡玛特 SKULLPANDA 庭前墨梅系列 古风清雅盲盒礼物,69,¥,,泡泡玛特旗舰店,泡泡玛特旗舰店,回头客20万,3000+人付款,广东 惠州,"热销爆款, 退货宝",款式类型:隐藏款 | 出售状态:现货 | 品牌:POP MART/泡泡玛特 | 商品状态:全新未拆封,https://g-search3.alicdn.com/img/bao/uploaded/i4/i4/2885348004/O1CN01LXWuuM28ztEUFH2QK_!!4611686018427382436-0-item_pic.jpg,//detail.tmall.com/item.htm?id=959562400400&ns=1&abbucket=10&xxc=taobaoSearch&mi_id=0000TAxHHLgcdRxe4KCkeUD9Oso1oaTS58f15j8ro25O19k
953536514279,POPMART泡泡玛特Nyota四季时序系列手办盲盒松软生活玩具礼物摆件,71,¥,首单价,谭梓琳lin,欧巴手办盲盒,回头客8万,1000+人付款,广东 佛山,"直降4元, 店铺满500减5, 包邮, 酷动城",系列类型:联名系列 | 品牌:POP MART/泡泡玛特,https://g-search3.alicdn.com/img/bao/uploaded/i4/i2/2580405343/O1CN010E8CZ61pL9FpcRKaO_!!2580405343.png,//item.taobao.com/item.htm?id=953536514279&ns=1&abbucket=10&xxc=taobaoSearch&mi_id=0000OWp3HNQrIBL_k55dXT5q1Ff7aYybCtq3q69PF3PT1KE&skuId=5875997133084
897757611421,Cup Rabbits卡布兔潮玩盲盒手办玩具女孩毛绒娃娃玩偶小礼物摆件,60.7,¥,券后价,卡布兔旗舰店,卡布兔旗舰店,,100+人付款,广东 深圳,"官方立减12%, 新品, 退货宝, 包邮",单款概率:1/6 | 款式类型:隐藏款 | 出售状态:现货 | 品牌:Cup rabbits/卡布兔 | 款类型:隐藏款,http://g.search3.alicdn.com/img/i3/7465007087/O1CN01iRi40F22Du2BSCQ6h_!!4611686018427385839-0-saturn_solar.jpg,http://click.simba.taobao.com/cc_im?p=%C3%A4%BA%D0&s=1946554147&k=2381&e=YIqkOd9E4iICfdrTObNaipyvTV8aFsnOJohJnjxOkhFVl5Pm4u5r%2BXTui1ZS49QCY6UQklOWGIyimbd809KkNDACvTSl%2FO79xcF%2Fpc6vpYnfYszppI7eK7TD2RZ7iQuCL%2FnzikXMiTgUOs0SnIjKTfZ89NdRWYRxkJjyGre3eG8mrNilZzaMc6IJCsbBo5SuuzbQeAFlIVo5QsMZ5aEuv9jY7VEQTblYYBpis4aX57p3NZPESxjgvFdJ30ES8L4KGtawF60Am%2BHbX8N0br6nDZIaGXXWFUqgPxaU1vldqcbl1HBuK25BszhZhzJronCWjJupzQLZdTRUx09iKfBd3nV3pNNbNgvXww2B1MXaUEojikRXbPMBsRUUoeYjAPmAfMDGG0A750HD8TpbkP0Cpm7zWCqAf%2F2RuoD0rOCPaqc5YDaxfWDh4c1svjH2lhxTOB6fkaSui7yu5yvuttcEHRTKxuzT7kSjoxHOG3D4OhA3C47hBN67RCtPN5wLSelQwyc5wzyWaKYKzmEU72dGjYUzuEK06bDNsBydK%2BgoM%2FUcMbwA9BDoHG636xiJhq8BQyqYAC2fsUN9TC%2F%2F6NJaLdL8DJhebs1NmNRkysm1g0vfWG5jFB1W7iVap4i50aLcAESf7XY3Pc%2BGOnS5omaZ2A7gHYVi3sY5VebLGCn0g%2F1VrOYOFcXVLMI0YzHZMFOn1EZRACyIP5LrqSPQy%2Biqox9IYNHhYO%2BPlbj7%2BoDalvKHsdaryvJan%2B0vgnTYO3AKxAeKQbuL%2FyESaa57%2B9NRt7%2B%2FK5XWYUb0NMONEYyN%2BA4A8P0rnJcmM5oQXSwxnUQceJTNY7M5iNR%2Fhat4mzMZzpesaAoI8%2F7CRGiyofgi6fAI0aiuOTNNhA5SstlVhpeLfWKOco9sS4NjLLETCCnfT%2F9m1jMbFNhu%2FiUWOPFLhiW76jBRNmPiyK0tZPMo3yO%2BWnu%2FhOX%2B7Zq1Dvv%2BU40Iarj2vCtQp7pzap9O94tSa2eldcEpT%2F9TKRe%2B6JqTqQiQvzgdGbkBUySgcd2nCLdGja%2FXViLkcdvO6cSB%2FpgR8DALEFfch58eChOsxM6ao4Ct%2FE0pBwzqp1N8qbmf7HimJ0l25%2BBSi2UDcFYl1lyiL4zTVTbl9FbCxqjRTOKFiHS47risSi2Yptq6sS%2FBp4SbXwn0uVuUOvOVpnM0SShEXmLNkQi9Y25%2FedQROKuAt1UuIUFJcqBHtKY%2B277Ag8AeYh%2Bgnj6oyewV2bwOGdu9GERF60Drebc96syNyrWbFp04uGfUbDgZ3V26Dh0hL2ArGBknCD6DujeHgCIHYqErZUxRrS4KGxg04yOF0PpfDkZ2uKEroyGg0JOc0FvwyIuX6%2FtMuxD6ISJ4wqy%2Fx6e2T3Yj7i5%2Bt4akwyMGf21UNsXGne65SEh8BGmNEBJU7i6K%2BH4pdW%2F5b%2FeQXi0YZIlDoP6fL1ERt3P1lfgMZW%2FVI02awo5Mq2nHSLu%2BOYF4uVsbF4SUwzQE3q420QASc3uZ9v8QWOzCmJLmiOUApz1RHSjwBHZmTvn2s5hdQdo16qAvfRiMjqLG6Tdsd15d5s7Ak6k4P5wh%2BxG6sBPi08idv7tb2WDlLUzE%2FdbMzvg7nNEDHzcGHOPIcgDt3IPa60pLdLlEyTQ97XlQhYGzl3CTo3OaNwYc48hyAO2MhtXTEDk4gbTD2RZ7iQuCCnHWtZefbfeWmnGp2Jy3mwZVQc3G37FWxnFJHe%2BCmfopbLEob8dMF%2F%2Bu82f%2FdHD2Snp0kbPVVdvqENlJWuuZc4Qb7dVQiW6pMvkkESPB6w6b7y64y0cCA5GhmYucNuBTApTHMG4sWp9BKopHcZ9wF%2BlA3JjZ0FQpXdYoDtGqRbl0vDDv2iexHqsJ66aYnF8ZAKNkeNQfuk4xlDY9f6go00vNMcN0uV6hcDP8cCVvkdSPyyHNLVQgOwBWMgdVeZ%2BPfGwb4t3xinDg3hKwFl4tBRxh72nUEvvVtYaor7Nl%2BNDFDD%2F6z7cKlvnydipopmY7DEwMqRt6YxvG6kLYB9n9o%2BjavOg6267X6DZYGFYQRufQK9s0gD1AnMH57qJPoDvLJaCUh2o62nw3i1EKJeqewCqfzLM%2BqsDXuVTRtqumLMkUAUelj%2Fy0D%2BZnugG%2FXiu280b26q4aAYL%2F1J72f%2FqHNiVfDaNXIeY8JMEufsr1LJ6U2%2Bkuop7aYd4Zx1dlvhmIFLSTj0lTqfogABA23mrtaEXOkKZeJFZ5Z0INqR0xJcLHocAVgAHsr2qfTveLUmtnNjoHITbSuRhccRr3LyOrQjCoKA%2FWp%2BxYLvwbGoPBIUSTL%2B2Ai%2Fd2v%2F1u69yJqnMaAfEaJFeIJaSL%2FExMCpvmVMKOTKtpx0i7WXisC1maxTc%3D&mm_sceneid=1_0_7465007087_0&a=xxc%3Dad_ztc%26mi_id%3D00006qaowwbrfXsb0ip5KufiIYrMICNGAZmosrtiUVaTBro%26skuId%3D5751476744224&id=897757611421
742396685941,三丽鸥HelloKitty盲盒甜心玩伴凯蒂猫手办潮玩公仔摆件生日礼物女,49,¥,券后价,萌趣馆旗舰店,萌趣馆旗舰店,5年老店,1万+人付款,上海,"热销爆款, 退货宝, 包邮",次元优选:IP联名 | 款式类型:大隐藏 | 出售状态:现货 | ACG作品名:HelloKitty | 品牌:萌趣馆,https://g-search3.alicdn.com/img/bao/uploaded/i4/i4/2207572378845/O1CN01dqZ5K02FD4HrPVtFc_!!4611686018427380957-0-item_pic.jpg,//detail.tmall.com/item.htm?id=742396685941&ns=1&abbucket=10&xxc=taobaoSearch&mi_id=0000li6ca8lCqJdTlUaUxorNRvFOhftJ9wGLp48DJBnk3Wg&skuId=6093797395918
862663961210,正版toptoy三丽鸥搪胶毛绒三代精灵兔系列盲盒潮玩手办公仔礼物,81.58,¥,券后价,tb086198083,潮玩集合社,回头客4万,3000+人付款,广东 广州,"店铺满11减10, 48小时内发, 包邮",款式类型:端盒 | 出售状态:现货 | 系列类型:联名系列 | 品牌:TOPTOY（玩具）,https://gw.alicdn.com/imgextra/O1CN01wRE7ds1qROJYm1oy5_!!2224965492-0-picasso.jpg,//item.taobao.com/item.htm?id=862663961210&ns=1&abbucket=10&xxc=taobaoSearch&mi_id=0000AlRih_2UceCZo7pLj6oqubc9vwGHM7ot0hFR-IcuN5o&skuId=5681946776229
,,,,,,,,,,,,,
970981277888,TNTSPACE正版Zoraa喵呜猫颜社mini手办盲盒潮玩摆件可爱公仔礼物,52,¥,券后价,gdgd98,GDGD潮玩店,,300+人付款,福建 泉州,"店铺满20减10, 24小时内发, 包邮",款式类型:端盒 | 出售状态:全款预售 | 品牌:TNTSPACE | 商品状态:全新未拆封,https://g-search1.alicdn.com/img/bao/uploaded/i4/i2/1966590272/O1CN01CB6dMx1DscofJcMz4_!!1966590272.jpg,//item.taobao.com/item.htm?id=970981277888&ns=1&abbucket=10&xxc=taobaoSearch&mi_id=0000i49Mkd-GxH2qcG108TioIXPN7J7SCMSA8Ofod9nOyA4&skuId=6086545651291
963313478758,哆啦盲盒摆件玩具国产手办公仔潮玩福气满满整套女孩网红礼物,144.8,¥,券后价,然蜜屿旗舰店,然蜜屿旗舰店,,700+人付款,广东 汕头,"官方立减12%, 包邮",款式类型:端盒 | 出售状态:现货 | 商品状态:全新未拆封,https://g-search3.alicdn.com/img/bao/uploaded/i4/i3/2219521931177/O1CN01fxcAVR1KZ7Eev8hHI_!!4611686018427385769-0-item_pic.jpg,//detail.tmall.com/item.htm?id=963313478758&ns=1&abbucket=10&xxc=taobaoSearch&mi_id=0000g1qDlpskCq6mxcOBDoVwcmyL1LWuTSaXAW15upbD6kk&skuId=5843303625915
1000985223340,米塔集 Zoraa绒绒小屋搪胶毛绒系列盲盒搪胶毛绒娃娃潮流盲盒挂件,53.95,¥,首单价,米塔集旗舰店,米塔集旗舰店,,38人付款,广东 东莞,"官方立减12%, 直降5元,  12期, 淘金币已抵4.15元, 退货宝, 包邮, 公益宝贝",单款概率:1/72 | 款式类型:隐藏款 | 出售状态:现货 | ACG作品名:DC漫画系列 | 系列类型:联名系列 | 品牌:米塔集,http://g.search2.alicdn.com/img/i2/9788969538/O1CN01qcUJ9R2KKSnEAi2Wr_!!4611686018427384386-0-saturn_solar.jpg,http://click.simba.taobao.com/cc_im?p=%C3%A4%BA%D0&s=1946554147&k=2361&e=1kAbAd3daiYCfdrTObNaipyvTV8aFsnOJohJnjxOkhFVl5Pm4u5r%2BXTui1ZS49QCY6UQklOWGIwRYQvXpvfWRbD9sNNKpoZKTd2O0m%2FxVTrfYszppI7eK7TD2RZ7iQuCL%2FnzikXMiTgUOs0SnIjKTfZ89NdRWYRxkJjyGre3eG8mrNilZzaMc6IJCsbBo5SuuzbQeAFlIVo5QsMZ5aEuv9jY7VEQTblYYBpis4aX57p3NZPESxjgvFdJ30ES8L4KGtawF60Am%2BHbX8N0br6nDZIaGXXWFUqgPxaU1vldqcbl1HBuK25BszhZhzJronCWjJupzQLZdTRUx09iKfBd3nV3pNNbNgvXww2B1MXaUEojikRXbPMBsRUUoeYjAPmAfMDGG0A750HD8TpbkP0Cpm7zWCqAf%2F2RuoD0rOCPaqc5YDaxfWDh4c1svjH2lhxTOB6fkaSui7yu5yvuttcEHRTKxuzT7kSjoxHOG3D4OhA3C47hBN67RCtPN5wLSelQwyc5wzyWaKYKzmEU72dGjX4LjKdt7P647dlQ4Ad21LYkOLPD5HdyX%2BlzkBVrZLtJEzDRcWnROWgLhRvUiFOQzbVY%2F%2BNThRt0DZY7Tgroaqk%2BwckOGGLiv1yiD0rk8IRvusY9sx08xhG%2Fu0TGSLqrbWyLrWPWy0G4YtUYRFspPMww0ut%2FuPl%2F1MI0YzHZMFOn1EZRACyIP5LrqSPQy%2Biqox9IYNHhYO%2BPlbj7%2BoDalvJvcjZ76MsFsHeWlgRrnWtfWXpgNUnZzu2sO38ZOgQdq24f%2BLOzkK%2BrfOFh23bqaqG%2BFCLREwnDhliehB8IbZ4oGI36K35KJVwcBVb11hPwWbFyrp4Fux%2FufH6Q6LHQUpJ1oXg0Q%2BSlCMoZZYV%2BYFt5cDZ%2FHnXGPzz4YeBOWNjJUKdHZlj%2FR4C9YKTzfU0FlXsxZmXiNDta6kEqikdxn3AXUSPrFkQWPqQ1bwKpHNuUmvE9B1uAzCC9wbX3tLyUQzLySV4t2ixx5P91ikVqHopWgxfqpvMbU5hotwrVg%2B%2F36ossY8iEMeYe3TGOF%2FPTQpBf2%2BM6HkSn5r4fQI7gPtTLieHh84vnqkCNnzIV0RnRFn9cJPgIlXOxrigA9RzyYe0Pad5SXewPC%2Fs0WAp405HzbrR5hWDjS0D3U%2BN7opOchGaw9HuZXU%2BX%2BIgT6Fg9R%2BOyCym942vUTBCTXii1Dkl7%2Bo%2Bsmce5NlHstpl9nzjE3YsC7soEU%2FBrYCVNlj6zZ928eqYufhOVqoofYoEWUlc%2BZwqTJ0ibcHL4ugsEifbudV9msuKYIVhzSLkqqt1hWwqYR7OrEc9gA4c6pgMBo60ocU0JlmH%2FiqeYOF7Rh6gQZr6cX5x4u3rOBqAnYjOXSpGPKBF3nFXm7e8BxIen7tRENOdxaBtYF6fUelfQGWYevrh7q8PQ9KQ299Iykm8p91CaLDkYItZHKbMpliheGi7UhcdmVEEaIz45BmAKnXHAVO5L8INoXIszzQu9MstwRGcFNIw0k%2BF%2FfgWMxpBrzKt%2FJzsDX0DoQxatlwBhUtRYecyFXjRpN1sepVRWszXAYnZG5qL3UaVMrActipglJJaeB7B3SuHoBx5EyTQ97XlQhY7%2FBzhf5Zlt88zd1vG9mJhz2wrS%2B0gbrs06MkgEh%2Fgp3AeHRO44uXGkK0XA1BIChxYxLFVkgob9Y6FtQNQzMVGV1RB82a0OWJzkcV%2BJN5VIP0hff0eAP1ZxBJRVoIGbb6RcwAAtHIYcCeOgnmZV%2BQG8iCJEgCmg0sVTmkWyWtOz3GHt%2FdNAjqrSS7pqyjrdE%2FaSUM%2FM1J1V4O468ThHcKDa%2F8CEZOI8O%2FbioHs6y0OKQNpVvdRSFmVgFlFYCDvwovV5F82%2FF3TSaEhvNCAy7HDVz4JtRHU8fkiSBx7flbYRMcS6ZOucsNJKQP4dN3%2Bh%2BH%2FbrZ3mUNDZEnbLezf1sSNeRSsvep9BomNCp2s7jw0J0gMjcYRU5%2FViqJ2xLlpIGFyOjLg9Pcg%2FxMKZAtUEutgXI5kD7E4NQ6w7fxk6BB2rDCSVza9p%2BmuTW31f%2Bxg1uojKEULDXVDijCHmqwkEyQBHyG5IrNp1HaLsFMyfJSOrNPzWM4xUzcSL%2BPrVvyILZtpejaORmPkRgrDF4mlO2Mz0e9%2FGzNoBoV0dKQ2ofJCMbGTxE6qKETz2OHuc9nHZr8HDOU1xhA295mQCD6CBjtNaMB%2BjgHvoz8ehwBWAAeyvC2jUgQRCTXEm2fqBAXZHgARc5CbF7J6CYqhLIDlY%2FlQfmOr4U8BDdB5xS%2ByhNQ6HzQu9MstwRGeFjPbT%2BdLM53N%2BuVAgX3xF65OYC%2F%2FOv8tqoiYWu7k5KA%3D%3D&mm_sceneid=2_0_9788969538_0&a=xxc%3Dad_ztc%26mi_id%3D0000wzwfgJ3J7dwaybwcdzrk_qe0sPP-wq4Vz13NqO0PGJw%26skuId%3D6156131446174&id=1000985223340
969316715115,网红三丽库洛咪盲盒摆件全套女孩生日礼物2025新款手办潮玩周边,68,¥,券后价,然蜜屿旗舰店,然蜜屿旗舰店,,800+人付款,浙江 金华,"超级立减10%, 包邮",款式类型:端盒 | 出售状态:现货,https://g-search3.alicdn.com/img/bao/uploaded/i4/i2/2219521931177/O1CN01gTCrsl1KZ7GHa1TKO_!!4611686018427385769-0-item_pic.jpg,//detail.tmall.com/item.htm?id=969316715115&ns=1&abbucket=10&xxc=taobaoSearch&mi_id=0000x0EtycEQheDhcg_CELNF7hlGEHdw_GAor-LlJ1rr00M&skuId=6101171722919
993548610637,正版Nommi糯米儿一口甜心阿玛莉莉丝联名搪胶毛绒盲盒手办礼物女,99.9,¥,首单价,knoxx潮玩,KNOXX潮玩正版店,,300+人付款,福建 泉州,"官方立减12%, 直降11元, 淘金币已抵0.99元, 退货宝, 48小时内发, 包邮",款式类型:隐藏款 | 出售状态:全款预售 | 品牌:TOPTOY（玩具）,https://gw.alicdn.com/imgextra/O1CN01mm90271H4Tw24gsJZ_!!2214236940704-0-picasso.jpg,//item.taobao.com/item.htm?id=993548610637&ns=1&abbucket=10&xxc=taobaoSearch&mi_id=0000Zpu6jdYk_qqkdXAREH5Evp7W1r7FUo0VRWmEznFxRYA&skuId=6136582071495
969752408065,国家自然博物馆 恐龙萌粒迷你盲盒恐龙玩具公仔摆件生日新年礼物,49,¥,券后价,国家自然博物馆旗舰店,国家自然博物馆旗舰店,,1000+人付款,天津,"官方立减12%, 淘金币已抵1.47元, 退货宝, 包邮",适用人群:儿童 | 场景类型:青春礼 | 货品分类:摆件礼物 | 适用节日:周岁 | 包装种类:盒装 | 产品名称:小恐龙和它的朋友们·萌宝/蛋仔系列萌粒(组合装/套装) | 修饰词:可爱小恐龙,https://g-search3.alicdn.com/img/bao/uploaded/i4/i3/2219808496068/O1CN01MxyZs31uhCRsrWjMr_!!2219808496068.jpg,//detail.tmall.com/item.htm?id=969752408065&ns=1&abbucket=10&xxc=taobaoSearch&mi_id=00004mywo2IstWGC7hB6WTIwPDI_wuFqcw5USd5AfW-0Rjg&skuId=6082717331505
916604264112,Cup Rabbits卡布兔奇妙果系列毛绒公仔盲盒手办玩具网红爆款摆件,54,¥,券后价,卡布兔旗舰店,卡布兔旗舰店,,400+人付款,广东 深圳,"官方立减12%, 退货宝, 包邮",单款概率:1/6 | 款式类型:隐藏款 | 出售状态:现货 | 品牌:Cup rabbits/卡布兔 | 款类型:隐藏款,http://g.search1.alicdn.com/img/i1/7465007087/O1CN01oF6OM322Du2AMPQJn_!!4611686018427385839-0-saturn_solar.jpg,http://click.simba.taobao.com/cc_im?p=%C3%A4%BA%D0&s=1946554147&k=2381&e=tdiB9pRex8QCfdrTObNaipyvTV8aFsnOJohJnjxOkhFVl5Pm4u5r%2BXTui1ZS49QCY6UQklOWGIxX%2Bfvt85Mi5TACvTSl%2FO79uqoE70KF6jrfYszppI7eK7TD2RZ7iQuCL%2FnzikXMiTgUOs0SnIjKTfZ89NdRWYRxkJjyGre3eG8mrNilZzaMc6IJCsbBo5SuuzbQeAFlIVo5QsMZ5aEuv9jY7VEQTblYYBpis4aX57p3NZPESxjgvFdJ30ES8L4KGtawF60Am%2BHbX8N0br6nDZIaGXXWFUqgPxaU1vldqcbl1HBuK25BszhZhzJronCWjJupzQLZdTRUx09iKfBd3nV3pNNbNgvXww2B1MXaUEojikRXbPMBsRUUoeYjAPmAfMDGG0A750HD8TpbkP0Cpm7zWCqAf%2F2RuoD0rOCPaqc5YDaxfWDh4c1svjH2lhxTOB6fkaSui7yu5yvuttcEHRTKxuzT7kSjoxHOG3D4OhA3C47hBN67RCtPN5wLSelQwyc5wzyWaKYKzmEU72dGjSiuksmpQwSRIuwkXxno%2FCQcMbwA9BDoHCYcR6UF161pvDLGclT%2Bb6%2BeH3PdihQntd%2Fnc3GyJcOPGjd2JekJLz9kr1EGZ6GMuz7LalVpAtuAPSzGWeRG12uGOnS5omaZ2M8jNWgSBnj247brZ5wGhJwJ0s%2BT71fBPvySYqg0sHV08RBYeHx5aiszL94ywNrCInjMT8Mk1XMnQajR9ya%2BsitR6oOg%2BD3wAzj7rFBOgslygsaearcle0JqhtWgHEDFHmmllL%2FXB6MiNMONEYyN%2BA4A8P0rnJcmM5oQXSwxnUQceJTNY7M5iNR%2Fhat4mzMZzpesaAoI8%2F7CRGiyofgi6fAI0aiuOTNNhA5SstlVhpeLfWKOco9sS4NjLLETCCnfT%2F9m1jMbFNhu%2FiUWOPFLhiW76jBRNmPiyAVcawVsptZuAKx9BaolZrpSm%2Fdk9de%2FzLj2vCtQp7pzkJ7ri1vzugV6gR%2BaOEHgLxe%2B6JqTqQiQvzgdGbkBUySUMZgBBME66q%2FXViLkcdvO6cSB%2FpgR8DALEFfch58eChOsxM6ao4Ct%2FE0pBwzqp1N8qbmf7HimJ0l25%2BBSi2UDcFYl1lyiL4zTVTbl9FbCxqjRTOKFiHS47risSi2Yptq6sS%2FBp4SbXwn0uVuUOvOVpnM0SShEXmLNkQi9Y25%2FedQROKuAt1UuIUFJcqBHtKY%2B277Ag8AeYh%2Bgnj6oyewV2bwOGdu9GERF60Drebc96syNyrWbFp04uGfUbDgZ3V26Dh0hL2ArGMl%2BQkVOfmhwSoaRd7Scpr3cmXsov362w7GHqsqv9VbzuKEroyGg0JPjj7J4BnrEX3ZgcnAe3bepwqy%2Fx6e2T3Yj7i5%2Bt4akwyMGf21UNsXGne65SEh8BGkC9ZvIH6aOZI602ypSVhUh%2BvbmlQG0JJjUDaWKVws8qPgMZW%2FVI02awo5Mq2nHSLu%2BOYF4uVsbF4SUwzQE3q420QASc3uZ9v8QWOzCmJLmiOUApz1RHSjwcbXJ4sbff7lcl5NoFJty%2BoJC7pgZRThsXP3MzuLL3HMNqb6tHqJGZ7PnuB7hQ8HhN5LCQkNvtX5rVDHwQ7cJty2aL5yFM50YVE200cWu5whEyTQ97XlQhVeAKSkUyGL9LZovnIUznRgdw8zxcT8hsbTD2RZ7iQuCCnHWtZefbfeWmnGp2Jy3mwZVQc3G37FWxnFJHe%2BCmfopbLEob8dMF%2F%2Bu82f%2FdHD2Snp0kbPVVdvqENlJWuuZc4Qb7dVQiW6pmhBaWBQTmeqb7y64y0cCA%2FRh%2Fm8UwEN3ApTHMG4sWp9BKopHcZ9wF%2BlA3JjZ0FQpXdYoDtGqRbl0vDDv2iexHqsJ66aYnF8ZAKNkeNQfuk4xlDY9f6go0%2FTpFLcwEnWMcDP8cCVvkdSPyyHNLVQgOwBWMgdVeZ%2BPfGwb4t3xinDg3hKwFl4tBRxh72nUEvvVtYaor7Nl%2BNDFDD%2F6z7cKlvnydipopmY7DEwMqRt6YxvG6kLYB9n9o%2BjavOg6267X6DZYGFYQRufQK9s0gD1AnMH57qJPoDvLJaCUh2o62nzBAnUoVEW4i%2BdvfzKTgyz0uVTRtqumLMkUAUelj%2Fy0D%2BZnugG%2FXiu280b26q4aAYL%2F1J72f%2FqHNiVfDaNXIeY8JMEufsr1LJ6U2%2Bkuop7aYd4Zx1dlvhmIFLSTj0lTqfogABA23mrtaEXOkKZeJFZ5Z0INqR0xJcLHocAVgAHsr5Ce64tb87oFqedYxpppU1Ge4VzLYKEhmoPj694eq3IjLvwbGoPBIUTPuSj%2BHmWjDIKvi7ZATixbAf7NoLg%2BfYKL%2FExMCpvmVMKOTKtpx0i7WXisC1maxTc%3D&mm_sceneid=1_0_7465007087_0&a=xxc%3Dad_ztc%26mi_id%3D0000hWlUkaf-K20TaRmTvgRfNJOhFj4-6CDXzrfLTF6MLsc%26skuId%3D5782176288844&id=916604264112
996749092448,Funism玩乐主义宝可梦悠享吧伊布盲盒手办公仔皮卡丘摆件周边玩具,89,¥,首单价,玩乐主义旗舰店,玩乐主义旗舰店,回头客2万,700+人付款,广东 东莞,"直降9元,  3期, 退货宝, 包邮",单款概率:1/9 | 出售状态:现货 | 系列类型:联名系列 | 品牌:FUNISM/玩乐主义,https://g-search3.alicdn.com/img/bao/uploaded/i4/i3/2210516346829/O1CN01obr0NB20Jjqodg8R9_!!4611686018427381709-0-item_pic.jpg,//detail.tmall.com/item.htm?id=996749092448&ns=1&abbucket=10&xxc=taobaoSearch&mi_id=0000HQshN2Bx7cGD6mfB7q0NkU5SOG9k2OYsu8MkYrOITXU&skuId=6185755218744
923048947667,24盲盒疯狂动物城2公仔盲盒朱迪尼克新款2026电影周边儿童学生礼,31.6,¥,券后价,月销量3万小二推荐,洞洞乐甄选品牌店,回头客1万,1000+人付款,浙江 金华,"退货宝, 48小时内发, 包邮",出售状态:现货 | 系列类型:联名系列,https://g-search2.alicdn.com/img/bao/uploaded/i4/i3/2216631303369/O1CN01mjxZyC1al3SFVA3OF_!!2216631303369.jpg,//item.taobao.com/item.htm?id=923048947667&ns=1&abbucket=10&xxc=taobaoSearch&mi_id=0000kome7Iinma-K7S-7pRA9gPgtIGIYH4LzOYttmHUwbbk&skuId=5986179697709
997424137782,疯狂动物城2系列手办盲盒套装迪士尼电影周边朱迪狐尼克模型潮玩,50,¥,券后价,tb013575377513,正品手办官卖店,,1000+人付款,广东 珠海,"官方立减12%,  3期, 退货宝, 包邮",,https://g-search2.alicdn.com/img/bao/uploaded/i4/i2/2219737168499/O1CN010TPLut2CebGhPe5RP_!!2219737168499.jpg,//item.taobao.com/item.htm?id=997424137782&ns=1&abbucket=10&xxc=taobaoSearch&mi_id=0000458Q0PEXpuVlbESY79liXuO5OkdmZ13F46rjD1PGjxU&skuId=5992508033988
1004643568743,MINISO名创优品三丽鸥白昼之月正品现货库洛米手办盲盒摆件礼物,59,¥,,minisotoys潮玩旗舰店,MINISOTOYS潮玩旗舰店,,200+人付款,湖北 鄂州,包邮,款式类型:隐藏款 | 出售状态:现货 | 品牌:MINISO TOYS,https://g-search3.alicdn.com/img/bao/uploaded/i4/i2/2219447282511/O1CN01Nz3lKL1UQ5drPCBgc_!!4611686018427382607-0-item_pic.jpg,//detail.tmall.com/item.htm?id=1004643568743&ns=1&abbucket=10&xxc=taobaoSearch&mi_id=00005Gv6uqmQ340AzcnJa2gL5_12TQxjhkRzukWhT9sSAmw&skuId=6160584879605
1011855147605,MiiTAKI米塔集搪胶毛绒玩偶公仔潮玩挂件盲盒新年新款礼物小礼品,58.55,¥,首单价,米塔集旗舰店,米塔集旗舰店,,55人付款,广东 东莞,"官方立减12%, 直降7元,  12期, 淘金币已抵3.95元, 退货宝, 包邮",单款概率:1/6 | 出售状态:现货 | 品牌:米塔集,https://img.alicdn.com/bao/uploaded/i2/2221307777280/O1CN012sSlJF23eITciBKIE_!!2221307777280.jpg,http://click.simba.taobao.com/cc_im?p=%C3%A4%BA%D0&s=1946554147&k=2457&e=TbVWrxmFPi0CfdrTObNaipyvTV8aFsnOJohJnjxOkhFVl5Pm4u5r%2BXTui1ZS49QCY6UQklOWGIwRYQvXpvfWRbD9sNNKpoZKFfSRq4d%2BPcTfYszppI7eK7TD2RZ7iQuCL%2FnzikXMiTgUOs0SnIjKTfZ89NdRWYRxkJjyGre3eG8mrNilZzaMc6IJCsbBo5SuuzbQeAFlIVo5QsMZ5aEuv9jY7VEQTblYYBpis4aX57p3NZPESxjgvFdJ30ES8L4KGtawF60Am%2BHbX8N0br6nDZIaGXXWFUqgPxaU1vldqcbl1HBuK25BszhZhzJronCWjJupzQLZdTRUx09iKfBd3nV3pNNbNgvXww2B1MXaUEojikRXbPMBsRUUoeYjAPmAfMDGG0A750HD8TpbkP0Cpm7zWCqAf%2F2RuoD0rOCPaqc5YDaxfWDh4c1svjH2lhxTOB6fkaSui7yu5yvuttcEHRTKxuzT7kSjoxHOG3D4OhA3C47hBN67RCtPN5wLSelQwyc5wzyWaKYKzmEU72dGjedOHpqRDEX46%2FnjxAI1V7puHbcEcxDhQGUc1C7NLVyBu4q%2BYsXJHgndhHqG6UaHcwDL1u7ODHbQ1j3fMdTJBtETrpqhwWG1Lsqd5TkJaKZWS0c%2BEMBOiBtidPse%2BDhIh%2F%2FASGg4Hv6BJeKqXVpFUqCAMsxS0kcRs8I0YzHZMFOn1EZRACyIP5LrqSPQy%2Biqox9IYNHhYO%2BPlbj7%2BoDalvIp1ClVfnmeadsIW8ApWj0%2FMeQgr2T5EA29Rlg5y0w8iyV0O5GBcxBefOFh23bqaqE0a7hF8uS17B7qHJJT%2FkxcGI36K35KJVwcBVb11hPwWbFyrp4Fux%2FuhtDhAd3tuz5n3o8xu8oko8oZZYV%2BYFt5cDZ%2FHnXGPzz4YeBOWNjJUKdHZlj%2FR4C9YKTzfU0FlXsxZmXiNDta6kEqikdxn3AXUSPrFkQWPqQvrMN41XHeORAX2XB3yY8PwbX3tLyUQzITUqwjU5vNb4hptwMV7MCGUDo5UhCLMelJuLz8rDq%2B3dmrjyWuUyf0rGnOgtKPnHBf2%2BM6HkSn5r4fQI7gPtTLieHh84vnqkCNnzIV0RnRFn9cJPgIlXOxrigA9RzyYe0Pad5SXewPC%2Fs0WAp405HzbrR5hWDjS0D3U%2BN7opOchGaw9HuZXU%2BX%2BIgT6Fg9R%2BOyCym942vUTBCTXii1Dkl7%2Bo%2Bsmce5NlHstpl9nzjE3YsC7soEU%2FBrYCVNlj6zZ928eqYufhOVqoofYoEWUlc%2BZwqTJ0ibcHL4ugsEifbudV9msuKYIVhzSLkqqt1hWwqYR7OrEc9gA0mj24DaLJb9Yvr43SwcMuoSddwlFZQtqowz3xTbf5UPLQVgBs4w%2BZot1lUCkixQYPPzTTR8Au%2FJNOdxaBtYF6fUelfQGWYevrh7q8PQ9KQ299Iykm8p91CaLDkYItZHKbMpliheGi7UhcdmVEEaIz4AM3mdBIKPoIUw1LpIBOnm2rNZJhkv3MhH6U3%2B8bJHIQWMxpBrzKt%2FJzsDX0DoQxatlwBhUtRYecyFXjRpN1segiGfvNpPGAjNs9Vukvwh0unUnUQ8HHAgZfmtswjsEHe43y4v2b0P8DOnVkOXTTaXWC0tz1JbPXSrRfa4gMvK%2Bs2YepAplMn%2BRoRsE9GOHdezUR2N3mHCcXs1h16kieMOQafdN3y6gBDxfI2QWTZsHbrUkOvyT%2BZRr%2FLj93RMeQjQHAnh0i59XM89HX1vaE6RFaMfBjq9HtYq9qxvz8dQorfvHNyGW9Oc2bPVnC8DVSbXWAbKfdhF39rR4axfk04uhVnrwJ6ReTcEvQr4YLOu4kDaVb3UUhZlBbBSEIkIZJFYtZ4uE1ZAVNW%2Bsyq0oTUKDAxSNJuwyVz%2FZtYzGxTYbgto6ZGHb6VKZKEnsLuMlWPaJpi2djHH%2FzgcXB2MuzzTN47HH3TwoN6jkMIil9iNBOjEsjp6MlfoX9qa5fIYy9zYis7nULDRFUF%2FQA6ccOnrJjc%2BISYfonEFEmWoS5bSwxxh72nUEvvVtYaor7Nl%2BNDFDD%2F6z7cKlvnydipopmY7DEwMqRt6YxvG6kLYB9n9o%2BjavOg6267X6DZYGFYQRudUhCEsdlSPsvgLFDTD6YTANOdxaBtYF6dOM75QAMUHZaDFVUMpWfgQhEgZBiAoE3zbEjLzRkQUnmm4BadIdVaxuHkt4bEo4wbMENDdOD0sb5DwiwPWupUhlPJ2s6SFcFfRcLO4H1nOjL1C3QMaAVTfFgG3wDL6sfp0u3CzV%2FSLow%2BA1BVmfrxuPG9NsYi65rd1RTvevXecPoeErnEPkWkzNbsVFt0FXfPTULZbqJS5pl7Lko%2F5rBXPuj99aIjF7kzJDPhbOOCTaHZFn8laVrJRLdZVApIsUGBQqaunpoTcP2FvDc4fTxmk9hxW1UDVwIY5nJxo%2FynEZQ%3D%3D&mm_sceneid=2_0_9788969538_0&a=xxc%3Dad_ztc%26mi_id%3D0000AZ77ue0fRbnKz4-FxWo14emYMs-HXRr4O8NfGgb3oHI%26skuId%3D6181634031978&id=1011855147605
890195664318,【现货】悸动瞬息西西里往事盲盒一万次mjd12分BJD可动人偶潮玩女,82,¥,券后价,hodgkintan,潮玩新天地,回头客4万,9000+人付款,广东 东莞,"退货宝, 包邮",款式类型:隐藏款 | 出售状态:现货 | 系列类型:联名系列 | 品牌:悸动瞬息,https://g-search3.alicdn.com/img/bao/uploaded/i4/i4/2000635076/O1CN010mWqUk1nMrV9w7Myl_!!2000635076.jpg,//item.taobao.com/item.htm?id=890195664318&ns=1&abbucket=10&xxc=taobaoSearch&mi_id=000015KJU58xj2FPhcCmujl8IhIzoaik0EYAv8FFkYkFZ9Q&skuId=5946404834265
992936847269,【现货】MINISO名创优品三丽鸥家族玫瑰园绮梦系列搪胶毛绒盲盒,99,¥,,miniso名创优品旗舰店,miniso名创优品旗舰店,回头客200万,80人付款,湖北 鄂州,"退货宝, 包邮",单款概率:1/6 | 款式类型:端盒 | 出售状态:现货 | 系列类型:联名系列 | 品牌:MINISO/名创优品,https://g-search1.alicdn.com/img/bao/uploaded/i4/i3/3459177618/O1CN01XWojt42696LktD7Ul_!!4611686018427387026-0-item_pic.jpg,//detail.tmall.com/item.htm?id=992936847269&ns=1&abbucket=10&xxc=taobaoSearch&mi_id=0000iKmvpyKknFSiMhgbdrcdvo2yLdASRRkxB-EjjKO6Sqw&skuId=6019785897836
890065784624,POPMART泡泡玛特THE MONSTERS×航海王系列手办盲盒LABUBU海贼王,67,¥,首单价,谭梓琳lin,欧巴手办盲盒,回头客8万,8000+人付款,广东 广州,"直降3元, 店铺满500减5, 48小时内发, 包邮, 酷动城",款式类型:特别版 | 出售状态:现货 | 系列类型:联名系列 | 品牌:POP MART/泡泡玛特,https://g-search3.alicdn.com/img/bao/uploaded/i4/i1/2580405343/O1CN01uRh8gU1pL9DKfT7RR_!!2580405343.png,//item.taobao.com/item.htm?id=890065784624&ns=1&abbucket=10&xxc=taobaoSearch&mi_id=0000j0yHWCwd3fQXzHsEASpG-ssV17i31hKbMGuFg2Lc7qc&skuId=5903784574283
1001683184556,洛阳唐三彩小胖马年盲盒摆件吉祥物公仔小马福福文创本命新年礼物,17.4,¥,券后价,壹亭生活社,壹亭生活社,回头客1万,200+人付款,上海,"官方立减12%, 店铺满50减5, 退货宝, 极有家, 包邮",主体材质:动物 | 表面工艺:半手工,http://g.search1.alicdn.com/img/i1/110030134/O1CN01kJR29V1CrQBiqfF9j_!!4611686018427383094-0-saturn_solar.jpg,http://click.simba.taobao.com/cc_im?p=%C3%A4%BA%D0&s=1946554147&k=2401&e=DOI8ein6oTACfdrTObNaipyvTV8aFsnOJohJnjxOkhFVl5Pm4u5r%2BXTui1ZS49QCY6UQklOWGIzZB6AHJTuQo%2Bqc00NQUwRyvByNJT5Qo8qYTqNZvc8X0LTD2RZ7iQuCL%2FnzikXMiTgUOs0SnIjKTfZ89NdRWYRxkJjyGre3eG8mrNilZzaMc6IJCsbBo5SuuzbQeAFlIVo5QsMZ5aEuv9jY7VEQTblYYBpis4aX57p3NZPESxjgvFdJ30ES8L4KGtawF60Am%2BHbX8N0br6nDZIaGXXWFUqgPxaU1vldqcbl1HBuK25BszhZhzJronCWjJupzQLZdTRUx09iKfBd3nV3pNNbNgvXww2B1MXaUEojikRXbPMBsRUUoeYjAPmAfMDGG0A750HD8TpbkP0Cpm7zWCqAf%2F2RuoD0rOCPaqc5YDaxfWDh4c1svjH2lhxTOB6fkaSui7yu5yvuttcEHRARogKWrTYyfG9Sj7%2Bybsans7xDzMRfaZmTAmrwV%2F0y2dNcNGHwcGUxgyV%2F3Aw1hEMLdrfytj4HxJ7oRIQNdunrJ5yWj%2FjsHWNd74XnPQQzoxodW1TJngxyWup7HJ%2FEXZB04h2zC1C3h6CTba1NulLQNoZl1GmdaB7cMbQDdpdLyiv0v%2FiNnLOvQ2TDaS30znkNED697H2IYqw7fQl%2FV53w8QHHVFoVHY20KJfWq1H9VZum42ejrVma3xAYJIgKdObBJ6bB3%2B2achLEilEZhvulV1x5Zyi0vdpkSaH7BVbwFvCnMuth3ftLrHIt%2FxhL3GwgG%2BQXiofJSZSBvTfEz72l9oJwjElYmBqfgPS2PfkQv7BuaZv4jd918vk8APJqGfR738bM2gGhLjgDOHz6mQ9sZPETqooRPPY4e5z2cdmvwcM5TXGEDb1mAYKUeGhiQA6saoCRuE%2BMREyGwTCkptF1RTvevXecPo2rOdxowuGp4MmQgTxxlYsW8Kcy62Hd%2B7o%2FfWiIxe5MieV%2BKwV%2BbnBlmZqfngTQFZa6BLp8EgbBeX%2FWSSG50MnKSmFdQVnC7H%2FfSsY06j%2FLuKA5hqMZbrQPM01RnEXDGNBxUCOV3DIzSyZd%2FTBSCDNO1yk2UNH02300ATluetaBl%2BFdrwH54%2BdwsbecgCHI3Y0PG1Dbx5ARz7jCrjd14q021eFHvsZQ5Uxt6vbw%2BSIla%2BJ15vZWOjDH9%2Fw7snF5g4DKngABTfLk3sXVzhJfvajtLfCcEhDmRJJb6vWsKcrbKf2ZBXK2HDicMrFUNTzSNKeXFcIh6Fz1Dtrux8LLHsgwHeHocHEASRsfw%2F9%2FO1F%2BmEezqxHPYAMKUiQbcn3su2%2FI3fkJiKFuFa%2BC8pAM%2BAaZo1eZ8dccvQ2JRHNtPjApV9ABi706n2QW9sfqFVeyGbSvpHsEgqPIZFmSstCEtG%2FB%2Be6iT6A7y4XHZlRBGiM%2Br0Nkw2kt9M5EAWgHPk5jcCZ4zw62ZtWnEpnX%2BZXHnNYFjMaQa8yrfyc7A19A6EMWrZcAYVLUWHnMhV40aTdbHoIhn7zaTxgIzbPVbpL8IdKloOexN%2FuNPCyDIxqxGdJAVtSA2vs%2BgI9UqZq8y7gnXSzOVTxIQSuCO36i%2FZWv9LP0U64GMwo9yUaEbBPRjh3XZ3V1x9t9fldgzNqfqe1trqbVFUvJtLLy8XyNkFk2bB0qLgWRz6CSFGnmtDAWCTCoU%2BgW%2BS3AvXvPPR19b2hOkRWjHwY6vR7WKvasb8%2FHUKK37xzchlvTnNmz1ZwvA1Um11gGyn3YRd8CVlPkWcWOzLOC%2Ftjq%2B01P5trmQ1ujZA7dLa0aMYTd6GVsmdGNKVYl6ROlGo%2BjGRoFHyeSJr%2BEz1RKf0BxQIRGyiT4VwVY6RaD1MjDQLheNeFIyJM1JJy%2F9uKgezrLQ4pA2lW91FIWZWAWUVgIO%2FCi5u%2FrQN%2BxEPUmpLJXPSZcXdXPgm1EdTx%2BgVphlp2FOOQxxLpk65yw0rlqaU5poBFRxbJSJ8TvxepxOfi2qb83e%2FuZarXIffKU0tZtmMHul4%2BL%2B%2FbMn5SscCWsURO%2FdEU2SG9BfkFRz3bCPG2KXZ071r7VvMnjr%2F7f2ZRUQum9QskbMyCqBZVuOG%2Fr8dgUpZr6A5aM7moyBYgDuz4CaKx1eIv4%2BtW%2FIgtmQ93SnTofcqpbJORItieMY3%2BFq3ibMxnOl6xoCgjz%2FsJEaLKh%2BCLp8AjRqK45M02EDlKy2VWGl4t9Yo5yj2xLg2MssRMIKd9P%2F2bWMxsU2G7%2BJRY48UuGJbvqMFE2Y%2BLIxwaoVUpgZrFHP8nBPTq9l9KWqoblDRjj22AtLHFHdNPIg%2BwFyGKFbTmwEhqgb478adSQs3NdOqK5BCWXhil2FXIlT3LYwijz6irFHuFhF%2B7kqsv0Nc0RE3%2B4FLse0Tuo&mm_sceneid=1_0_110030134_0&a=xxc%3Dad_ztc%26mi_id%3D0000PMCxLhJTXWxkJtj3cQwvZXMBSvmDvENMrMax56i3QxU%26skuId%3D5986645976834&id=1001683184556
925605748228,POPMART泡泡玛特 间谍过家家阿尼亚日常系列端盒盲盒女孩礼物手办,50,¥,券后价,林下之夕rea,UR TOY盲盒商城,13年老店,3000+人付款,广东 佛山,"店铺满39减5, 48小时内发, 包邮",出售状态:现货 | 系列类型:联名系列 | 品牌:POP MART/泡泡玛特,https://gw.alicdn.com/imgextra/O1CN01FgWzFj1wpYu92jrLO_!!524736357-0-picasso.jpg,//item.taobao.com/item.htm?id=925605748228&ns=1&abbucket=10&xxc=taobaoSearch&mi_id=0000bO1l3lEIRpJ__yD3DK-WPgyBvlA98ziQtVUxqg8wzdw&skuId=5496476888168
994281717831,Rolife若来Nanci囡茜喵喵下午茶毛绒系列盲盒潮玩礼物搪胶四代,85.88,¥,券后价,tb086198083,潮玩集合社,回头客4万,600+人付款,广东 广州,"店铺满11减10, 48小时内发, 包邮",款式类型:隐藏款 | 出售状态:现货 | 系列类型:联名系列,https://gw.alicdn.com/imgextra/O1CN01kJ2srM1qROJYrAxww_!!2224965492-0-picasso.jpg,//item.taobao.com/item.htm?id=994281717831&ns=1&abbucket=10&xxc=taobaoSearch&mi_id=0000qtWVU517Qya6fJ2NFtMoY0V_p08lS_QKv0KEnfdVn08&skuId=6153694915222
965307136496,【现货】MINISO名创优品WAKUKU哇库库毛毛潮趣系列盲盒毛绒礼物,69.8,¥,券后价,miniso名创优品旗舰店,miniso名创优品旗舰店,回头客200万,2万+人付款,湖北 鄂州,"淘金币抵4.4元, 退货宝, 包邮",出售状态:现货 | 品牌:MINISO/名创优品,https://g-search3.alicdn.com/img/bao/uploaded/i4/i1/3459177618/O1CN01zlqcHl2696HXAb11A_!!4611686018427387026-0-item_pic.jpg,//detail.tmall.com/item.htm?id=965307136496&ns=1&abbucket=10&xxc=taobaoSearch&mi_id=00006fCaTabUx61NxyQPCG-OxoXOzUcNiW5w8hXy3xnriKo&skuId=5797657437068
998144451401,【现货】玩乐主义火影忍者盲盒疾风传终极之战手办鸣人情人节送礼,79,¥,,玩乐主义旗舰店,玩乐主义旗舰店,回头客2万,700+人付款,广东 东莞,"热销爆款, 退货宝, 包邮",ACG作品名:火影忍者 | 款式类型:隐藏款 | 出售状态:现货 | 系列类型:联名系列 | 品牌:FUNISM/玩乐主义,https://g-search3.alicdn.com/img/bao/uploaded/i4/i2/2210516346829/O1CN01KZ3Dir20Jjr471twM_!!4611686018427381709-0-item_pic.jpg,//detail.tmall.com/item.htm?id=998144451401&ns=1&abbucket=10&xxc=taobaoSearch&mi_id=000080gV0xfP1fK-jl_bLIjy1x4AMDaJFDr9JPm6R8Nb800&skuId=6190000519695
977803988448,盲盒公仔定制手办树脂工艺品订制钥匙扣挂件手机支架来图定做logo,4.4,¥,券后价,tb788942694259,广东趣萌工艺品定制,,32人付款,广东 中山,官方立减12%,,http://g.search.alicdn.com/img/i4/9308542502/O1CN016a9r0V1ULy3MTouiO_!!4611686018427385382-0-saturn_solar.jpg,http://click.simba.taobao.com/cc_im?p=%C3%A4%BA%D0&s=1856817882&k=2381&e=ffphmDXHEGzfJ2xD5Uix3tpToxXLcvDZe7yjdX4LCBAFWznpzDkRaedejYZYS9uBb4aREtCgatXXWfl7EUNH9J6WDB52m3rthrTEFf3quF3pg%2FQ2Od2ldgYgtNSJQ7unY9pFixcWuzuWVGsqWVWp5Wpbheecy7kHXULoggMra%2FuDVnmlIrMDCHx8Fq6a3pnLXgfbkztlx8pxpMHD3XD0CDotXIaBQTQay1xwIakxG%2FRedecaQz5kNiXobINoTeQwO8%2Fe%2FXFnZYFzv5u0r6efrfWv5wzUeNOWm%2BR7SDBepcS6yoozhqg6UXKvPd8fEOTlufDDo7iCrAg6dZxVgw%2BMQBtMogbOLDRz7ygQofx90BaSmh1yrzOnzi5YFfAG2xpImsiu01L3j3lWU8490Lc6Q2s9WvkrJAvDRyiBynq1rLKAdo4f4kXtx3L0zv8Y0oZGJZq3LrNPtKU5JjlooARA%2B9kfUgo0BqZWIUtrnrzuG5pXjnyN8mtSojYzNd8R8rtXrEG1t5VhrpX1K1ss6aPVR%2F8xuxugrmboxNDlHhwvicU2M1%2B9aMY%2FrMJk6GkrOrtEmRtLfEwwqgIv6fm0yre%2F5HrYfF%2FDWgzEGYxzBjynUjwoo8JmCW7cWSRxplILEpneIWAjFnHsjlCKuCF5InTVDXrYfF%2FDWgzEBNzWFCSZGDPy0VGd5920gmJvL36O%2FuGpksZ9dxV3oaxw2pRnwPhN3gm%2BCYOpeby2tyan2mStsKbUh0GqPPcHtqRqxb6rL9CceNUOqN3sdqW6XHQLr5r1xBr6sJwfbvJ%2BxyRaaNm1D3YUyckq2j%2FWL19EynPvm47tkk07pYWFQ2L50VTCFWw5sUjAqVs2hnYR0J5VNABOQd9YgcO%2FRmOxR9%2FXOZU7wv9Sv9e57WsB1LM1%2B3cswi%2FY%2BM3MmLt3omGHx1nPOf88z4u7syxs66XLORcAUkOMO0X1%2FzG7G6CuZug3VbPecVBYX3KgbGZL1O70fs%2BZC1OJ5f7Ja6op%2BJ%2FlrL8jxHHrYjZiSMCpWzaGdhHlP%2FqHbd%2FaB40Q0uWBQkuaBlAwXaCPQMGNNvjSe1y%2F5M9PRa8u8bK6%2FYLRCWnRpbaiLGYAqhUKukMgvZfQ54CGPGTdfdM%2BzPfHkY%2FT6lzFZLpU2eXQvw5ZVwrlzDzSg1fBP7t7u%2F7%2BTko5LKqLRq1B8mgvTRDPNIxhUIsxGBXvCyXL9cyAveeCHHBX2CLtOJNsu67wGiuQr02Cu4w2ITotnTFOy9zuviowLI3PNT3KNDym2%2FEK0xIJYPaMtfuI%2Btfrk%2FU14VoUqMJk6GkrOrtEV61Ya7u%2FG75gZXGDSvuHnzMU%2BvKejM4B1eCTYku8fW9Fvr%2FX7rpN0uMfkTV9DUlqPL7Epu4HAY7kLMWBnYtUbG77N22tJGfPuYfCILMrde6srXPaCSt6Mc4Vc5hZQhv7AAxk3SJMygR62Hxfw1oMxCZNlkf1Xr5kr9HzCKK%2BSkYueMN3mz55X2ViZJKv5nmi7qUOK8mpcXfrlhY9QP8aPs0h%2FObutRPLOi1Hkybe3lX7vvG%2Bnz3iYrRauUiTjdVqJMpIdXTJe01IhzTKx2ZwZGmpbvIwN1TRnPJYp%2BpNsH%2FV%2B0NS%2Feg1QbV4u8uqSrvJDdCF31QoGBOlnP2E2miaTLpACjIbt3qptXi7y6pKu8kN0IXfVCgYE4OQFpW2xoHe590z8Js8v5srKZp2OD8q5t%2FEoR40H6XFZDfL%2BIiYLzEbASdiBxItlThth6%2FNnjLbkb0FTiwOCudsC7C1h0OfmPHz0jOeTC5A7T62gqwiclYrqkPtpIMcJqIS76tjKrtukPMdgRvPwl93IoPUDacxq3TrYvKd4MhKwAS9AKZV9EWCLZOAM1tAj%2BurGL42ncMOd3fInHDP7naf2y7qtZcgDNCi%2BlXP6jyYhn62L1Vc7OOKZ4DmgNcGYZdtvEC3u3ljDZfpwLvof5D%2FparcKQ40At%2F%2BxFdHhUUZj0OY8JLsCRObX2eSgim%2FTZKyZjSKkiW99EamRh0zm7rmRy41lXS5fL2UHkpGu1qcV6dO9JQ97qQ0K2dwf5FCMq%2BS1G9%2BUXRJPLtfLO9QBuLLRuv1sdFvNWIhiKKooWGC7L4GQQZEUfRq8C0I0HmV4bxS5s0HXmPJOcv%2BMmwbsQAhb360ZCmKmJfdWgnuN4MwTyw2IdNPKYydUZo9xX9WxvM7mXyhsC1Ym6X1GJ%2FCZQPMY5XMhXVthjd64STj%2Fo1tWeAoQuLSjWwXTz7FxZLr9miVYNHez1bGzgaNgzaVW9%2F7Pr8lg%2FPFi6OSZ5HTT%2Bf1Xgz6G4ynyY5M0cMFwIyScAgv6LeBfW79UyDu7J3uEmBMEehoBi3FdTCBJJiAlh8d7uDlPrOlaOI%3D&mm_sceneid=6_0_9308542502_0&a=xxc%3Dad_ztc%26mi_id%3D0000ld4g4VlGPGv189fJ8pODpU5D2EMJ7T-ea4LlsqhFQqA%26skuId%3D6096781262854&id=977803988448
805639157017,DODOSUGAR nami浮游山海潮玩盲盒桌面摆件网红爆款盲盒礼物女生,69,¥,首单价,dodosugar潮玩旗舰店,DODOSUGAR潮玩旗舰店,回头客2万,5000+人付款,浙江 丽水,"官方立减12%, 直降4元, 热销爆款,  3期, 退货宝, 包邮",款式类型:端盒 | 出售状态:现货 | 品牌:DODO SUGAR,https://gw.alicdn.com/imgextra/O1CN01M1HN6T2A4l3enENzy_!!2217183168150-0-picasso.jpg,//detail.tmall.com/item.htm?id=805639157017&ns=1&abbucket=10&xxc=taobaoSearch&mi_id=0000bIDfzY8Vi7hbl04ldFdWaG73fht4-9E2X9HKgJp6MAE&skuId=5478432428557
947306226360,DODOSUGAR dodorara人生主角潮玩盲盒手办公仔玩具桌面摆件礼物女,78.5,¥,券后价,dodosugar潮玩旗舰店,DODOSUGAR潮玩旗舰店,回头客2万,2000+人付款,浙江 丽水,"官方立减12%,  3期, 退货宝, 包邮",款式类型:大隐藏 | 出售状态:现货 | 系列类型:联名系列 | 品牌:DODO SUGAR,https://gw.alicdn.com/imgextra/O1CN01V1i0n12A4l3e41yEA_!!2217183168150-0-picasso.jpg,//detail.tmall.com/item.htm?id=947306226360&ns=1&abbucket=10&xxc=taobaoSearch&mi_id=0000VpPJbxWhQQyqp92OlLo4Y0a_LZeHAwcNKsleieQJB88&skuId=6003784649005
922705019459,【李佳琦年货补给专场】 52TOYS迪士尼正版疯狂动物城系列盲盒,59,¥,,52toys旗舰店,52TOYS旗舰店,回头客6万,1万+人付款,浙江 湖州,"热销爆款, 包邮",款式类型:端盒 | 出售状态:现货 | 品牌:52TOYS,http://g.search.alicdn.com/img/O1CN01dthjjj2Jsz28QQWEG_!!4611686018427387766-0-item_pic.jpg,http://click.simba.taobao.com/cc_im?p=%C3%A4%BA%D0&s=1856817882&k=2413&e=B%2FWL3unnDUXfJ2xD5Uix3tpToxXLcvDZe7yjdX4LCBAFWznpzDkRaedejYZYS9uBb4aREtCgatXypNxLfcMb3hvcjfYdtLBv9TgA5Ulgh5hq6QRw2pJhUAYgtNSJQ7unY9pFixcWuzuWVGsqWVWp5Wpbheecy7kHXULoggMra%2FuDVnmlIrMDCHx8Fq6a3pnLXgfbkztlx8pxpMHD3XD0CDotXIaBQTQay1xwIakxG%2FRedecaQz5kNiXobINoTeQwO8%2Fe%2FXFnZYFzv5u0r6efrfWv5wzUeNOWm%2BR7SDBepcS6yoozhqg6UXKvPd8fEOTlufDDo7iCrAg6dZxVgw%2BMQBtMogbOLDRz7ygQofx90BaSmh1yrzOnzi5YFfAG2xpImsiu01L3j3lWU8490Lc6Q2s9WvkrJAvDRyiBynq1rLKAdo4f4kXtx3L0zv8Y0oZGJZq3LrNPtKU5JjlooARA%2B6LuCaYryvAfzZxv7Pk3S0iz5keneHQ6%2BNmUxj%2FaEWpaaTzG%2BwWtEn8GvOTRiB9kedZnqphK1LSq8Pa5pM5l6hW7Xq2JtG1kQ1aG6Tnwp1YeGycv4jbCBzBZWXFGnQ1ovn2k5PxH%2B7WZrvXaZsNZBxzS7PK%2BMN7zBUWwOPTd1avo%2BR5i4d5pNFiHs3YGnmXJ0yHmJLiU5rgasp68WhIEFTeml%2FzUYddkNqI2JKA3cMJ4CdEOPyBpK2TG8ZG5L5pKH1rohcmC3tHolq2iFJ3TS%2BdFEzy0OP9OcipkVkvqQ49vsynpg%2BBHEDbhmI3zVISF3%2Bw77H6Dkf3cf%2BxkK7dGcB4MvmFnK5sk9Nt1yOh8uutaE%2FxXCWqbDhHXnvzSC9ds%2BRi6h2IJ4T0j87BoolvPjxN%2BkHZ2Wz%2BcZ%2BLIzvD9HtUcBEIhOskNx%2BfCcZ75VBK2aIoY%2BmwVB%2FlJ2x9XcOjk0Oa7syxs66XLOa0IcUoKWkaSPZO2lyAls7zBEF7funa8P9yN1FoMMXWYkwWD8e%2B%2FLL%2F7DTsKqWO5qf%2FwChgAFy6WQ4HgTPre%2BX1BAZRDV7Ihs9ee%2FNIL12z5tUItkdlZF0zOh5%2F8GZnygSQEnPGxoWcv6OzUMs3zxnKwE1CT6dcXwxSAgsJxqvQuPYkcHNgTKQldvu7kLSKGnSBJl6lQlxDYfBoCHaF2MTCSlsmZeJI3qBRevqELpP%2FURblPn%2BgQ0krb7c6TQU1QgI%2BEK05aXxq9nEiJfv5oJwLUGNC1m0BOnx5Pteh%2F5WTYm2DVM8OJXFYR0%2FUdkCzxMoblbjyv%2B5WFAEDIWpD7vM1fi6gPsbbJE4xNB0RIezaHT0iLe929WBUFJ2Ri8f1AhX78BqhFEe%2BxAPT1iBejO8XCmuzUyyZA0cHkHHKvrF1xOHqtnj%2BoqGe6LCQ4shjmYvwkDLJUbE1Zy880BVqqM91aCvfAJH0bPMRGKii26%2FxYs0UPsbQE1bGAu%2Bq9EMwNY1cKew8PY2MwatAHyqR7ZCY3rCJLUronGpafe3nr1lL9Ujm4rDsANT0fvJx%2BrVtlUREPMBuMb2c%2F1ecMdBDsJAaE5TKePhQJapserWWE4%2F6cTNFuDDkFElKNdKKRVDDEjaYJ4%2BzLZ8v%2Bmm8KPjyldTrPHSgfyo4IWzvzsIi8HV0%2Bq9zMJXim1R0AaDrGDdunKqQGa54b88SVTbJBG%2FZR2chwqBZbLnBmpfW8C2C3HMgCpAZrnhvzxJXnT6mDmlQ4iPs4o3aodydilo7xtHBpgkMDQlRWMrK59q23ez70xqaRSvA5IDLVtpScL5IpMpKzgCRNnAzqAIHWCtD1A7f5JmTx89IznkwuQO0%2BtoKsInJWQ19L0l1lm2XNbN7M557DWY7jJthZ4inoXHRNEul1H6E9k7aXICWzvGwyh6sZhx8nWw5C9w1JcNqNf5OXv61WZJGWfWxUuPMzPp0tuRYvWZlaqT22uhWz2NoYoXRswUcwZ%2BXTVM3qrPabiOLsIK9qgCkPBsFqx9Ji6FqzEqYG07GPQ5jwkuwJE5tfZ5KCKb9NkrJmNIqSJb30RqZGHTObuuZHLjWVdLl8vZQeSka7WpxXp070lD3upDQrZ3B%2FkUIyvnDcHyPmaat5tVy4jwrdZ2umZY2cUYJA56GWilQZx5N0hdJx7fDZ69S5Ddebjm3l6r3J6%2FyrmQBLo3O7nBvL1celITH12ptAZqkDmXfotOnqZsYJTYlwJi6RT%2F8praA5SUZKln%2FMRuVXWWL9f7mjtsS6MLZSD2rm948QBpV2Gb7aeXWi9bpTOMqv35RIUSYfP5JTa7CNhQxh9%2FOYXQkc9Bot%2BNEgtf5tLhtXzRcwWHvXgJ3NukVPk6bB8QbXVxx7wprs1MsmQNGEKdEQxbbQlLF%2B%2FZTS%2F%2FQ6L1hmTmRMPnrZDwA4jnh6GMJ6N9dF4B7f2QJ5Sh93zXg%3D&mm_sceneid=1_0_133779090_0&a=xxc%3Dad_ztc%26mi_id%3D0000cnoW9KW1ExrykOpMuBvRRIXgn-HTUDw_4ZXkCgtwQ9M%26skuId%3D6144854794056&id=922705019459
971559024276,POPMART泡泡玛特泡泡萌粒咖啡工厂系列蜡烛香氛盲盒家居摆件礼物,99,¥,,泡泡玛特旗舰店,泡泡玛特旗舰店,回头客20万,3000+人付款,江苏 苏州,"热销爆款, 退货宝, 包邮",出售状态:现货 | 品牌:POP MART/泡泡玛特,https://g-search3.alicdn.com/img/bao/uploaded/i4/i3/2885348004/O1CN01D1Ap2X28ztEUdjA8q_!!4611686018427382436-0-item_pic.jpg,//detail.tmall.com/item.htm?id=971559024276&ns=1&abbucket=10&xxc=taobaoSearch&mi_id=0000uKeUV7u_7I7vikacZyVuiSpfaJHnpR0tEKsB9ca45gw&skuId=5930424233171
987084819701,POPMART泡泡玛特THE MONSTERS 十周年系列手办盲盒LABUBU礼物,59,¥,,泡泡玛特旗舰店,泡泡玛特旗舰店,回头客20万,9000+人付款,江苏 苏州,退货宝,款式类型:隐藏款 | 出售状态:现货 | 品牌:POP MART/泡泡玛特,https://img.alicdn.com/imgextra/jz3_3/2885348004/O1CN01XoSWWt28ztEPBt9Ag_!!2885348004-0-alimamacc.jpg,http://click.simba.taobao.com/cc_im?p=%C3%A4%BA%D0&s=1856817882&k=2265&e=tqfZBCn8mwLfJ2xD5Uix3tpToxXLcvDZe7yjdX4LCBAFWznpzDkRaedejYZYS9uBb4aREtCgatVEzdCMMT5YsRYTbsdFzK29ITUatV5PPcbpg%2FQ2Od2ldgYgtNSJQ7unY9pFixcWuzuWVGsqWVWp5Wpbheecy7kHXULoggMra%2FuDVnmlIrMDCHx8Fq6a3pnLXgfbkztlx8pxpMHD3XD0CDotXIaBQTQay1xwIakxG%2FRedecaQz5kNiXobINoTeQwO8%2Fe%2FXFnZYFzv5u0r6efrfWv5wzUeNOWm%2BR7SDBepcS6yoozhqg6UXKvPd8fEOTlufDDo7iCrAg6dZxVgw%2BMQBtMogbOLDRz7ygQofx90BaSmh1yrzOnzi5YFfAG2xpImsiu01L3j3lWU8490Lc6Q2s9WvkrJAvDRyiBynq1rLKAdo4f4kXtx3L0zv8Y0oZGJZq3LrNPtKU5JjlooARA%2B9kfUgo0BqZWIUtrnrzuG5pXjnyN8mtSojYzNd8R8rtXrEG1t5VhrpX1K1ss6aPVR53j%2BRuGXsZmGmUJ7etVXGUMJNmXUXELaxlXXeFUicwxzDuIW9A1yxfvRL9BXoodDZzubIMP0028EhEx8MlZt%2BrVR766L6WJvAXhVTBYaDLf1sYe9tFa3BwHOSCDbpkKCqeW0zYjNEIAUSziKpbvpGWiXaDOZSZAeWfii9UDNE6XL6yl3gLNWF%2Fq%2FmuXwILqboaq7g3j1RmGq1Dh%2FKA8Wln5cdAqmhKMMtA72CuCw4VNEzVDFcg0bAx90TydpioXtxk3uLwIW6KA%2BNLSTgw99zuXBDrq82eReA6aF1fE3snD9g2rg25BzRwCWJfwPl7F014PzC53%2FrspImxO1e0VRt37ZnDnhOfCKhWc5IjXS6XNiRBfkJ3KmzwlbW96J0eTD1xOiSuPBdvBygy4SpEaqmp0uch8n4C81eVB5pNooDLJBzkgg26ZCgpOclC2ISXF1qnT04z33dQ1toyici117Qt02EgRvXU9pt9PPklq36HSP5TcSZIRvl89iRwc2BMpCV2%2B7uQtIoadIEmXqVCXENh8GgIdoXYxMJKWyZl4kjeoFF6%2BoQuk%2F9RFuU%2Bf6BDSStvtzpNBTVCAj4QrTlpfGr2cSIl%2B%2FmgnAtQY0LWbQE6f46xD04JVXEYGjyJkzecDaBHT9R2QLPEyhuVuPK%2F7lYUAQMhakPu8zV%2BLqA%2BxtskTjE0HREh7NodPSIt73b1YFQUnZGLx%2FUCFOhil8vKjI2C%2BJNb5FaoxINLq%2Fk6JGcFcXl8jB3ZSIoU7qhatP88lebgJSH%2Flh3Qnvxn5gYm%2F6PXpN2ZtPsuUxL7%2FmclahjEnxEYqKLbr%2FFizRQ%2BxtATVsRlXXeFUicwxZppq9InS7HiIKtC0qcP%2Ba%2BxXACrJjBIMlp97eevWUv1SObisOwA1PR%2B8nH6tW2VREQ8wG4xvZz%2FV5wx0EOwkBoTlMp4%2BFAlqTdUk0yogNyQ1YODbJ8ihVw9eEwbv3zjgpb5e1jUIYKWX5aC3L%2BvPFPAz2OithOCsjCdJE1eJ4Nn1Tt0qJ%2BmP%2Bgjd%2BJHknEQhiRBfkJ3KmzzRtWBE4s3cO3CoFlsucGaleWj%2BtzltWL%2BJEF%2BQncqbPKu77Vcdl9vv%2Bzijdqh3J2KWjvG0cGmCQwNCVFYysrn2rbd7PvTGppFK8DkgMtW2lJwvkikykrOAEuJSVYuaM9rkj%2BXJHsbGXPHz0jOeTC5A7T62gqwicla3g9y7mqg9y51WZaIK8rGl0z92I1TP%2FxpcdE0S6XUfoT2TtpcgJbO8xHxarazA7tp%2B469TQchlPo1%2Fk5e%2FrVZkkZZ9bFS48zM%2BnS25Fi9ZmZDLJ%2BVv7YKY2hihdGzBRzBn5dNUzeqs9puI4uwgr2qAKQ8GwWrH0mLoWrMSpgbTsY9DmPCS7AkTm19nkoIpv02SsmY0ipIlvfRGpkYdM5u65kcuNZV0uXy9lB5KRrtanFenTvSUPe6kNCtncH%2BRQjK%2BcNwfI%2BZpq3m1XLiPCt1na6ZljZxRgkDnoZaKVBnHk0see3cZ0Z9h1LkN15uObeXqvcnr%2FKuZAN8uqCswpw6Ospm0WpKRalZmqQOZd%2Bi06RMCJuqby%2Fn8UNgFz73mTTdNIllG5rk74dSrQuxLGEhpygy4SpEaqmqqWKkHAw%2BEtpDPoIyvT1m7fE899HhH98rim5vEIjsO8%2BUFYMfsDDmtF0Gzr8lbOK30qeXNTIU5Zjw1aE0ACig86qJj%2BooQkNLuvF4vEwSp3g%3D%3D&mm_sceneid=1_0_116045295_0&a=xxc%3Dad_ztc%26mi_id%3D0000NOn4BC6Gt2Nw4W786_6maL_L5zj0aDbX4NqtL8BU7-Q%26skuId%3D6021279468592&id=987084819701
921938660337,泡泡玛特拉布布THE MONSTERS 怪味便利店手办盲盒LABUBU礼物,69,¥,,泡泡玛特旗舰店,泡泡玛特旗舰店,回头客20万,6万+人付款,江苏 苏州,退货宝,出售状态:现货 | 品牌:POP MART/泡泡玛特,https://g-search1.alicdn.com/img/bao/uploaded/i4/i4/2885348004/O1CN01YoYEaJ28ztEUOK5Ox_!!4611686018427382436-0-item_pic.jpg,//detail.tmall.com/item.htm?id=921938660337&ns=1&abbucket=10&xxc=taobaoSearch&mi_id=0000LS_7LoKOsFDYnfwb91L0j-srXPFAdsXS3NzghBeKi9Y&skuId=5825950801439
950692504707,POPMART泡泡玛特Baby Molly口袋朋友系列搪胶毛绒挂件盲盒,79,¥,,泡泡玛特旗舰店,泡泡玛特旗舰店,回头客20万,5万+人付款,江苏 苏州,退货宝,出售状态:现货 | 品牌:POP MART/泡泡玛特,https://img.alicdn.com/imgextra/jz3_3/2885348004/O1CN01YCyW9m28ztAPjfgno_!!2885348004-0-alimamacc.jpg,http://click.simba.taobao.com/cc_im?p=%C3%A4%BA%D0&s=1856817882&k=2465&e=Kb3tDHP6NPffJ2xD5Uix3tpToxXLcvDZe7yjdX4LCBAFWznpzDkRaedejYZYS9uBb4aREtCgatVEzdCMMT5YsRYTbsdFzK29vo52mrGjng2UauqHC%2BvtHgYgtNSJQ7unY9pFixcWuzuWVGsqWVWp5Wpbheecy7kHXULoggMra%2FuDVnmlIrMDCHx8Fq6a3pnLXgfbkztlx8pxpMHD3XD0CDotXIaBQTQay1xwIakxG%2FRedecaQz5kNiXobINoTeQwO8%2Fe%2FXFnZYFzv5u0r6efrfWv5wzUeNOWm%2BR7SDBepcS6yoozhqg6UXKvPd8fEOTlufDDo7iCrAg6dZxVgw%2BMQBtMogbOLDRz7ygQofx90BaSmh1yrzOnzi5YFfAG2xpImsiu01L3j3lWU8490Lc6Q2s9WvkrJAvDRyiBynq1rLKAdo4f4kXtx3L0zv8Y0oZGJZq3LrNPtKU5JjlooARA%2B4ZQO%2B%2Fh5liwr4PID%2BSfVqT%2FyUU1AByMufH5dvZGldyy%2BdA5Uyi8ZvkuREVbwCOffd7hbbqfmVBZj%2Fl90%2FtkAnPd3zQOnlEwN3SAlQ58MgxrJwWIe53I%2Fig18d5jvrbeYVP2b3%2B1Mn9VeQSUH0VRmJ4z57fitX1ZZuar5OANgZZhlAvjci28u9MjYnnl0KgEqBLKanjmF1NGAgqoxupVMPi7iPiiyxgCMemiGbDOntCs8tFRnefdtIIQxTErcOg7LZVnLnkdCqJptZ4iR74Logr0VvvlzsIgnX%2FY9d%2BnDLj2Mzzz9RlbNMry73mU%2FUUH3cbK3Te%2FAxznuDJtXhp81i5lnBBEQD1h0fBPTUmD7sqmPvLAeASYyRfmfU4rnamJDb9JfkFWnh6pOTBUkb9Nv%2Bf0jBDf789D%2FpptSaAWceCudY00FagzihC6fcI9qhqHC81L44UK9UN8xLowtlIPaub3jxAGlXYZvtp5daL1ulM4yq%2FflEhRJh8%2FklNrsI2FDJr2W958%2F6T%2FHvdIx8seL1%2Fg%2F%2FYxiQNfCNjliAHcQ3Hn3A8b62nnguz%2FOZHs5xPCt5GL0ecj4H6pPJkrDsxFm8rt5HWm9t8kNPiOFmOdHVet1VncPhtkr%2FmfxWwwla4gh9VaiZb44BWV%2BiS%2ByupCpMKRDRdpn0t51walwKXOB0MEeNtfp8MD6%2BUZnXwl2NJ2MJtzSQxpCIUlaPTPCkZoF6d5XuAjFDvb60%2FjHGCrzQgMbqeYVtK3BhK32E85QFiXLaMHpsgElz7MWuQyGDYodwCkYrpbkin330PxebS%2FMk58gwVh6iFNvIDKyLx%2FK9vGehOwU0MMR0jV1E10fP5Ha%2F4gugq93lgB6CMesOvV0%2FvQ6cRIi6bmqLMr6X1bDKXcKHFD38N7LDKXiDEbzKFrtmazbRYg4Gk1eJlL20Jvq9aKmjKmaAYShLRRZ5MtKrry1mqZ%2FEILfdu0JwAvZymVmn6nc6IG0JkazG77N22tJGfPuYfCILMrde4fooeQGcl33tB1oXSmmECmy5vW5yCUA%2FK7iPiiyxgCMaQzOogPDjg0r9HzCKK%2BSkYueMN3mz55X2ViZJKv5nmi7qUOK8mpcXfrlhY9QP8aPs0h%2FObutRPLq8sO%2BYJcNXseS4Na%2BCZRe27me3iyTcbBkQzhQu5F6bjLSSYjIkaapbT9%2BjuJ50XO6tlMIHdgXHzV%2B0NS%2Feg1QQ123L09hkLwoKl4x6igsE2lnP2E2miaTLpACjIbt3qpDXbcvT2GQvCgqXjHqKCwTYOQFpW2xoHe590z8Js8v5srKZp2OD8q5t%2FEoR40H6XFZDfL%2BIiYLzEbASdiBxItlThth6%2FNnjLbPm%2FI2rj87GHoIlUxp7eEc3cWcqUmGs1kBL5dNHJqzx5iZE4z4oIFEJL%2BiHagQZINtZ%2Fip%2FOIP9QUUs3pe8qABCQ4BsjhQE6YAbCf1HZ73ZDPxtocwQSpmCrP0tuUCwgKi8KBP8VJXcQcdN%2FRgN9TzwxhAoPR%2B2Cdl3y%2B13GeGDUE10jvZ%2F4qzv5W04OdGmg69GHnvUQdhsLIu%2BYsvMmjYMdQ9HQDaeRECDZbeO0d3P7rpqMrW69ZseFp6ttLqrAukb84NT1khz%2BlIOapMdr4792986kWWfNeVu05Hg%2BXaQ5gB7ShwxqDg3ZI4Aupkor%2F4aMm4ytS%2FsJ5tVy4jwrdZ2umZY2cUYJA56GWilQZx5NB%2FlqLKrcY7NS5Ddebjm3l6r3J6%2FyrmQCHwnAyfevPhR7R2rOn8SD8ZqkDmXfotOnqZsYJTYlwJi6RT%2F8praA5JW1veidHkw8hRPoIx11qAQiW6fSh9sCeHGEwDg3EBct062LyneDISgpGIDMoJSYuF08%2BxcWS6%2FZs5EqMv4br%2BUMWxtUCVfpSpdxFxMeuq3SfWQXQYFlYVe3v7HsirOvcmPcYZEXSNS2%2BEqh8wxhfV3dyhpJbd0M9TBHoaAYtxXUwgSSYgJYfHe7g5T6zpWji&mm_sceneid=1_0_116045295_0&a=xxc%3Dad_ztc%26mi_id%3D00001EtsNFtZceS_lw8b9XKKHtVLFu4y6PuFg9iIJ5qi7E8%26skuId%3D6080678707013&id=950692504707
957123963856,正版魔女Ninita魔镜乐园系列盲盒初代摆件玩具公仔手办周边礼物女,55,¥,券后价,郑慧中123,MIDI迷底杂物社,,2000+人付款,广东 广州," 3期, 店铺满11减10",出售状态:现货 | 系列类型:联名系列,https://g-search1.alicdn.com/img/bao/uploaded/i4/i3/2075261179/O1CN01emO06Z1Ka22UIQzbD_!!2075261179.png,//item.taobao.com/item.htm?id=957123963856&ns=1&abbucket=10&xxc=taobaoSearch&mi_id=000070CyBPMTD2X9MeojqXBvWnK6C3zm8KXQgAvLa9ws7Ts&skuId=5885076116736
743848939152,MINISO名创优品三丽鸥魔法物语系列盲盒摆件单盒潮玩摆件可爱童趣,39,¥,,miniso名创优品旗舰店,miniso名创优品旗舰店,回头客200万,9000+人付款,湖北 鄂州,"退货宝, 包邮",次元优选:IP联名 | 款式类型:隐藏款 | 出售状态:现货 | 品牌:MINISO/名创优品,http://g.search3.alicdn.com/img/i3/127238467/O1CN01r4jF9M2CPwNxYYHOR_!!0-saturn_solar.jpg,http://click.simba.taobao.com/cc_im?p=%C3%A4%BA%D0&s=1856817882&k=2201&e=AkERmat3iQnfJ2xD5Uix3tpToxXLcvDZe7yjdX4LCBAFWznpzDkRaedejYZYS9uBb4aREtCgatVg07woKaAgcYzKrSOei%2BDxLlA1x7TWEa17mvu6mq2uQAYgtNSJQ7unY9pFixcWuzuWVGsqWVWp5Wpbheecy7kHXULoggMra%2FuDVnmlIrMDCHx8Fq6a3pnLXgfbkztlx8pxpMHD3XD0CDotXIaBQTQay1xwIakxG%2FRedecaQz5kNiXobINoTeQwO8%2Fe%2FXFnZYFzv5u0r6efrfWv5wzUeNOWm%2BR7SDBepcS6yoozhqg6UXKvPd8fEOTlufDDo7iCrAg6dZxVgw%2BMQBtMogbOLDRz7ygQofx90BaSmh1yrzOnzi5YFfAG2xpImsiu01L3j3lWU8490Lc6Q2s9WvkrJAvDRyiBynq1rLKAdo4f4kXtx3L0zv8Y0oZGJZq3LrNPtKU5JjlooARA%2B20Kr3UtKMCXTzkftp3KkHBzk%2FJUMb8Bzv2SAagUNZnWS7e6m88I5hcGvOTRiB9kedZnqphK1LSq8Pa5pM5l6hWKrRkoELhrLQpPmjVSGWn1H0u8vqEyc8OL6kZBh4o11HRiDVKhWGPsQqKxpy3Gel19fo1wHfJCVFLIURAL9kXOIS9eqoBp3Gs4Q7IWpYlIwFV3IE8K8In4H0u8vqEyc8MvE6JmCWWihzD%2F3onX%2BIvUol2gzmUmQHln4ovVAzROly%2Bspd4CzVhf6v5rl8CC6m6Gqu4N49UZhqtQ4fygPFpZIk0E%2B6nbRvS0xZMtsrE16yfwHWmn7cog91pkpaxadFiYjtyMlkFc9EDGVHEHZI5i2p%2Buo09CfKJeo7OWvGg5YGapA5l36LTp9gZpM7%2FQBCoukU%2F%2FKa2gOWJbFeHHuGdoTmcxQ5RpPehrJeEMhs8P388stI1muak0HqpFFyHtswKi%2FN0TOMoljLatbp9Z%2BUlFesvrkRfNwHFhSzH5DvPuFJXdv39R5i5eY1VYBNRSgfiZ8LzU%2FK57ugZQMF2gj0DBjTb40ntcv%2BTvMmzTEAvK4v2C0Qlp0aW2oixmAKoVCrpDIL2X0OeAhjxk3X3TPsz3x5GP0%2BpcxWS6VNnl0L8OWVcK5cw80oNXwT%2B7e7v%2B%2Fk5KOSyqi0atQfJoL00QzzSMYVCLMRgV7wvhRrzTuBRQxlnZTXHDmqui1kiKeV2vjJLAfWdAl6gHP1k7Wv5Wlu5g3ms3xcnYzjLga%2FnltZRkE4Xos4n4A2iodOQg2H5cmau0qGq1KQbPAEC%2FBP60%2BKETuN8rJkxC1T1Dnz3ePb%2FoiQjWntcGwH7AcWU077CE0rFAyDwDe%2B5H6K4xzqNUYqvggu1ATi%2F%2FlaBA2Gplzeo%2FFE7ZjesG9bNq%2FD%2BvDOku5uoTTKlT0BYOJX7iWTiCDU9HDvyn%2Fv2mXstuUuH1rJnbYuqiY%2FqKEJDS9%2FaOPwwWslbuCH55aBd%2Fc6PvmQgsnqGBCsUOlyQndrhrJeEMhs8P34%2BojNdLIJ8pt9I9pEwOmIUyakoD%2BiRCfWsl4QyGzw%2FfCUgTEMoCda9gwbJdhaKY5fn8t0ugatG6unVC4JrMHw1GzoXiD1Ib9PcndT2j2oAOrbd7PvTGppFK8DkgMtW2lJwvkikykrOAQivdlbOZO44F%2Bw2TJ4sD2%2FHz0jOeTC5A7T62gqwiclbjkiezuj6vko8n5EFCEMfuU%2BNLBnmEC6NcdE0S6XUfoT2TtpcgJbO8hb98FyWYsOAgCmEeU%2BeVuI1%2Fk5e%2FrVZkkZZ9bFS48zM%2BnS25Fi9ZmXt8j%2F%2FM1bzV2hihdGzBRzBn5dNUzeqs9puI4uwgr2qAKQ8GwWrH0mLoWrMSpgbTsY9DmPCS7AkTm19nkoIpv02SsmY0ipIlvfRGpkYdM5u65kcuNZV0uXy9lB5KRrtanFenTvSUPe6kNCtncH%2BRQjK%2BcNwfI%2BZpq3m1XLiPCt1na6ZljZxRgkDzrMOqAWob0Oces13cGhvF1LkN15uObeXqvcnr%2FKuZANqfrqNPQnyiXqOzlrxoOWBmqQOZd%2Bi06fYGaTO%2F0AQqLpFP%2FymtoDliWxXhx7hnaIz0DYGoRTAe5ItaQa%2FUVL4iTQT7qdtG9BfmrWU6ZzCBV5xkLUwzTtVzDKHIan5%2Bzor9yVZnoYzq%2BR2u0Ac8%2Bpk%2FrTR0vCIaCURRQxDWGYXcmtpTZVgBx4X2OoNlpSYPJg%3D%3D&mm_sceneid=1_0_127238467_0&a=xxc%3Dad_ztc%26mi_id%3D0000ciZWTC9iTp2jI3y27Q2EKYs0jV_kRsodtEh_RPNFdY0&id=743848939152
962709060660,正版现货艾尔登法环系列盲盒蛋手办FireLink老头游戏周边摆件一弹,81,¥,券后价,淼淼的姑姑,大蓝鲸动漫潮玩,7年老店,1000+人付款,江苏 南京,"店铺满21减10, 退货宝, 48小时内发, 包邮",出售状态:现货 | 款式特点:静态,https://g-search3.alicdn.com/img/bao/uploaded/i4/i2/640672037/O1CN014JyE3y1Quzoc0tuh3_!!640672037.jpg,//item.taobao.com/item.htm?id=962709060660&ns=1&abbucket=10&xxc=taobaoSearch&mi_id=0000dHOWhhx7D30UBxBiXVd5qhWpK2T1Z5R2mbF4RFyu2lQ&skuId=5771937415174
941143691332,官方正品ZIYULI又梨耀骑宴礼六代盲盒五代手办摆件模玩礼潮玩公仔,59,¥,券后价,tb068540_2013,Super Toys超玩商城,回头客3万,1000+人付款,广东 广州,"店铺满15减10, 48小时内发",,https://g-search3.alicdn.com/img/bao/uploaded/i4/i1/1598373758/O1CN01yIKpSL1ddDU1CA0c7_!!1598373758.jpg,//item.taobao.com/item.htm?id=941143691332&ns=1&abbucket=10&xxc=taobaoSearch&mi_id=000002T2lj-DZHNxW09YG1ZoQmLajKw_yypNa_On1TPKi70&skuId=6007270274701
1011501843092,正版三小毛mini小动物挂件盲盒眼睛可转动少女学生日可爱公仔礼物,23.9,¥,券后价,tb251847528539,KOSMO潮玩,,23人付款,上海,"官方立减16元, 24小时内发, 包邮",款式类型:隐藏款 | 出售状态:现货,https://gw.alicdn.com/imgextra/O1CN01qY5ebp1kc1oXplAY0_!!2219612494703.jpg,http://click.simba.taobao.com/cc_im?p=%C3%A4%BA%D0&s=1856817882&k=2393&e=h2yn9aNaVnnfJ2xD5Uix3tpToxXLcvDZe7yjdX4LCBAFWznpzDkRaedejYZYS9uBb4aREtCgatUQLBrvvTHg8zMyAyAH4kafzJdrehH5iwbpg%2FQ2Od2ldgYgtNSJQ7unY9pFixcWuzuWVGsqWVWp5Wpbheecy7kHXULoggMra%2FuDVnmlIrMDCHx8Fq6a3pnLXgfbkztlx8pxpMHD3XD0CDotXIaBQTQay1xwIakxG%2FRedecaQz5kNiXobINoTeQwO8%2Fe%2FXFnZYFzv5u0r6efrfWv5wzUeNOWm%2BR7SDBepcS6yoozhqg6UXKvPd8fEOTlufDDo7iCrAg6dZxVgw%2BMQBtMogbOLDRz7ygQofx90BaSmh1yrzOnzi5YFfAG2xpImsiu01L3j3lWU8490Lc6Q2s9WvkrJAvDRyiBynq1rLKAdo4f4kXtx3L0zv8Y0oZGJZq3LrNPtKU5JjlooARA%2B9kfUgo0BqZWIUtrnrzuG5pXjnyN8mtSojYzNd8R8rtXrEG1t5VhrpVESnCEJFj9V%2BDRTHEkV2fMt7iBIgZx4FrVbpkGHc3oTfEG0L3iJm2JB4O3jEVEK0z5LfacGRxn3RXfYIghSsEirNIIJwn6lLd5utcVgMqup2SJTMAC33FjR1jW7Yj4zF9tVgFpPMTdgfMrodhVaeAp6h1W6PaOA2tKYOqHqGS4cF1b9FKOxlkJbdNt%2BE3bQU%2F6Oo5%2FA0Suyoaq7g3j1RmGq1Dh%2FKA8Wlmkuha%2BLnIKj1MXX2t%2FgZcb4gzd%2F%2FNPvOCJq3z3iSqbQg3nKzV6Mu4%2FRlRqYxRK1t6HJ7i%2BNFUCNuOtbZjLlod1GLqHYgnhPSPzsGiiW8%2BPE36QdnZbP5xnPX9kp%2B%2BmoMWXDV%2Fcq%2FjtP40dW77FxiEmgBGJ1TlduqPCacYxRdwUIQjVHZCnpfCmOYOE2CNuHJgU6Nd%2F7fcS%2FMGBPCrdiRN12FhPwiSjMS3Y5YgB3ENx5wZSN69uU9yUXrAhuA11x%2FuRi9HnI%2BB%2BqeZczyNySVbaLjb25JuEh74E9KI4biOfidVZ3D4bZK%2F5n8VsMJWuIIfVWomW%2BOAVlfokvsrqQqTCkQ0XaZ9LedcGpcClzgdDBHjbX6fDA%2BvlGZ18JdjSdjCbc0kMaQiFJWj0zwpGaBeneV7gIxQ72%2BtP4xxgq80IDG6nmFbStwYSt9hPOUBYly2jB6bIBJc%2BzNC5TOYHzKACw9hU%2FEhWNM9R7ghS3RzfLoMFYeohTbyAysi8fyvbxnoTsFNDDEdI1dRNdHz%2BR2v%2BILoKvd5YAehwqBZbLnBmpZWqk%2BJrVDyBebrXFYDKrqdkiUzAAt9xY0dY1u2I%2BMxfbVYBaTzE3YHzK6HYVWngKeodVuj2jgNrAoV8NLTvI0cKnFr3MQk6HW77N22tJGfPuYfCILMrde6pa5fxWjnzs2Ngrv36zr1Ky5vW5yCUA%2FI3s5KOp%2FP4pdjc5%2BIloT4pr9HzCKK%2BSkYueMN3mz55X2ViZJKv5nmi7qUOK8mpcXfrlhY9QP8aPs0h%2FObutRPLZfJ61BJTLeVs8b3BjSdzkA672U%2BGd95r38%2FCHUi%2Bgo%2FVc%2BUUuF4eVMV%2FGchm1Ejif%2BFD%2By56l0LV%2B0NS%2Feg1Qcm9fWb2zGL5gwUgyuYlzTEUp5kUC11syg5ElkLuhtpPmo78AuxlU4v0RO2VZQVgYwejUFJs9VTPxRnyiw8c8J7k2JM280w%2FPcDBI%2BFJl5bgFqG9zkDc17VTzsHLo7VUBo1age6bxw9NzfariwRsfdC9GbWWGmi%2Ft7LOZhQz36uRsJ2noAOr5Jvrr5ZH4x0P4JczjWk3TonDwpyUqEiMyUeQ9bkEpmz3A7uzLGzrpcs5vPLGzyjAQWvGyD%2FDjUaXYy8Lwz7aJe71Ks%2FS25QLCAqLwoE%2FxUldxJ44L2WdWsR4DGECg9H7YJ2XfL7XcZ4YNQTXSO9n%2FirO%2FlbTg50aaDr0Yee9RB2Gwsi75iy8yaNgx1D0dANp5EQINlt47R3c%2Fuumoytbr1mx4Wnq20uqsC6Rvzg1PWSHP6Ug5qkx2vjv3b3zqRZZ815W7TkeD5dpDrvkEf9g4RGult5OFr8%2BKHXeqgpYAg5N%2FsbdT%2B2%2BTepD1ahZ6bqWXqRlYdv9%2BXFkm9KZrC55OS6gbVYBaTzE3YER4gv9wO68cIb%2FfYMusz9t2zW9tugAR1HSKPX%2FsnliqRzKV1N2xFIBdedecWEWGnpzzsLdoY6NYtXgKiZmuREbkkZbmS08s%2Bf%2BdvCG1rrrbz3CxojCGL5SqPtxCTH4lUFFSnbEcwQdy4MFIMrmJc0xkW7rWPPD%2FTSzJuE7U%2BhsXgzhLboYz2PCPcTTD3cARoYHSfB80cFzb4zdoUAsoeC2Ujm4rDsANT1ki%2BSa3lIaaA%3D%3D&mm_sceneid=1_0_9787276849_0&a=xxc%3Dad_ztc%26mi_id%3D00006cfUkArPbiV4qwg4YCxrtlNDd3Kwb_CnPD7P014gBd8%26skuId%3D6180214098454&id=1011501843092
971414134974,【现货速发】Suplay原神愚人众执行官系列Q版盲盒盒蛋官方正品,59,¥,,suplay旗舰店,suplay旗舰店,5年老店,3000+人付款,广东 惠州," 3期, 退货宝, 包邮",出售状态:现货 | 品牌:Suplay/超级玩咖,https://g-search3.alicdn.com/img/bao/uploaded/i4/i1/2210082377365/O1CN019KDEVO24HE8lNY799_!!4611686018427383445-0-item_pic.jpg,//detail.tmall.com/item.htm?id=971414134974&ns=1&abbucket=10&xxc=taobaoSearch&mi_id=0000ERpDmtHzgCgaOPqmaPafSUdeGd0zh8HRy9WSJzzmtDU&skuId=6092551446201
,,,,,,,,,,,,,
,,,,,,,,,,,,,
1004594917349,【UTN】宝可梦悠享吧伊布三代系列盲盒动漫公仔桌面装饰摆件礼物,84.7,¥,券后价,utn旗舰店,UTN旗舰店,,200+人付款,广东 广州,"官方立减15%, 包邮",单款概率:1/9 | 款式类型:端盒 | 出售状态:现货 | 系列类型:联名系列 | 品牌:utn | 选购热点:淘公仔,https://gw.alicdn.com/imgextra/O1CN012TTnHI1TvrUoopBc0_!!2217023652445-0-picasso.jpg,//detail.tmall.com/item.htm?id=1004594917349&ns=1&abbucket=10&xxc=taobaoSearch&mi_id=0000YUKiKeW2V00qoVGNLKfgCusdkAikkyCWG329tkC8cvE&skuId=6185072431476
923929444884,【特价处理】初音火影原神清仓手办二次元动漫模型摆件礼物等盲盒,12.68,¥,券后价,社会你炜哥恩,潮玩具小店,,1000+人付款,广东 广州,"官方立减12%, 淘金币已抵0.34元, 包邮",ACG角色名:初音未来 | 出售状态:现货 | 材质: PVC | 适用年龄:14周岁以上 | 适用年龄（新版）:14岁及以上 | 比例:1/9 | 款式:静态,https://g-search3.alicdn.com/img/bao/uploaded/i4/i3/2987914772/O1CN01wQyee21l7d7acaLsn_!!2987914772.jpg,//item.taobao.com/item.htm?id=923929444884&ns=1&abbucket=10&xxc=taobaoSearch&mi_id=000044TR2fiCAOEtb-dyTljue2ctoZSDwAE9C9mvbf78y6Q&skuId=6110410374944
745205516644,手办定制盲盒公仔PVC卡通摆件钥匙扣企业吉祥物树脂玩偶玩具定做,10,¥,,tb4914932656,深源礼品定制,,36人付款,广东 东莞,公益宝贝,,http://g.search.alicdn.com/img/i4/5157336262/O1CN01QAWLg41w83B1HMuYa_!!4611686018427385030-2-saturn_solar.png,http://click.simba.taobao.com/cc_im?p=%C3%A4%BA%D0&s=1856817882&k=2189&e=znX8W9%2FAMn%2FfJ2xD5Uix3tpToxXLcvDZe7yjdX4LCBAFWznpzDkRaedejYZYS9uBb4aREtCgatUcFsFTFsYoh8dts1khLkCYTJ8g0cNKce%2BUauqHC%2BvtHgYgtNSJQ7unY9pFixcWuzuWVGsqWVWp5Wpbheecy7kHXULoggMra%2FuDVnmlIrMDCHx8Fq6a3pnLXgfbkztlx8pxpMHD3XD0CDotXIaBQTQay1xwIakxG%2FRedecaQz5kNiXobINoTeQwO8%2Fe%2FXFnZYFzv5u0r6efrfWv5wzUeNOWm%2BR7SDBepcS6yoozhqg6UXKvPd8fEOTlufDDo7iCrAg6dZxVgw%2BMQBtMogbOLDRz7ygQofx90BaSmh1yrzOnzi5YFfAG2xpImsiu01L3j3lWU8490Lc6Q2s9WvkrJAvDRyiBynq1rLKAdo4f4kXtx3L0zv8Y0oZGJZq3LrNPtKU5JjlooARA%2B8g0qmzUHvWycc67CQJXTOEfFd3st9LKBUSyezuUGxUSmlAMlEwr32fvai1Iik3Xmflecq5HvwDNJ4yfHFr4oVayZc5%2BecEN7eiBbCXFiJ7HNcKLRB9fwaX9ny6dWyTbpDDsXN6fbpFA50UyOs0pIn6ddwWGLj%2FT284DDBKi7bilGjDRq04xNsswomsbUjKhGwUChRZak0eGQhcPN8ESDKuiXaDOZSZAeWG7S8zfwf%2FzWRtVZVtefG%2Bw71TXNVW60TaW2Fd6cRmyEF12tbLeIF6MbLQaP%2F2LHUhRzqc8jarKv33p3LyGbbot%2FNq8QXoCgQ47JCMK6aGgrGSgaDeQofEPhgIks1LZsf%2B35L6WQ6zHDjskIwrpoaCmsCjPhYMbzT4z1XqS68XAW2QumlD%2BOYOjxftbIJbiofYNq4NuQc0cGLqHYgnhPSM1%2B3cswi%2FY%2BM3MmLt3omGHNqVIgmV%2BukeDy3y2YN4g9uSqmx4hMbAY1J8J9gAGN6iNbUrrpSlGb%2BHdWmW%2Boyh6YbhlW7yA5uYhPNifI9XHqsMWfYj20Of8XQbEho%2FGJtEQ3qstkNraOvMKvG2ZVfbGDFRI0rqzCK4S3O4pY3E6ywFKwlrij7segh8WUd9yOUexX5wpp8%2BRwTpEhZmMIGpsr5NWGBPxw4DF%2FIGYlovCI3H5xOl%2BKjdHav9f785cRLCmG9jQap0UFSdcfGgWp%2BCIUpJfbGOtdzNopbbBsERs85UbGKlBxRsJLC2j4vmuw6kM2gvSoh9Iqsdauw%2BanUwtW4cy1W%2FV7IXOAwwSou24pRow0atOMTbLMKJrG1IyoRsFAoUWWpNHhk2Ro3S2NV1k1fR9CIFw3AzaS1ZBV4RfQ%2BNemqvSBsR8obCkAGnxBBM%2FgD0ts2wiEjBplG4OgtpPS6x%2Bm3qeqPECMh08hmY4lpKQ5f13Jg6kUc2cDThDJwzOvOKY1Pk1U0RRQxDWGYXcmtpTZVgBx4Vu7BI3fRGO2vbDeUmDhXUSvYW0mvJalvWDn5Oi%2FBvaf7S1WH2NB4saFKeZFAtdbMoORJZC7obaT7Q2jGi3SwdUtLVYfY0HixrI6OZ64uW2xyea%2BchzCE%2B7DIDNVc4W3pr04Oqyi031ffxKJT95yjPpy3VfA%2FlqMiKiOlceyNgF0w1KgONwhfbegCvpiwDi7oPVTzjX2YdkUFLY%2B%2FpR53OwYq7NzFbp2g3UjV7aF0Y6Lkexh5IgcErZmjNPa3cRacuGbWw9N4DQceR9BGH92FXvGuqq%2FH1dNpAuzSXVyUjkaC48jR6IcWdmh8pWjN7ukKFxZjum3w9YW5d8vtdxnhg1BNdI72f%2BKs5n5dNUzeqs9vRh571EHYbCyLvmLLzJo2DHUPR0A2nkRAg2W3jtHdz%2B66ajK1uvWbHhaerbS6qwLpG%2FODU9ZIc%2FpSDmqTHa%2BO%2FdvfOpFlnzXlbtOR4Pl2kOv33p3LyGbbpSa0Zd97JUDQ47JCMK6aGgJHRhK2IrLaQm%2FyUWN%2FrT16lxkEz%2BlJAGu%2Bmbg5KQ0drgx8pE9%2FFk5eLnnIwhGXDMXEHuq43QR8L0fBCJ8HKJn84nq%2FYDAFJB9IwQ3%2B%2FPQ%2F7utGDMQN%2BWmTiUr6D6qDWX7hQrpmu%2FwF65ZqFJOvDAfOSqmx4hMbAYMg9%2FkGeu6C691%2Fex3u0OunIjJsebDUo8HdvvgYIWMxqv0fMIor5KRi54w3ebPnlf5980zRoDR7k%3D&mm_sceneid=6_0_5157336262_0&a=xxc%3Dad_ztc%26mi_id%3D0000UzdYDgl-VUwE4D3FPtkMc1Oq-78yspqgjeO34PbmEPI%26skuId%3D5789979483490&id=745205516644
964038706266,爆款初音未来手办盲盒随机发特价处理二次元动漫潮玩摆件生日礼物,68,¥,券后价,tb735404206529,tbtbDnmgHA0的小店,,300+人付款,广东 汕头,"官方立减13.16元, 淘金币已抵2.04元, 退货宝, 包邮",品牌:taito | 系列:初音未来,https://g-search3.alicdn.com/img/bao/uploaded/i4/i2/2217650406224/O1CN01LGfJow1vqeBgmowKK_!!2217650406224.png,//item.taobao.com/item.htm?id=964038706266&ns=1&abbucket=10&xxc=taobaoSearch&mi_id=0000PIZnCHmU4_7Bpk6b-5SEWrSdExmn1vctsBF9_vZ6tcQ&skuId=6045195399658
1007815174960,【官方旗舰店】SUNRISEPOP胆大党周边高速婆婆达摩手办招财盲盒,59,¥,,sunrisepop旗舰店,SUNRISEPOP旗舰店,,1000+人看过,广东 广州,"店铺满199减10, 退货宝, 包邮",款式类型:隐藏款 | 出售状态:现货 | 品牌:SUNRISEPOP | 款类型:隐藏款,https://g-search3.alicdn.com/img/bao/uploaded/i4/i1/2215603771839/O1CN01u5GcUc1PSJTuRlYSJ_!!4611686018427386303-0-item_pic.jpg,//detail.tmall.com/item.htm?id=1007815174960&ns=1&abbucket=10&xxc=taobaoSearch&mi_id=0000R56l2wZhi7GseWTzWhH_knkXxrCvMD12rW9KWFZYA04&skuId=6012233144195
961589922642,幸运占库洛米盲盒手办潮玩公仔玩偶周边可爱桌面摆件女孩生日礼物,13.63,¥,券后价,tb048718131,大熊潮玩时代,,1000+人付款,浙江 金华,"官方立减12%, 退货宝, 包邮",出售状态:现货 | 系列类型:联名系列,https://g-search3.alicdn.com/img/bao/uploaded/i4/i2/3922602480/O1CN01zAMoQn1UBtKrL8i4d_!!3922602480.jpg,//item.taobao.com/item.htm?id=961589922642&ns=1&abbucket=10&xxc=taobaoSearch&mi_id=0000rCjK0qu9gZXAE6Py0e_J0eRVqw02eFgi-skDUheffHk&skuId=5939864628776
942673268919,官方正品ZIYULI又梨六代耀骑宴礼系列手办摆件模玩礼潮玩盲盒公仔,69.41,¥,券后价,tb086198083,潮玩集合社,回头客4万,300+人付款,广东 广州,"店铺满11减10, 48小时内发, 包邮",,https://gw.alicdn.com/imgextra/O1CN01hSm5Pl1qROJYf6yEn_!!2224965492-0-picasso.jpg,//item.taobao.com/item.htm?id=942673268919&ns=1&abbucket=10&xxc=taobaoSearch&mi_id=0000mMeBmMwWLTVfHi2WTk54NhDtM0RYme5zlwihn5dIOMQ&skuId=5842087277499
750727692205,pvc盲盒公仔手办定制树脂摆件钥匙扣挂件订制潮卡通玩具来图定做,10,¥,,tb414848063066,致汇玩具定制,,82人付款,广东 东莞,公益宝贝,出售状态:定制 | 款式特点:静态 | 商品状态:预售,http://g.search1.alicdn.com/img/i1/5284505594/O1CN01AFYyW21rC6akp2j9Y_!!2-saturn_solar.png,http://click.simba.taobao.com/cc_im?p=%C3%A4%BA%D0&s=1856817882&k=2177&e=zsn0hKlcyaLfJ2xD5Uix3tpToxXLcvDZe7yjdX4LCBAFWznpzDkRaedejYZYS9uBb4aREtCgatVhNuEAPhVRuaCSPJXtKuVYO%2BGnlkXLN0Ppg%2FQ2Od2ldgYgtNSJQ7unY9pFixcWuzuWVGsqWVWp5Wpbheecy7kHXULoggMra%2FuDVnmlIrMDCHx8Fq6a3pnLXgfbkztlx8pxpMHD3XD0CDotXIaBQTQay1xwIakxG%2FRedecaQz5kNiXobINoTeQwO8%2Fe%2FXFnZYFzv5u0r6efrfWv5wzUeNOWm%2BR7SDBepcS6yoozhqg6UXKvPd8fEOTlufDDo7iCrAg6dZxVgw%2BMQBtMogbOLDRz7ygQofx90BaSmh1yrzOnzi5YFfAG2xpImsiu01L3j3lWU8490Lc6Q2s9WvkrJAvDRyiBynq1rLKAdo4f4kXtx3L0zv8Y0oZGJZq3LrNPtKU5JjlooARA%2B9kfUgo0BqZWIUtrnrzuG5pXjnyN8mtSojYzNd8R8rtXrEG1t5VhrpVk4oOIzKOXsLB2wAvkPajBW%2FaFOtvoiYM8gtFFBNw4DUj41rsJiW6q5KsAUVdlnBASY9makhDiI2YZe2yrYLXY86DgJUp0oILI8gch2L9TY3ajMkUqWvsOsM%2BlhorJ9unFUFSFP12jQxc0TguTz%2FL3xf6KsuvXW7Ucdx83KL1oiwrjH0Xveg51743v4TIGvsQt6sFHxdN6ifE8aO6zBT326GgCXlO8ASe2vSgDvwSXxsWJeBgaFa9ma24Ooe6gWifmtgU0oImw4xCse0t7GP9%2BNNWY7kWquNbTyGMTrYivNOa2BTSgibDj3BOocDzd5K8XHyadhfHIGDQ8WEwy1nbpdVzK9XzWUW8YuodiCeE9I2apA5l36LTpLl2y1wo8tQdP3W7mOjSYSgyvxoQwtUvkc%2F9543T3dzzZECLWOQYJizTDA9Dn273A6NmxVxDLMLHAIFiMmkF2G4YBpBhJ3JDcugWMlZA%2BhlG2w1QSx0tfewKqBRncE8NgQliPbTUcKneAldKTd4Wuuuq68PVbtsb5w1sezvlyajXEAq9L03t0YmbgCyoEcVnBWCPf8D78Xd8BloHxXftngniub6WcvGVU1bYnGC4osc9sRCc6Ej96L5mrM7xSyzItGvq%2BLD1S7bQueBL67dInHkd7%2Fo3LM8IYhuVuPK%2F7lYU%2Fh2IV3a%2F4dRlIpkSabY0B%2FlPKFZRlneYFJ2Ri8f1AhdKkNwQpDDdnyPIHIdi%2FU2N2ozJFKlr7DrDPpYaKyfbpxVBUhT9do0MXNE4Lk8%2Fy97seOxTHN1Qxjdv3r%2B19KjlHv2raHbTJNFUoVVCfLv0V5CzFgZ2LVGxu%2BzdtrSRnz7mHwiCzK3Xu2czOzuyIp7qlbf1iP3cE2QBZTRrZyFZuTUi%2FJLhQgigynSDZr5MdCsJ6N9dF4B7fMEe8Ns%2F%2B33RuzIazDb%2BO6Xr05oqMvbugCRBh0%2FPaFx%2Bpxv3aLjbTQgXu6FUjk2pzcKgWWy5wZqWGG7qfVp9on6nG%2FdouNtNCOBnsLIr3PZ%2F7OKN2qHcnYpaO8bRwaYJDA0JUVjKyufatt3s%2B9MamkUrwOSAy1baUnC%2BSKTKSs4D58U31MPXQrX5ineEWnptZSxuTs0Jl9DORln1sVLjzMwCt%2FAXWQvTGO0%2BJ1vtvBT9OBio5QiiePqFxEAJnT13TmPMjPNd64bLXHqWddXCo5zDES62a%2F9%2FPd3fInHDP7naf2y7qtZcgDAFdpVoqNJFZ06A1fON4bxiKZ4DmgNcGYZdtvEC3u3ljhu6w%2FU8beuf%2FparcKQ40AtOPbVCRPpFt5ILhsyo55JXhaYXtvzOqOUDtpdQTSenHRZWPmCHyXXUPhnupmP8g%2ByKXfvt%2BQVWlYlm13%2F42nE3J%2BxkJ6yPSLAAdAC5030p5VYddUJwrCn3mtgU0oImw48%2FvXqTZAZS6mw4ywlL9ylC52VhRNTyS3ppBXzjRGZuMtcnHlQx02%2BiydsSA24O1wI%2FLY%2BROBkdpLIW3GFId2N5zoRFA%2FF5OPPYNq4NuQc0cBbhKKsyns41GAQ3nU%2FD4Hp8ozA0ygg516vUaxZi6E8vZECLWOQYJi9bgO00%2Blc6A9ukwMK5165SY2%2BcCPwA1%2Bf6yu%2Fdf1ibLzKPMqL4KJTl%2BptEtkgwM1LIAw7XpwotP&mm_sceneid=6_0_5284505594_0&a=xxc%3Dad_ztc%26mi_id%3D0000ENidByfrdQOyTkWpxQM4TbhXW_WUd4mGopfCun0Lgi8%26skuId%3D5595617452318&id=750727692205
964652850850,水豚噜噜玩偶盲盒可爱手办公仔周边桌面摆件搞怪动漫儿童生日礼物,11.6,¥,券后价,tb319621834,首次开店,,4000+人付款,浙江 金华,"官方立减12%, 包邮",主体材质:卡通 | 表面工艺:铸造,https://g-search3.alicdn.com/img/bao/uploaded/i4/i4/2200550350831/O1CN01Hu2DsV1I0eCa72LzL_!!2200550350831.jpg,//item.taobao.com/item.htm?id=964652850850&ns=1&abbucket=10&xxc=taobaoSearch&mi_id=0000dB20ROtdQP5gyIca_tbg6UXGJMtHK7ru-NbRVnAbQbg&skuId=6027989666522
990100439821,DODOSUGAR 玲珑夏意Shyi长恨歌文化惊喜盒潮玩盲盒礼物桌面摆件女,69,¥,券后价,dodosugar潮玩旗舰店,DODOSUGAR潮玩旗舰店,回头客2万,400+人付款,浙江 丽水,"官方立减12%,  3期, 退货宝, 包邮",款式类型:隐藏款 | 出售状态:现货 | 系列类型:联名系列 | 品牌:DODO SUGAR,https://gw.alicdn.com/imgextra/O1CN01ZuS1oo2A4l3dwdUgC_!!2217183168150-0-picasso.jpg,//detail.tmall.com/item.htm?id=990100439821&ns=1&abbucket=10&xxc=taobaoSearch&mi_id=00007FKFA7wrcV89399esr13M9CEJf1jbAwOHBdmr6Mow4k&skuId=5961890849131
861585042154,POPMART泡泡玛特DIMOO如果今天星期八系列手办一盏风月盲盒礼物,56,¥,券后价,tb160998713,SP正版盲盒店,回头客10万,3000+人付款,浙江 台州,"店铺满39减5, 48小时内发, 包邮, 酷动城",款式类型:隐藏款 | 出售状态:全款预售 | 品牌:POP MART/泡泡玛特,https://g-search3.alicdn.com/img/bao/uploaded/i4/i1/2208399554429/O1CN01d5hFzM1iaXGW0o5Y2_!!2208399554429.png,//item.taobao.com/item.htm?id=861585042154&ns=1&abbucket=10&xxc=taobaoSearch&mi_id=0000QAZxxgid4w9mhPsm8iYeHGEBaqi7AYcEWLUjRqH0GIU&skuId=6127492862684
959879535135,另物赏甄嬛传盲盒热销中,79,¥,,另物赏旗舰店,另物赏旗舰店,回头客1万,12人付款,广东 东莞,退货宝,单款概率:1/8 | 款式类型:隐藏款 | 出售状态:限量发售 | 系列类型:联名系列 | 品牌:另物赏,https://img.alicdn.com/imgextra/jz3_4/2208289719268/O1CN01oUcYlC2IKnqqyAs1R_!!2208289719268-0-alimamacc.jpg,http://click.simba.taobao.com/cc_im?p=%C3%A4%BA%D0&s=1856817882&k=2433&e=NMGYOOxu8AjfJ2xD5Uix3tpToxXLcvDZe7yjdX4LCBAFWznpzDkRaedejYZYS9uBb4aREtCgatW28fV9nWA3Nsff6yEGtr3hlhyr%2BIjuUJ17mvu6mq2uQAYgtNSJQ7unY9pFixcWuzuWVGsqWVWp5Wpbheecy7kHXULoggMra%2FuDVnmlIrMDCHx8Fq6a3pnLXgfbkztlx8pxpMHD3XD0CDotXIaBQTQay1xwIakxG%2FRedecaQz5kNiXobINoTeQwO8%2Fe%2FXFnZYFzv5u0r6efrfWv5wzUeNOWm%2BR7SDBepcS6yoozhqg6UXKvPd8fEOTlufDDo7iCrAg6dZxVgw%2BMQBtMogbOLDRz7ygQofx90BaSmh1yrzOnzi5YFfAG2xpImsiu01L3j3lWU8490Lc6Q2s9WvkrJAvDRyiBynq1rLKAdo4f4kXtx3L0zv8Y0oZGJZq3LrNPtKU5JjlooARA%2B19sG8Zw5Duiy%2B5hVfgI178I0mvmOoxwHv2SAagUNZnWS7e6m88I5hcGvOTRiB9kedZnqphK1LSq8Pa5pM5l6hWD1g9Kj%2BdN3XGjufFyMaM%2Bpr%2Bh1mY3DPavpURzmL%2F%2BBuaLNrc%2FXw9OPPHvh5OWlGREofg%2Bb1t7qAIzPKZk9oohTQNcBx%2FlF8MPjSzl5LZ1QDr%2BwYWh7UcwUN%2BigR0%2FELUalbR2bwGDjwfcBlDg2zSzsMHv8lPbCtMoms9OBrFtlMqI6VULbcGpgldCIx15I1pw2pRnwPhN3gm%2BCYOpeby2Wk5rAUIA%2FU1t%2BmvTH6nzDd4RP5NYss4ru0KKqOIf1RbS9mMgSPaSl7NLxwoQVel0c2tDmtH7lJky%2BkngrtjvLCqFmpcIXM5ftbm1tVTwgajV9r4L0PUimvpar8GylLprHHZ0G52%2FdX0uwdjuxqyIuDsZMw5huTKoy94xWlPv8YPObCYPVouHcc0wc6EaqGo4dOti8p3gyErXmY8DfNeHEKW%2Bq4OZFotyuUFlj1jF0v4eqkUXIe2zAsNQuODkSNfYkSxDtzQT87jAIFiMmkF2G6AnqiKsnJF7NmdOlrZABjMCreME%2BaXfWs3FSHMt%2BW%2FiAqoFGdwTw2BCWI9tNRwqd82WY8KyBkhz6rrw9Vu2xvnDWx7O%2BXJqNcQCr0vTe3RiZuALKgRxWcFYI9%2FwPvxd3wGWgfFd%2B2eCeK5vpZy8ZVTVticYLiixz2xEJzoSP3ovmaszvFLLMi0a%2Br4sPVLttAW51%2Fi9xsJRkigFr9YPyzElp9iWeJ9FWwIskJcsv%2FJaoVMD02qxV268LALPb1DuoZkjVWp5SkLseY3HSuh3VV38FZL1l09zRfHgtR7i1zz8F36o0u4ZQ6PJ5dZgH4Y9wRN6DxeCIB0x4rkEBiN0V3NXijr69YoJxpcUVev6v5qqvoGuSU67zzCyriwuxwre5cKX5p0qK3WhuV38dpVKWBcuOQ9r7WxEzrt7kwgASdGOCHBJc4uL5FQH3AZQ4Ns0s3Q%2Fj6dbostXRFFDENYZhdya2lNlWAHHhW7sEjd9EY7a9sN5SYOFdRKeIACEagz%2Bbf%2BePyunb4QNHyGEgUmyMJzzuwVeNv306%2Btr1OexBFOF3yXdh2bVKgEz3pHJVvy8leZQhCH2yBnSNcp7lLOI1Y6bfLootu%2FSMUq1Zpc6m6L2%2FihwTVMzoqylnP2E2miaTLpACjIbt3qpZ1hpzziUMt5t%2BmvTH6nzDcjo5nri5bbHJ5r5yHMIT7sMgM1VzhbemvTg6rKLTfV9%2FEolP3nKM%2BnLdV8D%2BWoyIqI6Vx7I2AXTeU2wbUUyhL4XyRVjZb6YOtVPONfZh2RQUtj7%2BlHnc7Bd3nVgLfjAntpddvDOKc4812%2FK8%2Fw%2Frjij7t%2FxvrcWohdPPsXFkuv2hm1sPTeA0HHejyTHx8CkmlmxAesnzaAHLs0l1clI5GguPI0eiHFnZjGAi9zUpAlK2aauNJsyKWQ15hH%2FWhS1rsuW9hlEI%2Bq9skkQrcAFxr4FEsPW0niDqvU13B9EnFyRf0d6uFmv6oeK7UreXqVubYLxscTLIl2oem8Ug3iyKTJvBMPie2AXtf2iGgfsEDzj7bxYdPK2Y6zVNMbCOvH49SR0YStiKy2kJv8lFjf609epcZBM%2FpSQBkIvmzFlDGAPCnqMaR%2FxvT8uOMjafUQI7s60PJIOe%2BSz4rkEBiN0V3OrmUyU76mMDZptSaAWceCudY00FagzihD2iPvZfNlPWqE9etBxYsVNIUT6CMddagEIlun0ofbAnhxhMA4NxAXLdOti8p3gyEoKRiAzKCUmLhdPPsXFkuv2Aq73WFhqs7m3RghsRpWYYkhkcyWcHa1umnCXoUCZZu%2BIqk7E8SRoAiOIrTZLZKK7xOSZVQDo0%2Bkc1B8ao%2BoEqWeE0%2FBMCUJvDeMddAPm9o%2FU8dYBJv628PHPZEK4w%2Bqf&mm_sceneid=1_0_1299290200_0&a=xxc%3Dad_ztc%26mi_id%3D0000_IW0aKv3V2y2lDZgN2BZAKM9nC4dT75ETTyZLGob6MA%26skuId%3D6177284531288&id=959879535135
1000941244128,POPMART泡泡玛特漫威穿越无限系列手办盲盒玩具摆件礼物,69,¥,,泡泡玛特旗舰店,泡泡玛特旗舰店,回头客20万,700+人付款,江苏 苏州,"热销爆款, 退货宝",款式类型:隐藏款 | 出售状态:现货 | 品牌:POP MART/泡泡玛特,https://g-search2.alicdn.com/img/bao/uploaded/i4/i1/2885348004/O1CN01uWrbaK28ztEUFGZUS_!!4611686018427382436-0-item_pic.jpg,//detail.tmall.com/item.htm?id=1000941244128&ns=1&abbucket=10&xxc=taobaoSearch&mi_id=0000DO-69bw35mccTFr5dk0_qpj_lZXzEjVfyrY3BPAgzO4&skuId=5986151765998
948463375261,DODOSUGAR dodorara人生主角惊喜盒手办潮玩盲盒公仔桌面摆件礼物,78.5,¥,券后价,dodosugar潮玩旗舰店,DODOSUGAR潮玩旗舰店,回头客2万,400+人付款,浙江 丽水,"官方立减12%,  3期, 退货宝, 包邮",款式类型:隐藏款 | 出售状态:现货 | 系列类型:联名系列 | 品牌:DODO SUGAR,https://gw.alicdn.com/imgextra/O1CN01oTsv272A4l3dUAZzF_!!2217183168150-0-picasso.jpg,//detail.tmall.com/item.htm?id=948463375261&ns=1&abbucket=10&xxc=taobaoSearch&mi_id=0000a7u0qCbgMFClTdeSk3f6GY2KZC5xkfXvITy14Ndf_lg&skuId=6168301298168
,,,,,,,,,,,,,
958449513393,正版DearNikki梦织序章暖暖盲盒系列潮玩周边桌面摆件女生礼物娃,71,¥,券后价,tb068540_2013,Super Toys超玩商城,回头客3万,1000+人付款,广东 广州,"店铺满15减10, 48小时内发, 包邮",,https://g-search2.alicdn.com/img/bao/uploaded/i4/i3/1598373758/O1CN01RpLOic1ddDTifoGwh_!!1598373758.jpg,//item.taobao.com/item.htm?id=958449513393&ns=1&abbucket=10&xxc=taobaoSearch&mi_id=0000UsDI2waZ6oCkym343pZWLlVmMoKxOWLN5PEc7OhRxw0&skuId=5828814060146
959679588468,正版toptoy三丽鸥搪胶毛绒三代精灵兔系列盲盒潮玩手办公仔礼物,70.5,¥,券后价,tb068540_2013,Super Toys超玩商城,回头客3万,1000+人付款,广东 广州,"店铺满15减10, 48小时内发, 包邮",,https://g-search2.alicdn.com/img/bao/uploaded/i4/i4/1598373758/O1CN01Js0Sfx1ddDR3jvYfa_!!1598373758.jpg,//item.taobao.com/item.htm?id=959679588468&ns=1&abbucket=10&xxc=taobaoSearch&mi_id=0000isGEF1VL84wgA5m_9FEgrYDFhMsoWHOy-yspq-N9QyQ&skuId=5686282585397
996629624220,【官方正品】疯狂动物城2盲盒小夜灯尼克朱迪联名周边手办摆件,25.71,¥,券后价,越途旗舰店,越途旗舰店,回头客1万,700+人付款,湖南 长沙,包邮,单款概率:1/8 | 款式类型:端盒 | 出售状态:现货 | 品牌:越途,http://g.search.alicdn.com/img/i4/521550071/O1CN01nYcGQ61COZExDoViH_!!4611686018427386103-0-saturn_solar.jpg,http://click.simba.taobao.com/cc_im?p=%C3%A4%BA%D0&s=1856817882&k=2381&e=lwZLy1a%2FZHffJ2xD5Uix3tpToxXLcvDZe7yjdX4LCBAFWznpzDkRaedejYZYS9uBb4aREtCgatXnrOm3x8xrtrnbwKdOcBgW%2Bl6SMbq35Bfpg%2FQ2Od2ldgYgtNSJQ7unY9pFixcWuzuWVGsqWVWp5Wpbheecy7kHXULoggMra%2FuDVnmlIrMDCHx8Fq6a3pnLXgfbkztlx8pxpMHD3XD0CDotXIaBQTQay1xwIakxG%2FRedecaQz5kNiXobINoTeQwO8%2Fe%2FXFnZYFzv5u0r6efrfWv5wzUeNOWm%2BR7SDBepcS6yoozhqg6UXKvPd8fEOTlufDDo7iCrAg6dZxVgw%2BMQBtMogbOLDRz7ygQofx90BaSmh1yrzOnzi5YFfAG2xpImsiu01L3j3lWU8490Lc6Q2s9WvkrJAvDRyiBynq1rLKAdo4f4kXtx3L0zv8Y0oZGJZq3LrNPtKU5JjlooARA%2B9kfUgo0BqZWIUtrnrzuG5pXjnyN8mtSojYzNd8R8rtXrEG1t5VhrpX1K1ss6aPVR7%2Fb5TZWWB52LtQOg%2FILWEbzdhOSq%2Bz7YxilfY%2FZxzxrbgZnG0HaCPcZitGRuocpX0KFIqi3sDJY0272JB1oEhlpS8OPdQuQ5C7xUMmeFztZ3iA5hWtf4QO1IneY60cFrSlqF4Bnsl0YU0lcxJNo1I24BzClE%2BKnZayigAhjtw8kiy%2Brp3jNNb8%2Fkch93bJjiS3qwUfF03qJ8Txo7rMFPfa8xCMOxTe%2Fl2dzfg%2FlYocZ4Qzd5rLNRkaH857n7F5b4TP%2FNkDwZonKmbfVMxNWcg8fh0HXaRsCx8X2s8WRejsHKDhmERoTXaRRdJZoELAjR86FCIRUgQsGwx3PB5D3cSQbwkAX8B5ebsJxnvlUErZoihj6bBUH%2BUl1ZKTgyr2k1LuzLGzrpcs5FwBSQ4w7RfW%2F2%2BU2Vlgedk8GL31xnt8xcqBsZkvU7vSJ1R05EEIMZpjMDV4swUjSlbp%2Bb%2Fxy5OptzcJexW5XiCrcT%2FPKYQE2qqPB7SvCBEJdBsSGj8Ym0RDeqy2Q2to68wq8bZlV9sYMVEjSurMIrhLc7iljcTrLAUrCWuKPux6CHxZR33I5R7FfnCmnz5HBOkSFmYwgamyvk1YYE%2FHDgMX8gZiWi8IjcfnE6X4qN0dq%2F1%2FvzlxEsKYb2NBqnRQV3XKjwe%2B9cHXvwBQ4yTIWLZ86TsO98miVuYaHUq92tBSuytIm6koXxYJ%2FThDdm8PI8i%2FbnnaP467vsyXZkGOnY5EZ4mRI9MbHZesRx2848rgZitGRuocpXxilfY%2FZxzxrky9lIGwjJtPzdhOSq%2Bz7Y0KFIqi3sDJYVrfI%2BpUfwnjMVRNrO2xKoK%2Fm3iOUVBiJQNhqZc3qPxRO2Y3rBvWzamEaYeb%2Bwed4ihjLh669Mufac26HK9tRfaOFHKph5wnublLh9ayZ22LqomP6ihCQ0vf2jj8MFrJW7gh%2BeWgXf3Oj75kILJ6hgaJ1e%2BaeJmUMO8o40mhM2ZXixK9rEAB3Q95RP8M3JcQPNlWz0VLhKMsQo3EdzdRmQ85uoHSmd7U5JRA07NglaBTv3XflNLmRp9BuZEviekU00MRmYXWEluLrvVNRoMcNdNnsUnjLY9WPEsTrID4m2DG30j2kTA6YhTJqSgP6JEJ92exSeMtj1Y8EjAB1rgvJJ2DBsl2Fopjl%2Bfy3S6Bq0bq6dULgmswfDcoKrruFg7AhY3q9u72efaFvGzssnLgWmUrY5k698iWSoKoHOnk7h3p7rF63XWqbLUzlJF5apr6opPdXXDqfXejJCiY6kw%2BuNltGvtYKRPEFHMjTSluvFOD44E2YnBgHSRRSzel7yoAEJDgGyOFATpg3Mfk5mUC5WKwtkM5oMG4WjX%2BTl7%2BtVmSRln1sVLjzMz6dLbkWL1mZPJ4dTG9DDD2awU3paZNTAWfl01TN6qz2t7uwCgAM%2BTUpDwbBasfSYo31FvviuVNfkDoYUxw89DmXb%2Fur8rRd9SIqrlediJmOqSwXYbrmeNJLQET0VKc76FGPJaDdnBvNJPbSyGpXwSq4UO0flDMXQUQyXVfOj%2FdixEYqKLbr%2FFhsfvOoBT%2FK3gPwmHk69NcGpiNh%2Brkn00gJHAD6JwUIkrRrl4ilXST4Yu6YskYKlCh7bxNG4UHLQt2rX2442GvPNX%2F1%2FaxO6o4LMzSiMgbtPU0iWUbmuTvhxVeVH6Aq%2FUwbKidHboM8qTKr6uUQ0kQDOYOE2CNuHJhRV0wI2gvkxu9TbAFOkkqUTuu%2Bw3amUFcbL7qhhb6AYQzI538amAVvGPUDWxkSAazzSno3O4JWxiUNexlIWBeyHdvvgYIWMxqv0fMIor5KRi54w3ebPnlf5980zRoDR7k%3D&mm_sceneid=0_0_521550071_0&a=xxc%3Dad_ztc%26mi_id%3D00007csDFfPfWKYy_Sa64Lev1Sp2WNttjvEgGDbFzScoOrs%26skuId%3D6016225065685&id=996629624220
897852611820,Rolife若来Nanci囡茜巧克力缤纷小熊系列盲盒公仔玩偶摆件礼物,99,¥,券后价,oristaco旗舰店,Oristaco旗舰店,,700+人付款,福建 泉州,"官方立减12%, 退货宝, 包邮",出售状态:现货 | 品牌:ORISTACO | 商品状态:全新未拆封,https://gw.alicdn.com/imgextra/O1CN01MhztOP1bQH74yvGVr_!!2217195163459-0-picasso.jpg,//detail.tmall.com/item.htm?id=897852611820&ns=1&abbucket=10&xxc=taobaoSearch&mi_id=0000DAbb7m23sfsbAceGvoe_lbpKUM1E8dEmcW_q8uhHsyQ&skuId=5873451688124
959722472192,JOTOYS奇偶潮乐Q宝情绪毛毛怪盲盒手办潮玩玩具礼物摆件Q.Kid盲袋,414.9,¥,首单价,jotoys奇偶潮乐旗舰店,JOTOYS奇偶潮乐旗舰店,回头客1万,3万+人付款,广东 惠州,"直降7元, 淘金币已抵2.09元, 退货宝, 包邮",款式类型:隐藏款 | 出售状态:现货 | 品牌:JOTOYS/奇偶潮乐,https://g-search2.alicdn.com/img/bao/uploaded/i4/i4/2216035612777/O1CN01SPdAT51WNuwP0BBiL_!!4611686018427385961-0-item_pic.jpg,//detail.tmall.com/item.htm?id=959722472192&ns=1&abbucket=10&xxc=taobaoSearch&mi_id=0000_itCUSPOxaSkH5uXk_2rNcAk0HSR61iUbJRPACJPx_M&skuId=5929112979663
960040941101,【X11海绵宝宝联名】比奇堡居民的一天系列毛绒盲盒潮玩可爱现货,59,¥,首单价,x11旗舰店,X11旗舰店,回头客5万,5000+人付款,广东 广州,"直降6元,  3期, 退货宝, 包邮",出售状态:现货 | 品牌:vef,https://g-search2.alicdn.com/img/bao/uploaded/i4/i1/2214655489302/O1CN01csABQI2IaNJ8jObLA_!!4611686018427385110-0-item_pic.jpg,//detail.tmall.com/item.htm?id=960040941101&ns=1&abbucket=10&xxc=taobaoSearch&mi_id=0000xEORp0XmU8S8WoGfzuTFkvbgu3j3dFq2-ICUBysboC8&skuId=5967526041931
964916181741,想要经典收藏就选这款潮玩盲盒9个装全套,15.6,¥,券后价,a448426707,潮玩星球盲盒,12年老店,23人付款,浙江 金华,"退货宝, 包邮, 公益宝贝",款式类型:隐藏款 | 出售状态:现货,https://img.alicdn.com/imgextra/jz3_1/806250813/O1CN01jOlawh1HsP7bfYDn4_!!806250813-2-alimamacc.png,http://click.simba.taobao.com/cc_im?p=%C3%A4%BA%D0&s=1856817882&k=2413&e=WkfSab5%2BrBLfJ2xD5Uix3tpToxXLcvDZe7yjdX4LCBAFWznpzDkRaedejYZYS9uBb4aREtCgatX20o9ZWU%2BUNdxduus23tLTpYOoaFjuWwd7mvu6mq2uQAYgtNSJQ7unY9pFixcWuzuWVGsqWVWp5Wpbheecy7kHXULoggMra%2FuDVnmlIrMDCHx8Fq6a3pnLXgfbkztlx8pxpMHD3XD0CDotXIaBQTQay1xwIakxG%2FRedecaQz5kNiXobINoTeQwO8%2Fe%2FXFnZYFzv5u0r6efrfWv5wzUeNOWm%2BR7SDBepcS6yoozhqg6UXKvPd8fEOTlufDDo7iCrAg6dZxVgw%2BMQBtMogbOLDRz7ygQofx90BaSmh1yrzOnzi5YFfAG2xpImsiu01L3j3lWU8490Lc6Q2s9WvkrJAvDRyiBynq1rLKAdo4f4kXtx3L0zv8Y0oZGJZq3LrNPtKU5JjlooARA%2B19sG8Zw5DuiAHfNP5cLO2pfQ01qZ2W1%2Bh2izPhiACLXIUtrnrzuG5pXjnyN8mtSojYzNd8R8rtXrEG1t5VhrpVESnCEJFj9V3BqheH1ciWs4RdT19rp35FC%2Bn4iJbguG7zDbXbE8Yjcv4vE3%2FTVBH6KtWoiB5hFKfjbJGdh%2F88Y2d6uHzUwU1EWtHAsKJXCy%2Bdsu9bb4X5JlxnDUHqHflVPKpJHIYG72rLp2KkqRPt5HDrYwf7I72WC4BaWzpTF4Rx3HzcovWiLCuMfRe96DnXvje%2FhMga%2BxC3qwUfF03qJ8Txo7rMFPfbH%2BedQolKPowZn4c%2FmOU3S2RI0yXZTMNCuev7OYjib%2FR5BKmKNS1phILUfLTWOGYsCQhPIPjFD2j%2FoVqiQAKvDzier9gMAUkGAUPatTsXWIUAZhxtAsLjNImxO1e0VRt1LY%2BosDc81GDsZMw5huTKoy94xWlPv8YPObCYPVouHcc0wc6EaqGo4dOti8p3gyErXmY8DfNeHEGfMGEL12t90rhkxoyfCykQeqkUXIe2zAn8k7jaVUexGSqnnko%2BmxDnAIFiMmkF2G3dxNe5jJ0QI%2FdEn%2BywaPWCNELJ%2F3GtAms3FSHMt%2BW%2FiAqoFGdwTw2BCWI9tNRwqd82WY8KyBkhz6rrw9Vu2xvnDWx7O%2BXJqNcQCr0vTe3RiZuALKgRxWcFYI9%2FwPvxd3wGWgfFd%2B2eCeK5vpZy8ZVTVticYLiixz2xEJzoSP3ovmaszvFLLMi0a%2Br4sPVLttAhHP5CvgJVhqVBZNL6jNae9Jqktsq8TjsB9Z0CXqAc%2FWTta%2FlaW7mDeazfFydjOMuBr%2BeW1lGQTMpWWl9bwgPN05CDYflyZqyXBka0NhrFFirVqIgeYRSm8w212xPGI3EhG9DsNQxNJQvp%2BIiW4Lhv42yRnYf%2FPGKMYH5KHbCIW0Ea6OfUfuCdXqMZc4RwBYkDYamXN6j8UTtmN6wb1s2qZP8wgcbvXolkQWeZwPeGdhjKqIjhi%2BFFnDyv8CtWZgW5S4fWsmdti6qJj%2BooQkNL39o4%2FDBayVu4IfnloF39zo%2B%2BZCCyeoYGidXvmniZlDM1N57NVM60MUhAqEfP5AePz%2FWVxLbDBuQBOiaQHo8T2pvZ1AUjR1uwmXzYYx6NPrzQBPCB%2FutMq3ddSfem%2FJPpLsa6gkqpmXHBqheH1ciWsfDUXLSxRgSxAXL8HKz0Uzb7MhbfFwiMQZ8wYQvXa33QIEJUC9VlH3mDBsl2Fopjl%2Bfy3S6Bq0bq6dULgmswfDcoKrruFg7AhY3q9u72efaFvGzssnLgWmeyw3FR3Yh8%2FrFIZj8Z26%2BiyzmYUM9%2BrkbCdp6ADq%2BSbw4ohN9LW5tV6sCevnu5OOZa6HUpKWE6skPW5BKZs9wO7syxs66XLOby3A4FME6UqrFIZj8Z26%2BhQZqRR%2Br0mu8hm9u1may2QTjwMgklICv7V%2FMZG1U2%2FOUlrqboIKktF8XKus53vnxvRFvvySUBc18Ghqi%2F7hNpzOPradYuopaqQOhhTHDz0OZdv%2B6vytF31IiquV52ImY6pLBdhuuZ40ktARPRUpzvoUY8loN2cG80k9tLIalfBKrhQ7R%2BUMxdBRDJdV86P92LERiootuv8WGx%2B86gFP8reA%2FCYeTr01wbgaVs0kWxg3N3GOR84cst9XZa6Styt%2FZMh3mtB8gABFOsAF%2Bcc4JRc9g2rg25BzRziX2rQ73aCvgszNKIyBu09TSJZRua5O%2BHFV5UfoCr9TBsqJ0dugzypee9laqN5J%2F85g4TYI24cmAh7DmjE%2Bzaju7MsbOulyzlLzI4YQaNPqwN9jRJ4dkUpcGqF4fVyJax95NuE%2FObxqbEDr5qTUNGUEpZh08Pw%2BSEyOp7PoDMxFxEZPtaqQ3ypP600dLwiGglEUUMQ1hmF3JraU2VYAceF9jqDZaUmDyY%3D&mm_sceneid=1_0_30830287_0&a=xxc%3Dad_ztc%26mi_id%3D0000B6gK3mQygWKgM1YNMsWkjmdOpvf6Zaz9S6vCJrLUaLc%26skuId%3D5988409737694&id=964916181741
846736744755,KKV正品KEENO神秘宝物系列盲盒潮玩公仔玩偶手办玩具桌面摆件礼物,79,¥,首单价,kkv官方旗舰店,KKV官方旗舰店,回头客20万,2000+人付款,广东 广州,"官方立减12%, 直降7元,  3期, 淘金币已抵1.58元, 退货宝, 包邮",出售状态:现货 | 款式特点:静态 | 品牌:kkv,https://gw.alicdn.com/imgextra/O1CN01AFH6zv1XFVJcMHa5s_!!2215772922894-0-picasso.jpg,//detail.tmall.com/item.htm?id=846736744755&ns=1&abbucket=10&xxc=taobaoSearch&mi_id=0000mH7QyESQjp-F980r4ZY-wJJJ_ROJ1tIojyZH5PapVRk&skuId=5795685842258
1007759608053,【原神官方】童梦奇珍系列Q版盲盒盒蛋 Genshin,414,¥,,原神旗舰店,原神旗舰店,回头客60万,1000+人付款,广东 深圳," 3期, 退货宝, 包邮",角色名:原神 | 品牌:原神,https://g-search3.alicdn.com/img/bao/uploaded/i4/i3/2208460416125/O1CN01rYAC4C1v7J1Cb2t4t_!!4611686018427380861-0-item_pic.jpg,//detail.tmall.com/item.htm?id=1007759608053&ns=1&abbucket=10&xxc=taobaoSearch&mi_id=0000KMTYB9uZUEKrFkTXKswRNHlpX7NXDGsoRooCJJjCWz0&skuId=6168192011098
1012469238551,【自营】{情人节礼物}柯达Charmera钥匙扣复古盲盒礼物ccd海外版,2699,¥,券后价,天猫国际进口超市,天猫国际自营全球超级店,买过的店,100+人付款,浙江 杭州,"超级立减83元, 淘金币已抵3.16元, 退货宝, 满88包邮",像素:200万及以下 | 变焦倍数:定焦 | 屏幕尺寸:0.1英寸 | 重量:101g(含)-150g(含) | 镜头类型:固定式 | 有效像素:200万及以下 | 产品净重值（仅机身）:30g | 传感器类型:CCD | 高清摄像:高清（1280x720） | 品牌:Kodak/柯达,https://gw.alicdn.com/imgextra/O1CN013fwlh41MHpZgGGgL2_!!2549841410-0-tmg_sticker_hand.jpg,//detail.tmall.com/item.htm?id=1012469238551&ns=1&abbucket=10&xxc=taobaoSearch&mi_id=0000HQTfMzKZN2YI-yPJuUlh89IBEDMp9a8HZOafbQYjRvU&skuId=6181488991961
967016804844,52TOYS迪士尼公主系列旋转木马盲盒潮流手办玩具摆件礼物,69,¥,,52toys旗舰店,52TOYS旗舰店,回头客6万,1000+人付款,浙江 湖州,48小时内发,出售状态:现货 | 款式特点:静态 | 品牌:52TOYS | 商品状态:全新未拆封,https://g-search1.alicdn.com/img/bao/uploaded/i4/i1/3951599478/O1CN01rF2fUp2JsyvAAO5I9_!!4611686018427387766-0-item_pic.jpg,//detail.tmall.com/item.htm?id=967016804844&ns=1&abbucket=10&xxc=taobaoSearch&mi_id=0000qNWa1HQCWFTM261pwitx6kccUiuhoTSnJFquTDWPDdc&skuId=4550376288590
924833451211,SIMONTOYS罗小黑战记2手办12分BJD关节可动玩偶盲盒摆件生日礼物,220,¥,券后价,amiibo商店,萌次元,,600+人付款,广东 广州,"店铺满15减10, 包邮",出售状态:全款预售 | 品牌:SIMONTOYS,https://gw.alicdn.com/imgextra/O1CN01doosYU1FDWWmzbwoV_!!2212916590453-0-picasso.jpg,//item.taobao.com/item.htm?id=924833451211&ns=1&abbucket=10&xxc=taobaoSearch&mi_id=0000A0T7xnKCgdV--samwnoGD0_lgcbvmeyZZ-zrdcT28j0&skuId=6192688314464
966684041201,新春繁花积木国风盲盒2026新年款春节元宵马年伴手礼花束小礼物,13,¥,券后价,昌元旗舰店,昌元旗舰店,回头客1万,200+人付款,浙江 杭州,"官方立减12%, 包邮",适用人群:青少年 | 是否可定制:可定制 | 货品分类:拼插玩具/摆件 | 适用节日:开业 | 包装种类:礼盒装,https://g-search2.alicdn.com/img/bao/uploaded/i4/i1/2217695796810/O1CN01y70p7o20B2EUtj0Br_!!4611686018427387466-0-item_pic.jpg,//detail.tmall.com/item.htm?id=966684041201&ns=1&abbucket=10&xxc=taobaoSearch&mi_id=0000LJs8kNRusnouHDlAmgQLav8M0XHYsDvDwprrijzRAOs&skuId=5871363966364
921945980311,POPMART泡泡玛特Zsiga 慢下来系列手办盲盒玩具礼物摆件,69,¥,,泡泡玛特旗舰店,泡泡玛特旗舰店,回头客20万,1万+人付款,江苏 苏州,退货宝,款式类型:隐藏款 | 出售状态:现货 | 品牌:POP MART/泡泡玛特 | 商品状态:全新未拆封,https://g-search3.alicdn.com/img/bao/uploaded/i4/i2/2885348004/O1CN018hQTL628ztEUIwJH3_!!4611686018427382436-0-item_pic.jpg,//detail.tmall.com/item.htm?id=921945980311&ns=1&abbucket=10&xxc=taobaoSearch&mi_id=0000xYGKgGM6AMay1iscABLWT15-Qxl74C_u1Bmh_j11Nyk&skuId=6000365842859
896235152134,泡泡玛特Twinkle星星人 来自星星的礼物系列盲盒手办摆件新年礼物,68,¥,券后价,tb501421479576,大师兄潮玩盲盒店,,5000+人付款,广东 佛山,"店铺满29减3, 48小时内发, 包邮",款式类型:隐藏款 | 出售状态:全款预售 | 系列类型:联名系列 | 品牌:POP MART/泡泡玛特,https://gw.alicdn.com/imgextra/O1CN01yWJErm24Fqx10mnum_!!2218685527362-0-picasso.jpg,//item.taobao.com/item.htm?id=896235152134&ns=1&abbucket=10&xxc=taobaoSearch&mi_id=0000C6U9VYO_uFk37ZbhKQslvZLXMAU5ugD08VyguNCqbMg&skuId=6189633238341
960552703983,Rolife若来Nanci囡茜巧克力缤纷搪胶毛绒小熊盲盒可爱圣诞节礼物,79.8,¥,券后价,tb068540_2013,Super Toys超玩商城,回头客3万,1000+人付款,广东 广州,"店铺满15减10, 48小时内发, 包邮",出售状态:现货 | 商品状态:预售,https://g-search1.alicdn.com/img/bao/uploaded/i4/i1/1598373758/O1CN01syxxaj1ddDQcyaOi0_!!1598373758.jpg,//item.taobao.com/item.htm?id=960552703983&ns=1&abbucket=10&xxc=taobaoSearch&mi_id=0000We83AhFN9LGJzRDLDwW0wGTn81N9D-Co9sJo5AL1Wng&skuId=5827529702933
977091426186,正版魔女Ninita魔镜乐园系列盲盒初代摆件玩具公仔手办周边礼物女,55,¥,券后价,tb068540_2013,Super Toys超玩商城,回头客3万,1000+人付款,广东 广州,店铺满15减10,,https://g-search3.alicdn.com/img/bao/uploaded/i4/i1/1598373758/O1CN01ehNToe1ddDUWCYAcS_!!1598373758.jpg,//item.taobao.com/item.htm?id=977091426186&ns=1&abbucket=10&xxc=taobaoSearch&mi_id=0000JX8HZgFIR_FxhNxYm7G0F8V7pIvLQawgBVwsrfoyPfQ&skuId=6051422226262
1015989480190,布鲁可积木人奥特曼2025年鉴群星16弹布莱泽诺亚玩具盲盒玩具正版,49.99,¥,券后价,h9wsrq2fctd,人偶批发商店,,1000+人付款,广东 揭阳,"店铺满45减25, 退货宝, 包邮",产品分类:静态模型 | 玩具类型:积木玩具 | 模型类型:拼装模型 | 功能:发光,https://g-search3.alicdn.com/img/bao/uploaded/i4/i4/2216904885652/O1CN01bSsI3D1rcfgJ6WM2B_!!2216904885652.jpg,//item.taobao.com/item.htm?id=1015989480190&ns=1&abbucket=10&xxc=taobaoSearch&mi_id=0000WxZ3CeR9f6jrcrH2SVZsoBIR2mfU-ffcQkaF6O9JQnQ&skuId=6186072927107
972239952469,查尔斯桃心 2025年超值限量卫衣毛衣夹克棉服 盲盒福袋 秋冬男女,259,¥,,查尔斯桃心服饰旗舰店,查尔斯桃心服饰旗舰店,回头客3万,600+人付款,福建 泉州,包邮,是否连帽:是 | 适用性别:男女通用,https://g-search3.alicdn.com/img/bao/uploaded/i4/i4/2207622958619/O1CN01APKvj62DXYmIJRJMW_!!4611686018427383323-0-item_pic.jpg,//detail.tmall.com/item.htm?id=972239952469&ns=1&abbucket=10&xxc=taobaoSearch&mi_id=0000GGU2wUaJj5V8dV85Vz_kko0MmM7n1DL8TnZkQShe-go&skuId=5922151761750
959494031591,小玩具夜光小动物迷你网红盲盒男女孩玩具小学生礼物2025新款,27.25,¥,券后价,朋克一一,艾尚日升雅居生活馆,回头客2万,1000+人付款,浙江 金华,"店铺满23减1, 淘金币已抵0.2元, 48小时内发, 包邮",适用人群:女生 | 适用节日:六一儿童节 | 包装种类:袋装 | 产品名称:发光小动物 | 修饰词:卡通,https://g-search2.alicdn.com/img/bao/uploaded/i4/i1/1087194636/O1CN0150dI8d1k7LFuMfssx_!!1087194636.png,//item.taobao.com/item.htm?id=959494031591&ns=1&abbucket=10&xxc=taobaoSearch&mi_id=0000xoMuP-OSv8QbOaXmJcPuDrgZvNrnbOzWpVxL58e8DV0&skuId=6108721190372
977803988448,盲盒公仔定制手办树脂工艺品订制钥匙扣挂件手机支架来图定做logo,4.4,¥,券后价,tb788942694259,广东趣萌工艺品定制,,32人付款,广东 中山,官方立减12%,,http://g.search3.alicdn.com/img/i3/9308542502/O1CN01LN8h1n1ULy3MtK14K_!!4611686018427385382-0-saturn_solar.jpg,http://click.simba.taobao.com/cc_im?p=%C3%A4%BA%D0&s=1286882931&k=2381&e=Vrlt1%2BBn1QrE6ItxVMOQlxtG8%2BCiChRPyTaW3QjQC8L700UJ%2Fhj6i%2FfQXhLUNWn3tI%2B3TGczqe3MOV9t00%2Fccg0XTjVc4lUvR%2FJ1nmfFaBuZbFGEqeAEB%2B2Be4qP2CqMHw%2BZIYg1%2FUmSILzFcwNtSFA1ZJUhG5P3NRCEOpT0CmL6Fd%2BAWP%2Fnfz4NH1uzcvacyN64gnrxq3dxZuVcfraJlJBuF6JO%2BM87RPf3NgNKmetp9hDtaUO0XQqCp5f6FwdNtuuz74duV3LN5EezXKrFUUAeL3uTQTB2GSTJpOvBDm0SAoppgJj2rRXQQGsnqHMXbGL8tywCLCep6OJq2d6pVMl5tus79aG4FKHDOLDSi9ouAzp2Yo9BNU55maYg9vMayqyEoEUt%2BJUzg8tj4%2FcvVFRyTenweSth0GNgJWzrBh5ceDtit14eOhBs9bCK3SNn%2FBDPzKKADszinz0M0LDR2I8iG1BiYpvti1s0fr4%2BLjGgu2P08r38E6X%2FLAj%2BcRrxZEd1hdTcTc8VQ6N0mGaIK47GpFCdsCgMIQccVZyurL6vRuJBanTZ%2BRQvN1L1uzPM64hVwW0OaPZAc04iuGJW90lVJFsvU%2BUqwffiVAx90zb5xA%2FqGw%2FgSoBmiCO%2Bo7r%2Fsqkf0ktaMcQ3eCaM5PwPyElVJFsvU%2BUqLMUEB5TuKLczDvhc7gTfWqj9XTdoFYmPgpUJwiZeRTC4suZ8omg7GjD71z4ix83jsKazuVgcShA4n5zbN1tSIrQZTrUPwC5Cyh2LLpWuy5J%2B1fhJXFGqjpCmNPUlCQ5xadw4YO5Hqn%2FirM8jLa9VNtRc3aFEWykXS69Bsq5egvUvoByND54KnCGVHBVTaKFIvjV%2BuAt6xzhkrvu%2FsGV%2FYee16KfT4bZadqPzMRVH3AtlgHfjuqnksNfS7QtbyuoINQ8KNjpWd9tjlBad50L3tYwOO%2FbLNdBRjsakUJ2wKAxaE%2FEsOlxwLgskC%2Bzo9kAWjVvTGk0C%2FxMt1oYlzGcuO50H4W1PsxvoIZUcFVNooUizCBsFx8drtL37YvoAz2amdOWnOVFtDYcr9AFtXZSJ0fap1qyiGFfAlN8OaTJZrIz%2BghD6jD6SRw0sk6dosZimGVujfXPsnTasb2zKAIiV0vsLJ1W85tOft%2FzKjXGjpe08BUXBJA2L5nVPuZs1dpPxpflKUxa6B7kjU3TWkzyZLCTBJotik79GpOWmruxkwvv8aVG%2BaDVqXUjKQkk5o5huSyIRBxJJaTkeSigdHf6vMbu70KxGC97yt7uh8vsPNzVCHKrz%2FgRygBQvN1L1uzPMZn7EwFSS6lN0BXsaFjEBeMputkYbTk1DJrBZ2tu3Q7GfVcwGpjbJLW0YVEhUYWgrtgwuOOzxYBpNOQAbICyngtYX2xH0dRT%2FCtpOfiwI966NdJFPekO6pBKy88UasFpe3A5ABN6RYEBJVSRbL1PlKrlO0pIg%2F8rU2eSz6hss%2BaCk74FDYcLqBNMZznk0PEjw%2B1qGBdV9QNtnHdPiEs3yTAQNb7a24lybtiJnJ2PBzpBUWqMuKPPOvfXumEryBdAHecjHrHRwzkh0Dh4le5F2AQvb68aVfHnEHUBJI92fSsv0NszligAe6qWiY0PVJF8da9aMbqwvreperZH8yDKXkgse19pHBR%2BupaJjQ9UkXx1r1oxurC%2Bt6vftcqzIhsC2ND3OBnVrt2EZa9IfPBVnD2a0EQLTtT8LjlKwl1%2BCPe5IMSgzjv3RtD9u9sje7xt9ihTSOiJDReg5IzMXBBzFtCxOXPndp2cM%2F3E%2FPaKnMCBexrDmkGOa0%2Faf3CZovKXivYjfZCEyM%2FxIkWGE2xPMr2FuV1vK%2FJpnZCJyoTl77uOcRWprf26U8T98%2BaVh6PzupDPUg2%2BFlvA2Fr6CtyAuRo2F7lITHJF%2Bi7y8uLGjJOwPeS5xfCgzOC2cid%2FC8kYbf3745HFnUPJ%2BwTCXM8A6hUMnFdStH044ECVkfehmoMXf%2FL6b%2BsVdhbgGl7dE76pn35njbpTrJoxSteVkI49bq9yyUxy%2FYMdd1U15CYmxdSy05KlDmadfDr%2FoOSdo8OPOZPDaAy9faP6RWMXVcyOXrHoII7LiulKZ4bKch3LYuTjEGKlxkL0CCJV4w7dx1%2B82i1iWjvyk8cnkIFWE%2B7go%2BwWMf6c3%2F4nA9XC6YznBtxzsxyGVDRNkZW%2BGurqmPWMUyI1wro7VCld2njFyOf1PBHWVcVALjHsveGDdBTfCGCgwH4AUmK%2Fv2ASyhQuIE0hnwb66AozWO5LPGd%2FPrm9CXMTDTozNk5eCZP1aEoKnr8eSO6iU3l26dUlVJFsvU%2BUqoJYoDwwQIU2QlGyDaY5AoQnVjXvlLnuUmJv5pXAI6PQ%3D&mm_sceneid=6_0_9308542502_0&a=xxc%3Dad_ztc%26mi_id%3D0000ld4g4VlGPGv189fJ8pODpYlBcqg2h0dwRvQx1BmK4bg%26skuId%3D6096781262854&id=977803988448
787314648963,POPMART泡泡玛特SKULLPANDA声音系列盲盒摆件礼物,69,¥,,泡泡玛特旗舰店,泡泡玛特旗舰店,回头客20万,9000+人付款,江苏 苏州,退货宝,款式类型:隐藏款 | 出售状态:现货 | 品牌:POP MART/泡泡玛特 | 商品状态:全新未拆封,https://g-search3.alicdn.com/img/bao/uploaded/i4/i3/2885348004/O1CN01W5bBnf28ztEUW4ze2_!!4611686018427382436-0-item_pic.jpg,//detail.tmall.com/item.htm?id=787314648963&ns=1&abbucket=10&xxc=taobaoSearch&mi_id=0000KaE6Q6drGYxfqdwQLj2M9FUcTCZSLQUIkiDYv71UVFg&skuId=5505782805204
956929647367,POPMART泡泡玛特MOLLY面包脑袋系列手办盲盒玩具摆件礼物,69,¥,,泡泡玛特旗舰店,泡泡玛特旗舰店,回头客20万,3万+人付款,江苏 苏州,退货宝,款式类型:隐藏款 | 出售状态:现货 | 品牌:POP MART/泡泡玛特 | 商品状态:全新未拆封,https://g-search2.alicdn.com/img/bao/uploaded/i4/i4/2885348004/O1CN01hYAs7y28ztEUOJ98w_!!4611686018427382436-0-item_pic.jpg,//detail.tmall.com/item.htm?id=956929647367&ns=1&abbucket=10&xxc=taobaoSearch&mi_id=0000sehHpridj77YH1aLK_IYutgoKPUxSZKtFTmR04VYEKc&skuId=5624591349456
1005919938924,POPMART泡泡玛特英雄联盟中路对决系列手办盲盒玩具摆件礼物,79,¥,,泡泡玛特旗舰店,泡泡玛特旗舰店,回头客20万,700+人付款,江苏 苏州,退货宝,款式类型:隐藏款 | 出售状态:现货 | 品牌:POP MART/泡泡玛特,https://img.alicdn.com/imgextra/jz3_4/2885348004/O1CN01Tq4rYA28ztEK67Zdp_!!2885348004-0-alimamacc.jpg,http://click.simba.taobao.com/cc_im?p=%C3%A4%BA%D0&s=1286882931&k=2381&e=TPBu5Ox%2F36DE6ItxVMOQlxtG8%2BCiChRPyTaW3QjQC8L700UJ%2Fhj6i%2FfQXhLUNWn3tI%2B3TGczqe17e4inx86RDXVlchBz7xt1XX9rmwE6NTQcssSWzfgkfO2Be4qP2CqMHw%2BZIYg1%2FUmSILzFcwNtSFA1ZJUhG5P3NRCEOpT0CmL6Fd%2BAWP%2Fnfz4NH1uzcvacyN64gnrxq3dxZuVcfraJlJBuF6JO%2BM87RPf3NgNKmetp9hDtaUO0XQqCp5f6FwdNtuuz74duV3LN5EezXKrFUUAeL3uTQTB2GSTJpOvBDm0SAoppgJj2rRXQQGsnqHMXbGL8tywCLCep6OJq2d6pVMl5tus79aG4FKHDOLDSi9ouAzp2Yo9BNU55maYg9vMayqyEoEUt%2BJUzg8tj4%2FcvVFRyTenweSth0GNgJWzrBh5ceDtit14eOhBs9bCK3SNn%2FBDPzKKADszinz0M0LDR2Pb1ySZzk%2F5hH33J4khY2evKvc6iTnlYBSNbATQlwVPSpVIZc74nHQCgu2P08r38E6X%2FLAj%2BcRrxZEd1hdTcTc%2BB0gUrmgnP5RWzz6mFjbqGnqopsz90UaNdl%2B%2FRwsL6t8%2FtLEXBSM%2B5XfKi9rlH%2Fhx82Tmrf3gZuk%2FIIn0lG8qlV1SK%2FYs9%2FyyVd4YFwXCS%2BhKYdVcZO5TKGGD%2BenyLoGghgnD36cvyj6T9yhY4mvklju2Jx4C3DymWVACu9tBdvURaTGaaGoBP0b0S4%2FiN7FhN7ypl4nZYAHP%2BDM%2BR7Ltcp1e3MjjuZNEGoSdkVRzdsvXjd0FTYaO573TmWWlOc4GhFhBgpskHYWE4OJYwy2S1bJLquKLhNExLZna5BkS2qGrZqfHV%2FIr0qf0rQAkwQoRXZG8sjXNWOaFH8gvZ21OWrNoezajIRYRLjicxqGC5vPGKh0LexMJbc62XCOfLx2qlC6cgmdTtzVSbCMW%2FD6JUpHbXXO9WqY0Yc5AzwRyF7m9znOvTt6kDPMLf531mc8po6YDooltUpJwg3pwOMnBhjN8NAJxhNqYsgT8onxMZbmV08YiJFs5UbDHK0FTHTOBylOF8wwCUAzgO352FTUJMJEf3qznQvU0ELcuOOUfiLLS20VXpocwVk2N3IPafE1Z7lkRxsHo1WRwaom3OxACfCRRY3Mbu%2F7qwFHkXU7nbXgFZ42Vsyl0QTfhPJV9KrnmxFiABP89ztQ5f3irJg96NzDom09lH8G1eaYmLnBV1tk%2BRsddI94od80qUk9kDpM69b6au%2F2%2Fjkkb43ZxnX3ouXjQ097JUIuF5UBE1yVAkPpoZe6%2F8O3wp5qmkawjvWVNVnede4c6XEDa47ZmYsVW1T%2FM9U1ijNl482Ary4o8Z4kG%2F0iDF45pfiuds0WTqCk3YTMQ3NU%2F2QN%2Fra9cQKjC6m%2Bgg9Uiq8ataaptHtwJnhzt8kFx4DDcqHfOWzs8RXT8l7WasNTwlH1YWs%2BL1LXC5irGLsTBCHs7T5gGTQaZ7dL1xCMXmRqX3s2jQQETXu4GZhP0MBKBMWYMYTgJqsj2OT67Z1Yt8YY1b0MVnM29KP0IKnZivBhsx6Pa9OCxgtyYLvU5ojKnb%2BtOw5XGWG1tjPEZE7Faj4peCgvWrt18zPAsTppCfm4MVsT2ALW8yXrEEd0hWbOaYHFSdo542ldVuBKm3sr301bBLJvwbBb7eKRWzz6mFjbqGKwdz1oHsi6Q%2B94a9qPAP%2BzZMuVjeup7BTgBwxyaY6KJcjAade0PV4xJDYwaNx%2B9KIZB6jC6WC2p8K1ck4LpTz%2B0hEz2uYNbp0oD7nByWxBvxgU9z%2Fd5z1VRV4sNAGdhB66HZ0wqhPOGwStvDbVhSNHfQClqxBzpXY5QWnedC97UYYeM9H4DLVj%2FVocvQUbmyjntT1YUOaEjaT1PiBu4l0z8Vy8AIZNNKlMToL42AGzgsE%2Bf72vYpAaJEQwgECjPK3BKUDLzhi3DoNqtoie7tmMQauah3D%2FpwP5dG2UDt0tSch3xVBjySpq0A7ge3rBCkszxE4fiIAMWe%2F8EJsiw2SdEi3y1FE16URP9MYHnR%2FAs4iC%2BDvak%2BwpUyQUNqX%2BNFXDBAsHY%2B%2FxkhFjdTsEQ7sbDCgs0zs4XUKCJkzCc3jxzhNS0BKyQYZx1lt7FSuLhhgcUVsJVn%2FqNJw5BmUlcBByT3PACb2nRlFw2j6WlRpinMsY7qebZ3bMiNcK6O1QpXC1aE0k28uZclruaJhFbt2pX%2F5Cl8oeSYyY9ql%2BxY7UXIHkgaj40MmCotyVkj2MoqfVUI5otoPx2%2ByK3Cnb0iHWVtTsxGurJJ7E4yViEprmHqohHjU0BKDAXjGBkrparOAnl2uvDKY5PzusZ3yZ9oCr1xCMXmRqX3DTHq5cCQhEs%3D&mm_sceneid=1_0_116045295_0&a=xxc%3Dad_ztc%26mi_id%3D0000RD4IR-ww2iJhvXjbeTbrGbRxaPRthLfceo3JI-PEGYQ%26skuId%3D6022196757687&id=1005919938924
930698090141,惠唯Yes！Me too艺术家系列 盲盒手办 搞怪可爱礼物 闺蜜生日礼物,632,¥,首单价,tammymagician旗舰店,TAMMY MAGICIAN旗舰店,,700+人付款,重庆,"官方立减12%, 直降7元,  3期, 退货宝, 包邮",出售状态:现货 | 品牌:TAMMY MAGICIAN,https://g-search3.alicdn.com/img/bao/uploaded/i4/i2/2219875493621/O1CN01N57ogP1ccTGmtEgzQ_!!4611686018427381493-0-item_pic.jpg,//detail.tmall.com/item.htm?id=930698090141&ns=1&abbucket=10&xxc=taobaoSearch&mi_id=0000jrngZouW9XbR_82wfRD1-b0b1qcWb8fZP2FgZcZBiyc&skuId=5982759890313
962666098578,泡泡玛特POLAR-Monster Baby 怪物收藏系列毛绒挂件Ver.1盲盒,129,¥,,泡泡玛特旗舰店,泡泡玛特旗舰店,回头客20万,1万+人付款,江苏 苏州,"超级爆款, 退货宝, 包邮",款式类型:隐藏款 | 出售状态:现货 | 品牌:POP MART/泡泡玛特,https://img.alicdn.com/imgextra/jz3_4/2885348004/O1CN01tEDlnx28ztDUYAZuI_!!2885348004-0-alimamacc.jpg,http://click.simba.taobao.com/cc_im?p=%C3%A4%BA%D0&s=1286882931&k=2393&e=ds8BD%2FiYV2TE6ItxVMOQlxtG8%2BCiChRPyTaW3QjQC8L700UJ%2Fhj6i%2FfQXhLUNWn3tI%2B3TGczqe17e4inx86RDXVlchBz7xt1fpT1LzcYcGqRkw28A4y47u2Be4qP2CqMHw%2BZIYg1%2FUmSILzFcwNtSFA1ZJUhG5P3NRCEOpT0CmL6Fd%2BAWP%2Fnfz4NH1uzcvacyN64gnrxq3dxZuVcfraJlJBuF6JO%2BM87RPf3NgNKmetp9hDtaUO0XQqCp5f6FwdNtuuz74duV3LN5EezXKrFUUAeL3uTQTB2GSTJpOvBDm0SAoppgJj2rRXQQGsnqHMXbGL8tywCLCep6OJq2d6pVMl5tus79aG4FKHDOLDSi9ouAzp2Yo9BNU55maYg9vMayqyEoEUt%2BJUzg8tj4%2FcvVFRyTenweSth0GNgJWzrBh5ceDtit14eOhBs9bCK3SNn%2FBDPzKKADszinz0M0LDR2I8iG1BiYpvtAP9UmDq6xhnE8XegUlXBbo%2B9%2Fia%2B5vHGHsSYRwDHTXabp4WcMj09kNoJP4YyOW6cuKe7Jdg1neZy58ejAeuEKjMvNRdVQeGrHdgG6rb2aZYeDpNxyHdO2VTaRnFBeotTYSuhy4W3A3WjVQNW2pBeEi%2Bgkn99jcE6Bv78Thrpo6tgVF%2BFr0PtW4bRUGyFAaRLAkYH1Uqruqw0%2BiyjbRS%2FQ%2BJo7amTex%2BQMw74XO4E31pO75H5cwZ9fiX3sQU%2FFbcz0lEp%2FKWDzp80JtqrKxunhE%2BlvPmD0fuaLy45hyR5XtiMnPcHNj4nRgWS64LMl0hBuauE30%2BKz9eSNuBp4t0uTgA6%2FZOJwoi%2BXj46w3HbtaXEYWm%2FqCC%2F0NV4XRQ2srhZdqSG%2BFmpyNmzBtNR7XLmhPMAaVnEuztqVk1IAPvtoHovejqLGGo5shHPqQNyXcSqXdJSP16XqBm3RzV7boJhG0kKkiz2VJHZKiTwGb%2F5Iask5WvHyYObxXqhRyvVcWQ1%2B8sByFelL2nfNX36oxb8%2FvL2FPfs6l%2BrB6Er%2Fftm3MMY%2Bi39VH9kFumKq32CwRNbFXhE7UdCYQgPCSMsaN9gYYzsLLPpWroPgBb%2Byk%2Fge7N3pFf675%2FphV3Mq6xV1dMdqFksLPb4xg6PjxaP2IRlXR3szokmzriR2LV8OgjB5e8oIZUTEEa50BNrrYDBwjxAnABdJ4cy%2F8JO5zuvI%2FuV3WAH6%2FWv11ikmuNth7xoreeeDqqweeKTshB0RFAOARV0K9OuZhZdibNIrWbvX0BSmIZ7m0wCW7AcKz1MepgmCP1uiWTKtLmzyEgTt9C0UihjjiJ6c1LHkihU2kZxQXqLUwVy6giYJBfLHg6Tcch3TtkzLzUXVUHhq1fHf78HxuW2o1UDVtqQXhJU3l3OeF4dUuCJmMc1%2B1%2F%2F1hfbEfR1FP8K2k5%2BLAj3rmZWRcMiik8GJFm4Nkoybxi%2Bcl4GKsasqjT6LKNtFL9DA8fvEBJA4xLZ5LPqGyz5oKTvgUNhwuoE0xnOeTQ8SPD7WoYF1X1A22cd0%2BISzfJMBA1vtrbiXJvwfszj48ZudszsXllvNdT3pX0tgDEC%2BKcMhMCjrGUWs9w4xKPYsJ1i%2BZWl5xqswT8XIeiJZEYorfQ2zOWKAB7qAbK9YRiYtn9dE%2FKiBcxIuV6tkfzIMpeSCx7X2kcFH64Bsr1hGJi2f10T8qIFzEi59%2B1yrMiGwLY0Pc4GdWu3YRlr0h88FWcPZrQRAtO1PwuOUrCXX4I97kgxKDOO%2FdG0P272yN7vG303s1NtIdi9DQHRLTeNGIFf2k9T4gbuJdP%2F%2F6OKgBwwVjos6xKK286HEl3jzE9dIBBVTBMbyw4mMfW9zJ4EPArfsax8Q%2FN9KtdJuyDUn3kC8EVfiQYMbsYoo%2BSRgBiT4wJBzI1%2F%2F4LlAcH%2FiIe0kImv236jCjzKGClB3pTslAPTr71vYD%2FwfOhEfnbeR6bxhfwPHCJnqijQtgvFRairxKMv5VXGDC7gtT2bT4waTtwObU9S09gbb0%2BZ06zVxeYS5hwrJbVl3IbqmbAnRjmogapjZOVIK6pika%2BUvD2kh8g%2BObYxn930YE760ufBoxMJvWhQmHu8n1NvPd93t8mdHy4Wf99P%2FK%2BsBHQt7TmYSikOEUWmnHFJnNmMhGYoVIVTK2nM8sxxrS4lcQW2%2BNALX6sSnJ48WfANLJ5GeOzxHTdigHQJUWFwRYGJ%2F363I1RwUnP274ZkHoJGKhPI5QABoDHnb3Wid6lV%2FekBzgT5K462QF%2FIwqFjb17w3zV9%2BqMW%2FP7yYckoFF5MJbslvEk15ab0MirCZBAElN%2B9fXq4vtFjIQzIWpPpUFJrbZr6iQlUyPX0QXovFjb2xpVsFwfZzEuAGDNYpzId%2BCk7t75AIX0WGg%3D%3D&mm_sceneid=1_0_116045295_0&a=xxc%3Dad_ztc%26mi_id%3D00000Y7R2WhrxrTweDbZpofZe-S8AMsIbV9GV-LHeMXdtgk%26skuId%3D6140751302605&id=962666098578
973909431814,【原神官方】愚人众执行官系列Q版盲盒盒蛋 Genshin,531,¥,,原神旗舰店,原神旗舰店,回头客60万,1万+人付款,广东 深圳," 3期, 退货宝, 包邮",,https://g-search3.alicdn.com/img/bao/uploaded/i4/i1/2208460416125/O1CN013p7AgV1v7IzbtlX8z_!!4611686018427380861-0-item_pic.jpg,//detail.tmall.com/item.htm?id=973909431814&ns=1&abbucket=10&xxc=taobaoSearch&mi_id=0000etReJZAejMxt2x9W3e1TIbzo7nrr6H2cw1HeighGi5M&skuId=6093164658999
743848939152,MINISO名创优品三丽鸥魔法物语系列盲盒摆件单盒潮玩摆件可爱童趣,39,¥,,miniso名创优品旗舰店,miniso名创优品旗舰店,回头客200万,9000+人付款,湖北 鄂州,"退货宝, 包邮",次元优选:IP联名 | 款式类型:隐藏款 | 出售状态:现货 | 品牌:MINISO/名创优品,http://g.search3.alicdn.com/img/i3/127238467/O1CN01r4jF9M2CPwNxYYHOR_!!0-saturn_solar.jpg,http://click.simba.taobao.com/cc_im?p=%C3%A4%BA%D0&s=1286882931&k=2201&e=5HOHEutrrAPE6ItxVMOQlxtG8%2BCiChRPyTaW3QjQC8L700UJ%2Fhj6i%2FfQXhLUNWn3tI%2B3TGczqe3SEwTNAbSJU9HRCAQNah0o2QkaHdbr4JUcssSWzfgkfO2Be4qP2CqMHw%2BZIYg1%2FUmSILzFcwNtSFA1ZJUhG5P3NRCEOpT0CmL6Fd%2BAWP%2Fnfz4NH1uzcvacyN64gnrxq3dxZuVcfraJlJBuF6JO%2BM87RPf3NgNKmetp9hDtaUO0XQqCp5f6FwdNtuuz74duV3LN5EezXKrFUUAeL3uTQTB2GSTJpOvBDm0SAoppgJj2rRXQQGsnqHMXbGL8tywCLCep6OJq2d6pVMl5tus79aG4FKHDOLDSi9ouAzp2Yo9BNU55maYg9vMayqyEoEUt%2BJUzg8tj4%2FcvVFRyTenweSth0GNgJWzrBh5ceDtit14eOhBs9bCK3SNn%2FBDPzKKADszinz0M0LDR2KjCJ%2FzHSmEf8P0gE2p8bgjX2tTWHRb6VSa0Z2jjrJBdoeIHfSkMkoYPuU16RHCmT5Ki9bnN1KXxLWltxrHxYIoDBhVtiVWJ6REvHyUv8p51SMYCts93%2FXJwOZX1PvuXm6O2cSGYBkqBn9Yl4O1RBM5NtlNBGxGRPRDeA9DyCx522OrEMfa7pr%2FU2omC4flC0e%2BnQAxbkXJaSMYCts93%2FXJmPN6aO8Sv4yj1HgdwBC5ZeaHjDIbhOCms4VVe9T0f2sC6xA%2FWd1cwiSv0wmwEb9fz9m69fuXW5pAK4CfbiQLwHlbkgXK1KhbhfGn0IPRy%2BWy3i6nWk9iWkQY4VoS3Cx1FTzdheMPBNggC9gN5Cj9NuilCsQ%2BYHFn20382mIno4WK7mqN168pYkqDJpaqvvaVeWAHpOdshM4Lm2oWmDUEdwtJu5x1LrCxhy8Wuy6%2FusM27Tf%2FO6IweGf6vVc1dQvwyepRilSv9g7uDXyts%2B4ddD1%2FIkmnxyIMCg70%2ByGOv4lW68EeB2tWXAc8bUsTZGL19gmusP8TT%2BHTlpzlRbQ2HK%2FQBbV2UidE0t%2FUWZTaFPJTfDmkyWayM%2FoIQ%2Bow%2BkkcNLJOnaLGYphlbo31z7J02rG9sygCIldL7CydVvObTn7f8yo1xo6XtPAVFwSQNi%2BZ1T7mbNXaT8aX5SlMWuge5I1N01pM8mSwz0zkymu5tUUovOOcmxsCMEsSOKqZony5boyz5ZamLlvVOe%2FgidRPH7ew2%2B39rX0UCskJ1lWnM2biPcDiyO5SMKgrM6E6ARgzfRdhxttuaUnbTFhd8E%2FLBWbq%2Faz4wvxZ52stk61WZIPzto%2FUhhU79AT91xHN5JPb3zdpwMvfmIR%2FKCjjmH9z%2BmeNPi0PrhutcMECwdj7%2FGQyr%2Foom%2FmpNPPWm1TFI2mlMTsgGrtAmdrgx4yIzf%2BEft3xpu%2BqixHlEL8xqnZhj%2BwnVjXvlLnuULFHSxUXwxDRdIhnQrkUBnL%2FPkHOMkXitTPjfdHJAwGJhy8Wuy6%2FusPZ%2Blbos%2FdO6gNGuXRRB8ELdCA%2FQqsIkpmHLxa7Lr%2B6wDVWD0u6qqMiPbJfM%2FpZq8IgyAmkk%2F%2FCxb2THG2SkfZp%2BnAiGwkW3rVI1kJ5UsrjgVUv%2BxWs1vM3OFt2U9gQ%2BjBUejcaD9GFJwZWWnEGGDEgdNoo2tLZYrixOXPndp2cM%2F3E%2FPaKnMCBzgcDnpajXA15Sc2AGpOC66Ukq4wYMnv%2B7YtksnrJnWjxkcpG2nOVOB44hoUZdkf0tu1SWaLwPXZ52fWf3%2Fs0CRGYB5%2BeB4zB6B4o0pr65m4daEP%2BpVF6XKLkLGQrnImqXiXASjI%2F3sB7bhHMYfLdBxxps4CqhNRK88ANtjz25SxAlZH3oZqDF3%2Fy%2Bm%2FrFXYW4Bpe3RO%2BqZ9%2BZ426U6yaMUrXlZCOPW6vcslMcv2DHXdVNeQmJsXUstOSpQ5mnXw4oMhfKNqNRMecyAube2FMjamLHvvgnio3%2FI9H9u0tWSob1V4Ags8GWKqeB5KaWTNSeww4TKqRndtqAWDD5u6QTacHuuftOirdr1fTgggQT5w1XBLzZoLJbhE%2BUtrTvZg54sVmS3NsxQLt2hwXPPoojqO989N%2FsthJAzQmYb799v0NfqxPtHHvbh701TMiRN%2Fnz2gt1shj4oAE%2FdcRzeST2mx0TByLw7zvHG1JiTQ2H9L3nfcIgpGzQl7cWOqHB%2BEcO2hDUNfBKgQ%3D%3D&mm_sceneid=1_0_127238467_0&a=xxc%3Dad_ztc%26mi_id%3D0000ciZWTC9iTp2jI3y27Q2EKSDOJypO5zrHUmv4BZDDFek&id=743848939152
973437088323,萌宠熊猫竹林秋千梦盲盒手办公桌解压小摆件儿童男女生日礼物可爱,22,¥,券后价,tb0072732_00,趣加好物,7年老店,300+人付款,广东 佛山,"淘金币已抵0.19元, 48小时内发, 包邮",出售状态:现货 | 品牌:四森,https://g-search3.alicdn.com/img/bao/uploaded/i4/i2/1050503164/O1CN01A5gXN81ZFAEw4Os9p_!!1050503164.jpg,//item.taobao.com/item.htm?id=973437088323&ns=1&abbucket=10&xxc=taobaoSearch&mi_id=0000gbeqSysUMune-bZKheuO--KP7qzdLSO0xoRszlYYnI4&skuId=6018011748899
1006894398707,马上有好运盲盒2026新款马年吉祥物摆件公司年会活动礼品新年礼物,16.8,¥,券后价,ak79472519,小海妖潮玩盲盒,,100+人付款,湖南 长沙,"店铺满20减2, 包邮",款式类型:端盒 | 出售状态:现货,http://g.search2.alicdn.com/img/i2/130232816/O1CN01xwwxTT1WfmRKooFoZ_!!4611686018427384304-0-saturn_solar.jpg,http://click.simba.taobao.com/cc_im?p=%C3%A4%BA%D0&s=1286882931&k=2349&e=cgUdsZlp32PE6ItxVMOQlxtG8%2BCiChRPyTaW3QjQC8L700UJ%2Fhj6i%2FfQXhLUNWn3tI%2B3TGczqe08KrLECbrlVb7ysojP0Dg2EyhYDY9MGpmRkw28A4y47u2Be4qP2CqMHw%2BZIYg1%2FUmSILzFcwNtSFA1ZJUhG5P3NRCEOpT0CmL6Fd%2BAWP%2Fnfz4NH1uzcvacyN64gnrxq3dxZuVcfraJlJBuF6JO%2BM87RPf3NgNKmetp9hDtaUO0XQqCp5f6FwdNtuuz74duV3LN5EezXKrFUUAeL3uTQTB2GSTJpOvBDm0SAoppgJj2rRXQQGsnqHMXbGL8tywCLCep6OJq2d6pVMl5tus79aG4FKHDOLDSi9ouAzp2Yo9BNU55maYg9vMayqyEoEUt%2BJUzg8tj4%2FcvVFRyTenweSth0GNgJWzrBh5ceDtit14eOhBs9bCK3SNn%2FBDPzKKADszinz0M0LDR2InWwYbKQhL82Qf55yDmlOTE8XegUlXBbo%2B9%2Fia%2B5vHGHsSYRwDHTXabp4WcMj09kNoJP4YyOW6czkq944cFSfTdijGUiTvIvPS1qH4V3EI0c8GpMmoE9zCOzcoySrPCMNOnUwNvy%2FLGwi%2FLBe29jLrDfeJHFlUmOjMw6EJCSMr5aWVpbJs2MKBDHJ%2Bq3Ny7Js9AjAVKHzByAUemsMV6%2BhNjzfAPoEkxFekDBExLsvJG7kGEzV%2F5Ns%2ByfakhquV9Y86ofqPqzd770lEp%2FKWDzp80JtqrKxunhP1aON%2BgCsoFbLhxc4s8YRs%2Bzt8dANcCaSFDOQoOYqE6LgG9LkdkbcyD5aRkxdVPJsc9gRI9Bo3sZJP7C41bHewLiTQwiXoSdNif8J56Yy6TpVwQk%2F23mWl31EZZkFFQ6zBDpveaQXhwqFsOPw%2F99Qcnj%2FreeYPGJtgALVLpX7hH2hkCOWQwgpGMK1jBvQZsBjovce92SuQWQHAoP0gzXWMZ%2Fq9VzV1C%2FD%2BRxJZ4MC6mBTXjj06BBIdq3ObpY7h4NExR1yYL5N60AhoG7U%2FilemB%2FQQfTGU13vN2iE1QjWAHJIEpP%2FcCpaPjVvrX7RZPCKMeXu9wfnXf2xp3tmkJausdjaqHCaupsoNw0wqphQUwz4sCzJfL9VYegiXoOM9HKPKJLO2uzcyaqNSIz%2BUBPf2ihRJjbldB0AqN0Bh8rkTgPfS0mB5hLv3RyU4zKDijS7BWHZfqZFyZIKAPXrKo6rf8wZwG9jTzbHCWMdw5kiU80haZD94fcWcnot0l8WaqCMadOMR0lZ19qqaqnEJRJfveZRn5GNq1NcaQaYI99HQxsyx4I9pvlCgoDTAQjKbO4JqQaTxa2CTh9u6SlPNct8X2byXZF8g%2BLctHqh6TyeSzICenNHtQGNEWrKg0JP7%2BAKAMuJivshYURE%2BVrRA42Qbz15Zomfe4UpOECRKEdTTHKCGuYkqZU18W%2BKitWZhe773nfcIgpGzQl7cWOqHB%2BEePb%2FBndgSJRwVuGAXdNXh3pS25Ig5ykukt403eWRVpTOOofbKyYt57EiGjiL8LS%2Fg%2Fa8HDPeXBQo6vfjEHvd3JC%2Fz8IWVawh%2BbSnhjCKbAdFtimo8gPAmK870n8kCdzbJUqMeg3VGft6t%2Fxkj7xmT7DcrhxPgy%2FTj6ddN4DFiM6TV8ffeflnfuWb1CWu1JBTf37XKsyIbAtjQ9zgZ1a7dhGWvSHzwVZw9mtBEC07U%2FC45SsJdfgj3uSDEoM4790bQ%2FbvbI3u8bffa292Q6N2XEZMUQQoHndNXaT1PiBu4l0%2F%2F%2Fo4qAHDBWOizrEorbzocSXePMT10gENsN7K76%2FId%2BOB9e8i0NbaB%2FjsBrBczDOrcKVf1Jp3jpFwUFUAgqpywz%2BM%2B%2B5z%2BrmkvkCOCk%2FouJrZ3Z9hWdjp0PeS5xfCgzOC2cid%2FC8kYbf3745HFnUPJ%2BwTCXM8A6hcOqrmutmkpE6OcnV6a0MkzWwTGUpAwTKiMgm%2FwbPPoFcVIO58umTWgDk24fVR4ODCuRFJrtdr3KArH8840PmLghbJ6SrDgucgmF3%2BxodPfv4bKch3LYuTjEGKlxkL0CCL3ttJvxvgXwLWdjq5HC22gm98aAoXRcyfKGgNHnCsjUZJP7C41bHewLiTQwiXoSdNif8J56Yy6TpVwQk%2F23mWl31EZZkFFQ6zBDpveaQXhwqFsOPw%2F99Qcnj%2FreeYPGJtgALVLpX7hH2hkCOWQwgpHK4qHZFO2fV6UImh3RQiO7Oi9x73ZK5BZAcCg%2FSDNdY1bHff5njD7y2jll2dQGUjgSNHy3MyhhFtRX6EfKIL0GcUfBg3JibcHZ5LPqGyz5oKTvgUNhwuoEppQSIalcraY%3D&mm_sceneid=1_0_130232816_0&a=xxc%3Dad_ztc%26mi_id%3D0000OixLy-C8tKU88NwSrxAgfHTQsRGNwSwcUBlfuES7NnQ%26skuId%3D6169017966950&id=1006894398707
933982626694,史迪仔盲盒摆件史迪仔盲盒摆件搞怪日记系列手办盲盒桌面潮玩手办,35.6,¥,,a丶安心,酣睡小熊妙妙屋,,900+人付款,广东 佛山,"包邮, 公益宝贝",款式类型:端盒 | 出售状态:现货 | 系列类型:联名系列,https://g-search3.alicdn.com/img/bao/uploaded/i4/i1/2200555745852/O1CN01pkTYhm1t6Gq2czsy4_!!2200555745852.png,//item.taobao.com/item.htm?id=933982626694&ns=1&abbucket=10&xxc=taobaoSearch&mi_id=0000dlbYZBNdoCLsvPzz_W09cDXSUxTh1buoFQchrHK2PBw&skuId=5823078324686
994557711628,洛克星球蛋仔派对潮流主题系列电动盲盒桌面手办潮玩玩具摆件礼物,79,¥,首单价,洛克星球洛星专卖店,洛克星球洛星专卖店,,400+人付款,广东 汕头,"官方立减12%, 直降10元, 淘金币已抵1.58元, 退货宝, 包邮",出售状态:现货 | 品牌:ROCK WORLD/洛克星球,https://g-search1.alicdn.com/img/bao/uploaded/i4/i3/2221200447005/O1CN01hbiFPp21cLXxFGxBi_!!4611686018427385373-0-item_pic.jpg,//detail.tmall.com/item.htm?id=994557711628&ns=1&abbucket=10&xxc=taobaoSearch&mi_id=0000e-Mgq888xLMkSzFZOeHv8YBxx-ibWQpxz-Dya3xLXSY&skuId=5989278093560
965097926686,大美术馆 全世界财神到我家盲盒招财发财工位摆件手办生日礼物女,78,¥,,大美术馆旗舰店,大美术馆旗舰店,回头客1万,3000+人付款,广东 东莞,"30天价保, 退货宝, 包邮",款式类型:隐藏款 | 出售状态:现货 | 品牌:BigGallery/大美术馆 | 商品状态:全新未拆封,https://img.alicdn.com/imgextra/jz3_2/2212237844704/O1CN01lEHsXI1kcUCgMTZoA_!!2212237844704-0-alimamacc.jpg,http://click.simba.taobao.com/cc_im?p=%C3%A4%BA%D0&s=1286882931&k=2361&e=fgNk7dubcBPE6ItxVMOQlxtG8%2BCiChRPyTaW3QjQC8L700UJ%2Fhj6i%2FfQXhLUNWn3tI%2B3TGczqe00JdlGBkOnncEyLQ1AEgs59waRS88Sk2mRkw28A4y47u2Be4qP2CqMHw%2BZIYg1%2FUmSILzFcwNtSFA1ZJUhG5P3NRCEOpT0CmL6Fd%2BAWP%2Fnfz4NH1uzcvacyN64gnrxq3dxZuVcfraJlJBuF6JO%2BM87RPf3NgNKmetp9hDtaUO0XQqCp5f6FwdNtuuz74duV3LN5EezXKrFUUAeL3uTQTB2GSTJpOvBDm0SAoppgJj2rRXQQGsnqHMXbGL8tywCLCep6OJq2d6pVMl5tus79aG4FKHDOLDSi9ouAzp2Yo9BNU55maYg9vMayqyEoEUt%2BJUzg8tj4%2FcvVFRyTenweSth0GNgJWzrBh5ceDtit14eOhBs9bCK3SNn%2FBDPzKKADszinz0M0LDR2Os9n%2FnjUZlppVIZc74nHQCYJaijH9Cj5m%2BX8ILkMUPTi1s0fr4%2BLjGgu2P08r38E6X%2FLAj%2BcRrxZEd1hdTcTc9%2FUsGUC8n8LV0thIcW1B5Ev6wEqJX7VQudqtZNyIadKf0NqhIG4Zfnyt9WjZvMS6tjorK3RRhnN0uWUWw1kZ5Tj3x%2BB2GVA3Iqwtp7tQHOtBstXA6TZ7lFbtx3RYpbtcqUv2%2FUzU95n4QkKEbMTjt91NUkRIctN1d5oeMMhuE4KazhVV71PR%2FawLrED9Z3VzCJK%2FTCbARv1%2FP2br1%2B5dbmkArgJ9uJAvDPCjzcot%2Fz%2BwLJqeizWgWufHkCuTsZ7%2F2wgSijoeWpDRaF7XPJmKiyz%2FkhQnvoa30AOv2TicKIvj7ZZoCuYI2BFPD6aXt%2FmXf448BHXO3IBuSd5t2IbTAbFORLWEQe6whql%2BFnl7DOxuSq1ya3egkbKfDoAwqkE1BDQGIYXSW%2FXPpaTNDUVqTSZ752wh1rDlNjTl0iWZYo4GVtTsxGurJJKjSGl%2Bfk%2BFblsmdrZtWiCc1r84VWtrUX8PMVCxeoC9bg95OZ%2BmhIR4Clf7ZigOSxSwV967QeM8KSYdCcu0n6ztw4NVw%2BTOIKRpxXHgUQ%2BEDfA6XLCZPFgK3dNMRLUO0Hy8AQ8VNk2oFH2fmIo0F15GNVDMi6KaW%2BXKbDD7G1zfLlsjhVwzmRjyTPc5nR%2FDDcunkyV70bhK95DtA23wrE3%2Fv0MWB6Kc4DGT2E5pY4Xf0Ytqt0OAbgIGMduOyE67B6EiQFMITWnims%2F34TOLzQQ%2FlDlY0PZvVjRVyl0owzBWcWet%2FrzIy4Q9%2BDCaL6BoD79W%2BOmbpvfeEQGRO80WSgnuM5wLf1RhoN%2Fz3nyDFMOpc%2BiFq9zrjwcN9J8wcoMBTPQk9k%2BKS9J2V6SzTOHmNCoujX9j4PS5mi5zIC5t7YUyMuSz9WMVCTRKwdhOj56AKGEqj5mq8YIiFLllFsNZGeU58SQIeA8z4GcFZruRJn4bD6A3t%2F2h149nWZZzo%2BBCaR9J%2Fk1O25dPIBIqJz%2B82KytPdS%2BlWICvDGu1%2B0B8Q%2FA1IB7I7wpbpomJ0%2B0%2FH5XnFhphIUqV9twlCBURWvFklR%2Bg9NHdjFKaNLca38HTEH1CkfBB2CMgS%2BD0cPkFi5fHXKfqDE27wKVzqIf8bdBpNnaqmqpxCUSX7GJKWzW0yUr8p%2BoMTbvApXAgtTg0GAeyQ6eW1P0rbTut8Y8aOUUdGWfArP%2FxhvZq7ssQcqO%2Bzsv1CKVA%2BcqevHVWFYeo2O2QjeSYMbaW11bKEfoxMDEEHKNKA%2B5wclsQb8YFPc%2F3ec9XUXYAkZjf35ht2KIBP5m1RGcq4LrCsyDqhE4BVdAKu1fJ0MGXj7ZteLdE3zw42KYbcPie66PkIVRcFBVAIKqcsM%2FjPvuc%2Fq5pL5AjgpP6LiUe%2FEDIq%2FNsuD3kucXwoMzgtnInfwvJGG39%2B%2BORxZ1DyfsEwlzPAOoXrCOGsHz%2BquBAlZH3oZqDF3%2Fy%2Bm%2FrFXYW4Bpe3RO%2BqZ9%2BZ426U6yaMUrXlZCOPW6vcslMcv2DHXdVNeQmJsXUstOSpQ5mnXw4oMhfKNqNRMecyAube2FMjamLHvvgnio2HlE0w6ge5BLAE8MP2ClQ%2BKqeB5KaWTNSeww4TKqRndnCUz6qQ8izfJ2kl8UiO5XsFtvjQC1%2BrEpyePFnwDSyeRnjs8R03YoB0CVFhcEWBif9%2BtyNUcFJz9u%2BGZB6CRionSIszslNzQ%2FT4OaAgYvrTIJPj7pNYbZ37g6aLr95%2BKCpC31UUPRlKQFdrT%2F8o9an8DSlV2kpTuX%2B60%2Fz%2FbubCtMcgqGXMHBhofZo%2Bkr9lcnI5cGK4Bzk3y%2BcJVOftL%2BO8E4zgMOzT6w%3D%3D&mm_sceneid=1_0_1961980074_0&a=xxc%3Dad_ztc%26mi_id%3D0000AnfJMFePpW_QUqd2kcoYC4xQmg9FvuA0YVTifIKckqU%26skuId%3D5847343418307&id=965097926686
987349432330,【米哈游/崩坏：星穹铁道】男生宿舍系列Q版盒蛋手办盲盒 miHoYo,69,¥,,mihoyo旗舰店,miHoYo旗舰店,回头客100万,1万+人付款,上海,"退货宝, 包邮",,https://g-search3.alicdn.com/img/bao/uploaded/i4/i3/3249253975/O1CN01Kf9hkc1fEbSmUcdmo_!!4611686018427383383-0-item_pic.jpg,//detail.tmall.com/item.htm?id=987349432330&ns=1&abbucket=10&xxc=taobaoSearch&mi_id=0000YA5luJBcWbQz1S8y2hJnDmisUybFBohc4D0yN1IsKQU&skuId=6115626483635
,,,,,,,,,,,,,
,,,,,,,,,,,,,
1000950555866,popsunday摇钱树新年礼物花开富贵盲盒创意桌面毛绒摆件员工礼物,588,¥,券后价,popsunday旗舰店,POPSUNDAY旗舰店,,300+人付款,广东 深圳,"官方立减12%, 退货宝, 包邮",单款概率:1/10 | 款式类型:隐藏款 | 出售状态:现货 | 品牌:POP SUNDAY,https://g-search2.alicdn.com/img/bao/uploaded/i4/i1/2216305956916/O1CN01dzB1L020xaIzgtVtO_!!4611686018427385908-0-item_pic.jpg,//detail.tmall.com/item.htm?id=1000950555866&ns=1&abbucket=10&xxc=taobaoSearch&mi_id=0000mQAobyVcye6qOOX5xSIr3VlT7s19hqbYrbj7EP_zkZE&skuId=5990328520627
866587813001,【现货】正版又梨五代璀璨石刻系列盲盒可爱摆件潮玩公仔手办礼物,60,¥,券后价,喔喔城堡,AWM星球趣玩,,3000+人付款,广东 广州,"店铺满11减10, 48小时内发, 包邮",出售状态:现货 | 款式特点:静态,https://gw.alicdn.com/imgextra/O1CN013yLYmP1nkg7vakHoV_!!4088555128-0-picasso.jpg,//item.taobao.com/item.htm?id=866587813001&ns=1&abbucket=10&xxc=taobaoSearch&mi_id=0000kJMIp8Ub8ZuAB7IcQQOeHnXf7E-s4zhuDYSQJEsyFnE&skuId=5860817239680
745205516644,手办定制盲盒公仔PVC卡通摆件钥匙扣企业吉祥物树脂玩偶玩具定做,10,¥,,tb4914932656,深源礼品定制,,36人付款,广东 东莞,公益宝贝,,http://g.search.alicdn.com/img/i4/5157336262/O1CN01QAWLg41w83B1HMuYa_!!4611686018427385030-2-saturn_solar.png,http://click.simba.taobao.com/cc_im?p=%C3%A4%BA%D0&s=1286882931&k=2189&e=XTEf5pJfJO7E6ItxVMOQlxtG8%2BCiChRPyTaW3QjQC8L700UJ%2Fhj6i%2FfQXhLUNWn3tI%2B3TGczqe1JPz7NLCQM6HADfY1Hju%2FQ3%2BkdimbZVC2Rkw28A4y47u2Be4qP2CqMHw%2BZIYg1%2FUmSILzFcwNtSFA1ZJUhG5P3NRCEOpT0CmL6Fd%2BAWP%2Fnfz4NH1uzcvacyN64gnrxq3dxZuVcfraJlJBuF6JO%2BM87RPf3NgNKmetp9hDtaUO0XQqCp5f6FwdNtuuz74duV3LN5EezXKrFUUAeL3uTQTB2GSTJpOvBDm0SAoppgJj2rRXQQGsnqHMXbGL8tywCLCep6OJq2d6pVMl5tus79aG4FKHDOLDSi9ouAzp2Yo9BNU55maYg9vMayqyEoEUt%2BJUzg8tj4%2FcvVFRyTenweSth0GNgJWzrBh5ceDtit14eOhBs9bCK3SNn%2FBDPzKKADszinz0M0LDR2KTqGHpt8qJGBiTc2fCvTSJbhibahBhnri1IFHBbmDfeldPB4gHR3M2preScIu7hmZ1q2LeF1wvi5mJcvmx75kVyz%2BJHLIdZZg0Bxel9ruQTn7qcwGmwFmC7E4zuKXQTLlO3V5zUJPkN7S7QkNJzOJcBs%2FY4glY9FuEwqNVHvpyorl1EEkhUOXJpRDGkfiekUKPpsU5Px%2B%2FukbeKd2%2F4oqZ5oeMMhuE4KYN6TEreJotz%2B%2BPxmdETwM5tc6C2kw4mBNTjfAxWqprkqf3MR2t7W8CuuKWSrP9cLaA0%2FyZp6mxSQNMhgXVX60%2BiEzeqq8gsd9dva9DQi%2FK0S2IIIKut4dNplhCiIkDmRrnMZmdpa%2But129r0NCL8rQYjhXGZg19Wzm8cmYpsXs9URi%2FkeknIiPGvxGQ6eFgKyT3PACb2nRlqf0rQAkwQoRlgHfjuqnksNfS7QtbyuoIJ8%2FazafmM6rtqvn8k8d2KqHpJhLH6jGdrFwHnuq6uaTur1yQnsB6l9gP5TtaKjIDewde8eqUbpj%2BsXUk0cKaHGE4gDOUVVyeH2mkb8NCOArxY2e59gm5waVhBurxXoOyf24NGkP7p0%2BA2hDYDTABhlnt8RPjgcM2mdLrYoKOWNT4C3Bb0qbEUu%2Fl9YWkEN0tjgvXdEkawKVs7glYoaY9T9xUEOUT695FHyKnKPDJmMZpjS6%2Bm4a9M4K4XWdibGCHvSyza%2BsOz3sSJAUwhNaeKdV7%2BLTWLEx9tl%2F%2B0ORqzZgW6xihtKhhd9%2BDCaL6BoD7ROAD1nEpVnPhMKjVR76cqK5dRBJIVDlyaUQxpH4npFCj6bFOT8fv7j4VL%2FN3NMrpyAOlBdUptzPUjcYs99jhMuRY2M1BcqwEeaS%2FrHTGMbW1SRXuv5Nh1hasqDQk%2Fv4AoAy4mK%2ByFhTClix%2Fm%2F91iepIwYAG%2FSuTXA1ttB8FzgHhsr1tPMuX72cy%2BpE9bBSHXlrtAe4obY9b9a4PCa6iQ34Idvhyt8KXVUIJr877mQNmoADOerPiAijuy46j1CCvMSsiRvIa8HYAg6uX6WyRyJ%2FQZm1STsy1KO7LjqPUIK%2Fl2HMmBWXSOIdaFi4wnluTvjGJ1rmjbaLHiPOyNKB6ZCuRVnx037oDzpDAN0rdu1e%2FvAuFXfS35xiKutAipDYzJ9NS0TuFMEkoUQfqKhDsVKJzkGVIo%2FccCZ2YSWq2VB3OjhFEAnacmonTiDqmokJIPb8QOb%2BQ3sg2uxRZ2g%2FeP%2FDWCICWd0e9Ns5gnMZJe39o8bQ%2BPIztwHI0zaa3s74mMrVF4N2OFt1RzVbq223f8kHelOyUA9OvvW9gP%2FB86ESXiXASjI%2F3sA8cImeqKNC2C8VFqKvEoy%2FlVcYMLuC1PZtPjBpO3A5tT1LT2BtvT5nTrNXF5hLmHCsltWXchuqZsCdGOaiBqmNk5UgrqmKRr5S8PaSHyD45QNMhgXVX60%2BAv4cJYzXestdva9DQi%2FK0s0B3UezV3uHhj%2FvUenCV8UAalil64Ih2wNQjwb6XLFk2gt4lhlP77zm8cmYpsXs9URi%2FkeknIiPGvxGQ6eFgKyT3PACb2nRlqf0rQAkwQoRlgHfjuqnksNfS7QtbyuoIkdnrbRQZs67np4HN6eZ0F5jD2ZQEatM9RHwkHEoGFIr6GVgLA0vVE7FExlHKZdh2%2Bhae5gOGF6JnMvqRPWwUh15a7QHuKG2PuyTz30INMPg%3D&mm_sceneid=6_0_5157336262_0&a=xxc%3Dad_ztc%26mi_id%3D0000UzdYDgl-VUwE4D3FPtkMc_RSkknumPs7CsO5GGAltEQ%26skuId%3D5789979483490&id=745205516644
927820701461,第五人格拼装工坊真理之下主题盲盒潮玩公仔手办摆件玩具礼物周边,50,¥,,tb4450709360,正版动漫玩具批发店,回头客4万,3000+人付款,安徽 滁州,包邮,出售状态:现货 | 品牌:GOLDLOK,https://g-search1.alicdn.com/img/bao/uploaded/i4/i1/2214008116167/O1CN01sWaUzZ1vQXbqX37Qh_!!2214008116167.jpg,//item.taobao.com/item.htm?id=927820701461&ns=1&abbucket=10&xxc=taobaoSearch&mi_id=0000HUeThUG3P5GbohFC3olEvwhEkIE__M21tsZ36VIgFeA&skuId=6017250023333
943018360546,现代婚纱bjd娃娃盲盒福袋手办关节可动豪华可换装桌面摆件人偶女,45.8,¥,券后价,我是鸳鸳宝,今喜潮流手办周边,,600+人付款,福建 莆田,"官方立减12%, 24小时内发, 退货宝, 包邮",出售状态:现货 | 款式特点:关节可动 | 商品状态:全新未拆封,https://g-search1.alicdn.com/img/bao/uploaded/i4/i3/2135251817/O1CN016WCXbb1PIEguWNckq_!!2135251817.jpg,//item.taobao.com/item.htm?id=943018360546&ns=1&abbucket=10&xxc=taobaoSearch&mi_id=0000gUjJcjgomvssXtX48j153faNdazbVUxnTvZxxf3SgPU&skuId=5842932393374
943773347415,TOPTOY 正品 糯米儿一口甜心阿玛莉莉丝联名 搪胶毛绒盲盒手办,74,¥,券后价,幸福鞋者168,牛牛潮玩集合店,,100+人付款,浙江 杭州,"店铺满39减5, 48小时内发, 包邮",款式类型:端盒 | 出售状态:现货 | ACG作品名:K | 系列类型:联名系列 | 品牌:TOPTOY（玩具）,https://g-search3.alicdn.com/img/bao/uploaded/i4/i4/782003388/O1CN01ZDLY1T1atkwGJLTvC_!!782003388.jpg,//item.taobao.com/item.htm?id=943773347415&ns=1&abbucket=10&xxc=taobaoSearch&mi_id=0000TBmOv-CYCKIMU7pzt1i0XBp-H_0mWmeIpz1wfQmfo-o&skuId=5847219912032
1000001007550,福袋cos服cosplay男女服装清仓衣服盲盒，每人限购一件,20,¥,,tb387044903788,漫之物语,,2000+人付款,湖北 武汉,包邮,,https://g-search3.alicdn.com/img/bao/uploaded/i4/i2/2218907387278/O1CN01XZkOPf23dNg19GP1s_!!2218907387278.jpg,//item.taobao.com/item.htm?id=1000001007550&ns=1&abbucket=10&xxc=taobaoSearch&mi_id=0000DLkqhzrp-3jVt86_vz5Hw6JRaKS8zi2DQ68KamNrAV8&skuId=6029077432115
965675894334,【现货】MINISO名创优品迪士尼史迪奇GenZ街头系列搪胶毛绒盲盒,57.7,¥,,miniso名创优品旗舰店,miniso名创优品旗舰店,回头客200万,3000+人付款,湖北 鄂州,"官方立减12%, 退货宝, 包邮",出售状态:现货 | 品牌:MINISO/名创优品,http://g.search3.alicdn.com/img/i3/127238467/O1CN01RBNXC42CPwXhHObCc_!!4611686018427380035-0-saturn_solar.jpg,http://click.simba.taobao.com/cc_im?p=%C3%A4%BA%D0&s=1286882931&k=2433&e=hTY3NgfF2UbE6ItxVMOQlxtG8%2BCiChRPyTaW3QjQC8L700UJ%2Fhj6i%2FfQXhLUNWn3tI%2B3TGczqe3SEwTNAbSJU9HRCAQNah0oL53Q1JLvEAgcssSWzfgkfO2Be4qP2CqMHw%2BZIYg1%2FUmSILzFcwNtSFA1ZJUhG5P3NRCEOpT0CmL6Fd%2BAWP%2Fnfz4NH1uzcvacyN64gnrxq3dxZuVcfraJlJBuF6JO%2BM87RPf3NgNKmetp9hDtaUO0XQqCp5f6FwdNtuuz74duV3LN5EezXKrFUUAeL3uTQTB2GSTJpOvBDm0SAoppgJj2rRXQQGsnqHMXbGL8tywCLCep6OJq2d6pVMl5tus79aG4FKHDOLDSi9ouAzp2Yo9BNU55maYg9vMayqyEoEUt%2BJUzg8tj4%2FcvVFRyTenweSth0GNgJWzrBh5ceDtit14eOhBs9bCK3SNn%2FBDPzKKADszinz0M0LDR2I8iG1BiYpvtlH4ekq%2BDE3dDlnfveTzQLvTNVfhOZOjTqlLF4YOr2J2cz%2BToKpGRXi1IFHBbmDfeldPB4gHR3M2preScIu7hmV6HWHCaAWvUo3AfiCMfcNMGBR1AU9TcRWe6rGPGR3Hw00G53ftFcIW%2B31ZNARF0DUWvJL4Wz8788HHkdRvhxfZ2NFy4jaRnPsGtg7pzbUJgrpk4ozwJuVr0%2FiYrgz3b2pWX2NeiXe8rdthTavWgesF94m6hluOsRFq7buvA27AYJwkpl0jKLw4JLgb39hMWkeW1ZTLrUaZs6QJAlFUT83xi2x1nl8oHYuUgMiAGvC9da9CbIntr0Sr7X%2FyMLGMa54VyeEZy%2F3q8X%2BOopK%2F0%2FprkdxcqpYVI579IBUVnlwjZXcFeYjyeH21r1fTgggQT5yNSamr7Rqe0hE%2BUtrTvZg47%2FPTgwlyjRztlnu6Qz%2FwnzBEn0ZAVKXKBmGgzQVLxiGOUFp3nQve1kZSEKY%2BgDxQ8ZHKRtpzlTlbZjDJQnJSzo3AfiCMfcNNr36SuYuRTseSf4wtSV1PExJA8tLZfUFMbjCanzASzMIq2dU%2FSqPUH2uIf%2Bj9hP6N2%2FEc192icYf4NUCNfd%2BURVa42HsR65FBmQQTWVVnrIVPn80o6AiHfRRFz7cy9tt34An3IbuQjqU5ifg4oxzmkm3rUWR89mkRIml7dJxQ1PEk%2Fyx6oqLtX8qiFP7%2BehU8qJGSu053vSNeuUC15LrGQ5SrAib0zmVH9TkFY4Kz%2Bimp7h9h%2FvCi7gKfbRUBCbF2cwXnrekB0dp1VVQrtFGid%2FGlRvmg1al2ZkCggXr6CQqlr0jbnZrYd4%2BWGORpJRkf1mrvL0jBo%2Fru70KxGC97yfRqPIWPen6fb21uY%2Fye%2BCtNBud37RXCFE%2B1t4yaPXmSLuziA23nfkfBx5HUb4cX2jMRXQ2Goa7Su8liZC0uRjXdDBjslWGg75zIC5t7YUyMuSz9WMVCTRNasvkPQfJ%2B3lmAVqG8fvTh22FNq9aB6wVI1SdjnW8GLcFZruRJn4bD6A3t%2F2h149nWZZzo%2BBCaR9J%2Fk1O25dPIBIqJz%2B82KytPdS%2BlWICvDUJyzbQYdtYXwsdmOOio1T%2BhPvjq2EGhXaol4UCTuyUlKeVgBcFMK6XUvhp8SAL%2BbCYZzYKutN0KWC2mg7k%2F1Bd9bwSu4XF8ao3AfiCMfcNNpkwOs%2Bd42DqqmqpxCUSX7dGPEseX%2FemyjcB%2BIIx9w02k7pZf63Red6eW1P0rbTut8Y8aOUUdGWdO3LN%2B2gym7eH4lLjnanf%2BgKaw%2B2DTEFhx04NxWLUZLVGqrwJAc7XBaJOtWeYx8e4TWD058r1HJuHkdBVp7V8%2FvmsUT%2FZf7qwCBCw4s6DN74lryFtgyLNmjSmR4dpIhwD2%2FEDm%2FkN7IyY9ql%2BxY7UUq7GnIQE7uqVfhvfaAA1hmpsuPV4gsBtto8bQ%2BPIztwHI0zaa3s74msEHAtCkTIOxxu%2BQhEm%2BYR%2BDbKzs2SdL4nNDTfX0QATaVQLBea9WWd6sxQMpp0qF%2BIBT7pAVrCf1CZr%2FnjoDZbkzZ3gyFJD68njN4KhaJgunY6VP%2B4KrsvCeHaRFRG8JeJq9okDLTFbA08Z2XjL06PiXBLntx3XpZs0B3UezV3uHhj%2FvUenCV8UAalil64Ih2RzbJSpVC%2Fdjk1GKDkk17fu9ILM8I2TzQbBCpcTmo6%2B7a4h%2F6P2E%2Fo6n9K0AJMEKEV2RvLI1zVjmhR%2FIL2dtTlqzaHs2oyEWES44nMahgubzxiodC3sTCW3Otlwjny8dqpQunIJnU7c3MUwgTrSEqy8mPapfsWO1F0bohpXmI2odGiCdHbTqXef0Cj1WDAtBquzsnyyKkaTUyxfLqnxtRiNNBud37RXCFFTEeOhiMBrs7RMG%2BIPMoznFHwYNyYm3B2eSz6hss%2BaCk74FDYcLqBKaUEiGpXK2m&mm_sceneid=1_0_127238467_0&a=xxc%3Dad_ztc%26mi_id%3D0000yhO_Dy9fuQRTQSTUE4eXTPkrvyhroLB3oJIhuWGet34%26skuId%3D5772732760833&id=965675894334
907068998576,蜡笔小新点心时间系列盲盒公仔手办蛋糕装饰车载桌面摆件生日礼物,150,¥,,tb300824273302,圆圆的手办,,1000+人付款,浙江 金华,包邮,款式类型:隐藏款 | 出售状态:现货 | ACG作品名:蜡笔小新,https://g-search1.alicdn.com/img/bao/uploaded/i4/i4/2219431401309/O1CN01NVPhJ11LXZUoWUn0H_!!2219431401309.jpg,//item.taobao.com/item.htm?id=907068998576&ns=1&abbucket=10&xxc=taobaoSearch&mi_id=0000k6Qxb1TnAwUvidCdJRz_5JSwCudZyaJBfwj9BEkYBuA&skuId=5935654459635
959192226986,POPMART泡泡玛特CRYBABY出走的月亮坐坐系列手办盲盒摆件礼物,39,¥,,泡泡玛特旗舰店,泡泡玛特旗舰店,回头客20万,9000+人付款,江苏 苏州,"热销爆款, 退货宝",款式类型:隐藏款 | 出售状态:现货 | 品牌:POP MART/泡泡玛特,https://g-search2.alicdn.com/img/bao/uploaded/i4/i2/2885348004/O1CN01nn9LL528ztE5losjd_!!4611686018427382436-0-item_pic.jpg,//detail.tmall.com/item.htm?id=959192226986&ns=1&abbucket=10&xxc=taobaoSearch&mi_id=0000uqkgAQ-gEI-vEEv2qBBkbpHXiaSvMmhnVg-6n7KAILw&skuId=6146531926178
928446280080,POPMART泡泡玛特DIMOO一盏风月系列手办盲盒玩具摆件礼物,69,¥,,泡泡玛特旗舰店,泡泡玛特旗舰店,回头客20万,2万+人付款,江苏 苏州,"热销爆款, 退货宝, 48小时内发",出售状态:现货 | 品牌:POP MART/泡泡玛特,https://g-search3.alicdn.com/img/bao/uploaded/i4/i4/2885348004/O1CN01Jv915w28ztEUdjtoi_!!4611686018427382436-0-item_pic.jpg,//detail.tmall.com/item.htm?id=928446280080&ns=1&abbucket=10&xxc=taobaoSearch&mi_id=0000ElqK1aqLG4rS5z3SEYL2CDKyw0k8AqMSF_oAaa5hzSo&skuId=5688881596109
750727692205,pvc盲盒公仔手办定制树脂摆件钥匙扣挂件订制潮卡通玩具来图定做,10,¥,,tb414848063066,致汇玩具定制,,82人付款,广东 东莞,公益宝贝,出售状态:定制 | 款式特点:静态 | 商品状态:预售,http://g.search1.alicdn.com/img/i1/5284505594/O1CN01AFYyW21rC6akp2j9Y_!!2-saturn_solar.png,http://click.simba.taobao.com/cc_im?p=%C3%A4%BA%D0&s=1286882931&k=2177&e=zFhlWahlLpTE6ItxVMOQlxtG8%2BCiChRPyTaW3QjQC8L700UJ%2Fhj6i%2FfQXhLUNWn3tI%2B3TGczqe2Y6qHcRheBqFHQCpEQZ%2FOsoFat4IMN%2FsiZbFGEqeAEB%2B2Be4qP2CqMHw%2BZIYg1%2FUmSILzFcwNtSFA1ZJUhG5P3NRCEOpT0CmL6Fd%2BAWP%2Fnfz4NH1uzcvacyN64gnrxq3dxZuVcfraJlJBuF6JO%2BM87RPf3NgNKmetp9hDtaUO0XQqCp5f6FwdNtuuz74duV3LN5EezXKrFUUAeL3uTQTB2GSTJpOvBDm0SAoppgJj2rRXQQGsnqHMXbGL8tywCLCep6OJq2d6pVMl5tus79aG4FKHDOLDSi9ouAzp2Yo9BNU55maYg9vMayqyEoEUt%2BJUzg8tj4%2FcvVFRyTenweSth0GNgJWzrBh5ceDtit14eOhBs9bCK3SNn%2FBDPzKKADszinz0M0LDR2I8iG1BiYpvti1s0fr4%2BLjGgu2P08r38E6X%2FLAj%2BcRrxZEd1hdTcTc%2Fo32aL4O2zdKgo3HvmyQeRhenP0py5ExQHMWUzgEFwGfnrMVTY4cJwAkBiVFZ2m5vYFCapZEzi49I21ZkdnozaJRtnArmNU8IKvnPGLmbj3kSgEWV5xriv8iC0OJHdWg%2FYPNwq8NtPgxYfBeP1Hod6UOyDcNDkq4ErriAcepfIrhh0h%2F6Zy08LNwBXKoiBhy1z%2FgzPkey7XKdXtzI47mTRoYP4ruZk3UPuD2NdGxpqSAeYcvzP2VoAzOwOPwHymj4bp1l8wSi5JZdAN%2BWtNNiGl45FGGbic5egC%2FrF20PEWRunWXzBKLklZ9n7F2chU2iK2oZVWDpJIGq7Y3ELnsINAQS4xGjnKYip%2FStACTBChGK7mqN168pY19xBKeVEqdfEoSeE07OUGpdFqr5U0fRnwBK9iMnLpxzUz0sRQmNfg7DrTd3rp7I8z8LLIXUiM1Nq3ObpY7h4NJPUDBSXKwhCyFdfV6qC3a80aSOmSaaMC%2FN2iE1QjWAHJIEpP%2FcCpaPjVvrX7RZPCKMeXu9wfnXf2xp3tmkJausdjaqHCaupsoNw0wqphQUwz4sCzJfL9VYegiXoOM9HKPKJLO2uzcyaqNSIz%2BUBPf2ihRJjbldB0AqN0Bh8rkTgPfS0mB5hLv3o8QK%2B0gYaDpV3Wo0VwhvOvW%2Bmrv9v45JuYjpVZq%2BfJTgT%2FUXC7hhsD2IfoURGh%2FnmqaRrCO9ZU3pC58xEVlRCCr5zxi5m495EoBFleca4r%2FIgtDiR3VoP2DzcKvDbT4MWHwXj9R6HeqTzikWIR8lgg5Rr7IJ6RB%2F4IgUVFWzHqboEsGobV6cuTTkAGyAsp4LWF9sR9HUU%2FwraTn4sCPeuBMJxrgrfCHiaZI%2B1Wgq5osavzmt2guoB8dXwYfWV8NUCdWtbvIpcOxgzWKcyHfgpU3cyJwN7JQs8MyLc4zA49N1WuGZgOjL1ON1zOFAwUoJJ%2FCbCtdPozBR%2FpYzBt2rm6v7W1A2GmPLaz7wnW8WFBEn8JsK10%2BjMHL7spYRrnJjanN9LkfWXydR%2F3cqodP8qwjNWji6V%2BOFVS%2F7FazW8zc4W3ZT2BD6MFR6NxoP0YUmYKBI4hwimRnsbyzZ7cpN29TWWnsqn1A9EZgHn54HjMEldDd9QYf6cukfsr2%2BEA%2FEwLJfZ01fqwtBJkjMAEr%2BLY6oR0lXxoqg4ZD6RJYJTb2E8H00g%2F9CjpDPUg2%2BFlvA2Fr6CtyAuRisVP5SWcjfzEv3Ya7Btu9APeS5xfCgzOC2cid%2FC8kYbokRDCAQKM8p%2BwTCXM8A6hdVqrwkoN92x6OcnV6a0MkzWwTGUpAwTKiMgm%2FwbPPoFcVIO58umTWgDk24fVR4ODCuRFJrtdr3KArH8840PmLghbJ6SrDgucnSHgOM%2B3TFZYoTN03Dgi4obp1l8wSi5JXBkraIwKqMpP87%2FeAvTE%2FJT4P%2Fs4wN48xYm%2B9e9CiLDZ5XA%2Fs8qgtyK2oZVWDpJIGq7Y3ELnsINAQS4xGjnKYip%2FStACTBChGK7mqN168pY19xBKeVEqdfEoSeE07OUGvGTwAeasSoM6A0OXOQZDAkYaIuIbO6ST6KW7%2FRb%2F549q9mA6ZsmUyF9UMfC9i72k%2FRBei8WNvbGlWwXB9nMS4AYM1inMh34KTu3vkAhfRYa&mm_sceneid=6_0_5284505594_0&a=xxc%3Dad_ztc%26mi_id%3D0000ENidByfrdQOyTkWpxQM4TVi-WySa6HEMLTovpsxCobg%26skuId%3D5595617452318&id=750727692205
763023321308,现货疯狂动物城花花动物城系列盲盒朱迪尼克永生花女生七夕礼物潮,36,¥,券后价,tb068540_2013,Super Toys超玩商城,回头客3万,1000+人付款,广东 广州,"店铺满15减10, 48小时内发, 包邮",款式类型:端盒 | 出售状态:现货 | 品牌:BESTINE/柏治廷,https://g-search3.alicdn.com/img/bao/uploaded/i4/i2/1598373758/O1CN01M0YcYJ1ddDWFE4Bsy_!!1598373758.png,//item.taobao.com/item.htm?id=763023321308&ns=1&abbucket=10&xxc=taobaoSearch&mi_id=0000e8_c24UMzhGC9v-koFpzz2rkmkSUjMMLBG1a1zzmOCk&skuId=5968869625430
998289422838,正版LuLu猪Lu家小馆系列玩具植绒罐头猪盲盒摆件手办圣诞礼物手办,60,¥,券后价,tb086198083,潮玩集合社,回头客4万,1000+人付款,广东 广州,"48小时内发, 包邮",款式类型:端盒 | 出售状态:现货 | 系列类型:联名系列,https://gw.alicdn.com/imgextra/O1CN01JaARAg1qROJYf8z08_!!2224965492-0-picasso.jpg,//item.taobao.com/item.htm?id=998289422838&ns=1&abbucket=10&xxc=taobaoSearch&mi_id=00009_Vm1cGXR81n-Ozz8kxhbk0uyWFm9GTLblBewW6IBys&skuId=5982361208888
,,,,,,,,,,,,,
965344820020,Ninita魔女启示录盲盒潮玩公仔娃娃桌面摆件玩偶手办新年礼物女生,79,¥,首单价,oristaco旗舰店,Oristaco旗舰店,,100+人付款,福建 泉州,"官方立减12%, 直降6元, 24小时内发, 退货宝, 包邮",款式类型:端盒 | 出售状态:现货 | 系列类型:联名系列 | 品牌:ORISTACO,https://gw.alicdn.com/imgextra/O1CN01zADOFS1bQH74mvCwf_!!2217195163459-0-picasso.jpg,//detail.tmall.com/item.htm?id=965344820020&ns=1&abbucket=10&xxc=taobaoSearch&mi_id=00000OpC-I_TYfBCtr2OQFXf_vaWPH-POfkzhlqKQSAwYng&skuId=6006162805102
1015664168720,正版TOPTOY三丽鸥家族招财猫系列毛绒挂饰盲盒摆件手办礼物公仔,61,¥,券后价,喔喔城堡,AWM星球趣玩,,1000+人看过,广东 广州,"店铺满11减10, 48小时内发, 包邮",款式类型:端盒 | 出售状态:现货 | 系列类型:联名系列 | 品牌:TOPTOY（玩具）,https://gw.alicdn.com/imgextra/O1CN01ouNvCG1nkg90Xrpae_!!4088555128-0-picasso.jpg,//item.taobao.com/item.htm?id=1015664168720&ns=1&abbucket=10&xxc=taobaoSearch&mi_id=0000yVRkSIAq7eVCo3GVen_4mrp0kgEJTVDKs77nsBpVE9s&skuId=6185237735067
878500531402,周杰伦官方正版周同学游乐园毛绒盲盒公仔包包挂件手办情人节礼物,84.2,¥,券后价,ishow0716,周杰伦国际后援会,,3000+人付款,浙江 杭州,"官方立减14.8元,  3期, 24小时内发, 退货宝, 包邮, 公益宝贝, 酷动城",款式类型:隐藏款 | 出售状态:现货 | 品牌:周同学,https://img.alicdn.com/imgextra/jz3_1/1756600142/O1CN01pT3hG61Cv5HZKk9ef_!!1756600142-0-alimamacc.jpg,http://click.simba.taobao.com/cc_im?p=%C3%A4%BA%D0&s=1286882931&k=2361&e=AVR7ZGkJNMHE6ItxVMOQlxtG8%2BCiChRPyTaW3QjQC8L700UJ%2Fhj6i%2FfQXhLUNWn3tI%2B3TGczqe0PNuX8eM8%2B7jt%2FNPiAiGcJta3cPuICAo8cssSWzfgkfO2Be4qP2CqMHw%2BZIYg1%2FUmSILzFcwNtSFA1ZJUhG5P3NRCEOpT0CmL6Fd%2BAWP%2Fnfz4NH1uzcvacyN64gnrxq3dxZuVcfraJlJBuF6JO%2BM87RPf3NgNKmetp9hDtaUO0XQqCp5f6FwdNtuuz74duV3LN5EezXKrFUUAeL3uTQTB2GSTJpOvBDm0SAoppgJj2rRXQQGsnqHMXbGL8tywCLCep6OJq2d6pVMl5tus79aG4FKHDOLDSi9ouAzp2Yo9BNU55maYg9vMayqyEoEUt%2BJUzg8tj4%2FcvVFRyTenweSth0GNgJWzrBh5ceDtit14eOhBs9bCK3SNn%2FBDPzKKADszinz0M0LDR2PN9uLTADkoppCOnY5l%2FqVklhhnau8SFtpc5fH2o0krnAI%2B93a9I%2BIkPuU16RHCmT5Ki9bnN1KXxLWltxrHxYIrrEe%2BK2Om3HCA8hLO98FIzAMMci7KBENntsFyUXDog0vfyOOUNIYnGRw%2B2mA2td7%2BXEYT%2BXgAKtPocdm3n%2BKOfjicwW4Bxjdf%2BaNwz%2BmMlkK89WEeZ%2BbEMbwo3topOukX0sJ0dZ3FL7%2BEDShFHeDNVSOev7TYvC34rriAcepfIrhh0h%2F6Zy08LNwBXKoiBhy1z%2FgzPkey7XKdXtzI47mTRJfKe4%2FiCLRMGGB04y4TVQ1%2FM7MSI%2BRVDv3bzwP5jKRvIbdDNqD9IAwgC9gN5Cj9N87lGEbTonns7xVzovEsKNGK7mqN168pY9XTdb8wrKHZeWAHpOdshMzW1MIwXmtc3WJy1D62JKYzl7PFXemiCAGtzQ3BT3vQbYW5XW8r8mmeI6O2X3bPMh9h2VkDejdc7Q0rLpuE5ZsL81dSMV%2BLt8fxs3ryt%2BqWnHJ8m82b4fi1yAymXHTQkndsKE4z0isO1vPBJIQgx9BZQEzgTCWgSY0Ie3ImSEze%2BWCI9h28UGykoIGGiXE6189qymDdrAC3znpvpqKiDnoeIoUj0%2BYpfO1BiZDIrXikLtDB3MMXGKEd2W%2B2537iKVpF2ItPHT%2BAmK9kuruJsxzlOCGkVK2uyyJh90gSQzj4%2BlGe7xXabec4rgdce3UFoiM%2BZr%2BdqlaJ9ZdE7Dctr%2Fz2sublrnJwWxnhe5PO7rvP2qiEzhV8BtH%2FRZjdCOEZ5%2FBHjp229%2BsXgNF5MPAyyrNg%2Bkb312zCDPyiQ5Vyu%2FMYafwOw5fVERtGfXfDlkqiAW7agnyVGt%2BTabFcFZ%2BRLkIFIzutTrZy338g5H9cXz0tpdOsQn30O4eDkyw9aF2moQBasqDQk%2Fv4AoAy4mK%2ByFhSVILjeuxcEuNjVjYgnZ0bE8Zm1ZyLVcQfhA0oRR3gzVYV9G63ip1Arved9wiCkbNCXtxY6ocH4R49v8Gd2BIlHBW4YBd01eHelLbkiDnKS6S3jTd5ZFWlMqUFWxhAiRz3dVUUxQv%2FbisZRd08t6h99JE9aAHcdS7na9PyhMakMr4LcBcFJexFigeKFY1jeHBMYF%2BrLlRRxSq4b8ROz2xWypxWnInZojmMEqbeyvfTVsAPdglzpMxS%2BrhvxE7PbFbKGm7KcVRb1ne2Be4qP2CqMUuRXN3DpvHEe7oz35pQLk6vQ8hV6rTC2gkSxMFQ9TEyrRKkP5QnEONYsslVkT6%2BxDviT1VlAqJ8oUQfqKhDsVKJzkGVIo%2FccRXX%2FCd4ILCnfApaAlRF8IK%2F%2BcKdMrJDFlT8Tf79xuBPpmgwZ68qh5J8Pciz7xC%2Fo%2FG%2BZGJ%2BYbgfaDSD7Zw4oqu%2BaxRP9l%2Furqt7YcvlW%2BujFCDTvUz6PN7w1nLrfKuEhwEt8vhf8wuedThCUkD36PYk19jUJaRriHxlZbqC%2BociE%2FrbF39aSetA0fJuMpQLWdzpbs8st9x8e9Hdjdcr9M0nEyYw5uPtrXWWKdIMTNvjatYVktvOkhwrwwSsqspXY2EsdEHUHlapaaptHtwJnh%2FxTqokOfpVLSK0p%2FPufHJyuJn25ARyPfcF85tDl%2FLHBKdQcDebBE%2FvzuUYRtOieezvFXOi8Swo0Yruao3Xrylj1dN1vzCsodl5YAek52yEzNbUwjBea1zdYnLUPrYkpjOXs8Vd6aIIAa3NDcFPe9BthbldbyvyaZ6cNzawIwGBs73Ub5yUM3tZiwszYzsbxQ0NKy6bhOWbCMirCZBAElN9f5f2rqrNsLZAiVQdviNM8L3onzV%2BsYTP0QXovFjb2xpVsFwfZzEuAGDNYpzId%2BCk7t75AIX0WGg%3D%3D&mm_sceneid=1_0_52450797_0&a=xxc%3Dad_ztc%26mi_id%3D000029c0AojNEfX1OwH7Jk2TEpTkeIZMFE7UhmvcAbUtj4I%26skuId%3D5902916559847&id=878500531402
996812313869,2026新年春节年货礼物马年盲盒礼品幼儿园儿童活动奖品小学生奖励,38,¥,券后价,huo一,火一百年文具礼品,14年老店,9000+人付款,浙江 金华,"48小时内发, 包邮",场景类型:春节 | 适用节日:节日通用 | 产品名称:神马都有盲盒 | 修饰词:新年礼品,https://g-search3.alicdn.com/img/bao/uploaded/i4/i1/794100468/O1CN01nfIcSD1FKOSsw612L_!!794100468.jpg,//item.taobao.com/item.htm?id=996812313869&ns=1&abbucket=10&xxc=taobaoSearch&mi_id=0000-aJybTUtXyamA1j9sfB2rwlddBtkJl-LI0gC8jRR5BA&skuId=5977566293014
826579636979,TOPTOY迪士尼小熊维尼的快乐时光系列手办潮玩盲盒可爱生日礼物,69,¥,券后价,toptoy旗舰店,TOPTOY旗舰店,回头客9万,3000+人付款,广东 广州,"热销爆款, 退货宝, 包邮",出售状态:现货 | 品牌:TOPTOY（玩具） | 商品状态:全新未拆封,https://g-search2.alicdn.com/img/bao/uploaded/i4/i2/2211430099222/O1CN01yRGlCM2HzjaziU6sn_!!4611686018427382038-0-item_pic.jpg,//detail.tmall.com/item.htm?id=826579636979&ns=1&abbucket=10&xxc=taobaoSearch&mi_id=0000is1aPrSyh7u3rdk7F6gsLEjrGzuSEptyy8NOagv6DSk&skuId=6046036271767
919926937555,洛米盲盒库送女孩生日礼品手办玩偶玩具系列摆件2026新年礼物女儿,79,¥,券后价,bulle初,兜哒玩具手办店,,1000+人付款,广东 广州,"超级立减10%, 退货宝, 48小时内发, 包邮",,https://g-search3.alicdn.com/img/bao/uploaded/i4/i3/2765522303/O1CN01poK8RG1Ssp8nnCpFP_!!2765522303.jpg,//item.taobao.com/item.htm?id=919926937555&ns=1&abbucket=10&xxc=taobaoSearch&mi_id=0000c7Ni6IbEmb1M9gkg6oYrw3cLSu2rMoyv6TYV96z4lSE&skuId=6098798186472
980028020457,【田栩宁专属】AYORTOYS兔闪闪ShyShy打开闪亮世界系列盲盒挂件,69,¥,,ayortoys旗舰店,AYOR TOYS旗舰店,回头客7万,8万+人付款,上海,包邮,款式类型:隐藏款 | 出售状态:全款预售 | 品牌:AYOR | 选购热点:淘公仔,http://g.search.alicdn.com/img/O1CN01vW3lGG2DtXp8eydvD_!!4611686018427386091-0-item_pic.jpg,http://click.simba.taobao.com/cc_im?p=%C3%A4%BA%D0&s=1286882931&k=2401&e=lbiz3c9tqgjE6ItxVMOQlxtG8%2BCiChRPyTaW3QjQC8L700UJ%2Fhj6i%2FfQXhLUNWn3tI%2B3TGczqe1DZJ6ANeWjXfQU4MIs%2BXPldxpoj%2FGIQpeZbFGEqeAEB%2B2Be4qP2CqMHw%2BZIYg1%2FUmSILzFcwNtSFA1ZJUhG5P3NRCEOpT0CmL6Fd%2BAWP%2Fnfz4NH1uzcvacyN64gnrxq3dxZuVcfraJlJBuF6JO%2BM87RPf3NgNKmetp9hDtaUO0XQqCp5f6FwdNtuuz74duV3LN5EezXKrFUUAeL3uTQTB2GSTJpOvBDm0SAoppgJj2rRXQQGsnqHMXbGL8tywCLCep6OJq2d6pVMl5tus79aG4FKHDOLDSi9ouAzp2Yo9BNU55maYg9vMayqyEoEUt%2BJUzg8tj4%2FcvVFRyTenweSth0GNgJWzrBh5ceDtit14eOhBs9bCK3SNn%2FBDPzKKADszinz0M0LDR2I8iG1BiYpvti1s0fr4%2BLjGgu2P08r38E6X%2FLAj%2BcRrxZEd1hdTcTc8VQ6N0mGaIK6J5j%2FBTRJTYV4jzp9uGahgE2mOFCr4eAZXSjmlDR3Me4v0YUkF22phK4bMrniy8pIfKCjHwjRYXKehgI%2FpSec4uvv1GEfY0oUK%2FDuUJjgSSGwQ2vsyCRjUEPZAFQQr7tWVT%2FYVXSU51Q%2BWtWTUwTE2bEdcsbJ2FjERaTGaaGoBP0b0S4%2FiN7FhN7ypl4nZYAHP%2BDM%2BR7Ltcp1e3MjjuZNHOeHtm62Pwaximt5E1ZOAVGGjBTHmEBli6yy%2FWZSfyDioWEK8BsPC5QohyhP3yvNcIAvYDeQo%2FTQkXhgJIHh5KDBLxILYIcohiu5qjdevKWPV03W%2FMKyh2XlgB6TnbITNorq7eDuakhADelG3YSU%2Bm%2F363I1RwUnP274ZkHoJGKhPI5QABoDHnb3Wid6lV%2FekBzgT5K462QO%2BqmyUTVEAVq3dx7XaRW0d5sVXjZyE4hvzV1IxX4u3xDlzg8fN25r2o3qQd01COmpH0MaTO%2Fs3aluVbAd4Eovy5igs1Y3wAmcb2kP86gaKNQh7ciZITN75YIj2HbxQbKSggYaJcTrXz2rKYN2sALfPB5W%2Bq9aEgZ4ihSPT5il87UGJkMiteKQu0MHcwxcYoR3Zb7bnfuIpWkXYi08dP4CYr2S6u4mzHOU4IaRUra7LImH3SBJDOPj6UZ7vFdpt5ziuB1x7dQWiIWexUFEPT%2BYkbbbOL70Yg76y5uWucnBbGeF7k87uu8%2FaqITOFXwG0f9FmN0I4Rnn8EeOnbb36xeA0Xkw8DLKs2D6RvfXbMIM%2Fwt94a8yzG0T%2FER1lj0tsk8oBD70WDqnrR3NZsXkyX6rruNo0beQeArZFva2Arr32rvAMbipG0OH%2BOYpMDPeWg0KIcoT98rzX1hfbEfR1FP8K2k5%2BLAj3rv%2B84UNpKOY%2FTjlU9QHbvEXcDkAE3pFgQAj7koVDXKT45vz3Cbbc7gnZ5LPqGyz5oKTvgUNhwuoE0xnOeTQ8SPD7WoYF1X1A22cd0%2BISzfJMBA1vtrbiXJt9R4%2B9oJcsfL8N7CDoPjHMmv4AweXlUtnddpzEm4tO6mpIc10wIUVWwGoYp9WHbq9pg1PTe3IzufQ2zOWKAB7q78XIfj1gSf%2BB%2BGNRT245vV6tkfzIMpeSCx7X2kcFH67vxch%2BPWBJ%2F4H4Y1FPbjm99%2B1yrMiGwLY0Pc4GdWu3YRlr0h88FWcPZrQRAtO1PwuOUrCXX4I97kgxKDOO%2FdG0P272yN7vG3339t%2FzxqUkxheKzKmAGoLoLE5c%2Bd2nZwz%2FcT89oqcwIIKkDrXnUR2%2F1lel%2BzIY8CHxmw9%2B3iefILti2SyesmdaPGRykbac5U6eYbk5ecZXvng5HHwv15gsRTIAJ6FfEKYAfrIS%2BSW7GhF2lnWyM2VZxIZyIPiXAJA%2BuqaVUJz%2F52sYEbtdCAzKi4eCYHwASI2kyQIKESaqCh4d9jsMe2AdbDf5dt7w52FWjzClFGVaUPMh9MYQ9VdDtd9cQxjgwhzfkduwUYCEXcbWwstr8D6YOWDgWuf1HCU2WrPIjg64u8raXCiNDNJoGFclNeSZQ3tYUAIqD80qFY92xP%2F1uA4JqZukPh1rlqlKK0YTE2qrpg9Q0EcLpH%2FPDmtrdVOehuSUz9pEjCHdsEqLcm0urs2v%2BOPAR1ztyAbknebdiG0wG3QuIY4aGSlCpf0Cwww%2Bqe2oWw4%2FD%2F31ByeP%2Bt55g8YmSccIh%2BrEc6TpmgwZ68qh5MG345XL3%2Fiud%2FjaVZlXBeE0xasFTe%2FOh3lGmuOT6BgJP2KQPp9Wd45lbU7MRrqySS%2B1Viq20IhoJGv2s6xjSN%2FA%2FreDNf4qF2J3DP1z9GY387rGd8mfaAq9cQjF5kal9w0x6uXAkIRL&mm_sceneid=1_0_7955382519_0&a=xxc%3Dad_ztc%26mi_id%3D0000qQpfnC_rRptJqTjJdBUz9yk-RDPcep8qeo_Bf9rFKPQ%26skuId%3D6100634526098&id=980028020457
980657161566,顺丰情人节礼物 Kodak Charmera 柯达钥匙扣1987数码CCD盲盒相机,228,¥,券后价,关斗南,那么多相机店,16年老店,3000+人付款,黑龙江 哈尔滨," 3期, 淘金币已抵6.84元, 48小时内发, 包邮",像素:200万及以下 | 变焦倍数:定焦 | 屏幕尺寸:0.1英寸 | 镜头类型:固定式 | 有效像素:200万及以下 | 传感器类型:CMOS | 品牌:Kodak/柯达,https://g-search2.alicdn.com/img/bao/uploaded/i4/i2/305573742/O1CN01bexomK1dVtC6fF9XU_!!305573742.png,//item.taobao.com/item.htm?id=980657161566&ns=1&abbucket=10&xxc=taobaoSearch&mi_id=0000tsA3if3tNBltnO1D8DG2TLpvM-jQDAJwhozHb1EyWwY&skuId=6004379240022
995962179791,POPMART泡泡玛特守望先锋联名全场最佳系列手办盲盒摆件玩具礼物,79,¥,,暴雪旗舰店,暴雪旗舰店,回头客1万,1000+人付款,浙江 嘉兴,退货宝,,https://g-search2.alicdn.com/img/bao/uploaded/i4/i1/2200847155258/O1CN01udKlPa1oiDcz5aDp5_!!4611686018427379770-0-item_pic.jpg,//detail.tmall.com/item.htm?id=995962179791&ns=1&abbucket=10&xxc=taobaoSearch&mi_id=0000lFtooMLQP4ToJKvWp6y1DR_cKF1wZwkIM0ZTBUabweU&skuId=6163377679078
1010616483139,马年大转盘洞洞乐盲盒疯狂动物城新年礼物戳戳乐小学生儿童玩具,21.34,¥,券后价,富梦兰旗舰店,富梦兰旗舰店,回头客10万,1000+人看过,浙江 金华,包邮,适用性别:男女通用 | 适用人群:儿童,https://g-search3.alicdn.com/img/bao/uploaded/i4/i1/2212249202166/O1CN01bFBI1o1Rs4zlym1HO_!!4611686018427383286-0-item_pic.jpg,//detail.tmall.com/item.htm?id=1010616483139&ns=1&abbucket=10&xxc=taobaoSearch&mi_id=0000L7-2BhU29fujwMQ3nFb4KbKpL2xgwWK1Nmxc1HvAS-0&skuId=6014029729513
917433610794,奥特超人扭蛋机卡片盲盒男孩曼5-7-4岁8变形新款玩具儿童新年礼物,85.8,¥,券后价,烯与诺旗舰店,烯与诺旗舰店,,1万+人付款,广东 汕头,"官方立减12%, 24小时内发, 退货宝, 包邮",玩具类型:奥特曼人偶 | 品牌:烯与诺,https://g-search2.alicdn.com/img/bao/uploaded/i4/i1/2211891382722/O1CN01aGq35z1VyjAWLs7wu_!!4611686018427382210-0-item_pic.jpg,//detail.tmall.com/item.htm?id=917433610794&ns=1&abbucket=10&xxc=taobaoSearch&mi_id=0000fvJkzefN1z98Vjdu515FCU-PVwAprmeB2cTwEpKiEKI&skuId=5954052687046
989345600785,周杰伦官方正版周同学十二萌将十二生肖盲盒手办公仔情人节礼物,89,¥,,ishow0716,周杰伦国际后援会,,100+人付款,浙江 杭州," 3期, 退货宝, 48小时内发, 包邮",款式类型:大隐藏 | 出售状态:现货 | 系列类型:联名系列 | 品牌:周同学,http://g.search.alicdn.com/img/i4/52450797/O1CN01WxKGIa1Hl4m0hIc0Z_!!4611686018427385325-0-saturn_solar.jpg,http://click.simba.taobao.com/cc_im?p=%C3%A4%BA%D0&s=1286882931&k=2337&e=c5%2BhKqgUv%2BnE6ItxVMOQlxtG8%2BCiChRPyTaW3QjQC8L700UJ%2Fhj6i%2FfQXhLUNWn3tI%2B3TGczqe0PNuX8eM8%2B7jt%2FNPiAiGcJs5RUcsHOEB6Rkw28A4y47u2Be4qP2CqMHw%2BZIYg1%2FUmSILzFcwNtSFA1ZJUhG5P3NRCEOpT0CmL6Fd%2BAWP%2Fnfz4NH1uzcvacyN64gnrxq3dxZuVcfraJlJBuF6JO%2BM87RPf3NgNKmetp9hDtaUO0XQqCp5f6FwdNtuuz74duV3LN5EezXKrFUUAeL3uTQTB2GSTJpOvBDm0SAoppgJj2rRXQQGsnqHMXbGL8tywCLCep6OJq2d6pVMl5tus79aG4FKHDOLDSi9ouAzp2Yo9BNU55maYg9vMayqyEoEUt%2BJUzg8tj4%2FcvVFRyTenweSth0GNgJWzrBh5ceDtit14eOhBs9bCK3SNn%2FBDPzKKADszinz0M0LDR2OkkfySPmeL7NVDtdz5hdnrE8XegUlXBbo%2B9%2Fia%2B5vHGHsSYRwDHTXabp4WcMj09kNoJP4YyOW6cWRfbsJv3FOrzLwyFUkJUBW9YDz8jLBkYLfY5lB7NH5zAaqAYKmHCvMpkozR5Y8wgsizkFCosT37UP2emuQkvXz29lZB1rSEU3v%2FxGZUebBO1b6RSaQFB%2FJxteKNJzpdwVUwGdkiV5UmcN7odyGb5g2%2FaL5dbvMrbMw74XO4E31qo%2FV03aBWJj4KVCcImXkUwuLLmfKJoOxow%2B9c%2BIsfN4xCYeVfFoU3G8y8MhVJCVAWh3PNnzdMQc%2F9sS0R8UGTmIzI8vFCMPlMykwSD%2F1LoAiYJyeNgavddO8j1rgRQxW9q0brb1d9ubvV03W%2FMKyh2XlgB6TnbITM1tTCMF5rXN1ictQ%2BtiSmM5ezxV3poggCTbPQYPzMAaCvgzET%2Ba5j%2F4fJ4RkcVG7ZiNo39ew5L%2Fk4wZVwTfWFp%2FNXUjFfi7fGcfzT4ZAXIS4KW16u4hjYYkfQxpM7%2BzdqfYwEZf2YS47LirpEAJeFT6w9%2B%2FB3GHmdYIj2HbxQbKSggYaJcTrXz2rKYN2sALfPB5W%2Bq9aEgZ4ihSPT5il87UGJkMiteKQu0MHcwxcYoR3Zb7bnfuIpWkXYi08dP4CYr2S6u4mzHOU4IaRUra7LImH3SBJDOPj6UZ7vFdpt5ziuB1x7dQWiIz5mv52qVon1l0TsNy2v%2FPTxT0DmD2Wg2eF7k87uu8%2FaqITOFXwG0f9FmN0I4Rnn8EeOnbb36xeA0Xkw8DLKs2D6RvfXbMIM%2FmIt7trE2wh5Q8SxKC83zzcZdgIK3QZ7bU8%2Fltc21wj%2FPCTvwrIOFkLIZ6h6%2BdqCN1s%2FHlJdd4hV06xCffQ7h4OTLD1oXaahAFqyoNCT%2B%2FgCgDLiYr7IWFP4E4V%2BsWGuUTUJdzv6lZD0MMq5pexg3qdQ%2FZ6a5CS9fC1VVQgP3Xm29533CIKRs0Je3FjqhwfhHj2%2FwZ3YEiUcFbhgF3TV4d6UtuSIOcpLpLeNN3lkVaUznUkGV9cD2tIkGIb8Tp5POhhjdR98JSk1S3so3V8XbaRq6s2XiLfCMjtU8fiV88jWKYw8PQmDZZvO9J%2FJAnc2y1mwYSKyZmf%2FoOi3%2BdvU6JYDRrl0UQfBC3QgP0KrCJKbWbBhIrJmZ%2F2XrMe05Xz5Sj2yXzP6WavCIMgJpJP%2FwsW9kxxtkpH2aEGoirHzQkyhyGxSAJh6kWKgz96Q%2F0ptZ6srLyUwYNqhPVFo4sRl%2F7vRPFnpUUpFhRGYB5%2BeB4zAsUoMkrTYNV7CvnpgXio5aMgf0zf3JXgnKVXACE7qCjmsyAQ7cC9iSutxKjF0%2FWxpQouVmwA6zAaPkkYAYk%2BMCQcyNf%2F%2BC5QF2Y2M%2BIIVtWNt%2Bowo8yhgpQd6U7JQD068TNriafv6qnJzQ0319EAE2gKU2MZFM62GdThCUkD36PSAU%2B6QFawn9Qma%2F546A2W5M2d4MhSQ%2BvJ4zeCoWiYLp2OlT%2FuCq7Lwnh2kRURvCXiavaJAy0xWwNPGdl4y9Oj4lwS57cd16WbNAd1Hs1d7h4Y%2F71HpwlfFAGpYpeuCIdvWPDX7h3QGr5NRig5JNe37vSCzPCNk80NWislnwY%2BZFO8j1rgRQxW9q0brb1d9ubvV03W%2FMKyh2XlgB6TnbITM1tTCMF5rXN1ictQ%2BtiSmM5ezxV3poggCTbPQYPzMAaCvgzET%2Ba5j%2F14iw4L5SeehHyBYvf9nrFrX5aaWw5xZZTjBlXBN9YWkyKsJkEASU33uzXwgbWWmW25qe0rO67A6LNTZJAd9ltvRBei8WNvbGlWwXB9nMS4AYM1inMh34KTu3vkAhfRYa&mm_sceneid=1_0_52450797_0&a=xxc%3Dad_ztc%26mi_id%3D000002kqiSazvtoDrPQphscmYT1IGQaisxekDKNMJ4CRpO4%26skuId%3D6121543822397&id=989345600785
805938224150,正版现货猫猫龙幻想生物魔法学院系列潮玩毛绒盲盒兔兔龙二代手办,72,¥,,我爱发明1999,Und正版潮玩店,,2000+人付款,湖南 衡阳,"店铺满500减5, 退货宝, 48小时内发, 包邮",款式类型:隐藏款 | 出售状态:现货 | 品牌:欧嘀,https://g-search3.alicdn.com/img/bao/uploaded/i4/i2/2631164325/O1CN01UZLquo1hou6DmtnPH_!!4611686018427380133-0-item_pic.jpg,//item.taobao.com/item.htm?id=805938224150&ns=1&abbucket=10&xxc=taobaoSearch&mi_id=0000gIJaDXA80KwzumcU_vubtUAJmAOtnuKP14HCXPL9fg4&skuId=5479262564955
969104476134,MINISO名创优品Chiikawa睡衣派对排排坐系列手办盲盒摆件礼物可爱,39,¥,,miniso名创优品旗舰店,miniso名创优品旗舰店,回头客200万,1000+人付款,湖北 鄂州,"退货宝, 包邮",出售状态:现货 | 品牌:MINISO/名创优品,https://g-search2.alicdn.com/img/bao/uploaded/i4/i4/3459177618/O1CN015UD3PB2696KnXFqb7_!!4611686018427387026-0-item_pic.jpg,//detail.tmall.com/item.htm?id=969104476134&ns=1&abbucket=10&xxc=taobaoSearch&mi_id=0000t2y7HGfQGagoRynKqfw0htG9cUCKE18s4p2ER0kHLY0&skuId=6081001918256
904939599805,POPMART泡泡玛特海绵宝宝好朋友系列手办盲盒玩具礼物摆件,69,¥,,泡泡玛特旗舰店,泡泡玛特旗舰店,回头客20万,4000+人付款,广东 惠州,"热销爆款, 退货宝",出售状态:现货 | 品牌:POP MART/泡泡玛特,https://g-search1.alicdn.com/img/bao/uploaded/i4/i2/2885348004/O1CN01o8tNkM28ztETcJ7Tg_!!4611686018427382436-0-item_pic.jpg,//detail.tmall.com/item.htm?id=904939599805&ns=1&abbucket=10&xxc=taobaoSearch&mi_id=0000z1QA_bWWwqhpTtd3g8-hDcbzwUn1KcQeXhpZN9hVQTs&skuId=5931542130839
691387785607,GRAF原创品牌BooGhost可爱鬼初代OG系列盲盒限量潮流玩具摆件,49.84,¥,券后价,bigmonsta,GRAF原创品牌,回头客1万,200+人付款,湖北 武汉,"官方立减12%, 淘金币已抵1.16元, ifashion, 公益宝贝",,http://g.search3.alicdn.com/img/i3/25586672/O1CN01pzAXCQ1z9pezmg3w9_!!4611686018427382768-2-saturn_solar.png,http://click.simba.taobao.com/cc_im?p=%C3%A4%BA%D0&s=1286882931&k=2273&e=qMkPtPlEUF%2FE6ItxVMOQlxtG8%2BCiChRPyTaW3QjQC8L700UJ%2Fhj6i%2FfQXhLUNWn3tI%2B3TGczqe1o3Z4oBOzLyX2Fds%2B29fjhlR8fdm3SwWaZbFGEqeAEB%2B2Be4qP2CqMHw%2BZIYg1%2FUmSILzFcwNtSFA1ZJUhG5P3NRCEOpT0CmL6Fd%2BAWP%2Fnfz4NH1uzcvacyN64gnrxq3dxZuVcfraJlJBuF6JO%2BM87RPf3NgNKmetp9hDtaUO0XQqCp5f6FwdNtuuz74duV3LN5EezXKrFUUAeL3uTQTB2GSTJpOvBDm0SAoppgJj2rRXQQGsnqHMXbGL8tywCLCep6OJq2d6pVMl5tus79aG4FKHDOLDSi9ouAzp2Yo9BNU55maYg9vMayqyEoEUt%2BJUzg8tj4%2FcvVFRyTenweSth0GNgJWzrBh5ceDtit14eOhBs9bCK3SNn%2FBDPzKKADszinz0M0LDR2I8iG1BiYpvti1s0fr4%2BLjGgu2P08r38E6X%2FLAj%2BcRrxZEd1hdTcTc%2BNFEI3yCzL0Kmi9pyLrWazpzc2y7TDcfewJm92eep27ejJeww7wp18W2zwXoEM4tj%2FhkcFWAe30uqiYKtnkbPmUZ4rFVfV6q2IkjMvbzQFLgnBpLtjDQD5fwhIIFJ8t%2Fm%2F6VcrL8vpwnkH1ntv3kuQUOyDcNDkq4ErriAcepfIrhh0h%2F6Zy08LNwBXKoiBhy1z%2FgzPkey7XKdXtzI47mTRPdHbm8tkcTxNxRkc3wlv%2BHRI4WhX4ZTFhuOlb%2FzYbjXEXei%2FLo%2F1iFATMmthqQgwPWiwM9IlAgIVSYOJK57xkNpUEabLKv%2FEpAKl2MXCfqu8g2bLOtqCpCT3PACb2nRlwCqArUgWrlAgkBuvxrMtv7viJ5Wu35UttFmZVZoCNCyMVdUy8Xen0Rn%2Br1XNXUL8DY3c2KAkv5pA%2FzwzdMSrn2rc5uljuHg0EyrEAwTmhLcvi6fLz6bwxVCBT5i0IqbnfWZa02%2BeA7rzdohNUI1gBySBKT%2F3AqWj41b61%2B0WTwijHl7vcH5139sad7ZpCWrrHY2qhwmrqbKDcNMKqYUFMM%2BLAsyXy%2FVWHoIl6DjPRyjyiSztrs3MmqjUiM%2FlAT39ooUSY25XQdAKjdAYfK5E4D30tJgeYS79LPctLsc5O4AvQFO5QVXkxBLEjiqmaJ8uW6Ms%2BWWpi5ZtYOOb5NEFPwVOnZnBRnK4NF5MPAyyrNg%2Bkb312zCDP5iLe7axNsIegrQAa9AaEh0zlI3Wwtp%2FYnOH80cP12fGE%2B7d52t7eSjWQ5EY7HVxMb6SCIEwQzbqnJJBJUc9WzO%2FPwEQuLrgEFhnvo2EcMXk%2BPKFxquomELWF9sR9HUU%2FwraTn4sCPeuXvpa6a0%2BZ0imIthwY8IVFNwOQATekWBAjN%2F0cx9CrakXnmMTHPI%2B%2Bdnks%2BobLPmgpO%2BBQ2HC6gTTGc55NDxI8PtahgXVfUDbZx3T4hLN8kwEDW%2B2tuJcm%2FUxUGA6tPgHwIwQHILAMOkcVFjwr2jLoSqcEXme5%2FRLXVAxGDtuCnuG%2FmHBmn6UUn26SX7vypki9DbM5YoAHurx5xzJI1C1s3oRTSr%2FCfVBXq2R%2FMgyl5ILHtfaRwUfrvHnHMkjULWzehFNKv8J9UH37XKsyIbAtjQ9zgZ1a7dhGWvSHzwVZw9mtBEC07U%2FC45SsJdfgj3uSDEoM4790bQ%2FbvbI3u8bfbitP%2B3XYtAeVOOv2YbwYQTvmsUT%2FZf7qyPwxT4YYoeo4lryFtgyLNn1wQDpfjm%2BfT2%2FEDm%2FkN7IyY9ql%2BxY7UUq7GnIQE7uqbitP%2B3XYtAe4ME5ZYZ6jDsAfrIS%2BSW7GhF2lnWyM2VZkSt67ptfSM8%2BuqaVUJz%2F52sYEbtdCAzKi4eCYHwASI2kyQIKESaqCh4d9jsMe2AdbDf5dt7w52FWjzClFGVaUPMh9MYQ9VdDtd9cQxjgwhzfkduwUYCEXcbWwstr8D6YOWDgWuf1HCU2WrPIjg64u0zOHDfW1jKyXIgW3QpqKfg0VqlY6N7gajXPmk1URhJGWmqbR7cCZ4f8U6qJDn6VS0itKfz7nxychl3PG3%2FMx0xXMguMNnHP9uC3jkUCk45Vqf0rQAkwQoQd6d9T3Kku7arREYD6xuocm8lX5J6n4U2sjczeQJ9H6%2FWRv3iBQozSlbYa4qwpDaB24dhfa6Q29oTqHhbTm9EH1NU3C4nCD6J5B9Z7b95LkI4osdvCzgXyfVqOZEDMF7H6A3t%2F2h149uDfvR%2BqgJFt&mm_sceneid=1_0_25586672_0&a=xxc%3Dad_ztc%26mi_id%3D0000u_xduk9DvyPEAfo36Tf1GyEAD7qnKX_D7qFo6e2rCWc%26skuId%3D5083310946626&id=691387785607
897174722052,POPMART泡泡玛特小野Hirono回声系列手办盲盒玩具礼物,69,¥,,泡泡玛特旗舰店,泡泡玛特旗舰店,回头客20万,3万+人付款,江苏 苏州,退货宝,款式类型:隐藏款 | 出售状态:现货 | 品牌:POP MART/泡泡玛特 | 商品状态:全新未拆封,https://g-search3.alicdn.com/img/bao/uploaded/i4/i1/2885348004/O1CN01SBnhnp28ztEU5QOdE_!!4611686018427382436-0-item_pic.jpg,//detail.tmall.com/item.htm?id=897174722052&ns=1&abbucket=10&xxc=taobaoSearch&mi_id=0000-lkjknnfhbRjWYxieFWqmbRxd808D9GTYL6nLHjoBok&skuId=5931480566595
909360714232,正版EAKI火影忍者疾风传萌兽派对搪胶系列盲盒毛绒手办摆件潮玩礼,77.41,¥,券后价,tb086198083,潮玩集合社,回头客4万,5000+人付款,广东 广州,"店铺满11减10, 48小时内发, 包邮",款式类型:隐藏款 | 出售状态:现货 | 系列类型:联名系列 | 品牌:TOPTOY（玩具）,https://gw.alicdn.com/imgextra/O1CN011srtjn1qROJXjlgXA_!!2224965492-0-picasso.jpg,//item.taobao.com/item.htm?id=909360714232&ns=1&abbucket=10&xxc=taobaoSearch&mi_id=0000ODek05-Byc8KcqjyWsByh07UZRTXA7RKI0lrC_XLkRs&skuId=5770588836539
852218601470,蛋仔派对盲盒礼包码 蛋币兑换码 彩虹币 联动限定盲盒礼包码CDK,1.25,¥,,tb825112528,元宝的手游兑换码小店,,4000+人付款,江西 九江,"24小时内发, 包邮",游戏名称:蛋仔派对 | 商品形式:兑换码,https://g-search1.alicdn.com/img/bao/uploaded/i4/i2/2207020841321/O1CN01RWIWxX1Ld4J230qMg_!!2207020841321.png,//item.taobao.com/item.htm?id=852218601470&ns=1&abbucket=10&xxc=taobaoSearch&mi_id=0000kGqEGrRGQG5TyOf6Rn6WpEIDprlubnx9IeUuiTz8SEM&skuId=6131451182561
945690768222,正品碎星轨迹KISEKI古董系列MJD盲盒12分可动人偶BJD潮玩手办礼物,89,¥,券后价,tb068540_2013,Super Toys超玩商城,回头客3万,1000+人付款,广东 广州,"店铺满15减10, 48小时内发, 包邮",,https://g-search1.alicdn.com/img/bao/uploaded/i4/i1/1598373758/O1CN01CG3V0x1ddDU6zacVY_!!1598373758.jpg,//item.taobao.com/item.htm?id=945690768222&ns=1&abbucket=10&xxc=taobaoSearch&mi_id=0000-7hw_qvgLJxNuBMKDdlWW6YehZsN_0lqmez4LGeKGL8&skuId=6015832635429
1006347181614,TOPTOY酷洛米天使系列盲盒库洛米手办周边桌面摆件可爱生日礼物,68,¥,,toptoy旗舰店,TOPTOY旗舰店,回头客9万,300+人付款,广东 广州,退货宝,款式类型:端盒 | 出售状态:现货 | 品牌:TOPTOY（玩具）,https://img.alicdn.com/imgextra/jz3_4/2211430099222/O1CN01jkqBGk2Hzjdgr7PcN_!!2211430099222-0-alimamacc.jpg,http://click.simba.taobao.com/cc_im?p=%C3%A4%BA%D0&s=522554213&k=2401&e=l%2Fq2QKb2Nm4pjn9UIUJwQkB42EM%2FCY6CQKOflv9Tw24zfIkY2cGvuzd0HmlT3PDQAdzWsyE4IJctxybGTK9I%2FRxPpbTJB7ueRn1LnKfTW01IbeF6oG8K12690RDVPXP96SfLqOjT7ah7s2lQCkZaQn4KeCQHUZ3hJQMCKRptLmnoG7fJkgBDcD7SgEPWG3dg3eE7slT6iS7uNMedkM8g%2BKE3qIZAO5iqcgJB2RN1MH3x2BUf%2FDqy%2FZXIMATw4Pt0eIb6pmYkbQn31niSd4aVbmi4LgfJ%2B%2BySU3xVSG09HmuI7mBUmveb2lc6Gul5V4sCvtqBEEekMFZBA%2FZgho4vYY28AMoR6g4VrmRSaSy%2Bte4uyETAf7cX3CpDbAY8iek84Y9BQQU4XFXGVqzmE7uQOdGCtOGdKjwMPFfykFCuW8Cj3EgvOaZo%2BEw640Z7WtDgpOoIvEmRgz16wsELlNS1IYRirQHutlsA8EAPAx%2BF4KlU2ZMSqff5Uq0LjskB4331%2FTGkC0%2Bxj8SJgZexNjfJBPXiJ63%2F22628vZhua0tIny8sWWbPO4reDpSI1QQ1jPnoYtl1Rx72YnckLnC%2F4O39kAKANTyPMcWlauTcT2D2KddoAHmV%2FLbLTb01ukca45WxxjyIwsQEAdak1ecgZSb75batwt7Fx2m%2FRlFQ2vPWcroYqvxQNf1P00Nb%2FZOfdsKapjBxGoHuij43p1jxNOhp3MBiqm%2B70QgUlvnHy1P01a5LbHhZ2yzDZEnJL0%2F89xhVEFCZY87BUN5QUqtwyvVf4xvfyke%2BJEDfIegnd8ibHgin%2F%2FDVcmgxzR1qJng0dYGREduPaay50t4us5vGvflajOeYgjHggLNoYZwZ9zWxBwX7ygFK9qVz2KiJPlguC%2B8cyfPKa2DjWcjbScP5yXgYWcFSQcQKMXMw88WsNFAa%2Fe%2Buy69K6dmLAGhdF1mHCkBu6PgL%2BYoRcJqlBfjwqsC%2Bv0nXjWHlZOvgP9bZKETX9IEH0vsYgnJpbbuKvGdvEt%2FGnB0IWhiWxpQjnPZufgHil%2Bf6n9hO0Bz5KpAQpRrJvYdf1Tii0yRtX7ocicq37qIS3wka4Y9VjkOnhOjxwW6y3XSuUOOOkYXokrlhodWkp%2B7FyXzcMHqUOm4F2%2BNqR2%2FRTF7LwaqoVtasq0FoMD2lLULg9IqQrs6ZDc44P%2FPQJLZLHkx5GsbJ%2FimJIB%2FlN%2FOFLEImMLAfFRnaiPDEOCQ1fS0NdYNLkX6YJz%2FW8KZOUwazZ1jmEANcZSVN1rYVnzvZbez121qcgh6uCHHfPDiaAbAk8RpR%2Fy9UUsX8h%2FNTV4%2FcThBo4E%2FjqFu8ck7PrrGj8x1ImQCX%2F%2FLVSgeLwEP8ySWR%2FwZaKenNGJaqUi4KktGP3DOaFifzzrm%2F1Ea3zsn0e%2Fb9Xu1g6WqjcWJjAUr7azGZac5zw3Dn5Qaqr68WEbLS%2FVdjJevfz4VD21TtZhKW6T5K2NUehrE8%2BBSEjoH7oIS5gCEmX%2FJWOzVhhnhD6j5gfDaVLzxde6y7ovrJmSaPYrugjMEtVjWvk2Szt5fbjEHEZwPS5TFOJgJYw92tSWhApEWpGzXzXBhYt1oD4E1tjTKjkGhrjPC7khv11Xh%2BQ%2Bh89zvAzPoitsOZ%2BuyZ3WVLDdUj9ZrX85%2FFowq8F23n5775c1ktx%2Be22DrmyzmskCjYel24%2BJ77z0XPXviIN5S%2B%2BExyDOLsQOrpqnWQYNhoQjCPwaccFRrwZEfO73yG%2BzyeU415qMXLZMBi1kQpT267fRcUjr%2BTsOO6XgPMkoulb79hF87CwCPer7yFKLSMzR6tqTf44vFpO8zgvh10MM3iU8E1i%2FMOLWa1YSP%2B%2ByBxlV9rZfLZcM%2FL7%2FcJE95%2Bpy2ItPDpjt3YnH7rOOQ7%2FNXSJ3CjmHX0sKFQpEyqRb9UMoVSxtv%2BkRk9IYn2y9dh%2B2kZkAQnAew0ymUFNuDoW8E09QnV7d%2FKgOTA04KxVKQPoQRpZ1qh9Z8HMvygkFYxql5Ny6fBu3mvJUzYCijcyMLFK7Q6dgL8Mc8S7WBqewjS7SUYgeYfipoOR2bvjAsaIOXWFZFyn6fq%2BTL%2FLykOtRqXlwzjCucSL8Egffx9SjX0kdkEk%2BMtF%2BSQNt%2B%2Bhjv%2FdwQbAJiza9MyKcVZkMXe9rLVSgeLwEP8%2BnRTVCoWih8ybKx5Xx%2Bick%2F6an9PO50t9lBQVTdKvh6WYgPhTJht2w6xlmQGH7wCf41izKahwKexQTJQbVKalWHoY%2F0b%2FxFqPx5MOloVGhvIU0XyDZzHJ1iM74JxwFnw8fAcbU%2FI%2BK2lSw3VI%2FWa18aJd7TdJxkzsarxVOPjpm5j0mqdmanzoeDZqQ3wLLE3WIZWQwH%2BMiUe0x7GUaIVB%2FyZZb2VXdornAXf9teJQQm&mm_sceneid=1_0_1804450133_0&a=xxc%3Dad_ztc%26mi_id%3D0000zv-pqTZHpzMS6PyepFcYuH8n78S1Ngn1heqFnZy7XuY%26skuId%3D6000311440974&id=1006347181614
1004929107278,rolife若来Nanci囡茜时来运转系列盲盒生日新年礼物,414,¥,,rolife若来旗舰店,rolife若来旗舰店,6年老店,700+人付款,江苏 淮安,包邮,款式类型:隐藏款 | 出售状态:现货 | 品牌:rolife/若来,https://gw.alicdn.com/imgextra/O1CN01TAwPWF1YqQt31lSCb_!!2206871603110-0-picasso.jpg,//detail.tmall.com/item.htm?id=1004929107278&ns=1&abbucket=10&xxc=taobaoSearch&mi_id=0000M58d5yciDPMqpAURVFGB9KUCGYPpnm1uR0BBk9VtMVc&skuId=6177922507688
992082858908,马年吉祥物国潮文创摆件盲盒2026本命年伴手礼招财装饰品新年礼物,33.6,¥,首单价,空槿旗舰店,空槿旗舰店,,700+人付款,浙江 金华,"直降1元, 店铺满58减3, 淘金币已抵0.5元, 退货宝, 包邮",款式类型:隐藏款 | 出售状态:现货,https://g-search1.alicdn.com/img/bao/uploaded/i4/i3/2218614901804/O1CN01DOpLS81PCHcEP5Bfi_!!4611686018427382828-0-item_pic.jpg,//detail.tmall.com/item.htm?id=992082858908&ns=1&abbucket=10&xxc=taobaoSearch&mi_id=0000TWQ7RblgwHws3rgOMgfuRwL31eL-eaMW-mNs8pihyfw&skuId=6169955466341
977803988448,盲盒公仔定制手办树脂工艺品订制钥匙扣挂件手机支架来图定做logo,4.4,¥,券后价,tb788942694259,广东趣萌工艺品定制,,32人付款,广东 中山,官方立减12%,,http://g.search3.alicdn.com/img/i3/9308542502/O1CN01LN8h1n1ULy3MtK14K_!!4611686018427385382-0-saturn_solar.jpg,http://click.simba.taobao.com/cc_im?p=%C3%A4%BA%D0&s=522554213&k=2393&e=LaFptnOjhOQpjn9UIUJwQkB42EM%2FCY6CQKOflv9Tw24zfIkY2cGvuzd0HmlT3PDQAdzWsyE4IJfCiq%2FwPRMKULiztQIt5qSg37QMsZTJAlBiOusADYmb0W690RDVPXP96SfLqOjT7ah7s2lQCkZaQn4KeCQHUZ3hJQMCKRptLmnoG7fJkgBDcD7SgEPWG3dg3eE7slT6iS7uNMedkM8g%2BKE3qIZAO5iqcgJB2RN1MH3x2BUf%2FDqy%2FZXIMATw4Pt0eIb6pmYkbQn31niSd4aVbmi4LgfJ%2B%2BySU3xVSG09HmuI7mBUmveb2lc6Gul5V4sCvtqBEEekMFZBA%2FZgho4vYY28AMoR6g4VrmRSaSy%2Bte4uyETAf7cX3CpDbAY8iek84Y9BQQU4XFXGVqzmE7uQOdGCtOGdKjwMPFfykFCuW8Cj3EgvOaZo%2BEw640Z7WtDgpOoIvEmRgz16wsELlNS1IfGVULJwHBkEsNxoMsYjLHZEYP9yMKBUbwzsCTnX2GWBVzDZrQSKhtkZ7g5h6K0q%2FPy7VujGFH8evevIHYr%2Bb1V4aa8NSrZNeenipPpgJwH3qiKbS73ZNCtEBySTkLsoEW3L8Ops0ghOg8ZL3ouY%2BrafkuFunjNdF5xHzCi1PCIjvpPi2k%2FuqGJ4aa8NSrZNeW3L8Ops0ghOrI93%2FnGLVYqd66OBuzsqvTpeYfEvikZIhcdDnEF%2Bn0B3k0oRUDghY2IpkiDZIllMl1shoYk0K1J53P%2BgD57GQTaapanQucmyRl2Q7%2B4ytOwCuIowgwpI5kdrC8rdp8Xg%2BFmxecI7qhfESYHNl8HxbC44ooVYLC0pDmtnyyihTDz0SUIp2fZDodk3uY5mNIc9l7eoUgSH8QpVWMnYlRhCxI1cnTBs0jpcs32gXxEZ%2Fp1fc%2FTHklIqUd3r6dteW5Rwsq7lMSkxeKnGVX2tl8tlwyTXvlEXlv%2FT%2FLtW6MYUfx4bizqPUir5bQJQtlyRw074Oxvb%2FW%2BJ5NEquF6Glr%2B5ExMIh%2FaOx3f92Te5jmY0hz2ZtCOoHBmhCDDqvCg35H%2Fd%2B9cVF552Fo0AojMXUOcvjI%2F1MAgGkDcdh8ajNW1fdh7mpF4gTMddSv6XL3v773P6F6nXNBWbh%2B9yUNU5cIiJqXxhHBjhQ7UciQWiwK3QKyQHDvitaCfBGX1pPeyXRk%2BmnPasHhyD70qEG5PrKYQUJv4G%2Bb%2F5xUzlAJ%2BUSWicTWZc9FC2u2qE9dcZJCxzNWmzrLkhBn8dFvCQjxP%2FuIlyDzJ7ciBTqTCZxwUZTmdaD5tEBySTkLsoEenipPpgJwH3LYSkHkwvDFMw3e5vzw7w%2FaYvW9m9D3WuWZyhsTzRw1Ibc63yU8FDL%2Bewe2zFelKF76M8QWapDKLwCOFOT8XO%2FbMOQ6z4t4rbqo3FiYwFK%2B1SKk6u5GRkD5j2ZVlv9AGXUtn4B0pcz%2BVty%2FDqbNIITsDtQbCGuZ0wxPPgUhI6B%2B6CEuYAhJl%2FyVjs1YYZ4Q%2Bo%2BYHw2lS88XXusu6L6yZkmj2K7oIzBLVYUasXFznvzBFQtCNy%2B8sq6TW%2FGiJtIThsFQRR3FC%2FEEWY%2BKN2QKJSBp7jqWUO9JIWxLOQZ%2B7aiygPofPc7wMz6MID0f5Uaj%2Faedz%2FoA%2BexkHNi1vql1EHjBEwVW6hDuOEP06Np9v3gIN53P%2BgD57GQbJos6TD0PwMbaAa%2FTyJNNxDBPWUqTJMksq7i23%2F64BpHkUnLk4IxZ0F4oMNgLpv3PxXFaJaSqlmyEKVAKNhUvekX2QzH4PjknHnQtTEQq78lhJEitOWSRtqfBUTxtSFBBDj8umhH8UNN6dEl7jw1ihnPXYSgJXEsSzDqTR6nkA8NrPo3KLNaVskmqon49puJbjgf1zA4O%2FPms36fN8NDBi4vQ%2FqqMszaGSO%2Fqm2H7Sp6n29lzSakakhKVKa6sxm0fQselOXZTXI5BuYMPxAIT01TM3RiWSL%2FKDstDP6ygWjI1QWGQgLEjDJlNHRdJqFgLpc%2FYV2S7rnW4Mg2CH24A7Hv1Vg%2BxuR083mhG0cRcKa2Ep3xBHb%2BGj8nC6zYHOO55hoSZMReumz0fNA0bFoNr3vIx%2FKg5ld5cE899wYOklQaumYxzj371hX%2ByQyfSQ8a%2Bf8t3XlbLBCh%2BbMmulBinhXWU3eJw5ZVriJPlgHqSKqUWrDL%2B6gEdO8f3K85nZ2t4zweyz3f3AmrK4VDVWS3mlBiIl2Ekiqpva78WlJ7QQ8TOhEn7i%2BzANPPbfWfpdryi%2BueiWHMQsE6Vzycv2XJnMhg5t1jK6mFajzm3895gp%2BGHdfbamhZRFHskzZwJJlhOV9hgiQafiM5lq7CF5rLy58zhaZmXrG%2Fr46LgzsDM356YdQFC78pUsbdhuVsjfeAQ%3D%3D&mm_sceneid=6_0_9308542502_0&a=xxc%3Dad_ztc%26mi_id%3D0000ld4g4VlGPGv189fJ8pODpSOYFFGx7Rxz7I8ScUr2J7E%26skuId%3D6096781262854&id=977803988448
858154021741,泡泡玛特 我们都是星星人系列盲盒时尚潮流玩具摆件礼物手办公仔,28,¥,,林下之夕rea,UR TOY盲盒商城,13年老店,3000+人付款,广东 佛山,"店铺满29减3, 48小时内发",出售状态:现货 | 系列类型:联名系列 | 品牌:POP MART/泡泡玛特,https://gw.alicdn.com/imgextra/O1CN01URbXPH1wpYuB3fhZl_!!524736357-0-picasso.jpg,//item.taobao.com/item.htm?id=858154021741&ns=1&abbucket=10&xxc=taobaoSearch&mi_id=0000N9UYmRsSMUuveEqHAo1ovo7OYtnlgGxMPjtLnvXnfGo&skuId=6021909742730
952230946997,【新品推荐】B.Duck官方小黄鸭毛绒盲盒20周年限定潮玩公仔布娃娃,50.72,¥,券后价,bduck旗舰店,bduck旗舰店,10年老店,77人付款,广东 惠州,"官方立减12%, 淘金币已抵1.18元, 退货宝",款式类型:特别版 | 出售状态:现货 | 系列类型:联名系列 | 款式特点:静态 | 品牌:B．Duck | 商品状态:全新未拆封,http://g.search.alicdn.com/img/O1CN01YPozpO2AUPBoh9Gmq_!!4611686018427381822-2-item_pic.png,http://click.simba.taobao.com/cc_im?p=%C3%A4%BA%D0&s=522554213&k=2337&e=XjlWt1dkwWEpjn9UIUJwQkB42EM%2FCY6CQKOflv9Tw24zfIkY2cGvuzd0HmlT3PDQAdzWsyE4IJfBhYOzrifAeovfLLhO%2FpfBd5%2FLqXORX2diOusADYmb0W690RDVPXP96SfLqOjT7ah7s2lQCkZaQn4KeCQHUZ3hJQMCKRptLmnoG7fJkgBDcD7SgEPWG3dg3eE7slT6iS7uNMedkM8g%2BKE3qIZAO5iqcgJB2RN1MH3x2BUf%2FDqy%2FZXIMATw4Pt0eIb6pmYkbQn31niSd4aVbmi4LgfJ%2B%2BySU3xVSG09HmuI7mBUmveb2lc6Gul5V4sCvtqBEEekMFZBA%2FZgho4vYY28AMoR6g4VrmRSaSy%2Bte4uyETAf7cX3CpDbAY8iek84Y9BQQU4XFXGVqzmE7uQOdGCtOGdKjwMPFfykFCuW8Cj3EgvOaZo%2BEw640Z7WtDgpOoIvEmRgz16wsELlNS1IfGVULJwHBkEsNxoMsYjLHZEYP9yMKBUbwzsCTnX2GWBVzDZrQSKhtkZ7g5h6K0q%2FCEPoiPgQpTh%2Bhrhn%2BpOqhgnqgylieHalrrOQ04JTUp2zokOSgdnRgDJDOqZD8yZ9jDQHK052n1%2FsMTsLVUiMMWLQnwXAaHAkxSAcStL9F9Ewgk8KNRO0wBmitDz78Fa4hrP0VqKIGa46Je7qcIsL4RsGxQR%2F138QmqYwcRqB7oo%2BN6dY8TToadzAYqpvu9EIFJb5x8tT9NWuS2x4Wdssw3li9ncfhQ273hhIqVBofnPyHfWqkumbQk%2BXFO1aCrdVgUfloQMv8C%2BSff9WEUnc7dfudSFNAahKGCzexDtvJxFd2H0a%2Fm0PqZZ7qxZE2RN8mva5pR9YE0qpVisb3cW2WzrPRtLOQtWdDrGWZAYfvAJ%2FjWLMpqHAp4jNqtAYZFv8lb3O7C9WkUK50N%2FmVLtPI0hD6Ij4EKU4fIjKkOZbKjVAlC2XJHDTviK29TJTfOdRfmkLJPi6orMmsyo%2BZ2yUiWVOD7Ia3ch17aKj%2FW82Vns%2FpYDuJFI7JPA61Go0deOoswR3d%2BabxZpeV39GTZfhuw7o1%2Fiu%2BWcBSxSQ6e8hjDSbNvOxX61Sn9lmc8XHZwZhwW7xb1nHgyjzZUoug8EZqxHwxGN2RZFijwiZLWK%2BOjFtONHUaSvz2tEEYcHaSyGDd4JL%2FRJj4nL1mfmBvBVE53Ts9mAj%2FafSkNxPjKmkL046mckdU7PbV1iF5lkSKl8ezqdUljfXzOOFtctGXe%2FSAnxU%2B5OQZP7VNNZsSzfL3jvImiNhS5GsEjJDOqZD8yZ9rrOQ04JTUp210ZmksftzionqgylieHaljDQHK052n1%2FREc%2FPPImZYZZO8H%2BJqDOO%2FNwpeiGmx7ahlgKHJM51mTvceskQcsVfBmg76%2FVlBrGnJYbqSSKOodNmylcqmFX1sYMneyDyjSEVtH4EgUmPFu5x8lXI%2F3BpADYWLKDy02guNlkGzQi3vdExUlfLOTaizN2yjox1j4rHVaNHDf2cSgaBzq0OiNn34HTyPznEEg4DgutCLcEIOI58IICuO6EwKmptjuTtwYvEQSXJ%2BNF9rz2wu%2BhnKNpHrGXleVqjJsHIQ%2BiI%2BBClOFVx2ZzrIA5FkKxQClbWY%2FsPsz8%2Be1V8vwhD6Ij4EKU4dqkNZY0mSV7Sa%2FvPgV%2Bpo3gSCi%2Ft%2BdQ3hwwi0Avhz%2BPORHNybEmHkXBxb5xMGXuGCkUjer1krtYeuuftGOXckb%2B4BAAtTOI0AIAEqdMFT6FtsH2CX2LwLoChc2P2Bu0PagrT%2FdwUACoIu8WO21RpDI5jBvRKcp4mjuYz0E8mZCqcrpT3UH5smZRpHaQQP7NMrHHu7LI%2FNZaugJN7b%2FAlwuD3uW6Sb3sxTIDtmPHaMhTj2J5HESIFoykzPDjHGonmVzTWXHg8lpeKLym18kfJeoYjIazfSHCj7bm2nFV8Q218%2Bu%2BX99yE8wrNsrac5pujHqdyNKAMlME16JQHdneANraaaSID8yLCyM%2Br4wKg8jD%2BBGrCFZZkNMcRPCfUIQDvv6I5nFMe6sh8wgcD9uopeitqU%2F9Hm21Ou1gqCZdKlK%2BL6DNeJ4dX%2B6kud5sPTPnR9TZViOo1esc81sc1MMWcBcznmIIx4ICzaGGcGfc1sQcCEAVPLEjsk1dqTMX92iy1U1yP87%2FRXypzrlRyb7%2Fk%2F8EQA7I5cDACBgp1FEnAerGj%2BBJzuaY3yAb4fmfU9kfjbnIXenTEIDKLLYgIFnCrbTdVUjjfqmKNpw4NkQqQedKfy4dfbronf7GDJ3sg8o0hMZURrr4bQHksQcHnvsxhbCCEuYAhJl%2FyXuDfxxyes1s&mm_sceneid=1_0_109402477_0&a=xxc%3Dad_ztc%26mi_id%3D0000AhflfNqnoVxjQGKkbSJLAizlrLp18YnKDkhR7sL5dzc%26skuId%3D5870745008478&id=952230946997
999281060110,POPMART泡泡玛特PUCKY精灵市集系列手办盲盒玩具摆件礼物,69,¥,,泡泡玛特旗舰店,泡泡玛特旗舰店,回头客20万,1000+人付款,广东 惠州,"热销爆款, 退货宝",款式类型:隐藏款 | 出售状态:现货 | 品牌:POP MART/泡泡玛特,https://g-search3.alicdn.com/img/bao/uploaded/i4/i2/2885348004/O1CN01Ve0ihv28ztETcHFAT_!!4611686018427382436-0-item_pic.jpg,//detail.tmall.com/item.htm?id=999281060110&ns=1&abbucket=10&xxc=taobaoSearch&mi_id=0000SYmxCnVQNfXoTmL0xb0PDDUgrkhQaMzDp5jRQNA17bk&skuId=5981966557008
745205516644,手办定制盲盒公仔PVC卡通摆件钥匙扣企业吉祥物树脂玩偶玩具定做,10,¥,,tb4914932656,深源礼品定制,,36人付款,广东 东莞,公益宝贝,,http://g.search.alicdn.com/img/i4/5157336262/O1CN01QAWLg41w83B1HMuYa_!!4611686018427385030-2-saturn_solar.png,http://click.simba.taobao.com/cc_im?p=%C3%A4%BA%D0&s=522554213&k=2189&e=ioXxH3C%2F9ZIpjn9UIUJwQkB42EM%2FCY6CQKOflv9Tw24zfIkY2cGvuzd0HmlT3PDQAdzWsyE4IJfMIsTtpmJuHDXjU65t%2Bq3jjFoCB%2BmjB7ZiWAWmPycDfG690RDVPXP96SfLqOjT7ah7s2lQCkZaQn4KeCQHUZ3hJQMCKRptLmnoG7fJkgBDcD7SgEPWG3dg3eE7slT6iS7uNMedkM8g%2BKE3qIZAO5iqcgJB2RN1MH3x2BUf%2FDqy%2FZXIMATw4Pt0eIb6pmYkbQn31niSd4aVbmi4LgfJ%2B%2BySU3xVSG09HmuI7mBUmveb2lc6Gul5V4sCvtqBEEekMFZBA%2FZgho4vYY28AMoR6g4VrmRSaSy%2Bte4uyETAf7cX3CpDbAY8iek84Y9BQQU4XFXGVqzmE7uQOdGCtOGdKjwMPFfykFCuW8Cj3EgvOaZo%2BEw640Z7WtDgpOoIvEmRgz16wsELlNS1Ieya58zbU5JTi5bJVl47Jk4nhuLpXMZ2i60LjskB4331%2FTGkC0%2Bxj8SJgZexNjfJBGoJhukzBJVrGBF6oQgUZvtj4jIA0NtViHsaEuA1G1hBUJfQCZfJrNfaehiHEFzVxwAI2PrMvG%2FDFEf0atUz0Rv9%2FvSqYmiFEReVpZqRzQ6LxEMsHE99xJOn%2BNXyYIw%2FOta%2BwkOvCrcLjoNcDV5v6btsGxQR%2F138QsdheLYXAiHdwbmM8Rl1UbPD%2BvLSKChrZ4KPHZ4qYhOlVkoQa%2BedCjE%2FqTqA%2BAmBETIymgiIb5riBa70jYdovxDTcmIbcNYzZ2eQlVAYqqSO0Bk8cz0%2FnPYKYp5EVB7GNm4fUfWlvtIpZ5CVUBiqpI4lv2Q%2Fet2VfHvi9xLjktNP%2FsZxtycnEQ%2BhwD%2BnjCV7WHdh9Gv5tD6meLrObxr35Wpfc%2FTHklIqUd3r6dteW5RwroF%2BkoBWJmuyOvfA749DB%2Bx9Hy%2BpoFpk%2BLtK0%2BA8Oq%2BvPy86g1admhMIh%2FaOx3f9LNqu3DAsR8ZUCn8QcmkgFrG9gxSYRUCjwOtRqNHXjqLMEd3fmm8WaXld%2FRk2X4bsO6Nf4rvlnAUsUkOnvIYw0mzbzsV%2BtUp%2FZZnPFx2cGYcFu8W9Zx4Mo82VKLoPBGasR8MRjdkWRYo8ImS1ivjoxbTjR1Gkr89rRBGHB2kshg3eCS%2F0SY%2BJy2W2XdpKRIhhTmW3EASwdvmonm0tHMZCt2io2dFKYvmjDcCttheXD3f753HiuevYRmLFyQOKx6YC%2FIFRF%2Bn1ykgXlaWakc0Oi8RDLBxPfcSTp%2FjV8mCMPzrWvsJDrwq3C46DXA1eb%2Bm7uCVF4b6OiEuMVgpblOc6wMxw%2FbLpFaSplJonrgr50vQSc8HALP7%2BXKXeN1W8viiFaKiMomyz6hzx2%2FrkhuVJ1Wgl58P0DaOYSVFMAx8Ch986SIBLMYK3W6C549ncPn8nD%2BAvXA8RFnuEvgiXIMHQAMZ7aiYx2kpi8gtsk9LoWV7UHMMp5RdmiswySRgWg4Fnzn8WjCrwXbefnvvlzWS3H68fKN1vFItszDJJGBaDgWdFFqvPfGzTxdn09Ge%2B1marv1dWVBZTmToGnrh7DDT0qJMzFyypPZViGBcWiASagx1G70MSEjsJF4mqvSvEwrp2cnRRabqZGugCABKnTBU%2BhbbB9gl9i8C63t0jYGBCw%2FTwCUwnGqFUTC1j%2BUIED1SxdvYv%2Bbnhxuu4HkFYp4NuFczj6NgzyGXXLMl7XWbp9NYdX3%2B8EcCq34K9ZM5S%2FRPBqgauHLaUtSYCxx1Sw0dqvO2kZkAQnAew0ymUFNuDoW%2FkWfxqYewH5wOTA04KxVKQPoQRpZ1qh9Z8HMvygkFYxql5Ny6fBu3mvJUzYCijcyMLFK7Q6dgL8Mc8S7WBqewjS7SUYgeYfipoOR2bvjAsaIOXWFZFyn6fiO%2FdRC4eUdPcodMfjlQToGeQlVAYqqSOUmju7xyAqixnsnxFozN%2F4x4gLM24oWltQ37RLGe2fQDpf%2BoFF2iNUbiXaIWRr8qeBz%2B4EQlOEDU0P3rnucvCLtYRO3iWM3QkMhUIfYxk11zN3I89sD6ZbBsiO%2BvvKDlGjFuOAOLXVGNzgT2bDzkwiex9Hy%2BpoFpkWIXxfic4OBlz5XkKbVb6PQEU0n1VW%2F6AxlRGuvhtAeSxBwee%2BzGFsIIS5gCEmX%2FJe4N%2FHHJ6zWw%3D&mm_sceneid=6_0_5157336262_0&a=xxc%3Dad_ztc%26mi_id%3D0000UzdYDgl-VUwE4D3FPtkMc-a6iwPeP_v77hQPOzsf6lE%26skuId%3D5789979483490&id=745205516644
967437051811,DODOSUGAR NAMI CheersDay潮玩盲盒摆件包挂女生生日礼物手办公仔,102,¥,券后价,dodosugar潮玩旗舰店,DODOSUGAR潮玩旗舰店,回头客2万,400+人付款,浙江 丽水,"官方立减12%,  3期, 退货宝, 包邮",款式类型:端盒 | 出售状态:现货 | 系列类型:联名系列 | 品牌:DODO SUGAR,https://gw.alicdn.com/imgextra/O1CN01y7Wy9x2A4l3dU6Pw9_!!2217183168150-0-picasso.jpg,//detail.tmall.com/item.htm?id=967437051811&ns=1&abbucket=10&xxc=taobaoSearch&mi_id=0000C8mPWTiKFforSlW2uwztswj-lOgx48r6dSC4y5T0N1k&skuId=6168189054218
981194360428,官方正版多事猫系列papa猫潮玩手办盲盒可爱小猫桌面摆件女生礼物,26.3,¥,券后价,paws鳯爪,PAWS MARKET,,1000+人付款,广东 广州,"官方立减12%, 退货宝, 包邮",出售状态:现货 | 品牌:PAWS NOVA,http://g.search.alicdn.com/img/O1CN01Gfbguu1mTRc6Qrac8_!!2217041534955.jpg,http://click.simba.taobao.com/cc_im?p=%C3%A4%BA%D0&s=522554213&k=2381&e=rFJhSNYNr6Ypjn9UIUJwQkB42EM%2FCY6CQKOflv9Tw24zfIkY2cGvuzd0HmlT3PDQAdzWsyE4IJcEPIHEBtowzDndNiO4ltTQb97U3xJwLuFiOusADYmb0W690RDVPXP96SfLqOjT7ah7s2lQCkZaQn4KeCQHUZ3hJQMCKRptLmnoG7fJkgBDcD7SgEPWG3dg3eE7slT6iS7uNMedkM8g%2BKE3qIZAO5iqcgJB2RN1MH3x2BUf%2FDqy%2FZXIMATw4Pt0eIb6pmYkbQn31niSd4aVbmi4LgfJ%2B%2BySU3xVSG09HmuI7mBUmveb2lc6Gul5V4sCvtqBEEekMFZBA%2FZgho4vYY28AMoR6g4VrmRSaSy%2Bte4uyETAf7cX3CpDbAY8iek84Y9BQQU4XFXGVqzmE7uQOdGCtOGdKjwMPFfykFCuW8Cj3EgvOaZo%2BEw640Z7WtDgpOoIvEmRgz16wsELlNS1IfGVULJwHBkEsNxoMsYjLHZEYP9yMKBUbwzsCTnX2GWBVzDZrQSKhtkZ7g5h6K0q%2FJEe5DOV8tg4H3QRHBscM8xSh3wRfDHgFdtWP6hizicjECRbeuBM7VUj%2FAM0aYxWpVPzpzZt3OPJB4QXyfD10m%2B5RJ%2F6wy7OU688Bfsdixk%2Fq0i%2FktD9Pb2hWntmX917jg35bn8pDWKLOqEC1zT4zR07MT7Lsb%2BUBCN5l077mQIJY9QYLUvjoKhhROhvzRoAVVJb5x8tT9NWuS2x4Wdssw2vk7FYB6BbEJYUYLcXilUw8otO6mhGUyXqU%2B9nURBVqi2umkzyUQ7BcUN4DuoljsD9xzKJ8lQj%2F%2B0oTD7%2F%2FFTl5u%2FI0sgDCTEMVI5NWWyDiDpZOGjzbd2vX%2B8hOYOhSvRJ%2Blx0w0HWxk1yP87%2FRXypzrlRyb7%2Fk%2F8kjGJOre%2B2WcZVfa2Xy2XDJNe%2BUReW%2F9ORHuQzlfLYOO0EeSJBG1d8AlC2XJHDTvgi4mrn0R6PgVd9NJ2earZEmsyo%2BZ2yUiUN5b2fbUaQ6JRIpCyLwpEE6Qi9CIh88kXA61Go0deOoswR3d%2BabxZpeV39GTZfhuw7o1%2Fiu%2BWcBSxSQ6e8hjDSbNvOxX61Sn9lmc8XHZwZhwW7xb1nHgyjzZUoug8EZqxHwxGN2RZFijwiZLWK%2BOjFtONHUaSvz2tEEYcHaSyGDd4JL%2FRJj4nLJKQx%2FoaniO7a2NMj%2FUB1zz4Mx3mHvueP6mckdU7PbV1iF5lkSKl8ezOZEeUAauFMFtctGXe%2FSAnxU%2B5OQZP7VNNZsSzfL3jv1O9tEfjzm0Ij%2FAM0aYxWpdtWP6hizicj15mD43wo6B1Sh3wRfDHgFVPzpzZt3OPJdZ7r6WW9g7jDdZnVH0aiq25ASScOCFi2ivoBISf5%2B5yGgaE1IU4rOCgUZqkUEwf3V%2FPFcqO%2FybqMPtX5dqCSOl7I6FrQg2hXGAiFVl4Iva%2B%2BOi4M7AzN%2BemHUBQu%2FKVLMnBfv08evILhOz6uOEpPmB864RzaUETuotdAJ7ZuNaPAm%2FmBws3S%2B63r%2FrgZBO7zWh3L6ZQkEP%2F3cZoD4oA0%2FUkmCTCOq%2Bzqfo04lf3q5%2BXFS8Rz0saPNp8xVC%2FFO8Om3hUfD4gZ5lhGOQppuJxcVwqi74msrhR2hhrx3NJ46uVHiOLCEA41kjXvjB0C9HCGCqLviayuFHaGGvHc0njq5dodQ8zGNeLrrFmIALALUg25KLnk4gVBiHkKkfXt5bhTLQwHOik8cJYb1ie4B4mnVMLxFH0mD3UXn6OwLkg4UZDkKiU9UpxKNKXuDJdg%2Bb0%2Bcw11tqPSCKcC0eY30CPMjc0hoahnnF%2B%2FygDH4SfIUt1j3Dd0dbfD9tzEJFqw2kluOzDOscp5Ok4hAKL6wDvBuaQdK1a5UOPQ7CI6CfT2ansu93JGCFAKRSIPWdYxPxc8keTQF4NScGAyFe2eY%2BpvETMg1MLoBS%2Bxuro9Z1FyzocyWk37FzVOVU4rd2nioNSmFuiRtAJ3WYuM%2FoT2sxhG4fRvVcly42ocvDXfeBq5PBFGt8X32EtwHk2k9abwmDFULwSHsF64VEzdNg5uPx%2Byci1t%2Bd9TnDIohlgKHJM51mRphM9m%2FCtUzxj1AlFGBuhzsux%2F%2BqNkFtTBxeQEteGj53WRsovcmx9bMA5M%2BjVgvPz56GZ2cYrWep4R8dkZR2mkkbo1h0ond95GTUKVAtBDa%2FxfYeyCFf%2FgR1LdK3thCTn4XHvnTi7OsG%2BvYgTp4Uaz3manzZParmFbHN1fGpliUD0A3qlGujYuuG2hY1t%2BrjlzoUIqtJSnCC%2FGjHMDbcF2b3w02G3bxpJpa6lC59heB17I6FrQg2hXWbIA0iIS5kQYbq%2B0eFjkSq9Nb6pGi8YaHY0g0mgQpeM%3D&mm_sceneid=0_0_5359318639_0&a=xxc%3Dad_ztc%26mi_id%3D0000fHbsESs8rQ5y72ZWTKTD7b8IMro_os_pejvFiigzE20%26skuId%3D5936922644262&id=981194360428
903622689540,微景观创意可爱元气小猪公仔 盲盒树脂工艺品装饰配件车载小摆件,5,¥,首单价,tb784545736,初心家居手办杂货铺,,1万+人付款,浙江 金华,"直降1元, 48小时内发, 包邮",主体材质:动物 | 表面工艺:注塑,https://g-search3.alicdn.com/img/bao/uploaded/i4/i2/2200807492775/O1CN01N0KkSN1WN07uH5UrK_!!2200807492775.jpg,//item.taobao.com/item.htm?id=903622689540&ns=1&abbucket=10&xxc=taobaoSearch&mi_id=00000VvGy5pVmQmuBBnu-fDy1lbc6RhCDhAE_ADJbYIouog&skuId=5929586815439
1002561816730,POPMART星星人怦然心动系列手办礼物可爱情侣盲盒,65,¥,,吻yun,FASHION大玩家,,300+人付款,广东 广州,包邮,出售状态:现货 | 系列类型:联名系列,https://g-search3.alicdn.com/img/bao/uploaded/i4/i4/630048486/O1CN01mmw1Lo2CYe8LgtBfz_!!630048486.png,//item.taobao.com/item.htm?id=1002561816730&ns=1&abbucket=10&xxc=taobaoSearch&mi_id=0000_byQqV7l78j7iQ1jyaegijzbTXOhJxZX3N0Zn2d2jr4&skuId=6023287804568
750727692205,pvc盲盒公仔手办定制树脂摆件钥匙扣挂件订制潮卡通玩具来图定做,10,¥,,tb414848063066,致汇玩具定制,,82人付款,广东 东莞,公益宝贝,出售状态:定制 | 款式特点:静态 | 商品状态:预售,http://g.search1.alicdn.com/img/i1/5284505594/O1CN01AFYyW21rC6akp2j9Y_!!2-saturn_solar.png,http://click.simba.taobao.com/cc_im?p=%C3%A4%BA%D0&s=522554213&k=2177&e=gzkhR1EyVKEpjn9UIUJwQkB42EM%2FCY6CQKOflv9Tw24zfIkY2cGvuzd0HmlT3PDQAdzWsyE4IJd%2FiIvCjxAlyf1IzzaP1ZMPGaRutSxLCwZiOusADYmb0W690RDVPXP96SfLqOjT7ah7s2lQCkZaQn4KeCQHUZ3hJQMCKRptLmnoG7fJkgBDcD7SgEPWG3dg3eE7slT6iS7uNMedkM8g%2BKE3qIZAO5iqcgJB2RN1MH3x2BUf%2FDqy%2FZXIMATw4Pt0eIb6pmYkbQn31niSd4aVbmi4LgfJ%2B%2BySU3xVSG09HmuI7mBUmveb2lc6Gul5V4sCvtqBEEekMFZBA%2FZgho4vYY28AMoR6g4VrmRSaSy%2Bte4uyETAf7cX3CpDbAY8iek84Y9BQQU4XFXGVqzmE7uQOdGCtOGdKjwMPFfykFCuW8Cj3EgvOaZo%2BEw640Z7WtDgpOoIvEmRgz16wsELlNS1IfGVULJwHBkEsNxoMsYjLHZEYP9yMKBUbwzsCTnX2GWBVzDZrQSKhtkZ7g5h6K0q%2FKxunMxQGbWZZW5zig3T7qYuqKkn89%2FsxTc2pMxN9QgiN05W9gm5Bzoj7Ee4ez3LBR5lRV4QnqfWbUzNS8%2B5bACdFLAB3D5%2FFHZpOwFzjU393MyV9duJG8rG%2BN9TjIZtfqc8Q99rqGVN8Cyut8f4uB4pt4s5V8KHJNNdzTsleDcj7GdW6F2bxroJGOlhEnl%2FI68mgUNmWFa8LbZKzTUzPvCsyS%2BB0ucOCEyMPc5uWfb9KPCX51gwRwNqt%2F7X32pTHUDsBYhe8mrLL4Jxj6BIBVoPLYT55pRbFTg5FnIrJYR48w6y0dxVtUWe2SW0wR92lofOOP7SY%2BhhvLFOrG4%2FljIX6EyZQNK2NA%2BQX7GHr5tlBk%2BygCAM2Fmi%2FbSG0PRxcSGqRxRVN1DDezXjebnnymh3NvyCPQ7rWZV1R8MGgTvwaFaD7%2BGFk2xpeIaP3vNMNmLH5ZgnNHsYysocVhkZ4zvpzmAWTVc%2BhTMPSu2lJN3l1VMt5qqN8CsXcKiU83JKpxcOcXODSSEdjo0NlUu5XPQHtWmwQ6X9F7xGZWl65xJtiFiUkjeqFZySEidEz7oLo4s%2Bs7OVxX2%2FSKaop2DAhyBfFdcgGPVuSM6nd5UAK2eanQP74EEE9j9kLj4XaJvLfh8UZ718HdCPPL6wOjxd6NcmFoqNQtfIPj8YP41fsMqGl0ve6A9ik7d8Sbp24jQ5AGPWGNXwj6ySnRSwAdw%2BfxR2aTsBc41N%2FdzMlfXbiRvKxvjfU4yGbX6nPEPfa6hlTffaCEbEytpjJbDqahSA2iccbWlc%2FCNgBum7nxaagQOMXmEVeSBTekuzDkOs%2BLeK26qNxYmMBSvtfes%2BqQXh%2F8%2FBbE3EzTLz78XWgfJcXBWZY9hlC66kmpYx1z6j8zIuVq9Nb6pGi8YaacmCAMZNuJl%2B8spezDGzVZdkbLcw%2FCkrj5jIHmWnMN8%2BDFsRZOjqkPOwzNVemn2wpP0iH6XuDitmEOsvwWFDtT4MWxFk6OqQeNyhsCfWeZZuvdEQ1T1z%2FWRwmMBd5VGxG6zvHp8BO2s%2FpaOK1HKoMNcw782XLdo7ZnbzqMYIkA1LTk7n7XC5rZbc2CvDLe7x8f8zoeqI%2Buep2bn9aefWWCRw3qtOAlhSkTGqaL3lbdtZdvy3dWMdfqGseghObRyYS8Rcyq9Ay308pKLoPqDkL%2BI9GaEXXld7ms36fN8NDBi4vQ%2FqqMszaGSO%2Fqm2H7SpOY4jE134OtAhKVKa6sxm0fQselOXZTXI3q7tCeKPzyg1TM3RiWSL%2FAjBpJdmjgbB1YRx4msSmxjf2oYBTR8%2F4AKEQ%2BaEX0tieVfbeKyH7iKfZxOBDOT%2B%2FIWVlkp7mz3b3qXH7Lw4%2F8v9DtvfFdArYTF2M57hO0T0KPCX51gwRwPXsRklbTbgmHH3wZdBGvLiqo3FiYwFK%2B3ip2kx%2B%2B%2BaDn41k2l4FECiG0Kl2lyl1WMFoWjOnyF7tCHtApLPoNsmDjisnf2%2F%2F%2BXLrWimDvbYundh9Gv5tD6mqfXZqmegHbiR4bMLa2S6Ujh1V%2B5jtDOIKMN6DZEJ7yx3NvyCPQ7rWc3iZ2iM7wNDySe%2FxXjpbP1JJNemrfbS6oovM%2F%2BKLhIsgawT%2FxVVHL9bG97Wu%2FcNV2JY19kEyo7t&mm_sceneid=6_0_5284505594_0&a=xxc%3Dad_ztc%26mi_id%3D0000ENidByfrdQOyTkWpxQM4Tam55C1jaMTZQy6ICuMJ0AM%26skuId%3D5595617452318&id=750727692205
843595809966,正版幽灵Keeno二代神秘宝物系列盲盒女孩礼物新款潮玩摆件公仔,60,¥,券后价,w520王昌展cz,潮酷盲盒 Trendy BOX,5年老店,1000+人付款,上海," 3期, 店铺满39减10, 48小时内发, 包邮",出售状态:现货 | 品牌:OUOGRAVITATION,https://g-search2.alicdn.com/img/bao/uploaded/i4/i2/753141525/O1CN01hJo7Kg1N8V2n91h7D_!!4611686018427381525-0-item_pic.jpg,//item.taobao.com/item.htm?id=843595809966&ns=1&abbucket=10&xxc=taobaoSearch&mi_id=0000IZxggOyenItlruPK0GXmGL5gnw1fYAX3ZMsZiNxMa4k&skuId=5620480481518
,,,,,,,,,,,,,
718485163146,24节气二十四节气手办春生夏长秋收冬藏盲盒手办玩具女孩礼物囡茜,30,¥,券后价,tb0367109785,模玩手办百货店,,100+人付款,河南 郑州,"官方立减12%,  3期, 48小时内发, 包邮",出售状态:现货 | 材质:树脂 | 适用年龄:3周岁以上 | 品牌:Azone,https://g-search1.alicdn.com/img/bao/uploaded/i4/i3/2215752690379/O1CN016sls4M1Efcwn1jn2F_!!2215752690379.jpg,//item.taobao.com/item.htm?id=718485163146&ns=1&abbucket=10&xxc=taobaoSearch&mi_id=0000YKAq5297VxIiVKPvJ3itfcPurExKlIajc_xkV0N5WKE&skuId=5012319633432
1004643568743,MINISO名创优品三丽鸥白昼之月正品现货库洛米手办盲盒摆件礼物,59,¥,,minisotoys潮玩旗舰店,MINISOTOYS潮玩旗舰店,,200+人付款,湖北 鄂州,包邮,款式类型:隐藏款 | 出售状态:现货 | 品牌:MINISO TOYS,https://g-search2.alicdn.com/img/bao/uploaded/i4/i2/2219447282511/O1CN01Nz3lKL1UQ5drPCBgc_!!4611686018427382607-0-item_pic.jpg,//detail.tmall.com/item.htm?id=1004643568743&ns=1&abbucket=10&xxc=taobaoSearch&mi_id=00005Gv6uqmQ340AzcnJa2gL543NV8PYKGS9czlIWzo57fQ&skuId=6160584879605
1007069208364,英雄联盟LOL泡泡玛特联名款中路对决系列手办盲盒Q版摆件游戏周边,79,¥,,拳头游戏旗舰店,拳头游戏旗舰店,回头客2万,400+人付款,上海,"店铺满199减11, 退货宝, 包邮",款式类型:隐藏款 | 出售状态:现货 | 系列类型:联名系列 | 品牌:LEAGUE OF LEGENDS/英雄联盟,https://img.alicdn.com/imgextra/jz3_4/2629007270/O1CN01s3Iyiq23ZiWBrITgg_!!2629007270-0-alimamacc.jpg,http://click.simba.taobao.com/cc_im?p=%C3%A4%BA%D0&s=522554213&k=2285&e=gilZrWBW9qkpjn9UIUJwQkB42EM%2FCY6CQKOflv9Tw24zfIkY2cGvuzd0HmlT3PDQAdzWsyE4IJcH634tamvWCwVCbxQwH4lZ7V6qIXDq3GpIbeF6oG8K12690RDVPXP96SfLqOjT7ah7s2lQCkZaQn4KeCQHUZ3hJQMCKRptLmnoG7fJkgBDcD7SgEPWG3dg3eE7slT6iS7uNMedkM8g%2BKE3qIZAO5iqcgJB2RN1MH3x2BUf%2FDqy%2FZXIMATw4Pt0eIb6pmYkbQn31niSd4aVbmi4LgfJ%2B%2BySU3xVSG09HmuI7mBUmveb2lc6Gul5V4sCvtqBEEekMFZBA%2FZgho4vYY28AMoR6g4VrmRSaSy%2Bte4uyETAf7cX3CpDbAY8iek84Y9BQQU4XFXGVqzmE7uQOdGCtOGdKjwMPFfykFCuW8Cj3EgvOaZo%2BEw640Z7WtDgpOoIvEmRgz16wsELlNS1IbOM5iooNDYbkQKPykqZPd9C%2FTdFomupRWxPPs0yuirQ5iCmRoJ0femLYCHS3ZhhSpH3xDLIG0MMhJuk8qgHth6j1Mp%2FBxFHqOSf1RC04GWaSNd3dFbNvjXJxY6uy0sCYFyyCbfM2P39kD4%2BKABXV1ommgKeCiFajs4UIQVyKOKmo9LOONWS7eJ3OPoTbo2cBRXWYFXy3IWZ2pSynN2S4ktTG%2F9RjRZZeRsDnmDsVyr6dEiWZMhV7Rh3OPoTbo2cBZlhcEDWURStKbeLOVfChyQHK3sJbZT4hG3SlvwHrI0xt61%2B1Q8x1Z4nPldiz9RQWkmsm2D8%2FdT9EvNYHucTuJD3VYHYB61K0rorlDriZZIkvvy7PDrVWl%2F%2F1KOM7IHFGOTfDh05OGGfbztHAmj7JCoGjoJj9OJbdVDMoj1kdgVgfOvSlt3QhbZUJG6DGnBZgHAxLwMwDp0D3mOf132F93tq6HjmkcEHnCOlonX4ntJPJAVW5%2FKPM1733xhfM2OG24oyrySp%2BYGparsZZr7A1o1vO0cCaPskKoDBI484ctVREp4ekYRZEYXhnDWm5QtqH2bhH%2BTNfB2Z%2Fti%2FJ2gd5vjcZmRZF7iuZrmBmJv4eJSZMH3WBHsjUGmii79dgnlwtxzaFs73SrzPEq9znw%2B27ooJJv7Qy2ppjIk%2F21COFDaxBeFVtpbtv%2BT4PbcqtRrjilauEhJEWBhtO8Oq90KM%2ByBL66yO2BRBeLd%2F8q7Qt9D%2B8u2IT20JTzY8vrA6PF3o1zlx8qb%2Fx%2F4LamG16Df1PwLzm1lKGHtjmZ%2Be%2B%2BXNZLcfkk9gSSMcxrhPipK%2FM8uFSq0640dMDTbJTO5aXIA11c%2FJPUZB27nRUzgdWgwHBpdXjaUijEQwYuOPo1AvhXS58Y2i6h7xNQEvMBRxsKH4HLLn6UOxQ46S67z22S4QOGcxURQXA5I3tqiHxU5OwQ2aLlgvRoLN%2FjPFxTN2V27G6rXyZZb2VXdorr7kZ%2BAQEdTBgY%2BjbtKNbu4q%2FpvegAZv7hHk5Wh9KWEZgI7UzYR9hFZrg%2BJyp8MmnIYdQRy1Y3im0Lr0%2F7iPn4vGasYvLE%2BrDbUF1I834z0S6lTX4bxXVAruuuywabAIQn%2BzlvcnpYDOgCx6PN%2FdIGHLduQMaps%2B2EKxQClbWY%2FsPsz8%2Be1V8vzK9zxiB9nNbJlAkCs40Pc2B2PlhEfY%2BxE2y2EP0XkLOE0NItCRwmbkdxgI3i3XtZuznPFv2ZcIEIrh6o6ybyapErPkYWW%2BDSt7cBAh%2BMd5EbPmr8TZC3O9j3q%2B8hSi0jNu7TJwEHU%2Ff%2FAJTCcaoVRMXL9QKtJwLyS1mtWEj%2FvsgcZVfa2Xy2XDPy%2B%2F3CRPefrSCgsR0i90schswFAwkt4E96fmwXQV4o0TwQOodvZQ7iG1l%2F%2B7s9ajbwltf%2BPBnjneru0J4o%2FPKM3DzpGpaZxL9NJ%2Bv2t%2BKp2qe4pRzOpFyBbokbQCd1mLjP6E9rMYRuH0b1XJcuNqHLw133gauTwRRrfF99hLcB5NpPWm8JgxVC8Eh7BeuFRM3TYObj8fsnItbfnfU5wyKIZYChyTOdZkaYTPZvwrVM8Y9QJRRgboc40ip1u7RTZzuLycRpB%2FGKvwfSBAWdE2hStFeqHmjUatybKx5Xx%2BiclfsRhDWYpK3dlBQVTdKvh6hudS7hbcJLg3pJmjrvHhgQMWo%2FDXOW1ogCx6PN%2FdIGFfpo59MYToRqTR7%2FI%2FEFWVOr59YdxixrphNxfBn0cr53EJOk7EWf3vvzO6AF5rZ%2F4V%2FVeosNQCNmRylIqhK6urCwZXRy%2BUITY%3D&mm_sceneid=1_0_112004743_0&a=xxc%3Dad_ztc%26mi_id%3D0000WIBMPX7snjTEmagJXaKuNrFIcTj9CI9voJtoS9Rfhek%26skuId%3D6188063827605&id=1007069208364
1009616774530,现货正版未启之扉小钥匙设定集可动人偶12分BJD盲盒手办娃娃潮玩,95,¥,券后价,潇洒放羊娃,壹间潮玩商城,,200+人付款,广东 广州," 3期, 店铺满15减10, 48小时内发, 包邮",款式类型:端盒 | 出售状态:现货 | 系列类型:联名系列,https://g-search3.alicdn.com/img/bao/uploaded/i4/i1/2113121802/O1CN01biBs5H1PBMpQM99kQ_!!2113121802.jpg,//item.taobao.com/item.htm?id=1009616774530&ns=1&abbucket=10&xxc=taobaoSearch&mi_id=00008uLQ8kSGx0v5K-4nQw1RvsAoZvBH4NMGHpOpkSO15rU&skuId=6011453249850
1008389957127,正版圣斯基EVA新世纪福音战士超可动拼装盲盒手办摆件动漫周边礼,79,¥,首单价,lazytonywu,易启潮玩铺,回头客1万,400+人付款,福建 泉州,"官方立减10元, 直降7元, 24小时内发, 退货宝",出售状态:现货 | 系列类型:联名系列 | 品牌:圣斯基,https://g-search3.alicdn.com/img/bao/uploaded/i4/i1/549781350/O1CN01SEg1kG1LqLnsPnq2C_!!549781350.jpg,//item.taobao.com/item.htm?id=1008389957127&ns=1&abbucket=10&xxc=taobaoSearch&mi_id=0000aRTcpgf2o5h9CwwWjrpzY5hY2nOeyuVcsIuiPlmlaSw&skuId=6171277939824
996749092448,Funism玩乐主义宝可梦悠享吧伊布盲盒手办公仔皮卡丘摆件周边玩具,89,¥,首单价,玩乐主义旗舰店,玩乐主义旗舰店,回头客2万,700+人付款,广东 东莞,"直降9元,  3期, 退货宝, 包邮",单款概率:1/9 | 出售状态:现货 | 系列类型:联名系列 | 品牌:FUNISM/玩乐主义,https://g-search3.alicdn.com/img/bao/uploaded/i4/i3/2210516346829/O1CN01obr0NB20Jjqodg8R9_!!4611686018427381709-0-item_pic.jpg,//detail.tmall.com/item.htm?id=996749092448&ns=1&abbucket=10&xxc=taobaoSearch&mi_id=0000HQshN2Bx7cGD6mfB7q0NkcKFCyG7IL8S_cPr42i6_Ao&skuId=6185755218744
844244147987,popsunday超级植物摇钱树盲盒卡通毛绒摆件桌面送礼好物生日礼物,88,¥,券后价,popsunday旗舰店,POPSUNDAY旗舰店,,2000+人付款,广东 深圳,"官方立减165元, 热销爆款, 退货宝, 包邮",单款概率:1/72 | 款式类型:隐藏款 | 出售状态:现货 | 系列类型:联名系列 | 品牌:POP SUNDAY | 款类型:隐藏款,https://g-search3.alicdn.com/img/bao/uploaded/i4/i1/2216305956916/O1CN01UII3V320xaJ5KmYzE_!!4611686018427385908-0-item_pic.jpg,//detail.tmall.com/item.htm?id=844244147987&ns=1&abbucket=10&xxc=taobaoSearch&mi_id=0000cEgwram9rYPtMlOLKbXnjlULQBWv92pQJeKQ5gVkVv4&skuId=5789825714304
975467625400,寻年Hello Kitty凯蒂猫三丽鸥盲盒摆件公仔玩偶女生儿童手办礼物,121,¥,券后价,寻年旗舰店,寻年旗舰店,,53人付款,浙江 丽水,"超级立减10%, 包邮",,http://g.search2.alicdn.com/img/i2/4669204286/O1CN01lPIP791hX2e5MXwe4_!!4611686018427381566-0-saturn_solar.jpg,http://click.simba.taobao.com/cc_im?p=%C3%A4%BA%D0&s=522554213&k=2393&e=9a9sGTtGCuEpjn9UIUJwQkB42EM%2FCY6CQKOflv9Tw24zfIkY2cGvuzd0HmlT3PDQAdzWsyE4IJefzu2kpeHjW9TXr3QgqG2aHW2IwY9HU8ZiOusADYmb0W690RDVPXP96SfLqOjT7ah7s2lQCkZaQn4KeCQHUZ3hJQMCKRptLmnoG7fJkgBDcD7SgEPWG3dg3eE7slT6iS7uNMedkM8g%2BKE3qIZAO5iqcgJB2RN1MH3x2BUf%2FDqy%2FZXIMATw4Pt0eIb6pmYkbQn31niSd4aVbmi4LgfJ%2B%2BySU3xVSG09HmuI7mBUmveb2lc6Gul5V4sCvtqBEEekMFZBA%2FZgho4vYY28AMoR6g4VrmRSaSy%2Bte4uyETAf7cX3CpDbAY8iek84Y9BQQU4XFXGVqzmE7uQOdGCtOGdKjwMPFfykFCuW8Cj3EgvOaZo%2BEw640Z7WtDgpOoIvEmRgz16wsELlNS1IfGVULJwHBkEsNxoMsYjLHZEYP9yMKBUbwzsCTnX2GWBVzDZrQSKhtkZ7g5h6K0q%2FDsHnatjcReq8sT0wG5Sx4TEruypLqLe%2Fq9JoKeTlOnkTHTKOToC5PW%2BKZp%2FEtFlZlmzxc3zscvnKpGKt7bUOwQmgVcqa3bdLpTKDOqU4TzwvXwWCw%2ByYM1dcnZ2Mp9NqC2CHAvvIQtqhLhE8xKh129sGxQR%2F138QmqYwcRqB7oo%2BN6dY8TToadzAYqpvu9EIFJb5x8tT9NWuS2x4Wdssw1JkS2RKnxmYTndWvPz48JZ8otO6mhGUyXl744q921Btcxg18dse1ObhqRB2s5M7fMC8hJsuu7CDQdmPEtXQQGhSQQVww%2BBKt4yFQh9jGTXXC7CXnRK5ljkX%2B8hOYOhSvRJ%2Blx0w0HWxk1yP87%2FRXypzrlRyb7%2Fk%2F%2B3nF6Xv7VDLMZVfa2Xy2XDyxgQXqTGOqGHoY%2F0b%2FxFqJ5Kv9w8%2FVmMJ3YRMgiQGHnwRMDRSyd21UV%2FqyABpiQm4EHTwR2LSenUIHQdTraQB4VZlkyVQowRsVgib3CtvAmfMhz5gMrHxP%2BbOGYbYk3c8rsaG9kXX9hVYrcrFhNyCkxRVfhP9TCUpMi8Hy5F17onPQmz70hdRGrB2YjEDBFHUYZAaUU8Mx1CnHWm6sZrx0hdGGROmc66yKO5cdM7DE28I1t1Ipo%2F2Awxv92MuvBYnwwVfGKVgEPknH8fcXQGHsjD8HZKDN3%2FM6nicbRWByFB32s2lP2sD1z0ULa7aoT1AQ%2Fj4PauQ8iDDHOS9A4JOwpRCzkCYPnAdXEo6a1ENmEye3IgU6kwmY4kPI0BHNNVYJdgXSBf2%2FLaQyt%2BLaW6lIZ8tyBDgYGWwZowa%2FZKWr8VdX8QwGuGyS%2F%2BnQXP%2FTq9B5ZQ%2FJmEMxe9scC0vU1t3jAUcbCh%2BByy5%2BlDsUOOkuvXD1yDrO7xsmkM98eFGjXcJNxM5wLrWc3AUmYODr5%2B7sUzdlduxuq18mWW9lV3aK6%2B5GfgEBHUwYGPo27SjW7uKv6b3oAGb%2B4R5OVofSlhGRSo%2BCuVKRK1E%2Bdu58%2BlmMXvx7K5umufR5UE80TLA0nCd6YVDVJnIMzqWFUIi3G%2F7w798S37JH5pLJpMzfY8ir8mGy73NYqvLvnpT37aED7SKzeMwvxyut%2Bk%2FSIfpe4OK03h2uyJNHVR%2BelPftoQPtIjYis5d%2FmkxG690RDVPXP9ZHCYwF3lUbEbrO8enwE7az%2Blo4rUcqgw1zDvzZct2jtmdvOoxgiQDUtOTuftcLmtgRLSX%2FyscMFcx%2FcD2BROvqnZuf1p59ZYfppX0mS26jqPv2s52Vtejw%2BFPHtFPKgyZz12EoCVxLEsw6k0ep5APDaz6NyizWlbQd31SwqzXu3i%2FCefrK93wJrN%2BnzfDQwYuL0P6qjLM2hkjv6pth%2B0qfQICmW4L3JJRmsCuaCdGdZ%2BzEpK4asOk06L6jh1derfO4o4zHgKgS8DkwNOCsVSkNbRAPSQ7CPbfBzL8oJBWMapeTcunwbt5ryVM2Aoo3MjCxSu0OnYC%2FDHPEu1gansI0u0lGIHmH4qaDkdm74wLGiDl1hWRcp%2Bn6vky%2Fy8pDrUal5cM4wrnEi%2FBIH38fUo1wFW20CY72vqaVXVR9dfQBvcEGwCYs2vTMinFWZDF3vaXoB6kZFM264TYXkpRAbTWsmyseV8fonJP%2Bmp%2FTzudLfZQUFU3Sr4elmID4UyYbdsOsZZkBh%2B8An%2BNYsymocCnsUEyUG1SmpVh6GP9G%2F8Raj8eTDpaFRobyFNF8g2cxydo0EBXL98TjkgnG5htO9nnYOX9%2F2guW3Z%2BOmK6EBRh4kr%2BvjtkZjNqRAOQML0IrHJvu99uFxrYnNMfj2fsFW%2BO4GsE%2F8VVRy%2FWxve1rv3DVdiWNfZBMqO7Q%3D%3D&mm_sceneid=1_0_4669204286_0&a=xxc%3Dad_ztc%26mi_id%3D0000ZbmuJSCOBDpZRbEzm3sZqymPF3NDSV_vl7RdAQD4U-c%26skuId%3D6093794390714&id=975467625400
963479254294,2026网红新款美人鱼童话传说公主盲盒小女孩手办女生生日礼物摆件,24,¥,券后价,tb535623799,汪汪礼品社,,500+人付款,江苏 徐州,"官方立减12%, 24小时内发, 淘金币已抵1.2元, 退货宝",款式类型:隐藏款 | 出售状态:现货,https://g-search1.alicdn.com/img/bao/uploaded/i4/i1/2211178982135/O1CN01iCQpfw1RdsgMuCsLP_!!2211178982135.jpg,//item.taobao.com/item.htm?id=963479254294&ns=1&abbucket=10&xxc=taobaoSearch&mi_id=0000oZsYiZgyUFliM80xg08so-HVm1dafPsnUPxSripc0wk&skuId=5903364132885
866659838644,POPMART泡泡玛特《哪吒之魔童闹海》天生羁绊系列手办盲盒,69,¥,,泡泡玛特旗舰店,泡泡玛特旗舰店,回头客20万,9万+人付款,广东 惠州,退货宝,款式类型:隐藏款 | 出售状态:现货 | 品牌:POP MART/泡泡玛特 | 商品状态:全新未拆封,https://g-search1.alicdn.com/img/bao/uploaded/i4/i3/2885348004/O1CN01Evo1LQ28ztEUfRGqY_!!4611686018427382436-0-item_pic.jpg,//detail.tmall.com/item.htm?id=866659838644&ns=1&abbucket=10&xxc=taobaoSearch&mi_id=0000zFQawZb8zy_CIY-YvlkHAkaBYmVHBa2BFePUoDyFnDA&skuId=5888131290764
815109354910,POPMART泡泡玛特KUBO呼吸感应系列手办盲盒可爱玩具礼物摆件手办,29,¥,券后价,有鱼狠幸福,潮玩大玩家,回头客6万,1000+人付款,广东 佛山,"店铺满30减3, 48小时内发, 包邮",出售状态:现货 | 系列类型:联名系列 | 品牌:POP MART/泡泡玛特,https://g-search1.alicdn.com/img/bao/uploaded/i4/i4/3465404515/O1CN01CHlXxO1jDvD7B9BsQ_!!3465404515.jpg,//item.taobao.com/item.htm?id=815109354910&ns=1&abbucket=10&xxc=taobaoSearch&mi_id=0000yXXIUsANdTZexSjUv5927pdgP3GZppOJ1vIZ_i5V00w&skuId=5510542872713
891971924439,泡泡玛特THE MONSTERS拉布布航海王系列LABUBU海贼王盲盒手办礼物,59.9,¥,,李超越0922,TOP DOLL 俱乐部,回头客1万,800+人付款,广东 广州,店铺满299减3,款式类型:端盒 | 出售状态:现货 | 系列类型:联名系列 | 品牌:POP MART/泡泡玛特,http://g.search3.alicdn.com/img/i3/1392190029/O1CN01KtHidb1C5KbkrJI3V_!!4611686018427380301-0-saturn_solar.jpg,http://click.simba.taobao.com/cc_im?p=%C3%A4%BA%D0&s=522554213&k=2361&e=Op0whx6ScX8pjn9UIUJwQkB42EM%2FCY6CQKOflv9Tw24zfIkY2cGvuzd0HmlT3PDQAdzWsyE4IJfvKOHPRBZm2Qb24agC4%2FhRI%2FnbZSHxdpNiOusADYmb0W690RDVPXP96SfLqOjT7ah7s2lQCkZaQn4KeCQHUZ3hJQMCKRptLmnoG7fJkgBDcD7SgEPWG3dg3eE7slT6iS7uNMedkM8g%2BKE3qIZAO5iqcgJB2RN1MH3x2BUf%2FDqy%2FZXIMATw4Pt0eIb6pmYkbQn31niSd4aVbmi4LgfJ%2B%2BySU3xVSG09HmuI7mBUmveb2lc6Gul5V4sCvtqBEEekMFZBA%2FZgho4vYY28AMoR6g4VrmRSaSy%2Bte4uyETAf7cX3CpDbAY8iek84Y9BQQU4XFXGVqzmE7uQOdGCtOGdKjwMPFfykFCuW8Cj3EgvOaZo%2BEw640Z7WtDgpOoIvEmRgz16wsELlNS1IfGVULJwHBkEsNxoMsYjLHZEYP9yMKBUbwzsCTnX2GWBVzDZrQSKhtkZ7g5h6K0q%2FCHEKQN%2F1wRA%2Bsb%2Fv8ZiN8cYA9A5QAZDuOMyBnflWN8o11ypZy6SKswhmnLsxi2ltaJ8doTk38B%2FCfxCUiewiK2uJGeDKEiQ7srpcbWtd%2FrweYUcXXFqi0z9wXDeKkuZK1NV40EBi06SOxmvNlhv7LA7MT7Lsb%2BUBCN5l077mQIJY9QYLUvjoKhhROhvzRoAVVJb5x8tT9NWuS2x4Wdssw03BCLX%2Bw08yac9mU8hKAL7dDyoJdf7ib98TXw14ezqQe%2BMwOchLb97uuw1iote8l18hTdaB9QNIgeNVtIrHSQ1p%2FAd4eaZA4QznmIIx4ICzaGGcGfc1sQcF%2B8oBSvalc9ioiT5YLgvvHMnzymtg41nI20nD%2Bcl4GFnBUkHECjFzMPPFrDRQGv3vrsuvSunZiwBoXRdZhwpAVAsdqft9qxXAuvNWkQ2i9tCFs4bzoYiPTPN4YOtkqwHxVWi%2B66fQIFgF4f48Aer%2BYYWPrTwP2ZPQIVyAO0hPP7Ln%2BCP5XuLdDMPSu2lJN3l1VMt5qqN8CsXcKiU83JKp4gdA4tU%2BYvtjo0NlUu5XPQHtWmwQ6X9F7xGZWl65xJtiFiUkjeqFZySEidEz7oLo4s%2Bs7OVxX2%2FSKaop2DAhyBfFdcgGPVuSM6nd5UAK2eanQP74EEE9j%2FH%2ByqgAyvU%2B3x%2FDLRkza0aetAKGpsUtOMTZukRT3XP681OMYuQym2E08q%2BhDgA9iCdjyx2Z4RPYkJIe9QhxYT6ga0EXyJ5h%2Fmr%2BbSYoBZPoK4kZ4MoSJDuyulxta13%2BvB5hRxdcWqLTP3BcN4qS5krU1XjQQGLTpI7Ga82WG%2FssL8%2Fo%2Fg4PgbMIT5bXJ9UBTPYd5vx523iikAm8c15hCiBVKwMYrsDehnzoU%2B9loyHALf1fN%2FvkhVhxjQiWDMzFz0rc3im3crrM6C549ncPn8nD%2BAvXA8RFnuEvgiXIMHQAMZ7aiYx2kpilLyHYCjmyfTvrZT1JMncf2sEPW1Vi9LvejrbGxjti7WoRRUzYlBv8F45orwqK2685jErQQUTkeNXXXq5tGv1eOuVB51GKjDBooN3NSQY2ZpRcYLKcO%2BUKY%2F2KNWGd0rtmj%2B8wbBH6cLIDv9wXuKGX1Fxgspw75Qp6AXarTsPgNcHY%2BWER9j7ETbLYQ%2FReQs4TQ0i0JHCZuR3GAjeLde1m7Oc8W%2FZlwgQiuHqjrJvJqkSs%2BRhZb4NK2MtdMy1XWWmVvQXi0uAgd6Per7yFKLSM2tgRstxZRYDGEyQMRaf6Tl1MN7D5aOPW7Wa1YSP%2B%2ByBxlV9rZfLZcM%2FL7%2FcJE95%2BrmH6eFtMwm%2FKHfH7ddEA2X3p%2BbBdBXijRPBA6h29lDuX%2BaZEyiYcWhvCW1%2F48GeOd6u7Qnij88ozcPOkalpnEsUOD9%2FW0fr0qp7ilHM6kXIFuiRtAJ3WYuM%2FoT2sxhG4fRvVcly42ocvDXfeBq5PBFGt8X32EtwHk2k9abwmDFULwSHsF64VEzdNg5uPx%2Byci1t%2Bd9TnDIohlgKHJM51mRphM9m%2FCtUzxj1AlFGBuhzNpn40PmxARf9NryRjeDEpnWRsovcmx9bKM%2Fz2bK04Azc6a4xs7SA2DMJwLdfZ%2BHhLsJedErmWORf7yE5g6FK9En6XHTDQdbGTXI%2Fzv9FfKnOuVHJvv%2BT%2F7ecXpe%2FtUMsxlV9rZfLZcPLGBBepMY6oYehj%2FRv%2FEWo53g4w2S0QCgz1o1oAhf2j0XOHvnrVJPeeN6XroaiChWpZ43V6HgWpbbY%2BRwrWc4yGV7XF3R2wr3D2oXD64FnV5L2dGiZDMZgucfJVyP9waT0r%2BVboE2d5Q%3D%3D&mm_sceneid=1_0_1392190029_0&a=xxc%3Dad_ztc%26mi_id%3D0000vxHEJFnJioguW3AXiDuKajAKF_dbHyz8yahPJIiphE8%26skuId%3D5904535498646&id=891971924439
793400259882,正版三丽鸥系列hellokitty便签摆件盲盒公仔手办毕业创意生日礼物,49.9,¥,券后价,伴万家,伴潮星球,6年老店,700+人付款,广东 惠州,"官方立减12%, 淘金币已抵1.13元, 包邮",,https://g-search2.alicdn.com/img/bao/uploaded/i4/i1/2206481086669/O1CN01oWaq3I1z8SJmib0Uj_!!2206481086669.jpg,//item.taobao.com/item.htm?id=793400259882&ns=1&abbucket=10&xxc=taobaoSearch&mi_id=0000NNeajubVLPLXhZx5P7JvwPWhWq4jJp3Pk9rI4D91ymA&skuId=5586015694270
959140749989,全网首批悸动瞬息BJD可动人偶8分盲盒悖论世界娃娃换装摆件新年物,112,¥,券后价,潇洒放羊娃,壹间潮玩商城,,1000+人看过,广东 广州," 3期, 店铺满15减10, 包邮",出售状态:全款预售 | 品牌:悸动瞬息,https://g-search2.alicdn.com/img/bao/uploaded/i4/i1/2113121802/O1CN01mtFiP11PBMpXdgLJa_!!2113121802.png,//item.taobao.com/item.htm?id=959140749989&ns=1&abbucket=10&xxc=taobaoSearch&mi_id=0000BC2UrL5OGur1ZFpOCcO0mFwIQES-jJMGHPEmJUgX9Dc&skuId=6024291961071
993798125151,新品正版线条小狗Maltese魔法探险队盲盒手办公仔玩偶生日礼物女,89,¥,券后价,趣益雅旗舰店,趣益雅旗舰店,11年老店,100+人付款,广东 中山,"官方立减12%,  3期, 退货宝, 包邮",款式类型:端盒 | 出售状态:现货 | 系列类型:联名系列 | 品牌:iiE CREATE/趣益雅,https://g-search2.alicdn.com/img/bao/uploaded/i4/i4/2098719844/O1CN01vhaU9k2Mabz0Lucfm_!!4611686018427382884-0-item_pic.jpg,//detail.tmall.com/item.htm?id=993798125151&ns=1&abbucket=10&xxc=taobaoSearch&mi_id=0000_MSnhQkZO1-TCzuHiGKU5RXlo4YVv6Em1_Hly51DSlg&skuId=5969476945484
921029256822,【限量现货】TOPTOY Hello Kitty盲盒夏日彩虹糖系列公仔礼物女生,49,¥,,toptoy旗舰店,TOPTOY旗舰店,回头客9万,1万+人付款,广东 广州,"退货宝, 包邮",出售状态:现货 | 品牌:TOPTOY（玩具）,https://g-search3.alicdn.com/img/bao/uploaded/i4/i2/2211430099222/O1CN01s93JVa2Hzjdf8kJ63_!!4611686018427382038-0-item_pic.jpg,//detail.tmall.com/item.htm?id=921029256822&ns=1&abbucket=10&xxc=taobaoSearch&mi_id=00005goCs9csmhIwZY7OR3yWWuGY5KAioNoZ3X9MnhRZNr4&skuId=5794484513733
964244907227,iFola马上啥都有系列手办盲盒 惊喜潮玩马年好物玩具生日盲包创意,39.9,¥,,tb659111780,iFola,,46人付款,湖南 长沙,"退货宝, 48小时内发",款式类型:隐藏款 | 出售状态:现货,http://g.search.alicdn.com/img/O1CN01ziPJxZ21CEytF0AYd_!!2207971726948.jpg,http://click.simba.taobao.com/cc_im?p=%C3%A4%BA%D0&s=522554213&k=2445&e=u1oxbffQOJ0pjn9UIUJwQkB42EM%2FCY6CQKOflv9Tw24zfIkY2cGvuzd0HmlT3PDQAdzWsyE4IJd%2FWtVFfFjBT1iEupmrBbRh7HlA37097UBiWAWmPycDfG690RDVPXP96SfLqOjT7ah7s2lQCkZaQn4KeCQHUZ3hJQMCKRptLmnoG7fJkgBDcD7SgEPWG3dg3eE7slT6iS7uNMedkM8g%2BKE3qIZAO5iqcgJB2RN1MH3x2BUf%2FDqy%2FZXIMATw4Pt0eIb6pmYkbQn31niSd4aVbmi4LgfJ%2B%2BySU3xVSG09HmuI7mBUmveb2lc6Gul5V4sCvtqBEEekMFZBA%2FZgho4vYY28AMoR6g4VrmRSaSy%2Bte4uyETAf7cX3CpDbAY8iek84Y9BQQU4XFXGVqzmE7uQOdGCtOGdKjwMPFfykFCuW8Cj3EgvOaZo%2BEw640Z7WtDgpOoIvEmRgz16wsELlNS1Ieuf8AS2xuApB%2FYjhkwxya%2BenE2R1%2BID1e577JrCpPydhJuk8qgHth6j1Mp%2FBxFHqOSf1RC04GWa8lAzXrDlHk%2BtV0gB1o0GRHAFc3F1V%2FS2VV6oBe0TlYQGv7ZF7PvfIJsGD1i8hgt4B6pXWOQLmboKeFDHsmOqeWQsLXjRq2oqXXrDfKYaayU9eBUWgv7UPz6mM5Dt3aQGrC7iL6YcmddqZ3DkXzAGUIkqQ%2Bntp4JoY8vVQeXt%2FQu3rX7VDzHVnjogR6ViZPAE9paQraOEU2PgB5obyfSl170txSTcJ6CWeaQkknCVbpHAU%2B4hVr8LP2ba8gQNuDNsY%2FvKSrbDFbjPLHY%2BabDP3hMmpMJbIGv1S%2BPsd7HEO8BLoTgeRI8xWHERYH%2B3hlufn6mFryfvQewXFV463RZMPxddBq%2FN4Qsr%2FJR8DSEqKNxZNEOHOKlGdHh054bn83bXx4TBnp8lE8p%2FGvZNEtC0dWOtZyS3FG3ExlV9rZfLZcMk175RF5b%2F0%2BuJSl3kuAWfsDGOuLARGeHNDJbxEOUrbd5yjHkOW3YFlSgMgkVTBKnbXaK8qyZwTbN65Foct74DyXGe3HqbRCEV2V2szz9uy0jySeGHjtFTQuTnIVA98rPA61Go0deOoswR3d%2BabxZpeV39GTZfhuw7o1%2Fiu%2BWcBSxSQ6e8hjDSbNvOxX61Sn9lmc8XHZwZhwW7xb1nHgyjzZUoug8EZqxHwxGN2RZFijwiZLWK%2BOjFtONHUaSvz2tEEYcHaSyGDd4JL%2FRJj4nLIPvsjmrt8BjDI8yoD%2FGaTENxPjKmkL046mckdU7PbV1iF5lkSKl8ezqdUljfXzOO%2BUL8fFcHAB7xU%2B5OQZP7VNNZsSzfL3jvP%2BCwsD4H1F5Bp8xuRQ%2BgxvMDbNwItvO9H3JJSR9w3qrXo2OlFs9UOdv7RxgOO%2BcZxH5FAWDGKVcGleNmszEzSXN7oG7GP9XvivoBISf5%2B5yGgaE1IU4rOHVi578%2BnWjD2D3XizkzryTAezJ%2FyzqTyXqpwOfVFzp92GbxNeELxSa%2BOi4M7AzN%2BemHUBQu%2FKVLMnBfv08evILhOz6uOEpPmB864RzaUETuEiwIxCpL9B%2Fyk34UWXmi3%2F9BOD3ihXsPbiNm2P3NtjCK1TUuZHCVS6dVddRt8VkwNquMP3pJAzrW4NrTOuYu%2F6KDdzUkGNmaVE1eEyoT0pBMyO4fmSbURLThJQ7rc1AAXY%2B3Hz9fKh1FQd0zVTT5ZkL89QIcInkF2h1DzMY14uusWYgAsAtSDbkoueTiBUGIeQqR9e3luFMtDAc6KTxwlhvWJ7gHiadUwvEUfSYPdRfH4Ng%2FzoYK30UBdhgH1el2pe4Ml2D5vT5zDXW2o9IIp%2F4ZMab4iVVagshFP9K5cU%2FWuyVj6yXa%2FJFNrOYBacFOICS0hFb7M%2BY9mgEgNQBuJiqfUY9jEzt6UpZ30IaQrNT3p%2BbBdBXijRPBA6h29lDuWD%2FOAEeHanNvCW1%2F48GeOd6u7Qnij88ozcPOkalpnEsUOD9%2FW0fr0qp7ilHM6kXIFuiRtAJ3WYuM%2FoT2sxhG4fRvVcly42ocvDXfeBq5PBFGt8X32EtwHk2k9abwmDFULwSHsF64VEzdNg5uPx%2Byci1t%2Bd9TnDIohlgKHJM51mRphM9m%2FCtUzxj1AlFGBuhz69MQoa9zlqb9NryRjeDEpvrAEiCXGcuZsc9zB%2FhS2sAYwC%2B27vObDhxotwJTC04kPmcTBVeg4Hxf7yE5g6FK9En6XHTDQdbGTXI%2Fzv9FfKnOuVHJvv%2BT%2F9Y3q4UaOTO3tsDzJuAIb5zvDYRMBVFeg8idCKOFkxYvTz231n6Xa8osqbMBXWtdaA9UFulrtLqczWQkjN4bNqLErnhz7sqYYHswad1RJG6PQX3Hh4TGL9PpAjiSRGdJ2qsYrUJioCDSvzO6AF5rZ%2F4V%2FVeosNQCNmRylIqhK6urCwZXRy%2BUITY%3D&mm_sceneid=1_0_6467908208_0&a=xxc%3Dad_ztc%26mi_id%3D0000JOuTcZ1V9e8cQTfASF71f3YLOXJz0a7dMGzIS21s-Ik%26skuId%3D6176395538913&id=964244907227
1014776844484,现货正版圣斯基EVA新世纪福音战士超可动拼装盲盒潮玩具手办摆件,68,¥,券后价,gdgd98,GDGD潮玩店,,200+人付款,福建 泉州,"48小时内发, 包邮",款式类型:端盒 | 出售状态:现货 | 系列类型:联名系列 | 品牌:圣斯基,https://g-search3.alicdn.com/img/bao/uploaded/i4/i4/1966590272/O1CN01HbybbZ1DscqegSA5Q_!!1966590272.jpg,//item.taobao.com/item.htm?id=1014776844484&ns=1&abbucket=10&xxc=taobaoSearch&mi_id=0000WqiPy72BmUCDMibRAgRfE2OWGtU9j0-RZZTB57PosN8&skuId=6017953741045
962951028256,KKV正品Ninita魔镜乐园系列盲盒潮玩手办公仔玩具摆件送朋友礼物,79,¥,首单价,kkv官方旗舰店,KKV官方旗舰店,回头客20万,1000+人付款,广东 广州,"官方立减12%, 直降7元,  3期, 淘金币已抵1.58元, 退货宝, 包邮",出售状态:现货 | 品牌:kkv,https://gw.alicdn.com/imgextra/O1CN01moclOq1XFVJbrvupG_!!2215772922894-0-picasso.jpg,//detail.tmall.com/item.htm?id=962951028256&ns=1&abbucket=10&xxc=taobaoSearch&mi_id=0000B-j6UprXhSob4REzyp8Bisfd_Ct0kvPO3djoT7waUIQ&skuId=6063143111627
987835946189,扭蛋机儿童女孩玩具盲盒生日礼物库洛洞洞女童抽奖2025奇趣蛋年货,20.7,¥,券后价,官方国货甄选,官方国货甄选,买过的店,1000+人付款,广东 汕头,"退货宝, 淘工厂, 包邮",适用年龄:5-12岁 | 适用性别:通用,https://gw.alicdn.com/imgextra/O1CN01EodzvG1mQEr3v0Iey_!!2206588314948-0-C2M.jpg,//detail.tmall.com/item.htm?id=987835946189&ns=1&abbucket=10&xxc=taobaoSearch&mi_id=0000k8ZM_xe0HOZuDWZcB3HRjw88Ujjb2wtAIXGUB8A9UMk&skuId=5957762665354
870034886246,原谷动漫人鱼陷落甜梦时刻搪胶毛绒潮玩盲盒可爱玩偶女生公仔礼物,69,¥,券后价,tb458342223734,原谷动漫,,31人付款,浙江 丽水,"超级立减12%,  6期, 48小时内发, 包邮",款式类型:端盒 | 出售状态:现货 | 系列类型:联名系列,http://g.search1.alicdn.com/img/i1/7238045350/O1CN01ftT0SQ1pOM4YDjbFH_!!4611686018427383462-0-saturn_solar.jpg,http://click.simba.taobao.com/cc_im?p=%C3%A4%BA%D0&s=522554213&k=2401&e=l29NRqC1JKspjn9UIUJwQkB42EM%2FCY6CQKOflv9Tw24zfIkY2cGvuzd0HmlT3PDQAdzWsyE4IJftcsuVGxm2%2B%2F0kqhO1BW4DcZ%2B%2B8cpBgHNiWAWmPycDfG690RDVPXP96SfLqOjT7ah7s2lQCkZaQn4KeCQHUZ3hJQMCKRptLmnoG7fJkgBDcD7SgEPWG3dg3eE7slT6iS7uNMedkM8g%2BKE3qIZAO5iqcgJB2RN1MH3x2BUf%2FDqy%2FZXIMATw4Pt0eIb6pmYkbQn31niSd4aVbmi4LgfJ%2B%2BySU3xVSG09HmuI7mBUmveb2lc6Gul5V4sCvtqBEEekMFZBA%2FZgho4vYY28AMoR6g4VrmRSaSy%2Bte4uyETAf7cX3CpDbAY8iek84Y9BQQU4XFXGVqzmE7uQOdGCtOGdKjwMPFfykFCuW8Cj3EgvOaZo%2BEw640Z7WtDgpOoIvEmRgz16wsELlNS1IZf4J6slJFLdyd45RjVlp759FlmPA1VfXu577JrCpPydhJuk8qgHth6j1Mp%2FBxFHqOSf1RC04GWaSl%2FARu8cSYaFbINVlvaoI%2B1tLw0pEiutL1mztiSq7Y4YdVtuNvpzvFd%2BMwFDR8MZj5cRl6tAvFBVQ8GPtVEL2Rcq12uxg9N4%2B5gokK%2ByQunl3LWMC%2F6Gok3efZpk7SQWURbSuvSzDgvEC3jpgDf1NqA19ese3%2FVLY8vVQeXt%2FQu3rX7VDzHVnjogR6ViZPAE9paQraOEU2PgB5obyfSl170txSTcJ6CWVSYXxYSbs1LVX6DZHRbky4g71I3dP1BJrUjuWxstjtoJSwF5yTnYz%2FedFFyNXsHDMDA%2FIOSdis6aO1TmX486U%2B%2Fj1yXPpGY1UMyiPWR2BWA8jcbiE%2F1V%2BlQkboMacFmA5yH4i%2BmHzebvdxBvd6QzjX85fPcQS1crMIi%2FkIoPAs4gJLSEVvsz5gZ0hnbVn1DZVSYXxYSbs1L%2FutgHhYWf3EV%2FqyABpiQmPPzr7BzV0k5RC%2FA4EGW8%2Bg6lr0genQr8AjmANGZKkJMULE5jA%2BTLN50Qyz9dsYzX8rsaG9kXX9hVYrcrFhNyCqklO7FR5XjlpMi8Hy5F17onPQmz70hdRGrB2YjEDBFHUYZAaUU8Mx1CnHWm6sZrx0hdGGROmc66yKO5cdM7DE28I1t1Ipo%2F2Awxv92MuvBYnwwVfGKVgEPknH8fcXQGHvuwYuplRq63Nit1hIRyH9Af4n4NI1mOZFz0ULa7aoT1AQ%2Fj4PauQ8ivVwK5rVnnfApRCzkCYPnAdXEo6a1ENmEye3IgU6kwma1aChwyHrfTU0EpzH%2FuAGHifJw1vCIdbaQo89RFBnDb6sCY5kyrffr7xjPXqc4JZ3kv1HaUwLHBPf7nJDoA35b54ze%2FwfxPMDAUcbCh%2BByy5%2BlDsUOOkuvl3mSABdBhufW1EvO4JZVf%2FWIRql5LGscHkWJEQRmVbsUzdlduxuq18mWW9lV3aK6%2B5GfgEBHUwYGPo27SjW7uKv6b3oAGb%2B4R5OVofSlhGcdtZwZZwum2Q7tKAaCk2FKlqDS0iV8Oa3ZS0gUOQNpT3BZjuZW2VAxr5pOMoaFmZX0B7pRqTmd9ZvkHPnI5i2p1wYYHk9Rf1lVwjbJGg9CVNN76h%2Fz3QdvAaCwnGVMx1rPFsEyzr%2BbItOElDutzUABdj7cfP18qHQfPRM2vPE625XV%2BOxPTfZvaHUPMxjXi66xZiACwC1INuSi55OIFQYh5CpH17eW4Uy0MBzopPHCWG9YnuAeJp1TC8RR9Jg91F%2FhiPpXxPfORcCEqPDvHokel7gyXYPm9PnMNdbaj0gin5JRsAz8kwoFlZKRk%2FyXUQ8oAx%2BEnyFLdcwPCNen632bcxCRasNpJbjswzrHKeTpO2%2F0%2FkS2uto5UTmHSmWfbe6dn0E925gmxLvdyRghQCkUiD1nWMT8XPECb2j6PvSKlMhXtnmPqbxEzINTC6AUvsbq6PWdRcs6HMlpN%2Bxc1TlVOK3dp4qDUphbokbQCd1mLjP6E9rMYRuH0b1XJcuNqHLw133gauTwRRrfF99hLcB5NpPWm8JgxVC8Eh7BeuFRM3TYObj8fsnItbfnfU5wyKIZYChyTOdZkaYTPZvwrVM8Y9QJRRgboc7FA4fR%2F4XZpwcXkBLXho%2Bd1kbKL3JsfW%2Fk1aWQ9gLcpCZALZXu9F3fVpxxt3uGIKZG6NYdKJ3feRk1ClQLQQ2v8X2HsghX%2F4EdS3St7YQk5%2BFx7504uzrBvr2IE6eFGs95mp82T2q5hWxzdXxqZYlAIkxkQ2Uy2Vw1e5G0YyEV7nuktbx99u4346YroQFGHiZCZ7PEbZ7dYSJ9FGssvv%2Btxw8MqTHwdNmYzPzfcKVZxgawT%2FxVVHL9bG97Wu%2FcNV2JY19kEyo7t&mm_sceneid=0_0_7238045350_0&a=xxc%3Dad_ztc%26mi_id%3D0000_0tOBwFnSicxn-BZkc7bb29Lbyi90D97zASFTaDPjCo%26skuId%3D6191475523556&id=870034886246
916134440144,公主砸金蛋洞洞乐盲盒女孩手链玩具礼品豪华版新年节儿童生日礼物,76.8,¥,券后价,奋发旗舰店,奋发旗舰店,回头客10万,7000+人付款,浙江 金华,包邮,玩具类型:玩具手工 | 适玩年龄:14-22岁 | 使用场景:送礼 | 适用性别:通用 | 品牌:奋发,https://gw.alicdn.com/imgextra/O1CN014yVfEl1rBBuVDi8oF_!!2208770285592.jpg,//detail.tmall.com/item.htm?id=916134440144&ns=1&abbucket=10&xxc=taobaoSearch&mi_id=00007aEZIEdPTPR-1iksQWnDEKS7QNiRBvCQj6EiTidUyFg&skuId=5783194809626
962384454494,KKV正品LOVELY EMMA熊熊联萌毛绒盲盒公仔玩偶送朋友女学生日礼物,59.9,¥,首单价,kkv官方旗舰店,KKV官方旗舰店,回头客20万,100+人付款,广东 广州,"官方立减12%, 直降5元,  3期, 淘金币已抵1.19元, 退货宝, 包邮",出售状态:现货 | 品牌:kkv,https://gw.alicdn.com/imgextra/O1CN01G59oJF1XFVJjJ2jvn_!!2215772922894-0-picasso.jpg,//detail.tmall.com/item.htm?id=962384454494&ns=1&abbucket=10&xxc=taobaoSearch&mi_id=0000MM-I3ADsnffBx24tsn2ebtMDmR3_9utd1EGeoXHpBgc&skuId=6129610935922
758940965203,先锋书店2026马年新年礼物创意福气图书盲盒生日礼物送男友伴手礼,268,¥,券后价,先锋书店中文网,南京先锋书店网店,16年老店,60人付款,江苏 南京,"官方立减12%, 退货宝, 包邮",适用人群:男朋友 | 适用节日:新年 | 包装种类:盒装 | 产品名称:祈福冰箱贴 | 修饰词:新年盲选,https://g-search3.alicdn.com/img/bao/uploaded/i4/i3/283607298/O1CN01GhaTzj23mXbnDVPes_!!4611686018427379970-0-item_pic.jpg,//item.taobao.com/item.htm?id=758940965203&ns=1&abbucket=10&xxc=taobaoSearch&mi_id=0000bOEm6I_Jt3E27Mb1im2-yCDnAwIW7-kP80dNyNY6Ovw&skuId=5401821590760
960183909749,现货幽灵Keeno四代奇迹盛宴系列盲盒潮玩手办公仔可爱摆件礼物,59,¥,券后价,喔喔城堡,AWM星球趣玩,,1000+人付款,广东 广州,"店铺满11减10, 48小时内发, 包邮",款式类型:隐藏款 | 出售状态:现货 | 系列类型:联名系列,https://gw.alicdn.com/imgextra/O1CN01p4zfFm1nkg8iZS3I8_!!4088555128-0-picasso.jpg,//item.taobao.com/item.htm?id=960183909749&ns=1&abbucket=10&xxc=taobaoSearch&mi_id=0000aGhVHdeY1q2tn9z7KW8SZWaGRM1U53-XxhXkprELHro&skuId=5780509310458
754163587999,B.Duck官方小黄鸭招财鸭潮玩盲盒手办工位桌面摆件居家创意公仔,67.92,¥,券后价,bduck旗舰店,bduck旗舰店,10年老店,300+人付款,广东 惠州,"官方立减12%, 淘金币已抵1.58元, 退货宝",单款概率:1/4 | 出售状态:现货 | 系列类型:联名系列 | 品牌:B．Duck | 款类型:隐藏款,http://g.search.alicdn.com/img/O1CN01vDTE7G2AUPBDQI9qF_!!4611686018427381822-2-item_pic.png,http://click.simba.taobao.com/cc_im?p=%C3%A4%BA%D0&s=522554213&k=2337&e=nX5igeAVeZspjn9UIUJwQkB42EM%2FCY6CQKOflv9Tw24zfIkY2cGvuzd0HmlT3PDQAdzWsyE4IJfBhYOzrifAeovfLLhO%2FpfBFqBzh7km6GhiOusADYmb0W690RDVPXP96SfLqOjT7ah7s2lQCkZaQn4KeCQHUZ3hJQMCKRptLmnoG7fJkgBDcD7SgEPWG3dg3eE7slT6iS7uNMedkM8g%2BKE3qIZAO5iqcgJB2RN1MH3x2BUf%2FDqy%2FZXIMATw4Pt0eIb6pmYkbQn31niSd4aVbmi4LgfJ%2B%2BySU3xVSG09HmuI7mBUmveb2lc6Gul5V4sCvtqBEEekMFZBA%2FZgho4vYY28AMoR6g4VrmRSaSy%2Bte4uyETAf7cX3CpDbAY8iek84Y9BQQU4XFXGVqzmE7uQOdGCtOGdKjwMPFfykFCuW8Cj3EgvOaZo%2BEw640Z7WtDgpOoIvEmRgz16wsELlNS1IfGVULJwHBkEsNxoMsYjLHZEYP9yMKBUbwzsCTnX2GWBVzDZrQSKhtkZ7g5h6K0q%2FGFL0rbWMPat0rLh8Abar8MnqgylieHalunTs7lZwH6LQCPc7MsAZBiV%2F1RSfH7lkQe3vEbhZJ3QkDONzlE6XX72pbCDzlYGucZ5A8ezrieEBz7Rb2np%2F0NmitDz78Fa4sMS4%2FUuNyhPtM0z4M3eZqJsGxQR%2F138QmqYwcRqB7oo%2BN6dY8TToadzAYqpvu9EIFJb5x8tT9NWuS2x4Wdssw0DGbBOH4rzEvgTLNLR9DCFyLmMfyVvNXBVUw9tFGlupQ5usAF9HdMUCCjkCs3PzKWxBQIqEqTfHqI63UBuYWxUD5BfsYevm2WfqYWvJ%2B9B7FtlbGcf4h6qhv7mfKM0S0OcNOkS6RQn9e93EG93pDONDKflEy0VFj%2Fm14AYbI4VncSBf5ICATabmxPZst14lYbbPsvA8ssQkw%2BQX7GHr5tlJAVW5%2FKPM15FoVh1DPHa2tGgWIQjDJcb%2BJv2EQF0b4pmitDz78Fa4olehGOETcCN8CwavGYaLXNm4R%2FkzXwdmf7YvydoHeb4j7tz05MMNFG5gZib%2BHiUmTB91gR7I1Bpoou%2FXYJ5cLcc2hbO90q8zxKvc58Ptu6KCSb%2B0MtqaYyJP9tQjhQ2sQXhVbaW7b%2Fk%2BD23KrUa44pWrhISRFgYbTvDqvdCjPsg56fnxeWICoCWZpEAhdlrOF3hEcFzoemqPL6wOjxd6NfUHUQEV4Q%2FlWEu5u3WNruA0zYecLvnWUhDaU1BMlnQ2XxJunbiNDkAW6KU95y96CDW69y3XQSao9zZfcUiBjugFVqKdidBIDHB8c5n9TiEkLOJpHAX%2Bw2W8%2Fb4FMRyLn0kFW1ir9wSt%2FHzXiaoYH%2F6MBRxsKH4HLLn6UOxQ46S60pUtN%2Bv2X6pqFZlkqbyyUd0a3EHZ%2FSdM5O1XOICiFM7xTN2V27G6rXyZZb2VXdorr7kZ%2BAQEdTBgCMrFVzYKZK9oAUlXPdoSBHk5Wh9KWEZKEWXS7no3hhBf5BB52tVtWlUH%2F949q%2BFBLwazdMbtqHflfDObwjqDAwAGi6nbUqgCsHViczrHjIUDu5vPCKh4o%2BYyB5lpzDf2z7LwPLLEJO3RL5bGExL9qT9Ih%2Bl7g4rZhDrL8FhQ7XbPsvA8ssQkxfPl5GMsFc1br3RENU9c%2F1kcJjAXeVRsRus7x6fATtrP6WjitRyqDDXMO%2FNly3aO2Z286jGCJANPbif8RPtS6FDbhpbPlP2SnHnQtTEQq78lhJEitOWSRsdddBqtUc%2Bqrx3iEM6F0IfIvEPgiwZzDANqSgz2orDH3HY1EID2vWaAwB2ahV9743vhbbzsexJbPen5sF0FeKNE8EDqHb2UO4E%2FxF7yddiyW8JbX%2FjwZ453q7tCeKPzyjNw86RqWmcS%2FNSkJWPkKH0oAnymkX%2FdeYW6JG0AndZi4z%2BhPazGEbh9G9VyXLjahy8Nd94Grk8EUa3xffYS3AeTaT1pvCYMVQvBIewXrhUTN02Dm4%2FH7JyLW3531OcMiiGWAockznWZGmEz2b8K1TPGPUCUUYG6HO3LMFh%2Bsxq2v02vJGN4MSmdZGyi9ybH1tDrbz5YR5%2B%2BRJprI8Xzm%2B01hE7eJYzdCSMhUQNo6kXXkZNQpUC0ENrn3WhY2krtTyAOn8eeTUvBu3fonuqUC7Sf2fb9Ngx9g0GOxAjetjOuKhB4NXe6XRzSI8QY7WlEyE00hB9HH%2BNjsdYKfs5dY5SHp0lJ%2FKk%2B3qjRB3%2BdarJJLlp1muC6ZXMBguuTwpyPswHRh093aE89z4X9deHzoIZoLnj2dw%2BfycP4C9cDxEWe8emO36dThIe&mm_sceneid=1_0_109402477_0&a=xxc%3Dad_ztc%26mi_id%3D0000djS5T183fHoaVJ_1hlKebHxMlb47GMj2uDSkHeMfBMQ%26skuId%3D5704234025415&id=754163587999
1015786401455,正版未语集四季喫茶物语系列BJD盲盒手办植发潮玩桌面摆件礼物玩,200,¥,,tb4450709360,正版动漫玩具批发店,回头客4万,55人付款,安徽 滁州,"48小时内发, 包邮",出售状态:现货 | ACG作品名:DC漫画系列 | 系列类型:联名系列 | 品牌:悸动瞬息,https://g-search3.alicdn.com/img/bao/uploaded/i4/i4/2214008116167/O1CN01fwr0nk1vQXemyFln0_!!2214008116167.jpg,//item.taobao.com/item.htm?id=1015786401455&ns=1&abbucket=10&xxc=taobaoSearch&mi_id=0000_fvsLyzY3J9gXza_DSRcXWSpLJyIO3p0ePvaEwZhmJU&skuId=6022225897409
967754938818,正版Nagi兽仔第四代逍遥游系列盲盒可动人偶12分MJD潮玩手办礼物,75.17,¥,券后价,tb086198083,潮玩集合社,回头客4万,7000+人付款,广东 广州,"店铺满11减10, 48小时内发, 包邮",出售状态:现货 | 品牌:玩乐寻潮,https://gw.alicdn.com/imgextra/O1CN01Wc4wkC1qROJY5a6xZ_!!2224965492-0-picasso.jpg,//item.taobao.com/item.htm?id=967754938818&ns=1&abbucket=10&xxc=taobaoSearch&mi_id=0000b5Yx9hE8wljXp36XvHIuHKr14mFM72Cm8SOw3DLlTR4&skuId=6043055923988
928514631191,POPMART泡泡玛特星星人我们都是星星人系列毛绒盲盒小幸运小哈欠,59.9,¥,,李超越0922,TOP DOLL 俱乐部,回头客1万,9000+人付款,广东 广州,"店铺满299减3, 48小时内发, 包邮, 公益宝贝",款式类型:端盒 | 出售状态:现货 | 系列类型:联名系列 | 品牌:POP MART/泡泡玛特,https://g-search3.alicdn.com/img/bao/uploaded/i4/i1/2660786779/O1CN01OlJ5ds1zwq3IQqQJT_!!2660786779.jpg,//item.taobao.com/item.htm?id=928514631191&ns=1&abbucket=10&xxc=taobaoSearch&mi_id=0000v-nc_IEh2DK4GTRSXD3fN3Z-R4PSA8YFxxEtvYStA4s&skuId=6015374648317
963350722442,星斗模玩万代高达假面骑士盲盒福袋中古在线扭蛋机一番赏28次数,23,¥,券后价,tb723146774,星斗模玩,,200+人付款,北京,店铺满5500减500,出售状态:现货 | 品牌:Bandai/万代,http://g.search.alicdn.com/img/i4/7991976130/O1CN01dTyjDP1v9azq2lMoZ_!!4611686018427379906-2-saturn_solar.png,http://click.simba.taobao.com/cc_im?p=%C3%A4%BA%D0&s=522554213&k=2393&e=%2B6458NOOxFEpjn9UIUJwQkB42EM%2FCY6CQKOflv9Tw24zfIkY2cGvuzd0HmlT3PDQAdzWsyE4IJfDyEnRmODfz83xo8ugZilJR8ti9qMd7sBiWAWmPycDfG690RDVPXP96SfLqOjT7ah7s2lQCkZaQn4KeCQHUZ3hJQMCKRptLmnoG7fJkgBDcD7SgEPWG3dg3eE7slT6iS7uNMedkM8g%2BKE3qIZAO5iqcgJB2RN1MH3x2BUf%2FDqy%2FZXIMATw4Pt0eIb6pmYkbQn31niSd4aVbmi4LgfJ%2B%2BySU3xVSG09HmuI7mBUmveb2lc6Gul5V4sCvtqBEEekMFZBA%2FZgho4vYY28AMoR6g4VrmRSaSy%2Bte4uyETAf7cX3CpDbAY8iek84Y9BQQU4XFXGVqzmE7uQOdGCtOGdKjwMPFfykFCuW8Cj3EgvOaZo%2BEw640Z7WtDgpOoIvEmRgz16wsELlNS1ISh7cnvvvbchZ3cmsxEBF6xZc6r%2FKasEgO577JrCpPydhJuk8qgHth6JEjvoFghOd0ukwZ%2BrWCNDEJMLmfytwU2zy86kBeThL7mRrE0gOBWlN%2Bgt16425rEbuNjmgVHHAkZnBC4xvPt%2BnGSLofsveRLliIt8CpQGhIe5s89KuVLYfZMjkteQ%2Fph5sGAS36Bd0m4oyMBkBoPNkEW7qYhIRlYfUwXeACtOa0f9RuwIbr0EWoVTW6a3WhTOj%2FXHkqPhsbetftUPMdWeJz5XYs%2FUUFoo%2FysrkKk94kBsWzwLKAGwoKYW6k%2B49X9a63iakkySBntb6%2BHlrqi8gh%2BFJ9g1XoVcsiXrBu3yJLte7OjEOzBu%2BoQc5PFhqUEcaLcCUwtOJC7CXnRK5ljkX%2B8hOYOhSvRJ%2Blx0w0HWxk1yP87%2FRXypzrlRyb7%2Fk%2F%2B3nF6Xv7VDLMZVfa2Xy2XDyxgQXqTGOqGHoY%2F0b%2FxFqN5jn9d9hfd7kRabw%2Fb%2F2nWwHUWeVLwMGSQFVufyjzNeMhlxdL9%2FMsu8yYOM5%2BYO%2B%2Fib9hEBdG%2BKMu0mTAwnyhABMXCShd6rRlGYXKU%2BJska4Zw1puULah9m4R%2FkzXwdmf7YvydoHeb4j7tz05MMNFG5gZib%2BHiUmTB91gR7I1Bpoou%2FXYJ5cLcc2hbO90q8zxKvc58Ptu6KCSb%2B0MtqaYyJP9tQjhQ2sQXhVbaW7b%2Fk%2BD23KrUa44pWrhISRFgYbTvDqvdCjPsgDnBRSsr9o%2B6YOMnDAAwRlV3hEcFzoemqPL6wOjxd6NfUHUQEV4Q%2FlWEu5u3WNruA0zYecLvnWUhDaU1BMlnQ2XxJunbiNDkA1LjznvmcVIkG0HecBPfbCSh5bUXnSXNgteK8136tCRThlAg1CXctDSUbqxduMPXPc%2Fy6B5eGqQB9uEK4xsO2QLftQZ5ztPwWhlgKHJM51mTvceskQcsVfJZ17zQbN7MX05nlSwJq3crLJBd9iCZLVFlmjcR2b7CRVtH4EgUmPFu5x8lXI%2F3BpADYWLKDy02gVSOaKqGkHbNgt66Q%2FHXfJzN2yjox1j4r%2F9Qsd7VgM7yz176yetiRB0cjbZFFrISkyfNwJ5JRTu4gpxVk6SGSTxAUyJevPSprdIwlcVFaUDR2b9aaHh3esrGXleVqjJsHyzxTW2gMUM2MLwBD%2BTLyZJo%2FvMGwR%2BnCyA7%2FcF7ihl9fLWPberBrTyaMtpfHeUKp0xLrelCqi4DX%2BCzibvUv8ALFwgfXxQfeI8GWUPNopbDbDH4Arrnfo86Sn7AMsXUZBVgqh8BEprxbU6FVfT3xM5uYdCV5G6VqpFidXvloytULNC9BhAiCb%2BcinznDa%2Fx%2BrCciX4LrCNRu8WoXg0NgmdzEJFqw2kluOzDOscp5Ok4939CmrmDbfaLGKvEHzo3Ep2fQT3bmCbEu93JGCFAKRSIPWdYxPxc8%2F7Q2ICXsXKYClk0kErsQGTMg1MLoBS%2Bx0aAhL%2BkCAD0yWk37FzVOVa8eVFAcJLWzqWsRd73CoChB6lMe2Q8DbQfu9ktWxH%2FugzM7Jt%2Ffm962SzqOtsmWalCkm6Xhax8hGNbv1eXRwUcTmdUIFyWVRM54fvgfpcvAMBRxsKH4HLKEAN3GoWZcasJxvg6o%2FMPZiPIv%2BmZoaCqKKQlXPUEYmXlQ0UA9YhPjcKqjnNFODUPl4H1OH20mfktPnuB9Vn7Ba8APsF4qfv%2FRZU27BuFWf5hc%2FxcNUOhN7d%2Bie6pQLtJ%2FZ9v02DH2DXFWlrLn80OTTz231n6Xa8owiL%2BQig8CzkybfKMqVrop4Ljh%2FhZNmjETgDGZWkljKcuIwxoRPDQxw5xKZYMabME5GjyfD7OCTNm48LfkqeBzM4ANqqrbsdUT%2FJ3gvfd9a5L2dGiZDMZgucfJVyP9waT0r%2BVboE2d5Q%3D%3D&mm_sceneid=1_0_7991976130_0&a=xxc%3Dad_ztc%26mi_id%3D0000qdHKr2j6om1cqnMOXDkpEP0j00GUGkNp56FdzF5EAmA%26skuId%3D5999704717006&id=963350722442
988396081742,POPMART泡泡玛特CRYBABY出走的月亮系列手办盲盒摆件礼物,69,¥,,泡泡玛特旗舰店,泡泡玛特旗舰店,回头客20万,7000+人付款,江苏 苏州,"热销爆款, 退货宝",款式类型:隐藏款 | 出售状态:现货 | 品牌:POP MART/泡泡玛特,https://g-search3.alicdn.com/img/bao/uploaded/i4/i2/2885348004/O1CN01mkwMHx28ztE6rn1GS_!!4611686018427382436-0-item_pic.jpg,//detail.tmall.com/item.htm?id=988396081742&ns=1&abbucket=10&xxc=taobaoSearch&mi_id=0000bXUNA45GjSTP7iPmKGnmYU37z6VXp3t3NfJuNMQOAgY&skuId=5981955125612
958048531688,现货魔女Ninita魔镜乐园系列盲盒二代启示录潮玩摆件玩具公仔手办,61,¥,券后价,青峻优选,BOXES潮玩正版店,,1000+人付款,广东 东莞,"热销爆款, 48小时内发, 包邮",款式类型:隐藏款 | 出售状态:现货 | 系列类型:联名系列,https://g-search3.alicdn.com/img/bao/uploaded/i4/i3/2211641406361/O1CN010GFOMh1wrOSfIv60r_!!2211641406361.png,//item.taobao.com/item.htm?id=958048531688&ns=1&abbucket=10&xxc=taobaoSearch&mi_id=0000mO_Vd_XbLdWhOJc75nAdBJ8LXY9wsbGkcdJkVBzsco0&skuId=6053500378840
917138256954,积木盲盒奖品小学生开学礼物幼儿园儿童生日伴手礼奖励小礼品全班,15.6,¥,券后价,我是大罗神仙,童趣文具玩具礼品店,6年老店,1万+人付款,浙江 金华,"超级立减10%, 包邮",适用人群:教师 | 场景类型:开学礼物 | 货品分类:拼插玩具/摆件 | 适用节日:春节 | 包装种类:盒装 | 风格:奶油风 | 产品名称:拼装积木 | 修饰词:儿童益智积木玩具,https://g-search1.alicdn.com/img/bao/uploaded/i4/i4/874066957/O1CN01XSdcPq21GMTzE6oRP_!!874066957.jpg,//item.taobao.com/item.htm?id=917138256954&ns=1&abbucket=10&xxc=taobaoSearch&mi_id=0000ubzI1kAEDmB3g66tmKMaVoP_aEc7I729plNhsdNDv3U&skuId=5951591195541
929553773381,盲袋教科书盲袋文具儿童玩具女孩惊喜拆拆乐小学生奖励盲盒大礼包,25.6,¥,券后价,夸彩旗舰店,夸彩旗舰店,5年老店,1000+人付款,浙江 金华,"官方立减12%, 包邮",适用人群:儿童 | 场景类型:生日 | 适用节日:儿童节 | 修饰词:教科书盲袋,https://g-search3.alicdn.com/img/bao/uploaded/i4/i1/2209721373287/O1CN01X6bCC21a9Uv3zjhT3_!!4611686018427384423-0-item_pic.jpg,//detail.tmall.com/item.htm?id=929553773381&ns=1&abbucket=10&xxc=taobaoSearch&mi_id=00006GB0G6eIEmNK3Ivab6QdX5HxlYTT2v0YO_ksyn_Aj0U&skuId=5979325262234
1011582451568,儿童砸金蛋盲盒道具过马年小学生砸金蛋盲盒男女孩新年礼物洞洞乐,86,¥,券后价,soundparadise旗舰店,soundparadise旗舰店,5年老店,1000+人看过,浙江 金华,"超级立减40%, 包邮, 公益宝贝",,https://g-search2.alicdn.com/img/bao/uploaded/i4/i1/2208109300124/O1CN01tUE16q1CmqEJ92rLw_!!4611686018427382172-0-item_pic.jpg,//detail.tmall.com/item.htm?id=1011582451568&ns=1&abbucket=10&xxc=taobaoSearch&mi_id=0000F6NW2NAMM-6rD5V6G10AHq7jOCie7nlscRTucCZRDb8&skuId=6180929475333
926195685239,【现货】玩乐寻潮Missy甜丧萝莉二代盲盒乌鸦乐园潮玩摆件,51,¥,券后价,hodgkintan,潮玩新天地,回头客4万,800+人付款,广东 东莞,"退货宝, 48小时内发, 包邮",款式类型:隐藏款 | 出售状态:现货 | 系列类型:联名系列 | 选购热点:淘公仔,https://g-search3.alicdn.com/img/bao/uploaded/i4/i1/2000635076/O1CN01tLF8mZ1nMrWOSAa7W_!!2000635076.jpg,//item.taobao.com/item.htm?id=926195685239&ns=1&abbucket=10&xxc=taobaoSearch&mi_id=00000ggynQ-Oq3mtIt0zeQB57H3sFKtYc4sR2VABko9WFsI&skuId=5807326717381
977803988448,盲盒公仔定制手办树脂工艺品订制钥匙扣挂件手机支架来图定做logo,4.4,¥,券后价,tb788942694259,广东趣萌工艺品定制,,32人付款,广东 中山,官方立减12%,,http://g.search3.alicdn.com/img/i3/9308542502/O1CN01LN8h1n1ULy3MtK14K_!!4611686018427385382-0-saturn_solar.jpg,http://click.simba.taobao.com/cc_im?p=%C3%A4%BA%D0&s=16568307&k=2393&e=FMrCzbsTxBUj24vXyjdyTisk6H0SR%2F%2BxWa%2BulwUsfpOPvO%2FBGCIc4itndKOi1frMXsgHDsOfS%2BRiqD9RgvYDPULQfehOD3bUQZw4IoqLwdiO20dBkS6JsiSzqw9NDtS73AsAQ3d1gK5Z9oXfXPDZPykpMUmoJhevhvXZeR20%2BFAOb6nHkB5C7bO%2FEtWA9Hktsyfppspyagc7G5rfAvZRzu7jLb6ZBMOJKNMvYckAqRg3Bi8vWIpPHogm1NaJOGOfu5LPXRx%2B6xfDUD4gOELd32W76zLjUCeI8gCwp47lrQ1Pwu2nvbjcc0SJ%2FcvwGm8mfRD0w7kxrRnMmWkXD3kJ1t6hYI0BGu98j%2FrKxdgvaqlqUK%2BiJr1leAcYTHZ7CDbxbu82lp%2BQr2ehS4RMIlpBl1WZLntFZ9bxist15rCWyuuVEj%2Bkmd2cr6o5ApK8g%2FsV4uEN3DcxfJ7Qs7SSr55LMtNGSnKsUfcQDhCK%2FDvXKLW0gA7Fb5uq1fAwjCpPa84pb9v7kVKARoG%2FXBCrcosAMVa%2BVIg2%2BlEXSQFKFX1q2yPc2mbGPJxufRC6pNRB7yMCaqfUOe6jbTa4i7RhT5pbUOUMBN0fo24wJqPWRFw6x6ZH2D3V%2FlT4hTr4DDLxtwVLxnQtz7y9nr%2Fc2mbGPJxufeUMBN0fo24wkeGDM60LUG9Mp8iF5ihXh88cUHyI3ED3qmOekd%2B1PbxF5e7bZgWOlNqCo96LJYZbDxAmSBwc6oiwOd9M4HBAmOmj01nk%2FlZMn%2F9IVq3Rj4QKSWz%2B%2BsC2bsLfNFtDjJWEIxPz2eQgknQQIIFclkrF%2BfiwbY6h2LjpIFoTfDQy5achQs9hd1pfdxPRmaP4thdC8Kdpiv%2BLs%2Bddzbhu14VNzghXgIlcyJqm4hL6r0ia57BmqY5LDvLrwx%2FMVK0Zs1jA7o3L4IsVK8sRkhuEiKmCYbFZXxvIDxPiVr5UiDb6URdIh08xC40Qo9eUXBqgUvn2yp0qwF28lkcSEV9TaW8sSO6R%2BpDKexz4E9GZo%2Fi2F0I0%2FKBMlF%2Bzj0HLNDOl%2F1bBW7LnMx1wMHBQz4rFRcJVM%2F8AjONJkVUDozFkZIaFZdVxGrQYsrohJbZ6dAK3DhIqgXZrGuhGK9n%2FmzJdK4I%2Fgk7DMFjPMl3lpB3QKnLZ4hqNVtedi6zDcslShUvVYgrwPie%2BxrzY6dYf1jNOI2IPMIcMEa4JBVw%2BksOe8PyXd48kSXjZJsBHEYEhrQ9lYCERbMarLxnrYLvu6I2MV1EpSTPCVCoD8fpxJBuLD11OP9a4i7RhT5pbUBC6pNRB7yMCQB2R6X1ud%2BeXaZ1MdAoKC039tPrmTyKfvRJc3UIBgalOqnmuqsBBqyeZ0TPAjLpcTfGpdG5RpeMwkTQ%2F8V1dwDrcqyIG19IMf077AKK0QyB%2B99oSjUuwAErQlQiQIKVTHbWjswoKEyvlDATdH6NuMAN%2FGUB4Ex2a7MBoPNgWIr7dM5XKfo8m%2BRHJSl09RYboDXyk6k8Nh5kQS%2Fkzjv7ifLRfbCBSyIVr%2FlXaSFw2kPtuT8wWd%2Fu3GBCdfjSa0ToOPwehJpmhj321ccKe%2FCKpfZik8Y8d5jTj9kJtfj6wkUMgoZ%2BHxWib1LEZ7ebIG3cUsDnfTOBwQJiT5xXP2V2OpEKhN%2B3KzDjbAKRpkw9t922wOd9M4HBAmFu%2BKZcnFvDeiu3sT64KghFPvWxvIVhJGN0x59bDEhqdkbFCaV2cH71TbazTy2xsy9mgwCqkWb2xrdnqhnPF5xrH%2BKCAeyXF%2FnzPvZ0j683wN0sbJzcaMaPs%2F2c99esVMzk42K8wUQTr8IMPeYVjEDRww%2FTtvuYcp6wyh%2Bj%2B1rDNDqLp%2BnuavaCwW8gIt97r30rjnBHwSipm8QfPcINeGZ5oaGSnZIuIAyoHwGpcPwmTLIdfWlVwfJsnQTZNO5Av723vqfGZie3aq2mMe1XeA1vIxX%2BltLId2Y9BemnR38dUDnui7Y5br%2BJpZ4uIT7%2FVJQCSCQUhcjuPCkhS4gBmXOI%2F4erzd8fQziFKtMe%2B55f8ZlUPmG4%2Btcd0ntMMLjQRiRqMVHbdyZNqoBSqVCZkS4KcSChDGjlF66Fs2JVvR%2FqOIUBTywi%2FXj7iupix7jDYvt0M1Z3TFygGwoapBqa737yjLXQgRKKPr%2BfWMPdg4VlSHmZKYTq2fE4G4uMOrWR%2FhWURgZIHNBUXaObtuK1b%2FPXTJiCTk4YBMfiXx9Ra60Y7t9AtqqRKUjM%2FeFDj5%2FIJrC%2BOKb6ccSAc%2BhmXFlpzYQ3J1cfkT4nMiDUbWFCiEoY8vyuWpJvV%2BIHA41x0g1Rb9BwuUyemEzNcjopLQ2myxYEZfywN70GDDK9w%2FV6oUdiDZMy1lnGN7F%2BqAj9mRh5vSQ%3D%3D&mm_sceneid=6_0_9308542502_0&a=xxc%3Dad_ztc%26mi_id%3D0000ld4g4VlGPGv189fJ8pODpYN8vB6t6BQyNySsBA6BuZ0%26skuId%3D6096781262854&id=977803988448
993049575657,疯狂动物城盲盒洞洞乐抽奖软胶植绒公仔女孩子玩具戳戳乐生日礼物,29.27,¥,,ytbh旗舰店,YTBH旗舰店,,700+人付款,浙江 金华,"超级立减10%, 淘金币已抵0.26元, 包邮, 公益宝贝",款式类型:端盒 | 出售状态:现货,https://g-search3.alicdn.com/img/bao/uploaded/i4/i3/2220391731205/O1CN01tuC3eJ1KlwMc4Pme1_!!4611686018427383813-0-item_pic.jpg,//detail.tmall.com/item.htm?id=993049575657&ns=1&abbucket=10&xxc=taobaoSearch&mi_id=0000h9nyAE_pAZS64ovzEIf0a-p8kbU_r2ZTg8BEkC7IvPQ&skuId=6139471086892
914018264495,玩乐寻潮NAGI兽仔第四代逍遥游盲盒可动人偶BJD娃娃潮玩手办礼物,500,¥,,tb4450709360,正版动漫玩具批发店,回头客4万,2000+人付款,安徽 滁州,包邮,出售状态:现货 | ACG作品名:DC漫画系列 | 系列类型:联名系列 | 品牌:玩乐寻潮,https://g-search3.alicdn.com/img/bao/uploaded/i4/i3/2214008116167/O1CN01umSgFU1vQXaU6wJq2_!!2214008116167.jpg,//item.taobao.com/item.htm?id=914018264495&ns=1&abbucket=10&xxc=taobaoSearch&mi_id=0000Aif-RUV9FHb6BpOE_v5yhqVj8kj5FSegchtK1i_-VHw&skuId=6034639215693
953646333413,【李佳琦年货补给专场】 52TOYS迪士尼正版疯狂动物城系列盲盒,59,¥,,52toys旗舰店,52TOYS旗舰店,回头客6万,1万+人付款,浙江 湖州,"热销爆款, 包邮",款式类型:端盒 | 出售状态:现货 | 品牌:52TOYS,http://g.search.alicdn.com/img/O1CN01dthjjj2Jsz28QQWEG_!!4611686018427387766-0-item_pic.jpg,http://click.simba.taobao.com/cc_im?p=%C3%A4%BA%D0&s=16568307&k=2413&e=Ar88dpjxc3Aj24vXyjdyTisk6H0SR%2F%2BxWa%2BulwUsfpOPvO%2FBGCIc4itndKOi1frMXsgHDsOfS%2BRKtaEUi2fa2%2FXzPiFkgVeSVZ%2F9Tbvf0GFtZ5HXY8y4xiSzqw9NDtS73AsAQ3d1gK5Z9oXfXPDZPykpMUmoJhevhvXZeR20%2BFAOb6nHkB5C7bO%2FEtWA9Hktsyfppspyagc7G5rfAvZRzu7jLb6ZBMOJKNMvYckAqRg3Bi8vWIpPHogm1NaJOGOfu5LPXRx%2B6xfDUD4gOELd32W76zLjUCeI8gCwp47lrQ1Pwu2nvbjcc0SJ%2FcvwGm8mfRD0w7kxrRnMmWkXD3kJ1t6hYI0BGu98j%2FrKxdgvaqlqUK%2BiJr1leAcYTHZ7CDbxbu82lp%2BQr2ehS4RMIlpBl1WZLntFZ9bxist15rCWyuuVEj%2Bkmd2cr6o5ApK8g%2FsV4uEN3DcxfJ7Qs7SSr55LMijT%2FFOfWTUzkyY%2FXkOwTIGeX5WzJqxznMtYXxcJWsoVERzLyl4bwIpNz7O7Vs0Hf%2FmwSPXIvv47nf9%2Fz9RzaRIpms8fR3Z%2FoRp4OlxkVMwjiDhKkmSwh1jXFt6I7pmz7CczOmaidOwYaYVBeEeJRy51N0NEHFAMn1P16PTEGr3Zo9tXmPqJrvljrKL3bp31BWa9UYtOamC0ePNYNiXUeMv%2B8ZI8ksrThg5yk0zl%2F85u9Ca6IuxCE%2FAVQK4bvemRxRh5yCRHmDrWJs1Mn15U9MQLmKZ%2BuaxVuJy5ZA%2B9qn2%2BASradT4hfFT3kMdPm8N8Org6B%2Ffu5MPVI5UpXrxkdAMNfk2pCQgCdpAJ4x5nJI%2FOmL%2FRANiQqXNv%2F4QyvYGVnYNWSJVILRmq4b%2B1zHeGCy2TA0q2Yc4UQDlGR6TM%2F5uWc0CUq9sSc1q%2B0W5yUcJogIaEXtHa020lnG0GR%2FvNcDcRkhuEiKmCYaDE4QPrVEK%2Bpn1HydDUFn0xDl%2BNryZAixUgc1Y%2Ff1EFFmvLr4nMpeWv1j40Oz2%2BZgLs%2FH6jxzdkf4FLbZqX1wIJ9XjpgC%2FtoG%2F%2FhDK9gZWdL03GmXUrWs%2BIBdeql9AuPkIXXqBzDbeU5a6%2BGpcz7yHryLJurKVyRV9m1APAVzmeY4JOhUdzeA%2FikiACBC6Mfg%2BlhOBb6oXdM6%2BSWC9KMp5u%2FBuW9s%2F92gwrlJPyKXf96EcbLa9NmonMx9gKi7zB98tRTzSQtvdvmfxU28FdPlOMfvk0w2b540jO8IBSbX%2BZU8lH%2FMwM26A8v%2BS6gncRdQHnbIKapasZvbgRb4EZ5Ni8blccTZsxBAjHISrQys64ZZZmNFkWmOgVUps6wKRI3rHQXw%2BVIZ0Cxc83YfNskFUx8PyE97EtEvih2tP8wEpJ6VpafTQSmtvUdtUHNytHohNHdcxmQUQUEE6xPEfTut8lR7HK1HzXMEE%2BENtmdQcaPCsf3QXKvQpsrWnMt6DzYDYl25vVySwXDodyBOBVJRy979zldAdVTR3OLsFvkG2ekGrzs0Jeq7W%2BqbL3pFZtHQu%2BTleUAISZUnApmTB0xKEYwKCLmR4yPjAOVXzLYC%2B6b4chLxLgoHBxsg55IH9JhHsQE7UPX2KAZWJO3RtwQRGQHL%2FCTghq%2FJbDkm49o3OftOC5s6u0JUd8e5ASYMUgmIMLKwpQlMvq6pWKWx%2FOQuFWL6UtHX4V50RUoG5pZaecgwsrClCUy%2BoFhQ2987S4cySzqw9NDtS7KY%2FudGQ7E2o8p4nc2740gCGxBKEsQrzIf96dbJq%2B7H2eN2vw0rKROkqHlhr6ktMjyVXiqBE4%2B9l8z72dI%2BvN8DdLGyc3GjGjNK2zlQ0RYhd6XcjXkbE28GuHHyqXGwlSzafujFYVLS2mfUfJ0NQWfc8zX7c6tfuBO4i6MnkEkRbVmbwBPvVYG2mmIB0X%2BlMnl8jKjyabhVYoTdJEl5wIZxNYXu9IuCIW2%2FZwSxvrUuZbPWHBgiIbHJpfT3joS8pXw%2F324e9baasOe6Ltjluv4mlni4hPv9UlAJIJBSFyO48KSFLiAGZc4j%2Fh6vN3x9DOIUq0x77nl%2FxmVQ%2BYbj61x3Se0wwuNBGJ5eocTzgo%2F%2FMknb4JneokQMPRJSywUynZ9cAnA6vzDujeFPz32hLTA%2B6KlABXj3THzdRKeKMwuqx2XgMOj852h%2F0hTphZqBX6sAuTdiJpOjGtrE36SsnmjgWZ55ll6jJireVrlAyGgfWUnZvOVdbPMeYGmL%2FR6aRneHEjLX0EEuKehXuGoLtkX1qA4sDVCj6%2F%2BEVJWP%2FUZ5Un%2BOOxU%2FrQYy7YTdd7iHEO4wJkLk7ZP%2FVON%2BdAIOSi7ulYkbigmYh6MfD8hPexLRICetBSDH0H35Ek8pOeuDec92m3lDefrb%2BozmPGZjU0Kxq%2Fboka2X6wtjmI11kOi%2BI%3D&mm_sceneid=1_0_133779090_0&a=xxc%3Dad_ztc%26mi_id%3D0000cnoW9KW1ExrykOpMuBvRRHtK4REonTGHYiaLdgMxGP4%26skuId%3D6144854794056&id=953646333413
959652919359,POPMART泡泡玛特 SKULLPANDA 庭前墨梅系列 古风清雅盲盒礼物,69,¥,,泡泡玛特旗舰店,泡泡玛特旗舰店,回头客20万,3000+人付款,广东 惠州,"热销爆款, 退货宝",款式类型:隐藏款 | 出售状态:现货 | 品牌:POP MART/泡泡玛特 | 商品状态:全新未拆封,https://g-search2.alicdn.com/img/bao/uploaded/i4/i4/2885348004/O1CN01LXWuuM28ztEUFH2QK_!!4611686018427382436-0-item_pic.jpg,//detail.tmall.com/item.htm?id=959652919359&ns=1&abbucket=10&xxc=taobaoSearch&mi_id=0000TAxHHLgcdRxe4KCkeUD9OhN10jdL_kN5m8b8wpQP_i4
956795819259,POPMART泡泡玛特123！星星人系列迷你包挂件盲盒礼物,69,¥,,泡泡玛特旗舰店,泡泡玛特旗舰店,回头客20万,2万+人付款,江苏 苏州,"退货宝, 48小时内发",出售状态:现货 | 品牌:POP MART/泡泡玛特,http://g.search.alicdn.com/img/O1CN01JY5GGZ28ztETcGZUw_!!4611686018427382436-0-item_pic.jpg,http://click.simba.taobao.com/cc_im?p=%C3%A4%BA%D0&s=16568307&k=2361&e=XexS%2F7obLsIj24vXyjdyTisk6H0SR%2F%2BxWa%2BulwUsfpOPvO%2FBGCIc4itndKOi1frMXsgHDsOfS%2BQmDdmy9SbSvDV184JZd3V0hCDsl3%2Fna%2BoVVXyjy1cuUCSzqw9NDtS73AsAQ3d1gK5Z9oXfXPDZPykpMUmoJhevhvXZeR20%2BFAOb6nHkB5C7bO%2FEtWA9Hktsyfppspyagc7G5rfAvZRzu7jLb6ZBMOJKNMvYckAqRg3Bi8vWIpPHogm1NaJOGOfu5LPXRx%2B6xfDUD4gOELd32W76zLjUCeI8gCwp47lrQ1Pwu2nvbjcc0SJ%2FcvwGm8mfRD0w7kxrRnMmWkXD3kJ1t6hYI0BGu98j%2FrKxdgvaqlqUK%2BiJr1leAcYTHZ7CDbxbu82lp%2BQr2ehS4RMIlpBl1WZLntFZ9bxist15rCWyuuVEj%2Bkmd2cr6o5ApK8g%2FsV4uEN3DcxfJ7Qs7SSr55LMhzE2PQVoqGn%2Bg0CjN6dvcRaNzCi%2Fhm8PufT8%2BOysCCewefPjtWaLD%2BJqBiLPctQX7OZhh%2Fr4T9Z3KboqVEl%2FIUODCJmpL%2BfvdjUbM1oPMORJm6hzy9i016nGJ2sYKy1XTz2wUvx%2BhrU%2BocTnKj%2BbC6DXGvcDGe4%2BjJ9qXVJKt%2FN28Dom64CcVJW21ttL0EvX7JotKc6c6gWfisf6WagYHt9%2BHCrJBkIced62GWxN28IWAmOBTiO4QrZHWRadvomoPjs05Npy8X9yslhZ3ylafewhsctpSexRdARVHBu%2BMu5wBgz%2BjtqbCix2DGrdmWnUH6y%2FAj1u7jubzt2GAj5ODn5Q1v1v65pH03uUbam49MxS237LO3IJxlr%2BgrxQrfKzLiM90%2Bu%2BwnATvtWZN8lhsBLb26YEjZwjjUHJPVB7In058rbrSRvvxjOvhe3qcQIwTl9FTb1tDlmP3hQ4%2BfyCax6CAt3mlrX4z1DuD39THlzkONLLWY0tQIRG9UXcf6jqHizBzw%2FBtIHUm4QhFzKuRuX8Jv0EPBaWzCX3KRaGGE9AIZZlNnAtLHVt%2Bzxt%2F8sYpri8fZqVLS0W7LnMx1wMHBQz4rFRcJVM7W%2BzNQoJXyRozFkZIaFZdVxGrQYsrohJbZ6dAK3DhIqgXZrGuhGK9n%2FmzJdK4I%2Fgk7DMFjPMl3lpB3QKnLZ4hqNVtedi6zDcslShUvVYgrwPie%2BxrzY6dYf1jNOI2IPMPvtyGTRzBO83wZQytO%2FRw2puV3aIwHJpHvrU9KYL%2F2Ol3TFsH1BpfOHkW%2F2kHtmZUPuifWAIxpy3YLPqaYa5r7pRC%2B2qeG1arNhmJniGrZkjvlDsxhZVJLJKprE85l84xLrZjNKrkrr9V1JznOiDCm2H0wNoXB4iNsVnlYFMNY95A5BNMgcPXYW7MtWRxfkQW6CsyKYW7tGHzK9T3C4ElHKivkPty09c82U0W7MSZPcQ2GScl0UF6tqcyh8OctvZDzaxux%2BcTiKr3D9XqhR2INkzLWWcY3sX%2FurHpHbWbzjy%2FhwktGzt932Sz1C2ZmsXK1rvMDjXq5PwXEt6Bek156tHTTHKmfUgpvi5SiHGmxxgweS0jUcnCjjV759u13adgI5fKbvRPyUHM2bZ3q2wR8FOLumtGfh%2BD1DuD39THlzMKc7zqwnYL4Xi0uUz60g9pw04o3cUp6WPUO4Pf1MeXNUV%2B0etCaSLzdB1dwSGsmK9ynVbjyUGV5TJxkWvCwrFXSEObj1AgerH%2BcjGdtOQa%2Fqn0KmmVU8qcEK3dNis16488%2BtSHYmR08%2Fc2EP2igVo8yjCsIezjebwVDzMJwEtMcWg5pAJrqSpYczdNBJq9R5hEzsl7Cvi24RkhuEiKmCYSmfvBgzHoxkxd90lsRx2%2BGBO%2BzxfcUSXVeJJ57K8bMQ7mjtOIJXEmCM7UNUl4iLbpBHb9%2FkjQopYwX6wWGJ0uJgLxSmZTqKwOkaAsc6XsrBBFVf6v%2BuFFl5Uo5E7MG0p4MILaooaoiCxZ9a4cUR01ReOKQLOZCr2RBn97bnvnDVphoDgufPUxaNnrZ%2F5RxjXgjcluOD5ITAitYOOpQeciyMt359WOWwj0vyciUaeg%2BfHU6wGaKPDKWnqe1%2BOw1gktqqCMuBUpnEL8%2FHhGS0hx9SCLdba3RBbuxIZBb%2BWWeZn7eDVgvIKbsz9zGHn1%2B%2FqolTU0zqQVghuBNOWsh4jRowq5sqNEwnCP4z9Qx3REILATFuTuMt8FfffsFAsHFk%2FG3R2Xy26yjw74%2BguuHErg3dLdNCtYbBLHXnbPIboc043gruKoMW5hgk9%2Bt05j7wKJBo2HL%2B6xVoEmCKg2%2BTYd5NoE%2B30WNWcCe15fN%2FQo7gkGrzs0Jeq7XZfEKaQWo1VA%3D%3D&mm_sceneid=1_0_116045295_0&a=xxc%3Dad_ztc%26mi_id%3D0000RPxPE5WeZ-f0pbatiR4f9Lha-yqvffyyTb1amvKja6Q%26skuId%3D5939055747056&id=956795819259
960379516127,POPMART泡泡玛特DIMOO心动特调系列盲盒手机挂链玩具礼物,59,¥,,泡泡玛特旗舰店,泡泡玛特旗舰店,回头客20万,9000+人付款,江苏 苏州,"热销爆款, 退货宝",款式类型:隐藏款 | 出售状态:现货 | 品牌:POP MART/泡泡玛特 | 商品状态:全新未拆封,https://g-search3.alicdn.com/img/bao/uploaded/i4/i1/2885348004/O1CN01mFeXBK28ztEUOJLgO_!!4611686018427382436-0-item_pic.jpg,//detail.tmall.com/item.htm?id=960379516127&ns=1&abbucket=10&xxc=taobaoSearch&mi_id=0000XyaPQBYqCC4UQi4IR58MapaPdgNrkJuyvy_MEHBtlpY&skuId=5889882357319
1007485836486,POPMART泡泡玛特银魂欢迎来到万事屋系列手办盲盒玩具摆件礼物,69,¥,,泡泡玛特旗舰店,泡泡玛特旗舰店,回头客20万,600+人付款,江苏 苏州,退货宝,款式类型:隐藏款 | 出售状态:现货 | 品牌:POP MART/泡泡玛特,https://img.alicdn.com/imgextra/jz3_3/2885348004/O1CN01sMEOuz28ztEJn60qC_!!2885348004-0-alimamacc.jpg,http://click.simba.taobao.com/cc_im?p=%C3%A4%BA%D0&s=16568307&k=2369&e=0ymS22iFMH4j24vXyjdyTisk6H0SR%2F%2BxWa%2BulwUsfpOPvO%2FBGCIc4itndKOi1frMXsgHDsOfS%2BSg%2B6FQP3RldDV184JZd3V0Pw88gCefll27Wgtm%2BWQjPSSzqw9NDtS73AsAQ3d1gK5Z9oXfXPDZPykpMUmoJhevhvXZeR20%2BFAOb6nHkB5C7bO%2FEtWA9Hktsyfppspyagc7G5rfAvZRzu7jLb6ZBMOJKNMvYckAqRg3Bi8vWIpPHogm1NaJOGOfu5LPXRx%2B6xfDUD4gOELd32W76zLjUCeI8gCwp47lrQ1Pwu2nvbjcc0SJ%2FcvwGm8mfRD0w7kxrRnMmWkXD3kJ1t6hYI0BGu98j%2FrKxdgvaqlqUK%2BiJr1leAcYTHZ7CDbxbu82lp%2BQr2ehS4RMIlpBl1WZLntFZ9bxist15rCWyuuVEj%2Bkmd2cr6o5ApK8g%2FsV4uEN3DcxfJ7Qs7SSr55LMhzE2PQVoqGn%2B3Zjn4pBsrCzSw3HOFBHbfE%2FhQNaZxQdwefPjtWaLD%2BJqBiLPctQX7OZhh%2Fr4T9ZbzWaUZq0zdEYOSMP93EXCQi9eD%2FTjp%2Fq%2B4iDoYmGU7hwEQcAIx%2Fefdn%2BQnX1UpzEsPQxA9fp9HqwfsF9QbgF3QnkGPBTHE5YDW5n94CVXvAEnj%2FYrVQE5CnqBq7Y4ihqRHkHXCuUpZXm4ryd5W5cjdGy%2FSV3msJ0jhhmmjjjoZLZHWRadvomoPjs05Npy8X9yslhZ3ylafewhsctpSexRQwD9s4BKtfDbDECoB3ruZV8vd5nzccuQkrBin53%2FeD3HSEDJSvqd4SwTQ9Wn%2BRsUS8R0I8ZEBqUEmFY1IIpc1PXCuA8YupfhLCXRCKgbrnv0X1dTZhGkRG2BMuq2QoRavELQk7PwDepvtFuclHCaICGhF7R2tNtJZxtBkf7zXA3EZIbhIipgmEy2mXntJm4Q175Gzc3tyHYCTQFW7uK6uGfMCc5JZFwL5SU%2FAT4NgDYueLgOCH3v8w8Bi4bBVM45RjQRdm3CqEBXSeTnwPNgReg3gKI0ZfXd27f2X72%2BI5lqRj4wuSHlWmqs57cYqXKvoqyn61U52ddJMTJk4qSff36rjn2PFr%2BtR36oUyEDxSMKoqw7mzgq0RkMThjcdzRMCPL%2FUaUOdEHady8W4rzhvIyNkbm3wia0AxOvrs1yy7DmA%2BleVfFSMRSXZHonu9oM0U7%2B%2BmVjAXZwcFPzj%2F1fpZ51jR8Dw%2BQcp61uQzrWk00Q%2F4Z4q5FZuo8aejqkKiwUY%2FD5a9EN3lwhzV2BufgwmaMsaViIJ21gGZdK%2FmcSxy5fcqdURMFfgZiYCRXsBZYaQ2pHsnHIhGM39YEhDVBAZeIIvbkIid49HmdF7tLkv%2F2OgXr2aR%2FnJqwTQ9Wn%2BRsUc%2Ffldz4aBElUFK73VYwj1GEMpkjoy%2B%2BFU3XGlWCKNKrOXBxFW%2ByS1%2BwfsF9QbgF3QpalNXkVKyKNII07JWDQ7U%2FurqHQWNK9tzNuCDx%2BANUXgqiJM8eB3WLmmEM7776zKxdV%2Bg%2BSC4YfvJwZIOmTJPd9PZHl%2B9l96fNkv%2FzmkGH4cR1hGreVZcLL2T2PbinnVMxqNZuQpF7oC4EbRFv3B7xENNHylFt6qwibl0Gpoo%2F2VfcR9Yp4F2T5xXP2V2OpEKhN%2B3KzDjbIn0i3wMceZsYOSMP93EXCUQc9vfR7U0XOpHZnnAI3qvqPtX537ckf7MzsRxY3pUjvRDzOubTut%2F%2BlTeaWI0F5ozNtcOIDiIcbNfGGGVhIMWY9u8lEDuTxI1KzEFbGGSF69UUb25Z6DUP8ypXjLMXsz68y6AXsBzCBMdZGFWZA%2Br6r%2FGX3uwuYVflDWypvuFqHRYxvXmzoamoG6lAoypi4vEHz3CDXhmeaGhkp2SLiAMqB8BqXD8JkwcENVAO2cA57tZ5%2Biofed9BL9bC8xjM5FuviaNsggGp8OtuOR2GmMb0f9qJ04CMEKNnUT%2F2Zc86sJzuEFJN%2BJ%2FfPJV9qcZGgh6BaGV1Ew1ylwBsH7msOcY6JP5caos3A5WOvWns5F41halK42xmQJqvVOj6W9fMEX9O%2BwCitEMgTlrR%2FfKFVc8BaGeWqbwBtgKAkuJGA6QB5zpm%2BmwYcMVPS%2BCzP4z2kktt%2ByztyCcZa%2FoK8UK3ysy4jPdPrvsJwE77VmTfJYbAS29umBI2cI41ByT1QeyJ9OfK260kb78Yzr4Xt6nECME5fRU29bQ5Zj94UOPn8gmsQDph6ggWlJBaTu7GyqowyCr21Hy7Lhxb65F8Uzg8l922N8%2FM1moeY6PwnSCQM48dI%2BTtp%2BRycStHYywwbwfOY939DVoo0lpZbwooqPb%2BE1XdM5XKfo8m%2BRXhr8WRIGWU&mm_sceneid=1_0_116045295_0&a=xxc%3Dad_ztc%26mi_id%3D0000x2gm8PxTRUhmfVGPTSjVN1e-ppXI_rG_K1xZ9-f44zA%26skuId%3D6021283660400&id=1007485836486
742396685941,三丽鸥HelloKitty盲盒甜心玩伴凯蒂猫手办潮玩公仔摆件生日礼物女,49,¥,券后价,萌趣馆旗舰店,萌趣馆旗舰店,5年老店,1万+人付款,上海,"热销爆款, 退货宝, 包邮",次元优选:IP联名 | 款式类型:大隐藏 | 出售状态:现货 | ACG作品名:HelloKitty | 品牌:萌趣馆,https://g-search2.alicdn.com/img/bao/uploaded/i4/i4/2207572378845/O1CN01dqZ5K02FD4HrPVtFc_!!4611686018427380957-0-item_pic.jpg,//detail.tmall.com/item.htm?id=742396685941&ns=1&abbucket=10&xxc=taobaoSearch&mi_id=0000li6ca8lCqJdTlUaUxorNRislv0JJxhqoaP4Kpz_gUgQ&skuId=6093797395918
743848939152,MINISO名创优品三丽鸥魔法物语系列盲盒摆件单盒潮玩摆件可爱童趣,39,¥,,miniso名创优品旗舰店,miniso名创优品旗舰店,回头客200万,9000+人付款,湖北 鄂州,"退货宝, 包邮",次元优选:IP联名 | 款式类型:隐藏款 | 出售状态:现货 | 品牌:MINISO/名创优品,http://g.search3.alicdn.com/img/i3/127238467/O1CN01r4jF9M2CPwNxYYHOR_!!0-saturn_solar.jpg,http://click.simba.taobao.com/cc_im?p=%C3%A4%BA%D0&s=16568307&k=2201&e=IL%2FwtI6xKCkj24vXyjdyTisk6H0SR%2F%2BxWa%2BulwUsfpOPvO%2FBGCIc4itndKOi1frMXsgHDsOfS%2BQYwKirWb65p9jucU8gorfeu2x0BYXgjMAVVXyjy1cuUCSzqw9NDtS73AsAQ3d1gK5Z9oXfXPDZPykpMUmoJhevhvXZeR20%2BFAOb6nHkB5C7bO%2FEtWA9Hktsyfppspyagc7G5rfAvZRzu7jLb6ZBMOJKNMvYckAqRg3Bi8vWIpPHogm1NaJOGOfu5LPXRx%2B6xfDUD4gOELd32W76zLjUCeI8gCwp47lrQ1Pwu2nvbjcc0SJ%2FcvwGm8mfRD0w7kxrRnMmWkXD3kJ1t6hYI0BGu98j%2FrKxdgvaqlqUK%2BiJr1leAcYTHZ7CDbxbu82lp%2BQr2ehS4RMIlpBl1WZLntFZ9bxist15rCWyuuVEj%2Bkmd2cr6o5ApK8g%2FsV4uEN3DcxfJ7Qs7SSr55LMutREvU1TPbQzNsXg%2Fsbqdirm05i%2B%2FEw0iiHIPHMoQg1j0sWggk8gGFNz7O7Vs0Hf%2FmwSPXIvv47nf9%2Fz9RzaRICfGKbHomWXAuXHxInONPMQSFd7UG0WwDggI%2FfGYM4yyXn3b3tvQBcCmVXMYsSt%2B0aUQbqWcDSUyhk8qKfMhHQySaPnRzcKuvoakiI7A9kjs9Nurfo15K4QSFd7UG0WwBbVdc1iGXcb995ESuERj5DhGOHyOlhcBPeqhUl0bPnx829gbpv%2FXR8%2FrDLr8xDS85IuEGD3iVDvhmfy%2FI4W7x9NPo0Gru8%2FmaW20MCVDSBmogfYEVg5iDypGSFNisWobXJCE5jRJ8g60OzxTd8pZOTfmn4Mv1Z9rTB32P4kylXcLALk3YiaTox87vpswHGAErP0IoNyDVf0F6N5FihLq1EtprC1K%2FZEPwFd4mFtd4J0aXE8mqcZjborid46NkhXNyxY6PMvDVNXYrcyd9Wlxabl%2FCb9BDwWltuPQD2xt78syEUGJtp371Bc61%2BcBpY%2FG6a4vH2alS0tFuy5zMdcDBwUM%2BKxUXCVTO1vszUKCV8kaMxZGSGhWXVcRq0GLK6ISW2enQCtw4SKoF2axroRivZ%2F5syXSuCP4JOwzBYzzJd5aQd0Cpy2eIajVbXnYusw3LJUoVL1WIK8D4nvsa82OnWH9YzTiNiDzAPID56FOq8EYxbK%2BxRMejtqbld2iMByaR761PSmC%2F9jpd0xbB9QaXzh5Fv9pB7ZmVD7on1gCMact2Cz6mmGua%2B6UQvtqnhtWpwiflj%2Fw9JlzlqPlFVp7cge5BCUijuyernIZK8lxDBfB6eSwvQFopN2Vh4hZm7nOdnvKSwca%2F67jmESbzYiULLF9aSqMMD50CMt359WOWwj72Uw8RT69Y%2BE%2FG0nD3kRGPsRgszAnfFP6qNFVuFrepqbIumajD82qIeeIIlCTFQD4409Q9DUDTmJKzM1tfLXhOWOWzq55ipEOPajuf%2BZE%2BvXRNSxGOu9Xydjr3Qm6WXOj8LefHctm9IePURmvetDtCmtjEbhox03J2OvdCbpZc6dPkxYdYNXm96cIqRN5R71jchs3u7ayqW5J%2FIIZbP3zeZAkiqday1ZFtHd57UDwqTIbEEoSxCvMh%2F3p1smr7sfZ43a%2FDSspE6nHdVMoEmEB99Fs4U05sdhnzPvZ0j683wN0sbJzcaMaM4uuluBxf11tY8pFDAk0r9XvBKRhdRApPNp%2B6MVhUtLaZ9R8nQ1BZ9IebrOx56zsx9GXpvq1ZUQtWZvAE%2B9VgbaaYgHRf6UyeXyMqPJpuFVv6ANEs%2BbMFFE1he70i4Ihbb9nBLG%2BtS5ls9YcGCIhscml9PeOhLylfD%2Ffbh71tpqw57ou2OW6%2FiaWeLiE%2B%2F1SUAkgkFIXI7jwpIUuIAZlziP%2BHq83fH0M4hSrTHvueX%2FGZVD5huPrXHdJ7TDC40EYnl6hxPOCj%2F8ySdvgmd6iRAw9ElLLBTKdn1wCcDq%2FMO6HEE0hUTwuG97oqUAFePdMfN1Ep4ozC6rH5p%2BDL9Wfa0wd9j%2BJMpV3CwC5N2Imk6MfO76bMBxgBKz9CKDcg1X9BejeRYoS6tRKHI2XhnJ3ZOtuPJDMSUHlcyqrDgFBnVSPHA4If5WLTYAgfIWugb5zu47QcyQ4%2FDOmNizEdrSexhhzce7W%2Bm3gBrSlkaxDTbAzSCNOyVg0O1P7q6h0FjSvYTuEK%2Fi3V1eA%3D%3D&mm_sceneid=1_0_127238467_0&a=xxc%3Dad_ztc%26mi_id%3D0000ciZWTC9iTp2jI3y27Q2EKYNLitTF8l2SOwm8UDDTUTM&id=743848939152
927921625625,TOPTOY三丽鸥家族星夜派对魔法师盲盒手办桌面摆件酷洛米女生礼物,69,¥,券后价,toptoy旗舰店,TOPTOY旗舰店,回头客9万,600+人付款,广东 广州,"官方立减12%, 淘金币已抵0.69元, 退货宝, 包邮",出售状态:现货 | 品牌:TOPTOY（玩具）,https://g-search3.alicdn.com/img/bao/uploaded/i4/i4/2211430099222/O1CN01XxIlG02HzjXlbUjjW_!!4611686018427382038-0-item_pic.jpg,//detail.tmall.com/item.htm?id=927921625625&ns=1&abbucket=10&xxc=taobaoSearch&mi_id=0000zq6jyBrUsfTSaeChS95ZFkW1h0DBLoRq8xQXN67MqRk&skuId=5864573443267
983940229912,九木杂物社NONO SOVA迷雾镇童谣系列盲盒潮玩手办可爱摆件玩公仔,86,¥,券后价,郑慧中123,MIDI迷底杂物社,,100+人付款,广东 广州," 3期, 店铺满11减10, 48小时内发, 包邮",款式类型:端盒 | 出售状态:现货 | ACG作品名:DC漫画系列 | 系列类型:联名系列,https://g-search3.alicdn.com/img/bao/uploaded/i4/i4/2075261179/O1CN01INitxY1Ka23aDZR0w_!!2075261179.jpg,//item.taobao.com/item.htm?id=983940229912&ns=1&abbucket=10&xxc=taobaoSearch&mi_id=0000iqRECclQkR-FbYLHQUePwgBlcT-XfI8650AwR_ahxFc&skuId=5945601165886
1001835398935,KOILAND另物赏甄嬛传盲盒,79,¥,,另物赏旗舰店,另物赏旗舰店,回头客1万,600+人付款,广东 东莞,退货宝,单款概率:1/8 | 款式类型:隐藏款 | 出售状态:限量发售 | 系列类型:联名系列 | 品牌:另物赏,https://img.alicdn.com/imgextra/jz3_2/2208289719268/O1CN01pTnH7J2IKnqrvQR2i_!!2208289719268-0-alimamacc.jpg,http://click.simba.taobao.com/cc_im?p=%C3%A4%BA%D0&s=16568307&k=2433&e=h7H%2B5%2F1Mlg4j24vXyjdyTisk6H0SR%2F%2BxWa%2BulwUsfpOPvO%2FBGCIc4itndKOi1frMXsgHDsOfS%2BRwLFNHJx%2BvUkSYs5vwVsiK9geXd5RIWhsVVXyjy1cuUCSzqw9NDtS73AsAQ3d1gK5Z9oXfXPDZPykpMUmoJhevhvXZeR20%2BFAOb6nHkB5C7bO%2FEtWA9Hktsyfppspyagc7G5rfAvZRzu7jLb6ZBMOJKNMvYckAqRg3Bi8vWIpPHogm1NaJOGOfu5LPXRx%2B6xfDUD4gOELd32W76zLjUCeI8gCwp47lrQ1Pwu2nvbjcc0SJ%2FcvwGm8mfRD0w7kxrRnMmWkXD3kJ1t6hYI0BGu98j%2FrKxdgvaqlqUK%2BiJr1leAcYTHZ7CDbxbu82lp%2BQr2ehS4RMIlpBl1WZLntFZ9bxist15rCWyuuVEj%2Bkmd2cr6o5ApK8g%2FsV4uEN3DcxfJ7Qs7SSr55LMl3kZpGUiVdh2usIpIRoCKB2NLzUPoN%2BliiHIPHMoQg1j0sWggk8gGFNz7O7Vs0Hf%2FmwSPXIvv47nf9%2Fz9RzaRLRfaeRJqWd3OKDxSqBpZeHL6gqs%2F28VSW6L8nbXfYOHgvqIT1w0yoiuzz7ruclHP%2BPNHO2AjIPmCZUvtRn9TYJWiq2f0XbXSC7Mk4UDkGnEbwj6tvngfb298V%2FxLU6OxuAOrmWXnZRUCKrfKSda3DR7wH65HCiIBeNEp6%2FCtOBEVTEPNpFQL3s%2FS%2BNOaLgtCFF5e7bZgWOlNqCo96LJYZbg0e27OaNHubcd4YckyFtFClmrHfxzPUp9THQGLZhhmkM3LWEZxFeprCMSl9cb4dQTe5Rtqbj0zEKmYN%2BoG0945sIhIESRsyguIz3T677CcBO%2B1Zk3yWGwEtvbpgSNnCOqXh44BhzU61VPBi8hxziv%2F4z9Qx3REILATFuTuMt8FfffsFAsHFk%2FFVbzTwX6iNTrDKH6P7WsM0jBL7gOZvaXRQeL6r7Ciw8%2FbHKIvGFt0euJ3jo2SFc3NwXLSJ9Sq9wUb62hX0UN7hJC4ZZGSO%2BYRVUAWtFhAIJyaOXOFabP3tsoj9pVc1ui2NoF9Tw5BwprCOcC8aPzr2XDNxptD%2FpZUz%2FECjEwlRggZ5%2Bhd7cfuo5eBllt5c6dOJKhDbK13danc0vQ9vtBP0jDoBdr4FP1HTIGtxRTCZOrLQVB2iDd6FSzuRz7Wdh9UJlsqpxiEhwAyTJQ3ha0dQl265PFaWH%2BEJN4kGMUiSzOD7nEi1Lcti6%2BBV2DEXbACKsWz4WMGKml02JiCgont4Yf90tl69RDWwziz%2B%2BhCTNwyTnhLzEbACpXFRW4IHsFDh8wgBHTagQDqEWsZ71A%2BWdOFhopnN4jhssm%2FnATywP1owwMFPHd5U1daI%2BFGbwqisJEhMKFmw%2FHnKE63y5RlcO9luTLikitM%2Ffldz4aBElUFK73VYwj1E1Daci5fsx7MVSL7fcSGSMo3wtdxz7tU8iq3yknWtw0bbrvnbRBg2oNII07JWDQ7U%2FurqHQWNK9tzNuCDx%2BANUXgqiJM8eB3WLmmEM7776zKxdV%2Bg%2BSC4Y%2B0a8%2FSN5WBhbPbSfteL4wB5aA%2FcLmsDNIMXOBVD7rPMCPrPFaKWGTw1I1PoU%2BLdBhJEugODmLyTxENNHylFt6leno3DRfaQJvl422bUviTmT5xXP2V2OpEKhN%2B3KzDjbK5j4hNnh70Hcd4YckyFtFPaqHlxq5R0xOpHZnnAI3qvqPtX537ckf7MzsRxY3pUjvRDzOubTut%2F%2BlTeaWI0F5ozNtcOIDiIccXblnw%2Bhu7fx6BEuRgSGyPS%2BUVzGvFWmaecJs2PnjFFq69u8mxaGvFAeKdOpKWJvZa4RIA01jBwf7m3CNDH66z94UOPn8gmsO06%2BRJeRzLb5RQjN6Pa%2Fynthquwt750%2BGSZNs4DXoqVR0yCI507%2B0kFg6l%2FnzzqDvUWuuNZHjvayNEwc5Mpu7dlLGgY0N8tpkcNjhd%2FqkKKajDqDLhtXqZcXnBwZDDe2BGH2g37xUl5AzGz%2F1n96Pwnsg1nHEy3pvCDjplm0icLhtjU4%2Fu2lQ6ZGgPCJZYM%2FCfUuMRIHOmQM3nDJFgnEdHDHe78HnnJuD9ssO9nvi%2F2COhiwU04KK1hN122Lg1kcbiBPN20J%2BNUUvKXhnMFosMcGRSx%2B%2BdRO1owwMFPHd5WTgSCLPAErsfmgMK5%2F04%2B8oSw59tGnxhh%2Bi83pK8A1QoA5shBfFb9jhzvxJrY%2BikrzwL%2Fsz3FbJ4Z4vXEF4pQprDKH6P7WsM0QMHeDXAyaMD94UOPn8gmsZwqMXHbNp4BQGawTnZkPyEZDCaj8dmFkCvM4Am0KaqwQWK9E3X8%2BVMVSL7fcSGSMG06GHYheeoqot05npUG1iqqUkgs7ckOtu8lUEpu4kBoJd3wySTG7Va0RFSKckXeT&mm_sceneid=1_0_1299290200_0&a=xxc%3Dad_ztc%26mi_id%3D0000c9_r1AcKzXRWlWiRgAHMA1e1ofnkeTAYCnoZv1DjVos%26skuId%3D5992327185561&id=1001835398935
753556018050,哆啦A梦手办摆件招财香薰系列正版盲盒公仔叮当猫潮玩偶新年礼物,209,¥,券后价,rockspace旗舰店,rockspace旗舰店,8年老店,600+人付款,广东 东莞,"超级立减20元, 退货宝, 包邮",款式类型:特别版 | 出售状态:现货,https://gw.alicdn.com/imgextra/O1CN01pcF6FE2DYTbXS02hF_!!3406078621-0-picasso.jpg,//detail.tmall.com/item.htm?id=753556018050&ns=1&abbucket=10&xxc=taobaoSearch&mi_id=0000tGSblkghjkxSWopBd3rSYv31DpwlT8HFjlZkHmwnvIc&skuId=6005006104836
,,,,,,,,,,,,,
998400548782,官方正版多事猫系列蜡烛猫手办盲盒可爱摆件卧室桌面烛光小夜灯,49,¥,券后价,paws鳯爪,PAWS MARKET,,700+人付款,广东 广州,"官方立减12%, 退货宝, 包邮",款式类型:隐藏款 | 出售状态:现货 | 系列类型:联名系列 | 品牌:PAWS NOVA,https://g-search1.alicdn.com/img/bao/uploaded/i4/i1/2217041534955/O1CN01jKIKhC1mTRc6fpbhD_!!2217041534955.jpg,//item.taobao.com/item.htm?id=998400548782&ns=1&abbucket=10&xxc=taobaoSearch&mi_id=0000fIPQdoUeumcK9-Ixk4t3xIAxKazERqx5cVu70lRBYhA&skuId=5978527008214
986633245113,"[新年礼物]PLZDOT官方爱宠大机密""小白的生活""盲盒兔老大玩偶公仔",69,¥,首单价,plzdot旗舰店,PLZDOT旗舰店,,2000+人付款,广东 东莞,"官方立减12%, 直降6元, 淘金币已抵2.07元, 包邮",出售状态:现货 | 品牌:Plzdot,https://g-search3.alicdn.com/img/bao/uploaded/i4/i4/2218599385996/O1CN015LDNUL1uADuKwY8ry_!!4611686018427382668-0-item_pic.jpg,//detail.tmall.com/item.htm?id=986633245113&ns=1&abbucket=10&xxc=taobaoSearch&mi_id=0000K7qyrvOvxTho2-I2mPQd1Twq4qgkvdtBcM6v0vpQ2wM&skuId=6114768634317
1008168386906,KOILAND另物赏甄嬛传盲盒,1264,¥,,另物赏旗舰店,另物赏旗舰店,回头客1万,11人付款,广东 东莞,"退货宝, 包邮",单款概率:1/8 | 款式类型:隐藏款 | 出售状态:限量发售 | 系列类型:联名系列 | 品牌:另物赏,https://img.alicdn.com/imgextra/jz3_2/2208289719268/O1CN01pTnH7J2IKnqrvQR2i_!!2208289719268-0-alimamacc.jpg,http://click.simba.taobao.com/cc_im?p=%C3%A4%BA%D0&s=16568307&k=2433&e=zplTdrUp5nQj24vXyjdyTisk6H0SR%2F%2BxWa%2BulwUsfpOPvO%2FBGCIc4itndKOi1frMXsgHDsOfS%2BRwLFNHJx%2BvUkSYs5vwVsiKXaDM%2B8zVrNgVVXyjy1cuUCSzqw9NDtS73AsAQ3d1gK5Z9oXfXPDZPykpMUmoJhevhvXZeR20%2BFAOb6nHkB5C7bO%2FEtWA9Hktsyfppspyagc7G5rfAvZRzu7jLb6ZBMOJKNMvYckAqRg3Bi8vWIpPHogm1NaJOGOfu5LPXRx%2B6xfDUD4gOELd32W76zLjUCeI8gCwp47lrQ1Pwu2nvbjcc0SJ%2FcvwGm8mfRD0w7kxrRnMmWkXD3kJ1t6hYI0BGu98j%2FrKxdgvaqlqUK%2BiJr1leAcYTHZ7CDbxbu82lp%2BQr2ehS4RMIlpBl1WZLntFZ9bxist15rCWyuuVEj%2Bkmd2cr6o5ApK8g%2FsV4uEN3DcxfJ7Qs7SSr55LMl3kZpGUiVdh2usIpIRoCKB2NLzUPoN%2BliiHIPHMoQg1j0sWggk8gGFNz7O7Vs0Hf%2FmwSPXIvv47nf9%2Fz9RzaRLPscA%2B1JeFXzB%2FG5U1u7EML6gqs%2F28VSUGI25pB9n6TX3QmKyVX0pvJwwoN1yDckzlDzP3FfEcV6yICKQeu%2BhD5lhlx6hXbAgcBSX%2Bnn3%2BLXaU9kUCwX1a98V%2FxLU6OxuGIA7dcop6%2FrfSwhjULH%2BsF29tQcEztmGNEp6%2FCtOBEVTEPNpFQL3s%2FS%2BNOaLgtCFF5e7bZgWOlNqCo96LJYZbEiGnETm4xdHCFTYdXkNw%2FAdWTxhOpQDnSklm3iM8mf7TK%2BK%2BSPl1rLCMSl9cb4dQTe5Rtqbj0zEKmYN%2BoG0945sIhIESRsyguIz3T677CcBO%2B1Zk3yWGwEtvbpgSNnCOqXh44BhzU61VPBi8hxziv%2F4z9Qx3REILATFuTuMt8FfffsFAsHFk%2FFVbzTwX6iNTrDKH6P7WsM0jBL7gOZvaXVyfS9D2tSFNoqvWfKfLpAquJ3jo2SFc3MsPKrRquUN9aOGjcWpYajNJC4ZZGSO%2BYRVUAWtFhAIJyaOXOFabP3tLo%2BolV%2B55LWNoF9Tw5BwprCOcC8aPzr2XDNxptD%2FpZUz%2FECjEwlRggZ5%2Bhd7cfuo5eBllt5c6dOJKhDbK13danc0vQ9vtBP0jDoBdr4FP1HTIGtxRTCZOrLQVB2iDd6FSzuRz7Wdh9UJlsqpxiEhwAyTJQ3ha0dQl265PFaWH%2BEJN4kGMUiSzOD7nEi1Lcti6%2BBV2DEXbACKsWz4WMGKml02JiCgont4Yf90tl69RDWwziz%2B%2BhCTNwyTnhLzEbACpXFRW4IHsFDh8wgBHTagQA9yM%2FBbQHgjZm18KQjcytuvyXlZDG9bV1owwMFPHd5XEjqPiP3yrqVnwUCgU3dFgHnKE63y5RlcO9luTLikitM%2Ffldz4aBElUFK73VYwj1FrPllwmLcZuwSp7owxP1zQOXBxFW%2ByS1%2B30sIY1Cx%2FrJx0DmfF5wWcNII07JWDQ7U%2FurqHQWNK9tzNuCDx%2BANUXgqiJM8eB3WLmmEM7776zKxdV%2Bg%2BSC4YPRnAD0%2BFe1Gm1yp8mUL10lLFQBCV8f1iSluk9J5VH%2BQEXQBbojw9dfebUBu1%2FdU4%2ByvoxPguXEPxENNHylFt6mbu4TzOAgjdt669CcTlunST5xXP2V2OpEKhN%2B3KzDjbHPo%2BT3GbHcvCFTYdXkNw%2FEQc9vfR7U0XOpHZnnAI3qvqPtX537ckf7MzsRxY3pUjvRDzOubTut%2F%2BlTeaWI0F5ozNtcOIDiIccXblnw%2Bhu7fx6BEuRgSGyPS%2BUVzGvFWmaecJs2PnjFES%2FnC5SZw1jYhoH8tuVzE%2FZa4RIA01jBwf7m3CNDH66z94UOPn8gmsO06%2BRJeRzLb5RQjN6Pa%2Fynthquwt750%2BGSZNs4DXoqVR0yCI507%2B0kwJNoGeAzGfvUWuuNZHjvayNEwc5Mpu7dlLGgY0N8tpkcNjhd%2FqkKKajDqDLhtXqZcXnBwZDDe2BGH2g37xUl5AzGz%2F1n96Pwnsg1nHEy3pvCDjplm0icLhtjU4%2Fu2lQ6ZGgPCJZYM%2FCfUuMRIHOmQM3nDJFgnEdHDHe78HnnJuD9ssO9nvi%2F2COhiwU04KK1hN122Lg1kcbZKtS%2B%2FmVwIUvKXhnMFosMcGRSx%2B%2BdRO1owwMFPHd5WTgSCLPAErsfmgMK5%2F04%2B8oSw59tGnxhh%2Bi83pK8A1QoA5shBfFb9jhzvxJrY%2BikrzwL%2Fsz3FbJ4Z4vXEF4pQprDKH6P7WsM0QMHeDXAyaMD94UOPn8gmsaWRUyNZY2UX2vVeVzPIsQzG3Twg65rg6y6mtdtW9KxmxTCKaZrRVDASp7owxP1zQM6uUOXAYhlaXUmZEj2LqG6qUkgs7ckOtu8lUEpu4kBoJd3wySTG7Va0RFSKckXeT&mm_sceneid=1_0_1299290200_0&a=xxc%3Dad_ztc%26mi_id%3D0000lbV2nLsTGT8qJQXDANMeldUaVvLrjkK19Y8jzH5Rty0%26skuId%3D6007882033105&id=1008168386906
862663961210,正版toptoy三丽鸥搪胶毛绒三代精灵兔系列盲盒潮玩手办公仔礼物,81.58,¥,券后价,tb086198083,潮玩集合社,回头客4万,3000+人付款,广东 广州,"店铺满11减10, 48小时内发, 包邮",款式类型:端盒 | 出售状态:现货 | 系列类型:联名系列 | 品牌:TOPTOY（玩具）,https://gw.alicdn.com/imgextra/O1CN01wRE7ds1qROJYm1oy5_!!2224965492-0-picasso.jpg,//item.taobao.com/item.htm?id=862663961210&ns=1&abbucket=10&xxc=taobaoSearch&mi_id=0000AlRih_2UceCZo7pLj6oquZG_mPAhczid-ztSLM7bNMA&skuId=5681946776229
839644635013,初音未来手办盲盒摆件生日礼物玩偶周边娃娃送女孩女生新年礼物,55,¥,券后价,蓝渔小镇少女与猫,啵啵啦童心城堡,,600+人付款,河北 石家庄,"官方立减12%, 退货宝, 包邮",出售状态:现货 | 适用年龄:6周岁以上 | 款式:静态,https://g-search3.alicdn.com/img/bao/uploaded/i4/i3/2212788848622/O1CN01549zqv2DYvwSUKY91_!!2212788848622.jpg,//item.taobao.com/item.htm?id=839644635013&ns=1&abbucket=10&xxc=taobaoSearch&mi_id=0000Is3CD5UfhXStn3NajEGj7YXA-pVO4m1uRHGLbRDmxfg&skuId=5771730694467
962956900314,"PLZDOT官方插画小人""好运来""MINI盲盒公仔打工人桌面摆件抽象礼物",39,¥,,plzdot旗舰店,PLZDOT旗舰店,,3000+人付款,广东 东莞,淘金币抵1.1元,款式类型:隐藏款 | 出售状态:现货 | 品牌:Plzdot,https://g-search2.alicdn.com/img/bao/uploaded/i4/i2/2218599385996/O1CN01C3mbqa1uADtHApydj_!!4611686018427382668-0-item_pic.jpg,//detail.tmall.com/item.htm?id=962956900314&ns=1&abbucket=10&xxc=taobaoSearch&mi_id=00007ppf2XddW8_iiXJdpUi0jb8pC41qdABQDkuVkiRmUuc&skuId=5895868528945
940093928212,日本动漫女生手办福袋初音二次元美少女蕾姆盲盒阿尼亚性感模型,10,¥,,luyutao_hehe,女大学生手办福袋屋,8年老店,4000+人付款,广东 惠州,"48小时内发, 包邮",出售状态:现货 | 适用年龄:3周岁以上,https://g-search2.alicdn.com/img/bao/uploaded/i4/i2/845811120/O1CN01NJy5141K90ernSPdD_!!845811120.jpg,//item.taobao.com/item.htm?id=940093928212&ns=1&abbucket=10&xxc=taobaoSearch&mi_id=0000tr_zwPmieTY3jcpkThGx2SFIAcBIt6o_n9q7jo6z_6o&skuId=5834395788013
745205516644,手办定制盲盒公仔PVC卡通摆件钥匙扣企业吉祥物树脂玩偶玩具定做,10,¥,,tb4914932656,深源礼品定制,,36人付款,广东 东莞,公益宝贝,,http://g.search.alicdn.com/img/i4/5157336262/O1CN01QAWLg41w83B1HMuYa_!!4611686018427385030-2-saturn_solar.png,http://click.simba.taobao.com/cc_im?p=%C3%A4%BA%D0&s=16568307&k=2189&e=GvB1pTVQ5HQj24vXyjdyTisk6H0SR%2F%2BxWa%2BulwUsfpOPvO%2FBGCIc4itndKOi1frMXsgHDsOfS%2BS3cQOxYBvbEXG4dF8Bh6Yc42uSHIt%2FQ3O7Wgtm%2BWQjPSSzqw9NDtS73AsAQ3d1gK5Z9oXfXPDZPykpMUmoJhevhvXZeR20%2BFAOb6nHkB5C7bO%2FEtWA9Hktsyfppspyagc7G5rfAvZRzu7jLb6ZBMOJKNMvYckAqRg3Bi8vWIpPHogm1NaJOGOfu5LPXRx%2B6xfDUD4gOELd32W76zLjUCeI8gCwp47lrQ1Pwu2nvbjcc0SJ%2FcvwGm8mfRD0w7kxrRnMmWkXD3kJ1t6hYI0BGu98j%2FrKxdgvaqlqUK%2BiJr1leAcYTHZ7CDbxbu82lp%2BQr2ehS4RMIlpBl1WZLntFZ9bxist15rCWyuuVEj%2Bkmd2cr6o5ApK8g%2FsV4uEN3DcxfJ7Qs7SSr55LMlgnOyRePpm%2BPT3axt%2FkCO6sMc5dOdwaoFf21PSNoycyISIAAjaEZACD5Q9EqkKywbn0pkUAZ1jF3nc%2FNoCpOAMnY7Vt4bhxiPJa5r8%2BPS1hAqDB6VybZ1xsTYMnNpI%2BN8bHO4fxWw4%2BgCesWgLTpD15UejP7Fe2sRJIpN0r9zVXej3mrwYYYb7JZlf37ovyxGGPQJoe9Ix218ChDV0RsCeEY4fI6WFwE3XmV%2F2tCjhAg66iCxM7nHr6tqzZEKltqZHD2MLVXrrD%2FFHOyMSawjqfdmSN0IlNB2FKPaOdYNBpP5nWs5c7qiBc8NWY3T8tQ9KjYG6%2BKwGnxh8WZCfnrwfE4%2FFLnYokmw%2F7Cr5hURLk0qNgbr4rAafjsFyucyjvRK2JQn5AzZRK53pnDEOrUSCoW%2FtHn742pn5on6FytZplYQQd2gZoEkNmqY5LDvLrwx%2FMVK0Zs1jAOvtnIAy%2BIAb6Xrmsvo6hyYfut9zaj6KvQx3m4BeAfKsl%2BQl%2BJ1hr9O6R%2BpDKexz4%2BpJBvzF3K3XqS0QNYt%2F3Tz1y1w4d2pZGWycIPkdKIbq5AQ2kiQIyqzPsazSITYBF0Sv3DEqr2ynC%2FXBsj%2BvtL43N5c7NJ1bTM68weVJpKBYuCj2R2ROw61NE4imrggH3GAYFGLdCRE1shicF5cFxNLZnBnm9tAU4D%2BxKShubjw0CuBj034duixEbsy%2BFmHyXix3rP0qFy56%2Fs2rgU5ghnrItoCqV1nGOLlez7DEGBlkGQv1yE6OMgqtGddG0s4hPbBxqHR8HBHASSKTdK%2Fc1V3o95q8GGGG%2ByWZX9%2B6L8sRhj0CaHvSMdtfAoQ1dEbAn71LjFYbz20J5Rvv704fwli3lk6pETqxzDzGC11g3rTSpHw0XGaLtqSPbg90Hl5bKEZYTVRunSXbZB%2FFxgWhNzzlwcRVvsktfghj5gBJGM4WI3Uv8QIzRGTSCNOyVg0O1P7q6h0FjSvbczbgg8fgDVF4KoiTPHgd1q7SO3i4JbTSwRqx3o3Xi2mlGfoJq4TOtNw7fsj7jAknpRC%2B2qeG1amw%2Fox5Og%2F3caUZ%2BgmrhM63vh9nlqO1P%2BzqR2Z5wCN6r6j7V%2Bd%2B3JH%2BzM7EcWN6VI70Q8zrm07rf%2FpU3mliNBeaMzbXDiA4iHLCzSIEQH2s29JFcGVGA%2BLv0vlFcxrxVpmnnCbNj54xR0tiqk%2BRARJ2I8IGotYwfUWhoGShfP%2F%2Bcb0UlzHE3kZWhC9qTO8OHNzT%2BALAeQIFjvnlzBLLVGBcZJk2zgNeipVHTIIjnTv7SfDgCMKyyS8Pt6K7uBN3DR2eFK8fYVSu3XTbTtk52iZHb9nBLG%2BtS5l7i0BtSWB9487ebSyA8Q4I2rCAzQUMDwX3YKp1pWhuMuFd63NjaMUgQcOgdYKMcmxtw2XhxJXyrr20Ddh9V2d4XHtR3TOt9%2Fp95lT%2B1s8%2Bid%2Bu1dK%2BPHmBVtrxPR0EQ6tKjYG6%2BKwGnZUh%2BJxG%2BxjMP2yw72e%2BL%2FYI6GLBTTgor3Vc0bC6tIEis3ok4CWmzo3OtGCc0eT6iqI89RyyzOMq%2BL4aC8I2%2B5Z%2B3g1YLyCm7sJdEIqBuue9%2BfHSTweyxeZ2w2cFMrzpjtkvN0%2BCq7RQDxB0%2Fr6WXx4fut9zaj6Kvxx829ZRFuFSRpBa6NvkfTESLrg%2FZrUsD3f0NWijSWllvCiio9v4TVd0zlcp%2Bjyb5FeGvxZEgZZQ%3D&mm_sceneid=6_0_5157336262_0&a=xxc%3Dad_ztc%26mi_id%3D0000UzdYDgl-VUwE4D3FPtkMc5VWL57_13QAqkAJAYkh4qw%26skuId%3D5789979483490&id=745205516644
722790352546,古风盲盒时遇春风2026网红新款女孩手办可爱摆件送女生生日礼物,20.8,¥,券后价,徽州古语,悦潮玩,5年老店,900+人付款,安徽 合肥,"官方立减12%, 淘金币已抵0.83元, 退货宝, 包邮, 公益宝贝",款式类型:隐藏款 | 出售状态:现货 | 系列类型:联名系列 | 品牌:昌栋工艺,https://gw.alicdn.com/imgextra/O1CN01jrvMGP1oT6Z7VsYBU_!!3170375225-0-picasso.jpg,//item.taobao.com/item.htm?id=722790352546&ns=1&abbucket=10&xxc=taobaoSearch&mi_id=0000sL6FNzQ19wZmoG57mOERd47wIzPrhU9RqBEiucYX_EI&skuId=5196406410424
969182873262,POPMART泡泡玛特 王者荣耀峡谷萌新-峡谷感谢季系列盲盒摆件手办,55,¥,券后价,tb160998713,SP正版盲盒店,回头客10万,2000+人付款,浙江 台州,"店铺满39减5, 48小时内发, 包邮, 酷动城",款式类型:隐藏款 | 出售状态:现货 | 品牌:POP MART/泡泡玛特,https://g-search3.alicdn.com/img/bao/uploaded/i4/i4/2208399554429/O1CN01gsulSW1iaXGDIBI5K_!!2208399554429.png,//item.taobao.com/item.htm?id=969182873262&ns=1&abbucket=10&xxc=taobaoSearch&mi_id=00008FHXs1S-Kh3y1slggXAivao62MrCmqOHDNXU81SlwqU&skuId=6081894414739
971564684810,POPMART泡泡玛特泡泡萌粒 晚安夜空系列公仔（1粒装）盲盒摆件,15,¥,,泡泡玛特旗舰店,泡泡玛特旗舰店,回头客20万,1万+人付款,江苏 苏州,"热销爆款, 退货宝",款式类型:隐藏款 | 出售状态:现货 | 品牌:POP MART/泡泡玛特,https://g-search2.alicdn.com/img/bao/uploaded/i4/i2/2885348004/O1CN01O1Vk6p28ztE0Y1FaW_!!4611686018427382436-0-item_pic.jpg,//detail.tmall.com/item.htm?id=971564684810&ns=1&abbucket=10&xxc=taobaoSearch&mi_id=0000AUNPlsjt36CIpJrS_rPrJhQWQpiYBwuKE9HorC5wiGU&skuId=5932785112628
897757611421,Cup Rabbits卡布兔潮玩盲盒手办玩具女孩毛绒娃娃玩偶小礼物摆件,60.7,¥,券后价,卡布兔旗舰店,卡布兔旗舰店,,100+人付款,广东 深圳,"官方立减12%, 新品, 退货宝, 包邮",单款概率:1/6 | 款式类型:隐藏款 | 出售状态:现货 | 品牌:Cup rabbits/卡布兔 | 款类型:隐藏款,http://g.search3.alicdn.com/img/i3/7465007087/O1CN01iRi40F22Du2BSCQ6h_!!4611686018427385839-0-saturn_solar.jpg,http://click.simba.taobao.com/cc_im?p=%C3%A4%BA%D0&s=16568307&k=2381&e=%2BH0X%2FMNlQNQj24vXyjdyTisk6H0SR%2F%2BxWa%2BulwUsfpOPvO%2FBGCIc4itndKOi1frMXsgHDsOfS%2BQRzSZxgunl8U2J9LdYoN7jcQO5hnYFUUmO20dBkS6JsiSzqw9NDtS73AsAQ3d1gK5Z9oXfXPDZPykpMUmoJhevhvXZeR20%2BFAOb6nHkB5C7bO%2FEtWA9Hktsyfppspyagc7G5rfAvZRzu7jLb6ZBMOJKNMvYckAqRg3Bi8vWIpPHogm1NaJOGOfu5LPXRx%2B6xfDUD4gOELd32W76zLjUCeI8gCwp47lrQ1Pwu2nvbjcc0SJ%2FcvwGm8mfRD0w7kxrRnMmWkXD3kJ1t6hYI0BGu98j%2FrKxdgvaqlqUK%2BiJr1leAcYTHZ7CDbxbu82lp%2BQr2ehS4RMIlpBl1WZLntFZ9bxist15rCWyuuVEj%2Bkmd2cr6o5ApK8g%2FsV4uEN3DcxfJ7Qs7SSr55LMtNGSnKsUfcQDhCK%2FDvXKLW0gA7Fb5uq1fAwjCpPa84pb9v7kVKARoG%2FXBCrcosAMS1rtI3KOuTT8v%2F3bKzoJCQjWEOlElBJPdrPfakTzEIYK0TtP5bohczSnBPI%2B%2FyJslIKQ%2B%2F6Cb3kJ1v4q3aoz98uYAPImM3rz1tOaGxNjRZyzgb8OoeXAh9OIQIsBq6T0QcPzNFlknRAOU3uKILZFkqrpSaY5O0qZIW2kUGcNwNbhj9okgjT3x0%2BLk263pseC2HBmQda7dil%2FFrZ%2FqqH54vyaFqOKL8AENZwjPYuFMACqA1FyaFqI9yMj302Vdtw0I4jzne2n5TyT7UR3gnr%2BokvEdCPGRAalL0PjkRdtG61TsxsUgOwdqewl0QioG6579F9XU2YRpERtgTLqtkKEWrxC0JOz8A3qb7RbnJRwmiAhoRe0drTbSWcbQZH%2B81wNxGSG4SIqYJhoMThA%2BtUQr6mfUfJ0NQWfRcCpfk%2FFX190khVqrCxe2LRi4PDDeUEfa%2FWPjQ7Pb5meYVyRpoPR7RLw6%2FVNpYw8TUG49mcDA3MZLccV3FbubAeAXdgli9Vun1B64xOTcvm5a6%2BGpcz7yHryLJurKVyRVQVdA0UbXwsPMejVzkBnEadBXfwi9i2lzud4I6vvOL684qD2UPd15RURBTdiSqJDr0pJz5ZbNOhUxXMdjfPLDLgjA3sztZuYiSUV35K%2FIvAqucObTjizYuKecKdsy8LYEs30iNVqjKbkYezc7ngQL6oDbNrjJe8aiRJeNkmwEcRP8Zvsx8kd%2FdsbJCIh2gBR8ia3p0ojxYIhViLvXLbNeQzwlQqA%2FH6ca2%2Fck1UtNowdaYT%2BhLpQd3hiHFy58c3pTzC7cEA%2F66BhtR9AyiqL8RzUiDja8GKAXAT8ADkVgBMHfZ3cqTKLG%2Bm7jh6M4tQQ0E%2BENtmdQcaPCsf3QXKvQq4EADLuUsngjDSv8qif7YCuqtwQEDes9z53rKb3YJK%2FB3OLsFvkG2ekGrzs0Jeq7W%2BqbL3pFZtHQu%2BTleUAISZUnApmTB0xKEYwKCLmR4yPsd3SjWGEyz0CaXKLDS2bDckatjZ%2FBE1nC3exH7%2FOY5salpvcFPFqh8chT9UyxEczl9CBO8Kf5G58rBCioF6dtT%2Fo%2BgqctjzoNpvVGw%2FgciPtacdBm15trNWL6UtHX4V51a8KpGWD1CV2m9UbD%2BByI%2B%2BKgmKc8ZAsCSzqw9NDtS7KY%2FudGQ7E2o8p4nc2740gCGxBKEsQrzIf96dbJq%2B7H2eN2vw0rKROuoDg%2F%2FBjw4p74R4lxF%2FrUPo122aYAeso2mmIB0X%2BlMnQ4BeYaiRbcBtVYEEhUbStKbzsQrsiEcZcMP07b7mHKesMofo%2FtawzQ6i6fp7mr2gZtvRCE6DM6Jwgy%2F%2BVVShg%2FEHz3CDXhmeaGhkp2SLiAMqB8BqXD8Jk1VftmNR3dnT7tZ5%2Biofed9BL9bC8xjM5Dm6UFp0rmr08OtuOR2GmMZgCJcRKGvSJ6NnUT%2F2Zc86sJzuEFJN%2BJ%2FfPJV9qcZGgh6BaGV1Ew1ylwBsH7msOcY6JP5caos3A5WOvWns5F41halK42xmQJqvVOj6W9fMEX9O%2BwCitEMgTlrR%2FfKFVc9k%2FrPdQOKeyFWSvG3eVY9y5zpm%2BmwYcMVPS%2BCzP4z2kmQycTZtclwucB4boHmiMTC4jPdPrvsJwE77VmTfJYbAS29umBI2cI41ByT1QeyJ9OfK260kb78Yzr4Xt6nECME5fRU29bQ5Zj94UOPn8gmsL9z1La1UH%2FCuUrb92D5IvXmFckaaD0e0%2BBj92xwjzHfD5ezio%2F6rFo6XECJKFibO2pTydqUg%2FlX2Lh6xO02XV%2FY6jZNwlKiFDoIC5qe9534nteXzf0KO4JBq87NCXqu12XxCmkFqNVQ%3D&mm_sceneid=1_0_7465007087_0&a=xxc%3Dad_ztc%26mi_id%3D00006qaowwbrfXsb0ip5KufiITAiytjdoB0qWfdHCcDlIhs%26skuId%3D5751476744224&id=897757611421
945257885528,TOPTOYNommi糯米儿异世界系列毛绒盲盒可爱桌面摆件可爱娃娃手办,69,¥,券后价,toptoy旗舰店,TOPTOY旗舰店,回头客9万,2000+人付款,广东 广州,"官方立减12%, 热销爆款, 退货宝, 包邮",出售状态:现货 | 品牌:TOPTOY（玩具） | 选购热点:淘公仔,https://g-search3.alicdn.com/img/bao/uploaded/i4/i1/2211430099222/O1CN01J6uX3C2HzjaQXbN9L_!!4611686018427382038-0-item_pic.jpg,//detail.tmall.com/item.htm?id=945257885528&ns=1&abbucket=10&xxc=taobaoSearch&mi_id=000035IvnBENtjb385Xn6RVSRlqB66x_cZc_g3Ggq1OdsuM&skuId=5908837744818
996106900015,HEYONE黑玩Ozai哦崽时空旅人系列盲盒潮玩公仔摆件周边手办礼物女,59,¥,首单价,oristaco旗舰店,Oristaco旗舰店,,29人付款,福建 泉州,"官方立减12%, 直降6元, 24小时内发, 退货宝, 包邮",单款概率:1/120 | 款式类型:端盒 | 出售状态:现货 | 品牌:ORISTACO,https://gw.alicdn.com/imgextra/O1CN01Oje23h1bQH74YEFS0_!!2217195163459-0-picasso.jpg,//detail.tmall.com/item.htm?id=996106900015&ns=1&abbucket=10&xxc=taobaoSearch&mi_id=00006iCbRMQEQggd9A6sjZ94DFmfkGchWQJeG6ZJTR0wrhk&skuId=5974507153716
969508209049,52TOYS迪士尼史迪奇暖粉盲盒史迪仔手办摆件潮玩玩具摆件新年礼物,69,¥,券后价,52toys旗舰店,52TOYS旗舰店,回头客6万,4000+人付款,浙江 湖州,"官方立减9元, 包邮",出售状态:现货 | 品牌:52TOYS | 商品状态:全新未拆封,https://g-search1.alicdn.com/img/bao/uploaded/i4/i3/3951599478/O1CN017tJYBq2Jsz1kklvVl-3951599478.jpg,//detail.tmall.com/item.htm?id=969508209049&ns=1&abbucket=10&xxc=taobaoSearch&mi_id=000061lZY7Hgeicq7Qy8IjtIhLCOFuaxntqd7Wa56s-VnbE&skuId=5930710504616
931838105608,正版Nagi兽仔第五代幻境录系列可动人偶盲盒12分MJD潮玩手办礼物,75.88,¥,券后价,tb086198083,潮玩集合社,回头客4万,3000+人付款,广东 广州,"店铺满11减10, 48小时内发, 包邮",出售状态:现货 | 品牌:玩乐寻潮,https://gw.alicdn.com/imgextra/O1CN01YxgFDH1qROJYOQGZv_!!2224965492-0-picasso.jpg,//item.taobao.com/item.htm?id=931838105608&ns=1&abbucket=10&xxc=taobaoSearch&mi_id=00009H1Fm4tQ1tVYaJImvMRKqj7FThqU0oWIW04uywmL3ps&skuId=5818811649365
750727692205,pvc盲盒公仔手办定制树脂摆件钥匙扣挂件订制潮卡通玩具来图定做,10,¥,,tb414848063066,致汇玩具定制,,82人付款,广东 东莞,公益宝贝,出售状态:定制 | 款式特点:静态 | 商品状态:预售,http://g.search1.alicdn.com/img/i1/5284505594/O1CN01AFYyW21rC6akp2j9Y_!!2-saturn_solar.png,http://click.simba.taobao.com/cc_im?p=%C3%A4%BA%D0&s=16568307&k=2177&e=rIqnjKpmP%2FEj24vXyjdyTisk6H0SR%2F%2BxWa%2BulwUsfpOPvO%2FBGCIc4itndKOi1frMXsgHDsOfS%2BSjsLzs2e66piaK9yrUQ%2F2%2FHhIuEUiUJ1uO20dBkS6JsiSzqw9NDtS73AsAQ3d1gK5Z9oXfXPDZPykpMUmoJhevhvXZeR20%2BFAOb6nHkB5C7bO%2FEtWA9Hktsyfppspyagc7G5rfAvZRzu7jLb6ZBMOJKNMvYckAqRg3Bi8vWIpPHogm1NaJOGOfu5LPXRx%2B6xfDUD4gOELd32W76zLjUCeI8gCwp47lrQ1Pwu2nvbjcc0SJ%2FcvwGm8mfRD0w7kxrRnMmWkXD3kJ1t6hYI0BGu98j%2FrKxdgvaqlqUK%2BiJr1leAcYTHZ7CDbxbu82lp%2BQr2ehS4RMIlpBl1WZLntFZ9bxist15rCWyuuVEj%2Bkmd2cr6o5ApK8g%2FsV4uEN3DcxfJ7Qs7SSr55LMtNGSnKsUfcQDhCK%2FDvXKLW0gA7Fb5uq1fAwjCpPa84pb9v7kVKARoG%2FXBCrcosAMcm29ndC68ZdFTwix5wBoqNnj%2FNS%2Fv3t%2BQG%2FdY1AzegeVgo6AgLUh4i%2F1VvmkGB319JJuRx0ITjp15dN%2BaV2iQFLd%2FMaj9yfZRh1cvCIeEma8mIWLu6tIV0viG8jnLVYbWaO3ORBAtAr2r6a4XSsWpYVQK4bvemRxbrWSnU%2FBtsjv1gAwmSXG2lhwZkHWu3Ypfxa2f6qh%2BeL1rXvXPgxi92k4gmWOb6OK6bgUs73%2Bzcub5kYWZ7XRHrChMnKS3CG9VjahlaCbOL4miH3Sej9SbZmAQ3d424soojpDZdGxOm%2FTYM0FWX9tAIsSVES15izuJNwRHTC10TEecvIU4M%2Fj8qeybtO0pMXybALk3YiaTox9eu94MAnlYfahmNKGD3oj2d4sCh65H%2Bzn1md%2B99s0tuAUO2GRHSd0Ukkj6f8lF5Ear7dW20Cz9ZJC4ZZGSO%2BYYCyPlzGpgZ24FN0mMjhQq2LnBO8%2FIoPLqwjnAvGj869lwzcabQ%2F6WVM%2FxAoxMJUYJvCX74TauYZOXgZZbeXOnTiSoQ2ytd3Wp3NL0Pb7QT9Iw6AXa%2BBT9R0yBrcUUwmTqy0FQdog3ehUs7kc%2B1nYfVCZbKqcYhIcAMkyUN4WtHUJduuTxWlh%2FhyAZq%2BiXdnArQloFDJXc6PAedsgpqlqxm%2BPC6Tzp6vJOZ8ulH%2FFWDQgvsNzYtrvYMVUps6wKRI3tIA5sDbLrzbS3fzGo%2Fcn2UYdXLwiHhJmvJiFi7urSFdL4hvI5y1WG1mjtzkQQLQKx5MzLfYr4pHEcIv6PLQ6PV2rAppkF3uFdNjSFgRquTna7RrkaTgryk63KsiBtfSDH9O%2BwCitEMgQJNhCtSb2nAaNZX7QNErVWWJEaeLwVPWeQ9x7DH%2Bl9s1Bjn%2F9Ahtmhq%2Fboka2X6wRxxJL1QFCqPbALSerK6Ysz0S2PAOhrb3ctfbNbHQyUR%2ByoJZBKO0yph14gRoxBB%2BVi%2BlLR1%2BFefmGNd6Yn%2BaxH7KglkEo7TKzGTkjtg9dGoks6sPTQ7UuymP7nRkOxNqPKeJ3Nu%2BNIAhsQShLEK8yH%2FenWyavux9njdr8NKykTrqA4P%2FwY8OKYviZCvhb4NPd18DVEpHvGZppiAdF%2FpTJyelz%2F0XNRq2E3GGacS4%2F5et2g8h247tsG%2FKY5KnI0VbVFQOsUjxSnFOWk5a3ZucFSFroV8nsfi88QfPcINeGZ5oaGSnZIuIAyoHwGpcPwmTl%2FjH2j2fK%2FgnQTZNO5Av723vqfGZie3aYwX6wWGJ0uLIxX%2BltLId2eZ5CN5O4lLARJ87cw2o69qbFPX5MGT2pF0%2FaKK%2Fr1a1D4lPmAJcplSWyNRW%2B8s7OS9AH7cTF7cS5wfBKlPeuN1bx1VxkZUJfUUdt7wEuJ%2BFb5kYWZ7XRHoCLlT25Uaea1DLtWvjkBHVf077AKK0QyBOWtH98oVVz47R5vJUb%2FdPrrg14NB3twpcDNAdvCP82Fr3BYHxYratOzP%2BBwT7bnu6jwwofmDuM35on6FytZplNs1b%2BhgCTQ9BrVEcOcZy7vK%2BnOcYllprH3d2APQSNOaAUO2GRHSd0WoiolOKywf10Q%2BZAelPTbuF73hEiRJQ0oNqO9MKyBpJY%2Bf1alTzU2%2FlHSGzafmZ6pC033CndgES&mm_sceneid=6_0_5284505594_0&a=xxc%3Dad_ztc%26mi_id%3D0000ENidByfrdQOyTkWpxQM4TVt1aBrSj_0bwCctzkjEROM%26skuId%3D5595617452318&id=750727692205
985607017826,礼物二十四节气盲盒春生夏长手秋收冬藏系列娃娃手办整套立冬收藏,28.35,¥,券后价,天天特卖工厂店,天天特卖工厂,买过的店,500+人付款,福建 泉州,"淘金币抵0.4元, 退货宝, 淘工厂, 包邮",款式类型:端盒 | 出售状态:现货,https://gw.alicdn.com/imgextra/O1CN01TlD63d2LY27gUauTb_!!3937219703-0-C2M.jpg,//detail.tmall.com/item.htm?id=985607017826&ns=1&abbucket=10&xxc=taobaoSearch&mi_id=0000e2nQAtPLmqxzOzGfQwKp_IboN2mFG_x1xpMihTbghpM&skuId=6112876946175
970981277888,TNTSPACE正版Zoraa喵呜猫颜社mini手办盲盒潮玩摆件可爱公仔礼物,52,¥,券后价,gdgd98,GDGD潮玩店,,300+人付款,福建 泉州,"店铺满20减10, 24小时内发, 包邮",款式类型:端盒 | 出售状态:全款预售 | 品牌:TNTSPACE | 商品状态:全新未拆封,https://g-search2.alicdn.com/img/bao/uploaded/i4/i2/1966590272/O1CN01CB6dMx1DscofJcMz4_!!1966590272.jpg,//item.taobao.com/item.htm?id=970981277888&ns=1&abbucket=10&xxc=taobaoSearch&mi_id=0000i49Mkd-GxH2qcG108TioIVVVVyPmUQsw8PSyhiSpvjA&skuId=6086545651291
1014228814134,【蒲熠星专属】范趣町TARTI幽灵旅馆系列盲盒摆件新年礼物玩具,79,¥,,范趣町旗舰店,范趣町旗舰店,回头客1万,5万+人看过,广东 深圳,包邮,款式类型:隐藏款 | 出售状态:现货 | 品牌:范趣町,https://g-search3.alicdn.com/img/bao/uploaded/i4/i2/2220257526978/O1CN011FvJg421PyrkcE5fv_!!4611686018427380930-0-item_pic.jpg,//detail.tmall.com/item.htm?id=1014228814134&ns=1&abbucket=10&xxc=taobaoSearch&mi_id=0000S65T2uRnAuy35GgQDlsGs63LshxJMNPEtiXb-0_GZpE&skuId=6020830121654
1000985223340,米塔集 Zoraa绒绒小屋搪胶毛绒系列盲盒搪胶毛绒娃娃潮流盲盒挂件,53.95,¥,首单价,米塔集旗舰店,米塔集旗舰店,,38人付款,广东 东莞,"官方立减12%, 直降5元,  12期, 淘金币已抵4.15元, 退货宝, 包邮, 公益宝贝",单款概率:1/72 | 款式类型:隐藏款 | 出售状态:现货 | ACG作品名:DC漫画系列 | 系列类型:联名系列 | 品牌:米塔集,http://g.search2.alicdn.com/img/i2/9788969538/O1CN01qcUJ9R2KKSnEAi2Wr_!!4611686018427384386-0-saturn_solar.jpg,http://click.simba.taobao.com/cc_im?p=%C3%A4%BA%D0&s=16568307&k=2361&e=CYytpXZh7rQj24vXyjdyTisk6H0SR%2F%2BxWa%2BulwUsfpOPvO%2FBGCIc4itndKOi1frMXsgHDsOfS%2BQakPjA2cOggx5GyaVViSqKHbkl%2FFvtmBuO20dBkS6JsiSzqw9NDtS73AsAQ3d1gK5Z9oXfXPDZPykpMUmoJhevhvXZeR20%2BFAOb6nHkB5C7bO%2FEtWA9Hktsyfppspyagc7G5rfAvZRzu7jLb6ZBMOJKNMvYckAqRg3Bi8vWIpPHogm1NaJOGOfu5LPXRx%2B6xfDUD4gOELd32W76zLjUCeI8gCwp47lrQ1Pwu2nvbjcc0SJ%2FcvwGm8mfRD0w7kxrRnMmWkXD3kJ1t6hYI0BGu98j%2FrKxdgvaqlqUK%2BiJr1leAcYTHZ7CDbxbu82lp%2BQr2ehS4RMIlpBl1WZLntFZ9bxist15rCWyuuVEj%2Bkmd2cr6o5ApK8g%2FsV4uEN3DcxfJ7Qs7SSr55LMtNGSnKsUfcQDhCK%2FDvXKLW0gA7Fb5uq1fAwjCpPa84pb9v7kVKARoG%2FXBCrcosAMWhPTK4r7H5l6Z0vmkH3JlSA6zoIV1XTIb5xwfA773HNdEPt6vc9VjM%2FziHS91%2Bow4Jt21t9pOOQDcy6823xBo5CW15fk2fqIpdmXwVT%2FizrlPzWkWhFff%2B2ofZYaS9qmFfV0xupScNC7OL%2BIsCi%2BUl59zqjjNMC%2BIW2kUGcNwNbhj9okgjT3x0%2BLk263pseC2HBmQda7dil%2FFrZ%2FqqH54vwnyfW4S4%2BD%2FBLcqAvjre8TETE2wROJGYNlv1m67Zr05w4U4%2FUWY4v5XcqB1g31gprvk09bRF5gl%2FT7tnJCa3k5%2FDyegZWW8D3bncSYFwoPeNEdliB48PJmHvIPYYdehWjhtn0iUv6yrSrxvCpvB6FBZnnmWXqMmLGh1yEEx9AAIc78Sa2PopK88C%2F7M9xWydTUuvDvWJbm6wyh%2Bj%2B1rDNIwS%2B4Dmb2l113wEtFoW3QjxvW3cSNKrIrid46NkhXNzEfNvDW6ogCFQCwTVBNKYp90qWaCmSpnoIW6lep8msekyPoGtrRZXC1caf7T2Iwy2sI5wLxo%2FOvZcM3Gm0P%2BllTP8QKMTCVGCbwl%2B%2BE2rmGTl4GWW3lzp04kqENsrXd1qdzS9D2%2B0E%2FSMOgF2vgU%2FUdMga3FFMJk6stBUHaIN3oVLO5HPtZ2H1QmWyqnGISHADJMlDeFrR1CXbrk8VpYf49XUAlibnjxZzCYtbIYhctbr4FXYMRdsAIqxbPhYwYqaXTYmIKCie3tk%2Fd8TWfOFqbDOLP76EJM3DJOeEvMRsAD5URzjHqHouhR155QJkRmKKBOnfspUPyKdy1l0rWEWQ2WeuuuAweEymaDqSqnuZ1Aao6xhXn8TmAuQe89w8qDEtTta%2FWp7l8WPFkz4GJnlEd3wtUKuWZu1r5A6rNS1QjrPzGKl9aebNwi9h3fY5CGsjFFjSHzWtiqc9DxXODfgQw7VsifdnJ94B2RuA%2FPbJJ5vjpGFEnzj%2FtwFBjD7W%2FuF0LPftIYOs0uzAaDzYFiK%2B3TOVyn6PJvkRyUpdPUWG6A18pOpPDYeZlP6xkmWQUFeP96APQ53Xt%2FESe0jPanK4%2FIf5wYlvBI5WL6UtHX4V54QzypkAE76rLRDrKnix5NF1kJojJtqWifcr55BmIK4vR13YFz1bsHhzFZorzt8aS6y3fgT3gxXB6G5W8%2FVsW1HXvRwZ7Y3fHwObjEQ3dCRUxw%2FDMR0rJd9SuxB9B2Jqc5HRH5NCozyByhT7MH4agoQTcYZpxLj%2Fl4xvOXjztPFO6cVgLhcMFxcpfB2pqvpChAAhbAtpwobitGUnEFUD7E7uQAoFLjmAyl9OWHD81K7nzKMKwh7ON5u2cV9rpw1GASGD6fY0rhrp48UYZ8cbGWht76nxmYnt2vTRsCORpUZ%2FyMV%2FpbSyHdkR%2FwaZ9f8tsg57ou2OW6%2FiaWeLiE%2B%2F1SUAkgkFIXI7jwpIUuIAZlziP%2BHq83fH0M4hSrTHvueX%2FGZVD5huPrXHdJ7TDC40EYkM6rqBHjSCqA2W%2FWbrtmvTZZf2THx4w5g%2F%2FBabwh34RHqHMAhR%2FQLDP56FMAcd7eHaMkSARGgCCxLo00DPHaVPoEDs5AXHNzGOkEJmGNAnpnMI3GMS6lHnz4lTs5pxE5D5oDCuf9OPvMBKtTTNqG9rfovN6SvANUKDi%2BBiygR%2BsOYGmL%2FR6aRnhhSw9qMQPhIGAl732PNtQK5Stv3YPki9Eal%2FZBSwnVJAeBto0Q%2BYFLuc0qnoEM9cVF6t8eN80ObI0A4Xzz03KRXDM%2BlhvxDXtwFBjD7W%2FuGbB%2BE1v2ywqcCDYrq1sTZAjjT1D0NQNOZUdHsF8E5Hfw%3D%3D&mm_sceneid=2_0_9788969538_0&a=xxc%3Dad_ztc%26mi_id%3D0000wzwfgJ3J7dwaybwcdzrk_hEnPgduRM93PB_Mw8MD188%26skuId%3D6156131446174&id=1000985223340
1014407512147,特斯拉（Tesla）官方 Tesla Bot 摆件 （生肖盲盒版）,199,¥,,tesla特斯拉官方旗舰店,Tesla特斯拉官方旗舰店,回头客4万,1万+人看过,江苏 苏州," 3期, 包邮",,https://g-search3.alicdn.com/img/bao/uploaded/i4/i2/2207358874742/O1CN01L7Ogxj1kttGVjU3yG-2207358874742.jpg,//detail.tmall.com/item.htm?id=1014407512147&ns=1&abbucket=10&xxc=taobaoSearch&mi_id=0000cpaOpSuP3PNH2AzHsBYYlt5W56oNniwm61AUxJX4q68&skuId=null
969752408065,国家自然博物馆 恐龙萌粒迷你盲盒恐龙玩具公仔摆件生日新年礼物,49,¥,券后价,国家自然博物馆旗舰店,国家自然博物馆旗舰店,,1000+人付款,天津,"官方立减12%, 淘金币已抵1.47元, 退货宝, 包邮",适用人群:儿童 | 场景类型:青春礼 | 货品分类:摆件礼物 | 适用节日:周岁 | 包装种类:盒装 | 产品名称:小恐龙和它的朋友们·萌宝/蛋仔系列萌粒(组合装/套装) | 修饰词:可爱小恐龙,https://g-search1.alicdn.com/img/bao/uploaded/i4/i3/2219808496068/O1CN01MxyZs31uhCRsrWjMr_!!2219808496068.jpg,//detail.tmall.com/item.htm?id=969752408065&ns=1&abbucket=10&xxc=taobaoSearch&mi_id=00004mywo2IstWGC7hB6WTIwPENo5H1W9MZkybE7UOz6UvM&skuId=6082717331505
963945956516,"PLZDOT官方小熊虫""这像话吗""系列MINI盲盒公仔可爱植绒摆件女生礼",39,¥,首单价,plzdot旗舰店,PLZDOT旗舰店,,1000+人付款,广东 东莞,"官方立减12%, 直降4元, 淘金币已抵1.17元",出售状态:现货 | 品牌:Plzdot,https://g-search2.alicdn.com/img/bao/uploaded/i4/i1/2218599385996/O1CN01AI1mWq1uADta9VKMV_!!4611686018427382668-0-item_pic.jpg,//detail.tmall.com/item.htm?id=963945956516&ns=1&abbucket=10&xxc=taobaoSearch&mi_id=0000ZYVUt1swyQNv_vRY4L186xZyZSc_iU2mCLORlPP4wU4&skuId=6081043234438
1016114890144,奇梦岛·SiiNONO二代赛诺诺-TA在低语系列毛绒手办盲盒礼物,89,¥,券后价,奇梦岛旗舰店,奇梦岛旗舰店,回头客2万,1万+人看过,广东 深圳,"淘金币已抵4.45元, 退货宝, 包邮",款式类型:隐藏款 | 出售状态:现货 | 品牌:奇梦岛,https://gw.alicdn.com/imgextra/O1CN01YNrSpb1oig20O8NWO_!!2213261435259.png,//detail.tmall.com/item.htm?id=1016114890144&ns=1&abbucket=10&xxc=taobaoSearch&mi_id=0000G0fYvFvY21Ph7Kfdmj5wLrk2TJ7FTEZiuBFPxwsbXtM&skuId=6024898697807
916604264112,Cup Rabbits卡布兔奇妙果系列毛绒公仔盲盒手办玩具网红爆款摆件,54,¥,券后价,卡布兔旗舰店,卡布兔旗舰店,,400+人付款,广东 深圳,"官方立减12%, 退货宝, 包邮",单款概率:1/6 | 款式类型:隐藏款 | 出售状态:现货 | 品牌:Cup rabbits/卡布兔 | 款类型:隐藏款,http://g.search1.alicdn.com/img/i1/7465007087/O1CN01oF6OM322Du2AMPQJn_!!4611686018427385839-0-saturn_solar.jpg,http://click.simba.taobao.com/cc_im?p=%C3%A4%BA%D0&s=16568307&k=2381&e=fV2MqAVRzA0j24vXyjdyTisk6H0SR%2F%2BxWa%2BulwUsfpOPvO%2FBGCIc4itndKOi1frMXsgHDsOfS%2BQ2s54f9OzRw02J9LdYoN7jRrVHlI7HdN%2BO20dBkS6JsiSzqw9NDtS73AsAQ3d1gK5Z9oXfXPDZPykpMUmoJhevhvXZeR20%2BFAOb6nHkB5C7bO%2FEtWA9Hktsyfppspyagc7G5rfAvZRzu7jLb6ZBMOJKNMvYckAqRg3Bi8vWIpPHogm1NaJOGOfu5LPXRx%2B6xfDUD4gOELd32W76zLjUCeI8gCwp47lrQ1Pwu2nvbjcc0SJ%2FcvwGm8mfRD0w7kxrRnMmWkXD3kJ1t6hYI0BGu98j%2FrKxdgvaqlqUK%2BiJr1leAcYTHZ7CDbxbu82lp%2BQr2ehS4RMIlpBl1WZLntFZ9bxist15rCWyuuVEj%2Bkmd2cr6o5ApK8g%2FsV4uEN3DcxfJ7Qs7SSr55LMtNGSnKsUfcQDhCK%2FDvXKLW0gA7Fb5uq1fAwjCpPa84pb9v7kVKARoG%2FXBCrcosAMVaeNAR7AFfA65%2F9uPT4Bj0jWEOlElBJPV6bTgJV%2BhgKsX6DWUcUIFEu8RRAowLe3qEWoucohmQFrg8NXty%2BdLvOr7RcVy5SAFbL7mg82357%2FlywSdWm41NOIQIsBq6T0aLp2DL7SA2LtADtuL3YEh%2BEY4fI6WFwE96qFSXRs%2BfHzb2Bum%2F9dHz%2BsMuvzENLzki4QYPeJUO%2BGZ%2FL8jhbvH3gdHQgRY7seF9XheVpuIrfhQhrNFTd%2FRNOQC5muMxOM0UF3Ey76KRxT7UR3gnr%2BokvEdCPGRAalL0PjkRdtG61TsxsUgOwdqewl0QioG6579F9XU2YRpERtgTLqtkKEWrxC0JOz8A3qb7RbnJRwmiAhoRe0drTbSWcbQZH%2B81wNxGSG4SIqYJhoMThA%2BtUQr6mfUfJ0NQWfX%2BEdGCMs48%2FvOihR8pwRJOUQLpxJDMNFq%2FWPjQ7Pb5madpLBiDq1cjfX4VnwWCE8TUG49mcDA3MZLccV3FbubB3e0DOf%2Ff%2B5X1B64xOTcvm5a6%2BGpcz7yHryLJurKVyRVQVdA0UbXwsPMejVzkBnEadBXfwi9i2lzud4I6vvOL684qD2UPd15RURBTdiSqJDr0pJz5ZbNOhUxXMdjfPLDLgjA3sztZuYiSUV35K%2FIvAqucObTjizYuKecKdsy8LYEs30iNVqjKbkYezc7ngQL6oDbNrjJe8aiRJeNkmwEcRP8Zvsx8kd%2FdsbJCIh2gBR8ia3p0ojxYIhViLvXLbNeQzwlQqA%2FH6cQgK64NT488EM8roRuJvqoUk2XSyUPODcBOTJtxj%2FS87htR9AyiqL8SRCl1tLvHt8EDqpHEp2QwfHfZ3cqTKLG%2Bm7jh6M4tQQ0E%2BENtmdQcaPCsf3QXKvQqvuA7jEJB1WlOLXo6U5JYrP9%2FRXnFLuJV5ax72Pi0lIh3OLsFvkG2ekGrzs0Jeq7W%2BqbL3pFZtHQu%2BTleUAISZUnApmTB0xKEYwKCLmR4yPsd3SjWGEyz0Z5X9or1LdtKeqPQmoPDgPNlk2z%2B1sTp4lg2VlNDS3FdEWgM0zLkGyQHH45iER4nlqVTkhyK66Ql8e5ASYMUgmHQCJ%2B3rTAkNq3H8Vh3cJnJWL6UtHX4V50RUoG5pZaecdAIn7etMCQ15tQATNuiYrySzqw9NDtS7KY%2FudGQ7E2o8p4nc2740gCGxBKEsQrzIf96dbJq%2B7H2eN2vw0rKROuoDg%2F%2FBjw4p74R4lxF%2FrUPo122aYAeso2mmIB0X%2BlMndEtL04e6MhJlpyA1nf7fCa%2BV5q9AGyFscMP07b7mHKesMofo%2FtawzQ6i6fp7mr2gZtvRCE6DM6Jwgy%2F%2BVVShg%2FEHz3CDXhmeaGhkp2SLiAMqB8BqXD8Jk49XIMw949km7tZ5%2Biofed9BL9bC8xjM5Dm6UFp0rmr08OtuOR2GmMZgCJcRKGvSJ6NnUT%2F2Zc86sJzuEFJN%2BJ%2FfPJV9qcZGgh6BaGV1Ew1ylwBsH7msOcY6JP5caos3A5WOvWns5F41halK42xmQJqvVOj6W9fMEX9O%2BwCitEMgTlrR%2FfKFVc8HzbQQxrWNkFkur0MP5xQo5zpm%2BmwYcMVPS%2BCzP4z2kmQycTZtclwucB4boHmiMTC4jPdPrvsJwE77VmTfJYbAS29umBI2cI41ByT1QeyJ9OfK260kb78Yzr4Xt6nECME5fRU29bQ5Zj94UOPn8gmsL9z1La1UH%2FCuUrb92D5IvWnaSwYg6tXI0IHrjNpy9JgAxHS0ielteayOg%2BKCrE3z2pTydqUg%2FlUyU3x5GSBHcdk4Ug5fbHesG0ic%2FuUrFIsnteXzf0KO4JBq87NCXqu12XxCmkFqNVQ%3D&mm_sceneid=1_0_7465007087_0&a=xxc%3Dad_ztc%26mi_id%3D0000hWlUkaf-K20TaRmTvgRfNKAic-xjFFePZLF0RMGOsYM%26skuId%3D5782176288844&id=916604264112
992936847269,【现货】MINISO名创优品三丽鸥家族玫瑰园绮梦系列搪胶毛绒盲盒,99,¥,,miniso名创优品旗舰店,miniso名创优品旗舰店,回头客200万,1万+人看过,湖北 鄂州,"退货宝, 包邮",单款概率:1/6 | 款式类型:端盒 | 出售状态:现货 | 系列类型:联名系列 | 品牌:MINISO/名创优品,https://g-search3.alicdn.com/img/bao/uploaded/i4/i3/3459177618/O1CN01XWojt42696LktD7Ul_!!4611686018427387026-0-item_pic.jpg,//detail.tmall.com/item.htm?id=992936847269&ns=1&abbucket=10&xxc=taobaoSearch&mi_id=0000iKmvpyKknFSiMhgbdrcdvlVUcAZjMrZ8A5GwTKCAhro&skuId=6019785897836
993548610637,正版Nommi糯米儿一口甜心阿玛莉莉丝联名搪胶毛绒盲盒手办礼物女,99.9,¥,首单价,knoxx潮玩,KNOXX潮玩正版店,,300+人付款,福建 泉州,"官方立减12%, 直降11元, 淘金币已抵0.99元, 退货宝, 48小时内发, 包邮",款式类型:隐藏款 | 出售状态:全款预售 | 品牌:TOPTOY（玩具）,https://gw.alicdn.com/imgextra/O1CN01mm90271H4Tw24gsJZ_!!2214236940704-0-picasso.jpg,//item.taobao.com/item.htm?id=993548610637&ns=1&abbucket=10&xxc=taobaoSearch&mi_id=0000Zpu6jdYk_qqkdXAREH5EvgWYBtPcngFJ0mtjCryKXPs&skuId=6136582071495
953536514279,POPMART泡泡玛特Nyota四季时序系列手办盲盒松软生活玩具礼物摆件,71,¥,,谭梓琳lin,欧巴手办盲盒,回头客8万,1000+人付款,广东 佛山,"包邮, 酷动城",系列类型:联名系列 | 品牌:POP MART/泡泡玛特,https://g-search3.alicdn.com/img/bao/uploaded/i4/i2/2580405343/O1CN010E8CZ61pL9FpcRKaO_!!2580405343.png,//item.taobao.com/item.htm?id=953536514279&ns=1&abbucket=10&xxc=taobaoSearch&mi_id=0000OWp3HNQrIBL_k55dXT5q1P406gv-hT0zwkap_tNyNQw&skuId=5875997133084
985880196613,POPMART泡泡玛特MOLLY疯狂动物城2系列1/12可动人偶BJD盲盒尼克,239.9,¥,,李超越0922,TOP DOLL 俱乐部,回头客1万,200+人付款,广东 广州,"店铺满299减3, 包邮",出售状态:现货 | 系列类型:联名系列 | 品牌:POP MART/泡泡玛特,http://g.search3.alicdn.com/img/i3/1392190029/O1CN01YHzwfc1C5KbbXwbxG_!!4611686018427380301-0-saturn_solar.jpg,http://click.simba.taobao.com/cc_im?p=%C3%A4%BA%D0&s=16568307&k=2369&e=VtGoIsx3Hogj24vXyjdyTisk6H0SR%2F%2BxWa%2BulwUsfpOPvO%2FBGCIc4itndKOi1frMXsgHDsOfS%2BREppAwwAVWSUaZvYxoSBj537iHfPwv8CqO20dBkS6JsiSzqw9NDtS73AsAQ3d1gK5Z9oXfXPDZPykpMUmoJhevhvXZeR20%2BFAOb6nHkB5C7bO%2FEtWA9Hktsyfppspyagc7G5rfAvZRzu7jLb6ZBMOJKNMvYckAqRg3Bi8vWIpPHogm1NaJOGOfu5LPXRx%2B6xfDUD4gOELd32W76zLjUCeI8gCwp47lrQ1Pwu2nvbjcc0SJ%2FcvwGm8mfRD0w7kxrRnMmWkXD3kJ1t6hYI0BGu98j%2FrKxdgvaqlqUK%2BiJr1leAcYTHZ7CDbxbu82lp%2BQr2ehS4RMIlpBl1WZLntFZ9bxist15rCWyuuVEj%2Bkmd2cr6o5ApK8g%2FsV4uEN3DcxfJ7Qs7SSr55LMtNGSnKsUfcQDhCK%2FDvXKLW0gA7Fb5uq1fAwjCpPa84pb9v7kVKARoG%2FXBCrcosAMVXE1OyJydzjpdt3K41pyPMKs3fDa8NqiXzA%2B3v7RHLu8Gc01%2F8D2n6zM7spR9lkq%2BKKpd9PwrASHkzVuHMbfTuBiB38OcdKk8y1er3yBRQFA7gXD68I57cttBmrmfGGBiSTr54SwWybAbcbtlx9dU2EY4fI6WFwE3XmV%2F2tCjhAg66iCxM7nHr6tqzZEKltqZHD2MLVXrrD%2FFHOyMSawjpVxNTsicnc41kGV%2B5aPqrGiiBy0Pv0uY0C9W7tFm40u6EnZdvDCu%2FpKhlDCk3ZFy1N7lG2puPTMe0g5y8vqT8rezQSxmzjRmXhv7XMd4YLLZMDSrZhzhRAlvrfJW8WzKUj3Oyc2P9%2Fr9TQvPLUoYd8YaYOZqsf80p5K3WaMQxmU0NjuWNx6BZpwnwFH%2BgX9Eo%2FiTskq6aRKeE10j%2BJ3iZIl9fYlSEgb%2FmuJ3jo2SFc3JKCBRyjauLITOra%2FT9lgLr3SpZoKZKmehobtrQWqSdGa1HzZusTnaF59XAX9L2VOqwjnAvGj869lwzcabQ%2F6WVM%2FxAoxMJUYIGefoXe3H7qOXgZZbeXOnTiSoQ2ytd3Wp3NL0Pb7QT9Iw6AXa%2BBT9R0yBrcUUwmTqy0FQdog3ehUs7kc%2B1nYfVCZbKqcYhIcAMkyUN4WtHUJduuTxWlh%2FhpuQwE2KmdJpI0Q6zfRpfedWyEYAa5z3QirFs%2BFjBippdNiYgoKJ7eGH%2FdLZevUQ1sM4s%2FvoQkzcMk54S8xGwAqVxUVuCB7BQ4fMIAR02oEIGIHfw5x0qTzLV6vfIFFAUDuBcPrwjnty20GauZ8YYGJJOvnhLBbJsBtxu2XH11TbKOlJeGDNfqDyRQS%2FHD5bXP35Xc%2BGgRJVBSu91WMI9RNQ2nIuX7MezzUy9Kmk3UOaN8LXcc%2B7VP%2F0Khgf25v8u81JF2O9QeWzSCNOyVg0O1P7q6h0FjSvbczbgg8fgDVF4KoiTPHgd1i5phDO%2B%2B%2BsysXVfoPkguGLOQmIGwoclliV0jp%2FQzUGwKzVvXmM7MEuHEdYRq3lWXspAN2kRYlLLmTli4r9umAxuP%2FTI%2FayZz8RDTR8pRbepT1zURuTJZaVTORNVm1FZZC7yRbR66go%2BJ0bfVOXTXFlPXNRG5MllpVM5E1WbUVlkJ%2FcOt60VecDsC5t0%2FwK1fdhV5yYK5jqLDBauicb7lgYidUYS9hBvlI%2F97j2Y99sF1Dnvn8pDx1wttjdMMS%2BSCiW7xAWPkxkKR0R%2BTQqM8gVcORz7wyfpQE3GGacS4%2F5f9U2LGbjoRwJ8SNRVz4JMtKXwdqar6QoQAIWwLacKG4uRZHYlTXiHxKRezQNR7NAoZJk2zgNeipVHTIIjnTv7SorW8sgm1oL%2B9Ra641keO9rI0TBzkym7t2UsaBjQ3y2lt76nxmYnt2pqMOoMuG1eplxecHBkMN7YEYfaDfvFSXkDMbP%2FWf3o%2FCeyDWccTLem8IOOmWbSJwuG2NTj%2B7aVDpkaA8Illgz8J9S4xEgc6ZAzecMkWCcR0cMd7vweecm4P2yw72e%2BL%2FYI6GLBTTgorqZutqFDzNch92Ef2Z%2BH7hxS8peGcwWiwxwZFLH751E4ttBmrmfGGBiSaKUoLyweLxDARDJISNlPX%2BIZ8Hamn9gQGuPxpYcyr%2BPXA4M2sh1iZKbC1IdP9m%2BIglZjbTs%2BEQ7D5irxJXvfIug5vgWEnFRGSG4SIqYJhZsT%2B4uk4Z9PlAmc0FFyr2lXE1OyJydzjBQcBkpmMFHUQWK9E3X8%2BVPNTL0qaTdQ5QfZ6J2UIoIXecujT1JTsdKqUkgs7ckOtu8lUEpu4kBoJd3wySTG7Va0RFSKckXeT&mm_sceneid=1_0_1392190029_0&a=xxc%3Dad_ztc%26mi_id%3D0000aRph38xebmUzjuzB_nu2CcIsU3Zn2UEN5gqruYVhfYs%26skuId%3D6112942767309&id=985880196613
984955937620,POPMART泡泡玛特POLAR第二季 林边秘径系列手办盲盒玩具摆件礼物,69,¥,,泡泡玛特旗舰店,泡泡玛特旗舰店,回头客20万,1000+人付款,江苏 苏州,"热销爆款, 退货宝",款式类型:隐藏款 | 出售状态:现货 | 品牌:POP MART/泡泡玛特,https://g-search1.alicdn.com/img/bao/uploaded/i4/i3/2885348004/O1CN01w4dk6R28ztEUW4KAj_!!4611686018427382436-0-item_pic.jpg,//detail.tmall.com/item.htm?id=984955937620&ns=1&abbucket=10&xxc=taobaoSearch&mi_id=0000K1RO0xnbgFDqJevS32jhueot8PskNoCdRr2a4LMH12A&skuId=6129886303311
1011957516328,正版露露灵物语盲盒12BJD可动人偶娃娃摆件手办玩偶公仔隐藏款,213.3,¥,券后价,天天特卖工厂店,天天特卖工厂,买过的店,89人付款,安徽 滁州,"官方立减12%, 淘金币抵4.2元, 退货宝, 淘工厂, 包邮",款式类型:隐藏款 | 出售状态:现货 | 系列类型:联名系列 | 品牌:玩乐寻潮,https://gw.alicdn.com/imgextra/O1CN01Wp9mmZ2LY29Er3bEL_!!3937219703-0-C2M.jpg,//detail.tmall.com/item.htm?id=1011957516328&ns=1&abbucket=10&xxc=taobaoSearch&mi_id=000043q0aM_TcI78lMsn_XIIyRzXfEScLsJ-fJZi2fr075g&skuId=6179463762933
890195664318,【现货】悸动瞬息西西里往事盲盒一万次mjd12分BJD可动人偶潮玩女,82,¥,券后价,hodgkintan,潮玩新天地,回头客4万,9000+人付款,广东 东莞,"退货宝, 包邮",款式类型:隐藏款 | 出售状态:现货 | 系列类型:联名系列 | 品牌:悸动瞬息,https://g-search2.alicdn.com/img/bao/uploaded/i4/i4/2000635076/O1CN010mWqUk1nMrV9w7Myl_!!2000635076.jpg,//item.taobao.com/item.htm?id=890195664318&ns=1&abbucket=10&xxc=taobaoSearch&mi_id=000015KJU58xj2FPhcCmujl8IpYCwQz1qwKvxDEBqCtaSNY&skuId=5946404834265
837725957591,漫天漫地干物妹小埋盲盒手办动漫礼物周边Q版迷你玩具泡面摆件,59,¥,券后价,淼淼的姑姑,大蓝鲸动漫潮玩,7年老店,900+人付款,江苏 南京,"店铺满21减10, 退货宝, 48小时内发, 包邮",出售状态:现货 | 款式特点:静态,https://g-search3.alicdn.com/img/bao/uploaded/i4/i3/640672037/O1CN01QHzelr1QuzmPUuGW4_!!640672037.jpg,//item.taobao.com/item.htm?id=837725957591&ns=1&abbucket=10&xxc=taobaoSearch&mi_id=0000BUGusal9njwmwyhhn3KJvDI30mW2aD9eGNjUSapjvNs&skuId=5764238606603
970538668348,【现货】MINISO名创优品WAKUKU哇库库毛毛潮趣系列盲盒毛绒礼物,69.8,¥,券后价,miniso名创优品旗舰店,miniso名创优品旗舰店,回头客200万,2万+人付款,湖北 鄂州,"淘金币抵4.4元, 退货宝, 包邮",出售状态:现货 | 品牌:MINISO/名创优品,https://g-search3.alicdn.com/img/bao/uploaded/i4/i1/3459177618/O1CN01zlqcHl2696HXAb11A_!!4611686018427387026-0-item_pic.jpg,//detail.tmall.com/item.htm?id=970538668348&ns=1&abbucket=10&xxc=taobaoSearch&mi_id=00006fCaTabUx61NxyQPCG-OxsbntqOMt2v1Y-8OIAgqGik&skuId=5797657437068
889785193840,正版悸动瞬息西西里往事MJD12分男体可动盲盒桌面摆件礼男体手办,92.94,¥,券后价,tb086198083,潮玩集合社,回头客4万,1000+人付款,广东 广州,"店铺满11减10, 新品, 48小时内发, 包邮",款式类型:端盒 | 出售状态:现货 | 系列类型:联名系列 | 品牌:悸动瞬息,https://gw.alicdn.com/imgextra/O1CN012rtgRL1qROJYWkPGz_!!2224965492-0-picasso.jpg,//item.taobao.com/item.htm?id=889785193840&ns=1&abbucket=10&xxc=taobaoSearch&mi_id=0000va6fdULYCA-iAjRT-40bCp3C2ezuvBJr1PZVWGSKSKA&skuId=5952323943893
