987807419142,优衣库男装女装KAWS HEATTECH针织帽子/防寒保暖485256,129,¥,,优衣库官方旗舰店,优衣库官方旗舰店,回头客90万,6000+人付款,江苏 苏州,"超级爆款, 退货宝",帽子类型:针织帽 | 风格:休闲 | 材质:腈纶 | 适用季节:冬季,https://g-search3.alicdn.com/img/bao/uploaded/i4/i1/196993935/O1CN01MY1M1C1ewHdo0DEIc_!!196993935.jpg,//detail.tmall.com/item.htm?id=987807419142&ns=1&abbucket=10&xxc=taobaoSearch&mi_id=0000tkqZZwp7j26KUPAmALP0sPDhkT2ilgA3iIpmD2gxFcs&skuId=5953807168349
958469772492,优衣库男装女装KAWS HEATTECH针织围巾485257,149,¥,,优衣库官方旗舰店,优衣库官方旗舰店,回头客90万,4000+人付款,江苏 苏州,退货宝,款式:围巾/丝巾 | 长度:180cm | 围巾品牌:Uniqlo/优衣库,https://g-search2.alicdn.com/img/bao/uploaded/i4/i4/196993935/O1CN01ZiC7CN1ewHdnJGebi_!!196993935.jpg,//detail.tmall.com/item.htm?id=958469772492&ns=1&abbucket=10&xxc=taobaoSearch&mi_id=0000SXbRena-npJz-hCkG6cYu2lqzP1xmKJohaGXCu1Om-Y&skuId=5955086813634
989563878536,海港城kaws公仔潮玩手办考斯捂脸星战芝麻街大号玩偶客厅桌面摆件,29,¥,券后价,jzcxzq1,果冻潮玩,10年老店,41人付款,广东 广州," 3期, 淘金币已抵0.87元, 包邮",,https://g-search1.alicdn.com/img/bao/uploaded/i4/i1/759636181/O1CN01pOu3Mj1vWwncOvonV_!!759636181.jpg,//item.taobao.com/item.htm?id=989563878536&ns=1&abbucket=10&xxc=taobaoSearch&mi_id=0000OiljsVvr_xI9dZ9riJCD4nEs7S56skZQ4R9nJd7Q49Q&skuId=6122851270997
682650414444,KAWS芝麻街潮牌保温杯外出水杯弹跳情侣高颜值学生杯子男生女孩,75.8,¥,券后价,麒远旗舰店,麒远旗舰店,,10人付款,广东 深圳,"官方立减12%, 包邮",材质:304不锈钢 | 容量:401mL(含)-500mL(含) | 杯子样式:直身杯 | 适用人群:通用,https://g-search3.alicdn.com/img/bao/uploaded/i4/i4/2212161739657/O1CN01pjDIjB2LCxaGf2sO4_!!0-item_pic.jpg,//detail.tmall.com/item.htm?id=682650414444&ns=1&abbucket=10&xxc=taobaoSearch&mi_id=00004hXeuvDZems4_2HMuZfscY9XVdME9vFm6X_QxhprIjo&skuId=5323119781200
799884030166,网红ins个性潮牌芝麻街Kaws抱枕床头靠垫沙发靠枕车用办公室睡枕,7.8,¥,券后价,tb339446155858,慕舒家居家纺,,400+人付款,浙江 金华,"淘金币已抵0.23元, 包邮, 公益宝贝",是否可拆洗:支持可拆洗 | 抱枕枕靠类型:抱枕 | 风格:卡通 | 内芯材质:PP棉 | 形状:长方形 | 外套材质:毛绒 | 适用场景:家居 | 适用人群:通用,https://g-search1.alicdn.com/img/bao/uploaded/i4/i3/2217856133966/O1CN01tHVUUA1fATkzEYY4a_!!2217856133966.jpg,//item.taobao.com/item.htm?id=799884030166&ns=1&abbucket=10&xxc=taobaoSearch&mi_id=0000VpjMJSRAxzHOaNVeoD_K3yF8hRo_4Pn_3cBebIGVGaY&skuId=5449226456480
820756907875,潮牌暴力熊客厅装饰画轻奢kaws公仔沙发背景墙三联挂画画芯素材图,0.98,¥,,tb873215953,富贵画廊素材,,17人付款,河北 石家庄,"24小时内发, 包邮",,https://g-search2.alicdn.com/img/bao/uploaded/i4/i2/2212210672524/O1CN01oDa58D1UW2kGMAEcW_!!2212210672524.jpg,//item.taobao.com/item.htm?id=820756907875&ns=1&abbucket=10&xxc=taobaoSearch&mi_id=0000G1BUxe37V75AmY2Q_LjWrKblOlnI70IjBKmmuAcshi4&skuId=null
807955531254,芝麻街316保温杯便携定制高颜值全钢水杯咖啡卡通KAWS学生杯子女,79.6,¥,券后价,麒远旗舰店,麒远旗舰店,,0人付款,广东 深圳,"官方立减12%, 包邮",材质:316不锈钢 | 容量:530mL | 杯子样式:直身杯 | 适用人群:通用,https://g-search3.alicdn.com/img/bao/uploaded/i4/i4/2212161739657/O1CN01DWb3sy2LCxm0Z5ZI6_!!0-item_pic.jpg,//detail.tmall.com/item.htm?id=807955531254&ns=1&abbucket=10&xxc=taobaoSearch&mi_id=0000dCVs02UTTtBQx92JVreHzZPOoJJbL64wFs7582RRaUk&skuId=5661684559433
649347245717,潮牌床单四件套芝麻街被套单人床宿舍床上三件套kaws男生床单床笠,79,¥,,柒兮家居,柒兮家居,5年老店,81人付款,浙江 绍兴," 3期, 退货宝, 包邮",功能特性:蓄热保暖 | 织造工艺:磨毛 | 床单面料材质:聚酯纤维 | 床品工艺:活性印花 | 面料支数:40支 | 件数:4件 | 被里材质:聚酯纤维 | 风格:ins风 | 适用季节:四季通用 | 面料密度:133x72 | 主图案类型:卡通动漫 | 品牌:金帝柔,https://g-search2.alicdn.com/img/bao/uploaded/i4/i1/4031554845/O1CN013s4vi41lf43BqcZRv_!!4031554845.jpg,//item.taobao.com/item.htm?id=649347245717&ns=1&abbucket=10&xxc=taobaoSearch&mi_id=00000fuICkEFJCFQiGGgSuQUOgN1elfRT3B99pPFSkC6-6I&skuId=4677983252339
714726469780,考斯汽车摆件网红2025新款中控台kaws摇头公仔潮流车内装饰用品,23.88,¥,券后价,xianyaoluan,爱秀车品,,25人付款,河北 衡水,"官方立减12%, 店铺满39减3, 淘金币已抵0.69元, 包邮",,https://g-search1.alicdn.com/img/bao/uploaded/i4/i2/377207841/O1CN01LdWGCA27nEO3HAzHy_!!377207841.jpg,//item.taobao.com/item.htm?id=714726469780&ns=1&abbucket=10&xxc=taobaoSearch&mi_id=0000BmvvYGNDTO9ewhsn_DI3XaX9_VSb_s8BsrhJKnO8bI4&skuId=5174289719484
703634756001,装饰画芯现代轻奢kaws积木暴力熊潮流客厅玄关走廊过道图片素材,3,¥,,52大妍,好久不见图库,8年老店,10人付款,陕西 西安,包邮,,https://g-search2.alicdn.com/img/bao/uploaded/i4/i2/2154349068/O1CN01shIPHY2GrCLB2XsOv_!!2154349068.jpg,//item.taobao.com/item.htm?id=703634756001&ns=1&abbucket=10&xxc=taobaoSearch&mi_id=0000pciD3nD56eV6zuQKR86IQSX8x_jY-RK1YRq9ekwJqg0&skuId=null
754574006879,潮牌店芝麻街KAWS暴力熊插画集装箱装饰背景墙壁画PSD设计素材图,2.4,¥,,朱丽叶5237,至珍工作室,10年老店,4人付款,广东 深圳,"24小时内发, 包邮",,https://g-search3.alicdn.com/img/bao/uploaded/i4/i4/2481118547/O1CN01IMxcPj2D0a54SIu1O_!!2481118547.jpg,//item.taobao.com/item.htm?id=754574006879&ns=1&abbucket=10&xxc=taobaoSearch&mi_id=00005Gm-Qi2P-5oGm3JN4IFAKgS7btjo72V_tUjUv9CqQok&skuId=null
808069476561,KAWS潮牌网红店涂鸦芝麻街潮流暴力熊集装箱背景壁画墙纸PSD素材,0.69,¥,,tb004028849,tb004028849的小店,,2人付款,北京,24小时内发,,https://g-search2.alicdn.com/img/bao/uploaded/i4/i4/2214256545460/O1CN01CSE51k1qCjUAPG59L_!!2214256545460.jpg,//item.taobao.com/item.htm?id=808069476561&ns=1&abbucket=10&xxc=taobaoSearch&mi_id=0000XRG4YqgthFswvojcbqwCa5_hxkYR1vjxjystXQSUr6s&skuId=null
829857489464,kaws海港系列坐姿礼物芝麻街公仔轻奢潮玩暴力熊卡通桌面摆件手办,38.98,¥,券后价,tb51524002,匠心好物百货商贸,,59人付款,浙江 杭州,"店铺满10减1, 退货宝, 48小时内发, 包邮",,https://g-search1.alicdn.com/img/bao/uploaded/i4/i1/3204811074/O1CN019wC5RT1JnwMRPCMiu_!!3204811074.jpg,//item.taobao.com/item.htm?id=829857489464&ns=1&abbucket=10&xxc=taobaoSearch&mi_id=0000calgimAxKZ1zbATp55Xeu7UXGQpFrX5Q381drD59tzg&skuId=5730865010333
900162893573,现代潮流轻奢暴力熊车KAWS卡通公仔客厅装饰画芯高清素材图库,1,¥,,mrelvisliu,风暴66,,0人付款,北京,包邮,,https://g-search1.alicdn.com/img/bao/uploaded/i4/i1/2680936707/O1CN017ilkC81zPrKuV1rYn_!!2680936707.jpg,//item.taobao.com/item.htm?id=900162893573&ns=1&abbucket=10&xxc=taobaoSearch&mi_id=0000UkA0tq8X-SDHkEHU57-Y9OYE4GqXf3MWMH5yLdewZBE&skuId=null
,,,,,,,,,,,,,
,,,,,,,,,,,,,
1019737812715,卡通kaws主题周岁生日派对包厢ktv背景电子设计素材非实物,1,¥,券后价,设计师的时光,子陵素材铺,,1人付款,北京,"店铺满10减1, 24小时内发, 淘金币已抵0.05元, 包邮, 公益宝贝",设计元素:3D建模 | 交付周期:1天 | 设计领域:平面设计,https://g-search2.alicdn.com/img/bao/uploaded/i4/i3/3322587141/O1CN01n01Dvh22cdQVv3HyX_!!3322587141.jpg,//item.taobao.com/item.htm?id=1019737812715&ns=1&abbucket=10&xxc=taobaoSearch&mi_id=0000M_ATHOuuDNRQyLE35fLBuM3KIlQqhW9g9K7VRAGtJvw&skuId=null
972888666826,优衣库男装女装KAWS HEATTECH针织手套485258,129,¥,,优衣库官方旗舰店,优衣库官方旗舰店,回头客90万,3000+人付款,上海,退货宝,手套款式:分指手套 | 是否一次性:否 | 厚度等级:中等 | 品牌:Uniqlo/优衣库,https://g-search3.alicdn.com/img/bao/uploaded/i4/i1/196993935/O1CN01N2pzQ51ewHdnjq5Un_!!196993935.jpg,//detail.tmall.com/item.htm?id=972888666826&ns=1&abbucket=10&xxc=taobaoSearch&mi_id=0000l1W_JSvtzbB2Iw5zIHEFVtfL32K-_GJBqmj65_IOeiI&skuId=5955093045346
1012430742962,优衣库男女装KAWS柔软绵羊毛圆领针织衫长袖毛衣毛衫485271刺绣,169,¥,,huangyanyan53820,HaHaBaby良心代,,1000+人看过,浙江 金华,"48小时内发, 公益宝贝",版型分类:宽松型 | 领型设计:圆领 | 款式细节:刺绣/绣花 | 图案:纯色 | 风格:休闲风 | 细分风格:青春活力 | 材质成分:绵羊毛100% | 穿着方式:套头 | 柔软度:柔软,https://g-search3.alicdn.com/img/bao/uploaded/i4/i3/393642416/O1CN01KqCRf01Tia0pBkh8y_!!393642416.jpg,//item.taobao.com/item.htm?id=1012430742962&ns=1&abbucket=10&xxc=taobaoSearch&mi_id=000038ZvLuuv_cGl-JIjMLEYpQVs8nOAw43bGd01fOt16DQ&skuId=6181429395145
823207714132,Y09 20款KAWS芝麻街潮流风格男女装T恤PNG透明免扣高清图素材,1.99,¥,,gao554207950,六月素材,6年老店,4人付款,山西 临汾,"24小时内发, 包邮",,https://g-search2.alicdn.com/img/bao/uploaded/i4/i3/776940122/O1CN01SmCBwt1ClvIbPEEF0_!!776940122.jpg,//item.taobao.com/item.htm?id=823207714132&ns=1&abbucket=10&xxc=taobaoSearch&mi_id=0000jRIt2kq3h6GQWdksedg9ITvaArm8O8mqZG51eQw613w&skuId=null
596057994121,潮牌kws短袖T恤第二弹男女夏装纯棉宽松小众情侣装ins新款限定tee,109,¥,券后价,咖木旗舰店,咖木旗舰店,回头客1万,33人付款,湖北 武汉,官方立减12%,材质成分:棉100% | 版型分类:标准 | 面料:针织布 | 适用人群:青少年,https://g-search3.alicdn.com/img/bao/uploaded/i4/i1/3619948476/O1CN01poCzTr2CU3nV8IgNo_!!0-item_pic.jpg,//detail.tmall.com/item.htm?id=596057994121&ns=1&abbucket=10&xxc=taobaoSearch&mi_id=0000lTJMK6Dowa9Ln4kY-g522KxZ7c4Q0YKG-LuYDXUn6Ns&skuId=4140812945932
651993720810,芝麻街Kaws鼠标垫超大潮牌桌垫涂鸦游戏大号电脑键盘垫电竞ins风加厚防滑书桌垫可定制男女个性办公桌垫,99,¥,券后价,十兆鑫数码专营店,十兆鑫数码专营店,7年老店,400+人付款,河南 平顶山,"官方立减12%, 淘金币已抵0.29元, 48小时内发, 包邮",材质:胶垫 | 厚度:5mm | 尺寸:800x300mm | 品牌:务晓,https://g-search3.alicdn.com/img/bao/uploaded/i4/i4/4014597107/O1CN01hggEOC22N3XK8c6qo_!!0-item_pic.jpg,//detail.tmall.com/item.htm?id=651993720810&ns=1&abbucket=10&xxc=taobaoSearch&mi_id=0000NenWqgi6HufUiQK7sLSucivU_83vo6ztHBZwGulPUU0&skuId=4878876262841
965905657977,优衣库童装KAWS HEATTECH souffle yarn舒芙蕾针织帽子480329,99,¥,,优衣库官方旗舰店,优衣库官方旗舰店,回头客90万,2000+人付款,上海,退货宝,,https://g-search2.alicdn.com/img/bao/uploaded/i4/i2/196993935/O1CN01cbxc4L1ewHdnbob3g_!!196993935.jpg,//detail.tmall.com/item.htm?id=965905657977&ns=1&abbucket=10&xxc=taobaoSearch&mi_id=0000TmgqzyoMJ4NjC3z1BhIrUrqKKs4efgHv_OKwNQMDEj8&skuId=5955085137625
845785445809,现代简约轻奢时尚潮流卡通KAWS三联画客厅玄关装饰画高清素材图库,1,¥,,素材兔,素材图,,2人付款,辽宁 沈阳,包邮,,https://g-search1.alicdn.com/img/bao/uploaded/i4/i1/2208201507762/O1CN01X6y5RW27D3GT4kg8y_!!2208201507762.jpg,//item.taobao.com/item.htm?id=845785445809&ns=1&abbucket=10&xxc=taobaoSearch&mi_id=0000O2AgjXOE_75V0IA5I-8O9-7RFs92Sc2ESq5R_jsmMMs&skuId=null
972147167145,车内汽车饰品可爱公仔车载中控台玩偶显示屏幕趴趴摆件电动车装饰,17.94,¥,券后价,tb稻草人g,柚柚说 每日好物店,回头客2万,6000+人付款,浙江 金华,"超级立减10%, 48小时内发, 包邮",,https://g-search1.alicdn.com/img/bao/uploaded/i4/i2/1990525409/O1CN0134a7NA1ppNPLbHG9b_!!1990525409.jpg,//item.taobao.com/item.htm?id=972147167145&ns=1&abbucket=10&xxc=taobaoSearch&mi_id=0000lbwrs8kU91RSTRkdQY7jb90DPyEZrPxhbESSki8lquM&skuId=6091022527240
624201180566,欧美潮牌kaws芝麻街卡通ins时尚动漫情侣外套宽松可定制圆领卫衣,145,¥,券后价,沃纶物语服饰旗舰店,沃纶物语服饰旗舰店,14年老店,9人付款,山东 潍坊,"官方立减12%, 退货宝, 包邮, 公益宝贝",,https://g-search3.alicdn.com/img/bao/uploaded/i4/i4/746677655/O1CN01uPfy4826Q2UwyXrG2_!!746677655-0-lubanu-s.jpg,//detail.tmall.com/item.htm?id=624201180566&ns=1&abbucket=10&xxc=taobaoSearch&mi_id=0000QOnuq0pWoJ2UeTWRiVhkFmvbDkayZBmCnfyMHe40vGE&skuId=4591931010919
987819503688,优衣库童装KAWS souffle yarn舒芙蕾圆领针织衫长袖毛衣478143,149,¥,,优衣库官方旗舰店,优衣库官方旗舰店,回头客90万,1万+人付款,上海,退货宝,领型设计:圆领 | 适用季节:冬季 | 材质成分:腈纶39%，聚酯纤维33%(使用再生聚酯纤维)，棉26%，氨纶2%,https://g-search3.alicdn.com/img/bao/uploaded/i4/i2/196993935/O1CN01Vb78mc1ewHdnjpLjw_!!196993935.jpg,//detail.tmall.com/item.htm?id=987819503688&ns=1&abbucket=10&xxc=taobaoSearch&mi_id=00001kDGU6LaT9SPol--Lu3rRta02nLod0BdbGv_xx8pOrY&skuId=5955094777332
966101906466,芝麻街316保温杯双层男士双饮小学生手提水杯定制潮牌kaws杯子女,79.8,¥,券后价,麒远旗舰店,麒远旗舰店,,2人付款,广东 深圳,"官方立减12%, 包邮",材质:316不锈钢 | 容量:400ml-500ml | 杯子样式:双饮 | 适用人群:通用,https://g-search3.alicdn.com/img/bao/uploaded/i4/i3/2212161739657/O1CN01AZAINv2LCxs2VXDYv_!!4611686018427386761-0-item_pic.jpg,//detail.tmall.com/item.htm?id=966101906466&ns=1&abbucket=10&xxc=taobaoSearch&mi_id=0000fisRAvf-tMT1cRx2HPYfyRmQdCM4wVOYop-jMpRbYVs&skuId=6000534591287
624203220392,kaws芝麻街联名男女潮流时尚卡通时尚原宿风保暖宽松圆领套头卫衣,145,¥,券后价,沃纶物语服饰旗舰店,沃纶物语服饰旗舰店,14年老店,1人付款,山东 潍坊,"官方立减12%, 退货宝, 包邮, 公益宝贝",,https://g-search3.alicdn.com/img/bao/uploaded/i4/i4/746677655/O1CN01mnMkrc26Q2UuzrBV3_!!746677655-0-lubanu-s.jpg,//detail.tmall.com/item.htm?id=624203220392&ns=1&abbucket=10&xxc=taobaoSearch&mi_id=0000sS02lluvn930v-tx_fR9J9qn-IaFjDsmj0fHosVinR0&skuId=4419999708366
600645529341,潮牌水杯kaws芝麻街玻璃杯 kaws seeing/watching ins杯子套装,88.88,¥,券后价,xz13364562000,黄金大劈叉,,3人付款,吉林 长春,"官方立减12%, 淘金币已抵3.4元, 退货宝, 极有家, 包邮, 公益宝贝",形状:圆形 | 玻璃杯花色:印花,https://g-search2.alicdn.com/img/bao/uploaded/i4/i1/1832814044/O1CN01itF60b1fkCHlM6cTp_!!1832814044.jpg,//item.taobao.com/item.htm?id=600645529341&ns=1&abbucket=10&xxc=taobaoSearch&mi_id=0000aLP537sO2rCSNYFbJshLXks0VaeBw2tS0GYk-F1tn1g&skuId=4204533600501
,,,,,,,,,,,,,
680716381922,网红潮牌kaws轻奢毛绒毯办公室夏天午睡空调毯车载盖沙发毯子,59,¥,,优之婷,FIVESTAR生活馆,6年老店,4人付款,广东 深圳,包邮,使用场景:办公区 | 风格:简约现代 | 图案:卡通动漫 | 毯面材质:法兰绒 | 适用季节:夏季,https://g-search3.alicdn.com/img/bao/uploaded/i4/i4/749160224/O1CN01QAEwuo1DWdUfY09jG_!!749160224.jpg,//item.taobao.com/item.htm?id=680716381922&ns=1&abbucket=10&xxc=taobaoSearch&mi_id=00005UaQGv_sYpKuOrU1I_Jg7FAdCuoFyeS7hfsBFZrDrAY&skuId=4881446749564
729538962037,潮牌kaws卡瓦斯芝麻街卡通T恤卫衣烫画印花图案素材,3.98,¥,券后价,tb234676414,当当素材铺,,40人付款,上海,"官方立减12%, 包邮",,https://g-search3.alicdn.com/img/bao/uploaded/i4/i2/2200694955905/O1CN01TVIcyx1tUXolb6quN_!!2200694955905.jpg,//item.taobao.com/item.htm?id=729538962037&ns=1&abbucket=10&xxc=taobaoSearch&mi_id=0000yju3a_J9NB3LBH5QNinlByG60j7j6agTQ5Q2MXgG0og&skuId=6084460343163
997190718757,NASA kaws公仔联名芝麻街圆领卫衣男2025新款秋冬款衣服加绒外套,44.33,¥,券后价,丛白旗舰店,丛白旗舰店,,1人付款,江西 南昌,"官方立减12%, 包邮",克重范围:21g | 版型分类:宽松型 | 领型设计:圆领 | 是否连帽:否 | 适用性别:男,https://g-search1.alicdn.com/img/bao/uploaded/i4/i2/2218508240494/O1CN01WL7c0F1FWIlOybBOM_!!4611686018427381358-0-item_pic.jpg,//detail.tmall.com/item.htm?id=997190718757&ns=1&abbucket=10&xxc=taobaoSearch&mi_id=0000bF_ZwS2DGYltsFyO77BRRD2oO00AMCnapiXDL2r2hDA&skuId=5980590485904
853549646150,优衣库男装KAWS+Warhol运动长裤476120,139,¥,,衣恋613,印奢靓品,18年老店,86人付款,上海,48小时内发,裤长:长裤 | 服装版型:宽松,https://g-search3.alicdn.com/img/bao/uploaded/i4/i4/64339720/O1CN01WUam3E2LfolmYdIFG_!!64339720.jpg,//item.taobao.com/item.htm?id=853549646150&ns=1&abbucket=10&xxc=taobaoSearch&mi_id=0000zelltdBt89IYl55lQ9WaaAgmS37Pe9yNoB_qHskdsi4&skuId=5822917383227
649012124407,KAWS潮牌卡通芝麻街长条枕床头靠枕靠垫睡觉枕头 超软抱枕男女,12.9,¥,券后价,宝批发,宝批发,回头客1万,16人付款,浙江 金华,"官方立减12%, 店铺满299减10, 淘金币已抵0.12元, 包邮",材质:绒布 | 抱枕枕靠类型:腰枕 | 形状:长方形 | 适用空间:卧室 | 适用场景:家居,https://g-search1.alicdn.com/img/bao/uploaded/i4/i4/3417114904/O1CN01OIpkRQ1m64zpGns2N_!!3417114904.jpg,//item.taobao.com/item.htm?id=649012124407&ns=1&abbucket=10&xxc=taobaoSearch&mi_id=0000lU0jarqn8u-UX4NuaFKuRnB7DPlBrZjuQjvoyaCafdM&skuId=4683425633335
804579628087,潮玩芝麻街kaws公仔3d模型玩具摆件C4D模型SU建模盲盒玩偶obj fbx,5,¥,券后价,小马过河20182580,闪电3D模型库,,14人付款,北京,"24小时内发, 淘金币已抵0.11元, 包邮, 公益宝贝",,https://g-search1.alicdn.com/img/bao/uploaded/i4/i3/3938196846/O1CN01dYMMOh20RWQg6LdEZ_!!3938196846.jpg,//item.taobao.com/item.htm?id=804579628087&ns=1&abbucket=10&xxc=taobaoSearch&mi_id=0000_gpPd5hoIqHXHMwZDy9pJfMIBEGAdoxXcHwmz-IScJc&skuId=null
828904401607,数码直喷透气 KAWS香蕉印花夏季新款情侣装全棉短袖T恤男女Warhol,78,¥,券后价,jiangbaowei120,NOGIVEUPT恤工厂店,13年老店,8人付款,浙江 丽水,"官方立减12%, 退货宝, 48小时内发, 包邮",材质成分:棉100% | 版型分类:标准 | 面料:纯棉 | 图案:卡通动漫 | 适用性别:男女通用 | 适用人群:青年,https://g-search3.alicdn.com/img/bao/uploaded/i4/i3/677732093/O1CN01oMj17A1RKdx21QOhD_!!677732093.jpg,//item.taobao.com/item.htm?id=828904401607&ns=1&abbucket=10&xxc=taobaoSearch&mi_id=0000y7OBqKOw5I2CUVWGDiXa1G8wwjSeryo5n71qgleg29M&skuId=5728698343342
963365278558,kaws车载香水香薰车内空调出风口装饰品扩香石网红款汽车用品大全,79,¥,券后价,那司旗舰店,那司旗舰店,5年老店,30人付款,广东 广州,"官方立减12%, 淘金币已抵0.89元, 退货宝, 包邮, 公益宝贝",形状:卡通 | 净含量:5mL(含)-10mL(含) | 功能:祛烟味 | 品牌:那司,https://g-search2.alicdn.com/img/bao/uploaded/i4/i3/2207945184117/O1CN01HRY8nr1gHdLXW0ZHK_!!0-item_pic.jpg,//detail.tmall.com/item.htm?id=963365278558&ns=1&abbucket=10&xxc=taobaoSearch&mi_id=0000eXwe7VVkCMcWzofyFqtxN3EVgLZtZpV5kTGA4am1Q7k&skuId=4523597503923
926857773924,芝麻街智能保温杯新款女网红潮牌kaws水杯轻便316不锈钢学生杯子,79.8,¥,券后价,宇印晨象旗舰店,宇印晨象旗舰店,,0人付款,广东 东莞,官方立减12%,杯子样式:智能显温+茶隔 | 材质:316不锈钢 | 容量:480ML | 适用人群:通用,https://g-search3.alicdn.com/img/bao/uploaded/i4/i4/2213447778694/O1CN01aBR9AU2E5uSBOOknI_!!4611686018427380102-0-item_pic.jpg,//detail.tmall.com/item.htm?id=926857773924&ns=1&abbucket=10&xxc=taobaoSearch&mi_id=0000PgFJr9iIMNGpakGDA6tagYagayNMqAEVfofdCv9q2nY&skuId=5806890308960
619624761915,kaws芝麻街公仔钛钢项链日系ins潮牌嘻哈个性男士蹦迪情侣项链女,15,¥,券后价,t_1483882930503_00,SUST UNIQUE 线上商店,9年老店,2人付款,福建 厦门,"官方立减12%, 店铺满20减2, 淘金币已抵0.42元, ifashion, 包邮",链子材质:钛钢 | 周长:51cm(含)-80cm(含) | 坠子材质:合金 | 风格:原创设计 | 镶嵌材质:未镶嵌,https://g-search3.alicdn.com/img/bao/uploaded/i4/i3/2803755899/O1CN01utnWqC1tRn5rNI05M_!!2803755899.jpg,//item.taobao.com/item.htm?id=619624761915&ns=1&abbucket=10&xxc=taobaoSearch&mi_id=0000DT30vbLkBEHx4XiaB9Z7Wid0bquuEmGwuqKH9TCqeXI&skuId=4376310924021
738545019390,芝麻街卡通kaws印花素材暴力熊潮图涂鸦服装热转印烫画EPS适量图,0.3,¥,,soul_2013,七七素材铺,,15人付款,广东 深圳,"24小时内发, 包邮",,https://g-search3.alicdn.com/img/bao/uploaded/i4/i3/1084011277/O1CN01i7cSci1LIuioMDsJO_!!1084011277.jpg,//item.taobao.com/item.htm?id=738545019390&ns=1&abbucket=10&xxc=taobaoSearch&mi_id=0000IWYiuSclH1m1UfwVnRrNEQcbSPjwX1BlBOsLfxIyl7A&skuId=null
668909350197,Kaws公仔暴力熊联名周边T恤男女2022夏季新款潮ins设计感短袖纯棉,198,¥,券后价,萧曲旗舰店,萧曲旗舰店,6年老店,12人付款,山东 潍坊,"官方立减12%, 淘金币已抵1.77元, 退货宝, 公益宝贝",材质成分:棉100% | 版型分类:宽松型 | 适用人群:青少年,https://g-search3.alicdn.com/img/bao/uploaded/i4/i3/2207362515485/O1CN01BCT3Q41qOB9zwZl2E_!!0-item_pic.jpg,//detail.tmall.com/item.htm?id=668909350197&ns=1&abbucket=10&xxc=taobaoSearch&mi_id=0000XSQ5l-kXn5fTMBKjNhsxlqULgxsf1cyyVfz_U5fFZpU&skuId=4984093546662
684488544418,潮牌kaws暴力熊客厅装饰画沙发背景墙面壁画轻奢高级感三联画挂画,76,¥,券后价,海马盛康旗舰店,海马盛康旗舰店,5年老店,500+人付款,河南 商丘,"店铺满98减5, 淘金币已抵1.14元, 退货宝, 上门安装, 包邮",画框材质:金属 | 图案主题:卡通动漫 | 适用空间:客厅 | 风格匹配:现代简约 | 装裱方式:有框 | 是否带框:有框 | 画芯材质:布纹膜,https://g-search2.alicdn.com/img/bao/uploaded/i4/i3/2208881775967/O1CN010PvRWp1twwQefR31C_!!4611686018427385183-0-item_pic.jpg,//detail.tmall.com/item.htm?id=684488544418&ns=1&abbucket=10&xxc=taobaoSearch&mi_id=0000p5AaqoGZF4w7KEZ8UB8e54aKN0sGxmW5O0dMCQhiWF8&skuId=5152565951217
826622003266,联名KAWS圆领卫衣春秋薄款长袖XX眼睛的娃娃玩偶沃霍尔上衣长袖,199,¥,券后价,吴小寒tb2026,阿研的店企业店,5年老店,0人付款,广东 广州,"官方立减12%, 包邮",版型分类:宽松型 | 领型设计:圆领,https://g-search3.alicdn.com/img/bao/uploaded/i4/i4/2208319903285/O1CN01YODGDG1a8a3fuc2nN_!!0-item_pic.jpg,//item.taobao.com/item.htm?id=826622003266&ns=1&abbucket=10&xxc=taobaoSearch&mi_id=0000stRSb749VCGgSeF3ppssyYzGT_rZJnTo7mitFshziDM&skuId=5550040876377
963932400258,PNG免抠图片潮牌kaws卡瓦斯芝麻街卡通T恤卫衣烫画印花图案素材,3.9,¥,,daile0191,聚合素材,16年老店,5人付款,上海,"24小时内发, 包邮",,https://g-search3.alicdn.com/img/bao/uploaded/i4/i1/23203732/O1CN01aHs4j01dRJCMlS2Su_!!23203732.jpg,//item.taobao.com/item.htm?id=963932400258&ns=1&abbucket=10&xxc=taobaoSearch&mi_id=0000sWORkHL9OAw_yP_VuNg1tpUkdIiPBUME7ny6BDDYOI0&skuId=null
969520836196,bearbrick400%星夜梵高暴力熊摆件 积木熊神奈川冲浪玩偶手办公仔,108,¥,券后价,qq624153323,新潮舍,6年老店,300+人付款,广东 深圳,"官方立减12%,  3期, 店铺满88减3, 淘金币已抵5.4元, 退货宝, 48小时内发, 包邮, 公益宝贝",出售状态:现货 | 款式特点:关节可动,https://g-search3.alicdn.com/img/bao/uploaded/i4/i4/2322961302/O1CN018Vja6C1LUMNliaOym_!!2322961302.jpg,//item.taobao.com/item.htm?id=969520836196&ns=1&abbucket=10&xxc=taobaoSearch&mi_id=0000AoiWCG52l7myMac8r_ntnp--xYhqCHHvn8hk9c9hcHY&skuId=5738471397836
996836995323,kaws公仔联名芝麻街圆领卫衣男2025新款秋冬款宽松衣服加绒外套,55.44,¥,券后价,凡间角落旗舰店,凡间角落旗舰店,,0人付款,江西 南昌,"超级立减10%, 包邮",克重范围:21g | 版型分类:宽松型 | 领型设计:圆领 | 是否连帽:否 | 适用性别:男,https://g-search3.alicdn.com/img/bao/uploaded/i4/i2/2216624783715/O1CN01Cvvfbf1dJWUY0T0vf_!!4611686018427380067-0-item_pic.jpg,//detail.tmall.com/item.htm?id=996836995323&ns=1&abbucket=10&xxc=taobaoSearch&mi_id=0000SKUNmq8plcv6LvXfuSwyAWkEetdz-AWitzPFD7MZy9s&skuId=6145820282229
963806430230,优衣库男装女装KAWS羊绒圆领针织衫长袖毛衣毛衫485272,699,¥,,优衣库官方旗舰店,优衣库官方旗舰店,回头客90万,3000+人付款,上海,"超级爆款, 退货宝",风格:休闲风 | 材质成分:羊绒100% | 穿着方式:套头,https://g-search3.alicdn.com/img/bao/uploaded/i4/i3/196993935/O1CN01V94wyy1ewHdnbovqG_!!196993935.jpg,//detail.tmall.com/item.htm?id=963806430230&ns=1&abbucket=10&xxc=taobaoSearch&mi_id=0000QnZ_rixheMrFg0uqZ0EJmuaObazE_HtLFm28n_ssx08&skuId=6120575387150
659353070377,KAWS芝麻街男女潮拖鞋涂鸦卡通联名鸳鸯情侣拖防滑耐磨家居家凉拖,49.8,¥,券后价,cyxunjiang,潮拖世家,12年老店,13人付款,广东 潮州,"淘金币已抵0.56元, 包邮",适用季节:四季通用 | 风格:青春潮流 | 款式:一字拖 | 鞋跟:平跟 | 场合:浴室 | 功能:耐磨,https://g-search3.alicdn.com/img/bao/uploaded/i4/i3/151723063/O1CN01CVATJw1YUtv9Pz6Eb_!!151723063.jpg,//item.taobao.com/item.htm?id=659353070377&ns=1&abbucket=10&xxc=taobaoSearch&mi_id=0000DBVazQKRAlcbybDBDeImPq0fCNtwYfp9xPacPNrO9tI&skuId=4930420075567
934556168410,清仓卡通KAWS考斯手办模型公仔汽车摆件个性汽车装饰用品玩具礼物,24,¥,券后价,向阳葵00,阳光下的向阳葵,回头客1万,2人付款,河南 郑州,"淘金币已抵0.24元, 48小时内发, 包邮",,https://g-search2.alicdn.com/img/bao/uploaded/i4/i1/685246550/O1CN01oJdWiI1yFxIAPCiP7_!!685246550.jpg,//item.taobao.com/item.htm?id=934556168410&ns=1&abbucket=10&xxc=taobaoSearch&mi_id=0000T_1ScJT4h8SZx9mBUIZxs5pgYrWUEuCMc8fBrxsWoNQ&skuId=5989907135794
799384829488,欧美潮牌Kaws卡通芝麻街图案玩偶T恤印花手机壳AI矢量高清素材,9.69,¥,,tb686065788,羽嘉素材库,,1人付款,北京,包邮,,https://g-search2.alicdn.com/img/bao/uploaded/i4/i4/2207387258915/O1CN01CcGemY2Fj7t1fVxh7_!!2207387258915.png,//item.taobao.com/item.htm?id=799384829488&ns=1&abbucket=10&xxc=taobaoSearch&mi_id=0000h0tTAVj_TVl8KrCff_3SV5AOEUuLlhg-UTzq-uSd7h4&skuId=null
745878701208,KAWS枕套潮牌芝麻街枕芯套卡通枕头套48×74cm一个40*60单人30*50,9.9,¥,,x15972202176,茜茜茜公主时尚家居店,13年老店,42人付款,浙江 绍兴,包邮,,https://g-search3.alicdn.com/img/bao/uploaded/i4/i2/695785428/O1CN01svoNKz1py4tEbt4ZW_!!695785428.jpg,//item.taobao.com/item.htm?id=745878701208&ns=1&abbucket=10&xxc=taobaoSearch&mi_id=0000WBcimKMuiu77bxlJjwh1mhHwRdyCt6bDAAJInwi5PkQ&skuId=5930273787503
684659352436,暴力熊kaws公仔玩偶小号家居客厅玄关鞋柜电视柜桌面装饰品摆件,76,¥,券后价,盈和久福旗舰店,盈和久福旗舰店,5年老店,83人付款,浙江 金华," 3期, 淘金币已抵1.14元, 退货宝, 包邮",设计风格:北欧风格 | 主体材质:树脂 | 适用空间:客厅,https://g-search3.alicdn.com/img/bao/uploaded/i4/i3/2208128713299/O1CN01tjBL3z1aEzRK2QgvQ_!!0-item_pic.jpg,//detail.tmall.com/item.htm?id=684659352436&ns=1&abbucket=10&xxc=taobaoSearch&mi_id=000061nwtOLfSioQiZqSd9I_5btH1WI1_Jebnmy-W4Z5h3s&skuId=4963953348678
859875432161,竖款电表箱装饰画暴力熊挂画网红kaws电闸盒电源开关盒遮挡挂画,36,¥,券后价,tb660490973437,森朴艺术画廊,,100+人付款,河南 商丘,"店铺满15减11, 淘金币已抵1.8元, 30天价保, 48小时内发, 包邮, 公益宝贝",图案主题:卡通动漫 | 适用空间:电表箱 | 装裱方式:有框 | 画芯材质:水晶膜,https://g-search2.alicdn.com/img/bao/uploaded/i4/i1/2218983859330/O1CN01IsQz8B2InCJEDZmer_!!2218983859330.jpg,//item.taobao.com/item.htm?id=859875432161&ns=1&abbucket=10&xxc=taobaoSearch&mi_id=0000M5tuH9tohJEW8E1GJlPdNNLjj_v5z1ef_cqDaH6iibo&skuId=5674647089304
722026814439,kaws轻奢暴力熊芝麻街公仔客厅家居橱窗装饰网红创意桌面桌沿摆件,86,¥,券后价,花始祖旗舰店,花始祖旗舰店,5年老店,12人付款,福建 泉州,"官方立减12%, 淘金币已抵0.72元, 退货宝, 包邮",表面工艺:纯手工 | 主体材质:卡通,https://g-search1.alicdn.com/img/bao/uploaded/i4/i4/2209844513382/O1CN01ZbiX0J1ar0L92f731_!!0-item_pic.jpg,//detail.tmall.com/item.htm?id=722026814439&ns=1&abbucket=10&xxc=taobaoSearch&mi_id=0000-npNS-9JsigCvupQxslPC21maiRB5IOIDq90cNo7Gx4&skuId=5020407144675
856923042741,kaws芝麻街手办公仔玩偶网红玩具装饰品二次元摆件草图大师SU模型,2,¥,券后价,xuxueangtaobao,老八校设计素材,6年老店,10人付款,江苏 连云港,"24小时内发, 淘金币已抵0.06元, 包邮",,https://g-search3.alicdn.com/img/bao/uploaded/i4/i3/654936032/O1CN01DqUs411uQi59Slg6L_!!654936032.jpg,//item.taobao.com/item.htm?id=856923042741&ns=1&abbucket=10&xxc=taobaoSearch&mi_id=0000D8nKj-1g4s2MfP3w0tllZnz_AcafIxkmpyaZZFcJ0IQ&skuId=null
684488544418,潮牌kaws暴力熊客厅装饰画沙发背景墙面壁画轻奢高级感三联画挂画,76,¥,券后价,海马盛康旗舰店,海马盛康旗舰店,5年老店,500+人付款,河南 商丘,"店铺满98减5, 淘金币已抵1.14元, 退货宝, 上门安装, 包邮",画框材质:金属 | 图案主题:卡通动漫 | 适用空间:客厅 | 风格匹配:现代简约 | 装裱方式:有框 | 是否带框:有框 | 画芯材质:布纹膜,https://g-search1.alicdn.com/img/bao/uploaded/i4/i3/2208881775967/O1CN010PvRWp1twwQefR31C_!!4611686018427385183-0-item_pic.jpg,//detail.tmall.com/item.htm?id=684488544418&ns=1&abbucket=10&xxc=taobaoSearch&mi_id=0000p5AaqoGZF4w7KEZ8UB8e55AtfY45pzCnF73efq88df0&skuId=5152565951217
960648107427,KAWS潮牌网红店涂鸦芝麻街潮流暴力熊集装箱背景壁画墙纸PSD素材,1,¥,券后价,tb88656111626,张心花11,,1人付款,北京,"24小时内发, 包邮",,https://g-search1.alicdn.com/img/bao/uploaded/i4/i1/2221295806995/O1CN01AGQID821XlaZwsfeD_!!4611686018427382291-2-item_pic.png,//item.taobao.com/item.htm?id=960648107427&ns=1&abbucket=10&xxc=taobaoSearch&mi_id=0000R902r8U8erDGv7Kvmu_ZZXXaQCM1mHRUZ6_Y9_ms9UA&skuId=null
829835433963,潮流数钱Cash款公仔XX眼暴力熊潮牌摆件sz-sujiao-kaws手办,31,¥,,lk39117100,Zo zo潮玩店,,14人付款,江西 吉安,"退货宝, 48小时内发, 包邮",品牌:KAWS | 出售状态:现货 | 系列:芝麻街 | 主体高度(cm):30cm | 适用年龄（新版）:14岁,https://g-search1.alicdn.com/img/bao/uploaded/i4/i4/3613510326/O1CN01MHzTso1EHMCLgKim9_!!3613510326.jpg,//item.taobao.com/item.htm?id=829835433963&ns=1&abbucket=10&xxc=taobaoSearch&mi_id=0000MFXANZV1PGrP4KW3v69uC09X-CBeczZXMgWwirJA7yY&skuId=5730788242420
624668683263,2双组合XX卡通芝麻街KAWS联名ins潮袜简约百搭中筒袜街头运动袜子,15.8,¥,券后价,tb683957283,TREND潮袜铺,6年老店,40人付款,浙江 绍兴,"官方立减12%, 淘金币已抵0.31元, 退货宝, 包邮, 公益宝贝",适用性别:男女通用 | 筒高:中筒 | 上市年份季节:2020年夏季,https://g-search3.alicdn.com/img/bao/uploaded/i4/i2/4130418849/O1CN0152WsOp2FEtOtwWmxh_!!4130418849.jpg,//item.taobao.com/item.htm?id=624668683263&ns=1&abbucket=10&xxc=taobaoSearch&mi_id=0000W_2kp8JDKH7aQNvpK3FwazZjetf_ijQe7tXa4-RnF24&skuId=4897014169664
887209941629,KAWS Warhol联名短袖T恤男2025新款夏季动漫周边宽松衣服半袖潮牌,34.9,¥,券后价,凡间角落旗舰店,凡间角落旗舰店,,3人付款,江西 南昌,"官方立减12%, 新品, 包邮",版型分类:标准 | 适用人群:青少年,https://gw.alicdn.com/imgextra/O1CN01u5NEj21dJWU216Roh_!!2216624783715-0-picasso.jpg,//detail.tmall.com/item.htm?id=887209941629&ns=1&abbucket=10&xxc=taobaoSearch&mi_id=0000UwCciZHKRPKEijHrphlkXWM0vQQCftezfPJTW_KZYmg&skuId=5729393080656
667725194560,mand kaws公仔手办潮玩kwas站立桌面摆件考斯居家艺术装饰现货,48,¥,券后价,tb4476160662,靠谱青年Lab,,16人付款,浙江 杭州,"官方立减12%, 淘金币已抵1.41元, 30天价保, 退货宝, 包邮",出售状态:现货 | 款式特点:关节可动 | 选购热点:暴力熊,https://g-search3.alicdn.com/img/bao/uploaded/i4/i1/2206804004995/O1CN01U3pKj11mll5FNZhaf_!!2206804004995.jpg,//item.taobao.com/item.htm?id=667725194560&ns=1&abbucket=10&xxc=taobaoSearch&mi_id=0000FckW6WfEz3Sw67PL-Fp3KA6eo96yoVVzTTGFWdOAy9g&skuId=4980815938506
757018528405,卡通ins潮牌芝麻街床边地毯家用kaws客厅茶几地垫卧室床前垫子,12,¥,券后价,依旧那个小达达,睿达地毯,,12人付款,天津,"官方立减12%, 包邮, 公益宝贝",清洗类型:可机洗 | 可定制性:支持定制 | 适用空间:客厅 | 主图案类型:动物图案 | 形状:矩形 | 风格:卡通 | 表面材质:混纺,https://g-search3.alicdn.com/img/bao/uploaded/i4/i1/3335926445/O1CN01hRrPEx1xTrYNf2nXo_!!3335926445.jpg,//item.taobao.com/item.htm?id=757018528405&ns=1&abbucket=10&xxc=taobaoSearch&mi_id=0000aeV4Gwe3hHy9aEc7BGgHZCSvsZa8iA495ybb_APiREU&skuId=5390403546069
668577597160,Kaws公仔玩偶联名周边印花短袖男女2022夏季新款潮ins牌小众T恤衫,198,¥,券后价,萧曲旗舰店,萧曲旗舰店,6年老店,5人付款,浙江 杭州,"官方立减12%, 淘金币已抵1.77元, 退货宝, 包邮, 公益宝贝",材质成分:棉100% | 版型分类:宽松型 | 适用人群:青少年,https://g-search1.alicdn.com/img/bao/uploaded/i4/i2/2207362515485/O1CN01UYdbLp1qOB9vBSrge_!!0-item_pic.jpg,//detail.tmall.com/item.htm?id=668577597160&ns=1&abbucket=10&xxc=taobaoSearch&mi_id=0000jrgXi46sXetDUmn0HS65_Bf2Ld7XQNVp_P1f_UihwyA&skuId=4815573033269
,,,,,,,,,,,,,
,,,,,,,,,,,,,
655148192995,kaws芝麻街潮牌XX眼汽车贴纸创意卡通电动车摩托车小牛雅迪车贴纸,9,¥,券后价,xlbart旗舰店,xlbart旗舰店,,100+人付款,福建 宁德,"淘金币已抵0.24元, 退货宝, 48小时内发, 包邮, 公益宝贝",贴膜类型:车身贴 | 材质:胶贴 | 服务内容:支持订制 | 图案:卡通动漫 | 品牌:XLBART,https://g-search2.alicdn.com/img/bao/uploaded/i4/i2/2212519790123/O1CN01GHUjHo1CmNQJtEo8Q_!!0-item_pic.jpg,//detail.tmall.com/item.htm?id=655148192995&ns=1&abbucket=10&xxc=taobaoSearch&mi_id=000055jateosJ-gTgkqhh-gSSDMtltQlIM1Od3IlRUUwICo&skuId=4903341158550
820880526944,临时挪车电话牌汽车号码牌停车牌车载女生车内装饰品摆件屏幕公仔,23.1,¥,券后价,tb873918782695,宇宙车品工厂店,,1万+人付款,广东 东莞,"48小时内发, 包邮",,https://g-search3.alicdn.com/img/bao/uploaded/i4/i2/2218276572272/O1CN01DIXQry1Secq3nqVwM_!!2218276572272.jpg,//item.taobao.com/item.htm?id=820880526944&ns=1&abbucket=10&xxc=taobaoSearch&mi_id=0000eQexR0s8PxxSk4maGOQtNN-KMkJHC8tqUiCplyIsKlo&skuId=5527731676684
779338031573,kaws挂画玄关墙上装饰画潮牌海报芝麻街卧室卡通潮流客厅沙发壁画,77,¥,券后价,李耿贤88,宜家映画,9年老店,5人付款,河南 商丘,"退货宝, 上门安装, 极有家, 包邮",图案主题:抽象 | 适用空间:通用 | 风格匹配:新中式 | 装裱方式:有框 | 画芯材质:布纹膜,https://g-search2.alicdn.com/img/bao/uploaded/i4/i3/1091161396/O1CN019rhN3I1MBPqsdkGnV_!!1091161396.jpg,//item.taobao.com/item.htm?id=779338031573&ns=1&abbucket=10&xxc=taobaoSearch&mi_id=0000ufVkUmk7ocMExklna65mMSdDue_m9hb0h1PyjEnXh74&skuId=5495348523129
934556168410,清仓卡通KAWS考斯手办模型公仔汽车摆件个性汽车装饰用品玩具礼物,24,¥,券后价,向阳葵00,阳光下的向阳葵,回头客1万,2人付款,河南 郑州,"48小时内发, 包邮",,https://g-search2.alicdn.com/img/bao/uploaded/i4/i1/685246550/O1CN01oJdWiI1yFxIAPCiP7_!!685246550.jpg,//item.taobao.com/item.htm?id=934556168410&ns=1&abbucket=10&xxc=taobaoSearch&mi_id=0000T_1ScJT4h8SZx9mBUIZxs3o-kkniYzaJfyE-hwX5F7g&skuId=5989907135794
842284441437,kaws芝麻街公仔客厅高档轻奢潮玩暴力熊桌面摆件手办卡通家居礼物,37.98,¥,券后价,tb286030043356,第三家小店,,30人付款,北京,"店铺满10减1, 包邮",材质:塑料 | 玩具类型:公仔 | 玩偶种类:卡通形象 | 适用年龄:成年人 | 品牌:DIY,https://g-search3.alicdn.com/img/bao/uploaded/i4/i3/2218688679488/O1CN01aEtTNt2JxYs1se6c0_!!2218688679488.jpg,//item.taobao.com/item.htm?id=842284441437&ns=1&abbucket=10&xxc=taobaoSearch&mi_id=0000HRgN6owsZ0mWJpFfy1PwWqmTQKG3ygOvwfdr2DmBUNk&skuId=5782681131376
659353070377,KAWS芝麻街男女潮拖鞋涂鸦卡通联名鸳鸯情侣拖防滑耐磨家居家凉拖,49.8,¥,券后价,cyxunjiang,潮拖世家,12年老店,13人付款,广东 潮州,"淘金币已抵0.56元, 包邮",适用季节:四季通用 | 风格:青春潮流 | 款式:一字拖 | 鞋跟:平跟 | 场合:浴室 | 功能:耐磨,https://g-search3.alicdn.com/img/bao/uploaded/i4/i3/151723063/O1CN01CVATJw1YUtv9Pz6Eb_!!151723063.jpg,//item.taobao.com/item.htm?id=659353070377&ns=1&abbucket=10&xxc=taobaoSearch&mi_id=0000DBVazQKRAlcbybDBDeImPreUyp5SHiCWmL4MbOPkZ0Y&skuId=4930420075567
738103842656,联名kaws短袖t恤玩偶公仔卡通艺术潮牌潮流家庭亲子装纯棉衣服,100,¥,券后价,吴小寒tb2026,阿研的店企业店,5年老店,55人付款,广东 揭阳,"官方立减12%,  3期, 包邮",材质成分:棉100% | 版型分类:宽松型 | 适用人群:青年,https://g-search3.alicdn.com/img/bao/uploaded/i4/i3/2208319903285/O1CN018hhGty1a8Zx3H2LnA_!!0-item_pic.jpg,//item.taobao.com/item.htm?id=738103842656&ns=1&abbucket=10&xxc=taobaoSearch&mi_id=0000QYAOASkUhs22Jqy5prqsjv3VxtU7EOkF99xidivHqIs&skuId=5096581617225
960720758838,kaws公仔联名芝麻街周边圆领卫衣男女秋冬加绒长袖衣服外套潮ins,198,¥,券后价,皇庭帝威旗舰店,皇庭帝威旗舰店,8年老店,9人付款,山东 潍坊,"店铺满50减5, 淘金币已抵4.4元, 退货宝, 包邮, 公益宝贝",版型分类:宽松型 | 领型设计:圆领,https://g-search2.alicdn.com/img/bao/uploaded/i4/i3/3744298157/O1CN01n0Z3kq2A7xh4wj6cN_!!0-item_pic.jpg,//detail.tmall.com/item.htm?id=960720758838&ns=1&abbucket=10&xxc=taobaoSearch&mi_id=000029Eu0wZebbFN8MGyRxOSM-zNYlxXhW_4PvRMQQF8BUg&skuId=5559811856941
670334014317,kaws联名暴力熊周边男女2022新款夏季短袖纯宽松百搭T恤潮ins休闲,198,¥,券后价,萧曲旗舰店,萧曲旗舰店,6年老店,26人付款,浙江 杭州,"官方立减12%, 淘金币已抵1.77元, 退货宝, 包邮, 公益宝贝",材质成分:棉100% | 版型分类:宽松型,https://g-search3.alicdn.com/img/bao/uploaded/i4/i2/2207362515485/O1CN015HpbVK1qOBALPtLVp_!!0-item_pic.jpg,//detail.tmall.com/item.htm?id=670334014317&ns=1&abbucket=10&xxc=taobaoSearch&mi_id=0000IPum2U-JRlTBCANELclAXZEBdQ7ujIwHk6eKhLbQ7RA&skuId=4819552892414
970512424664,潮流暴力熊客厅装饰画kaws高级感晶瓷画儿童卧室床头挂画电竞墙画,48.6,¥,,a18737074652,雅居阁装饰画,6年老店,100+人付款,河南 郑州,"退货宝, 包邮",画芯材质:油画布 | 图案主题:卡通动漫 | 适用空间:客厅 | 风格匹配:现代简约 | 装裱方式:有框,https://g-search2.alicdn.com/img/bao/uploaded/i4/i3/3881347062/O1CN01OHgyIy222RqB0hFvj_!!3881347062.jpg,//item.taobao.com/item.htm?id=970512424664&ns=1&abbucket=10&xxc=taobaoSearch&mi_id=0000hgJvpV_3A0FbS2bYI1Bob1vxG9-nY90wCirvPOmYcOo&skuId=5824255787049
713403670545,潮牌暴力熊挂画kaws玄关装饰画现代简约新款客厅画背景墙过道壁画,56,¥,券后价,科想旗舰店,科想旗舰店,7年老店,63人付款,河南 商丘,"店铺满198减10, 淘金币已抵0.84元, 退货宝, 上门安装, 48小时内发, 包邮",材质:水晶 | 图案主题:卡通动漫 | 适用空间:玄关 | 风格匹配:现代简约 | 装裱方式:有框 | 画芯材质:布纹/水晶,https://g-search1.alicdn.com/img/bao/uploaded/i4/i1/2200536331589/O1CN01R8vkWf1NboB8rS6EA_!!0-item_pic.jpg,//detail.tmall.com/item.htm?id=713403670545&ns=1&abbucket=10&xxc=taobaoSearch&mi_id=0000BOFT7w-qRnyn7iDChF3c5ozktdJR821cAJ9rjxC-Ql0&skuId=5163826806640
635358418003,炫轩kaws芝麻街潮牌XX眼车贴个性电动车摩托车小牛汽车车身贴纸,15,¥,券后价,炫轩汽车用品专营店,炫轩汽车用品专营店,15年老店,29人付款,广东 广州,"淘金币已抵0.37元, 退货宝, 包邮, 公益宝贝",图案主题:自然元素 | 品牌:炫轩,https://g-search1.alicdn.com/img/bao/uploaded/i4/i1/666900009/O1CN014g9JmU1BwADHzYDaF_!!0-item_pic.jpg,//detail.tmall.com/item.htm?id=635358418003&ns=1&abbucket=10&xxc=taobaoSearch&mi_id=0000uO4apMyfx78kD8gZiqx3smh3TLZ-XRF7S2FiDDGd6m4&skuId=4546796961422
658635596859,网红芝麻街玩偶毛绒玩具睡觉抱枕kaws公仔摆件大号娃娃潮牌礼物女,48,¥,,轩皓品牌店,Little Ballsの杂货店,,10人付款,广东 广州,"包邮, 公益宝贝",材质:绒布 | 玩具类型:公仔 | IP名称:Sesame Street/芝麻街,https://g-search1.alicdn.com/img/bao/uploaded/i4/i1/2210701053115/O1CN01CdEaQI1YsiSho1tif_!!2210701053115.jpg,//item.taobao.com/item.htm?id=658635596859&ns=1&abbucket=10&xxc=taobaoSearch&mi_id=0000nASJMTWOrYAeWKCvEg8iAlk_QLsSPwkKoGy_68Q44zg&skuId=5093169203389
962195754794,优衣库男装女装KAWS羊绒圆领针织衫长袖毛衣毛衫485272,699,¥,,优衣库官方旗舰店,优衣库官方旗舰店,回头客90万,3000+人付款,上海,"超级爆款, 退货宝",风格:休闲风 | 材质成分:羊绒100% | 穿着方式:套头,https://g-search3.alicdn.com/img/bao/uploaded/i4/i3/196993935/O1CN01V94wyy1ewHdnbovqG_!!196993935.jpg,//detail.tmall.com/item.htm?id=962195754794&ns=1&abbucket=10&xxc=taobaoSearch&mi_id=0000QnZ_rixheMrFg0uqZ0EJmjnetoGRZGeKyUqTqfQzN6c&skuId=6120575387150
,,,,,,,,,,,,,
962723843079,潮玩海港城kaws公仔阿木木捂脸提偶数钱考斯手办玩偶客厅桌面摆件,34.8,¥,券后价,lk39117100,Zo zo潮玩店,,51人付款,江西 吉安,"退货宝, 48小时内发, 包邮",品牌:kaws | 出售状态:现货 | 系列:kaws | 主体高度(cm):20cm | 适用年龄（新版）:14岁,https://g-search1.alicdn.com/img/bao/uploaded/i4/i1/3613510326/O1CN01uBfKkk1EHM6x386CF_!!3613510326.jpg,//item.taobao.com/item.htm?id=962723843079&ns=1&abbucket=10&xxc=taobaoSearch&mi_id=0000Cna-zX47ANhWo0xjoghvEgZwEaVpmwVykjtmKyhU9_0&skuId=6066919442445
855126608583,个性潮牌捂脸KAWS芝麻街地垫进门入户浴室门口卫生间吸水防滑脚垫,16.6,¥,券后价,安心198611,保利家居地毯,10年老店,100+人付款,天津,"官方立减12%, 48小时内发, 包邮",可定制性:支持定制 | 材质:硅藻泥 | 图案:迷彩 | 形状:条形 | 防滑等级:B级 | 清洗方式:可手洗 | 适用场景:家用 | 风格:美式,https://g-search3.alicdn.com/img/bao/uploaded/i4/i2/2733219049/O1CN01fPkvSt2GiV4z829tW_!!2733219049.jpg,//item.taobao.com/item.htm?id=855126608583&ns=1&abbucket=10&xxc=taobaoSearch&mi_id=0000uXM8_xb2-9dPO24vD3_SIXQHGDZIFRSL-Zu08ip0zic&skuId=5656411084241
998664068426,NASA kaws公仔联名芝麻街连帽卫衣男2025新款秋冬款衣服加绒外套,55.44,¥,券后价,丛白旗舰店,丛白旗舰店,,0人付款,江西 南昌,"官方立减12%, 包邮",克重范围:21g | 版型分类:宽松型 | 领型设计:连帽 | 是否连帽:是 | 适用性别:男,https://g-search1.alicdn.com/img/bao/uploaded/i4/i4/2218508240494/O1CN01cjHVqT1FWIlPF3QaP_!!4611686018427381358-0-item_pic.jpg,//detail.tmall.com/item.htm?id=998664068426&ns=1&abbucket=10&xxc=taobaoSearch&mi_id=0000FpzQJqwG8iNornOcbJ9JmvC9a3G9RMQtEck-9Y8QIfw&skuId=6145836499351
782111552676,入户地垫潮牌kaws卧室床边地毯网红拍照脚垫芝麻街大牌高级感客厅,11.9,¥,首单价,tb6313664071,千羽家饰,,21人付款,天津,"直降1元, 退货宝, 包邮",图案:卡通动漫 | 清洗方式:可手洗 | 适用场景:家用 | 风格:简约,https://g-search2.alicdn.com/img/bao/uploaded/i4/i4/2215400483255/O1CN01fKQxoT1Zuq8gxLbPO_!!2215400483255.jpg,//item.taobao.com/item.htm?id=782111552676&ns=1&abbucket=10&xxc=taobaoSearch&mi_id=0000wZHpUQe_eopRC05kAQ350kP16Pr-zNOsaiSfDcOX_W8&skuId=5343495697157
588801333149,芝麻街KAWS钱包短款学生男女韩版卡通动漫周边两折个性 PU皮夹,24.49,¥,,q616313949,秋叶精品,7年老店,2人付款,广东 广州,包邮,质地:PU | 内部结构:零钱位 | 风格:卡通 | 图案:卡通动漫 | 性别:女 | 款式:短款钱包 | 适用对象:青年,https://g-search1.alicdn.com/img/bao/uploaded/i4/i3/673709008/O1CN01qjryM02GPiGgumCVG_!!673709008.jpg,//item.taobao.com/item.htm?id=588801333149&ns=1&abbucket=10&xxc=taobaoSearch&mi_id=0000quvFhVS14slXk_2HOld1LHjc_macNe0C97jjjrEWECY&skuId=4021699593872
654530463978,男生动漫客厅地毯潮牌kaws网红ins风潮流沙发茶几毯床边卧室地毯,76,¥,券后价,helloand88,慧优地毯,11年老店,13人付款,天津,"官方立减12%, 淘金币已抵1.14元, 包邮",清洗类型:可机洗 | 适用空间:书房 | 形状:长方形 | 风格:欧美 | 表面材质:混纺,https://g-search1.alicdn.com/img/bao/uploaded/i4/i3/2174525811/O1CN018xA2BK1snUI9ROeWU_!!2174525811.jpg,//item.taobao.com/item.htm?id=654530463978&ns=1&abbucket=10&xxc=taobaoSearch&mi_id=0000whfNmT1J3TTShGUgAd5tTlj8kCeO7LcCbCzOyLBgJiE&skuId=4894179271271
997491098970,kaws公仔联名芝麻街圆领卫衣男2025新款秋冬款宽松衣服加绒外套潮,55.44,¥,券后价,睚尖旗舰店,睚尖旗舰店,,0人付款,江西 南昌,"官方立减12%, 包邮",克重范围:21g | 版型分类:宽松型 | 领型设计:圆领 | 是否连帽:否 | 适用性别:男,https://g-search3.alicdn.com/img/bao/uploaded/i4/i4/2216647345191/O1CN01Qnef4o1oDX5JWUJcK_!!4611686018427380775-0-item_pic.jpg,//detail.tmall.com/item.htm?id=997491098970&ns=1&abbucket=10&xxc=taobaoSearch&mi_id=0000u3t92ND0clZZl6K-HUUxzmz5FKll7fMqjZUHWKnI8H0&skuId=6146671083545
855724551893,KAWS Warhol联名卫衣男连帽秋冬美式外套2025新款印花宽松衣服潮,119,¥,券后价,犹乐旗舰店,犹乐旗舰店,6年老店,0人付款,江西 南昌,"官方立减12%, 包邮",面料:棉涤 | 版型分类:宽松型 | 领型设计:连帽 | 材质成分:棉80%,https://gw.alicdn.com/imgextra/O1CN01QMK6YN1UJDgAlrJ9x_!!2206485662496-0-picasso.jpg,//detail.tmall.com/item.htm?id=855724551893&ns=1&abbucket=10&xxc=taobaoSearch&mi_id=0000TtQEeGwT8kc1rPNS0icm31_hqYqrVXhmxrLZA-h78mw&skuId=5662700953285
996895815136,kaws公仔联名芝麻街连帽卫衣男2025新款秋冬款宽松衣服加绒外套,55.44,¥,券后价,派桥旗舰店,派桥旗舰店,,3人付款,江西 南昌,"官方立减12%, 包邮",克重范围:21g | 版型分类:宽松型 | 领型设计:连帽 | 是否连帽:是 | 适用性别:男,https://g-search3.alicdn.com/img/bao/uploaded/i4/i2/2219402996126/O1CN01uRTxyG1v7lPFiicq6_!!4611686018427382174-0-item_pic.jpg,//detail.tmall.com/item.htm?id=996895815136&ns=1&abbucket=10&xxc=taobaoSearch&mi_id=0000gCjUFiZL9oriIKsh3sSKZWsdpglt2ssP2x9FWyszN9k&skuId=6145964582377
658918905571,嘻哈街头个性kaws吊坠黑色不锈钢项链男卫衣长款毛衣链情侣配饰潮,16,¥,,初章旗舰店,初章旗舰店,6年老店,1人付款,浙江 金华,包邮,链子材质:钛钢 | 链子样式:蛇骨链 | 周长:51cm(含)-80cm(含) | 坠子材质:合金 | 风格:日韩 | 镶嵌材质:未镶嵌,https://g-search1.alicdn.com/img/bao/uploaded/i4/i3/2200812716056/O1CN01dHHHGL1ubhHyIkUg1_!!0-item_pic.jpg,//detail.tmall.com/item.htm?id=658918905571&ns=1&abbucket=10&xxc=taobaoSearch&mi_id=0000eFpJb2lBlHoOUP3W5_f1aIJ8m7qaT7CXLxKxvoJzODw&skuId=4929958151410
716596745014,车载香水男士专用车内饰品摆件个性创意kaws考斯公仔车上装饰,33,¥,,老实人的创业梦二,晨晨钻饰,,7人付款,河南 郑州,包邮,,https://g-search1.alicdn.com/img/bao/uploaded/i4/i2/2877436201/O1CN01jRWC801vg6q9jOlJJ_!!2877436201.jpg,//item.taobao.com/item.htm?id=716596745014&ns=1&abbucket=10&xxc=taobaoSearch&mi_id=0000B13V1W5IryZcgFxLUKMUEqfqHeZIZjsJJjDtXoCl4EM&skuId=5006850189062
658921051691,潮流网红Kaws大摆件卡通存钱罐落地装饰礼品软装客厅送礼,88,¥,券后价,骏马工艺世家,骏马工艺世家,回头客1万,18人付款,广东 潮州,"官方立减12%, 退货宝, 包邮",表面工艺:纯手工 | 主体材质:卡通 | 摆放方式:落地,https://g-search3.alicdn.com/img/bao/uploaded/i4/i3/1021653131/O1CN01jAbvRd1Z02nGkoAjE_!!1021653131.jpg,//item.taobao.com/item.htm?id=658921051691&ns=1&abbucket=10&xxc=taobaoSearch&mi_id=000084NLLs2N-OV2CGncKQi3GbOtZxv1ysZhYqkqKf9GI3Y&skuId=5178562447586
997035077508,男装女装KAWS柔软绵羊毛圆领针织衫长袖毛衣毛衫秋冬新款485271,88,¥,券后价,我爱丹丹87658264,我爱丹丹童装店,,3人付款,江苏 苏州,"淘金币已抵1.76元, 退货宝, 包邮",版型分类:宽松型 | 领型设计:圆领 | 款式细节:简约休闲 | 图案:纯色 | 穿着方式:套头,https://g-search2.alicdn.com/img/bao/uploaded/i4/i4/2742624567/O1CN01hYekKn1jbjwGLpAjE_!!2742624567.png,//item.taobao.com/item.htm?id=997035077508&ns=1&abbucket=10&xxc=taobaoSearch&mi_id=0000TIkATDKzB2vcDZgL2GhvgroU8nA6dMOVKRm5tvVdEUg&skuId=5976791948235
775947234152,kaws入户玄关装饰画潮牌暴力熊挂画客厅走廊过道芝麻街网红墙壁画,30,¥,券后价,tb397083792,艺术装饰画,,43人付款,河南 商丘,"官方立减12%, 店铺满59减3, 淘金币已抵0.15元, 退货宝, 上门安装, 包邮",画芯材质:烤瓷水晶 | 图案主题:卡通动漫 | 适用空间:办公区 | 风格匹配:现代简约 | 装裱方式:有框,https://g-search1.alicdn.com/img/bao/uploaded/i4/i3/1911326878/O1CN01VIx69i20gB4uVOUHv_!!1911326878.jpg,//item.taobao.com/item.htm?id=775947234152&ns=1&abbucket=10&xxc=taobaoSearch&mi_id=0000YOPk2NNvSUTHbZUhJsnGmD9mjr84HwhOKanZP6WwWmY&skuId=5474885894230
751707296303,yeap!外贸亚马逊amazon陶瓷马克杯耐高温芝麻街kaws,49,¥,券后价,三折店,yeap 多买有优惠,20年老店,0人付款,广东 东莞,"官方立减12%, 店铺满34减2, 淘金币已抵2.45元, 退货宝, 包邮",材质:陶瓷 | 风格:ins风 | 容量:350ml | 产地:中国大陆,https://g-search3.alicdn.com/img/bao/uploaded/i4/i1/33043190/O1CN01oHvVgt1ZR4W3cuo6B_!!33043190.jpg,//item.taobao.com/item.htm?id=751707296303&ns=1&abbucket=10&xxc=taobaoSearch&mi_id=0000FwEArNDSXVjKKDBbeMaJljgoBlsmCzvamMjxeLkMg6c&skuId=6007919598466
971149996956,KAWS+Warhol联名圆领卫衣男秋冬美式外套2025新款印花宽松衣服潮,119,¥,券后价,犹乐旗舰店,犹乐旗舰店,6年老店,1人付款,江西 南昌,"官方立减12%, 包邮",面料:棉布 | 版型分类:宽松型 | 领型设计:圆领 | 材质成分:棉80%,https://gw.alicdn.com/imgextra/O1CN011NSvh01UJDgG18lWo_!!2206485662496-0-picasso.jpg,//detail.tmall.com/item.htm?id=971149996956&ns=1&abbucket=10&xxc=taobaoSearch&mi_id=0000cydz73skkeRW2lk7TLvmhS8jMbS_YXOAJN3YVP7kAZM&skuId=5663621517621
588139046451,UT KAWS芝麻街艾摩甜饼怪刺绣布贴鞋子包包装饰熨斗贴DIY补丁贴,5,¥,券后价,蓝色嘀雨,乐乐绣名字贴,19年老店,9人付款,江苏 苏州,淘金币已抵0.25元,图案:卡通动漫 | 产地:中国大陆,https://g-search1.alicdn.com/img/bao/uploaded/i4/i1/33953177/O1CN011tWodD1ZL6npvqMzF_!!33953177.jpg,//item.taobao.com/item.htm?id=588139046451&ns=1&abbucket=10&xxc=taobaoSearch&mi_id=0000DedrcEsaBIpyGhSRcuiM1BcU51MX9JIop132ZpnWy40&skuId=4004993160851
977554040551,简约轻奢抽象led发光客厅横版装饰画素材kaws暴力熊高清电子图片,1.9,¥,,魏信666,小艺图库,,0人付款,北京,包邮,,https://g-search1.alicdn.com/img/bao/uploaded/i4/i3/3467049586/O1CN01QRxetr2KgRmDbDAjK_!!3467049586.jpg,//item.taobao.com/item.htm?id=977554040551&ns=1&abbucket=10&xxc=taobaoSearch&mi_id=0000gBi5sj-FhJGAp-NRees2OMOv74__mup0mNTsTGenzs0&skuId=null
724059690569,卡通bearbrick创意橙色儿童房乐高积木kaws暴力熊玄关装饰画素材,6,¥,券后价,小太阳lcj,小太阳素材,6年老店,2人付款,广东 深圳,"24小时内发, 淘金币已抵0.3元, 包邮, 公益宝贝",,https://g-search3.alicdn.com/img/bao/uploaded/i4/i1/1766955825/O1CN01J3shLF1sttvmKOScJ_!!1766955825.jpg,//item.taobao.com/item.htm?id=724059690569&ns=1&abbucket=10&xxc=taobaoSearch&mi_id=0000bcQHuyDjuO8k5whl-wDn9WH7hRk9-dJQB081t403uyc&skuId=null
666220286944,kaws芝麻街潮牌车贴XX眼车身后挡遮挡创意个性卡通字母反光车贴纸,5.5,¥,,世界那一端永不变,九零后车品店,,3人付款,江苏 扬州,"店铺满20减2, 包邮",贴膜类型:车身贴 | 材质:贴纸 | 图案:卡通动漫 | 品牌:贝宾 | 功能:装饰,https://g-search2.alicdn.com/img/bao/uploaded/i4/i1/1865797070/O1CN018Jehdw2266v6F4JDq_!!1865797070.jpg,//item.taobao.com/item.htm?id=666220286944&ns=1&abbucket=10&xxc=taobaoSearch&mi_id=0000B8d-WCQAEzFTRDLdb4mdWXZXjatNwaa-iRhgsbUANNc&skuId=4796675420196
966436520720,欧美嘻哈街头潮流Kaws卡车司机帽男女夏季防晒遮阳帽网眼棒球帽,7,¥,,我爱yif,SSLL配饰批发商城,13年老店,41人付款,浙江 金华,,帽子类型:棒球帽 | 风格:休闲 | 帽檐款式:短檐 | 适用季节:夏季 | 图案:几何色块,https://g-search3.alicdn.com/img/bao/uploaded/i4/i3/353736879/O1CN013eOdQX20gdbRNMxjb_!!353736879.png,//item.taobao.com/item.htm?id=966436520720&ns=1&abbucket=10&xxc=taobaoSearch&mi_id=0000Fa-cPNRkhxrO1fyX4uqKWrdKC-AbPYaPMgIWkg1fT6k&skuId=6009674466005
683259734113,ins潮牌网红地毯kaws男生个性潮流卧室满铺床边毯架子鼓隔音地垫,57.6,¥,券后价,xxm旗舰店,xxm旗舰店,,500+人付款,天津,"超级立减10%, 包邮",清洗类型:可水洗 | 可定制性:支持定制 | 适用空间:客厅 | 形状:矩形 | 风格:现代简约 | 表面材质:混纺,https://g-search3.alicdn.com/img/bao/uploaded/i4/i2/2212975376528/O1CN01zBr3k61y5sIGYs5l9_!!0-item_pic.jpg,//detail.tmall.com/item.htm?id=683259734113&ns=1&abbucket=10&xxc=taobaoSearch&mi_id=0000V0h7ah3917GbvJEia_U_GT9j_0pLX0JTpYCZNEiTeok&skuId=5060994431186
774354349444,芝麻街KAWS车载香薰汽车香水汽车空调空调出风口摆件饰品车内装饰,9.9,¥,券后价,湖水没顶,潮玩车饰车品,17年老店,5人付款,广东 广州,"官方立减12%, 退货宝, 包邮",,https://g-search1.alicdn.com/img/bao/uploaded/i4/i2/26019304/O1CN01aNqU9t2IbHvprV5XM_!!26019304.jpg,//item.taobao.com/item.htm?id=774354349444&ns=1&abbucket=10&xxc=taobaoSearch&mi_id=00005S6rWQOdQ_e96sUpg3P5LKMv9xo3CwQtHzSPR8btCaM&skuId=5466532206704
733735027955,ins汽车摆件kaws考斯xx眼网红潮流公仔摇头AJ鞋个性车载车内装饰,20,¥,券后价,郭陶壮,壮壮汽车摆件装饰用品,13年老店,4人付款,河北 衡水,"官方立减12%, 店铺满65减5, 淘金币已抵0.51元, 包邮, 公益宝贝",,https://g-search2.alicdn.com/img/bao/uploaded/i4/i4/406464765/O1CN01xxDHZM1l4Q7X5aF5m_!!406464765.jpg,//item.taobao.com/item.htm?id=733735027955&ns=1&abbucket=10&xxc=taobaoSearch&mi_id=00004jzaUZIQ-m6qO9PU7Dapf13KE9tDjxHbMab0tWYs1Cs&skuId=5077181441593
586487685123,日系人气KAWS&芝麻街X眼不锈钢保温保冷杯学生便携杯子,6.8,¥,,捷利家居精品杂货,捷利家居精品杂货铺,9年老店,1人付款,广东 广州,包邮,材质:304不锈钢 | 容量:401mL(含)-500mL(含) | 杯子样式:直身杯,https://g-search3.alicdn.com/img/bao/uploaded/i4/i2/2904621940/O1CN01JUfTo11QCYrXzapoT_!!0-item_pic.jpg,//item.taobao.com/item.htm?id=586487685123&ns=1&abbucket=10&xxc=taobaoSearch&mi_id=0000ygI0_DlRXlenR9_KyKLm_w-D5OzcDRTFyEwA_ZwnSa8
623791736390,春夏季芝麻街KAWS联名XX潮牌袜子ins百搭短袜男女街头嘻哈运动袜,15.8,¥,券后价,tb683957283,TREND潮袜铺,6年老店,51人付款,浙江 绍兴,"官方立减12%, 淘金币已抵0.31元, 退货宝, 包邮, 公益宝贝",适用性别:男女通用 | 筒高:短筒 | 上市年份季节:2020年夏季,https://g-search3.alicdn.com/img/bao/uploaded/i4/i1/4130418849/O1CN01yghvcf2FEtOptauJS_!!4130418849.jpg,//item.taobao.com/item.htm?id=623791736390&ns=1&abbucket=10&xxc=taobaoSearch&mi_id=0000rtHidb69X1ZcijTqOTU5UuKQsPMC8XzTt-Bwo3tQjVA&skuId=4892286180095
637840709410,卡迪顿kaws联名时尚潮牌学生钱包男帆布个性嘻哈短款青少年钱夹,55,¥,券后价,卡迪顿品牌店,卡迪顿箱包品牌店,5年老店,38人付款,广东 广州,"官方立减12%, 店铺满98减5, 淘金币已抵1.17元, 退货宝, 包邮",质地:PU | 内部结构:卡位 | 风格:欧美 | 图案:卡通动漫 | 性别:男 | 闭合方式:敞口 | 款式:短款钱包 | 品牌:卡迪顿 | 适用对象:青年,https://g-search3.alicdn.com/img/bao/uploaded/i4/i3/2210103466912/O1CN01zE7NVT20vkGSKGetl_!!0-item_pic.jpg,//item.taobao.com/item.htm?id=637840709410&ns=1&abbucket=10&xxc=taobaoSearch&mi_id=0000OI6iMRp5lPCK0L2WDssrQ2d4AunvmOELzZxTY6vWwfw&skuId=4966287878806
668880665805,kaws客厅装饰画简约现代沙发背景墙挂画潮流轻奢玄关涂鸦画落地画,32,¥,券后价,莫小邪旗舰店,莫小邪旗舰店,5年老店,10人付款,山东 临沂,"官方立减12%, 淘金币已抵0.16元, 退货宝, 上门安装, 包邮, 公益宝贝",图案主题:卡通动漫 | 适用空间:卧室 | 风格匹配:现代简约 | 装裱方式:无框 | 材质:密度板 | 画芯材质:布纹膜,https://g-search2.alicdn.com/img/bao/uploaded/i4/i3/2208769611308/O1CN01whGcB61LX6nELlPn2_!!0-item_pic.jpg,//detail.tmall.com/item.htm?id=668880665805&ns=1&abbucket=10&xxc=taobaoSearch&mi_id=0000YOhEncvBoVXfMNjZZVJe-1TuFyIV434LJi6Ni1mExe0&skuId=4812105648056
954307862982,潮牌kaws造型太阳花积木熊街头卧室厨房长条床边防滑吸水地毯地垫,25,¥,券后价,hydel666,布造,16年老店,14人付款,天津,"官方立减12%, 淘金币已抵0.7元, 包邮",清洗类型:可机洗 | 适用空间:客厅 | 表面材质:混纺,https://g-search3.alicdn.com/img/bao/uploaded/i4/i2/37320472/O1CN01GiZt3h1FMDgD5ks8C_!!37320472.jpg,//item.taobao.com/item.htm?id=954307862982&ns=1&abbucket=10&xxc=taobaoSearch&mi_id=00009IHJkVZbWtWZ9jJlpSQQZVXI0QWGSHmN8S6GcGvCJ-M&skuId=4517722113570
739239068278,优衣库男装女装KAWS柔软绵羊毛圆领针织衫长袖毛衣毛衫秋冬485271,199,¥,,yimumuyi,变形记代购,16年老店,19人付款,北京,,版型分类:宽松型 | 领型设计:圆领 | 风格:休闲风 | 细分风格:商务休闲 | 材质成分:羊毛100% | 穿着方式:套头 | 柔软度:柔软,https://g-search3.alicdn.com/img/bao/uploaded/i4/i3/65606737/O1CN01Nrv5EI1zdbPI1MtPz_!!65606737.jpg,//item.taobao.com/item.htm?id=739239068278&ns=1&abbucket=10&xxc=taobaoSearch&mi_id=0000FrmrNssncW7PWoJFrnFOsfEJCuxpVY8vC89_Kt2mBKs&skuId=5274611951657
641296016896,kaws芝麻街卡通汽车头枕腰靠套装车用护颈枕可爱车内靠枕座椅枕头,58,¥,券后价,快乐生活_,向上创意车饰,17年老店,17人付款,河南 郑州,"官方立减12%, 淘金币已抵0.89元, 退货宝, 包邮",材质:合成纤维 | 适用季节:四季通用 | 填充物:合成纤维,https://g-search1.alicdn.com/img/bao/uploaded/i4/i4/53222396/O1CN01vAhxdV1TZPe0ylfBx_!!53222396.jpg,//item.taobao.com/item.htm?id=641296016896&ns=1&abbucket=10&xxc=taobaoSearch&mi_id=0000qaIo1GROiYWytZIFze0382xPHxzneqLh8Ws17bj2g0Y&skuId=4615297137610
841063080158,芝麻街抱枕靠垫坐垫靠枕腰枕名创联名靠背可爱kaws周边汽车潮牌,15.5,¥,券后价,tb23972419,云梦家居家纺生活馆,,18人付款,浙江 金华,"官方立减12%, 淘金币已抵0.15元, 包邮, 公益宝贝",是否可拆洗:支持可拆洗 | 抱枕枕靠类型:抱枕 | 风格:简约现代 | 内芯材质:PP棉 | 形状:方形 | 外套材质:超柔短毛绒 | 主图案类型:印花 | 适用场景:通用,https://g-search3.alicdn.com/img/bao/uploaded/i4/i2/3855137181/O1CN01HNLY1u22ux8ypE4VU_!!3855137181.jpg,//item.taobao.com/item.htm?id=841063080158&ns=1&abbucket=10&xxc=taobaoSearch&mi_id=0000U6ofdTQOWUWDdQzekf2y6dW_RAVYsI860ESvLBRPznY&skuId=5609524473681
850844987691,网红ins芝麻街潮牌Kaws床头靠枕沙发装饰办公室靠垫车载睡觉枕头,7.05,¥,券后价,tb895144895819,青凝家纺,,3人付款,北京,"淘金币已抵0.21元, 包邮, 公益宝贝",是否可拆洗:支持可拆洗 | 抱枕枕靠类型:抱枕 | 风格:简约现代 | 内芯材质:PP棉 | 形状:正方形 | 外套材质:毛绒 | 适用场景:午睡 | 适用人群:通用,https://g-search3.alicdn.com/img/bao/uploaded/i4/i3/2218870171884/O1CN01KE8wRa1PmvCC3A2j9_!!2218870171884.jpg,//item.taobao.com/item.htm?id=850844987691&ns=1&abbucket=10&xxc=taobaoSearch&mi_id=0000y9EuL-HzjHdLHJ1Uhbm2dJ66dYJgqwGSsBiLTWsH1cA&skuId=5643422080852
682040829184,kaws暴力熊玄关客厅装饰画现代简约沙发背景潮牌挂画轻奢楼梯壁画,29.9,¥,券后价,t_1506860120655_099,时尚装饰画业,5年老店,1人付款,河南 商丘,"官方立减12%, 淘金币已抵0.29元, 退货宝, 上门安装, 包邮, 公益宝贝",图案主题:卡通动漫 | 适用空间:玄关 | 风格匹配:现代简约 | 装裱方式:有框 | 画芯材质:布纹膜,https://g-search3.alicdn.com/img/bao/uploaded/i4/i3/3433577065/O1CN01RprpTB223oyr922Jg_!!3433577065.jpg,//item.taobao.com/item.htm?id=682040829184&ns=1&abbucket=10&xxc=taobaoSearch&mi_id=0000onJTjkU5COEARkJ1k8UQXuGRyvE4QEwZBkSJ9VziYUY&skuId=4885569061180
,,,,,,,,,,,,,
,,,,,,,,,,,,,
752626821222,VOPM芝麻街kaws周边黑色短袖t恤男潮牌潮流卡通2025夏季新款美式,99,¥,券后价,vopm潮牌,VOPMstudio,,17人付款,山东 青岛,"官方立减12%,  3期, 包邮",材质成分:棉100% | 版型分类:宽松型 | 面料:棉 | 图案:卡通动漫 | 适用人群:青少年,https://g-search3.alicdn.com/img/bao/uploaded/i4/i3/2207262995429/O1CN01CskSae1pyX94eSYCt_!!0-item_pic.jpg,//item.taobao.com/item.htm?id=752626821222&ns=1&abbucket=10&xxc=taobaoSearch&mi_id=00005Tkpm5sHzrDOLa9_XJNhE7lYRblqpJ8H4HC3WjE58Qo&skuId=5361576995281
820317701000,竖款电表箱装饰画暴力熊挂画网红kaws电闸盒电源开关盒遮挡挂画,46,¥,券后价,北斗星装饰画,北斗星装饰画,,100+人付款,河南 商丘,"店铺满25减20, 30天价保, 包邮, 公益宝贝",图案主题:卡通动漫 | 适用空间:通用 | 风格匹配:现代简约 | 装裱方式:有框 | 是否带框:有框 | 画框材质:PS环保材料 | 画芯材质:水晶膜,https://g-search1.alicdn.com/img/bao/uploaded/i4/i3/2216146208722/O1CN0198eUfM2EIjSfbA1HK_!!2216146208722.jpg,//item.taobao.com/item.htm?id=820317701000&ns=1&abbucket=10&xxc=taobaoSearch&mi_id=0000wZ8Px38J0CbGs8iRDPXBD7yTHY-F-1JVjleUAHqGtp4&skuId=5693551430085
973803208288,现代简约kaws挂画儿童房潮流潮牌公仔壁画客厅入户玄关装饰画北欧,156,¥,券后价,珍琪家居旗舰店,珍琪家居旗舰店,10年老店,6人付款,福建 漳州,"官方立减12%, 店铺满49减5, 淘金币已抵2.34元, 退货宝, 上门安装, 包邮",画芯材质:油画布 | 图案主题:卡通动漫 | 适用空间:儿童房 | 风格匹配:现代简约 | 装裱方式:有框,https://g-search3.alicdn.com/img/bao/uploaded/i4/i2/2656177291/O1CN011K0rKx23jKMLV9jIm_!!0-item_pic.jpg,//detail.tmall.com/item.htm?id=973803208288&ns=1&abbucket=10&xxc=taobaoSearch&mi_id=0000HudQY_ozVijxShjPsYxg75jYdD7QBpPUZSU1qU4_1Yk&skuId=4515094828989
966924479519,65张芝麻街&kaws贴纸滑板旅行箱冲浪板贴纸拉杆箱箱手机防水贴纸,11.8,¥,券后价,littlemonstertoy,这是家卖贴纸的店,回头客1万,99人付款,浙江 金华,"淘金币已抵0.17元, 48小时内发, 包邮, 公益宝贝",风格:欧美 | 品牌:沐瑶,https://g-search3.alicdn.com/img/bao/uploaded/i4/i4/2911668852/O1CN01yOI1272FGGjToAZkG_!!2911668852.jpg,//item.taobao.com/item.htm?id=966924479519&ns=1&abbucket=10&xxc=taobaoSearch&mi_id=0000alT9ReIiCCTOW0JuN81d2faQDz29BJZ_Qzw41Dn6ljk&skuId=null
616117233464,芝麻街Kaws超大鼠标垫锁边游戏电脑键盘加厚防滑定制男垫桌垫办公,80.9,¥,首单价,凡羲数码专营店,凡羲数码专营店,8年老店,600+人付款,河南 商丘,"官方立减1.9元, 直降1元, 包邮",厚度:4mm | 尺寸:1000x500mm,https://g-search2.alicdn.com/img/bao/uploaded/i4/i2/3462592616/O1CN01Zay8Zo1VCApmIeGe7_!!0-item_pic.jpg,//detail.tmall.com/item.htm?id=616117233464&ns=1&abbucket=10&xxc=taobaoSearch&mi_id=0000BKAuPh7-l5jhcJRN1_cLF4TA1wrlaCzO1fkMJBCA7-0&skuId=6114238891471
637711660075,ins潮牌网红地毯kaws男生个性潮流卧室满铺床边毯架子鼓隔音地垫,56,¥,券后价,德纳森旗舰店,德纳森旗舰店,5年老店,100+人付款,天津,"超级立减10%, 48小时内发, 包邮",清洗类型:可机洗 | 适用空间:书房 | 形状:长方形 | 表面材质:混纺,https://g-search2.alicdn.com/img/bao/uploaded/i4/i1/2210541706842/O1CN01gizFuT20PgXe0izSx_!!0-item_pic.jpg,//detail.tmall.com/item.htm?id=637711660075&ns=1&abbucket=10&xxc=taobaoSearch&mi_id=0000Vewkz6NodZBaQP6Hkrdy7FHTl0QclEUG7IyjyIQyXYw&skuId=4580391929132
772665270774,kaws安逸猿床单四件套单人床学生宿舍床上三件套男士被套黑色鲨鱼,59,¥,券后价,qq131419623937,XIXI公主时尚家居店,10年老店,9人付款,浙江 绍兴," 3期, 淘金币已抵1.28元, 包邮",功能特性:蓄热保暖 | 面料支数:40支 | 件数:4件 | 风格:ins风 | 面料密度:133x72 | 主图案类型:卡通动漫 | 品牌:金帝柔,https://g-search2.alicdn.com/img/bao/uploaded/i4/i3/1736082225/O1CN01fV3pNv1SJ6BC0OJiV_!!1736082225.jpg,//item.taobao.com/item.htm?id=772665270774&ns=1&abbucket=10&xxc=taobaoSearch&mi_id=00006clsx-kgfrRNLQt8gfk8WvUHCa4YXCzbt3QwleqsvX4&skuId=5291867001512
1004467131873,芝麻街公仔抱枕毛绒玩具蓝色kaws玩偶床上睡觉抱娃娃沙发装饰摆件,29.5,¥,,yuanshiren,心意熊玩偶,7年老店,6人付款,江苏 扬州,"退货宝, 包邮",材质:绒布 | 玩具类型:布艺毛绒玩具 | 玩偶种类:卡通形象 | 适用年龄:通用 | 出售状态:现货 | 品牌:心意熊,https://g-search2.alicdn.com/img/bao/uploaded/i4/i4/4061782011/O1CN01Fhozk11Qj5bL5Ffh8_!!4061782011.jpg,//item.taobao.com/item.htm?id=1004467131873&ns=1&abbucket=10&xxc=taobaoSearch&mi_id=0000FWyrZZuPgpdZ-e5X0PuR79i-4FWQf_Ir4xqaLg53pLo&skuId=5999385692909
963710236596,芝麻街kaws公仔吊坠嘻哈风项链男街头日系潮钛钢不掉色链条饰品女,13.6,¥,券后价,贝铂旗舰店,贝铂旗舰店,回头客1万,10人付款,浙江 金华,"官方立减12%, 淘金币已抵0.2元, 包邮",链子材质:合金/镀银/镀金 | 链子样式:麻花链 | 周长:60cm ~ 76cm | 坠子材质:合金镶嵌人工宝石/半宝石 | 风格:日韩 | 镶嵌材质:未镶嵌,https://g-search3.alicdn.com/img/bao/uploaded/i4/i1/2201482958046/O1CN016ynd7o29J7Rzvrgyv_!!0-item_pic.jpg,//detail.tmall.com/item.htm?id=963710236596&ns=1&abbucket=10&xxc=taobaoSearch&mi_id=0000PsdWHSeQTXCF-Zf_r7vcVJV41bj6_ewA2ufe5hXCtYE&skuId=4906086035757
807701775887,网红kaws系列客厅酒柜玄关书房桌面高端树脂摆件创意办公桌装饰品,196,¥,券后价,casitalola旗舰店,CASITALOLA旗舰店,,800+人付款,浙江 金华,"官方立减12%, 退货宝, 包邮",主体材质:卡通 | 表面工艺:半手工,https://g-search3.alicdn.com/img/bao/uploaded/i4/i1/2216723832505/O1CN01BZgo3Y1UNL6ykjSjQ_!!0-item_pic.jpg,//detail.tmall.com/item.htm?id=807701775887&ns=1&abbucket=10&xxc=taobaoSearch&mi_id=00009sq-8nA6acQvAux9zgsAGPP8L_QfUReYLSzqc6byl78&skuId=5489005612180
602285090683,手工皮具定制法国羊皮KAWS公仔包挂饰经典老花生日礼物男女个性潮,98,¥,券后价,zhaoqiang11053438,Arrow 茄子原创,8年老店,29人付款,山西 太原,"官方立减12%, 退货宝, ifashion, 包邮, 公益宝贝",,https://g-search2.alicdn.com/img/bao/uploaded/i4/i2/907741475/O1CN01qyWwNv1MlamvjMvQj_!!907741475.jpg,//item.taobao.com/item.htm?id=602285090683&ns=1&abbucket=10&xxc=taobaoSearch&mi_id=0000fKvf_agR5bAokjj2EhoeslwQtxxCOE6flC1iP__XjM0&skuId=4386304663501
910290611971,卡通宿舍空调被纯棉潮牌kaws夏天薄被子芝麻街男生全棉夏被四件套,75,¥,,柒兮家居,柒兮家居,5年老店,7人付款,浙江 绍兴,"退货宝, 包邮",被套面料:棉 | 产品等级:合格品 | 填充物净重:3斤 | 适用季节:夏季 | 品牌:金帝柔,https://g-search3.alicdn.com/img/bao/uploaded/i4/i4/4031554845/O1CN01gKflNz1lf3wOUc3uc_!!4031554845.jpg,//item.taobao.com/item.htm?id=910290611971&ns=1&abbucket=10&xxc=taobaoSearch&mi_id=0000AlUBCocDt3KAQo7IAQ9kDeIAgqR-g5Y6svbK7U9_zyY&skuId=4816460281979
770968284836,芝麻街kaws潮流枕头网红ins潮牌双面含芯枕套定制卡通动漫抱枕,17.8,¥,,tb1970217541,艺梦家纺家装,,1人付款,浙江 温州,"退货宝, 包邮, 公益宝贝",风格:简约现代 | 内芯材质:PP棉 | 形状:方形 | 主图案类型:卡通 | 适用场景:卧室,https://g-search1.alicdn.com/img/bao/uploaded/i4/i1/2214567579575/O1CN012zERN92KbPGCgWee8_!!2214567579575.jpg,//item.taobao.com/item.htm?id=770968284836&ns=1&abbucket=10&xxc=taobaoSearch&mi_id=0000jNvbkmrtYM4MIopC1Rnp6pdaVu8EScu-wp8M5-NAofM&skuId=5451596170433
749864096004,潮牌kaws卡瓦斯芝麻街卡通T恤卫衣烫画印花图案素材,2.98,¥,券后价,tb234676414,当当素材铺,,10人付款,上海,"官方立减12%, 包邮",,https://g-search3.alicdn.com/img/bao/uploaded/i4/i1/2200694955905/O1CN01vwRLGM1tUXoldHK6u_!!2200694955905.jpg,//item.taobao.com/item.htm?id=749864096004&ns=1&abbucket=10&xxc=taobaoSearch&mi_id=0000S7M35dGrMxVtyWUr3AYp9n66VIPn8y3tJ6gml4dR2QU&skuId=6093408099791
,,,,,,,,,,,,,
674254743208,网红KAWS个性潮牌圆形地毯架子鼓电脑椅地垫房间复古卡通衣帽间,13,¥,,保利1号店,小天使地毯,8年老店,23人付款,天津,包邮,清洗类型:可机洗 | 适用空间:书房 | 形状:圆形 | 风格:欧美 | 表面材质:混纺,https://g-search2.alicdn.com/img/bao/uploaded/i4/i3/3317792728/O1CN01sTxErT1W1TDy1IgMS_!!3317792728.jpg,//item.taobao.com/item.htm?id=674254743208&ns=1&abbucket=10&xxc=taobaoSearch&mi_id=00000JZ4mfJnJfIfPWPoRwS2BWd-uyOwAZTk7cNmeS1ANpM&skuId=5019310782098
927150472192,潮牌kaws定制卡通两用抱枕被子床头靠垫沙发汽车靠枕办公室腰枕,32,¥,券后价,五个半茄子,北斋家纺,8年老店,24人付款,浙江 湖州,"官方立减12%, 包邮, 公益宝贝",抱枕枕靠类型:靠垫 | 风格:卡通 | 内芯材质:PP棉 | 形状:方形 | 外套材质:化纤 | 适用场景:办公,https://g-search2.alicdn.com/img/bao/uploaded/i4/i2/3384130433/O1CN01cTBXk61F4M54TjSg9_!!3384130433.jpg,//item.taobao.com/item.htm?id=927150472192&ns=1&abbucket=10&xxc=taobaoSearch&mi_id=0000PRy5zy8SpsJDDUmDrvrs3s-yhkSj3nb3F5Nt-PbB6B0&skuId=3745069133285
610688604217,潮牌涂鸦kaws靠枕抱枕汽车沙发座椅靠垫办公室腰枕生日礼物抱枕,33.8,¥,券后价,品生活1989,嘉艺布艺 20年宝藏老店,,2人付款,浙江 杭州,"超级立减50%, 淘金币已抵0.7元, 退货宝, 包邮, 公益宝贝",内芯材质:PP棉 | 外套材质:毛绒,https://g-search3.alicdn.com/img/bao/uploaded/i4/i2/1998597952/O1CN01SCJjXq28c4600v7HT_!!1998597952.jpg,//item.taobao.com/item.htm?id=610688604217&ns=1&abbucket=10&xxc=taobaoSearch&mi_id=0000Uon0QwErc-fq5g39DaSLAnoF0QO3S56G46abLqUsBYE&skuId=4303015837612
935991606517,轻奢电表箱装饰画暴力熊免打孔配电箱画KAWS潮玩多媒体电闸盒挂画,45.6,¥,券后价,王冰会,三五亭画廊,,100+人付款,河南 商丘,"店铺满22减21, 30天价保, 48小时内发, 包邮, 公益宝贝",图案主题:卡通动漫 | 适用空间:电表箱 | 风格匹配:轻奢 | 装裱方式:有框 | 是否带框:有框 | 画框材质:PS环保材料 | 画芯材质:水晶膜,https://g-search1.alicdn.com/img/bao/uploaded/i4/i1/3506858904/O1CN01NxLQGS2Fe5dFstrsb_!!3506858904.jpg,//item.taobao.com/item.htm?id=935991606517&ns=1&abbucket=10&xxc=taobaoSearch&mi_id=0000Hq2aMkh9LASsebDvjLx_Mv3XDvKKl56NRgMcNpoXfqQ&skuId=5995757487918
574628168672,抖音KAWS联名外贸芝麻街小挎包超可爱公仔零钱包利是包艾摩甜饼怪,16.5,¥,券后价,派大星之助,正义的超人,10年老店,4人付款,山东 威海,"淘金币已抵0.33元, 48小时内发, 包邮",材质:毛绒 | 出售状态:现货 | 适用性别:女 | 周边产品:斜挎包,https://g-search2.alicdn.com/img/bao/uploaded/i4/i1/889625590/TB215GzABmWBuNkSndVXXcsApXa_!!889625590.jpg,//item.taobao.com/item.htm?id=574628168672&ns=1&abbucket=10&xxc=taobaoSearch&mi_id=0000O5bk-mukfCvh1oZdodJCdQ-uB-tzIS1ATbYEr5H3O1g&skuId=3933898347454
959229481041,美式TRAVIS SCOTT Cactus Jack x FRAGMENT KAWS联名骷髅卫衣帽衫,258,¥,,liaot22,NT 嘻哈街头潮牌店,10年老店,21人付款,广东 佛山,包邮,版型分类:宽松型 | 领型设计:连帽,https://g-search1.alicdn.com/img/bao/uploaded/i4/i1/2205469044/O1CN013jnuzo2GgD1trF5qm_!!2205469044.jpg,//item.taobao.com/item.htm?id=959229481041&ns=1&abbucket=10&xxc=taobaoSearch&mi_id=0000VcvuxbHQDVx5xyFnqwFh20PTKPuFWppQCdt6jx_PctA&skuId=5058998171843
860109710310,袜子男女款纯棉中筒袜秋冬季防臭吸汗黑白色运动袜kaws高腰长筒袜,48,¥,券后价,天天都快乐唐伟,人民路店,,1人付款,浙江 绍兴,"官方立减12%, 淘金币已抵0.31元, 退货宝, 包邮, 公益宝贝",面料主材质:精梳棉 | 筒高:中筒 | 袜子功能用途:吸湿排汗 | 适用季节:四季通用 | 适用性别:男女通用,https://g-search3.alicdn.com/img/bao/uploaded/i4/i2/196851188/O1CN01yViR7n1Ke9buVpsZm_!!196851188.jpg,//item.taobao.com/item.htm?id=860109710310&ns=1&abbucket=10&xxc=taobaoSearch&mi_id=0000yPG6bgA5qP2Atwi8fEy_7gyC0DjBXw9Qr4uQMXxFiIk&skuId=4528812858222
624513769860,kaws芝麻街联名男女潮流时尚卡通时尚原宿风保暖宽松连帽套头卫衣,179,¥,券后价,沃纶物语服饰旗舰店,沃纶物语服饰旗舰店,14年老店,3人付款,山东 潍坊,"官方立减12%, 退货宝, 包邮, 公益宝贝",,https://g-search1.alicdn.com/img/bao/uploaded/i4/i1/746677655/O1CN01uhmGxm26Q2UxeEbYI_!!746677655-0-lubanu-s.jpg,//detail.tmall.com/item.htm?id=624513769860&ns=1&abbucket=10&xxc=taobaoSearch&mi_id=0000vO9ZdtsRvyOyJrRk4I_U0jMNKRl1FpbuRw3hOishBXI&skuId=4420004676127
754168956901,kaws暴力熊玄关装饰画潮流桌面摆画客厅落地画壁画卧室床头挂画,96,¥,券后价,欣天彩旗舰店,欣天彩旗舰店,,7人付款,河南 商丘," 3期, 店铺满39减5, 退货宝, 上门安装, 破损包退, 包邮",图案主题:卡通动漫 | 适用空间:客厅 | 风格匹配:现代简约 | 装裱方式:有框 | 画芯材质:布纹膜,https://g-search2.alicdn.com/img/bao/uploaded/i4/i4/2212391830591/O1CN01Zpd5St1GEj1cDAaol_!!0-item_pic.jpg,//detail.tmall.com/item.htm?id=754168956901&ns=1&abbucket=10&xxc=taobaoSearch&mi_id=0000XULzxNklp0oNKwIbTF1xXlR8xJQpt07BAvF6Qbt9eLc&skuId=5373125143596
668743152806,kaws公仔联名芝麻街周边印花短袖2022年夏季新款纯棉T恤潮ins男女,198,¥,券后价,萧曲旗舰店,萧曲旗舰店,6年老店,41人付款,浙江 杭州,"官方立减12%, 淘金币已抵1.77元, 退货宝, 包邮, 公益宝贝",材质成分:棉100% | 版型分类:宽松型 | 适用人群:青少年,https://g-search3.alicdn.com/img/bao/uploaded/i4/i3/2207362515485/O1CN01hGOQOK1qOBA4lqwyH_!!0-item_pic.jpg,//detail.tmall.com/item.htm?id=668743152806&ns=1&abbucket=10&xxc=taobaoSearch&mi_id=0000HRWWLJvspRPy5QuGyXM-oYHamrkz-OrzHdw-GBDT3d0&skuId=4813568296064
962167174414,原厂合作 男女装款kaws针织帽毛线帽冷帽保暖护耳帽秋冬款485256,44,¥,券后价,tb225335704587,Sun原厂品质合作店,,100+人付款,江苏 苏州,,适用季节:秋冬 | 功能:保暖,"https://g-search3.alicdn.com/img/bao/uploaded/i4/i2/2220859750323/O1CN01OUT8GN1EFz2KKSjy8~crop,0,102,684,684~_!!2220859750323.png",//item.taobao.com/item.htm?id=962167174414&ns=1&abbucket=10&xxc=taobaoSearch&mi_id=0000xITTbDfiGcKQe4QMYa9LdvA1CZuJI7HDwDt3qKzzQeI&skuId=5980523037757
667966819144,男士汽车专用车载香水车内饰品摆件创意香薰kaws考斯公仔车上装饰,12.8,¥,券后价,tb774946466,卡萨高端车饰,5年老店,8人付款,浙江 杭州,"24小时内发, 包邮",,https://g-search3.alicdn.com/img/bao/uploaded/i4/i4/2206825740892/O1CN01PIXuJL1ISa3Nmde2P_!!2206825740892.jpg,//item.taobao.com/item.htm?id=667966819144&ns=1&abbucket=10&xxc=taobaoSearch&mi_id=0000KzGVaC5IIjJxVqB_Cf7BJXLP2OBdrRU_MghgMztsYDk&skuId=4819660212784
655483658662,magsafe磁吸壳潮牌彩色KAWS适用新款苹果16手机壳15Promax简约个性iPhone14p全包磨砂13夜光12防摔保护硬套,69,¥,首单价,llg汽车改装,维妮卡工厂店,5年老店,38人付款,广东 广州,"官方立减12%, 直降1元, 淘金币已抵0.65元, 退货宝, 48小时内发, 包邮, 公益宝贝",是否使用环保材质:含环保材料 | 保护套质地:塑料 | 功能:夜光 | 适用手机型号:iPhone 11 | 风格:创意 | 适用手机机型:Apple/苹果 | 品牌:维姬,https://g-search3.alicdn.com/img/bao/uploaded/i4/i3/4065362743/O1CN01iMxHcn1W8LP7nTk0q_!!4065362743.jpg,//item.taobao.com/item.htm?id=655483658662&ns=1&abbucket=10&xxc=taobaoSearch&mi_id=0000G4KqJ4Y4BWDtKZijPLdAIqMD2vtw-qh28TLAmMBMdHk&skuId=5764085319963
669830427503,kaws公仔联名芝麻街印花周边短袖男女情侣2022夏季纯棉宽松T恤衫,198,¥,券后价,萧曲旗舰店,萧曲旗舰店,6年老店,5人付款,浙江 杭州,"官方立减12%, 淘金币已抵1.77元, 退货宝, 包邮, 公益宝贝",材质成分:棉100% | 版型分类:宽松型 | 适用人群:青少年,https://g-search1.alicdn.com/img/bao/uploaded/i4/i3/2207362515485/O1CN01SUH1Cq1qOBA6OrK1s_!!0-item_pic.jpg,//detail.tmall.com/item.htm?id=669830427503&ns=1&abbucket=10&xxc=taobaoSearch&mi_id=0000vmeTB6I0fHya88kS1i02M7hVg7XRR7LIaqRfnwhI-FQ&skuId=4813563496050
930377742662,潮牌网红ins风地毯kaws客厅小雏菊卧室床边满铺可爱少女男生地垫,39.8,¥,券后价,杰爽宝贝,飞运地毯,13年老店,3人付款,河北 廊坊,"官方立减12%, 淘金币已抵1.99元, 包邮, 公益宝贝",清洗类型:可机洗 | 适用空间:衣橱/衣帽间 | 形状:长方形 | 表面材质:混纺,https://g-search3.alicdn.com/img/bao/uploaded/i4/i1/824792468/O1CN01WLMhdw1U6O6ZVzy8r_!!0-item_pic.jpg,//item.taobao.com/item.htm?id=930377742662&ns=1&abbucket=10&xxc=taobaoSearch&mi_id=00007c2kDRfBwH5qDeRR5Ss4xl2w0lE2M8j_dBp5qfyrRLc&skuId=4386808044765
964416600600,lucky良运车贴 芝麻叉叉眼户外行李箱kaws摩托电动车划痕反光车贴,2,¥,券后价,panqi_66,lucky良运车贴设计,8年老店,100+人付款,浙江 杭州,"淘金币已抵0.06元, 退货宝, 48小时内发, 公益宝贝",贴膜类型:车身贴 | 材质:PVC | 服务内容:支持订制 | 定制类型:尺寸定制 | 单张贴纸宽度:10cm | 单张贴纸长度:3cm | 适用场景:汽车 | 品牌:luckygreen/良运车 | 功能:装饰,https://g-search3.alicdn.com/img/bao/uploaded/i4/i2/56131949/O1CN01Qvme4n1QGgnzrAAU6_!!56131949.jpg,//item.taobao.com/item.htm?id=964416600600&ns=1&abbucket=10&xxc=taobaoSearch&mi_id=0000ZLATjt7rVXBIkBcw0OB9v3T_-oTUdBLIbF5pZZPVWYs&skuId=4870298897195
955582057377,个性潮牌kaws圆形地毯电脑椅学习椅转椅地垫卧室床边茶几吊篮地毯,38,¥,,jiayi佳毅,JY家居地毯,6年老店,7人付款,河北 廊坊,包邮,适用空间:客厅 | 形状:圆形 | 表面材质:混纺,https://g-search2.alicdn.com/img/bao/uploaded/i4/i1/2617294658/O1CN01XG33kY1kHPf7THpzo_!!2617294658.jpg,//item.taobao.com/item.htm?id=955582057377&ns=1&abbucket=10&xxc=taobaoSearch&mi_id=0000hj5zAWvFErCZ5I2bMGBgFyHRBWK9GHtZNEzvvK5y-L8&skuId=4577180159197
921748852372,WE11DONE KONNE春秋新款加绒重磅高街潮流上衣美式宽松圆领卫衣男,138,¥,券后价,tb995844288092,WE11DONE KONNE 奥特莱斯,,66人付款,广东 潮州,"官方立减12%, 包邮",面料:卫衣布 | 版型分类:宽松型 | 领型设计:圆领 | 材质成分:棉100%,https://g-search2.alicdn.com/img/bao/uploaded/i4/i2/2215395606730/O1CN01AxWs6T1zaOQNNEAHN_!!2215395606730.jpg,//item.taobao.com/item.htm?id=921748852372&ns=1&abbucket=10&xxc=taobaoSearch&mi_id=0000g7464zXBhBnXqAHAmtYDWO0R8LdU8rSFG9E95UErX7U&skuId=5175282000094
650200364808,暴力熊小夜灯生日礼物送男女友卡通积木熊Kaws匹诺曹创意儿童台灯,16.9,¥,券后价,小郭爱购物1107,卡米其,11年老店,5人付款,广东 广州,"淘金币已抵0.39元, 包邮",功率:5W及以下 | 控制类型:非智能控制 | 光源类型:led灯 | 质保年限:2年 | 灯具是否带光源:是,https://g-search2.alicdn.com/img/bao/uploaded/i4/i4/1659694418/O1CN018qaoVl1iVUVgMZeWw_!!1659694418.jpg,//item.taobao.com/item.htm?id=650200364808&ns=1&abbucket=10&xxc=taobaoSearch&mi_id=0000zq8FjTcr5Kuwuhlw4H2S7VZQtbpJXbKgLSqreP23oYc&skuId=4863434146424
590949607250,潮牌地毯卧室床边kaws客厅sup卡通网红芝麻街少女ins风床边儿童垫,38,¥,券后价,龙禧地毯生活家居,龙禧地毯生活家居,12年老店,18人付款,天津,"淘金币已抵0.38元, 包邮",清洗类型:可机洗 | 适用空间:厨房 | 形状:长方形 | 风格:日韩 | 表面材质:混纺,https://g-search3.alicdn.com/img/bao/uploaded/i4/i3/1639066802/O1CN01J8w9SU207Mki76kkv_!!1639066802.jpg,//item.taobao.com/item.htm?id=590949607250&ns=1&abbucket=10&xxc=taobaoSearch&mi_id=000017ktAUsZzEmeFgA_uYHuVEYWjeXPrTZzjBnfZMfHkys&skuId=4221228295615
972147167145,车内汽车饰品可爱公仔车载中控台玩偶显示屏幕趴趴摆件电动车装饰,17.94,¥,券后价,tb稻草人g,柚柚说 每日好物店,回头客2万,6000+人付款,浙江 金华,"超级立减10%, 48小时内发, 包邮",,https://g-search1.alicdn.com/img/bao/uploaded/i4/i2/1990525409/O1CN0134a7NA1ppNPLbHG9b_!!1990525409.jpg,//item.taobao.com/item.htm?id=972147167145&ns=1&abbucket=10&xxc=taobaoSearch&mi_id=0000lbwrs8kU91RSTRkdQY7jb_XcwY5-w3xTT07ZkOUzbYI&skuId=6091022527240
963171011371,汽车摆件KAWS考斯网红潮流公仔摇头个性可爱创意车载车内装饰用品,16.8,¥,券后价,高皓阳i,紫色旋律原创车饰,9年老店,1人付款,浙江 金华,"官方立减12%, 淘金币已抵0.33元",,https://g-search3.alicdn.com/img/bao/uploaded/i4/i2/2755526704/O1CN01XvPQwB1zOU8vyhhgS_!!2755526704.jpg,//item.taobao.com/item.htm?id=963171011371&ns=1&abbucket=10&xxc=taobaoSearch&mi_id=0000PSZUbCQfUGgdgsNfcvVMLh5hE3DT00MWxoTCxrwR5Lo&skuId=5423629866930
994398084648,男装女装情侣款kaws针织帽毛线帽冷帽保暖护耳帽2025秋冬款485256,45,¥,,tb004242163483,柒柒优家小铺,,100+人付款,江苏 苏州,"退货宝, 包邮",风格:时尚 | 适用季节:秋冬,https://g-search3.alicdn.com/img/bao/uploaded/i4/i3/2217768595903/O1CN01Cl8Lij1tTd5ATwQ5E_!!2217768595903.jpg,//item.taobao.com/item.htm?id=994398084648&ns=1&abbucket=10&xxc=taobaoSearch&mi_id=0000cG8VUU4hATOfnHNvNXEQgcXRZeor4taTlDDmqgH-sco&skuId=5967905916766
962709023503,联名KAWS短袖衣服XX眼睛的娃娃玩偶公仔艺术家安迪·沃霍尔上衣,100,¥,券后价,吴小寒tb2026,阿研的店企业店,5年老店,43人付款,广东 揭阳,"官方立减12%, 包邮",材质成分:棉100% | 版型分类:宽松型 | 面料:纯棉,https://g-search3.alicdn.com/img/bao/uploaded/i4/i3/2208319903285/O1CN01x7Ntft1a8a3bFjPLn_!!0-item_pic.jpg,//item.taobao.com/item.htm?id=962709023503&ns=1&abbucket=10&xxc=taobaoSearch&mi_id=0000D7Y62R2VFGSIvIL7Bmq1N1b0djBZ6bhDWZ-tYTHIN10&skuId=5714667475554
683955073941,潮流暴力熊客厅装饰画kaws汽车主题电竞房间挂画沙发背景墙三联画,64,¥,券后价,amorosc,九行诗,,100+人付款,河南 商丘,"官方立减12%, 店铺满20减3, 淘金币已抵0.48元, 退货宝, 48小时内发, 包邮, 公益宝贝",图案主题:卡通动漫 | 适用空间:客厅 | 风格匹配:现代简约 | 装裱方式:无框 | 画芯材质:布纹膜,https://g-search1.alicdn.com/img/bao/uploaded/i4/i1/2796512882/O1CN01uVmhrz1XA0F6igobB_!!2796512882.jpg,//item.taobao.com/item.htm?id=683955073941&ns=1&abbucket=10&xxc=taobaoSearch&mi_id=0000ydacuNWKy0BQUweP7xZlEPcCMn-BS6O9MWzmA6rTF-8&skuId=5494772775848
624517200310,KAWS潮牌定制卡通抱枕侧睡夹腿长条枕床头靠枕靠垫睡觉双人枕头,39,¥,券后价,五个半茄子,北斋家纺,8年老店,57人付款,浙江 湖州,"官方立减12%, 公益宝贝",抱枕枕靠类型:长条枕 | 风格:卡通 | 内芯材质:PP棉 | 形状:长方形 | 外套材质:化纤 | 适用场景:宿舍,https://g-search1.alicdn.com/img/bao/uploaded/i4/i2/3384130433/O1CN01VzZVQN1F4M73WXA0m_!!3384130433-0-lubanu-s.jpg,//item.taobao.com/item.htm?id=624517200310&ns=1&abbucket=10&xxc=taobaoSearch&mi_id=0000u9yhoU1qhKK0UegY0lq_S99qZ_Gtw7Fd2PzmnXVYVW0&skuId=4599119439667
678160806372,kaws潮牌竖版挂布ins背景布芝麻街网红房间装饰墙布宿舍简约挂毯,8,¥,券后价,zy9316057801995,布艺佳人,5年老店,74人付款,浙江 金华,"淘金币已抵0.1元, 包邮, 公益宝贝",图案:卡通动漫 | 材质:毛绒 | 风格:卡通 | 挂毯形状:长方形 | 挂毯售卖方式:成品 | 产地:中国大陆 | 挂毯清洗方式:可手洗,https://g-search3.alicdn.com/img/bao/uploaded/i4/i2/2119093344/O1CN017paY6J1aZbC9Ju8TK_!!2119093344.jpg,//item.taobao.com/item.htm?id=678160806372&ns=1&abbucket=10&xxc=taobaoSearch&mi_id=0000RO1heUK7dpDCYZuQ5khhmq45DP7bnylCVxp-__TcR7A&skuId=5561172908251
962512835435,黑白kaws客厅装饰画简约线条背景墙挂画极简潮牌暴力熊玄关壁画,19.2,¥,券后价,tb122246182,鹿芒寻画,,3人付款,河南 郑州,"店铺满10减1, 淘金币已抵0.38元, 退货宝, 包邮, 公益宝贝",图案主题:卡通动漫 | 适用空间:客厅 | 风格匹配:现代简约 | 装裱方式:有框,https://g-search3.alicdn.com/img/bao/uploaded/i4/i4/2209248281714/O1CN016E0oSJ1OX3lh6Ia5K_!!2209248281714.jpg,//item.taobao.com/item.htm?id=962512835435&ns=1&abbucket=10&xxc=taobaoSearch&mi_id=0000t_4CWsn2l9B0tJhrEDkbeY7k1UrqhoIc6cVq5HpZT4A&skuId=5408027994119
597035269115,ins同款 KAWS X BFF公仔玩偶芝麻街潮玩偶毛绒玩具钥匙扣包包挂件,38,¥,券后价,tb499442998,多乐精品玩具店,7年老店,61人付款,广东 潮州,"官方立减12%, 店铺满200减5, 24小时内发, 包邮, 公益宝贝",材质:绒布 | 玩具类型:小挂件 | 玩偶种类:卡通形象 | 服装款式:Q版,https://g-search3.alicdn.com/img/bao/uploaded/i4/i3/4186699623/O1CN01yHEBLk2KxNse7uLzJ_!!4186699623.jpg,//item.taobao.com/item.htm?id=597035269115&ns=1&abbucket=10&xxc=taobaoSearch&mi_id=0000SbX5OcCoqIvtkmMK_QvJiF92Bq1pJrt6D5uUOLU9Xf8&skuId=4322503898271
572424439326,全新升级版 2020 完美版 KAWS  1950陶瓷个性潮牌烟灰缸送男朋友,28,¥,,千寻梦工坊,千寻梦工坊,10年老店,2人付款,福建 泉州,包邮,,https://g-search3.alicdn.com/img/bao/uploaded/i4/i1/2499046173/TB1F6uOryCYBuNkHFCcXXcHtVXa_!!0-item_pic.jpg,//item.taobao.com/item.htm?id=572424439326&ns=1&abbucket=10&xxc=taobaoSearch&mi_id=0000FfjsDo2nwW6IDf9vmIGMZw905179GeA02GQNJNoHcF0&skuId=3886623007147
674726643862,抱枕被子两用KAWS车载午休办公室沙发客厅积木熊潮牌芝麻街抱枕套,22,¥,券后价,小农民151,一一多彩世界,8年老店,40人付款,四川 成都,"淘金币已抵1.1元, 包邮",抱枕枕靠类型:靠垫套/抱枕套 | 风格:简约现代 | 内芯材质:PP棉 | 形状:方形 | 主图案类型:卡通 | 适用场景:午睡,https://g-search1.alicdn.com/img/bao/uploaded/i4/i1/2814474730/O1CN01cgovuG1koO6R1HSss_!!2814474730.jpg,//item.taobao.com/item.htm?id=674726643862&ns=1&abbucket=10&xxc=taobaoSearch&mi_id=00009gWSmJ-4PFPOSnljJFQc2PECclB3NwbcTci8i3thtQY&skuId=4853340385083
624204384979,欧美潮牌kaws芝麻街联名卡通ins风时尚动漫情侣外套宽松连帽卫衣,179,¥,券后价,沃纶物语服饰旗舰店,沃纶物语服饰旗舰店,14年老店,3人付款,山东 潍坊,"官方立减12%, 退货宝, 包邮, 公益宝贝",,https://g-search1.alicdn.com/img/bao/uploaded/i4/i1/746677655/O1CN01AA0Foq26Q2UtXnPLM_!!746677655-0-lubanu-s.jpg,//detail.tmall.com/item.htm?id=624204384979&ns=1&abbucket=10&xxc=taobaoSearch&mi_id=0000nb8JviVG-ytcN1dhO6gdGr0H4tc3--m3_HorTNLr5Q8&skuId=4591963574792
752453890161,kaws坐姿暴力熊摆件客厅酒柜电视柜桌面潮玩卡通公仔玩偶家居饰品,18.9,¥,券后价,佰摆饰旗舰店,佰摆饰旗舰店,7年老店,67人付款,广东 中山,"官方立减12%, 退货宝, 包邮",主体材质:卡通 | 表面工艺:半手工,https://g-search1.alicdn.com/img/bao/uploaded/i4/i2/4049040206/O1CN01gTN4651DOOe4P25CY_!!4611686018427384654-0-item_pic.jpg,//detail.tmall.com/item.htm?id=752453890161&ns=1&abbucket=10&xxc=taobaoSearch&mi_id=0000rQmvnpeMOs3jZt8XIcEr78rAbz5whaLAeQY9eDUtGqY&skuId=5185613588128
685439287376,潮流kaws暴力熊客厅装饰画芝麻街公仔沙发背景墙三联挂画轻奢壁画,76,¥,券后价,tb_8783650,艺画空间,回头客1万,29人付款,河南 商丘,"店铺满98减5, 淘金币已抵1.14元, 退货宝, 极有家, 包邮",图案主题:卡通动漫 | 适用空间:客厅 | 风格匹配:现代简约 | 装裱方式:有框 | 画芯材质:布纹膜,https://g-search3.alicdn.com/img/bao/uploaded/i4/i2/650917615/O1CN01559cw0267ip6wqopO_!!650917615.jpg,//item.taobao.com/item.htm?id=685439287376&ns=1&abbucket=10&xxc=taobaoSearch&mi_id=0000BJoDp6ZB0vOqS0O56gl1ErktU6MLVTWjGjL5kzW4R6o&skuId=4939371625505
,,,,,,,,,,,,,
,,,,,,,,,,,,,
964730830630,kaws芝麻街联名nasa周边短袖男女夏季2022年新款纯棉T恤潮百搭ins,198,¥,券后价,萧曲旗舰店,萧曲旗舰店,6年老店,0人付款,浙江 杭州,"官方立减12%, 淘金币已抵1.77元, 退货宝, 公益宝贝",材质成分:棉100% | 版型分类:宽松型 | 适用人群:青少年,https://g-search2.alicdn.com/img/bao/uploaded/i4/i4/2207362515485/O1CN01VHiKsj1qOBACYRma4_!!0-item_pic.jpg,//detail.tmall.com/item.htm?id=964730830630&ns=1&abbucket=10&xxc=taobaoSearch&mi_id=0000PAjhOYHgbMT57nfM9o-Bf8E89wUXHsXIxRBCl2FXqHU&skuId=4997421767700
791850856902,汽车摆件kaws考斯高档车载手办卡通男士公仔网红中控台装饰品可爱,12.4,¥,,zmdiao,ZMD车品,10年老店,6人付款,浙江 金华,包邮,,https://g-search3.alicdn.com/img/bao/uploaded/i4/i3/1768380815/O1CN01W5nd7M1HtJkRvGTXI_!!1768380815.jpg,//item.taobao.com/item.htm?id=791850856902&ns=1&abbucket=10&xxc=taobaoSearch&mi_id=0000wFa1hPLiQn7rEo8vdtpkqm5qnc-T7yRvjUVBYWMFq9s&skuId=5573235914442
743483819310,2023新款长袖卫衣联名KAWS男女装情侣款TOKYO短袖T恤芝麻街第三弹,88,¥,,专注高级私人定制,朱同学的绝版小店,,2人付款,上海,"退货宝, 包邮",材质成分:棉100% | 版型分类:宽松型 | 面料:纯棉 | 图案:卡通动漫 | 适用性别:男女通用 | 适用人群:青年,https://g-search2.alicdn.com/img/bao/uploaded/i4/i4/2211476681187/O1CN01FDWnVh1KdhFIPCyRe_!!2211476681187.jpg,//item.taobao.com/item.htm?id=743483819310&ns=1&abbucket=10&xxc=taobaoSearch&mi_id=0000aNlgvIgFnVsRDK64-pSwhwtQJgpiQAHk5pg_Q6Wb494&skuId=5295934090861
652848628387,抱枕被子两用潮牌KAWS芝麻街抱枕靠垫圆形午睡腰枕客厅车载空调被,22,¥,券后价,tb383305021,合溢家居,6年老店,11人付款,四川 成都,"官方立减12%, 淘金币已抵0.66元, 包邮",抱枕枕靠类型:抱枕被 | 风格:简约现代 | 内芯材质:PP棉 | 形状:圆形 | 外套材质:混纺 | 主图案类型:卡通 | 适用场景:午睡,https://g-search3.alicdn.com/img/bao/uploaded/i4/i3/4249197826/O1CN01KXWnic27gMKbLSXP8_!!4249197826.jpg,//item.taobao.com/item.htm?id=652848628387&ns=1&abbucket=10&xxc=taobaoSearch&mi_id=00006rlmYEzE1xiBUbP-Q0uL2Xka5HUO0Ayg0Lb807ARO78&skuId=4890544199429
968149486846,正版 联名限量KAWS 芝麻街 SESAME STREET毛绒玩偶 玩具 公仔,58,¥,券后价,linwencan288,DEAR 酱,13年老店,3人付款,广东 广州,"超级立减10%, 淘金币已抵1.16元, 退货宝",材质:PP棉 | 玩具类型:公仔 | 适用年龄:14岁或14周岁以上 | 出售状态:现货 | 品牌:0518,https://g-search2.alicdn.com/img/bao/uploaded/i4/i2/153842005/O1CN01HKOhxE1QgLCrXV6wa_!!153842005.jpg,//item.taobao.com/item.htm?id=968149486846&ns=1&abbucket=10&xxc=taobaoSearch&mi_id=0000yCKoUa8xm2K7xWLzud0xUkCICfFj-Lq-loURnrJZ_-s&skuId=6107795846030
963994505305,潮牌KAWS芝麻街适用苹果17ProMax手机壳iPhone16新款15个性高级黑14全包硅胶磨砂13小众时尚男女12防摔保护套,30,¥,券后价,lin楷明,潮壳学弟,,100+人付款,广东 深圳,"淘金币已抵0.47元, 48小时内发, 包邮, 公益宝贝",保护套质地:硅胶 | 适用手机型号:iPhone 11 | 风格:小众 | 适用手机机型:Apple/苹果,https://g-search3.alicdn.com/img/bao/uploaded/i4/i2/3390161009/O1CN01BKBaSm1JKARvglTsN_!!3390161009.jpg,//item.taobao.com/item.htm?id=963994505305&ns=1&abbucket=10&xxc=taobaoSearch&mi_id=0000IUncogFqfBBQaC2JomTh5bvltyekGksG9caZdmZ8l5k&skuId=5929027948686
960352329369,kaws项链男芝麻街公仔吊坠复古色潮牌嘻哈配饰情侣国潮,19,¥,,young永,AURA ECHO,10年老店,1人付款,山东 青岛,"退货宝, 包邮",周长:51cm(含)-80cm(含) | 风格:欧美 | 镶嵌材质:未镶嵌,https://g-search3.alicdn.com/img/bao/uploaded/i4/i3/1929125837/O1CN01yRgcMK1szOZJAlaKS_!!1929125837.jpg,//item.taobao.com/item.htm?id=960352329369&ns=1&abbucket=10&xxc=taobaoSearch&mi_id=00009hvdXZkXsWJkJMLqbLmzaYCu0w-qwQswqOtHR4TlpeE&skuId=4696059663595
906317270084,国内代购优衣库男装KAWS + Warhol印花短袖T恤圆领 471321 476351,75,¥,,1903townccohubec,尚于U家 尚于家,回头客1万,100+人付款,云南 玉溪, 3期,材质成分:棉100% | 版型分类:标准 | 面料:纯棉 | 图案:动物 | 适用性别:男女通用 | 适用人群:青年,https://g-search2.alicdn.com/img/bao/uploaded/i4/i4/3614397165/O1CN01TRzsfr22ncrERb0iw_!!3614397165.jpg,//item.taobao.com/item.htm?id=906317270084&ns=1&abbucket=10&xxc=taobaoSearch&mi_id=0000DZcVcpGkEghHmQEfrAewZDSTXM-xq7gGfk9EEcAY1tg&skuId=5767685801193
647157563674,2026新款芝麻街kaws联名t恤男女潮牌纯棉宽松情侣装短袖潮流半袖,99,¥,,tb728122990,鬼影迷踪,,6人付款,广东 广州,"退货宝, 包邮",材质成分:棉100% | 版型分类:宽松型 | 面料:纯棉 | 图案:卡通动漫 | 适用性别:男女通用,https://g-search3.alicdn.com/img/bao/uploaded/i4/i1/2206552609484/O1CN016oR6lo2Jviy5yyDoL_!!2206552609484.jpg,//item.taobao.com/item.htm?id=647157563674&ns=1&abbucket=10&xxc=taobaoSearch&mi_id=0000JDtENpxpdnIRdgay91b2c8hxDMnLk7f9IyzkqHu5ycI&skuId=4831122283000
914610809623,Kaws公仔Companion联名芝麻街BFF周边卡通纯棉短袖半袖T恤夏宽松,179,¥,券后价,宝诗梦旗舰店,宝诗梦旗舰店,,0人付款,山东 潍坊,"官方立减12%, 退货宝, 包邮, 公益宝贝",材质成分:棉100% | 版型分类:宽松型 | 面料:棉 | 适用人群:青少年,https://gw.alicdn.com/imgextra/O1CN01lDXlOK1SK19b96i3a_!!2216819152227-0-picasso.jpg,//detail.tmall.com/item.htm?id=914610809623&ns=1&abbucket=10&xxc=taobaoSearch&mi_id=0000uUTvNYxq8ZUClC6kLRCd14-LPRRj9xtUi8puvaNmfPo&skuId=5779242584335
816583123019,KAWS暴力熊潮玩联名款公仔灯光艺术玄关过道装饰画电子图片素材,8,¥,,writea,找图高手,6年老店,2人付款,浙江 杭州,"24小时内发, 包邮, 公益宝贝",,https://g-search2.alicdn.com/img/bao/uploaded/i4/i3/3886824920/O1CN01ldDlJj1mDPcJClclW_!!3886824920.jpg,//item.taobao.com/item.htm?id=816583123019&ns=1&abbucket=10&xxc=taobaoSearch&mi_id=0000mTSiVKAIlb8vQ0i0RW5HLfI3lPg2EsSPPDmPwqXN9VQ&skuId=null
966699829869,试衣间 优K男装KAWS联名t恤夏季创意412757/414341/411140/446312,39,¥,,guotao814657178,小莉专柜正品代购,,7人付款,上海,"退货宝, 包邮",材质成分:棉100% | 版型分类:宽松型 | 适用体型:通用型 | 面料:纯棉 | 图案:卡通动漫 | 适用性别:男士 | 适用人群:青少年 | 衣长类型:短款,https://g-search3.alicdn.com/img/bao/uploaded/i4/i2/2278554857/O1CN01JRU5Vq1lkYknlveri_!!2278554857.jpg,//item.taobao.com/item.htm?id=966699829869&ns=1&abbucket=10&xxc=taobaoSearch&mi_id=0000MVMto9_GKQg6gXbloFIgErF9depq2peuxexaOPguNn4&skuId=5826431180347
613255575718,Mand kaws芝麻街联名公仔长沙限定手办玩偶模型Original Fake摆件,168,¥,券后价,qq624153323,新潮舍,6年老店,22人付款,广东 深圳,"官方立减27元,  3期, 店铺满88减3, 淘金币已抵5.04元, 退货宝, 包邮, 公益宝贝",出售状态:现货 | 款式特点:关节可动 | 商品状态:全新未拆封,https://g-search2.alicdn.com/img/bao/uploaded/i4/i3/2322961302/O1CN01tbhwn91LUMIazOVbm_!!2322961302.jpg,//item.taobao.com/item.htm?id=613255575718&ns=1&abbucket=10&xxc=taobaoSearch&mi_id=0000CmVZJu9AGvd696Ogkgjs0H-1LjSO-lmph3cLfO3DkSY&skuId=4482948466956
775763780364,kaws暴力熊入户玄关装饰画现代简约走廊过道壁画潮牌创意积木挂画,96,¥,券后价,tb397083792,艺术装饰画,,14人付款,河南 商丘,"官方立减12%,  3期, 店铺满59减3, 淘金币已抵0.47元, 退货宝, 上门安装, 包邮",画芯材质:烤瓷水晶 | 图案主题:卡通动漫 | 适用空间:玄关 | 风格匹配:现代简约 | 装裱方式:有框,https://g-search3.alicdn.com/img/bao/uploaded/i4/i4/1911326878/O1CN01vFOXlE20gB4sNlgiC_!!1911326878.jpg,//item.taobao.com/item.htm?id=775763780364&ns=1&abbucket=10&xxc=taobaoSearch&mi_id=0000ojNEGB9qjyvz60Bn84zbSqMgBOAKu4DcGb655dZBGJQ&skuId=5307169777752
,,,,,,,,,,,,,
963760882202,潮牌至高无上KAWS虎头鲨鱼卧室书厨房防滑地毯床边入门地垫,19,¥,券后价,hellsing_,型家布艺,19年老店,69人付款,天津,"官方立减12%, 淘金币已抵0.38元, 退货宝, 包邮",材质:混纺 | 图案:卡通动漫 | 清洗方式:可机洗 | 适用场景:家用,https://g-search1.alicdn.com/img/bao/uploaded/i4/i2/23442858/O1CN01TcbZNb1Wz0j59RRmv_!!23442858.jpg,//item.taobao.com/item.htm?id=963760882202&ns=1&abbucket=10&xxc=taobaoSearch&mi_id=0000JGAjwTTBPzGQWYu2HbIizS4TOK3QOyCWPHmkjJFKYUM&skuId=4047178916030
973324903183,ins网红房间地毯sup个性衣帽间潮牌kaws地毯客厅潮流地垫卧室床边,57.6,¥,券后价,xxm旗舰店,xxm旗舰店,,22人付款,江苏 南京,"超级立减10%, 包邮",可定制性:支持定制 | 适用空间:衣橱/衣帽间 | 主图案类型:动物图案 | 形状:矩形 | 风格:现代简约 | 表面材质:混纺,https://g-search1.alicdn.com/img/bao/uploaded/i4/i3/2212975376528/O1CN01OOVV1X1y5sINplsmE_!!0-item_pic.jpg,//detail.tmall.com/item.htm?id=973324903183&ns=1&abbucket=10&xxc=taobaoSearch&mi_id=0000qRo-8FCstCpADP6jRwi3_2Lw93pab_Scct6J2mmXHBA&skuId=4884166556935
992499967042,485256男装女装情侣款kaws针织帽毛线帽冷帽保暖护耳帽围巾485257,45,¥,券后价,我爱丹丹87658264,我爱丹丹童装店,,63人付款,江苏 苏州,"淘金币已抵0.9元, 退货宝, 包邮",帽子类型:针织帽 | 风格:休闲 | 适用季节:春秋冬 | 图案:几何色块,https://g-search1.alicdn.com/img/bao/uploaded/i4/i2/2742624567/O1CN01RIiRiY1jbjw7TkJwz_!!2742624567.png,//item.taobao.com/item.htm?id=992499967042&ns=1&abbucket=10&xxc=taobaoSearch&mi_id=0000vKFtGNbcmZgWVVJrQjVcIs86pZPU6c3kk_xlK-hI2QA&skuId=6135009159355
676195037699,网红潮流卡通芝麻街全棉四件套1.5m床上被套纯棉床单三件套KAWS,128,¥,,兰羽辰旗舰店,兰羽辰旗舰店,5年老店,2人付款,江苏 南通,"退货宝, 包邮",功能特性:蓄热保暖 | 织造工艺:磨毛 | 面料支数:40支 | 件数:4件 | 被里材质:棉 | 风格:卡通 | 面料密度:133x72 | 主图案类型:卡通动漫 | 品牌:兰羽辰,https://g-search3.alicdn.com/img/bao/uploaded/i4/i4/2208411830541/O1CN01PhPwKq1Frp1qWAMUX_!!0-item_pic.jpg,//detail.tmall.com/item.htm?id=676195037699&ns=1&abbucket=10&xxc=taobaoSearch&mi_id=0000AO5VVKaf1o4H1z5UaPsEkVfkeksPpCdwZemPxGR4JdU&skuId=5034912935301
962098683763,KAWS熊芝麻街潮流牌屏风隔断墙折叠移动遮挡店面商场网红发廊背景,70,¥,券后价,tb873208659,巨美优屏,5年老店,23人付款,福建 福州,"官方立减12%, 公益宝贝",材质:木 | 款式定位:经济型 | 风格:简约现代 | 是否可定制:可定制 | 饰面材质:油画布 | 品牌:曦之裔,https://g-search3.alicdn.com/img/bao/uploaded/i4/i1/3310400996/O1CN01F0KinI1JEDLhNjwUD_!!3310400996.jpg,//item.taobao.com/item.htm?id=962098683763&ns=1&abbucket=10&xxc=taobaoSearch&mi_id=0000ijETV413sMKCZ53Ray2zc1qVMxthAz7yCcyPwR83Rq4&skuId=5080388413989
658078185965,kaws潮牌艺术挂布ins背景布宿舍床头墙壁装饰墙布遮丑布装饰画布,47,¥,券后价,麦包包911,我们布一样,7年老店,3人付款,浙江 金华,"淘金币已抵0.44元, 退货宝, 包邮",图案:卡通动漫 | 材质:毛绒 | 风格:卡通 | 挂毯形状:长方形 | 挂毯售卖方式:成品 | 产地:中国大陆 | 挂毯清洗方式:可手洗,https://g-search3.alicdn.com/img/bao/uploaded/i4/i4/3045210978/O1CN01e4QJOf1J5y5m9pLmp_!!3045210978.jpg,//item.taobao.com/item.htm?id=658078185965&ns=1&abbucket=10&xxc=taobaoSearch&mi_id=0000FblUjoa1XEGVyGlZ-Yvtt88fh7sUdhcP4dI6t03ul7w&skuId=4820081484464
968339712465,芝麻街保温饭盒便携分隔可爱好看提锅通勤潮牌kaws不锈钢可爱学生,139.8,¥,,云沐春晨旗舰店,云沐春晨旗舰店,,0人付款,广东 东莞,包邮,内胆材质:不锈钢 | 保温性能:12小时 | 功能描述:保温饭盒 | 容量:1.4L | 材质:304不锈钢 | 层数:2层 | 品牌:云沐春晨,https://g-search3.alicdn.com/img/bao/uploaded/i4/i1/2219540839571/O1CN018ioF7f2KZZpXPT5ka_!!4611686018427387027-0-item_pic.jpg,//detail.tmall.com/item.htm?id=968339712465&ns=1&abbucket=10&xxc=taobaoSearch&mi_id=0000uM8MVcDpaDuF8DnCmE7rez0l2PnnAqkSte78hb6NIGQ&skuId=5913574028735
755355643546,潮牌网红芝麻街四件套个性卡通Kaws被套床单学生宿舍床三件套1.2m,64,¥,,不热惹,星烁家居,6年老店,1人付款,浙江 绍兴,"退货宝, 包邮, 公益宝贝",功能特性:蓄热保暖 | 床单面料材质:涤纶（聚酯纤维） | 织造工艺:绗缝 | 面料支数:40支 | 件数:1-4件 | 被里材质:聚酯纤维 | 风格:卡通 | 适用季节:四季通用 | 面料密度:133x72 | 主图案类型:卡通动漫,https://g-search3.alicdn.com/img/bao/uploaded/i4/i1/2290970645/O1CN010VJoQS1GdSaK1QBx8_!!4611686018427383829-0-item_pic.jpg,//item.taobao.com/item.htm?id=755355643546&ns=1&abbucket=10&xxc=taobaoSearch&mi_id=00007rFrI1Tn2-zA1IufCF9ru_Brp-mY9AZfhS-_iN13qTk&skuId=5428295391816
757855249557,kaws挂画时尚软装潮流潮牌暴力熊装饰画客厅玄关走廊过道公仔壁画,104,¥,券后价,欣天彩旗舰店,欣天彩旗舰店,,5人付款,河南 商丘,"官方立减12%,  3期, 店铺满39减5, 退货宝, 上门安装, 破损包退, 包邮",图案主题:卡通动漫 | 适用空间:玄关 | 装裱方式:有框 | 画芯材质:布纹膜,https://g-search3.alicdn.com/img/bao/uploaded/i4/i3/2212391830591/O1CN01YDzWui1GEizByeE5C_!!0-item_pic.jpg,//detail.tmall.com/item.htm?id=757855249557&ns=1&abbucket=10&xxc=taobaoSearch&mi_id=0000-vHOGbGjpN5HUDz35umi_npUpmYBSaErj8nrCuW0uts&skuId=5224448328938
965810771731,kaws芝麻街暴力熊挂布背景布宿舍房间墙布客厅墙床头卧室装饰挂画,37.6,¥,首单价,我去大嫂家干活,一布之缘,,8人付款,浙江 金华,"直降1元, 淘金币已抵0.45元, 包邮",图案:人物图案 | 材质:毛绒 | 风格:简约现代 | 挂毯形状:长方形 | 挂毯售卖方式:成品 | 产地:中国大陆 | 挂毯清洗方式:可手洗,https://g-search2.alicdn.com/img/bao/uploaded/i4/i1/2766297394/O1CN017bdpkk24UVGYCPqRY_!!2766297394.jpg,//item.taobao.com/item.htm?id=965810771731&ns=1&abbucket=10&xxc=taobaoSearch&mi_id=0000zHD_XJve0nu4VqvyG5kk9sHHlOmAMH4yB_X5xq7gu-Q&skuId=4854102297152
722186324555,网红潮玩kaws大摆件暴力熊公仔坐姿玻璃钢摆件考斯捂脸大家居美陈,99.99,¥,,急速dnf,品冠园林景观工程雕塑,,14人付款,福建 泉州,"48小时内发, 包邮",表面工艺:纯手工 | 主体材质:卡通 | 摆放方式:落地,https://g-search1.alicdn.com/img/bao/uploaded/i4/i1/1699488409/O1CN01u66uwr2BzNMOzl5rV_!!1699488409.jpg,//item.taobao.com/item.htm?id=722186324555&ns=1&abbucket=10&xxc=taobaoSearch&mi_id=0000-0dLb2nqQ8qCdWLK_u590RUW7Ir1j_xNnXlk5P3uEBw&skuId=5194202898276
802448821958,入户暴力熊玄关kaws装饰画带灯潮牌门厅儿童房挂画轻奢走廊过道壁,79,¥,券后价,蒂贝朗旗舰店,蒂贝朗旗舰店,,44人付款,河南 商丘,"店铺满25减3, 包邮",材质:水晶 | 图案主题:卡通动漫 | 适用空间:玄关 | 装裱方式:无框 | 画芯材质:水晶膜,https://g-search2.alicdn.com/img/bao/uploaded/i4/i2/2215139026260/O1CN01VNbKAu1w78LCKXB7q_!!0-item_pic.jpg,//detail.tmall.com/item.htm?id=802448821958&ns=1&abbucket=10&xxc=taobaoSearch&mi_id=0000AxGt7cMjtpo4-BF9Yr-f29qk60D61_YQPaWtnXKqN7Y&skuId=5465793277857
672042856307,汽车摆件车载男士专用车内饰品个性创意kaws考斯公仔车上装饰xx眼,136,¥,,abbyqueens,呆小瓜车品,,2人付款,广东 东莞,包邮,,https://g-search1.alicdn.com/img/bao/uploaded/i4/i1/2212533005331/O1CN01ftBdW01pFeB7nlLfX_!!2212533005331.jpg,//item.taobao.com/item.htm?id=672042856307&ns=1&abbucket=10&xxc=taobaoSearch&mi_id=0000hA4Et6Y8EWLh7IV1e0rEBiTxOs3Kvvdaixctpiv2jKM&skuId=5013122506575
681172550911,卡通潮牌kaws熊适用苹果13promax手机壳iPhone12pro硅胶情侣女16max防摔15外壳6s/8plus保护套7/se3新款114男,8.8,¥,券后价,遇见初心旗舰店,遇见初心旗舰店,回头客1万,25人付款,广东 深圳,"官方立减12%, 包邮",保护套质地:硅胶 | 适用手机型号:iPhone XS Max | 风格:情侣 | 适用手机机型:Apple/苹果 | 品牌:遇见初心,https://g-search3.alicdn.com/img/bao/uploaded/i4/i1/2212059288080/O1CN01nAEtBR29YgzEOKkCU_!!0-item_pic.jpg,//detail.tmall.com/item.htm?id=681172550911&ns=1&abbucket=10&xxc=taobaoSearch&mi_id=0000ooua6nO03pEO1WGL7FwfLI3KqKx_0E7poOIu-0f8Weo&skuId=5932409973474
643149259688,网红潮流KAWS考斯公仔汽车摆件卡通创意个性车载车内装饰暴力熊,69,¥,,以马内利汽车用品车饰店,福音汽车用品车饰店,10年老店,2人付款,浙江 杭州,"店铺满150减25, 退货宝, 包邮",,https://g-search3.alicdn.com/img/bao/uploaded/i4/i1/2545496254/O1CN01ZNhbXL1w4NfTDiM1Q_!!2545496254.jpg,//item.taobao.com/item.htm?id=643149259688&ns=1&abbucket=10&xxc=taobaoSearch&mi_id=0000I-gNtVhA3uMhlB-m9UffRl55f3GtlKqpJKaAjgi8ypU&skuId=4619387440585
809373774429,民宿客厅KAWS三联画暴力熊走廊自粘画动漫室内儿童房间墙上,7.9,¥,券后价,xiaokaikai9996,缤果乐园,,11人付款,广东 潮州,"官方立减12%, 退货宝, 48小时内发, 包邮",图案主题:卡通动漫 | 适用空间:客厅 | 装裱方式:有框 | 画芯材质:PP纸,https://g-search2.alicdn.com/img/bao/uploaded/i4/i2/2003494224/O1CN01ydflgw1h4dwrxQemT_!!2003494224.jpg,//item.taobao.com/item.htm?id=809373774429&ns=1&abbucket=10&xxc=taobaoSearch&mi_id=00001x6VSnd9qn0W36QPet9eLIMIy4D88klPcTkdZqa_9fA&skuId=5496626096116
962706248728,芝麻街公仔抱枕毛绒玩具红色艾摩kaws玩偶床上睡觉布娃娃大鸟可爱,15,¥,,聚惠毛绒玩具城,聚惠毛绒玩具城,,65人付款,河北 保定,,材质:绒布 | 适用年龄:3岁以上,https://g-search2.alicdn.com/img/bao/uploaded/i4/i2/2911012739/O1CN01228t291W6Vi5qaUsv_!!2911012739.jpg,//item.taobao.com/item.htm?id=962706248728&ns=1&abbucket=10&xxc=taobaoSearch&mi_id=0000FOi9FXYIjje_HFnxjxkwtqMtBR3oiu1nuf_1u9l4ot0&skuId=5293071738501
936880711071,潮牌卧室地毯kaws网红客厅茶几毯卡通ins芝麻街少女可爱床边地垫,29.9,¥,券后价,小桥流水8983,荣华家居地毯设计馆,6年老店,3人付款,天津,"官方立减6.6元, 包邮",清洗类型:可机洗 | 适用空间:客厅 | 形状:长方形 | 风格:卡通,https://g-search3.alicdn.com/img/bao/uploaded/i4/i2/2206483414935/O1CN01ddx1nw1mKHG4eAKnL_!!2206483414935.jpg,//item.taobao.com/item.htm?id=936880711071&ns=1&abbucket=10&xxc=taobaoSearch&mi_id=0000ZSz1NOE2F2XqxBaE_Jvac8rxdO1nCmLxYk7TYCs_68Q&skuId=5900997554439
999830976577,外贸原单 童装KAWS HEATTECH souffle yarn舒芙蕾针织帽子480329,39,¥,券后价,许文云20142014,NUQLOC优衣店,8年老店,48人付款,江苏 苏州,"官方立减12%, 退货宝, 包邮",,"https://g-search1.alicdn.com/img/bao/uploaded/i4/i2/2036981969/O1CN01uVHYOf1QPqxfuzNn6~crop,0,1008,3024,3024~_!!2036981969.png",//item.taobao.com/item.htm?id=999830976577&ns=1&abbucket=10&xxc=taobaoSearch&mi_id=0000jJmHCB0J1lcqbG1aUKZ5hQ2tU2FRjPBGWhigm1oiiFU&skuId=6148197162761
615081505581,潮牌地毯kaws客厅创意小雏菊卧室满铺衣帽间可爱少女ins个性地垫|,33.2,¥,券后价,纯情在奋斗,涵晞精品地毯,7年老店,28人付款,天津,"官方立减12%, 淘金币已抵0.58元, 包邮, 公益宝贝",清洗类型:可机洗 | 适用空间:阳台 | 形状:长方形 | 风格:欧美 | 表面材质:混纺,https://g-search3.alicdn.com/img/bao/uploaded/i4/i4/690931738/O1CN01Qkq9l71Oi2xnTJYmW_!!690931738.jpg,//item.taobao.com/item.htm?id=615081505581&ns=1&abbucket=10&xxc=taobaoSearch&mi_id=0000WojVM2SFee0kvv1RWHQHlOdOzwxhYADWhSAYVvGalvc&skuId=4506539579563
684414303604,联名fearofgod半印低帮帆布鞋男CDG美式高街板鞋fog字母满印鞋子,133,¥,券后价,谷亚铺子,谷亚铺子,6年老店,1000+人付款,福建 泉州," 3期, 淘金币已抵6.65元, 退货宝, 48小时内发, 包邮",鞋帮高度:低帮 | 鞋面材质:帆布 | 闭合方式:系带 | 图案:字母/数字/文字 | 功能:耐磨 | 品牌:勒帝亚,https://g-search2.alicdn.com/img/bao/uploaded/i4/i3/2206773869805/O1CN01IWsL852MIkCYyWh9J_!!2206773869805.jpg,//item.taobao.com/item.htm?id=684414303604&ns=1&abbucket=10&xxc=taobaoSearch&mi_id=0000nEgBPoZoEI24zB6N2jlh1Fqb7Qx1MVBpPyb1AoqkJRo&skuId=5064336823793
927306991151,Stillslow 美式赛车机车风高街格纹假两件印花连帽开衫外套卫衣,143.75,¥,券后价,嘀嗒嘀嗒滴滴嗒1994,LOOX Gz国潮,回头客1万,500+人付款,浙江 杭州,"退货宝, 包邮",面料:涤纶面料 | 版型分类:宽松型 | 领型设计:连帽 | 是否连帽:是 | 适用性别:男女通用,https://gw.alicdn.com/imgextra/O1CN01IxpwBq1pTqoHDiP5n_!!2451845362-0-picasso.jpg,//item.taobao.com/item.htm?id=927306991151&ns=1&abbucket=10&xxc=taobaoSearch&mi_id=0000ohj941NXJlXzm82WGo8_TtrfPOITW4G6DoaQltMHWoU&skuId=6093942502738
979445875439,FOG美式潮牌十字架印花洗水连帽卫衣男女情侣宽松复古做旧帽衫VTG,178,¥,券后价,tb613890253,vtg 高街FOG,5年老店,200+人付款,广东 揭阳,"官方立减12%, 退货宝, 48小时内发",面料:棉质面料 | 版型分类:宽松型 | 领型设计:连帽 | 是否连帽:是 | 适用性别:男,https://g-search3.alicdn.com/img/bao/uploaded/i4/i4/2206648670125/O1CN01g34Qid1CnIbKpsexI_!!2206648670125.jpg,//item.taobao.com/item.htm?id=979445875439&ns=1&abbucket=10&xxc=taobaoSearch&mi_id=0000yRop-3OIBM2Q2fQU7o6-D26Y7dnZ00BEpfbwdFp9EGY&skuId=6103237358390
924153542462,CARPE DIEM王鹤棣同款帆布鞋重奏系列小脏鞋男女款破坏牛仔板鞋潮,258,¥,券后价,蓝色绿荫,CARPE DIEM品牌线上商店,,200+人付款,浙江 温州,"官方立减12%, 店铺满99减20, ifashion, 包邮",鞋面材质:头层牛皮（除牛反绒） | 风格:青春潮流 | 鞋跟高:中跟(3-5cm) | 款式:板鞋 | 鞋头款式:圆头 | 季节:春秋 | 功能:增高 | 适用对象:青年,https://g-search1.alicdn.com/img/bao/uploaded/i4/i1/2026533021/O1CN01TmXLIg1YBfbe8mf7P_!!2026533021.png,//item.taobao.com/item.htm?id=924153542462&ns=1&abbucket=10&xxc=taobaoSearch&mi_id=0000CR4uSHqHX_thd3GtUjxGHG90RJT2Q5_SZZWWZcDkLec&skuId=6117560211045
739760720141,欧美潮牌罗威纳狗头小鹿鲨鱼直喷印花男女同款卫衣情侣装大码外套,298,¥,券后价,戈纶尚品,左岸潮牌基地,13年老店,44人付款,广东 广州,"淘金币已抵3.16元, 48小时内发, 包邮",面料:卫衣布 | 版型分类:宽松型 | 领型设计:圆领 | 适用性别:男女通用,https://g-search1.alicdn.com/img/bao/uploaded/i4/i4/1055132907/O1CN010rliEX1XLSF8tHmnb_!!1055132907.jpg,//item.taobao.com/item.htm?id=739760720141&ns=1&abbucket=10&xxc=taobaoSearch&mi_id=0000-r4UbZZNxfYRmOETkgm5VfADQJBV7L3NuGjBXdFAo7k&skuId=5274296210565
1005969862404,名创优品酒红色马年卫衣男款冬季可爱小马2026情侣装本命年衣服Y,129,¥,,名创优品服饰旗舰店,名创优品服饰旗舰店,回头客3万,1000+人付款,湖北 宜昌,"官方立减12%, 热销爆款, 包邮",克重范围:415g | 版型分类:宽松型 | 领型设计:圆领 | 是否连帽:否 | 适用性别:男,https://g-search1.alicdn.com/img/bao/uploaded/i4/i3/2217051217872/O1CN01uyH82S281QwXpDfn7_!!4611686018427387856-2-item_pic.png,//detail.tmall.com/item.htm?id=1005969862404&ns=1&abbucket=10&xxc=taobaoSearch&mi_id=0000wTtFFQlfaDEE2RuAL6UXGV8M14esC8sDIxGOYzGMgMk&skuId=6014663360510
825722060169,WASSUP PANDA扎染脏脏粉圆领卫衣男女春秋潮牌宽松情侣长袖上衣,109,¥,券后价,深海里的星星星星星星星,WASSUP PANDA中国,回头客4万,400+人付款,福建 泉州,"超级立减10%, 退货宝, 48小时内发, 包邮",版型分类:宽松型 | 领型设计:圆领 | 适用性别:男女通用,https://g-search2.alicdn.com/img/bao/uploaded/i4/i2/3975466367/O1CN01G3sQFK1wu8prjPJDD_!!3975466367.jpg,//item.taobao.com/item.htm?id=825722060169&ns=1&abbucket=10&xxc=taobaoSearch&mi_id=0000pa87Vrzd4p4Uq_fdKG7b3fX2KenRrMDlCN04HjJf2sE&skuId=5712862866084
956653713593,hudsonwilliam巅峰对决同款圆领卫衣秋冬长袖潮heatedrivalry衣服,74,¥,券后价,依旧小龙,潮品New ZONE,13年老店,87人付款,河北 廊坊,"店铺满60减5, 淘金币已抵1.48元, 48小时内发, 包邮",面料:棉布 | 版型分类:宽松型 | 领型设计:圆领 | 是否连帽:否 | 适用性别:男女通用,https://g-search1.alicdn.com/img/bao/uploaded/i4/i1/674292912/O1CN01QWUYtF1XNkSeGpwyU_!!674292912.jpg,//item.taobao.com/item.htm?id=956653713593&ns=1&abbucket=10&xxc=taobaoSearch&mi_id=0000NlCS9CHDPEiynGsLSFVsJ_EvCiGy7DGEdwBXu78jjMA&skuId=6016402141895
1012514635246,经典款sb德训鞋黑白休闲鞋三巴跳舞板鞋平底男女T头鞋百搭运动鞋,158,¥,,永远8520,有一种甜叫福建莆田,,16人付款,福建 福州,"退货宝, 48小时内发",款式:德训鞋 | 适用性别:男女通用 | 品牌:纯莆 | 适用场景:舞蹈,https://g-search3.alicdn.com/img/bao/uploaded/i4/i3/2318563824/O1CN01ageuMi1e7Rfpp23vo_!!2318563824.jpg,//item.taobao.com/item.htm?id=1012514635246&ns=1&abbucket=10&xxc=taobaoSearch&mi_id=0000zPFnFjl9mdfQk47RrMO2Eqo8oZ0fY0AV2rFp0SxS5VU&skuId=6016954296714
784739566683,LOXKi洛克斯基【明星同款】板鞋男秋冬款潮流百搭增高运动休闲鞋,439,¥,券后价,loxki旗舰店,LOXKI旗舰店,,5000+人付款,福建 泉州,"超级立减12%, 退货宝, 包邮",风格:青春潮流 | 鞋面材质:超纤皮 | 款式:板鞋 | 鞋头款式:圆头 | 季节:春秋 | 品牌:LOXKi | 功能:增高 | 适用对象:青年,https://g-search2.alicdn.com/img/bao/uploaded/i4/i4/2217793554718/O1CN01sW6uuP1kitjvSaCch_!!4611686018427382046-0-item_pic.jpg,//detail.tmall.com/item.htm?id=784739566683&ns=1&abbucket=10&xxc=taobaoSearch&mi_id=00005NAeg9v9wqXYks6KlfuQB3o-3UE6zfRChKF3MC9EAKU&skuId=5530019431448
1008922605450,[美国轻奢]CATKCTU朱正廷王琳凯大头板鞋男鞋高街厚底休闲德比鞋,139,¥,券后价,tb9128138477,毒基CATKCTU品牌官营,,37人付款,福建 莆田,"官方立减12%, 包邮",风格:休闲 | 鞋跟高:中跟(3-5cm) | 款式:板鞋 | 鞋头款式:圆头 | 季节:春秋 | 功能:增高 | 适用对象:青年,https://g-search1.alicdn.com/img/bao/uploaded/i4/i3/2218357720497/O1CN01mmuUAd1FXfxYzKVR8_!!2218357720497.jpg,//item.taobao.com/item.htm?id=1008922605450&ns=1&abbucket=10&xxc=taobaoSearch&mi_id=0000vEav_mj98YTMgiEU_KWt8yHwhtcLi7SH-_FkkUx0xwE&skuId=6172815987053
965188439042,【意大利轻奢男鞋】2025秋季新款时尚爆款老爹鞋百搭运动休闲板鞋,398,¥,,13418494549aa,Luxe匠履轻奢男鞋,,100+人付款,福建 莆田,"官方立减46元, 店铺满200减10, 48小时内发, 包邮",风格:青春潮流 | 鞋面材质:超纤皮 | 鞋跟高:中跟(3-5cm) | 款式:板鞋 | 鞋头款式:圆头 | 季节:春秋 | 品牌:XLEEPU/希勒普 | 功能:增高 | 适用对象:中年,https://g-search2.alicdn.com/img/bao/uploaded/i4/i1/770531354/O1CN01BlH9ne1LsBO4qZvZk_!!770531354.jpg,//item.taobao.com/item.htm?id=965188439042&ns=1&abbucket=10&xxc=taobaoSearch&mi_id=0000XP58N5JPoTUVORZmvAu_qAk1aiX-aMcTJioYW0se9QM&skuId=6075556150074
954248992219,NOFUNNULL美式牛王手擦立体猫须水洗丹宁牛仔裤男宽松A字阔腿长裤,319,¥,券后价,伟大人499,NOFUNNULL没烦恼,回头客1万,4000+人付款,广东 广州,"官方立减12%, ifashion, 包邮",版型:宽松 | 面料:牛仔布 | 洗水工艺:水洗 | 款式版型:宽松直筒,https://gw.alicdn.com/imgextra/O1CN01wflHbS23Az8DAmdI4_!!2812627216-0-picasso.jpg,//item.taobao.com/item.htm?id=954248992219&ns=1&abbucket=10&xxc=taobaoSearch&mi_id=0000kh9VjB660k3Dm1S9IIMNb0bdnTbPKCgh4XUm-2f3gww&skuId=6040559911929
980122401970,ESSENTIALS SFRUIT复古十字架做旧水洗连帽卫衣男女高街宽松外套,119,¥,券后价,zhengjiana1996,郑有钱 Studio,回头客2万,100+人付款,广东 汕头,"官方立减12%, 退货宝, 48小时内发, 包邮",克重范围:450g | 面料:复合面料 | 版型分类:宽松型 | 领型设计:连帽 | 是否连帽:是 | 适用性别:男女通用,https://g-search3.alicdn.com/img/bao/uploaded/i4/i4/2088356139/O1CN01FUxjXZ1vDiXYUaf01_!!2088356139.jpg,//item.taobao.com/item.htm?id=980122401970&ns=1&abbucket=10&xxc=taobaoSearch&mi_id=0000OJi_YeHaJcwJVR9sEsiBLs68ogmiT-x2POHm4RTSBqY&skuId=6102062522524
,,,,,,,,,,,,,
,,,,,,,,,,,,,
1011543576032,ZMGEEN美式复古潮牌直筒牛仔裤男款秋冬季加绒宽松百搭休闲长裤子,252,¥,,zw198958,ZMGEEN,,300+人付款,浙江 杭州,"官方立减12%, 30天价保, 退货宝, 48小时内发, 包邮",版型:宽松 | 面料:牛仔布,https://g-search2.alicdn.com/img/bao/uploaded/i4/i2/825577011/O1CN01P5uLwo21f5vw2LR3K_!!825577011.jpg,//item.taobao.com/item.htm?id=1011543576032&ns=1&abbucket=10&xxc=taobaoSearch&mi_id=0000rgrVoNQ-zOapt_A9TF7wlj_yH4_Gi_leiEuCLlS9Uzk&skuId=6177187651760
966878290690,FOG MIKI ESSENTIALS美式小众潮牌春夏款纯棉休闲情侣男女短袖T恤,236,¥,券后价,ji集美mei,橙果 X Fruit,回头客3万,1000+人付款,广东 广州,"官方立减12%, 退货宝, 48小时内发, 包邮",材质成分:棉100% | 版型分类:宽松型 | 面料:棉 | 适用性别:男女通用 | 适用人群:青少年,https://gw.alicdn.com/imgextra/O1CN01HcWBXt1fLTPyLyZB8_!!269163990-0-picasso.jpg,//item.taobao.com/item.htm?id=966878290690&ns=1&abbucket=10&xxc=taobaoSearch&mi_id=0000Oxr8H-5lhNfHFBIM5o3PHZCjeaAtL2STjJRe-XxUJa4&skuId=5088213001343
1002793144840,查尔斯桃心 美式花卉印花铆钉褶皱牛仔裤男女款春秋冬季直筒长裤,399,¥,券后价,查尔斯桃心服饰旗舰店,查尔斯桃心服饰旗舰店,回头客3万,100+人付款,福建 泉州,"超级立减15%, 包邮",版型:宽松 | 面料:棉,https://g-search2.alicdn.com/img/bao/uploaded/i4/i2/2207622958619/O1CN010EtO1I2DXYnikPDvV_!!4611686018427383323-0-item_pic.jpg,//detail.tmall.com/item.htm?id=1002793144840&ns=1&abbucket=10&xxc=taobaoSearch&mi_id=0000aigjHzccCyHjmr1acyiVwU3VlarXsINGCw41EIlBuuk&skuId=5989419992713
1000827491848,WASSUP KOI联名美式铆钉高街加绒牛仔裤男款秋冬宽松直筒阔腿长裤,107.4,¥,券后价,wassup_rocky,WASSUP KOI中国,,54人付款,福建 泉州,"官方立减12%, 退货宝, 包邮",版型:宽松 | 洗水工艺:水洗 | 款式版型:宽松直筒,https://g-search1.alicdn.com/img/bao/uploaded/i4/i2/2207554475606/O1CN01leN6s41rHbSGxutOQ_!!2207554475606.jpg,//item.taobao.com/item.htm?id=1000827491848&ns=1&abbucket=10&xxc=taobaoSearch&mi_id=0000diKdoABn9fzC63fhdPgE0RZfonSijUEnMfSUHTdYmG4&skuId=6156256087003
865212699390,名创优品直筒黑色休闲裤男秋季加绒加厚弯刀卫裤宽松运动长裤子Y,129,¥,券后价,名创优品服饰旗舰店,名创优品服饰旗舰店,回头客3万,2万+人付款,湖北 宜昌,"官方立减12%, 超级爆款, 包邮",裤型:直筒裤 | 服装版型:宽松 | 适用季节:秋冬季 | 适用人群:少年 | 款式:休闲裤,https://g-search3.alicdn.com/img/bao/uploaded/i4/i2/2217051217872/O1CN010Az8dr281Qw82AZDn_!!4611686018427387856-0-item_pic.jpg,//detail.tmall.com/item.htm?id=865212699390&ns=1&abbucket=10&xxc=taobaoSearch&mi_id=0000wGBau-PCPHpM2EbLb9pWr4vrL2sRw6L7CiBtoMvAYDU&skuId=5857336934425
921223908461,WE11DONE CDG王嘉尔同款十字架印花重磅男女情侣宽松纯棉短袖t恤,399,¥,券后价,童霞邓博,摩登折扣店,,24人付款,广东 东莞,"官方立减12%, 淘金币已抵1.65元, 退货宝, 48小时内发, 包邮, 公益宝贝",材质成分:棉100% | 版型分类:标准 | 适用体型:通用型 | 面料:纯棉 | 适用性别:男女通用 | 适用人群:青少年,https://g-search1.alicdn.com/img/bao/uploaded/i4/i2/672028898/O1CN01myLZBE2FbLFOCcsd8_!!672028898.jpg,//item.taobao.com/item.htm?id=921223908461&ns=1&abbucket=10&xxc=taobaoSearch&mi_id=00004S4qdnzeXw74Ce6avAIom3q1qEZJAwlIL-7EuIueZ6s&skuId=5795059769867
965467418098,优衣库男装女装UT Koji Yakusho印花T恤/短袖T恤487169 480815,99,¥,,优衣库官方旗舰店,优衣库官方旗舰店,回头客90万,300+人付款,江苏 苏州,退货宝,材质成分:棉100% | 版型分类:标准 | 适用体型:通用型 | 面料:棉 | 适用性别:男女通用,https://g-search1.alicdn.com/img/bao/uploaded/i4/i1/196993935/O1CN01LRXCAH1ewHdnbrTss_!!196993935.jpg,//detail.tmall.com/item.htm?id=965467418098&ns=1&abbucket=10&xxc=taobaoSearch&mi_id=0000Sf863IMoQoDpYHZl74zoFiTJYv0G3Ir4QQVZFHkSE64&skuId=6101039826366
1011194231152,CLIMAX VISION纯棉做旧水洗炒色星星烫钻豹纹字母印花短袖T恤男,239,¥,券后价,climaxvision旗舰店,climaxvision旗舰店,回头客1万,26人付款,浙江 杭州,"官方立减12%, 退货宝, 包邮",材质成分:棉100% | 版型分类:宽松型 | 适用体型:通用型 | 面料:纯棉 | 图案:豹纹 | 适用性别:男女通用 | 适用人群:青年,https://g-search3.alicdn.com/img/bao/uploaded/i4/i1/2210957473069/O1CN010VwOpr1YXedvzgDDG_!!4611686018427385133-0-item_pic.jpg,//detail.tmall.com/item.htm?id=1011194231152&ns=1&abbucket=10&xxc=taobaoSearch&mi_id=0000814WBbJywoj5FLqmGTV4Qd_c8YMbWhkOEqTWkFbXHQQ&skuId=6180242131778
955912037157,Essentials联名三条杠植绒圆领情侣长袖T恤FOG高街潮流打底衫潮男,198,¥,券后价,tb613890253,vtg 高街FOG,5年老店,49人付款,广东 汕头,"官方立减12%, 退货宝, 48小时内发, 公益宝贝",版型分类:宽松型 | 面料:纯棉 | 图案:几何 | 适用性别:男士 | 适用人群:情侣,https://g-search3.alicdn.com/img/bao/uploaded/i4/i3/2206648670125/O1CN015YJdQh1CnITZyCuk2_!!2206648670125.jpg,//item.taobao.com/item.htm?id=955912037157&ns=1&abbucket=10&xxc=taobaoSearch&mi_id=0000KaiQzz2fm85ymdmr-TditgbEk2WejDs_crHjG2MBlX4&skuId=5665617846221
991633992944,国潮牌灰色字母刺绣豹纹帽衫卫衣男装秋冬加绒宽松情侣装开衫外套,68.8,¥,首单价,908235866n,N37文艺先生,8年老店,58人付款,广东 揭阳,"官方立减12%, 直降4元, 退货宝, 48小时内发, 包邮",版型分类:宽松型 | 领型设计:连帽 | 是否连帽:是 | 适用性别:男,"https://g-search1.alicdn.com/img/bao/uploaded/i4/i1/2071309427/O1CN01IxNZnA2JVcoUPTGoK~crop,0,300,1800,1800~_!!2071309427.jpg",//item.taobao.com/item.htm?id=991633992944&ns=1&abbucket=10&xxc=taobaoSearch&mi_id=0000_L6jJA_fR2X1ay7CJrcw64TcqSxtqHhBa-SMu5_8eTI&skuId=5959905125426
948705451021,CPFM侃爷kanye重生高街加绒美式字母重磅纯棉连帽卫衣男秋冬硬挺,136,¥,首单价,bigbang0394,FOG BEE 无敌好货潮流店,5年老店,300+人付款,广东 广州,"直降8元, 超级立减14元, 淘金币已抵2.72元, 退货宝, 48小时内发, 包邮, 公益宝贝",面料:棉质面料 | 版型分类:宽松型 | 领型设计:圆领 | 是否连帽:是 | 材质成分:棉100% | 适用性别:男女通用,https://gw.alicdn.com/imgextra/O1CN01tu2Fu21WC0hHps42I_!!2834412751-0-picasso.jpg,//item.taobao.com/item.htm?id=948705451021&ns=1&abbucket=10&xxc=taobaoSearch&mi_id=0000ZGnPeeQEySq4rITkoI39SmU4QmdVQLwzMfN0kl3_WWM&skuId=6027992206963
821837460098,FGMM小众联名黑白米奇大头鞋增高百搭圆头厚底靴男女同款板鞋情侣,178,¥,券后价,casimir潮男品味,FGMM 小众自制鞋履,回头客3万,200+人付款,浙江 温州,"退货宝, ifashion, 48小时内发, 包邮",风格:休闲 | 鞋面材质:混合材质 | 鞋跟高:中跟(3-5cm) | 款式:板鞋 | 鞋头款式:圆头 | 季节:春秋 | 功能:耐磨 | 适用对象:青年,https://g-search3.alicdn.com/img/bao/uploaded/i4/i2/1060320135/O1CN01ntPG2S1CrsS0TjpjR_!!1060320135.jpg,//item.taobao.com/item.htm?id=821837460098&ns=1&abbucket=10&xxc=taobaoSearch&mi_id=0000vqi_NqvA7Ix92qgu9YGQ20vlAwrNlKxP_2-I8_3Dq0Q&skuId=5700769383930
977864413764,nasa联名哈利波特线条小狗卫衣男女款青少年秋冬加绒无帽圆领上衣,69,¥,券后价,tb20252281,NASA联名官舰店,回头客2万,500+人付款,广东 揭阳,"官方立减12%,  3期, 店铺满40减3, 退货宝, 包邮",版型分类:宽松型 | 领型设计:圆领 | 是否连帽:否 | 材质成分:棉100% | 适用性别:男女通用,https://g-search3.alicdn.com/img/bao/uploaded/i4/i2/1965951936/O1CN01K8Fb0n1QAjsFNvnDn_!!1965951936.jpg,//item.taobao.com/item.htm?id=977864413764&ns=1&abbucket=10&xxc=taobaoSearch&mi_id=0000vplxgLa6TZuf_Jo_V8M_XK_xp8AzzuC0FmHCMD5H78c&skuId=5933035741738
971101634474,欧货潮牌圆领刺绣卫衣字母宽松印花休闲2025男士秋季新款长袖上衣,299,¥,首单价,星球狼旗舰店,星球狼旗舰店,,100+人付款,广东 广州,"直降6元, 超级立减10%, 淘金币已抵2.36元, 退货宝, 包邮",面料:棉涤 | 版型分类:宽松型 | 领型设计:圆领 | 是否连帽:否 | 适用性别:男,https://g-search1.alicdn.com/img/bao/uploaded/i4/i2/2220317181050/O1CN011QOFse1JcwwpcfuNL_!!4611686018427380858-2-item_pic.png,//detail.tmall.com/item.htm?id=971101634474&ns=1&abbucket=10&xxc=taobaoSearch&mi_id=0000DAD-oznP6iQyzKXBu-EnUzDyvBHo5QbiE2B4_ot9k-Y&skuId=6057080735829
,,,,,,,,,,,,,
755610385564,搞钱做慈善 429克重磅！美式复古男同款情侣款加厚女长袖连帽卫衣,69.8,¥,券后价,亮亮时尚鞋行,搞钱做慈善工作室,回头客30万,2000+人付款,广东 汕头,"官方立减12%, 48小时内发, 包邮",版型分类:宽松型 | 领型设计:连帽,https://g-search3.alicdn.com/img/bao/uploaded/i4/i2/839766424/O1CN010AOdw01xKFERN7Oik_!!839766424.jpg,//item.taobao.com/item.htm?id=755610385564&ns=1&abbucket=10&xxc=taobaoSearch&mi_id=0000Ao-vNNlBStspNyjWJbaD4cGAiGk_DsI3iWsaKLkrNxo&skuId=5382589587609
968265814454,drew美式复古潮牌斑马卡通印花短袖t恤男女高街宽松情侣半袖INS潮,128,¥,券后价,裴富819,DREW中国,回头客2万,12人付款,广东 深圳,"超级立减10%, 淘金币已抵0.59元, 退货宝, 48小时内发, 包邮",材质成分:棉100% | 版型分类:宽松型 | 适用体型:通用型 | 面料:纯棉 | 图案:印花 | 适用性别:男女通用 | 适用人群:青少年,https://g-search2.alicdn.com/img/bao/uploaded/i4/i1/150771916/O1CN01w6OuUm1Q1Zyq3cF8e_!!150771916.jpg,//item.taobao.com/item.htm?id=968265814454&ns=1&abbucket=10&xxc=taobaoSearch&mi_id=0000QG4QANnEgPwLbv0Ck2e9p41vXZOFZbBq2UNiTl2wmq8&skuId=6187590542528
654331732816,正版ted2泰迪熊西装韩国果冻公仔毛绒玩具送男女生抱枕生日礼物,79,¥,券后价,tonghuamima,童话密码自营店,,200+人付款,广东 东莞,"官方立减12%,  3期, 退货宝, 包邮",材质:绒布 | 玩具类型:公仔 | 服装款式:原厂版本 | 适用年龄:通用 | 品牌:童话密码,https://g-search2.alicdn.com/img/bao/uploaded/i4/i1/2211010499689/O1CN01BZOIup2LRcBaME51g_!!2211010499689.jpg,//item.taobao.com/item.htm?id=654331732816&ns=1&abbucket=10&xxc=taobaoSearch&mi_id=0000_gzx6aVxO4p7PrC-ugzT4o5wwAnHLzsZsR_dFmj1PWk&skuId=4896954914968
971542030261,POPMART泡泡玛特LABUBU拉布布心底密码字母挂件钥匙扣盲盒包挂件,200,¥,券后价,misslong8877,ONEWAVE潮品,9年老店,800+人付款,广东 深圳,"官方立减12%, 退货宝, 包邮",,https://g-search2.alicdn.com/img/bao/uploaded/i4/i1/847377729/O1CN01IDEWGX26xwHObTTye_!!847377729.jpg,//item.taobao.com/item.htm?id=971542030261&ns=1&abbucket=10&xxc=taobaoSearch&mi_id=0000jgKSI6EOsCrNA-S_R2ixp1tm9Z-GxvUdk70zTLvAvSk&skuId=5922125564447
992531432241,扎染卫裤男秋冬新款加厚青少年男生男士男裤休闲宽松直筒工装裤子,107,¥,券后价,港仔四季男装,港仔四季男装,10年老店,1000+人付款,浙江 杭州,"官方立减15%,  3期, 店铺满6减5, 退货宝, 48小时内发",裤型:直筒裤 | 服装版型:宽松 | 适用人群:青年 | 款式:工装裤,https://g-search2.alicdn.com/img/bao/uploaded/i4/i4/2570593162/O1CN01AKo3Hn1ZEFSp149TX_!!2570593162.jpg,//item.taobao.com/item.htm?id=992531432241&ns=1&abbucket=10&xxc=taobaoSearch&mi_id=0000lu3P9q69fHGVkubjp_GzuIT6q5PdV1LPM4muU-PM8MI&skuId=5975027944211
972345850850,慵懒感条纹刺绣长袖T恤男女春季潮牌miu系撞色打底衫宽松休闲上衣,139,¥,券后价,qotriock旗舰店,qotriock旗舰店,回头客9万,1人付款,浙江 杭州,"官方立减12%, 包邮",材质成分:棉89.1% | 版型分类:宽松型 | 适用体型:通用型 | 面料:棉 | 图案:条纹 | 适用性别:男女通用,https://g-search2.alicdn.com/img/bao/uploaded/i4/i1/2214295046324/O1CN01yaQSet1waRpvMk6fT_!!4611686018427381940-0-item_pic.jpg,//detail.tmall.com/item.htm?id=972345850850&ns=1&abbucket=10&xxc=taobaoSearch&mi_id=0000Nwk8exa8zDZ83An3lW2LNFz1KUm-fSvl_rGfihTlifg&skuId=6181713422740
966080799039,2025新款汽车头枕记忆棉车内座椅脖子靠枕星星人玩偶车用坐垫高级,64,¥,首单价,速潜行旗舰店,速潜行旗舰店,,400+人付款,广东 广州,"直降3元, 超级立减20元, 包邮",适用季节:四季通用 | 填充物:记忆棉,https://g-search1.alicdn.com/img/bao/uploaded/i4/i1/2218777256158/O1CN01d2nTkD1vMQ4cdrwGo_!!4611686018427379934-0-item_pic.jpg,//detail.tmall.com/item.htm?id=966080799039&ns=1&abbucket=10&xxc=taobaoSearch&mi_id=0000tvjbzCT3mx2Kwz4pSUBm3xb7Yz2cOqpymcLp4QuIzwY&skuId=5999542657426
976013626643,轻奢潮牌情侣鞋男2025新款黑武士上印花圆头低帮鞋子学生增高板鞋,158,¥,券后价,妻妻527,妻妻527,5年老店,200+人付款,河南 开封,"官方立减12%,  3期, 淘金币已抵4.74元, 退货宝, 48小时内发, 包邮",鞋面材质:织物/牛皮革  织物/羊皮革 皮革 羊皮革 牛皮革 纳帕革 缎面 | 风格:休闲 | 鞋跟高:低跟(小于3cm) | 款式:板鞋 | 鞋头款式:圆头 | 季节:春秋 | 品牌:康亿 | 功能:耐磨 | 适用对象:中年,https://g-search3.alicdn.com/img/bao/uploaded/i4/i1/2208227528220/O1CN01NjC2jK2AaokcK9ecz_!!2208227528220.jpg,//item.taobao.com/item.htm?id=976013626643&ns=1&abbucket=10&xxc=taobaoSearch&mi_id=0000AyvCpahy37h7Hk3w0lYL29ItD16X3TvXz3fXaLIZg80&skuId=6096831063838
1014319653703,美式涂鸦风圆领卫衣2026正流行男宽松长袖潮牌青年黑色上衣高级感,76.5,¥,,宣森牧旗舰店,宣森牧旗舰店,,12人付款,广东 广州,"官方立减12%, 淘金币已抵1.53元, 退货宝, 包邮",克重范围:450g | 面料:棉质面料 | 版型分类:宽松型 | 领型设计:圆领 | 是否连帽:否 | 适用性别:男,https://g-search1.alicdn.com/img/bao/uploaded/i4/i1/2221147505983/O1CN014NOAdE1u4GmP8LaL4_!!4611686018427381055-0-item_pic.jpg,//detail.tmall.com/item.htm?id=1014319653703&ns=1&abbucket=10&xxc=taobaoSearch&mi_id=0000ogpybbN0MzxQMTJBOJHW1gIE2KfVrTByeqLvLOqQYpA&skuId=6183092926440
978708917210,WE11DONE CDG小众潮牌美式高街休闲宽松男女情侣款纯棉长袖t恤ins,388,¥,券后价,童霞邓博,摩登折扣店,,50人付款,广东 汕头,"官方立减12%, 淘金币已抵2.04元, 退货宝, 48小时内发, 包邮, 公益宝贝",材质成分:棉100% | 版型分类:宽松型 | 适用体型:通用型 | 面料:棉 | 适用性别:男女通用 | 适用人群:青少年,https://g-search2.alicdn.com/img/bao/uploaded/i4/i1/672028898/O1CN019mtMDx2FbLHhu7iEK_!!672028898.jpg,//item.taobao.com/item.htm?id=978708917210&ns=1&abbucket=10&xxc=taobaoSearch&mi_id=0000Mvzak6iZuc-AHnw-rb3ZWtT0nKqo2aeLNmJ3zc50a90&skuId=6099303698975
1014222785531,heatedrivalry巅峰对决同款短袖T恤夏季纯棉半袖潮hudsonwilliam,128,¥,券后价,图凡尼旗舰店,图凡尼旗舰店,7年老店,4人付款,山东 临沂,"官方立减12%, 退货宝, 包邮",材质成分:棉100.0% | 版型分类:宽松型 | 面料:纯棉 | 图案:人物 | 适用性别:男女通用,https://g-search3.alicdn.com/img/bao/uploaded/i4/i4/4065391552/O1CN01R0TP4C1NKroQuGoDL_!!4611686018427384768-0-item_pic.jpg,//detail.tmall.com/item.htm?id=1014222785531&ns=1&abbucket=10&xxc=taobaoSearch&mi_id=0000cLEQDMqeYn_bW8-hlq2Lojh3B25wc8SaR1K5Mn6scOk&skuId=6183464155954
943485357076,ESSENTIALS潮牌高街男女休闲宽松植绒1977短袖T恤情侣纯棉上衣夏,99,¥,券后价,tb6222029809,ESSENTIALS线上潮牌,,30人付款,北京,"官方立减28.3元,  3期, 淘金币已抵2.07元, 退货宝, 包邮",材质成分:棉100% | 版型分类:宽松型 | 面料:棉 | 适用人群:青少年,https://g-search3.alicdn.com/img/bao/uploaded/i4/i2/2211706250898/O1CN01b4pAbs1IVKjS5sJm9_!!2211706250898.jpg,//item.taobao.com/item.htm?id=943485357076&ns=1&abbucket=10&xxc=taobaoSearch&mi_id=0000vL4ogUpCFibNOUDEuSk72PXT119sPIbgZ2QQ3Zj4xxA&skuId=6010482038926
950409374753,FOG复线美式潮牌高街潮流1977植绒印花短袖T恤情侣宽松重磅半袖夏,129,¥,券后价,tb613890253,vtg 高街FOG,5年老店,18人付款,广东 广州,"官方立减12%, 退货宝",版型分类:宽松型 | 面料:纯棉 | 图案:字母 | 适用性别:男女通用 | 适用人群:情侣,https://g-search2.alicdn.com/img/bao/uploaded/i4/i4/2206648670125/O1CN01arfWh51CnIa1yfk6w_!!2206648670125.jpg,//item.taobao.com/item.htm?id=950409374753&ns=1&abbucket=10&xxc=taobaoSearch&mi_id=0000UuL1XMmc-6sHFzjDvGWn8fybEwLp7GjZ_Q1MBKkQtSs&skuId=6032540679222
929436954994,美式高街罗汉松刺绣短袖T恤男女2025夏新款潮牌纯棉半袖字母上衣,27.8,¥,券后价,lgf320742462,Ghost Studios,回头客1万,900+人付款,广东 揭阳,"超级立减2.8元,  3期, 淘金币已抵0.55元, 退货宝, 48小时内发, 包邮",材质成分:棉100% | 版型分类:宽松型 | 面料:棉 | 适用人群:青少年,https://g-search3.alicdn.com/img/bao/uploaded/i4/i1/2063742086/O1CN013M8hyk1RHRErP1rem_!!2063742086.jpg,//item.taobao.com/item.htm?id=929436954994&ns=1&abbucket=10&xxc=taobaoSearch&mi_id=0000IW0DESBDMNIjFHRlIBWUePNuWls6H_rzLRaLMHEfSTs&skuId=5765339565010
927446839479,NASA联名背包小熊夏季短袖纯棉t恤男女情侣美式半袖休闲简约体恤,79.9,¥,券后价,tb629622705683,NASA潮牌,,1000+人付款,广东 广州,"官方立减12%, 淘金币已抵1.79元, 48小时内发, 包邮",材质成分:棉100% | 版型分类:宽松型 | 适用体型:通用型 | 面料:纯棉 | 图案:卡通动漫 | 适用性别:男女通用 | 适用人群:青少年,https://g-search1.alicdn.com/img/bao/uploaded/i4/i1/2214190113410/O1CN01unFGKY1b3pQZ1g6lq_!!2214190113410.jpg,//item.taobao.com/item.htm?id=927446839479&ns=1&abbucket=10&xxc=taobaoSearch&mi_id=0000AnCKCbv4TJ-kpcBCcgfCq9z3SBaCtiAzAGkU6D4EW7k&skuId=5194028063847
991900112755,SHUTUPPLS| 恶搞 复古人像T恤短袖TEE男女长袖,128,¥,券后价,tb200027561624,CTP线上商店,,83人付款,广东 揭阳," 3期, 淘金币已抵3.9元, 退货宝, 包邮",材质成分:棉100% | 版型分类:宽松型 | 面料:棉 | 适用性别:男女通用 | 适用人群:青少年,https://g-search3.alicdn.com/img/bao/uploaded/i4/i2/2215284195958/O1CN01Qj8Bnm1tsorSxKiO2_!!2215284195958.png,//item.taobao.com/item.htm?id=991900112755&ns=1&abbucket=10&xxc=taobaoSearch&mi_id=0000xr7Sf8VSZcn2P3qHvsuUnITMRpBHTjH_XKodUF-T61U&skuId=6126385607162
984839171797,新款welldone小众潮牌宽松韩版秋冬男女情侣WE11重磅纯棉长袖T恤,134,¥,,刚爷发发发,Welldone Studio十三年老店,,100+人付款,福建 漳州,"退货宝, 包邮",克重范围:220g | 面料:棉质面料 | 版型分类:宽松型 | 领型设计:圆领 | 是否连帽:否 | 材质成分:棉100% | 适用性别:男,https://g-search2.alicdn.com/img/bao/uploaded/i4/i2/2422289010/O1CN01fhXpC72GQdeRAAMLe_!!2422289010.jpg,//item.taobao.com/item.htm?id=984839171797&ns=1&abbucket=10&xxc=taobaoSearch&mi_id=0000-wRGYCpKc4Cmzvkjh9kItzLr2NhGafPzKLe_NS4zvRc&skuId=6113825398624
926994769352,WASSUP BIKK美式格纹抽绳短裤男夏季宽松沙滩裤休闲运动五分裤子,109,¥,券后价,tb0080773429,WASSUP BIKK中国,,7000+人付款,福建 泉州,"超级立减4.9元, 退货宝, 48小时内发, 包邮",品牌:WASSUP BIKK | 适用场景:沙滩 | 适用场景:运动 | 尺码:S | 尺码:M | 尺码:L | 尺码:2XL | 尺码:XL | 尺码:3XL | 版型:宽松 | 面料:聚酯纤维 | 风格:休闲 | 裤长:五分裤 | 腰型:中腰 | 弹力:微弹 | 细分风格:潮 | 适用人群:男性 | 适用季节:夏季 | 裤脚口款式:直筒 | 上市年份季节:2025年夏季 | 面料工艺:免烫处理 | 产地:中国,https://g-search3.alicdn.com/img/bao/uploaded/i4/i2/2213145396147/O1CN01qUHimJ1vHNfpHgtAp_!!2213145396147.jpg,//item.taobao.com/item.htm?id=926994769352&ns=1&abbucket=10&xxc=taobaoSearch&mi_id=0000teY2aDe0ro34yOeoy0Iv0HXN2U1ikKxsZ2w2u_ZMo4s&skuId=5974102718988
961149470998,WASSUP夏季新颖T恤高街潮酷数字印花短袖ins奶黄色男女款纯棉上衣,59.9,¥,,tb509769977,Wassup Hsube国潮牌店,,1000+人付款,广东 揭阳,"退货宝, 48小时内发, 包邮",材质成分:棉100% | 版型分类:宽松型 | 面料:棉 | 图案:卡通动漫 | 适用性别:男女通用 | 适用人群:青少年,https://g-search3.alicdn.com/img/bao/uploaded/i4/i2/2217578233605/O1CN01JubxDZ1cV8tgMTUcN_!!2217578233605.jpg,//item.taobao.com/item.htm?id=961149470998&ns=1&abbucket=10&xxc=taobaoSearch&mi_id=0000gnvZ4QAEQleESoTCESJkmr4VWCsWHFOTzUhqRORZOuk&skuId=6061699967010
832611490582,FOG MIKI ESSENTIALS美式新款小众高街潮牌休闲宽松短裤男女夏季,199,¥,券后价,摩登部落3108,摩登部落,回头客2万,300+人付款,山东 青岛,"官方立减12%, 30天价保, 退货宝, 48小时内发, 包邮, 公益宝贝",裤型:直筒裤 | 裤长:短裤 | 服装版型:宽松 | 适用季节:四季通用 | 材质成分:棉80% | 适用人群:青年 | 款式:休闲裤 | 适用场景:日常,https://g-search3.alicdn.com/img/bao/uploaded/i4/i3/2214229440562/O1CN01xc4Yx01G1RZsPGB9t_!!2214229440562.jpg,//item.taobao.com/item.htm?id=832611490582&ns=1&abbucket=10&xxc=taobaoSearch&mi_id=0000DxOGDT_UsGgAJNydLeLMn0c8F-BlHX90QF2Jc5okafI&skuId=5990861675990
957414287407,卡通暴力熊KAWS北欧风芝麻街现代简约潮流装饰画画芯高清素材图库,2,¥,,素材兔,素材图,,0人付款,辽宁 沈阳,包邮,,https://g-search3.alicdn.com/img/bao/uploaded/i4/i1/2208201507762/O1CN01UTjbLl27D3NSA3GHv_!!2208201507762.jpg,//item.taobao.com/item.htm?id=957414287407&ns=1&abbucket=10&xxc=taobaoSearch&mi_id=0000wnB8pSHUrd0TjD7HkyF45VuQkCatSiz5z27bc4AiRcM&skuId=null
631666459372,潮牌网红xx眼水洗棉黑色四件套kaws卡通床单芝麻街被套床上用品,70,¥,,福尔菲旗舰店,福尔菲旗舰店,6年老店,6人付款,江苏 南通,"退货宝, 包邮",功能特性:蓄热保暖 | 床单面料材质:水洗棉 | 织造工艺:平纹布 | 面料支数:40支 | 件数:4件 | 被里材质:涤纶（聚酯纤维） | 风格:简约 | 适用季节:四季通用 | 面料密度:128x68 | 主图案类型:卡通动漫 | 品牌:福尔菲,https://g-search3.alicdn.com/img/bao/uploaded/i4/i4/2206710110062/O1CN019Iil1y1CKRJ8IYHyX_!!0-item_pic.jpg,//detail.tmall.com/item.htm?id=631666459372&ns=1&abbucket=10&xxc=taobaoSearch&mi_id=00005MlQROQQIxs5omDSmOPpYhFtwm1jC4WWy1LlVb1ab64&skuId=4494019364360
707716301118,KAWS潮牌客厅装饰画抽象公仔沙发背景墙挂画暴力熊三联画卧室壁画,76,¥,券后价,设计师装饰画,设计师装饰画,回头客1万,6人付款,河南 商丘," 3期, 店铺满98减5, 淘金币已抵1.14元, 退货宝, 极有家, 包邮",图案主题:卡通动漫 | 适用空间:客厅 | 风格匹配:现代简约 | 装裱方式:有框 | 画芯材质:布纹膜,https://g-search3.alicdn.com/img/bao/uploaded/i4/i3/3157945738/O1CN01abSTJ41sG3Rp7LPnu_!!3157945738.jpg,//item.taobao.com/item.htm?id=707716301118&ns=1&abbucket=10&xxc=taobaoSearch&mi_id=0000z7fbefV6zahvQoH-J9KT9LgX77Axb4mv7G_ZtMI4IEQ&skuId=4969384156639
927770320499,简约轻奢抽象艺术卡通暴力熊kaws芝麻街橙色乐高地毯高清电子素材,9.9,¥,,tb414079668,三月素材,,3人付款,四川 成都,包邮,,https://g-search1.alicdn.com/img/bao/uploaded/i4/i3/2200736548890/O1CN01MEi4rb2FXg5ADRp0C_!!2200736548890.jpg,//item.taobao.com/item.htm?id=927770320499&ns=1&abbucket=10&xxc=taobaoSearch&mi_id=0000R_Aua2wo-2uPVm-c-pQ3BYBkU2TAJX3PZU2dd9DIlVQ&skuId=null
676042285624,洞洞鞋3D立体配饰气球狗卡通鞋花潮牌kaws芝麻街可拆卸鞋扣装饰扣,26,¥,券后价,奥德创家居馆,Tailee Swift,7年老店,3人付款,广东 佛山,"官方立减12%, 淘金币已抵0.2元, 包邮, 公益宝贝",,https://g-search2.alicdn.com/img/bao/uploaded/i4/i2/4054166650/O1CN01YIo1Xu1yzkbaCQheN_!!4054166650.jpg,//item.taobao.com/item.htm?id=676042285624&ns=1&abbucket=10&xxc=taobaoSearch&mi_id=0000mWf5z6q1GKDgkEYufWr_yMcUMIQXpMYe09-5yFlUB8Y&skuId=4856785536688
720265510952,KAWS潮流潮牌主理人手办树脂摆件人偶模型潮玩村上隆宫崎骏公仔,370,¥,券后价,2依依不舍2,Good times 心意屋,13年老店,19人付款,广东 佛山,"官方立减12%,  3期, 退货宝, 包邮",,https://g-search3.alicdn.com/img/bao/uploaded/i4/i2/603088008/O1CN01Y0cQE1291iXPGyQ3I_!!603088008.jpg,//item.taobao.com/item.htm?id=720265510952&ns=1&abbucket=10&xxc=taobaoSearch&mi_id=0000lJ8V9xADMAIN5HuCqMwiHEAAEALnONT7YXsgUrHt_5Q&skuId=5187818954870
810748726642,KAWS潮牌暴力熊轻奢简约网红爆款卡通装饰画客厅入户走廊玄关挂画,96,¥,券后价,欣天彩旗舰店,欣天彩旗舰店,,2人付款,河南 商丘,"官方立减12%,  3期, 店铺满39减5, 退货宝, 上门安装, 破损包退, 包邮",图案主题:卡通动漫 | 适用空间:客厅 | 装裱方式:有框 | 画芯材质:布纹/水晶,https://g-search1.alicdn.com/img/bao/uploaded/i4/i3/2212391830591/O1CN01Oc6kWe1GEj2gY1Fcz_!!0-item_pic.jpg,//detail.tmall.com/item.htm?id=810748726642&ns=1&abbucket=10&xxc=taobaoSearch&mi_id=0000cwm44ezbnLq0k8Id4MFrjpQv6UAUNOqaqcI1z4aPY90&skuId=5502783956414
870059361721,mand kaws芝麻街bff联名毛绒公仔玩偶娃娃玩具可爱摆件生日礼物,48,¥,,tb9664304884,fmstickgbj的小店,,5人付款,北京," 3期, 包邮",材质:绒布 | 玩具类型:公仔 | 适用年龄:8岁以上,https://g-search2.alicdn.com/img/bao/uploaded/i4/i1/2216038267419/O1CN01t7lrcp24fxQ9xpx0X_!!2216038267419.jpg,//item.taobao.com/item.htm?id=870059361721&ns=1&abbucket=10&xxc=taobaoSearch&mi_id=0000TCrWzwdcX-tOSoi1xManxmyqqz3AVRSgJ1tM6W5d1DM&skuId=5818912534851
781612511641,kaws考斯汽车摆件可爱公仔中控台车载内装饰香薰创意高档女男大G,76,¥,,老实人的创业梦二,晨晨钻饰,,5人付款,河南 郑州,包邮,,https://g-search3.alicdn.com/img/bao/uploaded/i4/i3/2877436201/O1CN01q9cd821vg6wuxKbJn_!!2877436201.jpg,//item.taobao.com/item.htm?id=781612511641&ns=1&abbucket=10&xxc=taobaoSearch&mi_id=0000B6p74ER4-_cM5Y-C79nqAKO63TX-bEH4kmrHsOczBK8&skuId=5510230983642
974978665065,kaws车载香水香薰车内空调出风口装饰品网红汽车卡通扩香石特斯拉,99,¥,券后价,南思企业店,「NASI 那司」,7年老店,2人付款,广东 广州,"官方立减12%, 淘金币已抵0.89元, 包邮, 公益宝贝",净含量:5mL(含)-10mL(含) | 功能:祛异味 | 品牌:那司,https://g-search3.alicdn.com/img/bao/uploaded/i4/i1/4116615276/O1CN01QpD8Az1oqSB5cbT71_!!4116615276.jpg,//item.taobao.com/item.htm?id=974978665065&ns=1&abbucket=10&xxc=taobaoSearch&mi_id=0000ejTV4RDpXFaWcgOq-A2gDWeD_Cn9tfBIXF14y7dOcBo&skuId=4955933452905
616699948456,ins潮牌地毯kaws客厅茶几创意卧室床边满铺可爱衣帽间门口大地垫|,33.2,¥,券后价,纯情在奋斗,涵晞精品地毯,7年老店,8人付款,天津,"官方立减12%, 淘金币已抵0.58元, 包邮, 公益宝贝",清洗类型:可机洗 | 适用空间:衣橱/衣帽间 | 形状:长方形 | 风格:欧美 | 表面材质:混纺,https://g-search3.alicdn.com/img/bao/uploaded/i4/i2/690931738/O1CN01N8NYcK1Oi2xaiAVCB_!!690931738.jpg,//item.taobao.com/item.htm?id=616699948456&ns=1&abbucket=10&xxc=taobaoSearch&mi_id=0000_vtq2_duqFOXCRRLBFC2RhS-u39uYnJ4-3bdF3FER-M&skuId=4525522103541
688088378960,时尚街头嘻哈潮牌芝麻街KAWS卡通创意地毯书房卧室服饰拍照地垫,75,¥,,秀秀潮儿,潮儿地毯,8年老店,1人付款,天津,包邮,适用空间:书房 | 风格:现代简约 | 表面材质:混纺,https://g-search2.alicdn.com/img/bao/uploaded/i4/i1/3304053421/O1CN01P9VRlq1b8rj4R1ofs_!!3304053421.jpg,//item.taobao.com/item.htm?id=688088378960&ns=1&abbucket=10&xxc=taobaoSearch&mi_id=0000tiFcEzyYw68-GYqvwUQCvYEw1ObSj0CxDODgAa6eubU&skuId=4905096861527
649391274817,考斯汽车摆件kaws卡通摇头车载香水香薰中控台车内装饰用物品潮男,39.8,¥,,bennyxiaoxu,贝美汽车用品,16年老店,7人付款,重庆,"退货宝, 包邮",,https://g-search1.alicdn.com/img/bao/uploaded/i4/i1/66289442/O1CN01zNpGAU2JcULG2x2Ir_!!66289442.jpg,//item.taobao.com/item.htm?id=649391274817&ns=1&abbucket=10&xxc=taobaoSearch&mi_id=0000GQY0B_XW6vOH7wIm8SG0z9p5lkpE3XPsM3N6VrDgXl0&skuId=4853876171434
832232796813,村上隆太阳花联名KAWS潮牌客厅装饰画抽象公仔沙发背景墙挂画壁画,98,¥,券后价,社科科科科,轩艺装饰画,,43人付款,河北 石家庄,"官方立减12%,  3期, 淘金币已抵0.5元, 包邮",画芯材质:烤瓷晶瓷 | 图案主题:卡通动漫 | 适用空间:玄关 | 风格匹配:潮流,https://g-search3.alicdn.com/img/bao/uploaded/i4/i2/1886841821/O1CN01YIbMaU1PK4DvYux5G_!!1886841821.jpg,//item.taobao.com/item.htm?id=832232796813&ns=1&abbucket=10&xxc=taobaoSearch&mi_id=0000o6ueTbsOv0D7wHFeby73cHlKJoegoMOG6PbpHVxue5Y&skuId=5743655507855
,,,,,,,,,,,,,
,,,,,,,,,,,,,
646526196217,喜吉良芝麻街原彩Kaws短袖t恤男女纯棉圆领印花情侣夏季潮流半袖,78,¥,券后价,喜吉良t,喜吉良,6年老店,1人付款,河北 石家庄,"淘金币已抵2.34元, 退货宝, 包邮",版型分类:宽松型 | 面料:棉毛布 | 图案:纯色 | 适用人群:青年,https://g-search3.alicdn.com/img/bao/uploaded/i4/i4/2201196746348/O1CN016XEvZm1wlQuX1funY_!!2201196746348.jpg,//item.taobao.com/item.htm?id=646526196217&ns=1&abbucket=10&xxc=taobaoSearch&mi_id=0000MeD9FYSBf0nfkFD9BxPOqPyrU1mVp-MH4AA38jvwiFk&skuId=4663273412873
959528902422,KAWS潮牌aj双面抱枕ins沙发飘窗汽车靠垫芝麻街靠枕腰枕芯diy定制,72,¥,券后价,佳衡百货,佳衡百货,7年老店,0人付款,浙江 金华,"官方立减12%, 退货宝, 包邮, 公益宝贝",是否可拆洗:支持可拆洗 | 抱枕枕靠类型:靠垫套/抱枕套 | 风格:简约现代 | 内芯材质:PP棉 | 形状:正方形 | 外套材质:毛绒 | 适用场景:旅行 | 适用人群:通用,https://g-search3.alicdn.com/img/bao/uploaded/i4/i2/3958390634/O1CN01rViuxe1GYPaByxRR4_!!3958390634.jpg,//item.taobao.com/item.htm?id=959528902422&ns=1&abbucket=10&xxc=taobaoSearch&mi_id=0000CNxcAeHJDlTC474KewbY40CNKE7vW_tTi4hsvPhwM6A&skuId=4069305827066
853522901937,适用Kaws潮牌芝麻街苹果17pro手机壳iPhone14Promax液态软硅胶16磁吸无线充13Pro可爱卡通12新款15情侣男女11,38,¥,券后价,能季旗舰店,能季旗舰店,6年老店,100+人付款,广东 深圳,"店铺满20减2, 包邮",保护套质地:液态硅胶 | 是否使用环保材质:含环保材料 | 适用手机型号:iPhone 11 Pro Max | 风格:日韩 | 适用手机机型:Apple/苹果 | 品牌:能季,https://g-search3.alicdn.com/img/bao/uploaded/i4/i4/2206415823025/O1CN01HnKu4v1YDV84QmgHq_!!4611686018427379889-0-item_pic.jpg,//detail.tmall.com/item.htm?id=853522901937&ns=1&abbucket=10&xxc=taobaoSearch&mi_id=0000Jn5H-FTkQSKgjuXc7F80rmIZx_584gb9izbMVOtWzJY&skuId=5652380964871
710086137458,Kaws芝麻街怀抱潮玩公仔Kaws Take考斯手办卡瓦斯艺术摆件 现货,269,¥,券后价,tb4476160662,靠谱青年Lab,,25人付款,广东 东莞,"官方立减12%, 淘金币已抵8.04元, 30天价保, 退货宝, 包邮",,https://g-search2.alicdn.com/img/bao/uploaded/i4/i1/2206804004995/O1CN01AumKeZ1mllApWEYXD_!!2206804004995.jpg,//item.taobao.com/item.htm?id=710086137458&ns=1&abbucket=10&xxc=taobaoSearch&mi_id=0000r5izLw3YKKXPgRzgCZn22ZUuCwWHOKea3qrKJq6pkAI&skuId=4977673724057
633758928845,KAWS潮牌卡通长条抱枕女生侧睡夹腿枕头圆柱睡觉靠枕可拆洗床缝,69,¥,券后价,五个半茄子,北斋家纺,8年老店,8人付款,浙江 湖州,"官方立减12%, 包邮, 公益宝贝",是否可拆洗:支持可拆洗 | 风格:卡通 | 内芯材质:PP棉 | 形状:圆形 | 外套材质:化纤 | 适用场景:宿舍,https://g-search3.alicdn.com/img/bao/uploaded/i4/i3/3384130433/O1CN01dBSTjT1F4M8oquu0V_!!3384130433.jpg,//item.taobao.com/item.htm?id=633758928845&ns=1&abbucket=10&xxc=taobaoSearch&mi_id=0000kwqCXnZFSv2LRBnospB2TU4EWeBVJSNx_EJWUG8OnJA&skuId=4534688153737
975005700700,客厅地毯茶几毯潮牌kaws卧室满铺床边地垫家用榻榻米衣帽间可定做,76,¥,券后价,恒美地毯商城,汇恒地毯商城,9年老店,10人付款,天津,"官方立减12%, 包邮",清洗类型:可机洗 | 适用空间:阳台 | 形状:长方形 | 风格:现代简约,https://g-search3.alicdn.com/img/bao/uploaded/i4/i1/2200273467/O1CN01s9hH7X1bTvpwrPKV8_!!2200273467.jpg,//item.taobao.com/item.htm?id=975005700700&ns=1&abbucket=10&xxc=taobaoSearch&mi_id=0000MS50GZy_o5jaEjuDhlZyklES8SzfCb0ulT7lITUSlCU&skuId=4639070301029
914919408523,kaws芝麻街公仔客厅高档轻奢潮玩暴力熊桌面摆件手办卡通家居礼物,25.7,¥,,lk39117100,Zo zo潮玩店,,13人付款,江西 吉安,"退货宝, 48小时内发, 包邮",主体材质:卡通 | 表面工艺:半手工,https://g-search3.alicdn.com/img/bao/uploaded/i4/i1/3613510326/O1CN01uBfKkk1EHM6x386CF_!!3613510326.jpg,//item.taobao.com/item.htm?id=914919408523&ns=1&abbucket=10&xxc=taobaoSearch&mi_id=0000qCsYKWTgDad3K6nkzwjj0WMPdntHhWF0TIC9KJYdFt0&skuId=5780872149219
797134972484,ins潮牌kaws地垫造型复古街头卧室客厅厨房长条床边防滑吸水地毯,39,¥,券后价,hydel666,布造,16年老店,4人付款,天津,"官方立减12%, 淘金币已抵0.78元, 包邮",清洗类型:可机洗 | 适用空间:店铺 | 主图案类型:抽象图案 | 表面材质:丝圈,https://g-search1.alicdn.com/img/bao/uploaded/i4/i4/37320472/O1CN01zp5WAh1FMDtszZrfN_!!37320472.jpg,//item.taobao.com/item.htm?id=797134972484&ns=1&abbucket=10&xxc=taobaoSearch&mi_id=0000_lIEuVHkq_J7tKex1jQTrn4iRYnoWXccxRFbyhU4ZIo&skuId=5601742606959
628207369019,HOODS kaws XX 外贸黑白秋冬男女纯色中筒日潮运动袜纯棉袜子,15,¥,券后价,triplezero_000,HOODSHOP HK,7年老店,2人付款,广东 佛山,淘金币已抵0.45元,适用季节:四季通用 | 适用性别:情侣 | 品牌:SVDNESS/色那西,https://g-search2.alicdn.com/img/bao/uploaded/i4/i4/903889088/O1CN01sXse932H0M4XLIbBv_!!903889088.jpg,//item.taobao.com/item.htm?id=628207369019&ns=1&abbucket=10&xxc=taobaoSearch&mi_id=0000Cywa9LuS_PMgWx3C73XhM93440M2PcruaMcCMX582qY&skuId=4634609659342
640561199414,圆形潮牌地毯kaws客厅茶几卧室床边衣帽间儿童房电脑摇篮椅大地垫,37.2,¥,券后价,纯情在奋斗,涵晞精品地毯,7年老店,1人付款,天津,"官方立减12%, 淘金币已抵0.55元, 包邮, 公益宝贝",清洗类型:可机洗 | 适用空间:衣橱/衣帽间 | 形状:圆形 | 风格:欧美 | 表面材质:混纺,https://g-search2.alicdn.com/img/bao/uploaded/i4/i4/690931738/O1CN01JQgGsS1Oi31icdNa8_!!690931738.jpg,//item.taobao.com/item.htm?id=640561199414&ns=1&abbucket=10&xxc=taobaoSearch&mi_id=0000-x3J_im8jlcKlvcw9DsNoYCKWS3WDDueCRMYVqHq6vw&skuId=4597335753545
738395298162,网红汽车摆件中控台车内装饰品男女士轻奢高档车载粉色合金车模型,168,¥,券后价,ming554297373,KEY MOMENT甄选,9年老店,500+人付款,安徽 池州,"官方立减12%, 退货宝, 包邮, 公益宝贝",,https://g-search3.alicdn.com/img/bao/uploaded/i4/i1/164345494/O1CN01BS1mWi1qSIrTBmQ25_!!164345494.jpg,//item.taobao.com/item.htm?id=738395298162&ns=1&abbucket=10&xxc=taobaoSearch&mi_id=0000cFICzzE5GpzYyIwJ0vzvNvw5bXigAsT3v9gbLxOJFMQ&skuId=5265454022351
741215782857,潮玩暴力熊kaws摆件芝麻街公仔创意客厅玄关酒柜家居桌面小装饰品,78,¥,券后价,狮家旗舰店,狮家旗舰店,12年老店,25人付款,浙江 杭州,"官方立减12%, 退货宝, 包邮",主体材质:抽象 | 表面工艺:半手工,https://g-search1.alicdn.com/img/bao/uploaded/i4/i1/1744405329/O1CN01wJpJVq1pEjWXG37s6_!!0-item_pic.jpg,//detail.tmall.com/item.htm?id=741215782857&ns=1&abbucket=10&xxc=taobaoSearch&mi_id=0000lH-GeLDpjouRHezxH0QHvyd6Qg-jpq_htUPIbg2a01E&skuId=5284954639756
966058270470,轻奢潮流kaws暴力熊客厅装饰画芝麻街公仔沙发背景墙挂画床头壁画,26.8,¥,券后价,张领袖i,青鱼鲶装饰画廊,,1人付款,河南 商丘,"店铺满11减1, 淘金币已抵0.8元, 退货宝, 极有家, 包邮",适用空间:客厅 | 风格匹配:现代简约 | 装裱方式:有框 | 画芯材质:布纹膜,https://g-search1.alicdn.com/img/bao/uploaded/i4/i4/2706967259/O1CN014m4Qzl23UfnKcLRr9_!!2706967259.jpg,//item.taobao.com/item.htm?id=966058270470&ns=1&abbucket=10&xxc=taobaoSearch&mi_id=0000yY__bKYAMdAp0PjPWbAythH8H2jdFtFL9yismoTwcl8&skuId=5029433575596
803842120149,潮牌芝麻街双人床四件套男生宿舍kaws单人床三件套个性床单被套罩,72,¥,,tb3943343535,欣瑶家纺,,2人付款,浙江 绍兴,"退货宝, 包邮",织造工艺:磨毛 | 床单面料材质:涤纶 | 功能特性:保暖 | 床品工艺:数码印花 | 件数:4件 | 被里材质:涤纶（聚酯纤维） | 风格:卡通 | 适用季节:四季通用 | 主图案类型:卡通动漫,https://g-search3.alicdn.com/img/bao/uploaded/i4/i4/2213073967286/O1CN01YOafAG23h2Wtbx1gK_!!2213073967286.jpg,//item.taobao.com/item.htm?id=803842120149&ns=1&abbucket=10&xxc=taobaoSearch&mi_id=0000Xb53kn0QDu61zAILjrQEMSwX5bdO2Bf76uns4m39raQ&skuId=5469541228408
,,,,,,,,,,,,,
970666497217,2025秋冬新款男士女士情侣款KAWS时尚保暖毛线针织围巾围脖485257,55,¥,,liyou6531,U家同款高端自制,5年老店,2人付款,江苏 苏州,包邮,图案:拼色 | 面料:毛线　 | 适用对象:青年,https://g-search3.alicdn.com/img/bao/uploaded/i4/i2/770227951/O1CN01TKxQ7E28bcE5aYCLT_!!770227951.png,//item.taobao.com/item.htm?id=970666497217&ns=1&abbucket=10&xxc=taobaoSearch&mi_id=0000COe5hrenmIQnqdjVg_qg7vvKL1jIrCtUjYquKCLWVfI&skuId=5980403681761
788647642161,KAWS创意轻奢压圈垃圾桶卡通可爱儿童房高颜值家用卧室客厅卫生桶,58,¥,券后价,月夜莫离,阆苑坊,8年老店,5人付款,福建 福州,"官方立减12%, 淘金币已抵0.64元, 包邮",功能特点:加厚 | 总容量:12L | 开合方式:压圈式 | 桶身形状:圆形 | 款式风格:卡通 | 包装尺寸:30cm | 适用场景:家庭使用,https://g-search1.alicdn.com/img/bao/uploaded/i4/i1/704669382/O1CN012mZ7f62JB0qBm0xHK_!!704669382.jpg,//item.taobao.com/item.htm?id=788647642161&ns=1&abbucket=10&xxc=taobaoSearch&mi_id=0000HeqQqEAbYo6IkTdWpLhmwWtzyVBu5OmjoaRED3WICT8&skuId=5550714534866
731775544642,新款kaws潮流暴力熊入户玄关装饰画走廊过道led壁灯钟表客厅挂画,176,¥,券后价,未续旗舰店,未续旗舰店,5年老店,3人付款,广东 惠州,"官方立减12%, 退货宝, 上门安装, 包邮",图案主题:卡通动漫 | 适用空间:客厅 | 风格匹配:现代简约 | 画芯材质:密度板,https://g-search1.alicdn.com/img/bao/uploaded/i4/i2/2208009061832/O1CN01Pu95Ck1PP6hx9PiWa_!!2208009061832.jpg,//detail.tmall.com/item.htm?id=731775544642&ns=1&abbucket=10&xxc=taobaoSearch&mi_id=0000MH5ogae3WJ8hc8JZTEXZt_AWIgMyx5Lgb-2wbxPejlk&skuId=5242358239922
967243411771,正确版 KAWS HOLIDAY 富士山陶瓷杯Fire-King套装咖啡情侣杯一套,65,¥,券后价,机能服适,机能服适,,4人付款,广东 广州,"淘金币已抵3.25元, 包邮, 公益宝贝",材质:陶瓷 | 风格:北欧,https://g-search3.alicdn.com/img/bao/uploaded/i4/i4/2216806086770/O1CN01OMrheM1zsiOVytoOm_!!2216806086770.jpg,//item.taobao.com/item.htm?id=967243411771&ns=1&abbucket=10&xxc=taobaoSearch&mi_id=00004D0DDxWNW9MtCDCRUbZ_9aukyohGwZu1sRPHaWSUWoM&skuId=5719782973421
595135398746,潮流玩偶手伴Kaws贴纸 汽车个性反光贴 车窗风挡装饰贴花,11.9,¥,券后价,k一sport泡饭,INK墨汁车贴,8年老店,10人付款,上海,淘金币已抵0.35元,贴膜类型:车身贴 | 材质:贴纸,https://g-search3.alicdn.com/img/bao/uploaded/i4/i1/2102092415/O1CN01DE01Uo1Ti71ofYrVF_!!2102092415.jpg,//item.taobao.com/item.htm?id=595135398746&ns=1&abbucket=10&xxc=taobaoSearch&mi_id=00002O7Ep3VxX7Xh9k6OFnqWTs8ulgvfX4nB0EFBSRXSRHM&skuId=4293564766058
825998175724,Kaws芝麻街毛绒公仔抱枕艾莫甜饼怪女生娃娃礼物坐垫摆件装饰礼品,39,¥,券后价,qq624153323,新潮舍,6年老店,5人付款,广东 深圳," 3期, 店铺满88减3, 淘金币已抵1.17元, 退货宝, 包邮",周边产品:毛绒公仔 | 材质:毛绒 | 出售状态:现货,https://g-search3.alicdn.com/img/bao/uploaded/i4/i1/2322961302/O1CN01d6S0tj1LUMerM3dbf_!!2322961302.jpg,//item.taobao.com/item.htm?id=825998175724&ns=1&abbucket=10&xxc=taobaoSearch&mi_id=0000EvwBS_3N2eJfqbuR1E4W2pyabmHdYqIXdxb8lclgAxg&skuId=5716090118149
740535306789,潮牌芝麻街kaws苹果16手机壳17适用iPhone15/14硅胶13软12/11promax全包xsmax防摔xr新款7/8plus磨砂se/mini,58,¥,券后价,马晓东1953,汪汪壳,,28人付款,广东 深圳,"官方立减12%, 包邮",是否使用环保材质:含环保材料 | 保护套质地:硅胶 | 适用手机型号:iPhone XS | 风格:ins风 | 适用手机机型:Apple/苹果,https://g-search2.alicdn.com/img/bao/uploaded/i4/i1/2165982463/O1CN01edmsrT1U46OIetaEu_!!2165982463.jpg,//item.taobao.com/item.htm?id=740535306789&ns=1&abbucket=10&xxc=taobaoSearch&mi_id=00009rFPEm-CyTr5EU1NID2fEZA3ZU2qBVDTpSo4Jux7Vns&skuId=6098989058338
809201404345,暴力熊摆件大号创意网红芝麻街kaws公仔客厅电视柜家居酒柜装饰品,72,¥,券后价,欧红旗舰店,欧红旗舰店,9年老店,9人付款,浙江 杭州,"店铺满168减10, 淘金币已抵2.16元, 退货宝, 包邮, 公益宝贝",表面工艺:纯手工 | 主体材质:卡通,https://g-search3.alicdn.com/img/bao/uploaded/i4/i2/2834942171/O1CN01jUTmCa1RuMpH6CP4a_!!0-item_pic.jpg,//detail.tmall.com/item.htm?id=809201404345&ns=1&abbucket=10&xxc=taobaoSearch&mi_id=0000n4njpOb7OX2pxLafVUFKe45KKXyNwI7h1kIgepKz5sI&skuId=5494726176980
734192448754,kaws克莱因蓝暴力熊装饰画客厅高级感沙发背景挂画玄关卧室壁画,10.8,¥,券后价,wowo莹莹家,wowo莹莹家,6年老店,10人付款,山东 菏泽,"店铺满10减1, 淘金币已抵0.32元, 退货宝, 包邮, 公益宝贝",图案主题:卡通动漫 | 适用空间:客厅 | 风格匹配:现代简约 | 装裱方式:有框,https://g-search3.alicdn.com/img/bao/uploaded/i4/i3/2200639347538/O1CN012lekeX25YSPjfM24M_!!2200639347538.jpg,//item.taobao.com/item.htm?id=734192448754&ns=1&abbucket=10&xxc=taobaoSearch&mi_id=0000vpOoCIlnlxiDAa1EvVsN9TaPFWIq0rh9BY4X2VczYVY&skuId=5248625134810
967358841001,kaws潮牌装饰画暴力熊动漫玄关挂画沙发背景墙画房间走廊过道壁画,136,¥,券后价,字字情旗舰店,字字情旗舰店,5年老店,1人付款,河南 商丘,"店铺满50减5, 淘金币已抵2.65元, 退货宝, 上门安装, 破损包退, 包邮",图案主题:卡通动漫 | 适用空间:玄关 | 风格匹配:现代简约 | 装裱方式:有框 | 画芯材质:哑光纸,https://g-search1.alicdn.com/img/bao/uploaded/i4/i2/2208020193806/O1CN01mxxQdD1dzCAlClmZ4_!!0-item_pic.jpg,//detail.tmall.com/item.htm?id=967358841001&ns=1&abbucket=10&xxc=taobaoSearch&mi_id=0000Xbro06gzKTOp7RE0jP-GwblJAbHegwlHsyEbqZgIxYA&skuId=4832728060476
980315185772,羽绒服男外套1996kaws联名雪山云朵冰川暗夜森林日照金山冲锋衣女,1598,¥,券后价,龙蟠帅虎伏,香港奥莱特折扣店,,21人付款,福建 福州,"店铺满300减100, 包邮",填充物:鹅绒 | 充绒量:1-1g | 面料:碳纤维 | 含绒量(%):90% | 绒子含量:1%,https://g-search1.alicdn.com/img/bao/uploaded/i4/i2/2217751486461/O1CN01wDxBPK1xbC4cUYdwe_!!2217751486461.jpg,//item.taobao.com/item.htm?id=980315185772&ns=1&abbucket=10&xxc=taobaoSearch&mi_id=00006NqLvYc7hZAC1Q4zLVcqsakE51yBFQIkUR2oBp_wm1E&skuId=6102453726189
787252900767,新款芝麻街kaws挂布潮牌墙布网红卧室背景布床头布置宿舍改造挂毯,7.8,¥,券后价,初逸吧,初逸家居布艺,5年老店,100+人付款,江西 上饶,"官方立减12%, 包邮, 公益宝贝",图案:植物花卉 | 材质:毛绒 | 风格:北欧 | 挂毯形状:长方形 | 挂毯售卖方式:成品 | 产地:中国大陆,https://g-search2.alicdn.com/img/bao/uploaded/i4/i2/1772834814/O1CN01bT8wVG1lQrbpfwVRl_!!1772834814.jpg,//item.taobao.com/item.htm?id=787252900767&ns=1&abbucket=10&xxc=taobaoSearch&mi_id=00000p4QKzbij4WIqIQ9pTePENhnsANMX5dHFPQNRWRFe6w&skuId=5372597396195
859330302853,暴力熊主题生日kaws布置芝麻街1岁3十周岁拍照气球装饰kt板背景墙,39,¥,券后价,小菜的店之一米阳光,北京派对服务,,6人付款,北京,"官方立减12%, 退货宝, 包邮",,https://g-search3.alicdn.com/img/bao/uploaded/i4/i1/772288050/O1CN018knNb729KxLUhpqba_!!772288050.jpg,//item.taobao.com/item.htm?id=859330302853&ns=1&abbucket=10&xxc=taobaoSearch&mi_id=0000Qc_9K2YXV9R6B1QpT34ze3BYCvywlnPz9moZ3yRlWtM&skuId=5672603940759
705610398304,kaws海绵宝宝网红店墙面装饰画卧室客厅潮牌挂画潮流大幅落地壁画,19.8,¥,券后价,a6211942,sheii米菲家,,2人付款,山东 菏泽,"官方立减12%, 淘金币已抵0.56元, 退货宝, 包邮, 公益宝贝",图案主题:卡通动漫 | 适用空间:客厅 | 风格匹配:现代简约,https://g-search1.alicdn.com/img/bao/uploaded/i4/i2/924986313/O1CN01fNCJRa1wVPBAurbMa_!!924986313.jpg,//item.taobao.com/item.htm?id=705610398304&ns=1&abbucket=10&xxc=taobaoSearch&mi_id=0000wiW8fzs8esMYq04WNryDSgc01863i4mZn45gal1vRMY&skuId=5132996826086
975922740140,超大号鼠标垫男生键盘垫办公室书桌垫芝麻街Kaws笔记本电脑桌面垫,17.9,¥,,宇宙第一垫,宇宙第一垫,,4人付款,江西 南昌,包邮,材质:胶垫 | 厚度:4mm | 尺寸:400x900mm | 品牌:贵标,https://g-search3.alicdn.com/img/bao/uploaded/i4/i4/2212733144777/O1CN01sDOo351l9uig3JK4z_!!2212733144777.jpg,//item.taobao.com/item.htm?id=975922740140&ns=1&abbucket=10&xxc=taobaoSearch&mi_id=0000jxpnTvyrgjy14EadPllPR4-M6stSvn6KF-soQ598Y70&skuId=4743338952210
923143059899,暴力熊摆件客厅KAWS公仔创意轻奢桌面电视柜房间高档家居装饰品,176,¥,,萨洛登家居旗舰店,萨洛登家居旗舰店,8年老店,8人付款,浙江 温州,"退货宝, 包邮",主体材质:动物 | 表面工艺:电镀,https://g-search3.alicdn.com/img/bao/uploaded/i4/i3/3242279898/O1CN012ixTXy2MzKxB3jomP_!!0-item_pic.jpg,//detail.tmall.com/item.htm?id=923143059899&ns=1&abbucket=10&xxc=taobaoSearch&mi_id=00002JgqU5B9m8tBoy7RHhHYvwvHfSont7jCxW8iN0p0xZk&skuId=4765175625385
662919443518,克莱因蓝装饰画芝麻街沙发客玄关卧室kaws奶茶店壁画暴力熊挂画,96,¥,券后价,地球之选旗舰店,地球之选旗舰店,9年老店,3人付款,广东 佛山,"官方立减12%, 退货宝, 上门安装, 包邮",图案主题:卡通动漫 | 适用空间:客厅 | 风格匹配:艺术 | 装裱方式:有框 | 材质:晶瓷画 | 画芯材质:布纹膜,https://g-search1.alicdn.com/img/bao/uploaded/i4/i4/2789166127/O1CN01RaZF6P1v8DXPIP1l8_!!0-item_pic.jpg,//detail.tmall.com/item.htm?id=662919443518&ns=1&abbucket=10&xxc=taobaoSearch&mi_id=0000a1kMFAaSDpmcDqCp_2lnV8qZyefm5rxsBSAUvQLuH3M&skuId=4773183416120
652567112662,卡通KAWS创意网红抖音ins手办汽车中控台手办生日蛋糕装饰摆件,1,¥,券后价,白洪毅哥哥,金龙烘焙家居大世界,回头客1万,70人付款,浙江 金华,"官方立减12%, 淘金币已抵0.04元",,https://g-search1.alicdn.com/img/bao/uploaded/i4/i3/200498570/O1CN01HvUH7L2DB6z171f8v_!!200498570.jpg,//item.taobao.com/item.htm?id=652567112662&ns=1&abbucket=10&xxc=taobaoSearch&mi_id=0000pUrq1llbfkXrAZxalOksWLBgTMaddUHGSCv7_aSpd98&skuId=4888293267494
769536227007,保时捷钥匙壳哑灰KAWS暴力熊新款老款Macan卡宴Taycan911帕拉梅拉,88,¥,券后价,tb977941091744,途达汽车改装一站式,,1人付款,广东 广州,"官方立减12%, 店铺满80减3, 淘金币已抵2.04元, 退货宝, 包邮",,https://g-search2.alicdn.com/img/bao/uploaded/i4/i2/2215747416054/O1CN018JyXhG1uamhzv91yQ_!!2215747416054.jpg,//item.taobao.com/item.htm?id=769536227007&ns=1&abbucket=10&xxc=taobaoSearch&mi_id=0000vXn6XWKSuRTRNZBq7MIujILeoVEkujJBO-ilgiiHvhQ&skuId=5488738990068
963516204584,日本kaws bff芝麻街公仔黑蓝两色毛绒玩偶曼谷潮人陈冠希,33.8,¥,,tb1702927838,The Princess in Exil,,11人付款,广东 深圳,"退货宝, 包邮",材质:绒布 | 玩具类型:布艺毛绒玩具 | 玩偶种类:人物 | 适用年龄:通用 | 出售状态:现货,https://g-search3.alicdn.com/img/bao/uploaded/i4/i4/2219427812946/O1CN01YZZucl1XdJtIU6akD_!!2219427812946.jpg,//item.taobao.com/item.htm?id=963516204584&ns=1&abbucket=10&xxc=taobaoSearch&mi_id=0000jFWmL31QJelNZeo2Yd2Msmlgrhl7ru3pdXrh2GqQO48&skuId=5897353948810
584794881019,芝麻街kaws全自动创意潮流雨伞男女 超大晴雨两用潮牌遮阳太阳伞,399,¥,券后价,metoo861208,RAINMAX UMBRELLA,7年老店,42人付款,浙江 绍兴,"淘金币已抵1.44元, 包邮",款式:三折伞 | 伞面涂层:黑胶 | 伞杆材质:不锈钢,https://gw.alicdn.com/imgextra/O1CN01vcf65i1EaapZvoMod_!!4101960368-0-yinheaigc.jpg,//item.taobao.com/item.htm?id=584794881019&ns=1&abbucket=10&xxc=taobaoSearch&mi_id=00008FTP4H-lP5J1Kl-ylO8LoSkQdA0XVRxuu8yqliJWClc&skuId=4150066841259
809201404345,暴力熊摆件大号创意网红芝麻街kaws公仔客厅电视柜家居酒柜装饰品,72,¥,券后价,欧红旗舰店,欧红旗舰店,9年老店,9人付款,浙江 杭州,"店铺满168减10, 淘金币已抵2.16元, 退货宝, 包邮, 公益宝贝",表面工艺:纯手工 | 主体材质:卡通,https://g-search3.alicdn.com/img/bao/uploaded/i4/i2/2834942171/O1CN01jUTmCa1RuMpH6CP4a_!!0-item_pic.jpg,//detail.tmall.com/item.htm?id=809201404345&ns=1&abbucket=10&xxc=taobaoSearch&mi_id=0000n4njpOb7OX2pxLafVUFKe2esAU88vZMXrJU7t87dy7k&skuId=5494726176980
744171899738,芝麻街kaws公仔落地超大摆件暴力熊手办客厅大型沙发旁置物架托盘,318,¥,券后价,我的世界我精彩_dl,咕知原创品牌,16年老店,2人付款,福建 泉州,"官方立减12%, 退货宝, 包邮",主体材质:卡通 | 表面工艺:半手工,https://g-search2.alicdn.com/img/bao/uploaded/i4/i3/134444455/O1CN016LSbUt1imRMT8vanX_!!134444455.jpg,//item.taobao.com/item.htm?id=744171899738&ns=1&abbucket=10&xxc=taobaoSearch&mi_id=0000bDCJG3pZLzJZGbSHaCQc8-rWE2p4LKq-9QRHFFhAU2k&skuId=5304286407495
968130351111,2025秋冬新款男士女士情侣款KAWS时尚保暖毛线针织围巾围脖485257,55,¥,,liyou6531,U家同款高端自制,5年老店,2人付款,江苏 苏州,包邮,图案:拼色 | 面料:毛线　 | 适用对象:青年,https://g-search2.alicdn.com/img/bao/uploaded/i4/i2/770227951/O1CN01TKxQ7E28bcE5aYCLT_!!770227951.png,//item.taobao.com/item.htm?id=968130351111&ns=1&abbucket=10&xxc=taobaoSearch&mi_id=0000COe5hrenmIQnqdjVg_qg7gYJXMrE4M2iaCPESp9Uh-E&skuId=5980403681761
644816155187,Kaws芝麻街笔记本手提电脑包12342寸适用于苹果戴尔小米新华硕时尚15.6air13小清新14华为华硕pro卡通ins原创,45,¥,券后价,三年梦13141,许许如升喵喵店,6年老店,3人付款,河南 洛阳,"官方立减12%, 已补1元,  3期, 店铺满65减5, 淘金币已抵0.7元, 退货宝, 包邮, 公益宝贝",款式:多用设计 | 风格:卡通 | 尺寸:17寸,https://g-search1.alicdn.com/img/bao/uploaded/i4/i1/2589433920/O1CN010Veyrt1epPMH7v2uY_!!2589433920.jpg,//item.taobao.com/item.htm?id=644816155187&ns=1&abbucket=10&xxc=taobaoSearch&mi_id=0000Ez6DQfF9uayp8ZgUljjTc3kZnEFwRRa3-Ty_Uj4qJg0&skuId=4640372425005
803842120149,潮牌芝麻街双人床四件套男生宿舍kaws单人床三件套个性床单被套罩,72,¥,,tb3943343535,欣瑶家纺,,2人付款,浙江 绍兴,"退货宝, 包邮",织造工艺:磨毛 | 床单面料材质:涤纶 | 功能特性:保暖 | 床品工艺:数码印花 | 件数:4件 | 被里材质:涤纶（聚酯纤维） | 风格:卡通 | 适用季节:四季通用 | 主图案类型:卡通动漫,https://g-search1.alicdn.com/img/bao/uploaded/i4/i4/2213073967286/O1CN01YOafAG23h2Wtbx1gK_!!2213073967286.jpg,//item.taobao.com/item.htm?id=803842120149&ns=1&abbucket=10&xxc=taobaoSearch&mi_id=0000Xb53kn0QDu61zAILjrQEMUeCi3Zkrjv_MMBaQ91BVi8&skuId=5469541228408
967023083163,kaws潮牌装饰画暴力熊动漫玄关挂画沙发背景墙画房间走廊过道壁画,136,¥,券后价,字字情旗舰店,字字情旗舰店,5年老店,1人付款,河南 商丘,"店铺满50减5, 淘金币已抵2.65元, 退货宝, 上门安装, 破损包退, 包邮",图案主题:卡通动漫 | 适用空间:玄关 | 风格匹配:现代简约 | 装裱方式:有框 | 画芯材质:哑光纸,https://g-search3.alicdn.com/img/bao/uploaded/i4/i2/2208020193806/O1CN01mxxQdD1dzCAlClmZ4_!!0-item_pic.jpg,//detail.tmall.com/item.htm?id=967023083163&ns=1&abbucket=10&xxc=taobaoSearch&mi_id=0000Xbro06gzKTOp7RE0jP-Gwea614sRlvJLzqnyJRcuWRI&skuId=4832728060476
662919443518,克莱因蓝装饰画芝麻街沙发客玄关卧室kaws奶茶店壁画暴力熊挂画,96,¥,券后价,地球之选旗舰店,地球之选旗舰店,9年老店,3人付款,广东 佛山,"官方立减12%, 退货宝, 上门安装, 包邮",图案主题:卡通动漫 | 适用空间:客厅 | 风格匹配:艺术 | 装裱方式:有框 | 材质:晶瓷画 | 画芯材质:布纹膜,https://g-search3.alicdn.com/img/bao/uploaded/i4/i4/2789166127/O1CN01RaZF6P1v8DXPIP1l8_!!0-item_pic.jpg,//detail.tmall.com/item.htm?id=662919443518&ns=1&abbucket=10&xxc=taobaoSearch&mi_id=0000a1kMFAaSDpmcDqCp_2lnV0srx-LH_GZToVFxpia3BKc&skuId=4773183416120
669739496587,kaws潮流艺术装饰画辛普森一家网红客厅落地壁画卡通潮牌卧室挂画,60,¥,券后价,势高旗舰店,势高旗舰店,5年老店,1人付款,河南 商丘,"官方立减12%, 淘金币已抵0.9元, 退货宝, 上门安装, 破损包退, 包邮",画芯材质:油画布 | 图案主题:卡通动漫 | 适用空间:客厅 | 风格匹配:北欧风 | 装裱方式:有框 | 材质:油画布,https://g-search2.alicdn.com/img/bao/uploaded/i4/i4/2209718951068/O1CN01HtKUwo1JlBk1Qclei_!!0-item_pic.jpg,//detail.tmall.com/item.htm?id=669739496587&ns=1&abbucket=10&xxc=taobaoSearch&mi_id=000061qSpidtj832qERlPaIaEhfvxtw-ce09xIlh5SHslz0&skuId=5446598409998
1010471908137,kaws星际熊人脸识别保温杯3D面部智能儿童316不锈钢水杯男女学生,328,¥,券后价,兜兜数码手机壳,青青卡套,,0人付款,广东 广州,"淘金币已抵9.4元, 退货宝, 包邮",材质:316不锈钢 | 适用人群:学生 | 适用场景:日常送礼,https://g-search1.alicdn.com/img/bao/uploaded/i4/i1/2200717267293/O1CN01TFCadP23kFcj12sCL_!!2200717267293.jpg,//item.taobao.com/item.htm?id=1010471908137&ns=1&abbucket=10&xxc=taobaoSearch&mi_id=0000GA0alpl6RybVKMY6SsLmih5y8Ycv7dGmiCIVCaHMny0&skuId=6174301634639
965753820020,ins网红kaws芝麻街公仔毛绒玩具玩偶暴力熊bff联名潮牌抱枕摆件,156,¥,,瀚唐玩具专营店,瀚唐玩具专营店,6年老店,9人付款,江苏 扬州," 3期, 退货宝, 包邮",材质:绒布 | 玩具类型:公仔 | IP名称:Sesame Street/芝麻街 | 适用年龄:3岁以上 | 品牌:好佳儿,https://g-search3.alicdn.com/img/bao/uploaded/i4/i1/2204172818471/O1CN01ov7EsD2CRlnJQpY1Y_!!0-item_pic.jpg,//detail.tmall.com/item.htm?id=965753820020&ns=1&abbucket=10&xxc=taobaoSearch&mi_id=0000nrgCZi6XAJmv-p11LD_SM1oXd-OCNEtdlM0QYsfhFoA&skuId=5682427466354
615565815054,kawa芝麻街手机壳iphone17promax保护套苹果16pro潮牌15/14/13男女款11玻璃xr情侣78plus适用华为mate70/p80,29.8,¥,券后价,深圳科视达,科视达数码,11年老店,21人付款,广东 东莞," 3期, 淘金币已抵0.59元, 包邮, 公益宝贝",保护套质地:钢化玻璃 | 适用手机型号:iPhone 13 Pro Max | 风格:情侣 | 适用手机机型:Apple/苹果 | 品牌:Topwebor,https://g-search3.alicdn.com/img/bao/uploaded/i4/i4/697050159/O1CN01druMhj1D2rZ97A3qq_!!697050159.jpg,//item.taobao.com/item.htm?id=615565815054&ns=1&abbucket=10&xxc=taobaoSearch&mi_id=00000_eitsg75DfcwmpIC9lx1QTP0sTsHHzi6-YKmRdDiP0&skuId=6139195646368
729138777921,芝麻街坐姿XX眼潮流公仔KAWS汽车摆件ins车内装饰用品PVC考斯创意,48,¥,券后价,tangzonglai520,稻草人精品店,16年老店,0人付款,广东 广州,"淘金币已抵2.16元, 48小时内发, 包邮",,https://g-search1.alicdn.com/img/bao/uploaded/i4/i3/71838719/O1CN013c3KfV2EHM9gZTbqm_!!71838719.jpg,//item.taobao.com/item.htm?id=729138777921&ns=1&abbucket=10&xxc=taobaoSearch&mi_id=0000gRrMXuVsKG9V2yZOqmIx00lb5DzeVvHJzWGftS2fgjQ&skuId=5224708026917
823119973836,kaws网红大摆件芝麻街座椅雕塑商场店门口酒吧相框公仔暴力熊装饰,300,¥,券后价,tb426430132208,寰宇景观潮玩店,,6人付款,福建 泉州,"官方立减12%, 淘金币已抵4.5元, 包邮",表面工艺:纯手工 | 主体材质:卡通 | 摆放方式:落地,https://g-search3.alicdn.com/img/bao/uploaded/i4/i1/2215444235012/O1CN010u02w91mtY3h75Etq_!!2215444235012.jpg,//item.taobao.com/item.htm?id=823119973836&ns=1&abbucket=10&xxc=taobaoSearch&mi_id=0000DJbYoaPxQg0siiUqECBsfcf0cQIQukIT1q0e32ZHvUg&skuId=5705842403594
,,,,,,,,,,,,,
,,,,,,,,,,,,,
787252900767,新款芝麻街kaws挂布潮牌墙布网红卧室背景布床头布置宿舍改造挂毯,7.8,¥,券后价,初逸吧,初逸家居布艺,5年老店,100+人付款,江西 上饶,"官方立减12%, 包邮, 公益宝贝",图案:植物花卉 | 材质:毛绒 | 风格:北欧 | 挂毯形状:长方形 | 挂毯售卖方式:成品 | 产地:中国大陆,https://g-search1.alicdn.com/img/bao/uploaded/i4/i2/1772834814/O1CN01bT8wVG1lQrbpfwVRl_!!1772834814.jpg,//item.taobao.com/item.htm?id=787252900767&ns=1&abbucket=10&xxc=taobaoSearch&mi_id=00000p4QKzbij4WIqIQ9pTePECtpGC4jlp5QFuln9uYI6OI&skuId=5372597396195
988420314256,优衣库童装KAWS HEATTECH souffle yarn舒芙蕾针织手套485492,99,¥,,优衣库官方旗舰店,优衣库官方旗舰店,回头客90万,900+人付款,上海,退货宝,品牌:Uniqlo/优衣库 | 适用年龄:4-8岁 | 适用年龄:2-4岁,https://g-search1.alicdn.com/img/bao/uploaded/i4/i3/196993935/O1CN01fCkbJv1ewHdnjs23V_!!196993935.jpg,//detail.tmall.com/item.htm?id=988420314256&ns=1&abbucket=10&xxc=taobaoSearch&mi_id=0000V0p_vLjq_ZpfEC3nrSmRi5qdU8kGWr6pNdCikA1fa2Q&skuId=6119838870350
647635884209,暴力熊创意kaws公仔客厅电视柜家居装饰品芝麻街雕塑桌面大摆件,96,¥,券后价,indieshopdeco,Indieshop设计师集合店,6年老店,28人付款,上海,"超级立减10%, 包邮",主体材质:卡通 | 表面工艺:半手工,https://g-search1.alicdn.com/img/bao/uploaded/i4/i3/2200695938713/O1CN01rpqHbB2EEblh4nRwd_!!0-item_pic.jpg,//item.taobao.com/item.htm?id=647635884209&ns=1&abbucket=10&xxc=taobaoSearch&mi_id=0000r3n45PTCnJ31_zKZOW-mRFe8fM6tKuyrUYZzu1VlOWo&skuId=4844689982515
859330302853,暴力熊主题生日kaws布置芝麻街1岁3十周岁拍照气球装饰kt板背景墙,39,¥,券后价,小菜的店之一米阳光,北京派对服务,,6人付款,北京,"官方立减12%, 退货宝, 包邮",,https://g-search3.alicdn.com/img/bao/uploaded/i4/i1/772288050/O1CN018knNb729KxLUhpqba_!!772288050.jpg,//item.taobao.com/item.htm?id=859330302853&ns=1&abbucket=10&xxc=taobaoSearch&mi_id=0000Qc_9K2YXV9R6B1QpT34zexx8UgsPfyrJodfhdjK9B9A&skuId=5672603940759
997089410845,日潮跑腿UNIQLO优衣库男女装KAWS联名冬羊毛针织衫毛衣毛衫485271,619,¥,券后价,天猫国际海外直购,天猫国际全球探物,回头客80万,28人付款,日本,"官方立减12%, 退货宝, 包邮",领型:圆领 | 风格:通勤风 | 功能:柔软舒适,https://gw.alicdn.com/imgextra/O1CN014AIcsk1kXRrH8vgVJ_!!4066234693-0-tmg_sticker.jpg,//detail.tmall.com/item.htm?id=997089410845&ns=1&abbucket=10&xxc=taobaoSearch&mi_id=00009Twq7MvzNW3ODHuJngxUDqCWS9zvu__1t6vGnFC6hnQ&skuId=6145613523905
965128459299,可爱kaws潮玩饰品大摆件芝麻街入户玄关电视柜客厅落地暴力熊雕塑,76,¥,券后价,盈和久福旗舰店,盈和久福旗舰店,5年老店,4人付款,浙江 金华,"淘金币已抵1.14元, 退货宝, 包邮",设计风格:北欧风格 | 主体材质:树脂 | 适用空间:客厅,https://g-search3.alicdn.com/img/bao/uploaded/i4/i3/2208128713299/O1CN01rUFRsR1aEzTSJaVoT_!!0-item_pic.jpg,//detail.tmall.com/item.htm?id=965128459299&ns=1&abbucket=10&xxc=taobaoSearch&mi_id=0000evbYUyoLxRCvTHt2u2DhL9LECAtosnjeT9dSj2fwMog&skuId=5209877574252
713660939698,卡通kaws创意暴力熊公仔手办模型玩偶家居潮流酒柜装饰车摆件好物,12.8,¥,,友来小铺666333,友来小铺66,,0人付款,上海,包邮,,https://g-search3.alicdn.com/img/bao/uploaded/i4/i2/2212843749144/O1CN01tQVZMN2HQ0SV4NXUv_!!2212843749144.jpg,//item.taobao.com/item.htm?id=713660939698&ns=1&abbucket=10&xxc=taobaoSearch&mi_id=0000_UAJTOGjV712-621LKCjXSbbA7TQLGJ4kuH_AODC7Lg&skuId=5173414635628
744286851923,潮牌卡通kaws羽绒服适用苹果16pro手机壳iPhone15/14ProMax秋冬13网红12女11潮男XR新款创意全包硅胶防摔软壳,58,¥,,顽界德佳鸣专卖店,顽界德佳鸣专卖店,6年老店,9人付款,广东 深圳,包邮,是否使用环保材质:含环保材料 | 保护套质地:仿皮 | 适用手机型号:iPhone 15 Pro | 风格:卡通 | 适用手机机型:Apple/苹果 | 品牌:顽界,https://g-search1.alicdn.com/img/bao/uploaded/i4/i1/2207093775778/O1CN01tRrPNP1sYNMAoHTVq_!!0-item_pic.jpg,//detail.tmall.com/item.htm?id=744286851923&ns=1&abbucket=10&xxc=taobaoSearch&mi_id=0000Jxg79IhlH7NZ5FZuziJqTcZC9-IW6AsIfRKnAbOQ3Pg&skuId=5690345069566
886764151906,网红芝麻街kaws公仔考斯暴力熊手办潮玩家高档居装饰摆件车载玩偶,27.6,¥,券后价,tb6017832146,欢欢乐园,,1人付款,广东 广州,"官方立减12%, 淘金币已抵1.38元, 退货宝, 包邮",,https://g-search1.alicdn.com/img/bao/uploaded/i4/i2/2214838073751/O1CN01iND69C1da0fy7etWi_!!2214838073751.jpg,//item.taobao.com/item.htm?id=886764151906&ns=1&abbucket=10&xxc=taobaoSearch&mi_id=0000b4XOz2h0wH3Y1dFMJH6rgrg10kv3-jlXLBHcbglXuOw&skuId=5898730147470
959825450450,卫生间装饰画kaws潮牌厕所浴室洗手间墙面挂画轻奢创意防水壁画,36,¥,券后价,设计师装饰画,设计师装饰画,回头客1万,9人付款,河南 商丘,"店铺满98减5, 淘金币已抵0.54元, 退货宝, 极有家, 包邮",图案主题:卡通动漫 | 适用空间:卫生间 | 风格匹配:现代简约 | 装裱方式:有框 | 画芯材质:布纹膜,https://g-search1.alicdn.com/img/bao/uploaded/i4/i3/3157945738/O1CN015n0FYh1sG3Z6Drh28_!!3157945738.jpg,//item.taobao.com/item.htm?id=959825450450&ns=1&abbucket=10&xxc=taobaoSearch&mi_id=0000QRMbmJetxiRa8yR17RPhWir5gFLpD9AvjE50j5hlBMI&skuId=5320376417165
677666045146,kaws潮牌走廊过道装饰画暴力熊动漫玄关挂画沙发背景墙卧室墙画,69,¥,券后价,lpx675143690,星火家居装饰,,9人付款,河南 商丘,"官方立减12%, 退货宝, 上门安装, 包邮, 公益宝贝",画框材质:金属 | 画芯材质:油画布 | 图案主题:卡通动漫 | 适用空间:走廊 | 风格匹配:北欧风 | 装裱方式:有框,https://g-search2.alicdn.com/img/bao/uploaded/i4/i2/1128274666/O1CN01fYwFmI1kL4rR2FY28_!!1128274666.jpg,//item.taobao.com/item.htm?id=677666045146&ns=1&abbucket=10&xxc=taobaoSearch&mi_id=0000WocRMaOFSgLMycxkW39451f14GFt-iqtoJHNMczsUXw&skuId=5040702111820
963516204584,日本kaws bff芝麻街公仔黑蓝两色毛绒玩偶曼谷潮人陈冠希,33.8,¥,,tb1702927838,The Princess in Exil,,11人付款,广东 深圳,"退货宝, 包邮",材质:绒布 | 玩具类型:布艺毛绒玩具 | 玩偶种类:人物 | 适用年龄:通用 | 出售状态:现货,https://g-search3.alicdn.com/img/bao/uploaded/i4/i4/2219427812946/O1CN01YZZucl1XdJtIU6akD_!!2219427812946.jpg,//item.taobao.com/item.htm?id=963516204584&ns=1&abbucket=10&xxc=taobaoSearch&mi_id=0000jFWmL31QJelNZeo2Yd2MsgyF-s2vmuYIAavDNbngXZ0&skuId=5897353948810
670192417549,怪盗现代简约kaws装饰画抽象个性客厅恶搞沙发背景壁画儿童房挂画,19.8,¥,券后价,a6211942,sheii米菲家,,3人付款,山东 菏泽,"官方立减12%, 淘金币已抵0.56元, 退货宝, 包邮, 公益宝贝",图案主题:卡通动漫 | 适用空间:客厅 | 风格匹配:现代简约,https://g-search3.alicdn.com/img/bao/uploaded/i4/i1/924986313/O1CN01Ijjtd91wVP6kNuit2_!!924986313.jpg,//item.taobao.com/item.htm?id=670192417549&ns=1&abbucket=10&xxc=taobaoSearch&mi_id=0000KZs2PTKQvVzd2Ze1-TNDiHU4649zxUI7lLbzxjapjc4&skuId=4994277786380
599834384660,Kaws潮牌霸气 痛车贴车身两侧芝麻街动漫装饰汽车贴纸划痕 遮挡,68,¥,首单价,luoyangbo_0923,叁禾潮牌车品定制店,7年老店,63人付款,江西 南昌,"官方立减12%, 直降2元, 店铺满58减5, 淘金币已抵0.6元, 退货宝, 包邮, 公益宝贝",贴膜类型:车身贴 | 材质:胶贴 | 服务内容:支持订制 | 图案:卡通动漫 | 定制类型:支持定制 | 适用场景:汽车,https://g-search3.alicdn.com/img/bao/uploaded/i4/i3/1768141829/O1CN01CiaAhn1PNj7NE4hnd_!!1768141829.jpg,//item.taobao.com/item.htm?id=599834384660&ns=1&abbucket=10&xxc=taobaoSearch&mi_id=0000TL8XX8Wq0RBhWaKjGFG8vHYjT31k5J--5fN0boHwgF8&skuId=4751721997627
,,,,,,,,,,,,,
758048693559,Kaws drew30颗潮流套装洞洞鞋鞋花智必星软胶DIY学生crocs配件,1.9,¥,,风吹l落尘埃,挽星文化洞洞鞋配件智必星鞋花,5年老店,200+人付款,浙江 金华,"店铺满5减1, 包邮",,https://g-search3.alicdn.com/img/bao/uploaded/i4/i3/2034031185/O1CN01WlXW5n1KcmFYHvQSN_!!2034031185.png,//item.taobao.com/item.htm?id=758048693559&ns=1&abbucket=10&xxc=taobaoSearch&mi_id=0000DaaHdl4R-7f20ucNZDB1Md4IKsWL8yGElFMBlcuXesQ&skuId=5229282361681
695731799646,kaws挂画潮牌暴力熊装饰画客厅网红直播间背景画卧室房间艺术壁画,86.25,¥,券后价,tb5973859496,画意饰家,,4人付款,浙江 金华,"官方立减12%, 淘金币已抵2.07元, 退货宝, 包邮, 公益宝贝",图案主题:卡通动漫 | 适用空间:卧室 | 风格匹配:现代简约 | 装裱方式:有框 | 画芯材质:水彩纸,https://g-search3.alicdn.com/img/bao/uploaded/i4/i1/2214100697826/O1CN01T6KlXU27gMPaoxuBv_!!2214100697826.jpg,//item.taobao.com/item.htm?id=695731799646&ns=1&abbucket=10&xxc=taobaoSearch&mi_id=0000TJrE9qudB0I3OGe42PM9GjUl2J3IyrMVjjli2fxEZLQ&skuId=5105179586349
964728323803,kaws潮牌客厅装饰画现代简约沙发背景墙挂画暴力熊联名公仔三联画,32,¥,券后价,amorosc,九行诗,,5人付款,河南 商丘,"官方立减12%, 店铺满20减3, 淘金币已抵0.48元, 退货宝, 包邮, 公益宝贝",图案主题:卡通动漫 | 适用空间:客厅 | 风格匹配:现代简约 | 装裱方式:无框 | 画芯材质:布纹膜,https://g-search2.alicdn.com/img/bao/uploaded/i4/i2/2796512882/O1CN01922myA1XA0FMcl5Uf_!!2796512882.jpg,//item.taobao.com/item.htm?id=964728323803&ns=1&abbucket=10&xxc=taobaoSearch&mi_id=0000lrhuUYthfINtT8LHerpfPmfZ7EFnmJsBNJAz-MHOpqk&skuId=5074704582160
706036166898,潮牌kaws芝麻街鼠标垫超大号暴力熊个性男女加厚卡通游戏键盘桌垫,27.8,¥,券后价,那一抹淡黄,然派垫物集,6年老店,3人付款,浙江 宁波,"官方立减12%, 退货宝, 包邮, 公益宝贝",材质:佳积布+橡胶 | 厚度:2mm | 适用型号:办公 | 尺寸:50x100cm | 品牌:艾新沐格,https://g-search1.alicdn.com/img/bao/uploaded/i4/i4/2179334990/O1CN01r7kPdJ1mjTBcxnQZd_!!2179334990.jpg,//item.taobao.com/item.htm?id=706036166898&ns=1&abbucket=10&xxc=taobaoSearch&mi_id=0000qQrLPpPJwANavrJ8O0zpnckXE5I4coxRFQSHv6ygj-A&skuId=5702849174481
964919084924,潮牌地毯kaws客厅茶几卧室床边满铺衣帽间可爱少女心ins门口地垫|,33.2,¥,券后价,纯情在奋斗,涵晞精品地毯,7年老店,0人付款,天津,"官方立减12%, 淘金币已抵0.58元, 包邮, 公益宝贝",清洗类型:可机洗 | 适用空间:书房 | 形状:长方形 | 风格:欧美 | 表面材质:混纺,https://g-search1.alicdn.com/img/bao/uploaded/i4/i4/690931738/O1CN01keZNYk1Oi2yw05AOq_!!690931738.jpg,//item.taobao.com/item.htm?id=964919084924&ns=1&abbucket=10&xxc=taobaoSearch&mi_id=0000dH-MGjqQ1kHfcP9ApfIYZEnAMdD6XEIwnIiomkaqDOI&skuId=4606967390807
880082092012,新款轻奢kaws坐姿暴力熊客厅酒柜电视柜玄关坐着的装饰品小摆件,68,¥,券后价,婳初企业店,MART HOME,,8人付款,福建 泉州,"官方立减12%, 退货宝, 包邮",主体材质:卡通 | 表面工艺:半手工,https://g-search1.alicdn.com/img/bao/uploaded/i4/i2/2216951855416/O1CN01yp0gGp1psa0ABRlhb_!!0-item_pic.jpg,//item.taobao.com/item.htm?id=880082092012&ns=1&abbucket=10&xxc=taobaoSearch&mi_id=0000XutXoiS97svpyOQ3DeprcrL6djLpZkg_5vhonf4KZAY&skuId=5385316386780
969259346306,轻奢现代简约黄白灰黑色kaws暴力熊积木入户玄关装饰画芯图片素材,9.9,¥,,weijingtang1314,顽皮精品素材,8年老店,2人付款,陕西 西安,包邮,,https://g-search2.alicdn.com/img/bao/uploaded/i4/i4/900164224/O1CN01Gx0pCl1h4dvlicQZd_!!900164224.jpg,//item.taobao.com/item.htm?id=969259346306&ns=1&abbucket=10&xxc=taobaoSearch&mi_id=0000ZofsYfM1NJCu7-9ieQ391EhRuTePDR6MkYwjai1io4E&skuId=null
830039360712,商场潮牌网红雕塑装饰品芝麻街kwas卡瓦斯潮玩卡通暴力熊落地摆件,58,¥,,lk39117100,Zo zo潮玩店,,9人付款,江西 吉安,"退货宝, 包邮",主体材质:人物 | 表面工艺:注塑 | 摆放方式:落地,https://g-search1.alicdn.com/img/bao/uploaded/i4/i1/3613510326/O1CN01CTqVjA1EHM6UqC4r2_!!3613510326.jpg,//item.taobao.com/item.htm?id=830039360712&ns=1&abbucket=10&xxc=taobaoSearch&mi_id=0000vcdzCwgytcjCfofxWh63I27IOdZ0wWT0iJks4JE2F7g&skuId=5562468312882
658787109583,kaws现代潮牌暴力熊实木磁铁挂画简约玄关走廊客厅卧室装饰画定制,69,¥,券后价,greatgreatxx,AA Gallery,15年老店,1人付款,湖北 武汉,"超级立减10%, 淘金币已抵0.99元, 极有家, 包邮",画芯材质:油画布 | 图案主题:卡通动漫 | 适用空间:客厅 | 风格匹配:现代简约 | 装裱方式:有框,https://g-search2.alicdn.com/img/bao/uploaded/i4/i2/655745039/O1CN01JplXeL1n5uUN5jTnj_!!655745039.jpg,//item.taobao.com/item.htm?id=658787109583&ns=1&abbucket=10&xxc=taobaoSearch&mi_id=0000UROcn9K6sobjy4uKN4-l_08SX2BUt3yVEtS7J6AhpkQ&skuId=4924528534160
820918010871,网红潮流KAWS考斯公仔汽车摆件卡通创意个性车载车内装饰暴力熊,26.8,¥,,张8168328,笑看红尘汽车用品店,,0人付款,河南 郑州,"退货宝, 包邮",,https://g-search2.alicdn.com/img/bao/uploaded/i4/i2/3497036677/O1CN01YY8Hxc1zC7VQjiXAf_!!3497036677.jpg,//item.taobao.com/item.htm?id=820918010871&ns=1&abbucket=10&xxc=taobaoSearch&mi_id=00001WTBqXGb99wDZPWSjFyJBXO-Ck5No0MdBbQhyEcVdPU&skuId=5696586158855
779821983945,暴力熊装饰画现代简约床头横幅壁画潮流轻奢创意kaws儿童卧室挂画,62,¥,券后价,设计师装饰画,设计师装饰画,回头客1万,10人付款,河南 商丘,"店铺满98减5, 淘金币已抵0.93元, 退货宝, 极有家, 包邮",图案主题:卡通动漫 | 适用空间:卧室 | 风格匹配:现代简约 | 装裱方式:有框 | 画芯材质:布纹膜,https://g-search3.alicdn.com/img/bao/uploaded/i4/i4/3157945738/O1CN013jmq6v1sG3ZOLcnzQ_!!3157945738.jpg,//item.taobao.com/item.htm?id=779821983945&ns=1&abbucket=10&xxc=taobaoSearch&mi_id=0000__H-QQjB8xvVMVZKaPcloxV9YovvHxZ2mchB_LrJ5Ek&skuId=5495370470452
867371120320,国内代购优衣库男女装UT KAWS + Warhol卫衣长袖运动衫休闲476119,99,¥,,1903townccohubec,尚于U家 尚于家,回头客1万,50人付款,江苏 无锡," 3期, 包邮",面料:毛圈布 | 版型分类:宽松型 | 领型设计:圆领 | 是否连帽:否 | 材质成分:棉100% | 适用性别:男女通用,https://g-search2.alicdn.com/img/bao/uploaded/i4/i1/3614397165/O1CN01htkq6H22ncqqHs9HP_!!3614397165.jpg,//item.taobao.com/item.htm?id=867371120320&ns=1&abbucket=10&xxc=taobaoSearch&mi_id=0000UxFKzoZS0ukveTGeDIEL_VoB-uXwDMVnZCBF4OE1scs&skuId=5751382061104
967414691851,装饰画芯轻奢kaws公仔暴力熊宇航员视觉空间延伸入户玄关图片素材,35.9,¥,,52大妍,好久不见图库,8年老店,1人付款,陕西 西安,包邮,,https://g-search3.alicdn.com/img/bao/uploaded/i4/i2/2154349068/O1CN01GFTfbv2GrCGwGyMpY_!!2154349068.jpg,//item.taobao.com/item.htm?id=967414691851&ns=1&abbucket=10&xxc=taobaoSearch&mi_id=0000QSJQaXQ5pClL2qbvPTmHrXwKuAq4xf9aKWHk_e4x34Q&skuId=null
643908957695,kaws挂画轻奢客厅装饰画现代沙发背景墙壁画芝麻街潮牌大气三联画,476,¥,券后价,珍琪家居旗舰店,珍琪家居旗舰店,10年老店,3人付款,福建 漳州,"超级立减10%, 店铺满98减10, 淘金币已抵7.14元, 退货宝, 上门安装, 包邮",材质:水晶 | 画芯材质:油画布 | 图案主题:卡通动漫 | 适用空间:客厅 | 风格匹配:现代简约 | 装裱方式:有框,https://g-search1.alicdn.com/img/bao/uploaded/i4/i1/2656177291/O1CN01wvuzdR23jKP9gtBA4_!!0-item_pic.jpg,//detail.tmall.com/item.htm?id=643908957695&ns=1&abbucket=10&xxc=taobaoSearch&mi_id=0000g6jpmUPdl04fSUIXuHly7UvOJDStcD5TBQPRN8EBygI&skuId=4638676537528
661724476575,芝麻街KAWS秋冬男士加绒卫衣潮流宽松长袖套头连帽外套,129,¥,券后价,艾凯洛旗舰店,艾凯洛旗舰店,8年老店,0人付款,湖北 武汉,"淘金币已抵6.45元, 包邮",面料:摇粒绒 | 版型分类:宽松型 | 领型设计:连帽,https://g-search2.alicdn.com/img/bao/uploaded/i4/i2/3542898779/O1CN01QAHt3F2EipmoqrZSI_!!0-item_pic.jpg,//detail.tmall.com/item.htm?id=661724476575&ns=1&abbucket=10&xxc=taobaoSearch&mi_id=0000WYzDX_Mz6Rn-sclkAQiLnLvl8_d29DDwJzCL07DyUOA&skuId=4772952468426
973805623103,Aokizy韩国艺术装饰画非村上隆松浦浩之kaws空山基小众装饰画,58,¥,券后价,l1576285378,705Min,5年老店,2人付款,河南 郑州,"淘金币已抵0.58元, 包邮",画芯材质:油画布 | 图案主题:卡通动漫 | 适用空间:客厅 | 风格匹配:现代简约 | 装裱方式:有框 | 是否带框:有框 | 画框材质:木质,https://g-search3.alicdn.com/img/bao/uploaded/i4/i2/3410528937/O1CN01SY4bFV2FtClCugLBc_!!3410528937.jpg,//item.taobao.com/item.htm?id=973805623103&ns=1&abbucket=10&xxc=taobaoSearch&mi_id=0000v2IQ4GzfiIGa_KFb1mil6mC1jnrdUyrwN62SaWMqvU4&skuId=6029688613707
974238250250,网红打卡坐姿kaws大摆件客厅装饰品落地芝麻街公仔暴力熊雕塑轻奢,400,¥,券后价,柯柯饰伊,福顺意景观雕塑厂,11年老店,1人付款,福建 泉州,"淘金币已抵10元, 退货宝, 包邮, 公益宝贝",主体材质:卡通 | 表面工艺:半手工 | 摆放方式:落地,https://g-search1.alicdn.com/img/bao/uploaded/i4/i3/490306069/O1CN01xC3M3F1uheRnkO45a_!!490306069.jpg,//item.taobao.com/item.htm?id=974238250250&ns=1&abbucket=10&xxc=taobaoSearch&mi_id=0000QTWwppQqlI7Dcvzjza8Ity7uKdytJR8pTamVZmUQSSw&skuId=4862078781821
671416147246,屏风潮牌kaws熊公仔芝麻街时尚服装试衣间隔断墙客厅玄关移动折叠,90,¥,,主璇律_2009,鼎若家居,,1人付款,福建 福州,"包邮, 公益宝贝",材质:木 | 款式定位:品质奢华型 | 风格:日式 | 是否可定制:可定制 | 饰面材质:油画布 | 图案:品牌LOGO,https://g-search3.alicdn.com/img/bao/uploaded/i4/i4/272413450/O1CN01b1kS6z1bM9Dikzget_!!272413450.jpg,//item.taobao.com/item.htm?id=671416147246&ns=1&abbucket=10&xxc=taobaoSearch&mi_id=0000yNuB5nFz8t95N_nrPS5lvmmtw3vYTg8fo_1blUx1lDo&skuId=4829493417594
652324434585,Kaws布鲁克林海报版画 Original Fake客厅潮流家居Brooklyn装饰画,358,¥,首单价,雅雅雅雅雅520,CHAOHO潮货潮流版画,6年老店,5人付款,江苏 南京,"官方立减12%, 直降22元, 包邮, 公益宝贝",画框材质:铝合金 | 画芯材质:无酸纸 | 适用空间:客厅 | 风格匹配:潮流 | 装裱方式:有框 | 是否带框:有框,https://g-search3.alicdn.com/img/bao/uploaded/i4/i1/699260908/O1CN01eRPcVy1IZuXCxd4Wx_!!0-item_pic.jpg,//item.taobao.com/item.htm?id=652324434585&ns=1&abbucket=10&xxc=taobaoSearch&mi_id=0000Khq4VO637rwrqAERD1Ci4Zn-KQo71IaTKzI7ludOV1Y&skuId=4875048814262
693979167047,潮牌iPhone14Pro创意苹果13手机壳雪山12羽绒服11冬季款xsmax软XR适用于16promax个性小众15pro保护套新款,56,¥,,膜氏mos,OrangeP橙皮数码,9年老店,32人付款,广东 深圳,包邮,保护套质地:TPU | 是否使用环保材质:含环保材料 | 功能:防摔 | 适用手机型号:iPhone 14 Pro | 风格:创意 | 适用手机机型:Apple/苹果 | 品牌:WHPH,https://g-search2.alicdn.com/img/bao/uploaded/i4/i4/2197106061/O1CN01Bx2Ykj1udzLskuCRa_!!2197106061.jpg,//item.taobao.com/item.htm?id=693979167047&ns=1&abbucket=10&xxc=taobaoSearch&mi_id=0000BmV41J0RWrXizduJfQyBEJGINj1pVfOaO5a1HnG0yds&skuId=5595803129673
968918906053,网红电视柜坐姿公仔高级感客厅玄关暴力熊芝麻街kaws大号乔迁礼物,298,¥,,佳天雨园林景观雕塑,薇饰品家居,,3人付款,福建 泉州,包邮,,https://g-search2.alicdn.com/img/bao/uploaded/i4/i2/2215393661303/O1CN01teUFat1LUp9wLZtdF_!!2215393661303.jpg,//item.taobao.com/item.htm?id=968918906053&ns=1&abbucket=10&xxc=taobaoSearch&mi_id=00001Gcs96UNIs3c5a-_iCy2il_6ddlKEbR4mmfhctPWnPs&skuId=5917003924024
956285180980,kaws潮牌客厅装饰画现代简约沙发背景墙挂画暴力熊联名公仔三联画,32,¥,券后价,amorosc,九行诗,,5人付款,河南 商丘,"官方立减12%, 店铺满20减3, 淘金币已抵0.48元, 退货宝, 包邮, 公益宝贝",图案主题:卡通动漫 | 适用空间:客厅 | 风格匹配:现代简约 | 装裱方式:无框 | 画芯材质:布纹膜,https://g-search2.alicdn.com/img/bao/uploaded/i4/i2/2796512882/O1CN01922myA1XA0FMcl5Uf_!!2796512882.jpg,//item.taobao.com/item.htm?id=956285180980&ns=1&abbucket=10&xxc=taobaoSearch&mi_id=0000lrhuUYthfINtT8LHerpfPtayUWgOAgIXUjmLEzL1u6I&skuId=5074704582160
706036166898,潮牌kaws芝麻街鼠标垫超大号暴力熊个性男女加厚卡通游戏键盘桌垫,27.8,¥,券后价,那一抹淡黄,然派垫物集,6年老店,3人付款,浙江 宁波,"官方立减12%, 退货宝, 包邮, 公益宝贝",材质:佳积布+橡胶 | 厚度:2mm | 适用型号:办公 | 尺寸:50x100cm | 品牌:艾新沐格,https://g-search3.alicdn.com/img/bao/uploaded/i4/i4/2179334990/O1CN01r7kPdJ1mjTBcxnQZd_!!2179334990.jpg,//item.taobao.com/item.htm?id=706036166898&ns=1&abbucket=10&xxc=taobaoSearch&mi_id=0000qQrLPpPJwANavrJ8O0zpnfXmtykHEovLwxN5TxsceyQ&skuId=5702849174481
946261963332,潮玩公仔玩偶考斯kaws芝麻街 BFF 轻奢风客厅吧台酒柜桌面大摆件,158,¥,券后价,jzcxzq1,果冻潮玩,10年老店,14人付款,广东 广州,"官方立减12%,  3期, 淘金币已抵2.28元, 包邮",,https://g-search1.alicdn.com/img/bao/uploaded/i4/i2/759636181/O1CN01Fe7Z5o1vWwynQkhzC_!!759636181.jpg,//item.taobao.com/item.htm?id=946261963332&ns=1&abbucket=10&xxc=taobaoSearch&mi_id=0000p5_G0LUjDj27HqFyMnaB71-J8snVtfsgcKXRCegWchc&skuId=6021968015226
601558562859,芝麻街kaws情侣拖鞋夏女可爱ins凉拖鞋家用鸳鸯外穿居家软底男士,59.8,¥,券后价,tb49355798,month 原创,7年老店,1人付款,广东 深圳,"官方立减12%, 包邮, 公益宝贝",,https://g-search3.alicdn.com/img/bao/uploaded/i4/i3/3525882958/O1CN01AMV8Yh1Xio7K8RV3m_!!3525882958.jpg,//item.taobao.com/item.htm?id=601558562859&ns=1&abbucket=10&xxc=taobaoSearch&mi_id=0000Cgr_w_8gFPBQrqzTFq6X-Qu0PEPPhTXJQcYo3zCKj_Q&skuId=4205426844652
792729572322,潮流暴力熊玄关装饰画led发光氛围灯画卡通kaws客厅过道走廊挂画,139.8,¥,券后价,diffene的店,画之缘,,56人付款,河南 新乡,"官方立减12%, 店铺满80减6, 退货宝, 包邮",画芯材质:油画布 | 图案主题:卡通动漫 | 适用空间:客厅 | 风格匹配:现代简约,https://g-search3.alicdn.com/img/bao/uploaded/i4/i1/2215587209511/O1CN012yMfmT2K85w5cNRFQ_!!2215587209511.jpg,//item.taobao.com/item.htm?id=792729572322&ns=1&abbucket=10&xxc=taobaoSearch&mi_id=00004sWOd5vO3H_E2bI5zLxKUgpHrzNTk_jdL5n0_P6QTWE&skuId=5410291296437
600740977178,儿童卡通刺绣布贴补丁贴衣服UT KAWS芝麻街艾摩甜饼怪装饰熨斗贴,9.9,¥,券后价,chengxin_33,买个奥特曼,13年老店,51人付款,河北 廊坊,"官方立减12%, 淘金币已抵0.17元, 包邮",,https://g-search3.alicdn.com/img/bao/uploaded/i4/i2/289296043/O1CN01eLbhck1uVjygZ8Zr8_!!289296043.jpg,//item.taobao.com/item.htm?id=600740977178&ns=1&abbucket=10&xxc=taobaoSearch&mi_id=0000-sYHNNDMHg1VZi0HFcf47VFVaclHZ0LUPPXIdmEJJHc&skuId=4372221115683
643107842092,kaws棉芯沙发客厅抱枕靠枕床头双面办公室护腰靠背汽车腰靠靠垫套,32,¥,券后价,幸运星_fang,幻想慢生活,8年老店,13人付款,广东 东莞,"官方立减12%, 淘金币已抵0.31元, 包邮",,https://g-search2.alicdn.com/img/bao/uploaded/i4/i3/1044800885/O1CN01i3v5XW1IPNC1md57r_!!1044800885.jpg,//item.taobao.com/item.htm?id=643107842092&ns=1&abbucket=10&xxc=taobaoSearch&mi_id=0000hpEAkqcD43DXlZcs0ru1iJn4sKIURzFAhGVS-kWlcWg&skuId=4627795353451
658787109583,kaws现代潮牌暴力熊实木磁铁挂画简约玄关走廊客厅卧室装饰画定制,69,¥,券后价,greatgreatxx,AA Gallery,15年老店,1人付款,湖北 武汉,"超级立减10%, 淘金币已抵0.99元, 极有家, 包邮",画芯材质:油画布 | 图案主题:卡通动漫 | 适用空间:客厅 | 风格匹配:现代简约 | 装裱方式:有框,https://g-search3.alicdn.com/img/bao/uploaded/i4/i2/655745039/O1CN01JplXeL1n5uUN5jTnj_!!655745039.jpg,//item.taobao.com/item.htm?id=658787109583&ns=1&abbucket=10&xxc=taobaoSearch&mi_id=0000UROcn9K6sobjy4uKN4-l_0DU2TRbeCZ5vXmx63Nc8D0&skuId=4924528534160
676758668419,KAWS联名短袖芝麻街T恤百搭圆领休闲情侣上衣宽松男女日系潮牌INS,59,¥,,昔右旗舰店,昔右旗舰店,6年老店,2人付款,山东 枣庄,"退货宝, 包邮",材质成分:棉100% | 版型分类:直筒型 | 领型设计:圆领,https://g-search1.alicdn.com/img/bao/uploaded/i4/i1/2206523069258/O1CN01SniIbI2IGDXSFKe0k_!!0-item_pic.jpg,//detail.tmall.com/item.htm?id=676758668419&ns=1&abbucket=10&xxc=taobaoSearch&mi_id=0000HU-6sT1XtZHRMCtBDa3ROghzB_jF6GFA4og0M0QTvaM&skuId=5038448703383
643908957695,kaws挂画轻奢客厅装饰画现代沙发背景墙壁画芝麻街潮牌大气三联画,476,¥,券后价,珍琪家居旗舰店,珍琪家居旗舰店,10年老店,3人付款,福建 漳州,"超级立减10%, 店铺满98减10, 淘金币已抵7.14元, 退货宝, 上门安装, 包邮",材质:水晶 | 画芯材质:油画布 | 图案主题:卡通动漫 | 适用空间:客厅 | 风格匹配:现代简约 | 装裱方式:有框,https://g-search1.alicdn.com/img/bao/uploaded/i4/i1/2656177291/O1CN01wvuzdR23jKP9gtBA4_!!0-item_pic.jpg,//detail.tmall.com/item.htm?id=643908957695&ns=1&abbucket=10&xxc=taobaoSearch&mi_id=0000g6jpmUPdl04fSUIXuHly7Yxh8dSn_rXUtTDIiDcWzwI&skuId=4638676537528
785041542946,芝麻街潮牌KAWS玩具益智力开发动脑积木拼装男女孩小颗粒成人层叠,25,¥,券后价,wskiii123123,Hello baby 哈贝贝玩具,6年老店,4人付款,浙江 金华,"店铺满40减3, 淘金币已抵0.53元, 包邮",教育功能:逻辑训练 | 动态功能:益智性 | 适用年龄:15岁以上 | 主体材质:ABS | 玩具类型:拼装积木 | 品牌:潮萌主,https://g-search3.alicdn.com/img/bao/uploaded/i4/i4/2490227313/O1CN01jXktNM23tPNVd8GJP_!!2490227313.jpg,//item.taobao.com/item.htm?id=785041542946&ns=1&abbucket=10&xxc=taobaoSearch&mi_id=0000T1EuyZUaiD10hLFtvU7uKltxu9DIXrxY8QlgJkb6gEU&skuId=5366149477115
779821983945,暴力熊装饰画现代简约床头横幅壁画潮流轻奢创意kaws儿童卧室挂画,62,¥,券后价,设计师装饰画,设计师装饰画,回头客1万,10人付款,河南 商丘,"店铺满98减5, 淘金币已抵0.93元, 退货宝, 极有家, 包邮",图案主题:卡通动漫 | 适用空间:卧室 | 风格匹配:现代简约 | 装裱方式:有框 | 画芯材质:布纹膜,https://g-search3.alicdn.com/img/bao/uploaded/i4/i4/3157945738/O1CN013jmq6v1sG3ZOLcnzQ_!!3157945738.jpg,//item.taobao.com/item.htm?id=779821983945&ns=1&abbucket=10&xxc=taobaoSearch&mi_id=0000__H-QQjB8xvVMVZKaPclo7OIDndCxIWSsLsE3K0MfTY&skuId=5495370470452
992928870488,男装女装情侣款KAWS针织围巾保暖百搭高级感围脖2025秋冬款485257,45,¥,,tb004242163483,柒柒优家小铺,,24人付款,江苏 苏州,"退货宝, 包邮",,https://g-search2.alicdn.com/img/bao/uploaded/i4/i3/2217768595903/O1CN01MNCcJr1tTd59ylwWj_!!2217768595903.jpg,//item.taobao.com/item.htm?id=992928870488&ns=1&abbucket=10&xxc=taobaoSearch&mi_id=0000mIn4CdA-NhP-i9_Aw7sPS0dI5LN7hqGtato3RGEMh_8&skuId=6150559115633
,,,,,,,,,,,,,
,,,,,,,,,,,,,
842136106883,新品kaws芝麻街公仔客厅高档轻奢潮玩暴力熊桌面摆件手办卡通礼物,49.57,¥,券后价,tb286030043356,第三家小店,,1人付款,北京,"店铺满10减1, 包邮",,https://g-search3.alicdn.com/img/bao/uploaded/i4/i3/2218688679488/O1CN01NHCLUq2JxYwZlepSI_!!2218688679488.png,//item.taobao.com/item.htm?id=842136106883&ns=1&abbucket=10&xxc=taobaoSearch&mi_id=0000u5WQ5L9j8NUS5SlRoiabrLa8XpxdQObCIBj91Cr3bws&skuId=5781398470940
621245017737,个性创意网红KAWS潮牌卧室地毯客厅少女男生寝室防滑进门地垫定制,160,¥,券后价,以诚为本go,七彩潮定制地毯,16年老店,8人付款,北京," 3期, 淘金币已抵5.4元, 包邮, 公益宝贝",适用空间:门厅 | 主图案类型:动物图案 | 形状:长方形 | 风格:欧美,https://g-search1.alicdn.com/img/bao/uploaded/i4/i1/326438716/O1CN01XsAQ0B2EFyiUG9izl_!!326438716.jpg,//item.taobao.com/item.htm?id=621245017737&ns=1&abbucket=10&xxc=taobaoSearch&mi_id=0000zzicTU-Hi8dl_0lbk6o_3OD587yaVJCYEgQRx7pWglo&skuId=4564601439981
987262216169,dimoo车载安全座椅zsiga二代坐坐派对搪胶汽车载出风口座椅v2娃衣,19.8,¥,券后价,feibo25528,Daka大咖潮玩,,100+人付款,安徽 滁州,"超级立减10%, 48小时内发, 包邮",,https://g-search1.alicdn.com/img/bao/uploaded/i4/i2/2219878424843/O1CN01TfZsNZ1le9FA51LaM_!!2219878424843.jpg,//item.taobao.com/item.htm?id=987262216169&ns=1&abbucket=10&xxc=taobaoSearch&mi_id=0000NdK1Waa1pVdswGbpf-id2Mt3eNdpzHGqJuvl3Pp3bQ0&skuId=6115463695092
744171899738,芝麻街kaws公仔落地超大摆件暴力熊手办客厅大型沙发旁置物架托盘,318,¥,券后价,我的世界我精彩_dl,咕知原创品牌,16年老店,2人付款,福建 泉州,"官方立减12%, 退货宝, 包邮",主体材质:卡通 | 表面工艺:半手工,https://g-search2.alicdn.com/img/bao/uploaded/i4/i3/134444455/O1CN016LSbUt1imRMT8vanX_!!134444455.jpg,//item.taobao.com/item.htm?id=744171899738&ns=1&abbucket=10&xxc=taobaoSearch&mi_id=0000bDCJG3pZLzJZGbSHaCQc8yY8AtLRLTu27HP6jwh6tsw&skuId=5304286407495
651395990082,宝马通用汽车钥匙套KAWS考斯5系3系320iX1X5X6卡通硅胶保护套壳男,68,¥,,迷失ziyou,盈跃汽车用品,6年老店,2人付款,广东 汕头,包邮,内衬材质:硅胶 | 风格:卡通 | 品牌:宝马,https://g-search3.alicdn.com/img/bao/uploaded/i4/i1/2074229403/O1CN01h2LR3R2JKctpIvXyp_!!2074229403.jpg,//item.taobao.com/item.htm?id=651395990082&ns=1&abbucket=10&xxc=taobaoSearch&mi_id=0000oHeOwL_3CM9x4eHKGneWgxqWBxRhAfTf07sjenhJXls&skuId=4867124314705
652324434585,Kaws布鲁克林海报版画 Original Fake客厅潮流家居Brooklyn装饰画,358,¥,首单价,雅雅雅雅雅520,CHAOHO潮货潮流版画,6年老店,5人付款,江苏 南京,"官方立减12%, 直降22元, 包邮, 公益宝贝",画框材质:铝合金 | 画芯材质:无酸纸 | 适用空间:客厅 | 风格匹配:潮流 | 装裱方式:有框 | 是否带框:有框,https://g-search3.alicdn.com/img/bao/uploaded/i4/i1/699260908/O1CN01eRPcVy1IZuXCxd4Wx_!!0-item_pic.jpg,//item.taobao.com/item.htm?id=652324434585&ns=1&abbucket=10&xxc=taobaoSearch&mi_id=0000Khq4VO637rwrqAERD1Ci4S02R6bg4tVJn-ptn5OD21k&skuId=4875048814262
677666045146,kaws潮牌走廊过道装饰画暴力熊动漫玄关挂画沙发背景墙卧室墙画,69,¥,券后价,lpx675143690,星火家居装饰,,9人付款,河南 商丘,"官方立减12%, 退货宝, 上门安装, 包邮, 公益宝贝",画框材质:金属 | 画芯材质:油画布 | 图案主题:卡通动漫 | 适用空间:走廊 | 风格匹配:北欧风 | 装裱方式:有框,https://g-search3.alicdn.com/img/bao/uploaded/i4/i2/1128274666/O1CN01fYwFmI1kL4rR2FY28_!!1128274666.jpg,//item.taobao.com/item.htm?id=677666045146&ns=1&abbucket=10&xxc=taobaoSearch&mi_id=0000WocRMaOFSgLMycxkW39456z9mIAgKPuhPO7ky8wB0xU&skuId=5040702111820
636013601414,kaws大摆件公仔潮玩乔迁礼物北欧轻奢茶几客厅电视柜旁落地暴力熊,89,¥,券后价,手写的从前ia,霞美家居,5年老店,4人付款,浙江 金华,"官方立减12%,  3期, 淘金币已抵4.45元, 退货宝, 48小时内发, 包邮",表面工艺:纯手工 | 主体材质:木质,https://g-search3.alicdn.com/img/bao/uploaded/i4/i2/2595878280/O1CN019Karj52B2I4yjl2dV_!!2595878280.jpg,//item.taobao.com/item.htm?id=636013601414&ns=1&abbucket=10&xxc=taobaoSearch&mi_id=00008S7_brUeyULk9F5CvqvCEDkYM9-XcyB8CmZlEXui7cs&skuId=4650951536136
669882119732,KAWS潮牌消防栓装饰贴纸遮挡电表箱竖款装饰遮挡消防门箱贴画墙贴,37.9,¥,券后价,微家装饰,微家装饰,回头客1万,87人付款,河南 洛阳,"官方立减12%, 店铺满20减1, 退货宝, 包邮",主题图案:人物图案 | 基材类型:PVC | 套装数量:1片 | 适用场景:玄关,https://g-search3.alicdn.com/img/bao/uploaded/i4/i4/3380700593/O1CN01ie0w9A1GFdbeJZeYN_!!3380700593.jpg,//item.taobao.com/item.htm?id=669882119732&ns=1&abbucket=10&xxc=taobaoSearch&mi_id=0000GW3ivVqpWs3tYIjbALgkuKIQBQLRBXCQS_95HkzahdE&skuId=4818780109185
908214840264,kaws芝麻街公仔客厅高档轻奢潮玩暴力熊桌面摆件手办卡通家居礼物,27,¥,券后价,泰然小星,行星计划,5年老店,3人付款,江西 吉安,"淘金币已抵0.81元, 包邮",出售状态:现货 | 款式特点:静态,https://g-search3.alicdn.com/img/bao/uploaded/i4/i4/2207486717378/O1CN01dgDq9P24NAziqVxiN_!!2207486717378.jpg,//item.taobao.com/item.htm?id=908214840264&ns=1&abbucket=10&xxc=taobaoSearch&mi_id=0000XebIS_gS613qbiLQGcBCzHEKDorZXyNh6XFWxMWOdTQ&skuId=5934606770634
644816155187,Kaws芝麻街笔记本手提电脑包12342寸适用于苹果戴尔小米新华硕时尚15.6air13小清新14华为华硕pro卡通ins原创,45,¥,券后价,三年梦13141,许许如升喵喵店,6年老店,3人付款,河南 洛阳,"官方立减12%, 已补1元,  3期, 店铺满65减5, 淘金币已抵0.7元, 退货宝, 包邮, 公益宝贝",款式:多用设计 | 风格:卡通 | 尺寸:17寸,https://g-search2.alicdn.com/img/bao/uploaded/i4/i1/2589433920/O1CN010Veyrt1epPMH7v2uY_!!2589433920.jpg,//item.taobao.com/item.htm?id=644816155187&ns=1&abbucket=10&xxc=taobaoSearch&mi_id=0000Ez6DQfF9uayp8ZgUljjTc5-cDdKO2eZ8b39GUV2SGc0&skuId=4640372425005
963905765165,上新kaws海港系列坐姿礼物芝麻街公仔轻奢潮玩暴力熊卡通桌面摆件,69.6,¥,券后价,tb51524002,匠心好物百货商贸,,3人付款,浙江 杭州,"店铺满10减1, 退货宝, 包邮",,https://g-search2.alicdn.com/img/bao/uploaded/i4/i2/3204811074/O1CN014fgUG51JnwRkShAWY_!!3204811074.jpg,//item.taobao.com/item.htm?id=963905765165&ns=1&abbucket=10&xxc=taobaoSearch&mi_id=0000Q26RvUSPsryzx-wnR6j6nJ44FHA2miCym6btfdMkOCQ&skuId=6031309907419
658018394184,HUMAN MADE新款KAWS联名日系百搭潮流包配饰北极熊老虎金属钥匙扣,25.88,¥,,t_1486181175966_087,IMGOOD 日单,5年老店,13人付款,江苏 苏州," 3期, 包邮",,https://g-search3.alicdn.com/img/bao/uploaded/i4/i3/3157736087/O1CN01ZOtPbp1upthJA9731_!!3157736087.jpg,//item.taobao.com/item.htm?id=658018394184&ns=1&abbucket=10&xxc=taobaoSearch&mi_id=0000PwwwAofTZde1M-qF6Yfl6-IpZ9U845mLHff952mu1hE&skuId=4921857063674
669235492104,芝麻街kaws公仔钥匙扣diy手工自制做包挂饰老花送礼物个性潮挂件,99,¥,券后价,任小七123567,糖果手工制作,8年老店,4人付款,河北 石家庄,"官方立减12%, 淘金币已抵0.41元, 包邮",材质:牛皮 | 钥匙扣类型:卡通系列 | 图案类型:卡通 | 适用场合:送礼物,https://g-search1.alicdn.com/img/bao/uploaded/i4/i3/2652284513/O1CN01IbziWs1jD0BXfvyad_!!2652284513.jpg,//item.taobao.com/item.htm?id=669235492104&ns=1&abbucket=10&xxc=taobaoSearch&mi_id=00007WLHcDHz3vQb9lu40eLJFg9VrDu5dn_Tl6N7M3dX50E&skuId=4821726445161
,,,,,,,,,,,,,
928984061421,装饰画芯轻奢kaws公仔暴力熊宇航员视觉空间延伸入户玄关图片素材,35.9,¥,,52大妍,好久不见图库,8年老店,1人付款,陕西 西安,包邮,,https://g-search2.alicdn.com/img/bao/uploaded/i4/i2/2154349068/O1CN01GFTfbv2GrCGwGyMpY_!!2154349068.jpg,//item.taobao.com/item.htm?id=928984061421&ns=1&abbucket=10&xxc=taobaoSearch&mi_id=0000QSJQaXQ5pClL2qbvPTmHrRrEDGw5tuyIXDIotH0l4Cc&skuId=null
962006100100,kaws公仔联名芝麻街长袖T恤男2025新款秋季宽松衣服纯棉打底衫潮,87.77,¥,券后价,嘉冰旗舰店,嘉冰旗舰店,,0人付款,江西 南昌,"超级立减10%, 包邮",材质成分:棉100% | 版型分类:宽松型 | 适用体型:通用型 | 面料:棉 | 图案:卡通动漫 | 适用性别:男女通用 | 适用人群:青少年,https://g-search2.alicdn.com/img/bao/uploaded/i4/i4/2218947741490/O1CN017NHsDD1MsTFI09VCB_!!4611686018427381554-0-item_pic.jpg,//detail.tmall.com/item.htm?id=962006100100&ns=1&abbucket=10&xxc=taobaoSearch&mi_id=0000_OHTRlNZic-oa_Cj8P7GnJQUMhAiUcwcrobi5pC9-ZE&skuId=5980186980007
656050284566,OFFWHITE联名球鞋潮牌店挂画买手店墙面装饰aj潮流服装店kaws海报,93.75,¥,券后价,joey535,视界墙艺,,1人付款,广东 江门,"官方立减12%, 退货宝, 包邮, 公益宝贝",画芯材质:油画布 | 风格匹配:个性 | 装裱方式:有框,https://g-search1.alicdn.com/img/bao/uploaded/i4/i1/993467539/O1CN01goAvvh25YufMhIfAh_!!993467539.jpg,//item.taobao.com/item.htm?id=656050284566&ns=1&abbucket=10&xxc=taobaoSearch&mi_id=0000b0lb1eBjNRT6xRE36HUOXIJ6WbUAnhdT8IUHS1BsO6A&skuId=4913431043647
713792138800,kaws轻奢客厅装饰画简约高级感汽车壁画暴力熊潮牌沙发背景墙挂画,52,¥,券后价,adi12311,爱家家画,6年老店,1人付款,河南 商丘,"官方立减12%, 店铺满18减8, 退货宝, 包邮, 公益宝贝",图案主题:卡通动漫 | 适用空间:客厅 | 风格匹配:现代简约 | 装裱方式:有框 | 画芯材质:布纹膜,https://g-search2.alicdn.com/img/bao/uploaded/i4/i2/2030561397/O1CN01G53s4N1MBs8WgnxP7_!!2030561397.jpg,//item.taobao.com/item.htm?id=713792138800&ns=1&abbucket=10&xxc=taobaoSearch&mi_id=00004toq0tVZZ5kfG4P262gXxq_bb5FZ_Z382PIqMLva-Nw&skuId=4997774533846
975626932738,地毯客厅卧室床边地垫现代简约个性卡通北欧kaws潮牌ins家用定制,48,¥,券后价,津mwc518,酷潮家居地毯,12年老店,1人付款,天津," 3期, 淘金币已抵1.44元, 包邮",可定制性:支持定制 | 适用空间:客厅 | 主图案类型:字母数字图案 | 形状:矩形 | 风格:北欧 | 表面材质:聚酯纤维,https://g-search3.alicdn.com/img/bao/uploaded/i4/i4/928455706/O1CN01oPokLY1s1OZWSG9u8_!!928455706.jpg,//item.taobao.com/item.htm?id=975626932738&ns=1&abbucket=10&xxc=taobaoSearch&mi_id=0000y-Qsa8-N6aVFPOhzNl7zWvgkWu2FUZPTs_WOUDn3GmA&skuId=6092900734230
885467498406,KAWS机械熊airpods4耳机套适用苹果airpodspro2第二代磨砂typec防摔airpods1/2/3不掉盖 华强北5代耳机保护壳,16.8,¥,券后价,tb447610463,弘帆数码优选,,8人付款,广东 深圳,"包邮, 公益宝贝",适用耳机型号:苹果 Airpods 3 | 适用耳机品牌:苹果 | 材质:TPU | 风格:可爱 | 工艺技术:磨砂 | 触感:软壳 | 流行元素:卡通图案,https://g-search3.alicdn.com/img/bao/uploaded/i4/i2/3868721527/O1CN01bejq3W1N9PpApKOk6_!!3868721527.jpg,//item.taobao.com/item.htm?id=885467498406&ns=1&abbucket=10&xxc=taobaoSearch&mi_id=0000_uB8fguNwChYimTd7vT1gNG4DQL3KBe0tS2DCD-oSjs&skuId=5955419387786
829902450283,潮流芝麻街站姿公仔玩偶潮牌sz-sujiao-kaws玩具暴力熊摆件,88,¥,,lk39117100,Zo zo潮玩店,,3人付款,江西 吉安,"退货宝, 包邮",主体材质:卡通 | 表面工艺:半手工,https://g-search3.alicdn.com/img/bao/uploaded/i4/i3/3613510326/O1CN01YPLCYy1EHMCLxEPfR_!!3613510326.jpg,//item.taobao.com/item.htm?id=829902450283&ns=1&abbucket=10&xxc=taobaoSearch&mi_id=0000QnZ3f_voI1_YcwnK8LJbfLjNJJ61k3S6D3Aae8vcFW8&skuId=5732169350436
626299884810,地毯客厅卧室床边地垫现代简约个性卡通北欧kaws潮牌ins家用水洗,48,¥,券后价,津mwc518,酷潮家居地毯,12年老店,0人付款,天津,"淘金币已抵1.44元, 包邮",可定制性:支持定制 | 适用空间:客厅 | 主图案类型:字母数字图案 | 形状:矩形 | 风格:北欧 | 表面材质:聚酯纤维,https://g-search1.alicdn.com/img/bao/uploaded/i4/i1/928455706/O1CN01wRtn2B1s1OZf4vGcu_!!928455706.jpg,//item.taobao.com/item.htm?id=626299884810&ns=1&abbucket=10&xxc=taobaoSearch&mi_id=00004L8XANLe7bEOwW7GMmUYfqiOWY9Iwb8WQlNk4qCcUu4&skuId=4618394835554
961511411771,优衣库男装KAWS+Warhol运动长裤473557灰色,139,¥,,衣恋613,印奢靓品,18年老店,100+人付款,上海,,裤长:长裤 | 服装版型:宽松,https://g-search3.alicdn.com/img/bao/uploaded/i4/i4/64339720/O1CN01d4c9352LfolmZQEns_!!64339720.jpg,//item.taobao.com/item.htm?id=961511411771&ns=1&abbucket=10&xxc=taobaoSearch&mi_id=0000BNuozSzknN9ZmIgGi884kkieV7z1yYqQugYOFFhlqqE&skuId=5653335640360
708171723642,HUMAN MADE x KAWS联名款盒装棉短袜ins滑板百搭黑白袜子情侣船袜,25.8,¥,,qq948667306,被袜子打败的男人,5年老店,14人付款,浙江 绍兴,包邮,筒高:船袜 | 袜子功能用途:吸湿排汗 | 适用季节:四季通用 | 面料主材质:彩棉 | 适用性别:情侣 | 厚薄:薄款,https://g-search1.alicdn.com/img/bao/uploaded/i4/i1/919231779/O1CN01P1QTLG1P0pQKLAOJU_!!919231779.jpg,//item.taobao.com/item.htm?id=708171723642&ns=1&abbucket=10&xxc=taobaoSearch&mi_id=00003OyG5jZnIG9JoYX0HpbgTiU-WL6_mZLcJyUcYfBdhGc&skuId=5145866675675
749225845163,潮流装饰版画冲浪女孩餐厅卧室玄关床头柜桌面卡通kaws挂画壁画,68,¥,券后价,花开花落52708,梵星艺术家居装饰画,,3人付款,浙江 金华,"店铺满128减10, 淘金币已抵1.74元, 退货宝, 上门安装, 包邮",图案主题:卡通动漫 | 适用空间:家装 | 风格匹配:潮流 | 画芯材质:PP纸,https://g-search3.alicdn.com/img/bao/uploaded/i4/i1/2059961718/O1CN01NRv6us1OYtLARZjqa_!!2059961718.jpg,//item.taobao.com/item.htm?id=749225845163&ns=1&abbucket=10&xxc=taobaoSearch&mi_id=0000-3nJ6DnnY8qGSh-z3QKP65UKLJpx_fIDAHFhZUp2NI4&skuId=5164168624790
906555006298,芝麻街Kaws汽车贴纸车窗创意个性潮流车贴低趴改装XX三角车窗贴纸,7.8,¥,券后价,国通数码城,胖瞄儿汽车用品,,0人付款,广东 广州,"官方立减12%, 包邮",贴膜类型:车身贴 | 材质:贴纸 | 图案:字母/数字/文字,https://g-search2.alicdn.com/img/bao/uploaded/i4/i1/743552975/O1CN01cYrgGf1XqbLGt3Ojg_!!743552975.jpg,//item.taobao.com/item.htm?id=906555006298&ns=1&abbucket=10&xxc=taobaoSearch&mi_id=0000DZxdj72SYOwG4yox8PwKPQ2I59PCsphAjH_4L_580ww&skuId=5934778343465
608300544820,kaws潮牌芝麻街公仔项链女嘻哈玩偶情侣一对吊坠男士蹦迪街头挂件,89,¥,,柔丽旗舰店,柔丽旗舰店,8年老店,1人付款,天津,包邮,链子材质:钛钢 | 链子样式:水波链 | 风格:朋克 | 镶嵌材质:未镶嵌,https://g-search3.alicdn.com/img/bao/uploaded/i4/i3/3247816810/O1CN01anVNPn20B1y58Naxp_!!0-item_pic.jpg,//detail.tmall.com/item.htm?id=608300544820&ns=1&abbucket=10&xxc=taobaoSearch&mi_id=0000R_VwQSVS5AQgRd34SHmxk4XTQyRaIPyEhQye_7ESoyE&skuId=4272402084430
955058652172,kaws潮牌钥匙扣挂件芝麻街汽车钥匙链网红创意公仔ins情侣钥匙扣,28.9,¥,券后价,阳光直销mzx,NPC潮牌杂货铺,,15人付款,江苏 连云港,"淘金币已抵0.86元, 退货宝, 包邮",钥匙扣类型:卡通系列 | 图案类型:卡通 | 材质:搪胶,https://g-search3.alicdn.com/img/bao/uploaded/i4/i4/514653029/O1CN01ADbgsr1YFKIjdWPOa_!!514653029.jpg,//item.taobao.com/item.htm?id=955058652172&ns=1&abbucket=10&xxc=taobaoSearch&mi_id=0000MkwSnYDmAVRBRJaIxDCEc-FA5kNmddjPIsPXrPqjSvY&skuId=4606326879493
604789166394,ins可爱网红娃娃芝麻街kaws公仔玩偶毛绒玩具抱枕睡觉生日礼物女,70,¥,,毛衣兔1990,毛衣兔精品玩具店,7年老店,0人付款,江苏 扬州,"退货宝, 包邮",材质:绒布 | 玩具类型:靠垫/抱枕,https://g-search1.alicdn.com/img/bao/uploaded/i4/i1/3968588686/O1CN01Ia9rUb2E2En21dkHt_!!3968588686.jpg,//item.taobao.com/item.htm?id=604789166394&ns=1&abbucket=10&xxc=taobaoSearch&mi_id=0000D32kjOe7pOzjpZ4erEC_00vGLm18cDHgVY4Rvec2iYc&skuId=4404971174819
927676262382,芝麻街kaws捂脸公仔桌面摆件客厅家居电视柜装饰品网红潮玩暴力熊,76,¥,券后价,欧红旗舰店,欧红旗舰店,9年老店,5人付款,浙江 杭州,"官方立减12%, 店铺满168减10, 淘金币已抵2.28元, 退货宝, 包邮, 公益宝贝",设计风格:北欧风格 | 主体材质:树脂 | 适用空间:客厅,https://g-search1.alicdn.com/img/bao/uploaded/i4/i3/2834942171/O1CN01Z86DSW1RuMlGpDYCq_!!0-item_pic.jpg,//detail.tmall.com/item.htm?id=927676262382&ns=1&abbucket=10&xxc=taobaoSearch&mi_id=0000W2vcV2YbCQeH7_eAaFq2_KjRBwkqduzPnf3DQ7BFByY&skuId=4968271325955
782292515562,kaws入户玄关装饰画现代简约潮牌创意走廊过道挂画暴力熊积木壁画,176,¥,券后价,极致视觉画,尚品居画,,0人付款,广东 深圳,"官方立减12%, 淘金币已抵1.76元, 退货宝, 极有家, 包邮, 公益宝贝",画芯材质:烤瓷晶瓷 | 图案主题:卡通动漫 | 适用空间:通用 | 风格匹配:现代简约 | 装裱方式:有框,https://g-search2.alicdn.com/img/bao/uploaded/i4/i1/2212925721391/O1CN011Hhnt41M97uH3dr2u_!!2212925721391.jpg,//item.taobao.com/item.htm?id=782292515562&ns=1&abbucket=10&xxc=taobaoSearch&mi_id=0000UcTnMJMcIubpW4PS5Ec0A4e5Jcb9aIJkB_V59jNhX2U&skuId=5514171151983
880060289345,峻翀芝麻街kaws抱枕被子学生宿舍多功能靠枕被办公室车载靠垫被子,14.9,¥,券后价,精品布艺店,布布新,,0人付款,河北 石家庄,"店铺满7减3, 淘金币已抵0.44元, 退货宝, 包邮",材质:亚麻 | 填充物:聚酯纤维 | 风格:简约现代 | 形状:正方形 | 图案:卡通动漫 | 是否可定制:可定制 | 适用场景:午睡,https://g-search3.alicdn.com/img/bao/uploaded/i4/i3/2219007670221/O1CN01AMx7k91DVGYpk5oAy_!!4611686018427385805-0-item_pic.jpg,//item.taobao.com/item.htm?id=880060289345&ns=1&abbucket=10&xxc=taobaoSearch&mi_id=0000RxivOG4zF8AwBSCVT3J0UPxTb_JHBTRofzUKxFdgeYs&skuId=5889026631425
998648208585,kaws公仔联名芝麻街卫衣男连帽秋冬二次元周边衣服宽松加绒外套潮,110,¥,券后价,保鲜男女旗舰店,保鲜男女旗舰店,6年老店,1人付款,江西 南昌,"官方立减12%, 包邮",克重范围:21g | 面料:棉涤 | 版型分类:宽松型 | 领型设计:连帽 | 是否连帽:是 | 适用性别:男,https://g-search2.alicdn.com/img/bao/uploaded/i4/i2/2206841533317/O1CN01GW9oG21aNErCzitYm_!!4611686018427384709-0-item_pic.jpg,//detail.tmall.com/item.htm?id=998648208585&ns=1&abbucket=10&xxc=taobaoSearch&mi_id=0000XhDV2NUQ5ptfxf6nJ6lisY5GYQ7uilAMcWlXBbbHfXc&skuId=6145077102678
964387083163,20cm解剖潮流公仔摆件玩偶潮流潮牌8寸sz-sujiao-kaws摆件 公仔,56,¥,券后价,tb034593627,摩登天空,,1人付款,浙江 杭州,"淘金币已抵1.68元, 包邮",,https://g-search2.alicdn.com/img/bao/uploaded/i4/i4/2668147230/O1CN01jQt2EB23HOdiueR2U_!!2668147230.jpg,//item.taobao.com/item.htm?id=964387083163&ns=1&abbucket=10&xxc=taobaoSearch&mi_id=0000z79pASyr8lJeoveJI0kviaiEUfUAdHiYcAa90eXhd04&skuId=5913014416178
776476332768,暴力熊国潮红色简约男女同款百搭增高面包鞋魔术贴休闲板鞋928,2388,¥,券后价,tb5675471684,VIOLENTBEAR 暴力熊,,63人付款,福建 莆田,"官方立减40元, 淘金币已抵8.94元, 退货宝, 包邮",鞋面材质:牛皮革 | 风格:青春潮流 | 款式:板鞋 | 鞋头款式:圆头 | 季节:春秋 | 品牌:暴力熊 | 功能:增高 | 适用对象:青年,https://g-search3.alicdn.com/img/bao/uploaded/i4/i3/2214184425407/O1CN01tSNHst1poScCA6bS4_!!2214184425407.jpg,//item.taobao.com/item.htm?id=776476332768&ns=1&abbucket=10&xxc=taobaoSearch&mi_id=0000WxSarBoY2WJdPc-bmCiiURXIFJ1PrOxAfrUTlhTphBY&skuId=5478038790197
913175086446,普陀桃木赤马福袋2026丙午马年普陀手作桃木福袋生肖车载挂件,200,¥,,meiflats旗舰店,MEIFLATS旗舰店,,43人付款,上海,"店铺满39减5, 包邮",材质:木 | 钥匙扣类型:中国风 | 图案类型:马上有钱 | 功能特点:钥匙扣挂件 | 可定制性:不支持定制,https://g-search2.alicdn.com/img/bao/uploaded/i4/i2/2220543813251/O1CN01NQpOJy1Zt0jOHDL0A_!!4611686018427381379-0-item_pic.jpg,//detail.tmall.com/item.htm?id=913175086446&ns=1&abbucket=10&xxc=taobaoSearch&mi_id=0000R8unuQ0vD2BRu8tjaEE-psZrMPZV06l220ZsmcvO3l8&skuId=6028998637754
998847674029,OFF-WHITE™ 情侣装新款涂鸦效果宽松短袖T恤,1399,¥,券后价,offwhite官方旗舰,OFFWHITE官方旗舰店,,26人付款,广东 广州,"超级立减12%, 店铺满51减50, 包邮",材质成分:棉100% | 版型分类:标准 | 适用体型:通用型 | 面料:棉 | 图案:LOGO | 适用性别:男女通用 | 适用人群:青年,https://g-search2.alicdn.com/img/bao/uploaded/i4/i3/2220868016484/O1CN01XKgYZo1xljDFq2kqO_!!4611686018427386212-0-item_pic.jpg,//detail.tmall.com/item.htm?id=998847674029&ns=1&abbucket=10&xxc=taobaoSearch&mi_id=00007KlpsVPUP_j01fI4b0gFLW-Jz2D0TPx8DfiHXJDI53o&skuId=6150110435842
792990908291,VIOLENTBEAR/暴力熊新款男鞋情侣款百搭轻奢时尚休闲鞋板鞋女807,1868,¥,券后价,tb5675471684,VIOLENTBEAR 暴力熊,,200+人付款,福建 莆田,"官方立减40元, 淘金币已抵6.84元, 退货宝, 包邮",风格:休闲 | 鞋面材质:超纤皮 | 鞋跟高:中跟(3-5cm) | 款式:板鞋 | 鞋头款式:圆头 | 季节:夏季 | 品牌:暴力熊 | 功能:耐磨 | 适用对象:中老年,https://g-search3.alicdn.com/img/bao/uploaded/i4/i3/2214184425407/O1CN018hzFMd1poSTwsDbwN_!!2214184425407.jpg,//item.taobao.com/item.htm?id=792990908291&ns=1&abbucket=10&xxc=taobaoSearch&mi_id=0000cOLdsEDBr49eGTzHHEcOwuaWOP-hp2FaYMEasD7gg8A&skuId=5412226320039
967501007327,AJ5冰蓝流川枫中国玉黑红公牛乔5奥利奥白水泥郭艾伦北卡蓝高帮鞋,898,¥,,tb135443166026,胜道体育代购店,,38人付款,上海,包邮,鞋面材质:头层牛皮（除牛反绒） | 鞋跟高:低跟(1-3cm) | 款式:高帮板鞋 | 季节:夏季 | 风格:休闲 | 适用对象:青年（18-40周岁） | 功能:增高 | 品牌:AJ,https://g-search3.alicdn.com/img/bao/uploaded/i4/i2/2221635783337/O1CN01DZi3Nl1aWOn8LTKa3_!!2221635783337.jpg,//item.taobao.com/item.htm?id=967501007327&ns=1&abbucket=10&xxc=taobaoSearch&mi_id=0000UkJJinV7_yKzT_mnDAkoOjYiiOu-IXGOJ2XdUUCrUoo&skuId=6025286145149
723844902984,隐形内增高鞋男贝壳头溶解鞋三原康裕板鞋厚底帆布黑色休闲鞋子女,268,¥,券后价,h8旗舰店,h8旗舰店,回头客9万,1000+人付款,福建 莆田,"超级立减10%, 包邮",鞋面材质:布 | 鞋跟高:平跟 | 款式:溶解鞋 | 鞋头款式:圆头 | 季节:夏季 | 品牌:H8 | 功能:透气 | 适用对象:中年,https://g-search3.alicdn.com/img/bao/uploaded/i4/i3/1676193080/O1CN01pKXz1r1YcgxZS4Jka_!!4611686018427383096-0-item_pic.jpg,//detail.tmall.com/item.htm?id=723844902984&ns=1&abbucket=10&xxc=taobaoSearch&mi_id=0000DDsqFKBfmUGJikyTy6CDi__o0LoZOz0HL2WQnIISnco&skuId=5986940057923
975147865879,环球内增高板鞋男鞋2026春夏新款爆款赛车鞋休闲百搭复古德训鞋男,158,¥,券后价,环球男鞋旗舰店,环球男鞋旗舰店,,2000+人付款,浙江 温州,"热销爆款, 包邮",风格:休闲 | 鞋面材质:合成革 | 鞋跟高:中跟(3-5cm) | 款式:板鞋 | 鞋头款式:圆头 | 季节:春秋 | 品牌:环球 | 功能:增高 | 适用对象:青年,https://gw.alicdn.com/imgextra/O1CN01PCJCix1i0oOqL9vBI_!!2216733004351-0-picasso.jpg,//detail.tmall.com/item.htm?id=975147865879&ns=1&abbucket=10&xxc=taobaoSearch&mi_id=0000WVLwOE-oxHOlXrrtYXHHjjTh1Eclx7A-wij_xDyCvT8&skuId=6094078487483
951368578796,严浩翔同款绷带帆布鞋秋季男女大头鞋潮百搭厚底增高运动休闲板鞋,245,¥,券后价,朴晨shop,上野行星男鞋工作室,,5000+人付款,浙江 温州,"ifashion, 48小时内发, 包邮, 公益宝贝",风格:休闲 | 鞋面材质:混合材质 | 鞋跟高:中跟(3-5cm) | 款式:板鞋 | 鞋头款式:圆头 | 季节:春秋 | 品牌:UENO PLANET/上野行星 | 功能:增高 | 适用对象:青年,https://g-search1.alicdn.com/img/bao/uploaded/i4/i2/4050656506/O1CN01F6chKc1xvnshbyJdx_!!4050656506.jpg,//item.taobao.com/item.htm?id=951368578796&ns=1&abbucket=10&xxc=taobaoSearch&mi_id=0000D5h-R1jnEx_Sd5KaSC812-7-NIaAonqoM4IlG1pGLAE&skuId=6034554810852
1016138564721,Thunder Dept.闪得官方闪电鞋子男女棋盘格滑板鞋低帮运动帆布鞋,499,¥,券后价,tb6846574_2012,Thunder Dept品牌官方店,,4人付款,福建 泉州,"退货宝, ifashion, 48小时内发, 包邮",鞋面材质:牛皮绒面革 | 风格:青春潮流 | 款式:板鞋 | 鞋头款式:圆头 | 季节:春秋 | 品牌:Thunder dept | 功能:耐磨 | 适用对象:青年,https://g-search1.alicdn.com/img/bao/uploaded/i4/i2/1043933930/O1CN01e6S8Iv1etzepb6hiB_!!1043933930.jpg,//item.taobao.com/item.htm?id=1016138564721&ns=1&abbucket=10&xxc=taobaoSearch&mi_id=0000i9rLs_otsHu3GsI8TRM7a7JfZnGjFUUIcgjvXi8sxxA&skuId=6020312780527
892295323889,1977美式休闲星球大战电影联名夏季新款复古欧美街头风男士T恤,65,¥,券后价,嘻皮小子旗舰店,嘻皮小子旗舰店,,76人付款,安徽 蚌埠,"官方立减12%, 店铺满110减7, 新品, 退货宝, 包邮",版型分类:宽松型 | 适用体型:通用型 | 面料:纯棉 | 适用性别:男女通用 | 适用人群:青年,https://g-search3.alicdn.com/img/bao/uploaded/i4/i4/2212196469453/O1CN014tKKUH2JhX5OQOVNR_!!4611686018427382477-0-item_pic.jpg,//detail.tmall.com/item.htm?id=892295323889&ns=1&abbucket=10&xxc=taobaoSearch&mi_id=0000tOpVfhhL2yrUPiNzwL9plhrpdYPikFItzsajrfuuPYI&skuId=5907636782450
997440154489,官方正品纽约洋基队鞋男女款学院风休闲板鞋海军蓝防滑耐磨运动鞋,248,¥,券后价,凡宾旗舰店,凡宾旗舰店,,400+人付款,福建 莆田,"官方立减12%,  3期, 淘金币已抵4.74元, 退货宝, 包邮",鞋面材质:二层牛皮（除牛反绒） | 风格:休闲 | 鞋跟高:中跟(3-5cm) | 款式:板鞋 | 鞋头款式:圆头 | 季节:春秋 | 品牌:凡宾 | 功能:增高 | 适用对象:中年,https://g-search3.alicdn.com/img/bao/uploaded/i4/i2/2217782162296/O1CN01hEYuNG1SpcTUL8MdM_!!4611686018427384696-0-item_pic.jpg,//detail.tmall.com/item.htm?id=997440154489&ns=1&abbucket=10&xxc=taobaoSearch&mi_id=0000Crzf_55AHub7l3QRTUOjpnhdJPPHMlEbWSAGizwzV_c&skuId=6146546059750
1013451326729,官方正品纽约洋基队海军蓝男鞋2026春季新款厚底学长鞋休闲板鞋女,188,¥,券后价,大王椰子旗舰店,大王椰子旗舰店,6年老店,32人付款,福建 泉州,"官方立减12%, 包邮",鞋面材质:头层牛皮（除牛反绒） | 风格:休闲 | 鞋跟高:中跟(3-5cm) | 款式:板鞋 | 鞋头款式:圆头 | 季节:春秋 | 品牌:大王椰子 | 功能:增高 | 适用对象:青年,https://g-search1.alicdn.com/img/bao/uploaded/i4/i2/2206909682973/O1CN016vP9M51XpgccYPQ1r_!!4611686018427385117-0-item_pic.jpg,//detail.tmall.com/item.htm?id=1013451326729&ns=1&abbucket=10&xxc=taobaoSearch&mi_id=0000MsDl_2uivbMQz-0rEuqV6KuQqLRPt3akQ4aliPD98qE&skuId=6017591852715
1000003544805,蜘蛛侠绑带巴黎3xl老爹鞋男款2026新款做旧厚底增高情侣休闲鞋潮,398,¥,券后价,敬伊旗舰店,敬伊旗舰店,回头客1万,79人付款,浙江 温州,"官方立减12%, 包邮",款式:运动休闲鞋 | 风格:休闲风 | 适用性别:男 | 适用场景:运动,https://g-search2.alicdn.com/img/bao/uploaded/i4/i1/2206804385447/O1CN01oHUZQs1q6mPz84ZJM_!!4611686018427387559-0-item_pic.jpg,//detail.tmall.com/item.htm?id=1000003544805&ns=1&abbucket=10&xxc=taobaoSearch&mi_id=0000E9vBYMZ0FeQDyKMo6y5Gkp0BmLcgy1JZwMgLr6Z4bnM&skuId=6148688954112
953581834595,Vivd Loom白色巴恩风牛仔裤男士宽松美式高街秋冬季加绒阔腿复古,200,¥,券后价,tb791533904012,Vivd Loom,,1000+人付款,广东 广州,"官方立减12%, 退货宝, ifashion, 48小时内发, 包邮",版型:宽松 | 面料:牛仔布 | 洗水工艺:水洗 | 款式版型:宽松直筒,https://g-search1.alicdn.com/img/bao/uploaded/i4/i2/2219746777691/O1CN01dLnZ8426gXDztcrbV_!!2219746777691.jpg,//item.taobao.com/item.htm?id=953581834595&ns=1&abbucket=10&xxc=taobaoSearch&mi_id=0000GHjndD91B7izHrFdJS9uM6K2SEkGP47FsRcrgctr8zM&skuId=5874539784485
,,,,,,,,,,,,,
,,,,,,,,,,,,,
969840790688,WASSUP潮牌玩具小马印花T恤ins男女慵懒风藏青上衣夏季100%棉短袖,59.9,¥,,tb509769977,Wassup Hsube国潮牌店,,400+人付款,广东 揭阳,"退货宝, 48小时内发, 包邮",材质成分:棉100% | 版型分类:宽松型 | 面料:棉 | 图案:卡通动漫 | 适用性别:男女通用 | 适用人群:青少年,https://g-search3.alicdn.com/img/bao/uploaded/i4/i1/2217578233605/O1CN01BGrUT61cV8u4EmQSZ_!!2217578233605.jpg,//item.taobao.com/item.htm?id=969840790688&ns=1&abbucket=10&xxc=taobaoSearch&mi_id=00006iKSBYl_rQLdOldNMcbEA3Yncqx2kAbcBjE5AS0GnHI&skuId=6084845766721
967987266426,HNLY CLH蓝白刺绣个性拼色美式街头板鞋闪电鞋胖胖面包鞋休闲鞋,128.8,¥,券后价,钢面熊旗舰店,钢面熊旗舰店,,700+人付款,福建 泉州,"官方立减12%, 退货宝, 包邮",风格:休闲 | 鞋面材质:反毛皮 | 鞋跟高:低跟(小于3cm) | 款式:板鞋 | 鞋头款式:圆头 | 季节:春秋 | 品牌:钢面熊 | 功能:透气 | 适用对象:青年,https://g-search2.alicdn.com/img/bao/uploaded/i4/i3/2216934082615/O1CN01PNDBsO1VBio8AMnbk_!!4611686018427381815-0-item_pic.jpg,//detail.tmall.com/item.htm?id=967987266426&ns=1&abbucket=10&xxc=taobaoSearch&mi_id=0000lstmRjsig1QfmYZtc5C3NiBtnqGPJmIVkODx07hn1qQ&skuId=5949435885304
661641449340,bearbrick400%同款暴力熊摆件客厅轻奢潮玩偶电镀积木熊公仔手办,300,¥,券后价,2依依不舍2,Good times 心意屋,13年老店,1000+人付款,广东 佛山,"官方立减12%,  3期, 退货宝, 包邮, 公益宝贝",出售状态:现货 | ACG作品名:DC漫画系列 | 款式特点:关节可动 | 选购热点:暴力熊,https://g-search3.alicdn.com/img/bao/uploaded/i4/i1/603088008/O1CN01HiqMyp291iQa9C8SB_!!603088008.jpg,//item.taobao.com/item.htm?id=661641449340&ns=1&abbucket=10&xxc=taobaoSearch&mi_id=000086FjVP7LsUTuEP7LLMwJh0iF6dnLJhTOq5_Q1wNdkcw&skuId=4774338937827
1015352068030,WASSUP ERIKA棒球领扎染夹克男女款2026春季美式高街pu皮衣外套男,258,¥,券后价,纽哈顿传洋店,WASSUP ERIKA官方店,回头客9万,51人付款,福建 泉州,"官方立减12%, 48小时内发, 包邮",适用季节:春秋 | 适用性别:男女通用 | 基础风格:青春流行 | 功能:防风 | 品牌:WASSUP ERIKA,https://g-search2.alicdn.com/img/bao/uploaded/i4/i4/3270715789/O1CN012F4hIY1sdPwSlOlhz_!!3270715789.jpg,//item.taobao.com/item.htm?id=1015352068030&ns=1&abbucket=10&xxc=taobaoSearch&mi_id=0000vLb7pbxKnUmnzkPp4bnLsFqsAbWDlVGxfgTjm_63dPM&skuId=6184431455056
1016840011449,耐克空军一号af1全黑aj男鞋女款白黑武士鞋增高学生休闲AF1板鞋女,208,¥,,tb7494002592,严选体育  专注正品,,46人付款,北京,"24小时内发, 包邮",,https://g-search3.alicdn.com/img/bao/uploaded/i4/i2/2221626257399/O1CN017Ln7c324WnbxpGbT4_!!2221626257399.jpg,//item.taobao.com/item.htm?id=1016840011449&ns=1&abbucket=10&xxc=taobaoSearch&mi_id=0000qnosHp-qZRY0qoL0F-A9pHKyFujiLlO5p_F-_djJ-18&skuId=6026315972470
975759016095,王一博杨幂同款骨头鞋男鞋低帮黑白熊猫男款莆田正品板鞋运动女鞋,298,¥,,perry_du,AJ潮鞋运动馆,11年老店,17人付款,福建 莆田," 3期, 30天价保, 包邮",鞋面材质:二层牛皮（除牛反绒） | 风格:青春潮流 | 鞋跟高:平跟 | 款式:板鞋 | 鞋头款式:圆头 | 季节:春秋 | 品牌:费凯卓 | 功能:耐磨 | 适用对象:青年,https://g-search3.alicdn.com/img/bao/uploaded/i4/i2/1088894049/O1CN01CXy5jo1fmUl9bNXkY_!!1088894049.jpg,//item.taobao.com/item.htm?id=975759016095&ns=1&abbucket=10&xxc=taobaoSearch&mi_id=0000CA8VYBZcfX2IlbNKN9ltnqhRNSydRr3iAlleTaDZb_w&skuId=6093122582045
1019463664854,GOODBRAND M26SS 马年可爱发泡牛仔宝石轻奢时尚短袖T恤 男女同款,118,¥,,tb_6005271,GOOD服装线上店,,12人付款,广东 广州,"退货宝, 包邮",材质成分:棉100% | 版型分类:宽松型 | 面料:纯棉 | 适用性别:男女通用,https://g-search3.alicdn.com/img/bao/uploaded/i4/i2/743007079/O1CN01kIs6qH22AEs2TxhbQ_!!743007079.jpg,//item.taobao.com/item.htm?id=1019463664854&ns=1&abbucket=10&xxc=taobaoSearch&mi_id=0000Gy1kWM1axapPALUn96nt1DN6B3JBXlVqZsknzj9EXmg&skuId=6192916515375
959600014654,[法国轻奢]Lavon Vcitor黑色厚底溶解鞋春季潮牌百搭小众休闲板鞋,178,¥,券后价,tb30250025899,法国巴黎Lavon Vcitor线上品牌,,15人付款,北京,"官方立减12%, 48小时内发, 包邮",鞋面材质:头层牛皮（除牛反绒） | 风格:休闲 | 鞋跟高:中跟(3-5cm) | 款式:溶解鞋 | 鞋头款式:圆头 | 季节:春秋 | 功能:增高 | 适用对象:青年,https://g-search1.alicdn.com/img/bao/uploaded/i4/i4/2220261683116/O1CN01gDAULt1YtBGDt4PE0_!!2220261683116.jpg,//item.taobao.com/item.htm?id=959600014654&ns=1&abbucket=10&xxc=taobaoSearch&mi_id=0000JZaRH-Zp9hWYiD1qZROJ6zKIcM0T201YqlZL6ZXDc84&skuId=6187515858304
1018198033456,耐᷂克᷂aj男鞋aj1高帮黑摩卡空军一号黑曜石学生运动板鞋莆田女,148,¥,券后价,华亚体育888,华亚体育888,,14人付款,北京,"店铺满100减10, 包邮",,https://g-search1.alicdn.com/img/bao/uploaded/i4/i1/2218100582966/O1CN01cEAAT21XmTqkWMOG9_!!2218100582966.jpg,//item.taobao.com/item.htm?id=1018198033456&ns=1&abbucket=10&xxc=taobaoSearch&mi_id=0000MI_sPzlqBmlc9B3g33sJrAvi4j1wDNYsHt0osjy825Q&skuId=6027171493478
1014568867759,【德国&CHAWIARS】明星同款喷绘贝壳鞋2026新款大头鞋厚底板鞋男,358,¥,券后价,chawiars潮维士旗舰店,chawiars潮维士旗舰店,8年老店,2人付款,福建 莆田,"超级立减10%, 店铺满100减5, 退货宝, 包邮",风格:休闲 | 鞋面材质:织物 | 鞋跟高:中跟(3-5cm) | 款式:板鞋 | 鞋头款式:圆头 | 季节:春秋 | 功能:增高 | 适用对象:青年,https://g-search2.alicdn.com/img/bao/uploaded/i4/i2/3478352569/O1CN01dDCgUj1Uqec2NvlEL_!!4611686018427384505-0-item_pic.jpg,//detail.tmall.com/item.htm?id=1014568867759&ns=1&abbucket=10&xxc=taobaoSearch&mi_id=0000lRmY-1hI2clgVYxU6_FLAzCtQVHxhhLy3DnVb8CP2Ds&skuId=6187198490569
1011279642914,【潮玩爆款】生日礼物祖国版拉布拉布盲盒3.0毛绒公仔挂件玩偶,32.5,¥,券后价,tb119804663,tb119804663的小店80,,300+人付款,北京,包邮,,"https://g-search3.alicdn.com/img/bao/uploaded/i4/i3/2213750230601/O1CN01cAkSRD1GJJ9WGldng~crop,0,213,1280,1280~_!!2213750230601.jpg",//item.taobao.com/item.htm?id=1011279642914&ns=1&abbucket=10&xxc=taobaoSearch&mi_id=0000X4jm31Io9JCwLgB7s7loTjtfviTK2l9SvzGUv8M6jbA&skuId=6178523142681
816760230572,正品ESSENTIALS高街潮牌FOG秋冬宽松男女情侣植绒印帽衫外套卫衣,899,¥,券后价,zhaoqin201103,ESSENTIALS正品线上店,,800+人付款,浙江 宁波,"官方立减54元,  3期, 店铺满300减30, 退货宝, 48小时内发, 包邮, 公益宝贝",版型分类:宽松型 | 领型设计:连帽,https://g-search3.alicdn.com/img/bao/uploaded/i4/i1/973147473/O1CN018U0D4W254gn03cigj_!!973147473.jpg,//item.taobao.com/item.htm?id=816760230572&ns=1&abbucket=10&xxc=taobaoSearch&mi_id=0000V48SbKPQQb34a3bV0WQ4W3Xz7kBrg1Rv_PCpYCyOGv4&skuId=5686055903216
966310278558,会说话的汤姆猫鞋子男北卡蓝板鞋情侣2025春秋时尚休闲运动面包鞋,149,¥,券后价,talkingtom汤姆猫企业店,会说话的汤姆猫鞋类企业店,,1000+人付款,福建 泉州,"官方立减50元, 退货宝, ifashion, 48小时内发, 包邮",风格:青春潮流 | 鞋面材质:合成革 | 款式:板鞋 | 鞋头款式:圆头 | 季节:春秋 | 品牌:TALKING TOM/汤姆猫 | 功能:增高 | 适用对象:青年,https://g-search1.alicdn.com/img/bao/uploaded/i4/i2/2216720845106/O1CN018YhVXA1nabNmm1lvU_!!2216720845106.jpg,//item.taobao.com/item.htm?id=966310278558&ns=1&abbucket=10&xxc=taobaoSearch&mi_id=00007iiwyvl3n6Y6n5SYx25SzGCpkMZEH7Tm-nXwlLsM0UU&skuId=5865036997146
966853438318,小白鞋纽约洋基队休闲板鞋2025新款男女鞋夏季情侣增高运动厚底鞋,308,¥,券后价,鲁界旗舰店,鲁界旗舰店,回头客1万,1000+人付款,福建 莆田,"官方立减12%, 包邮",鞋面材质:头层牛皮（除牛反绒） | 风格:青春潮流 | 鞋跟高:中跟(3-5cm) | 款式:板鞋 | 鞋头款式:圆头 | 季节:春秋 | 品牌:鲁界 | 功能:耐磨 | 适用对象:青年,https://g-search2.alicdn.com/img/bao/uploaded/i4/i4/2201469344829/O1CN01kHD6I21lXjgr7IuHM_!!4611686018427386941-2-item_pic.png,//detail.tmall.com/item.htm?id=966853438318&ns=1&abbucket=10&xxc=taobaoSearch&mi_id=0000cZa1l1abO_tN9RRq7emYKY6ckQJJAtiqcHUROJaXnBA&skuId=5573431509278
,,,,,,,,,,,,,
969245470182,欧洲站秋冬季新款卫衣男欧货潮牌T恤修身墨镜小熊印花上衣长袖男,76.5,¥,首单价,迎南灵旗舰店,迎南灵旗舰店,,100+人付款,广东 广州,"官方立减12%, 直降4元, 淘金币已抵1.53元, 退货宝, 包邮",版型分类:宽松型 | 是否连帽:否 | 材质成分:棉100% | 适用性别:男女通用,https://g-search2.alicdn.com/img/bao/uploaded/i4/i2/2219815315822/O1CN01Q6v4Yl1ssWysCLJ97_!!4611686018427382126-0-item_pic.jpg,//detail.tmall.com/item.htm?id=969245470182&ns=1&abbucket=10&xxc=taobaoSearch&mi_id=0000trloEp0vTmaQynu5Miu9rGCkij9SLR44WUL6ps7o5d0&skuId=6083576222417
972334306099,it izzue无帽卫衣男涂鸦印花男生秋季上衣宽松多巴胺情侣装外套A,799,¥,券后价,it官方旗舰店,i.t 官方旗舰店,回头客7万,100+人付款,湖北 荆州,"官方立减12%, 退货宝, 包邮",面料:棉涤 | 版型分类:宽松型 | 领型设计:圆领 | 材质成分:棉85% | 适用性别:男,https://g-search3.alicdn.com/img/bao/uploaded/i4/i1/775836877/O1CN01OFxUpx20fipZFiINp_!!4611686018427385037-0-item_pic.jpg,//detail.tmall.com/item.htm?id=972334306099&ns=1&abbucket=10&xxc=taobaoSearch&mi_id=0000YQevX3rpM5lLI0-peqNuK0reBMDVnlvLK7X2gD0SL2A&skuId=6090391519536
1008410443538,潮流白色短袖T恤男夏季2026新款美式宽松半袖上衣ins潮牌港风体恤,6.9,¥,,xiaoyingchen0901,Kong`c小店,11年老店,55人付款,浙江 杭州,"淘金币已抵0.13元, 退货宝, 48小时内发, 包邮",版型分类:宽松型 | 面料:聚酯纤维（涤纶） | 图案:纯色 | 适用性别:男士 | 适用人群:情侣,https://g-search1.alicdn.com/img/bao/uploaded/i4/i1/884926975/O1CN01YARLgH21ObfsjTSVK_!!884926975.jpg,//item.taobao.com/item.htm?id=1008410443538&ns=1&abbucket=10&xxc=taobaoSearch&mi_id=0000-qjTsr8nQkFkECjXteQFoHx_cEUSjVdLR-aXXNWTEp0&skuId=6009263020659
963975042962,经典三杠白色德训鞋男女款春季真皮运动板鞋莆田百搭情侣休闲鞋潮,188,¥,券后价,忧伤的星座,老李莆田维一特极过检鞋匠低调做鞋,回头客1万,15人付款,福建 莆田,"官方立减12%, 48小时内发, 包邮, 公益宝贝",款式:运动休闲鞋 | 适用性别:男 | 品牌:H8,https://g-search2.alicdn.com/img/bao/uploaded/i4/i1/2207389996225/O1CN01zKyyWc1vr6d9W60kL_!!2207389996225.jpg,//item.taobao.com/item.htm?id=963975042962&ns=1&abbucket=10&xxc=taobaoSearch&mi_id=0000ctDLQH5jaW3nzIVkv2BLCVOP7c9F9K4MXqNb7s5fyIU&skuId=6026880904361
1012897760842,HNLY CLN联名蓝黑色个性情侣美式街头板鞋闪电鞋胖胖面包鞋休闲鞋,128.8,¥,券后价,钢面熊旗舰店,钢面熊旗舰店,,16人付款,福建 泉州,"官方立减12%, 退货宝, 包邮",风格:休闲 | 鞋面材质:超纤皮 | 鞋跟高:平跟 | 款式:板鞋 | 鞋头款式:圆头 | 季节:春秋 | 品牌:钢面熊 | 功能:透气 | 适用对象:青年,https://g-search1.alicdn.com/img/bao/uploaded/i4/i1/2216934082615/O1CN01RQ8zXO1VBipRJQ9Hm_!!4611686018427381815-0-item_pic.jpg,//detail.tmall.com/item.htm?id=1012897760842&ns=1&abbucket=10&xxc=taobaoSearch&mi_id=0000XO1l9bvFT4SDHs3XAnF2z1izbFiyxxYbI7wSEIVkdAw&skuId=6014080417189
1003768562385,【马年新品】国潮卫衣男士圆领秋冬季加绒潮牌宽松2026新款上衣服,129,¥,券后价,nozzy旗舰店,NOZZY旗舰店,,400+人付款,湖北 武汉,"官方立减12%, 包邮",面料:毛圈布 | 版型分类:宽松型 | 领型设计:圆领 | 是否连帽:否 | 材质成分:棉80.0% | 适用性别:男,https://g-search3.alicdn.com/img/bao/uploaded/i4/i1/2214409585262/O1CN01tOaoD11ok3D6n8gdM_!!4611686018427380334-0-item_pic.jpg,//detail.tmall.com/item.htm?id=1003768562385&ns=1&abbucket=10&xxc=taobaoSearch&mi_id=0000zn_ND_r0ran40Vxxebrs4n4YklIjMI6a4PxR_VDOlCk&skuId=5997130765700
1009257444288,香港潮牌美式街头痞帅黑色短袖印花T恤男ins重磅纯棉圆领上衣夏,179,¥,券后价,大韩衣品,香港潮牌GDMEN男装,,31人付款,福建 莆田,"超级立减10%,  3期, 退货宝, 48小时内发, 包邮",材质成分:棉100% | 版型分类:宽松型 | 适用体型:通用型 | 面料:棉 | 图案:字母 | 适用性别:男士 | 适用人群:青年,https://g-search2.alicdn.com/img/bao/uploaded/i4/i4/3056317987/O1CN01OeguWe28s6UZ2UaoR_!!3056317987.jpg,//item.taobao.com/item.htm?id=1009257444288&ns=1&abbucket=10&xxc=taobaoSearch&mi_id=0000RNvOewsVu6wyPzL_MEHqLtuRRumVDMQns1-ji_i06OM&skuId=6170931426049
977406709427,"""NO LOGO""闪电纹微喇牛仔裤男美式高街水洗宽松cleanfit秋季长裤",288,¥,券后价,道尚服饰,NO LOGO OFFICIAL,,200+人付款,广东 东莞,"退货宝, 48小时内发, 包邮",版型:宽松 | 面料:牛仔布 | 款式版型:宽松喇叭裤,https://g-search3.alicdn.com/img/bao/uploaded/i4/i2/2200677265937/O1CN016jis911tjCX5Rxto3_!!2200677265937.jpg,//item.taobao.com/item.htm?id=977406709427&ns=1&abbucket=10&xxc=taobaoSearch&mi_id=0000prXW7qbBayV0SJdEKUkUZRvG-VSDgWYToOhx5RwPRTY&skuId=5932366713913
924869243893,NewDecay X TBR 联名 02战斗牛王 雪花纹浅蓝水洗做旧直筒牛仔裤,399,¥,券后价,tb7975936558,NewDecay,回头客1万,1万+人付款,江苏 苏州,"官方立减12%, 淘金币已抵7.98元, ifashion, 包邮",,https://g-search3.alicdn.com/img/bao/uploaded/i4/i1/2213020058249/O1CN01xrjDXP2Ao6GJHIY22_!!2213020058249.jpg,//item.taobao.com/item.htm?id=924869243893&ns=1&abbucket=10&xxc=taobaoSearch&mi_id=0000IN25DPrZuG_xJimvhwGA2d9jn41Dd2l6-IP9Xr0Uxi0&skuId=5971741334811
857523174601,男鞋子潮鞋2025年面包鞋百搭滑板鞋港风爆款男鞋安哥拉红美式高街,68,¥,券后价,duchenglong007,梦星辰潮流鞋,13年老店,8000+人付款,浙江 温州,"官方立减12%,  3期, 退货宝, ifashion, 48小时内发, 包邮, 公益宝贝",风格:青春潮流 | 鞋面材质:复合材料 | 鞋跟高:平跟 | 款式:板鞋 | 鞋头款式:圆头 | 季节:春秋 | 功能:轻质 | 适用对象:青年,https://g-search3.alicdn.com/img/bao/uploaded/i4/i1/54884107/O1CN01w6P78d1gD3eke9bi3_!!54884107.jpg,//item.taobao.com/item.htm?id=857523174601&ns=1&abbucket=10&xxc=taobaoSearch&mi_id=00003Q06Yz_5GOpZDXYdh1D8DKUhMi3tjqWI0OszLEOoZx4&skuId=5835678723754
963263753033,【德国&CHAWIARS】小众星星面包鞋男女潮厚底大头德训鞋休闲板鞋,368,¥,券后价,chawiars潮维士旗舰店,chawiars潮维士旗舰店,8年老店,3人付款,福建 莆田,"店铺满100减5, 退货宝, 包邮",风格:休闲 | 鞋面材质:混合材质 | 鞋跟高:中跟(3-5cm) | 款式:板鞋 | 鞋头款式:圆头 | 季节:春秋 | 功能:增高 | 适用对象:青年,https://g-search3.alicdn.com/img/bao/uploaded/i4/i2/3478352569/O1CN019RflV01Uqec7DYQ3n_!!4611686018427384505-0-item_pic.jpg,//detail.tmall.com/item.htm?id=963263753033&ns=1&abbucket=10&xxc=taobaoSearch&mi_id=0000A3Lx1uOEIfBWtSJnG2W3QEk0ZJBByUD4Yj1L7Pt20cM&skuId=6191906759321
1013675023038,复古泼墨撞色印花珍珠圆领卫衣男2026春季新款宽松套头上衣潮牌,499,¥,券后价,有术服饰旗舰店,有术服饰旗舰店,,29人付款,浙江 杭州,"官方立减12%, 包邮",面料:棉布 | 是否连帽:否 | 适用性别:男,https://g-search3.alicdn.com/img/bao/uploaded/i4/i2/2217132414187/O1CN01t4l2MD1gnhRiyLgzK_!!4611686018427385067-0-item_pic.jpg,//detail.tmall.com/item.htm?id=1013675023038&ns=1&abbucket=10&xxc=taobaoSearch&mi_id=0000dh0KWx0F2Zd2t6qKAB0tTFov6R2NtrTXb6mwJhkZL3o&skuId=6185399706569
974298683763,查尔斯桃心 童趣项链涂鸦印花短袖t恤男夏季情侣烫金满天星半袖,199,¥,,查尔斯桃心服饰旗舰店,查尔斯桃心服饰旗舰店,回头客3万,44人付款,福建 泉州,"已补30元, 48小时内发, 包邮",材质成分:棉100% | 版型分类:宽松型 | 面料:纯棉 | 适用性别:男女通用 | 适用人群:青少年,https://gw.alicdn.com/imgextra/O1CN017q4Tk32DXYoNqZbkJ_!!2207622958619-0-picasso.jpg,//detail.tmall.com/item.htm?id=974298683763&ns=1&abbucket=10&xxc=taobaoSearch&fpChannel=101&fpChannelSig=aece81f750b0c2fb6fcb20d83ea008e5c32761ca&mi_id=0000nu-8iDtVH8lkir_xrZJ1CucSwnzJsYO6DRZxab7ptHI&skuId=6026341995406
927497393073,小众帆布鞋男女2025新款秋季休闲米奇大头板鞋丑萌厚底运动潮鞋子,168,¥,券后价,caolihua484,城跑者,8年老店,100+人付款,福建 泉州," 3期, 退货宝, 48小时内发, 包邮",鞋帮高度:低帮 | 鞋面材质:帆布 | 鞋跟高度:中跟(3-5cm) | 鞋头款式:圆头 | 闭合方式:系带 | 图案:拼色 | 功能:增高 | 品牌:AAL,https://g-search3.alicdn.com/img/bao/uploaded/i4/i1/714646232/O1CN01GYVcO71vuJM5TmcX4_!!714646232.jpg,//item.taobao.com/item.htm?id=927497393073&ns=1&abbucket=10&xxc=taobaoSearch&mi_id=0000dp40UETphQRYGDXZEDJ3uIerljKqlloHl3UfG8Slyks&skuId=5868992045221
973229843523,正版可爱史迪仔包包挂件毛绒公仔玩偶小众高级感装饰书包挂饰礼物,120,¥,券后价,北岛没有风,胡噜胡噜毛绒铺,,100+人付款,山东 临沂,"退货宝, 48小时内发, 包邮",,https://g-search2.alicdn.com/img/bao/uploaded/i4/i1/2977310250/O1CN01qizN7R1DiY8GeL21y_!!2977310250.jpg,//item.taobao.com/item.htm?id=973229843523&ns=1&abbucket=10&xxc=taobaoSearch&mi_id=0000GsEA1HvdZavSmVEC2FtASgexQg6bkzE-xHScahhrZfg&skuId=6010777365336
1005219022117,纽约洋基队灰色学长鞋男鞋莆田冬季男鞋情侣厚底运动休闲板鞋女款,255,¥,券后价,椰子旗舰店,椰子旗舰店,回头客1万,100+人付款,福建 莆田,包邮,鞋面材质:牛皮 | 风格:青春潮流 | 款式:板鞋 | 鞋头款式:圆头 | 季节:冬季 | 品牌:椰子 | 功能:增高 | 适用对象:青年,https://g-search1.alicdn.com/img/bao/uploaded/i4/i3/2200782223448/O1CN01rEu4ts1bLEkXA3Grh_!!4611686018427385944-0-item_pic.jpg,//detail.tmall.com/item.htm?id=1005219022117&ns=1&abbucket=10&xxc=taobaoSearch&mi_id=0000YQDuFquxTpZvfeaDU5KOADUbllvKuA2g1EapGp3-xNI&skuId=6000724257153
1010244755841,「新年盲盒」自主品牌499盲盒 不退不换/买两个送腰带备注尺码,499,¥,,tb4814962304,教父made,,36人付款,广东 佛山,,款式:休闲皮鞋 | 鞋头款式:圆头 | 品牌:0001,https://g-search1.alicdn.com/img/bao/uploaded/i4/i1/2206813414132/O1CN01f60fDn1gOVf11wxGL_!!2206813414132.jpg,//item.taobao.com/item.htm?id=1010244755841&ns=1&abbucket=10&xxc=taobaoSearch&mi_id=0000E9Q2bHBEZaCYqqB9cuK2Lqib__Wu-GPJtj3CdlmXW4c&skuId=6177864310991
993792323658,NASA联名复古花卉印花圆领卫衣2025新款时尚百搭松弛感慵懒风上衣,118,¥,券后价,tb2756449859,NASA奥特莱联名店,,17人付款,广东 潮州,"超级立减10%, 48小时内发, 包邮",面料:棉质面料 | 版型分类:宽松型 | 领型设计:圆领 | 是否连帽:否 | 适用性别:男女通用,https://g-search3.alicdn.com/img/bao/uploaded/i4/i1/2213776641680/O1CN01DbR7A91OHUUmuE18A_!!2213776641680.jpg,//item.taobao.com/item.htm?id=993792323658&ns=1&abbucket=10&xxc=taobaoSearch&mi_id=0000wQ4Am_e22zaNzHVGYrAns5Ol6hCLRgpZyE1UQLeLO64&skuId=6139275739899
966796096056,小野熊hirono专属配色挂绳高级定制刻字公仔挂件包包挂饰车钥匙扣,38,¥,券后价,tb704706948394,HEYWHALE,,5000+人付款,广东 广州,"官方立减12%, 退货宝, 48小时内发, 包邮",,https://g-search2.alicdn.com/img/bao/uploaded/i4/i3/2217627919092/O1CN01NwerSh2H2C6BNWpEk_!!2217627919092.jpg,//item.taobao.com/item.htm?id=966796096056&ns=1&abbucket=10&xxc=taobaoSearch&mi_id=00008pI7IaIStydWumW8xqE9NZPQ5sU0vtdbOXomE6-wZA8&skuId=6016836666043
1013044809979,查尔斯桃心2026新款纯棉短袖T恤男夏季小马印花休闲潮流情侣上衣,329,¥,券后价,查尔斯桃心服饰旗舰店,查尔斯桃心服饰旗舰店,回头客3万,1人付款,福建 泉州,"超级立减15%, 包邮",材质成分:棉100.0% | 版型分类:标准 | 适用体型:通用型 | 面料:棉 | 图案:爱心 | 适用性别:男女通用 | 适用人群:青年,https://gw.alicdn.com/imgextra/O1CN01NXP49B2DXYoS0PS6N_!!2207622958619-0-picasso.jpg,//detail.tmall.com/item.htm?id=1013044809979&ns=1&abbucket=10&xxc=taobaoSearch&mi_id=0000R8Qy9_Un791jnd8lBchFub7aZXz6ineAiyzf-DCHyxg&skuId=6014761236485
633528986600,芝麻街kaws联名卫衣加绒韩版女宽松上衣冬季男女情侣装外套ing潮,35,¥,券后价,杜加雄,Q萌潮装T恤,11年老店,0人付款,广东 汕头,"淘金币已抵1.75元, 包邮",厚薄:加厚 | 款式:套头 | 领子:圆领 | 服装版型:宽松型,https://g-search3.alicdn.com/img/bao/uploaded/i4/i1/1912917611/O1CN01P1YNhA265t69khlw6_!!1912917611.jpg,//item.taobao.com/item.htm?id=633528986600&ns=1&abbucket=10&xxc=taobaoSearch&mi_id=0000Gyp5ESuZBVUQ6PnL9dGIvtrmbD2fucyMS027KE4lkKs&skuId=4520530868723
998698756639,kaws公仔联名芝麻街长袖T恤男2025新款打底衫秋季宽松休闲衣服潮,87.77,¥,券后价,迈铁旗舰店,迈铁旗舰店,,0人付款,江西 南昌,"官方立减12%, 包邮",材质成分:棉100% | 版型分类:宽松型 | 适用体型:通用型 | 面料:棉 | 图案:卡通动漫 | 适用性别:男女通用 | 适用人群:青少年,https://g-search3.alicdn.com/img/bao/uploaded/i4/i3/2212054028593/O1CN01U8JtIH2DLeV5fIjdm_!!4611686018427384113-0-item_pic.jpg,//detail.tmall.com/item.htm?id=998698756639&ns=1&abbucket=10&xxc=taobaoSearch&mi_id=0000L77Z0TxVtIJh_qcvfFJys2sEd5tfqyuuFthix7szstg&skuId=6145912755784
972844744184,KAWS版画Blame Game潮流客厅工作室装饰画 Kaws整套艺术装饰画,298,¥,券后价,雅雅雅雅雅520,CHAOHO潮货潮流版画,6年老店,2人付款,江苏 南京,"官方立减12%, 包邮, 公益宝贝",画框材质:铝合金 | 画芯材质:无酸纸 | 适用空间:客厅 | 风格匹配:多巴胺风格 | 装裱方式:有框 | 是否带框:有框,https://g-search2.alicdn.com/img/bao/uploaded/i4/i3/699260908/O1CN016iH57q1IZukHce2B6_!!699260908.jpg,//item.taobao.com/item.htm?id=972844744184&ns=1&abbucket=10&xxc=taobaoSearch&mi_id=0000wSvW7HzTs_kvq-w_L2fIyN0WY5pp3MIKmurMwJz2SEI&skuId=4354576437980
966461473953,潮牌地垫kaws芝麻街复古街头风家用卧室电脑转椅鼓垫防滑吸水地毯,65,¥,券后价,hydel666,布造,16年老店,0人付款,天津,"官方立减12%, 淘金币已抵1.3元, 退货宝, 包邮",材质:混纺 | 清洗方式:可手洗 | 适用场景:家用,https://g-search3.alicdn.com/img/bao/uploaded/i4/i3/37320472/O1CN0112aNrd1FMDYDscA3V_!!37320472-0-lubanu-s.jpg,//item.taobao.com/item.htm?id=966461473953&ns=1&abbucket=10&xxc=taobaoSearch&mi_id=0000LdtCwfXBTFuo9wilGwH-3r_SrIiPonqNMHLzjGkbcqQ&skuId=4039408189055
627125452401,现代创意kaws芝麻街卡通公仔雕塑人物大摆件户外商场落地软装推荐,119,¥,,jhon13672778232,KD家居饰品馆,6年老店,3人付款,广东 中山,,表面工艺:纯手工 | 主体材质:卡通 | 摆放方式:落地,https://g-search3.alicdn.com/img/bao/uploaded/i4/i4/824810032/O1CN01qIjKDh1C6hiY4PqIH_!!824810032.jpg,//item.taobao.com/item.htm?id=627125452401&ns=1&abbucket=10&xxc=taobaoSearch&mi_id=0000VadveVcjFRlVwjoP_NKh0Y5HeShClSW3m3FtYhN4uW0&skuId=5926381490486
998214945748,kaws公仔联名芝麻街长袖T恤男2025新款春秋款宽松衣服潮牌打底衫,87.77,¥,券后价,栗子羊羊旗舰店,栗子羊羊旗舰店,,0人付款,江西 南昌,"官方立减12%, 包邮",材质成分:棉100% | 版型分类:宽松型 | 适用体型:通用型 | 面料:棉 | 图案:卡通动漫 | 适用性别:男女通用 | 适用人群:青少年,https://g-search3.alicdn.com/img/bao/uploaded/i4/i3/2218508559691/O1CN01SGoVzH2LSXNfFCAKf_!!4611686018427381067-0-item_pic.jpg,//detail.tmall.com/item.htm?id=998214945748&ns=1&abbucket=10&xxc=taobaoSearch&mi_id=0000l_sIgEJii0W_B0ljSe0J1jqBCBj7_1d7cVQbmhlxY6I&skuId=6146507439513
675302387603,kaws挂画儿童房潮牌动漫公仔暴力熊墙上壁画客厅入户玄关装饰画,72,¥,券后价,闽北特产商行,海宜风格家居馆 Haye Style House,8年老店,0人付款,河南 郑州,"官方立减12%, 淘金币已抵1.08元, 退货宝, 包邮",画芯材质:油画布 | 图案主题:卡通动漫 | 适用空间:儿童房 | 风格匹配:现代简约 | 装裱方式:有框,https://g-search3.alicdn.com/img/bao/uploaded/i4/i2/2884013735/O1CN01xr7T9g1dSg3ucIXRQ_!!2884013735.jpg,//item.taobao.com/item.htm?id=675302387603&ns=1&abbucket=10&xxc=taobaoSearch&mi_id=0000RKbz1nb_WT8QudWh0m4u8SH-WM_X0Yu7RIeb4j8oKnk&skuId=4851350140533
959471358438,电视墙kaws入户玄关暴力熊装饰画带灯窄长条挂画背景衣柜走廊竖版,69,¥,券后价,lvht756,亚亚画坊,,17人付款,河北 邢台,"官方立减12%, 退货宝, 包邮",画芯材质:油画布 | 图案主题:动物 | 适用空间:玄关 | 风格匹配:奶油风 | 装裱方式:无框 | 是否带框:无框,https://g-search1.alicdn.com/img/bao/uploaded/i4/i4/2583790169/O1CN01FHr1vE1D7RyliMOaA_!!2583790169.jpg,//item.taobao.com/item.htm?id=959471358438&ns=1&abbucket=10&xxc=taobaoSearch&mi_id=0000e2YH2HHquQAVnCs2oQF2XEWOPeNrBryBTGaWrnL6W5s&skuId=5759720812702
715301243276,北欧小清新卡通潮牌Kaws芝麻街现代简约客厅儿童房艺术装饰画壁画,7,¥,券后价,冷言冷语冷心0,绘声绘色画艺,,0人付款,河南 洛阳,"官方立减12%, 包邮",画芯材质:油画布 | 图案主题:卡通动漫 | 适用空间:客厅 | 风格匹配:现代简约 | 装裱方式:无框 | 是否带框:无框,https://g-search3.alicdn.com/img/bao/uploaded/i4/i3/1730889102/O1CN01ctQjp62H6lpTsOsbI_!!1730889102.jpg,//item.taobao.com/item.htm?id=715301243276&ns=1&abbucket=10&xxc=taobaoSearch&mi_id=0000rYW1KCcdDmtltpoiyJPwC6s8h5jJai-gT7RlvteuGig&skuId=5002899301138
967812731291,潮牌KAWS暴力熊适用iphone14手机壳13promax个性12pro苹果11硅胶xs/max男士XR软壳X/8plus新款7/se3/2防摔6s,38,¥,,花派数码店,花派数码店,6年老店,22人付款,广东 深圳,包邮,保护套质地:硅胶 | 适用手机型号:iPhone X | 风格:个性 | 适用手机机型:Apple/苹果 | 品牌:花派,https://g-search3.alicdn.com/img/bao/uploaded/i4/i3/2201275165761/O1CN01OcROw21sQaY9zR7yA_!!0-item_pic.jpg,//item.taobao.com/item.htm?id=967812731291&ns=1&abbucket=10&xxc=taobaoSearch&mi_id=0000Uywb-tRNoK5NccwmcrPsNR4As0MPQKELlaQPrwKcnoY&skuId=4955555468197
872846348379,潮玩公仔摆件海港城手办玩偶暴力熊积木熊玩具潮流sz-sujiao-kaws,59.8,¥,,梅梅店铺030,梅梅摆件店铺4,,11人付款,广东 广州,包邮,,https://g-search3.alicdn.com/img/bao/uploaded/i4/i4/2219123661767/O1CN01ODyigX1OvKsHC5I0W_!!2219123661767.jpg,//item.taobao.com/item.htm?id=872846348379&ns=1&abbucket=10&xxc=taobaoSearch&mi_id=0000jIyBlN02jglSKIaZ6cHuXLlXgYP6zCC0ufCvcXocw3k&skuId=5872481818142
661071996877,潮玩kaws公仔暴力熊落地电视柜台面客厅样板房乔迁送礼家居大摆件,116,¥,券后价,欧梦境艺旗舰店,欧梦境艺旗舰店,,0人付款,广东 潮州,"官方立减12%, 退货宝, 包邮",适用空间:客厅 | 主体材质:树脂 | 主题风格:轻奢风,https://g-search2.alicdn.com/img/bao/uploaded/i4/i2/2212600435037/O1CN01oGWYB01n4zhtsb8y9_!!0-item_pic.jpg,//detail.tmall.com/item.htm?id=661071996877&ns=1&abbucket=10&xxc=taobaoSearch&mi_id=0000k1NXWFUZKmKzNm2EOmo85HF9KaBA2fTuxm7WQm53jZU&skuId=4768412160323
589398153300,客厅地毯茶几毯北欧ins卧室床边毯衣帽间家用kaws网红潮牌地毯垫,96,¥,券后价,赵梓睿888,杰艺地毯 品牌特卖,10年老店,4人付款,天津,"官方立减12%, 淘金币已抵1.44元, 包邮, 公益宝贝",清洗类型:可机洗 | 适用空间:厨房 | 形状:长方形 | 风格:欧美,https://g-search3.alicdn.com/img/bao/uploaded/i4/i1/2679663119/O1CN01qXXB9s1YuXpwrCh81_!!2679663119.jpg,//item.taobao.com/item.htm?id=589398153300&ns=1&abbucket=10&xxc=taobaoSearch&mi_id=0000svm5Npxjqh4ylx1aNkEmyoVNYfJrlw5G7L8MjWr6wYo&skuId=4198170142219
959988279319,NASA kaws公仔联名芝麻街卫衣男圆领秋冬二次元周边衣服加绒外套,110,¥,券后价,栗子羊羊旗舰店,栗子羊羊旗舰店,,0人付款,江西 南昌,"官方立减12%, 包邮",克重范围:21g | 面料:棉涤 | 版型分类:宽松型 | 领型设计:圆领 | 是否连帽:是 | 适用性别:男,https://g-search2.alicdn.com/img/bao/uploaded/i4/i3/2218508559691/O1CN01yyzLSC2LSXNfi2N1p_!!4611686018427381067-0-item_pic.jpg,//detail.tmall.com/item.htm?id=959988279319&ns=1&abbucket=10&xxc=taobaoSearch&mi_id=0000v_YZ_2PcGilFGHziMhbIhKo3ejNAbiovLz_HgB3n4JY&skuId=6145986002408
,,,,,,,,,,,,,
,,,,,,,,,,,,,
975543373689,海港城kaws摆件暴力熊手办公仔考斯捂脸星战芝麻玩偶客厅桌面摆件,29.96,¥,,tb262702029417,哇哇奇思妙想,,1人付款,浙江 金华,包邮,,https://g-search3.alicdn.com/img/bao/uploaded/i4/i3/2218633046899/O1CN01RYuTRQ20pnXzefCg8_!!2218633046899.jpg,//item.taobao.com/item.htm?id=975543373689&ns=1&abbucket=10&xxc=taobaoSearch&mi_id=0000qPjwbf4UqiE70QoMmwORB8zXJ9OUXYt6M2mMUS9yt_I&skuId=5929170117323
1014576904551,潮牌kaws挂画创意现代简约公仔六边形客厅装饰画卧室个性蜂巢壁画,58,¥,券后价,asdsaacxzx,大演数码甄选,,0人付款,河南 郑州,"店铺满50减20, 包邮",画芯材质:油画布 | 图案主题:卡通动漫 | 适用空间:客厅 | 风格匹配:现代简约 | 装裱方式:有框,https://g-search3.alicdn.com/img/bao/uploaded/i4/i3/2219509633885/O1CN01mZ8GfG1eZNpjFV2SF_!!2219509633885.jpg,//item.taobao.com/item.htm?id=1014576904551&ns=1&abbucket=10&xxc=taobaoSearch&mi_id=0000btKoUs7DS-TY8TuFeMTrfxRok3ZwDCK-bWmP3ugcx70&skuId=6017518589647
910159160760,KAWS潮牌卡通芝麻街长条枕头卧室宿舍睡觉枕头男女枕头一套,14.99,¥,,tb308331088,汐墨有品,,0人付款,浙江 温州,包邮,,https://g-search3.alicdn.com/img/bao/uploaded/i4/i1/2200817653846/O1CN016FgM211eHWN1e4JB5_!!4611686018427385942-0-item_pic.jpg,//item.taobao.com/item.htm?id=910159160760&ns=1&abbucket=10&xxc=taobaoSearch&mi_id=0000vzYl9DO3tehW3cQn9qGYFxhJVCRj78lAg2f7nmxPa6Q&skuId=6128151255071
974802532852,kaws公仔联名芝麻街连帽卫衣男秋季宽松衣服加绒加厚外套2025新款,87.78,¥,券后价,南酸旗舰店,南酸旗舰店,,2人付款,江西 南昌,"超级立减10%, 包邮",克重范围:20g | 面料:棉涤 | 版型分类:宽松型 | 领型设计:连帽 | 是否连帽:是 | 适用性别:男,https://g-search2.alicdn.com/img/bao/uploaded/i4/i3/2218988005120/O1CN01tlGeht1nh0xo9Y7QV_!!4611686018427381504-0-item_pic.jpg,//detail.tmall.com/item.htm?id=974802532852&ns=1&abbucket=10&xxc=taobaoSearch&mi_id=0000TIlWybhiveGKDRtk5vhNPj1NDo0cPlqf4pg8t4N5CPE&skuId=5978704872539
785436088468,暴力熊积木熊kaws双肩背包初高中学生书包大容量电脑包小众包潮酷,85,¥,券后价,tb855137769,潮流精选箱包,,1人付款,广东 广州,"淘金币已抵2.55元, 退货宝, 包邮",外部材质:尼龙 | 图案:纯色 | 适用人群:青年,https://g-search2.alicdn.com/img/bao/uploaded/i4/i1/2212744562919/O1CN01aqToBU1XQx47i1cPX_!!2212744562919.jpg,//item.taobao.com/item.htm?id=785436088468&ns=1&abbucket=10&xxc=taobaoSearch&mi_id=0000lHyGk8gKgHitpTlB7o73534T7i6HUIf5rvSn6cK4Pwg&skuId=5531651898152
673606362466,网红暴力熊坐姿摆件kaws芝麻街捂脸公仔玩偶客厅装饰品轻奢落地,368,¥,券后价,夏宇q工作室,馨心苑装饰,6年老店,100+人付款,广东 潮州,"官方立减12%, 退货宝, 包邮",主体材质:卡通 | 摆放方式:落地,https://g-search1.alicdn.com/img/bao/uploaded/i4/i2/2583610278/O1CN01t6Fb2k1DvMy4ggZ4c_!!2583610278.jpg,//item.taobao.com/item.htm?id=673606362466&ns=1&abbucket=10&xxc=taobaoSearch&mi_id=0000wCIcwJeEYE24-jc0bzMfVc5aMxLUAkp-bm7LB0Tp1B4&skuId=4912460513995
957838034874,kaws挂画创意潮牌布艺现代简约挂毯卧室客厅儿童房装饰画卡通壁画,89,¥,券后价,totemsht,十八藏,9年老店,0人付款,江西 上饶,"官方立减12%, 淘金币已抵0.8元, 退货宝, 包邮",材质:混纺 | 风格:简约现代 | 产地:中国大陆,https://g-search3.alicdn.com/img/bao/uploaded/i4/i2/2973807485/O1CN01OxfpwV25AB6dkXO5S_!!2973807485.jpg,//item.taobao.com/item.htm?id=957838034874&ns=1&abbucket=10&xxc=taobaoSearch&mi_id=0000fRONxgqoblPX5pt-i74lkqWW43p3uHR6JY66euUIRus&skuId=4205922045360
963751275275,kaws潮牌客厅装饰画现代简约沙发背景墙挂画暴力熊联名公仔三联画,239.4,¥,券后价,tb112548532156,苔色上画墙,,7人付款,河南 商丘,"淘金币已抵1.43元, 包邮",图案主题:抽象 | 风格匹配:现代简约,https://g-search2.alicdn.com/img/bao/uploaded/i4/i4/2218392549283/O1CN01KpxwAs2IRfnCQG6B6_!!2218392549283.jpg,//item.taobao.com/item.htm?id=963751275275&ns=1&abbucket=10&xxc=taobaoSearch&mi_id=0000sBjqCZrGo5dWkQHHzARaNc4fU0iE6oAUKV2M4ev-E-Q&skuId=6004512881278
918424577097,潮流暴力熊客厅装饰画kaws跑车主题电竞房间挂画男孩卧室床头壁画,68,¥,券后价,恒麟旗舰店,恒麟旗舰店,5年老店,0人付款,河南 商丘,"淘金币已抵2.04元, 退货宝, 上门安装, 包邮",材质:水晶 | 图案主题:卡通动漫 | 适用空间:客厅 | 风格匹配:个性 | 装裱方式:有框,https://g-search1.alicdn.com/img/bao/uploaded/i4/i3/2208630234791/O1CN01u2BNvI1lGKNdwiaq5_!!0-item_pic.jpg,//detail.tmall.com/item.htm?id=918424577097&ns=1&abbucket=10&xxc=taobaoSearch&mi_id=0000SIngwCn26oL447GhViHsSPT3K5kLfR3PcAR7i3n8XtQ&skuId=5169516287628
718591764496,孤品清仓电视柜落地kaws暴力熊新房客厅家居装饰品高级感摆件轻奢,425,¥,券后价,顾居家居旗舰店,顾居家居旗舰店,12年老店,3人付款,浙江 金华,"官方立减12%,  3期, 淘金币已抵1.26元, 退货宝, 包邮",主体材质:人物 | 表面工艺:电镀,https://g-search2.alicdn.com/img/bao/uploaded/i4/i1/1881524942/O1CN01AOpq1V1mNUCD9AnpS_!!0-item_pic.jpg,//detail.tmall.com/item.htm?id=718591764496&ns=1&abbucket=10&xxc=taobaoSearch&mi_id=0000MVrWP1ToeJYx2dyP2slo0uQQFD9OQP4jN1uNm50FaRg&skuId=5015110857782
922421504544,现货kaws公仔8寸小原型kaws潮玩公仔手办玩具,36,¥,,七淘八拣,毛血旺の研究院,9年老店,4人付款,北京,包邮,出售状态:现货 | 适用年龄:14周岁以上,https://g-search3.alicdn.com/img/bao/uploaded/i4/i4/1676165040/O1CN01PFGlk71n6MsX3HWBk_!!1676165040.jpg,//item.taobao.com/item.htm?id=922421504544&ns=1&abbucket=10&xxc=taobaoSearch&mi_id=0000fre-2dcAJJh__hFHq3QQTPacRQj-oKYil2N9YL3r3B4&skuId=5740656670854
670193882147,kaws挂画潮牌流卡通动漫客厅装饰画沙发背景墙房间卧室儿童房壁画,256,¥,券后价,宇贤旗舰店,宇贤旗舰店,,0人付款,河南 商丘,"店铺满100减30, 淘金币已抵6.4元, 退货宝, 上门安装, 破损包退, 包邮",图案主题:卡通动漫 | 适用空间:客厅 | 风格匹配:现代简约 | 装裱方式:有框 | 画芯材质:布纹膜,https://g-search2.alicdn.com/img/bao/uploaded/i4/i1/2211609531616/O1CN01QiYCb31NoAmqI0HuB_!!0-item_pic.jpg,//detail.tmall.com/item.htm?id=670193882147&ns=1&abbucket=10&xxc=taobaoSearch&mi_id=0000kTA9knO8RPm8Vw7L9dZZ-Yf0fphD3aU2PSdt7sZeHa0&skuId=4818630544780
680522707615,网红潮玩芝麻街kaws公仔暴力熊大摆件酒店客厅样板房落地装饰雕塑,340,¥,券后价,十上家居饰品,广州十上家居,,3人付款,广东 中山,"官方立减12%, 店铺满100减20, 淘金币已抵6.8元, 退货宝, 包邮",主体材质:卡通 | 表面工艺:半手工,https://g-search2.alicdn.com/img/bao/uploaded/i4/i4/2210983912510/O1CN0167CuUX1UPctgAS1qm_!!2210983912510.jpg,//item.taobao.com/item.htm?id=680522707615&ns=1&abbucket=10&xxc=taobaoSearch&mi_id=0000vPYP0bJEJPSurjs1GF6wGGebD4-7YZBqrIPTUqwzm6E&skuId=4877932353497
789851976051,kaws挂画暴力熊装饰画长条现代简约主卧室床头客厅沙发背景墙壁画,156,¥,券后价,zhongchongxuan,艺尚格家居,9年老店,4人付款,四川 成都,"官方立减12%, 淘金币已抵1.74元, 退货宝, 上门安装, 包邮",画芯材质:烤瓷晶瓷 | 图案主题:卡通动漫 | 适用空间:客厅 | 风格匹配:现代简约 | 装裱方式:有框,https://g-search3.alicdn.com/img/bao/uploaded/i4/i3/1952385879/O1CN01uEM6F91tIdQH5V05R_!!1952385879.jpg,//item.taobao.com/item.htm?id=789851976051&ns=1&abbucket=10&xxc=taobaoSearch&mi_id=0000wgTiS8T_giaRX0whe7yJXUzbb03B1R4xqdRZCdL_6mI&skuId=5558010454943
,,,,,,,,,,,,,
857078865693,kaws挂画暴力熊客厅装饰画潮流创意玄关卧室床头挂画现代简约壁画,12.8,¥,券后价,冬芮电商,冬芮电商的小店46,,0人付款,河南 商丘,"淘金币已抵0.64元, 包邮",图案主题:卡通动漫 | 适用空间:客厅 | 风格匹配:现代简约 | 装裱方式:有框 | 画芯材质:布纹膜,https://g-search3.alicdn.com/img/bao/uploaded/i4/i1/2216894343068/O1CN01CPZJEy1YXC8vOujJY_!!4611686018427381660-0-item_pic.jpg,//item.taobao.com/item.htm?id=857078865693&ns=1&abbucket=10&xxc=taobaoSearch&mi_id=0000UyQ6qCOfgsHlBEi3dMX8qwN--Cm74OPcq3r8gWn96Ys&skuId=5665721321925
677506312233,KAWS芝麻街卡贴潮牌个性潮流图案定制公交卡饭卡学生水卡水晶贴纸,8.8,¥,券后价,旭日印务,制作卡贴耗材店,8年老店,4人付款,江苏 南京,"店铺满8减1, 包邮",,https://g-search1.alicdn.com/img/bao/uploaded/i4/i4/2933956022/O1CN01KEeDur1uM7s1Hz8Je_!!2933956022.jpg,//item.taobao.com/item.htm?id=677506312233&ns=1&abbucket=10&xxc=taobaoSearch&mi_id=0000aqEKCeHAqoF9cgnsyz2mKSjAnz7KGGaF1DQZzGtNQwQ&skuId=5041693627483
613150034447,Mand kaws匹诺曹公仔潮玩手办摆件 玩偶模型居家装饰桌面玩具组合,88,¥,券后价,qq624153323,新潮舍,6年老店,7人付款,广东 深圳,"店铺满88减3, 淘金币已抵2.64元, 退货宝, 包邮, 公益宝贝",出售状态:现货 | 款式特点:关节可动,https://g-search1.alicdn.com/img/bao/uploaded/i4/i4/2322961302/O1CN01sk2WWH1LUMGU6eOP9_!!2322961302.jpg,//item.taobao.com/item.htm?id=613150034447&ns=1&abbucket=10&xxc=taobaoSearch&mi_id=0000tcxZLihKjwvoUL9oiRVoYqJ0cdiSpfb0By_qndqEJ_U&skuId=4516557149354
609833997856,【MR夹子】潮牌kaws公仔周边挂件 法羊皮手工制作 钥匙 包挂饰,128,¥,券后价,小山贰号,MR夹子,7年老店,19人付款,山西 太原,"官方立减12%, 退货宝, ifashion, 包邮",,https://g-search2.alicdn.com/img/bao/uploaded/i4/i1/3820140855/O1CN016Ee8VW1IBdDN6BVkc_!!3820140855.jpg,//item.taobao.com/item.htm?id=609833997856&ns=1&abbucket=10&xxc=taobaoSearch&mi_id=0000kZ7GJzIHtntn_C1WJhIQW0VAqaoqhnc4EQ-ZtLj1UXY&skuId=4456270630087
782435714787,自粘墙贴纸贴画潮牌KAWS暴力熊装饰画卧室床头客厅沙发背景墙壁纸,9.6,¥,券后价,安娜19900418,凯迪罗兰壁纸墙布壁画自粘装饰画,10年老店,200+人付款,上海,"店铺满8减2, 淘金币已抵0.28元, 包邮, 公益宝贝",图案主题:卡通动漫 | 适用空间:通用 | 风格匹配:潮流 | 装裱方式:无框 | 画芯材质:PVC,https://g-search1.alicdn.com/img/bao/uploaded/i4/i1/2534299106/O1CN01l138s02H8bWNPE3PB_!!2534299106.jpg,//item.taobao.com/item.htm?id=782435714787&ns=1&abbucket=10&xxc=taobaoSearch&mi_id=0000H3rDCi-I5nrxXa8haWPIw4sbtgnrEjecfhtwmyNnCPQ&skuId=5342348764087
795423858221,潮牌芝麻街KAWS法兰绒毛毯幼儿园儿童毯宿舍午睡毯办公室空调毯子,45.8,¥,券后价,tb77876555,后起之秀布艺,,6人付款,浙江 金华,"店铺满10减5, 退货宝, 48小时内发, 包邮, 公益宝贝",毯类型:法兰绒毛毯 | 使用场景:通用 | 风格:卡通 | 图案:卡通动漫 | 毯面材质:法兰绒,https://g-search3.alicdn.com/img/bao/uploaded/i4/i4/3585170065/O1CN01fYvMgN1CLohV3VbHD_!!3585170065.jpg,//item.taobao.com/item.htm?id=795423858221&ns=1&abbucket=10&xxc=taobaoSearch&mi_id=0000DKIT4gVCuvDaRtolLt--b4ir0ShfiDLIFz7MH0Akhuw&skuId=5429214929111
859906102779,潮牌暴力熊装饰画玄关潮流网红捂脸芝麻街客厅沙发背景墙壁画,17.8,¥,券后价,张海波06817x,海博家居壁画,,14人付款,浙江 金华,"官方立减12%, 淘金币已抵0.53元, 退货宝, 包邮, 公益宝贝",适用空间:客厅 | 风格匹配:潮流 | 装裱方式:无框 | 是否带框:无框 | 画框材质:塑料 | 画芯材质:PP纸,https://g-search3.alicdn.com/img/bao/uploaded/i4/i3/2930028309/O1CN0101S4iX2BFZvWXYCTG_!!2930028309.jpg,//item.taobao.com/item.htm?id=859906102779&ns=1&abbucket=10&xxc=taobaoSearch&mi_id=0000zsLJThPxPB7vB4IdhYrO3maGC-TDhNsHZ8TAXa4tO20&skuId=5842090278212
655451233137,网红汽车中控台上kaws创意摆件男女士车内装饰品车载高档香水香薰,158,¥,券后价,不购物我就看看,渔人车品装饰,,4人付款,广东 广州,"店铺满59减10, 淘金币已抵2.37元, 退货宝, 包邮, 公益宝贝",,https://g-search3.alicdn.com/img/bao/uploaded/i4/i2/2857915652/O1CN01SXjfDJ1rcfGlfpOYv_!!2857915652.jpg,//item.taobao.com/item.htm?id=655451233137&ns=1&abbucket=10&xxc=taobaoSearch&mi_id=0000uV4hTBP4FnMdMRtO8CVjIFR2PCcHhTWiJf2kwxF1oN4&skuId=4728499228328
922244636996,Kaws挂画潮牌暴力熊客厅沙发落地画现代简约玄关壁画直播间装饰画,39,¥,券后价,q450998505,蜗居装饰画,9年老店,4人付款,河南 商丘,"淘金币已抵1.17元, 退货宝, 包邮",图案主题:卡通动漫 | 适用空间:餐厅 | 风格匹配:ins风格 | 装裱方式:有框 | 画芯材质:钢化膜,https://g-search3.alicdn.com/img/bao/uploaded/i4/i2/504117664/O1CN01hat5kT26UAPRkmVOf_!!504117664.jpg,//item.taobao.com/item.htm?id=922244636996&ns=1&abbucket=10&xxc=taobaoSearch&mi_id=0000k33plvTgEcI1OyGio9EvS6skI-ZoZ8yQKF_kFE64I00&skuId=5626910342153
854684639018,Kaws积木潮流暴力熊玄关装饰画走廊过道壁画客厅轻奢落地画挂画,86,¥,券后价,字字情旗舰店,字字情旗舰店,5年老店,4人付款,河南 商丘,"店铺满50减5, 淘金币已抵1.67元, 退货宝, 上门安装, 破损包退, 包邮",图案主题:卡通动漫 | 适用空间:玄关 | 风格匹配:现代简约 | 装裱方式:有框 | 画芯材质:布纹膜,https://g-search2.alicdn.com/img/bao/uploaded/i4/i3/2208020193806/O1CN011uwxHP1dzCRDuPwGQ_!!4611686018427380238-0-item_pic.jpg,//detail.tmall.com/item.htm?id=854684639018&ns=1&abbucket=10&xxc=taobaoSearch&mi_id=0000nWXmuv1yaVSxSH0Bhgor-vyLL9AW431wW2gFAeXQkd4&skuId=5657167288095
997897121053,男童女童亲子装KAWS舒芙蕾防寒保暖毛线针织帽子480329围脖485493,39,¥,,liyou6531,U家同款高端自制,5年老店,2人付款,江苏 苏州,包邮,风格:休闲 | 材质:毛线 | 适用季节:冬季 | 功能:保暖,https://g-search2.alicdn.com/img/bao/uploaded/i4/i1/770227951/O1CN01ywVrmI28bcE5udhIo_!!770227951.png,//item.taobao.com/item.htm?id=997897121053&ns=1&abbucket=10&xxc=taobaoSearch&mi_id=0000BhTx6Iksbq11dhCP0TtRY-0J9UHWz5_qEJSbJNjN6NE&skuId=5979204640284
745509088540,创意KAWS情侣公仔适用于苹果15手机壳14pro时尚小众iPhone13高级12磨砂华为mate60菲林壳全包防摔小米14一加,16.8,¥,券后价,梵哲旗舰店,梵哲旗舰店,,1人付款,广东 东莞,"官方立减12%, 包邮",是否使用环保材质:含环保材料 | 保护套质地:塑料 | 工艺技术:磨砂 | 适用手机型号:iPhone X | 风格:情侣 | 适用手机机型:Apple/苹果 | 品牌:梵哲,https://g-search2.alicdn.com/img/bao/uploaded/i4/i1/2216508112856/O1CN011Qmndt1Wy63VOSkLa_!!0-item_pic.jpg,//detail.tmall.com/item.htm?id=745509088540&ns=1&abbucket=10&xxc=taobaoSearch&mi_id=00008vr-XQj-sy7-kAQIz225XAtkfA3igyeWT0YfQ8swcZg&skuId=5932426673679
592864512893,办公写字桌kaws芝麻街鼠标垫offwhite笔记本电脑机械键盘暴力熊,25,¥,券后价,恶搞熊,鼠标垫定做,10年老店,10人付款,福建 福州,"官方立减12%, 店铺满3减2, 淘金币已抵0.5元, 包邮",材质:胶垫 | 厚度:3mm | 尺寸:700x300mm,https://g-search1.alicdn.com/img/bao/uploaded/i4/i1/923790206/O1CN01nHx2zT1DOONjKIyPU_!!923790206.jpg,//item.taobao.com/item.htm?id=592864512893&ns=1&abbucket=10&xxc=taobaoSearch&mi_id=0000NJc0JWVtv-DU8th5oKn6EhkqChchb0OBmaHuPdDDAAE&skuId=5167749581001
921489485085,人偶KAWS潮牌iPhone14promax手机壳苹果13新款11高级感12男女款x菲林xr全包xs防摔78plus创意14pro保护套适用,59,¥,券后价,言骑数码,YANQI数码,6年老店,0人付款,广东 深圳,"淘金币已抵0.59元, 包邮",保护套质地:塑料 | 功能:防摔 | 适用手机型号:iPhone X | 风格:卡通 | 适用手机机型:Apple/苹果 | 品牌:自由光,https://g-search2.alicdn.com/img/bao/uploaded/i4/i4/2206559593046/O1CN01rUeFgJ1YN7FXsCOCO_!!0-item_pic.jpg,//item.taobao.com/item.htm?id=921489485085&ns=1&abbucket=10&xxc=taobaoSearch&mi_id=0000nEgD3MViYzSFZ8g0brRp44nq0qw5sKouNZun2Q_O5cQ&skuId=5173258179335
713999735243,现代轻奢客厅装饰画kaws暴力熊沙发背景墙面挂画卡通公仔卧室壁画,52,¥,券后价,大学生创业军队,家居画艺,8年老店,1人付款,河南 商丘,"官方立减12%, 店铺满15减5, 淘金币已抵0.78元, 退货宝, 包邮, 公益宝贝",图案主题:卡通动漫 | 适用空间:客厅 | 风格匹配:现代简约 | 装裱方式:有框,https://g-search1.alicdn.com/img/bao/uploaded/i4/i1/3164802929/O1CN01X7PwPs1XVWuPtJ3bV_!!3164802929.jpg,//item.taobao.com/item.htm?id=713999735243&ns=1&abbucket=10&xxc=taobaoSearch&mi_id=00002RNWrgQnvSJu8d_7RWRTy4xmB-8hAQ0CaMKf6FT2Xh8&skuId=5165671266063
695941709285,适用苹果14手机壳13promax个性12pro潮牌iphone11高级感kaws软7plus男xs/max女款8p新se3/2相框Xr暴力熊X全包,38,¥,券后价,花派数码店,花派数码店,6年老店,5人付款,广东 深圳,"超级立减1.6元, 包邮",保护套质地:硅胶 | 适用手机型号:iPhone 12 | 风格:个性 | 适用手机机型:Apple/苹果 | 品牌:花派,https://g-search1.alicdn.com/img/bao/uploaded/i4/i4/2201275165761/O1CN01TNyEv21sQaXUxZ118_!!0-item_pic.jpg,//item.taobao.com/item.htm?id=695941709285&ns=1&abbucket=10&xxc=taobaoSearch&mi_id=0000ZlOOfsxBYYM558TBl_Q1OEtpnuiNVRi5f3KlKOU3ElI&skuId=4939955449339
889832092037,ins网红房间地毯客厅潮牌kaws地毯sup卧室床边潮流地垫个性衣帽间,29.9,¥,券后价,小桥流水8983,荣华家居地毯设计馆,6年老店,0人付款,天津,"官方立减12%, 包邮",清洗类型:可机洗 | 适用空间:卧室 | 形状:长方形 | 风格:卡通,https://g-search2.alicdn.com/img/bao/uploaded/i4/i2/2206483414935/O1CN01ufNTAm1mKHCN3yIdL_!!2206483414935.jpg,//item.taobao.com/item.htm?id=889832092037&ns=1&abbucket=10&xxc=taobaoSearch&mi_id=00004eOpLDiN60A-1yawr9ijvf07marwuKWCvL8PphCOBPU&skuId=5733585400766
741434629635,网红打卡站姿kaws大摆件雕塑公仔暴力熊摆件客厅高档芝麻街装饰,115,¥,券后价,ccy825,星彩雕塑,11年老店,1人付款,福建 泉州,"官方立减12%, 淘金币已抵13.8元, 包邮",主体材质:卡通 | 表面工艺:电镀,https://g-search3.alicdn.com/img/bao/uploaded/i4/i1/121745700/O1CN014OE9fc1ryeSNDjNNB_!!121745700.jpg,//item.taobao.com/item.htm?id=741434629635&ns=1&abbucket=10&xxc=taobaoSearch&mi_id=0000Uin3hdhqX6Zo17MtkI-lOv7xkK3ZmHt16l9qZO003aM&skuId=5116108097253
749224562653,kaws芝麻街暴力熊适用苹果无线蓝牙耳机AirPods pro2保护套1/2代磨砂软3代,18.8,¥,券后价,唯一优品淘淘乐,玩转潮壳工作室,6年老店,5人付款,广东 深圳,"官方立减12%, 淘金币已抵0.94元, 包邮",适用耳机型号:苹果 Airpods Pro | 适用耳机品牌:苹果 | 材质:TPU | 风格:小众 | 触感:软壳 | 流行元素:小清新,https://g-search3.alicdn.com/img/bao/uploaded/i4/i3/2207416422070/O1CN01s0G30C1RA6kmJ3Hx1_!!2207416422070.jpg,//item.taobao.com/item.htm?id=749224562653&ns=1&abbucket=10&xxc=taobaoSearch&mi_id=0000OEKkgzyToDS4LaeLoAw0uNfMgLSxory5cmAcBFFtnqY&skuId=5163613220745
714484415056,网红kaws芝麻街公仔客厅摆件蓝牙音响低音炮大音量高音质电脑音箱,439,¥,首单价,cupa酷湃潮玩,酷湃家居潮玩,,0人付款,广东 深圳,"官方立减12%, 直降36元, 退货宝, 包邮, 公益宝贝",功能:重低音立体声 | 声道:2.0 | 播放时长:6小时 | 操控方式:实体按键 | 外壳材质:塑料 | 额定功率:10W | 尺寸:382x210x128mm | 接收距离:10m及以下 | 喇叭单元:单喇叭 | 连接方式:USB | 音箱类型:家居音箱 | 适用场景:移动便携 | 品牌:cupa,https://g-search3.alicdn.com/img/bao/uploaded/i4/i4/2214466449895/O1CN011R0OcN2MxxuaIGvYb_!!2214466449895.jpg,//item.taobao.com/item.htm?id=714484415056&ns=1&abbucket=10&xxc=taobaoSearch&mi_id=000026-u-43u1kqQyz6h4qR-WmzbPMMilCm47CnOSCQPMjk&skuId=5171592643628
1013716589949,纽约洋基队老爹鞋男女款2026新款春季厚底增高情侣运动休闲鞋潮牌,238,¥,券后价,忧伤的星座,老李莆田维一特极过检鞋匠低调做鞋,回头客1万,54人付款,福建 莆田,"官方立减12%, 48小时内发, 包邮, 公益宝贝",款式:运动休闲鞋 | 风格:运动风 | 透气系统:透气孔 | 适用性别:男女通用 | 品牌:H8 | 适用场景:运动,https://g-search3.alicdn.com/img/bao/uploaded/i4/i1/2207389996225/O1CN01MyHRSM1vr6csE79CJ_!!2207389996225.jpg,//item.taobao.com/item.htm?id=1013716589949&ns=1&abbucket=10&xxc=taobaoSearch&mi_id=0000FpEfzibxQraqKHutTXCVKyNsSj0Unusi_SaEo3G15qA&skuId=6016263160117
952501519968,LOSTCTRL 初秋新款美式复古迷彩数字印花宽松圆领长袖T恤男女同款,229,¥,券后价,wq1314ai7,LOSTCTRL 失控联合,,800+人付款,广东 广州,"官方立减60元, ifashion, 包邮",材质成分:棉100% | 版型分类:宽松型 | 适用体型:通用型 | 面料:纯棉 | 图案:迷彩 | 适用性别:男女通用 | 适用人群:青少年,https://gw.alicdn.com/imgextra/O1CN01dY31nH26UcxZWiJsl_!!2298647665-0-yinheaigc.jpg,//item.taobao.com/item.htm?id=952501519968&ns=1&abbucket=10&xxc=taobaoSearch&mi_id=0000BkEKUYjSxuh6iAZbx-iXkWugKihsWuAplIVIe7YKazQ&skuId=5874411889041
935627232166,RIPSTAR/爆炸星蓝色板鞋男女款休闲厚底增高运动鞋子【迷雾蓝】,619,¥,券后价,ripstar爆炸星旗舰店,RIPSTAR爆炸星旗舰店,,2000+人付款,福建 泉州,"官方立减12%, 超级爆款, 热销爆款, 淘金币已抵4.2元, 退货宝, 包邮",鞋面材质:牛剖层皮革 | 风格:休闲 | 鞋跟高:平跟 | 款式:板鞋 | 鞋头款式:圆头 | 季节:春秋 | 品牌:RIPSTAR/爆炸星 | 功能:增高 | 适用对象:青年,https://g-search3.alicdn.com/img/bao/uploaded/i4/i1/2214354967586/O1CN01ECA8mA25uRg1PHPZx_!!2214354967586.png,//detail.tmall.com/item.htm?id=935627232166&ns=1&abbucket=10&xxc=taobaoSearch&mi_id=0000Kv4Tb9JeVW79oZ6o90Mq6ESnQfzFI7zhnOMLWa90Qbw&skuId=5991186838500
1013389196422,帆布男鞋2026新款春季学生大头米奇黑色布鞋厚底增高运动休闲板鞋,148,¥,,马洛马特旗舰店,马洛马特旗舰店,8年老店,20人付款,福建 泉州,包邮,鞋帮高度:低帮 | 鞋面材质:帆布 | 鞋跟高度:低跟(小于3cm) | 鞋头款式:圆头 | 闭合方式:系带 | 图案:纯色 | 功能:耐磨,https://g-search2.alicdn.com/img/bao/uploaded/i4/i2/3440088905/O1CN01sZ5VpF2FeY5D6bek0_!!4611686018427385673-0-item_pic.jpg,//detail.tmall.com/item.htm?id=1013389196422&ns=1&abbucket=10&xxc=taobaoSearch&mi_id=0000QhIVtQpAbgPHzv0eHK5lOhXJvnnSexOvlr2sR6_yWD8&skuId=6179549450080
1008149122664,HNLY CLN联名蓝黑白个性情侣美式街头板鞋闪电鞋胖胖面包鞋休闲鞋,135.8,¥,券后价,钢面熊旗舰店,钢面熊旗舰店,,17人付款,福建 泉州,"退货宝, 包邮",风格:休闲 | 鞋面材质:超纤皮 | 鞋跟高:平跟 | 款式:板鞋 | 鞋头款式:圆头 | 季节:春秋 | 品牌:钢面熊 | 功能:保暖 | 适用对象:青年,https://g-search2.alicdn.com/img/bao/uploaded/i4/i1/2216934082615/O1CN015iBQbb1VBipKmPMls_!!4611686018427381815-0-item_pic.jpg,//detail.tmall.com/item.htm?id=1008149122664&ns=1&abbucket=10&xxc=taobaoSearch&mi_id=0000BOA4UOpMT2QFlSIBwEbUfRB1Vu-KfTaSFSRVMdr81YI&skuId=6172377314391
790216390728,RIPSTAR爆炸星增高板鞋男女款秋冬潮流百搭运动赛车鞋【F40】,629,¥,券后价,ripstar爆炸星旗舰店,RIPSTAR爆炸星旗舰店,,1万+人付款,福建 泉州,"超级爆款, 热销爆款, 退货宝, 包邮",风格:青春潮流 | 鞋面材质:面层合成革，牛剖层革，底层牛剖层革 | 鞋跟高:平跟 | 款式:板鞋 | 鞋头款式:圆头 | 季节:春秋 | 品牌:RIPSTAR/爆炸星 | 功能:耐磨 | 适用对象:中年,https://g-search3.alicdn.com/img/bao/uploaded/i4/i2/2214354967586/O1CN01DttjD125uRfx3lC5G_!!2214354967586.jpg,//detail.tmall.com/item.htm?id=790216390728&ns=1&abbucket=10&xxc=taobaoSearch&mi_id=0000IHjAI3yMU1xTEsSmHsX0PdBdFhaCBbNZkRwOxN-p3J0&skuId=5561229446376
988073194501,观察者转运鞋酒红面包鞋子男女款运动休闲板鞋冬季复古厚底情侣鞋,468,¥,券后价,风格好久3,观察者SCRUTATOR,,700+人付款,福建 泉州,"官方立减85元, 退货宝, ifashion, 48小时内发, 包邮",风格:青春潮流 | 鞋面材质:织物 | 鞋跟高:平跟 | 款式:板鞋 | 鞋头款式:圆头 | 季节:春秋 | 品牌:观察者 | 功能:耐磨 | 适用对象:青年,https://g-search3.alicdn.com/img/bao/uploaded/i4/i3/1672684927/O1CN010JIvWT1mGcW1UgT9N_!!1672684927.jpg,//item.taobao.com/item.htm?id=988073194501&ns=1&abbucket=10&xxc=taobaoSearch&mi_id=0000k_b1HwQWDSgEc4PHdlvPouXCIXflftNFVnTS0gDTf0Q&skuId=6120246795540
917655292454,原创真羊毛黑精灵趣味小煤球迷你版可爱包挂件车饰多巴胺钥匙扣,29.8,¥,券后价,华伦诺学,潮贝贝皮草饰品,6年老店,1000+人付款,河北 邢台,"官方立减12%, 淘金币已抵1.49元, 退货宝, 48小时内发, 包邮",,https://g-search1.alicdn.com/img/bao/uploaded/i4/i4/2803165785/O1CN01MfPl5F1sbaI9N2LpE_!!2803165785.jpg,//item.taobao.com/item.htm?id=917655292454&ns=1&abbucket=10&xxc=taobaoSearch&mi_id=0000CllbwNDHMWp7JxgU8Zn0Z7dz_eoFUznn-Pv8sJjCQiI&skuId=5786087981554
1014934559858,莆田高端正品三杠德训鞋男鞋2026新款真皮复古运动百搭休闲板鞋女,111,¥,券后价,我的包分之一,莆田纯原档口一手批发店,回头客2万,13人付款,福建 莆田,"官方立减12%, 包邮",鞋面材质:二层牛皮（除牛反绒） | 风格:青春潮流 | 鞋跟高:平跟 | 款式:板鞋 | 鞋头款式:圆头 | 季节:春秋 | 品牌:H8 | 功能:耐磨 | 适用对象:青年,https://g-search2.alicdn.com/img/bao/uploaded/i4/i2/699682610/O1CN01leIceU1V9QqKK2hn4_!!699682610.jpg,//item.taobao.com/item.htm?id=1014934559858&ns=1&abbucket=10&xxc=taobaoSearch&mi_id=0000tXzccYIlJe48SxZiLyqqRB0dIlQYl0hRbUk6tif3y5E&skuId=6022566344564
846805376426,王嘉尔闪电德比鞋男小众奶香底真皮板鞋女美式通勤情侣大头休闲鞋,388,¥,券后价,izouo丶cox,好先生原创潮鞋,9年老店,2000+人付款,浙江 温州,"官方立减34.8元, 淘金币已抵2.96元, 退货宝, ifashion, 48小时内发, 包邮",风格:青春潮流 | 鞋面材质:超纤皮 | 鞋跟高:中跟(3-5cm) | 款式:板鞋 | 鞋头款式:圆头 | 季节:春秋 | 功能:增高 | 适用对象:中年,https://g-search1.alicdn.com/img/bao/uploaded/i4/i4/2346824987/O1CN01rFmlOS1mi6BNF1grt_!!2346824987.jpg,//item.taobao.com/item.htm?id=846805376426&ns=1&abbucket=10&xxc=taobaoSearch&mi_id=0000U-EhNkkfGaKfivY0F3pFahay8beEwcUpFElGVEDRyQ0&skuId=5735423673302
1015351581292,汤姆猫鞋子男鞋黑白熊猫板鞋男款学生休闲潮鞋男生时尚百搭运动鞋,149,¥,券后价,talkingtom鞋类旗舰店,TALKINGTOM鞋类旗舰店,,5人付款,福建 泉州,"超级立减30元, 退货宝, 包邮",款式:户外休闲鞋 | 鞋底材质:PVC | 跟底款式:平跟 | 季节:春秋 | 鞋跟高:低跟(1-3cm) | 鞋头款式:圆头 | 适用对象:青年（18-40周岁）,https://g-search1.alicdn.com/img/bao/uploaded/i4/i3/2217778846429/O1CN01w4CcQl1xMXQSkxzXY_!!4611686018427386589-0-item_pic.jpg,//detail.tmall.com/item.htm?id=1015351581292&ns=1&abbucket=10&xxc=taobaoSearch&mi_id=0000ZpYyEtDY-KdOCIzcYrCMOh2jXz3ayZzOf5hCLsAfJOw&skuId=6021321593016
974784085685,小麦色运动鞋板鞋男春季2026新款原创小众美拉德面包鞋女厚底增高,238,¥,券后价,椰子旗舰店,椰子旗舰店,回头客1万,37人付款,福建 厦门,"超级立减10%, 包邮",鞋面材质:牛皮 | 风格:青春潮流 | 鞋跟高:中跟(3-5cm) | 款式:板鞋 | 鞋头款式:圆头 | 季节:春秋 | 品牌:椰子 | 功能:增高 | 适用对象:青年,https://g-search3.alicdn.com/img/bao/uploaded/i4/i3/2200782223448/O1CN01vsauIh1bLEkkTfTni_!!4611686018427385944-0-item_pic.jpg,//detail.tmall.com/item.htm?id=974784085685&ns=1&abbucket=10&xxc=taobaoSearch&mi_id=0000HA0-po2PohmTkyL8lFfc3DS8EQFUdZunDeHC4bl8BUA&skuId=6183073514411
923365981542,潮男精神新款德训鬼种虎虎子鞋多色可选,65.9,¥,,小红鞋阿,李眼镜品牌好鞋,,53人付款,四川 资阳,48小时内发,风格:休闲 | 鞋面材质:EVA | 鞋跟高:平跟 | 款式:板鞋 | 鞋头款式:尖头 | 季节:夏季 | 品牌:0001 | 功能:透气 | 适用对象:青年,https://g-search1.alicdn.com/img/bao/uploaded/i4/i2/2238368700/O1CN01IKobqO2E8erbOT6e3~hdr~_!!2238368700.heic,//item.taobao.com/item.htm?id=923365981542&ns=1&abbucket=10&xxc=taobaoSearch&mi_id=0000Nq0vrey-JIQktyOdzseDz1u5uKbwr1lf8fZrIuVkQvM&skuId=5801605245325
1009266586745,SEZAUBEAN鞋子男小众设计仙豆板鞋黑蛇SZB男女低帮潮流百搭平底鞋,168,¥,券后价,tb874099987,YH线上店,,23人付款,北京,"店铺满100减13, 退货宝, 包邮",风格:休闲 | 鞋面材质:混合材质 | 鞋跟高:平跟 | 款式:板鞋 | 鞋头款式:圆头 | 季节:春秋 | 品牌:SEZAU-BELN | 功能:轻质 | 适用对象:青年,https://g-search3.alicdn.com/img/bao/uploaded/i4/i1/2221475465321/O1CN01BsJ18O1pB4a5fTNVy_!!2221475465321.jpg,//item.taobao.com/item.htm?id=1009266586745&ns=1&abbucket=10&xxc=taobaoSearch&mi_id=0000hEJd66TkcPUsPSzv4mhKND8Wh4IJa1kI3o-V643FESo&skuId=6175292150848
,,,,,,,,,,,,,
,,,,,,,,,,,,,
921816564204,高档精致防丢汽车钥匙链书包挂饰公仔创意男女情侣星空小熊钥匙扣,7.99,¥,首单价,tb0415471775,淘小淘臻选店,回头客1万,3万+人付款,浙江 金华,"直降1元, 店铺满30减3, 退货宝, 48小时内发, 包邮, 公益宝贝",,https://g-search2.alicdn.com/img/bao/uploaded/i4/i3/2216987237908/O1CN01aC0OcY28Hv7nflI7c_!!2216987237908.jpg,//item.taobao.com/item.htm?id=921816564204&ns=1&abbucket=10&xxc=taobaoSearch&mi_id=00007R8WvUEEZ0bX6QdDXv0bsiBaTlTZglFifEdW2Tvbr4g&skuId=5909775091520
934904668391,水洗做旧闪电纹牛仔裤男夏季美式高街vibe裤子宽松cleanfit直筒裤,78,¥,券后价,107xx霞,潮人公馆工作室,,2000+人付款,广东 汕头,"官方立减12%, 退货宝, 48小时内发, 包邮",版型:宽松 | 面料:牛仔布 | 洗水工艺:水洗 | 款式版型:宽松直筒,https://g-search1.alicdn.com/img/bao/uploaded/i4/i1/1748255150/O1CN01TeZJlJ1nukndDgk9d_!!1748255150.jpg,//item.taobao.com/item.htm?id=934904668391&ns=1&abbucket=10&xxc=taobaoSearch&mi_id=0000-EsWLCdZ9RiU8fAEjxftPCnMPnGyjnPjeL4a9gsUV28&skuId=5822710192850
975499072568,官方正品暴.麦昆真皮小白鞋2026春季爆款厚底增高休闲运动板鞋,230,¥,,咖沙利服饰旗舰店,咖沙利服饰旗舰店,14年老店,1000+人付款,福建 泉州,包邮,款式:户外休闲鞋 | 鞋底材质:橡胶 | 跟底款式:厚底 | 季节:春秋 | 鞋垫材质:布 | 鞋头款式:圆头 | 适用对象:青年（18-40周岁）,https://g-search3.alicdn.com/img/bao/uploaded/i4/i1/754155904/O1CN014xJOxu1tU5Sf3Ub8R_!!4611686018427380096-0-item_pic.jpg,//detail.tmall.com/item.htm?id=975499072568&ns=1&abbucket=10&xxc=taobaoSearch&mi_id=0000l6nJZI5GuNPMXmW3hwAp-9ig_NcR5MZ4N6-gsll5Fao&skuId=6189076575543
969390356916,it izzue长袖打底衫复古做旧破洞纯色2025年秋季男百搭宽松T恤9M,189,¥,券后价,izzue官方旗舰店,izzue官方旗舰店,回头客2万,800+人付款,福建 泉州,"官方立减12%, 退货宝, 包邮",材质成分:棉100% | 版型分类:宽松型 | 适用体型:通用型 | 面料:纯棉 | 图案:纯色 | 适用性别:男士 | 适用人群:青年,https://g-search3.alicdn.com/img/bao/uploaded/i4/i2/3878367180/O1CN016Y29oa22uUq7L56ML_!!4611686018427383756-0-item_pic.jpg,//detail.tmall.com/item.htm?id=969390356916&ns=1&abbucket=10&xxc=taobaoSearch&mi_id=000039rQx6aCYHdpvyjSBGfhlsayxPlpCuoaB2TAWiFuWbs&skuId=6086987006889
962072263143,美式潮牌泼墨脏脏牛仔裤男2025春秋季新款高街宽松休闲直筒长裤子,89,¥,券后价,107xx霞,潮人公馆工作室,,1000+人付款,广东 汕头,"官方立减12%, 退货宝, 48小时内发, 包邮",版型:宽松 | 裤型:阔腿裤 | 面料:牛仔布 | 款式版型:宽松直筒,https://g-search3.alicdn.com/img/bao/uploaded/i4/i4/1748255150/O1CN01PEh8ZC1nukms4s02T_!!1748255150.jpg,//item.taobao.com/item.htm?id=962072263143&ns=1&abbucket=10&xxc=taobaoSearch&mi_id=0000Vsphgp3PVpbtKF90Hrf-NITnYf_sRARVUe9Iovh1C_4&skuId=5941346903842
980900332129,美式复古连帽卫衣情侣装外套2025新款秋冬季开衫miu系上衣男女款,288,¥,,芷璐家,芷璐家情侣装,,100+人付款,广东 揭阳,"退货宝, 48小时内发, 包邮",面料:复合面料 | 版型分类:宽松型 | 领型设计:连帽 | 是否连帽:是 | 适用性别:男女通用,https://g-search1.alicdn.com/img/bao/uploaded/i4/i3/3521642632/O1CN01kef3YZ1VJVXNF9SwY_!!3521642632.jpg,//item.taobao.com/item.htm?id=980900332129&ns=1&abbucket=10&xxc=taobaoSearch&mi_id=0000MsKPtb-b1TxPO-xRmD8936CJazjaKmh343Y0Tt9poWM&skuId=6102359942451
1013641391703,美式复古黑色板鞋男2026春季休闲运动德训鞋百搭低帮男鞋子潮鞋,138,¥,券后价,青橙6867,SHENCHAOK,,16人付款,浙江 温州,"官方立减12%, 退货宝, ifashion, 48小时内发, 包邮",风格:休闲 | 鞋面材质:混合材质 | 鞋跟高:中跟(3-5cm) | 款式:板鞋 | 鞋头款式:圆头 | 季节:春秋 | 品牌:SHENCHAOK | 功能:耐磨 | 适用对象:青年,https://g-search3.alicdn.com/img/bao/uploaded/i4/i2/3303446822/O1CN01mT2I1y20GX4zxnJya_!!3303446822.jpg,//item.taobao.com/item.htm?id=1013641391703&ns=1&abbucket=10&xxc=taobaoSearch&mi_id=0000ro2zyTsUYbRbsb_1ZE1hAZBDoGQCLEvcerBDzdshu8A&skuId=6185926791354
1019759421779,2026新款aj男鞋马年限定dunk黑白熊猫板鞋空军一号情侣运动鞋女鞋,138,¥,券后价,tb610859886,潮派体育线上折扣店,,4人付款,福建 泉州,"淘金币已抵4.14元, 包邮",,https://g-search1.alicdn.com/img/bao/uploaded/i4/i4/2219122951027/O1CN01jaPrWU1JSPskL1zxi_!!2219122951027.jpg,//item.taobao.com/item.htm?id=1019759421779&ns=1&abbucket=10&xxc=taobaoSearch&mi_id=0000ILt702vPO_XsLq7ncRSJldSyQXTQYxX7R4r21Tts1zE&skuId=6194426618167
1005311438029,TALKINGTOM鞋子男鞋板鞋2026春秋新款男生潮鞋学生休闲情侣面包鞋,599,¥,,卖潮男鞋的小女孩,汤姆猫潮鞋,,100+人付款,福建 泉州,"退货宝, 48小时内发, 包邮, 公益宝贝",风格:青春潮流 | 鞋面材质:超纤皮 | 鞋跟高:低跟(小于3cm) | 款式:板鞋 | 鞋头款式:圆头 | 季节:春秋 | 品牌:TALKING TOM/汤姆猫 | 功能:耐磨 | 适用对象:青年,https://g-search2.alicdn.com/img/bao/uploaded/i4/i2/2214217373661/O1CN01eNhK9b1cun6sG0vVh_!!2214217373661.png,//item.taobao.com/item.htm?id=1005311438029&ns=1&abbucket=10&xxc=taobaoSearch&mi_id=0000kVngZtDU_cf-a9buzzbfQ2tC1Ir8qVy4Ckq97RTF8Ws&skuId=6165343726344
890891526835,夏季高街时尚休闲鞋腰果花黑白胖胖面包鞋低帮男女款情侣潮流板鞋,78,¥,,lgc李光灿,珞珞的男鞋店,,200+人付款,浙江 台州,"新品, 48小时内发, 包邮, 公益宝贝",风格:休闲 | 鞋面材质:超纤皮 | 鞋跟高:平跟 | 款式:板鞋 | 鞋头款式:圆头 | 季节:春秋 | 功能:轻质 | 适用对象:青年,https://g-search3.alicdn.com/img/bao/uploaded/i4/i3/2468899468/O1CN012m79uf2JoOzCRqAZo_!!2468899468.jpg,//item.taobao.com/item.htm?id=890891526835&ns=1&abbucket=10&xxc=taobaoSearch&mi_id=0000pMQ5-nLC6O3I94tHFCceWE9bkNIRD8FDCVnDcGlWyHU&skuId=5903863338723
562202196052,MATNUT BLOOD 翻毛皮 黑色 低帮 原创 明星同款 国潮 运动 板鞋,525,¥,券后价,matnut_cn,Matnut线上商店,,6000+人付款,广东 东莞,"ifashion, 48小时内发, 包邮, 公益宝贝",鞋帮高度:低帮 | 鞋面材质:牛皮革 | 鞋头款式:圆头 | 闭合方式:系带 | 图案:纯色 | 功能:透气 | 品牌:Matnut,https://g-search2.alicdn.com/img/bao/uploaded/i4/i3/3521376207/O1CN01tIoJ7v1virQypu1SU_!!3521376207.jpg,//item.taobao.com/item.htm?id=562202196052&ns=1&abbucket=10&xxc=taobaoSearch&mi_id=0000-eJHLXUl7XGzIY8gMn1CeWPjoWz06EgYF3qUypy-zkA&skuId=4549786461744
661851018899,小熊防丢牌定制钥匙扣挂件男女款精致汽车链可爱网红情侣包包挂饰,29,¥,,summoning旗舰店,summoning旗舰店,回头客6万,5000+人付款,山东 潍坊,"48小时内发, 包邮",,https://g-search3.alicdn.com/img/bao/uploaded/i4/i1/718056489/O1CN01c3Budh1xo0n9iE2bJ_!!0-item_pic.jpg,//detail.tmall.com/item.htm?id=661851018899&ns=1&abbucket=10&xxc=taobaoSearch&mi_id=0000HXNNkYaJYkGya19Jw0dpKF64GRYBC0aLtzdE1PNzZE4&skuId=4942142090261
736140990147,猫与沙发 脏辫/黑破坏蕾丝原创新款面包鞋情侣休闲运动滑板鞋子潮,329,¥,券后价,销魂多肉喵,猫与沙发catsofa,回头客3万,800+人付款,浙江 温州,"退货宝, ifashion, 包邮",鞋面材质:混合材质 | 款式:板鞋 | 鞋头款式:圆头 | 季节:春秋 | 品牌:cat&sofa/猫与沙发 | 适用对象:青年,https://gw.alicdn.com/imgextra/O1CN01c5jSx02HP5wsxhZHv_!!3457949142-2-yinheaigc.png,//item.taobao.com/item.htm?id=736140990147&ns=1&abbucket=10&xxc=taobaoSearch&mi_id=0000VtN6_YZA5uYxLC0RcAHAHA8IQYV8jE51kCe-GicTn7o&skuId=5086034720103
894204972562,美式重磅270G短袖T恤男款夏季宽松高街潮牌小众设计感情侣装半袖,78,¥,券后价,拓荒者shop,PIONEER SHOP,,700+人付款,广东 广州,"新品, 退货宝, 包邮",材质成分:棉100% | 版型分类:宽松型 | 面料:纯棉 | 适用性别:男女通用 | 适用人群:青年,https://g-search3.alicdn.com/img/bao/uploaded/i4/i2/2218833160475/O1CN01nJ1O7D1FNbAX25mvu_!!2218833160475.jpg,//item.taobao.com/item.htm?id=894204972562&ns=1&abbucket=10&xxc=taobaoSearch&mi_id=00000xXHpzHWmqAkQs5r-rN3ZxNy_QKMkr2FFOn9f4xnLZw&skuId=5742077016414
,,,,,,,,,,,,,
965244407727,[简约百搭]美国CAT.HELINE小白鞋男款春季男鞋子厚底潮流休闲板鞋,238,¥,,catheline运动户外旗舰店,CATHELINE运动户外旗舰店,,81人付款,福建 泉州,"官方立减12%,  3期, 店铺满299减5, 包邮",风格:休闲 | 鞋面材质:超纤皮 | 鞋跟高:中跟(3-5cm) | 款式:板鞋 | 鞋头款式:圆头 | 季节:春秋 | 品牌:CATHELINE | 功能:耐磨 | 适用对象:青年,https://gw.alicdn.com/imgextra/O1CN01LMobpq20NP18xfQyB_!!2219727106837.jpg,//detail.tmall.com/item.htm?id=965244407727&ns=1&abbucket=10&xxc=taobaoSearch&mi_id=0000a46m8oH6GqpYiORK8JYX7RX5tF75ZHjDtU53AKVGcKM&skuId=6009539576806
1016459501417,"DETW""黑蓝叛章""Y2K千禧风条纹V领骷髅烫钻街头设计感正肩男女长袖",209,¥,券后价,tb04562151,DETW OnLine,5年老店,78人付款,广东 东莞,"官方立减12%,  3期, 淘金币已抵4.18元, 退货宝, ifashion, 包邮",材质成分:棉100% | 版型分类:标准 | 适用体型:通用型 | 面料:棉 | 图案:条纹 | 适用性别:男女通用 | 适用人群:青年,https://g-search3.alicdn.com/img/bao/uploaded/i4/i4/3791109895/O1CN016sG8mp2MxyBrxqiPh_!!3791109895.png,//item.taobao.com/item.htm?id=1016459501417&ns=1&abbucket=10&xxc=taobaoSearch&mi_id=00003cnZNZLnDkcuVwq0FgvfEMFiCfpPbxzI28wh0HDOqk4&skuId=6023637861735
967837003283,YORKZOOM白花灰秋冬加绒弯刀卫裤垂感高腰显瘦美式休闲微喇裤百搭,78,¥,,tb41228058,YORK ZOOM线上商店,,500+人付款,浙江 杭州,"退货宝, 48小时内发, 包邮",裤型:直筒裤 | 服装版型:宽松 | 适用人群:少年 | 款式:休闲裤 | 适用场景:日常,https://g-search2.alicdn.com/img/bao/uploaded/i4/i1/2209278889727/O1CN01zRXXMr2Lj1dIdLgKw_!!2209278889727.jpg,//item.taobao.com/item.htm?id=967837003283&ns=1&abbucket=10&xxc=taobaoSearch&mi_id=0000maaCwi_JtzwGTvaF7iZGFoBsB1KV_ZX1E0s7V6ULnZA&skuId=6124404698959
1001322938641,会说话的汤姆猫马丁靴男款冬季2025新款厚底增高经典蓝色工装靴子,179,¥,券后价,talkingtom汤姆猫企业店,会说话的汤姆猫鞋类企业店,,50人付款,福建 泉州,"官方立减50元, 退货宝, ifashion, 48小时内发, 包邮",鞋面材质:多种材质拼接 | 款式:马丁靴 | 靴筒高度:短筒(筒高10-20cm) | 风格:休闲 | 鞋跟高:低跟(1-3cm) | 鞋底材质:PVC | 跟底款式:厚底 | 季节:冬季 | 功能:增高 | 适用对象:青年（18-40周岁）,https://g-search3.alicdn.com/img/bao/uploaded/i4/i4/2216720845106/O1CN01LCBJVZ1nabQFNy80N_!!2216720845106.jpg,//item.taobao.com/item.htm?id=1001322938641&ns=1&abbucket=10&xxc=taobaoSearch&mi_id=0000u0H3pRcWzqA0CchXxzLZlUa4TR_B4QCqKsd1bwlDHc0&skuId=6155979903822
886815012081,PAUL COSTELLOE保罗美式高街cleanfit美拉德扎染签名Logo机车夹克,154,¥,券后价,tb5140338116,Imc TL线上商店,,200+人付款,广东 广州," 3期, 店铺满10减5, 30天价保, 退货宝, 包邮",适用季节:四季通用 | 面料:涤纶 | 基础风格:青春流行 | 功能:防风 | 适用场景:日常 | 品牌:tldv,https://gw.alicdn.com/imgextra/O1CN01QNV3m12JA6CjBLUjY_!!2209630359380-0-picasso.jpg,//item.taobao.com/item.htm?id=886815012081&ns=1&abbucket=10&xxc=taobaoSearch&mi_id=0000jFrs7LtybU6tW2WWWxcAhr3Z5KegPCcCuBBYr7cANLs&skuId=5896742515397
967190659499,NASA联名小恶魔短袖t恤男士2025夏季新款潮牌宽松男女款纯棉半袖,68,¥,券后价,tb500972445634,卖衣服吃猪脚饭,,100+人付款,广东 潮州,"超级立减10%, 48小时内发, 包邮",材质成分:棉100% | 版型分类:宽松型 | 适用体型:通用型 | 面料:棉 | 适用性别:男女通用 | 适用人群:青少年,https://g-search3.alicdn.com/img/bao/uploaded/i4/i1/2616373749/O1CN01x5X2Wh1dZ5uDQeSux_!!2616373749.png,//item.taobao.com/item.htm?id=967190659499&ns=1&abbucket=10&xxc=taobaoSearch&mi_id=0000eSxXf4NwcuCpvnxBcJ04z9abVREf_7fyUPp4m0Fxzpo&skuId=6103697958415
972761033733,LightningXstorm闪电板鞋男款2026新款秋冬黑色百搭休闲男生鞋子,196,¥,券后价,tb499849759871,潮牌官营店,,200+人付款,北京,"退货宝, 48小时内发, 包邮",鞋面材质:超细纤维 | 款式:板鞋 | 鞋头款式:圆头 | 季节:春秋 | 品牌:Lightningxstorm,https://g-search1.alicdn.com/img/bao/uploaded/i4/i3/2214880376023/O1CN01avUw0Y1uMacTROGdc_!!2214880376023.jpg,//item.taobao.com/item.htm?id=972761033733&ns=1&abbucket=10&xxc=taobaoSearch&mi_id=0000r-6dbXTQUF7k1kL3MrAwhRBScjk7Fvj404LGeexCvY8&skuId=6089893867360
969754471922,卡通正版毛绒史迪仔汽车怀挡装饰史迪奇星际宝贝潮玩汽车装饰可爱,59.9,¥,,美仕龙旗舰店,美仕龙旗舰店,回头客1万,1000+人付款,广东 广州,包邮,,https://g-search3.alicdn.com/img/bao/uploaded/i4/i3/2217120244943/O1CN01KzJ5DK1mNwq7Fn57U_!!4611686018427380943-0-item_pic.jpg,//detail.tmall.com/item.htm?id=969754471922&ns=1&abbucket=10&xxc=taobaoSearch&mi_id=0000y2cs9VOgILL812RzyvVBZlyT9Oyh3a91zJru0fxpYf0&skuId=6086496247188
913775857752,重磅300g纯棉美式字母印花短袖T恤男夏季潮牌重磅纯棉宽松小领口,109,¥,,balkfm旗舰店,BALKFM旗舰店,,50人付款,广东 广州,"退货宝, 包邮",材质成分:棉100% | 版型分类:宽松型 | 面料:棉 | 适用性别:男士 | 适用人群:青少年,https://g-search3.alicdn.com/img/bao/uploaded/i4/i1/2217087018761/O1CN01yTIGGf2EaayxMSfhl_!!4611686018427381513-0-item_pic.jpg,//detail.tmall.com/item.htm?id=913775857752&ns=1&abbucket=10&xxc=taobaoSearch&mi_id=0000RULA3cmAwrPjRpcVgHdBh375TL9IKXw7_-5rHrKQ4Gc&skuId=5779497637898
1013221687078,星星柳钉装饰休闲裤男春季2026新款美式水洗做旧情侣宽松直筒裤子,152,¥,券后价,马勺旗舰店,马勺旗舰店,,9人付款,广东 广州,"官方立减12%, 退货宝, 包邮",服装版型:宽松 | 适用季节:四季通用 | 材质成分:棉100.0% | 适用人群:男士,https://g-search3.alicdn.com/img/bao/uploaded/i4/i1/2215015184419/O1CN01v7EQGA1iVxKiVmfzN_!!4611686018427385891-0-item_pic.jpg,//detail.tmall.com/item.htm?id=1013221687078&ns=1&abbucket=10&xxc=taobaoSearch&mi_id=0000_WqntgLrmOxVi4tnNJEHVxI4a5qWumPXkbbZeDJJl_E&skuId=6184837631841
630804585677,适用iPhone11手机壳女款液态硅胶软套苹果11pro镜头全包防摔11promax女款xs可爱x超薄限量版xr个性创意xsmax,68,¥,券后价,阿仙奴旗舰店,阿仙奴旗舰店,12年老店,5人付款,广东 深圳,"超级立减10%,  3期, 店铺满38减3, 包邮",保护套质地:硅胶 | 风格:卡通 | 适用手机机型:Apple/苹果 | 品牌:阿仙奴,https://g-search2.alicdn.com/img/bao/uploaded/i4/i1/1958242217/O1CN010feMiD1SFQiGKCz8L_!!0-item_pic.jpg,//detail.tmall.com/item.htm?id=630804585677&ns=1&abbucket=10&xxc=taobaoSearch&mi_id=0000rFWlyeHPtPGSpWZueSvPqaNcGPThk0r5NXQ7Rkz82hc&skuId=4495047221446
968719514983,秋季美式高街设计感小众潮牌印花灰白色长裤男款休闲宽松痞帅卫裤,88,¥,券后价,vzla旗舰店,VZLA旗舰店,,400+人付款,广东 揭阳,"官方立减12%, 退货宝, 包邮",功能:速干 | 服装版型:宽松 | 裤长:长裤 | 细分风格:潮 | 裤脚口款式:直筒 | 款式细节:口袋 | 适用季节:秋季 | 适用对象:青少年,https://g-search3.alicdn.com/img/bao/uploaded/i4/i3/2215422141834/O1CN01KMO28I1PQ1TCkRp91_!!4611686018427381130-2-item_pic.png,//detail.tmall.com/item.htm?id=968719514983&ns=1&abbucket=10&xxc=taobaoSearch&mi_id=00000Hnd_pR9BwhVYiTTI2ofwrY_it10fBBo-PCO2xvz6R8&skuId=5916231404973
921092641801,美式重磅复古卡通米奇印花简约卫衣男2024新款秋冬季潮流休闲男装,249,¥,券后价,棠柚旗舰店,棠柚旗舰店,8年老店,8人付款,山东 潍坊," 3期, 店铺满35减2, 淘金币已抵2.67元, 退货宝, 包邮, 公益宝贝",版型分类:宽松型 | 领型设计:圆领 | 材质成分:棉100%,https://g-search2.alicdn.com/img/bao/uploaded/i4/i2/3340201607/O1CN016RDKC21Nk3U4DDC4Y_!!0-item_pic.jpg,//detail.tmall.com/item.htm?id=921092641801&ns=1&abbucket=10&xxc=taobaoSearch&mi_id=00009vyHoOkOIYmhSrWIW62lcll_9htkHc5uPgpQpTmt2hQ&skuId=5807633286825
957347446406,美式高街复古字母印花重磅纯棉男秋季长袖打底衫t恤街头潮牌上衣,49.9,¥,券后价,tb987315416675,GC潮人,,200+人付款,广东 广州,"店铺满10减2, 淘金币已抵0.59元, 退货宝, 48小时内发, 包邮",版型分类:宽松型 | 面料:棉 | 适用人群:青年,https://g-search1.alicdn.com/img/bao/uploaded/i4/i4/2213244301385/O1CN013tNlu71M6NSGc2mar_!!2213244301385.png,//item.taobao.com/item.htm?id=957347446406&ns=1&abbucket=10&xxc=taobaoSearch&mi_id=0000viyWwHtGJ2C-twmgUDD7filurlAZUoN43sEa6utKMw8&skuId=5359858855490
968334175175,德国官方正品经典真皮德训鞋男女款2026春季百搭厚底增高运动板鞋,258,¥,券后价,王林2486,桑坡阿森皮毛世家,,28人付款,福建 泉州,"官方立减12%, 48小时内发, 包邮",鞋面材质:头层牛皮（除牛反绒） | 鞋跟高:低跟(小于3cm) | 款式:板鞋 | 鞋头款式:圆头 | 季节:春秋 | 品牌:H8 | 功能:增高 | 适用对象:青年,https://g-search3.alicdn.com/img/bao/uploaded/i4/i2/1876149940/O1CN01cFFfgK2NIa0tcUlvf_!!1876149940.jpg,//item.taobao.com/item.htm?id=968334175175&ns=1&abbucket=10&xxc=taobaoSearch&mi_id=0000DCppq9ZmZhkvcNaapTC339l1pl9m8Xzaq1iIhToB4gM&skuId=6188142854039
737004944529,KAWS芝麻街卡通门贴纸整张翻新墙贴加厚自粘贴画卧室衣柜全贴定制,21,¥,,tb2464198937,猪猪家居贴纸定制,,1人付款,江苏 淮安,包邮,主题图案:动漫 | 基材类型:PVC | 套装数量:1片 | 适用场景:卧室,https://g-search2.alicdn.com/img/bao/uploaded/i4/i1/2212371718285/O1CN01744bam2B4aHMlHGRu_!!2212371718285.jpg,//item.taobao.com/item.htm?id=737004944529&ns=1&abbucket=10&xxc=taobaoSearch&mi_id=0000G8G3fR7LqwZ26Udgy-_jKlvl6KVDHf4Ny05qhnLCN34&skuId=5263990779452
961678317237,2026新款冬季透气帆布鞋男休闲潮流百搭板鞋大头米奇情侣两双布鞋,159,¥,券后价,润凡旗舰店,润凡旗舰店,11年老店,100+人付款,福建 泉州,"官方立减12%, 包邮",鞋帮高度:低帮 | 鞋面材质:布 | 闭合方式:系带 | 图案:拼色 | 功能:增高 | 品牌:RunVan/润凡,https://g-search3.alicdn.com/img/bao/uploaded/i4/i2/2081279623/O1CN01eLan3u2KxOHhvN2cB_!!0-item_pic.jpg,//detail.tmall.com/item.htm?id=961678317237&ns=1&abbucket=10&xxc=taobaoSearch&mi_id=0000AL-yYTs9aMVwMQd4g0uCcktp4LQ4VWwsK7vgoY-hSeA&skuId=5800813077725
788647642161,KAWS创意轻奢压圈垃圾桶卡通可爱儿童房高颜值家用卧室客厅卫生桶,58,¥,券后价,月夜莫离,阆苑坊,8年老店,5人付款,福建 福州,"官方立减12%, 淘金币已抵0.64元, 包邮",功能特点:加厚 | 总容量:12L | 开合方式:压圈式 | 桶身形状:圆形 | 款式风格:卡通 | 包装尺寸:30cm | 适用场景:家庭使用,https://g-search1.alicdn.com/img/bao/uploaded/i4/i1/704669382/O1CN012mZ7f62JB0qBm0xHK_!!704669382.jpg,//item.taobao.com/item.htm?id=788647642161&ns=1&abbucket=10&xxc=taobaoSearch&mi_id=0000HeqQqEAbYo6IkTdWpLhmwfWzFaGZ4nNoFQ3_RF_heE0&skuId=5550714534866
970520685285,WASSUP国潮风彩色烟花印花短袖ins潮流白色纯棉T恤夏季男女款上衣,59.9,¥,,tb509769977,Wassup Hsube国潮牌店,,82人付款,广东 揭阳,"退货宝, 48小时内发, 包邮",材质成分:棉100% | 版型分类:宽松型 | 面料:棉 | 图案:卡通动漫 | 适用性别:男女通用 | 适用人群:青少年,https://g-search3.alicdn.com/img/bao/uploaded/i4/i2/2217578233605/O1CN01jvG4Qx1cV8tiw6ojC_!!2217578233605.jpg,//item.taobao.com/item.htm?id=970520685285&ns=1&abbucket=10&xxc=taobaoSearch&mi_id=0000WRwIlmYV0Q2r2xuZo-WRmuagkQhElwLuau_OTBA-H7o&skuId=5895770404837
972536559888,正品官方暴麦昆小白鞋男女款真皮厚底鞋2026新款莆田增高休闲板鞋,168,¥,券后价,都市潮女装,莆田老炮儿纯原批发铺,回头客10万,600+人付款,福建 泉州,"超级立减10%, 48小时内发, 包邮",款式:运动休闲鞋 | 风格:休闲风 | 透气系统:透气孔 | 适用性别:男女通用 | 缓震技术:气垫 | 品牌:H8 | 适用场景:运动,https://g-search3.alicdn.com/img/bao/uploaded/i4/i2/1576493197/O1CN01DLLoWE1ZUHJKpUcE4_!!1576493197.png,//item.taobao.com/item.htm?id=972536559888&ns=1&abbucket=10&xxc=taobaoSearch&mi_id=0000Mq_skyeinjXLZAEPGTT9OKenIvIVaRpBWSgOazGp_Y0&skuId=6152217098682
911643535135,drew美式复古潮牌米奇趣味印花短袖t恤男女街头宽松情侣半袖INS潮,128,¥,券后价,裴富819,DREW中国,回头客2万,700+人付款,广东 揭阳,"官方立减8.9元, 淘金币已抵0.59元, 新品, 退货宝, 48小时内发, 包邮",材质成分:棉100% | 版型分类:宽松型 | 适用体型:通用型 | 面料:纯棉 | 图案:卡通动漫 | 适用性别:男女通用 | 适用人群:青年,https://g-search3.alicdn.com/img/bao/uploaded/i4/i2/150771916/O1CN01DiEYLp1Q1ZtuYmk0Q_!!150771916.jpg,//item.taobao.com/item.htm?id=911643535135&ns=1&abbucket=10&xxc=taobaoSearch&mi_id=0000EmYxOGFHaWB81wil8a0HGfeMzcQSgqAibQYhky4vMEI&skuId=5916768927167
596459822681,潜入深海送钥匙扣 kaws项链芝麻街吊坠潮牌ins嘻哈土酷项链不褪色,18,¥,,指引你的梦想,潜入深海 DeepSea Studio,9年老店,6人付款,山东 威海,包邮,,https://g-search2.alicdn.com/img/bao/uploaded/i4/i1/2499919626/O1CN01fQnsED2KylCfErbcX_!!0-item_pic.jpg,//item.taobao.com/item.htm?id=596459822681&ns=1&abbucket=10&xxc=taobaoSearch&mi_id=0000QmdNewm7ooGYxeWZ6cGCis-LtZE3VUodddFCjSWP4bI&skuId=4313596454477
817276689578,重磅330G纯棉WE11DONE上衣小众潮牌WELLDONE PINK打底衫男长袖T恤,89,¥,券后价,英伦aimi,装帅好难,12年老店,100+人付款,广东 揭阳,"官方立减12%, 淘金币已抵1.78元, 退货宝, 包邮",材质成分:棉100% | 版型分类:宽松型 | 面料:纯棉 | 适用性别:男女通用 | 适用人群:情侣,https://g-search2.alicdn.com/img/bao/uploaded/i4/i1/1703062088/O1CN01wXzwXf1RILxVIx7Ew_!!1703062088.png,//item.taobao.com/item.htm?id=817276689578&ns=1&abbucket=10&xxc=taobaoSearch&mi_id=00008x29Q2QCJUWrgFOCjXd0hqkVYLPvVS_82Hjq2YjcTpA&skuId=5687027871054
919706081118,WE11DONE CDG美式潮牌WELLDONE草书字母男女宽松百搭纯棉短袖T恤,388,¥,券后价,童霞邓博,摩登折扣店,,88人付款,广东 汕头,"官方立减12%, 淘金币已抵1.65元, 退货宝, 48小时内发, 包邮, 公益宝贝",材质成分:棉100% | 版型分类:宽松型 | 适用体型:通用型 | 面料:纯棉 | 适用性别:男女通用 | 适用人群:青少年,https://g-search1.alicdn.com/img/bao/uploaded/i4/i1/672028898/O1CN01689Bw92FbLFJRkHGA_!!672028898.jpg,//item.taobao.com/item.htm?id=919706081118&ns=1&abbucket=10&xxc=taobaoSearch&mi_id=0000rqQRkd7TN5mZhHTYvfb4CibGeteKltx522nXXbBHtOU&skuId=5791424021398
896455058919,WE11DONE CDG美式潮牌WELLDONE夏季男女情侣宽松圆领纯棉短袖T恤,388,¥,券后价,童霞邓博,摩登折扣店,,100+人付款,广东 东莞,"官方立减12%, 淘金币已抵1.65元, 新品, 退货宝, 48小时内发, 包邮, 公益宝贝",材质成分:棉100% | 版型分类:标准 | 适用体型:通用型 | 面料:纯棉 | 适用性别:男女通用 | 适用人群:青少年,https://g-search3.alicdn.com/img/bao/uploaded/i4/i1/672028898/O1CN01rbcGbx2FbLEV6oTdt_!!672028898.jpg,//item.taobao.com/item.htm?id=896455058919&ns=1&abbucket=10&xxc=taobaoSearch&mi_id=0000DA5_-1AXBBT7LtAdDj4n_-g1OvQpJjzwKZFxltMwpiQ&skuId=5917046411745
893384698811,ESSENTIALS SFRUIT扑克牌短袖男美式高街纯棉情侣宽松半袖T恤FOG,89,¥,券后价,zhengjiana1996,郑有钱 Studio,回头客2万,1000+人付款,广东 汕头,"超级立减10%, 新品, 退货宝, 48小时内发, 包邮",材质成分:棉100% | 版型分类:宽松型 | 面料:棉 | 适用人群:青少年,https://g-search3.alicdn.com/img/bao/uploaded/i4/i3/2088356139/O1CN01n6GpoW1vDiU7SI49F_!!2088356139.jpg,//item.taobao.com/item.htm?id=893384698811&ns=1&abbucket=10&xxc=taobaoSearch&mi_id=0000XGOuus3xK8tZQ77x_jbyQMuVsqWxA0PlBWwJ46GtLgU&skuId=5744070205769
860538919740,优衣库童装KAWS souffle yarn舒芙蕾圆领针织衫长袖毛衣478143,149,¥,,yimumuyi,变形记代购,16年老店,28人付款,北京,,针织面料:绵羊毛 | 领型设计:圆领 | 适用人群:男童,https://g-search1.alicdn.com/img/bao/uploaded/i4/i4/65606737/O1CN01TLilHk1zdbPECmI89_!!65606737.jpg,//item.taobao.com/item.htm?id=860538919740&ns=1&abbucket=10&xxc=taobaoSearch&mi_id=0000jjnFsMnVFT0i4E2bNxR9p-KNKI2xDor79KyvhNmMaEI&skuId=5678829785737
968432938818,网红潮流KAWS考斯公仔汽车摆件卡通创意个性车载车内装饰暴力熊,36,¥,券后价,日用优选铺1,日用优选铺1的小店8,,0人付款,河南 郑州,"官方立减12%, 淘金币已抵1.08元, 退货宝, 包邮",,https://g-search1.alicdn.com/img/bao/uploaded/i4/i2/2221390010709/O1CN01ZtHrtB1H6lvs90Ep1_!!2221390010709-0-scmitem176000.jpg,//item.taobao.com/item.htm?id=968432938818&ns=1&abbucket=10&xxc=taobaoSearch&mi_id=00008Sza2nex16AX6vGG5GW2IVds9F_XXseEjDmPR6DnXBU&skuId=6195189686179
933022498698,朱正延王琳凯极简大头奶香底板鞋高街厚底德比鞋潮男通勤休闲皮鞋,44.9,¥,券后价,tb5244377099,洋扬精品男女鞋,,100+人付款,江西 新余,"店铺满20减10, 48小时内发, 包邮",风格:休闲 | 鞋面材质:PU | 鞋跟高:中跟(3-5cm) | 款式:板鞋 | 鞋头款式:圆头 | 季节:夏季 | 功能:增高 | 适用对象:青年,https://g-search3.alicdn.com/img/bao/uploaded/i4/i2/2217814166713/O1CN01h3Eu2z1zSbpGddABX_!!2217814166713.jpg,//item.taobao.com/item.htm?id=933022498698&ns=1&abbucket=10&xxc=taobaoSearch&mi_id=0000IRYnO0zanPA7wJomOlQY63iuklWxsVuP0_cxNPoM6dA&skuId=5988911415798
1008326109616,美式vintage米奇bootleg潮秋冬水洗做旧复古印花圆领T恤男女长袖,238,¥,券后价,tb8745874711,SALVATION灵魂救赎,,3人付款,广东 广州,"退货宝, 48小时内发, 包邮",材质成分:棉100.0% | 版型分类:宽松型 | 面料:纯棉 | 图案:米老鼠 | 适用性别:男士 | 适用人群:情侣,https://g-search3.alicdn.com/img/bao/uploaded/i4/i1/2216254264219/O1CN019bLr2j1h2M7FY07lG_!!2216254264219.jpg,//item.taobao.com/item.htm?id=1008326109616&ns=1&abbucket=10&xxc=taobaoSearch&mi_id=00003sIvXMOrVeOhWk3swUlv7HTNWyb0VP2maBZO3TyKD9k&skuId=6005948093561
1018484570243,时尚卡通KAWS全棉四件套1.8mA床双人被套床单床笠芝麻街三件套40,258.4,¥,,哲冉工厂店03,哲冉工厂店03,,0人付款,浙江 杭州,包邮,件数:6件 | 被里材质:67%莱赛尔+33%棉,https://g-search3.alicdn.com/img/bao/uploaded/i4/i2/2218017905029/O1CN01x5Ga771v2j2xWuRn7_!!4611686018427385523-0-item_pic.jpg,//item.taobao.com/item.htm?id=1018484570243&ns=1&abbucket=10&xxc=taobaoSearch&mi_id=0000mjtkKD1QvUCHUVkK0kOJDtnq78uMG6vQhv0u90Sox1k&skuId=6028312100038
967738954994,白鹿同款丑萌大头鞋开口笑帆布鞋男女款姜饼人冬季加绒厚底鞋子,218,¥,券后价,h8旗舰店,h8旗舰店,回头客9万,1000+人付款,浙江 温州,"超级立减10%, 热销爆款, 包邮",鞋帮高度:低帮 | 鞋面材质:混合材质 | 鞋头款式:圆头 | 闭合方式:系带 | 图案:纯色 | 功能:保暖 | 品牌:H8,https://g-search3.alicdn.com/img/bao/uploaded/i4/i2/1676193080/O1CN01U1kAkK1YcgthA4nFV_!!4611686018427383096-0-item_pic.jpg,//detail.tmall.com/item.htm?id=967738954994&ns=1&abbucket=10&xxc=taobaoSearch&mi_id=0000eh36kAH_MwMfY1nuEX0Lbx0Cy0t-K-TdCeXGshFcF1w&skuId=6005297244400
803407640669,kaws潮牌客厅装饰画现代简约沙发背景墙挂画暴力熊联名公仔三联画,266,¥,券后价,彩饰旗舰店,彩饰旗舰店,,2人付款,河南 郑州,"店铺满130减50, 退货宝, 包邮",图案主题:抽象 | 适用空间:客厅 | 风格匹配:现代简约 | 装裱方式:有框 | 材质:铝合金 | 画芯材质:布纹膜,https://g-search3.alicdn.com/img/bao/uploaded/i4/i1/2214148731178/O1CN01qes4Jn1KZZWkqhrDq_!!0-item_pic.jpg,//detail.tmall.com/item.htm?id=803407640669&ns=1&abbucket=10&xxc=taobaoSearch&mi_id=0000nLSa0YPQYf0O8MJ-tZO5Eo-x2vVY-_Xr-ZKzQNWJ85I&skuId=5467648584632
965296160614,美式痞帅夏季潮流休闲印花重磅纯棉短袖t恤男宽松圆领百搭ins上衣,99,¥,,庄氏服装潮流,来发男装,7年老店,100+人付款,广东 揭阳,"退货宝, 48小时内发, 包邮, 公益宝贝",材质成分:棉100% | 版型分类:宽松型 | 面料:纯棉 | 图案:印花 | 适用性别:男士 | 适用人群:青年,https://g-search2.alicdn.com/img/bao/uploaded/i4/i2/1643767668/O1CN01pxPxIk26W079mheU6_!!1643767668.jpg,//item.taobao.com/item.htm?id=965296160614&ns=1&abbucket=10&xxc=taobaoSearch&mi_id=0000diHHbRT-fMPuOs69gtncoy-yFsV68ax5Zo1vT9Sl9bw&skuId=6070986075580
,,,,,,,,,,,,,
,,,,,,,,,,,,,
964030320520,潮牌kaws造型太阳花积木熊街头卧室厨房长条床边防滑吸水地毯地垫,25,¥,券后价,hydel666,布造,16年老店,14人付款,天津,"官方立减12%, 淘金币已抵0.7元, 包邮",清洗类型:可机洗 | 适用空间:客厅 | 表面材质:混纺,https://g-search2.alicdn.com/img/bao/uploaded/i4/i2/37320472/O1CN01GiZt3h1FMDgD5ks8C_!!37320472.jpg,//item.taobao.com/item.htm?id=964030320520&ns=1&abbucket=10&xxc=taobaoSearch&mi_id=00009IHJkVZbWtWZ9jJlpSQQZTW96ksmOaQ3W5Le4gmcHNY&skuId=4517722113570
948595838721,美式高街潮牌闪电印花纯棉短袖T恤男女夏季宽松hiphop半袖上衣,59.6,¥,,tb843313083,WYYL潮牌,,400+人付款,广东 揭阳,"退货宝, 48小时内发, 包邮",版型分类:宽松型 | 面料:棉 | 适用人群:青少年,https://g-search3.alicdn.com/img/bao/uploaded/i4/i2/2200632647578/O1CN01YcK53m25qmSRTIvwG_!!2200632647578.jpg,//item.taobao.com/item.htm?id=948595838721&ns=1&abbucket=10&xxc=taobaoSearch&mi_id=0000DY5C1Qd8f8liMkSA5G0BbFDQoTWBTkbNi8uxB0jaFQw&skuId=6027456547246
860164402712,日本代购 DIOR 迪奥 x KAWS 25年早春蛇年限定新款 加厚 休闲裤,25000,¥,,琳二日本代购,liugeng日本代购店,6年老店,0人付款,日本,"全球购, 包邮",裤长:长裤 | 服装版型:宽松 | 适用季节:秋冬季 | 款式:休闲裤 | 适用场景:日常,https://g-search1.alicdn.com/img/bao/uploaded/i4/i4/2200738389915/O1CN01gkAmGO2N785HidRJz_!!2200738389915.jpg,//item.taobao.com/item.htm?id=860164402712&ns=1&abbucket=10&xxc=taobaoSearch&mi_id=0000bCKAoOiAaad5nEvqC7FJmitOG7jBGSxm16pkB0mPUkI&skuId=5675093012310
1014195504383,厚底雾面米奇圆头德比鞋男女款2026新款春季原创通勤百搭休闲皮鞋,388,¥,券后价,tb2913959874,DAY ONE线上商店,,46人付款,福建 厦门,"官方立减12%, 48小时内发",款式:休闲皮鞋 | 风格:青春潮流 | 鞋跟高:低跟(小于3cm) | 鞋底材质:TPR(牛筋） | 鞋头款式:圆头 | 功能:增高 | 适用对象:青年,https://g-search3.alicdn.com/img/bao/uploaded/i4/i2/2218921183072/O1CN01C0vnAu1YZ1peJbk1P_!!2218921183072.jpg,//item.taobao.com/item.htm?id=1014195504383&ns=1&abbucket=10&xxc=taobaoSearch&mi_id=00009bYZomIk6Y0CCEYTGmP7XH14OhjLszhl5ugctxfv5tw&skuId=6181663511198
957831474714,Kaws x Uniqlo 刺绣logo条纹短袖T恤Tee nic李晨同款 优衣库联名,160,¥,,simon_沁,Simon Streetwear,10年老店,0人付款,江苏 苏州,全球购,版型分类:标准 | 面料:棉 | 图案:卡通动漫 | 适用人群:青少年,https://g-search3.alicdn.com/img/bao/uploaded/i4/i1/814707162/O1CN01Ys5UOe22mFZzS3MQb_!!814707162.jpg,//item.taobao.com/item.htm?id=957831474714&ns=1&abbucket=10&xxc=taobaoSearch&mi_id=0000rP1MDuSQoNyQfxF0zc3T8VYADpEn3dF-yy7YeEdieps&skuId=5590405862839
959658645845,美式TRAVIS SCOTT Cactus Jack x FRAGMENT KAWS联名骷髅卫衣帽衫,258,¥,,liaot22,NT 嘻哈街头潮牌店,10年老店,21人付款,广东 佛山,包邮,版型分类:宽松型 | 领型设计:连帽,https://g-search3.alicdn.com/img/bao/uploaded/i4/i1/2205469044/O1CN013jnuzo2GgD1trF5qm_!!2205469044.jpg,//item.taobao.com/item.htm?id=959658645845&ns=1&abbucket=10&xxc=taobaoSearch&mi_id=0000VcvuxbHQDVx5xyFnqwFh21eNSoHcAxxtu-uU7bOiEHw&skuId=5058998171843
946518362256,[章若楠同款]404MOB花卉刺绣长袖T恤男女美式宽松防晒圆领打底衫,154,¥,首单价,404mobgang旗舰店,404MOBGANG旗舰店,回头客1万,900+人付款,广东 广州,"直降7元, 超级立减25元, 包邮",版型分类:宽松型 | 适用体型:通用型 | 面料:棉涤 | 图案:植物花卉 | 适用性别:男女通用 | 适用人群:青年,https://g-search1.alicdn.com/img/bao/uploaded/i4/i3/2217552904914/O1CN01BU7TwS1mAfODqcX5r_!!4611686018427380434-0-item_pic.jpg,//detail.tmall.com/item.htm?id=946518362256&ns=1&abbucket=10&xxc=taobaoSearch&mi_id=0000dT-gts4I4Z1IxBbIIi_HDUqAPXal7gx6mJPs6f9_mEY&skuId=5855352453389
589359424190,【现货秒发】 kaws公仔联名拼接 cblock 微积木 玩具,30,¥,,七淘八拣,毛血旺の研究院,9年老店,2人付款,北京,包邮,,https://g-search1.alicdn.com/img/bao/uploaded/i4/i4/1676165040/O1CN01dFvw8m1n6MkNasoNU_!!1676165040.jpg,//item.taobao.com/item.htm?id=589359424190&ns=1&abbucket=10&xxc=taobaoSearch&mi_id=0000vbO8XgRpLlXKm0pMWYaXbrplxb6ygbU584AxNbKMu9Y&skuId=4205196777826
892368382937,卡通芝麻街公仔kaws网红熊暴力熊大摆件潮玩坐姿店铺门口落地装饰,1000,¥,券后价,枣红马旗舰店,枣红马旗舰店,,5人付款,福建 泉州,"官方立减12%, 店铺满2000减50, 退货宝, 包邮",表面工艺:纯手工 | 主体材质:卡通 | 摆放方式:落地,https://g-search3.alicdn.com/img/bao/uploaded/i4/i2/2214089162055/O1CN01DOMY5M1R3Ex5AoCwo_!!4611686018427387207-0-item_pic.jpg,//detail.tmall.com/item.htm?id=892368382937&ns=1&abbucket=10&xxc=taobaoSearch&mi_id=0000Eqff6DUlZemxuXiqyZElEJnLoqb-_SCC5KL_ZCCLaKg&skuId=5741794721535
1019954617717,暴力熊客厅装饰画现代轻奢沙发背景墙挂画Kaws高级感三联画壁画,168,¥,券后价,咏朦鸿升专卖店,咏朦鸿升专卖店,,0人付款,河南 郑州,"退货宝, 包邮",图案主题:动物 | 适用空间:客厅 | 风格匹配:现代简约 | 画芯材质:布纹膜,https://g-search3.alicdn.com/img/bao/uploaded/i4/i1/2211371618526/O1CN01gY5zJx2CqxnhEak6H_!!0-item_pic.jpg,//detail.tmall.com/item.htm?id=1019954617717&ns=1&abbucket=10&xxc=taobaoSearch&mi_id=0000DnLaG4McAaljwUOJd-W6dKYrj-yFrrYlOuYgCZec-a0&skuId=6194697930956
975261296256,潮牌芝麻街kaws免打孔遮光布窗帘儿童房卧室客厅阳台隔断遮阳短帘,141,¥,,郸时生活用品馆03,郸时生活用品馆03,,0人付款,河北 邢台,包邮,是否智能操控:支持智能操控 | 功能:防晒 | 开合方式:单边开合 | 帘头款式:俄式镶边帘头 | 主图案类型:条纹 | 适用场景:办公室 | 风格:日式 | 适用空间:儿童房,https://g-search2.alicdn.com/img/bao/uploaded/i4//i2/2220829287603/O1CN01g1HDXi1xIPR7cBCh5_!!0-item_pic.jpg,//item.taobao.com/item.htm?id=975261296256&ns=1&abbucket=10&xxc=taobaoSearch&mi_id=0000ufRWnkGWFVZf2DMvvX80CuviM_vU62MwleShLnzKfzQ&skuId=null
961790178458,2026植绒波点怪兽拉布bu包挂件学生公仔钥匙链挂饰钥匙扣闺蜜礼物,2.59,¥,,t_1500949700961_0808,颜安旺旺杂货铺,,18人付款,浙江 金华,"48小时内发, 包邮",,https://g-search1.alicdn.com/img/bao/uploaded/i4/i4/3350929558/O1CN01ZfqoGS2KTciRPtO44_!!3350929558.jpg,//item.taobao.com/item.htm?id=961790178458&ns=1&abbucket=10&xxc=taobaoSearch&mi_id=00004YE4wmhOKZ9U6kBPVMjHhjmVcmDvxHDu_2Q66UBGlDk&skuId=6031937325856
861541844124,bkmk宽松男t恤猫咪印花潮牌纯棉大码短袖高端夏装洋气痞帅风衣服,499,¥,券后价,bkmk旗舰店,bkmk旗舰店,回头客2万,1000+人付款,山东 临沂,"官方立减12%,  3期, 包邮",材质成分:棉100% | 版型分类:宽松型 | 适用体型:通用型 | 面料:纯棉 | 图案:卡通动漫 | 适用性别:男士 | 适用人群:青少年,https://g-search3.alicdn.com/img/bao/uploaded/i4/i3/2211424951328/O1CN011OXBkv1LgGzgMRvBo_!!4611686018427386912-0-item_pic.jpg,//detail.tmall.com/item.htm?id=861541844124&ns=1&abbucket=10&xxc=taobaoSearch&mi_id=0000A4SvOVOjNvaBlLGzfob6gBk8o6q9gjydCxVweYPSpgk&skuId=5677496580300
672452697088,复线高街男女夏季休闲宽松植绒1977短袖T恤大码情侣装,186.8,¥,券后价,墨迹殇雨,耶和华G,,1000+人付款,安徽 合肥,"官方立减12%, 退货宝, 包邮, 公益宝贝",材质成分:棉100% | 版型分类:宽松型 | 面料:纯棉 | 适用性别:男女通用 | 适用人群:男童,https://g-search1.alicdn.com/img/bao/uploaded/i4/i1/2648261225/O1CN01Lz28kt1Kv64nMY6fh_!!2648261225.jpg,//item.taobao.com/item.htm?id=672452697088&ns=1&abbucket=10&xxc=taobaoSearch&mi_id=0000VUVlZi3yu0YWq-GMuiOzZ7Z20LnK182baciq9WfuooI&skuId=5802393873188
,,,,,,,,,,,,,
672042476234,Kaws&instagram芝麻街竖版挂布背景布趣味动漫卧室改造欧美风挂毯,25,¥,券后价,熊壮壮壮壮沧,Malestused 自制,6年老店,0人付款,浙江 嘉兴,淘金币已抵0.75元,图案:卡通动漫 | 材质:毛绒 | 风格:美式乡村 | 挂毯形状:长方形 | 挂毯售卖方式:成品 | 产地:中国大陆 | 挂毯清洗方式:可手洗,https://g-search3.alicdn.com/img/bao/uploaded/i4/i1/2658130869/O1CN01Ov0u6x1II2vZlo1Yr_!!2658130869.jpg,//item.taobao.com/item.htm?id=672042476234&ns=1&abbucket=10&xxc=taobaoSearch&mi_id=0000yYHnlqUUM4t5q6g85lIR_z7YBhIc0s-wh-Dz3kAGwek&skuId=4839780728811
1018237851362,现代简约客厅装饰画潮牌暴力熊沙发背景墙挂画kaws乐高积木三联画,239.4,¥,券后价,tb216027821767,tb216027821767,,0人付款,河南 郑州,"淘金币已抵1.43元, 包邮",图案主题:抽象 | 风格匹配:现代简约,https://g-search3.alicdn.com/img/bao/uploaded/i4/i4/2221009900092/O1CN01naG3sx1CYBYSJBhGJ_!!4611686018427384380-0-item_pic.jpg,//item.taobao.com/item.htm?id=1018237851362&ns=1&abbucket=10&xxc=taobaoSearch&mi_id=0000ueGyz-TLF0KxZdMrGZHOY4GUBpKkYcVqAyCn0CI9Za8&skuId=6194994483016
920369857855,十个勤天Holdoumen2025春夏日常系列涂鸦多巴胺配色后陡门潮牌T恤,49.9,¥,券后价,男神炫荣,十个晴天线上店,,41人付款,广东 揭阳,"官方立减12%, 店铺满30减10, 淘金币已抵0.99元, 退货宝, 包邮",版型分类:宽松型 | 图案:卡通动漫 | 适用人群:青少年,https://g-search1.alicdn.com/img/bao/uploaded/i4/i1/3033258839/O1CN01mytpuR2FAJsRcygWl_!!3033258839.png,//item.taobao.com/item.htm?id=920369857855&ns=1&abbucket=10&xxc=taobaoSearch&mi_id=0000wN1hNRJALONgCEvtP5cNFxeHB_Fvl8FjkvKaRqhzJ4Q&skuId=5960392883075
666647434110,Kaws芝麻街手提电脑包16寸华为荣耀pro内胆包戴尔G3游戏本15.6寸华硕天选ins风苹果13小米笔记本联想14保护套,45.8,¥,券后价,荆虹数码专营店,荆虹数码专营店,6年老店,6人付款,河南 郑州,"官方立减12%, 包邮",款式:多用设计 | 风格:卡通 | 尺寸:14英寸,https://g-search1.alicdn.com/img/bao/uploaded/i4/i4/2206913206106/O1CN01NoRpiz1uybFZvxlSV_!!0-item_pic.jpg,//detail.tmall.com/item.htm?id=666647434110&ns=1&abbucket=10&xxc=taobaoSearch&mi_id=0000ZcreVNSAZfSmVuYetkV4_FTllIQyeLQtFxEH9ojOpsE&skuId=4978384623214
1019696806896,莆田鸳鸯dunk情侣款男女鞋2026新款厚底真皮运动休闲板鞋百搭鞋子,238,¥,券后价,范普森鞋类旗舰店,范普森鞋类旗舰店,6年老店,4人付款,福建 莆田,"官方立减12%, 包邮, 公益宝贝",鞋面材质:头层牛皮（除牛反绒） | 款式:板鞋 | 鞋头款式:圆头 | 季节:春秋 | 品牌:范普森 | 功能:耐磨 | 适用对象:青年,https://g-search1.alicdn.com/img/bao/uploaded/i4/i3/2206735295192/O1CN01e7SHZL1oDzUnBzKs8_!!4611686018427380440-0-item_pic.jpg,//detail.tmall.com/item.htm?id=1019696806896&ns=1&abbucket=10&xxc=taobaoSearch&mi_id=0000UFCthxahvlq-JzYhUmEQl9elkGCyW4gM3amrmuoiZ98&skuId=6195586366073
956991390790,搞钱做慈善 3A260克纯棉双纱！向上侠！重磅情侣女宽松短袖T恤男,39.8,¥,券后价,亮亮时尚鞋行,搞钱做慈善工作室,回头客30万,1万+人付款,广东 广州,"超级立减2.7元, 48小时内发, 包邮",材质成分:棉100% | 版型分类:宽松型 | 面料:棉 | 适用性别:男女通用,https://g-search3.alicdn.com/img/bao/uploaded/i4/i4/839766424/O1CN01V9jt7V1xKFHvguQlN_!!839766424.jpg,//item.taobao.com/item.htm?id=956991390790&ns=1&abbucket=10&xxc=taobaoSearch&mi_id=0000HStble1dOOyWw8Z4Bfoos7cGD65VL9E5Qc2cGbZs5qo&skuId=5465678797644
672742212908,纯棉夏季打底短袖男芝麻街卡通2024新款潮ins情侣宽松黑色T恤上衣,149,¥,券后价,棠柚旗舰店,棠柚旗舰店,8年老店,24人付款,山东 潍坊,"官方立减12%,  3期, 店铺满35减2, 淘金币已抵1.77元, 退货宝, 包邮, 公益宝贝",材质成分:棉100% | 版型分类:宽松型 | 适用人群:青少年,https://g-search3.alicdn.com/img/bao/uploaded/i4/i3/3340201607/O1CN010C0Gob1Nk3EE3Y6S9_!!0-item_pic.jpg,//detail.tmall.com/item.htm?id=672742212908&ns=1&abbucket=10&xxc=taobaoSearch&mi_id=000065BwPiz2rEonL0AIhW_ZARThrRLura4FXWIjaMaKoSs&skuId=4843759448653
930152400400,现代轻奢kaws积木暴力熊潮流客厅玄关走廊过道装饰画芯图片素材,12.9,¥,,weijingtang1314,顽皮精品素材,8年老店,9人付款,陕西 西安,包邮,,https://g-search3.alicdn.com/img/bao/uploaded/i4/i2/900164224/O1CN01Kn1zmL1h4dw33kfxJ_!!900164224.jpg,//item.taobao.com/item.htm?id=930152400400&ns=1&abbucket=10&xxc=taobaoSearch&mi_id=0000X9u-smrtWC2mg52GMN4K2iCC_jdxROuaOnf70HO0TvY&skuId=null
1007559568300,正品Jordan1黑曜石男鞋黑白熊猫板鞋AJ1倒钩烟灰情侣高帮运动鞋女,198,¥,券后价,vito67,dunk low板鞋上海店,,9人付款,福建 泉州,"淘金币已抵3.16元, 包邮",,https://g-search3.alicdn.com/img/bao/uploaded/i4/i2/2993257300/O1CN01Qs2a4m23nSOdzHIlc_!!2993257300.jpg,//item.taobao.com/item.htm?id=1007559568300&ns=1&abbucket=10&xxc=taobaoSearch&mi_id=00004m0MzjAOgVjPGg6O9kzsSyyn6gf7-wuzN3tTLyeXnqM&skuId=6167083978984
664945850306,情侣kaws小熊头苹果13pro手机壳16透明iphone12新款11promax潮牌14max创意15小熊8plus简约7个性mini男女xr套,68,¥,券后价,文妤数码专营店,文妤数码专营店,回头客2万,8人付款,广东 广州,"官方立减12%, 淘金币已抵0.41元, 包邮",保护套质地:硅胶 | 功能:防摔 | 适用手机型号:iPhone 16 | 风格:卡通 | 适用手机机型:Apple/苹果 | 品牌:MSMF/美十美分,https://g-search2.alicdn.com/img/bao/uploaded/i4/i2/2206385492922/O1CN01biWsxe1XSK29uGzoC_!!0-item_pic.jpg,//detail.tmall.com/item.htm?id=664945850306&ns=1&abbucket=10&xxc=taobaoSearch&mi_id=0000U7rSApIO-WokEKRad-V7KGJsZ-omkeB0SbnkuH0ly10&skuId=5582572493837
925410631277,美式vintage复古印花潮流短袖t恤男女夏季欧美街头风潮牌ins上衣,5.99,¥,,asdfghjklz转身不回头,杰袖男女装,回头客1万,700+人付款,广东 揭阳,"48小时内发, 包邮",版型分类:宽松型 | 面料:聚酯纤维（涤纶） | 适用人群:青少年,https://g-search3.alicdn.com/img/bao/uploaded/i4/i3/2400791474/O1CN01FR5XzD1Ml8rDzPDVf_!!2400791474.jpg,//item.taobao.com/item.htm?id=925410631277&ns=1&abbucket=10&xxc=taobaoSearch&mi_id=0000IU0vqawjmL0HdlSEzb7DcNDXHTG0eDa9ZmXyZjgTinI&skuId=5974011071968
763621785897,KAWS芝麻街车载香水香薰空调出风口潮牌潮玩车内饰品摆件汽车装饰,19.9,¥,券后价,湖水没顶,潮玩车饰车品,17年老店,2人付款,广东 广州,"官方立减12%, 退货宝, 包邮",,https://g-search2.alicdn.com/img/bao/uploaded/i4/i1/26019304/O1CN011uO03F2IbHuscdkWU_!!26019304.jpg,//item.taobao.com/item.htm?id=763621785897&ns=1&abbucket=10&xxc=taobaoSearch&mi_id=0000nlqOl_y7ZklBEvToHUuYzIBNFORUHqOwzWxIX4n-yyE&skuId=5259194693464
964359963843,WASSUP HAPPY豹纹Kitty猫工装牛仔裤男秋冬季潮牌直筒阔腿长裤子,239,¥,券后价,tb7195487527,WASSUP HAPPY中国品牌,回头客4万,4人付款,浙江 杭州,"官方立减12%, 包邮",版型:宽松 | 洗水工艺:水洗 | 款式版型:宽松直筒,https://g-search3.alicdn.com/img/bao/uploaded/i4/i1/2215742550480/O1CN01STwaI21FPtDrr17u4_!!2215742550480.jpg,//item.taobao.com/item.htm?id=964359963843&ns=1&abbucket=10&xxc=taobaoSearch&mi_id=0000CEPCpGUAEM6ZhNKUq4ipavs-0imjTJeuEY2QLrmmeag&skuId=6158477002208
1014768456880,会说话的汤姆猫鞋子男多巴胺板鞋情侣面包鞋春秋款潮牌休闲运动鞋,159,¥,券后价,talkingtom汤姆猫企业店,会说话的汤姆猫鞋类企业店,,44人付款,福建 泉州,"超级立减50元, 退货宝, ifashion, 48小时内发, 包邮",风格:青春潮流 | 鞋面材质:合成革 | 款式:板鞋 | 鞋头款式:圆头 | 季节:春秋 | 品牌:TALKING TOM/汤姆猫 | 适用对象:青年,https://g-search2.alicdn.com/img/bao/uploaded/i4/i2/2216720845106/O1CN01KUwhCT1nabQ2yAiqr_!!2216720845106.jpg,//item.taobao.com/item.htm?id=1014768456880&ns=1&abbucket=10&xxc=taobaoSearch&mi_id=0000_G8PXx_RZ2mMJInfvDqm2FXjN-c88kb5QIN4OPrXjRU&skuId=6017932729712
672042856307,汽车摆件车载男士专用车内饰品个性创意kaws考斯公仔车上装饰xx眼,136,¥,,abbyqueens,呆小瓜车品,,2人付款,广东 东莞,包邮,,https://g-search2.alicdn.com/img/bao/uploaded/i4/i1/2212533005331/O1CN01ftBdW01pFeB7nlLfX_!!2212533005331.jpg,//item.taobao.com/item.htm?id=672042856307&ns=1&abbucket=10&xxc=taobaoSearch&mi_id=0000hA4Et6Y8EWLh7IV1e0rEBhmCx50cl1VwhHTBpyITbbI&skuId=5013122506575
669882119732,KAWS潮牌消防栓装饰贴纸遮挡电表箱竖款装饰遮挡消防门箱贴画墙贴,37.9,¥,券后价,微家装饰,微家装饰,回头客1万,87人付款,河南 洛阳,"官方立减12%, 店铺满20减1, 退货宝, 包邮",主题图案:人物图案 | 基材类型:PVC | 套装数量:1片 | 适用场景:玄关,https://g-search1.alicdn.com/img/bao/uploaded/i4/i4/3380700593/O1CN01ie0w9A1GFdbeJZeYN_!!3380700593.jpg,//item.taobao.com/item.htm?id=669882119732&ns=1&abbucket=10&xxc=taobaoSearch&mi_id=0000GW3ivVqpWs3tYIjbALgkuIMFMopPds8ba9QgKd8LOV4&skuId=4818780109185
977904553888,仅几件原单！HUMAN MADE x KAWS MADE 阿罗哈夏威夷衬衫短裤 套装,179,¥,,tb248701904201,复古美式屋,,1人付款,北京,"24小时内发, 包邮",面料:棉 | 版型分类:标准 | 穿着方式:开衫 | 适用性别:男女通用 | 适用场景:日常,https://g-search3.alicdn.com/img/bao/uploaded/i4/i4/2220796420553/O1CN0146U5H71FxK7CxBoGw_!!2220796420553.png,//item.taobao.com/item.htm?id=977904553888&ns=1&abbucket=10&xxc=taobaoSearch&mi_id=0000n53r0GC-GEOkH0WKzKHdJ9IzTiozIVx47mAiiGIM2sA&skuId=6098714035847
582484321181,国内现货正品代购优衣库 男装/女装(UT) kaws卫衣467773/467395,249,¥,,放心的e世界,妮妮正品代购 全球购,,0人付款,日本,"全球购, 包邮",版型分类:宽松型 | 领型设计:圆领,https://g-search3.alicdn.com/img/bao/uploaded/i4/i4/849928911/O1CN01zIScjt2FhIDUXDBJr_!!849928911.jpg,//item.taobao.com/item.htm?id=582484321181&ns=1&abbucket=10&xxc=taobaoSearch&mi_id=0000czu-TfbPIOvCRWwEF0OyEA5M6CrPf7D8_r15DgKJVbA&skuId=4043260672981
920033104144,暴力熊玄关装饰画Kaws积木潮流走廊过道壁画客厅轻奢落地画背景墙,29.9,¥,券后价,艺画装饰工厂店,Exclusive艺画,,3人付款,河南 商丘,"官方立减12%,  3期, 淘金币已抵0.89元, 退货宝, 上门安装, 包邮, 公益宝贝",适用空间:客厅 | 风格匹配:现代简约 | 装裱方式:有框 | 是否带框:有框 | 画芯材质:布纹膜,https://g-search1.alicdn.com/img/bao/uploaded/i4/i2/2214360784804/O1CN01c63ceI1lMHXEckxN3_!!2214360784804.jpg,//item.taobao.com/item.htm?id=920033104144&ns=1&abbucket=10&xxc=taobaoSearch&mi_id=00006oerCvp-y6fCnB_EBbBLjIYDGLTgIly09watv1fVCh0&skuId=5006631297757
667836855888,优衣库男袜KAWS合作款纯色花色中筒长筒袜子纯棉吸汗普通款百搭款,14.9,¥,,川泽大海与微光,优家搬运工,,11人付款,黑龙江 哈尔滨,,筒高:长筒 | 袜子功能用途:吸湿排汗 | 适用季节:四季通用 | 面料主材质:棉 | 适用性别:男 | 品牌:Uniqlo/优衣库,https://g-search3.alicdn.com/img/bao/uploaded/i4/i3/2207576062098/O1CN01mJZdVX1RMvgLOvQjd_!!2207576062098.jpg,//item.taobao.com/item.htm?id=667836855888&ns=1&abbucket=10&xxc=taobaoSearch&mi_id=0000bqNr3-xMpuAlrD3SjvmL59famd8vr9LnNRcEVI8IpQA&skuId=5724203244754
669192540287,diy手工潮牌芝麻街kaws公仔挂件老花车钥匙包牛皮包挂饰礼物个性,99,¥,券后价,静夕夏,小镇姑娘皮艺手工馆,11年老店,2人付款,北京,"官方立减12%, 淘金币已抵0.76元, 包邮",,https://g-search1.alicdn.com/img/bao/uploaded/i4/i2/1064466448/O1CN0103obEg1xVEZj7Y28H_!!1064466448.jpg,//item.taobao.com/item.htm?id=669192540287&ns=1&abbucket=10&xxc=taobaoSearch&mi_id=0000YYNvzL2h0F44TM4AlveV1hoNjg7frM6OMv-Jwc21sis&skuId=4994300227271
959905874114,奔斯特【优盾磁吸壳】苹果11pro个性手机壳12magsafe适用于iPhone小众15plus少年13防摔14max滑板kaws,114.5,¥,券后价,奔斯特旗舰店,奔斯特旗舰店,,0人付款,广东 广州,"官方立减12%, 淘金币已抵0.68元, 包邮",是否使用环保材质:含环保材料 | 保护套质地:塑料 | 功能:强磁吸附 | 适用手机型号:iPhone 13 Pro | 风格:少年 | 适用手机机型:Apple/苹果,https://g-search3.alicdn.com/img/bao/uploaded/i4/i2/2212382089998/O1CN01g3L7ta2Nj8lgGnuem_!!0-item_pic.jpg,//detail.tmall.com/item.htm?id=959905874114&ns=1&abbucket=10&xxc=taobaoSearch&mi_id=0000lTNQ5E_wKGPcUA1K5NGu8KOo9HzWq5oCNOwIzvxsFBY&skuId=5182478492762
719989954623,汽车创意车载中控台摇头摆件芝麻街新款车内卡通香薰装饰kaws公仔,15.88,¥,券后价,tb194639340,童妮乐玩具店,,2人付款,广东 汕头,"官方立减12%, 退货宝, 包邮",出售状态:现货 | 款式特点:摇头,https://g-search1.alicdn.com/img/bao/uploaded/i4/i1/3917286903/O1CN018z6KyG20rcsid0PHt_!!3917286903.jpg,//item.taobao.com/item.htm?id=719989954623&ns=1&abbucket=10&xxc=taobaoSearch&mi_id=0000QsBvlYoTpEq56j_csH_0Dn3cJrq2JB6LUNyRU9rWNp4&skuId=5014804592972
877352983392,儿童房卧室暴力熊玄关kaws装饰画带灯潮流横幅挂画客厅入户床头壁,39,¥,券后价,茵瑟旗舰店,茵瑟旗舰店,,10人付款,河南 郑州,"店铺满25减3, 包邮",材质:水晶 | 画芯材质:烤瓷晶瓷 | 图案主题:卡通动漫 | 适用空间:卧室 | 风格匹配:潮流 | 装裱方式:无框,https://g-search3.alicdn.com/img/bao/uploaded/i4/i1/2218664317905/O1CN01Z7I6dS28GXvri2iYP_!!4611686018427384785-0-item_pic.jpg,//detail.tmall.com/item.htm?id=877352983392&ns=1&abbucket=10&xxc=taobaoSearch&mi_id=0000fkmiYeMbx3TnHNqaNmIcQfQS-HD7dmlri2UqDni6tqA&skuId=5718880365742
775350871795,芝麻街Kaws鼠标垫子小号游戏电脑键盘垫写字垫笔记本电脑垫定制,5.54,¥,,米诺奇旗舰店,米诺奇旗舰店,回头客4万,15人付款,广东 深圳,"48小时内发, 包邮",材质:橡胶 | 厚度:2mm | 适用型号:通用 | 尺寸:210x260mm | 品牌:米诺奇,https://g-search3.alicdn.com/img/bao/uploaded/i4/i3/2212343602/O1CN01urX98u1cTlZ9swuxy_!!0-item_pic.jpg,//detail.tmall.com/item.htm?id=775350871795&ns=1&abbucket=10&xxc=taobaoSearch&mi_id=0000uQMCbvN8PaZv3lM5uu4JOeVXHmANf9Q-4fSscZzX_WE&skuId=5471926626286
731767935235,Kaws芝麻街笔记本保护壳适用苹果macbookpro14外壳air15电脑macbook笔记本13保护套M1贴纸16寸配件M2软壳防摔,36,¥,券后价,荆虹数码专营店,荆虹数码专营店,6年老店,3人付款,河南 郑州,"官方立减12%, 包邮",,https://g-search3.alicdn.com/img/bao/uploaded/i4/i2/2206913206106/O1CN01okW9cj1uybF1Rdgvb_!!0-item_pic.jpg,//detail.tmall.com/item.htm?id=731767935235&ns=1&abbucket=10&xxc=taobaoSearch&mi_id=0000brfoDDUX4-W98_xe-YNk00IVwQP4REdbSBh4W6Cw6is&skuId=5240084719778
749752606268,kaws横幅装饰画潮牌卡通儿童房卧室床头挂画酒店样板间大幅壁画,78,¥,券后价,唐针旗舰店,唐针旗舰店,,200+人付款,河南 商丘,"官方立减12%,  3期, 店铺满39减5, 退货宝, 上门安装, 破损包退, 包邮",画芯材质:烤瓷水晶 | 图案主题:卡通动漫 | 适用空间:卧室 | 风格匹配:潮流 | 装裱方式:有框 | 材质:铝合金,https://g-search3.alicdn.com/img/bao/uploaded/i4/i2/2214637968889/O1CN01fCJka52FXDWkoEF0h_!!0-item_pic.jpg,//detail.tmall.com/item.htm?id=749752606268&ns=1&abbucket=10&xxc=taobaoSearch&mi_id=0000gcv0DD6CdlgDIlHLQQJAJeuJ8cGVjkQYKnYlda3UVjs&skuId=5338563802430
926401967887,个性卡通芝麻街KAWS防晒贴纸滑板旅行箱拉杆箱电脑手机汽车防水贴,68,¥,券后价,铭途汽车用品专营店,铭途汽车用品专营店,11年老店,2人付款,浙江 金华,"官方立减12%, 包邮",贴膜类型:全车贴 | 材质:贴纸 | 图案:卡通动漫 | 品牌:linyue,https://g-search3.alicdn.com/img/bao/uploaded/i4/i2/2104607825/O1CN01kk5x6v27ftxVVnsRC_!!0-item_pic.jpg,//detail.tmall.com/item.htm?id=926401967887&ns=1&abbucket=10&xxc=taobaoSearch&mi_id=0000dpv9yFGj3zMfSO1UVJVLzw1CSdHYRoo4HsGfTRvBxe0&skuId=5004497915529
720030738595,ins风网红床边地毯卧室客厅阳台潮流kaws个性衣帽间床前防滑地垫,49.75,¥,券后价,囍吖旗舰店,囍吖旗舰店,回头客6万,300+人付款,天津,"官方立减12%, 包邮",吸音性能:强吸音 | 清洗类型:可机洗 | 可定制性:支持定制 | 适用空间:客厅 | 形状:长方形 | 风格:卡通 | 表面材质:混纺,https://g-search2.alicdn.com/img/bao/uploaded/i4/i3/2215588376853/O1CN01LOG7En20UjKbnZHdx_!!4611686018427384085-0-item_pic.jpg,//detail.tmall.com/item.htm?id=720030738595&ns=1&abbucket=10&xxc=taobaoSearch&mi_id=0000DBvKT9TFxRc8Xisyp3bE-XX6WfL7bezJgKVRkwEGMn8&skuId=5190938663759
739577171084,潮玩Kaws坐姿公仔长沙限定ifs手办考斯玩偶kwas居家艺术摆件 现货,197,¥,券后价,tb4476160662,靠谱青年Lab,,22人付款,湖南 邵阳,"官方立减12%, 淘金币已抵5.88元, 30天价保, 退货宝, 包邮",款式类型:特别版 | 出售状态:现货 | 系列类型:联名系列,https://g-search1.alicdn.com/img/bao/uploaded/i4/i2/2206804004995/O1CN01PR91Yh1mllP2UoZov_!!2206804004995.jpg,//item.taobao.com/item.htm?id=739577171084&ns=1&abbucket=10&xxc=taobaoSearch&mi_id=0000HbF2scvl8p8LUYi55ysiim2k0i-qjylBaCG9U-tL_vM&skuId=5099139564366
969398697103,潮流暴力熊客厅装饰画kaws高级感晶瓷画儿童卧室床头挂画电竞墙画,78,¥,券后价,普赫家居旗舰店,普赫家居旗舰店,,1人付款,河南 商丘,"官方立减12%,  3期, 店铺满100减10, 淘金币已抵2.34元, 退货宝, 上门安装, 包邮, 公益宝贝",画框材质:铝合金 | 适用空间:客厅 | 风格匹配:现代简约 | 材质:晶瓷 | 是否带框:有框 | 画芯材质:亚克力,https://g-search3.alicdn.com/img/bao/uploaded/i4/i2/2220111627873/O1CN01Xe8UT1281tJN0t6Fu_!!4611686018427381345-0-item_pic.jpg,//detail.tmall.com/item.htm?id=969398697103&ns=1&abbucket=10&xxc=taobaoSearch&mi_id=0000Y6egKS0cl73bK5rG4bPubRTwBew9adRL-DsEbIamq8U&skuId=6082381446678
775679518868,kaws快捷键鼠标垫子电脑办公桌垫超大加厚书桌垫子定制防滑桌面垫,33.6,¥,,新尚奥旗舰店,新尚奥旗舰店,回头客1万,9人付款,广东 深圳,包邮,材质:橡胶 | 厚度:3mm | 适用型号:通用 | 尺寸:300x800mm,https://g-search3.alicdn.com/img/bao/uploaded/i4/i1/2214256744044/O1CN01RwrEgz1fkCcvPKyRD_!!0-item_pic.jpg,//detail.tmall.com/item.htm?id=775679518868&ns=1&abbucket=10&xxc=taobaoSearch&mi_id=0000W7ZCAwdeilj3ATt8Gs8OBLcoJDu96I9nwtOq38Tyqeg&skuId=5476318011419
967210961321,专业枫木滑板板面kaws时尚潮牌陈列广告装饰室内墙壁挂件双翘,59,¥,,sldhp,木原素studio,9年老店,8人付款,浙江 金华,"退货宝, 包邮",适用对象:女 | 滑板类型:双翘板,https://g-search3.alicdn.com/img/bao/uploaded/i4/i2/686365872/O1CN016G19NR1tFQKFbsos6_!!686365872.jpg,//item.taobao.com/item.htm?id=967210961321&ns=1&abbucket=10&xxc=taobaoSearch&mi_id=00007VuWv2rVCOpbKq_bI7yv4ScTKkS2orSetk-twEobt8E&skuId=4652208587837
675233118509,现代雕塑装饰卡通人物 抽象室内工装 KAWS玩偶 装饰品摆件 SU模型,3.5,¥,券后价,tb8409687929,飞凡设计工作室3859,回头客1万,10人付款,湖南 长沙,"24小时内发, 淘金币已抵0.17元, 包邮",,https://g-search1.alicdn.com/img/bao/uploaded/i4/i1/2212097311004/O1CN01RPQ0uM1JHsakOF7X5_!!2212097311004.jpg,//item.taobao.com/item.htm?id=675233118509&ns=1&abbucket=10&xxc=taobaoSearch&mi_id=0000lK2VVmhGLfrAuTu7T4yIYadfQRTfJNZ64fZe0x_P7Aw&skuId=null
,,,,,,,,,,,,,
,,,,,,,,,,,,,
758116600826,潮牌kaws暴力熊客厅装饰画沙发背景墙面壁画轻奢高级感三联画挂画,276,¥,券后价,异域轩旗舰店,异域轩旗舰店,回头客1万,6人付款,浙江 金华,"超级立减10%, 退货宝, 上门安装, 包邮",画芯材质:油画布 | 图案主题:卡通动漫 | 适用空间:客厅 | 风格匹配:现代简约 | 装裱方式:有框 | 材质:PVC,https://g-search2.alicdn.com/img/bao/uploaded/i4/i1/1780653324/O1CN01XDNkBE1aQRQxE38Hu_!!0-item_pic.jpg,//detail.tmall.com/item.htm?id=758116600826&ns=1&abbucket=10&xxc=taobaoSearch&mi_id=0000uL2X5dS8bcmFNce9i_XOhj4ZBVL1gcKms6on_5_bf4s&skuId=5397618190046
764041362167,25新品安尼画廊kaws卧室装饰画村上隆版画芝麻街太阳花卧室挂画,199,¥,券后价,tb817672_66,安尼畫廊,,12人付款,浙江 杭州,"官方立减12%, 淘金币已抵5.97元, 退货宝, 极有家, 包邮, 公益宝贝",适用空间:家装 | 风格匹配:潮流 | 装裱方式:有框 | 画芯材质:艺术纸,https://picasso.alicdn.com/imgextra/O1CNA1jzKIrB1XWRxB4HNEy_!!755942931-0-psf.jpg,//item.taobao.com/item.htm?id=764041362167&ns=1&abbucket=10&xxc=taobaoSearch&mi_id=0000yMnWr2byfzYVnd9NePAhqPbmhErvr3CniT-K163Eu68&skuId=5430670443897
632552479190,kaws潮流个性改装车身贴汽车贴纸创意卡通小牛摩托车装饰遮盖划痕,64,¥,券后价,美力卡旗舰店,美力卡旗舰店,回头客1万,1人付款,江苏 苏州,"官方立减12%, 店铺满38减3, 淘金币已抵0.96元, 48小时内发, 包邮",贴膜类型:车身贴 | 材质:贴纸 | 服务内容:支持订制 | 图案:卡通动漫,https://g-search3.alicdn.com/img/bao/uploaded/i4/i4/2055715400/O1CN01liJyXm1plFOQa3ZhW_!!0-item_pic.jpg,//detail.tmall.com/item.htm?id=632552479190&ns=1&abbucket=10&xxc=taobaoSearch&mi_id=0000vAHeETbVgRXOoCEBXBdDwlWPzpCBZF4jxS6d7R0RYI8&skuId=4677571346703
837623528291,优衣库男女装亲子UT KAWS + WarholT恤圆领476350/471321/476351,69,¥,,alantang1983,专柜搬运工打折店,9年老店,15人付款,上海,,,https://g-search3.alicdn.com/img/bao/uploaded/i4/i2/693315192/O1CN011ThzS21oDzMpMJtkW_!!693315192.jpg,//item.taobao.com/item.htm?id=837623528291&ns=1&abbucket=10&xxc=taobaoSearch&mi_id=0000YCOi-_p71I2fHduoZjuW9cK4xsFAIFtnXsNUnUgZ-zU&skuId=5961066894351
703210999789,kaws装饰画现代潮流芝麻街客厅卧室鞋柜上方暴力熊涂鸦积木熊壁画,135,¥,券后价,qq490219494,Art galleries,,3人付款,广东 江门,"官方立减12%, 店铺满78减5, 退货宝, 上门安装, 极有家, 包邮",画芯材质:油画布 | 适用空间:客厅 | 风格匹配:艺术 | 装裱方式:有框,https://g-search3.alicdn.com/img/bao/uploaded/i4/i4/109868134/O1CN01uerN9629xQPbhrcb6_!!109868134.jpg,//item.taobao.com/item.htm?id=703210999789&ns=1&abbucket=10&xxc=taobaoSearch&mi_id=0000SuBu4rRvEn_ZBovmdLd0hmDblXLH-P_0oiCOoiZREMI&skuId=5121314006862
961256270470,HUMAN NIGO MADE潮流家居抱枕靠垫卡通汉堡鸭子kaws猿人uzi蝙蝠,119,¥,券后价,楷体39,再来一局,12年老店,36人付款,河北 石家庄,"官方立减12%, 包邮",抱枕枕靠类型:抱枕 | 风格:卡通 | 内芯材质:高弹棉 | 形状:异形 | 外套材质:帆布 | 主图案类型:卡通 | 适用场景:通用,https://g-search2.alicdn.com/img/bao/uploaded/i4/i2/98571086/O1CN01gvJa731JtR7RxANBm_!!98571086.jpg,//item.taobao.com/item.htm?id=961256270470&ns=1&abbucket=10&xxc=taobaoSearch&mi_id=0000kaGWGXACMuwFbZFm9Fw3CAEJmuOhWqH3Gp7voFSMxgE&skuId=5515606892474
988443384088,KAWS适用vivox200手机壳x300新款x100芝麻街x60保护套x80pro潮牌x30全包x70pro卡通x90s趣味x50pro男玻璃防摔,58,¥,券后价,宝紫数码专营店,宝紫数码专营店,6年老店,3人付款,广东 深圳,"淘金币已抵0.33元, 包邮",是否使用环保材质:含环保材料 | 保护套质地:玻璃 | 工艺技术:彩绘 | 适用手机型号:vivo X80 | 适用手机机型:vivo,https://g-search2.alicdn.com/img/bao/uploaded/i4/i3/2206440231430/O1CN01MmRWvT1MQzTK4CKaG_!!4611686018427384326-0-item_pic.jpg,//detail.tmall.com/item.htm?id=988443384088&ns=1&abbucket=10&xxc=taobaoSearch&mi_id=0000GrWvrlPV1ZxAflafGTtLY_X3U1vfpV0CaGlUO0A-IKA&skuId=6117914611517
642506615746,网红kaws芝麻街公仔雕塑暴力熊摆件客厅玄关电视柜旁落地装饰品,375,¥,券后价,顾居家居旗舰店,顾居家居旗舰店,12年老店,0人付款,浙江 金华,"官方立减12%, 淘金币已抵5.61元, 退货宝, 包邮",主体材质:卡通 | 摆放方式:落地,https://g-search3.alicdn.com/img/bao/uploaded/i4/i1/1881524942/O1CN01f0PeQr1mNU1uEBx5W_!!0-item_pic.jpg,//detail.tmall.com/item.htm?id=642506615746&ns=1&abbucket=10&xxc=taobaoSearch&mi_id=0000LMwjrzW63vh5-GqVqTIiDjIpdFD6HDXEDJJpoGMtCOI&skuId=4616726781400
666157805517,kaws公仔芝麻街皮卡丘摆件公仔手办模型暴力熊芝麻街网红潮玩礼物,299,¥,券后价,鼎乐玩具旗舰店,鼎乐玩具旗舰店,9年老店,2人付款,浙江 杭州,"官方立减12%, 包邮, 公益宝贝",出售状态:现货 | 款式特点:关节可动,https://g-search1.alicdn.com/img/bao/uploaded/i4/i4/2933879329/O1CN01NfIyNU2Imjd5yTQyl_!!0-item_pic.jpg,//detail.tmall.com/item.htm?id=666157805517&ns=1&abbucket=10&xxc=taobaoSearch&mi_id=0000mKemeVEKG1fbJLre6Oz9l2sR8pj79jQf8k-KJED1JjU&skuId=4804291069166
740862604974,潮牌卡通KAWS芝麻街适用iPhone17ProMax手机壳个性镭射烫银16PROMAX苹果13磨砂防摔直边15情侣款15保护套硬11,76,¥,券后价,tb77994059,My潮壳,6年老店,3人付款,广东 深圳,"官方立减12%, 淘金币已抵0.22元, 退货宝, 包邮",保护套质地:亚克力 | 适用手机型号:iPhone 11 | 风格:情侣 | 适用手机机型:Apple/苹果,https://g-search3.alicdn.com/img/bao/uploaded/i4/i4/4016875560/O1CN01aLPmfY1qwX0O5202O_!!4016875560.jpg,//item.taobao.com/item.htm?id=740862604974&ns=1&abbucket=10&xxc=taobaoSearch&mi_id=0000rZSFaI1Pkypv0mQFFHL9KK2R55NrdJcFK08ntcVnZA4&skuId=6094528686940
717394358116,卡通暴力熊KAWS北欧风芝麻街现代简约潮流装饰画画芯高清素材图库,9.8,¥,券后价,tb124271797,完美素材街,,3人付款,河南 郑州,"24小时内发, 淘金币已抵0.29元, 包邮, 公益宝贝",,https://g-search2.alicdn.com/img/bao/uploaded/i4/i3/2206924254758/O1CN01qvDjvs1l1DJmhMjx9_!!2206924254758.jpg,//item.taobao.com/item.htm?id=717394358116&ns=1&abbucket=10&xxc=taobaoSearch&mi_id=0000zs4KI8MbEFQ3ptsPVByxIjhAyGdRzauowUPvgdTPo28&skuId=null
987964088418,芝麻街kaws抱枕被车用靠枕午休睡觉两用空调被午睡宿舍折叠毯子,29.8,¥,,tb221226813093,雾之湖精灵之家,,1人付款,浙江 温州,"退货宝, 包邮",填充物:化纤 | 风格:简约现代 | 形状:正方形 | 图案:卡通动漫 | 是否可定制:可定制 | 适用场景:午睡,https://g-search3.alicdn.com/img/bao/uploaded/i4/i4/2218882083305/O1CN01De61KQ1aHk5xXVYOP_!!2218882083305.jpg,//item.taobao.com/item.htm?id=987964088418&ns=1&abbucket=10&xxc=taobaoSearch&mi_id=0000O9nl1NbqIOFA3v9ITiKUEYktOwt63--Nx77MzW6EtfM&skuId=5949961520496
717517464310,kaws客厅装饰画简约现代沙发背景墙挂画潮流轻奢玄关涂鸦画落地画,48,¥,券后价,韩兮家居旗舰店,韩兮家居旗舰店,,0人付款,河南 商丘,"官方立减12%, 店铺满50减2, 淘金币已抵1.44元, 退货宝, 包邮",材质:水晶 | 图案主题:卡通动漫 | 适用空间:玄关 | 风格匹配:国潮 | 装裱方式:有框 | 画芯材质:布纹膜,https://g-search2.alicdn.com/img/bao/uploaded/i4/i4/2215774561541/O1CN01c8nabH1NFpB1cOPUf_!!2215774561541.jpg,//detail.tmall.com/item.htm?id=717517464310&ns=1&abbucket=10&xxc=taobaoSearch&mi_id=0000ObKfEGCj8hIxsJhfsmXhEnr5PJSo9YGXnu18KuFiZDc&skuId=5010867105485
827906960716,476316日单男装女装情侣装KAWS休闲教练茄克外套夹克秋款y474138,95,¥,,tb579381553,小丁丫168同款自制店,,7人付款,江苏 苏州,包邮,适用季节:秋季 | 适用性别:男女通用 | 基础风格:简约,https://g-search1.alicdn.com/img/bao/uploaded/i4/i1/2214999961402/O1CN01zPuLxu1MEAOCfViV0_!!2214999961402.jpg,//item.taobao.com/item.htm?id=827906960716&ns=1&abbucket=10&xxc=taobaoSearch&mi_id=0000jIT02OrpVk8lWukHwVsAY6K3ZijCCVBieAlcL5Bm7mc&skuId=5555626189105
,,,,,,,,,,,,,
566104261759,kaws雨伞芝麻街xx潮牌防晒超轻伞男女街头嘻哈黑胶自动开合晴雨伞,38,¥,,豆子妞妞,豆子妞妞礼品伞,7年老店,13人付款,浙江 绍兴,包邮,款式:三折伞 | 伞杆材质:碳素钢 | 适用对象:成年人,https://g-search2.alicdn.com/img/bao/uploaded/i4/i2/TB16.iDekSWBuNjSszdYXHeSpXa_M2.SS2,//item.taobao.com/item.htm?id=566104261759&ns=1&abbucket=10&xxc=taobaoSearch&mi_id=0000PfwY7gjU33WpMpnuDw-r2SSp0I74XikZnUny5eHngvE&skuId=3686698725400
943317798887,kaws芝麻街公仔客厅高档轻奢潮玩暴力熊桌面摆件手办卡通家居礼物,320,¥,,银升号,银升号Z,7年老店,2人付款,广东 广州,包邮,出售状态:现货 | 适用年龄:6周岁以上,https://g-search2.alicdn.com/img/bao/uploaded/i4/i4/4253370016/O1CN011u5EZ61BzNP6eTxkS_!!4253370016.jpg,//item.taobao.com/item.htm?id=943317798887&ns=1&abbucket=10&xxc=taobaoSearch&mi_id=0000_dAdifjTGQHP9dQfNIzzaLD77iqZ0etdDeApNLfpxQc&skuId=5846506521475
999155738101,kaws客厅沙发背景墙装饰画克莱因蓝潮牌挂画卡通公仔卧室床头壁画,56,¥,券后价,tb4019270902,方天画极饰画,,1人付款,浙江 金华,"官方立减12%, 店铺满100减10, 淘金币已抵0.92元, 退货宝, 极有家, 包邮",画框材质:金属 | 画芯材质:油画布 | 图案主题:卡通动漫 | 适用空间:卧室 | 风格匹配:现代简约 | 装裱方式:有框,https://g-search3.alicdn.com/img/bao/uploaded/i4/i1/2209208695565/O1CN01jqCR4W1qypDNqeRFv_!!2209208695565.jpg,//item.taobao.com/item.htm?id=999155738101&ns=1&abbucket=10&xxc=taobaoSearch&mi_id=0000Bea0HFBCjbPNRtmdBMnL7ou5o8O97Ilw38zq-Mq8epw&skuId=6150026326264
656727613636,卡通kaws玻璃钢雕塑网红芝麻街暴力熊客厅装饰潮流公仔落地大摆件,288,¥,券后价,诗源雕塑,诗源雕塑,,2人付款,福建 泉州,"官方立减12%, 店铺满2000减200, 淘金币已抵8.64元, 退货宝, 包邮, 公益宝贝",主体材质:卡通 | 表面工艺:半手工,https://g-search3.alicdn.com/img/bao/uploaded/i4/i1/2212529352631/O1CN01eiwWir1VJ2kzb0taH_!!2212529352631.jpg,//item.taobao.com/item.htm?id=656727613636&ns=1&abbucket=10&xxc=taobaoSearch&mi_id=0000B5Ktg6L8xUFhKYmljQWvY1wx3XYMh25s6ICH_3agxio&skuId=4910456154325
873549297607,Kaws 长沙IFS限定 Seeing/Watching 单肩手提包托特包购物袋 潮,45,¥,,黄柏榕28096,KK优品毛绒玩具店,5年老店,3人付款,广东 深圳," 3期, 48小时内发, 包邮",质地:帆布 | 大小:大 | 款式:单肩包 | 风格:卡通 | 内部结构:手机袋 | 闭合方式:敞口 | 适用场景:休闲,https://g-search1.alicdn.com/img/bao/uploaded/i4/i3/2542900723/O1CN01hronsX1HDBNlRZFi2_!!2542900723.jpg,//item.taobao.com/item.htm?id=873549297607&ns=1&abbucket=10&xxc=taobaoSearch&mi_id=00008lcirii_0Uo86vh_m4X_VzvwpJmUwNIGpxy-RstsUIc&skuId=5876351799660
666129266964,KAWS潮芝麻个性男switchpro收纳包PS4/PS5手柄任天堂卡通路飞硬包,35,¥,券后价,tan04,白熊市集 领劵下单更优惠,14年老店,0人付款,广东 深圳,"官方立减12%, 店铺满25减3, 包邮",,https://g-search3.alicdn.com/img/bao/uploaded/i4/i1/456548123/O1CN010qWHGq29sNyT3J67A_!!456548123.jpg,//item.taobao.com/item.htm?id=666129266964&ns=1&abbucket=10&xxc=taobaoSearch&mi_id=0000hviEG27vR7mrzDUuhduwTKl53tw8rjgnuAA0rXo_uzY&skuId=4969526598921
566043752160,kaws公仔坐姿暴力熊芝麻街座椅商场玩偶椅子大摆件卡通雕塑玻璃,78,¥,,哆哆好卖家,哆哆好卖家,7年老店,0人付款,江苏 宿迁,,表面工艺:纯手工 | 主体材质:卡通 | 摆放方式:落地,https://g-search3.alicdn.com/img/bao/uploaded/i4/i3/3821277256/O1CN01qcQlPU23TIbleljch_!!3821277256.jpg,//item.taobao.com/item.htm?id=566043752160&ns=1&abbucket=10&xxc=taobaoSearch&mi_id=0000N0QFksD1LItdBC7x-aM1JxgmC-VD4WUTsNrV3ZGFvNY&skuId=4850093228980
849300541322,Kaws玄关装饰画现代简约科技感电子屏数显时钟挂画芝麻街公仔钟表,276,¥,券后价,识禾旗舰店,识禾旗舰店,,2人付款,江西 赣州,"店铺满128减10, 退货宝, 破损包退, 包邮",风格:简约现代 | 动力类型:电池 | 适用空间:书房 | 图案:卡通动漫 | 形状:异形 | 组合形式:单件套 | 材质:钢化膜镜面 | 工艺:喷绘,https://g-search3.alicdn.com/img/bao/uploaded/i4/i3/2217286877094/O1CN01dV86CF22H6hEk89Fg_!!0-item_pic.jpg,//detail.tmall.com/item.htm?id=849300541322&ns=1&abbucket=10&xxc=taobaoSearch&mi_id=0000-hLLfamGwxegoIS-mfPZ_eZ5gdP68i2020BYfONfxmo&skuId=5807076335799
624963067666,亨恋ins网红kaws联名芝麻街新款热转印辅料贴柯式过粉胶印烫画贴,3.8,¥,券后价,龙爱服饰公司,亨恋烫画世家,回头客1万,16人付款,湖北 武汉,"店铺满19减3, 淘金币已抵0.04元",,https://g-search3.alicdn.com/img/bao/uploaded/i4/i4/2275608574/O1CN01VMlprw2DCwk4AplhF_!!0-item_pic.jpg,//item.taobao.com/item.htm?id=624963067666&ns=1&abbucket=10&xxc=taobaoSearch&mi_id=0000vRCCNQahuabQQU0p0YSIMK3x7OGDDI79odwV_WMC5UY&skuId=4418643188828
949864839411,KAWS潮牌客厅装饰画抽象公仔沙发背景墙挂画暴力熊玄关墙卧室壁画,25.6,¥,券后价,婵_铭蝉_鸣,一铭画廊,5年老店,2人付款,河南 商丘,"官方立减12%, 淘金币已抵0.38元, 退货宝, 包邮, 公益宝贝",图案主题:抽象 | 适用空间:通用 | 风格匹配:潮流 | 装裱方式:有框 | 画芯材质:布纹膜,https://g-search3.alicdn.com/img/bao/uploaded/i4/i2/2639670536/O1CN01NpcsiR1FpXMbYMFUM_!!2639670536.jpg,//item.taobao.com/item.htm?id=949864839411&ns=1&abbucket=10&xxc=taobaoSearch&mi_id=0000RnUkN_GAqBO9_rxRTbJ6U1XlMZ1bkArwSvNJUhX1SMs&skuId=5864699936380
766177049431,翻毛皮潮牌卡通kaws芝麻街iPhone17ProMax磁吸手机壳个性原创16Pro适用苹果15pro创意男女14皮质13防摔保护套,33.8,¥,券后价,善牛旗舰店,善牛旗舰店,,8人付款,广东 深圳,"官方立减12%, 淘金币已抵1.01元, 包邮",是否使用环保材质:含环保材料 | 保护套质地:翻毛皮 | 适用手机型号:iPhone 11 | 风格:个性 | 适用手机机型:Apple/苹果,https://g-search2.alicdn.com/img/bao/uploaded/i4/i4/2211978373830/O1CN01gUJRR81eAC1cXPdSi_!!4611686018427382470-0-item_pic.jpg,//detail.tmall.com/item.htm?id=766177049431&ns=1&abbucket=10&xxc=taobaoSearch&mi_id=0000ug6gVV2aiszAzHzuPTWzcQ60ncnHfEHIIjEO47Rqb00&skuId=5939660273973
637039388979,网红暴力熊摆件kaws芝麻街潮玩公仔玄关客厅电视柜桌面家居装饰品,153,¥,券后价,绣宫坊旗舰店,绣宫坊旗舰店,15年老店,6人付款,浙江 金华,"超级立减10%, 退货宝, 包邮",表面工艺:纯手工 | 主体材质:卡通,https://g-search3.alicdn.com/img/bao/uploaded/i4/i1/667420195/O1CN01X7iLv01DJLvIN2rY3_!!0-item_pic.jpg,//detail.tmall.com/item.htm?id=637039388979&ns=1&abbucket=10&xxc=taobaoSearch&mi_id=0000frwCsGv4GLJ1SQbSbYB1M95soCZ3nCDXYz3MlOwbmDg&skuId=4611907920384
967872147867,暴力熊装饰画客厅挂画kaws潮牌壁画现代简约走道玄关轻奢背景墙画,45,¥,券后价,tb025425096,博睿斯家居,,0人付款,河南 商丘,"官方立减12%, 淘金币已抵0.45元, 退货宝, 包邮",图案主题:卡通动漫 | 适用空间:卧室 | 风格匹配:个性 | 装裱方式:有框 | 画芯材质:水晶膜,https://g-search3.alicdn.com/img/bao/uploaded/i4/i1/2216570015103/O1CN01igorrR1nZE7SgKZLS_!!2216570015103.jpg,//item.taobao.com/item.htm?id=967872147867&ns=1&abbucket=10&xxc=taobaoSearch&mi_id=00001RwKYiuJzMND0fK5PAW-c2Rs_aJL8paK9XWBmtSSm38&skuId=5260192705302
749815859793,芝麻街kaws男童卫衣秋冬2025新款中大童装薄绒上衣儿童潮牌上衣服,112,¥,券后价,tianffy雪,小班家 原创童装,6年老店,4人付款,河北 沧州,"官方立减12%, 淘金币已抵2.24元, 包邮, 公益宝贝",安全等级:B类 | 是否带帽子:无帽子 | 风格:卡通 | 适用季节:冬季,https://g-search3.alicdn.com/img/bao/uploaded/i4/i3/3298778453/O1CN01v7SJ9X2CJWqIjiFSS_!!3298778453.jpg,//item.taobao.com/item.htm?id=749815859793&ns=1&abbucket=10&xxc=taobaoSearch&mi_id=0000c2KdZLgO7YwPC_WEQRmPM4LdKWbDepb0LM9fE6S25MM&skuId=5341792275079
608361515478,kaws暴力熊壁画公仔大幅潮牌客厅玄关蓝红色芝麻街装饰画艺术挂画,96,¥,券后价,崔亚88,亚雅画艺,7年老店,1人付款,河南 郑州,"官方立减12%, 店铺满99减5, 24小时内发, 退货宝, 包邮",画芯材质:油画布 | 图案主题:卡通动漫 | 适用空间:客厅 | 风格匹配:现代简约 | 装裱方式:有框,https://g-search3.alicdn.com/img/bao/uploaded/i4/i2/4103532133/O1CN01szWryL1RcxWsRTaDP_!!4103532133.jpg,//item.taobao.com/item.htm?id=608361515478&ns=1&abbucket=10&xxc=taobaoSearch&mi_id=0000tL5Ow0p_CTudGtq4kdudQ8QZ2K4qdMGqNX_4QBrDaWk&skuId=4270247433398
651456054011,Mand kaws公仔 Separated Companion布鲁克林限定手办潮玩摆件,238,¥,券后价,qq624153323,新潮舍,6年老店,4人付款,广东 深圳," 3期, 店铺满200减10, 淘金币已抵7.14元, 退货宝, 包邮, 公益宝贝",出售状态:现货 | 款式特点:静态,https://g-search3.alicdn.com/img/bao/uploaded/i4/i1/2322961302/O1CN01q8Drwy1LUMNCXNIU9_!!2322961302.jpg,//item.taobao.com/item.htm?id=651456054011&ns=1&abbucket=10&xxc=taobaoSearch&mi_id=00006KbJXJDDkXrwz-hxyCAT8fdmy94zKb1uHq-2WVzCCvY&skuId=4867644082806
710918574613,地毯客厅kaws潮牌个性卡通沙发毯茶几垫卧室床边地垫水洗家用满铺,48,¥,券后价,津mwc518,酷潮家居地毯,12年老店,0人付款,天津,"淘金币已抵1.44元, 包邮",清洗类型:可机洗 | 可定制性:支持定制 | 适用空间:衣橱/衣帽间 | 形状:长方形 | 风格:卡通 | 表面材质:聚酯纤维,https://g-search3.alicdn.com/img/bao/uploaded/i4/i1/928455706/O1CN01P2v7iD1s1OmITbw1S_!!928455706.jpg,//item.taobao.com/item.htm?id=710918574613&ns=1&abbucket=10&xxc=taobaoSearch&mi_id=000038qg_Uu6XkPOGJIesMKPCpWSc8JLtnEJZW9boMtK0Zo&skuId=5156927615111
693675825317,芝麻街kaws潮牌XX眼贴纸卡通创意趣味可爱公仔摩托车身装饰反光贴,15.6,¥,券后价,瑞迪雅车品专营店,瑞迪雅车品专营店,5年老店,9人付款,广东 广州,"官方立减12%, 店铺满4减1, 退货宝, 包邮",贴膜类型:车身贴 | 材质:贴纸 | 图案:卡通动漫 | 品牌:章字节,https://g-search2.alicdn.com/img/bao/uploaded/i4/i2/2208089002629/O1CN010WUWy71VI83KfBeDQ_!!0-item_pic.jpg,//detail.tmall.com/item.htm?id=693675825317&ns=1&abbucket=10&xxc=taobaoSearch&mi_id=0000HJFg-72MD2495vgoTBbq0giR1N6OrZfCle92OqHGis8&skuId=5099736583259
1006543391195,卡通积木玄关装饰画潮暴力熊kaws走廊过道落地挂画客厅背景墙壁画,86.4,¥,,艾力木装饰画,艾力木装饰画的小店8,,3人付款,河南 商丘,包邮,,https://g-search3.alicdn.com/img/bao/uploaded/i4/i3/2221017506519/O1CN01qQFZch1y1l44imn4l_!!4611686018427380439-0-item_pic.jpg,//item.taobao.com/item.htm?id=1006543391195&ns=1&abbucket=10&xxc=taobaoSearch&mi_id=00005olMjd7aRgOCGWTD85avnUy8JWtRKyx9jQuNm8xdXvc&skuId=6170298211861
804772194279,AOCA KAWS x岳敏君大笑公仔潮玩摆件桌面潮流玩偶手办 送礼艺术品,150,¥,券后价,mimiarts,奥卡艺术,10年老店,9人付款,北京,"官方立减12%,  3期, 淘金币已抵3元, 退货宝, 包邮",设计风格:国潮 | 尺寸:12寸30CM高,https://g-search3.alicdn.com/img/bao/uploaded/i4/i4/52807386/O1CN01ezuJxY24QqIyyz4wR_!!52807386.jpg,//item.taobao.com/item.htm?id=804772194279&ns=1&abbucket=10&xxc=taobaoSearch&mi_id=0000Cec7k-Z7Q7YeJSv50asJu5Gu1uH3rJHZx-DFErSobAY&skuId=5643489530055
973144733813,网红车贴纸搞笑个性贴纸汽车创意卡通划痕遮挡防水车贴车身玻璃,5.4,¥,券后价,官方国货甄选,官方国货甄选,买过的店,6000+人付款,广东 潮州,"退货宝, 淘工厂, 包邮",贴膜类型:车身贴 | 材质:贴纸 | 图案:卡通动漫 | 品牌:银河都市,https://gw.alicdn.com/imgextra/O1CN01RbVSQG1mQEqB9MxwX_!!2206588314948-0-C2M.jpg,//detail.tmall.com/item.htm?id=973144733813&ns=1&abbucket=10&xxc=taobaoSearch&mi_id=00006jFM_mlfIL7zF_rCQ_rA7PswldL51mafok__ygcmly0&skuId=6089719883942
630804585677,适用iPhone11手机壳女款液态硅胶软套苹果11pro镜头全包防摔11promax女款xs可爱x超薄限量版xr个性创意xsmax,68,¥,券后价,阿仙奴旗舰店,阿仙奴旗舰店,12年老店,5人付款,广东 深圳,包邮,保护套质地:硅胶 | 风格:卡通 | 适用手机机型:Apple/苹果 | 品牌:阿仙奴,https://g-search1.alicdn.com/img/bao/uploaded/i4/i1/1958242217/O1CN010feMiD1SFQiGKCz8L_!!0-item_pic.jpg,//detail.tmall.com/item.htm?id=630804585677&ns=1&abbucket=10&xxc=taobaoSearch&mi_id=0000rFWlyeHPtPGSpWZueSvPqXW8p23E56ysT3Q74vbgB2U&skuId=4495047221446
827660757585,男装/女装秋款运动kaws长裤休闲裤子卫裤束脚裤秋款473557/476120,75,¥,,tb004242163483,柒柒优家小铺,,73人付款,江苏 苏州,"退货宝, 包邮",,https://g-search3.alicdn.com/img/bao/uploaded/i4/i1/2217768595903/O1CN01cM3VQD1tTcxacneSD_!!2217768595903.jpg,//item.taobao.com/item.htm?id=827660757585&ns=1&abbucket=10&xxc=taobaoSearch&mi_id=0000nSLdpydEB6hazLx__glkqJj7IixCaLu63owoLw21eok&skuId=5723282535209
1018586342531,kaws挂画暴力熊潮牌卧室床头现代简约装饰画高级感主卧房间墙壁画,34.2,¥,,娟手编织幸福店,娟手编织幸福店的小店15,,3人付款,河南 郑州,包邮,图案主题:卡通动漫 | 风格匹配:潮流,https://g-search1.alicdn.com/img/bao/uploaded/i4/i2/2221017569712/O1CN01hk3vnU2Lc9hqbdxJK_!!4611686018427386288-0-item_pic.jpg,//item.taobao.com/item.htm?id=1018586342531&ns=1&abbucket=10&xxc=taobaoSearch&mi_id=0000dSVnlP0JAOzuF9xnjx552sRD2Qu8re7gDKuy4XWMxFo&skuId=6193914602843
832736916038,kaws芝麻街潮牌XX眼动漫车贴个性电动车摩托车小牛汽车车身贴纸,5,¥,券后价,绿伞身份旗舰店,绿伞身份旗舰店,,2人付款,广东 广州,"官方立减12%, 店铺满20减1, 淘金币已抵0.13元, 30天价保, 包邮, 公益宝贝",贴膜类型:车身贴 | 材质:贴纸 | 服务内容:支持订制 | 图案:卡通动漫 | 功能:抗UV,https://g-search2.alicdn.com/img/bao/uploaded/i4/i2/2211990743449/O1CN01RV9Kxv1bLh1Iqzw2e_!!0-item_pic.jpg,//detail.tmall.com/item.htm?id=832736916038&ns=1&abbucket=10&xxc=taobaoSearch&mi_id=0000kB7eGedOKPXprZaEAgn28xlopqme1I8u8jJ9mLyDQtU&skuId=5743859286753
848057450961,潮牌kaws暴力熊玄关装饰画电子屏时钟月球挂钟led灯发光餐厅挂画,496,¥,券后价,普果布旗舰店,普果布旗舰店,5年老店,76人付款,福建 泉州,"官方立减50元, 店铺满128减10, 退货宝, 上门安装, 破损包退, 包邮",图案主题:卡通动漫 | 适用空间:客厅 | 风格匹配:现代简约 | 画芯材质:相纸+钢化膜,https://g-search3.alicdn.com/img/bao/uploaded/i4/i4/2208115172690/O1CN01giDZ011Vk4TTL76Cr_!!4611686018427381074-0-item_pic.jpg,//detail.tmall.com/item.htm?id=848057450961&ns=1&abbucket=10&xxc=taobaoSearch&mi_id=0000tx5SKEPosVjJYp_ejfE8HuLUa1ohJ1hzSREws_sy8pw&skuId=5633815304411
609298316961,Kaws芝麻街全自动折叠晴雨伞创意个性遮阳防晒防紫外线黑胶太阳伞,60,¥,券后价,卡索居家生活用品店,卡索居家用品,,6人付款,广东 江门,"官方立减12%, 店铺满40减5, 退货宝, 公益宝贝",款式:三折伞 | 伞面涂层:黑胶 | 适用对象:成年人,https://g-search3.alicdn.com/img/bao/uploaded/i4/i1/4200578694/O1CN0131Q1j82E5tyz1RJG8_!!4200578694.jpg,//item.taobao.com/item.htm?id=609298316961&ns=1&abbucket=10&xxc=taobaoSearch&mi_id=0000DOCfXRiJfddwEFOb7mcFxImh5xpbLvygvNxB8gdKYo8&skuId=4453120046632
771917696643,kaws挂画暴力熊装饰画细长条现代简约卧室床头客厅沙发背景墙壁画,136,¥,首单价,汽车精品装饰店8264,唯美艺,,35人付款,河南 商丘,"官方立减8.2元, 直降2元,  3期, 店铺满100减5, 淘金币已抵2.04元, 退货宝, 包邮",图案主题:卡通动漫 | 适用空间:客厅 | 风格匹配:现代简约 | 装裱方式:有框 | 画芯材质:布纹膜,https://g-search3.alicdn.com/img/bao/uploaded/i4/i1/2659891661/O1CN01TIh7yq1O8myD7KUYA_!!4611686018427386317-0-item_pic.jpg,//item.taobao.com/item.htm?id=771917696643&ns=1&abbucket=10&xxc=taobaoSearch&mi_id=0000a9iPec-Noy8vFR-rXdFsY5iFMXhgrsdI0XYad0k6ljU&skuId=5285463260620
961140841001,暴力熊客厅装饰画壁灯轻奢高级感沙发背景挂画2026新款kaws三联画,316,¥,券后价,异域轩旗舰店,异域轩旗舰店,回头客1万,2人付款,浙江 金华,"官方立减12%, 退货宝, 上门安装, 包邮",材质:水晶 | 图案主题:卡通动漫 | 适用空间:客厅 | 风格匹配:现代简约 | 装裱方式:有框 | 画芯材质:水晶膜,https://g-search1.alicdn.com/img/bao/uploaded/i4/i4/1780653324/O1CN01tdpoCT1aQRQse3dQG_!!0-item_pic.jpg,//detail.tmall.com/item.htm?id=961140841001&ns=1&abbucket=10&xxc=taobaoSearch&mi_id=0000kyaGKLTIPnnjW-8Ky86uhCwsL8l-U_bkqBqF4va1RcE&skuId=5387980719232
685518292193,潮牌芝麻街kaws适用苹果14promax手机壳iPhone13透明软12mini新款se3/11全包情侣8女6splus防摔男15/16max薄7,8.8,¥,券后价,遇见初心旗舰店,遇见初心旗舰店,回头客1万,14人付款,广东 深圳,"官方立减12%, 48小时内发, 包邮",保护套质地:硅胶 | 适用手机型号:iPhone 6 plus | 风格:情侣 | 适用手机机型:Apple/苹果 | 品牌:遇见初心,https://g-search2.alicdn.com/img/bao/uploaded/i4/i1/2212059288080/O1CN01iTYL9829Ygznzp95o_!!0-item_pic.jpg,//detail.tmall.com/item.htm?id=685518292193&ns=1&abbucket=10&xxc=taobaoSearch&mi_id=0000IahT6UsiaI_7_qruJcS8HXi_cDe5VKW3_onSuO5Btmc&skuId=5931072764002
829127391988,kaws公仔落地摆件存钱罐音响暴力熊电视柜沙发边几乔迁新居礼品,996,¥,券后价,楚象家居旗舰店,楚象家居旗舰店,6年老店,1人付款,广东 深圳,"官方立减12%, 退货宝, 包邮",适用空间:客厅 | 主体材质:树脂 | 高度(cm):100cm | 主题风格:可爱,https://gw.alicdn.com/imgextra/O1CN01JnrbQ01RWYNnwGwYB_!!2206644832119-0-picasso.jpg,//detail.tmall.com/item.htm?id=829127391988&ns=1&abbucket=10&xxc=taobaoSearch&mi_id=0000x4qk5nx5mO7vnUtQTAVzTl1hqFuVrTEtKq-WtL1b_m0&skuId=5729447118987
614782178608,KAWS联名合作款 X X 芝麻街毛绒公仔王源同款艾莫甜饼怪礼物娃娃,89,¥,券后价,tb11541077,Perfect Soul完美的灵魂,7年老店,200+人付款,江苏 扬州,"官方立减12%, 淘金币已抵1.45元, 48小时内发, 包邮, 公益宝贝",材质:绒布 | 玩具类型:公仔 | IP名称:Sesame Street/芝麻街,https://g-search3.alicdn.com/img/bao/uploaded/i4/i2/3837379363/O1CN01zHTM4r2J2Irl1qHm1_!!3837379363.jpg,//item.taobao.com/item.htm?id=614782178608&ns=1&abbucket=10&xxc=taobaoSearch&mi_id=0000HJyP1UG0K8DCrHzxE1fFB6mXdGrwAP_Q3no26yRnkkM&skuId=4503466163194
953390862259,kaws个性潮流装饰画酒吧清吧led发光挂画电竞房霓虹灯创意壁画,29,¥,券后价,抬头看画,片憩画艺,5年老店,4人付款,江西 赣州,"官方立减12%, 淘金币已抵0.87元, 退货宝, 上门安装, 极有家, 包邮",画框材质:金属 | 画芯材质:油画布 | 图案主题:卡通动漫 | 适用空间:电竞房 | 风格匹配:二次元 | 装裱方式:有框,https://g-search2.alicdn.com/img/bao/uploaded/i4/i2/1643793503/O1CN01ITSlpT1bkQUcQvGsW_!!1643793503.jpg,//item.taobao.com/item.htm?id=953390862259&ns=1&abbucket=10&xxc=taobaoSearch&mi_id=0000Qh7YXDqiI96B1Gc6SRzp-EgTSKbAdEWa47tiIUgXTAI&skuId=5875592669224
770299035247,汽车贴纸ins潮流创意个性芝麻街XX眼kaws改装车划痕遮挡装饰贴,10,¥,券后价,siyarui旗舰店,siyarui旗舰店,5年老店,6人付款,广东 广州,"官方立减12%, 包邮",贴膜类型:车身贴 | 材质:贴纸 | 图案:人物图案 | 品牌:SIYARUI | 功能:遮盖,https://g-search1.alicdn.com/img/bao/uploaded/i4/i1/2210555218505/O1CN017F5jXX2ChLT2ODcLc_!!0-item_pic.jpg,//detail.tmall.com/item.htm?id=770299035247&ns=1&abbucket=10&xxc=taobaoSearch&mi_id=0000e-CKXXwQuKXzyii4IAy4z-k7ZM6I_CskTU4RcnUXEiM&skuId=5281522473912
,,,,,,,,,,,,,
,,,,,,,,,,,,,
1001589705961,男女装情侣款kaws针织帽毛线帽保暖护耳帽针织围巾485257/485256,44,¥,券后价,tb974197822144,爆款屋,,1人付款,北京,"官方立减12%, 退货宝, 包邮",风格:简约 | 适用季节:冬季 | 图案:纯色 | 功能:保暖,https://gw.alicdn.com/imgextra/O1CN01SHSRjL1cvhtnKYi47_!!2220337883663.jpg,//item.taobao.com/item.htm?id=1001589705961&ns=1&abbucket=10&xxc=taobaoSearch&mi_id=0000nlzMtZiiCBBETozv2ULHSxONfckwV08NMO8Trtp97RY&skuId=5988277160934
969844302196,网红坐姿kaws大摆件暴力熊公仔客厅装饰落地克莱因蓝轻奢潮玩雕塑,288,¥,券后价,泉州华景雕塑工艺品,泉州华景雕塑工艺品,,5人付款,福建 泉州,"官方立减12%, 店铺满2000减50, 包邮",表面工艺:纯手工 | 主体材质:卡通 | 摆放方式:落地,https://g-search1.alicdn.com/img/bao/uploaded/i4/i4/2212778947975/O1CN01NKCV4G28mbZHLNuya_!!2212778947975.jpg,//item.taobao.com/item.htm?id=969844302196&ns=1&abbucket=10&xxc=taobaoSearch&mi_id=0000xBaZ0zTZgkS0hhmhydAwT4GZHpsCw-7CkW-zYOSTsko&skuId=6085875243280
742219426601,Kaws长白山潮玩公仔Kaws Changbai艺术手办考斯潮流桌面摆件 现货,309,¥,券后价,tb4476160662,靠谱青年Lab,,3人付款,广东 东莞,"官方立减12%, 淘金币已抵9.24元, 30天价保, 退货宝, 包邮",出售状态:现货 | 款式特点:静态,https://g-search1.alicdn.com/img/bao/uploaded/i4/i1/2206804004995/O1CN014079pV1mllEVTQCvp_!!2206804004995.jpg,//item.taobao.com/item.htm?id=742219426601&ns=1&abbucket=10&xxc=taobaoSearch&mi_id=000043mZVx_ez9KbBotAciSUgNglB56ZwmouwhQpwtoYaRQ&skuId=5291950767587
583173347374,KAWS 芝麻街联名公仔 艺术画挂画个性北欧客厅沙发装饰画餐厅壁画,249,¥,券后价,食分趣,有调KAWS挂画,,1人付款,北京,"淘金币已抵7.47元, 包邮, 公益宝贝",图案主题:卡通动漫 | 风格匹配:现代简约 | 装裱方式:有框 | 画芯材质:哑光纸,https://g-search3.alicdn.com/img/bao/uploaded/i4/i1/1692314597/O1CN01LF50G61jpTOOsgIgk_!!0-item_pic.jpg,//item.taobao.com/item.htm?id=583173347374&ns=1&abbucket=10&xxc=taobaoSearch&mi_id=0000Zsig9sPfoHC8mWHuQT5eHs0ND7Evde5xRb9116T7ek0&skuId=4084243742588
709417733951,炫轩kaws芝麻街潮牌XX眼车贴个性电动车摩托车小牛汽车车身贴纸,7.5,¥,券后价,mrchendian,汽车贴纸拉花店铺,12年老店,19人付款,广东 清远,"官方立减12%, 淘金币已抵0.13元, 退货宝, 包邮",贴膜类型:车身贴 | 材质:贴纸 | 品牌:炫轩,https://g-search3.alicdn.com/img/bao/uploaded/i4/i1/1688570287/O1CN01dEWOFa1DzUUgwdwns_!!1688570287.jpg,//item.taobao.com/item.htm?id=709417733951&ns=1&abbucket=10&xxc=taobaoSearch&mi_id=000040c3rkrLYDnqjBtyCzpiUIK7D4R4b8qQdqZ063mIG8o&skuId=4979733769311
644038808101,潮牌客厅装饰画kaws三联画现代轻奢沙发背景墙壁画高级暴力熊挂画,276,¥,券后价,笛升旗舰店,笛升旗舰店,5年老店,2人付款,福建 漳州,"超级立减10%, 店铺满98减10, 淘金币已抵4.14元, 退货宝, 上门安装, 包邮",画芯材质:油画布 | 图案主题:卡通动漫 | 适用空间:客厅 | 风格匹配:现代简约 | 装裱方式:有框,https://g-search1.alicdn.com/img/bao/uploaded/i4/i2/2208674371389/O1CN01yXionu1M8CoosjeBI_!!0-item_pic.jpg,//detail.tmall.com/item.htm?id=644038808101&ns=1&abbucket=10&xxc=taobaoSearch&mi_id=0000_6IS6QQd9qw5uz5fmLIDhxTYqlj8fhbscDWtFdBV8rA&skuId=4642801917937
958259402922,潮酷magsafe适用于苹果15pro手机壳磁吸iPhone14promax机械13新款kaws十五12pro高级感pm防摔MAX薄11外壳PLUS,60,¥,券后价,双叶恋旗舰店,双叶恋旗舰店,,5人付款,广东 深圳,"官方立减12%, 店铺满30减3, 淘金币已抵1.94元, 包邮",适用手机型号:iPhone 17 Pro Max | 风格:简约 | 品牌:双叶恋,https://g-search3.alicdn.com/img/bao/uploaded/i4/i2/2212767070183/O1CN01GkBd6L1DDrQlvRHyp_!!0-item_pic.jpg,//detail.tmall.com/item.htm?id=958259402922&ns=1&abbucket=10&xxc=taobaoSearch&mi_id=0000Vv2_OL8Bql7sguLjB1KSGo6-6vcy0IGu3a5gYPXWdZQ&skuId=5924834465742
811264552612,高级感kaws暴力熊装饰画轻奢壁卡通公仔横幅男孩房间卧室床头挂画,136,¥,券后价,匠心匠意i,福匠画房,8年老店,1人付款,江苏 无锡,"官方立减12%, 店铺满75减5, 退货宝, 上门安装, 公益宝贝",画芯材质:油画布 | 图案主题:卡通动漫 | 适用空间:卧室 | 风格匹配:现代简约 | 装裱方式:有框,https://g-search2.alicdn.com/img/bao/uploaded/i4/i2/3372447469/O1CN01uI0jHO252rBURlQlk_!!3372447469.jpg,//item.taobao.com/item.htm?id=811264552612&ns=1&abbucket=10&xxc=taobaoSearch&mi_id=0000TDcFDqe0Luy8gWng4-cl7LfnYGr0MXA0OxNmiRWOplA&skuId=5503458660857
832754292878,暴力熊装饰画轻奢客厅沙发网红背景墙面潮牌kaws壁画卧室汽车挂画,376,¥,券后价,极致视觉画,尚品居画,,2人付款,广东 深圳,"官方立减12%, 淘金币已抵3.76元, 退货宝, 上门安装, 极有家, 包邮, 公益宝贝",画芯材质:烤瓷晶瓷 | 图案主题:卡通动漫 | 适用空间:通用 | 风格匹配:个性 | 装裱方式:有框,https://g-search3.alicdn.com/img/bao/uploaded/i4/i2/2212925721391/O1CN01sApNPs1M97usnztjM_!!2212925721391.jpg,//item.taobao.com/item.htm?id=832754292878&ns=1&abbucket=10&xxc=taobaoSearch&mi_id=0000jbTZDT9MFEbeiEAZXYOigJQsfREHr--H9Nuko4_NTBg&skuId=5743953534136
669532044700,kaws芝麻街毛绒公仔玩偶玩具可爱超大号娃娃布偶闺蜜礼物网红摆件,88,¥,,tb694523142,丫丫玩偶玩具,6年老店,0人付款,广东 广州,包邮,材质:绒布 | 玩具类型:公仔 | 品牌:0001,https://g-search1.alicdn.com/img/bao/uploaded/i4/i3/3407167796/O1CN01DF5cwh27ScTOpDcPs_!!3407167796.jpg,//item.taobao.com/item.htm?id=669532044700&ns=1&abbucket=10&xxc=taobaoSearch&mi_id=0000P4Mep-RjNwCx2hEult-u_kFCQncNv5Ic7pG-B48mhts&skuId=4819146372314
1019488049818,暴力熊跑车客厅装饰画轻奢高级感沙发背景墙面壁画潮流Kaws三联画,154.8,¥,,娟时光里遇见美,娟时光里遇见美的小店81,,3人付款,河南 郑州,包邮,,https://g-search1.alicdn.com/img/bao/uploaded/i4/i2/2221009900092/O1CN01kVyBxv1CYBYHYrx5t_!!4611686018427384380-0-item_pic.jpg,//item.taobao.com/item.htm?id=1019488049818&ns=1&abbucket=10&xxc=taobaoSearch&mi_id=0000bZaaY7CJkiu4bGoing63oZt6FbREH-WGTrV4NzyFrcA&skuId=6029552501999
1020193200765,暴力熊客厅装饰画现代简约kaws潮流玩偶三联画高档沙发背景墙挂画,239.4,¥,,tb8191227702,田园风装饰画,,3人付款,河南 郑州,包邮,图案主题:卡通动漫 | 风格匹配:现代简约,https://g-search3.alicdn.com/img/bao/uploaded/i4/i4/2221017491633/O1CN01xtt7Lo1NvxtUMNBym_!!4611686018427381937-0-item_pic.jpg,//item.taobao.com/item.htm?id=1020193200765&ns=1&abbucket=10&xxc=taobaoSearch&mi_id=0000OoHdFuFDy_6_LTGmmj7311IRYgXreA8malwxyyKZ1kI&skuId=6193830922233
931755595427,芝麻街公仔毛绒玩具蓝色kaws玩偶床上睡觉抱枕BBF娃娃bigbang礼物,154.8,¥,,tb3768195449,朵颐甄选,,2人付款,北京,包邮,材质:绒布 | 玩具类型:公仔,https://g-search3.alicdn.com/img/bao/uploaded/i4/i1/2217997711136/O1CN01pQVfv61KGKzKnmDgW_!!4611686018427385632-0-item_pic.jpg,//item.taobao.com/item.htm?id=931755595427&ns=1&abbucket=10&xxc=taobaoSearch&mi_id=0000jgpHbWTaxMbuUH9YBxNqHBxEw0lOZmotLrHNi5Y0Sso&skuId=5985886414314
1016322768319,跑车潮牌kaws床头装饰画暴力熊沙发背景墙挂画卧室男孩儿童房壁画,127.78,¥,券后价,展兰亭商城,画畔小馆装饰画集铺,,1人付款,河南 郑州,"淘金币已抵5.11元, 包邮",,https://g-search3.alicdn.com/img/bao/uploaded/i4/i4/2221017506519/O1CN01AYIPxH1y1l45Isw0A_!!4611686018427380439-0-item_pic.jpg,//item.taobao.com/item.htm?id=1016322768319&ns=1&abbucket=10&xxc=taobaoSearch&mi_id=0000HMOOj8dNH7rO1SRTSIg22jgAkzs0-Fi0Jnjv3yRQNEM&skuId=6020709120973
,,,,,,,,,,,,,
684194350759,2023车内饰品摆件kaws考斯汽车摆件中控台车载香薰创意高档女男,59,¥,,tb6739962074,喵星人车载,6年老店,1人付款,浙江 金华,"退货宝, 包邮",,https://g-search2.alicdn.com/img/bao/uploaded/i4/i3/2207330929052/O1CN01WP3BW62GjrxvZy6TQ_!!2207330929052.jpg,//item.taobao.com/item.htm?id=684194350759&ns=1&abbucket=10&xxc=taobaoSearch&mi_id=0000zWxM3E992UgBZhPuLloqDRqw-uRf2WvzhLtwlw2f4AY&skuId=5060540694636
955114219104,Mand Kaws BFF芝麻街Take抱玩偶公仔潮玩暴力熊手办玩偶桌面摆件,94.8,¥,券后价,lk39117100,Zo zo潮玩店,,5人付款,江西 吉安,"退货宝, 包邮",品牌:Kaws | 出售状态:现货 | 系列:kaws 暴力熊 | 主体高度(cm):33cm | 尺寸:33*12*10cm | 款式:Kaws,https://g-search2.alicdn.com/img/bao/uploaded/i4/i1/3613510326/O1CN01wwfbEf1EHMC4adqlm_!!3613510326.jpg,//item.taobao.com/item.htm?id=955114219104&ns=1&abbucket=10&xxc=taobaoSearch&mi_id=0000fAFT0Di1iUOScRVVJTY9QtKRTfDtJXgFhGVxc5gkQnI&skuId=5879856640509
921528144584,KAWS潮牌客厅装饰画抽象公仔沙发背景墙挂画芝麻街三联画卧室壁画,256,¥,券后价,宇贤旗舰店,宇贤旗舰店,,0人付款,河南 商丘,"店铺满100减30, 淘金币已抵6.4元, 退货宝, 上门安装, 破损包退, 包邮",材质:水晶 | 图案主题:卡通动漫 | 适用空间:客厅 | 风格匹配:现代简约 | 装裱方式:有框 | 画芯材质:布纹/水晶,https://g-search3.alicdn.com/img/bao/uploaded/i4/i4/2211609531616/O1CN01UANXW91NoApZbbg1S_!!0-item_pic.jpg,//detail.tmall.com/item.htm?id=921528144584&ns=1&abbucket=10&xxc=taobaoSearch&mi_id=0000P2oPhrv6cGrPxqobZjvN1UzOFUffFIOxOspBaAc-kaA&skuId=5080024079605
1020130161372,kaws挂画客厅装饰画简约高级感三联壁画潮牌沙发背景墙挂画暴力熊,239.4,¥,券后价,视觉迪温度,视觉迪温度的小店20,,3人付款,河南 郑州,"官方立减15%, 淘金币已抵3.47元, 包邮",图案主题:卡通动漫 | 风格匹配:现代简约,https://g-search3.alicdn.com/img/bao/uploaded/i4/i1/2221009900092/O1CN01cE1Zov1CYBYZlJwpu_!!4611686018427384380-0-item_pic.jpg,//item.taobao.com/item.htm?id=1020130161372&ns=1&abbucket=10&xxc=taobaoSearch&mi_id=000081QAuFtgn_UmSqWsAHjXP6uwWewi3nEiprch9qK34tc&skuId=6195586935269
768952895703,潮牌kaws客厅沙发背景墙装饰画暴力熊卧室挂画潮流芝麻街积木壁画,97.5,¥,券后价,欧派时尚装饰,欧派时尚装饰,,0人付款,广东 江门,"官方立减12%, 店铺满78减5, 淘金币已抵0.78元, 退货宝, 上门安装, 包邮",画芯材质:油画布 | 图案主题:静物 | 适用空间:客厅 | 风格匹配:现代简约 | 装裱方式:有框,https://g-search1.alicdn.com/img/bao/uploaded/i4/i2/2921514796/O1CN01hMHUj31lIcSReH2mH_!!2921514796.jpg,//item.taobao.com/item.htm?id=768952895703&ns=1&abbucket=10&xxc=taobaoSearch&mi_id=0000TurHWet4u-snJy77mOsIhBsDPcyk211OYW5NrgY-mz4&skuId=5276348369346
1018582049643,潮牌kaws客厅装饰画现代轻奢餐厅三联画网红暴力熊沙发背景墙挂画,256,¥,,林野拾光记,溪山画集装饰画,,0人付款,北京,包邮,图案主题:卡通动漫 | 风格匹配:现代简约,https://g-search2.alicdn.com/img/bao/uploaded/i4/i1/2271029172/O1CN01JhRhNC2HcppuXtsVI_!!4611686018427381684-0-item_pic.jpg,//item.taobao.com/item.htm?id=1018582049643&ns=1&abbucket=10&xxc=taobaoSearch&mi_id=0000hKHYhW4mOQ-PeuLJnJ-WpLQYGDMpuAAdivyyhVWJt70&skuId=6026731588509
912087991821,优衣库男款476352/471321/476350/476351 KAWS + Warhol印花T短袖,89,¥,,jasfen2010,唯衣优NICE店,14年老店,29人付款,广东 深圳,,版型分类:宽松型 | 面料:纯棉 | 图案:卡通动漫 | 适用人群:青年,https://g-search1.alicdn.com/img/bao/uploaded/i4/i2/409822890/O1CN01tuBVXP1XDfgAPbzux_!!409822890.jpg,//item.taobao.com/item.htm?id=912087991821&ns=1&abbucket=10&xxc=taobaoSearch&mi_id=0000UYWG8NAL5am7gyeTsa345zx6jKtqf_2tWgen3k6YlRc&skuId=5943212722636
642671600546,入户玄关装饰画潮牌公仔大幅客厅落地画过道走廊巨幅潮流kaws挂画,236,¥,券后价,笛升旗舰店,笛升旗舰店,5年老店,1人付款,福建 漳州,"官方立减12%, 店铺满98减10, 淘金币已抵3.54元, 退货宝, 上门安装, 包邮",画芯材质:油画布 | 图案主题:卡通动漫 | 适用空间:玄关 | 风格匹配:现代简约 | 装裱方式:有框,https://g-search1.alicdn.com/img/bao/uploaded/i4/i2/2208674371389/O1CN01OkovSy1M8CsK3VhmW_!!0-item_pic.jpg,//detail.tmall.com/item.htm?id=642671600546&ns=1&abbucket=10&xxc=taobaoSearch&mi_id=0000H9SxwrlNSZbTPOZU9hRg1G3aY0icwOianvn9zA02SuE&skuId=4799874750206
803041880200,[Magsafe磁吸]潮牌KAWS适用于苹果17手机壳iPhone16Promax磨砂13菲林12/11新款全包14Pro硬壳超薄xs/15保护套,22.8,¥,券后价,咖侣数码旗舰店,咖侣数码旗舰店,,5人付款,广东 深圳,"官方立减12%, 包邮",是否使用环保材质:含环保材料 | 保护套质地:塑料 | 工艺技术:磨砂 | 款式:磁吸式 | 适用手机型号:iPhone 8 | 风格:原创 | 适用手机机型:Apple/苹果 | 品牌:咖侣,https://g-search2.alicdn.com/img/bao/uploaded/i4/i2/2217979044546/O1CN01m4pWfA1jS7TdJKJ0A_!!0-item_pic.jpg,//detail.tmall.com/item.htm?id=803041880200&ns=1&abbucket=10&xxc=taobaoSearch&mi_id=0000BfrL6x33Wnf8y0Kdt5C9Nfq7bx8Vo7qOQy8JBYCigOY&skuId=5934323080015
964156618298,TRAVIS SCOTT CACTUS JACK KAWS闪电联名TS藤原浩男女同款短袖T恤,199,¥,,dd_jor,我是陈冠希 向你敬礼 BROHOOD,13年老店,200+人付款,广东 广州," 3期, 退货宝, 48小时内发, 包邮, 公益宝贝",材质成分:棉100% | 版型分类:宽松型 | 适用人群:青少年,https://g-search1.alicdn.com/img/bao/uploaded/i4/i3/710239759/O1CN01CV2bkC2LxfuHCeMFd_!!710239759.jpg,//item.taobao.com/item.htm?id=964156618298&ns=1&abbucket=10&xxc=taobaoSearch&mi_id=0000883FCopijljBecDUI4JJbhM7jZQD1t1qGkMtb3ESasE&skuId=4890826358317
772051795255,KAWS公仔潮牌挂布床头卧室装饰ins风墙布直播遮挡背景布墙壁布画,37.6,¥,券后价,购物满足了,睿希挂布背景布店,8年老店,0人付款,浙江 金华,"官方立减12%, 淘金币已抵0.37元, 包邮",图案:卡通动漫 | 材质:毛绒 | 风格:简约现代 | 挂毯形状:长方形 | 挂毯售卖方式:成品 | 产地:中国大陆 | 挂毯清洗方式:可机洗,https://g-search2.alicdn.com/img/bao/uploaded/i4/i2/2395561190/O1CN011aJ1hu1Kf44Ve4iMg_!!2395561190.jpg,//item.taobao.com/item.htm?id=772051795255&ns=1&abbucket=10&xxc=taobaoSearch&mi_id=00003QdrX9wuDzOS8RfJ8ZpcHQQTs5SI0jVIsXWTziXEV4k&skuId=5289077501372
958831476236,M485256男装女装情侣款kaws针织帽毛线帽冷帽,39.9,¥,,为你执着a,西川美子,10年老店,1人付款,江苏 苏州,,,https://g-search1.alicdn.com/img/bao/uploaded/i4/i2/117881343/O1CN019f3KGf1Ln91gQYUT3_!!117881343.jpg,//item.taobao.com/item.htm?id=958831476236&ns=1&abbucket=10&xxc=taobaoSearch&mi_id=0000yWdLi0h9JUX05B1mEd29cWSU-B56FkuwYnVc_b8I1pM&skuId=5988970385357
973505739379,kaws潮流客厅装饰画大幅落地挂画沙发背景墙画玄关网红卧室壁画,128,¥,券后价,arthurvan,GT潮野居品艺术中心,,0人付款,广东 广州,"淘金币已抵3.84元, 退货宝",图案主题:卡通动漫 | 适用空间:卧室 | 风格匹配:现代简约,https://g-search1.alicdn.com/img/bao/uploaded/i4/i2/2200734052234/O1CN01PbTlZH1SNDehbAeJT_!!2200734052234.jpg,//item.taobao.com/item.htm?id=973505739379&ns=1&abbucket=10&xxc=taobaoSearch&mi_id=0000zMOx4hUeSb7g-4njyqYZAXD_Fa7s9LE58JyY9lZl8tk&skuId=5022347176834
737364090930,适用于苹果15手机壳芝麻街iPhone14Promax新款Kaws潮牌13Pro液态12软硅胶11全包xr防摔xsmax情侣16卡通17Air,125,¥,券后价,宝仕鼠旗舰店,宝仕鼠旗舰店,5年老店,16人付款,广东 深圳,"官方立减12%, 包邮",保护套质地:TPU | 适用手机型号:iPhone 15 Plus | 风格:创意 | 适用手机机型:Apple/苹果,https://g-search3.alicdn.com/img/bao/uploaded/i4/i1/2208328019442/O1CN015GmRp32JcUWhcbKIC_!!2-item_pic.png,//detail.tmall.com/item.htm?id=737364090930&ns=1&abbucket=10&xxc=taobaoSearch&mi_id=0000aHjeFOkBG8T9hPrl-CYchYoTB-INkExPsSWx88ODgE0&skuId=5260739766293
965099021981,474138男装/女装秋款情侣印花休闲教练茄克外套kaws夹克秋476316,95,¥,,tb004242163483,柒柒优家小铺,,63人付款,江苏 苏州,"退货宝, 包邮",适用性别:男女通用 | 适用对象:通用,https://g-search1.alicdn.com/img/bao/uploaded/i4/i4/2217768595903/O1CN01o237HU1tTcxacMrpB_!!2217768595903.jpg,//item.taobao.com/item.htm?id=965099021981&ns=1&abbucket=10&xxc=taobaoSearch&mi_id=0000m3bqqZsBB72UpV2RtllUxTo9OZJ4ctIpyZBO8b0OGUk&skuId=5552678168819
677957370726,网红暴力熊落地客厅巨幅kaws挂画潮牌卡通入户现代简约公仔玄关装,270,¥,券后价,彬蔚旗舰店,彬蔚旗舰店,5年老店,1人付款,广东 深圳,"官方立减12%,  3期, 淘金币已抵4.05元, 退货宝, 上门安装, 包邮, 公益宝贝",材质:水晶 | 画芯材质:油画布 | 适用空间:客厅 | 装裱方式:有框,https://g-search2.alicdn.com/img/bao/uploaded/i4/i1/2208108903742/O1CN015YvBsF1dVsqJCwyoV_!!0-item_pic.jpg,//detail.tmall.com/item.htm?id=677957370726&ns=1&abbucket=10&xxc=taobaoSearch&mi_id=0000LZSrI43--cN3Ywyo34O1Up_2yfj3WW3VIU5hD2pMUcg&skuId=4863126980672
1003741936935,潮牌暴力熊挂画kaws玄关装饰画现代简约新款客厅画背景墙过道壁画,78,¥,券后价,普赫家居旗舰店,普赫家居旗舰店,,0人付款,河南 商丘,"官方立减12%,  3期, 店铺满100减10, 淘金币已抵2.34元, 退货宝, 上门安装, 包邮",画框材质:铝合金 | 适用空间:玄关 | 风格匹配:现代简约 | 装裱方式:有框 | 材质:晶瓷 | 是否带框:有框 | 画芯材质:亚克力,https://g-search3.alicdn.com/img/bao/uploaded/i4/i1/2220111627873/O1CN01LWrcP6281tKwKzc2O_!!4611686018427381345-0-item_pic.jpg,//detail.tmall.com/item.htm?id=1003741936935&ns=1&abbucket=10&xxc=taobaoSearch&mi_id=00003pBqNdNlRU45NbUN28-GK-Ls16tzrqgU8lUR7POEk-o&skuId=6157743634858
703098730905,潮玩kaws电镀暴力熊摆件客厅电视柜落地公仔玄关酒柜家居软装饰品,62,¥,,绿格格超市,绿格格商城企业店,,1人付款,浙江 金华,包邮,,https://g-search1.alicdn.com/img/bao/uploaded/i4/i3/2215305253575/O1CN01MsFUDl1cHOkPMUqgS_!!2215305253575.jpg,//item.taobao.com/item.htm?id=703098730905&ns=1&abbucket=10&xxc=taobaoSearch&mi_id=0000-HMRqyLzhpBuKMEq92ztJxZtn1Kb3WQCZE2_oClqYMI&skuId=4949147984319
1019537181989,kaws挂画客厅装饰画简约高级感三联壁画潮牌沙发背景墙挂画暴力熊,239.4,¥,,林野逍遥,林野逍遥的小店39,,6人付款,河南 郑州,包邮,图案主题:卡通动漫 | 风格匹配:现代简约,https://g-search2.alicdn.com/img/bao/uploaded/i4/i2/2220644724340/O1CN01cPVZHu1hvm2yvMe3S_!!2220644724340.jpg,//item.taobao.com/item.htm?id=1019537181989&ns=1&abbucket=10&xxc=taobaoSearch&mi_id=0000raFtkpFmmifDar-IMDzj__gDHjrGfEa1iFtmH1w7Owg&skuId=6028604520194
785437308565,芝麻街diy数字油画 卡通动漫填色丙烯油彩画 kaws手工涂鸦艺术画,39,¥,券后价,大本营旗舰数字油画店,大本营数字油画企业店,6年老店,0人付款,广东 深圳,"官方立减12%, 店铺满30减3, 淘金币已抵0.81元, 退货宝, 破损包退, 包邮, 公益宝贝",是否可定制:是 | 材质:油画布 | 图案:卡通动漫 | 颜料类型:丙烯 | 装裱方式:有框 | 工艺:手绘 | 风格:简约现代,https://g-search1.alicdn.com/img/bao/uploaded/i4/i3/2201306668803/O1CN01OHMZ5M2EtpW4AGwNW_!!0-item_pic.jpg,//item.taobao.com/item.htm?id=785437308565&ns=1&abbucket=10&xxc=taobaoSearch&mi_id=0000MpfkePA694ve573zEkqg4owlcRGyDgp5F3SkCVbisoE&skuId=5362012264277
820866846465,KAWS暴力熊汽车车贴潮流潮玩网红公仔艺术镂空平板电脑行李箱贴纸,11.6,¥,券后价,jyui8801688,晨达车饰,,6人付款,福建 厦门,"官方立减12%, 店铺满10减1, 淘金币已抵0.34元, 退货宝, 包邮",贴膜类型:全车贴 | 材质:贴纸,https://g-search2.alicdn.com/img/bao/uploaded/i4/i3/1006173703/O1CN01Jp7jNK1dE1blRteLi_!!1006173703.png,//item.taobao.com/item.htm?id=820866846465&ns=1&abbucket=10&xxc=taobaoSearch&mi_id=0000oTMPNytvbp5Q7p6PKJDIFtNWk65EyaJGVQhkjOLyHww&skuId=5698512127664
1019422605857,现代简约客厅装饰画潮牌暴力熊沙发背景墙挂画kaws乐高积木三联画,239.4,¥,券后价,tb870032143345,艺简装饰画,,3人付款,河南 郑州,"官方立减12%, 包邮",图案主题:抽象 | 风格匹配:现代简约,https://g-search1.alicdn.com/img/bao/uploaded/i4/i4/2221009900092/O1CN01naG3sx1CYBYSJBhGJ_!!4611686018427384380-0-item_pic.jpg,//item.taobao.com/item.htm?id=1019422605857&ns=1&abbucket=10&xxc=taobaoSearch&mi_id=0000TM4TItDn1oK40rOs2XRYqULheVfY2b8p8lFDiBgNc4g&skuId=6028414168876
637308741087,ins芝麻街毛绒包包汽车钥匙扣挂件网红个性kaws可爱情侣背包挂饰,29,¥,,汝不乐吾自乐,Hatsune Miku线上商店,5年老店,2人付款,广东 广州,,,https://g-search3.alicdn.com/img/bao/uploaded/i4/i4/1742766941/O1CN014ga8Md2191uJhIPYx_!!1742766941.jpg,//item.taobao.com/item.htm?id=637308741087&ns=1&abbucket=10&xxc=taobaoSearch&mi_id=0000Ie_s2RhPB8xlHRrF1PM5eRIdJuQZuFFHPDn-2ckE938&skuId=4742315414202
1012377571086,潮牌KAWS玄关装饰画led发光客厅走廊过道长条挂画暴力熊艺术钟表,217.6,¥,,tb6572135465,美好寓意装饰画厂家店,,6人看过,河南 开封,"退货宝, 包邮",画芯材质:烤瓷晶瓷 | 图案主题:卡通动漫 | 适用空间:客厅 | 风格匹配:潮流,https://g-search1.alicdn.com/img/bao/uploaded/i4/i4/2217750228686/O1CN01TJrgPD2E2FLTtsMZv_!!2217750228686.jpg,//item.taobao.com/item.htm?id=1012377571086&ns=1&abbucket=10&xxc=taobaoSearch&mi_id=00001Ci4LDMiJpyWaRlUTVfbA18dq3rhakCS4PVCoAAUeqM&skuId=6017643681281
775679518868,kaws快捷键鼠标垫子电脑办公桌垫超大加厚书桌垫子定制防滑桌面垫,33.6,¥,,新尚奥旗舰店,新尚奥旗舰店,回头客1万,9人付款,广东 深圳,包邮,材质:橡胶 | 厚度:3mm | 适用型号:通用 | 尺寸:300x800mm,https://g-search2.alicdn.com/img/bao/uploaded/i4/i1/2214256744044/O1CN01RwrEgz1fkCcvPKyRD_!!0-item_pic.jpg,//detail.tmall.com/item.htm?id=775679518868&ns=1&abbucket=10&xxc=taobaoSearch&mi_id=0000W7ZCAwdeilj3ATt8Gs8OBAPAIR1ZkYqbjzmcBH_ohm8&skuId=5476318011419
997486874565,NASA kaws公仔联名芝麻街卫衣男连帽秋冬二次元周边衣服加绒外套,110,¥,券后价,栗子羊羊旗舰店,栗子羊羊旗舰店,,0人付款,江西 南昌,"官方立减12%, 包邮",克重范围:21g | 面料:棉涤 | 版型分类:宽松型 | 领型设计:连帽 | 是否连帽:是 | 适用性别:男,https://g-search2.alicdn.com/img/bao/uploaded/i4/i4/2218508559691/O1CN011pD6pS2LSXNeyCXh5_!!4611686018427381067-0-item_pic.jpg,//detail.tmall.com/item.htm?id=997486874565&ns=1&abbucket=10&xxc=taobaoSearch&mi_id=0000gIafrYMokhzYMvZ34uK-Pn8LUEgdx2RMCfvjcVfNDVE&skuId=6145941698232
841305846801,暴力熊积木熊kaws周边原宿双肩包男女学生旅行包学生大容量书包,65.8,¥,,微微安优选,微微安优选,,1人付款,辽宁 盘锦,"店铺满100减1, 包邮",,https://g-search1.alicdn.com/img/bao/uploaded/i4/i1/2216698528697/O1CN01izAzUg2E7Ha5Njs2E_!!2216698528697.jpg,//item.taobao.com/item.htm?id=841305846801&ns=1&abbucket=10&xxc=taobaoSearch&mi_id=0000pvHOLIG3z8TRS4UYY_Z6oXPkb-Lf0yVu2SGf_JiEUoE&skuId=5610072504583
642506615746,网红kaws芝麻街公仔雕塑暴力熊摆件客厅玄关电视柜旁落地装饰品,375,¥,券后价,顾居家居旗舰店,顾居家居旗舰店,12年老店,0人付款,浙江 金华,"官方立减12%, 淘金币已抵5.61元, 退货宝",主体材质:卡通 | 摆放方式:落地,https://g-search3.alicdn.com/img/bao/uploaded/i4/i1/1881524942/O1CN01f0PeQr1mNU1uEBx5W_!!0-item_pic.jpg,//detail.tmall.com/item.htm?id=642506615746&ns=1&abbucket=10&xxc=taobaoSearch&mi_id=0000LMwjrzW63vh5-GqVqTIiDgO_S18QQWcJ1DYq_aQzamM&skuId=4616726781400
973313259099,kaws暴力熊入户玄关装饰画现代简约走廊过道挂画潮牌创意积木壁画,88.2,¥,,爱德娜装饰画,爱德娜装饰画,,3人付款,河南 商丘,包邮,图案主题:卡通动漫 | 风格匹配:现代简约,https://g-search3.alicdn.com/img/bao/uploaded/i4/i4/2221009900092/O1CN01aSweLR1CYBYA1Li1C_!!4611686018427384380-0-item_pic.jpg,//item.taobao.com/item.htm?id=973313259099&ns=1&abbucket=10&xxc=taobaoSearch&mi_id=0000Azt9ptSa0TIiuIkj6lIcyndjUyVMUsSpNuxlrfEOoa4&skuId=6170298663601
674389772584,芝麻街kaws竖版暴力熊背景挂布挂毯墙布房间宿舍出租墙面画布装饰,24,¥,券后价,我去大嫂家干活,一布之缘,,0人付款,浙江 金华,"淘金币已抵0.32元, 包邮",图案:人物图案 | 材质:毛绒 | 风格:简约现代 | 挂毯形状:长方形 | 产地:中国大陆 | 挂毯清洗方式:可机洗,https://g-search1.alicdn.com/img/bao/uploaded/i4/i2/2766297394/O1CN01QfHAm224UVGb5prGX_!!2766297394.jpg,//item.taobao.com/item.htm?id=674389772584&ns=1&abbucket=10&xxc=taobaoSearch&mi_id=0000g91i_5n5cq4iM06eIXBb9A9N8GvsdaQHR5ECj8V_llA&skuId=4851938600568
691979059136,轻奢网红熊潮玩kaws大摆件暴力熊公仔客厅电视柜旁边大型落地装饰,960,¥,券后价,花千总旗舰店,花千总旗舰店,5年老店,12人付款,福建 泉州,"官方立减12%, 店铺满958减50, 退货宝, 包邮, 公益宝贝",主体造型:卡通/趣味 | 主体材质:树脂 | 主题风格:轻奢风,https://g-search1.alicdn.com/img/bao/uploaded/i4/i4/2209527846961/O1CN017LEHud21IBo0r9sEz_!!0-item_pic.jpg,//detail.tmall.com/item.htm?id=691979059136&ns=1&abbucket=10&xxc=taobaoSearch&mi_id=0000HVUgF-lsJcSPOrgl9YLhqh2JovSgITnyicGTtHLSkEA&skuId=5087625915919
860926367890,暴力熊跑车客厅沙发背景墙装饰画kaws轻奢汽车大男孩卧室床头挂画,160,¥,券后价,匠心匠意i,福匠画房,8年老店,0人付款,江苏 无锡,"官方立减12%, 店铺满75减5, 退货宝, 上门安装, 公益宝贝",画芯材质:油画布 | 图案主题:卡通动漫 | 适用空间:客厅 | 风格匹配:现代简约 | 装裱方式:有框,https://g-search1.alicdn.com/img/bao/uploaded/i4/i1/3372447469/O1CN01YyrC69252rEWZoyhO_!!3372447469.jpg,//item.taobao.com/item.htm?id=860926367890&ns=1&abbucket=10&xxc=taobaoSearch&mi_id=0000-ZaqDHfwlwtxk5nCBqx9yeP3AJIEvH3dPs5QX6n-wHQ&skuId=5847255823880
675233118509,现代雕塑装饰卡通人物 抽象室内工装 KAWS玩偶 装饰品摆件 SU模型,3.5,¥,券后价,tb8409687929,飞凡设计工作室3859,回头客1万,10人付款,湖南 长沙,"24小时内发, 淘金币已抵0.17元, 包邮",,https://g-search3.alicdn.com/img/bao/uploaded/i4/i1/2212097311004/O1CN01RPQ0uM1JHsakOF7X5_!!2212097311004.jpg,//item.taobao.com/item.htm?id=675233118509&ns=1&abbucket=10&xxc=taobaoSearch&mi_id=0000lK2VVmhGLfrAuTu7T4yIYYWVlR2WaCbbr_tuHCwzXy0&skuId=null
720982300845,kaws潮牌手机壳适用iPhone14promax苹果15plus华为mate60小米13红米note12T荣耀vivoiqooz8/opporeno10一加11,23.8,¥,券后价,tb650614790,节奏蓝调,,13人付款,广东 深圳,"官方立减12%, 淘金币已抵0.71元, 48小时内发, 包邮",保护套质地:TPU | 风格:个性 | 适用手机机型:Apple/苹果,https://g-search3.alicdn.com/img/bao/uploaded/i4/i2/2214177912969/O1CN01sqXvvm1XnqnVZamez_!!2214177912969.jpg,//item.taobao.com/item.htm?id=720982300845&ns=1&abbucket=10&xxc=taobaoSearch&mi_id=0000mTVR95i2hrNWe2iDknouyJZQ3jTz6lQJSKsK7UAlpw4&skuId=5018664352735
,,,,,,,,,,,,,
654003133234,TAKAHASHI 正版KAWS拼图框东京展会限定海豚异形亚克力框包邮简约,119,¥,券后价,刘冰二代,TAKAHASHI STUDIO,8年老店,6人付款,天津,"官方立减12%, 淘金币已抵2.38元, 退货宝, 极有家, 包邮",相框种类:画框 | 材质:亚克力 | 是否带画片:否 | 形状:异形 | 风格:简约现代 | 产地:中国大陆,https://g-search1.alicdn.com/img/bao/uploaded/i4/i3/2275462425/O1CN01oOUCU91TmhAAR0zhA_!!2275462425.jpg,//item.taobao.com/item.htm?id=654003133234&ns=1&abbucket=10&xxc=taobaoSearch&mi_id=0000d3CkALgBDEnEBXHsiESRpjikElhvu_QEFjK8LNTHNIs&skuId=4903838579630
791543869201,潮流kaws地毯卫浴厕所寝室个性卫生间吸水地垫防滑潮牌地垫家用,28.8,¥,券后价,以诚为本go,七彩潮定制地毯,16年老店,3人付款,北京,"官方立减12%,  3期, 淘金币已抵0.86元, 退货宝, 48小时内发, 包邮",地垫厚度:4.0mm | 适用空间:家用 | 风格:卡通动漫 | 流行元素:插画手绘风 | 适用场景:家用,https://g-search3.alicdn.com/img/bao/uploaded/i4/i3/326438716/O1CN01VwiyDG2EFzCHWXjPp_!!326438716.jpg,//item.taobao.com/item.htm?id=791543869201&ns=1&abbucket=10&xxc=taobaoSearch&mi_id=0000iHHxvsXxumn0M0GqJaUaVLv3Htmdn-ec3CSzmmyC4MY&skuId=5570932886236
1007989573740,潮流暴力熊客厅装饰画kaws高级感卡通画儿童卧室床头挂画电竞墙画,187.2,¥,,爱迪士装饰画,爱大彭装饰画的小店37,,3人付款,河南 商丘,包邮,,https://g-search3.alicdn.com/img/bao/uploaded/i4/i3/2221009900092/O1CN01cs0hA31CYBYAQVf1t_!!4611686018427384380-0-item_pic.jpg,//item.taobao.com/item.htm?id=1007989573740&ns=1&abbucket=10&xxc=taobaoSearch&mi_id=0000xM9AIr1gJvpA067BL27Z2MfzP2QNfmhUOr1PrKGpMck&skuId=6169682970783
778036376326,Kaws挂画暴力熊全身穿衣镜子装饰画北欧家用隐藏式玄关卧室试衣镜,536,¥,券后价,中佰丽居家居旗舰店,中佰丽居家居旗舰店,10年老店,1人付款,福建 厦门,"官方立减12%, 上门安装, 包邮",画芯材质:油画布 | 图案主题:动物 | 适用空间:客厅 | 装裱方式:有框,https://g-search2.alicdn.com/img/bao/uploaded/i4/i2/2453902915/O1CN01sqJ5iy1XP7Uil7MXo_!!0-item_pic.jpg,//detail.tmall.com/item.htm?id=778036376326&ns=1&abbucket=10&xxc=taobaoSearch&mi_id=0000IDP4TNqIxBAwuRMSssjLs86L-vv_XIWO26-djcoq7ss&skuId=5488871903527
879921267126,优衣库刺绣合作款男女装情侣UT KAWS+Warhol袜子476519,12.8,¥,,tb277890323,宜尚正品代购,,100+人付款,北京,退货宝,筒高:中筒 | 袜子功能用途:保暖 | 适用季节:四季通用 | 适用性别:男女通用 | 品牌:Uniqlo/优衣库,https://g-search2.alicdn.com/img/bao/uploaded/i4/i2/2213771297177/O1CN014VA2kE22t7avXAzML_!!2213771297177.jpg,//item.taobao.com/item.htm?id=879921267126&ns=1&abbucket=10&xxc=taobaoSearch&mi_id=0000oroP-tG4_s-t2K2lwJAvJY68HBaht6lgPYOXfzdgdss&skuId=5919643909518
823759912632,简约北欧抽象艺术高级线条绿色奶油风kaws暴力熊餐厅钟表挂画素材,19.9,¥,,tb8367092583,一间素材,,0人付款,四川 成都,包邮,,https://g-search1.alicdn.com/img/bao/uploaded/i4/i2/2213278207306/O1CN01U0riub23qCdVfXyne_!!2213278207306.jpg,//item.taobao.com/item.htm?id=823759912632&ns=1&abbucket=10&xxc=taobaoSearch&mi_id=0000WiMCnDGGdxQa9rF-d8clEm54SF_I95K3-zNR039VLN8&skuId=null
1010641400501,跑车潮牌kaws床头装饰画暴力熊沙发背景墙挂画卧室男孩儿童房壁画,93.6,¥,券后价,妙科创意集,寂色艺绘工坊,,0人付款,河南 郑州,"官方立减15%, 淘金币已抵1.4元, 包邮",,https://g-search1.alicdn.com/img/bao/uploaded/i4/i4/2221017506519/O1CN01AYIPxH1y1l45Isw0A_!!4611686018427380439-0-item_pic.jpg,//item.taobao.com/item.htm?id=1010641400501&ns=1&abbucket=10&xxc=taobaoSearch&mi_id=00008NqXGFcG39c9IQxDSygDcX3FR4J1LXtvXMzLJ3JdcA8&skuId=6175468999494
973444281826,Vuu联名款Kaws刺绣字母XX艺术家联名纯色复古Hoodie男女卫衣帽衫,228,¥,券后价,tb794213129407,Vuuaee,,0人付款,广东 广州,店铺满199减5,面料:有机棉 | 领型设计:连帽 | 适用性别:男女通用,https://g-search3.alicdn.com/img/bao/uploaded/i4/i3/2216485296736/O1CN01szLR9a1zd8zHBBy3Y_!!2216485296736.jpg,//item.taobao.com/item.htm?id=973444281826&ns=1&abbucket=10&xxc=taobaoSearch&mi_id=0000x6xC9X55kvQxGWZbziJVerKqJO2G_22GtkOBOYuwcDY&skuId=5925488093430
988571148226,kaws摆件集合潮流原型解剖公仔玩偶8寸sz-sujiao-kaws玩具,37.44,¥,,馨月晓彤,天工跨境链,,1人付款,广东 广州,包邮,材质:PVC | 适用年龄:3个月 | 适用性别:男女通用 | 产地:中国大陆,https://g-search2.alicdn.com/img/bao/uploaded/i4/i2/2219391197144/O1CN01E77JUw22e0aleNn1v_!!2219391197144.jpg,//item.taobao.com/item.htm?id=988571148226&ns=1&abbucket=10&xxc=taobaoSearch&mi_id=00004U5Gn5nLclQJF2UsCkEG0MnG0q2NsyHkJxZHoEpJCNI&skuId=6118160339023
761494096901,kaws潮牌客厅装饰画现代简约沙发背景墙挂画暴力熊联名公仔三联画,266,¥,券后价,澜聪旗舰店,澜聪旗舰店,,1人付款,河南 郑州,"店铺满130减40, 退货宝, 包邮",图案主题:抽象 | 适用空间:客厅 | 风格匹配:现代简约 | 装裱方式:有框 | 材质:铝合金 | 画芯材质:布纹膜,https://g-search2.alicdn.com/img/bao/uploaded/i4/i1/2211371618526/O1CN01s91ceA2CqxlzG5JnE_!!0-item_pic.jpg,//detail.tmall.com/item.htm?id=761494096901&ns=1&abbucket=10&xxc=taobaoSearch&mi_id=0000I16Nb_d1IkOFj_uXrXtttGvxNnORHEKPJx5t9AkLK5U&skuId=5251259577709
798054528303,潮流暴力熊玄关装饰画卡通kaws走廊过道壁画入户正对门led灯挂画,172,¥,券后价,意识形态旗舰店,意识形态旗舰店,回头客2万,1人付款,山东 临沂,"官方立减12%, 店铺满38减2, 淘金币已抵2.58元, 退货宝, 上门安装, 包邮",材质:水晶 | 画芯材质:油画布 | 图案主题:静物 | 适用空间:玄关 | 风格匹配:大气 | 装裱方式:有框,https://g-search3.alicdn.com/img/bao/uploaded/i4/i2/4058846958/O1CN01nFT3eh21Gon1fxkJZ_!!0-item_pic.jpg,//detail.tmall.com/item.htm?id=798054528303&ns=1&abbucket=10&xxc=taobaoSearch&mi_id=0000Y8HBc9ijEQ0xvryA4QAFRW8PT3NfRNwZ6cEvEnkJTZs&skuId=5607229134507
658983278713,kaws玩偶公仔客厅装饰画 简约潮牌沙发背景墙挂画三联壁画暴力熊,276,¥,券后价,慕卡趣旗舰店,慕卡趣旗舰店,5年老店,0人付款,山东 临沂,"官方立减12%, 店铺满300减30, 淘金币已抵4.14元, 退货宝, 上门安装, 破损包退, 包邮",适用空间:卧室 | 风格匹配:现代简约 | 装裱方式:有框 | 材质:油画布,https://g-search1.alicdn.com/img/bao/uploaded/i4/i1/2208260243100/O1CN01GPc3nm1YlqWH6yB6I_!!0-item_pic.jpg,//detail.tmall.com/item.htm?id=658983278713&ns=1&abbucket=10&xxc=taobaoSearch&mi_id=0000EZfi5645gqBzAyw9RCiitCbdgSJLkKSDAtv9XA_YZ8M&skuId=4927950515243
779539290184,现代轻奢客厅装饰画kaws暴力熊挂画沙发背景墙壁画大气高级三联画,232,¥,券后价,都奕旗舰店,都奕旗舰店,,4人付款,河南 商丘,"官方立减12%, 店铺满100减16, 淘金币已抵3.48元, 退货宝, 包邮",材质:水晶 | 图案主题:卡通动漫 | 适用空间:客厅 | 风格匹配:现代简约 | 装裱方式:有框 | 画芯材质:布纹膜,https://g-search2.alicdn.com/img/bao/uploaded/i4/i2/2216647345831/O1CN01dRvqXZ1sweP3NHGOa_!!0-item_pic.jpg,//detail.tmall.com/item.htm?id=779539290184&ns=1&abbucket=10&xxc=taobaoSearch&mi_id=0000zg2b0KVFPganLd5N05SeNRxZNL4OQRvFwKHmnkAkbAs&skuId=5323476532121
948173722568,联名KAWS系列TOKYO特别版短袖T恤芝麻街第三弹2023男女同款纯棉夏,88,¥,,小镇大型工厂,沫沫的潮奢,,0人付款,浙江 杭州,"退货宝, 包邮",版型分类:标准 | 面料:棉 | 图案:卡通动漫 | 适用性别:男女通用 | 适用人群:情侣,https://g-search2.alicdn.com/img/bao/uploaded/i4/i1/2212324788614/O1CN01rXNS022DVGmVM6vDy_!!2212324788614.jpg,//item.taobao.com/item.htm?id=948173722568&ns=1&abbucket=10&xxc=taobaoSearch&mi_id=0000WeTNhFadb7Wma_z_rjzRtiq-ROlRPu3IY85wS8FGhr4&skuId=5860085609334
988443384088,KAWS适用vivox200手机壳x300新款x100芝麻街x60保护套x80pro潮牌x30全包x70pro卡通x90s趣味x50pro男玻璃防摔,58,¥,券后价,宝紫数码专营店,宝紫数码专营店,6年老店,3人付款,广东 深圳,"淘金币已抵0.33元, 包邮",是否使用环保材质:含环保材料 | 保护套质地:玻璃 | 工艺技术:彩绘 | 适用手机型号:vivo X80 | 适用手机机型:vivo,https://g-search3.alicdn.com/img/bao/uploaded/i4/i3/2206440231430/O1CN01MmRWvT1MQzTK4CKaG_!!4611686018427384326-0-item_pic.jpg,//detail.tmall.com/item.htm?id=988443384088&ns=1&abbucket=10&xxc=taobaoSearch&mi_id=0000GrWvrlPV1ZxAflafGTtLY6gtU2Lrc9bsGh3EiQee58k&skuId=6117914611517
1015414851255,kaws潮牌挂画客厅装饰画现代简约沙发背景墙画时尚卧室摆放壁画,72,¥,,广漫枝聚一起专卖店,广漫枝聚一起专卖店,,2人看过,广西 梧州,包邮,画芯材质:油画布 | 风格匹配:现代简约 | 装裱方式:有框,https://g-search2.alicdn.com/img/bao/uploaded/i4/i1/2219712030580/O1CN01aYuUry1G9gq1qqptD_!!4611686018427381620-0-item_pic.jpg,//detail.tmall.com/item.htm?id=1015414851255&ns=1&abbucket=10&xxc=taobaoSearch&mi_id=0000ViDDaft6817ZqnBzj06nbJzmlz3c1ZNeINsEcka7zFg&skuId=6189195990432
795319979819,[Magsafe磁吸]潮牌KAWS适用于苹果13手机壳iPhone14Promax磨砂16菲林12/11新款全包14Pro硬壳超薄xs/15保护套,23.8,¥,券后价,沃皓旗舰店,沃皓旗舰店,回头客1万,13人付款,广东 深圳,"官方立减12%, 店铺满26减2, 包邮",是否使用环保材质:含环保材料 | 保护套质地:塑料 | 工艺技术:磨砂 | 款式:磁吸式 | 适用手机型号:iPhone 7 Plus | 风格:时尚 | 适用手机机型:Apple/苹果,https://g-search2.alicdn.com/img/bao/uploaded/i4/i2/2215883207109/O1CN01Re55p822NyaWFm469_!!0-item_pic.jpg,//detail.tmall.com/item.htm?id=795319979819&ns=1&abbucket=10&xxc=taobaoSearch&mi_id=00003a-QPpKD0iA_ENHWoSrMQRhz0pSjj429bTLzXKnDbr4&skuId=5933253244618
714124572419,潮牌KAWS芝麻街适用AirPods Pro二代保护套新款苹果耳机AirPods 1/2/3代个性高级黑Pro男女小众全包硅胶软壳,30,¥,券后价,lin楷明,潮壳学弟,,16人付款,广东 深圳,"淘金币已抵0.56元, 包邮, 公益宝贝",适用耳机型号:苹果 Airpods Pro | 适用耳机品牌:苹果 | 材质:硅胶 | 风格:潮酷 | 触感:软壳,https://g-search2.alicdn.com/img/bao/uploaded/i4/i1/3390161009/O1CN01S69u3U1JKASkgLsln_!!3390161009.jpg,//item.taobao.com/item.htm?id=714124572419&ns=1&abbucket=10&xxc=taobaoSearch&mi_id=0000JUckJLORoSOlZo4dunowkZjtcggh1Tp0QHF0dXkrwEY&skuId=4996596736954
806411039320,Kaws时钟画现代简约玄关装饰潮牌芝麻街公仔钟表挂钟走廊发光灯画,376,¥,券后价,识禾旗舰店,识禾旗舰店,,1人付款,江西 赣州,"官方立减12%, 店铺满128减10, 退货宝, 上门安装, 破损包退, 包邮",风格:简约现代 | 动力类型:电池 | 适用空间:走廊 | 图案:卡通动漫 | 形状:长方形 | 组合形式:单件套 | 材质:铝合金外框 | 工艺:喷绘,https://g-search3.alicdn.com/img/bao/uploaded/i4/i2/2217286877094/O1CN01FYDW6X22H6eZLbBAL_!!0-item_pic.jpg,//detail.tmall.com/item.htm?id=806411039320&ns=1&abbucket=10&xxc=taobaoSearch&mi_id=00008LI8vDqyMGrnJxvfkqTpDh416uKckGH6adjhmOfbAi0&skuId=5483070168719
952298895850,网红kaws公仔潮玩考斯捂脸芝麻街存钱罐客厅软装桌面玄关装饰,92,¥,券后价,骏马工艺世家,骏马工艺世家,回头客1万,0人付款,浙江 杭州,"官方立减12%, 退货宝, 包邮",,https://g-search3.alicdn.com/img/bao/uploaded/i4/i3/1021653131/O1CN01PzuPvW1Z039kCmq4Q_!!1021653131.jpg,//item.taobao.com/item.htm?id=952298895850&ns=1&abbucket=10&xxc=taobaoSearch&mi_id=0000gWm5r8BSxyvFB6rP7s7PaD0xUIfLXnStqt__zC23uWQ&skuId=5872231360706
702408159155,网红捧灯kaws网红熊大摆件玩偶卡通公仔落地现代简约客厅软装饰品,699,¥,,designtalk旗舰店,Designtalk旗舰店,,4人付款,浙江 金华,"退货宝, 包邮, 公益宝贝",适用空间:客厅 | 主体材质:树脂 | 主题风格:轻奢风,https://g-search2.alicdn.com/img/bao/uploaded/i4/i3/2215365441449/O1CN01vqPYvG1MZghwlnsdd_!!0-item_pic.jpg,//detail.tmall.com/item.htm?id=702408159155&ns=1&abbucket=10&xxc=taobaoSearch&mi_id=0000Bp2zbQzq5H7dGiCR4ExnczeP1blaSV2HNUhMwpHJm4U&skuId=5122585283231
967638694134,KAWS潮牌客厅装饰画抽象公仔沙发背景墙挂画芝麻街三联画卧室壁画,230.4,¥,券后价,潮玩聚浩趣,兰亭绘馆装饰画,,3人付款,河南 郑州,"官方立减15%, 淘金币已抵0.69元, 包邮",图案主题:卡通动漫 | 风格匹配:现代简约,https://g-search3.alicdn.com/img/bao/uploaded/i4/i1/2221388911336/O1CN01jkf3yE1LjwGUXzEuh_!!2221388911336.jpg,//item.taobao.com/item.htm?id=967638694134&ns=1&abbucket=10&xxc=taobaoSearch&mi_id=0000Ip0FsGiux-11-YoAuYtBjguo2MpfJqty3uiJ6ZNHQOs&skuId=6193322838082
631861955369,KAWS芝麻街涂鸦个性创意卡通鼠标垫超大游戏键盘锁边加厚办公桌垫,17.8,¥,券后价,麦抱枕先生,旧时光优品,11年老店,32人付款,江苏 南通,"官方立减12%, 淘金币已抵0.23元, 退货宝, 包邮",材质:布 | 厚度:5mm | 尺寸:500x1000mm,https://g-search2.alicdn.com/img/bao/uploaded/i4/i3/2091757171/O1CN015sWiwR22qN0U3LadG_!!0-item_pic.jpg,//item.taobao.com/item.htm?id=631861955369&ns=1&abbucket=10&xxc=taobaoSearch&mi_id=0000i8q_v9ZOjF6vjzFvrs1j7dkO737iECaYOjQukO-hekM&skuId=4501099281202
640778524477,XX创意汽车摆件KAWS手办玩偶考斯潮流公仔卡通车内装饰品车载用品,196,¥,券后价,尚印旗舰店,尚印旗舰店,,2人付款,浙江 绍兴,"官方立减12%, 淘金币已抵1.96元, 退货宝, 包邮, 公益宝贝",,https://g-search3.alicdn.com/img/bao/uploaded/i4/i1/2210935265003/O1CN01wp1DV31mpQBincM5t_!!0-item_pic.jpg,//detail.tmall.com/item.htm?id=640778524477&ns=1&abbucket=10&xxc=taobaoSearch&mi_id=0000s7gpbN9L5rJk1HqWepJz3qVZX574mN4RP4Q5VYLRTog&skuId=4783685131737
880093512632,现代轻奢kaws卡通暴力熊摆件芝麻街人物雕塑商场网红极简软装饰品,900,¥,券后价,tb0070001_2010,雅典丽家居生活馆,12年老店,0人付款,广东 东莞,"官方立减12%, 退货宝, 极有家, 包邮, 公益宝贝",主体材质:树脂 | 表面工艺:半手工,https://g-search3.alicdn.com/img/bao/uploaded/i4/i3/528617976/O1CN01DB9Qx028n43BsCaGV_!!4611686018427384312-0-item_pic.jpg,//item.taobao.com/item.htm?id=880093512632&ns=1&abbucket=10&xxc=taobaoSearch&mi_id=0000r6TqwyelugkIje9xVKhcjzWf9Vr2GePgPdWL0HhdY7U&skuId=4958128202113
997703219624,外贸原单 男装女装KAWS HEATTECH针织围巾/25秋冬新款485257,69,¥,券后价,许文云20142014,NUQLOC优衣店,8年老店,1人付款,浙江 金华,"官方立减12%, 退货宝, 包邮",风格:韩版 | 图案:纯色 | 适用对象:青年,https://g-search3.alicdn.com/img/bao/uploaded/i4/i3/2036981969/O1CN01Enf5BR1QPqxgG7hpo_!!2036981969.png,//item.taobao.com/item.htm?id=997703219624&ns=1&abbucket=10&xxc=taobaoSearch&mi_id=0000xHdPxjbZ6209uScembC-2nxWmTHEzFefwGSLt-hr9CQ&skuId=5983588761233
912366949189,kaws cash数钱款美金芝麻街公仔手办潮玩装饰居家摆件礼物玩偶,110,¥,券后价,lcq124555490,OKEX潮牌,8年老店,4人付款,广东 深圳," 3期, 淘金币已抵3.3元, 退货宝, 包邮",,https://g-search3.alicdn.com/img/bao/uploaded/i4/i1/887799100/O1CN01MjwJ112H5r4bylzxo_!!887799100.jpg,//item.taobao.com/item.htm?id=912366949189&ns=1&abbucket=10&xxc=taobaoSearch&mi_id=0000iuqvRIWQCAmixodqw40SpsrnTiGll9gWfMOgu7cbOQM&skuId=5269172839412
727274791658,kaws芝麻街卡通布艺门帘儿童房卧室遮挡挂帘家用客厅卫生间隔断帘,17,¥,券后价,玲珑0923,玲珑布艺家居店,13年老店,5人付款,广东 广州,"官方立减12%, 退货宝, 包邮",门帘类型:布艺门帘 | 风格:ins风 | 款式:整片 | 适用场景:卧室,https://g-search2.alicdn.com/img/bao/uploaded/i4/i1/741716160/O1CN01H5TsMq1vNKcWayFjy_!!741716160.jpg,//item.taobao.com/item.htm?id=727274791658&ns=1&abbucket=10&xxc=taobaoSearch&mi_id=0000Mm-eOsv8dUkpDuWoXIKsmNJsayQ7NONFQ0wdRGga65A&skuId=5046046617326
694383552966,kaws潮牌客厅装饰画现代简约沙发背景墙挂画暴力熊联名公仔三联画,236,¥,,双子时尚2018,米多多艺术画馆,7年老店,2人付款,河北 石家庄,"退货宝, 上门安装",图案主题:卡通动漫 | 适用空间:客厅 | 风格匹配:现代简约 | 装裱方式:有框,https://g-search1.alicdn.com/img/bao/uploaded/i4/i4/3336810078/O1CN018jKryG1CRlh4Nxck5_!!3336810078.jpg,//item.taobao.com/item.htm?id=694383552966&ns=1&abbucket=10&xxc=taobaoSearch&mi_id=0000GuGCdrZz5W8wn9GXSWOJtvSGBr_rsG7ang5ef54XBro&skuId=4929307004730
999547596960,男装女装情侣款kaws针织帽毛线帽冷帽保暖护耳帽2025秋冬款485256,65,¥,券后价,zhangq020202,优家原单平替,8年老店,0人付款,上海,"店铺满50减2, 退货宝, 包邮",适用季节:秋季 | 功能:保暖,https://gw.alicdn.com/imgextra/O1CN01lUmVlc2MVZdBeZ7Oa_!!2867369833-0-picasso.jpg,//item.taobao.com/item.htm?id=999547596960&ns=1&abbucket=10&xxc=taobaoSearch&mi_id=00003SmwnRL4uK8KyEjLCDLCaQ4A2eq9px409-z9Q-vbDx8&skuId=5982584333926
962362300300,秋冬季新款男装女装KAWS运动长裤休闲裤子卫衣卫裤473557/476120,79,¥,,tb3310301098,壹糯 U家,,2人付款,江苏 苏州,"退货宝, 包邮, 公益宝贝",女裤裤型:直筒裤 | 裤长:长裤 | 风格:百搭 | 适用年龄:25-29周岁,https://g-search3.alicdn.com/img/bao/uploaded/i4/i1/2215606502435/O1CN01sbnIUk1TrHP7zrios_!!2215606502435.jpg,//item.taobao.com/item.htm?id=962362300300&ns=1&abbucket=10&xxc=taobaoSearch&mi_id=0000V569OmvS-d47X0cgjUXl-wqc2iH1xiMTMENbauExUsM&skuId=5727527247557
1004033551977,kaws入户玄关装饰画现代简约走廊过道挂画潮牌创意暴力熊客厅壁画,100.8,¥,,tb079502520494,绘点就成,,3人付款,河南 商丘,包邮,,https://g-search3.alicdn.com/img/bao/uploaded/i4/i3/2220996197970/O1CN011jI0iG28kJkxRWjs3_!!4611686018427387474-0-item_pic.jpg,//item.taobao.com/item.htm?id=1004033551977&ns=1&abbucket=10&xxc=taobaoSearch&mi_id=000099dC6HP-y2njWU5sYThNY6zeFNiB2kvGxhEnP6uuFFM&skuId=5999187709137
958302812178,kaws入户玄关装饰画现代简约走廊过道挂画潮牌创意暴力熊客厅壁画,112,¥,券后价,希望有我需要的,名匠家居装饰画,6年老店,6人付款,河南 商丘,"官方立减12%, 淘金币已抵1.12元, 退货宝, 上门安装, 包邮",图案主题:卡通动漫 | 适用空间:玄关 | 风格匹配:轻奢 | 装裱方式:有框 | 画芯材质:布纹膜,https://g-search1.alicdn.com/img/bao/uploaded/i4/i3/2017101675/O1CN01xf1fPC1OFCUI6oRnD_!!2017101675.jpg,//item.taobao.com/item.htm?id=958302812178&ns=1&abbucket=10&xxc=taobaoSearch&mi_id=0000y0hh49oudH_lN9kiIghoQCzR9-vcIFMC25bAWRTW8gg&skuId=5885092289021
704104964891,潮牌KAWS适用OPPOReno8手机壳oppo保护套reno7男士findX5/x3pro防摔6pro软4个性A53新款A72暴力熊a97/a96/a95,38,¥,券后价,花派数码店,花派数码店,6年老店,4人付款,广东 深圳,"官方立减12%, 包邮",保护套质地:硅胶 | 适用手机型号:OPPO Reno Ace | 风格:创意 | 适用手机机型:OPPO | 品牌:花派,https://g-search1.alicdn.com/img/bao/uploaded/i4/i3/2201275165761/O1CN01XRX6101sQaY9gLoeE_!!0-item_pic.jpg,//item.taobao.com/item.htm?id=704104964891&ns=1&abbucket=10&xxc=taobaoSearch&mi_id=00006fWQCF2g0y0lZ6wsdRhk5duRqmM1Kz-sTYO6zNKl6OY&skuId=4955572792549
957900997717,潮牌kaws暴力熊客厅装饰画沙发背景墙面壁画轻奢高级感三联画挂画,83,¥,券后价,法尔明旗舰店,法尔明旗舰店,,7人付款,河南 安阳,"超级立减10%, 店铺满158减5, 退货宝, 上门安装, 包邮",画框材质:金属 | 图案主题:卡通动漫 | 适用空间:客厅 | 风格匹配:现代简约 | 装裱方式:有框 | 是否带框:有框 | 画芯材质:布纹膜,https://g-search2.alicdn.com/img/bao/uploaded/i4/i2/2219425622601/O1CN014p9tPn1V5JEaGKsDz_!!4611686018427382345-0-item_pic.jpg,//detail.tmall.com/item.htm?id=957900997717&ns=1&abbucket=10&xxc=taobaoSearch&mi_id=0000s8YA3SlXe3SVCuzpPByGgp5B5w4LKWQrkzKJFxA0lJk&skuId=5982754795987
826387255584,UT KAWS芝麻街艾摩甜饼怪刺绣布贴鞋子包包装饰熨斗贴DIY补丁贴,4.15,¥,,tx041,萱绣辅料,10年老店,11人付款,浙江 金华,包邮,图案:卡通动漫 | 产地:中国大陆,https://g-search2.alicdn.com/img/bao/uploaded/i4/i3/57514110/O1CN01tHPvIZ1gEQoUakNCk_!!57514110.jpg,//item.taobao.com/item.htm?id=826387255584&ns=1&abbucket=10&xxc=taobaoSearch&mi_id=0000dmSYA-v0VnhFk6btEmD6mtcxfs3VmGEdjriVpQ_2yZc&skuId=5719641975961
778036376326,Kaws挂画暴力熊全身穿衣镜子装饰画北欧家用隐藏式玄关卧室试衣镜,536,¥,券后价,中佰丽居家居旗舰店,中佰丽居家居旗舰店,10年老店,1人付款,福建 厦门,"官方立减12%, 上门安装, 包邮",画芯材质:油画布 | 图案主题:动物 | 适用空间:客厅 | 装裱方式:有框,https://g-search1.alicdn.com/img/bao/uploaded/i4/i2/2453902915/O1CN01sqJ5iy1XP7Uil7MXo_!!0-item_pic.jpg,//detail.tmall.com/item.htm?id=778036376326&ns=1&abbucket=10&xxc=taobaoSearch&mi_id=0000IDP4TNqIxBAwuRMSssjLs1q790ldrEXUmpwNZ7Amk5A&skuId=5488871903527
718859434941,海贼王夏季汽车遮阳挡创意笑脸路飞车用防晒隔热帘潮牌kaws挡光板,39,¥,券后价,dxh181818,ONE PIECE 原创车品,8年老店,1人付款,浙江 杭州,"淘金币已抵1.17元, 退货宝, 包邮",图案:卡通动漫 | 风格:卡通风 | 品牌:途喜,https://g-search2.alicdn.com/img/bao/uploaded/i4/i2/1704181266/O1CN01sRsJWd1LDsGDxMkYx_!!1704181266.jpg,//item.taobao.com/item.htm?id=718859434941&ns=1&abbucket=10&xxc=taobaoSearch&mi_id=0000kgKx6DLV3buTb-B8mkWpW80nSZ3MWrdehXlGY1XTA4s&skuId=5014508529625
704104964891,潮牌KAWS适用OPPOReno8手机壳oppo保护套reno7男士findX5/x3pro防摔6pro软4个性A53新款A72暴力熊a97/a96/a95,38,¥,券后价,花派数码店,花派数码店,6年老店,4人付款,广东 深圳,"官方立减12%, 包邮",保护套质地:硅胶 | 适用手机型号:OPPO Reno Ace | 风格:创意 | 适用手机机型:OPPO | 品牌:花派,https://g-search3.alicdn.com/img/bao/uploaded/i4/i3/2201275165761/O1CN01XRX6101sQaY9gLoeE_!!0-item_pic.jpg,//item.taobao.com/item.htm?id=704104964891&ns=1&abbucket=10&xxc=taobaoSearch&mi_id=00006fWQCF2g0y0lZ6wsdRhk5WYvAZcLv3MZVtuU-eWk2KY&skuId=4955572792549
1001589705961,男女装情侣款kaws针织帽毛线帽保暖护耳帽针织围巾485257/485256,44,¥,券后价,tb974197822144,爆款屋,,1人付款,北京,"官方立减12%, 退货宝, 包邮",风格:简约 | 适用季节:冬季 | 图案:纯色 | 功能:保暖,https://gw.alicdn.com/imgextra/O1CN01SHSRjL1cvhtnKYi47_!!2220337883663.jpg,//item.taobao.com/item.htm?id=1001589705961&ns=1&abbucket=10&xxc=taobaoSearch&mi_id=0000nlzMtZiiCBBETozv2ULHS8CL7webvUyHP6ukqaMxcdE&skuId=5988277160934
880121341501,潮牌kaws暴力熊客厅装饰画沙发背景墙面壁画轻奢高级感三联画挂画,83,¥,券后价,法尔明旗舰店,法尔明旗舰店,,7人付款,河南 安阳,"超级立减10%, 店铺满158减5, 退货宝, 上门安装, 包邮",画框材质:金属 | 图案主题:卡通动漫 | 适用空间:客厅 | 风格匹配:现代简约 | 装裱方式:有框 | 是否带框:有框 | 画芯材质:布纹膜,https://g-search2.alicdn.com/img/bao/uploaded/i4/i2/2219425622601/O1CN014p9tPn1V5JEaGKsDz_!!4611686018427382345-0-item_pic.jpg,//detail.tmall.com/item.htm?id=880121341501&ns=1&abbucket=10&xxc=taobaoSearch&mi_id=0000s8YA3SlXe3SVCuzpPByGgkaABu3rkptQ5OfcLzm9Q4Y&skuId=5982754795987
703084165212,小羊皮kaws熊适用苹果13 Promax手机壳iPhone12硅胶防摔11pm潮牌XX暴力熊14plus情侣翻毛皮por创意全包保护套,138,¥,券后价,嘉思哲数码旗舰店,嘉思哲数码旗舰店,,15人付款,广东 深圳,"官方立减12%, 店铺满48减3, 包邮, 公益宝贝",是否使用环保材质:含环保材料 | 适用手机型号:iPhone 11 Pro Max | 风格:卡通 | 适用手机机型:Apple/苹果 | 品牌:嘉思哲,https://g-search1.alicdn.com/img/bao/uploaded/i4/i2/2212909906348/O1CN01I3STOz1wlR3WkCacl_!!0-item_pic.jpg,//detail.tmall.com/item.htm?id=703084165212&ns=1&abbucket=10&xxc=taobaoSearch&mi_id=0000jYhuFxGVMuRcdaVwbR4zyFAKiFZ7cOUuwkR9IsLd7vY&skuId=6126688794502
1018888765883,kaws挂画客厅装饰画简约高级感三联壁画潮牌沙发背景墙挂画暴力熊,239.4,¥,券后价,tb5868829481,tb5868829481,,0人付款,河南 商丘,"官方立减12%, 淘金币已抵1.43元, 包邮",图案主题:卡通动漫 | 风格匹配:现代简约,https://g-search2.alicdn.com/img/bao/uploaded/i4/i1/2221009900092/O1CN01cE1Zov1CYBYZlJwpu_!!4611686018427384380-0-item_pic.jpg,//item.taobao.com/item.htm?id=1018888765883&ns=1&abbucket=10&xxc=taobaoSearch&mi_id=0000D5WBpAnodBQSxgfp3TMg2ICwaeLiBpNM9a2eaRTIGMg&skuId=6027350972321
970884038918,恶搞欧美街头kaws袜子xx联名芝麻街潮袜男搭配椰子yeezy老爹鞋aj1,23,¥,券后价,airmen,有趣的印花,12年老店,3人付款,浙江 绍兴,"淘金币已抵0.46元, 退货宝, 包邮",适用性别:男女通用 | 筒高:中筒 | 上市年份季节:2020年春季 | 产地:中国,https://g-search3.alicdn.com/img/bao/uploaded/i4/i1/20760023/O1CN01OyEZGT1C2ZhiF2yoy_!!20760023.jpg,//item.taobao.com/item.htm?id=970884038918&ns=1&abbucket=10&xxc=taobaoSearch&mi_id=00001fQ1TS-M0Jik4gLVZRYCy3Mb4N7b4e1mh36Bx9Ksb2k&skuId=4338030368211
924237918598,TRAVIS SCOTT CACTUS JACK KAWS闪电联名TS藤原浩男女同款短袖T恤,199,¥,,dd_jor,我是陈冠希 向你敬礼 BROHOOD,13年老店,200+人付款,广东 广州," 3期, 退货宝, 48小时内发, 包邮, 公益宝贝",材质成分:棉100% | 版型分类:宽松型 | 适用人群:青少年,https://g-search2.alicdn.com/img/bao/uploaded/i4/i3/710239759/O1CN01CV2bkC2LxfuHCeMFd_!!710239759.jpg,//item.taobao.com/item.htm?id=924237918598&ns=1&abbucket=10&xxc=taobaoSearch&mi_id=0000883FCopijljBecDUI4JJblE3jXQhVwkFYy68iveHJ-U&skuId=4890826358317
967492970170,轻奢暴力熊落地潮牌Kaws芝麻街公仔电视柜酒柜客厅家居装饰大摆件,596,¥,券后价,欧可莱旗舰店,欧可莱旗舰店,11年老店,1人付款,广东 潮州,"官方立减12%, 退货宝, 包邮",适用空间:客厅 | 主体材质:树脂 | 主题风格:轻奢风,https://g-search3.alicdn.com/img/bao/uploaded/i4/i4/2129397827/O1CN01ot0vbZ27gojCqDczQ_!!0-item_pic.jpg,//detail.tmall.com/item.htm?id=967492970170&ns=1&abbucket=10&xxc=taobaoSearch&mi_id=00008eGE529ki7GoPJeNemUexmW803OsKopxab1DKICNNBk&skuId=4759101292360
566104261759,kaws雨伞芝麻街xx潮牌防晒超轻伞男女街头嘻哈黑胶自动开合晴雨伞,38,¥,,豆子妞妞,豆子妞妞礼品伞,7年老店,13人付款,浙江 绍兴,包邮,款式:三折伞 | 伞杆材质:碳素钢 | 适用对象:成年人,https://g-search3.alicdn.com/img/bao/uploaded/i4/i2/TB16.iDekSWBuNjSszdYXHeSpXa_M2.SS2,//item.taobao.com/item.htm?id=566104261759&ns=1&abbucket=10&xxc=taobaoSearch&mi_id=0000PfwY7gjU33WpMpnuDw-r2TRbeBqFgljwjXVjJMm2KEE&skuId=3686698725400
702408159155,网红捧灯kaws网红熊大摆件玩偶卡通公仔落地现代简约客厅软装饰品,699,¥,,designtalk旗舰店,Designtalk旗舰店,,4人付款,浙江 金华,"退货宝, 包邮, 公益宝贝",适用空间:客厅 | 主体材质:树脂 | 主题风格:轻奢风,https://g-search3.alicdn.com/img/bao/uploaded/i4/i3/2215365441449/O1CN01vqPYvG1MZghwlnsdd_!!0-item_pic.jpg,//detail.tmall.com/item.htm?id=702408159155&ns=1&abbucket=10&xxc=taobaoSearch&mi_id=0000Bp2zbQzq5H7dGiCR4Exnc-vABfmXNTbSgeWAPkTkv18&skuId=5122585283231
795319979819,[Magsafe磁吸]潮牌KAWS适用于苹果13手机壳iPhone14Promax磨砂16菲林12/11新款全包14Pro硬壳超薄xs/15保护套,23.8,¥,券后价,沃皓旗舰店,沃皓旗舰店,回头客1万,13人付款,广东 深圳,"官方立减12%, 店铺满26减2, 包邮",是否使用环保材质:含环保材料 | 保护套质地:塑料 | 工艺技术:磨砂 | 款式:磁吸式 | 适用手机型号:iPhone 7 Plus | 风格:时尚 | 适用手机机型:Apple/苹果,https://g-search3.alicdn.com/img/bao/uploaded/i4/i2/2215883207109/O1CN01Re55p822NyaWFm469_!!0-item_pic.jpg,//detail.tmall.com/item.htm?id=795319979819&ns=1&abbucket=10&xxc=taobaoSearch&mi_id=00003a-QPpKD0iA_ENHWoSrMQSvL0MHl1IowXm2AGed6aMs&skuId=5933253244618
652778077473,kaws装饰画客厅潮流潮玩店挂画卧室床头潮牌芝麻街治愈系蓝色壁画,97.5,¥,券后价,qq490219494,Art galleries,,0人付款,广东 江门,"官方立减12%, 店铺满78减5, 退货宝, 上门安装, 极有家, 包邮",画芯材质:油画布 | 图案主题:卡通动漫 | 适用空间:卧室 | 风格匹配:现代简约 | 装裱方式:有框,https://g-search3.alicdn.com/img/bao/uploaded/i4/i4/109868134/O1CN01QL0IKw29xQMOuKYjw_!!109868134.jpg,//item.taobao.com/item.htm?id=652778077473&ns=1&abbucket=10&xxc=taobaoSearch&mi_id=0000ns8HXGUVY5ssW84CXCDwProIxq2ctClOPKV4WUwANHk&skuId=4881760442078
,,,,,,,,,,,,,
965758808888,简约北欧黑白卡通宫格潮流时尚摆台kaws米老鼠装饰画图片电子素材,30,¥,,庐州月光921,素材公社,8年老店,0人付款,上海,包邮,,https://g-search1.alicdn.com/img/bao/uploaded/i4/i2/560349936/O1CN01UxBrvR2NGk9k0CQQz_!!560349936.jpg,//item.taobao.com/item.htm?id=965758808888&ns=1&abbucket=10&xxc=taobaoSearch&mi_id=0000QZRGNRJexoJWskumjAVjkhqd7CwjK4wpNGj_xtSjFoM&skuId=null
823759912632,简约北欧抽象艺术高级线条绿色奶油风kaws暴力熊餐厅钟表挂画素材,19.9,¥,,tb8367092583,一间素材,,0人付款,四川 成都,包邮,,https://g-search1.alicdn.com/img/bao/uploaded/i4/i2/2213278207306/O1CN01U0riub23qCdVfXyne_!!2213278207306.jpg,//item.taobao.com/item.htm?id=823759912632&ns=1&abbucket=10&xxc=taobaoSearch&mi_id=0000WiMCnDGGdxQa9rF-d8clEmrqMwpLp6t9U9u5tLAFeO4&skuId=null
678806468974,潮牌男女暴力熊手机挂绳潮牌KAWS女款手机链新款手机带加长挂脖绳,7,¥,券后价,shili110655,小姐姐原创专业挂绳,10年老店,2人付款,河南 濮阳,"店铺满3减1, 淘金币已抵0.14元, 包邮",,https://g-search1.alicdn.com/img/bao/uploaded/i4/i1/1809820778/O1CN01fQuf651HcMuGgTKoA_!!1809820778.jpg,//item.taobao.com/item.htm?id=678806468974&ns=1&abbucket=10&xxc=taobaoSearch&mi_id=0000aUH0esuZ4KcJ9pXedVmfaH-M4tkelGWLFLkqGimv2hw&skuId=5076161118698
970249839479,kaws入户玄关装饰画竖版潮牌卡通积木熊挂画创意高档走廊过道壁画,232,¥,券后价,盘浪旗舰店,盘浪旗舰店,,0人付款,浙江 金华,"官方立减12%, 店铺满300减20, 退货宝, 上门安装, 包邮",画芯材质:烤瓷晶瓷 | 图案主题:卡通动漫 | 适用空间:玄关 | 风格匹配:潮流 | 装裱方式:有框,https://g-search3.alicdn.com/img/bao/uploaded/i4/i2/2211460157111/O1CN01lXqnJt22OtXTcY6t4_!!4611686018427383479-0-item_pic.jpg,//detail.tmall.com/item.htm?id=970249839479&ns=1&abbucket=10&xxc=taobaoSearch&mi_id=0000XwCIYKKkt0OaeNCN5xi_cLGmrIyU8p5AobK805vN_Zw&skuId=5158118396659
926946393073,kaws暴力熊入户玄关装饰画现代简约走廊过道挂画潮牌创意积木壁画,88.2,¥,,爱德娜装饰画,爱德娜装饰画,,3人付款,河南 商丘,包邮,图案主题:卡通动漫 | 风格匹配:现代简约,https://g-search3.alicdn.com/img/bao/uploaded/i4/i4/2221009900092/O1CN01aSweLR1CYBYA1Li1C_!!4611686018427384380-0-item_pic.jpg,//item.taobao.com/item.htm?id=926946393073&ns=1&abbucket=10&xxc=taobaoSearch&mi_id=0000Azt9ptSa0TIiuIkj6lIcynL7Y-uiZ1VI9u-xkU6sV4g&skuId=6170298663601
961159249489,474138男装/女装秋款情侣印花休闲教练茄克外套kaws夹克秋476316,95,¥,,tb004242163483,柒柒优家小铺,,63人付款,江苏 苏州,"退货宝, 包邮",适用性别:男女通用 | 适用对象:通用,https://g-search1.alicdn.com/img/bao/uploaded/i4/i4/2217768595903/O1CN01o237HU1tTcxacMrpB_!!2217768595903.jpg,//item.taobao.com/item.htm?id=961159249489&ns=1&abbucket=10&xxc=taobaoSearch&mi_id=0000m3bqqZsBB72UpV2RtllUxQsiS1d-caK958lSvRKw9lk&skuId=5552678168819
924132997717,潮流暴力熊客厅装饰画沙发背景墙挂画三联画高级感芝麻街kaws壁画,239.4,¥,,tb962795854590,tb962795854590,,0人付款,河南 郑州,包邮,图案主题:卡通动漫 | 风格匹配:现代简约,https://g-search3.alicdn.com/img/bao/uploaded/i4/i2/2221017569712/O1CN01nAfJas2Lc9hqGA5oh_!!4611686018427386288-0-item_pic.jpg,//item.taobao.com/item.htm?id=924132997717&ns=1&abbucket=10&xxc=taobaoSearch&mi_id=0000zd88qxx-Yvn5jzSbTvi-S2FBUrxyhUdNoTNpDkSuunE&skuId=6193415058363
640778524477,XX创意汽车摆件KAWS手办玩偶考斯潮流公仔卡通车内装饰品车载用品,196,¥,券后价,尚印旗舰店,尚印旗舰店,,2人付款,浙江 绍兴,"官方立减12%, 淘金币已抵1.96元, 退货宝, 包邮, 公益宝贝",,https://g-search3.alicdn.com/img/bao/uploaded/i4/i1/2210935265003/O1CN01wp1DV31mpQBincM5t_!!0-item_pic.jpg,//detail.tmall.com/item.htm?id=640778524477&ns=1&abbucket=10&xxc=taobaoSearch&mi_id=0000s7gpbN9L5rJk1HqWepJz3nOnVrqcjc1t75IxyUFQwxQ&skuId=4783685131737
965371091251,KAWS潮牌客厅装饰画抽象公仔沙发背景墙挂画芝麻街三联画卧室壁画,230.4,¥,券后价,潮玩聚浩趣,兰亭绘馆装饰画,,3人付款,河南 郑州,"官方立减15%, 淘金币已抵0.69元, 包邮",图案主题:卡通动漫 | 风格匹配:现代简约,https://g-search2.alicdn.com/img/bao/uploaded/i4/i1/2221388911336/O1CN01jkf3yE1LjwGUXzEuh_!!2221388911336.jpg,//item.taobao.com/item.htm?id=965371091251&ns=1&abbucket=10&xxc=taobaoSearch&mi_id=0000Ip0FsGiux-11-YoAuYtBjo7Ijk2B5brHKIwyGZbgLKg&skuId=6193322838082
983426224993,轻奢高级感暴力熊装饰画kaws客厅沙发背景墙挂画网红潮牌三联壁画,730,¥,券后价,黄幸梅vip,喜悦家居装饰画,,6人付款,河南 商丘,"官方立减12%, 淘金币已抵1.12元, 退货宝, 上门安装, 包邮",画框材质:金属 | 图案主题:卡通动漫 | 适用空间:客厅 | 风格匹配:轻奢 | 装裱方式:有框 | 是否带框:有框 | 画芯材质:布纹膜,https://g-search3.alicdn.com/img/bao/uploaded/i4/i2/2954493859/O1CN01YYbEGf1eNTVoIEWmU_!!2954493859.jpg,//item.taobao.com/item.htm?id=983426224993&ns=1&abbucket=10&xxc=taobaoSearch&mi_id=0000FrByTrOj2BmNhZVwE52EOv7moT-gcEtQ-_gGWI1fID0&skuId=6107431158583
727099904437,暴力熊Kaws创意挂钟网红潮流家用客厅钟表2023新款餐厅装饰时钟画,108,¥,券后价,百福装饰画,百福装饰画,10年老店,0人付款,河南 商丘,"官方立减12%, 店铺满100减10, 淘金币已抵2.1元, 退货宝, 包邮",风格:简约现代 | 图案:抽象 | 适用空间:客厅 | 画芯材质:哑光纸 | 工艺:雕刻 | 厚度:12毫米 | 发光颜色:暖黄 | 品牌:栗彩,https://g-search3.alicdn.com/img/bao/uploaded/i4/i2/2742653083/O1CN0150jZga1Ye42hKGLQG_!!0-item_pic.jpg,//item.taobao.com/item.htm?id=727099904437&ns=1&abbucket=10&xxc=taobaoSearch&mi_id=0000LUEsOWOT8yRPFWe0wVG1PfLvKrlZpUJKlXfzUOCfOSA&skuId=5219433275668
987964088418,芝麻街kaws抱枕被车用靠枕午休睡觉两用空调被午睡宿舍折叠毯子,29.8,¥,,tb221226813093,雾之湖精灵之家,,1人付款,浙江 温州,"退货宝, 包邮",填充物:化纤 | 风格:简约现代 | 形状:正方形 | 图案:卡通动漫 | 是否可定制:可定制 | 适用场景:午睡,https://g-search3.alicdn.com/img/bao/uploaded/i4/i4/2218882083305/O1CN01De61KQ1aHk5xXVYOP_!!2218882083305.jpg,//item.taobao.com/item.htm?id=987964088418&ns=1&abbucket=10&xxc=taobaoSearch&mi_id=0000O9nl1NbqIOFA3v9ITiKUEfwjCLwc_XOEus80r5-Pwqk&skuId=5949961520496
870370157262,kaws克莱因蓝暴力熊装饰画客厅高级沙发背景落地挂画玄关过道壁画,88,¥,券后价,拉萨母奶茶,壹嘉家居装饰画,6年老店,0人付款,广东 东莞,"官方立减12%, 退货宝, 包邮",画芯材质:油画布 | 图案主题:卡通动漫 | 适用空间:客厅 | 风格匹配:现代简约 | 装裱方式:有框,https://g-search3.alicdn.com/img/bao/uploaded/i4/i2/2354930372/O1CN01frQK7G1EcQMUCg8Kr_!!2354930372.jpg,//item.taobao.com/item.htm?id=870370157262&ns=1&abbucket=10&xxc=taobaoSearch&mi_id=00009HZId_GsYvB-fME6peKNOXDbxSpINUhoj0sFgU67daE&skuId=5868781379180
645475824148,kaws挂画客厅背景墙装饰画现代简约壁画芝麻街联名创意时尚潮牌,96,¥,券后价,崔亚0371,嘉美画都,,0人付款,北京,"官方立减12%, 24小时内发, 退货宝, 包邮",画芯材质:油画布 | 适用空间:客厅 | 风格匹配:现代简约 | 装裱方式:有框,https://g-search2.alicdn.com/img/bao/uploaded/i4/i2/3166934239/O1CN01Vu0sZm1hBVbYkFIMk_!!0-item_pic.jpg,//item.taobao.com/item.htm?id=645475824148&ns=1&abbucket=10&xxc=taobaoSearch&mi_id=0000mwad1xBUIW05P_RdD2J9GjkUzRXTFFeiRl5x1PJKWdM&skuId=4824745858834
875511051413,适用Kaws潮牌芝麻街华为pura70手机壳Pura70pro+液态软硅胶70ultra磁吸无线充电5g可爱卡通P70新款情侣男女潮,38,¥,券后价,能季旗舰店,能季旗舰店,6年老店,4人付款,广东 深圳,"店铺满20减2, 包邮",保护套质地:液态硅胶 | 是否使用环保材质:含环保材料 | 适用手机型号:华为Pura 70 | 风格:卡通 | 适用手机机型:Huawei/华为 | 品牌:能季,https://g-search3.alicdn.com/img/bao/uploaded/i4/i3/2206415823025/O1CN01TVzpF21YDV8Bhei9T_!!4611686018427379889-0-item_pic.jpg,//detail.tmall.com/item.htm?id=875511051413&ns=1&abbucket=10&xxc=taobaoSearch&mi_id=0000EYvrsN50D7HOt6Xx-84XriKfImP6CBvAYG4znE-CMqs&skuId=5880462238623
958302812178,kaws入户玄关装饰画现代简约走廊过道挂画潮牌创意暴力熊客厅壁画,112,¥,券后价,希望有我需要的,名匠家居装饰画,6年老店,6人付款,河南 商丘,"官方立减12%, 淘金币已抵1.12元, 退货宝, 上门安装, 包邮",图案主题:卡通动漫 | 适用空间:玄关 | 风格匹配:轻奢 | 装裱方式:有框 | 画芯材质:布纹膜,https://g-search3.alicdn.com/img/bao/uploaded/i4/i3/2017101675/O1CN01xf1fPC1OFCUI6oRnD_!!2017101675.jpg,//item.taobao.com/item.htm?id=958302812178&ns=1&abbucket=10&xxc=taobaoSearch&mi_id=0000y0hh49oudH_lN9kiIghoQCE5ArtA8mNMpk5scL1-jxk&skuId=5885092289021
779539290184,现代轻奢客厅装饰画kaws暴力熊挂画沙发背景墙壁画大气高级三联画,232,¥,券后价,都奕旗舰店,都奕旗舰店,,4人付款,河南 商丘,"官方立减12%, 店铺满100减16, 淘金币已抵3.48元, 退货宝, 包邮",材质:水晶 | 图案主题:卡通动漫 | 适用空间:客厅 | 风格匹配:现代简约 | 装裱方式:有框 | 画芯材质:布纹膜,https://g-search3.alicdn.com/img/bao/uploaded/i4/i2/2216647345831/O1CN01dRvqXZ1sweP3NHGOa_!!0-item_pic.jpg,//detail.tmall.com/item.htm?id=779539290184&ns=1&abbucket=10&xxc=taobaoSearch&mi_id=0000zg2b0KVFPganLd5N05SeNZ6TGRLow9bolM__cQwyG4k&skuId=5323476532121
583173347374,KAWS 芝麻街联名公仔 艺术画挂画个性北欧客厅沙发装饰画餐厅壁画,249,¥,券后价,食分趣,有调KAWS挂画,,1人付款,北京,"淘金币已抵7.47元, 包邮, 公益宝贝",图案主题:卡通动漫 | 风格匹配:现代简约 | 装裱方式:有框 | 画芯材质:哑光纸,https://g-search1.alicdn.com/img/bao/uploaded/i4/i1/1692314597/O1CN01LF50G61jpTOOsgIgk_!!0-item_pic.jpg,//item.taobao.com/item.htm?id=583173347374&ns=1&abbucket=10&xxc=taobaoSearch&mi_id=0000Zsig9sPfoHC8mWHuQT5eHnFXwUp9GL-bmkaAs0aUCgs&skuId=4084243742588
657329104589,KAWS捂脸适用iPhone16新款手机壳苹果15plus亲肤简约14promax夜光13潮牌12磨砂11个性保护硬套,59,¥,券后价,llg汽车改装,维妮卡工厂店,5年老店,0人付款,广东 广州,"官方立减12%, 淘金币已抵0.55元, 退货宝, 包邮",保护套质地:塑料 | 功能:夜光 | 适用手机型号:iPhone 12 Pro Max | 风格:创意 | 适用手机机型:Apple/苹果 | 品牌:维姬,https://g-search1.alicdn.com/img/bao/uploaded/i4/i2/4065362743/O1CN01CtvMWp1W8L7bhPYeO_!!4065362743.jpg,//item.taobao.com/item.htm?id=657329104589&ns=1&abbucket=10&xxc=taobaoSearch&mi_id=0000cGVC-v2pxYMhzUg2HQGAJIjycBJME4U7lYUdVNlMfe0&skuId=5764121803949
1019777308241,儿童房书房挂画kaws潮流艺术画大气暴力熊过道装饰画潮牌现代简约,87.7,¥,,tbb56475111420,名都商贸,,0人付款,广东 广州,包邮,画芯材质:油画布 | 适用空间:客厅 | 装裱方式:有框,https://g-search2.alicdn.com/img/bao/uploaded/i4/i1/2220864003633/O1CN0116GsIU1chy1oMwRLp_!!2220864003633-0-scmitem176000.jpg,//item.taobao.com/item.htm?id=1019777308241&ns=1&abbucket=10&xxc=taobaoSearch&mi_id=0000N4Gb17nCq3oqySIjuP8Zv5fz6kp6GTYzKIjPG1mblUk&skuId=6028568137800
597938771108,特价 ins原创宿舍挂布休闲沙发背景布卧室装饰布KAWS芝麻街漫威,38,¥,券后价,刘失意丶,二傻的梦想屋,12年老店,1人付款,浙江 温州,"官方立减12%, 淘金币已抵1.14元, 退货宝, 极有家, 包邮, 公益宝贝",图案:卡通动漫 | 材质:化纤 | 风格:北欧,https://g-search2.alicdn.com/img/bao/uploaded/i4/i4/705143443/O1CN017kCgTx1bIwOSh6dei_!!705143443.jpg,//item.taobao.com/item.htm?id=597938771108&ns=1&abbucket=10&xxc=taobaoSearch&mi_id=0000G6ILSm0CvDn5EcehE_sdAchDnDQshE5xvw3M9Vi52-I&skuId=4412132699029
966940315715,kaws cash数钱款美金芝麻街公仔手办潮玩装饰居家摆件礼物玩偶,110,¥,券后价,lcq124555490,OKEX潮牌,8年老店,4人付款,广东 深圳," 3期, 淘金币已抵3.3元, 退货宝, 包邮",,https://g-search3.alicdn.com/img/bao/uploaded/i4/i1/887799100/O1CN01MjwJ112H5r4bylzxo_!!887799100.jpg,//item.taobao.com/item.htm?id=966940315715&ns=1&abbucket=10&xxc=taobaoSearch&mi_id=0000iuqvRIWQCAmixodqw40SpmA2hgkxZ7X82KwRpJcmQCc&skuId=5269172839412
952298895850,网红kaws公仔潮玩考斯捂脸芝麻街存钱罐客厅软装桌面玄关装饰,92,¥,券后价,骏马工艺世家,骏马工艺世家,回头客1万,0人付款,浙江 杭州,"官方立减12%, 退货宝, 包邮",,https://g-search1.alicdn.com/img/bao/uploaded/i4/i3/1021653131/O1CN01PzuPvW1Z039kCmq4Q_!!1021653131.jpg,//item.taobao.com/item.htm?id=952298895850&ns=1&abbucket=10&xxc=taobaoSearch&mi_id=0000gWm5r8BSxyvFB6rP7s7PaGRjoSplp6THkT_HUOsmnHA&skuId=5872231360706
972534046448,kaws装饰画潮玩潮牌挂画细窄长条横幅卧室床头客厅沙发背景墙壁画,79.2,¥,券后价,tb078209464,招财进宝装饰,,0人付款,河南 新乡,"官方立减12%, 店铺满100减5, 包邮",画芯材质:油画布 | 图案主题:卡通动漫 | 适用空间:客厅 | 风格匹配:侘寂风 | 装裱方式:有框,https://gw.alicdn.com/imgextra/O1CN01GyKkIF1s3EeQ5z4mt_!!2215694255710-0-picasso.jpg,//item.taobao.com/item.htm?id=972534046448&ns=1&abbucket=10&xxc=taobaoSearch&mi_id=00006-1Z5PJ4heSmszdT2MH9Lj1JEUv5gYcjipdHCl0h_qs&skuId=5923785404694
794795935220,荣威科莱威卡通米奇车贴纸 宏光mini芝麻街kaws可爱动漫拉花奇瑞Q,71.6,¥,券后价,绿伞身份旗舰店,绿伞身份旗舰店,,38人付款,广东 广州," 3期, 店铺满20减1, 淘金币已抵1.46元, 30天价保, 包邮, 公益宝贝",贴膜类型:车身贴 | 材质:贴纸 | 图案:卡通动漫,https://g-search3.alicdn.com/img/bao/uploaded/i4/i4/2211990743449/O1CN01g1tMIv1bLgz7GcsxH_!!0-item_pic.jpg,//detail.tmall.com/item.htm?id=794795935220&ns=1&abbucket=10&xxc=taobaoSearch&mi_id=0000tehhv9igLWem--oKhLzFVoBHkkOVGnUfNda-_ZCX0kA&skuId=5426579165641
763017723535,潮牌KAWS玄关装饰画led发光客厅走廊过道长条挂画暴力熊艺术钟表,256,¥,券后价,普果布旗舰店,普果布旗舰店,5年老店,31人付款,福建 泉州,"超级立减10%, 店铺满128减10, 退货宝, 上门安装, 破损包退, 包邮",画芯材质:烤瓷晶瓷 | 图案主题:卡通动漫 | 适用空间:玄关 | 风格匹配:潮流,https://g-search2.alicdn.com/img/bao/uploaded/i4/i2/2208115172690/O1CN01APe7411Vk4Rr9CaKx_!!2208115172690.jpg,//detail.tmall.com/item.htm?id=763017723535&ns=1&abbucket=10&xxc=taobaoSearch&mi_id=0000efATEQtTuhigTl5eR428IdLovBl7Enaaq3576Fr47-U&skuId=5423586830880
668837232667,kaws原色害羞公仔限量手办模型玩偶玩具潮流周边OriginalFake摆件,30,¥,券后价,lcq124555490,OKEX潮牌,8年老店,1人付款,广东 深圳," 3期, 淘金币已抵0.9元, 退货宝, 包邮",出售状态:现货 | 款式特点:关节可动,https://g-search3.alicdn.com/img/bao/uploaded/i4/i4/887799100/O1CN01TW2Jq42H5qrod7sYP_!!887799100.jpg,//item.taobao.com/item.htm?id=668837232667&ns=1&abbucket=10&xxc=taobaoSearch&mi_id=0000ecZI43rWZKs8pNPyRHWBdQp3HKDPv8sYMOcGqJNnNVo&skuId=5060810310906
841305846801,暴力熊积木熊kaws周边原宿双肩包男女学生旅行包学生大容量书包,65.8,¥,,微微安优选,微微安优选,,1人付款,辽宁 盘锦,"店铺满100减1, 包邮",,https://g-search3.alicdn.com/img/bao/uploaded/i4/i1/2216698528697/O1CN01izAzUg2E7Ha5Njs2E_!!2216698528697.jpg,//item.taobao.com/item.htm?id=841305846801&ns=1&abbucket=10&xxc=taobaoSearch&mi_id=0000pvHOLIG3z8TRS4UYY_Z6oVDK_AuZsUVYzNBtoo6Xepc&skuId=5610072504583
930311866723,芝麻街KAWS适用oneplus一加13T手机壳ACE5保护套ace3pro全包防摔3v高级感ace2男女款12菲林硬壳11新款pro一1+,38,¥,券后价,花派数码店,花派数码店,6年老店,1人付款,广东 深圳,"官方立减12%, 48小时内发, 包邮",适用手机型号:一加13T | 风格:日韩 | 品牌:花派,https://g-search3.alicdn.com/img/bao/uploaded/i4/i2/2201275165761/O1CN01QGHcCC1sQanJZ5qZZ_!!2201275165761.jpg,//item.taobao.com/item.htm?id=930311866723&ns=1&abbucket=10&xxc=taobaoSearch&mi_id=0000tt8AJQ5SJG523R63-347yZGP33eGEXiwTSI5_M1mv8w&skuId=5983141699486
1007989573740,潮流暴力熊客厅装饰画kaws高级感卡通画儿童卧室床头挂画电竞墙画,187.2,¥,,爱迪士装饰画,爱大彭装饰画的小店37,,3人付款,河南 商丘,包邮,,https://g-search3.alicdn.com/img/bao/uploaded/i4/i3/2221009900092/O1CN01cs0hA31CYBYAQVf1t_!!4611686018427384380-0-item_pic.jpg,//item.taobao.com/item.htm?id=1007989573740&ns=1&abbucket=10&xxc=taobaoSearch&mi_id=0000xM9AIr1gJvpA067BL27Z2Cpb1VOQz_V2VYUJPBAPIgE&skuId=6169682970783
782935756305,装饰画芯轻奢现代网红款kaws暴力熊时钟表客餐厅入户玄关图片素材,8.9,¥,,weijingtang1314,顽皮精品素材,8年老店,1人付款,陕西 西安,包邮,,https://g-search1.alicdn.com/img/bao/uploaded/i4/i3/900164224/O1CN019yPUjw1h4dvdDsBKM_!!900164224.jpg,//item.taobao.com/item.htm?id=782935756305&ns=1&abbucket=10&xxc=taobaoSearch&mi_id=0000OYyl0Vdr29PYeNtHLx82TOnnRcKs9PMLeCWS9ckCbfY&skuId=null
742539832789,现货 KAWS考斯最新艺术作品集 物理 VR AR应用在艺术展览和作品展示中 当代时尚艺术潮流文化  英文原版 KAWS: New Fiction,342,¥,券后价,中图上海图书音像店,中图上海图书音像店,回头客2万,1人付款,上海,"官方立减12%, 店铺满200减15, 淘金币已抵4.78元, 退货宝",装帧类型:精装 | 纸质:轻型纸 | 作者:Daniel Birnbaum (Contributor) | 正文语种:英语 | 进口书分类:启蒙(儿童) | 开本:25开,https://g-search3.alicdn.com/img/bao/uploaded/i4/i1/737854810/O1CN017u3aJX1lP1xmUCplk_!!0-item_pic.jpg,//detail.tmall.com/item.htm?id=742539832789&ns=1&abbucket=10&xxc=taobaoSearch&mi_id=0000INcj19CViBz7mcNo2mPREhMjm-0g-wgxBJE_bhtMU58&skuId=null
709417733951,炫轩kaws芝麻街潮牌XX眼车贴个性电动车摩托车小牛汽车车身贴纸,7.5,¥,券后价,mrchendian,汽车贴纸拉花店铺,12年老店,19人付款,广东 清远,"官方立减12%, 淘金币已抵0.13元, 退货宝, 包邮",贴膜类型:车身贴 | 材质:贴纸 | 品牌:炫轩,https://g-search3.alicdn.com/img/bao/uploaded/i4/i1/1688570287/O1CN01dEWOFa1DzUUgwdwns_!!1688570287.jpg,//item.taobao.com/item.htm?id=709417733951&ns=1&abbucket=10&xxc=taobaoSearch&mi_id=000040c3rkrLYDnqjBtyCzpiUJSP7HzFtf44jt0X1ji63mM&skuId=4979733769311
860926367890,暴力熊跑车客厅沙发背景墙装饰画kaws轻奢汽车大男孩卧室床头挂画,160,¥,券后价,匠心匠意i,福匠画房,8年老店,0人付款,江苏 无锡,"官方立减12%, 店铺满75减5, 退货宝, 上门安装, 包邮, 公益宝贝",画芯材质:油画布 | 图案主题:卡通动漫 | 适用空间:客厅 | 风格匹配:现代简约 | 装裱方式:有框,https://g-search1.alicdn.com/img/bao/uploaded/i4/i1/3372447469/O1CN01YyrC69252rEWZoyhO_!!3372447469.jpg,//item.taobao.com/item.htm?id=860926367890&ns=1&abbucket=10&xxc=taobaoSearch&mi_id=0000-ZaqDHfwlwtxk5nCBqx9yZKxKVZBBxQgq4pKVP2ZroA&skuId=5847255823880
678608542931,定制网红克莱因蓝布艺门帘KAWS暴力熊装饰挂帘卧室过道儿童房帘子,32,¥,券后价,jiangxi俊,昕昕布艺工厂店,,2人付款,江西 上饶,"官方立减12%, 包邮, 公益宝贝",门帘类型:布艺门帘 | 风格:ins风 | 款式:分片 | 适用场景:卧室,https://g-search1.alicdn.com/img/bao/uploaded/i4/i4/2115493671/O1CN01k0zERS1czMiwK1JJC_!!2115493671.jpg,//item.taobao.com/item.htm?id=678608542931&ns=1&abbucket=10&xxc=taobaoSearch&mi_id=0000W639mRo5GkYukz38oW4ZZFdUrRLZa6V7Ei7ziV8UZ7s&skuId=5039303766010
1004721096349,优衣库男装女装KAWS HEATTECH针织围巾/25秋冬新款485257,79,¥,,hhz2046,洋洋正品购,8年老店,14人付款,湖南 长沙,,长度:180cm | 围巾品牌:Uniqlo/优衣库,https://g-search1.alicdn.com/img/bao/uploaded/i4/i4/48408217/O1CN01PoqYwX2AZRaHXIkS6_!!48408217.jpg,//item.taobao.com/item.htm?id=1004721096349&ns=1&abbucket=10&xxc=taobaoSearch&mi_id=0000UTPFUAvI0rFJXyItAzLKM8gKKEp5Ox4cCPu2vWQKYIc&skuId=5994429204807
972147167145,车内汽车饰品可爱公仔车载中控台玩偶显示屏幕趴趴摆件电动车装饰,17.94,¥,券后价,tb稻草人g,柚柚说 每日好物店,回头客2万,6000+人付款,浙江 金华,"超级立减10%, 48小时内发, 包邮",,https://g-search1.alicdn.com/img/bao/uploaded/i4/i2/1990525409/O1CN0134a7NA1ppNPLbHG9b_!!1990525409.jpg,//item.taobao.com/item.htm?id=972147167145&ns=1&abbucket=10&xxc=taobaoSearch&mi_id=0000lbwrs8kU91RSTRkdQY7jbyApFEaISzTo4GnarKUv-IU&skuId=6091022527240
739392689542,kaws芝麻街潮牌网红贴XX眼贴纸电动车摩托车小牛汽车车身装饰车贴,11.9,¥,,a我真服你了呦,1314車社Studio,,9人付款,河北 廊坊,包邮,贴膜类型:车身贴 | 材质:贴纸,https://g-search3.alicdn.com/img/bao/uploaded/i4/i2/2302059262/O1CN012pDEcz2II3FNHMqA5_!!0-item_pic.jpg,//item.taobao.com/item.htm?id=739392689542&ns=1&abbucket=10&xxc=taobaoSearch&mi_id=0000yGo1aaf74Q2plGbALilVQea8zLBSS8Kq_HE-a_XrCyc&skuId=5099350556677
987262216169,dimoo车载安全座椅zsiga二代坐坐派对搪胶汽车载出风口座椅v2娃衣,19.8,¥,券后价,feibo25528,Daka大咖潮玩,,100+人付款,安徽 滁州,"超级立减10%, 48小时内发, 包邮",,https://g-search3.alicdn.com/img/bao/uploaded/i4/i2/2219878424843/O1CN01TfZsNZ1le9FA51LaM_!!2219878424843.jpg,//item.taobao.com/item.htm?id=987262216169&ns=1&abbucket=10&xxc=taobaoSearch&mi_id=0000NdK1Waa1pVdswGbpf-id2BPGAlcTfWrTYzk2Vg8O6Rc&skuId=6115463695092
749815859793,芝麻街kaws男童卫衣秋冬2025新款中大童装薄绒上衣儿童潮牌上衣服,112,¥,券后价,tianffy雪,小班家 原创童装,6年老店,4人付款,河北 沧州,"官方立减12%, 淘金币已抵2.24元, 包邮, 公益宝贝",安全等级:B类 | 是否带帽子:无帽子 | 风格:卡通 | 适用季节:冬季,https://g-search3.alicdn.com/img/bao/uploaded/i4/i3/3298778453/O1CN01v7SJ9X2CJWqIjiFSS_!!3298778453.jpg,//item.taobao.com/item.htm?id=749815859793&ns=1&abbucket=10&xxc=taobaoSearch&mi_id=0000c2KdZLgO7YwPC_WEQRmPM5eVyFAm4tUf9YbrgCejuh4&skuId=5341792275079
1016322768319,跑车潮牌kaws床头装饰画暴力熊沙发背景墙挂画卧室男孩儿童房壁画,127.78,¥,券后价,展兰亭商城,画畔小馆装饰画集铺,,1人付款,河南 郑州,"淘金币已抵5.11元, 包邮",,https://g-search2.alicdn.com/img/bao/uploaded/i4/i4/2221017506519/O1CN01AYIPxH1y1l45Isw0A_!!4611686018427380439-0-item_pic.jpg,//item.taobao.com/item.htm?id=1016322768319&ns=1&abbucket=10&xxc=taobaoSearch&mi_id=0000HMOOj8dNH7rO1SRTSIg22saGEe3AsU50GyTnBfPkGR8&skuId=6020709120973
967677781341,KAWS联名款男女装情侣款(夏)PEACE FOR ALL短袖T恤457869日本限定,128,¥,,曹沐易禾,小优外贸购,6年老店,1人付款,上海,"24小时内发, 退货宝, 包邮",版型分类:宽松型 | 面料:纯棉 | 图案:卡通动漫 | 适用性别:男士 | 适用人群:青少年,https://g-search1.alicdn.com/img/bao/uploaded/i4/i4/2206713382433/O1CN01Li59EO1TqMk54Op1d_!!2206713382433.png,//item.taobao.com/item.htm?id=967677781341&ns=1&abbucket=10&xxc=taobaoSearch&mi_id=0000FSwSBcienl0uPRRTS0qXbvPbBELHqQLrj91DJ3EC1Tk&skuId=4974128181299
820866846465,KAWS暴力熊汽车车贴潮流潮玩网红公仔艺术镂空平板电脑行李箱贴纸,11.6,¥,券后价,jyui8801688,晨达车饰,,6人付款,福建 厦门,"官方立减12%, 店铺满10减1, 淘金币已抵0.34元, 退货宝, 包邮",贴膜类型:全车贴 | 材质:贴纸,https://g-search3.alicdn.com/img/bao/uploaded/i4/i3/1006173703/O1CN01Jp7jNK1dE1blRteLi_!!1006173703.png,//item.taobao.com/item.htm?id=820866846465&ns=1&abbucket=10&xxc=taobaoSearch&mi_id=0000oTMPNytvbp5Q7p6PKJDIFjoX6Yq--IDVzg1KRgsqKaw&skuId=5698512127664
997486874565,NASA kaws公仔联名芝麻街卫衣男连帽秋冬二次元周边衣服加绒外套,110,¥,券后价,栗子羊羊旗舰店,栗子羊羊旗舰店,,0人付款,江西 南昌,"官方立减12%, 包邮",克重范围:21g | 面料:棉涤 | 版型分类:宽松型 | 领型设计:连帽 | 是否连帽:是 | 适用性别:男,https://g-search3.alicdn.com/img/bao/uploaded/i4/i4/2218508559691/O1CN011pD6pS2LSXNeyCXh5_!!4611686018427381067-0-item_pic.jpg,//detail.tmall.com/item.htm?id=997486874565&ns=1&abbucket=10&xxc=taobaoSearch&mi_id=0000gIafrYMokhzYMvZ34uK-PpUhyy7_VzeKhA0ahyE5s3A&skuId=6145941698232
1009103415991,潮牌kaws沙发墙画客厅装饰画现代简约背景墙壁画卡通暴力熊挂画,19.2,¥,,starmano,奇妙幻想家DollarsShop,,0人付款,北京,"包邮, 公益宝贝",图案主题:卡通动漫 | 风格匹配:现代简约,https://g-search3.alicdn.com/img/bao/uploaded/i4/i1/1130292853/O1CN011Nk6bE1Wwj5k5AEfW_!!1130292853.jpg,//item.taobao.com/item.htm?id=1009103415991&ns=1&abbucket=10&xxc=taobaoSearch&mi_id=0000ZM-CPlZ2GwMIlm3Sw3pdybuMxTQmD6vAzDUc_lxJwkk&skuId=6010513116345
627723039111,kaws挂件汽车钥匙扣挂饰日系ins潮牌情侣蹦迪可爱芝麻街公仔礼物,40,¥,券后价,ximiu,XIMIU工作室,,1人付款,广东 深圳,"官方立减12%, 包邮",钥匙扣类型:卡通系列 | 图案类型:卡通 | 材质:树脂,https://g-search3.alicdn.com/img/bao/uploaded/i4/i1/65017894/O1CN01Toaf1z28BVAHPOK8P_!!65017894.jpg,//item.taobao.com/item.htm?id=627723039111&ns=1&abbucket=10&xxc=taobaoSearch&mi_id=0000Dn4LELODhiGfKA7MSwd6WBUiMiPwmcOEXgZr8ukVb7M&skuId=4624164575529
637308741087,ins芝麻街毛绒包包汽车钥匙扣挂件网红个性kaws可爱情侣背包挂饰,29,¥,,汝不乐吾自乐,Hatsune Miku线上商店,5年老店,2人付款,广东 广州,,,https://g-search3.alicdn.com/img/bao/uploaded/i4/i4/1742766941/O1CN014ga8Md2191uJhIPYx_!!1742766941.jpg,//item.taobao.com/item.htm?id=637308741087&ns=1&abbucket=10&xxc=taobaoSearch&mi_id=0000Ie_s2RhPB8xlHRrF1PM5eVYbU-Vo3NnlLN-61m07wfU&skuId=4742315414202
714124572419,潮牌KAWS芝麻街适用AirPods Pro二代保护套新款苹果耳机AirPods 1/2/3代个性高级黑Pro男女小众全包硅胶软壳,30,¥,券后价,lin楷明,潮壳学弟,,16人付款,广东 深圳,"淘金币已抵0.56元, 包邮, 公益宝贝",适用耳机型号:苹果 Airpods Pro | 适用耳机品牌:苹果 | 材质:硅胶 | 风格:潮酷 | 触感:软壳,https://g-search1.alicdn.com/img/bao/uploaded/i4/i1/3390161009/O1CN01S69u3U1JKASkgLsln_!!3390161009.jpg,//item.taobao.com/item.htm?id=714124572419&ns=1&abbucket=10&xxc=taobaoSearch&mi_id=0000JUckJLORoSOlZo4dunowkfmhBa-B6Dx0Z2FWyWlh95Y&skuId=4996596736954
999547596960,男装女装情侣款kaws针织帽毛线帽冷帽保暖护耳帽2025秋冬款485256,65,¥,券后价,zhangq020202,优家原单平替,8年老店,0人付款,上海,"店铺满50减2, 退货宝, 包邮",适用季节:秋季 | 功能:保暖,https://gw.alicdn.com/imgextra/O1CN01lUmVlc2MVZdBeZ7Oa_!!2867369833-0-picasso.jpg,//item.taobao.com/item.htm?id=999547596960&ns=1&abbucket=10&xxc=taobaoSearch&mi_id=00003SmwnRL4uK8KyEjLCDLCaTOaQdOUd_wK1TECeWH4g_s&skuId=5982584333926
948173722568,联名KAWS系列TOKYO特别版短袖T恤芝麻街第三弹2023男女同款纯棉夏,88,¥,,小镇大型工厂,沫沫的潮奢,,0人付款,浙江 杭州,"退货宝, 包邮",版型分类:标准 | 面料:棉 | 图案:卡通动漫 | 适用性别:男女通用 | 适用人群:情侣,https://g-search1.alicdn.com/img/bao/uploaded/i4/i1/2212324788614/O1CN01rXNS022DVGmVM6vDy_!!2212324788614.jpg,//item.taobao.com/item.htm?id=948173722568&ns=1&abbucket=10&xxc=taobaoSearch&mi_id=0000WeTNhFadb7Wma_z_rjzRtgC_me7wZV4pD88llkrHEBA&skuId=5860085609334
,,,,,,,,,,,,,
973444281826,Vuu联名款Kaws刺绣字母XX艺术家联名纯色复古Hoodie男女卫衣帽衫,228,¥,券后价,tb794213129407,Vuuaee,,0人付款,广东 广州,店铺满199减5,面料:有机棉 | 领型设计:连帽 | 适用性别:男女通用,https://g-search1.alicdn.com/img/bao/uploaded/i4/i3/2216485296736/O1CN01szLR9a1zd8zHBBy3Y_!!2216485296736.jpg,//item.taobao.com/item.htm?id=973444281826&ns=1&abbucket=10&xxc=taobaoSearch&mi_id=0000x6xC9X55kvQxGWZbziJVekMrkvrfyuRKMI760spIT8k&skuId=5925488093430
988571148226,kaws摆件集合潮流原型解剖公仔玩偶8寸sz-sujiao-kaws玩具,37.44,¥,,馨月晓彤,天工跨境链,,1人付款,广东 广州,包邮,材质:PVC | 适用年龄:3个月 | 适用性别:男女通用 | 产地:中国大陆,https://g-search1.alicdn.com/img/bao/uploaded/i4/i2/2219391197144/O1CN01E77JUw22e0aleNn1v_!!2219391197144.jpg,//item.taobao.com/item.htm?id=988571148226&ns=1&abbucket=10&xxc=taobaoSearch&mi_id=00004U5Gn5nLclQJF2UsCkEG0IHuwA-G1OYOM5130eH1B5A&skuId=6118160339023
1004033551977,kaws入户玄关装饰画现代简约走廊过道挂画潮牌创意暴力熊客厅壁画,100.8,¥,,tb079502520494,绘点就成,,3人付款,河南 商丘,包邮,,https://g-search2.alicdn.com/img/bao/uploaded/i4/i3/2220996197970/O1CN011jI0iG28kJkxRWjs3_!!4611686018427387474-0-item_pic.jpg,//item.taobao.com/item.htm?id=1004033551977&ns=1&abbucket=10&xxc=taobaoSearch&mi_id=000099dC6HP-y2njWU5sYThNY9C_Z1VHdwL1m1grTd-sB0o&skuId=5999187709137
960435101861,秋冬季新款男装女装KAWS运动长裤休闲裤子卫衣卫裤473557/476120,79,¥,,tb3310301098,壹糯 U家,,2人付款,江苏 苏州,"退货宝, 包邮, 公益宝贝",女裤裤型:直筒裤 | 裤长:长裤 | 风格:百搭 | 适用年龄:25-29周岁,https://g-search3.alicdn.com/img/bao/uploaded/i4/i1/2215606502435/O1CN01sbnIUk1TrHP7zrios_!!2215606502435.jpg,//item.taobao.com/item.htm?id=960435101861&ns=1&abbucket=10&xxc=taobaoSearch&mi_id=0000V569OmvS-d47X0cgjUXl-2Sxs_xHbTYjP-Mie8HUC9o&skuId=5727527247557
1009174688524,暴力熊主题生日kaws布置芝麻街1岁3十周岁拍照气球装饰kt板背景墙,37.05,¥,券后价,墨流乱,初见派对用品,12年老店,1人付款,陕西 西安,"官方立减12%, 包邮",,https://g-search3.alicdn.com/img/bao/uploaded/i4/i2/1810951000/O1CN01FKt3qz1JG3B9rEth6_!!1810951000.jpg,//item.taobao.com/item.htm?id=1009174688524&ns=1&abbucket=10&xxc=taobaoSearch&mi_id=00005H8wTE3MEqDa2-bduAWwXc6rfhKJ3pUbxTkOvWiuUAk&skuId=6170734666545
962618055865,新款个性潮牌情侣芝麻街钥匙圈kaws超大号钥匙扣拥抱公仔包包挂件,4.88,¥,券后价,tb56632296,CC饰品严选,,3人付款,广东 东莞,"店铺满2减1, 淘金币已抵0.09元, 30天价保, 退货宝",,https://g-search3.alicdn.com/img/bao/uploaded/i4/i2/4105024573/O1CN01EzFp5Q1jeUI7IsJB3_!!4611686018427384893-0-item_pic.jpg,//item.taobao.com/item.htm?id=962618055865&ns=1&abbucket=10&xxc=taobaoSearch&mi_id=0000KUU1KQF31zMB5ZrbHR4sEWOipQWFqWzt2o7SaaeyKu4&skuId=5901482501924
694383552966,kaws潮牌客厅装饰画现代简约沙发背景墙挂画暴力熊联名公仔三联画,236,¥,,双子时尚2018,米多多艺术画馆,7年老店,2人付款,河北 石家庄,"退货宝, 上门安装",图案主题:卡通动漫 | 适用空间:客厅 | 风格匹配:现代简约 | 装裱方式:有框,https://g-search2.alicdn.com/img/bao/uploaded/i4/i4/3336810078/O1CN018jKryG1CRlh4Nxck5_!!3336810078.jpg,//item.taobao.com/item.htm?id=694383552966&ns=1&abbucket=10&xxc=taobaoSearch&mi_id=0000GuGCdrZz5W8wn9GXSWOJthzGjfb9nYHBVn-L8ULf8fM&skuId=4929307004730
1019871893919,kaws星际熊智能人脸识别解锁保温杯学生儿童3D面部水杯不锈钢316,328,¥,券后价,小白退位,千思语文具,,0人付款,广东 广州,"淘金币已抵9.4元, 退货宝, 包邮",材质:316不锈钢 | 适用人群:学生 | 适用场景:日常送礼,https://g-search2.alicdn.com/img/bao/uploaded/i4/i3/2201304517809/O1CN01lrVkyN27Ya01Wcc0f_!!2201304517809.jpg,//item.taobao.com/item.htm?id=1019871893919&ns=1&abbucket=10&xxc=taobaoSearch&mi_id=0000H2HkCCHn0LZcnshm7Pe2BZot4c7GB9raHyjEvUxBdxk&skuId=6194616898413
964852798278,羽绒服男外套1996kaws联名雪山云朵冰川暗夜森林日照金山冲锋衣女,799,¥,,我型我show1号店,我型我show1号店,,21人付款,上海,公益宝贝,填充物:鹅绒 | 含绒量(%):90%,https://g-search3.alicdn.com/img/bao/uploaded/i4/i2/2214606013225/O1CN01xZw9Ds1Zh6LJ3XaJu_!!2214606013225.jpg,//item.taobao.com/item.htm?id=964852798278&ns=1&abbucket=10&xxc=taobaoSearch&mi_id=0000Kig14x5YvV0UWGgwCRO2IFqvIsCD8D1X1yqR25PFPQw&skuId=5265846084032
977208569245,暴力熊Kaws适用苹果17手机壳iPhone17promax个性17Air男16女16Pro磨砂15 plus文字14防摔13潮牌12/11/x/8硬壳,5.98,¥,券后价,陈子豪czx,名创优壳case,7年老店,1人付款,广东 东莞,"官方立减12%, 包邮",保护套质地:亚克力 | 工艺技术:UV打印彩绘 | 适用手机型号:iPhone 12 mini | 风格:ins风 | 适用手机机型:Apple/苹果,https://g-search3.alicdn.com/img/bao/uploaded/i4/i1/2333685308/O1CN01Dc8QDO1p57PKLG52W_!!2333685308.jpg,//item.taobao.com/item.htm?id=977208569245&ns=1&abbucket=10&xxc=taobaoSearch&mi_id=00004U17MN7G6UC-An_uB1-3byw1b0OO-vIloPJ7BL5BvBY&skuId=6097710399846
990938293384,kaws暴力熊装饰画轻奢客厅沙发背景墙挂画带钟表挂钟发光led灯画,158.4,¥,券后价,t_1513876582528_0301,创意精品装饰画,,1人付款,河南 开封,"官方立减12%, 退货宝, 包邮",适用空间:客厅 | 风格匹配:轻奢 | 装裱方式:无框 | 画芯材质:艺术纸,https://g-search3.alicdn.com/img/bao/uploaded/i4/i2/3587393236/O1CN010RK8M81Zm8lo0Jc9B_!!3587393236.jpg,//item.taobao.com/item.htm?id=990938293384&ns=1&abbucket=10&xxc=taobaoSearch&mi_id=0000MV4-hZLv-rx55Z_U9ZK-n5O2Cbg5c5giJ-bLYb9cicI&skuId=6124535654364
996682551068,外贸原单男女装KAWS HEATTECH针织帽子/防寒保暖25秋冬新款485256,59,¥,券后价,许文云20142014,NUQLOC优衣店,8年老店,7人付款,江苏 苏州,"官方立减12%, 退货宝, 包邮",风格:简约 | 适用季节:秋冬 | 功能:保暖,https://g-search1.alicdn.com/img/bao/uploaded/i4/i3/2036981969/O1CN01YojnQg1QPqxcpZcNt_!!2036981969.png,//item.taobao.com/item.htm?id=996682551068&ns=1&abbucket=10&xxc=taobaoSearch&mi_id=0000_viEYdVlz_gkKv8SVvaEPs6PM3RV0BT1eWg2rfOAb0s&skuId=5980761481905
787418532001,潮牌kaws暴力熊墙纸潮玩电竞服装店台球背景墙男装直播间壁纸健身,29,¥,券后价,梦幻家居大型壁画,梦幻家居大型壁画,,6人付款,广东 东莞,"官方立减12%, 24小时内发, 包邮, 公益宝贝",材质工艺:丝绸 | 面层工艺:印花 | 适用空间:书房 | 产地:中国大陆 | 计价单位:平方米,https://g-search3.alicdn.com/img/bao/uploaded/i4/i3/2217716311896/O1CN01f7dUnt1PsPtNKYSVr_!!2217716311896.jpg,//item.taobao.com/item.htm?id=787418532001&ns=1&abbucket=10&xxc=taobaoSearch&mi_id=0000nqeBrF4EZUXJAH7rGpl5jZD2XnoIwKHxlomT7BLNaZ0&skuId=5550830391628
933555495026,ins风黑色潮流芝麻街kaws卡通桌布男生卧室家用书桌布餐桌布,6.98,¥,券后价,tb602273483665,烟雨布艺家居家纺,,0人付款,浙江 金华,"官方立减12%, 店铺满10减1, 淘金币已抵0.34元, 退货宝, 包邮",材质:毛绒 | 适用桌型:书桌 | 表面材质:绒布 | 风格:ins风 | 功能:防尘,https://g-search2.alicdn.com/img/bao/uploaded/i4/i3/2219882018003/O1CN01UbbXSV28zQm9WBJku_!!2219882018003.jpg,//item.taobao.com/item.htm?id=933555495026&ns=1&abbucket=10&xxc=taobaoSearch&mi_id=0000jDdfmK9BZlxXrBVay9GD8p7BwPyfrOTBdIPU5EMr70o&skuId=5989870106172
834245750442,坐姿暴力熊拍照打卡kaws落地大型摆件网红店铺开业潮流迎宾转饰品,158.88,¥,券后价,tb0975111930,奇趣摆件,,1人付款,广东 潮州,"淘金币已抵4.05元, 退货宝, 48小时内发, 包邮",表面工艺:纯手工 | 主体材质:人物 | 摆放方式:落地,https://g-search3.alicdn.com/img/bao/uploaded/i4/i3/2216345694173/O1CN01nT3gkl1ghHlyYtTIK_!!2216345694173.jpg,//item.taobao.com/item.htm?id=834245750442&ns=1&abbucket=10&xxc=taobaoSearch&mi_id=00002lKmqc61DPWfglxFXrv8Hi6umFjgYMxerKTjyRXaS2o&skuId=5583647832145
1019882129882,kaws星际熊人脸识别保温杯3D面部智能儿童水杯316不锈钢男女学生,328,¥,券后价,小白退位,千思语文具,,0人付款,广东 广州,"淘金币已抵9.4元, 退货宝, 包邮",材质:316不锈钢 | 适用人群:学生 | 适用场景:日常送礼,https://g-search3.alicdn.com/img/bao/uploaded/i4/i2/2201304517809/O1CN01cltbky27Ya01iREnL_!!2201304517809.jpg,//item.taobao.com/item.htm?id=1019882129882&ns=1&abbucket=10&xxc=taobaoSearch&mi_id=0000lIqcu9WGsn72E7JyRcl3wdszfqfztTiHei1VnzUZO6Y&skuId=6195170067628
673383475979,KAWS玄关装饰画现代轻奢风走廊过道挂画芝麻街暴力熊竖版客厅壁画,87.12,¥,券后价,兆隆电商,兆隆画业,,0人付款,河南 商丘,"淘金币已抵2.61元, 包邮, 公益宝贝",图案主题:卡通动漫 | 适用空间:玄关 | 风格匹配:现代简约 | 装裱方式:有框,https://g-search3.alicdn.com/img/bao/uploaded/i4/i1/2213224506922/O1CN01Y85LYx210KJjwF2qy_!!2213224506922.jpg,//item.taobao.com/item.htm?id=673383475979&ns=1&abbucket=10&xxc=taobaoSearch&mi_id=0000TgNPb3K-oq7keqC3GEL_Zzl-Sd6c1DGJDx6Wq8eqW9w&skuId=5019536943787
1003710844295,芝麻街暴力熊潮牌抱枕被子两用网红KAWS汽车抱枕沙发客厅车载抱枕,43.57,¥,,tb305612443,时光集物社,,1人付款,福建 福州,包邮,,https://g-search1.alicdn.com/img/bao/uploaded/i4/i1/2216163636890/O1CN01GFbWrJ20lg0KNyvA4_!!2216163636890.jpg,//item.taobao.com/item.htm?id=1003710844295&ns=1&abbucket=10&xxc=taobaoSearch&mi_id=0000BqVaFeaVHx3SF3RAN3qNtBUGmv-_4L4N-HJhHrygLdw&skuId=6157668194032
916134603883,芝麻街卡通可爱kaws汽车贴车身车门玻璃保险杠刮痕遮挡装饰车贴纸,4.56,¥,,郑暖秀,卡诺恩车品,,0人付款,广东 潮州,包邮,,https://g-search1.alicdn.com/img/bao/uploaded/i4/i1/2133064653/O1CN01aE0Rmx1kF7y1Ux2Nz_!!2133064653.jpg,//item.taobao.com/item.htm?id=916134603883&ns=1&abbucket=10&xxc=taobaoSearch&mi_id=0000fzikLFNx5FGohXOcfRzN-ZWKVHCjdeuFiqCv3GIbxVg&skuId=6034621911652
927269657977,克莱因蓝装饰画芝麻街沙发客玄关卧室kaws奶茶店壁画暴力熊挂画,86.4,¥,,林露晶莹,林露晶莹的小店96,,1人看过,河南 郑州,包邮,图案主题:卡通动漫 | 风格匹配:艺术,https://g-search2.alicdn.com/img/bao/uploaded/i4/i3/2271029172/O1CN01SMSpoH2Hcppv9sxWd_!!4611686018427381684-0-item_pic.jpg,//item.taobao.com/item.htm?id=927269657977&ns=1&abbucket=10&xxc=taobaoSearch&mi_id=0000KoqIHUP9CzqWo7BAcT8gx0USALOaVXdmWHiuricH4PE&skuId=6193439839125
966384397117,国潮创意kaws清明上河图装饰画权志龙工作室现代客厅卧室床头版画,179.8,¥,券后价,lixiudetaobao,谦然映画,,2人付款,河南 商丘,"官方立减12%, 店铺满50减5, 淘金币已抵2.39元, 退货宝, 上门安装, 包邮, 公益宝贝",图案主题:卡通动漫 | 适用空间:客厅 | 风格匹配:现代简约 | 装裱方式:有框 | 画芯材质:水晶膜,https://g-search1.alicdn.com/img/bao/uploaded/i4/i1/1038742749/O1CN014kPq8c1WB5d9aA1Ja_!!1038742749.jpg,//item.taobao.com/item.htm?id=966384397117&ns=1&abbucket=10&xxc=taobaoSearch&mi_id=0000sahS0q22LnVIJMk34ZNgZcmtuSXUmni8wwImZC9X0Jc&skuId=5198268283981
574855700539,超帅现货Uniqlo优衣库KAWS芝麻街三方联名男女情侣短袖T恤潮牌Tee,258,¥,券后价,d285161722,大雄潮社,11年老店,2人付款,山西 太原,"官方立减12%, 全球购, 公益宝贝",版型分类:宽松型 | 面料:棉毛布 | 图案:卡通动漫 | 适用人群:青少年,https://g-search2.alicdn.com/img/bao/uploaded/i4/i1/1917583916/O1CN01IWEgL71enZUJcKgvx_!!0-item_pic.jpg,//item.taobao.com/item.htm?id=574855700539&ns=1&abbucket=10&xxc=taobaoSearch&mi_id=0000ezovG0PA7nGT4FKRxZnsD5bAW2eE-1w_14Pk4CLa2i4&skuId=4072819313009
612765557937,Mand kaws x 芝麻街BFF公仔 时尚潮流摆件模型玩具限量手办玩偶,88,¥,券后价,qq624153323,新潮舍,6年老店,3人付款,广东 深圳,"官方立减12%, 店铺满88减3, 淘金币已抵2.64元, 退货宝, 包邮, 公益宝贝",出售状态:现货 | 款式特点:关节可动,https://g-search2.alicdn.com/img/bao/uploaded/i4/i2/2322961302/O1CN01shHsNz1LUMakiH7CJ_!!2322961302.jpg,//item.taobao.com/item.htm?id=612765557937&ns=1&abbucket=10&xxc=taobaoSearch&mi_id=0000PoKI1wF6d62dKZ9lAlT6QCda_HP0E4aDh8coAQyQBhE&skuId=4449773940082
1019669128869,儿童房卧室暴力熊玄关kaws装饰画带灯潮流横幅挂画客厅入户床头壁,70.2,¥,券后价,察隅间浩渺,简画坊装饰画,,0人付款,河南 郑州,"官方立减15%, 淘金币已抵0.21元, 包邮",图案主题:卡通动漫 | 风格匹配:潮流,https://g-search1.alicdn.com/img/bao/uploaded/i4/i2/2221366890923/O1CN01TsCyWi1IgmgpNcvZU_!!2221366890923.jpg,//item.taobao.com/item.htm?id=1019669128869&ns=1&abbucket=10&xxc=taobaoSearch&mi_id=0000pLWNvlG9iWVx-vFryKTCYxfFEO-wMlrBkoYFrD9tgxY&skuId=6193350395922
884504749018,优衣库 男装 UT KAWS + Warhol卫衣长袖运动衫休闲472951/476119,129,¥,,淡忘失落0,小代日淘全球购,7年老店,58人付款,广东 深圳,公益宝贝,版型分类:宽松型 | 领型设计:圆领 | 是否连帽:是 | 材质成分:棉100% | 适用性别:男,https://g-search3.alicdn.com/img/bao/uploaded/i4/i1/910328931/O1CN01lFMHoE2FqSIMIZRBf_!!910328931.jpg,//item.taobao.com/item.htm?id=884504749018&ns=1&abbucket=10&xxc=taobaoSearch&mi_id=0000-Zp56PCZXIQvOdASC1Bu9Qhum_0Zy9vv84K_lyD6Ipk&skuId=5725662605012
981858541971,潮牌网红xx眼水洗棉黑色四件套kaws卡通床单芝麻街被套床上用品,99.6,¥,券后价,jieer5204143,杰凡保罗家纺,,0人付款,北京,"官方立减12%, 退货宝, 包邮",功能特性:蓄热保暖 | 床单面料材质:三层纱 | 织造工艺:平纹布 | 床品工艺:一字针 | 面料支数:60支 | 件数:4件 | 风格:简约 | 适用季节:冬季 | 面料密度:128x68 | 主图案类型:卡通动漫 | 品牌:遇莎,https://g-search1.alicdn.com/img/bao/uploaded/i4/i2/3420575456/O1CN017Ko6Vu1qAu1qL5XCR_!!3420575456.jpg,//item.taobao.com/item.htm?id=981858541971&ns=1&abbucket=10&xxc=taobaoSearch&mi_id=0000TbVn6RZ950qq8xuJFwqEKoIileFdE4gtCM3QGm_atn8&skuId=5940798265957
998316718615,外贸原单 童装KAWS HEATTECH souffle yarn舒芙蕾针织围脖485493,39,¥,券后价,许文云20142014,NUQLOC优衣店,8年老店,16人付款,江苏 苏州,"官方立减12%, 退货宝, 包邮",,https://g-search3.alicdn.com/img/bao/uploaded/i4/i4/2036981969/O1CN01Ma7fGX1QPqxgXPrJJ_!!2036981969.png,//item.taobao.com/item.htm?id=998316718615&ns=1&abbucket=10&xxc=taobaoSearch&mi_id=0000vbJHnjqFYsQnEkYHr2IHTCt_Du0wCOJDxuSzUKy_3dY&skuId=5983620777504
1007989265914,潮牌kaws暴力熊客厅装饰画沙发背景墙面壁画轻奢高级感三联画挂画,111.6,¥,,艾力木装饰画,艾力木装饰画的小店8,,3人付款,河南 商丘,包邮,,https://g-search3.alicdn.com/img/bao/uploaded/i4/i3/2220996197970/O1CN01yfFTJ728kJkw9H2UY_!!4611686018427387474-0-item_pic.jpg,//item.taobao.com/item.htm?id=1007989265914&ns=1&abbucket=10&xxc=taobaoSearch&mi_id=0000LvUHVZ7UCQpzEo-Oki4XgBbACzboGQbbRennHe-wRcA&skuId=6005173165937
593850890826,UNIQLO优衣库联名KAWS联名TOKYO特别版短袖T恤芝麻街第三弹2023,89,¥,,sdtberg,优乐香港代购店,19年老店,100+人付款,广东 江门,,版型分类:标准 | 面料:纯棉 | 图案:卡通动漫 | 适用性别:男女通用,https://g-search3.alicdn.com/img/bao/uploaded/i4/i3/20754984/O1CN01GbCvtY1mgirxDvAuj_!!20754984.jpg,//item.taobao.com/item.htm?id=593850890826&ns=1&abbucket=10&xxc=taobaoSearch&mi_id=000032oSJfpPi2un6J0CcyQzKz52PeBYaZPw94iYpg9ufJA&skuId=5767411584448
964588417337,NASA kaws公仔联名芝麻街周边卫衣男连帽秋冬2025新款外套衣服潮,110,¥,券后价,绛衫旗舰店,绛衫旗舰店,,2人付款,江西 南昌,"官方立减12%, 包邮",克重范围:21g | 面料:棉涤 | 版型分类:宽松型 | 领型设计:连帽 | 是否连帽:是 | 适用性别:男,https://g-search1.alicdn.com/img/bao/uploaded/i4/i4/2218559764458/O1CN01fEkNMn1inolb6Xjb3_!!4611686018427385834-0-item_pic.jpg,//detail.tmall.com/item.htm?id=964588417337&ns=1&abbucket=10&xxc=taobaoSearch&mi_id=0000kTymmdVVJxclk5bQ_0ika3kYSxVfS4IUGyNtCXYjVT0&skuId=5978417236491
970272539685,潮牌地毯kaws个性潮流客厅地垫卧室床边地垫茶几沙发衣帽间大地毯,20,¥,券后价,城城10117,篮球之家102,6年老店,1人付款,天津,"官方立减12%, 店铺满5减1, 淘金币已抵0.7元, 包邮",吸音性能:强吸音 | 清洗类型:可机洗 | 可定制性:支持定制 | 适用空间:卧室 | 主图案类型:抽象图案 | 适用场景:书房,https://g-search3.alicdn.com/img/bao/uploaded/i4/i2/2619100756/O1CN01vuV5U71HSIVr9J9VR_!!2619100756.jpg,//item.taobao.com/item.htm?id=970272539685&ns=1&abbucket=10&xxc=taobaoSearch&mi_id=0000mXY5UZC8-Fm14C4Oe5q-bbJboF7035ppdjEQegB_aX8&skuId=5921886765429
723353036745,潮流版画犹大.阿列塔哆啦A梦米老鼠kaws装饰画客厅卧室儿童房挂画,59.8,¥,券后价,lixiudetaobao,谦然映画,,1人付款,河南 商丘,"官方立减12%, 店铺满50减5, 淘金币已抵0.89元, 退货宝, 上门安装, 包邮, 公益宝贝",图案主题:卡通动漫 | 适用空间:客厅 | 风格匹配:现代简约 | 装裱方式:有框 | 画芯材质:水晶膜,https://g-search3.alicdn.com/img/bao/uploaded/i4/i3/1038742749/O1CN01Y2UBJH1WB5dKWR8mv_!!1038742749.jpg,//item.taobao.com/item.htm?id=723353036745&ns=1&abbucket=10&xxc=taobaoSearch&mi_id=00009oc2QjGXSTO0KgjbTle4Fu6P7DO9ElOuzvSwWUbmFk4&skuId=5202412987989
964353242162,网红布置kaws芝麻街奶茶小吃饭店烧烤酒吧直播间暴力熊墙贴立体画,20,¥,券后价,罗曼蒂克1896,荧火虫家饰,13年老店,6人付款,江苏 苏州,"淘金币已抵1元, 退货宝, 包邮",,https://g-search1.alicdn.com/img/bao/uploaded/i4/i4/857732953/O1CN01mVIhC81XgWUisqg7d_!!857732953.jpg,//item.taobao.com/item.htm?id=964353242162&ns=1&abbucket=10&xxc=taobaoSearch&mi_id=00006hrF0pBgrexzVxBfeYCjW31TIo3jU1ciUyDQ4I4kwYk&skuId=5235685649113
814991449606,男士女款男装/女装/情侣装 KAWS印花圆领T恤短袖男士女款联名系列,79,¥,,tb025632603,优优打折店,,12人付款,湖南 郴州," 3期, 退货宝, 包邮",材质成分:棉100% | 面料:纯棉 | 版型分类:宽松型 | 领型设计:圆领 | 图案:字母 | 适用人群:情侣,https://g-search1.alicdn.com/img/bao/uploaded/i4/i2/2212469292039/O1CN01plBI301QvuhCe2hg9_!!2212469292039.png,//item.taobao.com/item.htm?id=814991449606&ns=1&abbucket=10&xxc=taobaoSearch&mi_id=0000ScyM-aY9s4Lyiffuzii_Fr4mQnT_0HUJGfIZdr5gqaw&skuId=5678699018162
651201412664,优衣库 KAWS联名限定潮短袖芝麻街系列446311男女情侣圆领印花T恤,99,¥,,小明配件,薇薇上海正品代购,9年老店,13人付款,上海,,材质成分:棉100% | 版型分类:宽松型 | 图案:卡通动漫 | 适用人群:青年,https://g-search3.alicdn.com/img/bao/uploaded/i4/i2/2668520930/O1CN01ecfYFs1Ijz2KoFjOm_!!2668520930.jpg,//item.taobao.com/item.htm?id=651201412664&ns=1&abbucket=10&xxc=taobaoSearch&mi_id=0000uk0d02E-tlsf0GhNQ-rNeaWQxZ5JZeGciXtRgXTQUmQ&skuId=5013659832193
754341258326,高级轻奢抽象kaws暴力熊立体月球led发光玄关钟表大气装饰画素材,10,¥,,tb8367092583,一间素材,,0人付款,四川 成都,包邮,,https://g-search1.alicdn.com/img/bao/uploaded/i4/i3/2213278207306/O1CN01iNydnF23qCYxPwBVh_!!2213278207306.jpg,//item.taobao.com/item.htm?id=754341258326&ns=1&abbucket=10&xxc=taobaoSearch&mi_id=000072fGJltoZdJS4yApNHyC5-Tp3ASmkDmi7JZzw7OLURQ&skuId=null
875511051413,适用Kaws潮牌芝麻街华为pura70手机壳Pura70pro+液态软硅胶70ultra磁吸无线充电5g可爱卡通P70新款情侣男女潮,38,¥,券后价,能季旗舰店,能季旗舰店,6年老店,4人付款,广东 深圳,"店铺满20减2, 包邮",保护套质地:液态硅胶 | 是否使用环保材质:含环保材料 | 适用手机型号:华为Pura 70 | 风格:卡通 | 适用手机机型:Huawei/华为 | 品牌:能季,https://g-search3.alicdn.com/img/bao/uploaded/i4/i3/2206415823025/O1CN01TVzpF21YDV8Bhei9T_!!4611686018427379889-0-item_pic.jpg,//detail.tmall.com/item.htm?id=875511051413&ns=1&abbucket=10&xxc=taobaoSearch&mi_id=0000EYvrsN50D7HOt6Xx-84XrnHJVHaz1RpUjAcHxBPHG1U&skuId=5880462238623
623663731725,kaws积木拼装成年立体高难度中国国产男孩小颗粒玩具巨大型摆件9+,138,¥,券后价,小彬san,Bazy贝智玩具,,4人付款,广东 汕头,"官方立减12%, 店铺满69减5, 退货宝, 包邮",适用年龄:14岁 | 玩具类型:拼搭积木,https://g-search3.alicdn.com/img/bao/uploaded/i4/i1/2133471377/O1CN0145fPGB1M2iHQZctk3_!!2133471377.jpg,//item.taobao.com/item.htm?id=623663731725&ns=1&abbucket=10&xxc=taobaoSearch&mi_id=0000m5fd2TFSPLmyp2HtzwTFblUtsxaDcMThTZW1IkXClao&skuId=4409181793673
952296863442,芝麻街kaws暴力熊摆件家居高档客厅酒店电视柜装饰品灯潮玩公仔,132,¥,券后价,骏马工艺世家,骏马工艺世家,回头客1万,1人付款,浙江 杭州,"官方立减12%, 退货宝, 包邮",,https://g-search1.alicdn.com/img/bao/uploaded/i4/i4/1021653131/O1CN01Lyoi7u1Z039jeNdiL_!!1021653131.jpg,//item.taobao.com/item.htm?id=952296863442&ns=1&abbucket=10&xxc=taobaoSearch&mi_id=0000zi8288vgT1jznl1nmY41jxoGnUQX_t2zL3DeKnlrFXA&skuId=5873778421292
1018319747860,潮牌kaws客厅玄关装饰画进门走廊过道壁画暴力熊沙发背景墙上挂画,50.4,¥,,醉花阴装饰画,醉花莺装饰画,,3人付款,河南 商丘,包邮,,https://g-search3.alicdn.com/img/bao/uploaded/i4/i4/2221009900092/O1CN01iU9EZB1CYBYCGfu7B_!!4611686018427384380-0-item_pic.jpg,//item.taobao.com/item.htm?id=1018319747860&ns=1&abbucket=10&xxc=taobaoSearch&mi_id=0000khx11Ry-tQ7Qku7ZcOc6VSzLiIzMhhFuRhMVfLIcVOI&skuId=6030179557441
963757434274,现货 优衣库男装女装情侣亲子UT KAWS印花短袖T恤467775,99,¥,,alantang1983,专柜搬运工打折店,9年老店,17人付款,上海,,,https://g-search1.alicdn.com/img/bao/uploaded/i4/i4/693315192/O1CN01crINdJ1oDzKYkG7Ce_!!693315192.jpg,//item.taobao.com/item.htm?id=963757434274&ns=1&abbucket=10&xxc=taobaoSearch&mi_id=0000NnVkB-mVnITLNawAUeCPW64MuVOgEvPjCxZrhWRWtKg&skuId=5432769793944
921840745945,kaws x 芝麻街优衣库联名暴力熊公仔钥匙扣ins书包挂件,9.8,¥,,dmelon123,觅鹿MILU,8年老店,4人付款,浙江 金华,包邮,钥匙扣类型:卡通系列 | 图案类型:卡通 | 材质:软胶,https://g-search1.alicdn.com/img/bao/uploaded/i4/i1/554361638/O1CN01jFN8MH1NyFRkOfNgY_!!0-item_pic.jpg,//item.taobao.com/item.htm?id=921840745945&ns=1&abbucket=10&xxc=taobaoSearch&mi_id=0000Lds3fiWNAOdznBOwiAfSlo5bfrtgBY7a0S7vTimDF54&skuId=4314433146288
1007082275604,kaws轻奢客厅装饰画简约高级感三联壁画暴力熊潮牌沙发背景墙挂画,66.6,¥,,tb3214474032,温顿装饰画,,1人付款,河南 开封,"退货宝, 包邮",画框材质:金属 | 图案主题:卡通动漫 | 适用空间:客厅 | 风格匹配:轻奢 | 装裱方式:有框 | 画芯材质:布纹膜,https://g-search3.alicdn.com/img/bao/uploaded/i4/i2/2218941596560/O1CN01CSReGQ1yKXJ543JpX_!!2218941596560.jpg,//item.taobao.com/item.htm?id=1007082275604&ns=1&abbucket=10&xxc=taobaoSearch&mi_id=00000PvR38pRJ3cywrEfttnJ38G5fZ4taIR4NI-AP4hd50Y&skuId=6005422336958
763017723535,潮牌KAWS玄关装饰画led发光客厅走廊过道长条挂画暴力熊艺术钟表,256,¥,券后价,普果布旗舰店,普果布旗舰店,5年老店,31人付款,福建 泉州,"超级立减10%, 店铺满128减10, 退货宝, 上门安装, 破损包退, 包邮",画芯材质:烤瓷晶瓷 | 图案主题:卡通动漫 | 适用空间:玄关 | 风格匹配:潮流,https://g-search3.alicdn.com/img/bao/uploaded/i4/i2/2208115172690/O1CN01APe7411Vk4Rr9CaKx_!!2208115172690.jpg,//detail.tmall.com/item.htm?id=763017723535&ns=1&abbucket=10&xxc=taobaoSearch&mi_id=0000efATEQtTuhigTl5eR428Ifs9QVR1qSHbm2Qfr0pXoro&skuId=5423586830880
1015248124951,时尚草间弥生挂画KAWS奈良美智联名潮牌可爱潮流装饰画客厅卧室画,67,¥,,亭森旗舰店,亭森旗舰店,,2人看过,浙江 杭州,"官方立减12%, 店铺满198减10, 淘金币已抵1.68元, 退货宝, 上门安装, 包邮",画框材质:铝合金 | 图案主题:卡通动漫 | 适用空间:客厅 | 风格匹配:可爱 | 画芯材质:哑光纸,https://g-search2.alicdn.com/img/bao/uploaded/i4/i4/2212350099597/O1CN01AeHFwH2KlUA52Z7J4_!!4611686018427379853-0-item_pic.jpg,//detail.tmall.com/item.htm?id=1015248124951&ns=1&abbucket=10&xxc=taobaoSearch&mi_id=000082XtSbzz3Ptrm81-Dsz0WyWbAM5L_rBS_TjkbHjTrks&skuId=6183620510579
968188563443,kaws装饰画潮牌客厅卧室房间辛普森挂画潮流服装店鞋店七龙珠壁画,75,¥,券后价,赤色阿尤,与你一家,,3人看过,广东 江门,"店铺满50减20, 退货宝, 包邮",画芯材质:油画布 | 图案主题:卡通动漫 | 适用空间:卧室 | 风格匹配:现代简约 | 装裱方式:有框,https://g-search1.alicdn.com/img/bao/uploaded/i4/i4/3484621280/O1CN01bfWTd71LKI5C6IRCy_!!3484621280-0-scmitem176000.jpg,//item.taobao.com/item.htm?id=968188563443&ns=1&abbucket=10&xxc=taobaoSearch&mi_id=0000uHA2LMgHDDtc4jfU5eOJsxlMbulOIM58leyC3o1wOIA&skuId=6183643959892
693791595837,kaws芝麻街钥匙扣 Taipei 3d暴力熊玩偶公仔挂件个性简约包包吊饰,2.8,¥,,阿拉你酒弟,豪安礼品手作工厂店,7年老店,9人付款,广东 东莞,,钥匙扣类型:卡通系列 | 图案类型:卡通 | 材质:金属,https://g-search3.alicdn.com/img/bao/uploaded/i4/i1/3390681569/O1CN01eEATn61NSeDo1ZdYb_!!3390681569.jpg,//item.taobao.com/item.htm?id=693791595837&ns=1&abbucket=10&xxc=taobaoSearch&mi_id=0000-JfUtfHdk3eQ5SjhISEss0DwdowvWtsuHVci5c5uUnI&skuId=5096937491926
613326804417,夏季薄款袜子 原创kaws联名芝麻街船袜学院风情侣百搭韩版男女袜,50,¥,券后价,xiao半梦半醒123,谁动了我的袜子,5年老店,0人付款,广东 揭阳,"官方立减12%, 店铺满35减3, 淘金币已抵0.98元, 退货宝, 包邮, 公益宝贝",适用性别:男女通用 | 品牌:袜子女 | 颜色分类:白色,https://g-search3.alicdn.com/img/bao/uploaded/i4/i2/2534492240/O1CN01EfduAW1SPxmfbdHhz_!!2534492240.jpg,//item.taobao.com/item.htm?id=613326804417&ns=1&abbucket=10&xxc=taobaoSearch&mi_id=0000TT4g0jsPqzk1FTmMJz9LrNOUZLD2v-yw5EjhxdCsaeY&skuId=4318630096499
906106905653,潮牌街头嘻哈风KAWS机器人解剖3D生日礼物小夜灯 ins科幻卧室台灯,169,¥,券后价,利维坦的肱二头肌,斯多亚学派STOICISM,10年老店,0人付款,广东 深圳,"官方立减12%, 24小时内发, 淘金币已抵5.95元, 退货宝, 包邮",功率:1.5w | 控制类型:遥控式 | 光源类型:led灯,https://g-search3.alicdn.com/img/bao/uploaded/i4/i3/2267706407/O1CN01Hb3X7E1xCSdfcedcf_!!2267706407.png,//item.taobao.com/item.htm?id=906106905653&ns=1&abbucket=10&xxc=taobaoSearch&mi_id=00005HslXVknRRACs0Ky6VZJS_MMDCeZQmaCFclyV-zXbXc&skuId=5766745641730
1020194400574,暴力熊客厅装饰画kaws轻奢时尚沙发背景墙挂画现代简约新款三联画,176.4,¥,券后价,tb2249227135,星轨流转装饰画,,3人付款,河南 郑州,"官方立减12%, 淘金币已抵2.64元, 包邮",图案主题:卡通动漫 | 风格匹配:现代简约,https://g-search1.alicdn.com/img/bao/uploaded/i4/i1/2221017491633/O1CN010DqTov1Nvxt5JpFoA_!!4611686018427381937-0-item_pic.jpg,//item.taobao.com/item.htm?id=1020194400574&ns=1&abbucket=10&xxc=taobaoSearch&mi_id=0000guDjVO85Zdc4g8135QduqB0Wc_dcQSbBTIwiaOEr_TI&skuId=6029439285571
,,,,,,,,,,,,,
873488178712,男装女装KAWS芝麻街柔软圆领针织衫长袖毛衣毛衫25秋冬新款485271,88,¥,,tb579381553,小丁丫168同款自制店,,14人付款,上海,包邮,穿着方式:套头 | 领型设计:圆领 | 版型分类:宽松型,https://g-search3.alicdn.com/img/bao/uploaded/i4/i2/2214999961402/O1CN01A9R8Cg1MEAOKIehwh_!!2214999961402.jpg,//item.taobao.com/item.htm?id=873488178712&ns=1&abbucket=10&xxc=taobaoSearch&mi_id=0000Y7kBh9pzbT4kgzKtGfm5JtexWcz3IYEW1PT1kqz23CU&skuId=6145963427971
826657798628,kaws芝麻街联名书包 潮牌书包双肩包背包护脊小学生儿童男女,68.88,¥,券后价,蕾丝小白兔,LF定制折扣源头店,8年老店,1人付款,河北 唐山,"店铺满60减4, 淘金币已抵3.44元, 包邮",,https://g-search3.alicdn.com/img/bao/uploaded/i4/i3/2884938014/O1CN01GJSJYV294T3Hp91Pp_!!2884938014.jpg,//item.taobao.com/item.htm?id=826657798628&ns=1&abbucket=10&xxc=taobaoSearch&mi_id=0000bFxzFCM1wdzrBx1uPm-6yd6hhdY19pP8MkDQ-hpG88E&skuId=5549344568703
969630122842,芝麻街鼠标垫kaws超大号加厚耐脏桌垫办公室桌垫宿舍游戏键盘垫潮,9.9,¥,券后价,爱比利15576666742,巅峰玩家new game,5年老店,2人付款,广东 东莞,"官方立减12%, 淘金币已抵0.19元, 包邮, 公益宝贝",材质:胶垫 | 厚度:3mm | 尺寸:570x330mm,https://g-search3.alicdn.com/img/bao/uploaded/i4/i1/2680292242/O1CN015KJMdc1SQslS9lJts_!!2680292242.jpg,//item.taobao.com/item.htm?id=969630122842&ns=1&abbucket=10&xxc=taobaoSearch&mi_id=0000hF4FaWH9Bi6TBZufuNq5lFd1zPnAzAG0hSrG-E6afZM&skuId=4897695317488
831335980637,潮牌KAWS芝麻街适用苹果15Promax手机壳iPhone14Pro全包TPU硅胶保护套软13ProMax情侣款12/11/XsMax/7Plus/XR,73,¥,券后价,tb77994059,My潮壳,6年老店,10人付款,广东 深圳,"24小时内发, 淘金币已抵0.43元, 退货宝, 包邮",保护套质地:TPU | 适用手机型号:iPhone XS Max | 风格:情侣 | 适用手机机型:Apple/苹果,https://g-search3.alicdn.com/img/bao/uploaded/i4/i1/4016875560/O1CN01kp7Nq81qwWs6KEr2D_!!4016875560.jpg,//item.taobao.com/item.htm?id=831335980637&ns=1&abbucket=10&xxc=taobaoSearch&mi_id=0000CY4pD3Y1n3xdu88OUEiH-HaS1VoxkS9BQ74pq294Cvc&skuId=5739531459618
1018550586700,KAWS潮牌客厅装饰画抽象公仔沙发背景墙挂画芝麻街三联画卧室壁画,230.4,¥,券后价,老号凯诚记,素履画仓,,2人付款,河南 郑州,"官方立减15%, 淘金币已抵0.69元, 包邮",图案主题:卡通动漫 | 风格匹配:现代简约,https://g-search3.alicdn.com/img/bao/uploaded/i4/i4/2221346415085/O1CN012XJamH1nQz7Fm35i3_!!2221346415085.jpg,//item.taobao.com/item.htm?id=1018550586700&ns=1&abbucket=10&xxc=taobaoSearch&mi_id=0000ExEEpsU7zxBJEmS1f43I0BOctBLPaDwpeRFofFy2vJ0&skuId=6028433244021
702217183661,KAWS潮牌防水桌布长方形茶几布supreme防尘盖布书桌布可定制尺寸,35,¥,券后价,canc90,星罗奇布,10年老店,2人付款,浙江 宁波,"官方立减12%, 淘金币已抵1.05元",定制服务:支持 | 材质:布 | 适用桌型:餐桌、茶几、电视柜等 | 形状:矩形 | 表面材质:涤纶 | 风格:简约现代 | 功能:防尘 | 适用场景:日常使用,https://g-search2.alicdn.com/img/bao/uploaded/i4/i2/139363004/O1CN01kujdGK1Y3sceR6In2_!!139363004.jpg,//item.taobao.com/item.htm?id=702217183661&ns=1&abbucket=10&xxc=taobaoSearch&mi_id=0000AqoH3ZNt8sTEu1fNatUXCFWC4ZrAhfVJLQzRBYqsVwg&skuId=5118157362210
965567600600,KAWS夜光挂件,4.8,¥,,asdfghjkl123488051763,津一津动漫,,0人付款,北京,包邮,,https://g-search3.alicdn.com/img/bao/uploaded/i4/i4/2574659210/O1CN01ZOlKBM2HuErC0D0Iw_!!2574659210.jpg,//item.taobao.com/item.htm?id=965567600600&ns=1&abbucket=10&xxc=taobaoSearch&mi_id=0000FtRKCoRTpvoaa4kpo9cZIa2XHcNHyk4rsajHo0oAtD0&skuId=5933933053512
930311866723,芝麻街KAWS适用oneplus一加13T手机壳ACE5保护套ace3pro全包防摔3v高级感ace2男女款12菲林硬壳11新款pro一1+,38,¥,券后价,花派数码店,花派数码店,6年老店,1人付款,广东 深圳,"官方立减12%, 48小时内发, 包邮",适用手机型号:一加13T | 风格:日韩 | 品牌:花派,https://g-search1.alicdn.com/img/bao/uploaded/i4/i2/2201275165761/O1CN01QGHcCC1sQanJZ5qZZ_!!2201275165761.jpg,//item.taobao.com/item.htm?id=930311866723&ns=1&abbucket=10&xxc=taobaoSearch&mi_id=0000tt8AJQ5SJG523R63-347yZrO6LsBFXkjfOH_Zc2MwR0&skuId=5983141699486
675852160574,暴力熊客厅沙发背景墙装饰画kaws汽车跑车酒店房间民宿晶瓷挂画,118,¥,券后价,花的嫁衣1985,愚家画廊,18年老店,0人付款,广东 广州,"官方立减12%, 店铺满80减15, 退货宝, 包邮",画芯材质:油画布 | 图案主题:静物 | 适用空间:客厅 | 风格匹配:现代简约 | 装裱方式:有框,https://g-search3.alicdn.com/img/bao/uploaded/i4/i3/51672682/O1CN01Fd9ch81VgP3CaG1fF_!!0-item_pic.jpg,//item.taobao.com/item.htm?id=675852160574&ns=1&abbucket=10&xxc=taobaoSearch&mi_id=0000-0YHi9bB8vNscJ9AGRi5fWfr3TRvwbt4MulMDkhrrtc&skuId=4857494440934
710350487781,Kaws富士山潮玩躺姿摆件Kaws Holiday Japan考斯手办卡瓦斯 现货,187,¥,券后价,tb4476160662,靠谱青年Lab,,4人付款,广东 东莞,"官方立减12%, 淘金币已抵5.58元, 30天价保, 退货宝, 包邮",出售状态:现货 | 款式特点:静态,https://g-search1.alicdn.com/img/bao/uploaded/i4/i1/2206804004995/O1CN01gHsHNS1mllAoC1qfY_!!2206804004995.jpg,//item.taobao.com/item.htm?id=710350487781&ns=1&abbucket=10&xxc=taobaoSearch&mi_id=0000YqIvnDLNSLVPcDkvSTK2noZa_kKi6YNNVxdYNgswYTA&skuId=5153262323714
987222847501,暴力熊客厅装饰画kaws轻奢时尚沙发背景墙挂画现代简约新款三联画,176.4,¥,券后价,厨科妙滋味,星眠画廊装饰画,,1人付款,河南 郑州,"官方立减15%, 淘金币已抵2.64元, 包邮",,https://g-search1.alicdn.com/img/bao/uploaded/i4/i2/2206603419862/O1CN01L1tW7L2Mir68bQU9y_!!4611686018427379926-0-item_pic.jpg,//item.taobao.com/item.htm?id=987222847501&ns=1&abbucket=10&xxc=taobaoSearch&mi_id=0000Px_5TZSd6Rtu8rADKivZV_wfExEUdjck0TC0vAEgeis&skuId=5962128112852
965290367287,芝麻街KAWS定制窗帘男生卧室飘窗网红暴力熊个性免打孔直播背景布,80,¥,券后价,蛋淡清风,语梦窗帘布艺,7年老店,200+人付款,浙江 绍兴,"官方立减12%, 淘金币已抵1.2元, 退货宝, 包邮, 公益宝贝",材质:布 | 款式:免打孔 | 帘头款式:平帷 | 主图案类型:卡通动漫 | 风格:简约现代,https://g-search3.alicdn.com/img/bao/uploaded/i4/i2/2280113965/O1CN01WQ1aAa1fA1HWxbYEG_!!2280113965.jpg,//item.taobao.com/item.htm?id=965290367287&ns=1&abbucket=10&xxc=taobaoSearch&mi_id=0000k1BkEfGqP1-bXP8juaBAqGjz3pE9HQayYeznq_qfpuw&skuId=5284177651816
1004721096349,优衣库男装女装KAWS HEATTECH针织围巾/25秋冬新款485257,79,¥,,hhz2046,洋洋正品购,8年老店,14人付款,湖南 长沙,,长度:180cm | 围巾品牌:Uniqlo/优衣库,https://g-search1.alicdn.com/img/bao/uploaded/i4/i4/48408217/O1CN01PoqYwX2AZRaHXIkS6_!!48408217.jpg,//item.taobao.com/item.htm?id=1004721096349&ns=1&abbucket=10&xxc=taobaoSearch&mi_id=0000UTPFUAvI0rFJXyItAzLKMwCLmo82N2quPEiiijiOccc&skuId=5994429204807
1013481616785,网红kaws公仔潮玩考斯捂脸芝麻街存钱罐客厅软装桌面玄关装饰摆件,104.9,¥,券后价,tb892705442,淘小宝高档轻奢摆件,,2人看过,浙江 金华,"官方立减12%, 淘金币已抵1.04元, 包邮",,https://g-search3.alicdn.com/img/bao/uploaded/i4/i2/2218572658230/O1CN01mq0q7h2AfOjqmoRQV_!!2218572658230.jpg,//item.taobao.com/item.htm?id=1013481616785&ns=1&abbucket=10&xxc=taobaoSearch&mi_id=0000iONFUhpGS9SF8w4eR2DONsoJ_fa-hUCAoWf5xag3i6E&skuId=6179700346541
596806878369,kaws玄关装饰画辛普森网红北欧走廊酒吧酒店潮流卧室客厅背景挂画,49,¥,,吉祥映画工作室,科盛装饰,7年老店,0人付款,浙江 绍兴,"店铺满50减10, 上门安装, 极有家, 包邮, 公益宝贝",画芯材质:油画布 | 图案主题:卡通动漫 | 适用空间:玄关 | 风格匹配:现代简约 | 装裱方式:有框,https://g-search3.alicdn.com/img/bao/uploaded/i4/i4/4142836450/O1CN01tROfFR1xW9kMsFf98_!!4611686018427382498-0-item_pic.jpg,//item.taobao.com/item.htm?id=596806878369&ns=1&abbucket=10&xxc=taobaoSearch&mi_id=0000UHS68jdyqZS4NK5f_cOJ7KEBnvqlXtHYOniU0fZhwxw&skuId=4506410717382
635066556681,原创潮牌kaws芝麻街袜子女卡通联名无骨袜头毛巾底运动袜滑板袜男,18.99,¥,,annalina1125,Nothing从无到有,11年老店,6人付款,湖南 长沙,包邮,适用性别:男女通用 | 筒高:高筒 | 上市年份季节:2020年秋季 | 产地:中国,https://g-search1.alicdn.com/img/bao/uploaded/i4/i3/712776512/O1CN01dcRdv21xyXpcOkn3p_!!712776512.jpg,//item.taobao.com/item.htm?id=635066556681&ns=1&abbucket=10&xxc=taobaoSearch&mi_id=0000hdHnCaw2QhPUttP9gsgimT8tNZQM3-NpLB-1cL1TV5Y&skuId=4682926132197
704390033945,潮牌KAWS适用vivoX90手机壳x80保护套x70t个性60pro+软vivoS15男士s12e硅胶t2/t1新款y77/y93s暴力熊y33s/s7e,38,¥,,花派数码店,花派数码店,6年老店,29人付款,广东 深圳,包邮,保护套质地:硅胶 | 适用手机型号:vivo Y52t | 风格:个性 | 适用手机机型:vivo | 品牌:花派,https://g-search1.alicdn.com/img/bao/uploaded/i4/i4/2201275165761/O1CN012Itn7A1sQaY9af9Uf_!!0-item_pic.jpg,//item.taobao.com/item.htm?id=704390033945&ns=1&abbucket=10&xxc=taobaoSearch&mi_id=0000ntRr9CHg6jJRaOuUdJcJyvzLV2zCREjxdRUBU3LfeBc&skuId=4960073289852
673659563559,宝可梦地毯皮卡丘高级感天津潮牌ins网红kaws地垫个性卧室客厅off,44,¥,券后价,tb3667981_2012,JiaoYang地毯一高品质高性价比,8年老店,96人付款,天津," 3期, 淘金币已抵1.1元, 48小时内发, 包邮, 公益宝贝",清洗类型:可机洗 | 可定制性:支持定制 | 适用空间:书房 | 形状:长方形 | 风格:欧式 | 表面材质:聚酯纤维,https://g-search1.alicdn.com/img/bao/uploaded/i4/i4/849113474/O1CN01qFKTd11bX8gP17Ob6_!!849113474.jpg,//item.taobao.com/item.htm?id=673659563559&ns=1&abbucket=10&xxc=taobaoSearch&mi_id=0000kBnoAzkAELy_wX2FgegmRYjHhqCy-TblJHZE3BnOjgc&skuId=4843117788854
967750455255,kaws轻奢客厅装饰画简约高级感三联壁画暴力熊潮牌沙发背景墙挂画,176,¥,券后价,tb2783425411,清心阁艺术装饰,,0人付款,河南 商丘,"官方立减12%, 店铺满100减10, 淘金币已抵2.64元, 退货宝, 公益宝贝",适用空间:客厅 | 风格匹配:现代简约 | 装裱方式:有框 | 画芯材质:布纹膜,https://g-search2.alicdn.com/img/bao/uploaded/i4/i2/2212882503123/O1CN01XfSRXr1YwO1vWtd6T_!!4611686018427385299-0-item_pic.jpg,//item.taobao.com/item.htm?id=967750455255&ns=1&abbucket=10&xxc=taobaoSearch&mi_id=0000ABv2G_BupfYqngiLaK22_xzZ4DfkyNbGnZMMEM_69hw&skuId=4977035964853
811974406441,跑车潮牌kaws床头装饰画暴力熊沙发背景墙挂画卧室男孩儿童房壁画,104,¥,券后价,欣天彩旗舰店,欣天彩旗舰店,,25人付款,河南 商丘,"官方立减12%,  3期, 店铺满39减5, 退货宝, 上门安装, 破损包退, 包邮",图案主题:卡通动漫 | 适用空间:儿童房 | 装裱方式:有框 | 画芯材质:布纹/水晶,https://g-search2.alicdn.com/img/bao/uploaded/i4/i1/2212391830591/O1CN01vw1L1X1GEj2nf0HdU_!!0-item_pic.jpg,//detail.tmall.com/item.htm?id=811974406441&ns=1&abbucket=10&xxc=taobaoSearch&mi_id=0000Q-R7f68dC2cQdfLjFIFhXiPLB1lVvtbOhxE6R_GR078&skuId=5507902461585
795416675945,星球大战黑武士暴风兵白兵kaws大摆件雕塑网红酒吧店铺开业装饰品,100.88,¥,券后价,会动的摆件,会动的摆件,,0人付款,江苏 宿迁,"淘金币已抵2.87元, 退货宝, 包邮",表面工艺:纯手工 | 主体材质:卡通 | 摆放方式:落地,https://g-search2.alicdn.com/img/bao/uploaded/i4/i1/2214962454141/O1CN01kM7DNV1gSd46Bfoc9_!!2214962454141.png,//item.taobao.com/item.htm?id=795416675945&ns=1&abbucket=10&xxc=taobaoSearch&mi_id=0000AIB5GfeUQCZJOYmtGxjYxfgeMIl8bHpZ5rwLckvj1Hw&skuId=5595848998589
964644945145,卡通窗帘遮光KAWS芝麻街动漫图案男孩儿童房间少女生卧室个性短帘,62,¥,券后价,tb8154531723,个性软装布艺工厂店,,0人付款,浙江 绍兴,"官方立减12%, 淘金币已抵0.96元, 退货宝, 包邮, 公益宝贝",款式:免打孔 | 主图案类型:卡通动漫 | 风格:简约现代,https://g-search3.alicdn.com/img/bao/uploaded/i4/i3/2212381023296/O1CN019L3jNV1aDc8QJKeTS_!!2212381023296.jpg,//item.taobao.com/item.htm?id=964644945145&ns=1&abbucket=10&xxc=taobaoSearch&mi_id=0000wyW0ksoCoE0MUm71u_7J-feXntzagHhamHb65BeMSKE&skuId=4891050467936
850590530866,盈浩暴力熊玄关装饰画Kaws积木潮流走廊过道入户门客厅轻奢感挂画,88,¥,首单价,汉娜家居用品专营店,汉娜家居用品专营店,,10人付款,福建 宁德,"官方立减20%, 直降3元, 店铺满40减2, 淘金币已抵1.76元, 退货宝, 上门安装, 破损包退, 包邮, 公益宝贝",画框材质:金属 | 画芯材质:油画布 | 图案主题:卡通动漫 | 适用空间:玄关 | 装裱方式:有框,https://g-search3.alicdn.com/img/bao/uploaded/i4/i2/2217596308798/O1CN01zpnQFj2ErXfrGJdol_!!4611686018427383102-0-item_pic.jpg,//detail.tmall.com/item.htm?id=850590530866&ns=1&abbucket=10&xxc=taobaoSearch&mi_id=0000a6m59H-i8RE8cpTlMhigYirh8pdfHoIXFoMeRgozBGk&skuId=5644395041445
673704891589,kaws潮牌竖版挂布ins背景布芝麻街网红房间装饰墙布宿舍简约挂毯,8,¥,券后价,tb71938272,柚琪布艺,,0人付款,浙江 金华,"淘金币已抵0.77元, 包邮",图案:卡通动漫 | 材质:毛绒 | 风格:简约现代 | 挂毯形状:长方形 | 挂毯售卖方式:成品 | 产地:中国大陆 | 挂毯清洗方式:可机洗,https://g-search1.alicdn.com/img/bao/uploaded/i4/i4/1861916805/O1CN01lCeWF1208jyhso4Z4_!!1861916805.jpg,//item.taobao.com/item.htm?id=673704891589&ns=1&abbucket=10&xxc=taobaoSearch&mi_id=0000sY5kqSo5wccwBduL6G2RCRsQvWcVHxHt7TMFFzALn-w&skuId=4848176045395
914964763679,kaws芝麻街潮牌XX车贴电动车个性装饰贴纸防水防晒不留胶车身贴,7,¥,,tb231800921267,EMSS电动车贴纸店 防水防晒车贴纸,,7人付款,吉林 四平,"店铺满12减3, 包邮",,https://g-search3.alicdn.com/img/bao/uploaded/i4/i1/2218813030797/O1CN0140HoPp1Hl4iNvx2wt_!!2218813030797.jpg,//item.taobao.com/item.htm?id=914964763679&ns=1&abbucket=10&xxc=taobaoSearch&mi_id=0000PjtH1E4mgSc0LnCp-TBoIBOPgA1bJxRVEy5KUmZXFlo&skuId=5783363497340
673388622771,卡通动漫潮流芝麻街KAWS卧室挂钩简约窗帘客厅阳台定制成品遮光,76,¥,,冰冰de店铺,美娜数码家纺,6年老店,1人付款,浙江 绍兴,"包邮, 公益宝贝",材质:布 | 帘头款式:荡度 | 主图案类型:几何 | 风格:北欧风,https://g-search3.alicdn.com/img/bao/uploaded/i4/i4/2585023905/O1CN01eeovGH1eiXO9ppuG9_!!2585023905.jpg,//item.taobao.com/item.htm?id=673388622771&ns=1&abbucket=10&xxc=taobaoSearch&mi_id=0000LvOPVo6FJ1cgYhtIG4Q60Q1_67SHFZRzZOLnLSszngU&skuId=5021094107426
693416771016,潮流艺术TheSimpson版画辛普森一家挂画潮牌装饰画kaws联名挂画,93.75,¥,,金凯旋壁画,金凯旋壁画,12年老店,6人付款,广东 江门,"店铺满78减5, 退货宝, 上门安装, 包邮",画芯材质:油画布 | 风格匹配:现代简约 | 装裱方式:有框,https://g-search2.alicdn.com/img/bao/uploaded/i4/i1/1838863258/O1CN019fXFOO1ZwDAyUXCWH_!!1838863258.jpg,//item.taobao.com/item.htm?id=693416771016&ns=1&abbucket=10&xxc=taobaoSearch&mi_id=0000Bm0azUmhMhkw78K2--ESfCK5d-aCScp1DYp2LpGzGs8&skuId=6144509146117
733305760013,芝麻街Kaws鼠标垫超大电竞游戏封神防滑书桌垫个性办公台式键盘垫,23.6,¥,券后价,小小卖家321,原野鼠标垫,9年老店,5人付款,浙江 金华,"官方立减12%, 淘金币已抵0.63元, 退货宝, 包邮",材质:胶垫 | 厚度:3.1mm | 尺寸:900x400mm,https://g-search3.alicdn.com/img/bao/uploaded/i4/i1/1619974272/O1CN0152U6fE1hQcrV6n60I_!!1619974272.jpg,//item.taobao.com/item.htm?id=733305760013&ns=1&abbucket=10&xxc=taobaoSearch&mi_id=0000sc2ZuPtlYKWS1sWSZN_MHSEPOxCjcuCykGU8gZwcFSE&skuId=5244965250859
782935756305,装饰画芯轻奢现代网红款kaws暴力熊时钟表客餐厅入户玄关图片素材,8.9,¥,,weijingtang1314,顽皮精品素材,8年老店,1人付款,陕西 西安,包邮,,https://g-search1.alicdn.com/img/bao/uploaded/i4/i3/900164224/O1CN019yPUjw1h4dvdDsBKM_!!900164224.jpg,//item.taobao.com/item.htm?id=782935756305&ns=1&abbucket=10&xxc=taobaoSearch&mi_id=0000OYyl0Vdr29PYeNtHLx82TMXgeLAAimWQLVusBJuUSEA&skuId=null
597938771108,特价 ins原创宿舍挂布休闲沙发背景布卧室装饰布KAWS芝麻街漫威,38,¥,券后价,刘失意丶,二傻的梦想屋,12年老店,1人付款,浙江 温州,"官方立减12%, 淘金币已抵1.14元, 退货宝, 极有家, 包邮, 公益宝贝",图案:卡通动漫 | 材质:化纤 | 风格:北欧,https://g-search2.alicdn.com/img/bao/uploaded/i4/i4/705143443/O1CN017kCgTx1bIwOSh6dei_!!705143443.jpg,//item.taobao.com/item.htm?id=597938771108&ns=1&abbucket=10&xxc=taobaoSearch&mi_id=0000G6ILSm0CvDn5EcehE_sdAcGnGgxP8_-wKG63kOmGdT4&skuId=4412132699029
1018025221029,潮牌kaws暴力熊地毯卧室卡通积木熊地垫动漫异形网红个性床边毯,25,¥,券后价,德维咖啡武,格格屋艺术,13年老店,0人付款,广东 深圳,"淘金币已抵0.75元, 包邮",可定制性:支持定制 | 适用空间:书房 | 风格:卡通 | 表面材质:混纺,https://g-search3.alicdn.com/img/bao/uploaded/i4/i2/483241430/O1CN01IQl8ME1MQzUkgURb5_!!483241430.jpg,//item.taobao.com/item.htm?id=1018025221029&ns=1&abbucket=10&xxc=taobaoSearch&mi_id=0000Z-Nt-R-xfZpPeUaaeyN4PFjTOu44YUbG1imllRpbRqs&skuId=6026888189420
667662295358,网红考斯芝麻街潮牌kaws公仔玩偶毛绒挂件书包背包挂饰钥匙扣装饰,18,¥,券后价,jzcxzq1,果冻潮玩,10年老店,3人付款,广东 广州,"官方立减12%, 淘金币已抵0.54元, 包邮, 公益宝贝",,https://g-search3.alicdn.com/img/bao/uploaded/i4/i3/759636181/O1CN01YMdQBF1vWwolF7VIy_!!759636181.jpg,//item.taobao.com/item.htm?id=667662295358&ns=1&abbucket=10&xxc=taobaoSearch&mi_id=0000mh4ytlt-svpZ8uYMIgmv-iy9FAgaI_S4JMZq8UC53kY&skuId=4982795670143
657329104589,KAWS捂脸适用iPhone16新款手机壳苹果15plus亲肤简约14promax夜光13潮牌12磨砂11个性保护硬套,59,¥,券后价,llg汽车改装,维妮卡工厂店,5年老店,0人付款,广东 广州,"官方立减12%, 淘金币已抵0.55元, 退货宝, 包邮",保护套质地:塑料 | 功能:夜光 | 适用手机型号:iPhone 12 Pro Max | 风格:创意 | 适用手机机型:Apple/苹果 | 品牌:维姬,https://g-search3.alicdn.com/img/bao/uploaded/i4/i2/4065362743/O1CN01CtvMWp1W8L7bhPYeO_!!4065362743.jpg,//item.taobao.com/item.htm?id=657329104589&ns=1&abbucket=10&xxc=taobaoSearch&mi_id=0000cGVC-v2pxYMhzUg2HQGAJAtoMfXd0xQ_KRy5Ss4IqbY&skuId=5764121803949
959719419859,卡通潮牌电表箱装饰画现代轻奢kaws带钟表餐厅电闸配电箱遮挡挂画,256,¥,券后价,笛升旗舰店,笛升旗舰店,5年老店,0人付款,福建 漳州,"官方立减12%, 店铺满98减10, 淘金币已抵3.84元, 退货宝, 上门安装, 包邮",画芯材质:油画布 | 图案主题:卡通动漫 | 适用空间:电表箱 | 风格匹配:现代简约 | 装裱方式:有框 | 材质:铝合金,https://g-search3.alicdn.com/img/bao/uploaded/i4/i3/2208674371389/O1CN01jYoqMM1M8CqQXIP6A_!!0-item_pic.jpg,//detail.tmall.com/item.htm?id=959719419859&ns=1&abbucket=10&xxc=taobaoSearch&mi_id=0000Mpw5xGND_acl-EVGFANddVm647GUvvhhe9G_TEMjMNU&skuId=4909092370399
920088631494,芝麻街Kaws汽车贴纸车身车门遮挡划痕XX眼个性潮牌涂鸦卡通玻璃贴,6.8,¥,券后价,萌泪旗舰店,萌泪旗舰店,,0人付款,广东 广州,"官方立减12%, 退货宝, 包邮",贴膜类型:车身贴 | 材质:贴纸 | 图案:卡通动漫 | 品牌:萌泪,https://g-search2.alicdn.com/img/bao/uploaded/i4/i1/2218709973939/O1CN01J4DC8Q1ey79gp2O1N_!!4611686018427386803-2-item_pic.png,//detail.tmall.com/item.htm?id=920088631494&ns=1&abbucket=10&xxc=taobaoSearch&mi_id=0000V-STzD7kvOjPivqK9pR6JweLn1d9EMJ6QqhQUdnbBKM&skuId=5793883332536
830279170444,秋冬新款男女装亲子KAWS休闲教练茄克外套夹克上衣476316/474138,89,¥,券后价,tb3310301098,壹糯 U家,,8人付款,上海,"超级立减10%, 退货宝, 包邮, 公益宝贝",,https://g-search3.alicdn.com/img/bao/uploaded/i4/i2/2215606502435/O1CN01sJdFxr1TrHPH0XqsA_!!2215606502435.jpg,//item.taobao.com/item.htm?id=830279170444&ns=1&abbucket=10&xxc=taobaoSearch&mi_id=0000Ey8QGNp9UXHnsNfN3mN3Vi3sZSu3tJrmizfBza20FaE&skuId=5734138174285
958145961176,乐高积木玄关装饰画潮暴力熊kaws走廊过道落地挂画客厅背景墙壁画,67,¥,券后价,儒服旗舰店,儒服旗舰店,,17人付款,河南 安阳,"超级立减10%, 店铺满188减10, 退货宝, 上门安装, 包邮",画框材质:金属 | 图案主题:卡通动漫 | 适用空间:客厅 | 装裱方式:有框 | 画芯材质:布纹/水晶,https://g-search3.alicdn.com/img/bao/uploaded/i4/i3/2212391830591/O1CN01pNFTlQ1GEj2pqawzM_!!0-item_pic.jpg,//detail.tmall.com/item.htm?id=958145961176&ns=1&abbucket=10&xxc=taobaoSearch&mi_id=0000ej4epXe23OK3GWjMMZFYQ1idLnpjWokM2c_PrsHQahQ&skuId=6052177119759
597025019143,kaws芝麻街潮牌手机小贴纸创意个性卡通车内后视镜装饰贴遮挡划痕,3,¥,券后价,天天家居旗舰店,爱卡汽车用品商城-德系车品,16年老店,3人付款,浙江 湖州,"官方立减12%, 包邮",贴膜类型:车身贴 | 材质:贴纸 | 服务内容:支持订制 | 图案:卡通动漫 | 品牌:卡贴斯,https://g-search2.alicdn.com/img/bao/uploaded/i4/i4/259330126/O1CN01pEDg761CnkUDR89Bg_!!259330126.jpg,//item.taobao.com/item.htm?id=597025019143&ns=1&abbucket=10&xxc=taobaoSearch&mi_id=0000cwsNzTaBgE0eJyTui0OhK7kldSN68Bg1vhDfyMQ4LiQ&skuId=4318193998278
965762266426,卡通潮牌电表箱装饰画现代轻奢kaws带钟表餐厅电闸配电箱遮挡挂画,256,¥,券后价,笛升旗舰店,笛升旗舰店,5年老店,0人付款,福建 漳州,"官方立减12%, 店铺满98减10, 淘金币已抵3.84元, 退货宝, 上门安装, 包邮",画芯材质:油画布 | 图案主题:卡通动漫 | 适用空间:电表箱 | 风格匹配:现代简约 | 装裱方式:有框 | 材质:铝合金,https://g-search3.alicdn.com/img/bao/uploaded/i4/i3/2208674371389/O1CN01jYoqMM1M8CqQXIP6A_!!0-item_pic.jpg,//detail.tmall.com/item.htm?id=965762266426&ns=1&abbucket=10&xxc=taobaoSearch&mi_id=0000Mpw5xGND_acl-EVGFANdde7tDW31b_EhDJcO5MNTM2w&skuId=4909092370399
964035916076,小牛FXT贴纸kaws芝麻街潮牌XX眼车贴个性电动摩托车小牛贴纸装饰,68.8,¥,券后价,abcdef123456abcd2012,小潮车贴,11年老店,28人付款,安徽 六安,"官方立减18.4元, 店铺满48减4, 新品, 退货宝, 包邮",,https://g-search1.alicdn.com/img/bao/uploaded/i4/i2/1079225915/O1CN01anlrFg1tZ7lpCkLvi_!!1079225915.jpg,//item.taobao.com/item.htm?id=964035916076&ns=1&abbucket=10&xxc=taobaoSearch&mi_id=0000k3P10wvJ5UB9qjT1zTo0ZD7fdp5MxjdRluWnaUuCRlQ&skuId=5756228457621
875511859563,适用Kaws潮牌芝麻街华为mate60手机壳Mate70pro+液态软硅胶mate50磁吸无线充电5g可爱卡通por新款40e男女30潮,38,¥,券后价,能季旗舰店,能季旗舰店,6年老店,65人付款,广东 深圳,"店铺满20减2, 48小时内发, 包邮",保护套质地:液态硅胶 | 是否使用环保材质:含环保材料 | 适用手机型号:华为 Mate 40 | 风格:简约 | 适用手机机型:Huawei/华为 | 品牌:能季,https://g-search2.alicdn.com/img/bao/uploaded/i4/i4/2206415823025/O1CN01ZNXoaM1YDV8BhwdWC_!!4611686018427379889-0-item_pic.jpg,//detail.tmall.com/item.htm?id=875511859563&ns=1&abbucket=10&xxc=taobaoSearch&mi_id=0000zSJ8uG3VSkOJGbmHgY69lx4DO3wZ7tgURIhoIz3UqrI&skuId=5880465062165
863650760360,kaws入户玄关装饰画竖版潮牌卡通积木熊挂画创意高档走廊过道壁画,232,¥,券后价,盘浪旗舰店,盘浪旗舰店,,0人付款,浙江 金华,"官方立减12%, 店铺满300减20, 退货宝, 上门安装, 包邮",画芯材质:烤瓷晶瓷 | 图案主题:卡通动漫 | 适用空间:玄关 | 风格匹配:潮流 | 装裱方式:有框,https://g-search1.alicdn.com/img/bao/uploaded/i4/i2/2211460157111/O1CN01lXqnJt22OtXTcY6t4_!!4611686018427383479-0-item_pic.jpg,//detail.tmall.com/item.htm?id=863650760360&ns=1&abbucket=10&xxc=taobaoSearch&mi_id=0000XwCIYKKkt0OaeNCN5xi_cPJI_NP4VQxqu-laErkqQek&skuId=5158118396659
1007381113288,kaws暴力熊入户玄关装饰画现代简约走廊过道壁画潮牌创意积木挂画,78.54,¥,券后价,格尔特家居,格尔特装饰工厂店,,0人付款,河南 开封,"店铺满188减5, 包邮",画芯材质:烤瓷水晶 | 图案主题:卡通动漫 | 适用空间:玄关 | 风格匹配:现代简约 | 装裱方式:有框,https://g-search1.alicdn.com/img/bao/uploaded/i4/i3/2214613554675/O1CN01fzZOKn1kPCimRXu89_!!2214613554675.jpg,//item.taobao.com/item.htm?id=1007381113288&ns=1&abbucket=10&xxc=taobaoSearch&mi_id=0000CvV6nVwzXoyqHW-1hTAV4_AOBhAnTGc4gOzc1cbPyhQ&skuId=6168340242243
964525559399,Mand kaws公仔长白山潮玩手办坐姿玩偶潮流摆件玩具艺术装饰礼物,258,¥,券后价,qq624153323,新潮舍,6年老店,5人付款,广东 深圳,"官方立减12%, 店铺满200减10, 淘金币已抵7.74元, 退货宝, 包邮",出售状态:现货 | 款式特点:静态,https://g-search2.alicdn.com/img/bao/uploaded/i4/i2/2322961302/O1CN01QIknvL1LUMXSdpjjn_!!2322961302.jpg,//item.taobao.com/item.htm?id=964525559399&ns=1&abbucket=10&xxc=taobaoSearch&mi_id=0000bcxZhnM4rr_Z4rAwgH8NGSd3DzVXHfM1sNXs_6qTanE&skuId=5228019558873
925251661449,网红芝麻街玩偶毛绒玩具睡觉抱枕kaws公仔摆件大号娃娃潮牌礼物女,183.6,¥,券后价,tm0011,智趣童梦,,1人付款,北京,"店铺满200减11, 淘金币已抵3.67元, 包邮",材质:绒布 | 玩具类型:公仔 | IP名称:Sesame Street/芝麻街 | 适用年龄:6岁以上,https://g-search3.alicdn.com/img/bao/uploaded/i4/i2/2217997711136/O1CN0137OwRQ1KGKzH2ot1D_!!4611686018427385632-0-item_pic.jpg,//item.taobao.com/item.htm?id=925251661449&ns=1&abbucket=10&xxc=taobaoSearch&mi_id=0000i9PUVkcAGUUt0_UqJAmtOMP4-lbPjsuZGRmmkQF47Sw&skuId=5970750666225
870370157262,kaws克莱因蓝暴力熊装饰画客厅高级沙发背景落地挂画玄关过道壁画,88,¥,券后价,拉萨母奶茶,壹嘉家居装饰画,6年老店,0人付款,广东 东莞,"官方立减12%, 退货宝, 包邮",画芯材质:油画布 | 图案主题:卡通动漫 | 适用空间:客厅 | 风格匹配:现代简约 | 装裱方式:有框,https://g-search2.alicdn.com/img/bao/uploaded/i4/i2/2354930372/O1CN01frQK7G1EcQMUCg8Kr_!!2354930372.jpg,//item.taobao.com/item.htm?id=870370157262&ns=1&abbucket=10&xxc=taobaoSearch&mi_id=00009HZId_GsYvB-fME6peKNOXNQ_jlwmFc7eHtmizYUtTw&skuId=5868781379180
668837232667,kaws原色害羞公仔限量手办模型玩偶玩具潮流周边OriginalFake摆件,30,¥,券后价,lcq124555490,OKEX潮牌,8年老店,1人付款,广东 深圳," 3期, 淘金币已抵0.9元, 退货宝, 包邮",出售状态:现货 | 款式特点:关节可动,https://g-search3.alicdn.com/img/bao/uploaded/i4/i4/887799100/O1CN01TW2Jq42H5qrod7sYP_!!887799100.jpg,//item.taobao.com/item.htm?id=668837232667&ns=1&abbucket=10&xxc=taobaoSearch&mi_id=0000ecZI43rWZKs8pNPyRHWBdW_7TY72g9SNO-u7KiI9xHE&skuId=5060810310906
842955912866,适用苹果17手机壳拼接KAWS图iphone15/16ProMax背带斜挎14pro挂绳手腕带支架13挂脖套12mini女新款plus软,58,¥,券后价,宸牧数码旗舰店,宸牧数码旗舰店,,3人付款,广东 深圳,"官方立减12%, 包邮",保护套质地:仿皮 | 适用手机型号:iPhone 11 Pro Max | 品牌:宸牧,https://g-search3.alicdn.com/img/bao/uploaded/i4/i4/2215812522458/O1CN016iLLRt1U1oWpzipHF_!!0-item_pic.jpg,//detail.tmall.com/item.htm?id=842955912866&ns=1&abbucket=10&xxc=taobaoSearch&mi_id=0000LeNzjWDfwIrFh0WoDpHkAfxppXmPqFhaBMKOdwnHSUQ&skuId=5918812588380
1000599582817,M485271男装女装KAWS柔软圆领针织衫长袖毛衣毛衫打底衫秋冬,69,¥,,为你执着a,西川美子,10年老店,2人付款,江苏 苏州,,领型:V领 | 袖长:长袖 | 穿着方式:套头,https://g-search1.alicdn.com/img/bao/uploaded/i4/i4/117881343/O1CN01tFw1vE1Ln91gMNd1O_!!117881343.jpg,//item.taobao.com/item.htm?id=1000599582817&ns=1&abbucket=10&xxc=taobaoSearch&mi_id=0000lXP8njL_7DGFhlYQr_XmjBMtbhLOyaH6pTtjFqwzx1g&skuId=6154206907914
1019735772341,轻奢高级感客厅装饰画现代简约沙发背景墙挂画暴力熊kaws灯画壁画,356.4,¥,,娟秀坊主待客至,娟秀坊主待客至的小店31,,0人付款,河南 郑州,包邮,,https://g-search2.alicdn.com/img/bao/uploaded/i4/i2/2220996197970/O1CN01Rlo4aF28kJkzksW0d_!!4611686018427387474-0-item_pic.jpg,//item.taobao.com/item.htm?id=1019735772341&ns=1&abbucket=10&xxc=taobaoSearch&mi_id=0000V9dBx74M8pbC4zHWGRg64WqnSI39lH-Xt3CUHJTQBoM&skuId=6028496789253
,,,,,,,,,,,,,
1019749617350,暴力熊跑车客厅装饰画轻奢高级感沙发背景墙面壁画潮流Kaws三联画,154.8,¥,券后价,医科创健康,拾隅画社居家挂画铺,,3人付款,河南 郑州,"官方立减15%, 淘金币已抵5.41元, 包邮",,https://g-search1.alicdn.com/img/bao/uploaded/i4/i2/2221009900092/O1CN01kVyBxv1CYBYHYrx5t_!!4611686018427384380-0-item_pic.jpg,//item.taobao.com/item.htm?id=1019749617350&ns=1&abbucket=10&xxc=taobaoSearch&mi_id=0000-70jvlZaR_q14Xn-EP0U-jRaLaFnJ0Ue4XG_t1-DS_M&skuId=6194408258496
1008907636311,潮牌kaws客厅装饰画现代轻奢餐厅三联画网红暴力熊沙发背景墙挂画,106.2,¥,,爱迪士装饰画,爱大彭装饰画的小店37,,3人付款,河南 商丘,包邮,图案主题:卡通动漫 | 风格匹配:现代简约,https://g-search3.alicdn.com/img/bao/uploaded/i4/i3/2221017506519/O1CN01wejh0V1y1l45twhll_!!4611686018427380439-0-item_pic.jpg,//item.taobao.com/item.htm?id=1008907636311&ns=1&abbucket=10&xxc=taobaoSearch&mi_id=0000QEEktiqrDsO83kRTtEWN4323i0FX3sT06bBiNSt8-ls&skuId=6005556309020
962958613493,暴力熊创意kaws公仔客厅电视柜家居装饰品芝麻街雕塑落地大摆件,76,¥,券后价,欧红旗舰店,欧红旗舰店,9年老店,3人付款,浙江 杭州,"店铺满168减10, 淘金币已抵2.28元, 退货宝, 包邮, 公益宝贝",主体材质:卡通 | 表面工艺:半手工,https://g-search2.alicdn.com/img/bao/uploaded/i4/i3/2834942171/O1CN01rDkIvP1RuMi8EMt2b_!!0-item_pic.jpg,//detail.tmall.com/item.htm?id=962958613493&ns=1&abbucket=10&xxc=taobaoSearch&mi_id=0000LQP88SEihMAysMW4FrVz8OvM6quWPxJLswkGFpTBrGU&skuId=5213478247930
974343084924,kaws大师现代装饰画艺术抽象画客厅挂画儿童房装饰壁画北欧装饰画,135,¥,,广漫枝聚一起专卖店,广漫枝聚一起专卖店,,1人看过,广西 梧州,包邮,画芯材质:油画布 | 风格匹配:艺术 | 装裱方式:有框,https://g-search3.alicdn.com/img/bao/uploaded/i4/i4/2219712030580/O1CN01BAPxjB1G9gpwkUwr2_!!4611686018427381620-0-item_pic.jpg,//detail.tmall.com/item.htm?id=974343084924&ns=1&abbucket=10&xxc=taobaoSearch&mi_id=00007gqjeJvTBcL7QRUZdj1gvhcqvYVEHldFq13f0kbIG20&skuId=6024774669669
900113804844,拼装积木kaws公仔超大型客厅摆件成年高难度暴力熊潮牌芝麻街玩具,208,¥,,朱梓咏,澄海宝奥城,14年老店,0人付款,广东 佛山,"24小时内发, 包邮, 公益宝贝",适用年龄:14岁以上 | 玩具类型:拼装积木,https://g-search1.alicdn.com/img/bao/uploaded/i4/i2/747703636/O1CN01qLhPxP1cjKoybNDeP_!!747703636.jpg,//item.taobao.com/item.htm?id=900113804844&ns=1&abbucket=10&xxc=taobaoSearch&mi_id=0000xq0XXUqX5LfSq1lBEpR_Mk3MsCuH-TvxUbjmXTcp0v0&skuId=4761869128926
948490260665,kaws潮流汽车主题艺术轻奢挂画暴力熊客厅沙发背景墙面三联装饰画,49,¥,券后价,tb986373329,树人装饰画,,2人付款,河南 商丘,"店铺满50减3, 淘金币已抵1.47元, 退货宝, 包邮",画芯材质:烤瓷水晶 | 图案主题:静物 | 适用空间:客厅 | 风格匹配:潮流 | 装裱方式:有框,https://g-search1.alicdn.com/img/bao/uploaded/i4/i2/3969982234/O1CN01v5tMa71SNDsfrLsms_!!3969982234.jpg,//item.taobao.com/item.htm?id=948490260665&ns=1&abbucket=10&xxc=taobaoSearch&mi_id=0000qT-ws3PTTyez1lRX97QKf6rKFuFaGSmQ7klwdK543Vw&skuId=6023758931448
608452768987,kwas公仔星球大战手办玩偶潮牌mand kaws摆件白兵黑武士大型雕塑,128,¥,券后价,tb4476160662,靠谱青年Lab,,7人付款,浙江 杭州,"官方立减12%, 淘金币已抵3.81元, 30天价保, 退货宝, 包邮",出售状态:现货 | 款式特点:关节可动,https://g-search1.alicdn.com/img/bao/uploaded/i4/i1/2206804004995/O1CN019mtXma1mll1BDwy6c_!!2206804004995.png,//item.taobao.com/item.htm?id=608452768987&ns=1&abbucket=10&xxc=taobaoSearch&mi_id=0000RpLF65EfXf23sgO_gIgoP7ucRO90YoZOPNZSmRwNGxQ&skuId=4445419674570
558375550545,门贴纸潮牌KAWS芝麻街个性卡通整张翻新自粘贴画卧室衣柜全贴定制,30,¥,券后价,dlice2008,梵星印象,17年老店,0人付款,福建 泉州,"淘金币已抵1.02元, 退货宝, 包邮",图案主题:卡通动漫 | 风格匹配:复古怀旧 | 装裱方式:有框 | 画芯材质:哑光纸,https://g-search1.alicdn.com/img/bao/uploaded/i4/i3/69971716/O1CN017cX4211OXyLztw34x_!!69971716.jpg,//item.taobao.com/item.htm?id=558375550545&ns=1&abbucket=10&xxc=taobaoSearch&mi_id=0000OMM6IPR0IeWRCMUo1nqBb8RXwzT2DXj4tTdK8z6uFtY&skuId=3936368930588
1007501432510,KAWS涂鸦抽象艺术壁画玄关走廊客厅装饰画卡通动漫ins风格油画布,98,¥,券后价,lai257184,一幅好画艺术定制中心,,4人付款,广东 广州,"官方立减12%, 退货宝",画框材质:实木 | 画芯材质:油画布 | 图案主题:卡通动漫 | 适用空间:走廊 | 风格匹配:ins风格 | 装裱方式:无框 | 是否带框:无框,https://g-search3.alicdn.com/img/bao/uploaded/i4/i2/1095247262612/O1CN01DIvN2f1VALdZX2MSH_!!1095247262612.jpg,//item.taobao.com/item.htm?id=1007501432510&ns=1&abbucket=10&xxc=taobaoSearch&mi_id=0000UlEEBdm5yl_8xta5d-1nlkx6ublgWHzEesa4K1UjncE&skuId=6001357180399
853820541233,芝麻街KAWS小谎言长鼻子丧文化手办模型现货公仔潮流装扮好物推荐,85,¥,,qwtli,前卫堂动漫精品,14年老店,0人付款,广东 广州,,,https://g-search3.alicdn.com/img/bao/uploaded/i4/i3/42672089/O1CN01mEq6CA1RIoOKAZ8DR_!!42672089.jpg,//item.taobao.com/item.htm?id=853820541233&ns=1&abbucket=10&xxc=taobaoSearch&mi_id=0000KThgz3NJtKN0hyTLX56sPwDJCY4EEGO2Ff6n2gqFDng&skuId=5822812067338
811122923298,Boone现代风格样板间书桌装饰配马克杯kaws潮玩儿童房家居装饰,50,¥,券后价,tb2511762_2011,Boone 软装,5年老店,2人付款,广东 中山,"店铺满200减20, 淘金币已抵0.5元, 退货宝, 包邮",风格:简约现代 | 适用空间:儿童房 | 是否可定制:是,https://g-search3.alicdn.com/img/bao/uploaded/i4/i1/749066537/O1CN01OoOc901yA03FpgvH6_!!749066537.png,//item.taobao.com/item.htm?id=811122923298&ns=1&abbucket=10&xxc=taobaoSearch&mi_id=00005sTDyp9De_gxvfTBzYTTXjQD-DUwcqLkyyMfQHncZuk&skuId=5672838866782
675691657024,100+款潮牌kaws卡瓦斯芝麻街卡通T恤卫衣烫画印花火星图案素材,19.9,¥,,pokeroom,火星图案,7年老店,7人付款,上海,包邮,,https://g-search2.alicdn.com/img/bao/uploaded/i4/i1/1798528717/O1CN01t4Tkjm2EGRHK646w5_!!1798528717.jpg,//item.taobao.com/item.htm?id=675691657024&ns=1&abbucket=10&xxc=taobaoSearch&mi_id=0000w7c9KFLpclr3cdHzafpjLRujqMkRhvXaOpbLbTSnVNs&skuId=null
961533261621,仅几件原单！HUMAN MADE x KAWS MADE 阿罗哈夏威夷衬衫短裤 套装,211,¥,券后价,zuqinguang00,G先生的美式复古,,20人付款,广西 桂林,"官方立减12%, 包邮",版型分类:标准 | 穿着方式:开衫 | 适用性别:男女通用 | 适用场景:日常,https://g-search2.alicdn.com/img/bao/uploaded/i4/i1/70518796/O1CN01WP5sHF2EqcrHPI2Qj_!!70518796.jpg,//item.taobao.com/item.htm?id=961533261621&ns=1&abbucket=10&xxc=taobaoSearch&mi_id=00007LKypgq37KPFBpwHZ897BLAFJBkdRdghZcpqVnX6YXE&skuId=5948055480160
992160332607,kaws挂画客厅装饰画简约高级感三联壁画潮牌沙发背景墙挂画暴力熊,240,¥,券后价,法尔明旗舰店,法尔明旗舰店,,0人付款,河南 安阳,"超级立减10%, 店铺满158减5, 退货宝, 上门安装, 包邮",画框材质:金属 | 画芯材质:油画布 | 适用空间:客厅 | 装裱方式:有框,https://g-search2.alicdn.com/img/bao/uploaded/i4/i3/2219425622601/O1CN01zUOJoy1V5JGxLiJrM_!!4611686018427382345-0-item_pic.jpg,//detail.tmall.com/item.htm?id=992160332607&ns=1&abbucket=10&xxc=taobaoSearch&mi_id=00008q7LkBC0bEL7B_hji1FzR0YYXeUpK4oLUYib13xtntU&skuId=5961955213773
654288392996,潮牌kaws微小颗粒成年高难度拼装乐高积木玩具男女孩子礼物芝麻街,78,¥,券后价,回头是暗741,喀奇玩具,7年老店,0人付款,广东 广州,"淘金币已抵1.56元, 包邮",适用年龄:8岁 | 玩具类型:拼插积木 | 品牌:LEGO/乐高,https://g-search3.alicdn.com/img/bao/uploaded/i4/i1/2926693932/O1CN01KtT7sr1euu28GqEEx_!!2926693932.jpg,//item.taobao.com/item.htm?id=654288392996&ns=1&abbucket=10&xxc=taobaoSearch&mi_id=0000SBaBszLULX18kOkWxjZDChHx2gjlHqrhK8iakjtzvso&skuId=4901339963376
954582760292,潮牌kaws客厅装饰画沙发背景墙画壁画挂画潮流风暴力熊三联晶瓷画,174,¥,券后价,立视界旗舰店,立视界旗舰店,11年老店,2人付款,河南 商丘,"官方立减12%,  3期, 店铺满69减7, 退货宝, 上门安装, 破损包退, 包邮",画芯材质:水晶膜+烤瓷镶钻 | 图案主题:卡通动漫,https://g-search3.alicdn.com/img/bao/uploaded/i4/i1/2259024993/O1CN018vEGZr1mkqdCWhCFb_!!4611686018427386977-0-item_pic.jpg,//detail.tmall.com/item.htm?id=954582760292&ns=1&abbucket=10&xxc=taobaoSearch&mi_id=0000OwIWTtFQFV1y2PvLwldwJRMeqORufHiflIQeV4IzQzo&skuId=5875510469683
763864925134,潮牌个性KAWS适用荣耀magic6手机壳honor保护套magic6pro高级感华为荣耀magic5至臻版mg4男女款3全包硬壳菲林,38,¥,券后价,花派数码店,花派数码店,6年老店,0人付款,广东 深圳,"官方立减12%, 包邮",保护套质地:塑料 | 适用手机型号:荣耀Magic4 Pro | 风格:个性 | 适用手机机型:honor/荣耀 | 品牌:花派,https://g-search3.alicdn.com/img/bao/uploaded/i4/i3/2201275165761/O1CN01f7JOgq1sQaed4bgdp_!!2-item_pic.png,//item.taobao.com/item.htm?id=763864925134&ns=1&abbucket=10&xxc=taobaoSearch&mi_id=0000PmFuL1tkJUiuGck_BGpZ-kRd6hc5iAjGOcfejYMBaQQ&skuId=5260097273592
964474449689,潮牌kaws客厅装饰画三联暴力熊汽车主题挂画现代轻奢沙发背景墙画,158.4,¥,,格莱美装饰画,格拉梅装饰画的小店53,,1人付款,河南 商丘,包邮,图案主题:卡通动漫 | 风格匹配:现代简约,https://g-search3.alicdn.com/img/bao/uploaded/i4/i3/2221017569712/O1CN01wbFSjO2Lc9hdvcuE2_!!4611686018427386288-0-item_pic.jpg,//item.taobao.com/item.htm?id=964474449689&ns=1&abbucket=10&xxc=taobaoSearch&mi_id=0000URPgIxDebNzGVLur6_0dO_VNO0itbRRr-DTYP8U8guQ&skuId=6013917705265
973882246206,kaws潮牌暴力熊现代简约玄关装饰画客厅沙发落地画网红直播间挂画,70,¥,券后价,英特康旗舰店,英特康旗舰店,,0人付款,河南 安阳,"店铺满158减5, 退货宝, 上门安装, 包邮",图案主题:卡通动漫 | 适用空间:玄关 | 画芯材质:布纹膜,https://g-search1.alicdn.com/img/bao/uploaded/i4/i3/2212391830591/O1CN01veJIn21GEiwVqhKzT_!!0-item_pic.jpg,//detail.tmall.com/item.htm?id=973882246206&ns=1&abbucket=10&xxc=taobaoSearch&mi_id=0000zbRsolr350TmYNf0rglvXa8q92_WpPwPqu2F5Um6-1c&skuId=5908699888081
655986023595,Kaws轻奢挂画卫生间卧室客厅装饰画沙发背景墙直播间暴力熊壁画,116,¥,券后价,意识形态旗舰店,意识形态旗舰店,回头客2万,4人付款,山东 临沂,"官方立减9元, 店铺满38减2, 淘金币已抵1.74元, 退货宝, 上门安装, 包邮, 公益宝贝",画芯材质:油画布 | 图案主题:卡通动漫 | 适用空间:浴室 | 风格匹配:现代简约 | 装裱方式:有框,https://g-search1.alicdn.com/img/bao/uploaded/i4/i1/4058846958/O1CN01li4t6U21GoX2HGvWC_!!0-item_pic.jpg,//detail.tmall.com/item.htm?id=655986023595&ns=1&abbucket=10&xxc=taobaoSearch&mi_id=0000YnfrZv60ArNs3QTjhfV8xxQEW6jNrL0R2MLcHsQ8if4&skuId=4905540267224
928113494934,高级感暴力熊客厅装饰画kaws轻奢儿童卧室床头挂画横版电竞房壁画,170,¥,券后价,匠心匠意i,福匠画房,8年老店,3人付款,江苏 无锡,"官方立减12%, 店铺满75减5, 退货宝, 上门安装, 公益宝贝",画芯材质:油画布 | 图案主题:卡通动漫 | 适用空间:客厅 | 风格匹配:现代简约 | 装裱方式:有框,https://g-search2.alicdn.com/img/bao/uploaded/i4/i4/3372447469/O1CN01YdOIbK252rCpAlO8p_!!3372447469.jpg,//item.taobao.com/item.htm?id=928113494934&ns=1&abbucket=10&xxc=taobaoSearch&mi_id=0000TA_X1DpU_cBXXJIYR6NPwGRu2Z_RY278BOa6WLBMYMY&skuId=5586584372905
966391642562,2026新款暴力熊积木熊kaws周边原宿双肩包男女学生旅行包学生大容,88.4,¥,,tb968656449,花好月圆婚域,,0人付款,广东 汕尾,包邮,适用性别:女子 | 运动户外项目:溯溪 | 产地:越南,https://g-search3.alicdn.com/img/bao/uploaded/i4/i1/2212900770470/O1CN01e1FmDV1FLJGxd3M3L_!!2212900770470.jpg,//item.taobao.com/item.htm?id=966391642562&ns=1&abbucket=10&xxc=taobaoSearch&mi_id=0000fEhfCSQfwwQRkjJu7aD86tCsTkuIyFE2ebTMIj56oEE&skuId=6195646795928
930627121174,暴力熊客厅装饰画2025新款沙发背景挂画kaws轻奢高级感三联壁灯画,117,¥,券后价,考迪莱旗舰店,考迪莱旗舰店,,2人付款,河南 安阳,"超级立减10%, 店铺满158减5, 退货宝, 上门安装, 包邮",图案主题:卡通动漫 | 适用空间:客厅 | 风格匹配:现代简约 | 装裱方式:有框 | 材质:木 | 画框材质:塑料 | 画芯材质:水晶膜,https://g-search3.alicdn.com/img/bao/uploaded/i4/i3/2219384375779/O1CN01WDPS9H1sYpvntP5OR_!!4611686018427382243-0-item_pic.jpg,//detail.tmall.com/item.htm?id=930627121174&ns=1&abbucket=10&xxc=taobaoSearch&mi_id=0000VywoS3duQjzBAOf8JmaWJZ4lKO5Do3eB6HCagsKMglw&skuId=5982687599414
947754851023,KAWS联名款男女装情侣款(夏)PEACE FOR ALL短袖T恤457869日本限定,88,¥,,小镇大型工厂,沫沫的潮奢,,0人付款,浙江 杭州,"退货宝, 包邮",版型分类:宽松型 | 适用体型:通用型 | 面料:纯棉 | 图案:卡通动漫 | 适用性别:男士 | 适用人群:青少年,https://g-search2.alicdn.com/img/bao/uploaded/i4/i2/2212324788614/O1CN01w3LhOJ2DVGmV7tH7l_!!2212324788614.png,//item.taobao.com/item.htm?id=947754851023&ns=1&abbucket=10&xxc=taobaoSearch&mi_id=00006anyVstIjrpUibyu8TKB3RkgOeesh9CKA3SQkZK2oJA&skuId=6026282607921
1017031699242,kaws入户玄关装饰画潮牌暴力熊挂画客厅轻奢大气走廊过道网红壁画,156,¥,,林间小确幸,屿间画装饰画,,0人付款,北京,包邮,图案主题:卡通动漫 | 风格匹配:现代简约,https://g-search3.alicdn.com/img/bao/uploaded/i4/i3/2271029172/O1CN01KeUzrp2HcppufrDcP_!!4611686018427381684-0-item_pic.jpg,//item.taobao.com/item.htm?id=1017031699242&ns=1&abbucket=10&xxc=taobaoSearch&mi_id=0000ZtRBxHfd3ONLMTvX_BiDfogfBm80UlNJ9FueJ4fzXCA&skuId=6026690092470
738954430221,潮牌主理人老佛爷村上隆藤原浩KAWS设计师潮玩雕塑潮流手办创意礼,135,¥,,tb3566848302,Pop潮玩,,3人付款,广东 深圳,包邮,出售状态:现货 | 适用年龄:8周岁以上 | 款式:静态,https://g-search2.alicdn.com/img/bao/uploaded/i4/i1/2211325906227/O1CN014tZzCL1vs1B7y7eRR_!!2211325906227.jpg,//item.taobao.com/item.htm?id=738954430221&ns=1&abbucket=10&xxc=taobaoSearch&mi_id=0000SPPz2Mlt9io30Z0nbR9ldWkw5pbGhe_ryScsHQp9_qA&skuId=5100489841772
1020908804470,暴力熊客厅三联装饰画轻奢高级感墙画沙发背景墙挂画KAWS潮牌壁画,154.8,¥,券后价,雅集迪印象,雅集迪印象的小店98,,1人看过,河南 郑州,"官方立减15%, 包邮",图案主题:卡通动漫 | 风格匹配:现代简约,https://g-search3.alicdn.com/img/bao/uploaded/i4/i2/2221009900092/O1CN01kDkA6r1CYBYLKj7Oq_!!4611686018427384380-0-item_pic.jpg,//item.taobao.com/item.htm?id=1020908804470&ns=1&abbucket=10&xxc=taobaoSearch&mi_id=0000oVuPs1wZ6fedxE_HGYGjcMnhWWW1XFRP2tEgRwVdXqw&skuId=6030652325823
830565010192,12cm坐姿车饰潮流公仔摆件玩偶潮流潮牌sz-sujiao-kaws摆件 公仔,42,¥,,lk39117100,Zo zo潮玩店,,3人付款,江西 吉安,"退货宝, 包邮",,https://g-search3.alicdn.com/img/bao/uploaded/i4/i3/3613510326/O1CN01sthqUT1EHM6cMelGM_!!3613510326.jpg,//item.taobao.com/item.htm?id=830565010192&ns=1&abbucket=10&xxc=taobaoSearch&mi_id=0000sEX8r7ooBKQIYgy3vEfSWPBFEvKQ2OdjmKc_DdeMUwo&skuId=6079600610920
964726756316,优衣库男女装亲子UT KAWS + Warhol印花短袖T恤圆领476351 UNIQLO,99,¥,券后价,ff飞虎,妮妮优家代购,,2人付款,广东 佛山,,材质成分:棉100% | 版型分类:标准 | 面料:棉 | 图案:卡通动漫 | 适用性别:男女通用 | 适用人群:青年,https://g-search1.alicdn.com/img/bao/uploaded/i4/i4/325866118/O1CN01gnrWoM1v46B9A4FRn_!!325866118.jpg,//item.taobao.com/item.htm?id=964726756316&ns=1&abbucket=10&xxc=taobaoSearch&mi_id=0000kKu5vvwlMQ31Q3KpM3zE5WUEg9j0xCHiYIvbYrGSlkM&skuId=5772347340368
665753637986,新款KAWS芝麻街挂布网红潮牌背景布出租房宿舍客厅床头改造装饰布,3.9,¥,券后价,除了纹身谁陪你一辈子,梵西家纺,,1人付款,浙江 金华,"官方立减12%, 淘金币已抵0.38元, 退货宝, 包邮, 公益宝贝",图案:几何图案 | 材质:毛绒 | 风格:北欧 | 挂毯形状:长方形 | 挂毯售卖方式:成品 | 产地:中国大陆 | 挂毯清洗方式:可手洗,https://g-search2.alicdn.com/img/bao/uploaded/i4/i1/2651244457/O1CN01PebEJ41inLzt25Bdp_!!2651244457.jpg,//item.taobao.com/item.htm?id=665753637986&ns=1&abbucket=10&xxc=taobaoSearch&mi_id=00000zosHxGfWxF-irJPDuHCRSkZeP6Z09o8uX7Lac5Tt68&skuId=4800669893369
756036956855,kaws挂画客厅装饰画简约高级感三联壁画潮牌沙发背景墙挂画暴力熊,266,¥,券后价,澜聪旗舰店,澜聪旗舰店,,0人付款,河南 郑州,"店铺满130减40, 退货宝, 包邮",图案主题:卡通动漫 | 适用空间:客厅 | 风格匹配:现代简约 | 装裱方式:有框 | 材质:铝合金 | 画芯材质:布纹膜,https://g-search3.alicdn.com/img/bao/uploaded/i4/i4/2211371618526/O1CN01mzSWYq2CqxlSynXhv_!!0-item_pic.jpg,//detail.tmall.com/item.htm?id=756036956855&ns=1&abbucket=10&xxc=taobaoSearch&mi_id=0000shFdi1RrG6bPIX3GRsv0uqI3rmGj8bk9f3IIODFtpPU&skuId=5216321753121
987356624301,潮牌kaws暴力熊玄关装饰画电子屏时钟月球挂钟led灯发光餐厅挂画,397,¥,券后价,全成家居行,梓聿精雕画廊,,4人付款,江西 赣州,"官方立减12%, 店铺满60减10, 淘金币已抵5.95元, 退货宝, 包邮",图案主题:卡通动漫 | 适用空间:客厅 | 风格匹配:现代简约 | 画芯材质:相纸+钢化膜,https://g-search1.alicdn.com/img/bao/uploaded/i4/i2/2211247783580/O1CN01oYlmyJ1cJh0qyGj8I_!!2211247783580.jpg,//item.taobao.com/item.htm?id=987356624301&ns=1&abbucket=10&xxc=taobaoSearch&mi_id=00008fkjUHPn4cuXEZBCZ-YN8ZZQFx9VgVoTRwMpU-w6L2E&skuId=5948861788173
1007612066566,暴力熊主题生日kaws布置芝麻街1岁3十周岁拍照气球装饰kt板背景墙,37.05,¥,券后价,喜佳喜装饰,喜佳喜装饰,,0人付款,北京,官方立减12%,,https://g-search3.alicdn.com/img/bao/uploaded/i4/i3/2220326924195/O1CN0159BE4y1grMbvC2knZ_!!2220326924195.jpg,//item.taobao.com/item.htm?id=1007612066566&ns=1&abbucket=10&xxc=taobaoSearch&mi_id=0000VboDMRwOW0xPJmUKwNgUpck1QZe6iGI1PmiVwi42tkw&skuId=6005169716239
895443035399,ins汽车摆件KAWS考斯X眼网红潮流公仔摇头AJ个性车载车内装饰用品,46.38,¥,,tb3388754584,福财坊,,6人付款,广东 广州,"新品, 退货宝, 包邮",,https://g-search1.alicdn.com/img/bao/uploaded/i4/i3/2219076076442/O1CN01xewpJU1xSUUj2M9Lh_!!2219076076442.jpg,//item.taobao.com/item.htm?id=895443035399&ns=1&abbucket=10&xxc=taobaoSearch&mi_id=0000zn6x_0ainZsohbs3ztEx2E-81qfOEzKx1iYDOx8AZrA&skuId=5746865904673
963686222942,潮流暴力熊客厅装饰画画kaws汽车主题电竞房间挂画画沙发背景墙三,110,¥,券后价,温品旗舰店,温品旗舰店,,0人付款,浙江 金华,"官方立减12%, 上门安装, 包邮",画芯材质:油画布 | 图案主题:卡通动漫 | 适用空间:客厅 | 装裱方式:无框,https://g-search3.alicdn.com/img/bao/uploaded/i4/i4/2214400572577/O1CN019eAO7D1UuJmWOFsSv_!!4611686018427387041-0-item_pic.jpg,//detail.tmall.com/item.htm?id=963686222942&ns=1&abbucket=10&xxc=taobaoSearch&mi_id=0000hq-3yq6DnjAsr8H4CKkxVTwCRNlwx1W17ZDGTY8-vMk&skuId=6189818655772
1019134425769,客厅沙发背景墙装饰画kaws轻奢创意三联画潮牌暴力熊电竞圆形挂画,356.4,¥,券后价,时广急豪苗,素绘集装饰画,,0人付款,河南 郑州,"官方立减15%, 淘金币已抵1.06元, 包邮",图案主题:卡通动漫 | 风格匹配:现代简约,https://g-search2.alicdn.com/img/bao/uploaded/i4/i4/2221377976088/O1CN01ugwq3R1uqMMyiAppp_!!2221377976088.jpg,//item.taobao.com/item.htm?id=1019134425769&ns=1&abbucket=10&xxc=taobaoSearch&mi_id=0000vf9RvqqxUW-FvSXdvM5Bja1nMKXVtTudkH4weIUywgQ&skuId=6028868021556
989400709758,潮牌坐姿kaws大摆件家居客厅橱窗E装饰芝麻街落地公仔商场开业礼,2613,¥,,tb6483665448,御金收纳仓,,0人付款,浙江 杭州,包邮,,https://g-search3.alicdn.com/img/bao/uploaded/i4/i4/2219553901702/O1CN01goPdXv1zxIP6vCj8G_!!4611686018427385036-0-item_pic.jpg,//item.taobao.com/item.htm?id=989400709758&ns=1&abbucket=10&xxc=taobaoSearch&mi_id=0000-P_WxeBws1peJI9nz4Rr4y3JbP576_egVAs-9MXrZ_M&skuId=6031283400293
992589196345,莆田aj1黑白熊猫男女款情侣厚底休闲dunk白灰经典复古运动板鞋潮,368,¥,券后价,轶芝运动户外旗舰店,轶芝运动户外旗舰店,,100+人付款,福建 泉州,"官方立减12%, 退货宝, 包邮",功能:防滑 | 鞋底材质:橡胶 | 鞋底厚度(cm):3cm | 材质工艺:橡胶鞋底 | 帮面材质:皮革 | 鞋帮高度:低帮 | 风格:休闲风 | 适用场景:休闲 | 适用人群:男女通用,https://g-search3.alicdn.com/img/bao/uploaded/i4/i3/2219771371994/O1CN01v74wFZ1QbIrDaKkrh_!!4611686018427380186-0-item_pic.jpg,//detail.tmall.com/item.htm?id=992589196345&ns=1&abbucket=10&xxc=taobaoSearch&mi_id=0000leWCf61-k5kDb1pd07n8AA637s0tAakHUg0NlAZsthY&skuId=6128136594158
717322020555,F1赛道地毯纽北客厅卧室电竞房工业风赛车模拟器摩托机车防滑地垫,68,¥,首单价,tb201662412,小白马工作室,5年老店,300+人付款,天津,"官方立减12%, 直降2元, 包邮, 公益宝贝",可定制性:支持定制 | 适用空间:阳台 | 形状:矩形 | 风格:欧式 | 表面材质:圈绒,https://gw.alicdn.com/imgextra/O1CN01aQXb2r1c0SNjQUNFe_!!3435363538-0-picasso.jpg,//item.taobao.com/item.htm?id=717322020555&ns=1&abbucket=10&xxc=taobaoSearch&mi_id=0000J06xFmwhDihXmz4llB_Kw6z50j4PL8p-ggSPiC7KPD8&skuId=5177957122754
599834384660,Kaws潮牌霸气 痛车贴车身两侧芝麻街动漫装饰汽车贴纸划痕 遮挡,68,¥,首单价,luoyangbo_0923,叁禾潮牌车品定制店,7年老店,63人付款,江西 南昌,"官方立减12%, 直降2元, 店铺满58减5, 淘金币已抵0.6元, 退货宝, 包邮, 公益宝贝",贴膜类型:车身贴 | 材质:胶贴 | 服务内容:支持订制 | 图案:卡通动漫 | 定制类型:支持定制 | 适用场景:汽车,https://g-search3.alicdn.com/img/bao/uploaded/i4/i3/1768141829/O1CN01CiaAhn1PNj7NE4hnd_!!1768141829.jpg,//item.taobao.com/item.htm?id=599834384660&ns=1&abbucket=10&xxc=taobaoSearch&mi_id=0000TL8XX8Wq0RBhWaKjGFG8vEmQ6cTITx3-lsTXujAhjLY&skuId=4751721997627
722356874459,24号内增高鞋子百搭真皮星星鞋鲨鱼黑牙kaws拼接倒星联名休闲板鞋,548,¥,券后价,tb7478127939,猿人定制明星商店,,0人付款,广东 中山,"官方立减12%, 淘金币已抵9.16元, 退货宝, 包邮, 公益宝贝",款式:运动休闲鞋 | 风格:休闲风 | 适用性别:男女通用 | 功能:增高 | 品牌:BAZPESIA,https://g-search3.alicdn.com/img/bao/uploaded/i4/i1/2215847752372/O1CN01u5Cpd01TOQKdbmQmy_!!2215847752372.png,//item.taobao.com/item.htm?id=722356874459&ns=1&abbucket=10&xxc=taobaoSearch&mi_id=0000ieaZgUla1xOsag6ABkgDbJQAf1l3naqQxem-q6o1YAg&skuId=5194589962063
963173394834,aj4男鞋大巴黎新恐惧黑白奥利奥黑猫黑红KAWS联名运动休闲鞋秋冬,288,¥,,tb3341509077,潮客高端严选a,,0人付款,福建 莆田,包邮,,https://g-search3.alicdn.com/img/bao/uploaded/i4/i3/2218381973181/O1CN01hJntSG1ZMwteIPfVu_!!2218381973181.jpg,//item.taobao.com/item.htm?id=963173394834&ns=1&abbucket=10&xxc=taobaoSearch&mi_id=00000kOcNiQuuv0RLhEpqV86szs3tMsLGF2wMWGJ4ny0Nc8&skuId=6035857299609
827597955901,〔 PLUS NO LOGO 〕纯棉软糯舒适保暖收口打底长袖T恤小领口,58.88,¥,,tb671513247,NO LOGO PLUS,回头客2万,1万+人付款,广东 东莞,"24小时内发, 包邮, 公益宝贝",材质成分:棉100% | 版型分类:宽松型 | 适用体型:直筒型 | 面料:纯棉 | 图案:纯色 | 适用性别:男士 | 适用人群:青年,https://g-search2.alicdn.com/img/bao/uploaded/i4/i1/2207875171087/O1CN01pTspYG1JttVUTR0uN_!!2207875171087.jpg,//item.taobao.com/item.htm?id=827597955901&ns=1&abbucket=10&xxc=taobaoSearch&mi_id=0000RyzKZL3sOl7YYO6sV7Lt1ctvNKLwqckD6jx8c2SCrEg&skuId=5722726350872
739743707669,aj4电母黄高帮篮球板鞋aj3男鞋实战乔4莆田秋冬季纯原气垫鞋运动,228,¥,券后价,laidian520,柠檬潮鞋,11年老店,300+人付款,广东 广州,"官方立减12%,  3期, 退货宝, 48小时内发, 包邮",风格:青春潮流 | 鞋面材质:超纤皮 | 鞋跟高:平跟 | 款式:板鞋 | 鞋头款式:圆头 | 季节:夏季 | 功能:耐磨 | 适用对象:青年,https://g-search2.alicdn.com/img/bao/uploaded/i4/i1/37447745/O1CN017xBkI3275GPHPBJUj_!!37447745.jpg,//item.taobao.com/item.htm?id=739743707669&ns=1&abbucket=10&xxc=taobaoSearch&mi_id=000094dVw8tItAIqEvVb8zkmXkD-XVz4wl6VWFeeowLhF_c&skuId=5100150012149
986236634311,潮牌kaws汽车遮雪挡个性冬天前挡玻璃防霜冻防结冰保护罩装饰男士,98,¥,,tb1227132154,头文字D优选车品,5年老店,0人付款,上海,"退货宝, 包邮",,https://g-search3.alicdn.com/img/bao/uploaded/i4/i2/2208011882792/O1CN01GbNtgw1WUmufC2AhI_!!2208011882792.jpg,//item.taobao.com/item.htm?id=986236634311&ns=1&abbucket=10&xxc=taobaoSearch&mi_id=00002DmG2GVR6rT_NDhROMVfkFLslFGOyjclzkBLthK68Og&skuId=5950641733363
1001514695371,kaws潮流装饰墙贴纸自粘贴画服装店壁画防水装饰芝麻街超大墙纸,15.81,¥,券后价,吕贺威个性定制旗舰店,吕贺威个性定制旗舰店,,0人付款,广东 清远,"官方立减12%, 店铺满5减1, 包邮",附加服务:发黄包退 | 附加服务:免费排版 | 附加服务:免费设计 | 附加服务:不满意重做 | 附加服务:1张包邮 | 附加服务:1张起订 | 附加服务:可开发票 | 适用场景:通用 | 风格:风格 | 题材:人物 | 题材:风景 | 题材:项目 | 题材:植物 | 题材:标识语 | 题材:动漫 | 题材:明星爱豆 | 题材:写真 | 题材:墙贴装饰 | 题材:宠物 | 题材:通用 | 题材:整蛊 | 题材:榜单 | 题材:抽象 | 题材:动物 | 题材:启蒙知识 | 海报类型:公益海报 | 海报类型:医疗健康海报 | 海报类型:宝宝海报 | 海报类型:赛事海报 | 海报类型:节日海报 | 海报类型:明星动漫 | 海报类型:教育培训海报 | 海报类型:金融理财海报 | 海报类型:科技海报 | 海报类型:教育海报 | 海报类型:摆摊海报 | 海报类型:车贴 | 海报类型:餐饮海报 | 海报类型:旅游海报 | 海报类型:品牌宣传海报 | 海报类型:年会海报 | 海报类型:促销海报 | 海报类型:商场海报 | 海报类型:趣味海报 | 海报类型:产品推广海报 | 海报类型:粉丝应援 | 海报类型:门牌标识 | 海报类型:展会海报 | 海报类型:发布会海报 | 海报类型:晴雨表 | 海报类型:搞怪海报 | 海报类型:婚纱 | 海报类型:会议海报 | 海报类型:销售榜单 | 海报类型:汽车海报 | 海报类型:招聘海报 | 海报类型:广告招商海报 | 海报类型:婚庆海报 | 海报类型:墙面装饰 | 海报类型:迎宾海报 | 海报类型:标识牌 | 海报类型:生日海报 | 海报类型:项目海报 | 海报类型:对联 | 海报类型:整蛊海报 | 海报类型:房地产海报 | 海报类型:演出海报 | 海报类型:宿舍墙贴 | 海报类型:通用 | 海报类型:个人写真 | 海报类型:活动宣传海报 | 海报类型:电影海报 | 海报类型:文化海报 | 海报类型:商业海报 | 海报类型:公示栏 | 海报类型:艺术海报 | 海报类型:进度表,https://g-search3.alicdn.com/img/bao/uploaded/i4/i1/2219785792067/O1CN01URmjOa1R8jjO0pNnc_!!4611686018427382339-0-item_pic.jpg,//detail.tmall.com/item.htm?id=1001514695371&ns=1&abbucket=10&xxc=taobaoSearch&mi_id=0000siilHAREUoJmmlK6tCwg-BmoylmLHsv531JXv-2S_DQ&skuId=5993005837125
926353013893,马年新款小马元宝刺绣加厚短袖男士2026秋冬潮牌圆领T恤潮流百搭,85,¥,券后价,rich男,rich潮男工作室,,85人付款,湖北 武汉,"超级立减10%,  3期, 淘金币已抵2.55元, 退货宝, 包邮, 公益宝贝",版型分类:宽松型 | 适用体型:通用型 | 面料:棉 | 适用性别:男士,https://g-search3.alicdn.com/img/bao/uploaded/i4/i3/2212919985649/O1CN017cuOka1rbIUg4E0Zu_!!2212919985649.jpg,//item.taobao.com/item.htm?id=926353013893&ns=1&abbucket=10&xxc=taobaoSearch&mi_id=00002wApmyvf4d_hcjLV52CaG-QSWy6rFRI1jT4ZhpBukk8&skuId=6017625564845
966274482802,拼装积木kaws公仔超大型客厅摆件成年高难度暴力熊潮牌芝麻街玩具,208,¥,,朱梓咏,澄海宝奥城,14年老店,0人付款,广东 佛山,"24小时内发, 包邮, 公益宝贝",适用年龄:14岁以上 | 玩具类型:拼装积木,https://g-search1.alicdn.com/img/bao/uploaded/i4/i2/747703636/O1CN01qLhPxP1cjKoybNDeP_!!747703636.jpg,//item.taobao.com/item.htm?id=966274482802&ns=1&abbucket=10&xxc=taobaoSearch&mi_id=0000xq0XXUqX5LfSq1lBEpR_Mssvin6389378jFeo5JI1cU&skuId=4761869128926
921981891051,〔 PLUS NO LOGO 〕25AW 索罗娜细腻珠地miu系蓝格纹polo长袖,58.88,¥,,tb671513247,NO LOGO PLUS,回头客2万,7000+人付款,广东 东莞,"24小时内发, 包邮, 公益宝贝",面料:棉 | 版型分类:宽松 | 适用性别:男 | 领型设计:翻领 | 适用场景:日常 | 品牌:PLUS NO LOGO,https://g-search1.alicdn.com/img/bao/uploaded/i4/i3/2207875171087/O1CN01AxnrM91JttbRHTEpI_!!2207875171087.jpg,//item.taobao.com/item.htm?id=921981891051&ns=1&abbucket=10&xxc=taobaoSearch&mi_id=0000CKBhCkGcxrbQOetYCCrVhHj9o6bhwjsiL4j3WhmnJV4&skuId=5892015064084
670673286367,网红Kaws熊积木熊克莱因蓝大摆件客厅电视柜旁边落地公仔软装雕塑,2576,¥,券后价,tb6272760493,星阁空间,,13人付款,广东 深圳,"官方立减12%, 退货宝, 包邮, 公益宝贝",表面工艺:纯手工 | 主体材质:卡通 | 摆放方式:落地,https://g-search2.alicdn.com/img/bao/uploaded/i4/i4/2210996406987/O1CN01MmAqB921U6QkL3aVY_!!2210996406987.jpg,//item.taobao.com/item.htm?id=670673286367&ns=1&abbucket=10&xxc=taobaoSearch&mi_id=0000BgZ-JZJR6alBaJp-NAGQoomCE4fD-u8zN2dvfpdS9S0&skuId=5430951309128
,,,,,,,,,,,,,
1000247325934,马年泡泡玛特星星人踏福四季通用耐磨防滑加厚地垫免洗可擦丝圈垫,24.9,¥,券后价,tb0603004250,isLand岛原工场,,100+人付款,天津,"超级立减10%, 退货宝, 48小时内发, 包邮",防滑等级:A级 | 可定制性:支持定制 | 材质:PVC | 图案:卡通动漫 | 风格:简约 | 形状:长方形 | 清洗方式:可手洗 | 适用场景:玄关 | 功能:除尘,https://g-search3.alicdn.com/img/bao/uploaded/i4/i4/2217651893508/O1CN01XRe6gC1bmiVRYoljR_!!2217651893508.jpg,//item.taobao.com/item.htm?id=1000247325934&ns=1&abbucket=10&xxc=taobaoSearch&mi_id=0000bCyR2k0y-g-06G8gU27_DxECKYse_Bfutd1dCq8zARw&skuId=6023442041115
612581761448,入户门地垫进门垫门口耐脏丝圈脚垫可剪裁地毯免洗防滑家用入门垫,33.2,¥,券后价,欣艺地毯旗舰店,欣艺地毯旗舰店,9年老店,5000+人付款,天津,"官方立减12%, 退货宝, 包邮",防滑等级:A级 | 可定制性:支持定制 | 材质:PVC | 图案:卡通动漫 | 风格:简约 | 形状:矩形 | 清洗方式:免洗 | 适用场景:门厅 | 功能:耐磨,https://g-search1.alicdn.com/img/bao/uploaded/i4/i3/2933502061/O1CN01EptIru1R5yw57OuxZ_!!0-item_pic.jpg,//detail.tmall.com/item.htm?id=612581761448&ns=1&abbucket=10&xxc=taobaoSearch&mi_id=0000jkzAdv9M7Og6P3CK_S5YcvU6aXmty8vnHyHAmlEtNoU&skuId=4598198854967
818209016980,潮牌适用AirPods耳机壳kaws苹果耳机保护套一体式AirPods4芝麻街airpodspro2耳机套二代无线皮质软壳四代新款,38.8,¥,券后价,诺亚小帅,新北数码大亨,8年老店,9人付款,广东 深圳,"官方立减12%, 退货宝, 包邮, 公益宝贝",适用耳机品牌:苹果 | 材质:皮革 | 风格:小众 | 工艺技术:磨砂 | 触感:软壳 | 流行元素:卡通图案 | 环保认证:无环保认证,https://g-search2.alicdn.com/img/bao/uploaded/i4/i4/2446461992/O1CN01dU3Lwb1QaNwBNqP3T_!!2446461992.jpg,//item.taobao.com/item.htm?id=818209016980&ns=1&abbucket=10&xxc=taobaoSearch&mi_id=0000IhbvOa3U_E-2n5yx-KjVesMLY2E8nN-5lDf_JOWRCEc&skuId=6149622703579
997791812602,HOTRULES【高定系列】美式复古宽松polo翻领卫衣外套头男女同款,158,¥,,tryco创刻,HOTRULES热规则,7年老店,200+人付款,福建 泉州,"退货宝, 包邮",版型分类:宽松型 | 领型设计:翻领 | 适用性别:男女通用,https://g-search1.alicdn.com/img/bao/uploaded/i4/i1/4106897381/O1CN01GaPLCG24OYTUBNPhY_!!4106897381.jpg,//item.taobao.com/item.htm?id=997791812602&ns=1&abbucket=10&xxc=taobaoSearch&mi_id=0000fJpBKfyA3-J5J2sVpZhFMBVsRXbkGtRweuBANwVczfQ&skuId=6143427835485
957766713593,现代轻奢设计师创意简约网红熊猫KAWS玩偶沙发卧室客厅阳台休闲椅,11570,¥,券后价,曾坤优选商贸,曾坤优选商贸,,0人付款,广东 深圳,"店铺满200减10, 包邮",驱动方式:坐骑式 | 产品类型:AC（交流电）割草机 | 刀片材质:不锈钢 | 燃料类型:柴油 | 控制方式:APP控制,https://g-search3.alicdn.com/img/bao/uploaded/i4/i2/2218834590640/O1CN01lJX0q31GbAbUOOd1q_!!2218834590640.jpg,//item.taobao.com/item.htm?id=957766713593&ns=1&abbucket=10&xxc=taobaoSearch&mi_id=0000jYyV4oSFdPeyAS32bqPVhPHMQ_tKwwthD8tMNZnrzRE&skuId=6029485697526
964346766926,装饰画芯轻奢kaws公仔暴力熊宇航员视觉空间延伸入户玄关图片素材,35.9,¥,,52大妍,好久不见图库,8年老店,1人付款,陕西 西安,包邮,,https://g-search2.alicdn.com/img/bao/uploaded/i4/i2/2154349068/O1CN01GFTfbv2GrCGwGyMpY_!!2154349068.jpg,//item.taobao.com/item.htm?id=964346766926&ns=1&abbucket=10&xxc=taobaoSearch&mi_id=0000QSJQaXQ5pClL2qbvPTmHreiKLJMu57CbqYBffKmW14k&skuId=null
927975528808,海贼王路飞入户丝圈地垫海贼王玄关家用脚垫防滑耐脏进门口地毯子,16.8,¥,券后价,tb943510923,小岛宅猫,,600+人付款,天津,"官方立减12%, 淘金币已抵0.5元, 退货宝, 包邮",材质:PVC | 图案:卡通动漫 | 风格:简约 | 适用场景:玄关,https://g-search2.alicdn.com/img/bao/uploaded/i4/i3/2206676075795/O1CN01vnbAZw1sgACdkYYaF_!!2206676075795.jpg,//item.taobao.com/item.htm?id=927975528808&ns=1&abbucket=10&xxc=taobaoSearch&mi_id=0000B6a7b3WrOPmTeq3Bjb5AUHv1xUSRPQhLopgdPPSUFQM&skuId=5630312133014
820317701000,竖款电表箱装饰画暴力熊挂画网红kaws电闸盒电源开关盒遮挡挂画,46,¥,券后价,北斗星装饰画,北斗星装饰画,,100+人付款,河南 商丘,"店铺满25减20, 30天价保, 包邮, 公益宝贝",图案主题:卡通动漫 | 适用空间:通用 | 风格匹配:现代简约 | 装裱方式:有框 | 是否带框:有框 | 画框材质:PS环保材料 | 画芯材质:水晶膜,https://g-search1.alicdn.com/img/bao/uploaded/i4/i3/2216146208722/O1CN0198eUfM2EIjSfbA1HK_!!2216146208722.jpg,//item.taobao.com/item.htm?id=820317701000&ns=1&abbucket=10&xxc=taobaoSearch&mi_id=0000wZ8Px38J0CbGs8iRDPXBD9iIj1WTl5gJV5YRD68ztI4&skuId=5693551430085
815283343701,车顶小丑希斯莱杰车尾部坐姿汽车摆件挂件车载车外装饰公仔玩偶24,119,¥,首单价,刘大神1789,繁星车饰,6年老店,400+人付款,广东 惠州,"官方立减12%, 直降3元,  3期, 淘金币已抵2.49元, 退货宝, 包邮",,https://g-search2.alicdn.com/img/bao/uploaded/i4/i4/2355614070/O1CN01Ogw5Nm1fw6yO3cgjd_!!2355614070.jpg,//item.taobao.com/item.htm?id=815283343701&ns=1&abbucket=10&xxc=taobaoSearch&mi_id=0000vmhSle1vWjd_irKUts3TDYkvYzOKKMGH_6p5622Trmg&skuId=5680257382149
962322993523,会说话的汤姆猫鞋子男黑粉滑板鞋2025新款春秋情侣运动休闲潮牌鞋,178,¥,券后价,talkingtom汤姆猫企业店,会说话的汤姆猫鞋类企业店,,23人付款,福建 泉州,"官方立减50元, 退货宝, ifashion, 48小时内发, 包邮",风格:青春潮流 | 鞋面材质:合成革+织物 | 鞋跟高:平跟 | 款式:板鞋 | 鞋头款式:圆头 | 季节:春秋 | 品牌:TALKING TOM/汤姆猫 | 功能:透气 | 适用对象:青年,https://g-search3.alicdn.com/img/bao/uploaded/i4/i4/2216720845106/O1CN01gXN9vR1nabOMXN3i3_!!2216720845106.jpg,//item.taobao.com/item.htm?id=962322993523&ns=1&abbucket=10&xxc=taobaoSearch&mi_id=0000O8iqGLH-D3FrpBdJEnpv2syueEsjBzXa5kYi1NOAadM&skuId=5895766956345
963656634474,冬季帆布鞋男款板鞋休闲百搭潮鞋米奇大头联名脏脏乞丐设计感小众,169,¥,券后价,润凡旗舰店,润凡旗舰店,11年老店,4人付款,福建 泉州,"官方立减12%, 包邮",鞋帮高度:低帮 | 鞋面材质:帆布 | 闭合方式:系带 | 图案:拼色 | 功能:增高 | 品牌:RunVan/润凡,https://g-search3.alicdn.com/img/bao/uploaded/i4/i1/2081279623/O1CN01Wspanc2KxOKAxHwqL_!!0-item_pic.jpg,//detail.tmall.com/item.htm?id=963656634474&ns=1&abbucket=10&xxc=taobaoSearch&mi_id=0000XHkVK0G32BGVrGk_Ero0sWj1urggd9IQu283rW4G9VU&skuId=5920745496896
989370559139,The North Face x KAWS拼接抓绒长裤 s码,999,¥,,li82786661,水水浠,17年老店,0人付款,湖北 武汉,,性别:男女通用 | 款式:收脚 | 品牌:THE NORTH FACE/北面,https://g-search2.alicdn.com/img/bao/uploaded/i4/i1/21071234/O1CN019RbKaa1KzDqWfBGvj_!!21071234.jpg,//item.taobao.com/item.htm?id=989370559139&ns=1&abbucket=10&xxc=taobaoSearch&mi_id=0000mJnxKDEsc54_0GXGLzZY3cCTeUxBG76E3QsF9AdpqfI&skuId=null
889832092037,ins网红房间地毯客厅潮牌kaws地毯sup卧室床边潮流地垫个性衣帽间,29.9,¥,券后价,小桥流水8983,荣华家居地毯设计馆,6年老店,0人付款,天津,"官方立减12%, 包邮",清洗类型:可机洗 | 适用空间:卧室 | 形状:长方形 | 风格:卡通,https://g-search1.alicdn.com/img/bao/uploaded/i4/i2/2206483414935/O1CN01ufNTAm1mKHCN3yIdL_!!2206483414935.jpg,//item.taobao.com/item.htm?id=889832092037&ns=1&abbucket=10&xxc=taobaoSearch&mi_id=00004eOpLDiN60A-1yawr9ijvRP-mq90nKUZYxbY322sAso&skuId=5733585400766
962084991151,蜡笔小新网红小白鞋情侣空军厚底板鞋春季2026新款运动鞋休闲潮鞋,208,¥,券后价,zhengchuanbang,搬商场潮鞋的红蚂蚁,,37人付款,福建 泉州,"官方立减12%, ifashion, 48小时内发, 包邮",风格:青春潮流 | 鞋面材质:合成革 | 鞋跟高:低跟(小于3cm) | 款式:板鞋 | 鞋头款式:圆头 | 季节:冬季 | 品牌:CRAYON SHINCHAN/蜡笔小新 | 功能:耐磨 | 适用对象:青年,https://g-search1.alicdn.com/img/bao/uploaded/i4/i4/1845642996/O1CN01wqHXeZ1Y0DjV3U8Tz_!!1845642996.jpg,//item.taobao.com/item.htm?id=962084991151&ns=1&abbucket=10&xxc=taobaoSearch&mi_id=000060DVm19APa3Ri-njMM244_c3aYJpvU7v9N4TN-lVkFg&skuId=6022906937582
956270818899,蔚来nomi帽子小恶魔/焕新版恶魔汽车内饰摆件Et5tEt7Es6Es8Et5Ec6,168,¥,券后价,tb241773771216,蔚来 Nomi 配饰,,200+人付款,浙江 温州,包邮,,https://g-search3.alicdn.com/img/bao/uploaded/i4/i1/2219660428548/O1CN01DzPFEi2D12efxdx4w_!!2219660428548.jpg,//item.taobao.com/item.htm?id=956270818899&ns=1&abbucket=10&xxc=taobaoSearch&mi_id=0000oOryHALTSY9n0dEagYi5OOXIkEHL4RQpEUze7TpPA0U&skuId=6047967742024
775627640485,MRA沙色米奇德比鞋男春秋圆头复古工装鞋休闲皮鞋反绒厚底大头鞋,339,¥,券后价,mra旗舰店,mra旗舰店,回头客9万,2000+人付款,上海,"官方立减12%, 包邮",款式:休闲皮鞋 | 风格:青春潮流 | 鞋跟高:中跟(3-5cm) | 鞋底材质:橡胶 | 鞋头款式:圆头 | 品牌:Mr.A | 功能:耐磨 | 适用对象:青年,https://gw.alicdn.com/imgextra/O1CN01UtfEl61Lt6BbQV7K6_!!2023351356-0-picasso.jpg,//detail.tmall.com/item.htm?id=775627640485&ns=1&abbucket=10&xxc=taobaoSearch&mi_id=0000GMld7vHiFk5jAxuSewwXE7g3Zy0qkt9aNtcrNw1Of3Q&skuId=5303155880749
1018231830386,KAWS玄关装饰画现代简约走廊过道挂画暴力熊潮牌时尚涂鸦公仔壁画,84,¥,券后价,蓝敏家居旗舰店,蓝敏家居旗舰店,,0人付款,广东 广州,"官方立减12%, 店铺满50减2, 包邮",材质:水晶 | 图案主题:卡通动漫 | 适用空间:客厅 | 装裱方式:有框 | 画芯材质:布纹膜,https://g-search3.alicdn.com/img/bao/uploaded/i4/i3/O1CN01R3yjTT1WkMOWwNYev_!!4611686018427383722-0-item_pic.jpg,//detail.tmall.com/item.htm?id=1018231830386&ns=1&abbucket=10&xxc=taobaoSearch&mi_id=0000TbCrx8Rkv6tTZXoY6Y3r9zJyS2ub7n6TwUItAChZfuQ&skuId=6028821233501
890092267187,卫生间装饰画kaws潮牌厕所浴室洗手间墙面挂画轻奢创意防水壁画,36,¥,券后价,设计师装饰画,设计师装饰画,回头客1万,9人付款,河南 商丘,"店铺满98减5, 淘金币已抵0.54元, 退货宝, 极有家, 包邮",图案主题:卡通动漫 | 适用空间:卫生间 | 风格匹配:现代简约 | 装裱方式:有框 | 画芯材质:布纹膜,https://g-search3.alicdn.com/img/bao/uploaded/i4/i3/3157945738/O1CN015n0FYh1sG3Z6Drh28_!!3157945738.jpg,//item.taobao.com/item.htm?id=890092267187&ns=1&abbucket=10&xxc=taobaoSearch&mi_id=0000QRMbmJetxiRa8yR17RPhWjcv6c7JL87A_tpj9Vh6wrY&skuId=5320376417165
1017253927931,3108新款Kaws成人四轮双翘滑板成人初学者专业滑板,106,¥,,实惠多工厂店1,实惠多工厂店1的小店35,,0人付款,浙江 金华,"店铺满200减10, 退货宝, 包邮",驱动方式:坐骑式 | 产品类型:AC（交流电）割草机 | 刀片材质:不锈钢 | 燃料类型:柴油 | 控制方式:APP控制,https://g-search2.alicdn.com/img/bao/uploaded/i4/i2/2221497944907/O1CN01DW4srP1m7ScEe7Moe_!!2221497944907-0-scmitem176000.jpg,//item.taobao.com/item.htm?id=1017253927931&ns=1&abbucket=10&xxc=taobaoSearch&mi_id=0000j5YO-t2RPGH1_pxbe5R4SossBv-gAupryik3-1rgeYs&skuId=6027115848270
669739496587,kaws潮流艺术装饰画辛普森一家网红客厅落地壁画卡通潮牌卧室挂画,60,¥,券后价,势高旗舰店,势高旗舰店,5年老店,1人付款,河南 商丘,"官方立减12%, 淘金币已抵0.9元, 退货宝, 上门安装, 破损包退, 包邮",画芯材质:油画布 | 图案主题:卡通动漫 | 适用空间:客厅 | 风格匹配:北欧风 | 装裱方式:有框 | 材质:油画布,https://g-search3.alicdn.com/img/bao/uploaded/i4/i4/2209718951068/O1CN01HtKUwo1JlBk1Qclei_!!0-item_pic.jpg,//detail.tmall.com/item.htm?id=669739496587&ns=1&abbucket=10&xxc=taobaoSearch&mi_id=000061qSpidtj832qERlPaIaEo-9YyulEibx6VnZFzlUJlA&skuId=5446598409998
975440645845,现代轻奢客厅沙发背景墙装饰画发光灯画潮流kaws暴力熊卧室床头画,336,¥,券后价,笛升旗舰店,笛升旗舰店,5年老店,0人付款,福建 漳州,"官方立减12%, 店铺满98减10, 淘金币已抵5.04元, 退货宝, 上门安装, 包邮",画芯材质:钢化水晶 | 图案主题:卡通动漫 | 适用空间:电竞酒店 | 风格匹配:轻奢 | 装裱方式:有框 | 材质:铝合金,https://g-search1.alicdn.com/img/bao/uploaded/i4/i4/2208674371389/O1CN017DeioC1M8D6ISPvuS_!!0-item_pic.jpg,//detail.tmall.com/item.htm?id=975440645845&ns=1&abbucket=10&xxc=taobaoSearch&mi_id=0000DA86ucp0k6Oi-P-j6DRNkrMMjLrT_lKmRFVXGEhENSo&skuId=5331681894463
1015099932887,KAWS客厅装饰画现代轻奢卧室潮牌服装店挂画芝麻街潮流Y集装箱壁,167,¥,,楚甜满工厂店05,久零科技店,,0人付款,浙江 杭州,包邮,画芯材质:油画布 | 适用空间:客厅 | 装裱方式:有框,https://g-search3.alicdn.com/img/bao/uploaded/i4/i1/2217066742783/O1CN01DYFBVP1asqBMqAgak_!!4611686018427384906-0-item_pic.jpg,//item.taobao.com/item.htm?id=1015099932887&ns=1&abbucket=10&xxc=taobaoSearch&mi_id=0000ZK53Xl1v42W8DRNK1wTjpheJAIFMzjyDMKjisU5WYJw&skuId=6183735259114
965190240640,空军.一号小麦色高帮男鞋2026新款莆田正品aj运动休闲高帮板鞋潮,218,¥,券后价,敬伊旗舰店,敬伊旗舰店,回头客1万,200+人付款,福建 泉州,"官方立减12%, 包邮",鞋面材质:二层牛皮（除牛反绒） | 鞋底材质:橡胶 | 款式:高帮板鞋 | 季节:春秋 | 跟底款式:厚底 | 风格:青春潮流 | 适用对象:青年（18-40周岁） | 功能:增高,https://g-search3.alicdn.com/img/bao/uploaded/i4/i3/2206804385447/O1CN01oIEBCh1q6mSl79pz5_!!4611686018427387559-0-item_pic.jpg,//detail.tmall.com/item.htm?id=965190240640&ns=1&abbucket=10&xxc=taobaoSearch&mi_id=0000cxw-2Ao0NwkAqRWFRLiL28tBUlwRfifTb2t25UpCoBU&skuId=6111406702903
946594371609,Drew美式复古线条可乐印花重磅短袖T恤男女潮牌宽松休闲情侣上衣,68,¥,券后价,郑琳娜cc,DREW便利店,回头客1万,100+人付款,广东 汕头,"官方立减12%, 淘金币已抵1.59元, 退货宝, 48小时内发, 包邮",材质成分:棉100% | 版型分类:宽松型 | 面料:棉 | 图案:卡通动漫 | 适用人群:青少年,https://g-search1.alicdn.com/img/bao/uploaded/i4/i4/1889488693/O1CN017TJKMM2E5S4LTmhYL_!!1889488693.jpg,//item.taobao.com/item.htm?id=946594371609&ns=1&abbucket=10&xxc=taobaoSearch&mi_id=0000y-xz3nKLFUJ9tEsSwlKM1j646h9PmKeyCoKp1HaZlpI&skuId=6021843642199
623344689369,UNDERCOVER BEAR KAWS COMPANION 遮眼熊 手办公仔 限定 现货,25800,¥,,marylike_2009,潮流玩家Concepttoyshk,16年老店,0人付款,广东 深圳,,,https://g-search3.alicdn.com/img/bao/uploaded/i4/i2/245539431/O1CN01cioXdK2JXRuPDUaL0_!!245539431.jpg,//item.taobao.com/item.htm?id=623344689369&ns=1&abbucket=10&xxc=taobaoSearch&mi_id=0000zDhYouKr6_ohuAcAT2wEZDTDO6-LAlCLpaiOnm8G3ro&skuId=null
961982000000,星球大战暴风兵黑武士kaws暴力熊电影院酒吧装饰落地雕塑大型摆件,1880,¥,券后价,街头艺人工厂店,街头艺人工厂店,,0人付款,福建 泉州,"官方立减12%, 退货宝, 包邮",表面工艺:纯手工 | 主体材质:卡通,https://g-search1.alicdn.com/img/bao/uploaded/i4/i4/2200585279146/O1CN01bcBh5A2HQvByATPKf_!!2200585279146.jpg,//item.taobao.com/item.htm?id=961982000000&ns=1&abbucket=10&xxc=taobaoSearch&mi_id=0000UjykhMlcC3bFFjy5qRKc-Z-m4TikTDBD_ZJOC19KpOA&skuId=4876002684773
1017941440544,LostMyself 烫钻星星撞色复古插肩袖慵懒百搭长袖T恤 男女同款,259,¥,券后价,t_1496488006705_0919,Lost myself线上商店,6年老店,44人付款,浙江 杭州,"官方立减12%,  3期, 淘金币已抵5.18元, ifashion, 包邮",材质成分:棉100% | 版型分类:标准 | 面料:纯棉 | 图案:字母 | 适用性别:男女通用,"https://g-search2.alicdn.com/img/bao/uploaded/i4/i4/2789311228/O1CN01IF6uJY1KwTUO1MTSf~crop,0,126,1500,1500~_!!2789311228.jpg",//item.taobao.com/item.htm?id=1017941440544&ns=1&abbucket=10&xxc=taobaoSearch&mi_id=0000Z7vVRbtwkv0MFKHObfVxZ8leyG3M0N7roywDEP38os8&skuId=6024248572551
890147169609,【现货】Kaws 布莱恩·唐纳利Brian Donnelly 街头涂鸦艺术 考斯设计作品,418,¥,券后价,善本图书专营店,善本图书专营店,回头客1万,2人付款,广东 佛山,"官方立减12%, 店铺满300减5, 退货宝, 包邮",语言:英文 | 页数:256页 | 进口书分类:设计类工具书 | 装帧类型:精装,https://g-search3.alicdn.com/img/bao/uploaded/i4/i3/1108429753/O1CN01jqYIAf2LuvuEjSIp5_!!4611686018427382713-0-item_pic.jpg,//detail.tmall.com/item.htm?id=890147169609&ns=1&abbucket=10&xxc=taobaoSearch&mi_id=00001OgCyx0f4C6EQ9Zi3E1mMXWs0UZqg3XVCShr7gIa14w&skuId=null
799343772620,【限1版】Death NYC官方授权限量亲签版画kaws装饰画草间弥生,1599,¥,券后价,三为家居旗舰店,三为家居旗舰店,5年老店,0人付款,北京,"官方立减12%, 店铺满1288减50, 淘金币已抵15.99元, 退货宝, 包邮",,https://gw.alicdn.com/imgextra/O1CN01m3yaSi1dxMxpXkz1d_!!2209070983802-0-picasso.jpg,//detail.tmall.com/item.htm?id=799343772620&ns=1&abbucket=10&xxc=taobaoSearch&mi_id=0000HAENZzl7u4KjcLbXgIH6IdVlDKMICh0YvqX0jIjsdJ4&skuId=5445132392304
981322877351,Opium YVL风格豹纹撞色印花铆钉连帽拉链卫衣Hoodie 男女同款嘻哈,168,¥,券后价,name阿迟,PLAYSONGS,,84人付款,广东 中山,"官方立减40.16元, 淘金币已抵3.36元, 退货宝, 48小时内发, 包邮",面料:棉布 | 版型分类:宽松型 | 领型设计:连帽 | 是否连帽:是 | 适用性别:男女通用,https://g-search3.alicdn.com/img/bao/uploaded/i4/i1/3575082995/O1CN01RkJSZR1XzlJI34sLJ_!!3575082995.jpg,//item.taobao.com/item.htm?id=981322877351&ns=1&abbucket=10&xxc=taobaoSearch&mi_id=0000BPsCyUrBWzxfpej-_7axD54-FFXUc-qIFk_x4Z3wfCc&skuId=5939667761488
970869472873,【品牌现货撤柜】VISVIM R夹克男秋季大码美式PU皮衣机车加绒外套,408.8,¥,券后价,奥莱潮牌男装总店,VISVIM R潮牌正品店,,600+人付款,福建 泉州,"官方立减12%, 48小时内发, 包邮",适用性别:男 | 面料:PU | 功能:防风 | 适用场景:日常,https://g-search2.alicdn.com/img/bao/uploaded/i4/i4/2217121966195/O1CN01Zmjh4r1vdMjTaugHT_!!2217121966195.jpg,//item.taobao.com/item.htm?id=970869472873&ns=1&abbucket=10&xxc=taobaoSearch&mi_id=0000KMEoo0n_-PhEslNLcbDkIK9f8ih_WT-Pg27DBWWzp8g&skuId=6085119815485
915554818498,“木马”| eeee爱心小马贴布绣长袖T恤情侣装简约风德绒打底衫春,199,¥,券后价,tb945072816,eeeeArtmonster,,18人付款,浙江 杭州,"官方立减12%, ifashion, 包邮",版型分类:标准 | 适用性别:男女通用,https://gw.alicdn.com/imgextra/O1CN01O2lFHH1QyCgCovCcM_!!2212583642044-0-picasso.jpg,//item.taobao.com/item.htm?id=915554818498&ns=1&abbucket=10&xxc=taobaoSearch&mi_id=0000HpCM6WBLFNt2k97I9rjqWhn2neQY1RJdBSKv1_-08X4&skuId=6022865413770
982952557761,WASSUP SAIDD新款假两件长袖上衣翻领卫衣T恤老钱风潮牌秋冬男士,298,¥,,twk旗舰店,twk旗舰店,8年老店,1000+人付款,福建 泉州,"官方立减12%, 退货宝, 包邮",版型分类:宽松型 | 领型设计:翻领 | 是否连帽:否 | 适用性别:男,https://g-search3.alicdn.com/img/bao/uploaded/i4/i4/3171879788/O1CN01Q7FbBX2MAxmjAHUfj_!!4611686018427382636-0-item_pic.jpg,//detail.tmall.com/item.htm?id=982952557761&ns=1&abbucket=10&xxc=taobaoSearch&mi_id=0000LLSmKWcnr35bGo0_yZpmReoGCGf5YdfYyABHNtS57_E&skuId=5943283725587
929685291451,暴力熊装饰画KAWS考斯卫生间浴室背景挂画高级轻奢酒店洗漱台壁画,67,¥,,创生之柱也,创生之柱,,0人付款,河南 郑州,包邮,画芯材质:油画布 | 图案主题:卡通动漫 | 适用空间:卫生间 | 装裱方式:有框,https://g-search3.alicdn.com/img/bao/uploaded/i4/i2/2217550288978/O1CN01KRVbb32GByzlJ1S8G_!!2217550288978.jpg,//item.taobao.com/item.htm?id=929685291451&ns=1&abbucket=10&xxc=taobaoSearch&mi_id=0000G7bpo_iJIRhNnfiU0a4KTDoaGXSZIV3oOZ6xWmu_mqs&skuId=6177983695723
1014238842320,专柜新款Orothy Tiger潮牌2026手绘草莓慵懒风圆领长袖卫衣男女款,699,¥,券后价,orothytiger旗舰店,OrothyTiger旗舰店,,7人付款,福建 泉州,"官方立减12%, 退货宝, 包邮",面料:棉涤 | 版型分类:宽松型 | 领型设计:圆领 | 是否连帽:否 | 材质成分:棉85% | 适用性别:男女通用,https://g-search1.alicdn.com/img/bao/uploaded/i4/i4/2220082814848/O1CN01duutgY1lgRFT53gpf_!!4611686018427387776-0-item_pic.jpg,//detail.tmall.com/item.htm?id=1014238842320&ns=1&abbucket=10&xxc=taobaoSearch&mi_id=0000bR6YkK5rRUUBWiPp83DsH9JRkS-Xmwj7OgFMYMO4rOE&skuId=6019794532173
693521601856,秋冬季TheNorthFace北面KAWS联名男女可配内胆硬壳冲锋衣外套7WLW,3885,¥,券后价,麻雀户外,麻雀户外一商场品牌正品代购,,0人付款,四川 成都,"店铺满1798减50, 24小时内发, 退货宝, 先鉴后发, 包邮, 公益宝贝, 酷动城",休闲衣类别:休闲夹克 | 核心功能:轻便 | 版型:常规型 | 领型:连帽 | 袖长:长袖 | 上市时间:2022年春季 | 适用季节:春季 | 适用对象:通用 | 穿着方式:开衫 | 户外活动类型:露营 | 品牌:THE NORTH FACE/北面,https://g-search1.alicdn.com/img/bao/uploaded/i4/i1/3013352834/O1CN01aQWAde1Wo1FSldGae_!!3013352834.jpg,//item.taobao.com/item.htm?id=693521601856&ns=1&abbucket=10&xxc=taobaoSearch&mi_id=0000N0utiDoBdwdv7csx6JCVRC1yokggx7SS4doeV2i4dnU&skuId=4921742280836
725080676328,kaws客厅玄关装饰画暴力熊乐高玩具轻奢高档玄关背景墙沙发后挂画,256,¥,券后价,英雄城之刃,凡客画廊FankeGallery,9年老店,1人付款,广东 深圳,"官方立减12%, 店铺满100减10, 退货宝, 上门安装, 极有家, 包邮",画芯材质:油画布 | 图案主题:抽象 | 适用空间:客厅 | 风格匹配:现代简约 | 装裱方式:有框,https://g-search3.alicdn.com/img/bao/uploaded/i4/i1/391644919/O1CN01rEKEZm1mCx6EGF9iA_!!391644919.jpg,//item.taobao.com/item.htm?id=725080676328&ns=1&abbucket=10&xxc=taobaoSearch&mi_id=0000m2BI9kXtrt6Qz7BF3Myu7Yz8zKsLMJHaCL5MwqUZrNQ&skuId=5209819107971
955741740140,定制kaws潮牌个性墙装饰挂毯supreme桌布直播背景布沙发巾ins挂布,42,¥,券后价,tb702984815,cymm,,1人付款,江苏 南通,"官方立减12%, 退货宝, 包邮",图案:几何图案 | 材质:混纺 | 风格:卡通 | 挂毯形状:长方形 | 挂毯售卖方式:成品 | 产地:中国大陆 | 挂毯清洗方式:可机洗,https://g-search3.alicdn.com/img/bao/uploaded/i4/i4/4057401155/O1CN01tzr4JA1KP20chbEvS_!!4057401155.jpg,//item.taobao.com/item.htm?id=955741740140&ns=1&abbucket=10&xxc=taobaoSearch&mi_id=0000wCMEgVMbTYr2Wp_nTaJGGGeAMCjSMOOvqNREPMftoXY&skuId=5153414751077
886258373853,Digiway挂画潮牌潮流KAWS清明上河图装饰画客厅房间卧室书房壁画,106,¥,券后价,旭舞旗舰店,旭舞旗舰店,,0人付款,湖南 长沙,"官方立减12%, 店铺满96减5, 退货宝, 上门安装, 包邮",材质:实木 | 图案主题:风景 | 适用空间:客厅 | 风格匹配:新中式 | 装裱方式:有框 | 画芯材质:哑光纸,https://g-search3.alicdn.com/img/bao/uploaded/i4/i3/2217332364110/O1CN01a5UtaS1gEQlxAAywI_!!0-item_pic.jpg,//detail.tmall.com/item.htm?id=886258373853&ns=1&abbucket=10&xxc=taobaoSearch&mi_id=0000vxOpH2h2Lg_qhdpD3RJnRX4-dwcsLe_SdtVhiSVD5k0&skuId=5610494277354
973626478758,Kaws潮牌暴力熊客厅落地画沙发背景墙面壁画玄关装饰画直播间挂画,88,¥,券后价,卿卿如艺旗舰店,卿卿如艺旗舰店,,0人付款,北京,"官方立减12%, 退货宝, 包邮",图案主题:卡通动漫 | 适用空间:客厅 | 装裱方式:有框 | 画芯材质:布纹膜,https://g-search1.alicdn.com/img/bao/uploaded/i4/i1/2212391830591/O1CN017kBwsP1GEj1KrVOiS_!!0-item_pic.jpg,//detail.tmall.com/item.htm?id=973626478758&ns=1&abbucket=10&xxc=taobaoSearch&mi_id=0000MQwQrv4mO6X0qI8TR4BzgQKLNGNwX9F7HLHCvff0o3A&skuId=6195261259686
733429743348,ICAGANG嘻哈kaws吊坠项链满钻锆石金欧美男女款hiphop街头说唱,82,¥,,盛夏的果实苹,盛夏的果实的小店,,1人付款,广东 广州,包邮,,https://g-search3.alicdn.com/img/bao/uploaded/i4/i1/2216263460384/O1CN01LR9mYI1EhuxK6Z4vD_!!2216263460384.jpg,//item.taobao.com/item.htm?id=733429743348&ns=1&abbucket=10&xxc=taobaoSearch&mi_id=0000b_uo2loMb1jQcTHvqFR1dJSM6pi6pO267Dg4VcR5BoA&skuId=5075846261242
841930311126,潮牌kaws芝麻街苹果17promax手机壳新款磁吸适用iphone12/13/14/15/16/Plus/Pro/Max个性防摔磨砂保护套卡通,29.8,¥,券后价,yzw0857,一街数码,,8人付款,广东 深圳,"淘金币已抵0.59元, 包邮",适用手机型号:iPhone 12 | 风格:创意 | 适用手机机型:Apple/苹果 | 是否使用环保材质:无环保材料,https://g-search3.alicdn.com/img/bao/uploaded/i4/i2/1695210634/O1CN011LDayJ1GYQCJAFv4j_!!1695210634.jpg,//item.taobao.com/item.htm?id=841930311126&ns=1&abbucket=10&xxc=taobaoSearch&mi_id=00004cY2RigGhygFwE3cNPcSZpNfbDMC5QmLAU17xt3mJdA&skuId=6094955175875
900030637757,Hypebeast 潮画KAWS BAPE 猿人头联名挂画客厅沙发装饰画玄关壁画,39,¥,券后价,岚文化传媒,星雅画廊,11年老店,0人付款,北京,"官方立减12%, 店铺满100减10, 淘金币已抵0.31元, 退货宝, 包邮, 公益宝贝",画芯材质:油画布 | 图案主题:卡通动漫 | 适用空间:儿童房 | 风格匹配:北欧风 | 装裱方式:有框,https://g-search3.alicdn.com/img/bao/uploaded/i4/i2/2005659457/O1CN01FBvFrf2JjMGsw9AcA_!!2005659457.jpg,//item.taobao.com/item.htm?id=900030637757&ns=1&abbucket=10&xxc=taobaoSearch&mi_id=00001PEHV7pwK27Rg6sXU0OzKEXnCti_xnrS9okdvemdXkc&skuId=4640472325458
958636376136,现代轻奢暴力熊KAWS客厅三联画2+1克莱因蓝装饰画高清素材图片库,4.9,¥,,tb568500_2013,艺美素材店,7年老店,2人付款,广东 深圳,包邮,,https://g-search3.alicdn.com/img/bao/uploaded/i4/i2/1125361001/O1CN01Ki7jQr1JGVOMFgLMt_!!1125361001.jpg,//item.taobao.com/item.htm?id=958636376136&ns=1&abbucket=10&xxc=taobaoSearch&mi_id=0000zKasASYytJPjIbEOX8NYf53SJVzvVVjPsITvlTiuG9M&skuId=null
764063047821,芝麻街太阳花版画 kaws装饰画村上隆版画,199,¥,券后价,tb817672_66,安尼畫廊,,10人付款,浙江 杭州,"官方立减12%, 淘金币已抵5.97元, 退货宝, 极有家, 包邮, 公益宝贝",适用空间:家装 | 风格匹配:潮流 | 装裱方式:有框 | 画芯材质:艺术纸,https://picasso.alicdn.com/imgextra/O1CNA1ibwRxR1XWRxByrUQ3_!!755942931-0-psf.jpg,//item.taobao.com/item.htm?id=764063047821&ns=1&abbucket=10&xxc=taobaoSearch&mi_id=00006qVjqOQUp8m8K0oLnsEGh0qSXPQj2H2vzahuv4038X0&skuId=5260698465033
962682585185,kaws潮牌芝麻街创意自粘门贴整张定制防水洗手间电梯玻璃翻新贴纸,25.5,¥,券后价,tb919816112,晴天Home创意家居,,0人付款,山东 滨州,"官方立减12%, 包邮",材质:PVC | 图案:卡通动漫 | 墙贴样式:平面墙贴 | 风格:北欧风格 | 适用空间:卧室,https://g-search1.alicdn.com/img/bao/uploaded/i4/i2/3822105043/O1CN01ZgNVHD1n7k9KozHA0_!!3822105043.jpg,//item.taobao.com/item.htm?id=962682585185&ns=1&abbucket=10&xxc=taobaoSearch&mi_id=0000wacQyy4M6fMgG_WqObE9liNblNMvkRUYFQbN7GNqjCE&skuId=5077114494586
591563914462,原厂出口订单kaws BFF公仔粉色芝麻街潮玩毛绒公仔潮品礼品,199,¥,券后价,xianghengzhou1,潮集盒 正品散货店,8年老店,2人付款,湖南 长沙,"淘金币已抵3.98元, 包邮, 公益宝贝",,https://g-search3.alicdn.com/img/bao/uploaded/i4/i1/1875684403/O1CN01Hw7zcO1iOcP0FVZpJ_!!1875684403.jpg,//item.taobao.com/item.htm?id=591563914462&ns=1&abbucket=10&xxc=taobaoSearch&mi_id=0000dVdYvck0isaiAdTFDPyHSA6NS7tGEYXfqvbMNGz-31w&skuId=4178228985005
665283864654,现代简约暴力熊入户玄关装饰画kaws潮牌走廊过道挂画卡通客厅壁画,236,¥,券后价,吉鸥旗舰店,吉鸥旗舰店,6年老店,0人付款,广东 深圳,"官方立减12%, 店铺满158减10, 退货宝, 上门安装, 包邮",画框材质:金属 | 画芯材质:油画布 | 图案主题:卡通动漫 | 适用空间:玄关 | 风格匹配:现代简约 | 装裱方式:有框,https://g-search1.alicdn.com/img/bao/uploaded/i4/i2/2206404370882/O1CN011GC7MV1IO08i648rC_!!0-item_pic.jpg,//detail.tmall.com/item.htm?id=665283864654&ns=1&abbucket=10&xxc=taobaoSearch&mi_id=0000G5YOYufKwDPXaO_Mh9FjTLa2nfe0iUz21tKxJxkwjjY&skuId=4968907218831
1015227995605,暴力熊装饰画现代潮流玄关画客厅沙发背景墙kaws挂画卧室床头壁画,108,¥,首单价,光养妍旗舰店,光养妍旗舰店,,1人付款,河南 新乡,"直降3元, 包邮",画芯材质:油画布 | 适用空间:玄关 | 装裱方式:有框 | 材质:棉麻,https://g-search2.alicdn.com/img/bao/uploaded/i4/i2/O1CN011PJB891UtrIAOLGNp_!!4611686018427382672-0-item_pic.jpg,//detail.tmall.com/item.htm?id=1015227995605&ns=1&abbucket=10&xxc=taobaoSearch&mi_id=0000_-u3yYkZhCu4NSVqM-2e3EAD5Q5qXk9nLXCWp_YtfU8&skuId=6023323544914
968564377897,kaws潮牌装饰画暴力熊动漫玄关挂画沙发背景墙画房间落地大画壁画,302.4,¥,券后价,娟好时光收藏铺,娟好时光收藏铺的小店65,,3人看过,河南 郑州,"淘金币已抵2.72元, 包邮",图案主题:静物 | 风格匹配:现代简约,https://g-search3.alicdn.com/img/bao/uploaded/i4/i3/2221017569712/O1CN01E9wIVH2Lc9hni0cjY_!!4611686018427386288-0-item_pic.jpg,//item.taobao.com/item.htm?id=968564377897&ns=1&abbucket=10&xxc=taobaoSearch&mi_id=0000ATWx70BDxWXPuTS8qiPFKL7c_lzWzYcwg5cqK_oBg-Y&skuId=6013485836075
,,,,,,,,,,,,,
1020217904282,kaws轻奢客厅装饰画简约高级感三联壁画暴力熊潮牌沙发背景墙挂画,142.2,¥,券后价,tb518149208493,江图装饰,,1人看过,河南 郑州,"官方立减12%, 包邮",图案主题:卡通动漫 | 风格匹配:现代简约,https://g-search3.alicdn.com/img/bao/uploaded/i4/i3/2221017506519/O1CN01FkxXAz1y1l4EtkwjB_!!4611686018427380439-0-item_pic.jpg,//item.taobao.com/item.htm?id=1020217904282&ns=1&abbucket=10&xxc=taobaoSearch&mi_id=0000LGmPO3ObrIA2DjNgop-YZtxHseS2QZc9cLGI2mlQLog&skuId=6028470596492
758700262883,跑车潮牌kaws床头装饰画暴力熊沙发背景墙挂画卧室男孩儿童房壁画,152,¥,券后价,茜琼旗舰店,茜琼旗舰店,,1人付款,河南 商丘,"官方立减12%, 店铺满50减2, 淘金币已抵2.28元, 退货宝, 包邮",材质:水晶 | 图案主题:卡通动漫 | 适用空间:卧室 | 风格匹配:潮流 | 装裱方式:有框 | 画芯材质:布纹膜,https://g-search3.alicdn.com/img/bao/uploaded/i4/i1/2216656514496/O1CN019OcWeW1j5DcmBlmPc_!!0-item_pic.jpg,//detail.tmall.com/item.htm?id=758700262883&ns=1&abbucket=10&xxc=taobaoSearch&mi_id=0000dAg2H0gcfPD2UBVCSSLisaDjlGDIEOHH4JlLiw4Irgo&skuId=5400234494253
910098545745,潮大爷 中古 Nigo X KAWS X Kanye west 三方联名2006动物园短裤,199,¥,,v细嗅v蔷薇v,yeezybay,8年老店,17人付款,陕西 西安,,裤长:短裤 | 服装版型:宽松 | 适用季节:四季通用 | 适用人群:少年,https://g-search1.alicdn.com/img/bao/uploaded/i4/i1/3264842585/O1CN01AysEPe1UxybURmCXW_!!3264842585.jpg,//item.taobao.com/item.htm?id=910098545745&ns=1&abbucket=10&xxc=taobaoSearch&mi_id=0000Iz66yG5QBJH6Hf8nrk8PTF2xvhiUEQhBredYhYcUSO4&skuId=4879799929958
797752585251,考斯家族 艺术画集 街头艺术 英文原版 KAWS: FAMILY,475,¥,券后价,中图上海图书音像店,中图上海图书音像店,回头客2万,1人付款,上海,"官方立减12%, 店铺满300减60, 淘金币已抵6.65元, 退货宝",装帧类型:精装 | 作者:Jim Shedden | 正文语种:ENG | 进口书分类:启蒙(儿童),https://g-search3.alicdn.com/img/bao/uploaded/i4/i4/737854810/O1CN015IcztZ1lP22FBBW5I_!!0-item_pic.jpg,//detail.tmall.com/item.htm?id=797752585251&ns=1&abbucket=10&xxc=taobaoSearch&mi_id=0000DsgEPMKyZ9WU81kkiakaAL7YtLhfBhOI16Gtb5KjpWo&skuId=null
620144592777,卡通公仔图案布贴衣服裤子小洞补丁贴DIY帆布鞋装饰贴kaws芝麻街,3.8,¥,,盛源花边辅料,饰道绣章,9年老店,1人付款,广东 广州,,图案:卡通动漫 | 产地:中国大陆 | 品牌:shidao/饰道,https://g-search3.alicdn.com/img/bao/uploaded/i4/i2/2684641252/O1CN01aySnzc1L7STp4SIlB_!!2684641252.jpg,//item.taobao.com/item.htm?id=620144592777&ns=1&abbucket=10&xxc=taobaoSearch&mi_id=0000uvBkN83nVmnNOAL-CircQdJDmNVhZhdn5pTmhY8IgxM&skuId=4554963882144
561394967191,车载摆件ins风可爱卡通KAWS网红潮流公仔汽车车内中控高档装饰品,68,¥,券后价,最美天使0000,红新尔工作室,10年老店,0人付款,广东 揭阳,淘金币已抵2.04元,出售状态:现货 | 款式特点:摇头,https://g-search3.alicdn.com/img/bao/uploaded/i4/i3/2138911051/O1CN01VgjmKY1JdOo2k2dHr_!!2138911051.jpg,//item.taobao.com/item.htm?id=561394967191&ns=1&abbucket=10&xxc=taobaoSearch&mi_id=0000phRDsWl95-dhYLqoZHX_MpwQLh4ku0b4vTKdQ3QlfWo&skuId=4766358826211
924057714354,暴力熊客厅装饰画Kaws潮流玄关走廊壁画轻奢沙发背景墙落地画挂画,176,¥,券后价,唐班家居旗舰店,唐班家居旗舰店,6年老店,4人付款,上海,"超级立减8.8元, 店铺满100减10, 退货宝, 上门安装, 破损包退, 包邮",画芯材质:油画布 | 图案主题:卡通动漫 | 适用空间:客厅 | 风格匹配:轻奢 | 装裱方式:有框,https://g-search3.alicdn.com/img/bao/uploaded/i4/i3/2206733642001/O1CN01l5Rmv91QeVSoo7kn0_!!0-item_pic.jpg,//detail.tmall.com/item.htm?id=924057714354&ns=1&abbucket=10&xxc=taobaoSearch&mi_id=00001pvu_w2Xojx4qLd3lpxfEVBh8_Cay60PkKxWm8DJqmg&skuId=5470480730366
973979929969,Mand kaws潮流主理人公仔玩偶 潮牌手办限定人偶模型桌面摆件潮玩,238,¥,券后价,qq624153323,新潮舍,6年老店,3人付款,广东 深圳," 3期, 店铺满88减3, 淘金币已抵2.94元, 退货宝, 包邮, 公益宝贝",出售状态:现货 | 款式特点:静态,https://g-search2.alicdn.com/img/bao/uploaded/i4/i2/2322961302/O1CN018l4Ylc1LUMNXQctGr_!!2322961302.jpg,//item.taobao.com/item.htm?id=973979929969&ns=1&abbucket=10&xxc=taobaoSearch&mi_id=0000ddsF-ZEeUTdDtYmBIJwXuJcpkY4uckkOYAAO_i1lU3M&skuId=4711244044579
1012538583356,优衣库男装女装KAWS HEATTECH针织围巾/25秋冬新款485257,79,¥,,魂消逝后,花花专柜代购,5年老店,39人看过,湖北 武汉,公益宝贝,风格:韩版 | 图案:纯色 | 适用对象:青年,https://g-search1.alicdn.com/img/bao/uploaded/i4/i1/2297638409/O1CN018gKwmn2BzNdY572E5_!!2297638409.jpg,//item.taobao.com/item.htm?id=1012538583356&ns=1&abbucket=10&xxc=taobaoSearch&mi_id=0000mzv-_Vm4jE2fG7yyf_ZsHEgvAmXfXTpzym-Vz6i3d6k&skuId=6017985957534
975800315123,狗牙潮牌欧美iPhone17promax手机壳kaws芝麻街苹果16plus皮质奢华13插卡包12零钱包11情侣14男女款15防摔适用,29,¥,券后价,cqx你开心就好,潮壳世家一号,,4人付款,广东 深圳,"官方立减12%, 包邮",适用手机型号:iPhone 12 | 风格:欧美 | 适用手机机型:Apple/苹果,https://g-search2.alicdn.com/img/bao/uploaded/i4/i4/2833044352/O1CN01eaBWxC1i1Glj5mE8L_!!2833044352.jpg,//item.taobao.com/item.htm?id=975800315123&ns=1&abbucket=10&xxc=taobaoSearch&mi_id=00006c5vMKJLbPxspvDEDa0Mtn_nIiDtlsc2QiBdSujGSJ0&skuId=5931815857664
959639502022,Kaws挂画潮牌暴力熊客厅沙发落地画现代简约玄关壁画直播间装饰画,88,¥,券后价,卿卿如艺旗舰店,卿卿如艺旗舰店,,0人付款,北京,"官方立减12%, 退货宝, 包邮",图案主题:卡通动漫 | 适用空间:客厅 | 装裱方式:有框 | 画芯材质:布纹/水晶,https://g-search3.alicdn.com/img/bao/uploaded/i4/i4/2212391830591/O1CN01zBPbEA1GEj33QDlrN_!!0-item_pic.jpg,//detail.tmall.com/item.htm?id=959639502022&ns=1&abbucket=10&xxc=taobaoSearch&mi_id=0000xgU_2_ztQHgRNrGJPLyNtOEz2V39P6DGkRtCwcS-BlY&skuId=6031252417958
974500329369,kaws芝麻街可爱卡通潮适用苹果/华为/oppo/vivo/三星/小米手机壳,17.6,¥,券后价,tb586330015,印象小铺子,8年老店,8人付款,广东 深圳,"超级立减2.2元, 淘金币已抵0.35元, 退货宝, 包邮, 公益宝贝",,https://g-search1.alicdn.com/img/bao/uploaded/i4/i3/2157590278/O1CN019I04AY1DvMp9L2hSz_!!0-item_pic.jpg,//item.taobao.com/item.htm?id=974500329369&ns=1&abbucket=10&xxc=taobaoSearch&mi_id=0000jyaF-yD3OnFeeqfm_XWE6Kpmvp9FsLaOqzFJFzwGsvU&skuId=4867684720996
650655304313,潮牌kaws挂画客厅装饰画现代简约沙发背景创意叠加卧室暴力熊壁画,518,¥,券后价,安妮的小屋189,爱特佳,7年老店,23人付款,浙江 衢州,"官方立减12%, 店铺满99减10, 退货宝, 上门安装, 包邮, 公益宝贝",画芯材质:油画布 | 图案主题:抽象 | 适用空间:客厅 | 风格匹配:北欧风 | 装裱方式:有框,https://g-search2.alicdn.com/img/bao/uploaded/i4/i4/3875384571/O1CN011br7Qt1jdZADgj1c5_!!0-item_pic.jpg,//item.taobao.com/item.htm?id=650655304313&ns=1&abbucket=10&xxc=taobaoSearch&mi_id=0000xlBSr3Bq1g6Brhb4is6EndL9729DkdNJTTGESGTHcfM&skuId=4698790097873
998458798712,优衣库男装女装KAWS HEATTECH针织帽子/防寒保暖25秋冬新款485256,79,¥,,mrsu小妞,MissS小妞,8年老店,2人付款,北京,,风格:休闲 | 材质:尼龙 | 适用季节:冬季 | 功能:保暖,https://g-search3.alicdn.com/img/bao/uploaded/i4/i3/3235617992/O1CN01I9IZSl28uOSwlDbrI_!!3235617992.jpg,//item.taobao.com/item.htm?id=998458798712&ns=1&abbucket=10&xxc=taobaoSearch&mi_id=0000WkAuCcJsMSWtvcPkHXAraCkDZHNlvVLpfrp1ENvMWSQ&skuId=5982886880543
678362933564,波霸年糕iPhone15手机壳14promax防摔kaws芝麻街头13涂鸦艺术12xs潮牌11街头xr8plu创意华为50mate40卡通趣味,50,¥,券后价,t_1503660468175_0138,波霸年糕,7年老店,2人付款,上海,"官方立减12%, 淘金币已抵0.59元, 退货宝, 包邮",是否使用环保材质:含环保材料 | 保护套质地:硅胶 | 功能:防摔 | 适用手机型号:iPhone 6 plus | 风格:创意 | 适用手机机型:Apple/苹果,https://g-search2.alicdn.com/img/bao/uploaded/i4/i4/3250164249/O1CN013qqYGv1hG5eITVwY3_!!3250164249.jpg,//item.taobao.com/item.htm?id=678362933564&ns=1&abbucket=10&xxc=taobaoSearch&mi_id=0000Nh4GFcNTc3ndfCI4ker1lX0oD2WmgqZP0yMktEHREBM&skuId=5154954268462
998165159421,KAWS芝麻街窗户横版玻璃磨砂贴纸防走光浴室透光不透明移门防晒膜,20,¥,,欣以家居旗舰店,欣以家居旗舰店,,0人付款,浙江 金华,包邮,可定制性:支持定制 | 厚度:0.25mm | 表面工艺:哑光 | 功能:装饰 | 适用人群:成人,https://g-search1.alicdn.com/img/bao/uploaded/i4/i4/2220794698573/O1CN01zaaIYb2DCUa1ZQDj1_!!4611686018427386701-0-item_pic.jpg,//detail.tmall.com/item.htm?id=998165159421&ns=1&abbucket=10&xxc=taobaoSearch&mi_id=0000-6HjX3fEQL1iEOMq6fqrRcGjtjLzaUvJZ31yFaU1dc0&skuId=5984661973623
704860184740,一幅好画 kaws潮流艺术画彩色抽象挂画展厅ins装饰画客厅卧室壁画,158,¥,券后价,lai257184,一幅好画艺术定制中心,,2人付款,广东 广州,"官方立减12%, 退货宝, 包邮, 公益宝贝",画框材质:金属 | 画芯材质:油画布 | 图案主题:抽象 | 适用空间:客厅 | 风格匹配:艺术 | 装裱方式:有框,https://g-search3.alicdn.com/img/bao/uploaded/i4/i1/1095247262612/O1CN01I6f4wx1VALLEWExrH_!!1095247262612.jpg,//item.taobao.com/item.htm?id=704860184740&ns=1&abbucket=10&xxc=taobaoSearch&mi_id=0000jga7HqYUtGhNXj1gyDOw3hxK9nTISNCdYKl_ppzu4Oo&skuId=4959320160053
963454322042,海绵宝宝kaws联名村上隆卡通太阳花装饰画儿童卧室多巴胺圆形挂画,74.8,¥,,tb021133189,淘小宝装饰画,,0人付款,江苏 徐州,包邮,画芯材质:油画布 | 适用空间:儿童房 | 装裱方式:有框,https://g-search3.alicdn.com/img/bao/uploaded/i4/i3/2928325450/O1CN018oTZrr1q89gCpqtVk_!!2928325450-0-scmitem176000.jpg,//item.taobao.com/item.htm?id=963454322042&ns=1&abbucket=10&xxc=taobaoSearch&mi_id=0000kqk0g-labRzJYHcpt0YZHvhVuaZ7o5GuccERfrlfS1M&skuId=6193091490127
975515776536,小众横板kaws适用华为mate80promax手机壳70/60+保护套50e超薄40半包pura80/70硬壳ultra磨砂nova141312男por,16.8,¥,券后价,安帕颂数码专营店,安帕颂数码专营店,6年老店,0人付款,广东 深圳,"官方立减12%, 包邮",保护套质地:亚克力 | 适用手机型号:华为 P30 | 品牌:Einpassung,https://g-search3.alicdn.com/img/bao/uploaded/i4/i1/2204171363026/O1CN01fl2ZIe1YDxbosKPSr_!!4611686018427380434-0-item_pic.jpg,//detail.tmall.com/item.htm?id=975515776536&ns=1&abbucket=10&xxc=taobaoSearch&mi_id=0000wg3Bb6ZCAzWaKRO219FwQag5OOMwOPw1JoM6o9myKxM&skuId=6004439089069
866991809089,2026年新款宠物服kaws芝麻街宠物保暖背心小狗狗衣服秋冬新款背心,76,¥,券后价,暴力熊旗舰店,暴力熊旗舰店,回头客1万,1人付款,山东 潍坊,"官方立减12%, 淘金币已抵1.14元, 退货宝, 包邮, 公益宝贝",宠物衣服款式:背心 | 宠物衣服风格:休闲,https://g-search3.alicdn.com/img/bao/uploaded/i4/i2/2200674492353/O1CN01VDkogu1TFixwIe26s_!!4611686018427387841-0-item_pic.jpg,//detail.tmall.com/item.htm?id=866991809089&ns=1&abbucket=10&xxc=taobaoSearch&mi_id=0000Is1GZi5RWW10pboVToy0o0hmIOs_wtxV1jewb-cKi8k&skuId=5692325104256
929741022295,潮牌kaws适用oppofindx8手机壳x8s+全包防摔ultra高级感A5pro/a3/a2m女款x7个性reno14菲林13硬K12s芝麻街k11,38,¥,,花派数码店,花派数码店,6年老店,2人付款,广东 深圳,"24小时内发, 包邮",适用手机型号:OPPO Find X3 | 风格:卡通 | 品牌:花派,https://g-search2.alicdn.com/img/bao/uploaded/i4/i4/2201275165761/O1CN01T9mHwn1sQanJiJuet_!!2201275165761.jpg,//item.taobao.com/item.htm?id=929741022295&ns=1&abbucket=10&xxc=taobaoSearch&mi_id=0000wyHTSAzbO93du_65iZWRIdPwa1QP-0f1uLDqko_cRI8&skuId=5815639237847
997790034147,潮牌kaws暴力熊客厅装饰画沙发背景墙面壁画轻奢高级感三联画挂画,152,¥,券后价,都奕旗舰店,都奕旗舰店,,0人付款,河南 商丘,"官方立减12%, 店铺满50减2, 淘金币已抵2.28元, 退货宝, 包邮",材质:水晶 | 图案主题:卡通动漫 | 适用空间:客厅/办公室/茶室/卧室/餐厅/玄关 | 风格匹配:轻奢 | 装裱方式:有框 | 画芯材质:布纹膜,https://g-search3.alicdn.com/img/bao/uploaded/i4/i1/2216647345831/O1CN01WELBbA1sweZDTKufb_!!4611686018427381415-0-item_pic.jpg,//detail.tmall.com/item.htm?id=997790034147&ns=1&abbucket=10&xxc=taobaoSearch&mi_id=0000ierVTo5I_O2PnavLE_p8doeTLXAXcQeAZDRc5DZKtbI&skuId=5982023461518
666725888336,现代简约新款暴力熊电表箱装饰画卡通创意电闸盒遮挡钟表kaws壁画,236,¥,券后价,吉鸥旗舰店,吉鸥旗舰店,6年老店,0人付款,广东 深圳,"官方立减12%, 店铺满158减10, 退货宝, 上门安装, 包邮",画框材质:金属 | 画芯材质:油画布 | 图案主题:卡通动漫 | 适用空间:电表箱 | 风格匹配:现代简约 | 装裱方式:有框,https://g-search1.alicdn.com/img/bao/uploaded/i4/i1/2206404370882/O1CN013sMxAm1IO0Hzx3FVf_!!0-item_pic.jpg,//detail.tmall.com/item.htm?id=666725888336&ns=1&abbucket=10&xxc=taobaoSearch&mi_id=0000OLTtdRgJkExyxhU7GIT9qbUj-_DZRaZjXnSyYAHQf-Q&skuId=4806301740784
793017289922,卡通芝麻街苹果15Promax磁吸手机壳magsafe适用于iPhone17磨砂防摔保护套可爱16pro创意潮牌联名14新款硬壳13,78,¥,,膜氏mos,OrangeP橙皮数码,9年老店,11人付款,广东 深圳,包邮,保护套质地:TPU | 是否使用环保材质:含环保材料 | 工艺技术:UV打印彩绘 | 适用手机型号:iPhone 16 pro | 风格:时尚 | 适用手机机型:Apple/苹果 | 品牌:WHPH,https://g-search3.alicdn.com/img/bao/uploaded/i4/i2/2197106061/O1CN01cGfZCG1udzVftWyq0_!!2197106061.jpg,//item.taobao.com/item.htm?id=793017289922&ns=1&abbucket=10&xxc=taobaoSearch&mi_id=0000oN3cHFuBhBzLYnNeQCA4XsoklQEBrvBtNudL0AGdzdo&skuId=6103825162652
656954900051,卡通KAWS考斯手办网红潮流公仔汽车摆件创意个性车载车内装饰用品,15,¥,券后价,chengyujianpan,千寻批发零售,,1人付款,湖北 武汉,"淘金币已抵0.75元, 包邮",适用年龄:14岁+ | 产地:中国大陆,https://g-search3.alicdn.com/img/bao/uploaded/i4/i2/960326102/O1CN01RwcbXX1uwlVRkonlS_!!960326102.jpg,//item.taobao.com/item.htm?id=656954900051&ns=1&abbucket=10&xxc=taobaoSearch&mi_id=0000todfcA0Q7lK-qIzIMKn6DNBlwl7v28fCQNmTxbdrZCY&skuId=4746567505622
718212114057,优衣库 男装女装 (UT) KAWS印花T恤(短袖) 422022 UNIQLO,119,¥,,yimumuyi,变形记代购,16年老店,0人付款,北京,,材质成分:棉100% | 版型分类:标准,https://g-search1.alicdn.com/img/bao/uploaded/i4/i4/65606737/O1CN01bki9jW1zdapUjvf8g_!!65606737.jpg,//item.taobao.com/item.htm?id=718212114057&ns=1&abbucket=10&xxc=taobaoSearch&mi_id=0000mHWLpvkvyO0x2NLJu6hJ6xCHagl8GX9UW7E7v2ly-Po&skuId=5179798466103
1018522082490,kaws潮牌大幅落地客厅装饰画北欧现代捂脸公仔玄关尽头楼梯间壁画,482.4,¥,券后价,家园有浩气,家园有浩气的小店82,,3人付款,河南 郑州,"官方立减15%, 淘金币已抵1.44元, 包邮",图案主题:卡通动漫 | 风格匹配:现代简约,https://g-search3.alicdn.com/img/bao/uploaded/i4/i2/2221388977882/O1CN01XoNhCI2860ubFuEgw_!!2221388977882.jpg,//item.taobao.com/item.htm?id=1018522082490&ns=1&abbucket=10&xxc=taobaoSearch&mi_id=0000c6kGydWw0X4ngFSD0g5CjD_kbwbNpqpqcPANrQfw8VY&skuId=6028378044959
842588489858,kaws潮牌暴力熊现代简约玄关装饰画客厅沙发落地画网红直播间挂画,38,¥,券后价,迪梵影旗舰店,迪梵影旗舰店,,0人付款,河南 商丘,"官方立减12%, 退货宝, 上门安装, 包邮",适用空间:玄关 | 风格匹配:现代简约 | 画芯材质:布纹膜,https://g-search1.alicdn.com/img/bao/uploaded/i4/i3/2217225033935/O1CN01J46GLK1ewHW8YkSYE_!!0-item_pic.jpg,//detail.tmall.com/item.htm?id=842588489858&ns=1&abbucket=10&xxc=taobaoSearch&mi_id=0000qYZfXW7r-PhuLUpvbAqXsWDCSu5qnnqYzrIoxO7bpHQ&skuId=5783857115912
655636817929,暴力积木熊鼠标垫创意个性办公桌垫游戏电竞加厚超大号定制防滑垫笔记本电脑垫周边护腕垫kaws个性家用桌子布,71.6,¥,券后价,简茉数码专营店,简茉数码专营店,6年老店,7人付款,河南 郑州,"官方立减12%, 淘金币已抵0.41元, 退货宝, 包邮",厚度:4mm | 尺寸:570x330mm | 品牌:务晓,https://g-search1.alicdn.com/img/bao/uploaded/i4/i2/2201483255628/O1CN01oq4gFI1rRfmlvBszt_!!0-item_pic.jpg,//detail.tmall.com/item.htm?id=655636817929&ns=1&abbucket=10&xxc=taobaoSearch&mi_id=00000REyGeHZNcbzcBXpGhs_j0mwBkoDfAXTaPO7q7eL1wA&skuId=4903604798508
741793094159,芝麻街网红拍照区公仔落地暴力熊门店装饰网红坐姿kaws大摆件雕塑,1920,¥,,花千总旗舰店,花千总旗舰店,5年老店,11人付款,福建 泉州," 3期, 店铺满958减50, 退货宝, 包邮, 公益宝贝",表面工艺:纯手工 | 主体材质:卡通 | 摆放方式:落地,https://g-search3.alicdn.com/img/bao/uploaded/i4/i3/2209527846961/O1CN01zKupYb21IBtdLbJEM_!!0-item_pic.jpg,//detail.tmall.com/item.htm?id=741793094159&ns=1&abbucket=10&xxc=taobaoSearch&mi_id=0000I_21rkmx7pi2ZlJ_GasqptVnhYXdrdkLPCe38DUYubg&skuId=5118427893229
1014387056804,kaws轻奢客厅装饰画简约高级感三联壁画暴力熊潮牌沙发背景墙挂画,142.2,¥,,tb962869425304,颜料罐里的风,,3人付款,河南 商丘,包邮,图案主题:卡通动漫 | 风格匹配:现代简约,https://g-search3.alicdn.com/img/bao/uploaded/i4/i2/2217357022333/O1CN01Z44jWp1T6Z8hrFvFv_!!2217357022333.jpg,//item.taobao.com/item.htm?id=1014387056804&ns=1&abbucket=10&xxc=taobaoSearch&mi_id=0000erwxZ0xs-2Hz8l9av4viIA8WYLmh5-4rSdt5Zbt9MF4&skuId=6182166119714
595415807513,现货日本日版优衣库Uniqlo x kaws芝麻街联名限定男女款玩偶卫衣,189,¥,券后价,baobaolan0329,新宿事件Japan本土采购店,,1人付款,辽宁 大连,"官方立减12%, 全球购, 公益宝贝",领型设计:圆领 | 材质成分:棉100%,https://g-search1.alicdn.com/img/bao/uploaded/i4/i1/39195965/O1CN01h6sMLh1tw1SPMc7nN_!!0-item_pic.jpg,//item.taobao.com/item.htm?id=595415807513&ns=1&abbucket=10&xxc=taobaoSearch&mi_id=0000MSl_jb19mS2AF_ZmPJ8yXd4l1F8oFn_TLWB3wVCmdYA&skuId=4295192934795
965946686046,潮牌kaws客厅装饰画现代轻奢餐厅三联画网红暴力熊沙发背景墙挂画,118,¥,券后价,欣天彩旗舰店,欣天彩旗舰店,,23人付款,河南 商丘,"官方立减12%,  3期, 店铺满39减5, 退货宝, 上门安装, 破损包退, 包邮",图案主题:卡通动漫 | 适用空间:客厅 | 风格匹配:现代简约 | 装裱方式:有框 | 画芯材质:布纹膜,https://g-search2.alicdn.com/img/bao/uploaded/i4/i1/2212391830591/O1CN018HKrdo1GEiwozFWTt_!!0-item_pic.jpg,//detail.tmall.com/item.htm?id=965946686046&ns=1&abbucket=10&xxc=taobaoSearch&mi_id=0000_xKCCFs1B4uhyWxG3RLEK1k3RK0nVzrGyN7SlLG8qnY&skuId=5083644808293
954002073675,潮牌kaws客厅装饰画沙发背景墙画壁画挂画潮流风暴力熊三联轻奢画,174,¥,券后价,立视界旗舰店,立视界旗舰店,11年老店,0人付款,河南 商丘,"官方立减12%, 店铺满69减7, 退货宝, 上门安装, 破损包退, 包邮",画芯材质:烤瓷晶瓷 | 图案主题:卡通动漫 | 适用空间:沙发背景 | 风格匹配:潮流,https://g-search3.alicdn.com/img/bao/uploaded/i4/i3/2259024993/O1CN01qFCTKg1mkqdD3Z0Zs_!!4611686018427386977-0-item_pic.jpg,//detail.tmall.com/item.htm?id=954002073675&ns=1&abbucket=10&xxc=taobaoSearch&mi_id=0000iYHZI6Z_a5cyBg7vMBxQCRICvdw87lgsemieCCGaPxY&skuId=6040428638348
1019068974382,kaws暴力熊入户玄关装饰画现代简约走廊过道壁画潮牌创意积木挂画,88,¥,券后价,卿卿如艺旗舰店,卿卿如艺旗舰店,,0人付款,北京,"官方立减12%, 退货宝, 包邮",画芯材质:烤瓷水晶 | 图案主题:卡通动漫 | 适用空间:玄关 | 风格匹配:现代简约 | 装裱方式:有框,https://g-search2.alicdn.com/img/bao/uploaded/i4/i3/2219620576963/O1CN013jtI0d21J6va6PQpE_!!4611686018427383491-0-item_pic.jpg,//detail.tmall.com/item.htm?id=1019068974382&ns=1&abbucket=10&xxc=taobaoSearch&mi_id=0000sMWIy4FN3HOdrSZ-KBcLq3G76MycM01kEN_WCOjllx8&skuId=6030299653686
968826689329,kaws芝麻街行李箱套旅行箱拉杆箱保护套防尘罩弹力20/24/26/28/30,38,¥,券后价,tb836630523791,箱护家,,0人付款,福建 福州,"官方立减12%, 淘金币已抵1.14元, 包邮",质地:涤纶 | 闭合方式:拉链,https://g-search1.alicdn.com/img/bao/uploaded/i4/i4/2221025517138/O1CN01TsbFIp22bGDWrivT2_!!2221025517138.jpg,//item.taobao.com/item.htm?id=968826689329&ns=1&abbucket=10&xxc=taobaoSearch&mi_id=0000V9YngoE8hXLHCkKg8picOCm4cbP9d0-1fsF8UXnGv2k&skuId=5952455833507
786203279693,kaws暴力熊挂画现代轻奢客厅装饰三联画沙发背景墙壁画芝麻街公仔,194,¥,券后价,tb846052952,画里时光,,2人付款,河南 商丘,"官方立减12%, 店铺满59减5, 淘金币已抵0.97元, 退货宝, 上门安装, 包邮",画芯材质:烤瓷水晶 | 图案主题:抽象 | 适用空间:客厅 | 风格匹配:潮流 | 装裱方式:有框,https://g-search2.alicdn.com/img/bao/uploaded/i4/i4/2210828053770/O1CN01jqMSKU1dii7G1Vb0o_!!2210828053770.jpg,//item.taobao.com/item.htm?id=786203279693&ns=1&abbucket=10&xxc=taobaoSearch&mi_id=0000fSHjO80bm53iBZ3TBPIiLXVwJZOwnu9DJgGNMiG4Koo&skuId=5370245461302
1008942737842,Kaws挂画潮牌暴力熊客厅沙发落地画现代简约玄关壁画直播间装饰画,21.36,¥,券后价,abc飞龙在天888,飞龙在天八,,0人付款,广东 广州,"官方立减12%, 包邮",图案主题:卡通动漫 | 适用空间:客厅 | 风格匹配:现代简约 | 装裱方式:有框 | 画芯材质:布纹膜,https://g-search1.alicdn.com/img/bao/uploaded/i4/i4/2215479278072/O1CN01nig0Dj29V29llIIXd_!!2215479278072.jpg,//item.taobao.com/item.htm?id=1008942737842&ns=1&abbucket=10&xxc=taobaoSearch&mi_id=0000CcVIgbbR8Vfa1Eu6bJ982nbZkhPLFOxu28wSlmWbylg&skuId=6172264086876
971239614254,优衣库 男装/女装/情侣装(UT)KAWS拎包(挎包)446250,146,¥,,u衣代,U衣代,5年老店,1人付款,湖南 长沙,,外部材质:帆布 | 适用场景:休闲 | 品牌:Uniqlo/优衣库,https://g-search3.alicdn.com/img/bao/uploaded/i4/i4/2208173019083/O1CN01lTGs432Gy4AA752X7_!!2208173019083.jpg,//item.taobao.com/item.htm?id=971239614254&ns=1&abbucket=10&xxc=taobaoSearch&mi_id=0000tucciNJbEisM97ShZRbPPrkMWLKPdv2FLwN2JeOboVw&skuId=4872740610301
1019957937319,kaws挂画玄关墙上装饰画潮牌海报芝麻街卧室卡通潮流客厅沙发壁画,88,¥,券后价,卿卿如艺旗舰店,卿卿如艺旗舰店,,0人付款,北京,"官方立减12%, 退货宝, 包邮",图案主题:抽象 | 适用空间:通用 | 风格匹配:新中式 | 装裱方式:有框 | 画芯材质:布纹膜,https://g-search3.alicdn.com/img/bao/uploaded/i4/i4/2219620576963/O1CN01qMaoyu21J6vZoMZWO_!!4611686018427383491-0-item_pic.jpg,//detail.tmall.com/item.htm?id=1019957937319&ns=1&abbucket=10&xxc=taobaoSearch&mi_id=0000msaZ-_GolULtiPtG-8ktUR_fi1U29z5_1YpOrEnDfQ0&skuId=6030310649417
995641378055,Kaws玄关装饰画轻奢艺术精雕芝麻街公仔时钟挂画创意月球发光灯画,236,¥,券后价,识禾旗舰店,识禾旗舰店,,4人付款,江西 赣州,"超级立减10%, 店铺满128减10, 退货宝, 上门安装, 破损包退, 包邮",适用空间:玄关 | 风格匹配:轻奢 | 装裱方式:无框 | 是否带框:无框 | 画芯材质:钢化膜,https://g-search1.alicdn.com/img/bao/uploaded/i4/i1/2217286877094/O1CN01wJjgfB22H6nRiSS8l_!!4611686018427387814-0-item_pic.jpg,//detail.tmall.com/item.htm?id=995641378055&ns=1&abbucket=10&xxc=taobaoSearch&mi_id=0000NkaQRTEOsuILJZlrteiuYHxkR62BmeSaWWozCpkeKnY&skuId=6141451322674
778129298165,kaws芝麻街潮牌贴纸适用小牛NXT九号汽车车身贴划痕遮挡防水防晒,98,¥,券后价,abcdef123456abcd2012,小潮车贴,11年老店,1人付款,安徽 六安,"官方立减12%, 店铺满48减4, 退货宝, 包邮",贴膜类型:车身贴 | 材质:贴纸,https://g-search1.alicdn.com/img/bao/uploaded/i4/i1/1079225915/O1CN01bVCQ2G1tZ7fiU0Kjc_!!1079225915.jpg,//item.taobao.com/item.htm?id=778129298165&ns=1&abbucket=10&xxc=taobaoSearch&mi_id=0000lquOEGPe7utzIOswRsMhTKYBDRUCSZU33GLn0_y3Z2A&skuId=5486415242373
705063880964,kaws潮牌装饰画服装店七龙珠挂画客厅卧室辛普森壁画,88,¥,券后价,1132155014曼,断水流装饰画,,0人付款,广东 东莞,"官方立减12%, 退货宝, 包邮",图案主题:卡通动漫 | 适用空间:客厅 | 风格匹配:日式 | 装裱方式:有框 | 画芯材质:水彩纸,https://g-search1.alicdn.com/img/bao/uploaded/i4/i1/2284543029/O1CN01acgy5r1YFKV0gdOr1_!!2284543029.jpg,//item.taobao.com/item.htm?id=705063880964&ns=1&abbucket=10&xxc=taobaoSearch&mi_id=00008wOGUiOGGxc_YDwS6lEnzyIsJN8YpZYI1FqtzmV9K20&skuId=5136820527946
590544416763,时尚潮牌KAWS芝麻街魔术贴臂章陈冠希CLOT布贴刺绣DIY潮流熨斗贴,8.8,¥,券后价,皮带物语,国旗大王,18年老店,11人付款,广东 中山,"官方立减12%, 淘金币已抵0.44元, 退货宝",,https://g-search3.alicdn.com/img/bao/uploaded/i4/i3/59481111/O1CN01ZUSp5k1K4sXeNXtQN_!!0-item_pic.jpg,//item.taobao.com/item.htm?id=590544416763&ns=1&abbucket=10&xxc=taobaoSearch&mi_id=00006kkcNYOcjbPTo8shA472iebN40vHbTpBCjsvFoecry4&skuId=4220996050034
977420247504,潮牌kaws暴力熊客厅装饰画公仔沙发背景墙面壁画轻奢高级感挂画,356,¥,券后价,雨恋冰纯旗舰店,雨恋冰纯旗舰店,回头客2万,1人付款,广东 广州,"超级立减10%, 店铺满199减20, 包邮",,https://g-search1.alicdn.com/img/bao/uploaded/i4/i2/2208090375612/O1CN01HMnooI1rKLoPsriyx_!!4611686018427381180-0-item_pic.jpg,//detail.tmall.com/item.htm?id=977420247504&ns=1&abbucket=10&xxc=taobaoSearch&mi_id=0000FpsLmZ615dZH5cwH79rVfAmbt2AR8IgN8QDkAapzixM&skuId=5934465293927
1018898874294,暴力熊客厅装饰画现代简约kaws潮流玩偶三联画高档沙发背景墙挂画,239.4,¥,券后价,丹青迪旅程,丹青迪旅程的小店17,,0人付款,河南 郑州,"官方立减15%, 淘金币已抵3.47元, 包邮",图案主题:卡通动漫 | 风格匹配:现代简约,https://g-search3.alicdn.com/img/bao/uploaded/i4/i4/2221017491633/O1CN01xtt7Lo1NvxtUMNBym_!!4611686018427381937-0-item_pic.jpg,//item.taobao.com/item.htm?id=1018898874294&ns=1&abbucket=10&xxc=taobaoSearch&mi_id=0000ccZsyJUOW-Gj8iNondvnDSp23h1VYEdi9M_pYgyvlJ0&skuId=6195018671596
595861065883,千寻日本代购 优衣库 KAWS 芝麻街 挎包 2019款 422009,59,¥,,千寻8211xm,千寻 日本代购,17年老店,6人付款,江苏 无锡,,外部材质:棉 | 品牌:Uniqlo/优衣库,https://g-search3.alicdn.com/img/bao/uploaded/i4/i2/103969933/O1CN01JFrFhR2NFMesJDp8h_!!0-item_pic.jpg,//item.taobao.com/item.htm?id=595861065883&ns=1&abbucket=10&xxc=taobaoSearch&mi_id=0000DLa3IbYgFMyidFamDD2sTAtBpHyi-xQpW-KC3p_gRc4&skuId=4137298336312
967532531091,【现货】考斯 【Contemporary Artists Series】KAWS 原版英文艺术画册画集 善本图书,440,¥,券后价,善本图书专营店,善本图书专营店,回头客1万,6人付款,广东 佛山,"店铺满300减5, 退货宝, 包邮",装帧类型:精装 | 纸质:轻型纸 | 作者:Phaidon | 正文语种:英语 | 进口书分类:艺术类 | 开本:25开,https://g-search2.alicdn.com/img/bao/uploaded/i4/i3/1108429753/O1CN01d8kMVJ2LuvwNvLEhL_!!4611686018427382713-0-item_pic.jpg,//detail.tmall.com/item.htm?id=967532531091&ns=1&abbucket=10&xxc=taobaoSearch&mi_id=00006rzfnwZhyko8FweFMdhcmmY7HXIaWamZS6m73deNuhc&skuId=null
603394375307,网红kaws芝麻街ins创意个性可爱暴力熊公仔汽车钥匙扣挂件男女链,19.9,¥,,宥桐商贸,LODIE DODIE,9年老店,3人付款,安徽 合肥,"店铺满50减3, 退货宝, 包邮, 公益宝贝",钥匙扣类型:卡通系列 | 图案类型:卡通 | 材质:树脂,https://g-search3.alicdn.com/img/bao/uploaded/i4/i3/2932906883/O1CN010S86yK20iSziBJTTo_!!2932906883.jpg,//item.taobao.com/item.htm?id=603394375307&ns=1&abbucket=10&xxc=taobaoSearch&mi_id=00005ewjKIuhP9SABHiAw5UTVTEmYQvsSnm3GiCnUvic_Yo&skuId=4223313048283
772928737056,安尼画廊村上隆太阳花奈良美智版画潮流粉色Kaws沙发背景墙挂画,149,¥,券后价,tb817672_66,安尼畫廊,,12人付款,浙江 杭州,"官方立减12%, 淘金币已抵4.47元, 退货宝, 极有家, 包邮, 公益宝贝",适用空间:家装 | 风格匹配:潮流 | 装裱方式:有框 | 画芯材质:艺术纸,https://picasso.alicdn.com/imgextra/O1CNA1003Jra1XWRxBRb20H_!!755942931-0-psf.jpg,//item.taobao.com/item.htm?id=772928737056&ns=1&abbucket=10&xxc=taobaoSearch&mi_id=0000BDNMes0uf2xh4gZ-Fiy-D4hWstm16J2DtJGZ5c1uqv0&skuId=5459845162341
,,,,,,,,,,,,,
631887019518,Kaws芝麻街涂鸦超大卡通定制加厚电脑鼠标垫游戏办公键盘书桌垫,33.6,¥,券后价,龙剑锋,芭莎龙,14年老店,1人付款,江苏 苏州,"官方立减12%, 退货宝, 包邮",材质:布 | 厚度:3mm | 尺寸:500x1000mm,https://g-search1.alicdn.com/img/bao/uploaded/i4/i2/33986541/O1CN01aKfhfZ1yBpIqgu2ln_!!33986541.jpg,//item.taobao.com/item.htm?id=631887019518&ns=1&abbucket=10&xxc=taobaoSearch&mi_id=0000hvsaiCmpCVWorC24f_fUuMgs3D0dwgHSOnlUGKdUCJ8&skuId=4669460410926
768935660591,潮牌手工枪刺KAWS×HUMANMADE老虎地毯家用电竞装饰个性异形地垫,298,¥,券后价,福达通地毯,集 潮 社 Trend Online,8年老店,1人付款,天津,"官方立减12%, 淘金币已抵5.96元, 包邮",可定制性:支持定制 | 适用空间:幼儿园 | 主图案类型:动物图案 | 形状:异形 | 风格:日韩 | 适用场景:卧室 | 表面材质:腈纶,https://g-search2.alicdn.com/img/bao/uploaded/i4/i1/2901379254/O1CN01WjvUl52IEO7U8Ssvk_!!2901379254.png,//item.taobao.com/item.htm?id=768935660591&ns=1&abbucket=10&xxc=taobaoSearch&mi_id=0000CE6ArWnnc9nq3nEWfleLK9NEJF3VA6D2MG3um_XguK8&skuId=5273142944334
964169643323,kaws玄关挂画网红轻奢装饰画直播间卧室暴力熊客厅沙发背景墙壁画,36,¥,券后价,佰霆旗舰店,佰霆旗舰店,,0人付款,河南 安阳,"超级立减10%, 店铺满158减5, 退货宝, 上门安装, 包邮",材质:实木 | 适用空间:直播间 | 风格匹配:轻奢 | 装裱方式:有框 | 画芯材质:布纹膜,https://g-search2.alicdn.com/img/bao/uploaded/i4/i2/2219178865147/O1CN01WZrnZN1ntNf09F2m3_!!4611686018427384315-0-item_pic.jpg,//detail.tmall.com/item.htm?id=964169643323&ns=1&abbucket=10&xxc=taobaoSearch&mi_id=0000fz6pt0iSYJ5ZE1_xyrfkgfPKwSNC4H_NDqEZAdqtuqM&skuId=5988979629939
986456187084,KAWS适用vivos30手机壳s19pro新款s20芝麻街s18玻璃vivos16潮牌s17pro卡通s18e防摔s12保护套s10男s9趣味全包,58,¥,券后价,宝紫数码专营店,宝紫数码专营店,6年老店,3人付款,广东 深圳,"淘金币已抵0.33元, 包邮",是否使用环保材质:含环保材料 | 保护套质地:玻璃 | 工艺技术:彩绘 | 适用手机型号:vivo S15 | 适用手机机型:vivo,https://g-search3.alicdn.com/img/bao/uploaded/i4/i4/2206440231430/O1CN01oYmSI51MQzTLKYKGF_!!4611686018427384326-0-item_pic.jpg,//detail.tmall.com/item.htm?id=986456187084&ns=1&abbucket=10&xxc=taobaoSearch&mi_id=00002P_7PgkuxV3BJhN-_iUAe-tVx3Pj-XwSF08UmFhZrBw&skuId=5951162056024
987356624301,潮牌kaws暴力熊玄关装饰画电子屏时钟月球挂钟led灯发光餐厅挂画,397,¥,券后价,全成家居行,梓聿精雕画廊,,4人付款,江西 赣州,"官方立减12%, 店铺满60减10, 淘金币已抵5.95元, 退货宝, 包邮",图案主题:卡通动漫 | 适用空间:客厅 | 风格匹配:现代简约 | 画芯材质:相纸+钢化膜,https://g-search3.alicdn.com/img/bao/uploaded/i4/i2/2211247783580/O1CN01oYlmyJ1cJh0qyGj8I_!!2211247783580.jpg,//item.taobao.com/item.htm?id=987356624301&ns=1&abbucket=10&xxc=taobaoSearch&mi_id=00008fkjUHPn4cuXEZBCZ-YN8Yx2UjkaSu9rLXikYwfHXbs&skuId=5948861788173
1003710844295,芝麻街暴力熊潮牌抱枕被子两用网红KAWS汽车抱枕沙发客厅车载抱枕,43.57,¥,,tb305612443,时光集物社,,1人付款,福建 福州,包邮,,https://g-search2.alicdn.com/img/bao/uploaded/i4/i1/2216163636890/O1CN01GFbWrJ20lg0KNyvA4_!!2216163636890.jpg,//item.taobao.com/item.htm?id=1003710844295&ns=1&abbucket=10&xxc=taobaoSearch&mi_id=0000BqVaFeaVHx3SF3RAN3qNtF6DbDcD-dzjDh4hKtKwXUU&skuId=6157668194032
1018184614569,潮牌KAWS挂画卡通潮流暴力熊装饰画黑白灰高级感卧室玄关大幅版画,91.8,¥,,tb021133189,淘小宝装饰画,,0人付款,江苏 徐州,包邮,画芯材质:油画布 | 图案主题:卡通动漫 | 适用空间:电竞酒店 | 风格匹配:潮流 | 装裱方式:有框,https://g-search1.alicdn.com/img/bao/uploaded/i4/i1/2928325450/O1CN01dtNVBu1q89gBoG7Lu_!!2928325450-0-scmitem176000.jpg,//item.taobao.com/item.htm?id=1018184614569&ns=1&abbucket=10&xxc=taobaoSearch&mi_id=0000T1kLHxaJRIapPcF7Lvc_NYOlNY7a_ZAA20n_4WypbJQ&skuId=6028713517588
740487770743,kaws客厅装饰画汽车主题三联画轻奢高级感暴力熊挂画沙发背景墙画,130,¥,券后价,希望有我需要的,名匠家居装饰画,6年老店,0人付款,河南 商丘,"官方立减12%, 淘金币已抵1.3元, 退货宝, 上门安装, 包邮",图案主题:卡通动漫 | 适用空间:客厅 | 风格匹配:现代简约 | 装裱方式:有框 | 画芯材质:布纹膜,https://g-search1.alicdn.com/img/bao/uploaded/i4/i1/2017101675/O1CN013CKm081OFCI7R26gB_!!2017101675.jpg,//item.taobao.com/item.htm?id=740487770743&ns=1&abbucket=10&xxc=taobaoSearch&mi_id=0000aJIiuWQzcAEA-d8VQu-8Kp_IVeGl4mIBr1MWOtw4VvI&skuId=5276898730938
940587815022,kaws潮牌适用vivos30promini手机壳s20男s19保护套s17全包s15高端s18女s16网红por创意s12硬壳viv0s10防摔s30,58,¥,券后价,尊歌旗舰店,尊歌旗舰店,回头客3万,8人付款,广东 深圳,"官方立减12%, 包邮",保护套质地:塑料 | 功能:防摔 | 款式:全包边 | 适用手机型号:vivo S7 | 风格:ins风 | 适用手机机型:vivo | 品牌:尊歌,https://g-search3.alicdn.com/img/bao/uploaded/i4/i1/2200784974890/O1CN01TOxSVp1lzfpLd5pLT_!!4611686018427384874-0-item_pic.jpg,//detail.tmall.com/item.htm?id=940587815022&ns=1&abbucket=10&xxc=taobaoSearch&mi_id=0000GnKyur1t1Xjc_3R2MRtuc_IDR3aYnWZ-5J54OlXCnWQ&skuId=6005987286851
870037213093,KAWS潮牌暴力熊轻奢简约网红爆款卡通装饰画客厅入户走廊玄关挂画,88,¥,券后价,卿卿如艺旗舰店,卿卿如艺旗舰店,,0人付款,北京,"官方立减12%, 退货宝, 包邮",图案主题:卡通动漫 | 适用空间:客厅 | 装裱方式:有框 | 画芯材质:布纹/水晶,https://g-search3.alicdn.com/img/bao/uploaded/i4/i3/2212391830591/O1CN01Oc6kWe1GEj2gY1Fcz_!!0-item_pic.jpg,//detail.tmall.com/item.htm?id=870037213093&ns=1&abbucket=10&xxc=taobaoSearch&mi_id=0000hSrO0PQJcKPiZbjuMLNQoOk3eLBCvP7pBo2yL3Cuc8A&skuId=6031246845749
687283367492,黑武士kaws公仔暴风白兵大摆件大型酒吧KTV落地装饰网红门店开业,920,¥,券后价,tb573961728670,云来客雕塑,,0人付款,福建 泉州,"官方立减12%, 退货宝, 包邮",表面工艺:纯手工 | 主体材质:人物,https://g-search3.alicdn.com/img/bao/uploaded/i4/i4/2212982724093/O1CN0102Nlop1g6dsi1yyyn_!!2212982724093.jpg,//item.taobao.com/item.htm?id=687283367492&ns=1&abbucket=10&xxc=taobaoSearch&mi_id=0000QIigRcIP4RjyTKYHiEdbD06jetHU9u_dOqMq7k611aY&skuId=4901690945161
641640137857,潮牌清明上河图装饰画客厅儿童房卧室壁画kaws潮流最后的晚餐挂画,276,¥,券后价,珍琪家居旗舰店,珍琪家居旗舰店,10年老店,0人付款,广东 深圳,"官方立减12%, 店铺满98减10, 淘金币已抵4.14元, 退货宝, 上门安装, 包邮",材质:水晶 | 画芯材质:油画布 | 图案主题:卡通动漫 | 适用空间:儿童房 | 风格匹配:现代简约 | 装裱方式:有框,https://g-search1.alicdn.com/img/bao/uploaded/i4/i3/2656177291/O1CN01NOktx123jKO3LjauD_!!0-item_pic.jpg,//detail.tmall.com/item.htm?id=641640137857&ns=1&abbucket=10&xxc=taobaoSearch&mi_id=0000u3sgJWm1C1IcvG7WDBJ1tQmS-Iy7XmGn0Oyoej3Z6B0&skuId=4787709663610
641268924091,kaws雕塑bearbrick1000％电镀模型酒店户外简约潮流暴力熊大摆件,288,¥,券后价,承诺等于撒谎,半岛铁盒雕塑,,0人付款,福建 泉州,"淘金币已抵8.64元, 退货宝, 包邮",表面工艺:纯手工 | 主体材质:卡通,https://g-search3.alicdn.com/img/bao/uploaded/i4/i1/2661016746/O1CN01POsR091zhiZF0qtNj_!!2661016746.jpg,//item.taobao.com/item.htm?id=641268924091&ns=1&abbucket=10&xxc=taobaoSearch&mi_id=0000pX6hsaQWx9qpop1ZYpm9-Oqs-25DLaIiHupE1igUk4Q&skuId=4615029309922
710429742353,新款潮牌KAWS暴力熊网红直播个性创意芝麻街遮光窗帘卧室酒吧隔断,29,¥,券后价,3356346126pjj,铭轩窗帘布艺,,6人付款,浙江 绍兴,"官方立减12%, 淘金币已抵0.87元, 包邮, 公益宝贝",功能:装饰+全遮光 | 材质:布 | 款式:免打孔 | 帘头款式:平帷 | 主图案类型:卡通动漫 | 风格:简约现代,https://g-search2.alicdn.com/img/bao/uploaded/i4/i2/2829862912/O1CN01gGJ0br1XNkAOCWiKJ_!!2829862912.jpg,//item.taobao.com/item.htm?id=710429742353&ns=1&abbucket=10&xxc=taobaoSearch&mi_id=0000Aoz3GHpN2y0vvAMP1yMrznUAxaU817CwtXuuW6sL5vc&skuId=4982791825602
989390310662,芝麻街kaws卡通车贴潮牌XX眼趣味搞笑车身行李箱笔记本装饰反光贴,3.5,¥,首单价,小轰哒车品旗舰店,小轰哒车品旗舰店,,2人付款,广东 汕尾,"官方立减12%, 直降0.5元, 包邮",贴膜类型:车身贴 | 材质:贴纸 | 服务内容:支持订制 | 图案:字母/数字/文字 | 定制类型:尺寸定制 | 适用场景:汽车 | 功能:装饰,https://g-search3.alicdn.com/img/bao/uploaded/i4/i1/2219066464174/O1CN01lSQUBy1ghkHKfsa4K_!!4611686018427385774-0-item_pic.jpg,//detail.tmall.com/item.htm?id=989390310662&ns=1&abbucket=10&xxc=taobaoSearch&mi_id=0000mmJBwIgpVeU96kUXNEluhMnopVJ9dyJ2eh-UApnt3EQ&skuId=6122363694381
695180332657,网红霓虹灯暴力熊曼卡斯mand kaws商场拍照个性装饰内浮雕刻定制,30,¥,券后价,tb042062482113,有美电子,,0人付款,广东 佛山,"官方立减12%, 淘金币已抵3元, 包邮",,https://g-search3.alicdn.com/img/bao/uploaded/i4/i4/2213147372846/O1CN0147npc31WtW0mvXD4y_!!2213147372846.jpg,//item.taobao.com/item.htm?id=695180332657&ns=1&abbucket=10&xxc=taobaoSearch&mi_id=0000pWXnS8qKh39rymHKJSx4WROiZZu6XgHfhGPHeQmD1-0&skuId=5054394561655
964682886246,轻奢潮牌暴力熊KAWS熊装饰画芝麻街玄关挂画,158,¥,券后价,1132155014曼,断水流装饰画,,3人付款,广东 东莞,"官方立减12%, 退货宝, 包邮",适用空间:玄关 | 风格匹配:轻奢 | 装裱方式:有框 | 画芯材质:水彩纸,https://g-search1.alicdn.com/img/bao/uploaded/i4/i1/2284543029/O1CN01JXcm0s1YFKSdMMiu2_!!2284543029.jpg,//item.taobao.com/item.htm?id=964682886246&ns=1&abbucket=10&xxc=taobaoSearch&mi_id=0000d56HLthxPsy8Sbi4pdT4FCxVPv11IcBitLXA7WxhlxQ&skuId=5054142898183
1018258107028,Kaws挂画潮牌暴力熊客厅沙发落地画现代简约玄关壁画直播间装饰画,104.4,¥,券后价,tb8979123789,墨色画仓,,0人付款,河南 郑州,"官方立减12%, 淘金币已抵1.56元, 包邮",图案主题:卡通动漫 | 风格匹配:现代简约,https://g-search1.alicdn.com/img/bao/uploaded/i4/i4/2221009900092/O1CN01Cm7hId1CYBYCTbxo3_!!4611686018427384380-0-item_pic.jpg,//item.taobao.com/item.htm?id=1018258107028&ns=1&abbucket=10&xxc=taobaoSearch&mi_id=0000nL570g3lWtKrDJBEIHNhZccjPviNwDuLZrYJgXLtzO4&skuId=6030085757772
689034597354,网红坐姿kaws芝麻街大号暴力熊公仔落地客厅软装饰品轻奢大型摆件,872,¥,券后价,花千总旗舰店,花千总旗舰店,5年老店,3人付款,福建 泉州,"官方立减12%, 店铺满958减50, 退货宝, 包邮, 公益宝贝",主体造型:卡通/趣味 | 适用空间:客厅 | 主体材质:树脂 | 主题风格:轻奢风,https://g-search3.alicdn.com/img/bao/uploaded/i4/i2/2209527846961/O1CN013KSdjO21IC6gGCVOl_!!4611686018427385905-0-item_pic.jpg,//detail.tmall.com/item.htm?id=689034597354&ns=1&abbucket=10&xxc=taobaoSearch&mi_id=0000EPnm7DP0FOUMtAey_tF3nzqcQV_EcWcypxRMMPtUchc&skuId=5078048774708
702458806494,高级感翻毛皮适用苹果16promax手机壳欧美潮牌iPhone14硅胶全包11暴力熊12男15女简约17air创意78plus卡通13,128,¥,券后价,木飞旗舰店,木飞旗舰店,6年老店,10人付款,广东 深圳,"官方立减12%, 店铺满38减3, 包邮, 公益宝贝",是否使用环保材质:含环保材料 | 保护套质地:翻毛皮 | 适用手机型号:iPhone X | 风格:卡通 | 适用手机机型:Apple/苹果 | 品牌:木飞,https://g-search1.alicdn.com/img/bao/uploaded/i4/i1/2207369313386/O1CN01wtQcER1asptGpwFmX_!!0-item_pic.jpg,//detail.tmall.com/item.htm?id=702458806494&ns=1&abbucket=10&xxc=taobaoSearch&mi_id=000097tKxCvFf3WUJIQ_LNhCKJnqhmtWdZ66yL1bhVpqKZI&skuId=5922017128405
962691067987,kaws电视柜公仔坐姿暴力熊摆件玄关客厅家居高级感轻奢装饰乔迁礼,298,¥,券后价,tb954770750,佳天雨艺品,,10人付款,广东 潮州,"官方立减12%, 退货宝, 包邮",主体材质:卡通 | 表面工艺:注塑,https://g-search1.alicdn.com/img/bao/uploaded/i4/i3/2207448146507/O1CN0138AIG31xwGEgccSWl_!!2207448146507.jpg,//item.taobao.com/item.htm?id=962691067987&ns=1&abbucket=10&xxc=taobaoSearch&mi_id=0000dsmtp7sb2Q3F1NiIEx6mWL-ZYKjTHNMSldbyM_u2xPE&skuId=5310160343053
928359166326,【Humans Mades】 KAWS联名爱心猿人皮袖情侣棒球服夹克外套,499,¥,首单价,hongmingnan666,HumansMades,,9人付款,北京,"官方立减12%, 直降3元, 淘金币已抵9.98元, 退货宝, 包邮",版型:宽松型 | 基础风格:青春流行 | 适用季节:秋季,https://g-search2.alicdn.com/img/bao/uploaded/i4/i2/1040866226/O1CN01QgLmmz1vrYtrBPYOm_!!1040866226.png,//item.taobao.com/item.htm?id=928359166326&ns=1&abbucket=10&xxc=taobaoSearch&mi_id=00009X9c6X6tsimykm90EDFg4g_HRpTRAGCbZVUNMIgX9Ek&skuId=5770087855307
666948363410,被压扁的mand kaws脸朝下公仔手办平躺kwas潮流居家桌面摆件现货,399,¥,券后价,tb4476160662,靠谱青年Lab,,1人付款,浙江 杭州,"官方立减12%, 淘金币已抵11.94元, 30天价保, 退货宝, 包邮",出售状态:现货 | 款式特点:静态 | 选购热点:暴力熊,https://g-search3.alicdn.com/img/bao/uploaded/i4/i1/2206804004995/O1CN01msWO761mll58tyKBf_!!2206804004995.jpg,//item.taobao.com/item.htm?id=666948363410&ns=1&abbucket=10&xxc=taobaoSearch&mi_id=0000yo5vCaQA_mP1gNnSK2UqAL46anWDSH9q9a7dPrIVQzw&skuId=4977861127431
692641945562,荣威科莱威卡通米奇车贴纸 宏光mini芝麻街kaws可爱动漫拉花奇瑞Q,52.9,¥,券后价,斌斌车饰8,路遥汽车装饰,11年老店,4人付款,广东 广州,"淘金币已抵1.05元, 包邮",材质:贴纸 | 图案:卡通动漫,https://g-search1.alicdn.com/img/bao/uploaded/i4/i2/2342971283/O1CN018Cw3IY1LLewmYxO03_!!2342971283.jpg,//item.taobao.com/item.htm?id=692641945562&ns=1&abbucket=10&xxc=taobaoSearch&mi_id=00002Yvv_zjKDgvXStNPUa_o7phdyaGGuQP2EKLlWYfovtE&skuId=4920560377695
1013481616785,网红kaws公仔潮玩考斯捂脸芝麻街存钱罐客厅软装桌面玄关装饰摆件,104.9,¥,券后价,tb892705442,淘小宝高档轻奢摆件,,2人看过,浙江 金华,"官方立减12%, 淘金币已抵1.04元, 包邮",,https://g-search2.alicdn.com/img/bao/uploaded/i4/i2/2218572658230/O1CN01mq0q7h2AfOjqmoRQV_!!2218572658230.jpg,//item.taobao.com/item.htm?id=1013481616785&ns=1&abbucket=10&xxc=taobaoSearch&mi_id=0000iONFUhpGS9SF8w4eR2DONgMJHbiP8hDoNPoFyC8GTbQ&skuId=6179700346541
1002170827627,Kaws挂画潮牌暴力熊客厅沙发落地画现代简约玄关壁画直播间装饰画,35,¥,券后价,英特康旗舰店,英特康旗舰店,,0人付款,河南 安阳,"超级立减10%, 店铺满158减5, 退货宝, 上门安装, 包邮",材质:实木 | 画框材质:金属 | 图案主题:卡通动漫 | 适用空间:客厅 | 风格匹配:现代简约 | 装裱方式:有框 | 画芯材质:布纹膜,https://g-search3.alicdn.com/img/bao/uploaded/i4/i3/2219407880337/O1CN01HhaaTq1EMOaT6m8eJ_!!4611686018427383953-0-item_pic.jpg,//detail.tmall.com/item.htm?id=1002170827627&ns=1&abbucket=10&xxc=taobaoSearch&mi_id=00002BWwu_Sp36PT6YISwbEnMzXd_jAyatJrnFL0sVmPmhE&skuId=5994671129887
692571386795,网红暴风白兵大摆件发光kaws潮酷公仔雕塑客厅拍照打卡美陈落地,200,¥,,tb6355084130,锦鲤潮摆雕塑,5年老店,0人付款,福建 泉州,包邮,主体材质:卡通 | 表面工艺:雕刻 | 摆放方式:落地,https://g-search3.alicdn.com/img/bao/uploaded/i4/i3/2209005138563/O1CN019zBViz2D7uJ2Rv32a_!!2209005138563.jpg,//item.taobao.com/item.htm?id=692571386795&ns=1&abbucket=10&xxc=taobaoSearch&mi_id=0000dL6IGiaQk2evD4zrqoC7ixZBR77wzTzCks89juN4Fi0&skuId=5090871539431
670673286367,网红Kaws熊积木熊克莱因蓝大摆件客厅电视柜旁边落地公仔软装雕塑,2576,¥,券后价,tb6272760493,星阁空间,,13人付款,广东 深圳,"官方立减12%, 退货宝, 包邮, 公益宝贝",表面工艺:纯手工 | 主体材质:卡通 | 摆放方式:落地,https://g-search3.alicdn.com/img/bao/uploaded/i4/i4/2210996406987/O1CN01MmAqB921U6QkL3aVY_!!2210996406987.jpg,//item.taobao.com/item.htm?id=670673286367&ns=1&abbucket=10&xxc=taobaoSearch&mi_id=0000BgZ-JZJR6alBaJp-NAGQokREIriSvaeQP1QEP40n-p4&skuId=5430951309128
775702777944,超大号鼠标垫子快捷键Kaws电竞游戏键盘垫写字垫笔记本电脑垫定制,33.6,¥,,棕雕旗舰店,棕雕旗舰店,回头客1万,5人付款,广东 深圳,包邮,材质:橡胶 | 厚度:4mm | 适用型号:通用 | 尺寸:400x900mm,https://g-search1.alicdn.com/img/bao/uploaded/i4/i3/2207666409755/O1CN019aP51r2LvqYpWIPwV_!!0-item_pic.jpg,//detail.tmall.com/item.htm?id=775702777944&ns=1&abbucket=10&xxc=taobaoSearch&mi_id=0000-e5tnLvqDjca_kdK6Jul1zo31QAanPvIozlZjBr5_1M&skuId=5306640973515
1013308915484,暴力熊跑车客厅装饰画轻奢高级感沙发背景墙面壁画潮流Kaws三联画,154.8,¥,,浣溪沙装饰画,浣溪沙装饰画,,3人付款,河南 商丘,包邮,,https://g-search3.alicdn.com/img/bao/uploaded/i4/i2/2221009900092/O1CN01kVyBxv1CYBYHYrx5t_!!4611686018427384380-0-item_pic.jpg,//item.taobao.com/item.htm?id=1013308915484&ns=1&abbucket=10&xxc=taobaoSearch&mi_id=0000mrTIorjRf53O9KGWAVnVD7DP5pMjgOEjs7TofXIfJ1I&skuId=6184468994628
963833940340,KAWS潮牌公仔暴力熊屏风隔断客厅简约现代网红折叠移动装饰折屏,60,¥,券后价,花牌同学05,花牌同学05,9年老店,0人付款,广东 广州,"淘金币已抵1.2元, 包邮",材质:木 | 款式定位:经济型 | 风格:简约现代 | 是否可定制:可定制 | 饰面材质:油画布 | 图案:植物 | 连接方式:折叠 | 适用场景:卫生间/洗衣区 | 附加功能:便于拆装和清洁,https://g-search1.alicdn.com/img/bao/uploaded/i4/i3/2564410108/O1CN015hcrzt1CfVtgTM1Tb_!!2564410108.jpg,//item.taobao.com/item.htm?id=963833940340&ns=1&abbucket=10&xxc=taobaoSearch&mi_id=0000twdQAMJbWnoaLZy73cv6DM54AIrALUFpEDrd1bPdFkE&skuId=6031208889410
1019953341613,kaws挂画客厅装饰画简约高级感三联壁画潮牌沙发背景墙挂画暴力熊,168,¥,券后价,卿卿如艺旗舰店,卿卿如艺旗舰店,,0人付款,北京,"官方立减12%, 退货宝, 包邮",图案主题:卡通动漫 | 适用空间:客厅 | 风格匹配:现代简约 | 画芯材质:布纹膜,https://g-search1.alicdn.com/img/bao/uploaded/i4/i1/O1CN012pUCwq1WkML92LkaF_!!4611686018427383722-0-item_pic.jpg,//detail.tmall.com/item.htm?id=1019953341613&ns=1&abbucket=10&xxc=taobaoSearch&mi_id=00004zwfoB07ooKbPilueJAQnLCvKI6da6Gd4BTgJDaEF6g&skuId=6194696482585
966033310910,潮牌芝麻街公仔KAWS挂画LED霓虹灯潮流发光灯画潮玩买手店装饰画,122.5,¥,券后价,丽莎时尚家居,丽莎艺术灯光画,,0人付款,广东 广州,"官方立减12%, 退货宝, 上门安装, 包邮",画芯材质:油画布 | 图案主题:卡通动漫 | 适用空间:通用 | 风格匹配:潮流,https://g-search1.alicdn.com/img/bao/uploaded/i4/i1/2212829548571/O1CN01Zbbix42DBZeHryUuC_!!2212829548571.jpg,//item.taobao.com/item.htm?id=966033310910&ns=1&abbucket=10&xxc=taobaoSearch&mi_id=000077pJJzC2w_lE-L7IXiJMZ5hkjxmnVqvQzJG9PCJQCZc&skuId=5676500091671
987765645800,KAWS适用小米17手机壳小米15新款17pro芝麻街14pro防摔10s男13卡通11全包ultra玻璃12潮牌civi4pro保护套趣味,58,¥,券后价,宝紫数码专营店,宝紫数码专营店,6年老店,3人付款,广东 深圳,"淘金币已抵0.33元, 包邮",是否使用环保材质:含环保材料 | 保护套质地:玻璃 | 工艺技术:彩绘 | 适用手机型号:小米 10 | 适用手机机型:MIUI/小米,https://g-search2.alicdn.com/img/bao/uploaded/i4/i4/2206440231430/O1CN01ErDSey1MQzTLkwYV7_!!4611686018427384326-0-item_pic.jpg,//detail.tmall.com/item.htm?id=987765645800&ns=1&abbucket=10&xxc=taobaoSearch&mi_id=0000HG30KXMtnboQ0Rngis4HFCORRXamyfnsgN5WdsCTn1U&skuId=5951162548639
895443035399,ins汽车摆件KAWS考斯X眼网红潮流公仔摇头AJ个性车载车内装饰用品,46.38,¥,,tb3388754584,福财坊,,6人付款,广东 广州,"新品, 退货宝, 包邮",,https://g-search1.alicdn.com/img/bao/uploaded/i4/i3/2219076076442/O1CN01xewpJU1xSUUj2M9Lh_!!2219076076442.jpg,//item.taobao.com/item.htm?id=895443035399&ns=1&abbucket=10&xxc=taobaoSearch&mi_id=0000zn6x_0ainZsohbs3ztEx2JZfTpdwecMkoYNOzFNEcxw&skuId=5746865904673
925139169609,现代简约客厅装饰画潮牌暴力熊沙发背景墙挂画kaws乐高积木三联画,239.4,¥,,听雨眠小筑,听雨眠小筑的小店73,,0人付款,河南 郑州,包邮,图案主题:抽象 | 风格匹配:现代简约,https://g-search3.alicdn.com/img/bao/uploaded/i4/i4/2221457194421/O1CN01QlK0g01iWs80dDlep_!!2221457194421.jpg,//item.taobao.com/item.htm?id=925139169609&ns=1&abbucket=10&xxc=taobaoSearch&mi_id=0000f_AgIBAOeQFqg5PFs9bL9XltIdgPg72-OZb5oRN2IP8&skuId=6027856484909
957122967887,专柜新款Ornate Tiger新款豹纹樱桃印花短袖圆领纯棉T恤情侣上衣,288,¥,券后价,吉吉熙灯饰,鬼虎家线上正品总店,,6人付款,福建 泉州,"超级立减10%, 店铺满100减10, 退货宝, 48小时内发, 包邮",材质成分:棉100% | 版型分类:宽松型 | 适用体型:通用型 | 面料:纯棉 | 图案:印花 | 适用性别:男女通用,https://g-search3.alicdn.com/img/bao/uploaded/i4/i2/2967295215/O1CN01MRuFJ51oOWbPUQh4P_!!2967295215.jpg,//item.taobao.com/item.htm?id=957122967887&ns=1&abbucket=10&xxc=taobaoSearch&mi_id=0000oTZMtMtHvXE6NAaNMGZrOxq3KV9p4hi9MAcaelq6vl4&skuId=6022952273852
963230537657,kaws暴力熊入户玄关装饰画现代简约走廊过道挂画客厅落地轻奢壁画,49.6,¥,券后价,小满生活仓11,小满生活仓11的小店97,,0人付款,福建 三明,"官方立减12%, 淘金币已抵1.48元, 退货宝, 包邮",画芯材质:油画布 | 风格匹配:现代简约 | 装裱方式:有框,https://g-search3.alicdn.com/img/bao/uploaded/i4/i2/2221447331998/O1CN010X6sa11Qd8Scqek6r_!!2221447331998-0-scmitem176000.jpg,//item.taobao.com/item.htm?id=963230537657&ns=1&abbucket=10&xxc=taobaoSearch&mi_id=0000P1OuEQr0zHiK6Ki-fCCbbeWmv2O0PFBSLx9PZXUB1eU&skuId=6194141139306
635358418003,炫轩kaws芝麻街潮牌XX眼车贴个性电动车摩托车小牛汽车车身贴纸,15,¥,券后价,炫轩汽车用品专营店,炫轩汽车用品专营店,15年老店,29人付款,广东 广州,"淘金币已抵0.37元, 退货宝, 包邮, 公益宝贝",图案主题:自然元素 | 品牌:炫轩,https://g-search3.alicdn.com/img/bao/uploaded/i4/i1/666900009/O1CN014g9JmU1BwADHzYDaF_!!0-item_pic.jpg,//detail.tmall.com/item.htm?id=635358418003&ns=1&abbucket=10&xxc=taobaoSearch&mi_id=0000uO4apMyfx78kD8gZiqx3sl1h20GebcC_qJPuEZamBoY&skuId=4546796961422
769646760742,kaws公仔适用苹果14promax手机壳iphone15新款13硅胶14pro个性12高级感11全包xs防摔8plus涂鸦max的15pro男款,39.6,¥,券后价,永兴盈数码店,永兴盈数码,13年老店,4人付款,广东 深圳,"淘金币已抵0.59元, 包邮",是否使用环保材质:含环保材料 | 保护套质地:硅胶 | 功能:防摔 | 适用手机型号:iPhone 14 Pro Max | 风格:卡通 | 适用手机机型:Apple/苹果 | 品牌:朗鸥,https://g-search1.alicdn.com/img/bao/uploaded/i4/i4/1107595037/O1CN01bxjJYv1n4zuXDievi_!!0-item_pic.jpg,//item.taobao.com/item.htm?id=769646760742&ns=1&abbucket=10&xxc=taobaoSearch&mi_id=0000xV7omx1603eSmhmq80VmdgGHFvm_qpPvgRfKR_73vuo&skuId=5275904852912
1017092473020,网红kaws大摆件芝麻街公仔玻璃钢雕塑户外商场店铺客厅装饰落地,840,¥,,曲阳火星雕塑,曲阳火星雕塑,,0人付款,福建 泉州,包邮,主体材质:布朗熊 | 摆放方式:落地,https://g-search3.alicdn.com/img/bao/uploaded/i4/i4/2219861113120/O1CN01kRil981Yv0qTqtlLJ_!!2219861113120.jpg,//item.taobao.com/item.htm?id=1017092473020&ns=1&abbucket=10&xxc=taobaoSearch&mi_id=0000vGc7o4Yzta9c0Ar8PQTjkVR8BD0bH-vA_NQ6le0chlY&skuId=6189544102585
979893093513,搞钱做慈善 三本针310纯棉双纱！向上侠不透美式情侣女长袖T恤男,49.9,¥,券后价,亮亮时尚鞋行,搞钱做慈善工作室,回头客30万,300+人付款,广东 广州,"超级立减3元, 48小时内发, 包邮",材质成分:棉100% | 版型分类:宽松型 | 面料:棉 | 图案:人物 | 适用性别:男女通用 | 适用人群:青年,https://g-search3.alicdn.com/img/bao/uploaded/i4/i2/839766424/O1CN01Rw9qES1xKFQ2A82CH_!!839766424.png,//item.taobao.com/item.htm?id=979893093513&ns=1&abbucket=10&xxc=taobaoSearch&mi_id=0000WLv0bXTP_FiMnFIbzsgNMMKJLJJY4iDVP-k9SM4yHOo&skuId=6102445519695
923094103383,【德国&CHAWIARS】大头鞋男潮2026新款复古丑萌低帮休闲增高板鞋,358,¥,券后价,chawiars潮维士旗舰店,chawiars潮维士旗舰店,8年老店,3人付款,福建 莆田,"超级立减10%, 店铺满100减5, 退货宝, 包邮",风格:休闲 | 鞋面材质:混合材质 | 鞋跟高:低跟(小于3cm) | 款式:板鞋 | 鞋头款式:圆头 | 季节:春秋 | 功能:透气 | 适用对象:青年,https://g-search2.alicdn.com/img/bao/uploaded/i4/i2/3478352569/O1CN01L8jvr91Uqec3XVScF_!!4611686018427384505-0-item_pic.jpg,//detail.tmall.com/item.htm?id=923094103383&ns=1&abbucket=10&xxc=taobaoSearch&mi_id=0000159q1gRNpWSeQTij-R5QOpaJ3VtzeckypAe0egQ69J8&skuId=6024789969894
903715181100,潮牌暴力熊kaws人物宝宝生日宴十周岁成人礼活动背景KT板AI设计素,2.7,¥,,tb902419963,点彩设计素材,,0人付款,广东 深圳,包邮,,https://g-search3.alicdn.com/img/bao/uploaded/i4/i1/2217440201046/O1CN01evmC8V1Jb7KUCzOsw_!!2217440201046.jpg,//item.taobao.com/item.htm?id=903715181100&ns=1&abbucket=10&xxc=taobaoSearch&mi_id=0000iuHo1tO6qwDMu7lJ1wFb0pxlSlSS7r4_kFHuV1iZeFE&skuId=null
967609157477,正确版高端复古德训鞋男鞋女2026新款平底休闲板鞋情侣运动阿甘鞋,258,¥,券后价,阿帕图旗舰店,阿帕图旗舰店,8年老店,10人付款,福建 莆田,"官方立减12%, 包邮",鞋面材质:二层牛皮（除牛反绒） | 风格:青春潮流 | 款式:板鞋 | 鞋头款式:圆头 | 季节:春秋 | 品牌:APATOW/阿帕图 | 功能:透气 | 适用对象:青年,https://g-search1.alicdn.com/img/bao/uploaded/i4/i4/3393394989/O1CN01GFzcW61mj15eh1chL_!!4611686018427386157-0-item_pic.jpg,//detail.tmall.com/item.htm?id=967609157477&ns=1&abbucket=10&xxc=taobaoSearch&mi_id=0000lwwa4orQOoS-f_cbVE5_9d0zoJ6MgALyj8ouq0S8u4o&skuId=6182873387770
590544416763,时尚潮牌KAWS芝麻街魔术贴臂章陈冠希CLOT布贴刺绣DIY潮流熨斗贴,8.8,¥,券后价,皮带物语,国旗大王,18年老店,11人付款,广东 中山,"官方立减12%, 淘金币已抵0.44元, 退货宝",,https://g-search2.alicdn.com/img/bao/uploaded/i4/i3/59481111/O1CN01ZUSp5k1K4sXeNXtQN_!!0-item_pic.jpg,//item.taobao.com/item.htm?id=590544416763&ns=1&abbucket=10&xxc=taobaoSearch&mi_id=00006kkcNYOcjbPTo8shA472idV6DVzlX8zAyBt2r1W2ma4&skuId=4220996050034
1017529639777,kaws挂画潮牌涂鸦装饰画餐厅波普大幅画儿童卧室卡通两联画Victor,91.8,¥,,tb021133189,淘小宝装饰画,,0人付款,江苏 徐州,包邮,画芯材质:油画布 | 图案主题:卡通动漫 | 适用空间:餐厅 | 装裱方式:有框,https://g-search2.alicdn.com/img/bao/uploaded/i4/i2/2928325450/O1CN01JAuieW1q89gCrPk4J_!!2928325450-0-scmitem176000.jpg,//item.taobao.com/item.htm?id=1017529639777&ns=1&abbucket=10&xxc=taobaoSearch&mi_id=00002XwhUDz4Cm3MaCiucygU4YCZrShG7rnYB6wnlyIjaOQ&skuId=6193650495084
1018040652592,kaws暴力熊客厅装饰画2023年新款轻奢沙发背景挂画高级感三联壁画,534.6,¥,,光养妍旗舰店,光养妍旗舰店,,1人付款,河南 新乡,包邮,图案主题:卡通动漫 | 装裱方式:有框 | 画芯材质:水晶膜,https://g-search3.alicdn.com/img/bao/uploaded/i4/i2/O1CN01GIGSnd1WkMOXkkdET_!!4611686018427383722-0-item_pic.jpg,//detail.tmall.com/item.htm?id=1018040652592&ns=1&abbucket=10&xxc=taobaoSearch&mi_id=0000K7d8kwkpsr4k-pbVUMniG9kWENzqaIxdLK4oZ6wVa1Y&skuId=6025505133936
839420234535,搞钱做慈善 三本针310纯棉双纱！向上侠不透美式情侣女长袖T恤男,49.9,¥,券后价,亮亮时尚鞋行,搞钱做慈善工作室,回头客30万,1000+人付款,广东 汕头,"超级立减10%, 48小时内发, 包邮",材质成分:棉100% | 版型分类:宽松型 | 面料:棉 | 图案:印花 | 适用性别:男女通用 | 适用人群:青年,https://g-search2.alicdn.com/img/bao/uploaded/i4/i3/839766424/O1CN01bwLqQ11xKFK1Ja0vL_!!839766424.png,//item.taobao.com/item.htm?id=839420234535&ns=1&abbucket=10&xxc=taobaoSearch&mi_id=0000QIbxEYFkSsKXWsVZ5_Y1ZAzan86StaMsv1KfzoTrftc&skuId=5770792578185
1017262619494,KAWS潮牌客厅装饰画暴力熊动漫玄关过道挂画沙发背景墙大尺寸壁画,88,¥,券后价,辞悠鸿升专卖店,辞悠鸿升专卖店,,0人付款,河南 郑州,"官方立减12%, 退货宝, 包邮",画芯材质:油画布 | 图案主题:卡通动漫 | 适用空间:客厅 | 风格匹配:潮流 | 装裱方式:有框,https://g-search2.alicdn.com/img/bao/uploaded/i4/i2/O1CN01HD7myl25HW0SydG65_!!1693007501-0-scmitem176000.jpg,//detail.tmall.com/item.htm?id=1017262619494&ns=1&abbucket=10&xxc=taobaoSearch&mi_id=0000gYlC8EXVA7HFzsRoiPy946jpIL5oJeKsSLJQnAF6N2M&skuId=6192561910110
,,,,,,,,,,,,,
957690628908,潮牌kaws客厅装饰画现代轻奢A饭厅三联画网红暴力熊沙发背景墙画,32,¥,,tb9178369451,tb9178369451,,0人付款,广东 汕头,"退货宝, 包邮",适用空间:客厅 | 装裱方式:无框 | 画芯材质:布纹膜,https://g-search1.alicdn.com/img/bao/uploaded/i4/i2/2219874518736/O1CN01H9pF2x1VHflKaKy7H_!!0-item_pic.jpg,//item.taobao.com/item.htm?id=957690628908&ns=1&abbucket=10&xxc=taobaoSearch&mi_id=0000kbBhzvEhAdUFQ9bjX3cIuVRQHT0ZiChuzSdciOfMZSQ&skuId=6195744038400
962303753033,搞钱做慈善 3A260克纯棉双纱！向上侠！重磅情侣女宽松短袖T恤男,39.8,¥,券后价,亮亮时尚鞋行,搞钱做慈善工作室,回头客30万,1万+人付款,广东 揭阳,"超级立减2.7元, 48小时内发, 包邮",材质成分:棉100% | 版型分类:宽松型 | 面料:棉 | 适用性别:男女通用,https://g-search2.alicdn.com/img/bao/uploaded/i4/i4/839766424/O1CN01dnAQdg1xKFMHQUkiT_!!839766424.jpg,//item.taobao.com/item.htm?id=962303753033&ns=1&abbucket=10&xxc=taobaoSearch&mi_id=0000FqW9B4uCHYCh3OaxqoYD1a4GJr9mWQLT53CKNd9UN9E&skuId=5588409462392
735938675282,BurningDreamers秋冬新品小领口刺绣格子布长袖t恤潮流宽松情侣款,168,¥,券后价,tb73763478,BurningDreamers,,3000+人付款,山东 潍坊,"官方立减22元, ifashion, 48小时内发, 包邮, 公益宝贝",版型分类:宽松型 | 适用人群:青年,https://gw.alicdn.com/imgextra/O1CN01bWQpPj1hjPLbIApFU_!!3793744313-0-picasso.jpg,//item.taobao.com/item.htm?id=735938675282&ns=1&abbucket=10&xxc=taobaoSearch&mi_id=0000NWxVC3toQIQAr5k8CGwfnGTvYChVwDvm46oJ_By5mww&skuId=5257781971383
784317061591,搞钱做慈善 3A260克纯棉双纱！向上侠！重磅情侣女宽松短袖T恤男,39.8,¥,券后价,亮亮时尚鞋行,搞钱做慈善工作室,回头客30万,5000+人付款,广东 汕头,"官方立减12%, 48小时内发, 包邮",材质成分:棉100% | 版型分类:宽松型 | 面料:棉 | 适用性别:男女通用,https://g-search3.alicdn.com/img/bao/uploaded/i4/i2/839766424/O1CN01AojHAh1xKFH8DCTR0_!!839766424.jpg,//item.taobao.com/item.htm?id=784317061591&ns=1&abbucket=10&xxc=taobaoSearch&mi_id=0000cxCGhWnO_CJbH2bleQE6-qEl7jDhIPqWMVUtOFYIro0&skuId=5426247961461
961838711071,重磅100%纯棉长袖T恤男女秋冬款猫和老鼠印花休闲百搭宽松圆领,39.89,¥,,tb5078461664,勇恒之创,,45人付款,广东 揭阳,"超级立减3.3元, 淘金币已抵2.98元, 退货宝, 包邮",材质成分:棉100% | 版型分类:标准 | 适用体型:通用型 | 面料:纯棉 | 图案:卡通动漫 | 适用性别:男女通用 | 适用人群:中青年 | 衣长类型:长款,https://g-search1.alicdn.com/img/bao/uploaded/i4/i1/2220654557780/O1CN0112b7Re27LIU5voCdf_!!2220654557780.jpg,//item.taobao.com/item.htm?id=961838711071&ns=1&abbucket=10&xxc=taobaoSearch&mi_id=0000czCReLUoqT15ssaE_i16rgcmZq1yGV3wYk1InXOY1GA&skuId=5938243869603
987896003323,美式咖啡迷你系列治愈系汽车摆件车载中控台显示屏装饰车内小摆件,9.9,¥,券后价,caoqi5201314,GUODUO饰界,,1000+人付款,福建 莆田,"官方立减12%, 包邮",,https://g-search3.alicdn.com/img/bao/uploaded/i4/i1/612067/O1CN019w5ttm1R8jldYC7Kb_!!612067.jpg,//item.taobao.com/item.htm?id=987896003323&ns=1&abbucket=10&xxc=taobaoSearch&mi_id=00001Y7tBxjRAOn_2SaoXP8LgXf3hjMP000Jd_fbkPPFLvQ&skuId=6120691828000
1000809932904,正品aj1黑白熊猫板鞋烟灰运动鞋低帮aj男鞋dunk情侣秋冬休闲鞋女,128,¥,,tb7146861954,耐 克 奧特體育品牌特惠店,,400+人付款,福建 泉州,包邮,,https://g-search2.alicdn.com/img/bao/uploaded/i4/i2/2213216992247/O1CN01vBUG501STB4DheXpH_!!2213216992247.png,//item.taobao.com/item.htm?id=1000809932904&ns=1&abbucket=10&xxc=taobaoSearch&mi_id=00003kcKeJBpA5AwZXFALNVYxD8oA1OjBxK274K2FcIfsJE&skuId=5984576376481
966307011426,纯棉长袖T恤男青少年痞帅秋季新款个性印花宽松百搭休闲潮流上衣,42.2,¥,券后价,百囧男装,伯子服饰官方企业店,6年老店,82人付款,浙江 杭州,"官方立减12%, 48小时内发, 包邮",材质成分:棉100% | 版型分类:宽松型 | 适用体型:直筒型 | 面料:纯棉 | 适用性别:男士 | 适用人群:青少年,https://g-search2.alicdn.com/img/bao/uploaded/i4/i4/3236592001/O1CN01EXJO4e1QeVcCYyava_!!3236592001.jpg,//item.taobao.com/item.htm?id=966307011426&ns=1&abbucket=10&xxc=taobaoSearch&mi_id=0000TvUviuxSCHyvLzxXj5HhtpHU5UlVSkbIVQmU6EOX-KM&skuId=5914271321794
1019824286654,kaws挂画客厅装饰画简约高级感三联壁画潮牌沙发背景墙挂画暴力熊,266,¥,券后价,tb4122332261,青绿画院装饰画,,0人付款,浙江 杭州,"淘金币已抵0.79元, 包邮",图案主题:卡通动漫 | 风格匹配:现代简约,https://g-search3.alicdn.com/img/bao/uploaded/i4/i1/2221009900092/O1CN01cE1Zov1CYBYZlJwpu_!!4611686018427384380-0-item_pic.jpg,//item.taobao.com/item.htm?id=1019824286654&ns=1&abbucket=10&xxc=taobaoSearch&mi_id=0000mJbowzMJ9JfuwRtluRP2DvAEkMyLJpLeHCgPe22SMhI&skuId=6031385201900
1008918233354,卡通车贴蜡笔小新创可贴电摩汽车身划痕遮挡装饰行李机箱电脑贴纸,11.6,¥,券后价,瑞迪雅车品专营店,瑞迪雅车品专营店,5年老店,18人付款,广东 广州,"店铺满4减1, 退货宝, 包邮",材质:贴纸 | 品牌:章字节 | 功能:装饰,https://g-search3.alicdn.com/img/bao/uploaded/i4/i3/2208089002629/O1CN01K7KWQg1VI8N7EG8Un_!!4611686018427384453-0-item_pic.jpg,//detail.tmall.com/item.htm?id=1008918233354&ns=1&abbucket=10&xxc=taobaoSearch&mi_id=0000i8xhSKtk5sB259-o07mU4Gi710cuBLCmhf2B4HzDf1A&skuId=6172804471451
973871557877,24SS 上海开业限定 box logo tee 豹纹BOGO卫衣帽衫男女同款情侣,288,¥,券后价,ai334600,枪哥 只认钱,,7人付款,广东 广州,"官方立减12%,  3期, 退货宝, 包邮",版型分类:宽松型 | 领型设计:连帽 | 材质成分:棉100%,https://g-search3.alicdn.com/img/bao/uploaded/i4/i2/721747964/O1CN017x26fm28hZDnpOGsi_!!721747964.jpg,//item.taobao.com/item.htm?id=973871557877&ns=1&abbucket=10&xxc=taobaoSearch&mi_id=0000OvrpzZWee88pMwYoFXoNk9NTTV7YDQgT3l9FVIBWk00&skuId=5416499973601
842955912866,适用苹果17手机壳拼接KAWS图iphone15/16ProMax背带斜挎14pro挂绳手腕带支架13挂脖套12mini女新款plus软,58,¥,券后价,宸牧数码旗舰店,宸牧数码旗舰店,,3人付款,广东 深圳,"官方立减12%, 包邮",保护套质地:仿皮 | 适用手机型号:iPhone 11 Pro Max | 品牌:宸牧,https://g-search3.alicdn.com/img/bao/uploaded/i4/i4/2215812522458/O1CN016iLLRt1U1oWpzipHF_!!0-item_pic.jpg,//detail.tmall.com/item.htm?id=842955912866&ns=1&abbucket=10&xxc=taobaoSearch&mi_id=0000LeNzjWDfwIrFh0WoDpHkAY7TPh77E6lJakHaAQJg_gs&skuId=5918812588380
1006301770593,议价Human Made x Kaws Tote Bag联名帆布,2407.8,¥,券后价,极地之怒,极地之怒的小店,,0人付款,浙江 杭州,"淘金币已抵31.7元, 包邮",,https://g-search3.alicdn.com/img/bao/uploaded/i4/i4/2212363179966/O1CN01BeuIKQ2NUUIzuR7UO_!!2212363179966.jpg,//item.taobao.com/item.htm?id=1006301770593&ns=1&abbucket=10&xxc=taobaoSearch&mi_id=00004QUdeD1eSyyYDmydbemfxV8toKV93zD4iRYEioLd9cE&skuId=null
677666045146,kaws潮牌走廊过道装饰画暴力熊动漫玄关挂画沙发背景墙卧室墙画,69,¥,券后价,lpx675143690,星火家居装饰,,9人付款,河南 商丘,"官方立减12%, 退货宝, 上门安装, 包邮, 公益宝贝",画框材质:金属 | 画芯材质:油画布 | 图案主题:卡通动漫 | 适用空间:走廊 | 风格匹配:北欧风 | 装裱方式:有框,https://g-search1.alicdn.com/img/bao/uploaded/i4/i2/1128274666/O1CN01fYwFmI1kL4rR2FY28_!!1128274666.jpg,//item.taobao.com/item.htm?id=677666045146&ns=1&abbucket=10&xxc=taobaoSearch&mi_id=0000WocRMaOFSgLMycxkW3945w8yRY6NygSuglvoKRkSWW8&skuId=5040702111820
642802686690,网红Kaws雕塑暴力熊大摆件公仔雕塑客厅卡通样板间电视柜旁边落地,2288,¥,券后价,tb28588124,宜尚软装雕塑摆件,,7人付款,安徽 合肥,"官方立减12%, 店铺满1000减50, 退货宝, 包邮",主体材质:卡通 | 表面工艺:半手工,https://g-search3.alicdn.com/img/bao/uploaded/i4/i1/4283147958/O1CN01PwYwlr28eoZ1gYDl5_!!4283147958.jpg,//item.taobao.com/item.htm?id=642802686690&ns=1&abbucket=10&xxc=taobaoSearch&mi_id=0000kMNyRKQ-VQnB1hoHvdWuF0p4RBGok5CJJBnm0j5a_Tk&skuId=4624035905209
916244594611,NASA联名泡泡纱柳钉短裤男夏季2025新款宽松百搭大码休闲五分裤子,199,¥,券后价,含笑葬花hlz,NASA国际品牌店,,200+人付款,福建 泉州,"官方立减12%,  3期, 退货宝, 包邮, 公益宝贝",品牌:nasa（服饰） | 裤型:休闲裤 | 功能:透气 | 尺码:XL | 尺码:4XL | 尺码:5XL | 尺码:6XL | 尺码:7XL | 尺码:8XL | 尺码:M | 尺码:L | 尺码:2XL | 尺码:3XL | 面料:聚酯纤维 | 风格:青春活力 | 裤长:短裤（穿起至膝盖以上） | 腰型:中腰 | 款式细节:钉珠 | 弹力:微弹 | 细分风格:潮 | 适用人群:青少年 | 厚薄:薄款 | 适用季节:夏季 | 裤脚口款式:直筒 | 上市年份季节:2025年夏季 | 面料工艺:免烫处理 | 产地:中国,https://g-search1.alicdn.com/img/bao/uploaded/i4/i2/2815352922/O1CN01DQHWLn1XSKM7HwjdO_!!2815352922.png,//item.taobao.com/item.htm?id=916244594611&ns=1&abbucket=10&xxc=taobaoSearch&mi_id=0000usS4Tv0fgQdFcqCIfwiM5icHogoJ6--winA8tqPtkVQ&skuId=5783307204901
910214422142,WE11DONE WHITE潮牌小熊限定植绒印花纯棉短袖男女os宽松情侣T恤,128,¥,,qqz1004013224,WELLDONE MARKET,,62人付款,广东 广州,"店铺满100减10, 退货宝, 包邮",版型分类:宽松型 | 图案:卡通动漫 | 适用性别:男女通用 | 适用人群:情侣,https://g-search3.alicdn.com/img/bao/uploaded/i4/i3/1652821066/O1CN01MwbFaL1JkH7vozBoo_!!1652821066.jpg,//item.taobao.com/item.htm?id=910214422142&ns=1&abbucket=10&xxc=taobaoSearch&mi_id=0000Lr3JIoFakowMLzYI9B7GWyTeZFfLK0t0vIUORQ9Fv_g
1017820254981,MRCOCO卡通潮玩黑白挂画kaws装饰画艺术简约落地画竖幅大尺寸画,203.28,¥,,宗秀鑫装饰店铺,宗秀鑫装饰店铺,,0人付款,山东 青岛,包邮,画芯材质:油画布 | 图案主题:风景 | 适用空间:客厅 | 装裱方式:有框,https://g-search2.alicdn.com/img/bao/uploaded/i4/i2/2220963295721/O1CN0104vNUX1s8H0tGQ0dV_!!2220963295721-0-scmitem176000.jpg,//item.taobao.com/item.htm?id=1017820254981&ns=1&abbucket=10&xxc=taobaoSearch&mi_id=0000h8ogi7VWPKohSDH26wH_HD0HzJHQ_QCql-eF9bAqkpQ
1012348624441,kaws玄关装饰画钟表挂钟客厅过道走廊挂画发光灯画暴力熊艺术时钟,132.5,¥,,优励片生活用品馆3,优励片生活用品馆3,,0人付款,河南 郑州,"店铺满30减1, 退货宝, 包邮",画芯材质:油画布 | 适用空间:玄关 | 装裱方式:有框,https://g-search2.alicdn.com/img/bao/uploaded/i4/i2/2220856651633/O1CN01UnWo2w1pUlXWi7MA2_!!4611686018427385188-0-item_pic.jpg,//item.taobao.com/item.htm?id=1012348624441&ns=1&abbucket=10&xxc=taobaoSearch&mi_id=0000bWnYUB55XvReo64SVVFfq3NpCu94qiwmRIE18j6WHzc
970864633296,可爱卡通三丽鸥头套小熊摆件车载中控屏电脑工位桌面解压治愈摆件,13.8,¥,,tb762680298,没头脑没烦恼,,2000+人付款,浙江 金华,"48小时内发, 包邮",主体材质:树脂 | 表面工艺:半手工 | 摆放方式:粘贴,https://g-search1.alicdn.com/img/bao/uploaded/i4/i4/2207430232436/O1CN01PzffQa1Trju30g0DC_!!2207430232436.jpg,//item.taobao.com/item.htm?id=970864633296&ns=1&abbucket=10&xxc=taobaoSearch&mi_id=0000ThYki4KLZ4SdT1b4gRZl63oXQSzXEFWeOuwKWYtPKvU
955177073962,WASSUP搞怪卡通印花短袖夏季男女同款T恤蓝色蜡染100%棉上半袖ins,69.9,¥,,tb509769977,Wassup Hsube国潮牌店,,300+人付款,广东 揭阳,"退货宝, 48小时内发, 包邮",材质成分:棉100% | 版型分类:宽松型 | 面料:棉 | 图案:卡通动漫 | 适用性别:男女通用 | 适用人群:青少年,https://g-search3.alicdn.com/img/bao/uploaded/i4/i4/2217578233605/O1CN012mbT9y1cV8tPAwvWF_!!2217578233605.jpg,//item.taobao.com/item.htm?id=955177073962&ns=1&abbucket=10&xxc=taobaoSearch&mi_id=0000TQsC5dn7r891xMsuOSvu3YcjqRDsA6rbQZtNgCfOUm8
971650423903,飘窗衣帽间简约现代儿童房Kaws主题性艺术风软装样板搭配组合摆件,85,¥,,a鑫88870426401,山海艺术 软装饰品仓,,0人付款,上海,退货宝,,https://g-search3.alicdn.com/img/bao/uploaded/i4/i2/4150374541/O1CN01OX837m1jPpUSVu8Ae_!!4150374541.jpg,//item.taobao.com/item.htm?id=971650423903&ns=1&abbucket=10&xxc=taobaoSearch&mi_id=0000LDK0oy3Xa2E-QbCNRiU_e33bpNEGhxb-DytF6Cbi5Eo
1016093498746,现代轻奢kaws电表箱装饰画潮流动漫暴力熊弱电箱开关盒挂画墙壁画,64.5,¥,,欢喜茜旗舰店,欢喜茜旗舰店,,1人付款,广西 梧州,包邮,画芯材质:晶瓷+油画布 | 图案主题:卡通动漫 | 装裱方式:有框,https://g-search3.alicdn.com/img/bao/uploaded/i4/i2/O1CN01wZaGFC1UtrI4tStAI_!!4611686018427382672-0-item_pic.jpg,//detail.tmall.com/item.htm?id=1016093498746&ns=1&abbucket=10&xxc=taobaoSearch&mi_id=0000tfYTxKaEO2ATM7fLLxgpM2V9mr7ldOohAZvaW9PR5Vg
971998989629,日系扎染脏脏卫裤男秋冬季加绒2025新款美式高街直筒运动休闲长裤,49.9,¥,,晓舒服饰店,二十三号,,6人付款,广东 广州,"退货宝, 48小时内发, 包邮",裤型:直筒裤 | 服装版型:宽松 | 适用季节:秋冬季 | 适用人群:男士 | 款式:休闲裤 | 适用场景:日常,https://g-search2.alicdn.com/img/bao/uploaded/i4/i4/2210935239066/O1CN01HMdDkw2GqHqkivSmx_!!2210935239066.jpg,//item.taobao.com/item.htm?id=971998989629&ns=1&abbucket=10&xxc=taobaoSearch&mi_id=00005nF7XNETqPkAHUOkmBZMJiiWrdkJhVv5O954JUrXyuo
975632700700,美式重磅纯棉夏季短袖t恤男痞帅小众潮流印花宽松圆领半袖ins上衣,99,¥,,庄氏服装潮流,来发男装,7年老店,600+人付款,广东 揭阳,"新品, 退货宝, 48小时内发, 包邮, 公益宝贝",材质成分:棉100% | 版型分类:宽松型 | 面料:纯棉 | 图案:印花 | 适用性别:男士 | 适用人群:青年,https://g-search1.alicdn.com/img/bao/uploaded/i4/i4/1643767668/O1CN01A4ST3O26W04R3vYSR_!!1643767668.jpg,//item.taobao.com/item.htm?id=975632700700&ns=1&abbucket=10&xxc=taobaoSearch&mi_id=0000I94h4vk-y6wjs9omk1UPR2tyuNROpNeqJxZw3TAttnM
1013125376315,厚底板鞋增高黑色鞋子2025巨好看的男鞋莆田新款痞帅爆款真皮加绒,25.8,¥,,卿本佳人女鞋店,品牌乐购男鞋店,,3人付款,浙江 温州,"退货宝, 包邮",风格:青春潮流 | 鞋面材质:合成革 | 鞋跟高:中跟(3-5cm) | 款式:板鞋 | 鞋头款式:圆头 | 季节:春秋 | 功能:耐磨 | 适用对象:青年,https://g-search3.alicdn.com/img/bao/uploaded/i4/i1/2216473885716/O1CN01BI5Wyn1s5z1s27IWR_!!2216473885716.jpg,//item.taobao.com/item.htm?id=1013125376315&ns=1&abbucket=10&xxc=taobaoSearch&mi_id=0000KClgZZl11KXoYdUx2xhQOMInhn7HuVPEPI2Cudo8Adk
962634678958,kaws装饰画客厅沙发背景墙面潮流挂画电竞酒店暴力熊卧室房间壁画,88,¥,券后价,咏朦鸿升专卖店,咏朦鸿升专卖店,,0人付款,河南 郑州,"退货宝, 包邮",图案主题:卡通动漫 | 适用空间:客厅,https://g-search3.alicdn.com/img/bao/uploaded/i4/i4/2219823146508/O1CN016UTCDo1xwiiZIklOC_!!4611686018427381260-0-item_pic.jpg,//detail.tmall.com/item.htm?id=962634678958&ns=1&abbucket=10&xxc=taobaoSearch&mi_id=0000SGtKAYGtbgIax0uaOjaiIfQSlD7hDjCNg_lEEb99RLk&skuId=6194732986254
888632609196,drew官网旗舰店手绘麻将蜡笔小新短袖t恤男女夏纯棉宽松情侣装ins,38,¥,券后价,诚实的老板,DREW潮牌,回头客1万,1000+人付款,广东 揭阳,"官方立减12%, 退货宝, 48小时内发, 包邮",版型分类:宽松型 | 适用体型:通用型 | 面料:棉 | 适用性别:男女通用 | 适用人群:青少年,https://g-search2.alicdn.com/img/bao/uploaded/i4/i1/2865746329/O1CN01DlrDKe1wcjjbOfgVC_!!2865746329.jpg,//item.taobao.com/item.htm?id=888632609196&ns=1&abbucket=10&xxc=taobaoSearch&mi_id=0000ph9VDYPlPDvdYT0TFt9z-XYqArjbYz0vT6xSrOeBJzk&skuId=5732161568372
659738883287,IYOUTH潮流艺术限量KAWS FAMILY棕蓝白黑色限量公仔手办玩偶摆件,13000,¥,,sky云宰,IYOUTH STUDIO,11年老店,0人付款,上海,"退货宝, 全球购, 包邮",品牌:KAWS | 出售状态:现货 | 尺寸:35×31×14.2CM,https://g-search1.alicdn.com/img/bao/uploaded/i4/i4/106590698/O1CN01qBBRhV1H1jAaYqjsd_!!106590698.jpg,//item.taobao.com/item.htm?id=659738883287&ns=1&abbucket=10&xxc=taobaoSearch&mi_id=0000Lkr7LCu44WjbQzBKiElhu-mza58iEL4sL1W_LOQ4s9s&skuId=4925751990403
816718878901,潮牌适用AirPods耳机壳kaws暴力熊苹果耳机保护套一体AirPods4创意airpodspro2耳机套二代无线皮质软壳四代男,38.8,¥,券后价,诺亚小帅,新北数码大亨,8年老店,2人付款,广东 深圳,"官方立减12%, 退货宝, 包邮",适用耳机品牌:苹果 | 材质:皮革 | 风格:商务 | 触感:软壳 | 流行元素:coulorful | 品牌:Apple/苹果,https://g-search3.alicdn.com/img/bao/uploaded/i4/i2/2446461992/O1CN013bWta51QaNw7pFzck_!!2446461992.jpg,//item.taobao.com/item.htm?id=816718878901&ns=1&abbucket=10&xxc=taobaoSearch&mi_id=0000jBEcqNPGwzS_ktJpz2Kq-fpDoNii1EHx6hwg4neTgyY&skuId=5683796870485
827071146240,春秋季阿甘男鞋子潮牌百搭潮流休闲透气2024新款莆田运动德训板鞋,269,¥,券后价,tb884607628166,山那边潮鞋城,,100+人付款,福建 泉州,"淘金币已抵1.77元, 48小时内发, 包邮, 公益宝贝",风格:青春潮流 | 鞋面材质:布 | 款式:板鞋 | 鞋头款式:圆头 | 季节:春秋 | 品牌:柒绅 | 功能:透气,https://g-search3.alicdn.com/img/bao/uploaded/i4/i1/2216604754329/O1CN01kXaF9x1hqjYFr9jlI_!!2216604754329.jpg,//item.taobao.com/item.htm?id=827071146240&ns=1&abbucket=10&xxc=taobaoSearch&mi_id=00001fpCS9LO1uYYOv0NCguzaEXTrty76Tf39Q80ex3LqIY&skuId=5551164716160
655577631991,芝麻街Kaws方形鼠标垫小号男生女生个性创意定制加厚锁边桌垫,49,¥,券后价,凡羲数码专营店,凡羲数码专营店,8年老店,16人付款,广东 深圳,"官方立减12%, 包邮",材质:记忆棉 | 厚度:3mm | 尺寸:370x250mm,https://g-search1.alicdn.com/img/bao/uploaded/i4/i4/3462592616/O1CN01x5Wq121VCAoToRx8o_!!0-item_pic.jpg,//detail.tmall.com/item.htm?id=655577631991&ns=1&abbucket=10&xxc=taobaoSearch&mi_id=00002xqzcvDnhCi5bAUBc70_lobwgWmmyVoZQAUGWkdXp5o&skuId=4723316928956
915082224025,NY潮玩男装高端彩绘印花短袖T恤男士夏季痞帅圆领时尚休闲上衣薄,318,¥,,ny潮玩旗舰店,NY潮玩旗舰店,,75人付款,福建 泉州,"48小时内发, 包邮",版型分类:宽松型 | 图案:卡通动漫 | 适用人群:青年,https://g-search1.alicdn.com/img/bao/uploaded/i4/i2/2219465094107/O1CN01idi00Y1gD3gwn0gvW_!!4611686018427384795-0-item_pic.jpg,//detail.tmall.com/item.htm?id=915082224025&ns=1&abbucket=10&xxc=taobaoSearch&mi_id=00008x6anZt3iqJo2DDZSzJsuYwKDMZF2tAafwOnrLdQ9GY&skuId=5947718023303
959360929969,克莱因蓝装饰画芝麻街沙发客玄关卧室kaws奶茶店壁画暴力熊挂画,86.4,¥,,林露晶莹,林露晶莹的小店96,,0人付款,河南 郑州,包邮,图案主题:卡通动漫 | 风格匹配:艺术,https://g-search2.alicdn.com/img/bao/uploaded/i4/i3/2271029172/O1CN01SMSpoH2Hcppv9sxWd_!!4611686018427381684-0-item_pic.jpg,//item.taobao.com/item.htm?id=959360929969&ns=1&abbucket=10&xxc=taobaoSearch&mi_id=0000KoqIHUP9CzqWo7BAcT8gxzzUIqMT3dz4KMBImNAYPKI&skuId=6193439839125
964608961028,NASA联名小狗圆领卫衣2026新款春秋冬季宽松美式长袖男女上衣班服,99,¥,券后价,sgpsz旗舰店,SGPSZ旗舰店,,2000+人付款,广东 佛山,"官方立减12%, 退货宝, 包邮",面料:棉质面料 | 版型分类:宽松型 | 领型设计:圆领 | 是否连帽:否 | 适用性别:男女通用,https://g-search2.alicdn.com/img/bao/uploaded/i4/i2/2214097380003/O1CN01w0JGLP1BtQGjipFGE_!!4611686018427380387-0-item_pic.jpg,//detail.tmall.com/item.htm?id=964608961028&ns=1&abbucket=10&xxc=taobaoSearch&mi_id=0000jvkxqHm-kpQcLVzF83nBJ956gClO0mrNDgFyf71ziNg&skuId=5904970813216
624963067666,亨恋ins网红kaws联名芝麻街新款热转印辅料贴柯式过粉胶印烫画贴,3.8,¥,券后价,龙爱服饰公司,亨恋烫画世家,回头客1万,16人付款,湖北 武汉,"店铺满19减3, 淘金币已抵0.04元",,https://g-search2.alicdn.com/img/bao/uploaded/i4/i4/2275608574/O1CN01VMlprw2DCwk4AplhF_!!0-item_pic.jpg,//item.taobao.com/item.htm?id=624963067666&ns=1&abbucket=10&xxc=taobaoSearch&mi_id=0000vRCCNQahuabQQU0p0YSIMBbEdix26O4D4mAGyF2FxyA&skuId=4418643188828
658680149224,【现货】考斯设计作品集 粉黑色封面 Kaws What Party (Black on Pink edition),425,¥,券后价,老佛爷图书专营店,老佛爷图书专营店,,1人付款,上海,"官方立减12%, 店铺满210减5, 淘金币已抵6.2元, 退货宝, 公益宝贝","作者:Eugenie Tsai,Daniel Birnbaum | 正文语种:英语 | 进口书分类:艺术类 | 开本:23.8 x 2.2 x 30.5 cm开",https://g-search3.alicdn.com/img/bao/uploaded/i4/i4/2212796188138/O1CN015PNzjN29zGIa8VlNW_!!4611686018427381226-0-item_pic.jpg,//detail.tmall.com/item.htm?id=658680149224&ns=1&abbucket=10&xxc=taobaoSearch&mi_id=000013ig3Utt-q0mltIJnyT-HzPW3OxUpCqXY5MWW3GfTMo&skuId=null
673687542225,Kaws潮牌背景布ins挂布网红芝麻街卧室床头装饰挂毯宿舍房间墙布,7,¥,券后价,tb036109852,TIMI布艺,,1人付款,浙江 金华,"淘金币已抵0.56元, 包邮, 公益宝贝",图案:卡通动漫 | 材质:毛绒 | 风格:卡通 | 挂毯形状:长方形 | 挂毯售卖方式:成品 | 产地:中国大陆 | 挂毯清洗方式:可手洗,https://g-search2.alicdn.com/img/bao/uploaded/i4/i1/2212523655604/O1CN01Ict6AT1rGgJ1PpdfW_!!2212523655604.jpg,//item.taobao.com/item.htm?id=673687542225&ns=1&abbucket=10&xxc=taobaoSearch&mi_id=0000bEKM9Eq2YjQ62S_FWnEwteJfDOIpAXPlIabPKtRy-gE&skuId=5022577907595
581055477310,KAWS  BFF 芝麻街 限定玩偶 粉色 现货,16800,¥,,marylike_2009,潮流玩家Concepttoyshk,16年老店,0人付款,广东 深圳,,,https://g-search2.alicdn.com/img/bao/uploaded/i4/i4/245539431/O1CN012JXRlhFMy2gDXTA_!!245539431.jpeg,//item.taobao.com/item.htm?id=581055477310&ns=1&abbucket=10&xxc=taobaoSearch&mi_id=0000usxMHf1b7c1pP5ImJ5JbcDzQQZd3iGLVFuf3MJpD438&skuId=null
738968423760,正版泡泡玛特KUBO创意卡通多功能潮牌汽车钥匙扣男生包包手机挂件,188,¥,券后价,qiuxiaoyan0624,Uki 的 店,17年老店,300+人付款,上海,"官方立减12%, 包邮, 公益宝贝",,https://g-search3.alicdn.com/img/bao/uploaded/i4/i1/133113432/O1CN01akLdi81bDuAtTQoHO_!!133113432.jpg,//item.taobao.com/item.htm?id=738968423760&ns=1&abbucket=10&xxc=taobaoSearch&mi_id=0000xwqLDQEFvBzw-QoRp4hGPquqUEVx-KK7Ou73KJOeHRg&skuId=5267455478680
922326346306,戈雅苹果16promax手机壳iPhone15promax暴力熊Kaws公仔芝麻街可爱12pro保护套max防摔全包13pm狗牙皮质斜挎14,48,¥,券后价,嘉宝88数码,Garbo 3C Digital,12年老店,11人付款,广东 深圳,"官方立减12%, 淘金币已抵0.96元, 包邮",款式:斜挎式 | 适用手机型号:iPhone 16 | 风格:卡通 | 适用手机机型:Apple/苹果,https://g-search3.alicdn.com/img/bao/uploaded/i4/i3/1127795576/O1CN01fLYaFP1r3rPch3EgY_!!1127795576.jpg,//item.taobao.com/item.htm?id=922326346306&ns=1&abbucket=10&xxc=taobaoSearch&mi_id=0000iyaxkyX8igxk8nLIaBqZQsm0CaNQmFyis0v0i_sxkk4&skuId=5100944268005
642208544738,小红书DIY毛球画手工太阳花KAWS笑脸潮牌拼图懒人解压神器全套,123,¥,券后价,尚雅yy,卡可酷艺术工坊,9年老店,0人付款,广东 广州,"官方立减12%, 淘金币已抵3.69元, 退货宝, 包邮",材质:油画布 | 图案:卡通动漫 | 颜料类型:丙烯 | 风格:简约现代,https://g-search3.alicdn.com/img/bao/uploaded/i4/i1/2824640118/O1CN01UOZKjb1Ck5PTCigIW_!!2824640118.jpg,//item.taobao.com/item.htm?id=642208544738&ns=1&abbucket=10&xxc=taobaoSearch&mi_id=0000dOtp4j_RymlVpzCUczOKrtA7Xbls1vTYQegADvd3DZo&skuId=4798641287629
960704293973,暴力熊装饰画玄关走廊过道挂画个性网红潮牌kaws客厅落地轻奢壁画,98,¥,券后价,浮笙艺旗舰店,浮笙艺旗舰店,,3人付款,福建 厦门,"超级立减10%, 上门安装, 破损包退, 包邮",图案主题:卡通动漫 | 适用空间:客厅 | 风格匹配:个性 | 装裱方式:有框,https://g-search2.alicdn.com/img/bao/uploaded/i4/i4/2217711589649/O1CN01lyqcvc2L9IdDGkRbl_!!0-item_pic.jpg,//detail.tmall.com/item.htm?id=960704293973&ns=1&abbucket=10&xxc=taobaoSearch&mi_id=0000UCiQJiaMFAKTrWQn6YkPnPfYEFAW2rZQgXopu1HxBGU&skuId=5591061104247
973676673153,摩托车公仔头盔小熊AGV机车宝马礼物赛车机修摩旅尾箱装饰拉力熊,13.7,¥,,tb656930398,MOTOMG,6年老店,3000+人付款,广东 江门,"退货宝, 48小时内发, 包邮, 公益宝贝",材质:绒布 | 玩具类型:布艺毛绒玩具 | 服装款式:Q版 | 出售状态:现货 | 品牌:MOTOMG,https://g-search1.alicdn.com/img/bao/uploaded/i4/i4/2202162652687/O1CN01Xy5zag1Vih6INVVoA_!!2202162652687.jpg,//item.taobao.com/item.htm?id=973676673153&ns=1&abbucket=10&xxc=taobaoSearch&mi_id=0000-UHrNB0m0dKQMLF2nzWfuH9zsJ3XTreSR1iyJR8AOII&skuId=5162821751630
920610995412,网红暴力熊kaws大号公仔座椅玻璃钢雕塑门口拍照打卡玩偶装饰摆件,3670,¥,券后价,沁铭居家居,沁铭居家居,,0人付款,广东 中山,"店铺满500减50, 24小时内发, 退货宝, 包邮",表面工艺:纯手工 | 主体材质:卡通,https://g-search3.alicdn.com/img/bao/uploaded/i4/i3/2219551806752/O1CN01Dn9Bi11zkTI90646t_!!2219551806752.jpg,//item.taobao.com/item.htm?id=920610995412&ns=1&abbucket=10&xxc=taobaoSearch&mi_id=0000QBsHxg8Yi8M9dQ1OXidLdK3Mrw28eFH6e-M5DtxaGtQ&skuId=5961957506728
900137409249,黑色cleanfit撞色翻领卫衣男冬季高知miu系上衣加绒假两件打底衫,90,¥,,唐启旗舰店,唐启旗舰店,回头客7万,29人付款,浙江 杭州,包邮,版型分类:宽松型 | 领型设计:翻领 | 是否连帽:否 | 适用性别:男,https://g-search3.alicdn.com/img/bao/uploaded/i4/i2/2932610336/O1CN01FXMval1ELwCILSQ7h_!!4611686018427385120-0-item_pic.jpg,//detail.tmall.com/item.htm?id=900137409249&ns=1&abbucket=10&xxc=taobaoSearch&mi_id=00004AzVubCpnKhj8-3faB9bag_Mxbxdd8F-IRqzMjVaDOk&skuId=6021463521489
710050853645,定制网红直播创意潮牌KAWS芝麻街暴力熊遮光窗帘男女生卧室隔断帘,35,¥,券后价,3356346126pjj,铭轩窗帘布艺,,2人付款,浙江 绍兴,"官方立减12%, 淘金币已抵1.05元, 包邮, 公益宝贝",功能:装饰+全遮光 | 款式:打孔帘 | 帘头款式:荡度 | 主图案类型:菱形 | 风格:简约现代,https://g-search2.alicdn.com/img/bao/uploaded/i4/i1/2829862912/O1CN017DpDO81XNkAcl7q96_!!2829862912.jpg,//item.taobao.com/item.htm?id=710050853645&ns=1&abbucket=10&xxc=taobaoSearch&mi_id=0000Zyvbb8HtiMn-I3pWq5iWqZTVZJZpz5zSFdXmfxF9Odw&skuId=5149929742090
665753637986,新款KAWS芝麻街挂布网红潮牌背景布出租房宿舍客厅床头改造装饰布,3.9,¥,券后价,除了纹身谁陪你一辈子,梵西家纺,,1人付款,浙江 金华,"官方立减12%, 淘金币已抵0.38元, 退货宝, 包邮, 公益宝贝",图案:几何图案 | 材质:毛绒 | 风格:北欧 | 挂毯形状:长方形 | 挂毯售卖方式:成品 | 产地:中国大陆 | 挂毯清洗方式:可手洗,https://g-search2.alicdn.com/img/bao/uploaded/i4/i1/2651244457/O1CN01PebEJ41inLzt25Bdp_!!2651244457.jpg,//item.taobao.com/item.htm?id=665753637986&ns=1&abbucket=10&xxc=taobaoSearch&mi_id=00000zosHxGfWxF-irJPDuHCRdYNt0aFVCDb2P-O3q1ra8o&skuId=4800669893369
967664240640,KAWS积木熊大摆件客厅沙发电视柜旁落地网红暴力熊卡通公仔装饰,580,¥,券后价,tb555186783,陆雅景观雕塑制作工厂,,0人付款,安徽 合肥,"淘金币已抵17.4元, 退货宝, 包邮",款式特点:静态 | 选购热点:淘公仔,https://g-search1.alicdn.com/img/bao/uploaded/i4/i1/2200567230149/O1CN01UGMXRN1CyHuURKhlG_!!2200567230149.jpg,//item.taobao.com/item.htm?id=967664240640&ns=1&abbucket=10&xxc=taobaoSearch&mi_id=00002dRjQQYZquNIMs52v0yZFiJedcpmYEWlUpsDmVaGD_M&skuId=5328004818628
1004513889058,美式高街d2轻奢穿搭泼墨牛仔裤假破洞修身宽松休闲男女同款长裤潮,198,¥,券后价,lijiemian148,你的网红衣柜,,29人付款,广东 广州," 3期, 淘金币已抵2.64元, 退货宝, 48小时内发, 包邮",版型:修身 | 面料:牛仔布 | 洗水工艺:水洗 | 款式版型:修身小脚,https://g-search1.alicdn.com/img/bao/uploaded/i4/i1/2402790058/O1CN01dBSv7P1CIc5GV1yDe_!!2402790058.jpg,//item.taobao.com/item.htm?id=1004513889058&ns=1&abbucket=10&xxc=taobaoSearch&mi_id=0000KPNwRy6T0jvCdvVX9VJIizC6ROBoge35UG6N8w4VTxw&skuId=5997013409161
,,,,,,,,,,,,,
958762448928,适用于vivox200pro手机壳新款VIVOx200s炫金磨砂ultra全包防摔x200男女promini超薄散热防指纹高级感保护套,158,¥,券后价,pintop品托旗舰店,pintop品托旗舰店,回头客6万,33人付款,广东 深圳,"官方立减12%, 店铺满60减5, 包邮",是否使用环保材质:含环保材料 | 工艺技术:磨砂 | 适用手机型号:vivo X200 Pro | 风格:简约 | 适用手机机型:vivo | 品牌:Pintop/品托,https://g-search1.alicdn.com/img/bao/uploaded/i4/i2/1133124835/O1CN01vjbqUn1laTyfVhaqF_!!0-item_pic.jpg,//detail.tmall.com/item.htm?id=958762448928&ns=1&abbucket=10&xxc=taobaoSearch&mi_id=00005enNQG7e35HJzUAMIr4LTsmAQiPZKd0td2B-lTYhqcI&skuId=5608717968023
669904666898,网红kaws美发店拍照打卡装饰潮摆件大型雕塑芝麻街客厅公仔卡通熊,130,¥,券后价,tb7962292744,聚阳惠工艺品,,0人付款,福建 泉州,"官方立减12%, 淘金币已抵31.7元, 包邮",表面工艺:纯手工 | 主体材质:卡通 | 摆放方式:落地,https://g-search2.alicdn.com/img/bao/uploaded/i4/i3/2211925031454/O1CN01mASQik1MbydN91O23_!!2211925031454.jpg,//item.taobao.com/item.htm?id=669904666898&ns=1&abbucket=10&xxc=taobaoSearch&mi_id=0000FwPCFuoEaDQu4219m6PjNFhs-qg5kQmtqrTu91e8jOk&skuId=4816287864185
962299375375,kaws暴力熊卧室装饰画LED灯床头房间背景墙壁画现代简约客厅挂画,175,¥,券后价,宫枫漫旗舰店,宫枫漫旗舰店,,4人付款,河北 石家庄,"官方立减12%, 上门安装, 包邮",适用空间:卧室 | 风格匹配:现代简约,https://g-search3.alicdn.com/img/bao/uploaded/i4/i2/2215587989511/O1CN01U6znjv2K85xBMXYWO_!!0-item_pic.jpg,//detail.tmall.com/item.htm?id=962299375375&ns=1&abbucket=10&xxc=taobaoSearch&mi_id=0000bbNiFm738In6BIioIjOm2V0valskLXwtA67qG15X4aQ&skuId=5516879949895
966213043723,海绵宝宝潮牌挂画KAWS卡通潮流装饰画工作室芝麻街客厅卧室壁画,93.75,¥,券后价,tb755755814019,文雅生活,,0人付款,福建 福州,"官方立减12%, 店铺满70减10, 上门安装, 包邮",画芯材质:油画布 | 风格匹配:现代简约 | 装裱方式:有框,https://g-search1.alicdn.com/img/bao/uploaded/i4/i3/2218959467897/O1CN01GdPuwb28CsmRJBEyl_!!2218959467897.jpg,//item.taobao.com/item.htm?id=966213043723&ns=1&abbucket=10&xxc=taobaoSearch&mi_id=00008jH0CWwKb83ZRq-WlLb2u7Ts7RookmgDW7IQFklqCrs&skuId=5776780376280
1017918068786,上海雕塑厂家定制电镀暴力熊大摆件装饰kaws坐姿公仔潮流电镀摆件,600,¥,,讯峰荣7524,讯峰荣7524,,0人付款,湖南 常德,,,https://g-search2.alicdn.com/img/bao/uploaded/i4/i4/2220364555457/O1CN01BtzWuX1qBMS2CVsBm_!!2220364555457.jpg,//item.taobao.com/item.htm?id=1017918068786&ns=1&abbucket=10&xxc=taobaoSearch&mi_id=0000CaoeJhf3JhKeEs3A9RvE6nt3zE4so-Idl0GvF1b8cWc&skuId=null
965526528302,高端广州新塘牛仔裤男2025新款春秋男士直筒宽松阔腿男生加绒裤子,299,¥,券后价,励志年轻人旗舰店,励志年轻人旗舰店,,3000+人付款,广东 广州,"退货宝, 包邮",版型:宽松 | 面料:牛仔布,https://gw.alicdn.com/imgextra/O1CN01gjjyIO2C7clabbYvW_!!2220070368427-0-picasso.jpg,//detail.tmall.com/item.htm?id=965526528302&ns=1&abbucket=10&xxc=taobaoSearch&mi_id=0000aILaoyi2hjaPSpl1weB2UmrYsT_EBNcaXhTF1vqxuTc&skuId=6071736691905
962614081641,kaws潮牌芝麻街创意自粘门贴整张定制防水洗手间电梯玻璃翻新贴纸,25.5,¥,券后价,tb919816112,晴天Home创意家居,,0人付款,山东 滨州,包邮,材质:PVC | 图案:卡通动漫 | 墙贴样式:平面墙贴 | 风格:北欧风格 | 适用空间:卧室,https://g-search3.alicdn.com/img/bao/uploaded/i4/i2/3822105043/O1CN01ZgNVHD1n7k9KozHA0_!!3822105043.jpg,//item.taobao.com/item.htm?id=962614081641&ns=1&abbucket=10&xxc=taobaoSearch&mi_id=0000wacQyy4M6fMgG_WqObE9lv57_MBGD_R4fY5Gbnjc9tw&skuId=5077114494586
758116600826,潮牌kaws暴力熊客厅装饰画沙发背景墙面壁画轻奢高级感三联画挂画,276,¥,券后价,异域轩旗舰店,异域轩旗舰店,回头客1万,6人付款,浙江 金华,"超级立减10%, 退货宝, 上门安装, 包邮",画芯材质:油画布 | 图案主题:卡通动漫 | 适用空间:客厅 | 风格匹配:现代简约 | 装裱方式:有框 | 材质:PVC,https://g-search3.alicdn.com/img/bao/uploaded/i4/i1/1780653324/O1CN01XDNkBE1aQRQxE38Hu_!!0-item_pic.jpg,//detail.tmall.com/item.htm?id=758116600826&ns=1&abbucket=10&xxc=taobaoSearch&mi_id=0000uL2X5dS8bcmFNce9i_XOhh9JVt8AC0KizA4lFH5NoZQ&skuId=5397618190046
769082747506,现货 KAWS HOLIDAY INDONESIA PLUSHCHARM 毛绒粉兔 公仔挂件,628,¥,,marylike_2009,潮流玩家Concepttoyshk,16年老店,4人付款,香港 九龙,,,https://g-search1.alicdn.com/img/bao/uploaded/i4/i3/245539431/O1CN01UJIaEs2JXSDpSskK9_!!245539431.jpg,//item.taobao.com/item.htm?id=769082747506&ns=1&abbucket=10&xxc=taobaoSearch&mi_id=0000auX1Vltlv7v8CAJgQLsOkuq6LjPkGUoZByF1PSH1x_A&skuId=5277006889568
800131734408,潮流风KAWS暴力熊客厅装饰画潮牌沙发背景墙挂画现代轻奢三联壁画,26,¥,券后价,枫宸旗舰店,枫宸旗舰店,,7人付款,河北 石家庄,"官方立减12%, 店铺满40减2, 淘金币已抵0.78元, 退货宝, 上门安装, 包邮",图案主题:卡通动漫 | 适用空间:客厅 | 装裱方式:有框 | 画芯材质:布纹/水晶,https://g-search3.alicdn.com/img/bao/uploaded/i4/i3/2217691164290/O1CN01i4ohsy1hYs89nVgAg_!!4611686018427383426-0-item_pic.jpg,//detail.tmall.com/item.htm?id=800131734408&ns=1&abbucket=10&xxc=taobaoSearch&mi_id=0000ZL-9UZuNpzgi4S5H40jPjjFcniEietRBaxFqdQvfaQ4&skuId=5453535901637
1019799745616,儿童房书房挂画kaws潮流艺术画大气暴力熊过道装饰画潮牌现代简约,77.7,¥,,列夫精品,列夫精品的小店38,,0人付款,广东 广州,包邮,画芯材质:油画布 | 适用空间:客厅 | 装裱方式:有框,https://g-search3.alicdn.com/img/bao/uploaded/i4/i2/2221475431858/O1CN01bEMd8X1Pb10oeDuol_!!2221475431858.jpg,//item.taobao.com/item.htm?id=1019799745616&ns=1&abbucket=10&xxc=taobaoSearch&mi_id=0000bZ65if-ewJaeKWpLGhl4vuB4WMDNiQ9gNkiGKW0zv_4&skuId=6194496178781
999064566556,kaws玄关装饰画钟表挂钟客厅过道走廊挂画发光灯画暴力熊艺术时钟,108,¥,,双子时尚2018,米多多艺术画馆,7年老店,0人付款,河北 石家庄,退货宝,画框材质:金属 | 图案主题:卡通动漫 | 适用空间:玄关 | 风格匹配:现代简约 | 装裱方式:有框 | 是否带框:有框 | 画芯材质:油画布/钢化膜,https://g-search1.alicdn.com/img/bao/uploaded/i4/i2/3336810078/O1CN01JRABTm1CRm0AtNmJh_!!3336810078.jpg,//item.taobao.com/item.htm?id=999064566556&ns=1&abbucket=10&xxc=taobaoSearch&mi_id=0000vZ_egJBwMXYkBksvPvNNF-m4otiIfcSfaA76JE9k_EA&skuId=5985274785250
996434398526,优衣库童装男女童KAWS卡通秋冬厚舒芙蕾针织围脖柔软亲肤脖套,109,¥,,tb0070_67,小狮子童装代购店,10年老店,0人付款,河北 石家庄,,,https://g-search1.alicdn.com/img/bao/uploaded/i4/i4/780100203/O1CN01IAn6jI1DN1VYFyzpe_!!780100203.jpg,//item.taobao.com/item.htm?id=996434398526&ns=1&abbucket=10&xxc=taobaoSearch&mi_id=00001JIk39AEB0sTLB4UmTs3tO9UgrZdAHISd2yEhQAEWRY&skuId=5978408141967
1016871551383,芝麻街 现代简约风格玄关装饰画酒店走廊挂画kaws书房红蓝色壁画,240,¥,券后价,简活生臻选店,简活生臻选店的小店72,,0人付款,福建 泉州,"店铺满200减20, 退货宝, 包邮",,https://g-search2.alicdn.com/img/bao/uploaded/i4/i1/2221240989016/O1CN01MEWsT32GTO39Mx9Dj_!!2221240989016-0-scmitem176000.jpg,//item.taobao.com/item.htm?id=1016871551383&ns=1&abbucket=10&xxc=taobaoSearch&mi_id=0000xm5W2d7HClXxvPPIaxFeIaLkgfbPZTCW3vjW64A6nNI&skuId=6026358684336
712318395254,WE11DONE TRACK潮牌重磅WELLDONE高街纯棉宽松情侣短袖T恤男夏季,256,¥,券后价,ji集美mei,橙果 X Fruit,回头客3万,900+人付款,广东 广州,"官方立减12%, 退货宝, 48小时内发, 包邮, 公益宝贝",材质成分:棉100% | 版型分类:宽松型 | 面料:棉 | 适用性别:男女通用 | 适用人群:青少年,https://gw.alicdn.com/imgextra/O1CN01boqiEG1fLTPxpoeKY_!!269163990-0-picasso.jpg,//item.taobao.com/item.htm?id=712318395254&ns=1&abbucket=10&xxc=taobaoSearch&mi_id=0000NhD7yFkL5Dnz1bhw1IGnPwDOrSFYzaQVC6zdB9pN02Q&skuId=5158050290238
1019467988622,Kaws挂画暴力熊客厅沙发背景墙装饰画现代高级感直播间玄关壁画潮,65.56,¥,,贩卖晓美好,贩卖晓美好的小店47,,0人付款,河南 郑州,包邮,,https://g-search2.alicdn.com/img/bao/uploaded/i4/i3/2220996197970/O1CN01gny4oV28kJl7GCRHQ_!!4611686018427387474-0-item_pic.jpg,//item.taobao.com/item.htm?id=1019467988622&ns=1&abbucket=10&xxc=taobaoSearch&mi_id=0000s_5wJHoL2rZQdOie2_8R0wOvlI8770DCqDXmyc3vePU&skuId=6192963239100
1018956681837,Kaws挂画潮牌暴力熊客厅沙画发落地画现代简玄约装关壁直播LIV间,69.5,¥,券后价,悠萍工厂,悠萍工厂,,0人付款,广东 惠州,"店铺满69减3, 淘金币已抵0.69元, 退货宝, 包邮",画芯材质:油画布 | 图案主题:动物 | 装裱方式:有框,https://g-search1.alicdn.com/img/bao/uploaded/i4/i2/2221392532776/O1CN01kBw8XR1WNSbERsgH2_!!2221392532776.jpg,//item.taobao.com/item.htm?id=1018956681837&ns=1&abbucket=10&xxc=taobaoSearch&mi_id=000082QohFQ6tYVYlG2hfpZN8iYOYMonpM9RCPv46lCTlgM&skuId=6028480781832
1014142990480,摆件潮流小谎言弯腰small lie 玩偶潮牌sz-sujiao-kaws玩具,128,¥,券后价,德维咖啡武,格格屋艺术,13年老店,0人付款,广东 深圳,"淘金币已抵3.84元, 退货宝, 包邮",,https://g-search3.alicdn.com/img/bao/uploaded/i4/i1/483241430/O1CN01k6p9vX1MQzUccXGsO_!!483241430.jpg,//item.taobao.com/item.htm?id=1014142990480&ns=1&abbucket=10&xxc=taobaoSearch&mi_id=000013iVmVdGt4F2hfFPDy-E_hCi2EKnobVi8eMp82V8Vq4&skuId=6185020890084
965899968648,kaws暴力熊挂画潮流客厅入户正对门玄关装饰画理发店轻奢台球室画,264,¥,首单价,欢喜茜旗舰店,欢喜茜旗舰店,,1人付款,广西 梧州,"直降7元, 包邮",画芯材质:油画布 | 图案主题:卡通动漫 | 风格匹配:现代简约 | 装裱方式:有框,https://g-search3.alicdn.com/img/bao/uploaded/i4/i4/O1CN01rZtFMA1SzhCRf6Fo5_!!2218943282318-0-scmitem176000.jpg,//detail.tmall.com/item.htm?id=965899968648&ns=1&abbucket=10&xxc=taobaoSearch&mi_id=0000HDJPzfYQOyv0zWDDz_fTaM5Hbkw3iIkHOWh7VJ9IIBQ&skuId=6190477891919
815954069818,创意罪恶都市落日余晖夕阳三角窗车身汽车贴纸椰子树防水反光车贴,13.9,¥,券后价,金世达车品专营店,金世达车品专营店,回头客2万,6000+人付款,广东 广州,"官方立减12%, 店铺满36减2, 淘金币已抵0.2元, 退货宝, 包邮, 公益宝贝",贴膜类型:车身贴 | 材质:贴纸 | 图案:字母/数字/文字 | 定制类型:不支持定制 | 适用场景:汽车 | 品牌:招吉猫 | 功能:遮盖,https://g-search3.alicdn.com/img/bao/uploaded/i4/i3/467987785/O1CN011g4XDO27NaLQMdDUB_!!0-item_pic.jpg,//detail.tmall.com/item.htm?id=815954069818&ns=1&abbucket=10&xxc=taobaoSearch&mi_id=0000g2zZMbSwL0GaBghPKW0G6aj07JeX3nWsMrp-sZkjqkE&skuId=5684082547919
1012325865480,CAICAIJIA TeamWang王嘉尔同款彩色字母印花JOOPITER短袖重磅男女,138,¥,券后价,tb3710813661,CAICAIJIA STUDIOS,,2人付款,广东 广州,"超级立减10%,  3期, 包邮",版型分类:宽松型 | 适用体型:通用型 | 面料:纯棉 | 图案:字母 | 适用性别:男女通用 | 适用人群:中青年,"https://g-search1.alicdn.com/img/bao/uploaded/i4/i3/2208983322087/O1CN01rXsdpU1RHthqnpiqu~crop,0,125,750,750~_!!2208983322087.jpg",//item.taobao.com/item.htm?id=1012325865480&ns=1&abbucket=10&xxc=taobaoSearch&mi_id=0000SmbpLAZLkbSueCNC6SIpXNg7T6XAZZVa9BOVFLEuWOM&skuId=6014449477143
1003037007704,搞钱做慈善 三本针310纯棉双纱！向上侠不透美式情侣女长袖T恤男,49.9,¥,券后价,亮亮时尚鞋行,搞钱做慈善工作室,回头客30万,77人付款,广东 汕头,"官方立减12%, 48小时内发, 包邮",材质成分:棉100% | 版型分类:宽松型 | 面料:棉 | 图案:印花 | 适用性别:男女通用 | 适用人群:青年,https://g-search3.alicdn.com/img/bao/uploaded/i4/i4/839766424/O1CN01tuFWf11xKFREW9L0o_!!839766424.png,//item.taobao.com/item.htm?id=1003037007704&ns=1&abbucket=10&xxc=taobaoSearch&mi_id=0000mRuXP3K7wGHDKULr-K_SEVWBYr-8tpvZkb2kfFhmsK0&skuId=6161982191143
962575823303,[现货直发]TheNorthFace北面KAWS联名系列22秋冬新户外冲锋衣7WLW,5285,¥,券后价,luanzi1989,XSTORE品牌户外专柜店,,0人付款,上海,"官方立减12%, 全球购, 包邮, 酷动城",防水等级:中雨 | 功能系统:保暖 | 适用季节:冬季 | 主流品牌:THE NORTH FACE/北面,https://g-search2.alicdn.com/img/bao/uploaded/i4/i1/368062783/O1CN01E6PkPq1WQf2ci5kvO_!!368062783.jpg,//item.taobao.com/item.htm?id=962575823303&ns=1&abbucket=10&xxc=taobaoSearch&mi_id=0000NCV81B5GitduEMjkPNysaPZS9I6oSohRxiskdqmpSBw&skuId=5820272089272
739392689542,kaws芝麻街潮牌网红贴XX眼贴纸电动车摩托车小牛汽车车身装饰车贴,11.9,¥,,a我真服你了呦,1314車社Studio,,9人付款,河北 廊坊,包邮,贴膜类型:车身贴 | 材质:贴纸,https://g-search3.alicdn.com/img/bao/uploaded/i4/i2/2302059262/O1CN012pDEcz2II3FNHMqA5_!!0-item_pic.jpg,//item.taobao.com/item.htm?id=739392689542&ns=1&abbucket=10&xxc=taobaoSearch&mi_id=0000yGo1aaf74Q2plGbALilVQdc79Y5Kntetjc_Ee8G4GvY&skuId=5099350556677
,,,,,,,,,,,,,
1003902889941,正品aj男鞋耐­­克dunk白紫鸳鸯aj1低帮板鞋空军一号运动鞋女鞋,138,¥,券后价,tb1347610987,奥莱aj男鞋折扣店,,200+人付款,福建 泉州,"店铺满100减10, 淘金币已抵4.14元, 包邮",,https://g-search2.alicdn.com/img/bao/uploaded/i4/i2/2212160354460/O1CN01LDyugO1iojYgvwYGX_!!2212160354460.jpg,//item.taobao.com/item.htm?id=1003902889941&ns=1&abbucket=10&xxc=taobaoSearch&mi_id=00008iMNMWDN3srTzE0jmm5oKuzDuoTrSSTG4xKV-XNFZes&skuId=5994221180476
1019154872560,网红kaws站姿家居客厅摆件玄关电视柜酒柜装饰品高档家居桌面装饰,169.04,¥,券后价,驰妙严选仓,驰妙严选仓的小店56,,0人付款,浙江 金华,"店铺满100减20, 退货宝, 包邮",驱动方式:自走式 | 控制方式:遥控控制,https://g-search3.alicdn.com/img/bao/uploaded/i4/i4/2220690608239/O1CN01uLNSsO2AjWJ5DCekA_!!2220690608239.jpg,//item.taobao.com/item.htm?id=1019154872560&ns=1&abbucket=10&xxc=taobaoSearch&mi_id=0000ZmN00lUVTi3SUhYhuzxTv5pBx4K7zJw3GjTS2RRo0QA&skuId=6027358153367
973108716902,GOODBRAND25新款碎钻地图长袖美式重磅纯棉打底衫老白小鬼同款INS,148,¥,券后价,刘木鑫886,Gravitation线上店铺,,10人付款,广东 广州,"超级立减10%,  3期, 淘金币已抵2.96元, 退货宝, 包邮",材质成分:棉100% | 版型分类:宽松型 | 适用体型:通用型 | 面料:纯棉 | 适用性别:男女通用 | 适用人群:情侣,https://g-search3.alicdn.com/img/bao/uploaded/i4/i2/2690153102/O1CN01VxVxCC1YmliQSqq1i_!!2690153102.jpg,//item.taobao.com/item.htm?id=973108716902&ns=1&abbucket=10&xxc=taobaoSearch&mi_id=0000VfgJV77e916rSEk8uZFPJ0gZpC60JVGckNIF0cIRPyE&skuId=6088451634950
960703243923,NBHD联名余文乐同款低帮新款酒红色全麂皮复古日系休闲鞋男女板鞋,168.8,¥,券后价,詹玉龙张娟,潮鞋 总仓库,,200+人付款,江苏 徐州,"超级立减10%, 退货宝, 48小时内发, 包邮",风格:休闲 | 鞋面材质:牛反绒（磨砂皮） | 鞋跟高:平跟 | 款式:板鞋 | 鞋头款式:圆头 | 季节:夏季 | 品牌:钢面熊 | 功能:透气 | 适用对象:青年,https://g-search2.alicdn.com/img/bao/uploaded/i4/i3/3414900030/O1CN01cnJFtl1C5mwR59OsZ_!!3414900030.jpg,//item.taobao.com/item.htm?id=960703243923&ns=1&abbucket=10&xxc=taobaoSearch&mi_id=0000ikzHd_pX3VY5fYH9MnOaTF7hsUbef5E4gyFxJBRlVaI&skuId=6152327831210
716923571932,港风痞帅炸街男款T恤上衣260G重磅纯棉复古休闲设计感小众半袖,46.8,¥,券后价,尔潮原创设计服饰,尔潮原创设计服饰,,400+人付款,广东 广州,"官方立减12%, 淘金币已抵0.63元, 退货宝, 48小时内发, 包邮",材质成分:棉100% | 版型分类:宽松型 | 面料:棉布 | 适用人群:青年,https://g-search3.alicdn.com/img/bao/uploaded/i4/i1/2214468903025/O1CN017x9cc71YDUvz5XBAZ_!!0-item_pic.jpg,//item.taobao.com/item.htm?id=716923571932&ns=1&abbucket=10&xxc=taobaoSearch&mi_id=0000GUWqnC-XOaAKOf_U-VgwdsTSsv9_Esx0v6Zc73iX_OA&skuId=5002299740849
895413206782,WE11DONE CDG小众高街美式夏季宽松男女情侣白色纯棉半袖短袖T恤,388,¥,券后价,童霞邓博,摩登折扣店,,200+人付款,广东 汕头,"官方立减12%, 淘金币已抵1.65元, 新品, 退货宝, 48小时内发, 包邮, 公益宝贝",材质成分:棉100% | 版型分类:标准 | 适用体型:通用型 | 面料:纯棉 | 适用性别:男女通用 | 适用人群:青少年,https://g-search1.alicdn.com/img/bao/uploaded/i4/i1/672028898/O1CN01x8uOyR2FbLEOoL6Fp_!!672028898.jpg,//item.taobao.com/item.htm?id=895413206782&ns=1&abbucket=10&xxc=taobaoSearch&mi_id=0000xTNevu52xEk3KyVW0Zho28kV3rEGYSpmjbPTYZTNsNc&skuId=5748236266000
956362907227,日潮跑腿UNIQLO优衣库 Kaws 冬季羊羔圆领毛衣 485271,619,¥,券后价,天猫国际日本直购,天猫国际探物日本,回头客20万,7人付款,日本,"官方立减12%, 退货宝",领型:圆领 | 风格:通勤风 | 功能:柔软舒适,https://gw.alicdn.com/imgextra/O1CN01PpEwEV1vlbsZLcMUq_!!2201168176213-0-tmg_sticker.jpg,//detail.tmall.com/item.htm?id=956362907227&ns=1&abbucket=10&xxc=taobaoSearch&mi_id=0000sS4jz8ZAHNACuJTiEUtsvQ0uHFk2h4MViKoTUZi9MeE&skuId=6144889190220
588204483439,[MSX]正版现货 优衣库 KAWS SESAME STREET 芝麻街联名玩偶公仔,329,¥,,msx_art,MSX玩具艺术画廊,13年老店,0人付款,北京,包邮,周边产品:毛绒公仔 | 出售状态:现货,https://g-search1.alicdn.com/img/bao/uploaded/i4/i4/1044933648/O1CN01ESbqtn1copLiZfoWo_!!1044933648.jpg,//item.taobao.com/item.htm?id=588204483439&ns=1&abbucket=10&xxc=taobaoSearch&mi_id=0000GQwF22jX0TY5S-_bCmT_sdDbCbx-T1mrD_4-hnydOSE&skuId=4175099759810
817329768299,简约轻奢抽象艺术光影立体暴力熊kaws高级餐厅时钟表装饰画素材图,9.9,¥,,t_1497834138150_0243,小白素材设计,,1人付款,上海,包邮,,https://g-search1.alicdn.com/img/bao/uploaded/i4/i4/3330097258/O1CN01S5cPrw23UDcQDCZuI_!!3330097258.jpg,//item.taobao.com/item.htm?id=817329768299&ns=1&abbucket=10&xxc=taobaoSearch&mi_id=0000yxox_WwU5lWyEgHYT0APb0WDq4KOSX1uxJ9bvp77dlE&skuId=null
913731060660,【现货】OriginalFake KAWS 2006 元年涂鸦字母TEE,450,¥,,something_33,STH_33,14年老店,0人付款,山东 青岛,24小时内发,版型分类:标准 | 面料:纯棉,https://g-search2.alicdn.com/img/bao/uploaded/i4/i1/825094120/O1CN01pYznIn1gJ0lLYnfVn_!!825094120.jpg,//item.taobao.com/item.htm?id=913731060660&ns=1&abbucket=10&xxc=taobaoSearch&mi_id=0000_R4RxAyzwXdjcBDhitDitEERQqNGbHrU-bmBfk3EPDk&skuId=null
1021758472170,kaws挂画时尚软装潮流潮牌暴力熊装饰画客厅玄关走廊过道公仔壁画,104,¥,,tb873218949,水墨间装饰画,,0人付款,浙江 金华,包邮,图案主题:卡通动漫 | 风格匹配:潮流,https://g-search3.alicdn.com/img/bao/uploaded/i4/i2/2271029172/O1CN01pFQWIH2Hcppzlescp_!!4611686018427381684-0-item_pic.jpg,//item.taobao.com/item.htm?id=1021758472170&ns=1&abbucket=10&xxc=taobaoSearch&mi_id=000033YZ07yqiwC61ruUk29vIYU8YPBSQwXXdKIUSQpeEjo&skuId=6196755903299
749505617373,芝麻街联名kaws儿童短袖T恤韩版纯棉亲子装男童女童上衣时尚童装,76,¥,券后价,tianffy雪,小班家 原创童装,6年老店,16人付款,河北 沧州,"官方立减12%, 淘金币已抵1.52元, 包邮, 公益宝贝",面料:纯棉(棉含量100%) | 功能:吸汗 | 安全等级:B类 | 袖长:短袖 | 适用季节:夏季 | 适用性别:男女通用 | 领型:圆领 | 风格:卡通,https://g-search3.alicdn.com/img/bao/uploaded/i4/i1/3298778453/O1CN014lU56V2CJWqEGAt5x_!!3298778453.jpg,//item.taobao.com/item.htm?id=749505617373&ns=1&abbucket=10&xxc=taobaoSearch&mi_id=0000QFDApfOciBHHgBGTg-bUVndrJ3DrXwHaAXSoqNq3l0E&skuId=5170069321741
1005294605658,KAWS暴力熊主题沙发背景墙三联挂画可客制现代简约布纹膜装饰画,28.8,¥,券后价,飘啊飘啊飘v,风渡素画室,,3人付款,河南 商丘,"淘金币已抵0.28元, 包邮",图案主题:卡通动漫 | 风格匹配:现代简约,https://g-search3.alicdn.com/img/bao/uploaded/i4/i2/2217912622106/O1CN01XlpMXO1RQbE7q9dE7_!!2217912622106.jpg,//item.taobao.com/item.htm?id=1005294605658&ns=1&abbucket=10&xxc=taobaoSearch&mi_id=0000FNJ-aM_bm927VEGzD_CrsTbV23j2RDSYzavM7X6DuHk&skuId=6164008627884
1009135072961,KAWS 博库网,348.4,¥,券后价,博库旗舰店,博库旗舰店,店铺会员,0人付款,浙江 杭州,"官方立减12%, 24小时内发",正：副书名:KAWS | 出版社名称:湖南美术出版社 | 定价:398.00元 | ISBN编号:9787574607286,https://g-search3.alicdn.com/img/bao/uploaded/i4/i4/859515618/O1CN01uOM7Wy1rN6DDFfXZX_!!4611686018427382498-0-item_pic.jpg,//detail.tmall.com/item.htm?id=1009135072961&ns=1&abbucket=10&xxc=taobaoSearch&mi_id=0000_RetOG65SdJe7yCgWXXmE06fj1wbQtFgfarCiRk89kY&skuId=6170637578472
714769714591,KAWS暴力熊积木熊客厅样板间售楼处乔迁落地软装公仔雕塑大摆件,200,¥,,276855527tll,皖约软装美陈雕塑工厂,7年老店,1人付款,安徽 合肥,包邮,表面工艺:纯手工 | 主体材质:卡通 | 摆放方式:落地,https://g-search2.alicdn.com/img/bao/uploaded/i4/i4/2676892303/O1CN01kxoAeT1Ssp2vrTDkQ_!!2676892303.jpg,//item.taobao.com/item.htm?id=714769714591&ns=1&abbucket=10&xxc=taobaoSearch&mi_id=0000thNB3qiiBnUXsPK8VgWk9BK6jvjuhFDJOW7J1j1rYio&skuId=5169802050496
874455241425,KTV酒吧墙面装饰画太空人仿深渊镜挂画电竞房KAWS暴力熊发光灯画,205,¥,券后价,洪儒装饰旗舰店,洪儒装饰旗舰店,,1人付款,广东 江门,"官方立减12%, 退货宝, 包邮, 公益宝贝",画芯材质:有机玻璃 | 图案主题:卡通动漫 | 适用空间:酒吧 | 风格匹配:工业风,https://g-search1.alicdn.com/img/bao/uploaded/i4/i1/2218902449116/O1CN01Cjjaf62HDBYtRliMs_!!4611686018427382748-0-item_pic.jpg,//detail.tmall.com/item.htm?id=874455241425&ns=1&abbucket=10&xxc=taobaoSearch&mi_id=0000fkG5uG6B7oP60_bqTvaExFBcWZcu_swjUxfYSOQndmY&skuId=5876805370313
901637307575,潮牌涂鸦kaws暴力熊新款适用iPhone16e手机壳3D幻影变图16promax苹果15plus磁吸14pro卡通13个性男女11超火12,28.8,¥,券后价,陈双双918,潮创壳壳,9年老店,2人付款,广东 深圳,"官方立减12%, 淘金币已抵0.86元, 包邮, 公益宝贝",保护套质地:亚克力 | 功能:防摔 | 适用手机型号:iPhone 13 | 风格:少年 | 适用手机机型:Apple/苹果 | 是否使用环保材质:无环保材料,https://g-search3.alicdn.com/img/bao/uploaded/i4/i4/1094617425/O1CN01X29ugz24ihpcAtA5d_!!1094617425.jpg,//item.taobao.com/item.htm?id=901637307575&ns=1&abbucket=10&xxc=taobaoSearch&mi_id=0000Qrz9Zfaan6tBZTk_nTr8UPOaDtxw_WVH1bfJ-850kGI&skuId=5925897382837
1020658588609,kaws挂画玄关墙上装饰画潮牌海报芝麻街卧室卡通潮流客厅沙发壁画,88,¥,券后价,辞悠鸿升专卖店,辞悠鸿升专卖店,,0人付款,河南 郑州,"官方立减12%, 退货宝, 包邮",图案主题:抽象 | 适用空间:通用 | 风格匹配:新中式 | 装裱方式:有框 | 画芯材质:布纹膜,https://g-search1.alicdn.com/img/bao/uploaded/i4/i1/2219790339478/O1CN01C77UTJ2Jsz27OQK41_!!4611686018427383190-0-item_pic.jpg,//detail.tmall.com/item.htm?id=1020658588609&ns=1&abbucket=10&xxc=taobaoSearch&mi_id=0000vXRp-ozkCIgVcNhHGFjwN6BTLILV32gqzJkSRvP2oZc&skuId=6030228177147
985737002091,网红暴力熊坐姿摆件kaws芝麻街捂脸公仔玩偶客厅装饰品轻奢落地,730,¥,券后价,博尚美设计馆,博尚美设计馆,,1人付款,广东 中山,"淘金币已抵31.7元, 包邮",主体材质:卡通 | 摆放方式:落地,https://g-search3.alicdn.com/img/bao/uploaded/i4/i4/2214234003298/O1CN01jZulzR1aEXKaDk0nN_!!2214234003298.png,//item.taobao.com/item.htm?id=985737002091&ns=1&abbucket=10&xxc=taobaoSearch&mi_id=0000hrs1jeHiJrK8Lms3kaqeJZyVGyLyJaDXDjv-XrSBHiQ&skuId=5948513048795
1004627458109,kaws玻璃钢卡通雕塑芝麻街咖啡厅吧台玩偶装饰客厅大公仔创意摆件,580,¥,,回等嗯后恶露,潮酷艺术雕塑,,0人付款,福建 泉州,包邮,表面工艺:纯手工 | 主体材质:卡通 | 摆放方式:落地,https://g-search1.alicdn.com/img/bao/uploaded/i4/i3/2782422431/O1CN01GcQ9gg1TpRwsPlFeJ_!!2782422431.jpg,//item.taobao.com/item.htm?id=1004627458109&ns=1&abbucket=10&xxc=taobaoSearch&mi_id=0000ev_0ZnaDYDyrIs1bEpOTS370ABR3rzEC7YSVkpIc_hs&skuId=5999152777081
,,,,,,,,,,,,,
647625678985,iPhone17Pro Max潮牌KAWS全彩雾面亲肤手感磁吸磨砂手机壳14Plus适用苹果15个性男女款12轻薄菲林13半包硬壳,59,¥,券后价,redpaul,七度印坊,19年老店,4人付款,天津,"淘金币已抵1.9元, 包邮",是否使用环保材质:含环保材料 | 保护套质地:塑料 | 适用手机型号:iPhone 16 | 风格:简约 | 适用手机机型:Apple/苹果,https://g-search3.alicdn.com/img/bao/uploaded/i4/i4/26989356/O1CN011JG9Hv2Iz6HILXfAc_!!26989356.jpg,//item.taobao.com/item.htm?id=647625678985&ns=1&abbucket=10&xxc=taobaoSearch&mi_id=00005d60nN75hUz8iSP7BJIKmQUeCnV2ZggKxQEuPbxCC3Y&skuId=5851959924084
591839860010,kaws芝麻街超大号毛绒公仔粉色玩偶手办潮流周边玩具生日节日礼物,168,¥,券后价,tb54828967,bearbrick 积木熊品牌店,6年老店,1人付款,上海,"淘金币已抵3.36元, 包邮",,https://g-search2.alicdn.com/img/bao/uploaded/i4/i3/5046526015/O1CN01oyQ8Pz1uIv0DOfeN7_!!5046526015.jpg,//item.taobao.com/item.htm?id=591839860010&ns=1&abbucket=10&xxc=taobaoSearch&mi_id=0000HBTw53tVdydKdrrdrnpVRf-pGf0nMogL_Rabq_gtsI8&skuId=4160134317284
671220040906,小众线条kaws新款vivox70手机壳x60pro+曲屏版硬壳x50保护套s10潮牌s9男s7超薄x30防摔70pro十新品s12por,28,¥,券后价,安帕颂数码专营店,安帕颂数码专营店,6年老店,17人付款,广东 深圳,"官方立减12%, 包邮",适用手机型号:vivo S7 | 风格:小众 | 适用手机机型:vivo | 品牌:LZL（数码）,https://g-search2.alicdn.com/img/bao/uploaded/i4/i2/2204171363026/O1CN01hN07821YDxFC2Szrm_!!0-item_pic.jpg,//detail.tmall.com/item.htm?id=671220040906&ns=1&abbucket=10&xxc=taobaoSearch&mi_id=0000NPhZKds8qwHtC1XEQ-xAfQpUm7WFOuGrkx6jbgvEscw&skuId=5005490446576
892505561897,超划算牌Kaws芝麻街ins学生宿舍单人床单被套三件套少女心四件套,41,¥,券后价,tb845697957,爱萌家的小屋,6年老店,4人付款,江苏 南通,"店铺满50减2, 淘金币已抵1.23元, 新品, 退货宝, 包邮",织造工艺:磨毛 | 功能特性:亲肤 | 床品工艺:数码印花 | 件数:4件 | 被里材质:聚酯纤维 | 风格:卡通 | 主图案类型:卡通动漫,https://g-search1.alicdn.com/img/bao/uploaded/i4/i1/2200784807472/O1CN017YDbxD254ERKqP9NP_!!2200784807472.jpg,//item.taobao.com/item.htm?id=892505561897&ns=1&abbucket=10&xxc=taobaoSearch&mi_id=0000Xn2zh5dZgaOO3jvEdrAcaEqDiCwSIgoO2PWolv4oziU&skuId=5741119533043
1012813010787,潮牌kaws客厅玄关装饰画进门走廊过道壁画暴力熊沙发背景墙上挂画,50.4,¥,,tb494198783794,雾野绘手,,1人看过,河南 商丘,包邮,,https://g-search3.alicdn.com/img/bao/uploaded/i4/i1/2217316113281/O1CN019dXVJH1a6kbrcnvvT_!!2217316113281.jpg,//item.taobao.com/item.htm?id=1012813010787&ns=1&abbucket=10&xxc=taobaoSearch&mi_id=0000EbYaLuCof7PFb5lgysDt3uDm3Hzf3UmgWsh368SBMpA&skuId=6017223769300
1000083075098,轻奢高级感暴力熊装饰画kaws客厅沙发背景墙挂画网红潮牌三联壁画,100.8,¥,,爱迪丝装饰画,爱迪丝装饰画的小店42,,0人付款,北京,包邮,,https://g-search3.alicdn.com/img/bao/uploaded/i4/i1/2206603419862/O1CN01l0o0uM2Mir6EOPta8_!!4611686018427379926-0-item_pic.jpg,//item.taobao.com/item.htm?id=1000083075098&ns=1&abbucket=10&xxc=taobaoSearch&mi_id=0000GEfChnVno437lov9fEo7iM4_t8VtRYVfzUBKcpsk3FY&skuId=5989193721874
1016912720848,kaws暴力熊装饰画客厅挂画轻奢潮牌沙发背景墙三联画网红公仔画,103.43,¥,券后价,艾德斯装饰画,艾德斯装饰画的小店61,,0人付款,河南 商丘,"官方立减12%, 包邮",图案主题:卡通动漫 | 风格匹配:现代简约,https://g-search1.alicdn.com/img/bao/uploaded/i4/i2/2221017506519/O1CN01kzdNYK1y1l4CM7jIV_!!4611686018427380439-0-item_pic.jpg,//item.taobao.com/item.htm?id=1016912720848&ns=1&abbucket=10&xxc=taobaoSearch&mi_id=0000j_Du6E74F5uL6vyZdKRnyKWb2f989hXO3p-tlzaRs1Y&skuId=6187919239755
710506700212,暴力熊kaws渐变菲林适用苹果13壳iPhone16promax全包保护套14plus超薄硬壳14pro新款12创意11个性ins防摔软壳,10.8,¥,首单价,要最便宜的就来我,亿迦数码配件,10年老店,1人付款,广东 深圳,"官方立减12%, 直降1元, 包邮",是否使用环保材质:含环保材料 | 功能:防摔 | 适用手机型号:iPhone 13 mini | 风格:简约 | 适用手机机型:Apple/苹果,https://g-search3.alicdn.com/img/bao/uploaded/i4/i1/1859241992/O1CN01QAPpv51QaNn6KwLhT_!!1859241992.jpg,//item.taobao.com/item.htm?id=710506700212&ns=1&abbucket=10&xxc=taobaoSearch&mi_id=0000olM3Rr_01ZXGT01L22heC_YVOmPt_ldZ0OMyChPICuo&skuId=5119268904681
1018870285839,kaws暴力熊潮牌挂画轻奢发光画客厅背景墙落地装饰画儿童房玄关画,716.4,¥,券后价,时光凯蒂盒,朴物画集,,0人付款,河南 郑州,"官方立减15%, 淘金币已抵2.14元, 包邮",图案主题:卡通动漫 | 风格匹配:现代简约,https://g-search3.alicdn.com/img/bao/uploaded/i4/i3/2221368623644/O1CN01vWwDNG1cn0NvFuwI0_!!2221368623644.jpg,//item.taobao.com/item.htm?id=1018870285839&ns=1&abbucket=10&xxc=taobaoSearch&mi_id=0000xW2YaouqvEw6PFu15lEDzLHEXzcE0haKYZBVcyw1Gpc&skuId=6192787038855
910608226986,DeathNYC kaws装饰画村上隆版画death nyc限量版画芝麻街太阳花,790,¥,券后价,三为家居旗舰店,三为家居旗舰店,5年老店,1人付款,北京,"官方立减12%, 店铺满688减20, 淘金币已抵7.9元, 退货宝, 上门安装, 包邮",风格:北欧风格 | 材质:纸本版画 | 图案:卡通动漫 | 装裱方式:有框,https://gw.alicdn.com/imgextra/O1CN01XS5hAM1dxMxonl4yJ_!!2209070983802-0-picasso.jpg,//detail.tmall.com/item.htm?id=910608226986&ns=1&abbucket=10&xxc=taobaoSearch&mi_id=0000QDWPRQur-PuQ9j8_c_QcJb84XQdUQAg6spOi90Yy_gQ&skuId=5076970819455
957561475475,yeezy350天使反光鞋带kaws满天星鞋带aj球鞋nike3m反光圆形手链带,5.9,¥,券后价,凯甲k,洁癖懒癌专科,12年老店,0人付款,河南 郑州,"淘金币已抵0.11元, 退货宝, 包邮",,https://g-search3.alicdn.com/img/bao/uploaded/i4/i3/1019882017/O1CN01d1CQXW1QlpjJT9lTS_!!1019882017.jpg,//item.taobao.com/item.htm?id=957561475475&ns=1&abbucket=10&xxc=taobaoSearch&mi_id=0000qMu_slVfKAsjTix4ZmKWSyw2IB0yyj5BxeEBIwbxxE4&skuId=4025476009061
967086536896,Original companion潮牌玩偶kaws公仔纯黄铜小胖钥匙扣挂件挂吊坠,49,¥,券后价,lzdj1995,绝不让您空手,14年老店,2人付款,广西 柳州,"淘金币已抵0.44元, 包邮, 公益宝贝",钥匙扣类型:卡通系列 | 图案类型:卡通 | 材质:铜,https://g-search2.alicdn.com/img/bao/uploaded/i4/i3/36971179/O1CN01PqzIOt1Ka1ZLQQh2U_!!36971179.jpg,//item.taobao.com/item.htm?id=967086536896&ns=1&abbucket=10&xxc=taobaoSearch&mi_id=0000qX_inCj_01vLSA-l26uiN5O4LD0YBkmhDY5MZAXZkyo&skuId=3904885846073
722356874459,24号内增高鞋子百搭真皮星星鞋鲨鱼黑牙kaws拼接倒星联名休闲板鞋,548,¥,券后价,tb7478127939,猿人定制明星商店,,0人付款,广东 中山,"官方立减12%, 淘金币已抵9.16元, 退货宝, 公益宝贝",款式:运动休闲鞋 | 风格:休闲风 | 适用性别:男女通用 | 功能:增高 | 品牌:BAZPESIA,https://g-search3.alicdn.com/img/bao/uploaded/i4/i1/2215847752372/O1CN01u5Cpd01TOQKdbmQmy_!!2215847752372.png,//item.taobao.com/item.htm?id=722356874459&ns=1&abbucket=10&xxc=taobaoSearch&mi_id=0000ieaZgUla1xOsag6ABkgDbHSO-XCwrBTAMXtliZhckWE&skuId=5194589962063
924347783155,KAWS暴力熊深渊镜装饰画KTV酒吧酒馆电竞房发光千层镜芝麻街挂画,93.75,¥,券后价,雅尊高端壁纸,雅尊壁画,8年老店,6人付款,广东 江门,"官方立减12%, 退货宝, 包邮, 公益宝贝",画芯材质:有机玻璃 | 图案主题:卡通动漫 | 适用空间:酒吧 | 风格匹配:潮流 | 装裱方式:有框,https://g-search1.alicdn.com/img/bao/uploaded/i4/i4/3353643927/O1CN01WVKrqY1escPIa2Bpv_!!3353643927.jpg,//item.taobao.com/item.htm?id=924347783155&ns=1&abbucket=10&xxc=taobaoSearch&mi_id=0000v7HjqznloJEx8PtDcri43lElz0ch_rUySxqZw4OyiPo&skuId=5970790418595
847773558033,现货 考斯：新虚构 KAWS: New Fiction 英文原版 KAWS个人作品展,380,¥,券后价,phaidon旗舰店,PHAIDON旗舰店,,0人付款,上海,官方立减50元,"作者:KAWS, Daniel Birnbaum, Hans Ulrich Obrist, Bettina Korek, Alexandra Kleeman | 正文语种:英语 | 开本:20.3 x 2.7 x 25.5 cm开",https://g-search1.alicdn.com/img/bao/uploaded/i4/i1/2218764967231/O1CN01wxW0pP23HqyLzLvEK_!!4611686018427387199-0-item_pic.jpg,//detail.tmall.com/item.htm?id=847773558033&ns=1&abbucket=10&xxc=taobaoSearch&mi_id=0000CGyrhc3ffUEcfclXrX81hFJUt8K0ldN27ZyLhhrrBR0&skuId=null
964959218898,熙彰kaws潮牌客厅装饰画现代沙发背景墙挂画暴力熊联名公仔三联画,680.4,¥,,爱丁堡装饰画,爱丁堡装饰画的小店51,,0人付款,河南 商丘,包邮,,https://g-search2.alicdn.com/img/bao/uploaded/i4/i4/2221009900092/O1CN01oKTMrV1CYBYbsxjPC_!!4611686018427384380-0-item_pic.jpg,//item.taobao.com/item.htm?id=964959218898&ns=1&abbucket=10&xxc=taobaoSearch&mi_id=000067UUJiQhwxMFk_q0FxQmIGmkpelZLrSQkqP7wkOBsHI&skuId=6020865289149
598239224227,2019年新款芝麻街 X kaws限定联名运动毛巾夏季吸汗速干冰凉巾,29.9,¥,,天空之城里的,天空之城的布里时光,13年老店,0人付款,河北 保定,"店铺满50减5, 包邮",,https://g-search2.alicdn.com/img/bao/uploaded/i4/i3/60010369/O1CN01pA3pMV1Eb2h1RKv97_!!60010369.jpg,//item.taobao.com/item.htm?id=598239224227&ns=1&abbucket=10&xxc=taobaoSearch&mi_id=0000hxxpMCjnMred0FS93e6QQ9ynXLoOiAT2xMEckZ3DI48&skuId=4343200135951
706891942330,KAWS芝麻街鼠标垫快捷键超大潮牌办公桌垫子电脑键盘桌垫加厚防滑,69,¥,券后价,wkuk旗舰店,wkuk旗舰店,,79人付款,河南 平顶山,"官方立减12%, 淘金币已抵0.26元, 包邮",厚度:4mm | 尺寸:1000x500mm | 品牌:wkUK,https://g-search3.alicdn.com/img/bao/uploaded/i4/i2/2212559435657/O1CN01TEeKew1rexMX73XPF_!!0-item_pic.jpg,//detail.tmall.com/item.htm?id=706891942330&ns=1&abbucket=10&xxc=taobaoSearch&mi_id=0000HVu0osHwiFRRqfEDBytLjYKr9IJNDsM1OrRNEybqC9Q&skuId=4965445180888
962040066731,潮流公主抱Gone原型公仔玩偶潮牌sz-sujiao-kaws玩具暴力熊摆件,348,¥,券后价,lk39117100,Zo zo潮玩店,,0人付款,江西 吉安,"退货宝, 包邮",出售状态:现货 | 材质:树脂 | 适用年龄:15周岁以上 | 品牌:kaws,https://g-search2.alicdn.com/img/bao/uploaded/i4/i2/3613510326/O1CN01AfPLvX1EHMCLz8Ml1_!!3613510326.jpg,//item.taobao.com/item.htm?id=962040066731&ns=1&abbucket=10&xxc=taobaoSearch&mi_id=00002flo7OScCg2NxfJJn3Iznu1T8QRFIa4WXVY_GVArE1g&skuId=5896818456453
1017181225192,轻奢潮流kaws客厅装饰画芝麻街公仔沙发背景墙挂画暴力熊床头壁画,32.8,¥,,九二小楠,莱东实业,,0人付款,浙江 金华,包邮,图案主题:人物 | 装裱方式:无框 | 画芯材质:布纹膜,https://g-search2.alicdn.com/img/bao/uploaded/i4/i4/2194101996/O1CN01Y7WF4H1QcDfMaMbgp_!!2194101996.jpg,//item.taobao.com/item.htm?id=1017181225192&ns=1&abbucket=10&xxc=taobaoSearch&mi_id=0000_s2M1zlpDpJvYIe0jzF8hoTupIm2OEA-QvRdLdqpZ-o&skuId=6025285733985
830747416596,暴力熊芝麻街kaws公仔星聚会VIP包厢落地装饰商场网红潮牌店KTV,1500,¥,券后价,angel丶花村,江苏览艺美陈工厂,7年老店,2人付款,上海,淘金币已抵31.7元,,https://g-search1.alicdn.com/img/bao/uploaded/i4/i4/1122632798/O1CN01YRUS671WXXB7oWg2A_!!1122632798.jpg,//item.taobao.com/item.htm?id=830747416596&ns=1&abbucket=10&xxc=taobaoSearch&mi_id=0000HUqoZ9l6lLVKKzDAwb_3ItabxFYP82OhUFSW48TaBgw&skuId=5736497051028
924586880755,Kaws暴力熊高档轻奢玄关装饰画客厅落地画挂画走廊背景墙积木壁画,118,¥,,山奈尔旗舰店,山奈尔旗舰店,,5人付款,广东 广州,"店铺满100减5, 包邮",画芯材质:油画布 | 适用空间:4S店,https://g-search3.alicdn.com/img/bao/uploaded/i4/i3/2219117219950/O1CN01IszrKV2NN9uP2qa9P_!!4611686018427383918-0-item_pic.jpg,//detail.tmall.com/item.htm?id=924586880755&ns=1&abbucket=10&xxc=taobaoSearch&mi_id=0000HIjqMeZ74UPlbL3u5lF_Na03CxGXDOBHpFEqrFZtePY&skuId=5968575226228
815554605272,潮牌Kaws创意芝麻街衣柜门贴纸整张卧室洗手间玻璃门自粘翻新贴画,25.8,¥,券后价,tb919816112,晴天Home创意家居,,22人付款,山东 滨州,"官方立减12%, 包邮",材质:PVC | 图案:卡通动漫 | 墙贴样式:平面墙贴 | 适用空间:客厅 | 功能:美化装饰,https://g-search3.alicdn.com/img/bao/uploaded/i4/i2/3822105043/O1CN01qB5Z6m1n7kKbMVjkJ_!!3822105043.jpg,//item.taobao.com/item.htm?id=815554605272&ns=1&abbucket=10&xxc=taobaoSearch&mi_id=0000SYGJUH_Cwweq7Z1N1EgkgSTX4DVf0vvLPZMmOJSSICk&skuId=5680152914614
668500372251,芝麻街网红落地大型摆件 潮牌kaws公仔摆件客厅高端家居装饰品,1976,¥,券后价,花千总旗舰店,花千总旗舰店,5年老店,0人付款,福建 泉州,"官方立减12%,  3期, 店铺满958减50, 退货宝, 包邮, 公益宝贝",主体材质:人物 | 表面工艺:半手工,https://g-search3.alicdn.com/img/bao/uploaded/i4/i2/2209527846961/O1CN01kBooY321IBwVybTkE_!!0-item_pic.jpg,//detail.tmall.com/item.htm?id=668500372251&ns=1&abbucket=10&xxc=taobaoSearch&mi_id=0000l7AkGg0tXy_AknLU7j4i1odBAkk3gjY7X_NlOGflfH0&skuId=4812164208964
889808257438,kaws潮牌芝麻街家用夏季防蚊门帘免打孔磁吸卧室防偷窥遮挡纱门,10,¥,券后价,tb7155186360,家家Q家居,,3人付款,广东 广州,"店铺满10减6, 新品, 包邮",门帘类型:防蚊磁吸金刚纱门帘 | 风格:卡通 | 款式:分片 | 适用场景:卧室,https://g-search3.alicdn.com/img/bao/uploaded/i4/i3/2216978714094/O1CN01fZdMJd1g76WnzijSo_!!2216978714094.jpg,//item.taobao.com/item.htm?id=889808257438&ns=1&abbucket=10&xxc=taobaoSearch&mi_id=0000cjs0rZLM3mcxYthDF4r7fdYlgK407GElSjoxbs2TDOU&skuId=5736109697599
1016703059474,kaws潮牌装饰画暴力熊动漫玄关挂画沙发背景墙画房间落地大画壁画,302.4,¥,券后价,丹青迪旅程,丹青迪旅程的小店17,,0人付款,河南 郑州,"官方立减15%, 淘金币已抵4.38元, 包邮",图案主题:静物 | 风格匹配:现代简约,https://g-search3.alicdn.com/img/bao/uploaded/i4/i3/2221017569712/O1CN01E9wIVH2Lc9hni0cjY_!!4611686018427386288-0-item_pic.jpg,//item.taobao.com/item.htm?id=1016703059474&ns=1&abbucket=10&xxc=taobaoSearch&mi_id=0000pqLlJEjfWQaCuUWvJJ6-U2HRDp7guGa3kuRMS071S88&skuId=6192171327201
921455159999,kaws装饰画客厅沙发背景墙面潮流挂画电竞酒店暴力熊卧室房间壁画,88,¥,券后价,辞悠鸿升专卖店,辞悠鸿升专卖店,,0人付款,河南 郑州,"官方立减12%, 退货宝, 包邮",图案主题:卡通动漫 | 适用空间:客厅,https://g-search2.alicdn.com/img/bao/uploaded/i4/i3/2219790339478/O1CN01F6sKVI2Jsz27eqFIh_!!4611686018427383190-0-item_pic.jpg,//detail.tmall.com/item.htm?id=921455159999&ns=1&abbucket=10&xxc=taobaoSearch&mi_id=0000GvnCpPLn1yO3pEkm8yvTlYTB4969-ovK-WU2HFrOBoQ&skuId=6195250135046
956674202722,秋冬男女同款情侣亲子高级感独特KAWS保暖毛线针织围巾围脖485257,55,¥,,tb016393321990,优加美衣坊高端自制,,11人付款,上海,包邮,,https://g-search3.alicdn.com/img/bao/uploaded/i4/i4/2215263308737/O1CN01MtL7SH2EPbXB822bv_!!2215263308737.jpg,//item.taobao.com/item.htm?id=956674202722&ns=1&abbucket=10&xxc=taobaoSearch&mi_id=0000kaGuz2OPfi7Qasn5F19OiLsbwmGrkcBUDIbc2xtz4Cg&skuId=5982320513663
965605704744,潮流kaws客厅装饰画芝麻街公仔沙发背景墙挂画暴力熊轻奢三联画,176,¥,,tb933959640,栖画里装饰画,,0人付款,北京,包邮,图案主题:抽象 | 风格匹配:现代简约,https://g-search1.alicdn.com/img/bao/uploaded/i4/i4/2271029172/O1CN01w0Uw782HcpptazzIt_!!4611686018427381684-0-item_pic.jpg,//item.taobao.com/item.htm?id=965605704744&ns=1&abbucket=10&xxc=taobaoSearch&mi_id=0000sDqMskMfuoO6zSWhXMdIY43yA_K708Uc6pFARup9WIg&skuId=6191584270980
1002323379250,网红kaws公仔潮玩考斯捂脸芝麻街存钱罐客厅软装桌面玄关装饰摆件,633.63,¥,券后价,keranjiaju,VELLIA家居企业店,,0人付款,北京,"官方立减12%, 淘金币已抵4.36元, 包邮",,https://g-search3.alicdn.com/img/bao/uploaded/i4/i2/2218088896433/O1CN01FNJoCH1xON0Dzj6ed_!!2218088896433.jpg,//item.taobao.com/item.htm?id=1002323379250&ns=1&abbucket=10&xxc=taobaoSearch&mi_id=0000MWdg6UkRv6MyVGWus9e99hmcHd54hgEy8fS-8aXf6Qc&skuId=5994939865622
1018079576218,芝麻街KAWS暴力熊客厅装饰画潮牌沙发背景墙挂画现代轻奢三联壁画,160.2,¥,券后价,闺蜜凯西屋,半亩画仓,,0人付款,河南 郑州,"官方立减15%, 淘金币已抵0.48元, 包邮",图案主题:卡通动漫 | 风格匹配:现代简约,https://g-search2.alicdn.com/img/bao/uploaded/i4/i3/2221339006578/O1CN01dKGU581ySmROvu0AX_!!2221339006578.jpg,//item.taobao.com/item.htm?id=1018079576218&ns=1&abbucket=10&xxc=taobaoSearch&mi_id=0000pUxb8ofwnoavMXbQouMWasLOtAiQlvQNLFXkkpyF99k&skuId=6025584685152
1004409016117,kaws暴力熊入户玄关装饰画现代简约走廊过道壁画潮牌创意积木挂画,91,¥,券后价,时代树梦企专卖店,时代树梦企专卖店,,0人付款,广东 广州,"官方立减12%, 店铺满50减2",画芯材质:烤瓷水晶 | 图案主题:卡通动漫 | 适用空间:玄关 | 装裱方式:有框,https://g-search2.alicdn.com/img/bao/uploaded/i4/i1/O1CN01rSTYt11WkMMp3NLie_!!4611686018427383722-0-item_pic.jpg,//detail.tmall.com/item.htm?id=1004409016117&ns=1&abbucket=10&xxc=taobaoSearch&mi_id=0000oin5myof-oN0kYbTEpC0V5CC8mJJOXVH96JKSY61c-A&skuId=6159359438067
1013403900098,潮流kaws玄关装饰画立体叠加壁画月球暴力熊led灯发光客厅壁画,464.4,¥,券后价,对话迪空间,对话迪空间的小店25,,22人看过,江苏 徐州,"官方立减12%, 淘金币已抵6.96元, 包邮",,https://g-search3.alicdn.com/img/bao/uploaded/i4/i4/2221017569712/O1CN01DRNDKc2Lc9hxqfKw4_!!4611686018427386288-0-item_pic.jpg,//item.taobao.com/item.htm?id=1013403900098&ns=1&abbucket=10&xxc=taobaoSearch&mi_id=0000QhQW5MgF1dfiAkrDNTDm6HVhUMyJe7I1hfcSmOerOXw&skuId=6015113237260
956896323803,潮牌门帘杆子免打孔玄关客厅卧室家用厨房ins隔断帘kaws挂布定制,58,¥,券后价,佳衡百货,佳衡百货,7年老店,0人付款,浙江 金华,"官方立减12%, 退货宝, 包邮, 公益宝贝",是否可定制:支持定制 | 门帘类型:布艺门帘 | 风格:ins风 | 款式:整片 | 适用场景:卧室,https://g-search2.alicdn.com/img/bao/uploaded/i4/i4/3958390634/O1CN01jDjCwJ1GYPcyJwp2e_!!3958390634.jpg,//item.taobao.com/item.htm?id=956896323803&ns=1&abbucket=10&xxc=taobaoSearch&mi_id=00007JLE-eNVyNG1TYyXLPndYaugZateGu4IUJZVUepLwAY&skuId=4092072089778
904048584097,KAWS 1000%KAWS 1000%,100,¥,,钰清晓喔,闲伴居雕塑家具,5年老店,0人付款,上海,包邮,,https://g-search2.alicdn.com/img/bao/uploaded/i4/i1/195023021/O1CN01zS5iJK1YBfYhryLkA_!!195023021.jpg,//item.taobao.com/item.htm?id=904048584097&ns=1&abbucket=10&xxc=taobaoSearch&mi_id=0000x0kmBX96wFGMLBeWM568b3_c8XZ_7s1qC2-ODdCyVcQ&skuId=5929620483989
1017262619494,KAWS潮牌客厅装饰画暴力熊动漫玄关过道挂画沙发背景墙大尺寸壁画,88,¥,券后价,辞悠鸿升专卖店,辞悠鸿升专卖店,,0人付款,河南 郑州,"官方立减12%, 退货宝, 包邮",画芯材质:油画布 | 图案主题:卡通动漫 | 适用空间:客厅 | 风格匹配:潮流 | 装裱方式:有框,https://g-search2.alicdn.com/img/bao/uploaded/i4/i2/O1CN01HD7myl25HW0SydG65_!!1693007501-0-scmitem176000.jpg,//detail.tmall.com/item.htm?id=1017262619494&ns=1&abbucket=10&xxc=taobaoSearch&mi_id=0000gYlC8EXVA7HFzsRoiPy94-0LOoLqWq--pNLT87-R7gc&skuId=6192561910110
966403698178,潮牌kaws芝麻街可爱卡通汽车贴纸个性创意防水车尾车窗贴画,6.9,¥,券后价,islandspeed湾岛极速旗舰店,IslandSpeed湾岛极速旗舰店,,3人付款,浙江 温州,"官方立减12%, 淘金币已抵0.2元, 包邮",贴膜类型:全车贴 | 材质:贴纸 | 服务内容:支持订制 | 图案:卡通动漫 | 定制类型:支持定制 | 品牌:Island Speed/湾岛极速 | 功能:装饰,https://g-search3.alicdn.com/img/bao/uploaded/i4/i3/2219218522127/O1CN01NHAhm51RaDTneUzON_!!4611686018427383823-0-item_pic.jpg,//detail.tmall.com/item.htm?id=966403698178&ns=1&abbucket=10&xxc=taobaoSearch&mi_id=0000mICbVVQN5wnpSmhYcS4-G9tqXUoEisuBe2Bo7edusSU&skuId=5939196587081
857947863501,kaws入户玄关装饰画现代简约走廊过道挂画潮牌创意暴力熊积木壁画,118,¥,券后价,字字情旗舰店,字字情旗舰店,5年老店,5人付款,河南 商丘,"店铺满50减5, 淘金币已抵2.3元, 退货宝, 上门安装, 破损包退, 包邮",图案主题:卡通动漫 | 适用空间:玄关 | 风格匹配:现代简约 | 装裱方式:有框 | 画芯材质:布纹膜,https://g-search2.alicdn.com/img/bao/uploaded/i4/i3/2208020193806/O1CN01yAT75W1dzCROo6lkV_!!4611686018427380238-0-item_pic.jpg,//detail.tmall.com/item.htm?id=857947863501&ns=1&abbucket=10&xxc=taobaoSearch&mi_id=0000Grlh5HO3gQV0ns_ynQHN5A7htkWvoFvM7r77KFaPDWE&skuId=5837799687004
928268611971,日本代购优衣库T恤村上春树T恤467254 山中伸弥467263 kaws457869,199,¥,券后价,tinging_2005,加萌酱在东京,8年老店,12人付款,日本,"官方立减12%,  3期, 退货宝, 全球购, 公益宝贝",材质成分:棉100% | 版型分类:标准,https://g-search2.alicdn.com/img/bao/uploaded/i4/i4/63952158/O1CN01VrTIgl1RoPVzGhrhq_!!63952158.jpg,//item.taobao.com/item.htm?id=928268611971&ns=1&abbucket=10&xxc=taobaoSearch&mi_id=0000F4bLklfRMC8NjlBdAtU66j-MgVwDKUTFHm68xR2HotM&skuId=4875370265965
963042085685,考斯家族 艺术画集 街头艺术 英文原版 KAWS: FAMILY,475,¥,券后价,boocup旗舰店,boocup旗舰店,5年老店,0人付款,上海,"官方立减15%, 店铺满200减41, 淘金币已抵7.6元, 退货宝, 包邮",装帧类型:精装 | 作者:Jim Shedden | 正文语种:ENG | 进口书分类:启蒙(儿童),https://g-search1.alicdn.com/img/bao/uploaded/i4/i3/2208142045003/O1CN01xGmju51mpQTZpg9jh_!!0-item_pic.jpg,//detail.tmall.com/item.htm?id=963042085685&ns=1&abbucket=10&xxc=taobaoSearch&mi_id=0000x9xbaORJo3ewd-yJn3f8DyrzjKsvIPdiCWvrY2XKe4w&skuId=null
827849891547,男女装亲子UQ KAWS + Wanhol卫衣长袖运动衫472951,79,¥,券后价,tb149942293639,优质工厂店铺,,5人付款,北京,"官方立减12%, 包邮",款式:套头 | 领子:圆领 | 材质成分:棉100% | 服装版型:宽松型,https://g-search1.alicdn.com/img/bao/uploaded/i4/i3/2215731646549/O1CN01yWpbgm1yFUvI27Fqw_!!2215731646549.jpg,//item.taobao.com/item.htm?id=827849891547&ns=1&abbucket=10&xxc=taobaoSearch&mi_id=0000yEuEd3TZ6uFMBJPWATuqVO7LTx2LllVz7n0gbg458Rg&skuId=5557916205635
567605994181,kaws CLEAN SLATE KAWS抱BB mand kaws公仔手办玩偶,340,¥,,七淘八拣,毛血旺の研究院,9年老店,0人付款,北京,包邮,出售状态:现货 | 款式特点:关节可动,https://g-search2.alicdn.com/img/bao/uploaded/i4/i4/1676165040/O1CN01tLfRAd1n6MyBsLK6l_!!1676165040.jpg,//item.taobao.com/item.htm?id=567605994181&ns=1&abbucket=10&xxc=taobaoSearch&mi_id=0000vkNdrONO1JJxsX1mZn0IJ4Ox-FW2JNMjxcoYH36vU98&skuId=3616489132320
566534307401,mand kaws史努比潮流艺术mand kaws公仔【现货】,85,¥,,七淘八拣,毛血旺の研究院,9年老店,0人付款,北京,公益宝贝,出售状态:现货 | 款式特点:关节可动,https://g-search1.alicdn.com/img/bao/uploaded/i4/i2/1676165040/O1CN01kgVEN81n6MhkPhee1_!!1676165040.jpg,//item.taobao.com/item.htm?id=566534307401&ns=1&abbucket=10&xxc=taobaoSearch&mi_id=0000RsxKeYhSlF6frPmu2WHZwC1TiNZomHq8rc1cm9lonrg&skuId=3764798562196
773618970685,芝麻街Kaws鼠标垫子超大号电竞游戏笔记本电脑垫键盘垫写字垫定制,33.6,¥,,米诺奇旗舰店,米诺奇旗舰店,回头客4万,5人付款,广东 深圳,包邮,材质:橡胶 | 厚度:3mm | 适用型号:通用 | 尺寸:300x800mm | 品牌:米诺奇,https://g-search3.alicdn.com/img/bao/uploaded/i4/i2/2212343602/O1CN01rXSgao1cTlcppwSQg_!!0-item_pic.jpg,//detail.tmall.com/item.htm?id=773618970685&ns=1&abbucket=10&xxc=taobaoSearch&mi_id=00005Ao5oTxtD7WrotnsVBvYhg8Vfgnfg1rwYlbX_Wi7kys&skuId=5292602172134
710050853645,定制网红直播创意潮牌KAWS芝麻街暴力熊遮光窗帘男女生卧室隔断帘,35,¥,券后价,3356346126pjj,铭轩窗帘布艺,,2人付款,浙江 绍兴,"官方立减12%, 淘金币已抵1.05元, 包邮, 公益宝贝",功能:装饰+全遮光 | 款式:打孔帘 | 帘头款式:荡度 | 主图案类型:菱形 | 风格:简约现代,https://g-search3.alicdn.com/img/bao/uploaded/i4/i1/2829862912/O1CN017DpDO81XNkAcl7q96_!!2829862912.jpg,//item.taobao.com/item.htm?id=710050853645&ns=1&abbucket=10&xxc=taobaoSearch&mi_id=0000Zyvbb8HtiMn-I3pWq5iWqfMDp1Z_m711wrg-AWHtpcs&skuId=5149929742090
612823276326,Mand kaws公仔 Along the way 限量手办玩偶模型时尚潮流摆件玩具,258,¥,券后价,qq624153323,新潮舍,6年老店,3人付款,广东 深圳,"店铺满200减10, 淘金币已抵7.74元, 退货宝, 包邮, 公益宝贝",出售状态:现货 | 款式特点:静态,https://g-search3.alicdn.com/img/bao/uploaded/i4/i4/2322961302/O1CN019KD9ds1LUMHnOCbPW_!!2322961302.jpg,//item.taobao.com/item.htm?id=612823276326&ns=1&abbucket=10&xxc=taobaoSearch&mi_id=0000gwVCFV3t25Hh98bTaxEQWcXMrz9zzuE37fyIxDclIPc&skuId=4318030973352
907832298052,简约轻奢抽象艺术卡通kaws暴力熊潮牌乐高积木横版装饰画电子素材,9.9,¥,,t_1497834138150_0243,小白素材设计,,0人付款,北京,包邮,,https://g-search1.alicdn.com/img/bao/uploaded/i4/i4/3330097258/O1CN01AN8C8O23UDgzymeUW_!!3330097258.jpg,//item.taobao.com/item.htm?id=907832298052&ns=1&abbucket=10&xxc=taobaoSearch&mi_id=0000-Sg4_tOAKwE037_nJDK0W6tDnu9tockVf2nrTzgJ9FQ&skuId=null
743193533180,潮酷卡通KAWS公仔手机壳适用于iPhone15/14promax二合一亮面菲林壳苹果11/12硅胶13PRO红色保护套情侣潮牌款,12.8,¥,,tb2071452599,银河少女数码店,,1人付款,广东 深圳,"退货宝, 包邮",保护套质地:硅胶 | 功能:防摔 | 适用手机型号:iPhone 7 | 风格:ins风 | 适用手机机型:Apple/苹果 | 是否使用环保材质:无环保材料,https://g-search3.alicdn.com/img/bao/uploaded/i4/i4/2215959401547/O1CN01xUdgSW1NIZbLM8eWA_!!2215959401547.png,//item.taobao.com/item.htm?id=743193533180&ns=1&abbucket=10&xxc=taobaoSearch&mi_id=0000VBCRT9a7Xnvb2C_B7HYp1XcGTdVmcvPTbvpL3jSu4Iw&skuId=5123940288019
633538719780,KAWS WHAT PARTY版画 米胖子Kaws潮流装饰画MichelinXX眼美式挂画,298,¥,券后价,雅雅雅雅雅520,CHAOHO潮货潮流版画,6年老店,1人付款,江苏 南京,"官方立减12%, 包邮, 公益宝贝",画框材质:铝合金 | 画芯材质:无酸纸 | 适用空间:通用 | 风格匹配:潮流 | 装裱方式:有框 | 是否带框:有框,https://g-search2.alicdn.com/img/bao/uploaded/i4/i4/699260908/O1CN01E9RQAc1IZuXDy0YEg_!!0-item_pic.jpg,//item.taobao.com/item.htm?id=633538719780&ns=1&abbucket=10&xxc=taobaoSearch&mi_id=0000yxN06C0rApMdBJSbAXgcrQHdsekc7QTDkm-Oyyi80eY&skuId=4694556031909
958596008088,潮牌kaws客厅装饰画沙发背景墙画壁画挂画潮流风暴力熊三联轻奢画,168,¥,券后价,卿卿如艺旗舰店,卿卿如艺旗舰店,,0人付款,北京,"官方立减12%, 退货宝, 包邮",画芯材质:烤瓷晶瓷 | 图案主题:卡通动漫 | 适用空间:沙发背景 | 风格匹配:潮流,https://g-search2.alicdn.com/img/bao/uploaded/i4/i4/2259024993/O1CN01jWW3La1mkqWJajeb1_!!0-item_pic.jpg,//detail.tmall.com/item.htm?id=958596008088&ns=1&abbucket=10&xxc=taobaoSearch&mi_id=0000mSMMPn82X3l2yPqA8KUtESKQfxXO3w1C8j-EzhhwmZE&skuId=6031192369831
,,,,,,,,,,,,,
772753619608,儿童卡通烫画可洗补丁贴衣服 KAWS芝麻街艾摩甜饼怪装饰熨斗贴,7.9,¥,券后价,柔曼雨季,柔曼烫画,11年老店,0人付款,广东 广州,"淘金币已抵0.15元, 包邮",,https://g-search2.alicdn.com/img/bao/uploaded/i4/i3/1990171497/O1CN01uYchnw1MvfqOMcLXQ_!!1990171497.jpg,//item.taobao.com/item.htm?id=772753619608&ns=1&abbucket=10&xxc=taobaoSearch&mi_id=00004Tw2fEDib9ugW3wgiWyBbEz1oUJSC6oL2eeiD6nS28w&skuId=5459144210835
640833934502,黑色暴力熊斜挎手机挂绳潮牌KAWS女款手机链新款手机带加长挂脖绳,32,¥,券后价,活在当下2020,派派绳,11年老店,5人付款,广东 深圳,"官方立减12%, 淘金币已抵0.64元, 退货宝, 包邮",,https://g-search2.alicdn.com/img/bao/uploaded/i4/i2/2029764664/O1CN01dH32MK1kKA066XO5O_!!2029764664.jpg,//item.taobao.com/item.htm?id=640833934502&ns=1&abbucket=10&xxc=taobaoSearch&mi_id=0000TQbm_VsP3kUAgg0a0ubJ-Z-ZDSwjeepDTYCVGbkw_Ks&skuId=4599038684925
1019983853088,潮流暴力熊客厅装饰画kaws汽车主题电竞房间挂画沙发背景墙三联画,168,¥,券后价,卿卿如艺旗舰店,卿卿如艺旗舰店,,0人付款,北京,"官方立减12%, 退货宝, 包邮",,https://g-search1.alicdn.com/img/bao/uploaded/i4/i1/2219620576963/O1CN01PEOqIo21J6vaZzItH_!!4611686018427383491-0-item_pic.jpg,//detail.tmall.com/item.htm?id=1019983853088&ns=1&abbucket=10&xxc=taobaoSearch&mi_id=0000CgbJgZMJOzWhcilGaFVxTpBKb9Gw97R6H9dmfihMetY&skuId=6029326884229
611056071387,kaws现代潮流美金装饰画海贼龙珠火影客厅卧室动漫off潮牌玄关画,49,¥,,吉祥映画工作室,科盛装饰,7年老店,0人付款,浙江 绍兴,"店铺满50减10, 上门安装, 极有家, 包邮",画芯材质:油画布 | 图案主题:卡通动漫 | 适用空间:客厅 | 风格匹配:现代简约 | 装裱方式:有框,https://g-search3.alicdn.com/img/bao/uploaded/i4/i3/4142836450/O1CN01aPOwjb1xW9kGaPKIY_!!4611686018427382498-0-item_pic.jpg,//item.taobao.com/item.htm?id=611056071387&ns=1&abbucket=10&xxc=taobaoSearch&mi_id=0000I_z7o6jyID6dFveGP9LyPNHQPv8ADsVDUuPx4Xghj68&skuId=4469258431014
922491802322,潮牌地垫kaws芝麻街覆古街头风家用卧室电脑转椅鼓垫防滑吸水地毯,52,¥,券后价,速运饰品软装,速运饰品软装,,0人付款,天津,"官方立减12%, 包邮",可定制性:不支持定制 | 适用场景:书房,https://g-search1.alicdn.com/img/bao/uploaded/i4/i4/2219176791429/O1CN01hq7tPq1MQX68eAElZ_!!2219176791429-0-scmitem176000.jpg,//item.taobao.com/item.htm?id=922491802322&ns=1&abbucket=10&xxc=taobaoSearch&mi_id=0000PNFRrkOFR5tOK6rpNsaWyU6xLw72jmrhW_ggF-mSv_M&skuId=6023944828571
622545639621,潮牌MAND KAWS林俊杰芝麻街门神手办玩具模型玩偶公仔摆件大号,176,¥,,瀚唐玩具专营店,瀚唐玩具专营店,6年老店,4人付款,广东 广州,"退货宝, 包邮, 公益宝贝",出售状态:现货 | 品牌:好佳儿,https://g-search3.alicdn.com/img/bao/uploaded/i4/i1/2204172818471/O1CN010KohMs2CRloIQu2hp_!!0-item_pic.jpg,//detail.tmall.com/item.htm?id=622545639621&ns=1&abbucket=10&xxc=taobaoSearch&mi_id=0000XZLewhjKJCg_s4qv4WBwSPv8H4Zg9fudiMR_sS-ty28&skuId=4395215540678
815732385968,原创【潮牌迷彩Kaws】情侣手机壳适用于苹果16Promax华为vivo任意机型菲林全包软壳mate70oppo小米p80,23.8,¥,,o林玲玲,异客 原创设计,,3人付款,广东 深圳,"24小时内发, 退货宝, 包邮",保护套质地:亚克力 | 适用手机型号:iPhone 14 Pro Max | 风格:日韩,https://g-search2.alicdn.com/img/bao/uploaded/i4/i1/3319866753/O1CN0193EU4u1zkvi2RGiMU_!!3319866753.jpg,//item.taobao.com/item.htm?id=815732385968&ns=1&abbucket=10&xxc=taobaoSearch&mi_id=0000zeaspgFnkImTijYvDIZV_7W_2jt3ihtRkY-SBE3ZWgs&skuId=5609735033877
627061628490,mand kaws公仔限量手办模型玩偶玩具摆件潮流芝麻街OriginalFake,116,¥,,瀚唐玩具专营店,瀚唐玩具专营店,6年老店,7人付款,广东 广州," 3期, 退货宝, 包邮, 公益宝贝",,https://g-search3.alicdn.com/img/bao/uploaded/i4/i3/2204172818471/O1CN01pKe4un2CRlhIFLDWz_!!2204172818471-0-lubanu-s.jpg,//detail.tmall.com/item.htm?id=627061628490&ns=1&abbucket=10&xxc=taobaoSearch&mi_id=00002IS93qNzZ7iWDtklC87pPJ20T0wslb9BMJgiJ7vffXk&skuId=4626036239284
694680740055,空山基kaws 镜面电镀 磁吸滑板Q版骷髅 公仔摆件 潮流玩具礼盒装,696,¥,券后价,赵明宇1029,潮玩洋行,7年老店,1人付款,浙江 杭州,"官方立减12%, 淘金币已抵13.92元",,https://g-search3.alicdn.com/img/bao/uploaded/i4/i1/788956479/O1CN01YyYcMF1xjQuY01Fkv_!!788956479.jpg,//item.taobao.com/item.htm?id=694680740055&ns=1&abbucket=10&xxc=taobaoSearch&mi_id=0000dAyFsjJ1RMYZfAbZ4lvPnyZPU_5AfkwTYRmz1oCLHY0&skuId=5107919747919
969107483563,狗牙适用苹果16promax手机壳iPhone15pomax皮壳14promax超薄防摔13/12/11皮套联名kaws外壳戈雅时尚男女,48,¥,券后价,tb416367192,悠悠数码工作室,,4人付款,广东 深圳,"淘金币已抵0.53元, 30天价保, 包邮, 公益宝贝",是否使用环保材质:含环保材料 | 工艺技术:镂空 | 款式:全包边 | 适用手机型号:iPhone 14 Pro Max | 风格:日韩 | 适用手机机型:Apple/苹果,https://g-search3.alicdn.com/img/bao/uploaded/i4/i2/1910663063/O1CN01IqgTbo1YUuFGoR1oF_!!1910663063.jpg,//item.taobao.com/item.htm?id=969107483563&ns=1&abbucket=10&xxc=taobaoSearch&mi_id=0000SiQXeJfd1IU7vS0bhlLbxT_JI5U9jzZzy7IBL2fX2RM&skuId=6112833039712
1019430627881,暴力熊装饰画玄关挂画进门客厅落地画高级感潮牌kaws走廊过道壁画,104,¥,,tb873218949,水墨间装饰画,,0人付款,浙江 金华,包邮,,https://g-search1.alicdn.com/img/bao/uploaded/i4/i1/2220996197970/O1CN01kcgZ1G28kJlEXUpLh_!!4611686018427387474-0-item_pic.jpg,//item.taobao.com/item.htm?id=1019430627881&ns=1&abbucket=10&xxc=taobaoSearch&mi_id=000025_NUR0mqfEUSaVMupKHaNBODlcRTExFR_pInLZuB7E&skuId=6196730803523
610636057388,XFLY空山基迪士尼潮流人气装饰画卧室工作室美式卧室现代挂画kaws,389,¥,券后价,老权稳你,缄默飞行,6年老店,0人付款,广东 深圳,"官方立减12%, 淘金币已抵8.67元, 退货宝, 包邮, 公益宝贝",图案主题:卡通动漫 | 适用空间:卧室 | 风格匹配:美式 | 装裱方式:有框,https://g-search3.alicdn.com/img/bao/uploaded/i4/i3/1775614991/O1CN01Zulk801mjvLQE0KU1_!!1775614991.jpg,//item.taobao.com/item.htm?id=610636057388&ns=1&abbucket=10&xxc=taobaoSearch&mi_id=0000tab7JLC946n155dDtX-OmFWr72_jAu04HOkhjEIePqM&skuId=4476123853762
963437399639,卡通暴力熊玄关装饰画钟表挂钟客厅挂画LED发光灯画kaws艺术时钟,348,¥,券后价,业饶旗舰店,业饶旗舰店,,0人付款,浙江 金华,"官方立减12%, 上门安装, 包邮",材质:水晶 | 画芯材质:油画布 | 图案主题:卡通动漫 | 适用空间:玄关 | 风格匹配:现代简约 | 装裱方式:有框,https://g-search2.alicdn.com/img/bao/uploaded/i4/i2/2212357653202/O1CN01dWyr3r1ZWZCrA5uwj_!!4611686018427380434-0-item_pic.jpg,//detail.tmall.com/item.htm?id=963437399639&ns=1&abbucket=10&xxc=taobaoSearch&mi_id=0000mBs1hkKuGpg29QkUka2qzftVNO85g4_f3CevwL2fO6Q&skuId=5694128604845
702554771866,HUMAN MADE × KAWS联名飞鸭北极熊老虎爱心猿人字母圆领短袖T恤,999,¥,券后价,品味女人专卖店,全球潮品线上商店,,0人付款,香港 九龙,"淘金币已抵19.98元, 包邮",,https://g-search1.alicdn.com/img/bao/uploaded/i4/i3/251252725/O1CN01K4b2Il1W065i37HGE_!!251252725.jpg,//item.taobao.com/item.htm?id=702554771866&ns=1&abbucket=10&xxc=taobaoSearch&mi_id=0000ZJ5t7prfdGbNRksjJ45FRW6BxqKe5hEMULJNIcJi85o&skuId=4946261448177
972979330130,现代轻奢客厅沙发背景墙装饰画发光灯画潮流kaws暴力熊卧室床头画,336,¥,券后价,笛升旗舰店,笛升旗舰店,5年老店,0人付款,福建 漳州,"官方立减12%, 店铺满98减10, 淘金币已抵5.04元, 退货宝, 上门安装, 包邮",画芯材质:钢化水晶 | 图案主题:卡通动漫 | 适用空间:电竞酒店 | 风格匹配:轻奢 | 装裱方式:有框 | 材质:铝合金,https://g-search3.alicdn.com/img/bao/uploaded/i4/i4/2208674371389/O1CN017DeioC1M8D6ISPvuS_!!0-item_pic.jpg,//detail.tmall.com/item.htm?id=972979330130&ns=1&abbucket=10&xxc=taobaoSearch&mi_id=0000DA86ucp0k6Oi-P-j6DRNknx9nh9wXfKQdB-mQ5FhQsc&skuId=5331681894463
844100849722,美金拥抱我系列《KAWS》限量客厅挂画卧室潮流装饰画,269,¥,券后价,tb817672_66,安尼畫廊,,8人付款,浙江 杭州,"官方立减12%, 淘金币已抵8.07元, 退货宝, 极有家, 包邮, 公益宝贝",适用空间:家装 | 装裱方式:有框 | 画芯材质:艺术纸,https://picasso.alicdn.com/imgextra/O1CNA1RThkUy1XWRxAS5zTV_!!755942931-0-psf.jpg,//item.taobao.com/item.htm?id=844100849722&ns=1&abbucket=10&xxc=taobaoSearch&mi_id=0000mwNac5M1oI-XJRmO8Tp4uDErIr3U0WgyvI3285h8Nyk&skuId=5620112000053
957919049289,潮牌kaws挂画客厅装饰画现代简约沙发背景墙创意卡通公仔晶瓷壁画,338.4,¥,券后价,易见浩新枫,墨韵画斋装饰画,,3人付款,河南 郑州,"官方立减15%, 淘金币已抵1.01元, 包邮",图案主题:卡通动漫 | 风格匹配:现代简约,https://g-search3.alicdn.com/img/bao/uploaded/i4/i4/2221379025219/O1CN018vq7511oQMBm6Uok1_!!2221379025219.jpg,//item.taobao.com/item.htm?id=957919049289&ns=1&abbucket=10&xxc=taobaoSearch&mi_id=0000OTL5oC9wy10rwTwovarSRa2dIcmdcZnRYJ7k0SKeWT4&skuId=6194453962191
1019947168061,kaws暴力熊客厅装饰画轻奢时尚沙发背景墙挂画现代高级感三联壁画,356.4,¥,券后价,片刻迪永恒,片刻迪永恒的小店50,,0人付款,河南 郑州,"官方立减15%, 淘金币已抵5.16元, 包邮",图案主题:卡通动漫 | 风格匹配:潮流,https://g-search1.alicdn.com/img/bao/uploaded/i4/i3/2221017506519/O1CN01u7uMWm1y1l47mqeGi_!!4611686018427380439-0-item_pic.jpg,//item.taobao.com/item.htm?id=1019947168061&ns=1&abbucket=10&xxc=taobaoSearch&mi_id=00003CZXnwDIZpkVIfWmH54IMiXh3JGl_x6QC0_uiYEZQcE&skuId=6027936336787
571014431409,Kaws bff tokye限定 全新,838,¥,,demillidian,Enjoy潮,11年老店,3人付款,上海,,,https://g-search2.alicdn.com/img/bao/uploaded/i4/i4/94956892/O1CN01ZR60SW20mal5TNkLI_!!94956892.jpg,//item.taobao.com/item.htm?id=571014431409&ns=1&abbucket=10&xxc=taobaoSearch&mi_id=0000aRZF7IjUNGDvyKLJ4MyraEL3aoUmTL7STRyPUsT4oDk&skuId=6036156775597
618727856778,KAWS版画Ups And Downs潮流艺术装饰画 艺术整墙客厅美式挂画,298,¥,券后价,雅雅雅雅雅520,CHAOHO潮货潮流版画,6年老店,2人付款,江苏 南京,"官方立减12%, 包邮, 公益宝贝",画框材质:铝合金 | 画芯材质:无酸纸 | 适用空间:客厅 | 风格匹配:潮流 | 装裱方式:有框 | 是否带框:有框,https://g-search3.alicdn.com/img/bao/uploaded/i4/i4/699260908/O1CN019VeNTu1IZukMEoJsH_!!699260908.jpg,//item.taobao.com/item.htm?id=618727856778&ns=1&abbucket=10&xxc=taobaoSearch&mi_id=0000gjuBNGUvtQkiNyKobYAOUIQeG-0g6lA8Avc55E3CC00&skuId=4555316378525
969773841001,现代暴力熊客厅挂画高级感壁画潮流Kaws高端叠加沙发背景墙装饰画,388,¥,券后价,she3885,美学艺术装饰画,,0人付款,山东 济宁,"官方立减12%, 淘金币已抵5.82元, 退货宝, 上门安装, 包邮",画芯材质:油画布 | 图案主题:卡通动漫 | 适用空间:客厅 | 风格匹配:现代简约 | 装裱方式:有框,https://g-search2.alicdn.com/img/bao/uploaded/i4/i1/341950425/O1CN01Dmbd1n1F0hKNDMfXO_!!341950425.jpg,//item.taobao.com/item.htm?id=969773841001&ns=1&abbucket=10&xxc=taobaoSearch&mi_id=00001d_QuVWpAt0dC7wtDxUfdYIY-eTxJ9xl-uQCyPm0KMo&skuId=5789156046459
592991723339,现货 日本优衣库kaws芝麻街联名限定村上隆太阳花儿童男女短袖T恤,28,¥,,tinasaga,妍妍宝贝屋日本代购,,7人付款,上海,全球购,面料:棉布 | 袖长:短袖 | 适用性别:男女通用 | 领型:圆领,https://g-search3.alicdn.com/img/bao/uploaded/i4/i2/410497518/O1CN014dnDIm25PI8w0b8R2_!!410497518.jpg,//item.taobao.com/item.htm?id=592991723339&ns=1&abbucket=10&xxc=taobaoSearch&mi_id=00000B6NBQLTBE8-ZkMeL2PVlvPgbxAlqRk3nseaKJmBx18&skuId=4196995529811
963960627821,潮牌立体kaws公仔苹果17promax手机壳16适用iphone15/14/13/12pro,15.9,¥,,毕业季766,毕业季手机配件,10年老店,1人付款,广东 深圳,包邮,功能:抗指纹 | 款式:后盖式 | 装饰元素:挂绳孔 | 图案类型:卡通 | 适用手机型号:iPhone 16 pro | 风格:卡通,https://g-search2.alicdn.com/img/bao/uploaded/i4/img/ibank/O1CN01NFKe2N26UcelaOIyJ_!!2215206037665-0-cib.jpg,//item.taobao.com/item.htm?id=963960627821&ns=1&abbucket=10&xxc=taobaoSearch&mi_id=0000Rr82Yx1SFqE4yn3WjV0ZDzhurJI74NNIs2TYTyHn05M&skuId=6071383418157
959723850850,卡通潮牌芝麻街KAWS赛车暴力熊个性窗帘卧室网红直播背景遮光布帘,58,¥,券后价,3356346126pjj,铭轩窗帘布艺,,0人付款,浙江 绍兴,"官方立减12%, 淘金币已抵0.87元, 包邮",款式:空调帘 | 帘头款式:平帷 | 主图案类型:卡通动漫 | 风格:简约现代,https://g-search1.alicdn.com/img/bao/uploaded/i4/i4/2829862912/O1CN01rXCMJf1XNkBBV9ly0_!!2829862912.jpg,//item.taobao.com/item.htm?id=959723850850&ns=1&abbucket=10&xxc=taobaoSearch&mi_id=0000ygP7BFrPdGOxzRYEvvsoeZb1IvDsfGcI2tDsDeDPuIM&skuId=5174536667947
963523740140,暴力熊客厅装饰画现代轻奢沙发背景墙挂画Kaws高级感三联画壁画,168,¥,券后价,卿卿如艺旗舰店,卿卿如艺旗舰店,,0人付款,北京,"官方立减12%, 退货宝, 包邮",图案主题:动物 | 适用空间:客厅 | 风格匹配:现代简约 | 画芯材质:布纹膜,https://g-search1.alicdn.com/img/bao/uploaded/i4/i1/2211371618526/O1CN01gY5zJx2CqxnhEak6H_!!0-item_pic.jpg,//detail.tmall.com/item.htm?id=963523740140&ns=1&abbucket=10&xxc=taobaoSearch&mi_id=0000MfExnDkVaEYVfRPkb5MBccObzQ12NCTEHFAvxmR0GNc&skuId=6029289920348
999687848602,优衣库男装女装KAWS HEATTECH针织围巾/25秋冬新款485257,99,¥,,mrsu小妞,MissS小妞,8年老店,4人付款,北京,,面料:腈纶 | 围巾品牌:Uniqlo/优衣库,https://g-search3.alicdn.com/img/bao/uploaded/i4/i4/3235617992/O1CN01O5tSXf28uOSv0c9Ro_!!3235617992.jpg,//item.taobao.com/item.htm?id=999687848602&ns=1&abbucket=10&xxc=taobaoSearch&mi_id=0000Hic-3jEjv1CvGyz7aeGfM4pf7jlIEZswLlPR3g-9Yto&skuId=6147574342872
920123811171,轻奢高级感暴力熊装饰画kaws客厅沙发背景墙挂画网红潮牌三联壁画,100.8,¥,,tb079502520494,绘点就成,,3人付款,河南 商丘,包邮,,https://g-search2.alicdn.com/img/bao/uploaded/i4/i3/2221009900092/O1CN01s9X5PF1CYBYD1wYh6_!!4611686018427384380-0-item_pic.jpg,//item.taobao.com/item.htm?id=920123811171&ns=1&abbucket=10&xxc=taobaoSearch&mi_id=0000U2rjWZ0GLwmSNsWaR1xKEl2yO5BMWsiwYUwh8KDy_L8&skuId=6164364911623
1018631811524,预售 KAWS: Art and Comics 进口艺术 KAWS：艺术与漫画【中商原版】,387,¥,券后价,中华商务图书专营店,中华商务图书专营店,回头客20万,0人付款,广东 佛山,"官方立减12%, 店铺满300减10, 淘金币已抵7.74元, 退货宝",作者:Ralph Gleis | 进口书分类:艺术类,https://g-search3.alicdn.com/img/bao/uploaded/i4/i2/866276081/O1CN017LkRNs1un9b8m148R_!!4611686018427384561-0-item_pic.jpg,//detail.tmall.com/item.htm?id=1018631811524&ns=1&abbucket=10&xxc=taobaoSearch&mi_id=0000F0aGUzLuoS4FzPQlABPmE4__4rdXTInRdRrgRxPsjvw&skuId=null
708552466215,Mand Kaws Family潮玩公仔手办组合套装家居装饰桌面摆件玩偶礼物,678,¥,券后价,qq624153323,新潮舍,6年老店,5人付款,广东 深圳,"官方立减92元, 店铺满200减10, 淘金币已抵20.34元, 退货宝, 包邮",出售状态:现货 | 款式特点:关节可动,https://g-search1.alicdn.com/img/bao/uploaded/i4/i1/2322961302/O1CN01yM6gnA1LUMV0m8xUA_!!2322961302.jpg,//item.taobao.com/item.htm?id=708552466215&ns=1&abbucket=10&xxc=taobaoSearch&mi_id=0000bierLQancGKihLffR3RUk9ZrzLYBuudwNSw1cFlMa2E&skuId=5147334791584
707749314274,YoungBG NICHE DESIGN 潮牌kaws芝麻街联名网红上衣纯棉男女款夏,118,¥,券后价,t_1511930794252_0308,YoungBG 小众设计,,0人付款,广东 佛山,"官方立减12%, 包邮",,https://g-search1.alicdn.com/img/bao/uploaded/i4/i3/3446973261/O1CN01EieuSo1ZxaOONK1N5_!!3446973261.jpg,//item.taobao.com/item.htm?id=707749314274&ns=1&abbucket=10&xxc=taobaoSearch&mi_id=0000nW4zmVz54yhfpccXEhilvr8CulL-ddXHCAwEUZm8hlE&skuId=5145191463571
948766192836,冲浪女孩抽象创意客厅背景墙装饰画个性走廊卧室床头卡通kaws挂画,99.9,¥,券后价,千山鸟飞绝2024,千山鸟飞绝2024,,0人付款,上海,"店铺满100减5, 淘金币已抵0.99元, 包邮",画芯材质:油画布 | 图案主题:卡通动漫 | 适用空间:客厅 | 装裱方式:有框,https://g-search1.alicdn.com/img/bao/uploaded/i4/i2/O1CN01GuEtEs1HdkNDq0XgB_!!4611686018427381821-0-item_pic.jpg,//item.taobao.com/item.htm?id=948766192836&ns=1&abbucket=10&xxc=taobaoSearch&mi_id=0000Rueimdl80al-1L21KJvpsKGu3rL65onUH-zREhW2OWw&skuId=6023399158729
954260263389,Kaws艺术大师客厅装饰画波普抽象卧室挂画书房现代卡通儿童房挂画,99.3,¥,券后价,诗酒趁年华洋,诗酒趁年华洋,,0人付款,上海,"店铺满100减5, 淘金币已抵0.99元, 包邮",画芯材质:油画布 | 适用空间:客厅 | 风格匹配:现代简约 | 装裱方式:有框,https://g-search1.alicdn.com/img/bao/uploaded/i4/i2/O1CN016AKtsD1YwqN5TQUKj_!!4611686018427382148-0-item_pic.jpg,//item.taobao.com/item.htm?id=954260263389&ns=1&abbucket=10&xxc=taobaoSearch&mi_id=0000A3h_DpV14uBsotldvagZ1eOHopDM-ucyt6qtHNnsi5U&skuId=5879425485975
739880272753,水木辰光 kaws挂件芝麻街老花挂饰包挂钥匙扣,98,¥,券后价,来投影,水木辰光,,3人付款,浙江 杭州,"官方立减12%,  3期, 淘金币已抵2.94元, 退货宝, 包邮",,https://g-search3.alicdn.com/img/bao/uploaded/i4/i2/50204517/O1CN01n0xJNa1jEpcgc887B_!!50204517.jpg,//item.taobao.com/item.htm?id=739880272753&ns=1&abbucket=10&xxc=taobaoSearch&mi_id=00003WB72Dp7WXyWx2Y-IQF0HVJe8dqtdUzR2Tww1Q2FlCM&skuId=5107488757957
1017262219442,时尚潮流客厅装饰画轻奢暴力熊挂画沙发背景墙kaws壁画墙画三联画,168,¥,券后价,卿卿如艺旗舰店,卿卿如艺旗舰店,,0人付款,北京,"官方立减12%, 退货宝, 包邮",材质:水晶 | 图案主题:卡通动漫 | 适用空间:客厅 | 风格匹配:现代简约 | 装裱方式:有框 | 画芯材质:布纹膜,https://g-search2.alicdn.com/img/bao/uploaded/i4/i3/2214051985616/O1CN01MEfwee1rMB8rL4dJH_!!0-item_pic.jpg,//detail.tmall.com/item.htm?id=1017262219442&ns=1&abbucket=10&xxc=taobaoSearch&mi_id=0000v9buDgbe-3IeuxoUftW01xaUWKjXwbR7MD1gBarrn58&skuId=6028162253092
979395850752,潮牌Kaws芝麻街适用苹果17Promax手机壳高级16半包iPhone15/14/13/12/11,38.5,¥,券后价,tb308068334,元气满满数码,,0人付款,广东 深圳,包邮,工艺技术:彩绘 | 适用手机型号:iPhone 17 | 风格:小众 | 适用手机机型:Apple/苹果,https://g-search2.alicdn.com/img/bao/uploaded/i4/i4/2216184274440/O1CN01LtUxYW1ifZcmjhC8B_!!2216184274440.jpg,//item.taobao.com/item.htm?id=979395850752&ns=1&abbucket=10&xxc=taobaoSearch&mi_id=0000XqHoNm6zd_VLTYQZGInDgJkAMZAHzxAmIEX1ufvwzQc&skuId=6102894195431
1015410795066,现代轻奢kaws电表箱装饰画潮流动漫暴力熊弱电箱开关盒挂画墙壁画,64.5,¥,首单价,光养妍旗舰店,光养妍旗舰店,,1人付款,广西 梧州,"直降3元, 包邮",画芯材质:晶瓷+油画布 | 图案主题:卡通动漫 | 装裱方式:有框,https://g-search3.alicdn.com/img/bao/uploaded/i4/i2/O1CN01wZaGFC1UtrI4tStAI_!!4611686018427382672-0-item_pic.jpg,//detail.tmall.com/item.htm?id=1015410795066&ns=1&abbucket=10&xxc=taobaoSearch&mi_id=0000002wzkWeSf_t35_vo291qt4d_PWZSJomuOvoMd683yI&skuId=6189182862326
904048584097,KAWS 1000%KAWS 1000%,100,¥,,钰清晓喔,闲伴居雕塑家具,5年老店,0人付款,上海,包邮,,https://g-search3.alicdn.com/img/bao/uploaded/i4/i1/195023021/O1CN01zS5iJK1YBfYhryLkA_!!195023021.jpg,//item.taobao.com/item.htm?id=904048584097&ns=1&abbucket=10&xxc=taobaoSearch&mi_id=0000x0kmBX96wFGMLBeWM568bw0ech6YpBEFTGACa7sO4yA&skuId=5929620483989
746719862563,现代轻奢客厅装饰画kaws暴力熊三联画直播间壁画沙发背景墙上挂画,276,¥,券后价,笛升旗舰店,笛升旗舰店,5年老店,0人付款,福建 漳州,"官方立减12%, 店铺满98减10, 淘金币已抵4.14元, 退货宝, 上门安装, 包邮",画芯材质:钢化水晶 | 图案主题:卡通动漫 | 适用空间:客厅 | 风格匹配:现代简约 | 装裱方式:有框,https://g-search3.alicdn.com/img/bao/uploaded/i4/i2/2208674371389/O1CN01uwCOYL1M8D1qmEWN0_!!0-item_pic.jpg,//detail.tmall.com/item.htm?id=746719862563&ns=1&abbucket=10&xxc=taobaoSearch&mi_id=0000MWJJ-aQ7vjVbQQqh8zghDHiHLE3EQ-Jo1B_qgtmgPL8&skuId=5151051545612
705827018793,Kaws芝麻街鼠标垫超大号涂鸦个性男女学生炫酷电脑键盘竞办公桌垫,19.9,¥,券后价,李屯村数码店,智能魂外设,,17人付款,四川 广安,"官方立减12%, 淘金币已抵0.39元, 包邮",材质:胶垫 | 厚度:5mm | 适用型号:通用 | 尺寸:90x40cm,https://g-search3.alicdn.com/img/bao/uploaded/i4/i3/2214468344366/O1CN01xOL8DQ1i7g2WQ3LWT_!!2214468344366.jpg,//item.taobao.com/item.htm?id=705827018793&ns=1&abbucket=10&xxc=taobaoSearch&mi_id=0000X1Fo0TNNNOvDltuLUGzSuPCOg8I4PZq9mZb1TwVenjU&skuId=4965757245255
970897303583,第九街卡通kaws xx潮图 mini特斯拉小蚂蚁个性车贴,98,¥,券后价,第九街的涂鸦,第九街的涂鸦 车贴,19年老店,0人付款,广西 南宁,淘金币已抵2.34元,贴膜类型:车身贴 | 材质:胶贴 | 图案:卡通动漫 | 品牌:Respect/威诗柏,https://g-search3.alicdn.com/img/bao/uploaded/i4/i4/47052067/O1CN01d3W7ss1R8jRnvCdFm_!!0-item_pic.jpg,//item.taobao.com/item.htm?id=970897303583&ns=1&abbucket=10&xxc=taobaoSearch&mi_id=0000jpSg5xOAJi17pOI88U_ivDVLVTEbslqK-KT6_R4y9ZA&skuId=4188457484931
603207696286,芝麻街联名公仔kaws64G大内存手机U盘 万圣节娃娃卡通车载U盘,138,¥,券后价,依瑶魅影,郑耶耶泡的茶,12年老店,1人付款,广东 深圳,"官方立减5%, 淘金币已抵2.75元, 退货宝, 包邮, 公益宝贝",,https://g-search1.alicdn.com/img/bao/uploaded/i4/i3/1646250951/O1CN01WEE21p1ItbDffxVOe_!!1646250951.jpg,//item.taobao.com/item.htm?id=603207696286&ns=1&abbucket=10&xxc=taobaoSearch&mi_id=0000D9j9bJ4HyDQEqwYB5CWwt1c7z0xI0pMc5BzjOiE0on4&skuId=4229338629159
923833528808,芝麻街雨伞长柄雨伞原创潮流时尚kaws加固加厚结实抗风2023爆款,88,¥,,一一一一6372,有只鱼啊,7年老店,0人付款,广东 深圳,"退货宝, 包邮",适用年龄:12岁 | 适用年龄:13岁 | 适用年龄:14岁 | 适用年龄:10岁 | 适用年龄:11岁 | 适用年龄:6岁 | 适用年龄:5岁 | 适用年龄:4岁 | 适用年龄:3岁 | 适用年龄:9岁 | 适用年龄:8岁 | 适用年龄:7岁 | 品牌:0001,https://g-search3.alicdn.com/img/bao/uploaded/i4/i4/1614952428/O1CN01qP5F8O1To4FnOrboR_!!0-item_pic.jpg,//item.taobao.com/item.htm?id=923833528808&ns=1&abbucket=10&xxc=taobaoSearch&mi_id=0000PgJIB0VQDVqSu-EGfbhqPcnN1WTdtHoPS3Zwh-HUJCs&skuId=4397895689508
836647871851,适用于徕芬三代FL03吹风机贴纸SE贴膜kaws保护膜潮牌磨砂可爱,14.9,¥,券后价,tb8081822090,易贴数码,,3人付款,广东 中山,"淘金币已抵0.29元, 包邮",,https://g-search1.alicdn.com/img/bao/uploaded/i4/i1/2218614090274/O1CN01BHYV1s1DtXVxtrxYJ_!!2218614090274.jpg,//item.taobao.com/item.htm?id=836647871851&ns=1&abbucket=10&xxc=taobaoSearch&mi_id=0000ug77yFYLA3-mNRuhFrPFhauvtXhfC-yhl8g-Db4NreQ&skuId=5596530593643
1016093498746,现代轻奢kaws电表箱装饰画潮流动漫暴力熊弱电箱开关盒挂画墙壁画,64.5,¥,首单价,欢喜茜旗舰店,欢喜茜旗舰店,,1人付款,广西 梧州,"直降3元, 包邮",画芯材质:晶瓷+油画布 | 图案主题:卡通动漫 | 装裱方式:有框,https://g-search2.alicdn.com/img/bao/uploaded/i4/i2/O1CN01wZaGFC1UtrI4tStAI_!!4611686018427382672-0-item_pic.jpg,//detail.tmall.com/item.htm?id=1016093498746&ns=1&abbucket=10&xxc=taobaoSearch&mi_id=0000tfYTxKaEO2ATM7fLLxgpMywO_Mja-4IQ2y9Vb6P6uns&skuId=6023814956560
854771842385,卡通kaws公仔联名戈雅苹果16promax手机壳新款狗牙适用iPhone15plus皮质潮牌13全包防摔12个性11男女14pro套,39,¥,券后价,cqx你开心就好,潮壳世家一号,,0人付款,广东 深圳,"官方立减12%, 包邮",是否使用环保材质:含环保材料 | 功能:防摔 | 适用手机型号:iPhone 16 Pro Max | 风格:卡通 | 适用手机机型:Apple/苹果 | 品牌:13号数码,https://g-search1.alicdn.com/img/bao/uploaded/i4/i3/2833044352/O1CN01mnYkoz1i1GgoPzjkB_!!2833044352.jpg,//item.taobao.com/item.htm?id=854771842385&ns=1&abbucket=10&xxc=taobaoSearch&mi_id=0000A1lENB4AaHkcOxagzdwAQ1aYfnfSEmtflrDRTHPJ2mw&skuId=5824945770132
841797283992,优衣库 男装女装情侣装 Kaws+Warhol UT（短袖T恤）476352,129,¥,,衣恋613,印奢靓品,18年老店,8人付款,上海,,,https://g-search3.alicdn.com/img/bao/uploaded/i4/i3/64339720/O1CN01E1MF9a2LfokytubPl_!!64339720.jpg,//item.taobao.com/item.htm?id=841797283992&ns=1&abbucket=10&xxc=taobaoSearch&mi_id=0000OAasuA15_QO4RR_9H1oSn9LfOMNb7fiuKLgejk5-0mU&skuId=5782197995248
623738044981,新款芝麻街挂布KAWS墙布潮牌装饰背景布床头布宿舍改造挂毯画壁毯,24.9,¥,券后价,tb061888236,月亮布坊,5年老店,0人付款,河北 石家庄,"官方立减12%, 退货宝, 包邮",,https://g-search3.alicdn.com/img/bao/uploaded/i4/i2/2207993560303/O1CN01SQeVUF1E6ocS1kvHP_!!2207993560303.jpg,//item.taobao.com/item.htm?id=623738044981&ns=1&abbucket=10&xxc=taobaoSearch&mi_id=0000VvNI-40Z1WBvsfYwfHVG6aWWK3uA6ejQpToqPJXwhy0&skuId=4586698166325
750111508884,AZ.KAWS Modern Art 现代抽象艺术装饰画立体简约客厅玄关挂画,118,¥,,我是大大的风流,AZ ART GALLERY 艺臻画廊,,0人付款,福建 福州,包邮,画芯材质:油画布 | 图案主题:几何抽象 | 适用空间:通用 | 风格匹配:现代简约,https://g-search2.alicdn.com/img/bao/uploaded/i4/i2/2422906796/O1CN01xluvOr204cfEzCMOm_!!2422906796.png,//item.taobao.com/item.htm?id=750111508884&ns=1&abbucket=10&xxc=taobaoSearch&mi_id=0000DcwClkQBJ0j9_Q6zINXSAIk7hmnX4_Brg4i6kXHtAfM&skuId=5345788079831
1018033008417,kaws挂画客厅沙发背景墙装饰画潮牌公仔卡通电竞酒店理发店大壁画,309,¥,首单价,欢喜茜旗舰店,欢喜茜旗舰店,,1人付款,广西 梧州,"直降11元, 包邮",画芯材质:油画布 | 风格匹配:现代简约 | 装裱方式:有框,https://g-search2.alicdn.com/img/bao/uploaded/i4/i1/O1CN01PgEhqK1uuwKRkUD62_!!2221314506098-0-scmitem176000.jpg,//detail.tmall.com/item.htm?id=1018033008417&ns=1&abbucket=10&xxc=taobaoSearch&mi_id=0000N9mFGeSOJojg0fwZ71OePUCXDTtQC1iMiWObpFMy5No&skuId=6189908318777
1020120238591,暴力熊玄关装饰画KAWS肌理质感走廊高级感挂画沙发男孩房落地墙画,96,¥,,林夏听风吟,奢画艺装饰画,,0人付款,北京,包邮,图案主题:卡通动漫 | 风格匹配:现代简约,https://g-search3.alicdn.com/img/bao/uploaded/i4/i2/2271029172/O1CN01LjmML72Hcpq16n5dZ_!!4611686018427381684-0-item_pic.jpg,//item.taobao.com/item.htm?id=1020120238591&ns=1&abbucket=10&xxc=taobaoSearch&mi_id=0000Cuqk7Je_QnCBJy35GLfZKGOYLia5zEa3PWtiCZIabI0&skuId=6030847876472
,,,,,,,,,,,,,
848490626705,KAWS + Warhol,499,¥,券后价,igcse_wendy,最后的艺术,12年老店,0人付款,上海,官方立减12%,装帧类型:精装 | 作者:Thomas Crow,https://g-search3.alicdn.com/img/bao/uploaded/i4/i4/1054157696/O1CN01zrhmLw26ip7xGJ23o_!!1054157696.jpg,//item.taobao.com/item.htm?id=848490626705&ns=1&abbucket=10&xxc=taobaoSearch&mi_id=0000qrM7NbyQyh8Gww89SjbDtbeEcbNgNQBx2SLi__sqgvU&skuId=null
656006188343,适用潮牌kaws暴力熊iphone17pro手机壳卡通苹果16/15/14/13/12/Plus/Pro/Max新款硅胶磨砂软套华为Mate70定制,25,¥,券后价,潮品车站,有潮品,7年老店,7人付款,广东 深圳,"淘金币已抵0.5元, 包邮",保护套质地:软胶 | 适用手机型号:iPhone 8 Plus | 风格:欧美 | 适用手机机型:Apple/苹果,https://g-search3.alicdn.com/img/bao/uploaded/i4/i1/3913711137/O1CN01hx0RTj1KGn2MJhcuX_!!3913711137.jpg,//item.taobao.com/item.htm?id=656006188343&ns=1&abbucket=10&xxc=taobaoSearch&mi_id=0000GmszU_R7V0wSvD-Yp9M9cn5TDwQY5x1qKXpVGDx04l8&skuId=5930595117702
973269722442,网红kaws公仔潮玩考斯捂脸芝麻街存钱罐客厅软装桌面玄关装饰摆件,132.4,¥,,泽达臻选店,泽达臻选店的小店51,,1人看过,广东 潮州,包邮,,https://g-search1.alicdn.com/img/bao/uploaded/i4/i2/2220715079304/O1CN01zIx7sY2IbI7CiNJis_!!2220715079304.jpg,//item.taobao.com/item.htm?id=973269722442&ns=1&abbucket=10&xxc=taobaoSearch&mi_id=0000JDIB3XjmlFGmH68dSyfXxz7gBdG363FB62dmgGYY9Ts&skuId=6190944154874
691872181552,现代简约客厅装饰画kaws网红公仔三联画轻奢暴力熊沙发背景墙挂画,336,¥,券后价,笛升旗舰店,笛升旗舰店,5年老店,0人付款,福建 漳州,"官方立减12%, 店铺满98减10, 淘金币已抵5.04元, 退货宝, 上门安装, 包邮",图案主题:卡通动漫 | 适用空间:客厅 | 风格匹配:轻奢 | 装裱方式:有框,https://g-search2.alicdn.com/img/bao/uploaded/i4/i1/2208674371389/O1CN0184gHKn1M8Cvd4XlCn_!!0-item_pic.jpg,//detail.tmall.com/item.htm?id=691872181552&ns=1&abbucket=10&xxc=taobaoSearch&mi_id=0000TPBJ-TFzYTjvaVkCIwnnZsmqdPsOdj-iMDLrSydHd5o&skuId=4916961429258
642085292942,kaws公仔潮牌三联挂画轻奢高档客厅装饰画现代简约沙发背景墙壁画,316,¥,,素绘阁装饰画,素绘阁装饰画工厂,5年老店,0人付款,浙江 金华,"店铺满280减30, 退货宝, 上门安装, 包邮",画芯材质:油画布 | 图案主题:卡通动漫 | 适用空间:客厅 | 风格匹配:北欧风 | 装裱方式:有框,https://g-search1.alicdn.com/img/bao/uploaded/i4/i4/2207993581234/O1CN01s4DBte1KzDjagJGYy_!!0-item_pic.jpg,//item.taobao.com/item.htm?id=642085292942&ns=1&abbucket=10&xxc=taobaoSearch&mi_id=00008_ZJHlGDuKfpkHf3986qGNPB2ieShIvRXb_2QnBkQR4&skuId=4792638034927
833217479085,潮牌卡通苹果16promax手机壳kaws芝麻街iphone15男女款14个性13玻璃12保护套11公仔XR/78plus适用华为mate60,29.8,¥,券后价,深圳科视达,科视达数码,11年老店,0人付款,广东 东莞,"淘金币已抵0.59元, 包邮",保护套质地:钢化玻璃 | 适用手机型号:iPhone 16 plus | 风格:卡通 | 适用手机机型:Apple/苹果 | 品牌:Topwebor,https://g-search3.alicdn.com/img/bao/uploaded/i4/i3/697050159/O1CN01waKKSq1D2rxlkQIFq_!!697050159.jpg,//item.taobao.com/item.htm?id=833217479085&ns=1&abbucket=10&xxc=taobaoSearch&mi_id=0000XzvzBCe5eDSLrTYJdoKqPhdFPEasrO-v8YRn8KrA5tM&skuId=5582722141784
958853432752,65张/包芝麻街Kaws贴纸时尚潮流装饰于笔记本水杯涂鸦行李箱汽车车身手帐厨房电梯门广告墙面手机电动车贴,12.9,¥,首单价,勤老爹旗舰店,勤老爹旗舰店,,1人看过,浙江 温州,"直降2元, 超级立减10%, 店铺满60减7, 淘金币已抵0.64元, 30天价保, 退货宝, 包邮, 公益宝贝",流行元素:馒头家族 | 包装种类:基础包装 | 上市时间:2025-12-28 | 附加功能:装饰,https://g-search3.alicdn.com/img/bao/uploaded/i4/i1/2219522550451/O1CN01Qx846q1FCbkBq2jNA_!!4611686018427382451-2-item_pic.png,//detail.tmall.com/item.htm?id=958853432752&ns=1&abbucket=10&xxc=taobaoSearch&mi_id=0000HPJ1ykLJD_pVRI2PLGhHn7Z1BKC7Kw4dOP_zUFi5zZY&skuId=6017797125498
922112873353,胡桃木bearbrick积木熊藤原浩联名MAND KAWS父子款匹诺曹潮玩手办,499,¥,券后价,唯艾伊,一家潮玩馆,8年老店,4人付款,广东 佛山,"官方立减12%, 淘金币已抵5.97元, 包邮",款式类型:特别版 | 出售状态:定制 | 选购热点:暴力熊,https://g-search3.alicdn.com/img/bao/uploaded/i4/i3/712192966/O1CN01TolTqj1XmTSti7ww1_!!712192966.png,//item.taobao.com/item.htm?id=922112873353&ns=1&abbucket=10&xxc=taobaoSearch&mi_id=0000zWtjscqCF4sRVZkwS9zy0MV-zDFdhNV19PhlJ4Vy_yM&skuId=5028796275153
973988257880,Kaws潮流潮牌暴力熊手工毛球粘贴画立体装饰画 ins风客厅彩色挂画,998,¥,首单价,halfwood88,怡美艺术,13年老店,1人付款,广东 深圳,"官方立减12%, 直降29元, 店铺满500减30, 淘金币已抵5.18元, 退货宝, 上门安装, 包邮, 公益宝贝",画框材质:金属 | 画芯材质:油画布 | 图案主题:卡通动漫 | 适用空间:客厅 | 风格匹配:艺术 | 装裱方式:有框 | 是否带框:有框,https://gw.alicdn.com/imgextra/O1CN01aRln8T1Vp6tUdtNOQ_!!355572701-0-picasso.jpg,//item.taobao.com/item.htm?id=973988257880&ns=1&abbucket=10&xxc=taobaoSearch&mi_id=0000HvbQo1IitrcG_8ZPw87Sw_WXZF4znpXUY71h4RhHFsM&skuId=6091217366843
883607860240,潮流轻奢客厅装饰画2022新款沙发背景墙壁画高级感卧室kaws三联画,88,¥,券后价,笨笨不是本,d[s346068487],,0人付款,上海,"店铺满100减5, 淘金币已抵0.88元, 包邮",图案主题:卡通动漫 | 适用空间:通用 | 装裱方式:无框 | 画芯材质:布纹膜,https://g-search3.alicdn.com/img/bao/uploaded/i4/i4/2656764690/O1CN01C0W6qD1kW4YQ4RFdA_!!4611686018427380498-0-item_pic.jpg,//item.taobao.com/item.htm?id=883607860240&ns=1&abbucket=10&xxc=taobaoSearch&mi_id=0000CQMcKpYdQWRb5ahGyarZeb4Es01AhNAXm_nUbl4gMyA&skuId=5889597482677
795617473056,积木熊暴力熊Kaws公仔拿举气球大摆件酒店铺样板间家居客厅装饰品,200.88,¥,券后价,会动的摆件,会动的摆件,,1人付款,江苏 宿迁,"淘金币已抵6.02元, 退货宝, 48小时内发, 包邮",表面工艺:纯手工 | 主体材质:卡通,https://g-search3.alicdn.com/img/bao/uploaded/i4/i4/2214962454141/O1CN01fjZtMw1gSd45O6X0I_!!2214962454141.jpg,//item.taobao.com/item.htm?id=795617473056&ns=1&abbucket=10&xxc=taobaoSearch&mi_id=0000bM2VHOItZ5-DJhBt4ANdzkRbSVd8dhQUT_ZH1Zp1tVU&skuId=5595934186833
714769714591,KAWS暴力熊积木熊客厅样板间售楼处乔迁落地软装公仔雕塑大摆件,200,¥,,276855527tll,皖约软装美陈雕塑工厂,7年老店,1人付款,安徽 合肥,包邮,表面工艺:纯手工 | 主体材质:卡通 | 摆放方式:落地,https://g-search1.alicdn.com/img/bao/uploaded/i4/i4/2676892303/O1CN01kxoAeT1Ssp2vrTDkQ_!!2676892303.jpg,//item.taobao.com/item.htm?id=714769714591&ns=1&abbucket=10&xxc=taobaoSearch&mi_id=0000thNB3qiiBnUXsPK8VgWk9EJRw3NBuyjGzOtxceyhRQs&skuId=5169802050496
931105876262,kaws装饰画动漫KAWS潮流ins现代房间挂画卧室装饰画动漫人物卡通,179,¥,券后价,版画制造printmaker,版画制造,,0人付款,北京,"淘金币已抵5.37元, 退货宝, 包邮, 公益宝贝",,https://g-search2.alicdn.com/img/bao/uploaded/i4/i3/2217772681845/O1CN01LAKu4R1PV3nhu8fmO_!!2217772681845.jpg,//item.taobao.com/item.htm?id=931105876262&ns=1&abbucket=10&xxc=taobaoSearch&mi_id=0000Ez8yWqg1B96Gk8gzsfbQOn36gfShn0Cs7UYI6_EUmhI&skuId=5990865854864
673257173846,kaws潮牌最后的晚餐挂画潮流装饰画沙发背景墙客厅墙壁画动漫卡通,109,¥,券后价,wq951126,无上画作,,0人付款,江苏 南京,"官方立减12%, 退货宝, 上门安装, 包邮, 公益宝贝",画芯材质:油画布 | 图案主题:卡通动漫 | 适用空间:客厅 | 风格匹配:现代简约 | 装裱方式:有框,https://g-search3.alicdn.com/img/bao/uploaded/i4/i3/1787322584/O1CN012jkCYN1UxWBfv2Obl_!!1787322584.jpg,//item.taobao.com/item.htm?id=673257173846&ns=1&abbucket=10&xxc=taobaoSearch&mi_id=0000bSxnx2nkR4uqe0fsogs73BsV2ptKdH8R3qp7OHMv7Rc&skuId=4849222901988
826942558433,优衣库男女装亲子UT KAWS + Warhol卫衣长袖运动衫476119,109,¥,,gaojing999xian,鱼儿专柜正品,10年老店,0人付款,广东 珠海,,,https://g-search1.alicdn.com/img/bao/uploaded/i4/i3/692094678/O1CN01GnSSdR1kQZmOU0elZ_!!692094678.jpg,//item.taobao.com/item.htm?id=826942558433&ns=1&abbucket=10&xxc=taobaoSearch&mi_id=0000KMSiv7A3ima5VG3k7I4lBChYVtgy0CoLxNjwOaxXAjw&skuId=5721693761367
1017657539774,kaws造型地垫潮牌街头卧室床边防滑装饰吸水室内地毯电竞椅垫鼓垫,36,¥,券后价,彩齐软装展馆,彩齐软装展馆,,0人付款,天津,"官方立减12%, 包邮",材质:混纺 | 图案:卡通动漫 | 可定制性:不支持定制 | 清洗方式:可机洗 | 适用场景:家用,https://g-search3.alicdn.com/img/bao/uploaded/i4/i4/2219180636879/O1CN01BTRefE20gdeptGDcT_!!2219180636879.jpg,//item.taobao.com/item.htm?id=1017657539774&ns=1&abbucket=10&xxc=taobaoSearch&mi_id=0000InSDlqzZAgTLe4q_VBCiRUP1QYtMS4st_4RfhAc5Be4&skuId=6193374462150
992612659518,男装女装情侣款KAWS芝麻街针织围巾保暖百搭拼色围脖25秋冬485257,48,¥,,tb579381553,小丁丫168同款自制店,,8人付款,上海,包邮,穿着方式:套头 | 适用人群:少女,https://g-search1.alicdn.com/img/bao/uploaded/i4/i2/2214999961402/O1CN01P2ODFx1MEAOXbModZ_!!2214999961402.jpg,//item.taobao.com/item.htm?id=992612659518&ns=1&abbucket=10&xxc=taobaoSearch&mi_id=0000c8xtLmxseWnLH5VMBxcswfSWvdAY997_V8YmJZbPC4k&skuId=6134751342117
638872089912,KAWS芝麻街卡通动漫儿童房男孩卧室遮光北欧轻奢现代简约柯桥窗帘,130,¥,券后价,帛尔轩,帛尔轩家居生活馆,11年老店,0人付款,浙江 绍兴,"官方立减12%, 退货宝, 包邮",功能:装饰+全遮光 | 是否智能操控:支持智能操控 | 遮光度:高遮光 | 开合方式:单边开合 | 款式:免打孔 | 主图案类型:卡通动漫 | 适用场景:家居 | 风格:简约现代 | 适用空间:卧室,https://g-search2.alicdn.com/img/bao/uploaded/i4/i3/2100822574/O1CN01YMQDDy1UswZvpP7b5_!!4611686018427380270-0-item_pic.jpg,//item.taobao.com/item.htm?id=638872089912&ns=1&abbucket=10&xxc=taobaoSearch&mi_id=00002WviHNmZs1E-j8SosWIzyjEDoS-efQPcmUx-qH2uJqg&skuId=4754645250202
736563733844,【特价清仓】优衣库KAWS情侣芝麻街短袖T恤421770 422018 422019,79,¥,,美美星期六,哲妈正品代购,8年老店,2人付款,北京,包邮,材质成分:棉100% | 版型分类:标准 | 图案:卡通动漫,https://g-search3.alicdn.com/img/bao/uploaded/i4/i2/1033828257/O1CN01OpmCFM2ArlBhvGMMt_!!1033828257.jpg,//item.taobao.com/item.htm?id=736563733844&ns=1&abbucket=10&xxc=taobaoSearch&mi_id=00000zlNioLKBZqB3dJScb6J3V10_1opFWFauHlAo9gOiTA&skuId=5090106657255
1010969761292,暴力熊装饰画玄关过道挂画网红直播间潮牌落地画kaws客厅轻奢壁画,70.2,¥,,哥萨克装饰画,哥萨克装饰画,,3人付款,河南 商丘,包邮,,https://g-search1.alicdn.com/img/bao/uploaded/i4/i3/2221017569712/O1CN015YXRnd2Lc9hq5zObv_!!4611686018427386288-0-item_pic.jpg,//item.taobao.com/item.htm?id=1010969761292&ns=1&abbucket=10&xxc=taobaoSearch&mi_id=0000PI4W-yVZbCpNeWY-aMN3YdbDUhJl1Ka4zvpoI1vDoSE&skuId=6011214652425
672065311493,kaws潮牌客厅装饰画现代简约沙发背景墙画挂画暴力熊联名公仔壁画,176,¥,券后价,希望有我需要的,名匠家居装饰画,6年老店,2人付款,河南 商丘,"官方立减12%, 淘金币已抵1.76元, 退货宝, 上门安装, 包邮, 公益宝贝",图案主题:卡通动漫 | 适用空间:客厅 | 风格匹配:现代简约 | 装裱方式:有框 | 画芯材质:布纹膜,https://g-search3.alicdn.com/img/bao/uploaded/i4/i1/2017101675/O1CN01YEwLMZ1OFC9lXCNj5_!!2017101675.jpg,//item.taobao.com/item.htm?id=672065311493&ns=1&abbucket=10&xxc=taobaoSearch&mi_id=0000BRIxezfcgV50txFuw6952Mhzohw_ZRHlHk5My5XD78Q&skuId=4829671512214
624817537675,XFLY/ kaws海豚Piranhas When You’re Sleeping展览级别装饰挂画,1899,¥,券后价,老权稳你,缄默飞行,6年老店,1人付款,广东 深圳,"官方立减12%, 淘金币已抵14.97元, 退货宝, 包邮, 公益宝贝",图案主题:卡通动漫 | 适用空间:客厅 | 风格匹配:现代简约 | 装裱方式:有框,https://g-search2.alicdn.com/img/bao/uploaded/i4/i1/1775614991/O1CN01553zmK1mjvNgO0Ebe_!!1775614991.jpg,//item.taobao.com/item.htm?id=624817537675&ns=1&abbucket=10&xxc=taobaoSearch&mi_id=0000QZVK5Gul_ezMYd-Xzw9ouiy0kcIPXXRGQkVyYBNKKS0&skuId=4518066976528
961924433221,芝麻街Kaws鼠标垫超大号涂鸦个性写字垫电竞游戏笔记本电脑键盘垫,73.75,¥,券后价,亚多勒数码旗舰店,亚多勒数码旗舰店,,1人付款,广东 深圳,"店铺满200减10, 淘金币已抵1.77元, 退货宝, 包邮",材质:天然橡胶 | 厚度:3mm | 尺寸:800x300mm,https://g-search3.alicdn.com/img/bao/uploaded/i4/i4/2219766419047/O1CN01ettiq62GhaHsseG2P_!!4611686018427383399-0-item_pic.jpg,//detail.tmall.com/item.htm?id=961924433221&ns=1&abbucket=10&xxc=taobaoSearch&mi_id=00005nF5y7YBR2mFoXuNx8qV5wGozRHr6-pos3jxVCCiftE&skuId=5896192609450
968182526286,时尚潮流男女情侣卡通印花KAWS+ Wa帆布包单肩包斜挎拎包47355688,138,¥,首单价,zoromss清仕专卖店,ZOROMSS清仕专卖店,,3人付款,河南 郑州,"直降13元, 淘金币已抵2.76元, 包邮",质地:棉 | 大小:中 | 款式:斜挎包 | 风格:学院,https://g-search2.alicdn.com/img/bao/uploaded/i4/i4/2219877019569/O1CN01w4rCx52KYf1DWWm7G_!!4611686018427383729-0-item_pic.jpg,//detail.tmall.com/item.htm?id=968182526286&ns=1&abbucket=10&xxc=taobaoSearch&mi_id=0000xpD9dVB6rJQn8MLpIwd-SSEazIIrdw-c-DCqBQv7pzU&skuId=5837862056975
1007331382758,Kaws潮牌暴力熊客厅落地画沙发背景墙面壁画玄关装饰画直播间挂画,124.2,¥,,爱迪士装饰画,爱大彭装饰画的小店37,,0人付款,河南 商丘,包邮,,https://g-search3.alicdn.com/img/bao/uploaded/i4/i3/2221017506519/O1CN01fJB1Wu1y1l45jUdug_!!4611686018427380439-0-item_pic.jpg,//item.taobao.com/item.htm?id=1007331382758&ns=1&abbucket=10&xxc=taobaoSearch&mi_id=000099VB2c-u9XkUAG95nh4itn5Ifu3yL3_rNWrLTUyFNOU&skuId=6004456360262
673464052165,kaws芝麻街暴力熊网红布艺门帘卧室隔断半帘卫生间遮挡挂帘免打孔,31,¥,,tb9262661_55,给力布艺门帘,5年老店,4人付款,江西 上饶,"包邮, 公益宝贝",门帘类型:布艺门帘 | 风格:ins风 | 款式:整片 | 适用场景:卧室,https://g-search1.alicdn.com/img/bao/uploaded/i4/i1/1092242653/O1CN01xTGrFj1VT7W3hAUad_!!1092242653.jpg,//item.taobao.com/item.htm?id=673464052165&ns=1&abbucket=10&xxc=taobaoSearch&mi_id=0000zxOf3H99z8gbWphndkOnQgAeBkCBOC2Q0TPeTVj3yHw&skuId=5020637366481
851836695601,kaws卡通戈雅适用iPhone16promax手机壳新款苹果15pro保护套皮质13全包防摔14plus潮牌12MAX个性男女款16软壳,19.9,¥,券后价,cqx你开心就好,潮壳世家一号,,1人付款,广东 深圳,"官方立减12%, 包邮",是否使用环保材质:含环保材料 | 保护套质地:软胶 | 功能:防摔 | 适用手机型号:iPhone 14 Pro Max | 风格:潮流 | 适用手机机型:Apple/苹果,https://g-search2.alicdn.com/img/bao/uploaded/i4/i3/2833044352/O1CN01Onc1kY1i1GgataJ8t_!!2833044352.jpg,//item.taobao.com/item.htm?id=851836695601&ns=1&abbucket=10&xxc=taobaoSearch&mi_id=0000JtkRMkwfI9hHftuWlLDjiHf4AZY0CpRdaOI7fvIA2mM&skuId=5647976276446
964102901661,潮流kaws客厅装饰画芝麻街公仔沙发背景墙挂画暴力熊轻奢三联画,176,¥,,tb933959640,栖画里装饰画,,0人付款,北京,包邮,图案主题:抽象 | 风格匹配:现代简约,https://g-search2.alicdn.com/img/bao/uploaded/i4/i4/2271029172/O1CN01w0Uw782HcpptazzIt_!!4611686018427381684-0-item_pic.jpg,//item.taobao.com/item.htm?id=964102901661&ns=1&abbucket=10&xxc=taobaoSearch&mi_id=0000sDqMskMfuoO6zSWhXMdIYy1wrJd6DRHgNLFq4Nojwr8&skuId=6191584270980
677801793701,卡通kaws芝麻街公仔网红暴力熊店铺大摆件客厅落地装饰玻璃钢雕塑,399,¥,,波西米亚1987,夏威夷 风情,16年老店,0人付款,福建 泉州,包邮,,https://g-search1.alicdn.com/img/bao/uploaded/i4/i3/300535418/O1CN01qcZqAD1ptUeLYa5G3_!!300535418.jpg,//item.taobao.com/item.htm?id=677801793701&ns=1&abbucket=10&xxc=taobaoSearch&mi_id=0000kDdj5GkPZllp2nzNyCQcbL2SRsk5pKKidGIyTMZnaSg&skuId=5037097318531
966591928208,deathnyc经新品千寻与无脸男与KAWS客厅卧室玄关电表箱装饰画挂画,199,¥,券后价,吴燕萍k,黛西画廊,6年老店,1人付款,福建 泉州,"官方立减12%, 新品, 退货宝, 包邮",图案主题:卡通动漫 | 风格匹配:潮流 | 装裱方式:有框 | 画芯材质:艺术纸,https://g-search3.alicdn.com/img/bao/uploaded/i4/i4/920327573/O1CN01VAcv1925oUS7fP4mv_!!920327573.jpg,//item.taobao.com/item.htm?id=966591928208&ns=1&abbucket=10&xxc=taobaoSearch&mi_id=0000nQzRiFgNzxEQAvi0XBY0dKfn4rsusKHca52VZ8lVDss&skuId=5750620141228
1003964931716,优衣库485271男装女装KAWS柔软绵羊毛圆领针织衫长袖毛衣毛衫秋冬,199,¥,,专柜原版代购,正品代购店 假一赔十,5年老店,3人付款,广东 珠海,,领型:圆领 | 风格:通勤风 | 图案:纯色 | 袖长:长袖 | 穿着方式:套头 | 组合形式:单件 | 功能:保暖发热 | 服装版型:宽松型,https://g-search3.alicdn.com/img/bao/uploaded/i4/i3/2207002992938/O1CN01uh7fWM1XZel94HRWS_!!2207002992938.jpg,//item.taobao.com/item.htm?id=1003964931716&ns=1&abbucket=10&xxc=taobaoSearch&mi_id=0000RCFDfn0MwyeKThhPrRF9xClDYc-b7-3PbvoANfUVdNE&skuId=6163586042757
860538919740,优衣库童装KAWS souffle yarn舒芙蕾圆领针织衫长袖毛衣478143,149,¥,,yimumuyi,变形记代购,16年老店,28人付款,北京,,针织面料:绵羊毛 | 领型设计:圆领 | 适用人群:男童,https://g-search3.alicdn.com/img/bao/uploaded/i4/i4/65606737/O1CN01TLilHk1zdbPECmI89_!!65606737.jpg,//item.taobao.com/item.htm?id=860538919740&ns=1&abbucket=10&xxc=taobaoSearch&mi_id=0000jjnFsMnVFT0i4E2bNxR9p5KLvRANBT6S354mjcPiwq4&skuId=5678829785737
962353275275,潮牌kaws轻奢客厅装饰画卡通暴力熊沙发背景墙挂画高级感三联壁画,302.4,¥,,林间晓憩,林间晓憩的小店41,,0人付款,河南 郑州,包邮,,https://g-search3.alicdn.com/img/bao/uploaded/i4/i4/2220685683025/O1CN01dOkxwG1YDVDfsQlcv_!!2220685683025.jpg,//item.taobao.com/item.htm?id=962353275275&ns=1&abbucket=10&xxc=taobaoSearch&mi_id=0000gTb6cs4DaAGdXrBm0C8-rY4ky7YJYDnCHqNut3EVp9Q&skuId=6192160703810
911282434456,网红kaws大摆件公仔客厅落地大号潮玩暴力熊店门口装饰芝麻街雕塑,128,¥,券后价,tb489654298851,四哥潮牌店,,0人付款,福建 泉州,"官方立减12%, 店铺满2000减50, 退货宝, 包邮",表面工艺:纯手工 | 主体材质:卡通 | 摆放方式:落地,https://g-search3.alicdn.com/img/bao/uploaded/i4/i1/2212348159244/O1CN01UjmhqC2I9oHPxjDdw_!!2212348159244.jpg,//item.taobao.com/item.htm?id=911282434456&ns=1&abbucket=10&xxc=taobaoSearch&mi_id=00008YIUVdH7RZjRffhx0lvNP0yJbG44PXx9uvFlsNgCxcg&skuId=5773935224026
889808257438,kaws潮牌芝麻街家用夏季防蚊门帘免打孔磁吸卧室防偷窥遮挡纱门,10,¥,券后价,tb7155186360,家家Q家居,,3人付款,广东 广州,"店铺满10减6, 新品, 包邮",门帘类型:防蚊磁吸金刚纱门帘 | 风格:卡通 | 款式:分片 | 适用场景:卧室,https://g-search3.alicdn.com/img/bao/uploaded/i4/i3/2216978714094/O1CN01fZdMJd1g76WnzijSo_!!2216978714094.jpg,//item.taobao.com/item.htm?id=889808257438&ns=1&abbucket=10&xxc=taobaoSearch&mi_id=0000cjs0rZLM3mcxYthDF4r7fZV2lpLg9skGqOgVjFQmHFg&skuId=5736109697599
871674681909,2025芝麻街纯棉四件套男生宿舍被套床单潮牌kaws床上用品被单100%,424.4,¥,券后价,tb256159442363,二次元动漫学生用品,,0人付款,四川 成都,"店铺满220减35, 24小时内发, 退货宝, 包邮",功能特性:保暖 | 织造工艺:斜纹 | 面料支数:40支 | 件数:4件 | 风格:卡通 | 面料密度:133x72 | 主图案类型:卡通动漫,https://g-search3.alicdn.com/img/bao/uploaded/i4/i4/2212385077080/O1CN0105cB6e22AhAgai62u_!!2212385077080.jpg,//item.taobao.com/item.htm?id=871674681909&ns=1&abbucket=10&xxc=taobaoSearch&mi_id=0000w4r8sFa0JYwvJh9mH4GgP0zIF0Zw4U0NWS5W5HHXQvQ&skuId=5870341142022
1019799745616,儿童房书房挂画kaws潮流艺术画大气暴力熊过道装饰画潮牌现代简约,77.7,¥,,列夫精品,列夫精品的小店38,,0人付款,广东 广州,包邮,画芯材质:油画布 | 适用空间:客厅 | 装裱方式:有框,https://g-search3.alicdn.com/img/bao/uploaded/i4/i2/2221475431858/O1CN01bEMd8X1Pb10oeDuol_!!2221475431858.jpg,//item.taobao.com/item.htm?id=1019799745616&ns=1&abbucket=10&xxc=taobaoSearch&mi_id=0000bZ65if-ewJaeKWpLGhl4vuB4WMDNiQ9gNkiGKW0zv_4&skuId=6194496178781
999064566556,kaws玄关装饰画钟表挂钟客厅过道走廊挂画发光灯画暴力熊艺术时钟,108,¥,,双子时尚2018,米多多艺术画馆,7年老店,0人付款,河北 石家庄,退货宝,画框材质:金属 | 图案主题:卡通动漫 | 适用空间:玄关 | 风格匹配:现代简约 | 装裱方式:有框 | 是否带框:有框 | 画芯材质:油画布/钢化膜,https://g-search1.alicdn.com/img/bao/uploaded/i4/i2/3336810078/O1CN01JRABTm1CRm0AtNmJh_!!3336810078.jpg,//item.taobao.com/item.htm?id=999064566556&ns=1&abbucket=10&xxc=taobaoSearch&mi_id=0000vZ_egJBwMXYkBksvPvNNF-m4otiIfcSfaA76JE9k_EA&skuId=5985274785250
996434398526,优衣库童装男女童KAWS卡通秋冬厚舒芙蕾针织围脖柔软亲肤脖套,109,¥,,tb0070_67,小狮子童装代购店,10年老店,0人付款,河北 石家庄,,,https://g-search1.alicdn.com/img/bao/uploaded/i4/i4/780100203/O1CN01IAn6jI1DN1VYFyzpe_!!780100203.jpg,//item.taobao.com/item.htm?id=996434398526&ns=1&abbucket=10&xxc=taobaoSearch&mi_id=00001JIk39AEB0sTLB4UmTs3tO9UgrZdAHISd2yEhQAEWRY&skuId=5978408141967
1016871551383,芝麻街 现代简约风格玄关装饰画酒店走廊挂画kaws书房红蓝色壁画,240,¥,券后价,简活生臻选店,简活生臻选店的小店72,,0人付款,福建 泉州,"店铺满200减20, 退货宝, 包邮",,https://g-search2.alicdn.com/img/bao/uploaded/i4/i1/2221240989016/O1CN01MEWsT32GTO39Mx9Dj_!!2221240989016-0-scmitem176000.jpg,//item.taobao.com/item.htm?id=1016871551383&ns=1&abbucket=10&xxc=taobaoSearch&mi_id=0000xm5W2d7HClXxvPPIaxFeIaLkgfbPZTCW3vjW64A6nNI&skuId=6026358684336
712318395254,WE11DONE TRACK潮牌重磅WELLDONE高街纯棉宽松情侣短袖T恤男夏季,256,¥,券后价,ji集美mei,橙果 X Fruit,回头客3万,900+人付款,广东 广州,"官方立减12%, 退货宝, 48小时内发, 包邮, 公益宝贝",材质成分:棉100% | 版型分类:宽松型 | 面料:棉 | 适用性别:男女通用 | 适用人群:青少年,https://gw.alicdn.com/imgextra/O1CN01boqiEG1fLTPxpoeKY_!!269163990-0-picasso.jpg,//item.taobao.com/item.htm?id=712318395254&ns=1&abbucket=10&xxc=taobaoSearch&mi_id=0000NhD7yFkL5Dnz1bhw1IGnPwDOrSFYzaQVC6zdB9pN02Q&skuId=5158050290238
1019467988622,Kaws挂画暴力熊客厅沙发背景墙装饰画现代高级感直播间玄关壁画潮,65.56,¥,,贩卖晓美好,贩卖晓美好的小店47,,0人付款,河南 郑州,包邮,,https://g-search2.alicdn.com/img/bao/uploaded/i4/i3/2220996197970/O1CN01gny4oV28kJl7GCRHQ_!!4611686018427387474-0-item_pic.jpg,//item.taobao.com/item.htm?id=1019467988622&ns=1&abbucket=10&xxc=taobaoSearch&mi_id=0000s_5wJHoL2rZQdOie2_8R0wOvlI8770DCqDXmyc3vePU&skuId=6192963239100
1018956681837,Kaws挂画潮牌暴力熊客厅沙画发落地画现代简玄约装关壁直播LIV间,69.5,¥,券后价,悠萍工厂,悠萍工厂,,0人付款,广东 惠州,"店铺满69减3, 淘金币已抵0.69元, 退货宝, 包邮",画芯材质:油画布 | 图案主题:动物 | 装裱方式:有框,https://g-search1.alicdn.com/img/bao/uploaded/i4/i2/2221392532776/O1CN01kBw8XR1WNSbERsgH2_!!2221392532776.jpg,//item.taobao.com/item.htm?id=1018956681837&ns=1&abbucket=10&xxc=taobaoSearch&mi_id=000082QohFQ6tYVYlG2hfpZN8iYOYMonpM9RCPv46lCTlgM&skuId=6028480781832
1014142990480,摆件潮流小谎言弯腰small lie 玩偶潮牌sz-sujiao-kaws玩具,128,¥,券后价,德维咖啡武,格格屋艺术,13年老店,0人付款,广东 深圳,"淘金币已抵3.84元, 退货宝, 包邮",,https://g-search3.alicdn.com/img/bao/uploaded/i4/i1/483241430/O1CN01k6p9vX1MQzUccXGsO_!!483241430.jpg,//item.taobao.com/item.htm?id=1014142990480&ns=1&abbucket=10&xxc=taobaoSearch&mi_id=000013iVmVdGt4F2hfFPDy-E_hCi2EKnobVi8eMp82V8Vq4&skuId=6185020890084
967936147867,kaws暴力熊挂画潮流客厅入户正对门玄关装饰画理发店轻奢台球室画,264,¥,首单价,欢喜茜旗舰店,欢喜茜旗舰店,,1人付款,广西 梧州,"直降7元, 包邮",画芯材质:油画布 | 图案主题:卡通动漫 | 风格匹配:现代简约 | 装裱方式:有框,https://g-search3.alicdn.com/img/bao/uploaded/i4/i4/O1CN01rZtFMA1SzhCRf6Fo5_!!2218943282318-0-scmitem176000.jpg,//detail.tmall.com/item.htm?id=967936147867&ns=1&abbucket=10&xxc=taobaoSearch&mi_id=0000HDJPzfYQOyv0zWDDz_fTaM5Hbkw3iIkHOWh7VJ9IIBQ&skuId=6190477891919
815954069818,创意罪恶都市落日余晖夕阳三角窗车身汽车贴纸椰子树防水反光车贴,13.9,¥,券后价,金世达车品专营店,金世达车品专营店,回头客2万,6000+人付款,广东 广州,"官方立减12%, 店铺满36减2, 淘金币已抵0.2元, 退货宝, 包邮, 公益宝贝",贴膜类型:车身贴 | 材质:贴纸 | 图案:字母/数字/文字 | 定制类型:不支持定制 | 适用场景:汽车 | 品牌:招吉猫 | 功能:遮盖,https://g-search3.alicdn.com/img/bao/uploaded/i4/i3/467987785/O1CN011g4XDO27NaLQMdDUB_!!0-item_pic.jpg,//detail.tmall.com/item.htm?id=815954069818&ns=1&abbucket=10&xxc=taobaoSearch&mi_id=0000g2zZMbSwL0GaBghPKW0G6aj07JeX3nWsMrp-sZkjqkE&skuId=5684082547919
1012325865480,CAICAIJIA TeamWang王嘉尔同款彩色字母印花JOOPITER短袖重磅男女,138,¥,券后价,tb3710813661,CAICAIJIA STUDIOS,,2人付款,广东 广州,"超级立减10%,  3期, 包邮",版型分类:宽松型 | 适用体型:通用型 | 面料:纯棉 | 图案:字母 | 适用性别:男女通用 | 适用人群:中青年,"https://g-search1.alicdn.com/img/bao/uploaded/i4/i3/2208983322087/O1CN01rXsdpU1RHthqnpiqu~crop,0,125,750,750~_!!2208983322087.jpg",//item.taobao.com/item.htm?id=1012325865480&ns=1&abbucket=10&xxc=taobaoSearch&mi_id=0000SmbpLAZLkbSueCNC6SIpXNg7T6XAZZVa9BOVFLEuWOM&skuId=6014449477143
1003037007704,搞钱做慈善 三本针310纯棉双纱！向上侠不透美式情侣女长袖T恤男,49.9,¥,券后价,亮亮时尚鞋行,搞钱做慈善工作室,回头客30万,77人付款,广东 汕头,"官方立减12%, 48小时内发, 包邮",材质成分:棉100% | 版型分类:宽松型 | 面料:棉 | 图案:印花 | 适用性别:男女通用 | 适用人群:青年,https://g-search3.alicdn.com/img/bao/uploaded/i4/i4/839766424/O1CN01tuFWf11xKFREW9L0o_!!839766424.png,//item.taobao.com/item.htm?id=1003037007704&ns=1&abbucket=10&xxc=taobaoSearch&mi_id=0000mRuXP3K7wGHDKULr-K_SEVWBYr-8tpvZkb2kfFhmsK0&skuId=6161982191143
900068220420,[现货直发]TheNorthFace北面KAWS联名系列22秋冬新户外冲锋衣7WLW,5285,¥,券后价,luanzi1989,XSTORE品牌户外专柜店,,0人付款,上海,"官方立减12%, 全球购, 包邮, 酷动城",防水等级:中雨 | 功能系统:保暖 | 适用季节:冬季 | 主流品牌:THE NORTH FACE/北面,https://g-search2.alicdn.com/img/bao/uploaded/i4/i1/368062783/O1CN01E6PkPq1WQf2ci5kvO_!!368062783.jpg,//item.taobao.com/item.htm?id=900068220420&ns=1&abbucket=10&xxc=taobaoSearch&mi_id=0000NCV81B5GitduEMjkPNysaPZS9I6oSohRxiskdqmpSBw&skuId=5820272089272
739392689542,kaws芝麻街潮牌网红贴XX眼贴纸电动车摩托车小牛汽车车身装饰车贴,11.9,¥,,a我真服你了呦,1314車社Studio,,9人付款,河北 廊坊,包邮,贴膜类型:车身贴 | 材质:贴纸,https://g-search3.alicdn.com/img/bao/uploaded/i4/i2/2302059262/O1CN012pDEcz2II3FNHMqA5_!!0-item_pic.jpg,//item.taobao.com/item.htm?id=739392689542&ns=1&abbucket=10&xxc=taobaoSearch&mi_id=0000yGo1aaf74Q2plGbALilVQdc79Y5Kntetjc_Ee8G4GvY&skuId=5099350556677
,,,,,,,,,,,,,
1003902889941,正品aj男鞋耐­­克dunk白紫鸳鸯aj1低帮板鞋空军一号运动鞋女鞋,138,¥,券后价,tb1347610987,奥莱aj男鞋折扣店,,200+人付款,福建 泉州,"店铺满100减10, 淘金币已抵4.14元, 包邮",,https://g-search2.alicdn.com/img/bao/uploaded/i4/i2/2212160354460/O1CN01LDyugO1iojYgvwYGX_!!2212160354460.jpg,//item.taobao.com/item.htm?id=1003902889941&ns=1&abbucket=10&xxc=taobaoSearch&mi_id=00008iMNMWDN3srTzE0jmm5oKuzDuoTrSSTG4xKV-XNFZes&skuId=5994221180476
1019154872560,网红kaws站姿家居客厅摆件玄关电视柜酒柜装饰品高档家居桌面装饰,169.04,¥,券后价,驰妙严选仓,驰妙严选仓的小店56,,0人付款,浙江 金华,"店铺满100减20, 退货宝, 包邮",驱动方式:自走式 | 控制方式:遥控控制,https://g-search3.alicdn.com/img/bao/uploaded/i4/i4/2220690608239/O1CN01uLNSsO2AjWJ5DCekA_!!2220690608239.jpg,//item.taobao.com/item.htm?id=1019154872560&ns=1&abbucket=10&xxc=taobaoSearch&mi_id=0000ZmN00lUVTi3SUhYhuzxTv5pBx4K7zJw3GjTS2RRo0QA&skuId=6027358153367
973108716902,GOODBRAND25新款碎钻地图长袖美式重磅纯棉打底衫老白小鬼同款INS,148,¥,券后价,刘木鑫886,Gravitation线上店铺,,10人付款,广东 广州,"超级立减10%,  3期, 淘金币已抵2.96元, 退货宝, 包邮",材质成分:棉100% | 版型分类:宽松型 | 适用体型:通用型 | 面料:纯棉 | 适用性别:男女通用 | 适用人群:情侣,https://g-search3.alicdn.com/img/bao/uploaded/i4/i2/2690153102/O1CN01VxVxCC1YmliQSqq1i_!!2690153102.jpg,//item.taobao.com/item.htm?id=973108716902&ns=1&abbucket=10&xxc=taobaoSearch&mi_id=0000VfgJV77e916rSEk8uZFPJ0gZpC60JVGckNIF0cIRPyE&skuId=6088451634950
925282957277,NBHD联名余文乐同款低帮新款酒红色全麂皮复古日系休闲鞋男女板鞋,168.8,¥,券后价,詹玉龙张娟,潮鞋 总仓库,,200+人付款,江苏 徐州,"超级立减10%, 退货宝, 48小时内发, 包邮",风格:休闲 | 鞋面材质:牛反绒（磨砂皮） | 鞋跟高:平跟 | 款式:板鞋 | 鞋头款式:圆头 | 季节:夏季 | 品牌:钢面熊 | 功能:透气 | 适用对象:青年,https://g-search2.alicdn.com/img/bao/uploaded/i4/i3/3414900030/O1CN01cnJFtl1C5mwR59OsZ_!!3414900030.jpg,//item.taobao.com/item.htm?id=925282957277&ns=1&abbucket=10&xxc=taobaoSearch&mi_id=0000ikzHd_pX3VY5fYH9MnOaTF7hsUbef5E4gyFxJBRlVaI&skuId=6152327831210
716923571932,港风痞帅炸街男款T恤上衣260G重磅纯棉复古休闲设计感小众半袖,46.8,¥,券后价,尔潮原创设计服饰,尔潮原创设计服饰,,400+人付款,广东 广州,"官方立减12%, 淘金币已抵0.63元, 退货宝, 48小时内发, 包邮",材质成分:棉100% | 版型分类:宽松型 | 面料:棉布 | 适用人群:青年,https://g-search3.alicdn.com/img/bao/uploaded/i4/i1/2214468903025/O1CN017x9cc71YDUvz5XBAZ_!!0-item_pic.jpg,//item.taobao.com/item.htm?id=716923571932&ns=1&abbucket=10&xxc=taobaoSearch&mi_id=0000GUWqnC-XOaAKOf_U-VgwdsTSsv9_Esx0v6Zc73iX_OA&skuId=5002299740849
895413206782,WE11DONE CDG小众高街美式夏季宽松男女情侣白色纯棉半袖短袖T恤,388,¥,券后价,童霞邓博,摩登折扣店,,200+人付款,广东 汕头,"官方立减12%, 淘金币已抵1.65元, 新品, 退货宝, 48小时内发, 包邮, 公益宝贝",材质成分:棉100% | 版型分类:标准 | 适用体型:通用型 | 面料:纯棉 | 适用性别:男女通用 | 适用人群:青少年,https://g-search1.alicdn.com/img/bao/uploaded/i4/i1/672028898/O1CN01x8uOyR2FbLEOoL6Fp_!!672028898.jpg,//item.taobao.com/item.htm?id=895413206782&ns=1&abbucket=10&xxc=taobaoSearch&mi_id=0000xTNevu52xEk3KyVW0Zho28kV3rEGYSpmjbPTYZTNsNc&skuId=5748236266000
922011502840,HUMAN MADE x KAWS联名 夏威夷卡通老虎树叶满印短袖衬衫衬衣套装,1200,¥,券后价,自己美时尚大码,Not Just Trends,,0人付款,上海,"官方立减12%, 店铺满1000减50, 包邮",版型分类:宽松 | 袖长:九分袖,https://g-search1.alicdn.com/img/bao/uploaded/i4/i2/1653934575/O1CN01AbtEK51jfP3X0eBsw_!!1653934575.jpg,//item.taobao.com/item.htm?id=922011502840&ns=1&abbucket=10&xxc=taobaoSearch&mi_id=0000aaedeqs62Sx0QADm9roHNoHxGEP-0Al2ni98FjxTVeg&skuId=5799289997825
711555235653,适用荣耀x40gt手机壳磨砂玻璃荣耀x40软硅胶防摔荣耀x30潮牌男女款x30i全包高级kaws小熊华为个性网红保护套,88,¥,券后价,pintop品托深圳专卖店,pintop品托深圳专卖店,回头客1万,1人付款,广东 深圳,"官方立减12%, 包邮",是否使用环保材质:含环保材料 | 工艺技术:磨砂 | 适用手机型号:荣耀X40 | 风格:个性 | 适用手机机型:honor/荣耀 | 品牌:Pintop/品托,https://g-search1.alicdn.com/img/bao/uploaded/i4/i3/2211541559527/O1CN01japuSR2KFQ8zIfvUl_!!0-item_pic.jpg,//detail.tmall.com/item.htm?id=711555235653&ns=1&abbucket=10&xxc=taobaoSearch&mi_id=0000C0mlJh9GnU8WFnyshEnDeu2MXc88ophnXn-zMCnciVo&skuId=5158677255076
1018422651746,kaws挂画玄关墙上装饰画潮牌海报芝麻街卧室卡通潮流客厅沙发壁画,88,¥,券后价,咏朦鸿升专卖店,咏朦鸿升专卖店,,0人付款,河南 郑州,"退货宝, 包邮",图案主题:抽象 | 适用空间:通用 | 风格匹配:新中式 | 装裱方式:有框 | 画芯材质:布纹膜,https://g-search1.alicdn.com/img/bao/uploaded/i4/i4/2219823146508/O1CN01o08X3k1xwiiZ4dzm4_!!4611686018427381260-0-item_pic.jpg,//detail.tmall.com/item.htm?id=1018422651746&ns=1&abbucket=10&xxc=taobaoSearch&mi_id=0000zf8JETefPYl-MoC2M7LAm9bEN4gJtPju-pMfOxUaUXQ&skuId=6030305233551
995158978716,潮牌kaws暴力熊客厅装饰画画沙发背景墙面壁画画轻奢高级感三联画,154,¥,券后价,糖弥化旗舰店,糖弥化旗舰店,,0人付款,浙江 金华,"官方立减12%, 上门安装, 包邮",画芯材质:油画布 | 图案主题:卡通动漫 | 适用空间:客厅 | 装裱方式:有框,https://g-search2.alicdn.com/img/bao/uploaded/i4/i2/2212391830591/O1CN01EoYIVb1GEj2mBjoF5_!!0-item_pic.jpg,//detail.tmall.com/item.htm?id=995158978716&ns=1&abbucket=10&xxc=taobaoSearch&mi_id=0000MCMh5-l9yh5Bvx_nHw-hwA1p7-xeZboInhSBIIOILko&skuId=6140542270231
677239421619,优衣库KAWS村上春树短袖T恤peace for all安藤忠雄山中伸弥史努比,79,¥,,强受君小白,二行长与竹马,10年老店,42人付款,福建 漳州,包邮,领型设计:圆领 | 图案:卡通动漫,https://g-search3.alicdn.com/img/bao/uploaded/i4/i1/408506732/O1CN01CD2l7o1zbJEpMO9mq_!!408506732.jpg,//item.taobao.com/item.htm?id=677239421619&ns=1&abbucket=10&xxc=taobaoSearch&mi_id=0000xS7zGh7N5a1Wtm8He5dWH7K7If0-5PA7JRhum7gWGas&skuId=5361728332023
1016339677271,kaws电视背景装饰画潮流客厅沙发挂画现代简约玄关过道乐高画,53,¥,券后价,以驰白枫专卖店,以驰白枫专卖店,,0人付款,广东 广州,"官方立减12%, 店铺满50减2, 包邮",,https://g-search1.alicdn.com/img/bao/uploaded/i4/i2/2216656514496/O1CN01b0o2e61j5DcNNQDby_!!0-item_pic.jpg,//detail.tmall.com/item.htm?id=1016339677271&ns=1&abbucket=10&xxc=taobaoSearch&mi_id=0000VzJBXzB6e8mx5iytf9m5Bbuz0EeSfamFY-OmHyhUIWg&skuId=6023320821638
697060850319,Death NYC限量潮流版画芝麻街Kaws装饰画玄关入门门挂画客厅卧室,890,¥,券后价,三为家居旗舰店,三为家居旗舰店,5年老店,1人付款,北京,"店铺满688减20, 淘金币已抵31.7元, 退货宝, 包邮",风格:北欧风格 | 材质:纸本版画 | 图案:卡通动漫 | 装裱方式:有框,https://gw.alicdn.com/imgextra/O1CN01DUI14S1dxMxpeacNs_!!2209070983802-0-picasso.jpg,//detail.tmall.com/item.htm?id=697060850319&ns=1&abbucket=10&xxc=taobaoSearch&mi_id=0000fkDI49OdrJqKdt-9iUB-5HObAUjQu8h0Dc7hMIEvvqY&skuId=5111267534245
964889194634,网红力熊玄关饰画led暴画轻奢走廊灯过道挂画kaws客厅景沙发背墙,384,¥,券后价,泉瑜旗舰店,泉瑜旗舰店,,0人付款,广东 深圳,"官方立减12%, 退货宝, 包邮, 公益宝贝",风格:简约现代 | 是否可定制:否 | 适用空间:客厅 | 画芯材质:密度板 | 工艺:晶瓷 | 厚度:40毫米 | 发光颜色:暖黄,https://g-search2.alicdn.com/img/bao/uploaded/i4/i1/2214088938636/O1CN01WL2nIU2DfLFfdJt8v_!!0-item_pic.jpg,//detail.tmall.com/item.htm?id=964889194634&ns=1&abbucket=10&xxc=taobaoSearch&mi_id=0000BVJKwAS1QWbJPH8Op3Xp7avYr2RFVfGCU-zK8Pxknqk&skuId=4987960353085
922682578407,S5H正品限量潮流艺术版画 kaws 卡通客厅挂画餐厅卧室玄关装饰画,398,¥,券后价,tb4446413787,Shhhhh,,1人付款,浙江 绍兴,"官方立减12%, 店铺满300减10, 24小时内发, 淘金币已抵19.9元, 包邮, 公益宝贝",图案主题:人物图案 | 适用空间:客厅/办公室/茶室/卧室/餐厅/玄关 | 装裱方式:有框 | 画芯材质:版画纸,https://g-search3.alicdn.com/img/bao/uploaded/i4/i1/2215421433315/O1CN01QyPJ471aMK0robBIF_!!2215421433315.jpg,//item.taobao.com/item.htm?id=922682578407&ns=1&abbucket=10&xxc=taobaoSearch&mi_id=0000XiNQYZWDb4CDIUrabuYhp8ZM1oB0QLCfzyYSUD4Rv7c&skuId=5966502414534
952470422698,kaws匹诺曹公仔手办模型kaws公仔玩偶潮流公仔,165,¥,,七淘八拣,毛血旺の研究院,9年老店,0人付款,北京,包邮,出售状态:现货 | 适用年龄:14周岁以上,https://g-search3.alicdn.com/img/bao/uploaded/i4/i2/1676165040/O1CN01C0aCaS1n6MxfdBBmv_!!1676165040.jpg,//item.taobao.com/item.htm?id=952470422698&ns=1&abbucket=10&xxc=taobaoSearch&mi_id=0000wdQy0WyBLI3mZ6V1_cpDHyWCMhOrG4B_ovxeUASStno&skuId=6038968287669
973425293973,翻毛皮情侣KAWS暴力熊iPhone16ProMax手机壳潮牌男女15Pro适用苹果14pro高档皮纹13个性卡通12全包耐脏保护套,29.8,¥,券后价,深圳港源通讯,潮牌国际环球购,13年老店,8人付款,广东 深圳,"淘金币已抵0.89元, 包邮",是否使用环保材质:含环保材料 | 保护套质地:翻毛皮 | 功能:防摔 | 适用手机型号:iPhone 14 Pro | 风格:卡通 | 适用手机机型:Apple/苹果,https://g-search3.alicdn.com/img/bao/uploaded/i4/i2/616973516/O1CN01jFtUhI1bqNP6irMTt_!!616973516.jpg,//item.taobao.com/item.htm?id=973425293973&ns=1&abbucket=10&xxc=taobaoSearch&mi_id=0000F4xyL1u9MRltNbbeoRw23CSkjUPGxEzJxABZKtRXvpU&skuId=5599728409781
600139941134,日本KAWS富士山潮流挂件包包挂饰毛绒玩具公仔玩偶芝麻街公仔礼物,12.5,¥,,翻滚花生君,翻滚吧花生酱,9年老店,0人付款,广东 广州,,材质:绒布 | 玩具类型:小挂件 | 适用年龄:3岁以上,https://g-search3.alicdn.com/img/bao/uploaded/i4/i3/2617050395/O1CN01P0tVCG1EmwzsQTJsw_!!2617050395.jpg,//item.taobao.com/item.htm?id=600139941134&ns=1&abbucket=10&xxc=taobaoSearch&mi_id=0000MWDtWV8gmevkS7l0I-60od91ofM4xg8BjV9x2-HeKqM&skuId=4195294297649
726751084236,正品KAWS Holiday长白山 限定 公仔 没盒子小瑕疵,1200,¥,券后价,xianghengzhou1,潮集盒 正品散货店,8年老店,1人付款,上海,淘金币已抵24元,,https://g-search2.alicdn.com/img/bao/uploaded/i4/i3/1875684403/O1CN01Yvf9xQ1iOcjNaLvil_!!1875684403.jpg,//item.taobao.com/item.htm?id=726751084236&ns=1&abbucket=10&xxc=taobaoSearch&mi_id=0000YrV0H-HWz45MuV6M60Zs6VNXiqTjRbsC3seRUbec2Tc&skuId=5041831732850
659364250319,网红kaws坐姿玻璃钢雕塑1.1米 轻奢室内客厅大堂落地装饰卡通公仔,1200,¥,券后价,zxj991206zxj,如生潮流艺术雕塑,7年老店,1人付款,上海,"淘金币已抵31.7元, 包邮, 公益宝贝",表面工艺:纯手工 | 主体材质:人物 | 摆放方式:落地,https://g-search2.alicdn.com/img/bao/uploaded/i4/i3/3419898855/O1CN01PirI7Y2FHdsTlXITT_!!3419898855.jpg,//item.taobao.com/item.htm?id=659364250319&ns=1&abbucket=10&xxc=taobaoSearch&mi_id=0000J8Yf5019BANlu_lMe1JQpHqraIF2wZHf0WTAO57T7Dk&skuId=null
,,,,,,,,,,,,,
959237692612,kaws挂画辛普森一家潮流装饰画芝麻街卡通美食挂画客厅门店壁画,58.2,¥,,创利妙513,创利妙513,,0人付款,福建 三明,包邮,,https://g-search1.alicdn.com/img/bao/uploaded/i4/i2/O1CN01Fw0VUm1UtrIDUrT78_!!4611686018427382672-0-item_pic.jpg,//item.taobao.com/item.htm?id=959237692612&ns=1&abbucket=10&xxc=taobaoSearch&mi_id=0000BNW0bmr7bCW6RjnoUXHoKTiR97DalN1kaPHxShrmbhI&skuId=5713082917509
692484811100,kaws潮牌ins手机壳iPhone15plus适用13苹果14Promax华为mate60小米11/vivoiQOO10一加Reno10se一加ace2荣耀90,26.8,¥,券后价,tb650614790,节奏蓝调,,3人付款,广东 深圳,"官方立减12%, 淘金币已抵0.8元, 包邮",保护套质地:钢化玻璃 | 风格:ins风 | 适用手机机型:Apple/苹果,https://g-search3.alicdn.com/img/bao/uploaded/i4/i1/2214177912969/O1CN01XFoB0W1XnqnSSZvsu_!!2214177912969.jpg,//item.taobao.com/item.htm?id=692484811100&ns=1&abbucket=10&xxc=taobaoSearch&mi_id=0000G0Z2qGuLNgS8pVRou-FEL5GrIdG4FuI7arGJi94Ij_M&skuId=4923832424257
683188547209,Kaws网红暴力熊3D渐变贴纸动态幻术贴纸动漫车贴儿童礼物,12.8,¥,券后价,杨涛是美女,次元变图,,1人付款,福建 厦门,"官方立减12%, 淘金币已抵0.64元, 退货宝, 包邮, 公益宝贝",图案:卡通动漫 | 计价单位:张 | 片数:1片,https://g-search2.alicdn.com/img/bao/uploaded/i4/i3/372859431/O1CN01JlCcWz2JXSJ4BC5sN_!!372859431.jpg,//item.taobao.com/item.htm?id=683188547209&ns=1&abbucket=10&xxc=taobaoSearch&mi_id=0000kNaGXiuKUToPdXS0ocJJggp-OEdT40aPsUQuNc9qYyU&skuId=5059960391727
960939533613,KAWS潮牌客厅装饰画暴力熊动漫玄关过道挂画沙发背景墙大尺寸壁画,108,¥,券后价,海鲜壹号旗舰店,海鲜壹号旗舰店,,0人付款,河南 郑州,"官方立减12%, 退货宝, 包邮",画芯材质:油画布 | 图案主题:卡通动漫 | 适用空间:客厅 | 风格匹配:潮流 | 装裱方式:有框,https://g-search2.alicdn.com/img/bao/uploaded/i4/i2/O1CN01HD7myl25HW0SydG65_!!1693007501-0-scmitem176000.jpg,//detail.tmall.com/item.htm?id=960939533613&ns=1&abbucket=10&xxc=taobaoSearch&mi_id=0000sSm7Jm0xu2YzkMkFdpIRzq0-G4MII3QttGWwjJ6T5l0&skuId=6195916546067
1017166963367,儿童房书房挂画kaws潮流艺术画大气暴力熊过道装饰画潮牌现代简约,82.7,¥,,tbb66826784,次晨商贸,,0人付款,浙江 杭州,包邮,画芯材质:油画布 | 适用空间:客厅 | 风格匹配:东南亚 | 装裱方式:有框,https://g-search3.alicdn.com/img/bao/uploaded/i4/i2/2219835418334/O1CN01aLjaaK2BR1vumkSfJ_!!2219835418334-0-scmitem176000.jpg,//item.taobao.com/item.htm?id=1017166963367&ns=1&abbucket=10&xxc=taobaoSearch&mi_id=0000ZaJ1vuZ5VsMiGEj6xgKb5N1vKskEUspM3pBor8LfktQ&skuId=6027955525971
958366988868,kaws窗帘潮牌暴力熊直播背景布电竞房间现代简约客厅男生卧室遮光,110,¥,,tb1780927538,abc窗帘专业定制厂,,0人付款,浙江 绍兴,"包邮, 公益宝贝",材质:布 | 帘头款式:平帷 | 风格:工业风,https://g-search3.alicdn.com/img/bao/uploaded/i4/i3/2210100383616/O1CN017iqH4L1caB3Fa15ty_!!2210100383616.jpg,//item.taobao.com/item.htm?id=958366988868&ns=1&abbucket=10&xxc=taobaoSearch&mi_id=0000O8yYlqhfd-HTgs-t-F9D3NzT97KSNoj-5htArnoHf0Y&skuId=5095398268418
1019235069996,暴力熊客厅装饰画现代简约kaws潮流玩偶三联画高档沙发背景墙挂画,239.4,¥,券后价,tb6979275568,流光画境,,0人付款,河南 郑州,"官方立减15%, 淘金币已抵2.15元, 包邮",图案主题:卡通动漫 | 风格匹配:现代简约,https://g-search3.alicdn.com/img/bao/uploaded/i4/i4/2221017491633/O1CN01xtt7Lo1NvxtUMNBym_!!4611686018427381937-0-item_pic.jpg,//item.taobao.com/item.htm?id=1019235069996&ns=1&abbucket=10&xxc=taobaoSearch&mi_id=0000dQuq0lOCC2E7n7sE8IuvExoEEzilZpVxpUABa4YmJ_o&skuId=6029063305418
748245230798,TR90kaws Parent-Child Fashionable Children's Flat Mirror Per,64.13,¥,,忘却疲惫与辛酸,vbpfcszvss的小店,,0人付款,广东 广州,,镜架材质:800银 | 镜架款式:圆框,https://g-search1.alicdn.com/img/bao/uploaded/i4/i3/2216637327911/O1CN01Sgyl3u28JIAlyXrf7_!!2216637327911.jpg,//item.taobao.com/item.htm?id=748245230798&ns=1&abbucket=10&xxc=taobaoSearch&mi_id=0000vrDysD_rs-UdCifbOxInUS2WpH5iaBKocMZwbLbgHQ8&skuId=5331551171669
694693079027,暴力熊kaws公仔大摆件卡通网红坐姿客厅轻奢装饰落地芝麻街装饰品,1500,¥,,tb287852325046,庆源陶家居,,0人付款,广东 潮州,"退货宝, 包邮",主体材质:卡通 | 表面工艺:半手工,https://g-search3.alicdn.com/img/bao/uploaded/i4/i4/2215115345280/O1CN0199MSp01osI1lAPlRT_!!2215115345280.jpg,//item.taobao.com/item.htm?id=694693079027&ns=1&abbucket=10&xxc=taobaoSearch&mi_id=0000r1afEguY1I5KAt7okS7ehJrUYoKgvBJDFXPWrjoFox4&skuId=5098742314914
728388456227,Death NYC限量亲签潮流版画Kaws太阳花潮流装饰画玄关走廊挂画,799,¥,券后价,三为家居旗舰店,三为家居旗舰店,5年老店,0人付款,北京,"官方立减12%, 店铺满688减20, 淘金币已抵7.99元, 退货宝, 包邮",风格:日式 | 材质:纸本版画 | 图案:卡通动漫 | 装裱方式:有框,https://gw.alicdn.com/imgextra/O1CN018XML5Y1dxMxk6ZEJi_!!2209070983802-0-picasso.jpg,//detail.tmall.com/item.htm?id=728388456227&ns=1&abbucket=10&xxc=taobaoSearch&mi_id=0000_P08hOn6-k0VN-Sd3sHw8DyC29UfZbPDXGDt1fwvmDA&skuId=5054320641709
926461757077,苹果三星磁吸手机壳KAWS潮牌适用S25ultra S23 S22 S24 S25 iPhone17 16 16promax 15Pro 14 13 16plus 16e,16.9,¥,券后价,dinal005,允浩磁吸壳店,,0人付款,广东 深圳,"官方立减12%, 店铺满16减2, 包邮",保护套质地:亚克力 | 适用手机型号:三星Galaxy S21 Ultra | 风格:卡通 | 适用手机机型:Samsung/三星,https://g-search3.alicdn.com/img/bao/uploaded/i4/i1/4145290862/O1CN01zdm3W01IEqRysC8wJ_!!4145290862.jpg,//item.taobao.com/item.htm?id=926461757077&ns=1&abbucket=10&xxc=taobaoSearch&mi_id=00003S5Sfm-TCMhDBubDPvwQ6YAbVlZvNPRjrIrNnhjm00U&skuId=6095883002675
966720275275,美国街头艺术家粉色黑色kaws companion潮流玩偶圆形儿童太阳眼镜,1800,¥,,sky云宰,IYOUTH STUDIO,11年老店,0人付款,上海,"退货宝, 包邮",眼镜形状:圆形 | 功能:防UVA,https://g-search3.alicdn.com/img/bao/uploaded/i4/i4/106590698/O1CN01YQzyMa1H1j5xVWVlP_!!106590698.jpg,//item.taobao.com/item.htm?id=966720275275&ns=1&abbucket=10&xxc=taobaoSearch&mi_id=0000F-3yyVOsxPLDuDqE1I0AsbA4qRHMnzigbYfmpqe6TVM&skuId=4694890194501
887133564650,UNUSUAL KAWS潮流手办摆件人偶模型宫崎骏藤原浩村上隆儿童房饰品,230,¥,券后价,勇趣旗舰店,勇趣旗舰店,,0人付款,浙江 杭州,"官方立减12%, 店铺满300减50, 退货宝, 包邮",,https://g-search3.alicdn.com/img/bao/uploaded/i4/i2/2219316713460/O1CN01ABwwxW1bQjSqrUD7D_!!4611686018427385844-0-item_pic.jpg,//detail.tmall.com/item.htm?id=887133564650&ns=1&abbucket=10&xxc=taobaoSearch&mi_id=0000oMrqTliCqAbvu3FPgGPbpX5EUEITTYaeM_yZlONClOU&skuId=5730503205010
1020107753010,kaws暴力熊牀头装饰画潮牌卡通卧室挂画高级感酒店房间背景墙壁画,72,¥,,林间小确幸,屿间画装饰画,,0人付款,北京,包邮,图案主题:卡通动漫 | 风格匹配:潮流,https://g-search3.alicdn.com/img/bao/uploaded/i4/i3/2221009900092/O1CN01bBESGk1CYBYDjX31S_!!4611686018427384380-0-item_pic.jpg,//item.taobao.com/item.htm?id=1020107753010&ns=1&abbucket=10&xxc=taobaoSearch&mi_id=0000WHOQyIc5iKs0zkUvfYx7dDvjRpgxYtR0K782zhdgDqI&skuId=6195552223965
889442884335,kaws挂画客厅沙发背景墙装饰画潮牌公仔卡通电竞酒店理发店大壁画,200.4,¥,,冯尚2,冯尚2,,0人付款,广东 深圳,包邮,画芯材质:油画布 | 装裱方式:有框 | 材质:铝合金,https://g-search3.alicdn.com/img/bao/uploaded/i4/i1/O1CN01aqVyzG1UtrIDNsFXd_!!4611686018427382672-0-item_pic.jpg,//item.taobao.com/item.htm?id=889442884335&ns=1&abbucket=10&xxc=taobaoSearch&mi_id=0000RbIDCPPzokK3NSadyUlBIrUNZfU30Rl66mTFL6Hw0lA&skuId=5735038569033
1019065365863,七龙珠装饰画KAWS挂画卡通动漫潮牌潮流工作室大幅宿舍卧室床头画,108.8,¥,,tb021133189,淘小宝装饰画,,0人付款,江苏 徐州,包邮,画芯材质:油画布 | 图案主题:卡通动漫 | 适用空间:电竞酒店 | 风格匹配:艺术 | 装裱方式:无框,https://g-search3.alicdn.com/img/bao/uploaded/i4/i3/2928325450/O1CN01sjD4gk1q89gD2Q476_!!2928325450-0-scmitem176000.jpg,//item.taobao.com/item.htm?id=1019065365863&ns=1&abbucket=10&xxc=taobaoSearch&mi_id=0000USIst91NEqkz9IWV26dswPrKmKzmnDbtm7HOG9OZQhE&skuId=6027689636123
897631466256,网红暴力熊kaws大摆件芝麻街卡通公仔雕塑客厅电视柜落地装饰品,168.3,¥,,秋致色旗舰店,秋致色旗舰店,,3人付款,江苏 无锡,"新品, 48小时内发, 包邮",表面工艺:失蜡法 | 主体材质:树脂,https://g-search2.alicdn.com/img/bao/uploaded/i4/i3/2219065303916/O1CN01Ngf1jD1ena2A0VqhK_!!4611686018427380588-0-item_pic.jpg,//detail.tmall.com/item.htm?id=897631466256&ns=1&abbucket=10&xxc=taobaoSearch&mi_id=0000co-pRLwQpz6fY9H7NH7suwFVzMYiG9PJLoF85uzxM7I&skuId=5918011738774
732127584453,潮牌kaws客厅钻石画现代轻奢暴力熊点贴砖十字绣2025新款三联画5d,122,¥,券后价,简皇旗舰店,简皇旗舰店,7年老店,2人付款,浙江 金华,"官方立减12%, 淘金币已抵2.1元, 退货宝, 包邮, 公益宝贝",图案:卡通动漫 | 风格:简约现代 | 适用空间:客厅,https://g-search1.alicdn.com/img/bao/uploaded/i4/i2/4067766028/O1CN0109lGHG1uOsLja2sNX_!!0-item_pic.jpg,//detail.tmall.com/item.htm?id=732127584453&ns=1&abbucket=10&xxc=taobaoSearch&mi_id=0000VK7jWKPAAp6VRy_P516-Ha9UedD28Pdey3YXiZWJvsA&skuId=5068071548702
860059346306,时尚 潮牌Kaws 666 PATCH刺绣布贴 投篮补丁贴 魔术贴缝制熨烫贴,8,¥,券后价,朋克物语,神之魔术贴战术布贴 一个免运费,15年老店,12人付款,广东 中山,"官方立减12%, 淘金币已抵0.8元, 退货宝, 48小时内发, 包邮",适用对象:男女通用 | 产地:中国 | 上市时间:2025年夏季,https://g-search1.alicdn.com/img/bao/uploaded/i4/i3/69278962/O1CN01pNFBJm2G4eescGrNK_!!69278962.jpg,//item.taobao.com/item.htm?id=860059346306&ns=1&abbucket=10&xxc=taobaoSearch&mi_id=0000K0mn8CUHOrridtZ-1MFo2KA_BR23_Hemfc7cdZqFmiI&skuId=6182940154247
692600209877,潮牌Kaws暴力熊积木熊卡通落地大摆件雕塑公仔样板间客厅轻奢装饰,1080,¥,,276855527tll,皖约软装美陈雕塑工厂,7年老店,11人付款,安徽 合肥,包邮,款式特点:摇头 | 选购热点:暴力熊,https://g-search3.alicdn.com/img/bao/uploaded/i4/i3/2676892303/O1CN01l1J4Cm1Ssp1omU6Tq_!!2676892303.jpg,//item.taobao.com/item.htm?id=692600209877&ns=1&abbucket=10&xxc=taobaoSearch&mi_id=0000eAtUtzo1GcqxrTUm-Im0Zj2KEwUvT9AZPOYGAomQ-qE&skuId=5088604714902
644411253275,KAWS卡通动漫装饰画联名潮流文化挂画芝麻街清明上河图最后的晚餐,125,¥,,快乐的小海鑫,马克与赛克,5年老店,0人付款,广东 深圳,"退货宝, 包邮, 公益宝贝",画芯材质:油画布 | 图案主题:卡通动漫 | 适用空间:卧室 | 风格匹配:艺术 | 装裱方式:有框,https://g-search2.alicdn.com/img/bao/uploaded/i4/i2/2230658522/O1CN011RhsUP2Cp83sr1c75_!!0-item_pic.jpg,//item.taobao.com/item.htm?id=644411253275&ns=1&abbucket=10&xxc=taobaoSearch&mi_id=0000eipuRDgzqqJeSxBoLuUQjS-ZRqzhqOCw7rCk19slLAs&skuId=5105307245940
968007482802,克莱因蓝网红店kaws落地大摆件坐姿美发店公仔玻璃钢雕塑客厅装饰,599,¥,券后价,yun美陈,郜月潮玩摆件,,1人付款,福建 泉州,"官方立减12%, 退货宝, 包邮, 公益宝贝",表面工艺:纯手工 | 主体材质:卡通 | 摆放方式:落地,https://g-search1.alicdn.com/img/bao/uploaded/i4/i1/2212910356525/O1CN01D7PILj1y4V54bP8Xo_!!2212910356525.jpg,//item.taobao.com/item.htm?id=968007482802&ns=1&abbucket=10&xxc=taobaoSearch&mi_id=0000pOFgkUfFXOADZt63Tl2p32v2_v0otzjpvD7BDyITenU&skuId=4931040504316
1020202030200,kaws潮牌客厅装饰画 画现代简约沙发背景墙挂画 画挂画 画暴力熊,88,¥,券后价,ytl15863609038,方寸艺境,11年老店,0人付款,河南 商丘,"官方立减12%, 包邮",图案主题:卡通动漫 | 适用空间:客厅 | 风格匹配:现代简约 | 装裱方式:有框,https://g-search3.alicdn.com/img/bao/uploaded/i4/i4/2000174507/O1CN01KxSTXz1jAGBtyfEmC_!!2000174507.jpg,//item.taobao.com/item.htm?id=1020202030200&ns=1&abbucket=10&xxc=taobaoSearch&mi_id=0000VLvHg_6PdBse5sKXENoKf391V68iR10unR62FGSELT4&skuId=6196456058517
1021865736447,潮牌kaws客厅装饰画三联暴力熊汽车主题挂画现代轻奢沙发背景墙画,88,¥,券后价,ytl15863609038,方寸艺境,11年老店,0人付款,河南 商丘,"官方立减12%, 包邮",适用空间:客厅 | 装裱方式:有框 | 画芯材质:布纹膜,https://g-search3.alicdn.com/img/bao/uploaded/i4/i4/2000174507/O1CN01buakwD1jAGBtyYaW1_!!2000174507.jpg,//item.taobao.com/item.htm?id=1021865736447&ns=1&abbucket=10&xxc=taobaoSearch&mi_id=0000B96UY4eFjm11_XuarNG0QIhsPivvFs_T7FpMwTRRq3k&skuId=6031049748827
958208943623,优衣库UNIQLO联名漫威marvel毒液连帽卫衣KAWS芝麻街423184复仇者,99,¥,,sdtberg,优乐香港代购店,19年老店,1人付款,广东 江门,,面料:棉布 | 领型设计:圆领 | 材质成分:棉100% | 适用性别:男女通用,https://g-search2.alicdn.com/img/bao/uploaded/i4/i2/20754984/O1CN01RigrB51mgj6mLZuEg_!!20754984.png,//item.taobao.com/item.htm?id=958208943623&ns=1&abbucket=10&xxc=taobaoSearch&mi_id=0000vK-2Q-f1CsIWGcMIFku2VTL631V6QDRtbr0_soOcToo&skuId=3958742969958
956623551311,跑车潮牌kaws床头装饰画暴力熊沙发背景墙挂画卧室男孩儿童房壁画,118,¥,券后价,辞悠鸿升专卖店,辞悠鸿升专卖店,,0人付款,河南 郑州,"官方立减12%, 退货宝, 包邮",画芯材质:油画布 | 图案主题:卡通动漫 | 适用空间:卧室 | 风格匹配:现代简约 | 装裱方式:有框,https://g-search3.alicdn.com/img/bao/uploaded/i4/i3/2219790339478/O1CN01Wjoavl2Jsz24dhpbr_!!4611686018427383190-0-item_pic.jpg,//detail.tmall.com/item.htm?id=956623551311&ns=1&abbucket=10&xxc=taobaoSearch&mi_id=0000z8pptfjZUPc_j_pi6qkKIWhHAHZzSVVonujkqgpo_SM&skuId=6028160765793
639748999988,五菱宏光MINI车展卡通熊小火龙芝麻街Kaws车贴纸拉花科莱威欧拉R1,98,¥,券后价,勤劳宝宝儿,勤宝儿改装车坊,8年老店,1人付款,广东 中山,"淘金币已抵2.94元, 包邮",贴膜类型:全车贴 | 材质:贴纸 | 服务内容:支持订制,https://g-search1.alicdn.com/img/bao/uploaded/i4/i4/3314952393/O1CN01RrN9EW1TY2RsFl1a1_!!0-item_pic.jpg,//item.taobao.com/item.htm?id=639748999988&ns=1&abbucket=10&xxc=taobaoSearch&mi_id=0000nRcSfcHMfRQEkzmMG5wXaLcq5ibODu64h42uMmS1SS0&skuId=4588179953470
1013009231692,钟表挂钟餐厅装饰画kaws暴力熊理发店美容院挂画万年历电子钟挂墙,80,¥,,禹宸装饰画工厂,禹宸装饰画工厂,,1人看过,河南 开封,包邮,风格:简约现代 | 动力类型:电池 | 形状:椭圆形 | 图案:卡通 | 工艺:喷绘 | 适用空间:客厅,https://g-search2.alicdn.com/img/bao/uploaded/i4/i1/2221134540203/O1CN01uf41zu1DN1WI03yh0_!!2221134540203.jpg,//item.taobao.com/item.htm?id=1013009231692&ns=1&abbucket=10&xxc=taobaoSearch&mi_id=0000YdPbdSQZqg66K4-qqSEXjRQ6r5zB2YXPKJntVmELeGI&skuId=6183622426553
1020059370531,KAWS潮牌客厅装饰画抽象公仔沙发背景墙挂画芝麻街三联画卧室壁画,124,¥,,tb749277757,墨间画舍装饰画,,0人付款,广东 东莞,包邮,图案主题:卡通动漫 | 风格匹配:现代简约,https://g-search3.alicdn.com/img/bao/uploaded/i4/i3/2271029172/O1CN01MmVO2g2Hcpq0vKCpN_!!4611686018427381684-0-item_pic.jpg,//item.taobao.com/item.htm?id=1020059370531&ns=1&abbucket=10&xxc=taobaoSearch&mi_id=0000qQtTV4QDoJKlTGMCnHyY-8jcPtRcaRONdSkAK_lqoEU&skuId=6196686899969
899624626116,潮牌kaws暴力熊3D变图适用三星s24ultra手机壳s25plus新款s23ultra个性s22ultra男女情侣s24+超火欧美保护套,28.8,¥,券后价,陈双双918,潮创壳壳,9年老店,0人付款,广东 深圳,"官方立减12%, 淘金币已抵0.86元, 新品, 包邮, 公益宝贝",保护套质地:亚克力 | 适用手机型号:三星Galaxy S25 Plus | 风格:萌系 | 适用手机机型:Apple/苹果 | 品牌:kaws | 是否使用环保材质:无环保材料,https://g-search2.alicdn.com/img/bao/uploaded/i4/i1/1094617425/O1CN01MYLJVu24ihpWU01qz_!!1094617425.jpg,//item.taobao.com/item.htm?id=899624626116&ns=1&abbucket=10&xxc=taobaoSearch&mi_id=0000d8UemhYXOuH-gk7BQan0hvSgq66O-UR7gazhU37BB9Q&skuId=5756481441723
986236634311,潮牌kaws汽车遮雪挡个性冬天前挡玻璃防霜冻防结冰保护罩装饰男士,98,¥,,tb1227132154,头文字D优选车品,5年老店,0人付款,上海,"退货宝, 包邮",,https://g-search3.alicdn.com/img/bao/uploaded/i4/i2/2208011882792/O1CN01GbNtgw1WUmufC2AhI_!!2208011882792.jpg,//item.taobao.com/item.htm?id=986236634311&ns=1&abbucket=10&xxc=taobaoSearch&mi_id=00002DmG2GVR6rT_NDhROMVfkB4uArVxxqdpDlS0fmixTkQ&skuId=5950641733363
629208710039,kaws雕塑摆件暴力熊大摆件公仔卡通客厅网红店潮流商场落地公仔,2588,¥,券后价,宗文华665288739,JM艺术雕塑工厂店,7年老店,13人付款,广东 深圳,"店铺满1800减100, 退货宝, 包邮",表面工艺:纯手工 | 主体材质:卡通 | 摆放方式:落地,https://g-search3.alicdn.com/img/bao/uploaded/i4/i1/2593248545/O1CN01U0ZM4g2CzfFMg63ZQ_!!2593248545.jpg,//item.taobao.com/item.htm?id=629208710039&ns=1&abbucket=10&xxc=taobaoSearch&mi_id=0000e1ZgwMCUgWOIhlkygr-P6eLBN9PW8Hpko-w4MGeWFow&skuId=4924254460730
672814945294,潮牌KAWS暴力熊芝麻街网红直播背景酒吧隔断男生卧室客厅遮光窗帘,65,¥,券后价,tb383364776,中欧家纺,,0人付款,浙江 绍兴,"官方立减12%, 包邮, 公益宝贝",材质:布 | 款式:窗幔帘 | 帘头款式:平帷 | 主图案类型:几何 | 风格:北欧风,https://g-search3.alicdn.com/img/bao/uploaded/i4/i4/2209250553882/O1CN01aNAdqY1eY0HNp2YPD_!!2209250553882.jpg,//item.taobao.com/item.htm?id=672814945294&ns=1&abbucket=10&xxc=taobaoSearch&mi_id=0000VksOGseTlxtnZUEhNSZZMXDgp9cmc9mYedV6lSMjg7s&skuId=5019874375493
957546784624,【现货】Kaws 布莱恩·唐纳利Brian Donnelly 街头涂鸦艺术 考斯设计作品,418,¥,券后价,善本图书专营店,善本图书专营店,回头客1万,2人付款,广东 佛山,"官方立减12%, 店铺满300减5, 退货宝, 包邮",语言:英文 | 页数:256页 | 进口书分类:设计类工具书 | 装帧类型:精装,https://g-search3.alicdn.com/img/bao/uploaded/i4/i3/1108429753/O1CN01jqYIAf2LuvuEjSIp5_!!4611686018427382713-0-item_pic.jpg,//detail.tmall.com/item.htm?id=957546784624&ns=1&abbucket=10&xxc=taobaoSearch&mi_id=00001OgCyx0f4C6EQ9Zi3E1mMUgQANC17M1EPCNXqAURDA8&skuId=null
1000656888711,卡通暴力熊玄关装饰画钟表挂钟客厅挂画LED发光灯画kaws艺术时钟,687,¥,券后价,温品旗舰店,温品旗舰店,,0人付款,浙江 金华,"官方立减12%, 上门安装, 包邮",材质:水晶 | 画芯材质:油画布 | 图案主题:卡通动漫 | 适用空间:玄关 | 装裱方式:有框,https://g-search3.alicdn.com/img/bao/uploaded/i4/i4/2212357653202/O1CN01zlqb6h1ZWZEuyKVGj_!!4611686018427380434-0-item_pic.jpg,//detail.tmall.com/item.htm?id=1000656888711&ns=1&abbucket=10&xxc=taobaoSearch&mi_id=0000GnV0O25cU-NG8SFQTFMfL6KtucmkZIRszFptheSTT_0&skuId=6150699731141
963454137257,aj4男鞋kaws X AIR联名涂鸦黑麂皮灰麂皮夜底荧光男鞋莆/田鞋OG版,1525,¥,券后价,tb828126504160,篮球鞋申请折扣店,,2人付款,上海," 3期, 店铺满300减50, 包邮",,https://g-search1.alicdn.com/img/bao/uploaded/i4/i4/2221229719841/O1CN010hWDQ82MZEnW211dt_!!2221229719841.jpg,//item.taobao.com/item.htm?id=963454137257&ns=1&abbucket=10&xxc=taobaoSearch&mi_id=0000TM2qkt-e3q4y6f_DJlhnVoBVRrveujN-3I_RIP-g4S4&skuId=6169787082534
1019799745616,儿童房书房挂画kaws潮流艺术画大气暴力熊过道装饰画潮牌现代简约,77.7,¥,,列夫精品,列夫精品的小店38,,0人付款,广东 广州,包邮,画芯材质:油画布 | 适用空间:客厅 | 装裱方式:有框,https://g-search3.alicdn.com/img/bao/uploaded/i4/i2/2221475431858/O1CN01bEMd8X1Pb10oeDuol_!!2221475431858.jpg,//item.taobao.com/item.htm?id=1019799745616&ns=1&abbucket=10&xxc=taobaoSearch&mi_id=0000bZ65if-ewJaeKWpLGhl4vuB4WMDNiQ9gNkiGKW0zv_4&skuId=6194496178781
999064566556,kaws玄关装饰画钟表挂钟客厅过道走廊挂画发光灯画暴力熊艺术时钟,108,¥,,双子时尚2018,米多多艺术画馆,7年老店,0人付款,河北 石家庄,退货宝,画框材质:金属 | 图案主题:卡通动漫 | 适用空间:玄关 | 风格匹配:现代简约 | 装裱方式:有框 | 是否带框:有框 | 画芯材质:油画布/钢化膜,https://g-search1.alicdn.com/img/bao/uploaded/i4/i2/3336810078/O1CN01JRABTm1CRm0AtNmJh_!!3336810078.jpg,//item.taobao.com/item.htm?id=999064566556&ns=1&abbucket=10&xxc=taobaoSearch&mi_id=0000vZ_egJBwMXYkBksvPvNNF-m4otiIfcSfaA76JE9k_EA&skuId=5985274785250
996434398526,优衣库童装男女童KAWS卡通秋冬厚舒芙蕾针织围脖柔软亲肤脖套,109,¥,,tb0070_67,小狮子童装代购店,10年老店,0人付款,河北 石家庄,,,https://g-search1.alicdn.com/img/bao/uploaded/i4/i4/780100203/O1CN01IAn6jI1DN1VYFyzpe_!!780100203.jpg,//item.taobao.com/item.htm?id=996434398526&ns=1&abbucket=10&xxc=taobaoSearch&mi_id=00001JIk39AEB0sTLB4UmTs3tO9UgrZdAHISd2yEhQAEWRY&skuId=5978408141967
1016871551383,芝麻街 现代简约风格玄关装饰画酒店走廊挂画kaws书房红蓝色壁画,240,¥,券后价,简活生臻选店,简活生臻选店的小店72,,0人付款,福建 泉州,"店铺满200减20, 退货宝, 包邮",,https://g-search2.alicdn.com/img/bao/uploaded/i4/i1/2221240989016/O1CN01MEWsT32GTO39Mx9Dj_!!2221240989016-0-scmitem176000.jpg,//item.taobao.com/item.htm?id=1016871551383&ns=1&abbucket=10&xxc=taobaoSearch&mi_id=0000xm5W2d7HClXxvPPIaxFeIaLkgfbPZTCW3vjW64A6nNI&skuId=6026358684336
712318395254,WE11DONE TRACK潮牌重磅WELLDONE高街纯棉宽松情侣短袖T恤男夏季,256,¥,券后价,ji集美mei,橙果 X Fruit,回头客3万,900+人付款,广东 广州,"官方立减12%, 退货宝, 48小时内发, 包邮, 公益宝贝",材质成分:棉100% | 版型分类:宽松型 | 面料:棉 | 适用性别:男女通用 | 适用人群:青少年,https://gw.alicdn.com/imgextra/O1CN01boqiEG1fLTPxpoeKY_!!269163990-0-picasso.jpg,//item.taobao.com/item.htm?id=712318395254&ns=1&abbucket=10&xxc=taobaoSearch&mi_id=0000NhD7yFkL5Dnz1bhw1IGnPwDOrSFYzaQVC6zdB9pN02Q&skuId=5158050290238
1019467988622,Kaws挂画暴力熊客厅沙发背景墙装饰画现代高级感直播间玄关壁画潮,65.56,¥,,贩卖晓美好,贩卖晓美好的小店47,,0人付款,河南 郑州,包邮,,https://g-search2.alicdn.com/img/bao/uploaded/i4/i3/2220996197970/O1CN01gny4oV28kJl7GCRHQ_!!4611686018427387474-0-item_pic.jpg,//item.taobao.com/item.htm?id=1019467988622&ns=1&abbucket=10&xxc=taobaoSearch&mi_id=0000s_5wJHoL2rZQdOie2_8R0wOvlI8770DCqDXmyc3vePU&skuId=6192963239100
1018956681837,Kaws挂画潮牌暴力熊客厅沙画发落地画现代简玄约装关壁直播LIV间,69.5,¥,券后价,悠萍工厂,悠萍工厂,,0人付款,广东 惠州,"店铺满69减3, 淘金币已抵0.69元, 退货宝, 包邮",画芯材质:油画布 | 图案主题:动物 | 装裱方式:有框,https://g-search1.alicdn.com/img/bao/uploaded/i4/i2/2221392532776/O1CN01kBw8XR1WNSbERsgH2_!!2221392532776.jpg,//item.taobao.com/item.htm?id=1018956681837&ns=1&abbucket=10&xxc=taobaoSearch&mi_id=000082QohFQ6tYVYlG2hfpZN8iYOYMonpM9RCPv46lCTlgM&skuId=6028480781832
1014142990480,摆件潮流小谎言弯腰small lie 玩偶潮牌sz-sujiao-kaws玩具,128,¥,券后价,德维咖啡武,格格屋艺术,13年老店,0人付款,广东 深圳,"淘金币已抵3.84元, 退货宝, 包邮",,https://g-search3.alicdn.com/img/bao/uploaded/i4/i1/483241430/O1CN01k6p9vX1MQzUccXGsO_!!483241430.jpg,//item.taobao.com/item.htm?id=1014142990480&ns=1&abbucket=10&xxc=taobaoSearch&mi_id=000013iVmVdGt4F2hfFPDy-E_hCi2EKnobVi8eMp82V8Vq4&skuId=6185020890084
958876428708,kaws暴力熊挂画潮流客厅入户正对门玄关装饰画理发店轻奢台球室画,264,¥,首单价,欢喜茜旗舰店,欢喜茜旗舰店,,1人付款,广西 梧州,"直降7元, 包邮",画芯材质:油画布 | 图案主题:卡通动漫 | 风格匹配:现代简约 | 装裱方式:有框,https://g-search3.alicdn.com/img/bao/uploaded/i4/i4/O1CN01rZtFMA1SzhCRf6Fo5_!!2218943282318-0-scmitem176000.jpg,//detail.tmall.com/item.htm?id=958876428708&ns=1&abbucket=10&xxc=taobaoSearch&mi_id=0000HDJPzfYQOyv0zWDDz_fTaM5Hbkw3iIkHOWh7VJ9IIBQ&skuId=6190477891919
815954069818,创意罪恶都市落日余晖夕阳三角窗车身汽车贴纸椰子树防水反光车贴,13.9,¥,券后价,金世达车品专营店,金世达车品专营店,回头客2万,6000+人付款,广东 广州,"官方立减12%, 店铺满36减2, 淘金币已抵0.2元, 退货宝, 包邮, 公益宝贝",贴膜类型:车身贴 | 材质:贴纸 | 图案:字母/数字/文字 | 定制类型:不支持定制 | 适用场景:汽车 | 品牌:招吉猫 | 功能:遮盖,https://g-search3.alicdn.com/img/bao/uploaded/i4/i3/467987785/O1CN011g4XDO27NaLQMdDUB_!!0-item_pic.jpg,//detail.tmall.com/item.htm?id=815954069818&ns=1&abbucket=10&xxc=taobaoSearch&mi_id=0000g2zZMbSwL0GaBghPKW0G6aj07JeX3nWsMrp-sZkjqkE&skuId=5684082547919
1012325865480,CAICAIJIA TeamWang王嘉尔同款彩色字母印花JOOPITER短袖重磅男女,138,¥,券后价,tb3710813661,CAICAIJIA STUDIOS,,2人付款,广东 广州,"超级立减10%,  3期, 包邮",版型分类:宽松型 | 适用体型:通用型 | 面料:纯棉 | 图案:字母 | 适用性别:男女通用 | 适用人群:中青年,"https://g-search1.alicdn.com/img/bao/uploaded/i4/i3/2208983322087/O1CN01rXsdpU1RHthqnpiqu~crop,0,125,750,750~_!!2208983322087.jpg",//item.taobao.com/item.htm?id=1012325865480&ns=1&abbucket=10&xxc=taobaoSearch&mi_id=0000SmbpLAZLkbSueCNC6SIpXNg7T6XAZZVa9BOVFLEuWOM&skuId=6014449477143
1003037007704,搞钱做慈善 三本针310纯棉双纱！向上侠不透美式情侣女长袖T恤男,49.9,¥,券后价,亮亮时尚鞋行,搞钱做慈善工作室,回头客30万,77人付款,广东 汕头,"官方立减12%, 48小时内发, 包邮",材质成分:棉100% | 版型分类:宽松型 | 面料:棉 | 图案:印花 | 适用性别:男女通用 | 适用人群:青年,https://g-search3.alicdn.com/img/bao/uploaded/i4/i4/839766424/O1CN01tuFWf11xKFREW9L0o_!!839766424.png,//item.taobao.com/item.htm?id=1003037007704&ns=1&abbucket=10&xxc=taobaoSearch&mi_id=0000mRuXP3K7wGHDKULr-K_SEVWBYr-8tpvZkb2kfFhmsK0&skuId=6161982191143
964444413293,[现货直发]TheNorthFace北面KAWS联名系列22秋冬新户外冲锋衣7WLW,5285,¥,券后价,luanzi1989,XSTORE品牌户外专柜店,,0人付款,上海,"官方立减12%, 全球购, 包邮, 酷动城",防水等级:中雨 | 功能系统:保暖 | 适用季节:冬季 | 主流品牌:THE NORTH FACE/北面,https://g-search2.alicdn.com/img/bao/uploaded/i4/i1/368062783/O1CN01E6PkPq1WQf2ci5kvO_!!368062783.jpg,//item.taobao.com/item.htm?id=964444413293&ns=1&abbucket=10&xxc=taobaoSearch&mi_id=0000NCV81B5GitduEMjkPNysaPZS9I6oSohRxiskdqmpSBw&skuId=5820272089272
739392689542,kaws芝麻街潮牌网红贴XX眼贴纸电动车摩托车小牛汽车车身装饰车贴,11.9,¥,,a我真服你了呦,1314車社Studio,,9人付款,河北 廊坊,包邮,贴膜类型:车身贴 | 材质:贴纸,https://g-search3.alicdn.com/img/bao/uploaded/i4/i2/2302059262/O1CN012pDEcz2II3FNHMqA5_!!0-item_pic.jpg,//item.taobao.com/item.htm?id=739392689542&ns=1&abbucket=10&xxc=taobaoSearch&mi_id=0000yGo1aaf74Q2plGbALilVQdc79Y5Kntetjc_Ee8G4GvY&skuId=5099350556677
,,,,,,,,,,,,,
1003902889941,正品aj男鞋耐­­克dunk白紫鸳鸯aj1低帮板鞋空军一号运动鞋女鞋,138,¥,券后价,tb1347610987,奥莱aj男鞋折扣店,,200+人付款,福建 泉州,"店铺满100减10, 淘金币已抵4.14元, 包邮",,https://g-search2.alicdn.com/img/bao/uploaded/i4/i2/2212160354460/O1CN01LDyugO1iojYgvwYGX_!!2212160354460.jpg,//item.taobao.com/item.htm?id=1003902889941&ns=1&abbucket=10&xxc=taobaoSearch&mi_id=00008iMNMWDN3srTzE0jmm5oKuzDuoTrSSTG4xKV-XNFZes&skuId=5994221180476
1019154872560,网红kaws站姿家居客厅摆件玄关电视柜酒柜装饰品高档家居桌面装饰,169.04,¥,券后价,驰妙严选仓,驰妙严选仓的小店56,,0人付款,浙江 金华,"店铺满100减20, 退货宝, 包邮",驱动方式:自走式 | 控制方式:遥控控制,https://g-search3.alicdn.com/img/bao/uploaded/i4/i4/2220690608239/O1CN01uLNSsO2AjWJ5DCekA_!!2220690608239.jpg,//item.taobao.com/item.htm?id=1019154872560&ns=1&abbucket=10&xxc=taobaoSearch&mi_id=0000ZmN00lUVTi3SUhYhuzxTv5pBx4K7zJw3GjTS2RRo0QA&skuId=6027358153367
973108716902,GOODBRAND25新款碎钻地图长袖美式重磅纯棉打底衫老白小鬼同款INS,148,¥,券后价,刘木鑫886,Gravitation线上店铺,,10人付款,广东 广州,"超级立减10%,  3期, 淘金币已抵2.96元, 退货宝, 包邮",材质成分:棉100% | 版型分类:宽松型 | 适用体型:通用型 | 面料:纯棉 | 适用性别:男女通用 | 适用人群:情侣,https://g-search3.alicdn.com/img/bao/uploaded/i4/i2/2690153102/O1CN01VxVxCC1YmliQSqq1i_!!2690153102.jpg,//item.taobao.com/item.htm?id=973108716902&ns=1&abbucket=10&xxc=taobaoSearch&mi_id=0000VfgJV77e916rSEk8uZFPJ0gZpC60JVGckNIF0cIRPyE&skuId=6088451634950
969914599839,NBHD联名余文乐同款低帮新款酒红色全麂皮复古日系休闲鞋男女板鞋,168.8,¥,券后价,詹玉龙张娟,潮鞋 总仓库,,200+人付款,江苏 徐州,"超级立减10%, 退货宝, 48小时内发, 包邮",风格:休闲 | 鞋面材质:牛反绒（磨砂皮） | 鞋跟高:平跟 | 款式:板鞋 | 鞋头款式:圆头 | 季节:夏季 | 品牌:钢面熊 | 功能:透气 | 适用对象:青年,https://g-search2.alicdn.com/img/bao/uploaded/i4/i3/3414900030/O1CN01cnJFtl1C5mwR59OsZ_!!3414900030.jpg,//item.taobao.com/item.htm?id=969914599839&ns=1&abbucket=10&xxc=taobaoSearch&mi_id=0000ikzHd_pX3VY5fYH9MnOaTF7hsUbef5E4gyFxJBRlVaI&skuId=6152327831210
716923571932,港风痞帅炸街男款T恤上衣260G重磅纯棉复古休闲设计感小众半袖,46.8,¥,券后价,尔潮原创设计服饰,尔潮原创设计服饰,,400+人付款,广东 广州,"官方立减12%, 淘金币已抵0.63元, 退货宝, 48小时内发, 包邮",材质成分:棉100% | 版型分类:宽松型 | 面料:棉布 | 适用人群:青年,https://g-search3.alicdn.com/img/bao/uploaded/i4/i1/2214468903025/O1CN017x9cc71YDUvz5XBAZ_!!0-item_pic.jpg,//item.taobao.com/item.htm?id=716923571932&ns=1&abbucket=10&xxc=taobaoSearch&mi_id=0000GUWqnC-XOaAKOf_U-VgwdsTSsv9_Esx0v6Zc73iX_OA&skuId=5002299740849
895413206782,WE11DONE CDG小众高街美式夏季宽松男女情侣白色纯棉半袖短袖T恤,388,¥,券后价,童霞邓博,摩登折扣店,,200+人付款,广东 汕头,"官方立减12%, 淘金币已抵1.65元, 新品, 退货宝, 48小时内发, 包邮, 公益宝贝",材质成分:棉100% | 版型分类:标准 | 适用体型:通用型 | 面料:纯棉 | 适用性别:男女通用 | 适用人群:青少年,https://g-search1.alicdn.com/img/bao/uploaded/i4/i1/672028898/O1CN01x8uOyR2FbLEOoL6Fp_!!672028898.jpg,//item.taobao.com/item.htm?id=895413206782&ns=1&abbucket=10&xxc=taobaoSearch&mi_id=0000xTNevu52xEk3KyVW0Zho28kV3rEGYSpmjbPTYZTNsNc&skuId=5748236266000
1012800224713,马年玩偶吉祥物公仔2026本命年新年礼物小马毛绒玩具抱枕年会礼品,36,¥,券后价,tb320076282392,Levan乐玩专业店,,700+人付款,河北 保定,包邮,材质:绒布 | 交互功能:360度旋转 | 玩具类型:布艺毛绒玩具 | 适用年龄:通用 | 出售状态:现货,https://g-search3.alicdn.com/img/bao/uploaded/i4/i2/2219118827895/O1CN01LuLkU228By3Uw4O30_!!2219118827895.jpg,//item.taobao.com/item.htm?id=1012800224713&ns=1&abbucket=10&xxc=taobaoSearch&mi_id=0000YepPTH97GSsGm1Kcp7d1aTP1O8FlxcsIUipaXTgjF_M&skuId=6184970703859
1016190962275,马上有钱马年发财小马车载中控台屏幕趴趴摆件汽车车内装饰品可爱,19.8,¥,券后价,猴宝车品专营店,猴宝车品专营店,回头客5万,15人付款,浙江 金华,"官方立减12%, 包邮",,https://g-search1.alicdn.com/img/bao/uploaded/i4/i2/3206142900/O1CN017Eyeg81XIFi8TUDsT_!!4611686018427386804-0-item_pic.jpg,//detail.tmall.com/item.htm?id=1016190962275&ns=1&abbucket=10&xxc=taobaoSearch&mi_id=00003g_FDKlI00mSelaD5pxB0_l1ex3PjlE44bi8RQ8PgRc&skuId=6190120815925
982742770475,英国Next Rtrx 三代拉布布公仔玩偶labubu抱枕娃娃女睡觉生日礼物,248,¥,券后价,小兔米菲品牌店0708,英国 Next Rtrx 品牌专店,,74人付款,福建 厦门,"官方立减24元,  3期, 店铺满100减6, 退货宝, 包邮",玩具类型:布艺毛绒玩具 | 玩偶种类:卡通形象 | 服装款式:Q版 | 出售状态:现货,https://g-search3.alicdn.com/img/bao/uploaded/i4/i4/2675437166/O1CN015Q8Ypm22o5IoE7wM2_!!2675437166.jpg,//item.taobao.com/item.htm?id=982742770475&ns=1&abbucket=10&xxc=taobaoSearch&mi_id=0000im9pj11GTa5MXWAC6aLROD78jrnEUHPUyXu9LgNZ3EM&skuId=6109329402632
970057059330,LABUBU4.0心底密码系列泡泡玛特拉布布四代字母搪胶毛绒挂件盲盒,500,¥,券后价,misslong8877,ONEWAVE潮品,9年老店,4000+人付款,广东 深圳,"退货宝, 包邮",款式类型:端盒 | 出售状态:现货 | 品牌:POP MART/泡泡玛特,https://g-search1.alicdn.com/img/bao/uploaded/i4/i3/847377729/O1CN01Svlqjm26xwHkNx2Ga_!!847377729.jpg,//item.taobao.com/item.htm?id=970057059330&ns=1&abbucket=10&xxc=taobaoSearch&mi_id=0000oM4i72wkBMwjcO1ivj6ZJI4_73REE05QAGsK_uhV06s&skuId=5920080968196
988375377145,成品手工钩织王一博应援挂件巴黎时装周卷毛耶啵玩偶包包原创挂饰,45,¥,,tb980064669,张小如手作,,90人付款,浙江 湖州,包邮,,https://g-search3.alicdn.com/img/bao/uploaded/i4/i1/2216160756047/O1CN01r2hfgq1uXa6herWnb_!!2216160756047.jpg,//item.taobao.com/item.htm?id=988375377145&ns=1&abbucket=10&xxc=taobaoSearch&mi_id=00008h5bXGakPo9jfvQ4ydZJbiR-fTF8gZKislghIZ1fde8&skuId=6148215227581
1018926716723,卡通动漫蜡笔小新入户玄关硅藻泥地垫客厅卧室脚垫吸水防滑地毯,20.7,¥,券后价,天天特卖工厂店,天天特卖工厂,买过的店,1人付款,天津,"官方立减12%, 淘金币抵0.3元, 退货宝, 淘工厂, 包邮",防滑等级:A级 | 可定制性:支持定制 | 材质:硅藻泥 | 图案:卡通动漫 | 形状:方形 | 清洗方式:可手洗 | 适用场景:玄关 | 风格:卡通风 | 功能:防滑,https://gw.alicdn.com/imgextra/O1CN016xUSHF2LY29A6AlGZ_!!3937219703-0-C2M.jpg,//detail.tmall.com/item.htm?id=1018926716723&ns=1&abbucket=10&xxc=taobaoSearch&mi_id=0000OVXPYW4WFD_Trw-ZhMdilyQYk3Td1IYPPiwQUB-b5nk&skuId=6027118237764
990523749419,2026马年吉祥物公仔生肖马毛绒玩具可爱小马布娃娃公司年会礼品,18.8,¥,,游小龙旗舰店,游小龙旗舰店,,900+人付款,山东 临沂,"退货宝, 包邮",材质:绒布 | 玩具类型:公仔 | 适用年龄:3岁以上 | 出售状态:现货 | 品牌:游小龙,https://g-search3.alicdn.com/img/bao/uploaded/i4/i3/2217172505950/O1CN0112q3US1tp9hrwuEqo_!!4611686018427385182-0-item_pic.jpg,//detail.tmall.com/item.htm?id=990523749419&ns=1&abbucket=10&xxc=taobaoSearch&mi_id=0000osziizquFicBPtVbtOUyoBHMJ28hZXLZVgt6In5en9A&skuId=5957492332695
965065448928,MINISO名创优品牛角包抱枕车载靠枕腰枕沙发午睡枕可爱玩偶礼物女,39.9,¥,券后价,miniso名创优品旗舰店,miniso名创优品旗舰店,回头客200万,1万+人付款,湖北 鄂州,"超级立减4.4元, 退货宝, 包邮",玩具类型:靠垫/抱枕 | 玩偶种类:卡通形象 | 品牌:MINISO/名创优品,https://g-search1.alicdn.com/img/bao/uploaded/i4/i4/3459177618/O1CN01DifoUH2696GFKnWs8_!!4611686018427387026-0-item_pic.jpg,//detail.tmall.com/item.htm?id=965065448928&ns=1&abbucket=10&xxc=taobaoSearch&mi_id=0000_LWWb2MAWpzmYAchyz62zU08nPjaAI1QWUEDJN5VcQ8&skuId=6071107186211
962004625625,Labubu盲盒毛绒娃衣挂件拉布布礼物一二三代17厘米搪胶玩偶衣服,72,¥,券后价,织慕兔旗舰店,织慕兔旗舰店,,93人付款,浙江 金华,"官方立减12%, 退货宝, 包邮",材质:布料 | 适用年龄:14岁或14周岁以上 | 出售状态:现货,https://g-search2.alicdn.com/img/bao/uploaded/i4/i3/2220151386419/O1CN01HXbMLf1xHxQhlghzU_!!4611686018427384115-0-item_pic.jpg,//detail.tmall.com/item.htm?id=962004625625&ns=1&abbucket=10&xxc=taobaoSearch&mi_id=0000rPcGeSyKjqyRulcL4waj5Et7pGys1mJnnlDKgMJoHjI&skuId=5946180892782
865532969866,可定制车标熊奔驰小熊车载玩偶鸿蒙智行公仔极氪奥迪汽车4S店礼物,17,¥,券后价,昊天玩具商行,昊天玩具,5年老店,2000+人付款,山东 临沂,"淘金币已抵0.51元, 48小时内发, 包邮",玩具类型:公仔 | 适用年龄:成年人 | 品牌:啦馋熊,https://g-search1.alicdn.com/img/bao/uploaded/i4/i2/2846509267/O1CN01jH7PG32IKLMa7oxur_!!2846509267.jpg,//item.taobao.com/item.htm?id=865532969866&ns=1&abbucket=10&xxc=taobaoSearch&mi_id=0000qW50uU8Yq0a_uaby_dhXli4iiayEQW1JdgryeHY4WMI&skuId=5756651844470
798086578444,宝马BMW小熊公仔玩偶 摩托机车尾箱娃娃拉力赛车熊4S店礼品玩具熊,13,¥,,tb331255149,熊熊联盟店,5年老店,700+人付款,广东 江门,"48小时内发, 包邮",毛重:0.2kg | 适用性别:男女通用 | 适用人群:成年人,https://g-search3.alicdn.com/img/bao/uploaded/i4/i1/2201195127792/O1CN01KPXsyg27Qn6RRmkVm_!!2201195127792.jpg,//item.taobao.com/item.htm?id=798086578444&ns=1&abbucket=10&xxc=taobaoSearch&mi_id=0000VkS3yi9vO_zGj4eWCk_3FBsWQqSg01qOZ6sv0NYMOk8&skuId=5439130504640
770283933257,海贼王Q版索隆手办小萌版PVC电竞机箱桌面模型摆件男孩高档礼物盒,40,¥,券后价,tb740336812236,天空之城动漫,,2000+人付款,广东 河源,"官方立减12%, 淘金币已抵0.83元, 退货宝, 包邮, 公益宝贝",ACG角色名:索隆 | 出售状态:现货 | 适用年龄:8周岁以上,https://g-search2.alicdn.com/img/bao/uploaded/i4/i3/2217304745084/O1CN018OwKDA1nQWWiLtN71_!!2217304745084.png,//item.taobao.com/item.htm?id=770283933257&ns=1&abbucket=10&xxc=taobaoSearch&mi_id=0000VmjLzQwAODC6_WZP5nkanXL2eWSQmEUqwCQnvQfijkA&skuId=5924205988760
913481867114,猫咪问号枕颈办公室午睡神器脖枕稀奇古怪的玩偶抱枕车载创意靠枕,47.8,¥,券后价,oxx888666,NoFun,6年老店,600+人付款,江苏 扬州,"官方立减12%,  3期, 退货宝, 包邮",抱枕枕靠类型:玩偶抱枕 | 风格:可爱 | 内芯材质:PP棉 | 形状:异形 | 外套材质:毛绒 | 是否可拆洗:不支持可拆洗 | 适用场景:办公,https://g-search3.alicdn.com/img/bao/uploaded/i4/i4/420137107/O1CN01CmjavO22N3tCVAUND_!!420137107.png,//item.taobao.com/item.htm?id=913481867114&ns=1&abbucket=10&xxc=taobaoSearch&mi_id=0000KFxIXuIsbrqWKibjcTjk4K6vJWAESrChmSU-hbIf3wI&skuId=5947081795541
926081111471,老鼠干玩偶定制人形无白边丑猫抱枕异形照片定做小人偶礼物恶搞怪,26,¥,首单价,富梦欢抱枕定制工厂店铺,富梦欢抱枕定制礼品店,5年老店,3000+人付款,浙江 金华,"官方立减7.8元, 直降1元, 淘金币已抵0.52元, 退货宝, 包邮, 公益宝贝",抱枕枕靠类型:异形抱枕 | 风格:卡通 | 内芯材质:PP棉 | 形状:方形 | 外套材质:毛绒 | 适用场景:家居,https://gw.alicdn.com/imgextra/O1CN01ds0yPB1Rgcvy5DViy_!!2209597402141.jpg,//item.taobao.com/item.htm?id=926081111471&ns=1&abbucket=10&xxc=taobaoSearch&mi_id=0000jnM6XZzduYewuYCyPn_scYZBkfq8FwfwGVJqiuMIPD8&skuId=5536882986407
,,,,,,,,,,,,,
930314247967,WASSUP美式复古杏色连帽卫衣男女款春秋潮牌卡通蜡笔小新印花上衣,109.9,¥,,tb509769977,Wassup Hsube国潮牌店,,7000+人付款,广东 揭阳,"退货宝, 48小时内发, 包邮",版型分类:宽松型 | 领型设计:圆领 | 是否连帽:是 | 适用性别:男女通用,https://g-search3.alicdn.com/img/bao/uploaded/i4/i2/2217578233605/O1CN01xVYXSO1cV8tw2RnwL_!!2217578233605.jpg,//item.taobao.com/item.htm?id=930314247967&ns=1&abbucket=10&xxc=taobaoSearch&mi_id=0000P9H_4oX_pFl6X-b7OwJxt4ilIDhzIyV4VZBBXm9-0aE&skuId=6077792074877
956307069242,拉布布车内装饰品摆件汽车中控台屏幕车载可爱labubu新款公仔玩偶,128,¥,券后价,supzcws旗舰店,supzcws旗舰店,回头客1万,300+人付款,广东 广州,"官方立减12%, 包邮",,https://g-search2.alicdn.com/img/bao/uploaded/i4/i4/2216393803149/O1CN01Xm4yaz1Z8IIijPokv_!!4611686018427381133-0-item_pic.jpg,//detail.tmall.com/item.htm?id=956307069242&ns=1&abbucket=10&xxc=taobaoSearch&mi_id=0000Nh6-vgalHfsV7072PrA5b_GfxMH6ZPJ7USwVWHKlANs&skuId=5881546713158
954659758963,【官方正品】泡泡玛特拉布布Labubu3.0前方高能毛绒挂件公仔盲盒,210,¥,券后价,机遇通讯,Lucky Box丨正品潮玩,13年老店,300+人付款,广东 惠州,"官方立减12%, 24小时内发, 包邮, 公益宝贝",款式类型:端盒 | 出售状态:现货 | 系列类型:联名系列 | 品牌:POP MART/泡泡玛特,https://g-search2.alicdn.com/img/bao/uploaded/i4/i1/46190334/O1CN01JOSiQY1EL1Lxc0RSk_!!46190334.jpg,//item.taobao.com/item.htm?id=954659758963&ns=1&abbucket=10&xxc=taobaoSearch&mi_id=00003xAKKSi5Xdgtc8gU8fgE37QtB5fpWBxs0SZ5QMeVqcM&skuId=6045201911885
1002252167213,迷彩小牛毛绒玩具定制J衔名字送女友生日礼物全J种迷彩服小牛公仔,95,¥,,tb953887500482,玩具公 仔生产厂家,,36人付款,广东 广州,"淘金币已抵1.8元, 退货宝, 48小时内发, 包邮",材质:绒布 | 玩具类型:布艺毛绒玩具 | 服装款式:原厂版本 | 适用年龄:通用 | 出售状态:现货 | 品牌:0001,https://g-search3.alicdn.com/img/bao/uploaded/i4/i4/2215867565684/O1CN01FGEKRh1rrKLhWL5qq_!!2215867565684.jpg,//item.taobao.com/item.htm?id=1002252167213&ns=1&abbucket=10&xxc=taobaoSearch&mi_id=0000DQbmJhLn-Hy3Ugg-xZsmnk0zXcsYeiC4MTbr4J2fovk&skuId=5994831573587
966260326709,猫和老鼠毛绒卡通TOM汤姆公仔可爱床上陪睡长条抱枕生日礼物玩偶,70.2,¥,券后价,官方国货甄选,官方国货甄选,买过的店,3000+人付款,安徽 滁州,"官方立减12%, 淘金币已抵0.28元, 退货宝, 淘工厂, 包邮",材质:绒布 | 尺寸:90厘米-99厘米 | 玩具类型:睡觉抱枕,https://gw.alicdn.com/imgextra/O1CN01DHKZ351mQEqdrejxZ_!!2206588314948-0-C2M.jpg,//detail.tmall.com/item.htm?id=966260326709&ns=1&abbucket=10&xxc=taobaoSearch&mi_id=0000xs9KmIGvF48lZTFqV3Pvw0FqUnnghmJbdx-eQzzEfME&skuId=5912577253049
950859961984,MondaySleepingClub&DISNEY 合作系列“困倦米奇”印花短袖T恤,228,¥,,mondaysleepingclub,MondaySleepingClub,,1000+人付款,北京,"ifashion, 48小时内发",版型分类:宽松型 | 面料:纯棉 | 图案:卡通动漫 | 适用性别:男女通用 | 适用人群:青年,"https://g-search2.alicdn.com/img/bao/uploaded/i4/i3/2215006641399/O1CN01cwbEwn1MCnAKdi7Ak~crop,0,250,1500,1500~_!!2215006641399.jpg",//item.taobao.com/item.htm?id=950859961984&ns=1&abbucket=10&xxc=taobaoSearch&mi_id=0000YZ2AB4Bi-8RjOLI93iAOPpq1y6_axr37YF_oue2q7EY&skuId=5865993969844
902126377770,现货正版一万次出逃计划BJD盲盒12分可动人偶摆件公仔手办礼物,66,¥,券后价,amiibo商店,萌次元,,2000+人付款,广东 广州,"店铺满15减10, 48小时内发, 包邮",款式类型:隐藏款 | 出售状态:现货 | 品牌:悸动瞬息,https://gw.alicdn.com/imgextra/O1CN01jeEIX11FDWW8hCgeW_!!2212916590453-0-picasso.jpg,//item.taobao.com/item.htm?id=902126377770&ns=1&abbucket=10&xxc=taobaoSearch&mi_id=00005l19tgt1TA7cWXKcCJ7Ntspjkt2RqBm2P0ey11GUBgg&skuId=5758084908777
923092167087,新款王安宇抽象老鼠干周边搞怪玩偶四肢分离有骨架可摆造型礼物,8.9,¥,,鲸落文具,鲸落文具,,31人付款,浙江 金华,包邮,,https://g-search3.alicdn.com/img/bao/uploaded/i4/i3/2218818198296/O1CN01htMsAO2B9croxfnIY_!!2218818198296.jpg,//item.taobao.com/item.htm?id=923092167087&ns=1&abbucket=10&xxc=taobaoSearch&mi_id=0000Yc5EcCeOBgHV4JfR8ZIAh5PDFwi0ziy2iRRBsA1r1Mw&skuId=6140030395117
950221147453,【李佳琦年货补给专场】玩乐主义罗小黑战记盲盒新年萌粒抱抱毛绒,49,¥,券后价,玩乐主义旗舰店,玩乐主义旗舰店,回头客2万,4万+人付款,广东 东莞,"超级立减6元, 热销爆款,  3期, 退货宝, 包邮",款式类型:端盒 | 出售状态:现货 | 系列类型:联名系列 | 品牌:FUNISM/玩乐主义,https://g-search1.alicdn.com/img/bao/uploaded/i4/i4/2210516346829/O1CN01cI8u3e20Jjr5MLxxt_!!4611686018427381709-0-item_pic.jpg,//detail.tmall.com/item.htm?id=950221147453&ns=1&abbucket=10&xxc=taobaoSearch&mi_id=0000-bbP99chbPFos1sCeNWAKy7gtVmwla6DrGHtnqDbWho&skuId=6040416130819
968323585185,山姆蜡笔超大1米毛绒玩偶可爱小新娃娃玩具抱枕公仔男女朋友礼物,59,¥,首单价,梧桐树语下,梧桐树语下的小店67,,100+人付款,江苏 扬州,"官方立减12%, 直降5元, 淘金币已抵1.77元, 退货宝, 包邮",材质:PP棉 | 交互功能:360度旋转 | 玩具类型:布艺毛绒玩具 | 玩偶种类:人物 | 服装款式:原厂版本 | 出售状态:现货 | 品牌:tfoa,https://g-search3.alicdn.com/img/bao/uploaded/i4/i1/2564485224/O1CN01vZbhzn1oSe8dGowgj_!!2564485224.jpg,//item.taobao.com/item.htm?id=968323585185&ns=1&abbucket=10&xxc=taobaoSearch&mi_id=0000TF72aR2Ohw12thWVcZz1ik1IZt4Txh2fozMm-E80w7Q&skuId=5936304496752
721956304200,墨镜杰尼龟脚垫子卧室床边毯羊羔绒吸水浴室地毯卫生间入户门地垫,26.8,¥,券后价,tb4621530105,爱如毯家居,,100+人付款,河北 廊坊,"官方立减12%, 退货宝, 包邮",材质:化纤 | 图案:卡通动漫 | 适用场景:家用 | 风格:简约,https://g-search1.alicdn.com/img/bao/uploaded/i4/i1/2213241226274/O1CN01ZpXEhD1wDXlPbxuhE_!!2213241226274.jpg,//item.taobao.com/item.htm?id=721956304200&ns=1&abbucket=10&xxc=taobaoSearch&mi_id=000068N8wJJ4HSO9jmnUxkIQnmZXk1SMjKdDwtSNjC17mqE&skuId=5025646205573
974364941746,Jennie爆款抽象搞笑老鼠干玩偶全身带骨架可随意凹造型diy礼物,10.88,¥,,a2533764643,五好社会青年工艺品,,20人付款,浙江 温州,"48小时内发, 包邮",适用性别:男女通用 | 适用人群:通用,https://g-search3.alicdn.com/img/bao/uploaded/i4/i2/1122806363/O1CN01d7MOCY1wsJFtrqrFE_!!1122806363.png,//item.taobao.com/item.htm?id=974364941746&ns=1&abbucket=10&xxc=taobaoSearch&mi_id=0000tAVTPvsxKw-tsc5jJOIEmH1JTqcrGjFNoKPPyAD9Vs8&skuId=5925676696655
985723951625,周深老鼠干新款创意搞怪周边无白边抽象玩偶四肢分离有骨架应援,7.9,¥,,tb5385844547,松松松,,300+人付款,广东 广州,"48小时内发, 包邮",,"https://g-search2.alicdn.com/img/bao/uploaded/i4/i4/2220035782112/O1CN01o6t5Eo1RTLaaV4AaW~crop,0,211,1263,1263~_!!2220035782112.jpg",//item.taobao.com/item.htm?id=985723951625&ns=1&abbucket=10&xxc=taobaoSearch&mi_id=00005NJYQPwY0MBh7C7xZhvj6ziY1iyLA_0OmXhWdv0hIFQ&skuId=5950700945320
964938542252,拉布布labubu车载摆件2025新款网红内饰配件可爱布布公仔汽车玩偶,51.8,¥,券后价,闪朵旗舰,闪朵旗舰店,,29人付款,浙江 金华,"超级立减0.99元, 店铺满30减2, 淘金币已抵0.19元, 包邮, 公益宝贝",,https://g-search3.alicdn.com/img/bao/uploaded/i4/i1/2219437475232/O1CN01b5XejZ1oWJIbNef3B_!!4611686018427381152-0-item_pic.jpg,//detail.tmall.com/item.htm?id=964938542252&ns=1&abbucket=10&xxc=taobaoSearch&mi_id=0000gH3NQj05y4pWejxYPCwq5BA1PiQzVQBCJnx_DnAtX_Q&skuId=6072918298489
733408851317,轻奢暴力熊2026新款酒柜装饰品摆件高档客厅电视柜家居软装工艺品,166,¥,券后价,tb3105386212,KA2摆件工场,5年老店,1000+人付款,广东 汕头,"超级立减10%,  3期, 退货宝, 48小时内发, 包邮",主体材质:卡通 | 表面工艺:电镀,https://g-search3.alicdn.com/img/bao/uploaded/i4/i1/4273892799/O1CN01LRRnsA1WXzbbFTlAI_!!4273892799.jpg,//item.taobao.com/item.htm?id=733408851317&ns=1&abbucket=10&xxc=taobaoSearch&mi_id=0000yVx-9lNUPcELirToJVqXA1nMj8vMOn9r1UwrfuMp31I&skuId=5895114745547
981434030100,WE11DONE男女同款航海风logo条纹长袖T恤简约休闲时尚日常,2100,¥,券后价,we11done官方旗舰店,WE11DONE官方旗舰店,回头客1万,22人付款,浙江 嘉兴," 12期, 退货宝, 包邮",材质成分:棉100% | 版型分类:宽松型 | 适用性别:男女通用,https://g-search2.alicdn.com/img/bao/uploaded/i4/i2/2214312410563/O1CN013EaIF21G1u6crEmIr_!!2214312410563.jpg,//detail.tmall.com/item.htm?id=981434030100&ns=1&abbucket=10&xxc=taobaoSearch&mi_id=0000j39MYuuK4IGNMNDZ8AhE9bbv_ICMr2qzFKc03LHjNYc&skuId=6106008902419
966755225774,WANGXIAO 2正版史迪仔包包挂件毛绒无牙仔玩偶史迪奇钥匙扣挂饰品,66.5,¥,券后价,ygy_先挣一个亿,WANGXIAO 2线上商店,,2000+人付款,浙江 金华,"官方立减12%, 退货宝, 48小时内发, 包邮",,https://gw.alicdn.com/imgextra/O1CN01GCzpSM1Zi1Dg5vOHE_!!2212248333227-0-picasso.jpg,//item.taobao.com/item.htm?id=966755225774&ns=1&abbucket=10&xxc=taobaoSearch&mi_id=0000AM8ZWTqzRHq2z-CazYOJRjel0tp2GFxqKvuKH47jFk8&skuId=5911988413563
874327376852,名创优品长袖t恤男款春秋纯棉白色打底衫叠穿内搭保暖衣服卫衣冬Y,199.9,¥,券后价,名创优品服饰旗舰店,名创优品服饰旗舰店,回头客3万,3万+人付款,湖北 宜昌,"全网低价, 热销爆款, 包邮",材质成分:棉100% | 版型分类:宽松型 | 适用体型:通用型 | 面料:纯棉 | 图案:纯色 | 适用性别:男女通用 | 适用人群:青少年,https://g-search1.alicdn.com/img/bao/uploaded/i4/i3/2217051217872/O1CN01jDW7q2281QwHYHMte_!!4611686018427387856-0-item_pic.jpg,//detail.tmall.com/item.htm?id=874327376852&ns=1&abbucket=10&xxc=taobaoSearch&mi_id=00000iD2Gp0sBSU2YXmry9kc1BlNPkKxtFJPFF8EpIYWbqw&skuId=5708361084326
923808266426,香薰摆件高档2025新款中控台太阳能车载香水车内汽车饰品男士专用,43.8,¥,券后价,asy3366,良品妙妙屋,,2000+人付款,浙江 金华,"退货宝, 包邮",,https://g-search3.alicdn.com/img/bao/uploaded/i4/i2/2212777918734/O1CN011RYgga2EOEGp9CZNb_!!2212777918734.png,//item.taobao.com/item.htm?id=923808266426&ns=1&abbucket=10&xxc=taobaoSearch&mi_id=0000nQPegZjmqcju-lvRpsN8Nvcdqt4m-9bnryvXJRkdbcc&skuId=6101547110719
971489840666,老鼠干玩偶定制整蛊抽象手指DIY内置骨架无白边可随意弯曲人偶,7.9,¥,券后价,小狼沫沫,小布娃娃,,2万+人付款,浙江 金华,"淘金币已抵0.23元, 包邮",材质:PP棉 | 玩具类型:DIY定制 | 玩偶种类:人物 | 适用年龄:全阶段,https://g-search2.alicdn.com/img/bao/uploaded/i4/i3/1770740017/O1CN01DyFn6L1BzpomZWYOE_!!1770740017.jpg,//item.taobao.com/item.htm?id=971489840666&ns=1&abbucket=10&xxc=taobaoSearch&mi_id=0000RM-mILLuZBLCQMSeE7uqDE4wjvOS4nyjhVK3JfKnp74&skuId=6124889478138
990631617198,NBA詹姆斯库里勇士抽象搞怪老鼠白边玩偶老大铁丝骨架四肢造型,10.88,¥,,a2533764643,五好社会青年工艺品,,100+人付款,浙江 温州,包邮,,https://g-search1.alicdn.com/img/bao/uploaded/i4/i4/1122806363/O1CN01ZzozHW1wsJGdj88vs_!!1122806363.png,//item.taobao.com/item.htm?id=990631617198&ns=1&abbucket=10&xxc=taobaoSearch&mi_id=0000afxiZXC2bkQmBgvzYWNMzHxLNc5MHkKW-ZApF8y9YHs&skuId=6124455315024
965713074314,Nuthink美式小狗腊肠狗刺绣圆领加绒卫衣字母卡通男女2026年春季,268,¥,券后价,nuthink旗舰店,nuthink旗舰店,9年老店,1000+人付款,广东 广州,"官方立减12%, 热销爆款, 包邮",克重范围:430g | 面料:棉质面料 | 版型分类:宽松型 | 领型设计:圆领 | 是否连帽:否 | 适用性别:男女通用,https://g-search3.alicdn.com/img/bao/uploaded/i4/i4/2917239277/O1CN017EivTy2IOvOeuPDpV_!!4611686018427382253-0-item_pic.jpg,//detail.tmall.com/item.htm?id=965713074314&ns=1&abbucket=10&xxc=taobaoSearch&mi_id=0000qPL20wUpGVuJ2t8TAo9X4ciZiPrU36yEuqmdPlgyt_U&skuId=5972986285914
980045768030,2025新款水豚噜噜摆件潮玩盲盒手办玩偶创意可爱汽车车载公仔,14.23,¥,券后价,艳小舞10,静秋儿童玩具店,,400+人付款,浙江 金华,"退货宝, 48小时内发, 包邮",款式类型:隐藏款 | 出售状态:现货 | 商品状态:全新未拆封,https://g-search3.alicdn.com/img/bao/uploaded/i4/i2/2435881500/O1CN01yNAbIZ1Mx3BqlEnAi_!!2435881500.jpg,//item.taobao.com/item.htm?id=980045768030&ns=1&abbucket=10&xxc=taobaoSearch&mi_id=000060al4wfY1Pq8sw4QaLJawZAuSh5Dqb6THvyj5dfCiuc&skuId=5935934653977
837703833051,MINISO/名创优品打底衫男冬季绒德保暖内衣加厚内搭长袖t恤秋衣Y,99,¥,券后价,名创优品服饰旗舰店,名创优品服饰旗舰店,回头客3万,7000+人付款,湖北 宜昌,"热销爆款, 包邮",版型分类:宽松型 | 适用体型:通用型 | 面料:抓绒布 | 图案:纯色 | 适用性别:男士 | 适用人群:青少年,https://g-search3.alicdn.com/img/bao/uploaded/i4/i3/2217051217872/O1CN01tR2VYR281QvHuEt9q_!!4611686018427387856-0-item_pic.jpg,//detail.tmall.com/item.htm?id=837703833051&ns=1&abbucket=10&xxc=taobaoSearch&mi_id=0000ivbq2CpMAI5UyI7gKcObkeUh4CXZpfouzHmmQWfbyzE&skuId=5953253856766
950082152270,可爱飞行员狗车内饰品摆件中控特斯拉屏幕趴趴汽车载ETC玩偶公仔,29.9,¥,,美仕龙旗舰店,美仕龙旗舰店,回头客1万,5000+人付款,广东 广州,"48小时内发, 包邮",,https://g-search3.alicdn.com/img/bao/uploaded/i4/i1/2217120244943/O1CN01cEZzfL1mNwpBb06rD_!!4611686018427380943-0-item_pic.jpg,//detail.tmall.com/item.htm?id=950082152270&ns=1&abbucket=10&xxc=taobaoSearch&mi_id=0000g36GgTyddxZE9_igsN5UlDaCLGiX6yAbXrh-C4VUSJk&skuId=5862301181993
926078654694,太阳能直升飞机车载香水汽车香薰摆件女生车内除异味持久香氛装饰,49,¥,券后价,美卡车影,美卡车影,8年老店,2000+人付款,江苏 无锡,"官方立减12%, 淘金币已抵0.9元, 退货宝, 包邮",,https://g-search3.alicdn.com/img/bao/uploaded/i4/i2/3332880835/O1CN01PXupWF1I2TfSlLu46_!!3332880835.jpg,//item.taobao.com/item.htm?id=926078654694&ns=1&abbucket=10&xxc=taobaoSearch&mi_id=0000cbJhXT5nfnPxCQ7Oe9T4Ne9xKvO2Is0OQmDDGsOHaKk&skuId=5392752961835
958192017051,纯棉ins百搭恐龙圆领长袖男t恤宽松230g重磅潮流休闲打底衫春秋款,39.8,¥,券后价,侣辑旗舰店,侣辑旗舰店,回头客2万,1000+人付款,广东 揭阳,"官方立减12%, 退货宝, 包邮",材质成分:棉100% | 版型分类:宽松型 | 适用体型:通用型 | 面料:棉 | 图案:动物 | 适用性别:男士,https://g-search1.alicdn.com/img/bao/uploaded/i4/i3/2215449125338/O1CN012cwIGi1pIrHDxrO9H_!!4611686018427380186-0-item_pic.jpg,//detail.tmall.com/item.htm?id=958192017051&ns=1&abbucket=10&xxc=taobaoSearch&mi_id=0000el87yDclf-8Ey2gr7pjZSzduPLUmHSQOLjL0SOcRdjM&skuId=5886422549964
923069610743,生日快乐小熊公仔玩偶泰迪熊毛绒玩具娃娃陪睡抱枕送女孩生日礼物,104,¥,券后价,喜感熊旗舰店,喜感熊旗舰店,5年老店,1000+人付款,山东 临沂,"官方立减40元, 店铺满60减5, 退货宝, 包邮",材质:绒布 | 玩具类型:公仔 | 适用年龄:全阶段 | 出售状态:现货,https://g-search2.alicdn.com/img/bao/uploaded/i4/i4/2210640464130/O1CN01WalmSk1gNao5ZeP3H_!!4611686018427382018-0-item_pic.jpg,//detail.tmall.com/item.htm?id=923069610743&ns=1&abbucket=10&xxc=taobaoSearch&mi_id=0000XGdONJlLRne9mmPcgZ0gsGeN3VrC8iAdyLF8MeuBlxQ&skuId=6159762886366
1007345530444,星空投影落地摆件蓝牙音箱暴力熊客厅电视柜大型软装饰品乔迁礼物,1256,¥,券后价,知书阁家居旗舰店,知书阁家居旗舰店,12年老店,400+人付款,江西 萍乡,"官方立减130元, 淘金币已抵6.28元, 退货宝, 包邮",配色方案:撞色 | 主体造型:卡通/趣味 | 适用空间:客厅 | 主体材质:树脂 | 智能功能:APP连接 | 主题风格:卡通风,https://gw.alicdn.com/imgextra/O1CN01gwpgxx1GfIAWPBWYO_!!1816870649-0-picasso.jpg,//detail.tmall.com/item.htm?id=1007345530444&ns=1&abbucket=10&xxc=taobaoSearch&mi_id=00009yW-5g7xkH4nq5z4Et28z3qiDD5z_8jg5W0qyo15nuc&skuId=6189959034599
838949471017,SZXSUK美拉德厚底复古德训鞋男款港风潮流百搭学生休闲板鞋男潮鞋,95,¥,,suk原创服装二号店,SZXSUK,9年老店,2000+人付款,浙江 温州," 3期, 退货宝, ifashion, 48小时内发, 包邮",风格:青春潮流 | 鞋面材质:牛反绒（磨砂皮） | 鞋跟高:低跟(小于3cm) | 款式:板鞋 | 鞋头款式:圆头 | 季节:春秋 | 品牌:SZXSUK | 功能:耐磨 | 适用对象:青年,https://g-search3.alicdn.com/img/bao/uploaded/i4/i4/2792092570/O1CN01PIS1Vf1Ur6viY0IMY_!!2792092570.jpg,//item.taobao.com/item.htm?id=838949471017&ns=1&abbucket=10&xxc=taobaoSearch&mi_id=0000AH9ZLg_XY7PFNtSNRHHWX_cPiJPrCYxGm9d_zrSdBU4&skuId=5603390141594
980731806325,300克重磅！肩侧大标语长袖T恤男女同款百搭美式字母印花2025新款,29.98,¥,,tb020234806,赚钱买跑车,,1000+人付款,广东 揭阳,"48小时内发, 包邮",版型分类:标准 | 适用体型:通用型 | 面料:棉 | 图案:复古图案 | 适用性别:男女通用 | 适用人群:青少年,https://g-search3.alicdn.com/img/bao/uploaded/i4/i4/2206832245225/O1CN01bQ0csP1oT6XLorjkZ_!!2206832245225.jpg,//item.taobao.com/item.htm?id=980731806325&ns=1&abbucket=10&xxc=taobaoSearch&mi_id=00002rnCD_AZIyAdtgW2vrGK5WJYTN6BKN_NNcdIMUthFGI&skuId=6105557667734
959476890290,美式潮牌个性半袖泼墨刺绣高级感短袖T恤男夏季新款宽松百搭体恤,44.8,¥,券后价,酋帅旗舰店,酋帅旗舰店,,1000+人付款,广东 广州,"店铺满30减5, 退货宝, 48小时内发, 包邮",版型分类:宽松型 | 面料:棉布 | 适用人群:青少年,https://g-search3.alicdn.com/img/bao/uploaded/i4/i4/2215682700845/O1CN010dvVUU1I73ieGqs5P_!!4611686018427385389-0-item_pic.jpg,//detail.tmall.com/item.htm?id=959476890290&ns=1&abbucket=10&xxc=taobaoSearch&mi_id=0000MHj04hOR4qGHuDgGiP6-a9HePyWrpj-wIVj0OXyVfeA&skuId=5759141004626
791674698242,About memory 重磅夏季新款十字架满天星烫钻男士情侣纯棉短袖t恤,129,¥,,sjj柠檬家,艾瑞巴帝,,600+人付款,广东 广州," 3期, 退货宝, 48小时内发, 包邮, 公益宝贝",材质成分:棉100% | 版型分类:宽松型 | 适用体型:通用型 | 面料:棉 | 适用性别:男女通用 | 适用人群:青年,https://g-search1.alicdn.com/img/bao/uploaded/i4/i4/3261891576/O1CN01QEpHIr1NVr9csXETc_!!3261891576.jpg,//item.taobao.com/item.htm?id=791674698242&ns=1&abbucket=10&xxc=taobaoSearch&mi_id=00006FIi15rDg0ql_3TcByZyt_C7vsZ-3RM199GIt5IrBaU&skuId=5406240249683
978650443666,美式做旧泼墨牛仔裤男秋季潮牌设计感脏脏裤高街痞帅拼接阔腿裤子,399,¥,券后价,tb687214329130,阿树潮牌男装工作室,,100+人付款,浙江 杭州,"官方立减12%, 包邮",版型:宽松 | 面料:棉,https://g-search1.alicdn.com/img/bao/uploaded/i4/i4/2218228274954/O1CN01xcjCqX1mSzCaUlWKZ_!!2218228274954.png,//item.taobao.com/item.htm?id=978650443666&ns=1&abbucket=10&xxc=taobaoSearch&mi_id=0000SUdUOIs8v1T5Tleqbv5t4OyeQVfifrG_rOppXCiIZrI&skuId=5936906361571
1002496741269,田莆aj男鞋学生dunk敖丙三太子低帮黑白熊猫莆田冬季加绒正品板鞋,138,¥,首单价,thrw旗舰店,thrw旗舰店,12年老店,100+人付款,福建 泉州,"官方立减12%, 直降7元, 退货宝, 包邮",鞋面材质:二层牛皮（除牛反绒） | 风格:休闲 | 鞋跟高:平跟 | 款式:板鞋 | 鞋头款式:圆头 | 季节:冬季 | 品牌:T.H.R.W/头号人物 | 功能:保暖 | 适用对象:青年,https://g-search1.alicdn.com/img/bao/uploaded/i4/i3/1969817767/O1CN01yBLcc527FLLyALnWy_!!4611686018427381927-0-item_pic.jpg,//detail.tmall.com/item.htm?id=1002496741269&ns=1&abbucket=10&xxc=taobaoSearch&mi_id=0000nXHFxK59BtXhzUWIuAtYDzUep1T74_Tib5AywIPVWf4&skuId=6157051011399
1014233153521,Palm棕榈天使Angels领口喷漆字母印花男女短袖26S宽松休闲美式T恤,118,¥,券后价,tb9357406681,三点水 3D,5年老店,6人付款,广东 广州,"官方立减12%, 包邮",版型分类:宽松型 | 适用体型:通用型 | 面料:精梳棉 | 图案:字母 | 适用性别:男女通用,https://g-search2.alicdn.com/img/bao/uploaded/i4/i2/2207291571938/O1CN01IJOTf11QBeh4gfLi0_!!2207291571938.jpg,//item.taobao.com/item.htm?id=1014233153521&ns=1&abbucket=10&xxc=taobaoSearch&mi_id=00009bhF_kAS0Huzfr6kiZwnnLmQxXQTgarDdb1aO7ISJ5k&skuId=6183497655133
1012800224713,马年玩偶吉祥物公仔2026本命年新年礼物小马毛绒玩具抱枕年会礼品,36,¥,券后价,tb320076282392,Levan乐玩专业店,,700+人付款,河北 保定,包邮,材质:绒布 | 交互功能:360度旋转 | 玩具类型:布艺毛绒玩具 | 适用年龄:通用 | 出售状态:现货,https://g-search3.alicdn.com/img/bao/uploaded/i4/i2/2219118827895/O1CN01LuLkU228By3Uw4O30_!!2219118827895.jpg,//item.taobao.com/item.htm?id=1012800224713&ns=1&abbucket=10&xxc=taobaoSearch&mi_id=0000YepPTH97GSsGm1Kcp7d1aTP1O8FlxcsIUipaXTgjF_M&skuId=6184970703859
1016190962275,马上有钱马年发财小马车载中控台屏幕趴趴摆件汽车车内装饰品可爱,19.8,¥,券后价,猴宝车品专营店,猴宝车品专营店,回头客5万,15人付款,浙江 金华,"官方立减12%, 包邮",,https://g-search1.alicdn.com/img/bao/uploaded/i4/i2/3206142900/O1CN017Eyeg81XIFi8TUDsT_!!4611686018427386804-0-item_pic.jpg,//detail.tmall.com/item.htm?id=1016190962275&ns=1&abbucket=10&xxc=taobaoSearch&mi_id=00003g_FDKlI00mSelaD5pxB0_l1ex3PjlE44bi8RQ8PgRc&skuId=6190120815925
982742770475,英国Next Rtrx 三代拉布布公仔玩偶labubu抱枕娃娃女睡觉生日礼物,248,¥,券后价,小兔米菲品牌店0708,英国 Next Rtrx 品牌专店,,74人付款,福建 厦门,"官方立减24元,  3期, 店铺满100减6, 退货宝, 包邮",玩具类型:布艺毛绒玩具 | 玩偶种类:卡通形象 | 服装款式:Q版 | 出售状态:现货,https://g-search3.alicdn.com/img/bao/uploaded/i4/i4/2675437166/O1CN015Q8Ypm22o5IoE7wM2_!!2675437166.jpg,//item.taobao.com/item.htm?id=982742770475&ns=1&abbucket=10&xxc=taobaoSearch&mi_id=0000im9pj11GTa5MXWAC6aLROD78jrnEUHPUyXu9LgNZ3EM&skuId=6109329402632
970057059330,LABUBU4.0心底密码系列泡泡玛特拉布布四代字母搪胶毛绒挂件盲盒,500,¥,券后价,misslong8877,ONEWAVE潮品,9年老店,4000+人付款,广东 深圳,"退货宝, 包邮",款式类型:端盒 | 出售状态:现货 | 品牌:POP MART/泡泡玛特,https://g-search1.alicdn.com/img/bao/uploaded/i4/i3/847377729/O1CN01Svlqjm26xwHkNx2Ga_!!847377729.jpg,//item.taobao.com/item.htm?id=970057059330&ns=1&abbucket=10&xxc=taobaoSearch&mi_id=0000oM4i72wkBMwjcO1ivj6ZJI4_73REE05QAGsK_uhV06s&skuId=5920080968196
988375377145,成品手工钩织王一博应援挂件巴黎时装周卷毛耶啵玩偶包包原创挂饰,45,¥,,tb980064669,张小如手作,,90人付款,浙江 湖州,包邮,,https://g-search3.alicdn.com/img/bao/uploaded/i4/i1/2216160756047/O1CN01r2hfgq1uXa6herWnb_!!2216160756047.jpg,//item.taobao.com/item.htm?id=988375377145&ns=1&abbucket=10&xxc=taobaoSearch&mi_id=00008h5bXGakPo9jfvQ4ydZJbiR-fTF8gZKislghIZ1fde8&skuId=6148215227581
1018926716723,卡通动漫蜡笔小新入户玄关硅藻泥地垫客厅卧室脚垫吸水防滑地毯,20.7,¥,券后价,天天特卖工厂店,天天特卖工厂,买过的店,1人付款,天津,"官方立减12%, 淘金币抵0.3元, 退货宝, 淘工厂, 包邮",防滑等级:A级 | 可定制性:支持定制 | 材质:硅藻泥 | 图案:卡通动漫 | 形状:方形 | 清洗方式:可手洗 | 适用场景:玄关 | 风格:卡通风 | 功能:防滑,https://gw.alicdn.com/imgextra/O1CN016xUSHF2LY29A6AlGZ_!!3937219703-0-C2M.jpg,//detail.tmall.com/item.htm?id=1018926716723&ns=1&abbucket=10&xxc=taobaoSearch&mi_id=0000OVXPYW4WFD_Trw-ZhMdilyQYk3Td1IYPPiwQUB-b5nk&skuId=6027118237764
990523749419,2026马年吉祥物公仔生肖马毛绒玩具可爱小马布娃娃公司年会礼品,18.8,¥,,游小龙旗舰店,游小龙旗舰店,,900+人付款,山东 临沂,"退货宝, 包邮",材质:绒布 | 玩具类型:公仔 | 适用年龄:3岁以上 | 出售状态:现货 | 品牌:游小龙,https://g-search3.alicdn.com/img/bao/uploaded/i4/i3/2217172505950/O1CN0112q3US1tp9hrwuEqo_!!4611686018427385182-0-item_pic.jpg,//detail.tmall.com/item.htm?id=990523749419&ns=1&abbucket=10&xxc=taobaoSearch&mi_id=0000osziizquFicBPtVbtOUyoBHMJ28hZXLZVgt6In5en9A&skuId=5957492332695
870106297017,MINISO名创优品牛角包抱枕车载靠枕腰枕沙发午睡枕可爱玩偶礼物女,39.9,¥,券后价,miniso名创优品旗舰店,miniso名创优品旗舰店,回头客200万,1万+人付款,湖北 鄂州,"超级立减4.4元, 退货宝, 包邮",玩具类型:靠垫/抱枕 | 玩偶种类:卡通形象 | 品牌:MINISO/名创优品,https://g-search1.alicdn.com/img/bao/uploaded/i4/i4/3459177618/O1CN01DifoUH2696GFKnWs8_!!4611686018427387026-0-item_pic.jpg,//detail.tmall.com/item.htm?id=870106297017&ns=1&abbucket=10&xxc=taobaoSearch&mi_id=0000_LWWb2MAWpzmYAchyz62zU08nPjaAI1QWUEDJN5VcQ8&skuId=6071107186211
962411606166,Labubu盲盒毛绒娃衣挂件拉布布礼物一二三代17厘米搪胶玩偶衣服,72,¥,券后价,织慕兔旗舰店,织慕兔旗舰店,,93人付款,浙江 金华,"官方立减12%, 退货宝, 包邮",材质:布料 | 适用年龄:14岁或14周岁以上 | 出售状态:现货,https://g-search2.alicdn.com/img/bao/uploaded/i4/i3/2220151386419/O1CN01HXbMLf1xHxQhlghzU_!!4611686018427384115-0-item_pic.jpg,//detail.tmall.com/item.htm?id=962411606166&ns=1&abbucket=10&xxc=taobaoSearch&mi_id=0000rPcGeSyKjqyRulcL4waj5Et7pGys1mJnnlDKgMJoHjI&skuId=5946180892782
865532969866,可定制车标熊奔驰小熊车载玩偶鸿蒙智行公仔极氪奥迪汽车4S店礼物,17,¥,券后价,昊天玩具商行,昊天玩具,5年老店,2000+人付款,山东 临沂,"淘金币已抵0.51元, 48小时内发, 包邮",玩具类型:公仔 | 适用年龄:成年人 | 品牌:啦馋熊,https://g-search1.alicdn.com/img/bao/uploaded/i4/i2/2846509267/O1CN01jH7PG32IKLMa7oxur_!!2846509267.jpg,//item.taobao.com/item.htm?id=865532969866&ns=1&abbucket=10&xxc=taobaoSearch&mi_id=0000qW50uU8Yq0a_uaby_dhXli4iiayEQW1JdgryeHY4WMI&skuId=5756651844470
798086578444,宝马BMW小熊公仔玩偶 摩托机车尾箱娃娃拉力赛车熊4S店礼品玩具熊,13,¥,,tb331255149,熊熊联盟店,5年老店,700+人付款,广东 江门,"48小时内发, 包邮",毛重:0.2kg | 适用性别:男女通用 | 适用人群:成年人,https://g-search3.alicdn.com/img/bao/uploaded/i4/i1/2201195127792/O1CN01KPXsyg27Qn6RRmkVm_!!2201195127792.jpg,//item.taobao.com/item.htm?id=798086578444&ns=1&abbucket=10&xxc=taobaoSearch&mi_id=0000VkS3yi9vO_zGj4eWCk_3FBsWQqSg01qOZ6sv0NYMOk8&skuId=5439130504640
770283933257,海贼王Q版索隆手办小萌版PVC电竞机箱桌面模型摆件男孩高档礼物盒,40,¥,券后价,tb740336812236,天空之城动漫,,2000+人付款,广东 河源,"官方立减12%, 淘金币已抵0.83元, 退货宝, 包邮, 公益宝贝",ACG角色名:索隆 | 出售状态:现货 | 适用年龄:8周岁以上,https://g-search2.alicdn.com/img/bao/uploaded/i4/i3/2217304745084/O1CN018OwKDA1nQWWiLtN71_!!2217304745084.png,//item.taobao.com/item.htm?id=770283933257&ns=1&abbucket=10&xxc=taobaoSearch&mi_id=0000VmjLzQwAODC6_WZP5nkanXL2eWSQmEUqwCQnvQfijkA&skuId=5924205988760
913481867114,猫咪问号枕颈办公室午睡神器脖枕稀奇古怪的玩偶抱枕车载创意靠枕,47.8,¥,券后价,oxx888666,NoFun,6年老店,600+人付款,江苏 扬州,"官方立减12%,  3期, 退货宝, 包邮",抱枕枕靠类型:玩偶抱枕 | 风格:可爱 | 内芯材质:PP棉 | 形状:异形 | 外套材质:毛绒 | 是否可拆洗:不支持可拆洗 | 适用场景:办公,https://g-search3.alicdn.com/img/bao/uploaded/i4/i4/420137107/O1CN01CmjavO22N3tCVAUND_!!420137107.png,//item.taobao.com/item.htm?id=913481867114&ns=1&abbucket=10&xxc=taobaoSearch&mi_id=0000KFxIXuIsbrqWKibjcTjk4K6vJWAESrChmSU-hbIf3wI&skuId=5947081795541
964810114754,老鼠干玩偶定制人形无白边丑猫抱枕异形照片定做小人偶礼物恶搞怪,26,¥,首单价,富梦欢抱枕定制工厂店铺,富梦欢抱枕定制礼品店,5年老店,3000+人付款,浙江 金华,"官方立减7.8元, 直降1元, 淘金币已抵0.52元, 退货宝, 包邮, 公益宝贝",抱枕枕靠类型:异形抱枕 | 风格:卡通 | 内芯材质:PP棉 | 形状:方形 | 外套材质:毛绒 | 适用场景:家居,https://gw.alicdn.com/imgextra/O1CN01ds0yPB1Rgcvy5DViy_!!2209597402141.jpg,//item.taobao.com/item.htm?id=964810114754&ns=1&abbucket=10&xxc=taobaoSearch&mi_id=0000jnM6XZzduYewuYCyPn_scYZBkfq8FwfwGVJqiuMIPD8&skuId=5536882986407
,,,,,,,,,,,,,
963191232552,WASSUP美式复古杏色连帽卫衣男女款春秋潮牌卡通蜡笔小新印花上衣,109.9,¥,,tb509769977,Wassup Hsube国潮牌店,,7000+人付款,广东 揭阳,"退货宝, 48小时内发, 包邮",版型分类:宽松型 | 领型设计:圆领 | 是否连帽:是 | 适用性别:男女通用,https://g-search3.alicdn.com/img/bao/uploaded/i4/i2/2217578233605/O1CN01xVYXSO1cV8tw2RnwL_!!2217578233605.jpg,//item.taobao.com/item.htm?id=963191232552&ns=1&abbucket=10&xxc=taobaoSearch&mi_id=0000P9H_4oX_pFl6X-b7OwJxt4ilIDhzIyV4VZBBXm9-0aE&skuId=6077792074877
956307069242,拉布布车内装饰品摆件汽车中控台屏幕车载可爱labubu新款公仔玩偶,128,¥,券后价,supzcws旗舰店,supzcws旗舰店,回头客1万,300+人付款,广东 广州,"官方立减12%, 包邮",,https://g-search2.alicdn.com/img/bao/uploaded/i4/i4/2216393803149/O1CN01Xm4yaz1Z8IIijPokv_!!4611686018427381133-0-item_pic.jpg,//detail.tmall.com/item.htm?id=956307069242&ns=1&abbucket=10&xxc=taobaoSearch&mi_id=0000Nh6-vgalHfsV7072PrA5b_GfxMH6ZPJ7USwVWHKlANs&skuId=5881546713158
954659758963,【官方正品】泡泡玛特拉布布Labubu3.0前方高能毛绒挂件公仔盲盒,210,¥,券后价,机遇通讯,Lucky Box丨正品潮玩,13年老店,300+人付款,广东 惠州,"官方立减12%, 24小时内发, 包邮, 公益宝贝",款式类型:端盒 | 出售状态:现货 | 系列类型:联名系列 | 品牌:POP MART/泡泡玛特,https://g-search2.alicdn.com/img/bao/uploaded/i4/i1/46190334/O1CN01JOSiQY1EL1Lxc0RSk_!!46190334.jpg,//item.taobao.com/item.htm?id=954659758963&ns=1&abbucket=10&xxc=taobaoSearch&mi_id=00003xAKKSi5Xdgtc8gU8fgE37QtB5fpWBxs0SZ5QMeVqcM&skuId=6045201911885
1002252167213,迷彩小牛毛绒玩具定制J衔名字送女友生日礼物全J种迷彩服小牛公仔,95,¥,,tb953887500482,玩具公 仔生产厂家,,36人付款,广东 广州,"淘金币已抵1.8元, 退货宝, 48小时内发, 包邮",材质:绒布 | 玩具类型:布艺毛绒玩具 | 服装款式:原厂版本 | 适用年龄:通用 | 出售状态:现货 | 品牌:0001,https://g-search3.alicdn.com/img/bao/uploaded/i4/i4/2215867565684/O1CN01FGEKRh1rrKLhWL5qq_!!2215867565684.jpg,//item.taobao.com/item.htm?id=1002252167213&ns=1&abbucket=10&xxc=taobaoSearch&mi_id=0000DQbmJhLn-Hy3Ugg-xZsmnk0zXcsYeiC4MTbr4J2fovk&skuId=5994831573587
966260326709,猫和老鼠毛绒卡通TOM汤姆公仔可爱床上陪睡长条抱枕生日礼物玩偶,70.2,¥,券后价,官方国货甄选,官方国货甄选,买过的店,3000+人付款,安徽 滁州,"官方立减12%, 淘金币已抵0.28元, 退货宝, 淘工厂, 包邮",材质:绒布 | 尺寸:90厘米-99厘米 | 玩具类型:睡觉抱枕,https://gw.alicdn.com/imgextra/O1CN01DHKZ351mQEqdrejxZ_!!2206588314948-0-C2M.jpg,//detail.tmall.com/item.htm?id=966260326709&ns=1&abbucket=10&xxc=taobaoSearch&mi_id=0000xs9KmIGvF48lZTFqV3Pvw0FqUnnghmJbdx-eQzzEfME&skuId=5912577253049
950859961984,MondaySleepingClub&DISNEY 合作系列“困倦米奇”印花短袖T恤,228,¥,,mondaysleepingclub,MondaySleepingClub,,1000+人付款,北京,"ifashion, 48小时内发",版型分类:宽松型 | 面料:纯棉 | 图案:卡通动漫 | 适用性别:男女通用 | 适用人群:青年,"https://g-search2.alicdn.com/img/bao/uploaded/i4/i3/2215006641399/O1CN01cwbEwn1MCnAKdi7Ak~crop,0,250,1500,1500~_!!2215006641399.jpg",//item.taobao.com/item.htm?id=950859961984&ns=1&abbucket=10&xxc=taobaoSearch&mi_id=0000YZ2AB4Bi-8RjOLI93iAOPpq1y6_axr37YF_oue2q7EY&skuId=5865993969844
902126377770,现货正版一万次出逃计划BJD盲盒12分可动人偶摆件公仔手办礼物,66,¥,券后价,amiibo商店,萌次元,,2000+人付款,广东 广州,"店铺满15减10, 48小时内发, 包邮",款式类型:隐藏款 | 出售状态:现货 | 品牌:悸动瞬息,https://gw.alicdn.com/imgextra/O1CN01jeEIX11FDWW8hCgeW_!!2212916590453-0-picasso.jpg,//item.taobao.com/item.htm?id=902126377770&ns=1&abbucket=10&xxc=taobaoSearch&mi_id=00005l19tgt1TA7cWXKcCJ7Ntspjkt2RqBm2P0ey11GUBgg&skuId=5758084908777
921820579619,新款王安宇抽象老鼠干周边搞怪玩偶四肢分离有骨架可摆造型礼物,8.9,¥,,鲸落文具,鲸落文具,,31人付款,浙江 金华,包邮,,https://g-search3.alicdn.com/img/bao/uploaded/i4/i3/2218818198296/O1CN01htMsAO2B9croxfnIY_!!2218818198296.jpg,//item.taobao.com/item.htm?id=921820579619&ns=1&abbucket=10&xxc=taobaoSearch&mi_id=0000Yc5EcCeOBgHV4JfR8ZIAh5PDFwi0ziy2iRRBsA1r1Mw&skuId=6140030395117
950221147453,【李佳琦年货补给专场】玩乐主义罗小黑战记盲盒新年萌粒抱抱毛绒,49,¥,券后价,玩乐主义旗舰店,玩乐主义旗舰店,回头客2万,4万+人付款,广东 东莞,"超级立减6元, 热销爆款,  3期, 退货宝, 包邮",款式类型:端盒 | 出售状态:现货 | 系列类型:联名系列 | 品牌:FUNISM/玩乐主义,https://g-search1.alicdn.com/img/bao/uploaded/i4/i4/2210516346829/O1CN01cI8u3e20Jjr5MLxxt_!!4611686018427381709-0-item_pic.jpg,//detail.tmall.com/item.htm?id=950221147453&ns=1&abbucket=10&xxc=taobaoSearch&mi_id=0000-bbP99chbPFos1sCeNWAKy7gtVmwla6DrGHtnqDbWho&skuId=6040416130819
970614989629,山姆蜡笔超大1米毛绒玩偶可爱小新娃娃玩具抱枕公仔男女朋友礼物,59,¥,首单价,梧桐树语下,梧桐树语下的小店67,,100+人付款,江苏 扬州,"官方立减12%, 直降5元, 淘金币已抵1.77元, 退货宝, 包邮",材质:PP棉 | 交互功能:360度旋转 | 玩具类型:布艺毛绒玩具 | 玩偶种类:人物 | 服装款式:原厂版本 | 出售状态:现货 | 品牌:tfoa,https://g-search3.alicdn.com/img/bao/uploaded/i4/i1/2564485224/O1CN01vZbhzn1oSe8dGowgj_!!2564485224.jpg,//item.taobao.com/item.htm?id=970614989629&ns=1&abbucket=10&xxc=taobaoSearch&mi_id=0000TF72aR2Ohw12thWVcZz1ik1IZt4Txh2fozMm-E80w7Q&skuId=5936304496752
721956304200,墨镜杰尼龟脚垫子卧室床边毯羊羔绒吸水浴室地毯卫生间入户门地垫,26.8,¥,券后价,tb4621530105,爱如毯家居,,100+人付款,河北 廊坊,"官方立减12%, 退货宝, 包邮",材质:化纤 | 图案:卡通动漫 | 适用场景:家用 | 风格:简约,https://g-search1.alicdn.com/img/bao/uploaded/i4/i1/2213241226274/O1CN01ZpXEhD1wDXlPbxuhE_!!2213241226274.jpg,//item.taobao.com/item.htm?id=721956304200&ns=1&abbucket=10&xxc=taobaoSearch&mi_id=000068N8wJJ4HSO9jmnUxkIQnmZXk1SMjKdDwtSNjC17mqE&skuId=5025646205573
974364941746,Jennie爆款抽象搞笑老鼠干玩偶全身带骨架可随意凹造型diy礼物,10.88,¥,,a2533764643,五好社会青年工艺品,,20人付款,浙江 温州,"48小时内发, 包邮",适用性别:男女通用 | 适用人群:通用,https://g-search3.alicdn.com/img/bao/uploaded/i4/i2/1122806363/O1CN01d7MOCY1wsJFtrqrFE_!!1122806363.png,//item.taobao.com/item.htm?id=974364941746&ns=1&abbucket=10&xxc=taobaoSearch&mi_id=0000tAVTPvsxKw-tsc5jJOIEmH1JTqcrGjFNoKPPyAD9Vs8&skuId=5925676696655
985723951625,周深老鼠干新款创意搞怪周边无白边抽象玩偶四肢分离有骨架应援,7.9,¥,,tb5385844547,松松松,,300+人付款,广东 广州,"48小时内发, 包邮",,"https://g-search2.alicdn.com/img/bao/uploaded/i4/i4/2220035782112/O1CN01o6t5Eo1RTLaaV4AaW~crop,0,211,1263,1263~_!!2220035782112.jpg",//item.taobao.com/item.htm?id=985723951625&ns=1&abbucket=10&xxc=taobaoSearch&mi_id=00005NJYQPwY0MBh7C7xZhvj6ziY1iyLA_0OmXhWdv0hIFQ&skuId=5950700945320
964938542252,拉布布labubu车载摆件2025新款网红内饰配件可爱布布公仔汽车玩偶,51.8,¥,券后价,闪朵旗舰,闪朵旗舰店,,29人付款,浙江 金华,"超级立减0.99元, 店铺满30减2, 淘金币已抵0.19元, 包邮, 公益宝贝",,https://g-search3.alicdn.com/img/bao/uploaded/i4/i1/2219437475232/O1CN01b5XejZ1oWJIbNef3B_!!4611686018427381152-0-item_pic.jpg,//detail.tmall.com/item.htm?id=964938542252&ns=1&abbucket=10&xxc=taobaoSearch&mi_id=0000gH3NQj05y4pWejxYPCwq5BA1PiQzVQBCJnx_DnAtX_Q&skuId=6072918298489
733408851317,轻奢暴力熊2026新款酒柜装饰品摆件高档客厅电视柜家居软装工艺品,166,¥,券后价,tb3105386212,KA2摆件工场,5年老店,1000+人付款,广东 汕头,"超级立减10%,  3期, 退货宝, 48小时内发, 包邮",主体材质:卡通 | 表面工艺:电镀,https://g-search3.alicdn.com/img/bao/uploaded/i4/i1/4273892799/O1CN01LRRnsA1WXzbbFTlAI_!!4273892799.jpg,//item.taobao.com/item.htm?id=733408851317&ns=1&abbucket=10&xxc=taobaoSearch&mi_id=0000yVx-9lNUPcELirToJVqXA1nMj8vMOn9r1UwrfuMp31I&skuId=5895114745547
981434030100,WE11DONE男女同款航海风logo条纹长袖T恤简约休闲时尚日常,2100,¥,券后价,we11done官方旗舰店,WE11DONE官方旗舰店,回头客1万,22人付款,浙江 嘉兴," 12期, 退货宝, 包邮",材质成分:棉100% | 版型分类:宽松型 | 适用性别:男女通用,https://g-search2.alicdn.com/img/bao/uploaded/i4/i2/2214312410563/O1CN013EaIF21G1u6crEmIr_!!2214312410563.jpg,//detail.tmall.com/item.htm?id=981434030100&ns=1&abbucket=10&xxc=taobaoSearch&mi_id=0000j39MYuuK4IGNMNDZ8AhE9bbv_ICMr2qzFKc03LHjNYc&skuId=6106008902419
966755225774,WANGXIAO 2正版史迪仔包包挂件毛绒无牙仔玩偶史迪奇钥匙扣挂饰品,66.5,¥,券后价,ygy_先挣一个亿,WANGXIAO 2线上商店,,2000+人付款,浙江 金华,"官方立减12%, 退货宝, 48小时内发, 包邮",,https://gw.alicdn.com/imgextra/O1CN01GCzpSM1Zi1Dg5vOHE_!!2212248333227-0-picasso.jpg,//item.taobao.com/item.htm?id=966755225774&ns=1&abbucket=10&xxc=taobaoSearch&mi_id=0000AM8ZWTqzRHq2z-CazYOJRjel0tp2GFxqKvuKH47jFk8&skuId=5911988413563
874327376852,名创优品长袖t恤男款春秋纯棉白色打底衫叠穿内搭保暖衣服卫衣冬Y,199.9,¥,券后价,名创优品服饰旗舰店,名创优品服饰旗舰店,回头客3万,3万+人付款,湖北 宜昌,"全网低价, 热销爆款, 包邮",材质成分:棉100% | 版型分类:宽松型 | 适用体型:通用型 | 面料:纯棉 | 图案:纯色 | 适用性别:男女通用 | 适用人群:青少年,https://g-search1.alicdn.com/img/bao/uploaded/i4/i3/2217051217872/O1CN01jDW7q2281QwHYHMte_!!4611686018427387856-0-item_pic.jpg,//detail.tmall.com/item.htm?id=874327376852&ns=1&abbucket=10&xxc=taobaoSearch&mi_id=00000iD2Gp0sBSU2YXmry9kc1BlNPkKxtFJPFF8EpIYWbqw&skuId=5708361084326
963794447167,香薰摆件高档2025新款中控台太阳能车载香水车内汽车饰品男士专用,43.8,¥,券后价,asy3366,良品妙妙屋,,2000+人付款,浙江 金华,"退货宝, 包邮",,https://g-search3.alicdn.com/img/bao/uploaded/i4/i2/2212777918734/O1CN011RYgga2EOEGp9CZNb_!!2212777918734.png,//item.taobao.com/item.htm?id=963794447167&ns=1&abbucket=10&xxc=taobaoSearch&mi_id=0000nQPegZjmqcju-lvRpsN8Nvcdqt4m-9bnryvXJRkdbcc&skuId=6101547110719
971489840666,老鼠干玩偶定制整蛊抽象手指DIY内置骨架无白边可随意弯曲人偶,7.9,¥,券后价,小狼沫沫,小布娃娃,,2万+人付款,浙江 金华,"淘金币已抵0.23元, 包邮",材质:PP棉 | 玩具类型:DIY定制 | 玩偶种类:人物 | 适用年龄:全阶段,https://g-search2.alicdn.com/img/bao/uploaded/i4/i3/1770740017/O1CN01DyFn6L1BzpomZWYOE_!!1770740017.jpg,//item.taobao.com/item.htm?id=971489840666&ns=1&abbucket=10&xxc=taobaoSearch&mi_id=0000RM-mILLuZBLCQMSeE7uqDE4wjvOS4nyjhVK3JfKnp74&skuId=6124889478138
990631617198,NBA詹姆斯库里勇士抽象搞怪老鼠白边玩偶老大铁丝骨架四肢造型,10.88,¥,,a2533764643,五好社会青年工艺品,,100+人付款,浙江 温州,包邮,,https://g-search1.alicdn.com/img/bao/uploaded/i4/i4/1122806363/O1CN01ZzozHW1wsJGdj88vs_!!1122806363.png,//item.taobao.com/item.htm?id=990631617198&ns=1&abbucket=10&xxc=taobaoSearch&mi_id=0000afxiZXC2bkQmBgvzYWNMzHxLNc5MHkKW-ZApF8y9YHs&skuId=6124455315024
960419414054,Nuthink美式小狗腊肠狗刺绣圆领加绒卫衣字母卡通男女2026年春季,268,¥,券后价,nuthink旗舰店,nuthink旗舰店,9年老店,1000+人付款,广东 广州,"官方立减12%, 热销爆款, 包邮",克重范围:430g | 面料:棉质面料 | 版型分类:宽松型 | 领型设计:圆领 | 是否连帽:否 | 适用性别:男女通用,https://g-search3.alicdn.com/img/bao/uploaded/i4/i4/2917239277/O1CN017EivTy2IOvOeuPDpV_!!4611686018427382253-0-item_pic.jpg,//detail.tmall.com/item.htm?id=960419414054&ns=1&abbucket=10&xxc=taobaoSearch&mi_id=0000qPL20wUpGVuJ2t8TAo9X4ciZiPrU36yEuqmdPlgyt_U&skuId=5972986285914
980045768030,2025新款水豚噜噜摆件潮玩盲盒手办玩偶创意可爱汽车车载公仔,14.23,¥,券后价,艳小舞10,静秋儿童玩具店,,400+人付款,浙江 金华,"退货宝, 48小时内发, 包邮",款式类型:隐藏款 | 出售状态:现货 | 商品状态:全新未拆封,https://g-search3.alicdn.com/img/bao/uploaded/i4/i2/2435881500/O1CN01yNAbIZ1Mx3BqlEnAi_!!2435881500.jpg,//item.taobao.com/item.htm?id=980045768030&ns=1&abbucket=10&xxc=taobaoSearch&mi_id=000060al4wfY1Pq8sw4QaLJawZAuSh5Dqb6THvyj5dfCiuc&skuId=5935934653977
837703833051,MINISO/名创优品打底衫男冬季绒德保暖内衣加厚内搭长袖t恤秋衣Y,99,¥,券后价,名创优品服饰旗舰店,名创优品服饰旗舰店,回头客3万,7000+人付款,湖北 宜昌,"热销爆款, 包邮",版型分类:宽松型 | 适用体型:通用型 | 面料:抓绒布 | 图案:纯色 | 适用性别:男士 | 适用人群:青少年,https://g-search3.alicdn.com/img/bao/uploaded/i4/i3/2217051217872/O1CN01tR2VYR281QvHuEt9q_!!4611686018427387856-0-item_pic.jpg,//detail.tmall.com/item.htm?id=837703833051&ns=1&abbucket=10&xxc=taobaoSearch&mi_id=0000ivbq2CpMAI5UyI7gKcObkeUh4CXZpfouzHmmQWfbyzE&skuId=5953253856766
950082152270,可爱飞行员狗车内饰品摆件中控特斯拉屏幕趴趴汽车载ETC玩偶公仔,29.9,¥,,美仕龙旗舰店,美仕龙旗舰店,回头客1万,5000+人付款,广东 广州,"48小时内发, 包邮",,https://g-search3.alicdn.com/img/bao/uploaded/i4/i1/2217120244943/O1CN01cEZzfL1mNwpBb06rD_!!4611686018427380943-0-item_pic.jpg,//detail.tmall.com/item.htm?id=950082152270&ns=1&abbucket=10&xxc=taobaoSearch&mi_id=0000g36GgTyddxZE9_igsN5UlDaCLGiX6yAbXrh-C4VUSJk&skuId=5862301181993
967477573053,太阳能直升飞机车载香水汽车香薰摆件女生车内除异味持久香氛装饰,49,¥,券后价,美卡车影,美卡车影,8年老店,2000+人付款,江苏 无锡,"官方立减12%, 淘金币已抵0.9元, 退货宝, 包邮",,https://g-search3.alicdn.com/img/bao/uploaded/i4/i2/3332880835/O1CN01PXupWF1I2TfSlLu46_!!3332880835.jpg,//item.taobao.com/item.htm?id=967477573053&ns=1&abbucket=10&xxc=taobaoSearch&mi_id=0000cbJhXT5nfnPxCQ7Oe9T4Ne9xKvO2Is0OQmDDGsOHaKk&skuId=5392752961835
958192017051,纯棉ins百搭恐龙圆领长袖男t恤宽松230g重磅潮流休闲打底衫春秋款,39.8,¥,券后价,侣辑旗舰店,侣辑旗舰店,回头客2万,1000+人付款,广东 揭阳,"官方立减12%, 退货宝, 包邮",材质成分:棉100% | 版型分类:宽松型 | 适用体型:通用型 | 面料:棉 | 图案:动物 | 适用性别:男士,https://g-search1.alicdn.com/img/bao/uploaded/i4/i3/2215449125338/O1CN012cwIGi1pIrHDxrO9H_!!4611686018427380186-0-item_pic.jpg,//detail.tmall.com/item.htm?id=958192017051&ns=1&abbucket=10&xxc=taobaoSearch&mi_id=0000el87yDclf-8Ey2gr7pjZSzduPLUmHSQOLjL0SOcRdjM&skuId=5886422549964
923069610743,生日快乐小熊公仔玩偶泰迪熊毛绒玩具娃娃陪睡抱枕送女孩生日礼物,104,¥,券后价,喜感熊旗舰店,喜感熊旗舰店,5年老店,1000+人付款,山东 临沂,"官方立减40元, 店铺满60减5, 退货宝, 包邮",材质:绒布 | 玩具类型:公仔 | 适用年龄:全阶段 | 出售状态:现货,https://g-search2.alicdn.com/img/bao/uploaded/i4/i4/2210640464130/O1CN01WalmSk1gNao5ZeP3H_!!4611686018427382018-0-item_pic.jpg,//detail.tmall.com/item.htm?id=923069610743&ns=1&abbucket=10&xxc=taobaoSearch&mi_id=0000XGdONJlLRne9mmPcgZ0gsGeN3VrC8iAdyLF8MeuBlxQ&skuId=6159762886366
1007345530444,星空投影落地摆件蓝牙音箱暴力熊客厅电视柜大型软装饰品乔迁礼物,1256,¥,券后价,知书阁家居旗舰店,知书阁家居旗舰店,12年老店,400+人付款,江西 萍乡,"官方立减130元, 淘金币已抵6.28元, 退货宝, 包邮",配色方案:撞色 | 主体造型:卡通/趣味 | 适用空间:客厅 | 主体材质:树脂 | 智能功能:APP连接 | 主题风格:卡通风,https://gw.alicdn.com/imgextra/O1CN01gwpgxx1GfIAWPBWYO_!!1816870649-0-picasso.jpg,//detail.tmall.com/item.htm?id=1007345530444&ns=1&abbucket=10&xxc=taobaoSearch&mi_id=00009yW-5g7xkH4nq5z4Et28z3qiDD5z_8jg5W0qyo15nuc&skuId=6189959034599
838949471017,SZXSUK美拉德厚底复古德训鞋男款港风潮流百搭学生休闲板鞋男潮鞋,95,¥,,suk原创服装二号店,SZXSUK,9年老店,2000+人付款,浙江 温州," 3期, 退货宝, ifashion, 48小时内发, 包邮",风格:青春潮流 | 鞋面材质:牛反绒（磨砂皮） | 鞋跟高:低跟(小于3cm) | 款式:板鞋 | 鞋头款式:圆头 | 季节:春秋 | 品牌:SZXSUK | 功能:耐磨 | 适用对象:青年,https://g-search3.alicdn.com/img/bao/uploaded/i4/i4/2792092570/O1CN01PIS1Vf1Ur6viY0IMY_!!2792092570.jpg,//item.taobao.com/item.htm?id=838949471017&ns=1&abbucket=10&xxc=taobaoSearch&mi_id=0000AH9ZLg_XY7PFNtSNRHHWX_cPiJPrCYxGm9d_zrSdBU4&skuId=5603390141594
980731806325,300克重磅！肩侧大标语长袖T恤男女同款百搭美式字母印花2025新款,29.98,¥,,tb020234806,赚钱买跑车,,1000+人付款,广东 揭阳,"48小时内发, 包邮",版型分类:标准 | 适用体型:通用型 | 面料:棉 | 图案:复古图案 | 适用性别:男女通用 | 适用人群:青少年,https://g-search3.alicdn.com/img/bao/uploaded/i4/i4/2206832245225/O1CN01bQ0csP1oT6XLorjkZ_!!2206832245225.jpg,//item.taobao.com/item.htm?id=980731806325&ns=1&abbucket=10&xxc=taobaoSearch&mi_id=00002rnCD_AZIyAdtgW2vrGK5WJYTN6BKN_NNcdIMUthFGI&skuId=6105557667734
973138101861,美式潮牌个性半袖泼墨刺绣高级感短袖T恤男夏季新款宽松百搭体恤,44.8,¥,券后价,酋帅旗舰店,酋帅旗舰店,,1000+人付款,广东 广州,"店铺满30减5, 退货宝, 48小时内发, 包邮",版型分类:宽松型 | 面料:棉布 | 适用人群:青少年,https://g-search3.alicdn.com/img/bao/uploaded/i4/i4/2215682700845/O1CN010dvVUU1I73ieGqs5P_!!4611686018427385389-0-item_pic.jpg,//detail.tmall.com/item.htm?id=973138101861&ns=1&abbucket=10&xxc=taobaoSearch&mi_id=0000MHj04hOR4qGHuDgGiP6-a9HePyWrpj-wIVj0OXyVfeA&skuId=5759141004626
791674698242,About memory 重磅夏季新款十字架满天星烫钻男士情侣纯棉短袖t恤,129,¥,,sjj柠檬家,艾瑞巴帝,,600+人付款,广东 广州," 3期, 退货宝, 48小时内发, 包邮, 公益宝贝",材质成分:棉100% | 版型分类:宽松型 | 适用体型:通用型 | 面料:棉 | 适用性别:男女通用 | 适用人群:青年,https://g-search1.alicdn.com/img/bao/uploaded/i4/i4/3261891576/O1CN01QEpHIr1NVr9csXETc_!!3261891576.jpg,//item.taobao.com/item.htm?id=791674698242&ns=1&abbucket=10&xxc=taobaoSearch&mi_id=00006FIi15rDg0ql_3TcByZyt_C7vsZ-3RM199GIt5IrBaU&skuId=5406240249683
978650443666,美式做旧泼墨牛仔裤男秋季潮牌设计感脏脏裤高街痞帅拼接阔腿裤子,399,¥,券后价,tb687214329130,阿树潮牌男装工作室,,100+人付款,浙江 杭州,"官方立减12%, 包邮",版型:宽松 | 面料:棉,https://g-search1.alicdn.com/img/bao/uploaded/i4/i4/2218228274954/O1CN01xcjCqX1mSzCaUlWKZ_!!2218228274954.png,//item.taobao.com/item.htm?id=978650443666&ns=1&abbucket=10&xxc=taobaoSearch&mi_id=0000SUdUOIs8v1T5Tleqbv5t4OyeQVfifrG_rOppXCiIZrI&skuId=5936906361571
1002496741269,田莆aj男鞋学生dunk敖丙三太子低帮黑白熊猫莆田冬季加绒正品板鞋,138,¥,首单价,thrw旗舰店,thrw旗舰店,12年老店,100+人付款,福建 泉州,"官方立减12%, 直降7元, 退货宝, 包邮",鞋面材质:二层牛皮（除牛反绒） | 风格:休闲 | 鞋跟高:平跟 | 款式:板鞋 | 鞋头款式:圆头 | 季节:冬季 | 品牌:T.H.R.W/头号人物 | 功能:保暖 | 适用对象:青年,https://g-search1.alicdn.com/img/bao/uploaded/i4/i3/1969817767/O1CN01yBLcc527FLLyALnWy_!!4611686018427381927-0-item_pic.jpg,//detail.tmall.com/item.htm?id=1002496741269&ns=1&abbucket=10&xxc=taobaoSearch&mi_id=0000nXHFxK59BtXhzUWIuAtYDzUep1T74_Tib5AywIPVWf4&skuId=6157051011399
1014233153521,Palm棕榈天使Angels领口喷漆字母印花男女短袖26S宽松休闲美式T恤,118,¥,券后价,tb9357406681,三点水 3D,5年老店,6人付款,广东 广州,"官方立减12%, 包邮",版型分类:宽松型 | 适用体型:通用型 | 面料:精梳棉 | 图案:字母 | 适用性别:男女通用,https://g-search2.alicdn.com/img/bao/uploaded/i4/i2/2207291571938/O1CN01IJOTf11QBeh4gfLi0_!!2207291571938.jpg,//item.taobao.com/item.htm?id=1014233153521&ns=1&abbucket=10&xxc=taobaoSearch&mi_id=00009bhF_kAS0Huzfr6kiZwnnLmQxXQTgarDdb1aO7ISJ5k&skuId=6183497655133
1022000592488,kaws轻奢入户玄关n装饰画积木立体走廊过道挂画高级感背景墙面壁,711,¥,,卑眉工厂店02,卑眉工厂店02,,0人付款,广东 深圳,包邮,画芯材质:油画布 | 适用空间:玄关 | 装裱方式:有框,https://g-search3.alicdn.com/img/bao/uploaded/i4/i1/2219596175960/O1CN01M6l5Nk1hc4jNiz1IH_!!0-item_pic.jpg,//item.taobao.com/item.htm?id=1022000592488&ns=1&abbucket=10&xxc=taobaoSearch&mi_id=0000bHwkeuSKBmZisFLCV64Igb8mh2z-bp_UBJHNIktt-pM&skuId=6032295053828
993013105234,会说话的汤姆猫鞋子男鞋板鞋男款2025新款男生休闲鞋黑白涂鸦潮鞋,179,¥,券后价,talkingtom鞋类旗舰店,TALKINGTOM鞋类旗舰店,,61人付款,福建 泉州,"超级立减30元, 退货宝, 包邮",款式:户外休闲鞋 | 鞋底材质:PVC | 跟底款式:平跟 | 季节:春秋 | 鞋跟高:低跟(1-3cm) | 鞋头款式:圆头 | 适用对象:青年（18-40周岁）,https://g-search2.alicdn.com/img/bao/uploaded/i4/i4/2217778846429/O1CN01U5dxO41xMXPeskSjA_!!4611686018427386589-0-item_pic.jpg,//detail.tmall.com/item.htm?id=993013105234&ns=1&abbucket=10&xxc=taobaoSearch&mi_id=0000D2Y6riEMUmz4qMSetZxdW6yw0BkXfC8-vbrro6BYjkw&skuId=6132190947250
1011734857900,（现货秒发）城子自主Fog5th汽车展会限定 反缝线设计 高街,48.88,¥,,tb885337329105,城子Make,,100+人付款,广东 中山,"退货宝, 48小时内发",面料:棉质面料 | 版型分类:宽松型 | 领型设计:圆领 | 是否连帽:否 | 适用性别:男,https://g-search3.alicdn.com/img/bao/uploaded/i4/i4/2217401975162/O1CN01RqnBpL1o0FblfJf07~livephoto~_!!2217401975162.heic,//item.taobao.com/item.htm?id=1011734857900&ns=1&abbucket=10&xxc=taobaoSearch&mi_id=0000Nb2hosLyReFveW5ejqQKJKOg5IQMH6aG2WrzOOuI1TE&skuId=6178471831331
1013699937630,短袖T恤男款2026新款夏季美式高街重磅青少年宽松版潮牌男生半袖,138,¥,券后价,tb613510584730,MFDF潮牌男装,,100+人付款,广东 揭阳,"超级立减10%, 淘金币已抵0.87元, 退货宝, 48小时内发, 包邮",材质成分:棉100% | 版型分类:宽松型 | 适用体型:通用型 | 面料:纯棉 | 图案:字母 | 适用性别:男女通用 | 适用人群:情侣,https://g-search2.alicdn.com/img/bao/uploaded/i4/i2/2219288433443/O1CN017oVC2g1bIwlx92lCf_!!2219288433443.jpg,//item.taobao.com/item.htm?id=1013699937630&ns=1&abbucket=10&xxc=taobaoSearch&mi_id=00001WA7U6LJdadR_9Lx20uokvIQuZ4ILp7LegbwiN2sPwQ&skuId=6182328539722
611056071387,kaws现代潮流美金装饰画海贼龙珠火影客厅卧室动漫off潮牌玄关画,49,¥,,吉祥映画工作室,科盛装饰,7年老店,0人付款,浙江 绍兴,"店铺满50减10, 上门安装, 极有家, 包邮",画芯材质:油画布 | 图案主题:卡通动漫 | 适用空间:客厅 | 风格匹配:现代简约 | 装裱方式:有框,https://g-search2.alicdn.com/img/bao/uploaded/i4/i3/4142836450/O1CN01aPOwjb1xW9kGaPKIY_!!4611686018427382498-0-item_pic.jpg,//item.taobao.com/item.htm?id=611056071387&ns=1&abbucket=10&xxc=taobaoSearch&mi_id=0000I_z7o6jyID6dFveGP9LyPMVpZ7wIQ6oRUYeuxYojtXE&skuId=4469258431014
895118395602,Balcanirge官方巴黎短袖男款夏季新款圆领t恤女美式潮牌oversize,218,¥,,balcanirge旗舰店,BALCANIRGE旗舰店,,300+人付款,福建 泉州,"新品, 退货宝, 48小时内发, 包邮",材质成分:棉100% | 版型分类:宽松型 | 面料:棉,https://g-search3.alicdn.com/img/bao/uploaded/i4/i1/2216356572204/O1CN01g224x21S9Ty6ZFCce_!!4611686018427382828-0-item_pic.jpg,//detail.tmall.com/item.htm?id=895118395602&ns=1&abbucket=10&xxc=taobaoSearch&mi_id=0000MDYo2kuvcZMlTH3N1N4tS0buaB_ahXxv35CRdrQK9Q8&skuId=5746212788257
820982955782,日系潮牌设计感3d可爱小熊重磅260g长袖嘻哈宽松oversize加绒卫衣,69.8,¥,券后价,vip权志龙死忠粉,TINY STUDIO,6年老店,32人付款,广东 揭阳,"官方立减12%, 48小时内发, 包邮",版型分类:标准 | 适用人群:青少年,https://g-search3.alicdn.com/img/bao/uploaded/i4/i4/2932356390/O1CN01lJEy6w1x4fpyID61S_!!2932356390.png,//item.taobao.com/item.htm?id=820982955782&ns=1&abbucket=10&xxc=taobaoSearch&mi_id=00000lHg5JVCH8iE2J-egw1KkessGh2-tzBPavTl2V732jM&skuId=5699442559514
966415643323,美式vintage米奇朋克潮牌秋冬水洗做旧复古印花圆领T恤男女长袖,238,¥,券后价,tb8745874711,SALVATION灵魂救赎,,8人付款,广东 广州,"退货宝, 48小时内发, 包邮",材质成分:棉100.0% | 版型分类:宽松型 | 面料:纯棉 | 图案:米老鼠 | 适用性别:男女通用 | 适用人群:青少年,https://g-search3.alicdn.com/img/bao/uploaded/i4/i2/2216254264219/O1CN01IDu0XF1h2M74fyXkH_!!2216254264219.jpg,//item.taobao.com/item.htm?id=966415643323&ns=1&abbucket=10&xxc=taobaoSearch&mi_id=0000jJhrl0xi54VnakJXVyKi73saaNpsmFfvWWLEQ2VzLWk&skuId=5993852276519
968695911271,王嘉尔同款黑色t恤潮牌纯棉短袖男生夏季新款高街字母宽松上衣服,139,¥,券后价,伊莎美尔秀场,HANDIAN潮牌,,41人付款,广东 中山,"官方立减12%, 淘金币已抵2.04元, 退货宝, 48小时内发, 包邮",材质成分:棉100% | 版型分类:宽松型 | 面料:棉 | 适用人群:青少年,https://g-search2.alicdn.com/img/bao/uploaded/i4/i3/1627923494/O1CN01EjT4Vw1bgIuSzUAXC_!!1627923494.jpg,//item.taobao.com/item.htm?id=968695911271&ns=1&abbucket=10&xxc=taobaoSearch&mi_id=0000Gy0Szggtg3cGHAxjDbRXCC1Ka2ZeDv6Qo8CqR24GCP4&skuId=5969983870496
1010351852532,会说话的汤姆猫鞋子男白黑DUNK板鞋情侣款春秋涂鸦潮牌休闲运动鞋,159,¥,券后价,talkingtom汤姆猫企业店,会说话的汤姆猫鞋类企业店,,9人付款,福建 泉州,"超级立减50元, 退货宝, ifashion, 48小时内发, 包邮",风格:休闲 | 鞋面材质:合成革 | 款式:板鞋 | 鞋头款式:圆头 | 季节:春秋 | 品牌:TALKING TOM/汤姆猫 | 功能:增高 | 适用对象:青年,https://g-search2.alicdn.com/img/bao/uploaded/i4/i3/2216720845106/O1CN01yFKJP31nabPGdrVfq_!!2216720845106.jpg,//item.taobao.com/item.htm?id=1010351852532&ns=1&abbucket=10&xxc=taobaoSearch&mi_id=0000i49CydCNMt9g3JsEjW5OHH59aZfOii3oAc243zxqj_4&skuId=6173959102899
1014928831491,美式风字母印花长袖T恤男2026新款爆款黑色百搭潮牌高级感上衣潮,53,¥,首单价,林蓓旗舰店,林蓓旗舰店,,6人付款,广东 广州,"官方立减12%, 直降3元, 退货宝, 包邮",材质成分:棉100.0% | 版型分类:宽松型 | 适用体型:苹果型 | 面料:纯棉 | 图案:字母 | 适用性别:男士,https://g-search2.alicdn.com/img/bao/uploaded/i4/i3/2218518796655/O1CN01A1sAG31z22wBjlq8y_!!4611686018427386223-0-item_pic.jpg,//detail.tmall.com/item.htm?id=1014928831491&ns=1&abbucket=10&xxc=taobaoSearch&mi_id=0000-VUec5Z8Hm6OyjnWZBx523EZffdRKy0UHv9KmqBlioE&skuId=6022555564332
964547444884,新款labubu卡通手办实心拉布布可爱迷你公仔电动车车载小摆件摆件,12.6,¥,券后价,a丶安心,酣睡小熊妙妙屋,,11人付款,广东 佛山,"淘金币已抵0.06元, 包邮, 公益宝贝",,https://g-search1.alicdn.com/img/bao/uploaded/i4/i2/2200555745852/O1CN01XRlbeC1t6GskhKNai_!!2200555745852.png,//item.taobao.com/item.htm?id=964547444884&ns=1&abbucket=10&xxc=taobaoSearch&mi_id=00006GJVXlGEBC9nx1Jwk5fewUD1c8j2K_gOPof3vcFONrk&skuId=6138802266867
948137739725,美式潮牌100%纯棉重磅复古短袖T恤男夏新款字母小众宽松情侣上衣,29.6,¥,券后价,成都小强嘟嘟,KS潮牌男装服饰,,900+人付款,广东 揭阳,"官方立减12%, 退货宝, 48小时内发, 包邮",版型分类:宽松型 | 面料:纯棉 | 适用人群:青少年,https://g-search2.alicdn.com/img/bao/uploaded/i4/i4/590630090/O1CN01T0BDr01CXGiUCxHW0_!!590630090.png,//item.taobao.com/item.htm?id=948137739725&ns=1&abbucket=10&xxc=taobaoSearch&mi_id=0000TCuA2XSwwNg0E4kA06nWiyvaC3TVXpd89H_4BhQZFdU&skuId=5862192661056
967835766926,泼妇in car磁吸车贴反光暴躁凯蒂猫女司机个性搞笑文字车尾装饰贴,12.8,¥,券后价,tb085207297,叮叮当优品,,1000+人付款,广东 东莞,"退货宝, 48小时内发, 包邮",贴膜类型:磁性贴 | 材质:贴纸 | 服务内容:支持订制 | 图案:卡通动漫 | 定制类型:支持定制 | 单张贴纸宽度:10cm | 单张贴纸长度:20cm | 适用场景:城市道路 | 功能:反光,https://g-search1.alicdn.com/img/bao/uploaded/i4/i1/2210917884136/O1CN011LBFpv1gQLCE0s6SL_!!2210917884136.jpg,//item.taobao.com/item.htm?id=967835766926&ns=1&abbucket=10&xxc=taobaoSearch&mi_id=0000ZL50jX3CGVpWVvreoRRilQSs4UT_tbLQgpAGRJZ8Lc4&skuId=6022840723855
,,,,,,,,,,,,,
937729798238,2025夏季新款雪纳瑞十字榻榻米轻奢短袖男女宽松重磅纯棉情侣上衣,70,¥,券后价,tb9697187010,KK高街潮牌,,75人付款,广东 揭阳,"退货宝, 包邮",版型分类:宽松型 | 适用体型:通用型 | 面料:棉 | 图案:卡通动漫 | 适用性别:男女通用 | 适用人群:青年,"https://g-search2.alicdn.com/img/bao/uploaded/i4/i2/2219668580768/O1CN01MNunF51HXnF2txyZR~crop,0,112,750,750~_!!2219668580768.jpg",//item.taobao.com/item.htm?id=937729798238&ns=1&abbucket=10&xxc=taobaoSearch&mi_id=0000yxGQK788OmrxVrodvy9bFD-9m5eGd1KWcD4Z_LJZ7cI&skuId=5998402910482
1011826190768,2026夏季新款苹果印花短袖T恤男女宽松重磅纯棉上衣潮流爆款高街,118,¥,券后价,pvkn旗舰店,pvkn旗舰店,,9人付款,福建 泉州,"官方立减12%, 退货宝, 包邮",材质成分:棉95.0% | 版型分类:宽松型 | 面料:纯棉 | 适用性别:男女通用,https://g-search3.alicdn.com/img/bao/uploaded/i4/i3/2212215657262/O1CN01jrbzV723W3LYv5LNL_!!4611686018427384622-0-item_pic.jpg,//detail.tmall.com/item.htm?id=1011826190768&ns=1&abbucket=10&xxc=taobaoSearch&mi_id=00006sxObtfxgy6ZoYJBG9aJL4YiyIo5F1lpYBdNmkWt_pA&skuId=6179639698781
926065513393,潮牌kaws芝麻街可爱卡通汽车贴纸个性创意防水车尾车窗贴画,6.9,¥,券后价,islandspeed湾岛极速旗舰店,IslandSpeed湾岛极速旗舰店,,3人付款,浙江 温州,"官方立减12%, 淘金币已抵0.2元, 包邮",贴膜类型:全车贴 | 材质:贴纸 | 服务内容:支持订制 | 图案:卡通动漫 | 定制类型:支持定制 | 品牌:Island Speed/湾岛极速 | 功能:装饰,https://g-search3.alicdn.com/img/bao/uploaded/i4/i3/2219218522127/O1CN01NHAhm51RaDTneUzON_!!4611686018427383823-0-item_pic.jpg,//detail.tmall.com/item.htm?id=926065513393&ns=1&abbucket=10&xxc=taobaoSearch&mi_id=0000mICbVVQN5wnpSmhYcS4-G-hflnNjI9OrZccCNZGicRE&skuId=5939196587081
960528051811,专柜新款 Ostravar Tiger潮牌夏美式字母印花宽松纯棉短袖男女t恤,243,¥,券后价,ostravartiger旗舰店,Ostravar Tiger旗舰店,,30人付款,福建 泉州,"官方立减12%, 包邮",材质成分:棉100% | 版型分类:宽松型 | 适用体型:通用型 | 面料:纯棉 | 图案:字母 | 适用性别:男女通用 | 适用人群:情侣,https://g-search3.alicdn.com/img/bao/uploaded/i4/i3/2219861914031/O1CN01TXmBEo1feFcrrJhbH_!!4611686018427384239-0-item_pic.jpg,//detail.tmall.com/item.htm?id=960528051811&ns=1&abbucket=10&xxc=taobaoSearch&mi_id=0000wpy55hYR1OB3m4F8Jrxm7GDfmSOrGdKFAtUqxo8qiZU&skuId=6079971858889
642085292942,kaws公仔潮牌三联挂画轻奢高档客厅装饰画现代简约沙发背景墙壁画,316,¥,,素绘阁装饰画,素绘阁装饰画工厂,5年老店,0人付款,浙江 金华,"店铺满280减30, 退货宝, 上门安装, 包邮",画芯材质:油画布 | 图案主题:卡通动漫 | 适用空间:客厅 | 风格匹配:北欧风 | 装裱方式:有框,https://g-search1.alicdn.com/img/bao/uploaded/i4/i4/2207993581234/O1CN01s4DBte1KzDjagJGYy_!!0-item_pic.jpg,//item.taobao.com/item.htm?id=642085292942&ns=1&abbucket=10&xxc=taobaoSearch&mi_id=00008_ZJHlGDuKfpkHf3986qGA8D4mGiwcstTCTxPmJLwAM&skuId=4792638034927
971391426472,异瞳猫眼老爹鞋男女2026新款厚底内增高运动休闲鞋子潮牌高级感,298,¥,券后价,h8旗舰店,h8旗舰店,回头客9万,1000+人付款,浙江 温州,"超级立减10%, 包邮",款式:运动休闲鞋 | 风格:休闲风 | 适用性别:男女通用 | 品牌:H8 | 适用场景:运动,https://g-search1.alicdn.com/img/bao/uploaded/i4/i1/1676193080/O1CN01hSl8TZ1YcgyCiqyWQ_!!4611686018427383096-0-item_pic.jpg,//detail.tmall.com/item.htm?id=971391426472&ns=1&abbucket=10&xxc=taobaoSearch&mi_id=00002HVFe9dsBBTTJyi54OzFvp-eqmXHViOO13-KNn_dO0g&skuId=5983980841504
857947863501,kaws入户玄关装饰画现代简约走廊过道挂画潮牌创意暴力熊积木壁画,118,¥,券后价,字字情旗舰店,字字情旗舰店,5年老店,5人付款,河南 商丘,"店铺满50减5, 淘金币已抵2.3元, 退货宝, 上门安装, 破损包退, 包邮",图案主题:卡通动漫 | 适用空间:玄关 | 风格匹配:现代简约 | 装裱方式:有框 | 画芯材质:布纹膜,https://g-search2.alicdn.com/img/bao/uploaded/i4/i3/2208020193806/O1CN01yAT75W1dzCROo6lkV_!!4611686018427380238-0-item_pic.jpg,//detail.tmall.com/item.htm?id=857947863501&ns=1&abbucket=10&xxc=taobaoSearch&mi_id=0000Grlh5HO3gQV0ns_ynQHN5KfMNvhwvEmWoCHJAB1Fh8o&skuId=5837799687004
963550226986,可爱草地牛毛绒玩偶抽象表情包公仔挂件抽象牛牛靠垫抱枕生日礼物,9.9,¥,券后价,孤独地小怪兽,一颗仙桃桃,9年老店,1000+人付款,江苏 扬州,"官方立减12%, 退货宝, 包邮",材质:PP棉 | 玩具类型:睡觉抱枕 | 适用年龄:通用 | 品牌:润灿,"https://g-search2.alicdn.com/img/bao/uploaded/i4/i3/2208891741/O1CN01bKmM1t1OjQexeYx0l~crop,216,0,1276,1276~_!!2208891741.jpg",//item.taobao.com/item.htm?id=963550226986&ns=1&abbucket=10&xxc=taobaoSearch&mi_id=0000hA46wpfWFB4RUi9YcFYV2OuLI49r64IIcmSZ0rm177k&skuId=5986024204232
964503486846,kaws暴力f熊客厅装饰画横版高级感灯画现代简约轻奢沙发背景墙挂,153.5,¥,,tb043334725811,tb043334725811,,0人付款,广东 深圳,包邮,适用空间:客厅 | 装裱方式:有框,https://g-search3.alicdn.com/img/bao/uploaded/i4/i4/2218744992238/O1CN01Nn8XIK1yV4FJELEBW_!!0-item_pic.jpg,//item.taobao.com/item.htm?id=964503486846&ns=1&abbucket=10&xxc=taobaoSearch&mi_id=00001moJlh_LMQfBu31Ft0B4ZzENeoN33h0Ak3OcDvFrozk&skuId=6197131943652
1019649379890,新款kaws入户玄关装饰画客厅走廊过道暴力熊led灯画挂画轻奢壁画,262.4,¥,,tbb56867362,叶廉商贸,,0人付款,浙江 宁波,,画芯材质:油画布 | 装裱方式:有框 | 材质:铝合金,https://g-search2.alicdn.com/img/bao/uploaded/i4/i3/2221655051481/O1CN015pnhJK1MoLhDH9Rt9_!!2221655051481-0-scmitem176000.jpg,//item.taobao.com/item.htm?id=1019649379890&ns=1&abbucket=10&xxc=taobaoSearch&mi_id=0000qr9E8ti8W93Qyqe_fVic6-R5nELgJkmOQRfwDUwV-e4&skuId=6197174835475
1021948760917,定制卡通雕塑kaws商场美陈网红打卡企业IP公仔暴力熊玻璃钢摆件,464,¥,,tb82378955170,tbtbDf5MwNE的小店,,0人付款,浙江 杭州,包邮,,https://g-search3.alicdn.com/img/bao/uploaded/i4/i4/2217191033691/O1CN01yG6qvT1d8X09IdR7R_!!2217191033691.jpg,//item.taobao.com/item.htm?id=1021948760917&ns=1&abbucket=10&xxc=taobaoSearch&mi_id=00008QayqmPtTFCCWjEPbwAsbvGZ8fMw74OsR6R2cterFVE&skuId=6032220205704
1019491630096,可爱汽车枕头护颈枕一对芝麻街记忆棉腰靠kaws卡通靠枕靠垫套装,88,¥,,tbm9862220160,金力百货官营店,,0人付款,河南 郑州,"店铺满100减10, 包邮",材质:合成纤维 | 适用季节:四季通用 | 填充物:合成纤维,https://g-search2.alicdn.com/img/bao/uploaded/i4/i1/2218221486553/O1CN01MBn9LU1yHKXbcDnr4_!!2218221486553-0-scmitem176000.jpg,//item.taobao.com/item.htm?id=1019491630096&ns=1&abbucket=10&xxc=taobaoSearch&mi_id=0000hsUNms9FCQx1IV2zNUfxG7uqn1ulV4L084H0AlTfa4M&skuId=6030875909585
781731317561,Death NYC签名限量版画芝麻街kaws装饰画太阳花潮流挂画,1299,¥,券后价,三为家居旗舰店,三为家居旗舰店,5年老店,0人付款,北京,"官方立减12%, 店铺满1288减50, 淘金币已抵12.99元, 退货宝, 包邮",,https://gw.alicdn.com/imgextra/O1CN01W8Q71Z1dxMxpDks3y_!!2209070983802-0-picasso.jpg,//detail.tmall.com/item.htm?id=781731317561&ns=1&abbucket=10&xxc=taobaoSearch&mi_id=0000LrVw54IdkApQJn2dKRFTD5z8f9u1uTaE03Sv2QDCHhU&skuId=5510443275074
934484663293,网红台球厅装饰画kaws桌球室墙面装饰用品摆件斯诺克俱乐部背景墙,90,¥,券后价,tb633687811296,tb633687811296,,0人付款,湖北 荆门,"店铺满100减5, 淘金币已抵0.9元, 包邮",,https://g-search3.alicdn.com/img/bao/uploaded/i4/i2/121109967/O1CN01ZKp0eP2NUwcLFq01l_!!4611686018427387343-0-item_pic.jpg,//item.taobao.com/item.htm?id=934484663293&ns=1&abbucket=10&xxc=taobaoSearch&mi_id=0000hNIWoKmgAh_zEkPFEtiJ4XIOhlpRgPgHVPotUwvFVoc&skuId=5826810825307
1020186708703,KAWS:什么派对,314.4,¥,券后价,当科图书音像专营店,当科图书音像专营店,回头客6万,0人付款,北京,"官方立减12%, 店铺满199减12",正：副书名:KAWS:什么派对 | 出版社名称:湖南美术出版社 | 定价:398.00元 | ISBN编号:9787574607286,https://g-search3.alicdn.com/img/bao/uploaded/i4/i2/2208191633869/O1CN01edXB541eS3V3187Y4_!!4611686018427386317-0-item_pic.jpg,//detail.tmall.com/item.htm?id=1020186708703&ns=1&abbucket=10&xxc=taobaoSearch&mi_id=0000f-OZW13Mk_uzfgBoeSyOyrS2RRh07vPiOmnZWE6mEb0&skuId=6193818878793
982659394318,潮牌kaws客厅装饰画 画轻奢高级感三联画 画网红款暴力熊沙发背景,151.8,¥,券后价,海鲜壹号旗舰店,海鲜壹号旗舰店,,0人付款,河南 郑州,"官方立减12%, 退货宝, 包邮",图案主题:卡通动漫 | 适用空间:客厅,https://g-search3.alicdn.com/img/bao/uploaded/i4/i2/2656177291/O1CN01sqzpOT23jKcAVtrkS_!!0-item_pic.jpg,//detail.tmall.com/item.htm?id=982659394318&ns=1&abbucket=10&xxc=taobaoSearch&mi_id=0000B8gG8dU5A7TgUKqq1qKp9yyDZ2909cxJ7be9exG4CMk&skuId=6110021979464
920411168848,暴力熊KAWS公仔装饰画现代时尚B潮流客厅卧室衣帽间玄关背景墙挂,479.2,¥,,塔娜工厂店04,塔娜工厂店04,,0人付款,广东 深圳,包邮,画芯材质:油画布 | 装裱方式:有框,https://g-search3.alicdn.com/img/bao/uploaded/i4/i2/2220361513467/O1CN01IeCvf11v2j2YD0tSU_!!4611686018427385523-0-item_pic.jpg,//item.taobao.com/item.htm?id=920411168848&ns=1&abbucket=10&xxc=taobaoSearch&mi_id=0000uFzF54BalI1q1IuoZjJ798idac08yoqHnzU-NhqP0DI&skuId=6197005323560
899624626116,潮牌kaws暴力熊3D变图适用三星s24ultra手机壳s25plus新款s23ultra个性s22ultra男女情侣s24+超火欧美保护套,28.8,¥,券后价,陈双双918,潮创壳壳,9年老店,0人付款,广东 深圳,"官方立减12%, 淘金币已抵0.86元, 新品, 包邮, 公益宝贝",保护套质地:亚克力 | 适用手机型号:三星Galaxy S25 Plus | 风格:萌系 | 适用手机机型:Apple/苹果 | 品牌:kaws | 是否使用环保材质:无环保材料,https://g-search2.alicdn.com/img/bao/uploaded/i4/i1/1094617425/O1CN01MYLJVu24ihpWU01qz_!!1094617425.jpg,//item.taobao.com/item.htm?id=899624626116&ns=1&abbucket=10&xxc=taobaoSearch&mi_id=0000d8UemhYXOuH-gk7BQan0hvYpbcibaBUASJ4nNaRPznU&skuId=5756481441723
963986612732,kaws轻奢客厅装饰画简约高级感三联壁画暴力熊潮牌沙发背景墙挂画,218,¥,券后价,定岁旗舰店,定岁旗舰店,,0人付款,河南 郑州,"官方立减12%, 退货宝, 包邮",适用空间:客厅 | 风格匹配:现代简约 | 装裱方式:有框,https://g-search3.alicdn.com/img/bao/uploaded/i4/i1/2208113452911/O1CN01GSCDTD1XNHpjgp2OZ_!!0-item_pic.jpg,//detail.tmall.com/item.htm?id=963986612732&ns=1&abbucket=10&xxc=taobaoSearch&mi_id=0000D2xbvICVaiCUJZp23BUsVHxdJDX4ZLcjxwUwXKTfN5M&skuId=6030172888463
1019725500485,kaws潮牌客厅装饰画现代简约沙发背景暴力熊汽车卧室两联墙壁挂画,116,¥,,灭亦弗也商城,灭亦弗也商城,,0人付款,浙江 杭州,包邮,画芯材质:烤瓷晶瓷 | 适用空间:客厅,https://g-search2.alicdn.com/img/bao/uploaded/i4/i1/2220033011136/O1CN01GDJPV92NJUk80MxF8_!!4611686018427383206-0-item_pic.jpg,//item.taobao.com/item.htm?id=1019725500485&ns=1&abbucket=10&xxc=taobaoSearch&mi_id=0000AxRzwZZNr95Wk5iwMnF0DjZ7NXLgH_nUNA1WDxQVSz4&skuId=6031280653506
1017689670442,kaws装饰画客厅卧室潮牌服装店网红店挂画芝麻街潮流集装箱壁画,104,¥,,追宇旗舰店,追宇旗舰店,,0人付款,浙江 金华,"上门安装, 包邮",画芯材质:油画布 | 装裱方式:有框,https://g-search2.alicdn.com/img/bao/uploaded/i4/i4/2218523417602/O1CN01SOckFO261m0ra7MQW_!!4611686018427386882-0-item_pic.jpg,//detail.tmall.com/item.htm?id=1017689670442&ns=1&abbucket=10&xxc=taobaoSearch&mi_id=0000gYrGaH3ZPgzlosXXRcE7CCuwu7AH_Ko-u7E8CoW0lhY&skuId=6026705456886
1018698986332,kaws考斯汽车摆件可爱公仔中控台车载内装饰香薰创意高档女男大G,65.6,¥,,37号酷生活日用商行,37号酷小店7,,0人付款,河南 郑州,包邮,,https://g-search3.alicdn.com/img/bao/uploaded/i4/i4/2221388216606/O1CN01kl212Y1yfbX3LoXhJ_!!2221388216606.jpg,//item.taobao.com/item.htm?id=1018698986332&ns=1&abbucket=10&xxc=taobaoSearch&mi_id=0000Shu3WELLVaC92KkOZRslxflUQV3Z54Ev3zbabkEzh_8&skuId=6029690517118
,,,,,,,,,,,,,
957530703312,kaws芝麻街公仔客厅电视柜装饰品轻奢乔迁新居礼物大型落地摆件,309.6,¥,,嘉迪纳新,嘉迪纳新,,0人付款,北京,包邮,新奇特:新鲜出炉 | 是否现货:订做,https://g-search1.alicdn.com/img/bao/uploaded/i4/i2/2219987661685/O1CN01w0vz7P1OJmRqy2pxV_!!2219987661685.jpg,//item.taobao.com/item.htm?id=957530703312&ns=1&abbucket=10&xxc=taobaoSearch&mi_id=0000ls-yTPP-grXXDMe2FbXBMXl1GTvjf-0bIjiJdSEjo1U&skuId=6053439159821
922199920120,现代简约暴力熊kaws客厅装饰画沙发背景墙卧室潮牌乐高网红挂壁画,124.16,¥,,桃钟优选003,桃钟优选003的小店3,,0人付款,广东 深圳,包邮,画芯材质:油画布 | 图案主题:卡通动漫 | 适用空间:客厅 | 风格匹配:现代简约 | 装裱方式:有框,https://g-search2.alicdn.com/img/bao/uploaded/i4/i3/2221056856300/O1CN01VP3gWt1wPSKlwsnVZ_!!2221056856300.jpg,//item.taobao.com/item.htm?id=922199920120&ns=1&abbucket=10&xxc=taobaoSearch&mi_id=0000ZBlvze3kqVSgH5KVx6C5mXnSFnMawQXXOiCbhjToPpE&skuId=6026974564715
901245651325,轻奢大幅巨幅落地画kaws挂画现代简约装饰画玄关竖版过道入户走廊,114.96,¥,券后价,徐徐来风2020,徐徐来风工厂店,5年老店,0人付款,广东 韶关,"店铺满100减5, 淘金币已抵1.14元, 包邮",画芯材质:油画布 | 适用空间:玄关 | 装裱方式:有框,https://g-search3.alicdn.com/img/bao/uploaded/i4/i2/121109967/O1CN01PEs5aC2NUwcCtzRvU_!!4611686018427387343-0-item_pic.jpg,//item.taobao.com/item.htm?id=901245651325&ns=1&abbucket=10&xxc=taobaoSearch&mi_id=0000kB-SNJt-z7Zv1f2ho1pMqaKGRzQVqV5y2aRAK5ACRJA&skuId=5926377195960
965865265665,Death NYC签名限量版画芝麻街Kaws潮流装饰画客厅玄关入户门挂画,799,¥,券后价,三为家居旗舰店,三为家居旗舰店,5年老店,0人付款,北京,"官方立减12%, 店铺满688减20, 淘金币已抵7.99元, 退货宝, 包邮",,https://gw.alicdn.com/imgextra/O1CN01GZcPdZ1dxMxofxFGf_!!2209070983802-0-picasso.jpg,//detail.tmall.com/item.htm?id=965865265665&ns=1&abbucket=10&xxc=taobaoSearch&mi_id=00008B3smNXHYNMQd0-iCa72p3LkstffCzEj_nDqFckbMEk&skuId=6167515075291
965346252772,新款伦敦kaws站姿捂脸潮玩创意潮流酒吧网红公仔手办玩偶玩具摆件,137.5,¥,券后价,泰然小星,行星计划,5年老店,1人付款,浙江 金华,"淘金币已抵3.75元, 包邮, 公益宝贝",出售状态:代购 | ACG作品名:K | 款式特点:静态,https://g-search2.alicdn.com/img/bao/uploaded/i4/i3/2207486717378/O1CN01ZvOUaF24NB5R5XWKD_!!2207486717378.jpg,//item.taobao.com/item.htm?id=965346252772&ns=1&abbucket=10&xxc=taobaoSearch&mi_id=0000rc1Kdq0AQdKUUS1mUBaPxheOgggSFaMjo2hT8kxq3MY&skuId=5426853266942
1018484570243,时尚卡通KAWS全棉四件套1.8mA床双人被套床单床笠芝麻街三件套40,258.4,¥,,哲冉工厂店03,哲冉工厂店03,,0人付款,浙江 杭州,包邮,件数:6件 | 被里材质:67%莱赛尔+33%棉,https://g-search3.alicdn.com/img/bao/uploaded/i4/i2/2218017905029/O1CN01x5Ga771v2j2xWuRn7_!!4611686018427385523-0-item_pic.jpg,//item.taobao.com/item.htm?id=1018484570243&ns=1&abbucket=10&xxc=taobaoSearch&mi_id=0000mjtkKD1QvUCHUVkK0kOJDoru6yx9AyRYW2YaY4BSEOA&skuId=6028312100038
923917897617,装饰画过道挂画潮流画灯客厅瓷画led批发星球kaws玄关晶入户发光,534.1,¥,券后价,木土木易苒,哆啦a梦的梦之屋,8年老店,0人付款,广东 韶关,"店铺满299减8, 包邮",画芯材质:油画布 | 适用空间:客厅 | 风格匹配:现代简约 | 装裱方式:无框,https://g-search3.alicdn.com/img/bao/uploaded/i4/i3/O1CN01Qn06B81vkh1deS4dE_!!4611686018427386739-0-item_pic.jpg,//item.taobao.com/item.htm?id=923917897617&ns=1&abbucket=10&xxc=taobaoSearch&mi_id=00002uTh_KkT-NLgOlZBVj-R-h-befEw_yIstL63UT1NLpQ&skuId=5995086507814
960109181741,星际熊公仔大摆件kaws芝麻街卡通潮牌酒吧咖啡网红店装饰暴力熊,569,¥,券后价,tb725477956,星际熊品牌店,5年老店,0人付款,广东 深圳,"淘金币已抵17.07元, 包邮",主体材质:卡通 | 表面工艺:半手工,https://gw.alicdn.com/imgextra/O1CN01ps7CT11uVI7Ruj302_!!2207480896042-0-picasso.jpg,//item.taobao.com/item.htm?id=960109181741&ns=1&abbucket=10&xxc=taobaoSearch&mi_id=000091p3B6fdNDHUU7iGwXeCn7BeyOml02LuY1UkBB-7_60&skuId=4513358036707
1020109774871,潮流公仔考斯KAWS汽车摆件卡通摇头公仔车内创意潮人蛋糕装饰用品,28.8,¥,券后价,99生活店1,99生活店1的小店3,,0人付款,广东 广州,"官方立减12%, 淘金币已抵0.86元, 退货宝, 包邮",,https://g-search3.alicdn.com/img/bao/uploaded/i4/i1/2221354313613/O1CN017BO7ac1cYo6lNkLPm_!!2221354313613-0-scmitem176000.jpg,//item.taobao.com/item.htm?id=1020109774871&ns=1&abbucket=10&xxc=taobaoSearch&mi_id=0000ZLQqXH4aLYqej4cQKIBS18f4KWbYnuvO5SSKNicWgso&skuId=6196234666203
972346330130,LV&GEDETE 手工潮牌kaws公仔挂件老花汽车钥匙扣挂件法斗包包挂饰,139.6,¥,券后价,荣誉贸易店,u[4243813887],7年老店,1人付款,广东 广州,"淘金币已抵4.18元, 包邮, 公益宝贝",,https://g-search1.alicdn.com/img/bao/uploaded/i4/i1/4243813887/O1CN01G617P61eaIE24ajHP_!!4243813887.jpg,//item.taobao.com/item.htm?id=972346330130&ns=1&abbucket=10&xxc=taobaoSearch&mi_id=0000t-lBCHlobnZNcREQDZoRd4S-ntcpg0PtfQRpF9CanPY&skuId=4935239850569
1019470711806,新款kaws入户玄关装饰画客厅走廊过道暴力熊led灯画挂画轻奢壁画,82,¥,,鹰轮商贸,鹰轮商贸,,0人付款,江苏 南通,包邮,画芯材质:油画布 | 图案主题:动物 | 装裱方式:有框,https://g-search1.alicdn.com/img/bao/uploaded/i4/i1/2217564770767/O1CN01uvbaDG1HXKu9iucdC_!!2217564770767-0-scmitem176000.jpg,//item.taobao.com/item.htm?id=1019470711806&ns=1&abbucket=10&xxc=taobaoSearch&mi_id=0000A0z5j9Sr3dljiAIcATHWjymfGVb1bo1Wo6gBEOA9P6k&skuId=6196799811423
1000417755209,现货 KAWS SESAME STREET BERT ERNIE 芝麻街 伯特 厄尼 搪胶公仔,3380,¥,,marylike_2009,潮流玩家Concepttoyshk,16年老店,1人付款,广东 珠海,,,https://g-search3.alicdn.com/img/bao/uploaded/i4/i3/245539431/O1CN01C8zDn92JXSPGVjguL_!!245539431.jpg,//item.taobao.com/item.htm?id=1000417755209&ns=1&abbucket=10&xxc=taobaoSearch&mi_id=00004cGBc8aGOFb4j0yPUtaOF0sr_AC9tdqcvYOr5GtiV7E&skuId=5990009873109
1019552851322,kaws挂画暴力熊摆画客厅装饰画潮流玄关卧室床头挂画现代简约壁画,62.4,¥,券后价,31号凯方工厂店,31号凯方工厂店的小店50,,0人付款,福建 三明,"官方立减12%, 退货宝, 包邮",画芯材质:油画布 | 装裱方式:有框 | 材质:铝合金,https://g-search3.alicdn.com/img/bao/uploaded/i4/i1/2221297017275/O1CN01gmCFVv23c0V8mt4WZ_!!2221297017275-0-scmitem176000.jpg,//item.taobao.com/item.htm?id=1019552851322&ns=1&abbucket=10&xxc=taobaoSearch&mi_id=0000ynpzAXsU8eZwJl7_HfzcA8vaU-9hN8h3asr3iiBsYs4&skuId=6032059893892
923550328608,暴力熊kaws客厅装饰画带灯轻奢公寓沙发背景墙挂画房间卧室床头壁,108.5,¥,券后价,tb491366374124,elvnaadpsy的小店,,0人付款,江苏 南通,"店铺满100减5, 退货宝, 包邮",适用空间:客厅 | 装裱方式:无框 | 画芯材质:水晶膜,https://g-search1.alicdn.com/img/bao/uploaded/i4/i3/2216831428411/O1CN016G1uQG2A72uzF7EAq_!!0-item_pic.jpg,//item.taobao.com/item.htm?id=923550328608&ns=1&abbucket=10&xxc=taobaoSearch&mi_id=0000lk0HbGct7Oybp45rbGOCmXOpfFpQfC7o-7j6lAAW670&skuId=6196465918078
894840308137,kaws大幅装饰画客厅沙发背景墙挂画捂脸公仔玄关卡通儿童房大壁画,108.6,¥,,荣廉1,荣廉1,,0人付款,浙江 金华,包邮,,https://g-search2.alicdn.com/img/bao/uploaded/i4/i1/O1CN01Gtk4Gl1UtrILTa4qL_!!4611686018427382672-0-item_pic.jpg,//item.taobao.com/item.htm?id=894840308137&ns=1&abbucket=10&xxc=taobaoSearch&mi_id=0000jJMJNorD2w3M3-8X4DOywlGCopgs7uR-lmpP7Yg5RtE&skuId=5911993807469
890148537657,Kaws暴力熊客厅装饰画数显电子钟表挂钟挂画O沙发背景墙面叠加壁,941.8,¥,,帆炕絮工厂店03,帆炕絮工厂店03,,0人付款,广东 深圳,包邮,,https://g-search3.alicdn.com/img/bao/uploaded/i4/i4/2219600953014/O1CN01ykUIn41P7FFHBcA8o_!!4611686018427381793-0-item_pic.jpg,//item.taobao.com/item.htm?id=890148537657&ns=1&abbucket=10&xxc=taobaoSearch&mi_id=0000DYVbxWPxfPRFrsvMFctKvTGFVWSZN5RhMJEXFkThbEw&skuId=6196940319237
753447048374,kaws暴力熊雕塑大型落地摆件网红店公仔克莱因蓝客厅装饰门口户外,1281.88,¥,,zxc少鸿,磁悬浮科技店铺,,1人付款,广东 潮州,包邮,,https://g-search1.alicdn.com/img/bao/uploaded/i4/i1/2426019883/O1CN01aXSXAU2MsTDrm9HBm_!!2426019883.jpg,//item.taobao.com/item.htm?id=753447048374&ns=1&abbucket=10&xxc=taobaoSearch&mi_id=0000gzcp0rXx4vkImQRTAME8C7RtSQma3iOU-q42Zin4Ou4&skuId=5368481823932
964029924164,kaws潮牌客厅装饰画现代简约沙发背景墙挂画暴力熊联名公仔三联画,168,¥,券后价,辞悠鸿升专卖店,辞悠鸿升专卖店,,0人付款,河南 郑州,"官方立减12%, 退货宝, 包邮",图案主题:抽象 | 适用空间:客厅 | 风格匹配:现代简约 | 装裱方式:有框 | 材质:铝合金 | 画芯材质:布纹膜,https://g-search3.alicdn.com/img/bao/uploaded/i4/i1/2211371618526/O1CN01s91ceA2CqxlzG5JnE_!!0-item_pic.jpg,//detail.tmall.com/item.htm?id=964029924164&ns=1&abbucket=10&xxc=taobaoSearch&mi_id=0000RTCcwCvMY67EFDxqXFK-D6aHnxQ08e7e4Rve_aTdb3M&skuId=6028693232396
896213331137,芝麻街KAWS定制窗帘男生卧室飘窗网红暴力熊个性免打孔直播背景布,18,¥,,tb7633626053,心语布艺,,3人付款,河南 郑州,"店铺满50减3, 退货宝, 包邮",,https://g-search3.alicdn.com/img/bao/uploaded/i4/i4/2218967460091/O1CN01jorefo1CXj55sSYmK_!!2218967460091.jpg,//item.taobao.com/item.htm?id=896213331137&ns=1&abbucket=10&xxc=taobaoSearch&mi_id=0000nLNC9WCq73tGum_Uh0OQViWi3A8rBIAJeyzbq6kvh_E&skuId=5809159840975
937599129658,壁画潮流画挂画墙巧桌面kaws个性装饰画 2022背景画新款色客厅摆,94.1,¥,券后价,清风御柯,清风御柯,,0人付款,上海,"店铺满100减5, 淘金币已抵0.94元, 包邮",画芯材质:油画布 | 适用空间:客厅 | 风格匹配:现代简约 | 装裱方式:有框,https://g-search1.alicdn.com/img/bao/uploaded/i4/i2/O1CN014EsL3C2AxG82t5kJ7_!!4611686018427386381-0-item_pic.jpg,//item.taobao.com/item.htm?id=937599129658&ns=1&abbucket=10&xxc=taobaoSearch&mi_id=0000BLptsuu2oAoaVDdJ0cIqwf3qRVJW2IhUSNImtjxOCtQ&skuId=5996834102285
1021014620431,暴力熊轻奢壁画客厅挂画kaws潮牌沙发背景墙三联装饰画大气墙画,218,¥,券后价,定岁旗舰店,定岁旗舰店,,0人付款,河南 郑州,"官方立减12%, 退货宝, 包邮",图案主题:卡通动漫 | 适用空间:客厅 | 装裱方式:有框 | 画芯材质:布纹/水晶,https://g-search3.alicdn.com/img/bao/uploaded/i4/i4/2212391830591/O1CN014BV4RY1GEj1gix43u_!!0-item_pic.jpg,//detail.tmall.com/item.htm?id=1021014620431&ns=1&abbucket=10&xxc=taobaoSearch&mi_id=0000h5QJgsP6hBl6uOHaB3KlFQ9l2uLIVqoX-Ah0qJF83fY&skuId=6195123302760
1019530747638,潮流卡通玄关装饰画 画钟表挂钟客厅挂画 画LED发光灯画 画kaws艺,326,¥,券后价,tb741650851569,凌统百货官营店,,0人付款,福建 漳州,"店铺满200减20, 退货宝, 包邮",适用空间:玄关 | 装裱方式:有框,https://g-search3.alicdn.com/img/bao/uploaded/i4/i4/2212357653202/O1CN01zlqb6h1ZWZEuyKVGj_!!4611686018427380434-0-item_pic.jpg,//item.taobao.com/item.htm?id=1019530747638&ns=1&abbucket=10&xxc=taobaoSearch&mi_id=0000A8roYmCu7u2JUAY98uA0Ks_3sxWl6r4oWqgO8VTW-X4&skuId=6196938499966
1021069729708,暴力熊KAWS公仔装饰画现代时尚潮流客厅卧室衣帽间玄关背景墙挂画,462.2,¥,券后价,接砖设计馆,接砖设计馆,,0人付款,北京,"店铺满200减10, 退货宝, 包邮",画芯材质:油画布 | 装裱方式:有框,https://g-search2.alicdn.com/img/bao/uploaded/i4/i4/2220036338281/O1CN01YMX9lE1zxIQLJShtR_!!4611686018427385036-0-item_pic.jpg,//item.taobao.com/item.htm?id=1021069729708&ns=1&abbucket=10&xxc=taobaoSearch&mi_id=0000Tel0wE2ybMWP-YlX-pcEseg9LCKLqBlubnA_smwL3e8&skuId=6196399174932
816718878901,潮牌适用AirPods耳机壳kaws暴力熊苹果耳机保护套一体AirPods4创意airpodspro2耳机套二代无线皮质软壳四代男,38.8,¥,券后价,诺亚小帅,新北数码大亨,8年老店,2人付款,广东 深圳,"官方立减12%, 退货宝, 包邮",适用耳机品牌:苹果 | 材质:皮革 | 风格:商务 | 触感:软壳 | 流行元素:coulorful | 品牌:Apple/苹果,https://g-search3.alicdn.com/img/bao/uploaded/i4/i2/2446461992/O1CN013bWta51QaNw7pFzck_!!2446461992.jpg,//item.taobao.com/item.htm?id=816718878901&ns=1&abbucket=10&xxc=taobaoSearch&mi_id=0000jBEcqNPGwzS_ktJpz2Kq-cgoTpCWW0qh0mUDKDeQ4D8&skuId=5683796870485
974343762882,优选KAWS玄关装饰画现代简约卡通客厅背景落地壁画过道走廊墙卧室,36.3,¥,,雨璇设计馆3,雨璇设计馆3的小店19,,0人付款,浙江 金华,"退货宝, 包邮",图案主题:卡通动漫 | 适用空间:客厅/办公室/茶室/卧室/餐厅/玄关 | 风格匹配:现代简约,https://g-search3.alicdn.com/img/bao/uploaded/i4/i1/2217639448461/O1CN01CvPmKK2CNC6JDjqli_!!0-item_pic.jpg,//item.taobao.com/item.htm?id=974343762882&ns=1&abbucket=10&xxc=taobaoSearch&mi_id=0000O5-eJW3zCFassxLLydQOFukRSydsnL-0ZGQRfYr6j2Q&skuId=6030929464276
1020191466924,现代轻奢玄关装饰画led灯画kaws暴力熊客厅挂画竖版走Z廊过道壁画,271,¥,,棉易工厂店04,棉易工厂店04,,0人付款,广东 深圳,包邮,画芯材质:油画布 | 适用空间:玄关 | 装裱方式:有框,https://g-search2.alicdn.com/img/bao/uploaded/i4/i2/2218932419854/O1CN01GKS9sh1Iex16Cwu4C_!!4611686018427385431-0-item_pic.jpg,//item.taobao.com/item.htm?id=1020191466924&ns=1&abbucket=10&xxc=taobaoSearch&mi_id=0000sWdnSA5SyaNDQpgM5nGfA3YXIsZYpeLiDiAzoviKmRE&skuId=6196981671926
716550604434,创意米其林kaws网红暴力熊站立公仔玩偶商场客厅装饰大型落地摆件,11800,¥,,诚信淘520,海洋星工艺,,0人付款,福建 泉州,"退货宝, 包邮",表面工艺:纯手工 | 主体材质:卡通 | 摆放方式:落地,https://g-search2.alicdn.com/img/bao/uploaded/i4/i2/3288745703/O1CN01LPfqEV1s01bGxUelE_!!3288745703.jpg,//item.taobao.com/item.htm?id=716550604434&ns=1&abbucket=10&xxc=taobaoSearch&mi_id=0000W6rl7oVGH_oqsQXyxjPb3HMOHArNJcY1f8ks2BEx9cg&skuId=5179077919340
556870412488,Originalfake  kaws 超稀少合作款黄闪稻草 人偶T恤 全新,1280,¥,,demillidian,Enjoy潮,11年老店,0人付款,上海,,,https://g-search1.alicdn.com/img/bao/uploaded/i4/i4/94956892/O1CN01HekHXj20mahrOKHRe_!!94956892.jpg,//item.taobao.com/item.htm?id=556870412488&ns=1&abbucket=10&xxc=taobaoSearch&mi_id=0000vAUDgdQnn7v3NoBuYUi9FO8RbBszBoYHSbCrLyEBMNI&skuId=3614810258049
1019649063562,新款kaws入户玄关装饰画客厅走廊过道暴力熊led灯画挂画轻奢壁画,112.4,¥,,tbb56867363,水库商贸,,0人付款,广东 广州,包邮,画芯材质:油画布 | 装裱方式:有框 | 材质:铝合金,https://g-search3.alicdn.com/img/bao/uploaded/i4/i1/2221637993178/O1CN014oNSWK1ZLZotPk4zY_!!2221637993178-0-scmitem176000.jpg,//item.taobao.com/item.htm?id=1019649063562&ns=1&abbucket=10&xxc=taobaoSearch&mi_id=0000-L-J-Wc-N8QocQZ7hRnM7K67EVJntbwYWBl432PVMXY&skuId=6032237305120
1021356284331,KAWS潮牌暴力熊轻奢简约网红爆款卡通装饰画客厅入户走廊玄关挂画,108,¥,券后价,定岁旗舰店,定岁旗舰店,,0人付款,河南 郑州,"官方立减12%, 退货宝, 包邮",图案主题:卡通动漫 | 适用空间:客厅 | 装裱方式:有框 | 画芯材质:布纹/水晶,https://g-search3.alicdn.com/img/bao/uploaded/i4/i3/2212391830591/O1CN01Oc6kWe1GEj2gY1Fcz_!!0-item_pic.jpg,//detail.tmall.com/item.htm?id=1021356284331&ns=1&abbucket=10&xxc=taobaoSearch&mi_id=0000slysrA3217Gdg8BG8PElUUZCTY3hS0PJiSbczOblLMw&skuId=6030175200847
961519823846,kaws芝麻街网红竖版背景布ins挂布卧室装饰墙布宿舍床头简约挂毯,13.6,¥,券后价,思逸747,吸没吸够,,0人付款,广东 深圳,"官方立减12%, 包邮",图案:风景 | 材质:毛绒 | 风格:简约现代 | 挂毯售卖方式:成品 | 产地:中国大陆 | 挂毯清洗方式:可手洗,https://g-search3.alicdn.com/img/bao/uploaded/i4/i3/2217348652283/O1CN01gHSTOV1SjfIaJpJ1b_!!2217348652283.jpg,//item.taobao.com/item.htm?id=961519823846&ns=1&abbucket=10&xxc=taobaoSearch&mi_id=0000VRYdtR5BkbQ5tpBdf5VQZkAM15uG-QaMbFZUS89VQP4&skuId=5896724496776
991827826472,kaws芝麻街坐姿电视柜暴力熊大号摆件公仔雕塑家居装饰品客厅网红,620,¥,,宏秋英商贸店,宏秋英商贸店的小店54,,0人付款,北京,包邮,主体材质:树脂 | 表面工艺:半手工 | 摆放方式:落地,https://g-search3.alicdn.com/img/bao/uploaded/i4/i2/2095139546/O1CN01Uhj1o82KO7fTJFUdh_!!0-item_pic.jpg,//item.taobao.com/item.htm?id=991827826472&ns=1&abbucket=10&xxc=taobaoSearch&mi_id=0000RAZk2mLivtY2MKGRSYROpBEnTGJCf-Sczr7XeDrPtcs&skuId=6130840851661
643982361881,网红kaws雕塑摆件现代客厅酒店大堂装饰网红店门神暴力熊大型雕塑,4588,¥,券后价,宗文华665288739,JM艺术雕塑工厂店,7年老店,2人付款,广东 深圳,"店铺满1800减100, 退货宝, 包邮",表面工艺:纯手工 | 主体材质:卡通,https://g-search1.alicdn.com/img/bao/uploaded/i4/i1/2593248545/O1CN01jNh3pb2Czf7YupgW0_!!2593248545.jpg,//item.taobao.com/item.htm?id=643982361881&ns=1&abbucket=10&xxc=taobaoSearch&mi_id=0000-tiqhqTsPYRwiVeX4mZ7pKonMrN9xhD5Spue-VLHqEs&skuId=4812036607404
966570483563,mand kaws芝麻街毛绒布偶礼盒公仔玩具粉色bff plush抱枕生日礼物,105,¥,券后价,定音阁,花小倩潮流馆,6年老店,0人付款,上海,"官方立减12%, 退货宝, 包邮",玩具类型:公仔 | 适用年龄:14岁或14周岁以上,https://g-search1.alicdn.com/img/bao/uploaded/i4/i4/2201204512627/O1CN0141f5dW1VHDNBkI4Ds_!!2201204512627.jpg,//item.taobao.com/item.htm?id=966570483563&ns=1&abbucket=10&xxc=taobaoSearch&mi_id=0000oPivfo8yXCs0X0jvjK9gT2oSdjXHRG4Kc9tUN9ywWp4&skuId=5211071452259
794418161538,Kaws x Sesame Street x Uniqlo 芝麻街垃圾桶艾摩甜饼怪短袖T恤,230,¥,,simon_沁,Simon Streetwear,10年老店,0人付款,江苏 苏州,全球购,版型分类:标准 | 面料:棉 | 图案:卡通动漫 | 适用人群:青少年,https://g-search3.alicdn.com/img/bao/uploaded/i4/i4/814707162/O1CN019d9yje22mFZo3lhUd_!!814707162.jpg,//item.taobao.com/item.htm?id=794418161538&ns=1&abbucket=10&xxc=taobaoSearch&mi_id=0000D-nriAfPYhYRj86cIc_pwQGMeu4Qmgt8EtcGNh063i0&skuId=5590389986447
1011169871041,轻奢kaws暴力j熊坐姿捂脸单手举气球客厅玄关电视柜装饰品落地摆,299,¥,,tb4627581508,阿涛商贸小店,,0人付款,浙江 杭州,包邮,,https://g-search3.alicdn.com/img/bao/uploaded/i4/i4/2219057401679/O1CN01x6oRVW1pxA3G5HXPh_!!0-item_pic.jpg,//item.taobao.com/item.htm?id=1011169871041&ns=1&abbucket=10&xxc=taobaoSearch&mi_id=0000QRuYjw3mLnFPShuPJhVgGBLsTyZHb5JlTp_okeIGP6E&skuId=6180192271270
