899189347605,泡泡玛特DIMOO迪士尼搪胶毛绒挂件米奇WORLD系列玩具钥匙扣盲盒,49.9,¥,,李超越0922,TOP DOLL 俱乐部,回头客1万,9000+人付款,广东 广州,"店铺满299减3, 新品",款式类型:隐藏款 | 出售状态:现货 | 系列类型:联名系列 | 品牌:POP MART/泡泡玛特,http://g.search1.alicdn.com/img/i1/1392190029/O1CN01eydHui1C5KbmJmuBu_!!4611686018427380301-2-saturn_solar.png,http://click.simba.taobao.com/cc_im?p=%CC%C2%BD%BA%CD%E6%BE%DF&s=2078337785&k=2401&e=eiU9aFHotqhprsJTBbM%2BnYmXRNTbBg2xsMatgt5jeFbIh2V2%2BFf4VMVrwMrtl%2FbYT7yV59sJRgUtSKM7WP4N6IVCN%2F8KuTAr6Da3gTpEaBP9GXjr3qDsE8xfEnYscjrH4EbGHRPSV0DjZ5D8dNns9vgLKR0ho8O5GgmGCEez%2FKDzNNw6j5TCXx0%2FWOqPedU26V3k1J7agLu4lsdLs7JkHdiZk7kgPe5iRwwvchtWWG1MPLcxQn7b%2BiJNFoCucAd0KDmgwX7SgdAz2Ne5GbKnlYcbqGS45h46VmgMlI6x1aBXVVR6gjF%2FSq2Xjymm8kYg1s136rdOYDFk9vVg5N9UBwvklwLCgM%2FupABmwczCcCSlCXNt0NpD%2B92qg7LqlW2THL%2B9zX6YM7Zadak%2BdTD8bk3XD2GsS49I3hKDXVMiefETJcVvzA%2B3F93krQ%2FSycFNwWIiUue9ia1%2BC%2F%2BTzAhJf%2FT9pVdNUa74xWnyY8o%2FY0yMO2VsLWFy2TBAQ2Z0IwpDe7U2QNtL4tloWwRLa1EAdk1LJfryFf2aTFXFPiAOa%2BJ0UPl4KwxgBQP6fVPWn7FVxGiawb4%2BHgfqPwEHCktcu1bhdNcbx3Z8isevIAaGvFrvDQ%2BjjyOG1JDRLUn52JsD98ixjCuSy63pNMvM5xdLNfjudapmGrs0zSWMxszJZJkmd9N434xmK03kHg3Coq2jhpvqTTPfx6Sqd5PdLfTkmh0v31smBL6CnlfZvd%2BKF8z%2FoXQ1h9%2FwQEPUcY2jGtUmiBZBwEXhPcxVSosttwhQr2RWPFytxUERd3To9c9ewLjohonBOkEZD5fZLtVj8PmpAbCRAeAawBxXjADrPTAyqILcjLb30WZoh4VQ%2FS0tHNwF2iYk%2FqQr5tcz5BEsZNWDsRAQNdE5bUb9azmtEUweiS2w5tWL%2FesuPjMnEWniI7K5Z7WQZ9sMCn7LcYrV%2FsH30RkDZuMYoXelCLERhfGkSiQhSdxtMl%2BEzoUcnA9SPViz12%2Fu5x4yg1QqQchwEc%2BAfw0TYSdXH1sSCwaxfufiviFgMx4uGAFQBDuJZC%2F4ccxNDul9GoQw3S1kMsOUwPOsgTN%2BjXzidLsRfBYepdCzo84KmU%2Bhv3FxaMSsFJapm9OFCf%2FsWnXi%2BSxVI8YLyN43%2FD31M8D9mdUgf68RlBemzRqhEdnf01lzZhGkR0zN7EO4kVOt2gj2xMggERCvxjZCRVENhT7CY4pGQOlVDQGHKZCOvS7WrFGkeoRJOmidqxWGtSEQo1Ze0M44YLIeyu%2FCmvfNhqf7h0sjTqqDoJZHs%2BV1NQjEHdjmPycF3IF4YNDAa%2FqQwkl2qLDrYCoCGu3wAVHgflUJ8CwzDqX7qs2QGFSj0BzVpeZj%2FKN0xBFUWkyPy5I%2Fq%2BGP8oEeR11a9lEZi%2F2ncHdc2MhMRrgeWGMQrR2W8%2F5MDpYdUBWTuCW854M8iBr1KgZ8j9kWHE9QsLo6%2F%2BmsR2VOEjd8R0Y34JfgLZL7OA1AijT2BA0buIaMDVM3AVGwzziXGz9QlGByTp%2BmUf%2FEnXMTPTiWzj1g68%2BodonAlLPRdGep4fxD4GPd7%2FO7o7fYh0Ogvxj823wnAbhKc0lHPTgp%2F7UgrVhp3HNNDqUbl2gOeg4b%2BORbMYUwZtx0UPl4KwxgBStyxyum5gD1qsZpynQ1sutc%2Fv5q88Mo43RQ%2BXgrDGAFyimJYi7wKLiYNEAd3J9vQ4P2juIqeibPboZA4s%2BRKTGEzLsYW64afL5dOeSS6u3U2ARZZ9xlRtch%2Ff32zGtbPzunGZxU8VpMDSD9a1hGp4dV9Bgo4pfwAfUfai0CkEZK0zwL2CWK4hug3vS6FqOBLOIiZUe38OZ2saa8a6q9t0vvmODn18FD40RiTnFmXgNYzBSdLITwdJMRun8XSMf%2FM1EQUrKzFzyKVHpZKVmYW9NzLObsuuoX5Eypq38TiATcAQRtDZjqEjVW7hd1OEttGbzH2ifGbGWSxEAKeuIpWTm%2BXrnsWoRvKBNZ%2BxjSgi1L9mvxaS2PVZZ32tLLyQ7cYmF%2F3vqv702Y9h%2Fy%2BkN2bxEPH97nHaEAdvSSrRiAw3yJso91EhNRdzTOXQAaLCtjSux%2BbEc6DY4LyUB9V6e9Op9OEuhTKi2U1YWbLuSQqzVDT5Y4z0JNSRpSFpC1E5rXyfpxwIVIAH5I3Yf1Flk85qXN0ViemlHho3Zq8hZgwksAeliq7SZDuqDt8amNMRbS6jsJOcmkkaLCf%2BYhG8sl1ZdZD1IgGOjkbnwTO23DLQMnAnxaEtYWI4MHrHp9Lx9DNMsRuQi3xk5VCqOkWIsKD%2BjjAuQUwI%2FVS148VtGQOuqkmTSdDzHofdj%2F6axHZU4SN%2BdBkkcJsCK2eVny9qryVC0hO61umZTJfnyIBjWq3jeY&mm_sceneid=1_0_1392190029_0&a=xxc%3Dad_ztc%26mi_id%3D0000_BgF0DheJDzHX3oDv0D5GZXfPn9FMmcHLmDKqUnTLJg%26skuId%3D5861679045888&id=899189347605
973916958038,POPMART泡泡玛特CRYBABY Vacation Mode On系列搪胶毛绒挂件盲盒,129,¥,,泡泡玛特旗舰店,泡泡玛特旗舰店,回头客20万,4万+人付款,江苏 苏州,退货宝,款式类型:隐藏款 | 出售状态:现货 | 品牌:POP MART/泡泡玛特,https://g-search1.alicdn.com/img/bao/uploaded/i4/i4/2885348004/O1CN01u5UYu628ztE6rotpo_!!4611686018427382436-0-item_pic.jpg,//detail.tmall.com/item.htm?id=973916958038&ns=1&abbucket=10&xxc=taobaoSearch&mi_id=0000mrSYU_Nio1gGFjL7rt35uQEjS3UsmGJ2KAjL5xP5p0Q&skuId=5954500485226
811627580370,灵动创想蜡笔小新盲盒一套手办毛绒玩偶搪小偶S搪胶公仔新年礼物,276,¥,券后价,灵动创想旗舰店,灵动创想旗舰店,回头客3万,5000+人付款,广东 中山,"官方立减12%,  3期, 退货宝, 包邮",单款概率:1/36 | 出售状态:现货 | ACG作品名:蜡笔小新 | 品牌:LDCX/灵动创想 | 款类型:特别款,https://gw.alicdn.com/imgextra/O1CN010Zddz125qK6r6AXZL_!!1049937577-0-picasso.jpg,//detail.tmall.com/item.htm?id=811627580370&ns=1&abbucket=10&xxc=taobaoSearch&mi_id=0000l5BB_BeMUIef7ideK96EcS2eE2jZK3F7HkdaxqXuvKg&skuId=5506940793988
967802466626,【田栩宁专属】AYOR TOYS X 捕兽记 坏小孩Kippo叛乐园系列盲盒,354,¥,,ayortoys旗舰店,AYOR TOYS旗舰店,回头客7万,5万+人付款,上海,包邮,款式类型:隐藏款 | 出售状态:全款预售 | 品牌:AYOR TOYS,https://g-search3.alicdn.com/img/bao/uploaded/i4/i2/2220203538667/O1CN01gTNZZO2DtXp8XOLG7_!!4611686018427386091-0-item_pic.jpg,//detail.tmall.com/item.htm?id=967802466626&ns=1&abbucket=10&xxc=taobaoSearch&mi_id=0000_IN0pIG1sGNPKnCZA-ymmU4px7F9O4Rfljtghf8Qc20&skuId=6110434118736
820795678723,POPMART泡泡玛特CRYBABY眼泪工厂搪胶脸毛绒盲盒挂件礼物,129,¥,,泡泡玛特旗舰店,泡泡玛特旗舰店,回头客20万,7万+人付款,江苏 苏州,退货宝,出售状态:现货 | 品牌:POP MART/泡泡玛特,https://g-search3.alicdn.com/img/bao/uploaded/i4/i4/2885348004/O1CN016LSt4c28ztE7H5Sw4_!!4611686018427382436-0-item_pic.jpg,//detail.tmall.com/item.htm?id=820795678723&ns=1&abbucket=10&xxc=taobaoSearch&mi_id=0000wUUSHXcW3yDJBKxmMFl65Ja-yhVTT2u8ZF4nRYd9UR0&skuId=5806730867739
986884883045,【衣服+娃娃】国版拉包包挂件搪胶公仔labu玩偶布布挂饰钥匙扣女,57.6,¥,券后价,曙光stu,壹壹文创饰品潮玩,,2000+人付款,浙江 金华,"官方立减3.5元, 退货宝",风格:甜美可爱 | 出售状态:在售 | 适用娃类型:潮玩娃娃 | 适配娃体尺寸:17cm | 适用娃性别:男女通用 | 比例:1:1,https://g-search3.alicdn.com/img/bao/uploaded/i4/i4/2220118310142/O1CN01Z10iOR1Cv5L7TtK8Z_!!2220118310142.jpg,//item.taobao.com/item.htm?id=986884883045&ns=1&abbucket=10&xxc=taobaoSearch&mi_id=0000GgYDldZyQB3eYwIWdzESkMyfO6LDS39J2CvT04yJF6w&skuId=5953351117577
972666635235,新款可爱搪胶娃娃小挂件毛绒玩具潮玩公仔布偶送女生玩偶生日礼物,29.4,¥,券后价,tb488860005781,blingbling玩偶派对,,2000+人付款,山东 临沂,"官方立减12%, 包邮",材质:超柔短毛绒 | 玩具类型:塑胶玩具 | 玩偶种类:人物 | 服装款式:Q版 | 适用年龄:3岁以上 | 出售状态:现货 | 品牌:001,https://g-search3.alicdn.com/img/bao/uploaded/i4/i2/2218000945375/O1CN018gbeD01pZnvQqioPI_!!2218000945375.jpg,//item.taobao.com/item.htm?id=972666635235&ns=1&abbucket=10&xxc=taobaoSearch&mi_id=0000s3Iv8yX_88DFk7F7OpAvh6gHD_wn4jUZvGlCbwzPNrk&skuId=6043865182079
915766393683,灵动创想蜡笔小新搪胶毛绒玩偶龙年系列公仔手办盲盒生日礼物摆件,89,¥,,tb543099372,智慧星正品玩具店,6年老店,1000+人付款,广东 中山,"退货宝, 48小时内发, 包邮",款式类型:端盒 | 出售状态:现货 | ACG作品名:蜡笔小新 | 系列类型:联名系列 | 品牌:LDCX/灵动创想,https://g-search3.alicdn.com/img/bao/uploaded/i4/i1/2206758422741/O1CN01O1jNgt1W7QfOpwPw3_!!2206758422741.jpg,//item.taobao.com/item.htm?id=915766393683&ns=1&abbucket=10&xxc=taobaoSearch&mi_id=0000FUC2E-N3T4C3-HrUdOfGRu3W4ga8knTirDCaqy-HO7Y&skuId=5783314593560
925682422142,正版TOPTOY蜡笔小新换装派对搪胶毛绒盲盒挂件潮玩手办公仔礼物女,68,¥,券后价,q13905067997,GUTU潮玩店,9年老店,8000+人付款,福建 泉州," 3期, 店铺满20减10, 退货宝, 包邮",款式类型:端盒 | 出售状态:现货 | 系列类型:联名系列 | 品牌:TOPTOY（玩具）,https://g-search3.alicdn.com/img/bao/uploaded/i4/i1/2010275103/O1CN01LiKZl61nZE9CLF9Ef_!!2010275103.jpg,//item.taobao.com/item.htm?id=925682422142&ns=1&abbucket=10&xxc=taobaoSearch&mi_id=0000ikpQ6jcDlRlbb5w74urfnj3yPCgcSp1V-0a_iaekbE0&skuId=6141288799947
657663812384,HiTurbo潜水跟屁虫 搪胶玩具,6.99,¥,首单价,hiturbo旗舰店,hiturbo旗舰店,7年老店,2000+人付款,江苏 苏州,"官方立减12%, 直降1元, 淘金币已抵0.2元, 退货宝, 包邮",运动户外项目:潜水 | 产地:中国,https://g-search1.alicdn.com/img/bao/uploaded/i4/i2/4028580223/O1CN01Ol52Ns1DWB2MbZ9dG_!!0-item_pic.jpg,//detail.tmall.com/item.htm?id=657663812384&ns=1&abbucket=10&xxc=taobaoSearch&mi_id=0000Cn4aNa8myJjt39R0qV_RCofsQGZA-lrsnlsB4WEcTnM&skuId=4920316254245
909360714232,正版EAKI火影忍者疾风传萌兽派对搪胶系列盲盒毛绒手办摆件潮玩礼,77.41,¥,券后价,tb086198083,潮玩集合社,回头客4万,5000+人付款,广东 广州,"店铺满11减10, 48小时内发, 包邮",款式类型:隐藏款 | 出售状态:现货 | 系列类型:联名系列 | 品牌:TOPTOY（玩具）,https://gw.alicdn.com/imgextra/O1CN011srtjn1qROJXjlgXA_!!2224965492-0-picasso.jpg,//item.taobao.com/item.htm?id=909360714232&ns=1&abbucket=10&xxc=taobaoSearch&mi_id=0000ODek05-Byc8KcqjyWsByh1jFBjMo1jglP8jZaLcs_Yc&skuId=5770588836539
989301162166,POPMART泡泡玛特CRYBABY Vacation Mode On系列搪胶毛绒公仔礼物,99.9,¥,,tb7445538986,SUN TOY,,1000+人付款,广东 广州,"店铺满199减3, 24小时内发, 包邮",款式类型:隐藏款 | 出售状态:全款预售 | ACG作品名:K | 系列类型:联名系列 | 品牌:POP MART/泡泡玛特 | 选购热点:淘公仔,https://g-search2.alicdn.com/img/bao/uploaded/i4/i4/2211802957652/O1CN0114hykg26OfnP8o6m5_!!4611686018427381588-0-item_pic.jpg,//item.taobao.com/item.htm?id=989301162166&ns=1&abbucket=10&xxc=taobaoSearch&mi_id=00002yui3tYGlXWVkYrS63MtEKsf0m2M-dE7nzE4CDgImW0&skuId=6122178230522
755672765594,超级玛丽 马里奥路易 兄弟手办摆件人偶搪胶公仔玩具模型人偶周边,17.56,¥,首单价,贝家乐母婴专营店,贝家乐母婴专营店,11年老店,800+人付款,广东 揭阳,"官方立减12%, 直降1元, 淘金币已抵0.35元, 退货宝, 包邮",出售状态:现货 | 材质:ABS | 适用年龄:14周岁以上,https://g-search3.alicdn.com/img/bao/uploaded/i4/i4/2181094302/O1CN01CScz6i1heMmY5TQCD_!!0-item_pic.jpg,//detail.tmall.com/item.htm?id=755672765594&ns=1&abbucket=10&xxc=taobaoSearch&mi_id=0000PaKgmP7vCVaeiGOkjg_4ugvsFBsBXztOmmgvuh1inwo&skuId=5209040585000
784855730658,捏捏叫婴儿戏水洗澡玩具软胶手抓球曼哈顿触觉感知按摩球益智可咬,3.9,¥,,tb106575486,六号铺母婴馆,,1万+人付款,广东 揭阳,"淘金币抵0.2元, 退货宝, 48小时内发, 包邮",适用年龄:12个月 | 材质:胶制 | 产地:中国大陆 | 动力类型:手动 | 适用年龄（新版）:0岁-18月 | 适用性别:男女通用,https://g-search1.alicdn.com/img/bao/uploaded/i4/i1/2204599449877/O1CN01fl23Qa2MpitKM3gC7_!!2204599449877.jpg,//item.taobao.com/item.htm?id=784855730658&ns=1&abbucket=10&xxc=taobaoSearch&mi_id=0000LnsBYRozH1B8EWLiu0C7-FJm53ksWC9WDwswWfE8lO8&skuId=5358225716587
,,,,,,,,,,,,,
,,,,,,,,,,,,,
887528540162,正版WAKUKU毛毛潮趣派对系列搪胶手办摆件盲盒毛绒娃娃女生礼物,62.35,¥,券后价,tb086198083,潮玩集合社,回头客4万,5000+人付款,广东 广州,"店铺满11减10, 48小时内发, 包邮",款式类型:隐藏款 | 出售状态:现货 | ACG作品名:K | 系列类型:联名系列 | 品牌:熠起 | 选购热点:淘公仔,https://gw.alicdn.com/imgextra/O1CN01TnHMb01qROJYDfpeq_!!2224965492-0-picasso.jpg,//item.taobao.com/item.htm?id=887528540162&ns=1&abbucket=10&xxc=taobaoSearch&mi_id=0000x92sPpM68TG9nvJuJPSzY9KD3sDWWf95GXpr0CMR3lU&skuId=5817786736784
947214122794,POPMART泡泡玛特 THE MONSTERS 拉布布坐坐派对搪胶毛绒趣多多,99.9,¥,,李超越0922,TOP DOLL 俱乐部,回头客1万,2000+人付款,广东 广州,"店铺满299减3, 包邮",款式类型:端盒 | 出售状态:现货 | 系列类型:联名系列,https://g-search2.alicdn.com/img/bao/uploaded/i4/i3/2660786779/O1CN01OZUvgJ1zwq3J5yXd6_!!2660786779.jpg,//item.taobao.com/item.htm?id=947214122794&ns=1&abbucket=10&xxc=taobaoSearch&mi_id=0000W603IHZJF9SfevX35BQE_hrcMv1PjtQkfjCgKvSgDuU&skuId=6002348817245
911328609900,POPMART泡泡玛特DIMOO WORLD × 迪士尼系列搪胶毛绒钥匙圈盲盒,1074,¥,,泡泡玛特旗舰店,泡泡玛特旗舰店,回头客20万,4万+人付款,广东 惠州,"超级爆款, 退货宝",出售状态:现货 | 品牌:POP MART/泡泡玛特,https://g-search3.alicdn.com/img/bao/uploaded/i4/i1/2885348004/O1CN01uVPaEP28ztE8L9Nv6_!!4611686018427382436-0-item_pic.jpg,//detail.tmall.com/item.htm?id=911328609900&ns=1&abbucket=10&xxc=taobaoSearch&mi_id=0000ZQbb0ByFuFOcYNeItcorgp7RdAzUnMBzz6dGhD_jH_Q&skuId=5980476198880
806195454318,POPMART Labubu Fall In Wild 春天野在家系列搪胶毛绒公仔手办,186.9,¥,,tb7445538986,SUN TOY,,4000+人付款,广东 广州,"店铺满199减3, 24小时内发, 包邮",出售状态:现货 | 系列类型:联名系列 | 品牌:POP MART/泡泡玛特,https://g-search3.alicdn.com/img/bao/uploaded/i4/i2/2211802957652/O1CN011BkaZj26Ofn1803Sk_!!4611686018427381588-0-item_pic.jpg,//item.taobao.com/item.htm?id=806195454318&ns=1&abbucket=10&xxc=taobaoSearch&mi_id=0000IF9HeVtlrd3V-mbouL8kastWN5PQcEZgLnE_cPmlYU4&skuId=5676133219946
924246736096,POPMART泡泡玛特 CRYBABY哭娃 Vacation Mode On系列搪胶毛绒盲盒,20,¥,券后价,卢什大可乐,XLL TOY大号玩具,回头客3万,4000+人付款,广东 广州,"24小时内发, 包邮",款式类型:隐藏款 | 出售状态:现货 | 系列类型:联名系列 | 品牌:POP MART/泡泡玛特,https://g-search2.alicdn.com/img/bao/uploaded/i4/i4/854130513/O1CN01LyzSxu1Ff0IXMO6mQ_!!854130513.jpg,//item.taobao.com/item.htm?id=924246736096&ns=1&abbucket=10&xxc=taobaoSearch&mi_id=0000mydO2oEJx2uCsI4pNrfkW-hvsbUN4W1d1PGwEoDVrdU&skuId=6013999249266
809137081437,冬己20CM换装洋娃娃公主diy化妆手工玩偶搪胶娃女孩玩具新年礼物,189,¥,,ddung冬己旗舰店,ddung冬己旗舰店,10年老店,4000+人付款,广东 汕头,"退货宝, 包邮",玩具类型:普通娃娃 | 材质:搪胶 | 适用年龄:8岁 | 适用性别:通用 | 产地:中国 | 品牌:ddung/冬己,https://g-search1.alicdn.com/img/bao/uploaded/i4/i2/2639213083/O1CN01VlntZk1Ye49DVsfFn_!!4611686018427384347-0-item_pic.jpg,//detail.tmall.com/item.htm?id=809137081437&ns=1&abbucket=10&xxc=taobaoSearch&mi_id=0000E4zX_cHmj-fPFskaSDn7Z4g159zOjjRr3js9XLBWIWs&skuId=6014990074221
672426660820,【解压博物馆】捏捏乐减压神器发泄大白鹅搪胶慢回弹网红无聊玩具,9.9,¥,,tb7893075_2012,解压博物馆,7年老店,300+人付款,浙江 金华,包邮,玩具类型:塑胶玩具 | 适用年龄:14岁以上,https://g-search2.alicdn.com/img/bao/uploaded/i4/i2/1076515830/O1CN010n5WwU1swBoKpr48T_!!1076515830.jpg,//item.taobao.com/item.htm?id=672426660820&ns=1&abbucket=10&xxc=taobaoSearch&mi_id=00007vCTHnD0mPqu0ilufkR2KWu0Npgkw4LM1aXmHTI6tgQ&skuId=5015519766925
787979754624,小新Q版初登场歪头呆萌胖虎胖妹手办模型居家大摆件蜡笔公仔玩,8.98,¥,券后价,蔡单单l,皮皮熊玩具小铺,11年老店,4000+人付款,浙江 金华,"超级立减10%, 淘金币已抵0.21元, 48小时内发, 包邮",出售状态:现货 | 系列类型:联名系列 | 品牌:starbucks/星巴克,https://g-search1.alicdn.com/img/bao/uploaded/i4/i2/1617735425/O1CN01pZM6AK1pwheXJzODw_!!1617735425.jpg,//item.taobao.com/item.htm?id=787979754624&ns=1&abbucket=10&xxc=taobaoSearch&mi_id=0000R_fLDs4zuS8Ti5TVVaV-o2n84RdpNDipZHUQ3bjQYTE&skuId=5526845133328
535381683850,优质版 外贸散货 小号 海绵宝宝 派大星手办人偶公仔摆件模型玩具,18.5,¥,,dosing道尚,DORSIN道幸,回头客1万,400+人付款,广东 广州,"48小时内发, 包邮",出售状态:现货 | 品牌:DORSIN/道幸,https://g-search3.alicdn.com/img/bao/uploaded/i4/i2/TB1Q7x_KVXXXXbWXpXXXXXXXXXX_!!0-item_pic.jpg,//item.taobao.com/item.htm?id=535381683850&ns=1&abbucket=10&xxc=taobaoSearch&mi_id=00004Zbd3Kc4eZ_q0hA59EryUXFxys7PGhcSxf1ag7f2t4c&skuId=3193990703975
854702857217,蜡笔小新幻想系列毛绒搪胶盲盒搪小偶S手办可爱公仔摆件女生礼物,42,¥,,黄锦涛9872,百宝酷玩具店,6年老店,2000+人付款,广东 中山," 3期, 24小时内发, 退货宝, 包邮",款式类型:大隐藏 | 出售状态:现货 | 系列类型:联名系列 | 品牌:LDCX/灵动创想,https://g-search2.alicdn.com/img/bao/uploaded/i4/i4/2204191675984/O1CN01skLbwd1u4j4K3TE8e_!!2204191675984.jpg,//item.taobao.com/item.htm?id=854702857217&ns=1&abbucket=10&xxc=taobaoSearch&mi_id=00007qE-4_zm80G7c6f47ftdJAVXf4HHNlD9DiCWXnK7AgM&skuId=5737301300196
862663961210,正版toptoy三丽鸥搪胶毛绒三代精灵兔系列盲盒潮玩手办公仔礼物,81.58,¥,券后价,tb086198083,潮玩集合社,回头客4万,3000+人付款,广东 广州,"店铺满11减10, 48小时内发, 包邮",款式类型:端盒 | 出售状态:现货 | 系列类型:联名系列 | 品牌:TOPTOY（玩具）,https://gw.alicdn.com/imgextra/O1CN01wRE7ds1qROJYm1oy5_!!2224965492-0-picasso.jpg,//item.taobao.com/item.htm?id=862663961210&ns=1&abbucket=10&xxc=taobaoSearch&mi_id=0000AlRih_2UceCZo7pLj6oquap6hHtmSGyb3IXZJyH9xCY&skuId=5681946776229
851659127543,非洲黑娃娃可爱公仔安抚宝宝陪睡玩偶搪胶重生假娃娃儿童玩具女孩,59.8,¥,券后价,gododo旗舰店,gododo旗舰店,13年老店,1000+人付款,浙江 金华,"官方立减12%,  3期, 店铺满199减10, 退货宝",玩具类型:公仔 | 材质:糖胶 | 适用年龄:2岁 | 适用性别:通用 | 产地:中国 | 玩具系列:生活类 | 品牌:gododo,https://g-search2.alicdn.com/img/bao/uploaded/i4/i3/919761007/O1CN01pWKygD1JJFqY4iRTo_!!4611686018427383919-0-item_pic.jpg,//detail.tmall.com/item.htm?id=851659127543&ns=1&abbucket=10&xxc=taobaoSearch&mi_id=0000jqzoqXr1idmmngmSD3AhXU6T9tGmqTInrtcSBPL5s3k&skuId=5649223565303
715568458376,迷你搪胶可爱小恐龙动物宝宝洗澡玩具捏捏叫发声软胶戏水浴室乌龟,6.5,¥,,早教益智母婴馆,机智宝贝玩具店,11年老店,1000+人付款,浙江 金华,"退货宝, 48小时内发, 包邮",类型:捏捏叫戏水玩具 | 适用年龄:6个月 | 产地:中国大陆 | 动力类型:手动 | 适用性别:男女通用,https://g-search3.alicdn.com/img/bao/uploaded/i4/i1/2287885678/O1CN01AdRefp1roZhJEaM1I_!!2287885678.jpg,//item.taobao.com/item.htm?id=715568458376&ns=1&abbucket=10&xxc=taobaoSearch&mi_id=0000IBuk7lFV2pdsg94GzAPsUciXyXIz8brA7jv7l1gThCA&skuId=5175821075012
964277460060,男女宝宝洗澡戏水搪胶小动物公仔装饰品漂浮乌龟鲨鱼儿童喷水玩具,6.2,¥,券后价,yxf3563,浅蓝之韵泳具精品店,17年老店,800+人付款,浙江 金华,"官方立减0.8元, 退货宝, 包邮",类型:喷水类戏水玩具 | 适用年龄:6岁 | 材质:胶制 | 产地:中国大陆 | 动力类型:手动 | 适用性别:男女通用,https://g-search3.alicdn.com/img/bao/uploaded/i4/i3/135693104/O1CN01oR1DQU1YnftgWSvUs_!!135693104.jpg,//item.taobao.com/item.htm?id=964277460060&ns=1&abbucket=10&xxc=taobaoSearch&mi_id=0000_pe0zRnmEOAp4A-9kfRETgKY-a8-0LV6xV8nVtIiCjM&skuId=4208372975348
,,,,,,,,,,,,,
934675093846,可爱公仔换装拉布布搪胶dimoo公仔卫衣背带裤换装钥匙扣17cm衣服,18.9,¥,券后价,tb300579959344,小泡芙娃衣屋,,800+人付款,浙江 金华,"官方立减12%, 包邮",材质:布料 | 玩具类型:布艺毛绒玩具 | 服装款式:Q版 | 适用年龄:成年人,https://g-search3.alicdn.com/img/bao/uploaded/i4/i3/2219932250092/O1CN01lybv9e1CYBV1XCU3S_!!2219932250092.jpg,//item.taobao.com/item.htm?id=934675093846&ns=1&abbucket=10&xxc=taobaoSearch&mi_id=0000UkbZflTdMupwXzZlGUOwQ9cygmdGEkDyB8hQ2--tg3E&skuId=5990176702008
859507704662,Yooki氧氧盲盒萌一萌小兔系列毛绒搪胶公仔包包挂饰摆件女生礼物,25,¥,,芽yaya0,氧氧正版潮玩,11年老店,300+人付款,广东 汕头,"退货宝, 48小时内发, 包邮",款式类型:隐藏款 | 出售状态:现货 | 品牌:Yalli Studio/呀咧呀咧,https://g-search1.alicdn.com/img/bao/uploaded/i4/i2/379614038/O1CN01KCCIta1fhSPC566qa_!!379614038.jpg,//item.taobao.com/item.htm?id=859507704662&ns=1&abbucket=10&xxc=taobaoSearch&mi_id=0000TmF1Gtk5McQbNwamUGqJu9VDdLASPH1kDGrSMtA3PCQ&skuId=5673472177314
968575711071,现货适用正版泡泡玛特拉布布玩具潮玩盲盒袋毛绒娃娃公仔礼物高端,20,¥,券后价,tb7248107511,小新XC,,35人付款,浙江 金华,"退货宝, 48小时内发, 包邮",,https://g-search1.alicdn.com/img/bao/uploaded/i4/i3/2212071171112/O1CN014d6Nt51K5LXpTmQKJ_!!2212071171112.jpg,//item.taobao.com/item.htm?id=968575711071&ns=1&abbucket=10&xxc=taobaoSearch&mi_id=0000UB_5bWdbUFQIpRAz1cDO7OigaOG2yc4QngR9oGbAO-c&skuId=6021631468132
692425820295,Disney Finding Nemo Baby Bath Squirt Toy海底总动员戏水玩具,19,¥,券后价,kukus11,Tom's Toyshop,14年老店,300+人付款,广东 汕头,官方立减12%,适玩年龄:3周岁以上 | 材质:胶制 | 适用性别:通用 | 产地:中国大陆,https://g-search1.alicdn.com/img/bao/uploaded/i4/i4/66798200/O1CN01IhzY0p2AReXBLROrg_!!66798200.jpg,//item.taobao.com/item.htm?id=692425820295&ns=1&abbucket=10&xxc=taobaoSearch&mi_id=0000afG9OyJFwC027CO870vCwY5CS9kNwfBPv8Z4WfpU5YU&skuId=4916613736917
959466529569,dimoo迪士尼搪胶安全座椅娃娃出风口车载支架模型中控台摆件玩具,21.14,¥,券后价,体验小生活的店,体验小生活,回头客1万,800+人付款,浙江 金华,"官方立减12%, 退货宝, 包邮",,https://g-search3.alicdn.com/img/bao/uploaded/i4/i1/2216317643702/O1CN01G28r0j1dDZJWTXc5Y_!!2216317643702.jpg,//item.taobao.com/item.htm?id=959466529569&ns=1&abbucket=10&xxc=taobaoSearch&mi_id=0000FzHwJ_RI_D984796bwZVX8kLsmjPs9fPj3OQPjX8zI8&skuId=5889464149698
960255449689,环保搪胶狗狗发声玩具卡通青蛙惨叫鸡卡通泰迪小型犬玩具宠物玩具,9.9,¥,券后价,有只胖狗,有只胖狗,回头客4万,2000+人付款,福建 漳州,"店铺满25减1, 淘金币已抵0.19元, 退货宝, 48小时内发, 包邮, 公益宝贝",,https://g-search3.alicdn.com/img/bao/uploaded/i4/i4/4285194616/O1CN01MMAILA1jyB076a1wG_!!4285194616.jpg,//item.taobao.com/item.htm?id=960255449689&ns=1&abbucket=10&xxc=taobaoSearch&mi_id=00008llmF4mghyDblxgaBKRKgdsdr9hhVWfFxQdUgr6NhhA&skuId=5059132003059
949802785998,泡泡玛特车载座椅拉布布labubu安全座椅搪胶公仔盲盒毛绒摆件玩具,15.77,¥,券后价,lkhwdf,海诚潮品玩具,11年老店,1000+人付款,浙江 金华,"超级立减10%, 淘金币已抵0.31元, 48小时内发, 包邮, 公益宝贝",,https://g-search3.alicdn.com/img/bao/uploaded/i4/i3/14083590/O1CN01viLnN11cOGyhjPqv6_!!14083590.jpg,//item.taobao.com/item.htm?id=949802785998&ns=1&abbucket=10&xxc=taobaoSearch&mi_id=0000L4SAi3cj_OJ4UufCZKMB4roQSjJd8cjMTMntaWWpmVA&skuId=6029072295149
707170521721,狗狗玩具发声泰迪比熊磨牙尖叫鸡小狗玩具小黄鸡耐咬宠物搪胶玩具,6.9,¥,,hola的先森,犬猫用品之家,8年老店,300+人付款,浙江 温州,"店铺满10减1, 48小时内发",,https://g-search2.alicdn.com/img/bao/uploaded/i4/i2/2644518172/O1CN01KCNtQs2AEpTEgIYVy_!!2644518172.jpg,//item.taobao.com/item.htm?id=707170521721&ns=1&abbucket=10&xxc=taobaoSearch&mi_id=0000TRaG0nczYD4ok0KGg8-iD3pmw1E0Ak_K4vE2K4ExpgM&skuId=5143606339556
768950458966,核变红莲哥斯拉怪兽之王大战金刚大猩猩多关节可活动搪胶玩具模型,19,¥,券后价,tb371504365,乐趣汇玩具店,,200+人付款,广东 汕头,"超级立减1.3元, 店铺满55减2, 淘金币已抵0.39元, 退货宝, 48小时内发, 包邮, 公益宝贝",,https://g-search2.alicdn.com/img/bao/uploaded/i4/i2/2215984412141/O1CN01AY76Ox1Rgcu0WI1Eo_!!2215984412141.jpg,//item.taobao.com/item.htm?id=768950458966&ns=1&abbucket=10&xxc=taobaoSearch&mi_id=0000Am-JK0C9kzmfd66i2STN9y5pbAiMRxlnIVD1M156Ib0&skuId=5443257570844
1012801499563,正版Sopfun蜡笔小新矮人童话系列搪胶毛绒盲盒小白阿呆生日礼物,57.41,¥,券后价,mightydugks潮玩旗舰店,MIGHTY DUGKS潮玩旗舰店,,1000+人看过,福建 泉州,"官方立减15%, 包邮",单款概率:1/9 | 款式类型:隐藏款 | 出售状态:全款预售 | ACG作品名:蜡笔小新 | 系列类型:联名系列,https://g-search2.alicdn.com/img/bao/uploaded/i4/i1/2221101304264/O1CN01XXPnbz1hMxwahrhB1_!!4611686018427382216-2-item_pic.png,//detail.tmall.com/item.htm?id=1012801499563&ns=1&abbucket=10&xxc=taobaoSearch&mi_id=0000FIq2a3MetnNt_HiSDRbnbPxgniR7hqImhgEd0Y00Tvs&skuId=6017582376457
1009368440415,跨境热销24cm西班牙土豆娃娃mia玩偶套装bjd娃娃搪胶裸娃原厂品质,35.88,¥,券后价,tb877830879,哇哇超美,,300+人付款,广东 揭阳,"官方立减12%, 淘金币已抵1.79元, 退货宝, 48小时内发, 包邮",材质:EVA | 适用年龄:10岁以上 | 品牌:安小萌,https://g-search3.alicdn.com/img/bao/uploaded/i4/i2/3959099126/O1CN01fG5cTm2HHlbwWnUij_!!3959099126.webp,//item.taobao.com/item.htm?id=1009368440415&ns=1&abbucket=10&xxc=taobaoSearch&mi_id=0000eJ7oFE7F5WmQ9n2iaCTcis2On3-CIeznbd_GT30fea8&skuId=6030534248741
731118669509,儿童宝宝玩具1男女孩2岁小汽车套装卡通动物搪胶婴幼儿耐摔可啃咬,31.8,¥,,冰枫珠宝,宝爸带娃精选玩具,8年老店,500+人付款,广东 汕头,"退货宝, 48小时内发, 包邮",适用年龄:1岁 | 玩具类型:塑胶玩具 | 外观造型:动物 | 品牌:蓓臣,https://g-search1.alicdn.com/img/bao/uploaded/i4/i3/2964472934/O1CN01MstLEk1XXovJ4OlT7_!!2964472934.jpg,//item.taobao.com/item.htm?id=731118669509&ns=1&abbucket=10&xxc=taobaoSearch&mi_id=000045AreFEni8uGLB1tb5G5V2WjNCsYoG0d-5ApavqYJgg&skuId=5238389311165
703834588753,狗发声玩具鸡搪胶小黄鸡耐咬磨牙泰迪比熊小型犬宠物狗狗发声玩具,7.9,¥,,超人不会飞我很忙,犬的家,9年老店,1000+人付款,浙江 温州,"店铺满12减1, 48小时内发",,https://g-search3.alicdn.com/img/bao/uploaded/i4/i3/2852168003/O1CN01phmAYn28zQktQfCUx_!!2852168003.jpg,//item.taobao.com/item.htm?id=703834588753&ns=1&abbucket=10&xxc=taobaoSearch&mi_id=0000m2lAi1w1sE_1Znb_PlEOSA5rDLsqjWNl1MOfRpfAyxc&skuId=5126929470172
856816099756,LOVELY EMMA口袋动物园搪胶毛绒盲盒公仔 女生可爱礼物玩具摆件,47,¥,,果果的101,寻找快乐星球,,800+人付款,河南 郑州,包邮,款式类型:小隐藏 | 出售状态:现货 | 选购热点:淘公仔 | 商品状态:全新未拆封,https://g-search1.alicdn.com/img/bao/uploaded/i4/i3/2280938302/O1CN01z1CA4U2BCN9TLevbl_!!2280938302.jpg,//item.taobao.com/item.htm?id=856816099756&ns=1&abbucket=10&xxc=taobaoSearch&mi_id=0000669dvQBGL78x1pf8WEcECHHCqWRzkw4bU2-IY8CZs0c&skuId=5832027734498
837009332476,labubu三代保护罩搪胶坐坐派对套马卡龙拉布布3.0前方高能防尘壳,32.8,¥,券后价,安妍若素若,新年好家居店,6年老店,1万+人付款,广东 广州,"官方立减12%, 店铺满60减6, 包邮",出售状态:现货 | ACG作品名:DC漫画系列 | 系列类型:联名系列 | 选购热点:淘公仔,https://g-search3.alicdn.com/img/bao/uploaded/i4/i3/2490360012/O1CN01M6T5jU1BxXnxu6TXB_!!2490360012.jpg,//item.taobao.com/item.htm?id=837009332476&ns=1&abbucket=10&xxc=taobaoSearch&mi_id=0000xFoMFwq6gcGx_AGiK5pJ61XOxBm-6f5JK9bp0T8urGk&skuId=5722544201493
814863421616,适用搪胶公仔POPMART泡泡玛特labubu i found you 防尘盒玩具罩子,118,¥,,彦凰旗舰店,彦凰旗舰店,,1000+人付款,江西 吉安,"官方立减12%, 淘金币已抵1.2元, 退货宝, 包邮",,https://g-search3.alicdn.com/img/bao/uploaded/i4/i2/2212836659276/O1CN01x0CYjW2IOSuy1tgGg_!!4611686018427383884-0-item_pic.jpg,//detail.tmall.com/item.htm?id=814863421616&ns=1&abbucket=10&xxc=taobaoSearch&mi_id=0000m7tz_Fet5jxCdQeYF9QOUUqkVcyegaQM8BR_wBYeJVU&skuId=6112703590860
903203500410,POPMART泡泡玛特CRYBABY保护套哭娃眼泪工厂搪胶毛绒脸罩保护壳,11,¥,券后价,daixuemei6020,MOONE魔玩星球,,1000+人付款,安徽 滁州,"官方立减12%, 包邮",,https://gw.alicdn.com/imgextra/O1CN01CnSfql1ZL7PsKIMpr_!!2022513177-0-picasso.jpg,//item.taobao.com/item.htm?id=903203500410&ns=1&abbucket=10&xxc=taobaoSearch&mi_id=0000ju32YKeZ97yzhkSuUfo-HyYTidOYKjjynVHEQQhDVms&skuId=6007718016550
938137074115,搪胶公仔盒子适用泡泡玛特zimomo大首领labubu大天使亚克力展示盒,39.8,¥,券后价,xinfeng603129,春天亚克力工艺展示,,2000+人付款,广东 深圳,"官方立减12%, 24小时内发, 淘金币已抵1.19元, 包邮",,https://g-search1.alicdn.com/img/bao/uploaded/i4/i1/1976351260/O1CN01xJqKOO1LB870h1QwW_!!1976351260.jpg,//item.taobao.com/item.htm?id=938137074115&ns=1&abbucket=10&xxc=taobaoSearch&mi_id=0000vqxBfcxT--pL6rbEnd6iPdCAt9CVSMXJSxLVSWAf7sc&skuId=5834137905253
970990057849,泡泡玛特SP冬日乐章搪胶保护套拉布布光织园防尘SKULLPANDA保护壳,12.7,¥,券后价,众小姿家居旗舰店,众小姿家居旗舰店,,5000+人付款,浙江 金华,,主体材质:塑料 | 开合方式:翻盖式 | 适用场景:玩具收纳区,https://g-search1.alicdn.com/img/bao/uploaded/i4/i1/2218567144648/O1CN017GpWmU1kCq042xUUl_!!4611686018427385032-0-item_pic.jpg,//detail.tmall.com/item.htm?id=970990057849&ns=1&abbucket=10&xxc=taobaoSearch&mi_id=0000UWlAak1pvKTpTqCvxTQjJIvHsLjrhCR_IolMGi369O0&skuId=6085665602302
991701407034,懒皮小兽泡泡玛特dimoo迪士尼唐老鸭搪胶保护壳高透防尘保护套罩,8.8,¥,券后价,图妙熊旗舰店,图妙熊旗舰店,,100+人付款,广东 广州,"淘金币已抵0.23元, 退货宝, 包邮",出售状态:现货 | 系列类型:联名系列,https://g-search1.alicdn.com/img/bao/uploaded/i4/i1/2219807345095/O1CN01DLtbln1nVZ3gW3hDE_!!4611686018427382215-0-item_pic.jpg,//detail.tmall.com/item.htm?id=991701407034&ns=1&abbucket=10&xxc=taobaoSearch&mi_id=0000l23b9dagXKGyg-ywIDkDwxFWWEPuRbzH6Cnp-1nmRnA&skuId=6131591066184
911328609900,POPMART泡泡玛特DIMOO WORLD × 迪士尼系列搪胶毛绒钥匙圈盲盒,179,¥,,泡泡玛特旗舰店,泡泡玛特旗舰店,回头客20万,4万+人付款,广东 惠州,"超级爆款, 退货宝, 包邮",出售状态:现货 | 品牌:POP MART/泡泡玛特,https://img.alicdn.com/imgextra/jz3_1/2885348004/O1CN01i9LJPr28ztE5hrLE3_!!2885348004-0-alimamacc.jpg,http://click.simba.taobao.com/cc_im?p=%CC%C2%BD%BA%CD%E6%BE%DF&s=1625334789&k=2209&e=V5dl63lTh63BnrOQlg3sq%2BnWz0WiZUUN3%2F7I8V7IUS9KX%2F9UhBkls4HErlRnZU%2BIDGhdP18Syy1R%2BMV8cd6WPHyeGGVnXIO%2FzzkcmOvkcrCpajrivhjFqBGUumLK60iGzCtOzWTmTLEsjMMoYv%2FD7si2FSCybe%2BI5n0zeG0wsmCrO125wi%2BpCXjm5uZpRCOo%2B8QIiyb%2B8Za%2F9MtbID3sJ30XUpMNH6j8supvX5mGggRMKnpc6oXnTQT0YG6Um9UJ1i%2B%2Bbq6DysgmtR7hB8NLx9d2XaFcEtJWDYNYy1k1VpIAizlriTOPdboMbZJtZBIvmPAX2yY2NAjJuT%2FMtUA6InwCDGBLjIXWSVS0I8gOo%2B0H9sAviAL59IV1TC3vN4isSjnNG8urBTQ2FQMyE1vNNbulSK3COHhXk16w0dVam1cH0%2FlGTjqCN8L%2FBwPAcjD15U%2FDEb6pLgS%2F5NKUxeORTu9%2BH8zsdXF%2BAcfE3jq1L7Jry7uFtKU2K2LWE3lNtVlVqCpvhAoBgUpYmU9%2FZf1OsWyd119wafKtWt4js5JNzHSKB76crIhH%2FmQ3WCxdkMtq0nrH4RoXRMo2mKESkiOb5idOL3VbAc2QzA4veo%2BbQMh1SclnIECL0HFuYQ0WNTxBxjElqnxbiydAvPBRj4suCCEnTQjwRYEFoEIaUsveuvuLpR1fzNv6iLcMt4DVKteuHT6t0yhMGINvy%2FHQm9%2BgPhiRGu8zWFwHbgA2u0F1D3F75y8zpBduJVuW0xl%2FaHv%2B0Xvk9yWzwlXwBw1XNZoMmyE7DyssW0n%2FlvKgo%2BqwNceHOhVxy89SoYq3qWNBwPi4Ps%2FmnKBRdF0BqtxGmFkReFpHvL3%2BxiFfcX0l2bpk8Oyy1eUpqPKH5QHI6Xz5ytEEBFZb6SnHCpx2DPlSeBWUGAkjFBxJIisILM0csW9COy%2BjYJyWf2qV2pxSK0dsOY00P3npEQqGlfusTukxh%2FsSIH%2BQ0BR3k0EJDItB5lCJ6L3Xroc5lvbFs%2FSR%2B4J55iyV3efhQRXC1eyxdQvafMYWDUtf5ZrIPYld0VzVhUUY%2BQI7601IjAuTHl18Qk1%2FfKi6c3S1lwTpIY5YAiG27Mvq5rU9D7Nb4RkLFjmPybNcreBLe6sTLWrneJLuww2CvJCq9fTR71jnZSWDFKmc%2BGTRaYEeiXyf91S%2FWd1WhgArmGbN%2FUXiaHVburHNDA1bC%2FfXJ04vdVsBzZDMDi96j5tAyHVJyWcgQIvQcW5hDRY1PEHGMSWqfFuLJ2qZ6I4%2FPI2AnCWjUkKq%2B0e6VqyJAUuzOy3A8n20rtdTvbEk5ziPnEda3iOzkk3MdF5H7SihjGSHX9A50wklI5UjQLW2C0IhiYeRV6cxzdyMH84XRJDiEdOoA2MLU5X3F4hlAG17kHPYuStSJqtCTvpL77k0Lt3WQpz0RTAUutK3TlG7hsYKlwcn3e8%2BASeIPsq1xzVEILp2CZlEgpHy7OHSRDmmWLSEcYrs7uUyPvJfKKTGgv9tG9mNMi9UKDELbOoV92%2Br0IkDymWaGrcK51D%2FCaUU%2F5OwHIPnNG9b%2Bh9p6hX3b6vQiQNJYwOCwkkbJDtzkJ3n86UpbOv9YeiasTuqE7TcrFh3DMX%2Fm6ZDJZ8Hyo%2FZM1j07AZ3AJd6MRR2cqVNGQhiR5UQb1wFT2fcWAHh159cbz0aMDNd4sQErbq6PH0uemC5Jlq904BiPWm2UvnpS2clkCRR7tMmzQvDJ6QmtW5zX%2BkQk0uGX8SaRspRWJIFefQ9C8t3VICcVW5v2LAsf8cvdF4t3%2Bimrw%2Feb7CL6hk6WIW%2FK%2Fm9JWjGiNr63fg9I8RXmJ%2F8nVseWYUirZpKgRh7oYNWWLuqfeiDIS78ej2C9DA3ODCTqxb%2FnS5ismVk%2FR1hJOQOsKbgo%2Byf8TQEkNNPqpbAxtzqrlUeNZVt0INOZgLltp%2FxJyAPq9S3Oc%2BdI6wQ0tYgDOtU8G%2B9nmXEL7KWHQftZuKJ%2Fg50Y0oCyAP8dN9WU8pRIodu2blG1fbs7OMrSNpdsO%2BwsKNA6EvW8KfhvNSMstXlKajyh%2BWJ3XWLDxbsfiV4MyQvEAmo5APk5zAvPZ6%2ByzXPV90ZceEelmXBcR14%2FO0pC5oYmlkyWgrIDddUbdMX4GvyLAYwb%2B5NxcYElMpvDS3QgCeD16zHPDYj%2B6z0JJdkvyDhitd66UL4su1BaddCAHn%2Bb40Z&mm_sceneid=1_0_116045295_0&a=xxc%3Dad_ztc%26mi_id%3D0000ZQbb0ByFuFOcYNeItcorgm3vF-Ig5EBGC8JtplM6ZrA%26skuId%3D5980476198880&id=911328609900
950692504707,POPMART泡泡玛特Baby Molly口袋朋友系列搪胶毛绒挂件盲盒,79,¥,,泡泡玛特旗舰店,泡泡玛特旗舰店,回头客20万,5万+人付款,江苏 苏州,退货宝,出售状态:现货 | 品牌:POP MART/泡泡玛特,https://g-search2.alicdn.com/img/bao/uploaded/i4/i1/2885348004/O1CN01YoiLPz28ztE7XmkfJ_!!4611686018427382436-0-item_pic.jpg,//detail.tmall.com/item.htm?id=950692504707&ns=1&abbucket=10&xxc=taobaoSearch&mi_id=00001EtsNFtZceS_lw8b9XKKHm85lLWHFhlB7VrxS_pMEnI&skuId=6080678707013
961660866986,POPMART泡泡玛特CRYBABY豹豹猫猫系列搪胶毛绒挂件盲盒,79,¥,,泡泡玛特旗舰店,泡泡玛特旗舰店,回头客20万,6万+人付款,广东 惠州,"热销爆款, 退货宝",出售状态:现货 | 品牌:POP MART/泡泡玛特,https://g-search2.alicdn.com/img/bao/uploaded/i4/i3/2885348004/O1CN013hQmm228ztE8L3oVd_!!4611686018427382436-0-item_pic.jpg,//detail.tmall.com/item.htm?id=961660866986&ns=1&abbucket=10&xxc=taobaoSearch&mi_id=0000OimV-1EZMC64GBbPN7hyvoiri95NKSLQftmkk5p4WiA&skuId=6081574355537
917065030344,DODOSUGAR NAMI TwinkleBunny潮玩公仔搪胶毛绒包挂包包挂件盲盒,51.9,¥,券后价,dodosugar潮玩旗舰店,DODOSUGAR潮玩旗舰店,回头客2万,1000+人付款,浙江 丽水,"官方立减12%,  6期, 退货宝, 包邮",款式类型:端盒 | 出售状态:现货 | 系列类型:联名系列 | 品牌:DODO SUGAR | 商品状态:全新未拆封,http://g.search1.alicdn.com/img/i1/5433277087/O1CN01S6rBrL22Dty9u6pOm_!!4611686018427386527-0-saturn_solar.jpg,http://click.simba.taobao.com/cc_im?p=%CC%C2%BD%BA%CD%E6%BE%DF&s=1625334789&k=2413&e=2NlCGPOmATzBnrOQlg3sq%2BnWz0WiZUUN3%2F7I8V7IUS9KX%2F9UhBkls4HErlRnZU%2BIDGhdP18Syy0v7rmDTS2Z94a6ex6Ins2fTjUxa7odZy2pajrivhjFqBGUumLK60iGzCtOzWTmTLEsjMMoYv%2FD7si2FSCybe%2BI5n0zeG0wsmCrO125wi%2BpCXjm5uZpRCOo%2B8QIiyb%2B8Za%2F9MtbID3sJ30XUpMNH6j8supvX5mGggRMKnpc6oXnTQT0YG6Um9UJ1i%2B%2Bbq6DysgmtR7hB8NLx9d2XaFcEtJWDYNYy1k1VpIAizlriTOPdboMbZJtZBIvmPAX2yY2NAjJuT%2FMtUA6InwCDGBLjIXWSVS0I8gOo%2B0H9sAviAL59IV1TC3vN4isSjnNG8urBTQ2FQMyE1vNNbulSK3COHhXk16w0dVam1cH0%2FlGTjqCN8L%2FBwPAcjD15U%2FDEb6pLgTjwb1wkDiNn%2BV4jxro7avI60FaE4GhbSf9CjMRubYTkK0OtYXciQeKaAGgo143lRJNNlUfL4GVD7lmyUTxvBQlXn4jDgZM4gIHxorz87eeQePsmyoDkaFKLsr3EmPsU%2FAispQN5UNfNtYzhM18jxZdXAtV5Yo2gCY7wBFj0aNyKv2FfbvvHWZ6gdBM9CXosrzv9GWh1EeCbNG4Sro%2BL8FwKyS0IjWwy31sdMIRG9sH9Xpe7j3YAUEz3YHtzAU51fF1D838388gECguoVOc%2FouaakEujIKLrIQyZcwCxVat4HYH%2BkvvUDTwMr%2BsXnXaVGWHEPErpQ%2BMpZDaIj3L83Ez3zGeTLR5xiqV8DJa%2FxgxsSxMHDJJh8x9CCRLqDvtfAmIYKbNVeO3vNvQRqLtwfnw%2FCAOLVA%2BjRIsZ8yIQJkZ%2B%2Frk8tIx9qx8LixM1rgishKcgPusMYEBqXckLDMiIUkdC%2Fyt016YWgf%2FS4BtBrTeZhFKtPB1TuzjF90C9%2BgZco8QcHtMfWjzWlOVJCi7HN6izjDp%2Fd3RDHycA5334kY00Ud69t%2BemGYgDmiY%2FMrgXDqiXNg72z6MIz3AiXkgjPX9F9vVAoVkLRrp%2BB8xrCGAyKtXCmrzhbgDrZraAbinCSlj%2FpYH66PKt%2Bz5g%2B6NFk3hFF5bBp%2BI5BEqNJZcRFKnLTbMYGAx3K7O9CM0aO0sZ2UnsWfnEcuKY3RBYNoNmjkYJ%2BE6XMLW6iYC3AurktkVbD4rlpGoCbHJdGOUFKYQF4M1ki6iwnaw6zpEW66eiveYis9AAaC2deuVXxH7p2ZRM8F5uYtq0ipJq%2F8LIq7TP6%2F%2FCaUU%2F5OwHJZJHB2BzRNNWZk0%2Fay%2BIGojYJOromjzsjyvxxPhNtSML8sJGYV1MPpKZnetxPLiIe%2Bm1C0sBqMNnSIMxnQoyMlZAFPqzNAw78ZVOXDjVtzB9XZrL%2BdsHbx9ZlfkpNNnXFnWX8IUHMz5qVwruQXTnfUhCFc3DVMVgtdD3nRO3Gm6JJdkvyDhitd66UL4su1BaYEoxex3nJo3GrN9FqG3KaS0hZqIXP4yh5r0CtzEgb0vgGAEtMQ77XCw0x9abqL1nDJnoeixQIoQfFca31QyqxGHlvCGkYgBL0OrZHm6DrFE7nJgr718TgYQ2V1Kf14%2B9vhjhGks0%2BDzBIPEnLzV3ZpSlRpnF9WnCPuV7pMUIMLW7IeRDVLNgKlnIZTZhIN9igrPTO1XePip%2B5XukxQgwta05U%2FApG0L1ueO40pfaWGcuOfn2BpHmsC6%2FZG7zQWiFCozhV%2BPybCt085beznutXPOJpLQlpOvu0ElugbR1VZXUXMHvcl%2F7q3SZYZhPIVngjVl%2FJwDTcP%2F5aVAEB9o5Z8o7anqgLFCz%2BrYYjIJf1JK9ECBsxduDiAN7JAPvGMy6fGLl%2Bst%2FPmeYwVvNyzzqiT3CHY80gLW5QT4es1gIpxYs274s8nNEhxegPbYB9GEMkpqHON5%2F8CJ0vIw57LviyruJUv%2BYZNvhfr7lKiCBBBjjdhOW5WJrRiyoPLTq5cnMhRy%2FjmxbwFR%2Bw9vg0fo1f6QxfQb2ivMjL6iizF2kvwTFzkp8G5AMykyBUo%2F%2FUpjUWXhq7X80ghv%2Bse0y1QuO7D42j7QC3abB9YKfM0hKHSwwT8uIK4%2FSQyCvBkbjWvQuZRT3pKVWq0G6SrTFF59H14SXZYOM0j0%2FVjPtYE3wiKMiGCmzVXjt7zb0Eai7cH58PwgDi1QPo0SLGfMiECZGfv65PLSMfasfC4sTNa4IrISnID7rDGBAal3JCwzIiFJHQv8rdNemFoH%2F0uAbQa03mY%2BXV1K8ofmoFw6VV%2FVs%2BLVB%2B2WIqUQB80QcHtMfWjzWvIXcG5H8RRPjuf0O415vKtREyJkysaEv3655R14inWMP4IeuCUp%2FIK3i3gnuzAKR2mMS3cZonTFCqpUPAfNSas%3D&mm_sceneid=0_0_5433277087_0&a=xxc%3Dad_ztc%26mi_id%3D0000Pz12u9NXLOf9X9OpfsZBAHg7e8TNxlL4fQHwRLSk7bE%26skuId%3D5952052698105&id=917065030344
964407946906,正版TOPTOY蜡笔小新换装派对搪胶毛绒盲盒挂件潮玩手办公仔礼物女,68,¥,券后价,q13905067997,GUTU潮玩店,9年老店,8000+人付款,福建 泉州," 3期, 店铺满20减10, 退货宝, 包邮",款式类型:端盒 | 出售状态:现货 | 系列类型:联名系列 | 品牌:TOPTOY（玩具）,https://g-search3.alicdn.com/img/bao/uploaded/i4/i1/2010275103/O1CN01LiKZl61nZE9CLF9Ef_!!2010275103.jpg,//item.taobao.com/item.htm?id=964407946906&ns=1&abbucket=10&xxc=taobaoSearch&mi_id=0000ikpQ6jcDlRlbb5w74urfnlbUuzfsu8n4eGgemx_t2OI&skuId=6141288799947
971567080530,POPMART泡泡玛特DIMOO新生日记系列搪胶毛绒挂件盲盒礼物,99,¥,,泡泡玛特旗舰店,泡泡玛特旗舰店,回头客20万,4万+人付款,江苏 苏州,"退货宝, 包邮",款式类型:隐藏款 | 出售状态:现货 | 品牌:POP MART/泡泡玛特,https://img.alicdn.com/imgextra/jz3_3/2885348004/O1CN0190NIxZ28ztDBHudaY_!!2885348004-0-alimamacc.jpg,http://click.simba.taobao.com/cc_im?p=%CC%C2%BD%BA%CD%E6%BE%DF&s=1625334789&k=2465&e=ig5Tmvthz2LBnrOQlg3sq%2BnWz0WiZUUN3%2F7I8V7IUS9KX%2F9UhBkls4HErlRnZU%2BIDGhdP18Syy1R%2BMV8cd6WPHyeGGVnXIO%2FRtI2hvsbtlqP37p05aBF%2BBGUumLK60iGzCtOzWTmTLEsjMMoYv%2FD7si2FSCybe%2BI5n0zeG0wsmCrO125wi%2BpCXjm5uZpRCOo%2B8QIiyb%2B8Za%2F9MtbID3sJ30XUpMNH6j8supvX5mGggRMKnpc6oXnTQT0YG6Um9UJ1i%2B%2Bbq6DysgmtR7hB8NLx9d2XaFcEtJWDYNYy1k1VpIAizlriTOPdboMbZJtZBIvmPAX2yY2NAjJuT%2FMtUA6InwCDGBLjIXWSVS0I8gOo%2B0H9sAviAL59IV1TC3vN4isSjnNG8urBTQ2FQMyE1vNNbulSK3COHhXk16w0dVam1cH0%2FlGTjqCN8L%2FBwPAcjD15U%2FDEb6pLgReVwrkO777K3DGgnTQD%2BvEAWNIs4OfWE1%2FcOaVBUqRJXGyZGsnA6xPi7kik6tbpah%2Fut4Ddjemx1mZcTllC7%2BYFID1fLrZtp5Ex0%2FmPRTm5KMtyFvO97v7m2kEbcEbCImtaw5hTZObNL1Lt9ecurMqQDf%2Bn2HYbfNfA6ImOXNouz7LcEjBQDJJuTFqs5D3cJRN%2BRkl%2FwUFZEPwTDc1TKjktsHfzMhSS2GrwWowkcfZ9pepFisoJ3KAFn8h83uGIX5dqj3db6%2B3Qck0zRQwDtIqdWS7TU614J9q7WADNJLjlajNqTvs4Cax93YKxdmwuR%2BPSpCWYvWX6b5EXNO1Xqjyq1N%2BYx8zanAcDedhXV4R0fq2gDXpEvN50Xvk9yWzwlXMmky6yrnQuzBgOkYNURVwS1Uhr4fClQGHOhVxy89SoQJTd0iURnciPs%2FmnKBRdF1fX%2BmwiFp88Zr6Lm9Yg27BKmSAoiYQuyke5RZ1NPKo2fIgQXtxlKofsLnpq%2BO44F68CzHg5435W%2FP5KQWVo6viFPkYjDVu2hRi83k3worE0yF2MO9W4Ej2V6hmyoyAi%2F0AqHBoVXlclrSB7FwMBclkFMusDqYxuOaA2Au0yDHbp5AOMi6%2F0J6LD8tJBAkc6wMjg8%2Bs0%2F3TIk4pX03A6ihkivWBmwI9iztfmJuIA%2FsPPVztUHbfj%2FzRSQDHFPoQ67E%2B2M%2FweMMxaY6iHH%2BZ8iuR7IsoA1BfWdgrnxlO89d8o9lJiSxZfeN6DwCAFCnJ64tocWdXgg%2B60nf5txdvfju8oMp4gUAkJkxM%2F3bcIRRRcE11PsTnLIqnBeB6cOQy%2F32xUn69l7qUj7gUDhw3Nf6Rdt8%2Fwp6Zn0ctpCR6YyLPjon4JCEYtlnbqDz%2BWgOfLagUoxS5MQykCfyKBJ2MAEq4kIUFRKT7PejVkzCAqdunVFFHbU4LCEYbk011Gl6hkgrUAmMu4CrVXjiEkNGo7snZSA5wo0WQ2OQofoSMHylgHXKtcXHf2c5LOWTWG7yP6HRw7ysaa8WAa%2FkYKGX1QklttsHfzMhSS2FqAUQ4uQbyr%2B0Qq1MB1vKJ%2F2V7vtZ1cI7TcyYkCQ5m2kHcFCwdAyVUnU0zQ7jAJ%2F4t7daxrOyUrpRIbCF5T1ix0xEfHmr41atMrrn7yDddvv0V9yZR2ozY522Ott89Ps2uXzj3pbnsc1KIItDcKczhzM3qOMl3k%2Fh%2F6Ytp%2BpmxjxSA9Xy62bae7IeRDVLNgKlnIZTZhIN9it402eC7CD5lFID1fLrZtp605U%2FApG0L1ueO40pfaWGcuOfn2BpHmsC6%2FZG7zQWiFCozhV%2BPybCt085beznutXPOJpLQlpOvu5dbo0U%2BvXhQWyBuR3wSvQmzbvizyc0SHL0gdVFkw7qRi1Fk7%2BKoyt13nWhljKDNw%2BvZ1Ttclyhui9ufPXxS0OFtZrwl3XStmaVNGQhiR5UQI0aGNdS8JSbV6OgbGqIABii8vSh7WOa5rYjaoWvoVEicYcGs0VD4bLLG7Yb35jvcWbJd3scRJ0ixl0Mh27oKapZbKKR4yjHS4OycjInA6j173hIzTM7GXVw5bTdP%2BpFmy3ZcwHDn%2BmoaFiK38IVDSSVZZ4jdMV7IDrZSFFT35f5QZnUvoD0gLuIcx3EzDrnPEfDuwUhAqu2iy9WSR5Zdc9nPcWbMinsiL4qiGtzDC69yrXFx39nOSzuGX1%2BNl7bn%2BNWVFiszVmI%2FlEq9Yg36ZWMCeRdJMMELnVcUSGvUuDuQhQVEpPs96DeiAMaAdYQaqSbRSVWdLf%2BcjPjj4K8Eq6%2Byl5rxI4K46xXa3NIyoTTRIPg6oHw%2FwO4pPgPCpQGHSl%2B9xdXdtP1WpZZCCaaJgwdadAt3bb%2BjBzkKv2O1wMaUOsJMlT7xtmIrGTIO0zEKFID1fLrZtp4hiHKfX%2BcgF7uOK1JEN3p7yheJyzWS7%2BlAN%2F6fYdht8%2B%2F0l2BJ8y1ob47ASG5HOOe1zs1%2FVfX9%2BkOtAaSoqzh3&mm_sceneid=1_0_116045295_0&a=xxc%3Dad_ztc%26mi_id%3D0000Uh7b5WCoNym1RMbgWIcotFwhH8cU_fUNkbWG2L0LLAk%26skuId%3D6124447419182&id=971567080530
930159599839,海娃拉布挂件钥匙扣labu毛绒公仔挂件搪胶玩偶包包挂饰拉布布娃衣,79.8,¥,券后价,tb915146733,喵小仙汽车饰品店,,2000+人付款,湖南 衡阳,"退货宝, 包邮",风格:甜美可爱 | 出售状态:在售 | 适用娃类型:棉花娃娃 | 适配娃体尺寸:17cm | 适用娃性别:男女通用 | 比例:1:1,https://g-search3.alicdn.com/img/bao/uploaded/i4/i4/3940059066/O1CN01bSCLFf2GqHnPgaXj0_!!3940059066.jpg,//item.taobao.com/item.htm?id=930159599839&ns=1&abbucket=10&xxc=taobaoSearch&mi_id=0000OBpQJprqLaNVUdLeH--whRjHC_23lmKmiXsIuKwvZZk&skuId=5832450164824
1018468177008,朋友们快入超可爱心动必入收藏佳品,79,¥,券后价,magicalsoul幻兽旗舰店,magicalsoul幻兽旗舰店,,26人付款,湖南 长沙,包邮,,https://img.alicdn.com/imgextra/jz3_3/2221514873224/O1CN01jqWrFE1Zge2LqWK0s_!!2221514873224-0-alimamacc.jpg,http://click.simba.taobao.com/cc_im?p=%CC%C2%BD%BA%CD%E6%BE%DF&s=1625334789&k=2413&e=En2AX6q3uqXBnrOQlg3sq%2BnWz0WiZUUN3%2F7I8V7IUS9KX%2F9UhBkls4HErlRnZU%2BIDGhdP18Syy28ogs4Ax0V1rEH%2Fqql%2BXNAkAMgs%2BOx5yt%2BGlnf8%2BXA1hGUumLK60iGzCtOzWTmTLEsjMMoYv%2FD7si2FSCybe%2BI5n0zeG0wsmCrO125wi%2BpCXjm5uZpRCOo%2B8QIiyb%2B8Za%2F9MtbID3sJ30XUpMNH6j8supvX5mGggRMKnpc6oXnTQT0YG6Um9UJ1i%2B%2Bbq6DysgmtR7hB8NLx9d2XaFcEtJWDYNYy1k1VpIAizlriTOPdboMbZJtZBIvmPAX2yY2NAjJuT%2FMtUA6InwCDGBLjIXWSVS0I8gOo%2B0H9sAviAL59IV1TC3vN4isSjnNG8urBTQ2FQMyE1vNNbulSK3COHhXk16w0dVam1cH0%2FlGTjqCN8L%2FBwPAcjD15U%2FDEb6pLgReVwrkO777K3DGgnTQD%2BvEcKjA3bMqMy3j%2BCex8s6HcXGyZGsnA6xPi7kik6tbpah%2Fut4Ddjemx9k%2BjBC6FQHlaJ%2BnUz4w8HUUfB8uvZ0YG%2FX5iS1oEiTiINobvKEF33sF7DWtITJ5dujiBhsqP1PgWp%2BCGAleqkgxJ%2FCyWxdcab3TqA5ei3q6Ue4R8%2FCKmZCK0o7%2FMtQ9sE3BEQ4rGnPATvlLbeb51tKQH99I3yKodHNo%2Fvmom5pzK949aTLXhZOgQPrtkLjSyk0vW2WBadvGeR%2BYgi8daOPqFdmptV91JhawgRf%2FT%2FnrOEOu29klCd3NYqxrW8nehYK315vWdZeIUgIj8NetMfmsmRK9OE%2BBgNYxeXQ3MHHsLSlrp%2F59xpSpJtFJVZ0t%2F5yM%2BOPgrwSrr7KXmvEjgrjrFdrc0jKhNNEg%2BDqgfD%2FA7ik%2BA8KlAYdKX73F1d20%2FVallkIJpomDB1p0C3dtv6NFmq4u7dVqMQOzHKHxFkSaaJ%2BnUz4w8HVXnho9HlywakiaHU6UviTpyvrIgaZX4%2BlDysFHZXXGW9fqkm9DSYRs2hwgMVO%2FwlbCe6D7Ky1qBCAwxVtFK%2FPZsgqlsxO7zg7EZYChHgYNfWIsWyUyS2fXfqp54e35qbp7yBedi%2FJOfcmIRjbVQMTmS5wT2JIYi7e2OZdiAR62b9Xkw7nQhHbc9o0hGaf66pf%2BJfISGBjU9dXvSilm3oEE9pbA2QL2PKLO56CeM0XN14O74JzkP5stW6PuMdowDQh3nxjUzDyMKWVpBaFkW3Z5qrdKtLos1RxCZcRow3ET%2FiMNiJVe981C%2FRrocdQVLtKAibTta1NERK1qYFz6XPv70GZbx0UP8UKCfWO%2FQAHv5iDaG7yhBd97vEipQ3MFTx5aq46MfaMs6lqfghgJXqpICAO1%2BkZ2gI2XQm6k%2F58wQYrdRCPAkfN6txfWrKzMCFcfwq1JUXMmvVHuEfPwipmQ4Wwo%2B37OVoVBDY2xhRoG%2Ft4MJxneEa4yge3Dt4xdwqq1zs1%2FVfX9%2Bj%2FnBUKzD4tyAJAFnELom%2FAiO4nmoPUOO41xR9kF5jvqERxWatOFMk3AXRUUN1ImmxFa2e0Bk4FRYdmS%2Fv1%2FEOCshdz0ReVcpDbd7kNCproBaANWLvvQI3%2BkG%2FxZvaaFDN2fdqUppgBpFrCBF%2F9P%2BetZz2tUwiuaCRar7HlHR1vaTe%2FDz2qjvpwsDOwALMnAXAeCuXBG81ekLOVZQfc5iy1VDtNOtaZPz0cNHl%2BWMAC5cEL9uF11jLrWtG4J1ETEOcX%2Fm6ZDJZ8Hyo%2FZM1j07AZ3AJd6MRR2ckfnwuNoRQkZ21M31jvAcKtVCDBoQZT8JH37hAvvVjrqzD49tSa2ONaxx%2FHaBxSYIddBP%2FhObbTYPO7b6JvEZ24lSKUl%2BwKouhB6qPdVers7TIY8BfAaHgwINpzR7JJAknBPDIKy%2BCkFaMbDHfGS8t8FYrwuYXNOOEXoCDAr7EIEzf4034XKyaYetYXAQBVCWHtumOHcsgtlbEmaRsSzm5bQ2poxspoNHqqldgXQLEuxFaRPmkPPaCErUPb1Q4P2nY31NUN9ylyBLRkTqQ1%2BGlJZDuz4DFqWtt5mtNBRBO99GtJD7l%2BTFEldQZSNa2ah1qLL3O%2Bj%2BLlQuhalC400C1175XD1CterdnSz6ZpX%2BHQHm40YP7eVSZFbZoiK8ZN3H7LovuuiFELqqACOxsOAUz0PbEkcuBa5uPeKGri18JJKid11iw8W7H5stV8Ts4B367NqWx9RGuHTRom8VtcA6%2B1xzaCmElY2YyVIpSX7Aqi6MoVnilc7ATXL6pFgx9kbqN9L2SHIAummzT4%2F78QheR9K8ToAhSxTFRAijBknhl%2FVg0Vj%2Fi%2FaxqjXrZqh3sqX7HXW1oRgcjqspnT1bWxqmmWroTXJYfZDzV7Zbqi5xz5AvAFZHL2zxck%3D&mm_sceneid=1_0_9889426867_0&a=xxc%3Dad_ztc%26mi_id%3D0000Am_Ev6fzohmFW2S9DrbzAs_iC6CdP4FR_GVNRwCOd6o%26skuId%3D6194547682822&id=1018468177008
992189045422,POPMART泡泡玛特LABUBU心底密码mini小号四代拉布布搪胶毛绒盲盒,299,¥,首单价,tb549052074,艾顽潮流iwant,回头客1万,5000+人付款,广东 广州,"直降2元, 店铺满158减3, 包邮, 公益宝贝",款式类型:隐藏款 | 出售状态:限量发售 | 系列类型:联名系列 | 品牌:POP MART/泡泡玛特,https://g-search3.alicdn.com/img/bao/uploaded/i4/i3/2207971297914/O1CN01ifgf7K28KfaPC6fcO_!!2207971297914.jpg,//item.taobao.com/item.htm?id=992189045422&ns=1&abbucket=10&xxc=taobaoSearch&mi_id=0000zNCL1LOlCg_PltmKW9FVXHOISpqPWqZLZe5fPsRdtmc&skuId=5975403969366
925769592512,原谷动漫面包超人果果睡衣party搪胶毛绒动漫潮玩盲盒可爱礼物,89,¥,券后价,tb458342223734,原谷动漫,,56人付款,浙江 金华," 6期, 包邮",款式类型:端盒 | 出售状态:现货 | 系列类型:联名系列,http://g.search2.alicdn.com/img/i2/7238045350/O1CN019D5XOx1pOM4ZFMv9x_!!4611686018427383462-0-saturn_solar.jpg,http://click.simba.taobao.com/cc_im?p=%CC%C2%BD%BA%CD%E6%BE%DF&s=1625334789&k=2401&e=W%2BJDTZRTUrHBnrOQlg3sq%2BnWz0WiZUUN3%2F7I8V7IUS9KX%2F9UhBkls4HErlRnZU%2BIDGhdP18Syy0cqFtW%2FzQfqINdlOftiR7aGIHxjHzd0%2BCpajrivhjFqBGUumLK60iGzCtOzWTmTLEsjMMoYv%2FD7si2FSCybe%2BI5n0zeG0wsmCrO125wi%2BpCXjm5uZpRCOo%2B8QIiyb%2B8Za%2F9MtbID3sJ30XUpMNH6j8supvX5mGggRMKnpc6oXnTQT0YG6Um9UJ1i%2B%2Bbq6DysgmtR7hB8NLx9d2XaFcEtJWDYNYy1k1VpIAizlriTOPdboMbZJtZBIvmPAX2yY2NAjJuT%2FMtUA6InwCDGBLjIXWSVS0I8gOo%2B0H9sAviAL59IV1TC3vN4isSjnNG8urBTQ2FQMyE1vNNbulSK3COHhXk16w0dVam1cH0%2FlGTjqCN8L%2FBwPAcjD15U%2FDEb6pLgS3ejTp0pqi3rM8mYHxbMaPPzlpgNynDkuMU7pfVY3GuHGyZGsnA6xPi7kik6tbpah%2Fut4Ddjemx4NVoi4Wn41qCnJNKnTNTIzqq%2FrtNWh6Ggid0BFVtk7riW7jN9hOrHpaKepG4WJwcV%2Fvh8NsjbVgutedlaPtuw5h%2BPI9JZSqHp%2FzRk%2FxtLPtFlDB98RHc%2F18TQbrra0Dsg9KPJxhpUY477gyYqCwrakj7E81mTHHEO2t5gQSWP6448oOCUNMr4rP%2Bds95iypLk0vW2WBadvGeR%2BYgi8daOPqFdmptV91Jn%2FpXdVoG7x8%2BYi9Sfi2eGlBN5VCp%2BUHkcDguS3rsODpz7mXqxxp1R3kzhHaYNCIL4GTu9nA%2FvtONSqvX7RGuKTqh5h9yXQVl6km0UlVnS3%2FUxp2IBqAVEmvspea8SOCuOsV2tzSMqE00SD4OqB8P8AOVji9g6C%2B0SEwJxgQnflUVqWWQgmmiYPLfMsrqHr7xn%2FpXdVoG7x8Ppmuc%2FYS%2FhkROYfpYKAydUGC2qyZkQM9aD0agpHJgUt52PYGN6TF6cfunJ0pf6V0hMI18KH0INMvHemgs1jy7oOfVR4F8th6ntFS8o0SfWTz7DklDqysGfVlCJCdhlR%2BZiY5b1uNSNk5%2Bl1f9MZTjcxrNPdw8NLDw2iTK%2FJUwsp9C2R0AcG2N1Es%2B1B1gaN6og3JeqHvZ6Mjd6kduXn2yKKrkXyLPI6MAe3NaGSQZrT%2Biq1Gn79qAmIfLEVc5QtK5qa%2F7jpBSTmQZqxXpMbPj4QBi1Kem9jBDUDGkuuWYMI%2F92qK9sgRzDJi4KguiS71fTy%2BINyxiBLbfZz7QMda05%2FzRk%2FxtLPtFlDB98RHc%2F18TQbrra0Dsg9KPJxhpUY477gyYqCwrakM%2FQkjxrqOaSC3SXUIb6JpL56qqEeVyE2iy9zvo%2Fi5UArTCAxu3KGppLoscWFHkDyg0i5898emAhBQGe9u%2B2hT%2FVWchYmiQcB0lgiOMeIXX17Zbqi5xz5Afx3wrXuRlG%2FQISE%2BucmYleyrWdcWKeU83TZ03xoH3Wt3n0LJhCZj0CmYs7zYBFIVYr3MCG%2Ft9Doa830fMwxUv74bjPPh65D3aIcDHIxjTlQRXhRBA6B3dYzFfnjAm0RG0TwzI13LtxN15qOaRGs3KHjw7bUtB2R2zZm75I%2FxlQFViFjezL5iJId3hbYBgROj2bsk1M01%2BXfU7ICUj5SVQpqCHtf50V%2BHtOVPwKRtC9bnjuNKX2lhnLjn59gaR5rAuv2Ru80FohQqM4Vfj8mwrdPOW3s57rVzziaS0JaTr7u%2ByubEKY2MMtHVVV5N5J7W0mWGYTyFZ4I1ZfycA03D%2F%2Fye3Zb9KgsPEIGS06sZjgLq2GIyCX9SStGexzvV0cMrDeyQD7xjMunxi5frLfz5nmMFbzcs86okcnKtMKJdCLa6pExHXr5srrNu%2BLPJzRIcXoD22AfRhDKnXOiEtEpHUdLyMOey74sq7iVL%2FmGTb4X6%2B5SoggQQY43YTluVia0YsqDy06uXJzIUcv45sW8BUfsPb4NH6NX%2BkMX0G9orzIy%2BoosxdpL8Exc5KfBuQDMpMgVKP%2F1KY1Fl4au1%2FNIIb%2FrHtMtULjuw%2BNo%2B0At2mwfWCnzNISh0sME%2FLiCuP0kMgrwZG41r0LmUU96SlVqtBvOHjHvFOc1EEl2WDjNI9P1Yz7WBN8IijF1fGYcGEBq5GOIBmDm63%2B7fuRoyfkuKwCxnzIhAmRn7%2BuTy0jH2rHwuLEzWuCKyEpyA%2B6wxgQGpdyQsMyIhSR0L%2FK3TXphaB%2F9LgG0GtN5mZf9HiBsNyBz3TBUqnewAbwOeTf6rPJQPC%2FHsZqY9RfR9WohMDX%2FKCjuoonJDiiKR9HuqT%2BosXz%2F9VZyFiaJBwMbTnLjbI8DVd7Mktm0v1VP%2FZXu%2B1nVwjmHM27Eel2F%2B&mm_sceneid=0_0_7238045350_0&a=xxc%3Dad_ztc%26mi_id%3D0000yuDxewGs6tUgyKoij2YUHCbVj0maZl5sxNKhmrdQHZk%26skuId%3D6026918161498&id=925769592512
947214122794,POPMART泡泡玛特 THE MONSTERS 拉布布坐坐派对搪胶毛绒趣多多,99.9,¥,,李超越0922,TOP DOLL 俱乐部,回头客1万,2000+人付款,广东 广州,"店铺满299减3, 包邮",款式类型:端盒 | 出售状态:现货 | 系列类型:联名系列,https://g-search3.alicdn.com/img/bao/uploaded/i4/i3/2660786779/O1CN01OZUvgJ1zwq3J5yXd6_!!2660786779.jpg,//item.taobao.com/item.htm?id=947214122794&ns=1&abbucket=10&xxc=taobaoSearch&mi_id=0000W603IHZJF9SfevX35BQE_o7wnqnkfW7drC0rUTIKJbk&skuId=6002348817245
966840772492,POPMART 泡泡玛特 CRYBABY豹豹猫猫哭娃搪胶毛绒挂件盲盒包挂钥匙,73.99,¥,,tb0673212314,嘟嘟潮玩店,回头客7万,7000+人付款,江西 南昌,"店铺满799减10, 包邮, 酷动城",出售状态:现货 | 系列类型:联名系列,https://g-search2.alicdn.com/img/bao/uploaded/i4/i2/2212716496398/O1CN01ua59iu1x8L7zd1yqq_!!2212716496398.jpg,//item.taobao.com/item.htm?id=966840772492&ns=1&abbucket=10&xxc=taobaoSearch&mi_id=0000Up5jPu4AjvmaMlF1mAt-qvBTfa2AMP-mnRxUezecNfg&skuId=5796274380113
959223215615,原谷动漫人鱼陷落甜梦时刻搪胶毛绒潮玩盲盒可爱玩偶女生公仔礼物,69,¥,券后价,tb458342223734,原谷动漫,,31人付款,浙江 丽水,"超级立减12%,  6期, 48小时内发, 包邮",款式类型:端盒 | 出售状态:现货 | 系列类型:联名系列,http://g.search.alicdn.com/img/i4/7238045350/O1CN01nmdvdy1pOM4YhV0Q0_!!4611686018427383462-0-saturn_solar.jpg,http://click.simba.taobao.com/cc_im?p=%CC%C2%BD%BA%CD%E6%BE%DF&s=1625334789&k=2401&e=tYTW5yZWS5bBnrOQlg3sq%2BnWz0WiZUUN3%2F7I8V7IUS9KX%2F9UhBkls4HErlRnZU%2BIDGhdP18Syy2FXoCGOL5EaoNdlOftiR7arnRVE7P4%2BA6P37p05aBF%2BBGUumLK60iGzCtOzWTmTLEsjMMoYv%2FD7si2FSCybe%2BI5n0zeG0wsmCrO125wi%2BpCXjm5uZpRCOo%2B8QIiyb%2B8Za%2F9MtbID3sJ30XUpMNH6j8supvX5mGggRMKnpc6oXnTQT0YG6Um9UJ1i%2B%2Bbq6DysgmtR7hB8NLx9d2XaFcEtJWDYNYy1k1VpIAizlriTOPdboMbZJtZBIvmPAX2yY2NAjJuT%2FMtUA6InwCDGBLjIXWSVS0I8gOo%2B0H9sAviAL59IV1TC3vN4isSjnNG8urBTQ2FQMyE1vNNbulSK3COHhXk16w0dVam1cH0%2FlGTjqCN8L%2FBwPAcjD15U%2FDEb6pLgSc4LQiYqxsg9VJZ%2BnTHr6FST8ff4KlOFWMU7pfVY3GuHGyZGsnA6xPi7kik6tbpah%2Fut4Ddjemx4NVoi4Wn41qmAIELu%2BKqQ5suam5f1GX8LQLp%2FTyJ8i%2FWiP3fwi9%2FIvnWCpUVAFByXdkMwrFBhUFEi8m78VCOgzLdMIoMKIhdQOp17QIVgbuVoav6LpyrWZGPoMC85D308KUdvwZ%2Bq9iNZJRo6ntq8QbaD9b6PeJ%2FHNo%2Fvmom5pz88LGSVrjOKcuddc71E8H8Mk0zRQwDtIqdWS7TU614J8ZKTzBN%2Bwr%2FQIb3J42bGQoAShxVJpOuBDPspnxP00V8W%2BW2p7VbS6wWHjdVJN7MtlIJms0UVGIwp1%2BwbgqYC6OXUqb25O5hyQA3SVEIgF0r4c6FXHLz1KhmINCpgE%2BM%2BY%2Bz%2BacoFF0XV9f6bCIWnzxmvoub1iDbsFgYF7m6FUA%2BDKFZ4pXOwE18YuX6y38%2BZ5%2BQbPw1dqEzQIb3J42bGQoC5TC7EsmUB8ByOl8%2BcrRBBuqa%2FCJUFUoo3b8momPFLEXx%2Fc%2FiMarT0XzZ7Pxq%2BNk9vszOJ4u4eH%2FJ4DyAV6qxKxO6TGH%2BxIgf5DQFHeTQQnQoS8%2FjQsK7deuhzmW9sWz9JH7gnnmLJXd5%2BFBFcLV7LF1C9p8xhYNS1%2Flmsg9iV3RXNWFRRj5AjvrTUiMC5MeXXxCTX98qLpzdLWXBOkhjlgCIbbsy%2BrmtT0Ps1vhGQvpKDNmvkDqqQfJ3A0pYQDYku7DDYK8kKr19NHvWOdlJelIn15DLO7x1rlbS1e5yuIf%2BjeRTa%2BfSPoAT8suGHmX7Lh1sCgwrPieIz33Rty6AyAwQKbht4BLYcfU4vz95h5IRYBuy78eJaRZ1iEO%2FP56wGYy%2BuUf8UZi9MEcv%2BfYDPc7tVtsTtPhlavJDsdDCOHBPy4grj9JDCrmPwvzCOQPQ0ox%2FKm0LZSPFe3cNuld15nik82e2Kl7ybm8F0JaE0hBQFpaWU%2FDjmxosQwFyah0yYKC3Y8dNDFLotELS4fCJJhNCFPy9K8TzX1HzwCzQZT5qlMospgl1JxQcGsqXe0sVMWkzpydkVl%2Fy5FQbMYI8C1DwMvdK7240jHqX2YmH7%2Fvy%2BM%2BNMrArCzxyg5s4CY1%2Bp9JtHFtW4Igo6ZsxFX6zPG7kS06qMqRmMWfgYkc7Shbh%2FOrhOhEtaPIRSOy6ZlIehEUl9joDizQxLqwDiPfyZo4W%2FKkS%2BUOJITc1Z4SKJT5VvAPi69vSyYoIDoF2zl1x%2FG5%2BIUl8lKpuxH0rRvDb2AqQLn4JBhQmJ9T%2FahPBsvsZy75Vg07WNfQa8LY6LrsIJBAse85f5K4dn%2Ffjzsz5h%2BDg8Z2wgNK2iqmuxlGuiHi3QHqtPoNSS5wGjIGaUDK7tMmzQvDJ6QmtW5zX%2BkQk5TZGGIKKilqu0mSF4DvdBtpQdm0DRgea8aNOil77lSh9jWnGpaAgGGofAfMJJU4aON5cUipE8A%2B4Bq0Dajln0RSX3s7Ev16CzKS%2BY0CVPhskL4ZA34pWNej0omk2KrbX9xWR53QP18zzBYuLjuUrcYc%2B%2FOnHCcS08GBUSGkd%2BeqwQlmiM%2FlTVeucT3zqffd1wRUZa2fSDRPDikUi7HyANY9ovaEGlR2CbcX1qyszAhXNnjkgNkJRUGvfkFZZcB4jgqgm4GIuLm8mDEcrMpjA6W5rwb9WkLVhQ3VdKFIDI4dqQdcPWyF%2B69VDSH1IBvCGno9QzcCZglmxmeGZAJWYfBzhHPDzWEILQfO5Z714Uq8W%2Bsg7LkxQ3oOq0HSKLbL32wD3fLsjd5cHDLvrmxJ2nA1HM6bfFb6NCdQkb4%2Fl4nmhkRUlFnY3vquGQU%2F91u5l1oj938IvfyLxdnGsG3i3IY2pb3miL3KMD%2BCHrglKfyCt4t4J7swCkdpjEt3GaJ0xQqqVDwHzUmr&mm_sceneid=0_0_7238045350_0&a=xxc%3Dad_ztc%26mi_id%3D0000_0tOBwFnSicxn-BZkc7bbxmQQkRQWAafzoSWq4Zye2M%26skuId%3D6191475523556&id=959223215615
998172083676,疯狂动物城2搪胶毛绒公仔尼克朱迪盲盒潮玩摆件公仔玩偶挂饰礼物,48.8,¥,,tb816633642543,夏娃,,600+人付款,浙江 金华,包邮,出售状态:在售 | 适用娃类型:潮玩娃娃,https://g-search3.alicdn.com/img/bao/uploaded/i4/i2/2218783235751/O1CN01zWdatE1sM0smaBdCG_!!2218783235751.jpg,//item.taobao.com/item.htm?id=998172083676&ns=1&abbucket=10&xxc=taobaoSearch&mi_id=0000pRxP7jFH0ouNIsYxuMRzL8sQ6ZtgqemNsnFaZn727uE&skuId=6012260588780
,,,,,,,,,,,,,
,,,,,,,,,,,,,
991236159856,labu毛绒娃娃布布海娃祖国版拉包包挂件可爱玩偶搪胶挂饰生日礼物,57.6,¥,券后价,tb976647553159,Bubble Stv,,1000+人付款,浙江 金华,"官方立减12%, 退货宝, 包邮",风格:甜美可爱 | 出售状态:在售 | 适用娃类型:潮玩娃娃 | 适配娃体尺寸:17cm | 适用娃性别:男女通用 | 比例:1:1,https://g-search1.alicdn.com/img/bao/uploaded/i4/i1/2220770275547/O1CN018aXXZb1qqa509ywg3_!!2220770275547.jpg,//item.taobao.com/item.htm?id=991236159856&ns=1&abbucket=10&xxc=taobaoSearch&mi_id=00007JJVN3LlZKGOzKzgKzBpwv2oG4DNzK3LpoqijC0S66U&skuId=6130047806678
962809300300,dimoo迪士尼搪胶安全座椅娃娃出风口车载支架模型中控台摆件玩具,21.14,¥,券后价,体验小生活的店,体验小生活,回头客1万,800+人付款,浙江 金华,"官方立减12%, 退货宝, 包邮",,https://g-search1.alicdn.com/img/bao/uploaded/i4/i1/2216317643702/O1CN01G28r0j1dDZJWTXc5Y_!!2216317643702.jpg,//item.taobao.com/item.htm?id=962809300300&ns=1&abbucket=10&xxc=taobaoSearch&mi_id=0000FzHwJ_RI_D984796bwZVX-bd-ZxannikaPNtINIglSM&skuId=5889464149698
962814032332,OHKU 绒绒怪棉花糖梦境系列搪胶毛绒盲盒挂件摆件新年情人节礼物,67.92,¥,券后价,ohku潮玩旗舰店,OHKU潮玩旗舰店,,36人付款,广东 东莞,"官方立减12%, 淘金币已抵1.58元, 退货宝, 包邮",款式类型:隐藏款 | 出售状态:现货 | 品牌:OHKU,http://g.search1.alicdn.com/img/i1/8005253269/O1CN01wUlEMm1a1FrMypsPA_!!4611686018427386005-0-saturn_solar.jpg,http://click.simba.taobao.com/cc_im?p=%CC%C2%BD%BA%CD%E6%BE%DF&s=1625334789&k=2337&e=x7oE3YpeSA7BnrOQlg3sq%2BnWz0WiZUUN3%2F7I8V7IUS9KX%2F9UhBkls4HErlRnZU%2BIDGhdP18Syy3HMQz2k2BVKInw%2BEquR7I2DgZOFNmCb5CP37p05aBF%2BBGUumLK60iGzCtOzWTmTLEsjMMoYv%2FD7si2FSCybe%2BI5n0zeG0wsmCrO125wi%2BpCXjm5uZpRCOo%2B8QIiyb%2B8Za%2F9MtbID3sJ30XUpMNH6j8supvX5mGggRMKnpc6oXnTQT0YG6Um9UJ1i%2B%2Bbq6DysgmtR7hB8NLx9d2XaFcEtJWDYNYy1k1VpIAizlriTOPdboMbZJtZBIvmPAX2yY2NAjJuT%2FMtUA6InwCDGBLjIXWSVS0I8gOo%2B0H9sAviAL59IV1TC3vN4isSjnNG8urBTQ2FQMyE1vNNbulSK3COHhXk16w0dVam1cH0%2FlGTjqCN8L%2FBwPAcjD15U%2FDEb6pLgReVwrkO777K3DGgnTQD%2BvEAWNIs4OfWE1%2FcOaVBUqRJXGyZGsnA6xPi7kik6tbpah%2Fut4Ddjemxx%2B9rXwVWpoOtHDxjcDmWFs7dQpAEnlqcQfA3cEF%2B84cW1EM0X44%2F0yZqaz2Y9XITneBsz81jFK5EUIfPBg5xxV%2F0G%2Ficpxd2CFjxfoU3wsYmEFZssiwibXDTDXLOGPom32ELHXi0IF2VVzl5gN6UtFvfaH9mxtQA5epFisoJ3KAFn8h83uGIX5dqj3db6%2B3Qck0zRQwDtIqdWS7TU614J8iAMmrgQwJSlBLRvq7AEXoNPgFAbmRJ4ml%2FAGeIqRo%2BtYhMjB2SpO8MhWRQk4hagk41hb6kdsNTmq0Dgt3XMKgt1qn%2Bl%2BZQ8jWBCLbvhUe9hxPyCOcXenSLlBSfMiXWK8Mr9g6Ev%2F2k%2FfxuOhvLp%2FppjIuFVZElwmS12ZV2kf2P3kxaDD0x0GqUPDU2cyi8ioYzZQ2IlIbfHA7obg5JbNyAcjpfPnK0QRsUWgyVM1Sz10yxkm8erbkiOleoog%2F3S8upXKDdOPy71eaCyl%2BzGjA3TCI4hdfJLGsTukxh%2FsSIH%2BQ0BR3k0EJ0KEvP40LCu3Xroc5lvbFs%2FSR%2B4J55iyV3efhQRXC1eyxdQvafMYWDUtf5ZrIPYld0VzVhUUY%2BQI7601IjAuTHl18Qk1%2FfKi6c3S1lwTpIY5YAiG27Mvq5rU9D7Nb4RkLQRD9YnpfTkQyo3%2F6dYdn8VLN5EQ3RoL79fTR71jnZSXpSJ9eQyzu8TI%2F%2FTL9VbdWH%2Fo3kU2vn0j6AE%2FLLhh5l%2By4dbAoMKz474EZb5vwMKchY8X6FN8LGJhBWbLIsIm1w0w1yzhj6Jt9hCx14tCBdlVc5eYDelLRV9RQCUAB4c27jSy16e5mANSlKRB%2FPFymwT8uIK4%2FSQwq5j8L8wjkDxNEWNdxbIv%2BaQSjsV27LLE1%2FU0h6vIUJGKbCDJewZ7iQUBaWllPw45saLEMBcmodMmCgt2PHTQxS6LRC0uHwiSYTQhT8vSvE819R88As0GUhYu3qAtz29VchdvAKVWHuirp8IMYHYN4LbR7OfaYu%2FsPDrIEIFD9e2Iv1nZ9jHMrNFTqsn27ny3DxLdcgdONYSfJ%2B60p7D29cybBdgGFpbM7RZXU60Biwhar7HlHR1vaddqOE%2BjRfmFzJsF2AYWls5d7A8J29UtkEZS6YsrrSIbALdZs%2FQzNo2%2Fcqyb73F7qbD0Mp1vZ5%2Bu9sDHFWrKC%2FUmrDFRThKT6%2FDX%2BsRNJ7O3zYYGQQKH7Ex3cTNfJWi16%2BvLbmw7HvE41ClL8DUJ500z06oCfWkPBimE6RxyRH3FTdOV03gGnLtVe9oSys9SKdel0wHKJQ369Hwhq%2Bqoe3yQvxThBIx2I%2BvLbmw7HvE7zH1Np6AmHZZXY2HdkAT7LP9svFBdTYer52J8NPXkmtpM3bV9Glw%2BO2BleCRcDrA6I%2BHL3fX0Y698v9Qp4pcq0OQSo%2FHKBxp22Sg6xdkwNKmlkO26IH0C%2BhSyfVzPWmtSelPXvItjEYzlROFYZ%2FiOqEre0MbpkVVHL85qM8oj8Zv9MJ25Pjc9Tcq1xcd%2FZzks7hl9fjZe254M%2B9RSaL0yE%2FTZDGqYFk1hjAnkXSTDBC51XFEhr1Lg7dmUiw7eSAEhAqFPT2RCYUuzrs3MmXUwR4Patr7IlLzSiMhnCAhfZPb5qCCGCHAP5begDpSOba6I%2BYCSkYfzS38%2FOGkdSkgs6odB%2BWU8ulilsUWgyVM1Sz%2Fk8t9oCcsweUEtG%2BrsAReiwOIcFiCAM%2F9HW%2FKGjULkAin8OHcnTgeLSJ8ockdeK2K4q8orlhw%2B1mbBpDOOzX51saLEMBcmodHlZ83VLzYn2&mm_sceneid=1_0_8005253269_0&a=xxc%3Dad_ztc%26mi_id%3D0000z8p49dyKRTSHgftt4VD42Fu92RHb2T7wWTgNKByLzJk%26skuId%3D6140168162446&id=962814032332
969473087207,儿童篮球足球软胶发声球类玩具婴幼儿捏捏叫手抓球幼儿园创意礼品,4.5,¥,券后价,kino0528,嘟嘟玩具母婴店,11年老店,200+人付款,广东 揭阳,"官方立减12%, 淘金币已抵0.22元, 包邮",玩具类型:塑胶玩具 | 适用年龄:6岁,https://g-search3.alicdn.com/img/bao/uploaded/i4/i4/1026969735/O1CN018qAl812LmgTYM1TFE_!!1026969735.jpg,//item.taobao.com/item.htm?id=969473087207&ns=1&abbucket=10&xxc=taobaoSearch&mi_id=0000eo7rAPk1Bg14oMHBVeGv8ByInPh2_7XpXZmJaNKAw4A&skuId=4888313797503
849210420831,大号宠物小精灵手办摆件40cm皮卡丘杰尼龟玩具可达鸭梗鬼玩偶现货,180,¥,券后价,tb4476160662,靠谱青年Lab,,700+人付款,河南 许昌,"官方立减16元, 淘金币已抵3.99元, 30天价保, 退货宝, 包邮",款式类型:特别版 | 出售状态:现货 | 商品状态:全新未拆封,https://g-search2.alicdn.com/img/bao/uploaded/i4/i1/2206804004995/O1CN01c6g5OM1mllM2upVFx_!!2206804004995.jpg,//item.taobao.com/item.htm?id=849210420831&ns=1&abbucket=10&xxc=taobaoSearch&mi_id=0000SfWulSCralKKlQ84K5Kpxs7m_Tazvyb1H3tONWHQrfE&skuId=5636066352798
943773347415,TOPTOY 正品 糯米儿一口甜心阿玛莉莉丝联名 搪胶毛绒盲盒手办,74,¥,券后价,幸福鞋者168,牛牛潮玩集合店,,100+人付款,浙江 杭州,"店铺满39减5, 48小时内发, 包邮",款式类型:端盒 | 出售状态:现货 | ACG作品名:K | 系列类型:联名系列 | 品牌:TOPTOY（玩具）,https://g-search1.alicdn.com/img/bao/uploaded/i4/i4/782003388/O1CN01ZDLY1T1atkwGJLTvC_!!782003388.jpg,//item.taobao.com/item.htm?id=943773347415&ns=1&abbucket=10&xxc=taobaoSearch&mi_id=0000TBmOv-CYCKIMU7pzt1i0XC74OteUo3Njk4Pw-rJkve0&skuId=5847219912032
1012801499563,正版Sopfun蜡笔小新矮人童话系列搪胶毛绒盲盒小白阿呆生日礼物,57.41,¥,券后价,mightydugks潮玩旗舰店,MIGHTY DUGKS潮玩旗舰店,,1000+人看过,福建 泉州,"官方立减15%, 包邮",单款概率:1/9 | 款式类型:隐藏款 | 出售状态:全款预售 | ACG作品名:蜡笔小新 | 系列类型:联名系列,https://g-search3.alicdn.com/img/bao/uploaded/i4/i1/2221101304264/O1CN01XXPnbz1hMxwahrhB1_!!4611686018427382216-2-item_pic.png,//detail.tmall.com/item.htm?id=1012801499563&ns=1&abbucket=10&xxc=taobaoSearch&mi_id=0000FIq2a3MetnNt_HiSDRbnbNGACxlToSKLIMF1JGDQigk&skuId=6017582376457
1000985223340,米塔集 Zoraa绒绒小屋搪胶毛绒系列盲盒搪胶毛绒娃娃潮流盲盒挂件,53.95,¥,首单价,米塔集旗舰店,米塔集旗舰店,,38人付款,广东 东莞,"官方立减12%, 直降5元,  12期, 淘金币已抵4.15元, 退货宝, 包邮, 公益宝贝",单款概率:1/72 | 款式类型:隐藏款 | 出售状态:现货 | ACG作品名:DC漫画系列 | 系列类型:联名系列 | 品牌:米塔集,http://g.search.alicdn.com/img/O1CN01GwbMXJ23eITAqYRJ1_!!2221307777280.jpg,http://click.simba.taobao.com/cc_im?p=%CC%C2%BD%BA%CD%E6%BE%DF&s=1625334789&k=2497&e=w8WtsQX37NPBnrOQlg3sq%2BnWz0WiZUUN3%2F7I8V7IUS9KX%2F9UhBkls4HErlRnZU%2BIDGhdP18Syy16bRnRQlAtS0dwOOr9JmKvGiLaSKZYdQSpajrivhjFqBGUumLK60iGzCtOzWTmTLEsjMMoYv%2FD7si2FSCybe%2BI5n0zeG0wsmCrO125wi%2BpCXjm5uZpRCOo%2B8QIiyb%2B8Za%2F9MtbID3sJ30XUpMNH6j8supvX5mGggRMKnpc6oXnTQT0YG6Um9UJ1i%2B%2Bbq6DysgmtR7hB8NLx9d2XaFcEtJWDYNYy1k1VpIAizlriTOPdboMbZJtZBIvmPAX2yY2NAjJuT%2FMtUA6InwCDGBLjIXWSVS0I8gOo%2B0H9sAviAL59IV1TC3vN4isSjnNG8urBTQ2FQMyE1vNNbulSK3COHhXk16w0dVam1cH0%2FlGTjqCN8L%2FBwPAcjD15U%2FDEb6pLgReVwrkO777K3DGgnTQD%2BvEAWNIs4OfWE1%2FcOaVBUqRJXGyZGsnA6xPi7kik6tbpah%2Fut4Ddjemx1yZ3DXuPSlyCDR7BlyUr5SGCdn2IiV%2FSwYH2SMPIEltkrW%2BSH5%2F%2BB5pr0erCCwIP7N7FXtFzsf1%2BVJTeHYW%2FiBahiTHxKofm%2BVdWRd4p8Eu0il%2B3lWTPJJ0ZXoMFQtilDkwqTGhljjVdchW16sUUjWjaVq%2FucfMHHNo%2Fvmom5pzK949aTLXhZOgQPrtkLjSyk0vW2WBadvGeR%2BYgi8daOPqFdmptV91JgRbm%2BEzPhAKiQYgMJrZ1TcgGnGuQF5kskpcx2%2Bg%2BTN%2F5WGj%2Bcv%2BdIPHzg%2F%2FyHvpFlXOqnXxxYn8zqD%2Fju2yyTLlYaP5y%2F50g9c3dm3HKeFwrkdX5raJebg1DpXQvNKiX4c6FXHLz1KhyP4tOy1Vgzk%2Bz%2BacoFF0XYTUitpb%2FQSRnID7rDGBAal3JCwzIiFJHZffFBgv5ttpMTss5bbPmt3GyyQ4uE0e93L3WTQ77iRW2368lwNH4B4WiMktywoNEmLzeTfCisTTqon7v6SmBQq1WaF7JKhS3%2BHhQC3cJCWVSp%2F1msqnVT03TgsZsSUWkIAYDmt%2BBRghD8tJBAkc6wMjg8%2Bs0%2F3TIk4pX03A6ihkWdTLwC1rklZfmJuIA%2FsPPVztUHbfj%2FzRSQDHFPoQ67E%2B2M%2FweMMxaY6iHH%2BZ8iuR7IsoA1BfWdgrnxlO89d8o9lJiSxZfeN6DwCAFCnJ64tocWdXgg%2B60tiF%2Fq1%2FthlDMStA0dviDi9M%2F3bcIRRRcE11PsTnLIqnBeB6cOQy%2F32xUn69l7qUj%2Bp41JOrnouLdt8%2Fwp6Zn0dG4zmkXNaBFWT9oYjd2cvrrWpgXPpc%2B%2FseGP%2BbdMB7vqlpHcOF4ALwkrW%2BSH5%2F%2BB6BejhgR7pJn1cTeULeIb3z%2BVJTeHYW%2FiBz3o0gl79Gfb7z3%2F9JbXQUyIG1FGw0mwal5cyiFgFC7CnMuvIZjwRbEkdsY3IfsfP%2FREoC1LEOVtxDy1q%2BTFX9IPNwvA5OxQl7vUXNM2oPq3XIVterFFI1sqkyG91PTQKHkVenMc3cjB%2FOF0SQ4hHTqANjC1OV9xeIZQBte5Bz2LkrUiarQk76S%2B%2B5NC7d1kKzm6WUJZKAlTyUAqvgcFe67y0Ydl%2Bkg0aR8MkKNa9gRY%2FGZ6AdluUvBs7a1%2BOPm80iyMCZ%2BPJ1qsPnI7UvOtNtlR2TIHkv%2Bvl%2FXP%2B8KTI9DzDlkS1SzDqzqMdUUCVK0xVLqUv1pPPwSgRbm%2BEzPhAK1646KJevEBARlLpiyutIhsAt1mz9DM2jb9yrJvvcXupsPQynW9nn672wMcVasoL9SasMVFOEpPr8Nf6xE0ns7cT8BkRjlsYhBHJ7Y3ql0fn68tubDse8TtZocgL0auzoUCzX%2BFHvu4P3pKxsh6WxPFN05XTeAacu%2F0uAbQa03maDaC1DtZbyexTCVLofyp7KUxcYzrGjHqZ3VICcVW5v2LAsf8cvdF4t3%2Bimrw%2Feb7AA4wuUEBhHnvm9JWjGiNr63fg9I8RXmJ%2FgGrQNqOWfRJpKgRh7oYNWWLuqfeiDIS78ej2C9DA3ODCTqxb%2FnS5ismVk%2FR1hJOQOsKbgo%2Byf8TQEkNNPqpbAxtzqrlUeNZVt0INOZgLltp%2FxJyAPq9S3Oc%2BdI6wQ0tYgGnGuQF5kslwAWz%2B4QOnO5WGj%2Bcv%2BdIOoEloJsc3XNrrIonsQ59Llolrc9mwmNz0ynCjr0k3vBpEjH2o9kOtluvAhNEhgG2SgePsr7kw3sSLBoo97JwvqqZM0go1zSqHnOZ4YVOm9RMZnhmQCVmHwP%2BHHsFVbSd%2Bihxcwgj499PfxuOhvLp%2FpAcf9cDXGwv%2F9eLbb0WjUVjKFZ4pXOwE1y%2BqRYMfZG6ioIYQlnIzXLowarqmRU8n0f1z%2FvCkyPQ9mZZbvfBTTR1YKF3AUsjbzA0ES%2BgRDEbnYiKZvQAVgK1PJPZsP6u5vq6E1yWH2Q81e2W6oucc%2BQLwBWRy9s8XJ&mm_sceneid=2_0_9788969538_0&a=xxc%3Dad_ztc%26mi_id%3D0000wzwfgJ3J7dwaybwcdzrk_hywmWuLK6RHH8RNMO7fniI%26skuId%3D6156131446174&id=1000985223340
949804994075,可爱潮玩公仔搪胶娃娃毛绒玩具布小玩偶送女生玩偶生日礼物布娃娃,28.4,¥,券后价,tb582611028,网红玩偶屋,,200+人付款,山东 临沂,"官方立减12%, 包邮",材质:超柔短毛绒 | 玩具类型:塑胶玩具 | 玩偶种类:人物 | 服装款式:Q版 | 适用年龄:3岁以上 | 出售状态:现货 | 品牌:001,https://g-search2.alicdn.com/img/bao/uploaded/i4/i2/2206661684176/O1CN01ItQxhF1gif2ed5DTl_!!2206661684176.jpg,//item.taobao.com/item.htm?id=949804994075&ns=1&abbucket=10&xxc=taobaoSearch&mi_id=0000lPetBVz19FKWhOJovBBer-l7z16OYARau_7VysBBv-A&skuId=6041655983884
960017600600,POPMART泡泡玛特THE MONSTERS心底密码系列搪胶毛绒挂件盲盒,79,¥,,泡泡玛特旗舰店,泡泡玛特旗舰店,回头客20万,30万+人付款,江苏 苏州,退货宝,款式类型:隐藏款 | 出售状态:现货 | 品牌:POP MART/泡泡玛特,https://g-search3.alicdn.com/img/bao/uploaded/i4/i1/2885348004/O1CN01HqXI1628ztE5DFeUm_!!4611686018427382436-0-item_pic.jpg,//detail.tmall.com/item.htm?id=960017600600&ns=1&abbucket=10&xxc=taobaoSearch&mi_id=0000FfS3HK-lQDQEPDtX3r9LLHpk--h7AWNCpL1gaYdifRM&skuId=5917005233691
970335867152,【官方正品】泡泡玛特拉布布Labubu马卡龙一代搪胶脸公仔盲盒手办,108,¥,券后价,Star潮玩,Stella潮玩,,900+人付款,江西 赣州,包邮,款式类型:端盒 | 出售状态:现货 | 系列类型:联名系列 | 品牌:POP MART/泡泡玛特,https://g-search3.alicdn.com/img/bao/uploaded/i4/i1/2220661173542/O1CN01XVZnyn1c2HzG5ODn3_!!2220661173542.png,//item.taobao.com/item.htm?id=970335867152&ns=1&abbucket=10&xxc=taobaoSearch&mi_id=0000b-wY3ogUTzBv5gxAaqlLEnyYtYVCXuAB32JA0B-NlPA&skuId=6087700827237
956754231791,【现货】MINISO名创优品迪士尼史迪奇GenZ街头系列搪胶毛绒盲盒,60.7,¥,券后价,miniso名创优品旗舰店,miniso名创优品旗舰店,回头客200万,3000+人付款,湖北 鄂州,"官方立减12%, 退货宝, 包邮",出售状态:现货 | 品牌:MINISO/名创优品,http://g.search3.alicdn.com/img/i3/127238467/O1CN01RBNXC42CPwXhHObCc_!!4611686018427380035-0-saturn_solar.jpg,http://click.simba.taobao.com/cc_im?p=%CC%C2%BD%BA%CD%E6%BE%DF&s=1625334789&k=2433&e=RfPErLI%2FW3nBnrOQlg3sq%2BnWz0WiZUUN3%2F7I8V7IUS9KX%2F9UhBkls4HErlRnZU%2BIDGhdP18Syy3Cyytk%2FU9NwK3WI8BTHdokUindUG7vpDAuei7CJoxOYRGUumLK60iGzCtOzWTmTLEsjMMoYv%2FD7si2FSCybe%2BI5n0zeG0wsmCrO125wi%2BpCXjm5uZpRCOo%2B8QIiyb%2B8Za%2F9MtbID3sJ30XUpMNH6j8supvX5mGggRMKnpc6oXnTQT0YG6Um9UJ1i%2B%2Bbq6DysgmtR7hB8NLx9d2XaFcEtJWDYNYy1k1VpIAizlriTOPdboMbZJtZBIvmPAX2yY2NAjJuT%2FMtUA6InwCDGBLjIXWSVS0I8gOo%2B0H9sAviAL59IV1TC3vN4isSjnNG8urBTQ2FQMyE1vNNbulSK3COHhXk16w0dVam1cH0%2FlGTjqCN8L%2FBwPAcjD15U%2FDEb6pLgTrgT06%2BRg3Jm8KRyg4o%2FV21T4w4UkjUSqcrqWTs1i%2FexsaDqZefPnycVQ%2B%2F9kx399KNxcCX%2BXuXPHgGcHgD2RrVTILnsRmp0MOFxadF2g0NLywZy54O8KCJMfRtn39I8SmkJEJ%2FBn19gq%2FFVjV%2FXTPLLH%2FLqd%2BRnhit0wId5S3B3XFP2jDUS5zUE5iSWhZg11jeGt8sK8oyglBIB6Z3NhSB16j33abTLiP1naP0dWYRaIctVGMkpwjF3S%2B%2Fkcf8EgFXAbDUHpbJ6NCJIpEWnCNx0EC1EAEWrXGc5bjxwtl2JT4U9BNgkQPzi3mOC3tHUW8KnfL7nGNn%2BHZWtSAKIl%2BFNZxjop4GejkHXdNVTqSveMh5I8vul4F1zd2bccp4XDgUvThIlZGeOwLHBEp9HpEWRNe%2BPNGSNChr9FdqBeHQ8ZnhmQCVmHwc4Rzw81hCC0HzuWe9eFKvFvrIOy5MUN6dWRCHQo62zZsA93y7I3eXPo4cbT67%2F9YVqWWQgmmiYNaR7y9%2FsYhX7ywZy54O8KC6KG9MrG%2Bj3IByOl8%2BcrRBH70jyrj4%2FkPrQBwJky5AiMSUBNUByF8QCCtoVbEHw5MiSLmwkQwKYCcUitHbDmNND956REKhpX7rE7pMYf7EiB%2FkNAUd5NBCY9Oy0A1nJFV9WUIkJ2GVH5mJjlvW41I2Tn6XV%2F0xlONzGs093Dw0sPDaJMr8lTCyn0LZHQBwbY3USz7UHWBo3qiDcl6oe9noyN3qR25efbIoquRfIs8jowB7c1oZJBmtDiqStgxdc4VVqUIUTJE0a7mpr%2FuOkFJOZBmrFekxs%2BPhAGLUp6b2MFzsaq%2FNHWEmj%2F3aor2yBHMMmLgqC6JLvV9PL4g3LGIEt3I0wwzqSvQt8yCzmUOR1WE1Jr7bAImwcvUDSIMQl1iiW6XpWNWfZP7%2FO%2FLF8NCbGznHVnhRpxpxuBz3zgOjylhKvpWWJc9DcE%2FLiCuP0kMKuY%2FC%2FMI5A9Og9L%2FcXtVMexMJT9EskBOK9QiNqhjFEn7oBmxcryWrUFAWlpZT8OObGixDAXJqHTJgoLdjx00MUui0QtLh8IkmE0IU%2FL0rxPNfUfPALNBlAZidYrUrQ6iqn4g6LXocNMAoOUf3Q%2BH8htevSOhALRNzMRdRKcDJ5SDKkV2JVySLhv45C4OH4lPIv5eweQgFO8nyfutKew9vbwqd8vucY2fedKj2PnYsFcWq%2Bx5R0db2nXajhPo0X5hvCp3y%2B5xjZ%2BFQpT9G2GnxxGUumLK60iGwC3WbP0MzaOovnX5NxWhx2ZRlLNArAVKj89149t5y9gqM4Vfj8mwrdPOW3s57rVzziaS0JaTr7tKkz%2BJ%2BCH6Bo0h7tP7uruSs274s8nNEhy9IHVRZMO6kb1%2BomH01LNqfm0vtZ%2BIa3fL%2FGSbtO%2B%2Feovbnz18UtDhbWa8Jd10rZmJF87gwRyWGsjyKyKUskBz1ejoGxqiAAYovL0oe1jmua2I2qFr6FRISj5yOkAAI1Syxu2G9%2BY73FmyXd7HESdIsZdDIdu6CmqWWyikeMox0uDsnIyJwOo9e94SM0zOxl1cOW03T%2FqRZst2XMBw5%2FpqGhYit%2FCFQ0klWWeI3TFeyA62UhRU9%2BX%2BUGZ1L6A9IC7iHMdxMw65z87i%2Bp9Zc6zCeB4N4ttmjfluG2m2repg6KJa3PZsJjc9WGwSRRdc8VuMm3Vl26zU8E7jPmH5AmZy5Rv9tUDyw6TUpWi0aaVdFaE60NdaRh557OuzcyZdTBHg9q2vsiUvNKIyGcICF9k9vmoIIYIcA%2Flt6AOlI5troj5gJKRh%2FNLfcwABclK2ief%2BxIQg6VRK%2F%2F9LgG0GtN5mAhSA29ow5SB7igN%2FBi8o905SFMvSHMZpFPqm6gKcnYzyF3BuR%2FEUT5M%2BJux4RCmFSFHsmSc6IFC%2BQSEXo6sZaD%2BCHrglKfyCt4t4J7swCkdpjEt3GaJ0xQqqVDwHzUmr&mm_sceneid=1_0_127238467_0&a=xxc%3Dad_ztc%26mi_id%3D0000yhO_Dy9fuQRTQSTUE4eXTHnNfOjbKtxGRCNycaxnsb8%26skuId%3D5772732760833&id=956754231791
849320045892,POPMART泡泡玛特CRYBABY哭娃眼泪工厂搪胶脸毛绒盲盒可爱玩偶礼物,136.36,¥,券后价,卢什大可乐,XLL TOY大号玩具,回头客3万,2000+人付款,广东 广州,"48小时内发, 包邮, 公益宝贝, 酷动城",款式类型:大隐藏 | 出售状态:现货 | 系列类型:联名系列 | 品牌:POP MART/泡泡玛特,https://g-search2.alicdn.com/img/bao/uploaded/i4/i4/854130513/O1CN01GM4v6v1Ff0IXg8jhG_!!854130513.jpg,//item.taobao.com/item.htm?id=849320045892&ns=1&abbucket=10&xxc=taobaoSearch&mi_id=0000-Cw2fto1rfB3mFD6VFsF3R3uq7w-_bgcCIjrm7s19wc&skuId=5968220187463
955686092012,搪胶公仔漂浮儿童宝宝洗澡戏水玩具喷水海洋动物多莉尼莫小丑鱼,9.9,¥,券后价,街边_男孩,童意玩具城,14年老店,200+人付款,广东 汕头,"官方立减12%, 包邮",类型:喷水类戏水玩具 | 适用年龄:8岁 | 材质:胶制 | 产地:中国大陆 | 适用性别:男女通用 | 品牌:KUN SHENG/坤盛玩具,https://g-search3.alicdn.com/img/bao/uploaded/i4/i2/156637626/TB2UhhkzbBmpuFjSZFAXXaQ0pXa_!!156637626.jpg,//item.taobao.com/item.htm?id=955686092012&ns=1&abbucket=10&xxc=taobaoSearch&mi_id=0000SzWyGDkhHkAK1-WgoLKEHbYFPHQ80N6kbCUetpm08rE&skuId=3510370309892
,,,,,,,,,,,,,
814634274184,迷你卡通搪胶小兔子玩偶动物捏捏叫发声软胶戏水玩具宝宝洗澡玩具,9.9,¥,券后价,ruangdoho123,简艺舒尚玩具,8年老店,300+人付款,广东 揭阳,"官方立减12%, 48小时内发, 包邮",类型:捏捏叫戏水玩具 | 适用年龄:3岁 | 材质:胶制 | 产地:中国大陆 | 适用年龄（新版）:3岁及以上 | 适用性别:男女通用,https://g-search2.alicdn.com/img/bao/uploaded/i4/i2/1589726586/O1CN01tDe4uR1yWRMqdus4p_!!1589726586.jpg,//item.taobao.com/item.htm?id=814634274184&ns=1&abbucket=10&xxc=taobaoSearch&mi_id=0000pr6j-pBAD_76Hl_Mgz5h2JeG9mxzvTKQic0VWCm_Rk0&skuId=5512005137575
968392331891,28厘米儿童玩具搪胶娃娃可爱表情呆萌洋娃娃套装礼盒女孩生日礼物,45.9,¥,券后价,无爱所有,查理的儿童玩具屋,10年老店,100+人付款,广东 揭阳,"官方立减12%, 退货宝, 包邮",玩具类型:塑胶玩具 | 材质:糖胶 | 适用年龄段:≥14岁 | 适用年龄:14岁以上 | 适用性别:通用 | 产地:中国 | 玩具系列:时尚类,https://g-search3.alicdn.com/img/bao/uploaded/i4/i3/2298875148/O1CN01eZTuaO1ntpwVDrtYA_!!2298875148.jpg,//item.taobao.com/item.htm?id=968392331891&ns=1&abbucket=10&xxc=taobaoSearch&mi_id=00008PupqLzoRLwahEFCxHsYKNmavQ-lpzVR2ryYIsklqVU&skuId=5604920376544
963045378167,OHKU 绒绒怪茸茸森林系列搪胶毛绒盲盒挂件摆件新年情人节礼物,78.22,¥,首单价,ohku潮玩旗舰店,OHKU潮玩旗舰店,,200+人付款,广东 东莞,"直降9元, 淘金币已抵1.78元, 退货宝, 包邮",款式类型:隐藏款 | 出售状态:现货 | 品牌:OHKU,http://g.search.alicdn.com/img/i4/8005253269/O1CN01VxwX841a1FrNp3Cfj_!!4611686018427386005-0-saturn_solar.jpg,http://click.simba.taobao.com/cc_im?p=%CC%C2%BD%BA%CD%E6%BE%DF&s=1625334789&k=2349&e=SlLcf5OtwxDBnrOQlg3sq%2BnWz0WiZUUN3%2F7I8V7IUS9KX%2F9UhBkls4HErlRnZU%2BIDGhdP18Syy3HMQz2k2BVKInw%2BEquR7I2Ors0k8ju2FiP37p05aBF%2BBGUumLK60iGzCtOzWTmTLEsjMMoYv%2FD7si2FSCybe%2BI5n0zeG0wsmCrO125wi%2BpCXjm5uZpRCOo%2B8QIiyb%2B8Za%2F9MtbID3sJ30XUpMNH6j8supvX5mGggRMKnpc6oXnTQT0YG6Um9UJ1i%2B%2Bbq6DysgmtR7hB8NLx9d2XaFcEtJWDYNYy1k1VpIAizlriTOPdboMbZJtZBIvmPAX2yY2NAjJuT%2FMtUA6InwCDGBLjIXWSVS0I8gOo%2B0H9sAviAL59IV1TC3vN4isSjnNG8urBTQ2FQMyE1vNNbulSK3COHhXk16w0dVam1cH0%2FlGTjqCN8L%2FBwPAcjD15U%2FDEb6pLgReVwrkO777K3DGgnTQD%2BvEsww1qiJsWkSBu%2BxB4dM783GyZGsnA6xPi7kik6tbpah%2Fut4DdjemxyVpg4RlRdIoC%2FaENjHoGvU7dQpAEnlqcT%2FJsgptIQfvoLTacVrMxu6ZX3iewQ7ZXLYq7Wr8q7lzYfIkTNZhCY8lnaQFZ1F90Mb812vcF71ZjClfYDGrP5eA2oCFUXBmA9tmh3dW0viqhzBQWThe6KSwD2i9brFNT5epFisoJ3KAFn8h83uGIX5dqj3db6%2B3Qck0zRQwDtIqdWS7TU614J8UihQGC2UXXbAI1uJkSBFwJhBeRWsJTrfmrlPx5lj1WtwK7kYBotWJ9hVtjVrTPGVKRfi84AYYcuJIVWH%2FrFVe5uJBQRURtkVmhRk1ErTktKGv0V2oF4dDxmeGZAJWYfBzhHPDzWEILQfO5Z714Uq8W%2Bsg7LkxQ3qYGEq3RPVIHVm6Cp7dm5cx%2Bl4%2Fd14oBmt20bHyUxGMYAs5haeB5d92To6BJh890VvL3UofEdZtpdfxjN%2FoHs1zbYPS1bGmC13ynMHYAbDYrMV3k%2B1XI0Fpui51xbpmzaqA8p3QTjlC4o4IxdrLeTGSBNTVxi1rf38lTeex5BIyzsRryIuzDR8qs0FrNBdf6kMlDTQi%2BdsSu5xwo6Ltvwg0j1Lzj8zdClqoZm1%2FSahrEnokINJvLza4%2FVXCoBIs7M7tLSNbowu9kp7j7kj1qfCkyLwbsZRZ%2BybJZhNteeQEBs3Eut94sz3dK7133%2FH7KhYkX%2Fui2aJhqgfOdnHPqNmPqxdsHpZpQ51i0hve7oLmQqyd821drZNW0ay1h%2FCFHnaRrUPcs2hekOGBfeUoXEU19rYgdVbXfz8yL3LyoRVzN53%2BrlIkglVLXm5HZUXTdMx9Z%2B%2FFNAWl%2FiPE%2B%2FnCEJanTMiLg%2FtlV89AjX3JhvwOiLys5CL8wTcqsLD8cLonhmm7okle%2B11EgxZ1ZsTL3ZRgeyi5w7CHuhy3i3gnuzAKR2mMS3cZonTFxsgXVsceaCnoHp6mVM7%2FXyHv6X6LCDqashqWN%2B3HRInAEcxFnb13P8BXSijaV1tQiWXPjkpNkvTw7dDkqCQR7jxXkJUQ6Kc7bUCCg36mi%2Bqb7VvikFkp4qos66TLOgTvwpNjTx0ljid47UvoxWgY%2BId3hbYBgROj2bsk1M01%2BXfCk2NPHSWOJ3jtS%2BjFaBj4JITc1Z4SKJT5VvAPi69vSyYoIDoF2zl1x%2FG5%2BIUl8lKpuxH0rRvDb2AqQLn4JBhQmJ9T%2FahPBssUXWGXRHhlAAddyirMPLJ1IJBAse85f5K4dn%2Ffjzsz5qOI216LqThjQ%2FscXwocjfTASsk%2FUvIhFLztt4EEHtMIMhrQv5aMWq16vkZNLts8vBWcjrqqUjVqcE8MgrL4KQVoxsMd8ZLy39UplrgQBUnXRegIMCvsQgTN%2FjTfhcrJph61hcBAFUJYe26Y4dyyC2VsSZpGxLObltDamjGymg0eqqV2BdAsS7EVpE%2BaQ89oIStQ9vVDg%2FadjfU1Q33KXIEtGROpDX4aUlkO7PgMWpa23ma00FEE730a0kPuX5MUSV1BlI1rZqHWosvc76P4uVC6FqULjTQLXXvlcPUK16t2ngX%2Fel%2BhriubjRg%2Ft5VJkVtmiIrxk3cfTZHbryLCs3pCuykE25NcFeur3w4eISUq94oauLXwkkqJ3XWLDxbsfmy1XxOzgHfrs2pbH1Ea4dNGibxW1wDr7RLHBcm8J%2BAP5HI78lyh1Z7NXL%2BzNfFYAOu7LLn4sCp6SsRihFYChyUTsllCDuYNFPDsOKtK4ma5UsvYfhtoyPuQcXmI97O8gTCZxa%2BPe894P4IeuCUp%2FIK3i3gnuzAKR2mMS3cZonTFCqpUPAfNSas%3D&mm_sceneid=1_0_8005253269_0&a=xxc%3Dad_ztc%26mi_id%3D0000U3rS3wfmPvZEKBKtL5cmAfceAeGynSLVIi3HTO9ZZsA%26skuId%3D6140902291177&id=963045378167
839923914481,正版罐头猪LuLu猪宅猪相伴植绒盲盒潮玩搪胶毛绒玩具摆件礼物手办,68,¥,券后价,tb086198083,潮玩集合社,回头客4万,900+人付款,广东 广州,"店铺满11减10, 包邮",款式类型:小隐藏 | 出售状态:现货 | 系列类型:联名系列 | 品牌:TOYZEROPLUS/零加,https://gw.alicdn.com/imgextra/O1CN01xpvWuU1qROJTOlkuD_!!2224965492-0-picasso.jpg,//item.taobao.com/item.htm?id=839923914481&ns=1&abbucket=10&xxc=taobaoSearch&mi_id=0000IVcXC7CClcZUP-EDZsSK89SAXcrnadfiWMX51cjr24o&skuId=5628761244219
744312808296,大号原版暴走哥斯拉对战金刚怪兽之王关节可活动搪胶玩偶模型玩具,32.2,¥,券后价,tb085308766,香香的玩具店,7年老店,300+人付款,广东 汕头,"店铺满10减1, 淘金币已抵0.45元, 退货宝, 48小时内发, 包邮",,https://g-search3.alicdn.com/img/bao/uploaded/i4/i2/4004068109/O1CN014kGyQi29lyaU9hmnm_!!4004068109.jpg,//item.taobao.com/item.htm?id=744312808296&ns=1&abbucket=10&xxc=taobaoSearch&mi_id=0000i01e1xSfDsTISIVmy_RyoYnudAaSO3pechuNxcRR_JM&skuId=5307669151209
968405877397,儿童捏捏乐戏水子母青蛙套装软搪胶捏叫宝宝洗澡玩具沐浴小猪鸭子,17.6,¥,券后价,树荫下的我与你,彼爱多玩具品牌店,16年老店,100+人付款,浙江 台州,"官方立减12%, 退货宝, 包邮",类型:捏捏叫戏水玩具 | 适用年龄:6岁 | 材质:塑料 | 产地:中国大陆 | 适用性别:男女通用 | 品牌:吉鑫,https://g-search3.alicdn.com/img/bao/uploaded/i4/i1/162846269/O1CN01eNKnmW1wBFliF8GPv_!!162846269.jpg,//item.taobao.com/item.htm?id=968405877397&ns=1&abbucket=10&xxc=taobaoSearch&mi_id=00000orhdGPFtUOw_yFsR3hiXiwY2KUuSQrqOPh5zi_krwU&skuId=5163314902739
955687348828,盲盒公仔手办定制搪胶毛绒娃娃萌粒摆件潮玩公仔创意定做树脂公仔,28.8,¥,,1501443ljr,PANYOO TOY,,44人付款,广东 广州,"退货宝, 包邮",,http://g.search.alicdn.com/img/O1CN01TKaq6J1Ml8ueeOW84_!!2710261474.png,http://click.simba.taobao.com/cc_im?p=%CC%C2%BD%BA%CD%E6%BE%DF&s=1625334789&k=2381&e=CnTTVffDuJ7BnrOQlg3sq%2BnWz0WiZUUN3%2F7I8V7IUS9KX%2F9UhBkls4HErlRnZU%2BIDGhdP18Syy2rzWxHHYgQK5Nv1YGy%2BdewV4fW%2F6jwjg2pajrivhjFqBGUumLK60iGzCtOzWTmTLEsjMMoYv%2FD7si2FSCybe%2BI5n0zeG0wsmCrO125wi%2BpCXjm5uZpRCOo%2B8QIiyb%2B8Za%2F9MtbID3sJ30XUpMNH6j8supvX5mGggRMKnpc6oXnTQT0YG6Um9UJ1i%2B%2Bbq6DysgmtR7hB8NLx9d2XaFcEtJWDYNYy1k1VpIAizlriTOPdboMbZJtZBIvmPAX2yY2NAjJuT%2FMtUA6InwCDGBLjIXWSVS0I8gOo%2B0H9sAviAL59IV1TC3vN4isSjnNG8urBTQ2FQMyE1vNNbulSK3COHhXk16w0dVam1cH0%2FlGTjqCN8L%2FBwPAcjD15U%2FDEb6pLgTqgwVtvHgcUckWpbkqrcPJo7x0s8tmqbCBu%2BxB4dM783GyZGsnA6xPi7kik6tbpah%2Fut4Ddjemx5r5ALbbbChYD1IpLd%2BdBYaa4lwmrzi%2FzZbxWjoxeiLL548Zx%2FPb1noKuGMpJKOOnGwyAoLEcO90%2BlcZjmalhfaPTvo2NtlEtLxZmucOlOGG9PMmO55MWSVZ5OKCgMurZaSqBMuzWLfriSiWMtYogVV0WrRAvPHAWZepFisoJ3KAkp9D%2F7RobdycQjtzHnyxX7cMt4DVKteuHT6t0yhMGIPLvRK7ZhN3Qg9SKS3fnQWGcupCj%2FLHv5HonV9rAqvjzw7DjbPw39wkuDbXX11gRvSVOGAfu0qyx6UAJctYEDb5jkkLrFWVl0opeUQwUpa%2BWf3a4fI4tz73%2FIWGd7Sb0vDsULuM%2BjKRhhCMbcSdR8d2tvlbCNnFUjfk%2Fcs1qpRMdIzxZ7dHwPcML%2FGEIrKXOVBsA93y7I3eXMwC%2BEdmlJjyk5faMZm%2BwMupQ9ckuAI1mN4i7%2Bcn16ImpgA1Ef2Pp05dTQ260UqOdPNKJM29u3o3ABm97KkId%2BUqgZBJT73eS0eSuiXlrNTzglLyx5HTDZXkxCRFUpxdYvqQ5mOJIr6gyCPjbawX5yDXu%2FYGArW6nqUC69SeU9lXmIuJ%2BGwgjd4BhZ9j1yh3fvj66xdrK5rW2QOLybqoPbscfBnqRMK93cwZK1kyj8Istaaz7ns60UPMgE093IZEtY2L2b8wg81SQM95KojHxgOeO4%2F%2FN%2Bd64Vd7qskUqbhF7wO%2FLQn45WwOdzgokEkQk927ove3yBmbWd1WhgArmGbN%2FUXiaHVbuudBbnZv7xKDVTbIefZx4t2hm75QwxCdZ6XsqJlTMtkhEVZ5Qd0WcL%2B%2B3MWkXDpgOTgnyZfWm0nWbEnqDcszAdXpDh4Nj6xK4a1v5e1wk7eh3GQ12ql9BElAlLl0cqmuARda2LnVAY8wj5NukI8cQ0J%2B%2BUEyZPHF8Crdpwn15E0NfrK4IdhAzEILYWCEjXYEOmMYJFF1YEN3QHTUWrKcAE57TwZE4o7AvLi8la2LTD%2FhuU0zKmHpjYtuLd95Dq7R26YrbFfwB1wI%2FtsoUkEKULdbr8Rd9LHIEGDcA3RCBg%2B09Z2BzCz27pfRC4KOxFVloWhlN3rbOQ71hgbgwZmIzS6bQLbQx43GYAMzsC2sWmMfaGU3ets5DvUrdjdhY5fKCy%2FvZz8KsTrImiHFR4AX%2BbzMxuxgjrg1d%2Bo8JIrgXdKO3rLeHec9kmKJ987ONV%2Feqp%2Bv5MJ%2BklOznGUJuV%2BupQpFvOvsXludZdOeAubLhBmk2lH2uwGjIpCjgcoaWmCmh5U3qSIqjdCetJZ%2B1ip1N4VsA93y7I3eXP1GoTWAOTMfbV66%2FOwj3wVdYpVQCdb5D7Nu%2BLPJzRIcXoD22AfRhDKnXOiEtEpHUSI2zczhjMXJ7iVL%2FmGTb4X6%2B5SoggQQY9zCJqK4uDOIhDKGAhzgt9ej0omk2KrbX9xWR53QP18zzBYuLjuUrcYc%2B%2FOnHCcS08GBUSGkd%2BeqwQlmiM%2FlTVeucT3zqffd1wRUZa2fSDRPDikUi7HyANY9ovaEGlR2CbcX1qyszAhXNnjkgNkJRUFWps9ugmfA8mx8q4ZQrjUYB91XASu%2FgAdSxeKGDnb8h4i8tva26SQHenp7HI0seb5ZE17480ZI0KGv0V2oF4dDxmeGZAJWYfBzhHPDzWEILQfO5Z714Uq8W%2Bsg7LkxQ3p1ZEIdCjrbNmwD3fLsjd5c%2BjhxtPrv%2F1hWpZZCCaaJg1CxIY7I%2BDoquP7rtXcwvZ%2BbWw14AjKk1lkTXvjzRkjQjo61jKYkv0SIVrxCjCemcIkoljLWKIFVhS0JNMj4sD%2BroTXJYfZDzV7Zbqi5xz5AvAFZHL2zxck%3D&mm_sceneid=1_0_6433046716_0&a=xxc%3Dad_ztc%26mi_id%3D0000zB1YN5qvfl3jfmK38uutYGb-mYuyXBEY18TGGAsWu5I%26skuId%3D5985209232935&id=955687348828
984080884271,【UTN】线条小狗猜猜我是谁系列搪胶毛绒盲盒公仔玩偶女生礼物,58.58,¥,券后价,utn旗舰店,UTN旗舰店,,73人付款,广东 广州,"官方立减15%, 包邮",款式类型:隐藏款 | 品牌:utn | 商品状态:拆盒不拆袋,https://gw.alicdn.com/imgextra/O1CN018yX1Jl1TvrU5kNyCw_!!2217023652445-0-picasso.jpg,//detail.tmall.com/item.htm?id=984080884271&ns=1&abbucket=10&xxc=taobaoSearch&mi_id=0000yye4OWLpJAQhYPCMych-HIKdWs4-rynfAWTrfp3Gm9s&skuId=5943219412843
961742796007,正版ANTOO安图失乐园系列搪胶毛绒盲盒潮玩可爱公仔手办中秋礼物,109,¥,券后价,lazytonywu,易启潮玩铺,回头客1万,300+人付款,福建 泉州,"官方立减11.9元, 24小时内发, 退货宝, 包邮",款式类型:端盒 | 出售状态:现货 | 商品状态:全新未拆封,https://g-search3.alicdn.com/img/bao/uploaded/i4/i2/549781350/O1CN01FtB3gV1LqLlfm41ck_!!549781350.png,//item.taobao.com/item.htm?id=961742796007&ns=1&abbucket=10&xxc=taobaoSearch&mi_id=0000ugi2uXn3v_fI26WCUsoiOWYWNBx3odIO_LokJ1M4GF0&skuId=5891870544672
993548610637,正版Nommi糯米儿一口甜心阿玛莉莉丝联名搪胶毛绒盲盒手办礼物女,99.9,¥,首单价,knoxx潮玩,KNOXX潮玩正版店,,300+人付款,福建 泉州,"官方立减12%, 直降11元, 淘金币已抵0.99元, 退货宝, 48小时内发, 包邮",款式类型:隐藏款 | 出售状态:全款预售 | 品牌:TOPTOY（玩具）,https://gw.alicdn.com/imgextra/O1CN01mm90271H4Tw24gsJZ_!!2214236940704-0-picasso.jpg,//item.taobao.com/item.htm?id=993548610637&ns=1&abbucket=10&xxc=taobaoSearch&mi_id=0000Zpu6jdYk_qqkdXAREH5EvpGR_7DHt8HRxGB6anMnLmU&skuId=6136582071495
568288221854,搪胶发声大刺哑铃 宠物狗狗骨头磨牙洁齿训犬玩具,5.9,¥,券后价,完美时空2013,爱嘉宠物用品商城,12年老店,300+人付款,浙江 嘉兴,"超级立减2元, 淘金币已抵0.11元, 48小时内发, 包邮",,https://g-search2.alicdn.com/img/bao/uploaded/i4/i1/1574581606/TB2MBiTnNGYBuNjy0FnXXX5lpXa_!!1574581606.jpg,//item.taobao.com/item.htm?id=568288221854&ns=1&abbucket=10&xxc=taobaoSearch&mi_id=0000dOCw_uYbxEaEUGMJ-Szu5uZ2n2ZHTiNhitn1YALVnro&skuId=6156926842330
899189347605,泡泡玛特DIMOO迪士尼搪胶毛绒挂件米奇WORLD系列玩具钥匙扣盲盒,49.9,¥,,李超越0922,TOP DOLL 俱乐部,回头客1万,9000+人付款,广东 广州,"店铺满299减3, 新品, 包邮",款式类型:隐藏款 | 出售状态:现货 | 系列类型:联名系列 | 品牌:POP MART/泡泡玛特,http://g.search1.alicdn.com/img/i1/1392190029/O1CN01eydHui1C5KbmJmuBu_!!4611686018427380301-2-saturn_solar.png,http://click.simba.taobao.com/cc_im?p=%CC%C2%BD%BA%CD%E6%BE%DF&s=1625334789&k=2413&e=As%2Fz5bUODO3BnrOQlg3sq%2BnWz0WiZUUN3%2F7I8V7IUS9KX%2F9UhBkls4HErlRnZU%2BIDGhdP18Syy24zv8F72ozxLQdYo5jxcksE5h41AcYOzypajrivhjFqBGUumLK60iGzCtOzWTmTLEsjMMoYv%2FD7si2FSCybe%2BI5n0zeG0wsmCrO125wi%2BpCXjm5uZpRCOo%2B8QIiyb%2B8Za%2F9MtbID3sJ30XUpMNH6j8supvX5mGggRMKnpc6oXnTQT0YG6Um9UJ1i%2B%2Bbq6DysgmtR7hB8NLx9d2XaFcEtJWDYNYy1k1VpIAizlriTOPdboMbZJtZBIvmPAX2yY2NAjJuT%2FMtUA6InwCDGBLjIXWSVS0I8gOo%2B0H9sAviAL59IV1TC3vN4isSjnNG8urBTQ2FQMyE1vNNbulSK3COHhXk16w0dVam1cH0%2FlGTjqCN8L%2FBwPAcjD15U%2FDEb6pLgT03vrmFpzpv8sgpHlozHhk8DIxpyYRPlUcKpZAkM8lsx4onAUSiyXjaI%2BHdHAwbuRKNxcCX%2BXuXPHgGcHgD2RrVTILnsRmp0Na8BaRK6BgUAi0ndkpy5hphQfI7hJnGSMQ6Cndb6G8lqpOt3qy5zp3BTk39D3%2F4dTHrK5I%2B4hAZKAjCQw2zj1oRafPyMzRHyBYYKL8Pwxe15s5EJNX3UClVP8KSNKnW3dEMNK8rX4ZOkmUOhVnSIybS%2BxvJcN0jCUtQFqU4ElxOUdtIRUhEUaZBLbCh%2FYIOc7Gc5bjxwtl2JT4U9BNgkQPlYTsXgoTdS6QuQw0vHldtm0pOP%2Bo2umE1OiYg71r9ICwX4tfvBDnL9G0512Mi0tlmWFVeWw5LCOIJ1ocv3wKpM%2BFAOK6oQRNq0iH8%2Bir%2BqZ2JyAXENcsbvrk8tIx9qx8LixM1rgishKcgPusMYEBqXckLDMiIUkddY%2F5p3mj5Rj%2FS4BtBrTeZgZNCvwgEpJBJUilJfsCqLpkwnMN1EqR1JC5DDS8eV22qHQciY6uNUQROYfpYKAydXni6BmMDHbx2ihyGJLk2ix52PYGN6TF6XUx57hd0V6DuWp55F95CmJhNhbmTCUMRv7pfHdDu2LWg59VHgXy2Hqe0VLyjRJ9ZPPsOSUOrKwZ9WUIkJ2GVH5mJjlvW41I2Tn6XV%2F0xlONzGs093Dw0sPDaJMr8lTCyn0LZHQBwbY3USz7UHWBo3qiDcl6oe9noyN3qR25efbIoquRfIs8jowB7c1oZJBmtK%2FG%2FV70cRFEhEuG%2FPANNE08c%2FBf2a3WAJBmrFekxs%2BPhAGLUp6b2MFzsaq%2FNHWEmj%2F3aor2yBHMMmLgqC6JLvV9PL4g3LGIEuxcGXjgtZb7pOt530PUY4fL2Ey6%2BtKkYEkzSUgnfow5Nw%2FK100TaunhzIdfJVT6evkCVTPBDVFdQj5tFAY4qVGMVpI0NfUKnqLL3O%2Bj%2BLlQCtMIDG7coaltnnasxj%2F6C6GEaMhJ9x%2By7HTfS96nPK8esbcZk%2BBx2nSWCI4x4hdfXtluqLnHPkB%2FHfCte5GUb9AhIT65yZiV7KtZ1xYp5TzdNnTfGgfda43HPM8YgDXfHytp3LcqzmU1aRJDmgB%2BGz68uciR610Q13MeJjRhDH%2FSlxnor9stGB5DFwSssesLo%2BlhVhwkH5Wpi%2BeP%2BPE4GQi0ndkpy5hp%2Bc0wYizkhZ%2Box1RQJUrTFaWqnd8K6u75CLSd2SnLmGlF4WBiTo%2Br61olwaKI9LAb%2Ffe5WIQVlNI%2FFXE4qdBhKZbVEqz1RHIgdhlJnmuTHQ7XX8N26VIGe%2BXwTnd5PbG0pdvx%2BFX4g5sgkECx7zl%2Fkrh2f9%2BPOzPmq%2FkDmS7w6Z4MQKyr6OrSoZXpn%2B6poOrFDeyQD7xjMunxi5frLfz5nsCxpTsRUn%2Ff3G%2FsQmj8S5FRAZvb8x1J%2FNOeAubLhBmkd4KcmfGyrC3OXlDNCdQiXsiWINmtcIIke26Y4dyyC2XuJUv%2BYZNvhYAc4fO%2FGZJ%2FoJL0V4P1%2FIoKDtE8RQSh8EjnT47kWO7Nn7u6yyVF1Zert6tECgXcl8Ptd8iEB4OxCBz7cJ%2B%2B2x0cbU1p%2BprNgtGoZ2bMhnmkCVq6ubkqbn1%2Fc9aYreIyUcJ%2FQGSvcjaSyNpHbl1y8ne%2FEHHwElmrt0CUPaFZ54PiwYaUMgGCrkI1IO%2FhBPnLDHUx57hd0V6DgpKdyWh92En92uHyOLc%2B9%2FyFhne0m9Lw7FC7jPoykYYQjG3EnUfHdrb5WwjZxVI35P3LNaqUTHSM8We3R8D3DC%2FxhCKylzlQbAPd8uyN3ly%2F%2Fb10tFqXaKY18j28HDXsxJ6MvFiQmX5bvwzgMcVQME8tJWQuA9nWitIiP4TUb03jS673io3OfOuhrmFHIFSvrMc8NiP7rPQkl2S%2FIOGK13rpQviy7UFp10IAef5vjRk%3D&mm_sceneid=1_0_1392190029_0&a=xxc%3Dad_ztc%26mi_id%3D0000_BgF0DheJDzHX3oDv0D5Gap15srS8fi06jkw1KTx0Ak%26skuId%3D5861679045888&id=899189347605
1004827919659,TOPTOY三丽鸥家族招财猫HelloKitty搪胶毛绒公仔摆件新年礼物生日,249,¥,,toptoy旗舰店,TOPTOY旗舰店,回头客9万,1万+人看过,广东 广州,"退货宝, 包邮",角色名:HelloKitty | 材质:PVC、聚酯纤维 | 出售状态:现货 | 工艺:搪胶毛绒 | 品牌:TOPTOY | 适用对象:男女通用,https://g-search3.alicdn.com/img/bao/uploaded/i4/i2/2211430099222/O1CN01w4t6As2HzjdfYgOES_!!4611686018427382038-0-item_pic.jpg,//detail.tmall.com/item.htm?id=1004827919659&ns=1&abbucket=10&xxc=taobaoSearch&mi_id=00002iWCoK6Pd56qAUGklgLicC4YYlQb-MLercuQiJ-98jY&skuId=6166400055999
860048493173,小猪猪防摔存钱罐可存可取幼儿园两三岁男女孩生卡通玩具小礼品物,7.9,¥,券后价,xuemuye,乘风优品 NO1,9年老店,100+人付款,安徽 合肥,"官方立减12%, 48小时内发, 包邮",材质:搪胶 | 流行元素:卡通,https://g-search2.alicdn.com/img/bao/uploaded/i4/i4/208372885/O1CN01s4cSN41XBNeSEjUy5_!!208372885.jpg,//item.taobao.com/item.htm?id=860048493173&ns=1&abbucket=10&xxc=taobaoSearch&mi_id=0000o63bfttGAAp4Dxg_WtZ-jczlwlBxTBUtGZrnWTVr2sw&skuId=5794879950877
966582675675,POPMART泡泡玛特Labubu4.0mini拉布布四代心底密码搪胶毛绒盲盒,72,¥,券后价,tb772558038408,星星TOY正版潮玩,,400+人付款,广东 东莞,"店铺满20减10, 48小时内发, 包邮",款式类型:端盒 | 出售状态:现货 | 品牌:POP MART/泡泡玛特,https://g-search1.alicdn.com/img/bao/uploaded/i4/i1/2221411274813/O1CN01LbrCOa1lQPNgJJetM_!!2221411274813.png,//item.taobao.com/item.htm?id=966582675675&ns=1&abbucket=10&xxc=taobaoSearch&mi_id=0000UtfFGkyoZOG4aNkK05_DGPCwRIAlnw6KVFCMyGK7XSg&skuId=6011890560391
962276953446,POPMART泡泡玛特DIMOO心动特调系列搪胶毛绒挂件潮玩手办礼物,219.9,¥,,李超越0922,TOP DOLL 俱乐部,回头客1万,2000+人付款,广东 广州,"店铺满299减3, 48小时内发, 包邮",款式类型:特别版 | 出售状态:现货 | 系列类型:联名系列 | 品牌:POP MART/泡泡玛特,http://g.search3.alicdn.com/img/i3/1392190029/O1CN011EtyQH1C5KbUgnbyB_!!4611686018427380301-0-saturn_solar.jpg,http://click.simba.taobao.com/cc_im?p=%CC%C2%BD%BA%CD%E6%BE%DF&s=1625334789&k=2393&e=VTiiE7ihXCbBnrOQlg3sq%2BnWz0WiZUUN3%2F7I8V7IUS9KX%2F9UhBkls4HErlRnZU%2BIDGhdP18Syy24zv8F72ozxLQdYo5jxcksirpSIl0oOSsuei7CJoxOYRGUumLK60iGzCtOzWTmTLEsjMMoYv%2FD7si2FSCybe%2BI5n0zeG0wsmCrO125wi%2BpCXjm5uZpRCOo%2B8QIiyb%2B8Za%2F9MtbID3sJ30XUpMNH6j8supvX5mGggRMKnpc6oXnTQT0YG6Um9UJ1i%2B%2Bbq6DysgmtR7hB8NLx9d2XaFcEtJWDYNYy1k1VpIAizlriTOPdboMbZJtZBIvmPAX2yY2NAjJuT%2FMtUA6InwCDGBLjIXWSVS0I8gOo%2B0H9sAviAL59IV1TC3vN4isSjnNG8urBTQ2FQMyE1vNNbulSK3COHhXk16w0dVam1cH0%2FlGTjqCN8L%2FBwPAcjD15U%2FDEb6pLgT03vrmFpzpv8sgpHlozHhk8DIxpyYRPlUtC3fFkxci3lKJURSVI3TdBbr2nEj8j2neI9PfK7uiPeNb4I0hnbVX58PzoL%2Ft0fHE7qOhBjJ9nTCw%2BURj9h5bff6VfLCWBY5COCu%2BkJDnOZg%2F8%2BhkiVW%2BJ4WrefQQ2sreCCVdhic0pIv86vIsXm6cTeeMUMKAWL0LljDW6LmvC8FTucBX9FtDK8lN0ZviIlpRwd%2FCJk3UmzDCNvz%2F%2BgLQ0kgjl11PC7ySn0P%2FtGht3JxCO3MefLFftwy3gNUq164dPq3TKEwYgxTfxSnhjb%2Fkra%2Fm6vHGcukzHFcT3zzNPLXjtI3FsWQokosZ%2FBnk%2BPKpOEw3EAKspabC76SK7lHct02UoDWxM6GoSfQXvZVNH2aFGTUStOS0oa%2FRXagXh0PGZ4ZkAlZh8HOEc8PNYQgtB87lnvXhSrxb6yDsuTFDenVkQh0KOts2bAPd8uyN3lz6OHG0%2Bu%2F%2FWFallkIJpomDUPDU2cyi8iqRW0ZgYHQ5deyP6%2F1E0NmIAcjpfPnK0QRBSFgQbr1J23nmiVHEAmaxiOleoog%2F3S9t6rDPJuJFUj41tj%2FR2XnQ%2FyeA8gFeqsSsTukxh%2FsSIH%2BQ0BR3k0EJj07LQDWckVX1ZQiQnYZUfmYmOW9bjUjZOfpdX%2FTGU43MazT3cPDSw8NokyvyVMLKfQtkdAHBtjdRLPtQdYGjeqINyXqh72ejI3epHbl59siiq5F8izyOjAHtzWhkkGa0r8b9XvRxEUSES4b88A00TTxz8F%2FZrdYAkGasV6TGz4%2BEAYtSnpvYwXOxqr80dYSaP%2FdqivbIEcwyYuCoLoku9X08viDcsYgS1K%2F7AK%2FwYt3CFzCssRTVNNzDwdZ25VmWaXUcv4Bkj22UYsfg%2F3Um2L2TvQdBVKfIfa3rYL5XAfNCPm0UBjipUYxWkjQ19Qqeosvc76P4uVAK0wgMbtyhqdn4cTC7jPBRff0xcZC6urTsdN9L3qc8rx3eew%2FKW2jUdJYIjjHiF19e2W6oucc%2BQH8d8K17kZRv0CEhPrnJmJXsq1nXFinlPN02dN8aB91r876nt%2BR9Ox3iadmKpOUtcQ1BApWa2pynOhzdiw8tMwjGpQk0LLca%2BXUFvDcYRnuPakIV8JoM7k8XO4LAzRvqYJ0fjOMWqflg4c5sPIYWX7yqLVZSBpHnfZx%2FmqOI89I6J5EtzkQ4R7Hhzmw8hhZfvEuBlE6pXi%2B1LOVZQfc5iy1VDtNOtaZPzxnZFO4%2BJsiyVBphRlgchHsDsNQX9%2BjhVbjrSa4tlFsh%2F%2BhXdkHyzTUE8Ny6sOJoiFUIMGhBlPwkffuEC%2B9WOuqoX1uWDXrWro%2FkFyKf1HiYS4148r34Slw87tvom8RnbiVIpSX7Aqi6EHqo91V6uzsCQwawlVFy3GsYAwdcpKW3xo06KXvuVKH2NacaloCAYW8JZY9rwrvB5Bt5ntBiwsTgGrQNqOWfRM3%2BNN%2BFysmmMpL5jQJU%2BGxFgFccUY8Wgi6YSz1pmlRdPb0KzG71JwPXsHSJDEXrTE5apos5ZLVMRpkK%2F%2BSNV8bcJ8Gtqjj6ufmKfM8tBrboxe1PmcA1LURlMbVGuIyRvZK9nmV%2BCqnBLcDyfbSu11NdavumqgWMCqA1iAthEri6xB2to9nHoHnIr3kNabWWkeYG%2F9VLPagJKmCgRAen6F2foy1QXZoEP9YEItu%2BFR72HE%2FII5xd6dIuUFJ8yJdYrwyv2DoS%2F%2FaT9%2FG46G8un%2BmmMi4VVkSXCebA6qRw5Mr16IBlJhKpEBbGyyQ4uE0e9%2BTMCLKxpaI%2BcmvSltsw5czoddUYcaRoNGPgGU%2Bpn%2B8NfVqITA1%2Fygqot6Sc65BmN6UCECWR1nQ9Hd57D8pbaNTG05y42yPA1XezJLZtL9VT%2F2V7vtZ1cI5hzNuxHpdhfg%3D%3D&mm_sceneid=1_0_1392190029_0&a=xxc%3Dad_ztc%26mi_id%3D000050evHCq7Q8EtK3xPW-2t7KfBNeFh3JNOKwekLFF3Q3I%26skuId%3D5933425116028&id=962276953446
1014203286938,壹号POPMART泡泡玛特Labubu拉布布马卡龙可口可乐搪胶脸盲盒毛绒,159,¥,补贴价,吉鲜宫海参,百亿补贴品牌优选,,100+人付款,湖南 长沙,,款式类型:端盒 | 出售状态:现货 | 系列类型:联名系列 | 品牌:POP MART/泡泡玛特,https://gw.alicdn.com/imgextra/O1CN01hupn1Q1cA4iXYFv5b_!!2205835783559-0-picasso.jpg,//item.taobao.com/item.htm?id=1014203286938&ns=1&abbucket=10&xxc=taobaoSearch&umpChannel=bybtqdyh&u_channel=bybtqdyh&fpChannel=101&fpChannelSig=67ef86d5a64b6bbbd2139777de809489d4cb33c1&mi_id=0000W7NdRO8JYRnglC5dAAn-eKaLYjbXCxJWoUdHUQsvvE8&skuId=6185772235215&maskChannel=bybtrs
863819733657,正版三丽鸥精灵兔盲盒三代搪胶毛绒宝宝可爱手办公仔女生礼物摆件,129,¥,券后价,tb8810973506,潮玩正版盲盒,回头客3万,600+人付款,浙江 衢州,"店铺满39减5, 48小时内发, 包邮",款式类型:端盒 | 出售状态:现货 | 系列类型:联名系列 | 品牌:TOPTOY（玩具）,https://gw.alicdn.com/imgextra/O1CN01WQ9CFa1hH0lcqEkpR_!!2210949144251-0-picasso.jpg,//item.taobao.com/item.htm?id=863819733657&ns=1&abbucket=10&xxc=taobaoSearch&mi_id=0000_PWLHHZDtI-ZUySl7Nyx7xa6PquRqgl2UgvVafUewXA&skuId=5687650233805
913305891390,【现货】正版TOPTOY蜡笔小新换装派对系列搪胶毛绒盲盒手办礼物,79,¥,,我爱发明1999,Und正版潮玩店,,100+人付款,广东 东莞,"店铺满500减5, 退货宝, 48小时内发, 包邮",出售状态:现货 | 品牌:TOPTOY（玩具）,https://g-search3.alicdn.com/img/bao/uploaded/i4/i2/2631164325/O1CN01eZ9fhA1hou6DmuOqa_!!4611686018427380133-0-item_pic.jpg,//item.taobao.com/item.htm?id=913305891390&ns=1&abbucket=10&xxc=taobaoSearch&mi_id=00006GeQbO-j6dvFHnab2sdK6oCX3hzmjlmYuwigXrIC_uQ&skuId=5946758351812
962109044484,宠物狗狗发声玩具 搪胶花生 解闷器磨牙耐咬柯基柴犬小型犬玩具,36.8,¥,,tb2116194705,时代精选,,0人付款,广东 广州,"店铺满20减3, 包邮",,https://g-search1.alicdn.com/img/bao/uploaded/i4/i1/2215452370084/O1CN01yACqMF1CUWDUci9rQ_!!2215452370084.jpg,//item.taobao.com/item.htm?id=962109044484&ns=1&abbucket=10&xxc=taobaoSearch&mi_id=0000lCCj_agVzmkuavWx48HBZgDLqlpy5oTP5GPp2jhJlLc&skuId=5357624285768
910564994434,原谷动漫面包超人果果睡衣party搪胶毛绒动漫潮玩盲盒可爱礼物,89,¥,券后价,tb458342223734,原谷动漫,,56人付款,浙江 金华," 3期, 包邮",款式类型:端盒 | 出售状态:现货 | 系列类型:联名系列,http://g.search2.alicdn.com/img/i2/7238045350/O1CN019D5XOx1pOM4ZFMv9x_!!4611686018427383462-0-saturn_solar.jpg,http://click.simba.taobao.com/cc_im?p=%CC%C2%BD%BA%CD%E6%BE%DF&s=173522624&k=2401&e=w%2Bh1YMor6C0liJaAMYKUKXDMLSdRWEsm5U7hkMYyyqsKv2VpMg12F7OluFws%2BBAeWwaH4y2MFWLrzZO30mwv9gbvy1inHIoxcO2mQiOZthM4fB33DSvNVkE%2FRo9LblNxoTWmBQO%2FfPpONMv0nxCracvadM1g5GjtEGrbI2Iee3kB86zxTlg%2FUzMhjN%2FKJYP46F1pHXAADxEwO%2FWdIRhECBBi8JfKHddDvOHqq3KlCUOJp6RuNtwA%2BMzSsmkyqJmVRvlCAE%2FRgTCj32N4lFYG1NUfhCQHR46Of6C6oK1PFYUSstNUEl%2F1rZVKhxVm2dJDB8dRtAPBBnpfGWzjg5H6s3kgAfhlTz1eSw4S2b1GjX%2BFyMzYlJ302i%2BnZ4kGh0FYSxRecp4ipUjZVTVTqsfbXYyeFVpJv8upaifvIekxlGKWEtugVJLC%2F6XDqoupDn3dJcrfeEYQg2CbSZH5egExg6gpohAoJW6BIfeJFsLS0DEuFBVhNXWbQpY3T3lxKb1EcximgMh8BFvbsWPh6dUbvkhrZUdpXmMNt2mZxUFQD9Dse6GlO8jI%2FOmaE0qRD4Mo8XPo%2BYnr3pbbsa4OEEPLPzZFBSrsGeso9U0qpB0PxSEeCZbeWJjqziUzhDgPFS%2Ff7N7dYxQE9DwNIxZ1OnmCEp6%2B0zly%2BJirlzCB6riGLiEl%2FTKz3CYuVhz2EpW84nU%2BsCVxa2P6pJizJ%2BNG0TqfSWT4MenZukw3s4PurNoklxUGiZE%2FZS0UBsFJAKFa%2FdfYwgcWFZFazSCHE8W994vgPkOEZGISYZZ7TRZxbmh86Eq2O57ftZJt%2FF%2FJGokMd%2BQqtpXde1qwoP0QOkbHg5NX2NnXHNTwK2Ge%2BsZ0C2CfeTbx8AwkQZjQ8xudBGDi%2BOAGIWST5PwwkDT1nr9R%2FwKclwRRAbCdRXRik1%2Bibasjj35nSxton9y%2FbcFJAKFa%2FdfYhvp7LdiFdAD7gOJfks0EB%2FUHd6mnJg%2BojRY8My4BK95jY0WctOC7r2ukq7p%2FVZRb4NTey0iuHp%2BybWyKKFye8QHUq6LXQFZ7lz1fOzyK5%2BGq3AxdUGWMEo9uUNHejA%2BNMUK%2B7BwpXzqqoDo88UZUJE%2FKxf6G6I%2BjLLZwcgS2%2B0PAuoXPj9O%2BMSE%2BNpVdCKyYF6kmM0eOUbQnEWFmTuRqIoVJwsiESpuqL5H5o1nx%2Bk7aGwMz8cEMR6pf7PDU%2Ba1QCzdKyYY8RcDyiHRMPpFM9hYQwt5mibCo%2B3aTUZl8mIfLHFw05LB5oEkCfJhdufri2ECl0fA8IRQ4HCaNksF5XiUzhDgPFS%2Ff7N7dYxQE9DwNIxZ1OnmCEp6%2B0zly%2BJirlzCB6riGLiEhBYzWnto07HCzzWS0oQwcHOaa36l7yfRizI%2FQQVJaCoeT3WdDWKagyD4iNYG8Oe%2BTRKv9IYwmunjse%2FYwYPdnIgpBheW5Lsc9T6GYUlSq0igMB5r5IYbsNMKUnECXyi8k7yoiynUFY8EnjGTNUqTGkVsRqgJPUzCvDyBuOS0afek%2FgQziIG6ZyCHb80gh%2BDcRA%2FMlbiyB9j%2FaGYdkxXBqk5BkAWwWhpE2p5iQLmmHwMxCa1IblUxJLWJGLdn6LrQRmMvsIefwR6MJ1%2FSRITL9XRnmFvHu2kLr9BOXIISi32qTU8id9yqmDMwyAaAClVaZiLwWEKLT%2B8L8Wg5x3PMExMzwvAa%2FBBvmRGfyAUK6Ynce6qvmoUn1TSQSXvS4qgmxR2aFru5NmINCHdzksGUE5jhCFVpCBxd5EYaSbCVZhunEj7T%2F3dfY3osbLNIaiQbCjViuamQx4RG%2BfR0bKYLUoQywA5yS4sc92YXV2jQLFJcLuYMFWU9AtTiXCgPLvR5JExLwj68X5EhB1jq2We4xqOI67KNyVljOAzTWvUb68999xPk5Gz11A7n5nC%2FeT0EtolWsxub8jaHUBWIfVtbGoX7shM%2BIR36rsDSS%2BtkBoAHnMzD2uzEGTQuVBuPgEsOPIzNydN8YwQ7jEsQgpHmWGumI0z6i1KGC3Nh4IAbkG9d8i6GoOvf2sW9koZg6gq3Y6udLe6XoB0PzntsjxzAH%2FuPYoDay4oBwE8oJcupZ9G8W8NIy8JlEr71ptSsrMWsG%2FVl7wXcHYy8eN%2BGKKncm%2FWIYkwYsx8PE9U1kISBFfusZZEzJkRqsLVuyMg9wP2G7aoPR8wiEdiXVBvICPxkFdiaACB%2BgAXoAABhGVMC8ZutP%2Bdf54O4dvEKK70aDGAgFsKtSanWw%2BdrvDhXD4COPcR9sju948tfhKJtY3IoeJUGcTJR1jaAcwvxaDnHc8wQN5Kk9HBsJWZaBy%2FN1Y9HmadrHhLHW6bT4U%2Bg9eQkUJlETz1D1l1RnCYqfuDVK3XGEdKUevVfOzHSQy2nQeqC6&mm_sceneid=0_0_7238045350_0&a=xxc%3Dad_ztc%26mi_id%3D0000yuDxewGs6tUgyKoij2YUHNshmtmFShZHbPlAsD6MK9w%26skuId%3D6026918161498&id=910564994434
961660866986,POPMART泡泡玛特CRYBABY豹豹猫猫系列搪胶毛绒挂件盲盒,79,¥,,泡泡玛特旗舰店,泡泡玛特旗舰店,回头客20万,6万+人付款,广东 惠州,"热销爆款, 退货宝",出售状态:现货 | 品牌:POP MART/泡泡玛特,https://g-search1.alicdn.com/img/bao/uploaded/i4/i3/2885348004/O1CN013hQmm228ztE8L3oVd_!!4611686018427382436-0-item_pic.jpg,//detail.tmall.com/item.htm?id=961660866986&ns=1&abbucket=10&xxc=taobaoSearch&mi_id=0000OimV-1EZMC64GBbPN7hyvlgqnqYOGtcJcVKsvNZNVfI&skuId=6081574355537
886712655875,Yooki氧氧四代咬一口小熊系列毛绒搪胶盲盒可爱包包挂件女生礼物,31.8,¥,,芽yaya0,氧氧正版潮玩,11年老店,1000+人付款,广东 汕头,"新品, 退货宝, 48小时内发, 包邮",款式类型:端盒 | 出售状态:现货 | 品牌:Yalli Studio/呀咧呀咧,https://g-search2.alicdn.com/img/bao/uploaded/i4/i3/379614038/O1CN01Las6CM1fhSPD8D4qT_!!379614038.jpg,//item.taobao.com/item.htm?id=886712655875&ns=1&abbucket=10&xxc=taobaoSearch&mi_id=0000_BBnhv8O9IwJzLbJezpilLlEzLsH4eCJx80VUHjyZUI&skuId=5898623155507
917065030344,DODOSUGAR NAMI TwinkleBunny潮玩公仔搪胶毛绒包挂包包挂件盲盒,51.9,¥,券后价,dodosugar潮玩旗舰店,DODOSUGAR潮玩旗舰店,回头客2万,1000+人付款,浙江 丽水,"官方立减12%,  6期, 退货宝, 包邮",款式类型:端盒 | 出售状态:现货 | 系列类型:联名系列 | 品牌:DODO SUGAR | 商品状态:全新未拆封,http://g.search2.alicdn.com/img/i2/5433277087/O1CN013Fxzj922DtyCZOBim_!!4611686018427386527-0-saturn_solar.jpg,http://click.simba.taobao.com/cc_im?p=%CC%C2%BD%BA%CD%E6%BE%DF&s=173522624&k=2413&e=SqMUt0CLTKQliJaAMYKUKXDMLSdRWEsm5U7hkMYyyqsKv2VpMg12F7OluFws%2BBAeWwaH4y2MFWK8MAhaDJXLNlgLUXHR7Acfc%2BLybsc07hA4fB33DSvNVkE%2FRo9LblNxoTWmBQO%2FfPpONMv0nxCracvadM1g5GjtEGrbI2Iee3kB86zxTlg%2FUzMhjN%2FKJYP46F1pHXAADxEwO%2FWdIRhECBBi8JfKHddDvOHqq3KlCUOJp6RuNtwA%2BMzSsmkyqJmVRvlCAE%2FRgTCj32N4lFYG1NUfhCQHR46Of6C6oK1PFYUSstNUEl%2F1rZVKhxVm2dJDB8dRtAPBBnpfGWzjg5H6s3kgAfhlTz1eSw4S2b1GjX%2BFyMzYlJ302i%2BnZ4kGh0FYSxRecp4ipUjZVTVTqsfbXYyeFVpJv8upaifvIekxlGKWEtugVJLC%2F6XDqoupDn3dJcrfeEYQg2D0BI5WIN%2FtnzS6ej5PVihml%2FjlmiWHyQEQvDOOf9PScfRw9XYqx2t%2FWhjA%2BuRbGrTX1qBuODyKXCbo3haLl%2BND69FNT4lx49wLvMfnbQ4WDvMh5mINizsJz9ISCzeQtXaOwZlFJTCfxn6alR0WOV%2BqNV%2Bqd2ANDtKTuwlwI1qbKZeqUg33qIej7ArK9GIFJ1O8DiMott%2BJfRZuUdNnfdBmIs7vqp749LfpkCcxsdn1iIE62FyEOc3cT3qLRIQkSg4cOR1oDy5OJkL1t%2FD7Ln6H98GUQmc4LJzZ%2BrNirGjAv8JCeLP5mT3waxwlYiVTuYBnYHEc35yhq2FQsh5lbqpem%2BqMAhR2M6D4knEUgqxbu7A65Dbb4ycdDuMZopNFDu4sws5G%2BK%2FaBvweBvfB5mwdaNUqTFRA%2BpPYTesGQqsTxyxsxA4qQk%2BwWSiRES3zCLY8u8EqB1PvuZXTNn7qtzVqQx03WNvAeEkjym1B83rD0cspugBAIXO9mqN6FEixCsR%2FwB94JXPlzQyczoD3JiLHVLsFHFTsl3j%2B7cB48JF17fYwC1nlM3tAygh0hdbTzvd0ySYEKudLD0daLvoxYLg30kg3CnpHkB5AhVhzrC2MWg%2BJD%2F645ORl%2F9gkCMq3aSNAK5fOgDeps6NixDwPB5PBpqKY8Me5kKVSGNhscbHnrd4z0kYg%2Fro0qPP0fbupCzGRGQVIzYty5MKJ3u78pGXiVFvoq5k%2FUTFbcAHwTRiZhEr8jr%2BhzJ4rKsJvztUtWH39ZYtYI2SBj0hUyq99HUkVOomix0Wl8rHpOHD7sLdOKyFjmWe1KtATQGmt%2FsNREWHkKJDgX5ntEga%2B%2Bvx9qlZL584ZIRV5K7c%2BJIComY%2BD38lHWzS%2B6WUDbgIvJ5l0RYxhGmiH0BG75IGq%2B%2BKCRsBMYerNJb5PRHYGXcKCXOgSRpaA1jub5Jb6b4pI0ilRDyP%2BXD%2FkyFT%2Ffs6d57XYSFaHKuvjboduAAHF34dgZ5fcRS%2FqcY91iDsUNyCX%2FaLpxKDx1C%2FCI2iH%2BEMdzyKGdotsmgRHtaUbvgtFHR1m8Q%2BcxZniY%2BfuutQGNiDHNfbXcUWYNmZDmzzTktvDURqzVNbQHGLzVgIKBii9C2Y6NS0irBCP3W%2B8eyl40zZWsxkOthdtxLVfbh7Py0BJCy2L509uD%2FiJ2cg35gyGtv%2FwswNfcS5PcDlEunFy6ODBQ647GQu8US2M8aC7%2BdKejfNOr4tzLk9wOUS6cXLEzPC8Br8EG%2BZEZ%2FIBQrpidx7qq%2BahSfVNJBJe9LiqCbFHZoWu7k2Yg0Id3OSwZQTmOEIVWkIHFyH6taleCiDY5sdVTgAf31veixss0hqJBsKNWK5qZDHhaAsVTXRSPyGh31tkRMFiYT3ZhdXaNAsUAC%2FPVdrw16O1OJcKA8u9HkkTEvCPrxfkSEHWOrZZ7jE5mcmQEgvcdVAq4vJlT0az333E%2BTkbPXUDufmcL95PQe10uaNjGAVfodQFYh9W1sahfuyEz4hHfquwNJL62QGgAeczMPa7MQZNC5UG4%2BASw48jM3J03xjBDuMSxCCkeZYa6YjTPqLUoYLc2HggBuQb13yLoag69%2Faxb2ShmDqCrdjq50t7pegHQ%2FOe2yPHMAf%2B49igNrLigHATygly6ln0bxbw0jLwmUSvvWm1Kysxawb9WXvBdwdjEfbTG6WJZi79YhiTBizHw8T1TWQhIEV%2BLMtG1EkpRtn1ZiP97m74Yue47brD8mtOJdUG8gI%2FGQV2JoAIH6ABegAAGEZUwLxm60%2F51%2Fng7h28QorvRoMYCAWwq1JqdbD52u8OFcPgI49XqImn2Tt%2F8qmYzh8KIRRY98t3jjwcxMUM3U3UB4acUwOXraMLnM%2BGs4vLIozcOlQeTYJYlrkJi5w95M0Bc7jwM%2FpAUaxjPrnidAI%2B7Y2yUaotI5kJ8BDA7SAcyY76Zs0%3D&mm_sceneid=0_0_5433277087_0&a=xxc%3Dad_ztc%26mi_id%3D0000Pz12u9NXLOf9X9OpfsZBAFXxdlBEKFI-ZbCWWDY5958%26skuId%3D5952052698105&id=917065030344
849914711168,POPMART泡泡玛特CRYBABY哭娃眼泪搪胶哭哭熊毛绒盲盒挂件礼物手办,39.9,¥,,李超越0922,TOP DOLL 俱乐部,回头客1万,1万+人付款,广东 广州,"店铺满299减3, 包邮",款式类型:端盒 | 出售状态:现货 | 系列类型:联名系列 | 品牌:POP MART/泡泡玛特,https://g-search1.alicdn.com/img/bao/uploaded/i4/i1/2660786779/O1CN01FgHO1p1zwq3HUSOij_!!2660786779.jpg,//item.taobao.com/item.htm?id=849914711168&ns=1&abbucket=10&xxc=taobaoSearch&mi_id=0000kjoVfvIPTPXTvWK9eH9veRB6Lk10xfzQ9p1xlCYn1NI&skuId=5943293875949
1018468177008,朋友们快入超可爱心动必入收藏佳品,79,¥,券后价,magicalsoul幻兽旗舰店,magicalsoul幻兽旗舰店,,26人付款,湖南 长沙,包邮,,https://img.alicdn.com/imgextra/jz3_3/2221514873224/O1CN01jqWrFE1Zge2LqWK0s_!!2221514873224-0-alimamacc.jpg,http://click.simba.taobao.com/cc_im?p=%CC%C2%BD%BA%CD%E6%BE%DF&s=173522624&k=2425&e=aKkoVEfSMN0liJaAMYKUKXDMLSdRWEsm5U7hkMYyyqsKv2VpMg12F7OluFws%2BBAeWwaH4y2MFWIh5g8zEsfSs3LZXA4J8cQuE4Kxhd5T0y%2Bpbm%2FLDwBG%2BEE%2FRo9LblNxoTWmBQO%2FfPpONMv0nxCracvadM1g5GjtEGrbI2Iee3kB86zxTlg%2FUzMhjN%2FKJYP46F1pHXAADxEwO%2FWdIRhECBBi8JfKHddDvOHqq3KlCUOJp6RuNtwA%2BMzSsmkyqJmVRvlCAE%2FRgTCj32N4lFYG1NUfhCQHR46Of6C6oK1PFYUSstNUEl%2F1rZVKhxVm2dJDB8dRtAPBBnpfGWzjg5H6s3kgAfhlTz1eSw4S2b1GjX%2BFyMzYlJ302i%2BnZ4kGh0FYSxRecp4ipUjZVTVTqsfbXYyeFVpJv8upaifvIekxlGKWEtugVJLC%2F6XDqoupDn3dJcrfeEYQg2DHOevH2VoeOFdp4IjaZ2erHeSabOS0BjX3PZTp2gA7sJY3T3lxKb1EcximgMh8BFvbsWPh6dUbvtefFyNVQ9QKgpTflkdKBAaTU61zvk0yNOjEEYrc4IavGxn%2FLzwBt%2F8sdsAn8G99zkncAeUthZxtxr04t%2BQg4yvFeUfr4U78hEfsLiLSJbS%2BhbgnqkCHiXV5YX4KVqR0RWtyINqcE6hdybt9%2FOg07wiQJ9T8EwOHD9lSTo%2FlEcaQatAg9zPeIdhGAwrDo66%2BYmT4MenZukw3s4PurNoklxUGiZE%2FZS0UBvqsOhihh2RkZ39MWoWFAy5C%2BHvLs%2BjHF0%2BPK8GnyUn%2BZxWr9HfpE%2Bw25USxqh2tt1qQAi1nycDivbVyznM70IvZ1xzU8CthnmBT7vScjhQx8fAMJEGY0PMbnQRg4vjgBiFkk%2BT8MJA0wKtqX7h9H08HqT373I9eQZNfom2rI49%2BkfGgyCRQLjh%2B3ufxvl8s7mcqF%2B3ti%2BgYgpTflkdKBAb937UZXp3%2FunrJPBo6n7qC5tm%2B1Ym55bwt7PTkXEhQLhDtnFH0Jpq5Yhi4pqtC2IG5rHN51%2FaHN78jcgan6JY9wkhbaSH9jMCga2wwsJ4LCZTjwM9m8YpYwhmC1kU0mmDWnk%2BXbU5QmT8vg9TkcEOwxSXa5euDRbWWgFXftrRA%2FpUYl%2F786SMcdPDLeXmUASjwPJ0NvfAtQLKocQxUNHsym570vusxv7gld6jhh%2B2ES4V%2F%2B0kT%2BuOPUxPyegFwWnhFJhsAyE9oeEHQECDLeEazZX3BzeibpSrA6Nb6%2BQLaq9MGdfs9sDkFACRXMNXR5nzEhhsGwErvd%2FY4gM3H9yitODFz0ENa3Hzn7PcFSMnHyxsZ%2Fy88Abf%2FT4m%2BEgtzo%2BPtED5oIo3AwMa9OLfkIOMr66qvuP0QhlgI3NKaTSVVVlOmzJ3bLLrjBzhy2yc27ZH%2BnACVVO68q4W4J6pAh4l1FZJaLblPFLjgRTrFJaW6yn03HEn4zQRxeT9zA7c5eB%2BEdKUevVfOzHVASRCBIDKcdpjxjduDc26hHXXKINy4aYg%2FVOSsKHM4SCWfaaa6xaMC%2BF%2FdkArJpUy3BFYLFKHcAr9%2B0Dff5y0Uyb9OEKE5gXn0MtbHTU%2Fs94T8%2B4pS7zBHPHBibYIu2BMhFkLlP1Lz%2Bqw6GKGHZGSh2lPEPIZzblNhIMqPPsSnGBHi6%2B4PCM8gYEEEgTXlSbEQsJgSJeY5xQqalEMkRawoDLr4Pw0q8%2BNtSrwEHRreKJN0JwfEgR39ISB7PMv0Lo%2BNOICOM6JJkB54D3x41n1Pj7rOfgacj0PVPwZ4XdeZzJAvJW9WUFRuHnPJ%2Fzt0GQhBOcRxF1Uecixsr5xJUwk9b2QmON6bXGrz84LYIqEQwoHR3BKhyfpYGKmdcEaAgwuoivGPpH04Zc8z%2FUOWYD%2Bi3zBD81YLH0xXgP3MM39%2Fx8pL4w4zYlCresjs3hKjnV%2B9pRgxV2QYziP0UncaAkkt0wOmwlMpASGRFHP%2BXkJ6GUfw7DeCeuT8163hc4l6Dr1D7yAHJBtWR%2FnouLICmCIsNcH8rDCfGINUi9M4ms5qchIgXU84ykUn88WyzxaWWhhxA2EmJMx6%2FBRD%2B%2BxfkGx5ASv9NM%2F89GLMj9BBUloKsD%2FGWr1kFpL5T6JU4uVXMBlTrnUA5q7Jj%2FpGpkAfHujbb6BIXVZhWirfHKURgFu18OjzEtMT4TRwUn8YIVBGkozQY2dxERcNLGzEDipCT7BZKJERLfMItjy7wSoHU%2B%2B5ldM2fuq3NWpo9wbvvB4%2B1CPKbUHzesPROqcTeQI6e69YGKmdcEaAg5j8NnmrZKObAbOgCAmI8JEgYEEEgTXlScossyCfFA7wJKeLT7hwopex5txca33k8t%2FR5GBqcPJrenZlvbaWN%2FfMHzgTbPK4szcgl%2F2i6cSg8dQvwiNoh%2Fj7aKs6fGEuSQ%3D%3D&mm_sceneid=1_0_9889426867_0&a=xxc%3Dad_ztc%26mi_id%3D0000Am_Ev6fzohmFW2S9DrbzApyqXhcGGyEwsNIcQ1jOMv0%26skuId%3D6194547682822&id=1018468177008
1008393622667,POPMART泡泡玛特PUCKY 毕奇敲敲系列搪胶毛绒挂件盲盒玩具礼物,35,¥,券后价,tb160998713,SP正版盲盒店,回头客10万,500+人付款,浙江 台州,"店铺满29减3, 包邮",出售状态:全款预售 | 品牌:POP MART/泡泡玛特,https://g-search3.alicdn.com/img/bao/uploaded/i4/i2/2208399554429/O1CN01sNnNlW1iaXIAztjOo_!!2208399554429.png,//item.taobao.com/item.htm?id=1008393622667&ns=1&abbucket=10&xxc=taobaoSearch&mi_id=0000wfbiRz7rU8dRCx3pnKM4_j7XEtW-uF8sTUpIWi8YEkg&skuId=6186477931665
920779357677,原谷动漫人鱼陷落甜梦时刻搪胶毛绒潮玩盲盒可爱玩偶女生公仔礼物,69,¥,券后价,tb458342223734,原谷动漫,,31人付款,浙江 丽水,"超级立减12%,  6期, 48小时内发, 包邮",款式类型:端盒 | 出售状态:现货 | 系列类型:联名系列,http://g.search2.alicdn.com/img/i2/7238045350/O1CN012Z2k2H1pOM4XYSxBz_!!4611686018427383462-0-saturn_solar.jpg,http://click.simba.taobao.com/cc_im?p=%CC%C2%BD%BA%CD%E6%BE%DF&s=173522624&k=2401&e=nCHbPVVxehkliJaAMYKUKXDMLSdRWEsm5U7hkMYyyqsKv2VpMg12F7OluFws%2BBAeWwaH4y2MFWJksmTDmtQRRgbvy1inHIoxMlu4xYUBn%2B5BKVuAcPwKe0E%2FRo9LblNxoTWmBQO%2FfPpONMv0nxCracvadM1g5GjtEGrbI2Iee3kB86zxTlg%2FUzMhjN%2FKJYP46F1pHXAADxEwO%2FWdIRhECBBi8JfKHddDvOHqq3KlCUOJp6RuNtwA%2BMzSsmkyqJmVRvlCAE%2FRgTCj32N4lFYG1NUfhCQHR46Of6C6oK1PFYUSstNUEl%2F1rZVKhxVm2dJDB8dRtAPBBnpfGWzjg5H6s3kgAfhlTz1eSw4S2b1GjX%2BFyMzYlJ302i%2BnZ4kGh0FYSxRecp4ipUjZVTVTqsfbXYyeFVpJv8upaifvIekxlGKWEtugVJLC%2F6XDqoupDn3dJcrfeEYQg2Df4ws%2BJzZf%2FSTnlwbTCheCWL4ubzMxZ0IuFBVhNXWbQpY3T3lxKb1EcximgMh8BFvbsWPh6dUbvkhrZUdpXmMNw5gneBuBf2pKQJmrSvObk0SXhJTwY96nzjNHYLQ6vncFRWoy3nydOnxdu34fmwOmxeYQyAbUMnDrszatdgVsKM3Ju6ppfaLml1rG77iuMon2yRFJfI2koBmd13hKLRFNtXQlUrW65AvashcLrD%2FMaNlSTo%2FlEcaQ5H0OfLV3p7o5lZd%2BuUfOLlB3iJVu%2Bp2eyG8bo8Dj0Nt9Rf%2FB0%2F4WU6goW00h6XFp8osMK0L2sckVuJ1Tk60jTyXSev0OhTfdkeIdP7ygPb2SyRMX168FAlXpcwS3r%2BetY%2FE8r1%2Bjjah5%2FPl00QC9RAnyiz2lGWmRdy6XRS7lSh2ZnlXRJfFDEjSIQYdjTuXw3YDz5%2FDlR7uYDALcl%2BfZkAKI3tkIH0fNSRMS8I%2BvF%2BTJr7aI9lHNVKgoW00h6XFpsaS2RFbYW8IVgeJwQf0NzkjXPmiMkkwCFVL2ebZRM%2B5TQ2ljyZNkq%2F7s9q%2FDj6XHuPuizS6GD7XIm7PedgpBi2kuG7k94gDnGjusUlzTem1oQwQBJq0cp%2F2uBCrd2Zp4G8u7dYPoKT523H2YPE2yz8mHW7zgNDVpFAd5q%2BpFk2D%2FjS1S0J7dsSHGI7FRW4%2Bqq9s4tUb%2BpOMpAP5NVveAcSQ67bAvrLoG3M9sQYfNuooq484k9Uv%2BSFT57AKLZeoFQ179c2nswSl6qWJwmwZHYBeBikeZ5HCQxwflpRyNRAyTVnylaPFKO%2BSpyS7qrbMj85PBAz3M%2B%2FUZIQBBaph21d%2FaTSdu10Wtrq8GSaKH94TsZDz4esFzLt%2FtZbmgAbFJwQgwTTEzYj%2Fud95Wmblqe6rmx1Esu3iMmC3ySQFf5wtvFvDSMvCZRKdUfFOFh%2BGFE3LIh7NkrLwBCYB2UtXUTLQ8kvq0mRc8n1f1FZGt1J5t3YvWqNl%2BFqTA6ms7gd6%2FHUTo4fhCTO2LjY6g8iX1Ty1bnbwiHDv1jWRBP%2Fgw9PT3Byg%2FcgQwTMC8rgAG7ctsu0911J3umoAEYTMp3I1ifzrtwdR%2FdpexKAv9p4BpO1RP6jZKP3szwiOGRCWS8u6tr0GkzWh0lN3BByE14vGZoLQANjwSgMF9ICG75qwAvXPnu2O8WhvhR4Sx5AzuymOG2YM4%2F80TTYkBb8WpZXDfbbyFz5gSShqfLGLhwuuIduGarbKVVSnu2tEaFmUq%2BSAsXNpwLpBzsmwcNw5yijOG0bM7rtx0%2Bi7HY%2FglKVE1dPXEBLeUijdia%2FsVxCSWq3OxuZv0gPtzQahWXtkT4Ml%2BPlvL4BWygyY%2BYrwPxDZBFdpriE8irqsxO56niqR%2FiDLZHC4W9sszIlplc3GxhEzdFmTc2zIIsQu93PqwF76qu7nIQri5FVHN2u8JSTEgYebmbFuDQlfv695qlGA7TU96%2FRTVJkKwXDcOXfBM5EvSDNz%2BvQHxUokY7bzPCVHpN8HOXMALZTHyumV6O6RZvIdwLbDlcAMyjw%2Fw%2BYHrsvFdY4w%2BrNBwZqZAziW9TqC7ENbHzyRK1cWXimViYFJoRj91ZDK5eX55FZBnTXkY96lekkw9fVvgH%2FbYugc4ctsnNu2R6RWeh%2FNLuKFhnhJ7ZbYDzE0kO5%2BEMcZOQFDnHlechMKzIT3p7p4ZomS5COaOp7PKe5Z0LLqrFtPkq7tudKQ9gCxO9f54lb4xpXUyCrUoNDikzXrdeDKjfZmrxmnUmYi3oB%2FI737mEOv7gks%2BpnHBuHfW6EqYJx1ee%2BN66XlDx8Pliv7fIeqPRNuWIUu%2Fkz3XbFDKFmKWRNMDl62jC5zPhpdaxu%2B4rjKJ%2FDQ6KMSbIltZyFg6gSzPM6iWFIathEnQ4nQCPu2NslGqLSOZCfAQwO0gHMmO%2BmbN&mm_sceneid=0_0_7238045350_0&a=xxc%3Dad_ztc%26mi_id%3D0000_0tOBwFnSicxn-BZkc7bbyRcb_LxgVcQrciKHmeYEUw%26skuId%3D6191475523556&id=920779357677
959005397117,正版现货LuLu猪复古泰迪玩具店盲盒手办搪胶脸毛绒挂件罐头猪礼物,71.76,¥,券后价,tb086198083,潮玩集合社,回头客4万,3000+人付款,广东 广州,"店铺满11减10, 48小时内发, 包邮",款式类型:特别版 | 出售状态:现货 | 系列类型:联名系列 | 商品状态:拆盒不拆袋,https://gw.alicdn.com/imgextra/O1CN01cns8x61qROJZ287SV_!!2224965492-0-picasso.jpg,//item.taobao.com/item.htm?id=959005397117&ns=1&abbucket=10&xxc=taobaoSearch&mi_id=0000YE4N0eH9BwOwLpHbjKj_TfmKAoqprbYM6oyUOv-jOCE&skuId=5653675062173
862173752272,盲盒公仔手办定制搪胶毛绒娃娃萌粒摆件潮玩公仔创意定做树脂公仔,28.8,¥,,1501443ljr,PANYOO TOY,,44人付款,广东 广州,退货宝,,http://g.search.alicdn.com/img/O1CN01TKaq6J1Ml8ueeOW84_!!2710261474.png,http://click.simba.taobao.com/cc_im?p=%CC%C2%BD%BA%CD%E6%BE%DF&s=173522624&k=2393&e=AWW5gpiu4GYliJaAMYKUKXDMLSdRWEsm5U7hkMYyyqsKv2VpMg12F7OluFws%2BBAeWwaH4y2MFWI%2FtQFDgrIUtCvuQarTlauNx0wVamtfa3Y4fB33DSvNVkE%2FRo9LblNxoTWmBQO%2FfPpONMv0nxCracvadM1g5GjtEGrbI2Iee3kB86zxTlg%2FUzMhjN%2FKJYP46F1pHXAADxEwO%2FWdIRhECBBi8JfKHddDvOHqq3KlCUOJp6RuNtwA%2BMzSsmkyqJmVRvlCAE%2FRgTCj32N4lFYG1NUfhCQHR46Of6C6oK1PFYUSstNUEl%2F1rZVKhxVm2dJDB8dRtAPBBnpfGWzjg5H6s3kgAfhlTz1eSw4S2b1GjX%2BFyMzYlJ302i%2BnZ4kGh0FYSxRecp4ipUjZVTVTqsfbXYyeFVpJv8upaifvIekxlGKWEtugVJLC%2F6XDqoupDn3dJcrfeEYQg2Bfvyn1Ny3buwrqad79iBG6XowYcl2QJYsmdW0IhuDF5pY3T3lxKb1EcximgMh8BFvbsWPh6dUbvqlj0Hkb7yS3g9edcc47%2BRv0MenqVXp9IBVgccV5VugYGmCZzTnmAzKR0kCt8jIux43FbgyZk8K53tugOBxVrvAKmS6tdutaCNOw70rlDPs2%2FwR%2BorAeCcv8NIKEnjsqiQZVrP69n8n2KZyvNk2Cn1FlG0oJt%2BRC8WKXX%2FsZ7%2FQFWALcuqSXNWZEYXFdVuyna5jr8T9OvQW849p0SJMraacY84fyRRBNCIPXnXHOO%2FkbPbL5cpJh8ZcmEajvhNoO%2F8vrLM2jWxwXaSDtiKLOiH9EVvR9%2Fozbv9vOOHoVWq5dpHwVJeCcajdOX7I7mQujyjyZpmce9DqdpXUyCrUoNDikzXrdeDKjfZmrxmnUmYi3oB%2FI737mEOvIkcu73IwnHvJts4D5og1A9v7h%2FKoZS50bZw4OR%2BBzIGNVUPwhDwyDSCG4dV4H1fU3553lS3TesTHf%2Be2P1uGT4fUSQDjiyePZvB4V9r6r8DvmO2dpiqF0hGFV8Iyg2bmoj7Vysu5lYlBgKBWpcBXt2zEGOA0Tse5iiuj6RPAAcKqzAM%2F4V1%2Bgg0bJfbqDOsImpv3D5UlORUA8z4dkmCbdPMnD0%2FZeSwSW76H1A%2BuKjyVWUFH4hQqDksCMGTqvFPWaJMY4MFT3l47nQ2sUNhw8nuCQM3nA8jVXJM1CT6281Odc4M4OPknGcU%2B4XW2LbdOKundr39Narioi7YaCXFxbSgxBbAXnXUTw%2FscOJB8P2D2vXsJoeFI5kozOkjnbSoks%2FURCp6sde%2B8UR%2FGFmQ%2Fx35ftjM2NRgeAZSU3NLBx%2BdQoHHoz6fzrhgWqQAb3QUGpD%2B3Ivs6W9m22Bc8Q6JKJNKYWIIiShHv84PbtnMZoVqGSqWWWgc%2BpHYNuYYlze8oQE9bN%2FNLIwQP%2FMpUlkmLKmqkDKPFnYtxzC9GiONLDjc0kJaB2Kfh%2B9jI6yF3SXweCQZPonSIK1fJ3ii1UKp30%2FoGihiopRZ8QMN%2Fl9A26kUYNbBREgsqS7dn4TYM0Rz7xLjPP%2FEtkOWRfibAtzzpj%2B7W6KbfrJVNLemWB8XFvkFCahBVk2ES%2ByKKgSsErJJa6hZ4xjUZZAX9U5MhV1%2BbhlWpSWkYoF60DGGgVmpdAz6d2Ffbb%2FtZZf1TkyFXX5uFa5cGBOvAor4%2BpNKEpDYEP8Vsu%2F08eRaNvE1A7tqh0v9SDnmi42tEgXtFLAb947%2FTz1txFIXRnarqR264wkYzhl%2BtdGB0o%2Bvd4vPfGyo7obLkPo2fl7tFParbcaorzEG0Y6mphD1n84zhLYrvxFBKi9yPhM1IXiecbZw4OR%2BBzILst%2FZvxGnTrMNl2Im0LQCf9rjp17iX4i999xPk5Gz11A7n5nC%2FeT0F%2BnaqYiPx6pYn%2Ftis%2FZj8EoX7shM%2BIR36rsDSS%2BtkBoPjtTAzMtJwtoIDuAVuNbUp6O6RZvIdwLbDlcAMyjw%2Fw%2BYHrsvFdY4w%2BrNBwZqZAziW9TqC7ENbHzyRK1cWXimViYFJoRj91ZDK5eX55FZBnTXkY96lekkw9fVvgH%2FbYugc4ctsnNu2R6RWeh%2FNLuKFhnhJ7ZbYDzDhrv2CVAd6GMiOShQP5a8izIT3p7p4ZotvOOHoVWq5dpHwVJeCcajdOX7I7mQujyjyZpmce9DqdpXUyCrUoNDikzXrdeDKjfZmrxmnUmYi3oB%2FI737mEOvIkcu73IwnHvJts4D5og1A9v7h%2FKoZS50bZw4OR%2BBzICum4USeOG0PnsAGr6BXmthIIbh1XgfV9TfnneVLdN6x92mXY0Vs%2F11UQvzNfNv4pziwnAJ7JeWYTDgVSXewq%2F%2FMHzgTbPK4szcgl%2F2i6cSg8dQvwiNoh%2Fj7aKs6fGEuSQ%3D%3D&mm_sceneid=1_0_6433046716_0&a=xxc%3Dad_ztc%26mi_id%3D0000zB1YN5qvfl3jfmK38uutYOc24vRTS6kdFLThdgRjpaE%26skuId%3D5985209232935&id=862173752272
736997503786,仿真婴儿洋娃娃女孩玩具假宝宝玩偶软硅胶橡胶可洗澡公仔布娃娃,136,¥,券后价,bebixin贝倍馨旗舰店,bebixin贝倍馨旗舰店,7年老店,3000+人付款,广东 汕头,"官方立减10元, 淘金币已抵1.36元, 包邮, 公益宝贝",玩具类型:普通娃娃 | 材质:搪胶 | 适用年龄:7岁 | 适用性别:通用 | 产地:中国,https://gw.alicdn.com/imgextra/O1CN01FhEpfh1r9MKziP4gx_!!2200590835588-0-picasso.jpg,//detail.tmall.com/item.htm?id=736997503786&ns=1&abbucket=10&xxc=taobaoSearch&mi_id=0000wDbnUe742xMXSWjgEeBp0KdT5nehFPcBalpi13Vlo4o&skuId=6149532579103
991236159856,labu毛绒娃娃布布海娃祖国版拉包包挂件可爱玩偶搪胶挂饰生日礼物,57.6,¥,券后价,tb976647553159,Bubble Stv,,1000+人付款,浙江 金华,"官方立减12%, 退货宝",风格:甜美可爱 | 出售状态:在售 | 适用娃类型:潮玩娃娃 | 适配娃体尺寸:17cm | 适用娃性别:男女通用 | 比例:1:1,https://g-search1.alicdn.com/img/bao/uploaded/i4/i1/2220770275547/O1CN018aXXZb1qqa509ywg3_!!2220770275547.jpg,//item.taobao.com/item.htm?id=991236159856&ns=1&abbucket=10&xxc=taobaoSearch&mi_id=00007JJVN3LlZKGOzKzgKzBpwoFeq41WQsLY5S4Ly2HqU9k&skuId=6130047806678
1000985223340,米塔集 Zoraa绒绒小屋搪胶毛绒系列盲盒搪胶毛绒娃娃潮流盲盒挂件,53.95,¥,首单价,米塔集旗舰店,米塔集旗舰店,,38人付款,广东 东莞,"官方立减12%, 直降5元,  12期, 淘金币已抵4.15元, 退货宝, 包邮, 公益宝贝",单款概率:1/72 | 款式类型:隐藏款 | 出售状态:现货 | ACG作品名:DC漫画系列 | 系列类型:联名系列 | 品牌:米塔集,http://g.search.alicdn.com/img/O1CN01mRYu8p23eIT9dAYoX_!!4611686018427384064-0-item_pic.jpg,http://click.simba.taobao.com/cc_im?p=%CC%C2%BD%BA%CD%E6%BE%DF&s=173522624&k=2413&e=%2BHub6xP3KAQliJaAMYKUKXDMLSdRWEsm5U7hkMYyyqsKv2VpMg12F7OluFws%2BBAeWwaH4y2MFWIVUnlVsTuhJ1R6CfOZkBZhIZdeKDhyVupBKVuAcPwKe0E%2FRo9LblNxoTWmBQO%2FfPpONMv0nxCracvadM1g5GjtEGrbI2Iee3kB86zxTlg%2FUzMhjN%2FKJYP46F1pHXAADxEwO%2FWdIRhECBBi8JfKHddDvOHqq3KlCUOJp6RuNtwA%2BMzSsmkyqJmVRvlCAE%2FRgTCj32N4lFYG1NUfhCQHR46Of6C6oK1PFYUSstNUEl%2F1rZVKhxVm2dJDB8dRtAPBBnpfGWzjg5H6s3kgAfhlTz1eSw4S2b1GjX%2BFyMzYlJ302i%2BnZ4kGh0FYSxRecp4ipUjZVTVTqsfbXYyeFVpJv8upaifvIekxlGKWEtugVJLC%2F6XDqoupDn3dJcrfeEYQg2DHOevH2VoeOFdp4IjaZ2erJ39NcbMW27ouFBVhNXWbQpY3T3lxKb1EcximgMh8BFvbsWPh6dUbvuA8SCOKWmD2sl%2BIMpuSVy3DGdXBJIEYmMzHg1z%2BOVjHaWc%2F1h0ZlLvaJVat3%2BrvkVP17W41SBUJEd4jGlDotv%2FtEXShMkqfC5I9sWoWRPtwi2cwJOlQL%2FMt464xb2PGYwNEYyJwezveyEb9mQiWQeHTHr4S2cJTVdlSTo%2FlEcaQatAg9zPeIdhGAwrDo66%2BYmT4MenZukw3s4PurNoklxUGiZE%2FZS0UBu4LWvinz0717Rq07JoZ8gpuc2fS6aiuXhYy62mDQwDTcr5Z%2F5JjPLhOstm1GIg1y2%2BrFrcZAo97qsIh0EmZ6zeoCFXVphL1bozQY2dxERcNLGzEDipCT7BZKJERLfMItjy7wSoHU%2B%2B5ldM2fuq3NWpo9wbvvB4%2B1CPKbUHzesPROqcTeQI6e69YGKmdcEaAgxTy2xnTPOoXD5JU5pwds93hJ4zYm3Rb3jHf%2Be2P1uGTeGhYXrjZJ%2FODgKFF0huJ4jvmO2dpiqF0PtY5PRrYnurjV8x5CIbCJrnh2%2BCLFbi0TeQMvBVUMOfbMQY4DROx7mKK6PpE8ABwtmb6Y7wqiOiDRsl9uoM6wiam%2FcPlSU5FQDzPh2SYJt08ycPT9l5LBJbvofUD64qPJVZQUfiFCoOSwIwZOq8U9ZokxjgwVPeXjudDaxQ2HDye4JAzecDyNVckzUJPrbzUCOiih6FPgKHMvYEY6eL0foq6d2vf01quKiLthoJcXFtKDEFsBeddRPD%2Bxw4kHw%2FYPa9ewmh4UjmSjM6SOdtKiSz9REKnqx173tkzBvO1PxoKsEuF%2Bih%2FVJUZcKRO9rxN0uI4uAbb9B6tDEn7ccHuh6q9fm%2BooNkf3zOHjb0ztF0TGgYnKzPIFCJkhy0I1eaioZKpZZaBz6kdg25hiXN7yunXY%2FEgIGuK15AuoZofQLnbGD%2FD20ef6DZWk3nMEMYwXQxRvHrvUtH2MjrIXdJfB4JBk%2BidIgrV8neKLVQqnfT%2BgaKGKilFnxAw3%2BX0DbqRRg1sFESCypL2DWzNxoYioaTMWpeEfatmHQAGMaOU1Eixm7fTTAgcEz6rccbiZwvpIIj4TFIPSk9T%2BOJk3ut2%2BrqFnjGNRlkBQ%2F2i8gxMsnTkCn8WWfe07YSx5AzuymOG2YM4%2F80TTYlEHJmIpEOUdBUkmokq%2FY8LLGLhwuuIduGarbKVVSnu2tEaFmUq%2BSAsXNpwLpBzsmwcNw5yijOG0bM7rtx0%2Bi7HY%2FglKVE1dPXEHnsJ5ubI6hexkM7uxgQYuZv0gPtzQahWXtkT4Ml%2BPpLsXgiQyJiA3NIOL77x%2BqdCbtVHdfDhoLU4lwoDy70eSRMS8I%2BvF%2BS3NEteIoRk4ixowtCUSyuXgVpaIbCR4iPffcT5ORs9dQO5%2BZwv3k9BbAzFT7xuA1mJ%2F7YrP2Y%2FBKF%2B7ITPiEd%2Bq7A0kvrZAaAB5zMw9rsxBk0LlQbj4BLDjyMzcnTfGMEO4xLEIKR5lhrpiNM%2BotShgtzYeCAG5BvXfIuhqDr39rFvZKGYOoKt2OrnS3ul6AdD857bI8cwB%2F7j2KA2suKAcBPKCXLqWfRvFvDSMvCZRK%2B9abUrKzFrBv1Ze8F3B2MAYRiVys1%2Bf%2FhKLCXyAJhFxPVNZCEgRX7Neju6I3hdYLsdWrfZoI9WEgkChnZ9G2%2FKM%2Bjs7FJ3xXYmgAgfoAF6AAAYRlTAvGbrT%2FnX%2BeDuHbxCiu9GgxgIsddY%2FSuWt%2BVMsJR8spUOIf3%2Fu%2FPTPDUfI8ptQfN6w9GAn%2Bnc%2FserL5agOEtFEoy5M%2FIIt%2BHZNFd7Ik08s0nnimyw5Hre4vZkpghn0AvE0CHpd54FOMDNV74vFkTPRs1Jc%2F7DJn%2FOqt2Cc3nnFAxpxIqKTQXW84oAMpr1Sim3nO4%3D&mm_sceneid=1_0_9788969538_0&a=xxc%3Dad_ztc%26mi_id%3D0000wzwfgJ3J7dwaybwcdzrk_ozLMpKMh4OcV4lRD8xSSFs%26skuId%3D6156131446174&id=1000985223340
968358109949,POPMART泡泡玛特CRYBABY眼泪工厂系列哭娃搪胶脸毛绒盲盒挂件包挂,119.99,¥,,tb0673212314,嘟嘟潮玩店,回头客7万,1万+人付款,江西 南昌,"店铺满799减10, 24小时内发, 包邮, 公益宝贝, 酷动城",出售状态:现货 | 系列类型:联名系列,https://g-search1.alicdn.com/img/bao/uploaded/i4/i1/2212716496398/O1CN01Iq3yZb1x8L8u7MqYC_!!2212716496398.jpg,//item.taobao.com/item.htm?id=968358109949&ns=1&abbucket=10&xxc=taobaoSearch&mi_id=00000gi_MQTNFFSGjahf5Ud5ljSuZAf5m8EtjL2pe85JAwY&skuId=5645158224406
,,,,,,,,,,,,,
,,,,,,,,,,,,,
803616058235,TOPTOY火影忍者疾风传萌兽派对系列搪胶毛绒可爱摆件生日礼物,58.81,¥,券后价,qinmeilianr,潮玩盲盒品牌店,回头客2万,900+人付款,广东 中山," 3期, 店铺满10减3, 48小时内发, 包邮, 公益宝贝",款式类型:隐藏款 | 出售状态:现货 | 系列类型:联名系列 | 品牌:TOPTOY（玩具）,https://gw.alicdn.com/imgextra/O1CN01XUEmZp2N7aV4C35Gv_!!1039249916-0-picasso.jpg,//item.taobao.com/item.htm?id=803616058235&ns=1&abbucket=10&xxc=taobaoSearch&mi_id=00007drd5WPLZwLD8MNQQWJlz_voDVcGUgIBCdrd8xpqhFI&skuId=5937922078404
990115406749,【UTN】火影忍者疾风传萌嘟嘟搪胶盲盒动漫周边玩偶包包挂饰送礼,35.29,¥,券后价,utn旗舰店,UTN旗舰店,,1000+人付款,广东 广州,"官方立减15%, 包邮",ACG作品名:火影忍者 | 出售状态:现货 | 品牌:utn,https://gw.alicdn.com/imgextra/O1CN01flLSwK1TvrUDZQ2Rp_!!2217023652445-0-picasso.jpg,//detail.tmall.com/item.htm?id=990115406749&ns=1&abbucket=10&xxc=taobaoSearch&mi_id=0000FJHVZRPVG3-O2JfUtKdwve8XL6S0eL9WTSbgkrIR25Q&skuId=5958478528731
1014248716670,MiiTAKI米塔集搪胶毛绒公仔玩偶潮玩包包可爱挂件盲盒礼品礼物,60,¥,,米塔集旗舰店,米塔集旗舰店,,1人付款,上海,"官方立减12%, 直降8元,  12期, 淘金币已抵4.1元, 退货宝, 包邮",单款概率:1/6 | 出售状态:现货 | 品牌:米塔集,http://g.search.alicdn.com/img/O1CN01F4xJQK23eITbFaLIp_!!2221307777280.jpg,http://click.simba.taobao.com/cc_im?p=%CC%C2%BD%BA%CD%E6%BE%DF&s=173522624&k=2477&e=14SsyQ6X444liJaAMYKUKXDMLSdRWEsm5U7hkMYyyqsKv2VpMg12F7OluFws%2BBAeWwaH4y2MFWIVUnlVsTuhJ1R6CfOZkBZh0pL2xN%2Bp4a84fB33DSvNVkE%2FRo9LblNxoTWmBQO%2FfPpONMv0nxCracvadM1g5GjtEGrbI2Iee3kB86zxTlg%2FUzMhjN%2FKJYP46F1pHXAADxEwO%2FWdIRhECBBi8JfKHddDvOHqq3KlCUOJp6RuNtwA%2BMzSsmkyqJmVRvlCAE%2FRgTCj32N4lFYG1NUfhCQHR46Of6C6oK1PFYUSstNUEl%2F1rZVKhxVm2dJDB8dRtAPBBnpfGWzjg5H6s3kgAfhlTz1eSw4S2b1GjX%2BFyMzYlJ302i%2BnZ4kGh0FYSxRecp4ipUjZVTVTqsfbXYyeFVpJv8upaifvIekxlGKWEtugVJLC%2F6XDqoupDn3dJcrfeEYQg2A1w5phm8CrPsiBZBZ6hK5YN2hyk5NTy8gmdW0IhuDF5pY3T3lxKb1EcximgMh8BFvbsWPh6dUbvjCBDlceX1LaRWePyoNPaOhmiovE4E9liEYhByjv6VufwrEUEBXnT%2BKaQ4NZ8kg1k59Dwaf5%2F4rJ4cEjtYadPg%2FoQR1H41SJ0nulqFVSjrB1DzvpmQkjWSnTcKKkB89PIHm7JcMFIepv%2BH0LbYjh9Yjn2aQDWxJomtlSTo%2FlEcaQatAg9zPeIdhGAwrDo66%2BYmT4MenZukw3s4PurNoklxUGiZE%2FZS0UBl2KwQmqPZkbEhAsD8%2FFbx0K84R7elC6CqhcJZOE3ZY9TJNO9xmgC9wErdR2TXttEItaooljczO2j2STkHF9jq1Mk073GaAL3HK2ImQnBKgPvKr4bVe8ijOXrdC8a28ClQnyiz2lGWmRxUyJ7N6dWA%2BZnlXRJfFDEjSIQYdjTuXw3YDz5%2FDlR7soA7kWyNdDtoaUd5WDDzB5SRMS8I%2BvF%2BTJr7aI9lHNVADJPsFTzeoowIjdpPMVi8MVgeJwQf0NzosXlJERlHyufShHtMaIOXxTQ2ljyZNkq4toxaABG5jvd8fSQhb3hWxe7cJeVfrzRGkuG7k94gDnGjusUlzTem3ptAxLmHIvHv2uBCrd2Zp4G8u7dYPoKT523H2YPE2yz8mHW7zgNDVpFAd5q%2BpFk2D%2FjS1S0J7dsSHGI7FRW4%2Bqq9s4tUb%2BpOMpAP5NVveAcSQ67bAvrLoG3M9sQYfNuorU9Rcw7mObbdwCZv9TprFdQ179c2nswSl6qWJwmwZHYBeBikeZ5HCQcnSdHLbam9KTVnylaPFKO8pQZWpgvNf3cFoT2tKAje0s%2FURCp6sdexOJVHuaXqcUNpTnYl9XHTqiB7XcAbBWyvIMctLTJIJV9Zx3EIYjcTgl7NwbAVlgfdmKdN4O2W%2F6ExoGJyszyBRNat%2BM54qq47jWnyJwpwkH%2F7NuF3uj%2FBX2eZj6JMXqiNODxiac5T6y%2BooTDcFptk41bMEqbEiD87jPu7McPp8uZyRtPTOrqQ%2B6yI2CkKbLij1PoZhSVKrSKAwHmvkhhuw0wpScQJfKLyTvKiLKdQVjwSeMZM1SpMaRWxGqAk9TMKKjwnShFvVSs1ARa2Eu2G7r8USIOXARTSkLtZwVy%2BqVKBRwKArQm1oKlZz2s0tuSfqbzNZC08QpOqUT4ZdvsmU15n9g0oa9lTOmnaQxdQSD6jikVf3CiKcDGGgVmpdAz6d2Ffbb%2FtZZgxaBAzyF2XiGv7QrImSH41ZY%2Bk15LUpmktcazVgTmd3VMX4HQ%2Bhne7ff8Whv%2BhkA8wnwKDLLXIdZueToXL0J4EtmOx2ioP5zDyhfyUMNvn5v1ZSl91zNaoCnTP4v6kXRmnpbMY3NYIAGP8Pg9iqSbyQv9wIBLryvlepUtJBu81ccLhb2yzMiWmVzcbGETN0WNF7gdz4UuoqAXV%2FEpBsIyKcb6jyf%2BIDd7wlJMSBh5uZsW4NCV%2B%2Fr3iYjzNSiymVXCI9VVZO9AI1d8EzkS9IM3P69AfFSiRjtvM8JUek3wc5cwAtlMfK6ZXo7pFm8h3AtsOVwAzKPD%2FD5geuy8V1jjD6s0HBmpkDOJb1OoLsQ1sfPJErVxZeKZWJgUmhGP3VkMrl5fnkVkGdNeRj3qV6STNowzxtwrbeFE1NMik0ixS%2Bq8kdoJIgv5SvieWRQFjAX3kNqOe%2B2qnKhV8%2FfGRTCRFUAq96LXWBUAGNdP6hAsdR5tmRoIV31k3A3poQGRnJZCt0swHaxNYljpl4%2BM%2FPqc9nXHNTwK2Gel0Csa0%2BnDeDx8AwkQZjQ8xudBGDi%2BOAGIWST5PwwkDQDY2sTIU0eKhyq0J5%2BpjWek1%2Bibasjj34hUdqdGZk5pxrgoltp6kM2XYrBCao9mRvl3m8XkNFce2Loqy8bzUjNeAFZDRqLkuL4fQttiOH1iCsEYDDFR6kep7n7%2FzTjqmv2MjrIXdJfB4JBk%2BidIgrVQ7A0mFOEfCQ%3D&mm_sceneid=2_0_9788969538_0&a=xxc%3Dad_ztc%26mi_id%3D0000wotGze05zLQ6kUsFfD88IEYebXQ6tVmJN0d-fBJJ0TY%26skuId%3D6015687952837&id=1014248716670
943773347415,TOPTOY 正品 糯米儿一口甜心阿玛莉莉丝联名 搪胶毛绒盲盒手办,74,¥,券后价,幸福鞋者168,牛牛潮玩集合店,,100+人付款,浙江 杭州,"店铺满39减5, 48小时内发, 包邮",款式类型:端盒 | 出售状态:现货 | ACG作品名:K | 系列类型:联名系列 | 品牌:TOPTOY（玩具）,https://g-search3.alicdn.com/img/bao/uploaded/i4/i4/782003388/O1CN01ZDLY1T1atkwGJLTvC_!!782003388.jpg,//item.taobao.com/item.htm?id=943773347415&ns=1&abbucket=10&xxc=taobaoSearch&mi_id=0000TBmOv-CYCKIMU7pzt1i0XPc6dVIhKyGbVABVkQPNxog&skuId=5847219912032
953438434352,可爱搪胶娃娃毛绒玩具小公仔潮玩书包包挂饰钥匙扣玩偶送女生礼物,28.5,¥,券后价,tb582611028,网红玩偶屋,,300+人付款,山东 临沂,"官方立减12%, 48小时内发, 包邮",,https://g-search2.alicdn.com/img/bao/uploaded/i4/i4/2206661684176/O1CN01XYTU6q1gif2i73Q0f_!!2206661684176.jpg,//item.taobao.com/item.htm?id=953438434352&ns=1&abbucket=10&xxc=taobaoSearch&mi_id=0000vPWJa2dGjkzJDqiDFhXSeAx0HCc2qPdUwDKHmrQj1dw&skuId=5875720009542
671142814604,超级玛丽马里奥路易兄弟手办25cm摆件人偶搪胶公仔玩具模型人偶,16.9,¥,,小昌昌9208,小昌昌潮品店,,100+人付款,广东 揭阳,"24小时内发, 包邮",出售状态:现货 | 款式特点:关节可动,https://g-search3.alicdn.com/img/bao/uploaded/i4/i2/704275411/O1CN01W4x9Qz1pqHy8dBAnY_!!704275411.jpg,//item.taobao.com/item.htm?id=671142814604&ns=1&abbucket=10&xxc=taobaoSearch&mi_id=0000KgpPuby1fLgkUFkYSfsE36fko3Kqd5c9Dr4jtg0OvEw&skuId=4940999016937
967367187307,儿童洗澡戏水浴室发声捏捏叫漂浮大小黄鸭子婴幼儿游泳馆搪胶玩具,9.9,¥,,雅乐品,老小孩的玩具店,,300+人付款,广东 汕头,48小时内发,类型:捏捏叫戏水玩具 | 适用年龄:2岁 | 材质:胶制 | 产地:中国大陆 | 适用年龄（新版）:3岁及以上 | 适用性别:男女通用,https://g-search3.alicdn.com/img/bao/uploaded/i4/i2/2212514234833/O1CN01fOLGiW1lZZ31XK9Ti_!!2212514234833.jpg,//item.taobao.com/item.htm?id=967367187307&ns=1&abbucket=10&xxc=taobaoSearch&mi_id=00004PCcOcDp2xV08R5g0R6xBas2-DlJ7i1dv8NFfdbhSO0&skuId=5060600992856
858513294612,泡泡玛特sp搪胶毛绒SKULLPANDA冬日乐章狂想诗潮玩盲盒手办挂件,74.9,¥,,李超越0922,TOP DOLL 俱乐部,回头客1万,8000+人付款,广东 广州,店铺满299减3,款式类型:隐藏款 | 出售状态:现货 | 系列类型:联名系列 | 品牌:POP MART/泡泡玛特 | 选购热点:淘公仔,http://g.search2.alicdn.com/img/i2/1392190029/O1CN01fypxes1C5KbliWbTO_!!4611686018427380301-0-saturn_solar.jpg,http://click.simba.taobao.com/cc_im?p=%CC%C2%BD%BA%CD%E6%BE%DF&s=173522624&k=2369&e=TV0o0ceBHtUliJaAMYKUKXDMLSdRWEsm5U7hkMYyyqsKv2VpMg12F7OluFws%2BBAeWwaH4y2MFWJIfbAuZ3%2Flu0cqTge%2BtB7yUg5x18LXvA84fB33DSvNVkE%2FRo9LblNxoTWmBQO%2FfPpONMv0nxCracvadM1g5GjtEGrbI2Iee3kB86zxTlg%2FUzMhjN%2FKJYP46F1pHXAADxEwO%2FWdIRhECBBi8JfKHddDvOHqq3KlCUOJp6RuNtwA%2BMzSsmkyqJmVRvlCAE%2FRgTCj32N4lFYG1NUfhCQHR46Of6C6oK1PFYUSstNUEl%2F1rZVKhxVm2dJDB8dRtAPBBnpfGWzjg5H6s3kgAfhlTz1eSw4S2b1GjX%2BFyMzYlJ302i%2BnZ4kGh0FYSxRecp4ipUjZVTVTqsfbXYyeFVpJv8upaifvIekxlGKWEtugVJLC%2F6XDqoupDn3dJcrfeEYQg2A1w5phm8CrPsiBZBZ6hK5Y%2Fd6wfka4o8bX1qBuODyKXCbo3haLl%2BND69FNT4lx49yWNjcyTnNkUsBOb58NhdjT9IkSMln8PWGQpLAg12Vp%2BZmN2JcjqHDLwQRynKecU8C7B59SnyFeAcJkbGVXMtFRFymI0o7UEAE1yidUii97LmXGy%2FaQhclJhvbeaH7sguT4c3khd9gWr%2BS0%2FaEcrmJdQTRHKW9Mj6rTVnQnILGe4WGel%2FNDo5VA1X77aT4ZG1yATkrZCwgwVNWhocz7MKi9ljY3Mk5zZFL5oYKzhn%2FuyVKVxKP9bbkrh62jps1IFEt1B%2FfL4MDstxwW9gMTTUdmCq3brBgBLohyAe%2BetiPYFzqnfs53hcpbyjPo7OxSd8V2JoAIH6ABegAAGEZUwLxm60%2F51%2Fng7h28QorvRoMYCLHXWP0rlrflTLCUfLKVDiH9%2F7vz0zw1HyPKbUHzesPRyym6AEAhc72HcxGjy3kfpCBANJmtwBlbDJzOgPcmIsdq233z68G27z5lgdEwgbdx2Z4mHTT9vZvkwaIKT3PTNX1afEj76b8iSHCLfraZMBH8nkXbbfYts9JINwp6R5AeQIVYc6wtjFoPiQ%2F%2BuOTkZf%2FYJAjKt2kjQCuXzoA3qbOjYsQ8DweTwaaimPDHuZClUhjYbHGx563eM9JGIP66NKjz9H27qQsxkRkFSM2LcuTCid7u%2FKRl4lRb6KuZP1ExW3AB8E0YmYScLQl9xpTlHGJmHMnSCXc%2BFkCSb%2FUUs4dIVMqvfR1JFTqJosdFpfKxbqt2r3KGxNkhY5lntSrQE0Bprf7DURFh5CiQ4F%2BZ7RKS9f5YYVy7U0F%2Fh99nnM26KeEGdOiv409atNZnq03DGD4GkmfI%2BlSinnBXuBD5u240pK4U7yLGnt3lSGyIk6%2BJmXU6XLQZ6WqWgNY7m%2BSW%2Bm%2BKSNIpUQ8jXIbkcHFmTAaViSfRd74n1MMgRALsCe1wVPlRmH2SXyCFug2rSTVhdzcgl%2F2i6cSg8dQvwiNoh%2Fi%2FGw60dc5kN3KKEXDJdQ%2BORR0dZvEPnMWZ4mPn7rrUBszgwIL%2BON%2BTuohTIqEpwp%2F%2FYsDKzuIgI7y8HG3D4GhjtSH3I2kVbZibTdjngc7af3zWOJanVQfjWb51qwImkgrGZGnSHefUkVpBTd8Xx4eIhLHkDO7KY4bZgzj%2FzRNNicZkadId59SRLbIztb7h4CtWWPpNeS1KZpLXGs1YE5nd1TF%2BB0PoZ3u33%2FFob%2FoZAPMJ8Cgyy1yHWbnk6Fy9CeBLZjsdoqD%2Bc0MSyDBwgqCzQcwMqUrkrzK9z6XV3WY8pRSobZTjDl%2F8QbDsSnYJWOsK4wNxSxXWIMBoi9FwfrCsI8ptQfN6w9Gvxh1T1oLcr0uBFq3K9mYmVVH2rwvNpPSJiiZ0ANvZ1b6eojIbywCDweMj%2F10H2y20XRgXKFq%2Bhh%2Fto4y%2BLRLO7CgFyNN54MQ6SmQwIy2JxQpco2ur%2BNuujyMzcnTfGMEO4xLEIKR5lhrpiNM%2BotShgtzYeCAG5BvXfIuhqDr39rFvZKGYOoKt2OrnS3ul6AdD857bI8cwB%2F7j2KA2suKAcBPKCXLqWfRvFvDSMvCZRK%2B9abUrKzFrBv1Ze8F3B2Nzrc84nMWIqfhKLCXyAJhFxPVNZCEgRX7rnW8jNYyI8Tqor8V4am%2BKN4NgwJwl64lHI7nR6K2aqII2Oo7nUpvKZPsTKC4JOBzvuwcRUDwDt6cGn7znqIn6InG7uE5f%2F08bZw4OR%2BBzIPFuVD82ifNmk1%2Bibasjj374be7NHdM%2FJzjlQI5lSNwu9eDDkLIUlrwpV3RUyqQ9IwHZOPrqAce9p%2B5FpNYmJesmdIty2T%2FxpCga8YA77SuzUH5yJgKuu5woDAea%2BSGG7NT1Zof1L4%2Fw&mm_sceneid=1_0_1392190029_0&a=xxc%3Dad_ztc%26mi_id%3D0000oTeQw6Bk35uBbXibHVpijt8G6um4VsQfThEMf_BmUxw%26skuId%3D5837547202753&id=858513294612
949804994075,可爱潮玩公仔搪胶娃娃毛绒玩具布小玩偶送女生玩偶生日礼物布娃娃,28.4,¥,券后价,tb582611028,网红玩偶屋,,200+人付款,山东 临沂,"官方立减12%, 包邮",材质:超柔短毛绒 | 玩具类型:塑胶玩具 | 玩偶种类:人物 | 服装款式:Q版 | 适用年龄:3岁以上 | 出售状态:现货 | 品牌:001,https://g-search1.alicdn.com/img/bao/uploaded/i4/i2/2206661684176/O1CN01ItQxhF1gif2ed5DTl_!!2206661684176.jpg,//item.taobao.com/item.htm?id=949804994075&ns=1&abbucket=10&xxc=taobaoSearch&mi_id=0000lPetBVz19FKWhOJovBBer8rcq092qZHWlzWjjIDTxl8&skuId=6041655983884
789188445994,POPMART泡泡玛特 Labubu Macaron 心动马卡龙搪胶脸系列毛绒盲盒,110.2,¥,券后价,卢什大可乐,XLL TOY大号玩具,回头客3万,7000+人付款,广东 广州,"包邮, 公益宝贝, 酷动城",款式类型:隐藏款 | 出售状态:代购 | 系列类型:联名系列 | 品牌:POP MART/泡泡玛特,https://g-search2.alicdn.com/img/bao/uploaded/i4/i2/854130513/O1CN01cIbxl11Ff0IWn7L0d_!!854130513.jpg,//item.taobao.com/item.htm?id=789188445994&ns=1&abbucket=10&xxc=taobaoSearch&mi_id=0000R59VXQLfM4xoUz1SuZLmGbHFqWoVK_sFvhGsRXnxAK8&skuId=6171756946393
970335867152,【官方正品】泡泡玛特拉布布Labubu马卡龙一代搪胶脸公仔盲盒手办,108,¥,券后价,Star潮玩,Stella潮玩,,900+人付款,江西 赣州,包邮,款式类型:端盒 | 出售状态:现货 | 系列类型:联名系列 | 品牌:POP MART/泡泡玛特,https://g-search2.alicdn.com/img/bao/uploaded/i4/i1/2220661173542/O1CN01XVZnyn1c2HzG5ODn3_!!2220661173542.png,//item.taobao.com/item.htm?id=970335867152&ns=1&abbucket=10&xxc=taobaoSearch&mi_id=0000b-wY3ogUTzBv5gxAaqlLErWdX5JBNTLORMsT7pUrO1M&skuId=6087700827237
962276953446,POPMART泡泡玛特DIMOO心动特调系列搪胶毛绒挂件潮玩手办礼物,219.9,¥,,李超越0922,TOP DOLL 俱乐部,回头客1万,2000+人付款,广东 广州,"店铺满299减3, 48小时内发",款式类型:特别版 | 出售状态:现货 | 系列类型:联名系列 | 品牌:POP MART/泡泡玛特,http://g.search3.alicdn.com/img/i3/1392190029/O1CN011EtyQH1C5KbUgnbyB_!!4611686018427380301-0-saturn_solar.jpg,http://click.simba.taobao.com/cc_im?p=%CC%C2%BD%BA%CD%E6%BE%DF&s=173522624&k=2393&e=p%2Bx66vC2NZYliJaAMYKUKXDMLSdRWEsm5U7hkMYyyqsKv2VpMg12F7OluFws%2BBAeWwaH4y2MFWKV%2FIN%2BoE1HrUcqTge%2BtB7yhk1Dwu%2FDSgpfl2YsdqCl3kE%2FRo9LblNxoTWmBQO%2FfPpONMv0nxCracvadM1g5GjtEGrbI2Iee3kB86zxTlg%2FUzMhjN%2FKJYP46F1pHXAADxEwO%2FWdIRhECBBi8JfKHddDvOHqq3KlCUOJp6RuNtwA%2BMzSsmkyqJmVRvlCAE%2FRgTCj32N4lFYG1NUfhCQHR46Of6C6oK1PFYUSstNUEl%2F1rZVKhxVm2dJDB8dRtAPBBnpfGWzjg5H6s3kgAfhlTz1eSw4S2b1GjX%2BFyMzYlJ302i%2BnZ4kGh0FYSxRecp4ipUjZVTVTqsfbXYyeFVpJv8upaifvIekxlGKWEtugVJLC%2F6XDqoupDn3dJcrfeEYQg2De9O04GKg0GaLra8He2ZBc9H7Wj95WtibzHWlmwxLqBnHU8%2F7bEWoeD8gwetLf7Kn21JEfiJELn1mGtjaYO0uRDWOKidd%2B0ueeDN3nFRBMdwvpXrQp8HpkigtCr%2FfjcIzRGT7Lo2H0YuSKpAagN9qxg7WBY7eNQLAj2d6h%2FvjNyDLCGCpmNM1tGMELKAkX%2F58J9bhfFzB%2FAsMm4jl83Ry965ZnoWRQ6Z%2B3NZn5%2FphlvxIrP397W5q8CPA9pipUOgNYAty6pJc1ZkRhcV1W7KdrmOvxP069Bbzj2nRIkytpp291MknheBae2ifmyuDn41EWAHshkdCljKQ1Ds1kJlXPsulatHQDMjM%2BiFxy%2BZuqyETdvgeNERto4PdatQTRbRY5ouG0MFWVOjeDYMCcJeuJRyO50eitmqiCNjqO51KbymT7EyguCTgc77sHEVA8A7enBp%2B856iJ%2BiJxu7hOX%2F9PG2cODkfgcyDxblQ%2FNonzZpNfom2rI49%2B%2FIzw%2BwMS756E%2BixLFBOwIOO0ge%2BgNnx0FYHicEH9Dc7EzZ1QUJT%2BbECqUqPPEcsOrCb9L5ZpZoQqZfZ5wkHyCwWYHBgO%2FL%2FJyJuz3nYKQYtpLhu5PeIA5xo7rFJc03ptCBT0iGzn8CmPblDR3owPjTFCvuwcKV86qqA6PPFGVCRPysX%2BhuiPoyy2cHIEtvtDwLqFz4%2FTvjEhPjaVXQismBepJjNHjlG0JxFhZk7kaiKFScLIhEqbqi%2BR%2BaNZ8fpO42eaBtfOlc8JiW%2BydOcyltHj8q9nGmrR8oh0TD6RTPYWEMLeZomwqKyf0e1rGfmFyxxcNOSweaBJAnyYXbn64thApdHwPCEUscuC362KIs4HuV%2Fa63CjOG5eBdz8mCaAuLHT0buqloqnE005iRTlp%2BzmCIjIt%2B4hsjK%2BVgnxn5iGFG%2F9EJv0Q5Xsfgatp4P0YsyP0EFSWgqHk91nQ1imoCA%2B50DSRTvckfHS3zac6oPN8I%2FaG2cuISZMG7hdDodpPU%2BhmFJUqtIoDAea%2BSGG7DTClJxAl8ovJO8qIsp1BWPBJ4xkzVKkxpFbEaoCT1MwOSZUdYUqnBdPXURgfrx19OH%2BNUdXx%2Fh56QKDqZXRwLo0NxbZswBp%2BIca8IIU%2FxcGD7Emynj6oXUe9ZH2i3NExDXmf2DShr2V9QP8LSlXzPYOgwLlt5eIq0TcAeQsnj14KwAKgog6w3L1A%2FwtKVfM9thEjW2r30v0xQqalEMkRawoDLr4Pw0q87D6Wes0xLEtvE7VSwxK6vBjBcU5nHiftCcRjjhJS9O6EP2Veszc8l2VGKxH7x288W4ec8n%2FO3QZCEE5xHEXVR67uFDyaaL1p959Pwg2MKle6LJqZozH4yjCgdHcEqHJ%2BlgYqZ1wRoCDC6iK8Y%2BkfTjkL1jYMkhzd7AQ1XU5s66s7wlJMSBh5uZsW4NCV%2B%2Fr3o13lQdP8rSx0ZzkqP3hGeld8EzkS9IM3M4j9FJ3GgJJvM8JUek3wc4BnAAElyOB%2FsZZrPC29hxZgWITFGMCLVaPWjs4Egh1rAlg%2F85lJkLk8NWZ9nXh8ZUQvP1zO9X35Sd%2FNRMs0Rah3NdSShVZNr%2BJkjyXvJVyq7zA9G6D4R1jAY9pUXuKvPEGDikGLYYoOVUAq96LXWBUtqeoxh7bAeCZKd1LLkrEe3A3poQGRnJZOeZb7JkZ5exjxExjLdWdU9nXHNTwK2GeYFPu9JyOFDHx8AwkQZjQ8xudBGDi%2BOAGIWST5PwwkDTAq2pfuH0fTwepPfvcj15Bk1%2Bibasjj36R8aDIJFAuOIgpNV1fRAwmoyQ5%2Fi3E9UtXFTuvTIiOhNon5srg5%2BNRDeSpPRwbCVnJjiZ%2Fq7LanXVmfV4nQqzWEa6v2%2BlBmtvKSuX0UwgBaAmKn7g1St1xhHSlHr1Xzsx0kMtp0Hqgug%3D%3D&mm_sceneid=1_0_1392190029_0&a=xxc%3Dad_ztc%26mi_id%3D000050evHCq7Q8EtK3xPW-2t7PjOLQ-nUzzoUqKUfF6vB68%26skuId%3D5933425116028&id=962276953446
862957953685,POPMART泡泡玛特labubu THE MONSTERS 3.0可乐系列搪胶脸毛绒盲盒,170.45,¥,券后价,卢什大可乐,XLL TOY大号玩具,回头客3万,8000+人付款,广东 广州,"24小时内发, 包邮, 公益宝贝, 酷动城",款式类型:隐藏款 | 出售状态:现货 | 系列类型:联名系列 | 品牌:POP MART/泡泡玛特,https://g-search2.alicdn.com/img/bao/uploaded/i4/i4/854130513/O1CN01fHnYzw1Ff0IXWAi8s_!!854130513.jpg,//item.taobao.com/item.htm?id=862957953685&ns=1&abbucket=10&xxc=taobaoSearch&mi_id=00000PenHFtNGUKmUGVSNbMV_1siPbk36HjSco_1EctSgVU&skuId=6180813550797
962101239879,火影忍者疾风传盲盒萌兽派对搪胶毛绒六一儿童节礼物毛绒公仔潮玩,48.17,¥,,生活杂货坊,生活杂货坊,,300+人付款,北京,"48小时内发, 包邮",ACG作品名:火影忍者 | 出售状态:现货 | 系列类型:联名系列,https://g-search3.alicdn.com/img/bao/uploaded/i4/i4/2220137762092/O1CN01jSUM8V1RKBfFWesWX_!!2220137762092.jpg,//item.taobao.com/item.htm?id=962101239879&ns=1&abbucket=10&xxc=taobaoSearch&mi_id=0000QUHEZDy-Nv87UnVywiagISRrv33b3INMXxXRJBDY3is&skuId=6108289650597
,,,,,,,,,,,,,
973006038918,【现货】摩尔庄园搪胶毛绒盲盒甜心小熊系列潮玩公仔游戏玩具周边,474,¥,券后价,taomee淘米旗舰店,Taomee淘米旗舰店,,600+人付款,浙江 湖州,官方立减12%,出售状态:现货 | 品牌:Taomee/淘米,https://g-search2.alicdn.com/img/bao/uploaded/i4/i4/2214171413521/O1CN01OV8FVV1bsfZLWjCFL_!!4611686018427382801-0-item_pic.jpg,//detail.tmall.com/item.htm?id=973006038918&ns=1&abbucket=10&xxc=taobaoSearch&mi_id=00006S8IkEwV-c3akUi1ovLiNi4GPV0IOUdsBAH1_ibrnSM&skuId=5855951575137
993548610637,正版Nommi糯米儿一口甜心阿玛莉莉丝联名搪胶毛绒盲盒手办礼物女,99.9,¥,首单价,knoxx潮玩,KNOXX潮玩正版店,,300+人付款,福建 泉州,"官方立减12%, 直降11元, 淘金币已抵0.99元, 退货宝, 48小时内发, 包邮",款式类型:隐藏款 | 出售状态:全款预售 | 品牌:TOPTOY（玩具）,https://gw.alicdn.com/imgextra/O1CN01mm90271H4Tw24gsJZ_!!2214236940704-0-picasso.jpg,//item.taobao.com/item.htm?id=993548610637&ns=1&abbucket=10&xxc=taobaoSearch&mi_id=0000Zpu6jdYk_qqkdXAREH5EvlGMzv3c0irysNihcSjacw4&skuId=6136582071495
654456548315,kitty猫美乐蒂史迪仔耐摔搪胶娃娃儿童diy涂色彩绘玩具非石膏白坯,1.49,¥,券后价,狂卷星期八,石膏娃娃批发店,18年老店,300+人付款,浙江 金华,"淘金币已抵0.04元, 48小时内发",材质:胶制 | 适用年龄:6岁 | 包装形式:散装 | 产地:中国大陆,http://g.search1.alicdn.com/img/i1/10750851/O1CN01xhAliW1I9nwiJ9s2m_!!0-saturn_solar.jpg,http://click.simba.taobao.com/cc_im?p=%CC%C2%BD%BA%CD%E6%BE%DF&s=173522624&k=2093&e=kyN43HELRbsliJaAMYKUKXDMLSdRWEsm5U7hkMYyyqsKv2VpMg12F7OluFws%2BBAeWwaH4y2MFWKVuzn0ix%2FYKXPnlTeHdSisZsCdlSAHM7hBKVuAcPwKe0E%2FRo9LblNxoTWmBQO%2FfPpONMv0nxCracvadM1g5GjtEGrbI2Iee3kB86zxTlg%2FUzMhjN%2FKJYP46F1pHXAADxEwO%2FWdIRhECBBi8JfKHddDvOHqq3KlCUOJp6RuNtwA%2BMzSsmkyqJmVRvlCAE%2FRgTCj32N4lFYG1NUfhCQHR46Of6C6oK1PFYUSstNUEl%2F1rZVKhxVm2dJDB8dRtAPBBnpfGWzjg5H6s3kgAfhlTz1eSw4S2b1GjX%2BFyMzYlJ302i%2BnZ4kGh0FYSxRecp4ipUjZVTVTqsfbXYyeFVpJv8upaifvIekxlGKWEtugVJLC%2F6XDqoupDn3dJcrfeEYQg2DHOevH2VoeOLk3LOEu09BADn0%2FzaWkWZTur3eH08sSd9u6hMNVd2GaWJ1b%2Bm%2Fs1WCiPTJHhhd3rnXe1Qb8YQPwotDKbif6HFvG63qwIDJ%2FKuZXsKytG4CNFeAKaDTqyCOZX18NGSeL%2BDCUVpEAQWm07DIpxxFEHh%2FNqBRNuDdeyHDOaT7bEVnphbHha0uBXlW3tenske83GoiK4vZywzTiWsGDaPc0c%2BK28znePDr6DyMMA1LpjUK%2B5H0OfLV3p7ohHLG%2BwHZFWOkFOy7%2FYVsHdd7VBvxhA%2FDzmboXzNgEIAktjIbPjSs9pUpaAOp%2FNBp%2B1PiHWhOILfTFCs6Qvxa5WnPs6pUSZfBaQN2qn2ctHWbcJk2L4KO%2B1Ntv2iah0o3iFLUkeqBv930wCOOQKoM6eD0Xeef5lW1DXv0H4WtpbB65OgEdgjVyKslHVM7ScRIbBeQfRSP48oGWIg8ix89EHxBcqbgH%2F%2BZ%2BQg6AAPHpOTsrRd47ukMg8sbKu6lTVdZ3kKK3VIwNTxSwPI4fLgt0ssgUkVbNKRhA0i372MMV%2B1pt7MrDdbSOKK3fDZyTSx4CbyRQMFR0rXuRkhy9DeCy8l6U4YBx%2BCeF7fWakC0fhgF9%2Fe1Zq25sXvLIYRyrWmFkPJqMz6T9gRBa5XQ54rDCJ2FDF29kFmcWQJJv9RSzh0hUyq99HUkVoCcZEo%2BhYVX9AuL8n1E%2BgkiFHQDcN0PeMZqQjMJ2YBxDctc1%2FfVnA9fyKYMV2AExazZmQaJ5l31kdiruo59Amyhct5%2Bn3%2F2AmV9fDRkni%2FjzObDrLpr%2B4wt7GHnIVhj5emMC%2BVPs5R4HOHLbJzbtkf6cAJVU7ryrkSFj1dlDvousPeFcDQQrCjh7pn0qFabS%2FQp0tJTx00p5P3MDtzl4H4R0pR69V87MdUBJEIEgMpx2mPGN24NzbqEddcog3LhpNeZ%2FYNKGvZVHHN%2F%2BVP3R0NtPYcXxkTUMRNwB5CyePXgrAAqCiDrDckcc3%2F5U%2FdHQ9k7Q5rD%2FUsnFCpqUQyRFrCgMuvg%2FDSrzsPpZ6zTEsS28TtVLDErq8GMFxTmceJ%2B0JxGOOElL07qjqlZoWW9wVMY7eG%2FWxPk7uZv0gPtzQahWXtkT4Ml%2BPpiVwewqfaQhfvRLIzxkwMy0MDDv1VaqGLU4lwoDy70eSRMS8I%2BvF%2BQ59MoUyqECjvKwhbImlsy550SVoXcx87HQlgtz7aBfQYl62g4koyWspZ4Cmy66NeQoz1JVYQF8JGH4oplJietCdiYAS%2FnQJSeY7FfSWSk6wSQe64EDHlSunAiemUsdZGgQfHKpdFuJU2NWwgbe3rvkIljkhKvp6G%2FvvHnxyR%2Fu1dsfvgtyNcVd%2FGg6mYqVV9fCdSMg4qhoWffYv8tmJs6ctFF4u93Z81SPesQRwKCC%2FhOb8HpR%2BSWf8Jx3w5awe0pzHI%2BHAhbbM6q0u4QqB9xAOvWxBBOicSgJ8os9pRlpkd37ncHE0aEimZ5V0SXxQxKA%2BBbAG0NA1cn0cxI%2FarZi06x87crehXxjMIdCPrMrhnocbutz9tkYcL0nvS4zPuIXk9O%2Bakl1Ube16eyR7zcaVZzcuGjM2rLm2zlnq%2B%2FC0aTA6ms7gd6%2FLRP%2F6iY63I0%3D&mm_sceneid=1_0_10750851_0&a=xxc%3Dad_ztc%26mi_id%3D0000DX7E7b4VcqL9ntYuCNfCCFmgbFYw_fu4xkZ9egP8B1k%26skuId%3D4898050982742&id=654456548315
984080884271,【UTN】线条小狗猜猜我是谁系列搪胶毛绒盲盒公仔玩偶女生礼物,58.58,¥,券后价,utn旗舰店,UTN旗舰店,,73人付款,广东 广州,"官方立减15%, 包邮",款式类型:隐藏款 | 品牌:utn | 商品状态:拆盒不拆袋,https://gw.alicdn.com/imgextra/O1CN018yX1Jl1TvrU5kNyCw_!!2217023652445-0-picasso.jpg,//detail.tmall.com/item.htm?id=984080884271&ns=1&abbucket=10&xxc=taobaoSearch&mi_id=0000yye4OWLpJAQhYPCMych-HA4Sqk_crpidNbx-zwllvpk&skuId=5943219412843
717016473529,潮玩超级盲盒玛丽 大号马里奥路易兄弟 公仔动漫手办模型玩具摆件,228,¥,券后价,博博tiamo,M记模型店,5年老店,85人付款,广东 汕头,"官方立减12%, 退货宝, 包邮",出售状态:现货 | 款式特点:关节可动,https://g-search2.alicdn.com/img/bao/uploaded/i4/i2/2857688803/O1CN01mwdHlu2EtpOw2KeN7_!!2857688803.jpg,//item.taobao.com/item.htm?id=717016473529&ns=1&abbucket=10&xxc=taobaoSearch&mi_id=0000-excbFABBGfX2Q8_f4ytCCEBBF5fuaJwqrOkS0A5ZUk&skuId=5179716815422
1014884300776,嘟嘟猪存钱罐儿童卡通玩具公仔搪胶防摔储蓄罐大容量可存可取礼物,44.85,¥,券后价,官方国货甄选,官方国货甄选,买过的店,28人付款,浙江 金华,"官方立减12%, 淘金币已抵0.29元, 退货宝, 淘工厂, 包邮",材质:搪胶 | 流行元素:卡通 | 品牌:梦动,https://gw.alicdn.com/imgextra/O1CN01Ll1BNW1mQEqvRqQoL_!!2206588314948-0-C2M.jpg,//detail.tmall.com/item.htm?id=1014884300776&ns=1&abbucket=10&xxc=taobaoSearch&mi_id=0000_j0Tq1jkpfgSjWlslBM7rHhI4T5xBwKP-zKiRNpV-BA&skuId=6018170125762
972539198678,【现货】MINISO名创优品迪士尼史迪奇GenZ街头系列搪胶毛绒盲盒,60.7,¥,券后价,miniso名创优品旗舰店,miniso名创优品旗舰店,回头客200万,3000+人付款,湖北 鄂州,"官方立减12%, 退货宝",出售状态:现货 | 品牌:MINISO/名创优品,http://g.search3.alicdn.com/img/i3/127238467/O1CN01RBNXC42CPwXhHObCc_!!4611686018427380035-0-saturn_solar.jpg,http://click.simba.taobao.com/cc_im?p=%CC%C2%BD%BA%CD%E6%BE%DF&s=173522624&k=2433&e=k%2F0mbHUw2WsliJaAMYKUKXDMLSdRWEsm5U7hkMYyyqsKv2VpMg12F7OluFws%2BBAeWwaH4y2MFWJ4wbiB9Y5dS7tqkBXY9sOcbeUDZ3l0H7dfl2YsdqCl3kE%2FRo9LblNxoTWmBQO%2FfPpONMv0nxCracvadM1g5GjtEGrbI2Iee3kB86zxTlg%2FUzMhjN%2FKJYP46F1pHXAADxEwO%2FWdIRhECBBi8JfKHddDvOHqq3KlCUOJp6RuNtwA%2BMzSsmkyqJmVRvlCAE%2FRgTCj32N4lFYG1NUfhCQHR46Of6C6oK1PFYUSstNUEl%2F1rZVKhxVm2dJDB8dRtAPBBnpfGWzjg5H6s3kgAfhlTz1eSw4S2b1GjX%2BFyMzYlJ302i%2BnZ4kGh0FYSxRecp4ipUjZVTVTqsfbXYyeFVpJv8upaifvIekxlGKWEtugVJLC%2F6XDqoupDn3dJcrfeEYQg2DPAN4sfD8GxgQ4S6o94B1MIianJK6VTk0PxGL98ZcqyeWjwG5hx6KhffFWz0I4bDoPA%2FiZB%2F4HL9qckRctjIMNYmVEj5qHViQYYfzHtOyV1Ets7HbJv71Ce8uHc5AOkvSi5J9kW%2F9Jp2RSCTWCOj0w1N4Ibh8qqZjH0icqH9RyiP9lCgBFns5TCfk1mlLiuZW22OnopEwXYjNMZe9C4NtVruFd0PDUTVev%2FuSvqIZ4CdAPldbqVfoDEKcv%2F1WYTO8XkJ9PR91xH78Tg7MSgGpUlnHW6RJi0jHeUaAtV6wR14vdzTShmS%2F8ZoFfz%2FbPL3vsDtMf5RiUM4C6c%2F%2BDZ%2FluRf%2B4%2F4pQL5VNPVyGAe7t5IKnVke6O5%2BQcrYiZCcEqA%2F6%2F4GyCXxPKwpMd71iVPmRtFh4WcXh3ZtHI7nR6K2aqII2Oo7nUpvKZPsTKC4JOBzvuwcRUDwDt6cGn7znqIn6InG7uE5f%2F08bZw4OR%2BBzIPFuVD82ifNmk1%2Bibasjj37cWpOwWqvmtUts7HbJv71CaQmw6HEQi1cVgeJwQf0NzgkE4qmA9xwIoERXtjZdxqDBCFpeyRkYVAV9D5O%2BKFQg%2FSyJWFbaCd1eCLmd1phmaKGHwMG%2FoGaRaS4buT3iAOcaO6xSXNN6bQgU9Ihs5%2FApj25Q0d6MD40xQr7sHClfOqqgOjzxRlQkT8rF%2Foboj6MstnByBLb7Q8C6hc%2BP074xIT42lV0IrJgXqSYzR45RtCcRYWZO5GoihUnCyIRKm6ovkfmjWfH6TgnusvTCOJgkC8oJafORBgQLN0rJhjxFwPKIdEw%2BkUz2FhDC3maJsKisn9Htaxn5hcscXDTksHmgSQJ8mF25%2BuLYQKXR8DwhFAAARvf78DKNclGIFYLLZspwSxJufPm%2BtUF3m1pJFqmhOZ7jIjGMp3xUmF0hvfrPLZYmp6PzPdRUXyT16b94CVDuMnMt%2FqmVwW8W8NIy8JlEp1R8U4WH4YXZ88%2BRSiMNuDdzsz%2BpvBS1LFrSHnYNRoaNzAIVq0MFDm3di9ao2X4WpMDqazuB3r8dROjh%2BEJM7YuNjqDyJfVPLVudvCIcO%2FWNZEE%2F%2BDD09E19OK79uVKokGJK30steDezmyHuFnxECE4ZG1IEpa9sQBb%2FAhZZ3jeirzTpMwQitJZa2K4dtpPwcqINdBpJovC1L3eBB0GqROwO0x%2FlGJQz3PDVSAraruNTYSDKjz7Ep9%2BO7jI0lZ1l7A7TH%2BUYlDO7LGVPXpxa%2FkE%2FRo9LblNxKW52scsnGRFZJC3RVylCpJWzXc3D%2FHg4LvuFV%2BK1kQyxR2aFru5NmINCHdzksGUE5jhCFVpCBxdl5ZJpb%2BvR5rKyrYX%2FhQJq333E%2BTkbPXWnnO4HcasQD4mUvd0T4CGLb4yhMTrdkMdSpU0U7xRtYqJ%2BUEmDjw2xgi4tFwZIh9jrjL6nekGSWTi2Jv8D4BWF50SVoXcx87HQlgtz7aBfQS0bruY%2Bvll%2BsmDTsSzHxh4oz1JVYQF8JGH4oplJietCDY0sHg8tDHGY7FfSWSk6wZOLWNrNmtjqnAiemUsdZGgQfHKpdFuJU2NWwgbe3rvkIljkhKvp6G%2FvvHnxyR%2Fu1dsfvgtyNcVd%2FGg6mYqVV9fCdSMg4qhoWffYv8tmJs6ctFF4u93Z81SPesQRwKCC%2FhOb8HpR%2BSWfG4PEPfbvw8xhXlO3It3MGNcMTg0TqpQ%2FR%2FNk7GMX0czXSzB7ekgvogxIP0b2QV6mCfKLPaUZaZGhCQYZcGvdYJmeVdEl8UMSNIhBh2NO5fDdgPPn8OVHu6haS6crd5ZYmblB57RJYooOAi20B%2FaZ0trvDhXD4COPV6iJp9k7f%2FISw3aWlMZCJxlstEZ9GjM2YM5Vnma3zmQDl62jC5zPhnBLEm58%2Bb61biskghkho%2B0beWyQqkCEgfb5F3%2FqbOZv4nQCPu2NslGqLSOZCfAQwO0gHMmO%2BmbN&mm_sceneid=1_0_127238467_0&a=xxc%3Dad_ztc%26mi_id%3D0000yhO_Dy9fuQRTQSTUE4eXTDiMPZZuHuz4lmHZ8YkGNVs%26skuId%3D5772732760833&id=972539198678
646952351579,出口软胶恐龙小号搪胶卡通彩色儿童玩具礼盒礼物霸王龙甲龙科,25.8,¥,券后价,宇向东游,喵趣玩具,10年老店,200+人付款,山东 青岛,"官方立减12%, 48小时内发, 包邮",玩偶种类:静态动物模型 | 适用年龄:4岁,https://g-search2.alicdn.com/img/bao/uploaded/i4/i2/2230697408/O1CN01rOV1hP24aujnw82P7_!!2230697408.jpg,//item.taobao.com/item.htm?id=646952351579&ns=1&abbucket=10&xxc=taobaoSearch&mi_id=0000UIE69ZsqWJ0tmNQ6uSKpOBBPV2WK1c43dpCQsjW2r5o&skuId=4985342634476
907561029363,泡泡玛特拉布布车载安全座椅模型摆件玩具搪胶公仔盲盒座椅出风口,115,¥,券后价,樱花味奶昔,Aurara,,400+人付款,浙江 金华,"官方立减12%,  3期, 淘金币已抵2.3元, 退货宝, 包邮, 公益宝贝",,https://g-search1.alicdn.com/img/bao/uploaded/i4/i3/2656499494/O1CN01qoRHTF2K0JIQPBOq2_!!2656499494.jpg,//item.taobao.com/item.htm?id=907561029363&ns=1&abbucket=10&xxc=taobaoSearch&mi_id=0000hY4Vp-JfyDCkj6_zme6KBqKV0wMgTLRJK0HaVtdHDug&skuId=6030674139470
988732467608,大号宠物小精灵手办摆件40cm皮卡丘杰尼龟玩具可达鸭梗鬼玩偶现货,121,¥,券后价,tb7963984549,蜡笔名古屋,,49人付款,广东 汕头,"官方立减12%, 退货宝, 包邮",ACG角色名:皮卡丘 | 出售状态:现货 | 材质:搪胶 | 适用年龄:3周岁以上 | 比例:1/1,https://g-search3.alicdn.com/img/bao/uploaded/i4/i3/2220612657915/O1CN01ZWQnwt28L7xcCruFu_!!2220612657915.jpg,//item.taobao.com/item.htm?id=988732467608&ns=1&abbucket=10&xxc=taobaoSearch&mi_id=0000KGKqy2Z_PaXX3seEQS9FUfHX7oxBPr9m80C3eORY0z0&skuId=5957502873520
858543407692,正品蜡笔小新幻想毛绒搪胶盲盒搪小偶S手办可爱公仔摆件女生礼物,42,¥,,明兴书店,淘淘潮流正品店,6年老店,500+人付款,广东 中山," 3期, 24小时内发, 包邮",出售状态:现货 | 款式特点:静态 | 商品状态:全新未拆封,https://g-search1.alicdn.com/img/bao/uploaded/i4/i4/3236004792/O1CN01KobBvt1lGmxdMcoCz_!!3236004792.jpg,//item.taobao.com/item.htm?id=858543407692&ns=1&abbucket=10&xxc=taobaoSearch&mi_id=0000cKzPWnUSeLfL8RczJH2zSENPli1vzjy1t8X2sh9Sa3c&skuId=5775047112625
967052278558,网红新款摔不坏搪胶白坯娃娃儿童涂色地摊夜市玩具背包熊非石膏胚,2.15,¥,券后价,狂卷星期八,石膏娃娃批发店,18年老店,100+人付款,浙江 金华,"淘金币已抵0.06元, 48小时内发",材质:胶制 | 适用年龄:6岁 | 产地:中国大陆 | 适用年龄（新版）:3岁及以上,http://g.search.alicdn.com/img/i4/10750851/O1CN01ujLCah1I9nwdGs5Ck_!!0-saturn_solar.jpg,http://click.simba.taobao.com/cc_im?p=%CC%C2%BD%BA%CD%E6%BE%DF&s=173522624&k=2093&e=6GXUhCOenqUliJaAMYKUKXDMLSdRWEsm5U7hkMYyyqsKv2VpMg12F7OluFws%2BBAeWwaH4y2MFWKVuzn0ix%2FYKXPnlTeHdSisR01YZ2HpU6dBKVuAcPwKe0E%2FRo9LblNxoTWmBQO%2FfPpONMv0nxCracvadM1g5GjtEGrbI2Iee3kB86zxTlg%2FUzMhjN%2FKJYP46F1pHXAADxEwO%2FWdIRhECBBi8JfKHddDvOHqq3KlCUOJp6RuNtwA%2BMzSsmkyqJmVRvlCAE%2FRgTCj32N4lFYG1NUfhCQHR46Of6C6oK1PFYUSstNUEl%2F1rZVKhxVm2dJDB8dRtAPBBnpfGWzjg5H6s3kgAfhlTz1eSw4S2b1GjX%2BFyMzYlJ302i%2BnZ4kGh0FYSxRecp4ipUjZVTVTqsfbXYyeFVpJv8upaifvIekxlGKWEtugVJLC%2F6XDqoupDn3dJcrfeEYQg2DHOevH2VoeOLk3LOEu09BADn0%2FzaWkWZTur3eH08sSd9u6hMNVd2GaWJ1b%2Bm%2Fs1WCCwH7efRpBFERHsTopdpF7otDKbif6HFtxwpHxQjORsKeezjwY4AYAM9nA4rjLGfAJf7gSXsRG%2BAtil9%2B9rOfjH001Y1XceFnln97q%2BlN5HFUSqRYUcMtNhbHha0uBXlWT5AoqfFK4ViBcg0SQND5nWsGDaPc0c%2BK28znePDr6DyMMA1LpjUK%2B5H0OfLV3p7ohHLG%2BwHZFWLCtdTeF5KY0REexOil2kXvzmboXzNgEIPInS02eVTcB7XLMxlCscM5x%2BdG8LjWy9wqt26wYAS6IYSW%2ByH%2F8nCZuhSRBA2ngN3HDWDM%2Ftss0tn1fbSd3oA4%2BaDeqzEl3Ef665QPSJVvYHTkuQytHM13Yeblh70YwNw3kqT0cGwlZSymBYMnJc8x%2FNTqkJpAV8JAyAS%2BLdVBuUGOhJ6lPHYr%2BXkgJHOgdbohj%2Fz69Czvs4Vwyq0DRBUs9nRKDnIFnmVs19boAf59Q3g8Uur1xq8MtqCbV%2BVi1m9sYCUl%2FRHWC7eO4NrRK4bpf073mggHkVO%2FOvoG6B68bSQA1VQTBcgh0imK1ilIu476QF3zdl7skj4d%2F3YY8YeK0ZNBK%2FsZ1lzdYV9CrUZstj0OjMsL8TdCBkxbKFz4H3n79krgdv8KROTLnBLq9rKp5F%2BX4Fr436kuqJag1otKCmgXQ3RQkp4Pon%2B%2BqZznynD6mDZ%2BRy1XdsEkyaQseJa5O8sOo7kXJsNLaYJIArz4xJE9JpePG3zgBdTIWbKQkY6VOQ1gVxrpDNkMMNVIN17ZvFvDSMvCZRKdUfFOFh%2BGFYjWkzCIfwv3goSu0Y8%2BmAfkGETwHs9Pu4PzLDgjrkaht3YvWqNl%2BFqTA6ms7gd6%2FHUTo4fhCTO2LjY6g8iX1Ty1bnbwiHDv1EWbWCTdzK63CCoJ8%2BrrlkdzaVWLvzHWUAxhoFZqXQM%2BndhX22%2F7WWcIKgnz6uuWRd1VRCgMrsWePqTShKQ2BD%2FFbLv9PHkWjbxNQO7aodL%2FUg55ouNrRIF7RSwG%2FeO%2F089bcRSF0Z2rCN%2B8w6ovY7I%2FUi0WYVXMC3osbLNIaiQbCjViuamQx4UcDZZew6CqepO0uG%2FtGe7Aq9E%2FgXXIeRNmqpKwoLqQOk1%2Bibasjj350oQAHZv2ulSlpHCinYJdUB0Pv2UQB7DkUkw32hPILO%2BC4eFEYp9qJGcgU0kJP%2FEKlmgXY6FLwP42mmZPOpo4nCimtkOohYcBMWmd1Cl4yO%2FQKa6fkLNoe8L5NCi3e65tgRlXC%2BIPae2hmzPYKlSrTj5q9pqUGy2ZR%2F2HiN59cB%2FH3aBsSduJa%2BM1vVxqV8dreKEtNKXD0KS0U6JTLcIYQkl13xGp3di0qmvTSzNrQgBsp5MWafamzBZ6YsMFnC04ue0uKz04df0V2T9Fnt0%2BfOueiCdJjDRHZ1xzU8CthntW1ogOVrvxQ8fAMJEGY0POVG8dHZGIEmoa0e7TsTddy5L31VY4VyFlb6qPKis0D6TgN7GU%2FkF2oxjv2M1KfxMCPcru2L4%2BUuLnc3Ef5TpRq3PXy43urh0xQfnImAq67nCgMB5r5IYbs1PVmh%2FUvj%2FA%3D&mm_sceneid=1_0_10750851_0&a=xxc%3Dad_ztc%26mi_id%3D0000ixFBjoF6-3rNHiHhak_yMmjawkLiLgjw_hrx7r-k21E%26skuId%3D5009037700557&id=967052278558
922992669109,泡泡玛特代购 LABUBU TIME TO CHILL 拉布布搪胶初代一代毛绒玩偶,568,¥,券后价,encore198977,乐趣小屋,6年老店,1000+人付款,安徽 蚌埠,"店铺满50减8, 48小时内发, 包邮",出售状态:现货 | 系列类型:联名系列,https://g-search3.alicdn.com/img/bao/uploaded/i4/i1/1116266893/O1CN01uHWrfI20n3CMY7tP5_!!1116266893.jpg,//item.taobao.com/item.htm?id=922992669109&ns=1&abbucket=10&xxc=taobaoSearch&mi_id=00000VHJ0etqXhNayfO6TyBMR-sAygaJiFgM9bNf-QkgRsk&skuId=6022520324038
959187853494,labubu安全座椅拉布布搪胶娃娃出风口车载支架模型中控台摆件玩具,21.14,¥,券后价,tb3644751004,泡崽衣橱,,200+人付款,浙江 金华,"退货宝, 包邮",,https://g-search3.alicdn.com/img/bao/uploaded/i4/i2/2217716599503/O1CN01CHjusc2K4QtJHiHuy_!!2217716599503.jpg,//item.taobao.com/item.htm?id=959187853494&ns=1&abbucket=10&xxc=taobaoSearch&mi_id=0000d1DUynW_RuhhFXkLTZbZsqHZjZqo9VF-h0UP8N15a_c&skuId=5888620477577
922434788668,28厘米儿童玩具搪胶娃娃可爱表情呆萌洋娃娃套装礼盒女孩生日礼物,45.9,¥,券后价,无爱所有,查理的儿童玩具屋,10年老店,100+人付款,广东 揭阳,"官方立减12%, 退货宝, 包邮",玩具类型:塑胶玩具 | 材质:糖胶 | 适用年龄段:≥14岁 | 适用年龄:14岁以上 | 适用性别:通用 | 产地:中国 | 玩具系列:时尚类,https://g-search3.alicdn.com/img/bao/uploaded/i4/i3/2298875148/O1CN01eZTuaO1ntpwVDrtYA_!!2298875148.jpg,//item.taobao.com/item.htm?id=922434788668&ns=1&abbucket=10&xxc=taobaoSearch&mi_id=00008PupqLzoRLwahEFCxHsYKEIY9muwuSq_eo0QeSA1ooU&skuId=5604920376544
994407854518,B.Duck小黄鸭|LIITE 莉塔搪胶毛绒潮玩盲盒生日礼物女生可爱摆件,87.22,¥,券后价,bduck旗舰店,bduck旗舰店,10年老店,400+人付款,广东 惠州,"淘金币已抵1.78元, 退货宝",款式类型:小隐藏 | 出售状态:现货 | 品牌:B．Duck,http://g.search.alicdn.com/img/O1CN01PrlLiD2AUPEp2NxiI_!!4611686018427381822-0-item_pic.jpg,http://click.simba.taobao.com/cc_im?p=%CC%C2%BD%BA%CD%E6%BE%DF&s=173522624&k=2381&e=Q8HErAxAaZ0liJaAMYKUKXDMLSdRWEsm5U7hkMYyyqsKv2VpMg12F7OluFws%2BBAeWwaH4y2MFWLrO8kZae%2FXlX9DnmccFuZCGj3r2FcrdPg4fB33DSvNVkE%2FRo9LblNxoTWmBQO%2FfPpONMv0nxCracvadM1g5GjtEGrbI2Iee3kB86zxTlg%2FUzMhjN%2FKJYP46F1pHXAADxEwO%2FWdIRhECBBi8JfKHddDvOHqq3KlCUOJp6RuNtwA%2BMzSsmkyqJmVRvlCAE%2FRgTCj32N4lFYG1NUfhCQHR46Of6C6oK1PFYUSstNUEl%2F1rZVKhxVm2dJDB8dRtAPBBnpfGWzjg5H6s3kgAfhlTz1eSw4S2b1GjX%2BFyMzYlJ302i%2BnZ4kGh0FYSxRecp4ipUjZVTVTqsfbXYyeFVpJv8upaifvIekxlGKWEtugVJLC%2F6XDqoupDn3dJcrfeEYQg2DPAN4sfD8GxhSXaqlVJ8Oo%2Fd6wfka4o8bX1qBuODyKXCbo3haLl%2BND69FNT4lx49wY4MZyzCcMPTEP5FB5n4d89UvtynM4UJaLBBV3hTPQNdcZInXTzOL%2FDTWnJTlMDrLBoQI2FFTgAUFuuopGRzHEqjZJVYFN5s9YAqm2KQJcxt8duAo4F46z2yrBUR5Ob8OsUg7vMDr5tMvsc5PQ0UdOT3qLRIQkSg4cOR1oDy5OJkL1t%2FD7Ln6H98GUQmc4LJzZ%2BrNirGjAv8JCeLP5mT3wAM17clnAE8FFla8i%2Ff2%2Bf8kLiICbqjJdYUvPoA497pj4k6YFaVAarWi4KkfnJaMYcrYiZCcEqA95b2a0HwBJJ6zjGzI55GSEtFh4WcXh3ZtHI7nR6K2aqII2Oo7nUpvKc4u4rWerM5yrLgU3nJ%2Fj86ipRRLZDOyyLCprwkbDkALUwXjnwZd%2FnvzhMEDoEtdvd9boSpgnHV4HEnQwadJxgNSEYz0bphl2svFSu%2BycEhN0Sug5agF9wGVTo4BlubYGEuWITO%2FLlryBliIPIsfPRLCoCHmHzmmXKhsX35tC%2FFbCMgIc0K456vyeRdtt9i2z0kg3CnpHkB5AhVhzrC2MWg%2BJD%2F645ORl%2F9gkCMq3aSNAK5fOgDeps6NixDwPB5PBpqKY8Me5kKVSGNhscbHnrd4z0kYg%2Fro0qPP0fbupCzGRGQVIzYty5MKJ3u78pGXiVFvoq5k%2FUTFbcAHwTRiZhO38lCR%2B%2BobHzmPoIHMLRIBoYAQRIop87EhUyq99HUkVOomix0Wl8rFuq3avcobE2SFjmWe1KtATAt9BZqL%2FhhHkKJDgX5ntElw50IB9RKrJYbpVoItC%2B8J%2BKgTqORd67EOZj1%2F3ngtlE9nKlao14whwP2fVvq22J0kCODwqY29keA%2B43GHdiu2Q2FvJVEjiO6GSqWWWgc%2BpHYNuYYlze8odDa8vyvGUmgWXN0AldMRz870CdNESfOe4DRxu6Iu3nV0MUbx671LR9jI6yF3SXweCQZPonSIK1ezCjaf93AMFRzlfRHF%2FJpwQMN%2Fl9A26kesHOMF1OsNLUHdnOeFqEaNxFM4k0ymHOE4%2FyFRFJh3UP1%2BosSN42CwKupIyo7%2BGaxUHDfBXMcdKXthdRi7aFnC6hZ4xjUZZATSh%2FQWtFN%2Bt%2BJGuomnTdZ8DGGgVmpdAz6d2Ffbb%2FtZZNKH9Ba0U360SZSWb8U3Gzo%2BpNKEpDYEP8Vsu%2F08eRaNvE1A7tqh0v9SDnmi42tEgXtFLAb947%2FTz1txFIXRnarqR264wkYzhcgS34rv2n%2Bd5I5eaXZUH7bkPo2fl7tFP2oLIQSzKsmJeBlpkkqWRF1NgRh2w2V2rtTiXCgPLvR5JExLwj68X5GYkmIptPJ5fg3EwJuF8PhxkYyPl%2FQHqI7kPo2fl7tFP3XO2hxHmjpJrmtsOYkoO4qWaBdjoUvA%2FjaaZk86mjif5SUhSjgtUCkxaZ3UKXjI7eW3jTxBe0Bjwvk0KLd7rm2BGVcL4g9p7aGbM9gqVKtOPmr2mpQbLZlH%2FYeI3n1wH8fdoGxJ24lr4zW9XGpXx2t4oS00pcPQpLRTolMtwhhCSXXfEand2LSqa9NLM2tCAGynkxZp9qbOLKWlp9IliEo%2F6RqZAHx7o22%2BgSF1WYVpINe0BEl1f9BPZypWqNeMIWYLTQyrDwfryqyWpDbmoYqeer7%2B9D46NpiZTnkcA9Ad3V8oG0fMzd%2B%2B7BxFQPAO3pwafvOeoifoicbu4Tl%2F%2FTxtnDg5H4HMg8W5UPzaJ82aTX6JtqyOPfuUNU1RJqhI6vN7czUVw6n7EQjPQ%2BK4azj1eNbrg%2F2Se%2F02qOL3dBJcRfYaRBNHxdq%2BW6%2FMdbUsmACE2dxjNdXxQfnImAq67nCgMB5r5IYbs1PVmh%2FUvj%2FA%3D&mm_sceneid=1_0_109402477_0&a=xxc%3Dad_ztc%26mi_id%3D0000whgGZorKeAv74OTXODXURnDZVcngUMGmgzqe5yS1r6c%26skuId%3D6138579110851&id=994407854518
813752168947,九木杂物社LULU猪复古泰迪玩具店搪胶绒毛盲盒公仔娃娃生日礼物,79,¥,首单价,九木杂物社旗舰店,九木杂物社旗舰店,回头客9万,1000+人付款,上海,"官方立减12%, 直降6元, 淘金币已抵1.18元, 退货宝, 包邮",款式类型:端盒 | 出售状态:现货 | 品牌:M&G SHOP/九木 杂物社,https://g-search3.alicdn.com/img/bao/uploaded/i4/i4/2207487286579/O1CN01HKfnzd1yTEq4bubNW_!!2207487286579.jpg,//detail.tmall.com/item.htm?id=813752168947&ns=1&abbucket=10&xxc=taobaoSearch&mi_id=00004mr0GuHrlQs25aLhjUJLYUvv3K3fixfOiinT9QIJhk0&skuId=6016786552195
913305891390,【现货】正版TOPTOY蜡笔小新换装派对系列搪胶毛绒盲盒手办礼物,79,¥,,我爱发明1999,Und正版潮玩店,,100+人付款,广东 东莞,"店铺满500减5, 退货宝, 48小时内发, 包邮",出售状态:现货 | 品牌:TOPTOY（玩具）,https://g-search3.alicdn.com/img/bao/uploaded/i4/i2/2631164325/O1CN01eZ9fhA1hou6DmuOqa_!!4611686018427380133-0-item_pic.jpg,//item.taobao.com/item.htm?id=913305891390&ns=1&abbucket=10&xxc=taobaoSearch&mi_id=00006GeQbO-j6dvFHnab2sdK6khr_p5M69xbI23KczcGQgg&skuId=5946758351812
640071698216,狗狗玩具发声小黄鸭宠物磨牙尖叫鸭子小狗泰迪洗澡玩具搪胶惨叫鸭,6.9,¥,,毛刺的积木,宠的家,8年老店,300+人付款,浙江 温州,"店铺满11减1, 48小时内发, 公益宝贝",,https://g-search3.alicdn.com/img/bao/uploaded/i4/i3/3447050165/O1CN01tOlexC1D5cEESyDAI_!!3447050165.jpg,//item.taobao.com/item.htm?id=640071698216&ns=1&abbucket=10&xxc=taobaoSearch&mi_id=0000ku6tAe3MBarNSKww0QN5TIsJsaV3NS0Dgw01Qr9kZyg&skuId=4768249203096
818651692569,搪胶娃光身三毛2岁3岁4岁5岁6岁7岁幼儿玩具迷你搪胶娃娃软胶公仔,9.8,¥,券后价,tb862654886593,豫静优品,,200+人付款,河南 郑州,"淘金币已抵0.09元, 退货宝",玩具类型:普通娃娃 | 材质:搪胶 | 适用年龄段:通用 | 适用年龄:14岁以上 | 适用性别:通用 | 产地:中国 | 玩具系列:生活类,https://g-search2.alicdn.com/img/bao/uploaded/i4/i3/2213230135299/O1CN013YVXoI1p0zj7JIbpr_!!2213230135299.jpg,//item.taobao.com/item.htm?id=818651692569&ns=1&abbucket=10&xxc=taobaoSearch&mi_id=0000nJA9pOjVDf_61Ln2JK9gBoadsPG88BTqMsXWSkqDWrE&skuId=5522286341362
911328609900,POPMART泡泡玛特DIMOO WORLD × 迪士尼系列搪胶毛绒钥匙圈盲盒,179,¥,,泡泡玛特旗舰店,泡泡玛特旗舰店,回头客20万,4万+人付款,广东 惠州,"超级爆款, 退货宝, 包邮",出售状态:现货 | 品牌:POP MART/泡泡玛特,https://img.alicdn.com/imgextra/jz3_1/2885348004/O1CN01i9LJPr28ztE5hrLE3_!!2885348004-0-alimamacc.jpg,http://click.simba.taobao.com/cc_im?p=%CC%C2%BD%BA%CD%E6%BE%DF&s=1836493506&k=2209&e=9nKTWD460iHhnrbTmb7Az%2BVJxL9oLndNzLfZ5tuXmR5yeeWDeaYFyQuPxU8zai%2BUTmurATYv%2FPZW3VEtRR657UQ7d3JDHB3ip74H4Z%2FXHJb7lWex8JGOhtC23%2BmJ7rE7qCF62tzpdnghGuhPE5bPtTjgYLA%2FNArR%2BaonAIdTQcH7VFg%2B5wXcu5msTNpgIHl8DOPKUKc%2Ba7W4kZRaR9oRZGGnT4PMpziqQy6RIg6oaH4jQz9XTh5jZpn3sakyV8AiyA1NPenpYeMqhmIX%2BFwe6tpewR%2FVxPdWDBNIOQRRSFSp8f5UNmQKd7fVgpeehhwsQUeErOjVocq6cc6LadXAqGN2YKviDTQQmjAxwzbWup8UdDrBR7%2FWPwEARk1xIIi4CCnnjdCG4TCkYCftXy7V%2FKNelupfWpzXQRiu8v%2BDl0aUkqSlm%2F9fIMxiAw9MNIDRG%2BFWlOAegop1dnoIq3TObwgsBFEgK9OCLxgOWqtuqCoSYvndSOiSTo0eEYsTtjLvnVghViZy9kBQwIeqbxVFl4UAD7U4HHMGV2nLFAYcsJaNMrs4dhwGxRhKRd8bVhH%2BHxFCCt7BvJdgLRjz7cISvzrCpFAy5it4gLMQdkqKSJIRh9ic2U%2Fso1%2BOjBXFrZduPTlSKYRyY5Ewy4AghFveoa061dN4nNTIiIEdXjnJ5TyF5hZsrKufeVffX30WxYF2IEMlsHuYAv0gvZBv99F14lQASld3LzNhKDJE7wSfVjcOwP7%2F36kDh5RgV57t7gnou9%2Ft3RMwCabr%2Bu%2BWnJ%2F8cU9oPkQNoTKdeBzrWghEp89g9aQZb8Z9fal25c55qRryKRMSC6qc1VhSBKXDzdhu80ao1JK0qP4dMSxLVzocW0VjbPwxeQ0JOfcJqWHYQCZqR69JZKcYFpxCE7G9zL5aBC9GDppXJolFLZl26gJYrWmP36cV2ScXsh1qYc1Q8T0Uw5hxcbFgmPJrtVKM1ZVhqkjEKH%2FmTx2tIieJkwEIrNxdzJqwl6Tir7cY0RLZgSS5BczZhvWlk%2FNHEJP07gKI7S1DfvuuXMbM2EL%2BTV5%2FzdbgRcHYKQNVhaF9jlegBxCJQrN%2FUieFdmH5c9N7JYiApeotU6sM%2BHn4t2t58U5k2JnfwWDGjVZhdhsAxEykO0vlh2Rjr6QjPTmPppqMO%2B1t9fxZQ5jSR7gSogJksJzOTFU2PsQHsiT%2Bkx2MC7oM9a4yOsKkUDLmK3iAsxB2SopIkhGH2JzZT%2ByjX46MFcWtl249OVIphHJjkYfs5nI72oWuJa9mUyCiTOGjnWkUCS4eF2t%2FmJMrYMwB5WrkH%2FqkHadXacsUBhywlgQQyZVDXU%2BxVcMyZZb7h%2B3AyYu79CPK2BodVK90tB%2BJUegwXiOVO4zIzGz9NamgsG4J4UODkynShUeWGTU%2Fuzwp%2FqXjG3RZ%2BAWVFqZoLnnNSk%2FKqlJcVFsLbLat7sSgYeX8AipEMjiH1WBKyhhV7QS2cOQ728Ca%2FonW0nOOuS4sYsbH9MsfeTF9DZJR1B5vbup%2FrYsOSoJ7JsZDDPQlR8PxV%2BcSkEvWeMJAtzU44G7k6n%2Btiw5KgntrFgIaeW4ZvzvAJNAVJf9OM1ZoNJJc1geFYvDeRgMyGOcZRkT8B2tx%2FDD%2B05YaoNNxp0orDOX9XmMkYKVyk8FzHtgvjg3oNxJZPfTbu2z0%2FQ3KeRqQlTsFTUomfhjlISnxZvwpQACPuuXwVjW8n3ZqkSfWruaK%2BUZI0Z0z%2FwON3Hdrm49NisUtSS9LoC%2FZ43KUza6148zjS5GjIW2srCma%2FYwqqT6ai85ZUJLABw37VdXJN%2B93kqydYfe%2FAa5cGVZL6M1wa8zbvlcGaurIKPo15zwhlyzjHQf7iPTsbKIR8yxdA7pQ0jegUBfnM5tjE0MTfHY%2BYNtGIB0Cz9HVR5%2FBhRoyQlDi2Dd4%2BSPmE5yv3akrB6uJWLBedPgwBbSY9YXgMUbtg8TozaGl13xHRf%2FGwbGpNT3Td5f59T63bq6qRR%2FA3t6yGbLw3oOw%2FYHXzxlxhGZMjnCgzymqkHsmzt0%2BHjkXCBRVmQafQsmB2jcE2fXWAEqM06t6V%2FTLGI78U8KhOvHcIxF4Fi%2BBier3YSJJqr11bSZsCruErk1MDJFnPVdpyxQGHLCWg1FWdudI33OPWbsXeALVjvoUByj1vqho2Qo2thF8oTk84fQlVaJPf%2FD9YSb3IKsj&mm_sceneid=1_0_116045295_0&a=xxc%3Dad_ztc%26mi_id%3D0000ZQbb0ByFuFOcYNeItcorgkc4wcy3yiKhzbvVyXme7eI%26skuId%3D5980476198880&id=911328609900
899189347605,泡泡玛特DIMOO迪士尼搪胶毛绒挂件米奇WORLD系列玩具钥匙扣盲盒,49.9,¥,,李超越0922,TOP DOLL 俱乐部,回头客1万,9000+人付款,广东 广州,"店铺满299减3, 新品, 包邮",款式类型:隐藏款 | 出售状态:现货 | 系列类型:联名系列 | 品牌:POP MART/泡泡玛特,https://g-search1.alicdn.com/img/bao/uploaded/i4/i1/2660786779/O1CN01JFKJbb1zwq3Iqzbk6_!!2660786779.png,//item.taobao.com/item.htm?id=899189347605&ns=1&abbucket=10&xxc=taobaoSearch&mi_id=0000_BgF0DheJDzHX3oDv0D5GWZbJd-RRx2xadSzCj_q-O4&skuId=5861679045888
886712655875,Yooki氧氧四代咬一口小熊系列毛绒搪胶盲盒可爱包包挂件女生礼物,31.8,¥,,芽yaya0,氧氧正版潮玩,11年老店,1000+人付款,广东 汕头,"新品, 退货宝, 48小时内发, 包邮",款式类型:端盒 | 出售状态:现货 | 品牌:Yalli Studio/呀咧呀咧,https://g-search3.alicdn.com/img/bao/uploaded/i4/i3/379614038/O1CN01Las6CM1fhSPD8D4qT_!!379614038.jpg,//item.taobao.com/item.htm?id=886712655875&ns=1&abbucket=10&xxc=taobaoSearch&mi_id=0000_BBnhv8O9IwJzLbJezpilPLOHBaUPMCJ55785_RZqz0&skuId=5898623155507
917065030344,DODOSUGAR NAMI TwinkleBunny潮玩公仔搪胶毛绒包挂包包挂件盲盒,51.9,¥,券后价,dodosugar潮玩旗舰店,DODOSUGAR潮玩旗舰店,回头客2万,1000+人付款,浙江 丽水,"官方立减12%,  6期, 退货宝, 包邮",款式类型:端盒 | 出售状态:现货 | 系列类型:联名系列 | 品牌:DODO SUGAR | 商品状态:全新未拆封,http://g.search1.alicdn.com/img/i1/5433277087/O1CN01S6rBrL22Dty9u6pOm_!!4611686018427386527-0-saturn_solar.jpg,http://click.simba.taobao.com/cc_im?p=%CC%C2%BD%BA%CD%E6%BE%DF&s=1836493506&k=2413&e=OrnS0gOe6vzhnrbTmb7Az%2BVJxL9oLndNzLfZ5tuXmR5yeeWDeaYFyQuPxU8zai%2BUTmurATYv%2FPZWcC8zNRROsOZ0pfWNMafyBpVYUOU01OT7lWex8JGOhtC23%2BmJ7rE7qCF62tzpdnghGuhPE5bPtTjgYLA%2FNArR%2BaonAIdTQcH7VFg%2B5wXcu5msTNpgIHl8DOPKUKc%2Ba7W4kZRaR9oRZGGnT4PMpziqQy6RIg6oaH4jQz9XTh5jZpn3sakyV8AiyA1NPenpYeMqhmIX%2BFwe6tpewR%2FVxPdWDBNIOQRRSFSp8f5UNmQKd7fVgpeehhwsQUeErOjVocq6cc6LadXAqGN2YKviDTQQmjAxwzbWup8UdDrBR7%2FWPwEARk1xIIi4CCnnjdCG4TCkYCftXy7V%2FKNelupfWpzXQRiu8v%2BDl0aUkqSlm%2F9fIMxiAw9MNIDRG%2BFWlOAegor13VCSvTCQm4eeex7NOZRjlebHz4cyNMbmIqrBLk64E1ogBd2ngcSgbXi4sjiJY9KW8cUKWKHwGtQIFln7yKRsx1TYK2fBTBdFgtIiCw%2FBekXFHuNoeQwcOyiYefwb4XNt%2FzGvuNZEVPssSvFWrNMcVMLHUtZxZ8Zj6qKE3bOVOuyzk4G91r8Idi69BNK9OIW379wYr%2BQ3ICm%2BYu5RE0%2B5DV%2FuUpQmq7JYX6B0uZCYi1EZZu5Ox9cn0YFEDhWDgElaRRYKKK1YJoql3xZLqOQFaEYIjJIIhti6Nupebt5bUAq3bDfLL8yCqWSm8N0cqJ0wb7KAPpZs6kW7CHyMq0ehvJ%2FrRHdjLFafJ93Be2epf%2FRORgxNPBqUtD3YlNIJEVpoRysOcB%2B%2B7brZ0PUY%2FlWgN5n7wxupuuecjybCDGViK1PIbzAszFf2vgZvlKD6AZyR0jRnZ74EbDVw19ZREpqU01olYL19lkXtigAQS2QytdORkIhFhvgHoR4an0rjfjrDKdoXxvCnOfhYdhjxmo6gnR5YGpnf0w9k4whEER4WUNQMpbkZIoMJsQqyC6WUSuFaCDTcxH0swz0yCheDCn8vLZunHG1OHYpYFieUddncxY%2F5BucZLuWCK%2BAVr98eHkUeVoOXwMhxwx6CGb2DxfLvhITGmw6GbQI0H0TyHpPlK%2BCI%2Fo8rO0N1699nsGnqhz6kE5tEXHelK4hyIqzO24IjdNaolinEQYAAhLUweherbVox%2BwrNO21RvkS1mwGjmzeltFz7CORQgZDqh7vZ%2BNAmxrVafHhS6MzywTw77bfm2jaSPVMs6MzeTp1DjZaApQ%2FxV%2BcSkEvWeBljHfr63AE%2FoSnm2Q%2BVmTXGP0mYMxiQ608liN2rRrxs4TcSJQwRP6EX2m9YYirXamySQTfHzS0NOpfa691anWs6QyXDpCSXvbjaL6zsV8n8DkFQtiKVtuKghZ%2BGsdqpW%2BGkrhwqJOxkqY3iuRkFrHooScklGFmUxWfNmF0E4oXfL2Gi4V2SmwPBD2g3TGchQi9RPCPAEWnj48iqvpL2a2LpvIRe%2B5O3jHZgAJs%2FudqDTHV81nuMDC%2BOEJymBR9OE1R13wqXQrKkax37kLWzIofUUF10O9FCIHdi7E7ihiUafR%2B2Yi9btmjODx00ct9dc8Q2%2B%2FFgDqRh3z01D7VpCJVAA3PKxPa%2FUvuRrqFS%2BCFxFlvWx3%2FPHCk5%2FBxz5Vj%2FZf6C9a07%2FI6M%2B5GuoVL4IXEO2CN7%2BGN7CCtrpzr0L2sNMP0fZg96VAUAbtwx%2BSMT%2FSCHjljWav7AKkLn%2Bw9MzOZfvWoCOrDvar4P8hEsSiAE9XaHg3OGJpKsnE7C7RC985EQQajNCPLfilGPmmZ38W3Knwvone1SlFhA2mzm5pag9SicV7jOYP5hTRbcnzmEJnZ9bgJYhhtp2r9v8YbOjLGq3FCY6M9LD0AbwJ%2BqVOIN62qTgDFxxt5fkXjJexfYd2i%2Fe8vqZAnWmNE9WPdloxvNMLhAxMRFP6uQPlJekpUtnLZxWqXAAAJvH0rsW7xUueNF1ywExVY8XuExDUAFTJWZzUsF8D81lPmqLkm45qg6EtGoRMnyb4qFO8FtAEDJTIvCNXcGItjg49ddP0qjvhcjZ33Q%2F348Z8w8xklKuMOrNw9JNbcjlEjWne6tBEqN5cez7CQziqVTwTFa9Tg8vLYLvQm0m84DUBVv9%2B6h9fSAd5d9Hml0YPy23bl3%2Fruws1YXC15drV2ZyIw8oJJvzHJ%2BThJxMNmu4lbh%2Fh8CRDBEGad%2B%2FDhEp0FfqHxvPeudrGcsKuFyMjdIdrMm4C6QkmolwpPQlMpikXwWIOkdT33DGP6tR3BdW2NqDUbmwontQqJkV8Zn8AmfIVjrKV7OL%2BOPZ%2FjS0bexY1YLio%2BoxOjZ0uh4Jwv%2F3MH%2FBWY9eWEDblHoMF4jlTuMQzrKJYiHZP0%3D&mm_sceneid=0_0_5433277087_0&a=xxc%3Dad_ztc%26mi_id%3D0000Pz12u9NXLOf9X9OpfsZBACF9wCWzAwOlr1gSNyS7zEY%26skuId%3D5952052698105&id=917065030344
1008393622667,POPMART泡泡玛特PUCKY 毕奇敲敲系列搪胶毛绒挂件盲盒玩具礼物,35,¥,券后价,tb160998713,SP正版盲盒店,回头客10万,500+人付款,浙江 台州,"店铺满29减3, 包邮",出售状态:全款预售 | 品牌:POP MART/泡泡玛特,https://g-search2.alicdn.com/img/bao/uploaded/i4/i2/2208399554429/O1CN01sNnNlW1iaXIAztjOo_!!2208399554429.png,//item.taobao.com/item.htm?id=1008393622667&ns=1&abbucket=10&xxc=taobaoSearch&mi_id=0000wfbiRz7rU8dRCx3pnKM4_u3fziudOoxgHByyT7ZkYIs&skuId=6186477931665
974444244684,原谷动漫面包超人果果睡衣party搪胶毛绒动漫潮玩盲盒可爱礼物,89,¥,券后价,tb458342223734,原谷动漫,,56人付款,浙江 金华," 6期, 包邮",款式类型:端盒 | 出售状态:现货 | 系列类型:联名系列,http://g.search2.alicdn.com/img/i2/7238045350/O1CN019D5XOx1pOM4ZFMv9x_!!4611686018427383462-0-saturn_solar.jpg,http://click.simba.taobao.com/cc_im?p=%CC%C2%BD%BA%CD%E6%BE%DF&s=1836493506&k=2401&e=hrwrLebpKLDhnrbTmb7Az%2BVJxL9oLndNzLfZ5tuXmR5yeeWDeaYFyQuPxU8zai%2BUTmurATYv%2FPZlGDzRGYnCcIpIkwwZLVHNJXeNtywwkNb7lWex8JGOhtC23%2BmJ7rE7qCF62tzpdnghGuhPE5bPtTjgYLA%2FNArR%2BaonAIdTQcH7VFg%2B5wXcu5msTNpgIHl8DOPKUKc%2Ba7W4kZRaR9oRZGGnT4PMpziqQy6RIg6oaH4jQz9XTh5jZpn3sakyV8AiyA1NPenpYeMqhmIX%2BFwe6tpewR%2FVxPdWDBNIOQRRSFSp8f5UNmQKd7fVgpeehhwsQUeErOjVocq6cc6LadXAqGN2YKviDTQQmjAxwzbWup8UdDrBR7%2FWPwEARk1xIIi4CCnnjdCG4TCkYCftXy7V%2FKNelupfWpzXQRiu8v%2BDl0aUkqSlm%2F9fIMxiAw9MNIDRG%2BFWlOAegoo9FDB6jtJUTSHueKjAUWSwuhUZBPmKFgmfmhWjlb50rpwdgZHK86tsl0u4IhEUMFKleKSMwyMFhy%2F%2BDsA2FMmIbSIfAJMUxZKzazr6RIIuTP1EMYH8nJ06pHbQYIneF%2B%2FIcTvUmNNKtMsT%2FibmXbGsHVdD2516VCE50f%2FIaQQf45SWe7ZWkj4mTzAuFj6l7fFeox9cVKlliyj%2BMSGONkNJA82c0bz0eFdNDDXlIQgDuBGgShlUUtDdantiJ9Jn0OYJ9%2FVLszy8CyqDlmFh9ULi%2BqqD6KFoZHKjrWePRKHl1al1UmfL17mJAn9XpcraeWZE9T%2BpXKuuT3yx0UD%2FbrSwGUoBNzbhClVW%2FRaR2DImvksxbAMdd5SkY7KyrdzuOQCvdT1MyFquOEtMXqDHo9d8C3soMtGsez0GWTXWWIWT%2FpwEj9jsLvXiWWnhY8uadIQIlpPiWQp2IjwBS1e1TpeK2bWAwhVHL9pTZtZIo31RuKl1UmfL17mJIINBXVfcjvH2vzr0mqcnZ5LiTuwqz1p71ZYg18R12yOktaxmLCpI3W3El32hTyvuqjE%2F10yKOs74UkSC%2BWF2QCsyQOUlMaFDb9Ld2xt%2F1t6qPd7vt5xTXnu0bab3CjjgrVrZZwKV7RStjOaER39SF8G%2BIa7n08vC%2FHBhfdvrfOKNi%2F4tT0%2F6TmMr89X5EgNWJ2ncDsx8PIKShPRfjjUErxXUHR1LZAqH6yk3rwilvtKVLL%2Fas1WCIzOFLjLkHKKFIRZ2ORKEVKZ06N9n5d1R%2Fjgz01obIjzX5L3WAvqbLpv46WhRyMI2YhvZMCt4uIOVQA8mgh7rAYURTcr694zIo5SWe7ZWkj4mTzAuFj6l7fFeox9cVKlliyj%2BMSGONkNJA82c0bz0eFeXosr8TDUozdTwaAks8wXy46efmBMIujfVdYyIK5fEFJ2Dp2WrlnXqrDqkpm%2F2Rns0EfWYuqqhPyc9P3JeGe6YeNrugAwdtwGUjy4Am2aCY2CQ5vYOUBAqPFdBuDCV5WxnGz030mIyg5OKivP33t4Qob6TyCCYDhGkki7otdg3MptPS6r3cNVETJ9WL%2Frax4hgLeI7%2BycdccjmGICCC3fhrVGLgWxmR%2BMv6ctAXLoozMxGzYJsjgf9gFcWGCt2le4VLLiKBXYFwPkY96y1vwzE8DkMDhZJT4DDjK0KbgbaFXe5Ye5w1rBhTFsd7bW177nEi0odKOom4fAFPpo1a6YODtgje%2Fhjewgra6c69C9rDTD9H2YPelQFAG7cMfkjE%2F0gh45Y1mr%2BwCpC5%2FsPTMzmX71qAjqw72pxcb8RbWo6toHpUf6HXuuHrJxOwu0QvfOREEGozQjy3yRee3vXU4DegiinD6xDvhRYQNps5uaWoMO82A7KeSHgYU0W3J85hCZ2fW4CWIYbadq%2Fb%2FGGzoyx2g%2BZoJa%2FNoER99it5QtWzutqk4AxccbeX5F4yXsX2HfX2YaANiRGc5jRPVj3ZaMbzTC4QMTERT%2BrkD5SXpKVLZy2cVqlwAACbx9K7Fu8VLnjRdcsBMVWPF7hMQ1ABUyVmc1LBfA%2FNZT5qi5JuOaoOhLRqETJ8m%2BKhTvBbQBAyUyLwjV3BiLY4OPXXT9Ko74XI2d90P9%2BPGfMPMZJSrjDqzcPSTW3I5RI1p3urQRKjeXHs%2BwkM4qlU%2FvSzlPRRBOlC70JtJvOA1AVb%2FfuofX0gBysYova0X2b6%2BmCvnH7iLqhsDBH89jfY8iMPKCSb8xyfk4ScTDZruJW4f4fAkQwRBmnfvw4RKdBX6h8bz3rnaxnLCrhcjI3SHazJuAukJJqrew8sCcKRUD97IxB5PcwQaVJ9S3dEznq8AU%2BmjVrpg6%2BvEmZeolgSW5REIB9aG4hSspOPNXF1oeqtD168cKa0XT%2B4SWypoVzGoUEMdHrThn4sC4Iav0g%2BaaUMYtBqsWc&mm_sceneid=0_0_7238045350_0&a=xxc%3Dad_ztc%26mi_id%3D0000yuDxewGs6tUgyKoij2YUHLNnMykH9QPuAQ7aSQw0hoU%26skuId%3D6026918161498&id=974444244684
909276364469,POPMART泡泡玛特LABUBU马卡龙3.0前方高能系列搪胶毛绒盲盒挂件,22,¥,券后价,卢什大可乐,XLL TOY大号玩具,回头客3万,1万+人付款,广东 广州,"48小时内发, 包邮, 公益宝贝",款式类型:隐藏款 | 出售状态:现货 | 系列类型:联名系列 | 品牌:POP MART/泡泡玛特,https://g-search3.alicdn.com/img/bao/uploaded/i4/i4/854130513/O1CN01ZAzyjm1Ff0IZa7NrD_!!854130513.jpg,//item.taobao.com/item.htm?id=909276364469&ns=1&abbucket=10&xxc=taobaoSearch&mi_id=0000rPDwX_SIYm-2lkej_eIhQPQ1v4mNQpCvh_67UWOdQ0c&skuId=6007908701038
890122324564,POPMART泡泡玛特THE MONSTERS心底密码系列搪胶毛绒挂件盲盒,79,¥,,泡泡玛特旗舰店,泡泡玛特旗舰店,回头客20万,30万+人付款,江苏 苏州,退货宝,款式类型:隐藏款 | 出售状态:现货 | 品牌:POP MART/泡泡玛特,https://img.alicdn.com/imgextra/jz3_2/2885348004/O1CN01lalbLn28ztEAEJiGB_!!2885348004-0-alimamacc.jpg,http://click.simba.taobao.com/cc_im?p=%CC%C2%BD%BA%CD%E6%BE%DF&s=1836493506&k=2465&e=Dvjkc0bJQrHhnrbTmb7Az%2BVJxL9oLndNzLfZ5tuXmR5yeeWDeaYFyQuPxU8zai%2BUTmurATYv%2FPZW3VEtRR657UQ7d3JDHB3iftgKRlElQkAxjrYKmoRWktC23%2BmJ7rE7qCF62tzpdnghGuhPE5bPtTjgYLA%2FNArR%2BaonAIdTQcH7VFg%2B5wXcu5msTNpgIHl8DOPKUKc%2Ba7W4kZRaR9oRZGGnT4PMpziqQy6RIg6oaH4jQz9XTh5jZpn3sakyV8AiyA1NPenpYeMqhmIX%2BFwe6tpewR%2FVxPdWDBNIOQRRSFSp8f5UNmQKd7fVgpeehhwsQUeErOjVocq6cc6LadXAqGN2YKviDTQQmjAxwzbWup8UdDrBR7%2FWPwEARk1xIIi4CCnnjdCG4TCkYCftXy7V%2FKNelupfWpzXQRiu8v%2BDl0aUkqSlm%2F9fIMxiAw9MNIDRG%2BFWlOAegor2KSphtVDt0qL1mRwoN1nLp7CwwDDu%2FeQF34r9D4eW3JwdgZHK86tsl0u4IhEUMFKleKSMwyMFh5DiX3FR1tqo15jtyylEqShX9JcjIeoPNyDsyktGh%2B2fhr%2BAfoF1rmcRfKskf8T2BcA957%2F1w%2BO3hmovS%2BoNqXd85gUEdRK2Ccx6nP8k4phgLpDHIjz6OnxhnqfA5GJhTrU7wZPBVkyyb9k%2Fp1rcy%2BWl2stiG6cLAzD6hrYMIOKsDBcu463c%2BwQhcubCk2IA79dxCMv9dkHGrkSo01emNORJl8rRANazd6R8sFsU8Dq6WUZzI1LBgU%2B41cH5rflmbAOos2yFwuL3uA5AaS8qjduWawbI21x2XbxBRl64yXVqu9%2Ft3RMwCaa4sUKpaRsuRoT2rCvsFj0Siwtubqx%2FH9tg9aQZb8Z9fXJWDzlKEShDKRMSC6qc1VhT9ueV0GwxUbQcKEVgTI2Lr8kayZrWNHuSRNdq%2FoFI3h4LWNzckBIAdrMm4C6QkmpYly6JePlJXfA055qCRLV3%2BnR07Y%2BSAvlILNU11drunYOOwEOVFesjNc9PtIYlmaJeoOsJE6kTuci4jlDvaEucbGg2ETQOq1Z4RIf6rEhD3QFosHU2pC5Pf49h2T0flyYrHFvKHxTsjRr9l%2FaWyuZSzkihTBplbhnW8hePzcD6566Ufdv61yCqZuyI2MzxHnNO%2B9Ar4BIktsqJpDudWuIzC7jdyH5NvFUUNhrEr3uZBNkSyUgPif2x%2FgGTO%2F3ice7xwnkla%2Bo0V5m8Y77O3QENJ4WqWrtM7KLzn8kXbZwpAmV0bbLriS50%2BSks%2Fz3yXYa2030M8kfay1ok4aytDMHeTIjj2XH0dlrrodOFem%2B%2ByExJ7R2mY%2BAxE6jO50U4L5gBlvW4vKDqiwtpBusbYw5%2F%2BkjRlzyD4UodRoatEDsHB84MWEHNqfGi43JSa0ZECj3ASpuex0PUb6BDwx%2FTnNLRNT8fOurPnnTEwQLWUEn78mwXyDnNOnbEiE0as9uIFiNiw03l7xLHiRcaHW9eQKf0b9k%2Fp1rcy%2BWE6Y0xzrd8jaqJat8R%2Fc7gPOH0JVWiT38xQ5RWwzAOETHB2TfrNWfMaG12GWBsfa7IwxnfsvaDTqmmWlaUZe6lorknXe95sgxTCivaBWk5tMML4Od4zKILXeSRqk64booEUFWnb4QDc2RRaNH8Qsg5c5qqyjiXK6Djze4te9hf2deY7cspRKkoFlvWx3%2FPHCk5%2FBxz5Vj%2FZWPBgre4v66K15jtyylEqSgO2CN7%2BGN7CCtrpzr0L2sNMP0fZg96VAUAbtwx%2BSMT%2FSCHjljWav7AKkLn%2Bw9MzOZfvWoCOrDvaswsHWlp3nG9Nd8zpJW76XTrapOAMXHG3uQ9%2F5NLo2GU61CO0waMGBNC3xW8HSSqApLLp9Xjeq6VUtJoUu8shlTEnNrq0rSF12MkYKVyk8Fzo%2FLaoVkH2szDCuC4gJzvFYAp99Nmd7czv4fSvHKVZ0xy6DqK148vRSW5SX6l20s7Domx%2Bl452DZVjLvaoj18fM13BVtQ7zuO5E5N2C1Nu2aXH22Rn43gKKsMiGAMcKR8sKktnHmZG7AMrkCC9GfoI5Owh3Xn5oD6nXM%2B2UEwfbPOof34iqEmgFE6xpd4M4MImL6wbUEBgwey6vNybCCIhpgTyCDr%2F4oZOABUNILUSutsF8g5zTp2xAMKQviFPg09WzGQdm7e59gfvkRUD9TKKWJgzl6oBqC14FaOfvVbBesIfO8RwFujm%2FZGEDm649wQpBOreoc8cKZbWTekAST6Gkdj%2FxvGWnoHGxVFGhPwVJmOVPZQUQJM%2BMfuU2QT8zWsGECEd380eaojyd4hA8KyEfNXm5Nx6Ym%2B2bWAwhVHL9oiZ9E7HnG2MfSn3p1gcsmDi%2BeSrfevemkcjZHJCH%2BUReyuQl7dbyluOIfbp5pWpIZv2T%2BnWtzL5d6OGSBl%2FQsw1N%2Bvhgv1y1NgkOb2DlAQKrKQ8Gu9iTSH&mm_sceneid=1_0_116045295_0&a=xxc%3Dad_ztc%26mi_id%3D0000FfS3HK-lQDQEPDtX3r9LLAv6pI_-4lDcm2o1TLMI58s%26skuId%3D5917005233691&id=890122324564
736997503786,仿真婴儿洋娃娃女孩玩具假宝宝玩偶软硅胶橡胶可洗澡公仔布娃娃,136,¥,券后价,bebixin贝倍馨旗舰店,bebixin贝倍馨旗舰店,7年老店,3000+人付款,广东 汕头,"官方立减10元, 淘金币已抵1.36元, 包邮, 公益宝贝",玩具类型:普通娃娃 | 材质:搪胶 | 适用年龄:7岁 | 适用性别:通用 | 产地:中国,https://gw.alicdn.com/imgextra/O1CN01FhEpfh1r9MKziP4gx_!!2200590835588-0-picasso.jpg,//detail.tmall.com/item.htm?id=736997503786&ns=1&abbucket=10&xxc=taobaoSearch&mi_id=0000wDbnUe742xMXSWjgEeBp0PiorkP6a7O1Lx5Cao5JSRA&skuId=6149532579103
1018468177008,朋友们快入超可爱心动必入收藏佳品,79,¥,券后价,magicalsoul幻兽旗舰店,magicalsoul幻兽旗舰店,,26人付款,湖南 长沙,包邮,,https://img.alicdn.com/imgextra/jz3_3/2221514873224/O1CN01jqWrFE1Zge2LqWK0s_!!2221514873224-0-alimamacc.jpg,http://click.simba.taobao.com/cc_im?p=%CC%C2%BD%BA%CD%E6%BE%DF&s=1836493506&k=2425&e=KD7aum6sjJfhnrbTmb7Az%2BVJxL9oLndNzLfZ5tuXmR5yeeWDeaYFyQuPxU8zai%2BUTmurATYv%2FPZgKa%2BSyP35X8W3Uex8heuwtYJd8g9knL9ZKeeLfdP0eNC23%2BmJ7rE7qCF62tzpdnghGuhPE5bPtTjgYLA%2FNArR%2BaonAIdTQcH7VFg%2B5wXcu5msTNpgIHl8DOPKUKc%2Ba7W4kZRaR9oRZGGnT4PMpziqQy6RIg6oaH4jQz9XTh5jZpn3sakyV8AiyA1NPenpYeMqhmIX%2BFwe6tpewR%2FVxPdWDBNIOQRRSFSp8f5UNmQKd7fVgpeehhwsQUeErOjVocq6cc6LadXAqGN2YKviDTQQmjAxwzbWup8UdDrBR7%2FWPwEARk1xIIi4CCnnjdCG4TCkYCftXy7V%2FKNelupfWpzXQRiu8v%2BDl0aUkqSlm%2F9fIMxiAw9MNIDRG%2BFWlOAegor2KSphtVDt0qL1mRwoN1nL2uWLHtJ4c48FpOujVGW1VpwdgZHK86tsl0u4IhEUMFKleKSMwyMFh%2FHHJNvsJFyP1KG0W%2BcPL1EJs8Gus5h1g9b35caRq%2BffSZGZ9rrvDlq6JHfpgkq0YWaUK5KlnSd6Tf6X3%2Fvi2FGnTNqtgiEV8AEPnwRb13atQAI9r83SH4yNtBnanW5FGJSo05NCelJ2DOvEdqB1MU3guvsQSU7%2Fv7wejcXun3o2%2FPS5vrT8AuOTPkB5oR2AEiqDlmFh9ULi%2BqqD6KFoZHKjrWePRKHl1TZCNOzrz8aTUrIBKi0JLzysIdXAk843e19fDmfGg1YoNVBLGmY1BNkNnVLMNVTYwOPTtvXofzGocJX9Nd2ONX9LTF6gx6PXfFqGRHo0LUbMBlk11liFk%2F6cBI%2FY7C714llp4WPLmnSEWK4vca%2BMj%2BFaBjVg5OdPfdm1gMIVRy%2FaqqZCILPBZ3HXLZDn7WmmPLNwdbmu9Irc1KG0W%2BcPL1F%2FwVF270vpPXkWryIkZZ91DhRcVFKCfpVev9AOZol9sIaN6HGWQNj3qPgr2OiAxbdHZFBOOs2jNI0OO0KLdZdg4ED5wSica6BMeZE%2BTvf6yN82QUbOOubG%2Bqyqn4kYJy4W%2FRV1vTXtu9S6ArifLXkmMW9jttL1xBo2WUSIbsTSGXGi7dOQdnBkIjuAvMVqFePn%2F%2FEanWxdHJv54Az9WRpRtgqu7iQEpmfzP3e8IejfdeHtIy6Wty3%2BseNCN5Wy1niKJbaitdKYu81X%2Bt3TESGe7EeyVRrtlXBMaZL3BkbRjbYbJN63iVrc09WLDUDMayAPxds49ELzBLiR7IBnHpH9EFk2quCkRF6PPdiNdHB35UmRmfa67w5auJePBzZZmdqkyibDANkTtk3%2Bl9%2F74thR%2FaKqgSpxyzePddlg0SNwGEm8gIKdq0rX%2FlAfWjUZF%2Ft0VUVMxVCUi0ACPa%2FN0h%2BMAiovHntOT%2BXCjhRynaOZwmWAgtkyJkjaWr7Y2O7eZIb4sC4Iav0g%2BY8wzkJkoqBSAZrZ2RBNSIEN4ngh1TEk9WJnufyT868iR9s09hodcCT3kX%2B67PFrNTKQfma%2FnXD2yQr2OTzWWlc%2F2UzcCrHvFIDgVGrHgb5MiZi2JChrIxMdrr2F%2B1tzEfrL2P8EGslANkI07OvPxpOj1%2BtWNzstur%2FtlEJ4YfhZCfo3SY%2FRRFRftZAM6BwJWNkwsawYqVx8v6I8nt16c6eQ8%2F10jo4WoUNnLJ58%2BEDufpaG4LIEhXVnzriLPp7BbecZRkT8B2tx%2FDD%2B05YaoNNxp0orDOX9XrmNOL1F8werWSWnw9GLahNEtR7XGYjvT18xjllePyf4fi6Z8iv2Fq1tU%2F8lxmrNy5H%2BD6UiK5xIwhyUlwaKytE5FEqE9hSUoUMiqoh9KHH1tnIYepk82%2B44okXfq706Hsp%2BsxlXCfzuvHOkdXFDn5%2Bd0spm3zRaQLMJnKFuhO4KaIeY0PrrZp8TxsRCx0Mm8WSH8CjIIuZ2BDtexDLAT6cSjPoSWN0WKcwBtxTCaRp%2FZ5FNtAv3t6eySUMhyU4vhoIFUq9XbvfqjDGLjudRobjuu0SH7voOnkj6zvukMpzKI%2BBRPNOPvkwx0WbwqkhwLNV1jIgrl8QU3wdiru5PEaFJ3xWak7ctFklFiDAv%2FNIHRALhUdw3dXfyd4uKzulea1fNWiWfiFpLbNdwkBOipUhfceRg1Kbm5VOcQWWfH4JzU8hvMCzMV%2Fa%2BBm%2BUoPoBnJHSNGdnvgRsNXDX1lESmpSzC0alHzPpte2KABBLZDK1Lhds1qMM9YQ5FEqE9hSUofmBtlmPjnKJC90Fd9nXAZ1ftZAM6BwJWEi1hAQGszKmAPcSsbZoAcwk77gLAOGS6CulYm%2B6fOm8G4sYZ%2BUcTvxsKLHHNWW8eS9houFdkpsDwQ9oN0xnIUKngOZ2AglpTw%3D%3D&mm_sceneid=1_0_9889426867_0&a=xxc%3Dad_ztc%26mi_id%3D0000Am_Ev6fzohmFW2S9DrbzAj5XKKjGyrYu2yvpYtAfXZ8%26skuId%3D6194547682822&id=1018468177008
789467690974,明星同款 哇库库WAKUKU立刻开挂吧系列盲盒毛绒挂件迷你三代搪胶,55.01,¥,券后价,qinmeilianr,潮玩盲盒品牌店,回头客2万,3000+人付款,广东 中山," 3期, 店铺满10减3, 包邮, 公益宝贝",款式类型:端盒 | 出售状态:现货 | 系列类型:联名系列,https://gw.alicdn.com/imgextra/O1CN0194eWFF2N7aVNn6dyE_!!1039249916-0-picasso.jpg,//item.taobao.com/item.htm?id=789467690974&ns=1&abbucket=10&xxc=taobaoSearch&mi_id=0000-M0miNlV6zm2tpP08e33Tbe9Rsdz8k_cPZBnXF5cZmg&skuId=6178995935611
975028249489,POPMART泡泡玛特CRYBABY眼泪工厂系列哭娃搪胶脸毛绒盲盒挂件包挂,119.99,¥,,tb0673212314,嘟嘟潮玩店,回头客7万,1万+人付款,江西 南昌,"店铺满799减10, 24小时内发, 包邮, 公益宝贝, 酷动城",出售状态:现货 | 系列类型:联名系列,https://g-search1.alicdn.com/img/bao/uploaded/i4/i1/2212716496398/O1CN01Iq3yZb1x8L8u7MqYC_!!2212716496398.jpg,//item.taobao.com/item.htm?id=975028249489&ns=1&abbucket=10&xxc=taobaoSearch&mi_id=00000gi_MQTNFFSGjahf5Ud5lh7ydWA-qNxBeTXlHhgMfSo&skuId=5645158224406
967879177697,原谷动漫人鱼陷落甜梦时刻搪胶毛绒潮玩盲盒可爱玩偶女生公仔礼物,69,¥,券后价,tb458342223734,原谷动漫,,31人付款,浙江 丽水,"超级立减12%,  6期, 48小时内发, 包邮",款式类型:端盒 | 出售状态:现货 | 系列类型:联名系列,http://g.search1.alicdn.com/img/i1/7238045350/O1CN019k4Q601pOM4YDkfkP_!!4611686018427383462-0-saturn_solar.jpg,http://click.simba.taobao.com/cc_im?p=%CC%C2%BD%BA%CD%E6%BE%DF&s=1836493506&k=2401&e=1ZzNa40kNHThnrbTmb7Az%2BVJxL9oLndNzLfZ5tuXmR5yeeWDeaYFyQuPxU8zai%2BUTmurATYv%2FPYMv63zHq2TtYpIkwwZLVHNKrUL11nWxUkxjrYKmoRWktC23%2BmJ7rE7qCF62tzpdnghGuhPE5bPtTjgYLA%2FNArR%2BaonAIdTQcH7VFg%2B5wXcu5msTNpgIHl8DOPKUKc%2Ba7W4kZRaR9oRZGGnT4PMpziqQy6RIg6oaH4jQz9XTh5jZpn3sakyV8AiyA1NPenpYeMqhmIX%2BFwe6tpewR%2FVxPdWDBNIOQRRSFSp8f5UNmQKd7fVgpeehhwsQUeErOjVocq6cc6LadXAqGN2YKviDTQQmjAxwzbWup8UdDrBR7%2FWPwEARk1xIIi4CCnnjdCG4TCkYCftXy7V%2FKNelupfWpzXQRiu8v%2BDl0aUkqSlm%2F9fIMxiAw9MNIDRG%2BFWlOAegoqya9r2YPRGKhaIuIyjEaEzYjq5ILwXGjufmhWjlb50rpwdgZHK86tsl0u4IhEUMFKleKSMwyMFhy%2F%2BDsA2FMmIJZSccOmSHB%2BiiJO7yUoNJVjJ4cwtCWh2nc3N%2BoI%2BZS%2Fh7QiEyMCa4ypvuzS7bGQa8Cx%2BYN%2FlaQuz2RuAN9Q2TM1Dpp%2B%2FnMPN9cZXGDm9YKoYo5TbhDxOBM00bHSzwQ1cQvV7mlz2VHlUFEjFj21wFrwejcXun3o2CRRrMpw1q31WjX1eTsRucNdxCMv9dkHGrkSo01emNOTDaiNHR6OIblaZC8CjRhxeaYiZHzSbhOMgYtPm%2BmOjSguOESayi%2BC1DVttcahLcXLmmD1eQp9IHlsK3v0PA8u%2Bo0FYaI08vZ%2BSgG5%2BAb8Z7GD1pBlvxn19jguZxgilcCgpExILqpzVWFP255XQbDFRtBwoRWBMjYviKiocGhBioCUBLt%2BkOhumdn1uAliGG2kyE0SYAGsFHVaZC8CjRhxexnFVJtyj0%2B33Calh2EAmau7trFSzNTcgG62uD6%2Brdm7KA%2BubowTysZpa6kZU4zU8BjbFgLNUxlIlTrGbgm79IWu1UozVlWGqSMQof%2BZPHa1lkQLJBWEpBl3MmrCXpOKvtxjREtmBJLkFzNmG9aWT80cQk%2FTuAojtLUN%2B%2B65cxszYQv5NXn%2FN1uBFwdgpA1WFoX2OV6AHEIlCs39SJ4V2Yflz03sliICl6i1Tqwz4efibpb3Zc%2BZAwRGBhunkLi1TGwDETKQ7S%2BWHZGOvpCM9OXNbycNwrjEj0MKiErmSdkv7D3FHXkfuNxykhwNA14PLV%2F1slrH%2BnfsKUrFFhM0YrVUd8uSjjJrbkcb%2FdzEuOH%2BbXVH7rlQdNoDJaWHuDcAT9VFifdDjS0lk5RaiCXvNA30sIogkTt2QKZ9Efu0k3UQ3D0k1tyOUSLYxcfJI%2BbSQ1orXxpmzYJh65ucTPX5a3HxH6%2BnIDvf%2BNpF5SVRfMGbbFMYZqAQlInksEKQkqxmHPU%2BGOQQHOxc4tmTvzR5YMuNa7%2BorUaM5pOGyee2swn6nltntphSXYk2q36q%2Fypj0mEZy21nFYOlZUWk59FdhOy%2BeiLX0IWBDUIV0itBCeUAo5mWxbTUzg1oPtCrZQejcP6NjTvt1mUl%2F7JC7aQCPb%2BkU7PGTdBwk7%2Bk%2FktSyRuXf%2B9vJrQDVB%2BVJXJd2La6NBI2WHt4MGnvwxgbG%2FdKUWAktPDH%2FBE7Fxkz9FenRXToxy8xeblmg49KQji7%2FB%2Bv2gzJBcOcDgE8ALy01uFDJlHQ9a2TFEcjP8e2RoGczkp3sveWb1%2BrpRVVtqk2p0Bv5tIgNpFJwd6uWMZrWNeRMI6GTYKPOOIA4M8NvmWQj3l6ASC8ojhOFkOXwVjW8n3ZqkSfWruaK%2BUZI0Z0z%2FwON3PERCWialbCPEtrQhc5bjZ3szSzZExN3rOLV0qUj0%2FDDkw190Z9uaxoWup%2FDLdZV2OHNyuL%2BR7NTMfz%2FpTgGZ5t4L06c0E3tnAT1wj3JqdZQFRzM2rCYntqpypbqKnkwkJrM49iR7ismPGhiB0%2F1U0ECoVGqNnIco%2FYekiz7uSNCGO9KVwylmHwAdMGAsWOzy4UiidXw7y5P9UE0VMzU85fiUW4rZqE3qP5QH1o1GRf7WgFuNw0fl6kq6xThG0d5rqjWGMGhAuZAKUiQtyMcuCK4c8oHGNLEclRl47nqW9myxNXDzSO8Q3V%2B5yV77wCjJrR55mKxaNSbiuEJXQKgX%2BR2HjmHftYo5EOlwkQbOzRUTXhhbQ1KHlpvCzB50nitFmAAC3ag6K4F2TqzCVTsrnWxm2KenJ1Y%2Fz3LTD0ui1X%2B92V2e89hrnCiZFfGZ%2FAJn%2FXGVxg5vWCqPnHTZPFW4UDr3V3h4hVsR1jCBjr3Wkks%2FwVmPXlhA25R6DBeI5U7jEM6yiWIh2T9&mm_sceneid=0_0_7238045350_0&a=xxc%3Dad_ztc%26mi_id%3D0000_0tOBwFnSicxn-BZkc7bbzO7XJ7LevnCCmBSDQfy2YQ%26skuId%3D6191475523556&id=967879177697
990115406749,【UTN】火影忍者疾风传萌嘟嘟搪胶盲盒动漫周边玩偶包包挂饰送礼,35.29,¥,券后价,utn旗舰店,UTN旗舰店,,1000+人付款,广东 广州,"官方立减15%, 包邮",ACG作品名:火影忍者 | 出售状态:现货 | 品牌:utn,https://gw.alicdn.com/imgextra/O1CN01flLSwK1TvrUDZQ2Rp_!!2217023652445-0-picasso.jpg,//detail.tmall.com/item.htm?id=990115406749&ns=1&abbucket=10&xxc=taobaoSearch&mi_id=0000FJHVZRPVG3-O2JfUtKdwvbJvZQh8JTJZ6sAgw-fVNrs&skuId=5958478528731
,,,,,,,,,,,,,
,,,,,,,,,,,,,
991236159856,labu毛绒娃娃布布海娃祖国版拉包包挂件可爱玩偶搪胶挂饰生日礼物,57.6,¥,券后价,tb976647553159,Bubble Stv,,1000+人付款,浙江 金华,"官方立减12%, 退货宝, 包邮",风格:甜美可爱 | 出售状态:在售 | 适用娃类型:潮玩娃娃 | 适配娃体尺寸:17cm | 适用娃性别:男女通用 | 比例:1:1,https://g-search3.alicdn.com/img/bao/uploaded/i4/i1/2220770275547/O1CN018aXXZb1qqa509ywg3_!!2220770275547.jpg,//item.taobao.com/item.htm?id=991236159856&ns=1&abbucket=10&xxc=taobaoSearch&mi_id=00007JJVN3LlZKGOzKzgKzBpwnWP2WGnrD521VczptzxgAo&skuId=6130047806678
972980734574,火影忍者疾风传盲盒萌兽派对搪胶毛绒六一儿童节礼物毛绒公仔潮玩,48.17,¥,,生活杂货坊,生活杂货坊,,300+人付款,北京,"48小时内发, 包邮",ACG作品名:火影忍者 | 出售状态:现货 | 系列类型:联名系列,https://g-search3.alicdn.com/img/bao/uploaded/i4/i4/2220137762092/O1CN01jSUM8V1RKBfFWesWX_!!2220137762092.jpg,//item.taobao.com/item.htm?id=972980734574&ns=1&abbucket=10&xxc=taobaoSearch&mi_id=0000QUHEZDy-Nv87UnVywiagIarFdlD1XQ6trRBwU9rozaM&skuId=6108289650597
960537940340,盲盒公仔手办定制搪胶毛绒娃娃萌粒摆件潮玩公仔创意定做树脂公仔,28.8,¥,,1501443ljr,PANYOO TOY,,44人付款,广东 广州,"退货宝, 包邮",,http://g.search.alicdn.com/img/O1CN01TKaq6J1Ml8ueeOW84_!!2710261474.png,http://click.simba.taobao.com/cc_im?p=%CC%C2%BD%BA%CD%E6%BE%DF&s=1836493506&k=2393&e=%2BTOWEOD7VljhnrbTmb7Az%2BVJxL9oLndNzLfZ5tuXmR5yeeWDeaYFyQuPxU8zai%2BUTmurATYv%2FPaL3YC8wfgExVPTUXwcn0XmXFUugHtU%2B%2Bv7lWex8JGOhtC23%2BmJ7rE7qCF62tzpdnghGuhPE5bPtTjgYLA%2FNArR%2BaonAIdTQcH7VFg%2B5wXcu5msTNpgIHl8DOPKUKc%2Ba7W4kZRaR9oRZGGnT4PMpziqQy6RIg6oaH4jQz9XTh5jZpn3sakyV8AiyA1NPenpYeMqhmIX%2BFwe6tpewR%2FVxPdWDBNIOQRRSFSp8f5UNmQKd7fVgpeehhwsQUeErOjVocq6cc6LadXAqGN2YKviDTQQmjAxwzbWup8UdDrBR7%2FWPwEARk1xIIi4CCnnjdCG4TCkYCftXy7V%2FKNelupfWpzXQRiu8v%2BDl0aUkqSlm%2F9fIMxiAw9MNIDRG%2BFWlOAegopOjwiPo%2B2ypcWP1hIVD3d6s65E1BRxNLKSpfbK73V32pwdgZHK86tsl0u4IhEUMFKleKSMwyMFh19qDJ4BU4UhekHAMBmkkgtJuJUAf0UV3nE7uuNbCPR%2Bn7NdQRdna9DU8lurOnw%2FxHA2M3HWuaUUz%2BzLLlm0exLD6kHSBF2Ptm7SnQTK9PJkvnPHHKidH2LXFuvM6xgGUCqSUAEroxxAkwcQWP%2FvHwuCFvzNBtTZqzD6hrYMIOKsyzISIDZoFxbGvMse7piQs1ffX30WxYF2IEMlsHuYAv3Ja2YvEc2eV3pBwDAZpJILQd2MhEL3HiSYDtbWD2U4vMWik8AtVtdfgAc5mEHlUW0o%2Bly5tQGfxhwIIx7Rr%2Bn%2FnrUXDORsnz%2BEVWBejb5lUhZnk6TlZurMiuEJXQKgX%2BR2HjmHftYo5EOlwkQbOzRUTXhhbQ1KHlr6z0nJDxG8kh5wnru3MVpcQ12kzxGvIe0jyd4hA8KyEQiWnm%2BLBv4FqrDiVEbUAPQC%2FHLqpk3Pw8LR%2FEMphIVp3JggyWLrPN77Eg2WLtGCsMpVPz04S7zwW4m%2BdMAU3Rurad40b679XtMOvxmw%2FxYyMXUwAwLfBALNfioT32jYkqEVSz5LSSZ%2BGecAMCpBHrlw4L5ytVwtBvUUbVHDVcou1A7wgyAW%2FbKPp5916UkN09sis68ra10R%2Ff8ymT7tIoK%2BVsrgdxvGpYmoIYrt6rWJ7hIKl7NCx4BY9YJRYoyuuzESCnzyu9i96MrBhOD%2BXZOnE1F0IuiL6NZq%2FKpddKEPi83qPZ7r8mgW19ZwtLLohhVGyECxmEGmogJksJzOTFU2PsQHsiT%2Bk%2FHy%2BTUJO306fHXgtBYjIyKP2EH0dgzYHeHUC%2F5kJERjMwF7sMQNZGtN%2BFafCuBF1vm%2FSQtGY7lMyqjXcs0WIPH2K0vIaJy0hAiSHLnOvqxzy50iNManyir%2ByTgKFrPGOfjFXTy4bBS%2BVkylp8y9%2FToW%2BiIod6IKMx1I4bcY6I7NrZciza9wKpU%2B7qdENcDa7Xmbz%2F4UtYf%2FjBu0qYwfrTaHXrnh2XNcA5Zktv%2FoCsdhP6d9DvI6dn5x8zt%2FIGBdHMKwV%2FQ1jS1Z%2FHGzKOKa6QbmOeF4omxVElzJw4ENDXW6F3fBubskHIe23qI5QiOBCRIMB5PbrkcpTkt%2BEGRYLZqORf7esYdcehVVgrkzYO73EgwHk9uuRynMgD0lhCPuaWOO7VNBaVnRzzRemjhWeLyy1%2FgS6hlTVg1NFoU85eZsN%2B6it2VPg9xOZBDOaytK82tSBmiUeTm93ZIi6inE9NuIKhRCTqkpU7FIFqFpmKCFbBf8wSrv3SucB2Rz03oCU9ptth%2BBEDQcJvqJhdRxbKUjyd4hA8KyES04%2FRyuiVO8%2FZBQSbiIdtorC6dCLj5Qf%2Btqk4AxccbeX5F4yXsX2Heg2eZ7g7SukApH5vwk5ukSzTC4QMTERT%2BrkD5SXpKVLcbDQzeIz4xGwf%2FLLOZGHAWpypbqKnkwkJrM49iR7ismPGhiB0%2F1U0ECoVGqNnIco%2FYekiz7uSNCGO9KVwylmHwAdMGAsWOzy4UiidXw7y5P9UE0VMzU85fiUW4rZqE3qP5QH1o1GRf7WgFuNw0fl6kq6xThG0d5rvJjVNQ4B62h%2B8fE5XMoZ%2F64c8oHGNLEchwIIx7Rr%2Bn%2FnrUXDORsnz%2BEVWBejb5lUhZnk6TlZurMiuEJXQKgX%2BR2HjmHftYo5EOlwkQbOzRUTXhhbQ1KHlr6z0nJDxG8kh5wnru3MVpcQ12kzxGvIe0jyd4hA8KyEcVe1PRgGfLVabdNlmhcX6aqsOJURtQA9AL8cuqmTc%2FDjBVcc4tf6RZMAPe64gDp3XLYTGYPNLcql1wtwM6Jq11sKLHHNWW8eS9houFdkpsDwQ9oN0xnIUKngOZ2AglpTw%3D%3D&mm_sceneid=1_0_6433046716_0&a=xxc%3Dad_ztc%26mi_id%3D0000zB1YN5qvfl3jfmK38uutYEkH4R0t_OQGrhPSApM52Uw%26skuId%3D5985209232935&id=960537940340
1014884300776,嘟嘟猪存钱罐儿童卡通玩具公仔搪胶防摔储蓄罐大容量可存可取礼物,44.85,¥,券后价,官方国货甄选,官方国货甄选,买过的店,28人付款,浙江 金华,"官方立减12%, 淘金币已抵0.29元, 退货宝, 淘工厂, 包邮",材质:搪胶 | 流行元素:卡通 | 品牌:梦动,https://gw.alicdn.com/imgextra/O1CN01Ll1BNW1mQEqvRqQoL_!!2206588314948-0-C2M.jpg,//detail.tmall.com/item.htm?id=1014884300776&ns=1&abbucket=10&xxc=taobaoSearch&mi_id=0000_j0Tq1jkpfgSjWlslBM7rNomUSAnaYI0IfkVXGzhIBA&skuId=6018170125762
825594209372,捏捏叫小动物玩具搪胶小鸭子儿童戏水捏响发声宝宝洗澡玩具可挑选,1.8,¥,,耀吉母婴品牌店,耀吉玩具品牌店,7年老店,91人付款,浙江 台州,48小时内发,类型:捏捏叫戏水玩具 | 适用年龄:2岁 | 材质:胶制 | 产地:中国大陆 | 适用性别:男女通用 | 品牌:吉鑫,https://g-search3.alicdn.com/img/bao/uploaded/i4/i1/3415293745/O1CN01KffIHu1dXGFSEYjc3_!!3415293745.jpg,//item.taobao.com/item.htm?id=825594209372&ns=1&abbucket=10&xxc=taobaoSearch&mi_id=0000KynQm-ZYaTnoE7UNXySOLow3MvLonmfEfNjCX52ZjEY&skuId=5546981481240
1004222339497,【全身娃+娃衣】3.0三代马卡龙风格搪胶毛绒潮玩公仔娃娃可作礼物,29.9,¥,,tb8325543488,双洋玩具工厂店,,500+人付款,广东 深圳,"48小时内发, 包邮",材质:绒布 | 玩具类型:布艺毛绒玩具 | 玩偶种类:人物 | 适用年龄:全阶段 | 出售状态:现货,https://g-search1.alicdn.com/img/bao/uploaded/i4/i3/2217120465533/O1CN01d8YYxB1qkAXTMd2ca_!!2217120465533.jpg,//item.taobao.com/item.htm?id=1004222339497&ns=1&abbucket=10&xxc=taobaoSearch&mi_id=0000XrmLOMUUiawVd90_NlfpYGF3ugEjE_CcMj-Bu_XBI1A&skuId=5998745988736
751364362405,蜡笔小新幻想系列毛绒搪胶盲盒搪小偶S手办可爱公仔摆件女生礼物,99,¥,,tb543099372,智慧星正品玩具店,6年老店,200+人付款,广东 中山,"24小时内发, 退货宝, 包邮",款式类型:隐藏款 | 出售状态:现货 | ACG作品名:蜡笔小新 | 系列类型:联名系列 | 品牌:LDCX/灵动创想,https://g-search3.alicdn.com/img/bao/uploaded/i4/i2/2206758422741/O1CN01wkEOMu1W7Qcgy85D6_!!2206758422741.jpg,//item.taobao.com/item.htm?id=751364362405&ns=1&abbucket=10&xxc=taobaoSearch&mi_id=0000biW5iHX8eQVjEz8H9PD77zzT6p2-qfUkUQREBifpNMs&skuId=5808922926983
1000985223340,米塔集 Zoraa绒绒小屋搪胶毛绒系列盲盒搪胶毛绒娃娃潮流盲盒挂件,53.95,¥,首单价,米塔集旗舰店,米塔集旗舰店,,38人付款,广东 东莞,"官方立减12%, 直降5元,  12期, 淘金币已抵4.15元, 退货宝, 包邮, 公益宝贝",单款概率:1/72 | 款式类型:隐藏款 | 出售状态:现货 | ACG作品名:DC漫画系列 | 系列类型:联名系列 | 品牌:米塔集,http://g.search.alicdn.com/img/O1CN01gAKOEb23eITAVY9Du_!!2221307777280.jpg,http://click.simba.taobao.com/cc_im?p=%CC%C2%BD%BA%CD%E6%BE%DF&s=1836493506&k=2509&e=2YF1I8u9yg%2FhnrbTmb7Az%2BVJxL9oLndNzLfZ5tuXmR5yeeWDeaYFyQuPxU8zai%2BUTmurATYv%2FPas1DYtADoJ7JwPq4UHPMtfwom%2FD4qTwjr7lWex8JGOhtC23%2BmJ7rE7qCF62tzpdnghGuhPE5bPtTjgYLA%2FNArR%2BaonAIdTQcH7VFg%2B5wXcu5msTNpgIHl8DOPKUKc%2Ba7W4kZRaR9oRZGGnT4PMpziqQy6RIg6oaH4jQz9XTh5jZpn3sakyV8AiyA1NPenpYeMqhmIX%2BFwe6tpewR%2FVxPdWDBNIOQRRSFSp8f5UNmQKd7fVgpeehhwsQUeErOjVocq6cc6LadXAqGN2YKviDTQQmjAxwzbWup8UdDrBR7%2FWPwEARk1xIIi4CCnnjdCG4TCkYCftXy7V%2FKNelupfWpzXQRiu8v%2BDl0aUkqSlm%2F9fIMxiAw9MNIDRG%2BFWlOAegor2KSphtVDt0qL1mRwoN1nLp7CwwDDu%2FeQF34r9D4eW3JwdgZHK86tsl0u4IhEUMFKleKSMwyMFh%2Fx%2FPHsKwtSLKqhpp85P9ZOGbQGZObkUchvI5tUbyu2IYsvkbmwQkT0wlpOkk1NNUTpSqwxP5Xqwnu9LAW0qophS6Af2JoOqxeaylYH7EIn2QOXr%2FAYqMwL0fHiGQhTQdddijXaOz%2BCLRTeiXcVsKLv5YdPQbeTulLwejcXun3o2%2FPS5vrT8AuOTPkB5oR2AEiqDlmFh9ULi%2BqqD6KFoZHKjrWePRKHl1YYtOJIS8rbEQyQg5ruLpIWEwiTt%2BUzL5mwobZTY5zCkL7qB3nTBUuaGf98xGWC%2F3KEtLy2AnQKjA8zG%2FSz%2BNzMvuoHedMFS5uOcAitGG61JfZtsPPwaSjkyCx0vkmLwaGD1pBlvxn19z22B0QcJFQgpExILqpzVWDtElKlJ%2F5LCkdI0Z2e%2BBGw1cNfWURKalGRB7UIxtAk3pYgd0yp4mdZgAAt2oOiuBYUKebdyaZIff%2BgFP7sBwbV%2BWj2%2FExeBhEgs1TXV2u6doDCSF5OYaUE9YNnpaJra3y%2BYBwSmmtBWeCTljYllFY2Ruptq0hxHQqsoq0v5cEICf49h2T0flyYrHFvKHxTsjRr9l%2FaWyuZSktA4A8og2mDW8hePzcD6566Ufdv61yCqZuyI2MzxHnNO%2B9Ar4BIktsqJpDudWuIzC7jdyH5NvFUUNhrEr3uZBNkSyUgPif2x%2FgGTO%2F3ice7xwnkla%2Bo0V2r6P5aJrpBoi5iSPGpLilPzn8kXbZwpAmV0bbLriS50%2BSks%2Fz3yXYa2030M8kfay%2Bx%2FjlMAp2MgTIjj2XH0dloCI7o9nLF6RnQf%2FKSSZJkruJHsgGcekf1TkuDFIGXWaf7asssDqLjQYsvkbmwQkT0%2FH3CdWqcBZd2dZzyJd2WZnu9LAW0qophST%2BIwCCv%2Ff7OaJ1T1tx2ulKzAydkUU2nfkdpmcvqfZ0x9BCwOJVvbAbgqdsDspQPMX4eoA1xDENjIsdhWrOAf%2B08bksrB433Fn1kmVLhImEU3ol3FbCi7X7Uzsb%2BZ2zQaHVSvdLQfiVHoMF4jlTuMyMxs%2FTWpoLBuCeFDg5Mp0oVHlhk1P7s8Kf6l4xt0WfgsQnjkU4dxaIxWSKrOAnSg%2B404mi1E59GVVFhGcC%2BgyKb9u1dX1VDNRsoy6fpTgH40wfhoTPYPLYJC%2FoHhRAxZF4orNGFgfbR0X29oBZU%2FfLsgIgfhcmPfYxAj5n%2Fx1WGnFeFay2YHM4YtOJIS8rbEKs4t6DOxNAHQtt%2Fpie6xO%2B0VYw7VWiEqrhcnIw29ILRPOOvxcle%2BjpKwXBST1LSty82YwTjSE258uCuMZ14sNM8UHWdxZwzO4CuP8UuepITh31opGIjY4Ax90OqqYAQilwMDauGJU4Tcb99nfJzlDRsYpDtbuhOr7YoAEEtkMrWLKgqczoLtiugo9PNzIJSbJZGCGB82eVKUza6148zjS5GjIW2srCma%2FYwqqT6ai8644VxMITGSjtXJN%2B93kqydYfe%2FAa5cGVYx%2FP%2BlOAZnm1cGaurIKPo15zwhlyzjHQf7iPTsbKIR8yxdA7pQ0jegUBfnM5tjE0MTfHY%2BYNtGIB0Cz9HVR5%2FBhRoyQlDi2Dd4%2BSPmE5yv3akrB6uJWLBedPgwBbSY9YWEwiTt%2BUzL5sW%2FQBgu%2FOa4L7qB3nTBUuby3s51KcN9Aa4G611BkpUOhstKU8vTPEeOPAYe1oFY6xVOJQAIXDl02GUNxi6iSK6dqpUBsJ7HW9jOGhs7Tr7SQzndPvZO%2BaGZvQQJEEwfmLSgtI9hTZGyZyyLS9JiC3PjDUIuNXaT01lp4WPLmnSEEbKTcyXcNA1XG%2BVz2BMQjf%2F7pTVG2Q13ORRKhPYUlKH8w0ESd89ZomLHSt6DWZj%2Fix4j6uBkzrhSA9Ml0lBgN7IUAFPX%2BK%2BggJ20TOGQADqN6DuWacSd3b%2BJmkmzDwJabCixxzVlvHkvYaLhXZKbA8EPaDdMZyFCp4DmdgIJaU8%3D&mm_sceneid=2_0_9788969538_0&a=xxc%3Dad_ztc%26mi_id%3D0000wzwfgJ3J7dwaybwcdzrk_mzYmIdeLrJbd44gRNO5aek%26skuId%3D6156131446174&id=1000985223340
932075170626,尖叫鸡搪胶惨叫发声怪叫鸡捏捏解压儿童仿生玩具宠物玩具怪叫鸡,5.8,¥,券后价,萱萱の小店,小懒鼠的店,,300+人付款,浙江 金华,"超级立减1元, 48小时内发, 包邮",,https://g-search2.alicdn.com/img/bao/uploaded/i4/i1/2209790520508/O1CN01tyCMHb1FciGIMmxGx_!!2209790520508.jpg,//item.taobao.com/item.htm?id=932075170626&ns=1&abbucket=10&xxc=taobaoSearch&mi_id=0000u_jaxFExhQrKM_1amaFpONOq_VdBSwSPmVHzDhNIAXg&skuId=5985694034901
926399293973,POPMART泡泡玛特LABUBU THE MONSTERS心底密码系列搪胶毛绒盲盒,78.91,¥,券后价,卢什大可乐,XLL TOY大号玩具,回头客3万,3000+人付款,广东 广州,"48小时内发, 包邮, 酷动城",款式类型:隐藏款 | 出售状态:现货 | 系列类型:联名系列 | 品牌:POP MART/泡泡玛特,https://g-search1.alicdn.com/img/bao/uploaded/i4/i2/854130513/O1CN018ubcHJ1Ff0IX71reK_!!854130513.jpg,//item.taobao.com/item.htm?id=926399293973&ns=1&abbucket=10&xxc=taobaoSearch&mi_id=0000mrErDlU1avMmRvTPRTKT-hf0uvJgAyanScW2LgJkspQ&skuId=6012934020223
965923602122,POPMART泡泡玛特 HACIPUPU动物贴贴系列搪胶毛绒盲盒时尚摆件礼物,33,¥,券后价,威威小伟,小公主盲盒商城,回头客6万,1000+人付款,广东 佛山," 3期, 店铺满500减5, 48小时内发, 包邮, 酷动城",出售状态:现货 | 系列类型:联名系列 | 品牌:POP MART/泡泡玛特 | 选购热点:淘公仔 | 商品状态:拆盒不拆袋,https://g-search1.alicdn.com/img/bao/uploaded/i4/i2/611722344/O1CN01te69U91TBbPRdiCpU_!!611722344.png,//item.taobao.com/item.htm?id=965923602122&ns=1&abbucket=10&xxc=taobaoSearch&mi_id=0000uHzjfs-XpAEcJ7xaKdvPFaYPLiwINyjtvX84suvMoyA&skuId=5918642043867
962814032332,OHKU 绒绒怪棉花糖梦境系列搪胶毛绒盲盒挂件摆件新年情人节礼物,67.92,¥,券后价,ohku潮玩旗舰店,OHKU潮玩旗舰店,,36人付款,广东 东莞,"官方立减12%, 淘金币已抵1.58元, 退货宝, 包邮",款式类型:隐藏款 | 出售状态:现货 | 品牌:OHKU,http://g.search1.alicdn.com/img/i1/8005253269/O1CN01wUlEMm1a1FrMypsPA_!!4611686018427386005-0-saturn_solar.jpg,http://click.simba.taobao.com/cc_im?p=%CC%C2%BD%BA%CD%E6%BE%DF&s=1836493506&k=2349&e=tsCadMRHo%2FDhnrbTmb7Az%2BVJxL9oLndNzLfZ5tuXmR5yeeWDeaYFyQuPxU8zai%2BUTmurATYv%2FPZaMYn45xDrQjNlqG3mlOrV09o06AuQEhUxjrYKmoRWktC23%2BmJ7rE7qCF62tzpdnghGuhPE5bPtTjgYLA%2FNArR%2BaonAIdTQcH7VFg%2B5wXcu5msTNpgIHl8DOPKUKc%2Ba7W4kZRaR9oRZGGnT4PMpziqQy6RIg6oaH4jQz9XTh5jZpn3sakyV8AiyA1NPenpYeMqhmIX%2BFwe6tpewR%2FVxPdWDBNIOQRRSFSp8f5UNmQKd7fVgpeehhwsQUeErOjVocq6cc6LadXAqGN2YKviDTQQmjAxwzbWup8UdDrBR7%2FWPwEARk1xIIi4CCnnjdCG4TCkYCftXy7V%2FKNelupfWpzXQRiu8v%2BDl0aUkqSlm%2F9fIMxiAw9MNIDRG%2BFWlOAegor2KSphtVDt0qL1mRwoN1nLp7CwwDDu%2FeQF34r9D4eW3JwdgZHK86tsl0u4IhEUMFKleKSMwyMFh2fvHWkBGg3bnzqxMLTJLBPBDTCfZTmPSXSxjNctw40k%2Fn1vTunG36rpGsK9ouq8Kk7ue0e1H56%2FFlDZgg%2B%2BcZaQl7%2BP%2FUcPlPxFRsGIIHcbon%2Bv8Z77A%2Bkd961LCIt0QjM9g7kzlS1ohtsufZR6CpsNVVg%2FdT1mSTD6hrYMIOKsDBcu463c%2BwQhcubCk2IA79dxCMv9dkHGrkSo01emNOSwU0Jh4Ld40hMRMBXrzaUCNT1YRlQyuqIxtGUGgBXQZ7k0IyhFZJvT89%2BLksb2SP1hOadUbIeWx53KTfchYiwzjlcvgC7SNuDKbp%2Bj5PaYtiyCLpoMHG7EP8yrygaO3KCzpaMmq3gayYQnLb5VKSErBmhGo94UwfR%2BCoNTznMc%2B8%2B%2FCidwLOHgtMzGTqAsGjVzDSJQP0pOf6bSKUXZtgwG9wmpYdhAJmq2a9ke6hsWF0ImorVuiFY%2Bof%2BFgRlmPZn29UN5hVtsYMr2DFAY8gjie98gV9FvHFdrtVKM1ZVhqkjEKH%2FmTx2tZZECyQVhKQZdzJqwl6Tir7cY0RLZgSS5BczZhvWlk%2FNHEJP07gKI7S1DfvuuXMbM2EL%2BTV5%2FzdbgRcHYKQNVhaF9jlegBxCJQrN%2FUieFdmH5c9N7JYiApeotU6sM%2BHn4Mj3N%2Fl3hd008%2FxUcXbFacc9vWCNfSEQXh2Rjr6QjPTlzW8nDcK4xI9OuBwvBY7fx%2Bw9xR15H7jccpIcDQNeDy1f9bJax%2Fp37HazSU2rtaK78RUbBiCB3G6J%2Fr%2FGe%2BwPpHfetSwiLdEIzPYO5M5UtaIbbLn2UegqbkvWRIV1I%2FWCpOvy7uVKdLMDcRbaBoUfbNw9JNbcjlEi2MXHySPm0kJMYJ9bUABnM7l7NxPzGx19kLnOQPD5ybIrQFUV9lieR2xTGGagEJSJ5LBCkJKsZhz1PhjkEBzsXOLZk780eWDLjWu%2FqK1GjOaThsnntrMJ%2B9M%2F8SotOhIl43lmfWrnXSXSUwG8MIIHlgdxf%2BB6mQHbfKkoysPzbDHCaas773PYMFRcUVXsE42QA%2B8hxkTJJUwYCGoIxBMkayzqginXNqIhq8rDdpYSaHL%2FtlEJ4YfhZILW122bEGKfLOqCKdc2oiAVolrHALmih0Lbf6YnusTvtFWMO1VohKq4XJyMNvSC0Tzjr8XJXvo6SsFwUk9S0rcvNmME40hNufLgrjGdeLDRBYEYYsKaLOUEJV%2Fqw53uZ4d9aKRiI2OCfWpV4IBz6SV2pw1gA11qdtkyvqW1iX50bGKQ7W7oTq9hLX54eVVD0cWjsPNnquUCohxNhCUhk5BNquq5wP9c04d9aKRiI2OAUk5xJXWr%2Fo2ZR9aBwisGaQZ3b9xNnCsEd012LrIzPz0cztS32A3S35r8qIOMOq2hGuBoK%2F0vZaUHhm5k9LqWbK3i5et2T5skI59iQyqPDSM8aI8g9C3gsmpxsT1PnjSHKxjSGGe8wKqVUpb2l9vYTP1rs8sbu%2F49OkY5bV78mpPZVhzD9tuMdbBfIOc06dsQDCkL4hT4NPRlpUdKvcsjbJYNq6FT0UCFiYM5eqAagteBWjn71WwXrkSBFmdPRCuhKYnQE3MN5YGD1pBlvxn19clYPOUoRKEMpExILqpzVWFP255XQbDFRtBwoRWBMjYuvyRrJmtY0e8binXNMbrTvN5xSQVBruxEJ4dCJ%2FqVUo%2BCT40k%2BhHEcyzqginXNqIi36wbMpD3IbJFS6hV6feDnPkNYSjwjD25E9rn7%2BoY%2BAeDMTNzN6fDsSr72sDgqXdqtlyLNr3AqlT7up0Q1wNrtgFG2qTYlpo8%3D&mm_sceneid=1_0_8005253269_0&a=xxc%3Dad_ztc%26mi_id%3D0000z8p49dyKRTSHgftt4VD42Dk0RhuM2D_HQnKpvZ8I_UE%26skuId%3D6140168162446&id=962814032332
895581923091,POPMART泡泡玛特天线宝宝系列多彩手办盲盒毛绒搪胶时尚玩具礼物,103,¥,首单价,谭梓琳lin,欧巴手办盲盒,回头客8万,2000+人付款,广东 佛山,"直降4元, 店铺满500减5, 包邮, 酷动城",款式类型:隐藏款 | 出售状态:现货 | 品牌:POP MART/泡泡玛特 | 商品状态:拆盒不拆袋,https://g-search3.alicdn.com/img/bao/uploaded/i4/i3/2580405343/O1CN017OgKI81pL9DbMOtA5_!!2580405343.png,//item.taobao.com/item.htm?id=895581923091&ns=1&abbucket=10&xxc=taobaoSearch&mi_id=00000GB7s6zFbBZ1XN9SfOi6VOUUchNW2H81rsHbQ9XJRec&skuId=5915859431439
698927064055,蓓臣婴儿玩具车卡通软胶小汽车搪胶惯性0-3岁宝宝2儿童1男孩6女孩,99.8,¥,券后价,babakids蓓臣专卖店,Babakids蓓臣专卖店,12年老店,94人付款,广东 汕头,"官方立减12%,  3期, 退货宝, 包邮",适用年龄:0-3岁 | 玩具类型:塑胶玩具 | 外观造型:动物,https://g-search2.alicdn.com/img/bao/uploaded/i4/i2/1587581071/O1CN019BQQ1N1JmYzonZId1_!!0-item_pic.jpg,//detail.tmall.com/item.htm?id=698927064055&ns=1&abbucket=10&xxc=taobaoSearch&mi_id=0000HusXmOin4FJ2O4Sw4SKQ18MeSXGILBAhNPeKM1i-FfI&skuId=4941188604063
,,,,,,,,,,,,,
988732467608,大号宠物小精灵手办摆件40cm皮卡丘杰尼龟玩具可达鸭梗鬼玩偶现货,121,¥,券后价,tb7963984549,蜡笔名古屋,,49人付款,广东 汕头,"官方立减12%, 退货宝, 包邮",ACG角色名:皮卡丘 | 出售状态:现货 | 材质:搪胶 | 适用年龄:3周岁以上 | 比例:1/1,https://g-search2.alicdn.com/img/bao/uploaded/i4/i3/2220612657915/O1CN01ZWQnwt28L7xcCruFu_!!2220612657915.jpg,//item.taobao.com/item.htm?id=988732467608&ns=1&abbucket=10&xxc=taobaoSearch&mi_id=0000KGKqy2Z_PaXX3seEQS9FUWC3yEQwONSHYQBPkGyfZS0&skuId=5957502873520
858543407692,正品蜡笔小新幻想毛绒搪胶盲盒搪小偶S手办可爱公仔摆件女生礼物,42,¥,,明兴书店,淘淘潮流正品店,6年老店,500+人付款,广东 中山," 3期, 24小时内发, 包邮",出售状态:现货 | 款式特点:静态 | 商品状态:全新未拆封,https://g-search3.alicdn.com/img/bao/uploaded/i4/i4/3236004792/O1CN01KobBvt1lGmxdMcoCz_!!3236004792.jpg,//item.taobao.com/item.htm?id=858543407692&ns=1&abbucket=10&xxc=taobaoSearch&mi_id=0000cKzPWnUSeLfL8RczJH2zSOETxFxnDjLhCe33qhXdbp8&skuId=5775047112625
1014429825142,正版SOPFUN蜡笔小新矮人童话搪胶毛绒盲盒玩偶公仔挂件生日礼物,45,¥,券后价,bhuh潮玩旗舰店,BHUH潮玩旗舰店,,19人付款,福建 泉州,包邮,出售状态:全款预售 | ACG作品名:蜡笔小新 | 品牌:bhuh,http://g.search.alicdn.com/img/i4/7966983525/O1CN01KnJoBr1buVFaFNYfl_!!4611686018427381093-0-saturn_solar.jpg,http://click.simba.taobao.com/cc_im?p=%CC%C2%BD%BA%CD%E6%BE%DF&s=1836493506&k=2413&e=HnBfak0OodvhnrbTmb7Az%2BVJxL9oLndNzLfZ5tuXmR5yeeWDeaYFyQuPxU8zai%2BUTmurATYv%2FPapSHymTO1n048x0br5A%2BZxpjg%2B7GcbFuQxjrYKmoRWktC23%2BmJ7rE7qCF62tzpdnghGuhPE5bPtTjgYLA%2FNArR%2BaonAIdTQcH7VFg%2B5wXcu5msTNpgIHl8DOPKUKc%2Ba7W4kZRaR9oRZGGnT4PMpziqQy6RIg6oaH4jQz9XTh5jZpn3sakyV8AiyA1NPenpYeMqhmIX%2BFwe6tpewR%2FVxPdWDBNIOQRRSFSp8f5UNmQKd7fVgpeehhwsQUeErOjVocq6cc6LadXAqGN2YKviDTQQmjAxwzbWup8UdDrBR7%2FWPwEARk1xIIi4CCnnjdCG4TCkYCftXy7V%2FKNelupfWpzXQRiu8v%2BDl0aUkqSlm%2F9fIMxiAw9MNIDRG%2BFWlOAegor2KSphtVDt0qL1mRwoN1nL1SirkbhrpxvLE6BsM6HEsNgtKcxZMS0Axvxy4NsZMMKujuBAlhIx6%2BUAgdTeKS75rCTZDTv%2BfDkaS9FNwdlHq%2F5Ru7CsTdRkyRst4bWqLCyI4iNfQWN3P6G58dhEvEatfmC%2B%2FEiODHIWNmz2rh1KmaAZ1DUhcuY2CmeKryID64CukVyPaKiVVy0bPg7kirHSdfORK4kTLoj61o7YP7iskShp5257RvKdrTrV03ic1MiIgR1eOcnlPIXmFmysq595V99ffRbFgXYgQyWwe5gC%2FZUTL%2BVSk77AeVYPWL6Ja2E88iuIyhwgpvWStW9LvOaW7FfZ3zqH%2Fa4QkrNDWtjmLCqyf9OBCtnxIM4i%2FmSl8IUg%2FhSAL3V7Hggnn9HKMqlwn%2FoJcpNmrz9%2BThJxMNmu4lbh%2Fh8CRDBEGad%2B%2FDhEp0FfqHxvPeudrBMRD4eV5LjTZd9M5197739t1eK7ACOIx%2B2KABBLZDK105GQiEWG%2BAfotYrx4NU80Cnh7qDudmhKL26i5IozfNaMDWPvgxD3HWXFNIT%2FKZ8dJc9JGHkliN7lSm8LZ4wbAWhekvRkvhokjdPJfiTVUCTbTZuEl057PuqQ59frvHKFh0Ot1VBctRVLyfORsTA6MRScALAy0kzCOmd3Q507Db7TS5MUPNysNJ50%2FYcif7qfow%2FootdrXbz4yiRulTSNpj55uuJYabdtd%2FeUW%2FGOYX%2BHIjJt662lOhw78lM3uJ9DTsOBWhdk%2BOS3BHD6%2BQmqnFXpWNnum5OjbZhQ31fGTdI4hOMcc4rWa9TFyS%2Fabxbs5ZHxYrqFs%2FL8eUfyyffLteZymrVFz%2FoNutLfWrTkei5iEKARJjjbr%2F60gm9M9NREgY50g3Z7Dst18bOvJo2jzBXyiaHwcVOE2BqzGNnRTMG5tL05mOmd8XGocrhd%2F9RUEodXrIOBwKKGqcCswKCMt%2BIk8rrlzcLnldcssUBYpFs1AK6r9Rh4bfrWjtg%2FuKyRLVym4k%2F77SFVhWkOFoc93vKx%2B1LRerAi%2BHvHrPsxdyw5LGVUz9%2Btqbw0KrBaNwnjqp%2BW9vdmunYBK0tKclvku4X7guNyVt0vBbYyzz5mAGE2WwDDk3PBt974Ks1GaXHgNCtODghnNbB%2FgKZFZnPbHOl8TDQIujDFol2iK4BwHfPHKTj16z%2BrbxZb1sd%2FzxwpOfwcc%2BVY%2F2Wrt4UyhQRPKXlWD1i%2BiWthqg8c7yvsf3k7wCTQFSX%2FTjNWaDSSXNYHhWLw3kYDMhjnGUZE%2FAdrcfww%2FtOWGqDTcadKKwzl%2FV4YdsAvuFf2s6LjwRbI7BYbRLUe1xmI709fMY5ZXj8n%2BDKlYD6bFuyqgRaAHor4W0GSp1%2BuMyFU0cIclJcGisrRORRKhPYUlKFDIqqIfShx9fg762SXi3mRO0km9FafmDbKfrMZVwn87rxzpHVxQ5%2BfTL%2B9wBDhOOKzCZyhboTuCmiHmND662afE8bEQsdDJvFK13L%2BIxP9kuncNcOdIOhXEoz6EljdFinMAbcUwmkaf2eRTbQL97ensklDIclOL4aCBVKvV2736owxi47nUaG47rtEh%2B76Dp5I%2Bs77pDKcyiPgUTzTj75MMdFm8KpIcCzVdYyIK5fEFN8HYq7uTxGhSd8VmpO3LRZ1U5CyyMq7BUQC4VHcN3V38neLis7pXmtEqhtz7EE%2F30KNbia9T599HO1bZ%2B4MQOHKbp%2Bj5PaYtiyCLpoMHG7EP8yrygaO3KCzpaMmq3gayYQnLb5VKSErBmhGo94UwfTI5bDLQEkSqrr0Ur%2FP16XtYAALdqDorgXZOrMJVOyuddM9nwKIc0XoWCAxZT%2B7MEYfwo96tzMUhaJkV8Zn8Amf%2BOpSox6KdT9IE9jzbjrV7RY2bPauHUqZXJmFYpxGf87%2FBWY9eWEDblHoMF4jlTuMQzrKJYiHZP0%3D&mm_sceneid=1_0_7966983525_0&a=xxc%3Dad_ztc%26mi_id%3D0000UR2843WxwunTWrlURBBwWQw29np4NH4KTaDfAlu_3hk%26skuId%3D6183406650409&id=1014429825142
860240489114,30厘米可闭眼睛搪胶洋娃娃唱歌发声软胶重生眼睛能动娃娃玩具礼物,62.37,¥,,刘泳宏99,相惜缘玩具礼品店,11年老店,400+人付款,辽宁 沈阳,"48小时内发, 包邮",适用年龄:6岁以上 | 品牌:紫萝公主,https://g-search2.alicdn.com/img/bao/uploaded/i4/i4/2101079189/O1CN01NnfepI2HkcSjUJhr8_!!2101079189.jpg,//item.taobao.com/item.htm?id=860240489114&ns=1&abbucket=10&xxc=taobaoSearch&mi_id=0000RL7LpXpUAlmESzaWpxcSZDKWXmJtGRzghpO7zh_PIKY&skuId=5843746223179
1004863987130,鲨鱼王手办纳纳威X特遣队全员集结KingShark搪胶玩具成品摆件公仔,75,¥,券后价,铂品轩,铂品手办社,,9人付款,广东 汕头,"淘金币已抵2.75元, 退货宝, 包邮",出售状态:现货 | 材质:搪胶 | 适用年龄:15周岁以上,https://g-search2.alicdn.com/img/bao/uploaded/i4/i1/2294021565/O1CN01QpDVW51NQoqQnJa14_!!2294021565.jpg,//item.taobao.com/item.htm?id=1004863987130&ns=1&abbucket=10&xxc=taobaoSearch&mi_id=0000Da1T80W4f8CmIYqywE3nR7UKoFYBOy5z_gR4CMmgzQs&skuId=6165830318816
839313919655,恐龙手指套玩偶搪胶亲子互动玩具婴儿童宝宝洗澡戏水指尖动物公仔,23.6,¥,券后价,树荫下的我与你,彼爱多玩具品牌店,16年老店,78人付款,浙江 台州,"退货宝, 包邮",玩偶种类:手指玩偶 | 适用年龄:18个月 | 玩具类型:塑胶玩具 | 适用性别:男女通用 | 产地:中国大陆,https://g-search2.alicdn.com/img/bao/uploaded/i4/i3/162846269/O1CN01gw9wWN1wBG06bCzVW_!!162846269.jpg,//item.taobao.com/item.htm?id=839313919655&ns=1&abbucket=10&xxc=taobaoSearch&mi_id=0000FdBF3xYubjTcBBER36IWM-1YDimBtFhrTiK_nPiibQw&skuId=5604829673858
1014248716670,MiiTAKI米塔集搪胶毛绒公仔玩偶潮玩包包可爱挂件盲盒礼品礼物,60,¥,,米塔集旗舰店,米塔集旗舰店,,1人付款,上海,"官方立减12%, 直降8元,  12期, 淘金币已抵4.1元, 退货宝, 包邮",单款概率:1/6 | 出售状态:现货 | 品牌:米塔集,http://g.search.alicdn.com/img/O1CN01QFets123eITbDiROW_!!4611686018427384064-0-item_pic.jpg,http://click.simba.taobao.com/cc_im?p=%CC%C2%BD%BA%CD%E6%BE%DF&s=1836493506&k=2477&e=HbXJEwNxQT7hnrbTmb7Az%2BVJxL9oLndNzLfZ5tuXmR5yeeWDeaYFyQuPxU8zai%2BUTmurATYv%2FPas1DYtADoJ7JwPq4UHPMtffmjT32nG6Uz7lWex8JGOhtC23%2BmJ7rE7qCF62tzpdnghGuhPE5bPtTjgYLA%2FNArR%2BaonAIdTQcH7VFg%2B5wXcu5msTNpgIHl8DOPKUKc%2Ba7W4kZRaR9oRZGGnT4PMpziqQy6RIg6oaH4jQz9XTh5jZpn3sakyV8AiyA1NPenpYeMqhmIX%2BFwe6tpewR%2FVxPdWDBNIOQRRSFSp8f5UNmQKd7fVgpeehhwsQUeErOjVocq6cc6LadXAqGN2YKviDTQQmjAxwzbWup8UdDrBR7%2FWPwEARk1xIIi4CCnnjdCG4TCkYCftXy7V%2FKNelupfWpzXQRiu8v%2BDl0aUkqSlm%2F9fIMxiAw9MNIDRG%2BFWlOAegopcMGvbY24IA%2F7BYKhbtYn30rUgy9YXdi%2BSpfbK73V32pwdgZHK86tsl0u4IhEUMFKleKSMwyMFh5wxKPSCZL8lQgVC08IguCG1lX9RZjKfU6nZTX0gd4Z9Oh6z%2BFDqUigC9LZcp7%2Fzim0g7Hpja1dcOxheCjLZvCvv8DrZuM%2BZL9MF2oSEwMQ75h0JEmPu5%2FUdqta1%2FGdL7jOYdfCFIpMhKWRhkONy3PkhR4%2BnM0ARsLwejcXun3o2%2FPS5vrT8AuOTPkB5oR2AEiqDlmFh9ULi%2BqqD6KFoZHKjrWePRKHl1YSdPpvb8ElPK8gwo8%2Bsauro1R74vjcD76FrwirjJiQeL7qB3nTBUuaGf98xGWC%2F3H%2B0bto%2BeidSAWuSx7AZWl0vuoHedMFS5uOcAitGG61JZPV8KqtOxDufO0HufpSqrGD1pBlvxn19FUiiVVq4VWcpExILqpzVWFP255XQbDFRtBwoRWBMjYvNztRe53K84mRlQUauwn2Kdn1uAliGG2kyE0SYAGsFHbA42NhHy9SRNH9Wco0mkl%2F3Calh2EAmarNeaKTdd%2Fc6ASkpt1%2F01oHKA%2BubowTysQ5SUH%2B9Qryh2xOeo58qRMcH2I2Ihhsa4mu1UozVlWGqSMQof%2BZPHa0iJ4mTAQis3F3MmrCXpOKvtxjREtmBJLkFzNmG9aWT80cQk%2FTuAojtLUN%2B%2B65cxszYQv5NXn%2FN1uBFwdgpA1WFoX2OV6AHEIlCs39SJ4V2Yflz03sliICl6i1Tqwz4efj1nzIMb%2FSqKOATsBDqMzT1GwDETKQ7S%2BWHZGOvpCM9OXNbycNwrjEjTUaLYlXWdOf7D3FHXkfuNzQndw5U5t4W0cxZ4qX2Nx82PsQHsiT%2Bk3qjHJlUvsysOGjiGYAoasJuQxMvcpz5rgDc51rHXLg1%2FZoPpE1kCVjJwocvZhZxxVhs3baeY7lXgp17bcLBcN6geiekzVeWx2nXfy4IturAQXl2mw%2Bi6rqUN0WpSEUG6ysLKIzhI%2B7N6jHf3tuMd1gAuA2KocZsjokazwgfyNVdpjfTeuwCzrAbEEY8srB%2FU5SPLgCbZoJjYJDm9g5QECo8V0G4MJXlbGcbPTfSYjKDk4qK8%2Ffe3hChvpPIIJgOEUxA9KsmRqt0okWS5V6DHtfmbhfwKEVGWmOTVeAkZIAlqIb5k%2FNsdcBme0G7YD0aUVVSjnVCBR%2BNhn6%2BKChdc8SrgxECUxfuprstpYxo1OQ5Q547AnRym4SORf7esYdcehVVgrkzYO7310eGekNH2k75fsFjZ3%2BroryVRvu3ihtC2gDdwCbtMuTlRynnq9OW3z4fJf0bV3NZJmlEtsX5Z%2FxQ5qiKL98cU70ibFbRMdIWNlsEpn4wrOdxZwalgB%2FFklk99Nu7bPT9Dcp5GpCVOwWXRBGgmnrPPUgBhwiv0SAmIj%2F2XBQUN7KRJ9au5or5RkjRnTP%2FA43c4q4mNzq2G6IehhesOvhn5E9%2F8KuQQ%2FNt4tXSpSPT8MOTDX3Rn25rGjJ6ezoHrUnVDFuN5rn6JwYx%2FP%2BlOAZnm3gvTpzQTe2cBPXCPcmp1lAVHMzasJie2qnKluoqeTCQmszj2JHuKyY8aGIHT%2FVTQQKhUao2chyj9h6SLPu5I0IY70pXDKWYfAB0wYCxY7PLhSKJ1fDvLk%2F1QTRUzNTzl35RNB54G%2FsZneXkBq4GXxbHyWI6Rf4DOStdmICwHzYpzF%2BHqANcQxBdVgi4XmKq3IgOrDzIhw4NwPlNC5iifzFzhoMlcfHlUGc8he22ROh%2BoKBj60WSPg48zvSyZrGoYEtMXqDHo9d80w2YfKMWEWsGWTXWWIWT%2FpwEj9jsLvXiWWnhY8uadITJ%2FDxEgI0BSpVOKsF5pKyi2bWAwhVHL9pMYQCAXggBiZwdzi1y2yq7hJ0%2Bm9vwSU8fHnN5C5EmQHmZSjHLUuRAwh7UXDC6Ze0pZGGQ43Lc%2BRCTPhJjwWGaSr72sDgqXdqtlyLNr3AqlT7up0Q1wNrtgFG2qTYlpo8%3D&mm_sceneid=2_0_9788969538_0&a=xxc%3Dad_ztc%26mi_id%3D0000wotGze05zLQ6kUsFfD88IAHA9qMNr0Nc3lbuui_zr3Y%26skuId%3D6015687952837&id=1014248716670
891489798927,卡通动漫龙猫摆件玩具公仔搪胶汽车摆件家居蛋糕烘焙装饰用品盒装,19,¥,券后价,lougou欧铂鑫垚专卖店,lougou欧铂鑫垚专卖店,6年老店,100+人付款,广东 广州,"淘金币已抵0.95元, 退货宝, 包邮",,https://g-search3.alicdn.com/img/bao/uploaded/i4/i2/2206426421812/O1CN01GBW6jN1PFwhuE7vdL_!!4611686018427386420-0-item_pic.jpg,//detail.tmall.com/item.htm?id=891489798927&ns=1&abbucket=10&xxc=taobaoSearch&mi_id=0000JdZMECxQzuwsJB1jzPkBK2Ct7YXbofYsqjQtFvhkAeU&skuId=5739765493721
985350159754,正版现货WAKUKU毛毛潮趣派对系列哇库库盲盒毛绒手办搪胶娃娃礼物,79,¥,券后价,zjb漂移,Lucky Box潮玩商城,,200+人付款,上海,"店铺满29减20, 淘金币已抵2.36元, 退货宝, 48小时内发, 包邮",,https://gw.alicdn.com/imgextra/O1CN01r0GISr1Pw5DuYcATE_!!79711904-0-picasso.jpg,//item.taobao.com/item.htm?id=985350159754&ns=1&abbucket=10&xxc=taobaoSearch&mi_id=00006tr4iQkRDk5tLEYFZsTgM6-MIxrm9JWrgba4CwQndgQ&skuId=6114778606520
961510209049,搪胶动物玩具车软胶可啃咬耐摔迷你小汽车可咬软硅胶回力车四件套,14.8,¥,券后价,贝婴嘉,就是Pizza,,67人付款,广东 汕头,"官方立减12%, 包邮",适用年龄:2岁 | 玩具类型:塑胶玩具 | 外观造型:动物,https://g-search3.alicdn.com/img/bao/uploaded/i4/i4/3251225788/O1CN010uvwht1scxSoVwT9w_!!3251225788.jpg,//item.taobao.com/item.htm?id=961510209049&ns=1&abbucket=10&xxc=taobaoSearch&mi_id=0000CBnFN33Z9BGDO1B7IjHXwkFJXP9DXV2mase-1gdC7Ig&skuId=5737488557263
1010725042054,小马宝莉盲盒搪胶毛绒玩具公仔女孩玩偶摆件26马年吉祥物新年礼物,569,¥,券后价,小马宝莉旗舰,小马宝莉旗舰店,,64人付款,福建 厦门,"官方立减10.9元,  3期, 退货宝, 包邮",玩具类型:布艺毛绒玩具 | 玩偶种类:卡通形象 | 适用年龄:8岁以上 | 出售状态:现货 | 品牌:My Little Pony/小马宝莉,https://g-search1.alicdn.com/img/bao/uploaded/i4/i2/2218512529370/O1CN0180V9tr2J5WG5cNCdO_!!4611686018427385818-0-item_pic.jpg,//detail.tmall.com/item.htm?id=1010725042054&ns=1&abbucket=10&xxc=taobaoSearch&mi_id=0000Jqc9FAKq4f8UI-c5v0Oq0IT2cTC31kyVOLQ4Z-9Yxec&skuId=6178214751841
858513294612,泡泡玛特sp搪胶毛绒SKULLPANDA冬日乐章狂想诗潮玩盲盒手办挂件,74.9,¥,,李超越0922,TOP DOLL 俱乐部,回头客1万,8000+人付款,广东 广州,"店铺满299减3, 包邮",款式类型:隐藏款 | 出售状态:现货 | 系列类型:联名系列 | 品牌:POP MART/泡泡玛特 | 选购热点:淘公仔,http://g.search2.alicdn.com/img/i2/1392190029/O1CN01fypxes1C5KbliWbTO_!!4611686018427380301-0-saturn_solar.jpg,http://click.simba.taobao.com/cc_im?p=%CC%C2%BD%BA%CD%E6%BE%DF&s=1836493506&k=2369&e=o%2FA6ILaptezhnrbTmb7Az%2BVJxL9oLndNzLfZ5tuXmR5yeeWDeaYFyQuPxU8zai%2BUTmurATYv%2FPZiug1yQrj9c%2B9L%2Fq8zdtGV0LhyCdByFPv7lWex8JGOhtC23%2BmJ7rE7qCF62tzpdnghGuhPE5bPtTjgYLA%2FNArR%2BaonAIdTQcH7VFg%2B5wXcu5msTNpgIHl8DOPKUKc%2Ba7W4kZRaR9oRZGGnT4PMpziqQy6RIg6oaH4jQz9XTh5jZpn3sakyV8AiyA1NPenpYeMqhmIX%2BFwe6tpewR%2FVxPdWDBNIOQRRSFSp8f5UNmQKd7fVgpeehhwsQUeErOjVocq6cc6LadXAqGN2YKviDTQQmjAxwzbWup8UdDrBR7%2FWPwEARk1xIIi4CCnnjdCG4TCkYCftXy7V%2FKNelupfWpzXQRiu8v%2BDl0aUkqSlm%2F9fIMxiAw9MNIDRG%2BFWlOAegopcMGvbY24IA%2F7BYKhbtYn3v4pyBseiItKW8cUKWKHwGtQIFln7yKRsx1TYK2fBTBcfdsA1KB2YhqFdYPVEyMVKLTSLLUOBWpa01QUmGH5l0Kd%2BWwIHv4wNQc%2FwsLRkWkxfAolfTRxMeTxccvlQnqQ%2Fpv6M2pYmKF28Duop27MqgcK5DtWFG4XS2M3AsQT0xXgdkBmwtL%2Bi51iS9ziwcSlTw0XZjyBS0YKl5uBKtGwsA228DPfc2zAhoMhWhHWl1sPmIKbJPAO0mif3lEhmB%2Fx2H3bANSgdmIajeuObIH3nw3eGSxMB7fvWNsWqz6C6osUzayQToAtQfTy3bD4rgjA3cF%2B08RqaoI67yCAxTYAgnpB4FkhhnrzPn%2FoJcpNmrz9%2BThJxMNmu4lbh%2Fh8CRDBEGad%2B%2FDhEp0FfqHxvPeudrBMRD4eV5LjTZd9M5197739t1eK7ACOIx%2B2KABBLZDK105GQiEWG%2BAeWAJJQ63OU0Pot9Y5gv0As%2BFh2GPGajqCEi%2BkSfeKIFMW0x0fcvw7jNp62ELXWQnzcJvzh0y8jbJWNEtJYHRcCMx0u2cXkk%2BNkWUjrAB609i2bpxxtTh2KWBYnlHXZ3MWP%2BQbnGS7lgivgFa%2FfHh5FHlaDl8DIccMeghm9g8Xy74SExpsOhm0CNB9E8h6T5SvgiP6PKztDdevfZ7Bp6oc%2BpBObRFx3pSuIciKsztuCI3TWqJYpxEGAAIS1MHoXq21xkUtsCZzIQgRUN7qFaRvil7QR2Me66%2BOQ6oe72fjQJsa1Wnx4UujMp1v4LaiRHEc2kj1TLOjM3k6dQ42WgKUP8VfnEpBL1niWralsISyY2E5wmYhywQ5k1g9wx5m2J3kcrz0yDTc8cPkcE%2BsJ431dZE5BH5B90zWlxjIT%2FGvKDYUc5VWGc3Egqx69Ra0u6oq42i%2Bs7FfJ%2FA5BULYilbbijqL1koIeIYQJTgmhwnkdp9D7q%2FjOxVbxDucnpDSv0pppqOZYLcmBpC9houFdkpsDwQ9oN0xnIUJGdmLB6Jz8PSIT61CarQG06byEXvuTt4x2YACbP7nagyxnUuX3OBcK17nQoMD8Iz3uZLkVApQEfPaYQ7hM1ok6zzFvnYnOYbgFjnDWSy%2BEwcUnIbZ3jyzPgWlAt4YqDcnRI0lx9WIs7K6lEXYXbteM5Ulcl3Ytro0EjZYe3gwae9EjSXH1Yizsy4RStTziVoa8lUb7t4obQtoA3cAm7TLk5Ucp56vTlt8%2BHyX9G1dzWSZpRLbF%2BWf8UOaoii%2FfHFO9ImxW0THSFhX3NCuvRLOFzzRG0L4LxVDh31opGIjY4KbeGqYLZAHAkIsjSHT6mCckk%2FcxDaiwjxsYpDtbuhOr7YoAEEtkMrWLKgqczoLtioDUiAWyQB%2BVchMfWcwLG%2B3TPvi6w%2Bhq551bGRam319ALvuE4In%2FDjDWbebcpBFTskcztS32A3S3d7XTZi3xY3SNhEyb9KTf%2BHa0g6QBEcga40XXLATFVjxe4TENQAVMlZnNSwXwPzWU%2BaouSbjmqDoS0ahEyfJvioU7wW0AQMlMi8I1dwYi2ODj110%2FSqO%2BFyNnfdD%2FfjxnzDzGSUq4w6s3D0k1tyOUSNad7q0ESo3lx7PsJDOKpVMkqZfQNTjc7iDMhAF0o%2BW0FW%2F37qH19IB%2Fjkt59iIFvrEyXIhEF4jf%2FRt2oJIv2epbWTekAST6Gkdj%2FxvGWnoHGxVFGhPwVJmOVPZQUQJM%2BMfuU2QT8zWsGECEd380eaojyd4hA8KyEfNXm5Nx6Ym%2B2bWAwhVHL9oPk%2FnRwrwvGDjvgEWxgJo0RQHhxrr4ietpcXrtpR9f20T0QoJjMiuiu4IGOzuRKdNWqJu5PjYJE4OghvGjvhXc1N%2Bvhgv1y1NgkOb2DlAQKrKQ8Gu9iTSH&mm_sceneid=1_0_1392190029_0&a=xxc%3Dad_ztc%26mi_id%3D0000oTeQw6Bk35uBbXibHVpijtlVO4zWWTUC99qPLCzjgxk%26skuId%3D5837547202753&id=858513294612
1015655950268,西班牙正版土豆娃娃mia玩偶米亚24cm裸娃公仔德夫手工可动女玩具6,19.8,¥,,异界旗舰店,异界旗舰店,9年老店,200+人看过,广东 揭阳,"48小时内发, 包邮",玩具类型:普通娃娃 | 材质:搪胶 | 适用年龄:8岁 | 适用性别:通用 | 产地:中国,https://g-search3.alicdn.com/img/bao/uploaded/i4/i4/3079472401/O1CN017rVq141Tbi4di6vjd_!!4611686018427381009-0-item_pic.jpg,//detail.tmall.com/item.htm?id=1015655950268&ns=1&abbucket=10&xxc=taobaoSearch&mi_id=0000_JlUCTlQYQLdbVH5DfZ2CcrakbZH_9yNfTs9mHoOE8w&skuId=6023763061141
640071698216,狗狗玩具发声小黄鸭宠物磨牙尖叫鸭子小狗泰迪洗澡玩具搪胶惨叫鸭,6.9,¥,,毛刺的积木,宠的家,8年老店,300+人付款,浙江 温州,"店铺满11减1, 48小时内发, 包邮, 公益宝贝",,https://g-search1.alicdn.com/img/bao/uploaded/i4/i3/3447050165/O1CN01tOlexC1D5cEESyDAI_!!3447050165.jpg,//item.taobao.com/item.htm?id=640071698216&ns=1&abbucket=10&xxc=taobaoSearch&mi_id=0000ku6tAe3MBarNSKww0QN5TLc9uo7ArBatEaF3lr5yMcA&skuId=4768249203096
1014203286938,壹号POPMART泡泡玛特Labubu拉布布马卡龙可口可乐搪胶脸盲盒毛绒,159,¥,补贴价,吉鲜宫海参,百亿补贴品牌优选,,100+人付款,湖南 长沙,包邮,款式类型:端盒 | 出售状态:现货 | 系列类型:联名系列 | 品牌:POP MART/泡泡玛特,https://gw.alicdn.com/imgextra/O1CN01hupn1Q1cA4iXYFv5b_!!2205835783559-0-picasso.jpg,//item.taobao.com/item.htm?id=1014203286938&ns=1&abbucket=10&xxc=taobaoSearch&umpChannel=bybtqdyh&u_channel=bybtqdyh&fpChannel=101&fpChannelSig=67ef86d5a64b6bbbd2139777de809489d4cb33c1&mi_id=0000W7NdRO8JYRnglC5dAAn-eGeg7Db_0vP8oT3COMy3s5c&skuId=6185772235215&maskChannel=bybtrs
963045378167,OHKU 绒绒怪茸茸森林系列搪胶毛绒盲盒挂件摆件新年情人节礼物,78.22,¥,首单价,ohku潮玩旗舰店,OHKU潮玩旗舰店,,200+人付款,广东 东莞,"直降9元, 淘金币已抵1.78元, 退货宝, 包邮",款式类型:隐藏款 | 出售状态:现货 | 品牌:OHKU,http://g.search.alicdn.com/img/i4/8005253269/O1CN01VxwX841a1FrNp3Cfj_!!4611686018427386005-0-saturn_solar.jpg,http://click.simba.taobao.com/cc_im?p=%CC%C2%BD%BA%CD%E6%BE%DF&s=1836493506&k=2349&e=OZa%2FxcdAvzzhnrbTmb7Az%2BVJxL9oLndNzLfZ5tuXmR5yeeWDeaYFyQuPxU8zai%2BUTmurATYv%2FPZaMYn45xDrQjNlqG3mlOrVTp%2Fp%2BuuXPP4xjrYKmoRWktC23%2BmJ7rE7qCF62tzpdnghGuhPE5bPtTjgYLA%2FNArR%2BaonAIdTQcH7VFg%2B5wXcu5msTNpgIHl8DOPKUKc%2Ba7W4kZRaR9oRZGGnT4PMpziqQy6RIg6oaH4jQz9XTh5jZpn3sakyV8AiyA1NPenpYeMqhmIX%2BFwe6tpewR%2FVxPdWDBNIOQRRSFSp8f5UNmQKd7fVgpeehhwsQUeErOjVocq6cc6LadXAqGN2YKviDTQQmjAxwzbWup8UdDrBR7%2FWPwEARk1xIIi4CCnnjdCG4TCkYCftXy7V%2FKNelupfWpzXQRiu8v%2BDl0aUkqSlm%2F9fIMxiAw9MNIDRG%2BFWlOAegor2KSphtVDt0qL1mRwoN1nL%2BoYF0vy4v%2FuSpfbK73V32pwdgZHK86tsl0u4IhEUMFKleKSMwyMFhyzupxhW4vz%2Fa4IkhuPD%2F3rBDTCfZTmPSVnsAlwsDGNSXOFB54z52H9s8ZRT%2BdwbKJ1m1L1eW%2B7Cklh%2FQTdh7SMlXtmiAtFntWXJdfBp2Vtj7qhpQnPCpYWhuvtxgP5h8nEXfDqMHOEeNYFWfKl%2FO4Fm5kXH7nb%2BWDD6hrYMIOKsDBcu463c%2BwQhcubCk2IA79dxCMv9dkHGrkSo01emNOSgXJ1XbPYAlocSo9NVzHHfMMZXIbZ6%2B2VUZ2KQDnm4fUwTiti4Wj4Is%2BK%2BJQoMSfxLSbpyaYapZR%2BcOmwRZuXxZg3UDUttNzP9G3agki%2FZ6ltZN6QBJPoaR2P%2FG8ZaegcbFUUaE%2FBUmY5U9lBRAkz4x%2B5TZBPzNayIEDlDICxS5ad8oLUOQT3086IUa%2Bh%2Be6HkHVKtCVTRP4hLC%2BdfNN6bL26i5IozfNb34CybngtFgNPOAqeBr%2FOHJc9JGHkliN6kP4WiZlUBbVllUhp1sa7vSUdDeFF0IEPbTZuEl057PuqQ59frvHKFh0Ot1VBctRVLyfORsTA6MRScALAy0kzCOmd3Q507Db7TS5MUPNysNJ50%2FYcif7qfow%2FootdrXbz4yiRulTSNpj55uuJYabdtd%2FeUW%2FGOYX%2BHIjJt662lOhw78lM3uJ9DY8e1b%2FPmCWqnef08ojBQWlXpWNnum5OjbZhQ31fGTdI4hOMcc4rWa9TFyS%2Fabxbs5ZHxYrqFs%2FL8eUfyyffLteZymrVFz%2FoNutLfWrTkei7pudIYGhXPX8abWLKi72Wc8YvTkWnpD%2BK1h5HaE%2BxacBjSEGVFpGM58ICnuAnePMxKYivat9VKySPCzi8Ug6fDEodXrIOBwKKGqcCswKCMt7F%2FYZceUHzyd%2B7PTaYZG%2BUSWOruZkdpgaWLPXuh%2Bqm6GPO4nRopNtNVhWkOFoc93vKx%2B1LRerAi%2BHvHrPsxdyw5LGVUz9%2Btqbw0KrBaNwnjqp%2BW9vdmunbebii0wl2cvo7BEaGWrFb2Q4CsRFBmxoqEFfrYvYXigRvTWgYvUy2yrco9ZjUMFv8GAKaAQREnjel8TDQIujDFljWEb7eHRhCoNA%2FHfJBvMHe5Ye5w1rBhTFsd7bW177mWNYRvt4dGEKg0D8d8kG8wxkz9FenRXToxy8xeblmg49KQji7%2FB%2Bv2gzJBcOcDgE8ALy01uFDJlHQ9a2TFEcjP8e2RoGczkp3XRXUWduC3eLOKrJAY08vdtIgNpFJwd6uWMZrWNeRMI24tl9llV3HUyfDPgooQjDRpfOeo1kZFLaUgUlUs9RyRQpwSlTrQrH%2B6YoTm1gdBvmXLCLgCDB%2Bfyn6zGVcJ%2FO68c6R1cUOfn6Xsm5ED1%2FAqswmcoW6E7gpoh5jQ%2ButmnxPGxELHQybxZIfwKMgi5nYEO17EMsBPpxKM%2BhJY3RYpzAG3FMJpGn9nkU20C%2Fe3p7JJQyHJTi%2BGggVSr1du9%2BqMMYuO51GhuO67RIfu%2Bg6eSPrO%2B6QynMoj4FE804%2B%2BTDHRZvCqSHAs1XWMiCuXxBTfB2Ku7k8RoUnfFZqTty0WwiZAKcJPVkxEAuFR3Dd1d%2FJ3i4rO6V5rRKobc%2BxBP9%2F29UN5hVtsYOAy5LxeVnnsU5xBZZ8fgnNTyG8wLMxX9r4Gb5Sg%2BgGckdI0Z2e%2BBGw1cNfWURKalLMLRqUfM%2Bm11EiE4g6zZJ7yJXVLWch1XukFtchNsEBSKe1olOECFLbJ6I08jJt9xaJkV8Zn8AmfX43kGcY2N5SFFVCkMEG7zSQiSaeZT91rkTFJ5vS0tJH%2FBWY9eWEDblHoMF4jlTuMQzrKJYiHZP0%3D&mm_sceneid=1_0_8005253269_0&a=xxc%3Dad_ztc%26mi_id%3D0000U3rS3wfmPvZEKBKtL5cmASS0ETlDaKH5aM1l6-s8kFI%26skuId%3D6140902291177&id=963045378167
567231224757,搪胶发声流星球 6cm宠物狗狗磨牙洁齿训犬刺球 玩具球3个装,12,¥,券后价,完美时空2013,爱嘉宠物用品商城,12年老店,100+人付款,浙江 嘉兴,"超级立减2.1元, 淘金币已抵0.24元, 48小时内发, 包邮",,https://g-search1.alicdn.com/img/bao/uploaded/i4/i1/1574581606/TB2Cn1TkER1BeNjy0FmXXb0wVXa_!!1574581606.jpg,//item.taobao.com/item.htm?id=567231224757&ns=1&abbucket=10&xxc=taobaoSearch&mi_id=0000Sy3vIeFDA3pKi8U86aae1pJ8VdBTqJIQGclmA4Jqm-M&skuId=6157868327381
813752168947,九木杂物社LULU猪复古泰迪玩具店搪胶绒毛盲盒公仔娃娃生日礼物,79,¥,首单价,九木杂物社旗舰店,九木杂物社旗舰店,回头客9万,1000+人付款,上海,"官方立减12%, 直降6元, 淘金币已抵1.18元, 退货宝, 包邮",款式类型:端盒 | 出售状态:现货 | 品牌:M&G SHOP/九木 杂物社,https://g-search3.alicdn.com/img/bao/uploaded/i4/i4/2207487286579/O1CN01HKfnzd1yTEq4bubNW_!!2207487286579.jpg,//detail.tmall.com/item.htm?id=813752168947&ns=1&abbucket=10&xxc=taobaoSearch&mi_id=00004mr0GuHrlQs25aLhjUJLYZuNNt2NvjxfYiuakwKYdKU&skuId=6016786552195
979675796393,2025年网红奶龙存钱罐搪胶防摔存钱罐家居好物生日礼物女孩男孩,33.24,¥,券后价,小小和man,西西公主玩具店,,24人付款,北京,"淘金币已抵0.66元, 退货宝, 48小时内发, 包邮",,https://g-search3.alicdn.com/img/bao/uploaded/i4/i3/1793507420/O1CN01bXLIAx24gPtqtE17l_!!1793507420.jpg,//item.taobao.com/item.htm?id=979675796393&ns=1&abbucket=10&xxc=taobaoSearch&mi_id=0000AqLn9WY1z8o2ccva57hw8e77yRWPvU5we2bX5NEZifA&skuId=6100724751160
971391989649,蜡笔小新hello不理不理左卫门kitty酱潮玩玩具手办礼物公仔摆件,26.6,¥,券后价,tb9338643051,广东尚雅玩具城,,70人付款,北京,包邮,出售状态:现货 | 材质:搪胶 | 适用年龄:8周岁以上 | 比例:1/12,https://g-search2.alicdn.com/img/bao/uploaded/i4/i1/2211387691986/O1CN013dGCOu1QXdgET6Rh4_!!2211387691986.jpg,//item.taobao.com/item.htm?id=971391989649&ns=1&abbucket=10&xxc=taobaoSearch&mi_id=0000WzJztmQqC5f8aleyTllEqB0PjqHyEiFK_VtU-gdPCJE&skuId=5920276564932
911328609900,POPMART泡泡玛特DIMOO WORLD × 迪士尼系列搪胶毛绒钥匙圈盲盒,179,¥,,泡泡玛特旗舰店,泡泡玛特旗舰店,回头客20万,4万+人付款,广东 惠州,"超级爆款, 退货宝, 包邮",出售状态:现货 | 品牌:POP MART/泡泡玛特,https://img.alicdn.com/imgextra/jz3_1/2885348004/O1CN01i9LJPr28ztE5hrLE3_!!2885348004-0-alimamacc.jpg,http://click.simba.taobao.com/cc_im?p=%CC%C2%BD%BA%CD%E6%BE%DF&s=674554542&k=2209&e=tfNU4VSPxPMEPEH2zFIOw3PPnbsmgO1%2FubOcFP3KYTILMnR8QIMJRX%2F8XqpiKZXCo7mPciIz5WThJGdSNKit9w%2FQhUEFlPjqIBA8aURlEQ09%2FlmIXc3vQrofr9RNnxTvc%2BZRi46JMSvc3YOcVhhWOC1IAp1t%2BfK%2BBQWi9%2BwCdSbADpe%2BwNxYmMIFrzZFF1mxMZZod1u0M5zOtK%2FKubm8be51VqsDMj%2Bo0KkZ4FMOEA%2FK7Ke0wl1c4csEHKvCR0eNuw1w39qnwHQW7XrYbK80XwGx%2FJRNyo%2B3U%2FSdBmkpfIbtDbsQMt9rnsf2%2F1h2x2tG%2F7zxq35uhcrGqH6b0rggfu2YCkMxYEbuiS0b7s%2BbLgl6nXsnmYrH%2BuF9E0IyhbW4TAHm%2BKMcephnZl4B15wZeSple1TIHhlxUyT152meJIQ9tJlrZKX25kh7YQoT%2BeAE08YlPYCh2YtnPqnT0dgAyVxwB4p56eRkJmP7fSQpjX5m7YuZQLMvTWF2IiP44uxXt0BZryOeyQE%2BvBd8pPwg2nnu3%2B1RatA3sIQ8HdG00boAh7KPAsfRLWdP3K2Dnf2q8rYWVa2PvmicgieY95DFwob8pw0ajYufDDOrJ5nLXVHYl%2F4yYbGiTUTybhzoeiKQBzPXoG311t4A4kcOe%2B1obt5GC%2B9ZL97CavLHjOaRiUZSicGsrw7aZ83WwjVz8O4%2BMfPQGJNiKWl9a4%2BQjhhSlOGi18I9cq%2BrU%2BTd%2BnQx2M9bYektK6q4cq2AujtS9sc2NXr2Y60ruMctChhztHmBN99GAFUch0E7iAoqLbsvyVPzRzc3zN6O6Fc4fwapkslxCs0%2FW69N0SZ6ghv1lNxRIEM7u1B3faXe8wvh36DzWlamtczN9ZpNWoxtN3%2Fpos0rDsukoKwPtja29KOETnBYmH3k9Yk4%2FZm5SUN%2FH9HH3Nt9dRUG8720B2oGDaTwGK3BcpSXhR4cW2AeN6Y7KWNY8iqvxMi%2BEISAW0jJksV0oK6Csu8VrxAL6DsrpbfFLJl5KLF3OkdA6RlufcMO%2FFnVkv49SIv2NEyL7Q5W1p5FhlocDDT%2FPlwqtIE1musy%2BW%2BIEaIzl4tunCsp%2BIolvyON9JfJIIl2ZBmsL5tgYXb0jfkpvvTquz%2Fdn%2Bdr1LFac2L4Ea6NXY%2B1KaaUM5lH%2FMF%2BKJIvWaR8kQzLnwMOgbMTo1liYLPAfvUtrAUD6XJNsMlQhvynDRqNi58MM6snmctdUdiX%2FjJhsaJNRPJuHOh6IpAHM9egbfXW3j%2BifDulCfG7hd6IpgMdRQ8Yxj2IurbR8GyXRVVt0Xv7jcdOW11yyIawhDwd0bTRuihILuCQ2Ai8vIJ%2BfLCYZXZintUIOcV%2BK0WjMC4x4dNMjPf4fi0IjKwHnPWZKSE%2B1JItE46wRQQGmRxyqSc%2BC7JtsdOzEa4R30yeGta51FFjmC8Pou7q7PvaYSUv%2FxcfA%2F4l0IrHurNO7hB5qHppZOOCLFYPvuTKgpch183Kt7c3K00T00ll2uGNx4z7WyF7SBUzwjY3zqYk6FpaSpiNKNlGu%2BYB7tvh%2Fh1H0mGsXylMFTPCNjfOpiRQJvE6ZH027m%2BzoHeW3sGzEeiVHykxqdTGPwEjNsvMpxMZukpz8peZI2HT3Ju7xkuMEbGLfDSJvwqQZA2Nw9Sb4Vp2CLIRVDxpEFiPB0b41QZsWYFHmH0HzIu8%2BlHqmmD3Yqu7ZPO4kMd%2BkVvdsXSbCuafB3C2pybUPnfJ6sIty32aFVNc5b2bHo5mzxwX5CKCiKT2URdig6TBqKMXYDaBXoashKqMK3rc5baxD8Cuv2eOsoof5npGnlJj%2FgLnJeCHTb8x6c9gDSRpQZuIkdC%2BtYRlT4s6iE%2BguIhlSH5DG2T9ymYGmxY9Hlki32VgwCBdJAe5MNu8Vd07kHi6yYY%2FS%2FyMJBFEDeYxJ%2Bv9YukK2Wx5ndbsv6L5CdwQLIBKqvsJdOxHvVwYUt6bzm4IJPAA7rynheKETtz7gv6%2ByLoGQ%2F8JeWO5%2BciaPE1Gi9VLFmBnHFj3FPW3dyMSZl400BKDLPv2rOUNLShDmGenlCI3yikxZyCxHhZk2FDGxmZ%2B1P7sgP3WDTqCc0LwajiZMt9RySLZ%2Bkofkvo3dDhgdrzrx7CEPB3RtNG6w%2FciYr4fnQU2riScr50x3aPz7AX3SA6l%2BGetMannltvkdRwxKomW385qMVS%2BMnpz&mm_sceneid=1_0_116045295_0&a=xxc%3Dad_ztc%26mi_id%3D0000ZQbb0ByFuFOcYNeItcorgjLgXKSg3WQK6dEEO0Bm6RY%26skuId%3D5980476198880&id=911328609900
899189347605,泡泡玛特DIMOO迪士尼搪胶毛绒挂件米奇WORLD系列玩具钥匙扣盲盒,49.9,¥,,李超越0922,TOP DOLL 俱乐部,回头客1万,9000+人付款,广东 广州,"店铺满299减3, 新品, 包邮",款式类型:隐藏款 | 出售状态:现货 | 系列类型:联名系列 | 品牌:POP MART/泡泡玛特,https://g-search2.alicdn.com/img/bao/uploaded/i4/i1/2660786779/O1CN01JFKJbb1zwq3Iqzbk6_!!2660786779.png,//item.taobao.com/item.htm?id=899189347605&ns=1&abbucket=10&xxc=taobaoSearch&mi_id=0000_BgF0DheJDzHX3oDv0D5GYcvlx9cVsYNQNTL23j-TWY&skuId=5861679045888
981872391236,POPMART泡泡玛特LBUBU前方高能系列搪胶毛绒盲盒潮玩公仔挂件礼物,84.9,¥,,tb7445538986,SUN TOY,,1000+人付款,广东 广州,"店铺满199减3, 24小时内发, 包邮",款式类型:隐藏款 | 出售状态:现货 | 系列类型:联名系列 | 品牌:POP MART/泡泡玛特,https://g-search3.alicdn.com/img/bao/uploaded/i4/i1/2211802957652/O1CN01M7cxM726Ofn3oakJM_!!4611686018427381588-0-item_pic.jpg,//item.taobao.com/item.htm?id=981872391236&ns=1&abbucket=10&xxc=taobaoSearch&mi_id=00005zJmcisEWml_srbDsWssEL3-O6-4gxtIDcnSJZMVmns&skuId=6109282623193
950692504707,POPMART泡泡玛特Baby Molly口袋朋友系列搪胶毛绒挂件盲盒,79,¥,,泡泡玛特旗舰店,泡泡玛特旗舰店,回头客20万,5万+人付款,江苏 苏州,退货宝,出售状态:现货 | 品牌:POP MART/泡泡玛特,https://img.alicdn.com/imgextra/jz3_3/2885348004/O1CN01YCyW9m28ztAPjfgno_!!2885348004-0-alimamacc.jpg,http://click.simba.taobao.com/cc_im?p=%CC%C2%BD%BA%CD%E6%BE%DF&s=674554542&k=2489&e=DbZdAo%2FfKvgEPEH2zFIOw3PPnbsmgO1%2FubOcFP3KYTILMnR8QIMJRX%2F8XqpiKZXCo7mPciIz5WThJGdSNKit9w%2FQhUEFlPjqUf1eG7ytI98rjo1Jcwnp77ofr9RNnxTvc%2BZRi46JMSvc3YOcVhhWOC1IAp1t%2BfK%2BBQWi9%2BwCdSbADpe%2BwNxYmMIFrzZFF1mxMZZod1u0M5zOtK%2FKubm8be51VqsDMj%2Bo0KkZ4FMOEA%2FK7Ke0wl1c4csEHKvCR0eNuw1w39qnwHQW7XrYbK80XwGx%2FJRNyo%2B3U%2FSdBmkpfIbtDbsQMt9rnsf2%2F1h2x2tG%2F7zxq35uhcrGqH6b0rggfu2YCkMxYEbuiS0b7s%2BbLgl6nXsnmYrH%2BuF9E0IyhbW4TAHm%2BKMcephnZl4B15wZeSple1TIHhlxUyT152meJIQ9tJlrZKX25kh7YQoT%2BeAE08YlPYCh2Yv1UUi6j3D3m7YipYscHKnPDsGjuPxZL1EwpkDhF5a47AD4VycU0nvc2aoygNIPNMKgWrlC2C9%2Fe3Ow40DDkS4DRhFEgLDjsMy7sINA7y19uPTRgDteSb8%2Fdbjay%2B9Pp61diGCiuE0ziEGJ7mQAX%2B6OKoO0l09NPdXbsLAYq6kdQuEjCJA4shZXVuChIZEFBCdI8UexX%2BSJG8iZLtMN4HBNOP%2B65J6cBqIxKSXLIcWKJEFp68F9WFgfFyxCfo9jum5kVCL6AfA1X9oI9ZBT7hmrb9VsJGtbJyjGBTQO2s16JjqOovOZHpmR2AMH5pl8hDHtHfg7PG2pIeR5goUe5fnscijC1id7LnvsmPbpfgRbmbTw6TF%2FRadvADRbppzIh8wCBeCA%2FwYDxjNnnUTXZfL39noJdH4H57nmc80Yqg1vhSMSZl400BKDAjJ6ZDDckGPTR1Ufmc1W05Z7lhb5clT9n52nWNfbI5NKvBhFTahcS%2BEMqukgmU9CUf5FB75LtdvLs7cR9e%2BLfBMbdGWqFBhiNvx2SS7sM7gvT%2FUy2uxQB7JRDMvJX%2Ft94%2FxajuxBf3UEmkC46r9y%2FD4dTEvkhvvsavs1r2thvVY4%2F7rknpwGovi3mGxAElojqHWqsWQ6HR%2B7JGwH5zWEs50wGrliGoZHeb8JHuQmYsZWfqLC7zU1IDBrLc5vM9jh978g79lH%2Bh5GKHVZq1IO4z1XIbjFhdXWyx%2FXmX84NSorquEbV0MLpNDzlx05IKXmRoovk46W51SC3USnRukkYFeBm4rs9FsJUwv5WM5GP%2BcKcgNhXH3%2BPZwWdmwMOQkR834TxxazieCZrrvGP8MSLkBpSi11uKb5v%2BcIAHHHEDptgjEAeVZy0J%2BFd8IdHQyoR8BzfApogzN%2FX51Pmlhr0msJVDiIuOsxUHBCVOLs18KHM%2FEquh%2FJ06xTBosXuQ7qUIq7PUJ1hmJi5eLdj7kWLz7DO0QoKRb3t2saqC1Yfu8VyBD236xwrUxtsX15zeUnVTVxi0kKoafC2E8LrTmWxQdDiU5SjiHQsX%2BhE3C1%2FQ6zZkZXCgd0HwkgQdUFOPsl2PkjLJGkEH9htGuvXNZ5k%2FDLB2vx74OpIw%2B4BJedHinv4x7Vzs4Uhsmz7jGzz%2FYMq2OrVZ99vG54OIgzqC%2BW0E7ku2MHtUW3o25qrAbCvyw5bbZQ1ICUbH9aRnpGPUdWxximEIpF%2FQ%2FtTNESHlXVDU95RiB0QfNgu7CDQO8tfbhAbPDKWkrzXaKnmJAE7P%2BmRPm%2B3IY5BAu7sINA7y19uBJhQH3V2M0oT8KNq9rwf7GUNHgqlWCJeEJ4ic0t963jcbzq7tKemun2jNoziq5MvEwnBefFbh2QMqlrgDSuIfpngdCSSr%2Be9c9mYWs79kEM%2BI%2BKmQP3DPy5mbfGS2gQdDpTZ82vBUFX%2FohznPXEWm0dEZwna5Ol5xMbdGWqFBhi56lTqzcIDNOqR03DWagFt9sVo2VryVZQKjW2DU6nTk3sNMxlFC9Wu8tJPOcZsjBUb7D9dU7H5TLUORW%2FhIKCpYXuSNyT9sdOn6JjNVHU3JcOND23xuMp9xYlLZykQ2HUGnyAYj0mWLptHlFVspB2wNOrFPuKmIvo2ZzZ7FR5LcfFcsbRLsbwcwdhB1ih6B7WMa9TbTElZu3u4dsvZHVBZLSjCnzXukc1Cth7pEUE2%2Fc1HCEZHvkVu1U1cYtJCqGn0txEOcBFLREJADyLVGvFe7VJnRjb1rV1dI2847tXm6Vhff%2BosZS5xNVm%2FzLMeT4gRyCtjdcoYsuRbwk8Qqcpxw6Zz56KXRtdThPNMwTjC6LGkrhcRfaW3w6573UA%2BuBsEl1w%2BLbLckab%2BZGfpBVHZu9gBHZHw7%2BrAUx40WusVFKq%2F6y8vp7NsY7SwDirJk%2FNkalo9nUkN%2Bt56Oz4JnwjpkDQR6TqUybYN3Q4YHa868dk1du804veoyopOXD0dJN3CSBB1QU4%2ByWj8%2BwF90gOpfhnrTGp55bb5HUcMSqJlt%2FOajFUvjJ6cw%3D%3D&mm_sceneid=1_0_116045295_0&a=xxc%3Dad_ztc%26mi_id%3D00001EtsNFtZceS_lw8b9XKKHpr6anKHLjrXN3EiGOAE9S4%26skuId%3D6080678707013&id=950692504707
1012227647967,POPMART泡泡玛特PUCKY毕奇敲敲系列搪胶毛绒公仔潮玩盲盒挂件礼物,104.9,¥,,tb7445538986,SUN TOY,,800+人付款,广东 广州,"店铺满199减3, 24小时内发, 包邮",款式类型:隐藏款 | 出售状态:现货 | 系列类型:联名系列 | 品牌:POP MART/泡泡玛特,https://g-search3.alicdn.com/img/bao/uploaded/i4/i4/2211802957652/O1CN010eJabg26OfoUFqnYO_!!4611686018427381588-0-item_pic.jpg,//item.taobao.com/item.htm?id=1012227647967&ns=1&abbucket=10&xxc=taobaoSearch&mi_id=0000LBV6WsOI6YikKIz7y1uwBqpgEX6ESZQuMz_xr7-Y5D8&skuId=6016281920502
917065030344,DODOSUGAR NAMI TwinkleBunny潮玩公仔搪胶毛绒包挂包包挂件盲盒,51.9,¥,券后价,dodosugar潮玩旗舰店,DODOSUGAR潮玩旗舰店,回头客2万,1000+人付款,浙江 丽水,"官方立减12%,  6期, 退货宝, 包邮",款式类型:端盒 | 出售状态:现货 | 系列类型:联名系列 | 品牌:DODO SUGAR | 商品状态:全新未拆封,http://g.search2.alicdn.com/img/i2/5433277087/O1CN013Fxzj922DtyCZOBim_!!4611686018427386527-0-saturn_solar.jpg,http://click.simba.taobao.com/cc_im?p=%CC%C2%BD%BA%CD%E6%BE%DF&s=674554542&k=2413&e=SaWgMoMN9jkEPEH2zFIOw3PPnbsmgO1%2FubOcFP3KYTILMnR8QIMJRX%2F8XqpiKZXCo7mPciIz5WSqRqnRZhlMrK%2FQ%2F8a0Ghsc8TCIVcwQYLY9%2FlmIXc3vQrofr9RNnxTvc%2BZRi46JMSvc3YOcVhhWOC1IAp1t%2BfK%2BBQWi9%2BwCdSbADpe%2BwNxYmMIFrzZFF1mxMZZod1u0M5zOtK%2FKubm8be51VqsDMj%2Bo0KkZ4FMOEA%2FK7Ke0wl1c4csEHKvCR0eNuw1w39qnwHQW7XrYbK80XwGx%2FJRNyo%2B3U%2FSdBmkpfIbtDbsQMt9rnsf2%2F1h2x2tG%2F7zxq35uhcrGqH6b0rggfu2YCkMxYEbuiS0b7s%2BbLgl6nXsnmYrH%2BuF9E0IyhbW4TAHm%2BKMcephnZl4B15wZeSple1TIHhlxUyT152meJIQ9tJlrZKX25kh7YQoT%2BeAE08YlPYCh2Yv1UUi6j3D3m7YipYscHKnPmJrbJzfTsfeamPfI95hpNr5fBcdP4QGGl%2BGmfUOhVqygWrlC2C9%2Fe3Ow40DDkS4DRhFEgLDjsMyAOpA4WKwlzeO6OrqT0slifeOK3VHj%2Bumc3HfrH1cY%2FSgAxWV6rJYfQO8DNE0KRoCgj4Tq1TBC6AIV2aDeZkt%2FRyMK9Yh4SiXEg0xjnGBKVoibBeDd8IaVnw9OZhMZrv829M1RN4uyGxcWTA1G6fo5uAKJLqjc8srvgriRzHVl9%2BUBOrwtGM1MWNoS8sUT8Krpp%2FeDaBg4ZT7zrVunA1PpKU4kSRZzZEocRPDYR4P%2FD4r0Jc%2BG8kEvlQCuYXJRmDyZZVNrMQS068kolXytbVC3qyukGpSY3lFF4sSkMfl%2BOym4%2F%2FluAVzSoLN5nWhIjoNCFHKhV9nG8NNHVR%2BZzVbTlnuWFvlyVP2fnadY19sjk0q8GEVNqFxL%2BUXBFJ3ASmNR%2FkUHvku122JiWwxToFzDlW%2FcElARE8F9rEaK7fuBQ51cAG5PWy0CFUBowqy%2F5xr0Vxj3Yqh6Mc5n1szoDVqphw4iQJqzD6TFGuw6%2B3UWDHZi7p286Y3gpnESYZHJxFt%2BZb%2FL5y2Ejxlec8TJWnLY%2FKt9dKuh1UDu1AAY7F%2BMJtP3Wcs3sJmt1EcIe92m0iDgBV8ru8Rzpb9Y914sZpPAZCWz2a6r3Q9c61Yr4Qq%2FJNE1jofEz7aK%2FSGO9CUVbmPqr15eNq8%2BvjzCNF%2F2NdXRQJsFH%2FkvH7CLlxwXNBSiffkxVTe2A5o7gPcslfuQyoWWXU5rcRZo3YAzBIQAMTSc%2BimYnVhiYxFGu%2BYB7tvh%2FrFWS6ibP7%2BgCL1RI5pBS9cr9pJscRg8vpJ6TmvgfZaiR%2F%2FGvKmWGQ3o2WCtNOLBV9iBKGZiZjZlTc1lNuSw6ECaAG6AOlpb6DjgUD0GtwHaz57SQ3keJCPSwOwTMonDox9ikWRjCzp%2FFD8CU4KGovtDk2rXXhPndKuafQTmQAmQ%2Fky62BzKBsXog8NlRIVaOjciAkqS%2FzjqITCrFxVWJcKdfVMBWp%2Fh3GlacLkWXoffaYnvBCl9VIVsTfPuJb96v385RA0glpKeIVvIqJRzTY%2Ff5OlZAk0xn%2FrwyzrLYlKCIo4e1%2B%2F2ddtjWhcUPvjU56uhAEnZXCf5k01sjYs5y6LEs74ALsy5FyZEHxw2OYbKXAf32%2Fxy1XmJHV0aKgyemFSLZ6b%2BxnUnJkQfHDY5hsom4knkuTKK3%2F316xhEQfC0%2F20qBA4iCUr%2F9BCA4Y9B0Ovyoxsv8Xa53EAXidwj%2FeRdgw0ki1o2FmWqBGtG8SrtpzoKKgPzbj1NOXr4gJQX69b01m2c1H1W1W%2F5QZk%2FEl3pn5PMHK5XKdu%2BJEQiZOz%2B3q1P69aZpseOZ3vlHmB1DJb7%2BDt9jFJlDXHh%2F2axCnZAVN3UNzx2PIk7j2BwCFfSaNjxAqWz4T0AZjda6tF8EPGpIzj2rgdzsAz0B%2F8CABH%2FYoHhtJo%2Fj9VhagxJeU4qLxBqJeUM1mhVzcw5TuYyvgh%2FKwa60abmafPqcZ14KNydX7W53x0fO%2BZz2uMJNq3iwom0XJNUrBuIzbOKeUvSGog85Gb%2BGljoadOb2Q8Wc2VY9R7vc0RhWhghmFYQnqUprqthnTNGoXUr0edQTjdIaUULOiyBXkXdpZnP%2FVYJ%2Fv69b6yGcuZJDVIMX8OUzOBc%2BfSu0LE4g%2BWZrOkSBqtTypKXbk0uAqd8N7WcTSWCLvMKS88CSfI7g9l3AlQPiJtuMVbRnDnF%2FzanM3%2BNyVuNa36Mr3JgRzCKaVZDHBa5yien2facvMC66nTFVt1uZW9VJwtUb0WvZJSnWAVGU0CA8%2BE%2BkLniD6y3%2BB55hRfS2SslrLaGTcbjtRoS%2FDvfzhoEeSSqarn0LnUoGu9Cw%2F%2FYGYz3%2BH4tCIysNh%2F3rMRsq9Q%3D&mm_sceneid=0_0_5433277087_0&a=xxc%3Dad_ztc%26mi_id%3D0000Pz12u9NXLOf9X9OpfsZBADLLPt1pVdsfi8_HYxU9PHI%26skuId%3D5952052698105&id=917065030344
990711871484,【梓渝同款】范趣町GISMOW小憨包联盟盲盒挂件礼物搪胶毛绒娃娃,552,¥,,范趣町旗舰店,范趣町旗舰店,回头客1万,7万+人付款,广东 东莞,"热销爆款, 包邮",款式类型:端盒 | 出售状态:现货 | 系列类型:联名系列 | 品牌:范趣町,https://g-search3.alicdn.com/img/bao/uploaded/i4/i3/2220257526978/O1CN01tG4U5q21PyrtqGPRY_!!4611686018427380930-0-item_pic.jpg,//detail.tmall.com/item.htm?id=990711871484&ns=1&abbucket=10&xxc=taobaoSearch&mi_id=0000cwqclTp_Maa5eholLzGGXdWEAH2hWqFNTO2GaoKb9cM&skuId=5962624768275
1007403080104,周柯宇同款52TOYS波卡波卡POUKA扑克小羊我与我搪胶毛绒盲盒挂件,75,¥,,52toys旗舰店,52TOYS旗舰店,回头客6万,100+人付款,浙江 湖州,,款式类型:隐藏款 | 出售状态:现货 | 品牌:52TOYS,http://g.search.alicdn.com/img/O1CN01kJgj0d2Jsz23VKfDo_!!4611686018427387766-0-item_pic.jpg,http://click.simba.taobao.com/cc_im?p=%CC%C2%BD%BA%CD%E6%BE%DF&s=674554542&k=2369&e=%2BL5g6AZjMKsEPEH2zFIOw3PPnbsmgO1%2FubOcFP3KYTILMnR8QIMJRX%2F8XqpiKZXCo7mPciIz5WQCynHMmdviFGaGzL3njKNNXaY41DCkcBA9%2FlmIXc3vQrofr9RNnxTvc%2BZRi46JMSvc3YOcVhhWOC1IAp1t%2BfK%2BBQWi9%2BwCdSbADpe%2BwNxYmMIFrzZFF1mxMZZod1u0M5zOtK%2FKubm8be51VqsDMj%2Bo0KkZ4FMOEA%2FK7Ke0wl1c4csEHKvCR0eNuw1w39qnwHQW7XrYbK80XwGx%2FJRNyo%2B3U%2FSdBmkpfIbtDbsQMt9rnsf2%2F1h2x2tG%2F7zxq35uhcrGqH6b0rggfu2YCkMxYEbuiS0b7s%2BbLgl6nXsnmYrH%2BuF9E0IyhbW4TAHm%2BKMcephnZl4B15wZeSple1TIHhlxUyT152meJIQ9tJlrZKX25kh7YQoT%2BeAE08YlPYCh2Yv1UUi6j3D3m7YipYscHKnPDsGjuPxZL1FMmgApmckLmWp3RQuuixzzXJVUfAPYEH8WfXbr4aklO%2BLokchT1UZO4KmiX%2FR6Jd9QEL1Aedsh%2F%2FM63QmsgjRXUyWj60%2BX5nVwmqZdKKwmKs9oGNNI5Wg6l1zsjrbHqGI2F1bePvcLRykLtQ8qt%2B%2FQXNM4jtECJ0vZb0v%2Bk3qrlXOlToAapgWT%2FMWeqSpIlm63ew4h%2FGGkhi0e3sZUTL3njrtA0glUMT%2BaT49ik00rDauC%2BiMnQ2YjfJx75jSvIt7gUjUsnkqvr%2Bnt%2BZxO%2B3SKnwnrTu5Ah%2FKmD9qMvy3xm87pmVWu8O8vyCXUGXLG3At0dkJFymwlnrXwTDwPsJHuleZr%2BYPcav%2BE%2Bq60Dz4zV8tqU9AuHfX5ANlr5s7hQ0Ac%2Fu%2FlYbenCC9sTKB3GxcDwdDvTNKn7W2rBT2pOoiQoBKou5aQpM0M%2FlHuyoEf%2FPxKF6%2BrjiRUtdeVvdJGmwwb4KmiX%2FR6Jd%2FqBaRRVaAP7gVF5mNi1XFyfqiS5eMvdNGCJBE9XC2PMQEbtCi0EfLTKiRBnup9iSd9lsIo9WIXb20%2BkYJQOj6%2BSLm98YpkPL%2FEB%2FknF%2F6978zkCIOCHl7ixQTaBtxQ25HAqP81xCPvf%2FacJ%2FiE5EfA8fpFLwh8FnjHQqcRNwhw%2FGpevevKJ%2F3qJzAyOKVIRRAS%2FTzbK4ni%2FWXa%2B%2FePHY5pBCJQW13OoqEqJKgRv56AAzRkzsOE%2BNoo40bHMjrdYUrkshw5h%2BDKZ2QaDWA%2BW4lmqa6P8WLuT89Kv6fDpcCzYvNYmg%2FKr3yxzBe7xhWQJAnUJZzLTs0OAMMVVgpGHm7fMFyzDDU%2Br%2FZTJaPrT5fmdWRAj%2BgMp%2Frwer6Eq8KIqP6XXOyOtseoYvT6tieGWjBxmHwW10zuzX%2FAbJtHcPLC82yXRVVt0Xv7jcdOW11yyIa00S1rWPYq2mrICHhcIgp0%2FMWeqSpIlm70E8sn8sw%2BfUWjMC4x4dNMjPf4fi0IjKwHnPWZKSE%2B1JItE46wRQQGmRxyqSc%2BC7JtsdOzEa4R3%2FDNLbd43jDssYvqorwXLx6l5Njcz2LTyi92W1X%2FwmB8xEnhWRUcq1v0RZKiGOPW1envENrdcpVxX6JT6arzbHyWxEG20G%2Bg4CC%2FUf%2BK8wq%2Bk%2F00q%2BamGP9NMPYZm6Oc%2BlPoR8iDfjDwpRRED%2F5Y8BSlfngb%2F9PmZrofr9RNnxTvLkUr1kFLIP9HuW6ifuggmfshoS4mX1QX8H%2BWcRpC24C%2F91biFJhOKBLnirGSsRmcKpEKucrL1GtNOXr4gJQX69b01m2c1H1WEmg17UwIsihGtQfRv7hAc499OX63gUg8w4fRoBk9p4lJdx4jyU8ILX1dG8OYx1h4WzJvhATaBGZo2PECpbPhPQBmN1rq0XwQ8PPnrThccMQcUzkYOAfz2%2F9igeG0mj%2BP1WFqDEl5TiovEGol5QzWaFXNzDlO5jK%2BCH8rBrrRpuZp8%2BpxnXgo3J1ftbnfHR875nPa4wk2reLCibRck1SsG4jNs4p5S9IaiDzkZv4aWOhp05vZDxZzZVj1Hu9zRGFaGCGYVhCepSmuq2GdM0ahdSvR51BON0hpRQs6LIFeRd1Bqg7KXTwgGc3Bfl7AT132Ugxfw5TM4FyR0ywMfrUBHCokQZ7qfYkn%2F1u6k3%2FqQi02i8unVyHT9gpLzwJJ8juDVl91YDUEwpACb%2BMm11b%2BFBVNsPmqDFFlVOCNX%2BNLU%2F%2F54z7fgMXzmOAQeRdKTosFGKPTrOTAfZ6a5NEpTe9Iz2HXZhvnQLPDIdiQEA3VBHA3dDhgdrzrx7TRLWtY9iraFsWtSQjp3t3YuV3s3osAJ6Pz7AX3SA6l%2BGetMannltvkdRwxKomW385qMVS%2BMnpz&mm_sceneid=1_0_133779090_0&a=xxc%3Dad_ztc%26mi_id%3D0000oaqODfym1q4PH8KU18JAmShwi8_NtUlAvQEALsLOwbs%26skuId%3D6166738990900&id=1007403080104
751364362405,蜡笔小新幻想系列毛绒搪胶盲盒搪小偶S手办可爱公仔摆件女生礼物,99,¥,,tb543099372,智慧星正品玩具店,6年老店,200+人付款,广东 中山,"24小时内发, 退货宝, 包邮",款式类型:隐藏款 | 出售状态:现货 | ACG作品名:蜡笔小新 | 系列类型:联名系列 | 品牌:LDCX/灵动创想,https://g-search1.alicdn.com/img/bao/uploaded/i4/i2/2206758422741/O1CN01wkEOMu1W7Qcgy85D6_!!2206758422741.jpg,//item.taobao.com/item.htm?id=751364362405&ns=1&abbucket=10&xxc=taobaoSearch&mi_id=0000biW5iHX8eQVjEz8H9PD779oDVGi119nMfX1UwyykhlA&skuId=5808922926983
967845674914,原谷动漫面包超人果果睡衣party搪胶毛绒动漫潮玩盲盒可爱礼物,89,¥,券后价,tb458342223734,原谷动漫,,56人付款,浙江 金华," 6期, 包邮",款式类型:端盒 | 出售状态:现货 | 系列类型:联名系列,http://g.search1.alicdn.com/img/i1/7238045350/O1CN01vEnJCb1pOM4Z2n50Q_!!4611686018427383462-0-saturn_solar.jpg,http://click.simba.taobao.com/cc_im?p=%CC%C2%BD%BA%CD%E6%BE%DF&s=674554542&k=2401&e=564N6M%2BBrFkEPEH2zFIOw3PPnbsmgO1%2FubOcFP3KYTILMnR8QIMJRX%2F8XqpiKZXCo7mPciIz5WRJ8pb9Rv6I00feZK3NWzczinaXPgulrCs9%2FlmIXc3vQrofr9RNnxTvc%2BZRi46JMSvc3YOcVhhWOC1IAp1t%2BfK%2BBQWi9%2BwCdSbADpe%2BwNxYmMIFrzZFF1mxMZZod1u0M5zOtK%2FKubm8be51VqsDMj%2Bo0KkZ4FMOEA%2FK7Ke0wl1c4csEHKvCR0eNuw1w39qnwHQW7XrYbK80XwGx%2FJRNyo%2B3U%2FSdBmkpfIbtDbsQMt9rnsf2%2F1h2x2tG%2F7zxq35uhcrGqH6b0rggfu2YCkMxYEbuiS0b7s%2BbLgl6nXsnmYrH%2BuF9E0IyhbW4TAHm%2BKMcephnZl4B15wZeSple1TIHhlxUyT152meJIQ9tJlrZKX25kh7YQoT%2BeAE08YlPYCh2YuepJxQDw%2BJErdlJ7wx6sIHEs7cg%2B5xSnRMmgApmckLmWp3RQuuixzzXJVUfAPYEH8WfXbr4aklO1esPOSjmkYcd%2BLmt3W0ya39v1%2BZhFQMeVBg3LRfD%2BdcuHI9j22b3alXNmFablbmlJdgGOSfwTKpgv2Z%2ByhkLFJ6HmiAFnzYTzjvikYF8X6KSRXbjIVYbc%2F6KzGhBecs6MfIK5BXqOIzBj0vrl%2FA7358p7WMsQDKJC0e3sZUTL3nIndI9Ur5NFQMPnnZ0LpmIdWKf6GhgmZknbTFHCH0ECUdWZj%2F8rRObZph1ruvfpGFrGFIsM0nX0lBHoMRKHsPR31u47TLrqiS04g0YK5EMK7JfsvmiokxczSIxG8HSoSjv%2F1zFjE23tSJgajFmEwtTMtqU9AuHfX5xvcURodgt2kc%2Fu%2FlYbenCPTDtB2r%2F0PxLU2kwfztZ%2BRLjABhJLyRgKj6v8XYOd0sfN%2FXkGtm02XNFCeyRux%2FJJph1ruvfpGFstb0j%2FzjTujj%2FFqO7EF%2FdVil7lsfxht2nNPn6HMGAMJq%2BzWva2G9Vl%2Fk8ng0QbXB3y6KS5byAPTzl%2FcTA2c7L50wGrliGoZHeb8JHuQmYsa90zj0mnkZiTBrLc5vM9jh978g79lH%2Bh5GKHVZq1IO4z1XIbjFhdXWyx%2FXmX84NSorquEbV0MLpNDzlx05IKXmRoovk46W51SC3USnRukkYFeBm4rs9FsJUwv5WM5GP%2Bf0QMitn%2FlQWQFp2E0Zm5A0834TxxazieCZrrvGP8MSLkBpSi11uKb5k1v%2BQNZXzzxtgjEAeVZy0J%2BFd8IdHQyoR8BzfApogzNq10dWkk140zjvikYF8X6KSRXbjIVYbc%2F6KzGhBecs6MfIK5BXqOIzBj0vrl%2FA736GuNEiPoFzyhAXXN9BP%2B4xU3g1bFuIo3NVNXGLSQqhp8LYTwutOZbFH2u65rlTLTdhqn%2FQjrlwJU7X2LarXT22sblmiWvme%2B%2FY%2BSMskaQQf2G0a69c1nmT8MsHa%2FHvg6kjD7gEl50eKe%2FjHtXOzhSGybPuMbPP9gwfMlV7uUODpjrr1TcAVV1lgmXiZBZ8kEwU9G6%2FvdtN7m7UpNJC3VSXa7%2BDZg0e0sq5vdpH96tnWXJZ5v9RnbG5gV8ijhqMZ1VBylsZKJhC1D6Z5%2FZHyQP1CvK2Z%2FY85gUYz5q8Dk0kl2EmsCIRlOpYCElkG46g8PXBFekFdnjW9uO2sosTdHs9JuJJ5Lkyit%2F99esYREHwtP9tKgQOIglK%2F%2FQQgOGPQdDr8qMbL%2FF2udxAF4ncI%2F3kXYMNJItaNhavqP12frT1E3%2FpfmurhUXJTTl6%2BICUF%2BvW9NZtnNR9VnFfGfBPp%2BNdebeu8m4x7hnbviREImTs%2FlvX0Yh6jnU2jmd75R5gdQyW%2B%2Fg7fYxSZQ1x4f9msQp2qwONwz4KomUFlFne3JogOWjY8QKls%2BE9AGY3WurRfBBVCGKSTPWe0LAM9Af%2FAgAR%2F2KB4bSaP4%2FVYWoMSXlOKi8QaiXlDNZoVc3MOU7mMr4IfysGutGm5mnz6nGdeCjcnV%2B1ud8dHzvmc9rjCTat4sKJtFyTVKwbiM2zinlL0hqIPORm%2FhpY6GnTm9kPFnNlWPUe73NEYVoYIZhWEJ6lKa6rYZ0zRqF1K9HnUE43SGlFCzosgV5F3RWqhEemDTAyvW%2BshnLmSQ1SDF%2FDlMzgXKpuEqL9oHMm4hMNf8Yb%2B8j0rr1RN9SexDe1nE0lgi7zCkvPAknyO4PZdwJUD4ibbjFW0Zw5xf82pzN%2FjclbjWt%2BjK9yYEcwimlWQxwWucon7C%2BC%2FgzzruD5J29WiTV%2B731tnkvCAwxk47ayixN0ez3CJeOVhZQADsNj7PuWdGH6IuEbsTWnM25Bg2saDjLh%2Foh27pjf7mVufVhe7BIb1oG1KfMzodG8v%2FlG2WnRymNv&mm_sceneid=0_0_7238045350_0&a=xxc%3Dad_ztc%26mi_id%3D0000yuDxewGs6tUgyKoij2YUHA0WU1_IwwWqtPQvh94bhCM%26skuId%3D6026918161498&id=967845674914
900088764404,POPMART泡泡玛特Crybaby哭娃 Powerpuffgirl飞天小女警搪胶脸盲盒,213.32,¥,券后价,卢什大可乐,XLL TOY大号玩具,回头客3万,300+人付款,广东 广州,"48小时内发, 包邮, 公益宝贝, 酷动城",款式类型:隐藏款 | 出售状态:现货 | 系列类型:联名系列,https://g-search3.alicdn.com/img/bao/uploaded/i4/i3/854130513/O1CN01nMkwrd1Ff0IZ78SL1_!!854130513.jpg,//item.taobao.com/item.htm?id=900088764404&ns=1&abbucket=10&xxc=taobaoSearch&mi_id=0000QrLRU3XRGZYNWn4z-QzUhqKRx8E004w1Wqdef3n2hQg&skuId=6024219247394
950521513587,宝宝早教幼儿园讲故事搪胶动物水果小玩偶摆件幼儿益智过家家手偶,18.99,¥,券后价,格格楠,格格楠聪明孩子玩具店,回头客1万,89人付款,广东 深圳,"官方立减12%, 淘金币已抵0.37元, 退货宝, 48小时内发, 包邮",,https://g-search1.alicdn.com/img/bao/uploaded/i4/i1/87750682/O1CN01TDohWV1GuPBkTuKK5_!!87750682.jpg,//item.taobao.com/item.htm?id=950521513587&ns=1&abbucket=10&xxc=taobaoSearch&mi_id=0000KWgXbZra40_BNW37Y7wLbfo1WIglSVUaA6gQB5mKweA&skuId=5865131689671
1018468177008,朋友们快入超可爱心动必入收藏佳品,79,¥,券后价,magicalsoul幻兽旗舰店,magicalsoul幻兽旗舰店,,26人付款,湖南 长沙,包邮,,https://img.alicdn.com/imgextra/jz3_3/2221514873224/O1CN01jqWrFE1Zge2LqWK0s_!!2221514873224-0-alimamacc.jpg,http://click.simba.taobao.com/cc_im?p=%CC%C2%BD%BA%CD%E6%BE%DF&s=674554542&k=2425&e=D9uthIPDz0IEPEH2zFIOw3PPnbsmgO1%2FubOcFP3KYTILMnR8QIMJRX%2F8XqpiKZXCo7mPciIz5WSR70liqhYypOx1ZYcnuxMABpEyp7MP01yL%2F0fZTAJMYrofr9RNnxTvc%2BZRi46JMSvc3YOcVhhWOC1IAp1t%2BfK%2BBQWi9%2BwCdSbADpe%2BwNxYmMIFrzZFF1mxMZZod1u0M5zOtK%2FKubm8be51VqsDMj%2Bo0KkZ4FMOEA%2FK7Ke0wl1c4csEHKvCR0eNuw1w39qnwHQW7XrYbK80XwGx%2FJRNyo%2B3U%2FSdBmkpfIbtDbsQMt9rnsf2%2F1h2x2tG%2F7zxq35uhcrGqH6b0rggfu2YCkMxYEbuiS0b7s%2BbLgl6nXsnmYrH%2BuF9E0IyhbW4TAHm%2BKMcephnZl4B15wZeSple1TIHhlxUyT152meJIQ9tJlrZKX25kh7YQoT%2BeAE08YlPYCh2YvTrsKm5VIg%2BwD4VycU0nvcjTu2owMlXeZPGW7zGAq9Jmp3RQuuixzzXJVUfAPYEH8WfXbr4aklO8OeGeVhS7FRG62oqhsCDlfOpQH5dVQ53uUaU7guBggRItQTJ2jSDzt%2BzWSTzE%2FEDTW5QGc4d%2FbdG5iPVWJ3ytncC5OpU3y8gd7RPgmwf3XzkZ3E6kbXGFvZA6Cqe1giUkRqzJL9s0Mq%2FZHTEpktPSfjSzkw6YITmhaPopVb3Vz43FmvDbsDNaiQ3i7QJ8H3T9WKf6GhgmZknbTFHCH0ECUdWZj%2F8rRObXe3nvEB68yd6Prapr5b2wFLe3aypR99ep0T9vHT1Yw515CO0pPvUVCB25FHF96FmQew2BcCeEa3%2Fvr6Zr9Dt3PLalPQLh31%2BQDZa%2BbO4UNAHP7v5WG3pwj0w7Qdq%2F9D8S1NpMH87WfkIRAbJ2or3fOmeZUC9eNJ%2Fnzf15BrZtNlnT7%2B8FbkV62T1j82Tlc%2FQ6bYsa6iPrlWG62oqhsCDleayIpdLMejXwVF5mNi1XFyJFSZKnovGq77qEDT8S55CuJgpwojgCk3hyjhAPLR5bY0XcfqFxhuYqhlDex%2BQu%2FwO5r9kz1%2ByxhIub3ximQ8v8QH%2BScX%2Fr3vkJkrMVnY%2BYrFBNoG3FDbkcCo%2FzXEI%2B9%2F9pwn%2BITkR8Dx%2BkUvCHwWeMdCpxE3CHD8al6968on%2FeonMDI4pUhFEBL9PNsrieL9Zdr7948djmkEIlBbXc6ioS6nHkdVaBIhUTwj%2Fvb%2F9vzjRscyOt1hSuSyHDmH4MpnZBoNYD5biWapro%2FxYu5Pz0q%2Fp8OlwLNi81iaD8qvfLHMF7vGFZAkCdQlnMtOzQ4AbAMHyxNDUVU0pJZCuzSmySLUEydo0g87%2FG2IFdSkrvW2AV4pUTM6uxuYj1Vid8rZESS5qlgn6IBz2cl%2FzmsFObhHxaxq33Ia3sJ9vJYxu0NCjrKtmbHo8JGdxOpG1xhbBS0kBvjniXfcXCQ6%2F44gRcEZv0Qei%2FNycBeNKW%2FjZAa1KfMzodG8v%2F8QBSXtJP%2FU0hjlYWX7gUAO532eLf3wsXwgaSl4vDd72IjeOugj5Dq2Xjvd7ZWBLQauWMcJhBzQiv%2BAW4irR0Jx9nVnEDSNBW2Q2Re9qWTOlxhFpOzfrohP64GIP4AptUkwksh2uTS3d7ee8QHrzJ3QIszgygWL5NGmCTwyHUU0Kj02p6jLN%2Fe7zoKsGi8InxyL4i2WOnm8T8KNq9rwf7GUNHgqlWCJeCE7rjB3eHS349v%2Bv%2B7t4iyZAm252ykaKRMZukpz8peZI2HT3Ju7xkuMEbGLfDSJv7hkqbM2aruXznxB8YALIgjPZmFrO%2FZBDPiPipkD9wz8g60N%2Fnzl%2BHCmmSRljX5fCkuCTqNxBi1OHRGcJ2uTpecTG3RlqhQYYuepU6s3CAzTSLaU7eGrfx384encwe6MVqn69ZzHtliTPCsh18EpVIVoaKNAkoutODcMU6L56bqRlgoBorl%2FddLQn1XfMTSqdAt%2F78Z9%2BTPInkbCg8aV1F40da9aHAbnhW7slstNRF0fWZKJ5WZHrHmwVVQc2FCPX9v5oyUCjODtJ9xRLvmv4abqtDEy%2BOSm6FxiUkvoD7So5Af4JizsCja8IMICLwrGGVU1cYtJCqGn0txEOcBFLREJADyLVGvFe78axUCgZUEvdI2847tXm6Vhff%2BosZS5xBX%2Bsns6aHi2ZdenN6Hq9dr0dAwPWyA1aQIyemQw3JBj00dVH5nNVtOWe5YW%2BXJU%2FZ%2Bdp1jX2yOTSrwYRU2oXEvhDKrpIJlPQlH%2BRQe%2BS7Xby7O3EfXvi3wTG3RlqhQYYsj3MLRzeigNnhMfMxYZL3C7zoKsGi8In3mOwe7tRJUz9Zk3DYE6bh4MhkEU3PLTFX1IP1MzbUnu1gO5oAf4JRJtWoGo%2B92wRP5MutgcygbF6IPDZUSFWjp1x9lZsQlzSw%3D%3D&mm_sceneid=1_0_9889426867_0&a=xxc%3Dad_ztc%26mi_id%3D0000Am_Ev6fzohmFW2S9DrbzAqEk7FtsE-cgU_MhEb3Vp1E%26skuId%3D6194547682822&id=1018468177008
721244764575,全家福蓝胖子大雄胖虎搪胶手办模型技安虎妹作家叮当摆件儿童玩具,49,¥,券后价,xiaogang820,第一国际动漫联盟潮玩二次元,17年老店,46人付款,广东 广州," 3期, 店铺满79减3, 淘金币已抵0.98元, 退货宝, 48小时内发, 包邮, 公益宝贝",出售状态:现货 | 材质:搪胶 | 适用年龄:6周岁以上 | 适用年龄（新版）:6岁及以上 | 比例:1/9 | 款式:关节可动,https://g-search1.alicdn.com/img/bao/uploaded/i4/i2/44778095/O1CN01HYRZKk29fZBkWiRrb_!!44778095.jpg,//item.taobao.com/item.htm?id=721244764575&ns=1&abbucket=10&xxc=taobaoSearch&mi_id=0000BnlO57pbiKia3-1sCX_dmaHg7selxU-twSGgg8C375c&skuId=5079198300779
,,,,,,,,,,,,,
,,,,,,,,,,,,,
698927064055,蓓臣婴儿玩具车卡通软胶小汽车搪胶惯性0-3岁宝宝2儿童1男孩6女孩,99.8,¥,券后价,babakids蓓臣专卖店,Babakids蓓臣专卖店,12年老店,94人付款,广东 汕头,"官方立减12%,  3期, 退货宝, 包邮",适用年龄:0-3岁 | 玩具类型:塑胶玩具 | 外观造型:动物,https://g-search2.alicdn.com/img/bao/uploaded/i4/i2/1587581071/O1CN019BQQ1N1JmYzonZId1_!!0-item_pic.jpg,//detail.tmall.com/item.htm?id=698927064055&ns=1&abbucket=10&xxc=taobaoSearch&mi_id=0000HusXmOin4FJ2O4Sw4SKQ19KENvwNW1FDfBSkD01d5_s&skuId=4941188604063
1012400690669,【田嘉瑞专属】范趣町卡萝Calor天使厨房盲盒手办新年礼物玩具,79,¥,,范趣町旗舰店,范趣町旗舰店,回头客1万,300+人付款,广东 深圳,包邮,款式类型:隐藏款 | 出售状态:现货 | 品牌:范趣町,https://g-search1.alicdn.com/img/bao/uploaded/i4/i1/2220257526978/O1CN01FZIgvd21PyruOUxHi_!!4611686018427380930-0-item_pic.jpg,//detail.tmall.com/item.htm?id=1012400690669&ns=1&abbucket=10&xxc=taobaoSearch&mi_id=0000-5Cgk-Qlb-xt3w28RHTOU_q_9II_hV9CrYC8f7KVtGg&skuId=6015246848316
919518623103,盲盒公仔手办定制搪胶毛绒娃娃萌粒摆件潮玩公仔创意定做树脂公仔,28.8,¥,,1501443ljr,PANYOO TOY,,44人付款,广东 广州,"退货宝, 包邮",,http://g.search.alicdn.com/img/O1CN01TKaq6J1Ml8ueeOW84_!!2710261474.png,http://click.simba.taobao.com/cc_im?p=%CC%C2%BD%BA%CD%E6%BE%DF&s=674554542&k=2393&e=uudW8TU5RlwEPEH2zFIOw3PPnbsmgO1%2FubOcFP3KYTILMnR8QIMJRX%2F8XqpiKZXCo7mPciIz5WTamiz7DvA%2BB7NLXRU4I0HNOOOAajBx5h09%2FlmIXc3vQrofr9RNnxTvc%2BZRi46JMSvc3YOcVhhWOC1IAp1t%2BfK%2BBQWi9%2BwCdSbADpe%2BwNxYmMIFrzZFF1mxMZZod1u0M5zOtK%2FKubm8be51VqsDMj%2Bo0KkZ4FMOEA%2FK7Ke0wl1c4csEHKvCR0eNuw1w39qnwHQW7XrYbK80XwGx%2FJRNyo%2B3U%2FSdBmkpfIbtDbsQMt9rnsf2%2F1h2x2tG%2F7zxq35uhcrGqH6b0rggfu2YCkMxYEbuiS0b7s%2BbLgl6nXsnmYrH%2BuF9E0IyhbW4TAHm%2BKMcephnZl4B15wZeSple1TIHhlxUyT152meJIQ9tJlrZKX25kh7YQoT%2BeAE08YlPYCh2YvSej0lzYXRECl%2Br%2BY5zKFcdT9SDpWnWbteOO7SKSsY%2FWp3RQuuixzzXJVUfAPYEH8WfXbr4aklO6THZiG7BDGCZilxyonUJbSofQvsa6Nkfn2bKR848XMhEz8iDM6ezTXLMtfFckHu%2F0vEtwgT3xQ3mx05yavICsd%2BGEFL1Wy3uB5feZilN%2BoI6NTMRAN69jKRlsA2RDfgjwcDnXBhzVSyxcoL2Ca1bxBlHV9OLzjpFjnsWLWcmaeEPPXCCC%2B86qbJL3D%2FenNics3WwjVz8O4%2BMfPQGJNiKWlzP%2BLMamzzWmYpccqJ1CW04aUZEs3vtQGPekOh%2FLeReMerr02mlhhtGFwCaM1j84h1maswCH1WXXKNjQKN0N0ai1SyLlZrPPtJR9uL%2Bhuq1L4JhP982hA6r5BPTqeikbOFRYKUb%2BIC2oDKNgYKdfwzqwU9qTqIkKASqLuWkKTNDPLxNmJuTkmRHQNCS0K1DMvLPQgMuwQ2srk3Ba76BvVEU8aJ6jqQV0xL1eELhWF0cfbd1KxHfoRK1R3Kow4uzTFKabgbBo3wFKWdk%2ByLjQgSl1w2UQkaH9hQfhG72OrLw7E9%2B%2Bd8hGBekgLVQUmakKsf50fWPPpbKsJrqhdXleWJ9LOy3bWeCiWvr4iObSJJr52NuUl832%2BdIpp6rPxeQLHCEj4robKImgD3dolKGDBhJ1TrRusnkFL60RgaQ1aqwTIvVSuSsw1v%2BF4ibkrlGDIjIxPs%2F17WJ%2BP%2FVzYzfbzmqAOseXhgZVRIuMQLL1d%2FPkMlgPWiHPjHrg7LYqrrbrJE0wZeCyw23GIeslrkAsu0nwMOgbMTo1liYLPAfvUtrLJX2hoBMRTOdUfDVNaOJrnQpwiohl%2Bh5X7biT5QR12uVdqOSRJPPRtRNyIRrbigH4OKfqeTooR07Oodb8fY9m2P7ZHhZvaqHr9IVEjmj%2B18lHqd9S0f%2Bx6%2FsKNUWqx4qrwTqLv3UdwtBUD%2FD7jawdFIREDxptewetxji5Pepbjz6g2zS8oZGovJWyTCouc%2BJ08SMcW2qF6erBDTe3cZL6Ua7x9pNiPo3uOGj3T%2FI9uHhkj%2F3fCZ2I8FEntO8MNxmLHQyGdWLVD%2FzlBtrlDsCnjy1eL86rIv%2F2pGypppC9RvFIkxhFr8im3P5c7XYHuJaomaLt3I%2Bq%2BpYbqWCwA9pYNsr%2BaldVJ96KnP97y%2FgBGViZou3cj6r6kcKh7yprq5QzViuU%2FJUcsGfBORLlQfcAq5AvdjPOkZD%2BUg0J2aIj9LdGJwGjDHidKF%2F7mzNXbqnvbKkrPromb14Npihno4ld%2F3XI1%2B1eLtjgcNdm%2BFNcH2KnN5zlkWpB1hFRpCrvlpSrMMuY7J19MEUpL%2FLcyGV2TLPQgMuwQ2smgRTL3tUU8K321gZfRQdUzc%2BU0fw9Df3GjY8QKls%2BE9AGY3WurRfBBVCGKSTPWe0BxTORg4B%2FPb%2F2KB4bSaP4%2FVYWoMSXlOKj91nrKdQheDGg%2Brgy7RQIr1%2FJkaFNawiWkXNfScbdfQJWAiHLhD4y3PYFgMz2cUcEY2eGafoSiyOGN4lcutp5LmVQIoN%2BRumzaiQtdVNcyTd99CFOBIKv7zrgRXjd4Ul97CfbyWMbtD8%2FjfPBFCd5Ij4l%2Fzlf%2BJhT%2BC6STqhs83o670%2BajeiLblQ3PnCB3AgHKNjQKN0N0ai1SyLlZrPPtJR9uL%2Bhuq1L4JhP982hA6r5BPTqeikbOFRYKUb%2BIC2oDKNgYKdfwzqwU9qTqIkKASqLuWkKTNDPLxNmJuTkmRHQNCS0K1DMvLPQgMuwQ2ss3gGu8pHvhHmLuOD67AfV9TxonqOpBXTEvV4QuFYXRxfXj1lLQmlniawgG%2FQleBPeTWYNMWA1UdxJiLosYPOUhtWoGo%2B92wRP5MutgcygbF6IPDZUSFWjp1x9lZsQlzSw%3D%3D&mm_sceneid=1_0_6433046716_0&a=xxc%3Dad_ztc%26mi_id%3D0000zB1YN5qvfl3jfmK38uutYK8BvbPMFbk_R7VBQ6dfpaw%26skuId%3D5985209232935&id=919518623103
1015655950268,西班牙正版土豆娃娃mia玩偶米亚24cm裸娃公仔德夫手工可动女玩具6,19.8,¥,,异界旗舰店,异界旗舰店,9年老店,17人付款,广东 揭阳,"48小时内发, 包邮",玩具类型:普通娃娃 | 材质:搪胶 | 适用年龄:8岁 | 适用性别:通用 | 产地:中国,https://g-search2.alicdn.com/img/bao/uploaded/i4/i4/3079472401/O1CN017rVq141Tbi4di6vjd_!!4611686018427381009-0-item_pic.jpg,//detail.tmall.com/item.htm?id=1015655950268&ns=1&abbucket=10&xxc=taobaoSearch&mi_id=0000_JlUCTlQYQLdbVH5DfZ2CfhrBVN9wmgxHGGhXZ7Y5nA&skuId=6023763061141
958373074314,搪胶动物玩具车软胶可啃咬耐摔迷你小汽车可咬软硅胶回力车四件套,14.8,¥,券后价,贝婴嘉,就是Pizza,,67人付款,广东 汕头,"官方立减12%, 包邮",适用年龄:2岁 | 玩具类型:塑胶玩具 | 外观造型:动物,https://g-search3.alicdn.com/img/bao/uploaded/i4/i4/3251225788/O1CN010uvwht1scxSoVwT9w_!!3251225788.jpg,//item.taobao.com/item.htm?id=958373074314&ns=1&abbucket=10&xxc=taobaoSearch&mi_id=0000CBnFN33Z9BGDO1B7IjHXwh9ydNCVaCNdUMICe3ZgYYo&skuId=5737488557263
891489798927,卡通动漫龙猫摆件玩具公仔搪胶汽车摆件家居蛋糕烘焙装饰用品盒装,19,¥,券后价,lougou欧铂鑫垚专卖店,lougou欧铂鑫垚专卖店,6年老店,100+人付款,广东 广州,"淘金币已抵0.95元, 退货宝, 包邮",,https://g-search2.alicdn.com/img/bao/uploaded/i4/i2/2206426421812/O1CN01GBW6jN1PFwhuE7vdL_!!4611686018427386420-0-item_pic.jpg,//detail.tmall.com/item.htm?id=891489798927&ns=1&abbucket=10&xxc=taobaoSearch&mi_id=0000JdZMECxQzuwsJB1jzPkBK0Qf5IMua5Q7TLAHWI1rQf4&skuId=5739765493721
873525079807,灵动创想蜡笔小新Q萌动物毛绒盲盒搪胶公仔玩偶摆件女生生日礼物,69,¥,,tb543099372,智慧星正品玩具店,6年老店,300+人付款,广东 中山,"24小时内发, 退货宝, 包邮",款式类型:隐藏款 | 出售状态:现货 | ACG作品名:蜡笔小新 | 系列类型:联名系列 | 品牌:LDCX/灵动创想,https://g-search3.alicdn.com/img/bao/uploaded/i4/i4/2206758422741/O1CN01JHeH5f1W7Qdwl3sHF_!!2206758422741.jpg,//item.taobao.com/item.htm?id=873525079807&ns=1&abbucket=10&xxc=taobaoSearch&mi_id=00001gozVUDaLBCM0aW_aQNglrQtIocyZs2ntojO38YZEFI&skuId=5708472632596
1000985223340,米塔集 Zoraa绒绒小屋搪胶毛绒系列盲盒搪胶毛绒娃娃潮流盲盒挂件,53.95,¥,首单价,米塔集旗舰店,米塔集旗舰店,,38人付款,广东 东莞,"官方立减12%, 直降5元,  12期, 淘金币已抵4.15元, 退货宝, 包邮, 公益宝贝",单款概率:1/72 | 款式类型:隐藏款 | 出售状态:现货 | ACG作品名:DC漫画系列 | 系列类型:联名系列 | 品牌:米塔集,https://img.alicdn.com/bao/uploaded/i2/2221307777280/O1CN01ZFJ1mY23eITADX929_!!2221307777280.jpg,http://click.simba.taobao.com/cc_im?p=%CC%C2%BD%BA%CD%E6%BE%DF&s=674554542&k=2509&e=1Sy2VClE7SQEPEH2zFIOw3PPnbsmgO1%2FubOcFP3KYTILMnR8QIMJRX%2F8XqpiKZXCo7mPciIz5WSAz49pV7yk2P2yYThm%2B%2FUg0dpicnPSvfc9%2FlmIXc3vQrofr9RNnxTvc%2BZRi46JMSvc3YOcVhhWOC1IAp1t%2BfK%2BBQWi9%2BwCdSbADpe%2BwNxYmMIFrzZFF1mxMZZod1u0M5zOtK%2FKubm8be51VqsDMj%2Bo0KkZ4FMOEA%2FK7Ke0wl1c4csEHKvCR0eNuw1w39qnwHQW7XrYbK80XwGx%2FJRNyo%2B3U%2FSdBmkpfIbtDbsQMt9rnsf2%2F1h2x2tG%2F7zxq35uhcrGqH6b0rggfu2YCkMxYEbuiS0b7s%2BbLgl6nXsnmYrH%2BuF9E0IyhbW4TAHm%2BKMcephnZl4B15wZeSple1TIHhlxUyT152meJIQ9tJlrZKX25kh7YQoT%2BeAE08YlPYCh2YvTrsKm5VIg%2BwD4VycU0nvcU9Q6CHhNK%2FEoJL1z8oh6dWp3RQuuixzzXJVUfAPYEH8WfXbr4aklO92PJEks2WZk%2BsoSOy3AU7p6j7Xe09e9%2FyepD9EIZ1WX35pWbI%2BXxuf2IQ3dy1hJ5HamTis0X5bwn2uq3s0q1absDa4k2hoigH1pWuCN7OAbWSDklYg%2FLJkSM4l8XmynnvJAVUrLSViMVuMUakXiaWdw%2FLRksCF43RaPopVb3Vz43FmvDbsDNaiQ3i7QJ8H3T9WKf6GhgmZknbTFHCH0ECUdWZj%2F8rRObQkS0X24EEhybt0Kb8Vd2DgvAnO1KbsO020Za7jeBQRyyNCPy4fzgXKbXc38b%2BXJ19ePC8dnw5DFLvYhUPN2k4jI0I%2FLh%2FOBci7Wnu5YQQKjSNjvurm1BIx%2BBtUBFjX85vNHNzfM3o7obaAWWVmw7esKzT9br03RJnVrccW5DMNAn52nWNfbI5NKvBhFTahcS%2FO%2BJo8uOV9avVys1ZPHctyq%2F6y8vp7NsUmwAT82Ck2AUwb%2FLitj%2BIIuyy1iFOPqaw0ILwOZsnOe84btzt1IrqeNigt%2F0dlPj%2FkW4UOQBD1uGtORczuzA01y6RoT2HiBWSyoYxG4ISPq6wtu9UpOXswRWlt%2FA99Q0YQUjA0BDYwiARDTaYV982WtJO7DYYl4IKWXqFrGoH4P1DCqaoZl0pJnpC7HUn%2Bo8idVO4hqfxKYuwTGpTcrpZa7JnmhIk4UxX%2FAbAq8wlGkidOoeih%2FLMK2HcEs9qdpiDWFvBqynn0TdodkVQCujUZSfn11n%2FHxUiAHQtqgtDS%2FotSnvTj5o3qMMBUfCw%2B8SPZIr%2B8eP51VyLMS4pd1DRdUiRw2COz9gQezR7H3Cegw1CWcy07NDgCfziilv5ORApRWaYiyHmYF35pWbI%2BXxudJCpfd3pdsgfcMNG6fZxAin2uq3s0q1abJ0MvdAAGQvyvI%2B3GyXuKPT5C4wR8bVZMHIy1kVft0VcEp1j5tITQf%2BCv9SXYn%2FgCysYzZD%2Fn0zfRMc7P979Pcf1%2BmaSrGOWtYk%2FmCHttO4FbjFGpF4mlnqM5tOkknqTNFozAuMeHTTIz3%2BH4tCIysB5z1mSkhPtSSLROOsEUEBpkccqknPguybbHTsxGuEd9UZYE6V3NEHuYQeXFSIqxYplCzxdsGjgHiGOzjUB8ntXySGfQHZWwYziqHARtve%2FU1xo1T2yEGdV%2BiU%2Bmq82x8lsRBttBvoOC6kFjzGbdvlfDPoKoLx2cZTTD2GZujnPpT6EfIg34w8AkS0X24EEhyd8VD5DocVhi6H6%2FUTZ8U7y5FK9ZBSyD%2FR7luon7oIJn7IaEuJl9UF%2FB%2FlnEaQtuAv%2FdW4hSYTihPwwX6nt6mwYYko33bsY8tuWG7TJkCyXzIWmv5NYsIy9OLMeHEN2taGQZmXRM3VC%2Fi3hq%2BTxQv3nXaQDLjAKc2Uf5FB75LtduqbPy%2FMCgC4myi8vDClhnpUs5jGvQyGF%2BCiKT2URdig6TBqKMXYDaBXoashKqMK3rNGAaKjjpFfGeOsoof5npGnlJj%2FgLnJeDUORW%2FhIKCpSRpQZuIkdC%2BtYRlT4s6iE%2BguIhlSH5DG2T9ymYGmxY9Hlki32VgwCBdJAe5MNu8Vd07kHi6yYY%2FS%2FyMJBFEDeYxJ%2Bv9YukK2Wx5ndbsv6L5CdwQLIBKqvsvAnO1KbsO015x5l0LavifyNCPy4fzgXLS7PonIzOoPyKd0%2FGliYVKuJWeDth0ayxSm3BjWBXAjgxyl5sTXPXYZ4yW2e1qYVaS8%2BqBAZB3EmF4Q5G%2FsugZlzbzig4mEPt5NTtCWAGb%2Bt3mmu6CqQRZj4bkaOOqWkAtly4B%2BaTkMi1NpMH87WfkOk%2FnHyY2aVG7crRdKdf2PL6DmsgO0F6qExt0ZaoUGGJWznShOmZCHBuxLYJdLBe65aA29rC3Y6MzCr6rSKCnoz803s8a4rYJWmuUGst4XcZ%2BwFKk4E5f7sL64EXJCYsabVqBqPvdsET%2BTLrYHMoGxeiDw2VEhVo6dcfZWbEJc0s%3D&mm_sceneid=2_0_9788969538_0&a=xxc%3Dad_ztc%26mi_id%3D0000wzwfgJ3J7dwaybwcdzrk_vftIQiLBBbvKjoAeGBapB4%26skuId%3D6156131446174&id=1000985223340
656492652102,儿童洗澡宝宝戏水捏叫小黄鸭婴儿浴室玩具搪胶公仔奶茶店网商赠品,6.9,¥,券后价,快乐妙精灵,经典玩具小黄鸭,9年老店,300+人付款,广东 汕头,"淘金币已抵0.13元, 包邮",类型:捏捏叫戏水玩具 | 适用年龄:5岁 | 材质:胶制 | 产地:中国大陆 | 适用性别:男女通用,https://g-search2.alicdn.com/img/bao/uploaded/i4/i4/1134384593/O1CN01at77uf1jndqBWxlHb_!!1134384593.jpg,//item.taobao.com/item.htm?id=656492652102&ns=1&abbucket=10&xxc=taobaoSearch&mi_id=0000fkiw4D1V9R6TV4wk75I6BNZP8daJUYP8id1eLyb3Dz4&skuId=4916881459858
909276364469,POPMART泡泡玛特LABUBU马卡龙3.0前方高能系列搪胶毛绒盲盒挂件,22,¥,券后价,卢什大可乐,XLL TOY大号玩具,回头客3万,1万+人付款,广东 广州,"48小时内发, 包邮, 公益宝贝",款式类型:隐藏款 | 出售状态:现货 | 系列类型:联名系列 | 品牌:POP MART/泡泡玛特,https://g-search2.alicdn.com/img/bao/uploaded/i4/i4/854130513/O1CN01ZAzyjm1Ff0IZa7NrD_!!854130513.jpg,//item.taobao.com/item.htm?id=909276364469&ns=1&abbucket=10&xxc=taobaoSearch&mi_id=0000rPDwX_SIYm-2lkej_eIhQM9k1E2-8jIIutjAHsie51Q&skuId=6007908701038
946216436577,POPMART泡泡玛特PUCKY毕奇敲敲木鱼系列搪胶毛绒盲盒潮玩包挂礼物,15,¥,首单价,威威小伟,小公主盲盒商城,回头客6万,500+人付款,广东 佛山,"直降2元, 店铺满500减5, 48小时内发, 包邮, 酷动城",出售状态:现货 | 系列类型:联名系列 | 品牌:POP MART/泡泡玛特,https://gw.alicdn.com/imgextra/O1CN01SwFWDc1TBbV46b3j9_!!611722344-0-picasso.jpg,//item.taobao.com/item.htm?id=946216436577&ns=1&abbucket=10&xxc=taobaoSearch&mi_id=0000k8cv9lpTadm2K2KWIzGj1IGGv1eYpCpvYkx5xIKCOhY&skuId=6017365479537
1017768680347,TOPTOY FOFO森林守护者系列盲盒搪胶毛绒公仔挂件潮玩生日礼物,99,¥,,toptoy旗舰店,TOPTOY旗舰店,回头客9万,34人付款,广东 广州,"退货宝, 包邮",单款概率:1/6 | 款式类型:隐藏款 | 出售状态:现货 | 品牌:TOPTOY（玩具）,http://g.search.alicdn.com/img/O1CN01mK9Sy02HzjdlEzAjL_!!4611686018427382038-0-item_pic.jpg,http://click.simba.taobao.com/cc_im?p=%CC%C2%BD%BA%CD%E6%BE%DF&s=674554542&k=2381&e=eJJIXNQO3FsEPEH2zFIOw3PPnbsmgO1%2FubOcFP3KYTILMnR8QIMJRX%2F8XqpiKZXCo7mPciIz5WRPQ4FO%2Fl5LHUv9kNWDU2W%2FmTOCNUIJU5Urjo1Jcwnp77ofr9RNnxTvc%2BZRi46JMSvc3YOcVhhWOC1IAp1t%2BfK%2BBQWi9%2BwCdSbADpe%2BwNxYmMIFrzZFF1mxMZZod1u0M5zOtK%2FKubm8be51VqsDMj%2Bo0KkZ4FMOEA%2FK7Ke0wl1c4csEHKvCR0eNuw1w39qnwHQW7XrYbK80XwGx%2FJRNyo%2B3U%2FSdBmkpfIbtDbsQMt9rnsf2%2F1h2x2tG%2F7zxq35uhcrGqH6b0rggfu2YCkMxYEbuiS0b7s%2BbLgl6nXsnmYrH%2BuF9E0IyhbW4TAHm%2BKMcephnZl4B15wZeSple1TIHhlxUyT152meJIQ9tJlrZKX25kh7YQoT%2BeAE08YlPYCh2Yukm7XD5l0J3r5fBcdP4QGGLF%2FbSXMoVl%2BJK7ieqiIucl8i5qHSUU2KVo1bf9VXYNSgWrlC2C9%2Fe3Ow40DDkS4DRhFEgLDjsMycUVIUkAHOEh1I77EOaPbw9b%2F74ifvV52Jd4tZ0JxiKCHV1aRJBIYcRZXI%2Fylp7BvXPslrd0nIzDh1usFTNZXsOgYNrkM0sv3zB%2Fjois4JW2x3QeqCNWItpjKp2%2FpzN1aahSWqy8dEjFM%2FhJQCZRYxVRk1faEU5NLOW03LnspzYShCgTUz%2Fp8wUGwVJeXsP4zOkJEfycANn9Ewgib%2F78M46OIi9unl%2Fs46trDMJJkXhGZ0NalJQA0UkmnaypDWY8KqKoZArt6wMuPXw1%2FEiA7WOA7vJbAUbXtbwRWFK2BAo6Rnz3ClY4hjzkBvzkhEVwnPiOHTMHgeL%2FLPPoQGSRGW9mJW9dsiCRcSzjlLXq9zfwDqNQr2uVEEo6xTkMOxLjZFz%2FAX6c74We0f9XjgnJbi9WmR7WGk4mEFbC9LUEt1%2BA0ILwOZsnOeOui0ddZ7%2B%2FkinuNC6jdBbR2SgJjtEPg7UghlGi576KeJ7ulSa15JpZRaqUqAy96Sndbrhy6mv%2FIRWlt%2FA99Q0YQUjA0BDYwilttuWDkMU2ytJO7DYYl4IKWXqFrGoH4P1DCqaoZl0pJnpC7HUn%2Bo8idVO4hqfxKYuwTGpTcrpZa7JnmhIk4UxX%2FAbAq8wlGkidOoeih%2FLMK2HcEs9qdpiK44k78Bepe3zGxzUoGybkFSfn11n%2FHxUpW1jpxsDgFNotSnvTj5o3qMMBUfCw%2B8SJnSZ3MCVfBMyLMS4pd1DRfxw7R4YVm88Iq%2BLketmh%2BTOgYNrkM0sv3zB%2Fjois4JW2x3QeqCNWItpjKp2%2FpzN1aahSWqy8dEjFM%2FhJQCZRYxdwX029JEO0tJIH8f6nx%2FPO%2FQqN0VDlvRDLBaMNG20e11UehwwG99Jb4qURaZPlepVMBJsSqDNJy4KUl79szOKqolvCdhjdIEGSSCGneHPAzkdRwxKomW36Czs2acjXzxDbuZpyJbzgRquWBKydjOFRvJ6ILA1lO03sDoxKP%2Ba1Rm%2FidxUL1paAjGK7svEkTDMjnlts2o2tfbwb70O5mTxnqYjktl6FK5%2F0taZtLzJ816HPGoqt2obyjhnVFzda34UVG6mkU%2FbmHzf4RyCgY010a75gHu2%2BH%2B87CNp0y157ffKiM38RcYVDRm2lEIJR%2F8utgUJnTxLHIj3CmuNLD1sapKQAuo6Ddyag9QR9%2BtSkM2NV%2FCj9Hhg3SYcgKPTEnZvqaRwBJihpPOlFWDhMrG3J5U7mQ9GYoyBw12b4U1wfaL3AuejiWVNlNUrH20VRXC7dFDDUBB%2FDGnOnOecNENRvFXmTwmWEhRuE2Yf7mRA3F%2F7gmiQG28S7Hz3cjCieyTBw12b4U1wfZaINcylUoSiEnap4wEPRMbPyEQbZsvDmwLf%2B%2FGffkzyP9igeG0mj%2BP2d3l5le5iu2xR99g3aZ%2Bg9ZvOTD064WB6QeJL7Hb8XnqDO5bZwwf1O3QuHMiKJoMMeagtC9mhtESeHk5BuxpV2vsnoHtF6uiRc6ZziKc28oq2dzoDjyVGF2vKbJ9CIb%2FrZVeITTFegOZ0ws0JehuOwN6zr8%2FmAx9eoQvJ7gW7OfN6Tv43sbfcUtGG62dmAqTXNzn%2FJjLaJERZO44Nc7fWA6Zz56KXRtdThPNMwTjC6LGkrhcRfaW3w6573UA%2BuBsEl1w%2BLbLckab%2BZGfpBVHZhJOeJOlc37VfXjkBgqnj9Qv%2F9MYaqMisEk6l0f5TFYGUNvuqcU0FLm4Kz8SIlBOTG9T%2B3rEeN9PHiCJRt8%2FLWEVwzP9KFKkvUmgcEZkhkTowGVvrQorHsrqDbNLyhkai8lbJMKi5z4n%2Bo5A9zbzbEU%3D&mm_sceneid=1_0_1804450133_0&a=xxc%3Dad_ztc%26mi_id%3D0000MGfp9I_TBcfpLX0FvUkt8dDyZm7bMPJmZdvLvwTW184%26skuId%3D6189948155894&id=1017768680347
926192829869,POPMART泡泡玛特LABUBU THE MONSTERS心底密码系列搪胶毛绒盲盒,78.91,¥,券后价,卢什大可乐,XLL TOY大号玩具,回头客3万,3000+人付款,广东 广州,"48小时内发, 包邮, 酷动城",款式类型:隐藏款 | 出售状态:现货 | 系列类型:联名系列 | 品牌:POP MART/泡泡玛特,https://g-search3.alicdn.com/img/bao/uploaded/i4/i2/854130513/O1CN018ubcHJ1Ff0IX71reK_!!854130513.jpg,//item.taobao.com/item.htm?id=926192829869&ns=1&abbucket=10&xxc=taobaoSearch&mi_id=0000mrErDlU1avMmRvTPRTKT-oE_WgbQqZ5oipL6R7f6diQ&skuId=6012934020223
726752642812,泡泡玛特盲盒手办定制公仔树脂搪胶注塑玩具企业IP手办来图制作,8,¥,,奇葩小一朵,星链动漫手办厂,,48人付款,广东 中山,,,https://g-search3.alicdn.com/img/bao/uploaded/i4/i2/1127036132/O1CN01CiVtb11vAVWsbqriy_!!1127036132.jpg,//item.taobao.com/item.htm?id=726752642812&ns=1&abbucket=10&xxc=taobaoSearch&mi_id=0000zHvsw3esVefG8x_bHoZLzphmCMJh7XJG-aOay2jbbbc&skuId=5212043658769
,,,,,,,,,,,,,
839313919655,恐龙手指套玩偶搪胶亲子互动玩具婴儿童宝宝洗澡戏水指尖动物公仔,23.6,¥,券后价,树荫下的我与你,彼爱多玩具品牌店,16年老店,78人付款,浙江 台州,"官方立减12%, 退货宝, 包邮",玩偶种类:手指玩偶 | 适用年龄:18个月 | 玩具类型:塑胶玩具 | 适用性别:男女通用 | 产地:中国大陆,https://g-search2.alicdn.com/img/bao/uploaded/i4/i3/162846269/O1CN01gw9wWN1wBG06bCzVW_!!162846269.jpg,//item.taobao.com/item.htm?id=839313919655&ns=1&abbucket=10&xxc=taobaoSearch&mi_id=0000FdBF3xYubjTcBBER36IWM50nGRVTuSnqx16MLpBm4yE&skuId=5604829673858
996393328848,正版捕兽记坏小孩Kippo叛乐园盲盒毛绒玩偶搪胶公仔摆件生日礼物,58,¥,券后价,tb503915810930,福利潮玩店,,100+人付款,江西 吉安," 3期, 淘金币已抵1.7元, 48小时内发, 包邮",款式类型:隐藏款 | 出售状态:现货 | 品牌:AYOR,https://g-search1.alicdn.com/img/bao/uploaded/i4/i1/2220241304775/O1CN01a46HpY1l90JsJURSb_!!2220241304775.jpg,//item.taobao.com/item.htm?id=996393328848&ns=1&abbucket=10&xxc=taobaoSearch&mi_id=0000RtN7tuyA4dcRUNLB5gVsw0jOY5WzBVaCrs7NMMLvdtQ&skuId=5975252365454
958957857177,原谷动漫人鱼陷落甜梦时刻搪胶毛绒潮玩盲盒可爱玩偶女生公仔礼物,69,¥,券后价,tb458342223734,原谷动漫,,31人付款,浙江 丽水,"超级立减12%,  6期, 48小时内发, 包邮",款式类型:端盒 | 出售状态:现货 | 系列类型:联名系列,http://g.search3.alicdn.com/img/i3/7238045350/O1CN01V0bXh31pOM4Yokxa1_!!4611686018427383462-0-saturn_solar.jpg,http://click.simba.taobao.com/cc_im?p=%CC%C2%BD%BA%CD%E6%BE%DF&s=674554542&k=2401&e=0FT1xlRC0DcEPEH2zFIOw3PPnbsmgO1%2FubOcFP3KYTILMnR8QIMJRX%2F8XqpiKZXCo7mPciIz5WQg9rMyEYLyVUfeZK3NWzczLHrbMkPG0MQrjo1Jcwnp77ofr9RNnxTvc%2BZRi46JMSvc3YOcVhhWOC1IAp1t%2BfK%2BBQWi9%2BwCdSbADpe%2BwNxYmMIFrzZFF1mxMZZod1u0M5zOtK%2FKubm8be51VqsDMj%2Bo0KkZ4FMOEA%2FK7Ke0wl1c4csEHKvCR0eNuw1w39qnwHQW7XrYbK80XwGx%2FJRNyo%2B3U%2FSdBmkpfIbtDbsQMt9rnsf2%2F1h2x2tG%2F7zxq35uhcrGqH6b0rggfu2YCkMxYEbuiS0b7s%2BbLgl6nXsnmYrH%2BuF9E0IyhbW4TAHm%2BKMcephnZl4B15wZeSple1TIHhlxUyT152meJIQ9tJlrZKX25kh7YQoT%2BeAE08YlPYCh2YugQl2iDrksp27obzW6xM5RNQkWApmC43dMmgApmckLmWp3RQuuixzzXJVUfAPYEH8WfXbr4aklO1esPOSjmkYc3khAGtXZpdpLGP%2Bt7A7AsWC0hqHIebA%2BQ%2FpVaF%2FBcBo51PIkQZ4DDdSRilEPJ1pLveKAly27pAeBCqn6GBwIjGJox%2BooC79acswKAPuvEYCAtbyXEq8vwspZJC4k5fBMhnscH9KZ7Iv2C01qGLMfYBaPopVb3Vz4zpCRH8nADZ%2BTyQP8WrruYrANXSVOwhE0UKUMtXIVkoDc0pTfZlIyyxFrMysSMtvY%2FJUZ%2B1QvawLod5dd71uxyl1N0CLUE7PfqOrxYxrpCZ8Yo7qzPsDoDd5IepKlPbJgXKKQ3c5%2BsB%2BGpet3%2FpQlb%2FNHNzfM3o7o%2BGBXBJhZUnsKzT9br03RJpvjYf%2FRVKVkzEiesTGLL%2BTa%2FoRg0EcRkfm%2F5oVV7vQqlvv4O32MUmXgF79JYe4zGhFrMysSMtvYPjjI1N1nMmGMbTd%2F6aLNK54ZL5y6HoYIcSbNNQrAGpBeDKsLlcqnM58Gsc%2F%2Ffwcks91iFk15MaiygHW2L015%2FR43pjspY1jyKq%2FEyL4QhICRGQV2UN3y8YKy7xWvEAvoOyult8UsmXkosXc6R0DpGW59ww78WdWS%2Fj1Ii%2FY0TIvtDlbWnkWGWhwMNP8%2BXCq0gTWa6zL5b4gRojOXi26cKyn4iiW%2FI430l8kgiXZkGay85kg3M8MhUxoIKPvDHz3U52vUsVpzYvgRro1dj7UppgXvkvIsFs1s66W7DN97l63M%2F9RZUxCCkddB5ZR5zNcTq6fURcvtZk%2BOBssQLv9uYORbIoJhOO%2FCjVAlR5hRxyzIWU5Vg%2FsqNei4F5NYsh8eberrkLU%2FsP9J4MkHyRy0pAI7SvAmrcKZoclY1PN0HcSuq2GdM0ahddKbPzbv5B9kMikNTXxGhDckxWHx7jsXKEiHxXjUPpmCWWf%2B6%2BIViS4NaS2CBXHP2Fu6xlX7MJocPwha7Mr09fdW0vdV9cISa6IxOFEc8hpGAFpZyKfaPbYcmaARvJI2PgcA0JCD%2FzBTN%2BDtu5%2B8RfiXV5sBVHGRDvXugcOnr4xT9beqPJss0pUR1l9cBC4j7fzDy%2F8jZ3CdEEi1AG%2BTDtotgCi9e1vdha7QCbI73oApsI9xBwicMLqqVf5RuRV6DUJuediW3mTkWEQm4QhqPB%2BD3dzFabxak3xM5qNcW6qjLYVTKgbe%2FX8noe0hTSjfbPCHrMcY02O0GT0YdA%2BqbZwN9NKe%2Fumc7wp1XWfg02Rz%2BthQ6nLDtI3BHn7nFkAOmARHRzsHchTXmdVipEevHaofCNOEjppAPSMNQv2xC0p%2F4XHQt%2BGAnITd2Y4zhsstTsd%2BkVvdsXSbCuafB3C2pybUPnfJ6sIty%2BONGgZ4zJIrdjbsXeLpCTHztzVn%2FoxTlCo1tg1Op05N7DTMZRQvVrvUnXvU%2Bxz%2B0SfLwulEYj9S1DkVv4SCgqWn7YQqTg36fJ%2BiYzVR1NyXLQouTZRKci%2F1%2FJkaFNawiWkXNfScbdfQJWAiHLhD4y3PYFgMz2cUcEY2eGafoSiyOGN4lcutp5LmVQIoN%2BRumzaiQtdVNcyTd99CFOBIKv7zrgRXjd4Ul97CfbyWMbtD8%2FjfPBFCd5Ij4l%2Fzlf%2BJhbam3uvBl6PJJBa8Rh8bcGTlQ3PnCB3AgI53LOqBVXJ%2FfJfZLLm8AQE8EqT7HkS%2FC5bXAbgyiwukr5BPTqeikbOFRYKUb%2BIC2oDKNgYKdfwzqwU9qTqIkKCBW4jzvnu5k6r%2FrLy%2Bns2x5nrg0gnH%2BkdXQqbGMCIkXHxWV5S0MoO1XGKoscNjQarhPpC54g%2Bst3LMCgD7rxGA1%2F7JWGKrakY0xCAtZXb4z9RFGi5NoOZRKBrvQsP%2F2BmM9%2Fh%2BLQiMrDYf96zEbKvU&mm_sceneid=0_0_7238045350_0&a=xxc%3Dad_ztc%26mi_id%3D0000_0tOBwFnSicxn-BZkc7bb5kQYGIz2Ogcc9VE9sex2ww%26skuId%3D6191475523556&id=958957857177
835234802886,正版森野星漫一代幻想生物毛绒盲盒森野星漫二代搪胶毛绒玩偶礼物,69,¥,券后价,tb397362386,玩具狂欢乐园,,300+人付款,广东 广州,"店铺满11减10, 48小时内发, 包邮",款式类型:大隐藏 | 出售状态:现货 | 品牌:德必胜 | 商品状态:全新未拆封,https://g-search2.alicdn.com/img/bao/uploaded/i4/i1/2212355357465/O1CN01pZ0PTq2511cdX11Te_!!2212355357465.jpg,//item.taobao.com/item.htm?id=835234802886&ns=1&abbucket=10&xxc=taobaoSearch&mi_id=0000e9TNUZ6pQTMOYoWUbfDGn5pWRbDnW5i6GJd0RvAIkMs&skuId=6072786242105
567231224757,搪胶发声流星球 6cm宠物狗狗磨牙洁齿训犬刺球 玩具球3个装,12,¥,券后价,完美时空2013,爱嘉宠物用品商城,12年老店,100+人付款,浙江 嘉兴,"超级立减2.1元, 淘金币已抵0.24元, 48小时内发, 包邮",,https://g-search3.alicdn.com/img/bao/uploaded/i4/i1/1574581606/TB2Cn1TkER1BeNjy0FmXXb0wVXa_!!1574581606.jpg,//item.taobao.com/item.htm?id=567231224757&ns=1&abbucket=10&xxc=taobaoSearch&mi_id=0000Sy3vIeFDA3pKi8U86aae1vmnNdvoI0Q8EZSLPr-dKgc&skuId=6157868327381
1004863987130,鲨鱼王手办纳纳威X特遣队全员集结KingShark搪胶玩具成品摆件公仔,75,¥,券后价,铂品轩,铂品手办社,,9人付款,广东 汕头,"淘金币已抵2.75元, 退货宝, 包邮",出售状态:现货 | 材质:搪胶 | 适用年龄:15周岁以上,https://g-search3.alicdn.com/img/bao/uploaded/i4/i1/2294021565/O1CN01QpDVW51NQoqQnJa14_!!2294021565.jpg,//item.taobao.com/item.htm?id=1004863987130&ns=1&abbucket=10&xxc=taobaoSearch&mi_id=0000Da1T80W4f8CmIYqywE3nR-4BCKByuq0bST2F4btxcY4&skuId=6165830318816
962276953446,POPMART泡泡玛特DIMOO心动特调系列搪胶毛绒挂件潮玩手办礼物,219.9,¥,,李超越0922,TOP DOLL 俱乐部,回头客1万,2000+人付款,广东 广州,"店铺满299减3, 48小时内发, 包邮",款式类型:特别版 | 出售状态:现货 | 系列类型:联名系列 | 品牌:POP MART/泡泡玛特,http://g.search3.alicdn.com/img/i3/1392190029/O1CN011EtyQH1C5KbUgnbyB_!!4611686018427380301-0-saturn_solar.jpg,http://click.simba.taobao.com/cc_im?p=%CC%C2%BD%BA%CD%E6%BE%DF&s=674554542&k=2393&e=XvfpReeGlXgEPEH2zFIOw3PPnbsmgO1%2FubOcFP3KYTILMnR8QIMJRX%2F8XqpiKZXCo7mPciIz5WTCkaXXTWCaKXFN%2FFT2E97BPe0DzPPnqI5iYlHpDwSOvbofr9RNnxTvc%2BZRi46JMSvc3YOcVhhWOC1IAp1t%2BfK%2BBQWi9%2BwCdSbADpe%2BwNxYmMIFrzZFF1mxMZZod1u0M5zOtK%2FKubm8be51VqsDMj%2Bo0KkZ4FMOEA%2FK7Ke0wl1c4csEHKvCR0eNuw1w39qnwHQW7XrYbK80XwGx%2FJRNyo%2B3U%2FSdBmkpfIbtDbsQMt9rnsf2%2F1h2x2tG%2F7zxq35uhcrGqH6b0rggfu2YCkMxYEbuiS0b7s%2BbLgl6nXsnmYrH%2BuF9E0IyhbW4TAHm%2BKMcephnZl4B15wZeSple1TIHhlxUyT152meJIQ9tJlrZKX25kh7YQoT%2BeAE08YlPYCh2YscwJayIc41L4APeRDw6NY77ZkN57DoBtvw2xgfRBLlMkmnVQwjwQzfQC1Y1XADhWOl6j80%2FtPFhwGFkx9naZndxBr%2BJSw8dA08utZu3UN5G6WqllkU31s7wct4Jw%2Bgu5HWpIES6sTzDeHf2nyiSrId5NmuJMQc9%2B%2Ba4qHCpp32mxd3km5ETiwWFeySMq7FUbm8%2FzyPMfM32OGbrE6xF5EtAqUJCDC276VHhz9nHttDxLj4r9sDd1SSTvmWH9yWT7U89cIIL7zqpskvcP96c2JyzdbCNXPw7j4x89AYk2IpaSTveqjvwQ2%2FLrQPp%2BRdGflmdDWpSUANFBr7g1%2Bd4Ct64xxH4nTujpclt3Ydwygm7oqAK0P1iyyrrohd6HbddXWDLT7X8D3wRlF60aUaQIlQz4jh0zB4Hi%2Fyzz6EBkkRlvZiVvXbIgkXEs45S16vc38A6jUK9rlRBHjZpGX3dXv0yz0IDLsENrKomWaQiXfuDHzf15BrZtNlyG4kLSDgokcoX2cveZ8G0I7rGgmTPWChjG03f%2BmizSsCZ5ahygIJp76U3mtu%2Fc0jkocNIY7kqoTzEdX0ft7bhG%2Fsdna8xCUpsoB1ti9Nef0eN6Y7KWNY8iqvxMi%2BEISAwlX6HYa%2BAvAway3ObzPY4fe%2FIO%2FZR%2FoeRih1WatSDuM9VyG4xYXV1ssf15l%2FODUqK6rhG1dDC6TQ85cdOSCl5kaKL5OOludUgt1Ep0bpJGBXgZuK7PRbCVML%2BVjORj%2Fn9R61%2FKvdMZ5ZafREvffh3LqlhTIemUdYma67xj%2FDEi5AaUotdbim%2Bb%2FnCABxxxA6bYIxAHlWctCfhXfCHR0MqEfAc3wKaIMzVS7rJpXciqnVAAtp%2FywTTaaccYl%2BRLXZkUANzuFsWDxHUfqM8QxyRfcaUJe8Uw8hgiNTVks2CUATsAmzdeVXVDF2QIPkbj8kVTVxi0kKoafC2E8LrTmWxTX2Qy%2FX%2FPw312wnoniOYb6qoepYf7eR47fLgKOL4Vhy2PkjLJGkEH9htGuvXNZ5k%2FDLB2vx74OpIw%2B4BJedHinv4x7Vzs4Uhsmz7jGzz%2FYMGdxhZtp4bjOxWY8Tt4CUnD2TFIGO7VIN55GjWvRcLtpAPSJhqSQPJ6qP3qBG46FL0rh%2FJ0rpxfT4QSMEm0A5Nk95RiB0QfNgZpJW7NxL4BbX8TvWhopFAaKnmJAE7P%2BmRPm%2B3IY5BAtmklbs3EvgFlYK93zncqyST8KNq9rwf7GUNHgqlWCJeEJ4ic0t963jcbzq7tKemun2jNoziq5MvEwnBefFbh2QXzL3xityHzXGRjy0ztnk889mYWs79kEM%2BI%2BKmQP3DPzs1u5XEOYw%2FrCYt0yp2ElbBOlGSh%2FlVK4dEZwna5Ol5xMbdGWqFBhi56lTqzcIDNOmBTFvT%2FI7kGIfm0egzmBqKjW2DU6nTk3sNMxlFC9WuyHTHTbaQ2frb7D9dU7H5TLUORW%2FhIKCpZYKAaK5f3XSn6JjNVHU3JcOND23xuMp9xYlLZykQ2HUGnyAYj0mWLptHlFVspB2wNOrFPuKmIvo2ZzZ7FR5LcfFcsbRLsbwcwdhB1ih6B7WMa9TbTElZu3u4dsvZHVBZHNQUGlVz%2BoXbJdFVW3Re%2Ft%2BXUcDrGV4SMT1tpbHIx9urbY4crDf18%2BQbTxNfVIRc2Me0Ff63OiYSbFvIHHd%2Ffq6F98JtLSUistqU9AuHfX5ANlr5s7hQ0Ac%2Fu%2FlYbenCPTDtB2r%2F0PxLU2kwfztZ%2BQhEBsnaivd86Z5lQL140n%2BfN%2FXkGtm02WdPv7wVuRXrXjL%2FP4q5R30Uuk7wTjK3oODfXYt0ZiSBi60D6fkXRn5wiXjlYWUAA7ulAShR%2BB5%2BWiP03akbHoMnNWxvGKYrYhQbmSO%2FHKkHH1YXuwSG9aBtSnzM6HRvL%2F5Rtlp0cpjbw%3D%3D&mm_sceneid=1_0_1392190029_0&a=xxc%3Dad_ztc%26mi_id%3D000050evHCq7Q8EtK3xPW-2t7H2QcPuihHAj70WAj2KEVrg%26skuId%3D5933425116028&id=962276953446
932920967223,DUMIA森野星漫二代搪胶毛绒盲盒可动骨关节可爱女孩生日礼物玩具,69,¥,券后价,追随潮社,ICY DBS小布娃娃,13年老店,100+人付款,广东 中山,"官方立减12%, 店铺满99减5, 淘金币已抵2.07元, 退货宝, 48小时内发, 包邮",出售状态:现货 | 款式特点:关节可动 | 品牌:德必胜,https://g-search3.alicdn.com/img/bao/uploaded/i4/i4/839835785/O1CN01Fp8SAT1sbaIVudy2C_!!839835785.jpg,//item.taobao.com/item.htm?id=932920967223&ns=1&abbucket=10&xxc=taobaoSearch&mi_id=0000gDzFROD0GigkVxVcbRkkFgZA-eKjwa4gtCP4Dx6wYkU&skuId=5821556736184
981720987821,新款哭娃搪胶毛绒玩具爱丽丝潮流公仔钥匙扣背包挂饰祖国版,36.66,¥,,tb1097314272,街角毛绒玩具,,100+人付款,山西 临汾,包邮,,https://g-search3.alicdn.com/img/bao/uploaded/i4/i2/2218291886767/O1CN01cPq3Kd1zrLGumqsQL_!!2218291886767.jpg,//item.taobao.com/item.htm?id=981720987821&ns=1&abbucket=10&xxc=taobaoSearch&mi_id=0000yWrA8_AIq-DWoNmdFwTyYNKiH7Kzzu1_MuBLxd9phbc&skuId=6108925535837
920491806366,婴儿感知触感捏捏球可入口可啃咬玩具搪胶软球乐想像太空球6个套,4.6,¥,,小红鸽66,童心童趣玩具世界,12年老店,45人付款,广东 汕头,"店铺满10减1, 包邮",适用年龄:6个月 | 是否含发声配件:是 | 产地:中国大陆 | 适用性别:男女通用 | 品牌:babbykiss,https://g-search3.alicdn.com/img/bao/uploaded/i4/i1/1791062693/O1CN01NArAgH1VlROCyruU8_!!1791062693.png,//item.taobao.com/item.htm?id=920491806366&ns=1&abbucket=10&xxc=taobaoSearch&mi_id=0000JHxHf4B4ZK28I4uIZJ2gRL_N2Mx6aN7Izl-vtC922ns&skuId=4940963569237
979675796393,2025年网红奶龙存钱罐搪胶防摔存钱罐家居好物生日礼物女孩男孩,33.24,¥,券后价,小小和man,西西公主玩具店,,24人付款,北京,"淘金币已抵0.66元, 退货宝, 48小时内发, 包邮",,https://g-search3.alicdn.com/img/bao/uploaded/i4/i3/1793507420/O1CN01bXLIAx24gPtqtE17l_!!1793507420.jpg,//item.taobao.com/item.htm?id=979675796393&ns=1&abbucket=10&xxc=taobaoSearch&mi_id=0000AqLn9WY1z8o2ccva57hw8deFY8Zs6dFP8Q1MwcH7Kzk&skuId=6100724751160
962814032332,OHKU 绒绒怪棉花糖梦境系列搪胶毛绒盲盒挂件摆件新年情人节礼物,67.92,¥,券后价,ohku潮玩旗舰店,OHKU潮玩旗舰店,,36人付款,广东 东莞,"官方立减12%, 淘金币已抵1.58元, 退货宝, 包邮",款式类型:隐藏款 | 出售状态:现货 | 品牌:OHKU,http://g.search1.alicdn.com/img/i1/8005253269/O1CN01wUlEMm1a1FrMypsPA_!!4611686018427386005-0-saturn_solar.jpg,http://click.simba.taobao.com/cc_im?p=%CC%C2%BD%BA%CD%E6%BE%DF&s=674554542&k=2349&e=iGEnjGCik88EPEH2zFIOw3PPnbsmgO1%2FubOcFP3KYTILMnR8QIMJRX%2F8XqpiKZXCo7mPciIz5WSTzP3178A74jxS1pWlYPoZ5JqyE6U6Epcrjo1Jcwnp77ofr9RNnxTvc%2BZRi46JMSvc3YOcVhhWOC1IAp1t%2BfK%2BBQWi9%2BwCdSbADpe%2BwNxYmMIFrzZFF1mxMZZod1u0M5zOtK%2FKubm8be51VqsDMj%2Bo0KkZ4FMOEA%2FK7Ke0wl1c4csEHKvCR0eNuw1w39qnwHQW7XrYbK80XwGx%2FJRNyo%2B3U%2FSdBmkpfIbtDbsQMt9rnsf2%2F1h2x2tG%2F7zxq35uhcrGqH6b0rggfu2YCkMxYEbuiS0b7s%2BbLgl6nXsnmYrH%2BuF9E0IyhbW4TAHm%2BKMcephnZl4B15wZeSple1TIHhlxUyT152meJIQ9tJlrZKX25kh7YQoT%2BeAE08YlPYCh2YvTrsKm5VIg%2BwD4VycU0nvcU9Q6CHhNK%2FEoJL1z8oh6dWp3RQuuixzzXJVUfAPYEH8WfXbr4aklO1%2BOaAn06K8d%2BIoHiuJOniqjgPcgAqCFc%2FHchMjYzBfnxWiHg5rZNMjXpTIHlyudRmFGbel2uce3T07G7Ip0lOYVs5zlkQTS2k8UoqIdK3j%2FXVomkX%2BGSA6UAG9PgXqSMQFfGsaym9goCTFNW9fkYMtzN%2B9xXCEX4TnsWLWcmaeE%2B6YiYRdGW4hfV0CdwDE%2FaLANXSVOwhE0UKUMtXIVkoDytuWkSbZm42ET6nHxN9RIcWtXhSxDIS207msEKk57NjBQBqGSX42Z%2BdP5EHriFs9kUsascTigIK8zZQPm4Af%2F1XkhOljUxFgOmc%2Beil0bXU4TzTME4wuixpK4XEX2lt8Oue91APrgbBJdcPi2y3JGm%2FmRn6QVR2YSTniTpXN%2B1X145AYKp4%2FUyG4kLSDgokcLzPJO0P96HjFoKkZEuO7YjG03f%2BmizSuzkMsTFOiVnjEOvUJs1nNXkocNIY7kqoQUBjBqRvPab0dwSvZeN3cnNfciQbVdBUEeN6Y7KWNY8iqvxMi%2BEISAkRkFdlDd8vGCsu8VrxAL6DsrpbfFLJl5KLF3OkdA6RlufcMO%2FFnVkv49SIv2NEyL7Q5W1p5FhlocDDT%2FPlwqtIE1musy%2BW%2BIEaIzl4tunCsp%2BIolvyON9JfJIIl2ZBmsK623GIs%2BaG2dn1jtIEgIW15gZX5Tug9dEa6NXY%2B1KaYF75LyLBbNbLbHO%2BDl3xjTzP%2FUWVMQgpHXQeWUeczXE6un1EXL7WZPC0ho8Ba1qfVPFKKiHSt4%2F11aJpF%2FhkgOlABvT4F6kjEBXxrGspvYKAkxTVvX5GDLmOaCQ3NsXdiCp3AZaXS5cDsefumz3YFsrqthnTNGoXXSmz827%2BQfZBLHob5ued0nQBO3rq%2FuAIlSCUj6zm8SZgEZdVmSX5yNDWktggVxz9hbusZV%2BzCaHD8IWuzK9PX3VtL3VfXCEmuiMThRHPIaRgBaWcin2j22ERcGtzK7JBBbOF4kkh54gfZN%2F%2FJIHrCK07kB15RNo9XbvswL07WDVEOUA6%2FYWIH33%2BgjMJrE3Iu8EUkymYeeS8hzGrIRgawmJ1lCY%2FgZpEsMkfuAb2QVD9GmCTwyHUU0Ndj2NraSh2cnWUJj%2BBmkS82%2FVvBRQvZkuh%2Bv1E2fFO8uRSvWQUsg%2F0e5bqJ%2B6CCZ%2ByGhLiZfVBfwf5ZxGkLbgL%2F3VuIUmE4oT8MF%2Bp7epsG8n6eaGltMBtrJgAYdmYdqyFpr%2BTWLCMvtFkFROQABES9DuFYAbeXJAVxPTc%2FDj1B12kAy4wCnNtmpDiFDxYjuBxCsGEnO2PXG%2F3RSyHpf0%2FynNZmfpp70yFpr%2BTWLCMsN6T7fGxfwmOrSyDmOe4LZTt8PrWW5zVJea%2BEctQ3UG9PO9PSFl%2FQLikf5UeVwhcIONrmEAya01Nfy2XFKVVNBb9HOPXvnAbCXqwQKE0UB2TlkuswOU31sywkNbUxCjTjfOQtoFYdvreIroYog5eJRtLD1mttqfhgHwk7qZWjlQ1dL95P6MOPzDLBaMNG20e28shLxdxW3%2FGociS5blo2qMzZxbvwiHLYUNZ7Vu9wt21%2BXQArpEUOkG0i89OhLxm%2BFniAlewUHw%2FNHNzfM3o7o2aleQqbz2WMKzT9br03RJpvjYf%2FRVKVkzEiesTGLL%2BTzBm6gqDWYt25exK6J8XhK4%2FQdw6wbY8T6bhJ%2Bt1zXDSc3RT46qWimJ1lCY%2FgZpEu4xdwYmoNAUrmz4XZX0USS6jTQ%2Bz7tdPhVfQv3mmqVMeR6IdHOyHuJwGVvrQorHsrqDbNLyhkai8lbJMKi5z4n%2Bo5A9zbzbEU%3D&mm_sceneid=1_0_8005253269_0&a=xxc%3Dad_ztc%26mi_id%3D0000z8p49dyKRTSHgftt4VD42Pq01BMBMDnLoQxIDs0ugE8%26skuId%3D6140168162446&id=962814032332
889976170611,正版植物军团保卫战植物僵尸软胶对战月球穿梭车卡通搪胶儿童玩具,36,¥,,李kobebryant,咿呀母婴玩具,5年老店,100+人付款,山东 临沂,"48小时内发, 包邮",玩具类型:模型玩具 | 适玩年龄:6-12岁 | 使用场景:亲子陪伴 | 适用性别:通用 | 产地:中国大陆,https://g-search2.alicdn.com/img/bao/uploaded/i4/i3/1075062538/O1CN01suMf6J1UcSFVA05CR_!!1075062538.jpg,//item.taobao.com/item.htm?id=889976170611&ns=1&abbucket=10&xxc=taobaoSearch&mi_id=00000MuVspb78j44deyQnMFhiLp46OF_2r4vXgEJ76yxY7Y&skuId=5736966249404
1013978801494,蜡笔小新baby系列搪胶毛绒盲盒摆件手办礼物潮流玩具公仔可爱挂饰,49.8,¥,券后价,臻萃旗舰店,臻萃旗舰店,12年老店,3人付款,浙江 金华,"官方立减12%, 包邮",款式类型:隐藏款 | ACG作品名:蜡笔小新,https://g-search2.alicdn.com/img/bao/uploaded/i4/i3/1856147361/O1CN015Ukzbu24FOYfEF3sL_!!4611686018427383713-0-item_pic.jpg,//detail.tmall.com/item.htm?id=1013978801494&ns=1&abbucket=10&xxc=taobaoSearch&mi_id=00008WFuYXs8E27xp8F7dLdvIT06IiZnR1unw9-cyiJZ6JY&skuId=6017880689992
980948368023,POPMART泡泡玛特LABUBU马卡龙3.0新品前方高能系列搪胶毛绒盲盒,18.18,¥,券后价,卢什大可乐,XLL TOY大号玩具,回头客3万,1000+人付款,广东 广州,"包邮, 酷动城",款式类型:隐藏款 | 出售状态:现货 | 系列类型:联名系列 | 品牌:POP MART/泡泡玛特,https://g-search2.alicdn.com/img/bao/uploaded/i4/i3/854130513/O1CN01cSRj6K1Ff0IXoJmhx_!!854130513.jpg,//item.taobao.com/item.htm?id=980948368023&ns=1&abbucket=10&xxc=taobaoSearch&mi_id=0000DKhuJf9j8gtHnbCQykrn90ds88cwIfMxWKednOK6u7w&skuId=6007262089770
927903708262,52TOYS蜡笔小新大尾巴搪胶毛绒挂件盲盒手办潮玩玩具公仔摆件礼物,276,¥,,天猫超市,天猫超市,回头客1000万,700+人付款,上海,包邮,出售状态:现货 | ACG作品名:蜡笔小新 | 款式特点:静态 | 品牌:52TOYS | 商品状态:全新未拆封,http://g.search2.alicdn.com/img/i2/6550798738/O1CN01gJqoT32EQ3wb3vtuu_!!4611686018427380114-0-saturn_solar.jpg,http://click.simba.taobao.com/cc_im?p=%CC%C2%BD%BA%CD%E6%BE%DF&s=674554542&k=2349&e=QfchvwfZ68YEPEH2zFIOw3PPnbsmgO1%2FubOcFP3KYTILMnR8QIMJRX%2F8XqpiKZXCo7mPciIz5WQFIzzaiOn7DL5NwQBttp5Pm3E9pXz7D3o9%2FlmIXc3vQrofr9RNnxTvc%2BZRi46JMSvc3YOcVhhWOC1IAp1t%2BfK%2BBQWi9%2BwCdSbADpe%2BwNxYmMIFrzZFF1mxMZZod1u0M5zOtK%2FKubm8be51VqsDMj%2Bo0KkZ4FMOEA%2FK7Ke0wl1c4csEHKvCR0eNuw1w39qnwHQW7XrYbK80XwGx%2FJRNyo%2B3U%2FSdBmkpfIbtDbsQMt9rnsf2%2F1h2x2tG%2F7zxq35uhcrGqH6b0rggfu2YCkMxYEbuiS0b7s%2BbLgl6nXsnmYrH%2BuF9E0IyhbW4TAHm%2BKMcephnZl4B15wZeSple1TIHhlxUyT152meJIQ9tJlrZKX25kh7YQoT%2BeAE08YlPYCh2Ys1Jqd4MVjR4Moaj6LBfX%2B8mOEsdu5gEuiu3p1RRoiq%2BeESnI9m0wGRUsN3I3RN6SkP7PcGIrkJYhws1BqWXttsk49YLhHbWX3yn97TI0SLhxZpQi1K8NPSQ%2BsQDIxxCScRohJb%2Fq0b6vhJGH%2FBmOWam1D1praOpfxDgpJ0RViS76sLJNniyM%2BBMvRNh0ZqWJWxJT08EtXt4TnZzjTjWZ%2FJ3kYL71kv3sJq8seM5pGJRlKJwayvDtpnzdbCNXPw7j4x89AYk2IpafGBRaSEEEXcvt8GKZA0dNm1oHlh%2BBZ2gBU972zkUvJA0duzSBiLCUJmHdpRL3zrMrXwTDwPsJHuE15Ap8yQKYccZjGDm9%2FYmzaLy6dXIdP2CkvPAknyO4PZdwJUD4ibbjFW0Zw5xf82pzN%2FjclbjWvoJuSxJmwmhkd8Hi3Gr3y%2BJwbPSpNFRohR%2FkUHvku122JiWwxToFzDkLNvKBdwteGYOhTwz%2BLYE51cAG5PWy0CWahqNs5mLoP8RFxTEqn2Bhj1LaBODG9JdwpL8K3RRaZsr4HMRkcS1TRsMvGjAZ9opnESYZHJxFt%2BZb%2FL5y2Ejxlec8TJWnLY%2FKt9dKuh1UDu1AAY7F%2BMJtP3Wcs3sJmt1EcIe92m0iDgBV8ru8Rzpb9Y914sZpPAZCWz2a6r3Q9c61Yr4Qq%2FJNE1jofEz7aK%2FSGO9CUVbmPqr15eNq8%2BvsTfeTE%2B6hOvZ%2Fs1J2KOS8EHT5r%2BqS87JUMlgPWiHPjHrg7LYqrrbrJE0wZeCyw23GIeslrkAsu0nwMOgbMTo1liYLPAfvUtrEv8j7W8piAls84YuoUQ43NGf8t8Ruu1rYmV%2BEdIKzfFuYO0fWDHXxal19jpqUK6bL1uBVz44JKnE8Fv8gmnR9PcgEhwb46aa79IVEjmj%2B18lHqd9S0f%2Bx6Ktv70c%2BD6jwf41JmzElJfZiQFpmdy%2Bnjufcj7a1Qo0dxji5Pepbjz6g2zS8oZGovJWyTCouc%2BJ08SMcW2qF6erBDTe3cZL6Ua7x9pNiPo3m4eyOGXIbVM7ybeQiYTLBQNF5ghONm87cTtXBSWEsWo5kPcqXANLuO2bQjH4iHAvWh0z1eKX3pLBhEf831I1nPP5c7XYHuJapCzbygXcLXhfhvXCHpPuhJsr%2BaldVJ96KnP97y%2FgBGVkLNvKBdwteFI7mnIl1nLHzViuU%2FJUcsGfBORLlQfcAq5AvdjPOkZD%2BUg0J2aIj9LdGJwGjDHidKF%2F7mzNXbqnht2jPM%2BSRmPhtCrusuy7UnPZmFrO%2FZBDPiPipkD9wz8zobyUs3rzgbeR5H8IQmyI5kZ6xqttwqVHRGcJ2uTpecTG3RlqhQYYomloI1VJ1LOhtCrusuy7Un8pzWZn6ae9Mhaa%2Fk1iwjLDek%2B3xsX8JhRjc%2B8clVUdk7fD61luc1SXmvhHLUN1Bs3iScXCuxd14pH%2BVHlcIXCtV4jl%2FMpmfrX8tlxSlVTQW%2FRzj175wGwl6sEChNFAdk5ZLrMDlN9bMsJDW1MQo043zkLaBWHb63iK6GKIOXiUbSw9Zrban4YB8JO6mVo5UNXS%2FeT%2BjDj8wywWjDRttHtvLIS8XcVt%2FxW%2F4WHZbgPBeOvRO5j0YjRFDWe1bvcLdtfl0AK6RFDpKQyDzkS5B6TOdDAQo%2B7YtPzRzc3zN6O6NmpXkKm89ljCs0%2FW69N0Sab42H%2F0VSlZMxInrExiy%2Fk8wZuoKg1mLepb7N1DxAy%2FQVUi%2F5TFZ6SaVZDHBa5yifsL4L%2BDPOu4CNiAIMLN0Dfjx14k%2BUeXiYUKKst3FmGIeE%2BkLniD6y37UqR8PnWXwXqUdtoYSvDRe59yPtrVCjReSSqarn0LnUoGu9Cw%2F%2FYGYz3%2BH4tCIysNh%2F3rMRsq9Q%3D&mm_sceneid=1_0_6550798738_0&a=xxc%3Dad_ztc%26mi_id%3D0000J1tsexJXWPkXy0yVoYFRJ3x5mHE9pSfIDLSTJ2yrJOc&id=927903708262
980186191010,POPMART泡泡玛特LABUBU WHY SO SERIOUS系列马戏团搪胶毛绒盲盒,131.82,¥,券后价,卢什大可乐,XLL TOY大号玩具,回头客3万,700+人付款,广东 广州,"48小时内发, 包邮, 酷动城",款式类型:隐藏款 | 出售状态:现货 | 品牌:POP MART/泡泡玛特,https://g-search2.alicdn.com/img/bao/uploaded/i4/i4/854130513/O1CN01rcnpV71Ff0IXQgJ0d_!!854130513.jpg,//item.taobao.com/item.htm?id=980186191010&ns=1&abbucket=10&xxc=taobaoSearch&mi_id=0000JGAXuTNiTJCpvdfn-pnaGdC3ym_hfASQJkAE2dSG2Ns&skuId=5938670256296
967267160760,TOPTOY三丽鸥搪胶毛绒拿铁宝宝盲盒潮玩可爱公仔娃娃女孩礼物摆件,199,¥,券后价,tb8810973506,潮玩正版盲盒,回头客3万,500+人付款,浙江 衢州,"店铺满39减5, 包邮",款式类型:端盒 | 出售状态:现货 | 系列类型:联名系列 | 品牌:TOPTOY（玩具）,https://gw.alicdn.com/imgextra/O1CN0169Hx7c1hH0lR11pOh_!!2210949144251-0-picasso.jpg,//item.taobao.com/item.htm?id=967267160760&ns=1&abbucket=10&xxc=taobaoSearch&mi_id=0000JB7oqu4dMLqmXQuk-LThx0eus3sdPQ_5SElBfZ82cRo&skuId=5692805431290
971391989649,蜡笔小新hello不理不理左卫门kitty酱潮玩玩具手办礼物公仔摆件,26.6,¥,券后价,tb9338643051,广东尚雅玩具城,,70人付款,北京,包邮,出售状态:现货 | 材质:搪胶 | 适用年龄:8周岁以上 | 比例:1/12,https://g-search2.alicdn.com/img/bao/uploaded/i4/i1/2211387691986/O1CN013dGCOu1QXdgET6Rh4_!!2211387691986.jpg,//item.taobao.com/item.htm?id=971391989649&ns=1&abbucket=10&xxc=taobaoSearch&mi_id=0000WzJztmQqC5f8aleyTllEqHLZIYnN3WGnLxHnhdu6B3k&skuId=5920276564932
928706507827,正品奇梦岛三代WAKUKU立刻开挂吧3.0系列搪胶毛绒盲盒新年礼物,89,¥,券后价,lazytonywu,易启潮玩铺,回头客1万,43人付款,福建 泉州,"官方立减12%, 退货宝, 包邮",款式类型:隐藏款 | 出售状态:现货 | 系列类型:联名系列 | 品牌:奇梦岛,"https://g-search2.alicdn.com/img/bao/uploaded/i4/i2/549781350/O1CN01ORXY2L1LqLo6ksm3Z~crop,0,385,1279,1279~_!!549781350.jpg",//item.taobao.com/item.htm?id=928706507827&ns=1&abbucket=10&xxc=taobaoSearch&mi_id=0000mZEIWJH5L84NhObe4kXXdAmINYa8F4tYS3pTbn6hu3E&skuId=6183459038114
917065030344,DODOSUGAR NAMI TwinkleBunny潮玩公仔搪胶毛绒包挂包包挂件盲盒,51.9,¥,券后价,dodosugar潮玩旗舰店,DODOSUGAR潮玩旗舰店,回头客2万,1000+人付款,浙江 丽水,"官方立减12%,  6期, 退货宝, 包邮",款式类型:端盒 | 出售状态:现货 | 系列类型:联名系列 | 品牌:DODO SUGAR | 商品状态:全新未拆封,http://g.search3.alicdn.com/img/i3/5433277087/O1CN019vVc3W22DtyAYQFbm_!!4611686018427386527-0-saturn_solar.jpg,http://click.simba.taobao.com/cc_im?p=%CC%C2%BD%BA%CD%E6%BE%DF&s=2138734165&k=2413&e=B1vxU7%2F14cdCUDdJ1GklIFUcHHo3e%2BLa5l9vummJ%2FXhu5J3Td2pE7N2KXMmidzhbHRP3eljOfuAUy04WreyP9hbfI4u%2B%2B0pB1VTbOfjZRc3VFBJPiEj%2BfKFd4tX1dfYUcWZRawsZFuVqGz9oFqKXBArB6oxUPNhiURbWfdsNcvT5bnS3Te24qwYS3glcGUE5ZQKWkPyFeX8Pq8uOzIKkx3z%2Fx%2BL4uqY74dbH40O%2FzKVbwEAnN3NUkH7huWtKPNIAj%2BXDj%2FQ0DPX%2FmkvAfLLjiQD0Y07T3vEZ7Rn4MgZNMlZa%2FoEVgayCfKP8zrn4M%2BK1PdDcL7nJZlEfHtrAbxQPYW1st4%2Fb1hxiyBshS6NMTkLVB2GLZFUGjIIgLgufAwkX1CwktTAJPlgP%2F7LPxxu595o0PQnxcCeqy9l9fHtjQ8Qo5eVSTfNuYge%2BHC66isDy%2Fjg5OGmod4Y8FIB6pXQYJuMULrDEu1QhqaZDEe5wA6aWy%2BbcAu%2FmiCMG8YjRzjK%2B8PVohm3uCISQUdSrMfvZ5ZtidTsKhcpU2zelQsu8moy1h1JSGjeNTAUnBsKN3YFihnXc4jxhiUT6cbputV5zMMV%2Bg0SbA6LuTefWfH%2FX6SXlmhj2MZuWEZKA85VhMSM55heSEXE9lsHAuj0f7zmKQSmTeAJe0z7ik5wOOxNz00IdLRLhw5Ws4%2Bs9ieAblhn9S1C39ucNmS8cbxzn%2B7XtbAQo0oxbMCZRQzEkrSrtPxh39SaQvV%2FsVJw%2FaFRMho8ztN62vkIny4S8NAoZFEqzeaFwvju8%2FFRrwRxpO5Jqq%2Bc6s6km24MEBLIQ0dwpwThkVpMmod%2FKkaNMWrY3knIbMg673oxd%2Fz80jp07ZYaSE80hn971AZVS4bHwoPdsj84a%2BleIk6aFVfcVUhV%2FI%2BrOo59kI0awHlAZ%2FEWibcF2jrOt%2BO7Xed%2BOXeLpN9eO2AfEBYP%2FCEqf%2B77MgFXRnQhkHSuJAxvepsROMyFtNW6hE2bYK9TRnz46%2FJ0RtAAD4n74AJptjLrR8uEUzhMfb%2BDNqE0us%2FSH%2BisbZqAUWyTOfIV3K8PMOqrxr%2BqdAHECo5AKwukfdQ2qPZJku6MtSKzWgzAO8pgvgeGYDMSRnQGTEZ%2FnAIjO%2FooohATVRJBNYUpRAAJVV8jxXRiTeeDelsKb1R%2FRuUww6IRYur5tWWZZ4N5bWBMx6RSpKu7M%2FTNJFfPBcOD1pG%2Fyt4e7HjgJw%2BYVnrB8D2KwNCDfjHMD1jof93%2FO5wUoDguZp31oVAU%2FbdXmGanlEY3Sgahex%2FAWJlLcyrKYuwEzTja1jrZ5Y0duS1otPGDJQGl1moR2v07PXvilXih5mgP%2Fn8UpkNdA%2FjXdVAfw%2Bt3PCIA%2FAYw9%2B8gGPbfShYn3QW2KGCF1MmVedk3ZmydgH5zoOfVBr2XqEfJ1UdyO%2FA%2Bwa72pmzJFRvwAkhLWkH%2BoOHsQCCwLoz0AeKoo%2BkfrQOB0TSP%2Ba7eibeRX3qW5ZjvcIL7D1P5IUfHVL7qIyK%2BQ3AaH5OmhZ343NKWQn5z1DnxGQGXjMgd6Rkrz66yviK5XtQYPU9LtJGHBLC7ETdU3tq7uXkVUN4n8UIrvGXnoH09uGX0StzCdZm7AR%2Fpd7O0ALvy8GgU96oVmtERH8YJJtsrccA%2FS%2BHkngBQBky2G1KhTswbOaOYI4JoPteRdXgfdfYLAD9L4eSeAFAEDWD7f7C7BFobnlYQIhSczez%2BM4e953y4kSlOdwG564ZgPJ8IXCg9VoYSzJBh%2F7TOMmB9rv6stGQ715HBsmZAiByFIHujwQSGcQfqY9R6x6CCYB%2BEu4JpwVPXlLV1h32W6DD36lblD4PVXQhXv%2BZWSch7%2Fb0pBZSNTy2clrOa1iJMFMixYjUS7RrZmBd6fMM2xywsHTyzUUeGgwvWphwCJ21cbJe4IpjCJaC0yEryTv2S1YexWQTlS%2BQDZnKuLTE8ZRZdZaORWGl2yqwgLV6mL6qUSMzj%2FDQ7Omfp7aLK52UGbczjM31bU%2B2nRjkHB%2BhvgAMaznU6jcRIUE3ALa7jZbgCcvCdgKOXArdWudQVHnIJCXR75S2RmJYOUKzv3MA0QZqfqTy8a0dYrCx0IeiD%2BtFHA6GZjJmTuHW1MyWWjh9riOy5PcjYJG8rdOxZzEo%2F1xCKZ8yBgF6tgbuWEK9lfpsY0usfkAvBZseuLDENEmBG7kAwVPTYKHAPbhlApk3MMfyL05GvEznWN7sO%2FCFSNohhM1Vw3I2mjKGt2O%2FxI7jJC9Jzc0w1kLXs2XL8GAuoWT2dVKNdkCUQ1xjK7t%2BO4DZcL4VWW3qz8m98zUbH9DwHov5c7XApJ9sWOQ1uGSTBJIJWZpZkk3SJyTbH84vKUJrvrERTiVyvEkgI4gbiWJR8q%2FuvFtZS3Nzja2t6EcQY%3D&mm_sceneid=0_0_5433277087_0&a=xxc%3Dad_ztc%26mi_id%3D0000Pz12u9NXLOf9X9OpfsZBAGJMlkzs9kKMx9u-LMbngnw%26skuId%3D5952052698105&id=917065030344
806162671830,POPMART泡泡玛特Labubu 拉布布马卡龙搪胶脸盲盒毛绒公仔玩具挂件,97.99,¥,,tb0673212314,嘟嘟潮玩店,回头客7万,5万+人付款,江西 南昌,"店铺满799减10, 24小时内发, 包邮, 酷动城",款式类型:隐藏款 | 出售状态:现货 | 系列类型:联名系列 | 品牌:POP MART/泡泡玛特,https://g-search2.alicdn.com/img/bao/uploaded/i4/i1/2212716496398/O1CN01HoVAPG1x8L8wmW1lr_!!2212716496398.jpg,//item.taobao.com/item.htm?id=806162671830&ns=1&abbucket=10&xxc=taobaoSearch&mi_id=0000Ln6-A6aOXX7yVIOiMyOKeKYpO7IzWnrJTir4jZUiEpI&skuId=5950480535131
912211088970,POPMART泡泡玛特拉布布三代 LABUBU前方高能搪胶毛绒挂件盲盒公仔,599,¥,首单价,tb549052074,艾顽潮流iwant,回头客1万,9000+人付款,广东 深圳,"直降2元, 店铺满158减3, 48小时内发, 包邮, 公益宝贝",出售状态:现货 | 系列类型:联名系列 | 品牌:POP MART/泡泡玛特,https://g-search3.alicdn.com/img/bao/uploaded/i4/i3/2207971297914/O1CN010vjfKl28KfaQP9Xad_!!2207971297914.jpg,//item.taobao.com/item.htm?id=912211088970&ns=1&abbucket=10&xxc=taobaoSearch&mi_id=0000fnBTCIC-OboOmv0Vfmw_L1pa33uhkaIqVm5M3sL6yvc&skuId=5973286289804
964359947667,原谷动漫面包超人果果睡衣party搪胶毛绒动漫潮玩盲盒可爱礼物,89,¥,券后价,tb458342223734,原谷动漫,,56人付款,浙江 金华," 6期, 包邮",款式类型:端盒 | 出售状态:现货 | 系列类型:联名系列,http://g.search1.alicdn.com/img/i1/7238045350/O1CN01vEnJCb1pOM4Z2n50Q_!!4611686018427383462-0-saturn_solar.jpg,http://click.simba.taobao.com/cc_im?p=%CC%C2%BD%BA%CD%E6%BE%DF&s=2138734165&k=2413&e=Zrz7IE5w%2Fg9CUDdJ1GklIFUcHHo3e%2BLa5l9vummJ%2FXhu5J3Td2pE7N2KXMmidzhbHRP3eljOfuB%2FHjmBvaFuesz6pys9SyI637ML%2Fez5nEPVFBJPiEj%2BfKFd4tX1dfYUcWZRawsZFuVqGz9oFqKXBArB6oxUPNhiURbWfdsNcvT5bnS3Te24qwYS3glcGUE5ZQKWkPyFeX8Pq8uOzIKkx3z%2Fx%2BL4uqY74dbH40O%2FzKVbwEAnN3NUkH7huWtKPNIAj%2BXDj%2FQ0DPX%2FmkvAfLLjiQD0Y07T3vEZ7Rn4MgZNMlZa%2FoEVgayCfKP8zrn4M%2BK1PdDcL7nJZlEfHtrAbxQPYW1st4%2Fb1hxiyBshS6NMTkLVB2GLZFUGjIIgLgufAwkX1CwktTAJPlgP%2F7LPxxu595o0PQnxcCeqy9l9fHtjQ8Qo5eVSTfNuYge%2BHC66isDy%2Fjg5OGmod4Z3Z4h%2Ft3ahsUQmbRlNW%2FoSM6WpBEOM1v0A1SrrPfTVM9TI1u1KWP9piHZhJZjirFsHjxSw%2BYgWFEbJDjeJ8kTIeM1NAxlI5VhgbleP0Q8QlfZR9nK1TVRcKK70GDjndiwOEZZKS23IVulmSoJUWGkUpNDfdggR7cCq%2BWUVpcuMUyPFOSsIujIwK42sGsbgzJsPYOuTcQ8S8nZPZLK%2FchDrX9b9wGd3zNYySQNKd6t8dv8iii6b5Q35IhHvI%2Bb2lg9oxkQFARZZsEHLiABFByY%2Fsayl91pDOqFdbhDGYtinvtOJfn56IgEgoYkhCBYRCRoo6DugBncwmo64QImTzMvYltddMXqiizEDba1TfiMZWfF%2FzndKRlHw52iJ6zi60lbjZJl0r%2FmL137ol0mTpQA%2FWxRdAKTRS%2B0qVbC9729TEaoHVjOSr%2FZQ%2FEV53Co%2FH1JMv4OeeMs0PyC7ywCwg%2Fql%2B2JvPfQNJYSR48y1eabfnqoRRePD7WCpoYkhCBYRCRrpivLZbMT47YcxX2y6q8d6bqMqxwmjKzaCagjayemjYkSyHN1DGKCBv7qmhQtLTWHE%2FNGOyEiXY%2BzYM3JYR2wUUmrG%2BMBJOiNQgopkXhcZwJVerSpnXGiQGvkoZPz2VofCxK1%2Ff5fdJTqSHfaEaI1Q1uJibMPHtGYDH%2BD9eyjE5yRLSy5jop9i1wBZgK%2FqGprKq3vgODQ9DN0h8cS%2FYeZVcw27Fvu%2FAoIPvdSpFCWBADtPrfe5AxOewp%2B9kCWeE74qi2V4KDP%2Bg945yO%2Fkv52gQ28EHgGS0O%2BVXWaNyjYkgGRqmmDAaRCvIxKCbEIebd81BzPIRetKc5Eo2wttH1ImK42sGsbgzJsPYOuTcQ8S8nZPZLK%2FchDrX9b9wGd3zNYySQNKd6t8dsj2Vk9cuD6sPgtlvpRorvEClY2%2FRakIi8e%2F63VA8f5XgGQotrzDkUeU9cobyqADunk4HxaGmHY%2BG3x07pSLTSdi%2FCLEe%2Btt1hvMvcAfC4oMKwnTWAIkmW4TL2LyOKuglna9SzGnOpPwP%2FcrK93xgxgdJhg3zwh%2BoN5di1vktsjKHuiAyCW18Po2rG70GzGDum7lRPJvqs8QbNVJPuZrV%2FzbIn8fLV7iyYb0BEcQzwCj8G3naXmMaJotkpyLqhPvVZ4DmJritonsL2RTapHLz5s%2FbcWV2g8WAPKC70tSz3i9GCNG%2Fyg57Nlm3W3bQfNvyj6siPkb4Sn0vg4%2FXhUnMYD5QCGMCjFLPh3jsQKERV0oBvJZsMfWm%2FaMgH%2BVCigrXVmPDRw2j1oNK0MvHrwApT9LZscV3k2Vy2QkZqFKwlKhkb2PWfi%2FalwpbrwgpiW8K65xz5%2BH3yvBzBXBSi4g9TgYp8wvsXJiFi3iA5Yk1xOcfSy0D%2Ft%2FM0wW9oI0UI%2F%2FUKh1Y3StlW5VPx1hKnxxn8DSDF7eVPOPlgG98z%2B8iQbD%2FTxz2CV47W4OSGo4SrKhDaJ3DzamYqeA%2BrK%2BvlWddmX7AT0ljEhLpwNNRkB5DIVZ9DptJXIq%2Bd9sIWF%2BVKs%2BCRM3CJjj7G5TMf1LFnyt8R0haeeMDun7tPgoCH5AMjBsTlcSIBo7B%2FcONtgG%2Ba%2FgHMkWu0eL7jHV76eHKbJfuBbWqT0DVwgs7uD1RrOn4uA2s0nUu%2FxGu93Xod03vCUAd5p3qGiUId1mFRzkMkb4uOGdis40q8f0oSDaF2lYM2gLhH5EoA5%2F%2F0ZoNJ2rLQaXFiJ9aOzxdlvmIZ%2Fe9QGVUuGx8KD3bI%2FOGvpXiJOmhVX3FVIVfyPqzqOfZCNGsB5QGfxFom3Bdo6zrfju13nfjl32jG9673%2BLW7Szf99C0AMy2jGQLBx719GUJR9p0IlFmHAUNKMw4VtubuWYisYXDCubdmc%2BBi3VikUWxGfTYF%2B%2FVqLR9DZN7P9fwnxcFAg7LSHXnyoDRbRARWUfvxA5UT0%3D&mm_sceneid=0_0_7238045350_0&a=xxc%3Dad_ztc%26mi_id%3D0000yuDxewGs6tUgyKoij2YUHOIGAWtI6jkdKFWZ02lY_Bc%26skuId%3D6026918161498&id=964359947667
814622459743,泡泡玛特 POP MART 米奇家族萌在一起搪胶毛绒挂件可爱,69,¥,,tb167108186,Ztamp toys潮玩,,700+人付款,浙江 台州,"48小时内发, 包邮, 公益宝贝",出售状态:现货 | 系列类型:联名系列 | 品牌:POP MART/泡泡玛特,https://g-search1.alicdn.com/img/bao/uploaded/i4/i1/4094218753/O1CN01YUYdCp2EWvstHkfiO_!!4094218753.jpg,//item.taobao.com/item.htm?id=814622459743&ns=1&abbucket=10&xxc=taobaoSearch&mi_id=0000mvbytunJA4ZodwrhmoPCQK_cmyigKRo0O9_P7NOqOSk&skuId=6031150377015
962900863743,【现货】MINISO名创优品迪士尼史迪奇GenZ街头系列搪胶毛绒盲盒,60.7,¥,券后价,miniso名创优品旗舰店,miniso名创优品旗舰店,回头客200万,3000+人付款,湖北 鄂州,"官方立减12%, 退货宝",出售状态:现货 | 品牌:MINISO/名创优品,http://g.search3.alicdn.com/img/i3/127238467/O1CN01RBNXC42CPwXhHObCc_!!4611686018427380035-0-saturn_solar.jpg,http://click.simba.taobao.com/cc_im?p=%CC%C2%BD%BA%CD%E6%BE%DF&s=2138734165&k=2433&e=9v3R%2Bcf8HApCUDdJ1GklIFUcHHo3e%2BLa5l9vummJ%2FXhu5J3Td2pE7N2KXMmidzhbHRP3eljOfuAoB8W63oTeLuCGrjnIFlPo%2F0j%2Fv%2FtCm396wzDL6T3KbqFd4tX1dfYUcWZRawsZFuVqGz9oFqKXBArB6oxUPNhiURbWfdsNcvT5bnS3Te24qwYS3glcGUE5ZQKWkPyFeX8Pq8uOzIKkx3z%2Fx%2BL4uqY74dbH40O%2FzKVbwEAnN3NUkH7huWtKPNIAj%2BXDj%2FQ0DPX%2FmkvAfLLjiQD0Y07T3vEZ7Rn4MgZNMlZa%2FoEVgayCfKP8zrn4M%2BK1PdDcL7nJZlEfHtrAbxQPYW1st4%2Fb1hxiyBshS6NMTkLVB2GLZFUGjIIgLgufAwkX1CwktTAJPlgP%2F7LPxxu595o0PQnxcCeqy9l9fHtjQ8Qo5eVSTfNuYge%2BHC66isDy%2Fjg5OGmod4bgfGO1X%2FTQMXDca7bBMtASKIcZuNxXUJBxVoWqvBup7MW39w06Vgla1x02WtiiIEOCapJn3ahD4viZx05KS5rSJ27G%2BPuzq%2BD0WlvoLTlVCHp7b2Is9IDhsqaiELKrPIigw9eM6m0pOb9NJ2inWnhQ8cJjp4E8G%2Fhh86HGGUKWtj3CLSBHEJSBkn1g1ctJh1QsYscAVoLvoLlnGK61byC7%2BkSIUlaMN0b8nRUM95E6zWutVz9bdialx5alCabCzFpGzO2u%2FfZBc1wAnYxgnrUTbrwVg2%2Ft3kf%2FdP4EYr7DEdHGJ03rbB5Z4iRJB1BOkOiVpUfBxGmwQFlueJHtSj4O61asKK5cThdrhX%2FHVmXrGHUx861CD9AxTNhmy6otjIt6zEBJjkn7PMnSGlgLO6UaeU5SB1LFF9v2K5fHXoEEDGvqfEOoSSeefj3a%2BDZF%2FLCtZoD6E0o8JeOQq0odViIXcsp1wmPwwZO2v3OxzCe%2Fq3big2OJRfZuT12znDsJ6PYlyYqo7ADoPnp7b2Is9IDheDtG18GPQbxCeakuudQc8zMWjMBYqMhZaeueQC6oVnySUJXVTLDT3CbfNgzlvKiNf6U%2Fp%2Bp71z97FrvDPtbPW3VriE7nm8jxWIEWGn7vCFgX8nun%2BTuWZLy7K%2B85pBOV45h2Ki8z0%2Fi4UUJ1Ou3bVa5Qvu2PGYmQeG95Y849IDY2lUYbGa44P1yxKnQETHxl1AsftVTxkzz5c4NNNNPLsn5JwUsmtc%2FpjHrDZoxxnvf6ugQM4VBeYht%2BvLGUJ%2BLmoz%2FKPd3RNGUD7HJ11Epmi4PCeH6rwoB3E%2BY1P4aV7IeNYIonb6AmAzte69JbLoO9sNc2%2FGqoFCbd1zwDy6fxnABjWygjaOdca%2BWhRsCd3mc%2FOOMTLgkuktZ%2B676pPD3aGyVjaIDHyHCm%2FG1wpXSx%2Fx1rH4g7Zn3e94CABO8G1UhdJ6P0z2zLIbRRwOhmYyZkANnYRNMBxW%2B2CvJMfmQ59EOdHGnXR3Lixi2rR7IsmBYYfcjsW1J4YT3vVb%2BDS029h0UyTJ%2B53LfgYc7ficr1i7vFoneSC1ZKjLrJLuMsPCPUc0mpLRgtabJThwNW0VzT7ezUdNG7VUACHKUGmAqMfGpVMMyZhh2iKqPaaLHvKdD7swBvDVJhGJpUQ53KWM1yQ5Jo3h5qmGRkHwE%2FcTmprZWlR8HEabBAJRZD2zfwgEzTEs5%2BQ3sWzCvHtlAAn0G9laVHwcRpsEDrnUEQO98UIqFd4tX1dfYUOaWcKtkf9MGq6UXWFMIVHiSsAR8r8vN4o1IzkWa4paqYDyfCFwoPVaGEsyQYf%2B0zjJgfa7%2BrLRmvycq5wDCegupMY%2F4lDyix21cbJe4IpjCiV1d6aQB%2FBuymQ8PFUTgwerewBetKMZ4D%2FumInrcW6Rb2gjRQj%2F9QqHVjdK2VblWJTmL7XeNZ%2FL4wCPI%2FWGymh%2Bk6YVplE87sSlFRnnP4aHESwdQbzZhNUkDlSknjIhCNXJFGN1FxPswl%2B1LjIbYwtKZ1P2dQyGS2OXkbcELQ%2FlVZb9tkG7AXEGnKs6a%2FFOJ3VMyWsPYfJmrlrwehZqaf%2BrVchGcF86wXKtstTLjCRi4tr%2BAXiu%2BH9tKvlCAcbEwG8wD2HxzjQ7AKMRwRzOhoIQ%2BZzrNVAgygk7NbwfZROM8OOEAeUJCyEC9DaFzdhEPnQ3QNqf3Gh61z4%2B7dmp8fsMudwACyYxAJ6LrFk%2FhdIIDaJe8lCyhvRMtsX274yKHdT3L6tV5jY6F0WeMQabxN4ti09eB%2FK4F6rIuc3aZaU9K83vknKjUwEVSk1cjWqkvwyxdSvYuDAy17Nly%2FBgLqFk9nVSjXZAkV6kBpJYh9MXWb5L4L%2FfTPThEXaII2s94B6L%2BXO1wKST844xMuCS6Sh29OyAyrb7se4N0TVEJyjXy4vdXKsD69xJICOIG4liUfKv7rxbWUtzc42trehHEG&mm_sceneid=1_0_127238467_0&a=xxc%3Dad_ztc%26mi_id%3D0000yhO_Dy9fuQRTQSTUE4eXTMEqPf8b9sXgE60HpjxWb3U%26skuId%3D5772732760833&id=962900863743
987892505570,小甜甜自带香味搪胶毛绒公仔掌中宝兔耳朵玩偶书包挂件送女生礼物,39.8,¥,券后价,wuzesen1990,一米阳光文具,11年老店,400+人付款,广东 广州,"官方立减12%, 48小时内发, 包邮",玩具类型:安抚娃娃 | 适用年龄:3岁以上,https://g-search3.alicdn.com/img/bao/uploaded/i4/i2/868145268/O1CN01V8TWth1omnZaob25C_!!868145268.jpg,//item.taobao.com/item.htm?id=987892505570&ns=1&abbucket=10&xxc=taobaoSearch&mi_id=0000HLpeL8qAtPMrgT0VHlzzw3xz-TqIKBDOVe3PaK5GnGQ&skuId=5952692485171
963190676436,盲盒公仔手办定制搪胶毛绒娃娃萌粒摆件潮玩公仔创意定做树脂公仔,28.8,¥,,1501443ljr,PANYOO TOY,,44人付款,广东 广州,退货宝,,http://g.search.alicdn.com/img/O1CN01TKaq6J1Ml8ueeOW84_!!2710261474.png,http://click.simba.taobao.com/cc_im?p=%CC%C2%BD%BA%CD%E6%BE%DF&s=2138734165&k=2393&e=hndER3Zcf2NCUDdJ1GklIFUcHHo3e%2BLa5l9vummJ%2FXhu5J3Td2pE7N2KXMmidzhbHRP3eljOfuAz0LXTfQu%2F3NVVz%2FyN2gqTocZrTYq%2BeALVFBJPiEj%2BfKFd4tX1dfYUcWZRawsZFuVqGz9oFqKXBArB6oxUPNhiURbWfdsNcvT5bnS3Te24qwYS3glcGUE5ZQKWkPyFeX8Pq8uOzIKkx3z%2Fx%2BL4uqY74dbH40O%2FzKVbwEAnN3NUkH7huWtKPNIAj%2BXDj%2FQ0DPX%2FmkvAfLLjiQD0Y07T3vEZ7Rn4MgZNMlZa%2FoEVgayCfKP8zrn4M%2BK1PdDcL7nJZlEfHtrAbxQPYW1st4%2Fb1hxiyBshS6NMTkLVB2GLZFUGjIIgLgufAwkX1CwktTAJPlgP%2F7LPxxu595o0PQnxcCeqy9l9fHtjQ8Qo5eVSTfNuYge%2BHC66isDy%2Fjg5OGmod4Y0aD4wuncHoXRD2fYw3YaItqA83bQNz2yhmjhLGCwXPWlJU%2FCSt4zs%2FDSpDXHqdFV%2Fts1bX7tL%2B9hjZOCbNqMnCTl0uWtx1XiYSYSVxGt5NW79QiATTLFH0QYqd0xftM5rg6ODzT%2BGRYXHO6XDRi2aIwmDE5jB0FMwN86DW%2FqkeSne1rBtZ82AlnMHl4z5x80aBP7XSKSoNFbjReJtLyCiZ%2F7G9MbUJqRZ50a7%2FU5%2FizVRzOkTsAdnaMZEBQEWWbBBy4gARQcmP7GspfdaQzqhXW4QxmLYp76QwHnNgLTUeAk5dLlrcdV4eInCW5iQGqfksg3TTqeMIIRM%2B8KBNMkf%2FLow1T5uP9ABneoNAsTmoRvMNI3C%2FMA6a659x8HDnjUKPyrBiYB8L1QZhM%2FuG%2BRuSuRrWb%2FAj0drudfKzyPM8aEaZ%2FC%2FBBOsJK6MTdc3bZOL0FUEI1A%2BxXifIsekowhHKH0c6QRIW2u2v3OxzCe%2Fqxxd%2FUUVcYCkJp4qbUbFWDzETtCdvAXaw0AF2rJ9YS9nszeH89A2Lozd0nXRKyEZrcao8vQkXjYSMqGU4OCaO7Dg4ZkEgdZ%2BFwOkHY1jkp1euJSheco7vX%2BXLOjBxKw1824rtai4ZvPW1DsLJgovfzuz3Pmb1jIqVRw4ZbL2zsb4ImK46YpgSsPk1UXq4mwfXdgI2RF4AinQjKjjBqKOJA3dVrSNxhxcqz%2FbBZpbyiDDnRAOTQ5xSHn3naHav8LrfzvJgJ1z7qoCgFxJco61mbMC3YeCEXIMreWUQdfhJayt8qdsrSuaD4NsCDPyRzc%2B5cWxLI9hJxQYgAIiVXiG3rD%2FdKkshgmHvFIyAGmRDEifXnnZtFR5g2GNUf6VXHf5HDWbegEXjjGw52EiqH%2B4pyofrGEaBewxsm0YgvZb9wVWbFWSRQxF1339zlK3TRcf5fR7iU8yB7Heghoq%2BWwNDPSsab4EedvHmh8sDlvJvGXiRZScxKWCTjrTzAESDYWNwWCXq6bIAk5CqKNL9%2BTU5sXEqsD3dOYX1CSd02B4nogs0zBcyy%2FAGnHzDxwCEqIm8UNQZGrsPMuTDKLS8XLtfxs3aWTK%2FK5ZzoZPC%2FG53bgcpuzzJ%2FOVr0qlnAwfODDHvH1SGVqtaEVkzomLs9d7J7N8TdwQ%2FiV49KsxvI%2BE%2B%2B2zLQwnEzCxqAAYI0b%2FKDns2WbdbdtB82%2FKqzG8j4T77bN6du9ry%2FKOuUgBLCsR5U33g1sWfdyW6VOhsG31JE%2FytapLqIFdppUgW15GOjYwK5bm%2BoI%2BG9f0aboFC2Y9y3SgtUCSufcpxd2dw7x5p4TmGrwH9Q9TLiPX8Iehm%2FT27N%2FV9asDeEzBTNc4y%2FYnKa0qzBqLbyhyQqK2v3OxzCe%2Fq27WdG8T%2F7Mva6a%2BebfWtgHflWfPS%2BXGyttXGyXuCKYwiWgtMhK8k78WIztsXzR5tecBii%2Fw8fRQGUWXWWjkVhpdsqsIC1epi2sNaIJCBPzS1ZrWe5J2w590oKLO5Lu5yLl0B8UwDWDl7KDtyclbF8Xoj6veREvh2cWOmeXPwF%2FELD0lRWGxOGSkqWOc5zVYikKnWx2Qm0wGNGqHeTl2M9yp4PtWk5nfpse%2F63VA8f5Xr95Qrs%2BcFKY92IW47MvScEOjaOqd9NOLaUXt1tsVxbPeiETfacMfwhvMNI3C%2FMA6a659x8HDnjUKPyrBiYB8L1QZhM%2FuG%2BRuSuRrWb%2FAj0drudfKzyPM8aEaZ%2FC%2FBBOsJK6MTdc3bZOL0FUEI1A%2BxXifIsekowhHKH0c6QRIW2u2v3OxzCe%2FqzClG9Ad0d65kabqvVK%2Fh3cmniptRsVYPMRO0J28BdrDCaxcp6BAtyd4hFKZXi6GNTtR0ZXC4D6P%2BjnMuN3p2eerqMr5n1PZmvpH60DgdE0j%2Fmu3om3kV952uyGMW7w7kA%3D%3D&mm_sceneid=1_0_6433046716_0&a=xxc%3Dad_ztc%26mi_id%3D0000zB1YN5qvfl3jfmK38uutYIxHQWpIasJ3IZKMjuKsTiA%26skuId%3D5985209232935&id=963190676436
925522745815,TOPTOY蜡笔小新盲盒换装派对搪胶毛绒玩偶挂件公仔摆件女生日礼物,70.47,¥,,卡卡数码良品,SSS正品潮玩盲盒,,1000+人付款,广东 广州,"24小时内发, 包邮",出售状态:现货 | 品牌:TOPTOY（玩具）,https://g-search2.alicdn.com/img/bao/uploaded/i4/i4/3878839436/O1CN014luJdH2JZkLDnOdDe_!!3878839436.png,//item.taobao.com/item.htm?id=925522745815&ns=1&abbucket=10&xxc=taobaoSearch&mi_id=0000I_8gWMO0ZrJcbgRsEPGHmQj-7Xm9CCo-FmtpsuLxBxU&skuId=5806027661136
1018468177008,朋友们快入超可爱心动必入收藏佳品,79,¥,券后价,magicalsoul幻兽旗舰店,magicalsoul幻兽旗舰店,,26人付款,湖南 长沙,包邮,,https://img.alicdn.com/imgextra/jz3_3/2221514873224/O1CN01jqWrFE1Zge2LqWK0s_!!2221514873224-0-alimamacc.jpg,http://click.simba.taobao.com/cc_im?p=%CC%C2%BD%BA%CD%E6%BE%DF&s=2138734165&k=2425&e=eXs5Itcm%2Fb1CUDdJ1GklIFUcHHo3e%2BLa5l9vummJ%2FXhu5J3Td2pE7N2KXMmidzhbHRP3eljOfuBwgrDjov6Z5CvkFiCohXI%2FA5fzuultxfOPonfXWbEdpKFd4tX1dfYUcWZRawsZFuVqGz9oFqKXBArB6oxUPNhiURbWfdsNcvT5bnS3Te24qwYS3glcGUE5ZQKWkPyFeX8Pq8uOzIKkx3z%2Fx%2BL4uqY74dbH40O%2FzKVbwEAnN3NUkH7huWtKPNIAj%2BXDj%2FQ0DPX%2FmkvAfLLjiQD0Y07T3vEZ7Rn4MgZNMlZa%2FoEVgayCfKP8zrn4M%2BK1PdDcL7nJZlEfHtrAbxQPYW1st4%2Fb1hxiyBshS6NMTkLVB2GLZFUGjIIgLgufAwkX1CwktTAJPlgP%2F7LPxxu595o0PQnxcCeqy9l9fHtjQ8Qo5eVSTfNuYge%2BHC66isDy%2Fjg5OGmod4bJiog4nkCQVVaYhGW1Y9axIJ%2Fx1vPOR%2B%2BnRFKCh9fKJmlJU%2FCSt4zs%2FDSpDXHqdFV%2Fts1bX7tL%2B0HW0XQvfA4%2BzUN6R8xfKX%2BcGjj0cRh9QrAy0hRcocstWXPNsghnX5y0f97Zl4G3uZh6GeZl5mMbK3xHJm%2FMTz8KsolGdHPNUA0hpiFGPBTdTc6Wql%2BF%2B0iIJDQuO3bwW%2FMB%2B9QeFo84RCGUtOtIPtRk%2FoAjhIVePTd5UZm%2BBO7RGlRWIgcFIaD57eDrP7cjiG9p9Kb%2BzZkfTNmmCY1GD4WTlXlwfenAGJuWqBFem2qaze2JC0OTs8tFe5nf8PelcvAGHWyDnqkiVR7jPw4cSpOgiQL2aYabk6EWc8pDpIG7al8IVBjq1256hnzR7iyLqmFtuVfkwVgXjW%2BnoXDHtLWSpKup%2Bfrx%2FMjDaORVDVpDaAvsGU4%2FezqFItGQY2saLU9ds5w7Cej2%2B2JvPfQNJYSR48y1eabfnhAHilJxQymkzUN6R8xfKX%2BxISk1x2zJw4cxX2y6q8d6LSMGi4VBjAvsq70v5YSqaUf0z1Owx%2B7ex%2BwjNczkXpum%2FKMLbsDwexQuoBjp31WJUkRNDOfjUTFSasb4wEk6I1CCimReFxnANhH3dSVTvzka%2BShk%2FPZWh8LErX9%2Fl90lOpId9oRojVDW4mJsw8e0ZgMf4P17KMTnJEtLLmOin2LXAFmAr%2Boamsqre%2BA4ND0M3SHxxL9h5lVzDbsW%2B78CgkBk1NLZ3gKZvZxq8FLbf8TCn72QJZ4TvmXP5HDgLnqS3jnI7%2BS%2FnaBDbwQeAZLQ7%2BeViKYdsCFnZGqaYMBpEK8jEoJsQh5t3zUHM8hF60pzMEIBdqiVGTW3q3GrPsuwE1lzzbIIZ1%2BcgkD9UQc1OFE%2FnXlWz7zvlit8RyZvzE8%2FlyajLksKcQm2TBQqSl6Xv1Z01tHqDmSCx7%2FrdUDx%2FleAZCi2vMORR03OlqpfhftIysi7QYCD%2FcgLGdaZSYyXkvWgq%2FphFRVKG8y9wB8LigwrCdNYAiSZbhMvYvI4q6CWdr1LMac6k%2FA%2F9ysr3fGDGB0mGDfPCH6g2xEQvVau%2FdQFTqXXAE9V2MLfYhiazP19omOm6kB858XI4QbzNLhBGvNh2TlfkPVlSlnleGSmBbWYGjOTmYngbIp8lU4zT7tLm5aoEV6bapr58uaWivgcm9MSzn5DexbMcbABC0Alc4oHstItBtQuWPaDFtszZuvGUQA1ah5HkcbyidM2PUXJHi2WPVZ532Y3C2al8MvkzB%2F9uiWXcy6fxXZqnCpLcYHxFyA3dCZ12gNucPePFjG1OBi1nRKIG6%2FqTG1M16UbLs2cqDlmSxz8ZfLiMUPT2QqkcW3r2f9RzW3gnynuQ5nzOCDXl4ayeJhGMWIrZj7i%2Fd6GueRDZROL2qaEWh2TMvG%2FNi0M4wx9RZ7iEYRQ5s4gUrG5F8pEWZd%2F1pLlxyzwDd93P0tZ30CPjtHTb8gRat8LAEOOv4NugkM44FJ0XB310g%2BvzQiQkWuqaoiSD8m8IGok%2B52dTSUn%2F5tg6Fk%2BLT11s4BPkhkYItCA6Yv5hrt4BUxxabDgdrnbqi92sXUtuP%2Bdh3D94DJD2xjAlWpcv4ZsVpjd4mmuezkK%2Bk7rUVlRuuqFu8QuN3puIQEkKeIUv5WwiWbvCVgm%2BIUusBjPOGykOQhjlutMdZ8IQ%2Fh5EPqIgNVappvr3tZ2%2B82m%2FKP8GotOs0qgR4PhLRMj%2BYAWnR8asfCg92yPzhr6V4iTpoVV9xVSFX8j6s6jn2QjRrAeUBklRoz0SAbYeK347td5345dNTnUtjFutXuGueRDZROL2qbCEHL3TA%2BzNDhj27WPm8EHstItBtQuWF7sEptsPqJf4H5Tfv%2BV9QRG4WA4ZcUUKk14TOWswGm8giOZHniiAdqrqMr5n1PZmvpH60DgdE0j%2Fmu3om3kV952uyGMW7w7kA%3D%3D&mm_sceneid=1_0_9889426867_0&a=xxc%3Dad_ztc%26mi_id%3D0000Am_Ev6fzohmFW2S9DrbzApHB2FOkGtMXaSojmz1hRpA%26skuId%3D6194547682822&id=1018468177008
1011584667596,AYOR TOYS X 坏小孩Kippo反击时刻系列盲盒搪胶娃娃挂件毛绒玩具,79,¥,,ayortoys旗舰店,AYOR TOYS旗舰店,回头客7万,3000+人付款,上海,包邮,单款概率:1/6 | 款式类型:隐藏款 | 出售状态:现货 | 品牌:AYOR TOYS,https://g-search3.alicdn.com/img/bao/uploaded/i4/i3/2220203538667/O1CN01LYoZVH2DtXp9DA5kv_!!4611686018427386091-0-item_pic.jpg,//detail.tmall.com/item.htm?id=1011584667596&ns=1&abbucket=10&xxc=taobaoSearch&mi_id=0000ScWihfkoViaAPYEgpPlykHRQyTeFldDzk3q1C_BZakk&skuId=6180348818914
843823633307,奶茶小新发光手办卧室床头可爱蜡笔小夜灯超大号拍拍灯小新摆件,5.98,¥,券后价,蔡单单l,皮皮熊玩具小铺,11年老店,400+人付款,浙江 金华,"超级立减12%, 淘金币已抵0.17元, 48小时内发, 包邮",选购热点:Funko POP | 出售状态:现货 | ACG作品名:哆啦A梦/机器猫 | 系列类型:联名系列,https://g-search3.alicdn.com/img/bao/uploaded/i4/i1/1617735425/O1CN01BuaIHX1pwhhSGUQra_!!1617735425.jpg,//item.taobao.com/item.htm?id=843823633307&ns=1&abbucket=10&xxc=taobaoSearch&mi_id=00007qgAbDRjBJU1GC0sqnN0y__iqluDz54FnX-f0Ckq5as&skuId=5829065431981
967052518198,原谷动漫人鱼陷落甜梦时刻搪胶毛绒潮玩盲盒可爱玩偶女生公仔礼物,69,¥,券后价,tb458342223734,原谷动漫,,31人付款,浙江 丽水,"超级立减12%,  6期, 48小时内发, 包邮",款式类型:端盒 | 出售状态:现货 | 系列类型:联名系列,http://g.search1.alicdn.com/img/i1/7238045350/O1CN01ftT0SQ1pOM4YDjbFH_!!4611686018427383462-0-saturn_solar.jpg,http://click.simba.taobao.com/cc_im?p=%CC%C2%BD%BA%CD%E6%BE%DF&s=2138734165&k=2401&e=qpkrMNCiINtCUDdJ1GklIFUcHHo3e%2BLa5l9vummJ%2FXhu5J3Td2pE7N2KXMmidzhbHRP3eljOfuCpywacz%2BYLOMz6pys9SyI6aPx1cffh5Fdgz0E%2FL7bnZ6Fd4tX1dfYUcWZRawsZFuVqGz9oFqKXBArB6oxUPNhiURbWfdsNcvT5bnS3Te24qwYS3glcGUE5ZQKWkPyFeX8Pq8uOzIKkx3z%2Fx%2BL4uqY74dbH40O%2FzKVbwEAnN3NUkH7huWtKPNIAj%2BXDj%2FQ0DPX%2FmkvAfLLjiQD0Y07T3vEZ7Rn4MgZNMlZa%2FoEVgayCfKP8zrn4M%2BK1PdDcL7nJZlEfHtrAbxQPYW1st4%2Fb1hxiyBshS6NMTkLVB2GLZFUGjIIgLgufAwkX1CwktTAJPlgP%2F7LPxxu595o0PQnxcCeqy9l9fHtjQ8Qo5eVSTfNuYge%2BHC66isDy%2Fjg5OGmod4anSeResgPVhmRxE7t94RgFO%2FGVmAIGlADUIQv8VI0RRGlJU%2FCSt4zs%2FDSpDXHqdFV%2Fts1bX7tL%2B8lpvJMNl1fdqLrF133xeuW3G9Ky%2Fa3i%2FsFzGUknsWNGpVNha1T4Nu0022qlF1XSI3aAB5y0LTwQi7apdoxmtcYC9I%2Fosa8my48VVWLf%2FbYPDgDIsSaMo8cOxa3t0CAHRrwras3zt5VxMBvtzeW9qIcIzSnB%2FRwmaDd5UZm%2BBO7RGYbuXZSQiBgu4%2Ftc9v6BsPu0T50vt3S2tmfHAge9oISTHT%2BarVdQ5mauHUXe1S0%2Brb302cLri7j7E%2FBLZqmKc%2FkWJ5w%2FBgrjQXDu8IbY84b0o15UP7k33TUL%2FO9IRiAZ%2BUlTj054H91T6PqX1D8LmUTLbF9u%2BMihfKLvUvp%2BAhyhdFnjEGm8TeLYtPXgfyuBeqyLnN2mWlNdA0j578jVnNrpN1EFu%2BREkwUyLFiNRLt1bJSTqhKdb2auHUXe1S0%2BmJVnKMTQlhFCeakuudQc84ISK6AB8vOsTqgw4VIZsnNEycotWkDLa1S1wmqgIP5PwEptIS4SdingLvaf1Kc2FViBFhp%2B7whYF%2FJ7p%2Fk7lmRrR107cWE%2BdvdBNYzVodopy0U8qfALMTcIVXyX3H0zLckEjxv0jQ8FMupNwDZAsjvSfwwkxnmEobwD9LKENeoq57JI1LPohRRUhs6Pgkbu3TV0gmXacSmCxQhmJPPQCR%2FQrMmz83FUi7nWfI0d%2Bm0Xs2dHl%2FFVCETHaW%2BUxPgWipM0hFvDIQP5viS6qaYe2jdE00LW3LJ%2Fcofh76w7YNSueaiWgtVyfrGDUO%2BQHZnKM3av4ZeWgPYzEcWpTnHy3MNp%2F5cIiclJaGMK7h4EVE%2BFtt26bpMb0Nyn5c70vIIzVZrqIdnfBmjAdKu4nGhy8Du0UcDoZmMmZADZ2ETTAcVvuDNGk7zm3JCfKGwhUhtAOZRgYS6Se3G7tcT7SnAwEbo971W%2Fg0tNvYdFMkyfudy34GHO34nK9Yu7xaJ3kgtWSoy6yS7jLDwj1HNJqS0YLWmKvfq52O0pV1Zubd0tWbE0IIRhmUG0JqaVLfoD17AN8FQh%2Ff7Y2bOwrah5X7zLUvlWUnlZBAfXzsF%2Bb0FhGPyxW8KKEtZ7l6YtMld5LPJhVxqqRE%2B%2BSyWmFjb1pgljWGfIzZXX%2FEWOIm%2BzSZ%2B09zTE1sm3rG7g7p6EIbriAPZDNykcJn5N2tBQwN6n19NERjRxpl9D3M5L8nWLFxp1FLa2jIRAmwFya0FDQ6GByOtw4mDD%2FfhoplabHODN5F0f%2BcjzM0EB9uRL5TNIJuhe9bo6vMZoTPNvBS7NdFPBz2Jbat7NbRDRT1mq0onb35AGRxkH2PyWarXrZeRlWWXHWEWiMfCJT0r0yaU3bqWtEJloM9OaU6CtmCpeuvAUib46sIYF7kkZ3UkairzLG8ughmlPxFx6S9U4C0uKhZ77Vlcxz0SyUlkP%2BDZb6B0uSenh4UD9zLxcowALqN50gz0S2Czq2L%2BjnH%2FWAdR0oKLO5Lu5yLl0B8UwDWDl7KDtyclbF8Xoj6veREvh2cWOmeXPwF%2FELD0lRWGxOGSkqWOc5zVYikKnWx2Qm0wGNGqHeTl2M9yp4PtWk5nfpse%2F63VA8f5Xr95Qrs%2BcFKY92IW47MvScFWCw05bpACZIF4O6hZjzaTeiETfacMfwjAlRUS%2BEIljQILGg1O1Hpt8OgubtF9e2lKkwHK0Xj%2BoSuRrWb%2FAj0drudfKzyPM8aEaZ%2FC%2FBBOsJK6MTdc3bZO5%2FjVHvzQRRazZP2%2BjABFMvx7NZGQoWzsiXNElc%2B8bTQM7wSbxFNt1ra3SIozMd08B6L%2BXO1wKSQ4AyLEmjKPHzuMht93Clws3%2BgzM5ovfiMUj7j7h2FOrxJICOIG4liUfKv7rxbWUtzc42trehHEG&mm_sceneid=0_0_7238045350_0&a=xxc%3Dad_ztc%26mi_id%3D0000_0tOBwFnSicxn-BZkc7bb-PMR85wUC1v45OJbNulwqs%26skuId%3D6191475523556&id=967052518198
803616058235,TOPTOY火影忍者疾风传萌兽派对系列搪胶毛绒可爱摆件生日礼物,58.81,¥,券后价,qinmeilianr,潮玩盲盒品牌店,回头客2万,900+人付款,广东 中山," 3期, 店铺满10减3, 48小时内发, 包邮, 公益宝贝",款式类型:隐藏款 | 出售状态:现货 | 系列类型:联名系列 | 品牌:TOPTOY（玩具）,https://gw.alicdn.com/imgextra/O1CN01XUEmZp2N7aV4C35Gv_!!1039249916-0-picasso.jpg,//item.taobao.com/item.htm?id=803616058235&ns=1&abbucket=10&xxc=taobaoSearch&mi_id=00007drd5WPLZwLD8MNQQWJlz3c6Ywpz3av1NKkx4sCpOSg&skuId=5937922078404
,,,,,,,,,,,,,
,,,,,,,,,,,,,
746488683749,迷你aj钥匙扣立体球鞋模型背包书包挂件精致情侣创意礼物男女玩具,12.9,¥,券后价,tb1248882646,AMOG潮玩,,800+人付款,广东 深圳,"淘金币已抵0.29元, 48小时内发, 包邮",图案类型:小清新 | 材质:搪胶,https://g-search2.alicdn.com/img/bao/uploaded/i4/i4/2207072149760/O1CN01eDZo5P2Ly8UolhCwV_!!2207072149760.jpg,//item.taobao.com/item.htm?id=746488683749&ns=1&abbucket=10&xxc=taobaoSearch&mi_id=0000dq45hJGdC7pPe3e94dkEQY__QhQEzCkwFxtEOW6K6n0&skuId=5148977185929
898197499275,TOPTOYHelloKitty果香乐园系列搪胶毛绒盲盒可爱桌面摆件生日礼物,594,¥,券后价,toptoy旗舰店,TOPTOY旗舰店,回头客9万,3000+人付款,广东 广州,"官方立减12%, 热销爆款, 退货宝",出售状态:现货 | 品牌:TOPTOY（玩具）,https://g-search1.alicdn.com/img/bao/uploaded/i4/i2/2211430099222/O1CN01AveqpI2HzjZkULS4F_!!4611686018427382038-0-item_pic.jpg,//detail.tmall.com/item.htm?id=898197499275&ns=1&abbucket=10&xxc=taobaoSearch&mi_id=0000-MD04TjpG2FtZ8A1XSek0IRpoWmiTrsPvmxHH5mx6JM&skuId=5968843359951
1015208906267,正版HelloKitty喵喵赐福系列搪胶毛绒盲盒新年女生礼物公仔挂件kt,62.1,¥,券后价,萌趣馆旗舰店,萌趣馆旗舰店,5年老店,56人付款,上海,"超级立减10%, 退货宝",单款概率:1/6 | 出售状态:现货 | ACG作品名:hellokitty | 品牌:萌趣馆,http://g.search1.alicdn.com/img/i1/1036710150/O1CN01xw8QsQ1CykWwIFD87_!!4611686018427384070-2-saturn_solar.png,http://click.simba.taobao.com/cc_im?p=%CC%C2%BD%BA%CD%E6%BE%DF&s=2138734165&k=2401&e=rK302x8DPxtCUDdJ1GklIFUcHHo3e%2BLa5l9vummJ%2FXhu5J3Td2pE7N2KXMmidzhbHRP3eljOfuCSU5m4GvbGXxj2HLUsLv9TOZQ701U9IAnVFBJPiEj%2BfKFd4tX1dfYUcWZRawsZFuVqGz9oFqKXBArB6oxUPNhiURbWfdsNcvT5bnS3Te24qwYS3glcGUE5ZQKWkPyFeX8Pq8uOzIKkx3z%2Fx%2BL4uqY74dbH40O%2FzKVbwEAnN3NUkH7huWtKPNIAj%2BXDj%2FQ0DPX%2FmkvAfLLjiQD0Y07T3vEZ7Rn4MgZNMlZa%2FoEVgayCfKP8zrn4M%2BK1PdDcL7nJZlEfHtrAbxQPYW1st4%2Fb1hxiyBshS6NMTkLVB2GLZFUGjIIgLgufAwkX1CwktTAJPlgP%2F7LPxxu595o0PQnxcCeqy9l9fHtjQ8Qo5eVSTfNuYge%2BHC66isDy%2Fjg5OGmod4Z3Z4h%2Ft3ahsUQmbRlNW%2FoSM6WpBEOM1v0A1SrrPfTVM9TI1u1KWP9piHZhJZjirFsHjxSw%2BYgWFEbJDjeJ8kTIgbg5hFd2APQI63iglx61ySSouL9xf4xC3ZOCKtYUXjQm2IyQeUxxRnZPircXDP4gf0z%2BpZ1P0iUV%2FBWn%2B2E2f8Vp2RKtcxmqZjZMt38uNI8gQDu3VZZSIOH%2BYCmqtZHRH0DvHtDl%2BEyQ2gZxGfvlRRSwQ728C%2FJNglEHbnFw%2FSZud%2FgjsISYZebz6j%2FKjOsKsayl91pDOqFdbhDGYtinvr%2FoCtYAbekHgdv7Fb7pJ8frWf%2FFN6q1lpwjoCh3%2F4N87CVRniKn5DQZHsClz%2Bo4ip7QJieuU62C52iJ6zi60lYGFZw%2BiOfoto8zEZq%2BY7bHWxRdAKTRS%2B0qVbC9729TEaoHVjOSr%2FZQ%2FEV53Co%2FH1JMv4OeeMs0PyC7ywCwg%2Fql%2B2JvPfQNJYSR48y1eabfnqdovqXxk9b3gdv7Fb7pJ8fifuzk31KSXIcxX2y6q8d6m7pqeg1cOcNNDZxwSR11uEf0z1Owx%2B7ehThOtJ%2F2EsRL6VuuL4vXsNzXUJCF%2FsLc2Pyf4uHS6w2NEIaU6vBZD5%2BvktvlZ1m2GsQplTXRstAilG7t%2FI3YGhHxJSz7%2Bw92%2B5rHbak5fDfkhqlFOzttGz1e6qJGpvnL%2BXkeqtXlFsh99%2BQx9RBHtXOUuyp5QzKS8wG9mI7V7WY6au9mInVi7eH%2BwnqGL9KYsdN4vy9nZElkWF3wyEc%2BHxN%2BepJKfnOB3QS%2Fek6NclnM6tMLNvhnGscVDsTEJK0dRKzr1b0o8%2BZYrJuOCdtfCw09kQeeqwrSrEHAyRfyKMpmK0U2lFg%2FG2v5NEzpc9SpLptxT%2B6lpVYF7Nn%2B%2F2D4a3D3NhgtRzfuQgvVAKNVw3KDSYe7AlIL37NJ1Lv8RrvdI1Ucq2AYOl0IXvgDbXesuQJeli9eCaZwaos7na2asYVfIJc6he5EFPYfJmNsiq5QHyr%2B68W1lLe9yTbMZGNfqlx0jXa7ZmhDgUD%2Fsbgq%2BnHF3cDzJ3bFoFg0nlhSknPXQyAaHIZmVmwQbMNeKGRKDkBZAVwHwxbjAWKBi2krOWZfwJL8lKl8yYU75qK9um0Am2JoOcny4N2AgH5bsUhdqj0vaOUBVBHWinyVTjNPu0uJBUCvFB1ZkL0qbfjGtshP0xLOfkN7FsxxsAELQCVziqlqVUYW6plKcSOaSegeTJ9RADVqHkeRxvKJ0zY9RckexGmfjgwTNhxNvQd9s7cOpM6oxjGFSrEdXV%2BW0BNuLlCzP%2B2RGq5Z1QBGi6ewCMr5UfKBTvpIRJC8yxvLoIZpT5lE4bvaLYQ5kDrdCenPeJNB2XmoC7BtYh%2FuNhPyR5mK%2FWhmXqX5lXRPXbOcOwno9mFhnlpfFFzaAEaLp7AIyvmHahqdaQ1hY%2B07zVka7aSvin%2BmytrzfzwigDfx2IJWhvkA2Zyri0xPGUWXWWjkVhpdsqsIC1epi%2BqlEjM4%2Fw0Ozpn6e2iyudlBm3M4zN9W1Ptp0Y5Bwfob4ADGs51Oo3ESFBNwC2u42W4AnLwnYCjlwK3VrnUFR5yCQl0e%2BUtkZiWDlCs79zANEGan6k8vGtHWKwsdCHog%2FrRRwOhmYyZk7h1tTMllo4fa4jsuT3I2CYVfXFmr0daYnYrONKvH9KEg2hdpWDNoC2CvROWLhDylbRE776n%2FMDKOnTtlhpITzSGf3vUBlVLhsfCg92yPzhr6V4iTpoVV9xVSFX8j6s6jn2QjRrAeUBn8RaJtwXaOs6347td5345dVv0KNK3u3T7CN3OhvCGWQMdyKY5O7zWTtufBy%2BZJAThwFDSjMOFbbghe%2BANtd6y5%2FghunAIi2lwYsrIvd%2BPIwlai0fQ2Tez%2FX8J8XBQIOy0h158qA0W0QEVlH78QOVE9&mm_sceneid=0_0_1036710150_0&a=xxc%3Dad_ztc%26mi_id%3D0000oFtRGgKbc0c9I4lOMSDB-md0YOpNGQzON3AT9KSRG7Y%26skuId%3D6021721040485&id=1015208906267
829156937628,经典日漫宫崎骏打伞龙猫手办潮玩家居装饰摆件模型搪胶公仔礼物,51.84,¥,,tb796712250,小小夫人,,100+人付款,广东 广州,"48小时内发, 包邮",,https://g-search2.alicdn.com/img/bao/uploaded/i4/i1/2200575186786/O1CN01Sxy6AX2002gjwxdwV_!!2200575186786.jpg,//item.taobao.com/item.htm?id=829156937628&ns=1&abbucket=10&xxc=taobaoSearch&mi_id=0000yM5wqfkvov2cEnMOeTq2Eldh-hKvLPjuSSB5SXl6OmY&skuId=5561867161823
998820973513,疯狂动物城周边搪胶毛绒公仔朱迪尼克玩具摆件手办包饰品持件,45,¥,券后价,jj6688fa,d[s296091223],5年老店,29人付款,广东 河源,"官方立减12%, 包邮",玩具类型:公仔 | 出售状态:现货,https://g-search1.alicdn.com/img/bao/uploaded/i4/i2/4052552438/O1CN01kkO11T1TseiSduybl_!!4052552438.jpg,//item.taobao.com/item.htm?id=998820973513&ns=1&abbucket=10&xxc=taobaoSearch&mi_id=00006Wcj3ROxSFOjqmIGTkCVCRAipOAcGd3Fx5YQLCmQFv4&skuId=6147161526348
928144703983,灵动创想蜡笔小新搪胶毛绒玩偶周边玩具系列公仔手办盲盒新年礼物,356,¥,券后价,灵动创想旗舰店,灵动创想旗舰店,回头客3万,200+人付款,广东 中山,"官方立减12%,  3期, 退货宝, 包邮",款式类型:隐藏款 | 出售状态:现货 | ACG作品名:蜡笔小新 | 品牌:LDCX/灵动创想,https://gw.alicdn.com/imgextra/O1CN01WcSaLO25qK6wUU3dy_!!1049937577-0-picasso.jpg,//detail.tmall.com/item.htm?id=928144703983&ns=1&abbucket=10&xxc=taobaoSearch&mi_id=0000aGfCi9XJRiJXJDa3Kvihh3zktF9fWEMqv7msW5wWBwc&skuId=5101638504949
1010744962597,小马宝莉马年心愿搪胶毛绒盲盒周边公仔摆件可爱女孩玩偶新年礼物,49.9,¥,券后价,小马宝莉旗舰,小马宝莉旗舰店,,12人付款,福建 厦门,"官方立减6元,  3期, 退货宝, 包邮",玩具类型:布艺毛绒玩具 | 玩偶种类:卡通形象 | 适用年龄:8岁以上 | 出售状态:现货 | 品牌:My Little Pony/小马宝莉,https://g-search3.alicdn.com/img/bao/uploaded/i4/i2/2218512529370/O1CN01gU28nw2J5WFqktTS5_!!4611686018427385818-0-item_pic.jpg,//detail.tmall.com/item.htm?id=1010744962597&ns=1&abbucket=10&xxc=taobaoSearch&mi_id=0000N0LKFTbmPUEHImpnVTIfZk90R7-ftt1yo27bL8ymz74&skuId=6178252687868
1000985223340,米塔集 Zoraa绒绒小屋搪胶毛绒系列盲盒搪胶毛绒娃娃潮流盲盒挂件,53.95,¥,首单价,米塔集旗舰店,米塔集旗舰店,,38人付款,广东 东莞,"官方立减12%, 直降5元,  12期, 淘金币已抵4.15元, 退货宝, 包邮, 公益宝贝",单款概率:1/72 | 款式类型:隐藏款 | 出售状态:现货 | ACG作品名:DC漫画系列 | 系列类型:联名系列 | 品牌:米塔集,http://g.search.alicdn.com/img/O1CN01mRYu8p23eIT9dAYoX_!!4611686018427384064-0-item_pic.jpg,http://click.simba.taobao.com/cc_im?p=%CC%C2%BD%BA%CD%E6%BE%DF&s=2138734165&k=2413&e=ScCbE%2Bg9Kx9CUDdJ1GklIFUcHHo3e%2BLa5l9vummJ%2FXhu5J3Td2pE7N2KXMmidzhbHRP3eljOfuARjpGMh2LSWv3NyEnL%2BLK%2BNxNeRF0Ja71gz0E%2FL7bnZ6Fd4tX1dfYUcWZRawsZFuVqGz9oFqKXBArB6oxUPNhiURbWfdsNcvT5bnS3Te24qwYS3glcGUE5ZQKWkPyFeX8Pq8uOzIKkx3z%2Fx%2BL4uqY74dbH40O%2FzKVbwEAnN3NUkH7huWtKPNIAj%2BXDj%2FQ0DPX%2FmkvAfLLjiQD0Y07T3vEZ7Rn4MgZNMlZa%2FoEVgayCfKP8zrn4M%2BK1PdDcL7nJZlEfHtrAbxQPYW1st4%2Fb1hxiyBshS6NMTkLVB2GLZFUGjIIgLgufAwkX1CwktTAJPlgP%2F7LPxxu595o0PQnxcCeqy9l9fHtjQ8Qo5eVSTfNuYge%2BHC66isDy%2Fjg5OGmod4bJiog4nkCQVVaYhGW1Y9axnIJ3dQhsdAvUIQv8VI0RRGlJU%2FCSt4zs%2FDSpDXHqdFV%2Fts1bX7tL%2BwvXjpbnGY7b51p2rhJvT4ca0Ja2bVVuIZ2XdWK0v0mgJyOolHZqyfqYAMPyyfZ32jud776zLyErFNRJ55JC4GuvOng8Us%2BX1kUCoTCU8ozNpEzi5uippHO1WCXbUwr%2FGjVBOzKuimTaoxdUglp0H9TaTXf%2FIbMfFTd5UZm%2BBO7RGlRWIgcFIaD57eDrP7cjiG9p9Kb%2BzZkfTNmmCY1GD4WTlXlwfenAGKJwYOleoaHPN%2BDA%2BqbZyEIjhiIaEbp2ZePWBjxWhk4vBwTnUtnKjvLTh2HFC4zWusGvPZYnjmOQXWAxXr7gH8auctURdnAWgRMj%2BYAWnR8asfCg92yPzhr6V4iTpoVV9xVSFX8j6s6jn2QjRrAeUBklRoz0SAbYeK347td5345dNTnUtjFutXuGueRDZROL2izIlC4AHN2GO7Yq6%2BOdr36hW4kqVAP%2F%2FkAF2rJ9YS9nNDvPYqXuOI5ksJVdSL85Zcao8vQkXjYSjEdHgCfHZ6qPHaesglPbvy1rGI%2FRSlWIpzAxPxBfIbq4lKF5yju9f5cs6MHErDXzH6JAo8p4WJTUOwsmCi9%2FO7Pc%2BZvWMipVHDhlsvbOxvgiYrjpimBKw%2BTVReribB9d2AjZEXgCKdCMqOMGoo4kDd1WtI3GHFyrP9sFmlvKIMOdEA5NDnFIefedodq%2Fwut%2FAjofAg5U4SdG5yCE1xMEAwLdh4IRcgyt5ZRB1%2BElrK3yp2ytK5oPg2wIM%2FJHNz7lxbEsj2EnFBiAAiJVeIbesP90qSyGCYe80naZ7cQDOiEtesYN48OcayuI3FGwpDdjmfq2vEzBXUMpHNzkLocBySOZs93HIJi9okQdWqpysRg6jEMrYvn6wVtV%2Fh9KWT4z9HuJTzIHsd6CGir5bA0M9AXOKQgXIm1MiJbSozjMXB6EaTyfYPn%2Bp2SvaXcNCuzpyfaC3fc6wmWoo0v35NTmxcSqwPd05hfUJJ3TYHieiCzTMFzLL8AacfMPHAISoibxQ1Bkauw8y5O30B%2FgsCGXjs87Xf5Ysi4vJEaounmKrxSHig4eBavKiqgvlanSKtOQLpLkUZSxQgxuIT2o0mHdXXxN3BD%2BJXj0d%2FQp24kwZxhPRwcB6AO2i2%2BzSZ%2B09zTE1sm3rG7g7p7ylYdHlacTJbqy%2BEViWW1wwN6n19NERjRxpl9D3M5L8nWLFxp1FLa2jIRAmwFya0FDQ6GByOtw4mDD%2FfhoplabHODN5F0f%2BcjO003DMEllJZQX4hWp9aPUvMZoTPNvBS7NdFPBz2JbailixRN%2BAn3woejtUPXbzIU1W0F2ChqrZFPLZyWs5rWIkwUyLFiNRLsZspPnQTV7257XFWYjkfRlavM6adgq6CXbVxsl7gimMIloLTISvJO%2F6KrtH%2BiG4H3nAYov8PH0UBlFl1lo5FYaXbKrCAtXqYvqpRIzOP8NDs6Z%2BntosrnZQZtzOMzfVtT7adGOQcH6G%2BAAxrOdTqNxEhQTcAtruNluAJy8J2Ao5cCt1a51BUecgkJdHvlLZGYlg5QrO%2FcwDRBmp%2BpPLxrR1isLHQh6IP60UcDoZmMmZO4dbUzJZaOH2uI7Lk9yNgmStq6xXg62L9PdfTFwTPp%2Bq2Bu5YQr2V%2FMiLrTGbRLZnCkoEwtRmCvCdlQ9huEds5wrpuxvJAYRAx%2FIvTka8TOdY3uw78IVI2iGEzVXDcjaaMoa3Y7%2FEjuz4%2BY4q7GyBXttl0UzY5z%2FzBg%2F9sZkiEqrfju13nfjl0HWmZLwHinxYvLaP0g2DdJs9kxl8lMMbehaMZy52hhPnAUNKMw4Vtua%2B9CtlvHbokd8evMGTPZujjhT3R33cVLVqLR9DZN7P9fwnxcFAg7LSHXnyoDRbRARWUfvxA5UT0%3D&mm_sceneid=1_0_9788969538_0&a=xxc%3Dad_ztc%26mi_id%3D0000wzwfgJ3J7dwaybwcdzrk_oj3JxyTNqut9nkJtJiFpEQ%26skuId%3D6156131446174&id=1000985223340
1002498475570,【TNT】DORA自在系列毛绒搪胶盲盒潮玩公仔桌面摆件手办礼物女生,119,¥,首单价,oristaco旗舰店,Oristaco旗舰店,,100+人付款,福建 泉州,"官方立减12%, 直降10元, 退货宝, 包邮",款式类型:隐藏款 | 出售状态:现货 | 系列类型:联名系列 | 品牌:ORISTACO,https://gw.alicdn.com/imgextra/O1CN01sVuWet1bQH744vZ58_!!2217195163459-0-picasso.jpg,//detail.tmall.com/item.htm?id=1002498475570&ns=1&abbucket=10&xxc=taobaoSearch&mi_id=0000dRjxZqhYT1SRtlZIVdsLXszt8NRW9Kunl3jNEl5lOhY&skuId=6160622023342
968889394834,POPMART泡泡玛特 我们都是123星星人搪胶毛绒盲盒手办挂件礼物,97,¥,首单价,威威小伟,小公主盲盒商城,回头客6万,1000+人付款,广东 佛山,"直降4元,  3期, 店铺满500减5, 包邮, 酷动城",款式类型:隐藏款 | 出售状态:现货 | 系列类型:联名系列 | 品牌:POP MART/泡泡玛特,https://g-search3.alicdn.com/img/bao/uploaded/i4/i4/611722344/O1CN01Z4fJx31TBbUts1toX_!!611722344.png,//item.taobao.com/item.htm?id=968889394834&ns=1&abbucket=10&xxc=taobaoSearch&mi_id=0000YCAwb9DytEWNT-Gno2IzCy8poL3fpINfHIg3I-Kdkwo&skuId=6194349919646
962610075075,POPMART泡泡玛特PUCKY毕奇木鱼敲敲系列搪胶毛绒挂件盲盒玩具礼物,221.6,¥,券后价,tb999760993,星球潮玩盲盒,,800+人付款,浙江 金华,包邮,款式类型:端盒 | 出售状态:现货 | 系列类型:联名系列 | 品牌:POP MART/泡泡玛特,https://g-search3.alicdn.com/img/bao/uploaded/i4/i2/2208442370071/O1CN01zSqbBX1COZEx4KRVj_!!2208442370071.jpg,//item.taobao.com/item.htm?id=962610075075&ns=1&abbucket=10&xxc=taobaoSearch&mi_id=0000M6jw0YcF3_izo9u05OLjkYErY3RRw5XnC8CuB-37TBA&skuId=6174789035275
965537641801,网红新款摔不坏搪胶白坯娃娃儿童涂色地摊夜市玩具背包熊非石膏胚,2.15,¥,券后价,狂卷星期八,石膏娃娃批发店,18年老店,100+人付款,浙江 金华,"淘金币已抵0.06元, 48小时内发",材质:胶制 | 适用年龄:6岁 | 产地:中国大陆 | 适用年龄（新版）:3岁及以上,http://g.search.alicdn.com/img/i4/10750851/O1CN01ujLCah1I9nwdGs5Ck_!!0-saturn_solar.jpg,http://click.simba.taobao.com/cc_im?p=%CC%C2%BD%BA%CD%E6%BE%DF&s=2138734165&k=2093&e=B%2B%2BPKCMCdKBCUDdJ1GklIFUcHHo3e%2BLa5l9vummJ%2FXhu5J3Td2pE7N2KXMmidzhbHRP3eljOfuAv3dhROEPJGhE%2FPtG%2FxHV10DvIGljDFhVgz0E%2FL7bnZ6Fd4tX1dfYUcWZRawsZFuVqGz9oFqKXBArB6oxUPNhiURbWfdsNcvT5bnS3Te24qwYS3glcGUE5ZQKWkPyFeX8Pq8uOzIKkx3z%2Fx%2BL4uqY74dbH40O%2FzKVbwEAnN3NUkH7huWtKPNIAj%2BXDj%2FQ0DPX%2FmkvAfLLjiQD0Y07T3vEZ7Rn4MgZNMlZa%2FoEVgayCfKP8zrn4M%2BK1PdDcL7nJZlEfHtrAbxQPYW1st4%2Fb1hxiyBshS6NMTkLVB2GLZFUGjIIgLgufAwkX1CwktTAJPlgP%2F7LPxxu595o0PQnxcCeqy9l9fHtjQ8Qo5eVSTfNuYge%2BHC66isDy%2Fjg5OGmod4bJiog4nkCQVW1hyiIFgX4X%2BSw3GL35aQIpQFx4UEDCp5%2FPuQQI%2B8vIL3IIpZcZ3qppwrKdNvjQaL2fg%2Br%2Bnqgbmfw7SK52c5cI%2FEOYBRAhtKC%2FvPTT2Nji5cvah%2Fzj6uilodkH24F02zihza3c8jjw5nsa62XKS6Qsp8PGRdbXgvzK%2F9kgfRfZ1yf3ikNBqHksKB9KvTejb2BW1tVPOy1ZglEHbnFw%2FSbSR%2F0H2IpF6eTmskp0mB6QGYbuXZSQiBjyE3UvkZnpwUKkHSvUwVl2vZ%2BD6v6eqBvqB8zHZ5IDEWjRVONTrw4hYbuzIhHTbGubnJAtEAPh7w4gwXYHv5ac0n7hrhDwBBr4YTrB2yKyNjtGcbbNZuHmktnmaLAsF9MsiKtKwUqvKQH%2FbXPQ1jHbEjPY5nCmWoocdpv5%2BaVs9LgLGEJGqXwx92NesLCNNsE%2FBlfclC3N2iQxAMnD37wDCRZD4aMjIxT0GIBEHpj7xYOA5dFe4vDc6epoXv3yjklviVl%2BBlC867%2F%2BaXTGYW3zP83mxGCA0v9E8uKYKZ%2Bs8LKn155j%2FaLDNQVZUJq%2Fo%2BrmGjmAP%2Bdxgv1pdhhEsB5%2B7PqC2H9Mcgc4rMzPwQcF58GYsTC5L9dILuChZUHDyuOLKUq2pDGp%2F3KJyXIF9%2BHy%2FK%2F33C07xTEhBcfAn36dTUDEFUegz3gz8c0E0qC4ueV%2B50IDp0nlE8cVDsTEJK0dRKzr1b0o8%2BZYrJuOCdtfC1A8eCX%2B6kzW7n73tP4AhkROjtbi2gI5y06dg4%2FNbvDvIh5uypNPznTmj%2B6cjdv%2BfN171HST4u0YIHXuXHUQU1G0UcDoZmMmZADZ2ETTAcVvw9kagnY%2B4Zo26k6wqIAA5hkjM04oqjl0ApffjO34bkM971W%2Fg0tNvYdFMkyfudy34GHO34nK9Yu7xaJ3kgtWSoy6yS7jLDwjWwQ1HEdVYkfOjA0Xmv9FpU%2FFNdH3xVHAGCNG%2Fyg57Nlm3W3bQfNvys6MDRea%2F0Wl8QMj%2BzFxAI1IASwrEeVN94NbFn3clulTobBt9SRP8rWqS6iBXaaVIFteRjo2MCuW5vqCPhvX9GnRHUP52M%2BV%2Bae0pPH2WF3KnEH6mPUeseggmAfhLuCacFn9Gm%2FFPXgD7w9BA5U39C9N8C30qZDjrv1oZl6l%2BZV0T12znDsJ6PbHFdrtrJiOTLqUZAhbkfdJGie2T8x4eVd03MZb5836h3HQORc5PsNbOzqgL0kkQ179NdjlwINXL2c2pcGC14xyMwj7Gu5FSHeIbT%2Fj4t1rESnLe9Gcnsd7S%2B6Rp%2F1B0R4FbLe%2FGxrE8zjV143HoD3osWqqnjWgwR8p4ElPrnvchwLnIq6xoGBGLAJwtfixyysQZKHhiqjLKEoy%2BEhw9R7XNLVPWLVRjHZycy6Z33FRu2k7H77PmfnWsYZk3mnlVef8cC9VphPbZ3K7k9FQ7FRx10XPVzFMfR16hnzR7iyLqumK8tlsxPjtjW%2BnoXDHtLX5N9Zg21gxNFo%2FILGOzEr5O%2Fb%2BOpN%2B8spTqyVAxziUjDASeyCB7FRUvVXW9zqQtwJbOM%2FsTPGVZiWzpp87aqsLxfLXUzfF2Dj2zjaO7E7rChYaUP7m3clhcyLSITUCHkY%3D&mm_sceneid=1_0_10750851_0&a=xxc%3Dad_ztc%26mi_id%3D0000ixFBjoF6-3rNHiHhak_yMgLr_MYHlXFALsDswt7cLcE%26skuId%3D5009037700557&id=965537641801
920134343023,POPMART泡泡玛特PUCKY毕奇木鱼敲敲系列搪胶毛绒挂件盲盒玩具礼物,600,¥,,tb9723665577,TOT潮玩店,,600+人付款,浙江 金华," 3期, 包邮",款式类型:端盒 | 出售状态:现货 | 系列类型:联名系列 | 品牌:POP MART/泡泡玛特,https://g-search1.alicdn.com/img/bao/uploaded/i4/i2/2216411999407/O1CN01qQiXdD2JMSuVwCqmk_!!2216411999407.jpg,//item.taobao.com/item.htm?id=920134343023&ns=1&abbucket=10&xxc=taobaoSearch&mi_id=0000-t6ixewYPdqeCxwA7YWQ4ocgeo67L_oYgzGZDjMQNgs&skuId=6008615420841
926661872763,正品TOPTOY三丽鸥家族HelloKitty果香乐园毛绒盲盒公仔潮玩搪胶,73,¥,券后价,曾今皮草,Funny Toys有趣潮玩,,200+人付款,广东 广州,"店铺满11减10, 48小时内发, 包邮",出售状态:现货 | 品牌:TOPTOY（玩具）,https://gw.alicdn.com/imgextra/O1CN01s8nl6y1fcsTUUjnEM_!!1076004028-0-picasso.jpg,//item.taobao.com/item.htm?id=926661872763&ns=1&abbucket=10&xxc=taobaoSearch&mi_id=0000J2z4WQASMEDHKtRRZbDctY0UZYJBT8pX2g5tSMC_nqA&skuId=5805563712731
,,,,,,,,,,,,,
930552895974,正版TOPTOY火影忍者疾风传萌兽派对系列搪胶毛绒可爱摆件生日礼物,79.29,¥,券后价,tb663497444,NTP潮玩,,100+人付款,福建 泉州," 3期, 退货宝, 48小时内发, 包邮, 酷动城",,https://g-search3.alicdn.com/img/bao/uploaded/i4/i1/3885841147/O1CN01H4qjNK1KLNLlrEyJg_!!3885841147.jpg,//item.taobao.com/item.htm?id=930552895974&ns=1&abbucket=10&xxc=taobaoSearch&mi_id=0000PVXe2RsKrvG5g6cQUaPtRTCM9XDVDhlnH9-Cu6zHm-I&skuId=5816394892445
787615129065,灵动创想蜡笔小新搪胶毛绒玩偶盲盒龙年第二弹代女孩公仔手办玩偶,32,¥,首单价,吴伟杰1990,动漫玩具城堡 15年老店,回头客2万,200+人付款,浙江 杭州,"直降2元,  3期, 店铺满199减10, 退货宝, 包邮, 公益宝贝",款式类型:隐藏款 | ACG作品名:蜡笔小新 | 品牌:LDCX/灵动创想,https://g-search1.alicdn.com/img/bao/uploaded/i4/i1/264765042/O1CN01wAmGS81n7Hul2Av5G_!!264765042.jpg,//item.taobao.com/item.htm?id=787615129065&ns=1&abbucket=10&xxc=taobaoSearch&mi_id=0000CcY67_1zgOEg3hHmVZpa01ns_Z-0pcF361j4Kh8zkXQ&skuId=5911751766925
910066552072,ONECOSMO Yoyoo软FuFu梦境系列搪胶娃娃挂件毛绒玩偶盲盒手办礼物,65.55,¥,券后价,onecosmo旗舰店,ONE COSMO旗舰店,,500+人付款,江苏 苏州,"热销爆款, 淘金币已抵3.45元, 退货宝, 48小时内发, 包邮",款式类型:端盒 | 出售状态:现货 | 品牌:ONE COSMO,http://g.search1.alicdn.com/img/i1/8025636944/O1CN01XpXVAU21APOeR5L5A_!!4611686018427379792-0-saturn_solar.jpg,http://click.simba.taobao.com/cc_im?p=%CC%C2%BD%BA%CD%E6%BE%DF&s=2138734165&k=2381&e=oymUR2l8iWJCUDdJ1GklIFUcHHo3e%2BLa5l9vummJ%2FXhu5J3Td2pE7N2KXMmidzhbHRP3eljOfuBV0CxkhMm8c6%2FsXwqV519OiZg7IO2UQHFgz0E%2FL7bnZ6Fd4tX1dfYUcWZRawsZFuVqGz9oFqKXBArB6oxUPNhiURbWfdsNcvT5bnS3Te24qwYS3glcGUE5ZQKWkPyFeX8Pq8uOzIKkx3z%2Fx%2BL4uqY74dbH40O%2FzKVbwEAnN3NUkH7huWtKPNIAj%2BXDj%2FQ0DPX%2FmkvAfLLjiQD0Y07T3vEZ7Rn4MgZNMlZa%2FoEVgayCfKP8zrn4M%2BK1PdDcL7nJZlEfHtrAbxQPYW1st4%2Fb1hxiyBshS6NMTkLVB2GLZFUGjIIgLgufAwkX1CwktTAJPlgP%2F7LPxxu595o0PQnxcCeqy9l9fHtjQ8Qo5eVSTfNuYge%2BHC66isDy%2Fjg5OGmod4bJiog4nkCQVVaYhGW1Y9ax%2BSw3GL35aQIEn%2BEYox%2BnYWlJU%2FCSt4zs%2FDSpDXHqdFV%2Fts1bX7tL%2B68gQ6uxyZjVBiylGSY9Ak1rKef%2Ba3itst5bSCaodn8Kwgof1oQ6WwgYWVPehvyFeROYh%2BaK5Kc8pr61nQUAnLeKGIz3IJz22qQH15YnsqrNP9Q38d5uCsoAAs%2FTBKO1sTZoJAgKbOHjHtnOGvc4jZOvH8AzwWgomO%2FBTs%2BSVyTRGlRWIgcFIaD57eDrP7cjiG9p9Kb%2BzZkfTNmmCY1GD4V7PoPqt0bN78zkpLvoKkpT9N2KUlPBKbQiIwCT47%2BLQxrI3Tg35UlVQPzioFyG3NStCPQa9W0vVTkTybRIkfKt8Z3nRixwRdt%2B6JdJk6UAP1sUXQCk0UvtKlWwve9vUxGqB1Yzkq%2F2UPxFedwqPx9STL%2BDnnjLND8gu8sAsIP6pftibz30DSWEkePMtXmm357url8jdTH%2BdwYspRkmPQJNuAsYQkapfDEtd7%2FN8fKBPYXOTIqvHI2WT8%2BT%2BCCyIVIe7Hc6cb5ipu1pZEZgcIMSVdl1qfVkPh%2Fp6mhe%2FfKOSW%2BJWX4GULzrv%2F5pdMZhbfM%2FzebEYIDS%2F0Ty4pgpn6zwsqfXnmP9osM1BVlQmr%2Bj6uYaOYA%2F53GC%2FWl2GESwHn7s%2BoLYf0xyBziszM%2FBBwXnwZixMLkv10gu4KFlQcPK44spSrakMan%2FDf%2BERPwx9v1dn34n68g0vVZe6qWr3gpZJrJJJ94WLAyGc05qpu90QN48OItoV9iApCb8MhtbMggxWHx9wm2cd1dYoGqAmuzpKLqYi4JwGwK%2FEDrq2zjnpapcOBEhB6vuJLh2EP9qETgCW9XNsW%2FLCebn4w2M2jd%2FBVBtXjFEUEtaLsnMz%2BffndWJgmwaOlEG6Eu5O6OImVZqHwqWZhsrfcF9S%2BG5%2Bop%2BuzUoo3epWK81Aa%2F7EYZNeB7Zzhr3OI2ThF%2BChjJPDbiOOPTD2elRDCHXnyoDRbRA%2FBplA2v2gIgHXH4DCWsS9BxWHhacs6V5YXxBMbc6e7vB%2F33Kw%2F28ug4%2BL1afHrGlxRWC%2FExwq5C4tibnFJZojpJVXsFx%2FlGjkpsLFh%2FO%2FHcS%2FS6lwkiDjsAi1VF8kKTXNshSvBClGca8LgR08qushKmYO%2BQ8lis9rkhSYLJwd2%2BdwDBCZOEa1V7H8BYmUtzKAUTMENcbd0muSFJgsnB3b88jILDM7kZH46rWqIVcawW3n0MvaxHu46UGWzUzawEndmqcKktxgfEXIDd0JnXaA25w948WMbU4%2FGRFweIm4srjSEHOmspsLZyoOWZLHPxl8uIxQ9PZCqRHS2iYdWjzXAJGbakOLtfOB9j8lmq162V0L%2BsWkIRj5hb2gjRQj%2F9QqHVjdK2VblX8ZEXB4ibiyuNIQc6aymwtAb3zP7yJBsP9PHPYJXjtbg5IajhKsqENjvLCQ6bdGtqL93%2B4H8Usbw%2BvzQiQkWuqvVu3BZ03uq3y30J6FH3ubyezmfzvKGy42oVtT5VvLVTxcsuyzE91sWh6SVyw887ghshqA%2BWwzyZ%2F7Tb0pZsk5bxx0BkrndcbtsfzsX%2FCrc4ytuopDiyBHvv%2FG8YvXRCIj0VHiwmSjsJqHwqWZhsrfVvtLnAWNXQksex1AnaMwLoXqWkaQoW1ujTFrQ5OvgTBRbHNJJ7HyFsCW9XNsW%2FLCVHqpT%2FhwNPkeoZ80e4si6oG019zOfNmso1vp6Fwx7S1kqSrqfn68fzIw2jkVQ1aQ9Fo2AG5lSbn1IhCiXiCqmJPXbOcOwno9nx3xjCGEuJ8jbvEnTpvjB3M5KS76CpKU6u4khThFJUMljGwQJlmknDY0ol0rFgw%2FB7Zzhr3OI2TKKPZe6mSK3r2zjaO7E7rChYaUP7m3clhcyLSITUCHkY%3D&mm_sceneid=0_0_8025636944_0&a=xxc%3Dad_ztc%26mi_id%3D0000ou5zIA6DEO9sH-yIKxj2WXn4AXFEkhy9ZCUCLeELtIw%26skuId%3D5923266029762&id=910066552072
924378868548,跨镜mia西班牙土豆娃娃18cm搪胶玩偶伴手礼玩具直供,38.8,¥,券后价,tb5143790359,炎创空间,,18人付款,广东 揭阳,"官方立减12%, 包邮",,https://g-search2.alicdn.com/img/bao/uploaded/i4/i2/2217694392613/O1CN01RngJM81VAo2HIFSzi_!!2217694392613.jpg,//item.taobao.com/item.htm?id=924378868548&ns=1&abbucket=10&xxc=taobaoSearch&mi_id=0000Nt3po2qYifCLpGxdfs48hhMoAGRU3hgikCEPQ2zXJug&skuId=6176418311783
809083757447,宝宝耐摔软胶回力车婴幼儿搪胶玩具惯性小汽车男孩女孩儿童1-3岁,23.5,¥,券后价,小默的理想,童乐玩具模型店,10年老店,17人付款,广东 汕头,"淘金币已抵0.4元, 退货宝",适用年龄:3岁 | 玩具类型:塑胶玩具 | 外观造型:消防车,https://g-search3.alicdn.com/img/bao/uploaded/i4/i3/1796943986/O1CN01YJkdz41fJdgWRQJP3_!!1796943986.jpg,//item.taobao.com/item.htm?id=809083757447&ns=1&abbucket=10&xxc=taobaoSearch&mi_id=0000yTwF6urYQnQitMoTNmPL8L13rad8PbL1faJlhTltbFQ&skuId=5665684111905
1021609748090,新品 宠物用品狗狗耐咬磨牙搪胶软搪胶漏食球益智玩具厂家直销,14,¥,,tb7125896350012,7125896350012,,0人付款,北京,包邮,,https://g-search1.alicdn.com/img/bao/uploaded/i4/i2/2218707655002/O1CN01siyd4I1moyF8omTdi_!!2218707655002.jpg,//item.taobao.com/item.htm?id=1021609748090&ns=1&abbucket=10&xxc=taobaoSearch&mi_id=0000sZwru33MK7WBNTiD8Y1vrVK-vedB5AjLDUc0rFTv-fI&skuId=6030499952220
1011855147605,MiiTAKI米塔集搪胶毛绒玩偶公仔潮玩挂件盲盒新年新款礼物小礼品,337.5,¥,首单价,米塔集旗舰店,米塔集旗舰店,,55人付款,广东 东莞,"官方立减12%, 直降42元,  12期, 淘金币已抵23.5元, 退货宝, 包邮",单款概率:1/6 | 出售状态:现货 | 品牌:米塔集,https://gw.alicdn.com/imgextra/O1CN01jAyucK23eITbxdDp2_!!2221307777280.jpg,http://click.simba.taobao.com/cc_im?p=%CC%C2%BD%BA%CD%E6%BE%DF&s=2138734165&k=2413&e=YFQ8NiIW781CUDdJ1GklIFUcHHo3e%2BLa5l9vummJ%2FXhu5J3Td2pE7N2KXMmidzhbHRP3eljOfuARjpGMh2LSWv3NyEnL%2BLK%2B1tpBC6I6l5Ngz0E%2FL7bnZ6Fd4tX1dfYUcWZRawsZFuVqGz9oFqKXBArB6oxUPNhiURbWfdsNcvT5bnS3Te24qwYS3glcGUE5ZQKWkPyFeX8Pq8uOzIKkx3z%2Fx%2BL4uqY74dbH40O%2FzKVbwEAnN3NUkH7huWtKPNIAj%2BXDj%2FQ0DPX%2FmkvAfLLjiQD0Y07T3vEZ7Rn4MgZNMlZa%2FoEVgayCfKP8zrn4M%2BK1PdDcL7nJZlEfHtrAbxQPYW1st4%2Fb1hxiyBshS6NMTkLVB2GLZFUGjIIgLgufAwkX1CwktTAJPlgP%2F7LPxxu595o0PQnxcCeqy9l9fHtjQ8Qo5eVSTfNuYge%2BHC66isDy%2Fjg5OGmod4bJiog4nkCQVVaYhGW1Y9axIJ%2Fx1vPOR%2B95Ks4mL1jZJGlJU%2FCSt4zs%2FDSpDXHqdFV%2Fts1bX7tL%2B6UAAlsClbbAqO1wa7vPyEbjYVgk8Nv55nm%2BFmEWgpkU1csRkyUd7Zx1VAxcrpdTucDW6njtU4oaRShSiMHq6GrYmAJ%2BaWFFqgt5273l0eXppCJ8jPARfXteofvblqWF9jVBOzKuimTaKnQS8Jayq5LZXasiA0rKyTd5UZm%2BBO7RGlRWIgcFIaD57eDrP7cjiG9p9Kb%2BzZkfTNmmCY1GD4WTlXlwfenAGF6%2BbOflsee1Y8q1GXJVxyrGJr3KzcxRKSQs15FxjWQ3BwTnUtnKjvLTh2HFC4zWusGvPZYnjmOQXWAxXr7gH8auctURdnAWgRMj%2BYAWnR8asfCg92yPzhr6V4iTpoVV9xVSFX8j6s6jn2QjRrAeUBklRoz0SAbYeK347td5345dNTnUtjFutXuGueRDZROL2izIlC4AHN2GEmLWF7A5yBqQBHQomUUP10AF2rJ9YS9neqiyuLo%2Bav2x8RuHIjYEA8ao8vQkXjYSjEdHgCfHZ6qPHaesglPbv1gLIrqYnVwLpzAxPxBfIbq4lKF5yju9f5cs6MHErDXzH6JAo8p4WJTUOwsmCi9%2FO7Pc%2BZvWMipVHDhlsvbOxvgiYrjpimBKw%2BTVReribB9d2AjZEXgCKdCMqOMGoo4kDd1WtI3GHFyrP9sFmlvKIMOdEA5NDnFIefedodq%2Fwut%2FAjofAg5U4SdG5yCE1xMEAwLdh4IRcgyt5ZRB1%2BElrK3yp2ytK5oPg2wIM%2FJHNz7lxbEsj2EnFBiAAiJVeIbesP90qSyGCYe82X5lqfvcd7awpvyFj0pZiGzSRssxggxgnAL5ArFVD2EpHNzkLocByW6bQdFAPyjfxgYZiIwwf4o6jEMrYvn6wVtV%2Fh9KWT4z9HuJTzIHsd6CGir5bA0M9Aa0RdfdMxYO9MZ7O%2FdRbY%2FioJ5q00m%2BD42yBW4FRqIEkF51pB4Bycmoo0v35NTmxcSqwPd05hfUJJ3TYHieiCzTMFzLL8AacfMPHAISoibxQ1Bkauw8y5Nb%2B9gu3VQ1nxskkZL9pp439SNa%2Fbu6zT%2FuJHEWyhV4olPV9vTNDIJ2o13d%2BnM1NGCYHRvOtkkb3HxN3BD%2BJXj0fz%2FqOYuonpGVuxIHHfj92m%2BzSZ%2B09zTE1sm3rG7g7p6dRIWHvqi%2BHz9Kuog%2BT%2FObwN6n19NERjRxpl9D3M5L8nWLFxp1FLa2jIRAmwFya0FDQ6GByOtw4mDD%2FfhoplabHODN5F0f%2BcjO003DMEllJZQX4hWp9aPUvMZoTPNvBS7NdFPBz2JbaqEqy3ByMXCfHCT9Mc3OqgKPjhfC3JSDuFPLZyWs5rWIkwUyLFiNRLsZspPnQTV7257XFWYjkfRlavM6adgq6CXbVxsl7gimMIloLTISvJO%2FLEtl4l17dgfnAYov8PH0UBlFl1lo5FYaXbKrCAtXqYvqpRIzOP8NDs6Z%2BntosrnZQZtzOMzfVtT7adGOQcH6G%2BAAxrOdTqNxEhQTcAtruNluAJy8J2Ao5cCt1a51BUecgkJdHvlLZGYlg5QrO%2FcwDRBmp%2BpPLxrR1isLHQh6IP60UcDoZmMmZO4dbUzJZaOH2uI7Lk9yNgmJB7UaGm0uMdPdfTFwTPp%2Bq2Bu5YQr2V%2FMiLrTGbRLZnCkoEwtRmCvCdlQ9huEds5wrpuxvJAYRAx%2FIvTka8TOdY3uw78IVI2iGEzVXDcjaaMoa3Y7%2FEjuz4%2BY4q7GyBXttl0UzY5z%2FzBg%2F9sZkiEqrfju13nfjl2VjnEdJvbT3MAlyeUqtIjpkJLedWAk9mhn2C9gJAw9f3AUNKMw4VtuBJFjncBdFa4GGs32%2BgT%2BXZz5Pc68Uf6jVqLR9DZN7P9fwnxcFAg7LSHXnyoDRbRARWUfvxA5UT0%3D&mm_sceneid=1_0_9788969538_0&a=xxc%3Dad_ztc%26mi_id%3D0000AZ77ue0fRbnKz4-FxWo14eEhroDdQsme4l54OSWj9GU%26skuId%3D6181634031979&id=1011855147605
1012249699684,正版爆款超大号搪胶咆哮机械臂金刚大战哥斯拉怪兽玩具男孩手办,19.8,¥,券后价,tb800438900802,金刚搪胶创意手办的小店,,4人付款,广东 汕头,"48小时内发, 包邮",玩具类型:塑胶玩具 | 适用年龄:14岁以上 | 产地:中国大陆 | 适用性别:男女通用 | 品牌:0001,https://g-search2.alicdn.com/img/bao/uploaded/i4/i1/2221538726248/O1CN01hwUSPl1w1djkdnf0S_!!2221538726248.jpg,//item.taobao.com/item.htm?id=1012249699684&ns=1&abbucket=10&xxc=taobaoSearch&mi_id=0000jmzIgVWqhgoT_vDhkxTTsWA1jbgBCMe1jQIqlrnW3eA&skuId=6182443499177
980567805249,灵动创想奥特曼怪兽艺术搪胶CHIMA潮玩新款玩具周边手办摆件盲盒,198,¥,券后价,灵动创想拉拉手专卖店,灵动创想拉拉手专卖店,,8人付款,广东 中山," 3期, 店铺满98减5, 退货宝, 包邮",,https://g-search3.alicdn.com/img/bao/uploaded/i4/i2/2217706622751/O1CN01mqCu4E1WC0fZsX9nb_!!4611686018427383583-0-item_pic.jpg,//detail.tmall.com/item.htm?id=980567805249&ns=1&abbucket=10&xxc=taobaoSearch&mi_id=0000lwGqDlby0kK8lXOn1hh7wjwHU_UO5Afzv6nRuzfN5os&skuId=5938296329025
862612029960,正品 三丽鸥搪胶拿铁宝宝盲盒第二代英伦下午茶可爱毛绒公仔摆件,99,¥,券后价,潮玩正版集合店,潮玩正品集合店,回头客1万,77人付款,浙江 衢州,"店铺满39减5, 包邮",款式类型:端盒 | 出售状态:现货 | 系列类型:联名系列 | 品牌:TOPTOY（玩具）,https://gw.alicdn.com/imgextra/O1CN015p1sD91a40DzrMUpd_!!2216853973275-0-picasso.jpg,//item.taobao.com/item.htm?id=862612029960&ns=1&abbucket=10&xxc=taobaoSearch&mi_id=00008rwsZNOUbVKQzP9t5-EU0TvVlPR1oj9W7v6afNdadQM&skuId=5683896237789
972841339749,现货X11非人哉伸手手系列搪胶毛绒盲盒潮玩摆件玩偶女生生日礼物,49,¥,券后价,青峻优选,BOXES潮玩正版店,,100+人付款,广东 东莞,"48小时内发, 包邮",款式类型:隐藏款 | 出售状态:现货 | 系列类型:联名系列 | 品牌:X11,https://g-search3.alicdn.com/img/bao/uploaded/i4/i4/2211641406361/O1CN01c3oROq1wrOStoDvpN_!!2211641406361.png,//item.taobao.com/item.htm?id=972841339749&ns=1&abbucket=10&xxc=taobaoSearch&mi_id=0000-9qferGJgVW_0iOVLPgxYVWaAY0KtTyhgfPBBR7ZDn0&skuId=5925114728985
962276953446,POPMART泡泡玛特DIMOO心动特调系列搪胶毛绒挂件潮玩手办礼物,219.9,¥,,李超越0922,TOP DOLL 俱乐部,回头客1万,2000+人付款,广东 广州,"店铺满299减3, 48小时内发",款式类型:特别版 | 出售状态:现货 | 系列类型:联名系列 | 品牌:POP MART/泡泡玛特,http://g.search3.alicdn.com/img/i3/1392190029/O1CN011EtyQH1C5KbUgnbyB_!!4611686018427380301-0-saturn_solar.jpg,http://click.simba.taobao.com/cc_im?p=%CC%C2%BD%BA%CD%E6%BE%DF&s=2138734165&k=2393&e=UvJRGQMojJRCUDdJ1GklIFUcHHo3e%2BLa5l9vummJ%2FXhu5J3Td2pE7N2KXMmidzhbHRP3eljOfuC6H9rnstCZRlezBPwmozq1HaxZ5icqRkN6wzDL6T3KbqFd4tX1dfYUcWZRawsZFuVqGz9oFqKXBArB6oxUPNhiURbWfdsNcvT5bnS3Te24qwYS3glcGUE5ZQKWkPyFeX8Pq8uOzIKkx3z%2Fx%2BL4uqY74dbH40O%2FzKVbwEAnN3NUkH7huWtKPNIAj%2BXDj%2FQ0DPX%2FmkvAfLLjiQD0Y07T3vEZ7Rn4MgZNMlZa%2FoEVgayCfKP8zrn4M%2BK1PdDcL7nJZlEfHtrAbxQPYW1st4%2Fb1hxiyBshS6NMTkLVB2GLZFUGjIIgLgufAwkX1CwktTAJPlgP%2F7LPxxu595o0PQnxcCeqy9l9fHtjQ8Qo5eVSTfNuYge%2BHC66isDy%2Fjg5OGmod4ZWwlcpTlUtDWd%2F0Zz6IvdS4vuOJVO09mljcx1aA5gyeW%2BiEUPkTdfSN63lc0LsAHwR7JbX5oV5AL7y8cHl%2F7y9gsGB4ziYpoT6DFeARjbMooeiyvVwtIZ%2Fo6ou7pQ5gqacGJ5Q9G7F8s3K54kBaGzIdBXHn%2FQNdmzrLBuTJTGeqNo98ws9Np3uLyrTP%2F91TorU%2BtlRE9%2FRqTxl%2BtvibZliim73zvO5PevajJtVqNhTyZQSAKwELRXJIhHvI%2Bb2lg9oxkQFARZZsEHLiABFByY%2Fsayl91pDOqFdbhDGYtinvuodPNq8RQNLo4H0VaOP1ZzMEhNGNAWJnkT2t5OwsuLY4qaPfYjxglG2r6ql%2FsNcwwhYa1BXj2lkZv%2B%2B9G27s%2FH8puL30BpiVutWYfLQmeca9iuXx16BBAxr6nxDqEknnn492vg2RfywrWaA%2BhNKPCXjkKtKHVYiF3LKdcJj8MGTtr9zscwnv6t24oNjiUX2bk9ds5w7Cej20M9YK8cumwQVAVDFWIE6rrV6HeHaCXZ%2FQnmpLrnUHPMlmyI4hIampWaYYX5CqFmuIDQpULCUIYU6IxKKdojGLYJr7NeDd%2B824C72n9SnNhVYgRYafu8IWBfye6f5O5ZkvLsr7zmkE5XjmHYqLzPT%2BLhRQnU67dtVrlC%2B7Y8ZiZB4b3ljzj0gNjaVRhsZrjg%2FXLEqdARMfGXUCx%2B1VPGTPPlzg00008uyfknBSya1z%2BmMesNmjHGe9%2Fq6BAzhUF5iNTm8nCJWaCp4M1NzcKAOKf%2BXmdOqJ%2FEng8J4fqvCgHcT5jU%2FhpXsh41giidvoCYDO17r0lsug72w1zb8aqgUJt3XPAPLp%2FGc9Wp23v5Y8uxQE4t3%2Fhl44tykWX%2BveJWILiVfarYJjgn20p8kqaEJF5Mwns%2FZ9HoTuin3%2BiAiLgdtJH7lHaITxT5%2FzNDgqV5Q6oW7xC43em6ugRqUgDcfTabhB1%2FF6PCZBksbQFOpBVYHBiY7tyl%2FtZYDJiY8XyYpcZohD%2FTgPOwWGlD%2B5t3JYTnqG%2Bv%2BOkY6n0cqoFluVQs24fzlMSopEBd4vQRcCMaWaAUbkNhePHrtIig8MAwXMja3bxo8O0WuDM8g9M%2FH7b108UTamk1t7Y7NyQGSDMRPOiJmDbVLer%2FIj0TESvHPahtcD5bzQXwmCPf6FD%2BeH%2BX5f%2BXcVGb%2BlGEbPlrXUzchDKgTpjiLpG4I9%2FoUP54f5b3oh1nufVk9UQA1ah5HkcbyidM2PUXJHsRpn44MEzYcTb0HfbO3DqTOqMYxhUqxHV1fltATbi5Qir90VT8EZ5gM%2BQWA7CUF6JyoOWZLHPxl8uIxQ9PZCqRJitxL4cRvoPgvMBnWB41DOI4OelorXEExYitmPuL93oa55ENlE4vapoRaHZMy8b9v%2F10vwCbRpbNhC6Tff0TNvMsby6CGaU%2FEXHpL1TgLS%2Fj%2FaliUGE8upj3yOjw8hhToHS5J6eHhQABDjr%2BDboJD3nSDPRLYLOpG8tF3DyYRIxM3CJjj7G5TMf1LFnyt8R0haeeMDun7tPgoCH5AMjBsTlcSIBo7B%2FcONtgG%2Ba%2FgHMkWu0eL7jHV76eHKbJfuBbWqT0DVwgs7uD1RrOn4uA2s0nUu%2FxGu93Xod03vCUAd5p3qGiUId1mN3RHUwTFc09935hkowvCWTz%2BecUQvQ2zO%2Bs%2FiDnh6c0ZVBcpJ7x3z3qGfNHuLIuqYW25V%2BTBWBeNb6ehcMe0tZKkq6n5%2BvH8yMNo5FUNWkNoC%2BwZTj97OoUi0ZBjaxotT12znDsJ6Pb7Ym899A0lhKhV2ED4vWEtZlIYO4X4QCYlnGqm2FeU%2BKOB9FWjj9WcuAsYQkapfDGsEmq4gq7z6ZFYC2nfPPAyULYvra5nnhLAa%2FArKINarFmdrsoLPPozKwnTWAIkmW7tXhvNhUmNMw%3D%3D&mm_sceneid=1_0_1392190029_0&a=xxc%3Dad_ztc%26mi_id%3D000050evHCq7Q8EtK3xPW-2t7Nk1MjYoXVwCyeaHpXWQsz8%26skuId%3D5933425116028&id=962276953446
692903981379,搪胶涂鸦非石膏娃娃存钱罐可爱大黄鸭抖音网红流行发财暴富鸭玩具,10.9,¥,券后价,chendengxingwucun,义乌星星之火玩具百货批发,13年老店,92人付款,浙江 金华,"淘金币已抵0.1元, 退货宝, 48小时内发, 包邮, 公益宝贝",品牌:墨腾 | 材质:胶制 | 适用年龄:12岁 | 适用年龄:13岁 | 适用年龄:14岁 | 适用年龄:14岁以上 | 适用年龄:10岁 | 适用年龄:11岁 | 适用年龄:6岁 | 适用年龄:5岁 | 适用年龄:4岁 | 适用年龄:3岁 | 适用年龄:9岁 | 适用年龄:8岁 | 适用年龄:7岁 | 产地:中国大陆,https://g-search1.alicdn.com/img/bao/uploaded/i4/i4/321653563/O1CN01VM5Uz81cBtylbuU4G_!!321653563.jpg,//item.taobao.com/item.htm?id=692903981379&ns=1&abbucket=10&xxc=taobaoSearch&mi_id=0000gzFMKc7drrNrCQjF9K-5kw0_9o3uDDF4jfCcMiEJ1X4&skuId=4917648528255
959164750750,LEIHOO雷猴系列毛绒盲盒齐天大圣周边公仔玩偶潮玩手办摆件礼物,79,¥,首单价,oristaco旗舰店,Oristaco旗舰店,,200+人付款,福建 泉州,"官方立减12%, 直降3元, 24小时内发, 退货宝, 包邮",出售状态:现货 | 系列类型:联名系列 | 品牌:ORISTACO,https://gw.alicdn.com/imgextra/O1CN01Kdo30u1bQH74InE6t_!!2217195163459-0-picasso.jpg,//detail.tmall.com/item.htm?id=959164750750&ns=1&abbucket=10&xxc=taobaoSearch&mi_id=0000OQ1VqFH8pus6nD6USDkMDgFEjIxpov1RmviL3qRgdlA&skuId=5874755921623
1008606974342,POPMART泡泡玛特马力全开系列毛绒挂件马年搪胶摆件公仔新年礼物,119.9,¥,,tb7445538986,SUN TOY,,400+人付款,广东 广州,"店铺满199减3, 24小时内发, 包邮",款式类型:隐藏款 | 出售状态:全款预售 | 系列类型:联名系列 | 品牌:POP MART/泡泡玛特,https://g-search3.alicdn.com/img/bao/uploaded/i4/i2/2211802957652/O1CN01zOtjrP26Ofojrugtk_!!4611686018427381588-0-item_pic.jpg,//item.taobao.com/item.htm?id=1008606974342&ns=1&abbucket=10&xxc=taobaoSearch&mi_id=0000aK5MslopxvlvvHWr-URYotJg8JRTsqAt--p8mlB_DK0&skuId=6174163647771
979539533931,【tnt】DORA自在系列盲盒挂件包挂搪胶毛绒新品首发,109,¥,首单价,tntspace旗舰店,TNTSPACE旗舰店,回头客3万,900+人付款,浙江 杭州,"直降10元, 热销爆款, 退货宝",出售状态:现货 | 品牌:TNTSPACE,https://img.alicdn.com/imgextra/jz3_2/2214526999899/O1CN01HTk3OR2MznlzwDett_!!2214526999899-0-alimamacc.jpg,http://click.simba.taobao.com/cc_im?p=%CC%C2%BD%BA%CD%E6%BE%DF&s=2138734165&k=2369&e=8CypyqqDj1NCUDdJ1GklIFUcHHo3e%2BLa5l9vummJ%2FXhu5J3Td2pE7N2KXMmidzhbHRP3eljOfuDIny%2BXWWDyoOuLi1ateyh3YdPgmj3%2BGVTVFBJPiEj%2BfKFd4tX1dfYUcWZRawsZFuVqGz9oFqKXBArB6oxUPNhiURbWfdsNcvT5bnS3Te24qwYS3glcGUE5ZQKWkPyFeX8Pq8uOzIKkx3z%2Fx%2BL4uqY74dbH40O%2FzKVbwEAnN3NUkH7huWtKPNIAj%2BXDj%2FQ0DPX%2FmkvAfLLjiQD0Y07T3vEZ7Rn4MgZNMlZa%2FoEVgayCfKP8zrn4M%2BK1PdDcL7nJZlEfHtrAbxQPYW1st4%2Fb1hxiyBshS6NMTkLVB2GLZFUGjIIgLgufAwkX1CwktTAJPlgP%2F7LPxxu595o0PQnxcCeqy9l9fHtjQ8Qo5eVSTfNuYge%2BHC66isDy%2Fjg5OGmod4ZxgAqPFWVt%2Fh2WVFFhfszyaUlT8JK3jOz8NKkNcep0VX%2B2zVtfu0v77p9yf4%2F2FIOLahOznn6HfFj1Eb7awbIf3W7N6O6NnJILfzUSuMqo%2FQryOS%2Bsv73zjWA1zLkFpbEEG576IW6w%2F1bTkjmE5dsXkY5mcYZYAq%2BKktawuafP8jtQ7Ul3i%2FxFNqOvJUgVT3z%2FvhW2ViuzMy%2BsiHOsQhlX78FOz5JXJNEaVFYiBwUhoPnt4Os%2FtyOIb2n0pv7NmR9M2aYJjUYPhXs%2Bg%2Bq3Rs3v69UDJgn69XUJNrb7SSPmAcv9CznTjVngGb%2B4nWE1t4XrqMPLNc78DAUMoKUTQG9IORPJtEiR8q2hZXeG2a0aC48zEZq%2BY7bHWxRdAKTRS%2B0qVbC9729TEaoHVjOSr%2FZQ%2FEV53Co%2FH1JMv4OeeMs0PyC7ywCwg%2Fql%2B2JvPfQNJYSR48y1eabfnpMV28yDcTPOi2oTs55%2Bh3y4CxhCRql8MS%2F8Uff6RWneq91gQ7q6xeM62c77HUWagvIFeegHmqpHpIlCJ3EoHCMDixjFhWgGvMFJoYHY5%2BDt2Pyf4uHS6w2NEIaU6vBZD5%2BvktvlZ1m2GsQplTXRstAilG7t%2FI3YGhHxJSz7%2Bw92%2B5rHbak5fDfkhqlFOzttGz1e6qJGpvnL%2BXkeqtXlFsh99%2BQx9RBHtXOUuyp5QzKS8wG9mI7V7WaF6OLr2wvQWN3H3kz%2F4mL%2BsdN4vy9nZElkWF3wyEc%2BHxN%2BepJKfnOB3QS%2Fek6NclnM6tMLNvhnGscVDsTEJK0dRKzr1b0o8%2BZYrJuOCdtfC0BzKg2NQWIS%2FPt%2FLs549ngLfzUSuMqo%2FVUi0BKw0JWbevMIed05OpUEG576IW6w%2F6tprICZJMmSa2%2F%2FfCDz7JdKHO7dqW13TrNJ1Lv8RrvdI1Ucq2AYOl2KktawuafP8sZ1W3e8F0Eb7R6dqSN2oxA%2B33z5D%2Bv51%2FYfJmNsiq5QHyr%2B68W1lLe9yTbMZGNfqlx0jXa7ZmhDgUD%2Fsbgq%2BnHF3cDzJ3bFoG2Y7yh5qaJiMa6ZzPpcx9RhAdJLuQS6SA34BzMq3Xmqj0sBNtT6gR87%2FPvW39kNCSxFPDdTt4e2doaqucMFGnvLAl5ao%2B3G4Hk0SRmpv4NYZB8BP3E5qa1fDJcIZ0omf%2BaAFYHoF3F%2F0xLOfkN7Fswrx7ZQAJ9BvV8MlwhnSiZ%2FJZP1AqzlcUuhXeLV9XX2FDmlnCrZH%2FTB8NiUcJmdIgGwmkJPH8EQ7ymXHtaCYawMCqz7bdH5fNAggpxQlMqah2qf08JjP0V2GaryVyOqDyv9PHPYJXjtbtHglLr1oANS4dv0hlkAXDf8wypnXIyPyUpugB6QAQzQzBqLbyhyQqK2v3OxzCe%2Fq27WdG8T%2F7MvgeithleItje5KcRLLwbdtYfpOmFaZRPO7EpRUZ5z%2BGjtwQdFTtVxZUMzeOaFgLv%2FjVyRRjdRcT7MJftS4yG2MAQxAqEhMJWxtjl5G3BC0P71dYLkuCopGUvukaf9QdEeBWy3vxsaxPM41deNx6A96LFqqp41oMEfKeBJT6573IcC5yKusaBgRiwCcLX4scsrEGSh4YqoyyhKMvhIcPUe1zS1T1i1UYx2cnMumd9xUbtpOx%2B%2Bz5n51uAJYatRb7s1pYbGLm3eqL00xa0OTr4EwUWxzSSex8hb0PU%2BHb5VLva1V52OjeRrPnqGfNHuLIuqBtNfcznzZrKNb6ehcMe0tZKkq6n5%2BvH8yMNo5FUNWkPRaNgBuZUm59SIQol4gqpiT12znDsJ6PZoIY6XzKLgPSUswbTx7IO069UDJgn69XXnfKjp2u69TcwFHE%2FtJdaT9BLOaBlKEtf%2FvhW2ViuzMzWOM9NTYaPc9s42juxO6woWGlD%2B5t3JYXMi0iE1Ah5G&mm_sceneid=0_0_3171052319_0&a=xxc%3Dad_ztc%26mi_id%3D0000qrf7VK6J3o37p_ZXxkUNJf6Dg76qs6_ihlRP2wD-fuM%26skuId%3D5989733364009&id=979539533931
1013534886830,POPMART泡泡玛特PUCKY毕奇敲敲系列搪胶毛绒挂件盲盒潮玩手办礼物,108.9,¥,,tiger_toy,TIGER TOY,,400+人付款,广东 广州,"店铺满299减5, 48小时内发, 包邮",款式类型:隐藏款 | 出售状态:现货 | 系列类型:联名系列 | 品牌:POP MART/泡泡玛特,https://g-search3.alicdn.com/img/bao/uploaded/i4/i1/720952235/O1CN016qKfQz1SNgKEbgwa1_!!4611686018427386795-0-item_pic.jpg,//item.taobao.com/item.htm?id=1013534886830&ns=1&abbucket=10&xxc=taobaoSearch&mi_id=0000RCFl1kBstb550VdvlJ04fUhCI4XkHUPNjdcyJHqP_FI&skuId=6183294258547
1011593786577,POPMART泡泡玛特拉布布Labubu前方高能3.0三代搪胶挂件公仔盲盒,299,¥,券后价,伊家健康店,三宝玩具周边,,300+人付款,广东 汕头,"超级立减10%, 48小时内发, 包邮",款式类型:端盒 | 出售状态:代购 | 系列类型:联名系列 | 品牌:POP MART/泡泡玛特,https://g-search2.alicdn.com/img/bao/uploaded/i4/i4/2217197254976/O1CN01leGx791md3wN3BFMq_!!2217197254976.jpg,//item.taobao.com/item.htm?id=1011593786577&ns=1&abbucket=10&xxc=taobaoSearch&mi_id=0000JnQJYB46bxZj0sNxxqihKjGTeqgNBTKNd7-74zpE4cM&skuId=6014684429961
996670446058,正版TOPTOY卷卷羊梦幻小马系列搪胶毛绒盲盒可爱公仔玩偶摆件礼物,64,¥,券后价,森润泰科技,RUN潮玩正版店,回头客2万,90人付款,广东 汕头," 3期, 店铺满39减5, 淘金币已抵1.92元, 退货宝, 48小时内发, 包邮",款式类型:端盒 | 出售状态:现货 | 品牌:TOPTOY（玩具）,https://g-search1.alicdn.com/img/bao/uploaded/i4/i2/3156995143/O1CN01Hbd8hK1nrY4aqBVQm_!!3156995143.jpg,//item.taobao.com/item.htm?id=996670446058&ns=1&abbucket=10&xxc=taobaoSearch&mi_id=00002VNTOuXfKC89d-SwsFucwSk5zbAnCOSVeiXDposLS4E&skuId=6143658578918
964840209049,官方正版ABAO迷你小丘比搪胶桌面摆件小手办,99,¥,券后价,paws鳯爪,PAWS MARKET,,25人付款,广东 广州,"官方立减12%, 退货宝, 包邮",出售状态:现货 | 材质:搪胶 | 适用年龄:14周岁以上,https://g-search3.alicdn.com/img/bao/uploaded/i4/i2/2217041534955/O1CN01RVK5dw1mTRcga5U4b_!!2217041534955.jpg,//item.taobao.com/item.htm?id=964840209049&ns=1&abbucket=10&xxc=taobaoSearch&mi_id=0000PhwWFyTTm3n-nEJbq8NCXZ6gAfT17W4453brYK3p3kM&skuId=6179479458582
