campus_id,timestamp,consumption
1,2018-05-01 06:00:00,24.8502085
1,2018-05-01 07:00:00,26.40453854
1,2018-05-01 08:00:00,45.34679348
1,2018-05-01 09:00:00,38.38303117
1,2018-05-01 10:00:00,32.77770508
1,2018-05-01 11:00:00,31.09043495
1,2018-05-01 12:00:00,30.99728443
1,2018-05-01 13:00:00,30.90519093
1,2018-05-01 14:00:00,29.48874635
1,2018-05-01 15:00:00,30.25049274
1,2018-05-01 16:00:00,28.8730414
1,2018-05-01 17:00:00,26.71166618
1,2018-05-01 18:00:00,24.52046309
1,2018-05-01 19:00:00,19.2480845
1,2018-05-01 20:00:00,21.59602233
1,2018-05-01 21:00:00,20.06535957
1,2018-05-01 22:00:00,21.54248084
1,2018-05-01 23:00:00,20.84236222
1,2018-05-02 00:00:00,21.57242645
1,2018-05-02 01:00:00,20.07673293
1,2018-05-02 02:00:00,20.80524147
1,2018-05-02 03:00:00,20.74697448
1,2018-05-02 04:00:00,21.61760021
1,2018-05-02 05:00:00,21.55728699
1,2018-05-02 06:00:00,23.10877991
1,2018-05-02 07:00:00,25.36202897
1,2018-05-02 08:00:00,35.23019916
1,2018-05-02 09:00:00,35.20355548
1,2018-05-02 10:00:00,31.37736766
1,2018-05-02 11:00:00,29.7428479
1,2018-05-02 12:00:00,31.22457166
1,2018-05-02 13:00:00,30.45424732
1,2018-05-02 14:00:00,29.71674688
1,2018-05-02 15:00:00,29.73414842
1,2018-05-02 16:00:00,29.00242996
1,2018-05-02 17:00:00,29.81146569
1,2018-05-02 18:00:00,26.07315099
1,2018-05-02 19:00:00,20.80120611
1,2018-05-02 20:00:00,21.52917699
1,2018-05-02 21:00:00,23.14132203
1,2018-05-02 22:00:00,21.44393338
1,2018-05-02 23:00:00,22.15764656
1,2018-05-03 00:00:00,21.40933499
1,2018-05-03 01:00:00,18.34585897
1,2018-05-03 02:00:00,19.10767146
1,2018-05-03 03:00:00,16.12090946
1,2018-05-03 04:00:00,16.12006392
1,2018-05-03 05:00:00,16.10359858
1,2018-05-03 06:00:00,18.33481709
1,2018-05-03 07:00:00,22.85610492
1,2018-05-03 08:00:00,22.83892136
1,2018-05-03 09:00:00,29.45438617
1,2018-05-03 10:00:00,28.63943738
1,2018-05-03 11:00:00,27.8233222
1,2018-05-03 12:00:00,20.25442705
1,2018-05-03 13:00:00,23.16086084
1,2018-05-03 14:00:00,26.23430895
1,2018-05-03 15:00:00,32.27031354
1,2018-05-03 16:00:00,32.33619919
1,2018-05-03 17:00:00,27.84248552
1,2018-05-03 18:00:00,24.79248007
1,2018-05-03 19:00:00,19.54299003
1,2018-05-03 20:00:00,21.86691151
1,2018-05-03 21:00:00,21.13638844
1,2018-05-03 22:00:00,21.9805301
1,2018-05-03 23:00:00,21.2489794
1,2018-05-04 00:00:00,22.01068906
1,2018-05-04 01:00:00,20.53334633
1,2018-05-04 02:00:00,20.56276314
1,2018-05-04 03:00:00,20.56160537
1,2018-05-04 04:00:00,21.28919861
1,2018-05-04 05:00:00,21.37403629
1,2018-05-04 06:00:00,27.42298736
1,2018-05-04 07:00:00,31.09973343
1,2018-05-04 08:00:00,34.94477534
1,2018-05-04 09:00:00,32.6548364
1,2018-05-04 10:00:00,32.50269713
1,2018-05-04 11:00:00,30.98259554
1,2018-05-04 12:00:00,30.92554584
1,2018-05-04 13:00:00,30.21823265
1,2018-05-04 14:00:00,30.27378174
1,2018-05-04 15:00:00,30.40064415
1,2018-05-04 16:00:00,31.11085537
1,2018-05-04 17:00:00,28.86553702
1,2018-05-04 18:00:00,28.0555796
1,2018-05-04 19:00:00,23.56310311
1,2018-05-04 20:00:00,21.31075745
1,2018-05-04 21:00:00,22.82232971
1,2018-05-04 22:00:00,23.61413239
1,2018-05-04 23:00:00,22.05537705
1,2018-05-05 00:00:00,22.08669027
1,2018-05-05 01:00:00,22.04290947
1,2018-05-05 02:00:00,20.51493874
1,2018-05-05 03:00:00,22.08450052
1,2018-05-05 04:00:00,20.64525356
1,2018-05-05 05:00:00,22.07571678
1,2018-05-05 06:00:00,21.34094556
1,2018-05-05 07:00:00,22.10915286
1,2018-05-05 08:00:00,25.088149800000004
1,2018-05-05 09:00:00,26.53329552
1,2018-05-05 10:00:00,19.69036066
1,2018-05-05 11:00:00,21.99574563
1,2018-05-05 12:00:00,21.19301627
1,2018-05-05 13:00:00,20.43003552
1,2018-05-05 14:00:00,20.39500761
1,2018-05-05 15:00:00,19.55284713
1,2018-05-05 16:00:00,18.83144342
1,2018-05-05 17:00:00,19.66327615
1,2018-05-05 18:00:00,19.74655465
1,2018-05-05 19:00:00,19.74597568
1,2018-05-05 20:00:00,21.30772745
1,2018-05-05 21:00:00,20.591284100000006
1,2018-05-05 22:00:00,19.86601675
1,2018-05-05 23:00:00,20.54024171
1,2018-05-06 00:00:00,20.64814608
1,2018-05-06 01:00:00,20.61861031
1,2018-05-06 02:00:00,20.58849495
1,2018-05-06 03:00:00,21.39714743
1,2018-05-06 04:00:00,20.67838423
1,2018-05-06 05:00:00,21.40833773
1,2018-05-06 06:00:00,22.16066723
1,2018-05-06 07:00:00,22.9581646
1,2018-05-06 08:00:00,26.62165833
1,2018-05-06 09:00:00,26.52716235
1,2018-05-06 10:00:00,19.62801766
1,2018-05-06 11:00:00,21.07232391
1,2018-05-06 12:00:00,20.30598375
1,2018-05-06 13:00:00,19.49678616
1,2018-05-06 14:00:00,19.55064082
1,2018-05-06 15:00:00,19.69202305
1,2018-05-06 16:00:00,19.79033035
1,2018-05-06 17:00:00,19.13462323
1,2018-05-06 18:00:00,19.93781692
1,2018-05-06 19:00:00,20.00269669
1,2018-05-06 20:00:00,20.68957291
1,2018-05-06 21:00:00,20.79158203
1,2018-05-06 22:00:00,20.77739113
1,2018-05-06 23:00:00,19.95915764
1,2018-05-07 00:00:00,20.77966736
1,2018-05-07 01:00:00,20.8586553
1,2018-05-07 02:00:00,20.82570981
1,2018-05-07 03:00:00,20.82676232
1,2018-05-07 04:00:00,20.81229749
1,2018-05-07 05:00:00,22.35030386
1,2018-05-07 06:00:00,23.13147767
1,2018-05-07 07:00:00,37.52780347
1,2018-05-07 08:00:00,19.88509886
1,2018-05-07 09:00:00,34.12886406
1,2018-05-07 10:00:00,44.99535935
1,2018-05-07 11:00:00,35.25377637
1,2018-05-07 12:00:00,28.57707001
1,2018-05-07 13:00:00,23.39389206
1,2018-05-07 14:00:00,21.13864304
1,2018-05-07 15:00:00,25.62513064
1,2018-05-07 16:00:00,43.63115302
1,2018-05-07 17:00:00,33.23428229
1,2018-05-07 18:00:00,25.83122292
1,2018-05-07 19:00:00,19.82674016
1,2018-05-07 20:00:00,22.16776006
1,2018-05-07 21:00:00,21.45206078
1,2018-05-07 22:00:00,21.43264794
1,2018-05-07 23:00:00,20.66712087
1,2018-05-08 00:00:00,20.66910914
1,2018-05-08 01:00:00,19.85501801
1,2018-05-08 02:00:00,19.89348279
1,2018-05-08 03:00:00,20.65476152
1,2018-05-08 04:00:00,20.66008071
1,2018-05-08 05:00:00,22.21450659
1,2018-05-08 06:00:00,22.99705833
1,2018-05-08 07:00:00,31.38502458
1,2018-05-08 08:00:00,35.15314997
1,2018-05-08 09:00:00,30.5386702
1,2018-05-08 10:00:00,23.71331787
1,2018-05-08 11:00:00,15.30376226
1,2018-05-08 12:00:00,37.26624205
1,2018-05-08 13:00:00,31.09279514
1,2018-05-08 14:00:00,28.00673019
1,2018-05-08 15:00:00,25.80983593
1,2018-05-08 16:00:00,24.313048
1,2018-05-08 17:00:00,23.74039682
1,2018-05-08 18:00:00,23.01869996
1,2018-05-08 19:00:00,21.55492004
1,2018-05-08 20:00:00,21.60170349
1,2018-05-08 21:00:00,22.32302515
1,2018-05-08 22:00:00,22.35514387
1,2018-05-08 23:00:00,22.39922144
1,2018-05-09 00:00:00,22.39714203
1,2018-05-09 01:00:00,22.39129522
1,2018-05-09 02:00:00,21.63316719
1,2018-05-09 03:00:00,22.42345602
1,2018-05-09 04:00:00,21.66771253
1,2018-05-09 05:00:00,23.24696989
1,2018-05-09 06:00:00,24.79255276
1,2018-05-09 07:00:00,30.11058529
1,2018-05-09 08:00:00,34.61635437
1,2018-05-09 09:00:00,31.51854629
1,2018-05-09 10:00:00,29.94843622
1,2018-05-09 11:00:00,27.63023526
1,2018-05-09 12:00:00,26.80556917
1,2018-05-09 13:00:00,27.53586932
1,2018-05-09 14:00:00,26.67675786
1,2018-05-09 15:00:00,29.1057592
1,2018-05-09 16:00:00,26.78905741
1,2018-05-09 17:00:00,26.05306125
1,2018-05-09 18:00:00,24.56927671
1,2018-05-09 19:00:00,21.51595572
1,2018-05-09 20:00:00,22.25744727
1,2018-05-09 21:00:00,20.7592742
1,2018-05-09 22:00:00,20.77888343
1,2018-05-09 23:00:00,20.85594376
1,2018-05-10 00:00:00,20.92290374
1,2018-05-10 01:00:00,20.17961891
1,2018-05-10 02:00:00,20.91653839
1,2018-05-10 03:00:00,20.92754785
1,2018-05-10 04:00:00,20.92277075
1,2018-05-10 05:00:00,22.49076355
1,2018-05-10 06:00:00,27.11879736
1,2018-05-10 07:00:00,31.6543975
1,2018-05-10 08:00:00,37.81196823
1,2018-05-10 09:00:00,34.68066783
1,2018-05-10 10:00:00,33.0714209
1,2018-05-10 11:00:00,33.74963093
1,2018-05-10 12:00:00,32.23133637
1,2018-05-10 13:00:00,31.45815967
1,2018-05-10 14:00:00,33.91396881
1,2018-05-10 15:00:00,35.27088976
1,2018-05-10 16:00:00,33.04177167
1,2018-05-10 17:00:00,33.94676725
1,2018-05-10 18:00:00,32.46591838
1,2018-05-10 19:00:00,29.40581266
1,2018-05-10 20:00:00,28.66814131
1,2018-05-10 21:00:00,26.32718995
1,2018-05-10 22:00:00,25.58616846
1,2018-05-10 23:00:00,24.0211745
1,2018-05-11 00:00:00,24.03931293
1,2018-05-11 01:00:00,23.28633542
1,2018-05-11 02:00:00,22.51986063
1,2018-05-11 03:00:00,23.32861158
1,2018-05-11 04:00:00,23.39813142
1,2018-05-11 05:00:00,24.08151627
1,2018-05-11 06:00:00,27.89243805
1,2018-05-11 07:00:00,33.26013272
1,2018-05-11 08:00:00,39.35006104
1,2018-05-11 09:00:00,36.27813741
1,2018-05-11 10:00:00,36.18774268
1,2018-05-11 11:00:00,34.60839671
1,2018-05-11 12:00:00,33.14660155
1,2018-05-11 13:00:00,33.90903182
1,2018-05-11 14:00:00,31.63497589
1,2018-05-11 15:00:00,30.93890611
1,2018-05-11 16:00:00,34.68426343
1,2018-05-11 17:00:00,31.65066432
1,2018-05-11 18:00:00,27.7120846
1,2018-05-11 19:00:00,24.66613207
1,2018-05-11 20:00:00,23.09545811
1,2018-05-11 21:00:00,22.32992683
1,2018-05-11 22:00:00,21.56181963
1,2018-05-11 23:00:00,20.78132265
1,2018-05-12 00:00:00,19.29321979
1,2018-05-12 01:00:00,20.07812872
1,2018-05-12 02:00:00,19.29608843
1,2018-05-12 03:00:00,21.55163087
1,2018-05-12 04:00:00,20.06751125
1,2018-05-12 05:00:00,21.59750153
1,2018-05-12 06:00:00,20.87545462
1,2018-05-12 07:00:00,23.92311154
1,2018-05-12 08:00:00,24.77103939
1,2018-05-12 09:00:00,23.96589348
1,2018-05-12 10:00:00,22.24257258
1,2018-05-12 11:00:00,22.92938488
1,2018-05-12 12:00:00,20.70989385
1,2018-05-12 13:00:00,21.44292612
1,2018-05-12 14:00:00,21.44187199
1,2018-05-12 15:00:00,21.57418986
1,2018-05-12 16:00:00,21.57110426
1,2018-05-12 17:00:00,21.61594788
1,2018-05-12 18:00:00,21.58870026
1,2018-05-12 19:00:00,20.85411734
1,2018-05-12 20:00:00,20.07168678
1,2018-05-12 21:00:00,20.07709525
1,2018-05-12 22:00:00,20.08208139
1,2018-05-12 23:00:00,20.07373982
1,2018-05-13 00:00:00,20.1128107
1,2018-05-13 01:00:00,20.12629161
1,2018-05-13 02:00:00,20.07207831
1,2018-05-13 03:00:00,20.11829665
1,2018-05-13 04:00:00,19.29799848
1,2018-05-13 05:00:00,20.06680956
1,2018-05-13 06:00:00,20.84555727
1,2018-05-13 07:00:00,22.35376135
1,2018-05-13 08:00:00,23.08492813
1,2018-05-13 09:00:00,23.05732758
1,2018-05-13 10:00:00,21.46330193
1,2018-05-13 11:00:00,21.41355886
1,2018-05-13 12:00:00,21.37668393
1,2018-05-13 13:00:00,21.31278294
1,2018-05-13 14:00:00,19.81996619
1,2018-05-13 15:00:00,20.59406168
1,2018-05-13 16:00:00,19.92454148
1,2018-05-13 17:00:00,20.00119137
1,2018-05-13 18:00:00,21.57844421
1,2018-05-13 19:00:00,20.10306078
1,2018-05-13 20:00:00,20.87649633
1,2018-05-13 21:00:00,20.81329428
1,2018-05-13 22:00:00,20.8881874
1,2018-05-13 23:00:00,20.86696485
1,2018-05-14 00:00:00,20.94718543
1,2018-05-14 01:00:00,21.71309637
1,2018-05-14 02:00:00,21.77372112
1,2018-05-14 03:00:00,21.71959172
1,2018-05-14 04:00:00,22.54726181
1,2018-05-14 05:00:00,23.22005222
1,2018-05-14 06:00:00,26.27877299
1,2018-05-14 07:00:00,35.43035553
1,2018-05-14 08:00:00,41.53704664
1,2018-05-14 09:00:00,38.36953752
1,2018-05-14 10:00:00,37.69806029
1,2018-05-14 11:00:00,37.58668814
1,2018-05-14 12:00:00,34.41891197
1,2018-05-14 13:00:00,31.346707
1,2018-05-14 14:00:00,31.97872749
1,2018-05-14 15:00:00,29.73695149
1,2018-05-14 16:00:00,29.03888003
1,2018-05-14 17:00:00,29.96548271
1,2018-05-14 18:00:00,29.27312501
1,2018-05-14 19:00:00,26.23687644
1,2018-05-14 20:00:00,26.34489102
1,2018-05-14 21:00:00,25.57445665
1,2018-05-14 22:00:00,25.63259
1,2018-05-14 23:00:00,23.99849087
1,2018-05-15 00:00:00,23.31148995
1,2018-05-15 01:00:00,22.495085600000003
1,2018-05-15 02:00:00,22.42489888
1,2018-05-15 03:00:00,22.42477899
1,2018-05-15 04:00:00,22.47286308
1,2018-05-15 05:00:00,23.16007368
1,2018-05-15 06:00:00,25.58116702
1,2018-05-15 07:00:00,30.042232
1,2018-05-15 08:00:00,36.19082434
1,2018-05-15 09:00:00,41.54336096
1,2018-05-15 10:00:00,37.59274616
1,2018-05-15 11:00:00,36.04293673
1,2018-05-15 12:00:00,35.34013841
1,2018-05-15 13:00:00,35.34330767
1,2018-05-15 14:00:00,36.03877434
1,2018-05-15 15:00:00,35.39059818
1,2018-05-15 16:00:00,33.798249299999995
1,2018-05-15 17:00:00,33.86629967
1,2018-05-15 18:00:00,31.61180016
1,2018-05-15 19:00:00,30.1286039
1,2018-05-15 20:00:00,27.08856532
1,2018-05-15 21:00:00,26.29413818
1,2018-05-15 22:00:00,27.09332297
1,2018-05-15 23:00:00,26.32606961
1,2018-05-16 00:00:00,24.8200603
1,2018-05-16 01:00:00,27.08721667
1,2018-05-16 02:00:00,25.58666998
1,2018-05-16 03:00:00,26.3088685
1,2018-05-16 04:00:00,26.34539722
1,2018-05-16 05:00:00,25.48684596
1,2018-05-16 06:00:00,29.34881905
1,2018-05-16 07:00:00,37.68177513
1,2018-05-16 08:00:00,42.95131399
1,2018-05-16 09:00:00,39.76939648
1,2018-05-16 10:00:00,38.42869806
1,2018-05-16 11:00:00,37.49329949
1,2018-05-16 12:00:00,35.18782757
1,2018-05-16 13:00:00,34.39579605
1,2018-05-16 14:00:00,34.50219469
1,2018-05-16 15:00:00,32.92089529
1,2018-05-16 16:00:00,33.79034968
1,2018-05-16 17:00:00,32.9778105
1,2018-05-16 18:00:00,33.06364217
1,2018-05-16 19:00:00,28.70199234
1,2018-05-16 20:00:00,26.5440678
1,2018-05-16 21:00:00,27.34666837
1,2018-05-16 22:00:00,24.91714499
1,2018-05-16 23:00:00,25.67600072
1,2018-05-17 00:00:00,22.61680562
1,2018-05-17 01:00:00,24.90134136
1,2018-05-17 02:00:00,23.35107533
1,2018-05-17 03:00:00,23.99170008
1,2018-05-17 04:00:00,23.9070193
1,2018-05-17 05:00:00,23.84304418
1,2018-05-17 06:00:00,27.65166853
1,2018-05-17 07:00:00,1.529864502
1,2018-05-17 08:00:00,14.56221448
1,2018-05-17 12:00:00,44.45359302
1,2018-05-17 13:00:00,35.95115015
1,2018-05-17 14:00:00,33.74423822
1,2018-05-17 15:00:00,33.68301002
1,2018-05-17 16:00:00,34.51177641
1,2018-05-17 17:00:00,34.47900011
1,2018-05-17 18:00:00,31.31821291
1,2018-05-17 19:00:00,28.08376007
1,2018-05-17 20:00:00,25.66779867
1,2018-05-17 21:00:00,24.18464819
1,2018-05-17 22:00:00,25.72774384
1,2018-05-17 23:00:00,23.93361773
1,2018-05-18 00:00:00,22.41770938
1,2018-05-18 01:00:00,22.38696875
1,2018-05-18 02:00:00,23.17154601
1,2018-05-18 03:00:00,23.42646082
1,2018-05-18 04:00:00,22.71761995
1,2018-05-18 05:00:00,25.17556478
1,2018-05-18 06:00:00,26.78919071
1,2018-05-18 07:00:00,34.53419066
1,2018-05-18 08:00:00,39.03959509
1,2018-05-18 09:00:00,38.20133955
1,2018-05-18 10:00:00,36.55913345
1,2018-05-18 11:00:00,36.53230085
1,2018-05-18 12:00:00,35.75514055
1,2018-05-18 13:00:00,34.96111504
1,2018-05-18 14:00:00,31.67561125
1,2018-05-18 15:00:00,27.62826235
1,2018-05-18 16:00:00,29.99544894
1,2018-05-18 17:00:00,29.20189622
1,2018-05-18 18:00:00,30.09418968
1,2018-05-18 19:00:00,27.03566048
1,2018-05-18 20:00:00,27.05938406
1,2018-05-18 21:00:00,27.83033973
1,2018-05-18 22:00:00,26.36203381
1,2018-05-18 23:00:00,25.62938726
1,2018-05-19 00:00:00,26.43929373
1,2018-05-19 01:00:00,24.91561605
1,2018-05-19 02:00:00,25.67114662
1,2018-05-19 03:00:00,25.66521666
1,2018-05-19 04:00:00,24.83816838
1,2018-05-19 05:00:00,24.88871704
1,2018-05-19 06:00:00,27.20050415
1,2018-05-19 07:00:00,27.15501196
1,2018-05-19 08:00:00,30.95070232
1,2018-05-19 09:00:00,29.38243399
1,2018-05-19 10:00:00,29.99514919
1,2018-05-19 11:00:00,29.93155292
1,2018-05-19 12:00:00,29.11169832
1,2018-05-19 13:00:00,28.43517851
1,2018-05-19 14:00:00,28.43395388
1,2018-05-19 15:00:00,28.44113276
1,2018-05-19 16:00:00,29.23086367
1,2018-05-19 17:00:00,28.52236145
1,2018-05-19 18:00:00,28.50762039
1,2018-05-19 19:00:00,28.4475016
1,2018-05-19 20:00:00,26.16970276
1,2018-05-19 21:00:00,25.50821782
1,2018-05-19 22:00:00,24.82223016
1,2018-05-19 23:00:00,25.5483049
1,2018-05-20 00:00:00,24.75374376
1,2018-05-20 01:00:00,23.96599143
1,2018-05-20 02:00:00,25.50916229
1,2018-05-20 03:00:00,23.92535965
1,2018-05-20 04:00:00,24.70333122
1,2018-05-20 05:00:00,23.18516425
1,2018-05-20 06:00:00,24.77124369
1,2018-05-20 07:00:00,26.26349925
1,2018-05-20 08:00:00,29.31956055
1,2018-05-20 09:00:00,27.76179749
1,2018-05-20 10:00:00,26.94816401
1,2018-05-20 11:00:00,26.93522628
1,2018-05-20 12:00:00,26.87011102
1,2018-05-20 13:00:00,26.12590453
1,2018-05-20 14:00:00,26.91548386
1,2018-05-20 15:00:00,26.88194481
1,2018-05-20 16:00:00,26.10715422
1,2018-05-20 17:00:00,26.13211746
1,2018-05-20 18:00:00,26.92998886
1,2018-05-20 19:00:00,24.59872314
1,2018-05-20 20:00:00,24.59170654
1,2018-05-20 21:00:00,24.62262915
1,2018-05-20 22:00:00,23.91029843
1,2018-05-20 23:00:00,24.65045821
1,2018-05-21 00:00:00,23.88332068
1,2018-05-21 01:00:00,24.6540429
1,2018-05-21 02:00:00,23.96738113
1,2018-05-21 03:00:00,23.91583404
1,2018-05-21 04:00:00,24.69660443
1,2018-05-21 05:00:00,26.21198989
1,2018-05-21 06:00:00,29.29098998
1,2018-05-21 07:00:00,36.19630745
1,2018-05-21 08:00:00,39.96065193
1,2018-05-21 09:00:00,39.14190311
1,2018-05-21 10:00:00,39.89962967
1,2018-05-21 11:00:00,39.97088989
1,2018-05-21 12:00:00,36.04050595
1,2018-05-21 13:00:00,35.2900654
1,2018-05-21 14:00:00,31.47963766
1,2018-05-21 15:00:00,34.59504433
1,2018-05-21 16:00:00,32.28990646
1,2018-05-21 17:00:00,30.78802805
1,2018-05-21 18:00:00,30.81213181
1,2018-05-21 19:00:00,26.18817665
1,2018-05-21 20:00:00,26.16023634
1,2018-05-21 21:00:00,25.41324922
1,2018-05-21 22:00:00,24.63772105
1,2018-05-21 23:00:00,24.65123823
1,2018-05-22 00:00:00,25.42903138
1,2018-05-22 01:00:00,23.90393034
1,2018-05-22 02:00:00,23.135139
1,2018-05-22 03:00:00,23.91318337
1,2018-05-22 04:00:00,23.13544392
1,2018-05-22 05:00:00,25.42650101
1,2018-05-22 06:00:00,27.75882843
1,2018-05-22 07:00:00,32.3211195
1,2018-05-22 08:00:00,35.33316319
1,2018-05-22 09:00:00,36.12150656
1,2018-05-22 10:00:00,33.80671004
1,2018-05-22 11:00:00,34.48735596
1,2018-05-22 12:00:00,32.9917833
1,2018-05-22 13:00:00,32.91903915
1,2018-05-22 14:00:00,31.39661213
1,2018-05-22 15:00:00,31.32755621
1,2018-05-22 16:00:00,31.31039118
1,2018-05-22 17:00:00,31.35630366
1,2018-05-22 18:00:00,27.64487824
1,2018-05-22 19:00:00,25.3288163
1,2018-05-22 20:00:00,23.76028244
1,2018-05-22 21:00:00,24.6160515
1,2018-05-22 22:00:00,25.38637492
1,2018-05-22 23:00:00,25.35733727
1,2018-05-23 00:00:00,23.8994028
1,2018-05-23 01:00:00,23.834336
1,2018-05-23 02:00:00,24.67098752
1,2018-05-23 03:00:00,23.14727478
1,2018-05-23 04:00:00,23.85068397
1,2018-05-23 05:00:00,24.66166894
1,2018-05-23 06:00:00,29.23484626
1,2018-05-23 07:00:00,32.22663318
1,2018-05-23 08:00:00,36.83340826
1,2018-05-23 09:00:00,35.25973201
1,2018-05-23 10:00:00,33.6838737
1,2018-05-23 11:00:00,33.64577641
1,2018-05-23 12:00:00,33.62614679
1,2018-05-23 13:00:00,31.44414663
1,2018-05-23 14:00:00,31.45913751
1,2018-05-23 15:00:00,31.42033473
1,2018-05-23 16:00:00,31.41234644
1,2018-05-23 17:00:00,32.22707805
1,2018-05-23 18:00:00,30.65747818
1,2018-05-23 19:00:00,27.66444763
1,2018-05-23 20:00:00,27.68527344
1,2018-05-23 21:00:00,26.87361374
1,2018-05-23 22:00:00,25.3964408
1,2018-05-23 23:00:00,25.41525696
1,2018-05-24 00:00:00,24.71624199
1,2018-05-24 01:00:00,24.71412932
1,2018-05-24 02:00:00,24.68059556
1,2018-05-24 03:00:00,23.96074669
1,2018-05-24 04:00:00,24.72036621
1,2018-05-24 05:00:00,24.82484573
1,2018-05-24 06:00:00,28.70191612
1,2018-05-24 07:00:00,30.42619492
1,2018-05-24 08:00:00,34.45568561
1,2018-05-24 09:00:00,35.88350304
1,2018-05-24 10:00:00,34.3273117
1,2018-05-24 11:00:00,33.50157512
1,2018-05-24 12:00:00,32.62540464
1,2018-05-24 13:00:00,33.26115818
1,2018-05-24 14:00:00,32.4704538
1,2018-05-24 15:00:00,32.51638549
1,2018-05-24 16:00:00,32.51722203
1,2018-05-24 17:00:00,32.55296774
1,2018-05-24 18:00:00,31.03326985
1,2018-05-24 19:00:00,28.03018144
1,2018-05-24 20:00:00,25.75148157
1,2018-05-24 21:00:00,26.42563889
1,2018-05-24 22:00:00,27.22743409
1,2018-05-24 23:00:00,25.64078568
1,2018-05-25 00:00:00,24.10234577
1,2018-05-25 01:00:00,24.84470986
1,2018-05-25 02:00:00,24.08427023
1,2018-05-25 03:00:00,25.62787046
1,2018-05-25 04:00:00,24.08051418
1,2018-05-25 05:00:00,24.83814155
1,2018-05-25 06:00:00,29.42886939
1,2018-05-25 07:00:00,34.0149588
1,2018-05-25 08:00:00,38.5544398
1,2018-05-25 09:00:00,35.43218619
1,2018-05-25 10:00:00,36.08332059
1,2018-05-25 11:00:00,35.16484259
1,2018-05-25 12:00:00,36.60314692
1,2018-05-25 13:00:00,34.27564358
1,2018-05-25 14:00:00,30.52649954
1,2018-05-25 15:00:00,32.08598047
1,2018-05-25 16:00:00,29.91137445
1,2018-05-25 17:00:00,29.29267365
1,2018-05-25 18:00:00,29.28139877
1,2018-05-25 19:00:00,27.06928392
1,2018-05-25 20:00:00,27.13776538
1,2018-05-25 21:00:00,27.90134499
1,2018-05-25 22:00:00,25.59438486
1,2018-05-25 23:00:00,25.56976801
1,2018-05-26 00:00:00,24.06418659
1,2018-05-26 01:00:00,25.58365431
1,2018-05-26 02:00:00,25.67238331
1,2018-05-26 03:00:00,24.85688945
1,2018-05-26 04:00:00,25.63547928
1,2018-05-26 05:00:00,25.64460606
1,2018-05-26 06:00:00,26.45397845
1,2018-05-26 07:00:00,29.485249100000004
1,2018-05-26 08:00:00,33.32139356
1,2018-05-26 09:00:00,31.70529416
1,2018-05-26 10:00:00,30.76416879
1,2018-05-26 11:00:00,26.73505482
1,2018-05-26 12:00:00,26.63092352
1,2018-05-26 13:00:00,24.30435434
1,2018-05-26 14:00:00,24.24644893
1,2018-05-26 15:00:00,22.86215009
1,2018-05-26 16:00:00,22.95226832
1,2018-05-26 17:00:00,26.10264213
1,2018-05-26 18:00:00,26.27850242
1,2018-05-26 19:00:00,24.7568752
1,2018-05-26 20:00:00,25.5281181
1,2018-05-26 21:00:00,23.94993246
1,2018-05-26 22:00:00,24.87068419
1,2018-05-26 23:00:00,24.07198828
1,2018-05-27 00:00:00,24.8253839
1,2018-05-27 01:00:00,24.03546387
1,2018-05-27 02:00:00,24.0848875
1,2018-05-27 03:00:00,24.04406415
1,2018-05-27 04:00:00,25.6474288
1,2018-05-27 05:00:00,25.65051098
1,2018-05-27 06:00:00,26.39435724
1,2018-05-27 07:00:00,26.38440252
1,2018-05-27 08:00:00,30.79886617
1,2018-05-27 09:00:00,28.51468314
1,2018-05-27 10:00:00,25.2739487
1,2018-05-27 11:00:00,22.89304854
1,2018-05-27 12:00:00,20.61430801
1,2018-05-27 13:00:00,22.12798755
1,2018-05-27 14:00:00,21.37087615
1,2018-05-27 15:00:00,22.86132355
1,2018-05-27 16:00:00,22.17359071
1,2018-05-27 17:00:00,23.75706718
1,2018-05-27 18:00:00,23.03154144
1,2018-05-27 19:00:00,23.06074994
1,2018-05-27 20:00:00,22.3103211
1,2018-05-27 21:00:00,23.11587315
1,2018-05-27 22:00:00,22.31015266
1,2018-05-27 23:00:00,21.53327998
1,2018-05-28 00:00:00,22.31358133
1,2018-05-28 01:00:00,22.30376738
1,2018-05-28 02:00:00,22.32330686
1,2018-05-28 03:00:00,21.57435427
1,2018-05-28 04:00:00,22.29247735
1,2018-05-28 05:00:00,22.28878715
1,2018-05-28 06:00:00,26.09477692
1,2018-05-28 07:00:00,29.10987827
1,2018-05-28 08:00:00,35.94016288
1,2018-05-28 09:00:00,32.89064697
1,2018-05-28 10:00:00,33.65520286
1,2018-05-28 11:00:00,33.69313067
1,2018-05-28 12:00:00,33.66511965
1,2018-05-28 13:00:00,32.04412239
1,2018-05-28 14:00:00,30.45085071
1,2018-05-28 15:00:00,32.02419221
1,2018-05-28 16:00:00,31.23343643
1,2018-05-28 17:00:00,30.59319634
1,2018-05-28 18:00:00,29.93497329
1,2018-05-28 19:00:00,24.51756382
1,2018-05-28 20:00:00,23.77843692
1,2018-05-28 21:00:00,22.23941421
1,2018-05-28 22:00:00,22.27545242
1,2018-05-28 23:00:00,22.22745625
1,2018-05-29 00:00:00,22.23633085
1,2018-05-29 01:00:00,21.52407715
1,2018-05-29 02:00:00,22.28977852
1,2018-05-29 03:00:00,22.32105261
1,2018-05-29 04:00:00,22.42910965
1,2018-05-29 05:00:00,23.89015623
1,2018-05-29 06:00:00,28.48447945
1,2018-05-29 07:00:00,32.09507535
1,2018-05-29 08:00:00,38.94774811
1,2018-05-29 09:00:00,36.75012998
1,2018-05-29 10:00:00,35.91528733
1,2018-05-29 11:00:00,35.84853149
1,2018-05-29 12:00:00,35.04386753
1,2018-05-29 13:00:00,32.71186432
1,2018-05-29 14:00:00,32.75107384
1,2018-05-29 15:00:00,35.84030964
1,2018-05-29 16:00:00,33.73506606
1,2018-05-29 17:00:00,34.48660421
1,2018-05-29 18:00:00,31.56150252
1,2018-05-29 19:00:00,27.78350276
1,2018-05-29 20:00:00,29.27619557
1,2018-05-29 21:00:00,26.29159703
1,2018-05-29 22:00:00,25.46809601
1,2018-05-29 23:00:00,23.9377431
1,2018-05-30 00:00:00,20.88936841
1,2018-05-30 01:00:00,21.69744492
1,2018-05-30 02:00:00,20.93006737
1,2018-05-30 03:00:00,21.66626706
1,2018-05-30 04:00:00,21.72707713
1,2018-05-30 05:00:00,24.82253226
1,2018-05-30 06:00:00,29.42507545
1,2018-05-30 07:00:00,34.00886564
1,2018-05-30 08:00:00,41.57149053
1,2018-05-30 09:00:00,39.23301866
1,2018-05-30 10:00:00,37.60308588
1,2018-05-30 11:00:00,35.41564911
1,2018-05-30 12:00:00,32.33034737
1,2018-05-30 13:00:00,31.5663479
1,2018-05-30 14:00:00,29.77631591
1,2018-05-30 15:00:00,29.73279559
1,2018-05-30 16:00:00,31.31492789
1,2018-05-30 17:00:00,29.9323542
1,2018-05-30 18:00:00,29.2981797
1,2018-05-30 19:00:00,26.24309161
1,2018-05-30 20:00:00,24.89878659
1,2018-05-30 21:00:00,24.8360923
1,2018-05-30 22:00:00,22.52428305
1,2018-05-30 23:00:00,22.6148703
1,2018-05-31 00:00:00,22.48712781
1,2018-05-31 01:00:00,23.24073543
1,2018-05-31 02:00:00,23.30614453
1,2018-05-31 03:00:00,23.21010964
1,2018-05-31 04:00:00,23.25701152
1,2018-05-31 05:00:00,23.98409367
1,2018-05-31 06:00:00,27.7947766
1,2018-05-31 07:00:00,32.41480095
1,2018-05-31 08:00:00,40.75732834
1,2018-05-31 09:00:00,42.20456148
1,2018-05-31 10:00:00,40.59026931
1,2018-05-31 11:00:00,37.72133604
1,2018-05-31 12:00:00,38.57674133
1,2018-05-31 13:00:00,37.91419588
1,2018-05-31 14:00:00,36.26205908
1,2018-05-31 15:00:00,36.54677784
1,2018-05-31 16:00:00,36.81823366
1,2018-05-31 17:00:00,36.04682678
1,2018-05-31 18:00:00,35.36228609
1,2018-05-31 19:00:00,30.82915753
1,2018-05-31 20:00:00,29.31502017
1,2018-05-31 21:00:00,27.06371515
1,2018-05-31 22:00:00,29.37910271
1,2018-05-31 23:00:00,26.26720121
1,2018-06-01 00:00:00,26.34517529
1,2018-06-01 01:00:00,26.31894474
1,2018-06-01 02:00:00,25.56606288
1,2018-06-01 03:00:00,25.57927342
1,2018-06-01 04:00:00,26.42315683
1,2018-06-01 05:00:00,27.92687747
1,2018-06-01 06:00:00,32.53222748
1,2018-06-01 07:00:00,40.14829865
1,2018-06-01 10:00:00,44.97980652
1,2018-06-01 11:00:00,44.16061816
1,2018-06-01 12:00:00,39.51062162
1,2018-06-01 13:00:00,38.78017498
1,2018-06-01 14:00:00,34.95776532
1,2018-06-01 15:00:00,33.54156542
1,2018-06-01 16:00:00,33.682177200000005
1,2018-06-01 17:00:00,33.81554031
1,2018-06-01 18:00:00,33.09777374
1,2018-06-01 19:00:00,31.63696432
1,2018-06-01 20:00:00,30.135462
1,2018-06-01 21:00:00,27.82001237
1,2018-06-01 22:00:00,27.11816056
1,2018-06-01 23:00:00,27.16315311
1,2018-06-02 00:00:00,27.15133168
1,2018-06-02 01:00:00,25.61906799
1,2018-06-02 02:00:00,25.65294618
1,2018-06-02 03:00:00,24.85562915
1,2018-06-02 04:00:00,27.94735451
1,2018-06-02 05:00:00,27.97654045
1,2018-06-02 06:00:00,27.94635894
1,2018-06-02 07:00:00,29.53105032
1,2018-06-02 08:00:00,37.35482728
1,2018-06-02 09:00:00,34.88969904
1,2018-06-02 10:00:00,33.88623718
1,2018-06-02 11:00:00,32.23348802
1,2018-06-02 12:00:00,28.36163489
1,2018-06-02 13:00:00,29.78259254
1,2018-06-02 14:00:00,27.53134497
1,2018-06-02 15:00:00,30.60817737
1,2018-06-02 16:00:00,27.68395203
1,2018-06-02 17:00:00,30.08607062
1,2018-06-02 18:00:00,28.56882673
1,2018-06-02 19:00:00,28.61816162
1,2018-06-02 20:00:00,27.06030615
1,2018-06-02 21:00:00,27.11120121
1,2018-06-02 22:00:00,25.64015398
1,2018-06-02 23:00:00,24.94149854
1,2018-06-03 00:00:00,25.85106601
1,2018-06-03 01:00:00,27.39679479
1,2018-06-03 02:00:00,27.36999701
1,2018-06-03 03:00:00,28.10359017
1,2018-06-03 04:00:00,28.89077809
1,2018-06-03 05:00:00,27.37179122
1,2018-06-03 06:00:00,28.15844259
1,2018-06-03 07:00:00,31.22356276
1,2018-06-03 08:00:00,38.17401644
1,2018-06-03 09:00:00,37.28950626
1,2018-06-03 10:00:00,33.32914673
1,2018-06-03 11:00:00,33.31238709
1,2018-06-03 12:00:00,33.21800234
1,2018-06-03 13:00:00,33.11613691
1,2018-06-03 14:00:00,31.55040641
1,2018-06-03 15:00:00,30.76557822
1,2018-06-03 16:00:00,29.343339500000006
1,2018-06-03 17:00:00,29.39396745
1,2018-06-03 18:00:00,27.83433609
1,2018-06-03 19:00:00,26.330999100000003
1,2018-06-03 20:00:00,26.35904361
1,2018-06-03 21:00:00,26.46190883
1,2018-06-03 22:00:00,27.20922844
1,2018-06-03 23:00:00,27.24770728
1,2018-06-04 00:00:00,27.17468359
1,2018-06-04 01:00:00,26.42831068
1,2018-06-04 02:00:00,27.22710551
1,2018-06-04 03:00:00,28.06406342
1,2018-06-04 04:00:00,28.79724385
1,2018-06-04 05:00:00,28.04635234
1,2018-06-04 06:00:00,32.75285516
1,2018-06-04 07:00:00,39.72652556
1,2018-06-04 09:00:00,46.6790203
1,2018-06-04 11:00:00,46.30862957
1,2018-06-04 12:00:00,46.12398109
1,2018-06-04 13:00:00,39.21222436
1,2018-06-04 14:00:00,39.22783607
1,2018-06-04 15:00:00,37.01828659
1,2018-06-04 16:00:00,35.54601169
1,2018-06-04 17:00:00,34.10292778
1,2018-06-04 18:00:00,33.43711377
1,2018-06-04 19:00:00,31.06799639
1,2018-06-04 20:00:00,27.98241301
1,2018-06-04 21:00:00,27.22717724
1,2018-06-04 22:00:00,27.96157656
1,2018-06-04 23:00:00,26.3993754
1,2018-06-05 00:00:00,25.65254293
1,2018-06-05 01:00:00,24.83094006
1,2018-06-05 02:00:00,24.07471418
1,2018-06-05 03:00:00,24.85525698
1,2018-06-05 04:00:00,24.80948682
1,2018-06-05 05:00:00,23.35950964
1,2018-06-05 06:00:00,30.28809499
1,2018-06-05 07:00:00,35.77141942
1,2018-06-05 08:00:00,42.1019654
1,2018-06-05 09:00:00,40.53443389
1,2018-06-05 10:00:00,39.6648852
1,2018-06-05 11:00:00,37.01877476
1,2018-06-05 12:00:00,34.60962626
1,2018-06-05 13:00:00,30.70854868
1,2018-06-05 14:00:00,35.40822207
1,2018-06-05 15:00:00,33.18276643
1,2018-06-05 16:00:00,31.67605646
1,2018-06-05 17:00:00,30.24129588
1,2018-06-05 18:00:00,30.24766121
1,2018-06-05 19:00:00,26.52187862
1,2018-06-05 20:00:00,26.57377531
1,2018-06-05 21:00:00,25.02947138
1,2018-06-05 22:00:00,25.09176462
1,2018-06-05 23:00:00,23.45326154
1,2018-06-06 00:00:00,25.07563532
1,2018-06-06 01:00:00,23.48500052
1,2018-06-06 02:00:00,25.76770168
1,2018-06-06 03:00:00,24.24731757
1,2018-06-06 04:00:00,24.20587621
1,2018-06-06 05:00:00,24.2302957
1,2018-06-06 06:00:00,30.45150586
1,2018-06-06 07:00:00,38.14090986
1,2018-06-06 08:00:00,44.4082424
1,2018-06-06 09:00:00,45.20208547
1,2018-06-06 10:00:00,41.70050459
1,2018-06-06 11:00:00,42.24767883
1,2018-06-06 12:00:00,39.11375522
1,2018-06-06 13:00:00,36.87700713
1,2018-06-06 14:00:00,32.24119592
1,2018-06-06 15:00:00,33.92131421
1,2018-06-06 16:00:00,32.52862701
1,2018-06-06 17:00:00,31.13870801
1,2018-06-06 18:00:00,31.83113251
1,2018-06-06 19:00:00,29.45481031
1,2018-06-06 20:00:00,27.25603111
1,2018-06-06 21:00:00,26.48677435
1,2018-06-06 22:00:00,28.22556552
1,2018-06-06 23:00:00,29.2691803
1,2018-06-07 00:00:00,26.82477562
1,2018-06-07 01:00:00,23.65295667
1,2018-06-07 02:00:00,25.22785727
1,2018-06-07 03:00:00,23.52573517
1,2018-06-07 04:00:00,24.21925754
1,2018-06-07 05:00:00,24.91599555
1,2018-06-07 06:00:00,28.72002228
1,2018-06-07 07:00:00,32.55721235
1,2018-06-07 08:00:00,39.44990879
1,2018-06-07 09:00:00,36.37692139
1,2018-06-07 10:00:00,35.53827789
1,2018-06-07 11:00:00,33.98503025
1,2018-06-07 12:00:00,31.69892891
1,2018-06-07 13:00:00,34.69462244
1,2018-06-07 14:00:00,32.45793235
1,2018-06-07 15:00:00,31.65971869
1,2018-06-07 16:00:00,36.28576556
1,2018-06-07 17:00:00,33.26573196
1,2018-06-07 18:00:00,30.92825317
1,2018-06-07 19:00:00,27.83519989
1,2018-06-07 20:00:00,27.0919851
1,2018-06-07 21:00:00,26.28186356
1,2018-06-07 22:00:00,25.56768697
1,2018-06-07 23:00:00,24.81442739
1,2018-06-08 00:00:00,25.52096008
1,2018-06-08 01:00:00,25.52481113
1,2018-06-08 02:00:00,23.98697071
1,2018-06-08 03:00:00,24.82511758
1,2018-06-08 04:00:00,24.77253923
1,2018-06-08 05:00:00,25.49052861
1,2018-06-08 06:00:00,30.92729188
1,2018-06-08 07:00:00,34.16261854
1,2018-06-08 08:00:00,40.37207822
1,2018-06-08 09:00:00,41.91705742
1,2018-06-08 10:00:00,39.57344358
1,2018-06-08 11:00:00,39.56905105
1,2018-06-08 12:00:00,39.57404787
1,2018-06-08 13:00:00,39.57574377
1,2018-06-08 14:00:00,39.54148269
1,2018-06-08 15:00:00,38.00348316
1,2018-06-08 16:00:00,38.80466924
1,2018-06-08 17:00:00,35.66293918
1,2018-06-08 18:00:00,33.43045298
1,2018-06-08 19:00:00,30.27523499
1,2018-06-08 20:00:00,30.23347041
1,2018-06-08 21:00:00,28.68753089
1,2018-06-08 22:00:00,28.02935448
1,2018-06-08 23:00:00,27.27982813
1,2018-06-09 00:00:00,25.76289259
1,2018-06-09 01:00:00,27.2620874
1,2018-06-09 02:00:00,25.61208316
1,2018-06-09 03:00:00,25.57216119
1,2018-06-09 04:00:00,27.11939477
1,2018-06-09 05:00:00,25.61124728
1,2018-06-09 06:00:00,25.61848648
1,2018-06-09 07:00:00,27.14203809
1,2018-06-09 08:00:00,29.36558936
1,2018-06-09 09:00:00,30.91950973
1,2018-06-09 10:00:00,29.34196772
1,2018-06-09 11:00:00,29.21037894
1,2018-06-09 12:00:00,29.24390381
1,2018-06-09 13:00:00,28.42967189
1,2018-06-09 14:00:00,29.11535829
1,2018-06-09 15:00:00,26.03123999
1,2018-06-09 16:00:00,27.73808106
1,2018-06-09 17:00:00,29.3068594
1,2018-06-09 18:00:00,29.39635605
1,2018-06-09 19:00:00,28.68797491
1,2018-06-09 20:00:00,27.95709139
1,2018-06-09 21:00:00,27.16853598
1,2018-06-09 22:00:00,27.90103636
1,2018-06-09 23:00:00,27.91578609
1,2018-06-10 00:00:00,27.13359549
1,2018-06-10 01:00:00,27.87490787
1,2018-06-10 02:00:00,27.1329743
1,2018-06-10 03:00:00,27.90163401
1,2018-06-10 04:00:00,28.01443016
1,2018-06-10 05:00:00,27.24945854
1,2018-06-10 06:00:00,28.79059038
1,2018-06-10 07:00:00,31.90067753
1,2018-06-10 08:00:00,37.20880719
1,2018-06-10 09:00:00,34.81372507
1,2018-06-10 10:00:00,32.36673901
1,2018-06-10 11:00:00,32.19438568
1,2018-06-10 12:00:00,30.54742859
1,2018-06-10 13:00:00,29.00936525
1,2018-06-10 14:00:00,27.49660824
1,2018-06-10 15:00:00,26.76652121
1,2018-06-10 16:00:00,26.85884515
1,2018-06-10 17:00:00,27.77576115
1,2018-06-10 18:00:00,29.30967533
1,2018-06-10 19:00:00,27.88959796
1,2018-06-10 20:00:00,28.74284105
1,2018-06-10 21:00:00,27.16680619
1,2018-06-10 22:00:00,27.86724528
1,2018-06-10 23:00:00,27.16159624
1,2018-06-11 00:00:00,27.89815671
1,2018-06-11 01:00:00,27.9207984
1,2018-06-11 02:00:00,28.69106908
1,2018-06-11 03:00:00,29.51378666
1,2018-06-11 04:00:00,28.00867901
1,2018-06-11 05:00:00,28.77681006
1,2018-06-11 06:00:00,34.94533962
1,2018-06-11 07:00:00,41.85288354
1,2018-06-11 09:00:00,44.71690724
1,2018-06-11 10:00:00,43.0693158
1,2018-06-11 11:00:00,40.56544302
1,2018-06-11 12:00:00,37.44247215
1,2018-06-11 13:00:00,35.094997799999994
1,2018-06-11 14:00:00,35.09149823
1,2018-06-11 15:00:00,34.39407868
1,2018-06-11 16:00:00,35.31856029999999
1,2018-06-11 17:00:00,36.94759131
1,2018-06-11 18:00:00,34.61599216
1,2018-06-11 19:00:00,30.09261978
1,2018-06-11 20:00:00,27.7617228
1,2018-06-11 21:00:00,27.72379031
1,2018-06-11 22:00:00,26.20757428
1,2018-06-11 23:00:00,26.95312697
1,2018-06-12 00:00:00,25.50628779
1,2018-06-12 01:00:00,24.6946098
1,2018-06-12 02:00:00,27.001642
1,2018-06-12 03:00:00,25.51351328
1,2018-06-12 04:00:00,26.29852406
1,2018-06-12 05:00:00,27.31715353
1,2018-06-12 06:00:00,29.59212627
1,2018-06-12 07:00:00,37.19137857
1,2018-06-12 08:00:00,42.63454919
1,2018-06-12 09:00:00,41.07921764
1,2018-06-12 10:00:00,40.21466766
1,2018-06-12 11:00:00,40.85991044
1,2018-06-12 12:00:00,40.11511220000001
1,2018-06-12 13:00:00,37.70504419
1,2018-06-12 14:00:00,36.13945688
1,2018-06-12 15:00:00,37.0565332
1,2018-06-12 16:00:00,37.08744141
1,2018-06-12 17:00:00,37.16300415
1,2018-06-12 18:00:00,34.93356308
1,2018-06-12 19:00:00,30.22559394
1,2018-06-12 20:00:00,26.40052782
1,2018-06-12 21:00:00,27.24553369
1,2018-06-12 22:00:00,26.47761328
1,2018-06-12 23:00:00,26.36220451
1,2018-06-13 00:00:00,25.61821292
1,2018-06-13 01:00:00,27.22460791
1,2018-06-13 02:00:00,26.47622049
1,2018-06-13 03:00:00,27.25187093
1,2018-06-13 04:00:00,25.6969463
1,2018-06-13 05:00:00,28.81512093
1,2018-06-13 06:00:00,31.85488072
1,2018-06-13 07:00:00,38.07491501
1,2018-06-13 08:00:00,45.04901866
1,2018-06-13 09:00:00,41.85365073
1,2018-06-13 10:00:00,40.98552773
1,2018-06-13 11:00:00,40.20801849
1,2018-06-13 12:00:00,40.22122955
1,2018-06-13 13:00:00,39.33617178
1,2018-06-13 14:00:00,37.92801949
1,2018-06-13 15:00:00,37.18206110000001
1,2018-06-13 16:00:00,37.22992918
1,2018-06-13 17:00:00,37.2885808
1,2018-06-13 18:00:00,36.48977322
1,2018-06-13 19:00:00,32.79978302
1,2018-06-13 20:00:00,31.94064021
1,2018-06-13 21:00:00,29.62170596
1,2018-06-13 22:00:00,30.32907159
1,2018-06-13 23:00:00,28.79100209
1,2018-06-14 00:00:00,28.68262121
1,2018-06-14 01:00:00,27.18964701
1,2018-06-14 02:00:00,27.97585718
1,2018-06-14 03:00:00,28.06591574
1,2018-06-14 04:00:00,28.91957794
1,2018-06-14 05:00:00,29.04561482
1,2018-06-14 06:00:00,33.76581386
1,2018-06-14 07:00:00,39.30220157
1,2018-06-14 09:00:00,43.99890334
1,2018-06-14 10:00:00,43.04329910000001
1,2018-06-14 11:00:00,41.45256388
1,2018-06-14 12:00:00,41.27177595
1,2018-06-14 13:00:00,37.52713434
1,2018-06-14 14:00:00,36.87246888
1,2018-06-14 15:00:00,38.47560211
1,2018-06-14 16:00:00,36.25048275
1,2018-06-14 17:00:00,37.07501856
1,2018-06-14 18:00:00,35.52112917
1,2018-06-14 19:00:00,33.01553622
1,2018-06-14 20:00:00,29.10913623
1,2018-06-14 21:00:00,28.34075899
1,2018-06-14 22:00:00,29.12689988
1,2018-06-14 23:00:00,27.583177000000006
1,2018-06-15 00:00:00,26.01114259
1,2018-06-15 01:00:00,27.53531495
1,2018-06-15 02:00:00,26.75671121
1,2018-06-15 03:00:00,26.00723947
1,2018-06-15 04:00:00,26.8477385
1,2018-06-15 05:00:00,27.66066299
1,2018-06-15 06:00:00,33.2266287
1,2018-06-15 07:00:00,37.96629173
1,2018-06-15 08:00:00,45.68667915
1,2018-06-15 09:00:00,42.4293376
1,2018-06-15 10:00:00,42.31453217
1,2018-06-15 11:00:00,4.7414179380000006
1,2018-06-15 12:00:00,32.86765793
1,2018-06-15 16:00:00,41.75114167
1,2018-06-15 17:00:00,36.45797253
1,2018-06-15 18:00:00,34.08291515
1,2018-06-15 19:00:00,31.76992045
1,2018-06-15 20:00:00,29.53830528
1,2018-06-15 21:00:00,29.47858143
1,2018-06-15 22:00:00,28.6095929
1,2018-06-15 23:00:00,26.93156715
1,2018-06-16 00:00:00,27.64624081
1,2018-06-16 01:00:00,27.60933431
1,2018-06-16 02:00:00,26.73504719
1,2018-06-16 03:00:00,25.97322115
1,2018-06-16 04:00:00,29.28600597
1,2018-06-16 05:00:00,29.28294165
1,2018-06-16 06:00:00,28.53521198
1,2018-06-16 07:00:00,30.15207422
1,2018-06-16 08:00:00,35.79178047
1,2018-06-16 09:00:00,32.90465411
1,2018-06-16 10:00:00,33.52589388
1,2018-06-16 11:00:00,31.76220694
1,2018-06-16 12:00:00,31.65900263
1,2018-06-16 13:00:00,30.02880151
1,2018-06-16 14:00:00,30.06115009
1,2018-06-16 15:00:00,29.12224748
1,2018-06-16 16:00:00,30.075606800000006
1,2018-06-16 17:00:00,30.12726257
1,2018-06-16 18:00:00,29.46707121
1,2018-06-16 19:00:00,27.93442724
1,2018-06-16 20:00:00,28.71225
1,2018-06-16 21:00:00,27.22525436
1,2018-06-16 22:00:00,27.26036856
1,2018-06-16 23:00:00,27.22310489
1,2018-06-17 00:00:00,28.28147024
1,2018-06-17 01:00:00,27.48247429
1,2018-06-17 02:00:00,25.75301254
1,2018-06-17 03:00:00,28.0372281
1,2018-06-17 04:00:00,27.49324844
1,2018-06-17 05:00:00,27.43488709
1,2018-06-17 06:00:00,28.262262
1,2018-06-17 07:00:00,30.71801856
1,2018-06-17 08:00:00,35.36380474
1,2018-06-17 09:00:00,33.74880421
1,2018-06-17 10:00:00,32.87285211
1,2018-06-17 11:00:00,33.59265945
1,2018-06-17 12:00:00,31.19961529
1,2018-06-17 13:00:00,29.67480622
1,2018-06-17 14:00:00,31.96631413
1,2018-06-17 15:00:00,31.27659042
1,2018-06-17 16:00:00,30.53825162
1,2018-06-17 17:00:00,32.18084679
1,2018-06-17 18:00:00,29.80632806
1,2018-06-17 19:00:00,29.08441509
1,2018-06-17 20:00:00,27.57660401
1,2018-06-17 21:00:00,25.996883
1,2018-06-17 22:00:00,25.75412949
1,2018-06-17 23:00:00,25.70710371
1,2018-06-18 00:00:00,26.43906903
1,2018-06-18 01:00:00,25.68244033
1,2018-06-18 02:00:00,27.42592136
1,2018-06-18 03:00:00,25.15320295
1,2018-06-18 04:00:00,26.64801772
1,2018-06-18 05:00:00,28.2158374
1,2018-06-18 06:00:00,33.48193405
1,2018-06-18 07:00:00,33.445615999999994
1,2018-06-18 08:00:00,37.92449295
1,2018-06-18 10:00:00,40.13855349
1,2018-06-18 11:00:00,43.23250095
1,2018-06-18 12:00:00,23.25194865
1,2018-06-18 16:00:00,42.40350927
1,2018-06-18 17:00:00,39.4040719
1,2018-06-18 18:00:00,40.23833113
1,2018-06-18 19:00:00,34.90534415
1,2018-06-18 20:00:00,32.96666317
1,2018-06-18 21:00:00,31.79267635
1,2018-06-18 22:00:00,31.54169392
1,2018-06-18 23:00:00,31.26365415
1,2018-06-19 00:00:00,29.06472332
1,2018-06-19 01:00:00,29.82756545
1,2018-06-19 02:00:00,29.69081891
1,2018-06-19 03:00:00,29.76632815
1,2018-06-19 04:00:00,30.61523179
1,2018-06-19 05:00:00,31.408799100000003
1,2018-06-19 06:00:00,39.01420862
1,2018-06-19 07:00:00,43.67409174
1,2018-06-19 12:00:00,44.42928212
1,2018-06-19 13:00:00,41.71799815
1,2018-06-19 14:00:00,37.63462968
1,2018-06-19 15:00:00,39.44079315
1,2018-06-19 16:00:00,36.04282006
1,2018-06-19 17:00:00,36.88980881
1,2018-06-19 18:00:00,37.02076825
1,2018-06-19 19:00:00,33.3187836
1,2018-06-19 20:00:00,30.364855100000003
1,2018-06-19 21:00:00,28.91824905
1,2018-06-19 22:00:00,28.87364296
1,2018-06-19 23:00:00,28.8720245
1,2018-06-20 00:00:00,28.1501239
1,2018-06-20 01:00:00,28.1699021
1,2018-06-20 02:00:00,28.17493913
1,2018-06-20 03:00:00,29.46600465
1,2018-06-20 04:00:00,28.95939756
1,2018-06-20 05:00:00,30.57061569
1,2018-06-20 06:00:00,28.92230768
1,2018-06-20 07:00:00,3.981018917
1,2018-06-20 08:00:00,27.4546044
1,2018-06-20 09:00:00,38.84640387
1,2018-06-20 11:00:00,37.83628253
1,2018-06-20 12:00:00,40.88031216
1,2018-06-20 17:00:00,40.23575097
1,2018-06-20 18:00:00,34.95466673
1,2018-06-20 19:00:00,31.88676769
1,2018-06-20 20:00:00,31.12294595
1,2018-06-20 21:00:00,28.84370588
1,2018-06-20 22:00:00,29.59722656
1,2018-06-20 23:00:00,27.55107668
1,2018-06-21 00:00:00,27.34727245
1,2018-06-21 01:00:00,26.63521477
1,2018-06-21 02:00:00,27.45805875
1,2018-06-21 03:00:00,28.67091223
1,2018-06-21 04:00:00,27.47045165
1,2018-06-21 05:00:00,28.97249825
1,2018-06-21 06:00:00,34.34888405
1,2018-06-21 07:00:00,41.93960281
1,2018-06-21 08:00:00,31.14567157
1,2018-06-21 09:00:00,44.12177551
1,2018-06-21 11:00:00,36.91786374
1,2018-06-21 13:00:00,43.63762484
1,2018-06-21 14:00:00,37.60900671
1,2018-06-21 15:00:00,36.038563
1,2018-06-21 16:00:00,34.68954305
1,2018-06-21 17:00:00,34.66324091
1,2018-06-21 18:00:00,33.96771873
1,2018-06-21 19:00:00,33.25948732
1,2018-06-21 20:00:00,31.84931946
1,2018-06-21 21:00:00,30.31182064
1,2018-06-21 22:00:00,29.630222600000003
1,2018-06-21 23:00:00,29.54903782
1,2018-06-22 00:00:00,27.31195374
1,2018-06-22 01:00:00,28.04031035
1,2018-06-22 02:00:00,28.31852765
1,2018-06-22 03:00:00,29.76664873
1,2018-06-22 04:00:00,29.97114855
1,2018-06-22 05:00:00,30.87442859
1,2018-06-22 06:00:00,36.35776901
1,2018-06-22 07:00:00,42.56228874
1,2018-06-22 11:00:00,43.14306297
1,2018-06-22 12:00:00,39.67633098
1,2018-06-22 13:00:00,37.38545662
1,2018-06-22 14:00:00,36.35460107
1,2018-06-22 15:00:00,34.4848097
1,2018-06-22 16:00:00,34.56611375
1,2018-06-22 17:00:00,36.11832321
1,2018-06-22 18:00:00,33.95016243
1,2018-06-22 19:00:00,30.2430827
1,2018-06-22 20:00:00,30.29458792
1,2018-06-22 21:00:00,27.31051957
1,2018-06-22 22:00:00,27.30836436
1,2018-06-22 23:00:00,27.34091492
1,2018-06-23 00:00:00,26.63168713
1,2018-06-23 01:00:00,25.86549797
1,2018-06-23 02:00:00,27.3983816
1,2018-06-23 03:00:00,26.69162479
1,2018-06-23 04:00:00,27.72621281
1,2018-06-23 05:00:00,28.58012512
1,2018-06-23 06:00:00,28.53089905
1,2018-06-23 07:00:00,29.86991013
1,2018-06-23 08:00:00,35.24771195
1,2018-06-23 09:00:00,35.10047423
1,2018-06-23 10:00:00,32.65101166
1,2018-06-23 11:00:00,32.61026898
1,2018-06-23 12:00:00,32.77477078
1,2018-06-23 13:00:00,31.93562965
1,2018-06-23 14:00:00,31.12701162
1,2018-06-23 15:00:00,29.65040651
1,2018-06-23 16:00:00,30.30996909
1,2018-06-23 17:00:00,30.31583479
1,2018-06-23 18:00:00,31.08048087
1,2018-06-23 19:00:00,27.99857419
1,2018-06-23 20:00:00,27.23398824
1,2018-06-23 21:00:00,28.03477612
1,2018-06-23 22:00:00,26.50085805
1,2018-06-23 23:00:00,27.30114537
1,2018-06-24 00:00:00,28.12272409
1,2018-06-24 01:00:00,27.30933151
1,2018-06-24 02:00:00,27.18354419
1,2018-06-24 03:00:00,27.20996838
1,2018-06-24 04:00:00,27.20940041
1,2018-06-24 05:00:00,27.15451323
1,2018-06-24 06:00:00,27.11938655
1,2018-06-24 07:00:00,29.46249316
1,2018-06-24 08:00:00,35.58433269
1,2018-06-24 09:00:00,33.31906262
1,2018-06-24 10:00:00,31.66245317
1,2018-06-24 11:00:00,32.41261137
1,2018-06-24 12:00:00,30.75841022
1,2018-06-24 13:00:00,29.98683362
1,2018-06-24 14:00:00,29.23359103
1,2018-06-24 15:00:00,29.27529842
1,2018-06-24 16:00:00,30.07514115
1,2018-06-24 17:00:00,29.27474688
1,2018-06-24 18:00:00,29.35227989
1,2018-06-24 19:00:00,29.31260251
1,2018-06-24 20:00:00,26.28960603
1,2018-06-24 21:00:00,26.29086135
1,2018-06-24 22:00:00,26.33862093
1,2018-06-24 23:00:00,25.674090600000003
1,2018-06-25 00:00:00,27.17396983
1,2018-06-25 01:00:00,27.91521643
1,2018-06-25 02:00:00,26.37690442
1,2018-06-25 03:00:00,26.37732959
1,2018-06-25 04:00:00,27.91939319
1,2018-06-25 05:00:00,29.5142959
1,2018-06-25 06:00:00,31.73768687
1,2018-06-25 07:00:00,38.5918775
1,2018-06-25 08:00:00,46.28427086
1,2018-06-25 09:00:00,45.43593338
1,2018-06-25 10:00:00,44.49314951
1,2018-06-25 11:00:00,43.67007477
1,2018-06-25 12:00:00,43.00768621
1,2018-06-25 13:00:00,39.96582605
1,2018-06-25 14:00:00,39.96547987
1,2018-06-25 15:00:00,36.15105886
1,2018-06-25 16:00:00,36.9672914
1,2018-06-25 17:00:00,35.46174056
1,2018-06-25 18:00:00,36.24823692
1,2018-06-25 19:00:00,29.40619494
1,2018-06-25 20:00:00,27.92409485
1,2018-06-25 21:00:00,27.09271176
1,2018-06-25 22:00:00,26.38733948
1,2018-06-25 23:00:00,25.63330998
1,2018-06-26 00:00:00,26.31497382
1,2018-06-26 01:00:00,24.04842517
1,2018-06-26 02:00:00,23.24371394
1,2018-06-26 03:00:00,24.79942255
1,2018-06-26 04:00:00,24.77976878
1,2018-06-26 05:00:00,28.64911278
1,2018-06-26 06:00:00,30.22552361
1,2018-06-26 07:00:00,35.57556992
1,2018-06-26 08:00:00,43.19522095
1,2018-06-26 09:00:00,42.34164954
1,2018-06-26 10:00:00,43.89980863
1,2018-06-26 11:00:00,42.31047497
1,2018-06-26 12:00:00,38.36403656
1,2018-06-26 13:00:00,39.88147819
1,2018-06-26 14:00:00,39.19420303
1,2018-06-26 15:00:00,37.68440281
1,2018-06-26 16:00:00,38.52381644
1,2018-06-26 17:00:00,37.88429587
1,2018-06-26 18:00:00,39.42602947
1,2018-06-26 19:00:00,34.92490961
1,2018-06-26 20:00:00,33.40390289
1,2018-06-26 21:00:00,31.0665425
1,2018-06-26 22:00:00,31.76129196
1,2018-06-26 23:00:00,30.98668064
1,2018-06-27 00:00:00,28.71586058
1,2018-06-27 01:00:00,30.21070431
1,2018-06-27 02:00:00,29.47681198
1,2018-06-27 03:00:00,29.41067406
1,2018-06-27 04:00:00,29.47241207
1,2018-06-27 05:00:00,30.25630325
1,2018-06-27 06:00:00,36.34289812
1,2018-06-27 07:00:00,43.23579391
1,2018-06-27 11:00:00,46.12114784
1,2018-06-27 12:00:00,44.67853928
1,2018-06-27 13:00:00,42.2838953
1,2018-06-27 14:00:00,41.58547434
1,2018-06-27 15:00:00,41.57213854
1,2018-06-27 16:00:00,42.38582373
1,2018-06-27 17:00:00,38.6306718
1,2018-06-27 18:00:00,38.70716898
1,2018-06-27 19:00:00,34.18049398
1,2018-06-27 20:00:00,32.60743046
1,2018-06-27 21:00:00,32.68238576
1,2018-06-27 22:00:00,32.64337689
1,2018-06-27 23:00:00,31.91541577
1,2018-06-28 00:00:00,28.77013779
1,2018-06-28 01:00:00,28.77019787
1,2018-06-28 02:00:00,29.49909275
1,2018-06-28 03:00:00,28.00373055
1,2018-06-28 04:00:00,28.69376553
1,2018-06-28 05:00:00,29.53674225
1,2018-06-28 06:00:00,36.40244593
1,2018-06-28 07:00:00,42.46305956
1,2018-06-28 12:00:00,46.18381026
1,2018-06-28 13:00:00,43.92067196
1,2018-06-28 14:00:00,44.64949992
1,2018-06-28 15:00:00,43.92057587
1,2018-06-28 16:00:00,42.38715153
1,2018-06-28 17:00:00,40.84827358
1,2018-06-28 18:00:00,40.15269534
1,2018-06-28 19:00:00,33.93640229
1,2018-06-28 20:00:00,31.75425302
1,2018-06-28 21:00:00,30.42880081
1,2018-06-28 22:00:00,31.13318146
1,2018-06-28 23:00:00,29.65118767
1,2018-06-29 00:00:00,28.15245588
1,2018-06-29 01:00:00,27.42167431
1,2018-06-29 02:00:00,28.59864807
1,2018-06-29 03:00:00,27.94866432
1,2018-06-29 04:00:00,27.95908855
1,2018-06-29 05:00:00,30.21467831
1,2018-06-29 06:00:00,34.0536777
1,2018-06-29 07:00:00,40.93446602
1,2018-06-29 08:00:00,46.96302347
1,2018-06-29 09:00:00,44.72549226
1,2018-06-29 10:00:00,44.01258854
1,2018-06-29 11:00:00,41.54877091
1,2018-06-29 12:00:00,42.3347856
1,2018-06-29 13:00:00,43.21939087
1,2018-06-29 14:00:00,40.81167315
1,2018-06-29 15:00:00,40.04259051
1,2018-06-29 16:00:00,40.1100404
1,2018-06-29 17:00:00,37.83855677
1,2018-06-29 18:00:00,35.55764978
1,2018-06-29 19:00:00,32.54002107
1,2018-06-29 20:00:00,29.45278418
1,2018-06-29 21:00:00,28.66656984
1,2018-06-29 22:00:00,29.39713059
1,2018-06-29 23:00:00,27.85584204
1,2018-06-30 00:00:00,26.342896000000003
1,2018-06-30 01:00:00,26.33396741
1,2018-06-30 02:00:00,28.68046214
1,2018-06-30 03:00:00,27.1746244
1,2018-06-30 04:00:00,26.39008472
1,2018-06-30 05:00:00,28.74145603
1,2018-06-30 06:00:00,29.49297347
1,2018-06-30 07:00:00,30.18052264
1,2018-06-30 08:00:00,36.41438961
1,2018-06-30 09:00:00,33.29162656
1,2018-06-30 10:00:00,32.46254222
1,2018-06-30 11:00:00,31.64287361
1,2018-06-30 12:00:00,31.628734
1,2018-06-30 13:00:00,29.94188877
1,2018-06-30 14:00:00,29.94605019
1,2018-06-30 15:00:00,28.47587741
1,2018-06-30 16:00:00,30.84384106
1,2018-06-30 17:00:00,30.96650198
1,2018-06-30 18:00:00,30.93208221
1,2018-06-30 19:00:00,28.61860542
1,2018-06-30 20:00:00,27.85121539
1,2018-06-30 21:00:00,27.96977913
1,2018-06-30 22:00:00,26.35081478
1,2018-06-30 23:00:00,27.89683364
1,2018-07-01 00:00:00,27.99765638
1,2018-07-01 01:00:00,27.95055508
1,2018-07-01 02:00:00,29.5457521
1,2018-07-01 03:00:00,29.60941176
1,2018-07-01 04:00:00,29.61733925
1,2018-07-01 05:00:00,29.60656288
1,2018-07-01 06:00:00,31.10157948
1,2018-07-01 07:00:00,34.17267815
1,2018-07-01 08:00:00,39.52184747
1,2018-07-01 09:00:00,38.02003043
1,2018-07-01 10:00:00,33.20583946
1,2018-07-01 11:00:00,33.76878971
1,2018-07-01 12:00:00,29.87490052
1,2018-07-01 13:00:00,29.92788315
1,2018-07-01 14:00:00,28.30742452
1,2018-07-01 15:00:00,29.09011444
1,2018-07-01 16:00:00,27.65728463
1,2018-07-01 17:00:00,29.31990765
1,2018-07-01 18:00:00,30.97248155
1,2018-07-01 19:00:00,29.40956226
1,2018-07-01 20:00:00,28.71015644
1,2018-07-01 21:00:00,29.54512653
1,2018-07-01 22:00:00,31.03904569
1,2018-07-01 23:00:00,30.29172803
1,2018-07-02 00:00:00,28.73675067
1,2018-07-02 01:00:00,30.34852177
1,2018-07-02 02:00:00,30.44526765
1,2018-07-02 03:00:00,32.75617968
1,2018-07-02 04:00:00,31.97478385
1,2018-07-02 05:00:00,32.77372576
1,2018-07-02 06:00:00,40.52944498
1,2018-07-02 07:00:00,46.73484791
1,2018-07-02 12:00:00,42.38971672
1,2018-07-02 13:00:00,39.12858311
1,2018-07-02 14:00:00,37.55911257
1,2018-07-02 15:00:00,37.53627968
1,2018-07-02 16:00:00,36.94869127
1,2018-07-02 17:00:00,36.36837061
1,2018-07-02 18:00:00,34.99873455
1,2018-07-02 19:00:00,32.69085979
1,2018-07-02 20:00:00,31.108911100000004
1,2018-07-02 21:00:00,28.04833912
1,2018-07-02 22:00:00,27.32480156
1,2018-07-02 23:00:00,27.30467395
1,2018-07-03 00:00:00,25.77253653
1,2018-07-03 01:00:00,24.93363342
1,2018-07-03 02:00:00,24.86970558
1,2018-07-03 03:00:00,26.41926361
1,2018-07-03 04:00:00,25.66884789
1,2018-07-03 05:00:00,26.420941100000004
1,2018-07-03 06:00:00,33.41079648
1,2018-07-03 07:00:00,38.04227773
1,2018-07-03 08:00:00,44.21005037
1,2018-07-03 09:00:00,41.84993781
1,2018-07-03 10:00:00,41.73102107
1,2018-07-03 11:00:00,38.59206379
1,2018-07-03 12:00:00,39.3765283
1,2018-07-03 13:00:00,38.11947218
1,2018-07-03 14:00:00,35.29895441
1,2018-07-03 15:00:00,36.21968992
1,2018-07-03 16:00:00,36.89481506
1,2018-07-03 17:00:00,36.20943644
1,2018-07-03 18:00:00,32.48777762
1,2018-07-03 19:00:00,28.76430762
1,2018-07-03 20:00:00,25.7270839
1,2018-07-03 21:00:00,25.72355382
1,2018-07-03 22:00:00,24.21935498
1,2018-07-03 23:00:00,23.47103788
1,2018-07-04 00:00:00,23.49854615
1,2018-07-04 01:00:00,22.75816303
1,2018-07-04 02:00:00,23.30120139
1,2018-07-04 03:00:00,24.88715127
1,2018-07-04 04:00:00,24.13256613
1,2018-07-04 05:00:00,24.82403679
1,2018-07-04 06:00:00,29.43463058
1,2018-07-04 07:00:00,34.13707529
1,2018-07-04 08:00:00,41.16932877
1,2018-07-04 09:00:00,40.28841267
1,2018-07-04 10:00:00,38.74646799
1,2018-07-04 11:00:00,37.31347813
1,2018-07-04 12:00:00,36.41286381
1,2018-07-04 13:00:00,35.57877728
1,2018-07-04 14:00:00,36.29573284
1,2018-07-04 15:00:00,37.15691858
1,2018-07-04 16:00:00,35.60580013
1,2018-07-04 17:00:00,34.81074232
1,2018-07-04 18:00:00,32.60245787
1,2018-07-04 19:00:00,27.84460849
1,2018-07-04 20:00:00,27.07007886
1,2018-07-04 21:00:00,25.42423559
1,2018-07-04 22:00:00,25.46504743
1,2018-07-04 23:00:00,24.67110478
1,2018-07-05 00:00:00,23.21525255
1,2018-07-05 01:00:00,23.96855402
1,2018-07-05 02:00:00,24.01716834
1,2018-07-05 03:00:00,24.04848337
1,2018-07-05 04:00:00,24.76061638
1,2018-07-05 05:00:00,24.83298964
1,2018-07-05 06:00:00,29.39946866
1,2018-07-05 07:00:00,34.11018457
1,2018-07-05 08:00:00,40.11247402
1,2018-07-05 09:00:00,37.78174492
1,2018-07-05 10:00:00,38.49794461
1,2018-07-05 11:00:00,37.74612048
1,2018-07-05 12:00:00,33.77890796
1,2018-07-05 13:00:00,33.75603851
1,2018-07-05 14:00:00,30.67860748
1,2018-07-05 15:00:00,29.97856613
1,2018-07-05 16:00:00,31.51474472
1,2018-07-05 17:00:00,30.12180187
1,2018-07-05 18:00:00,28.57970048
1,2018-07-05 19:00:00,28.71457881
1,2018-07-05 20:00:00,23.21208206
1,2018-07-05 21:00:00,23.95629073
1,2018-07-05 22:00:00,23.94600108
1,2018-07-05 23:00:00,25.51182998
1,2018-07-06 00:00:00,23.17558125
1,2018-07-06 01:00:00,23.18670301
1,2018-07-06 02:00:00,24.83500969
1,2018-07-06 03:00:00,23.21536523
1,2018-07-06 04:00:00,24.77139645
1,2018-07-06 05:00:00,24.80720675
1,2018-07-06 06:00:00,30.9321901
1,2018-07-06 07:00:00,33.2100845
1,2018-07-06 08:00:00,39.74858795
1,2018-07-06 09:00:00,38.34593207
1,2018-07-06 10:00:00,34.51299188
1,2018-07-06 11:00:00,29.14436501
1,2018-07-06 12:00:00,40.26979002
1,2018-07-06 13:00:00,45.53229663
1,2018-07-06 14:00:00,37.44279393
1,2018-07-06 15:00:00,36.74155151
1,2018-07-06 16:00:00,36.22356522
1,2018-07-06 17:00:00,36.34337199
1,2018-07-06 18:00:00,34.02506339
1,2018-07-06 19:00:00,30.97819593
1,2018-07-06 20:00:00,28.64876822
1,2018-07-06 21:00:00,28.70858035
1,2018-07-06 22:00:00,27.94495639
1,2018-07-06 23:00:00,27.90369425
1,2018-07-07 00:00:00,25.63111597
1,2018-07-07 01:00:00,26.37568927
1,2018-07-07 02:00:00,26.42048969
1,2018-07-07 03:00:00,26.43729986
1,2018-07-07 04:00:00,27.24378965
1,2018-07-07 05:00:00,25.72266515
1,2018-07-07 06:00:00,27.30350497
1,2018-07-07 07:00:00,30.35256097
1,2018-07-07 08:00:00,34.25963917
1,2018-07-07 09:00:00,31.91734123
1,2018-07-07 10:00:00,33.3851548
1,2018-07-07 11:00:00,34.7606632
1,2018-07-07 12:00:00,32.36935308
1,2018-07-07 13:00:00,32.16276575
1,2018-07-07 14:00:00,30.28316323
1,2018-07-07 15:00:00,29.38583824
1,2018-07-07 16:00:00,31.72252224
1,2018-07-07 17:00:00,31.00732457
1,2018-07-07 18:00:00,30.27698486
1,2018-07-07 19:00:00,29.63704125
1,2018-07-07 20:00:00,28.04100179
1,2018-07-07 21:00:00,27.24829041
1,2018-07-07 22:00:00,26.52926952
1,2018-07-07 23:00:00,26.54537013
1,2018-07-08 00:00:00,26.96148125
1,2018-07-08 01:00:00,26.32075037
1,2018-07-08 02:00:00,26.35925171
1,2018-07-08 03:00:00,26.41649665
1,2018-07-08 04:00:00,26.40356421
1,2018-07-08 05:00:00,27.16940277
1,2018-07-08 06:00:00,27.16109239
1,2018-07-08 07:00:00,27.94511191
1,2018-07-08 08:00:00,34.03074451
1,2018-07-08 09:00:00,31.77227321
1,2018-07-08 10:00:00,30.87736839
1,2018-07-08 11:00:00,30.92863889
1,2018-07-08 12:00:00,30.08089783
1,2018-07-08 13:00:00,28.55012869
1,2018-07-08 14:00:00,28.49107567
1,2018-07-08 15:00:00,29.29756274
1,2018-07-08 16:00:00,27.86692719
1,2018-07-08 17:00:00,30.16481287
1,2018-07-08 18:00:00,29.44791496
1,2018-07-08 19:00:00,27.18302293
1,2018-07-08 20:00:00,28.71126254
1,2018-07-08 21:00:00,27.13571798
1,2018-07-08 22:00:00,27.10765039
1,2018-07-08 23:00:00,26.32202406
1,2018-07-09 00:00:00,25.59846539
1,2018-07-09 01:00:00,27.90341653
1,2018-07-09 02:00:00,26.39661188
1,2018-07-09 03:00:00,25.58515608
1,2018-07-09 04:00:00,27.19382886
1,2018-07-09 05:00:00,27.89712465
1,2018-07-09 06:00:00,33.90741064
1,2018-07-09 07:00:00,38.01454579
1,2018-07-09 08:00:00,44.82359652
1,2018-07-09 09:00:00,45.14539734
1,2018-07-09 10:00:00,44.47077335
1,2018-07-09 11:00:00,42.1872659
1,2018-07-09 12:00:00,39.09711012
1,2018-07-09 13:00:00,39.17331255
1,2018-07-09 14:00:00,38.39491147
1,2018-07-09 15:00:00,38.45519726
1,2018-07-09 16:00:00,39.19496094
1,2018-07-09 17:00:00,38.34687305
1,2018-07-09 18:00:00,36.05228696
1,2018-07-09 19:00:00,30.57442737
1,2018-07-09 20:00:00,28.88012402
1,2018-07-09 21:00:00,27.31223055
1,2018-07-09 22:00:00,25.78584255
1,2018-07-09 23:00:00,25.81221973
1,2018-07-10 00:00:00,25.30151366
1,2018-07-10 01:00:00,26.14534113
1,2018-07-10 02:00:00,24.34124749
1,2018-07-10 03:00:00,24.7474922
1,2018-07-10 04:00:00,26.38936025
1,2018-07-10 05:00:00,27.20575291
1,2018-07-10 06:00:00,34.89061629999999
1,2018-07-10 07:00:00,42.45733757
1,2018-07-10 08:00:00,46.17975613
1,2018-07-10 09:00:00,39.23774073
1,2018-07-10 10:00:00,41.48265785
1,2018-07-10 11:00:00,33.8978583
1,2018-07-10 14:00:00,42.8505188
1,2018-07-10 15:00:00,40.53020454
1,2018-07-10 16:00:00,39.20076953
1,2018-07-10 17:00:00,38.59512348
1,2018-07-10 18:00:00,39.51214135
1,2018-07-10 19:00:00,33.30297702
1,2018-07-10 20:00:00,31.75474947
1,2018-07-10 21:00:00,30.23533454
1,2018-07-10 22:00:00,29.50310997
1,2018-07-10 23:00:00,30.2479435
1,2018-07-11 00:00:00,27.92829134
1,2018-07-11 01:00:00,28.67571918
1,2018-07-11 02:00:00,27.18806469
1,2018-07-11 03:00:00,28.44754887
1,2018-07-11 04:00:00,28.61458284
1,2018-07-11 05:00:00,28.74755115
1,2018-07-11 06:00:00,36.40834195
1,2018-07-11 07:00:00,41.77496601
1,2018-07-11 09:00:00,43.45583167
1,2018-07-11 11:00:00,45.6270159
1,2018-07-11 13:00:00,44.82076110000001
1,2018-07-11 14:00:00,43.26419878
1,2018-07-11 15:00:00,40.93303677
1,2018-07-11 16:00:00,42.41068096
1,2018-07-11 17:00:00,40.051736
1,2018-07-11 18:00:00,37.78533908
1,2018-07-11 19:00:00,33.15960117
1,2018-07-11 20:00:00,33.12439617
1,2018-07-11 21:00:00,33.14555895
1,2018-07-11 22:00:00,31.68979603
1,2018-07-11 23:00:00,30.71012798
1,2018-07-12 00:00:00,28.80306068
1,2018-07-12 01:00:00,27.36330172
1,2018-07-12 02:00:00,28.92929408
1,2018-07-12 03:00:00,30.26747049
1,2018-07-12 04:00:00,29.68646333
1,2018-07-12 05:00:00,32.04430034
1,2018-07-12 06:00:00,39.02865669
1,2018-07-12 07:00:00,45.86486279
1,2018-07-12 11:00:00,46.49499671
1,2018-07-12 12:00:00,44.31992849
1,2018-07-12 13:00:00,42.71426071
1,2018-07-12 14:00:00,42.79165027
1,2018-07-12 15:00:00,39.09142079
1,2018-07-12 16:00:00,40.59994886
1,2018-07-12 17:00:00,40.63562821
1,2018-07-12 18:00:00,36.92930245
1,2018-07-12 19:00:00,34.0369083
1,2018-07-12 20:00:00,33.26659634
1,2018-07-12 21:00:00,31.08712593
1,2018-07-12 22:00:00,31.86399043
1,2018-07-12 23:00:00,30.30999458
1,2018-07-13 00:00:00,28.84801863
1,2018-07-13 01:00:00,28.81602161
1,2018-07-13 02:00:00,29.59535323
1,2018-07-13 03:00:00,28.85398056
1,2018-07-13 04:00:00,28.64850998
1,2018-07-13 05:00:00,29.58933379
1,2018-07-13 06:00:00,36.58620823
1,2018-07-13 07:00:00,42.69511581
1,2018-07-13 11:00:00,47.09239542
1,2018-07-13 12:00:00,44.68363419
1,2018-07-13 13:00:00,41.67008418
1,2018-07-13 14:00:00,43.16498920000001
1,2018-07-13 15:00:00,40.9801907
1,2018-07-13 16:00:00,41.71550356
1,2018-07-13 17:00:00,40.21248204
1,2018-07-13 18:00:00,39.57264036
1,2018-07-13 19:00:00,36.41176586
1,2018-07-13 20:00:00,35.80560117
1,2018-07-13 21:00:00,33.55972064
1,2018-07-13 22:00:00,32.6240289
1,2018-07-13 23:00:00,31.82272888
1,2018-07-14 00:00:00,28.72207452
1,2018-07-14 01:00:00,29.58263489
1,2018-07-14 02:00:00,30.36487762
1,2018-07-14 03:00:00,31.17672915
1,2018-07-14 04:00:00,31.89728052
1,2018-07-14 05:00:00,30.37578497
1,2018-07-14 06:00:00,31.93697863
1,2018-07-14 07:00:00,34.97386537
1,2018-07-14 08:00:00,42.66499652
1,2018-07-14 09:00:00,39.47613749
1,2018-07-14 10:00:00,36.26809562
1,2018-07-14 11:00:00,35.28776474
1,2018-07-14 12:00:00,32.18202576
1,2018-07-14 13:00:00,32.19618333
1,2018-07-14 14:00:00,30.61808209
1,2018-07-14 15:00:00,30.70097174
1,2018-07-14 16:00:00,29.98968986
1,2018-07-14 17:00:00,32.52122452
1,2018-07-14 18:00:00,33.22219447
1,2018-07-14 19:00:00,30.87324833
1,2018-07-14 20:00:00,31.72905114
1,2018-07-14 21:00:00,29.46080977
1,2018-07-14 22:00:00,30.2062934
1,2018-07-14 23:00:00,30.20224501
1,2018-07-15 00:00:00,29.43808904
1,2018-07-15 01:00:00,30.22729869
1,2018-07-15 02:00:00,30.19672916
1,2018-07-15 03:00:00,29.37529556
1,2018-07-15 04:00:00,28.66134739
1,2018-07-15 05:00:00,30.39502423
1,2018-07-15 06:00:00,31.20906934
1,2018-07-15 07:00:00,34.28347679
1,2018-07-15 08:00:00,39.61914468
1,2018-07-15 09:00:00,37.12858213
1,2018-07-15 10:00:00,36.19250961
1,2018-07-15 11:00:00,35.25072429999999
1,2018-07-15 12:00:00,33.703497
1,2018-07-15 13:00:00,32.14044252
1,2018-07-15 14:00:00,32.85276773
1,2018-07-15 15:00:00,31.36263762
1,2018-07-15 16:00:00,31.43413962
1,2018-07-15 17:00:00,32.296026899999994
1,2018-07-15 18:00:00,31.64284763
1,2018-07-15 19:00:00,31.62400161
1,2018-07-15 20:00:00,30.9595222
1,2018-07-15 21:00:00,29.34227066
1,2018-07-15 22:00:00,29.41960793
1,2018-07-15 23:00:00,30.14227425
1,2018-07-16 00:00:00,29.41553093
1,2018-07-16 01:00:00,29.41669411
1,2018-07-16 02:00:00,29.34578206
1,2018-07-16 03:00:00,30.08070928
1,2018-07-16 04:00:00,29.33801807
1,2018-07-16 05:00:00,31.53901918
1,2018-07-16 06:00:00,36.95806789
1,2018-07-16 07:00:00,42.54473507
1,2018-07-16 12:00:00,47.02595949
1,2018-07-16 13:00:00,45.49737488
1,2018-07-16 14:00:00,44.6102254
1,2018-07-16 15:00:00,45.39164686
1,2018-07-16 16:00:00,42.98629479
1,2018-07-16 17:00:00,45.59132634
1,2018-07-16 18:00:00,40.23772061
1,2018-07-16 19:00:00,36.43774605
1,2018-07-16 20:00:00,33.16192828
1,2018-07-16 21:00:00,31.69066783
1,2018-07-16 22:00:00,30.14678935
1,2018-07-16 23:00:00,31.67310079
1,2018-07-17 00:00:00,30.12097433
1,2018-07-17 01:00:00,26.94189993
1,2018-07-17 02:00:00,29.1288723
1,2018-07-17 03:00:00,29.89819286
1,2018-07-17 04:00:00,29.15944977
1,2018-07-17 05:00:00,29.0587242
1,2018-07-17 06:00:00,38.16771209
1,2018-07-17 07:00:00,43.02686737
1,2018-07-17 10:00:00,44.50165582
1,2018-07-17 11:00:00,37.3439848
1,2018-07-17 12:00:00,44.98149967
1,2018-07-17 13:00:00,40.52619794
1,2018-07-17 14:00:00,38.19274473
1,2018-07-17 15:00:00,39.14263194
1,2018-07-17 16:00:00,38.50324103
1,2018-07-17 17:00:00,37.77091542
1,2018-07-17 18:00:00,37.78811678
1,2018-07-17 19:00:00,31.72948407
1,2018-07-17 20:00:00,31.71006273
1,2018-07-17 21:00:00,31.72222107
1,2018-07-17 22:00:00,31.70782436
1,2018-07-17 23:00:00,31.0286328
1,2018-07-18 00:00:00,27.95309921
1,2018-07-18 01:00:00,28.69635677
1,2018-07-18 02:00:00,28.77303626
1,2018-07-18 03:00:00,28.74188843
1,2018-07-18 04:00:00,29.53721392
1,2018-07-18 05:00:00,31.83080405
1,2018-07-18 06:00:00,35.70184573
1,2018-07-18 07:00:00,42.52463803
1,2018-07-18 11:00:00,46.75395523
1,2018-07-18 12:00:00,42.16895218
1,2018-07-18 13:00:00,40.535341
1,2018-07-18 14:00:00,38.23323441
1,2018-07-18 15:00:00,38.3097391
1,2018-07-18 16:00:00,37.69347913
1,2018-07-18 17:00:00,36.95550655
1,2018-07-18 18:00:00,36.2219436
1,2018-07-18 19:00:00,33.17987813
1,2018-07-18 20:00:00,31.63716541
1,2018-07-18 21:00:00,29.36021196
1,2018-07-18 22:00:00,30.07578454
1,2018-07-18 23:00:00,27.8307897
1,2018-07-19 00:00:00,27.87494506
1,2018-07-19 01:00:00,27.83677979
1,2018-07-19 02:00:00,26.3094055
1,2018-07-19 03:00:00,28.60301113
1,2018-07-19 04:00:00,27.78001021
1,2018-07-19 05:00:00,29.37692284
1,2018-07-19 06:00:00,36.33519871
1,2018-07-19 07:00:00,42.57901211
1,2018-07-19 08:00:00,45.81112988
1,2018-07-19 09:00:00,46.40251013
1,2018-07-19 10:00:00,44.52953293
1,2018-07-19 11:00:00,42.03366696
1,2018-07-19 12:00:00,41.08523007
1,2018-07-19 13:00:00,37.35649085
1,2018-07-19 14:00:00,35.80297646
1,2018-07-19 15:00:00,35.86989584
1,2018-07-19 16:00:00,35.24651232
1,2018-07-19 17:00:00,35.38908298
1,2018-07-19 18:00:00,35.45488245
1,2018-07-19 19:00:00,31.76989769
1,2018-07-19 20:00:00,33.24448139
1,2018-07-19 21:00:00,30.99252674
1,2018-07-19 22:00:00,30.96401949
1,2018-07-19 23:00:00,28.68188789
1,2018-07-20 00:00:00,28.05303128
1,2018-07-20 01:00:00,28.1216441
1,2018-07-20 02:00:00,27.38520114
1,2018-07-20 03:00:00,28.17821068
1,2018-07-20 04:00:00,28.20951582
1,2018-07-20 05:00:00,29.49465445
1,2018-07-20 06:00:00,34.96204445
1,2018-07-20 07:00:00,41.05388599
1,2018-07-20 11:00:00,44.47988317
1,2018-07-20 12:00:00,42.93802806
1,2018-07-20 13:00:00,43.77837248
1,2018-07-20 14:00:00,45.41033046
1,2018-07-20 15:00:00,44.48412511
1,2018-07-20 16:00:00,42.34469252
1,2018-07-20 17:00:00,41.56463853
1,2018-07-20 18:00:00,39.35419026
1,2018-07-20 19:00:00,35.57455425
1,2018-07-20 20:00:00,33.97432678
1,2018-07-20 21:00:00,32.43879166
1,2018-07-20 22:00:00,32.49482517
1,2018-07-20 23:00:00,32.76164341
1,2018-07-21 00:00:00,31.10106583
1,2018-07-21 01:00:00,30.366399
1,2018-07-21 02:00:00,30.30901058
1,2018-07-21 03:00:00,30.93265015
1,2018-07-21 04:00:00,29.63555367
1,2018-07-21 05:00:00,32.12252211
1,2018-07-21 06:00:00,32.42595358
1,2018-07-21 07:00:00,33.45865147
1,2018-07-21 08:00:00,38.85886997
1,2018-07-21 09:00:00,37.1427883
1,2018-07-21 10:00:00,33.93129175
1,2018-07-21 11:00:00,33.91624489
1,2018-07-21 12:00:00,31.60943956
1,2018-07-21 13:00:00,31.46567878
1,2018-07-21 14:00:00,31.93767488
1,2018-07-21 15:00:00,30.40718774
1,2018-07-21 16:00:00,31.07504826
1,2018-07-21 17:00:00,32.0079046
1,2018-07-21 18:00:00,32.77979821
1,2018-07-21 19:00:00,31.31371843
1,2018-07-21 20:00:00,30.00559981
1,2018-07-21 21:00:00,29.13811816
1,2018-07-21 22:00:00,28.72817871
1,2018-07-21 23:00:00,28.77137006
1,2018-07-22 00:00:00,28.02649575
1,2018-07-22 01:00:00,28.81617051
1,2018-07-22 02:00:00,28.70875136
1,2018-07-22 03:00:00,29.5884668
1,2018-07-22 04:00:00,29.03657794
1,2018-07-22 05:00:00,29.06716917
1,2018-07-22 06:00:00,30.52003923
1,2018-07-22 07:00:00,31.0382307
1,2018-07-22 08:00:00,38.08652859
1,2018-07-22 09:00:00,35.56253149
1,2018-07-22 10:00:00,33.06228113
1,2018-07-22 11:00:00,31.34345711
1,2018-07-22 12:00:00,31.34223404
1,2018-07-22 13:00:00,29.76643896
1,2018-07-22 14:00:00,29.02013384
1,2018-07-22 15:00:00,29.82617775
1,2018-07-22 16:00:00,29.17780332
1,2018-07-22 17:00:00,30.87108151
1,2018-07-22 18:00:00,30.10089466
1,2018-07-22 19:00:00,30.925236600000005
1,2018-07-22 20:00:00,30.160815000000003
1,2018-07-22 21:00:00,28.68639278
1,2018-07-22 22:00:00,28.62429229
1,2018-07-22 23:00:00,29.37096618
1,2018-07-23 00:00:00,30.19732985
1,2018-07-23 01:00:00,28.72052193
1,2018-07-23 02:00:00,28.68975378
1,2018-07-23 03:00:00,29.48580399
1,2018-07-23 04:00:00,29.51115234
1,2018-07-23 05:00:00,30.91781147
1,2018-07-23 06:00:00,36.20163789
1,2018-07-23 07:00:00,42.29718907
1,2018-07-23 10:00:00,47.03556012
1,2018-07-23 11:00:00,44.64132088
1,2018-07-23 12:00:00,41.55131744
1,2018-07-23 13:00:00,39.3673526
1,2018-07-23 14:00:00,39.41311449
1,2018-07-23 15:00:00,37.71391601
1,2018-07-23 16:00:00,38.55244469
1,2018-07-23 17:00:00,36.23789077
1,2018-07-23 18:00:00,35.86723771
1,2018-07-23 19:00:00,32.15509181
1,2018-07-23 20:00:00,29.87201422
1,2018-07-23 21:00:00,30.53963692
1,2018-07-23 22:00:00,30.97729585
1,2018-07-23 23:00:00,28.17873066
1,2018-07-24 00:00:00,28.06735097
1,2018-07-24 01:00:00,28.09900761
1,2018-07-24 02:00:00,28.02482451
1,2018-07-24 03:00:00,26.57486131
1,2018-07-24 04:00:00,29.05841325
1,2018-07-24 05:00:00,27.78623946
1,2018-07-24 06:00:00,33.96380915
1,2018-07-24 07:00:00,39.36147173
1,2018-07-24 08:00:00,46.19133566
1,2018-07-24 09:00:00,43.07633171
1,2018-07-24 10:00:00,40.65472583
1,2018-07-24 11:00:00,38.92211815
1,2018-07-24 12:00:00,39.59799493
1,2018-07-24 13:00:00,38.16209026
1,2018-07-24 14:00:00,37.41380632
1,2018-07-24 15:00:00,35.88345726
1,2018-07-24 16:00:00,34.056399600000006
1,2018-07-24 17:00:00,34.76055508
1,2018-07-24 18:00:00,31.76539343
1,2018-07-24 19:00:00,28.0195229
1,2018-07-24 20:00:00,26.56207116
1,2018-07-24 21:00:00,25.8114638
1,2018-07-24 22:00:00,26.54745539
1,2018-07-24 23:00:00,25.74637598
1,2018-07-25 00:00:00,25.77507988
1,2018-07-25 01:00:00,25.77585786
1,2018-07-25 02:00:00,25.80346055
1,2018-07-25 03:00:00,26.0678439
1,2018-07-25 04:00:00,26.56917721
1,2018-07-25 05:00:00,28.16748148
1,2018-07-25 06:00:00,34.28620567
1,2018-07-25 07:00:00,41.99552818
1,2018-07-25 09:00:00,45.66363788
1,2018-07-25 10:00:00,40.94090943
1,2018-07-25 11:00:00,36.26059488
1,2018-07-25 12:00:00,35.41049921
1,2018-07-25 13:00:00,34.59717102
1,2018-07-25 14:00:00,33.17137294
1,2018-07-25 15:00:00,33.98227123
1,2018-07-25 16:00:00,32.49494334
1,2018-07-25 17:00:00,33.37456054
1,2018-07-25 18:00:00,31.13135243
1,2018-07-25 19:00:00,31.07264619
1,2018-07-25 20:00:00,28.01436722
1,2018-07-25 21:00:00,27.21431177
1,2018-07-25 22:00:00,27.17837628
1,2018-07-25 23:00:00,28.05112942
1,2018-07-26 00:00:00,26.53646237
1,2018-07-26 01:00:00,25.78255005
1,2018-07-26 02:00:00,25.80106091
1,2018-07-26 03:00:00,26.61251228
1,2018-07-26 04:00:00,26.63244491
1,2018-07-26 05:00:00,28.20410624
1,2018-07-26 06:00:00,33.59784508
1,2018-07-26 07:00:00,38.21378984
1,2018-07-26 08:00:00,45.90711463
1,2018-07-26 09:00:00,42.85672363
1,2018-07-26 10:00:00,41.15372573
1,2018-07-26 11:00:00,40.20633753
1,2018-07-26 12:00:00,35.37031526
1,2018-07-26 13:00:00,32.35525942
1,2018-07-26 14:00:00,40.06093583
1,2018-07-26 15:00:00,37.76410581
1,2018-07-26 16:00:00,37.77241864
1,2018-07-26 17:00:00,37.1703831
1,2018-07-26 18:00:00,35.66776823
1,2018-07-26 19:00:00,33.45525026
1,2018-07-26 20:00:00,32.55185016
1,2018-07-26 21:00:00,32.55064679
1,2018-07-26 22:00:00,31.06319913
1,2018-07-26 23:00:00,30.22879297
1,2018-07-27 00:00:00,30.27066301
1,2018-07-27 01:00:00,28.73855811
1,2018-07-27 02:00:00,30.26860391
1,2018-07-27 03:00:00,30.28643635
1,2018-07-27 04:00:00,30.42003413
1,2018-07-27 05:00:00,31.91113803
1,2018-07-27 06:00:00,36.5779151
1,2018-07-27 07:00:00,39.71120212
1,2018-07-27 09:00:00,45.03604391
1,2018-07-27 10:00:00,43.08512766
1,2018-07-27 11:00:00,38.44337925
1,2018-07-27 12:00:00,37.62963416
1,2018-07-27 13:00:00,35.31382224
1,2018-07-27 14:00:00,32.15139522
1,2018-07-27 15:00:00,35.23575578
1,2018-07-27 16:00:00,32.21453517
1,2018-07-27 17:00:00,31.66905179
1,2018-07-27 18:00:00,30.9305122
1,2018-07-27 19:00:00,30.25073664
1,2018-07-27 20:00:00,29.44777107
1,2018-07-27 21:00:00,28.71604392
1,2018-07-27 22:00:00,27.88516692
1,2018-07-27 23:00:00,28.64636414
1,2018-07-28 00:00:00,26.37191426
1,2018-07-28 01:00:00,27.84165895
1,2018-07-28 02:00:00,26.95415646
1,2018-07-28 03:00:00,28.49102242
1,2018-07-28 04:00:00,26.97539265
1,2018-07-28 05:00:00,27.74386184
1,2018-07-28 06:00:00,28.54369
1,2018-07-28 07:00:00,30.94730866
1,2018-07-28 08:00:00,33.51698623
1,2018-07-28 09:00:00,31.57809249
1,2018-07-28 10:00:00,30.68703656
1,2018-07-28 11:00:00,29.87830566
1,2018-07-28 12:00:00,27.40271797
1,2018-07-28 13:00:00,26.58795518
1,2018-07-28 14:00:00,27.22675988
1,2018-07-28 15:00:00,27.07479057
1,2018-07-28 16:00:00,26.27223568
1,2018-07-28 17:00:00,26.34068872
1,2018-07-28 18:00:00,28.01875649
1,2018-07-28 19:00:00,26.47236883
1,2018-07-28 20:00:00,27.22052236
1,2018-07-28 21:00:00,24.84757195
1,2018-07-28 22:00:00,26.52962066
1,2018-07-28 23:00:00,26.57898657
1,2018-07-29 00:00:00,25.86286871
1,2018-07-29 01:00:00,26.65063145
1,2018-07-29 02:00:00,25.83144203
1,2018-07-29 03:00:00,26.44378727
1,2018-07-29 04:00:00,25.53863605
1,2018-07-29 05:00:00,26.30635401
1,2018-07-29 06:00:00,27.10767197
1,2018-07-29 07:00:00,28.58950293
1,2018-07-29 08:00:00,33.19994107
1,2018-07-29 09:00:00,31.50800772
1,2018-07-29 10:00:00,31.55522623
1,2018-07-29 11:00:00,31.50590376
1,2018-07-29 12:00:00,31.48964838
1,2018-07-29 13:00:00,30.59841614
1,2018-07-29 14:00:00,29.16846803
1,2018-07-29 15:00:00,32.38088716
1,2018-07-29 16:00:00,33.15127352
1,2018-07-29 17:00:00,32.47922424
1,2018-07-29 18:00:00,32.64699137
1,2018-07-29 19:00:00,31.00968745
1,2018-07-29 20:00:00,30.21411148
1,2018-07-29 21:00:00,29.52288932
1,2018-07-29 22:00:00,29.53341504
1,2018-07-29 23:00:00,29.48114765
1,2018-07-30 00:00:00,28.57078427
1,2018-07-30 01:00:00,28.56151645
1,2018-07-30 02:00:00,29.40867523
1,2018-07-30 03:00:00,28.77180995
1,2018-07-30 04:00:00,29.64809887
1,2018-07-30 05:00:00,30.47975948
1,2018-07-30 06:00:00,33.67181954
1,2018-07-30 07:00:00,38.81030373
1,2018-07-30 09:00:00,45.79653691
1,2018-07-30 10:00:00,42.47878619
1,2018-07-30 11:00:00,42.3930786
1,2018-07-30 12:00:00,40.8595166
1,2018-07-30 13:00:00,40.1355925
1,2018-07-30 14:00:00,39.4614521
1,2018-07-30 15:00:00,39.35242777
1,2018-07-30 16:00:00,39.54870236
1,2018-07-30 17:00:00,39.38651013
1,2018-07-30 18:00:00,38.9102558
1,2018-07-30 19:00:00,34.34122094
1,2018-07-30 20:00:00,30.18729819
1,2018-07-30 21:00:00,30.2522634
1,2018-07-30 22:00:00,29.96913312
1,2018-07-30 23:00:00,29.54024302
1,2018-07-31 00:00:00,28.90712297
1,2018-07-31 01:00:00,28.95475618
1,2018-07-31 02:00:00,28.18550971
1,2018-07-31 03:00:00,28.52207399
1,2018-07-31 04:00:00,30.08848057
1,2018-07-31 05:00:00,30.06203951
1,2018-07-31 06:00:00,33.88569141
1,2018-07-31 07:00:00,38.57857675
1,2018-07-31 08:00:00,46.87342158
1,2018-07-31 09:00:00,45.30580868
1,2018-07-31 10:00:00,42.03663393
1,2018-07-31 11:00:00,39.87986557
1,2018-07-31 12:00:00,38.45832755
1,2018-07-31 13:00:00,35.32286587
1,2018-07-31 14:00:00,36.05431776
1,2018-07-31 15:00:00,35.89259964
1,2018-07-31 16:00:00,35.19965655
1,2018-07-31 17:00:00,35.28578739
1,2018-07-31 18:00:00,33.86141245
1,2018-07-31 19:00:00,33.16563034
1,2018-07-31 20:00:00,30.05460208
1,2018-07-31 21:00:00,27.70946668
1,2018-07-31 22:00:00,29.83294587
1,2018-07-31 23:00:00,28.9516816
1,2018-08-01 00:00:00,29.801574100000003
1,2018-08-01 01:00:00,29.6283057
1,2018-08-01 02:00:00,30.90045817
1,2018-08-01 03:00:00,30.16262843
1,2018-08-01 04:00:00,30.08835209
1,2018-08-01 05:00:00,29.93868176
1,2018-08-01 06:00:00,33.68068404
1,2018-08-01 07:00:00,39.11537109
1,2018-08-01 08:00:00,46.81342575
1,2018-08-01 09:00:00,39.80588188
1,2018-08-01 10:00:00,41.19708179
1,2018-08-01 11:00:00,42.60338347
1,2018-08-01 12:00:00,39.39333191
1,2018-08-01 13:00:00,36.43460362
1,2018-08-01 14:00:00,33.33863514
1,2018-08-01 15:00:00,34.18430824
1,2018-08-01 16:00:00,34.24725525
1,2018-08-01 17:00:00,32.94402748
1,2018-08-01 18:00:00,33.10937885
1,2018-08-01 19:00:00,31.5205835
1,2018-08-01 20:00:00,30.5425119
1,2018-08-01 21:00:00,29.41393318
1,2018-08-01 22:00:00,29.48849709
1,2018-08-01 23:00:00,29.17412836
1,2018-08-02 00:00:00,28.20744071
1,2018-08-02 01:00:00,28.2310589
1,2018-08-02 02:00:00,28.23880426
1,2018-08-02 03:00:00,29.17859888
1,2018-08-02 04:00:00,30.32072287
1,2018-08-02 05:00:00,31.87128052
1,2018-08-02 06:00:00,35.77913561
1,2018-08-02 07:00:00,41.0528595
1,2018-08-02 10:00:00,44.40487824
1,2018-08-02 11:00:00,43.53044928
1,2018-08-02 12:00:00,39.69076122
1,2018-08-02 13:00:00,36.50549286
1,2018-08-02 14:00:00,35.82965753
1,2018-08-02 15:00:00,35.13845676
1,2018-08-02 16:00:00,36.05983764
1,2018-08-02 17:00:00,35.43681479
1,2018-08-02 18:00:00,34.68124688
1,2018-08-02 19:00:00,32.43353709
1,2018-08-02 20:00:00,29.9433186
1,2018-08-02 21:00:00,28.73813333
1,2018-08-02 22:00:00,28.71315516
1,2018-08-02 23:00:00,28.12797121
1,2018-08-03 00:00:00,26.90425142
1,2018-08-03 01:00:00,29.26180545
1,2018-08-03 02:00:00,27.99409019
1,2018-08-03 03:00:00,26.51278721
1,2018-08-03 04:00:00,28.8247924
1,2018-08-03 05:00:00,28.02916629
1,2018-08-03 06:00:00,31.8886984
1,2018-08-03 07:00:00,36.47908208
1,2018-08-03 08:00:00,41.8333951
1,2018-08-03 09:00:00,39.59761297
1,2018-08-03 10:00:00,35.74751055
1,2018-08-03 11:00:00,34.07663752
1,2018-08-03 12:00:00,33.24904181
1,2018-08-03 13:00:00,34.2038266
1,2018-08-03 14:00:00,32.69349002
1,2018-08-03 15:00:00,34.36577711
1,2018-08-03 16:00:00,36.75831996
1,2018-08-03 17:00:00,34.35239299
1,2018-08-03 18:00:00,34.40629813
1,2018-08-03 19:00:00,31.46149102
1,2018-08-03 20:00:00,30.60526025
1,2018-08-03 21:00:00,30.688404100000003
1,2018-08-03 22:00:00,30.58245229
1,2018-08-03 23:00:00,31.26615017
1,2018-08-04 00:00:00,28.12942246
1,2018-08-04 01:00:00,28.61094293
1,2018-08-04 02:00:00,27.74103119
1,2018-08-04 03:00:00,28.59076866
1,2018-08-04 04:00:00,28.6041604
1,2018-08-04 05:00:00,29.37203984
1,2018-08-04 06:00:00,30.1820298
1,2018-08-04 07:00:00,32.47960167
1,2018-08-04 08:00:00,36.41363583
1,2018-08-04 09:00:00,34.03201465
1,2018-08-04 10:00:00,33.15273922
1,2018-08-04 11:00:00,33.0340922
1,2018-08-04 12:00:00,31.54053125
1,2018-08-04 13:00:00,31.59108868
1,2018-08-04 14:00:00,32.3281797
1,2018-08-04 15:00:00,30.76284788
1,2018-08-04 16:00:00,29.99896677
1,2018-08-04 17:00:00,29.23382143
1,2018-08-04 18:00:00,30.03650739
1,2018-08-04 19:00:00,28.54918398
1,2018-08-04 20:00:00,29.31231831
1,2018-08-04 21:00:00,29.44687348
1,2018-08-04 22:00:00,29.40744141
1,2018-08-04 23:00:00,27.02327683
1,2018-08-05 00:00:00,28.51044838
1,2018-08-05 01:00:00,27.02045438
1,2018-08-05 02:00:00,27.07936222
1,2018-08-05 03:00:00,27.02298866
1,2018-08-05 04:00:00,27.03720499
1,2018-08-05 05:00:00,27.03801408
1,2018-08-05 06:00:00,29.33186314
1,2018-08-05 07:00:00,30.08744195
1,2018-08-05 08:00:00,33.90466683
1,2018-08-05 09:00:00,32.39386951
1,2018-08-05 10:00:00,32.21522051
1,2018-08-05 11:00:00,32.10992477
1,2018-08-05 12:00:00,28.93054551
1,2018-08-05 13:00:00,28.90663811
1,2018-08-05 14:00:00,28.14317847
1,2018-08-05 15:00:00,28.20557263
1,2018-08-05 16:00:00,26.75212755
1,2018-08-05 17:00:00,27.68882559
1,2018-08-05 18:00:00,29.17787299
1,2018-08-05 19:00:00,26.92344074
1,2018-08-05 20:00:00,27.74186459
1,2018-08-05 21:00:00,26.95878433
1,2018-08-05 22:00:00,26.88042285
1,2018-08-05 23:00:00,25.32680572
1,2018-08-06 00:00:00,26.08690601
1,2018-08-06 01:00:00,26.20359131
1,2018-08-06 02:00:00,26.28821182
1,2018-08-06 03:00:00,27.84004034
1,2018-08-06 04:00:00,27.84282855
1,2018-08-06 05:00:00,30.1567814
1,2018-08-06 06:00:00,32.39605914
1,2018-08-06 07:00:00,38.51881672
1,2018-08-06 08:00:00,46.79060447
1,2018-08-06 09:00:00,43.8131795
1,2018-08-06 10:00:00,43.65982263
1,2018-08-06 11:00:00,41.36614314
1,2018-08-06 12:00:00,40.54014363
1,2018-08-06 13:00:00,38.14575577
1,2018-08-06 14:00:00,37.56231116
1,2018-08-06 15:00:00,37.67162702
1,2018-08-06 16:00:00,39.09254141
1,2018-08-06 17:00:00,37.69830716
1,2018-08-06 18:00:00,36.26037076
1,2018-08-06 19:00:00,33.19337208
1,2018-08-06 20:00:00,31.66032792
1,2018-08-06 21:00:00,31.7055352
1,2018-08-06 22:00:00,30.92841122
1,2018-08-06 23:00:00,31.67957554
1,2018-08-07 00:00:00,30.24691196
1,2018-08-07 01:00:00,29.3424672
1,2018-08-07 02:00:00,29.43661205
1,2018-08-07 03:00:00,30.92771599
1,2018-08-07 04:00:00,30.91038016
1,2018-08-07 05:00:00,31.01287339
1,2018-08-07 06:00:00,36.38016446
1,2018-08-07 07:00:00,39.4061742
1,2018-08-07 10:00:00,44.68267753
1,2018-08-07 11:00:00,40.84526445
1,2018-08-07 12:00:00,42.14243147
1,2018-08-07 13:00:00,40.54326531
1,2018-08-07 14:00:00,38.98032738
1,2018-08-07 15:00:00,38.23143054
1,2018-08-07 16:00:00,38.32040502
1,2018-08-07 17:00:00,36.91417286
1,2018-08-07 18:00:00,36.20964545
1,2018-08-07 19:00:00,32.47621259
1,2018-08-07 20:00:00,30.91877911
1,2018-08-07 21:00:00,28.54258721
1,2018-08-07 22:00:00,29.31570647
1,2018-08-07 23:00:00,30.12554845
1,2018-08-08 00:00:00,28.62275225
1,2018-08-08 01:00:00,28.65548515
1,2018-08-08 02:00:00,29.42912777
1,2018-08-08 03:00:00,28.71953774
1,2018-08-08 04:00:00,30.30146824
1,2018-08-08 05:00:00,31.15107594
1,2018-08-08 06:00:00,34.90276146
1,2018-08-08 07:00:00,40.01491942
1,2018-08-08 09:00:00,46.33413677
1,2018-08-08 10:00:00,44.72528343
1,2018-08-08 11:00:00,42.10398484
1,2018-08-08 12:00:00,39.76415466
1,2018-08-08 13:00:00,39.03671265
1,2018-08-08 14:00:00,38.3867112
1,2018-08-08 15:00:00,41.34578814
1,2018-08-08 16:00:00,39.21187782
1,2018-08-08 17:00:00,38.52725108
1,2018-08-08 18:00:00,37.75787054
1,2018-08-08 19:00:00,34.02058573
1,2018-08-08 20:00:00,32.54634297
1,2018-08-08 21:00:00,31.05123857
1,2018-08-08 22:00:00,32.54029465
1,2018-08-08 23:00:00,31.81135103
1,2018-08-09 00:00:00,31.01394596
1,2018-08-09 01:00:00,29.68657773
1,2018-08-09 02:00:00,29.63798175
1,2018-08-09 03:00:00,30.27675234
1,2018-08-09 04:00:00,31.06180158
1,2018-08-09 05:00:00,31.15049173
1,2018-08-09 06:00:00,34.96821905
1,2018-08-09 07:00:00,42.61879765
1,2018-08-09 09:00:00,40.16916504
1,2018-08-09 10:00:00,38.61533936
1,2018-08-09 11:00:00,40.08222611
1,2018-08-09 15:00:00,43.69143134
1,2018-08-09 16:00:00,40.62297238
1,2018-08-09 17:00:00,39.20311503
1,2018-08-09 18:00:00,36.91526853
1,2018-08-09 19:00:00,33.21424393
1,2018-08-09 20:00:00,32.48049336
1,2018-08-09 21:00:00,30.91986372
1,2018-08-09 22:00:00,30.90912104
1,2018-08-09 23:00:00,30.12911282
1,2018-08-10 00:00:00,27.03515382
1,2018-08-10 01:00:00,27.02542552
1,2018-08-10 02:00:00,26.26461469
1,2018-08-10 03:00:00,27.00395379
1,2018-08-10 04:00:00,26.16518839
1,2018-08-10 05:00:00,26.94701491
1,2018-08-10 06:00:00,32.99179729
1,2018-08-10 07:00:00,35.99919714
1,2018-08-10 08:00:00,42.85492662
1,2018-08-10 09:00:00,38.97853983
1,2018-08-10 10:00:00,38.84344179
1,2018-08-10 11:00:00,36.4013682
1,2018-08-10 12:00:00,35.63316318
1,2018-08-10 13:00:00,34.83652042
1,2018-08-10 14:00:00,34.93296606
1,2018-08-10 15:00:00,31.87458906
1,2018-08-10 16:00:00,32.63695639
1,2018-08-10 17:00:00,30.57863159
1,2018-08-10 18:00:00,30.59531004
1,2018-08-10 19:00:00,28.35975878
1,2018-08-10 20:00:00,24.53735589
1,2018-08-10 21:00:00,24.4700767
1,2018-08-10 22:00:00,24.45861351
1,2018-08-10 23:00:00,23.73018836
1,2018-08-11 00:00:00,23.68163734
1,2018-08-11 01:00:00,23.78451938
1,2018-08-11 02:00:00,23.90243537
1,2018-08-11 03:00:00,25.47909773
1,2018-08-11 04:00:00,24.64718292
1,2018-08-11 05:00:00,24.71761176
1,2018-08-11 06:00:00,26.20977436
1,2018-08-11 07:00:00,27.84510863
1,2018-08-11 08:00:00,33.19328128
1,2018-08-11 09:00:00,31.66838251
1,2018-08-11 10:00:00,30.87251546
1,2018-08-11 11:00:00,30.75540726
1,2018-08-11 12:00:00,29.18993872
1,2018-08-11 13:00:00,29.99876015
1,2018-08-11 14:00:00,28.44127817
1,2018-08-11 15:00:00,29.2464691
1,2018-08-11 16:00:00,28.56016341
1,2018-08-11 17:00:00,30.81061993
1,2018-08-11 18:00:00,30.86989683
1,2018-08-11 19:00:00,29.4998881
1,2018-08-11 20:00:00,29.37356255
1,2018-08-11 21:00:00,28.63514664
1,2018-08-11 22:00:00,27.92734604
1,2018-08-11 23:00:00,28.61184979
1,2018-08-12 00:00:00,28.63683128
1,2018-08-12 01:00:00,28.63103274
1,2018-08-12 02:00:00,27.90085766
1,2018-08-12 03:00:00,30.18118036
1,2018-08-12 04:00:00,30.99994861
1,2018-08-12 05:00:00,30.351417100000006
1,2018-08-12 06:00:00,28.89917036
1,2018-08-12 07:00:00,31.87564976
1,2018-08-12 08:00:00,37.1519989
1,2018-08-12 09:00:00,35.5363575
1,2018-08-12 10:00:00,34.41835633
1,2018-08-12 11:00:00,32.13997036
1,2018-08-12 12:00:00,29.76135429
1,2018-08-12 13:00:00,29.80164759
1,2018-08-12 14:00:00,29.03680902
1,2018-08-12 15:00:00,29.12345829
1,2018-08-12 16:00:00,28.417707
1,2018-08-12 17:00:00,30.00756729
1,2018-08-12 18:00:00,28.46784936
1,2018-08-12 19:00:00,28.56285754
1,2018-08-12 20:00:00,28.54883597
1,2018-08-12 21:00:00,27.00427742
1,2018-08-12 22:00:00,27.01701531
1,2018-08-12 23:00:00,27.04700226
1,2018-08-13 00:00:00,26.38315782
1,2018-08-13 01:00:00,26.35164654
1,2018-08-13 02:00:00,26.36666991
1,2018-08-13 03:00:00,25.5415852
1,2018-08-13 04:00:00,26.30299404
1,2018-08-13 05:00:00,27.05761292
1,2018-08-13 06:00:00,33.15932796
1,2018-08-13 07:00:00,39.17566375
1,2018-08-13 08:00:00,45.95957591
1,2018-08-13 09:00:00,42.82683639
1,2018-08-13 10:00:00,42.77519959
1,2018-08-13 11:00:00,43.59692125
1,2018-08-13 12:00:00,43.62980056
1,2018-08-13 13:00:00,40.55954846
1,2018-08-13 14:00:00,38.93408684
1,2018-08-13 15:00:00,37.45687331
1,2018-08-13 16:00:00,38.26080904
1,2018-08-13 17:00:00,35.31894996
1,2018-08-13 18:00:00,33.79011972
1,2018-08-13 19:00:00,29.98148463
1,2018-08-13 20:00:00,28.57536397
1,2018-08-13 21:00:00,29.30533008
1,2018-08-13 22:00:00,30.09308766
1,2018-08-13 23:00:00,27.72282647
1,2018-08-14 00:00:00,27.76689951
1,2018-08-14 01:00:00,26.98834616
1,2018-08-14 02:00:00,26.17727772
1,2018-08-14 03:00:00,27.78573055
1,2018-08-14 04:00:00,28.46291868
1,2018-08-14 05:00:00,27.70275066
1,2018-08-14 06:00:00,34.54242986
1,2018-08-14 07:00:00,39.21169971
1,2018-08-14 09:00:00,45.89639302
1,2018-08-14 10:00:00,41.20015183
1,2018-08-14 11:00:00,37.31277207
1,2018-08-14 12:00:00,35.79801944
1,2018-08-14 13:00:00,35.02268543
1,2018-08-14 14:00:00,33.62234078
1,2018-08-14 15:00:00,32.17304728
1,2018-08-14 16:00:00,31.32244785
1,2018-08-14 17:00:00,29.79725349
1,2018-08-14 18:00:00,30.73227047
1,2018-08-14 19:00:00,27.62807169
1,2018-08-14 20:00:00,24.61606628
1,2018-08-14 21:00:00,23.09709922
1,2018-08-14 22:00:00,23.06804136
1,2018-08-14 23:00:00,23.78794336
1,2018-08-15 00:00:00,23.86471747
1,2018-08-15 01:00:00,22.80486784
1,2018-08-15 02:00:00,23.05068247
1,2018-08-15 03:00:00,24.6045457
1,2018-08-15 04:00:00,24.61774693
1,2018-08-15 05:00:00,26.13650998
1,2018-08-15 06:00:00,29.99133659
1,2018-08-15 07:00:00,34.53606583
1,2018-08-15 08:00:00,41.31249774
1,2018-08-15 09:00:00,38.29399562
1,2018-08-15 10:00:00,33.6173299
1,2018-08-15 11:00:00,33.39339447
1,2018-08-15 12:00:00,31.78662609
1,2018-08-15 13:00:00,30.36561062
1,2018-08-15 14:00:00,29.52241974
1,2018-08-15 15:00:00,30.734085200000006
1,2018-08-15 16:00:00,36.01244708
1,2018-08-15 17:00:00,33.01455974
1,2018-08-15 18:00:00,32.27263117
1,2018-08-15 19:00:00,29.29441782
1,2018-08-15 20:00:00,28.59484409
1,2018-08-15 21:00:00,29.32159041
1,2018-08-15 22:00:00,27.06009576
1,2018-08-15 23:00:00,28.60876294
1,2018-08-16 00:00:00,26.36002969
1,2018-08-16 01:00:00,25.57535587
1,2018-08-16 02:00:00,26.34140537
1,2018-08-16 03:00:00,26.368513300000004
1,2018-08-16 04:00:00,26.33960759
1,2018-08-16 05:00:00,26.39656666
1,2018-08-16 06:00:00,32.49734783
1,2018-08-16 07:00:00,38.59371883
1,2018-08-16 08:00:00,46.85310548
1,2018-08-16 09:00:00,43.6907416
1,2018-08-16 10:00:00,37.44022141
1,2018-08-16 11:00:00,38.08761636
1,2018-08-16 12:00:00,37.41250312
1,2018-08-16 13:00:00,34.33776427
1,2018-08-16 14:00:00,34.3687279
1,2018-08-16 15:00:00,35.16993662
1,2018-08-16 16:00:00,35.24931168
1,2018-08-16 17:00:00,34.57845089
1,2018-08-16 18:00:00,32.38254792
1,2018-08-16 19:00:00,30.15889776
1,2018-08-16 20:00:00,29.37983959
1,2018-08-16 21:00:00,29.41590397
1,2018-08-16 22:00:00,29.37069279
1,2018-08-16 23:00:00,27.05165342
1,2018-08-17 00:00:00,27.31720688
1,2018-08-17 01:00:00,24.99912764
1,2018-08-17 02:00:00,25.48859906
1,2018-08-17 03:00:00,26.67369436
1,2018-08-17 04:00:00,25.90085803
1,2018-08-17 05:00:00,26.90022012
1,2018-08-17 06:00:00,31.05481833
1,2018-08-17 07:00:00,38.80312144
1,2018-08-17 08:00:00,46.86819056
1,2018-08-17 09:00:00,43.60907078
1,2018-08-17 10:00:00,42.0346326
1,2018-08-17 11:00:00,38.43964337
1,2018-08-17 12:00:00,39.03358643
1,2018-08-17 13:00:00,35.95831144
1,2018-08-17 14:00:00,35.22134705
1,2018-08-17 15:00:00,35.0890294
1,2018-08-17 16:00:00,32.86965968
1,2018-08-17 17:00:00,34.52296192
1,2018-08-17 18:00:00,32.34431815
1,2018-08-17 19:00:00,30.00962116
1,2018-08-17 20:00:00,26.25506787
1,2018-08-17 21:00:00,26.22985938
1,2018-08-17 22:00:00,25.43569759
1,2018-08-17 23:00:00,26.20439714
1,2018-08-18 00:00:00,24.64178119
1,2018-08-18 01:00:00,24.61192291
1,2018-08-18 02:00:00,25.48472896
1,2018-08-18 03:00:00,24.8214809
1,2018-08-18 04:00:00,25.56655286
1,2018-08-18 05:00:00,25.61736987
1,2018-08-18 06:00:00,25.63849036
1,2018-08-18 07:00:00,30.18161487
1,2018-08-18 08:00:00,33.92710888
1,2018-08-18 09:00:00,32.34032134
1,2018-08-18 10:00:00,29.11437426
1,2018-08-18 11:00:00,29.9030131
1,2018-08-18 12:00:00,29.93709148
1,2018-08-18 13:00:00,29.17740652
1,2018-08-18 14:00:00,29.94613286
1,2018-08-18 15:00:00,30.06807703
1,2018-08-18 16:00:00,30.842796000000003
1,2018-08-18 17:00:00,32.4863952
1,2018-08-18 18:00:00,30.95910764
1,2018-08-18 19:00:00,30.19030204
1,2018-08-18 20:00:00,29.40698363
1,2018-08-18 21:00:00,28.67683887
1,2018-08-18 22:00:00,27.94327141
1,2018-08-18 23:00:00,27.12027351
1,2018-08-19 00:00:00,27.17395596
1,2018-08-19 01:00:00,27.92112112
1,2018-08-19 02:00:00,27.21857533
1,2018-08-19 03:00:00,28.0524447
1,2018-08-19 04:00:00,27.21590124
1,2018-08-19 05:00:00,27.98916238
1,2018-08-19 06:00:00,29.59891889
1,2018-08-19 07:00:00,31.85133722
1,2018-08-19 08:00:00,36.44169289
1,2018-08-19 09:00:00,35.00954984
1,2018-08-19 10:00:00,34.08825342
1,2018-08-19 11:00:00,32.59255985
1,2018-08-19 12:00:00,31.57411184
1,2018-08-19 13:00:00,32.2027095
1,2018-08-19 14:00:00,30.5756473
1,2018-08-19 15:00:00,29.06523461
1,2018-08-19 16:00:00,28.40520786
1,2018-08-19 17:00:00,29.32452832
1,2018-08-19 18:00:00,30.20668063
1,2018-08-19 19:00:00,27.08587002
1,2018-08-19 20:00:00,27.68052924
1,2018-08-19 21:00:00,25.97456094
1,2018-08-19 22:00:00,26.71442331
1,2018-08-19 23:00:00,27.50121744
1,2018-08-20 00:00:00,26.04715874
1,2018-08-20 01:00:00,25.61675912
1,2018-08-20 02:00:00,25.66478995
1,2018-08-20 03:00:00,25.64241361
1,2018-08-20 04:00:00,26.41421014
1,2018-08-20 05:00:00,28.13196911
1,2018-08-20 06:00:00,35.05605967
1,2018-08-20 07:00:00,40.56611609
1,2018-08-20 11:00:00,45.50882961
1,2018-08-20 12:00:00,43.43006113
1,2018-08-20 13:00:00,41.73679486
1,2018-08-20 14:00:00,40.97974274
1,2018-08-20 15:00:00,44.05691736
1,2018-08-20 16:00:00,43.33425682
1,2018-08-20 17:00:00,41.77220093
1,2018-08-20 18:00:00,40.27019817
1,2018-08-20 19:00:00,33.40018063
1,2018-08-20 20:00:00,30.87138545
1,2018-08-20 21:00:00,28.98222541
1,2018-08-20 22:00:00,29.08408635
1,2018-08-20 23:00:00,28.859536100000003
1,2018-08-21 00:00:00,25.90784912
1,2018-08-21 01:00:00,27.11533201
1,2018-08-21 02:00:00,27.17414581
1,2018-08-21 03:00:00,25.4762889
1,2018-08-21 04:00:00,27.96372694
1,2018-08-21 05:00:00,27.92967004
1,2018-08-21 06:00:00,34.76084674
1,2018-08-21 07:00:00,40.14259824
1,2018-08-21 11:00:00,44.44107632
1,2018-08-21 12:00:00,42.16295492
1,2018-08-21 13:00:00,40.55927464
1,2018-08-21 14:00:00,41.43774964
1,2018-08-21 15:00:00,41.37185411
1,2018-08-21 16:00:00,42.35613518
1,2018-08-21 17:00:00,40.12332287
1,2018-08-21 18:00:00,40.14009409
1,2018-08-21 19:00:00,32.42512455
1,2018-08-21 20:00:00,30.90472005
1,2018-08-21 21:00:00,30.14913925
1,2018-08-21 22:00:00,29.35263123
1,2018-08-21 23:00:00,29.46417394
1,2018-08-22 00:00:00,28.02615758
1,2018-08-22 01:00:00,28.03062567
1,2018-08-22 02:00:00,26.477025
1,2018-08-22 03:00:00,28.80859949
1,2018-08-22 04:00:00,27.28206787
1,2018-08-22 05:00:00,28.06269276
1,2018-08-22 06:00:00,32.65623877
1,2018-08-22 07:00:00,38.78901608
1,2018-08-22 11:00:00,45.27752443
1,2018-08-22 12:00:00,43.74953818
1,2018-08-22 13:00:00,41.36620859
1,2018-08-22 14:00:00,42.13930737
1,2018-08-22 15:00:00,42.98137808
1,2018-08-22 16:00:00,40.67891362
1,2018-08-22 17:00:00,37.71964826
1,2018-08-22 18:00:00,33.99325436
1,2018-08-22 19:00:00,30.16131725
1,2018-08-22 20:00:00,28.67271326
1,2018-08-22 21:00:00,27.11827915
1,2018-08-22 22:00:00,26.38244193
1,2018-08-22 23:00:00,27.20785414
1,2018-08-23 00:00:00,25.80801258
1,2018-08-23 01:00:00,26.63287986
1,2018-08-23 02:00:00,27.30921451
1,2018-08-23 03:00:00,28.14073187
1,2018-08-23 04:00:00,28.92691787
1,2018-08-23 05:00:00,29.63552778
1,2018-08-23 06:00:00,32.71513546
1,2018-08-23 07:00:00,42.66052246
1,2018-08-23 09:00:00,46.97315432
1,2018-08-23 10:00:00,44.28976904
1,2018-08-23 11:00:00,39.69927623
1,2018-08-23 12:00:00,36.47216702
1,2018-08-23 13:00:00,32.71612679
1,2018-08-23 14:00:00,35.0417865
1,2018-08-23 15:00:00,35.91397427
1,2018-08-23 16:00:00,36.79880091
1,2018-08-23 17:00:00,34.73403735
1,2018-08-23 18:00:00,32.51746426
1,2018-08-23 19:00:00,31.712468800000003
1,2018-08-23 20:00:00,30.11979989
1,2018-08-23 21:00:00,29.35939906
1,2018-08-23 22:00:00,29.44362909
1,2018-08-23 23:00:00,29.47019826
1,2018-08-24 00:00:00,27.96989858
1,2018-08-24 01:00:00,30.99130552
1,2018-08-24 02:00:00,30.25577248
1,2018-08-24 03:00:00,30.21673828
1,2018-08-24 04:00:00,31.87772534
1,2018-08-24 05:00:00,30.39851722
1,2018-08-24 06:00:00,35.84811408
1,2018-08-24 07:00:00,43.37098003
1,2018-08-24 11:00:00,43.3824765
1,2018-08-24 12:00:00,38.84444293
1,2018-08-24 13:00:00,38.82225931
1,2018-08-24 14:00:00,37.29146633
1,2018-08-24 15:00:00,35.87238846
1,2018-08-24 16:00:00,35.96396221
1,2018-08-24 17:00:00,34.6365081
1,2018-08-24 18:00:00,30.91627939
1,2018-08-24 19:00:00,30.22343337
1,2018-08-24 20:00:00,29.5580195
1,2018-08-24 21:00:00,27.22501798
1,2018-08-24 22:00:00,28.78092768
1,2018-08-24 23:00:00,28.77340469
1,2018-08-25 00:00:00,28.04428797
1,2018-08-25 01:00:00,28.8265788
1,2018-08-25 02:00:00,28.88472571
1,2018-08-25 03:00:00,28.10039469
1,2018-08-25 04:00:00,30.41846975
1,2018-08-25 05:00:00,30.42184816
1,2018-08-25 06:00:00,30.42418333
1,2018-08-25 07:00:00,37.41803707
1,2018-08-25 08:00:00,39.65500889
1,2018-08-25 09:00:00,37.14181983
1,2018-08-25 10:00:00,36.21952527
1,2018-08-25 11:00:00,32.20761413
1,2018-08-25 12:00:00,29.79073241
1,2018-08-25 13:00:00,28.24316462
1,2018-08-25 14:00:00,26.70548682
1,2018-08-25 15:00:00,26.74052839
1,2018-08-25 16:00:00,27.55591919
1,2018-08-25 17:00:00,26.94725537
1,2018-08-25 18:00:00,29.41511832
1,2018-08-25 19:00:00,27.86334122
1,2018-08-25 20:00:00,29.44273369
1,2018-08-25 21:00:00,27.88764275
1,2018-08-25 22:00:00,27.15297514
1,2018-08-25 23:00:00,27.88970433
1,2018-08-26 00:00:00,27.925752600000006
1,2018-08-26 01:00:00,28.66295833
1,2018-08-26 02:00:00,28.70797276
1,2018-08-26 03:00:00,31.14181075
1,2018-08-26 04:00:00,29.67620195
1,2018-08-26 05:00:00,31.27517351
1,2018-08-26 06:00:00,30.55028529
1,2018-08-26 07:00:00,34.40552936
1,2018-08-26 08:00:00,37.44942659
1,2018-08-26 09:00:00,36.54456791
1,2018-08-26 10:00:00,34.05102573
1,2018-08-26 11:00:00,32.98031256
1,2018-08-26 12:00:00,29.86174942
1,2018-08-26 13:00:00,29.0801413
1,2018-08-26 14:00:00,28.32661194
1,2018-08-26 15:00:00,28.40673679
1,2018-08-26 16:00:00,27.70005927
1,2018-08-26 17:00:00,29.38480096
1,2018-08-26 18:00:00,27.05049306
1,2018-08-26 19:00:00,28.66016454
1,2018-08-26 20:00:00,27.98840618
1,2018-08-26 21:00:00,27.91986286
1,2018-08-26 22:00:00,28.8177843
1,2018-08-26 23:00:00,29.68815794
1,2018-08-27 00:00:00,28.8737757
1,2018-08-27 01:00:00,26.54416042
1,2018-08-27 02:00:00,27.97391364
1,2018-08-27 03:00:00,28.03975708
1,2018-08-27 04:00:00,28.73801121
1,2018-08-27 05:00:00,29.60027537
1,2018-08-27 06:00:00,33.47819788
1,2018-08-27 07:00:00,43.46359243
1,2018-08-27 11:00:00,45.20504358
1,2018-08-27 12:00:00,26.14652453
1,2018-08-27 13:00:00,42.80209304
1,2018-08-27 16:00:00,42.07120056
1,2018-08-27 17:00:00,38.44425717
1,2018-08-27 18:00:00,37.04212711
1,2018-08-27 19:00:00,34.02470213
1,2018-08-27 20:00:00,31.79011933
1,2018-08-27 21:00:00,31.75219954
1,2018-08-27 22:00:00,32.558483100000004
1,2018-08-27 23:00:00,31.70842905
1,2018-08-28 00:00:00,30.550832
1,2018-08-28 01:00:00,29.92173061
1,2018-08-28 02:00:00,30.7619648
1,2018-08-28 03:00:00,30.94966042
1,2018-08-28 04:00:00,31.30385082
1,2018-08-28 05:00:00,33.66573246
1,2018-08-28 06:00:00,38.94228029999999
1,2018-08-28 13:00:00,43.68644293
1,2018-08-28 14:00:00,43.05040137
1,2018-08-28 15:00:00,42.12869283
1,2018-08-28 16:00:00,42.84905733
1,2018-08-28 17:00:00,42.2575618
1,2018-08-28 18:00:00,38.63853622
1,2018-08-28 19:00:00,36.40345597
1,2018-08-28 20:00:00,33.4986997
1,2018-08-28 21:00:00,32.74943447
1,2018-08-28 22:00:00,31.24209274
1,2018-08-28 23:00:00,31.29472675
1,2018-08-29 00:00:00,30.56104651
1,2018-08-29 01:00:00,30.80931858
1,2018-08-29 02:00:00,31.68747556
1,2018-08-29 03:00:00,31.76700709
1,2018-08-29 04:00:00,32.52989827
1,2018-08-29 05:00:00,11.74149432
1,2018-08-29 11:00:00,46.57502164
1,2018-08-29 12:00:00,41.94296692
1,2018-08-29 13:00:00,38.84113845
1,2018-08-29 14:00:00,41.05065488
1,2018-08-29 15:00:00,35.87281494
1,2018-08-29 16:00:00,34.47696747
1,2018-08-29 17:00:00,35.38248547
1,2018-08-29 18:00:00,34.01706455
1,2018-08-29 19:00:00,31.142301
1,2018-08-29 20:00:00,29.72374849
1,2018-08-29 21:00:00,28.88865163
1,2018-08-29 22:00:00,28.94326385
1,2018-08-29 23:00:00,28.27871647
1,2018-08-30 00:00:00,27.97120046
1,2018-08-30 01:00:00,27.75565956
1,2018-08-30 02:00:00,28.55598335
1,2018-08-30 03:00:00,27.800294800000003
1,2018-08-30 04:00:00,29.47662985
1,2018-08-30 05:00:00,28.86090204
1,2018-08-30 06:00:00,34.27445355
1,2018-08-30 07:00:00,44.83706026
1,2018-08-30 10:00:00,45.49146349
1,2018-08-30 11:00:00,40.05251882
1,2018-08-30 12:00:00,43.03646127
1,2018-08-30 13:00:00,41.17690552
1,2018-08-30 14:00:00,41.15227578
1,2018-08-30 15:00:00,42.50977297
1,2018-08-30 16:00:00,41.58085245
1,2018-08-30 17:00:00,39.39133305
1,2018-08-30 18:00:00,35.56298064
1,2018-08-30 19:00:00,31.02068041
1,2018-08-30 20:00:00,30.96994803
1,2018-08-30 21:00:00,28.21471167
1,2018-08-30 22:00:00,28.92542442
1,2018-08-30 23:00:00,26.58518214
1,2018-08-31 00:00:00,25.09820067
1,2018-08-31 01:00:00,23.71984885
1,2018-08-31 02:00:00,19.95163765
1,2018-08-31 03:00:00,18.39226294
1,2018-08-31 04:00:00,29.90518076
1,2018-08-31 05:00:00,26.8145495
1,2018-08-31 06:00:00,28.134586
1,2018-08-31 07:00:00,34.48291272
1,2018-08-31 08:00:00,37.7931709
1,2018-08-31 09:00:00,37.95123745
1,2018-08-31 10:00:00,39.46057045
1,2018-08-31 11:00:00,40.2719244
1,2018-08-31 12:00:00,39.47326102
1,2018-08-31 13:00:00,38.52408629
1,2018-08-31 14:00:00,37.1267644
1,2018-08-31 15:00:00,38.42159207
1,2018-08-31 16:00:00,36.57452202
1,2018-08-31 17:00:00,37.34609773
1,2018-08-31 18:00:00,33.74264988
1,2018-08-31 19:00:00,30.65335823
1,2018-08-31 20:00:00,29.24199131
1,2018-08-31 21:00:00,28.4501483
1,2018-08-31 22:00:00,29.94143096
1,2018-08-31 23:00:00,26.70155114
1,2018-09-01 00:00:00,24.41856063
1,2018-09-01 01:00:00,26.38773056
1,2018-09-01 02:00:00,25.5519546
1,2018-09-01 03:00:00,25.68005333
1,2018-09-01 04:00:00,27.27304997
1,2018-09-01 05:00:00,27.30432697
1,2018-09-01 06:00:00,28.88689041
1,2018-09-01 07:00:00,29.63884632
1,2018-09-01 08:00:00,33.52470978
1,2018-09-01 09:00:00,31.80826607
1,2018-09-01 10:00:00,31.05697374
1,2018-09-01 11:00:00,30.17591698
1,2018-09-01 12:00:00,29.30842482
1,2018-09-01 13:00:00,29.48409668
1,2018-09-01 14:00:00,31.84220295
1,2018-09-01 15:00:00,31.11966705
1,2018-09-01 16:00:00,31.90439092
1,2018-09-01 17:00:00,31.9368265
1,2018-09-01 18:00:00,28.9170885
1,2018-09-01 19:00:00,26.57198188
1,2018-09-01 20:00:00,26.63745432
1,2018-09-01 21:00:00,26.59998013
1,2018-09-01 22:00:00,24.99568041
1,2018-09-01 23:00:00,26.52111171
1,2018-09-02 00:00:00,27.25876779
1,2018-09-02 01:00:00,25.71082398
1,2018-09-02 02:00:00,25.72592798
1,2018-09-02 03:00:00,27.31040447
1,2018-09-02 04:00:00,27.28193549
1,2018-09-02 05:00:00,27.34273764
1,2018-09-02 06:00:00,28.93810303
1,2018-09-02 07:00:00,33.507779600000006
1,2018-09-02 08:00:00,34.99409723
1,2018-09-02 09:00:00,32.52270412
1,2018-09-02 10:00:00,32.33494075
1,2018-09-02 11:00:00,31.53836601
1,2018-09-02 12:00:00,30.16889028
1,2018-09-02 13:00:00,30.18366236
1,2018-09-02 14:00:00,30.90497052
1,2018-09-02 15:00:00,30.18897465
1,2018-09-02 16:00:00,30.17756752
1,2018-09-02 17:00:00,29.48062342
1,2018-09-02 18:00:00,29.5363123
1,2018-09-02 19:00:00,28.7165152
1,2018-09-02 20:00:00,27.15334647
1,2018-09-02 21:00:00,25.66290786
1,2018-09-02 22:00:00,25.68249886
1,2018-09-02 23:00:00,26.48724132
1,2018-09-03 00:00:00,26.48288105
1,2018-09-03 01:00:00,26.44419256
1,2018-09-03 02:00:00,26.46588318
1,2018-09-03 03:00:00,25.70191529
1,2018-09-03 04:00:00,26.557675300000003
1,2018-09-03 05:00:00,29.62599096
1,2018-09-03 06:00:00,35.78957089
1,2018-09-03 07:00:00,46.6059608
1,2018-09-03 12:00:00,45.08314498
1,2018-09-03 13:00:00,41.24200325
1,2018-09-03 14:00:00,39.81148012
1,2018-09-03 15:00:00,42.71052476
1,2018-09-03 16:00:00,39.84635577
1,2018-09-03 17:00:00,39.88665548
1,2018-09-03 18:00:00,37.89150964
1,2018-09-03 19:00:00,34.81093396
1,2018-09-03 20:00:00,34.06595514
1,2018-09-03 21:00:00,31.04769045
1,2018-09-03 22:00:00,31.08971126
1,2018-09-03 23:00:00,31.82447271
1,2018-09-04 00:00:00,30.34367466
1,2018-09-04 01:00:00,29.54268691
1,2018-09-04 02:00:00,30.37639732
1,2018-09-04 03:00:00,29.58832951
1,2018-09-04 04:00:00,31.99075453
1,2018-09-04 05:00:00,32.70476761
1,2018-09-04 06:00:00,39.64511214
1,2018-09-04 11:00:00,43.44257428
1,2018-09-04 12:00:00,40.31844287
1,2018-09-04 13:00:00,35.13486191
1,2018-09-04 14:00:00,34.38365364
1,2018-09-04 15:00:00,32.88613779
1,2018-09-04 16:00:00,32.863994
1,2018-09-04 17:00:00,30.69411942
1,2018-09-04 18:00:00,31.65092413
1,2018-09-04 19:00:00,28.61733784
1,2018-09-04 20:00:00,29.46163868
1,2018-09-04 21:00:00,28.65324382
1,2018-09-04 22:00:00,27.90268973
1,2018-09-04 23:00:00,29.50165481
1,2018-09-05 00:00:00,26.41391591
1,2018-09-05 01:00:00,27.22748895
1,2018-09-05 02:00:00,27.20194229
1,2018-09-05 03:00:00,27.21771914
1,2018-09-05 04:00:00,28.75878096
1,2018-09-05 05:00:00,28.75307336
1,2018-09-05 06:00:00,31.86014321
1,2018-09-05 07:00:00,41.8276175
1,2018-09-05 08:00:00,47.02487598
1,2018-09-05 09:00:00,42.90921957
1,2018-09-05 10:00:00,37.42306121
1,2018-09-05 11:00:00,35.73155659
1,2018-09-05 12:00:00,35.81635175
1,2018-09-05 13:00:00,32.10910767
1,2018-09-05 14:00:00,32.12940399
1,2018-09-05 15:00:00,31.33261215
1,2018-09-05 16:00:00,33.58344732
1,2018-09-05 17:00:00,32.94250261
1,2018-09-05 18:00:00,32.25750973
1,2018-09-05 19:00:00,28.51428708
1,2018-09-05 20:00:00,29.26692774
1,2018-09-05 21:00:00,27.76346933
1,2018-09-05 22:00:00,28.48768916
1,2018-09-05 23:00:00,27.71193552
1,2018-09-06 00:00:00,26.18967438
1,2018-09-06 01:00:00,23.86579741
1,2018-09-06 02:00:00,17.74064119
1,2018-09-06 03:00:00,19.94567549
1,2018-09-06 04:00:00,22.30789317
1,2018-09-06 05:00:00,25.4216222
1,2018-09-06 06:00:00,26.20787436
1,2018-09-06 07:00:00,40.6950331
1,2018-09-06 08:00:00,41.49296436
1,2018-09-06 09:00:00,39.0544904
1,2018-09-06 10:00:00,36.60159773
1,2018-09-06 11:00:00,34.31103081
1,2018-09-06 12:00:00,33.61859222
1,2018-09-06 13:00:00,32.97468339
1,2018-09-06 14:00:00,32.80263245
1,2018-09-06 15:00:00,32.87868179
1,2018-09-06 16:00:00,32.14018877
1,2018-09-06 17:00:00,31.41124934
1,2018-09-06 18:00:00,28.440508
1,2018-09-06 19:00:00,26.95172721
1,2018-09-06 20:00:00,27.002055100000003
1,2018-09-06 21:00:00,26.98677395
1,2018-09-06 22:00:00,27.01121658
1,2018-09-06 23:00:00,27.76920209
1,2018-09-07 00:00:00,26.320113300000006
1,2018-09-07 01:00:00,24.80918761
1,2018-09-07 02:00:00,24.80437725
1,2018-09-07 03:00:00,24.91201207
1,2018-09-07 04:00:00,24.87939568
1,2018-09-07 05:00:00,25.72064707
1,2018-09-07 06:00:00,31.0560212
1,2018-09-07 07:00:00,38.74796031
1,2018-09-07 08:00:00,45.51107616
1,2018-09-07 09:00:00,46.94560719
1,2018-09-07 10:00:00,34.47299938
1,2018-09-07 11:00:00,44.31423307
1,2018-09-07 12:00:00,44.38440704
1,2018-09-07 13:00:00,42.11851094
1,2018-09-07 14:00:00,41.24302322
1,2018-09-07 15:00:00,39.68130585
1,2018-09-07 16:00:00,38.97835075
1,2018-09-07 17:00:00,39.08894531
1,2018-09-07 18:00:00,35.48591183
1,2018-09-07 19:00:00,33.16725655
1,2018-09-07 20:00:00,31.64336689
1,2018-09-07 21:00:00,30.94679154
1,2018-09-07 22:00:00,30.97500936
1,2018-09-07 23:00:00,29.53002189
1,2018-09-08 00:00:00,29.59179144
1,2018-09-08 01:00:00,29.47914102
1,2018-09-08 02:00:00,29.55243926
1,2018-09-08 03:00:00,29.53254013
1,2018-09-08 04:00:00,30.25850219
1,2018-09-08 05:00:00,31.14157208
1,2018-09-08 06:00:00,32.66246052
1,2018-09-08 07:00:00,37.99409384
1,2018-09-08 08:00:00,40.9431463
1,2018-09-08 09:00:00,36.95636444
1,2018-09-08 10:00:00,33.65663385
1,2018-09-08 11:00:00,33.67179626
1,2018-09-08 12:00:00,31.33004402
1,2018-09-08 13:00:00,31.98873453
1,2018-09-08 14:00:00,29.76021172
1,2018-09-08 15:00:00,29.860597
1,2018-09-08 16:00:00,29.16900076
1,2018-09-08 17:00:00,30.81720798
1,2018-09-08 18:00:00,31.73710928
1,2018-09-08 19:00:00,30.22982675
1,2018-09-08 20:00:00,28.57928168
1,2018-09-08 21:00:00,28.56154784
1,2018-09-08 22:00:00,27.79720914
1,2018-09-08 23:00:00,27.76706036
1,2018-09-09 00:00:00,27.77719736
1,2018-09-09 01:00:00,26.25965173
1,2018-09-09 02:00:00,27.02906351
1,2018-09-09 03:00:00,26.95050482
1,2018-09-09 04:00:00,26.96397139
1,2018-09-09 05:00:00,26.20591748
1,2018-09-09 06:00:00,27.79830887
1,2018-09-09 07:00:00,30.13997196
1,2018-09-09 08:00:00,33.14224655
1,2018-09-09 09:00:00,33.89125231
1,2018-09-09 10:00:00,30.76197102
1,2018-09-09 11:00:00,29.97682632
1,2018-09-09 12:00:00,30.7321061
1,2018-09-09 13:00:00,28.43876962
1,2018-09-09 14:00:00,29.16729815
1,2018-09-09 15:00:00,29.90240224
1,2018-09-09 16:00:00,29.90763391
1,2018-09-09 17:00:00,29.23212216
1,2018-09-09 18:00:00,28.51153116
1,2018-09-09 19:00:00,29.28419323
1,2018-09-09 20:00:00,28.56095138
1,2018-09-09 21:00:00,27.82032962
1,2018-09-09 22:00:00,26.36289457
1,2018-09-09 23:00:00,27.03489367
1,2018-09-10 00:00:00,25.47413868
1,2018-09-10 01:00:00,27.00897558
1,2018-09-10 02:00:00,24.72346134
1,2018-09-10 03:00:00,26.21535926
1,2018-09-10 04:00:00,26.25491849
1,2018-09-10 05:00:00,25.5426342
1,2018-09-10 06:00:00,29.34579615
1,2018-09-10 07:00:00,38.46598166
1,2018-09-10 08:00:00,40.7239725
1,2018-09-10 09:00:00,29.98918913
1,2018-09-10 10:00:00,39.80273651
1,2018-09-10 12:00:00,45.3680843
1,2018-09-10 13:00:00,39.1508032
1,2018-09-10 14:00:00,37.54464426
1,2018-09-10 15:00:00,37.55201643
1,2018-09-10 16:00:00,35.33858401
1,2018-09-10 17:00:00,34.57825176
1,2018-09-10 18:00:00,33.22306601
1,2018-09-10 19:00:00,30.19441629
1,2018-09-10 20:00:00,27.88641235
1,2018-09-10 21:00:00,28.63158102
1,2018-09-10 22:00:00,27.84912983
1,2018-09-10 23:00:00,27.11898335
1,2018-09-11 00:00:00,26.35469193
1,2018-09-11 01:00:00,26.37996838
1,2018-09-11 02:00:00,27.89087383
1,2018-09-11 03:00:00,27.93267215
1,2018-09-11 04:00:00,27.16241916
1,2018-09-11 05:00:00,28.71240845
1,2018-09-11 06:00:00,32.58275534
1,2018-09-11 07:00:00,42.43547733
1,2018-09-11 08:00:00,46.18269108
1,2018-09-11 09:00:00,42.15507323
1,2018-09-11 10:00:00,39.54848441
1,2018-09-11 11:00:00,38.64816541
1,2018-09-11 12:00:00,37.85387961
1,2018-09-11 13:00:00,36.24955623
1,2018-09-11 14:00:00,36.28734436
1,2018-09-11 15:00:00,34.83611847
1,2018-09-11 16:00:00,34.83763879
1,2018-09-11 17:00:00,34.26646144
1,2018-09-11 18:00:00,31.33271225
1,2018-09-11 19:00:00,26.84587418
1,2018-09-11 20:00:00,25.39007437
1,2018-09-11 21:00:00,24.55404985
1,2018-09-11 22:00:00,21.40651227
1,2018-09-11 23:00:00,19.84471741
1,2018-09-12 00:00:00,22.98468858
1,2018-09-12 01:00:00,24.59787706
1,2018-09-12 02:00:00,25.4287513
1,2018-09-12 03:00:00,26.19019411
1,2018-09-12 04:00:00,24.71840418
1,2018-09-12 05:00:00,24.71538322
1,2018-09-12 06:00:00,27.04585442
1,2018-09-12 07:00:00,36.18819265
1,2018-09-12 08:00:00,40.72699146
1,2018-09-12 09:00:00,38.39815894
1,2018-09-12 10:00:00,37.42758036
1,2018-09-12 11:00:00,36.59170012
1,2018-09-12 12:00:00,34.31587541
1,2018-09-12 13:00:00,32.09464174
1,2018-09-12 14:00:00,35.19833033
1,2018-09-12 15:00:00,33.65071424
1,2018-09-12 16:00:00,30.61833191
1,2018-09-12 17:00:00,30.72494846
1,2018-09-12 18:00:00,29.97133937
1,2018-09-12 19:00:00,27.05587772
1,2018-09-12 20:00:00,27.091041600000004
1,2018-09-12 21:00:00,26.34654144
1,2018-09-12 22:00:00,27.19225464
1,2018-09-12 23:00:00,26.4238409
1,2018-09-13 00:00:00,24.13580074
1,2018-09-13 01:00:00,25.65722195
1,2018-09-13 02:00:00,24.83315276
1,2018-09-13 03:00:00,24.86914272
1,2018-09-13 04:00:00,25.63744225
1,2018-09-13 05:00:00,25.63826435
1,2018-09-13 06:00:00,30.25279594
1,2018-09-13 07:00:00,38.60503883
1,2018-09-13 08:00:00,44.71290892
1,2018-09-13 09:00:00,39.89983084
1,2018-09-13 10:00:00,38.94934567
1,2018-09-13 11:00:00,35.79435901
1,2018-09-13 12:00:00,34.98184451
1,2018-09-13 13:00:00,34.29653471
1,2018-09-13 14:00:00,34.17962146
1,2018-09-13 15:00:00,33.49198251
1,2018-09-13 16:00:00,32.03235437
1,2018-09-13 17:00:00,32.17317535
1,2018-09-13 18:00:00,29.9455295
1,2018-09-13 19:00:00,27.71240206
1,2018-09-13 20:00:00,25.53524182
1,2018-09-13 21:00:00,24.76048975
1,2018-09-13 22:00:00,26.34024891
1,2018-09-13 23:00:00,25.55459299
1,2018-09-14 00:00:00,24.07949478
1,2018-09-14 01:00:00,23.98912383
1,2018-09-14 02:00:00,24.79282208
1,2018-09-14 03:00:00,24.77540569
1,2018-09-14 04:00:00,25.60867456
1,2018-09-14 05:00:00,26.38657665
1,2018-09-14 06:00:00,32.46221671
1,2018-09-14 07:00:00,38.45407093
1,2018-09-14 08:00:00,42.8679794
1,2018-09-14 09:00:00,37.57519642
1,2018-09-14 10:00:00,36.70292166
1,2018-09-14 11:00:00,31.22228489
1,2018-09-14 12:00:00,36.26950623
1,2018-09-14 13:00:00,35.47230964
1,2018-09-14 14:00:00,32.46574887
1,2018-09-14 15:00:00,33.24112805
1,2018-09-14 16:00:00,31.87621529
1,2018-09-14 17:00:00,31.22259011
1,2018-09-14 18:00:00,28.3839682
1,2018-09-14 19:00:00,26.13652652
1,2018-09-14 20:00:00,23.85183728
1,2018-09-14 21:00:00,23.78496142
1,2018-09-14 22:00:00,16.88116641
1,2018-09-14 23:00:00,23.04932669
1,2018-09-15 00:00:00,24.66055183
1,2018-09-15 01:00:00,17.64125915
1,2018-09-15 02:00:00,23.77260333
1,2018-09-15 03:00:00,26.11465054
1,2018-09-15 04:00:00,24.52940361
1,2018-09-15 05:00:00,19.89937821
1,2018-09-15 06:00:00,13.07786942
1,2018-09-15 07:00:00,18.42502096
1,2018-09-15 08:00:00,20.7585896
1,2018-09-15 09:00:00,39.88066399
1,2018-09-15 10:00:00,38.44839736
1,2018-09-15 11:00:00,27.68179731
1,2018-09-15 12:00:00,26.81766183
1,2018-09-15 13:00:00,26.91643227
1,2018-09-15 14:00:00,27.73264667
1,2018-09-15 15:00:00,27.73271046
1,2018-09-15 16:00:00,27.883736
1,2018-09-15 17:00:00,30.15826145
1,2018-09-15 18:00:00,29.44846535
1,2018-09-15 19:00:00,27.92007678
1,2018-09-15 20:00:00,28.74252567
1,2018-09-15 21:00:00,27.23135934
1,2018-09-15 22:00:00,26.41805808
1,2018-09-15 23:00:00,27.98977098
1,2018-09-16 00:00:00,27.93249719
1,2018-09-16 01:00:00,28.75988111
1,2018-09-16 02:00:00,26.46350924
1,2018-09-16 03:00:00,26.42913419
1,2018-09-16 04:00:00,27.24145553
1,2018-09-16 05:00:00,28.01911402
1,2018-09-16 06:00:00,28.71768262
1,2018-09-16 07:00:00,32.62469609
1,2018-09-16 08:00:00,34.80994860000001
1,2018-09-16 09:00:00,32.28269829
1,2018-09-16 10:00:00,31.40179632
1,2018-09-16 11:00:00,31.40390318
1,2018-09-16 12:00:00,30.62418754
1,2018-09-16 13:00:00,30.64505562
1,2018-09-16 14:00:00,28.41684766
1,2018-09-16 15:00:00,28.38641093
1,2018-09-16 16:00:00,28.47960388
1,2018-09-16 17:00:00,28.50169233
1,2018-09-16 18:00:00,28.55253509
1,2018-09-16 19:00:00,28.63196388
1,2018-09-16 20:00:00,27.90837443
1,2018-09-16 21:00:00,27.17492878
1,2018-09-16 22:00:00,26.38687804
1,2018-09-16 23:00:00,26.36182221
1,2018-09-17 00:00:00,26.39458205
1,2018-09-17 01:00:00,26.38947163
1,2018-09-17 02:00:00,26.50215942
1,2018-09-17 03:00:00,28.09738623
1,2018-09-17 04:00:00,28.0634582
1,2018-09-17 05:00:00,28.09212195
1,2018-09-17 06:00:00,35.73647315
1,2018-09-17 07:00:00,43.93167229
1,2018-09-17 10:00:00,43.49449623
1,2018-09-17 11:00:00,41.14659443
1,2018-09-17 12:00:00,39.58045876
1,2018-09-17 13:00:00,37.28556494
1,2018-09-17 14:00:00,36.4384355
1,2018-09-17 15:00:00,35.03223064
1,2018-09-17 16:00:00,36.5652699
1,2018-09-17 17:00:00,34.40430816
1,2018-09-17 18:00:00,31.5572382
1,2018-09-17 19:00:00,25.54062903
1,2018-09-17 20:00:00,24.7532835
1,2018-09-17 21:00:00,24.71703685
1,2018-09-17 22:00:00,24.78225256
1,2018-09-17 23:00:00,27.03545091
1,2018-09-18 00:00:00,26.18481763
1,2018-09-18 01:00:00,24.67629363
1,2018-09-18 02:00:00,22.41378521
1,2018-09-18 03:00:00,26.21728005
1,2018-09-18 04:00:00,27.01344989
1,2018-09-18 05:00:00,26.28216742
1,2018-09-18 06:00:00,30.91619617
1,2018-09-18 07:00:00,38.52951525
1,2018-09-18 08:00:00,43.00014581
1,2018-09-18 09:00:00,39.13792477
1,2018-09-18 10:00:00,40.51894487
1,2018-09-18 11:00:00,38.99895229
1,2018-09-18 12:00:00,38.13610468
1,2018-09-18 13:00:00,35.9403467
1,2018-09-18 14:00:00,36.75127792
1,2018-09-18 15:00:00,34.39031285
1,2018-09-18 16:00:00,36.19276754
1,2018-09-18 17:00:00,38.53324621
1,2018-09-18 18:00:00,35.32006778
1,2018-09-18 19:00:00,33.16205877
1,2018-09-18 20:00:00,32.38816025
1,2018-09-18 21:00:00,30.04115154
1,2018-09-18 22:00:00,30.03398837
1,2018-09-18 23:00:00,30.11874973
1,2018-09-19 00:00:00,28.59916698
1,2018-09-19 01:00:00,27.78487882
1,2018-09-19 02:00:00,27.82658218
1,2018-09-19 03:00:00,27.9033966
1,2018-09-19 04:00:00,29.43671476
1,2018-09-19 05:00:00,30.18119132
1,2018-09-19 06:00:00,32.47552604
1,2018-09-19 07:00:00,40.1828817
1,2018-09-19 09:00:00,45.36860327
1,2018-09-19 10:00:00,42.9383168
1,2018-09-19 11:00:00,26.8125765
1,2018-09-19 12:00:00,44.26058654
1,2018-09-19 13:00:00,46.51614034
1,2018-09-19 14:00:00,38.23850621
1,2018-09-19 15:00:00,37.62316719
1,2018-09-19 16:00:00,37.65859342
1,2018-09-19 17:00:00,35.46486359
1,2018-09-19 18:00:00,34.73477432
1,2018-09-19 19:00:00,32.51809006
1,2018-09-19 20:00:00,32.51489296
1,2018-09-19 21:00:00,31.00074601
1,2018-09-19 22:00:00,32.60287802
1,2018-09-19 23:00:00,30.33091351
1,2018-09-20 00:00:00,29.54324332
1,2018-09-20 01:00:00,28.88590128
1,2018-09-20 02:00:00,29.74282397
1,2018-09-20 03:00:00,29.8009899
1,2018-09-20 04:00:00,30.49756403
1,2018-09-20 05:00:00,32.76675803
1,2018-09-20 06:00:00,38.18225626
1,2018-09-20 07:00:00,45.72536596
1,2018-09-20 09:00:00,45.21475334
1,2018-09-20 10:00:00,41.30739212
1,2018-09-20 11:00:00,38.26317215
1,2018-09-20 12:00:00,35.14055561
1,2018-09-20 13:00:00,35.85566614
1,2018-09-20 14:00:00,34.24808646
1,2018-09-20 15:00:00,35.08213422
1,2018-09-20 16:00:00,34.40212406
1,2018-09-20 17:00:00,33.66773105
1,2018-09-20 18:00:00,31.5377512
1,2018-09-20 19:00:00,30.86284506
1,2018-09-20 20:00:00,30.15398577
1,2018-09-20 21:00:00,30.08835625
1,2018-09-20 22:00:00,30.13984274
1,2018-09-20 23:00:00,30.91853279
1,2018-09-21 00:00:00,28.56792528
1,2018-09-21 01:00:00,27.88622612
1,2018-09-21 02:00:00,30.14643303
1,2018-09-21 03:00:00,30.18098106
1,2018-09-21 04:00:00,30.91547379
1,2018-09-21 05:00:00,30.14116103
1,2018-09-21 06:00:00,32.40324377
1,2018-09-21 07:00:00,39.21133379
1,2018-09-21 08:00:00,46.01489734
1,2018-09-21 09:00:00,39.87272376
1,2018-09-21 10:00:00,38.24445343
1,2018-09-21 11:00:00,37.40274715
1,2018-09-21 12:00:00,34.22804495
1,2018-09-21 13:00:00,33.42432535
1,2018-09-21 14:00:00,33.4835701
1,2018-09-21 15:00:00,31.98276268
1,2018-09-21 16:00:00,31.22520494
1,2018-09-21 17:00:00,30.52862191
1,2018-09-21 18:00:00,29.15530041
1,2018-09-21 19:00:00,27.69374391
1,2018-09-21 20:00:00,26.96431611
1,2018-09-21 21:00:00,26.26495587
1,2018-09-21 22:00:00,27.75941281
1,2018-09-21 23:00:00,25.47931354
1,2018-09-22 00:00:00,25.54633652
1,2018-09-22 01:00:00,26.2553855
1,2018-09-22 02:00:00,25.48237389
1,2018-09-22 03:00:00,26.20473095
1,2018-09-22 04:00:00,26.93553291
1,2018-09-22 05:00:00,26.94893527
1,2018-09-22 06:00:00,27.64568401
1,2018-09-22 07:00:00,30.04451271
1,2018-09-22 08:00:00,32.28752924
1,2018-09-22 09:00:00,29.78697972
1,2018-09-22 10:00:00,26.58449827
1,2018-09-22 11:00:00,25.70455742
1,2018-09-22 12:00:00,24.90259479
1,2018-09-22 13:00:00,24.18217705
1,2018-09-22 14:00:00,25.00379395
1,2018-09-22 15:00:00,25.07697278
1,2018-09-22 16:00:00,25.11397757
1,2018-09-22 17:00:00,25.95002425
1,2018-09-22 18:00:00,26.06904602
1,2018-09-22 19:00:00,25.32784464
1,2018-09-22 20:00:00,25.41460625
1,2018-09-22 21:00:00,21.62935396
1,2018-09-22 22:00:00,21.62918053
1,2018-09-22 23:00:00,24.76551517
1,2018-09-23 00:00:00,23.95247201
1,2018-09-23 01:00:00,24.7569104
1,2018-09-23 02:00:00,24.78415347
1,2018-09-23 03:00:00,24.69418195
1,2018-09-23 04:00:00,24.80597067
1,2018-09-23 05:00:00,24.95470633
1,2018-09-23 06:00:00,25.03890891
1,2018-09-23 07:00:00,25.79642905
1,2018-09-23 08:00:00,28.85658588
1,2018-09-23 09:00:00,36.99527668
1,2018-09-23 10:00:00,30.83176041
1,2018-09-23 11:00:00,28.48680139
1,2018-09-23 12:00:00,28.42737999
1,2018-09-23 13:00:00,28.337361100000006
1,2018-09-23 14:00:00,27.50027618
1,2018-09-23 15:00:00,27.50880798
1,2018-09-23 16:00:00,28.42567871
1,2018-09-23 17:00:00,28.46390228
1,2018-09-23 18:00:00,28.50104035
1,2018-09-23 19:00:00,27.81800028
1,2018-09-23 20:00:00,26.98195713
1,2018-09-23 21:00:00,26.28430498
1,2018-09-23 22:00:00,27.06782817
1,2018-09-23 23:00:00,27.07994646
1,2018-09-24 00:00:00,26.36259494
1,2018-09-24 01:00:00,28.74156104
1,2018-09-24 02:00:00,27.95667419
1,2018-09-24 03:00:00,28.03934399
1,2018-09-24 04:00:00,27.26695129
1,2018-09-24 05:00:00,29.60088357
1,2018-09-24 06:00:00,33.46337589
1,2018-09-24 07:00:00,43.31489227
1,2018-09-24 09:00:00,45.39449213
1,2018-09-24 10:00:00,41.39041185
1,2018-09-24 11:00:00,38.86064737
1,2018-09-24 12:00:00,39.55141116
1,2018-09-24 13:00:00,38.7206938
1,2018-09-24 14:00:00,37.23236246
1,2018-09-24 15:00:00,35.74782394
1,2018-09-24 16:00:00,36.58402597
1,2018-09-24 17:00:00,37.43910736
1,2018-09-24 18:00:00,33.81465746
1,2018-09-24 19:00:00,30.06464392
1,2018-09-24 20:00:00,28.52739982
1,2018-09-24 21:00:00,27.06479247
1,2018-09-24 22:00:00,27.82658615
1,2018-09-24 23:00:00,27.94073037
1,2018-09-25 00:00:00,26.54126331
1,2018-09-25 01:00:00,27.45191257
1,2018-09-25 02:00:00,26.72962839
1,2018-09-25 03:00:00,27.60287764
1,2018-09-25 04:00:00,27.590286
1,2018-09-25 05:00:00,29.83422432
1,2018-09-25 06:00:00,32.54169865
1,2018-09-25 07:00:00,39.43701312
1,2018-09-25 08:00:00,46.92652597
1,2018-09-25 09:00:00,42.22837061
1,2018-09-25 10:00:00,21.59966093
1,2018-09-25 11:00:00,25.48723851
1,2018-09-25 12:00:00,26.91590698
1,2018-09-25 13:00:00,26.12801201
1,2018-09-25 14:00:00,22.23860799
1,2018-09-25 19:00:00,41.58378052
1,2018-09-25 20:00:00,31.73668427
1,2018-09-25 21:00:00,29.41749306
1,2018-09-25 22:00:00,30.17858484
1,2018-09-25 23:00:00,30.22404289
1,2018-09-26 00:00:00,29.51376436
1,2018-09-26 01:00:00,28.78886261
1,2018-09-26 02:00:00,28.86525328
1,2018-09-26 03:00:00,28.97159244
1,2018-09-26 04:00:00,29.82455386
1,2018-09-26 05:00:00,31.3869226
1,2018-09-26 06:00:00,38.44152717
1,2018-09-26 09:00:00,46.89509758
1,2018-09-26 10:00:00,42.66701166
1,2018-09-26 11:00:00,39.50595108
1,2018-09-26 12:00:00,37.80615363
1,2018-09-26 13:00:00,37.50338226
1,2018-09-26 14:00:00,35.02774896
1,2018-09-26 15:00:00,35.05406424
1,2018-09-26 16:00:00,33.67562373
1,2018-09-26 17:00:00,32.95289307
1,2018-09-26 18:00:00,30.83346745
1,2018-09-26 19:00:00,29.4158885
1,2018-09-26 20:00:00,26.5451225
1,2018-09-26 21:00:00,26.52826243
1,2018-09-26 22:00:00,27.31907062
1,2018-09-26 23:00:00,27.32320542
1,2018-09-27 00:00:00,26.40395789
1,2018-09-27 01:00:00,26.44094535
1,2018-09-27 02:00:00,26.38218494
1,2018-09-27 03:00:00,27.20246306
1,2018-09-27 04:00:00,26.46443189
1,2018-09-27 05:00:00,28.01820073
1,2018-09-27 06:00:00,31.89847118
1,2018-09-27 07:00:00,36.50038745
1,2018-09-27 08:00:00,42.56820882
1,2018-09-27 09:00:00,36.37021075
1,2018-09-27 10:00:00,36.31115973
1,2018-09-27 11:00:00,34.64703654
1,2018-09-27 12:00:00,32.23596799
1,2018-09-27 13:00:00,32.83077339
1,2018-09-27 14:00:00,31.31491196
1,2018-09-27 15:00:00,32.08954445
1,2018-09-27 16:00:00,30.65578568
1,2018-09-27 17:00:00,30.70814266
1,2018-09-27 18:00:00,29.41264364
1,2018-09-27 19:00:00,25.607029500000003
1,2018-09-27 20:00:00,24.89138712
1,2018-09-27 21:00:00,22.58932959
1,2018-09-27 22:00:00,24.09592432
1,2018-09-27 23:00:00,26.40925085
1,2018-09-28 00:00:00,23.36916355
1,2018-09-28 01:00:00,22.60954794
1,2018-09-28 02:00:00,22.58301424
1,2018-09-28 03:00:00,25.64360156
1,2018-09-28 04:00:00,21.07050911
1,2018-09-28 05:00:00,24.18579538
1,2018-09-28 06:00:00,29.51626628
1,2018-09-28 07:00:00,33.38089671
1,2018-09-28 08:00:00,36.42618372
1,2018-09-28 09:00:00,34.80118832
1,2018-09-28 10:00:00,36.32636768
1,2018-09-28 11:00:00,33.96242253
1,2018-09-28 12:00:00,34.52835389
1,2018-09-28 13:00:00,32.33870573
1,2018-09-28 14:00:00,32.18861517
1,2018-09-28 15:00:00,32.85938318
1,2018-09-28 16:00:00,33.74996641
1,2018-09-28 17:00:00,33.76648927
1,2018-09-28 18:00:00,33.77066806
1,2018-09-28 19:00:00,30.00065073
1,2018-09-28 20:00:00,28.51783842
1,2018-09-28 21:00:00,27.74822665
1,2018-09-28 22:00:00,27.7953831
1,2018-09-28 23:00:00,25.49473548
1,2018-09-29 00:00:00,27.10426582
1,2018-09-29 01:00:00,27.84835938
1,2018-09-29 02:00:00,27.0703886
1,2018-09-29 03:00:00,27.0858971
1,2018-09-29 04:00:00,27.89984263
1,2018-09-29 05:00:00,27.90014937
1,2018-09-29 06:00:00,28.63045692
1,2018-09-29 07:00:00,32.50783057
1,2018-09-29 08:00:00,34.68047007
1,2018-09-29 09:00:00,31.50608147
1,2018-09-29 10:00:00,30.66416386
1,2018-09-29 11:00:00,29.70814731
1,2018-09-29 12:00:00,28.18079964
1,2018-09-29 13:00:00,28.1072003
1,2018-09-29 14:00:00,26.69564171
1,2018-09-29 15:00:00,26.76678746
1,2018-09-29 16:00:00,26.89748145
1,2018-09-29 17:00:00,26.86392285
1,2018-09-29 18:00:00,27.67680306
1,2018-09-29 19:00:00,26.92607471
1,2018-09-29 20:00:00,26.19176611
1,2018-09-29 21:00:00,25.46320512
1,2018-09-29 22:00:00,25.49187397
1,2018-09-29 23:00:00,26.17865414
1,2018-09-30 00:00:00,26.14001862
1,2018-09-30 01:00:00,26.17404804
1,2018-09-30 02:00:00,25.49329247
1,2018-09-30 03:00:00,26.27853882
1,2018-09-30 04:00:00,26.97728718
1,2018-09-30 05:00:00,26.25514172
1,2018-09-30 06:00:00,28.55134392
1,2018-09-30 07:00:00,30.77473724
1,2018-09-30 08:00:00,32.216043
1,2018-09-30 09:00:00,29.84915869
1,2018-09-30 10:00:00,28.2474501
1,2018-09-30 11:00:00,29.75308582
1,2018-09-30 12:00:00,26.68402398
1,2018-09-30 13:00:00,27.40576904
1,2018-09-30 14:00:00,24.99846855
1,2018-09-30 15:00:00,23.52115393
1,2018-09-30 16:00:00,23.53580887
1,2018-09-30 17:00:00,27.37725952
1,2018-09-30 18:00:00,22.21700018
1,2018-09-30 19:00:00,26.91965687
1,2018-09-30 20:00:00,28.46105791
1,2018-09-30 21:00:00,24.68155133
1,2018-09-30 22:00:00,26.23773629
1,2018-09-30 23:00:00,25.4671378
1,2018-10-01 00:00:00,26.30141156
1,2018-10-01 01:00:00,25.49059605
1,2018-10-01 02:00:00,26.27303501
1,2018-10-01 03:00:00,27.85235652
1,2018-10-01 04:00:00,28.63592615
1,2018-10-01 05:00:00,30.84977932
1,2018-10-01 06:00:00,35.48585094
1,2018-10-01 07:00:00,43.70692152
1,2018-10-01 08:00:00,46.53980978
1,2018-10-01 09:00:00,41.1107753
1,2018-10-01 10:00:00,39.43888424
1,2018-10-01 11:00:00,35.52416283
1,2018-10-01 12:00:00,33.86776878
1,2018-10-01 13:00:00,33.81421363
1,2018-10-01 14:00:00,32.31529245
1,2018-10-01 15:00:00,32.49122983
1,2018-10-01 16:00:00,32.57221291
1,2018-10-01 17:00:00,31.18777137
1,2018-10-01 18:00:00,28.23995529
1,2018-10-01 19:00:00,26.81994988
1,2018-10-01 20:00:00,22.25836639
1,2018-10-01 21:00:00,23.86956453
1,2018-10-01 22:00:00,28.42598564
1,2018-10-01 23:00:00,23.85011906
1,2018-10-02 00:00:00,20.74316645
1,2018-10-02 01:00:00,26.06457611
1,2018-10-02 02:00:00,22.34325517
1,2018-10-02 03:00:00,23.13188919
1,2018-10-02 04:00:00,26.18218766
1,2018-10-02 05:00:00,24.6516014
1,2018-10-02 06:00:00,26.91919155
1,2018-10-02 07:00:00,29.88333966
1,2018-10-02 08:00:00,38.91152408
1,2018-10-02 09:00:00,39.08160965
1,2018-10-02 10:00:00,41.42790454
1,2018-10-02 11:00:00,36.76423584
1,2018-10-02 12:00:00,35.92411606
1,2018-10-02 13:00:00,36.49812657
1,2018-10-02 14:00:00,34.26335339
1,2018-10-02 15:00:00,32.79739458
1,2018-10-02 16:00:00,27.56168997
1,2018-10-02 17:00:00,27.59105133
1,2018-10-02 18:00:00,25.38673142
1,2018-10-02 19:00:00,21.55322601
1,2018-10-02 20:00:00,18.57495159
1,2018-10-02 21:00:00,20.80926378
1,2018-10-02 22:00:00,23.12197022
1,2018-10-02 23:00:00,16.98374681
1,2018-10-03 00:00:00,18.51067619
1,2018-10-03 01:00:00,19.334102800000004
1,2018-10-03 02:00:00,17.77676334
1,2018-10-03 03:00:00,18.53016257
1,2018-10-03 04:00:00,17.75422659
1,2018-10-03 05:00:00,20.08225861
1,2018-10-03 06:00:00,26.26765568
1,2018-10-03 07:00:00,26.21055071
1,2018-10-03 08:00:00,30.75014946
1,2018-10-03 09:00:00,30.68928545
1,2018-10-03 10:00:00,35.15327213
1,2018-10-03 11:00:00,35.47136192
1,2018-10-03 12:00:00,34.49556527
1,2018-10-03 13:00:00,34.42592339
1,2018-10-03 14:00:00,29.02840837
1,2018-10-03 15:00:00,35.90245703
1,2018-10-03 16:00:00,38.31994096
1,2018-10-03 17:00:00,33.81898226
1,2018-10-03 18:00:00,29.99706561
1,2018-10-03 19:00:00,29.19275406
1,2018-10-03 20:00:00,27.62438207
1,2018-10-03 21:00:00,26.09039232
1,2018-10-03 22:00:00,26.91352451
1,2018-10-03 23:00:00,25.34479424
1,2018-10-04 00:00:00,24.61861296
1,2018-10-04 01:00:00,25.37649376
1,2018-10-04 02:00:00,25.35091547
1,2018-10-04 03:00:00,26.19554946
1,2018-10-04 04:00:00,24.63209639
1,2018-10-04 05:00:00,25.46172592
1,2018-10-04 06:00:00,29.18676199
1,2018-10-04 07:00:00,35.27937419
1,2018-10-04 08:00:00,39.07832656
1,2018-10-04 09:00:00,29.11549899
1,2018-10-04 10:00:00,34.37970599
1,2018-10-04 12:00:00,45.02714795
1,2018-10-04 13:00:00,38.45212376
1,2018-10-04 14:00:00,38.35884071
1,2018-10-04 15:00:00,37.41196231
1,2018-10-04 16:00:00,37.50501167
1,2018-10-04 17:00:00,36.60710762
1,2018-10-04 18:00:00,34.32581522
1,2018-10-04 19:00:00,31.28480615
1,2018-10-04 20:00:00,29.04400429
1,2018-10-04 21:00:00,25.205832
1,2018-10-04 22:00:00,27.54897817
1,2018-10-04 23:00:00,26.82210464
1,2018-10-05 00:00:00,25.30637092
1,2018-10-05 01:00:00,26.82624366
1,2018-10-05 02:00:00,26.10458246
1,2018-10-05 03:00:00,25.38473777
1,2018-10-05 04:00:00,26.86589974
1,2018-10-05 05:00:00,28.42340769
1,2018-10-05 06:00:00,33.03108009
1,2018-10-05 07:00:00,41.30277434
1,2018-10-05 08:00:00,44.33730759
1,2018-10-05 09:00:00,38.89630488
1,2018-10-05 10:00:00,40.19273894
1,2018-10-05 11:00:00,39.28159925
1,2018-10-05 12:00:00,36.98554167
1,2018-10-05 13:00:00,37.66355145
1,2018-10-05 14:00:00,34.68368455
1,2018-10-05 15:00:00,36.18797263
1,2018-10-05 16:00:00,34.72391393
1,2018-10-05 17:00:00,33.28041458
1,2018-10-05 18:00:00,30.49617004
1,2018-10-05 19:00:00,26.82935739
1,2018-10-05 20:00:00,25.40672351
1,2018-10-05 21:00:00,26.97010669
1,2018-10-05 22:00:00,25.4751362
1,2018-10-05 23:00:00,26.30353249
1,2018-10-06 00:00:00,26.28236715
1,2018-10-06 01:00:00,25.49874229
1,2018-10-06 02:00:00,21.70483717
1,2018-10-06 03:00:00,24.7824083
1,2018-10-06 04:00:00,24.80634298
1,2018-10-06 05:00:00,24.8183924
1,2018-10-06 06:00:00,24.83926535
1,2018-10-06 07:00:00,37.73422797
1,2018-10-06 08:00:00,36.10351263
1,2018-10-06 09:00:00,28.36574979
1,2018-10-06 10:00:00,28.20928902
1,2018-10-06 11:00:00,27.3148165
1,2018-10-06 12:00:00,26.48303946
1,2018-10-06 13:00:00,24.90449867
1,2018-10-06 14:00:00,27.06972684
1,2018-10-06 15:00:00,22.62436925
1,2018-10-06 16:00:00,18.7895129
1,2018-10-06 17:00:00,21.93770435
1,2018-10-06 18:00:00,22.79575179
1,2018-10-06 19:00:00,22.0738826
1,2018-10-06 20:00:00,20.6431219
1,2018-10-06 21:00:00,20.6644783
1,2018-10-06 22:00:00,19.93872531
1,2018-10-06 23:00:00,21.50746349
1,2018-10-07 00:00:00,20.73288574
1,2018-10-07 01:00:00,20.76244303
1,2018-10-07 02:00:00,21.52331031
1,2018-10-07 03:00:00,22.30728067
1,2018-10-07 04:00:00,21.59886858
1,2018-10-07 05:00:00,23.13658899
1,2018-10-07 06:00:00,24.64813465
1,2018-10-07 07:00:00,25.35173623
1,2018-10-07 08:00:00,25.30843466
1,2018-10-07 09:00:00,22.86172714
1,2018-10-07 10:00:00,22.61698778
1,2018-10-07 11:00:00,23.19724685
1,2018-10-07 12:00:00,20.14962017
1,2018-10-07 13:00:00,29.20979573
1,2018-10-07 14:00:00,24.892165
1,2018-10-07 15:00:00,18.85521286
1,2018-10-07 16:00:00,19.56174268
1,2018-10-07 17:00:00,19.695756600000006
1,2018-10-07 18:00:00,20.47804778
1,2018-10-07 19:00:00,20.54761345
1,2018-10-07 20:00:00,19.04789734
1,2018-10-07 21:00:00,19.06277632
1,2018-10-07 22:00:00,19.13507986
1,2018-10-07 23:00:00,19.9010833
1,2018-10-08 00:00:00,20.71259647
1,2018-10-08 01:00:00,20.79268713
1,2018-10-08 02:00:00,20.76318823
1,2018-10-08 03:00:00,20.75337048
1,2018-10-08 04:00:00,21.48000061
1,2018-10-08 05:00:00,21.45209276
1,2018-10-08 06:00:00,23.01755623
1,2018-10-08 07:00:00,37.99862639
1,2018-10-08 08:00:00,44.79134592
1,2018-10-08 09:00:00,39.32284387
1,2018-10-08 10:00:00,34.65526437
1,2018-10-08 11:00:00,32.94532915
1,2018-10-08 12:00:00,32.99428484
1,2018-10-08 13:00:00,33.706854799999995
1,2018-10-08 14:00:00,38.25835613
1,2018-10-08 15:00:00,38.96307917
1,2018-10-08 16:00:00,36.85379097
1,2018-10-08 17:00:00,28.01546047
1,2018-10-08 18:00:00,24.26897595
1,2018-10-08 19:00:00,18.95007055
1,2018-10-08 20:00:00,19.71760874
1,2018-10-08 21:00:00,19.76572281
1,2018-10-08 22:00:00,19.00904846
1,2018-10-08 23:00:00,19.04965045
1,2018-10-09 00:00:00,16.75598126
1,2018-10-09 01:00:00,18.2764844
1,2018-10-09 02:00:00,17.62370933
1,2018-10-09 03:00:00,17.58540372
1,2018-10-09 04:00:00,19.85852328
1,2018-10-09 05:00:00,22.09677018
1,2018-10-09 06:00:00,23.64561198
1,2018-10-09 07:00:00,36.48990537
1,2018-10-09 08:00:00,38.67150775
1,2018-10-09 09:00:00,38.01851046
1,2018-10-09 10:00:00,37.22113965
1,2018-10-09 11:00:00,37.9061849
1,2018-10-09 12:00:00,35.73554789
1,2018-10-09 13:00:00,31.98459641
1,2018-10-09 14:00:00,31.94321228
1,2018-10-09 15:00:00,39.44196651
1,2018-10-09 16:00:00,37.95660379
1,2018-10-09 17:00:00,32.73871357
1,2018-10-09 18:00:00,28.97195501
1,2018-10-09 19:00:00,29.76106396
1,2018-10-09 20:00:00,26.69319512
1,2018-10-09 21:00:00,28.24849471
1,2018-10-09 22:00:00,27.57353849
1,2018-10-09 23:00:00,25.33647746
1,2018-10-10 00:00:00,25.33293842
1,2018-10-10 01:00:00,25.42144876
1,2018-10-10 02:00:00,26.12512714
1,2018-10-10 03:00:00,26.92430367
1,2018-10-10 04:00:00,26.96277419
1,2018-10-10 05:00:00,28.49260985
1,2018-10-10 06:00:00,37.51902966
1,2018-10-10 07:00:00,41.97265789
1,2018-10-10 08:00:00,41.10504044
1,2018-10-10 09:00:00,36.46673007
1,2018-10-10 10:00:00,37.8976912
1,2018-10-10 11:00:00,38.57630735
1,2018-10-10 12:00:00,36.9455862
1,2018-10-10 13:00:00,33.92042411
1,2018-10-10 14:00:00,39.16327229
1,2018-10-10 15:00:00,35.51961981
1,2018-10-10 16:00:00,35.59391245
1,2018-10-10 17:00:00,32.69295715
1,2018-10-10 18:00:00,30.53064983
1,2018-10-10 19:00:00,27.54497086
1,2018-10-10 20:00:00,27.58486662
1,2018-10-10 21:00:00,27.62489765
1,2018-10-10 22:00:00,26.08810812
1,2018-10-10 23:00:00,26.11573455
1,2018-10-11 00:00:00,25.37616899
1,2018-10-11 01:00:00,26.16584381
1,2018-10-11 02:00:00,26.22489954
1,2018-10-11 03:00:00,26.18176935
1,2018-10-11 04:00:00,28.50328095
1,2018-10-11 05:00:00,33.87477623
1,2018-10-11 06:00:00,39.1930518
1,2018-10-11 07:00:00,46.06962241
1,2018-10-11 08:00:00,42.24289318
1,2018-10-11 09:00:00,41.26813191
1,2018-10-11 10:00:00,38.78899445
1,2018-10-11 11:00:00,40.71210414
1,2018-10-11 12:00:00,37.6626984
1,2018-10-11 13:00:00,37.57369661
1,2018-10-11 14:00:00,37.58108699
1,2018-10-11 15:00:00,36.96305954
1,2018-10-11 16:00:00,35.41874262
1,2018-10-11 17:00:00,32.5674482
1,2018-10-11 18:00:00,28.98078596
1,2018-10-11 19:00:00,25.99897216
1,2018-10-11 20:00:00,26.02971957
1,2018-10-11 21:00:00,26.81127715
1,2018-10-11 22:00:00,26.13275105
1,2018-10-11 23:00:00,25.38715836
1,2018-10-12 00:00:00,24.65575127
1,2018-10-12 01:00:00,25.42457236
1,2018-10-12 02:00:00,26.1782414
1,2018-10-12 03:00:00,26.97776061
1,2018-10-12 04:00:00,26.97603454
1,2018-10-12 05:00:00,29.28128651
1,2018-10-12 06:00:00,37.62703117
1,2018-10-12 07:00:00,43.6046316
1,2018-10-12 08:00:00,38.98975914
1,2018-10-12 09:00:00,39.46824749
1,2018-10-12 10:00:00,37.02467251
1,2018-10-12 11:00:00,36.89023625
1,2018-10-12 12:00:00,37.59390865
1,2018-10-12 13:00:00,36.02523291
1,2018-10-12 14:00:00,36.02028437
1,2018-10-12 15:00:00,34.58078319
1,2018-10-12 16:00:00,34.63137289
1,2018-10-12 17:00:00,32.50513626
1,2018-10-12 18:00:00,26.55231157
1,2018-10-12 19:00:00,25.9160611
1,2018-10-12 20:00:00,25.21910546
1,2018-10-12 21:00:00,25.27193811
1,2018-10-12 22:00:00,25.26504872
1,2018-10-12 23:00:00,21.47993518
1,2018-10-13 00:00:00,20.76773203
1,2018-10-13 01:00:00,22.29976198
1,2018-10-13 02:00:00,23.83570031
1,2018-10-13 03:00:00,24.62559834
1,2018-10-13 04:00:00,25.4138065
1,2018-10-13 05:00:00,24.61840381
1,2018-10-13 06:00:00,25.39068735
1,2018-10-13 07:00:00,28.32741458
1,2018-10-13 08:00:00,38.73888744
1,2018-10-13 09:00:00,30.2903045
1,2018-10-13 10:00:00,24.84767812
1,2018-10-13 11:00:00,26.98562375
1,2018-10-13 12:00:00,27.76829675
1,2018-10-13 13:00:00,26.23352997
1,2018-10-13 14:00:00,26.91658476
1,2018-10-13 15:00:00,27.81753876
1,2018-10-13 16:00:00,27.07065833
1,2018-10-13 17:00:00,27.10022568
1,2018-10-13 18:00:00,26.51153485
1,2018-10-13 19:00:00,25.08055798
1,2018-10-13 20:00:00,23.59334335
1,2018-10-13 21:00:00,22.90694693
1,2018-10-13 22:00:00,19.84486713
1,2018-10-13 23:00:00,24.47169295
1,2018-10-14 00:00:00,23.71247407
1,2018-10-14 01:00:00,24.50219241
1,2018-10-14 02:00:00,22.20823831
1,2018-10-14 03:00:00,28.28756433
1,2018-10-14 04:00:00,23.75510614
1,2018-10-14 05:00:00,21.41153576
1,2018-10-14 06:00:00,6.1234875760000005
1,2018-10-14 10:00:00,28.87874785
1,2018-10-14 13:00:00,36.05401649
1,2018-10-14 14:00:00,25.48661236
1,2018-10-14 15:00:00,25.48142152
1,2018-10-14 16:00:00,26.96378031
1,2018-10-14 17:00:00,26.31710867
1,2018-10-14 18:00:00,24.21877927
1,2018-10-14 19:00:00,24.25014269
1,2018-10-14 20:00:00,19.77524945
1,2018-10-14 21:00:00,21.26467152
1,2018-10-14 22:00:00,22.82651251
1,2018-10-14 23:00:00,19.78381363
1,2018-10-15 00:00:00,20.54220736
1,2018-10-15 01:00:00,22.80412633
1,2018-10-15 02:00:00,22.8229022
1,2018-10-15 03:00:00,18.25865906
1,2018-10-15 04:00:00,22.05937344
1,2018-10-15 05:00:00,21.26499294
1,2018-10-15 06:00:00,22.11902473
1,2018-10-15 07:00:00,24.35756246
1,2018-10-15 08:00:00,34.73090643
1,2018-10-15 09:00:00,32.40456553
1,2018-10-15 10:00:00,31.48651766
1,2018-10-15 11:00:00,30.60526794
1,2018-10-15 12:00:00,26.83219877
1,2018-10-15 13:00:00,26.83111227
1,2018-10-15 14:00:00,27.6678877
1,2018-10-15 15:00:00,33.00037933
1,2018-10-15 16:00:00,32.3855588
1,2018-10-15 17:00:00,29.47420044
1,2018-10-15 18:00:00,21.19509694
1,2018-10-15 19:00:00,19.67626355
1,2018-10-15 20:00:00,18.09212132
1,2018-10-15 21:00:00,23.48624014
1,2018-10-15 22:00:00,23.51222009
1,2018-10-15 23:00:00,15.18746649
1,2018-10-16 00:00:00,17.4792576
1,2018-10-16 01:00:00,18.28436346
1,2018-10-16 02:00:00,16.81996903
1,2018-10-16 03:00:00,18.32561868
1,2018-10-16 04:00:00,16.86435171
1,2018-10-16 05:00:00,18.43836446
1,2018-10-16 06:00:00,19.16085889
1,2018-10-16 07:00:00,24.5212803
1,2018-10-16 08:00:00,23.74124414
1,2018-10-16 09:00:00,26.03317625
1,2018-10-16 10:00:00,26.68561232
1,2018-10-16 11:00:00,26.66596151
1,2018-10-16 12:00:00,25.96077347
1,2018-10-16 13:00:00,25.92609464
1,2018-10-16 14:00:00,26.69858254
1,2018-10-16 15:00:00,25.8761288
1,2018-10-16 16:00:00,27.41010281
1,2018-10-16 18:00:00,29.79362085
1,2018-10-16 19:00:00,20.66697029
1,2018-10-16 20:00:00,20.71038533
1,2018-10-16 21:00:00,19.94822196
1,2018-10-16 22:00:00,18.420708800000003
1,2018-10-16 23:00:00,18.46223422
1,2018-10-17 00:00:00,16.89227803
1,2018-10-17 01:00:00,20.03413962
1,2018-10-17 02:00:00,17.68500724
1,2018-10-17 03:00:00,17.64632426
1,2018-10-17 04:00:00,16.91898731
1,2018-10-17 05:00:00,19.17690378
1,2018-10-17 06:00:00,22.97420439
1,2018-10-17 07:00:00,26.68881049
1,2018-10-17 08:00:00,26.603512100000003
1,2018-10-17 09:00:00,31.09955236
1,2018-10-17 10:00:00,32.434952100000004
1,2018-10-17 11:00:00,36.95157939
1,2018-10-17 12:00:00,35.51543813
1,2018-10-17 13:00:00,33.99281639
1,2018-10-17 14:00:00,32.50265271
1,2018-10-17 15:00:00,34.67002423
1,2018-10-17 16:00:00,33.35236673
1,2018-10-17 17:00:00,29.71559537
1,2018-10-17 18:00:00,25.91980489
1,2018-10-17 19:00:00,25.95897311
1,2018-10-17 20:00:00,22.88300858
1,2018-10-17 21:00:00,25.80967211
1,2018-10-17 22:00:00,23.55619453
1,2018-10-17 23:00:00,22.85572435
1,2018-10-18 00:00:00,24.36972168
1,2018-10-18 01:00:00,23.66946105
1,2018-10-18 02:00:00,22.91443868
1,2018-10-18 03:00:00,24.47755779
1,2018-10-18 04:00:00,24.42914615
1,2018-10-18 05:00:00,25.97291874
1,2018-10-18 06:00:00,29.71594276
1,2018-10-18 07:00:00,35.79117222
1,2018-10-18 08:00:00,33.49743312
1,2018-10-18 09:00:00,33.43085099
1,2018-10-18 10:00:00,31.82511541
1,2018-10-18 11:00:00,31.829159000000004
1,2018-10-18 12:00:00,33.33697483
1,2018-10-18 13:00:00,34.03334018
1,2018-10-18 14:00:00,34.86634406
1,2018-10-18 15:00:00,32.73697926
1,2018-10-18 16:00:00,32.00406599
1,2018-10-18 17:00:00,30.55128249
1,2018-10-18 18:00:00,27.50344212
1,2018-10-18 19:00:00,26.76355142
1,2018-10-18 20:00:00,26.05391826
1,2018-10-18 21:00:00,26.80940607
1,2018-10-18 22:00:00,25.27300848
1,2018-10-18 23:00:00,24.54366699
1,2018-10-19 00:00:00,24.60028472
1,2018-10-19 01:00:00,24.63284379
1,2018-10-19 02:00:00,24.59663235
1,2018-10-19 03:00:00,24.6482344
1,2018-10-19 04:00:00,24.63154276
1,2018-10-19 05:00:00,25.34167421
1,2018-10-19 06:00:00,31.33076969
1,2018-10-19 07:00:00,36.50116897
1,2018-10-19 08:00:00,33.36065135
1,2018-10-19 09:00:00,32.38650633
1,2018-10-19 10:00:00,33.77228882
1,2018-10-19 11:00:00,33.59826048
1,2018-10-19 12:00:00,34.29206811
1,2018-10-19 13:00:00,34.36850504
1,2018-10-19 14:00:00,35.15038735
1,2018-10-19 15:00:00,35.11737984
1,2018-10-19 16:00:00,33.79387006
1,2018-10-19 17:00:00,31.62089345
1,2018-10-19 18:00:00,27.92750385
1,2018-10-19 19:00:00,27.20492963
1,2018-10-19 20:00:00,3.047850037
1,2018-10-19 21:00:00,19.48322461
1,2018-10-19 22:00:00,30.22000231
1,2018-10-19 23:00:00,16.67027058
1,2018-10-20 00:00:00,14.38769277
1,2018-10-20 01:00:00,15.85470606
1,2018-10-20 02:00:00,16.67616195
1,2018-10-20 03:00:00,17.5724995
1,2018-10-20 04:00:00,17.59457696
1,2018-10-20 05:00:00,17.62879424
1,2018-10-20 06:00:00,19.15199977
1,2018-10-20 07:00:00,20.83735364
1,2018-10-20 08:00:00,20.85277094
1,2018-10-20 09:00:00,20.76244324
1,2018-10-20 10:00:00,21.56243567
1,2018-10-20 11:00:00,23.09365962
1,2018-10-20 12:00:00,21.42161338
1,2018-10-20 13:00:00,22.06551116
1,2018-10-20 14:00:00,20.49746055
1,2018-10-20 15:00:00,20.56096596
1,2018-10-20 16:00:00,20.58035202
1,2018-10-20 17:00:00,21.43214347
1,2018-10-20 18:00:00,21.40616632
1,2018-10-20 19:00:00,21.41816979
1,2018-10-20 20:00:00,20.71517119
1,2018-10-20 21:00:00,20.71237069
1,2018-10-20 22:00:00,19.21437323
1,2018-10-20 23:00:00,19.25271275
1,2018-10-21 00:00:00,19.26225046
1,2018-10-21 01:00:00,20.04041259
1,2018-10-21 02:00:00,19.89143771
1,2018-10-21 03:00:00,20.68791884
1,2018-10-21 04:00:00,20.06181631
1,2018-10-21 05:00:00,20.81589528
1,2018-10-21 06:00:00,22.27938496
1,2018-10-21 07:00:00,24.45374299
1,2018-10-21 08:00:00,22.95173581
1,2018-10-21 09:00:00,23.5624325
1,2018-10-21 10:00:00,21.22699528
1,2018-10-21 11:00:00,21.17208751
1,2018-10-21 12:00:00,21.1208905
1,2018-10-21 13:00:00,21.0301882
1,2018-10-21 14:00:00,19.47453824
1,2018-10-21 15:00:00,20.27272545
1,2018-10-21 16:00:00,19.59185729
1,2018-10-21 17:00:00,20.36203772
1,2018-10-21 18:00:00,19.76873001
1,2018-10-21 19:00:00,20.62244417
1,2018-10-21 20:00:00,21.35873771
1,2018-10-21 21:00:00,20.67681653
1,2018-10-21 22:00:00,19.1560567
1,2018-10-21 23:00:00,19.19295513
1,2018-10-22 00:00:00,19.97932978
1,2018-10-22 01:00:00,19.22273377
1,2018-10-22 02:00:00,19.98400412
1,2018-10-22 03:00:00,20.02619431
1,2018-10-22 04:00:00,20.7527905
1,2018-10-22 05:00:00,24.58576778
1,2018-10-22 06:00:00,29.86432764
1,2018-10-22 07:00:00,33.59711961
1,2018-10-22 08:00:00,31.82717351
1,2018-10-22 09:00:00,29.40263837
1,2018-10-22 10:00:00,30.74068524
1,2018-10-22 11:00:00,32.93152975
1,2018-10-22 12:00:00,32.21815861
1,2018-10-22 13:00:00,32.11627922
1,2018-10-22 14:00:00,33.69153026
1,2018-10-22 15:00:00,32.89139209
1,2018-10-22 16:00:00,33.02895146
1,2018-10-22 17:00:00,30.07415093
1,2018-10-22 18:00:00,27.87447757
1,2018-10-22 19:00:00,24.21284763
1,2018-10-22 20:00:00,24.93041116
1,2018-10-22 21:00:00,24.83364098
1,2018-10-22 22:00:00,22.63070763
1,2018-10-22 23:00:00,21.25318604
1,2018-10-23 00:00:00,22.0385137
1,2018-10-23 01:00:00,22.07792436
1,2018-10-23 02:00:00,24.38662019
1,2018-10-23 03:00:00,22.18947815
1,2018-10-23 04:00:00,22.14400993
1,2018-10-23 05:00:00,22.92269039
1,2018-10-23 06:00:00,29.67550932
1,2018-10-23 07:00:00,33.30009253
1,2018-10-23 08:00:00,30.33525125
1,2018-10-23 09:00:00,32.51042246
1,2018-10-23 10:00:00,34.69550806
1,2018-10-23 11:00:00,32.3773358
1,2018-10-23 12:00:00,31.60853198
1,2018-10-23 13:00:00,31.58725961
1,2018-10-23 14:00:00,32.281008
1,2018-10-23 15:00:00,31.57937721
1,2018-10-23 16:00:00,30.24223042
1,2018-10-23 17:00:00,30.42887936
1,2018-10-23 18:00:00,26.67058907
1,2018-10-23 19:00:00,24.47869441
1,2018-10-23 20:00:00,24.50588116
1,2018-10-23 21:00:00,24.38152865
1,2018-10-23 22:00:00,23.62474609
1,2018-10-23 23:00:00,22.15973117
1,2018-10-24 00:00:00,22.94788261
1,2018-10-24 01:00:00,23.7055611
1,2018-10-24 02:00:00,22.1996814
1,2018-10-24 03:00:00,23.00313652
1,2018-10-24 04:00:00,22.98333315
1,2018-10-24 05:00:00,25.3169886
1,2018-10-24 06:00:00,30.67281571
1,2018-10-24 07:00:00,32.88397759
1,2018-10-24 08:00:00,35.17755739
1,2018-10-24 09:00:00,40.460104
1,2018-10-24 10:00:00,35.1228804
1,2018-10-24 11:00:00,31.37772848
1,2018-10-24 12:00:00,29.14190105
1,2018-10-24 13:00:00,31.38142975
1,2018-10-24 14:00:00,29.95857063
1,2018-10-24 15:00:00,29.19012186
1,2018-10-24 16:00:00,27.72611115
1,2018-10-24 17:00:00,25.3370387
1,2018-10-24 18:00:00,22.26835584
1,2018-10-24 19:00:00,23.68954092
1,2018-10-24 20:00:00,24.50470341
1,2018-10-24 21:00:00,23.80560398
1,2018-10-24 22:00:00,23.79223993
1,2018-10-24 23:00:00,23.03885346
1,2018-10-25 00:00:00,23.82973031
1,2018-10-25 01:00:00,22.3018978
1,2018-10-25 02:00:00,23.1039977
1,2018-10-25 03:00:00,23.05812385
1,2018-10-25 04:00:00,23.9207908
1,2018-10-25 05:00:00,26.1870765
1,2018-10-25 06:00:00,31.45238543
1,2018-10-25 07:00:00,45.72020413
1,2018-10-25 08:00:00,36.70395219
1,2018-10-25 09:00:00,28.93796027
1,2018-10-25 10:00:00,37.01162399
1,2018-10-25 11:00:00,33.17119867
1,2018-10-25 12:00:00,30.20047353
1,2018-10-25 13:00:00,31.69482278
1,2018-10-25 14:00:00,30.23713129
1,2018-10-25 15:00:00,29.60187478
1,2018-10-25 16:00:00,28.14715079
1,2018-10-25 17:00:00,27.45995052
1,2018-10-25 18:00:00,23.77251006
1,2018-10-25 19:00:00,23.80641632
1,2018-10-25 20:00:00,21.51317709
1,2018-10-25 21:00:00,22.27820444
1,2018-10-25 22:00:00,23.11366097
1,2018-10-25 23:00:00,18.51518234
1,2018-10-26 00:00:00,20.86096523
1,2018-10-26 01:00:00,20.83151819
1,2018-10-26 02:00:00,20.86518354
1,2018-10-26 03:00:00,20.821302
1,2018-10-26 04:00:00,22.34621607
1,2018-10-26 05:00:00,23.91386271
1,2018-10-26 06:00:00,28.57563702
1,2018-10-26 07:00:00,42.11171186
1,2018-10-26 08:00:00,36.82480101
1,2018-10-26 09:00:00,32.91224888
1,2018-10-26 10:00:00,31.30469022
1,2018-10-26 11:00:00,30.46296463
1,2018-10-26 12:00:00,31.14784766
1,2018-10-26 13:00:00,28.90538693
1,2018-10-26 14:00:00,28.18205902
1,2018-10-26 15:00:00,28.20628127
1,2018-10-26 16:00:00,27.53528135
1,2018-10-26 17:00:00,26.12888123
1,2018-10-26 18:00:00,20.69539049
1,2018-10-26 19:00:00,23.00146866
1,2018-10-26 20:00:00,23.08527528
1,2018-10-26 21:00:00,23.74972978
1,2018-10-26 22:00:00,22.767625100000004
1,2018-10-26 23:00:00,22.96639308
1,2018-10-27 00:00:00,21.50447516
1,2018-10-27 01:00:00,22.91917322
1,2018-10-27 02:00:00,22.15214743
1,2018-10-27 03:00:00,22.991162300000006
1,2018-10-27 04:00:00,22.98021573
1,2018-10-27 05:00:00,22.88113945
1,2018-10-27 06:00:00,24.47171503
1,2018-10-27 07:00:00,24.47025476
1,2018-10-27 08:00:00,24.43667009
1,2018-10-27 09:00:00,25.14571449
1,2018-10-27 10:00:00,24.32716613
1,2018-10-27 11:00:00,25.03715051
1,2018-10-27 12:00:00,24.08240899
1,2018-10-27 13:00:00,22.63541887
1,2018-10-27 14:00:00,23.39656654
1,2018-10-27 15:00:00,24.19524806
1,2018-10-27 16:00:00,24.23465168
1,2018-10-27 17:00:00,22.79741984
1,2018-10-27 18:00:00,23.61789795
1,2018-10-27 19:00:00,23.66389465
1,2018-10-27 20:00:00,23.01837287
1,2018-10-27 21:00:00,22.96587378
1,2018-10-27 22:00:00,21.44053668
1,2018-10-27 23:00:00,23.8027547
1,2018-10-28 00:00:00,22.24575911
1,2018-10-28 01:00:00,23.08104046
1,2018-10-28 02:00:00,23.19687019
1,2018-10-28 03:00:00,23.92323889
1,2018-10-28 04:00:00,23.21292034
1,2018-10-28 05:00:00,23.91885281
1,2018-10-28 06:00:00,25.37399262
1,2018-10-28 07:00:00,26.11086562
1,2018-10-28 08:00:00,25.31126484
1,2018-10-28 09:00:00,25.2564933
1,2018-10-28 10:00:00,25.16364837
1,2018-10-28 11:00:00,25.04018367
1,2018-10-28 12:00:00,22.75979803
1,2018-10-28 13:00:00,24.18692921
1,2018-10-28 14:00:00,22.7430896
1,2018-10-28 15:00:00,21.99205319
1,2018-10-28 16:00:00,23.71712375
1,2018-10-28 17:00:00,23.65719492
1,2018-10-28 18:00:00,23.81142326
1,2018-10-28 19:00:00,24.64214523
1,2018-10-28 20:00:00,22.42445136
1,2018-10-28 21:00:00,23.9452359
1,2018-10-28 22:00:00,23.20179652
1,2018-10-28 23:00:00,24.77649456
1,2018-10-29 00:00:00,24.77280876
1,2018-10-29 01:00:00,22.39172889
1,2018-10-29 02:00:00,23.23857149
1,2018-10-29 03:00:00,25.54493807
1,2018-10-29 04:00:00,23.19563312
1,2018-10-29 05:00:00,24.00339842
1,2018-10-29 06:00:00,26.27813068
1,2018-10-29 07:00:00,26.21528557
1,2018-10-29 08:00:00,41.9680264
1,2018-10-29 10:00:00,37.8794063
1,2018-10-29 11:00:00,39.36154688
1,2018-10-29 12:00:00,31.02635053
1,2018-10-29 13:00:00,30.09983508
1,2018-10-29 14:00:00,30.86933194
1,2018-10-29 15:00:00,41.67716935
1,2018-10-29 16:00:00,35.80545765
1,2018-10-29 17:00:00,30.51431596
1,2018-10-29 18:00:00,26.8750183
1,2018-10-29 19:00:00,25.39200096
1,2018-10-29 20:00:00,23.89650139
1,2018-10-29 21:00:00,23.8768843
1,2018-10-29 22:00:00,23.94658389
1,2018-10-29 23:00:00,22.39404849
1,2018-10-30 00:00:00,22.41231662
1,2018-10-30 01:00:00,23.22596348
1,2018-10-30 02:00:00,23.19030609
1,2018-10-30 03:00:00,24.78313047
1,2018-10-30 04:00:00,24.78201342
1,2018-10-30 05:00:00,27.86811123
1,2018-10-30 06:00:00,34.68028693
1,2018-10-30 07:00:00,32.99187463
1,2018-10-30 08:00:00,26.72526123
1,2018-10-30 09:00:00,31.14101521
1,2018-10-30 10:00:00,30.9721711
1,2018-10-30 11:00:00,24.84324712
1,2018-10-30 12:00:00,36.66075541
1,2018-10-30 13:00:00,39.24078644
1,2018-10-30 14:00:00,42.91830815
1,2018-10-30 15:00:00,34.69290699
1,2018-10-30 16:00:00,32.45055101
1,2018-10-30 17:00:00,29.58135989
1,2018-10-30 18:00:00,24.4233227
1,2018-10-30 19:00:00,20.73610993
1,2018-10-30 20:00:00,19.98309235
1,2018-10-30 21:00:00,22.97868791
1,2018-10-30 22:00:00,19.98169785
1,2018-10-30 23:00:00,21.59461589
1,2018-10-31 00:00:00,21.57007084
1,2018-10-31 01:00:00,26.10090653
1,2018-10-31 02:00:00,23.81486687
1,2018-10-31 03:00:00,22.29352568
1,2018-10-31 04:00:00,22.24225349
1,2018-10-31 05:00:00,22.89026411
1,2018-10-31 06:00:00,29.70894013
1,2018-10-31 07:00:00,33.58848371
1,2018-10-31 08:00:00,32.06865177
1,2018-10-31 09:00:00,31.14285297
1,2018-10-31 10:00:00,31.01204448
1,2018-10-31 11:00:00,30.07788942
1,2018-10-31 12:00:00,27.03768135
1,2018-10-31 13:00:00,34.45939079
1,2018-10-31 14:00:00,42.10678842
1,2018-10-31 15:00:00,35.52157324
1,2018-10-31 16:00:00,33.22017822
1,2018-10-31 17:00:00,30.30304861
1,2018-10-31 18:00:00,26.587467
1,2018-10-31 19:00:00,25.10775134
1,2018-10-31 20:00:00,22.78208363
1,2018-10-31 21:00:00,23.53878083
1,2018-10-31 22:00:00,22.02563099
1,2018-10-31 23:00:00,21.31502777
1,2018-11-01 00:00:00,22.07192009
1,2018-11-01 01:00:00,20.60008402
1,2018-11-01 02:00:00,21.40311346
1,2018-11-01 03:00:00,21.39830908
1,2018-11-01 04:00:00,22.87929491
1,2018-11-01 05:00:00,25.15519739
1,2018-11-01 06:00:00,30.40245328
1,2018-11-01 07:00:00,25.83575352
1,2018-11-01 08:00:00,22.03004543
1,2018-11-01 09:00:00,31.62835278
1,2018-11-01 10:00:00,39.04051172
1,2018-11-01 11:00:00,34.33933088
1,2018-11-01 12:00:00,34.24645486
1,2018-11-01 13:00:00,24.47249318
1,2018-11-01 14:00:00,29.69938986
1,2018-11-01 16:00:00,39.68903835
1,2018-11-01 17:00:00,27.75688287
1,2018-11-01 18:00:00,24.02070145
1,2018-11-01 19:00:00,17.23433632
1,2018-11-01 20:00:00,18.79797393
1,2018-11-01 21:00:00,19.63496044
1,2018-11-01 22:00:00,20.28495598
1,2018-11-01 23:00:00,18.75751748
1,2018-11-02 00:00:00,18.76973979
1,2018-11-02 01:00:00,18.02159413
1,2018-11-02 02:00:00,18.76263847
1,2018-11-02 03:00:00,17.26006657
1,2018-11-02 04:00:00,18.00001514
1,2018-11-02 05:00:00,20.28889639
1,2018-11-02 06:00:00,12.67678527
1,2018-11-02 07:00:00,19.42688496
1,2018-11-02 08:00:00,27.07127515
1,2018-11-02 09:00:00,41.38784097
1,2018-11-02 10:00:00,37.60937099
1,2018-11-02 11:00:00,38.19858451
1,2018-11-02 12:00:00,38.08476639
1,2018-11-02 13:00:00,37.92429003
1,2018-11-02 14:00:00,37.25916412
1,2018-11-02 15:00:00,36.5029328
1,2018-11-02 16:00:00,36.53441979
1,2018-11-02 17:00:00,33.6722604
1,2018-11-02 18:00:00,24.16708056
1,2018-11-02 19:00:00,18.88927357
1,2018-11-02 20:00:00,17.47154235
1,2018-11-02 21:00:00,17.47434126
1,2018-11-02 22:00:00,17.47457362
1,2018-11-02 23:00:00,17.54898491
1,2018-11-03 00:00:00,16.04712234
1,2018-11-03 01:00:00,17.58590739
1,2018-11-03 02:00:00,16.825467899999996
1,2018-11-03 03:00:00,16.82578249
1,2018-11-03 04:00:00,17.52869741
1,2018-11-03 05:00:00,17.5873573
1,2018-11-03 06:00:00,19.05477237
1,2018-11-03 07:00:00,20.5368647
1,2018-11-03 08:00:00,18.99255743
1,2018-11-03 09:00:00,20.41876416
1,2018-11-03 10:00:00,20.39168759
1,2018-11-03 11:00:00,20.2858811
1,2018-11-03 12:00:00,19.56182307
1,2018-11-03 13:00:00,18.77315316
1,2018-11-03 14:00:00,19.51101168
1,2018-11-03 15:00:00,24.04156414
1,2018-11-03 16:00:00,24.08784923
1,2018-11-03 17:00:00,24.17211039
1,2018-11-03 18:00:00,21.27431099
1,2018-11-03 19:00:00,22.87759834
1,2018-11-03 20:00:00,20.64601899
1,2018-11-03 21:00:00,19.77996338
1,2018-11-03 22:00:00,19.71712589
1,2018-11-03 23:00:00,6.09161377
1,2018-11-04 00:00:00,12.16756958
1,2018-11-04 01:00:00,25.18943742
1,2018-11-04 02:00:00,24.45647142
1,2018-11-04 03:00:00,24.47708284
1,2018-11-04 04:00:00,24.45558948
1,2018-11-04 05:00:00,21.43079517
1,2018-11-04 06:00:00,23.61494429
1,2018-11-04 07:00:00,22.79671426
1,2018-11-04 08:00:00,21.91339105
1,2018-11-04 09:00:00,21.87758724
1,2018-11-04 10:00:00,21.01904454
1,2018-11-04 11:00:00,21.86781812
1,2018-11-04 12:00:00,20.97977081
1,2018-11-04 13:00:00,20.86869869
1,2018-11-04 14:00:00,20.04090379
1,2018-11-04 15:00:00,20.82475433
1,2018-11-04 16:00:00,20.11730479
1,2018-11-04 17:00:00,17.25182356
1,2018-11-04 18:00:00,16.54662445
1,2018-11-04 19:00:00,17.3553309
1,2018-11-04 20:00:00,15.91437423
1,2018-11-04 21:00:00,15.95077309
1,2018-11-04 22:00:00,16.70439697
1,2018-11-04 23:00:00,12.07310296
1,2018-11-05 01:00:00,19.73435611
1,2018-11-05 02:00:00,24.31576796
1,2018-11-05 03:00:00,22.11655987
1,2018-11-05 04:00:00,19.79328949
1,2018-11-05 05:00:00,19.01843834
1,2018-11-05 06:00:00,22.04339122
1,2018-11-05 07:00:00,36.29817764
1,2018-11-05 08:00:00,33.29493771
1,2018-11-05 09:00:00,28.69282307
1,2018-11-05 10:00:00,32.99370511
1,2018-11-05 11:00:00,37.37048605
1,2018-11-05 12:00:00,38.74276303
1,2018-11-05 13:00:00,31.48079493
1,2018-11-05 14:00:00,30.78212569
1,2018-11-05 15:00:00,33.62875996
1,2018-11-05 16:00:00,38.13474655
1,2018-11-05 17:00:00,34.50164706
1,2018-11-05 18:00:00,27.82552821
1,2018-11-05 19:00:00,23.30019263
1,2018-11-05 20:00:00,23.27044488
1,2018-11-05 21:00:00,23.4091507
1,2018-11-05 22:00:00,21.992469600000003
1,2018-11-05 23:00:00,18.1976112
1,2018-11-06 00:00:00,7.586511379
1,2018-11-06 01:00:00,19.70591145
1,2018-11-06 02:00:00,22.76727187
1,2018-11-06 03:00:00,21.26073573
1,2018-11-06 04:00:00,19.78186604
1,2018-11-06 05:00:00,21.2961527
1,2018-11-06 06:00:00,23.530171300000006
1,2018-11-06 07:00:00,33.97754935
1,2018-11-06 08:00:00,37.71324625
1,2018-11-06 09:00:00,37.77930115
1,2018-11-06 10:00:00,35.61059916
1,2018-11-06 11:00:00,36.37008181
1,2018-11-06 12:00:00,35.53337739
1,2018-11-06 13:00:00,38.31423311
1,2018-11-06 14:00:00,37.5456937
1,2018-11-06 15:00:00,34.67007085
1,2018-11-06 16:00:00,30.97657787
1,2018-11-06 17:00:00,27.35299673
1,2018-11-06 18:00:00,23.60555752
1,2018-11-06 19:00:00,19.04120508
1,2018-11-06 20:00:00,19.79565356
1,2018-11-06 21:00:00,21.33658875
1,2018-11-06 22:00:00,18.95744646
1,2018-11-06 23:00:00,19.82275179
1,2018-11-07 00:00:00,18.30131202
1,2018-11-07 01:00:00,19.82083787
1,2018-11-07 02:00:00,22.12637603
1,2018-11-07 03:00:00,19.7810609
1,2018-11-07 04:00:00,21.367444
1,2018-11-07 05:00:00,22.123863
1,2018-11-07 06:00:00,25.89385758
1,2018-11-07 07:00:00,31.07179915
1,2018-11-07 08:00:00,33.19889402
1,2018-11-07 09:00:00,37.54627041
1,2018-11-07 10:00:00,31.481381
1,2018-11-07 11:00:00,25.48522522
1,2018-11-07 12:00:00,22.55958679
1,2018-11-07 13:00:00,41.17785755
1,2018-11-07 14:00:00,45.11602029
1,2018-11-07 15:00:00,27.22918984
1,2018-11-07 16:00:00,28.81978394
1,2018-11-07 17:00:00,33.38948821
1,2018-11-07 18:00:00,27.4004187
1,2018-11-07 19:00:00,22.18782879
1,2018-11-07 20:00:00,19.89010035
1,2018-11-07 21:00:00,22.96848106
1,2018-11-07 22:00:00,22.98905187
1,2018-11-07 23:00:00,21.48637244
1,2018-11-08 00:00:00,21.50258606
1,2018-11-08 01:00:00,21.58089185
1,2018-11-08 02:00:00,23.05030576
1,2018-11-08 03:00:00,23.09107182
1,2018-11-08 04:00:00,25.42160749
1,2018-11-08 05:00:00,23.86512756
1,2018-11-08 06:00:00,30.69965939
1,2018-11-08 07:00:00,39.47534194
1,2018-11-08 08:00:00,37.88373324
1,2018-11-08 09:00:00,37.04796332
1,2018-11-08 10:00:00,31.54703563
1,2018-11-08 11:00:00,38.37120058
1,2018-11-08 12:00:00,33.15947067
1,2018-11-08 13:00:00,36.93447902
1,2018-11-08 14:00:00,21.8715603
1,2018-11-08 15:00:00,36.94025486
1,2018-11-08 16:00:00,35.42322814
1,2018-11-08 17:00:00,28.7993595
1,2018-11-08 18:00:00,25.82975574
1,2018-11-08 19:00:00,21.35871008
1,2018-11-08 20:00:00,22.93329867
1,2018-11-08 21:00:00,25.90682009
1,2018-11-08 22:00:00,25.9783374
1,2018-11-08 23:00:00,19.90165589
1,2018-11-09 00:00:00,21.45443788
1,2018-11-09 01:00:00,22.99925234
1,2018-11-09 02:00:00,29.03670097
1,2018-11-09 03:00:00,25.98564647
1,2018-11-09 04:00:00,25.19340565
1,2018-11-09 05:00:00,22.22828167
1,2018-11-09 06:00:00,33.43395081
1,2018-11-09 07:00:00,19.826418
1,2018-11-09 08:00:00,25.01928453
1,2018-11-09 09:00:00,25.71555222
1,2018-11-09 10:00:00,25.67291052
1,2018-11-09 11:00:00,25.67152111
1,2018-11-09 12:00:00,27.11223137
1,2018-11-09 13:00:00,44.09991086
1,2018-11-09 15:00:00,44.89524536
1,2018-11-09 16:00:00,31.54742627
1,2018-11-09 17:00:00,26.41702427
1,2018-11-09 18:00:00,21.95081757
1,2018-11-09 19:00:00,20.51742665
1,2018-11-09 20:00:00,28.03419154
1,2018-11-09 21:00:00,27.31364044
1,2018-11-09 22:00:00,24.35782443
1,2018-11-09 23:00:00,17.55688321
1,2018-11-10 00:00:00,25.13365462
1,2018-11-10 01:00:00,22.86978206
1,2018-11-10 02:00:00,20.64076416
1,2018-11-10 03:00:00,24.44357393
1,2018-11-10 04:00:00,25.2252142
1,2018-11-10 05:00:00,24.49640831
1,2018-11-10 06:00:00,25.93468849
1,2018-11-10 07:00:00,25.84647421
1,2018-11-10 08:00:00,18.91264517
1,2018-11-10 09:00:00,24.09209432
1,2018-11-10 10:00:00,30.00833733
1,2018-11-10 11:00:00,21.80627629
1,2018-11-10 12:00:00,18.81388041
1,2018-11-10 13:00:00,24.80750266
1,2018-11-10 14:00:00,27.05415971
1,2018-11-10 15:00:00,19.52050479
1,2018-11-10 16:00:00,19.59719357
1,2018-11-10 17:00:00,27.28429467
1,2018-11-10 18:00:00,21.30994354
1,2018-11-10 19:00:00,19.825729
1,2018-11-10 20:00:00,22.18474859
1,2018-11-10 21:00:00,25.26751209
1,2018-11-10 22:00:00,19.84778236
1,2018-11-10 23:00:00,21.32301413
1,2018-11-11 00:00:00,22.95757847
1,2018-11-11 01:00:00,24.38209765
1,2018-11-11 02:00:00,23.65267326
1,2018-11-11 03:00:00,22.87583236
1,2018-11-11 04:00:00,21.44375359
1,2018-11-11 05:00:00,19.95934267
1,2018-11-11 06:00:00,23.67310879
1,2018-11-11 07:00:00,26.63973549
1,2018-11-11 08:00:00,25.7575703
1,2018-11-11 09:00:00,20.25310256
1,2018-11-11 10:00:00,20.18906555
1,2018-11-11 11:00:00,20.09422273
1,2018-11-11 12:00:00,18.60253791
1,2018-11-11 13:00:00,22.31810454
1,2018-11-11 14:00:00,29.87338486
1,2018-11-11 15:00:00,17.87659157
1,2018-11-11 16:00:00,25.51906346
1,2018-11-11 17:00:00,22.5466769
1,2018-11-11 18:00:00,24.17855617
1,2018-11-11 19:00:00,21.96841861
1,2018-11-11 20:00:00,18.95868975
1,2018-11-11 21:00:00,20.53588897
1,2018-11-11 22:00:00,24.28218506
1,2018-11-11 23:00:00,21.28648142
1,2018-11-12 00:00:00,19.11208121
1,2018-11-12 01:00:00,21.40380628
1,2018-11-12 02:00:00,22.19386241
1,2018-11-12 03:00:00,22.19779216
1,2018-11-12 04:00:00,22.95808913
1,2018-11-12 05:00:00,26.77605796
1,2018-11-12 06:00:00,33.48438949
1,2018-11-12 07:00:00,34.13581787
1,2018-11-12 08:00:00,33.25207726
1,2018-11-12 09:00:00,26.21151348
1,2018-11-12 10:00:00,25.38825745
1,2018-11-12 11:00:00,46.22834884
1,2018-11-12 12:00:00,28.39611049
1,2018-11-12 13:00:00,25.37439808
1,2018-11-12 14:00:00,25.32680289
1,2018-11-12 15:00:00,45.97860981
1,2018-11-12 16:00:00,42.51771349
1,2018-11-12 17:00:00,32.19401067
1,2018-11-12 18:00:00,27.01311874
1,2018-11-12 19:00:00,24.86905454
1,2018-11-12 20:00:00,22.6582583
1,2018-11-12 21:00:00,21.93764372
1,2018-11-12 22:00:00,21.17335814
1,2018-11-12 23:00:00,16.64582455
1,2018-11-13 00:00:00,17.40981096
1,2018-11-13 01:00:00,21.96600205
1,2018-11-13 02:00:00,20.43994875
1,2018-11-13 03:00:00,16.6686413
1,2018-11-13 04:00:00,19.74023499
1,2018-11-13 05:00:00,24.1562162
1,2018-11-13 06:00:00,24.95681457
1,2018-11-13 07:00:00,28.66233736
1,2018-11-13 08:00:00,33.83123093
1,2018-11-13 09:00:00,27.10435186
1,2018-11-13 10:00:00,41.0201724
1,2018-11-13 11:00:00,29.01518083
1,2018-11-13 12:00:00,13.29954739
1,2018-11-13 13:00:00,13.96012034
1,2018-11-13 14:00:00,43.52624469
1,2018-11-13 16:00:00,43.06217439
1,2018-11-13 17:00:00,41.03712068
1,2018-11-13 18:00:00,26.95192613
1,2018-11-13 19:00:00,24.09226123
1,2018-11-13 20:00:00,22.57542612
1,2018-11-13 21:00:00,19.66298852
1,2018-11-13 22:00:00,18.17348546
1,2018-11-13 23:00:00,17.44866935
1,2018-11-14 00:00:00,17.44959385
1,2018-11-14 01:00:00,15.96211166
1,2018-11-14 02:00:00,15.92395799
1,2018-11-14 03:00:00,16.73084793
1,2018-11-14 04:00:00,17.4504168
1,2018-11-14 05:00:00,18.20721129
1,2018-11-14 06:00:00,23.46585555
1,2018-11-14 07:00:00,28.07902448
1,2018-11-14 08:00:00,28.00339002
1,2018-11-14 09:00:00,28.78969263
1,2018-11-14 10:00:00,28.08535267
1,2018-11-14 11:00:00,28.02436853
1,2018-11-14 12:00:00,28.0561447
1,2018-11-14 13:00:00,27.94089059
1,2018-11-14 14:00:00,27.9764534
1,2018-11-14 15:00:00,28.07868102
1,2018-11-14 16:00:00,27.31474769
1,2018-11-14 17:00:00,28.02934644
1,2018-11-14 18:00:00,27.322118
1,2018-11-14 19:00:00,27.35326755
1,2018-11-14 20:00:00,27.38935272
1,2018-11-14 21:00:00,26.59042461
1,2018-11-14 22:00:00,22.82479248
1,2018-11-14 23:00:00,19.78265717
1,2018-11-15 00:00:00,19.82310954
1,2018-11-15 01:00:00,15.22502441
1,2018-11-15 02:00:00,15.18965591
1,2018-11-15 03:00:00,19.02760124
1,2018-11-15 04:00:00,27.40754334
1,2018-11-15 05:00:00,27.39649109
1,2018-11-15 06:00:00,27.44280946
1,2018-11-15 07:00:00,25.76132412
1,2018-11-15 08:00:00,28.07981838
1,2018-11-15 09:00:00,27.92942184
1,2018-11-15 10:00:00,27.84345168
1,2018-11-15 11:00:00,28.63851651
1,2018-11-15 12:00:00,27.92391426
1,2018-11-15 13:00:00,27.75981056
1,2018-11-15 14:00:00,23.25887856
1,2018-11-15 15:00:00,27.0633877
1,2018-11-15 16:00:00,27.20560463
1,2018-11-15 17:00:00,27.94410873
1,2018-11-15 18:00:00,25.01440082
1,2018-11-15 19:00:00,24.33958984
1,2018-11-15 20:00:00,27.45282548
1,2018-11-15 21:00:00,27.41243408
1,2018-11-15 22:00:00,27.40368232
1,2018-11-15 23:00:00,27.46989882
1,2018-11-16 00:00:00,26.71790192
1,2018-11-16 01:00:00,15.96832008
1,2018-11-16 02:00:00,16.07458413
1,2018-11-16 03:00:00,27.54790087
1,2018-11-16 04:00:00,27.55716858
1,2018-11-16 05:00:00,28.2909332
1,2018-11-16 06:00:00,28.25546714
1,2018-11-16 07:00:00,28.12139638
1,2018-11-16 08:00:00,28.07508314
1,2018-11-16 09:00:00,27.88058322
1,2018-11-16 10:00:00,25.49784187
1,2018-11-16 11:00:00,27.70671735
1,2018-11-16 12:00:00,28.41448724
1,2018-11-16 13:00:00,27.74220368
1,2018-11-16 14:00:00,27.76389019
1,2018-11-16 15:00:00,27.76818146
1,2018-11-16 16:00:00,27.09316119
1,2018-11-16 17:00:00,27.17618104
1,2018-11-16 18:00:00,24.99871917
1,2018-11-16 19:00:00,27.30628686
1,2018-11-16 20:00:00,27.36230988
1,2018-11-16 21:00:00,27.37467939
1,2018-11-16 22:00:00,28.16211036
1,2018-11-16 23:00:00,27.41397984
1,2018-11-17 00:00:00,25.81991299
1,2018-11-17 01:00:00,25.1181282
1,2018-11-17 02:00:00,22.08715863
1,2018-11-17 03:00:00,22.13678439
1,2018-11-17 04:00:00,22.90580556
1,2018-11-17 05:00:00,22.91957933
1,2018-11-17 06:00:00,24.40104596
1,2018-11-17 07:00:00,25.05165321
1,2018-11-17 08:00:00,24.24372738
1,2018-11-17 09:00:00,23.33147101
1,2018-11-17 10:00:00,23.91532574
1,2018-11-17 11:00:00,23.90550842
1,2018-11-17 12:00:00,22.34288672
1,2018-11-17 13:00:00,23.8234372
1,2018-11-17 14:00:00,22.38139198
1,2018-11-17 15:00:00,23.90017078
1,2018-11-17 16:00:00,22.42185608
1,2018-11-17 17:00:00,22.53692793
1,2018-11-17 18:00:00,22.61116834
1,2018-11-17 19:00:00,23.48281663
1,2018-11-17 20:00:00,22.79830994
1,2018-11-17 21:00:00,21.98898804
1,2018-11-17 22:00:00,21.26719747
1,2018-11-17 23:00:00,22.03272019
1,2018-11-18 00:00:00,22.13332154
1,2018-11-18 01:00:00,22.9189987
1,2018-11-18 02:00:00,22.2005496
1,2018-11-18 03:00:00,22.12195929
1,2018-11-18 04:00:00,22.14728616
1,2018-11-18 05:00:00,23.58242891
1,2018-11-18 06:00:00,23.5574204
1,2018-11-18 07:00:00,23.40564942
1,2018-11-18 08:00:00,24.17925424
1,2018-11-18 09:00:00,23.94901587
1,2018-11-18 10:00:00,23.02002069
1,2018-11-18 11:00:00,23.70579958
1,2018-11-18 12:00:00,22.14519428
1,2018-11-18 13:00:00,26.61987085
1,2018-11-18 14:00:00,25.8265504
1,2018-11-18 15:00:00,25.1905304
1,2018-11-18 16:00:00,24.48756072
1,2018-11-18 17:00:00,23.82253883
1,2018-11-18 18:00:00,20.17367241
1,2018-11-18 19:00:00,19.4957633
1,2018-11-18 20:00:00,19.59875844
1,2018-11-18 21:00:00,17.4574556
1,2018-11-18 22:00:00,16.68821296
1,2018-11-18 23:00:00,17.44823862
1,2018-11-19 00:00:00,17.47872253
1,2018-11-19 01:00:00,18.98450089
1,2018-11-19 02:00:00,17.4958824
1,2018-11-19 03:00:00,18.21514526
1,2018-11-19 04:00:00,19.01199671
1,2018-11-19 05:00:00,18.25784213
1,2018-11-19 06:00:00,24.97865763
1,2018-11-19 07:00:00,25.57326479
1,2018-11-19 08:00:00,27.54226898
1,2018-11-19 09:00:00,28.17304843
1,2018-11-19 10:00:00,27.30723966
1,2018-11-19 11:00:00,27.39523077
1,2018-11-19 12:00:00,40.34532504
1,2018-11-19 14:00:00,35.32466267
1,2018-11-19 15:00:00,29.51520328
1,2018-11-19 16:00:00,27.31286196
1,2018-11-19 17:00:00,25.24933019
1,2018-11-19 18:00:00,23.84062344
1,2018-11-19 19:00:00,23.20690782
1,2018-11-19 20:00:00,22.5225175
1,2018-11-19 21:00:00,21.80127954
1,2018-11-19 22:00:00,19.56170166
1,2018-11-19 23:00:00,19.56620445
1,2018-11-20 00:00:00,18.06236496
1,2018-11-20 01:00:00,17.35644086
1,2018-11-20 02:00:00,18.04827724
1,2018-11-20 03:00:00,18.7899605
1,2018-11-20 04:00:00,18.05385906
1,2018-11-20 05:00:00,20.29127527
1,2018-11-20 06:00:00,24.75299053
1,2018-11-20 07:00:00,31.53813478
1,2018-11-20 08:00:00,35.20493931
1,2018-11-20 09:00:00,34.59800122
1,2018-11-20 10:00:00,34.60319741
1,2018-11-20 11:00:00,36.08365842
1,2018-11-20 12:00:00,35.34298769
1,2018-11-20 13:00:00,33.13442581
1,2018-11-20 14:00:00,30.17594883
1,2018-11-20 15:00:00,32.66021175
1,2018-11-20 16:00:00,33.50748403
1,2018-11-20 17:00:00,31.27631061
1,2018-11-20 18:00:00,28.23403348
1,2018-11-20 19:00:00,27.54063295
1,2018-11-20 20:00:00,26.77740267
1,2018-11-20 21:00:00,26.1177578
1,2018-11-20 22:00:00,26.1336148
1,2018-11-20 23:00:00,23.12113266
1,2018-11-21 00:00:00,23.0730423
1,2018-11-21 01:00:00,21.61083848
1,2018-11-21 02:00:00,24.0941005
1,2018-11-21 03:00:00,22.73044089
1,2018-11-21 04:00:00,22.70710929
1,2018-11-21 05:00:00,24.26011174
1,2018-11-21 06:00:00,30.28643324
1,2018-11-21 07:00:00,30.19362113
1,2018-11-21 08:00:00,30.14623585
1,2018-11-21 09:00:00,30.63786556
1,2018-11-21 10:00:00,29.59633301
1,2018-11-21 11:00:00,30.99339054
1,2018-11-21 12:00:00,31.04046069
1,2018-11-21 13:00:00,29.38895589
1,2018-11-21 14:00:00,29.37661604
1,2018-11-21 15:00:00,30.2217649
1,2018-11-21 16:00:00,28.22718747
1,2018-11-21 17:00:00,26.8679839
1,2018-11-21 18:00:00,27.04985351
1,2018-11-21 19:00:00,23.37243024
1,2018-11-21 20:00:00,25.78280846
1,2018-11-21 21:00:00,25.0438209
1,2018-11-21 22:00:00,23.4860219
1,2018-11-21 23:00:00,23.47372861
1,2018-11-22 00:00:00,23.41127748
1,2018-11-22 01:00:00,23.39137743
1,2018-11-22 02:00:00,24.06668273
1,2018-11-22 03:00:00,24.72486628
1,2018-11-22 04:00:00,24.63062257
1,2018-11-22 05:00:00,25.52063739
1,2018-11-22 06:00:00,30.07811325
1,2018-11-22 07:00:00,33.06065871
1,2018-11-22 08:00:00,31.49579334
1,2018-11-22 09:00:00,29.89433661
1,2018-11-22 10:00:00,30.67930487
1,2018-11-22 11:00:00,28.53008944
1,2018-11-22 12:00:00,30.13519906
1,2018-11-22 13:00:00,30.98015022
1,2018-11-22 14:00:00,30.51231674
1,2018-11-22 15:00:00,30.27736063
1,2018-11-22 16:00:00,29.40935165
1,2018-11-22 17:00:00,26.34463179
1,2018-11-22 18:00:00,25.47172359
1,2018-11-22 19:00:00,24.56153325
1,2018-11-22 20:00:00,25.63165195
1,2018-11-22 21:00:00,24.02652481
1,2018-11-22 22:00:00,25.3234344
1,2018-11-22 23:00:00,24.6306818
1,2018-11-23 00:00:00,23.97927105
1,2018-11-23 01:00:00,24.91165581
1,2018-11-23 02:00:00,24.89280892
1,2018-11-23 03:00:00,24.92386759
1,2018-11-23 04:00:00,25.90030554
1,2018-11-23 05:00:00,26.94782731
1,2018-11-23 06:00:00,32.19652687
1,2018-11-23 07:00:00,34.68008486
1,2018-11-23 08:00:00,33.89524136
1,2018-11-23 09:00:00,33.02435233
1,2018-11-23 10:00:00,33.70781802
1,2018-11-23 11:00:00,32.95872055
1,2018-11-23 12:00:00,32.91932102
1,2018-11-23 13:00:00,35.38960094
1,2018-11-23 14:00:00,33.02551132
1,2018-11-23 15:00:00,31.34118652
1,2018-11-23 16:00:00,31.42249809
1,2018-11-23 17:00:00,28.7927447
1,2018-11-23 18:00:00,27.18304405
1,2018-11-23 19:00:00,25.58927788
1,2018-11-23 20:00:00,25.63264371
1,2018-11-23 21:00:00,26.35087655
1,2018-11-23 22:00:00,24.08614998
1,2018-11-23 23:00:00,25.03234792
1,2018-11-24 00:00:00,24.23071908
1,2018-11-24 01:00:00,23.5545639
1,2018-11-24 02:00:00,23.73226958
1,2018-11-24 03:00:00,22.90383233
1,2018-11-24 04:00:00,24.44161044
1,2018-11-24 05:00:00,23.65814133
1,2018-11-24 06:00:00,25.23045166
1,2018-11-24 07:00:00,25.9915511
1,2018-11-24 08:00:00,26.71019684
1,2018-11-24 09:00:00,26.94268875
1,2018-11-24 10:00:00,26.24331549
1,2018-11-24 11:00:00,25.42425765
1,2018-11-24 12:00:00,25.35620665
1,2018-11-24 13:00:00,24.61502811
1,2018-11-24 14:00:00,24.63758905
1,2018-11-24 15:00:00,23.68390709
1,2018-11-24 16:00:00,22.93798096
1,2018-11-24 17:00:00,23.59292774
1,2018-11-24 18:00:00,22.90175766
1,2018-11-24 19:00:00,22.89271741
1,2018-11-24 20:00:00,21.24934319
1,2018-11-24 21:00:00,23.46374519
1,2018-11-24 22:00:00,22.73274361
1,2018-11-24 23:00:00,22.71372358
1,2018-11-25 00:00:00,19.6166954
1,2018-11-25 01:00:00,18.84184252
1,2018-11-25 02:00:00,25.84705064
1,2018-11-25 03:00:00,24.30167555
1,2018-11-25 04:00:00,20.46134104
1,2018-11-25 05:00:00,22.00165027
1,2018-11-25 06:00:00,22.77712423
1,2018-11-25 07:00:00,21.22149395
1,2018-11-25 08:00:00,25.09837379
1,2018-11-25 09:00:00,28.01332793
1,2018-11-25 10:00:00,24.76679882
1,2018-11-25 11:00:00,21.60784863
1,2018-11-25 12:00:00,21.5709609
1,2018-11-25 13:00:00,22.93368755
1,2018-11-25 14:00:00,20.75959204
1,2018-11-25 15:00:00,20.79689276
1,2018-11-25 16:00:00,20.14133188
1,2018-11-25 17:00:00,20.17759909
1,2018-11-25 18:00:00,23.41076105
1,2018-11-25 19:00:00,20.41630798
1,2018-11-25 20:00:00,19.59491171
1,2018-11-25 21:00:00,19.66528394
1,2018-11-25 22:00:00,20.44419788
1,2018-11-25 23:00:00,20.44207925
1,2018-11-26 00:00:00,19.70719782
1,2018-11-26 01:00:00,21.2759542
1,2018-11-26 02:00:00,20.49679823
1,2018-11-26 03:00:00,21.25633388
1,2018-11-26 04:00:00,21.2089754
1,2018-11-26 05:00:00,22.72882576
1,2018-11-26 06:00:00,27.38261871
1,2018-11-26 07:00:00,30.46272854
1,2018-11-26 08:00:00,31.26273727
1,2018-11-26 09:00:00,32.64976188
1,2018-11-26 10:00:00,28.63835355
1,2018-11-26 11:00:00,29.18190698
1,2018-11-26 12:00:00,28.45385355
1,2018-11-26 13:00:00,27.67922845
1,2018-11-26 14:00:00,29.2189034
1,2018-11-26 15:00:00,26.21736899
1,2018-11-26 16:00:00,26.22088848
1,2018-11-26 17:00:00,24.81366644
1,2018-11-26 18:00:00,22.610373100000004
1,2018-11-26 19:00:00,20.33424989
1,2018-11-26 20:00:00,19.59194878
1,2018-11-26 21:00:00,20.26263358
1,2018-11-26 22:00:00,20.29695711
1,2018-11-26 23:00:00,18.80835547
1,2018-11-27 00:00:00,18.71875305
1,2018-11-27 01:00:00,18.7605523
1,2018-11-27 02:00:00,18.76470461
1,2018-11-27 03:00:00,18.73037659
1,2018-11-27 04:00:00,19.48459816
1,2018-11-27 05:00:00,22.56620385
1,2018-11-27 06:00:00,26.42194016
1,2018-11-27 07:00:00,30.25401227
1,2018-11-27 08:00:00,26.28858547
1,2018-11-27 09:00:00,26.20417957
1,2018-11-27 10:00:00,30.57039844
1,2018-11-27 11:00:00,32.00620394
1,2018-11-27 12:00:00,31.98507729
1,2018-11-27 13:00:00,27.38592218
1,2018-11-27 14:00:00,29.87026114
1,2018-11-27 15:00:00,30.77120945
1,2018-11-27 16:00:00,30.11826344
1,2018-11-27 17:00:00,26.24728982
1,2018-11-27 18:00:00,21.71876061
1,2018-11-27 19:00:00,21.0939045
1,2018-11-27 20:00:00,20.27104191
1,2018-11-27 21:00:00,19.52839088
1,2018-11-27 22:00:00,20.36160512
1,2018-11-27 23:00:00,18.75048889
1,2018-11-28 00:00:00,17.94412055
1,2018-11-28 01:00:00,18.74952698
1,2018-11-28 02:00:00,16.52282067
1,2018-11-28 03:00:00,15.76839066
1,2018-11-28 04:00:00,18.87111511
1,2018-11-28 05:00:00,21.19208313
1,2018-11-28 06:00:00,28.89437312
1,2018-11-28 07:00:00,26.47400885
1,2018-11-28 08:00:00,24.85098492
1,2018-11-28 09:00:00,30.26868637
1,2018-11-28 10:00:00,25.50093371
1,2018-11-28 11:00:00,29.99622419
1,2018-11-28 12:00:00,33.01060721
1,2018-11-28 13:00:00,30.74109471
1,2018-11-28 14:00:00,24.77076019
1,2018-11-28 15:00:00,27.02420252
1,2018-11-28 16:00:00,28.49193603
1,2018-11-28 17:00:00,25.47061539
1,2018-11-28 18:00:00,20.21896074
1,2018-11-28 19:00:00,20.25810494
1,2018-11-28 20:00:00,20.21325359
1,2018-11-28 21:00:00,18.6797392
1,2018-11-28 22:00:00,18.66204421
1,2018-11-28 23:00:00,18.70669556
1,2018-11-29 00:00:00,18.67239075
1,2018-11-29 01:00:00,18.70258118
1,2018-11-29 02:00:00,17.96653522
1,2018-11-29 03:00:00,17.08414841
1,2018-11-29 04:00:00,20.16982452
1,2018-11-29 05:00:00,21.65935855
1,2018-11-29 06:00:00,28.52622168
1,2018-11-29 07:00:00,30.07949042
1,2018-11-29 08:00:00,23.80922773
1,2018-11-29 09:00:00,32.18625757
1,2018-11-29 10:00:00,32.17976074
1,2018-11-29 11:00:00,28.97416878
1,2018-11-29 12:00:00,29.00498199
1,2018-11-29 13:00:00,28.95744315
1,2018-11-29 14:00:00,30.60274935
1,2018-11-29 15:00:00,27.62988744
1,2018-11-29 16:00:00,27.68636939
1,2018-11-29 17:00:00,25.44432587
1,2018-11-29 18:00:00,24.0776005
1,2018-11-29 19:00:00,21.77281569
1,2018-11-29 20:00:00,21.83892764
1,2018-11-29 21:00:00,21.02066547
1,2018-11-29 22:00:00,20.24713747
1,2018-11-29 23:00:00,20.23292856
1,2018-11-30 00:00:00,18.68479152
1,2018-11-30 01:00:00,20.22913264
1,2018-11-30 02:00:00,18.66644603
1,2018-11-30 03:00:00,17.94835968
1,2018-11-30 04:00:00,19.43384609
1,2018-11-30 05:00:00,20.97126028
1,2018-11-30 06:00:00,25.58345697
1,2018-11-30 07:00:00,27.86986778
1,2018-11-30 08:00:00,29.34978531
1,2018-11-30 09:00:00,26.92850017
1,2018-11-30 10:00:00,28.47715118
1,2018-11-30 11:00:00,29.21764674
1,2018-11-30 12:00:00,30.68704553
1,2018-11-30 13:00:00,29.08214841
1,2018-11-30 14:00:00,28.84333375
1,2018-11-30 15:00:00,29.03984104
1,2018-11-30 16:00:00,27.04665619
1,2018-11-30 17:00:00,26.47138821
1,2018-11-30 18:00:00,22.77398804
1,2018-11-30 19:00:00,22.76899365
1,2018-11-30 20:00:00,21.25790191
1,2018-11-30 21:00:00,20.4774746
1,2018-11-30 22:00:00,20.4998328
1,2018-11-30 23:00:00,19.73213196
1,2018-12-01 00:00:00,19.74556044
1,2018-12-01 01:00:00,21.38088984
1,2018-12-01 02:00:00,18.25458502
1,2018-12-01 03:00:00,18.31240028
1,2018-12-01 04:00:00,20.64556556
1,2018-12-01 05:00:00,21.43135104
1,2018-12-01 06:00:00,22.1915265
1,2018-12-01 07:00:00,22.82226421
1,2018-12-01 08:00:00,21.91433413
1,2018-12-01 09:00:00,23.3335432
1,2018-12-01 10:00:00,24.67318773
1,2018-12-01 11:00:00,26.17096797
1,2018-12-01 12:00:00,20.65068401
1,2018-12-01 13:00:00,27.54550504
1,2018-12-01 14:00:00,25.21561524
1,2018-12-01 15:00:00,24.49499748
1,2018-12-01 16:00:00,29.28225708
1,2018-12-01 17:00:00,27.79832325
1,2018-12-01 18:00:00,21.75665819
1,2018-12-01 19:00:00,23.40145075
1,2018-12-01 20:00:00,23.42644909
1,2018-12-01 21:00:00,21.78273817
1,2018-12-01 22:00:00,21.74804953
1,2018-12-01 23:00:00,21.11722865
1,2018-12-02 00:00:00,19.619914
1,2018-12-02 01:00:00,18.00078692
1,2018-12-02 02:00:00,19.55740249
1,2018-12-02 03:00:00,18.16666642
1,2018-12-02 04:00:00,19.7175447
1,2018-12-02 05:00:00,20.49412827
1,2018-12-02 06:00:00,21.22766492
1,2018-12-02 07:00:00,21.98217185
1,2018-12-02 08:00:00,22.7332264
1,2018-12-02 09:00:00,21.09922583
1,2018-12-02 10:00:00,21.80222595
1,2018-12-02 11:00:00,21.78140395
1,2018-12-02 12:00:00,20.95916104
1,2018-12-02 13:00:00,20.96621735
1,2018-12-02 14:00:00,21.69443134
1,2018-12-02 15:00:00,21.02421499
1,2018-12-02 16:00:00,21.03337732
1,2018-12-02 17:00:00,21.08402161
1,2018-12-02 18:00:00,20.31315136
1,2018-12-02 19:00:00,21.05634514
1,2018-12-02 20:00:00,20.31640768
1,2018-12-02 21:00:00,18.81309929
1,2018-12-02 22:00:00,20.38569244
1,2018-12-02 23:00:00,18.90222623
1,2018-12-03 00:00:00,20.45106057
1,2018-12-03 01:00:00,20.38769845
1,2018-12-03 02:00:00,19.63474164
1,2018-12-03 03:00:00,20.41075892
1,2018-12-03 04:00:00,19.5870266
1,2018-12-03 05:00:00,21.15697975
1,2018-12-03 06:00:00,29.61922371
1,2018-12-03 07:00:00,32.71204527
1,2018-12-03 08:00:00,27.28025079
1,2018-12-03 09:00:00,28.68389299
1,2018-12-03 10:00:00,28.58054215
1,2018-12-03 11:00:00,29.27996922
1,2018-12-03 12:00:00,29.90634718
1,2018-12-03 13:00:00,31.43222462
1,2018-12-03 14:00:00,29.91214747
1,2018-12-03 15:00:00,29.17505978
1,2018-12-03 16:00:00,26.98084934
1,2018-12-03 17:00:00,25.51094754
1,2018-12-03 18:00:00,23.16067053
1,2018-12-03 19:00:00,20.05873036
1,2018-12-03 20:00:00,20.03670633
1,2018-12-03 21:00:00,20.07863157
1,2018-12-03 22:00:00,19.33797162
1,2018-12-03 23:00:00,17.83112938
1,2018-12-04 00:00:00,19.4014784
1,2018-12-04 01:00:00,18.69453437
1,2018-12-04 02:00:00,20.26011524
1,2018-12-04 03:00:00,17.9360939
1,2018-12-04 04:00:00,21.01178035
1,2018-12-04 05:00:00,22.51960008
1,2018-12-04 06:00:00,27.93233363
1,2018-12-04 07:00:00,29.45314215
1,2018-12-04 08:00:00,27.81390672
1,2018-12-04 09:00:00,28.53435344
1,2018-12-04 10:00:00,28.50293499
1,2018-12-04 11:00:00,28.40787946
1,2018-12-04 12:00:00,29.10938989
1,2018-12-04 13:00:00,29.85331198
1,2018-12-04 14:00:00,27.51826298
1,2018-12-04 15:00:00,28.43172247
1,2018-12-04 16:00:00,28.57443956
1,2018-12-04 17:00:00,26.3476582
1,2018-12-04 18:00:00,24.02016265
1,2018-12-04 19:00:00,21.08004824
1,2018-12-04 20:00:00,20.25077269
1,2018-12-04 21:00:00,17.92221663
1,2018-12-04 22:00:00,17.15465804
1,2018-12-04 23:00:00,17.96897523
1,2018-12-05 00:00:00,18.77829322
1,2018-12-05 01:00:00,19.51399819
1,2018-12-05 02:00:00,18.79782898
1,2018-12-05 03:00:00,19.60028076
1,2018-12-05 04:00:00,20.40419388
1,2018-12-05 05:00:00,22.71109184
1,2018-12-05 06:00:00,27.94470343
1,2018-12-05 07:00:00,31.77773788
1,2018-12-05 08:00:00,27.88512581
1,2018-12-05 09:00:00,27.6817429
1,2018-12-05 10:00:00,29.87267571
1,2018-12-05 11:00:00,30.55520388
1,2018-12-05 12:00:00,28.95197501
1,2018-12-05 13:00:00,32.69992305
1,2018-12-05 14:00:00,32.74116483
1,2018-12-05 15:00:00,32.78283426
1,2018-12-05 16:00:00,31.30205174
1,2018-12-05 17:00:00,29.93162586
1,2018-12-05 18:00:00,25.34425433
1,2018-12-05 19:00:00,24.73782248
1,2018-12-05 20:00:00,21.65807275
1,2018-12-05 21:00:00,20.87597287
1,2018-12-05 22:00:00,18.68810166
1,2018-12-05 23:00:00,18.66297073
1,2018-12-06 00:00:00,20.30022169
1,2018-12-06 01:00:00,19.51439855
1,2018-12-06 02:00:00,18.7933429
1,2018-12-06 03:00:00,19.51785095
1,2018-12-06 04:00:00,20.23332969
1,2018-12-06 05:00:00,22.60895122
1,2018-12-06 06:00:00,27.8827971
1,2018-12-06 07:00:00,31.63122129
1,2018-12-06 08:00:00,32.07470644
1,2018-12-06 09:00:00,33.47076512
1,2018-12-06 10:00:00,30.41600029
1,2018-12-06 11:00:00,28.77575147
1,2018-12-06 12:00:00,30.91656054
1,2018-12-06 13:00:00,31.65335486
1,2018-12-06 14:00:00,31.56344718
1,2018-12-06 15:00:00,28.69205078
1,2018-12-06 16:00:00,26.41863625
1,2018-12-06 17:00:00,24.21144549
1,2018-12-06 18:00:00,21.29695136
1,2018-12-06 19:00:00,18.32043484
1,2018-12-06 20:00:00,14.57396362
1,2018-12-06 21:00:00,16.942203600000006
1,2018-12-06 22:00:00,15.37225695
1,2018-12-06 23:00:00,16.83637207
1,2018-12-07 00:00:00,16.73403107
1,2018-12-07 01:00:00,15.99389605
1,2018-12-07 02:00:00,16.75393465
1,2018-12-07 03:00:00,16.71499024
1,2018-12-07 04:00:00,17.54222499
1,2018-12-07 05:00:00,20.527827
1,2018-12-07 06:00:00,23.59847314
1,2018-12-07 07:00:00,37.07495158
1,2018-12-07 08:00:00,35.48181404
1,2018-12-07 09:00:00,34.59173169
1,2018-12-07 10:00:00,37.41112032
1,2018-12-07 11:00:00,35.93179125
1,2018-12-07 12:00:00,36.64012339
1,2018-12-07 13:00:00,35.89214115
1,2018-12-07 14:00:00,35.87988043
1,2018-12-07 15:00:00,35.25027683
1,2018-12-07 16:00:00,34.5812003
1,2018-12-07 17:00:00,33.18670569
1,2018-12-07 18:00:00,29.40529426
1,2018-12-07 19:00:00,24.98593433
1,2018-12-07 20:00:00,21.97251711
1,2018-12-07 21:00:00,21.91160405
1,2018-12-07 22:00:00,19.00564434
1,2018-12-07 23:00:00,17.48006763
1,2018-12-08 00:00:00,16.89361854
1,2018-12-08 01:00:00,9.227042027000001
1,2018-12-08 14:00:00,8.167553753
1,2018-12-08 15:00:00,41.71182238
1,2018-12-08 16:00:00,21.46486073
1,2018-12-08 17:00:00,18.41765088
1,2018-12-08 18:00:00,22.31827071
1,2018-12-08 19:00:00,20.79753012
1,2018-12-08 20:00:00,23.10226117
1,2018-12-08 21:00:00,34.57478928
1,2018-12-08 22:00:00,28.48570309
1,2018-12-08 23:00:00,36.17405114
1,2018-12-09 00:00:00,23.29608807
1,2018-12-09 01:00:00,12.4409136
1,2018-12-09 02:00:00,13.12461798
1,2018-12-09 03:00:00,13.85499495
1,2018-12-09 04:00:00,13.85792839
1,2018-12-09 05:00:00,14.64723612
1,2018-12-09 06:00:00,14.62316844
1,2018-12-09 07:00:00,15.35571933
1,2018-12-09 08:00:00,16.14670023
1,2018-12-09 09:00:00,15.35383109
1,2018-12-09 10:00:00,15.32461947
1,2018-12-09 11:00:00,15.98135622
1,2018-12-09 12:00:00,16.88264099
1,2018-12-09 13:00:00,15.34192663
1,2018-12-09 14:00:00,15.31652906
1,2018-12-09 15:00:00,15.36142771
1,2018-12-09 16:00:00,15.30804017
1,2018-12-09 17:00:00,14.59463886
1,2018-12-09 18:00:00,14.58994431
1,2018-12-09 19:00:00,14.63473577
1,2018-12-09 20:00:00,14.64687512
1,2018-12-09 21:00:00,13.88842635
1,2018-12-09 22:00:00,13.88745263
1,2018-12-09 23:00:00,13.887759900000002
1,2018-12-10 00:00:00,13.07313148
1,2018-12-10 01:00:00,14.62535046
1,2018-12-10 02:00:00,13.88960901
1,2018-12-10 03:00:00,14.70731632
1,2018-12-10 04:00:00,15.40571385
1,2018-12-10 05:00:00,15.44560624
1,2018-12-10 06:00:00,18.51344968
1,2018-12-10 07:00:00,26.091672
1,2018-12-10 08:00:00,28.35947689
1,2018-12-10 09:00:00,29.11786073
1,2018-12-10 10:00:00,28.29758145
1,2018-12-10 11:00:00,29.66618884
1,2018-12-10 12:00:00,28.27062456
1,2018-12-10 13:00:00,28.14576691
1,2018-12-10 14:00:00,28.02739529
1,2018-12-10 15:00:00,27.36302209
1,2018-12-10 16:00:00,26.6054393
1,2018-12-10 17:00:00,24.42146776
1,2018-12-10 18:00:00,20.66913069
1,2018-12-10 19:00:00,19.22762981
1,2018-12-10 20:00:00,16.98740479
1,2018-12-10 21:00:00,17.75374152
1,2018-12-10 22:00:00,17.0096895
1,2018-12-10 23:00:00,17.0241398
1,2018-12-11 00:00:00,17.02511612
1,2018-12-11 01:00:00,17.77272159
1,2018-12-11 02:00:00,16.31702623
1,2018-12-11 03:00:00,17.17856049
1,2018-12-11 04:00:00,17.88239445
1,2018-12-11 05:00:00,18.65578409
1,2018-12-11 06:00:00,26.32363248
1,2018-12-11 07:00:00,25.46968552
1,2018-12-11 08:00:00,25.40792326
1,2018-12-11 09:00:00,26.10384094
1,2018-12-11 10:00:00,27.43454691
1,2018-12-11 11:00:00,28.1605695
1,2018-12-11 12:00:00,28.80367405
1,2018-12-11 13:00:00,30.9892725
1,2018-12-11 14:00:00,29.70332357
1,2018-12-11 15:00:00,25.92680368
1,2018-12-11 16:00:00,26.74721704
1,2018-12-11 17:00:00,23.74220223
1,2018-12-11 18:00:00,20.75611721
1,2018-12-11 19:00:00,17.69574558
1,2018-12-11 20:00:00,16.21534497
1,2018-12-11 21:00:00,13.12179609
1,2018-12-11 22:00:00,14.69246706
1,2018-12-11 23:00:00,16.18447949
1,2018-12-12 00:00:00,15.52102528
1,2018-12-12 01:00:00,15.42477453
1,2018-12-12 02:00:00,16.26686264
1,2018-12-12 03:00:00,16.25148555
1,2018-12-12 04:00:00,16.84907357
1,2018-12-12 05:00:00,18.20268385
1,2018-12-12 06:00:00,22.61577551
1,2018-12-12 07:00:00,30.168138
1,2018-12-12 08:00:00,33.72691376
1,2018-12-12 09:00:00,35.74549158
1,2018-12-12 10:00:00,35.55453502
1,2018-12-12 11:00:00,34.71013786
1,2018-12-12 12:00:00,35.55142352
1,2018-12-12 13:00:00,31.87681949
1,2018-12-12 14:00:00,33.99351965
1,2018-12-12 15:00:00,35.53184998
1,2018-12-12 16:00:00,34.14784818
1,2018-12-12 17:00:00,32.06918449
1,2018-12-12 18:00:00,26.27104916
1,2018-12-12 19:00:00,18.02454231
1,2018-12-12 20:00:00,18.8263055
1,2018-12-12 21:00:00,18.1052739
1,2018-12-12 22:00:00,16.6733736
1,2018-12-12 23:00:00,16.763151399999998
1,2018-12-13 00:00:00,17.53068428
1,2018-12-13 01:00:00,15.99747871
1,2018-12-13 02:00:00,17.56031941
1,2018-12-13 03:00:00,17.53968555
1,2018-12-13 04:00:00,18.31932745
1,2018-12-13 05:00:00,19.04819029
1,2018-12-13 06:00:00,25.8744162
1,2018-12-13 07:00:00,32.07230019
1,2018-12-13 08:00:00,31.26259224
1,2018-12-13 09:00:00,25.86710812
1,2018-12-13 10:00:00,28.27264833
1,2018-12-13 11:00:00,30.06554343
1,2018-12-13 12:00:00,26.83655841
1,2018-12-13 13:00:00,38.92351302
1,2018-12-13 14:00:00,32.59170534
1,2018-12-13 15:00:00,29.45324117
1,2018-12-13 16:00:00,27.96394064
1,2018-12-13 17:00:00,25.02558394
1,2018-12-13 18:00:00,22.919469
1,2018-12-13 19:00:00,21.47691262
1,2018-12-13 20:00:00,21.54835811
1,2018-12-13 21:00:00,21.62189335
1,2018-12-13 22:00:00,18.4399677
1,2018-12-13 23:00:00,20.77667084
1,2018-12-14 00:00:00,20.05107779
1,2018-12-14 01:00:00,20.90239288
1,2018-12-14 02:00:00,19.34855426
1,2018-12-14 03:00:00,19.38408446
1,2018-12-14 04:00:00,20.15714652
1,2018-12-14 05:00:00,21.67174078
1,2018-12-14 06:00:00,25.5073946
1,2018-12-14 07:00:00,31.70765154
1,2018-12-14 08:00:00,26.42525196
1,2018-12-14 09:00:00,27.11258607
1,2018-12-14 10:00:00,27.77695258
1,2018-12-14 11:00:00,28.24989482
1,2018-12-14 12:00:00,31.20591121
1,2018-12-14 13:00:00,28.97140439
1,2018-12-14 14:00:00,26.80610657
1,2018-12-14 15:00:00,23.80657324
1,2018-12-14 16:00:00,23.84394667
1,2018-12-14 17:00:00,22.34507789
1,2018-12-14 18:00:00,19.2647533
1,2018-12-14 19:00:00,19.27170027
1,2018-12-14 20:00:00,16.15691898
1,2018-12-14 21:00:00,16.19447388
1,2018-12-14 22:00:00,16.97110507
1,2018-12-14 23:00:00,17.74676422
1,2018-12-15 00:00:00,17.00260804
1,2018-12-15 01:00:00,17.73863205
1,2018-12-15 02:00:00,16.18055664
1,2018-12-15 03:00:00,17.749617
1,2018-12-15 04:00:00,17.80057397
1,2018-12-15 05:00:00,16.95761313
1,2018-12-15 06:00:00,18.57100897
1,2018-12-15 07:00:00,18.53967524
1,2018-12-15 08:00:00,18.40774798
1,2018-12-15 09:00:00,19.14896261
1,2018-12-15 10:00:00,19.0952051
1,2018-12-15 11:00:00,18.22419693
1,2018-12-15 12:00:00,19.13219994
1,2018-12-15 13:00:00,19.26094022
1,2018-12-15 14:00:00,19.94878516
1,2018-12-15 15:00:00,19.04809305
1,2018-12-15 16:00:00,19.79186611
1,2018-12-15 17:00:00,19.16907047
1,2018-12-15 18:00:00,18.49126091
1,2018-12-15 19:00:00,17.72565056
1,2018-12-15 20:00:00,17.73425372
1,2018-12-15 21:00:00,16.199661499999998
1,2018-12-15 22:00:00,17.07110934
1,2018-12-15 23:00:00,17.90732946
1,2018-12-16 00:00:00,17.17601635
1,2018-12-16 01:00:00,16.40339702
1,2018-12-16 02:00:00,18.01883517
1,2018-12-16 03:00:00,17.19445571
1,2018-12-16 04:00:00,17.22354565
1,2018-12-16 05:00:00,17.95712781
1,2018-12-16 06:00:00,17.97344427
1,2018-12-16 07:00:00,18.66217464
1,2018-12-16 08:00:00,17.91816417
1,2018-12-16 09:00:00,17.1402184
1,2018-12-16 10:00:00,17.83058429
1,2018-12-16 11:00:00,19.4120127
1,2018-12-16 12:00:00,19.33702576
1,2018-12-16 13:00:00,19.33150227
1,2018-12-16 14:00:00,18.58796188
1,2018-12-16 15:00:00,18.6466574
1,2018-12-16 16:00:00,19.39267173
1,2018-12-16 17:00:00,17.85179423
1,2018-12-16 18:00:00,17.89244143
1,2018-12-16 19:00:00,17.13462836
1,2018-12-16 20:00:00,17.95261211
1,2018-12-16 21:00:00,16.42425524
1,2018-12-16 22:00:00,18.00486817
1,2018-12-16 23:00:00,17.23483985
1,2018-12-17 00:00:00,17.24633843
1,2018-12-17 01:00:00,17.32119294
1,2018-12-17 02:00:00,18.06242043
1,2018-12-17 03:00:00,17.24832351
1,2018-12-17 04:00:00,17.27436464
1,2018-12-17 05:00:00,17.20779902
1,2018-12-17 06:00:00,22.67806721
1,2018-12-17 07:00:00,29.64438025
1,2018-12-17 08:00:00,27.17702545
1,2018-12-17 09:00:00,30.23206055
1,2018-12-17 10:00:00,29.39906803
1,2018-12-17 11:00:00,28.61407427
1,2018-12-17 12:00:00,26.20337194
1,2018-12-17 13:00:00,24.65913541
1,2018-12-17 14:00:00,27.73315112
1,2018-12-17 15:00:00,31.5745617
1,2018-12-17 16:00:00,30.86451801
1,2018-12-17 17:00:00,25.48154251
1,2018-12-17 18:00:00,20.92782583
1,2018-12-17 19:00:00,18.67510674
1,2018-12-17 20:00:00,19.44398083
1,2018-12-17 21:00:00,17.93405624
1,2018-12-17 22:00:00,17.94339345
1,2018-12-17 23:00:00,17.86976788
1,2018-12-18 00:00:00,18.70563696
1,2018-12-18 01:00:00,17.91369082
1,2018-12-18 02:00:00,17.88348038
1,2018-12-18 03:00:00,17.96146768
1,2018-12-18 04:00:00,19.42342129
1,2018-12-18 05:00:00,20.25210242
1,2018-12-18 06:00:00,25.64639914
1,2018-12-18 07:00:00,24.92360018
1,2018-12-18 08:00:00,25.63037095
1,2018-12-18 09:00:00,25.65467567
1,2018-12-18 10:00:00,26.32499567
1,2018-12-18 11:00:00,27.01206398
1,2018-12-18 12:00:00,29.99256879
1,2018-12-18 13:00:00,28.52994642
1,2018-12-18 14:00:00,28.5386345
1,2018-12-18 15:00:00,29.26476145
1,2018-12-18 16:00:00,26.26181006
1,2018-12-18 17:00:00,24.7236946
1,2018-12-18 18:00:00,21.6864949
1,2018-12-18 19:00:00,19.4449363
1,2018-12-18 20:00:00,17.84855805
1,2018-12-18 21:00:00,18.63783208
1,2018-12-18 22:00:00,18.64000559
1,2018-12-18 23:00:00,17.06557196
1,2018-12-19 00:00:00,17.8608999
1,2018-12-19 01:00:00,17.89601359
1,2018-12-19 02:00:00,17.13733479
1,2018-12-19 03:00:00,18.69216972
1,2018-12-19 04:00:00,18.70298993
1,2018-12-19 05:00:00,20.20767621
1,2018-12-19 06:00:00,24.01079704
1,2018-12-19 07:00:00,23.13804365
1,2018-12-19 08:00:00,24.66182886
1,2018-12-19 09:00:00,25.32569266
1,2018-12-19 10:00:00,26.049056600000004
1,2018-12-19 11:00:00,29.07797549
1,2018-12-19 12:00:00,34.4366719
1,2018-12-19 13:00:00,27.48576546
1,2018-12-19 14:00:00,22.89092242
1,2018-12-19 15:00:00,27.54349463
1,2018-12-19 16:00:00,35.26465911
1,2018-12-19 17:00:00,28.58698482
1,2018-12-19 18:00:00,20.88640831
1,2018-12-19 19:00:00,17.1017496
1,2018-12-19 20:00:00,17.13756363
1,2018-12-19 21:00:00,16.36820734
1,2018-12-19 22:00:00,17.1632361
1,2018-12-19 23:00:00,15.68373985
1,2018-12-20 00:00:00,16.44463501
1,2018-12-20 01:00:00,16.49980225
1,2018-12-20 02:00:00,15.73254932
1,2018-12-20 03:00:00,17.26674779
1,2018-12-20 04:00:00,17.27702683
1,2018-12-20 05:00:00,18.75162619
1,2018-12-20 06:00:00,21.67699562
1,2018-12-20 07:00:00,17.84749745
1,2018-12-20 08:00:00,16.04669616
1,2018-12-20 09:00:00,22.18509847
1,2018-12-20 10:00:00,23.6944464
1,2018-12-20 11:00:00,22.94186231
1,2018-12-20 12:00:00,4.59331781
1,2018-12-20 13:00:00,10.64141699
1,2018-12-20 14:00:00,9.110876907
1,2018-12-29 13:00:00,0.765314941
1,2019-01-01 23:00:00,0.771293945
1,2019-01-02 22:00:00,0.765869293
1,2019-01-03 05:00:00,0.765924912
1,2019-01-03 23:00:00,0.7711243440000001
1,2019-01-04 10:00:00,0.694145256
1,2019-01-05 02:00:00,0.769608994
1,2019-01-05 11:00:00,0.783822632
1,2019-01-05 23:00:00,0.787425385
1,2019-01-06 04:00:00,0.8237775190000001
1,2019-01-06 20:00:00,0.7271723370000001
1,2019-01-07 03:00:00,0.804228287
1,2019-01-07 08:00:00,0.7277134670000001
1,2019-01-07 11:00:00,0.766277542
1,2019-01-07 19:00:00,0.7299864159999999
1,2019-01-08 04:00:00,0.76549469
1,2019-01-08 08:00:00,0.764866943
1,2019-01-08 16:00:00,0.7311327479999999
1,2019-01-08 21:00:00,0.7670692440000001
1,2019-01-09 06:00:00,0.769024429
1,2019-01-09 09:00:00,0.7672487640000001
1,2019-01-09 12:00:00,0.7677626040000001
1,2019-01-09 15:00:00,0.7280225909999999
1,2019-01-09 23:00:00,0.763156738
1,2019-01-10 05:00:00,0.8014981840000001
1,2019-01-10 08:00:00,0.7639595029999999
1,2019-01-10 10:00:00,0.7253505709999999
1,2019-01-10 14:00:00,0.726041515
1,2019-01-10 20:00:00,0.764889755
1,2019-01-11 04:00:00,0.7999234890000001
1,2019-01-11 06:00:00,0.7630870059999999
1,2019-01-11 08:00:00,0.764026337
1,2019-01-11 10:00:00,0.7643295290000001
1,2019-01-11 16:00:00,0.685832863
1,2019-01-11 23:00:00,0.76242775
1,2019-01-12 10:00:00,0.723022175
1,2019-01-12 20:00:00,0.7225960690000001
1,2019-01-13 02:00:00,0.762039337
1,2019-01-13 07:00:00,0.801112862
1,2019-01-13 10:00:00,2.937798615
1,2019-01-13 11:00:00,6.562344193
1,2019-01-13 12:00:00,7.984835815
1,2019-01-13 13:00:00,9.405292164
1,2019-01-13 14:00:00,10.091424900000002
1,2019-01-13 15:00:00,11.61946054
1,2019-01-13 16:00:00,13.816896599999998
1,2019-01-13 17:00:00,15.34263264
1,2019-01-13 18:00:00,16.90215678
1,2019-01-13 19:00:00,17.69783501
1,2019-01-13 20:00:00,17.82714304
1,2019-01-13 21:00:00,17.18773759
1,2019-01-13 22:00:00,17.92757944
1,2019-01-13 23:00:00,3.774716778
1,2019-01-14 00:00:00,8.237597167999999
1,2019-01-14 01:00:00,9.749944336
1,2019-01-14 02:00:00,15.724012699999998
1,2019-01-14 03:00:00,15.72116425
1,2019-01-14 04:00:00,16.48909833
1,2019-01-14 05:00:00,18.01321398
1,2019-01-14 06:00:00,20.93488693
1,2019-01-14 07:00:00,19.39143173
1,2019-01-14 08:00:00,28.09230085
1,2019-01-14 09:00:00,28.82660606
1,2019-01-14 10:00:00,25.66008898
1,2019-01-14 11:00:00,35.82767179
1,2019-01-14 12:00:00,34.27601426
1,2019-01-14 13:00:00,34.75127062
1,2019-01-14 14:00:00,34.86487213
1,2019-01-14 15:00:00,38.4613815
1,2019-01-14 16:00:00,26.26473223
1,2019-01-14 17:00:00,19.0474507
1,2019-01-14 18:00:00,16.94739602
1,2019-01-14 19:00:00,16.251059299999998
1,2019-01-14 20:00:00,17.05068868
1,2019-01-14 21:00:00,15.57226902
1,2019-01-14 22:00:00,14.89343097
1,2019-01-14 23:00:00,14.13820239
1,2019-01-15 00:00:00,13.4739535
1,2019-01-15 01:00:00,13.49611971
1,2019-01-15 02:00:00,13.48888142
1,2019-01-15 03:00:00,12.7284601
1,2019-01-15 04:00:00,14.25238037
1,2019-01-15 05:00:00,14.98032206
1,2019-01-15 06:00:00,15.69920693
1,2019-01-15 07:00:00,18.61231758
1,2019-01-15 08:00:00,20.69080335
1,2019-01-15 09:00:00,21.40173496
1,2019-01-15 10:00:00,21.948013
1,2019-01-15 11:00:00,26.13897668
1,2019-01-15 12:00:00,26.20435455
1,2019-01-15 13:00:00,27.66400555
1,2019-01-15 14:00:00,28.61085126
1,2019-01-15 15:00:00,29.47618341
1,2019-01-15 16:00:00,28.79386684
1,2019-01-15 17:00:00,28.89423152
1,2019-01-15 18:00:00,28.22004661
1,2019-01-15 19:00:00,24.57872244
1,2019-01-15 20:00:00,20.86967424
1,2019-01-15 21:00:00,19.40985204
1,2019-01-15 22:00:00,18.74635162
1,2019-01-15 23:00:00,19.42011417
1,2019-01-16 00:00:00,17.91210607
1,2019-01-16 01:00:00,17.90296255
1,2019-01-16 02:00:00,17.89787423
1,2019-01-16 03:00:00,17.93950385
1,2019-01-16 04:00:00,18.66520924
1,2019-01-16 05:00:00,21.61782601
1,2019-01-16 06:00:00,22.3502379
1,2019-01-16 07:00:00,29.66838295
1,2019-01-16 08:00:00,29.58288635
1,2019-01-16 09:00:00,27.35712085
1,2019-01-16 10:00:00,27.81095012
1,2019-01-16 11:00:00,27.82073952
1,2019-01-16 12:00:00,27.11250925
1,2019-01-16 13:00:00,26.44375629
1,2019-01-16 14:00:00,26.55195351
1,2019-01-16 15:00:00,28.76318301
1,2019-01-16 16:00:00,28.84804825
1,2019-01-16 17:00:00,28.20125793
1,2019-01-16 18:00:00,24.48880543
1,2019-01-16 19:00:00,22.29284902
1,2019-01-16 20:00:00,19.31389611
1,2019-01-16 21:00:00,19.3499168
1,2019-01-16 22:00:00,18.54425576
1,2019-01-16 23:00:00,18.61822837
1,2019-01-17 00:00:00,18.67040002
1,2019-01-17 01:00:00,17.96074162
1,2019-01-17 02:00:00,18.62986565
1,2019-01-17 03:00:00,17.98482697
1,2019-01-17 04:00:00,20.29254402
1,2019-01-17 05:00:00,21.18816129
1,2019-01-17 06:00:00,23.34005264
1,2019-01-17 07:00:00,26.87989132
1,2019-01-17 08:00:00,27.60364991
1,2019-01-17 09:00:00,29.75572508
1,2019-01-17 10:00:00,29.76623121
1,2019-01-17 11:00:00,26.02337982
1,2019-01-17 12:00:00,25.21090294
1,2019-01-17 13:00:00,23.61528351
1,2019-01-17 14:00:00,24.17479795
1,2019-01-17 15:00:00,28.83491781
1,2019-01-17 16:00:00,28.81562879
1,2019-01-17 17:00:00,26.67299173
1,2019-01-17 18:00:00,24.49875914
1,2019-01-17 19:00:00,22.27149893
1,2019-01-17 20:00:00,20.09353349
1,2019-01-17 21:00:00,18.66096817
1,2019-01-17 22:00:00,14.94734812
1,2019-01-17 23:00:00,16.51709707
1,2019-01-18 00:00:00,14.99909619
1,2019-01-18 01:00:00,14.26221015
1,2019-01-18 02:00:00,14.98804846
1,2019-01-18 03:00:00,14.30502634
1,2019-01-18 04:00:00,15.77874913
1,2019-01-18 05:00:00,15.78096388
1,2019-01-18 06:00:00,18.66830959
1,2019-01-18 07:00:00,25.276885
1,2019-01-18 08:00:00,29.69763453
1,2019-01-18 09:00:00,29.54516083
1,2019-01-18 10:00:00,29.61144944
1,2019-01-18 11:00:00,29.65874463
1,2019-01-18 12:00:00,29.79784241
1,2019-01-18 13:00:00,29.78836258
1,2019-01-18 14:00:00,29.1396603
1,2019-01-18 15:00:00,29.85649454
1,2019-01-18 16:00:00,29.12304213
1,2019-01-18 17:00:00,29.88250066
1,2019-01-18 18:00:00,27.68523647
1,2019-01-18 19:00:00,23.25820337
1,2019-01-18 20:00:00,18.09629175
1,2019-01-18 21:00:00,18.0499722
1,2019-01-18 22:00:00,16.55399779
1,2019-01-18 23:00:00,16.58758152
1,2019-01-19 00:00:00,16.58311808
1,2019-01-19 01:00:00,16.60638062
1,2019-01-19 02:00:00,16.62132718
1,2019-01-19 03:00:00,16.64807247
1,2019-01-19 04:00:00,15.84192453
1,2019-01-19 05:00:00,16.68545076
1,2019-01-19 06:00:00,16.64894033
1,2019-01-19 07:00:00,17.37774954
1,2019-01-19 08:00:00,17.29467448
1,2019-01-19 09:00:00,17.26595171
1,2019-01-19 10:00:00,17.90601106
1,2019-01-19 11:00:00,17.77168994
1,2019-01-19 12:00:00,18.55918738
1,2019-01-19 13:00:00,17.84852472
1,2019-01-19 14:00:00,17.06548737
1,2019-01-19 15:00:00,20.08825025
1,2019-01-19 16:00:00,20.08882894
1,2019-01-19 17:00:00,18.61412778
1,2019-01-19 18:00:00,18.68343921
1,2019-01-19 19:00:00,18.02132703
1,2019-01-19 20:00:00,16.57341262
1,2019-01-19 21:00:00,15.83654549
1,2019-01-19 22:00:00,15.10097338
1,2019-01-19 23:00:00,14.42186359
1,2019-01-20 00:00:00,15.10472984
1,2019-01-20 01:00:00,14.41716231
1,2019-01-20 02:00:00,15.90428125
1,2019-01-20 03:00:00,14.42954758
1,2019-01-20 04:00:00,14.46374295
1,2019-01-20 05:00:00,15.18065521
1,2019-01-20 06:00:00,15.19016888
1,2019-01-20 07:00:00,16.6098325
1,2019-01-20 08:00:00,15.79327194
1,2019-01-20 09:00:00,16.48550667
1,2019-01-20 10:00:00,15.60620078
1,2019-01-20 11:00:00,16.96905556
1,2019-01-20 12:00:00,16.95098915
1,2019-01-20 13:00:00,17.68487478
1,2019-01-20 14:00:00,17.70127752
1,2019-01-20 15:00:00,16.97151993
1,2019-01-20 16:00:00,18.51334895
1,2019-01-20 17:00:00,17.79231651
1,2019-01-20 18:00:00,17.94155614
1,2019-01-20 19:00:00,16.48959892
1,2019-01-20 20:00:00,17.3142912
1,2019-01-20 21:00:00,17.30858568
1,2019-01-20 22:00:00,15.86112389
1,2019-01-20 23:00:00,15.82502238
1,2019-01-21 00:00:00,15.826569500000002
1,2019-01-21 01:00:00,15.13808298
1,2019-01-21 02:00:00,15.82821744
1,2019-01-21 03:00:00,15.13913624
1,2019-01-21 04:00:00,16.5943669
1,2019-01-21 05:00:00,18.07357724
1,2019-01-21 06:00:00,22.576712
1,2019-01-21 07:00:00,24.72298708
1,2019-01-21 08:00:00,24.75194579
1,2019-01-21 09:00:00,23.92498016
1,2019-01-21 10:00:00,24.46746172
1,2019-01-21 11:00:00,26.60127453
1,2019-01-21 12:00:00,25.0513913
1,2019-01-21 13:00:00,26.3887413
1,2019-01-21 14:00:00,29.31155349
1,2019-01-21 15:00:00,28.72434315
1,2019-01-21 16:00:00,29.5412257
1,2019-01-21 17:00:00,28.75134701
1,2019-01-21 18:00:00,28.32776085
1,2019-01-21 19:00:00,22.42425981
1,2019-01-21 20:00:00,20.2396904
1,2019-01-21 21:00:00,18.04948245
1,2019-01-21 22:00:00,17.31564301
1,2019-01-21 23:00:00,16.52506458
1,2019-01-22 00:00:00,18.030539
1,2019-01-22 01:00:00,16.53777521
1,2019-01-22 02:00:00,16.51139154
1,2019-01-22 03:00:00,16.50848785
1,2019-01-22 04:00:00,18.05612103
1,2019-01-22 05:00:00,18.73593163
1,2019-01-22 06:00:00,23.97059846
1,2019-01-22 07:00:00,25.50704748
1,2019-01-22 08:00:00,25.40652087
1,2019-01-22 09:00:00,28.29815434
1,2019-01-22 10:00:00,28.78799054
1,2019-01-22 11:00:00,29.36573305
1,2019-01-22 12:00:00,30.00898889
1,2019-01-22 13:00:00,29.29877825
1,2019-01-22 14:00:00,29.28951533
1,2019-01-22 15:00:00,29.32285146
1,2019-01-22 16:00:00,29.39144789
1,2019-01-22 17:00:00,28.79103876
1,2019-01-22 18:00:00,28.22765543
1,2019-01-22 19:00:00,21.65314675
1,2019-01-22 20:00:00,19.43620705
1,2019-01-22 21:00:00,20.2401667
1,2019-01-22 22:00:00,17.99906509
1,2019-01-22 23:00:00,17.29870178
1,2019-01-23 00:00:00,15.81617297
1,2019-01-23 01:00:00,16.56543625
1,2019-01-23 02:00:00,15.80106421
1,2019-01-23 03:00:00,16.56580129
1,2019-01-23 04:00:00,17.31020819
1,2019-01-23 05:00:00,18.81295769
1,2019-01-23 06:00:00,21.81482411
1,2019-01-23 07:00:00,23.22884598
1,2019-01-23 08:00:00,23.20202761
1,2019-01-23 09:00:00,24.59735133
1,2019-01-23 10:00:00,25.11121265
1,2019-01-23 11:00:00,27.19946603
1,2019-01-23 12:00:00,27.99945413
1,2019-01-23 13:00:00,28.67711449
1,2019-01-23 14:00:00,29.41777798
1,2019-01-23 15:00:00,29.41687622
1,2019-01-23 16:00:00,29.57395253
1,2019-01-23 17:00:00,26.67747032
1,2019-01-23 18:00:00,22.38021771
1,2019-01-23 19:00:00,20.21320656
1,2019-01-23 20:00:00,18.00631002
1,2019-01-23 21:00:00,17.99900275
1,2019-01-23 22:00:00,16.50302985
1,2019-01-23 23:00:00,17.27905629
1,2019-01-24 00:00:00,17.27120064
1,2019-01-24 01:00:00,15.82673497
1,2019-01-24 02:00:00,17.338978100000002
1,2019-01-24 03:00:00,15.88987842
1,2019-01-24 04:00:00,18.19058702
1,2019-01-24 05:00:00,18.09761126
1,2019-01-24 06:00:00,2.981923897
1,2019-01-24 07:00:00,2.294746857
1,2019-01-24 08:00:00,5.234416588
1,2019-01-24 11:00:00,43.44478473
1,2019-01-24 12:00:00,30.75990692
1,2019-01-24 13:00:00,32.14192017
1,2019-01-24 14:00:00,30.59924622
1,2019-01-24 15:00:00,32.74919363
1,2019-01-24 16:00:00,25.60415897
1,2019-01-24 17:00:00,22.59555071
1,2019-01-24 18:00:00,17.52739889
1,2019-01-24 19:00:00,18.33443848
1,2019-01-24 20:00:00,19.22360912
1,2019-01-24 21:00:00,18.52876909
1,2019-01-24 22:00:00,16.35185344
1,2019-01-24 23:00:00,14.87447624
1,2019-01-25 00:00:00,15.65024121
1,2019-01-25 01:00:00,14.92717621
1,2019-01-25 02:00:00,15.63586387
1,2019-01-25 03:00:00,14.81393485
1,2019-01-25 04:00:00,16.22832079
1,2019-01-25 05:00:00,18.45556222
1,2019-01-25 06:00:00,21.34593181
1,2019-01-25 07:00:00,24.89746156
1,2019-01-25 08:00:00,28.4907663
1,2019-01-25 09:00:00,28.40837805
1,2019-01-25 10:00:00,28.26194267
1,2019-01-25 11:00:00,36.28888914
1,2019-01-25 12:00:00,34.87270715
1,2019-01-25 13:00:00,23.89106989
1,2019-01-25 14:00:00,26.21976609
1,2019-01-25 15:00:00,36.61133692
1,2019-01-25 16:00:00,34.53905624
1,2019-01-25 17:00:00,27.2792211
1,2019-01-25 18:00:00,24.42214933
1,2019-01-25 19:00:00,19.35300986
1,2019-01-25 20:00:00,17.90149452
1,2019-01-25 21:00:00,19.46755297
1,2019-01-25 22:00:00,20.19395966
1,2019-01-25 23:00:00,18.71151195
1,2019-01-26 00:00:00,18.71155859
1,2019-01-26 01:00:00,17.98721935
1,2019-01-26 02:00:00,18.71555984
1,2019-01-26 03:00:00,17.27899083
1,2019-01-26 04:00:00,18.73966437
1,2019-01-26 05:00:00,18.78563744
1,2019-01-26 06:00:00,17.99799473
1,2019-01-26 07:00:00,20.21237109
1,2019-01-26 08:00:00,20.15184562
1,2019-01-26 09:00:00,19.37691198
1,2019-01-26 10:00:00,19.8927771
1,2019-01-26 11:00:00,22.06869604
1,2019-01-26 12:00:00,22.0741173
1,2019-01-26 13:00:00,22.08195086
1,2019-01-26 14:00:00,22.32167969
1,2019-01-26 15:00:00,22.40857178
1,2019-01-26 16:00:00,23.154535600000006
1,2019-01-26 17:00:00,22.40057803
1,2019-01-26 18:00:00,21.85266167
1,2019-01-26 19:00:00,18.9697576
1,2019-01-26 20:00:00,18.214261
1,2019-01-26 21:00:00,18.24726383
1,2019-01-26 22:00:00,16.0677894
1,2019-01-26 23:00:00,17.59109892
1,2019-01-27 00:00:00,16.83841882
1,2019-01-27 01:00:00,16.79004313
1,2019-01-27 02:00:00,16.77542184
1,2019-01-27 03:00:00,15.3302679
1,2019-01-27 04:00:00,16.88588699
1,2019-01-27 05:00:00,16.86030167
1,2019-01-27 06:00:00,16.05175457
1,2019-01-27 07:00:00,16.74623419
1,2019-01-27 08:00:00,16.67719631
1,2019-01-27 09:00:00,15.89261668
1,2019-01-27 10:00:00,17.30915012
1,2019-01-27 11:00:00,16.50710186
1,2019-01-27 12:00:00,17.22961288
1,2019-01-27 13:00:00,18.65020932
1,2019-01-27 14:00:00,17.11710919
1,2019-01-27 15:00:00,17.80434192
1,2019-01-27 16:00:00,18.56294263
1,2019-01-27 17:00:00,17.07596342
1,2019-01-27 18:00:00,17.85998543
1,2019-01-27 19:00:00,16.44451832
1,2019-01-27 20:00:00,17.21773283
1,2019-01-27 21:00:00,15.82162889
1,2019-01-27 22:00:00,16.59321063
1,2019-01-27 23:00:00,15.87680021
1,2019-01-28 00:00:00,16.5917027
1,2019-01-28 01:00:00,15.91590652
1,2019-01-28 02:00:00,15.90372352
1,2019-01-28 03:00:00,15.91419733
1,2019-01-28 04:00:00,17.41551574
1,2019-01-28 05:00:00,18.18287357
1,2019-01-28 06:00:00,19.68047091
1,2019-01-28 07:00:00,21.87117336
1,2019-01-28 08:00:00,20.29644802
1,2019-01-28 09:00:00,22.41408994
1,2019-01-28 10:00:00,21.48123291
1,2019-01-28 11:00:00,24.28478527
1,2019-01-28 12:00:00,26.40973444
1,2019-01-28 13:00:00,24.31758902
1,2019-01-28 14:00:00,24.16531277
1,2019-01-28 15:00:00,23.43873419
1,2019-01-28 16:00:00,22.82691952
1,2019-01-28 17:00:00,22.14042044
1,2019-01-28 18:00:00,19.99254822
1,2019-01-28 19:00:00,17.11589822
1,2019-01-28 20:00:00,16.42629433
1,2019-01-28 21:00:00,16.4674343
1,2019-01-28 22:00:00,17.31527983
1,2019-01-28 23:00:00,15.78007238
1,2019-01-29 00:00:00,16.56859136
1,2019-01-29 01:00:00,15.11278574
1,2019-01-29 02:00:00,15.86632648
1,2019-01-29 03:00:00,15.85225281
1,2019-01-29 04:00:00,16.62603782
1,2019-01-29 05:00:00,18.91017137
1,2019-01-29 06:00:00,9.055928329
1,2019-01-29 07:00:00,20.21712354
1,2019-01-29 08:00:00,42.41894746
1,2019-01-29 09:00:00,30.49987307
1,2019-01-29 10:00:00,28.83398364
1,2019-01-29 11:00:00,28.70849136
1,2019-01-29 12:00:00,28.65555876
1,2019-01-29 13:00:00,29.32721123
1,2019-01-29 14:00:00,28.51829617
1,2019-01-29 15:00:00,28.48149566
1,2019-01-29 16:00:00,28.71349433
1,2019-01-29 17:00:00,25.83758112
1,2019-01-29 18:00:00,18.59248936
1,2019-01-29 19:00:00,15.64089908
1,2019-01-29 20:00:00,16.48630177
1,2019-01-29 21:00:00,14.99364125
1,2019-01-29 22:00:00,15.04737543
1,2019-01-29 23:00:00,14.30642479
1,2019-01-30 00:00:00,13.61597879
1,2019-01-30 01:00:00,13.63801733
1,2019-01-30 02:00:00,12.90940906
1,2019-01-30 03:00:00,13.63661165
1,2019-01-30 04:00:00,13.646483900000002
1,2019-01-30 05:00:00,15.94610239
1,2019-01-30 06:00:00,15.90090134
1,2019-01-30 07:00:00,18.78473087
1,2019-01-30 08:00:00,20.95007357
1,2019-01-30 09:00:00,24.57950195
1,2019-01-30 10:00:00,25.75674854
1,2019-01-30 11:00:00,25.65057161
1,2019-01-30 12:00:00,17.5099832
1,2019-01-30 13:00:00,24.21740547
1,2019-01-30 14:00:00,26.52266499
1,2019-01-30 15:00:00,28.0851811
1,2019-01-30 16:00:00,27.738119800000003
1,2019-01-30 17:00:00,26.55158183
1,2019-01-30 18:00:00,24.33086395
1,2019-01-30 19:00:00,22.04107992
1,2019-01-30 20:00:00,19.7740217
1,2019-01-30 21:00:00,26.4244613
1,2019-01-30 22:00:00,27.95799221
1,2019-01-30 23:00:00,22.09147753
1,2019-01-31 00:00:00,19.87409573
1,2019-01-31 01:00:00,17.57343085
1,2019-01-31 02:00:00,15.3513517
1,2019-01-31 03:00:00,16.06425908
1,2019-01-31 04:00:00,17.63527379
1,2019-01-31 05:00:00,16.83779739
1,2019-01-31 06:00:00,19.91934867
1,2019-01-31 07:00:00,21.50734116
1,2019-01-31 08:00:00,22.2518908
1,2019-01-31 09:00:00,24.42458868
1,2019-01-31 10:00:00,22.69053584
1,2019-01-31 11:00:00,21.84998605
1,2019-01-31 12:00:00,22.58825446
1,2019-01-31 13:00:00,21.14282654
1,2019-01-31 14:00:00,21.27602731
1,2019-01-31 15:00:00,24.24857766
1,2019-01-31 16:00:00,19.76497451
1,2019-01-31 17:00:00,19.17528317
1,2019-01-31 18:00:00,17.81593609
1,2019-01-31 19:00:00,15.59648964
1,2019-01-31 20:00:00,15.53765614
1,2019-01-31 21:00:00,14.68956113
1,2019-01-31 22:00:00,14.73882409
1,2019-01-31 23:00:00,15.51075128
1,2019-02-01 00:00:00,14.81817495
1,2019-02-01 01:00:00,15.62499492
1,2019-02-01 02:00:00,14.83410092
1,2019-02-01 03:00:00,15.61507992
1,2019-02-01 04:00:00,16.41528842
1,2019-02-01 05:00:00,16.45160645
1,2019-02-01 06:00:00,19.51226463
1,2019-02-01 07:00:00,20.24787731
1,2019-02-01 08:00:00,23.23558254
1,2019-02-01 09:00:00,23.10226027
1,2019-02-01 10:00:00,23.72453428
1,2019-02-01 11:00:00,22.0817222
1,2019-02-01 12:00:00,18.9755893
1,2019-02-01 13:00:00,30.36305434
1,2019-02-01 14:00:00,28.0349837
1,2019-02-01 15:00:00,27.34768864
1,2019-02-01 16:00:00,25.13336534
1,2019-02-01 17:00:00,23.70331138
1,2019-02-01 18:00:00,16.89231195
1,2019-02-01 19:00:00,18.47789939
1,2019-02-01 20:00:00,17.75829188
1,2019-02-01 21:00:00,17.73861878
1,2019-02-01 22:00:00,19.31837312
1,2019-02-01 23:00:00,17.03288342
1,2019-02-02 00:00:00,15.59318794
1,2019-02-02 01:00:00,16.33965189
1,2019-02-02 02:00:00,17.17263989
1,2019-02-02 03:00:00,16.34202356
1,2019-02-02 04:00:00,17.04388216
1,2019-02-02 05:00:00,17.12493233
1,2019-02-02 06:00:00,18.5850152
1,2019-02-02 07:00:00,18.49005725
1,2019-02-02 08:00:00,16.13518673
1,2019-02-02 09:00:00,16.75742792
1,2019-02-02 10:00:00,17.34323268
1,2019-02-02 11:00:00,17.21515442
1,2019-02-02 12:00:00,20.13881151
1,2019-02-02 13:00:00,21.70243
1,2019-02-02 14:00:00,17.10610515
1,2019-02-02 15:00:00,18.57755833
1,2019-02-02 16:00:00,18.73585352
1,2019-02-02 17:00:00,19.50834394
1,2019-02-02 18:00:00,18.82309753
1,2019-02-02 19:00:00,17.37005525
1,2019-02-02 20:00:00,17.36381872
1,2019-02-02 21:00:00,17.45774883
1,2019-02-02 22:00:00,15.18467281
1,2019-02-02 23:00:00,15.30928235
1,2019-02-03 00:00:00,15.3198604
1,2019-02-03 01:00:00,15.32927057
1,2019-02-03 02:00:00,15.37415658
1,2019-02-03 03:00:00,15.34109131
1,2019-02-03 04:00:00,14.5971582
1,2019-02-03 05:00:00,15.2929003
1,2019-02-03 06:00:00,15.30701598
1,2019-02-03 07:00:00,14.4617624
1,2019-02-03 08:00:00,17.32076571
1,2019-02-03 09:00:00,16.4800538
1,2019-02-03 10:00:00,17.81584369
1,2019-02-03 11:00:00,17.73469349
1,2019-02-03 12:00:00,17.71481813
1,2019-02-03 13:00:00,18.41188912
1,2019-02-03 14:00:00,17.00792251
1,2019-02-03 15:00:00,17.82615509
1,2019-02-03 16:00:00,17.23568018
1,2019-02-03 17:00:00,18.17960589
1,2019-02-03 18:00:00,17.54877396
1,2019-02-03 19:00:00,16.11008591
1,2019-02-03 20:00:00,15.27657749
1,2019-02-03 21:00:00,15.28311466
1,2019-02-03 22:00:00,15.26529962
1,2019-02-03 23:00:00,15.29593897
1,2019-02-04 00:00:00,14.56902764
1,2019-02-04 01:00:00,15.28861399
1,2019-02-04 02:00:00,15.38186684
1,2019-02-04 03:00:00,13.80795244
1,2019-02-04 04:00:00,16.88721148
1,2019-02-04 05:00:00,18.44259555
1,2019-02-04 06:00:00,20.72578428
1,2019-02-04 07:00:00,27.48281637
1,2019-02-04 08:00:00,27.47202168
1,2019-02-04 09:00:00,22.91947524
1,2019-02-04 10:00:00,21.36399124
1,2019-02-04 11:00:00,24.40332
1,2019-02-04 12:00:00,26.68588024
1,2019-02-04 13:00:00,25.89858789
1,2019-02-04 14:00:00,27.47870315
1,2019-02-04 15:00:00,26.00392305
1,2019-02-04 16:00:00,25.98320683
1,2019-02-04 17:00:00,19.98804384
1,2019-02-04 18:00:00,16.18536493
1,2019-02-04 19:00:00,16.93457242
1,2019-02-04 20:00:00,16.24601947
1,2019-02-04 21:00:00,16.95612702
1,2019-02-04 22:00:00,18.59710042
1,2019-02-04 23:00:00,16.25597644
1,2019-02-05 00:00:00,17.08168399
1,2019-02-05 01:00:00,17.05357378
1,2019-02-05 02:00:00,16.31108579
1,2019-02-05 03:00:00,16.97595667
1,2019-02-05 04:00:00,17.72557837
1,2019-02-05 05:00:00,17.73653186
1,2019-02-05 06:00:00,20.06433789
1,2019-02-05 07:00:00,20.76694481
1,2019-02-05 08:00:00,19.11276275
1,2019-02-05 09:00:00,21.61455059
1,2019-02-05 10:00:00,23.88097317
1,2019-02-05 11:00:00,26.89973109
1,2019-02-05 12:00:00,25.4129988
1,2019-02-05 13:00:00,25.32606053
1,2019-02-05 14:00:00,22.94801338
1,2019-02-05 15:00:00,25.18335484
1,2019-02-05 16:00:00,27.55718586
1,2019-02-05 17:00:00,24.61825531
1,2019-02-05 18:00:00,20.0721241
1,2019-02-05 19:00:00,19.31233935
1,2019-02-05 20:00:00,18.65150224
1,2019-02-05 21:00:00,17.08856159
1,2019-02-05 22:00:00,15.58221673
1,2019-02-05 23:00:00,16.29900975
1,2019-02-06 00:00:00,15.48192593
1,2019-02-06 01:00:00,15.57444077
1,2019-02-06 02:00:00,14.74437793
1,2019-02-06 03:00:00,15.58020774
1,2019-02-06 04:00:00,16.31822168
1,2019-02-06 05:00:00,18.670977800000006
1,2019-02-06 06:00:00,20.89649704
1,2019-02-06 07:00:00,24.69410693
1,2019-02-06 08:00:00,23.8679632
1,2019-02-06 09:00:00,26.69346966
1,2019-02-06 10:00:00,27.22710354
1,2019-02-06 11:00:00,28.56045609
1,2019-02-06 12:00:00,27.78643153
1,2019-02-06 13:00:00,27.79660865
1,2019-02-06 14:00:00,27.69978015
1,2019-02-06 15:00:00,18.81106751
1,2019-02-06 16:00:00,21.05930111
1,2019-02-06 17:00:00,19.68689331
1,2019-02-06 18:00:00,11.39251167
1,2019-02-06 19:00:00,15.38838361
1,2019-02-06 20:00:00,15.41828933
1,2019-02-06 21:00:00,13.05763358
1,2019-02-06 22:00:00,28.29688754
1,2019-02-06 23:00:00,28.11867812
1,2019-02-07 00:00:00,32.71817047
1,2019-02-07 01:00:00,16.05210428
1,2019-02-07 02:00:00,16.12557007
1,2019-02-07 03:00:00,16.15596088
1,2019-02-07 04:00:00,16.21022223
1,2019-02-07 05:00:00,16.15119436
1,2019-02-07 06:00:00,21.61779857
1,2019-02-07 07:00:00,23.90265035
1,2019-02-07 08:00:00,24.67063427
1,2019-02-07 09:00:00,25.35302906
1,2019-02-07 10:00:00,26.00542036
1,2019-02-07 11:00:00,24.57147265
1,2019-02-07 12:00:00,25.18434471
1,2019-02-07 13:00:00,33.45510667
1,2019-02-07 14:00:00,31.99653226
1,2019-02-07 15:00:00,27.43329497
1,2019-02-07 16:00:00,23.04316078
1,2019-02-07 17:00:00,22.28255051
1,2019-02-07 18:00:00,19.97537009
1,2019-02-07 19:00:00,17.73525838
1,2019-02-07 20:00:00,17.00543373
1,2019-02-07 21:00:00,17.83747444
1,2019-02-07 22:00:00,16.29372675
1,2019-02-07 23:00:00,15.53936426
1,2019-02-08 00:00:00,16.28240223
1,2019-02-08 01:00:00,15.52918832
1,2019-02-08 02:00:00,16.31625552
1,2019-02-08 03:00:00,14.75662895
1,2019-02-08 04:00:00,15.56749094
1,2019-02-08 05:00:00,16.31574977
1,2019-02-08 06:00:00,18.62866483
1,2019-02-08 07:00:00,20.88903441
1,2019-02-08 08:00:00,22.51233639
1,2019-02-08 09:00:00,24.67885791
1,2019-02-08 10:00:00,26.94883914
1,2019-02-08 11:00:00,23.80552004
1,2019-02-08 12:00:00,25.22870117
1,2019-02-08 13:00:00,25.14178621
1,2019-02-08 14:00:00,25.15400377
1,2019-02-08 15:00:00,25.11967549
1,2019-02-08 16:00:00,24.44612953
1,2019-02-08 17:00:00,21.468891600000006
1,2019-02-08 18:00:00,19.28790289
1,2019-02-08 19:00:00,17.78159695
1,2019-02-08 20:00:00,16.32979666
1,2019-02-08 21:00:00,15.59347614
1,2019-02-08 22:00:00,15.55358226
1,2019-02-08 23:00:00,15.5478709
1,2019-02-09 00:00:00,14.801937099999998
1,2019-02-09 01:00:00,16.39059237
1,2019-02-09 02:00:00,15.59802479
1,2019-02-09 03:00:00,15.59882189
1,2019-02-09 04:00:00,15.74230001
1,2019-02-09 05:00:00,17.29087511
1,2019-02-09 06:00:00,18.02970652
1,2019-02-09 07:00:00,21.15341885
1,2019-02-09 08:00:00,18.76107999
1,2019-02-09 09:00:00,18.84786682
1,2019-02-09 10:00:00,19.62629953
1,2019-02-09 11:00:00,19.42956693
1,2019-02-09 12:00:00,19.39263448
1,2019-02-09 13:00:00,19.331506
1,2019-02-09 14:00:00,19.23358153
1,2019-02-09 15:00:00,18.48183418
1,2019-02-09 16:00:00,17.76628671
1,2019-02-09 17:00:00,17.75102823
1,2019-02-09 18:00:00,17.01950615
1,2019-02-09 19:00:00,14.76110458
1,2019-02-09 20:00:00,15.52070759
1,2019-02-09 21:00:00,15.61887845
1,2019-02-09 22:00:00,15.58743036
1,2019-02-09 23:00:00,14.89548608
1,2019-02-10 00:00:00,15.63157514
1,2019-02-10 01:00:00,15.64799345
1,2019-02-10 02:00:00,15.5607184
1,2019-02-10 03:00:00,15.51743159
1,2019-02-10 04:00:00,16.24191489
1,2019-02-10 05:00:00,14.71709022
1,2019-02-10 06:00:00,16.25803375
1,2019-02-10 07:00:00,16.97535291
1,2019-02-10 08:00:00,16.1726189
1,2019-02-10 09:00:00,16.09340666
1,2019-02-10 10:00:00,15.97256715
1,2019-02-10 11:00:00,15.11207365
1,2019-02-10 12:00:00,16.53558593
1,2019-02-10 13:00:00,15.79782089
1,2019-02-10 14:00:00,17.1950596
1,2019-02-10 15:00:00,17.23333264
1,2019-02-10 16:00:00,18.04856106
1,2019-02-10 17:00:00,16.57697711
1,2019-02-10 18:00:00,17.39697046
1,2019-02-10 19:00:00,17.51395319
1,2019-02-10 20:00:00,15.253862699999996
1,2019-02-10 21:00:00,14.527439800000002
1,2019-02-10 22:00:00,15.36950377
1,2019-02-10 23:00:00,14.57478762
1,2019-02-11 00:00:00,15.38200566
1,2019-02-11 01:00:00,15.37995424
1,2019-02-11 02:00:00,15.4099997
1,2019-02-11 03:00:00,15.38214766
1,2019-02-11 04:00:00,16.18873206
1,2019-02-11 05:00:00,17.66736639
1,2019-02-11 06:00:00,21.528202800000006
1,2019-02-11 07:00:00,24.4454559
1,2019-02-11 08:00:00,21.34483776
1,2019-02-11 09:00:00,22.84350975
1,2019-02-11 10:00:00,24.15615
1,2019-02-11 11:00:00,25.55966943
1,2019-02-11 12:00:00,24.71061343
1,2019-02-11 13:00:00,25.45451002
1,2019-02-11 14:00:00,24.71558106
1,2019-02-11 15:00:00,25.4546543
1,2019-02-11 16:00:00,24.73849854
1,2019-02-11 17:00:00,21.8442318
1,2019-02-11 18:00:00,18.88622353
1,2019-02-11 19:00:00,17.47289658
1,2019-02-11 20:00:00,16.78658855
1,2019-02-11 21:00:00,16.06841177
1,2019-02-11 22:00:00,16.02506238
1,2019-02-11 23:00:00,15.25006079
1,2019-02-12 00:00:00,15.28348431
1,2019-02-12 01:00:00,15.24683456
1,2019-02-12 02:00:00,14.51431134
1,2019-02-12 03:00:00,15.35286755
1,2019-02-12 04:00:00,16.0915052
1,2019-02-12 05:00:00,16.85138142
1,2019-02-12 06:00:00,20.58462772
1,2019-02-12 07:00:00,22.79479251
1,2019-02-12 08:00:00,22.75317123
1,2019-02-12 09:00:00,23.54302942
1,2019-02-12 10:00:00,22.23832217
1,2019-02-12 11:00:00,21.63345165
1,2019-02-12 12:00:00,19.90168848
1,2019-02-12 13:00:00,21.40720961
1,2019-02-12 14:00:00,21.35443438
1,2019-02-12 15:00:00,19.76991874
1,2019-02-12 16:00:00,19.77596283
1,2019-02-12 17:00:00,18.25535012
1,2019-02-12 18:00:00,16.86154015
1,2019-02-12 19:00:00,15.31732954
1,2019-02-12 20:00:00,16.19519996
1,2019-02-12 21:00:00,16.23543738
1,2019-02-12 22:00:00,15.48801854
1,2019-02-12 23:00:00,16.992110800000006
1,2019-02-13 00:00:00,16.29278553
1,2019-02-13 01:00:00,16.29252979
1,2019-02-13 02:00:00,16.23176674
1,2019-02-13 03:00:00,17.02404099
1,2019-02-13 04:00:00,16.25116588
1,2019-02-13 05:00:00,17.80628082
1,2019-02-13 06:00:00,19.35999278
1,2019-02-13 07:00:00,22.34284058
1,2019-02-13 08:00:00,20.75036268
1,2019-02-13 09:00:00,20.712184
1,2019-02-13 10:00:00,19.08963904
1,2019-02-13 11:00:00,19.82812351
1,2019-02-13 12:00:00,19.04131992
1,2019-02-13 13:00:00,19.71678101
1,2019-02-13 14:00:00,18.22790942
1,2019-02-13 15:00:00,19.70970816
1,2019-02-13 16:00:00,19.74501959
1,2019-02-13 17:00:00,17.49869728
1,2019-02-13 18:00:00,16.08896413
1,2019-02-13 19:00:00,15.39282623
1,2019-02-13 20:00:00,14.58775122
1,2019-02-13 21:00:00,15.39108441
1,2019-02-13 22:00:00,14.65273698
1,2019-02-13 23:00:00,15.49224535
1,2019-02-14 00:00:00,14.72261257
1,2019-02-14 01:00:00,15.47379029
1,2019-02-14 02:00:00,15.47970655
1,2019-02-14 03:00:00,15.48125145
1,2019-02-14 04:00:00,15.5233429
1,2019-02-14 05:00:00,17.03306737
1,2019-02-14 06:00:00,19.35112231
1,2019-02-14 07:00:00,21.5315712
1,2019-02-14 08:00:00,22.99050395
1,2019-02-14 09:00:00,19.86658203
1,2019-02-14 10:00:00,19.78372852
1,2019-02-14 11:00:00,20.47367821
1,2019-02-14 12:00:00,22.63145935
1,2019-02-14 13:00:00,14.24039212
1,2019-02-14 14:00:00,36.66522263
1,2019-02-14 15:00:00,32.24919729
1,2019-02-14 16:00:00,19.55148541
1,2019-02-14 17:00:00,20.3695659
1,2019-02-14 18:00:00,18.14481142
1,2019-02-14 19:00:00,16.68674652
1,2019-02-14 20:00:00,16.01249359
1,2019-02-14 21:00:00,16.08995863
1,2019-02-14 22:00:00,16.83028935
1,2019-02-14 23:00:00,15.36797502
1,2019-02-15 00:00:00,16.10120338
1,2019-02-15 01:00:00,15.33279743
1,2019-02-15 02:00:00,16.14581274
1,2019-02-15 03:00:00,15.26864979
1,2019-02-15 04:00:00,16.09765724
1,2019-02-15 05:00:00,17.63799283
1,2019-02-15 06:00:00,20.69054309
1,2019-02-15 07:00:00,23.64092064
1,2019-02-15 08:00:00,20.51677666
1,2019-02-15 09:00:00,22.74834592
1,2019-02-15 10:00:00,24.28546234
1,2019-02-15 11:00:00,24.20644943
1,2019-02-15 12:00:00,23.42420883
1,2019-02-15 13:00:00,24.02845596
1,2019-02-15 14:00:00,24.08181236
1,2019-02-15 15:00:00,22.70890363
1,2019-02-15 16:00:00,24.26440791
1,2019-02-15 17:00:00,21.22729719
1,2019-02-15 18:00:00,16.76166389
1,2019-02-15 19:00:00,16.09234025
1,2019-02-15 20:00:00,14.58012058
1,2019-02-15 21:00:00,15.49867056
1,2019-02-15 22:00:00,14.76502848
1,2019-02-15 23:00:00,15.5430731
1,2019-02-16 00:00:00,16.28169096
1,2019-02-16 01:00:00,14.66367936
1,2019-02-16 02:00:00,15.476559699999996
1,2019-02-16 03:00:00,15.50411815
1,2019-02-16 04:00:00,15.40546854
1,2019-02-16 05:00:00,15.44725384
1,2019-02-16 06:00:00,16.98002569
1,2019-02-16 07:00:00,20.947362
1,2019-02-16 08:00:00,17.77196069
1,2019-02-16 09:00:00,18.6014294
1,2019-02-16 10:00:00,18.49363742
1,2019-02-16 11:00:00,19.09236112
1,2019-02-16 12:00:00,19.76175499
1,2019-02-16 13:00:00,19.03515163
1,2019-02-16 14:00:00,18.99576971
1,2019-02-16 15:00:00,19.0938388
1,2019-02-16 16:00:00,18.4338585
1,2019-02-16 17:00:00,17.70767236
1,2019-02-16 18:00:00,15.4162859
1,2019-02-16 19:00:00,16.12945486
1,2019-02-16 20:00:00,14.59523929
1,2019-02-16 21:00:00,14.54288503
1,2019-02-16 22:00:00,15.39495865
1,2019-02-16 23:00:00,15.37364872
1,2019-02-17 00:00:00,15.44623421
1,2019-02-17 01:00:00,15.43141956
1,2019-02-17 02:00:00,15.45891443
1,2019-02-17 03:00:00,16.21709534
1,2019-02-17 04:00:00,16.24196545
1,2019-02-17 05:00:00,16.30519726
1,2019-02-17 06:00:00,17.10810185
1,2019-02-17 07:00:00,16.38994519
1,2019-02-17 08:00:00,17.11404559
1,2019-02-17 09:00:00,17.78814068
1,2019-02-17 10:00:00,18.47730068
1,2019-02-17 11:00:00,16.78325887
1,2019-02-17 12:00:00,15.26505966
1,2019-02-17 13:00:00,16.66977656
1,2019-02-17 14:00:00,18.15424751
1,2019-02-17 15:00:00,17.4668336
1,2019-02-17 16:00:00,17.49406137
1,2019-02-17 17:00:00,16.04189295
1,2019-02-17 18:00:00,15.9955676
1,2019-02-17 19:00:00,15.99865665
1,2019-02-17 20:00:00,16.08720451
1,2019-02-17 21:00:00,14.60518165
1,2019-02-17 22:00:00,16.20344555
1,2019-02-17 23:00:00,15.44876158
1,2019-02-18 00:00:00,16.25372408
1,2019-02-18 01:00:00,14.78612276
1,2019-02-18 02:00:00,16.31530153
1,2019-02-18 03:00:00,14.8111142
1,2019-02-18 04:00:00,16.35592111
1,2019-02-18 05:00:00,18.68927811
1,2019-02-18 06:00:00,22.48825546
1,2019-02-18 07:00:00,25.57348163
1,2019-02-18 08:00:00,26.32213196
1,2019-02-18 09:00:00,26.318375
1,2019-02-18 10:00:00,26.39613113
1,2019-02-18 11:00:00,25.52590502
1,2019-02-18 12:00:00,25.56223952
1,2019-02-18 13:00:00,26.8329743
1,2019-02-18 14:00:00,26.73187742
1,2019-02-18 15:00:00,26.74009251
1,2019-02-18 16:00:00,26.00089668
1,2019-02-18 17:00:00,22.98001551
1,2019-02-18 18:00:00,19.19015137
1,2019-02-18 19:00:00,16.91298029
1,2019-02-18 20:00:00,16.26922564
1,2019-02-18 21:00:00,16.25673155
1,2019-02-18 22:00:00,14.68379116
1,2019-02-18 23:00:00,15.50850849
1,2019-02-19 00:00:00,15.55189906
1,2019-02-19 01:00:00,16.32377405
1,2019-02-19 02:00:00,15.62590207
1,2019-02-19 03:00:00,15.702199300000002
1,2019-02-19 04:00:00,17.22410895
1,2019-02-19 05:00:00,18.00957687
1,2019-02-19 06:00:00,21.86450668
1,2019-02-19 07:00:00,25.02930352
1,2019-02-19 08:00:00,21.13045179
1,2019-02-19 09:00:00,22.54867241
1,2019-02-19 10:00:00,22.48853497
1,2019-02-19 11:00:00,23.81370625
1,2019-02-19 12:00:00,23.87106412
1,2019-02-19 13:00:00,23.92635387
1,2019-02-19 14:00:00,23.92726331
1,2019-02-19 15:00:00,23.95898079
1,2019-02-19 16:00:00,22.45512331
1,2019-02-19 17:00:00,20.97080275
1,2019-02-19 18:00:00,17.07361578
1,2019-02-19 19:00:00,15.55388887
1,2019-02-19 20:00:00,15.58129171
1,2019-02-19 21:00:00,16.35805809
1,2019-02-19 22:00:00,14.80698224
1,2019-02-19 23:00:00,16.42536728
1,2019-02-20 00:00:00,14.810444699999998
1,2019-02-20 01:00:00,15.61075772
1,2019-02-20 02:00:00,16.387067300000002
1,2019-02-20 03:00:00,14.86416392
1,2019-02-20 04:00:00,17.22556838
1,2019-02-20 05:00:00,17.96391054
1,2019-02-20 06:00:00,22.59217606
1,2019-02-20 07:00:00,24.82040747
1,2019-02-20 08:00:00,17.77460098
1,2019-02-20 09:00:00,13.09910964
1,2019-02-20 10:00:00,9.263318695
1,2019-02-20 11:00:00,13.75354576
1,2019-02-20 13:00:00,39.69163911
1,2019-02-20 14:00:00,20.64824095
1,2019-02-20 15:00:00,22.85118763
1,2019-02-20 16:00:00,23.74373457
1,2019-02-20 17:00:00,20.73839636
1,2019-02-20 18:00:00,17.71703854
1,2019-02-20 19:00:00,16.26619651
1,2019-02-20 20:00:00,15.53468366
1,2019-02-20 21:00:00,4.7041946910000005
1,2019-02-20 22:00:00,14.79569589
1,2019-02-20 23:00:00,25.62711715
1,2019-02-21 00:00:00,15.60064663
1,2019-02-21 01:00:00,14.09221357
1,2019-02-21 02:00:00,14.88053849
1,2019-02-21 03:00:00,14.11012239
1,2019-02-21 04:00:00,15.59575237
1,2019-02-21 05:00:00,20.28067501
1,2019-02-21 06:00:00,22.56309906
1,2019-02-21 07:00:00,23.37742262
1,2019-02-21 08:00:00,21.69538328
1,2019-02-21 09:00:00,21.68841129
1,2019-02-21 10:00:00,21.64339294
1,2019-02-21 11:00:00,20.80319985
1,2019-02-21 12:00:00,20.74583753
1,2019-02-21 13:00:00,22.88742923
1,2019-02-21 14:00:00,21.35283008
1,2019-02-21 15:00:00,19.19034959
1,2019-02-21 16:00:00,20.76325526
1,2019-02-21 17:00:00,20.06187235
1,2019-02-21 18:00:00,16.28029291
1,2019-02-21 19:00:00,16.39604614
1,2019-02-21 20:00:00,14.83906174
1,2019-02-21 21:00:00,14.89422369
1,2019-02-21 22:00:00,15.72363915
1,2019-02-21 23:00:00,16.46995422
1,2019-02-22 00:00:00,14.8869531
1,2019-02-22 01:00:00,14.90348801
1,2019-02-22 02:00:00,15.70906398
1,2019-02-22 03:00:00,15.71379717
1,2019-02-22 04:00:00,14.98482147
1,2019-02-22 05:00:00,17.23252739
1,2019-02-22 06:00:00,19.52475715
1,2019-02-22 07:00:00,21.81110889
1,2019-02-22 08:00:00,20.19476117
1,2019-02-22 09:00:00,22.5185986
1,2019-02-22 10:00:00,22.3599839
1,2019-02-22 11:00:00,22.22905023
1,2019-02-22 12:00:00,24.42198733
1,2019-02-22 13:00:00,24.44010557
1,2019-02-22 14:00:00,22.93778665
1,2019-02-22 15:00:00,24.50699282
1,2019-02-22 16:00:00,23.05120029
1,2019-02-22 17:00:00,21.56215952
1,2019-02-22 18:00:00,18.58687885
1,2019-02-22 19:00:00,17.17364145
1,2019-02-22 20:00:00,15.63523535
1,2019-02-22 21:00:00,15.6662802
1,2019-02-22 22:00:00,16.3929591
1,2019-02-22 23:00:00,14.86732864
1,2019-02-23 00:00:00,16.4798042
1,2019-02-23 01:00:00,14.89045572
1,2019-02-23 02:00:00,15.66003737
1,2019-02-23 03:00:00,15.70075708
1,2019-02-23 04:00:00,14.90520633
1,2019-02-23 05:00:00,15.70815308
1,2019-02-23 06:00:00,18.78787882
1,2019-02-23 07:00:00,20.32530994
1,2019-02-23 08:00:00,17.15946011
1,2019-02-23 09:00:00,18.69809174
1,2019-02-23 10:00:00,18.49135191
1,2019-02-23 11:00:00,18.41902402
1,2019-02-23 12:00:00,19.05804693
1,2019-02-23 13:00:00,19.1052494
1,2019-02-23 14:00:00,19.79690385
1,2019-02-23 15:00:00,19.0888051
1,2019-02-23 16:00:00,20.70435906
1,2019-02-23 17:00:00,19.2159178
1,2019-02-23 18:00:00,17.68573926
1,2019-02-23 19:00:00,16.89715928
1,2019-02-23 20:00:00,15.47161951
1,2019-02-23 21:00:00,15.42081949
1,2019-02-23 22:00:00,14.03136415
1,2019-02-23 23:00:00,14.84327356
1,2019-02-24 00:00:00,14.87707919
1,2019-02-24 01:00:00,15.71455254
1,2019-02-24 02:00:00,14.93315575
1,2019-02-24 03:00:00,15.76628331
1,2019-02-24 04:00:00,16.51235946
1,2019-02-24 05:00:00,16.58460094
1,2019-02-24 06:00:00,15.71397706
1,2019-02-24 07:00:00,16.41268408
1,2019-02-24 08:00:00,16.3527789
1,2019-02-24 09:00:00,16.33531081
1,2019-02-24 10:00:00,16.1084894
1,2019-02-24 11:00:00,16.77231
1,2019-02-24 12:00:00,18.93486759
1,2019-02-24 13:00:00,18.92797158
1,2019-02-24 14:00:00,19.68669168
1,2019-02-24 15:00:00,18.88459215
1,2019-02-24 16:00:00,18.19690224
1,2019-02-24 17:00:00,19.03188911
1,2019-02-24 18:00:00,18.27963012
1,2019-02-24 19:00:00,16.86173776
1,2019-02-24 20:00:00,15.46212137
1,2019-02-24 21:00:00,14.71066695
1,2019-02-24 22:00:00,15.50719904
1,2019-02-24 23:00:00,15.56240181
1,2019-02-25 00:00:00,14.02142475
1,2019-02-25 01:00:00,14.06386729
1,2019-02-25 02:00:00,15.6218725
1,2019-02-25 03:00:00,14.07156388
1,2019-02-25 04:00:00,16.33845774
1,2019-02-25 05:00:00,19.38131827
1,2019-02-25 06:00:00,22.32017887
1,2019-02-25 07:00:00,25.38390513
1,2019-02-25 08:00:00,26.03600678
1,2019-02-25 09:00:00,31.28948795
1,2019-02-25 10:00:00,31.05306848
1,2019-02-25 11:00:00,26.42362873
1,2019-02-25 12:00:00,26.34362842
1,2019-02-25 13:00:00,32.34150181
1,2019-02-25 14:00:00,33.87140771
1,2019-02-25 15:00:00,31.67701578
1,2019-02-25 16:00:00,28.65847989
1,2019-02-25 17:00:00,23.45195477
1,2019-02-25 18:00:00,19.74131955
1,2019-02-25 19:00:00,19.19057007
1,2019-02-25 20:00:00,16.919315
1,2019-02-25 21:00:00,17.75303694
1,2019-02-25 22:00:00,15.44645059
1,2019-02-25 23:00:00,16.26158039
1,2019-02-26 00:00:00,15.53713052
1,2019-02-26 01:00:00,16.30341542
1,2019-02-26 02:00:00,14.68585195
1,2019-02-26 03:00:00,13.97685204
1,2019-02-26 04:00:00,14.74942589
1,2019-02-26 05:00:00,15.55423853
1,2019-02-26 06:00:00,17.86511406
1,2019-02-26 07:00:00,20.18175781
1,2019-02-26 08:00:00,21.60048872
1,2019-02-26 09:00:00,25.41408928
1,2019-02-26 10:00:00,26.9018666
1,2019-02-26 11:00:00,33.54919961
1,2019-02-26 12:00:00,31.3164451
1,2019-02-26 13:00:00,29.09317796
1,2019-02-26 14:00:00,32.12112991
1,2019-02-26 15:00:00,32.83311865
1,2019-02-26 16:00:00,32.19831379
1,2019-02-26 17:00:00,22.28353578
1,2019-02-26 18:00:00,18.58962825
1,2019-02-26 19:00:00,17.16351354
1,2019-02-26 20:00:00,16.27896486
1,2019-02-26 21:00:00,17.12124901
1,2019-02-26 22:00:00,16.37230915
1,2019-02-26 23:00:00,16.36222797
1,2019-02-27 00:00:00,16.41188586
1,2019-02-27 01:00:00,17.19364283
1,2019-02-27 02:00:00,17.30781989
1,2019-02-27 03:00:00,17.39439172
1,2019-02-27 04:00:00,18.15705707
1,2019-02-27 05:00:00,19.64255184
1,2019-02-27 06:00:00,23.507913
1,2019-02-27 07:00:00,26.51293066
1,2019-02-27 08:00:00,24.1455782
1,2019-02-27 09:00:00,24.15670879
1,2019-02-27 10:00:00,25.42048059
1,2019-02-27 11:00:00,27.58357878
1,2019-02-27 12:00:00,28.12026644
1,2019-02-27 13:00:00,36.43506283
1,2019-02-27 14:00:00,37.90377686
1,2019-02-27 15:00:00,34.97818142
1,2019-02-27 16:00:00,35.02218092
1,2019-02-27 17:00:00,31.48540397
1,2019-02-27 18:00:00,20.10010802
1,2019-02-27 19:00:00,23.18254816
1,2019-02-27 20:00:00,23.24815019
1,2019-02-27 21:00:00,6.224977172999999
1,2019-02-27 22:00:00,30.13778188
1,2019-02-27 23:00:00,25.72061215
1,2019-02-28 00:00:00,17.23788391
1,2019-02-28 01:00:00,18.84284506
1,2019-02-28 02:00:00,18.74048497
1,2019-02-28 03:00:00,19.5284547
1,2019-02-28 04:00:00,19.44651721
1,2019-02-28 05:00:00,20.90301672
1,2019-02-28 06:00:00,25.68999906
1,2019-02-28 07:00:00,36.43133465
1,2019-02-28 08:00:00,35.54086402
1,2019-02-28 09:00:00,34.41958288
1,2019-02-28 10:00:00,35.53508255
1,2019-02-28 11:00:00,35.40223963
1,2019-02-28 12:00:00,36.84158666
1,2019-02-28 13:00:00,36.82046058
1,2019-02-28 14:00:00,33.82951973
1,2019-02-28 15:00:00,38.3977066
1,2019-02-28 16:00:00,35.63376903
1,2019-02-28 17:00:00,32.65673603
1,2019-02-28 18:00:00,24.31587085
1,2019-02-28 19:00:00,22.83228004
1,2019-02-28 20:00:00,25.95737449
1,2019-02-28 21:00:00,24.53907013
1,2019-02-28 22:00:00,23.02839571
1,2019-02-28 23:00:00,22.23590799
1,2019-03-01 00:00:00,21.52737509
1,2019-03-01 01:00:00,22.34445056
1,2019-03-01 02:00:00,23.87898645
1,2019-03-01 03:00:00,20.80417049
1,2019-03-01 04:00:00,21.52072451
1,2019-03-01 05:00:00,21.60188213
1,2019-03-01 06:00:00,25.35911402
1,2019-03-01 07:00:00,33.74402875
1,2019-03-01 08:00:00,30.52738129
1,2019-03-01 09:00:00,31.21714814
1,2019-03-01 10:00:00,31.01009786
1,2019-03-01 11:00:00,36.18680541
1,2019-03-01 12:00:00,38.28909315
1,2019-03-01 13:00:00,30.91086029
1,2019-03-01 14:00:00,28.55715771
1,2019-03-01 15:00:00,36.11113635
1,2019-03-01 16:00:00,33.97130182
1,2019-03-01 17:00:00,22.73461963
1,2019-03-01 18:00:00,21.22741104
1,2019-03-01 19:00:00,19.80746686
1,2019-03-01 20:00:00,19.86317665
1,2019-03-01 21:00:00,18.40673721
1,2019-03-01 22:00:00,17.64190923
1,2019-03-01 23:00:00,17.078754800000002
1,2019-03-02 00:00:00,17.10758634
1,2019-03-02 01:00:00,17.86997509
1,2019-03-02 02:00:00,19.49855917
1,2019-03-02 03:00:00,17.18189099
1,2019-03-02 04:00:00,15.62674975
1,2019-03-02 05:00:00,15.63469688
1,2019-03-02 06:00:00,18.77297067
1,2019-03-02 07:00:00,20.95182238
1,2019-03-02 08:00:00,22.40286168
1,2019-03-02 09:00:00,21.47023097
1,2019-03-02 10:00:00,22.11406849
1,2019-03-02 11:00:00,23.60724685
1,2019-03-02 12:00:00,23.49952112
1,2019-03-02 13:00:00,24.16422024
1,2019-03-02 14:00:00,24.1313348
1,2019-03-02 15:00:00,24.16562757
1,2019-03-02 16:00:00,23.50280072
1,2019-03-02 17:00:00,35.10655678
1,2019-03-02 18:00:00,32.29860465
1,2019-03-02 19:00:00,23.14977062
1,2019-03-02 20:00:00,23.19612718
1,2019-03-02 21:00:00,24.6832102
1,2019-03-02 22:00:00,24.72605874
1,2019-03-02 23:00:00,22.36950964
1,2019-03-03 00:00:00,23.20409467
1,2019-03-03 01:00:00,21.66040624
1,2019-03-03 02:00:00,22.45158991
1,2019-03-03 03:00:00,21.6593191
1,2019-03-03 04:00:00,22.37287838
1,2019-03-03 05:00:00,21.5811343
1,2019-03-03 06:00:00,22.412180600000006
1,2019-03-03 07:00:00,21.62224901
1,2019-03-03 08:00:00,23.8327987
1,2019-03-03 09:00:00,25.20915072
1,2019-03-03 10:00:00,20.47757557
1,2019-03-03 11:00:00,19.53872064
1,2019-03-03 12:00:00,18.78654939
1,2019-03-03 13:00:00,24.01813212
1,2019-03-03 14:00:00,25.58448639
1,2019-03-03 15:00:00,21.95517753
1,2019-03-03 16:00:00,18.930819
1,2019-03-03 17:00:00,18.89752075
1,2019-03-03 18:00:00,18.30384808
1,2019-03-03 19:00:00,18.3462524
1,2019-03-03 20:00:00,17.71347169
1,2019-03-03 21:00:00,18.41966263
1,2019-03-03 22:00:00,17.01564093
1,2019-03-03 23:00:00,17.0349008
1,2019-03-04 00:00:00,16.21521556
1,2019-03-04 01:00:00,17.04766553
1,2019-03-04 02:00:00,17.02314523
1,2019-03-04 03:00:00,16.31802475
1,2019-03-04 04:00:00,17.05557579
1,2019-03-04 05:00:00,19.41202
1,2019-03-04 06:00:00,21.77746144
1,2019-03-04 07:00:00,24.1148269
1,2019-03-04 08:00:00,30.03787918
1,2019-03-04 09:00:00,28.44502625
1,2019-03-04 10:00:00,22.15371525
1,2019-03-04 11:00:00,26.63621549
1,2019-03-04 12:00:00,31.69624271
1,2019-03-04 13:00:00,35.3925842
1,2019-03-04 14:00:00,30.02634577
1,2019-03-04 15:00:00,31.04147481
1,2019-03-04 16:00:00,29.73433396
1,2019-03-04 17:00:00,25.14693305
1,2019-03-04 18:00:00,20.00938364
1,2019-03-04 19:00:00,19.20515963
1,2019-03-04 20:00:00,18.48267985
1,2019-03-04 21:00:00,19.99262463
1,2019-03-04 22:00:00,18.58031073
1,2019-03-04 23:00:00,17.01083231
1,2019-03-05 00:00:00,16.31270439
1,2019-03-05 01:00:00,17.038003600000003
1,2019-03-05 02:00:00,17.04267224
1,2019-03-05 03:00:00,16.30305463
1,2019-03-05 04:00:00,17.89081949
1,2019-03-05 05:00:00,21.0226749
1,2019-03-05 06:00:00,27.21333089
1,2019-03-05 07:00:00,34.15197405
1,2019-03-05 08:00:00,26.2717822
1,2019-03-05 09:00:00,24.71940994
1,2019-03-05 10:00:00,27.65359288
1,2019-03-05 11:00:00,30.60770474
1,2019-03-05 12:00:00,30.53704441
1,2019-03-05 13:00:00,22.95428589
1,2019-03-05 14:00:00,25.94494464
1,2019-03-05 15:00:00,32.19199437
1,2019-03-05 16:00:00,26.86103849
1,2019-03-05 17:00:00,20.83950033
1,2019-03-05 18:00:00,19.3182692
1,2019-03-05 19:00:00,18.70508232
1,2019-03-05 20:00:00,17.1623562
1,2019-03-05 21:00:00,17.19964587
1,2019-03-05 22:00:00,17.14984992
1,2019-03-05 23:00:00,16.3614139
1,2019-03-06 00:00:00,17.17739331
1,2019-03-06 01:00:00,17.27524262
1,2019-03-06 02:00:00,18.03992971
1,2019-03-06 03:00:00,18.04251415
1,2019-03-06 04:00:00,16.49639063
1,2019-03-06 05:00:00,18.04246555
1,2019-03-06 06:00:00,20.49980417
1,2019-03-06 07:00:00,23.51349374
1,2019-03-06 08:00:00,21.17433527
1,2019-03-06 09:00:00,21.13393472
1,2019-03-06 10:00:00,20.2228529
1,2019-03-06 11:00:00,20.22579643
1,2019-03-06 12:00:00,19.38742746
1,2019-03-06 13:00:00,20.19257599
1,2019-03-06 14:00:00,21.53146493
1,2019-03-06 15:00:00,20.84918748
1,2019-03-06 16:00:00,18.58273271
1,2019-03-06 17:00:00,18.59661419
1,2019-03-06 18:00:00,16.37019209
1,2019-03-06 19:00:00,17.19297077
1,2019-03-06 20:00:00,16.43971558
1,2019-03-06 21:00:00,16.49095461
1,2019-03-06 22:00:00,18.12702396
1,2019-03-06 23:00:00,17.31869888
1,2019-03-07 00:00:00,16.46945273
1,2019-03-07 01:00:00,15.73672231
1,2019-03-07 02:00:00,16.53584625
1,2019-03-07 03:00:00,15.76858977
1,2019-03-07 04:00:00,15.77730055
1,2019-03-07 05:00:00,17.396291199999997
1,2019-03-07 06:00:00,19.71911989
1,2019-03-07 07:00:00,22.77124585
1,2019-03-07 08:00:00,21.93272799
1,2019-03-07 09:00:00,20.26676613
1,2019-03-07 10:00:00,21.66174321
1,2019-03-07 11:00:00,20.78317008
1,2019-03-07 12:00:00,19.90454315
1,2019-03-07 13:00:00,22.98838124
1,2019-03-07 14:00:00,25.1671632
1,2019-03-07 15:00:00,23.79837972
1,2019-03-07 16:00:00,23.034215600000003
1,2019-03-07 17:00:00,20.78483952
1,2019-03-07 18:00:00,17.79923687
1,2019-03-07 19:00:00,15.53646188
1,2019-03-07 20:00:00,15.60716356
1,2019-03-07 21:00:00,16.44705347
1,2019-03-07 22:00:00,15.68611448
1,2019-03-07 23:00:00,15.69511174
1,2019-03-08 00:00:00,16.52252377
1,2019-03-08 01:00:00,15.71958652
1,2019-03-08 02:00:00,16.48599118
1,2019-03-08 03:00:00,15.72129467
1,2019-03-08 04:00:00,17.26804942
1,2019-03-08 05:00:00,18.07745274
1,2019-03-08 06:00:00,22.65075768
1,2019-03-08 07:00:00,25.72818832
1,2019-03-08 08:00:00,24.85970763
1,2019-03-08 09:00:00,24.03018304
1,2019-03-08 10:00:00,23.19808141
1,2019-03-08 11:00:00,25.33514648
1,2019-03-08 12:00:00,24.57567039
1,2019-03-08 13:00:00,22.15277195
1,2019-03-08 14:00:00,22.12457591
1,2019-03-08 15:00:00,22.2925071
1,2019-03-08 16:00:00,21.59330608
1,2019-03-08 17:00:00,20.08850763
1,2019-03-08 18:00:00,17.08305421
1,2019-03-08 19:00:00,16.44786081
1,2019-03-08 20:00:00,14.8205247
1,2019-03-08 21:00:00,15.59655727
1,2019-03-08 22:00:00,14.82861692
1,2019-03-08 23:00:00,14.874580599999998
1,2019-03-09 00:00:00,14.93189594
1,2019-03-09 01:00:00,14.12184327
1,2019-03-09 02:00:00,15.69835566
1,2019-03-09 03:00:00,14.87798712
1,2019-03-09 04:00:00,14.92518989
1,2019-03-09 05:00:00,16.52355065
1,2019-03-09 06:00:00,18.79453345
1,2019-03-09 07:00:00,20.24983273
1,2019-03-09 08:00:00,17.92222775
1,2019-03-09 09:00:00,18.58203738
1,2019-03-09 10:00:00,18.50326336
1,2019-03-09 11:00:00,19.17204593
1,2019-03-09 12:00:00,18.38454296
1,2019-03-09 13:00:00,19.92472776
1,2019-03-09 14:00:00,19.12532802
1,2019-03-09 15:00:00,19.00189088
1,2019-03-09 16:00:00,19.87042914
1,2019-03-09 17:00:00,18.4973026
1,2019-03-09 18:00:00,17.86502438
1,2019-03-09 19:00:00,16.46080172
1,2019-03-09 20:00:00,16.54666538
1,2019-03-09 21:00:00,15.75932982
1,2019-03-09 22:00:00,15.80114685
1,2019-03-09 23:00:00,15.8078812
1,2019-03-10 00:00:00,15.04083223
1,2019-03-10 01:00:00,15.82757784
1,2019-03-10 02:00:00,15.86489513
1,2019-03-10 03:00:00,15.80497641
1,2019-03-10 04:00:00,15.88673848
1,2019-03-10 05:00:00,15.83433277
1,2019-03-10 06:00:00,17.39819595
1,2019-03-10 07:00:00,16.55227795
1,2019-03-10 08:00:00,15.74386443
1,2019-03-10 09:00:00,16.51809684
1,2019-03-10 10:00:00,15.68247263
1,2019-03-10 11:00:00,16.34598167
1,2019-03-10 12:00:00,15.58301844
1,2019-03-10 13:00:00,15.69639794
1,2019-03-10 14:00:00,16.51654217
1,2019-03-10 15:00:00,18.7883581
1,2019-03-10 16:00:00,15.66092218
1,2019-03-10 17:00:00,16.4468035
1,2019-03-10 18:00:00,15.71978862
1,2019-03-10 19:00:00,15.78008154
1,2019-03-10 20:00:00,15.74313015
1,2019-03-10 21:00:00,15.80245052
1,2019-03-10 22:00:00,15.76471069
1,2019-03-10 23:00:00,14.968004
1,2019-03-11 00:00:00,15.81189284
1,2019-03-11 01:00:00,15.68359175
1,2019-03-11 02:00:00,14.8382821
1,2019-03-11 03:00:00,15.59752432
1,2019-03-11 04:00:00,15.56663214
1,2019-03-11 05:00:00,15.53704363
1,2019-03-11 06:00:00,18.62609768
1,2019-03-11 07:00:00,20.92890751
1,2019-03-11 08:00:00,19.35400242
1,2019-03-11 09:00:00,21.53807755
1,2019-03-11 10:00:00,24.50626995
1,2019-03-11 11:00:00,24.21892265
1,2019-03-11 12:00:00,23.52414023
1,2019-03-11 13:00:00,24.26736638
1,2019-03-11 14:00:00,23.5629479
1,2019-03-11 15:00:00,24.33565509
1,2019-03-11 16:00:00,22.80721396
1,2019-03-11 17:00:00,21.33161656
1,2019-03-11 18:00:00,19.06844442
1,2019-03-11 19:00:00,16.10071388
1,2019-03-11 20:00:00,15.357203
1,2019-03-11 21:00:00,15.35470052
1,2019-03-11 22:00:00,15.39164217
1,2019-03-11 23:00:00,15.39052111
1,2019-03-12 00:00:00,15.39010523
1,2019-03-12 01:00:00,15.39200832
1,2019-03-12 02:00:00,14.687683800000002
1,2019-03-12 03:00:00,14.67725461
1,2019-03-12 04:00:00,14.65685437
1,2019-03-12 05:00:00,16.08017481
1,2019-03-12 06:00:00,19.89934538
1,2019-03-12 07:00:00,19.88826123
1,2019-03-12 08:00:00,20.69624373
1,2019-03-12 09:00:00,22.31047658
1,2019-03-12 10:00:00,22.27029556
1,2019-03-12 11:00:00,22.97785552
1,2019-03-12 12:00:00,22.98702068
1,2019-03-12 13:00:00,21.50913115
1,2019-03-12 14:00:00,20.00272007
1,2019-03-12 15:00:00,19.27112297
1,2019-03-12 16:00:00,19.28174208
1,2019-03-12 17:00:00,17.00098612
1,2019-03-12 18:00:00,14.70937921
1,2019-03-12 19:00:00,15.46836932
1,2019-03-12 20:00:00,15.49963304
1,2019-03-12 21:00:00,15.57117652
1,2019-03-12 22:00:00,14.73801299
1,2019-03-12 23:00:00,15.52087953
1,2019-03-13 00:00:00,15.60998535
1,2019-03-13 01:00:00,15.5616484
1,2019-03-13 02:00:00,16.32451814
1,2019-03-13 03:00:00,16.29250928
1,2019-03-13 04:00:00,15.51415369
1,2019-03-13 05:00:00,15.51260114
1,2019-03-13 06:00:00,19.43696594
1,2019-03-13 07:00:00,20.95580208
1,2019-03-13 08:00:00,21.65511196
1,2019-03-13 09:00:00,19.29954215
1,2019-03-13 10:00:00,20.00028823
1,2019-03-13 11:00:00,21.43360777
1,2019-03-13 12:00:00,20.65045093
1,2019-03-13 13:00:00,19.82801796
1,2019-03-13 14:00:00,19.168840600000006
1,2019-03-13 15:00:00,20.69131323
1,2019-03-13 16:00:00,19.99647343
1,2019-03-13 17:00:00,18.4553397
1,2019-03-13 18:00:00,15.47734926
1,2019-03-13 19:00:00,15.51653696
1,2019-03-13 20:00:00,15.55579737
1,2019-03-13 21:00:00,15.55595033
1,2019-03-13 22:00:00,15.59531475
1,2019-03-13 23:00:00,17.08439116
1,2019-03-14 00:00:00,17.16348173
1,2019-03-14 01:00:00,15.5564092
1,2019-03-14 02:00:00,16.34004058
1,2019-03-14 03:00:00,15.59546354
1,2019-03-14 04:00:00,15.63595405
1,2019-03-14 05:00:00,16.383415799999998
1,2019-03-14 06:00:00,22.57644067
1,2019-03-14 07:00:00,24.1038691
1,2019-03-14 08:00:00,21.71355433
1,2019-03-14 09:00:00,20.8910487
1,2019-03-14 10:00:00,21.47952251
1,2019-03-14 11:00:00,23.63562454
1,2019-03-14 12:00:00,21.28399717
1,2019-03-14 13:00:00,19.75541034
1,2019-03-14 14:00:00,21.28396817
1,2019-03-14 15:00:00,20.53892543
1,2019-03-14 16:00:00,19.87210854
1,2019-03-14 17:00:00,19.2071125
1,2019-03-14 18:00:00,15.19337994
1,2019-03-14 19:00:00,16.04389994
1,2019-03-14 20:00:00,16.81709993
1,2019-03-14 21:00:00,14.53615994
1,2019-03-14 22:00:00,16.85575993
1,2019-03-14 23:00:00,15.34801994
1,2019-03-15 00:00:00,15.38667994
1,2019-03-15 01:00:00,15.34801994
1,2019-03-15 02:00:00,16.19853994
1,2019-03-15 03:00:00,15.38667994
1,2019-03-15 04:00:00,15.46399994
1,2019-03-15 05:00:00,16.89441993
1,2019-03-15 06:00:00,21.53362204
1,2019-03-15 07:00:00,23.73723991
1,2019-03-15 08:00:00,22.19083991
1,2019-03-15 09:00:00,20.52845992
1,2019-03-15 10:00:00,26.28862384
1,2019-03-15 11:00:00,26.06866155
1,2019-03-15 12:00:00,24.99310922
1,2019-03-15 13:00:00,25.65538596
1,2019-03-15 14:00:00,25.52525601
1,2019-03-15 15:00:00,24.87722168
1,2019-03-15 16:00:00,25.01447685
1,2019-03-15 17:00:00,22.83670238
1,2019-03-15 18:00:00,20.64647244
1,2019-03-15 19:00:00,18.40836161
1,2019-03-15 20:00:00,19.21543616
1,2019-03-15 21:00:00,18.42235616
1,2019-03-15 22:00:00,16.91050386
1,2019-03-15 23:00:00,17.71172891
1,2019-03-16 00:00:00,16.93386917
1,2019-03-16 01:00:00,18.50165133
1,2019-03-16 02:00:00,17.71385443
1,2019-03-16 03:00:00,18.53314151
1,2019-03-16 04:00:00,18.55501505
1,2019-03-16 05:00:00,19.34926428
1,2019-03-16 06:00:00,21.62838388
1,2019-03-16 07:00:00,21.69596652
1,2019-03-16 08:00:00,22.49069372
1,2019-03-16 09:00:00,20.78628702
1,2019-03-16 10:00:00,22.13846866
1,2019-03-16 11:00:00,21.90196607
1,2019-03-16 12:00:00,23.34644165
1,2019-03-16 13:00:00,24.02778206
1,2019-03-16 14:00:00,24.71616093
1,2019-03-16 15:00:00,25.5282356
1,2019-03-16 16:00:00,24.86707073
1,2019-03-16 17:00:00,24.8624198
1,2019-03-16 18:00:00,21.97152391
1,2019-03-16 19:00:00,20.54666679
1,2019-03-16 20:00:00,18.28066782
1,2019-03-16 21:00:00,18.28849835
1,2019-03-16 22:00:00,16.85087357
1,2019-03-16 23:00:00,16.07495718
1,2019-03-17 00:00:00,15.32652814
1,2019-03-17 01:00:00,16.13700061
1,2019-03-17 02:00:00,16.83671396
1,2019-03-17 03:00:00,17.68407779
1,2019-03-17 04:00:00,16.91368282
1,2019-03-17 05:00:00,16.97975983
1,2019-03-17 06:00:00,16.96122562
1,2019-03-17 07:00:00,16.14694387
1,2019-03-17 08:00:00,17.619089600000006
1,2019-03-17 09:00:00,16.75218658
1,2019-03-17 10:00:00,20.3519586
1,2019-03-17 11:00:00,22.42538635
1,2019-03-17 12:00:00,20.87519898
1,2019-03-17 13:00:00,20.85236511
1,2019-03-17 14:00:00,21.68287564
1,2019-03-17 15:00:00,21.93216766
1,2019-03-17 16:00:00,23.46848373
1,2019-03-17 17:00:00,22.08378507
1,2019-03-17 18:00:00,19.88711557
1,2019-03-17 19:00:00,19.98633511
1,2019-03-17 20:00:00,19.30824011
1,2019-03-17 21:00:00,19.36963408
1,2019-03-17 22:00:00,17.09935895
1,2019-03-17 23:00:00,17.89044825
1,2019-03-18 00:00:00,17.80302448
1,2019-03-18 01:00:00,19.37661026
1,2019-03-18 02:00:00,17.0214701
1,2019-03-18 03:00:00,18.55307063
1,2019-03-18 04:00:00,18.45570058
1,2019-03-18 05:00:00,17.51428344
1,2019-03-18 06:00:00,4.593651306
1,2019-03-18 07:00:00,18.59099219
1,2019-03-18 08:00:00,20.1884493
1,2019-03-18 09:00:00,17.09351971
1,2019-03-18 10:00:00,31.401737
1,2019-03-18 13:00:00,45.69602348
1,2019-03-18 14:00:00,35.83338526
1,2019-03-18 15:00:00,33.46404602
1,2019-03-18 16:00:00,33.55652095
1,2019-03-18 17:00:00,29.91766838
1,2019-03-18 18:00:00,21.55787098
1,2019-03-18 19:00:00,22.36932923
1,2019-03-18 20:00:00,22.4698522
1,2019-03-18 21:00:00,20.882482
1,2019-03-18 22:00:00,19.45565455
1,2019-03-18 23:00:00,20.16297461
1,2019-03-19 00:00:00,18.68150078
1,2019-03-19 01:00:00,17.91297113
1,2019-03-19 02:00:00,17.16899752
1,2019-03-19 03:00:00,17.11279562
1,2019-03-19 04:00:00,18.04033301
1,2019-03-19 05:00:00,19.54385992
1,2019-03-19 06:00:00,24.99693661
1,2019-03-19 07:00:00,28.04720653
1,2019-03-19 08:00:00,28.80092989
1,2019-03-19 09:00:00,27.9134297
1,2019-03-19 10:00:00,29.41854905
1,2019-03-19 11:00:00,30.20501053
1,2019-03-19 12:00:00,29.35978181
1,2019-03-19 13:00:00,33.73757858
1,2019-03-19 15:00:00,38.46965221
1,2019-03-19 16:00:00,33.8886684
1,2019-03-19 17:00:00,28.70088862
1,2019-03-19 18:00:00,24.99806614
1,2019-03-19 19:00:00,24.9623489
1,2019-03-19 20:00:00,21.91211239
1,2019-03-19 21:00:00,21.8250108
1,2019-03-19 22:00:00,21.87904976
1,2019-03-19 23:00:00,21.80518552
1,2019-03-20 00:00:00,21.87275995
1,2019-03-20 01:00:00,21.8469765
1,2019-03-20 02:00:00,21.12436633
1,2019-03-20 03:00:00,21.87185627
1,2019-03-20 04:00:00,21.88897394
1,2019-03-20 05:00:00,21.86369907
1,2019-03-20 06:00:00,27.33792561
1,2019-03-20 07:00:00,29.63314264
1,2019-03-20 08:00:00,29.50963678
1,2019-03-20 09:00:00,29.56372595
1,2019-03-20 10:00:00,29.58576377
1,2019-03-20 11:00:00,44.88108926
1,2019-03-20 12:00:00,39.43857828
1,2019-03-20 13:00:00,34.87297714
1,2019-03-20 14:00:00,34.79555688
1,2019-03-20 15:00:00,34.08894193
1,2019-03-20 16:00:00,33.36851662
1,2019-03-20 17:00:00,30.40130322
1,2019-03-20 18:00:00,25.70424305
1,2019-03-20 19:00:00,19.5652142
1,2019-03-20 21:00:00,16.22802018
1,2019-03-20 22:00:00,27.84275635
1,2019-03-20 23:00:00,25.55896564
1,2019-03-21 00:00:00,21.01749263
1,2019-03-21 01:00:00,17.08958059
1,2019-03-21 02:00:00,15.51614204
1,2019-03-21 03:00:00,13.22487846
1,2019-03-21 04:00:00,13.97319362
1,2019-03-21 05:00:00,26.46848488
1,2019-03-21 06:00:00,26.71614156
1,2019-03-21 07:00:00,28.60644571
1,2019-03-21 08:00:00,26.20860099
1,2019-03-21 09:00:00,26.01019251
1,2019-03-21 10:00:00,27.5095868
1,2019-03-21 11:00:00,28.24958579
1,2019-03-21 12:00:00,27.43917991
1,2019-03-21 13:00:00,27.35259542
1,2019-03-21 14:00:00,28.04192448
1,2019-03-21 15:00:00,28.13695308
1,2019-03-21 16:00:00,28.18566758
1,2019-03-21 17:00:00,26.82302483
1,2019-03-21 18:00:00,20.75228284
1,2019-03-21 19:00:00,18.49493766
1,2019-03-21 20:00:00,17.7788799
1,2019-03-21 21:00:00,16.99529535
1,2019-03-21 22:00:00,17.001995800000003
1,2019-03-21 23:00:00,16.21679608
1,2019-03-22 00:00:00,17.00660423
1,2019-03-22 01:00:00,16.95543475
1,2019-03-22 02:00:00,17.77765051
1,2019-03-22 03:00:00,17.80004663
1,2019-03-22 04:00:00,18.4977889
1,2019-03-22 05:00:00,18.58457963
1,2019-03-22 06:00:00,23.79713797
1,2019-03-22 07:00:00,27.54040449
1,2019-03-22 08:00:00,19.99412293
1,2019-03-22 09:00:00,11.50023106
1,2019-03-22 10:00:00,45.30205246
1,2019-03-22 11:00:00,46.02312501
1,2019-03-22 12:00:00,36.96256898
1,2019-03-22 13:00:00,35.29973715
1,2019-03-22 14:00:00,36.77236052
1,2019-03-22 15:00:00,35.33523729
1,2019-03-22 16:00:00,34.75367008
1,2019-03-22 17:00:00,31.04461034
1,2019-03-22 18:00:00,26.68393958
1,2019-03-22 19:00:00,22.20657813
1,2019-03-22 20:00:00,25.28891254
1,2019-03-22 21:00:00,23.09888276
1,2019-03-22 22:00:00,20.77666757
1,2019-03-22 23:00:00,19.97540625
1,2019-03-23 00:00:00,19.20291645
1,2019-03-23 01:00:00,19.14109236
1,2019-03-23 02:00:00,19.18527411
1,2019-03-23 03:00:00,18.41475623
1,2019-03-23 04:00:00,16.88021994
1,2019-03-23 05:00:00,17.67705868
1,2019-03-23 06:00:00,20.72991179
1,2019-03-23 07:00:00,22.9924155
1,2019-03-23 08:00:00,19.93444247
1,2019-03-23 09:00:00,20.75754361
1,2019-03-23 10:00:00,21.45747757
1,2019-03-23 11:00:00,22.04626362
1,2019-03-23 12:00:00,25.54041593
1,2019-03-23 13:00:00,25.60743157
1,2019-03-23 14:00:00,26.38614458
1,2019-03-23 15:00:00,26.41449359
1,2019-03-23 16:00:00,25.76762852
1,2019-03-23 17:00:00,24.43922502
1,2019-03-23 18:00:00,23.0585819
1,2019-03-23 19:00:00,20.83591816
1,2019-03-23 20:00:00,19.35696172
1,2019-03-23 21:00:00,18.61154495
1,2019-03-23 22:00:00,18.70852304
1,2019-03-23 23:00:00,16.41694378
1,2019-03-24 00:00:00,17.19701461
1,2019-03-24 01:00:00,17.19597566
1,2019-03-24 02:00:00,17.24821037
1,2019-03-24 03:00:00,16.40925864
1,2019-03-24 04:00:00,15.67571228
1,2019-03-24 05:00:00,16.53118425
1,2019-03-24 06:00:00,18.06543976
1,2019-03-24 07:00:00,18.08691303
1,2019-03-24 08:00:00,17.94563835
1,2019-03-24 09:00:00,20.17859458
1,2019-03-24 10:00:00,23.10312923
1,2019-03-24 11:00:00,21.43732887
1,2019-03-24 12:00:00,22.18380488
1,2019-03-24 13:00:00,23.65786947
1,2019-03-24 14:00:00,22.86459833
1,2019-03-24 15:00:00,22.15805885
1,2019-03-24 16:00:00,22.24604908
1,2019-03-24 17:00:00,21.37950775
1,2019-03-24 18:00:00,21.30416835
1,2019-03-24 19:00:00,22.08117691
1,2019-03-24 20:00:00,20.62815216
1,2019-03-24 21:00:00,20.58835394
1,2019-03-24 22:00:00,20.6117428
1,2019-03-24 23:00:00,19.8281308
1,2019-03-25 00:00:00,19.14973422
1,2019-03-25 01:00:00,19.15992824
1,2019-03-25 02:00:00,17.60358299
1,2019-03-25 03:00:00,17.68444338
1,2019-03-25 04:00:00,16.89321228
1,2019-03-25 05:00:00,19.37982141
1,2019-03-25 06:00:00,23.23894496
1,2019-03-25 07:00:00,27.0519445
1,2019-03-25 08:00:00,24.76176502
1,2019-03-25 09:00:00,27.6783924
1,2019-03-25 10:00:00,28.34219806
1,2019-03-25 11:00:00,28.93321542
1,2019-03-25 12:00:00,28.15741681
1,2019-03-25 13:00:00,28.24993763
1,2019-03-25 14:00:00,28.18354988
1,2019-03-25 15:00:00,27.46598448
1,2019-03-25 16:00:00,27.53113461
1,2019-03-25 17:00:00,23.75433693
1,2019-03-25 18:00:00,20.75398842
1,2019-03-25 19:00:00,20.05054146
1,2019-03-25 20:00:00,19.33638812
1,2019-03-25 21:00:00,18.55059398
1,2019-03-25 22:00:00,19.36600701
1,2019-03-25 23:00:00,17.81919434
1,2019-03-26 00:00:00,18.64534052
1,2019-03-26 01:00:00,18.6294129
1,2019-03-26 02:00:00,18.62503485
1,2019-03-26 03:00:00,17.13097255
1,2019-03-26 04:00:00,18.68847707
1,2019-03-26 05:00:00,17.96132359
1,2019-03-26 06:00:00,24.14029425
1,2019-03-26 07:00:00,27.23292386
1,2019-03-26 08:00:00,27.23567404
1,2019-03-26 09:00:00,25.68409116
1,2019-03-26 10:00:00,26.34199152
1,2019-03-26 11:00:00,25.55996276
1,2019-03-26 12:00:00,25.53025269
1,2019-03-26 13:00:00,24.80720816
1,2019-03-26 14:00:00,25.4844209
1,2019-03-26 15:00:00,25.56527269
1,2019-03-26 16:00:00,24.16746657
1,2019-03-26 17:00:00,21.79845196
1,2019-03-26 18:00:00,19.57153004
1,2019-03-26 19:00:00,18.85977617
1,2019-03-26 20:00:00,18.89215796
1,2019-03-26 21:00:00,17.33046522
1,2019-03-26 22:00:00,18.13052803
1,2019-03-26 23:00:00,17.35969986
1,2019-03-27 00:00:00,17.32160951
1,2019-03-27 01:00:00,16.57416784
1,2019-03-27 02:00:00,17.36911169
1,2019-03-27 03:00:00,18.15343024
1,2019-03-27 04:00:00,17.39995685
1,2019-03-27 05:00:00,18.12936889
1,2019-03-27 06:00:00,22.24375488
1,2019-03-27 07:00:00,26.73839124
1,2019-03-27 08:00:00,25.79198177
1,2019-03-27 09:00:00,25.75438538
1,2019-03-27 10:00:00,27.13613393
1,2019-03-27 11:00:00,27.76010166
1,2019-03-27 12:00:00,27.67796326
1,2019-03-27 13:00:00,27.56726145
1,2019-03-27 14:00:00,28.39026137
1,2019-03-27 15:00:00,27.67063431
1,2019-03-27 16:00:00,27.6868206
1,2019-03-27 17:00:00,25.49894062
1,2019-03-27 18:00:00,20.96018341
1,2019-03-27 19:00:00,20.33449777
1,2019-03-27 20:00:00,18.82278462
1,2019-03-27 21:00:00,21.14973995
1,2019-03-27 22:00:00,18.86570538
1,2019-03-27 23:00:00,18.14006644
1,2019-03-28 00:00:00,20.51123306
1,2019-03-28 01:00:00,18.93383068
1,2019-03-28 02:00:00,18.96947442
1,2019-03-28 03:00:00,18.14631418
1,2019-03-28 04:00:00,18.94884783
1,2019-03-28 05:00:00,18.96773003
1,2019-03-28 06:00:00,25.3025544
1,2019-03-28 07:00:00,28.41406887
1,2019-03-28 08:00:00,25.86915158
1,2019-03-28 09:00:00,26.38431746
1,2019-03-28 10:00:00,27.63563385
1,2019-03-28 11:00:00,29.04086655
1,2019-03-28 12:00:00,29.00338516
1,2019-03-28 13:00:00,25.97089592
1,2019-03-28 14:00:00,35.89574359
1,2019-03-28 15:00:00,38.94922921
1,2019-03-28 16:00:00,32.09775389
1,2019-03-28 17:00:00,24.4569874
1,2019-03-28 18:00:00,22.98429997
1,2019-03-28 19:00:00,21.62117634
1,2019-03-28 20:00:00,20.88458193
1,2019-03-28 21:00:00,20.1530151
1,2019-03-28 22:00:00,19.38096283
1,2019-03-28 23:00:00,18.68144283
1,2019-03-29 00:00:00,18.0071582
1,2019-03-29 01:00:00,18.77197639
1,2019-03-29 02:00:00,18.71998579
1,2019-03-29 03:00:00,17.92883358
1,2019-03-29 04:00:00,17.87513121
1,2019-03-29 05:00:00,20.89657298
1,2019-03-29 06:00:00,23.97657143
1,2019-03-29 07:00:00,27.75384937
1,2019-03-29 08:00:00,27.05512286
1,2019-03-29 09:00:00,27.69878955
1,2019-03-29 10:00:00,28.50937404
1,2019-03-29 11:00:00,29.08527525
1,2019-03-29 12:00:00,29.04572655
1,2019-03-29 13:00:00,28.99593042
1,2019-03-29 14:00:00,29.03794451
1,2019-03-29 15:00:00,28.32537835
1,2019-03-29 16:00:00,28.319423800000006
1,2019-03-29 17:00:00,28.69886118
1,2019-03-29 18:00:00,22.54787238
1,2019-03-29 19:00:00,20.32647977
1,2019-03-29 20:00:00,18.10196833
1,2019-03-29 21:00:00,17.20770518
1,2019-03-29 22:00:00,17.25795422
1,2019-03-29 23:00:00,18.0194445
1,2019-03-30 00:00:00,17.23800962
1,2019-03-30 01:00:00,17.27831012
1,2019-03-30 02:00:00,16.54039998
1,2019-03-30 03:00:00,18.18469086
1,2019-03-30 04:00:00,17.39061295
1,2019-03-30 05:00:00,16.59790512
1,2019-03-30 06:00:00,21.26569906
1,2019-03-30 07:00:00,22.891063
1,2019-03-30 08:00:00,19.82414366
1,2019-03-30 09:00:00,21.34232048
1,2019-03-30 10:00:00,18.92754218
1,2019-03-30 11:00:00,19.64120324
1,2019-03-30 12:00:00,19.67042818
1,2019-03-30 13:00:00,18.71001375
1,2019-03-30 14:00:00,19.45887422
1,2019-03-30 15:00:00,18.02630219
1,2019-03-30 16:00:00,18.80328195
1,2019-03-30 17:00:00,18.94734558
1,2019-03-30 18:00:00,18.17769089
1,2019-03-30 19:00:00,18.94520691
1,2019-03-30 20:00:00,18.12650475
1,2019-03-30 21:00:00,19.79538831
1,2019-03-30 22:00:00,17.398534899999998
1,2019-03-30 23:00:00,18.8676947
1,2019-03-31 00:00:00,18.92921716
1,2019-03-31 01:00:00,17.16252945
1,2019-03-31 02:00:00,18.37682556
1,2019-03-31 03:00:00,16.7978675
1,2019-03-31 04:00:00,17.56041998
1,2019-03-31 05:00:00,17.61804703
1,2019-03-31 06:00:00,17.57912709
1,2019-03-31 07:00:00,19.08513419
1,2019-03-31 08:00:00,18.3376753
1,2019-03-31 09:00:00,19.13254382
1,2019-03-31 10:00:00,18.64530128
1,2019-03-31 11:00:00,18.70178297
1,2019-03-31 12:00:00,17.86241407
1,2019-03-31 13:00:00,16.15554653
1,2019-03-31 14:00:00,15.47923126
1,2019-03-31 15:00:00,16.35046594
1,2019-03-31 16:00:00,17.17507488
1,2019-03-31 17:00:00,17.1459415
1,2019-03-31 18:00:00,17.06565346
1,2019-03-31 19:00:00,15.57349295
1,2019-03-31 20:00:00,17.12464077
1,2019-03-31 21:00:00,17.15283846
1,2019-03-31 22:00:00,17.93041388
1,2019-03-31 23:00:00,16.43060152
1,2019-04-01 00:00:00,17.16204543
1,2019-04-01 01:00:00,17.92905467
1,2019-04-01 02:00:00,16.3637329
1,2019-04-01 03:00:00,16.34836646
1,2019-04-01 04:00:00,17.132282399999998
1,2019-04-01 05:00:00,17.96733106
1,2019-04-01 06:00:00,22.55000916
1,2019-04-01 06:00:00,22.55000916
1,2019-04-01 07:00:00,25.60563281
1,2019-04-01 07:00:00,25.60563281
1,2019-04-01 08:00:00,27.82645927
1,2019-04-01 08:00:00,27.82645927
1,2019-04-01 09:00:00,30.1276132
1,2019-04-01 09:00:00,30.1276132
1,2019-04-01 10:00:00,28.52006156
1,2019-04-01 10:00:00,28.52006156
1,2019-04-01 11:00:00,27.74767125
1,2019-04-01 11:00:00,27.74767125
1,2019-04-01 12:00:00,27.0207605
1,2019-04-01 12:00:00,27.0207605
1,2019-04-01 13:00:00,28.53703958
1,2019-04-01 13:00:00,28.53703958
1,2019-04-01 14:00:00,26.34345216
1,2019-04-01 14:00:00,26.34345216
1,2019-04-01 15:00:00,26.32716253
1,2019-04-01 15:00:00,26.32716253
1,2019-04-01 16:00:00,25.52015534
1,2019-04-01 16:00:00,25.52015534
1,2019-04-01 17:00:00,23.24086578
1,2019-04-01 17:00:00,23.24086578
1,2019-04-01 18:00:00,20.22063778
1,2019-04-01 18:00:00,20.22063778
1,2019-04-01 19:00:00,19.46717627
1,2019-04-01 19:00:00,19.46717627
1,2019-04-01 20:00:00,20.31013732
1,2019-04-01 20:00:00,20.31013732
1,2019-04-01 21:00:00,20.38890898
1,2019-04-01 21:00:00,20.38890898
1,2019-04-01 22:00:00,18.91991711
1,2019-04-01 22:00:00,18.91991711
1,2019-04-01 23:00:00,20.54662933
1,2019-04-01 23:00:00,20.54662933
1,2019-04-02 00:00:00,21.32616646
1,2019-04-02 00:00:00,21.32616646
1,2019-04-02 01:00:00,21.3002607
1,2019-04-02 01:00:00,21.3002607
1,2019-04-02 02:00:00,20.53962763
1,2019-04-02 02:00:00,20.53962763
1,2019-04-02 03:00:00,22.02164746
1,2019-04-02 03:00:00,22.02164746
1,2019-04-02 04:00:00,22.08406555
1,2019-04-02 04:00:00,22.08406555
1,2019-04-02 05:00:00,23.57600057
1,2019-04-02 05:00:00,23.57600057
1,2019-04-02 06:00:00,28.199342699999995
1,2019-04-02 06:00:00,28.199342699999995
1,2019-04-02 07:00:00,31.05991282
1,2019-04-02 07:00:00,31.05991282
1,2019-04-02 08:00:00,35.767676
1,2019-04-02 08:00:00,35.767676
1,2019-04-02 09:00:00,36.37455407
1,2019-04-02 09:00:00,36.37455407
1,2019-04-02 10:00:00,31.41921428
1,2019-04-02 10:00:00,31.41921428
1,2019-04-02 11:00:00,26.65351346
1,2019-04-02 11:00:00,26.65351346
1,2019-04-02 12:00:00,27.25766525
1,2019-04-02 12:00:00,27.25766525
1,2019-04-02 13:00:00,28.97228308
1,2019-04-02 13:00:00,28.97228308
1,2019-04-02 14:00:00,25.01943876
1,2019-04-02 14:00:00,25.01943876
1,2019-04-02 15:00:00,26.52845642
1,2019-04-02 15:00:00,26.52845642
1,2019-04-02 16:00:00,29.63324756
1,2019-04-02 16:00:00,29.63324756
1,2019-04-02 17:00:00,27.53697825
1,2019-04-02 17:00:00,27.53697825
1,2019-04-02 18:00:00,23.04723286
1,2019-04-02 18:00:00,23.04723286
1,2019-04-02 19:00:00,21.64020483
1,2019-04-02 19:00:00,21.64020483
1,2019-04-02 20:00:00,20.09653452
1,2019-04-02 20:00:00,20.09653452
1,2019-04-02 21:00:00,18.54267769
1,2019-04-02 21:00:00,18.54267769
1,2019-04-02 22:00:00,17.7900639
1,2019-04-02 22:00:00,17.7900639
1,2019-04-02 23:00:00,17.04856619
1,2019-04-02 23:00:00,17.04856619
1,2019-04-03 00:00:00,17.82457214
1,2019-04-03 00:00:00,17.82457214
1,2019-04-03 01:00:00,17.08838803
1,2019-04-03 01:00:00,17.08838803
1,2019-04-03 02:00:00,16.39205184
1,2019-04-03 02:00:00,16.39205184
1,2019-04-03 03:00:00,17.1458553
1,2019-04-03 03:00:00,17.1458553
1,2019-04-03 04:00:00,17.13542974
1,2019-04-03 04:00:00,17.13542974
1,2019-04-03 05:00:00,18.65445569
1,2019-04-03 05:00:00,18.65445569
1,2019-04-03 06:00:00,23.12531522
1,2019-04-03 06:00:00,23.12531522
1,2019-04-03 07:00:00,20.79705762
1,2019-04-03 07:00:00,20.79705762
1,2019-04-03 08:00:00,19.99071043
1,2019-04-03 08:00:00,19.99071043
1,2019-04-03 09:00:00,30.57033389
1,2019-04-03 09:00:00,30.57033389
1,2019-04-03 10:00:00,24.32184214
1,2019-04-03 10:00:00,24.32184214
1,2019-04-03 11:00:00,30.3521968
1,2019-04-03 11:00:00,30.3521968
1,2019-04-03 12:00:00,31.1484413
1,2019-04-03 12:00:00,31.1484413
1,2019-04-03 13:00:00,30.56514862
1,2019-04-03 13:00:00,30.56514862
1,2019-04-03 14:00:00,29.8579287
1,2019-04-03 14:00:00,29.8579287
1,2019-04-03 15:00:00,30.60302261
1,2019-04-03 15:00:00,30.60302261
1,2019-04-03 16:00:00,29.24787173
1,2019-04-03 16:00:00,29.24787173
1,2019-04-03 17:00:00,25.55275803
1,2019-04-03 17:00:00,25.55275803
1,2019-04-03 18:00:00,21.98274553
1,2019-04-03 18:00:00,21.98274553
1,2019-04-03 19:00:00,19.61193346
1,2019-04-03 19:00:00,19.61193346
1,2019-04-03 20:00:00,18.77706289
1,2019-04-03 20:00:00,18.77706289
1,2019-04-03 21:00:00,18.01031763
1,2019-04-03 21:00:00,18.01031763
1,2019-04-03 22:00:00,18.00221878
1,2019-04-03 22:00:00,18.00221878
1,2019-04-03 23:00:00,17.21702217
1,2019-04-03 23:00:00,17.21702217
1,2019-04-04 00:00:00,17.25664563
1,2019-04-04 00:00:00,17.25664563
1,2019-04-04 01:00:00,17.2246561
1,2019-04-04 01:00:00,17.2246561
1,2019-04-04 02:00:00,17.16052451
1,2019-04-04 02:00:00,17.16052451
1,2019-04-04 03:00:00,17.22825842
1,2019-04-04 03:00:00,17.22825842
1,2019-04-04 04:00:00,18.01913001
1,2019-04-04 04:00:00,18.01913001
1,2019-04-04 05:00:00,19.57343603
1,2019-04-04 05:00:00,19.57343603
1,2019-04-04 06:00:00,25.01722298
1,2019-04-04 06:00:00,25.01722298
1,2019-04-04 07:00:00,19.53617389
1,2019-04-04 07:00:00,19.53617389
1,2019-04-04 08:00:00,19.49485663
1,2019-04-04 08:00:00,19.49485663
1,2019-04-04 09:00:00,22.5954409
1,2019-04-04 09:00:00,22.5954409
1,2019-04-04 10:00:00,23.98150227
1,2019-04-04 10:00:00,23.98150227
1,2019-04-04 11:00:00,25.45722372
1,2019-04-04 11:00:00,25.45722372
1,2019-04-04 12:00:00,26.08760991
1,2019-04-04 12:00:00,26.08760991
1,2019-04-04 13:00:00,27.62453712
1,2019-04-04 13:00:00,27.62453712
1,2019-04-04 14:00:00,26.92104799
1,2019-04-04 14:00:00,26.92104799
1,2019-04-04 15:00:00,27.6444314
1,2019-04-04 15:00:00,27.6444314
1,2019-04-04 16:00:00,30.0280235
1,2019-04-04 16:00:00,30.0280235
1,2019-04-04 17:00:00,30.09328922
1,2019-04-04 17:00:00,30.09328922
1,2019-04-04 18:00:00,26.23035231
1,2019-04-04 18:00:00,26.23035231
1,2019-04-04 19:00:00,29.28236926
1,2019-04-04 19:00:00,29.28236926
1,2019-04-04 20:00:00,21.56730945
1,2019-04-04 20:00:00,21.56730945
1,2019-04-04 21:00:00,18.61073496
1,2019-04-04 21:00:00,18.61073496
1,2019-04-04 22:00:00,17.14191289
1,2019-04-04 22:00:00,17.14191289
1,2019-04-04 23:00:00,18.63148769
1,2019-04-04 23:00:00,18.63148769
1,2019-04-05 00:00:00,17.91138966
1,2019-04-05 00:00:00,17.91138966
1,2019-04-05 01:00:00,17.04062283
1,2019-04-05 01:00:00,17.04062283
1,2019-04-05 02:00:00,18.66997805
1,2019-04-05 02:00:00,18.66997805
1,2019-04-05 03:00:00,17.21272572
1,2019-04-05 03:00:00,17.21272572
1,2019-04-05 04:00:00,18.80753333
1,2019-04-05 04:00:00,18.80753333
1,2019-04-05 05:00:00,19.79999852
1,2019-04-05 05:00:00,19.79999852
1,2019-04-05 06:00:00,24.46417926
1,2019-04-05 06:00:00,24.46417926
1,2019-04-05 07:00:00,25.93553536
1,2019-04-05 07:00:00,25.93553536
1,2019-04-05 08:00:00,24.11682926
1,2019-04-05 08:00:00,24.11682926
1,2019-04-05 09:00:00,20.94876041
1,2019-04-05 09:00:00,20.94876041
1,2019-04-05 10:00:00,22.39876143
1,2019-04-05 10:00:00,22.39876143
1,2019-04-05 11:00:00,26.95800745
1,2019-04-05 11:00:00,26.95800745
1,2019-04-05 12:00:00,27.69955221
1,2019-04-05 12:00:00,27.69955221
1,2019-04-05 14:00:00,41.70932661
1,2019-04-05 14:00:00,41.70932661
1,2019-04-05 15:00:00,31.07412533
1,2019-04-05 15:00:00,31.07412533
1,2019-04-05 16:00:00,30.39335315
1,2019-04-05 16:00:00,30.39335315
1,2019-04-05 17:00:00,25.98632785
1,2019-04-05 17:00:00,25.98632785
1,2019-04-05 18:00:00,22.14554309
1,2019-04-05 18:00:00,22.14554309
1,2019-04-05 19:00:00,21.35638013
1,2019-04-05 19:00:00,21.35638013
1,2019-04-05 20:00:00,22.15145696
1,2019-04-05 20:00:00,22.15145696
1,2019-04-05 21:00:00,21.59190323
1,2019-04-05 21:00:00,21.59190323
1,2019-04-05 22:00:00,20.05436909
1,2019-04-05 22:00:00,20.05436909
1,2019-04-05 23:00:00,21.42492899
1,2019-04-05 23:00:00,21.42492899
1,2019-04-06 00:00:00,19.96824783
1,2019-04-06 00:00:00,19.96824783
1,2019-04-06 01:00:00,19.92590607
1,2019-04-06 01:00:00,19.92590607
1,2019-04-06 02:00:00,18.51277584
1,2019-04-06 02:00:00,18.51277584
1,2019-04-06 03:00:00,17.03086414
1,2019-04-06 03:00:00,17.03086414
1,2019-04-06 04:00:00,17.03580299
1,2019-04-06 04:00:00,17.03580299
1,2019-04-06 05:00:00,16.27379102
1,2019-04-06 05:00:00,16.27379102
1,2019-04-06 06:00:00,20.11725578
1,2019-04-06 06:00:00,20.11725578
1,2019-04-06 07:00:00,20.93314034
1,2019-04-06 07:00:00,20.93314034
1,2019-04-06 08:00:00,19.3740901
1,2019-04-06 08:00:00,19.3740901
1,2019-04-06 09:00:00,19.30599436
1,2019-04-06 09:00:00,19.30599436
1,2019-04-06 10:00:00,22.40801862
1,2019-04-06 10:00:00,22.40801862
1,2019-04-06 11:00:00,20.84169441
1,2019-04-06 11:00:00,20.84169441
1,2019-04-06 12:00:00,20.03169045
1,2019-04-06 12:00:00,20.03169045
1,2019-04-06 13:00:00,23.02729766
1,2019-04-06 13:00:00,23.02729766
1,2019-04-06 14:00:00,21.48584613
1,2019-04-06 14:00:00,21.48584613
1,2019-04-06 15:00:00,22.28359311
1,2019-04-06 15:00:00,22.28359311
1,2019-04-06 16:00:00,21.57836559
1,2019-04-06 16:00:00,21.57836559
1,2019-04-06 17:00:00,20.12324682
1,2019-04-06 17:00:00,20.12324682
1,2019-04-06 18:00:00,19.51864584
1,2019-04-06 18:00:00,19.51864584
1,2019-04-06 19:00:00,18.72766104
1,2019-04-06 19:00:00,18.72766104
1,2019-04-06 20:00:00,17.21317968
1,2019-04-06 20:00:00,17.21317968
1,2019-04-06 21:00:00,17.98211077
1,2019-04-06 21:00:00,17.98211077
1,2019-04-06 22:00:00,17.21817659
1,2019-04-06 22:00:00,17.21817659
1,2019-04-06 23:00:00,16.47465797
1,2019-04-06 23:00:00,16.47465797
1,2019-04-07 00:00:00,16.4187873
1,2019-04-07 00:00:00,16.4187873
1,2019-04-07 01:00:00,16.46011826
1,2019-04-07 01:00:00,16.46011826
1,2019-04-07 02:00:00,17.29214288
1,2019-04-07 02:00:00,17.29214288
1,2019-04-07 03:00:00,18.13281796
1,2019-04-07 03:00:00,18.13281796
1,2019-04-07 04:00:00,17.35040702
1,2019-04-07 04:00:00,17.35040702
1,2019-04-07 05:00:00,17.27981232
1,2019-04-07 05:00:00,17.27981232
1,2019-04-07 06:00:00,18.89027527
1,2019-04-07 06:00:00,18.89027527
1,2019-04-07 07:00:00,18.91543729
1,2019-04-07 07:00:00,18.91543729
1,2019-04-07 08:00:00,18.81687743
1,2019-04-07 08:00:00,18.81687743
1,2019-04-07 09:00:00,19.448037
1,2019-04-07 09:00:00,19.448037
1,2019-04-07 10:00:00,20.05750633
1,2019-04-07 10:00:00,20.05750633
1,2019-04-07 11:00:00,19.27139612
1,2019-04-07 11:00:00,19.27139612
1,2019-04-07 12:00:00,21.56788061
1,2019-04-07 12:00:00,21.56788061
1,2019-04-07 13:00:00,21.37252797
1,2019-04-07 13:00:00,21.37252797
1,2019-04-07 14:00:00,21.94815373
1,2019-04-07 14:00:00,21.94815373
1,2019-04-07 15:00:00,21.29667226
1,2019-04-07 15:00:00,21.29667226
1,2019-04-07 16:00:00,20.73204807
1,2019-04-07 16:00:00,20.73204807
1,2019-04-07 17:00:00,20.77682327
1,2019-04-07 17:00:00,20.77682327
1,2019-04-07 18:00:00,20.12144575
1,2019-04-07 18:00:00,20.12144575
1,2019-04-07 19:00:00,20.11292719
1,2019-04-07 19:00:00,20.11292719
1,2019-04-07 20:00:00,18.59272461
1,2019-04-07 20:00:00,18.59272461
1,2019-04-07 21:00:00,18.65757922
1,2019-04-07 21:00:00,18.65757922
1,2019-04-07 22:00:00,18.67542087
1,2019-04-07 22:00:00,18.67542087
1,2019-04-07 23:00:00,18.06683193
1,2019-04-07 23:00:00,18.06683193
1,2019-04-08 00:00:00,17.27300412
1,2019-04-08 00:00:00,17.27300412
1,2019-04-08 01:00:00,15.72348841
1,2019-04-08 01:00:00,15.72348841
1,2019-04-08 02:00:00,16.45978428
1,2019-04-08 02:00:00,16.45978428
1,2019-04-08 03:00:00,16.50187762
1,2019-04-08 03:00:00,16.50187762
1,2019-04-08 04:00:00,17.26155487
1,2019-04-08 04:00:00,17.26155487
1,2019-04-08 05:00:00,17.23518404
1,2019-04-08 05:00:00,17.23518404
1,2019-04-08 06:00:00,18.76120461
1,2019-04-08 06:00:00,18.76120461
1,2019-04-08 07:00:00,21.6931425
1,2019-04-08 07:00:00,21.6931425
1,2019-04-08 08:00:00,26.9791527
1,2019-04-08 08:00:00,26.9791527
1,2019-04-08 09:00:00,26.39225371
1,2019-04-08 09:00:00,26.39225371
1,2019-04-08 10:00:00,28.24130049
1,2019-04-08 10:00:00,28.24130049
1,2019-04-08 11:00:00,28.25705366
1,2019-04-08 11:00:00,28.25705366
1,2019-04-08 12:00:00,27.57085342
1,2019-04-08 12:00:00,27.57085342
1,2019-04-08 13:00:00,27.44568482
1,2019-04-08 13:00:00,27.44568482
1,2019-04-08 14:00:00,28.64154892
1,2019-04-08 14:00:00,28.64154892
1,2019-04-08 15:00:00,27.88555341
1,2019-04-08 15:00:00,27.88555341
1,2019-04-08 16:00:00,28.14858742
1,2019-04-08 16:00:00,28.14858742
1,2019-04-08 17:00:00,26.67059996
1,2019-04-08 17:00:00,26.67059996
1,2019-04-08 18:00:00,25.42478159
1,2019-04-08 18:00:00,25.42478159
1,2019-04-08 19:00:00,20.90034208
1,2019-04-08 19:00:00,20.90034208
1,2019-04-08 20:00:00,19.49205442
1,2019-04-08 20:00:00,19.49205442
1,2019-04-08 21:00:00,19.47325098
1,2019-04-08 21:00:00,19.47325098
1,2019-04-08 22:00:00,18.70977754
1,2019-04-08 22:00:00,18.70977754
1,2019-04-08 23:00:00,16.39343658
1,2019-04-08 23:00:00,16.39343658
1,2019-04-09 00:00:00,17.96041416
1,2019-04-09 00:00:00,17.96041416
1,2019-04-09 01:00:00,17.18214164
1,2019-04-09 01:00:00,17.18214164
1,2019-04-09 02:00:00,16.43717514
1,2019-04-09 02:00:00,16.43717514
1,2019-04-09 03:00:00,15.62263489
1,2019-04-09 03:00:00,15.62263489
1,2019-04-09 04:00:00,16.41165894
1,2019-04-09 04:00:00,16.41165894
1,2019-04-09 05:00:00,16.4033725
1,2019-04-09 05:00:00,16.4033725
1,2019-04-09 06:00:00,17.18508301
1,2019-04-09 06:00:00,17.18508301
1,2019-04-09 07:00:00,21.88891737
1,2019-04-09 07:00:00,21.88891737
1,2019-04-09 08:00:00,27.25171454
1,2019-04-09 08:00:00,27.25171454
1,2019-04-09 09:00:00,26.44315132
1,2019-04-09 09:00:00,26.44315132
1,2019-04-09 10:00:00,24.78283648
1,2019-04-09 10:00:00,24.78283648
1,2019-04-09 11:00:00,26.23497291
1,2019-04-09 11:00:00,26.23497291
1,2019-04-09 12:00:00,24.71196293
1,2019-04-09 12:00:00,24.71196293
1,2019-04-09 13:00:00,24.79737384
1,2019-04-09 13:00:00,24.79737384
1,2019-04-09 14:00:00,23.91755959
1,2019-04-09 14:00:00,23.91755959
1,2019-04-09 15:00:00,23.92440614
1,2019-04-09 15:00:00,23.92440614
1,2019-04-09 16:00:00,22.4255514
1,2019-04-09 16:00:00,22.4255514
1,2019-04-09 17:00:00,23.21604912
1,2019-04-09 17:00:00,23.21604912
1,2019-04-09 18:00:00,20.27421227
1,2019-04-09 18:00:00,20.27421227
1,2019-04-09 19:00:00,18.09866955
1,2019-04-09 19:00:00,18.09866955
1,2019-04-09 20:00:00,17.98360733
1,2019-04-09 20:00:00,17.98360733
1,2019-04-09 21:00:00,17.95616514
1,2019-04-09 21:00:00,17.95616514
1,2019-04-09 22:00:00,17.30920243
1,2019-04-09 22:00:00,17.30920243
1,2019-04-09 23:00:00,18.08259237
1,2019-04-09 23:00:00,18.08259237
1,2019-04-10 00:00:00,17.303938600000002
1,2019-04-10 00:00:00,17.303938600000002
1,2019-04-10 01:00:00,17.25868378
1,2019-04-10 01:00:00,17.25868378
1,2019-04-10 02:00:00,17.19866534
1,2019-04-10 02:00:00,17.19866534
1,2019-04-10 03:00:00,17.98825768
1,2019-04-10 03:00:00,17.98825768
1,2019-04-10 04:00:00,17.23046876
1,2019-04-10 04:00:00,17.23046876
1,2019-04-10 05:00:00,17.93458656
1,2019-04-10 05:00:00,17.93458656
1,2019-04-10 06:00:00,18.73157044
1,2019-04-10 06:00:00,18.73157044
1,2019-04-10 07:00:00,23.43685102
1,2019-04-10 07:00:00,23.43685102
1,2019-04-10 08:00:00,34.18537448
1,2019-04-10 08:00:00,34.18537448
1,2019-04-10 09:00:00,30.35499854
1,2019-04-10 09:00:00,30.35499854
1,2019-04-10 10:00:00,21.83584688
1,2019-04-10 10:00:00,21.83584688
1,2019-04-10 11:00:00,25.71750806
1,2019-04-10 11:00:00,25.71750806
1,2019-04-10 12:00:00,25.04081815
1,2019-04-10 12:00:00,25.04081815
1,2019-04-10 13:00:00,24.98484159
1,2019-04-10 13:00:00,24.98484159
1,2019-04-10 14:00:00,25.62823561
1,2019-04-10 14:00:00,25.62823561
1,2019-04-10 15:00:00,26.51816757
1,2019-04-10 15:00:00,26.51816757
1,2019-04-10 16:00:00,24.84067581
1,2019-04-10 16:00:00,24.84067581
1,2019-04-10 17:00:00,24.98431559
1,2019-04-10 17:00:00,24.98431559
1,2019-04-10 18:00:00,22.55844956
1,2019-04-10 18:00:00,22.55844956
1,2019-04-10 19:00:00,21.00123659
1,2019-04-10 19:00:00,21.00123659
1,2019-04-10 20:00:00,19.41430518
1,2019-04-10 20:00:00,19.41430518
1,2019-04-10 21:00:00,18.75018565
1,2019-04-10 21:00:00,18.75018565
1,2019-04-10 22:00:00,18.69901357
1,2019-04-10 22:00:00,18.69901357
1,2019-04-10 23:00:00,18.71103306
1,2019-04-10 23:00:00,18.71103306
1,2019-04-11 00:00:00,19.43433298
1,2019-04-11 00:00:00,19.43433298
1,2019-04-11 01:00:00,17.15649704
1,2019-04-11 01:00:00,17.15649704
1,2019-04-11 02:00:00,18.62903878
1,2019-04-11 02:00:00,18.62903878
1,2019-04-11 03:00:00,17.891198199999995
1,2019-04-11 03:00:00,17.891198199999995
1,2019-04-11 04:00:00,18.67958862
1,2019-04-11 04:00:00,18.67958862
1,2019-04-11 05:00:00,18.72345124
1,2019-04-11 05:00:00,18.72345124
1,2019-04-11 06:00:00,21.06021386
1,2019-04-11 06:00:00,21.06021386
1,2019-04-11 07:00:00,24.89496652
1,2019-04-11 07:00:00,24.89496652
1,2019-04-11 08:00:00,28.61524092
1,2019-04-11 08:00:00,28.61524092
1,2019-04-11 09:00:00,35.25932053
1,2019-04-11 09:00:00,35.25932053
1,2019-04-11 10:00:00,28.06214584
1,2019-04-11 10:00:00,28.06214584
1,2019-04-11 11:00:00,26.42834611
1,2019-04-11 11:00:00,26.42834611
1,2019-04-11 12:00:00,27.79087673
1,2019-04-11 12:00:00,27.79087673
1,2019-04-11 13:00:00,27.74982461
1,2019-04-11 13:00:00,27.74982461
1,2019-04-11 14:00:00,27.1030128
1,2019-04-11 14:00:00,27.1030128
1,2019-04-11 15:00:00,27.28987904
1,2019-04-11 15:00:00,27.28987904
1,2019-04-11 16:00:00,25.70240967
1,2019-04-11 16:00:00,25.70240967
1,2019-04-11 17:00:00,24.29027716
1,2019-04-11 17:00:00,24.29027716
1,2019-04-11 18:00:00,23.22200483
1,2019-04-11 18:00:00,23.22200483
1,2019-04-11 19:00:00,20.23400448
1,2019-04-11 19:00:00,20.23400448
1,2019-04-11 20:00:00,19.42536754
1,2019-04-11 20:00:00,19.42536754
1,2019-04-11 21:00:00,19.44907196
1,2019-04-11 21:00:00,19.44907196
1,2019-04-11 22:00:00,18.70236397
1,2019-04-11 22:00:00,18.70236397
1,2019-04-11 23:00:00,19.48121124
1,2019-04-11 23:00:00,19.48121124
1,2019-04-12 00:00:00,18.74085041
1,2019-04-12 00:00:00,18.74085041
1,2019-04-12 01:00:00,20.28786858
1,2019-04-12 01:00:00,20.28786858
1,2019-04-12 02:00:00,20.23940841
1,2019-04-12 02:00:00,20.23940841
1,2019-04-12 03:00:00,21.03862942
1,2019-04-12 03:00:00,21.03862942
1,2019-04-12 04:00:00,21.0667694
1,2019-04-12 04:00:00,21.0667694
1,2019-04-12 05:00:00,21.1661805
1,2019-04-12 05:00:00,21.1661805
1,2019-04-12 06:00:00,22.81138024
1,2019-04-12 06:00:00,22.81138024
1,2019-04-12 07:00:00,26.10893494
1,2019-04-12 07:00:00,26.10893494
1,2019-04-12 08:00:00,30.02323481
1,2019-04-12 08:00:00,30.02323481
1,2019-04-12 09:00:00,29.17892535
1,2019-04-12 09:00:00,29.17892535
1,2019-04-12 10:00:00,29.60055786
1,2019-04-12 10:00:00,29.60055786
1,2019-04-12 11:00:00,29.50713574
1,2019-04-12 11:00:00,29.50713574
1,2019-04-12 12:00:00,28.60616139
1,2019-04-12 12:00:00,28.60616139
1,2019-04-12 13:00:00,28.49187943
1,2019-04-12 13:00:00,28.49187943
1,2019-04-12 14:00:00,28.65435965
1,2019-04-12 14:00:00,28.65435965
1,2019-04-12 15:00:00,28.93125442
1,2019-04-12 15:00:00,28.93125442
1,2019-04-12 16:00:00,29.33081346
1,2019-04-12 16:00:00,29.33081346
1,2019-04-12 17:00:00,37.08546477
1,2019-04-12 17:00:00,37.08546843
1,2019-04-12 18:00:00,32.12939987
1,2019-04-12 18:00:00,32.12939987
1,2019-04-12 19:00:00,19.34236145
1,2019-04-12 19:00:00,19.34236145
1,2019-04-12 20:00:00,20.26397656
1,2019-04-12 20:00:00,20.26397656
1,2019-04-12 21:00:00,19.49066725
1,2019-04-12 21:00:00,19.49066725
1,2019-04-12 22:00:00,19.51863861
1,2019-04-12 22:00:00,19.51863861
1,2019-04-12 23:00:00,18.78999573
1,2019-04-12 23:00:00,18.78999573
1,2019-04-13 00:00:00,19.59329224
1,2019-04-13 00:00:00,19.59329224
1,2019-04-13 01:00:00,19.63660431
1,2019-04-13 01:00:00,19.63660622
1,2019-04-13 02:00:00,21.25834305
1,2019-04-13 02:00:00,21.25834305
1,2019-04-13 03:00:00,20.70434479
1,2019-04-13 03:00:00,20.70434479
1,2019-04-13 04:00:00,21.41282181
1,2019-04-13 04:00:00,21.41282181
1,2019-04-13 05:00:00,20.47909424
1,2019-04-13 05:00:00,20.47909424
1,2019-04-13 06:00:00,21.18394702
1,2019-04-13 06:00:00,21.18394702
1,2019-04-13 07:00:00,21.97060503
1,2019-04-13 07:00:00,21.97060503
1,2019-04-13 08:00:00,23.44571611
1,2019-04-13 08:00:00,23.44571611
1,2019-04-13 09:00:00,21.78712164
1,2019-04-13 09:00:00,21.78712164
1,2019-04-13 10:00:00,24.13138001
1,2019-04-13 10:00:00,24.13138001
1,2019-04-13 11:00:00,20.73963526
1,2019-04-13 11:00:00,20.73963526
1,2019-04-13 12:00:00,21.68406456
1,2019-04-13 12:00:00,21.68406456
1,2019-04-13 13:00:00,20.88246784
1,2019-04-13 13:00:00,20.88246784
1,2019-04-13 14:00:00,24.7146738
1,2019-04-13 14:00:00,24.7146738
1,2019-04-13 15:00:00,23.9182018
1,2019-04-13 15:00:00,23.9182018
1,2019-04-13 16:00:00,23.52514038
1,2019-04-13 16:00:00,23.52514038
1,2019-04-13 17:00:00,21.30803092
1,2019-04-13 17:00:00,21.30803092
1,2019-04-13 18:00:00,20.59809797
1,2019-04-13 18:00:00,20.59809797
1,2019-04-13 19:00:00,19.02099377
1,2019-04-13 19:00:00,19.02099377
1,2019-04-13 20:00:00,20.48090345
1,2019-04-13 20:00:00,20.48090345
1,2019-04-13 21:00:00,20.5095285
1,2019-04-13 21:00:00,20.5095285
1,2019-04-13 22:00:00,18.95525745
1,2019-04-13 22:00:00,18.95525745
1,2019-04-13 23:00:00,19.71676698
1,2019-04-13 23:00:00,19.71676698
1,2019-04-14 00:00:00,19.04983649
1,2019-04-14 00:00:00,19.04983649
1,2019-04-14 01:00:00,18.29216674
1,2019-04-14 01:00:00,18.29216674
1,2019-04-14 02:00:00,19.08106309
1,2019-04-14 02:00:00,19.08106309
1,2019-04-14 03:00:00,18.30445152
1,2019-04-14 03:00:00,18.30445152
1,2019-04-14 04:00:00,19.11338615
1,2019-04-14 04:00:00,19.11338615
1,2019-04-14 05:00:00,19.775037
1,2019-04-14 05:00:00,19.775037
1,2019-04-14 06:00:00,19.03311987
1,2019-04-14 06:00:00,19.03311987
1,2019-04-14 07:00:00,19.01870953
1,2019-04-14 07:00:00,19.01870953
1,2019-04-14 08:00:00,20.49341644
1,2019-04-14 08:00:00,20.49341644
1,2019-04-14 09:00:00,20.44267232
1,2019-04-14 09:00:00,20.44267232
1,2019-04-14 10:00:00,20.34933776
1,2019-04-14 10:00:00,20.34933776
1,2019-04-14 11:00:00,21.00279654
1,2019-04-14 11:00:00,21.00279654
1,2019-04-14 12:00:00,21.65381824
1,2019-04-14 12:00:00,21.65381824
1,2019-04-14 13:00:00,24.60222384
1,2019-04-14 13:00:00,24.60222384
1,2019-04-14 14:00:00,20.1344119
1,2019-04-14 14:00:00,20.1344119
1,2019-04-14 15:00:00,18.56763089
1,2019-04-14 15:00:00,18.56763089
1,2019-04-14 16:00:00,20.90098009
1,2019-04-14 16:00:00,20.90098009
1,2019-04-14 17:00:00,18.04433832
1,2019-04-14 17:00:00,18.04433832
1,2019-04-14 18:00:00,16.65202194
1,2019-04-14 18:00:00,16.65202194
1,2019-04-14 19:00:00,17.38533609
1,2019-04-14 19:00:00,17.38533609
1,2019-04-14 20:00:00,18.22316721
1,2019-04-14 20:00:00,18.22316721
1,2019-04-14 21:00:00,17.50302566
1,2019-04-14 21:00:00,17.50302566
1,2019-04-14 22:00:00,16.74277657
1,2019-04-14 22:00:00,16.74277657
1,2019-04-14 23:00:00,17.50005903
1,2019-04-14 23:00:00,17.50005903
1,2019-04-15 00:00:00,16.81083191
1,2019-04-15 00:00:00,16.81083191
1,2019-04-15 01:00:00,16.82457855
1,2019-04-15 01:00:00,16.82457855
1,2019-04-15 02:00:00,16.77040656
1,2019-04-15 02:00:00,16.77040656
1,2019-04-15 03:00:00,18.31854685
1,2019-04-15 03:00:00,18.31854685
1,2019-04-15 04:00:00,16.74667296
1,2019-04-15 04:00:00,16.74667296
1,2019-04-15 05:00:00,18.29801447
1,2019-04-15 05:00:00,18.29801447
1,2019-04-15 06:00:00,19.07530884
1,2019-04-15 06:00:00,19.07530884
1,2019-04-15 07:00:00,22.82417813
1,2019-04-15 07:00:00,22.82417813
1,2019-04-15 08:00:00,27.25309937
1,2019-04-15 08:00:00,27.25309937
1,2019-04-15 09:00:00,24.18526367
1,2019-04-15 09:00:00,24.18526367
1,2019-04-15 10:00:00,30.91000187
1,2019-04-15 10:00:00,30.91000187
1,2019-04-15 11:00:00,32.14385239
1,2019-04-15 11:00:00,32.14385239
1,2019-04-15 12:00:00,31.25560433
1,2019-04-15 12:00:00,31.25560433
1,2019-04-15 13:00:00,33.45757578
1,2019-04-15 13:00:00,33.45757578
1,2019-04-15 14:00:00,33.4921365
1,2019-04-15 14:00:00,33.4921365
1,2019-04-15 15:00:00,30.58956672
1,2019-04-15 15:00:00,30.58956672
1,2019-04-15 16:00:00,29.19841961
1,2019-04-15 16:00:00,29.19841961
1,2019-04-15 17:00:00,25.52328438
1,2019-04-15 17:00:00,25.52328438
1,2019-04-15 18:00:00,21.13846207
1,2019-04-15 18:00:00,21.13846207
1,2019-04-15 19:00:00,19.65995687
1,2019-04-15 19:00:00,19.65995687
1,2019-04-15 20:00:00,19.64976291
1,2019-04-15 20:00:00,19.64976291
1,2019-04-15 21:00:00,19.65745299
1,2019-04-15 21:00:00,19.65745299
1,2019-04-15 22:00:00,19.21600012
1,2019-04-15 22:00:00,19.21600012
1,2019-04-15 23:00:00,18.9344841
1,2019-04-15 23:00:00,18.9344841
1,2019-04-16 00:00:00,20.34572386
1,2019-04-16 00:00:00,20.34572386
1,2019-04-16 01:00:00,17.88252887
1,2019-04-16 01:00:00,17.88252887
1,2019-04-16 02:00:00,17.84802063
1,2019-04-16 02:00:00,17.84802063
1,2019-04-16 03:00:00,18.17819371
1,2019-04-16 03:00:00,18.17819371
1,2019-04-16 04:00:00,16.70334355
1,2019-04-16 04:00:00,16.70334355
1,2019-04-16 05:00:00,18.88519577
1,2019-04-16 05:00:00,18.88519577
1,2019-04-16 06:00:00,18.95592402
1,2019-04-16 06:00:00,18.95592402
1,2019-04-16 07:00:00,24.15374529
1,2019-04-16 07:00:00,24.15374529
1,2019-04-16 08:00:00,32.32570477
1,2019-04-16 08:00:00,32.32570477
1,2019-04-16 09:00:00,39.61519512
1,2019-04-16 09:00:00,39.61519512
1,2019-04-16 10:00:00,35.05452387
1,2019-04-16 10:00:00,35.05452387
1,2019-04-16 11:00:00,29.85693481
1,2019-04-16 11:00:00,29.85693481
1,2019-04-16 12:00:00,34.36287695
1,2019-04-16 12:00:00,34.36287695
1,2019-04-16 13:00:00,36.59439249
1,2019-04-16 13:00:00,36.59439249
1,2019-04-16 14:00:00,36.49453418
1,2019-04-16 14:00:00,36.49453418
1,2019-04-16 15:00:00,36.33984996
1,2019-04-16 15:00:00,36.33984996
1,2019-04-16 16:00:00,35.69492023
1,2019-04-16 16:00:00,35.69492023
1,2019-04-16 17:00:00,34.38499544
1,2019-04-16 17:00:00,34.38499544
1,2019-04-16 18:00:00,27.80545111
1,2019-04-16 18:00:00,27.80545111
1,2019-04-16 19:00:00,21.29198278
1,2019-04-16 19:00:00,21.29198278
1,2019-04-16 20:00:00,20.55840645
1,2019-04-16 20:00:00,20.55840645
1,2019-04-16 21:00:00,20.7073949
1,2019-04-16 21:00:00,20.7073949
1,2019-04-16 22:00:00,18.70964
1,2019-04-16 22:00:00,18.70964
1,2019-04-16 23:00:00,19.05747578
1,2019-04-16 23:00:00,19.05747578
1,2019-04-17 00:00:00,18.3608819
1,2019-04-17 00:00:00,18.3608819
1,2019-04-17 01:00:00,17.60742175
1,2019-04-17 01:00:00,17.60742175
1,2019-04-17 02:00:00,17.57553818
1,2019-04-17 02:00:00,17.57553818
1,2019-04-17 03:00:00,18.3956301
1,2019-04-17 03:00:00,18.3956301
1,2019-04-17 04:00:00,16.86390008
1,2019-04-17 04:00:00,16.86390008
1,2019-04-17 05:00:00,18.50447585
1,2019-04-17 05:00:00,18.50447585
1,2019-04-17 06:00:00,19.25620779
1,2019-04-17 06:00:00,19.25620779
1,2019-04-17 07:00:00,24.68594044
1,2019-04-17 07:00:00,24.68594044
1,2019-04-17 08:00:00,29.93822412
1,2019-04-17 08:00:00,29.93822412
1,2019-04-17 09:00:00,40.49975598
1,2019-04-17 09:00:00,40.49975598
1,2019-04-17 10:00:00,38.16793763
1,2019-04-17 10:00:00,38.16793763
1,2019-04-17 11:00:00,34.86700412
1,2019-04-17 11:00:00,34.86700412
1,2019-04-17 12:00:00,34.84225889
1,2019-04-17 12:00:00,34.84225889
1,2019-04-17 13:00:00,37.17665024
1,2019-04-17 13:00:00,37.17665024
1,2019-04-17 14:00:00,36.47008107
1,2019-04-17 14:00:00,36.47008107
1,2019-04-17 15:00:00,36.53338981
1,2019-04-17 15:00:00,36.53338981
1,2019-04-17 16:00:00,36.05044101
1,2019-04-17 16:00:00,36.05044101
1,2019-04-17 17:00:00,35.35320655
1,2019-04-17 17:00:00,35.35320655
1,2019-04-17 18:00:00,29.87762167
1,2019-04-17 18:00:00,29.87762167
1,2019-04-17 19:00:00,23.2288087
1,2019-04-17 19:00:00,23.2288087
1,2019-04-17 20:00:00,22.01418984
1,2019-04-17 20:00:00,22.01418984
1,2019-04-17 21:00:00,22.72331212
1,2019-04-17 21:00:00,22.72331212
1,2019-04-17 22:00:00,23.50650974
1,2019-04-17 22:00:00,23.50650974
1,2019-04-17 23:00:00,20.74569341
1,2019-04-17 23:00:00,20.74569341
1,2019-04-18 00:00:00,19.043360600000003
1,2019-04-18 00:00:00,19.043360600000003
1,2019-04-18 01:00:00,16.24349683
1,2019-04-18 01:00:00,16.24349683
1,2019-04-18 02:00:00,16.32746805
1,2019-04-18 02:00:00,16.32746805
1,2019-04-18 03:00:00,17.07128271
1,2019-04-18 03:00:00,17.07128271
1,2019-04-18 04:00:00,16.38026047
1,2019-04-18 04:00:00,16.38026047
1,2019-04-18 05:00:00,17.11113105
1,2019-04-18 05:00:00,17.11113105
1,2019-04-18 06:00:00,19.43002223
1,2019-04-18 06:00:00,19.43002223
1,2019-04-18 07:00:00,25.65318054
1,2019-04-18 07:00:00,25.65318054
1,2019-04-18 08:00:00,36.50009113
1,2019-04-18 08:00:00,36.50009113
1,2019-04-18 09:00:00,31.7673696
1,2019-04-18 09:00:00,31.7673696
1,2019-04-18 10:00:00,30.97872849
1,2019-04-18 10:00:00,30.97872849
1,2019-04-18 11:00:00,31.63417386
1,2019-04-18 11:00:00,31.63417386
1,2019-04-18 12:00:00,31.55726843
1,2019-04-18 12:00:00,31.55726843
1,2019-04-18 13:00:00,30.44200734
1,2019-04-18 13:00:00,30.44200734
1,2019-04-18 14:00:00,25.82082031
1,2019-04-18 14:00:00,25.82082031
1,2019-04-18 15:00:00,29.71090825
1,2019-04-18 15:00:00,29.71090825
1,2019-04-18 16:00:00,31.31077436
1,2019-04-18 16:00:00,31.31077436
1,2019-04-18 17:00:00,29.10851523
1,2019-04-18 17:00:00,29.10851523
1,2019-04-18 18:00:00,21.4160697
1,2019-04-18 18:00:00,21.4160697
1,2019-04-18 19:00:00,21.45177481
1,2019-04-18 19:00:00,21.45177481
1,2019-04-18 20:00:00,21.4923087
1,2019-04-18 20:00:00,21.4923087
1,2019-04-18 21:00:00,20.72324027
1,2019-04-18 21:00:00,20.72324027
1,2019-04-18 22:00:00,20.02041032
1,2019-04-18 22:00:00,20.02041032
1,2019-04-18 23:00:00,19.18279438
1,2019-04-18 23:00:00,19.18279438
1,2019-04-19 00:00:00,20.03081995
1,2019-04-19 00:00:00,20.03081995
1,2019-04-19 01:00:00,19.26339814
1,2019-04-19 01:00:00,19.26339814
1,2019-04-19 02:00:00,20.14602762
1,2019-04-19 02:00:00,20.14602762
1,2019-04-19 03:00:00,20.06287489
1,2019-04-19 03:00:00,20.06287489
1,2019-04-19 04:00:00,20.94838767
1,2019-04-19 04:00:00,20.94838767
1,2019-04-19 05:00:00,20.90491658
1,2019-04-19 05:00:00,20.90491658
1,2019-04-19 06:00:00,22.44478418
1,2019-04-19 06:00:00,22.44478418
1,2019-04-19 07:00:00,31.53588922
1,2019-04-19 07:00:00,31.53588922
1,2019-04-19 08:00:00,33.87946275
1,2019-04-19 08:00:00,33.87946275
1,2019-04-19 09:00:00,27.88218063
1,2019-04-19 09:00:00,27.88218063
1,2019-04-19 10:00:00,23.82409793
1,2019-04-19 10:00:00,23.82409793
1,2019-04-19 11:00:00,32.18429365
1,2019-04-19 11:00:00,32.18429365
1,2019-04-19 12:00:00,29.01167239
1,2019-04-19 12:00:00,29.01167239
1,2019-04-19 13:00:00,24.31264142
1,2019-04-19 13:00:00,24.31264142
1,2019-04-19 14:00:00,31.12973513
1,2019-04-19 14:00:00,31.12973513
1,2019-04-19 15:00:00,33.43500749
1,2019-04-19 15:00:00,33.43500749
1,2019-04-19 16:00:00,28.90757616
1,2019-04-19 16:00:00,28.90757616
1,2019-04-19 17:00:00,26.65040525
1,2019-04-19 17:00:00,26.65040525
1,2019-04-19 18:00:00,20.70549841
1,2019-04-19 18:00:00,20.70549841
1,2019-04-19 19:00:00,20.98078174
1,2019-04-19 19:00:00,20.98078174
1,2019-04-19 20:00:00,20.33894377
1,2019-04-19 20:00:00,20.3389418
1,2019-04-19 21:00:00,20.41717598
1,2019-04-19 21:00:00,20.41717598
1,2019-04-19 22:00:00,19.67898509
1,2019-04-19 22:00:00,19.67898509
1,2019-04-19 23:00:00,18.87495117
1,2019-04-19 23:00:00,18.87495117
1,2019-04-20 00:00:00,18.7093076
1,2019-04-20 00:00:00,18.7093076
1,2019-04-20 01:00:00,19.5904789
1,2019-04-20 01:00:00,19.5904789
1,2019-04-20 02:00:00,19.67963104
1,2019-04-20 02:00:00,19.67963104
1,2019-04-20 03:00:00,20.40104422
1,2019-04-20 03:00:00,20.40104422
1,2019-04-20 04:00:00,20.46366702
1,2019-04-20 04:00:00,20.46366702
1,2019-04-20 05:00:00,21.27109621
1,2019-04-20 05:00:00,21.27109621
1,2019-04-20 06:00:00,21.24027535
1,2019-04-20 06:00:00,21.24027535
1,2019-04-20 07:00:00,22.77570641
1,2019-04-20 07:00:00,22.77570641
1,2019-04-20 08:00:00,24.24973167
1,2019-04-20 08:00:00,24.24973167
1,2019-04-20 09:00:00,23.94053352
1,2019-04-20 09:00:00,23.94053352
1,2019-04-20 10:00:00,22.96716545
1,2019-04-20 10:00:00,22.96716545
1,2019-04-20 11:00:00,24.2990272
1,2019-04-20 11:00:00,24.2990272
1,2019-04-20 12:00:00,31.77727831
1,2019-04-20 12:00:00,31.77727831
1,2019-04-20 13:00:00,28.03344865
1,2019-04-20 13:00:00,28.03344865
1,2019-04-20 14:00:00,21.8634259
1,2019-04-20 14:00:00,21.8634259
1,2019-04-20 15:00:00,24.93555486
1,2019-04-20 15:00:00,24.93555486
1,2019-04-20 16:00:00,25.0837186
1,2019-04-20 16:00:00,25.0837186
1,2019-04-20 17:00:00,25.97126181
1,2019-04-20 17:00:00,25.97126181
1,2019-04-20 18:00:00,24.5686758
1,2019-04-20 18:00:00,24.5686758
1,2019-04-20 19:00:00,20.73488009
1,2019-04-20 19:00:00,20.73488009
1,2019-04-20 20:00:00,20.90004366
1,2019-04-20 20:00:00,20.90004366
1,2019-04-20 21:00:00,20.1657929
1,2019-04-20 21:00:00,20.1657929
1,2019-04-20 22:00:00,18.64610658
1,2019-04-20 22:00:00,18.64610658
1,2019-04-20 23:00:00,18.55376617
1,2019-04-20 23:00:00,18.55376617
1,2019-04-21 00:00:00,17.84335671
1,2019-04-21 00:00:00,17.84335671
1,2019-04-21 01:00:00,18.67906882
1,2019-04-21 01:00:00,18.67906882
1,2019-04-21 02:00:00,17.91761294
1,2019-04-21 02:00:00,17.91761294
1,2019-04-21 03:00:00,17.13818525
1,2019-04-21 03:00:00,17.13818525
1,2019-04-21 04:00:00,18.66305079
1,2019-04-21 04:00:00,18.66305079
1,2019-04-21 05:00:00,18.65784306
1,2019-04-21 05:00:00,18.65784306
1,2019-04-21 06:00:00,17.87545814
1,2019-04-21 06:00:00,17.87545814
1,2019-04-21 07:00:00,18.65703698
1,2019-04-21 07:00:00,18.65703698
1,2019-04-21 08:00:00,18.57895718
1,2019-04-21 08:00:00,18.57895718
1,2019-04-21 09:00:00,19.98869373
1,2019-04-21 09:00:00,19.98869373
1,2019-04-21 10:00:00,22.21867951
1,2019-04-21 10:00:00,22.21867951
1,2019-04-21 11:00:00,23.62610616
1,2019-04-21 11:00:00,23.62610616
1,2019-04-21 12:00:00,24.48726386
1,2019-04-21 12:00:00,24.48726386
1,2019-04-21 13:00:00,23.70066353
1,2019-04-21 13:00:00,23.70066353
1,2019-04-21 14:00:00,23.71228363
1,2019-04-21 14:00:00,23.71228363
1,2019-04-21 15:00:00,23.79994585
1,2019-04-21 15:00:00,23.79994585
1,2019-04-21 16:00:00,23.79620551
1,2019-04-21 16:00:00,23.79620551
1,2019-04-21 17:00:00,23.8871377
1,2019-04-21 17:00:00,23.8871377
1,2019-04-21 18:00:00,23.10148874
1,2019-04-21 18:00:00,23.10148874
1,2019-04-21 19:00:00,23.23505829
1,2019-04-21 19:00:00,23.23505829
1,2019-04-21 20:00:00,20.95660422
1,2019-04-21 20:00:00,20.95660422
1,2019-04-21 21:00:00,21.74103835
1,2019-04-21 21:00:00,21.74103835
1,2019-04-21 22:00:00,20.30171159
1,2019-04-21 22:00:00,20.30171159
1,2019-04-21 23:00:00,20.21190723
1,2019-04-21 23:00:00,20.21190723
1,2019-04-22 00:00:00,19.52668506
1,2019-04-22 00:00:00,19.52668506
1,2019-04-22 01:00:00,20.2705064
1,2019-04-22 01:00:00,20.2705064
1,2019-04-22 02:00:00,19.59518585
1,2019-04-22 02:00:00,19.59518585
1,2019-04-22 03:00:00,20.34580142
1,2019-04-22 03:00:00,20.34580142
1,2019-04-22 04:00:00,20.30042821
1,2019-04-22 04:00:00,20.30042821
1,2019-04-22 05:00:00,21.10680155
1,2019-04-22 05:00:00,21.10680155
1,2019-04-22 06:00:00,21.9127073
1,2019-04-22 06:00:00,21.9127073
1,2019-04-22 07:00:00,28.09549486
1,2019-04-22 07:00:00,28.09549486
1,2019-04-22 08:00:00,29.67536224
1,2019-04-22 08:00:00,29.67536224
1,2019-04-22 09:00:00,28.94777358
1,2019-04-22 09:00:00,28.94777358
1,2019-04-22 10:00:00,33.52300464
1,2019-04-22 10:00:00,33.52300464
1,2019-04-22 11:00:00,30.47154092
1,2019-04-22 11:00:00,30.47154092
1,2019-04-22 12:00:00,23.39315515
1,2019-04-22 12:00:00,23.39315515
1,2019-04-22 13:00:00,25.01298685
1,2019-04-22 13:00:00,25.01298685
1,2019-04-22 14:00:00,30.46110253
1,2019-04-22 14:00:00,30.46110253
1,2019-04-22 15:00:00,30.46410937
1,2019-04-22 15:00:00,30.46410937
1,2019-04-22 16:00:00,24.273541
1,2019-04-22 16:00:00,24.273541
1,2019-04-22 17:00:00,23.89599778
1,2019-04-22 17:00:00,23.89599778
1,2019-04-22 18:00:00,24.34304701
1,2019-04-22 18:00:00,24.34304701
1,2019-04-22 19:00:00,21.39483099
1,2019-04-22 19:00:00,21.39483099
1,2019-04-22 20:00:00,20.61243478
1,2019-04-22 20:00:00,20.61243478
1,2019-04-22 21:00:00,20.68520337
1,2019-04-22 21:00:00,20.68520337
1,2019-04-22 22:00:00,20.42253935
1,2019-04-22 22:00:00,20.42254132
1,2019-04-22 23:00:00,19.68891055
1,2019-04-22 23:00:00,19.68891055
1,2019-04-23 00:00:00,19.71495046
1,2019-04-23 00:00:00,19.71495046
1,2019-04-23 01:00:00,19.72998077
1,2019-04-23 01:00:00,19.72998077
1,2019-04-23 02:00:00,20.34923904
1,2019-04-23 02:00:00,20.34923904
1,2019-04-23 03:00:00,19.99799245
1,2019-04-23 03:00:00,19.99799245
1,2019-04-23 04:00:00,19.9682989
1,2019-04-23 04:00:00,19.96830087
1,2019-04-23 05:00:00,20.71371224
1,2019-04-23 05:00:00,20.71371224
1,2019-04-23 06:00:00,20.72703573
1,2019-04-23 06:00:00,20.72703573
1,2019-04-23 07:00:00,26.87095546
1,2019-04-23 07:00:00,26.87095546
1,2019-04-23 08:00:00,36.84887833
1,2019-04-23 08:00:00,36.84887833
1,2019-04-23 09:00:00,30.12313741
1,2019-04-23 09:00:00,30.12313741
1,2019-04-23 10:00:00,27.77224163
1,2019-04-23 10:00:00,27.77224163
1,2019-04-23 11:00:00,26.22002461
1,2019-04-23 11:00:00,26.22002461
1,2019-04-23 12:00:00,22.40237342
1,2019-04-23 12:00:00,22.40237342
1,2019-04-23 13:00:00,24.6708955
1,2019-04-23 13:00:00,24.6708955
1,2019-04-23 14:00:00,29.89988624
1,2019-04-23 14:00:00,29.89988624
1,2019-04-23 15:00:00,30.02866161
1,2019-04-23 15:00:00,30.02866161
1,2019-04-23 16:00:00,24.15931307
1,2019-04-23 16:00:00,24.15931307
1,2019-04-23 17:00:00,22.51145684
1,2019-04-23 17:00:00,22.51145684
1,2019-04-23 18:00:00,24.15988077
1,2019-04-23 18:00:00,24.15988077
1,2019-04-23 19:00:00,21.79436854
1,2019-04-23 19:00:00,21.79436854
1,2019-04-23 20:00:00,21.88143913
1,2019-04-23 20:00:00,21.88143913
1,2019-04-23 21:00:00,21.05240633
1,2019-04-23 21:00:00,21.05240633
1,2019-04-23 22:00:00,20.30313867
1,2019-04-23 22:00:00,20.30313867
1,2019-04-23 23:00:00,20.8958172
1,2019-04-23 23:00:00,20.8958172
1,2019-04-24 00:00:00,19.55694166
1,2019-04-24 00:00:00,19.55694166
1,2019-04-24 01:00:00,20.30234148
1,2019-04-24 01:00:00,20.30234148
1,2019-04-24 02:00:00,21.0954611
1,2019-04-24 02:00:00,21.0954611
1,2019-04-24 03:00:00,19.31483533
1,2019-04-24 03:00:00,19.31483533
1,2019-04-24 04:00:00,20.08874625
1,2019-04-24 04:00:00,20.08874625
1,2019-04-24 05:00:00,20.86265198
1,2019-04-24 05:00:00,20.86265198
1,2019-04-24 06:00:00,22.40829932
1,2019-04-24 06:00:00,22.40829932
1,2019-04-24 07:00:00,32.27251274
1,2019-04-24 07:00:00,32.27251274
1,2019-04-24 08:00:00,33.01178634
1,2019-04-24 08:00:00,33.01178634
1,2019-04-24 09:00:00,25.41185181
1,2019-04-24 09:00:00,25.41185181
1,2019-04-24 10:00:00,26.87945031
1,2019-04-24 10:00:00,26.87945031
1,2019-04-24 11:00:00,32.27809914
1,2019-04-24 11:00:00,32.27809914
1,2019-04-24 12:00:00,29.08456346
1,2019-04-24 12:00:00,29.08456346
1,2019-04-24 13:00:00,25.9094657
1,2019-04-24 13:00:00,25.9094657
1,2019-04-24 14:00:00,25.11480004
1,2019-04-24 14:00:00,25.11480004
1,2019-04-24 15:00:00,35.19690971
1,2019-04-24 15:00:00,35.19690971
1,2019-04-24 16:00:00,31.68309571
1,2019-04-24 16:00:00,31.68309571
1,2019-04-24 17:00:00,28.6746395
1,2019-04-24 17:00:00,28.6746395
1,2019-04-24 18:00:00,22.57294827
1,2019-04-24 18:00:00,22.57294827
1,2019-04-24 19:00:00,21.08919681
1,2019-04-24 19:00:00,21.08919681
1,2019-04-24 20:00:00,21.11795559
1,2019-04-24 20:00:00,21.11795559
1,2019-04-24 21:00:00,22.70233115
1,2019-04-24 21:00:00,22.70233115
1,2019-04-24 22:00:00,22.67623823
1,2019-04-24 22:00:00,22.67623823
1,2019-04-24 23:00:00,21.96603919
1,2019-04-24 23:00:00,21.96603919
1,2019-04-25 00:00:00,21.19643448
1,2019-04-25 00:00:00,21.19643448
1,2019-04-25 01:00:00,21.94831368
1,2019-04-25 01:00:00,21.94831368
1,2019-04-25 02:00:00,21.98010895
1,2019-04-25 02:00:00,21.98010895
1,2019-04-25 03:00:00,22.00041382
1,2019-04-25 03:00:00,22.00041382
1,2019-04-25 04:00:00,22.83915734
1,2019-04-25 04:00:00,22.83915734
1,2019-04-25 05:00:00,22.73898735
1,2019-04-25 05:00:00,22.73898735
1,2019-04-25 06:00:00,25.0068666
1,2019-04-25 06:00:00,25.0068666
1,2019-04-25 07:00:00,31.86098965
1,2019-04-25 07:00:00,31.86098965
1,2019-04-25 08:00:00,35.68601129
1,2019-04-25 08:00:00,35.68601129
1,2019-04-25 09:00:00,30.99815738
1,2019-04-25 09:00:00,30.99815738
1,2019-04-25 10:00:00,28.68083249
1,2019-04-25 10:00:00,28.68083249
1,2019-04-25 11:00:00,24.55229027
1,2019-04-25 11:00:00,24.55229027
1,2019-04-25 12:00:00,25.20960864
1,2019-04-25 12:00:00,25.20960864
1,2019-04-25 13:00:00,32.71259462
1,2019-04-25 13:00:00,32.71259462
1,2019-04-25 14:00:00,29.70042057
1,2019-04-25 14:00:00,29.70042057
1,2019-04-25 15:00:00,26.59824814
1,2019-04-25 15:00:00,26.59824814
1,2019-04-25 16:00:00,23.52222961
1,2019-04-25 16:00:00,23.52222961
1,2019-04-25 17:00:00,31.44022055
1,2019-04-25 17:00:00,31.44022055
1,2019-04-25 18:00:00,24.08653111
1,2019-04-25 18:00:00,24.08653111
1,2019-04-25 19:00:00,21.05159673
1,2019-04-25 19:00:00,21.05159673
1,2019-04-25 20:00:00,20.95676741
1,2019-04-25 20:00:00,20.95676741
1,2019-04-25 21:00:00,21.7152504
1,2019-04-25 21:00:00,21.7152504
1,2019-04-25 22:00:00,21.09694626
1,2019-04-25 22:00:00,21.09694626
1,2019-04-25 23:00:00,21.18167746
1,2019-04-25 23:00:00,21.18167746
1,2019-04-26 00:00:00,21.19727676
1,2019-04-26 00:00:00,21.19727676
1,2019-04-26 01:00:00,22.70614121
1,2019-04-26 01:00:00,22.70614121
1,2019-04-26 02:00:00,21.81919977
1,2019-04-26 02:00:00,21.81919977
1,2019-04-26 03:00:00,20.85131358
1,2019-04-26 03:00:00,20.85131358
1,2019-04-26 04:00:00,21.61945704
1,2019-04-26 04:00:00,21.61945704
1,2019-04-26 05:00:00,20.85437318
1,2019-04-26 05:00:00,20.85437318
1,2019-04-26 06:00:00,23.97426922
1,2019-04-26 06:00:00,23.97426922
1,2019-04-26 07:00:00,30.16786142
1,2019-04-26 07:00:00,30.16786142
1,2019-04-26 08:00:00,33.88772369
1,2019-04-26 08:00:00,33.88772369
1,2019-04-26 09:00:00,29.08228317
1,2019-04-26 09:00:00,29.08228317
1,2019-04-26 10:00:00,23.75129127
1,2019-04-26 10:00:00,23.75129127
1,2019-04-26 11:00:00,25.934787
1,2019-04-26 11:00:00,25.934787
1,2019-04-26 12:00:00,33.30825372
1,2019-04-26 12:00:00,33.30825372
1,2019-04-26 13:00:00,30.34557793
1,2019-04-26 13:00:00,30.34557793
1,2019-04-26 14:00:00,28.1413489
1,2019-04-26 14:00:00,28.1413489
1,2019-04-26 15:00:00,28.20488532
1,2019-04-26 15:00:00,28.20488532
1,2019-04-26 16:00:00,22.42018488
1,2019-04-26 16:00:00,22.42018488
1,2019-04-26 17:00:00,24.0791895
1,2019-04-26 17:00:00,24.0791895
1,2019-04-26 18:00:00,24.69629293
1,2019-04-26 18:00:00,24.69629293
1,2019-04-26 19:00:00,23.97827366
1,2019-04-26 19:00:00,23.97827366
1,2019-04-26 20:00:00,22.62498322
1,2019-04-26 20:00:00,22.62498322
1,2019-04-26 21:00:00,23.30352486
1,2019-04-26 21:00:00,23.30352486
1,2019-04-26 22:00:00,23.30294067
1,2019-04-26 22:00:00,23.30294067
1,2019-04-26 23:00:00,23.44444615
1,2019-04-26 23:00:00,23.44444615
1,2019-04-27 00:00:00,24.16388176
1,2019-04-27 00:00:00,24.16388176
1,2019-04-27 01:00:00,24.2366793
1,2019-04-27 01:00:00,24.2366793
1,2019-04-27 02:00:00,24.31393001
1,2019-04-27 02:00:00,24.31393001
1,2019-04-27 03:00:00,24.27616074
1,2019-04-27 03:00:00,24.27616074
1,2019-04-27 04:00:00,24.17855492
1,2019-04-27 04:00:00,24.17855492
1,2019-04-27 05:00:00,23.52432163
1,2019-04-27 05:00:00,23.52432163
1,2019-04-27 06:00:00,23.48693523
1,2019-04-27 06:00:00,23.48693523
1,2019-04-27 07:00:00,25.50831116
1,2019-04-27 07:00:00,25.50831116
1,2019-04-27 08:00:00,27.64074158
1,2019-04-27 08:00:00,27.64074158
1,2019-04-27 09:00:00,24.63408648
1,2019-04-27 09:00:00,24.63408648
1,2019-04-27 10:00:00,23.01899454
1,2019-04-27 10:00:00,23.01899454
1,2019-04-27 11:00:00,23.01635485
1,2019-04-27 11:00:00,23.01635485
1,2019-04-27 12:00:00,23.01545544
1,2019-04-27 12:00:00,23.01545544
1,2019-04-27 13:00:00,22.36747322
1,2019-04-27 13:00:00,22.36747322
1,2019-04-27 14:00:00,22.43793901
1,2019-04-27 14:00:00,22.43793901
1,2019-04-27 15:00:00,22.28409406
1,2019-04-27 15:00:00,22.28409406
1,2019-04-27 16:00:00,22.32256978
1,2019-04-27 16:00:00,22.32256978
1,2019-04-27 17:00:00,22.41293827
1,2019-04-27 17:00:00,22.41293827
1,2019-04-27 18:00:00,22.47889331
1,2019-04-27 18:00:00,22.47889331
1,2019-04-27 19:00:00,21.72059739
1,2019-04-27 19:00:00,21.72059739
1,2019-04-27 20:00:00,21.84119238
1,2019-04-27 20:00:00,21.84119238
1,2019-04-27 21:00:00,22.59716191
1,2019-04-27 21:00:00,22.59716191
1,2019-04-27 22:00:00,22.55886245
1,2019-04-27 22:00:00,22.55886245
1,2019-04-27 23:00:00,21.6776279
1,2019-04-27 23:00:00,21.6776279
1,2019-04-28 00:00:00,21.79873686
1,2019-04-28 00:00:00,21.79873686
1,2019-04-28 01:00:00,21.72664155
1,2019-04-28 01:00:00,21.72664155
1,2019-04-28 02:00:00,20.96565415
1,2019-04-28 02:00:00,20.96565415
1,2019-04-28 03:00:00,21.64062789
1,2019-04-28 03:00:00,21.64062789
1,2019-04-28 04:00:00,21.75798122
1,2019-04-28 04:00:00,21.75798122
1,2019-04-28 05:00:00,21.06300311
1,2019-04-28 05:00:00,21.06300311
1,2019-04-28 06:00:00,20.92696683
1,2019-04-28 06:00:00,20.92696683
1,2019-04-28 07:00:00,21.72525972
1,2019-04-28 07:00:00,21.72525972
1,2019-04-28 08:00:00,22.40433207
1,2019-04-28 08:00:00,22.40433207
1,2019-04-28 09:00:00,22.40595584
1,2019-04-28 09:00:00,22.40595584
1,2019-04-28 10:00:00,22.44198573
1,2019-04-28 10:00:00,22.44198573
1,2019-04-28 11:00:00,20.89957941
1,2019-04-28 11:00:00,20.89957941
1,2019-04-28 12:00:00,21.64627791
1,2019-04-28 12:00:00,21.64627791
1,2019-04-28 13:00:00,22.35625911
1,2019-04-28 13:00:00,22.35625911
1,2019-04-28 14:00:00,20.81323042
1,2019-04-28 14:00:00,20.81323042
1,2019-04-28 15:00:00,20.83671211
1,2019-04-28 15:00:00,20.83671211
1,2019-04-28 16:00:00,20.11109903
1,2019-04-28 16:00:00,20.11109903
1,2019-04-28 17:00:00,20.8540659
1,2019-04-28 17:00:00,20.8540659
1,2019-04-28 18:00:00,21.62765479
1,2019-04-28 18:00:00,21.62765479
1,2019-04-28 19:00:00,20.99104198
1,2019-04-28 19:00:00,20.99104198
1,2019-04-28 20:00:00,21.03212611
1,2019-04-28 20:00:00,21.03212611
1,2019-04-28 21:00:00,22.85836546
1,2019-04-28 21:00:00,22.85836546
1,2019-04-28 22:00:00,22.52710748
1,2019-04-28 22:00:00,22.52710748
1,2019-04-28 23:00:00,22.47337705
1,2019-04-28 23:00:00,22.47337705
1,2019-04-29 00:00:00,21.74822809
1,2019-04-29 00:00:00,21.74822809
1,2019-04-29 01:00:00,21.75124123
1,2019-04-29 01:00:00,21.75124123
1,2019-04-29 02:00:00,21.7828745
1,2019-04-29 02:00:00,21.7828745
1,2019-04-29 03:00:00,22.46320378
1,2019-04-29 03:00:00,22.46320378
1,2019-04-29 04:00:00,22.52639008
1,2019-04-29 04:00:00,22.52639008
1,2019-04-29 05:00:00,24.57849342
1,2019-04-29 05:00:00,24.57849342
1,2019-04-29 06:00:00,25.63175
1,2019-04-29 06:00:00,25.63175
1,2019-04-29 07:00:00,37.33993655
1,2019-04-29 07:00:00,37.33993655
1,2019-04-29 08:00:00,37.40910833
1,2019-04-29 08:00:00,37.40910833
1,2019-04-29 09:00:00,34.13536572
1,2019-04-29 09:00:00,34.13536572
1,2019-04-29 10:00:00,35.09390976
1,2019-04-29 10:00:00,35.09390976
1,2019-04-29 11:00:00,32.09198509
1,2019-04-29 11:00:00,32.09198509
1,2019-04-29 12:00:00,32.04799788
1,2019-04-29 12:00:00,32.04799788
1,2019-04-29 13:00:00,29.00098789
1,2019-04-29 13:00:00,29.00098789
1,2019-04-29 14:00:00,23.0127097
1,2019-04-29 14:00:00,23.0127097
1,2019-04-29 15:00:00,25.22886705
1,2019-04-29 15:00:00,25.22886705
1,2019-04-29 16:00:00,29.7657453
1,2019-04-29 16:00:00,29.7657453
1,2019-04-29 17:00:00,31.21107311
1,2019-04-29 17:00:00,31.21107311
1,2019-04-29 18:00:00,23.16328914
1,2019-04-29 18:00:00,23.16328914
1,2019-04-29 19:00:00,20.23404405
1,2019-04-29 19:00:00,20.23404405
1,2019-04-29 20:00:00,21.7662355
1,2019-04-29 20:00:00,21.7662355
1,2019-04-29 21:00:00,23.36453277
1,2019-04-29 21:00:00,23.36453277
1,2019-04-29 22:00:00,22.65944515
1,2019-04-29 22:00:00,22.65944515
1,2019-04-29 23:00:00,23.44989638
1,2019-04-29 23:00:00,23.44989638
1,2019-04-30 00:00:00,24.11609429
1,2019-04-30 00:00:00,24.11609429
1,2019-04-30 01:00:00,23.41931174
1,2019-04-30 01:00:00,23.41931174
1,2019-04-30 02:00:00,24.92281107
1,2019-04-30 02:00:00,24.92281107
1,2019-04-30 03:00:00,24.05776614
1,2019-04-30 03:00:00,24.05776614
1,2019-04-30 04:00:00,25.00617563
1,2019-04-30 04:00:00,25.00617563
1,2019-04-30 05:00:00,25.78839835
1,2019-04-30 05:00:00,25.78839835
1,2019-04-30 06:00:00,26.52515291
1,2019-04-30 06:00:00,26.52515291
1,2019-04-30 07:00:00,40.02803647
1,2019-04-30 07:00:00,40.02803647
1,2019-04-30 08:00:00,39.10905492
1,2019-04-30 08:00:00,39.10905492
1,2019-04-30 09:00:00,34.54796301
1,2019-04-30 09:00:00,34.54796301
1,2019-04-30 10:00:00,33.36672209
1,2019-04-30 10:00:00,33.36672546
1,2019-04-30 11:00:00,28.67800987
1,2019-04-30 11:00:00,28.67800987
1,2019-04-30 12:00:00,23.66253303
1,2019-04-30 12:00:00,23.66253303
1,2019-04-30 13:00:00,30.3508007
1,2019-04-30 13:00:00,30.3508007
1,2019-04-30 14:00:00,32.98109136
1,2019-04-30 14:00:00,32.98109136
1,2019-04-30 15:00:00,28.96871069
1,2019-04-30 15:00:00,28.96871069
1,2019-04-30 16:00:00,23.56372822
1,2019-04-30 16:00:00,23.56372822
1,2019-04-30 17:00:00,23.25234564
1,2019-04-30 17:00:00,23.25234564
1,2019-04-30 18:00:00,24.79418024
1,2019-04-30 18:00:00,24.79418024
1,2019-04-30 19:00:00,21.84894141
1,2019-04-30 19:00:00,21.84894141
1,2019-04-30 20:00:00,21.10325506
1,2019-04-30 20:00:00,21.10325506
1,2019-04-30 21:00:00,20.289975100000003
1,2019-04-30 21:00:00,20.289975100000003
1,2019-04-30 22:00:00,21.76447296
1,2019-04-30 22:00:00,21.76447296
1,2019-04-30 23:00:00,20.31506742
1,2019-04-30 23:00:00,20.31506742
1,2019-05-01 00:00:00,19.51899953
1,2019-05-01 00:00:00,19.51899953
1,2019-05-01 01:00:00,19.52945952
1,2019-05-01 01:00:00,19.52945952
1,2019-05-01 02:00:00,20.24062449
1,2019-05-01 02:00:00,20.24062449
1,2019-05-01 03:00:00,21.03053711
1,2019-05-01 03:00:00,21.03053711
1,2019-05-01 04:00:00,19.51427147
1,2019-05-01 04:00:00,19.51427147
1,2019-05-01 05:00:00,19.46015112
1,2019-05-01 05:00:00,19.46015112
1,2019-05-01 06:00:00,20.91439183
1,2019-05-01 07:00:00,26.79114353
1,2019-05-01 08:00:00,32.70365425
1,2019-05-01 09:00:00,23.78586013
1,2019-05-01 10:00:00,25.33219592
1,2019-05-01 11:00:00,29.85851239
1,2019-05-01 12:00:00,29.82130409
1,2019-05-01 13:00:00,30.46887787
1,2019-05-01 14:00:00,28.93749645
1,2019-05-01 15:00:00,23.75608018
1,2019-05-01 16:00:00,28.99922754
1,2019-05-01 17:00:00,34.21316558
1,2019-05-01 18:00:00,25.34197302
1,2019-05-01 19:00:00,19.45974527
1,2019-05-01 20:00:00,21.68658352
1,2019-05-01 21:00:00,22.64679937
1,2019-05-01 22:00:00,21.50946384
1,2019-05-01 23:00:00,21.53262053
1,2019-05-02 00:00:00,21.56492066
1,2019-05-02 01:00:00,22.31262732
1,2019-05-02 02:00:00,21.46313806
1,2019-05-02 03:00:00,20.81908466
1,2019-05-02 04:00:00,20.81941732
1,2019-05-02 05:00:00,21.5118774
1,2019-05-02 06:00:00,21.55492827
1,2019-05-02 07:00:00,28.51600874
1,2019-05-02 08:00:00,35.31239470000001
1,2019-05-02 09:00:00,27.78011671
1,2019-05-02 10:00:00,25.43234068
1,2019-05-02 11:00:00,33.68591804
1,2019-05-02 12:00:00,32.23289475
1,2019-05-02 13:00:00,30.78787106
1,2019-05-02 14:00:00,32.39422871
1,2019-05-02 15:00:00,29.3041951
1,2019-05-02 16:00:00,30.05082675
1,2019-05-02 17:00:00,23.14390945
1,2019-05-02 18:00:00,23.21404131
1,2019-05-02 19:00:00,23.94039242
1,2019-05-02 20:00:00,21.72993743
1,2019-05-02 21:00:00,21.66065664
1,2019-05-02 22:00:00,20.89940194
1,2019-05-02 23:00:00,20.88275589
1,2019-05-03 00:00:00,20.16065859
1,2019-05-03 01:00:00,21.65878896
1,2019-05-03 02:00:00,18.67019531
1,2019-05-03 03:00:00,20.21878435
1,2019-05-03 04:00:00,18.68161377
1,2019-05-03 05:00:00,19.49681871
1,2019-05-03 06:00:00,20.97257422
1,2019-05-03 07:00:00,30.96797821
1,2019-05-03 08:00:00,35.48094141
1,2019-05-03 09:00:00,36.95832825
1,2019-05-03 10:00:00,31.43371021
1,2019-05-03 11:00:00,30.5750354
1,2019-05-03 12:00:00,29.09491272
1,2019-05-03 13:00:00,26.79892866
1,2019-05-03 14:00:00,24.46417067
1,2019-05-03 15:00:00,32.16313681
1,2019-05-03 16:00:00,31.4228945
1,2019-05-03 17:00:00,23.13758177
1,2019-05-03 18:00:00,22.39902686
1,2019-05-03 19:00:00,21.66062265
1,2019-05-03 20:00:00,20.14526471
1,2019-05-03 21:00:00,20.96372056
1,2019-05-03 22:00:00,10.11274078
1,2019-05-03 23:00:00,24.15362235
1,2019-05-04 00:00:00,24.11471108
1,2019-05-04 01:00:00,24.15459124
1,2019-05-04 02:00:00,24.1540227
1,2019-05-04 03:00:00,24.11362549
1,2019-05-04 04:00:00,24.1120385
1,2019-05-04 05:00:00,24.14985813
1,2019-05-04 06:00:00,15.47471716
1,2019-05-04 07:00:00,44.98186616
1,2019-05-04 08:00:00,44.59272305
1,2019-05-04 09:00:00,42.88971673
1,2019-05-04 10:00:00,42.1779552
1,2019-05-04 11:00:00,43.89985993
1,2019-05-04 12:00:00,44.05849152
1,2019-05-04 13:00:00,43.32200541
1,2019-05-04 14:00:00,37.84733533
1,2019-05-04 15:00:00,21.60461839
1,2019-05-04 16:00:00,21.76538873
1,2019-05-04 17:00:00,23.23711924
1,2019-05-04 18:00:00,23.19379525
1,2019-05-04 19:00:00,21.68745952
1,2019-05-04 20:00:00,21.651106100000003
1,2019-05-04 21:00:00,21.66402427
1,2019-05-04 22:00:00,22.47719261
1,2019-05-04 23:00:00,21.74079337
1,2019-05-05 00:00:00,21.74340772
1,2019-05-05 01:00:00,20.95174365
1,2019-05-05 02:00:00,22.52516899
1,2019-05-05 03:00:00,21.84264547
1,2019-05-05 04:00:00,22.50894305
1,2019-05-05 05:00:00,22.30880524
1,2019-05-05 06:00:00,22.64611816
1,2019-05-05 07:00:00,23.40071678
1,2019-05-05 08:00:00,24.84733644
1,2019-05-05 09:00:00,22.58013226
1,2019-05-05 10:00:00,22.50380403
1,2019-05-05 11:00:00,21.76107935
1,2019-05-05 12:00:00,22.47996632
1,2019-05-05 13:00:00,20.92732426
1,2019-05-05 14:00:00,20.96722611
1,2019-05-05 15:00:00,20.14719582
1,2019-05-05 16:00:00,20.88832172
1,2019-05-05 17:00:00,20.90256899
1,2019-05-05 18:00:00,20.97255647
1,2019-05-05 19:00:00,20.22275799
1,2019-05-05 20:00:00,21.71520125
1,2019-05-05 21:00:00,21.00865387
1,2019-05-05 22:00:00,21.71409911
1,2019-05-05 23:00:00,21.77568913
1,2019-05-06 00:00:00,22.52484696
1,2019-05-06 01:00:00,22.51527329
1,2019-05-06 02:00:00,21.7349692
1,2019-05-06 03:00:00,22.6797432
1,2019-05-06 04:00:00,21.09381416
1,2019-05-06 05:00:00,24.45602989
1,2019-05-06 06:00:00,25.91431985
1,2019-05-06 07:00:00,38.03259245
1,2019-05-06 08:00:00,37.97017484
1,2019-05-06 09:00:00,35.00561588
1,2019-05-06 10:00:00,34.19634668
1,2019-05-06 11:00:00,37.35432033
1,2019-05-06 12:00:00,33.50448966
1,2019-05-06 13:00:00,31.41449822
1,2019-05-06 14:00:00,29.08419531
1,2019-05-06 15:00:00,31.51394535
1,2019-05-06 16:00:00,31.28798181
1,2019-05-06 17:00:00,26.09436603
1,2019-05-06 18:00:00,24.65723121
1,2019-05-06 19:00:00,24.74217751
1,2019-05-06 20:00:00,24.04747406
1,2019-05-06 21:00:00,25.55942668
1,2019-05-06 22:00:00,24.76361873
1,2019-05-06 23:00:00,25.55357303
1,2019-05-07 00:00:00,25.51779042
1,2019-05-07 01:00:00,25.46789673
1,2019-05-07 02:00:00,24.71533818
1,2019-05-07 03:00:00,24.01258301
1,2019-05-07 04:00:00,24.94276127
1,2019-05-07 05:00:00,27.20278854
1,2019-05-07 06:00:00,30.21277294
1,2019-05-07 07:00:00,41.27727089
1,2019-05-07 08:00:00,44.16132789
1,2019-05-07 09:00:00,38.00900863
1,2019-05-07 10:00:00,33.884161299999995
1,2019-05-07 11:00:00,33.25233069
1,2019-05-07 12:00:00,32.41270458
1,2019-05-07 13:00:00,30.1143457
1,2019-05-07 14:00:00,26.27609881
1,2019-05-07 15:00:00,25.50845993
1,2019-05-07 16:00:00,34.15382561
1,2019-05-07 17:00:00,31.10503356
1,2019-05-07 18:00:00,23.39556324
1,2019-05-07 19:00:00,21.82801643
1,2019-05-07 20:00:00,22.58952815
1,2019-05-07 21:00:00,21.66766098
1,2019-05-07 22:00:00,23.2129789
1,2019-05-07 23:00:00,24.03054619
1,2019-05-08 00:00:00,24.94204373
1,2019-05-08 01:00:00,24.96289142
1,2019-05-08 02:00:00,24.97519333
1,2019-05-08 03:00:00,25.10356313
1,2019-05-08 04:00:00,25.86582974
1,2019-05-08 05:00:00,26.51437363
1,2019-05-08 06:00:00,27.82732043
1,2019-05-08 07:00:00,40.37366015
1,2019-05-08 08:00:00,42.66111456
1,2019-05-08 09:00:00,35.70677202
1,2019-05-08 10:00:00,34.87700097
1,2019-05-08 11:00:00,33.73980287
1,2019-05-08 12:00:00,31.94603183
1,2019-05-08 13:00:00,30.41388895
1,2019-05-08 14:00:00,30.41263754
1,2019-05-08 15:00:00,28.2446955
1,2019-05-08 16:00:00,29.00420206
1,2019-05-08 17:00:00,23.87029344
1,2019-05-08 18:00:00,25.40072179
1,2019-05-08 19:00:00,23.98368897
1,2019-05-08 20:00:00,23.90665419
1,2019-05-08 21:00:00,24.02190683
1,2019-05-08 22:00:00,24.76891391
1,2019-05-08 23:00:00,24.0535538
1,2019-05-09 00:00:00,24.76114261
1,2019-05-09 01:00:00,24.76065091
1,2019-05-09 02:00:00,24.75926912
1,2019-05-09 03:00:00,23.22349892
1,2019-05-09 04:00:00,23.22660194
1,2019-05-09 05:00:00,24.73526894
1,2019-05-09 06:00:00,25.49427506
1,2019-05-09 07:00:00,38.01291991
1,2019-05-09 08:00:00,37.21493113
1,2019-05-09 09:00:00,32.754542300000004
1,2019-05-09 10:00:00,32.74996465
1,2019-05-09 11:00:00,31.99526976
1,2019-05-09 12:00:00,31.25340745
1,2019-05-09 13:00:00,24.64053724
1,2019-05-09 14:00:00,32.43806133
1,2019-05-09 15:00:00,33.24060732
1,2019-05-09 16:00:00,30.96058331
1,2019-05-09 17:00:00,26.19486713
1,2019-05-09 18:00:00,23.97371285
1,2019-05-09 19:00:00,24.83130443
1,2019-05-09 20:00:00,22.9032475
1,2019-05-09 21:00:00,22.44980223
1,2019-05-09 22:00:00,21.70433219
1,2019-05-09 23:00:00,22.41331119
1,2019-05-10 00:00:00,22.52062164
1,2019-05-10 01:00:00,23.30691971
1,2019-05-10 02:00:00,22.55674094
1,2019-05-10 03:00:00,23.29702538
1,2019-05-10 04:00:00,23.26334405
1,2019-05-10 05:00:00,24.02072578
1,2019-05-10 06:00:00,26.28027457
1,2019-05-10 07:00:00,37.32631987
1,2019-05-10 08:00:00,40.23790522
1,2019-05-10 09:00:00,35.02791804
1,2019-05-10 10:00:00,33.49098828
1,2019-05-10 11:00:00,33.2427399
1,2019-05-10 12:00:00,33.80284662
1,2019-05-10 13:00:00,32.49298788
1,2019-05-10 14:00:00,34.16064162
1,2019-05-10 15:00:00,34.99348535
1,2019-05-10 16:00:00,36.43305661
1,2019-05-10 17:00:00,34.08465331
1,2019-05-10 18:00:00,29.63109542
1,2019-05-10 19:00:00,24.07006301
1,2019-05-10 20:00:00,26.31915068
1,2019-05-10 21:00:00,26.27448387
1,2019-05-10 22:00:00,26.26731855
1,2019-05-10 23:00:00,26.2135212
1,2019-05-11 00:00:00,25.45961151
1,2019-05-11 01:00:00,29.92095958
1,2019-05-11 02:00:00,28.45505127
1,2019-05-11 03:00:00,23.20358467
1,2019-05-11 04:00:00,24.01965914
1,2019-05-11 05:00:00,26.18311462
1,2019-05-11 06:00:00,25.4402655
1,2019-05-11 07:00:00,28.68778214
1,2019-05-11 08:00:00,29.54760345
1,2019-05-11 09:00:00,28.05769523
1,2019-05-11 10:00:00,27.25840552
1,2019-05-11 11:00:00,26.28878931
1,2019-05-11 12:00:00,25.37410034
1,2019-05-11 13:00:00,26.04060169
1,2019-05-11 14:00:00,24.60651766
1,2019-05-11 15:00:00,23.83612817
1,2019-05-11 16:00:00,24.58820445
1,2019-05-11 17:00:00,24.58582601
1,2019-05-11 18:00:00,24.65944193
1,2019-05-11 19:00:00,23.9164734
1,2019-05-11 20:00:00,23.9661499
1,2019-05-11 21:00:00,23.93086006
1,2019-05-11 22:00:00,23.92825915
1,2019-05-11 23:00:00,23.92301102
1,2019-05-12 00:00:00,23.19834595
1,2019-05-12 01:00:00,23.94624023
1,2019-05-12 02:00:00,23.90986265
1,2019-05-12 03:00:00,23.94298584
1,2019-05-12 04:00:00,23.94312012
1,2019-05-12 05:00:00,23.19742355
1,2019-05-12 06:00:00,23.16644997
1,2019-05-12 07:00:00,24.69584551
1,2019-05-12 08:00:00,25.46296738
1,2019-05-12 09:00:00,25.51302479
1,2019-05-12 10:00:00,23.95888784
1,2019-05-12 11:00:00,23.94877413
1,2019-05-12 12:00:00,24.01360146
1,2019-05-12 13:00:00,23.96702918
1,2019-05-12 14:00:00,23.13778839
1,2019-05-12 15:00:00,22.32939111
1,2019-05-12 16:00:00,23.97182215
1,2019-05-12 17:00:00,23.94973254
1,2019-05-12 18:00:00,23.18804858
1,2019-05-12 19:00:00,24.0237245
1,2019-05-12 20:00:00,24.02492917
1,2019-05-12 21:00:00,23.24638422
1,2019-05-12 22:00:00,23.26935993
1,2019-05-12 23:00:00,23.35813065
1,2019-05-13 00:00:00,23.32892312
1,2019-05-13 01:00:00,24.03730124
1,2019-05-13 02:00:00,23.30102463
1,2019-05-13 03:00:00,24.06007935
1,2019-05-13 04:00:00,23.27964478
1,2019-05-13 05:00:00,25.60883034
1,2019-05-13 06:00:00,26.34814711
1,2019-05-13 07:00:00,42.4075611
1,2019-05-13 08:00:00,41.64887881
1,2019-05-13 09:00:00,30.06243401
1,2019-05-13 10:00:00,38.45027783
1,2019-05-13 11:00:00,35.37265741
1,2019-05-13 12:00:00,29.96477548
1,2019-05-13 13:00:00,29.94956653
1,2019-05-13 14:00:00,30.75023665
1,2019-05-13 15:00:00,30.69040713
1,2019-05-13 16:00:00,30.01915881
1,2019-05-13 17:00:00,30.36891855
1,2019-05-13 18:00:00,28.07255322
1,2019-05-13 19:00:00,25.7732135
1,2019-05-13 20:00:00,24.93548584
1,2019-05-13 21:00:00,24.30320588
1,2019-05-13 22:00:00,25.02264648
1,2019-05-13 23:00:00,26.65294739
1,2019-05-14 00:00:00,21.89656097
1,2019-05-14 01:00:00,28.19831044
1,2019-05-14 02:00:00,27.62579639
1,2019-05-14 03:00:00,26.016449800000004
1,2019-05-14 04:00:00,25.96696845
1,2019-05-14 05:00:00,26.77795917
1,2019-05-14 06:00:00,28.33668023
1,2019-05-14 07:00:00,36.79389905
1,2019-05-14 08:00:00,41.20870754
1,2019-05-14 09:00:00,34.8556399
1,2019-05-14 10:00:00,32.29314258
1,2019-05-14 11:00:00,30.70502689
1,2019-05-14 12:00:00,27.52986005
1,2019-05-14 13:00:00,26.73070908
1,2019-05-14 14:00:00,31.2874858
1,2019-05-14 15:00:00,29.81279854
1,2019-05-14 16:00:00,26.11731842
1,2019-05-14 17:00:00,24.64175898
1,2019-05-14 18:00:00,23.95733778
1,2019-05-14 19:00:00,18.53448537
1,2019-05-14 20:00:00,18.62617676
1,2019-05-14 21:00:00,20.99411293
1,2019-05-14 22:00:00,25.54832893
1,2019-05-14 23:00:00,20.97816687
1,2019-05-15 00:00:00,21.04842984
1,2019-05-15 01:00:00,26.49770722
1,2019-05-15 02:00:00,23.34024531
1,2019-05-15 03:00:00,21.8355421
1,2019-05-15 04:00:00,22.54203949
1,2019-05-15 05:00:00,23.37855932
1,2019-05-15 06:00:00,24.85638189
1,2019-05-15 07:00:00,32.49598604
1,2019-05-15 08:00:00,34.73355484
1,2019-05-15 09:00:00,37.01920618
1,2019-05-15 10:00:00,33.91519279999999
1,2019-05-15 11:00:00,30.84364578
1,2019-05-15 12:00:00,29.31560709
1,2019-05-15 13:00:00,28.511914500000003
1,2019-05-15 14:00:00,27.647144300000004
1,2019-05-15 15:00:00,29.94748783
1,2019-05-15 16:00:00,27.71338992
1,2019-05-15 17:00:00,28.63398111
1,2019-05-15 18:00:00,25.69604973
1,2019-05-15 19:00:00,24.09051414
1,2019-05-15 20:00:00,21.7758969
1,2019-05-15 21:00:00,21.02372467
1,2019-05-15 22:00:00,26.42401184
1,2019-05-15 23:00:00,24.07685982
1,2019-05-16 00:00:00,20.20210037
1,2019-05-16 01:00:00,20.26393609
1,2019-05-16 02:00:00,21.70312546
1,2019-05-16 03:00:00,23.99080288
1,2019-05-16 04:00:00,25.00702504
1,2019-05-16 05:00:00,25.06874756
1,2019-05-16 06:00:00,27.37481842
1,2019-05-16 07:00:00,35.92452372
1,2019-05-16 08:00:00,39.02286237
1,2019-05-16 09:00:00,25.79139666
1,2019-05-16 10:00:00,11.67941761
1,2019-05-16 11:00:00,27.74767227
1,2019-05-16 13:00:00,40.38213515
1,2019-05-16 14:00:00,28.12077363
1,2019-05-16 15:00:00,30.58109646
1,2019-05-16 16:00:00,30.62856638
1,2019-05-16 17:00:00,28.39823977
1,2019-05-16 18:00:00,25.3361275
1,2019-05-16 19:00:00,22.94725889
1,2019-05-16 20:00:00,19.03896874
1,2019-05-16 21:00:00,22.26331853
1,2019-05-16 22:00:00,24.62962355
1,2019-05-16 23:00:00,23.96802918
1,2019-05-17 00:00:00,24.81735477
1,2019-05-17 01:00:00,25.15294239
1,2019-05-17 02:00:00,24.31924013
1,2019-05-17 03:00:00,25.89328329
1,2019-05-17 04:00:00,25.89146913
1,2019-05-17 05:00:00,28.48278062
1,2019-05-17 06:00:00,33.63325774
1,2019-05-17 07:00:00,45.83930699
1,2019-05-17 08:00:00,45.52213070000001
1,2019-05-17 09:00:00,37.48639082
1,2019-05-17 10:00:00,34.16549182
1,2019-05-17 11:00:00,30.28404247
1,2019-05-17 12:00:00,27.31347881
1,2019-05-17 13:00:00,26.43510773
1,2019-05-17 14:00:00,25.03205406
1,2019-05-17 15:00:00,24.34664605
1,2019-05-17 16:00:00,24.42212876
1,2019-05-17 17:00:00,23.86563775
1,2019-05-17 18:00:00,23.94601563
1,2019-05-17 19:00:00,22.48081236
1,2019-05-17 20:00:00,18.80024861
1,2019-05-17 21:00:00,21.79558746
1,2019-05-17 22:00:00,24.1732105
1,2019-05-17 23:00:00,23.38665326
1,2019-05-18 00:00:00,24.09209886
1,2019-05-18 01:00:00,24.83481683
1,2019-05-18 02:00:00,24.85189911
1,2019-05-18 03:00:00,25.63739443
1,2019-05-18 04:00:00,26.34349072
1,2019-05-18 05:00:00,26.38169306
1,2019-05-18 06:00:00,27.16406612
1,2019-05-18 07:00:00,29.318987300000003
1,2019-05-18 08:00:00,30.04296225
1,2019-05-18 09:00:00,34.38800064
1,2019-05-18 10:00:00,30.42295501
1,2019-05-18 11:00:00,24.43453891
1,2019-05-18 12:00:00,17.71044122
1,2019-05-18 13:00:00,18.36939628
1,2019-05-18 14:00:00,19.8359119
1,2019-05-18 15:00:00,19.10894922
1,2019-05-18 16:00:00,19.93336949
1,2019-05-18 17:00:00,19.34401508
1,2019-05-18 18:00:00,18.67407036
1,2019-05-18 19:00:00,19.45495692
1,2019-05-18 20:00:00,20.98662795
1,2019-05-18 21:00:00,21.76901326
1,2019-05-18 22:00:00,22.51014752
1,2019-05-18 23:00:00,22.50435546
1,2019-05-19 00:00:00,23.28994116
1,2019-05-19 01:00:00,23.28775122
1,2019-05-19 02:00:00,23.98651915
1,2019-05-19 03:00:00,24.0279062
1,2019-05-19 04:00:00,23.98964409
1,2019-05-19 05:00:00,24.73140181
1,2019-05-19 06:00:00,23.99273222
1,2019-05-19 07:00:00,25.4577084
1,2019-05-19 08:00:00,26.44245346
1,2019-05-19 09:00:00,26.00104553
1,2019-05-19 10:00:00,22.99579575
1,2019-05-19 11:00:00,21.42395048
1,2019-05-19 12:00:00,19.10837891
1,2019-05-19 13:00:00,18.43856922
1,2019-05-19 14:00:00,16.98864824
1,2019-05-19 15:00:00,17.67157981
1,2019-05-19 16:00:00,18.78869623
1,2019-05-19 17:00:00,18.82148158
1,2019-05-19 18:00:00,19.66914558
1,2019-05-19 19:00:00,19.54100227
1,2019-05-19 20:00:00,19.98033331
1,2019-05-19 21:00:00,21.00835597
1,2019-05-19 22:00:00,20.24608101
1,2019-05-19 23:00:00,21.02454199
1,2019-05-20 00:00:00,21.01897522
1,2019-05-20 01:00:00,20.23493683
1,2019-05-20 02:00:00,20.19365091
1,2019-05-20 03:00:00,19.48443695
1,2019-05-20 04:00:00,19.45389364
1,2019-05-20 05:00:00,18.71762787
1,2019-05-20 06:00:00,20.97091464
1,2019-05-20 07:00:00,26.04836757
1,2019-05-20 08:00:00,37.01342182
1,2019-05-20 09:00:00,30.44371216
1,2019-05-20 10:00:00,29.66082373
1,2019-05-20 11:00:00,28.98902487
1,2019-05-20 12:00:00,28.87023367
1,2019-05-20 13:00:00,27.29489875
1,2019-05-20 14:00:00,27.36742953
1,2019-05-20 15:00:00,28.85566974
1,2019-05-20 16:00:00,27.40459213
1,2019-05-20 17:00:00,25.99958414
1,2019-05-20 18:00:00,24.58180358
1,2019-05-20 19:00:00,17.941179199999997
1,2019-05-20 20:00:00,19.47612334
1,2019-05-20 21:00:00,20.19098282
1,2019-05-20 22:00:00,20.93423615
1,2019-05-20 23:00:00,19.47036568
1,2019-05-21 00:00:00,19.50406492
1,2019-05-21 01:00:00,20.21462688
1,2019-05-21 02:00:00,19.50513025
1,2019-05-21 03:00:00,19.46461199
1,2019-05-21 04:00:00,20.25285849
1,2019-05-21 05:00:00,20.98586713
1,2019-05-21 06:00:00,22.52073035
1,2019-05-21 07:00:00,32.82989986
1,2019-05-21 08:00:00,37.97824774
1,2019-05-21 09:00:00,31.24690958
1,2019-05-21 10:00:00,28.96032124
1,2019-05-21 11:00:00,27.42011806
1,2019-05-21 12:00:00,27.33032231
1,2019-05-21 13:00:00,26.540701
1,2019-05-21 14:00:00,25.84283588
1,2019-05-21 15:00:00,25.74453023
1,2019-05-21 16:00:00,26.62501611
1,2019-05-21 17:00:00,25.28789104
1,2019-05-21 18:00:00,23.87465164
1,2019-05-21 19:00:00,17.19167526
1,2019-05-21 20:00:00,19.47417961
1,2019-05-21 21:00:00,19.50722706
1,2019-05-21 22:00:00,20.24670955
1,2019-05-21 23:00:00,20.90574524
1,2019-05-22 00:00:00,20.23660949
1,2019-05-22 01:00:00,20.98360725
1,2019-05-22 02:00:00,20.2362394
1,2019-05-22 03:00:00,21.01801091
1,2019-05-22 04:00:00,21.03517727
1,2019-05-22 05:00:00,21.75889714
1,2019-05-22 06:00:00,21.758815
1,2019-05-22 07:00:00,31.373266
1,2019-05-22 08:00:00,38.72968451
1,2019-05-22 09:00:00,32.0031586
1,2019-05-22 10:00:00,30.35529289
1,2019-05-22 11:00:00,30.94945642
1,2019-05-22 12:00:00,27.91867762
1,2019-05-22 13:00:00,27.91462837
1,2019-05-22 14:00:00,28.64267088
1,2019-05-22 15:00:00,27.22004252
1,2019-05-22 16:00:00,26.59085592
1,2019-05-22 17:00:00,25.98836409
1,2019-05-22 18:00:00,24.63804386
1,2019-05-22 19:00:00,22.42817925
1,2019-05-22 20:00:00,17.93545898
1,2019-05-22 21:00:00,19.46712215
1,2019-05-22 22:00:00,20.92263001
1,2019-05-22 23:00:00,20.25107005
1,2019-05-23 00:00:00,20.99262004
1,2019-05-23 01:00:00,21.74660637
1,2019-05-23 02:00:00,21.81897775
1,2019-05-23 03:00:00,22.49111076
1,2019-05-23 04:00:00,23.27696298
1,2019-05-23 05:00:00,24.04066092
1,2019-05-23 06:00:00,26.34165918
1,2019-05-23 07:00:00,40.33156571
1,2019-05-23 08:00:00,38.82823393
1,2019-05-23 09:00:00,31.30426425
1,2019-05-23 10:00:00,28.8695529
1,2019-05-23 11:00:00,27.25955375
1,2019-05-23 12:00:00,29.46533353
1,2019-05-23 13:00:00,27.2192225
1,2019-05-23 14:00:00,27.96718596
1,2019-05-23 15:00:00,27.29800224
1,2019-05-23 16:00:00,25.92553701
1,2019-05-23 17:00:00,25.50083797
1,2019-05-23 18:00:00,24.67023087
1,2019-05-23 19:00:00,16.48980331
1,2019-05-23 20:00:00,17.92564822
1,2019-05-23 21:00:00,20.17086148
1,2019-05-23 22:00:00,19.46038864
1,2019-05-23 23:00:00,19.50429953
1,2019-05-24 00:00:00,19.30110603
1,2019-05-24 01:00:00,20.17216666
1,2019-05-24 02:00:00,19.35734177
1,2019-05-24 03:00:00,19.46162679
1,2019-05-24 04:00:00,19.44516188
1,2019-05-24 05:00:00,21.01102664
1,2019-05-24 06:00:00,21.75332157
1,2019-05-24 07:00:00,26.32665458
1,2019-05-24 08:00:00,38.65212457
1,2019-05-24 09:00:00,31.88395705
1,2019-05-24 10:00:00,30.17736135
1,2019-05-24 11:00:00,29.95337098
1,2019-05-24 12:00:00,29.10801297
1,2019-05-24 13:00:00,27.56873718
1,2019-05-24 14:00:00,27.51611109
1,2019-05-24 15:00:00,26.69114782
1,2019-05-24 16:00:00,26.72295293
1,2019-05-24 17:00:00,25.29778319
1,2019-05-24 18:00:00,23.1273317
1,2019-05-24 19:00:00,17.88576171
1,2019-05-24 20:00:00,18.67073076
1,2019-05-24 21:00:00,19.38156921
1,2019-05-24 22:00:00,19.37688013
1,2019-05-24 23:00:00,20.15046475
1,2019-05-25 00:00:00,19.4008442
1,2019-05-25 01:00:00,19.39737554
1,2019-05-25 02:00:00,19.47345816
1,2019-05-25 03:00:00,20.15104869
1,2019-05-25 04:00:00,19.48285288
1,2019-05-25 05:00:00,20.19672386
1,2019-05-25 06:00:00,19.48958439
1,2019-05-25 07:00:00,23.20077492
1,2019-05-25 08:00:00,23.95486328
1,2019-05-25 09:00:00,22.6779007
1,2019-05-25 10:00:00,22.34778003
1,2019-05-25 11:00:00,23.06612233
1,2019-05-25 12:00:00,22.22223639
1,2019-05-25 13:00:00,22.25492487
1,2019-05-25 14:00:00,23.08492596
1,2019-05-25 15:00:00,21.57714757
1,2019-05-25 16:00:00,21.62261234
1,2019-05-25 17:00:00,21.61451266
1,2019-05-25 18:00:00,21.75600518
1,2019-05-25 19:00:00,21.82982733
1,2019-05-25 20:00:00,23.35021779
1,2019-05-25 21:00:00,22.55925587
1,2019-05-25 22:00:00,22.56820759
1,2019-05-25 23:00:00,22.52469923
1,2019-05-26 00:00:00,23.34832866
1,2019-05-26 01:00:00,23.32292548
1,2019-05-26 02:00:00,24.09826466
1,2019-05-26 03:00:00,24.22039014
1,2019-05-26 04:00:00,25.12109951
1,2019-05-26 05:00:00,24.37356543
1,2019-05-26 06:00:00,25.08904754
1,2019-05-26 07:00:00,26.64857339
1,2019-05-26 08:00:00,29.01261384
1,2019-05-26 09:00:00,27.4160308
1,2019-05-26 10:00:00,26.48569832
1,2019-05-26 11:00:00,24.04917854
1,2019-05-26 12:00:00,24.07167169
1,2019-05-26 13:00:00,24.18137468
1,2019-05-26 14:00:00,23.40478695
1,2019-05-26 15:00:00,23.45971109
1,2019-05-26 16:00:00,24.99782704
1,2019-05-26 17:00:00,24.95418684
1,2019-05-26 18:00:00,25.79406029
1,2019-05-26 19:00:00,24.16613672
1,2019-05-26 20:00:00,25.73767487
1,2019-05-26 21:00:00,25.04207448
1,2019-05-26 22:00:00,27.33710188
1,2019-05-26 23:00:00,28.01123863
1,2019-05-27 00:00:00,26.49462583
1,2019-05-27 01:00:00,27.2571044
1,2019-05-27 02:00:00,27.31616089
1,2019-05-27 03:00:00,28.06129424
1,2019-05-27 04:00:00,34.31452257
1,2019-05-27 05:00:00,33.49194763
1,2019-05-27 06:00:00,33.45322412
1,2019-05-27 07:00:00,43.01614946
1,2019-05-27 10:00:00,45.37378693
1,2019-05-27 11:00:00,42.15854099
1,2019-05-27 12:00:00,40.28644647
1,2019-05-27 13:00:00,38.70229181
1,2019-05-27 14:00:00,34.85875985
1,2019-05-27 15:00:00,37.07526732
1,2019-05-27 16:00:00,39.45134355
1,2019-05-27 17:00:00,37.27299683
1,2019-05-27 18:00:00,35.73153189999999
1,2019-05-27 19:00:00,32.69407711
1,2019-05-27 20:00:00,30.08801397
1,2019-05-27 21:00:00,28.58305914
1,2019-05-27 22:00:00,28.5567501
1,2019-05-27 23:00:00,27.84615491
1,2019-05-28 00:00:00,27.86426865
1,2019-05-28 01:00:00,28.5311367
1,2019-05-28 02:00:00,27.05237779
1,2019-05-28 03:00:00,27.14958286
1,2019-05-28 04:00:00,28.70022435
1,2019-05-28 05:00:00,30.27299422
1,2019-05-28 06:00:00,32.79504912
1,2019-05-28 07:00:00,41.35643578
1,2019-05-28 08:00:00,46.50867206
1,2019-05-28 09:00:00,43.53684929999999
1,2019-05-28 10:00:00,43.4102745
1,2019-05-28 11:00:00,40.51051822
1,2019-05-28 12:00:00,38.09063008
1,2019-05-28 13:00:00,35.11954527
1,2019-05-28 14:00:00,34.352019
1,2019-05-28 15:00:00,32.88529065
1,2019-05-28 16:00:00,32.88630549
1,2019-05-28 17:00:00,31.54739076
1,2019-05-28 18:00:00,30.133810600000004
1,2019-05-28 19:00:00,27.12316529
1,2019-05-28 20:00:00,25.58635088
1,2019-05-28 21:00:00,25.57641008
1,2019-05-28 22:00:00,26.3417568
1,2019-05-28 23:00:00,26.37985034
1,2019-05-29 00:00:00,26.33058202
1,2019-05-29 01:00:00,27.06042019
1,2019-05-29 02:00:00,27.776911100000003
1,2019-05-29 03:00:00,29.1640286
1,2019-05-29 04:00:00,29.20629686
1,2019-05-29 05:00:00,31.58118343
1,2019-05-29 06:00:00,32.34031833
1,2019-05-29 07:00:00,40.75806638
1,2019-05-29 08:00:00,46.98460044
1,2019-05-29 09:00:00,43.83337508
1,2019-05-29 10:00:00,42.3772286
1,2019-05-29 11:00:00,40.66080465
1,2019-05-29 12:00:00,38.87128218
1,2019-05-29 13:00:00,35.8271326
1,2019-05-29 14:00:00,36.49231921
1,2019-05-29 15:00:00,36.8084872
1,2019-05-29 16:00:00,38.39754041
1,2019-05-29 17:00:00,41.35334583
1,2019-05-29 18:00:00,34.76692542
1,2019-05-29 19:00:00,30.28818872
1,2019-05-29 20:00:00,30.98642595
1,2019-05-29 21:00:00,29.51729492
1,2019-05-29 22:00:00,30.96713147
1,2019-05-29 23:00:00,29.48004658
1,2019-05-30 00:00:00,29.51031503
1,2019-05-30 01:00:00,27.93184968
1,2019-05-30 02:00:00,28.71018247
1,2019-05-30 03:00:00,28.67148835
1,2019-05-30 04:00:00,28.72697698
1,2019-05-30 05:00:00,30.19763565
1,2019-05-30 06:00:00,31.66060379
1,2019-05-30 07:00:00,40.54438219
1,2019-05-30 08:00:00,43.43503586
1,2019-05-30 09:00:00,41.9276416
1,2019-05-30 10:00:00,41.82190591
1,2019-05-30 11:00:00,41.10822215
1,2019-05-30 12:00:00,38.05818266
1,2019-05-30 13:00:00,38.10576354
1,2019-05-30 14:00:00,38.85553285
1,2019-05-30 15:00:00,38.14226021
1,2019-05-30 16:00:00,37.84666582
1,2019-05-30 17:00:00,36.45029685
1,2019-05-30 18:00:00,31.83531243
1,2019-05-30 19:00:00,29.34135867
1,2019-05-30 20:00:00,27.88466248
1,2019-05-30 21:00:00,27.2655473
1,2019-05-30 22:00:00,27.98345709
1,2019-05-30 23:00:00,26.50746501
1,2019-05-31 00:00:00,26.4572009
1,2019-05-31 01:00:00,26.45031278
1,2019-05-31 02:00:00,26.45098703
1,2019-05-31 03:00:00,25.68899955
1,2019-05-31 04:00:00,25.93005105
1,2019-05-31 05:00:00,28.10696272
1,2019-05-31 06:00:00,30.67288141
1,2019-05-31 07:00:00,37.83915104
1,2019-05-31 08:00:00,40.92261127
1,2019-05-31 09:00:00,39.23124447
1,2019-05-31 10:00:00,38.29447997
1,2019-05-31 11:00:00,37.06736852
1,2019-05-31 12:00:00,37.85992027
1,2019-05-31 13:00:00,37.9085459
1,2019-05-31 14:00:00,37.0580229
1,2019-05-31 15:00:00,36.27838214
1,2019-05-31 16:00:00,37.95372788
1,2019-05-31 17:00:00,35.63292618
1,2019-05-31 18:00:00,31.58545521
1,2019-05-31 19:00:00,27.86688181
1,2019-05-31 20:00:00,27.09215404
1,2019-05-31 21:00:00,26.30089607
1,2019-05-31 22:00:00,25.54139743
1,2019-05-31 23:00:00,25.57768613
1,2019-06-01 00:00:00,24.79033228
1,2019-06-01 01:00:00,24.79593346
1,2019-06-01 02:00:00,24.81695683
1,2019-06-01 03:00:00,24.54266785
1,2019-06-01 04:00:00,25.82137384
1,2019-06-01 05:00:00,25.089911800000007
1,2019-06-01 06:00:00,26.62576973
1,2019-06-01 06:00:00,26.62576973
1,2019-06-01 07:00:00,28.09830872
1,2019-06-01 07:00:00,28.09830872
1,2019-06-01 08:00:00,31.23889185
1,2019-06-01 08:00:00,31.23889185
1,2019-06-01 09:00:00,28.97398928
1,2019-06-01 09:00:00,28.97398928
1,2019-06-01 10:00:00,28.06166382
1,2019-06-01 10:00:00,28.06166382
1,2019-06-01 11:00:00,27.97897797
1,2019-06-01 11:00:00,27.97897797
1,2019-06-01 12:00:00,26.34085316
1,2019-06-01 12:00:00,26.34085316
1,2019-06-01 13:00:00,27.10736847
1,2019-06-01 13:00:00,27.10736847
1,2019-06-01 14:00:00,26.38385941
1,2019-06-01 14:00:00,26.38385941
1,2019-06-01 15:00:00,26.35496187
1,2019-06-01 15:00:00,26.35496187
1,2019-06-01 16:00:00,27.21166153
1,2019-06-01 16:00:00,27.21166153
1,2019-06-01 17:00:00,27.24465578
1,2019-06-01 17:00:00,27.24465578
1,2019-06-01 18:00:00,27.31468868
1,2019-06-01 18:00:00,27.31468868
1,2019-06-01 19:00:00,25.87289309
1,2019-06-01 19:00:00,25.87289309
1,2019-06-01 20:00:00,26.53532169
1,2019-06-01 20:00:00,26.53532169
1,2019-06-01 21:00:00,25.66290481
1,2019-06-01 21:00:00,25.66290481
1,2019-06-01 22:00:00,24.78276639
1,2019-06-01 22:00:00,24.78276639
1,2019-06-01 23:00:00,24.80702069
1,2019-06-01 23:00:00,24.80702069
1,2019-06-02 00:00:00,24.059359
1,2019-06-02 00:00:00,24.059359
1,2019-06-02 01:00:00,24.03871754
1,2019-06-02 01:00:00,24.03871754
1,2019-06-02 02:00:00,24.03625381
1,2019-06-02 02:00:00,24.03625381
1,2019-06-02 03:00:00,24.07038947
1,2019-06-02 03:00:00,24.07038947
1,2019-06-02 04:00:00,23.98463921
1,2019-06-02 04:00:00,23.98463921
1,2019-06-02 05:00:00,24.78679429
1,2019-06-02 05:00:00,24.78679429
1,2019-06-02 06:00:00,24.84110344
1,2019-06-02 06:00:00,24.84110344
1,2019-06-02 07:00:00,25.5552927
1,2019-06-02 07:00:00,25.5552927
1,2019-06-02 08:00:00,27.83664484
1,2019-06-02 08:00:00,27.83664484
1,2019-06-02 09:00:00,27.71286267
1,2019-06-02 09:00:00,27.71286267
1,2019-06-02 10:00:00,28.12220971
1,2019-06-02 10:00:00,28.12220971
1,2019-06-02 11:00:00,27.42776952
1,2019-06-02 11:00:00,27.42776952
1,2019-06-02 12:00:00,24.99482259
1,2019-06-02 12:00:00,24.99482259
1,2019-06-02 13:00:00,25.05617908
1,2019-06-02 13:00:00,25.05617908
1,2019-06-02 14:00:00,24.9769671
1,2019-06-02 14:00:00,24.9769671
1,2019-06-02 15:00:00,24.167566600000004
1,2019-06-02 15:00:00,24.167566600000004
1,2019-06-02 16:00:00,25.85215405
1,2019-06-02 16:00:00,25.85215405
1,2019-06-02 17:00:00,29.6347764
1,2019-06-02 17:00:00,29.6347764
1,2019-06-02 18:00:00,28.09474222
1,2019-06-02 18:00:00,28.09474222
1,2019-06-02 19:00:00,27.90449644
1,2019-06-02 19:00:00,27.90449644
1,2019-06-02 20:00:00,27.87337546
1,2019-06-02 20:00:00,27.87337546
1,2019-06-02 21:00:00,27.92413766
1,2019-06-02 21:00:00,27.92413766
1,2019-06-02 22:00:00,27.10098561
1,2019-06-02 22:00:00,27.10098561
1,2019-06-02 23:00:00,27.88585325
1,2019-06-02 23:00:00,27.88585325
1,2019-06-03 00:00:00,26.436875399999995
1,2019-06-03 00:00:00,26.436875399999995
1,2019-06-03 01:00:00,27.13938589
1,2019-06-03 01:00:00,27.13938589
1,2019-06-03 02:00:00,27.12497406
1,2019-06-03 02:00:00,27.12497406
1,2019-06-03 03:00:00,26.42855887
1,2019-06-03 03:00:00,26.42855887
1,2019-06-03 04:00:00,27.8917844
1,2019-06-03 04:00:00,27.8917844
1,2019-06-03 05:00:00,30.17287553
1,2019-06-03 05:00:00,30.17287553
1,2019-06-03 06:00:00,30.85456659
1,2019-06-03 06:00:00,30.85456659
1,2019-06-03 07:00:00,40.43561462
1,2019-06-03 07:00:00,40.43561462
1,2019-06-03 08:00:00,46.30898421
1,2019-06-03 08:00:00,46.30898421
1,2019-06-03 09:00:00,46.31043288
1,2019-06-03 09:00:00,46.31043288
1,2019-06-03 10:00:00,42.65055853
1,2019-06-03 10:00:00,42.65055853
1,2019-06-03 11:00:00,39.6205389
1,2019-06-03 11:00:00,39.6205389
1,2019-06-03 12:00:00,39.58860633
1,2019-06-03 12:00:00,39.58860633
1,2019-06-03 13:00:00,36.67357065
1,2019-06-03 13:00:00,36.67357065
1,2019-06-03 14:00:00,37.38216668
1,2019-06-03 14:00:00,37.38216668
1,2019-06-03 15:00:00,38.90571536
1,2019-06-03 15:00:00,38.90571536
1,2019-06-03 16:00:00,37.48247524
1,2019-06-03 16:00:00,37.48247524
1,2019-06-03 17:00:00,36.02623284
1,2019-06-03 17:00:00,36.02623284
1,2019-06-03 18:00:00,34.60118179
1,2019-06-03 18:00:00,34.60118179
1,2019-06-03 19:00:00,29.35862335
1,2019-06-03 19:00:00,29.35862335
1,2019-06-03 20:00:00,27.84502249
1,2019-06-03 20:00:00,27.84502249
1,2019-06-03 21:00:00,28.62565075
1,2019-06-03 21:00:00,28.62565075
1,2019-06-03 22:00:00,28.63285006
1,2019-06-03 22:00:00,28.63285006
1,2019-06-03 23:00:00,28.68657494
1,2019-06-03 23:00:00,28.68657494
1,2019-06-04 00:00:00,27.89549315
1,2019-06-04 00:00:00,27.89549315
1,2019-06-04 01:00:00,28.63789862
1,2019-06-04 01:00:00,28.63789862
1,2019-06-04 02:00:00,27.92084894
1,2019-06-04 02:00:00,27.92084894
1,2019-06-04 03:00:00,28.78519721
1,2019-06-04 03:00:00,28.78519721
1,2019-06-04 04:00:00,29.87781036
1,2019-06-04 04:00:00,29.87781036
1,2019-06-04 05:00:00,32.17833096
1,2019-06-04 05:00:00,32.17833096
1,2019-06-04 06:00:00,33.699618900000004
1,2019-06-04 06:00:00,33.699618900000004
1,2019-06-04 07:00:00,43.00650631
1,2019-06-04 07:00:00,43.00650631
1,2019-06-04 08:00:00,46.75421855
1,2019-06-04 08:00:00,46.75421855
1,2019-06-04 09:00:00,45.13264772
1,2019-06-04 09:00:00,45.13264772
1,2019-06-04 10:00:00,44.99813257
1,2019-06-04 10:00:00,44.99813257
1,2019-06-04 11:00:00,41.88095544
1,2019-06-04 11:00:00,41.88095544
1,2019-06-04 12:00:00,39.60825571
1,2019-06-04 12:00:00,39.60825571
1,2019-06-04 13:00:00,38.86711578
1,2019-06-04 13:00:00,38.86711578
1,2019-06-04 14:00:00,38.13936762
1,2019-06-04 14:00:00,38.13936762
1,2019-06-04 15:00:00,34.94683691
1,2019-06-04 15:00:00,34.94683691
1,2019-06-04 16:00:00,35.04509438
1,2019-06-04 16:00:00,35.04509438
1,2019-06-04 17:00:00,35.24476061
1,2019-06-04 17:00:00,35.24476061
1,2019-06-04 18:00:00,32.519204800000004
1,2019-06-04 18:00:00,32.519204800000004
1,2019-06-04 19:00:00,27.97027888
1,2019-06-04 19:00:00,27.97027888
1,2019-06-04 20:00:00,27.17294989
1,2019-06-04 20:00:00,27.17294989
1,2019-06-04 21:00:00,27.1605957
1,2019-06-04 21:00:00,27.1605957
1,2019-06-04 22:00:00,27.16388407
1,2019-06-04 22:00:00,27.16388407
1,2019-06-04 23:00:00,25.61165703
1,2019-06-04 23:00:00,25.61165703
1,2019-06-05 00:00:00,26.26038111
1,2019-06-05 00:00:00,26.26038111
1,2019-06-05 01:00:00,26.67933424
1,2019-06-05 01:00:00,26.67933424
1,2019-06-05 02:00:00,25.90767947
1,2019-06-05 02:00:00,25.90767947
1,2019-06-05 03:00:00,26.72194634
1,2019-06-05 03:00:00,26.72194634
1,2019-06-05 04:00:00,26.82255391
1,2019-06-05 04:00:00,26.82255391
1,2019-06-05 05:00:00,29.25556206
1,2019-06-05 05:00:00,29.25556206
1,2019-06-05 06:00:00,30.01812901
1,2019-06-05 06:00:00,30.01812901
1,2019-06-05 07:00:00,39.21588111
1,2019-06-05 07:00:00,39.21588111
1,2019-06-05 08:00:00,43.0262751
1,2019-06-05 08:00:00,43.0262751
1,2019-06-05 09:00:00,40.54054784
1,2019-06-05 09:00:00,40.54054784
1,2019-06-05 10:00:00,39.12137985
1,2019-06-05 10:00:00,39.12137985
1,2019-06-05 11:00:00,39.08372044
1,2019-06-05 11:00:00,39.08372044
1,2019-06-05 12:00:00,36.76336036
1,2019-06-05 12:00:00,36.76336036
1,2019-06-05 13:00:00,37.67461118
1,2019-06-05 13:00:00,37.67461118
1,2019-06-05 14:00:00,36.82825076
1,2019-06-05 14:00:00,36.82825076
1,2019-06-05 15:00:00,36.04496202
1,2019-06-05 15:00:00,36.04496202
1,2019-06-05 16:00:00,35.9244902
1,2019-06-05 16:00:00,35.9244902
1,2019-06-05 17:00:00,35.60919381
1,2019-06-05 17:00:00,35.60919381
1,2019-06-05 18:00:00,30.83133094
1,2019-06-05 18:00:00,30.83133094
1,2019-06-05 19:00:00,27.14560867
1,2019-06-05 19:00:00,27.14560867
1,2019-06-05 20:00:00,25.63635622
1,2019-06-05 20:00:00,25.63635622
1,2019-06-05 21:00:00,25.64323682
1,2019-06-05 21:00:00,25.64323682
1,2019-06-05 22:00:00,25.61079337
1,2019-06-05 22:00:00,25.61079337
1,2019-06-05 23:00:00,24.81805029
1,2019-06-05 23:00:00,24.81805029
1,2019-06-06 00:00:00,24.11489671
1,2019-06-06 00:00:00,24.11489671
1,2019-06-06 01:00:00,25.15862271
1,2019-06-06 01:00:00,25.15862271
1,2019-06-06 02:00:00,25.49927168
1,2019-06-06 02:00:00,25.49927168
1,2019-06-06 03:00:00,26.36365262
1,2019-06-06 03:00:00,26.36365262
1,2019-06-06 04:00:00,26.37188409
1,2019-06-06 04:00:00,26.37188409
1,2019-06-06 05:00:00,27.19842183
1,2019-06-06 05:00:00,27.19842183
1,2019-06-06 06:00:00,29.48967687
1,2019-06-06 06:00:00,29.48967687
1,2019-06-06 07:00:00,36.69680195
1,2019-06-06 07:00:00,36.69680195
1,2019-06-06 08:00:00,41.69474419
1,2019-06-06 08:00:00,41.69474419
1,2019-06-06 09:00:00,38.27269826
1,2019-06-06 09:00:00,38.27269826
1,2019-06-06 10:00:00,38.73476402
1,2019-06-06 10:00:00,38.73476402
1,2019-06-06 11:00:00,38.68036934
1,2019-06-06 11:00:00,38.68036934
1,2019-06-06 12:00:00,33.95758048
1,2019-06-06 12:00:00,33.95758048
1,2019-06-06 13:00:00,33.19071265
1,2019-06-06 13:00:00,33.19071265
1,2019-06-06 14:00:00,33.26015062
1,2019-06-06 14:00:00,33.26015062
1,2019-06-06 15:00:00,34.90016321
1,2019-06-06 15:00:00,34.90016321
1,2019-06-06 16:00:00,32.45339111
1,2019-06-06 16:00:00,32.45339111
1,2019-06-06 17:00:00,32.50129295
1,2019-06-06 17:00:00,32.50129295
1,2019-06-06 18:00:00,29.265015100000006
1,2019-06-06 18:00:00,29.265015100000006
1,2019-06-06 19:00:00,26.153569
1,2019-06-06 19:00:00,26.153569
1,2019-06-06 20:00:00,25.36261725
1,2019-06-06 20:00:00,25.36261725
1,2019-06-06 21:00:00,25.28408645
1,2019-06-06 21:00:00,25.28408645
1,2019-06-06 22:00:00,25.25664431
1,2019-06-06 22:00:00,25.25664431
1,2019-06-06 23:00:00,24.42506787
1,2019-06-06 23:00:00,24.42506787
1,2019-06-07 00:00:00,23.68042905
1,2019-06-07 00:00:00,23.68042905
1,2019-06-07 01:00:00,24.454656
1,2019-06-07 01:00:00,24.454656
1,2019-06-07 02:00:00,24.52879981
1,2019-06-07 02:00:00,24.52879981
1,2019-06-07 03:00:00,25.32470109
1,2019-06-07 03:00:00,25.32470109
1,2019-06-07 04:00:00,24.51922466
1,2019-06-07 04:00:00,24.51922466
1,2019-06-07 05:00:00,26.07635384
1,2019-06-07 05:00:00,26.07635384
1,2019-06-07 06:00:00,27.68929077
1,2019-06-07 06:00:00,27.68929077
1,2019-06-07 07:00:00,36.77091031
1,2019-06-07 07:00:00,36.77091031
1,2019-06-07 08:00:00,40.71788857
1,2019-06-07 08:00:00,40.71788857
1,2019-06-07 09:00:00,33.67283998
1,2019-06-07 09:00:00,33.67283998
1,2019-06-07 10:00:00,29.8167334
1,2019-06-07 10:00:00,29.8167334
1,2019-06-07 11:00:00,41.23715889
1,2019-06-07 11:00:00,41.23715889
1,2019-06-07 12:00:00,36.54696158
1,2019-06-07 12:00:00,36.54696158
1,2019-06-07 13:00:00,30.31228985
1,2019-06-07 13:00:00,30.31228985
1,2019-06-07 14:00:00,29.53406556
1,2019-06-07 14:00:00,29.53406556
1,2019-06-07 15:00:00,30.33513095
1,2019-06-07 15:00:00,30.33513095
1,2019-06-07 16:00:00,24.95051125
1,2019-06-07 16:00:00,24.95051125
1,2019-06-07 17:00:00,30.53573959
1,2019-06-07 17:00:00,30.53573959
1,2019-06-07 18:00:00,31.39260465
1,2019-06-07 18:00:00,31.39260465
1,2019-06-07 19:00:00,23.58936856
1,2019-06-07 19:00:00,23.58936856
1,2019-06-07 20:00:00,25.2530371
1,2019-06-07 20:00:00,25.2530371
1,2019-06-07 21:00:00,26.82103929
1,2019-06-07 21:00:00,26.82103929
1,2019-06-07 22:00:00,26.93786951
1,2019-06-07 22:00:00,26.93786951
1,2019-06-07 23:00:00,26.6208792
1,2019-06-07 23:00:00,26.6208792
1,2019-06-08 00:00:00,27.22349424
1,2019-06-08 00:00:00,27.22349424
1,2019-06-08 01:00:00,27.31435501
1,2019-06-08 01:00:00,27.31435501
1,2019-06-08 02:00:00,29.23520682
1,2019-06-08 02:00:00,29.23520682
1,2019-06-08 03:00:00,31.49467506
1,2019-06-08 03:00:00,31.49467506
1,2019-06-08 04:00:00,26.852461
1,2019-06-08 04:00:00,26.852461
1,2019-06-08 05:00:00,25.29003307
1,2019-06-08 05:00:00,25.29003307
1,2019-06-08 06:00:00,28.41871021
1,2019-06-08 06:00:00,28.41871021
1,2019-06-08 07:00:00,30.79888342
1,2019-06-08 07:00:00,30.79888342
1,2019-06-08 08:00:00,38.68629679
1,2019-06-08 08:00:00,38.68629679
1,2019-06-08 09:00:00,34.61736568
1,2019-06-08 09:00:00,34.61736568
1,2019-06-08 10:00:00,30.65733954
1,2019-06-08 10:00:00,30.65733954
1,2019-06-08 11:00:00,27.27999729
1,2019-06-08 11:00:00,27.27999729
1,2019-06-08 12:00:00,23.36880463
1,2019-06-08 12:00:00,23.36880463
1,2019-06-08 13:00:00,24.81888077
1,2019-06-08 13:00:00,24.81888077
1,2019-06-08 14:00:00,24.07596062
1,2019-06-08 14:00:00,24.07596062
1,2019-06-08 15:00:00,23.331914
1,2019-06-08 15:00:00,23.331914
1,2019-06-08 16:00:00,23.40693779
1,2019-06-08 16:00:00,23.40693779
1,2019-06-08 17:00:00,24.30348778
1,2019-06-08 17:00:00,24.30348778
1,2019-06-08 18:00:00,24.42007233
1,2019-06-08 18:00:00,24.42007233
1,2019-06-08 19:00:00,24.38398909
1,2019-06-08 19:00:00,24.38398909
1,2019-06-08 20:00:00,23.6388454
1,2019-06-08 20:00:00,23.6388454
1,2019-06-08 21:00:00,24.46210384
1,2019-06-08 21:00:00,24.46210384
1,2019-06-08 22:00:00,24.43482587
1,2019-06-08 22:00:00,24.43482587
1,2019-06-08 23:00:00,24.52002245
1,2019-06-08 23:00:00,24.52002245
1,2019-06-09 00:00:00,23.66795939
1,2019-06-09 00:00:00,23.66795939
1,2019-06-09 01:00:00,24.36252832
1,2019-06-09 01:00:00,24.36252832
1,2019-06-09 02:00:00,24.35618162
1,2019-06-09 02:00:00,24.35618162
1,2019-06-09 03:00:00,25.15845748
1,2019-06-09 03:00:00,25.15845748
1,2019-06-09 04:00:00,25.9211456
1,2019-06-09 04:00:00,25.9211456
1,2019-06-09 05:00:00,26.77184311
1,2019-06-09 05:00:00,26.77184311
1,2019-06-09 06:00:00,27.5831245
1,2019-06-09 06:00:00,27.5831245
1,2019-06-09 07:00:00,28.33716087
1,2019-06-09 07:00:00,28.33716087
1,2019-06-09 08:00:00,28.85459141
1,2019-06-09 08:00:00,28.85459141
1,2019-06-09 09:00:00,28.68515579
1,2019-06-09 09:00:00,28.68515579
1,2019-06-09 10:00:00,27.12066323
1,2019-06-09 10:00:00,27.12066323
1,2019-06-09 11:00:00,25.49815115
1,2019-06-09 11:00:00,25.49815115
1,2019-06-09 12:00:00,24.57099247
1,2019-06-09 12:00:00,24.57099247
1,2019-06-09 13:00:00,23.7585441
1,2019-06-09 13:00:00,23.7585441
1,2019-06-09 14:00:00,22.2156958
1,2019-06-09 14:00:00,22.2156958
1,2019-06-09 15:00:00,22.28897286
1,2019-06-09 15:00:00,22.28897286
1,2019-06-09 16:00:00,20.82358727
1,2019-06-09 16:00:00,20.82358727
1,2019-06-09 17:00:00,22.44940494
1,2019-06-09 17:00:00,22.44940494
1,2019-06-09 18:00:00,23.43470186
1,2019-06-09 18:00:00,23.43470186
1,2019-06-09 19:00:00,23.37039305
1,2019-06-09 19:00:00,23.37039305
1,2019-06-09 20:00:00,22.56756251
1,2019-06-09 20:00:00,22.56756251
1,2019-06-09 21:00:00,23.30039349
1,2019-06-09 21:00:00,23.30039349
1,2019-06-09 22:00:00,22.57075656
1,2019-06-09 22:00:00,22.57075656
1,2019-06-09 23:00:00,22.4502882
1,2019-06-09 23:00:00,22.4502882
1,2019-06-10 00:00:00,21.64103197
1,2019-06-10 00:00:00,21.64103197
1,2019-06-10 01:00:00,22.35812997
1,2019-06-10 01:00:00,22.35812997
1,2019-06-10 02:00:00,22.30603692
1,2019-06-10 02:00:00,22.30603692
1,2019-06-10 03:00:00,21.55370247
1,2019-06-10 03:00:00,21.55370247
1,2019-06-10 04:00:00,22.2991574
1,2019-06-10 04:00:00,22.2991574
1,2019-06-10 05:00:00,23.10167651
1,2019-06-10 05:00:00,23.10167651
1,2019-06-10 06:00:00,24.63658836
1,2019-06-10 06:00:00,24.63658836
1,2019-06-10 07:00:00,36.75852841
1,2019-06-10 07:00:00,36.75852841
1,2019-06-10 08:00:00,39.0219884
1,2019-06-10 08:00:00,39.0219884
1,2019-06-10 09:00:00,34.41554335
1,2019-06-10 09:00:00,34.41554335
1,2019-06-10 10:00:00,32.09737493
1,2019-06-10 10:00:00,32.09737493
1,2019-06-10 11:00:00,30.50671177
1,2019-06-10 11:00:00,30.50671177
1,2019-06-10 12:00:00,28.15373726
1,2019-06-10 12:00:00,28.15373726
1,2019-06-10 13:00:00,28.21044617
1,2019-06-10 13:00:00,28.21044617
1,2019-06-10 14:00:00,27.36710613
1,2019-06-10 14:00:00,27.36710613
1,2019-06-10 15:00:00,23.55461943
1,2019-06-10 15:00:00,23.55461943
1,2019-06-10 16:00:00,25.88230626
1,2019-06-10 16:00:00,25.88230626
1,2019-06-10 17:00:00,26.68026343
1,2019-06-10 17:00:00,26.68026343
1,2019-06-10 18:00:00,26.03982167
1,2019-06-10 18:00:00,26.03982167
1,2019-06-10 19:00:00,25.26632847
1,2019-06-10 19:00:00,25.26632847
1,2019-06-10 20:00:00,23.00281313
1,2019-06-10 20:00:00,23.00281313
1,2019-06-10 21:00:00,23.05391624
1,2019-06-10 21:00:00,23.05391624
1,2019-06-10 22:00:00,23.00889043
1,2019-06-10 22:00:00,23.00889043
1,2019-06-10 23:00:00,22.2847337
1,2019-06-10 23:00:00,22.2847337
1,2019-06-11 00:00:00,23.01007966
1,2019-06-11 00:00:00,23.01007966
1,2019-06-11 01:00:00,23.05044861
1,2019-06-11 01:00:00,23.05044861
1,2019-06-11 02:00:00,23.86243582
1,2019-06-11 02:00:00,23.86243582
1,2019-06-11 03:00:00,23.88798475
1,2019-06-11 03:00:00,23.88798475
1,2019-06-11 04:00:00,23.95287752
1,2019-06-11 04:00:00,23.95287752
1,2019-06-11 05:00:00,25.47681809
1,2019-06-11 05:00:00,25.47681809
1,2019-06-11 06:00:00,27.74325571
1,2019-06-11 06:00:00,27.74325571
1,2019-06-11 07:00:00,42.18642935
1,2019-06-11 07:00:00,42.18642935
1,2019-06-11 08:00:00,42.94643094
1,2019-06-11 08:00:00,42.94643094
1,2019-06-11 09:00:00,36.83712602
1,2019-06-11 09:00:00,36.83712602
1,2019-06-11 10:00:00,35.20976507
1,2019-06-11 10:00:00,35.20976507
1,2019-06-11 11:00:00,32.82625443
1,2019-06-11 11:00:00,32.82625443
1,2019-06-11 12:00:00,28.92052966
1,2019-06-11 12:00:00,28.92052966
1,2019-06-11 13:00:00,24.34259717
1,2019-06-11 13:00:00,24.34259717
1,2019-06-11 14:00:00,28.10287618
1,2019-06-11 14:00:00,28.10287618
1,2019-06-11 15:00:00,30.39141132
1,2019-06-11 15:00:00,30.39141132
1,2019-06-11 16:00:00,30.35414863
1,2019-06-11 16:00:00,30.35414863
1,2019-06-11 17:00:00,25.18758888
1,2019-06-11 17:00:00,25.18758888
1,2019-06-11 18:00:00,23.70543591
1,2019-06-11 18:00:00,23.70543591
1,2019-06-11 19:00:00,23.01336449
1,2019-06-11 19:00:00,23.01336449
1,2019-06-11 20:00:00,22.35233574
1,2019-06-11 20:00:00,22.35233574
1,2019-06-11 21:00:00,23.25284566
1,2019-06-11 21:00:00,23.25284566
1,2019-06-11 22:00:00,22.54625317
1,2019-06-11 22:00:00,22.54625317
1,2019-06-11 23:00:00,22.53910532
1,2019-06-11 23:00:00,22.53910532
1,2019-06-12 00:00:00,22.49288832
1,2019-06-12 00:00:00,22.49288832
1,2019-06-12 01:00:00,21.79616107
1,2019-06-12 01:00:00,21.79616107
1,2019-06-12 02:00:00,21.73063725
1,2019-06-12 02:00:00,21.73063725
1,2019-06-12 03:00:00,20.69596328
1,2019-06-12 03:00:00,20.69596328
1,2019-06-12 04:00:00,19.88391797
1,2019-06-12 04:00:00,19.88391797
1,2019-06-12 05:00:00,20.67231118
1,2019-06-12 05:00:00,20.67231118
1,2019-06-12 06:00:00,21.4514624
1,2019-06-12 06:00:00,21.4514624
1,2019-06-12 07:00:00,31.28931979
1,2019-06-12 07:00:00,31.28931979
1,2019-06-12 08:00:00,37.37619373
1,2019-06-12 08:00:00,37.37619373
1,2019-06-12 09:00:00,31.39331825
1,2019-06-12 09:00:00,31.39331825
1,2019-06-12 10:00:00,31.42438606
1,2019-06-12 10:00:00,31.42438606
1,2019-06-12 11:00:00,31.41766075
1,2019-06-12 11:00:00,31.41766075
1,2019-06-12 12:00:00,30.69566115
1,2019-06-12 12:00:00,30.69566115
1,2019-06-12 13:00:00,30.66606182
1,2019-06-12 13:00:00,30.66606182
1,2019-06-12 14:00:00,30.62666205
1,2019-06-12 14:00:00,30.62666205
1,2019-06-12 15:00:00,31.41142654
1,2019-06-12 15:00:00,31.41142654
1,2019-06-12 16:00:00,29.12628449
1,2019-06-12 16:00:00,29.12628449
1,2019-06-12 17:00:00,25.33353153
1,2019-06-12 17:00:00,25.33353153
1,2019-06-12 18:00:00,25.31364434
1,2019-06-12 18:00:00,25.31364434
1,2019-06-12 19:00:00,23.81321296
1,2019-06-12 19:00:00,23.81321296
1,2019-06-12 20:00:00,22.3328382
1,2019-06-12 20:00:00,22.3328382
1,2019-06-12 21:00:00,22.33128365
1,2019-06-12 21:00:00,22.33128365
1,2019-06-12 22:00:00,22.36693222
1,2019-06-12 22:00:00,22.36693222
1,2019-06-12 23:00:00,23.0735585
1,2019-06-12 23:00:00,23.0735585
1,2019-06-13 00:00:00,22.97106951
1,2019-06-13 00:00:00,22.97106951
1,2019-06-13 01:00:00,23.77924681
1,2019-06-13 01:00:00,23.77924681
1,2019-06-13 02:00:00,23.30568967
1,2019-06-13 02:00:00,23.30568967
1,2019-06-13 03:00:00,24.46892162
1,2019-06-13 03:00:00,24.46892162
1,2019-06-13 04:00:00,25.26664033
1,2019-06-13 04:00:00,25.26664033
1,2019-06-13 05:00:00,26.81417821
1,2019-06-13 05:00:00,26.81417821
1,2019-06-13 06:00:00,26.74608136
1,2019-06-13 06:00:00,26.74608136
1,2019-06-13 07:00:00,40.91841449
1,2019-06-13 07:00:00,40.91841449
1,2019-06-13 08:00:00,45.00731847
1,2019-06-13 08:00:00,45.00731847
1,2019-06-13 09:00:00,37.27923098
1,2019-06-13 09:00:00,37.27923098
1,2019-06-13 10:00:00,37.14957896
1,2019-06-13 10:00:00,37.14957896
1,2019-06-13 11:00:00,33.91029424
1,2019-06-13 11:00:00,33.91029424
1,2019-06-13 12:00:00,32.96368505
1,2019-06-13 12:00:00,32.96368505
1,2019-06-13 13:00:00,32.05442139
1,2019-06-13 13:00:00,32.05442139
1,2019-06-13 14:00:00,30.42503529
1,2019-06-13 14:00:00,30.42503529
1,2019-06-13 15:00:00,30.43640261
1,2019-06-13 15:00:00,30.43640261
1,2019-06-13 16:00:00,27.406133500000006
1,2019-06-13 16:00:00,27.406133500000006
1,2019-06-13 17:00:00,25.91428432
1,2019-06-13 17:00:00,25.91428432
1,2019-06-13 18:00:00,31.96741017
1,2019-06-13 18:00:00,31.96741017
1,2019-06-13 19:00:00,21.62051953
1,2019-06-13 19:00:00,21.62051953
1,2019-06-13 20:00:00,22.70647826
1,2019-06-13 20:00:00,22.70647826
1,2019-06-13 21:00:00,23.76888521
1,2019-06-13 21:00:00,23.76888521
1,2019-06-13 22:00:00,22.59151561
1,2019-06-13 22:00:00,22.59151561
1,2019-06-13 23:00:00,23.29506759
1,2019-06-13 23:00:00,23.29506759
1,2019-06-14 00:00:00,21.95410978
1,2019-06-14 00:00:00,21.95410978
1,2019-06-14 01:00:00,24.84890768
1,2019-06-14 01:00:00,24.84890768
1,2019-06-14 02:00:00,24.09501738
1,2019-06-14 02:00:00,24.09501738
1,2019-06-14 03:00:00,23.36864575
1,2019-06-14 03:00:00,23.36864575
1,2019-06-14 04:00:00,24.28540479
1,2019-06-14 04:00:00,24.28540479
1,2019-06-14 05:00:00,25.72779749
1,2019-06-14 05:00:00,25.72779749
1,2019-06-14 06:00:00,25.79249567
1,2019-06-14 06:00:00,25.79249567
1,2019-06-14 07:00:00,39.10069782
1,2019-06-14 07:00:00,39.10069782
1,2019-06-14 08:00:00,39.79859795
1,2019-06-14 08:00:00,39.79859795
1,2019-06-14 09:00:00,35.94923868
1,2019-06-14 09:00:00,35.94923868
1,2019-06-14 10:00:00,32.89085384
1,2019-06-14 10:00:00,32.89085384
1,2019-06-14 11:00:00,32.11911008
1,2019-06-14 11:00:00,32.11911008
1,2019-06-14 12:00:00,29.77844794
1,2019-06-14 12:00:00,29.77844794
1,2019-06-14 13:00:00,28.96116531
1,2019-06-14 13:00:00,28.96116531
1,2019-06-14 14:00:00,29.02702206
1,2019-06-14 14:00:00,29.02702206
1,2019-06-14 15:00:00,25.40356565
1,2019-06-14 15:00:00,25.40356565
1,2019-06-14 16:00:00,25.44266495
1,2019-06-14 16:00:00,25.44266495
1,2019-06-14 17:00:00,27.00736665
1,2019-06-14 17:00:00,27.00736665
1,2019-06-14 18:00:00,25.6396517
1,2019-06-14 18:00:00,25.6396517
1,2019-06-14 19:00:00,24.15798655
1,2019-06-14 19:00:00,24.15798655
1,2019-06-14 20:00:00,24.18682069
1,2019-06-14 20:00:00,24.18682069
1,2019-06-14 21:00:00,24.1798837
1,2019-06-14 21:00:00,24.1798837
1,2019-06-14 22:00:00,24.95216011
1,2019-06-14 22:00:00,24.95216011
1,2019-06-14 23:00:00,24.21940605
1,2019-06-14 23:00:00,24.21940605
1,2019-06-15 00:00:00,24.95106004
1,2019-06-15 00:00:00,24.95106004
1,2019-06-15 01:00:00,24.22836852
1,2019-06-15 01:00:00,24.22836852
1,2019-06-15 02:00:00,24.19638215
1,2019-06-15 02:00:00,24.19638215
1,2019-06-15 03:00:00,24.90644228
1,2019-06-15 03:00:00,24.90644228
1,2019-06-15 04:00:00,24.19886862
1,2019-06-15 04:00:00,24.19886862
1,2019-06-15 05:00:00,24.21168049
1,2019-06-15 05:00:00,24.21168049
1,2019-06-15 06:00:00,24.17400181
1,2019-06-15 06:00:00,24.17400181
1,2019-06-15 07:00:00,27.13639793
1,2019-06-15 07:00:00,27.13639793
1,2019-06-15 08:00:00,28.64812602
1,2019-06-15 08:00:00,28.64812602
1,2019-06-15 09:00:00,27.15254918
1,2019-06-15 09:00:00,27.15254918
1,2019-06-15 10:00:00,26.38568894
1,2019-06-15 10:00:00,26.38568894
1,2019-06-15 11:00:00,26.24566099
1,2019-06-15 11:00:00,26.24566099
1,2019-06-15 12:00:00,23.91282471
1,2019-06-15 12:00:00,23.91282471
1,2019-06-15 13:00:00,23.94084286
1,2019-06-15 13:00:00,23.94084286
1,2019-06-15 14:00:00,23.197052
1,2019-06-15 14:00:00,23.197052
1,2019-06-15 15:00:00,24.73296689
1,2019-06-15 15:00:00,24.73296689
1,2019-06-15 16:00:00,24.76575264
1,2019-06-15 16:00:00,24.76575264
1,2019-06-15 17:00:00,25.55444916
1,2019-06-15 17:00:00,25.55444916
1,2019-06-15 18:00:00,24.88101856
1,2019-06-15 18:00:00,24.88101856
1,2019-06-15 19:00:00,25.59266655
1,2019-06-15 19:00:00,25.59266655
1,2019-06-15 20:00:00,24.88418413
1,2019-06-15 20:00:00,24.88418413
1,2019-06-15 21:00:00,24.14446686
1,2019-06-15 21:00:00,24.14446686
1,2019-06-15 22:00:00,24.90252043
1,2019-06-15 22:00:00,24.90252043
1,2019-06-15 23:00:00,24.2280779
1,2019-06-15 23:00:00,24.2280779
1,2019-06-16 00:00:00,25.031868
1,2019-06-16 00:00:00,25.031868
1,2019-06-16 01:00:00,25.03807519
1,2019-06-16 01:00:00,25.03807519
1,2019-06-16 02:00:00,25.04554198
1,2019-06-16 02:00:00,25.04554198
1,2019-06-16 03:00:00,25.78123157
1,2019-06-16 03:00:00,25.78123157
1,2019-06-16 04:00:00,25.7687281
1,2019-06-16 04:00:00,25.7687281
1,2019-06-16 05:00:00,25.73350306
1,2019-06-16 05:00:00,25.73350306
1,2019-06-16 06:00:00,26.53307835
1,2019-06-16 06:00:00,26.53307835
1,2019-06-16 07:00:00,26.50793976
1,2019-06-16 07:00:00,26.50793976
1,2019-06-16 08:00:00,27.38793347
1,2019-06-16 08:00:00,27.38793347
1,2019-06-16 09:00:00,28.67020596
1,2019-06-16 09:00:00,28.67020596
1,2019-06-16 10:00:00,26.95899769
1,2019-06-16 10:00:00,26.95899769
1,2019-06-16 11:00:00,25.34521875
1,2019-06-16 11:00:00,25.34521875
1,2019-06-16 12:00:00,23.82503713
1,2019-06-16 12:00:00,23.82503713
1,2019-06-16 13:00:00,22.99016913
1,2019-06-16 13:00:00,22.99016913
1,2019-06-16 14:00:00,21.47074564
1,2019-06-16 14:00:00,21.47074564
1,2019-06-16 15:00:00,22.26587883
1,2019-06-16 15:00:00,22.26587883
1,2019-06-16 16:00:00,22.22426952
1,2019-06-16 16:00:00,22.22426952
1,2019-06-16 17:00:00,24.67634073
1,2019-06-16 17:00:00,24.67634073
1,2019-06-16 18:00:00,25.38980588
1,2019-06-16 18:00:00,25.38980588
1,2019-06-16 19:00:00,26.25358406
1,2019-06-16 19:00:00,26.25358406
1,2019-06-16 20:00:00,27.03123247
1,2019-06-16 20:00:00,27.03123247
1,2019-06-16 21:00:00,26.25168682
1,2019-06-16 21:00:00,26.25168682
1,2019-06-16 22:00:00,26.33510518
1,2019-06-16 22:00:00,26.33510518
1,2019-06-16 23:00:00,26.36260076
1,2019-06-16 23:00:00,26.36260076
1,2019-06-17 00:00:00,27.11767241
1,2019-06-17 00:00:00,27.11767241
1,2019-06-17 01:00:00,26.29354647
1,2019-06-17 01:00:00,26.29354647
1,2019-06-17 02:00:00,26.26721017
1,2019-06-17 02:00:00,26.26721017
1,2019-06-17 03:00:00,28.68531691
1,2019-06-17 03:00:00,28.68531691
1,2019-06-17 04:00:00,27.17179293
1,2019-06-17 04:00:00,27.17179293
1,2019-06-17 05:00:00,29.07996862
1,2019-06-17 05:00:00,29.07996862
1,2019-06-17 06:00:00,31.88482135
1,2019-06-17 06:00:00,31.88482135
1,2019-06-17 09:00:00,44.37220443
1,2019-06-17 09:00:00,44.37220443
1,2019-06-17 10:00:00,41.1150657
1,2019-06-17 10:00:00,41.1150657
1,2019-06-17 11:00:00,37.30486321
1,2019-06-17 11:00:00,37.30486321
1,2019-06-17 12:00:00,31.99807855
1,2019-06-17 12:00:00,31.99807855
1,2019-06-17 13:00:00,31.96739718
1,2019-06-17 13:00:00,31.96739718
1,2019-06-17 14:00:00,30.46007167
1,2019-06-17 14:00:00,30.46007167
1,2019-06-17 15:00:00,29.08949423
1,2019-06-17 15:00:00,29.08949423
1,2019-06-17 16:00:00,30.65060845
1,2019-06-17 16:00:00,30.65060845
1,2019-06-17 17:00:00,29.29552022
1,2019-06-17 17:00:00,29.29552022
1,2019-06-17 18:00:00,26.42300171
1,2019-06-17 18:00:00,26.42300171
1,2019-06-17 19:00:00,22.71916428
1,2019-06-17 19:00:00,22.71916428
1,2019-06-17 20:00:00,25.76977224
1,2019-06-17 20:00:00,25.76977224
1,2019-06-17 21:00:00,25.02067978
1,2019-06-17 21:00:00,25.02067978
1,2019-06-17 22:00:00,25.77476525
1,2019-06-17 22:00:00,25.77476525
1,2019-06-17 23:00:00,25.72110405
1,2019-06-17 23:00:00,25.72110405
1,2019-06-18 00:00:00,25.03675916
1,2019-06-18 00:00:00,25.03675916
1,2019-06-18 01:00:00,25.02771275
1,2019-06-18 01:00:00,25.02771275
1,2019-06-18 02:00:00,24.27828051
1,2019-06-18 02:00:00,24.27828051
1,2019-06-18 03:00:00,24.39655829
1,2019-06-18 03:00:00,24.39655829
1,2019-06-18 04:00:00,25.42271631
1,2019-06-18 04:00:00,25.42271631
1,2019-06-18 05:00:00,26.98875727
1,2019-06-18 05:00:00,26.98875727
1,2019-06-18 06:00:00,29.33108453
1,2019-06-18 06:00:00,29.33108453
1,2019-06-18 07:00:00,40.61838471
1,2019-06-18 07:00:00,40.61838471
1,2019-06-18 08:00:00,43.63242533
1,2019-06-18 08:00:00,43.63242533
1,2019-06-18 09:00:00,39.85142801
1,2019-06-18 09:00:00,39.85142801
1,2019-06-18 10:00:00,39.16785338
1,2019-06-18 10:00:00,39.16785338
1,2019-06-18 11:00:00,35.77715491
1,2019-06-18 11:00:00,35.77715491
1,2019-06-18 12:00:00,38.44714031
1,2019-06-18 12:00:00,38.44714031
1,2019-06-18 13:00:00,32.36770309
1,2019-06-18 13:00:00,32.36770309
1,2019-06-18 14:00:00,30.87549751
1,2019-06-18 14:00:00,30.87549751
1,2019-06-18 15:00:00,33.36592197
1,2019-06-18 15:00:00,33.36592197
1,2019-06-18 16:00:00,35.64084818
1,2019-06-18 16:00:00,35.64084818
1,2019-06-18 17:00:00,40.10245889
1,2019-06-18 17:00:00,40.10245889
1,2019-06-18 18:00:00,32.70170067
1,2019-06-18 18:00:00,32.70170067
1,2019-06-18 19:00:00,28.91368066
1,2019-06-18 19:00:00,28.91368066
1,2019-06-18 20:00:00,27.411931
1,2019-06-18 20:00:00,27.411931
1,2019-06-18 21:00:00,24.39451401
1,2019-06-18 21:00:00,24.39451401
1,2019-06-18 22:00:00,27.47706018
1,2019-06-18 22:00:00,27.47706018
1,2019-06-18 23:00:00,28.20138394
1,2019-06-18 23:00:00,28.20138394
1,2019-06-19 00:00:00,28.20224852
1,2019-06-19 00:00:00,28.20224852
1,2019-06-19 01:00:00,28.18817273
1,2019-06-19 01:00:00,28.18817273
1,2019-06-19 02:00:00,28.18739375
1,2019-06-19 02:00:00,28.18739375
1,2019-06-19 03:00:00,28.22108877
1,2019-06-19 03:00:00,28.22108877
1,2019-06-19 04:00:00,28.96985449
1,2019-06-19 04:00:00,28.96985449
1,2019-06-19 05:00:00,28.71926594
1,2019-06-19 05:00:00,28.71926594
1,2019-06-19 06:00:00,32.46185882
1,2019-06-19 06:00:00,32.46185882
1,2019-06-19 09:00:00,45.88607121
1,2019-06-19 09:00:00,45.88607121
1,2019-06-19 10:00:00,41.7931232
1,2019-06-19 10:00:00,41.7931232
1,2019-06-19 11:00:00,37.73985822
1,2019-06-19 11:00:00,37.73985822
1,2019-06-19 12:00:00,40.71643753
1,2019-06-19 12:00:00,40.71643753
1,2019-06-19 13:00:00,37.66017151
1,2019-06-19 13:00:00,37.66017151
1,2019-06-19 14:00:00,36.127158
1,2019-06-19 14:00:00,36.127158
1,2019-06-19 15:00:00,36.76219617
1,2019-06-19 15:00:00,36.76219617
1,2019-06-19 16:00:00,37.66079212
1,2019-06-19 16:00:00,37.66079212
1,2019-06-19 17:00:00,34.75368494
1,2019-06-19 17:00:00,34.75368494
1,2019-06-19 18:00:00,33.27138805
1,2019-06-19 18:00:00,33.27138805
1,2019-06-19 19:00:00,28.15455918
1,2019-06-19 19:00:00,28.15455918
1,2019-06-19 20:00:00,24.39139206
1,2019-06-19 20:00:00,24.39139206
1,2019-06-19 21:00:00,26.59701833
1,2019-06-19 21:00:00,26.59701833
1,2019-06-19 22:00:00,28.08654061
1,2019-06-19 22:00:00,28.08654061
1,2019-06-19 23:00:00,28.42992341
1,2019-06-19 23:00:00,28.42992341
1,2019-06-20 00:00:00,28.2199123
1,2019-06-20 00:00:00,28.2199123
1,2019-06-20 01:00:00,28.0908178
1,2019-06-20 01:00:00,28.0908178
1,2019-06-20 02:00:00,27.33141177
1,2019-06-20 02:00:00,27.33141177
1,2019-06-20 03:00:00,29.31002443
1,2019-06-20 03:00:00,29.31002443
1,2019-06-20 04:00:00,28.80444296
1,2019-06-20 04:00:00,28.80444296
1,2019-06-20 05:00:00,29.63977149
1,2019-06-20 05:00:00,29.63977149
1,2019-06-20 06:00:00,32.68047746
1,2019-06-20 06:00:00,32.68047746
1,2019-06-20 09:00:00,42.75418185
1,2019-06-20 09:00:00,42.75418185
1,2019-06-20 10:00:00,42.82442674
1,2019-06-20 10:00:00,42.82442674
1,2019-06-20 11:00:00,37.53460359
1,2019-06-20 11:00:00,37.53460359
1,2019-06-20 13:00:00,43.90509712
1,2019-06-20 13:00:00,43.90509712
1,2019-06-20 14:00:00,39.86378999
1,2019-06-20 14:00:00,39.86378999
1,2019-06-20 15:00:00,39.8809179
1,2019-06-20 15:00:00,39.8809179
1,2019-06-20 16:00:00,36.82689227
1,2019-06-20 16:00:00,36.82689227
1,2019-06-20 17:00:00,39.89735487
1,2019-06-20 17:00:00,39.89735487
1,2019-06-20 18:00:00,33.21227668
1,2019-06-20 18:00:00,33.21227668
1,2019-06-20 19:00:00,30.28228368
1,2019-06-20 19:00:00,30.28228368
1,2019-06-20 20:00:00,29.50627499
1,2019-06-20 20:00:00,29.50627499
1,2019-06-20 21:00:00,30.27687068
1,2019-06-20 21:00:00,30.27687068
1,2019-06-20 22:00:00,23.47868691
1,2019-06-20 22:00:00,23.47868691
1,2019-06-21 00:00:00,44.38742578
1,2019-06-21 00:00:00,44.38742578
1,2019-06-21 01:00:00,42.94115587
1,2019-06-21 01:00:00,42.94115587
1,2019-06-21 02:00:00,28.77269082
1,2019-06-21 02:00:00,28.77269082
1,2019-06-21 03:00:00,28.06168465
1,2019-06-21 03:00:00,28.06168465
1,2019-06-21 04:00:00,28.84592578
1,2019-06-21 04:00:00,28.84592578
1,2019-06-21 05:00:00,30.72913904
1,2019-06-21 05:00:00,30.72913904
1,2019-06-21 06:00:00,33.92354465
1,2019-06-21 06:00:00,33.92354465
1,2019-06-21 07:00:00,40.73961924
1,2019-06-21 07:00:00,40.73961924
1,2019-06-21 08:00:00,46.78884659
1,2019-06-21 08:00:00,46.78884659
1,2019-06-21 09:00:00,46.70362975
1,2019-06-21 09:00:00,46.70362975
1,2019-06-21 10:00:00,43.35764639
1,2019-06-21 10:00:00,43.35764639
1,2019-06-21 11:00:00,42.01642334
1,2019-06-21 11:00:00,42.01642334
1,2019-06-21 12:00:00,39.05770496
1,2019-06-21 12:00:00,39.05770496
1,2019-06-21 13:00:00,38.96916656
1,2019-06-21 13:00:00,38.96916656
1,2019-06-21 14:00:00,36.63895724
1,2019-06-21 14:00:00,36.63895724
1,2019-06-21 15:00:00,35.51284831
1,2019-06-21 15:00:00,35.51284831
1,2019-06-21 16:00:00,36.07292883
1,2019-06-21 16:00:00,36.07292883
1,2019-06-21 17:00:00,35.35661270000001
1,2019-06-21 17:00:00,35.35661270000001
1,2019-06-21 18:00:00,31.64221783
1,2019-06-21 18:00:00,31.64221783
1,2019-06-21 19:00:00,25.51808633
1,2019-06-21 19:00:00,25.51808633
1,2019-06-21 20:00:00,23.53676257
1,2019-06-21 20:00:00,23.53676257
1,2019-06-21 21:00:00,26.53187518
1,2019-06-21 21:00:00,26.53187518
1,2019-06-21 22:00:00,27.32883189
1,2019-06-21 22:00:00,27.32883189
1,2019-06-21 23:00:00,27.31402908
1,2019-06-21 23:00:00,27.31402908
1,2019-06-22 00:00:00,27.32415439
1,2019-06-22 00:00:00,27.32415439
1,2019-06-22 01:00:00,27.60193182
1,2019-06-22 01:00:00,27.60193182
1,2019-06-22 02:00:00,28.73486011
1,2019-06-22 02:00:00,28.73486011
1,2019-06-22 03:00:00,27.94213208
1,2019-06-22 03:00:00,27.94213208
1,2019-06-22 04:00:00,27.83446671
1,2019-06-22 04:00:00,27.83446671
1,2019-06-22 05:00:00,28.54817683
1,2019-06-22 05:00:00,28.54817683
1,2019-06-22 06:00:00,28.57931411
1,2019-06-22 06:00:00,28.57931411
1,2019-06-22 07:00:00,29.35422761
1,2019-06-22 07:00:00,29.35422761
1,2019-06-22 08:00:00,30.09696217
1,2019-06-22 08:00:00,30.09696217
1,2019-06-22 09:00:00,29.3502285
1,2019-06-22 09:00:00,29.3502285
1,2019-06-22 10:00:00,29.94850882
1,2019-06-22 10:00:00,29.94850882
1,2019-06-22 11:00:00,29.15544909
1,2019-06-22 11:00:00,29.15544909
1,2019-06-22 12:00:00,29.90106936
1,2019-06-22 12:00:00,29.90106936
1,2019-06-22 13:00:00,29.86571633
1,2019-06-22 13:00:00,29.86571633
1,2019-06-22 14:00:00,30.67724846
1,2019-06-22 14:00:00,30.67724846
1,2019-06-22 15:00:00,42.71379299
1,2019-06-22 15:00:00,42.71379299
1,2019-06-22 16:00:00,33.8425509
1,2019-06-22 16:00:00,33.8425509
1,2019-06-22 17:00:00,29.25055314
1,2019-06-22 17:00:00,29.25055314
1,2019-06-22 18:00:00,29.23394881
1,2019-06-22 18:00:00,29.23394881
1,2019-06-22 19:00:00,28.52089621
1,2019-06-22 19:00:00,28.52089621
1,2019-06-22 20:00:00,28.52972964
1,2019-06-22 20:00:00,28.52972964
1,2019-06-22 21:00:00,29.35480258
1,2019-06-22 21:00:00,29.35480258
1,2019-06-22 22:00:00,29.37612621
1,2019-06-22 22:00:00,29.37612621
1,2019-06-22 23:00:00,29.3837286
1,2019-06-22 23:00:00,29.3837286
1,2019-06-23 00:00:00,29.43027151
1,2019-06-23 00:00:00,29.43027151
1,2019-06-23 01:00:00,29.60538485
1,2019-06-23 01:00:00,29.60538485
1,2019-06-23 02:00:00,29.65992188
1,2019-06-23 02:00:00,29.65992188
1,2019-06-23 03:00:00,30.40759152
1,2019-06-23 03:00:00,30.40759152
1,2019-06-23 04:00:00,29.49529216
1,2019-06-23 04:00:00,29.49529216
1,2019-06-23 05:00:00,29.38457515
1,2019-06-23 05:00:00,29.38457515
1,2019-06-23 06:00:00,29.40185194
1,2019-06-23 06:00:00,29.40185194
1,2019-06-23 07:00:00,30.94184196
1,2019-06-23 07:00:00,30.94184196
1,2019-06-23 08:00:00,32.46470662
1,2019-06-23 08:00:00,32.46470662
1,2019-06-23 09:00:00,31.68971444
1,2019-06-23 09:00:00,31.68971444
1,2019-06-23 10:00:00,32.45144869999999
1,2019-06-23 10:00:00,32.45144869999999
1,2019-06-23 11:00:00,30.87428227
1,2019-06-23 11:00:00,30.87428227
1,2019-06-23 12:00:00,30.87159405
1,2019-06-23 12:00:00,30.87159405
1,2019-06-23 13:00:00,31.59937929
1,2019-06-23 13:00:00,31.59937929
1,2019-06-23 14:00:00,30.89842369
1,2019-06-23 14:00:00,30.89842369
1,2019-06-23 15:00:00,30.85346867
1,2019-06-23 15:00:00,30.85346867
1,2019-06-23 16:00:00,30.20779919
1,2019-06-23 16:00:00,30.20779919
1,2019-06-23 17:00:00,30.79658837
1,2019-06-23 17:00:00,30.79658837
1,2019-06-23 18:00:00,30.36610968
1,2019-06-23 18:00:00,30.36610968
1,2019-06-23 19:00:00,30.43070856
1,2019-06-23 19:00:00,30.43070856
1,2019-06-23 20:00:00,30.53868156
1,2019-06-23 20:00:00,30.53868156
1,2019-06-23 21:00:00,29.78397537
1,2019-06-23 21:00:00,29.78397537
1,2019-06-23 22:00:00,29.71430618
1,2019-06-23 22:00:00,29.71430618
1,2019-06-23 23:00:00,28.14968491
1,2019-06-23 23:00:00,28.14968491
1,2019-06-24 00:00:00,28.9708885
1,2019-06-24 00:00:00,28.9708885
1,2019-06-24 01:00:00,28.22273894
1,2019-06-24 01:00:00,28.22273894
1,2019-06-24 02:00:00,27.59945791
1,2019-06-24 02:00:00,27.59945791
1,2019-06-24 03:00:00,29.17227866
1,2019-06-24 03:00:00,29.17227866
1,2019-06-24 04:00:00,28.54540274
1,2019-06-24 04:00:00,28.54540274
1,2019-06-24 05:00:00,30.93248741
1,2019-06-24 05:00:00,30.93248741
1,2019-06-24 06:00:00,35.52770746
1,2019-06-24 06:00:00,35.52770746
1,2019-06-24 07:00:00,43.90289775
1,2019-06-24 07:00:00,43.90289775
1,2019-06-24 11:00:00,44.19677704
1,2019-06-24 11:00:00,44.19677704
1,2019-06-24 12:00:00,40.67974008
1,2019-06-24 12:00:00,40.67974008
1,2019-06-24 13:00:00,38.31249676
1,2019-06-24 13:00:00,38.31249676
1,2019-06-24 14:00:00,33.0703868
1,2019-06-24 14:00:00,33.0703868
1,2019-06-24 15:00:00,36.76392992
1,2019-06-24 15:00:00,36.76392992
1,2019-06-24 16:00:00,33.97866325
1,2019-06-24 16:00:00,33.97866325
1,2019-06-24 17:00:00,34.92137528
1,2019-06-24 17:00:00,34.92137528
1,2019-06-24 18:00:00,31.26563237
1,2019-06-24 18:00:00,31.26563237
1,2019-06-24 19:00:00,29.84905895
1,2019-06-24 19:00:00,29.84905895
1,2019-06-24 20:00:00,29.03977378
1,2019-06-24 20:00:00,29.03977378
1,2019-06-24 21:00:00,29.87470347
1,2019-06-24 21:00:00,29.87470347
1,2019-06-24 22:00:00,29.82416954
1,2019-06-24 22:00:00,29.82416954
1,2019-06-24 23:00:00,29.8325082
1,2019-06-24 23:00:00,29.8325082
1,2019-06-25 00:00:00,29.03944275
1,2019-06-25 00:00:00,29.03944275
1,2019-06-25 01:00:00,29.86030701
1,2019-06-25 01:00:00,29.86030701
1,2019-06-25 02:00:00,30.72543228
1,2019-06-25 02:00:00,30.72543228
1,2019-06-25 03:00:00,30.32096864
1,2019-06-25 03:00:00,30.32096864
1,2019-06-25 04:00:00,31.87663112
1,2019-06-25 04:00:00,31.87663112
1,2019-06-25 05:00:00,34.16611392
1,2019-06-25 05:00:00,34.16611392
1,2019-06-25 06:00:00,37.76490234
1,2019-06-25 06:00:00,37.76490234
1,2019-06-25 07:00:00,45.85783127
1,2019-06-25 07:00:00,45.85783127
1,2019-06-25 10:00:00,46.30258218
1,2019-06-25 10:00:00,46.30258218
1,2019-06-25 11:00:00,42.33581019
1,2019-06-25 11:00:00,42.33581019
1,2019-06-25 12:00:00,38.33636461
1,2019-06-25 12:00:00,38.33636461
1,2019-06-25 13:00:00,35.93890606
1,2019-06-25 13:00:00,35.93890606
1,2019-06-25 14:00:00,32.24541615
1,2019-06-25 14:00:00,32.24541615
1,2019-06-25 15:00:00,32.30800476
1,2019-06-25 15:00:00,32.30800476
1,2019-06-25 16:00:00,31.83851669
1,2019-06-25 16:00:00,31.83851669
1,2019-06-25 17:00:00,32.00502901
1,2019-06-25 17:00:00,32.00502901
1,2019-06-25 18:00:00,31.44750912
1,2019-06-25 18:00:00,31.44750912
1,2019-06-25 19:00:00,27.60063845
1,2019-06-25 19:00:00,27.60063845
1,2019-06-25 20:00:00,28.26701268
1,2019-06-25 20:00:00,28.26701268
1,2019-06-25 21:00:00,28.99669236
1,2019-06-25 21:00:00,28.99669236
1,2019-06-25 22:00:00,29.01227257
1,2019-06-25 22:00:00,29.01227257
1,2019-06-25 23:00:00,28.9690177
1,2019-06-25 23:00:00,28.9690177
1,2019-06-26 00:00:00,28.94336716
1,2019-06-26 00:00:00,28.94336716
1,2019-06-26 01:00:00,30.40634708
1,2019-06-26 01:00:00,30.40634708
1,2019-06-26 02:00:00,29.71652399
1,2019-06-26 02:00:00,29.71652399
1,2019-06-26 03:00:00,29.96439888
1,2019-06-26 03:00:00,29.96439888
1,2019-06-26 04:00:00,31.70312793
1,2019-06-26 04:00:00,31.70312793
1,2019-06-26 05:00:00,32.53293884
1,2019-06-26 05:00:00,32.53293884
1,2019-06-26 06:00:00,36.38945852
1,2019-06-26 06:00:00,36.38945852
1,2019-06-26 07:00:00,45.50703463
1,2019-06-26 07:00:00,45.50703463
1,2019-06-26 10:00:00,43.58752675
1,2019-06-26 10:00:00,43.58752675
1,2019-06-26 11:00:00,41.18332262
1,2019-06-26 11:00:00,41.18332262
1,2019-06-26 12:00:00,38.77082288
1,2019-06-26 12:00:00,38.77082288
1,2019-06-26 13:00:00,34.26823245
1,2019-06-26 13:00:00,34.26823245
1,2019-06-26 14:00:00,33.58665553
1,2019-06-26 14:00:00,33.58665553
1,2019-06-26 15:00:00,32.02335657
1,2019-06-26 15:00:00,32.02335657
1,2019-06-26 16:00:00,32.14374583
1,2019-06-26 16:00:00,32.14374583
1,2019-06-26 17:00:00,33.17521179
1,2019-06-26 17:00:00,33.17521179
1,2019-06-26 18:00:00,31.6972427
1,2019-06-26 18:00:00,31.6972427
1,2019-06-26 19:00:00,26.4364126
1,2019-06-26 19:00:00,26.4364126
1,2019-06-26 20:00:00,26.46138584
1,2019-06-26 20:00:00,26.46138584
1,2019-06-26 21:00:00,28.7487545
1,2019-06-26 21:00:00,28.7487545
1,2019-06-26 22:00:00,29.56971682
1,2019-06-26 22:00:00,29.56971682
1,2019-06-26 23:00:00,28.77870655
1,2019-06-26 23:00:00,28.77870655
1,2019-06-27 00:00:00,29.48778117
1,2019-06-27 00:00:00,29.48778117
1,2019-06-27 01:00:00,29.13590836
1,2019-06-27 01:00:00,29.13590836
1,2019-06-27 02:00:00,28.11280915
1,2019-06-27 02:00:00,28.11280915
1,2019-06-27 03:00:00,28.12968382
1,2019-06-27 03:00:00,28.12968382
1,2019-06-27 04:00:00,28.25836105
1,2019-06-27 04:00:00,28.25836105
1,2019-06-27 05:00:00,29.26799719
1,2019-06-27 05:00:00,29.26799719
1,2019-06-27 06:00:00,30.18427335
1,2019-06-27 06:00:00,30.18427335
1,2019-06-27 07:00:00,36.32579654
1,2019-06-27 07:00:00,36.32579654
1,2019-06-27 09:00:00,46.11170057
1,2019-06-27 09:00:00,46.11170057
1,2019-06-27 10:00:00,38.22184866
1,2019-06-27 10:00:00,38.22184866
1,2019-06-27 11:00:00,35.10712142
1,2019-06-27 11:00:00,35.10712142
1,2019-06-27 12:00:00,35.74056933
1,2019-06-27 12:00:00,35.74056933
1,2019-06-27 13:00:00,31.28048164
1,2019-06-27 13:00:00,31.28048164
1,2019-06-27 14:00:00,30.5271447
1,2019-06-27 14:00:00,30.5271447
1,2019-06-27 15:00:00,32.06541635
1,2019-06-27 15:00:00,32.06541635
1,2019-06-27 16:00:00,31.40723585
1,2019-06-27 16:00:00,31.40723585
1,2019-06-27 17:00:00,31.64800063
1,2019-06-27 17:00:00,31.64800063
1,2019-06-27 18:00:00,28.73132918
1,2019-06-27 18:00:00,28.73132918
1,2019-06-27 19:00:00,26.49956985
1,2019-06-27 19:00:00,26.49956985
1,2019-06-27 20:00:00,25.01743799
1,2019-06-27 20:00:00,25.01743799
1,2019-06-27 21:00:00,25.01623629
1,2019-06-27 21:00:00,25.01623629
1,2019-06-27 22:00:00,25.05338601
1,2019-06-27 22:00:00,25.05338601
1,2019-06-27 23:00:00,25.04971698
1,2019-06-27 23:00:00,25.04971698
1,2019-06-28 00:00:00,24.22015057
1,2019-06-28 00:00:00,24.22015057
1,2019-06-28 01:00:00,25.04938112
1,2019-06-28 01:00:00,25.04938112
1,2019-06-28 02:00:00,24.47778822
1,2019-06-28 02:00:00,24.47778822
1,2019-06-28 03:00:00,26.18288339
1,2019-06-28 03:00:00,26.18288339
1,2019-06-28 04:00:00,26.19652173
1,2019-06-28 04:00:00,26.19652173
1,2019-06-28 05:00:00,27.73822354
1,2019-06-28 05:00:00,27.73822354
1,2019-06-28 06:00:00,33.0663849
1,2019-06-28 06:00:00,33.0663849
1,2019-06-28 07:00:00,39.14937909
1,2019-06-28 07:00:00,39.14937909
1,2019-06-28 08:00:00,45.94309593
1,2019-06-28 08:00:00,45.94309593
1,2019-06-28 09:00:00,42.05160574
1,2019-06-28 09:00:00,42.05160574
1,2019-06-28 10:00:00,36.63233284
1,2019-06-28 10:00:00,36.63233284
1,2019-06-28 11:00:00,32.69363593
1,2019-06-28 11:00:00,32.69363593
1,2019-06-28 12:00:00,31.06259528
1,2019-06-28 12:00:00,31.06259528
1,2019-06-28 13:00:00,29.52845965
1,2019-06-28 13:00:00,29.52845965
1,2019-06-28 14:00:00,28.7710493
1,2019-06-28 14:00:00,28.7710493
1,2019-06-28 15:00:00,29.49223795
1,2019-06-28 15:00:00,29.49223795
1,2019-06-28 16:00:00,27.38855874
1,2019-06-28 16:00:00,27.38855874
1,2019-06-28 17:00:00,26.7102088
1,2019-06-28 17:00:00,26.7102088
1,2019-06-28 18:00:00,26.0541296
1,2019-06-28 18:00:00,26.0541296
1,2019-06-28 19:00:00,20.72176318
1,2019-06-28 19:00:00,20.72176318
1,2019-06-28 20:00:00,18.44491534
1,2019-06-28 20:00:00,18.44491534
1,2019-06-28 21:00:00,20.70891565
1,2019-06-28 21:00:00,20.70891565
1,2019-06-28 22:00:00,20.69227466
1,2019-06-28 22:00:00,20.69227466
1,2019-06-28 23:00:00,20.66290819
1,2019-06-28 23:00:00,20.66290819
1,2019-06-29 00:00:00,19.88797159
1,2019-06-29 00:00:00,19.88797159
1,2019-06-29 01:00:00,20.64651114
1,2019-06-29 01:00:00,20.64651114
1,2019-06-29 02:00:00,19.9955201
1,2019-06-29 02:00:00,19.9955201
1,2019-06-29 03:00:00,21.64794836
1,2019-06-29 03:00:00,21.64794836
1,2019-06-29 04:00:00,21.62357721
1,2019-06-29 04:00:00,21.62357721
1,2019-06-29 05:00:00,21.56279334
1,2019-06-29 05:00:00,21.56279334
1,2019-06-29 06:00:00,21.50586708
1,2019-06-29 06:00:00,21.50586708
1,2019-06-29 07:00:00,25.39706953
1,2019-06-29 07:00:00,25.39706953
1,2019-06-29 08:00:00,27.77221212
1,2019-06-29 08:00:00,27.77221212
1,2019-06-29 09:00:00,26.22456118
1,2019-06-29 09:00:00,26.22456118
1,2019-06-29 10:00:00,24.58878564
1,2019-06-29 10:00:00,24.58878564
1,2019-06-29 11:00:00,24.58250307
1,2019-06-29 11:00:00,24.58250307
1,2019-06-29 12:00:00,23.83293934
1,2019-06-29 12:00:00,23.83293934
1,2019-06-29 13:00:00,25.41566155
1,2019-06-29 13:00:00,25.41566155
1,2019-06-29 14:00:00,26.20899252
1,2019-06-29 14:00:00,26.20899252
1,2019-06-29 15:00:00,25.46396425
1,2019-06-29 15:00:00,25.46396425
1,2019-06-29 16:00:00,26.91912695
1,2019-06-29 16:00:00,26.91912695
1,2019-06-29 17:00:00,27.0856751
1,2019-06-29 17:00:00,27.0856751
1,2019-06-29 18:00:00,27.89561838
1,2019-06-29 18:00:00,27.89561838
1,2019-06-29 19:00:00,26.28366602
1,2019-06-29 19:00:00,26.28366602
1,2019-06-29 20:00:00,27.0286935
1,2019-06-29 20:00:00,27.0286935
1,2019-06-29 21:00:00,25.50420963
1,2019-06-29 21:00:00,25.50420963
1,2019-06-29 22:00:00,26.28362148
1,2019-06-29 22:00:00,26.28362148
1,2019-06-29 23:00:00,26.92100783
1,2019-06-29 23:00:00,26.92100783
1,2019-06-30 00:00:00,26.16243933
1,2019-06-30 00:00:00,26.16243933
1,2019-06-30 01:00:00,25.3998701
1,2019-06-30 01:00:00,25.3998701
1,2019-06-30 02:00:00,25.39988791
1,2019-06-30 02:00:00,25.39988791
1,2019-06-30 03:00:00,25.43719659
1,2019-06-30 03:00:00,25.43719659
1,2019-06-30 04:00:00,25.39959022
1,2019-06-30 04:00:00,25.39959022
1,2019-06-30 05:00:00,26.97790654
1,2019-06-30 05:00:00,26.97790654
1,2019-06-30 06:00:00,27.00151788
1,2019-06-30 06:00:00,27.00151788
1,2019-06-30 07:00:00,29.27735519
1,2019-06-30 07:00:00,29.27735519
1,2019-06-30 08:00:00,30.07989552
1,2019-06-30 08:00:00,30.07989552
1,2019-06-30 09:00:00,30.02429138
1,2019-06-30 09:00:00,30.02429138
1,2019-06-30 10:00:00,29.85849901
1,2019-06-30 10:00:00,29.85849901
1,2019-06-30 11:00:00,28.26079283
1,2019-06-30 11:00:00,28.26079283
1,2019-06-30 12:00:00,25.97100613
1,2019-06-30 12:00:00,25.97100613
1,2019-06-30 13:00:00,25.10754364
1,2019-06-30 13:00:00,25.10754364
1,2019-06-30 14:00:00,25.11455561
1,2019-06-30 14:00:00,25.11455561
1,2019-06-30 15:00:00,24.50036432
1,2019-06-30 15:00:00,24.50036432
1,2019-06-30 16:00:00,25.31936054
1,2019-06-30 16:00:00,25.31936054
1,2019-06-30 17:00:00,26.09742946
1,2019-06-30 17:00:00,26.09742946
1,2019-06-30 18:00:00,26.25319931
1,2019-06-30 18:00:00,26.25319931
1,2019-06-30 19:00:00,26.33785168
1,2019-06-30 19:00:00,26.33785168
1,2019-06-30 20:00:00,27.15086984
1,2019-06-30 20:00:00,27.15086984
1,2019-06-30 21:00:00,26.36038049
1,2019-06-30 21:00:00,26.36038049
1,2019-06-30 22:00:00,27.10345118
1,2019-06-30 22:00:00,27.10345118
1,2019-06-30 23:00:00,26.31150421
1,2019-06-30 23:00:00,26.31150421
1,2019-07-01 00:00:00,26.24818592
1,2019-07-01 00:00:00,26.24818592
1,2019-07-01 01:00:00,26.19231726
1,2019-07-01 01:00:00,26.19231726
1,2019-07-01 02:00:00,26.88078092
1,2019-07-01 02:00:00,26.88078092
1,2019-07-01 03:00:00,26.87429114
1,2019-07-01 03:00:00,26.87429114
1,2019-07-01 04:00:00,26.91266028
1,2019-07-01 04:00:00,26.91266028
1,2019-07-01 05:00:00,28.41432766
1,2019-07-01 05:00:00,28.41432766
1,2019-07-01 06:00:00,33.7249331
1,2019-07-01 07:00:00,44.38932608
1,2019-07-01 08:00:00,45.91802307
1,2019-07-01 09:00:00,42.01931297
1,2019-07-01 10:00:00,41.15519064
1,2019-07-01 11:00:00,38.72246257
1,2019-07-01 12:00:00,36.45328218
1,2019-07-01 13:00:00,35.91184110000001
1,2019-07-01 14:00:00,35.53356048
1,2019-07-01 15:00:00,35.46754175
1,2019-07-01 16:00:00,35.44852087
1,2019-07-01 17:00:00,34.84592847
1,2019-07-01 18:00:00,31.84861029
1,2019-07-01 19:00:00,28.12991811
1,2019-07-01 20:00:00,28.08600127
1,2019-07-01 21:00:00,27.31568929
1,2019-07-01 22:00:00,28.09211153
1,2019-07-01 23:00:00,28.11603208
1,2019-07-02 00:00:00,27.30179584
1,2019-07-02 01:00:00,28.07720947
1,2019-07-02 02:00:00,28.044293300000003
1,2019-07-02 03:00:00,28.80129472
1,2019-07-02 04:00:00,28.04653621
1,2019-07-02 05:00:00,31.83820744
1,2019-07-02 06:00:00,33.61701801
1,2019-07-02 07:00:00,41.37987954
1,2019-07-02 09:00:00,45.22750242
1,2019-07-02 10:00:00,41.20261417
1,2019-07-02 11:00:00,37.37417136
1,2019-07-02 12:00:00,35.09064426
1,2019-07-02 13:00:00,35.15260567
1,2019-07-02 14:00:00,34.51828243
1,2019-07-02 15:00:00,33.80399013
1,2019-07-02 16:00:00,32.29048885
1,2019-07-02 17:00:00,30.92079821
1,2019-07-02 18:00:00,28.70935822
1,2019-07-02 19:00:00,25.71519716
1,2019-07-02 20:00:00,25.7662738
1,2019-07-02 21:00:00,25.78499567
1,2019-07-02 22:00:00,25.75286108
1,2019-07-02 23:00:00,25.77304831
1,2019-07-03 00:00:00,25.80729089
1,2019-07-03 01:00:00,25.77200696
1,2019-07-03 02:00:00,25.03088586
1,2019-07-03 03:00:00,26.59622969
1,2019-07-03 04:00:00,26.18920352
1,2019-07-03 05:00:00,27.75715696
1,2019-07-03 06:00:00,30.82308461
1,2019-07-03 07:00:00,37.70564968
1,2019-07-03 08:00:00,43.01939520000001
1,2019-07-03 09:00:00,40.82453788
1,2019-07-03 10:00:00,38.32895152
1,2019-07-03 11:00:00,37.60801449
1,2019-07-03 12:00:00,34.54662684
1,2019-07-03 13:00:00,33.74414774
1,2019-07-03 14:00:00,33.78797445
1,2019-07-03 15:00:00,32.29387119
1,2019-07-03 16:00:00,32.33309383
1,2019-07-03 17:00:00,31.6672489
1,2019-07-03 18:00:00,28.64543421
1,2019-07-03 19:00:00,27.18969454
1,2019-07-03 20:00:00,27.17416191
1,2019-07-03 21:00:00,27.9275544
1,2019-07-03 22:00:00,27.15607341
1,2019-07-03 23:00:00,27.12781283
1,2019-07-04 00:00:00,27.70744373
1,2019-07-04 01:00:00,27.39645634
1,2019-07-04 02:00:00,28.13746262
1,2019-07-04 03:00:00,28.866176300000006
1,2019-07-04 04:00:00,29.60152096
1,2019-07-04 05:00:00,29.53623561
1,2019-07-04 06:00:00,32.53644081
1,2019-07-04 07:00:00,38.45416470000001
1,2019-07-04 08:00:00,44.47650657
1,2019-07-04 09:00:00,41.45576955
1,2019-07-04 10:00:00,40.01388356
1,2019-07-04 11:00:00,38.47032291
1,2019-07-04 12:00:00,37.62551509
1,2019-07-04 13:00:00,36.75605414
1,2019-07-04 14:00:00,34.46713104
1,2019-07-04 15:00:00,34.507742
1,2019-07-04 16:00:00,32.30328098
1,2019-07-04 17:00:00,31.74849749
1,2019-07-04 18:00:00,30.32451682
1,2019-07-04 19:00:00,28.06634045
1,2019-07-04 20:00:00,28.10340961
1,2019-07-04 21:00:00,28.78479794
1,2019-07-04 22:00:00,28.87884463
1,2019-07-04 23:00:00,28.88041225
1,2019-07-05 00:00:00,28.83861252
1,2019-07-05 01:00:00,28.86600071
1,2019-07-05 02:00:00,29.61595018
1,2019-07-05 03:00:00,29.61832791
1,2019-07-05 04:00:00,29.62181605
1,2019-07-05 05:00:00,31.89562546
1,2019-07-05 06:00:00,36.34209672
1,2019-07-05 07:00:00,43.77654472
1,2019-07-05 10:00:00,39.79393131
1,2019-07-05 11:00:00,38.79867555
1,2019-07-05 12:00:00,37.920333
1,2019-07-05 13:00:00,34.89426549
1,2019-07-05 14:00:00,32.8131609
1,2019-07-05 15:00:00,32.16833942
1,2019-07-05 16:00:00,30.06003179
1,2019-07-05 17:00:00,28.73209368
1,2019-07-05 18:00:00,30.34431933
1,2019-07-05 19:00:00,27.36849716
1,2019-07-05 20:00:00,27.36898829
1,2019-07-05 21:00:00,28.10172558
1,2019-07-05 22:00:00,28.06458233
1,2019-07-05 23:00:00,27.34138494
1,2019-07-06 00:00:00,28.14329986
1,2019-07-06 01:00:00,28.09226131
1,2019-07-06 02:00:00,28.84801275
1,2019-07-06 03:00:00,28.77714035
1,2019-07-06 04:00:00,28.83163359
1,2019-07-06 05:00:00,29.56662033
1,2019-07-06 06:00:00,29.61776733
1,2019-07-06 07:00:00,33.3953603
1,2019-07-06 08:00:00,35.72794873
1,2019-07-06 09:00:00,33.40567116
1,2019-07-06 10:00:00,30.98607555
1,2019-07-06 11:00:00,29.97462158
1,2019-07-06 12:00:00,24.63075498
1,2019-07-06 13:00:00,24.58058042
1,2019-07-06 14:00:00,23.8336083
1,2019-07-06 15:00:00,23.83397522
1,2019-07-06 16:00:00,20.99627845
1,2019-07-06 17:00:00,21.11412607
1,2019-07-06 18:00:00,24.18240467
1,2019-07-06 19:00:00,24.96789153
1,2019-07-06 20:00:00,25.00618085
1,2019-07-06 21:00:00,25.75608667
1,2019-07-06 22:00:00,26.50553394
1,2019-07-06 23:00:00,25.82363377
1,2019-07-07 00:00:00,25.7419458
1,2019-07-07 01:00:00,25.78301742
1,2019-07-07 02:00:00,24.9571974
1,2019-07-07 03:00:00,25.11547646
1,2019-07-07 04:00:00,26.27263257
1,2019-07-07 05:00:00,24.7823605
1,2019-07-07 06:00:00,26.21485065
1,2019-07-07 07:00:00,25.48340286
1,2019-07-07 08:00:00,27.83779923
1,2019-07-07 09:00:00,27.84362799
1,2019-07-07 10:00:00,26.25268124
1,2019-07-07 11:00:00,26.10185738
1,2019-07-07 12:00:00,23.08589861
1,2019-07-07 13:00:00,23.04581083
1,2019-07-07 14:00:00,22.34841489
1,2019-07-07 15:00:00,22.23579284
1,2019-07-07 16:00:00,23.07315068
1,2019-07-07 17:00:00,23.87567066
1,2019-07-07 18:00:00,23.87424741
1,2019-07-07 19:00:00,23.87706764
1,2019-07-07 20:00:00,24.63753275
1,2019-07-07 21:00:00,23.91467894
1,2019-07-07 22:00:00,23.8435626
1,2019-07-07 23:00:00,23.07930157
1,2019-07-08 00:00:00,23.11767572
1,2019-07-08 01:00:00,23.15310759
1,2019-07-08 02:00:00,23.8657856
1,2019-07-08 03:00:00,23.88010996
1,2019-07-08 04:00:00,23.9107157
1,2019-07-08 05:00:00,25.15388172
1,2019-07-08 06:00:00,28.69387424
1,2019-07-08 07:00:00,38.4194746
1,2019-07-08 08:00:00,39.91815771
1,2019-07-08 09:00:00,33.95003993
1,2019-07-08 10:00:00,38.24359385
1,2019-07-08 11:00:00,31.45434128
1,2019-07-08 12:00:00,28.45046768
1,2019-07-08 13:00:00,29.90415932
1,2019-07-08 14:00:00,29.30328754
1,2019-07-08 15:00:00,30.09085259
1,2019-07-08 16:00:00,28.59667761
1,2019-07-08 17:00:00,26.35251685
1,2019-07-08 18:00:00,26.49973801
1,2019-07-08 19:00:00,24.96593234
1,2019-07-08 20:00:00,24.23178932
1,2019-07-08 21:00:00,24.90913017
1,2019-07-08 22:00:00,28.70512071
1,2019-07-08 23:00:00,27.19251061
1,2019-07-09 00:00:00,24.95461992
1,2019-07-09 01:00:00,24.21836034
1,2019-07-09 02:00:00,23.52163335
1,2019-07-09 03:00:00,24.28588037
1,2019-07-09 04:00:00,25.08104591
1,2019-07-09 05:00:00,28.12238216
1,2019-07-09 06:00:00,28.76233594
1,2019-07-09 07:00:00,29.61354527
1,2019-07-09 08:00:00,41.14417573
1,2019-07-09 10:00:00,45.78005248
1,2019-07-09 11:00:00,36.58700002
1,2019-07-09 12:00:00,35.39023171
1,2019-07-09 13:00:00,33.14221583
1,2019-07-09 14:00:00,32.47502104
1,2019-07-09 15:00:00,32.42214185
1,2019-07-09 16:00:00,32.37376135
1,2019-07-09 17:00:00,31.72341401
1,2019-07-09 18:00:00,29.49126613
1,2019-07-09 19:00:00,26.52546318
1,2019-07-09 20:00:00,25.73256279
1,2019-07-09 21:00:00,25.81980719
1,2019-07-09 22:00:00,25.81832434
1,2019-07-09 23:00:00,26.50964186
1,2019-07-10 00:00:00,24.91456448
1,2019-07-10 01:00:00,24.3632275
1,2019-07-10 02:00:00,26.63433327
1,2019-07-10 03:00:00,25.6504765
1,2019-07-10 04:00:00,26.43878967
1,2019-07-10 05:00:00,29.53363829
1,2019-07-10 06:00:00,29.54922589
1,2019-07-10 07:00:00,36.44656448
1,2019-07-10 08:00:00,42.6212695
1,2019-07-10 09:00:00,38.75532482
1,2019-07-10 10:00:00,36.24589954
1,2019-07-10 11:00:00,37.54925699
1,2019-07-10 12:00:00,34.57919518
1,2019-07-10 13:00:00,34.59473385
1,2019-07-10 14:00:00,34.10760906
1,2019-07-10 15:00:00,34.44780224
1,2019-07-10 16:00:00,35.14594224
1,2019-07-10 17:00:00,34.48373259
1,2019-07-10 18:00:00,30.79870234
1,2019-07-10 19:00:00,26.32950331
1,2019-07-10 20:00:00,26.39554861
1,2019-07-10 21:00:00,27.21329915
1,2019-07-10 22:00:00,25.76893787
1,2019-07-10 23:00:00,27.98940182
1,2019-07-11 00:00:00,27.93576796
1,2019-07-11 01:00:00,26.40796733
1,2019-07-11 02:00:00,27.97231865
1,2019-07-11 03:00:00,27.30271985
1,2019-07-11 04:00:00,27.27008071
1,2019-07-11 05:00:00,30.22223454
1,2019-07-11 06:00:00,31.53087818
1,2019-07-11 07:00:00,39.36753654
1,2019-07-11 08:00:00,43.67168152
1,2019-07-11 09:00:00,41.33766827
1,2019-07-11 10:00:00,26.9807684
1,2019-07-11 11:00:00,44.95931011
1,2019-07-11 12:00:00,44.80348862
1,2019-07-11 13:00:00,36.68788461
1,2019-07-11 14:00:00,35.28802689
1,2019-07-11 15:00:00,36.18507068
1,2019-07-11 16:00:00,33.3164664
1,2019-07-11 17:00:00,32.5534912
1,2019-07-11 18:00:00,31.11646744
1,2019-07-11 19:00:00,28.81599024
1,2019-07-11 20:00:00,28.797037
1,2019-07-11 21:00:00,27.39020389
1,2019-07-11 22:00:00,26.51506638
1,2019-07-11 23:00:00,26.68060884
1,2019-07-12 00:00:00,26.8953055
1,2019-07-12 01:00:00,25.97560312
1,2019-07-12 02:00:00,25.75841759
1,2019-07-12 03:00:00,27.29320304
1,2019-07-12 04:00:00,25.77139465
1,2019-07-12 05:00:00,28.01854019
1,2019-07-12 06:00:00,29.66966043
1,2019-07-12 07:00:00,35.40190287
1,2019-07-12 08:00:00,39.25877392
1,2019-07-12 09:00:00,38.5351938
1,2019-07-12 10:00:00,35.58906
1,2019-07-12 11:00:00,34.7166536
1,2019-07-12 12:00:00,34.79017649
1,2019-07-12 13:00:00,33.08908749
1,2019-07-12 14:00:00,34.64578266
1,2019-07-12 15:00:00,33.16227789
1,2019-07-12 16:00:00,33.1926751
1,2019-07-12 17:00:00,31.80883001
1,2019-07-12 18:00:00,29.677696
1,2019-07-12 19:00:00,26.62363643
1,2019-07-12 20:00:00,26.65527489
1,2019-07-12 21:00:00,26.64952759
1,2019-07-12 22:00:00,26.59445628
1,2019-07-12 23:00:00,27.3677235
1,2019-07-13 00:00:00,25.87438934
1,2019-07-13 01:00:00,26.58501716
1,2019-07-13 02:00:00,28.16244843
1,2019-07-13 03:00:00,26.63796257
1,2019-07-13 04:00:00,27.44894291
1,2019-07-13 05:00:00,27.40787094
1,2019-07-13 06:00:00,27.44827432
1,2019-07-13 07:00:00,31.94961324
1,2019-07-13 08:00:00,31.86928349
1,2019-07-13 09:00:00,29.64795601
1,2019-07-13 10:00:00,28.78206738
1,2019-07-13 11:00:00,28.63758453
1,2019-07-13 12:00:00,29.37134125
1,2019-07-13 13:00:00,28.70745889
1,2019-07-13 14:00:00,28.63607195
1,2019-07-13 15:00:00,28.73909601
1,2019-07-13 16:00:00,29.5692984
1,2019-07-13 17:00:00,29.68991935
1,2019-07-13 18:00:00,29.6300478
1,2019-07-13 19:00:00,28.13630676
1,2019-07-13 20:00:00,28.95640227
1,2019-07-13 21:00:00,28.17316293
1,2019-07-13 22:00:00,28.20452387
1,2019-07-13 23:00:00,28.1442338
1,2019-07-14 00:00:00,24.36313534
1,2019-07-14 01:00:00,26.64252971
1,2019-07-14 02:00:00,26.63247528
1,2019-07-14 03:00:00,27.46283647
1,2019-07-14 04:00:00,25.91151943
1,2019-07-14 05:00:00,27.419125399999995
1,2019-07-14 06:00:00,27.08215827
1,2019-07-14 07:00:00,29.25169584
1,2019-07-14 08:00:00,30.17590289
1,2019-07-14 09:00:00,30.19767059
1,2019-07-14 10:00:00,30.322732
1,2019-07-14 11:00:00,30.09696159
1,2019-07-14 12:00:00,29.59571072
1,2019-07-14 13:00:00,28.0019822
1,2019-07-14 14:00:00,27.99982792
1,2019-07-14 15:00:00,27.25050554
1,2019-07-14 16:00:00,26.57646244
1,2019-07-14 17:00:00,28.07334825
1,2019-07-14 18:00:00,27.37245887
1,2019-07-14 19:00:00,27.3287429
1,2019-07-14 20:00:00,27.29358212
1,2019-07-14 21:00:00,25.87431301
1,2019-07-14 22:00:00,25.80234631
1,2019-07-14 23:00:00,26.61547714
1,2019-07-15 00:00:00,25.07741692
1,2019-07-15 01:00:00,25.82462383
1,2019-07-15 02:00:00,25.07222098
1,2019-07-15 03:00:00,25.85391916
1,2019-07-15 04:00:00,25.35944713
1,2019-07-15 05:00:00,28.61755785
1,2019-07-15 06:00:00,32.4440257
1,2019-07-15 07:00:00,42.27553999
1,2019-07-15 08:00:00,44.7307518
1,2019-07-15 09:00:00,40.04452441
1,2019-07-15 10:00:00,38.46633859
1,2019-07-15 11:00:00,36.85126546
1,2019-07-15 12:00:00,33.06674
1,2019-07-15 13:00:00,33.85991994
1,2019-07-15 14:00:00,34.66967885
1,2019-07-15 15:00:00,33.919366700000005
1,2019-07-15 16:00:00,32.454747600000005
1,2019-07-15 17:00:00,31.66870912
1,2019-07-15 18:00:00,26.49554894
1,2019-07-15 19:00:00,23.52719771
1,2019-07-15 20:00:00,24.2663848
1,2019-07-15 21:00:00,25.76074151
1,2019-07-15 22:00:00,25.0099556
1,2019-07-15 23:00:00,24.26375627
1,2019-07-16 00:00:00,25.76072317
1,2019-07-16 01:00:00,24.2549081
1,2019-07-16 02:00:00,25.03954211
1,2019-07-16 03:00:00,25.04846088
1,2019-07-16 04:00:00,25.76820264
1,2019-07-16 05:00:00,26.53074514
1,2019-07-16 06:00:00,30.30792453
1,2019-07-16 07:00:00,37.69957983
1,2019-07-16 08:00:00,40.74617078
1,2019-07-16 09:00:00,37.89918086
1,2019-07-16 10:00:00,36.17898174
1,2019-07-16 11:00:00,35.38846216
1,2019-07-16 12:00:00,33.93326058
1,2019-07-16 13:00:00,33.18893818
1,2019-07-16 14:00:00,32.39869482
1,2019-07-16 15:00:00,32.89125696
1,2019-07-16 16:00:00,32.82014826
1,2019-07-16 17:00:00,32.11189729
1,2019-07-16 18:00:00,27.97002599
1,2019-07-16 19:00:00,22.28697195
1,2019-07-16 20:00:00,25.459231600000006
1,2019-07-16 21:00:00,27.13177245
1,2019-07-16 22:00:00,26.54190839
1,2019-07-16 23:00:00,24.99944976
1,2019-07-17 00:00:00,24.26579846
1,2019-07-17 01:00:00,26.46853905
1,2019-07-17 02:00:00,24.95013668
1,2019-07-17 03:00:00,26.46712313
1,2019-07-17 04:00:00,25.0161087
1,2019-07-17 05:00:00,27.24361948
1,2019-07-17 06:00:00,29.65615323
1,2019-07-17 07:00:00,39.60355862
1,2019-07-17 08:00:00,41.99590143
1,2019-07-17 09:00:00,38.19738758
1,2019-07-17 10:00:00,37.29848617
1,2019-07-17 11:00:00,36.2082001
1,2019-07-17 12:00:00,35.41076614
1,2019-07-17 13:00:00,30.1941859
1,2019-07-17 14:00:00,24.04311356
1,2019-07-17 16:00:00,37.61077359
1,2019-07-17 17:00:00,33.2741131
1,2019-07-17 18:00:00,30.27680896
1,2019-07-17 19:00:00,26.52378328
1,2019-07-17 20:00:00,25.02845482
1,2019-07-17 21:00:00,27.26707193
1,2019-07-17 22:00:00,25.76439325
1,2019-07-17 23:00:00,25.71664566
1,2019-07-18 00:00:00,27.32321518
1,2019-07-18 01:00:00,25.12689766
1,2019-07-18 02:00:00,26.03611842
1,2019-07-18 03:00:00,28.0579048
1,2019-07-18 04:00:00,26.53172095
1,2019-07-18 05:00:00,29.66603055
1,2019-07-18 06:00:00,30.36461847
1,2019-07-18 07:00:00,37.82870271
1,2019-07-18 08:00:00,43.95234118
1,2019-07-18 09:00:00,40.8030701
1,2019-07-18 10:00:00,37.55159548
1,2019-07-18 11:00:00,36.84119888
1,2019-07-18 12:00:00,35.30562373
1,2019-07-18 13:00:00,33.73840599
1,2019-07-18 14:00:00,33.2043141
1,2019-07-18 15:00:00,32.47613871
1,2019-07-18 16:00:00,31.73544508
1,2019-07-18 17:00:00,31.06247762
1,2019-07-18 18:00:00,28.13794116
1,2019-07-18 19:00:00,25.83627863
1,2019-07-18 20:00:00,25.88364553
1,2019-07-18 21:00:00,26.58848378
1,2019-07-18 22:00:00,25.85941236
1,2019-07-18 23:00:00,25.09564354
1,2019-07-19 00:00:00,26.63412743
1,2019-07-19 01:00:00,24.34414983
1,2019-07-19 02:00:00,25.13088612
1,2019-07-19 03:00:00,26.55456706
1,2019-07-19 04:00:00,25.05119002
1,2019-07-19 05:00:00,27.34496676
1,2019-07-19 06:00:00,29.59467836
1,2019-07-19 07:00:00,37.84882
1,2019-07-19 08:00:00,43.80810022
1,2019-07-19 09:00:00,40.78539893
1,2019-07-19 10:00:00,38.40504255
1,2019-07-19 11:00:00,35.23475311
1,2019-07-19 12:00:00,34.4164869
1,2019-07-19 13:00:00,35.14666434
1,2019-07-19 14:00:00,33.63116947
1,2019-07-19 15:00:00,32.25397229
1,2019-07-19 16:00:00,31.6835098
1,2019-07-19 17:00:00,30.28216689
1,2019-07-19 18:00:00,28.0630343
1,2019-07-19 19:00:00,25.10366968
1,2019-07-19 20:00:00,25.81877838
1,2019-07-19 21:00:00,26.61034593
1,2019-07-19 22:00:00,25.93644502
1,2019-07-19 23:00:00,26.61033241
1,2019-07-20 00:00:00,26.60754665
1,2019-07-20 01:00:00,25.89040329
1,2019-07-20 02:00:00,27.43069525
1,2019-07-20 03:00:00,25.84939055
1,2019-07-20 04:00:00,26.6342141
1,2019-07-20 05:00:00,27.38643688
1,2019-07-20 06:00:00,27.34836225
1,2019-07-20 07:00:00,30.3813652
1,2019-07-20 08:00:00,31.90675404
1,2019-07-20 09:00:00,27.99133048
1,2019-07-20 10:00:00,27.15534372
1,2019-07-20 11:00:00,27.00152206
1,2019-07-20 12:00:00,24.67137283
1,2019-07-20 13:00:00,23.91120332
1,2019-07-20 14:00:00,25.33771102
1,2019-07-20 15:00:00,23.1737086
1,2019-07-20 16:00:00,24.76220668
1,2019-07-20 17:00:00,20.38780408
1,2019-07-20 18:00:00,25.72003054
1,2019-07-20 19:00:00,27.27052034
1,2019-07-20 20:00:00,24.19043535
1,2019-07-20 21:00:00,23.54513687
1,2019-07-20 22:00:00,23.42986345
1,2019-07-20 23:00:00,24.21511325
1,2019-07-21 00:00:00,23.45896219
1,2019-07-21 01:00:00,23.42020273
1,2019-07-21 02:00:00,24.19854334
1,2019-07-21 03:00:00,23.44932422
1,2019-07-21 04:00:00,23.41319323
1,2019-07-21 05:00:00,24.91368223
1,2019-07-21 06:00:00,23.49204281
1,2019-07-21 07:00:00,25.78382513
1,2019-07-21 08:00:00,27.98971762
1,2019-07-21 09:00:00,26.5339167
1,2019-07-21 10:00:00,25.75060204
1,2019-07-21 11:00:00,26.34797842
1,2019-07-21 12:00:00,23.26818614
1,2019-07-21 13:00:00,22.49143066
1,2019-07-21 14:00:00,23.95031204
1,2019-07-21 15:00:00,18.0641628
1,2019-07-21 16:00:00,21.14468367
1,2019-07-21 17:00:00,26.43869408
1,2019-07-21 18:00:00,24.98369643
1,2019-07-21 19:00:00,24.33544266
1,2019-07-21 20:00:00,24.2630109
1,2019-07-21 21:00:00,25.03093933
1,2019-07-21 22:00:00,25.02213779
1,2019-07-21 23:00:00,25.06468228
1,2019-07-22 00:00:00,26.523505100000005
1,2019-07-22 01:00:00,25.05884068
1,2019-07-22 02:00:00,25.09396179
1,2019-07-22 03:00:00,25.83660233
1,2019-07-22 04:00:00,28.12361842
1,2019-07-22 05:00:00,27.30225747
1,2019-07-22 06:00:00,30.30645393
1,2019-07-22 07:00:00,37.79741621
1,2019-07-22 08:00:00,42.9618497
1,2019-07-22 09:00:00,44.42054183
1,2019-07-22 10:00:00,42.05586249
1,2019-07-22 11:00:00,36.69576698
1,2019-07-22 12:00:00,33.65647025
1,2019-07-22 13:00:00,33.62083444
1,2019-07-22 14:00:00,32.12488694
1,2019-07-22 15:00:00,36.62699613
1,2019-07-22 16:00:00,33.00242387
1,2019-07-22 17:00:00,30.91230097
1,2019-07-22 18:00:00,27.99297469
1,2019-07-22 19:00:00,25.77994611
1,2019-07-22 20:00:00,24.27949045
1,2019-07-22 21:00:00,24.98600004
1,2019-07-22 22:00:00,24.98915765
1,2019-07-22 23:00:00,24.27684055
1,2019-07-23 00:00:00,26.44401231
1,2019-07-23 01:00:00,24.23587651
1,2019-07-23 02:00:00,24.9102931
1,2019-07-23 03:00:00,24.19963748
1,2019-07-23 04:00:00,25.0285542
1,2019-07-23 05:00:00,27.99855986
1,2019-07-23 06:00:00,28.03896307
1,2019-07-23 07:00:00,35.50589632
1,2019-07-23 08:00:00,41.40653063
1,2019-07-23 09:00:00,37.68315497
1,2019-07-23 10:00:00,37.62450398
1,2019-07-23 11:00:00,36.69103043
1,2019-07-23 12:00:00,28.46632324
1,2019-07-23 13:00:00,37.30988701
1,2019-07-23 14:00:00,36.70586351
1,2019-07-23 15:00:00,35.25795351
1,2019-07-23 16:00:00,33.88346113
1,2019-07-23 17:00:00,30.21980791
1,2019-07-23 18:00:00,27.22083139
1,2019-07-23 19:00:00,21.98373489
1,2019-07-23 20:00:00,25.08948906
1,2019-07-23 21:00:00,26.51101657
1,2019-07-23 22:00:00,26.59228752
1,2019-07-23 23:00:00,25.06074449
1,2019-07-24 00:00:00,25.84768364
1,2019-07-24 01:00:00,26.59992531
1,2019-07-24 02:00:00,27.35136044
1,2019-07-24 03:00:00,26.603356899999994
1,2019-07-24 04:00:00,28.13810304
1,2019-07-24 05:00:00,28.17674957
1,2019-07-24 06:00:00,31.89045108
1,2019-07-24 07:00:00,46.86931171
1,2019-07-24 09:00:00,43.80235116
1,2019-07-24 10:00:00,40.65294807
1,2019-07-24 11:00:00,36.86513974
1,2019-07-24 12:00:00,34.5442812
1,2019-07-24 13:00:00,33.8174058
1,2019-07-24 14:00:00,33.858428499999995
1,2019-07-24 15:00:00,33.15689987
1,2019-07-24 16:00:00,33.95200992
1,2019-07-24 17:00:00,33.20694499
1,2019-07-24 18:00:00,28.03177538
1,2019-07-24 19:00:00,22.7107229
1,2019-07-24 20:00:00,25.74374367
1,2019-07-24 21:00:00,25.03301868
1,2019-07-24 22:00:00,25.85121861
1,2019-07-24 23:00:00,25.16992786
1,2019-07-25 00:00:00,25.20474907
1,2019-07-25 01:00:00,25.2044795
1,2019-07-25 02:00:00,25.91566979
1,2019-07-25 03:00:00,25.95202044
1,2019-07-25 04:00:00,25.13017659
1,2019-07-25 05:00:00,26.59311901
1,2019-07-25 06:00:00,28.05169632
1,2019-07-25 07:00:00,29.50908859
1,2019-07-25 08:00:00,36.16273091
1,2019-07-25 10:00:00,39.87853872
1,2019-07-25 11:00:00,35.43796143
1,2019-07-25 12:00:00,35.36541738
1,2019-07-25 13:00:00,33.08970651
1,2019-07-25 14:00:00,33.11271558
1,2019-07-25 15:00:00,33.14771365
1,2019-07-25 16:00:00,32.48542924
1,2019-07-25 17:00:00,30.98616378
1,2019-07-25 18:00:00,27.2391603
1,2019-07-25 19:00:00,22.05245389
1,2019-07-25 20:00:00,25.01016424
1,2019-07-25 21:00:00,24.97800807
1,2019-07-25 22:00:00,25.70758591
1,2019-07-25 23:00:00,24.21615878
1,2019-07-26 00:00:00,25.00244006
1,2019-07-26 01:00:00,24.95179563
1,2019-07-26 02:00:00,26.48114566
1,2019-07-26 03:00:00,24.27198206
1,2019-07-26 04:00:00,24.95097379
1,2019-07-26 05:00:00,27.24871252
1,2019-07-26 06:00:00,27.92235336
1,2019-07-26 07:00:00,29.56511654
1,2019-07-26 08:00:00,42.08842993
1,2019-07-26 10:00:00,38.39685548
1,2019-07-26 11:00:00,35.36980019
1,2019-07-26 12:00:00,34.5335001
1,2019-07-26 13:00:00,32.36108194
1,2019-07-26 14:00:00,31.66337274
1,2019-07-26 15:00:00,31.66498959
1,2019-07-26 16:00:00,32.44901887
1,2019-07-26 17:00:00,32.45432054
1,2019-07-26 18:00:00,26.49157887
1,2019-07-26 19:00:00,22.72123973
1,2019-07-26 20:00:00,25.04138733
1,2019-07-26 21:00:00,24.97436449
1,2019-07-26 22:00:00,24.95951281
1,2019-07-26 23:00:00,24.94371206
1,2019-07-27 00:00:00,24.22575577
1,2019-07-27 01:00:00,24.19360027
1,2019-07-27 02:00:00,24.94291058
1,2019-07-27 03:00:00,24.24295541
1,2019-07-27 04:00:00,24.95927363
1,2019-07-27 05:00:00,24.99961919
1,2019-07-27 06:00:00,25.71427131
1,2019-07-27 07:00:00,27.28787458
1,2019-07-27 08:00:00,28.89619289
1,2019-07-27 09:00:00,28.78476443
1,2019-07-27 10:00:00,28.66110336
1,2019-07-27 11:00:00,27.79251213
1,2019-07-27 12:00:00,26.25559641
1,2019-07-27 13:00:00,27.70892365
1,2019-07-27 14:00:00,26.33732739
1,2019-07-27 15:00:00,26.34917065
1,2019-07-27 16:00:00,25.61324867
1,2019-07-27 17:00:00,26.46281334
1,2019-07-27 18:00:00,24.99029526
1,2019-07-27 19:00:00,24.23539627
1,2019-07-27 20:00:00,25.73025623
1,2019-07-27 21:00:00,25.77299824
1,2019-07-27 22:00:00,25.80084799
1,2019-07-27 23:00:00,25.83362274
1,2019-07-28 00:00:00,25.773495
1,2019-07-28 01:00:00,26.55800957
1,2019-07-28 02:00:00,27.26866125
1,2019-07-28 03:00:00,25.81036251
1,2019-07-28 04:00:00,28.09856542
1,2019-07-28 05:00:00,28.05705643
1,2019-07-28 06:00:00,28.85628027
1,2019-07-28 07:00:00,28.91262863
1,2019-07-28 08:00:00,29.65188772
1,2019-07-28 09:00:00,29.60731349
1,2019-07-28 10:00:00,29.50735657
1,2019-07-28 11:00:00,29.41090712
1,2019-07-28 12:00:00,29.3267759
1,2019-07-28 13:00:00,27.80012581
1,2019-07-28 14:00:00,25.60960419
1,2019-07-28 15:00:00,25.67920015
1,2019-07-28 16:00:00,24.23807555
1,2019-07-28 17:00:00,25.0258861
1,2019-07-28 18:00:00,25.78323496
1,2019-07-28 19:00:00,25.04169194
1,2019-07-28 20:00:00,25.07740353
1,2019-07-28 21:00:00,26.56851132
1,2019-07-28 22:00:00,25.78670738
1,2019-07-28 23:00:00,25.74447222
1,2019-07-29 00:00:00,25.01541334
1,2019-07-29 01:00:00,24.34358537
1,2019-07-29 02:00:00,25.80395514
1,2019-07-29 03:00:00,25.0570764
1,2019-07-29 04:00:00,25.02090162
1,2019-07-29 05:00:00,27.33830454
1,2019-07-29 06:00:00,28.83942188
1,2019-07-29 07:00:00,29.58281029
1,2019-07-29 08:00:00,46.65401943
1,2019-07-29 10:00:00,39.90443299
1,2019-07-29 11:00:00,34.55756115
1,2019-07-29 12:00:00,33.03241183
1,2019-07-29 13:00:00,32.24375366
1,2019-07-29 14:00:00,31.557886600000003
1,2019-07-29 15:00:00,29.34099128
1,2019-07-29 16:00:00,30.95520264
1,2019-07-29 17:00:00,30.20145436
1,2019-07-29 18:00:00,27.27594476
1,2019-07-29 19:00:00,21.99116016
1,2019-07-29 20:00:00,24.32081352
1,2019-07-29 21:00:00,26.50014239
1,2019-07-29 22:00:00,24.99536599
1,2019-07-29 23:00:00,25.06147948
1,2019-07-30 00:00:00,25.76378699
1,2019-07-30 01:00:00,25.01184299
1,2019-07-30 02:00:00,25.00770468
1,2019-07-30 03:00:00,26.46608209
1,2019-07-30 04:00:00,25.79179603
1,2019-07-30 05:00:00,28.00544997
1,2019-07-30 06:00:00,28.78727844
1,2019-07-30 07:00:00,30.28953599
1,2019-07-30 10:00:00,39.16297276
1,2019-07-30 11:00:00,36.87742546
1,2019-07-30 12:00:00,36.0122805
1,2019-07-30 13:00:00,36.74681281
1,2019-07-30 14:00:00,33.81814673
1,2019-07-30 15:00:00,34.57406918
1,2019-07-30 16:00:00,33.12401419
1,2019-07-30 17:00:00,33.20336419
1,2019-07-30 18:00:00,31.85703359
1,2019-07-30 19:00:00,28.06442928
1,2019-07-30 20:00:00,25.06751133
1,2019-07-30 21:00:00,27.34713654
1,2019-07-30 22:00:00,28.08685683
1,2019-07-30 23:00:00,28.90666562
1,2019-07-31 00:00:00,29.07889837
1,2019-07-31 01:00:00,28.35208402
1,2019-07-31 02:00:00,28.34981995
1,2019-07-31 03:00:00,29.13426539
1,2019-07-31 04:00:00,28.31445786
1,2019-07-31 05:00:00,38.15830101
1,2019-07-31 06:00:00,46.31221970000001
1,2019-07-31 07:00:00,46.24233376
1,2019-07-31 10:00:00,44.30367308
1,2019-07-31 11:00:00,41.1233429
1,2019-07-31 12:00:00,40.28402922
1,2019-07-31 13:00:00,36.01764885
1,2019-07-31 14:00:00,35.13992264
1,2019-07-31 15:00:00,34.39687973
1,2019-07-31 16:00:00,34.51557838
1,2019-07-31 17:00:00,34.71462488
1,2019-07-31 18:00:00,31.76425082
1,2019-07-31 19:00:00,28.92546102
1,2019-07-31 20:00:00,29.63687119
1,2019-07-31 21:00:00,29.59767966
1,2019-07-31 22:00:00,28.77741601
1,2019-07-31 23:00:00,28.06376553
1,2019-08-01 00:00:00,24.25041321
1,2019-08-01 01:00:00,25.18724784
1,2019-08-01 02:00:00,27.46861945
1,2019-08-01 03:00:00,27.42358228
1,2019-08-01 04:00:00,27.41061083
1,2019-08-01 05:00:00,28.21517909
1,2019-08-01 06:00:00,28.85555675
1,2019-08-01 07:00:00,34.84613699
1,2019-08-01 09:00:00,45.18958107
1,2019-08-01 10:00:00,39.92273776
1,2019-08-01 11:00:00,38.42615479
1,2019-08-01 12:00:00,38.39717941
1,2019-08-01 13:00:00,36.8724819
1,2019-08-01 14:00:00,34.588149
1,2019-08-01 15:00:00,33.87473294
1,2019-08-01 16:00:00,33.12521776
1,2019-08-01 17:00:00,31.73654499
1,2019-08-01 18:00:00,27.28900269
1,2019-08-01 19:00:00,22.71915369
1,2019-08-01 20:00:00,25.79225507
1,2019-08-01 21:00:00,26.49746697
1,2019-08-01 22:00:00,25.81589779
1,2019-08-01 23:00:00,25.85629315
1,2019-08-02 00:00:00,25.83561462
1,2019-08-02 01:00:00,25.05013569
1,2019-08-02 02:00:00,25.78318038
1,2019-08-02 03:00:00,25.75152002
1,2019-08-02 04:00:00,25.83584941
1,2019-08-02 05:00:00,27.73889282
1,2019-08-02 06:00:00,28.70574123
1,2019-08-02 07:00:00,30.22756325
1,2019-08-02 08:00:00,46.58277132
1,2019-08-02 10:00:00,36.89059286
1,2019-08-02 11:00:00,36.04954901
1,2019-08-02 12:00:00,36.03123732
1,2019-08-02 13:00:00,33.1310059
1,2019-08-02 14:00:00,34.04252255
1,2019-08-02 15:00:00,34.66271155
1,2019-08-02 16:00:00,33.99800231
1,2019-08-02 17:00:00,32.40405209
1,2019-08-02 18:00:00,27.76777938
1,2019-08-02 19:00:00,24.65013792
1,2019-08-02 20:00:00,25.33467918
1,2019-08-02 21:00:00,26.12681822
1,2019-08-02 22:00:00,24.39507695
1,2019-08-02 23:00:00,24.9812287
1,2019-08-03 00:00:00,24.19107786
1,2019-08-03 01:00:00,24.18457686
1,2019-08-03 02:00:00,24.18400179
1,2019-08-03 03:00:00,25.71956397
1,2019-08-03 04:00:00,24.22323688
1,2019-08-03 05:00:00,25.72283673
1,2019-08-03 06:00:00,25.69388491
1,2019-08-03 07:00:00,27.22807034
1,2019-08-03 08:00:00,28.7291543
1,2019-08-03 09:00:00,28.72526074
1,2019-08-03 10:00:00,28.70061486
1,2019-08-03 11:00:00,28.71579722
1,2019-08-03 12:00:00,27.89515211
1,2019-08-03 13:00:00,26.43740595
1,2019-08-03 14:00:00,26.39896952
1,2019-08-03 15:00:00,26.39667011
1,2019-08-03 16:00:00,26.43124935
1,2019-08-03 17:00:00,27.2243396
1,2019-08-03 18:00:00,26.47550538
1,2019-08-03 19:00:00,24.97606924
1,2019-08-03 20:00:00,24.97139262
1,2019-08-03 21:00:00,25.03202902
1,2019-08-03 22:00:00,26.45768636
1,2019-08-03 23:00:00,25.04448039
1,2019-08-04 00:00:00,24.28824766
1,2019-08-04 01:00:00,24.96007766
1,2019-08-04 02:00:00,23.57519245
1,2019-08-04 03:00:00,24.40336035
1,2019-08-04 04:00:00,25.19178168
1,2019-08-04 05:00:00,25.19260578
1,2019-08-04 06:00:00,25.90698758
1,2019-08-04 07:00:00,26.62705361
1,2019-08-04 08:00:00,28.16385498
1,2019-08-04 09:00:00,29.69472572
1,2019-08-04 10:00:00,28.86658305
1,2019-08-04 11:00:00,28.82415504
1,2019-08-04 12:00:00,29.60985498
1,2019-08-04 13:00:00,28.824025800000005
1,2019-08-04 14:00:00,29.42401003
1,2019-08-04 15:00:00,28.67258704
1,2019-08-04 16:00:00,28.71623317
1,2019-08-04 17:00:00,27.96790694
1,2019-08-04 18:00:00,27.29536081
1,2019-08-04 19:00:00,25.71982195
1,2019-08-04 20:00:00,27.25475272
1,2019-08-04 21:00:00,26.53678566
1,2019-08-04 22:00:00,24.99685182
1,2019-08-04 23:00:00,27.24153928
1,2019-08-05 00:00:00,24.99721367
1,2019-08-05 01:00:00,25.03280229
1,2019-08-05 02:00:00,25.76997296
1,2019-08-05 03:00:00,25.00816846
1,2019-08-05 04:00:00,25.74583533
1,2019-08-05 05:00:00,27.28439288
1,2019-08-05 06:00:00,27.99828224
1,2019-08-05 07:00:00,29.50361771
1,2019-08-05 10:00:00,44.56670670000001
1,2019-08-05 11:00:00,38.47428894
1,2019-08-05 12:00:00,34.70237878
1,2019-08-05 13:00:00,34.72557537
1,2019-08-05 14:00:00,36.06023779
1,2019-08-05 15:00:00,33.20288475
1,2019-08-05 16:00:00,31.74309295
1,2019-08-05 17:00:00,31.09252674
1,2019-08-05 18:00:00,29.62726465
1,2019-08-05 19:00:00,21.8591841
1,2019-08-05 20:00:00,25.76720322
1,2019-08-05 21:00:00,25.62909744
1,2019-08-05 22:00:00,25.63541736
1,2019-08-05 23:00:00,25.76670303
1,2019-08-06 00:00:00,27.24921428
1,2019-08-06 01:00:00,25.70901363
1,2019-08-06 02:00:00,25.63832303
1,2019-08-06 03:00:00,26.36455872
1,2019-08-06 04:00:00,25.65469943
1,2019-08-06 05:00:00,27.12610075
1,2019-08-06 06:00:00,30.23775141
1,2019-08-06 07:00:00,30.21772467
1,2019-08-06 10:00:00,41.66503271
1,2019-08-06 11:00:00,37.81767001
1,2019-08-06 12:00:00,36.14108765
1,2019-08-06 13:00:00,35.41795722
1,2019-08-06 14:00:00,36.91440183
1,2019-08-06 15:00:00,36.13319887
1,2019-08-06 16:00:00,33.9549233
1,2019-08-06 17:00:00,32.41407964
1,2019-08-06 18:00:00,29.49247453
1,2019-08-06 19:00:00,22.72374049
1,2019-08-06 20:00:00,25.04552672
1,2019-08-06 21:00:00,27.24746838
1,2019-08-06 22:00:00,25.67130419
1,2019-08-06 23:00:00,25.70178107
1,2019-08-07 00:00:00,24.95339861
1,2019-08-07 01:00:00,24.95027662
1,2019-08-07 02:00:00,24.20328019
1,2019-08-07 03:00:00,24.20994902
1,2019-08-07 04:00:00,24.92938882
1,2019-08-07 05:00:00,26.47331002
1,2019-08-07 06:00:00,27.23100935
1,2019-08-07 07:00:00,29.51791115
1,2019-08-07 08:00:00,36.95487129
1,2019-08-07 10:00:00,39.95080267
1,2019-08-07 11:00:00,34.08117441
1,2019-08-07 12:00:00,35.84920874
1,2019-08-07 13:00:00,35.12882004
1,2019-08-07 14:00:00,34.93392792
1,2019-08-07 15:00:00,31.68882685
1,2019-08-07 16:00:00,33.20266992
1,2019-08-07 17:00:00,33.2447352
1,2019-08-07 18:00:00,28.65131293
1,2019-08-07 19:00:00,23.26605409
1,2019-08-07 20:00:00,26.36169079
1,2019-08-07 21:00:00,28.15051638
1,2019-08-07 22:00:00,26.62708344
1,2019-08-07 23:00:00,25.08225346
1,2019-08-08 00:00:00,25.15177588
1,2019-08-08 01:00:00,24.43389374
1,2019-08-08 02:00:00,23.73727785
1,2019-08-08 03:00:00,25.81915915
1,2019-08-08 04:00:00,27.53867733
1,2019-08-08 05:00:00,28.30131037
1,2019-08-08 06:00:00,29.72067403
1,2019-08-08 07:00:00,38.90969444
1,2019-08-08 10:00:00,41.2162917
1,2019-08-08 11:00:00,39.59263279
1,2019-08-08 12:00:00,37.8139942
1,2019-08-08 13:00:00,37.01249121
1,2019-08-08 14:00:00,36.25191882
1,2019-08-08 15:00:00,37.10320896
1,2019-08-08 16:00:00,37.85784164
1,2019-08-08 17:00:00,35.56162627
1,2019-08-08 18:00:00,33.26733456
1,2019-08-08 19:00:00,30.19826201
1,2019-08-08 20:00:00,30.22672237
1,2019-08-08 21:00:00,29.62233329
1,2019-08-08 22:00:00,29.59131466
1,2019-08-08 23:00:00,30.26779415
1,2019-08-09 00:00:00,27.32877071
1,2019-08-09 01:00:00,25.0890699
1,2019-08-09 02:00:00,28.18721581
1,2019-08-09 03:00:00,29.54340115
1,2019-08-09 04:00:00,28.76402691
1,2019-08-09 05:00:00,29.50098808
1,2019-08-09 06:00:00,34.11191216
1,2019-08-09 09:00:00,46.20386642
1,2019-08-09 10:00:00,43.34657734
1,2019-08-09 11:00:00,43.24224654
1,2019-08-09 12:00:00,42.22063044
1,2019-08-09 13:00:00,43.06154347
1,2019-08-09 14:00:00,42.38312346
1,2019-08-09 15:00:00,43.80553036
1,2019-08-09 16:00:00,41.56338226
1,2019-08-09 17:00:00,38.64881809
1,2019-08-09 18:00:00,34.91293958
1,2019-08-09 19:00:00,31.98598517
1,2019-08-09 20:00:00,31.97806232
1,2019-08-09 21:00:00,31.27436053
1,2019-08-09 22:00:00,31.1995939
1,2019-08-09 23:00:00,31.1575437
1,2019-08-10 00:00:00,30.44732823
1,2019-08-10 01:00:00,31.25493773
1,2019-08-10 02:00:00,30.18052837
1,2019-08-10 03:00:00,31.25562946
1,2019-08-10 04:00:00,30.73784434
1,2019-08-10 05:00:00,31.47337849
1,2019-08-10 06:00:00,31.50387177
1,2019-08-10 07:00:00,33.07288754
1,2019-08-10 08:00:00,35.99755225
1,2019-08-10 09:00:00,34.38124072
1,2019-08-10 10:00:00,33.64101666
1,2019-08-10 11:00:00,33.74664488
1,2019-08-10 12:00:00,32.88769856
1,2019-08-10 13:00:00,31.05597252
1,2019-08-10 14:00:00,30.16317902
1,2019-08-10 15:00:00,30.18189039
1,2019-08-10 16:00:00,30.37032951
1,2019-08-10 17:00:00,31.16076514
1,2019-08-10 18:00:00,32.66879734
1,2019-08-10 19:00:00,29.6320372
1,2019-08-10 20:00:00,29.70048375
1,2019-08-10 21:00:00,29.66857412
1,2019-08-10 22:00:00,30.38649126
1,2019-08-10 23:00:00,29.61337028
1,2019-08-11 00:00:00,29.69174302
1,2019-08-11 01:00:00,29.73661211
1,2019-08-11 02:00:00,29.76076734
1,2019-08-11 03:00:00,31.81391982
1,2019-08-11 04:00:00,31.3977581
1,2019-08-11 05:00:00,32.11195557
1,2019-08-11 06:00:00,32.1408689
1,2019-08-11 07:00:00,33.68466683
1,2019-08-11 08:00:00,35.093009499999994
1,2019-08-11 09:00:00,34.48124222
1,2019-08-11 10:00:00,33.30144644
1,2019-08-11 11:00:00,30.91917429
1,2019-08-11 12:00:00,29.3217526
1,2019-08-11 13:00:00,30.85637399
1,2019-08-11 14:00:00,28.62056427
1,2019-08-11 15:00:00,28.76520117
1,2019-08-11 16:00:00,29.553609700000006
1,2019-08-11 17:00:00,28.80313109
1,2019-08-11 18:00:00,30.41020598
1,2019-08-11 19:00:00,28.82708649
1,2019-08-11 20:00:00,28.86213312
1,2019-08-11 21:00:00,29.84257694
1,2019-08-11 22:00:00,28.69723681
1,2019-08-11 23:00:00,25.70203452
1,2019-08-12 00:00:00,27.21182375
1,2019-08-12 01:00:00,28.52399826
1,2019-08-12 02:00:00,28.80943764
1,2019-08-12 03:00:00,29.51557888
1,2019-08-12 04:00:00,28.69886256
1,2019-08-12 05:00:00,28.80863548
1,2019-08-12 06:00:00,34.26458835
1,2019-08-12 09:00:00,46.36842281
1,2019-08-12 10:00:00,43.89812927
1,2019-08-12 11:00:00,40.72161343
1,2019-08-12 12:00:00,40.00356389
1,2019-08-12 13:00:00,40.74658835
1,2019-08-12 14:00:00,39.52127382
1,2019-08-12 15:00:00,37.62135979
1,2019-08-12 16:00:00,39.20300955
1,2019-08-12 17:00:00,37.06667496
1,2019-08-12 18:00:00,32.64561975
1,2019-08-12 19:00:00,29.53823867
1,2019-08-12 20:00:00,28.81213554
1,2019-08-12 21:00:00,30.34202816
1,2019-08-12 22:00:00,28.80134384
1,2019-08-12 23:00:00,28.79783962
1,2019-08-13 00:00:00,28.04917717
1,2019-08-13 01:00:00,27.29976498
1,2019-08-13 02:00:00,25.72922217
1,2019-08-13 03:00:00,25.02242317
1,2019-08-13 04:00:00,27.3108482
1,2019-08-13 05:00:00,28.05773163
1,2019-08-13 06:00:00,29.51424457
1,2019-08-13 07:00:00,33.99591828
1,2019-08-13 10:00:00,40.67577051
1,2019-08-13 11:00:00,39.10863857
1,2019-08-13 12:00:00,36.80770871
1,2019-08-13 13:00:00,37.64022194
1,2019-08-13 14:00:00,34.64148324
1,2019-08-13 15:00:00,35.34239943
1,2019-08-13 16:00:00,33.88418019
1,2019-08-13 17:00:00,31.72617395
1,2019-08-13 18:00:00,29.51810313
1,2019-08-13 19:00:00,27.30392815
1,2019-08-13 20:00:00,22.70423454
1,2019-08-13 21:00:00,27.26127514
1,2019-08-13 22:00:00,26.50614232
1,2019-08-13 23:00:00,26.4625128
1,2019-08-14 00:00:00,24.92712001
1,2019-08-14 01:00:00,27.24431434
1,2019-08-14 02:00:00,26.4631718
1,2019-08-14 03:00:00,26.61343903
1,2019-08-14 04:00:00,25.91001123
1,2019-08-14 05:00:00,28.87668262
1,2019-08-14 06:00:00,30.26448619
1,2019-08-14 07:00:00,43.73372574
1,2019-08-14 08:00:00,42.18448737
1,2019-08-14 09:00:00,33.13632986
1,2019-08-14 10:00:00,45.90352885
1,2019-08-14 11:00:00,38.29570982
1,2019-08-14 12:00:00,28.54791056
1,2019-08-14 13:00:00,39.80630579
1,2019-08-14 14:00:00,36.82230295
1,2019-08-14 15:00:00,33.86379683
1,2019-08-14 16:00:00,33.17682294
1,2019-08-14 17:00:00,33.227224
1,2019-08-14 18:00:00,30.27157494
1,2019-08-14 19:00:00,28.05492783
1,2019-08-14 20:00:00,28.84869803
1,2019-08-14 21:00:00,28.84994507
1,2019-08-14 22:00:00,30.29950127
1,2019-08-14 23:00:00,29.58211277
1,2019-08-15 00:00:00,28.1273858
1,2019-08-15 01:00:00,29.00034189
1,2019-08-15 02:00:00,28.27586229
1,2019-08-15 03:00:00,28.24150282
1,2019-08-15 04:00:00,28.297031
1,2019-08-15 05:00:00,30.90139875
1,2019-08-15 06:00:00,34.2593903
1,2019-08-15 07:00:00,41.93550015
1,2019-08-15 08:00:00,46.14027666
1,2019-08-15 09:00:00,40.9405018
1,2019-08-15 10:00:00,39.16270142
1,2019-08-15 11:00:00,36.77585603
1,2019-08-15 12:00:00,34.39510742
1,2019-08-15 13:00:00,33.60341381
1,2019-08-15 14:00:00,31.47909544
1,2019-08-15 15:00:00,32.26844188
1,2019-08-15 16:00:00,33.92845497
1,2019-08-15 17:00:00,31.7439344
1,2019-08-15 18:00:00,29.44456997
1,2019-08-15 19:00:00,26.44272884
1,2019-08-15 20:00:00,24.94378331
1,2019-08-15 21:00:00,24.87348198
1,2019-08-15 22:00:00,25.5876232
1,2019-08-15 23:00:00,24.11987618
1,2019-08-16 00:00:00,23.36676836
1,2019-08-16 01:00:00,24.14735501
1,2019-08-16 02:00:00,24.10811754
1,2019-08-16 03:00:00,24.86107969
1,2019-08-16 04:00:00,24.19271421
1,2019-08-16 05:00:00,25.61634617
1,2019-08-16 06:00:00,29.44240492
1,2019-08-16 07:00:00,35.32987924
1,2019-08-16 08:00:00,40.94496243
1,2019-08-16 09:00:00,40.16524844
1,2019-08-16 10:00:00,39.33552526
1,2019-08-16 11:00:00,37.1881554
1,2019-08-16 12:00:00,33.58395445
1,2019-08-16 13:00:00,32.24577245
1,2019-08-16 14:00:00,34.63976296
1,2019-08-16 15:00:00,33.91312388
1,2019-08-16 16:00:00,33.94633357
1,2019-08-16 17:00:00,33.19698761
1,2019-08-16 18:00:00,30.25085185
1,2019-08-16 19:00:00,28.04385281
1,2019-08-16 20:00:00,27.22313544
1,2019-08-16 21:00:00,28.04082012
1,2019-08-16 22:00:00,27.289130100000005
1,2019-08-16 23:00:00,28.06238079
1,2019-08-17 00:00:00,28.00506669
1,2019-08-17 01:00:00,27.25341628
1,2019-08-17 02:00:00,28.01853556
1,2019-08-17 03:00:00,28.09691241
1,2019-08-17 04:00:00,28.03910637
1,2019-08-17 05:00:00,29.58864851
1,2019-08-17 06:00:00,29.64549681
1,2019-08-17 07:00:00,31.920813899999995
1,2019-08-17 08:00:00,33.35654059
1,2019-08-17 09:00:00,31.74145544
1,2019-08-17 10:00:00,28.51396303
1,2019-08-17 11:00:00,26.97794291
1,2019-08-17 12:00:00,25.4942257
1,2019-08-17 13:00:00,26.16571531
1,2019-08-17 14:00:00,23.210285100000004
1,2019-08-17 15:00:00,23.20989313
1,2019-08-17 16:00:00,23.24968781
1,2019-08-17 17:00:00,23.44627142
1,2019-08-17 18:00:00,25.74302509
1,2019-08-17 19:00:00,26.60165598
1,2019-08-17 20:00:00,25.89312756
1,2019-08-17 21:00:00,27.40275539
1,2019-08-17 22:00:00,26.64023224
1,2019-08-17 23:00:00,27.33795607
1,2019-08-18 00:00:00,26.5883168
1,2019-08-18 01:00:00,25.8133089
1,2019-08-18 02:00:00,26.5627397
1,2019-08-18 03:00:00,25.77013671
1,2019-08-18 04:00:00,27.30885062
1,2019-08-18 05:00:00,25.73419572
1,2019-08-18 06:00:00,28.02455372
1,2019-08-18 07:00:00,26.56148383
1,2019-08-18 08:00:00,26.55988343
1,2019-08-18 09:00:00,24.95109485
1,2019-08-18 10:00:00,23.25454527
1,2019-08-18 11:00:00,17.94414812
1,2019-08-18 12:00:00,20.26257071
1,2019-08-18 13:00:00,20.39705681
1,2019-08-18 14:00:00,22.02402016
1,2019-08-18 15:00:00,22.9308245
1,2019-08-18 16:00:00,25.24922986
1,2019-08-18 17:00:00,29.90634118
1,2019-08-18 18:00:00,32.18630655
1,2019-08-18 19:00:00,29.19626316
1,2019-08-18 20:00:00,30.01937394
1,2019-08-18 21:00:00,29.97857189
1,2019-08-18 22:00:00,30.00892761
1,2019-08-18 23:00:00,31.48765779
1,2019-08-19 00:00:00,29.21137191
1,2019-08-19 01:00:00,30.62831349
1,2019-08-19 02:00:00,29.87378919
1,2019-08-19 03:00:00,29.90597003
1,2019-08-19 04:00:00,31.44629224
1,2019-08-19 05:00:00,32.98670783
1,2019-08-19 06:00:00,36.75204774
1,2019-08-19 07:00:00,45.00986561
1,2019-08-19 10:00:00,44.66051306
1,2019-08-19 11:00:00,41.60339923
1,2019-08-19 12:00:00,39.25306027
1,2019-08-19 13:00:00,39.24741473
1,2019-08-19 14:00:00,37.77157047
1,2019-08-19 15:00:00,36.35483720000001
1,2019-08-19 16:00:00,36.40341632
1,2019-08-19 17:00:00,35.01410408
1,2019-08-19 18:00:00,33.5872406
1,2019-08-19 19:00:00,29.81950269
1,2019-08-19 20:00:00,29.83089347
1,2019-08-19 21:00:00,30.61893642
1,2019-08-19 22:00:00,29.81597833
1,2019-08-19 23:00:00,30.51732719
1,2019-08-20 00:00:00,29.04409252
1,2019-08-20 01:00:00,28.35282607
1,2019-08-20 02:00:00,28.3324585
1,2019-08-20 03:00:00,27.46608948
1,2019-08-20 04:00:00,28.27305222
1,2019-08-20 05:00:00,30.04548494
1,2019-08-20 06:00:00,31.86043093
1,2019-08-20 07:00:00,39.4336571
1,2019-08-20 08:00:00,44.01944392
1,2019-08-20 09:00:00,40.90473023
1,2019-08-20 10:00:00,38.68276119
1,2019-08-20 11:00:00,38.10983601
1,2019-08-20 12:00:00,34.69641557
1,2019-08-20 13:00:00,31.74203523
1,2019-08-20 14:00:00,31.03112006
1,2019-08-20 15:00:00,31.66920402
1,2019-08-20 16:00:00,29.447301300000003
1,2019-08-20 17:00:00,28.77090632
1,2019-08-20 18:00:00,26.55135424
1,2019-08-20 19:00:00,25.04766845
1,2019-08-20 20:00:00,25.05596858
1,2019-08-20 21:00:00,25.13342638
1,2019-08-20 22:00:00,26.55290362
1,2019-08-20 23:00:00,24.99853093
1,2019-08-21 00:00:00,25.03761071
1,2019-08-21 01:00:00,24.28780799
1,2019-08-21 02:00:00,24.24499282
1,2019-08-21 03:00:00,25.01623518
1,2019-08-21 04:00:00,23.47139173
1,2019-08-21 05:00:00,25.82201306
1,2019-08-21 06:00:00,28.66090457
1,2019-08-21 07:00:00,33.18002785
1,2019-08-21 08:00:00,40.03465771
1,2019-08-21 09:00:00,36.03737515
1,2019-08-21 10:00:00,28.76158747
1,2019-08-21 11:00:00,35.25128731
1,2019-08-21 12:00:00,35.09875739
1,2019-08-21 13:00:00,30.72613421
1,2019-08-21 14:00:00,28.33844331
1,2019-08-21 15:00:00,27.75112915
1,2019-08-21 16:00:00,28.604713300000004
1,2019-08-21 17:00:00,29.42717072
1,2019-08-21 18:00:00,26.47793018
1,2019-08-21 19:00:00,24.97288369
1,2019-08-21 20:00:00,23.4267807
1,2019-08-21 21:00:00,24.17266823
1,2019-08-21 22:00:00,24.20572429
1,2019-08-21 23:00:00,24.95387247
1,2019-08-22 00:00:00,23.45495751
1,2019-08-22 01:00:00,24.99107867
1,2019-08-22 02:00:00,25.70441822
1,2019-08-22 03:00:00,24.24394722
1,2019-08-22 04:00:00,24.2431599
1,2019-08-22 05:00:00,26.64642992
1,2019-08-22 06:00:00,28.93744864
1,2019-08-22 07:00:00,34.90312764
1,2019-08-22 08:00:00,40.13997233
1,2019-08-22 09:00:00,38.37752734
1,2019-08-22 10:00:00,39.83477175
1,2019-08-22 11:00:00,36.7617236
1,2019-08-22 12:00:00,35.18635498
1,2019-08-22 13:00:00,33.68764705
1,2019-08-22 14:00:00,33.76641375
1,2019-08-22 15:00:00,32.97777374
1,2019-08-22 16:00:00,32.34152284
1,2019-08-22 17:00:00,31.69967267
1,2019-08-22 18:00:00,30.31755151
1,2019-08-22 19:00:00,28.07147392
1,2019-08-22 20:00:00,27.33182694
1,2019-08-22 21:00:00,29.62950234
1,2019-08-22 22:00:00,28.08535424
1,2019-08-22 23:00:00,28.82458379
1,2019-08-23 00:00:00,27.3223468
1,2019-08-23 01:00:00,28.07073962
1,2019-08-23 02:00:00,29.51078415
1,2019-08-23 03:00:00,29.83957460000001
1,2019-08-23 04:00:00,30.53935145
1,2019-08-23 05:00:00,33.34695233
1,2019-08-23 06:00:00,34.82146887
1,2019-08-23 07:00:00,44.60413763
1,2019-08-23 09:00:00,45.93151388
1,2019-08-23 10:00:00,40.46280047
1,2019-08-23 11:00:00,35.20756759
1,2019-08-23 12:00:00,35.12637298
1,2019-08-23 13:00:00,32.87359615
1,2019-08-23 14:00:00,31.41247207
1,2019-08-23 15:00:00,30.66617233
1,2019-08-23 16:00:00,30.74969971
1,2019-08-23 17:00:00,30.94255743
1,2019-08-23 18:00:00,28.76848634
1,2019-08-23 19:00:00,25.84491977
1,2019-08-23 20:00:00,26.55600929
1,2019-08-23 21:00:00,28.10217462
1,2019-08-23 22:00:00,26.56372279
1,2019-08-23 23:00:00,27.3525225
1,2019-08-24 00:00:00,27.28043206
1,2019-08-24 01:00:00,26.54302922
1,2019-08-24 02:00:00,26.60386295
1,2019-08-24 03:00:00,28.0003956
1,2019-08-24 04:00:00,27.35729455
1,2019-08-24 05:00:00,27.34773377
1,2019-08-24 06:00:00,28.09890312
1,2019-08-24 07:00:00,31.17671117
1,2019-08-24 08:00:00,31.94554416
1,2019-08-24 09:00:00,29.431722600000004
1,2019-08-24 10:00:00,28.524465600000006
1,2019-08-24 11:00:00,26.23113174
1,2019-08-24 12:00:00,24.62095871
1,2019-08-24 13:00:00,23.90958202
1,2019-08-24 14:00:00,23.91930253
1,2019-08-24 15:00:00,23.24252861
1,2019-08-24 16:00:00,22.5703451
1,2019-08-24 17:00:00,19.74301158
1,2019-08-24 18:00:00,22.3869607
1,2019-08-24 19:00:00,24.13830202
1,2019-08-24 20:00:00,25.90471682
1,2019-08-24 21:00:00,26.55779723
1,2019-08-24 22:00:00,26.59245216
1,2019-08-24 23:00:00,27.34031429
1,2019-08-25 00:00:00,27.29995557
1,2019-08-25 01:00:00,27.37689083
1,2019-08-25 02:00:00,27.30408789
1,2019-08-25 03:00:00,28.8848312
1,2019-08-25 04:00:00,28.88236973
1,2019-08-25 05:00:00,28.13369751
1,2019-08-25 06:00:00,29.6290955
1,2019-08-25 07:00:00,36.46879898
1,2019-08-25 08:00:00,36.43737654
1,2019-08-25 09:00:00,31.81379022
1,2019-08-25 10:00:00,29.37189084
1,2019-08-25 11:00:00,28.73420741
1,2019-08-25 12:00:00,28.69510202
1,2019-08-25 13:00:00,26.37104132
1,2019-08-25 14:00:00,26.25580521
1,2019-08-25 15:00:00,25.61900317
1,2019-08-25 16:00:00,27.8768615
1,2019-08-25 17:00:00,28.73974763
1,2019-08-25 18:00:00,28.0593734
1,2019-08-25 19:00:00,28.16994571
1,2019-08-25 20:00:00,29.67274416
1,2019-08-25 21:00:00,28.91969695
1,2019-08-25 22:00:00,29.48159731
1,2019-08-25 23:00:00,30.34830132
1,2019-08-26 00:00:00,28.8352588
1,2019-08-26 01:00:00,28.87502644
1,2019-08-26 02:00:00,31.18644311
1,2019-08-26 03:00:00,29.65421717
1,2019-08-26 04:00:00,31.15434356
1,2019-08-26 05:00:00,33.40852642
1,2019-08-26 06:00:00,35.79122442
1,2019-08-26 07:00:00,43.92929031
1,2019-08-26 10:00:00,42.78721994
1,2019-08-26 11:00:00,38.20060083
1,2019-08-26 12:00:00,36.69237947
1,2019-08-26 13:00:00,35.15967828
1,2019-08-26 14:00:00,32.22084833
1,2019-08-26 15:00:00,32.97843145
1,2019-08-26 16:00:00,32.38589874
1,2019-08-26 17:00:00,31.7338979
1,2019-08-26 18:00:00,30.38870749
1,2019-08-26 19:00:00,28.88394027
1,2019-08-26 20:00:00,28.06658107
1,2019-08-26 21:00:00,29.56139568
1,2019-08-26 22:00:00,28.86761265
1,2019-08-26 23:00:00,29.72470704
1,2019-08-27 00:00:00,29.79584147
1,2019-08-27 01:00:00,30.58389441
1,2019-08-27 02:00:00,29.83593494
1,2019-08-27 03:00:00,31.36813505
1,2019-08-27 04:00:00,30.59995953
1,2019-08-27 05:00:00,34.37382388
1,2019-08-27 06:00:00,36.51255398
1,2019-08-27 07:00:00,44.68670673
1,2019-08-27 09:00:00,45.92214129999999
1,2019-08-27 10:00:00,41.34259289
1,2019-08-27 11:00:00,39.774217
1,2019-08-27 12:00:00,33.72197547
1,2019-08-27 13:00:00,32.96635944
1,2019-08-27 14:00:00,31.41805993
1,2019-08-27 15:00:00,30.74414429
1,2019-08-27 16:00:00,30.02372437
1,2019-08-27 17:00:00,29.78096445
1,2019-08-27 18:00:00,28.14987221
1,2019-08-27 19:00:00,27.27415612
1,2019-08-27 20:00:00,26.55859396
1,2019-08-27 21:00:00,27.26805489
1,2019-08-27 22:00:00,25.87726627
1,2019-08-27 23:00:00,26.70341953
1,2019-08-28 00:00:00,28.24152433
1,2019-08-28 01:00:00,27.49260861
1,2019-08-28 02:00:00,27.53119077
1,2019-08-28 03:00:00,29.06980524
1,2019-08-28 04:00:00,27.53707635
1,2019-08-28 05:00:00,31.26944484
1,2019-08-28 06:00:00,32.86286283
1,2019-08-28 07:00:00,40.74143459
1,2019-08-28 08:00:00,44.41124551
1,2019-08-28 09:00:00,40.02229568
1,2019-08-28 10:00:00,37.71914603
1,2019-08-28 11:00:00,36.24977089
1,2019-08-28 12:00:00,34.70078151
1,2019-08-28 13:00:00,34.77881273
1,2019-08-28 14:00:00,35.55932546
1,2019-08-28 15:00:00,37.24764661
1,2019-08-28 16:00:00,38.08598838
1,2019-08-28 17:00:00,36.53881426
1,2019-08-28 18:00:00,33.52518416
1,2019-08-28 19:00:00,30.52016526
1,2019-08-28 20:00:00,31.22807193
1,2019-08-28 21:00:00,29.75738409
1,2019-08-28 22:00:00,29.82370119
1,2019-08-28 23:00:00,31.44088877
1,2019-08-29 00:00:00,29.14301729
1,2019-08-29 01:00:00,31.43470853
1,2019-08-29 02:00:00,30.72557533
1,2019-08-29 03:00:00,29.86994373
1,2019-08-29 04:00:00,30.57679508
1,2019-08-29 05:00:00,32.084580800000005
1,2019-08-29 06:00:00,35.83378626
1,2019-08-29 07:00:00,43.30410268
1,2019-08-29 09:00:00,46.12973468
1,2019-08-29 10:00:00,41.34007983
1,2019-08-29 11:00:00,39.83345411
1,2019-08-29 12:00:00,38.11257108
1,2019-08-29 13:00:00,35.10772653
1,2019-08-29 14:00:00,34.39529911
1,2019-08-29 15:00:00,34.65662668
1,2019-08-29 16:00:00,33.99110594
1,2019-08-29 17:00:00,32.57103653
1,2019-08-29 18:00:00,31.14267749
1,2019-08-29 19:00:00,29.62597357
1,2019-08-29 20:00:00,29.72765647
1,2019-08-29 21:00:00,29.8115524
1,2019-08-29 22:00:00,30.55226334
1,2019-08-29 23:00:00,30.62195764
1,2019-08-30 00:00:00,30.00445479
1,2019-08-30 01:00:00,32.03742052
1,2019-08-30 02:00:00,32.01513825
1,2019-08-30 03:00:00,32.85789361
1,2019-08-30 04:00:00,32.09241363
1,2019-08-30 05:00:00,35.95400997
1,2019-08-30 06:00:00,39.72158513
1,2019-08-30 10:00:00,47.01019946
1,2019-08-30 11:00:00,39.18402519
1,2019-08-30 12:00:00,35.12514379
1,2019-08-30 13:00:00,36.61821351
1,2019-08-30 14:00:00,32.74612744
1,2019-08-30 15:00:00,30.42973143
1,2019-08-30 16:00:00,32.04052773
1,2019-08-30 17:00:00,29.9573248
1,2019-08-30 18:00:00,27.83785199
1,2019-08-30 19:00:00,27.11110909
1,2019-08-30 20:00:00,29.52471713
1,2019-08-30 21:00:00,28.68927202
1,2019-08-30 22:00:00,28.68463099
1,2019-08-30 23:00:00,30.21603465
1,2019-08-31 00:00:00,29.53027811
1,2019-08-31 01:00:00,29.46940327
1,2019-08-31 02:00:00,30.30469217
1,2019-08-31 03:00:00,30.18806311
1,2019-08-31 04:00:00,31.0319988
1,2019-08-31 05:00:00,30.28965723
1,2019-08-31 06:00:00,31.84027342
1,2019-08-31 07:00:00,33.38544634
1,2019-08-31 08:00:00,34.21330096
1,2019-08-31 09:00:00,32.34739531
1,2019-08-31 10:00:00,29.11560974
1,2019-08-31 11:00:00,27.51736458
1,2019-08-31 12:00:00,25.18778989
1,2019-08-31 13:00:00,25.9223487
1,2019-08-31 14:00:00,23.6971141
1,2019-08-31 15:00:00,22.87847071
1,2019-08-31 16:00:00,19.84439497
1,2019-08-31 17:00:00,21.50565857
1,2019-08-31 18:00:00,24.64448
1,2019-08-31 19:00:00,23.95521018
1,2019-08-31 20:00:00,23.94331316
1,2019-08-31 21:00:00,23.17129807
1,2019-08-31 22:00:00,25.50736604
1,2019-08-31 23:00:00,24.77856693
1,2019-09-01 00:00:00,25.50351127
1,2019-09-01 01:00:00,24.77629028
1,2019-09-01 02:00:00,24.76963834
1,2019-09-01 03:00:00,25.50857972
1,2019-09-01 04:00:00,23.94426359
1,2019-09-01 05:00:00,23.91915615
1,2019-09-01 06:00:00,24.68717842
1,2019-09-01 07:00:00,24.71048079
1,2019-09-01 08:00:00,25.46039501
1,2019-09-01 09:00:00,26.20949162
1,2019-09-01 10:00:00,24.60308479
1,2019-09-01 11:00:00,24.51830322
1,2019-09-01 12:00:00,22.24706795
1,2019-09-01 13:00:00,22.21739116
1,2019-09-01 14:00:00,21.37711877
1,2019-09-01 15:00:00,22.28151091
1,2019-09-01 16:00:00,21.79664465
1,2019-09-01 17:00:00,24.93893859
1,2019-09-01 18:00:00,24.96321697
1,2019-09-01 19:00:00,25.71322567
1,2019-09-01 20:00:00,24.96867508
1,2019-09-01 21:00:00,25.75692516
1,2019-09-01 22:00:00,26.55033133
1,2019-09-01 23:00:00,25.80752344
1,2019-09-02 00:00:00,24.10947304
1,2019-09-02 01:00:00,25.71828369
1,2019-09-02 02:00:00,24.89403994
1,2019-09-02 03:00:00,24.11906898
1,2019-09-02 04:00:00,25.61628965
1,2019-09-02 05:00:00,24.82543316
1,2019-09-02 06:00:00,30.1903986
1,2019-09-02 07:00:00,40.93913055
1,2019-09-02 08:00:00,41.69963612
1,2019-09-02 09:00:00,38.3620903
1,2019-09-02 10:00:00,38.16765047
1,2019-09-02 11:00:00,33.65559974
1,2019-09-02 12:00:00,30.48063176
1,2019-09-02 13:00:00,29.63351793
1,2019-09-02 14:00:00,28.97771219
1,2019-09-02 15:00:00,27.49319257
1,2019-09-02 16:00:00,27.58831095
1,2019-09-02 17:00:00,26.88716213
1,2019-09-02 18:00:00,24.58425916
1,2019-09-02 19:00:00,23.13587723
1,2019-09-02 20:00:00,22.29030258
1,2019-09-02 21:00:00,19.97017315
1,2019-09-02 22:00:00,23.09937792
1,2019-09-02 23:00:00,23.13741076
1,2019-09-03 00:00:00,22.44728311
1,2019-09-03 01:00:00,23.2334787
1,2019-09-03 02:00:00,23.2322637
1,2019-09-03 03:00:00,23.30721527
1,2019-09-03 04:00:00,23.31596968
1,2019-09-03 05:00:00,25.57675312
1,2019-09-03 06:00:00,27.88808334
1,2019-09-03 07:00:00,37.86797962
1,2019-09-03 08:00:00,43.91018195
1,2019-09-03 09:00:00,32.18506494
1,2019-09-03 10:00:00,30.46278816
1,2019-09-03 11:00:00,34.07262664
1,2019-09-03 12:00:00,27.24786084
1,2019-09-03 13:00:00,25.72666398
1,2019-09-03 14:00:00,23.43022638
1,2019-09-03 15:00:00,23.42330936
1,2019-09-03 16:00:00,18.98739677
1,2019-09-03 17:00:00,21.34168191
1,2019-09-03 18:00:00,22.9823462
1,2019-09-03 19:00:00,21.60149632
1,2019-09-03 20:00:00,22.42087908
1,2019-09-03 21:00:00,22.49777828
1,2019-09-03 22:00:00,22.49877139
1,2019-09-03 23:00:00,23.33624047
1,2019-09-04 00:00:00,24.05670651
1,2019-09-04 01:00:00,23.35566286
1,2019-09-04 02:00:00,24.84444212
1,2019-09-04 03:00:00,25.63077222
1,2019-09-04 04:00:00,24.06851669
1,2019-09-04 05:00:00,25.57616837
1,2019-09-04 06:00:00,27.9163285
1,2019-09-04 07:00:00,35.60802956
1,2019-09-04 08:00:00,40.11548936
1,2019-09-04 09:00:00,36.81722523
1,2019-09-04 10:00:00,31.38423284
1,2019-09-04 11:00:00,28.38518063
1,2019-09-04 12:00:00,27.376066
1,2019-09-04 13:00:00,24.36828502
1,2019-09-04 14:00:00,23.61713992
1,2019-09-04 15:00:00,23.60737455
1,2019-09-04 16:00:00,23.59229347
1,2019-09-04 17:00:00,22.85982742
1,2019-09-04 18:00:00,22.93753102
1,2019-09-04 19:00:00,17.65851946
1,2019-09-04 20:00:00,20.77797338
1,2019-09-04 21:00:00,21.62691259
1,2019-09-04 22:00:00,23.160874
1,2019-09-04 23:00:00,22.38949007
1,2019-09-05 00:00:00,23.08526516
1,2019-09-05 01:00:00,23.21460449
1,2019-09-05 02:00:00,22.27786554
1,2019-09-05 03:00:00,23.09975798
1,2019-09-05 04:00:00,23.864867
1,2019-09-05 05:00:00,25.41606932
1,2019-09-05 06:00:00,27.71303525
1,2019-09-05 07:00:00,39.18741683
1,2019-09-05 08:00:00,41.50345192
1,2019-09-05 09:00:00,34.45962736
1,2019-09-05 10:00:00,33.56399143
1,2019-09-05 11:00:00,28.10654142
1,2019-09-05 12:00:00,27.309205
1,2019-09-05 13:00:00,25.76342502
1,2019-09-05 14:00:00,23.5170521
1,2019-09-05 15:00:00,25.79736528
1,2019-09-05 16:00:00,25.97896883
1,2019-09-05 17:00:00,24.53064238
1,2019-09-05 18:00:00,23.85079706
1,2019-09-05 19:00:00,18.47582786
1,2019-09-05 20:00:00,20.04096136
1,2019-09-05 21:00:00,20.76939524
1,2019-09-05 22:00:00,22.28558018
1,2019-09-05 23:00:00,22.32334435
1,2019-09-06 00:00:00,22.29809052
1,2019-09-06 01:00:00,23.10563635
1,2019-09-06 02:00:00,22.30374538
1,2019-09-06 03:00:00,22.3661143
1,2019-09-06 04:00:00,23.06189887
1,2019-09-06 05:00:00,23.11802941
1,2019-09-06 06:00:00,26.09962257
1,2019-09-06 07:00:00,29.88754303
1,2019-09-06 08:00:00,39.79090283
1,2019-09-06 09:00:00,36.74914886
1,2019-09-06 10:00:00,33.5011808
1,2019-09-06 11:00:00,31.14650125
1,2019-09-06 12:00:00,33.3422184
1,2019-09-06 13:00:00,28.2739876
1,2019-09-06 14:00:00,29.22459711
1,2019-09-06 15:00:00,31.51885812
1,2019-09-06 16:00:00,28.49667629
1,2019-09-06 17:00:00,29.19818587
1,2019-09-06 18:00:00,26.93126177
1,2019-09-06 19:00:00,25.47272654
1,2019-09-06 20:00:00,24.67523804
1,2019-09-06 21:00:00,24.66381033
1,2019-09-06 22:00:00,26.1840365
1,2019-09-06 23:00:00,24.75282443
1,2019-09-07 00:00:00,24.74418741
1,2019-09-07 01:00:00,26.99255402
1,2019-09-07 02:00:00,26.27378473
1,2019-09-07 03:00:00,26.25875153
1,2019-09-07 04:00:00,27.0521689
1,2019-09-07 05:00:00,26.248544800000005
1,2019-09-07 06:00:00,27.03892685
1,2019-09-07 07:00:00,30.14669032
1,2019-09-07 08:00:00,30.83726218
1,2019-09-07 09:00:00,31.60475217
1,2019-09-07 10:00:00,30.81354566
1,2019-09-07 11:00:00,29.24736604
1,2019-09-07 12:00:00,30.71513088
1,2019-09-07 13:00:00,29.71995857
1,2019-09-07 14:00:00,27.06167785
1,2019-09-07 15:00:00,27.09683733
1,2019-09-07 16:00:00,27.08478465
1,2019-09-07 17:00:00,28.67360684
1,2019-09-07 18:00:00,26.45377302
1,2019-09-07 19:00:00,26.52953999
1,2019-09-07 20:00:00,27.27827487
1,2019-09-07 21:00:00,27.27092769
1,2019-09-07 22:00:00,27.25452864
1,2019-09-07 23:00:00,28.1440079
1,2019-09-08 00:00:00,25.82951646
1,2019-09-08 01:00:00,26.60881545
1,2019-09-08 02:00:00,27.38604152
1,2019-09-08 03:00:00,26.66944729
1,2019-09-08 04:00:00,25.83966642
1,2019-09-08 05:00:00,29.6448327
1,2019-09-08 06:00:00,31.15464024
1,2019-09-08 07:00:00,31.19050201
1,2019-09-08 08:00:00,31.09110899
1,2019-09-08 09:00:00,28.06367401
1,2019-09-08 10:00:00,28.70051115
1,2019-09-08 11:00:00,27.8436602
1,2019-09-08 12:00:00,27.19428087
1,2019-09-08 13:00:00,27.25083904
1,2019-09-08 14:00:00,26.58517259
1,2019-09-08 15:00:00,28.24912123
1,2019-09-08 16:00:00,26.71168076
1,2019-09-08 17:00:00,27.52497812
1,2019-09-08 18:00:00,30.63050204
1,2019-09-08 19:00:00,29.09408546
1,2019-09-08 20:00:00,28.36409863
1,2019-09-08 21:00:00,29.56610338
1,2019-09-08 22:00:00,28.27885016
1,2019-09-08 23:00:00,29.76396843
1,2019-09-09 00:00:00,27.47124551
1,2019-09-09 01:00:00,28.60126996
1,2019-09-09 02:00:00,29.10135845
1,2019-09-09 03:00:00,28.35752618
1,2019-09-09 04:00:00,29.45423008
1,2019-09-09 05:00:00,31.12525963
1,2019-09-09 06:00:00,34.87810744
1,2019-09-09 07:00:00,43.19942432
1,2019-09-09 09:00:00,45.29602420000001
1,2019-09-09 10:00:00,42.91856451
1,2019-09-09 11:00:00,39.71421028
1,2019-09-09 12:00:00,38.31727861
1,2019-09-09 13:00:00,36.14135403
1,2019-09-09 14:00:00,36.99989333
1,2019-09-09 15:00:00,35.56652937
1,2019-09-09 16:00:00,35.67027849
1,2019-09-09 17:00:00,33.46381483
1,2019-09-09 18:00:00,32.85070404
1,2019-09-09 19:00:00,29.07395508
1,2019-09-09 20:00:00,29.07388184
1,2019-09-09 21:00:00,27.55707056
1,2019-09-09 22:00:00,29.04567773
1,2019-09-09 23:00:00,29.2822864
1,2019-09-10 00:00:00,27.76078719
1,2019-09-10 01:00:00,28.51778732
1,2019-09-10 02:00:00,28.58441779
1,2019-09-10 03:00:00,27.7571015
1,2019-09-10 04:00:00,29.33822754
1,2019-09-10 05:00:00,30.08995543
1,2019-09-10 06:00:00,33.20677797
1,2019-09-10 07:00:00,40.7684735
1,2019-09-10 08:00:00,45.34135723
1,2019-09-10 09:00:00,42.14377763
1,2019-09-10 10:00:00,39.16279688
1,2019-09-10 11:00:00,38.28564577
1,2019-09-10 12:00:00,34.38789885
1,2019-09-10 13:00:00,34.3899908
1,2019-09-10 14:00:00,32.80994614
1,2019-09-10 15:00:00,32.41361534
1,2019-09-10 16:00:00,33.16120331
1,2019-09-10 17:00:00,29.52602126
1,2019-09-10 18:00:00,29.70414906
1,2019-09-10 19:00:00,26.78408963
1,2019-09-10 20:00:00,28.36266345
1,2019-09-10 21:00:00,27.6539319
1,2019-09-10 22:00:00,28.41341032
1,2019-09-10 23:00:00,29.17205713
1,2019-09-11 00:00:00,28.37452216
1,2019-09-11 01:00:00,29.20692767
1,2019-09-11 02:00:00,30.85684576
1,2019-09-11 03:00:00,29.35987465
1,2019-09-11 04:00:00,30.88815723
1,2019-09-11 05:00:00,33.19926624
1,2019-09-11 06:00:00,34.76947307
1,2019-09-11 07:00:00,43.89289227
1,2019-09-11 08:00:00,46.10279694
1,2019-09-11 09:00:00,42.84518584
1,2019-09-11 10:00:00,36.58065391
1,2019-09-11 11:00:00,34.08133889
1,2019-09-11 12:00:00,30.31867907
1,2019-09-11 13:00:00,29.3202087
1,2019-09-11 14:00:00,27.01214113
1,2019-09-11 15:00:00,27.04741758
1,2019-09-11 16:00:00,26.36939108
1,2019-09-11 17:00:00,25.78707474
1,2019-09-11 18:00:00,24.45743161
1,2019-09-11 19:00:00,23.04208711
1,2019-09-11 20:00:00,23.04476215
1,2019-09-11 21:00:00,23.8434267
1,2019-09-11 22:00:00,23.96123383
1,2019-09-11 23:00:00,23.96328928
1,2019-09-12 00:00:00,24.74726495
1,2019-09-12 01:00:00,24.02750174
1,2019-09-12 02:00:00,23.20664917
1,2019-09-12 03:00:00,23.91755151
1,2019-09-12 04:00:00,23.91135432
1,2019-09-12 05:00:00,23.87305341
1,2019-09-12 06:00:00,26.93278828
1,2019-09-12 07:00:00,32.20785656
1,2019-09-12 08:00:00,37.6794814
1,2019-09-12 09:00:00,35.35635584
1,2019-09-12 10:00:00,33.60165537
1,2019-09-12 11:00:00,28.83895571
1,2019-09-12 12:00:00,27.30427091
1,2019-09-12 13:00:00,26.58839493
1,2019-09-12 14:00:00,26.653455800000003
1,2019-09-12 15:00:00,28.70204717
1,2019-09-12 16:00:00,28.04773362
1,2019-09-12 17:00:00,25.81357148
1,2019-09-12 18:00:00,25.07965518
1,2019-09-12 19:00:00,24.33839138
1,2019-09-12 20:00:00,23.54865551
1,2019-09-12 21:00:00,24.32819972
1,2019-09-12 22:00:00,24.36784137
1,2019-09-12 23:00:00,24.4480343
1,2019-09-13 00:00:00,24.57147215
1,2019-09-13 01:00:00,23.68679047
1,2019-09-13 02:00:00,25.11860928
1,2019-09-13 03:00:00,24.34719677
1,2019-09-13 04:00:00,25.80987366
1,2019-09-13 05:00:00,25.89176294
1,2019-09-13 06:00:00,29.72903287
1,2019-09-13 07:00:00,36.36509811
1,2019-09-13 08:00:00,40.25165876
1,2019-09-13 09:00:00,37.14330717
1,2019-09-13 10:00:00,37.61828062
1,2019-09-13 11:00:00,33.736397
1,2019-09-13 12:00:00,30.7244587
1,2019-09-13 13:00:00,30.14423625
1,2019-09-13 14:00:00,30.07450019
1,2019-09-13 15:00:00,28.47576678
1,2019-09-13 16:00:00,26.97858487
1,2019-09-13 17:00:00,27.74490189
1,2019-09-13 18:00:00,23.30664684
1,2019-09-13 19:00:00,21.81123061
1,2019-09-13 20:00:00,18.02478803
1,2019-09-13 21:00:00,20.38072351
1,2019-09-13 22:00:00,22.67134937
1,2019-09-13 23:00:00,23.42275381
1,2019-09-14 00:00:00,28.60864134
1,2019-09-14 01:00:00,29.43539177
1,2019-09-14 02:00:00,24.9423763
1,2019-09-14 03:00:00,24.22334839
1,2019-09-14 04:00:00,24.9831325
1,2019-09-14 05:00:00,25.76727496
1,2019-09-14 06:00:00,26.57588636
1,2019-09-14 07:00:00,29.56194878
1,2019-09-14 08:00:00,29.53213417
1,2019-09-14 09:00:00,27.13050715
1,2019-09-14 10:00:00,24.72570293
1,2019-09-14 11:00:00,23.84515256
1,2019-09-14 12:00:00,23.16257371
1,2019-09-14 13:00:00,22.35830862
1,2019-09-14 14:00:00,21.61831979
1,2019-09-14 15:00:00,20.84142279
1,2019-09-14 16:00:00,22.38123416
1,2019-09-14 17:00:00,20.98010523
1,2019-09-14 18:00:00,20.97503387
1,2019-09-14 19:00:00,21.0783262
1,2019-09-14 20:00:00,21.80262751
1,2019-09-14 21:00:00,20.30498596
1,2019-09-14 22:00:00,21.0494409
1,2019-09-14 23:00:00,20.29563436
1,2019-09-15 00:00:00,20.291660500000006
1,2019-09-15 01:00:00,21.89727322
1,2019-09-15 02:00:00,21.85914468
1,2019-09-15 03:00:00,21.07293124
1,2019-09-15 04:00:00,21.11146037
1,2019-09-15 05:00:00,22.64946594
1,2019-09-15 06:00:00,23.40204716
1,2019-09-15 07:00:00,23.37686517
1,2019-09-15 08:00:00,22.74685667
1,2019-09-15 09:00:00,24.16612421
1,2019-09-15 10:00:00,22.56856995
1,2019-09-15 11:00:00,23.30348161
1,2019-09-15 12:00:00,21.75929487
1,2019-09-15 13:00:00,21.71851135
1,2019-09-15 14:00:00,22.39260712
1,2019-09-15 15:00:00,20.93339253
1,2019-09-15 16:00:00,21.79542755
1,2019-09-15 17:00:00,22.54731173
1,2019-09-15 18:00:00,21.84190383
1,2019-09-15 19:00:00,22.65447221
1,2019-09-15 20:00:00,22.615147600000004
1,2019-09-15 21:00:00,23.3673794
1,2019-09-15 22:00:00,22.61681438
1,2019-09-15 23:00:00,23.32652131
1,2019-09-16 00:00:00,22.61389281
1,2019-09-16 01:00:00,24.23481275
1,2019-09-16 02:00:00,25.88298119
1,2019-09-16 03:00:00,25.22437753
1,2019-09-16 04:00:00,25.99969667
1,2019-09-16 05:00:00,26.69987412
1,2019-09-16 06:00:00,28.26288319
1,2019-09-16 07:00:00,34.31056464
1,2019-09-16 08:00:00,39.31607857
1,2019-09-16 09:00:00,36.08118296
1,2019-09-16 10:00:00,34.46884247
1,2019-09-16 11:00:00,38.00797178
1,2019-09-16 12:00:00,32.83130247
1,2019-09-16 13:00:00,32.81024596
1,2019-09-16 14:00:00,32.87982459
1,2019-09-16 15:00:00,31.68788187
1,2019-09-16 16:00:00,32.4248225
1,2019-09-16 17:00:00,32.43921619
1,2019-09-16 18:00:00,30.32743092
1,2019-09-16 19:00:00,28.07004833
1,2019-09-16 20:00:00,28.12709061
1,2019-09-16 21:00:00,28.10606843
1,2019-09-16 22:00:00,28.09700122
1,2019-09-16 23:00:00,28.1852211
1,2019-09-17 00:00:00,28.36394887
1,2019-09-17 01:00:00,27.63188393
1,2019-09-17 02:00:00,29.09722929
1,2019-09-17 03:00:00,28.37437841
1,2019-09-17 04:00:00,29.07970186
1,2019-09-17 05:00:00,31.20306983
1,2019-09-17 06:00:00,34.33376372
1,2019-09-17 07:00:00,47.00781822
1,2019-09-17 09:00:00,42.17537668
1,2019-09-17 10:00:00,37.47633639
1,2019-09-17 11:00:00,36.64695482
1,2019-09-17 12:00:00,33.59979897
1,2019-09-17 13:00:00,32.05785988
1,2019-09-17 14:00:00,30.64651392
1,2019-09-17 15:00:00,30.82378803
1,2019-09-17 16:00:00,30.31141253
1,2019-09-17 17:00:00,28.98263786
1,2019-09-17 18:00:00,29.1094626
1,2019-09-17 19:00:00,27.05025243
1,2019-09-17 20:00:00,27.08344597
1,2019-09-17 21:00:00,28.57687283
1,2019-09-17 22:00:00,28.30221295
1,2019-09-17 23:00:00,26.81028125
1,2019-09-18 00:00:00,27.79670641
1,2019-09-18 01:00:00,28.75453258
1,2019-09-18 02:00:00,28.85495332
1,2019-09-18 03:00:00,31.1372512
1,2019-09-18 04:00:00,29.6707224
1,2019-09-18 05:00:00,31.94001645
1,2019-09-18 06:00:00,34.90369183
1,2019-09-18 07:00:00,44.04140186
1,2019-09-18 09:00:00,42.94259143
1,2019-09-18 10:00:00,37.54840145
1,2019-09-18 11:00:00,35.90861528
1,2019-09-18 12:00:00,32.04022046
1,2019-09-18 13:00:00,29.53406405
1,2019-09-18 14:00:00,27.47399538
1,2019-09-18 15:00:00,28.94092264
1,2019-09-18 16:00:00,28.89281063
1,2019-09-18 17:00:00,28.95102526
1,2019-09-18 18:00:00,24.51987222
1,2019-09-18 19:00:00,23.87412787
1,2019-09-18 20:00:00,23.86730909
1,2019-09-18 21:00:00,24.65547281
1,2019-09-18 22:00:00,25.51103885
1,2019-09-18 23:00:00,26.35235195
1,2019-09-19 00:00:00,25.62551922
1,2019-09-19 01:00:00,26.43816484
1,2019-09-19 02:00:00,27.92261388
1,2019-09-19 03:00:00,27.27157547
1,2019-09-19 04:00:00,28.00522263
1,2019-09-19 05:00:00,29.49908229
1,2019-09-19 06:00:00,33.27057369
1,2019-09-19 07:00:00,39.24267222
1,2019-09-19 08:00:00,40.13577466
1,2019-09-19 09:00:00,34.40573959
1,2019-09-19 10:00:00,31.0378903
1,2019-09-19 11:00:00,30.19635651
1,2019-09-19 12:00:00,30.14383164
1,2019-09-19 13:00:00,30.93507202
1,2019-09-19 14:00:00,28.60725349
1,2019-09-19 15:00:00,26.40877931
1,2019-09-19 16:00:00,26.44060135
1,2019-09-19 17:00:00,25.78741322
1,2019-09-19 18:00:00,25.12787952
1,2019-09-19 19:00:00,22.10054821
1,2019-09-19 20:00:00,22.84526116
1,2019-09-19 21:00:00,21.34787018
1,2019-09-19 22:00:00,21.3555746
1,2019-09-19 23:00:00,19.08095945
1,2019-09-20 00:00:00,18.26892354
1,2019-09-20 01:00:00,22.7901671
1,2019-09-20 02:00:00,19.7618727
1,2019-09-20 03:00:00,20.5637
1,2019-09-20 04:00:00,25.89382186
1,2019-09-20 05:00:00,23.60781664
1,2019-09-20 06:00:00,18.34217285
1,2019-09-20 07:00:00,25.93134556
1,2019-09-20 08:00:00,29.71793214
1,2019-09-20 09:00:00,29.64847136
1,2019-09-20 10:00:00,30.33198001
1,2019-09-20 11:00:00,29.49145176
1,2019-09-20 12:00:00,30.92629924
1,2019-09-20 13:00:00,30.19840222
1,2019-09-20 14:00:00,27.98740848
1,2019-09-20 15:00:00,26.37839436
1,2019-09-20 16:00:00,26.489612
1,2019-09-20 17:00:00,25.75273977
1,2019-09-20 18:00:00,24.32560031
1,2019-09-20 19:00:00,22.06891332
1,2019-09-20 20:00:00,21.3161049
1,2019-09-20 21:00:00,20.5466954
1,2019-09-20 22:00:00,16.72160873
1,2019-09-20 23:00:00,19.7432353
1,2019-09-21 00:00:00,23.50368134
1,2019-09-21 01:00:00,21.2890589
1,2019-09-21 02:00:00,15.94773071
1,2019-09-21 03:00:00,18.99982729
1,2019-09-21 04:00:00,19.00056059
1,2019-09-21 05:00:00,18.92574786
1,2019-09-21 06:00:00,19.69240233
1,2019-09-21 07:00:00,22.82149238
1,2019-09-21 08:00:00,25.08052631
1,2019-09-21 09:00:00,22.82486517
1,2019-09-21 10:00:00,18.27567568
1,2019-09-21 11:00:00,23.62887204
1,2019-09-21 12:00:00,23.75690543
1,2019-09-21 13:00:00,22.03061075
1,2019-09-21 14:00:00,16.66122115
1,2019-09-21 15:00:00,25.82182347
1,2019-09-21 16:00:00,22.86813842
1,2019-09-21 17:00:00,21.48257349
1,2019-09-21 18:00:00,23.12108931
1,2019-09-21 19:00:00,16.21854669
1,2019-09-21 20:00:00,20.07391806
1,2019-09-21 21:00:00,26.1555971
1,2019-09-21 22:00:00,23.08421276
1,2019-09-21 23:00:00,22.36145451
1,2019-09-22 00:00:00,23.93432234
1,2019-09-22 01:00:00,23.14098928
1,2019-09-22 02:00:00,22.36837003
1,2019-09-22 03:00:00,23.88442268
1,2019-09-22 04:00:00,24.76828467
1,2019-09-22 05:00:00,23.97033243
1,2019-09-22 06:00:00,26.24130902
1,2019-09-22 07:00:00,27.01359283
1,2019-09-22 08:00:00,26.24972689
1,2019-09-22 09:00:00,24.57423927
1,2019-09-22 10:00:00,22.90824252
1,2019-09-22 11:00:00,22.87314943
1,2019-09-22 12:00:00,22.87213357
1,2019-09-22 13:00:00,23.71238182
1,2019-09-22 14:00:00,22.22929889
1,2019-09-22 15:00:00,17.65730219
1,2019-09-22 16:00:00,24.71509575
1,2019-09-22 17:00:00,25.43424088
1,2019-09-22 18:00:00,22.40377899
1,2019-09-22 19:00:00,22.47555653
1,2019-09-22 20:00:00,24.06913041
1,2019-09-22 21:00:00,24.04550969
1,2019-09-22 22:00:00,23.26716528
1,2019-09-22 23:00:00,24.03839946
1,2019-09-23 00:00:00,24.1292562
1,2019-09-23 01:00:00,24.85422624
1,2019-09-23 02:00:00,24.06029552
1,2019-09-23 03:00:00,24.83053095
1,2019-09-23 04:00:00,24.8325462
1,2019-09-23 05:00:00,25.59492062
1,2019-09-23 06:00:00,28.60636902
1,2019-09-23 07:00:00,33.8700098
1,2019-09-23 08:00:00,38.51139194
1,2019-09-23 09:00:00,33.84119996
1,2019-09-23 10:00:00,32.22261448
1,2019-09-23 11:00:00,33.01447127
1,2019-09-23 12:00:00,29.96178224
1,2019-09-23 13:00:00,29.92116872
1,2019-09-23 14:00:00,29.88750585
1,2019-09-23 15:00:00,29.1097755
1,2019-09-23 16:00:00,28.028853
1,2019-09-23 17:00:00,29.46086719
1,2019-09-23 18:00:00,27.23680625
1,2019-09-23 19:00:00,25.74626479
1,2019-09-23 20:00:00,26.52124095
1,2019-09-23 21:00:00,27.23275452
1,2019-09-23 22:00:00,25.78093848
1,2019-09-23 23:00:00,25.72539209
1,2019-09-24 00:00:00,26.47472055
1,2019-09-24 01:00:00,26.45524558
1,2019-09-24 02:00:00,26.46226854
1,2019-09-24 03:00:00,26.48947309
1,2019-09-24 04:00:00,27.40446893
1,2019-09-24 05:00:00,29.7100756
1,2019-09-24 06:00:00,31.18667069
1,2019-09-24 07:00:00,35.87880603
1,2019-09-24 08:00:00,38.99951793
1,2019-09-24 09:00:00,35.3715098
1,2019-09-24 10:00:00,33.05022347
1,2019-09-24 11:00:00,31.54419652
1,2019-09-24 12:00:00,30.60701196
1,2019-09-24 13:00:00,30.54121601
1,2019-09-24 14:00:00,36.13754456
1,2019-09-24 15:00:00,35.91246185
1,2019-09-24 16:00:00,30.03946828
1,2019-09-24 17:00:00,29.28889861
1,2019-09-24 18:00:00,26.36671533
1,2019-09-24 19:00:00,21.11983612
1,2019-09-24 20:00:00,22.61642038
1,2019-09-24 21:00:00,23.39963913
1,2019-09-24 22:00:00,23.39339972
1,2019-09-24 23:00:00,23.42652598
1,2019-09-25 00:00:00,24.17002652
1,2019-09-25 01:00:00,24.21161253
1,2019-09-25 02:00:00,24.36328771
1,2019-09-25 03:00:00,24.86080029
1,2019-09-25 04:00:00,24.65672367
1,2019-09-25 05:00:00,26.33456933
1,2019-09-25 06:00:00,28.79963062
1,2019-09-25 07:00:00,30.39824957
1,2019-09-25 08:00:00,19.45234072
1,2019-09-25 09:00:00,3.902869568
1,2019-09-25 10:00:00,7.735979462
1,2019-09-25 13:00:00,33.244228
1,2019-09-25 14:00:00,30.92048986
1,2019-09-25 15:00:00,30.0256704
1,2019-09-25 16:00:00,31.68685894
1,2019-09-25 17:00:00,28.67971356
1,2019-09-25 18:00:00,21.73975842
1,2019-09-25 19:00:00,21.79653502
1,2019-09-25 20:00:00,24.08406973
1,2019-09-25 21:00:00,24.12194993
1,2019-09-25 22:00:00,25.73161768
1,2019-09-25 23:00:00,23.78524108
1,2019-09-26 00:00:00,24.73422556
1,2019-09-26 01:00:00,26.11490775
1,2019-09-26 02:00:00,25.53325676
1,2019-09-26 03:00:00,26.19912296
1,2019-09-26 04:00:00,24.69433966
1,2019-09-26 05:00:00,26.20196344
1,2019-09-26 06:00:00,27.71753089
1,2019-09-26 07:00:00,30.04274691
1,2019-09-26 08:00:00,35.22457856
1,2019-09-26 09:00:00,46.63762197
1,2019-09-26 10:00:00,38.91664497
1,2019-09-26 11:00:00,33.43432999
1,2019-09-26 12:00:00,29.50410523
1,2019-09-26 13:00:00,25.68023708
1,2019-09-26 14:00:00,25.70247752
1,2019-09-26 15:00:00,28.74973706
1,2019-09-26 16:00:00,28.15532703
1,2019-09-26 17:00:00,26.60658225
1,2019-09-26 18:00:00,25.27420028
1,2019-09-26 19:00:00,21.49486424
1,2019-09-26 20:00:00,20.76116827
1,2019-09-26 21:00:00,20.80514661
1,2019-09-26 22:00:00,23.095203
1,2019-09-26 23:00:00,20.84891737
1,2019-09-27 00:00:00,21.58433888
1,2019-09-27 01:00:00,21.59577997
1,2019-09-27 02:00:00,23.35849081
1,2019-09-27 03:00:00,20.99544374
1,2019-09-27 04:00:00,21.60752348
1,2019-09-27 05:00:00,23.09835037
1,2019-09-27 06:00:00,24.66365181
1,2019-09-27 07:00:00,29.16345025
1,2019-09-27 08:00:00,37.47785509
1,2019-09-27 09:00:00,35.90933681
1,2019-09-27 10:00:00,29.80633654
1,2019-09-27 11:00:00,29.00855531
1,2019-09-27 12:00:00,28.93041526
1,2019-09-27 13:00:00,27.30353622
1,2019-09-27 14:00:00,28.21154714
1,2019-09-27 15:00:00,24.55864412
1,2019-09-27 16:00:00,27.62653078
1,2019-09-27 17:00:00,28.38100992
1,2019-09-27 18:00:00,26.11745153
1,2019-09-27 19:00:00,25.43572554
1,2019-09-27 20:00:00,24.7189639
1,2019-09-27 21:00:00,26.18342627
1,2019-09-27 22:00:00,24.70157483
1,2019-09-27 23:00:00,24.04067291
1,2019-09-28 00:00:00,26.29392232
1,2019-09-28 01:00:00,24.80264346
1,2019-09-28 02:00:00,25.57315421
1,2019-09-28 03:00:00,26.26361195
1,2019-09-28 04:00:00,25.61472694
1,2019-09-28 05:00:00,26.26758962
1,2019-09-28 06:00:00,26.41796597
1,2019-09-28 07:00:00,28.56831321
1,2019-09-28 08:00:00,29.33963379
1,2019-09-28 09:00:00,28.40186169
1,2019-09-28 10:00:00,27.55482219
1,2019-09-28 11:00:00,25.90941992
1,2019-09-28 12:00:00,25.22031241
1,2019-09-28 13:00:00,25.92371745
1,2019-09-28 14:00:00,25.07369654
1,2019-09-28 15:00:00,24.41145573
1,2019-09-28 16:00:00,22.96554127
1,2019-09-28 17:00:00,24.49993897
1,2019-09-28 18:00:00,23.88359857
1,2019-09-28 19:00:00,22.43638022
1,2019-09-28 20:00:00,23.97766455
1,2019-09-28 21:00:00,24.754537300000006
1,2019-09-28 22:00:00,24.77356375
1,2019-09-28 23:00:00,25.53990506
1,2019-09-29 00:00:00,24.66936404
1,2019-09-29 01:00:00,25.48768763
1,2019-09-29 02:00:00,24.78260605
1,2019-09-29 03:00:00,26.27213909
1,2019-09-29 04:00:00,25.45497558
1,2019-09-29 05:00:00,24.70917592
1,2019-09-29 06:00:00,26.1552574
1,2019-09-29 07:00:00,26.14624231
1,2019-09-29 08:00:00,26.17688576
1,2019-09-29 09:00:00,25.28860253
1,2019-09-29 10:00:00,26.06560655
1,2019-09-29 11:00:00,23.70429787
1,2019-09-29 12:00:00,24.49283203
1,2019-09-29 13:00:00,23.58095862
1,2019-09-29 14:00:00,22.03181543
1,2019-09-29 15:00:00,22.0953478
1,2019-09-29 16:00:00,22.14200348
1,2019-09-29 17:00:00,23.76682111
1,2019-09-29 18:00:00,21.57151697
1,2019-09-29 19:00:00,23.79168232
1,2019-09-29 20:00:00,23.07541789
1,2019-09-29 21:00:00,25.43917566
1,2019-09-29 22:00:00,23.824732
1,2019-09-29 23:00:00,23.88287287
1,2019-09-30 00:00:00,24.64692417
1,2019-09-30 01:00:00,23.87277842
1,2019-09-30 02:00:00,25.39162815
1,2019-09-30 03:00:00,23.88374567
1,2019-09-30 04:00:00,23.8756299
1,2019-09-30 05:00:00,26.94383417
1,2019-09-30 06:00:00,26.19719191
1,2019-09-30 07:00:00,36.80099543
1,2019-09-30 08:00:00,43.60443814
1,2019-09-30 09:00:00,37.53551325
1,2019-09-30 10:00:00,35.19422897
1,2019-09-30 11:00:00,31.80600339
1,2019-09-30 12:00:00,31.42241335
1,2019-09-30 13:00:00,30.69188628
1,2019-09-30 14:00:00,32.11522043
1,2019-09-30 15:00:00,29.97252503
1,2019-09-30 16:00:00,29.23426872
1,2019-09-30 17:00:00,25.52874798
1,2019-09-30 18:00:00,23.39664606
1,2019-09-30 19:00:00,24.22630115
1,2019-09-30 20:00:00,23.47717069
1,2019-09-30 21:00:00,24.22994091
1,2019-09-30 22:00:00,24.26525441
1,2019-09-30 23:00:00,25.80623322
1,2019-10-01 00:00:00,25.10831948
1,2019-10-01 01:00:00,25.50407592
1,2019-10-01 02:00:00,27.07428604
1,2019-10-01 03:00:00,27.08202675
1,2019-10-01 04:00:00,27.89703922
1,2019-10-01 05:00:00,28.658741
1,2019-10-01 06:00:00,32.53993006
1,2019-10-01 08:00:00,44.50130466
1,2019-10-01 09:00:00,36.71529419
1,2019-10-01 10:00:00,35.65932520000001
1,2019-10-01 11:00:00,31.75092423
1,2019-10-01 12:00:00,28.69491575
1,2019-10-01 13:00:00,25.59226765
1,2019-10-01 14:00:00,27.21615817
1,2019-10-01 15:00:00,26.52167711
1,2019-10-01 16:00:00,26.62980092
1,2019-10-01 17:00:00,25.79937799
1,2019-10-01 18:00:00,23.58580698
1,2019-10-01 19:00:00,20.67774742
1,2019-10-01 20:00:00,19.21475198
1,2019-10-01 21:00:00,20.71612817
1,2019-10-01 22:00:00,21.54969667
1,2019-10-01 23:00:00,22.30887136
1,2019-10-02 00:00:00,22.35237565
1,2019-10-02 01:00:00,23.14890492
1,2019-10-02 02:00:00,23.87215553
1,2019-10-02 03:00:00,23.93994386
1,2019-10-02 04:00:00,23.92324403
1,2019-10-02 05:00:00,26.19565405
1,2019-10-02 06:00:00,27.77195975
1,2019-10-02 07:00:00,30.18362181
1,2019-10-02 08:00:00,45.46990101
1,2019-10-02 09:00:00,34.47614822
1,2019-10-02 10:00:00,25.72621689
1,2019-10-02 11:00:00,26.32473124
1,2019-10-02 12:00:00,25.56138372
1,2019-10-02 13:00:00,26.33594367
1,2019-10-02 14:00:00,25.65673378
1,2019-10-02 15:00:00,25.70223542
1,2019-10-02 16:00:00,24.96919162
1,2019-10-02 17:00:00,25.05609007
1,2019-10-02 18:00:00,23.61626436
1,2019-10-02 19:00:00,19.91820145
1,2019-10-02 20:00:00,19.22104549
1,2019-10-02 21:00:00,20.02703467
1,2019-10-02 22:00:00,18.51839143
1,2019-10-02 23:00:00,17.72132041
1,2019-10-03 00:00:00,19.31648117
1,2019-10-03 01:00:00,19.34128367
1,2019-10-03 02:00:00,20.10895167
1,2019-10-03 03:00:00,20.04111704
1,2019-10-03 04:00:00,20.8632177
1,2019-10-03 05:00:00,22.34520624
1,2019-10-03 06:00:00,26.16734283
1,2019-10-03 07:00:00,27.60355276
1,2019-10-03 08:00:00,27.35267038
1,2019-10-03 09:00:00,27.12764706
1,2019-10-03 10:00:00,26.15934167
1,2019-10-03 11:00:00,25.34797789
1,2019-10-03 12:00:00,26.06948959
1,2019-10-03 13:00:00,26.03240024
1,2019-10-03 14:00:00,25.3847029
1,2019-10-03 15:00:00,21.7638315
1,2019-10-03 16:00:00,24.92468884
1,2019-10-03 17:00:00,22.65410341
1,2019-10-03 18:00:00,20.52096557
1,2019-10-03 19:00:00,19.02092934
1,2019-10-03 20:00:00,19.81336702
1,2019-10-03 21:00:00,19.05249426
1,2019-10-03 22:00:00,18.32952536
1,2019-10-03 23:00:00,19.88049696
1,2019-10-04 00:00:00,19.12834784
1,2019-10-04 01:00:00,19.01493608
1,2019-10-04 02:00:00,19.81001988
1,2019-10-04 03:00:00,19.08064179
1,2019-10-04 04:00:00,19.06575678
1,2019-10-04 05:00:00,19.87858471
1,2019-10-04 06:00:00,19.85439139
1,2019-10-04 07:00:00,24.41023726
1,2019-10-04 08:00:00,27.47709041
1,2019-10-04 09:00:00,27.45637207
1,2019-10-04 10:00:00,25.95051972
1,2019-10-04 11:00:00,22.06342533
1,2019-10-04 12:00:00,15.83662632
1,2019-10-04 13:00:00,36.43475603
1,2019-10-04 14:00:00,34.29367574
1,2019-10-04 15:00:00,25.21026223
1,2019-10-04 16:00:00,23.71563633
1,2019-10-04 17:00:00,26.02483632
1,2019-10-04 18:00:00,25.31711502
1,2019-10-04 19:00:00,23.01230461
1,2019-10-04 20:00:00,23.79750293
1,2019-10-04 21:00:00,22.28119376
1,2019-10-04 22:00:00,22.32272512
1,2019-10-04 23:00:00,22.25654334
1,2019-10-05 00:00:00,22.25569009
1,2019-10-05 01:00:00,22.24216444
1,2019-10-05 02:00:00,23.03539576
1,2019-10-05 03:00:00,22.20459549
1,2019-10-05 04:00:00,23.12140198
1,2019-10-05 05:00:00,23.85966719
1,2019-10-05 06:00:00,24.67150517
1,2019-10-05 07:00:00,25.33823414
1,2019-10-05 08:00:00,25.33938076
1,2019-10-05 09:00:00,24.46609875
1,2019-10-05 10:00:00,21.97191233
1,2019-10-05 11:00:00,20.33446227
1,2019-10-05 12:00:00,20.31818015
1,2019-10-05 13:00:00,18.86368543
1,2019-10-05 14:00:00,18.84907471
1,2019-10-05 15:00:00,17.32918286
1,2019-10-05 16:00:00,19.59593971
1,2019-10-05 17:00:00,18.92072109
1,2019-10-05 18:00:00,18.22824646
1,2019-10-05 19:00:00,17.46778687
1,2019-10-05 20:00:00,17.46720078
1,2019-10-05 21:00:00,16.78366958
1,2019-10-05 22:00:00,17.46746223
1,2019-10-05 23:00:00,17.43038773
1,2019-10-06 00:00:00,16.59485095
1,2019-10-06 01:00:00,17.36029238
1,2019-10-06 02:00:00,16.56029436
1,2019-10-06 03:00:00,16.53378508
1,2019-10-06 04:00:00,15.78530382
1,2019-10-06 05:00:00,16.56914429
1,2019-10-06 06:00:00,15.77638939
1,2019-10-06 07:00:00,16.53319931
1,2019-10-06 08:00:00,16.53246254
1,2019-10-06 09:00:00,17.26037014
1,2019-10-06 10:00:00,17.20471382
1,2019-10-06 11:00:00,17.13811054
1,2019-10-06 12:00:00,17.96471857
1,2019-10-06 13:00:00,18.696385600000006
1,2019-10-06 14:00:00,17.29428886
1,2019-10-06 15:00:00,18.04786318
1,2019-10-06 16:00:00,17.31520739
1,2019-10-06 17:00:00,17.40979386
1,2019-10-06 18:00:00,17.45855169
1,2019-10-06 19:00:00,18.2290155
1,2019-10-06 20:00:00,18.99523926
1,2019-10-06 21:00:00,16.72977132
1,2019-10-06 22:00:00,18.26067149
1,2019-10-06 23:00:00,16.78439836
1,2019-10-07 00:00:00,17.57076354
1,2019-10-07 01:00:00,19.0915164
1,2019-10-07 02:00:00,18.33655281
1,2019-10-07 03:00:00,18.35933035
1,2019-10-07 04:00:00,19.08479166
1,2019-10-07 05:00:00,19.89012676
1,2019-10-07 06:00:00,25.9400286
1,2019-10-07 07:00:00,23.6279077
1,2019-10-07 08:00:00,31.99442093
1,2019-10-07 09:00:00,34.79465891
1,2019-10-07 10:00:00,26.45514677
1,2019-10-07 11:00:00,24.0967732
1,2019-10-07 12:00:00,22.64877301
1,2019-10-07 13:00:00,31.59194238
1,2019-10-07 14:00:00,22.64775446
1,2019-10-07 15:00:00,23.44000285
1,2019-10-07 16:00:00,22.72623557
1,2019-10-07 17:00:00,22.16055885
1,2019-10-07 18:00:00,20.57257834
1,2019-10-07 19:00:00,22.12203216
1,2019-10-07 20:00:00,21.4375033
1,2019-10-07 21:00:00,20.65508044
1,2019-10-07 22:00:00,20.65277499
1,2019-10-07 23:00:00,21.41536721
1,2019-10-08 00:00:00,20.69541022
1,2019-10-08 01:00:00,21.50189973
1,2019-10-08 02:00:00,21.5527758
1,2019-10-08 03:00:00,20.70932654
1,2019-10-08 04:00:00,21.46249736
1,2019-10-08 05:00:00,23.74619879
1,2019-10-08 06:00:00,33.53139819
1,2019-10-08 07:00:00,38.84746974
1,2019-10-08 08:00:00,33.58404593
1,2019-10-08 09:00:00,30.46522821
1,2019-10-08 10:00:00,33.37928597
1,2019-10-08 11:00:00,31.78603159
1,2019-10-08 12:00:00,29.51950769
1,2019-10-08 13:00:00,29.53126526
1,2019-10-08 14:00:00,29.60312318
1,2019-10-08 15:00:00,28.20228442
1,2019-10-08 16:00:00,28.23604478
1,2019-10-08 17:00:00,26.81027372
1,2019-10-08 18:00:00,24.56629448
1,2019-10-08 19:00:00,25.36596917
1,2019-10-08 20:00:00,25.60690833
1,2019-10-08 21:00:00,25.48620161
1,2019-10-08 22:00:00,24.69656588
1,2019-10-08 23:00:00,24.66837124
1,2019-10-09 00:00:00,23.94251318
1,2019-10-09 01:00:00,24.63437819
1,2019-10-09 02:00:00,24.65518123
1,2019-10-09 03:00:00,23.90334368
1,2019-10-09 04:00:00,24.63140991
1,2019-10-09 05:00:00,28.49611927
1,2019-10-09 06:00:00,35.37290181
1,2019-10-09 07:00:00,38.45124163
1,2019-10-09 08:00:00,36.95799037
1,2019-10-09 09:00:00,33.06506441
1,2019-10-09 10:00:00,33.52531757
1,2019-10-09 11:00:00,37.27608092
1,2019-10-09 12:00:00,31.8509816
1,2019-10-09 13:00:00,19.8311235
1,2019-10-09 14:00:00,37.90024371
1,2019-10-09 15:00:00,33.47183556
1,2019-10-09 16:00:00,27.4329272
1,2019-10-09 17:00:00,25.11170753
1,2019-10-09 18:00:00,23.62695776
1,2019-10-09 19:00:00,25.19906445
1,2019-10-09 20:00:00,24.46739065
1,2019-10-09 21:00:00,25.18935902
1,2019-10-09 22:00:00,24.49193092
1,2019-10-09 23:00:00,23.81246507
1,2019-10-10 00:00:00,24.61241617
1,2019-10-10 01:00:00,25.37756078
1,2019-10-10 02:00:00,23.90312782
1,2019-10-10 03:00:00,24.64636501
1,2019-10-10 04:00:00,25.41101111
1,2019-10-10 05:00:00,26.86814718
1,2019-10-10 06:00:00,33.7189035
1,2019-10-10 07:00:00,36.79282578
1,2019-10-10 08:00:00,34.42171115
1,2019-10-10 09:00:00,33.66703602
1,2019-10-10 10:00:00,33.58173309
1,2019-10-10 11:00:00,32.02920731
1,2019-10-10 12:00:00,29.67401762
1,2019-10-10 13:00:00,29.58406754
1,2019-10-10 14:00:00,28.10789473
1,2019-10-10 15:00:00,28.88615156
1,2019-10-10 16:00:00,28.17597059
1,2019-10-10 17:00:00,26.72978858
1,2019-10-10 18:00:00,25.24160861
1,2019-10-10 19:00:00,24.53816265
1,2019-10-10 20:00:00,25.33440434
1,2019-10-10 21:00:00,26.89860932
1,2019-10-10 22:00:00,25.39409431
1,2019-10-10 23:00:00,25.39019883
1,2019-10-11 00:00:00,25.33218386
1,2019-10-11 01:00:00,26.0071441
1,2019-10-11 02:00:00,25.23741547
1,2019-10-11 03:00:00,26.03575659
1,2019-10-11 04:00:00,27.52993816
1,2019-10-11 05:00:00,28.30262631
1,2019-10-11 06:00:00,34.38491689
1,2019-10-11 07:00:00,38.97658035
1,2019-10-11 08:00:00,35.97990425
1,2019-10-11 09:00:00,34.43950102
1,2019-10-11 10:00:00,31.97254411
1,2019-10-11 11:00:00,28.85105786
1,2019-10-11 12:00:00,28.7489605
1,2019-10-11 13:00:00,27.30109494
1,2019-10-11 14:00:00,27.38013668
1,2019-10-11 15:00:00,25.88260031
1,2019-10-11 16:00:00,24.4631032
1,2019-10-11 17:00:00,24.49553302
1,2019-10-11 18:00:00,22.26475317
1,2019-10-11 19:00:00,23.83397445
1,2019-10-11 20:00:00,23.86465686
1,2019-10-11 21:00:00,23.86864472
1,2019-10-11 22:00:00,23.90275342
1,2019-10-11 23:00:00,23.13092772
1,2019-10-12 00:00:00,23.96508456
1,2019-10-12 01:00:00,24.70882153
1,2019-10-12 02:00:00,24.73951847
1,2019-10-12 03:00:00,25.4728252
1,2019-10-12 04:00:00,24.73029905
1,2019-10-12 05:00:00,25.46685089
1,2019-10-12 06:00:00,26.97536425
1,2019-10-12 07:00:00,27.60368515
1,2019-10-12 08:00:00,25.34156545
1,2019-10-12 09:00:00,23.6674276
1,2019-10-12 10:00:00,22.07477197
1,2019-10-12 11:00:00,22.77291776
1,2019-10-12 12:00:00,21.98137712
1,2019-10-12 13:00:00,20.45896667
1,2019-10-12 14:00:00,21.9418936
1,2019-10-12 15:00:00,16.68257008
1,2019-10-12 16:00:00,22.01402197
1,2019-10-12 17:00:00,19.77482795
1,2019-10-12 18:00:00,20.5881843
1,2019-10-12 19:00:00,27.4256543
1,2019-10-12 20:00:00,22.09835422
1,2019-10-12 21:00:00,16.78493415
1,2019-10-12 22:00:00,25.17080775
1,2019-10-12 23:00:00,24.51357754
1,2019-10-13 00:00:00,23.6774674
1,2019-10-13 01:00:00,22.97264684
1,2019-10-13 02:00:00,23.76116991
1,2019-10-13 03:00:00,23.77441705
1,2019-10-13 04:00:00,24.49178999
1,2019-10-13 05:00:00,24.48947468
1,2019-10-13 06:00:00,26.00910591
1,2019-10-13 07:00:00,25.9322029
1,2019-10-13 08:00:00,22.82002117
1,2019-10-13 09:00:00,19.66677312
1,2019-10-13 10:00:00,18.86796426
1,2019-10-13 11:00:00,24.82702943
1,2019-10-13 12:00:00,18.03203058
1,2019-10-13 13:00:00,19.51253559
1,2019-10-13 14:00:00,19.43789648
1,2019-10-13 15:00:00,19.48436719
1,2019-10-13 16:00:00,19.54134103
1,2019-10-13 17:00:00,18.81532116
1,2019-10-13 18:00:00,18.89735268
1,2019-10-13 19:00:00,22.83796723
1,2019-10-13 20:00:00,19.06803322
1,2019-10-13 21:00:00,18.34355071
1,2019-10-13 22:00:00,19.01849276
1,2019-10-13 23:00:00,22.8634574
1,2019-10-14 00:00:00,22.84596863
1,2019-10-14 01:00:00,17.54727676
1,2019-10-14 02:00:00,17.62511876
1,2019-10-14 03:00:00,19.09197475
1,2019-10-14 04:00:00,22.90757156
1,2019-10-14 05:00:00,26.66575451
1,2019-10-14 06:00:00,27.41907904
1,2019-10-14 07:00:00,28.8638773
1,2019-10-14 08:00:00,26.56311712
1,2019-10-14 09:00:00,26.52126819
1,2019-10-14 10:00:00,25.80083455
1,2019-10-14 11:00:00,26.42512965
1,2019-10-14 12:00:00,27.75883465
1,2019-10-14 13:00:00,26.21533048
1,2019-10-14 14:00:00,26.9321489
1,2019-10-14 15:00:00,26.28034601
1,2019-10-14 16:00:00,25.67243848
1,2019-10-14 17:00:00,23.53876935
1,2019-10-14 18:00:00,17.51360454
1,2019-10-14 19:00:00,19.90853641
1,2019-10-14 20:00:00,25.12920669
1,2019-10-14 21:00:00,22.06006538
1,2019-10-14 22:00:00,15.97259949
1,2019-10-14 23:00:00,18.25237061
1,2019-10-15 00:00:00,25.11488274
1,2019-10-15 01:00:00,20.59509593
1,2019-10-15 02:00:00,17.56800158
1,2019-10-15 03:00:00,19.83751661
1,2019-10-15 04:00:00,24.41813928
1,2019-10-15 05:00:00,23.62407478
1,2019-10-15 06:00:00,27.37912087
1,2019-10-15 07:00:00,29.67613076
1,2019-10-15 08:00:00,29.70937757
1,2019-10-15 09:00:00,28.27129175
1,2019-10-15 10:00:00,28.91281002
1,2019-10-15 11:00:00,26.52090147
1,2019-10-15 12:00:00,26.39205517
1,2019-10-15 13:00:00,27.08700011
1,2019-10-15 14:00:00,24.85474644
1,2019-10-15 15:00:00,26.36138809
1,2019-10-15 16:00:00,23.44780425
1,2019-10-15 17:00:00,22.76677303
1,2019-10-15 18:00:00,17.54137669
1,2019-10-15 19:00:00,19.02016569
1,2019-10-15 20:00:00,25.97165934
1,2019-10-15 21:00:00,20.64543777
1,2019-10-15 22:00:00,17.56419954
1,2019-10-15 23:00:00,18.22642456
1,2019-10-16 00:00:00,19.74854645
1,2019-10-16 01:00:00,19.82293526
1,2019-10-16 02:00:00,22.83727553
1,2019-10-16 03:00:00,22.86254264
1,2019-10-16 04:00:00,21.35245406
1,2019-10-16 05:00:00,17.51587564
1,2019-10-16 06:00:00,29.59347137
1,2019-10-16 07:00:00,31.09278711
1,2019-10-16 08:00:00,28.10184337
1,2019-10-16 09:00:00,27.27927257
1,2019-10-16 10:00:00,28.04564974
1,2019-10-16 11:00:00,26.539281
1,2019-10-16 12:00:00,26.39451878
1,2019-10-16 13:00:00,25.61605463
1,2019-10-16 14:00:00,24.8771527
1,2019-10-16 15:00:00,24.90370497
1,2019-10-16 16:00:00,24.22237833
1,2019-10-16 17:00:00,22.82789178
1,2019-10-16 18:00:00,19.01272965
1,2019-10-16 19:00:00,19.81019504
1,2019-10-16 20:00:00,25.16375529
1,2019-10-16 21:00:00,22.92842495
1,2019-10-16 22:00:00,22.21432303
1,2019-10-16 23:00:00,22.95276726
1,2019-10-17 00:00:00,22.92029582
1,2019-10-17 01:00:00,22.18564636
1,2019-10-17 02:00:00,22.14880481
1,2019-10-17 03:00:00,22.94976044
1,2019-10-17 04:00:00,22.15233202
1,2019-10-17 05:00:00,25.18266185
1,2019-10-17 06:00:00,31.2668859
1,2019-10-17 07:00:00,35.75823333
1,2019-10-17 08:00:00,33.62905555
1,2019-10-17 09:00:00,32.86838417
1,2019-10-17 10:00:00,32.83785986
1,2019-10-17 11:00:00,29.65079648
1,2019-10-17 12:00:00,29.830863800000003
1,2019-10-17 13:00:00,31.27832433
1,2019-10-17 14:00:00,30.4914796
1,2019-10-17 15:00:00,28.16532385
1,2019-10-17 16:00:00,25.968375
1,2019-10-17 17:00:00,26.00041655
1,2019-10-17 18:00:00,22.88400627
1,2019-10-17 19:00:00,23.62924718
1,2019-10-17 20:00:00,23.65778951
1,2019-10-17 21:00:00,23.65287954
1,2019-10-17 22:00:00,23.63961843
1,2019-10-17 23:00:00,23.69623956
1,2019-10-18 00:00:00,22.95495844
1,2019-10-18 01:00:00,23.72976114
1,2019-10-18 02:00:00,23.76566309
1,2019-10-18 03:00:00,24.56922867
1,2019-10-18 04:00:00,24.60945457
1,2019-10-18 05:00:00,29.17597584
1,2019-10-18 06:00:00,37.41094518
1,2019-10-18 07:00:00,38.10467892
1,2019-10-18 08:00:00,34.37975216
1,2019-10-18 09:00:00,34.15566067
1,2019-10-18 10:00:00,30.14415511
1,2019-10-18 11:00:00,27.16048167
1,2019-10-18 12:00:00,27.89497348
1,2019-10-18 13:00:00,27.16098676
1,2019-10-18 14:00:00,25.62057678
1,2019-10-18 15:00:00,23.29661902
1,2019-10-18 16:00:00,23.30190711
1,2019-10-18 17:00:00,21.84178333
1,2019-10-18 18:00:00,17.30422971
1,2019-10-18 19:00:00,19.68525477
1,2019-10-18 20:00:00,23.58683456
1,2019-10-18 21:00:00,22.88837326
1,2019-10-18 22:00:00,22.13409869
1,2019-10-18 23:00:00,23.61478385
1,2019-10-19 00:00:00,24.39864986
1,2019-10-19 01:00:00,22.92550361
1,2019-10-19 02:00:00,22.18044449
1,2019-10-19 03:00:00,22.9157091
1,2019-10-19 04:00:00,22.98777402
1,2019-10-19 05:00:00,24.6329738
1,2019-10-19 06:00:00,26.16859034
1,2019-10-19 07:00:00,27.61692233
1,2019-10-19 08:00:00,26.1083175
1,2019-10-19 09:00:00,25.25835136
1,2019-10-19 10:00:00,24.53281006
1,2019-10-19 11:00:00,24.49724908
1,2019-10-19 12:00:00,22.14502409
1,2019-10-19 13:00:00,22.87808969
1,2019-10-19 14:00:00,22.86524438
1,2019-10-19 15:00:00,22.93358446
1,2019-10-19 16:00:00,22.91956042
1,2019-10-19 17:00:00,24.54012502
1,2019-10-19 18:00:00,22.96601846
1,2019-10-19 19:00:00,23.03835912
1,2019-10-19 20:00:00,24.47640978
1,2019-10-19 21:00:00,24.47452791
1,2019-10-19 22:00:00,24.45353079
1,2019-10-19 23:00:00,25.28579142
1,2019-10-20 00:00:00,24.44523463
1,2019-10-20 01:00:00,25.22806125
1,2019-10-20 02:00:00,25.29112371
1,2019-10-20 03:00:00,25.22979886
1,2019-10-20 04:00:00,24.45980889
1,2019-10-20 05:00:00,26.06391101
1,2019-10-20 06:00:00,25.96900548
1,2019-10-20 07:00:00,25.27392807
1,2019-10-20 08:00:00,25.11315869
1,2019-10-20 09:00:00,23.5494749
1,2019-10-20 10:00:00,24.2207477
1,2019-10-20 11:00:00,19.68021177
1,2019-10-20 12:00:00,19.64047436
1,2019-10-20 13:00:00,21.21354504
1,2019-10-20 14:00:00,24.1710207
1,2019-10-20 15:00:00,22.64659687
1,2019-10-20 16:00:00,23.5036732
1,2019-10-20 17:00:00,22.75613897
1,2019-10-20 18:00:00,24.33240234
1,2019-10-20 19:00:00,23.58081299
1,2019-10-20 20:00:00,23.60916192
1,2019-10-20 21:00:00,22.81567691
1,2019-10-20 22:00:00,22.80831728
1,2019-10-20 23:00:00,22.12115964
1,2019-10-21 00:00:00,22.87284468
1,2019-10-21 01:00:00,22.1180159
1,2019-10-21 02:00:00,23.62451593
1,2019-10-21 03:00:00,22.96700265
1,2019-10-21 04:00:00,22.98262373
1,2019-10-21 05:00:00,26.69765121
1,2019-10-21 06:00:00,33.44695557
1,2019-10-21 07:00:00,35.6889455
1,2019-10-21 08:00:00,36.51856795
1,2019-10-21 09:00:00,33.34926453
1,2019-10-21 10:00:00,32.52727182
1,2019-10-21 11:00:00,29.32487105
1,2019-10-21 12:00:00,28.55487103
1,2019-10-21 13:00:00,27.07447446
1,2019-10-21 14:00:00,27.81471397
1,2019-10-21 15:00:00,25.61462482
1,2019-10-21 16:00:00,25.6511528
1,2019-10-21 17:00:00,23.55488579
1,2019-10-21 18:00:00,17.52722549
1,2019-10-21 19:00:00,19.04594853
1,2019-10-21 20:00:00,26.85998526
1,2019-10-21 21:00:00,23.81892681
1,2019-10-21 22:00:00,23.03077867
1,2019-10-21 23:00:00,22.95716574
1,2019-10-22 00:00:00,22.27520474
1,2019-10-22 01:00:00,22.25236284
1,2019-10-22 02:00:00,21.4775083
1,2019-10-22 03:00:00,23.08345091
1,2019-10-22 04:00:00,22.2589706
1,2019-10-22 05:00:00,25.26575674
1,2019-10-22 06:00:00,29.85256213
1,2019-10-22 07:00:00,32.86720607
1,2019-10-22 08:00:00,31.99220673
1,2019-10-22 09:00:00,31.06327386
1,2019-10-22 10:00:00,27.8551377
1,2019-10-22 11:00:00,26.32443399
1,2019-10-22 12:00:00,26.23583429
1,2019-10-22 13:00:00,23.96544295
1,2019-10-22 14:00:00,26.169064
1,2019-10-22 15:00:00,26.26985059
1,2019-10-22 16:00:00,25.57201767
1,2019-10-22 17:00:00,22.5960766
1,2019-10-22 18:00:00,17.41449674
1,2019-10-22 19:00:00,19.04852323
1,2019-10-22 20:00:00,24.39755615
1,2019-10-22 21:00:00,16.81433288
1,2019-10-22 22:00:00,19.10565727
1,2019-10-22 23:00:00,20.62065572
1,2019-10-23 00:00:00,22.17357092
1,2019-10-23 01:00:00,25.95101677
1,2019-10-23 02:00:00,24.43350452
1,2019-10-23 03:00:00,22.22968088
1,2019-10-23 04:00:00,23.75036716
1,2019-10-23 05:00:00,26.75277075
1,2019-10-23 06:00:00,32.03472998
1,2019-10-23 07:00:00,33.44163147
1,2019-10-23 08:00:00,31.04940022
1,2019-10-23 09:00:00,30.13681935
1,2019-10-23 10:00:00,30.63741056
1,2019-10-23 11:00:00,29.05233714
1,2019-10-23 12:00:00,29.04198357
1,2019-10-23 13:00:00,30.53489075
1,2019-10-23 14:00:00,30.40258418
1,2019-10-23 15:00:00,29.08687769
1,2019-10-23 16:00:00,29.05647051
1,2019-10-23 17:00:00,25.4595674
1,2019-10-23 18:00:00,24.09669727
1,2019-10-23 19:00:00,21.93150586
1,2019-10-23 20:00:00,19.04756165
1,2019-10-23 21:00:00,16.76143631
1,2019-10-23 22:00:00,17.55740088
1,2019-10-23 23:00:00,18.3813132
1,2019-10-24 00:00:00,17.65283667
1,2019-10-24 01:00:00,18.42330609
1,2019-10-24 02:00:00,18.40329205
1,2019-10-24 03:00:00,20.76658088
1,2019-10-24 04:00:00,19.22637281
1,2019-10-24 05:00:00,26.00361324
1,2019-10-24 06:00:00,32.78788664
1,2019-10-24 07:00:00,26.58267014
1,2019-10-24 08:00:00,22.64624481
1,2019-10-24 09:00:00,41.15677147
1,2019-10-24 10:00:00,39.36839241
1,2019-10-24 11:00:00,34.79093222
1,2019-10-24 12:00:00,34.01023673
1,2019-10-24 13:00:00,33.18018757
1,2019-10-24 14:00:00,33.9661099
1,2019-10-24 15:00:00,32.580221
1,2019-10-24 16:00:00,33.35413222
1,2019-10-24 17:00:00,28.31481894
1,2019-10-24 18:00:00,22.35609448
1,2019-10-24 19:00:00,22.50882263
1,2019-10-24 20:00:00,21.81802463
1,2019-10-24 21:00:00,21.78652694
1,2019-10-24 22:00:00,20.30262321
1,2019-10-24 23:00:00,20.28031208
1,2019-10-25 00:00:00,19.53327774
1,2019-10-25 01:00:00,20.24034694
1,2019-10-25 02:00:00,19.46958789
1,2019-10-25 03:00:00,20.14690037
1,2019-10-25 04:00:00,21.54440051
1,2019-10-25 05:00:00,21.62931519
1,2019-10-25 06:00:00,25.43881789
1,2019-10-25 07:00:00,27.84879904
1,2019-10-25 08:00:00,25.67850768
1,2019-10-25 09:00:00,24.19693319
1,2019-10-25 10:00:00,27.19735603
1,2019-10-25 11:00:00,25.66225147
1,2019-10-25 12:00:00,24.11017033
1,2019-10-25 13:00:00,26.25923099
1,2019-10-25 14:00:00,28.47371182
1,2019-10-25 15:00:00,28.52283282
1,2019-10-25 16:00:00,26.37930852
1,2019-10-25 17:00:00,24.11562082
1,2019-10-25 18:00:00,20.37130229
1,2019-10-25 19:00:00,18.93577405
1,2019-10-25 20:00:00,19.02232947
1,2019-10-25 21:00:00,10.68870606
1,2019-10-26 00:00:00,12.8645518
1,2019-10-26 01:00:00,31.26945606
1,2019-10-26 02:00:00,39.52617986
1,2019-10-26 03:00:00,20.61799325
1,2019-10-26 04:00:00,16.93497102
1,2019-10-26 05:00:00,18.47071942
1,2019-10-26 06:00:00,20.68216581
1,2019-10-26 07:00:00,21.40493146
1,2019-10-26 08:00:00,22.84279619
1,2019-10-26 09:00:00,20.534263
1,2019-10-26 10:00:00,21.21560726
1,2019-10-26 11:00:00,20.46861832
1,2019-10-26 12:00:00,19.90803626
1,2019-10-26 13:00:00,22.75365624
1,2019-10-26 14:00:00,20.58166832
1,2019-10-26 15:00:00,19.79717813
1,2019-10-26 16:00:00,18.99838921
1,2019-10-26 17:00:00,19.80081497
1,2019-10-26 18:00:00,19.82817978
1,2019-10-26 19:00:00,20.66778744
1,2019-10-26 20:00:00,20.61825741
1,2019-10-26 21:00:00,20.71598939
1,2019-10-26 22:00:00,20.72979721
1,2019-10-26 23:00:00,21.44730528
1,2019-10-27 00:00:00,20.6878971
1,2019-10-27 01:00:00,19.99681754
1,2019-10-27 02:00:00,20.70832942
1,2019-10-27 03:00:00,21.41396568
1,2019-10-27 04:00:00,22.27007336
1,2019-10-27 05:00:00,20.84015623
1,2019-10-27 06:00:00,22.26146892
1,2019-10-27 07:00:00,22.16349353
1,2019-10-27 08:00:00,24.36706787
1,2019-10-27 09:00:00,21.22272956
1,2019-10-27 10:00:00,20.53260527
1,2019-10-27 11:00:00,19.75467409
1,2019-10-27 12:00:00,19.76765057
1,2019-10-27 13:00:00,19.034292
1,2019-10-27 14:00:00,19.80296587
1,2019-10-27 15:00:00,19.03974419
1,2019-10-27 16:00:00,16.05507774
1,2019-10-27 18:00:00,18.26423397
1,2019-10-27 19:00:00,38.63120929
1,2019-10-27 20:00:00,27.44253754
1,2019-10-27 21:00:00,19.04679298
1,2019-10-27 22:00:00,5.37142852
1,2019-10-28 01:00:00,46.78535263
1,2019-10-28 02:00:00,44.65809946
1,2019-10-28 03:00:00,23.5913711
1,2019-10-28 04:00:00,17.527949800000002
1,2019-10-28 05:00:00,20.60644442
1,2019-10-28 06:00:00,26.65845964
1,2019-10-28 07:00:00,29.63696342
1,2019-10-28 08:00:00,29.47978176
1,2019-10-28 09:00:00,29.48232825
1,2019-10-28 10:00:00,27.826462100000004
1,2019-10-28 11:00:00,26.97056079
1,2019-10-28 12:00:00,26.20777863
1,2019-10-28 13:00:00,26.10291706
1,2019-10-28 14:00:00,28.40492667
1,2019-10-28 15:00:00,27.64170557
1,2019-10-28 16:00:00,25.46697702
1,2019-10-28 17:00:00,22.49485634
1,2019-10-28 18:00:00,19.6325733
1,2019-10-28 19:00:00,19.70477778
1,2019-10-28 20:00:00,18.21380763
1,2019-10-28 21:00:00,18.33059364
1,2019-10-28 22:00:00,18.29334501
1,2019-10-28 23:00:00,18.32311939
1,2019-10-29 00:00:00,19.85312142
1,2019-10-29 01:00:00,19.87691083
1,2019-10-29 02:00:00,20.66227356
1,2019-10-29 03:00:00,22.14412336
1,2019-10-29 04:00:00,20.69848021
1,2019-10-29 05:00:00,22.94692873
1,2019-10-29 06:00:00,26.63975956
1,2019-10-29 07:00:00,38.67141791
1,2019-10-29 08:00:00,25.64062986
1,2019-10-29 09:00:00,23.26925618
1,2019-10-29 10:00:00,27.64985952
1,2019-10-29 11:00:00,27.5584908
1,2019-10-29 12:00:00,23.84346552
1,2019-10-29 13:00:00,26.76628685
1,2019-10-29 14:00:00,26.81080587
1,2019-10-29 15:00:00,30.53294897
1,2019-10-29 16:00:00,27.63084944
1,2019-10-29 17:00:00,22.47080265
1,2019-10-29 18:00:00,21.07724865
1,2019-10-29 19:00:00,18.92635363
1,2019-10-29 20:00:00,18.22408247
1,2019-10-29 21:00:00,18.21192383
1,2019-10-29 22:00:00,16.00501872
1,2019-10-29 23:00:00,16.81076981
1,2019-10-30 00:00:00,15.28301544
1,2019-10-30 01:00:00,15.32062028
1,2019-10-30 02:00:00,16.11210018
1,2019-10-30 03:00:00,16.07885344
1,2019-10-30 04:00:00,16.05915119
1,2019-10-30 05:00:00,16.79487976
1,2019-10-30 06:00:00,20.64371567
1,2019-10-30 07:00:00,22.15721708
1,2019-10-30 08:00:00,24.33680424
1,2019-10-30 09:00:00,30.27241824
1,2019-10-30 10:00:00,27.83612919
1,2019-10-30 11:00:00,24.59115671
1,2019-10-30 12:00:00,28.29709067
1,2019-10-30 13:00:00,38.08783277
1,2019-10-30 14:00:00,38.03430598
1,2019-10-30 15:00:00,31.34961311
1,2019-10-30 16:00:00,30.68523455
1,2019-10-30 17:00:00,26.30199931
1,2019-10-30 18:00:00,20.35826219
1,2019-10-30 19:00:00,20.39621376
1,2019-10-30 20:00:00,18.22209251
1,2019-10-30 21:00:00,18.28111633
1,2019-10-30 22:00:00,18.28110718
1,2019-10-30 23:00:00,16.83461666
1,2019-10-31 00:00:00,17.62432574
1,2019-10-31 01:00:00,16.86222151
1,2019-10-31 02:00:00,17.51785019
1,2019-10-31 03:00:00,17.38835978
1,2019-10-31 04:00:00,17.47760724
1,2019-10-31 05:00:00,18.24590675
1,2019-10-31 06:00:00,21.16917654
1,2019-10-31 07:00:00,23.34171291
1,2019-10-31 08:00:00,27.84076175
1,2019-10-31 09:00:00,26.97261397
1,2019-10-31 10:00:00,27.42316315
1,2019-10-31 11:00:00,27.38505074
1,2019-10-31 12:00:00,28.06732227
1,2019-10-31 13:00:00,28.81764587
1,2019-10-31 14:00:00,31.06790369
1,2019-10-31 15:00:00,34.79312521
1,2019-10-31 16:00:00,31.94663989
1,2019-10-31 17:00:00,25.31374724
1,2019-10-31 18:00:00,21.71932425
1,2019-10-31 19:00:00,20.33340797
1,2019-10-31 20:00:00,18.10197075
1,2019-10-31 21:00:00,18.85888117
1,2019-10-31 22:00:00,17.35363724
1,2019-10-31 23:00:00,16.64857076
1,2019-11-01 00:00:00,16.64591519
1,2019-11-01 01:00:00,17.39487107
1,2019-11-01 02:00:00,17.39925551
1,2019-11-01 03:00:00,16.63327249
1,2019-11-01 04:00:00,16.70316425
1,2019-11-01 05:00:00,19.65752947
1,2019-11-01 06:00:00,24.82834814
1,2019-11-01 07:00:00,27.73088258
1,2019-11-01 08:00:00,28.31297699
1,2019-11-01 09:00:00,28.2329497
1,2019-11-01 10:00:00,31.86125847
1,2019-11-01 11:00:00,35.44095955
1,2019-11-01 12:00:00,32.45371463
1,2019-11-01 13:00:00,31.70441333
1,2019-11-01 14:00:00,34.66877693
1,2019-11-01 15:00:00,33.28683821
1,2019-11-01 16:00:00,32.63233545
1,2019-11-01 17:00:00,26.79726682
1,2019-11-01 18:00:00,21.67160162
1,2019-11-01 19:00:00,22.46023668
1,2019-11-01 20:00:00,21.89287102
1,2019-11-01 21:00:00,21.09682363
1,2019-11-01 22:00:00,21.11969385
1,2019-11-01 23:00:00,19.62917383
1,2019-11-02 00:00:00,18.24546566
1,2019-11-02 01:00:00,17.58520638
1,2019-11-02 02:00:00,17.59492711
1,2019-11-02 03:00:00,18.38656096
1,2019-11-02 04:00:00,15.35294143
1,2019-11-02 05:00:00,16.83719893
1,2019-11-02 06:00:00,18.28756323
1,2019-11-02 07:00:00,21.30027588
1,2019-11-02 08:00:00,19.74552897
1,2019-11-02 09:00:00,19.67356147
1,2019-11-02 10:00:00,20.46689759
1,2019-11-02 11:00:00,19.66741763
1,2019-11-02 12:00:00,20.50748232
1,2019-11-02 13:00:00,21.25376302
1,2019-11-02 14:00:00,21.29473231
1,2019-11-02 15:00:00,20.50388724
1,2019-11-02 16:00:00,20.57119043
1,2019-11-02 17:00:00,19.84808814
1,2019-11-02 18:00:00,19.02153491
1,2019-11-02 19:00:00,19.87735882
1,2019-11-02 20:00:00,18.35110532
1,2019-11-02 21:00:00,18.36392764
1,2019-11-02 22:00:00,18.38201785
1,2019-11-02 23:00:00,18.40542297
1,2019-11-03 00:00:00,17.62501939
1,2019-11-03 01:00:00,18.31348722
1,2019-11-03 02:00:00,18.38854476
1,2019-11-03 03:00:00,19.14942195
1,2019-11-03 04:00:00,18.34060968
1,2019-11-03 05:00:00,19.92170059
1,2019-11-03 06:00:00,19.13502172
1,2019-11-03 07:00:00,18.29669767
1,2019-11-03 08:00:00,18.30172343
1,2019-11-03 09:00:00,18.97365681
1,2019-11-03 10:00:00,19.72243681
1,2019-11-03 11:00:00,18.16982943
1,2019-11-03 12:00:00,18.22536314
1,2019-11-03 13:00:00,18.26779498
1,2019-11-03 14:00:00,18.2874213
1,2019-11-03 15:00:00,18.17181118
1,2019-11-03 16:00:00,19.01411499
1,2019-11-03 17:00:00,19.11092064
1,2019-11-03 18:00:00,18.3857637
1,2019-11-03 19:00:00,19.92839142
1,2019-11-03 20:00:00,20.698442
1,2019-11-03 21:00:00,19.13277745
1,2019-11-03 22:00:00,19.1165346
1,2019-11-03 23:00:00,19.18391228
1,2019-11-04 00:00:00,18.37380066
1,2019-11-04 01:00:00,19.94087234
1,2019-11-04 02:00:00,20.77687687
1,2019-11-04 03:00:00,19.97247581
1,2019-11-04 04:00:00,20.03495761
1,2019-11-04 05:00:00,20.78236419
1,2019-11-04 06:00:00,24.57848557
1,2019-11-04 07:00:00,25.98244437
1,2019-11-04 08:00:00,28.9922124
1,2019-11-04 09:00:00,33.35481382
1,2019-11-04 10:00:00,30.33904669
1,2019-11-04 11:00:00,24.45615476
1,2019-11-04 12:00:00,29.08707604
1,2019-11-04 13:00:00,30.57774333
1,2019-11-04 14:00:00,28.26686714
1,2019-11-04 15:00:00,26.02881424
1,2019-11-04 16:00:00,29.86075635
1,2019-11-04 17:00:00,22.97727248
1,2019-11-04 18:00:00,21.50220428
1,2019-11-04 19:00:00,20.07065746
1,2019-11-04 20:00:00,20.88807141
1,2019-11-04 21:00:00,20.8351352
1,2019-11-04 22:00:00,20.03953633
1,2019-11-04 23:00:00,20.03888826
1,2019-11-05 00:00:00,20.01763794
1,2019-11-05 01:00:00,19.98409438
1,2019-11-05 02:00:00,19.92405138
1,2019-11-05 03:00:00,19.96430125
1,2019-11-05 04:00:00,20.81862204
1,2019-11-05 05:00:00,20.81374829
1,2019-11-05 06:00:00,25.44809807
1,2019-11-05 07:00:00,28.55705077
1,2019-11-05 08:00:00,26.1951152
1,2019-11-05 09:00:00,26.01712399
1,2019-11-05 10:00:00,22.14335083
1,2019-11-05 11:00:00,22.00337574
1,2019-11-05 12:00:00,21.92660048
1,2019-11-05 13:00:00,22.64372231
1,2019-11-05 14:00:00,21.897982
1,2019-11-05 15:00:00,20.47751358
1,2019-11-05 16:00:00,20.48841721
1,2019-11-05 17:00:00,18.17042608
1,2019-11-05 18:00:00,17.48316308
1,2019-11-05 19:00:00,17.54820473
1,2019-11-05 20:00:00,16.83383194
1,2019-11-05 21:00:00,16.79079545
1,2019-11-05 22:00:00,16.89415377
1,2019-11-05 23:00:00,18.35589661
1,2019-11-06 00:00:00,16.86957564
1,2019-11-06 01:00:00,16.82130051
1,2019-11-06 02:00:00,16.79221592
1,2019-11-06 03:00:00,16.71917252
1,2019-11-06 04:00:00,15.92787295
1,2019-11-06 05:00:00,17.2626506
1,2019-11-06 06:00:00,20.27777618
1,2019-11-06 07:00:00,23.41584988
1,2019-11-06 08:00:00,22.77761877
1,2019-11-06 09:00:00,25.01389085
1,2019-11-06 10:00:00,25.64132458
1,2019-11-06 11:00:00,24.84431834
1,2019-11-06 12:00:00,23.17614526
1,2019-11-06 13:00:00,23.94856842
1,2019-11-06 14:00:00,23.98438759
1,2019-11-06 15:00:00,24.78723771
1,2019-11-06 16:00:00,23.3692652
1,2019-11-06 17:00:00,21.15069309
1,2019-11-06 18:00:00,19.67628127
1,2019-11-06 19:00:00,17.39587347
1,2019-11-06 20:00:00,17.43207815
1,2019-11-06 21:00:00,17.50530014
1,2019-11-06 22:00:00,19.03959656
1,2019-11-06 23:00:00,17.51747467
1,2019-11-07 00:00:00,17.54126419
1,2019-11-07 01:00:00,18.40342319
1,2019-11-07 02:00:00,18.41572187
1,2019-11-07 03:00:00,19.33630405
1,2019-11-07 04:00:00,18.53752643
1,2019-11-07 05:00:00,19.92038762
1,2019-11-07 06:00:00,23.68538406
1,2019-11-07 07:00:00,27.43005955
1,2019-11-07 08:00:00,25.82063634
1,2019-11-07 09:00:00,26.54302423
1,2019-11-07 10:00:00,25.08377256
1,2019-11-07 11:00:00,24.24173547
1,2019-11-07 12:00:00,24.23309165
1,2019-11-07 13:00:00,24.17309491
1,2019-11-07 14:00:00,23.47865323
1,2019-11-07 15:00:00,24.18079834
1,2019-11-07 16:00:00,22.73913341
1,2019-11-07 17:00:00,21.41432557
1,2019-11-07 18:00:00,19.87275026
1,2019-11-07 19:00:00,19.86631332
1,2019-11-07 20:00:00,19.93710883
1,2019-11-07 21:00:00,19.87017548
1,2019-11-07 22:00:00,19.94122479
1,2019-11-07 23:00:00,19.86062677
1,2019-11-08 00:00:00,19.83614138
1,2019-11-08 01:00:00,19.53544727
1,2019-11-08 02:00:00,20.32633392
1,2019-11-08 03:00:00,20.40013532
1,2019-11-08 04:00:00,19.61223406
1,2019-11-08 05:00:00,21.96422376
1,2019-11-08 06:00:00,25.10556155
1,2019-11-08 07:00:00,35.2404915
1,2019-11-08 08:00:00,30.69744795
1,2019-11-08 09:00:00,29.10840813
1,2019-11-08 10:00:00,28.19600093
1,2019-11-08 11:00:00,26.68269727
1,2019-11-08 12:00:00,27.2196329
1,2019-11-08 13:00:00,25.10778643
1,2019-11-08 14:00:00,26.90721546
1,2019-11-08 15:00:00,28.56899294
1,2019-11-08 16:00:00,26.24883286
1,2019-11-08 17:00:00,24.059886
1,2019-11-08 18:00:00,22.56057994
1,2019-11-08 19:00:00,22.66547735
1,2019-11-08 20:00:00,25.01598419
1,2019-11-08 21:00:00,24.10022497
1,2019-11-08 22:00:00,25.2006629
1,2019-11-08 23:00:00,22.97462112
1,2019-11-09 00:00:00,23.55510801
1,2019-11-09 01:00:00,22.82470665
1,2019-11-09 02:00:00,24.29985607
1,2019-11-09 03:00:00,23.55177846
1,2019-11-09 04:00:00,23.56671749
1,2019-11-09 05:00:00,25.08350169
1,2019-11-09 06:00:00,25.11171991
1,2019-11-09 07:00:00,25.75006571
1,2019-11-09 08:00:00,24.94733734
1,2019-11-09 09:00:00,24.86942506
1,2019-11-09 10:00:00,24.07287209
1,2019-11-09 11:00:00,22.59452884
1,2019-11-09 12:00:00,22.59589299
1,2019-11-09 13:00:00,22.63199015
1,2019-11-09 14:00:00,21.86991253
1,2019-11-09 15:00:00,22.62598744
1,2019-11-09 16:00:00,22.70107937
1,2019-11-09 17:00:00,20.3810099
1,2019-11-09 18:00:00,22.82875288
1,2019-11-09 19:00:00,22.08074025
1,2019-11-09 20:00:00,22.04323002
1,2019-11-09 21:00:00,22.04881149
1,2019-11-09 22:00:00,22.10320969
1,2019-11-09 23:00:00,22.15924857
1,2019-11-10 00:00:00,21.4064
1,2019-11-10 01:00:00,21.38100872
1,2019-11-10 02:00:00,21.36252798
1,2019-11-10 03:00:00,21.29666225
1,2019-11-10 04:00:00,21.33372101
1,2019-11-10 05:00:00,22.83017066
1,2019-11-10 06:00:00,21.35755216
1,2019-11-10 07:00:00,23.6477143
1,2019-11-10 08:00:00,22.13647146
1,2019-11-10 09:00:00,22.75216812
1,2019-11-10 10:00:00,21.18223762
1,2019-11-10 11:00:00,19.67511951
1,2019-11-10 12:00:00,21.05818548
1,2019-11-10 13:00:00,19.67040201
1,2019-11-10 14:00:00,20.40856062
1,2019-11-10 15:00:00,19.67960232
1,2019-11-10 16:00:00,19.72145753
1,2019-11-10 17:00:00,18.9813361
1,2019-11-10 18:00:00,20.51865062
1,2019-11-10 19:00:00,19.74972155
1,2019-11-10 20:00:00,19.87031363
1,2019-11-10 21:00:00,19.83177612
1,2019-11-10 22:00:00,20.56070971
1,2019-11-10 23:00:00,21.41927174
1,2019-11-11 00:00:00,19.81930952
1,2019-11-11 01:00:00,20.648106100000003
1,2019-11-11 02:00:00,20.65030177
1,2019-11-11 03:00:00,22.25516434
1,2019-11-11 04:00:00,20.69488318
1,2019-11-11 05:00:00,23.72969935
1,2019-11-11 06:00:00,31.93412155
1,2019-11-11 07:00:00,33.21225882
1,2019-11-11 08:00:00,27.24794947
1,2019-11-11 09:00:00,26.34115386
1,2019-11-11 10:00:00,22.4576247
1,2019-11-11 11:00:00,26.83093628
1,2019-11-11 12:00:00,21.61104157
1,2019-11-11 13:00:00,21.63168893
1,2019-11-11 14:00:00,24.63004406
1,2019-11-11 15:00:00,30.75162964
1,2019-11-11 16:00:00,28.73115133
1,2019-11-11 17:00:00,18.885491
1,2019-11-11 18:00:00,20.3536425
1,2019-11-11 19:00:00,19.55101152
1,2019-11-11 20:00:00,18.88179789
1,2019-11-11 21:00:00,18.29544742
1,2019-11-11 22:00:00,18.159085
1,2019-11-11 23:00:00,17.4064484
1,2019-11-12 00:00:00,17.35770356
1,2019-11-12 01:00:00,16.62856371
1,2019-11-12 02:00:00,17.40756331
1,2019-11-12 03:00:00,18.27523536
1,2019-11-12 04:00:00,17.68158796
1,2019-11-12 05:00:00,18.46598971
1,2019-11-12 06:00:00,23.09351494
1,2019-11-12 07:00:00,25.26538889
1,2019-11-12 08:00:00,24.46825063
1,2019-11-12 09:00:00,24.44114809
1,2019-11-12 10:00:00,22.90562542
1,2019-11-12 11:00:00,23.53436114
1,2019-11-12 12:00:00,23.52440348
1,2019-11-12 13:00:00,23.60011826
1,2019-11-12 14:00:00,22.84717018
1,2019-11-12 15:00:00,21.32095642
1,2019-11-12 16:00:00,21.47060303
1,2019-11-12 17:00:00,18.47441895
1,2019-11-12 18:00:00,23.11016993
1,2019-11-12 19:00:00,19.30913134
1,2019-11-12 20:00:00,17.82404181
1,2019-11-12 21:00:00,19.29220212
1,2019-11-12 22:00:00,18.65049643
1,2019-11-12 23:00:00,18.55074755
1,2019-11-13 00:00:00,19.37345511
1,2019-11-13 01:00:00,19.3086289
1,2019-11-13 02:00:00,18.61797302
1,2019-11-13 03:00:00,20.09381607
1,2019-11-13 04:00:00,19.37176756
1,2019-11-13 05:00:00,22.40797022
1,2019-11-13 06:00:00,29.209117100000004
1,2019-11-13 07:00:00,29.95276397
1,2019-11-13 08:00:00,30.57596688
1,2019-11-13 09:00:00,28.2862604
1,2019-11-13 10:00:00,26.81321
1,2019-11-13 11:00:00,26.73504318
1,2019-11-13 12:00:00,25.96739824
1,2019-11-13 13:00:00,26.65232367
1,2019-11-13 14:00:00,26.64797302
1,2019-11-13 15:00:00,24.43497776
1,2019-11-13 16:00:00,24.40815098
1,2019-11-13 17:00:00,22.95099951
1,2019-11-13 18:00:00,18.38264465
1,2019-11-13 19:00:00,16.91240989
1,2019-11-13 20:00:00,19.97942901
1,2019-11-13 21:00:00,19.99463505
1,2019-11-13 22:00:00,22.20385619
1,2019-11-13 23:00:00,17.66370853
1,2019-11-14 00:00:00,20.71726587
1,2019-11-14 01:00:00,24.52304443
1,2019-11-14 02:00:00,21.39216705
1,2019-11-14 03:00:00,15.21308476
1,2019-11-14 04:00:00,17.41315123
1,2019-11-14 05:00:00,24.86055725
1,2019-11-14 06:00:00,28.59636385
1,2019-11-14 07:00:00,28.64988378
1,2019-11-14 08:00:00,26.32745845
1,2019-11-14 09:00:00,24.79924876
1,2019-11-14 10:00:00,24.6813848
1,2019-11-14 11:00:00,23.09703511
1,2019-11-14 12:00:00,20.83443082
1,2019-11-14 13:00:00,23.824966
1,2019-11-14 14:00:00,27.352789
1,2019-11-14 15:00:00,25.77381525
1,2019-11-14 16:00:00,25.10694038
1,2019-11-14 17:00:00,23.81981913
1,2019-11-14 18:00:00,21.951782
1,2019-11-14 19:00:00,16.03379348
1,2019-11-14 20:00:00,16.87557639
1,2019-11-14 21:00:00,16.82619312
1,2019-11-14 22:00:00,16.857691100000004
1,2019-11-14 23:00:00,16.88688324
1,2019-11-15 00:00:00,16.11228333
1,2019-11-15 01:00:00,17.65139977
1,2019-11-15 02:00:00,17.67080262
1,2019-11-15 03:00:00,17.71978068
1,2019-11-15 04:00:00,18.3855472
1,2019-11-15 05:00:00,23.06825867
1,2019-11-15 06:00:00,29.08631876
1,2019-11-15 07:00:00,28.26009551
1,2019-11-15 08:00:00,25.22610864
1,2019-11-15 09:00:00,24.45658054
1,2019-11-15 10:00:00,24.46636762
1,2019-11-15 11:00:00,23.60741678
1,2019-11-15 12:00:00,23.49287732
1,2019-11-15 13:00:00,22.02014463
1,2019-11-15 14:00:00,23.56116932
1,2019-11-15 15:00:00,22.90800298
1,2019-11-15 16:00:00,22.14143231
1,2019-11-15 17:00:00,19.07901404
1,2019-11-15 18:00:00,15.2555141
1,2019-11-15 19:00:00,17.58645081
1,2019-11-15 20:00:00,18.42351432
1,2019-11-15 21:00:00,18.45123552
1,2019-11-15 22:00:00,19.25628752
1,2019-11-15 23:00:00,19.34469645
1,2019-11-16 00:00:00,19.35013239
1,2019-11-16 01:00:00,19.27477089
1,2019-11-16 02:00:00,20.11720322
1,2019-11-16 03:00:00,20.4858445
1,2019-11-16 04:00:00,25.40623465
1,2019-11-16 05:00:00,24.30871039
1,2019-11-16 06:00:00,21.95343115
1,2019-11-16 07:00:00,22.64172944
1,2019-11-16 08:00:00,20.97721154
1,2019-11-16 09:00:00,17.148507300000002
1,2019-11-16 10:00:00,17.82086048
1,2019-11-16 11:00:00,18.53741671
1,2019-11-16 12:00:00,19.30781911
1,2019-11-16 13:00:00,18.62567292
1,2019-11-16 14:00:00,24.10007496
1,2019-11-16 15:00:00,15.08735014
1,2019-11-16 16:00:00,17.44230061
1,2019-11-16 17:00:00,17.48340987
1,2019-11-16 18:00:00,18.2596549
1,2019-11-16 19:00:00,18.28752686
1,2019-11-16 20:00:00,18.2768335
1,2019-11-16 21:00:00,18.31510106
1,2019-11-16 22:00:00,19.09763594
1,2019-11-16 23:00:00,19.13535091
1,2019-11-17 00:00:00,19.1208373
1,2019-11-17 01:00:00,18.351999600000006
1,2019-11-17 02:00:00,19.8886333
1,2019-11-17 03:00:00,20.64923569
1,2019-11-17 04:00:00,23.69068695
1,2019-11-17 05:00:00,19.11087175
1,2019-11-17 06:00:00,16.75584534
1,2019-11-17 07:00:00,22.89585001
1,2019-11-17 08:00:00,24.32754884
1,2019-11-17 09:00:00,19.0374794
1,2019-11-17 10:00:00,15.87974095
1,2019-11-17 11:00:00,18.0941
1,2019-11-17 12:00:00,18.09001217
1,2019-11-17 13:00:00,17.99046265
1,2019-11-17 14:00:00,18.03620683
1,2019-11-17 15:00:00,17.32420696
1,2019-11-17 16:00:00,17.40634891
1,2019-11-17 17:00:00,17.46460896
1,2019-11-17 18:00:00,17.57887495
1,2019-11-17 19:00:00,17.58680702
1,2019-11-17 20:00:00,23.65418823
1,2019-11-17 21:00:00,19.11671126
1,2019-11-17 22:00:00,16.08997828
1,2019-11-17 23:00:00,19.09927381
1,2019-11-18 00:00:00,23.63866263
1,2019-11-18 01:00:00,22.14291436
1,2019-11-18 02:00:00,20.67856618
1,2019-11-18 03:00:00,21.59515939
1,2019-11-18 04:00:00,22.5045469
1,2019-11-18 05:00:00,25.65670189
1,2019-11-18 06:00:00,28.68621521
1,2019-11-18 07:00:00,31.61052673
1,2019-11-18 08:00:00,28.46573157
1,2019-11-18 09:00:00,24.47718854
1,2019-11-18 10:00:00,24.26710785
1,2019-11-18 11:00:00,22.66834728
1,2019-11-18 12:00:00,22.59407181
1,2019-11-18 13:00:00,25.53150893
1,2019-11-18 14:00:00,24.79752674
1,2019-11-18 15:00:00,24.08562543
1,2019-11-18 16:00:00,24.09828962
1,2019-11-18 17:00:00,19.66512016
1,2019-11-18 18:00:00,17.39474439
1,2019-11-18 19:00:00,18.22624965
1,2019-11-18 20:00:00,18.36221545
1,2019-11-18 21:00:00,16.09174564
1,2019-11-18 22:00:00,16.07351796
1,2019-11-18 23:00:00,16.15391088
1,2019-11-19 00:00:00,16.88643845
1,2019-11-19 01:00:00,16.9281695
1,2019-11-19 02:00:00,16.96548639
1,2019-11-19 03:00:00,17.73996533
1,2019-11-19 04:00:00,18.57995668
1,2019-11-19 05:00:00,19.283147
1,2019-11-19 06:00:00,23.07757874
1,2019-11-19 07:00:00,30.59821765
1,2019-11-19 08:00:00,24.41549372
1,2019-11-19 09:00:00,23.64534988
1,2019-11-19 10:00:00,23.52712816
1,2019-11-19 11:00:00,22.68196915
1,2019-11-19 12:00:00,21.87525475
1,2019-11-19 13:00:00,24.1047541
1,2019-11-19 14:00:00,19.60707241
1,2019-11-19 15:00:00,24.87056805
1,2019-11-19 16:00:00,26.52420708
1,2019-11-19 17:00:00,19.69704032
1,2019-11-19 18:00:00,16.65861989
1,2019-11-19 19:00:00,16.00609122
1,2019-11-19 20:00:00,16.01015904
1,2019-11-19 21:00:00,16.83093491
1,2019-11-19 22:00:00,16.83415085
1,2019-11-19 23:00:00,18.34457703
1,2019-11-20 00:00:00,18.53553704
1,2019-11-20 01:00:00,17.86161536
1,2019-11-20 02:00:00,18.57637605
1,2019-11-20 03:00:00,19.39534107
1,2019-11-20 04:00:00,19.36189459
1,2019-11-20 05:00:00,20.00512684
1,2019-11-20 06:00:00,22.2785122
1,2019-11-20 07:00:00,28.30902456
1,2019-11-20 08:00:00,28.83691615
1,2019-11-20 09:00:00,22.64230627
1,2019-11-20 10:00:00,23.30037243
1,2019-11-20 11:00:00,25.38747954
1,2019-11-20 12:00:00,24.52297607
1,2019-11-20 13:00:00,26.07556384
1,2019-11-20 14:00:00,27.52121722
1,2019-11-20 15:00:00,26.0890776
1,2019-11-20 16:00:00,26.10347099
1,2019-11-20 17:00:00,22.46420837
1,2019-11-20 18:00:00,18.71559964
1,2019-11-20 19:00:00,20.35969337
1,2019-11-20 20:00:00,22.62914447
1,2019-11-20 21:00:00,20.39386196
1,2019-11-20 22:00:00,19.59943388
1,2019-11-20 23:00:00,18.83686036
1,2019-11-21 00:00:00,17.33551426
1,2019-11-21 01:00:00,15.02313789
1,2019-11-21 02:00:00,15.84304269
1,2019-11-21 03:00:00,17.29950657
1,2019-11-21 04:00:00,17.23254854
1,2019-11-21 05:00:00,19.55678486
1,2019-11-21 06:00:00,29.99184316
1,2019-11-21 07:00:00,29.86656182
1,2019-11-21 08:00:00,28.28310878
1,2019-11-21 09:00:00,28.93428008
1,2019-11-21 10:00:00,28.86911221
1,2019-11-21 11:00:00,27.32760331
1,2019-11-21 12:00:00,28.80745076
1,2019-11-21 13:00:00,28.03150776
1,2019-11-21 14:00:00,27.50281903
1,2019-11-21 15:00:00,26.17806769
1,2019-11-21 16:00:00,23.37031086
1,2019-11-21 17:00:00,22.72347864
1,2019-11-21 18:00:00,16.72190163
1,2019-11-21 19:00:00,15.9719539
1,2019-11-21 20:00:00,16.74128389
1,2019-11-21 21:00:00,17.52920118
1,2019-11-21 22:00:00,16.02806385
1,2019-11-21 23:00:00,16.0648101
1,2019-11-22 00:00:00,17.59082341
1,2019-11-22 01:00:00,16.12680222
1,2019-11-22 02:00:00,16.06649797
1,2019-11-22 03:00:00,17.52431022
1,2019-11-22 04:00:00,15.94812836
1,2019-11-22 05:00:00,18.9165683
1,2019-11-22 06:00:00,28.67760983
1,2019-11-22 07:00:00,26.39379578
1,2019-11-22 08:00:00,25.55665795
1,2019-11-22 09:00:00,26.19759258
1,2019-11-22 10:00:00,26.08533318
1,2019-11-22 11:00:00,26.15564648
1,2019-11-22 12:00:00,25.47936777
1,2019-11-22 13:00:00,26.24026781
1,2019-11-22 14:00:00,25.46654542
1,2019-11-22 15:00:00,24.54588856
1,2019-11-22 16:00:00,24.58928505
1,2019-11-22 17:00:00,20.95693909
1,2019-11-22 18:00:00,17.3284053
1,2019-11-22 19:00:00,18.10907762
1,2019-11-22 20:00:00,18.91189499
1,2019-11-22 21:00:00,18.44524036
1,2019-11-22 22:00:00,18.63138949
1,2019-11-22 23:00:00,18.69758586
1,2019-11-23 00:00:00,18.71438599
1,2019-11-23 01:00:00,19.41772461
1,2019-11-23 02:00:00,18.61662117
1,2019-11-23 03:00:00,19.37863429
1,2019-11-23 04:00:00,19.48751795
1,2019-11-23 05:00:00,18.67940153
1,2019-11-23 06:00:00,25.5969465
1,2019-11-23 07:00:00,23.253580300000007
1,2019-11-23 08:00:00,16.92339595
1,2019-11-23 09:00:00,18.40765576
1,2019-11-23 10:00:00,19.80595459
1,2019-11-23 11:00:00,22.7758008
1,2019-11-23 12:00:00,22.80706304
1,2019-11-23 13:00:00,17.47532411
1,2019-11-23 14:00:00,19.77263806
1,2019-11-23 15:00:00,22.88553987
1,2019-11-23 16:00:00,22.14634718
1,2019-11-23 17:00:00,20.6671895
1,2019-11-23 18:00:00,19.96438177
1,2019-11-23 19:00:00,20.04334917
1,2019-11-23 20:00:00,19.38303486
1,2019-11-23 21:00:00,18.64444606
1,2019-11-23 22:00:00,16.30314608
1,2019-11-23 23:00:00,16.14529703
1,2019-11-24 00:00:00,17.69879761
1,2019-11-24 01:00:00,18.57127818
1,2019-11-24 02:00:00,18.5282959
1,2019-11-24 03:00:00,19.26307245
1,2019-11-24 04:00:00,19.28906441
1,2019-11-24 05:00:00,20.86817975
1,2019-11-24 06:00:00,21.59872559
1,2019-11-24 07:00:00,23.06399981
1,2019-11-24 08:00:00,9.894918621
1,2019-11-24 09:00:00,19.74900781
1,2019-11-24 10:00:00,19.649385
1,2019-11-24 11:00:00,18.07179936
1,2019-11-24 12:00:00,18.72478963
1,2019-11-24 13:00:00,18.74207394
1,2019-11-24 14:00:00,19.45954028
1,2019-11-24 15:00:00,18.79409293
1,2019-11-24 16:00:00,18.11959332
1,2019-11-24 17:00:00,18.93050804
1,2019-11-24 18:00:00,18.3074626
1,2019-11-24 19:00:00,18.34730292
1,2019-11-24 20:00:00,17.70622402
1,2019-11-24 21:00:00,16.92334416
1,2019-11-24 22:00:00,16.9104259
1,2019-11-24 23:00:00,18.45046194
1,2019-11-25 00:00:00,17.7794966
1,2019-11-25 01:00:00,17.72311089
1,2019-11-25 02:00:00,18.51263489
1,2019-11-25 03:00:00,19.32582311
1,2019-11-25 04:00:00,18.55500289
1,2019-11-25 05:00:00,20.86978947
1,2019-11-25 06:00:00,23.80140155
1,2019-11-25 07:00:00,22.87500712
1,2019-11-25 08:00:00,24.19042653
1,2019-11-25 09:00:00,26.38758884
1,2019-11-25 10:00:00,33.71441731
1,2019-11-25 11:00:00,29.89197149
1,2019-11-25 12:00:00,27.07442592
1,2019-11-25 13:00:00,23.37013719
1,2019-11-25 14:00:00,18.20275858
1,2019-11-25 15:00:00,34.74468189
1,2019-11-25 16:00:00,25.75677113
1,2019-11-25 17:00:00,19.02124795
1,2019-11-25 18:00:00,15.98262458
1,2019-11-25 19:00:00,17.57945718
1,2019-11-25 20:00:00,18.30690994
1,2019-11-25 21:00:00,18.23202953
1,2019-11-25 22:00:00,17.3718723
1,2019-11-25 23:00:00,18.20309608
1,2019-11-26 00:00:00,21.23716048
1,2019-11-26 01:00:00,14.46925122
1,2019-11-26 02:00:00,16.01596268
1,2019-11-26 03:00:00,16.78261688
1,2019-11-26 04:00:00,16.82105528
1,2019-11-26 05:00:00,19.08272504
1,2019-11-26 06:00:00,24.35312082
1,2019-11-26 07:00:00,22.86641919
1,2019-11-26 08:00:00,28.12692517
1,2019-11-26 09:00:00,28.75465322
1,2019-11-26 10:00:00,24.98599885
1,2019-11-26 11:00:00,24.93988225
1,2019-11-26 12:00:00,23.43015143
1,2019-11-26 13:00:00,24.38458264
1,2019-11-26 14:00:00,25.79786951
1,2019-11-26 15:00:00,24.38758886
1,2019-11-26 16:00:00,23.69849952
1,2019-11-26 17:00:00,22.14494605
1,2019-11-26 18:00:00,15.31413488
1,2019-11-26 19:00:00,19.12188046
1,2019-11-26 20:00:00,23.8313708
1,2019-11-26 21:00:00,20.18698823
1,2019-11-26 22:00:00,21.78051601
1,2019-11-26 23:00:00,17.14210754
1,2019-11-27 00:00:00,23.32337265
1,2019-11-27 01:00:00,23.36341095
1,2019-11-27 02:00:00,19.55176672
1,2019-11-27 03:00:00,18.03129466
1,2019-11-27 04:00:00,21.96243462
1,2019-11-27 05:00:00,27.30008111
1,2019-11-27 06:00:00,27.99745997
1,2019-11-27 07:00:00,27.08391552
1,2019-11-27 08:00:00,30.06817452
1,2019-11-27 09:00:00,23.77126235
1,2019-11-27 10:00:00,18.25593924
1,2019-11-27 11:00:00,26.32353429
1,2019-11-27 12:00:00,23.27397714
1,2019-11-27 13:00:00,23.21841898
1,2019-11-27 14:00:00,23.18320286
1,2019-11-27 15:00:00,18.67596996
1,2019-11-27 16:00:00,18.7210856
1,2019-11-27 17:00:00,22.5681329
1,2019-11-27 18:00:00,18.11080919
1,2019-11-27 19:00:00,15.96604871
1,2019-11-27 20:00:00,15.97974847
1,2019-11-27 21:00:00,16.0507159
1,2019-11-27 22:00:00,16.83602948
1,2019-11-27 23:00:00,16.85483247
1,2019-11-28 00:00:00,17.68084641
1,2019-11-28 01:00:00,16.16399648
1,2019-11-28 02:00:00,22.24396636
1,2019-11-28 03:00:00,21.48188611
1,2019-11-28 04:00:00,15.32284261
1,2019-11-28 05:00:00,16.09075306
1,2019-11-28 06:00:00,25.93886453
1,2019-11-28 07:00:00,20.60850113
1,2019-11-28 08:00:00,19.83093915
1,2019-11-28 09:00:00,23.43358337
1,2019-11-28 10:00:00,23.34611555
1,2019-11-28 11:00:00,18.74830197
1,2019-11-28 12:00:00,22.47475916
1,2019-11-28 13:00:00,25.49365529
1,2019-11-28 14:00:00,23.30525189
1,2019-11-28 15:00:00,22.52290378
1,2019-11-28 16:00:00,22.58868677
1,2019-11-28 17:00:00,17.40128616
1,2019-11-28 18:00:00,15.21582209
1,2019-11-28 19:00:00,15.24829161
1,2019-11-28 20:00:00,16.06346376
1,2019-11-28 21:00:00,16.07766368
1,2019-11-28 22:00:00,15.26853634
1,2019-11-28 23:00:00,16.12629734
1,2019-11-29 00:00:00,16.06922855
1,2019-11-29 01:00:00,16.08151291
1,2019-11-29 02:00:00,16.08473684
1,2019-11-29 03:00:00,16.03842037
1,2019-11-29 04:00:00,16.83777446
1,2019-11-29 05:00:00,16.79084823
1,2019-11-29 06:00:00,22.04214478
1,2019-11-29 07:00:00,23.5165242
1,2019-11-29 08:00:00,22.7212251
1,2019-11-29 09:00:00,16.58704628
1,2019-11-29 10:00:00,25.6253508
1,2019-11-29 11:00:00,25.50259896
1,2019-11-29 12:00:00,22.51130184
1,2019-11-29 13:00:00,24.64098298
1,2019-11-29 14:00:00,20.97364281
1,2019-11-29 15:00:00,27.95230193
1,2019-11-29 16:00:00,24.90842016
1,2019-11-29 17:00:00,19.01072176
1,2019-11-29 18:00:00,14.46238609
1,2019-11-29 19:00:00,18.34521213
1,2019-11-29 20:00:00,22.8540929
1,2019-11-29 21:00:00,19.08436365
1,2019-11-29 22:00:00,14.599283300000002
1,2019-11-29 23:00:00,16.87923048
1,2019-11-30 00:00:00,16.95085843
1,2019-11-30 01:00:00,17.68285736
1,2019-11-30 02:00:00,17.68728399
1,2019-11-30 03:00:00,18.38910828
1,2019-11-30 04:00:00,17.669474899999994
1,2019-11-30 05:00:00,17.60112061
1,2019-11-30 06:00:00,22.20647351
1,2019-11-30 07:00:00,19.86949824
1,2019-11-30 08:00:00,17.57762293
1,2019-11-30 09:00:00,19.07524235
1,2019-11-30 10:00:00,21.85650051
1,2019-11-30 11:00:00,17.16729813
1,2019-11-30 12:00:00,14.94269565
1,2019-11-30 13:00:00,20.81845559
1,2019-11-30 14:00:00,17.90735913
1,2019-11-30 15:00:00,15.67134879
1,2019-11-30 16:00:00,15.65020374
1,2019-11-30 17:00:00,16.51538339
1,2019-11-30 18:00:00,17.45930195
1,2019-11-30 19:00:00,16.75943558
1,2019-11-30 20:00:00,16.79351181
1,2019-11-30 21:00:00,16.84200473
1,2019-11-30 22:00:00,17.61575393
1,2019-11-30 23:00:00,17.60877136
1,2019-12-01 00:00:00,16.84210007
1,2019-12-01 01:00:00,17.57229866
1,2019-12-01 02:00:00,18.32408936
1,2019-12-01 03:00:00,17.52280266
1,2019-12-01 04:00:00,22.84666409
1,2019-12-01 05:00:00,16.04130707
1,2019-12-01 06:00:00,16.83123476
1,2019-12-01 07:00:00,20.56698568
1,2019-12-01 08:00:00,22.02759306
1,2019-12-01 09:00:00,16.00826499
1,2019-12-01 10:00:00,17.4638419
1,2019-12-01 11:00:00,17.42188614
1,2019-12-01 12:00:00,17.4487779
1,2019-12-01 13:00:00,15.88014429
1,2019-12-01 14:00:00,16.03684021
1,2019-12-01 15:00:00,17.58239731
1,2019-12-01 16:00:00,17.55469964
1,2019-12-01 17:00:00,16.8346611
1,2019-12-01 18:00:00,16.87248935
1,2019-12-01 19:00:00,22.98855721
1,2019-12-01 20:00:00,18.399360100000006
1,2019-12-01 21:00:00,15.39065888
1,2019-12-01 22:00:00,17.75911572
1,2019-12-01 23:00:00,18.48022591
1,2019-12-02 00:00:00,17.7310416
1,2019-12-02 01:00:00,18.48771198
1,2019-12-02 02:00:00,17.70344642
1,2019-12-02 03:00:00,19.25414621
1,2019-12-02 04:00:00,18.52397171
1,2019-12-02 05:00:00,21.49248162
1,2019-12-02 06:00:00,28.35437924
1,2019-12-02 07:00:00,28.89319246
1,2019-12-02 08:00:00,27.37350076
1,2019-12-02 09:00:00,27.22384102
1,2019-12-02 10:00:00,25.74859255
1,2019-12-02 11:00:00,25.00172192
1,2019-12-02 12:00:00,24.22820864
1,2019-12-02 13:00:00,25.69015966
1,2019-12-02 14:00:00,23.45978004
1,2019-12-02 15:00:00,23.45732773
1,2019-12-02 16:00:00,19.06189175
1,2019-12-02 17:00:00,18.31062744
1,2019-12-02 18:00:00,17.58694495
1,2019-12-02 19:00:00,19.19724874
1,2019-12-02 20:00:00,22.88787003
1,2019-12-02 21:00:00,15.3507662
1,2019-12-02 22:00:00,18.38402976
1,2019-12-02 23:00:00,23.70579262
1,2019-12-03 00:00:00,17.58250084
1,2019-12-03 01:00:00,16.11106313
1,2019-12-03 02:00:00,17.65528671
1,2019-12-03 03:00:00,20.66735962
1,2019-12-03 04:00:00,22.12379536
1,2019-12-03 05:00:00,22.84264919
1,2019-12-03 06:00:00,24.39313454
1,2019-12-03 07:00:00,26.61107721
1,2019-12-03 08:00:00,24.28923931
1,2019-12-03 09:00:00,23.54087608
1,2019-12-03 10:00:00,20.45942704
1,2019-12-03 11:00:00,18.85798157
1,2019-12-03 12:00:00,24.79186093
1,2019-12-03 13:00:00,22.49633395
1,2019-12-03 14:00:00,18.03401189
1,2019-12-03 15:00:00,18.07290924
1,2019-12-03 16:00:00,21.79862961
1,2019-12-03 17:00:00,18.08978526
1,2019-12-03 18:00:00,14.34502459
1,2019-12-03 19:00:00,14.47341991
1,2019-12-03 20:00:00,16.02716398
1,2019-12-03 21:00:00,16.08065323
1,2019-12-03 22:00:00,16.08255981
1,2019-12-03 23:00:00,16.80557425
1,2019-12-04 00:00:00,16.8244812
1,2019-12-04 01:00:00,16.83642685
1,2019-12-04 02:00:00,17.59932724
1,2019-12-04 03:00:00,17.59639504
1,2019-12-04 04:00:00,17.61112625
1,2019-12-04 05:00:00,19.88806793
1,2019-12-04 06:00:00,25.94925872
1,2019-12-04 07:00:00,25.11807962
1,2019-12-04 08:00:00,20.54151802
1,2019-12-04 09:00:00,20.5203244
1,2019-12-04 10:00:00,24.28196492
1,2019-12-04 11:00:00,18.17415152
1,2019-12-04 12:00:00,17.31611958
1,2019-12-04 13:00:00,23.93361311
1,2019-12-04 14:00:00,22.42115482
1,2019-12-04 15:00:00,22.46506371
1,2019-12-04 16:00:00,17.26698396
1,2019-12-04 17:00:00,20.27084618
1,2019-12-04 18:00:00,18.81543778
1,2019-12-04 19:00:00,13.67226355
1,2019-12-04 20:00:00,15.99695586
1,2019-12-04 21:00:00,15.2503214
1,2019-12-04 22:00:00,15.31454584
1,2019-12-04 23:00:00,16.1187561
1,2019-12-05 00:00:00,16.08765863
1,2019-12-05 01:00:00,16.07878117
1,2019-12-05 02:00:00,16.75965705
1,2019-12-05 03:00:00,17.49207156
1,2019-12-05 04:00:00,16.68769623
1,2019-12-05 05:00:00,19.01053047
1,2019-12-05 06:00:00,25.07606664
1,2019-12-05 07:00:00,23.49425372
1,2019-12-05 08:00:00,17.48253705
1,2019-12-05 09:00:00,19.68864665
1,2019-12-05 10:00:00,19.49630574
1,2019-12-05 11:00:00,24.70572551
1,2019-12-05 12:00:00,21.73919302
1,2019-12-05 13:00:00,21.67261812
1,2019-12-05 14:00:00,24.56552674
1,2019-12-05 15:00:00,24.62972202
1,2019-12-05 16:00:00,21.64627359
1,2019-12-05 17:00:00,16.5233606
1,2019-12-05 18:00:00,14.32865954
1,2019-12-05 19:00:00,16.61341888
1,2019-12-05 20:00:00,15.93450079
1,2019-12-05 21:00:00,15.92908412
1,2019-12-05 22:00:00,15.98144774
1,2019-12-05 23:00:00,16.02765015
1,2019-12-06 00:00:00,16.05633385
1,2019-12-06 01:00:00,16.03544667
1,2019-12-06 02:00:00,16.82270371
1,2019-12-06 03:00:00,16.80526779
1,2019-12-06 04:00:00,16.78049194
1,2019-12-06 05:00:00,18.32324341
1,2019-12-06 06:00:00,24.34482374
1,2019-12-06 07:00:00,22.75700127
1,2019-12-06 08:00:00,18.20889054
1,2019-12-06 09:00:00,17.45927093
1,2019-12-06 10:00:00,19.72295755
1,2019-12-06 11:00:00,19.71777283
1,2019-12-06 12:00:00,18.8796988
1,2019-12-06 13:00:00,24.83623955
1,2019-12-06 14:00:00,23.27859661
1,2019-12-06 15:00:00,21.83683361
1,2019-12-06 16:00:00,20.34273113
1,2019-12-06 17:00:00,15.09787539
1,2019-12-06 18:00:00,15.17115213
1,2019-12-06 19:00:00,15.18584972
1,2019-12-06 20:00:00,16.77717885
1,2019-12-06 21:00:00,16.78911745
1,2019-12-06 22:00:00,16.79677061
1,2019-12-06 23:00:00,16.85434952
1,2019-12-07 00:00:00,15.35555848
1,2019-12-07 01:00:00,16.12654646
1,2019-12-07 02:00:00,16.08952126
1,2019-12-07 03:00:00,16.96858957
1,2019-12-07 04:00:00,16.17255148
1,2019-12-07 05:00:00,16.92740253
1,2019-12-07 06:00:00,16.8347467
1,2019-12-07 07:00:00,17.55133082
1,2019-12-07 08:00:00,16.01240953
1,2019-12-07 09:00:00,15.090373
1,2019-12-07 10:00:00,14.2868973
1,2019-12-07 11:00:00,15.66114323
1,2019-12-07 12:00:00,14.87797394
1,2019-12-07 13:00:00,14.84726713
1,2019-12-07 14:00:00,14.84522378
1,2019-12-07 15:00:00,14.83411963
1,2019-12-07 16:00:00,15.64567866
1,2019-12-07 17:00:00,14.21866854
1,2019-12-07 18:00:00,13.67107584
1,2019-12-07 19:00:00,14.45048561
1,2019-12-07 20:00:00,14.53475357
1,2019-12-07 21:00:00,15.32673492
1,2019-12-07 22:00:00,14.57624939
1,2019-12-07 23:00:00,14.57419678
1,2019-12-08 00:00:00,15.34402918
1,2019-12-08 01:00:00,14.53703377
1,2019-12-08 02:00:00,14.41302322
1,2019-12-08 03:00:00,15.21899662
1,2019-12-08 04:00:00,15.18443756
1,2019-12-08 05:00:00,15.17294922
1,2019-12-08 06:00:00,14.46530165
1,2019-12-08 07:00:00,15.158758
1,2019-12-08 08:00:00,15.11678997
1,2019-12-08 09:00:00,14.3375488
1,2019-12-08 10:00:00,14.90998935
1,2019-12-08 11:00:00,15.59824717
1,2019-12-08 12:00:00,14.06578975
1,2019-12-08 13:00:00,14.02644275
1,2019-12-08 14:00:00,14.71783291
1,2019-12-08 15:00:00,15.56747919
1,2019-12-08 16:00:00,15.59009351
1,2019-12-08 17:00:00,14.8342495
1,2019-12-08 18:00:00,14.92877837
1,2019-12-08 19:00:00,14.2399176
1,2019-12-08 20:00:00,14.34484952
1,2019-12-08 21:00:00,14.342401999999998
1,2019-12-08 22:00:00,14.40164946
1,2019-12-08 23:00:00,14.39841515
1,2019-12-09 00:00:00,13.66639448
1,2019-12-09 01:00:00,13.7503331
1,2019-12-09 02:00:00,13.77362549
1,2019-12-09 03:00:00,14.54166519
1,2019-12-09 04:00:00,14.54249725
1,2019-12-09 05:00:00,15.3201416
1,2019-12-09 06:00:00,17.5812685
1,2019-12-09 07:00:00,23.58663958
1,2019-12-09 08:00:00,28.62279346
1,2019-12-09 09:00:00,25.46584026
1,2019-12-09 10:00:00,24.57060597
1,2019-12-09 11:00:00,24.44910072
1,2019-12-09 12:00:00,25.87187254
1,2019-12-09 13:00:00,25.7929652
1,2019-12-09 14:00:00,25.03351045
1,2019-12-09 15:00:00,24.37993387
1,2019-12-09 16:00:00,25.15011204
1,2019-12-09 17:00:00,21.5577967
1,2019-12-09 18:00:00,15.66618345
1,2019-12-09 19:00:00,16.59314129
1,2019-12-09 20:00:00,15.9795708
1,2019-12-09 21:00:00,15.13756464
1,2019-12-09 22:00:00,15.21721669
1,2019-12-09 23:00:00,14.47076038
1,2019-12-10 00:00:00,14.46041728
1,2019-12-10 01:00:00,14.49866279
1,2019-12-10 02:00:00,14.49347438
1,2019-12-10 03:00:00,15.23506582
1,2019-12-10 04:00:00,14.42522022
1,2019-12-10 05:00:00,15.21902268
1,2019-12-10 06:00:00,20.46833029
1,2019-12-10 07:00:00,21.97423925
1,2019-12-10 08:00:00,18.2089883
1,2019-12-10 09:00:00,16.75083978
1,2019-12-10 10:00:00,21.90617007
1,2019-12-10 11:00:00,22.59980054
1,2019-12-10 12:00:00,19.52689042
1,2019-12-10 13:00:00,16.49005554
1,2019-12-10 14:00:00,23.87448549
1,2019-12-10 15:00:00,23.24248059
1,2019-12-10 16:00:00,20.278169100000003
1,2019-12-10 17:00:00,20.37271848
1,2019-12-10 18:00:00,16.62945906
1,2019-12-10 19:00:00,15.92605979
1,2019-12-10 20:00:00,18.25838232
1,2019-12-10 21:00:00,18.23747857
1,2019-12-10 22:00:00,17.47493877
1,2019-12-10 23:00:00,17.49460542
1,2019-12-11 00:00:00,17.50471714
1,2019-12-11 01:00:00,14.47504754
1,2019-12-11 02:00:00,15.22135137
1,2019-12-11 03:00:00,16.02264542
1,2019-12-11 04:00:00,15.29355658
1,2019-12-11 05:00:00,16.826911
1,2019-12-11 06:00:00,19.05687776
1,2019-12-11 07:00:00,22.1643939
1,2019-12-11 08:00:00,18.33398406
1,2019-12-11 09:00:00,14.40960648
1,2019-12-11 10:00:00,16.54262842
1,2019-12-11 11:00:00,23.22481885
1,2019-12-11 12:00:00,21.75736801
1,2019-12-11 13:00:00,15.78594603
1,2019-12-11 14:00:00,17.20130709
1,2019-12-11 15:00:00,19.54418621
1,2019-12-11 16:00:00,18.05949121
1,2019-12-11 17:00:00,15.88677622
1,2019-12-11 18:00:00,15.13977512
1,2019-12-11 19:00:00,15.95790777
1,2019-12-11 20:00:00,15.20323744
1,2019-12-11 21:00:00,15.24796923
1,2019-12-11 22:00:00,15.17521687
1,2019-12-11 23:00:00,15.220272199999998
1,2019-12-12 00:00:00,15.98401933
1,2019-12-12 01:00:00,15.19540176
1,2019-12-12 02:00:00,15.20254512
1,2019-12-12 03:00:00,15.27034607
1,2019-12-12 04:00:00,16.02346367
1,2019-12-12 05:00:00,17.55124855
1,2019-12-12 06:00:00,20.52412002
1,2019-12-12 07:00:00,22.77195494
1,2019-12-12 08:00:00,18.19429544
1,2019-12-12 09:00:00,17.420567600000002
1,2019-12-12 10:00:00,17.34816569
1,2019-12-12 11:00:00,19.58820512
1,2019-12-12 12:00:00,19.50440708
1,2019-12-12 13:00:00,22.40591432
1,2019-12-12 14:00:00,21.70789899
1,2019-12-12 15:00:00,17.19492016
1,2019-12-12 16:00:00,15.76813374
1,2019-12-12 17:00:00,16.55562643
1,2019-12-12 18:00:00,15.89280469
1,2019-12-12 19:00:00,15.16305596
1,2019-12-12 20:00:00,16.00944777
1,2019-12-12 21:00:00,15.19263854
1,2019-12-12 22:00:00,15.95891165
1,2019-12-12 23:00:00,15.92906467
1,2019-12-13 00:00:00,15.99824328
1,2019-12-13 01:00:00,15.98438552
1,2019-12-13 02:00:00,15.97213091
1,2019-12-13 03:00:00,16.76630554
1,2019-12-13 04:00:00,16.77330139
1,2019-12-13 05:00:00,18.26919127
1,2019-12-13 06:00:00,19.78978535
1,2019-12-13 07:00:00,24.97173258
1,2019-12-13 08:00:00,21.16122116
1,2019-12-13 09:00:00,16.62999941
1,2019-12-13 10:00:00,21.75759258
1,2019-12-13 11:00:00,23.88373972
1,2019-12-13 12:00:00,18.65688969
1,2019-12-13 13:00:00,17.09283106
1,2019-12-13 14:00:00,18.65935387
1,2019-12-13 15:00:00,25.37789913
1,2019-12-13 16:00:00,20.26535216
1,2019-12-13 17:00:00,14.2727516
1,2019-12-13 18:00:00,14.31467056
1,2019-12-13 19:00:00,14.31833696
1,2019-12-13 20:00:00,15.92524215
1,2019-12-13 21:00:00,15.08869743
1,2019-12-13 22:00:00,14.40252348
1,2019-12-13 23:00:00,18.89642635
1,2019-12-14 00:00:00,16.63897574
1,2019-12-14 01:00:00,15.95215079
1,2019-12-14 02:00:00,16.01025814
1,2019-12-14 03:00:00,15.99075309
1,2019-12-14 04:00:00,15.96948029
1,2019-12-14 05:00:00,15.24762981
1,2019-12-14 06:00:00,16.72972733
1,2019-12-14 07:00:00,15.97044658
1,2019-12-14 08:00:00,16.67878888
1,2019-12-14 09:00:00,15.15049372
1,2019-12-14 10:00:00,15.077354199999998
1,2019-12-14 11:00:00,15.80410382
1,2019-12-14 12:00:00,15.84406847
1,2019-12-14 13:00:00,15.86305164
1,2019-12-14 14:00:00,15.75094694
1,2019-12-14 15:00:00,15.73887569
1,2019-12-14 16:00:00,15.78290192
1,2019-12-14 17:00:00,15.06309832
1,2019-12-14 18:00:00,15.05804298
1,2019-12-14 19:00:00,14.33066116
1,2019-12-14 20:00:00,15.13192069
1,2019-12-14 21:00:00,15.15434677
1,2019-12-14 22:00:00,15.14244521
1,2019-12-14 23:00:00,15.17982337
1,2019-12-15 00:00:00,15.15817124
1,2019-12-15 01:00:00,14.42787061
1,2019-12-15 02:00:00,15.16014193
1,2019-12-15 03:00:00,15.15660896
1,2019-12-15 04:00:00,15.17677891
1,2019-12-15 05:00:00,15.93572061
1,2019-12-15 06:00:00,14.3464518
1,2019-12-15 07:00:00,15.9108856
1,2019-12-15 08:00:00,15.87033815
1,2019-12-15 09:00:00,14.99470869
1,2019-12-15 10:00:00,14.98783852
1,2019-12-15 11:00:00,15.74718324
1,2019-12-15 12:00:00,14.9552853
1,2019-12-15 13:00:00,14.92557825
1,2019-12-15 14:00:00,15.60359646
1,2019-12-15 15:00:00,14.87910539
1,2019-12-15 16:00:00,14.89682645
1,2019-12-15 17:00:00,14.89115261
1,2019-12-15 18:00:00,14.24888867
1,2019-12-15 19:00:00,14.27540445
1,2019-12-15 20:00:00,15.13294597
1,2019-12-15 21:00:00,14.44030279
1,2019-12-15 22:00:00,13.67987561
1,2019-12-15 23:00:00,15.19472743
1,2019-12-16 00:00:00,15.19636669
1,2019-12-16 01:00:00,17.43259006
1,2019-12-16 02:00:00,21.25358115
1,2019-12-16 03:00:00,21.266780800000006
1,2019-12-16 04:00:00,19.00022106
1,2019-12-16 05:00:00,18.9762175
1,2019-12-16 06:00:00,18.19638403
1,2019-12-16 07:00:00,18.19036673
1,2019-12-16 08:00:00,18.87134082
1,2019-12-16 09:00:00,18.10027115
1,2019-12-16 10:00:00,18.87278827
1,2019-12-16 11:00:00,18.77517862
1,2019-12-16 12:00:00,17.16785288
1,2019-12-16 13:00:00,20.75627923
1,2019-12-16 14:00:00,19.97913551
1,2019-12-16 15:00:00,23.08069997
1,2019-12-16 16:00:00,21.53857746
1,2019-12-16 17:00:00,19.39760586
1,2019-12-16 18:00:00,17.21882675
1,2019-12-16 19:00:00,16.47812236
1,2019-12-16 20:00:00,16.56864561
1,2019-12-16 21:00:00,15.93729443
1,2019-12-16 22:00:00,15.12111369
1,2019-12-16 23:00:00,15.98017384
1,2019-12-17 00:00:00,16.74180685
1,2019-12-17 01:00:00,16.00998322
1,2019-12-17 02:00:00,16.0089331
1,2019-12-17 03:00:00,16.77182164
1,2019-12-17 04:00:00,16.04647247
1,2019-12-17 05:00:00,18.29941016
1,2019-12-17 06:00:00,19.02903928
1,2019-12-17 07:00:00,18.2085979
1,2019-12-17 08:00:00,18.85738165
1,2019-12-17 09:00:00,19.5219025
1,2019-12-17 10:00:00,20.11432114
1,2019-12-17 11:00:00,21.566063600000003
1,2019-12-17 12:00:00,23.71282173
1,2019-12-17 13:00:00,25.09984911
1,2019-12-17 14:00:00,25.03014966
1,2019-12-17 15:00:00,32.50379155
1,2019-12-17 16:00:00,27.458499300000003
1,2019-12-17 17:00:00,23.0856503
1,2019-12-17 18:00:00,14.19926416
1,2019-12-17 19:00:00,16.47953024
1,2019-12-17 20:00:00,15.78724734
1,2019-12-17 21:00:00,14.31165762
1,2019-12-17 22:00:00,15.1283219
1,2019-12-17 23:00:00,15.8753236
1,2019-12-18 00:00:00,15.14090012
1,2019-12-18 01:00:00,15.14595042
1,2019-12-18 02:00:00,14.36442281
1,2019-12-18 03:00:00,15.20976694
1,2019-12-18 04:00:00,14.41253046
1,2019-12-18 05:00:00,16.72703394
1,2019-12-18 06:00:00,20.39263834
1,2019-12-18 07:00:00,23.31888548
1,2019-12-18 08:00:00,23.20427417
1,2019-12-18 09:00:00,29.61764218
1,2019-12-18 10:00:00,27.21965842
1,2019-12-18 11:00:00,24.91524659
1,2019-12-18 12:00:00,24.84720306
1,2019-12-18 13:00:00,24.75015392
1,2019-12-18 14:00:00,24.73336239
1,2019-12-18 15:00:00,25.49768852
1,2019-12-18 16:00:00,25.62011112
1,2019-12-18 17:00:00,24.230631
1,2019-12-18 18:00:00,20.62900542
1,2019-12-18 19:00:00,15.524870800000002
1,2019-12-18 20:00:00,17.06117752
1,2019-12-18 21:00:00,14.95586829
1,2019-12-18 22:00:00,15.68155712
1,2019-12-18 23:00:00,14.23179747
1,2019-12-19 00:00:00,14.26846295
1,2019-12-19 01:00:00,15.80645064
1,2019-12-19 02:00:00,15.07541177
1,2019-12-19 03:00:00,15.12367039
1,2019-12-19 04:00:00,14.38149225
1,2019-12-19 05:00:00,16.59313433
1,2019-12-19 06:00:00,19.60406612
1,2019-12-19 07:00:00,19.61099173
1,2019-12-19 08:00:00,17.95324554
1,2019-12-19 09:00:00,28.31216771
1,2019-12-19 10:00:00,22.97836364
1,2019-12-19 11:00:00,22.94869405
1,2019-12-19 12:00:00,20.74100047
1,2019-12-19 13:00:00,23.00690231
1,2019-12-19 14:00:00,23.76701592
1,2019-12-19 15:00:00,23.78417007
1,2019-12-19 16:00:00,23.83954527
1,2019-12-19 17:00:00,21.71488133
1,2019-12-19 18:00:00,20.41591205
1,2019-12-19 19:00:00,19.86178778
1,2019-12-19 20:00:00,18.45287858
1,2019-12-19 21:00:00,15.44127484
1,2019-12-19 22:00:00,13.86040147
1,2019-12-19 23:00:00,14.68653185
1,2019-12-20 00:00:00,14.69813765
1,2019-12-20 01:00:00,14.69654131
1,2019-12-20 02:00:00,14.78928571
1,2019-12-20 03:00:00,15.51642499
1,2019-12-20 04:00:00,14.76121897
1,2019-12-20 05:00:00,15.50889751
1,2019-12-20 06:00:00,16.26257528
1,2019-12-20 07:00:00,7.705799354
1,2019-12-20 08:00:00,6.870727398
1,2019-12-20 09:00:00,9.749229736
1,2019-12-20 10:00:00,9.55252391
1,2019-12-20 11:00:00,16.11244339
1,2019-12-20 12:00:00,6.602246208
1,2019-12-20 13:00:00,3.608928532
1,2021-01-02 00:00:00,16.18038793
1,2021-01-02 01:00:00,16.14083772
1,2021-01-02 02:00:00,16.96877623
1,2021-01-02 03:00:00,16.14444952
1,2021-01-02 04:00:00,17.74953461
1,2021-01-02 05:00:00,16.95351833
1,2021-01-02 06:00:00,22.65908912
1,2021-01-02 07:00:00,21.78636167
1,2021-01-02 08:00:00,18.59565759
1,2021-01-02 09:00:00,14.55939918
1,2021-01-02 10:00:00,23.30842153
1,2021-01-02 11:00:00,25.71516673
1,2021-01-02 12:00:00,19.3780237
1,2021-01-02 13:00:00,19.32090704
1,2021-01-02 14:00:00,20.13856506
1,2021-01-02 15:00:00,21.79283396
1,2021-01-02 16:00:00,20.16134348
1,2021-01-02 17:00:00,18.54186805
1,2021-01-02 18:00:00,16.96418494
1,2021-01-02 19:00:00,15.36716024
1,2021-01-02 20:00:00,15.37002002
1,2021-01-02 21:00:00,16.12452896
1,2021-01-02 22:00:00,15.3780848
1,2021-01-02 23:00:00,16.13988644
1,2021-01-03 00:00:00,20.03960662
1,2021-01-03 01:00:00,19.23711395
1,2021-01-03 02:00:00,19.24818887
1,2021-01-03 03:00:00,19.24069214
1,2021-01-03 04:00:00,20.11129473
1,2021-01-03 05:00:00,20.01584371
1,2021-01-03 06:00:00,23.20689432
1,2021-01-03 07:00:00,26.34407454
1,2021-01-03 08:00:00,25.60779572
1,2021-01-03 09:00:00,27.12675796
1,2021-01-03 10:00:00,27.17349969
1,2021-01-03 11:00:00,28.69368253
1,2021-01-03 12:00:00,31.1104658
1,2021-01-03 13:00:00,35.06333668
1,2021-01-03 14:00:00,26.45381165
1,2021-01-03 15:00:00,28.70942194
1,2021-01-03 16:00:00,28.80177406
1,2021-01-03 17:00:00,23.18119677
1,2021-01-03 18:00:00,23.22881444
1,2021-01-03 19:00:00,23.9945817
1,2021-01-03 20:00:00,20.02463341
1,2021-01-03 21:00:00,20.83995528
1,2021-01-03 22:00:00,20.86708407
1,2021-01-03 23:00:00,20.05941503
1,2021-01-04 00:00:00,15.15554749
1,2021-01-04 01:00:00,15.34447885
1,2021-01-04 02:00:00,15.37656264
1,2021-01-04 03:00:00,14.5759912
1,2021-01-04 04:00:00,14.60339445
1,2021-01-04 05:00:00,14.54264085
1,2021-01-04 06:00:00,21.56115696
1,2021-01-04 07:00:00,29.49081965
1,2021-01-04 08:00:00,23.95691633
1,2021-01-04 09:00:00,26.28010139
1,2021-01-04 10:00:00,34.17786284
1,2021-01-04 11:00:00,34.18112522
1,2021-01-04 12:00:00,30.18015207
1,2021-01-04 13:00:00,25.42384908
1,2021-01-04 14:00:00,33.28547678
1,2021-01-04 15:00:00,31.60344673
1,2021-01-04 16:00:00,25.32380855
1,2021-01-04 17:00:00,22.95582411
1,2021-01-04 18:00:00,22.17726396
1,2021-01-04 19:00:00,22.22567113
1,2021-01-04 20:00:00,19.0788266
1,2021-01-04 21:00:00,15.90944129
1,2021-01-04 22:00:00,14.34845352
1,2021-01-04 23:00:00,14.36121435
1,2021-01-05 00:00:00,18.78209114
1,2021-01-05 01:00:00,19.61824886
1,2021-01-05 02:00:00,19.59222357
1,2021-01-05 03:00:00,19.59019303
1,2021-01-05 04:00:00,18.86760638
1,2021-01-05 05:00:00,19.63923375
1,2021-01-05 06:00:00,21.19758419
1,2021-01-05 07:00:00,22.69701115
1,2021-01-05 08:00:00,22.73194443
1,2021-01-05 09:00:00,20.3822418
1,2021-01-05 10:00:00,18.04883494
1,2021-01-05 11:00:00,20.36686214
1,2021-01-05 12:00:00,17.27254837
1,2021-01-05 13:00:00,18.77979279
1,2021-01-05 14:00:00,16.47474055
1,2021-01-05 15:00:00,18.82649384
1,2021-01-05 16:00:00,18.01314362
1,2021-01-05 17:00:00,18.02426434
1,2021-01-05 18:00:00,18.01822877
1,2021-01-05 19:00:00,18.04669717
1,2021-01-05 20:00:00,17.26043769
1,2021-01-05 21:00:00,17.25285866
1,2021-01-05 22:00:00,18.05405754
1,2021-01-05 23:00:00,17.25531725
1,2021-01-06 00:00:00,22.91899653
1,2021-01-06 01:00:00,27.61779666
1,2021-01-06 02:00:00,25.99880022
1,2021-01-06 03:00:00,22.04406484
1,2021-01-06 04:00:00,29.08934715
1,2021-01-06 05:00:00,25.22087097
1,2021-01-06 06:00:00,31.44599424
1,2021-01-06 07:00:00,33.02081884
1,2021-01-06 08:00:00,37.82202176
1,2021-01-06 09:00:00,36.26291403
1,2021-01-06 10:00:00,33.90657409
1,2021-01-06 11:00:00,33.15358439
1,2021-01-06 12:00:00,32.32532638
1,2021-01-06 13:00:00,25.22373018
1,2021-01-06 14:00:00,28.36114849
1,2021-01-06 15:00:00,34.63084852
1,2021-01-06 16:00:00,28.36873332
1,2021-01-06 17:00:00,25.2623291
1,2021-01-06 18:00:00,32.2426937
1,2021-01-06 19:00:00,24.4642117
1,2021-01-06 20:00:00,22.10731284
1,2021-01-06 21:00:00,23.71972489
1,2021-01-06 22:00:00,24.45876948
1,2021-01-06 23:00:00,23.62565255
1,2021-01-07 00:00:00,21.66822481
1,2021-01-07 01:00:00,21.69006188
1,2021-01-07 02:00:00,21.6784544
1,2021-01-07 03:00:00,22.44363344
1,2021-01-07 04:00:00,21.60713768
1,2021-01-07 05:00:00,22.47664025
1,2021-01-07 06:00:00,27.88448992
1,2021-01-07 07:00:00,35.7307724
1,2021-01-07 08:00:00,37.41602769
1,2021-01-07 09:00:00,33.466686100000004
1,2021-01-07 10:00:00,31.10140281
1,2021-01-07 11:00:00,23.20394659
1,2021-01-07 12:00:00,30.34398894
1,2021-01-07 13:00:00,25.60000291
1,2021-01-07 14:00:00,23.21890418
1,2021-01-07 15:00:00,30.36897379
1,2021-01-07 16:00:00,25.581515300000003
1,2021-01-07 17:00:00,22.43953451
1,2021-01-07 18:00:00,29.69293166
1,2021-01-07 19:00:00,20.95788396
1,2021-01-07 20:00:00,20.96777363
1,2021-01-07 21:00:00,21.70860339
1,2021-01-07 22:00:00,21.72442118
1,2021-01-07 23:00:00,20.94557383
1,2021-01-08 00:00:00,23.98764849
1,2021-01-08 01:00:00,24.06119587
1,2021-01-08 02:00:00,24.02670145
1,2021-01-08 03:00:00,24.86551137
1,2021-01-08 04:00:00,24.80807193
1,2021-01-08 05:00:00,29.60029613
1,2021-01-08 06:00:00,24.10797834
1,2021-01-08 07:00:00,28.89597955
1,2021-01-08 08:00:00,32.04007628
1,2021-01-08 09:00:00,28.91680527
1,2021-01-08 10:00:00,25.69163768
1,2021-01-08 11:00:00,21.73892978
1,2021-01-08 12:00:00,20.85395384
1,2021-01-08 13:00:00,22.53208525
1,2021-01-08 14:00:00,22.48773098
1,2021-01-08 15:00:00,21.73040606
1,2021-01-08 16:00:00,22.47659365
1,2021-01-08 17:00:00,22.43326644
1,2021-01-08 18:00:00,23.97169494
1,2021-01-08 19:00:00,24.8251845
1,2021-01-08 20:00:00,24.81062428
1,2021-01-08 21:00:00,23.20205073
1,2021-01-08 22:00:00,24.75952061
1,2021-01-08 23:00:00,24.86055143
1,2021-01-09 00:00:00,15.43142082
1,2021-01-09 01:00:00,14.5640735
1,2021-01-09 02:00:00,15.37397226
1,2021-01-09 03:00:00,16.180185899999998
1,2021-01-09 04:00:00,16.16739065
1,2021-01-09 05:00:00,16.06358023
1,2021-01-09 06:00:00,20.05438628
1,2021-01-09 07:00:00,28.81380558
1,2021-01-09 08:00:00,32.0261398
1,2021-01-09 09:00:00,22.47832154
1,2021-01-09 10:00:00,20.10483701
1,2021-01-09 11:00:00,23.34626053
1,2021-01-09 12:00:00,22.64116068
1,2021-01-09 13:00:00,22.69240189
1,2021-01-09 14:00:00,21.90817165
1,2021-01-09 15:00:00,20.33670743
1,2021-01-09 16:00:00,22.74020396
1,2021-01-09 17:00:00,22.86630458
1,2021-01-09 18:00:00,20.39915816
1,2021-01-09 19:00:00,18.78097658
1,2021-01-09 20:00:00,17.13075468
1,2021-01-09 21:00:00,15.51211209
1,2021-01-09 22:00:00,13.76171723
1,2021-01-09 23:00:00,16.14657567
1,2021-01-10 00:00:00,16.81795514
1,2021-01-10 01:00:00,16.07561576
1,2021-01-10 02:00:00,17.56233136
1,2021-01-10 03:00:00,16.83805676
1,2021-01-10 04:00:00,17.6093271
1,2021-01-10 05:00:00,16.83439812
1,2021-01-10 11:00:00,37.51792791
1,2021-01-10 12:00:00,21.63874215
1,2021-01-10 13:00:00,16.78922606
1,2021-01-10 14:00:00,20.02243999
1,2021-01-10 15:00:00,19.22165398
1,2021-01-10 16:00:00,20.05748584
1,2021-01-10 17:00:00,20.0175068
1,2021-01-10 18:00:00,18.42670151
1,2021-01-10 19:00:00,18.42941814
1,2021-01-10 20:00:00,18.42705505
1,2021-01-10 21:00:00,17.64745378
1,2021-01-10 22:00:00,16.82629457
1,2021-01-10 23:00:00,17.57238293
1,2021-01-11 00:00:00,16.32654252
1,2021-01-11 01:00:00,17.1714168
1,2021-01-11 02:00:00,17.13930322
1,2021-01-11 03:00:00,17.956215300000004
1,2021-01-11 04:00:00,18.79025116
1,2021-01-11 05:00:00,20.41959223
1,2021-01-11 06:00:00,22.61436999
1,2021-01-11 07:00:00,33.08679891
1,2021-01-11 08:00:00,25.84304351
1,2021-01-11 09:00:00,19.41787033
1,2021-01-11 10:00:00,19.37204933
1,2021-01-11 11:00:00,19.40863673
1,2021-01-11 12:00:00,19.46033035
1,2021-01-11 13:00:00,19.4805069
1,2021-01-11 14:00:00,22.79048456
1,2021-01-11 15:00:00,20.38809133
1,2021-01-11 16:00:00,19.54770263
1,2021-01-11 17:00:00,18.73216972
1,2021-01-11 18:00:00,16.35077348
1,2021-01-11 19:00:00,17.10592377
1,2021-01-11 20:00:00,14.68987354
1,2021-01-11 21:00:00,15.54302173
1,2021-01-11 22:00:00,17.141749
1,2021-01-11 23:00:00,15.56800992
1,2021-01-12 00:00:00,13.06926992
1,2021-01-12 01:00:00,12.21570026
1,2021-01-12 02:00:00,12.24809971
1,2021-01-12 03:00:00,12.216205
1,2021-01-12 04:00:00,12.24699447
1,2021-01-12 05:00:00,12.21499458
1,2021-01-12 06:00:00,20.34052128
1,2021-01-12 07:00:00,23.55182227
1,2021-01-12 08:00:00,29.9895527
1,2021-01-12 09:00:00,23.49789439
1,2021-01-12 10:00:00,28.37366279
1,2021-01-12 11:00:00,29.14689544
1,2021-01-12 12:00:00,25.15892402
1,2021-01-12 13:00:00,31.48218784
1,2021-01-12 14:00:00,29.10592242
1,2021-01-12 15:00:00,25.13604895
1,2021-01-12 16:00:00,26.75310727
1,2021-01-12 18:00:00,17.85912496
1,2021-01-12 19:00:00,26.92900684
1,2021-01-12 20:00:00,18.8246196
1,2021-01-12 21:00:00,13.91697235
1,2021-01-12 22:00:00,12.23589106
1,2021-01-12 23:00:00,13.85244885
1,2021-01-17 00:00:00,26.58834076
1,2021-01-17 01:00:00,27.49338486
1,2021-01-17 02:00:00,14.66095507
1,2021-01-17 03:00:00,28.96876333
1,2021-01-17 04:00:00,25.94968321
1,2021-01-17 05:00:00,29.03845596
1,2021-01-17 07:00:00,4.884942059
1,2021-01-17 08:00:00,8.150841284
1,2021-01-17 09:00:00,8.922994045
1,2021-01-17 10:00:00,8.960219431
1,2021-01-17 11:00:00,8.105095351000001
1,2021-01-17 12:00:00,12.98350288
1,2021-01-17 13:00:00,10.57272758
1,2021-01-17 14:00:00,11.32978016
1,2021-01-17 15:00:00,12.94669938
1,2021-01-17 16:00:00,16.24366112
1,2021-01-17 17:00:00,19.44950062
1,2021-01-17 18:00:00,25.01668141
1,2021-01-17 19:00:00,25.86633169
1,2021-01-17 20:00:00,19.41967079
1,2021-01-17 21:00:00,21.82701757
1,2021-01-17 22:00:00,27.52401711
1,2021-01-17 23:00:00,18.65230374
1,2021-01-18 00:00:00,12.96155667
1,2021-01-18 01:00:00,12.92460434
1,2021-01-18 02:00:00,13.72403976
1,2021-01-18 03:00:00,12.94933988
1,2021-01-18 04:00:00,13.7823832
1,2021-01-18 05:00:00,13.76552289
1,2021-01-18 06:00:00,29.84672054
1,2021-01-18 07:00:00,41.78052635
1,2021-01-18 08:00:00,28.26547812
1,2021-01-18 09:00:00,12.9813405
1,2021-01-18 10:00:00,14.55387574
1,2021-01-18 11:00:00,20.97388506
1,2021-01-18 12:00:00,14.54948622
1,2021-01-18 13:00:00,14.52767487
1,2021-01-18 14:00:00,18.58414347
1,2021-01-18 15:00:00,19.34825041
1,2021-01-18 16:00:00,12.97106601
1,2021-01-18 17:00:00,14.56656271
1,2021-01-18 18:00:00,12.97883906
1,2021-01-18 19:00:00,13.77953403
1,2021-01-18 20:00:00,13.73771396
1,2021-01-18 21:00:00,13.75712979
1,2021-01-18 22:00:00,13.75682266
1,2021-01-18 23:00:00,13.75424466
1,2021-01-19 00:00:00,13.83105454
1,2021-01-19 01:00:00,13.82642448
1,2021-01-19 02:00:00,13.82221842
1,2021-01-19 03:00:00,13.82544057
1,2021-01-19 04:00:00,15.39005806
1,2021-01-19 05:00:00,16.2411484
1,2021-01-19 06:00:00,14.52784557
1,2021-01-19 07:00:00,18.54734161
1,2021-01-19 08:00:00,18.62137196
1,2021-01-19 09:00:00,24.23965108
1,2021-01-19 10:00:00,19.397388600000006
1,2021-01-19 11:00:00,20.19644942
1,2021-01-19 12:00:00,22.53101841
1,2021-01-19 13:00:00,19.39649601
1,2021-01-19 14:00:00,25.01019295
1,2021-01-19 15:00:00,19.3521862
1,2021-01-19 16:00:00,21.80240948
1,2021-01-19 17:00:00,17.83107317
1,2021-01-19 18:00:00,12.175156
1,2021-01-19 19:00:00,13.02402634
1,2021-01-19 20:00:00,13.01761086
1,2021-01-19 21:00:00,12.98888963
1,2021-01-19 22:00:00,13.82610104
1,2021-01-19 23:00:00,13.82659571
1,2021-01-20 00:00:00,12.97768238
1,2021-01-20 01:00:00,14.58662058
1,2021-01-20 02:00:00,13.74366034
1,2021-01-20 03:00:00,13.77059462
1,2021-01-20 04:00:00,15.38000346
1,2021-01-20 05:00:00,15.39848428
1,2021-01-20 06:00:00,21.04470272
1,2021-01-20 07:00:00,20.23834355
1,2021-01-20 08:00:00,15.36342452
1,2021-01-20 09:00:00,17.02287565
1,2021-01-20 10:00:00,24.18933868
1,2021-01-20 11:00:00,26.59899824
1,2021-01-20 12:00:00,18.605708
1,2021-01-20 13:00:00,22.60513659
1,2021-01-20 14:00:00,21.74424362
1,2021-01-20 15:00:00,16.93087949
1,2021-01-20 16:00:00,22.54246966
1,2021-01-20 17:00:00,16.18549962
1,2021-01-20 18:00:00,12.13896781
1,2021-01-20 19:00:00,13.03993208
1,2021-01-20 20:00:00,13.76415896
1,2021-01-20 21:00:00,12.18163548
1,2021-01-20 22:00:00,13.796483300000002
1,2021-01-20 23:00:00,12.98713414
1,2021-01-21 00:00:00,11.38673
1,2021-01-21 01:00:00,12.202893
1,2021-01-21 02:00:00,12.17846738
1,2021-01-21 03:00:00,12.1820159
1,2021-01-21 04:00:00,12.99313761
1,2021-01-21 05:00:00,14.61733886
1,2021-01-21 06:00:00,16.14773728
1,2021-01-21 07:00:00,22.64248091
1,2021-01-21 08:00:00,17.7473618
1,2021-01-21 09:00:00,22.60375297
1,2021-01-21 10:00:00,24.07687889
1,2021-01-21 11:00:00,26.51887846
1,2021-01-21 12:00:00,23.30345027
1,2021-01-21 13:00:00,20.16624906
1,2021-01-21 14:00:00,24.17293549
1,2021-01-21 15:00:00,21.70260286
1,2021-01-21 16:00:00,20.16409502
1,2021-01-21 17:00:00,16.17663882
1,2021-01-21 18:00:00,12.91987861
1,2021-01-21 19:00:00,12.13824923
1,2021-01-21 20:00:00,12.97540228
1,2021-01-21 21:00:00,12.14424223
1,2021-01-21 22:00:00,12.14168168
1,2021-01-21 23:00:00,13.76861322
1,2021-01-22 00:00:00,13.0322825
1,2021-01-22 01:00:00,13.04299256
1,2021-01-22 02:00:00,13.07634691
1,2021-01-22 03:00:00,13.87883513
1,2021-01-22 04:00:00,13.862686300000002
1,2021-01-22 05:00:00,13.84702127
1,2021-01-22 06:00:00,16.20455743
1,2021-01-22 07:00:00,12.18863292
1,2021-01-22 08:00:00,8.90765057
1,2021-01-22 09:00:00,11.31211453
1,2021-01-22 10:00:00,31.33207774
1,2021-01-22 11:00:00,21.74664259
1,2021-01-22 12:00:00,20.14143268
1,2021-01-22 13:00:00,24.06904323
1,2021-01-22 14:00:00,33.6527916
1,2021-01-22 15:00:00,19.34225464
1,2021-01-22 16:00:00,22.5711277
1,2021-01-22 17:00:00,20.11224032
1,2021-01-22 18:00:00,15.40106324
1,2021-01-22 19:00:00,14.51037641
1,2021-01-22 20:00:00,13.79755826
1,2021-01-22 21:00:00,12.95505931
1,2021-01-22 22:00:00,12.98951147
1,2021-01-22 23:00:00,12.98179345
1,2021-01-23 00:00:00,12.93426287
1,2021-01-23 01:00:00,12.9917148
1,2021-01-23 02:00:00,11.37875156
1,2021-01-23 03:00:00,11.40237873
1,2021-01-23 04:00:00,12.23247159
1,2021-01-23 05:00:00,11.41428251
1,2021-01-23 06:00:00,14.59465672
1,2021-01-23 07:00:00,13.86609891
1,2021-01-23 08:00:00,13.02872855
1,2021-01-23 09:00:00,12.98074225
1,2021-01-23 10:00:00,15.39537206
1,2021-01-23 11:00:00,13.81630275
1,2021-01-23 12:00:00,13.80178223
1,2021-01-23 13:00:00,14.5976677
1,2021-01-23 14:00:00,14.53710231
1,2021-01-23 15:00:00,14.54769598
1,2021-01-23 16:00:00,15.36931115
1,2021-01-23 17:00:00,14.55258757
1,2021-01-23 18:00:00,14.5260496
1,2021-01-23 19:00:00,13.75072081
1,2021-01-23 20:00:00,14.51189984
1,2021-01-23 21:00:00,13.72675917
1,2021-01-23 22:00:00,13.70548016
1,2021-01-23 23:00:00,13.75497444
1,2021-01-24 00:00:00,12.23502287
1,2021-01-24 01:00:00,11.41975648
1,2021-01-24 02:00:00,11.40211988
1,2021-01-24 03:00:00,11.39301751
1,2021-01-24 04:00:00,11.36582604
1,2021-01-24 05:00:00,13.84348927
1,2021-01-24 06:00:00,12.16536174
1,2021-01-24 07:00:00,12.14073451
1,2021-01-24 08:00:00,11.3101706
1,2021-01-24 09:00:00,13.71403906
1,2021-01-24 10:00:00,12.05962913
1,2021-01-24 11:00:00,12.05162864
1,2021-01-24 12:00:00,12.08225656
1,2021-01-24 13:00:00,12.04690417
1,2021-01-24 14:00:00,12.86742843
1,2021-01-24 15:00:00,12.20826438
1,2021-01-24 16:00:00,12.19080772
1,2021-01-24 17:00:00,12.22873739
1,2021-01-24 18:00:00,12.25534555
1,2021-01-24 19:00:00,11.40045583
1,2021-01-24 20:00:00,11.39516676
1,2021-01-24 21:00:00,12.19428871
1,2021-01-24 22:00:00,11.35219913
1,2021-01-24 23:00:00,11.40337827
1,2021-01-25 00:00:00,13.01723084
1,2021-01-25 01:00:00,12.21255932
1,2021-01-25 02:00:00,11.40788407
1,2021-01-25 03:00:00,13.01283572
1,2021-01-25 04:00:00,12.23878006
1,2021-01-25 05:00:00,16.21295321
1,2021-01-25 06:00:00,13.80647864
1,2021-01-25 07:00:00,14.54784803
1,2021-01-25 08:00:00,20.99486516
1,2021-01-25 09:00:00,20.18742907
1,2021-01-25 10:00:00,23.39750414
1,2021-01-25 11:00:00,18.55715117
1,2021-01-25 12:00:00,17.8886393
1,2021-01-25 13:00:00,17.00055091
1,2021-01-25 14:00:00,16.21675833
1,2021-01-25 15:00:00,16.99078115
1,2021-01-25 16:00:00,17.03616826
1,2021-01-25 17:00:00,15.44385222
1,2021-01-25 18:00:00,13.8394953
1,2021-01-25 19:00:00,12.96684398
1,2021-01-25 20:00:00,13.00921725
1,2021-01-25 21:00:00,13.01458353
1,2021-01-25 22:00:00,12.20160775
1,2021-01-25 23:00:00,13.793919099999998
1,2021-01-26 00:00:00,12.28495174
1,2021-01-26 01:00:00,13.13319951
1,2021-01-26 02:00:00,13.18204876
1,2021-01-26 03:00:00,13.14634779
1,2021-01-26 04:00:00,13.07425362
1,2021-01-26 05:00:00,13.82043804
1,2021-01-26 06:00:00,16.26213989
1,2021-01-26 07:00:00,17.0750802
1,2021-01-26 08:00:00,17.05303826
1,2021-01-26 09:00:00,17.88288023
1,2021-01-26 10:00:00,16.15646839
1,2021-01-26 11:00:00,17.00325432
1,2021-01-26 12:00:00,17.8475126
1,2021-01-26 13:00:00,16.23177164
1,2021-01-26 14:00:00,17.063273300000002
1,2021-01-26 15:00:00,17.06966191
1,2021-01-26 16:00:00,16.30012138
1,2021-01-26 17:00:00,16.2661021
1,2021-01-26 18:00:00,13.03373145
1,2021-01-26 19:00:00,12.27364496
1,2021-01-26 20:00:00,12.28409971
1,2021-01-26 21:00:00,12.2061724
1,2021-01-26 22:00:00,12.27988277
1,2021-01-26 23:00:00,12.30204632
1,2021-01-27 00:00:00,12.20630951
1,2021-01-27 01:00:00,13.00510234
1,2021-01-27 02:00:00,13.01634158
1,2021-01-27 03:00:00,12.18603662
1,2021-01-27 04:00:00,13.83822999
1,2021-01-27 05:00:00,14.64025064
1,2021-01-27 06:00:00,17.10038092
1,2021-01-27 07:00:00,16.24197586
1,2021-01-27 08:00:00,16.99577142
1,2021-01-27 09:00:00,25.04776329
1,2021-01-27 10:00:00,24.18853045
1,2021-01-27 11:00:00,21.80479355
1,2021-01-27 12:00:00,20.19575862
1,2021-01-27 13:00:00,25.77861532
1,2021-01-27 14:00:00,25.74637774
1,2021-01-27 15:00:00,22.59931165
1,2021-01-27 16:00:00,19.41321343
1,2021-01-27 17:00:00,16.95423484
1,2021-01-27 18:00:00,13.83935523
1,2021-01-27 19:00:00,13.75971994
1,2021-01-27 20:00:00,14.57511616
1,2021-01-27 21:00:00,12.18274552
1,2021-01-27 22:00:00,12.19380869
1,2021-01-27 23:00:00,12.95222629
1,2021-01-28 00:00:00,12.96205824
1,2021-01-28 01:00:00,13.77832997
1,2021-01-28 02:00:00,12.967944
1,2021-01-28 03:00:00,12.95777699
1,2021-01-28 04:00:00,13.78462343
1,2021-01-28 05:00:00,14.55686664
1,2021-01-28 06:00:00,17.07125859
1,2021-01-28 07:00:00,22.68601915
1,2021-01-28 08:00:00,18.62591147
1,2021-01-28 09:00:00,16.21437615
1,2021-01-28 10:00:00,19.45986812
1,2021-01-28 11:00:00,18.63390145
1,2021-01-28 12:00:00,19.42468988
1,2021-01-28 13:00:00,19.41971777
1,2021-01-28 14:00:00,24.25772945
1,2021-01-28 15:00:00,29.79603227
1,2021-01-28 16:00:00,25.85411577
1,2021-01-28 17:00:00,19.38127997
1,2021-01-28 18:00:00,13.79350984
1,2021-01-28 19:00:00,14.54106005
1,2021-01-28 20:00:00,14.57441238
1,2021-01-28 21:00:00,13.77766271
1,2021-01-28 22:00:00,12.16754821
1,2021-01-28 23:00:00,12.97770413
1,2021-01-29 00:00:00,14.54486144
1,2021-01-29 01:00:00,12.94021581
1,2021-01-29 02:00:00,14.60121806
1,2021-01-29 03:00:00,17.01938439
1,2021-01-29 04:00:00,16.94681055
1,2021-01-29 05:00:00,16.9904549
1,2021-01-29 06:00:00,22.61587694
1,2021-01-29 07:00:00,29.06953608
1,2021-01-29 08:00:00,25.80207841
1,2021-01-29 09:00:00,24.21318789
1,2021-01-29 10:00:00,29.03638458
1,2021-01-29 11:00:00,25.86266131
1,2021-01-29 12:00:00,28.29062583
1,2021-01-29 13:00:00,25.79063161
1,2021-01-29 14:00:00,26.65166121
1,2021-01-29 15:00:00,26.61873412
1,2021-01-29 16:00:00,25.02879213
1,2021-01-29 17:00:00,24.17723415
1,2021-01-29 18:00:00,15.33526187
1,2021-01-29 19:00:00,16.14810377
1,2021-01-29 20:00:00,16.95806418
1,2021-01-29 21:00:00,17.01136389
1,2021-01-29 22:00:00,21.83339056
1,2021-01-29 23:00:00,21.07636306
1,2021-01-30 00:00:00,16.93275905
1,2021-01-30 01:00:00,16.23008478
1,2021-01-30 02:00:00,18.55187527
1,2021-01-30 03:00:00,21.9089041
1,2021-01-30 04:00:00,15.4081869
1,2021-01-30 05:00:00,12.9685685
1,2021-01-30 06:00:00,20.94849094
1,2021-01-30 07:00:00,21.01097467
1,2021-01-30 08:00:00,12.96523016
1,2021-01-30 09:00:00,15.31735326
1,2021-01-30 10:00:00,16.16194271
1,2021-01-30 11:00:00,16.96911872
1,2021-01-30 12:00:00,20.95374342
1,2021-01-30 13:00:00,20.89365975
1,2021-01-30 14:00:00,16.12455286
1,2021-01-30 15:00:00,17.74784546
1,2021-01-30 16:00:00,20.20619386
1,2021-01-30 17:00:00,19.39895779
1,2021-01-30 18:00:00,16.96410168
1,2021-01-30 19:00:00,17.01492055
1,2021-01-30 20:00:00,22.62340945
1,2021-01-30 21:00:00,13.80697603
1,2021-01-30 22:00:00,15.34106334
1,2021-01-30 23:00:00,16.23480032
1,2021-01-31 00:00:00,21.05109673
1,2021-01-31 01:00:00,15.36208012
1,2021-01-31 02:00:00,13.81387847
1,2021-01-31 03:00:00,16.15211443
1,2021-01-31 04:00:00,20.20528656
1,2021-01-31 05:00:00,21.78994099
1,2021-01-31 06:00:00,18.58981671
1,2021-01-31 07:00:00,21.0932868
1,2021-01-31 08:00:00,16.19220196
1,2021-01-31 09:00:00,13.81852062
1,2021-01-31 10:00:00,16.20599311
1,2021-01-31 11:00:00,20.21676151
1,2021-01-31 12:00:00,18.59577022
1,2021-01-31 13:00:00,25.01479483
1,2021-01-31 14:00:00,20.28594562
1,2021-01-31 15:00:00,16.96805358
1,2021-01-31 16:00:00,18.55583224
1,2021-01-31 17:00:00,19.43658387
1,2021-01-31 18:00:00,19.46813383
1,2021-01-31 19:00:00,18.61071684
1,2021-01-31 20:00:00,16.15324417
1,2021-01-31 21:00:00,16.96590507
1,2021-01-31 22:00:00,17.00727398
1,2021-01-31 23:00:00,20.20666419
1,2021-02-02 00:00:00,16.94298629
1,2021-02-02 01:00:00,16.9494253
1,2021-02-02 02:00:00,16.92235828
1,2021-02-02 03:00:00,17.7614439
1,2021-02-02 04:00:00,17.75935332
1,2021-02-02 05:00:00,18.59454471
1,2021-02-02 06:00:00,19.3381529
1,2021-02-02 07:00:00,24.95073748
1,2021-02-02 08:00:00,24.17765979
1,2021-02-02 09:00:00,21.75982742
1,2021-02-02 10:00:00,20.94989894
1,2021-02-02 11:00:00,20.93194971
1,2021-02-02 12:00:00,16.87837195
1,2021-02-02 13:00:00,19.29482513
1,2021-02-02 14:00:00,20.92952543
1,2021-02-02 15:00:00,21.70223165
1,2021-02-02 16:00:00,20.09260456
1,2021-02-02 17:00:00,20.90694501
1,2021-02-02 18:00:00,17.71667594
1,2021-02-02 19:00:00,16.12738598
1,2021-02-02 20:00:00,16.86667776
1,2021-02-02 21:00:00,16.09964275
1,2021-02-02 22:00:00,15.29988521
1,2021-02-02 23:00:00,16.08745734
1,2021-02-03 00:00:00,19.98519421
1,2021-02-03 01:00:00,20.74369224
1,2021-02-03 02:00:00,21.56206846
1,2021-02-03 03:00:00,19.85718608
1,2021-02-03 04:00:00,19.85615286
1,2021-02-03 05:00:00,19.84614911
1,2021-02-03 06:00:00,21.66766803
1,2021-02-03 07:00:00,27.15787228
1,2021-02-03 08:00:00,23.22203934
1,2021-02-03 09:00:00,24.70618554
1,2021-02-03 10:00:00,29.51872248
1,2021-02-03 11:00:00,20.80289749
1,2021-02-03 12:00:00,23.94394875
1,2021-02-03 13:00:00,26.30144585
1,2021-02-03 14:00:00,22.33119995
1,2021-02-03 15:00:00,26.33413945
1,2021-02-03 16:00:00,30.31530114
1,2021-02-03 17:00:00,22.37040075
1,2021-02-03 18:00:00,20.00238273
1,2021-02-03 19:00:00,24.74036813
1,2021-02-03 20:00:00,19.22370674
1,2021-02-03 21:00:00,19.20864361
1,2021-02-03 22:00:00,20.80201969
1,2021-02-03 23:00:00,20.78450108
1,2021-02-04 00:00:00,15.176906900000002
1,2021-02-04 01:00:00,14.45887825
1,2021-02-04 02:00:00,14.41936694
1,2021-02-04 03:00:00,15.19628658
1,2021-02-04 04:00:00,15.19887545
1,2021-02-04 05:00:00,14.35835972
1,2021-02-04 06:00:00,15.29996848
1,2021-02-04 07:00:00,18.50302196
1,2021-02-04 08:00:00,17.62922183
1,2021-02-04 09:00:00,19.98571356
1,2021-02-04 10:00:00,20.01922884
1,2021-02-04 11:00:00,23.12778137
1,2021-02-04 12:00:00,22.41014057
1,2021-02-04 13:00:00,22.32887872
1,2021-02-04 14:00:00,23.09844464
1,2021-02-04 15:00:00,23.14401714
1,2021-02-04 16:00:00,23.14593697
1,2021-02-04 17:00:00,21.5778265
1,2021-02-04 18:00:00,18.3615075
1,2021-02-04 19:00:00,16.80905195
1,2021-02-04 20:00:00,15.21567433
1,2021-02-04 21:00:00,16.00781812
1,2021-02-04 22:00:00,14.41925075
1,2021-02-04 23:00:00,14.46002901
1,2021-02-05 00:00:00,18.0478696
1,2021-02-05 01:00:00,17.36551566
1,2021-02-05 02:00:00,17.29719305
1,2021-02-05 03:00:00,18.88109649
1,2021-02-05 04:00:00,18.80126381
1,2021-02-05 05:00:00,20.38166006
1,2021-02-05 06:00:00,18.87490572
1,2021-02-05 07:00:00,18.07810972
1,2021-02-05 08:00:00,18.78889656
1,2021-02-05 09:00:00,18.01004736
1,2021-02-05 10:00:00,17.19249868
1,2021-02-05 11:00:00,18.00741865
1,2021-02-05 12:00:00,18.73025295
1,2021-02-05 13:00:00,18.83091855
1,2021-02-05 14:00:00,17.21481355
1,2021-02-05 15:00:00,18.05066312
1,2021-02-05 16:00:00,17.25786696
1,2021-02-05 17:00:00,17.23196189
1,2021-02-05 18:00:00,17.27939841
1,2021-02-05 19:00:00,17.25222255
1,2021-02-05 20:00:00,18.013988100000006
1,2021-02-05 21:00:00,18.82276917
1,2021-02-05 22:00:00,18.06611844
1,2021-02-05 23:00:00,18.05926549
1,2021-02-06 00:00:00,27.46010401
1,2021-02-06 01:00:00,19.68941779
1,2021-02-06 02:00:00,21.21138954
1,2021-02-06 03:00:00,28.29143715
1,2021-02-06 04:00:00,20.41291571
1,2021-02-06 05:00:00,21.99003379
1,2021-02-06 06:00:00,27.4873687
1,2021-02-06 07:00:00,39.04311466
1,2021-02-06 08:00:00,39.1995021
1,2021-02-06 09:00:00,35.41641814
1,2021-02-06 10:00:00,34.56794326
1,2021-02-06 11:00:00,25.18575538
1,2021-02-06 12:00:00,27.45286743
1,2021-02-06 13:00:00,32.95032018
1,2021-02-06 14:00:00,31.36334737
1,2021-02-06 15:00:00,23.5226512
1,2021-02-06 16:00:00,29.73209981
1,2021-02-06 17:00:00,33.63649087
1,2021-02-06 18:00:00,25.89682817
1,2021-02-06 19:00:00,23.55416775
1,2021-02-06 20:00:00,27.42399495
1,2021-02-06 21:00:00,24.35092529
1,2021-02-06 22:00:00,22.79071848
1,2021-02-06 23:00:00,25.94616461
1,2021-02-07 00:00:00,22.46166897
1,2021-02-07 01:00:00,23.25786074
1,2021-02-07 02:00:00,23.25839543
1,2021-02-07 03:00:00,30.44391524
1,2021-02-07 04:00:00,20.93649073
1,2021-02-07 05:00:00,23.26629369
1,2021-02-07 06:00:00,26.39383114
1,2021-02-07 07:00:00,36.71591795
1,2021-02-07 08:00:00,37.59940039
1,2021-02-07 09:00:00,34.48904893
1,2021-02-07 10:00:00,32.85170913
1,2021-02-07 11:00:00,30.44485853
1,2021-02-07 12:00:00,25.71169027
1,2021-02-07 13:00:00,29.64796879
1,2021-02-07 14:00:00,33.66205208
1,2021-02-07 15:00:00,26.46737276
1,2021-02-07 16:00:00,27.28207127
1,2021-02-07 17:00:00,33.55162211
1,2021-02-07 18:00:00,24.85552939
1,2021-02-07 19:00:00,20.88628788
1,2021-02-07 20:00:00,23.27723877
1,2021-02-07 21:00:00,29.68670758
1,2021-02-07 22:00:00,20.05013029
1,2021-02-07 23:00:00,21.70409538
1,2021-02-08 00:00:00,22.36208764
1,2021-02-08 01:00:00,23.15280876
1,2021-02-08 02:00:00,22.33320808
1,2021-02-08 03:00:00,23.19252971
1,2021-02-08 04:00:00,23.17449006
1,2021-02-08 05:00:00,24.82324083
1,2021-02-08 06:00:00,34.35767849
1,2021-02-08 07:00:00,35.06119696
1,2021-02-08 09:00:00,46.95187969
1,2021-02-08 10:00:00,37.66613688
1,2021-02-08 11:00:00,36.03310841
1,2021-02-08 12:00:00,32.84481465
1,2021-02-08 13:00:00,28.12476139
1,2021-02-08 14:00:00,29.67964325
1,2021-02-08 15:00:00,29.68161686
1,2021-02-08 16:00:00,28.91331612
1,2021-02-08 17:00:00,28.92597857
1,2021-02-08 18:00:00,28.88580478
1,2021-02-08 19:00:00,26.54270025
1,2021-02-08 20:00:00,26.42051237
1,2021-02-08 21:00:00,25.59182507
1,2021-02-08 22:00:00,20.03299607
1,2021-02-08 23:00:00,21.55663061
1,2021-02-09 00:00:00,18.39811
1,2021-02-09 01:00:00,17.6475697
1,2021-02-09 02:00:00,17.60091394
1,2021-02-09 03:00:00,17.64551828
1,2021-02-09 04:00:00,16.79858292
1,2021-02-09 05:00:00,17.62419076
1,2021-02-09 06:00:00,17.60994219
1,2021-02-09 07:00:00,20.74837653
1,2021-02-09 08:00:00,28.68842349
1,2021-02-09 09:00:00,23.14408859
1,2021-02-09 10:00:00,20.79052349
1,2021-02-09 11:00:00,23.95079374
1,2021-02-09 12:00:00,23.91037591
1,2021-02-09 13:00:00,23.95041704
1,2021-02-09 14:00:00,23.12181325
1,2021-02-09 15:00:00,21.55788803
1,2021-02-09 16:00:00,20.75182517
1,2021-02-09 17:00:00,20.74115483
1,2021-02-09 18:00:00,19.96174455
1,2021-02-09 19:00:00,18.44701834
1,2021-02-09 20:00:00,18.44125018
1,2021-02-09 21:00:00,18.38911928
1,2021-02-09 22:00:00,17.64788935
1,2021-02-09 23:00:00,19.24074295
1,2021-02-10 00:00:00,16.81698653
1,2021-02-10 01:00:00,18.41285456
1,2021-02-10 02:00:00,17.6015448
1,2021-02-10 03:00:00,17.54514631
1,2021-02-10 04:00:00,17.59241667
1,2021-02-10 05:00:00,18.39142925
1,2021-02-10 06:00:00,16.79516244
1,2021-02-10 07:00:00,18.40229761
1,2021-02-10 08:00:00,18.41697805
1,2021-02-10 09:00:00,17.61846399
1,2021-02-10 10:00:00,18.4188905
1,2021-02-10 11:00:00,17.62030048
1,2021-02-10 12:00:00,17.57409112
1,2021-02-10 13:00:00,16.81111799
1,2021-02-10 14:00:00,16.74781823
1,2021-02-10 15:00:00,15.99675971
1,2021-02-10 16:00:00,16.01498855
1,2021-02-10 17:00:00,16.76300716
1,2021-02-10 18:00:00,16.80220476
1,2021-02-10 19:00:00,16.76894021
1,2021-02-10 20:00:00,17.60831773
1,2021-02-10 21:00:00,17.59139153
1,2021-02-10 22:00:00,17.60225977
1,2021-02-10 23:00:00,17.62000433
1,2021-02-11 00:00:00,14.67418027
1,2021-02-11 01:00:00,15.46663557
1,2021-02-11 02:00:00,16.21457373
1,2021-02-11 03:00:00,16.25186219
1,2021-02-11 04:00:00,14.634402
1,2021-02-11 05:00:00,16.3655051
1,2021-02-11 06:00:00,21.20847541
1,2021-02-11 07:00:00,30.16919301
1,2021-02-11 08:00:00,19.56473824
1,2021-02-11 09:00:00,21.18236726
1,2021-02-11 10:00:00,21.92331863
1,2021-02-11 11:00:00,21.93309474
1,2021-02-11 12:00:00,21.1717995
1,2021-02-11 13:00:00,22.02567082
1,2021-02-11 14:00:00,21.95699215
1,2021-02-11 15:00:00,22.05083139
1,2021-02-11 16:00:00,22.84436576
1,2021-02-11 17:00:00,21.23905948
1,2021-02-11 18:00:00,18.01710227
1,2021-02-11 19:00:00,17.97769944
1,2021-02-11 20:00:00,16.34350938
1,2021-02-11 21:00:00,16.34526882
1,2021-02-11 22:00:00,15.47335755
1,2021-02-11 23:00:00,16.33305187
1,2021-02-12 00:00:00,15.55199555
1,2021-02-12 01:00:00,15.55052096
1,2021-02-12 02:00:00,14.7308453
1,2021-02-12 03:00:00,14.7311408
1,2021-02-12 04:00:00,14.73692608
1,2021-02-12 05:00:00,16.38377537
1,2021-02-12 06:00:00,14.69640231
1,2021-02-12 07:00:00,16.27533284
1,2021-02-12 08:00:00,16.32177657
1,2021-02-12 09:00:00,18.01420319
1,2021-02-12 10:00:00,27.87730106
1,2021-02-12 11:00:00,32.05494189
1,2021-02-12 12:00:00,30.31537158
1,2021-02-12 13:00:00,29.4961195
1,2021-02-12 14:00:00,27.89143562
1,2021-02-12 15:00:00,28.6891079
1,2021-02-12 16:00:00,26.3070522
1,2021-02-12 17:00:00,19.67890152
1,2021-02-12 18:00:00,16.42371736
1,2021-02-12 19:00:00,17.22593376
1,2021-02-12 20:00:00,16.37540508
1,2021-02-12 21:00:00,16.3890409
1,2021-02-12 22:00:00,15.53662131
1,2021-02-12 23:00:00,16.34800285
1,2021-02-13 00:00:00,17.85051596
1,2021-02-13 01:00:00,16.98166037
1,2021-02-13 02:00:00,17.00081188
1,2021-02-13 03:00:00,22.67182128
1,2021-02-13 04:00:00,21.78551316
1,2021-02-13 05:00:00,16.97448707
1,2021-02-13 06:00:00,16.50736187
1,2021-02-13 07:00:00,17.34199557
1,2021-02-13 08:00:00,18.14138842
1,2021-02-13 09:00:00,23.06859875
1,2021-02-13 10:00:00,19.79327696
1,2021-02-13 11:00:00,14.81467581
1,2021-02-13 12:00:00,16.45325055
1,2021-02-13 13:00:00,18.09773197
1,2021-02-13 14:00:00,20.52283883
1,2021-02-13 15:00:00,19.68218422
1,2021-02-13 16:00:00,18.6902625
1,2021-02-13 17:00:00,17.74786139
1,2021-02-13 18:00:00,18.54920658
1,2021-02-13 19:00:00,17.74922864
1,2021-02-13 20:00:00,16.97532185
1,2021-02-13 21:00:00,17.76956441
1,2021-02-13 22:00:00,18.59254799
1,2021-02-13 23:00:00,17.78653793
1,2021-02-14 00:00:00,17.76255316
1,2021-02-14 01:00:00,16.13888105
1,2021-02-14 02:00:00,17.01206885
1,2021-02-14 03:00:00,21.86361905
1,2021-02-14 04:00:00,17.81041932
1,2021-02-14 05:00:00,15.330001199999998
1,2021-02-14 06:00:00,16.92857504
1,2021-02-14 07:00:00,17.7482783
1,2021-02-14 08:00:00,17.77161895
1,2021-02-14 09:00:00,23.26314536
1,2021-02-14 10:00:00,16.90457643
1,2021-02-14 11:00:00,15.30332644
1,2021-02-14 12:00:00,18.52912753
1,2021-02-14 13:00:00,20.90898752
1,2021-02-14 14:00:00,19.34278297
1,2021-02-14 15:00:00,19.3450737
1,2021-02-14 16:00:00,19.38210184
1,2021-02-14 17:00:00,19.32687187
1,2021-02-14 18:00:00,17.74886885
1,2021-02-14 19:00:00,18.54899577
1,2021-02-14 20:00:00,18.54478252
1,2021-02-14 21:00:00,17.7367056
1,2021-02-14 22:00:00,17.73605897
1,2021-02-14 23:00:00,16.10425472
1,2021-02-15 00:00:00,18.51507542
1,2021-02-15 01:00:00,18.55401745
1,2021-02-15 02:00:00,18.51902489
1,2021-02-15 03:00:00,18.48638431
1,2021-02-15 04:00:00,18.54979446
1,2021-02-15 05:00:00,18.553656
1,2021-02-15 06:00:00,18.60058798
1,2021-02-15 07:00:00,25.80905178
1,2021-02-15 08:00:00,23.43726434
1,2021-02-15 09:00:00,16.94300461
1,2021-02-15 10:00:00,20.96799262
1,2021-02-15 11:00:00,30.49803654
1,2021-02-15 12:00:00,25.66998464
1,2021-02-15 13:00:00,19.2627964
1,2021-02-15 14:00:00,22.42629903
1,2021-02-15 15:00:00,27.98856734
1,2021-02-15 16:00:00,27.26802505
1,2021-02-15 17:00:00,23.32112511
1,2021-02-15 18:00:00,19.28870201
1,2021-02-15 19:00:00,20.94358255
1,2021-02-15 20:00:00,20.09007732
1,2021-02-15 21:00:00,20.0843056
1,2021-02-15 22:00:00,18.52342316
1,2021-02-15 23:00:00,18.53147047
1,2021-02-16 00:00:00,19.29858971
1,2021-02-16 01:00:00,18.56149292
1,2021-02-16 02:00:00,16.88045812
1,2021-02-16 03:00:00,16.87727547
1,2021-02-16 04:00:00,17.72943674
1,2021-02-16 05:00:00,18.49847571
1,2021-02-16 06:00:00,20.97499472
1,2021-02-16 07:00:00,27.35851034
1,2021-02-16 08:00:00,26.54283857
1,2021-02-16 09:00:00,23.31545552
1,2021-02-16 10:00:00,19.28863144
1,2021-02-16 11:00:00,24.85600495
1,2021-02-16 12:00:00,28.88622558
1,2021-02-16 13:00:00,25.60242999
1,2021-02-16 14:00:00,28.80705419
1,2021-02-16 15:00:00,27.30121819
1,2021-02-16 16:00:00,25.67184076
1,2021-02-16 17:00:00,20.90200758
1,2021-02-16 18:00:00,20.12415569
1,2021-02-16 19:00:00,20.86230167
1,2021-02-16 20:00:00,20.07297874
1,2021-02-16 21:00:00,18.53040067
1,2021-02-16 22:00:00,19.34046178
1,2021-02-16 23:00:00,19.30800438
1,2021-02-17 00:00:00,20.13235378
1,2021-02-17 01:00:00,19.38279661
1,2021-02-17 02:00:00,18.52419436
1,2021-02-17 03:00:00,17.72710258
1,2021-02-17 04:00:00,16.92607826
1,2021-02-17 05:00:00,20.94789492
1,2021-02-17 06:00:00,21.70148131
1,2021-02-17 07:00:00,24.93937016
1,2021-02-17 08:00:00,26.60346007
1,2021-02-17 09:00:00,20.93602085
1,2021-02-17 10:00:00,17.69844103
1,2021-02-17 11:00:00,20.9405357
1,2021-02-17 12:00:00,31.19181967
1,2021-02-17 13:00:00,28.94996921
1,2021-02-17 14:00:00,25.7216692
1,2021-02-17 15:00:00,23.29607815
1,2021-02-17 16:00:00,23.29151118
1,2021-02-17 17:00:00,24.10394192
1,2021-02-17 18:00:00,21.66404062
1,2021-02-17 19:00:00,20.8786006
1,2021-02-17 20:00:00,20.10572889
1,2021-02-17 21:00:00,19.2895193
1,2021-02-17 22:00:00,19.27922683
1,2021-02-17 23:00:00,20.06764015
1,2021-02-18 00:00:00,20.91296109
1,2021-02-18 01:00:00,20.19092497
1,2021-02-18 02:00:00,20.15099724
1,2021-02-18 03:00:00,18.57242879
1,2021-02-18 04:00:00,18.48853755
1,2021-02-18 05:00:00,20.145284
1,2021-02-18 06:00:00,24.03676755
1,2021-02-18 07:00:00,28.77981377
1,2021-02-18 08:00:00,20.76207193
1,2021-02-18 09:00:00,20.0515494
1,2021-02-18 10:00:00,26.45686944
1,2021-02-18 11:00:00,30.41739078
1,2021-02-18 12:00:00,28.028163300000006
1,2021-02-18 13:00:00,28.81798147
1,2021-02-18 14:00:00,30.43826628
1,2021-02-18 15:00:00,32.71233935
1,2021-02-18 16:00:00,30.36781403
1,2021-02-18 17:00:00,28.05175185
1,2021-02-18 18:00:00,19.23706818
1,2021-02-18 19:00:00,20.08541482
1,2021-02-18 20:00:00,20.84524647
1,2021-02-18 21:00:00,20.08964326
1,2021-02-18 22:00:00,20.85449521
1,2021-02-18 23:00:00,20.10276061
1,2021-02-19 00:00:00,20.23139385
1,2021-02-19 01:00:00,20.18348773
1,2021-02-19 02:00:00,20.25042387
1,2021-02-19 03:00:00,20.19992933
1,2021-02-19 04:00:00,24.1685915
1,2021-02-19 05:00:00,20.18165782
1,2021-02-19 06:00:00,24.10972118
1,2021-02-19 07:00:00,30.50740495
1,2021-02-19 08:00:00,26.51933217
1,2021-02-19 09:00:00,27.29875645
1,2021-02-19 10:00:00,28.83825828
1,2021-02-19 11:00:00,32.03002808
1,2021-02-19 12:00:00,32.80904184
1,2021-02-19 13:00:00,35.93106582
1,2021-02-19 14:00:00,35.17371016
1,2021-02-19 15:00:00,34.38247401
1,2021-02-19 16:00:00,34.44327044
1,2021-02-19 17:00:00,28.86018643
1,2021-02-19 18:00:00,23.29815865
1,2021-02-19 19:00:00,18.50546004
1,2021-02-19 20:00:00,20.90440448
1,2021-02-19 21:00:00,20.95276197
1,2021-02-19 22:00:00,20.22931745
1,2021-02-19 23:00:00,20.1866289
1,2021-02-20 00:00:00,20.24930517
1,2021-02-20 01:00:00,18.58919684
1,2021-02-20 02:00:00,18.60941017
1,2021-02-20 03:00:00,19.44044702
1,2021-02-20 04:00:00,17.73908615
1,2021-02-20 05:00:00,18.58526273
1,2021-02-20 06:00:00,19.43115017
1,2021-02-20 07:00:00,22.57884121
1,2021-02-20 08:00:00,24.985896
1,2021-02-20 09:00:00,20.98793597
1,2021-02-20 10:00:00,18.56270909
1,2021-02-20 11:00:00,24.18250561
1,2021-02-20 12:00:00,26.61997199
1,2021-02-20 13:00:00,21.77547097
1,2021-02-20 14:00:00,20.12234844
1,2021-02-20 15:00:00,23.39915808
1,2021-02-20 16:00:00,28.19559237
1,2021-02-20 17:00:00,22.6264925
1,2021-02-20 18:00:00,20.9773674
1,2021-02-20 19:00:00,21.79004502
1,2021-02-20 20:00:00,22.58112352
1,2021-02-20 21:00:00,19.40473954
1,2021-02-20 22:00:00,20.26819171
1,2021-02-20 23:00:00,19.42489061
1,2021-02-21 00:00:00,16.93283679
1,2021-02-21 01:00:00,17.731877800000003
1,2021-02-21 02:00:00,17.78400049
1,2021-02-21 03:00:00,17.82626782
1,2021-02-21 04:00:00,18.60537171
1,2021-02-21 05:00:00,18.65023293
1,2021-02-21 06:00:00,18.64599769
1,2021-02-21 07:00:00,18.59581418
1,2021-02-21 08:00:00,18.6414577
1,2021-02-21 09:00:00,20.17142177
1,2021-02-21 10:00:00,20.20792636
1,2021-02-21 11:00:00,20.1500992
1,2021-02-21 12:00:00,22.48968474
1,2021-02-21 13:00:00,21.69327307
1,2021-02-21 14:00:00,19.29628538
1,2021-02-21 15:00:00,19.28749847
1,2021-02-21 16:00:00,20.08558512
1,2021-02-21 17:00:00,18.49853931
1,2021-02-21 18:00:00,18.49735227
1,2021-02-21 19:00:00,18.46225452
1,2021-02-21 20:00:00,18.52154551
1,2021-02-21 21:00:00,18.50528235
1,2021-02-21 22:00:00,18.48732384
1,2021-02-21 23:00:00,17.70740937
1,2021-02-22 00:00:00,18.48181819
1,2021-02-22 01:00:00,17.67518667
1,2021-02-22 02:00:00,18.45923332
1,2021-02-22 03:00:00,18.47560639
1,2021-02-22 04:00:00,17.67595071
1,2021-02-22 05:00:00,18.49863617
1,2021-02-22 06:00:00,23.47599826
1,2021-02-22 07:00:00,29.84038618
1,2021-02-22 08:00:00,27.34332466
1,2021-02-22 09:00:00,25.72191366
1,2021-02-22 10:00:00,24.86714732
1,2021-02-22 11:00:00,31.25180091
1,2021-02-22 12:00:00,30.45298496
1,2021-02-22 13:00:00,28.04946734
1,2021-02-22 14:00:00,30.50672032
1,2021-02-22 15:00:00,28.90852668
1,2021-02-22 16:00:00,28.79963699
1,2021-02-22 17:00:00,20.82567867
1,2021-02-22 18:00:00,20.06649828
1,2021-02-22 19:00:00,18.46676589
1,2021-02-22 20:00:00,20.03813585
1,2021-02-22 21:00:00,18.48421975
1,2021-02-22 22:00:00,19.3258472
1,2021-02-22 23:00:00,17.68275343
1,2021-02-23 00:00:00,18.52275819
1,2021-02-23 01:00:00,18.55087636
1,2021-02-23 02:00:00,19.3364824
1,2021-02-23 03:00:00,17.76591609
1,2021-02-23 04:00:00,19.35394233
1,2021-02-23 05:00:00,18.55148159
1,2021-02-23 06:00:00,19.19935036
1,2021-02-23 07:00:00,21.63498981
1,2021-02-23 08:00:00,28.7953434
1,2021-02-23 09:00:00,26.39589667
1,2021-02-23 10:00:00,19.19745827
1,2021-02-23 11:00:00,22.39478048
1,2021-02-23 12:00:00,31.85347453
1,2021-02-23 13:00:00,30.31220007
1,2021-02-23 14:00:00,27.17619848
1,2021-02-23 15:00:00,27.95895397
1,2021-02-23 16:00:00,27.99877052
1,2021-02-23 17:00:00,24.85189303
1,2021-02-23 18:00:00,17.65916316
1,2021-02-23 19:00:00,17.69045513
1,2021-02-23 20:00:00,18.50272875
1,2021-02-23 21:00:00,19.31003735
1,2021-02-23 22:00:00,18.46784965
1,2021-02-23 23:00:00,17.71994762
1,2021-02-24 00:00:00,19.3226903
1,2021-02-24 01:00:00,18.48636421
1,2021-02-24 02:00:00,18.56950812
1,2021-02-24 03:00:00,18.52344697
1,2021-02-24 04:00:00,18.52308426
1,2021-02-24 05:00:00,19.36559726
1,2021-02-24 06:00:00,21.74055929
1,2021-02-24 07:00:00,28.84579262
1,2021-02-24 08:00:00,24.04631138
1,2021-02-24 09:00:00,25.6418101
1,2021-02-24 10:00:00,21.611209
1,2021-02-24 11:00:00,23.24551209
1,2021-02-24 12:00:00,34.33667082
1,2021-02-24 13:00:00,29.55424454
1,2021-02-24 14:00:00,25.59587424
1,2021-02-24 15:00:00,29.62227306
1,2021-02-24 16:00:00,28.82755036
1,2021-02-24 17:00:00,26.43461893
1,2021-02-24 18:00:00,18.49553508
1,2021-02-24 19:00:00,19.29317856
1,2021-02-24 20:00:00,20.11301321
1,2021-02-24 21:00:00,19.29071426
1,2021-02-24 22:00:00,18.50601692
1,2021-02-24 23:00:00,18.49157645
1,2021-02-25 00:00:00,16.95969358
1,2021-02-25 01:00:00,16.152608400000002
1,2021-02-25 02:00:00,20.21891156
1,2021-02-25 03:00:00,17.76785585
1,2021-02-25 04:00:00,16.16694737
1,2021-02-25 05:00:00,16.87012911
1,2021-02-25 06:00:00,24.11768198
1,2021-02-25 07:00:00,28.16476067
1,2021-02-25 08:00:00,20.16974888
1,2021-02-25 09:00:00,17.70921469
1,2021-02-25 10:00:00,24.9732972
1,2021-02-25 11:00:00,21.78203917
1,2021-02-25 12:00:00,24.96602666
1,2021-02-25 13:00:00,28.94430424
1,2021-02-25 14:00:00,22.56708082
1,2021-02-25 15:00:00,22.5421648
1,2021-02-25 16:00:00,24.09142437
1,2021-02-25 17:00:00,21.72499946
1,2021-02-25 18:00:00,19.32055918
1,2021-02-25 19:00:00,16.87603879
1,2021-02-25 20:00:00,16.92653329
1,2021-02-25 21:00:00,16.92675244
1,2021-02-25 22:00:00,17.75449047
1,2021-02-25 23:00:00,16.14866943
1,2021-02-26 00:00:00,20.16334648
1,2021-02-26 01:00:00,18.62492428
1,2021-02-26 02:00:00,20.21792413
1,2021-02-26 03:00:00,18.62324246
1,2021-02-26 04:00:00,19.41750144
1,2021-02-26 05:00:00,19.41248422
1,2021-02-26 06:00:00,18.50522556
1,2021-02-26 07:00:00,20.03797293
1,2021-02-26 08:00:00,20.07227955
1,2021-02-26 09:00:00,20.09249209
1,2021-02-26 10:00:00,23.24147423
1,2021-02-26 11:00:00,25.65421804
1,2021-02-26 12:00:00,27.22522504
1,2021-02-26 13:00:00,24.06522512
1,2021-02-26 14:00:00,24.01224423
1,2021-02-26 15:00:00,28.80165617
1,2021-02-26 16:00:00,27.25775337
1,2021-02-26 17:00:00,24.08426523
1,2021-02-26 18:00:00,22.45501105
1,2021-02-26 19:00:00,21.69194055
1,2021-02-26 20:00:00,19.29878807
1,2021-02-26 21:00:00,20.87863159
1,2021-02-26 22:00:00,20.12546364
1,2021-02-26 23:00:00,20.07812858
1,2021-02-27 00:00:00,19.22871399
1,2021-02-27 01:00:00,20.06743993
1,2021-02-27 02:00:00,18.47760127
1,2021-02-27 03:00:00,18.46480397
1,2021-02-27 04:00:00,19.26908918
1,2021-02-27 05:00:00,20.86887072
1,2021-02-27 06:00:00,21.02469163
1,2021-02-27 07:00:00,18.5484224
1,2021-02-27 08:00:00,19.35424814
1,2021-02-27 09:00:00,18.52152888
1,2021-02-27 10:00:00,21.81167221
1,2021-02-27 11:00:00,20.20029028
1,2021-02-27 12:00:00,21.77044559
1,2021-02-27 13:00:00,19.33910665
1,2021-02-27 14:00:00,18.50441772
1,2021-02-27 15:00:00,19.24363518
1,2021-02-27 16:00:00,20.06262419
1,2021-02-27 17:00:00,19.25646973
1,2021-02-27 18:00:00,20.04664342
1,2021-02-27 19:00:00,19.3222158
1,2021-02-27 20:00:00,19.27564119
1,2021-02-27 21:00:00,20.04810373
1,2021-02-27 22:00:00,20.84084527
1,2021-02-27 23:00:00,18.47089304
1,2021-02-28 00:00:00,20.05181617
1,2021-02-28 01:00:00,20.06617378
1,2021-02-28 02:00:00,20.06642661
1,2021-02-28 03:00:00,19.28698489
1,2021-02-28 04:00:00,20.03761927
1,2021-02-28 05:00:00,22.44772735
1,2021-02-28 06:00:00,20.11204875
1,2021-02-28 07:00:00,20.06794559
1,2021-02-28 08:00:00,20.84518064
1,2021-02-28 09:00:00,20.86360809
1,2021-02-28 10:00:00,16.83468585
1,2021-02-28 11:00:00,16.79283428
1,2021-02-28 12:00:00,19.18482971
1,2021-02-28 13:00:00,20.78103431
1,2021-02-28 14:00:00,23.1551466
1,2021-02-28 15:00:00,26.26189291
1,2021-02-28 16:00:00,27.07913921
1,2021-02-28 17:00:00,26.33837163
1,2021-02-28 18:00:00,25.53996198
1,2021-02-28 19:00:00,26.33592274
1,2021-02-28 20:00:00,23.93741274
1,2021-02-28 21:00:00,24.02738431
1,2021-02-28 22:00:00,20.78821055
1,2021-02-28 23:00:00,20.04520274
1,2021-03-02 00:00:00,16.91791558
1,2021-03-02 01:00:00,16.999026899999997
1,2021-03-02 02:00:00,16.94570994
1,2021-03-02 03:00:00,17.74110757
1,2021-03-02 04:00:00,16.904996399999998
1,2021-03-02 05:00:00,16.97397684
1,2021-03-02 06:00:00,19.40609658
1,2021-03-02 07:00:00,25.73300908
1,2021-03-02 08:00:00,23.37509918
1,2021-03-02 09:00:00,22.6358819
1,2021-03-02 10:00:00,17.75611035
1,2021-03-02 11:00:00,28.125495500000003
1,2021-03-02 12:00:00,29.74740272
1,2021-03-02 13:00:00,26.53850787
1,2021-03-02 14:00:00,26.53296684
1,2021-03-02 15:00:00,26.51721578
1,2021-03-02 16:00:00,25.76220431
1,2021-03-02 17:00:00,23.44173996
1,2021-03-02 18:00:00,19.43065516
1,2021-03-02 19:00:00,20.95178428
1,2021-03-02 20:00:00,20.2569707
1,2021-03-02 21:00:00,16.12496853
1,2021-03-02 22:00:00,16.17571474
1,2021-03-02 23:00:00,16.11547788
1,2021-03-03 00:00:00,19.04484177
1,2021-03-03 01:00:00,17.49683504
1,2021-03-03 02:00:00,18.28871928
1,2021-03-03 03:00:00,17.49852784
1,2021-03-03 04:00:00,17.49834734
1,2021-03-03 05:00:00,16.75141436
1,2021-03-03 06:00:00,21.38002753
1,2021-03-03 07:00:00,28.48850155
1,2021-03-03 08:00:00,22.19436868
1,2021-03-03 09:00:00,25.36567942
1,2021-03-03 10:00:00,23.77855539
1,2021-03-03 11:00:00,22.17278385
1,2021-03-03 12:00:00,22.96463903
1,2021-03-03 13:00:00,22.23999278
1,2021-03-03 14:00:00,29.27310405
1,2021-03-03 15:00:00,22.94637879
1,2021-03-03 16:00:00,20.56634633
1,2021-03-03 17:00:00,21.39730157
1,2021-03-03 18:00:00,19.0411315
1,2021-03-03 19:00:00,19.09655221
1,2021-03-03 20:00:00,18.34217448
1,2021-03-03 21:00:00,18.2701594
1,2021-03-03 22:00:00,18.27561973
1,2021-03-03 23:00:00,18.33010027
1,2021-03-04 00:00:00,16.70656485
1,2021-03-04 01:00:00,16.70795671
1,2021-03-04 02:00:00,16.71691845
1,2021-03-04 03:00:00,15.91405746
1,2021-03-04 04:00:00,15.12366959
1,2021-03-04 05:00:00,15.12811306
1,2021-03-04 06:00:00,15.05507382
1,2021-03-04 07:00:00,15.8433394
1,2021-03-04 08:00:00,15.07828113
1,2021-03-04 09:00:00,19.06402397
1,2021-03-04 10:00:00,17.44546671
1,2021-03-04 11:00:00,18.33358127
1,2021-03-04 12:00:00,18.29639856
1,2021-03-04 13:00:00,19.0640831
1,2021-03-04 14:00:00,19.06928825
1,2021-03-04 15:00:00,19.12358813
1,2021-03-04 16:00:00,19.83635624
1,2021-03-04 17:00:00,19.83975172
1,2021-03-04 18:00:00,19.0941038
1,2021-03-04 19:00:00,18.23659595
1,2021-03-04 20:00:00,17.44895093
1,2021-03-04 21:00:00,19.0361042
1,2021-03-04 22:00:00,17.45337264
1,2021-03-04 23:00:00,17.499938500000006
1,2021-03-05 00:00:00,21.35902113
1,2021-03-05 01:00:00,22.77156401
1,2021-03-05 02:00:00,23.60409738
1,2021-03-05 03:00:00,23.62509966
1,2021-03-05 04:00:00,22.91437093
1,2021-03-05 05:00:00,22.08866789
1,2021-03-05 06:00:00,20.33490483
1,2021-03-05 07:00:00,23.42441276
1,2021-03-05 08:00:00,32.05725935
1,2021-03-05 09:00:00,28.88854137
1,2021-03-05 10:00:00,25.80718715
1,2021-03-05 11:00:00,21.91503875
1,2021-03-05 12:00:00,23.46517801
1,2021-03-05 13:00:00,23.46085787
1,2021-03-05 14:00:00,23.4653759
1,2021-03-05 15:00:00,22.68327506
1,2021-03-05 16:00:00,22.65280294
1,2021-03-05 17:00:00,22.68150044
1,2021-03-05 18:00:00,21.94847298
1,2021-03-05 19:00:00,21.34281638
1,2021-03-05 20:00:00,21.30221343
1,2021-03-05 21:00:00,22.14733634
1,2021-03-05 22:00:00,20.59314
1,2021-03-05 23:00:00,21.39431128
1,2021-03-06 00:00:00,29.00282546
1,2021-03-06 01:00:00,20.39286645
1,2021-03-06 02:00:00,21.1928587
1,2021-03-06 03:00:00,22.74907923
1,2021-03-06 04:00:00,21.97858932
1,2021-03-06 05:00:00,23.53508234
1,2021-03-06 06:00:00,32.06156245
1,2021-03-06 07:00:00,35.15265859
1,2021-03-06 08:00:00,36.7326519
1,2021-03-06 09:00:00,35.93091
1,2021-03-06 10:00:00,35.25432564
1,2021-03-06 11:00:00,32.847421000000004
1,2021-03-06 12:00:00,31.32195687
1,2021-03-06 13:00:00,28.16848164
1,2021-03-06 14:00:00,25.85145249
1,2021-03-06 15:00:00,33.58178973
1,2021-03-06 16:00:00,27.46337334
1,2021-03-06 17:00:00,25.08640798
1,2021-03-06 18:00:00,33.6080693
1,2021-03-06 19:00:00,22.80892066
1,2021-03-06 20:00:00,22.75012787
1,2021-03-06 21:00:00,29.01301226
1,2021-03-06 22:00:00,21.18618751
1,2021-03-06 23:00:00,21.26897953
1,2021-03-07 00:00:00,28.93437481
1,2021-03-07 01:00:00,24.08293724
1,2021-03-07 02:00:00,23.28656594
1,2021-03-07 03:00:00,30.55796509
1,2021-03-07 04:00:00,23.33988547
1,2021-03-07 05:00:00,24.91962393
1,2021-03-07 06:00:00,29.6624212
1,2021-03-07 07:00:00,24.89006742
1,2021-03-07 08:00:00,28.10237606
1,2021-03-07 09:00:00,28.10873469
1,2021-03-07 10:00:00,22.49751759
1,2021-03-07 11:00:00,26.47467613
1,2021-03-07 12:00:00,27.29829238
1,2021-03-07 13:00:00,22.49634043
1,2021-03-07 14:00:00,23.30413016
1,2021-03-07 15:00:00,29.67182981
1,2021-03-07 16:00:00,22.50034364
1,2021-03-07 17:00:00,22.54266548
1,2021-03-07 18:00:00,28.94839783
1,2021-03-07 19:00:00,24.19248255
1,2021-03-07 20:00:00,23.35950319
1,2021-03-07 21:00:00,28.93974495
1,2021-03-07 22:00:00,24.09986973
1,2021-03-07 23:00:00,23.26700831
1,2021-03-08 00:00:00,24.89141703
1,2021-03-08 01:00:00,24.89684494
1,2021-03-08 02:00:00,25.71700796
1,2021-03-08 03:00:00,24.92243989
1,2021-03-08 04:00:00,25.72862752
1,2021-03-08 05:00:00,27.32770666
1,2021-03-08 06:00:00,31.12755685
1,2021-03-08 07:00:00,38.30919772
1,2021-03-08 08:00:00,40.10338578
1,2021-03-08 09:00:00,38.46163127
1,2021-03-08 10:00:00,36.87324108
1,2021-03-08 11:00:00,33.6583648
1,2021-03-08 12:00:00,32.7554297
1,2021-03-08 13:00:00,32.79816463
1,2021-03-08 14:00:00,31.98861465
1,2021-03-08 15:00:00,31.15529992
1,2021-03-08 16:00:00,32.70022354
1,2021-03-08 17:00:00,33.54798259
1,2021-03-08 18:00:00,31.19913105
1,2021-03-08 19:00:00,28.07856321
1,2021-03-08 20:00:00,28.09770862
1,2021-03-08 21:00:00,25.0300596
1,2021-03-08 22:00:00,25.75111644
1,2021-03-08 23:00:00,25.77084836
1,2021-03-09 00:00:00,18.37613697
1,2021-03-09 01:00:00,17.57115684
1,2021-03-09 02:00:00,17.59175953
1,2021-03-09 03:00:00,17.55119228
1,2021-03-09 04:00:00,18.44734328
1,2021-03-09 05:00:00,17.60683347
1,2021-03-09 06:00:00,17.7754355
1,2021-03-09 07:00:00,19.4365363
1,2021-03-09 08:00:00,20.26463018
1,2021-03-09 09:00:00,21.79855514
1,2021-03-09 10:00:00,21.02944009
1,2021-03-09 11:00:00,21.02200349
1,2021-03-09 12:00:00,21.02515046
1,2021-03-09 13:00:00,21.82976747
1,2021-03-09 14:00:00,21.83332729
1,2021-03-09 15:00:00,21.01208528
1,2021-03-09 16:00:00,22.64477952
1,2021-03-09 17:00:00,21.00935777
1,2021-03-09 18:00:00,21.77312136
1,2021-03-09 19:00:00,21.70180591
1,2021-03-09 20:00:00,20.01526318
1,2021-03-09 21:00:00,20.78896458
1,2021-03-09 22:00:00,19.18083387
1,2021-03-09 23:00:00,19.19406978
1,2021-03-10 00:00:00,16.02154393
1,2021-03-10 01:00:00,16.85000134
1,2021-03-10 02:00:00,16.87578165
1,2021-03-10 03:00:00,16.84134736
1,2021-03-10 04:00:00,17.6408839
1,2021-03-10 05:00:00,18.45264514
1,2021-03-10 06:00:00,18.38911379
1,2021-03-10 07:00:00,19.99849073
1,2021-03-10 08:00:00,18.41310369
1,2021-03-10 09:00:00,16.82193833
1,2021-03-10 10:00:00,16.81963307
1,2021-03-10 11:00:00,15.21052536
1,2021-03-10 12:00:00,16.79991957
1,2021-03-10 13:00:00,16.0036497
1,2021-03-10 14:00:00,17.57288122
1,2021-03-10 15:00:00,17.57129352
1,2021-03-10 16:00:00,16.01765118
1,2021-03-10 17:00:00,16.04362135
1,2021-03-10 18:00:00,16.0036497
1,2021-03-10 19:00:00,16.8305395
1,2021-03-10 20:00:00,16.0381726
1,2021-03-10 21:00:00,16.81804381
1,2021-03-10 22:00:00,16.86902886
1,2021-03-10 23:00:00,16.84053369
1,2021-03-11 00:00:00,18.0129923
1,2021-03-11 01:00:00,18.024572
1,2021-03-11 02:00:00,17.23599872
1,2021-03-11 03:00:00,18.04412476
1,2021-03-11 04:00:00,18.10536532
1,2021-03-11 05:00:00,19.73177634
1,2021-03-11 06:00:00,19.75745878
1,2021-03-11 07:00:00,26.35921437
1,2021-03-11 08:00:00,18.19342402
1,2021-03-11 09:00:00,22.31239681
1,2021-03-11 10:00:00,22.25885439
1,2021-03-11 11:00:00,21.51933811
1,2021-03-11 12:00:00,21.39250153
1,2021-03-11 13:00:00,23.0010494
1,2021-03-11 14:00:00,22.16957447
1,2021-03-11 15:00:00,22.13338924
1,2021-03-11 16:00:00,23.76152579
1,2021-03-11 17:00:00,20.52226464
1,2021-03-11 18:00:00,18.1259172
1,2021-03-11 19:00:00,17.31207402
1,2021-03-11 20:00:00,16.47446708
1,2021-03-11 21:00:00,18.12417358
1,2021-03-11 22:00:00,18.06128604
1,2021-03-11 23:00:00,17.20813484
1,2021-03-12 00:00:00,14.72826179
1,2021-03-12 01:00:00,15.56421964
1,2021-03-12 02:00:00,15.51602997
1,2021-03-12 03:00:00,15.50159129
1,2021-03-12 04:00:00,16.3713498
1,2021-03-12 05:00:00,16.37412874
1,2021-03-12 06:00:00,18.00892328
1,2021-03-12 07:00:00,18.80769871
1,2021-03-12 08:00:00,18.82395088
1,2021-03-12 09:00:00,21.2652208
1,2021-03-12 10:00:00,22.93989754
1,2021-03-12 11:00:00,22.13608003
1,2021-03-12 12:00:00,21.346982
1,2021-03-12 13:00:00,20.48444748
1,2021-03-12 14:00:00,22.92571386
1,2021-03-12 15:00:00,22.92090289
1,2021-03-12 16:00:00,27.74863824
1,2021-03-12 17:00:00,20.40428718
1,2021-03-12 18:00:00,17.3709435
1,2021-03-12 19:00:00,18.17139838
1,2021-03-12 20:00:00,17.33053284
1,2021-03-12 21:00:00,15.63504675
1,2021-03-12 22:00:00,15.5460896
1,2021-03-12 23:00:00,14.72283944
1,2021-03-13 00:00:00,17.04125433
1,2021-03-13 01:00:00,16.225012300000003
1,2021-03-13 02:00:00,16.27468431
1,2021-03-13 03:00:00,15.43209159
1,2021-03-13 04:00:00,16.24769319
1,2021-03-13 05:00:00,16.29619815
1,2021-03-13 06:00:00,15.34590651
1,2021-03-13 07:00:00,16.99379357
1,2021-03-13 08:00:00,17.73165369
1,2021-03-13 09:00:00,18.6104763
1,2021-03-13 10:00:00,18.58791733
1,2021-03-13 11:00:00,18.64028233
1,2021-03-13 12:00:00,18.62643904
1,2021-03-13 13:00:00,19.448742000000006
1,2021-03-13 14:00:00,17.83461088
1,2021-03-13 15:00:00,17.07449832
1,2021-03-13 16:00:00,16.17596308
1,2021-03-13 17:00:00,16.25019131
1,2021-03-13 18:00:00,15.40624833
1,2021-03-13 19:00:00,16.21293569
1,2021-03-13 20:00:00,16.22427773
1,2021-03-13 21:00:00,16.21547721
1,2021-03-13 22:00:00,16.21514099
1,2021-03-13 23:00:00,15.41472498
1,2021-03-14 00:00:00,17.82935721
1,2021-03-14 01:00:00,17.77693666
1,2021-03-14 02:00:00,17.79803878
1,2021-03-14 03:00:00,19.4259686
1,2021-03-14 04:00:00,17.83926127
1,2021-03-14 05:00:00,20.19015453
1,2021-03-14 06:00:00,16.22587204
1,2021-03-14 07:00:00,19.54969933
1,2021-03-14 08:00:00,18.70833004
1,2021-03-14 09:00:00,19.52073769
1,2021-03-14 10:00:00,19.48513031
1,2021-03-14 11:00:00,17.88588191
1,2021-03-14 12:00:00,17.87750555
1,2021-03-14 13:00:00,17.02069831
1,2021-03-14 14:00:00,17.06749717
1,2021-03-14 15:00:00,17.013393399999998
1,2021-03-14 16:00:00,16.23786173
1,2021-03-14 17:00:00,17.83452677
1,2021-03-14 18:00:00,16.15638323
1,2021-03-14 19:00:00,17.71762975
1,2021-03-14 20:00:00,17.82098118
1,2021-03-14 21:00:00,17.76937516
1,2021-03-14 22:00:00,16.95223745
1,2021-03-14 23:00:00,16.98092608
1,2021-03-15 00:00:00,16.78743369
1,2021-03-15 01:00:00,16.76087065
1,2021-03-15 02:00:00,16.01606772
1,2021-03-15 03:00:00,16.76788681
1,2021-03-15 04:00:00,15.99374878
1,2021-03-15 05:00:00,17.62225893
1,2021-03-15 06:00:00,22.54584313
1,2021-03-15 07:00:00,31.28393758
1,2021-03-15 08:00:00,22.51533271
1,2021-03-15 09:00:00,23.13249127
1,2021-03-15 10:00:00,21.49275925
1,2021-03-15 11:00:00,20.75846125
1,2021-03-15 12:00:00,21.50300574
1,2021-03-15 13:00:00,20.69608275
1,2021-03-15 14:00:00,19.92520359
1,2021-03-15 15:00:00,19.11716008
1,2021-03-15 16:00:00,19.91423431
1,2021-03-15 17:00:00,16.73137067
1,2021-03-15 18:00:00,16.71190453
1,2021-03-15 19:00:00,16.75475619
1,2021-03-15 20:00:00,16.00133326
1,2021-03-15 21:00:00,16.02375124
1,2021-03-15 22:00:00,15.99536227
1,2021-03-15 23:00:00,16.7804453
1,2021-03-16 00:00:00,17.62358619
1,2021-03-16 01:00:00,17.64942265
1,2021-03-16 02:00:00,17.62554682
1,2021-03-16 03:00:00,17.58796037
1,2021-03-16 04:00:00,17.58780617
1,2021-03-16 05:00:00,17.61498728
1,2021-03-16 06:00:00,19.15045166
1,2021-03-16 07:00:00,21.6226804
1,2021-03-16 08:00:00,21.68597311
1,2021-03-16 09:00:00,21.69830313
1,2021-03-16 10:00:00,20.84252241
1,2021-03-16 11:00:00,20.04644679
1,2021-03-16 12:00:00,19.92647251
1,2021-03-16 13:00:00,26.29604363
1,2021-03-16 14:00:00,19.95814726
1,2021-03-16 15:00:00,19.96125888
1,2021-03-16 16:00:00,20.76793894
1,2021-03-16 17:00:00,20.02558949
1,2021-03-16 18:00:00,17.62443084
1,2021-03-16 19:00:00,16.84022484
1,2021-03-16 20:00:00,16.80284213
1,2021-03-16 21:00:00,16.81037355
1,2021-03-16 22:00:00,16.82215079
1,2021-03-16 23:00:00,17.63073764
1,2021-03-17 00:00:00,14.53702341
1,2021-03-17 01:00:00,14.60055637
1,2021-03-17 02:00:00,15.35301
1,2021-03-17 03:00:00,15.38881657
1,2021-03-17 04:00:00,15.36980434
1,2021-03-17 05:00:00,16.17963235
1,2021-03-17 06:00:00,20.86670108
1,2021-03-17 07:00:00,24.06501215
1,2021-03-17 08:00:00,23.31154099
1,2021-03-17 09:00:00,21.67999894
1,2021-03-17 10:00:00,24.06081677
1,2021-03-17 11:00:00,23.30547066
1,2021-03-17 12:00:00,23.30846272
1,2021-03-17 13:00:00,24.10059573
1,2021-03-17 14:00:00,26.38495398
1,2021-03-17 15:00:00,25.70268018
1,2021-03-17 16:00:00,21.74456855
1,2021-03-17 17:00:00,19.36449856
1,2021-03-17 18:00:00,16.92387672
1,2021-03-17 19:00:00,16.976429500000002
1,2021-03-17 20:00:00,16.14118031
1,2021-03-17 21:00:00,16.20096889
1,2021-03-17 22:00:00,13.74963594
1,2021-03-17 23:00:00,15.4145956
1,2021-03-18 00:00:00,17.81097876
1,2021-03-18 01:00:00,16.99216799
1,2021-03-18 02:00:00,17.01951016
1,2021-03-18 03:00:00,17.01244044
1,2021-03-18 04:00:00,16.9701509
1,2021-03-18 05:00:00,16.98378005
1,2021-03-18 06:00:00,18.54253484
1,2021-03-18 07:00:00,22.6597434
1,2021-03-18 08:00:00,21.09048865
1,2021-03-18 09:00:00,22.66405248
1,2021-03-18 10:00:00,21.89410162
1,2021-03-18 11:00:00,22.60412216
1,2021-03-18 12:00:00,21.01738967
1,2021-03-18 13:00:00,21.81943758
1,2021-03-18 14:00:00,21.76989198
1,2021-03-18 15:00:00,22.59520544
1,2021-03-18 16:00:00,23.37430877
1,2021-03-18 17:00:00,20.13448991
1,2021-03-18 18:00:00,19.3493628
1,2021-03-18 19:00:00,18.58886321
1,2021-03-18 20:00:00,17.74969246
1,2021-03-18 21:00:00,17.76989912
1,2021-03-18 22:00:00,16.98113184
1,2021-03-18 23:00:00,16.987709699999996
1,2021-03-19 00:00:00,16.16631668
1,2021-03-19 01:00:00,15.41869706
1,2021-03-19 02:00:00,15.41714725
1,2021-03-19 03:00:00,16.22451143
1,2021-03-19 04:00:00,16.20511991
1,2021-03-19 05:00:00,16.28155155
1,2021-03-19 06:00:00,20.22488594
1,2021-03-19 07:00:00,21.89969482
1,2021-03-19 08:00:00,21.07502725
1,2021-03-19 09:00:00,21.84579985
1,2021-03-19 10:00:00,33.05582424
1,2021-03-19 11:00:00,25.01841172
1,2021-03-19 12:00:00,28.29334895
1,2021-03-19 13:00:00,29.01717844
1,2021-03-19 14:00:00,23.40281336
1,2021-03-19 15:00:00,25.85019323
1,2021-03-19 16:00:00,29.04974842
1,2021-03-19 17:00:00,20.22530401
1,2021-03-19 18:00:00,20.15111645
1,2021-03-19 19:00:00,20.98698986
1,2021-03-19 20:00:00,20.20669654
1,2021-03-19 21:00:00,16.15620955
1,2021-03-19 22:00:00,15.34077268
1,2021-03-19 23:00:00,14.58289497
1,2021-03-20 00:00:00,15.40836601
1,2021-03-20 01:00:00,16.14769585
1,2021-03-20 02:00:00,14.52721727
1,2021-03-20 03:00:00,15.3427605
1,2021-03-20 04:00:00,15.33371612
1,2021-03-20 05:00:00,15.38184016
1,2021-03-20 06:00:00,16.98904371
1,2021-03-20 07:00:00,17.02892336
1,2021-03-20 08:00:00,16.27148151
1,2021-03-20 09:00:00,15.40912485
1,2021-03-20 10:00:00,15.41051315
1,2021-03-20 11:00:00,15.38979918
1,2021-03-20 12:00:00,15.39188541
1,2021-03-20 13:00:00,16.17696558
1,2021-03-20 14:00:00,14.58115391
1,2021-03-20 15:00:00,15.40819145
1,2021-03-20 16:00:00,15.35498117
1,2021-03-20 17:00:00,14.5554006
1,2021-03-20 18:00:00,14.56560983
1,2021-03-20 19:00:00,16.17717591
1,2021-03-20 20:00:00,14.54040736
1,2021-03-20 21:00:00,15.35963508
1,2021-03-20 22:00:00,15.38424749
1,2021-03-20 23:00:00,15.37543323
1,2021-03-21 00:00:00,16.03881353
1,2021-03-21 01:00:00,15.22667021
1,2021-03-21 02:00:00,16.02612026
1,2021-03-21 03:00:00,15.19609729
1,2021-03-21 04:00:00,15.28462878
1,2021-03-21 05:00:00,16.05131559
1,2021-03-21 06:00:00,15.30294492
1,2021-03-21 07:00:00,16.03761846
1,2021-03-21 08:00:00,16.02293181
1,2021-03-21 09:00:00,16.03083682
1,2021-03-21 10:00:00,16.03681537
1,2021-03-21 11:00:00,16.05116581
1,2021-03-21 12:00:00,16.07215129
1,2021-03-21 13:00:00,15.32511202
1,2021-03-21 14:00:00,16.03689194
1,2021-03-21 15:00:00,15.32890229
1,2021-03-21 16:00:00,16.07441237
1,2021-03-21 17:00:00,16.08449719
1,2021-03-21 18:00:00,15.28660326
1,2021-03-21 19:00:00,16.05614528
1,2021-03-21 20:00:00,16.06009539
1,2021-03-21 21:00:00,15.26211348
1,2021-03-21 22:00:00,16.04924413
1,2021-03-21 23:00:00,16.05268753
1,2021-03-22 00:00:00,19.01347393
1,2021-03-22 01:00:00,18.9498716
1,2021-03-22 02:00:00,18.96507632
1,2021-03-22 03:00:00,18.91223958
1,2021-03-22 04:00:00,18.97471792
1,2021-03-22 05:00:00,18.94043158
1,2021-03-22 06:00:00,18.42953538
1,2021-03-22 07:00:00,22.3943778
1,2021-03-22 08:00:00,19.96203529
1,2021-03-22 09:00:00,22.32936056
1,2021-03-22 10:00:00,27.87545164
1,2021-03-22 11:00:00,21.54292716
1,2021-03-22 12:00:00,19.15308912
1,2021-03-22 13:00:00,25.45378113
1,2021-03-22 14:00:00,23.82415533
1,2021-03-22 15:00:00,21.28522539
1,2021-03-22 16:00:00,21.26425626
1,2021-03-22 17:00:00,20.52720344
1,2021-03-22 18:00:00,18.910657
1,2021-03-22 19:00:00,19.73742719
1,2021-03-22 20:00:00,18.1718101
1,2021-03-22 21:00:00,18.12606754
1,2021-03-22 22:00:00,18.18003826
1,2021-03-22 23:00:00,18.92714216
1,2021-03-23 00:00:00,17.35524477
1,2021-03-23 01:00:00,16.5886402
1,2021-03-23 02:00:00,16.61389533
1,2021-03-23 03:00:00,16.57308387
1,2021-03-23 04:00:00,15.80273082
1,2021-03-23 05:00:00,18.18079587
1,2021-03-23 06:00:00,22.87228487
1,2021-03-23 07:00:00,29.20904863
1,2021-03-23 08:00:00,23.64344835
1,2021-03-23 09:00:00,22.89004329
1,2021-03-23 10:00:00,25.99326134
1,2021-03-23 11:00:00,26.05024051
1,2021-03-23 12:00:00,26.79905065
1,2021-03-23 13:00:00,23.64580154
1,2021-03-23 14:00:00,22.85793543
1,2021-03-23 15:00:00,22.9173689
1,2021-03-23 16:00:00,22.17004311
1,2021-03-23 17:00:00,20.60559059
1,2021-03-23 18:00:00,18.25524643
1,2021-03-23 19:00:00,17.39997768
1,2021-03-23 20:00:00,17.39724588
1,2021-03-23 21:00:00,16.56428774
1,2021-03-23 22:00:00,18.92736769
1,2021-03-23 23:00:00,17.40634554
1,2021-03-24 00:00:00,18.52036946
1,2021-03-24 01:00:00,17.58090005
1,2021-03-24 02:00:00,19.25643264
1,2021-03-24 03:00:00,17.58427162
1,2021-03-24 04:00:00,17.720187699999997
1,2021-03-24 05:00:00,19.37148679
1,2021-03-24 06:00:00,20.54129014
1,2021-03-24 07:00:00,26.76888196
1,2021-03-24 08:00:00,22.06988008
1,2021-03-24 09:00:00,21.26268264
1,2021-03-24 10:00:00,26.77280537
1,2021-03-24 11:00:00,32.2922403
1,2021-03-24 12:00:00,28.55586433
1,2021-03-24 13:00:00,26.22421457
1,2021-03-24 14:00:00,31.79321211
1,2021-03-24 15:00:00,31.03494978
1,2021-03-24 16:00:00,23.13414764
1,2021-03-24 17:00:00,26.41841698
1,2021-03-24 18:00:00,24.11720991
1,2021-03-24 19:00:00,22.572249
1,2021-03-24 20:00:00,23.32092501
1,2021-03-24 21:00:00,16.15607251
1,2021-03-24 22:00:00,17.01932738
1,2021-03-24 23:00:00,18.56452986
1,2021-03-25 00:00:00,17.61257426
1,2021-03-25 01:00:00,17.633188699999994
1,2021-03-25 02:00:00,19.24333171
1,2021-03-25 03:00:00,18.37945821
1,2021-03-25 04:00:00,17.50886686
1,2021-03-25 05:00:00,19.10419001
1,2021-03-25 06:00:00,20.92209524
1,2021-03-25 07:00:00,27.28526249
1,2021-03-25 08:00:00,21.67208574
1,2021-03-25 09:00:00,22.45113804
1,2021-03-25 10:00:00,28.83173561
1,2021-03-25 11:00:00,30.48043505
1,2021-03-25 12:00:00,24.91981162
1,2021-03-25 13:00:00,27.2857488
1,2021-03-25 14:00:00,28.07486375
1,2021-03-25 15:00:00,23.29396878
1,2021-03-25 16:00:00,28.87051678
1,2021-03-25 17:00:00,24.05319929
1,2021-03-25 18:00:00,21.68551947
1,2021-03-25 19:00:00,25.61462148
1,2021-03-25 20:00:00,20.02959292
1,2021-03-25 21:00:00,16.82532429
1,2021-03-25 22:00:00,18.46171961
1,2021-03-25 23:00:00,17.65458105
1,2021-03-26 00:00:00,18.23744215
1,2021-03-26 01:00:00,18.19826174
1,2021-03-26 02:00:00,17.44328417
1,2021-03-26 03:00:00,17.401244000000002
1,2021-03-26 04:00:00,17.44021751
1,2021-03-26 05:00:00,17.38946327
1,2021-03-26 06:00:00,20.61442487
1,2021-03-26 07:00:00,27.76857133
1,2021-03-26 08:00:00,22.21518023
1,2021-03-26 09:00:00,26.16337248
1,2021-03-26 10:00:00,24.53365485
1,2021-03-26 11:00:00,21.42128623
1,2021-03-26 12:00:00,21.43016895
1,2021-03-26 13:00:00,28.55030129
1,2021-03-26 14:00:00,31.56863275
1,2021-03-26 15:00:00,22.94863741
1,2021-03-26 16:00:00,23.73835802
1,2021-03-26 17:00:00,28.45272835
1,2021-03-26 18:00:00,19.78833477
1,2021-03-26 19:00:00,21.37232852
1,2021-03-26 20:00:00,22.94528174
1,2021-03-26 21:00:00,18.2387391
1,2021-03-26 22:00:00,15.86622266
1,2021-03-26 23:00:00,15.8650499
1,2021-03-27 00:00:00,17.40846666
1,2021-03-27 01:00:00,16.64983669
1,2021-03-27 02:00:00,16.6446189
1,2021-03-27 03:00:00,16.68517939
1,2021-03-27 04:00:00,16.646613000000002
1,2021-03-27 05:00:00,17.43436632
1,2021-03-27 06:00:00,18.22782128
1,2021-03-27 07:00:00,19.83864176
1,2021-03-27 08:00:00,18.98723031
1,2021-03-27 09:00:00,19.79552319
1,2021-03-27 10:00:00,19.79075723
1,2021-03-27 11:00:00,18.19500736
1,2021-03-27 12:00:00,17.37795353
1,2021-03-27 13:00:00,17.43539497
1,2021-03-27 14:00:00,16.61107945
1,2021-03-27 15:00:00,17.46243589
1,2021-03-27 16:00:00,16.64110017
1,2021-03-27 17:00:00,18.22074095
1,2021-03-27 18:00:00,18.25235524
1,2021-03-27 19:00:00,18.25476229
1,2021-03-27 20:00:00,19.04323396
1,2021-03-27 21:00:00,19.03589639
1,2021-03-27 22:00:00,18.23719668
1,2021-03-27 23:00:00,18.27475205
1,2021-03-28 00:00:00,18.22730103
1,2021-03-28 01:00:00,19.01521397
1,2021-03-28 02:00:00,18.26423645
1,2021-03-28 03:00:00,18.169158300000007
1,2021-03-28 04:00:00,18.25090103
1,2021-03-28 05:00:00,18.97372627
1,2021-03-28 06:00:00,17.43769233
1,2021-03-28 07:00:00,18.22835435
1,2021-03-28 08:00:00,18.27454827
1,2021-03-28 09:00:00,17.44547814
1,2021-03-28 10:00:00,24.48140722
1,2021-03-28 11:00:00,19.81681076
1,2021-03-28 12:00:00,16.61392164
1,2021-03-28 13:00:00,17.44471411
1,2021-03-28 14:00:00,15.82526684
1,2021-03-28 15:00:00,17.4396585
1,2021-03-28 16:00:00,18.99274635
1,2021-03-28 17:00:00,17.46108831
1,2021-03-28 18:00:00,18.25011489
1,2021-03-28 19:00:00,18.99766159
1,2021-03-28 20:00:00,18.27783439
1,2021-03-28 21:00:00,19.01360464
1,2021-03-28 22:00:00,17.46997986
1,2021-03-28 23:00:00,17.42902858
1,2021-03-29 00:00:00,18.27702847
1,2021-03-29 01:00:00,19.06539569
1,2021-03-29 02:00:00,18.26831198
1,2021-03-29 03:00:00,18.22934904
1,2021-03-29 04:00:00,18.29958941
1,2021-03-29 05:00:00,19.81644796
1,2021-03-29 06:00:00,20.5866021
1,2021-03-29 07:00:00,27.63813833
1,2021-03-29 08:00:00,22.93335486
1,2021-03-29 09:00:00,22.144955
1,2021-03-29 10:00:00,26.81975916
1,2021-03-29 11:00:00,21.37026644
1,2021-03-29 12:00:00,27.66540302
1,2021-03-29 13:00:00,22.91044663
1,2021-03-29 14:00:00,21.35564518
1,2021-03-29 15:00:00,22.94427689
1,2021-03-29 16:00:00,25.29878235
1,2021-03-29 17:00:00,22.08705167
1,2021-03-29 18:00:00,18.23795873
1,2021-03-29 19:00:00,18.22935454
1,2021-03-29 20:00:00,18.21238245
1,2021-03-29 21:00:00,19.05825738
1,2021-03-29 22:00:00,18.25938437
1,2021-03-29 23:00:00,18.25575311
1,2021-03-30 00:00:00,16.64684554
1,2021-03-30 01:00:00,15.83797273
1,2021-03-30 02:00:00,16.61718161
1,2021-03-30 03:00:00,15.04098477
1,2021-03-30 04:00:00,15.84053815
1,2021-03-30 05:00:00,15.83710431
1,2021-03-30 06:00:00,22.07987118
1,2021-03-30 07:00:00,30.69929966
1,2021-03-30 08:00:00,24.40296022
1,2021-03-30 09:00:00,29.10374785
1,2021-03-30 10:00:00,27.50036055
1,2021-03-30 11:00:00,22.06209819
1,2021-03-30 12:00:00,25.96882737
1,2021-03-30 13:00:00,27.4878516
1,2021-03-30 14:00:00,22.04150136
1,2021-03-30 15:00:00,22.01964951
1,2021-03-30 16:00:00,25.89057326
1,2021-03-30 17:00:00,20.37095134
1,2021-03-30 18:00:00,18.86854484
1,2021-03-30 19:00:00,18.08104372
1,2021-03-30 20:00:00,18.95593049
1,2021-03-30 21:00:00,3.160167694
1,2021-03-30 22:00:00,18.1343275
1,2021-03-30 23:00:00,32.30487786
1,2021-03-31 00:00:00,16.74698741
1,2021-03-31 01:00:00,16.68996128
1,2021-03-31 02:00:00,16.69075257
1,2021-03-31 03:00:00,15.96315529
1,2021-03-31 04:00:00,15.17101711
1,2021-03-31 05:00:00,19.16891104
1,2021-03-31 06:00:00,18.20824614
1,2021-03-31 07:00:00,17.36900346
1,2021-03-31 08:00:00,32.27933866
1,2021-03-31 09:00:00,19.75527207
1,2021-03-31 10:00:00,14.27912163
1,2021-03-31 11:00:00,20.56989209
1,2021-03-31 12:00:00,33.91272767
1,2021-03-31 13:00:00,40.27248348
1,2021-03-31 14:00:00,27.63413974
1,2021-03-31 15:00:00,23.75394106
1,2021-03-31 16:00:00,26.93638913
1,2021-03-31 17:00:00,26.14730001
1,2021-03-31 18:00:00,19.8621989
1,2021-03-31 19:00:00,19.86818323
1,2021-03-31 20:00:00,17.50418451
1,2021-03-31 21:00:00,15.90816495
1,2021-03-31 22:00:00,15.90240789
1,2021-03-31 23:00:00,16.72193382
1,2021-04-02 00:00:00,18.59906205
1,2021-04-02 01:00:00,17.79186516
1,2021-04-02 02:00:00,18.55706461
1,2021-04-02 03:00:00,17.74666897
1,2021-04-02 04:00:00,18.6046785
1,2021-04-02 05:00:00,19.37629128
1,2021-04-02 06:00:00,20.17963119
1,2021-04-02 07:00:00,21.00139064
1,2021-04-02 08:00:00,20.183565
1,2021-04-02 09:00:00,22.58931809
1,2021-04-02 10:00:00,27.32438034
1,2021-04-02 11:00:00,24.10571992
1,2021-04-02 12:00:00,24.14226055
1,2021-04-02 13:00:00,24.15867806
1,2021-04-02 14:00:00,22.57203643
1,2021-04-02 15:00:00,23.41742349
1,2021-04-02 16:00:00,24.18756962
1,2021-04-02 17:00:00,18.54682851
1,2021-04-02 18:00:00,16.17358432
1,2021-04-02 19:00:00,18.59589295
1,2021-04-02 20:00:00,18.59685101
1,2021-04-02 21:00:00,17.79425014
1,2021-04-02 22:00:00,17.79196154
1,2021-04-02 23:00:00,17.77210474
1,2021-04-03 00:00:00,19.92608551
1,2021-04-03 01:00:00,18.36716371
1,2021-04-03 02:00:00,19.17188806
1,2021-04-03 03:00:00,17.53726237
1,2021-04-03 04:00:00,19.17216961
1,2021-04-03 05:00:00,18.33613487
1,2021-04-03 06:00:00,20.62377485
1,2021-04-03 07:00:00,23.80485323
1,2021-04-03 08:00:00,24.51014126
1,2021-04-03 09:00:00,28.46862211
1,2021-04-03 10:00:00,22.96207158
1,2021-04-03 11:00:00,25.34008709
1,2021-04-03 12:00:00,24.60343711
1,2021-04-03 13:00:00,23.80588936
1,2021-04-03 14:00:00,23.80374241
1,2021-04-03 15:00:00,24.62617509
1,2021-04-03 16:00:00,26.20136237
1,2021-04-03 17:00:00,20.65082057
1,2021-04-03 18:00:00,18.27423922
1,2021-04-03 19:00:00,19.11316733
1,2021-04-03 20:00:00,18.33204985
1,2021-04-03 21:00:00,18.36925654
1,2021-04-03 22:00:00,17.53390832
1,2021-04-03 23:00:00,19.12651218
1,2021-04-04 00:00:00,15.1668295
1,2021-04-04 01:00:00,14.41396669
1,2021-04-04 02:00:00,14.39906611
1,2021-04-04 03:00:00,14.4381171
1,2021-04-04 04:00:00,14.47194665
1,2021-04-04 05:00:00,16.03314411
1,2021-04-04 06:00:00,15.92771157
1,2021-04-04 07:00:00,15.09071096
1,2021-04-04 08:00:00,15.93194372
1,2021-04-04 09:00:00,17.49634838
1,2021-04-04 10:00:00,17.56360935
1,2021-04-04 11:00:00,16.76988649
1,2021-04-04 12:00:00,19.19720053
1,2021-04-04 13:00:00,17.56808011
1,2021-04-04 14:00:00,16.81829809
1,2021-04-04 15:00:00,16.79683805
1,2021-04-04 16:00:00,17.58701356
1,2021-04-04 17:00:00,17.60782356
1,2021-04-04 18:00:00,15.99514397
1,2021-04-04 19:00:00,14.38736932
1,2021-04-04 20:00:00,15.18166629
1,2021-04-04 21:00:00,14.42722496
1,2021-04-04 22:00:00,14.33510685
1,2021-04-04 23:00:00,14.36635698
1,2021-04-05 00:00:00,22.91283695
1,2021-04-05 01:00:00,22.77696856
1,2021-04-05 02:00:00,23.50208998
1,2021-04-05 03:00:00,23.50724459
1,2021-04-05 04:00:00,23.52711439
1,2021-04-05 05:00:00,23.58879883
1,2021-04-05 06:00:00,23.52315426
1,2021-04-05 07:00:00,28.18083439
1,2021-04-05 08:00:00,35.2716217
1,2021-04-05 09:00:00,31.40392954
1,2021-04-05 10:00:00,29.82258093
1,2021-04-05 11:00:00,29.03519812
1,2021-04-05 12:00:00,29.84314712
1,2021-04-05 13:00:00,28.22765443
1,2021-04-05 14:00:00,27.47798883
1,2021-04-05 15:00:00,28.25492911
1,2021-04-05 16:00:00,27.48647432
1,2021-04-05 17:00:00,27.32901074
1,2021-04-05 18:00:00,25.76239547
1,2021-04-05 19:00:00,19.57731015
1,2021-04-05 20:00:00,22.681482
1,2021-04-05 21:00:00,24.32384229
1,2021-04-05 22:00:00,21.91311614
1,2021-04-05 23:00:00,22.7650578
1,2021-04-06 00:00:00,31.43131014
1,2021-04-06 01:00:00,23.62334967
1,2021-04-06 02:00:00,26.70833651
1,2021-04-06 03:00:00,27.43943607
1,2021-04-06 04:00:00,23.56843948
1,2021-04-06 05:00:00,31.42699199
1,2021-04-06 06:00:00,29.77923216
1,2021-04-06 07:00:00,36.79111605
1,2021-04-06 08:00:00,38.40259533
1,2021-04-06 09:00:00,36.79076271
1,2021-04-06 10:00:00,33.67660662
1,2021-04-06 11:00:00,35.23895881
1,2021-04-06 12:00:00,34.4906516
1,2021-04-06 13:00:00,32.07824929
1,2021-04-06 14:00:00,32.18033725
1,2021-04-06 15:00:00,32.89317188
1,2021-04-06 16:00:00,32.93839876
1,2021-04-06 17:00:00,32.13677133
1,2021-04-06 18:00:00,27.42207621
1,2021-04-06 19:00:00,22.76523988
1,2021-04-06 20:00:00,28.21947027
1,2021-04-06 21:00:00,28.27433395
1,2021-04-06 22:00:00,21.97315979
1,2021-04-06 23:00:00,29.03149766
1,2021-04-07 00:00:00,23.31409343
1,2021-04-07 01:00:00,28.98477173
1,2021-04-07 02:00:00,23.39945308
1,2021-04-07 03:00:00,24.14599419
1,2021-04-07 04:00:00,31.32506087
1,2021-04-07 05:00:00,24.12329912
1,2021-04-07 06:00:00,31.30489699
1,2021-04-07 07:00:00,24.12410498
1,2021-04-07 08:00:00,28.99192143
1,2021-04-07 09:00:00,32.164943699999995
1,2021-04-07 10:00:00,24.14726496
1,2021-04-07 11:00:00,24.90816749
1,2021-04-07 12:00:00,28.93394402
1,2021-04-07 13:00:00,21.77479606
1,2021-04-07 14:00:00,22.53797913
1,2021-04-07 15:00:00,28.15537294
1,2021-04-07 16:00:00,24.91294495
1,2021-04-07 17:00:00,23.31756894
1,2021-04-07 18:00:00,26.55238223
1,2021-04-07 19:00:00,25.76514181
1,2021-04-07 20:00:00,22.56127071
1,2021-04-07 21:00:00,23.3609736
1,2021-04-07 22:00:00,28.0955524
1,2021-04-07 23:00:00,24.11159277
1,2021-04-08 00:00:00,21.16214786
1,2021-04-08 01:00:00,21.89151573
1,2021-04-08 02:00:00,21.92194946
1,2021-04-08 03:00:00,21.89866755
1,2021-04-08 04:00:00,23.27315251
1,2021-04-08 05:00:00,23.28802853
1,2021-04-08 06:00:00,30.50819833
1,2021-04-08 07:00:00,35.90517649
1,2021-04-08 08:00:00,41.48913664
1,2021-04-08 09:00:00,40.69318173
1,2021-04-08 10:00:00,38.27153405
1,2021-04-08 11:00:00,22.47718158
1,2021-04-08 12:00:00,35.23711495
1,2021-04-08 13:00:00,43.17521291
1,2021-04-08 14:00:00,32.10075591
1,2021-04-08 15:00:00,30.45918671
1,2021-04-08 16:00:00,26.51138147
1,2021-04-08 17:00:00,32.09874234
1,2021-04-08 18:00:00,29.7848448
1,2021-04-08 19:00:00,24.20058727
1,2021-04-08 20:00:00,24.3018292
1,2021-04-08 21:00:00,23.43150703
1,2021-04-08 22:00:00,22.48873373
1,2021-04-08 23:00:00,21.94044431
1,2021-04-09 00:00:00,19.94955897
1,2021-04-09 01:00:00,19.15109179
1,2021-04-09 02:00:00,19.1471774
1,2021-04-09 03:00:00,19.95712599
1,2021-04-09 04:00:00,19.95468129
1,2021-04-09 05:00:00,19.96822865
1,2021-04-09 06:00:00,17.60498296
1,2021-04-09 07:00:00,19.21234775
1,2021-04-09 08:00:00,19.26424746
1,2021-04-09 09:00:00,19.20534658
1,2021-04-09 10:00:00,19.2041673
1,2021-04-09 11:00:00,20.00042777
1,2021-04-09 12:00:00,19.20461646
1,2021-04-09 13:00:00,18.36599859
1,2021-04-09 14:00:00,18.40633684
1,2021-04-09 15:00:00,18.45484421
1,2021-04-09 16:00:00,19.23987844
1,2021-04-09 17:00:00,18.40956456
1,2021-04-09 18:00:00,19.96204524
1,2021-04-09 19:00:00,19.96837199
1,2021-04-09 20:00:00,19.98447752
1,2021-04-09 21:00:00,19.98313971
1,2021-04-09 22:00:00,19.97540149
1,2021-04-09 23:00:00,20.75447806
1,2021-04-10 00:00:00,18.55875357
1,2021-04-10 01:00:00,17.816598199999994
1,2021-04-10 02:00:00,18.62666253
1,2021-04-10 03:00:00,19.44589796
1,2021-04-10 04:00:00,19.41742134
1,2021-04-10 05:00:00,20.26999338
1,2021-04-10 06:00:00,22.42848923
1,2021-04-10 07:00:00,25.60683771
1,2021-04-10 08:00:00,24.03603355
1,2021-04-10 09:00:00,23.46131038
1,2021-04-10 10:00:00,22.41267965
1,2021-04-10 11:00:00,21.54128408
1,2021-04-10 12:00:00,19.97099717
1,2021-04-10 13:00:00,21.60338903
1,2021-04-10 14:00:00,22.45398698
1,2021-04-10 15:00:00,21.61592031
1,2021-04-10 16:00:00,23.24842755
1,2021-04-10 17:00:00,21.69582103
1,2021-04-10 18:00:00,18.53617382
1,2021-04-10 19:00:00,20.22731471
1,2021-04-10 20:00:00,19.42200069
1,2021-04-10 21:00:00,18.62992322
1,2021-04-10 22:00:00,18.62071451
1,2021-04-10 23:00:00,19.40596088
1,2021-04-11 00:00:00,17.08606362
1,2021-04-11 01:00:00,16.34495413
1,2021-04-11 02:00:00,16.30958045
1,2021-04-11 03:00:00,17.10822568
1,2021-04-11 04:00:00,17.11239791
1,2021-04-11 05:00:00,19.53570908
1,2021-04-11 06:00:00,20.56171056
1,2021-04-11 07:00:00,22.99573994
1,2021-04-11 08:00:00,21.32465983
1,2021-04-11 09:00:00,26.20774273
1,2021-04-11 10:00:00,25.40811817
1,2021-04-11 11:00:00,21.33381558
1,2021-04-11 12:00:00,22.17596126
1,2021-04-11 13:00:00,22.97136227
1,2021-04-11 14:00:00,22.10207391
1,2021-04-11 15:00:00,21.94288287
1,2021-04-11 16:00:00,21.97802496
1,2021-04-11 17:00:00,20.39445988
1,2021-04-11 18:00:00,18.75996438
1,2021-04-11 19:00:00,17.18247584
1,2021-04-11 20:00:00,17.16947069
1,2021-04-11 21:00:00,17.13571986
1,2021-04-11 22:00:00,17.9289155
1,2021-04-11 23:00:00,17.175303800000002
1,2021-04-12 00:00:00,16.38600264
1,2021-04-12 01:00:00,16.37087655
1,2021-04-12 02:00:00,16.338628699999994
1,2021-04-12 03:00:00,17.14433196
1,2021-04-12 04:00:00,17.14816626
1,2021-04-12 05:00:00,18.00618479
1,2021-04-12 06:00:00,16.37074589
1,2021-04-12 07:00:00,17.18712317
1,2021-04-12 08:00:00,17.20083429
1,2021-04-12 09:00:00,16.39203413
1,2021-04-12 10:00:00,15.56889132
1,2021-04-12 11:00:00,17.16627407
1,2021-04-12 12:00:00,15.57944361
1,2021-04-12 13:00:00,17.18882786
1,2021-04-12 14:00:00,16.31002744
1,2021-04-12 15:00:00,17.98686962
1,2021-04-12 16:00:00,15.51174395
1,2021-04-12 17:00:00,15.54173395
1,2021-04-12 18:00:00,14.72751873
1,2021-04-12 19:00:00,15.54916294
1,2021-04-12 20:00:00,16.36530592
1,2021-04-12 21:00:00,15.54076501
1,2021-04-12 22:00:00,16.38030949
1,2021-04-12 23:00:00,15.47913027
1,2021-04-13 00:00:00,17.45176061
1,2021-04-13 01:00:00,18.28738753
1,2021-04-13 02:00:00,16.69745924
1,2021-04-13 03:00:00,16.68087909
1,2021-04-13 04:00:00,16.68963005
1,2021-04-13 05:00:00,15.88380337
1,2021-04-13 06:00:00,23.02467219
1,2021-04-13 07:00:00,30.9255505
1,2021-04-13 08:00:00,30.91203024
1,2021-04-13 09:00:00,25.45862071
1,2021-04-13 10:00:00,21.46708345
1,2021-04-13 11:00:00,22.30690346
1,2021-04-13 12:00:00,21.50391126
1,2021-04-13 13:00:00,25.45071157
1,2021-04-13 14:00:00,23.77173093
1,2021-04-13 15:00:00,19.07662858
1,2021-04-13 16:00:00,23.00740989
1,2021-04-13 17:00:00,22.21982988
1,2021-04-13 18:00:00,19.89094598
1,2021-04-13 19:00:00,23.84174109
1,2021-04-13 20:00:00,17.46007776
1,2021-04-13 21:00:00,16.71166888
1,2021-04-13 22:00:00,15.12006485
1,2021-04-13 23:00:00,15.95658836
1,2021-04-14 00:00:00,18.32091037
1,2021-04-14 01:00:00,17.55669272
1,2021-04-14 02:00:00,18.33876724
1,2021-04-14 03:00:00,18.36535836
1,2021-04-14 04:00:00,16.79152661
1,2021-04-14 05:00:00,15.96021915
1,2021-04-14 06:00:00,16.67984022
1,2021-04-14 07:00:00,20.63960886
1,2021-04-14 08:00:00,27.7091193
1,2021-04-14 09:00:00,28.44205451
1,2021-04-14 10:00:00,24.59205095
1,2021-04-14 11:00:00,22.99772088
1,2021-04-14 12:00:00,22.25447235
1,2021-04-14 13:00:00,22.27722148
1,2021-04-14 14:00:00,26.22398758
1,2021-04-14 15:00:00,30.95815816
1,2021-04-14 16:00:00,26.95523887
1,2021-04-14 17:00:00,21.48617864
1,2021-04-14 18:00:00,20.68383582
1,2021-04-14 19:00:00,20.70819744
1,2021-04-14 20:00:00,20.68590419
1,2021-04-14 21:00:00,19.0999104
1,2021-04-14 22:00:00,19.07095528
1,2021-04-14 23:00:00,17.53036852
1,2021-04-15 00:00:00,18.54138331
1,2021-04-15 01:00:00,20.12144821
1,2021-04-15 02:00:00,20.10500034
1,2021-04-15 03:00:00,20.19501917
1,2021-04-15 04:00:00,20.9504517
1,2021-04-15 05:00:00,20.17255607
1,2021-04-15 06:00:00,19.92849039
1,2021-04-15 07:00:00,23.01944416
1,2021-04-15 08:00:00,30.0990363
1,2021-04-15 09:00:00,30.1108615
1,2021-04-15 10:00:00,23.80910158
1,2021-04-15 11:00:00,22.21920814
1,2021-04-15 12:00:00,29.28273822
1,2021-04-15 13:00:00,26.1793391
1,2021-04-15 14:00:00,20.65616814
1,2021-04-15 15:00:00,24.61983091
1,2021-04-15 16:00:00,29.54463458
1,2021-04-15 17:00:00,26.46700227
1,2021-04-15 18:00:00,20.19322234
1,2021-04-15 19:00:00,20.28486263
1,2021-04-15 20:00:00,21.12438383
1,2021-04-15 21:00:00,20.2249158
1,2021-04-15 22:00:00,20.10841447
1,2021-04-15 23:00:00,19.31253353
1,2021-04-16 00:00:00,20.19489606
1,2021-04-16 01:00:00,20.9805185
1,2021-04-16 02:00:00,20.22975941
1,2021-04-16 03:00:00,20.16834418
1,2021-04-16 04:00:00,20.19237028
1,2021-04-16 05:00:00,20.12687326
1,2021-04-16 06:00:00,23.32404404
1,2021-04-16 07:00:00,28.12955737
1,2021-04-16 08:00:00,33.74002457
1,2021-04-16 09:00:00,29.7661039
1,2021-04-16 10:00:00,28.28716621
1,2021-04-16 11:00:00,28.34764828
1,2021-04-16 12:00:00,25.07071273
1,2021-04-16 13:00:00,27.50939433
1,2021-04-16 14:00:00,25.88529743
1,2021-04-16 15:00:00,25.88802284
1,2021-04-16 16:00:00,29.09636156
1,2021-04-16 17:00:00,26.69855046
1,2021-04-16 18:00:00,22.64930121
1,2021-04-16 19:00:00,19.3977108
1,2021-04-16 20:00:00,21.82383871
1,2021-04-16 21:00:00,22.68199765
1,2021-04-16 22:00:00,21.03239083
1,2021-04-16 23:00:00,21.04236745
1,2021-04-17 00:00:00,18.53980398
1,2021-04-17 01:00:00,20.16018232
1,2021-04-17 02:00:00,19.38239427
1,2021-04-17 03:00:00,23.43059454
1,2021-04-17 04:00:00,26.58234286
1,2021-04-17 05:00:00,19.37349892
1,2021-04-17 06:00:00,20.15097737
1,2021-04-17 07:00:00,20.96628793
1,2021-04-17 08:00:00,21.02697708
1,2021-04-17 09:00:00,19.43682109
1,2021-04-17 10:00:00,21.0282685
1,2021-04-17 11:00:00,20.97801415
1,2021-04-17 12:00:00,20.11638284
1,2021-04-17 13:00:00,20.14259045
1,2021-04-17 14:00:00,19.33737499
1,2021-04-17 15:00:00,19.30975533
1,2021-04-17 16:00:00,20.92855946
1,2021-04-17 17:00:00,22.5541989
1,2021-04-17 18:00:00,20.93236971
1,2021-04-17 19:00:00,21.72495103
1,2021-04-17 20:00:00,20.15143356
1,2021-04-17 21:00:00,20.1515988
1,2021-04-17 22:00:00,18.57886591
1,2021-04-17 23:00:00,19.33742523
1,2021-04-18 00:00:00,20.90471534
1,2021-04-18 01:00:00,21.69719472
1,2021-04-18 02:00:00,20.8948768
1,2021-04-18 03:00:00,20.92479881
1,2021-04-18 04:00:00,20.93770695
1,2021-04-18 05:00:00,20.99054244
1,2021-04-18 06:00:00,19.41537414
1,2021-04-18 07:00:00,21.01602744
1,2021-04-18 08:00:00,21.00048386
1,2021-04-18 09:00:00,20.998072
1,2021-04-18 10:00:00,22.52888235
1,2021-04-18 11:00:00,21.69107366
1,2021-04-18 12:00:00,20.10327822
1,2021-04-18 13:00:00,20.87847262
1,2021-04-18 14:00:00,20.06629904
1,2021-04-18 15:00:00,20.10914111
1,2021-04-18 16:00:00,20.13375928
1,2021-04-18 17:00:00,20.17252206
1,2021-04-18 18:00:00,20.17832722
1,2021-04-18 19:00:00,20.18038371
1,2021-04-18 20:00:00,20.17008931
1,2021-04-18 21:00:00,20.92003806
1,2021-04-18 22:00:00,20.9541347
1,2021-04-18 23:00:00,20.92787965
1,2021-04-19 00:00:00,19.29915619
1,2021-04-19 01:00:00,20.10158604
1,2021-04-19 02:00:00,18.49626049
1,2021-04-19 03:00:00,18.53110593
1,2021-04-19 04:00:00,19.28520203
1,2021-04-19 05:00:00,18.5016443
1,2021-04-19 06:00:00,22.61371237
1,2021-04-19 07:00:00,28.99237286
1,2021-04-19 08:00:00,36.20712392
1,2021-04-19 09:00:00,27.38480707
1,2021-04-19 10:00:00,27.30334323
1,2021-04-19 11:00:00,25.63067955
1,2021-04-19 12:00:00,31.19163054
1,2021-04-19 13:00:00,28.03588224
1,2021-04-19 14:00:00,20.9009765
1,2021-04-19 15:00:00,23.30847454
1,2021-04-19 16:00:00,24.11210775
1,2021-04-19 17:00:00,24.90826893
1,2021-04-19 18:00:00,26.43548783
1,2021-04-19 19:00:00,19.28482056
1,2021-04-19 20:00:00,20.15031872
1,2021-04-19 21:00:00,19.31454042
1,2021-04-19 22:00:00,20.11803598
1,2021-04-19 23:00:00,19.30785079
1,2021-04-20 00:00:00,22.4369154
1,2021-04-20 01:00:00,22.45092627
1,2021-04-20 02:00:00,22.44629619
1,2021-04-20 03:00:00,21.60996151
1,2021-04-20 04:00:00,21.65439553
1,2021-04-20 05:00:00,21.67980838
1,2021-04-20 06:00:00,20.15734596
1,2021-04-20 07:00:00,23.238983
1,2021-04-20 08:00:00,31.24930298
1,2021-04-20 09:00:00,28.83385883
1,2021-04-20 10:00:00,20.89607938
1,2021-04-20 11:00:00,24.04608011
1,2021-04-20 12:00:00,30.35336537
1,2021-04-20 13:00:00,15.18739644
1,2021-04-20 14:00:00,27.22218697
1,2021-04-20 15:00:00,35.14063142
1,2021-04-20 16:00:00,24.88093217
1,2021-04-20 17:00:00,24.07364607
1,2021-04-20 18:00:00,29.6720618
1,2021-04-20 19:00:00,19.34813742
1,2021-04-20 20:00:00,22.48952065
1,2021-04-20 21:00:00,22.40126091
1,2021-04-20 22:00:00,21.69415713
1,2021-04-20 23:00:00,22.44848442
1,2021-04-21 00:00:00,20.1212332
1,2021-04-21 01:00:00,25.03059451
1,2021-04-21 02:00:00,23.47720845
1,2021-04-21 03:00:00,19.49463285
1,2021-04-21 04:00:00,21.11363436
1,2021-04-21 05:00:00,21.20117564
1,2021-04-21 06:00:00,25.74068241
1,2021-04-21 07:00:00,33.7514669
1,2021-04-21 08:00:00,33.68276081
1,2021-04-21 09:00:00,33.05827784
1,2021-04-21 10:00:00,30.77862965
1,2021-04-21 11:00:00,24.18617347
1,2021-04-21 12:00:00,25.61063385
1,2021-04-21 13:00:00,35.0172049
1,2021-04-21 14:00:00,27.21346583
1,2021-04-21 15:00:00,23.28493651
1,2021-04-21 16:00:00,31.47871438
1,2021-04-21 17:00:00,23.52981687
1,2021-04-21 18:00:00,21.15168589
1,2021-04-21 19:00:00,20.31309207
1,2021-04-21 20:00:00,21.9366374
1,2021-04-21 21:00:00,20.99875726
1,2021-04-21 22:00:00,20.92326908
1,2021-04-21 23:00:00,20.12724341
1,2021-04-22 00:00:00,21.11846638
1,2021-04-22 01:00:00,20.98471049
1,2021-04-22 02:00:00,20.97254767
1,2021-04-22 03:00:00,20.95665422
1,2021-04-22 04:00:00,20.9365147
1,2021-04-22 05:00:00,20.96602345
1,2021-04-22 06:00:00,22.84189129
1,2021-04-22 07:00:00,33.28490826
1,2021-04-22 08:00:00,34.00970703
1,2021-04-22 09:00:00,30.87596859
1,2021-04-22 10:00:00,34.06645421
1,2021-04-22 11:00:00,26.83623719
1,2021-04-22 12:00:00,28.40043072
1,2021-04-22 13:00:00,33.25221047
1,2021-04-22 14:00:00,26.04058329
1,2021-04-22 15:00:00,28.38632418
1,2021-04-22 16:00:00,32.42345735
1,2021-04-22 17:00:00,27.66107814
1,2021-04-22 18:00:00,22.74344701
1,2021-04-22 19:00:00,23.60703858
1,2021-04-22 20:00:00,21.95292378
1,2021-04-22 21:00:00,21.16253424
1,2021-04-22 22:00:00,21.16584031
1,2021-04-22 23:00:00,21.1706454
1,2021-04-23 00:00:00,18.99405181
1,2021-04-23 01:00:00,24.72595402
1,2021-04-23 02:00:00,23.78185397
1,2021-04-23 03:00:00,19.04575308
1,2021-04-23 04:00:00,19.85719006
1,2021-04-23 05:00:00,20.61943356
1,2021-04-23 06:00:00,24.23062801
1,2021-04-23 07:00:00,32.15773184
1,2021-04-23 08:00:00,32.81764777
1,2021-04-23 09:00:00,26.21153254
1,2021-04-23 10:00:00,29.23187828
1,2021-04-23 11:00:00,29.1918259
1,2021-04-23 12:00:00,24.46706462
1,2021-04-23 13:00:00,33.72374465
1,2021-04-23 14:00:00,25.29533132
1,2021-04-23 15:00:00,30.78154445
1,2021-04-23 16:00:00,25.29172883
1,2021-04-23 17:00:00,26.11916995
1,2021-04-23 18:00:00,26.83205516
1,2021-04-23 19:00:00,20.58490992
1,2021-04-23 20:00:00,20.59097862
1,2021-04-23 21:00:00,19.88129789
1,2021-04-23 22:00:00,20.58408547
1,2021-04-23 23:00:00,19.820221
1,2021-04-24 00:00:00,22.05010757
1,2021-04-24 01:00:00,22.11830752
1,2021-04-24 02:00:00,21.26793518
1,2021-04-24 03:00:00,22.10876815
1,2021-04-24 04:00:00,22.96248873
1,2021-04-24 05:00:00,28.49495554
1,2021-04-24 06:00:00,21.34589911
1,2021-04-24 07:00:00,22.11340332
1,2021-04-24 08:00:00,24.4076757
1,2021-04-24 09:00:00,22.83101638
1,2021-04-24 10:00:00,19.66436307
1,2021-04-24 11:00:00,21.26694775
1,2021-04-24 12:00:00,20.54901431
1,2021-04-24 13:00:00,21.24625808
1,2021-04-24 14:00:00,20.53744772
1,2021-04-24 15:00:00,19.71906622
1,2021-04-24 16:00:00,21.26022935
1,2021-04-24 17:00:00,21.29612374
1,2021-04-24 18:00:00,21.29725242
1,2021-04-24 19:00:00,22.08533637
1,2021-04-24 20:00:00,22.10356331
1,2021-04-24 21:00:00,22.14703094
1,2021-04-24 22:00:00,22.06018545
1,2021-04-24 23:00:00,22.10598882
1,2021-04-25 00:00:00,22.16728973
1,2021-04-25 01:00:00,23.731455800000006
1,2021-04-25 02:00:00,27.66074225
1,2021-04-25 03:00:00,19.0184422
1,2021-04-25 04:00:00,22.12522636
1,2021-04-25 05:00:00,22.17493566
1,2021-04-25 06:00:00,21.41973496
1,2021-04-25 07:00:00,24.58908471
1,2021-04-25 08:00:00,26.92557095
1,2021-04-25 09:00:00,21.45044947
1,2021-04-25 10:00:00,20.62304211
1,2021-04-25 11:00:00,21.44489193
1,2021-04-25 12:00:00,21.46720684
1,2021-04-25 13:00:00,19.88562658
1,2021-04-25 14:00:00,20.57510965
1,2021-04-25 15:00:00,20.60851381
1,2021-04-25 16:00:00,20.57381805
1,2021-04-25 17:00:00,20.57234891
1,2021-04-25 18:00:00,21.3883059
1,2021-04-25 19:00:00,21.39463162
1,2021-04-25 20:00:00,22.16047605
1,2021-04-25 21:00:00,21.37318039
1,2021-04-25 22:00:00,22.12779395
1,2021-04-25 23:00:00,22.13299878
1,2021-04-26 00:00:00,22.07770379
1,2021-04-26 01:00:00,21.23348057
1,2021-04-26 02:00:00,22.04541779
1,2021-04-26 03:00:00,21.33677101
1,2021-04-26 04:00:00,21.40332084
1,2021-04-26 05:00:00,22.15054035
1,2021-04-26 06:00:00,28.46405369
1,2021-04-26 07:00:00,33.16204155
1,2021-04-26 08:00:00,31.57193831
1,2021-04-26 09:00:00,27.70205314
1,2021-04-26 10:00:00,25.30960958
1,2021-04-26 11:00:00,34.74408637
1,2021-04-26 12:00:00,28.428125800000004
1,2021-04-26 13:00:00,23.71435116
1,2021-04-26 14:00:00,28.4194125
1,2021-04-26 15:00:00,29.99611553
1,2021-04-26 16:00:00,19.74770719
1,2021-04-26 17:00:00,33.86124779
1,2021-04-26 18:00:00,32.346529
1,2021-04-26 19:00:00,22.93669899
1,2021-04-26 20:00:00,21.336522100000003
1,2021-04-26 21:00:00,21.39249659
1,2021-04-26 22:00:00,21.35572028
1,2021-04-26 23:00:00,21.38120001
1,2021-04-27 00:00:00,23.54930639
1,2021-04-27 01:00:00,21.97538058
1,2021-04-27 02:00:00,22.77037247
1,2021-04-27 03:00:00,24.3055668
1,2021-04-27 04:00:00,24.34873756
1,2021-04-27 05:00:00,25.1267573
1,2021-04-27 06:00:00,25.26502482
1,2021-04-27 07:00:00,31.40423334
1,2021-04-27 08:00:00,32.16497568
1,2021-04-27 09:00:00,29.74087985
1,2021-04-27 10:00:00,32.18692915
1,2021-04-27 11:00:00,30.59305292
1,2021-04-27 12:00:00,29.80466242
1,2021-04-27 13:00:00,29.75778934
1,2021-04-27 14:00:00,28.19152023
1,2021-04-27 15:00:00,27.37368179
1,2021-04-27 16:00:00,28.14245303
1,2021-04-27 17:00:00,27.4145101
1,2021-04-27 18:00:00,28.22117022
1,2021-04-27 19:00:00,23.5491848
1,2021-04-27 20:00:00,21.18275642
1,2021-04-27 21:00:00,22.7689205
1,2021-04-27 22:00:00,22.77881233
1,2021-04-27 23:00:00,23.5856178
1,2021-04-28 00:00:00,23.6049366
1,2021-04-28 01:00:00,23.703022
1,2021-04-28 02:00:00,23.62554782
1,2021-04-28 03:00:00,24.30880165
1,2021-04-28 04:00:00,25.05090586
1,2021-04-28 05:00:00,25.01771307
1,2021-04-28 06:00:00,32.11009525
1,2021-04-28 07:00:00,34.44003365
1,2021-04-28 08:00:00,36.91848078
1,2021-04-28 09:00:00,36.10004209
1,2021-04-28 10:00:00,32.87953627
1,2021-04-28 11:00:00,31.34083681
1,2021-04-28 12:00:00,29.75472087
1,2021-04-28 13:00:00,28.2459494
1,2021-04-28 14:00:00,28.18285259
1,2021-04-28 15:00:00,28.26237488
1,2021-04-28 16:00:00,27.51650651
1,2021-04-28 17:00:00,27.726418
1,2021-04-28 18:00:00,26.88152345
1,2021-04-28 19:00:00,21.38513403
1,2021-04-28 20:00:00,22.90895143
1,2021-04-28 21:00:00,22.86835273
1,2021-04-28 22:00:00,22.84778317
1,2021-04-28 23:00:00,22.75187254
1,2021-04-29 00:00:00,22.17893767
1,2021-04-29 01:00:00,22.12494564
1,2021-04-29 02:00:00,21.37532564
1,2021-04-29 03:00:00,21.31983662
1,2021-04-29 04:00:00,21.34049466
1,2021-04-29 05:00:00,22.09845416
1,2021-04-29 06:00:00,31.27323301
1,2021-04-29 07:00:00,36.64942074
1,2021-04-29 08:00:00,37.53352299
1,2021-04-29 09:00:00,34.56822305
1,2021-04-29 10:00:00,31.37703974
1,2021-04-29 11:00:00,31.18732913
1,2021-04-29 12:00:00,28.84700768
1,2021-04-29 13:00:00,29.63447116
1,2021-04-29 14:00:00,28.83939478
1,2021-04-29 15:00:00,27.28656015
1,2021-04-29 16:00:00,27.50058719
1,2021-04-29 17:00:00,26.73677115
1,2021-04-29 18:00:00,22.84360786
1,2021-04-29 19:00:00,20.52872775
1,2021-04-29 20:00:00,22.07020696
1,2021-04-29 21:00:00,22.86122425
1,2021-04-29 22:00:00,21.98842461
1,2021-04-29 23:00:00,21.33053112
1,2021-04-30 00:00:00,20.30562131
1,2021-04-30 01:00:00,20.37363777
1,2021-04-30 02:00:00,19.63491403
1,2021-04-30 03:00:00,21.13652158
1,2021-04-30 04:00:00,21.25144595
1,2021-04-30 05:00:00,21.99908248
1,2021-04-30 06:00:00,24.43801562
1,2021-04-30 07:00:00,34.50804815
1,2021-04-30 08:00:00,35.1676075
1,2021-04-30 09:00:00,30.49033496
1,2021-04-30 10:00:00,30.51189195
1,2021-04-30 11:00:00,27.396503000000006
1,2021-04-30 12:00:00,23.55009317
1,2021-04-30 13:00:00,23.5173172
1,2021-04-30 14:00:00,25.13008096
1,2021-04-30 15:00:00,23.59688991
1,2021-04-30 16:00:00,23.41019561
1,2021-04-30 17:00:00,22.70852319
1,2021-04-30 18:00:00,20.37771225
1,2021-04-30 19:00:00,18.84072363
1,2021-04-30 20:00:00,20.39659704
1,2021-04-30 21:00:00,19.62985718
1,2021-04-30 22:00:00,18.8113575
1,2021-04-30 23:00:00,19.59358091
1,2021-05-02 00:00:00,14.55549958
1,2021-05-02 01:00:00,14.55551392
1,2021-05-02 02:00:00,12.98304098
1,2021-05-02 03:00:00,10.52353324
1,2021-05-02 04:00:00,12.17665652
1,2021-05-02 05:00:00,13.74910206
1,2021-05-02 06:00:00,21.03623118
1,2021-05-02 07:00:00,27.42522736
1,2021-05-02 08:00:00,25.83265686
1,2021-05-02 09:00:00,23.41407879
1,2021-05-02 10:00:00,24.23940749
1,2021-05-02 11:00:00,23.41201607
1,2021-05-02 12:00:00,22.59908644
1,2021-05-02 13:00:00,24.14659054
1,2021-05-02 14:00:00,24.21261311
1,2021-05-02 15:00:00,24.99799784
1,2021-05-02 16:00:00,23.38520074
1,2021-05-02 17:00:00,21.77242184
1,2021-05-02 18:00:00,15.36164259
1,2021-05-02 19:00:00,15.32133842
1,2021-05-02 20:00:00,16.16810929
1,2021-05-02 21:00:00,16.16818099
1,2021-05-02 22:00:00,15.36185303
1,2021-05-02 23:00:00,15.32157397
1,2021-05-03 00:00:00,18.32928375
1,2021-05-03 01:00:00,19.12543611
1,2021-05-03 02:00:00,18.28939048
1,2021-05-03 03:00:00,17.53541536
1,2021-05-03 04:00:00,18.32805825
1,2021-05-03 05:00:00,18.33314896
1,2021-05-03 06:00:00,21.56275264
1,2021-05-03 07:00:00,23.90651001
1,2021-05-03 08:00:00,23.10818416
1,2021-05-03 09:00:00,23.10998262
1,2021-05-03 10:00:00,23.91885202
1,2021-05-03 11:00:00,23.11310627
1,2021-05-03 12:00:00,22.31142207
1,2021-05-03 13:00:00,22.31090936
1,2021-05-03 14:00:00,21.51297052
1,2021-05-03 15:00:00,23.89425875
1,2021-05-03 16:00:00,22.29638157
1,2021-05-03 17:00:00,21.53898856
1,2021-05-03 18:00:00,19.07720947
1,2021-05-03 19:00:00,19.16082722
1,2021-05-03 20:00:00,18.32509981
1,2021-05-03 21:00:00,18.31803803
1,2021-05-03 22:00:00,18.3166385
1,2021-05-03 23:00:00,19.12279084
1,2021-05-04 00:00:00,15.16687492
1,2021-05-04 01:00:00,15.12808458
1,2021-05-04 02:00:00,15.20286539
1,2021-05-04 03:00:00,15.20000106
1,2021-05-04 04:00:00,15.12449233
1,2021-05-04 05:00:00,15.96203725
1,2021-05-04 06:00:00,10.39518078
1,2021-05-04 08:00:00,32.60683384
1,2021-05-04 09:00:00,31.90285902
1,2021-05-04 10:00:00,16.02275653
1,2021-05-04 11:00:00,16.78523984
1,2021-05-04 12:00:00,19.13973808
1,2021-05-04 13:00:00,20.7267073
1,2021-05-04 14:00:00,19.92634734
1,2021-05-04 15:00:00,19.92187301
1,2021-05-04 16:00:00,19.11633873
1,2021-05-04 17:00:00,19.96054617
1,2021-05-04 18:00:00,19.13730542
1,2021-05-04 19:00:00,16.74330516
1,2021-05-04 20:00:00,17.54492726
1,2021-05-04 21:00:00,16.76013625
1,2021-05-04 22:00:00,14.41363728
1,2021-05-04 23:00:00,15.16843278
1,2021-05-05 00:00:00,21.18315728
1,2021-05-05 01:00:00,23.49121571
1,2021-05-05 02:00:00,22.74822529
1,2021-05-05 03:00:00,22.77500264
1,2021-05-05 04:00:00,22.84041345
1,2021-05-05 05:00:00,23.57833147
1,2021-05-05 06:00:00,27.44055336
1,2021-05-05 07:00:00,35.70072136
1,2021-05-05 08:00:00,37.17778095
1,2021-05-05 09:00:00,32.11239331
1,2021-05-05 10:00:00,30.48088736
1,2021-05-05 11:00:00,28.09930027
1,2021-05-05 12:00:00,26.59442191
1,2021-05-05 13:00:00,29.67447984
1,2021-05-05 14:00:00,27.38244853
1,2021-05-05 15:00:00,21.90320714
1,2021-05-05 16:00:00,24.25483028
1,2021-05-05 17:00:00,25.03966917
1,2021-05-05 18:00:00,28.23986389
1,2021-05-05 19:00:00,20.3341527
1,2021-05-05 20:00:00,21.17977144
1,2021-05-05 21:00:00,21.92878183
1,2021-05-05 22:00:00,21.96460323
1,2021-05-05 23:00:00,21.96184347
1,2021-05-06 00:00:00,23.57799002
1,2021-05-06 01:00:00,23.55172396
1,2021-05-06 02:00:00,22.71132455
1,2021-05-06 03:00:00,23.53770256
1,2021-05-06 04:00:00,22.71484698
1,2021-05-06 05:00:00,23.082479
1,2021-05-06 06:00:00,22.99767478
1,2021-05-06 07:00:00,30.93146904
1,2021-05-06 08:00:00,31.76239931
1,2021-05-06 09:00:00,23.09352861
1,2021-05-06 10:00:00,27.76816779
1,2021-05-06 11:00:00,26.02741662
1,2021-05-06 12:00:00,23.59373808
1,2021-05-06 13:00:00,23.60581636
1,2021-05-06 14:00:00,25.1708552
1,2021-05-06 15:00:00,26.66045525
1,2021-05-06 16:00:00,22.06169664
1,2021-05-06 17:00:00,23.67935658
1,2021-05-06 18:00:00,25.42019145
1,2021-05-06 19:00:00,27.76228489
1,2021-05-06 20:00:00,21.44940019
1,2021-05-06 21:00:00,24.61293292
1,2021-05-06 22:00:00,23.70906471
1,2021-05-06 23:00:00,24.37917606
1,2021-05-07 00:00:00,25.75216421
1,2021-05-07 01:00:00,22.56777942
1,2021-05-07 02:00:00,25.68420646
1,2021-05-07 03:00:00,28.1211404
1,2021-05-07 04:00:00,23.30113173
1,2021-05-07 05:00:00,28.90307646
1,2021-05-07 06:00:00,33.68724287
1,2021-05-07 07:00:00,42.34029616
1,2021-05-07 08:00:00,45.59445862
1,2021-05-07 09:00:00,43.93126267
1,2021-05-07 10:00:00,39.21844877
1,2021-05-07 11:00:00,40.02719121
1,2021-05-07 12:00:00,37.613657
1,2021-05-07 13:00:00,36.03071316
1,2021-05-07 14:00:00,36.0390003
1,2021-05-07 15:00:00,35.24326128
1,2021-05-07 16:00:00,33.6141032
1,2021-05-07 17:00:00,33.69499491
1,2021-05-07 18:00:00,28.18334326
1,2021-05-07 19:00:00,22.59043471
1,2021-05-07 20:00:00,29.85428643
1,2021-05-07 21:00:00,22.56616402
1,2021-05-07 22:00:00,22.58260146
1,2021-05-07 23:00:00,27.31935108
1,2021-05-08 00:00:00,21.88513176
1,2021-05-08 01:00:00,21.11381309
1,2021-05-08 02:00:00,22.15920913
1,2021-05-08 03:00:00,21.46673799
1,2021-05-08 04:00:00,22.17732372
1,2021-05-08 05:00:00,22.43699551
1,2021-05-08 06:00:00,28.81925349
1,2021-05-08 07:00:00,35.975348
1,2021-05-08 08:00:00,39.93825718
1,2021-05-08 09:00:00,35.94029388
1,2021-05-08 10:00:00,33.63857953
1,2021-05-08 11:00:00,31.21713289
1,2021-05-08 12:00:00,29.1262328
1,2021-05-08 13:00:00,25.77332564
1,2021-05-08 14:00:00,31.97434712
1,2021-05-08 15:00:00,26.53861703
1,2021-05-08 16:00:00,27.29081209
1,2021-05-08 17:00:00,27.32077245
1,2021-05-08 18:00:00,24.23516536
1,2021-05-08 19:00:00,21.88107268
1,2021-05-08 20:00:00,22.66361817
1,2021-05-08 21:00:00,20.33497551
1,2021-05-08 22:00:00,20.328835100000006
1,2021-05-08 23:00:00,21.06324148
1,2021-05-09 00:00:00,20.00480752
1,2021-05-09 01:00:00,19.22357677
1,2021-05-09 02:00:00,19.21413293
1,2021-05-09 03:00:00,19.97255286
1,2021-05-09 04:00:00,19.23117619
1,2021-05-09 05:00:00,20.02543415
1,2021-05-09 06:00:00,19.97193352
1,2021-05-09 07:00:00,20.79187124
1,2021-05-09 08:00:00,22.36287233
1,2021-05-09 09:00:00,23.11854315
1,2021-05-09 10:00:00,27.94694583
1,2021-05-09 11:00:00,19.17754555
1,2021-05-09 12:00:00,20.01701309
1,2021-05-09 13:00:00,20.69219997
1,2021-05-09 14:00:00,19.205788100000003
1,2021-05-09 15:00:00,19.95970407
1,2021-05-09 16:00:00,20.79589998
1,2021-05-09 17:00:00,19.18260002
1,2021-05-09 18:00:00,20.84504364
1,2021-05-09 19:00:00,20.81031526
1,2021-05-09 20:00:00,20.01522734
1,2021-05-09 21:00:00,20.07014465
1,2021-05-09 22:00:00,20.03862516
1,2021-05-09 23:00:00,20.04272455
1,2021-05-10 00:00:00,20.11297339
1,2021-05-10 01:00:00,20.13290125
1,2021-05-10 02:00:00,20.10165652
1,2021-05-10 03:00:00,20.1293437
1,2021-05-10 04:00:00,20.94110858
1,2021-05-10 05:00:00,22.49016317
1,2021-05-10 06:00:00,23.47353117
1,2021-05-10 07:00:00,34.68752362
1,2021-05-10 08:00:00,30.72340448
1,2021-05-10 09:00:00,27.43019727
1,2021-05-10 10:00:00,25.76237234
1,2021-05-10 11:00:00,25.08747853
1,2021-05-10 12:00:00,21.85670972
1,2021-05-10 13:00:00,20.24455699
1,2021-05-10 14:00:00,20.9892176
1,2021-05-10 15:00:00,20.17879287
1,2021-05-10 16:00:00,21.04290158
1,2021-05-10 17:00:00,20.20305793
1,2021-05-10 18:00:00,17.79821051
1,2021-05-10 19:00:00,19.42074113
1,2021-05-10 20:00:00,19.44728749
1,2021-05-10 21:00:00,19.45792389
1,2021-05-10 22:00:00,20.18235459
1,2021-05-10 23:00:00,20.15954008
1,2021-05-11 00:00:00,15.46964381
1,2021-05-11 01:00:00,14.67408606
1,2021-05-11 02:00:00,14.6282624
1,2021-05-11 03:00:00,14.657155800000002
1,2021-05-11 04:00:00,16.26443856
1,2021-05-11 05:00:00,15.49472858
1,2021-05-11 06:00:00,21.15003522
1,2021-05-11 07:00:00,22.02712619
1,2021-05-11 08:00:00,20.39548755
1,2021-05-11 09:00:00,22.09139657
1,2021-05-11 10:00:00,22.0953362
1,2021-05-11 11:00:00,26.08425697
1,2021-05-11 12:00:00,26.88644795
1,2021-05-11 13:00:00,24.42366371
1,2021-05-11 14:00:00,24.44842287
1,2021-05-11 15:00:00,23.65406394
1,2021-05-11 16:00:00,22.77143941
1,2021-05-11 17:00:00,21.22037117
1,2021-05-11 18:00:00,19.53817177
1,2021-05-11 19:00:00,17.93605946
1,2021-05-11 20:00:00,17.12340561
1,2021-05-11 21:00:00,17.12125259
1,2021-05-11 22:00:00,15.47820221
1,2021-05-11 23:00:00,15.47742858
1,2021-05-12 00:00:00,14.86544279
1,2021-05-12 01:00:00,14.82772899
1,2021-05-12 02:00:00,16.47655607
1,2021-05-12 03:00:00,15.70354755
1,2021-05-12 04:00:00,17.30753878
1,2021-05-12 05:00:00,18.95261082
1,2021-05-12 06:00:00,17.96826114
1,2021-05-12 07:00:00,17.98980661
1,2021-05-12 08:00:00,18.00645068
1,2021-05-12 09:00:00,17.159832
1,2021-05-12 10:00:00,16.4181393
1,2021-05-12 11:00:00,16.38792992
1,2021-05-12 12:00:00,16.42803451
1,2021-05-12 13:00:00,18.01754729
1,2021-05-12 14:00:00,19.63850975
1,2021-05-12 15:00:00,17.23095994
1,2021-05-12 16:00:00,18.01048025
1,2021-05-12 17:00:00,18.87686568
1,2021-05-12 18:00:00,17.24466604
1,2021-05-12 19:00:00,15.57426532
1,2021-05-12 20:00:00,14.84420395
1,2021-05-12 21:00:00,15.62367389
1,2021-05-12 22:00:00,14.81414585
1,2021-05-12 23:00:00,17.28806952
1,2021-05-13 00:00:00,20.14451027
1,2021-05-13 01:00:00,24.27217775
1,2021-05-13 02:00:00,24.1947794
1,2021-05-13 03:00:00,23.3960375
1,2021-05-13 04:00:00,24.27187691
1,2021-05-13 05:00:00,23.47845362
1,2021-05-13 06:00:00,25.84845479
1,2021-05-13 07:00:00,34.73370986
1,2021-05-13 08:00:00,36.24837748
1,2021-05-13 09:00:00,33.82936355
1,2021-05-13 10:00:00,32.23041675
1,2021-05-13 11:00:00,33.03335997
1,2021-05-13 12:00:00,30.6168088
1,2021-05-13 13:00:00,30.65395606
1,2021-05-13 14:00:00,28.26876762
1,2021-05-13 15:00:00,28.99332008
1,2021-05-13 16:00:00,30.60360916
1,2021-05-13 17:00:00,29.81566067
1,2021-05-13 18:00:00,26.55732273
1,2021-05-13 19:00:00,21.03268688
1,2021-05-13 20:00:00,23.42569455
1,2021-05-13 21:00:00,28.29937379
1,2021-05-13 22:00:00,25.8532842
1,2021-05-13 23:00:00,20.98986546
1,2021-05-14 00:00:00,23.40334805
1,2021-05-14 01:00:00,22.62015926
1,2021-05-14 02:00:00,23.4103312
1,2021-05-14 03:00:00,23.41779519
1,2021-05-14 04:00:00,23.33840585
1,2021-05-14 05:00:00,24.79736241
1,2021-05-14 06:00:00,29.06148556
1,2021-05-14 07:00:00,35.41719283
1,2021-05-14 08:00:00,36.19668036
1,2021-05-14 09:00:00,34.68890584
1,2021-05-14 10:00:00,32.27606027
1,2021-05-14 11:00:00,32.16853654
1,2021-05-14 12:00:00,29.01887838
1,2021-05-14 13:00:00,28.17465777
1,2021-05-14 14:00:00,33.82530366
1,2021-05-14 15:00:00,26.59469008
1,2021-05-14 16:00:00,30.64543196
1,2021-05-14 17:00:00,32.20060966
1,2021-05-14 18:00:00,23.43819705
1,2021-05-14 19:00:00,23.42145214
1,2021-05-14 20:00:00,24.21248577
1,2021-05-14 21:00:00,24.19875383
1,2021-05-14 22:00:00,23.44409998
1,2021-05-14 23:00:00,24.2647793
1,2021-05-15 00:00:00,29.85629209
1,2021-05-15 01:00:00,22.72900518
1,2021-05-15 02:00:00,22.75751544
1,2021-05-15 03:00:00,24.31328797
1,2021-05-15 04:00:00,23.77405074
1,2021-05-15 05:00:00,23.78774923
1,2021-05-15 06:00:00,24.81064646
1,2021-05-15 07:00:00,28.04307063
1,2021-05-15 08:00:00,28.08600125
1,2021-05-15 09:00:00,24.05326002
1,2021-05-15 10:00:00,25.58197784
1,2021-05-15 11:00:00,25.57346598
1,2021-05-15 12:00:00,24.75032377
1,2021-05-15 13:00:00,25.57955678
1,2021-05-15 14:00:00,23.32941747
1,2021-05-15 15:00:00,24.11907911
1,2021-05-15 16:00:00,24.15300388
1,2021-05-15 17:00:00,24.11776304
1,2021-05-15 18:00:00,24.93785248
1,2021-05-15 19:00:00,24.04896498
1,2021-05-15 20:00:00,24.96647948
1,2021-05-15 21:00:00,26.53066969
1,2021-05-15 22:00:00,25.72779338
1,2021-05-15 23:00:00,25.88541089
1,2021-05-16 00:00:00,22.83711434
1,2021-05-16 01:00:00,21.97893819
1,2021-05-16 02:00:00,22.02464072
1,2021-05-16 03:00:00,22.19680482
1,2021-05-16 04:00:00,22.16031361
1,2021-05-16 05:00:00,23.78609901
1,2021-05-16 06:00:00,24.52576621
1,2021-05-16 07:00:00,24.53229984
1,2021-05-16 08:00:00,25.31168407
1,2021-05-16 09:00:00,27.74544199
1,2021-05-16 10:00:00,26.88586836
1,2021-05-16 11:00:00,22.24760414
1,2021-05-16 12:00:00,22.18551445
1,2021-05-16 13:00:00,23.7815547
1,2021-05-16 14:00:00,22.94791373
1,2021-05-16 15:00:00,22.95065633
1,2021-05-16 16:00:00,22.99642987
1,2021-05-16 17:00:00,22.050049
1,2021-05-16 18:00:00,23.5004735
1,2021-05-16 19:00:00,23.51802811
1,2021-05-16 20:00:00,22.72865224
1,2021-05-16 21:00:00,23.50836992
1,2021-05-16 22:00:00,21.98814011
1,2021-05-16 23:00:00,22.79438297
1,2021-05-17 00:00:00,22.16925462
1,2021-05-17 01:00:00,22.97092859
1,2021-05-17 02:00:00,22.18102169
1,2021-05-17 03:00:00,22.17263699
1,2021-05-17 04:00:00,22.92446274
1,2021-05-17 05:00:00,23.86263132
1,2021-05-17 06:00:00,28.458179600000005
1,2021-05-17 07:00:00,36.3243563
1,2021-05-17 08:00:00,37.83182341
1,2021-05-17 09:00:00,35.51436248
1,2021-05-17 10:00:00,33.15664125
1,2021-05-17 11:00:00,33.16484615
1,2021-05-17 12:00:00,30.73735129
1,2021-05-17 13:00:00,27.5612528
1,2021-05-17 14:00:00,33.08189306
1,2021-05-17 15:00:00,34.67298775
1,2021-05-17 16:00:00,26.02979433
1,2021-05-17 17:00:00,30.79529851
1,2021-05-17 18:00:00,25.29155363
1,2021-05-17 19:00:00,23.7511301
1,2021-05-17 20:00:00,23.74793291
1,2021-05-17 21:00:00,23.79930314
1,2021-05-17 22:00:00,23.76278639
1,2021-05-17 23:00:00,22.91580045
1,2021-05-18 00:00:00,21.7504051
1,2021-05-18 01:00:00,20.8976226
1,2021-05-18 02:00:00,20.90949032
1,2021-05-18 03:00:00,22.3769563
1,2021-05-18 04:00:00,22.30219536
1,2021-05-18 05:00:00,22.21114032
1,2021-05-18 06:00:00,27.99823445
1,2021-05-18 07:00:00,34.39807721
1,2021-05-18 08:00:00,35.2470842
1,2021-05-18 09:00:00,33.72661576
1,2021-05-18 10:00:00,28.90176203
1,2021-05-18 11:00:00,28.85702866
1,2021-05-18 12:00:00,36.66152393
1,2021-05-18 13:00:00,29.31377556
1,2021-05-18 14:00:00,26.87102069
1,2021-05-18 15:00:00,34.575452899999995
1,2021-05-18 16:00:00,27.55493396
1,2021-05-18 17:00:00,27.56616855
1,2021-05-18 18:00:00,28.46039095
1,2021-05-18 19:00:00,21.52924836
1,2021-05-18 20:00:00,22.43387795
1,2021-05-18 21:00:00,22.50872978
1,2021-05-18 22:00:00,20.89793285
1,2021-05-18 23:00:00,21.69757533
1,2021-05-19 00:00:00,20.63876445
1,2021-05-19 01:00:00,19.00247692
1,2021-05-19 02:00:00,22.12844594
1,2021-05-19 03:00:00,21.43473801
1,2021-05-19 04:00:00,20.61415736
1,2021-05-19 05:00:00,21.41283559
1,2021-05-19 06:00:00,29.38444479
1,2021-05-19 07:00:00,34.10460369
1,2021-05-19 08:00:00,35.62587458
1,2021-05-19 09:00:00,33.20319672
1,2021-05-19 10:00:00,33.17325661
1,2021-05-19 11:00:00,26.16992521
1,2021-05-19 12:00:00,33.2716527
1,2021-05-19 13:00:00,25.3471934
1,2021-05-19 14:00:00,26.1751343
1,2021-05-19 15:00:00,27.7360197
1,2021-05-19 16:00:00,23.76316074
1,2021-05-19 17:00:00,24.55626029
1,2021-05-19 18:00:00,27.61729042
1,2021-05-19 19:00:00,22.94351709
1,2021-05-19 20:00:00,20.59657251
1,2021-05-19 21:00:00,20.6352258
1,2021-05-19 22:00:00,20.60225539
1,2021-05-19 23:00:00,20.59028303
1,2021-05-20 00:00:00,23.78466611
1,2021-05-20 01:00:00,23.77410567
1,2021-05-20 02:00:00,26.90594722
1,2021-05-20 03:00:00,24.62197769
1,2021-05-20 04:00:00,22.99536546
1,2021-05-20 05:00:00,29.38011347
1,2021-05-20 06:00:00,22.99787973
1,2021-05-20 07:00:00,33.96562183
1,2021-05-20 08:00:00,35.67094088
1,2021-05-20 09:00:00,31.68856621
1,2021-05-20 10:00:00,31.6930898
1,2021-05-20 11:00:00,24.56571444
1,2021-05-20 12:00:00,34.80921626
1,2021-05-20 13:00:00,28.50014305
1,2021-05-20 14:00:00,23.8477655
1,2021-05-20 15:00:00,32.38600735
1,2021-05-20 16:00:00,30.08976285
1,2021-05-20 17:00:00,24.52691921
1,2021-05-20 18:00:00,30.08259948
1,2021-05-20 19:00:00,22.20423479
1,2021-05-20 20:00:00,21.44330979
1,2021-05-20 21:00:00,22.19200755
1,2021-05-20 22:00:00,22.16017787
1,2021-05-20 23:00:00,22.99147774
1,2021-05-21 00:00:00,24.11162376
1,2021-05-21 01:00:00,30.49018653
1,2021-05-21 02:00:00,24.74429766
1,2021-05-21 03:00:00,29.40213081
1,2021-05-21 04:00:00,29.38890177
1,2021-05-21 05:00:00,23.90718937
1,2021-05-21 06:00:00,31.7687842
1,2021-05-21 07:00:00,36.46776793
1,2021-05-21 08:00:00,41.79740439
1,2021-05-21 09:00:00,40.11873837
1,2021-05-21 10:00:00,35.48696326
1,2021-05-21 11:00:00,35.5021403
1,2021-05-21 12:00:00,33.94089724
1,2021-05-21 13:00:00,25.34601847
1,2021-05-21 14:00:00,32.34012874
1,2021-05-21 15:00:00,26.07722559
1,2021-05-21 16:00:00,24.49064826
1,2021-05-21 17:00:00,30.7977006
1,2021-05-21 18:00:00,27.96563404
1,2021-05-21 19:00:00,24.19163236
1,2021-05-21 20:00:00,28.94900326
1,2021-05-21 21:00:00,26.58230642
1,2021-05-21 22:00:00,24.89656162
1,2021-05-21 23:00:00,29.68112097
1,2021-05-22 00:00:00,28.71031991
1,2021-05-22 01:00:00,24.81263463
1,2021-05-22 02:00:00,23.97371292
1,2021-05-22 03:00:00,31.0873568
1,2021-05-22 04:00:00,22.30589972
1,2021-05-22 05:00:00,28.72940254
1,2021-05-22 06:00:00,31.83176224
1,2021-05-22 07:00:00,32.67927806
1,2021-05-22 08:00:00,24.78122199
1,2021-05-22 09:00:00,32.71983208
1,2021-05-22 10:00:00,25.6374054
1,2021-05-22 11:00:00,21.70003882
1,2021-05-22 12:00:00,21.62079353
1,2021-05-22 13:00:00,20.84113042
1,2021-05-22 14:00:00,20.84529243
1,2021-05-22 15:00:00,20.00027895
1,2021-05-22 16:00:00,20.78701646
1,2021-05-22 17:00:00,19.98551273
1,2021-05-22 18:00:00,21.57418513
1,2021-05-22 19:00:00,22.363458
1,2021-05-22 20:00:00,23.94124508
1,2021-05-22 21:00:00,26.33496945
1,2021-05-22 22:00:00,27.01916817
1,2021-05-22 23:00:00,23.06138627
1,2021-05-23 00:00:00,27.54691164
1,2021-05-23 01:00:00,22.02140522
1,2021-05-23 02:00:00,23.62010956
1,2021-05-23 03:00:00,31.46918083
1,2021-05-23 04:00:00,22.04671955
1,2021-05-23 05:00:00,24.41526127
1,2021-05-23 06:00:00,27.92433981
1,2021-05-23 07:00:00,26.37625663
1,2021-05-23 08:00:00,34.12598004
1,2021-05-23 09:00:00,26.90039765
1,2021-05-23 10:00:00,24.45908729
1,2021-05-23 11:00:00,23.63803864
1,2021-05-23 12:00:00,22.82818389
1,2021-05-23 13:00:00,21.26202267
1,2021-05-23 14:00:00,18.86371422
1,2021-05-23 15:00:00,19.65192954
1,2021-05-23 16:00:00,19.68153623
1,2021-05-23 17:00:00,21.19459891
1,2021-05-23 18:00:00,22.01622931
1,2021-05-23 19:00:00,23.5825038
1,2021-05-23 20:00:00,23.58587265
1,2021-05-23 21:00:00,25.21273177
1,2021-05-23 22:00:00,29.07276167
1,2021-05-23 23:00:00,28.3092759
1,2021-05-24 00:00:00,18.8812542
1,2021-05-24 01:00:00,19.71401008
1,2021-05-24 02:00:00,18.95089033
1,2021-05-24 03:00:00,19.7742207
1,2021-05-24 04:00:00,18.93036656
1,2021-05-24 05:00:00,19.74107761
1,2021-05-24 06:00:00,35.30811805
1,2021-05-24 07:00:00,37.68028848
1,2021-05-24 08:00:00,39.93336225
1,2021-05-24 09:00:00,39.19991097
1,2021-05-24 10:00:00,33.75334783
1,2021-05-24 11:00:00,31.42139523
1,2021-05-24 12:00:00,23.56748017
1,2021-05-24 13:00:00,25.1861852
1,2021-05-24 14:00:00,30.57578386
1,2021-05-24 15:00:00,36.03768156
1,2021-05-24 16:00:00,22.81614623
1,2021-05-24 17:00:00,25.19422658
1,2021-05-24 18:00:00,29.87837093
1,2021-05-24 19:00:00,20.46830686
1,2021-05-24 20:00:00,21.25107765
1,2021-05-24 21:00:00,21.24450517
1,2021-05-24 22:00:00,20.47641622
1,2021-05-24 23:00:00,19.70067773
1,2021-05-25 00:00:00,21.34286284
1,2021-05-25 01:00:00,22.1380078
1,2021-05-25 02:00:00,22.12309869
1,2021-05-25 03:00:00,21.31225782
1,2021-05-25 04:00:00,21.26632547
1,2021-05-25 05:00:00,22.04825719
1,2021-05-25 06:00:00,20.4685844
1,2021-05-25 07:00:00,26.74269883
1,2021-05-25 08:00:00,33.74012849
1,2021-05-25 09:00:00,24.41082791
1,2021-05-25 10:00:00,27.5296486
1,2021-05-25 11:00:00,28.30380821
1,2021-05-25 12:00:00,23.57699633
1,2021-05-25 13:00:00,23.62398358
1,2021-05-25 14:00:00,25.1246624
1,2021-05-25 15:00:00,25.9938724
1,2021-05-25 16:00:00,28.29842197
1,2021-05-25 17:00:00,24.41015164
1,2021-05-25 18:00:00,22.04947885
1,2021-05-25 19:00:00,22.07920583
1,2021-05-25 20:00:00,22.11669357
1,2021-05-25 21:00:00,21.28568459
1,2021-05-25 22:00:00,22.08425405
1,2021-05-25 23:00:00,22.1163146
1,2021-05-26 00:00:00,29.05016291
1,2021-05-26 01:00:00,20.48653155
1,2021-05-26 02:00:00,22.78190986
1,2021-05-26 03:00:00,23.51458471
1,2021-05-26 04:00:00,24.38765684
1,2021-05-26 05:00:00,27.52291057
1,2021-05-26 06:00:00,22.81564625
1,2021-05-26 07:00:00,32.90169035
1,2021-05-26 08:00:00,34.47709888
1,2021-05-26 09:00:00,27.5027037
1,2021-05-26 10:00:00,29.09967287
1,2021-05-26 11:00:00,34.63762928
1,2021-05-26 12:00:00,29.10580969
1,2021-05-26 13:00:00,28.32631302
1,2021-05-26 14:00:00,33.80024116
1,2021-05-26 15:00:00,29.90090911
1,2021-05-26 16:00:00,25.11935048
1,2021-05-26 17:00:00,34.46723666
1,2021-05-26 18:00:00,28.25394629
1,2021-05-26 19:00:00,22.75083772
1,2021-05-26 20:00:00,25.88838601
1,2021-05-26 21:00:00,27.46526202
1,2021-05-26 22:00:00,22.747502800000003
1,2021-05-26 23:00:00,24.3957112
1,2021-05-27 00:00:00,23.54026958
1,2021-05-27 01:00:00,22.81951586
1,2021-05-27 02:00:00,22.00701237
1,2021-05-27 03:00:00,23.59054327
1,2021-05-27 04:00:00,22.75623498
1,2021-05-27 05:00:00,22.82403771
1,2021-05-27 06:00:00,23.59273195
1,2021-05-27 07:00:00,32.10023111
1,2021-05-27 08:00:00,39.12624673
1,2021-05-27 09:00:00,35.25230377
1,2021-05-27 10:00:00,31.358553000000004
1,2021-05-27 11:00:00,32.85802077
1,2021-05-27 12:00:00,25.12827555
1,2021-05-27 13:00:00,34.46395738
1,2021-05-27 14:00:00,32.88083339
1,2021-05-27 15:00:00,25.11211388
1,2021-05-27 16:00:00,32.8939642
1,2021-05-27 17:00:00,31.42405222
1,2021-05-27 18:00:00,23.6038661
1,2021-05-27 19:00:00,23.60712528
1,2021-05-27 20:00:00,29.06913507
1,2021-05-27 21:00:00,21.24090672
1,2021-05-27 22:00:00,22.81396842
1,2021-05-27 23:00:00,22.80194473
1,2021-05-28 00:00:00,22.79598014
1,2021-05-28 01:00:00,22.01052157
1,2021-05-28 02:00:00,22.78606065
1,2021-05-28 03:00:00,22.01441797
1,2021-05-28 04:00:00,22.76497319
1,2021-05-28 05:00:00,22.82082033
1,2021-05-28 06:00:00,26.72098185
1,2021-05-28 07:00:00,36.07140522
1,2021-05-28 08:00:00,36.09405892
1,2021-05-28 09:00:00,32.14253581
1,2021-05-28 10:00:00,31.40940263
1,2021-05-28 11:00:00,24.41500258
1,2021-05-28 12:00:00,32.94183111
1,2021-05-28 13:00:00,37.61782222
1,2021-05-28 14:00:00,28.21219362
1,2021-05-28 15:00:00,29.78240057
1,2021-05-28 16:00:00,33.72096889
1,2021-05-28 17:00:00,28.24338663
1,2021-05-28 18:00:00,24.40209003
1,2021-05-28 19:00:00,25.17642466
1,2021-05-28 20:00:00,26.68295478
1,2021-05-28 21:00:00,22.00652949
1,2021-05-28 22:00:00,22.81427034
1,2021-05-28 23:00:00,22.80468043
1,2021-05-29 00:00:00,23.6459236
1,2021-05-29 01:00:00,30.66668581
1,2021-05-29 02:00:00,23.61184835
1,2021-05-29 03:00:00,29.10831121
1,2021-05-29 04:00:00,26.79718892
1,2021-05-29 05:00:00,25.14796448
1,2021-05-29 06:00:00,22.81766288
1,2021-05-29 07:00:00,23.62532854
1,2021-05-29 08:00:00,27.460279
1,2021-05-29 09:00:00,23.56344938
1,2021-05-29 10:00:00,22.78452802
1,2021-05-29 11:00:00,22.81480781
1,2021-05-29 12:00:00,22.76256871
1,2021-05-29 13:00:00,21.97960631
1,2021-05-29 14:00:00,22.00405725
1,2021-05-29 15:00:00,22.0251948
1,2021-05-29 16:00:00,22.79893478
1,2021-05-29 17:00:00,22.82412299
1,2021-05-29 18:00:00,23.6241293
1,2021-05-29 19:00:00,24.44436057
1,2021-05-29 20:00:00,28.29718487
1,2021-05-29 21:00:00,25.97003031
1,2021-05-29 22:00:00,25.14860412
1,2021-05-29 23:00:00,29.86892182
1,2021-05-30 00:00:00,26.02760254
1,2021-05-30 01:00:00,25.34683991
1,2021-05-30 02:00:00,31.67289773
1,2021-05-30 03:00:00,22.95068787
1,2021-05-30 04:00:00,29.96235131
1,2021-05-30 05:00:00,32.34916836
1,2021-05-30 06:00:00,33.75543096
1,2021-05-30 07:00:00,32.28674041
1,2021-05-30 08:00:00,30.72706056
1,2021-05-30 09:00:00,28.3446376
1,2021-05-30 10:00:00,26.03438115
1,2021-05-30 11:00:00,29.13589983
1,2021-05-30 12:00:00,23.6079669
1,2021-05-30 13:00:00,23.56853247
1,2021-05-30 14:00:00,23.58727217
1,2021-05-30 15:00:00,22.76994739
1,2021-05-30 16:00:00,22.78554209
1,2021-05-30 17:00:00,22.77996008
1,2021-05-30 18:00:00,28.254052
1,2021-05-30 19:00:00,25.11539193
1,2021-05-30 20:00:00,25.96786404
1,2021-05-30 21:00:00,29.1188034
1,2021-05-30 22:00:00,24.4652218
1,2021-05-30 23:00:00,30.75819403
1,2021-05-31 00:00:00,28.39337029
1,2021-05-31 01:00:00,21.35730386
1,2021-05-31 02:00:00,22.93558582
1,2021-05-31 03:00:00,24.51014169
1,2021-05-31 04:00:00,24.43700552
1,2021-05-31 05:00:00,30.68197123
1,2021-05-31 06:00:00,34.68586179
1,2021-05-31 07:00:00,40.0820859
1,2021-05-31 08:00:00,46.41176472
1,2021-05-31 10:00:00,44.79105016
1,2021-05-31 11:00:00,37.74965207
1,2021-05-31 12:00:00,35.39958191
1,2021-05-31 13:00:00,30.69674167
1,2021-05-31 14:00:00,26.78952448
1,2021-05-31 15:00:00,31.4464462
1,2021-05-31 16:00:00,35.34801331
1,2021-05-31 17:00:00,28.37985931
1,2021-05-31 18:00:00,33.83359795
1,2021-05-31 19:00:00,29.1948332
1,2021-05-31 20:00:00,22.07983112
1,2021-05-31 21:00:00,29.12331977
1,2021-05-31 22:00:00,23.65218639
1,2021-05-31 23:00:00,25.25596619
1,2021-06-02 00:00:00,14.66142052
1,2021-06-02 01:00:00,13.88446677
1,2021-06-02 02:00:00,13.77523754
1,2021-06-02 03:00:00,13.7721996
1,2021-06-02 04:00:00,13.80392647
1,2021-06-02 05:00:00,14.90067973
1,2021-06-02 06:00:00,14.55549241
1,2021-06-02 07:00:00,14.51508379
1,2021-06-02 08:00:00,14.55517395
1,2021-06-02 09:00:00,14.59551744
1,2021-06-02 10:00:00,14.55520121
1,2021-06-02 11:00:00,14.55522416
1,2021-06-02 12:00:00,16.16805352
1,2021-06-02 13:00:00,15.34730843
1,2021-06-02 14:00:00,15.35267844
1,2021-06-02 15:00:00,14.53325502
1,2021-06-02 16:00:00,14.49451447
1,2021-06-02 17:00:00,15.33936621
1,2021-06-02 18:00:00,14.53626457
1,2021-06-02 19:00:00,15.33676069
1,2021-06-02 20:00:00,14.5186577
1,2021-06-02 21:00:00,15.31967719
1,2021-06-02 22:00:00,13.69595848
1,2021-06-02 23:00:00,13.69101133
1,2021-06-03 00:00:00,18.35112123
1,2021-06-03 01:00:00,18.33030043
1,2021-06-03 02:00:00,19.1051712
1,2021-06-03 03:00:00,19.15769349
1,2021-06-03 04:00:00,19.17725397
1,2021-06-03 05:00:00,19.22355384
1,2021-06-03 06:00:00,18.33199306
1,2021-06-03 07:00:00,18.34226607
1,2021-06-03 08:00:00,19.13700725
1,2021-06-03 09:00:00,19.88726457
1,2021-06-03 10:00:00,18.34322779
1,2021-06-03 11:00:00,19.90260879
1,2021-06-03 12:00:00,19.15273935
1,2021-06-03 13:00:00,21.50007677
1,2021-06-03 14:00:00,20.69043764
1,2021-06-03 15:00:00,21.47197366
1,2021-06-03 16:00:00,21.469064000000003
1,2021-06-03 17:00:00,21.50510462
1,2021-06-03 18:00:00,20.66644589
1,2021-06-03 19:00:00,19.90658368
1,2021-06-03 20:00:00,18.2810243
1,2021-06-03 21:00:00,19.11497353
1,2021-06-03 22:00:00,18.33066314
1,2021-06-03 23:00:00,19.9372897
1,2021-06-04 00:00:00,15.15987589
1,2021-06-04 01:00:00,16.70979834
1,2021-06-04 02:00:00,15.1610477
1,2021-06-04 03:00:00,15.91781775
1,2021-06-04 04:00:00,16.75779251
1,2021-06-04 05:00:00,15.16718982
1,2021-06-04 06:00:00,15.17070978
1,2021-06-04 07:00:00,17.56020799
1,2021-06-04 08:00:00,19.11329269
1,2021-06-04 09:00:00,19.95175283
1,2021-06-04 10:00:00,19.11735344
1,2021-06-04 11:00:00,19.95202756
1,2021-06-04 12:00:00,19.08962822
1,2021-06-04 13:00:00,20.70279821
1,2021-06-04 14:00:00,19.9621846
1,2021-06-04 15:00:00,19.92945274
1,2021-06-04 16:00:00,19.912588600000007
1,2021-06-04 17:00:00,19.91658012
1,2021-06-04 18:00:00,19.10235596
1,2021-06-04 19:00:00,16.79358783
1,2021-06-04 20:00:00,17.55033159
1,2021-06-04 21:00:00,15.95469313
1,2021-06-04 22:00:00,15.95870061
1,2021-06-04 23:00:00,15.95322399
1,2021-06-05 00:00:00,21.24527834
1,2021-06-05 01:00:00,20.45442377
1,2021-06-05 02:00:00,20.46434242
1,2021-06-05 03:00:00,21.23197145
1,2021-06-05 04:00:00,20.45346316
1,2021-06-05 05:00:00,21.26948872
1,2021-06-05 06:00:00,28.223393
1,2021-06-05 07:00:00,35.20045305
1,2021-06-05 08:00:00,35.96525205
1,2021-06-05 09:00:00,31.32630744
1,2021-06-05 10:00:00,29.81291479
1,2021-06-05 11:00:00,28.19211974
1,2021-06-05 12:00:00,23.49672598
1,2021-06-05 13:00:00,23.51907015
1,2021-06-05 14:00:00,28.96033309
1,2021-06-05 15:00:00,29.73062091
1,2021-06-05 16:00:00,20.43021612
1,2021-06-05 17:00:00,22.69324074
1,2021-06-05 18:00:00,23.55999285
1,2021-06-05 19:00:00,21.16971231
1,2021-06-05 20:00:00,21.28423165
1,2021-06-05 21:00:00,21.9750824
1,2021-06-05 22:00:00,21.21062452
1,2021-06-05 23:00:00,21.1893332
1,2021-06-06 00:00:00,21.97014283
1,2021-06-06 01:00:00,22.75626302
1,2021-06-06 02:00:00,22.69441412
1,2021-06-06 03:00:00,21.94838842
1,2021-06-06 04:00:00,23.51964951
1,2021-06-06 05:00:00,27.40354145
1,2021-06-06 06:00:00,23.93130779
1,2021-06-06 07:00:00,29.27746957
1,2021-06-06 08:00:00,23.51959467
1,2021-06-06 09:00:00,25.07307688
1,2021-06-06 10:00:00,30.50360057
1,2021-06-06 11:00:00,21.20535981
1,2021-06-06 12:00:00,24.3122557
1,2021-06-06 13:00:00,28.18230863
1,2021-06-06 14:00:00,21.16365051
1,2021-06-06 15:00:00,21.16303253
1,2021-06-06 16:00:00,23.51249933
1,2021-06-06 17:00:00,23.5685138
1,2021-06-06 18:00:00,28.96466829
1,2021-06-06 19:00:00,21.21200465
1,2021-06-06 20:00:00,22.74583189
1,2021-06-06 21:00:00,28.16674057
1,2021-06-06 22:00:00,25.83058381
1,2021-06-06 23:00:00,21.92233308
1,2021-06-07 00:00:00,28.91202164
1,2021-06-07 01:00:00,21.66326529
1,2021-06-07 02:00:00,22.50081984
1,2021-06-07 03:00:00,29.67494253
1,2021-06-07 04:00:00,23.27941672
1,2021-06-07 05:00:00,27.30737352
1,2021-06-07 06:00:00,34.4860969
1,2021-06-07 07:00:00,36.92098255
1,2021-06-07 08:00:00,41.63791728
1,2021-06-07 09:00:00,41.65187287
1,2021-06-07 10:00:00,39.24073517
1,2021-06-07 11:00:00,37.65545111
1,2021-06-07 12:00:00,35.26412877
1,2021-06-07 13:00:00,35.29617577
1,2021-06-07 14:00:00,34.46270512
1,2021-06-07 15:00:00,34.46453383
1,2021-06-07 16:00:00,34.45993312
1,2021-06-07 17:00:00,33.71063884
1,2021-06-07 18:00:00,29.62189719
1,2021-06-07 19:00:00,23.25238935
1,2021-06-07 20:00:00,30.4324062
1,2021-06-07 21:00:00,22.48546348
1,2021-06-07 22:00:00,22.47081916
1,2021-06-07 23:00:00,24.06538963
1,2021-06-08 00:00:00,21.18864557
1,2021-06-08 01:00:00,20.50446494
1,2021-06-08 02:00:00,21.23980725
1,2021-06-08 03:00:00,20.82193041
1,2021-06-08 04:00:00,21.78294143
1,2021-06-08 05:00:00,22.54381315
1,2021-06-08 06:00:00,28.04208961
1,2021-06-08 07:00:00,33.55829394
1,2021-06-08 08:00:00,35.18418203
1,2021-06-08 09:00:00,32.78013769
1,2021-06-08 10:00:00,31.97807436
1,2021-06-08 11:00:00,28.83459299
1,2021-06-08 12:00:00,28.00612702
1,2021-06-08 13:00:00,32.84326123
1,2021-06-08 14:00:00,30.38600664
1,2021-06-08 15:00:00,27.25197554
1,2021-06-08 16:00:00,27.94369952
1,2021-06-08 17:00:00,32.02595913
1,2021-06-08 18:00:00,24.83299184
1,2021-06-08 19:00:00,22.46095022
1,2021-06-08 20:00:00,23.38269161
1,2021-06-08 21:00:00,22.49695238
1,2021-06-08 22:00:00,20.93485223
1,2021-06-08 23:00:00,20.79581038
1,2021-06-09 00:00:00,20.73813391
1,2021-06-09 01:00:00,20.00343785
1,2021-06-09 02:00:00,19.96225715
1,2021-06-09 03:00:00,19.96138295
1,2021-06-09 04:00:00,20.02264504
1,2021-06-09 05:00:00,20.86193419
1,2021-06-09 06:00:00,22.42846694
1,2021-06-09 07:00:00,34.25433818
1,2021-06-09 08:00:00,35.87562923
1,2021-06-09 09:00:00,31.87346416
1,2021-06-09 10:00:00,28.7629652
1,2021-06-09 11:00:00,23.13826584
1,2021-06-09 12:00:00,28.697002500000004
1,2021-06-09 13:00:00,28.67044892
1,2021-06-09 14:00:00,20.77582105
1,2021-06-09 15:00:00,23.96273851
1,2021-06-09 16:00:00,30.26967334
1,2021-06-09 17:00:00,22.34474818
1,2021-06-09 18:00:00,21.56113672
1,2021-06-09 19:00:00,21.56732726
1,2021-06-09 20:00:00,21.58630033
1,2021-06-09 21:00:00,23.17222019
1,2021-06-09 22:00:00,21.57818291
1,2021-06-09 23:00:00,20.78151783
1,2021-06-10 00:00:00,16.84051091
1,2021-06-10 01:00:00,16.89646593
1,2021-06-10 02:00:00,17.62457975
1,2021-06-10 03:00:00,20.06404164
1,2021-06-10 04:00:00,20.06921771
1,2021-06-10 05:00:00,20.80184396
1,2021-06-10 06:00:00,27.25937763
1,2021-06-10 07:00:00,34.44492126
1,2021-06-10 08:00:00,29.71255644
1,2021-06-10 09:00:00,23.31121254
1,2021-06-10 10:00:00,19.29144478
1,2021-06-10 11:00:00,20.09662986
1,2021-06-10 12:00:00,23.33898664
1,2021-06-10 13:00:00,26.42808836
1,2021-06-10 14:00:00,20.10679245
1,2021-06-10 15:00:00,18.45936283
1,2021-06-10 16:00:00,20.10234653
1,2021-06-10 17:00:00,19.2273922
1,2021-06-10 18:00:00,18.50945347
1,2021-06-10 19:00:00,16.85987187
1,2021-06-10 20:00:00,16.94553807
1,2021-06-10 21:00:00,16.08228711
1,2021-06-10 22:00:00,15.27086415
1,2021-06-10 23:00:00,16.00053946
1,2021-06-11 00:00:00,16.19595131
1,2021-06-11 01:00:00,15.37397983
1,2021-06-11 02:00:00,15.39324343
1,2021-06-11 03:00:00,16.19084436
1,2021-06-11 04:00:00,16.19755908
1,2021-06-11 05:00:00,15.42613266
1,2021-06-11 06:00:00,15.55048916
1,2021-06-11 07:00:00,16.40446129
1,2021-06-11 08:00:00,15.59442422
1,2021-06-11 09:00:00,20.47216098
1,2021-06-11 10:00:00,17.21442496
1,2021-06-11 11:00:00,18.81302754
1,2021-06-11 12:00:00,18.00183614
1,2021-06-11 13:00:00,17.26678852
1,2021-06-11 14:00:00,17.17391777
1,2021-06-11 15:00:00,18.08851272
1,2021-06-11 16:00:00,17.22650499
1,2021-06-11 17:00:00,18.83858307
1,2021-06-11 18:00:00,17.23386075
1,2021-06-11 19:00:00,17.16681244
1,2021-06-11 20:00:00,14.63090209
1,2021-06-11 21:00:00,14.57834088
1,2021-06-11 22:00:00,14.53698492
1,2021-06-11 23:00:00,15.38632313
1,2021-06-12 00:00:00,14.7582081
1,2021-06-12 01:00:00,13.12939489
1,2021-06-12 02:00:00,13.16392446
1,2021-06-12 03:00:00,16.40887032
1,2021-06-12 04:00:00,15.61983298
1,2021-06-12 05:00:00,15.629829199999998
1,2021-06-12 06:00:00,18.88902916
1,2021-06-12 07:00:00,20.45761744
1,2021-06-12 08:00:00,21.26086712
1,2021-06-12 09:00:00,22.89738655
1,2021-06-12 10:00:00,22.7937076
1,2021-06-12 11:00:00,23.67106581
1,2021-06-12 12:00:00,23.67018756
1,2021-06-12 13:00:00,24.48592787
1,2021-06-12 14:00:00,25.30951675
1,2021-06-12 15:00:00,27.75572886
1,2021-06-12 16:00:00,29.34255652
1,2021-06-12 17:00:00,22.01559734
1,2021-06-12 18:00:00,16.33146782
1,2021-06-12 19:00:00,17.13920619
1,2021-06-12 20:00:00,17.1738097
1,2021-06-12 21:00:00,16.28756364
1,2021-06-12 22:00:00,14.76575329
1,2021-06-12 23:00:00,16.39268584
1,2021-06-13 00:00:00,25.88503904
1,2021-06-13 01:00:00,24.35836307
1,2021-06-13 02:00:00,21.25792097
1,2021-06-13 03:00:00,22.01180108
1,2021-06-13 04:00:00,22.0198253
1,2021-06-13 05:00:00,22.80916309
1,2021-06-13 06:00:00,22.85499922
1,2021-06-13 07:00:00,23.66648436
1,2021-06-13 08:00:00,24.41041579
1,2021-06-13 09:00:00,25.22040875
1,2021-06-13 10:00:00,23.5770154
1,2021-06-13 11:00:00,22.78224405
1,2021-06-13 12:00:00,22.82302904
1,2021-06-13 13:00:00,21.20559168
1,2021-06-13 14:00:00,27.40072776
1,2021-06-13 15:00:00,22.02191855
1,2021-06-13 16:00:00,21.9593188
1,2021-06-13 17:00:00,21.99865002
1,2021-06-13 18:00:00,22.77515245
1,2021-06-13 19:00:00,22.79264522
1,2021-06-13 20:00:00,22.84963896
1,2021-06-13 21:00:00,27.48409394
1,2021-06-13 22:00:00,22.0142266
1,2021-06-13 23:00:00,22.00113551
1,2021-06-14 00:00:00,22.82672294
1,2021-06-14 01:00:00,23.56705427
1,2021-06-14 02:00:00,22.84709248
1,2021-06-14 03:00:00,29.85770835
1,2021-06-14 04:00:00,21.27946997
1,2021-06-14 05:00:00,27.48434948
1,2021-06-14 06:00:00,32.13248151
1,2021-06-14 07:00:00,34.48090089
1,2021-06-14 08:00:00,36.03167216
1,2021-06-14 09:00:00,34.47095155
1,2021-06-14 10:00:00,31.36046193
1,2021-06-14 11:00:00,30.54027496
1,2021-06-14 12:00:00,28.16347164
1,2021-06-14 13:00:00,25.84710818
1,2021-06-14 14:00:00,33.59269046
1,2021-06-14 15:00:00,26.63065744
1,2021-06-14 16:00:00,32.03301952
1,2021-06-14 17:00:00,28.90305748
1,2021-06-14 18:00:00,25.08407847
1,2021-06-14 19:00:00,25.86083242
1,2021-06-14 20:00:00,25.89890266
1,2021-06-14 21:00:00,21.95848878
1,2021-06-14 22:00:00,21.9820652
1,2021-06-14 23:00:00,23.53689194
1,2021-06-15 00:00:00,21.35770297
1,2021-06-15 01:00:00,21.39419304
1,2021-06-15 02:00:00,22.92635083
1,2021-06-15 03:00:00,21.33007193
1,2021-06-15 04:00:00,21.3298298
1,2021-06-15 05:00:00,21.25506663
1,2021-06-15 06:00:00,32.94910776
1,2021-06-15 07:00:00,36.76970689
1,2021-06-15 08:00:00,41.40925727
1,2021-06-15 09:00:00,39.1688941
1,2021-06-15 10:00:00,35.26760199
1,2021-06-15 11:00:00,32.17617344
1,2021-06-15 12:00:00,26.72740874
1,2021-06-15 13:00:00,32.89436663
1,2021-06-15 14:00:00,35.28364517
1,2021-06-15 15:00:00,27.44564569
1,2021-06-15 16:00:00,30.52087596
1,2021-06-15 17:00:00,32.13810754
1,2021-06-15 18:00:00,24.35737761
1,2021-06-15 19:00:00,22.83653486
1,2021-06-15 20:00:00,22.76469366
1,2021-06-15 21:00:00,22.80643892
1,2021-06-15 22:00:00,21.24537938
1,2021-06-15 23:00:00,21.38607132
1,2021-06-16 00:00:00,22.14704431
1,2021-06-16 01:00:00,22.91902415
1,2021-06-16 02:00:00,23.68355274
1,2021-06-16 03:00:00,22.91733019
1,2021-06-16 04:00:00,22.92365201
1,2021-06-16 05:00:00,23.71560097
1,2021-06-16 06:00:00,26.1103003
1,2021-06-16 07:00:00,34.15038116
1,2021-06-16 08:00:00,36.40440228
1,2021-06-16 09:00:00,34.04074304
1,2021-06-16 10:00:00,31.74231211
1,2021-06-16 11:00:00,37.9677485
1,2021-06-16 12:00:00,30.76002146
1,2021-06-16 13:00:00,26.86935866
1,2021-06-16 14:00:00,37.77578023
1,2021-06-16 15:00:00,32.26631384
1,2021-06-16 16:00:00,27.59704964
1,2021-06-16 17:00:00,35.29336853
1,2021-06-16 18:00:00,28.3176042
1,2021-06-16 19:00:00,21.33110675
1,2021-06-16 20:00:00,23.66161346
1,2021-06-16 21:00:00,27.60887101
1,2021-06-16 22:00:00,21.35901189
1,2021-06-16 23:00:00,22.18482949
1,2021-06-17 00:00:00,23.64937782
1,2021-06-17 01:00:00,24.43429057
1,2021-06-17 02:00:00,23.68147136
1,2021-06-17 03:00:00,23.63042355
1,2021-06-17 04:00:00,28.30147044
1,2021-06-17 05:00:00,24.34559817
1,2021-06-17 06:00:00,34.64742263
1,2021-06-17 07:00:00,35.4319973
1,2021-06-17 08:00:00,37.80038128
1,2021-06-17 09:00:00,35.48996801
1,2021-06-17 10:00:00,34.65784941
1,2021-06-17 11:00:00,32.31864998
1,2021-06-17 12:00:00,27.63263595
1,2021-06-17 13:00:00,27.63502189
1,2021-06-17 14:00:00,38.50611717
1,2021-06-17 15:00:00,32.29973296
1,2021-06-17 16:00:00,24.50606187
1,2021-06-17 17:00:00,32.29888405
1,2021-06-17 18:00:00,29.16171774
1,2021-06-17 19:00:00,22.11551952
1,2021-06-17 20:00:00,24.51836979
1,2021-06-17 21:00:00,27.57211812
1,2021-06-17 22:00:00,21.34678316
1,2021-06-17 23:00:00,22.87282848
1,2021-06-18 00:00:00,23.17345063
1,2021-06-18 01:00:00,23.28029021
1,2021-06-18 02:00:00,23.25448331
1,2021-06-18 03:00:00,23.25674352
1,2021-06-18 04:00:00,23.23065591
1,2021-06-18 05:00:00,23.22643598
1,2021-06-18 06:00:00,30.62661498
1,2021-06-18 07:00:00,38.36084247
1,2021-06-18 08:00:00,32.92047858
1,2021-06-18 09:00:00,42.21625385
1,2021-06-18 10:00:00,38.34900532
1,2021-06-18 11:00:00,33.68408616
1,2021-06-18 12:00:00,32.11355372
1,2021-06-18 13:00:00,33.7371021
1,2021-06-18 14:00:00,35.28255208
1,2021-06-18 15:00:00,33.25829682
1,2021-06-18 16:00:00,32.97173452
1,2021-06-18 17:00:00,32.91477127
1,2021-06-18 18:00:00,29.06875332
1,2021-06-18 19:00:00,22.82436498
1,2021-06-18 20:00:00,25.17426485
1,2021-06-18 21:00:00,26.84063021
1,2021-06-18 22:00:00,20.56291215
1,2021-06-18 23:00:00,23.27731161
1,2021-06-19 00:00:00,24.83143727
1,2021-06-19 01:00:00,24.10540787
1,2021-06-19 02:00:00,24.87436159
1,2021-06-19 03:00:00,27.25776068
1,2021-06-19 04:00:00,26.43459058
1,2021-06-19 05:00:00,24.82030892
1,2021-06-19 06:00:00,23.25413932
1,2021-06-19 07:00:00,23.99615049
1,2021-06-19 08:00:00,23.99379015
1,2021-06-19 09:00:00,23.99138451
1,2021-06-19 10:00:00,23.21461922
1,2021-06-19 11:00:00,28.71378714
1,2021-06-19 12:00:00,22.39562607
1,2021-06-19 13:00:00,20.80711921
1,2021-06-19 14:00:00,20.82256296
1,2021-06-19 15:00:00,21.61026621
1,2021-06-19 16:00:00,20.85291723
1,2021-06-19 17:00:00,21.61450839
1,2021-06-19 18:00:00,22.42176596
1,2021-06-19 19:00:00,24.01787043
1,2021-06-19 20:00:00,27.98462433
1,2021-06-19 21:00:00,22.42706871
1,2021-06-19 22:00:00,23.23458244
1,2021-06-19 23:00:00,27.9652174
1,2021-06-20 00:00:00,24.83719035
1,2021-06-20 01:00:00,24.80954027
1,2021-06-20 02:00:00,25.64414261
1,2021-06-20 03:00:00,30.37607043
1,2021-06-20 04:00:00,25.61550903
1,2021-06-20 05:00:00,28.80228424
1,2021-06-20 06:00:00,29.64286772
1,2021-06-20 07:00:00,31.24734521
1,2021-06-20 08:00:00,27.19809882
1,2021-06-20 09:00:00,27.19357554
1,2021-06-20 10:00:00,29.54535087
1,2021-06-20 11:00:00,19.18776512
1,2021-06-20 12:00:00,22.41068649
1,2021-06-20 13:00:00,21.61516714
1,2021-06-20 14:00:00,20.74217413
1,2021-06-20 15:00:00,0.799369653
1,2021-06-20 16:00:00,36.58244014
1,2021-06-20 17:00:00,35.89552981
1,2021-06-20 18:00:00,21.58756614
1,2021-06-20 19:00:00,23.24423275
1,2021-06-20 20:00:00,24.83506624
1,2021-06-20 21:00:00,24.07234141
1,2021-06-20 22:00:00,24.8219645
1,2021-06-20 23:00:00,24.8013289
1,2021-06-21 00:00:00,29.63221725
1,2021-06-21 01:00:00,24.07953455
1,2021-06-21 02:00:00,27.23042377
1,2021-06-21 03:00:00,27.970494800000004
1,2021-06-21 04:00:00,25.61981266
1,2021-06-21 05:00:00,32.76293678
1,2021-06-21 06:00:00,36.66609195
1,2021-06-21 07:00:00,39.88078618
1,2021-06-21 08:00:00,44.66172906
1,2021-06-21 09:00:00,46.19591912
1,2021-06-21 10:00:00,42.25018223
1,2021-06-21 11:00:00,38.26408593
1,2021-06-21 12:00:00,32.70151563
1,2021-06-21 13:00:00,31.92615612
1,2021-06-21 14:00:00,32.6745375
1,2021-06-21 15:00:00,27.09737039
1,2021-06-21 16:00:00,31.09852153
1,2021-06-21 17:00:00,35.08065405
1,2021-06-21 18:00:00,28.76849556
1,2021-06-21 19:00:00,23.99102688
1,2021-06-21 20:00:00,27.19268386
1,2021-06-21 21:00:00,28.02925468
1,2021-06-21 22:00:00,24.04567003
1,2021-06-21 23:00:00,25.64794413
1,2021-06-22 00:00:00,22.40780703
1,2021-06-22 01:00:00,20.96412168
1,2021-06-22 02:00:00,21.87147421
1,2021-06-22 03:00:00,21.88539808
1,2021-06-22 04:00:00,21.05567307
1,2021-06-22 05:00:00,21.73315859
1,2021-06-22 06:00:00,37.51214105
1,2021-06-22 07:00:00,40.66584841
1,2021-06-22 08:00:00,44.70194129
1,2021-06-22 09:00:00,43.20043683
1,2021-06-22 10:00:00,41.18034561
1,2021-06-22 11:00:00,36.17868035
1,2021-06-22 12:00:00,35.87921906
1,2021-06-22 13:00:00,32.75369284
1,2021-06-22 14:00:00,34.34158483
1,2021-06-22 15:00:00,36.71249649
1,2021-06-22 16:00:00,33.60609956
1,2021-06-22 17:00:00,33.58607346
1,2021-06-22 18:00:00,28.95053387
1,2021-06-22 19:00:00,24.07364368
1,2021-06-22 20:00:00,24.8363843
1,2021-06-22 21:00:00,26.44835094
1,2021-06-22 22:00:00,20.86325615
1,2021-06-22 23:00:00,22.46210578
1,2021-06-23 00:00:00,23.29918424
1,2021-06-23 01:00:00,21.74362267
1,2021-06-23 02:00:00,21.72212505
1,2021-06-23 03:00:00,21.72059512
1,2021-06-23 04:00:00,21.75557738
1,2021-06-23 05:00:00,21.71300125
1,2021-06-23 06:00:00,28.08444765
1,2021-06-23 07:00:00,39.95020153
1,2021-06-23 08:00:00,36.09288982
1,2021-06-23 09:00:00,32.88971977
1,2021-06-23 10:00:00,32.15368252
1,2021-06-23 11:00:00,33.78443637
1,2021-06-23 12:00:00,33.66027721
1,2021-06-23 13:00:00,33.66392909
1,2021-06-23 14:00:00,32.89310023
1,2021-06-23 15:00:00,32.88511953
1,2021-06-23 16:00:00,31.30807847
1,2021-06-23 17:00:00,29.73483583
1,2021-06-23 18:00:00,25.80448151
1,2021-06-23 19:00:00,27.30620052
1,2021-06-23 20:00:00,23.29071442
1,2021-06-23 21:00:00,22.47510719
1,2021-06-23 22:00:00,22.49228041
1,2021-06-23 23:00:00,22.50956351
1,2021-06-24 00:00:00,23.33689857
1,2021-06-24 01:00:00,21.71984625
1,2021-06-24 02:00:00,22.54744975
1,2021-06-24 03:00:00,21.77446715
1,2021-06-24 04:00:00,21.72044063
1,2021-06-24 05:00:00,23.37497473
1,2021-06-24 06:00:00,28.11598147
1,2021-06-24 07:00:00,34.47310665
1,2021-06-24 08:00:00,36.03991634
1,2021-06-24 09:00:00,35.22566276
1,2021-06-24 10:00:00,33.69777872
1,2021-06-24 11:00:00,32.145875
1,2021-06-24 12:00:00,30.45876346
1,2021-06-24 13:00:00,24.91633364
1,2021-06-24 14:00:00,34.45745872
1,2021-06-24 15:00:00,31.33008373
1,2021-06-24 16:00:00,28.12405229
1,2021-06-24 17:00:00,28.16054491
1,2021-06-24 18:00:00,31.33834111
1,2021-06-24 19:00:00,23.36334054
1,2021-06-24 20:00:00,24.98178697
1,2021-06-24 21:00:00,23.38110785
1,2021-06-24 22:00:00,23.31215517
1,2021-06-24 23:00:00,22.54495004
1,2021-06-25 00:00:00,23.3944913
1,2021-06-25 01:00:00,22.64984347
1,2021-06-25 02:00:00,22.58213234
1,2021-06-25 03:00:00,22.54509099
1,2021-06-25 04:00:00,22.59613056
1,2021-06-25 05:00:00,23.44734868
1,2021-06-25 06:00:00,29.97554255
1,2021-06-25 07:00:00,35.4008896
1,2021-06-25 08:00:00,37.76871958
1,2021-06-25 09:00:00,36.28733623
1,2021-06-25 10:00:00,36.44302368
1,2021-06-25 11:00:00,33.84425825
1,2021-06-25 12:00:00,33.70644648
1,2021-06-25 13:00:00,32.91444912
1,2021-06-25 14:00:00,32.90554942
1,2021-06-25 15:00:00,33.66400892
1,2021-06-25 16:00:00,32.1086266
1,2021-06-25 17:00:00,31.34702631
1,2021-06-25 18:00:00,28.95916034
1,2021-06-25 19:00:00,22.55989774
1,2021-06-25 20:00:00,24.95090254
1,2021-06-25 21:00:00,23.41919425
1,2021-06-25 22:00:00,22.54788367
1,2021-06-25 23:00:00,22.56368287
1,2021-06-26 00:00:00,23.41615833
1,2021-06-26 01:00:00,22.63030218
1,2021-06-26 02:00:00,22.55449041
1,2021-06-26 03:00:00,21.74115157
1,2021-06-26 04:00:00,23.33714747
1,2021-06-26 05:00:00,22.55462929
1,2021-06-26 06:00:00,23.39983106
1,2021-06-26 07:00:00,25.75441233
1,2021-06-26 08:00:00,27.34693193
1,2021-06-26 09:00:00,22.49160957
1,2021-06-26 10:00:00,23.27722724
1,2021-06-26 11:00:00,24.05625105
1,2021-06-26 12:00:00,24.04765606
1,2021-06-26 13:00:00,23.28351043
1,2021-06-26 14:00:00,23.23287996
1,2021-06-26 15:00:00,23.29271286
1,2021-06-26 16:00:00,22.46964868
1,2021-06-26 17:00:00,23.34447361
1,2021-06-26 18:00:00,23.28979023
1,2021-06-26 19:00:00,23.32542925
1,2021-06-26 20:00:00,24.14493429
1,2021-06-26 21:00:00,23.34462136
1,2021-06-26 22:00:00,23.37087344
1,2021-06-26 23:00:00,22.58205668
1,2021-06-27 00:00:00,21.69516134
1,2021-06-27 01:00:00,22.51931826
1,2021-06-27 02:00:00,21.69354343
1,2021-06-27 03:00:00,22.51271375
1,2021-06-27 04:00:00,23.30270124
1,2021-06-27 05:00:00,12.06647277
1,2021-06-27 06:00:00,22.56050968
1,2021-06-27 07:00:00,24.14083242
1,2021-06-27 08:00:00,24.87688685
1,2021-06-27 09:00:00,24.85208766
1,2021-06-27 10:00:00,24.05918598
1,2021-06-27 11:00:00,23.21706041
1,2021-06-27 12:00:00,20.86911915
1,2021-06-27 13:00:00,21.63161874
1,2021-06-27 14:00:00,20.04466653
1,2021-06-27 15:00:00,20.85690657
1,2021-06-27 16:00:00,20.86667188
1,2021-06-27 17:00:00,20.89242204
1,2021-06-27 18:00:00,21.77109421
1,2021-06-27 19:00:00,22.55848916
1,2021-06-27 20:00:00,22.61659474
1,2021-06-27 21:00:00,21.76796722
1,2021-06-27 22:00:00,20.19750056
1,2021-06-27 23:00:00,21.71787429
1,2021-06-28 00:00:00,24.05351639
1,2021-06-28 01:00:00,24.89524881
1,2021-06-28 02:00:00,28.86867714
1,2021-06-28 03:00:00,25.6691335
1,2021-06-28 04:00:00,27.24190741
1,2021-06-28 05:00:00,31.26342082
1,2021-06-28 09:00:00,15.95215714
1,2021-06-28 14:00:00,43.12623353
1,2021-06-28 15:00:00,32.06396318
1,2021-06-28 16:00:00,27.27118731
1,2021-06-28 17:00:00,25.62085955
1,2021-06-28 18:00:00,34.37361736
1,2021-06-28 19:00:00,26.48727946
1,2021-06-28 20:00:00,24.04701233
1,2021-06-28 21:00:00,24.89116981
1,2021-06-28 22:00:00,24.04882669
1,2021-06-28 23:00:00,28.8216277
1,2021-06-29 00:00:00,22.52619203
1,2021-06-29 01:00:00,26.53900433
1,2021-06-29 02:00:00,25.6896464
1,2021-06-29 03:00:00,23.19717074
1,2021-06-29 04:00:00,26.39269972
1,2021-06-29 05:00:00,28.02676797
1,2021-06-29 06:00:00,33.65424677
1,2021-06-29 07:00:00,40.84620718
1,2021-06-29 08:00:00,46.35803028
1,2021-06-29 09:00:00,45.48747681
1,2021-06-29 10:00:00,43.13327429
1,2021-06-29 11:00:00,38.37551241
1,2021-06-29 12:00:00,32.04312992
1,2021-06-29 13:00:00,27.2493274
1,2021-06-29 14:00:00,33.64860083
1,2021-06-29 15:00:00,36.87931477
1,2021-06-29 16:00:00,25.70883122
1,2021-06-29 17:00:00,26.53670101
1,2021-06-29 18:00:00,32.33933049
1,2021-06-29 19:00:00,21.18065308
1,2021-06-29 20:00:00,22.80278492
1,2021-06-29 21:00:00,28.60739152
1,2021-06-29 22:00:00,21.20481517
1,2021-06-29 23:00:00,21.70907848
1,2021-06-30 00:00:00,22.40601794
1,2021-06-30 01:00:00,24.05390004
1,2021-06-30 02:00:00,23.20871043
1,2021-06-30 03:00:00,23.20862516
1,2021-06-30 04:00:00,21.60170538
1,2021-06-30 05:00:00,22.38304448
1,2021-06-30 06:00:00,27.23667908
1,2021-06-30 07:00:00,43.05833788
1,2021-06-30 08:00:00,46.35427523
1,2021-06-30 09:00:00,41.59168948
1,2021-06-30 10:00:00,36.79149903
1,2021-06-30 11:00:00,33.63718429
1,2021-06-30 12:00:00,25.66732534
1,2021-06-30 13:00:00,31.24507089
1,2021-06-30 14:00:00,31.93935073
1,2021-06-30 15:00:00,22.44012865
1,2021-06-30 16:00:00,28.80368257
1,2021-06-30 17:00:00,30.34610338
1,2021-06-30 18:00:00,22.45973166
1,2021-06-30 19:00:00,20.8338687
1,2021-06-30 20:00:00,22.45304848
1,2021-06-30 21:00:00,21.64785601
1,2021-06-30 22:00:00,20.84229054
1,2021-06-30 23:00:00,21.65494156
1,2021-07-02 00:00:00,16.58981395
1,2021-07-02 01:00:00,16.59240168
1,2021-07-02 02:00:00,15.71393153
1,2021-07-02 03:00:00,16.4975818
1,2021-07-02 04:00:00,15.70320513
1,2021-07-02 05:00:00,16.47292773
1,2021-07-02 06:00:00,14.902088399999998
1,2021-07-02 07:00:00,14.91066662
1,2021-07-02 08:00:00,14.92879564
1,2021-07-02 09:00:00,16.54519876
1,2021-07-02 10:00:00,16.54778481
1,2021-07-02 11:00:00,15.71192757
1,2021-07-02 12:00:00,15.704309699999998
1,2021-07-02 13:00:00,15.73091965
1,2021-07-02 14:00:00,15.64212251
1,2021-07-02 15:00:00,15.69129634
1,2021-07-02 16:00:00,17.35494719
1,2021-07-02 17:00:00,15.71929094
1,2021-07-02 18:00:00,15.69319018
1,2021-07-02 19:00:00,14.90469342
1,2021-07-02 20:00:00,15.76598897
1,2021-07-02 21:00:00,15.69993377
1,2021-07-02 22:00:00,15.75180924
1,2021-07-02 23:00:00,14.94742817
1,2021-07-03 00:00:00,20.02548774
1,2021-07-03 01:00:00,19.21658707
1,2021-07-03 02:00:00,19.22678566
1,2021-07-03 03:00:00,19.27095081
1,2021-07-03 04:00:00,19.22803688
1,2021-07-03 05:00:00,20.109165
1,2021-07-03 06:00:00,19.25529899
1,2021-07-03 07:00:00,19.24947901
1,2021-07-03 08:00:00,20.12401235
1,2021-07-03 09:00:00,20.09097735
1,2021-07-03 10:00:00,19.32195062
1,2021-07-03 11:00:00,20.13768513
1,2021-07-03 12:00:00,22.47229923
1,2021-07-03 13:00:00,24.13085699
1,2021-07-03 14:00:00,23.27064117
1,2021-07-03 15:00:00,24.11450863
1,2021-07-03 16:00:00,23.30493369
1,2021-07-03 17:00:00,24.01632391
1,2021-07-03 18:00:00,23.25479317
1,2021-07-03 19:00:00,24.00322084
1,2021-07-03 20:00:00,23.19924959
1,2021-07-03 21:00:00,21.60067463
1,2021-07-03 22:00:00,20.05816879
1,2021-07-03 23:00:00,19.26256966
1,2021-07-04 00:00:00,14.14194346
1,2021-07-04 01:00:00,14.19601474
1,2021-07-04 02:00:00,15.01886476
1,2021-07-04 03:00:00,14.19491162
1,2021-07-04 04:00:00,14.15588236
1,2021-07-04 05:00:00,15.02414564
1,2021-07-04 06:00:00,15.96393184
1,2021-07-04 07:00:00,19.11102295
1,2021-07-04 08:00:00,20.69451443
1,2021-07-04 09:00:00,19.96520385
1,2021-07-04 10:00:00,19.12860699
1,2021-07-04 11:00:00,19.8840042
1,2021-07-04 12:00:00,23.89990914
1,2021-07-04 13:00:00,30.18075459
1,2021-07-04 14:00:00,22.26741219
1,2021-07-04 15:00:00,20.66960526
1,2021-07-04 16:00:00,21.45679021
1,2021-07-04 17:00:00,22.18466441
1,2021-07-04 18:00:00,18.90081943
1,2021-07-04 19:00:00,16.53155905
1,2021-07-04 20:00:00,16.52343208
1,2021-07-04 21:00:00,15.74273496
1,2021-07-04 22:00:00,14.22421815
1,2021-07-04 23:00:00,14.22426994
1,2021-07-05 00:00:00,18.87189539
1,2021-07-05 01:00:00,20.39877606
1,2021-07-05 02:00:00,18.8697547
1,2021-07-05 03:00:00,18.05237715
1,2021-07-05 04:00:00,20.45963049
1,2021-07-05 05:00:00,22.02274908
1,2021-07-05 06:00:00,21.973476100000006
1,2021-07-05 07:00:00,32.13913143
1,2021-07-05 08:00:00,33.68186117
1,2021-07-05 09:00:00,30.64978146
1,2021-07-05 10:00:00,25.93515964
1,2021-07-05 11:00:00,22.81834046
1,2021-07-05 12:00:00,24.3343033
1,2021-07-05 13:00:00,23.59033823
1,2021-07-05 14:00:00,23.54368757
1,2021-07-05 15:00:00,23.57490301
1,2021-07-05 16:00:00,31.34427899
1,2021-07-05 17:00:00,26.70458818
1,2021-07-05 18:00:00,20.44332743
1,2021-07-05 19:00:00,19.67936826
1,2021-07-05 20:00:00,20.39191182
1,2021-07-05 21:00:00,20.43402335
1,2021-07-05 22:00:00,19.60682273
1,2021-07-05 23:00:00,20.4363524
1,2021-07-06 00:00:00,21.20650148
1,2021-07-06 01:00:00,21.22374702
1,2021-07-06 02:00:00,21.2332828
1,2021-07-06 03:00:00,21.24346662
1,2021-07-06 04:00:00,23.59224558
1,2021-07-06 05:00:00,28.28211108
1,2021-07-06 06:00:00,25.03498442
1,2021-07-06 07:00:00,32.78743769
1,2021-07-06 08:00:00,39.81999976
1,2021-07-06 09:00:00,35.13538717
1,2021-07-06 10:00:00,32.0709762
1,2021-07-06 11:00:00,38.21495563
1,2021-07-06 12:00:00,28.12034633
1,2021-07-06 13:00:00,30.49313586
1,2021-07-06 14:00:00,36.71176415
1,2021-07-06 15:00:00,28.91391964
1,2021-07-06 16:00:00,28.91443577
1,2021-07-06 17:00:00,35.1723374
1,2021-07-06 18:00:00,25.16216664
1,2021-07-06 19:00:00,23.56404066
1,2021-07-06 20:00:00,22.81875797
1,2021-07-06 21:00:00,22.78023203
1,2021-07-06 22:00:00,21.98126634
1,2021-07-06 23:00:00,21.98959764
1,2021-07-07 00:00:00,31.25333888
1,2021-07-07 01:00:00,22.45975081
1,2021-07-07 02:00:00,24.87468187
1,2021-07-07 03:00:00,28.90112114
1,2021-07-07 04:00:00,28.12640309
1,2021-07-07 05:00:00,33.7136935
1,2021-07-07 06:00:00,34.48334503
1,2021-07-07 07:00:00,37.60848127
1,2021-07-07 08:00:00,43.2166179
1,2021-07-07 09:00:00,41.5712471
1,2021-07-07 10:00:00,39.21536166
1,2021-07-07 11:00:00,36.07123991
1,2021-07-07 12:00:00,33.66261535
1,2021-07-07 13:00:00,32.8289232
1,2021-07-07 14:00:00,33.62781197
1,2021-07-07 15:00:00,24.11408663
1,2021-07-07 16:00:00,43.90188332
1,2021-07-07 17:00:00,42.42143752
1,2021-07-07 18:00:00,33.70928944
1,2021-07-07 19:00:00,22.53008565
1,2021-07-07 20:00:00,27.26986869
1,2021-07-07 21:00:00,28.88654709
1,2021-07-07 22:00:00,21.67229176
1,2021-07-07 23:00:00,24.07543898
1,2021-07-08 00:00:00,21.92647861
1,2021-07-08 01:00:00,21.92492654
1,2021-07-08 02:00:00,21.89124873
1,2021-07-08 03:00:00,22.7025898
1,2021-07-08 04:00:00,24.08975129
1,2021-07-08 05:00:00,23.29323693
1,2021-07-08 06:00:00,22.47284635
1,2021-07-08 07:00:00,23.2720232
1,2021-07-08 08:00:00,24.06542301
1,2021-07-08 09:00:00,23.24871564
1,2021-07-08 10:00:00,22.43545564
1,2021-07-08 11:00:00,22.47167356
1,2021-07-08 12:00:00,21.64820552
1,2021-07-08 13:00:00,20.85836744
1,2021-07-08 14:00:00,21.72523164
1,2021-07-08 15:00:00,20.91411435
1,2021-07-08 16:00:00,20.89024003
1,2021-07-08 17:00:00,20.96702419
1,2021-07-08 18:00:00,21.59051657
1,2021-07-08 19:00:00,21.19882029
1,2021-07-08 20:00:00,21.11550494
1,2021-07-08 21:00:00,20.35531726
1,2021-07-08 22:00:00,21.93944673
1,2021-07-08 23:00:00,21.89959936
1,2021-07-09 00:00:00,20.10576723
1,2021-07-09 01:00:00,19.25256348
1,2021-07-09 02:00:00,19.30742397
1,2021-07-09 03:00:00,19.20267868
1,2021-07-09 04:00:00,19.25882538
1,2021-07-09 05:00:00,20.09965326
1,2021-07-09 06:00:00,22.38008944
1,2021-07-09 07:00:00,31.90686078
1,2021-07-09 08:00:00,32.66708361
1,2021-07-09 09:00:00,25.61160533
1,2021-07-09 10:00:00,24.7564738
1,2021-07-09 11:00:00,34.39831219
1,2021-07-09 12:00:00,21.67893505
1,2021-07-09 13:00:00,28.01417602
1,2021-07-09 14:00:00,27.26608308
1,2021-07-09 15:00:00,27.96932409
1,2021-07-09 16:00:00,27.27600781
1,2021-07-09 17:00:00,21.65672636
1,2021-07-09 18:00:00,21.71094231
1,2021-07-09 19:00:00,20.85980765
1,2021-07-09 20:00:00,20.88336052
1,2021-07-09 21:00:00,20.8925049
1,2021-07-09 22:00:00,20.08213
1,2021-07-09 23:00:00,20.04514138
1,2021-07-10 00:00:00,20.91317859
1,2021-07-10 01:00:00,20.92698314
1,2021-07-10 02:00:00,20.87621403
1,2021-07-10 03:00:00,20.92260038
1,2021-07-10 04:00:00,20.95250954
1,2021-07-10 05:00:00,22.52416261
1,2021-07-10 06:00:00,24.84668732
1,2021-07-10 07:00:00,32.80539361
1,2021-07-10 08:00:00,28.97681119
1,2021-07-10 09:00:00,25.00082612
1,2021-07-10 10:00:00,22.53024097
1,2021-07-10 11:00:00,21.0195324
1,2021-07-10 12:00:00,21.81782097
1,2021-07-10 13:00:00,21.76613474
1,2021-07-10 14:00:00,20.94692055
1,2021-07-10 15:00:00,22.59853904
1,2021-07-10 16:00:00,24.21258688
1,2021-07-10 17:00:00,25.7863644
1,2021-07-10 18:00:00,19.32569695
1,2021-07-10 19:00:00,19.33941055
1,2021-07-10 20:00:00,19.34979667
1,2021-07-10 21:00:00,20.08104722
1,2021-07-10 22:00:00,20.92253413
1,2021-07-10 23:00:00,20.09442914
1,2021-07-11 00:00:00,16.78575635
1,2021-07-11 01:00:00,16.84800551
1,2021-07-11 02:00:00,16.85349097
1,2021-07-11 03:00:00,16.84535396
1,2021-07-11 04:00:00,16.83767701
1,2021-07-11 05:00:00,19.22537533
1,2021-07-11 06:00:00,17.69503759
1,2021-07-11 07:00:00,17.58306949
1,2021-07-11 08:00:00,17.69133833
1,2021-07-11 09:00:00,17.00201805
1,2021-07-11 10:00:00,16.95452023
1,2021-07-11 11:00:00,17.80904371
1,2021-07-11 12:00:00,16.191950199999994
1,2021-07-11 13:00:00,16.17051696
1,2021-07-11 14:00:00,16.16725521
1,2021-07-11 15:00:00,15.36116418
1,2021-07-11 16:00:00,16.16375126
1,2021-07-11 17:00:00,16.16051181
1,2021-07-11 18:00:00,16.15837661
1,2021-07-11 19:00:00,16.15791293
1,2021-07-11 20:00:00,16.9640883
1,2021-07-11 21:00:00,16.1504716
1,2021-07-11 22:00:00,16.15338918
1,2021-07-11 23:00:00,16.87182599
1,2021-07-12 00:00:00,16.36779326
1,2021-07-12 01:00:00,17.18740589
1,2021-07-12 02:00:00,16.36464146
1,2021-07-12 03:00:00,17.21850687
1,2021-07-12 04:00:00,16.348936600000002
1,2021-07-12 05:00:00,19.64864735
1,2021-07-12 06:00:00,17.18245935
1,2021-07-12 07:00:00,18.88130791
1,2021-07-12 08:00:00,19.69575365
1,2021-07-12 09:00:00,18.87104956
1,2021-07-12 10:00:00,19.68822495
1,2021-07-12 11:00:00,22.11745906
1,2021-07-12 12:00:00,23.74601738
1,2021-07-12 13:00:00,22.92784564
1,2021-07-12 14:00:00,25.39994375
1,2021-07-12 15:00:00,25.3558769
1,2021-07-12 16:00:00,18.87926723
1,2021-07-12 17:00:00,18.8667557
1,2021-07-12 18:00:00,18.04389371
1,2021-07-12 19:00:00,18.05180569
1,2021-07-12 20:00:00,16.45016878
1,2021-07-12 21:00:00,16.36715094
1,2021-07-12 22:00:00,15.62620438
1,2021-07-12 23:00:00,15.57486389
1,2021-07-13 00:00:00,21.0721317
1,2021-07-13 01:00:00,21.86393077
1,2021-07-13 02:00:00,21.03244448
1,2021-07-13 03:00:00,21.94585538
1,2021-07-13 04:00:00,21.08783356
1,2021-07-13 05:00:00,21.91903567
1,2021-07-13 06:00:00,31.62542963
1,2021-07-13 07:00:00,38.12669392
1,2021-07-13 08:00:00,39.75168451
1,2021-07-13 09:00:00,38.00843411
1,2021-07-13 10:00:00,35.62479038
1,2021-07-13 11:00:00,34.04282761
1,2021-07-13 12:00:00,32.4220417
1,2021-07-13 13:00:00,32.42201293
1,2021-07-13 14:00:00,31.56995895
1,2021-07-13 15:00:00,31.62316047
1,2021-07-13 16:00:00,30.79201206
1,2021-07-13 17:00:00,30.7463438
1,2021-07-13 18:00:00,23.55156972
1,2021-07-13 19:00:00,22.70382627
1,2021-07-13 20:00:00,23.51509897
1,2021-07-13 21:00:00,22.7099034
1,2021-07-13 22:00:00,21.91042042
1,2021-07-13 23:00:00,21.07609212
1,2021-07-14 00:00:00,21.19963939
1,2021-07-14 01:00:00,21.1259505
1,2021-07-14 02:00:00,21.1669065
1,2021-07-14 03:00:00,21.94751484
1,2021-07-14 04:00:00,22.05025311
1,2021-07-14 05:00:00,23.83031686
1,2021-07-14 06:00:00,30.88072783
1,2021-07-14 07:00:00,38.82667959
1,2021-07-14 08:00:00,40.36794156
1,2021-07-14 09:00:00,37.967488
1,2021-07-14 10:00:00,34.74191761
1,2021-07-14 11:00:00,40.38676943
1,2021-07-14 12:00:00,36.40593667
1,2021-07-14 13:00:00,34.76563015
1,2021-07-14 14:00:00,32.38201435
1,2021-07-14 15:00:00,31.64282238
1,2021-07-14 16:00:00,31.67220703
1,2021-07-14 17:00:00,31.66257831
1,2021-07-14 18:00:00,29.14431142
1,2021-07-14 19:00:00,21.10759953
1,2021-07-14 20:00:00,22.68630695
1,2021-07-14 21:00:00,21.96788149
1,2021-07-14 22:00:00,27.5832391
1,2021-07-14 23:00:00,20.31329274
1,2021-07-15 00:00:00,22.79421849
1,2021-07-15 01:00:00,21.91913223
1,2021-07-15 02:00:00,22.72745387
1,2021-07-15 03:00:00,22.76964587
1,2021-07-15 04:00:00,22.74851577
1,2021-07-15 05:00:00,22.74073855
1,2021-07-15 06:00:00,27.96603524
1,2021-07-15 07:00:00,35.95742688
1,2021-07-15 08:00:00,37.55029329
1,2021-07-15 09:00:00,36.54488246
1,2021-07-15 10:00:00,33.14569391
1,2021-07-15 11:00:00,33.25445814
1,2021-07-15 12:00:00,30.74540405
1,2021-07-15 13:00:00,30.74743114
1,2021-07-15 14:00:00,29.20000674
1,2021-07-15 15:00:00,28.38708404
1,2021-07-15 16:00:00,26.73556157
1,2021-07-15 17:00:00,27.58888893
1,2021-07-15 18:00:00,24.38776493
1,2021-07-15 19:00:00,21.18125552
1,2021-07-15 20:00:00,22.76719221
1,2021-07-15 21:00:00,22.77836291
1,2021-07-15 22:00:00,21.94385791
1,2021-07-15 23:00:00,22.75256348
1,2021-07-16 00:00:00,22.73355548
1,2021-07-16 01:00:00,22.76763058
1,2021-07-16 02:00:00,22.82541188
1,2021-07-16 03:00:00,24.43349123
1,2021-07-16 04:00:00,24.4162488
1,2021-07-16 05:00:00,24.56818301
1,2021-07-16 06:00:00,28.43859975
1,2021-07-16 07:00:00,36.47942505
1,2021-07-16 08:00:00,38.91232717
1,2021-07-16 09:00:00,37.25194149
1,2021-07-16 10:00:00,35.71874246
1,2021-07-16 11:00:00,33.2881262
1,2021-07-16 12:00:00,32.40667228
1,2021-07-16 13:00:00,32.37156284
1,2021-07-16 14:00:00,31.61644655
1,2021-07-16 15:00:00,25.13828824
1,2021-07-16 16:00:00,31.56163665
1,2021-07-16 17:00:00,34.78249375
1,2021-07-16 18:00:00,28.40977351
1,2021-07-16 19:00:00,25.97457123
1,2021-07-16 20:00:00,22.75885201
1,2021-07-16 21:00:00,21.15087641
1,2021-07-16 22:00:00,21.91799283
1,2021-07-16 23:00:00,22.79260231
1,2021-07-17 00:00:00,22.88883472
1,2021-07-17 01:00:00,22.94515959
1,2021-07-17 02:00:00,22.19579283
1,2021-07-17 03:00:00,24.04759053
1,2021-07-17 04:00:00,23.43133187
1,2021-07-17 05:00:00,24.22270775
1,2021-07-17 06:00:00,25.33391929
1,2021-07-17 07:00:00,30.01361163
1,2021-07-17 08:00:00,30.90810401
1,2021-07-17 09:00:00,28.520902000000003
1,2021-07-17 10:00:00,26.84910893
1,2021-07-17 11:00:00,27.56294127
1,2021-07-17 12:00:00,26.82047796
1,2021-07-17 13:00:00,24.368155
1,2021-07-17 14:00:00,22.77702999
1,2021-07-17 15:00:00,24.43242809
1,2021-07-17 16:00:00,24.40418959
1,2021-07-17 17:00:00,25.9430186
1,2021-07-17 18:00:00,24.66170597
1,2021-07-17 19:00:00,24.66928278
1,2021-07-17 20:00:00,24.58047668
1,2021-07-17 21:00:00,22.96585592
1,2021-07-17 22:00:00,23.78161166
1,2021-07-17 23:00:00,22.9210039
1,2021-07-18 00:00:00,24.01563644
1,2021-07-18 01:00:00,24.05578908
1,2021-07-18 02:00:00,23.25013534
1,2021-07-18 03:00:00,23.26315474
1,2021-07-18 04:00:00,24.076054100000004
1,2021-07-18 05:00:00,24.42843437
1,2021-07-18 06:00:00,24.22991276
1,2021-07-18 07:00:00,25.64566803
1,2021-07-18 08:00:00,29.60522362
1,2021-07-18 09:00:00,31.11688501
1,2021-07-18 10:00:00,26.40435982
1,2021-07-18 11:00:00,24.78934813
1,2021-07-18 12:00:00,22.40337435
1,2021-07-18 13:00:00,22.38270632
1,2021-07-18 14:00:00,23.97101402
1,2021-07-18 15:00:00,24.73904761
1,2021-07-18 16:00:00,23.90216656
1,2021-07-18 17:00:00,24.81401428
1,2021-07-18 18:00:00,24.87631281
1,2021-07-18 19:00:00,24.02526617
1,2021-07-18 20:00:00,23.98477554
1,2021-07-18 21:00:00,23.19976283
1,2021-07-18 22:00:00,23.98851156
1,2021-07-18 23:00:00,22.393354100000003
1,2021-07-19 00:00:00,24.34151411
1,2021-07-19 01:00:00,23.61273145
1,2021-07-19 02:00:00,24.28442717
1,2021-07-19 03:00:00,24.21785355
1,2021-07-19 04:00:00,24.2584157
1,2021-07-19 05:00:00,25.8609314
1,2021-07-19 06:00:00,31.53783423
1,2021-07-19 07:00:00,38.78039026
1,2021-07-19 08:00:00,42.09912711
1,2021-07-19 09:00:00,40.39427633
1,2021-07-19 10:00:00,37.01561564
1,2021-07-19 11:00:00,37.0446298
1,2021-07-19 12:00:00,35.51715426
1,2021-07-19 13:00:00,37.15669371
1,2021-07-19 14:00:00,35.54663062
1,2021-07-19 15:00:00,36.40011964
1,2021-07-19 16:00:00,35.58257058
1,2021-07-19 17:00:00,34.76013381
1,2021-07-19 18:00:00,32.35386884
1,2021-07-19 19:00:00,28.32211018
1,2021-07-19 20:00:00,26.68518043
1,2021-07-19 21:00:00,21.82883406
1,2021-07-19 22:00:00,23.4688549
1,2021-07-19 23:00:00,23.49071972
1,2021-07-20 00:00:00,27.28834525
1,2021-07-20 01:00:00,28.01951644
1,2021-07-20 02:00:00,26.70003569
1,2021-07-20 03:00:00,27.55065215
1,2021-07-20 04:00:00,27.10561589
1,2021-07-20 05:00:00,29.07678955
1,2021-07-20 06:00:00,31.46850538
1,2021-07-20 07:00:00,39.45415497
1,2021-07-20 08:00:00,41.79254848
1,2021-07-20 09:00:00,41.00928221
1,2021-07-20 10:00:00,38.60862974
1,2021-07-20 11:00:00,37.88405066
1,2021-07-20 12:00:00,37.89211534
1,2021-07-20 13:00:00,38.55775523
1,2021-07-20 14:00:00,40.18300374
1,2021-07-20 15:00:00,40.15975555
1,2021-07-20 16:00:00,41.0069079
1,2021-07-20 17:00:00,39.39832658
1,2021-07-20 18:00:00,37.04337201
1,2021-07-20 19:00:00,30.66130213
1,2021-07-20 20:00:00,26.77988015
1,2021-07-20 21:00:00,25.95145671
1,2021-07-20 22:00:00,30.70420767
1,2021-07-20 23:00:00,28.7444588
1,2021-07-21 00:00:00,24.11127534
1,2021-07-21 01:00:00,25.72411092
1,2021-07-21 02:00:00,25.7386144
1,2021-07-21 03:00:00,25.82451077
1,2021-07-21 04:00:00,30.58328501
1,2021-07-21 05:00:00,30.66099148
1,2021-07-21 06:00:00,33.01035627
1,2021-07-21 07:00:00,41.00405557
1,2021-07-21 09:00:00,45.71036271
1,2021-07-21 10:00:00,42.57042291
1,2021-07-21 11:00:00,40.92835281
1,2021-07-21 12:00:00,38.53382006
1,2021-07-21 13:00:00,36.14444311
1,2021-07-21 14:00:00,36.94778318
1,2021-07-21 15:00:00,34.50936656
1,2021-07-21 16:00:00,35.27149112
1,2021-07-21 17:00:00,36.08540824
1,2021-07-21 18:00:00,32.99239247
1,2021-07-21 19:00:00,28.98643944
1,2021-07-21 20:00:00,27.40369177
1,2021-07-21 21:00:00,24.99535434
1,2021-07-21 22:00:00,24.99637183
1,2021-07-21 23:00:00,21.7595372
1,2021-07-22 00:00:00,24.29058814
1,2021-07-22 01:00:00,25.04474823
1,2021-07-22 02:00:00,24.15141344
1,2021-07-22 03:00:00,24.84790437
1,2021-07-22 04:00:00,28.78186043
1,2021-07-22 05:00:00,28.67316399
1,2021-07-22 06:00:00,33.07578031
1,2021-07-22 07:00:00,40.15927319
1,2021-07-22 09:00:00,46.56614072
1,2021-07-22 10:00:00,41.80968207
1,2021-07-22 11:00:00,40.2229454
1,2021-07-22 12:00:00,39.33024006
1,2021-07-22 13:00:00,38.5560809
1,2021-07-22 14:00:00,37.7469615
1,2021-07-22 15:00:00,37.79709435
1,2021-07-22 16:00:00,36.92723349
1,2021-07-22 17:00:00,37.69758351
1,2021-07-22 18:00:00,34.49961606
1,2021-07-22 19:00:00,27.47279198
1,2021-07-22 20:00:00,26.73789724
1,2021-07-22 21:00:00,22.07017657
1,2021-07-22 22:00:00,22.10256418
1,2021-07-22 23:00:00,24.86693366
1,2021-07-23 00:00:00,22.83300765
1,2021-07-23 01:00:00,23.56288252
1,2021-07-23 02:00:00,24.32995216
1,2021-07-23 03:00:00,23.77406836
1,2021-07-23 04:00:00,25.04500937
1,2021-07-23 05:00:00,25.90237427
1,2021-07-23 06:00:00,31.10654705
1,2021-07-23 07:00:00,38.65727116
1,2021-07-23 08:00:00,44.20246905
1,2021-07-23 09:00:00,42.73233376
1,2021-07-23 10:00:00,40.29904499
1,2021-07-23 11:00:00,38.62062256
1,2021-07-23 12:00:00,37.77274088
1,2021-07-23 13:00:00,37.03162459
1,2021-07-23 14:00:00,36.99169153
1,2021-07-23 15:00:00,36.27661108
1,2021-07-23 16:00:00,36.21325462
1,2021-07-23 17:00:00,36.14532928
1,2021-07-23 18:00:00,33.80408516
1,2021-07-23 19:00:00,29.06938362
1,2021-07-23 20:00:00,27.16453632
1,2021-07-23 21:00:00,23.84263277
1,2021-07-23 22:00:00,21.47862983
1,2021-07-23 23:00:00,23.01640232
1,2021-07-24 00:00:00,24.98964357
1,2021-07-24 01:00:00,25.74927012
1,2021-07-24 02:00:00,25.81173197
1,2021-07-24 03:00:00,25.84466854
1,2021-07-24 04:00:00,25.08898322
1,2021-07-24 05:00:00,26.69897008
1,2021-07-24 06:00:00,25.13054514
1,2021-07-24 07:00:00,29.14858556
1,2021-07-24 08:00:00,31.56651356
1,2021-07-24 09:00:00,29.07711933
1,2021-07-24 10:00:00,27.48661582
1,2021-07-24 11:00:00,26.68082953
1,2021-07-24 12:00:00,26.62694025
1,2021-07-24 13:00:00,25.81602684
1,2021-07-24 14:00:00,22.58790239
1,2021-07-24 15:00:00,21.85057228
1,2021-07-24 16:00:00,24.25947666
1,2021-07-24 17:00:00,24.25813675
1,2021-07-24 18:00:00,25.05859153
1,2021-07-24 19:00:00,25.1643293
1,2021-07-24 20:00:00,25.13347197
1,2021-07-24 21:00:00,25.11369371
1,2021-07-24 22:00:00,24.20078278
1,2021-07-24 23:00:00,25.81939697
1,2021-07-25 00:00:00,22.65922538
1,2021-07-25 01:00:00,23.52241277
1,2021-07-25 02:00:00,22.53845533
1,2021-07-25 03:00:00,24.28333044
1,2021-07-25 04:00:00,23.50954922
1,2021-07-25 05:00:00,24.29068089
1,2021-07-25 06:00:00,29.93989309
1,2021-07-25 07:00:00,33.08109593
1,2021-07-25 08:00:00,31.51913433
1,2021-07-25 09:00:00,30.67875569
1,2021-07-25 10:00:00,29.86572543
1,2021-07-25 11:00:00,29.0925808
1,2021-07-25 12:00:00,28.23160365
1,2021-07-25 13:00:00,28.25440755
1,2021-07-25 14:00:00,27.42056354
1,2021-07-25 15:00:00,25.7452062
1,2021-07-25 16:00:00,24.22502041
1,2021-07-25 17:00:00,26.61585712
1,2021-07-25 18:00:00,26.67456412
1,2021-07-25 19:00:00,26.70927663
1,2021-07-25 20:00:00,25.13603296
1,2021-07-25 21:00:00,24.25833941
1,2021-07-25 22:00:00,23.61510918
1,2021-07-25 23:00:00,23.50952864
1,2021-07-26 00:00:00,22.62756729
1,2021-07-26 01:00:00,21.81463552
1,2021-07-26 02:00:00,22.60521476
1,2021-07-26 03:00:00,23.4158419
1,2021-07-26 04:00:00,22.63440545
1,2021-07-26 05:00:00,25.04265658
1,2021-07-26 06:00:00,32.28206863
1,2021-07-26 07:00:00,40.99583206
1,2021-07-26 08:00:00,42.6556889
1,2021-07-26 09:00:00,39.40652574
1,2021-07-26 10:00:00,37.01550002
1,2021-07-26 11:00:00,35.37317681
1,2021-07-26 12:00:00,34.53204546
1,2021-07-26 13:00:00,33.74397447
1,2021-07-26 14:00:00,32.17748063
1,2021-07-26 15:00:00,32.92765241
1,2021-07-26 16:00:00,31.28964697
1,2021-07-26 17:00:00,31.38695475
1,2021-07-26 18:00:00,29.82939478
1,2021-07-26 19:00:00,25.01889213
1,2021-07-26 20:00:00,25.06990957
1,2021-07-26 21:00:00,20.23463885
1,2021-07-26 22:00:00,20.99924946
1,2021-07-26 23:00:00,22.72270978
1,2021-07-27 00:00:00,20.97949963
1,2021-07-27 01:00:00,20.26803244
1,2021-07-27 02:00:00,20.27629801
1,2021-07-27 03:00:00,20.27421548
1,2021-07-27 04:00:00,21.05247657
1,2021-07-27 05:00:00,21.11880205
1,2021-07-27 06:00:00,31.45144034
1,2021-07-27 07:00:00,40.19234651
1,2021-07-27 08:00:00,41.79383576
1,2021-07-27 09:00:00,37.83631419
1,2021-07-27 10:00:00,34.59342186
1,2021-07-27 11:00:00,33.83763839
1,2021-07-27 12:00:00,31.34156672
1,2021-07-27 13:00:00,33.04483727
1,2021-07-27 14:00:00,32.23669844
1,2021-07-27 15:00:00,31.41311199
1,2021-07-27 16:00:00,29.83549061
1,2021-07-27 17:00:00,29.82034736
1,2021-07-27 18:00:00,27.39619846
1,2021-07-27 19:00:00,24.97079659
1,2021-07-27 20:00:00,20.23727267
1,2021-07-27 21:00:00,20.18368444
1,2021-07-27 22:00:00,21.08340304
1,2021-07-27 23:00:00,20.23003334
1,2021-07-28 00:00:00,22.6494236
1,2021-07-28 01:00:00,22.68794296
1,2021-07-28 02:00:00,25.02590769
1,2021-07-28 03:00:00,25.86942546
1,2021-07-28 04:00:00,25.89616593
1,2021-07-28 05:00:00,29.81578095
1,2021-07-28 06:00:00,25.87673442
1,2021-07-28 07:00:00,35.55741342
1,2021-07-28 08:00:00,38.73280462
1,2021-07-28 09:00:00,34.73733997
1,2021-07-28 10:00:00,33.79209416
1,2021-07-28 11:00:00,33.82692939
1,2021-07-28 12:00:00,31.39298327
1,2021-07-28 13:00:00,29.08798952
1,2021-07-28 14:00:00,29.04394054
1,2021-07-28 15:00:00,31.473254200000003
1,2021-07-28 16:00:00,31.47212036
1,2021-07-28 17:00:00,32.29531606
1,2021-07-28 18:00:00,31.50652671
1,2021-07-28 19:00:00,28.23624373
1,2021-07-28 20:00:00,27.49966685
1,2021-07-28 21:00:00,25.05841907
1,2021-07-28 22:00:00,25.06581744
1,2021-07-28 23:00:00,25.13212423
1,2021-07-29 00:00:00,23.44723325
1,2021-07-29 01:00:00,23.40539002
1,2021-07-29 02:00:00,24.26853587
1,2021-07-29 03:00:00,24.22201157
1,2021-07-29 04:00:00,24.25308943
1,2021-07-29 05:00:00,25.90248871
1,2021-07-29 06:00:00,33.85500721
1,2021-07-29 07:00:00,38.75490643
1,2021-07-29 08:00:00,43.78480931
1,2021-07-29 09:00:00,41.90309429
1,2021-07-29 10:00:00,39.68405992
1,2021-07-29 11:00:00,37.46499918
1,2021-07-29 12:00:00,34.82734302
1,2021-07-29 13:00:00,33.00952412
1,2021-07-29 14:00:00,31.41479067
1,2021-07-29 15:00:00,33.01428313
1,2021-07-29 16:00:00,32.06489861
1,2021-07-29 17:00:00,32.12292233
1,2021-07-29 18:00:00,30.63537663
1,2021-07-29 19:00:00,26.62647343
1,2021-07-29 20:00:00,26.57020377
1,2021-07-29 21:00:00,21.79969866
1,2021-07-29 22:00:00,22.6204223
1,2021-07-29 23:00:00,24.24149752
1,2021-07-30 00:00:00,22.57628164
1,2021-07-30 01:00:00,22.50737095
1,2021-07-30 02:00:00,22.45975749
1,2021-07-30 03:00:00,21.66917181
1,2021-07-30 04:00:00,23.42195544
1,2021-07-30 05:00:00,21.82355863
1,2021-07-30 06:00:00,4.900526098
1,2021-07-30 10:00:00,38.61890511
1,2021-07-30 11:00:00,37.91737003
1,2021-07-30 12:00:00,38.71506839
1,2021-07-30 13:00:00,34.75976943
1,2021-07-30 14:00:00,30.73725653
1,2021-07-30 15:00:00,32.30243259
1,2021-07-30 16:00:00,32.21957204
1,2021-07-30 17:00:00,30.59187529
1,2021-07-30 18:00:00,29.01191861
1,2021-07-30 19:00:00,25.81836955
1,2021-07-30 20:00:00,24.17679548
1,2021-07-30 21:00:00,20.19709046
1,2021-07-30 22:00:00,21.8464272
1,2021-07-30 23:00:00,21.80672186
1,2021-07-31 00:00:00,23.32897957
1,2021-07-31 01:00:00,23.36663931
1,2021-07-31 02:00:00,23.34916886
1,2021-07-31 03:00:00,23.33348759
1,2021-07-31 04:00:00,22.56069275
1,2021-07-31 05:00:00,24.12929058
1,2021-07-31 06:00:00,21.7665832
1,2021-07-31 07:00:00,24.1691494
1,2021-07-31 08:00:00,24.16453362
1,2021-07-31 09:00:00,24.13807869
1,2021-07-31 10:00:00,23.3437113
1,2021-07-31 11:00:00,21.77580429
1,2021-07-31 12:00:00,20.14166713
1,2021-07-31 13:00:00,20.17413062
1,2021-07-31 14:00:00,20.12601495
1,2021-07-31 15:00:00,19.33252716
1,2021-07-31 16:00:00,19.33867851
1,2021-07-31 17:00:00,20.11357347
1,2021-07-31 18:00:00,20.91580836
1,2021-07-31 19:00:00,20.13310232
1,2021-07-31 20:00:00,20.96190442
1,2021-07-31 21:00:00,22.53717359
1,2021-07-31 22:00:00,23.37095655
1,2021-07-31 23:00:00,23.33131655
1,2021-08-02 00:00:00,15.45795302
1,2021-08-02 01:00:00,17.02214861
1,2021-08-02 02:00:00,16.21473789
1,2021-08-02 03:00:00,16.99049234
1,2021-08-02 04:00:00,17.03234779
1,2021-08-02 05:00:00,17.04380049
1,2021-08-02 06:00:00,18.08732286
1,2021-08-02 07:00:00,18.80630101
1,2021-08-02 08:00:00,18.73533734
1,2021-08-02 09:00:00,19.55609512
1,2021-08-02 10:00:00,20.43241638
1,2021-08-02 11:00:00,26.16975912
1,2021-08-02 12:00:00,27.063244800000003
1,2021-08-02 13:00:00,23.82692893
1,2021-08-02 14:00:00,22.18790531
1,2021-08-02 15:00:00,22.17876676
1,2021-08-02 16:00:00,20.48997283
1,2021-08-02 17:00:00,19.72231147
1,2021-08-02 18:00:00,13.17276578
1,2021-08-02 19:00:00,14.75592041
1,2021-08-02 20:00:00,17.17650294
1,2021-08-02 21:00:00,17.08779097
1,2021-08-02 22:00:00,16.31582033
1,2021-08-02 23:00:00,16.24281248
1,2021-08-03 00:00:00,19.38881441
1,2021-08-03 01:00:00,21.83902172
1,2021-08-03 02:00:00,19.42308807
1,2021-08-03 03:00:00,20.22401889
1,2021-08-03 04:00:00,20.29168309
1,2021-08-03 05:00:00,21.06920592
1,2021-08-03 06:00:00,23.26628677
1,2021-08-03 07:00:00,31.21577264
1,2021-08-03 08:00:00,28.04490199
1,2021-08-03 09:00:00,25.72632345
1,2021-08-03 10:00:00,26.48889791
1,2021-08-03 11:00:00,28.85928259
1,2021-08-03 12:00:00,27.32777995
1,2021-08-03 13:00:00,31.38101145
1,2021-08-03 14:00:00,30.5841615
1,2021-08-03 15:00:00,25.00408291
1,2021-08-03 16:00:00,25.01122522
1,2021-08-03 17:00:00,29.01864338
1,2021-08-03 18:00:00,20.16500831
1,2021-08-03 19:00:00,22.62333366
1,2021-08-03 20:00:00,21.77752447
1,2021-08-03 21:00:00,21.89044677
1,2021-08-03 22:00:00,21.01747869
1,2021-08-03 23:00:00,21.77859521
1,2021-08-04 00:00:00,15.01454653
1,2021-08-04 01:00:00,15.05880609
1,2021-08-04 02:00:00,15.02315186
1,2021-08-04 03:00:00,15.02630241
1,2021-08-04 04:00:00,15.00613498
1,2021-08-04 05:00:00,16.58224971
1,2021-08-04 06:00:00,15.76885129
1,2021-08-04 07:00:00,18.91340166
1,2021-08-04 08:00:00,19.66426174
1,2021-08-04 09:00:00,21.27754165
1,2021-08-04 10:00:00,19.626275600000003
1,2021-08-04 11:00:00,32.91288879
1,2021-08-04 12:00:00,25.91156054
1,2021-08-04 13:00:00,27.44658039
1,2021-08-04 14:00:00,29.76373599
1,2021-08-04 15:00:00,22.05353549
1,2021-08-04 16:00:00,22.750697100000004
1,2021-08-04 17:00:00,23.56778622
1,2021-08-04 18:00:00,21.26316634
1,2021-08-04 19:00:00,18.08179315
1,2021-08-04 20:00:00,18.11839392
1,2021-08-04 21:00:00,17.33863925
1,2021-08-04 22:00:00,17.31959184
1,2021-08-04 23:00:00,15.79761113
1,2021-08-05 00:00:00,18.93666245
1,2021-08-05 01:00:00,18.16045868
1,2021-08-05 02:00:00,18.94397135
1,2021-08-05 03:00:00,18.89857864
1,2021-08-05 04:00:00,18.93067619
1,2021-08-05 05:00:00,18.89644814
1,2021-08-05 06:00:00,19.59322294
1,2021-08-05 07:00:00,19.60775936
1,2021-08-05 08:00:00,21.22601938
1,2021-08-05 09:00:00,18.80897083
1,2021-08-05 10:00:00,18.86585045
1,2021-08-05 11:00:00,18.85428446
1,2021-08-05 12:00:00,18.0103203
1,2021-08-05 13:00:00,17.21550942
1,2021-08-05 14:00:00,17.27725174
1,2021-08-05 15:00:00,16.55350638
1,2021-08-05 16:00:00,17.45130129
1,2021-08-05 17:00:00,16.68865809
1,2021-08-05 18:00:00,18.24840037
1,2021-08-05 19:00:00,18.15337094
1,2021-08-05 20:00:00,18.77913318
1,2021-08-05 21:00:00,18.02584736
1,2021-08-05 22:00:00,18.85674095
1,2021-08-05 23:00:00,18.8737278
1,2021-08-06 00:00:00,22.0145359
1,2021-08-06 01:00:00,22.80471039
1,2021-08-06 02:00:00,25.15207926
1,2021-08-06 03:00:00,25.94550371
1,2021-08-06 04:00:00,21.99851418
1,2021-08-06 05:00:00,25.90010403
1,2021-08-06 06:00:00,24.41299202
1,2021-08-06 07:00:00,33.70026742
1,2021-08-06 08:00:00,40.668101
1,2021-08-06 09:00:00,37.65481368
1,2021-08-06 10:00:00,36.07834605
1,2021-08-06 11:00:00,36.17467661
1,2021-08-06 12:00:00,35.3353141
1,2021-08-06 13:00:00,33.01675827
1,2021-08-06 14:00:00,32.23669485
1,2021-08-06 15:00:00,35.30826162
1,2021-08-06 16:00:00,33.75915381
1,2021-08-06 17:00:00,31.44330344
1,2021-08-06 18:00:00,27.53856499
1,2021-08-06 19:00:00,24.43299468
1,2021-08-06 20:00:00,31.43177064
1,2021-08-06 21:00:00,23.64153862
1,2021-08-06 22:00:00,23.63111973
1,2021-08-06 23:00:00,29.09665322
1,2021-08-07 00:00:00,21.93463814
1,2021-08-07 01:00:00,28.88399615
1,2021-08-07 02:00:00,30.47990052
1,2021-08-07 03:00:00,22.51637427
1,2021-08-07 04:00:00,31.37795258
1,2021-08-07 05:00:00,33.04918647
1,2021-08-07 06:00:00,38.50110635
1,2021-08-07 07:00:00,41.68279231
1,2021-08-07 10:00:00,43.27859124
1,2021-08-07 11:00:00,40.08411551
1,2021-08-07 12:00:00,36.86672451
1,2021-08-07 13:00:00,35.29331120000001
1,2021-08-07 14:00:00,33.62232825
1,2021-08-07 15:00:00,33.59371187
1,2021-08-07 16:00:00,34.44687824
1,2021-08-07 17:00:00,34.38701984
1,2021-08-07 18:00:00,32.85697632
1,2021-08-07 19:00:00,22.51889054
1,2021-08-07 20:00:00,30.45392532
1,2021-08-07 21:00:00,24.7809914
1,2021-08-07 22:00:00,25.87743926
1,2021-08-07 23:00:00,30.91666032
1,2021-08-08 00:00:00,22.65526833
1,2021-08-08 01:00:00,23.39785337
1,2021-08-08 02:00:00,23.4388463
1,2021-08-08 03:00:00,23.39830637
1,2021-08-08 04:00:00,23.4739684
1,2021-08-08 05:00:00,24.17787717
1,2021-08-08 06:00:00,24.92263866
1,2021-08-08 07:00:00,27.27105843
1,2021-08-08 08:00:00,31.22898102
1,2021-08-08 09:00:00,24.04866281
1,2021-08-08 10:00:00,24.86368839
1,2021-08-08 11:00:00,24.05885309
1,2021-08-08 12:00:00,21.66047284
1,2021-08-08 13:00:00,21.65607232
1,2021-08-08 14:00:00,20.85001679
1,2021-08-08 15:00:00,20.83449599
1,2021-08-08 16:00:00,20.83555389
1,2021-08-08 17:00:00,21.68162907
1,2021-08-08 18:00:00,20.83198268
1,2021-08-08 19:00:00,22.48532304
1,2021-08-08 20:00:00,21.735105800000003
1,2021-08-08 21:00:00,20.81168991
1,2021-08-08 22:00:00,20.28779125
1,2021-08-08 23:00:00,21.87794255
1,2021-08-09 00:00:00,18.48245156
1,2021-08-09 01:00:00,17.65386726
1,2021-08-09 02:00:00,17.6396327
1,2021-08-09 03:00:00,17.63976939
1,2021-08-09 04:00:00,18.44573442
1,2021-08-09 05:00:00,19.27826551
1,2021-08-09 06:00:00,21.63301134
1,2021-08-09 07:00:00,31.94468711
1,2021-08-09 08:00:00,35.97175156
1,2021-08-09 09:00:00,29.65680568
1,2021-08-09 10:00:00,20.86215477
1,2021-08-09 11:00:00,27.93888102
1,2021-08-09 12:00:00,27.94668263
1,2021-08-09 13:00:00,22.40063063
1,2021-08-09 14:00:00,31.09260141
1,2021-08-09 15:00:00,21.6086247
1,2021-08-09 16:00:00,21.65985587
1,2021-08-09 17:00:00,22.41906452
1,2021-08-09 18:00:00,21.63391064
1,2021-08-09 19:00:00,19.9949801
1,2021-08-09 20:00:00,19.23112076
1,2021-08-09 21:00:00,20.04451194
1,2021-08-09 22:00:00,18.44565748
1,2021-08-09 23:00:00,17.68375051
1,2021-08-10 00:00:00,17.73023407
1,2021-08-10 01:00:00,17.71762573
1,2021-08-10 02:00:00,18.53537048
1,2021-08-10 03:00:00,18.53781783
1,2021-08-10 04:00:00,17.71223942
1,2021-08-10 05:00:00,17.69776604
1,2021-08-10 06:00:00,29.75591125
1,2021-08-10 07:00:00,32.91953591
1,2021-08-10 08:00:00,28.09319146
1,2021-08-10 09:00:00,26.5363894
1,2021-08-10 10:00:00,20.92660062
1,2021-08-10 11:00:00,20.92014138
1,2021-08-10 12:00:00,21.72224736
1,2021-08-10 13:00:00,21.71734643
1,2021-08-10 14:00:00,20.90210263
1,2021-08-10 15:00:00,22.50299168
1,2021-08-10 16:00:00,20.10456324
1,2021-08-10 17:00:00,20.09836833
1,2021-08-10 18:00:00,16.92918484
1,2021-08-10 19:00:00,17.78649062
1,2021-08-10 20:00:00,19.31651497
1,2021-08-10 21:00:00,16.15779661
1,2021-08-10 22:00:00,18.55687089
1,2021-08-10 23:00:00,16.97534862
1,2021-08-11 00:00:00,18.47686515
1,2021-08-11 01:00:00,19.23724464
1,2021-08-11 02:00:00,19.24050918
1,2021-08-11 03:00:00,20.03990126
1,2021-08-11 04:00:00,20.06030844
1,2021-08-11 05:00:00,22.36500231
1,2021-08-11 06:00:00,22.37330691
1,2021-08-11 07:00:00,27.92588692
1,2021-08-11 08:00:00,23.35398801
1,2021-08-11 09:00:00,21.03292703
1,2021-08-11 10:00:00,20.97687769
1,2021-08-11 11:00:00,24.19198036
1,2021-08-11 12:00:00,27.33622925
1,2021-08-11 13:00:00,22.48355883
1,2021-08-11 14:00:00,23.21306057
1,2021-08-11 15:00:00,23.95671864
1,2021-08-11 16:00:00,27.93892208
1,2021-08-11 17:00:00,20.02294167
1,2021-08-11 18:00:00,18.37557483
1,2021-08-11 19:00:00,17.62181804
1,2021-08-11 20:00:00,16.86586627
1,2021-08-11 21:00:00,17.58665689
1,2021-08-11 22:00:00,17.62924111
1,2021-08-11 23:00:00,19.23761161
1,2021-08-12 00:00:00,17.23656751
1,2021-08-12 01:00:00,15.61248423
1,2021-08-12 02:00:00,16.42339284
1,2021-08-12 03:00:00,16.48403695
1,2021-08-12 04:00:00,15.63641082
1,2021-08-12 05:00:00,17.31657246
1,2021-08-12 06:00:00,20.46024998
1,2021-08-12 07:00:00,22.18172911
1,2021-08-12 08:00:00,20.48780123
1,2021-08-12 09:00:00,20.50029453
1,2021-08-12 10:00:00,21.27403975
1,2021-08-12 11:00:00,22.09165621
1,2021-08-12 12:00:00,22.09440708
1,2021-08-12 13:00:00,21.27805456
1,2021-08-12 14:00:00,21.23371383
1,2021-08-12 15:00:00,21.28202391
1,2021-08-12 16:00:00,20.50039606
1,2021-08-12 17:00:00,19.65763855
1,2021-08-12 18:00:00,18.15724672
1,2021-08-12 19:00:00,17.23988153
1,2021-08-12 20:00:00,16.50602682
1,2021-08-12 21:00:00,16.43554594
1,2021-08-12 22:00:00,15.65994648
1,2021-08-12 23:00:00,16.44430311
1,2021-08-13 00:00:00,20.48172853
1,2021-08-13 01:00:00,22.72508399
1,2021-08-13 02:00:00,21.14133662
1,2021-08-13 03:00:00,19.58291631
1,2021-08-13 04:00:00,20.34091147
1,2021-08-13 05:00:00,20.35680598
1,2021-08-13 06:00:00,23.32118042
1,2021-08-13 07:00:00,36.91514149
1,2021-08-13 08:00:00,36.13752271
1,2021-08-13 09:00:00,32.21994634
1,2021-08-13 10:00:00,29.15725956
1,2021-08-13 11:00:00,24.32352304
1,2021-08-13 12:00:00,25.03813479
1,2021-08-13 13:00:00,23.36901935
1,2021-08-13 14:00:00,23.33252653
1,2021-08-13 15:00:00,21.68039203
1,2021-08-13 16:00:00,22.48872036
1,2021-08-13 17:00:00,21.61733651
1,2021-08-13 18:00:00,22.46576391
1,2021-08-13 19:00:00,20.02538045
1,2021-08-13 20:00:00,20.35253346
1,2021-08-13 21:00:00,19.57681643
1,2021-08-13 22:00:00,18.78749713
1,2021-08-13 23:00:00,18.79034691
1,2021-08-14 00:00:00,20.33914365
1,2021-08-14 01:00:00,20.30818462
1,2021-08-14 02:00:00,20.33037419
1,2021-08-14 03:00:00,21.15734807
1,2021-08-14 04:00:00,21.14363591
1,2021-08-14 05:00:00,20.34941814
1,2021-08-14 06:00:00,20.38127484
1,2021-08-14 07:00:00,21.9730618
1,2021-08-14 08:00:00,22.80967586
1,2021-08-14 09:00:00,21.98208697
1,2021-08-14 10:00:00,21.16348434
1,2021-08-14 11:00:00,21.09929737
1,2021-08-14 12:00:00,20.32097167
1,2021-08-14 13:00:00,19.46829224
1,2021-08-14 14:00:00,18.70080297
1,2021-08-14 15:00:00,19.55752873
1,2021-08-14 16:00:00,19.56659605
1,2021-08-14 17:00:00,19.55052565
1,2021-08-14 18:00:00,18.72685736
1,2021-08-14 19:00:00,20.34474773
1,2021-08-14 20:00:00,20.30500549
1,2021-08-14 21:00:00,21.09390227
1,2021-08-14 22:00:00,20.31347433
1,2021-08-14 23:00:00,21.9499419
1,2021-08-15 00:00:00,18.6345175
1,2021-08-15 01:00:00,18.6592896
1,2021-08-15 02:00:00,18.64785336
1,2021-08-15 03:00:00,19.44717663
1,2021-08-15 04:00:00,19.44280052
1,2021-08-15 05:00:00,19.435861600000006
1,2021-08-15 06:00:00,21.95392967
1,2021-08-15 07:00:00,22.76391679
1,2021-08-15 08:00:00,23.59882623
1,2021-08-15 09:00:00,23.57663711
1,2021-08-15 10:00:00,22.74715392
1,2021-08-15 11:00:00,21.91864729
1,2021-08-15 12:00:00,20.35056285
1,2021-08-15 13:00:00,19.58566531
1,2021-08-15 14:00:00,18.71249383
1,2021-08-15 15:00:00,17.90384202
1,2021-08-15 16:00:00,18.72519404
1,2021-08-15 17:00:00,18.74903373
1,2021-08-15 18:00:00,18.77290456
1,2021-08-15 19:00:00,18.75792553
1,2021-08-15 20:00:00,18.73837053
1,2021-08-15 21:00:00,19.43632889
1,2021-08-15 22:00:00,19.44961739
1,2021-08-15 23:00:00,19.43922935
1,2021-08-16 00:00:00,22.6836651
1,2021-08-16 01:00:00,21.77074264
1,2021-08-16 02:00:00,21.79565715
1,2021-08-16 03:00:00,21.758271
1,2021-08-16 04:00:00,21.72623634
1,2021-08-16 05:00:00,22.59614394
1,2021-08-16 06:00:00,25.84351577
1,2021-08-16 07:00:00,33.09399367
1,2021-08-16 08:00:00,35.47925072
1,2021-08-16 09:00:00,31.47527885
1,2021-08-16 10:00:00,30.68479371
1,2021-08-16 11:00:00,29.87129996
1,2021-08-16 12:00:00,28.26869818
1,2021-08-16 13:00:00,29.83332346
1,2021-08-16 14:00:00,29.086247600000004
1,2021-08-16 15:00:00,29.78904784
1,2021-08-16 16:00:00,29.80826776
1,2021-08-16 17:00:00,29.81236295
1,2021-08-16 18:00:00,28.14540156
1,2021-08-16 19:00:00,19.37200356
1,2021-08-16 20:00:00,21.78751608
1,2021-08-16 21:00:00,22.5730044
1,2021-08-16 22:00:00,23.41323757
1,2021-08-16 23:00:00,22.63315334
1,2021-08-17 00:00:00,20.22924379
1,2021-08-17 01:00:00,20.25650574
1,2021-08-17 02:00:00,20.16763864
1,2021-08-17 03:00:00,20.98044781
1,2021-08-17 04:00:00,20.19318253
1,2021-08-17 05:00:00,21.82804729
1,2021-08-17 06:00:00,26.53637892
1,2021-08-17 07:00:00,34.53232877
1,2021-08-17 08:00:00,36.12809855
1,2021-08-17 09:00:00,33.69264732
1,2021-08-17 10:00:00,32.15827632
1,2021-08-17 11:00:00,30.49498158
1,2021-08-17 12:00:00,29.68118577
1,2021-08-17 13:00:00,30.59305921
1,2021-08-17 14:00:00,29.72336462
1,2021-08-17 15:00:00,29.78283916
1,2021-08-17 16:00:00,28.13223165
1,2021-08-17 17:00:00,28.22753747
1,2021-08-17 18:00:00,27.42774960000001
1,2021-08-17 19:00:00,20.16573544
1,2021-08-17 20:00:00,19.32813835
1,2021-08-17 21:00:00,20.18364861
1,2021-08-17 22:00:00,21.02943863
1,2021-08-17 23:00:00,21.83543595
1,2021-08-18 00:00:00,21.02330732
1,2021-08-18 01:00:00,21.06807397
1,2021-08-18 02:00:00,20.2605152
1,2021-08-18 03:00:00,20.97584041
1,2021-08-18 04:00:00,21.01651809
1,2021-08-18 05:00:00,21.81265945
1,2021-08-18 06:00:00,25.81400553
1,2021-08-18 07:00:00,34.60104318
1,2021-08-18 08:00:00,36.17770371
1,2021-08-18 09:00:00,32.94245166
1,2021-08-18 10:00:00,32.16226316
1,2021-08-18 11:00:00,32.14437256
1,2021-08-18 12:00:00,29.66274297
1,2021-08-18 13:00:00,29.70904436
1,2021-08-18 14:00:00,30.46168067
1,2021-08-18 15:00:00,29.64993067
1,2021-08-18 16:00:00,28.14569043
1,2021-08-18 17:00:00,28.22258486
1,2021-08-18 18:00:00,26.60827081
1,2021-08-18 19:00:00,21.84010949
1,2021-08-18 20:00:00,20.25463041
1,2021-08-18 21:00:00,20.29699453
1,2021-08-18 22:00:00,21.14159854
1,2021-08-18 23:00:00,21.07858679
1,2021-08-19 00:00:00,21.68507233
1,2021-08-19 01:00:00,21.69266951
1,2021-08-19 02:00:00,21.68551087
1,2021-08-19 03:00:00,21.71783223
1,2021-08-19 04:00:00,22.47511832
1,2021-08-19 05:00:00,21.72263045
1,2021-08-19 06:00:00,27.4277943
1,2021-08-19 07:00:00,34.58423406
1,2021-08-19 08:00:00,35.47198885
1,2021-08-19 09:00:00,32.19598322
1,2021-08-19 10:00:00,31.38793795
1,2021-08-19 11:00:00,31.38062966
1,2021-08-19 12:00:00,28.97209035
1,2021-08-19 13:00:00,26.57979058
1,2021-08-19 14:00:00,26.6192612
1,2021-08-19 15:00:00,26.64692704
1,2021-08-19 16:00:00,24.19661308
1,2021-08-19 17:00:00,26.56282447
1,2021-08-19 18:00:00,25.74200785
1,2021-08-19 19:00:00,18.57202945
1,2021-08-19 20:00:00,20.968138
1,2021-08-19 21:00:00,21.70670302
1,2021-08-19 22:00:00,21.62614918
1,2021-08-19 23:00:00,21.70732934
1,2021-08-20 00:00:00,19.4536866
1,2021-08-20 01:00:00,18.69079557
1,2021-08-20 02:00:00,18.72957354
1,2021-08-20 03:00:00,19.45801544
1,2021-08-20 04:00:00,18.62160112
1,2021-08-20 05:00:00,20.07867996
1,2021-08-20 06:00:00,26.50543499
1,2021-08-20 07:00:00,32.8492713
1,2021-08-20 08:00:00,36.05200114
1,2021-08-20 09:00:00,31.24790254
1,2021-08-20 10:00:00,29.67676317
1,2021-08-20 11:00:00,29.66018063
1,2021-08-20 12:00:00,27.25993614
1,2021-08-20 13:00:00,25.63799125
1,2021-08-20 14:00:00,27.29835669
1,2021-08-20 15:00:00,26.42899149
1,2021-08-20 16:00:00,27.17369509
1,2021-08-20 17:00:00,27.22999954
1,2021-08-20 18:00:00,26.41163783
1,2021-08-20 19:00:00,20.03477216
1,2021-08-20 20:00:00,20.89291895
1,2021-08-20 21:00:00,20.12261282
1,2021-08-20 22:00:00,20.12526058
1,2021-08-20 23:00:00,20.26777961
1,2021-08-21 00:00:00,20.27484495
1,2021-08-21 01:00:00,18.65100414
1,2021-08-21 02:00:00,18.6176773
1,2021-08-21 03:00:00,18.60082612
1,2021-08-21 04:00:00,19.39846658
1,2021-08-21 05:00:00,19.41097619
1,2021-08-21 06:00:00,20.08945743
1,2021-08-21 07:00:00,20.93080278
1,2021-08-21 08:00:00,22.52477678
1,2021-08-21 09:00:00,20.92517165
1,2021-08-21 10:00:00,19.34128173
1,2021-08-21 11:00:00,20.07756035
1,2021-08-21 12:00:00,17.7326471
1,2021-08-21 13:00:00,17.7234331
1,2021-08-21 14:00:00,16.90789881
1,2021-08-21 15:00:00,16.10806244
1,2021-08-21 16:00:00,16.98140453
1,2021-08-21 17:00:00,17.79379628
1,2021-08-21 18:00:00,17.80479419
1,2021-08-21 19:00:00,17.78763843
1,2021-08-21 20:00:00,18.60158817
1,2021-08-21 21:00:00,18.61555053
1,2021-08-21 22:00:00,18.645624
1,2021-08-21 23:00:00,19.48752847
1,2021-08-22 00:00:00,16.13675962
1,2021-08-22 01:00:00,16.90309089
1,2021-08-22 02:00:00,16.10661242
1,2021-08-22 03:00:00,16.91085316
1,2021-08-22 04:00:00,16.90404444
1,2021-08-22 05:00:00,17.74290087
1,2021-08-22 06:00:00,18.57079478
1,2021-08-22 07:00:00,20.97471938
1,2021-08-22 08:00:00,20.95082641
1,2021-08-22 09:00:00,20.18226501
1,2021-08-22 10:00:00,20.15281916
1,2021-08-22 11:00:00,19.40943184
1,2021-08-22 12:00:00,18.64642544
1,2021-08-22 13:00:00,17.79099773
1,2021-08-22 14:00:00,16.12670104
1,2021-08-22 15:00:00,19.37045233
1,2021-08-22 16:00:00,19.38489046
1,2021-08-22 17:00:00,20.17677639
1,2021-08-22 18:00:00,18.56151646
1,2021-08-22 19:00:00,17.75088934
1,2021-08-22 20:00:00,17.72995194
1,2021-08-22 21:00:00,17.72928253
1,2021-08-22 22:00:00,17.76442846
1,2021-08-22 23:00:00,17.72311417
1,2021-08-23 00:00:00,22.59287145
1,2021-08-23 01:00:00,22.51705297
1,2021-08-23 02:00:00,21.73375321
1,2021-08-23 03:00:00,23.37911229
1,2021-08-23 04:00:00,22.47866535
1,2021-08-23 05:00:00,22.62324646
1,2021-08-23 06:00:00,20.06774147
1,2021-08-23 07:00:00,7.26494532
1,2021-08-23 08:00:00,32.62950152
1,2021-08-23 10:00:00,34.41569941
1,2021-08-23 11:00:00,27.25850614
1,2021-08-23 12:00:00,27.30681569
1,2021-08-23 13:00:00,28.95108346
1,2021-08-23 14:00:00,28.13986585
1,2021-08-23 15:00:00,28.91772455
1,2021-08-23 16:00:00,28.9480807
1,2021-08-23 17:00:00,30.48129194
1,2021-08-23 18:00:00,28.89583955
1,2021-08-23 19:00:00,24.95701611
1,2021-08-23 20:00:00,24.94012896
1,2021-08-23 21:00:00,19.36955783
1,2021-08-23 22:00:00,21.81833046
1,2021-08-23 23:00:00,23.35391426
1,2021-08-24 00:00:00,22.5273269
1,2021-08-24 01:00:00,22.50819031
1,2021-08-24 02:00:00,22.56104274
1,2021-08-24 03:00:00,22.59969953
1,2021-08-24 04:00:00,22.60634928
1,2021-08-24 05:00:00,23.4163107
1,2021-08-24 06:00:00,30.63601301
1,2021-08-24 07:00:00,36.32732646
1,2021-08-24 08:00:00,37.74804211
1,2021-08-24 09:00:00,35.31588977
1,2021-08-24 10:00:00,32.93476762
1,2021-08-24 11:00:00,32.04506421
1,2021-08-24 12:00:00,31.26394121
1,2021-08-24 13:00:00,31.2876777
1,2021-08-24 14:00:00,28.9135904
1,2021-08-24 15:00:00,28.86197875
1,2021-08-24 16:00:00,29.72088148
1,2021-08-24 17:00:00,29.75513014
1,2021-08-24 18:00:00,28.93906099
1,2021-08-24 19:00:00,24.95717748
1,2021-08-24 20:00:00,24.15560246
1,2021-08-24 21:00:00,18.56802869
1,2021-08-24 22:00:00,21.78632297
1,2021-08-24 23:00:00,23.35460413
1,2021-08-25 00:00:00,23.44089821
1,2021-08-25 01:00:00,22.55114365
1,2021-08-25 02:00:00,23.46256232
1,2021-08-25 03:00:00,23.40227619
1,2021-08-25 04:00:00,24.1847539
1,2021-08-25 05:00:00,28.24436863
1,2021-08-25 06:00:00,31.38595801
1,2021-08-25 07:00:00,36.14693974
1,2021-08-25 08:00:00,39.37476521
1,2021-08-25 09:00:00,35.37077322
1,2021-08-25 10:00:00,32.23846262
1,2021-08-25 11:00:00,31.38231762
1,2021-08-25 12:00:00,31.37769892
1,2021-08-25 13:00:00,30.59099325
1,2021-08-25 14:00:00,28.17620211
1,2021-08-25 15:00:00,27.38322328
1,2021-08-25 16:00:00,28.1433427
1,2021-08-25 17:00:00,29.00717354
1,2021-08-25 18:00:00,27.34819111
1,2021-08-25 19:00:00,24.19487
1,2021-08-25 20:00:00,20.19604927
1,2021-08-25 21:00:00,21.77329731
1,2021-08-25 22:00:00,22.58201072
1,2021-08-25 23:00:00,24.17189422
1,2021-08-26 00:00:00,25.86494097
1,2021-08-26 01:00:00,19.39388514
1,2021-08-26 02:00:00,24.17442567
1,2021-08-26 03:00:00,28.90936482
1,2021-08-26 04:00:00,25.75824528
1,2021-08-26 05:00:00,25.73405202
1,2021-08-26 06:00:00,29.81421296
1,2021-08-26 07:00:00,34.53581548
1,2021-08-26 08:00:00,38.48676988
1,2021-08-26 09:00:00,36.83943362
1,2021-08-26 10:00:00,34.43173631
1,2021-08-26 11:00:00,33.65695399
1,2021-08-26 12:00:00,30.49441506
1,2021-08-26 13:00:00,29.73178396
1,2021-08-26 14:00:00,29.75774364
1,2021-08-26 15:00:00,29.000079
1,2021-08-26 16:00:00,28.879048699999995
1,2021-08-26 17:00:00,28.86234065
1,2021-08-26 18:00:00,28.11657032
1,2021-08-26 19:00:00,25.77339935
1,2021-08-26 20:00:00,20.93436575
1,2021-08-26 21:00:00,22.61397765
1,2021-08-26 22:00:00,26.62808108
1,2021-08-26 23:00:00,28.25167576
1,2021-08-27 00:00:00,23.32091346
1,2021-08-27 01:00:00,23.31593132
1,2021-08-27 02:00:00,22.52917613
1,2021-08-27 03:00:00,23.29044016
1,2021-08-27 04:00:00,24.12084971
1,2021-08-27 05:00:00,28.89913845
1,2021-08-27 06:00:00,28.95080566
1,2021-08-27 07:00:00,36.08485576
1,2021-08-27 08:00:00,41.69188639
1,2021-08-27 09:00:00,38.42310761
1,2021-08-27 10:00:00,36.08463353
1,2021-08-27 11:00:00,35.24494797
1,2021-08-27 12:00:00,33.66340403
1,2021-08-27 13:00:00,31.2487156
1,2021-08-27 14:00:00,28.03729123
1,2021-08-27 15:00:00,30.47591548
1,2021-08-27 16:00:00,28.894479600000004
1,2021-08-27 17:00:00,28.06468519
1,2021-08-27 18:00:00,27.2831749
1,2021-08-27 19:00:00,20.18034787
1,2021-08-27 20:00:00,22.64137713
1,2021-08-27 21:00:00,23.42121204
1,2021-08-27 22:00:00,23.31310932
1,2021-08-27 23:00:00,23.35399002
1,2021-08-28 00:00:00,20.06040247
1,2021-08-28 01:00:00,20.0559391
1,2021-08-28 02:00:00,16.00904624
1,2021-08-28 03:00:00,22.46871762
1,2021-08-28 04:00:00,21.61754894
1,2021-08-28 05:00:00,20.07219594
1,2021-08-28 06:00:00,27.25338332
1,2021-08-28 07:00:00,27.27535391
1,2021-08-28 08:00:00,27.27552954
1,2021-08-28 09:00:00,25.64407094
1,2021-08-28 10:00:00,20.87557424
1,2021-08-28 11:00:00,19.23553276
1,2021-08-28 12:00:00,20.05733664
1,2021-08-28 13:00:00,20.05234771
1,2021-08-28 14:00:00,20.88025305
1,2021-08-28 15:00:00,20.79842631
1,2021-08-28 16:00:00,20.07238904
1,2021-08-28 17:00:00,20.8392576
1,2021-08-28 18:00:00,20.81449588
1,2021-08-28 19:00:00,20.86094987
1,2021-08-28 20:00:00,20.83248162
1,2021-08-28 21:00:00,21.61800814
1,2021-08-28 22:00:00,20.04220262
1,2021-08-28 23:00:00,20.83537171
1,2021-08-29 00:00:00,23.27896232
1,2021-08-29 01:00:00,23.23106384
1,2021-08-29 02:00:00,23.27564243
1,2021-08-29 03:00:00,21.60801101
1,2021-08-29 04:00:00,22.45655949
1,2021-08-29 05:00:00,23.27239872
1,2021-08-29 06:00:00,20.83428272
1,2021-08-29 07:00:00,22.44248072
1,2021-08-29 08:00:00,24.04998541
1,2021-08-29 09:00:00,30.42445905
1,2021-08-29 10:00:00,20.91537287
1,2021-08-29 11:00:00,21.65250135
1,2021-08-29 12:00:00,22.43091393
1,2021-08-29 13:00:00,20.79353416
1,2021-08-29 14:00:00,20.85118087
1,2021-08-29 15:00:00,22.42410914
1,2021-08-29 16:00:00,22.46863397
1,2021-08-29 17:00:00,21.66900301
1,2021-08-29 18:00:00,21.62407851
1,2021-08-29 19:00:00,23.29874084
1,2021-08-29 20:00:00,23.22394689
1,2021-08-29 21:00:00,30.38782678
1,2021-08-29 22:00:00,20.88430456
1,2021-08-29 23:00:00,21.67918204
1,2021-08-30 00:00:00,19.24956311
1,2021-08-30 01:00:00,19.25784487
1,2021-08-30 02:00:00,18.45743078
1,2021-08-30 03:00:00,19.26709949
1,2021-08-30 04:00:00,20.12435847
1,2021-08-30 05:00:00,20.11505687
1,2021-08-30 06:00:00,33.58355272
1,2021-08-30 07:00:00,36.70579187
1,2021-08-30 08:00:00,38.30823714
1,2021-08-30 09:00:00,34.3648041
1,2021-08-30 10:00:00,31.14352751
1,2021-08-30 11:00:00,26.38447477
1,2021-08-30 12:00:00,24.02564287
1,2021-08-30 13:00:00,31.14751863
1,2021-08-30 14:00:00,21.65920235
1,2021-08-30 15:00:00,21.61795878
1,2021-08-30 16:00:00,23.15226123
1,2021-08-30 17:00:00,23.19829083
1,2021-08-30 18:00:00,22.4418712
1,2021-08-30 19:00:00,20.87087059
1,2021-08-30 20:00:00,20.8734605
1,2021-08-30 21:00:00,20.84769917
1,2021-08-30 22:00:00,19.27070042
1,2021-08-30 23:00:00,20.04806949
1,2021-08-31 00:00:00,16.86180028
1,2021-08-31 01:00:00,16.87629645
1,2021-08-31 02:00:00,17.61055756
1,2021-08-31 03:00:00,16.8907897
1,2021-08-31 04:00:00,17.63801175
1,2021-08-31 05:00:00,18.49170411
1,2021-08-31 06:00:00,23.21609985
1,2021-08-31 07:00:00,31.21601377
1,2021-08-31 08:00:00,31.99305718
1,2021-08-31 09:00:00,24.03859615
1,2021-08-31 10:00:00,27.2009502
1,2021-08-31 11:00:00,27.19874045
1,2021-08-31 12:00:00,22.4181811
1,2021-08-31 13:00:00,23.19165219
1,2021-08-31 14:00:00,29.57963183
1,2021-08-31 15:00:00,22.39730612
1,2021-08-31 16:00:00,23.19508958
1,2021-08-31 17:00:00,21.61690736
1,2021-08-31 18:00:00,20.86208884
1,2021-08-31 19:00:00,19.28052462
1,2021-08-31 20:00:00,17.64521052
1,2021-08-31 21:00:00,17.66410639
1,2021-08-31 22:00:00,16.84578223
1,2021-08-31 23:00:00,16.84729286
1,2021-09-02 00:00:00,16.20012442
1,2021-09-02 01:00:00,16.99686432
1,2021-09-02 02:00:00,16.99495006
1,2021-09-02 03:00:00,17.054604100000002
1,2021-09-02 04:00:00,17.02382922
1,2021-09-02 05:00:00,17.88318325
1,2021-09-02 06:00:00,20.31280145
1,2021-09-02 07:00:00,21.09394153
1,2021-09-02 08:00:00,21.06976331
1,2021-09-02 09:00:00,20.98076646
1,2021-09-02 10:00:00,21.06829135
1,2021-09-02 11:00:00,23.4867174
1,2021-09-02 12:00:00,21.73940063
1,2021-09-02 13:00:00,20.91348286
1,2021-09-02 14:00:00,20.15995383
1,2021-09-02 15:00:00,20.14567852
1,2021-09-02 16:00:00,20.14527122
1,2021-09-02 17:00:00,20.99102895
1,2021-09-02 18:00:00,17.74893316
1,2021-09-02 19:00:00,16.94701004
1,2021-09-02 20:00:00,17.77350521
1,2021-09-02 21:00:00,16.99627831
1,2021-09-02 22:00:00,16.16681576
1,2021-09-02 23:00:00,16.95939517
1,2021-09-03 00:00:00,20.22833997
1,2021-09-03 01:00:00,19.46426564
1,2021-09-03 02:00:00,20.23220012
1,2021-09-03 03:00:00,20.25062933
1,2021-09-03 04:00:00,18.62748869
1,2021-09-03 05:00:00,17.85429212
1,2021-09-03 06:00:00,24.31612253
1,2021-09-03 07:00:00,31.41224019
1,2021-09-03 08:00:00,26.68625625
1,2021-09-03 09:00:00,25.04382928
1,2021-09-03 10:00:00,25.78668687
1,2021-09-03 11:00:00,31.39613969
1,2021-09-03 12:00:00,25.78419342
1,2021-09-03 13:00:00,25.08546404
1,2021-09-03 14:00:00,29.18733779
1,2021-09-03 15:00:00,25.94680023
1,2021-09-03 16:00:00,24.31716131
1,2021-09-03 17:00:00,28.38142612
1,2021-09-03 18:00:00,20.30747533
1,2021-09-03 19:00:00,20.30428482
1,2021-09-03 20:00:00,21.10633585
1,2021-09-03 21:00:00,19.37709236
1,2021-09-03 22:00:00,20.27337169
1,2021-09-03 23:00:00,20.25711432
1,2021-09-04 00:00:00,15.77353598
1,2021-09-04 01:00:00,16.62071016
1,2021-09-04 02:00:00,15.79818476
1,2021-09-04 03:00:00,15.88547831
1,2021-09-04 04:00:00,15.89131761
1,2021-09-04 05:00:00,15.085209
1,2021-09-04 06:00:00,17.42682458
1,2021-09-04 07:00:00,17.34794394
1,2021-09-04 08:00:00,24.45836298
1,2021-09-04 09:00:00,18.9365406
1,2021-09-04 10:00:00,24.43082134
1,2021-09-04 11:00:00,25.1887736
1,2021-09-04 12:00:00,19.77213931
1,2021-09-04 13:00:00,18.98796999
1,2021-09-04 14:00:00,21.30619383
1,2021-09-04 15:00:00,20.56328674
1,2021-09-04 16:00:00,26.00181426
1,2021-09-04 17:00:00,17.386347699999998
1,2021-09-04 18:00:00,17.37075681
1,2021-09-04 19:00:00,15.78076378
1,2021-09-04 20:00:00,18.11383079
1,2021-09-04 21:00:00,16.54113642
1,2021-09-04 22:00:00,16.58690263
1,2021-09-04 23:00:00,16.50733709
1,2021-09-05 00:00:00,18.14851502
1,2021-09-05 01:00:00,19.01838104
1,2021-09-05 02:00:00,18.29078561
1,2021-09-05 03:00:00,19.02998161
1,2021-09-05 04:00:00,19.10220016
1,2021-09-05 05:00:00,18.23916594
1,2021-09-05 06:00:00,18.93773088
1,2021-09-05 07:00:00,18.91063789
1,2021-09-05 08:00:00,20.53535191
1,2021-09-05 09:00:00,19.84811004
1,2021-09-05 10:00:00,19.0020771
1,2021-09-05 11:00:00,18.23198324
1,2021-09-05 12:00:00,17.44215388
1,2021-09-05 13:00:00,16.61479616
1,2021-09-05 14:00:00,15.87931111
1,2021-09-05 15:00:00,16.6956157
1,2021-09-05 16:00:00,15.87177754
1,2021-09-05 17:00:00,16.69019214
1,2021-09-05 18:00:00,17.45716842
1,2021-09-05 19:00:00,17.50121248
1,2021-09-05 20:00:00,19.05191612
1,2021-09-05 21:00:00,19.88840573
1,2021-09-05 22:00:00,19.074537600000006
1,2021-09-05 23:00:00,19.00209618
1,2021-09-06 00:00:00,22.84081372
1,2021-09-06 01:00:00,22.80727323
1,2021-09-06 02:00:00,22.04297447
1,2021-09-06 03:00:00,22.11118295
1,2021-09-06 04:00:00,22.06144397
1,2021-09-06 05:00:00,22.82298215
1,2021-09-06 06:00:00,33.71504691
1,2021-09-06 07:00:00,36.20219969
1,2021-09-06 08:00:00,38.53618596
1,2021-09-06 09:00:00,38.58341609
1,2021-09-06 10:00:00,36.18255313
1,2021-09-06 11:00:00,35.36677016
1,2021-09-06 12:00:00,36.21697124
1,2021-09-06 13:00:00,35.45300245
1,2021-09-06 14:00:00,31.44377496
1,2021-09-06 15:00:00,33.79616289
1,2021-09-06 16:00:00,39.98234634
1,2021-09-06 17:00:00,32.98777804
1,2021-09-06 18:00:00,26.76371288
1,2021-09-06 19:00:00,23.64552975
1,2021-09-06 20:00:00,24.43913659
1,2021-09-06 21:00:00,29.86820703
1,2021-09-06 22:00:00,21.34984174
1,2021-09-06 23:00:00,22.87243438
1,2021-09-07 00:00:00,29.98028596
1,2021-09-07 01:00:00,22.09233718
1,2021-09-07 02:00:00,30.80732839
1,2021-09-07 03:00:00,29.06847668
1,2021-09-07 04:00:00,22.65016683
1,2021-09-07 05:00:00,29.95511611
1,2021-09-07 06:00:00,35.35558261
1,2021-09-07 07:00:00,44.13252773
1,2021-09-07 11:00:00,43.98368445
1,2021-09-07 12:00:00,41.10940770000001
1,2021-09-07 13:00:00,40.38319319
1,2021-09-07 14:00:00,36.58709593
1,2021-09-07 15:00:00,37.2420159
1,2021-09-07 16:00:00,34.98610684
1,2021-09-07 17:00:00,34.96700236
1,2021-09-07 18:00:00,33.53597903
1,2021-09-07 19:00:00,25.86081457
1,2021-09-07 20:00:00,21.22176233
1,2021-09-07 21:00:00,29.87989314
1,2021-09-07 22:00:00,23.60031215
1,2021-09-07 23:00:00,26.69212564
1,2021-09-08 00:00:00,21.84141668
1,2021-09-08 01:00:00,20.41814646
1,2021-09-08 02:00:00,21.6044119
1,2021-09-08 03:00:00,20.78297869
1,2021-09-08 04:00:00,21.6471509
1,2021-09-08 05:00:00,22.43802804
1,2021-09-08 06:00:00,29.64209788
1,2021-09-08 07:00:00,36.51109879999999
1,2021-09-08 08:00:00,38.83968109
1,2021-09-08 09:00:00,35.79214569
1,2021-09-08 10:00:00,32.7011458
1,2021-09-08 11:00:00,31.13679776
1,2021-09-08 12:00:00,29.57342351
1,2021-09-08 13:00:00,24.96621958
1,2021-09-08 14:00:00,29.56835127
1,2021-09-08 15:00:00,26.76348238
1,2021-09-08 16:00:00,24.20862929
1,2021-09-08 17:00:00,27.11371835
1,2021-09-08 18:00:00,27.16557806
1,2021-09-08 19:00:00,22.11984345
1,2021-09-08 20:00:00,22.67063264
1,2021-09-08 21:00:00,21.11069382
1,2021-09-08 22:00:00,21.06853509
1,2021-09-08 23:00:00,21.88309872
1,2021-09-09 00:00:00,16.89617248
1,2021-09-09 01:00:00,16.0312782
1,2021-09-09 02:00:00,16.83104562
1,2021-09-09 03:00:00,16.84725293
1,2021-09-09 04:00:00,17.61694994
1,2021-09-09 05:00:00,18.46574188
1,2021-09-09 06:00:00,20.80464172
1,2021-09-09 07:00:00,25.63394928
1,2021-09-09 08:00:00,32.91508621
1,2021-09-09 09:00:00,27.48798525
1,2021-09-09 10:00:00,21.13383189
1,2021-09-09 11:00:00,24.30924892
1,2021-09-09 12:00:00,29.91315027
1,2021-09-09 13:00:00,21.02580754
1,2021-09-09 14:00:00,22.63636197
1,2021-09-09 15:00:00,25.12499031
1,2021-09-09 16:00:00,26.68787384
1,2021-09-09 17:00:00,25.0518411
1,2021-09-09 18:00:00,21.0251174
1,2021-09-09 19:00:00,21.03215313
1,2021-09-09 20:00:00,20.99491231
1,2021-09-09 21:00:00,19.25623745
1,2021-09-09 22:00:00,17.62600797
1,2021-09-09 23:00:00,16.02684846
1,2021-09-10 00:00:00,17.70506995
1,2021-09-10 01:00:00,18.51395249
1,2021-09-10 02:00:00,17.71236684
1,2021-09-10 03:00:00,18.48696935
1,2021-09-10 04:00:00,17.68524181
1,2021-09-10 05:00:00,19.26840684
1,2021-09-10 06:00:00,18.50186962
1,2021-09-10 07:00:00,19.31628928
1,2021-09-10 08:00:00,16.87884047
1,2021-09-10 09:00:00,16.89025804
1,2021-09-10 10:00:00,16.88159575
1,2021-09-10 11:00:00,16.87485896
1,2021-09-10 12:00:00,18.44916693
1,2021-09-10 13:00:00,16.88185505
1,2021-09-10 14:00:00,17.62696282
1,2021-09-10 15:00:00,16.85115559
1,2021-09-10 16:00:00,16.84210518
1,2021-09-10 17:00:00,15.9933281
1,2021-09-10 18:00:00,16.88189018
1,2021-09-10 19:00:00,16.86638571
1,2021-09-10 20:00:00,16.86938522
1,2021-09-10 21:00:00,18.48773323
1,2021-09-10 22:00:00,18.46591028
1,2021-09-10 23:00:00,17.69963057
1,2021-09-11 00:00:00,18.55653017
1,2021-09-11 01:00:00,17.75868741
1,2021-09-11 02:00:00,17.75213528
1,2021-09-11 03:00:00,19.36171759
1,2021-09-11 04:00:00,19.37131243
1,2021-09-11 05:00:00,24.10689575
1,2021-09-11 06:00:00,30.31524082
1,2021-09-11 07:00:00,25.62345632
1,2021-09-11 08:00:00,24.1754508
1,2021-09-11 09:00:00,25.73960073
1,2021-09-11 10:00:00,30.51472839
1,2021-09-11 11:00:00,24.12852235
1,2021-09-11 12:00:00,22.57339605
1,2021-09-11 13:00:00,28.11207664
1,2021-09-11 14:00:00,35.28904617
1,2021-09-11 15:00:00,22.58144919
1,2021-09-11 16:00:00,21.82365107
1,2021-09-11 17:00:00,20.97360468
1,2021-09-11 18:00:00,20.19992336
1,2021-09-11 19:00:00,20.10992964
1,2021-09-11 20:00:00,18.54614725
1,2021-09-11 21:00:00,17.73417342
1,2021-09-11 22:00:00,18.54722621
1,2021-09-11 23:00:00,17.7443004
1,2021-09-12 00:00:00,16.3917983
1,2021-09-12 01:00:00,16.44435582
1,2021-09-12 02:00:00,14.77344234
1,2021-09-12 03:00:00,16.40349886
1,2021-09-12 04:00:00,15.58704974
1,2021-09-12 05:00:00,18.04413203
1,2021-09-12 06:00:00,19.71220822
1,2021-09-12 07:00:00,22.08946538
1,2021-09-12 08:00:00,20.48959799
1,2021-09-12 09:00:00,20.43468952
1,2021-09-12 10:00:00,20.49561342
1,2021-09-12 11:00:00,20.54600717
1,2021-09-12 12:00:00,19.70605568
1,2021-09-12 13:00:00,19.63647842
1,2021-09-12 14:00:00,20.47206958
1,2021-09-12 15:00:00,18.86724297
1,2021-09-12 16:00:00,18.86719718
1,2021-09-12 17:00:00,18.06830431
1,2021-09-12 18:00:00,17.2099399
1,2021-09-12 19:00:00,18.03538592
1,2021-09-12 20:00:00,16.416514000000006
1,2021-09-12 21:00:00,15.58616104
1,2021-09-12 22:00:00,16.44159551
1,2021-09-12 23:00:00,14.7186842
1,2021-09-13 00:00:00,23.15890789
1,2021-09-13 01:00:00,29.49648126
1,2021-09-13 02:00:00,20.01392337
1,2021-09-13 03:00:00,21.60478381
1,2021-09-13 04:00:00,23.18269483
1,2021-09-13 05:00:00,23.96752596
1,2021-09-13 06:00:00,23.85878481
1,2021-09-13 07:00:00,37.3142214
1,2021-09-13 08:00:00,37.33021299
1,2021-09-13 09:00:00,32.59895817
1,2021-09-13 10:00:00,29.4538459
1,2021-09-13 11:00:00,29.43569334
1,2021-09-13 12:00:00,24.68481579
1,2021-09-13 13:00:00,23.87446404
1,2021-09-13 14:00:00,30.20850822
1,2021-09-13 15:00:00,27.04303289
1,2021-09-13 16:00:00,23.06857874
1,2021-09-13 17:00:00,31.03530341
1,2021-09-13 18:00:00,27.03396457
1,2021-09-13 19:00:00,20.77278751
1,2021-09-13 20:00:00,22.32184156
1,2021-09-13 21:00:00,25.51504262
1,2021-09-13 22:00:00,25.56780587
1,2021-09-13 23:00:00,21.55552125
1,2021-09-14 00:00:00,20.80834229
1,2021-09-14 01:00:00,20.79023345
1,2021-09-14 02:00:00,21.60139581
1,2021-09-14 03:00:00,21.65547436
1,2021-09-14 04:00:00,21.59590753
1,2021-09-14 05:00:00,23.19895919
1,2021-09-14 06:00:00,27.95678973
1,2021-09-14 07:00:00,34.99913813
1,2021-09-14 08:00:00,35.86010342
1,2021-09-14 09:00:00,33.48089817
1,2021-09-14 10:00:00,29.56806151
1,2021-09-14 11:00:00,25.49376693
1,2021-09-14 12:00:00,25.55464935
1,2021-09-14 13:00:00,23.93670106
1,2021-09-14 14:00:00,23.98645639
1,2021-09-14 15:00:00,24.03595448
1,2021-09-14 16:00:00,26.3296485
1,2021-09-14 17:00:00,30.98442685
1,2021-09-14 18:00:00,22.3651336
1,2021-09-14 19:00:00,20.87855129
1,2021-09-14 20:00:00,21.72045921
1,2021-09-14 21:00:00,20.90476916
1,2021-09-14 22:00:00,20.04990379
1,2021-09-14 23:00:00,20.81629005
1,2021-09-15 00:00:00,22.16832977
1,2021-09-15 01:00:00,22.19030227
1,2021-09-15 02:00:00,22.95096811
1,2021-09-15 03:00:00,23.82437798
1,2021-09-15 04:00:00,23.82771634
1,2021-09-15 05:00:00,24.61643696
1,2021-09-15 06:00:00,28.11090708
1,2021-09-15 07:00:00,34.66312384
1,2021-09-15 08:00:00,34.97428975
1,2021-09-15 09:00:00,30.98612177
1,2021-09-15 10:00:00,30.18222635
1,2021-09-15 11:00:00,26.22431713
1,2021-09-15 12:00:00,25.36187776
1,2021-09-15 13:00:00,29.44567108
1,2021-09-15 14:00:00,23.7595276
1,2021-09-15 15:00:00,24.59302942
1,2021-09-15 16:00:00,25.43390036
1,2021-09-15 17:00:00,26.20004527
1,2021-09-15 18:00:00,24.50973272
1,2021-09-15 19:00:00,23.68650278
1,2021-09-15 20:00:00,23.715096300000006
1,2021-09-15 21:00:00,22.89623388
1,2021-09-15 22:00:00,21.30376777
1,2021-09-15 23:00:00,22.93573411
1,2021-09-16 00:00:00,23.02738979
1,2021-09-16 01:00:00,23.02997122
1,2021-09-16 02:00:00,22.1695497
1,2021-09-16 03:00:00,22.20003845
1,2021-09-16 04:00:00,23.85887668
1,2021-09-16 05:00:00,23.79577152
1,2021-09-16 06:00:00,30.31531872
1,2021-09-16 07:00:00,36.75541178
1,2021-09-16 08:00:00,35.21215577
1,2021-09-16 09:00:00,33.55794197
1,2021-09-16 10:00:00,29.51120226
1,2021-09-16 11:00:00,24.56328714
1,2021-09-16 12:00:00,23.75999231
1,2021-09-16 13:00:00,23.78828812
1,2021-09-16 14:00:00,23.74716339
1,2021-09-16 15:00:00,22.13221121
1,2021-09-16 16:00:00,25.43747266
1,2021-09-16 17:00:00,25.44197869
1,2021-09-16 18:00:00,24.60193941
1,2021-09-16 19:00:00,22.19809508
1,2021-09-16 20:00:00,23.80607359
1,2021-09-16 21:00:00,22.19745446
1,2021-09-16 22:00:00,22.13741684
1,2021-09-16 23:00:00,22.20556113
1,2021-09-17 00:00:00,17.80253012
1,2021-09-17 01:00:00,16.94853866
1,2021-09-17 02:00:00,16.91266513
1,2021-09-17 03:00:00,17.76942948
1,2021-09-17 04:00:00,18.53404788
1,2021-09-17 05:00:00,18.52452959
1,2021-09-17 06:00:00,25.4341344
1,2021-09-17 07:00:00,35.10769219
1,2021-09-17 08:00:00,31.78068898
1,2021-09-17 09:00:00,24.42404985
1,2021-09-17 10:00:00,23.53383168
1,2021-09-17 11:00:00,23.5080719
1,2021-09-17 12:00:00,23.43420303
1,2021-09-17 13:00:00,24.29032087
1,2021-09-17 14:00:00,24.27835465
1,2021-09-17 15:00:00,21.92642588
1,2021-09-17 16:00:00,23.42910091
1,2021-09-17 17:00:00,21.78663969
1,2021-09-17 18:00:00,20.23210257
1,2021-09-17 19:00:00,18.5763158
1,2021-09-17 20:00:00,17.84327113
1,2021-09-17 21:00:00,17.03281453
1,2021-09-17 22:00:00,17.01450795
1,2021-09-17 23:00:00,17.78261264
1,2021-09-18 00:00:00,21.66271932
1,2021-09-18 01:00:00,20.85286133
1,2021-09-18 02:00:00,21.62458062
1,2021-09-18 03:00:00,20.837010100000004
1,2021-09-18 04:00:00,20.78386137
1,2021-09-18 05:00:00,21.64460131
1,2021-09-18 06:00:00,18.49962377
1,2021-09-18 07:00:00,19.97738481
1,2021-09-18 08:00:00,19.9872069
1,2021-09-18 09:00:00,19.21031411
1,2021-09-18 10:00:00,18.3929104
1,2021-09-18 11:00:00,19.27148024
1,2021-09-18 12:00:00,18.57072334
1,2021-09-18 13:00:00,17.74116151
1,2021-09-18 14:00:00,18.57814233
1,2021-09-18 15:00:00,18.55560597
1,2021-09-18 16:00:00,18.62444599
1,2021-09-18 17:00:00,19.38528633
1,2021-09-18 18:00:00,21.00632616
1,2021-09-18 19:00:00,20.95329417
1,2021-09-18 20:00:00,21.69372073
1,2021-09-18 21:00:00,21.66411665
1,2021-09-18 22:00:00,20.84176064
1,2021-09-18 23:00:00,21.61505771
1,2021-09-19 00:00:00,18.73062546
1,2021-09-19 01:00:00,17.88208977
1,2021-09-19 02:00:00,18.6442287
1,2021-09-19 03:00:00,20.30868846
1,2021-09-19 04:00:00,19.52387417
1,2021-09-19 05:00:00,20.33209623
1,2021-09-19 06:00:00,21.59815764
1,2021-09-19 07:00:00,23.21385505
1,2021-09-19 08:00:00,27.17724736
1,2021-09-19 09:00:00,24.79257552
1,2021-09-19 10:00:00,21.62220101
1,2021-09-19 11:00:00,21.58351922
1,2021-09-19 12:00:00,27.97742327
1,2021-09-19 13:00:00,18.40022579
1,2021-09-19 14:00:00,19.22241851
1,2021-09-19 15:00:00,19.22918077
1,2021-09-19 16:00:00,19.17950933
1,2021-09-19 17:00:00,18.40989795
1,2021-09-19 18:00:00,17.67882219
1,2021-09-19 19:00:00,18.44645068
1,2021-09-19 20:00:00,18.43794723
1,2021-09-19 21:00:00,18.48027761
1,2021-09-19 22:00:00,17.7466959
1,2021-09-19 23:00:00,18.63018151
1,2021-09-20 00:00:00,22.86461605
1,2021-09-20 01:00:00,26.11454709
1,2021-09-20 02:00:00,24.44396973
1,2021-09-20 03:00:00,22.90264053
1,2021-09-20 04:00:00,25.33972454
1,2021-09-20 05:00:00,26.19274394
1,2021-09-20 06:00:00,25.22968701
1,2021-09-20 07:00:00,32.44281764
1,2021-09-20 08:00:00,33.29490012
1,2021-09-20 09:00:00,29.2771585
1,2021-09-20 10:00:00,25.25027649
1,2021-09-20 11:00:00,27.64215219
1,2021-09-20 12:00:00,30.850725399999995
1,2021-09-20 13:00:00,30.11656609
1,2021-09-20 14:00:00,30.09378162
1,2021-09-20 15:00:00,30.09934633
1,2021-09-20 16:00:00,30.09947554
1,2021-09-20 17:00:00,30.95246546
1,2021-09-20 18:00:00,28.57445677
1,2021-09-20 19:00:00,23.67771405
1,2021-09-20 20:00:00,29.35356045
1,2021-09-20 21:00:00,23.64117446
1,2021-09-20 22:00:00,26.84859228
1,2021-09-20 23:00:00,23.6380739
1,2021-09-21 00:00:00,22.10819077
1,2021-09-21 01:00:00,21.28623467
1,2021-09-21 02:00:00,20.44694821
1,2021-09-21 03:00:00,21.30644256
1,2021-09-21 04:00:00,21.33183233
1,2021-09-21 05:00:00,22.18383155
1,2021-09-21 06:00:00,24.58846804
1,2021-09-21 07:00:00,39.05300699
1,2021-09-21 08:00:00,39.92134743
1,2021-09-21 09:00:00,34.34043884
1,2021-09-21 10:00:00,32.70190875
1,2021-09-21 11:00:00,30.98914886
1,2021-09-21 12:00:00,30.19205332
1,2021-09-21 13:00:00,29.46105766
1,2021-09-21 14:00:00,29.46536923
1,2021-09-21 15:00:00,28.57169844
1,2021-09-21 16:00:00,29.34136108
1,2021-09-21 17:00:00,27.80756585
1,2021-09-21 18:00:00,25.28536019
1,2021-09-21 19:00:00,24.54966784
1,2021-09-21 20:00:00,19.64635553
1,2021-09-21 21:00:00,22.08549811
1,2021-09-21 22:00:00,22.04536772
1,2021-09-21 23:00:00,22.1112434
1,2021-09-22 00:00:00,21.64947097
1,2021-09-22 01:00:00,20.88047071
1,2021-09-22 02:00:00,20.85682802
1,2021-09-22 03:00:00,20.84375447
1,2021-09-22 04:00:00,20.84566165
1,2021-09-22 05:00:00,20.88453392
1,2021-09-22 06:00:00,26.24158716
1,2021-09-22 07:00:00,32.82863238
1,2021-09-22 08:00:00,32.21458381
1,2021-09-22 09:00:00,28.24144286
1,2021-09-22 10:00:00,28.19911846
1,2021-09-22 11:00:00,28.20439021
1,2021-09-22 12:00:00,25.74367014
1,2021-09-22 13:00:00,24.02466346
1,2021-09-22 14:00:00,19.12169616
1,2021-09-22 15:00:00,24.81443569
1,2021-09-22 16:00:00,27.30592604
1,2021-09-22 17:00:00,20.5997328
1,2021-09-22 18:00:00,19.83804968
1,2021-09-22 19:00:00,19.84514069
1,2021-09-22 20:00:00,21.55048575
1,2021-09-22 21:00:00,21.55721712
1,2021-09-22 22:00:00,20.86487649
1,2021-09-22 23:00:00,21.68157926
1,2021-09-23 00:00:00,19.06893094
1,2021-09-23 01:00:00,19.04846234
1,2021-09-23 02:00:00,19.10215933
1,2021-09-23 03:00:00,20.6992964
1,2021-09-23 04:00:00,19.85787965
1,2021-09-23 05:00:00,20.67952781
1,2021-09-23 06:00:00,24.14910245
1,2021-09-23 07:00:00,32.0469085
1,2021-09-23 08:00:00,31.88907535
1,2021-09-23 09:00:00,27.82634363
1,2021-09-23 10:00:00,26.22102252
1,2021-09-23 11:00:00,25.43943731
1,2021-09-23 12:00:00,21.41433287
1,2021-09-23 13:00:00,23.03847117
1,2021-09-23 14:00:00,22.2673173
1,2021-09-23 15:00:00,23.13488025
1,2021-09-23 16:00:00,19.85109637
1,2021-09-23 17:00:00,22.30203152
1,2021-09-23 18:00:00,22.4704479
1,2021-09-23 19:00:00,19.97304485
1,2021-09-23 20:00:00,18.19799755
1,2021-09-23 21:00:00,19.81408486
1,2021-09-23 22:00:00,18.97141475
1,2021-09-23 23:00:00,18.15171218
1,2021-09-24 00:00:00,22.21145576
1,2021-09-24 01:00:00,21.38834029
1,2021-09-24 02:00:00,21.47537893
1,2021-09-24 03:00:00,22.21268537
1,2021-09-24 04:00:00,22.25723296
1,2021-09-24 05:00:00,22.26208642
1,2021-09-24 06:00:00,22.35361379
1,2021-09-24 07:00:00,28.03547903
1,2021-09-24 08:00:00,29.677969800000003
1,2021-09-24 09:00:00,23.98297183
1,2021-09-24 10:00:00,19.03457888
1,2021-09-24 11:00:00,20.73745796
1,2021-09-24 12:00:00,21.45420173
1,2021-09-24 13:00:00,26.13619782
1,2021-09-24 14:00:00,24.48404036
1,2021-09-24 15:00:00,20.43476353
1,2021-09-24 16:00:00,22.09540057
1,2021-09-24 17:00:00,22.13214898
1,2021-09-24 18:00:00,21.2512575
1,2021-09-24 19:00:00,22.01745987
1,2021-09-24 20:00:00,22.039469
1,2021-09-24 21:00:00,21.31000549
1,2021-09-24 22:00:00,21.30431432
1,2021-09-24 23:00:00,21.38828545
1,2021-09-25 00:00:00,22.308308
1,2021-09-25 01:00:00,22.3042787
1,2021-09-25 02:00:00,22.92143504
1,2021-09-25 03:00:00,25.27243627
1,2021-09-25 04:00:00,26.93830365
1,2021-09-25 05:00:00,25.30453885
1,2021-09-25 06:00:00,23.13756738
1,2021-09-25 07:00:00,28.91667459
1,2021-09-25 08:00:00,26.41185029
1,2021-09-25 09:00:00,20.64411953
1,2021-09-25 10:00:00,19.8642005
1,2021-09-25 11:00:00,20.65749767
1,2021-09-25 12:00:00,20.63003664
1,2021-09-25 13:00:00,20.60903708
1,2021-09-25 14:00:00,20.61270279
1,2021-09-25 15:00:00,21.4041357
1,2021-09-25 16:00:00,20.60950756
1,2021-09-25 17:00:00,22.21536827
1,2021-09-25 18:00:00,21.42929433
1,2021-09-25 19:00:00,21.40181526
1,2021-09-25 20:00:00,21.40748723
1,2021-09-25 21:00:00,22.27103806
1,2021-09-25 22:00:00,22.26836151
1,2021-09-25 23:00:00,22.24341592
1,2021-09-26 00:00:00,22.87066715
1,2021-09-26 01:00:00,22.02762278
1,2021-09-26 02:00:00,22.90787513
1,2021-09-26 03:00:00,22.83535863
1,2021-09-26 04:00:00,25.26095645
1,2021-09-26 05:00:00,28.4880795
1,2021-09-26 06:00:00,24.52449277
1,2021-09-26 07:00:00,25.34584587
1,2021-09-26 08:00:00,24.50027809
1,2021-09-26 09:00:00,23.71034536
1,2021-09-26 10:00:00,17.95387412
1,2021-09-26 11:00:00,20.42659586
1,2021-09-26 12:00:00,20.35200596
1,2021-09-26 13:00:00,19.58740576
1,2021-09-26 14:00:00,18.76373453
1,2021-09-26 15:00:00,17.95679096
1,2021-09-26 16:00:00,18.7743254
1,2021-09-26 17:00:00,18.76265536
1,2021-09-26 18:00:00,19.61461446
1,2021-09-26 19:00:00,20.39882968
1,2021-09-26 20:00:00,21.17718013
1,2021-09-26 21:00:00,22.01388379
1,2021-09-26 22:00:00,22.778917
1,2021-09-26 23:00:00,22.82865985
1,2021-09-27 00:00:00,21.14718926
1,2021-09-27 01:00:00,22.76808319
1,2021-09-27 02:00:00,21.14723481
1,2021-09-27 03:00:00,21.96838237
1,2021-09-27 04:00:00,21.98210202
1,2021-09-27 05:00:00,22.82541634
1,2021-09-27 06:00:00,29.31744289
1,2021-09-27 07:00:00,31.70992944
1,2021-09-27 08:00:00,34.18068268
1,2021-09-27 09:00:00,30.03852854
1,2021-09-27 10:00:00,26.03384596
1,2021-09-27 11:00:00,25.22769041
1,2021-09-27 12:00:00,22.03438568
1,2021-09-27 13:00:00,21.98377185
1,2021-09-27 14:00:00,24.45944786
1,2021-09-27 15:00:00,26.80196569
1,2021-09-27 16:00:00,25.24967535
1,2021-09-27 17:00:00,18.76080336
1,2021-09-27 18:00:00,20.36207716
1,2021-09-27 19:00:00,20.37052853
1,2021-09-27 20:00:00,20.41260996
1,2021-09-27 21:00:00,20.412968300000006
1,2021-09-27 22:00:00,21.18972706
1,2021-09-27 23:00:00,20.36172922
1,2021-09-28 00:00:00,18.01572075
1,2021-09-28 01:00:00,18.04826519
1,2021-09-28 02:00:00,18.83520576
1,2021-09-28 03:00:00,18.89127283
1,2021-09-28 04:00:00,18.00821182
1,2021-09-28 05:00:00,18.8378614
1,2021-09-28 06:00:00,26.09460195
1,2021-09-28 07:00:00,31.81357833
1,2021-09-28 08:00:00,30.93555597
1,2021-09-28 09:00:00,26.07756264
1,2021-09-28 10:00:00,21.24001201
1,2021-09-28 11:00:00,21.26256116
1,2021-09-28 12:00:00,21.17263408
1,2021-09-28 13:00:00,21.99611072
1,2021-09-28 14:00:00,21.2210145
1,2021-09-28 15:00:00,21.25119332
1,2021-09-28 16:00:00,20.39099137
1,2021-09-28 17:00:00,20.43538266
1,2021-09-28 18:00:00,20.40663958
1,2021-09-28 19:00:00,18.84771793
1,2021-09-28 20:00:00,17.97068135
1,2021-09-28 21:00:00,18.0573824
1,2021-09-28 22:00:00,18.000161399999996
1,2021-09-28 23:00:00,18.86474335
1,2021-09-29 00:00:00,18.45661235
1,2021-09-29 01:00:00,19.21969105
1,2021-09-29 02:00:00,18.47531204
1,2021-09-29 03:00:00,19.28107508
1,2021-09-29 04:00:00,18.46494515
1,2021-09-29 05:00:00,19.20424757
1,2021-09-29 06:00:00,20.39604853
1,2021-09-29 07:00:00,23.59520618
1,2021-09-29 08:00:00,30.87459868
1,2021-09-29 09:00:00,26.68741945
1,2021-09-29 10:00:00,24.89414331
1,2021-09-29 11:00:00,19.21656413
1,2021-09-29 12:00:00,20.78426714
1,2021-09-29 13:00:00,23.09889547
1,2021-09-29 14:00:00,22.24203555
1,2021-09-29 15:00:00,22.24910736
1,2021-09-29 16:00:00,22.22106934
1,2021-09-29 17:00:00,22.25576528
1,2021-09-29 18:00:00,20.681704
1,2021-09-29 19:00:00,19.11405418
1,2021-09-29 20:00:00,19.1561759
1,2021-09-29 21:00:00,19.96217862
1,2021-09-29 22:00:00,18.4036617
1,2021-09-29 23:00:00,19.16447487
1,2021-09-30 00:00:00,18.40829899
1,2021-09-30 01:00:00,18.40821638
1,2021-09-30 02:00:00,18.4094831
1,2021-09-30 03:00:00,4.027010457
1,2021-09-30 06:00:00,19.20045742
1,2021-09-30 07:00:00,21.55071044
1,2021-09-30 08:00:00,30.29758519
1,2021-09-30 09:00:00,25.48163245
1,2021-09-30 10:00:00,19.93951003
1,2021-09-30 11:00:00,20.74289672
1,2021-09-30 12:00:00,22.37963824
1,2021-09-30 13:00:00,23.96531366
1,2021-09-30 14:00:00,23.96288729
1,2021-09-30 15:00:00,22.32452297
1,2021-09-30 16:00:00,29.4990863
1,2021-09-30 17:00:00,25.5385702
1,2021-09-30 18:00:00,19.21896986
1,2021-09-30 19:00:00,18.4215977
1,2021-09-30 20:00:00,20.01237215
1,2021-09-30 21:00:00,20.0035832
1,2021-09-30 22:00:00,19.24477692
1,2021-09-30 23:00:00,19.2085315
1,2021-10-02 00:00:00,20.69710852
1,2021-10-02 01:00:00,17.39558704
1,2021-10-02 02:00:00,19.00584102
1,2021-10-02 03:00:00,17.41266572
1,2021-10-02 04:00:00,18.21311721
1,2021-10-02 05:00:00,19.13520782
1,2021-10-02 06:00:00,20.34564359
1,2021-10-02 07:00:00,20.29516101
1,2021-10-02 08:00:00,19.59667005
1,2021-10-02 09:00:00,21.21867769
1,2021-10-02 10:00:00,21.3702836
1,2021-10-02 11:00:00,22.25453311
1,2021-10-02 12:00:00,22.27701831
1,2021-10-02 13:00:00,29.67618966
1,2021-10-02 14:00:00,26.49838743
1,2021-10-02 15:00:00,25.63174533
1,2021-10-02 16:00:00,27.3475008
1,2021-10-02 17:00:00,24.85822201
1,2021-10-02 18:00:00,23.22162569
1,2021-10-02 19:00:00,17.4809871
1,2021-10-02 20:00:00,17.44431448
1,2021-10-02 21:00:00,19.87016372
1,2021-10-02 22:00:00,19.03927012
1,2021-10-02 23:00:00,19.05512111
1,2021-10-03 00:00:00,16.99307922
1,2021-10-03 01:00:00,16.95793369
1,2021-10-03 02:00:00,15.3924247
1,2021-10-03 03:00:00,16.19756482
1,2021-10-03 04:00:00,15.33823983
1,2021-10-03 05:00:00,17.00332662
1,2021-10-03 06:00:00,18.62361982
1,2021-10-03 07:00:00,21.88399215
1,2021-10-03 08:00:00,21.94739098
1,2021-10-03 09:00:00,21.01057688
1,2021-10-03 10:00:00,20.24614509
1,2021-10-03 11:00:00,21.77953194
1,2021-10-03 12:00:00,23.31037132
1,2021-10-03 13:00:00,24.08905983
1,2021-10-03 14:00:00,23.30196145
1,2021-10-03 15:00:00,23.27033385
1,2021-10-03 16:00:00,22.56912293
1,2021-10-03 17:00:00,20.11763384
1,2021-10-03 18:00:00,19.3511862
1,2021-10-03 19:00:00,16.94746298
1,2021-10-03 20:00:00,16.96299757
1,2021-10-03 21:00:00,15.37978488
1,2021-10-03 22:00:00,16.94989539
1,2021-10-03 23:00:00,16.14804481
1,2021-10-04 00:00:00,18.38944658
1,2021-10-04 01:00:00,18.4815263
1,2021-10-04 02:00:00,19.26686375
1,2021-10-04 03:00:00,18.44567763
1,2021-10-04 04:00:00,19.24072571
1,2021-10-04 05:00:00,19.20233243
1,2021-10-04 06:00:00,15.07854456
1,2021-10-04 07:00:00,15.13421694
1,2021-10-04 08:00:00,15.87751707
1,2021-10-04 09:00:00,15.20512408
1,2021-10-04 10:00:00,16.76418802
1,2021-10-04 11:00:00,16.76528043
1,2021-10-04 12:00:00,18.37775632
1,2021-10-04 13:00:00,18.41590092
1,2021-10-04 14:00:00,16.82311773
1,2021-10-04 15:00:00,16.01868531
1,2021-10-04 16:00:00,15.21321415
1,2021-10-04 17:00:00,15.21604373
1,2021-10-04 18:00:00,16.81470804
1,2021-10-04 19:00:00,17.66090039
1,2021-10-04 20:00:00,18.43105215
1,2021-10-04 21:00:00,17.63392346
1,2021-10-04 22:00:00,18.44458219
1,2021-10-04 23:00:00,17.67772096
1,2021-10-05 00:00:00,20.46312046
1,2021-10-05 01:00:00,20.44471214
1,2021-10-05 02:00:00,21.9159774
1,2021-10-05 03:00:00,20.38874244
1,2021-10-05 04:00:00,20.48183618
1,2021-10-05 05:00:00,20.44059785
1,2021-10-05 06:00:00,20.60378552
1,2021-10-05 07:00:00,25.3075002
1,2021-10-05 08:00:00,33.86112206
1,2021-10-05 09:00:00,29.9161795
1,2021-10-05 10:00:00,26.76766714
1,2021-10-05 11:00:00,26.77076456
1,2021-10-05 12:00:00,27.62176174
1,2021-10-05 13:00:00,26.10572648
1,2021-10-05 14:00:00,22.93336638
1,2021-10-05 15:00:00,23.74366522
1,2021-10-05 16:00:00,30.03946126
1,2021-10-05 17:00:00,28.40499591
1,2021-10-05 18:00:00,23.59985352
1,2021-10-05 19:00:00,18.92678092
1,2021-10-05 20:00:00,20.63100274
1,2021-10-05 21:00:00,20.68739516
1,2021-10-05 22:00:00,21.36258245
1,2021-10-05 23:00:00,20.56472764
1,2021-10-06 00:00:00,29.22548493
1,2021-10-06 01:00:00,23.78365592
1,2021-10-06 02:00:00,25.39502809
1,2021-10-06 03:00:00,28.52639736
1,2021-10-06 04:00:00,25.63455963
1,2021-10-06 05:00:00,26.986528000000003
1,2021-10-06 06:00:00,24.36059022
1,2021-10-06 07:00:00,36.75808096
1,2021-10-06 08:00:00,36.79406548
1,2021-10-06 09:00:00,32.94384983
1,2021-10-06 10:00:00,37.5371815
1,2021-10-06 11:00:00,34.41816251
1,2021-10-06 12:00:00,35.22646574
1,2021-10-06 13:00:00,35.18942312
1,2021-10-06 14:00:00,34.47599998
1,2021-10-06 15:00:00,31.30511278
1,2021-10-06 16:00:00,35.23566891
1,2021-10-06 17:00:00,34.54843099
1,2021-10-06 18:00:00,29.16212591
1,2021-10-06 19:00:00,23.6213088
1,2021-10-06 20:00:00,25.94216251
1,2021-10-06 21:00:00,28.40218735
1,2021-10-06 22:00:00,22.90146454
1,2021-10-06 23:00:00,25.28387451
1,2021-10-07 00:00:00,21.24874373
1,2021-10-07 01:00:00,27.43088669
1,2021-10-07 02:00:00,23.40197607
1,2021-10-07 03:00:00,22.72359753
1,2021-10-07 04:00:00,26.79326057
1,2021-10-07 05:00:00,25.13177253
1,2021-10-07 06:00:00,25.98516337
1,2021-10-07 07:00:00,29.24099682
1,2021-10-07 08:00:00,34.08053888
1,2021-10-07 09:00:00,27.63940477
1,2021-10-07 10:00:00,25.13350907
1,2021-10-07 11:00:00,30.77803923
1,2021-10-07 12:00:00,21.86046696
1,2021-10-07 13:00:00,23.46693277
1,2021-10-07 14:00:00,23.40340533
1,2021-10-07 15:00:00,25.07675115
1,2021-10-07 16:00:00,28.2606571
1,2021-10-07 17:00:00,20.64245172
1,2021-10-07 18:00:00,23.61381769
1,2021-10-07 19:00:00,30.61465099
1,2021-10-07 20:00:00,22.01691842
1,2021-10-07 21:00:00,23.5726881
1,2021-10-07 22:00:00,26.70171739
1,2021-10-07 23:00:00,24.41554213
1,2021-10-08 00:00:00,17.65568622
1,2021-10-08 01:00:00,17.65774877
1,2021-10-08 02:00:00,17.63617702
1,2021-10-08 03:00:00,16.84950276
1,2021-10-08 04:00:00,17.66255204
1,2021-10-08 05:00:00,18.46663216
1,2021-10-08 06:00:00,26.38738931
1,2021-10-08 07:00:00,35.10799896
1,2021-10-08 08:00:00,36.78049831
1,2021-10-08 09:00:00,32.03381679
1,2021-10-08 10:00:00,29.67079322
1,2021-10-08 11:00:00,26.53293824
1,2021-10-08 12:00:00,25.68599701
1,2021-10-08 13:00:00,25.61188871
1,2021-10-08 14:00:00,24.87701988
1,2021-10-08 15:00:00,24.06468506
1,2021-10-08 16:00:00,24.87904747
1,2021-10-08 17:00:00,24.87259269
1,2021-10-08 18:00:00,24.13925525
1,2021-10-08 19:00:00,20.09980627
1,2021-10-08 20:00:00,20.11957885
1,2021-10-08 21:00:00,17.73832909
1,2021-10-08 22:00:00,18.41862679
1,2021-10-08 23:00:00,16.84946261
1,2021-10-09 00:00:00,16.0523943
1,2021-10-09 01:00:00,15.96260866
1,2021-10-09 02:00:00,16.00537539
1,2021-10-09 03:00:00,15.20710684
1,2021-10-09 04:00:00,16.01224785
1,2021-10-09 05:00:00,15.25970283
1,2021-10-09 06:00:00,19.30100444
1,2021-10-09 07:00:00,22.4670852
1,2021-10-09 08:00:00,32.84425262
1,2021-10-09 09:00:00,25.6373291
1,2021-10-09 10:00:00,21.61325312
1,2021-10-09 11:00:00,23.22971328
1,2021-10-09 12:00:00,28.87552022
1,2021-10-09 13:00:00,22.60193679
1,2021-10-09 14:00:00,21.82768393
1,2021-10-09 15:00:00,22.64289475
1,2021-10-09 16:00:00,22.65245215
1,2021-10-09 17:00:00,21.07408603
1,2021-10-09 18:00:00,21.06733903
1,2021-10-09 19:00:00,19.34300957
1,2021-10-09 20:00:00,18.40384735
1,2021-10-09 21:00:00,17.60002023
1,2021-10-09 22:00:00,17.62580852
1,2021-10-09 23:00:00,16.80011028
1,2021-10-10 00:00:00,19.26339917
1,2021-10-10 01:00:00,20.06932123
1,2021-10-10 02:00:00,20.83942159
1,2021-10-10 03:00:00,21.7064128
1,2021-10-10 04:00:00,21.7072555
1,2021-10-10 05:00:00,23.2630717
1,2021-10-10 06:00:00,20.85624415
1,2021-10-10 07:00:00,21.61561132
1,2021-10-10 08:00:00,20.00912556
1,2021-10-10 09:00:00,20.77381055
1,2021-10-10 10:00:00,19.98158892
1,2021-10-10 11:00:00,19.21646283
1,2021-10-10 12:00:00,18.39911604
1,2021-10-10 13:00:00,17.69682326
1,2021-10-10 14:00:00,17.62887208
1,2021-10-10 15:00:00,17.63864261
1,2021-10-10 16:00:00,17.65000677
1,2021-10-10 17:00:00,19.24959755
1,2021-10-10 18:00:00,19.23669035
1,2021-10-10 19:00:00,19.97370124
1,2021-10-10 20:00:00,19.22703435
1,2021-10-10 21:00:00,20.03947125
1,2021-10-10 22:00:00,20.83708461
1,2021-10-10 23:00:00,20.87147511
1,2021-10-11 00:00:00,20.88463788
1,2021-10-11 01:00:00,20.88453229
1,2021-10-11 02:00:00,21.70035054
1,2021-10-11 03:00:00,22.5221006
1,2021-10-11 04:00:00,21.66906238
1,2021-10-11 05:00:00,27.25419124
1,2021-10-11 06:00:00,26.58021855
1,2021-10-11 07:00:00,24.96176728
1,2021-10-11 08:00:00,28.94996064
1,2021-10-11 09:00:00,28.91011908
1,2021-10-11 10:00:00,25.65056102
1,2021-10-11 11:00:00,31.22161556
1,2021-10-11 12:00:00,28.1081895
1,2021-10-11 13:00:00,24.0581252
1,2021-10-11 14:00:00,29.6751011
1,2021-10-11 15:00:00,24.88444289
1,2021-10-11 16:00:00,23.25589943
1,2021-10-11 17:00:00,24.03719664
1,2021-10-11 18:00:00,21.71799016
1,2021-10-11 19:00:00,21.80553736
1,2021-10-11 20:00:00,21.01097568
1,2021-10-11 21:00:00,21.10386063
1,2021-10-11 22:00:00,20.2800668
1,2021-10-11 23:00:00,20.98980236
1,2021-10-12 00:00:00,15.63641247
1,2021-10-12 01:00:00,15.62472307
1,2021-10-12 02:00:00,16.46095765
1,2021-10-12 03:00:00,15.59765955
1,2021-10-12 04:00:00,15.65171929
1,2021-10-12 05:00:00,16.41645875
1,2021-10-12 06:00:00,18.85190307
1,2021-10-12 07:00:00,22.12801783
1,2021-10-12 08:00:00,20.4761227
1,2021-10-12 09:00:00,19.69067527
1,2021-10-12 10:00:00,20.44669191
1,2021-10-12 11:00:00,20.46877344
1,2021-10-12 12:00:00,22.13230226
1,2021-10-12 13:00:00,20.50846475
1,2021-10-12 14:00:00,20.49725459
1,2021-10-12 15:00:00,21.36022812
1,2021-10-12 16:00:00,19.69688324
1,2021-10-12 17:00:00,19.71372581
1,2021-10-12 18:00:00,18.0643124
1,2021-10-12 19:00:00,17.29001563
1,2021-10-12 20:00:00,16.428037699999994
1,2021-10-12 21:00:00,15.63545769
1,2021-10-12 22:00:00,14.78949996
1,2021-10-12 23:00:00,16.43084532
1,2021-10-13 00:00:00,21.96403885
1,2021-10-13 01:00:00,21.15977856
1,2021-10-13 02:00:00,21.1584743
1,2021-10-13 03:00:00,21.18304009
1,2021-10-13 04:00:00,22.03659795
1,2021-10-13 05:00:00,25.95354255
1,2021-10-13 06:00:00,24.4068861
1,2021-10-13 07:00:00,34.07626327
1,2021-10-13 08:00:00,28.44286056
1,2021-10-13 09:00:00,26.09052785
1,2021-10-13 10:00:00,20.38147052
1,2021-10-13 11:00:00,22.00282145
1,2021-10-13 12:00:00,22.7786563
1,2021-10-13 13:00:00,26.85365222
1,2021-10-13 14:00:00,24.45114613
1,2021-10-13 15:00:00,19.54159546
1,2021-10-13 16:00:00,22.81732019
1,2021-10-13 17:00:00,21.21351651
1,2021-10-13 18:00:00,17.89911922
1,2021-10-13 19:00:00,20.42288843
1,2021-10-13 20:00:00,17.93493093
1,2021-10-13 21:00:00,18.69017784
1,2021-10-13 22:00:00,18.74013277
1,2021-10-13 23:00:00,19.60649108
1,2021-10-14 00:00:00,19.40306811
1,2021-10-14 01:00:00,17.75305878
1,2021-10-14 02:00:00,19.34280314
1,2021-10-14 03:00:00,18.49483093
1,2021-10-14 04:00:00,19.38952122
1,2021-10-14 05:00:00,20.12923956
1,2021-10-14 06:00:00,32.33450776
1,2021-10-14 07:00:00,31.56638045
1,2021-10-14 08:00:00,23.51695657
1,2021-10-14 09:00:00,30.02710495
1,2021-10-14 10:00:00,26.75229799
1,2021-10-14 11:00:00,22.76944415
1,2021-10-14 12:00:00,22.73073692
1,2021-10-14 13:00:00,22.73579696
1,2021-10-14 14:00:00,21.96022368
1,2021-10-14 15:00:00,21.14420207
1,2021-10-14 16:00:00,24.35271453
1,2021-10-14 17:00:00,20.36933804
1,2021-10-14 18:00:00,16.31494554
1,2021-10-14 19:00:00,17.12835908
1,2021-10-14 20:00:00,17.11275983
1,2021-10-14 21:00:00,18.77166806
1,2021-10-14 22:00:00,17.87154397
1,2021-10-14 23:00:00,17.74313332
1,2021-10-15 00:00:00,18.63201153
1,2021-10-15 01:00:00,18.66059754
1,2021-10-15 02:00:00,18.67803857
1,2021-10-15 03:00:00,19.53728783
1,2021-10-15 04:00:00,18.74601301
1,2021-10-15 05:00:00,19.55292245
1,2021-10-15 06:00:00,23.36661553
1,2021-10-15 07:00:00,34.58461402
1,2021-10-15 08:00:00,28.18793737
1,2021-10-15 09:00:00,20.15986443
1,2021-10-15 10:00:00,21.8080848
1,2021-10-15 11:00:00,20.95818806
1,2021-10-15 12:00:00,21.75987983
1,2021-10-15 13:00:00,20.14623682
1,2021-10-15 14:00:00,26.54298049
1,2021-10-15 15:00:00,22.54925442
1,2021-10-15 16:00:00,21.78381372
1,2021-10-15 17:00:00,22.72490597
1,2021-10-15 18:00:00,20.38969591
1,2021-10-15 19:00:00,21.20363719
1,2021-10-15 20:00:00,20.37552742
1,2021-10-15 21:00:00,19.49903081
1,2021-10-15 22:00:00,20.27212353
1,2021-10-15 23:00:00,19.47342673
1,2021-10-16 00:00:00,17.84203395
1,2021-10-16 01:00:00,17.85457395
1,2021-10-16 02:00:00,18.57423866
1,2021-10-16 03:00:00,17.73601867
1,2021-10-16 04:00:00,18.56130397
1,2021-10-16 05:00:00,17.74671518
1,2021-10-16 06:00:00,20.31682484
1,2021-10-16 07:00:00,21.10600662
1,2021-10-16 08:00:00,20.3571484
1,2021-10-16 09:00:00,20.36971828
1,2021-10-16 10:00:00,20.34913943
1,2021-10-16 11:00:00,19.45636368
1,2021-10-16 12:00:00,18.66566626
1,2021-10-16 13:00:00,18.7021164
1,2021-10-16 14:00:00,17.82730182
1,2021-10-16 15:00:00,17.88623414
1,2021-10-16 16:00:00,17.85515925
1,2021-10-16 17:00:00,18.66252098
1,2021-10-16 18:00:00,17.85417792
1,2021-10-16 19:00:00,18.67828954
1,2021-10-16 20:00:00,18.68703112
1,2021-10-16 21:00:00,17.85344017
1,2021-10-16 22:00:00,18.6541366
1,2021-10-16 23:00:00,18.65778015
1,2021-10-17 00:00:00,17.73344443
1,2021-10-17 01:00:00,17.72570944
1,2021-10-17 02:00:00,17.7100835
1,2021-10-17 03:00:00,17.71213378
1,2021-10-17 04:00:00,17.72117604
1,2021-10-17 05:00:00,19.3154483
1,2021-10-17 06:00:00,20.1577185
1,2021-10-17 07:00:00,19.35699081
1,2021-10-17 08:00:00,20.25080609
1,2021-10-17 09:00:00,20.29659438
1,2021-10-17 10:00:00,18.69728215
1,2021-10-17 11:00:00,18.63460128
1,2021-10-17 12:00:00,17.87841504
1,2021-10-17 13:00:00,17.84877534
1,2021-10-17 14:00:00,16.96922517
1,2021-10-17 15:00:00,17.78372712
1,2021-10-17 16:00:00,16.16792764
1,2021-10-17 17:00:00,16.901016000000002
1,2021-10-17 18:00:00,16.15039671
1,2021-10-17 19:00:00,16.18981022
1,2021-10-17 20:00:00,16.98455795
1,2021-10-17 21:00:00,17.77295176
1,2021-10-17 22:00:00,16.97890019
1,2021-10-17 23:00:00,17.7511925
1,2021-10-18 00:00:00,18.51678087
1,2021-10-18 01:00:00,19.31442192
1,2021-10-18 02:00:00,18.51122487
1,2021-10-18 03:00:00,19.30149565
1,2021-10-18 04:00:00,20.10025818
1,2021-10-18 05:00:00,20.87618097
1,2021-10-18 06:00:00,21.67569494
1,2021-10-18 07:00:00,32.062699
1,2021-10-18 08:00:00,31.25643072
1,2021-10-18 09:00:00,20.85237068
1,2021-10-18 10:00:00,22.49036552
1,2021-10-18 11:00:00,22.47478554
1,2021-10-18 12:00:00,21.6662578
1,2021-10-18 13:00:00,21.64191628
1,2021-10-18 14:00:00,24.84941212
1,2021-10-18 15:00:00,27.31547555
1,2021-10-18 16:00:00,21.70961377
1,2021-10-18 17:00:00,19.32026292
1,2021-10-18 18:00:00,18.49142258
1,2021-10-18 19:00:00,19.32981189
1,2021-10-18 20:00:00,19.32861158
1,2021-10-18 21:00:00,19.30256981
1,2021-10-18 22:00:00,18.54609596
1,2021-10-18 23:00:00,19.34322172
1,2021-10-19 00:00:00,17.72448978
1,2021-10-19 01:00:00,18.55837118
1,2021-10-19 02:00:00,18.56344723
1,2021-10-19 03:00:00,19.35037198
1,2021-10-19 04:00:00,19.33625878
1,2021-10-19 05:00:00,20.97185413
1,2021-10-19 06:00:00,30.4944422
1,2021-10-19 07:00:00,32.92937726
1,2021-10-19 08:00:00,27.25661477
1,2021-10-19 09:00:00,22.50907771
1,2021-10-19 10:00:00,27.30645684
1,2021-10-19 11:00:00,23.30934111
1,2021-10-19 12:00:00,24.8621763
1,2021-10-19 13:00:00,25.61617734
1,2021-10-19 14:00:00,24.82047972
1,2021-10-19 15:00:00,22.4721365
1,2021-10-19 16:00:00,26.45009766
1,2021-10-19 17:00:00,18.45016495
1,2021-10-19 18:00:00,17.69814631
1,2021-10-19 19:00:00,17.70102897
1,2021-10-19 20:00:00,19.31201748
1,2021-10-19 21:00:00,18.54074329
1,2021-10-19 22:00:00,18.47969794
1,2021-10-19 23:00:00,18.54539826
1,2021-10-20 00:00:00,16.41713225
1,2021-10-20 01:00:00,16.38788005
1,2021-10-20 02:00:00,16.39198154
1,2021-10-20 03:00:00,17.20728835
1,2021-10-20 04:00:00,16.40654869
1,2021-10-20 05:00:00,18.06962065
1,2021-10-20 06:00:00,29.81433336
1,2021-10-20 07:00:00,33.0432478
1,2021-10-20 08:00:00,25.20360986
1,2021-10-20 09:00:00,21.10491975
1,2021-10-20 10:00:00,24.9645902
1,2021-10-20 11:00:00,26.54041925
1,2021-10-20 12:00:00,20.13683116
1,2021-10-20 13:00:00,22.59934901
1,2021-10-20 14:00:00,27.45140061
1,2021-10-20 15:00:00,19.44360161
1,2021-10-20 16:00:00,21.06958405
1,2021-10-20 17:00:00,20.29142031
1,2021-10-20 18:00:00,17.86800767
1,2021-10-20 19:00:00,17.1307597
1,2021-10-20 20:00:00,14.74860423
1,2021-10-20 21:00:00,14.75767591
1,2021-10-20 22:00:00,16.41570454
1,2021-10-20 23:00:00,15.62837625
1,2021-10-21 00:00:00,14.01030507
1,2021-10-21 01:00:00,14.83078731
1,2021-10-21 02:00:00,15.70250018
1,2021-10-21 03:00:00,13.99361403
1,2021-10-21 04:00:00,15.647276500000002
1,2021-10-21 05:00:00,16.43200056
1,2021-10-21 06:00:00,20.43845256
1,2021-10-21 07:00:00,22.91938305
1,2021-10-21 08:00:00,22.891140300000004
1,2021-10-21 09:00:00,23.62540714
1,2021-10-21 10:00:00,22.82682641
1,2021-10-21 11:00:00,22.00497775
1,2021-10-21 12:00:00,22.07602644
1,2021-10-21 13:00:00,22.15678668
1,2021-10-21 14:00:00,21.28915932
1,2021-10-21 15:00:00,27.85773876
1,2021-10-21 16:00:00,25.36937811
1,2021-10-21 17:00:00,20.43011586
1,2021-10-21 18:00:00,18.89617887
1,2021-10-21 19:00:00,18.88180434
1,2021-10-21 20:00:00,16.41490305
1,2021-10-21 21:00:00,14.78255275
1,2021-10-21 22:00:00,15.67342875
1,2021-10-21 23:00:00,14.83121909
1,2021-10-22 00:00:00,16.33532711
1,2021-10-22 01:00:00,17.16095394
1,2021-10-22 02:00:00,16.33694763
1,2021-10-22 03:00:00,17.15041799
1,2021-10-22 04:00:00,17.1332473
1,2021-10-22 05:00:00,17.13605611
1,2021-10-22 06:00:00,19.68855179
1,2021-10-22 07:00:00,21.30190453
1,2021-10-22 08:00:00,22.77835178
1,2021-10-22 09:00:00,20.32194932
1,2021-10-22 10:00:00,21.96366549
1,2021-10-22 11:00:00,28.44613969
1,2021-10-22 12:00:00,21.18395758
1,2021-10-22 13:00:00,21.17547337
1,2021-10-22 14:00:00,21.9660635
1,2021-10-22 15:00:00,21.17558082
1,2021-10-22 16:00:00,21.14384254
1,2021-10-22 17:00:00,20.37128304
1,2021-10-22 18:00:00,17.92634078
1,2021-10-22 19:00:00,16.32546696
1,2021-10-22 20:00:00,17.13986866
1,2021-10-22 21:00:00,16.32208729
1,2021-10-22 22:00:00,16.33298795
1,2021-10-22 23:00:00,17.16141733
1,2021-10-23 00:00:00,18.03753433
1,2021-10-23 01:00:00,17.20695879
1,2021-10-23 02:00:00,18.03001488
1,2021-10-23 03:00:00,18.03600977
1,2021-10-23 04:00:00,18.03062121
1,2021-10-23 05:00:00,18.88643544
1,2021-10-23 06:00:00,17.95961841
1,2021-10-23 07:00:00,19.59298759
1,2021-10-23 08:00:00,18.77011465
1,2021-10-23 09:00:00,17.97228985
1,2021-10-23 10:00:00,18.01870406
1,2021-10-23 11:00:00,17.93990946
1,2021-10-23 12:00:00,18.01149226
1,2021-10-23 13:00:00,17.18573299
1,2021-10-23 14:00:00,17.18636534
1,2021-10-23 15:00:00,18.014059500000005
1,2021-10-23 16:00:00,17.20486431
1,2021-10-23 17:00:00,18.02726365
1,2021-10-23 18:00:00,18.0031825
1,2021-10-23 19:00:00,18.00817852
1,2021-10-23 20:00:00,18.0129222
1,2021-10-23 21:00:00,18.01686155
1,2021-10-23 22:00:00,17.21185036
1,2021-10-23 23:00:00,17.16601706
1,2021-10-24 00:00:00,17.96152149
1,2021-10-24 01:00:00,18.82202559
1,2021-10-24 02:00:00,17.92099174
1,2021-10-24 03:00:00,17.98337363
1,2021-10-24 04:00:00,19.60086223
1,2021-10-24 05:00:00,20.41001794
1,2021-10-24 06:00:00,19.64290941
1,2021-10-24 07:00:00,21.2655734
1,2021-10-24 08:00:00,19.63547055
1,2021-10-24 09:00:00,19.63303552
1,2021-10-24 10:00:00,18.80973919
1,2021-10-24 11:00:00,18.82726103
1,2021-10-24 12:00:00,17.92579635
1,2021-10-24 13:00:00,17.17759096
1,2021-10-24 14:00:00,17.94223658
1,2021-10-24 15:00:00,17.1837255
1,2021-10-24 16:00:00,17.17213228
1,2021-10-24 17:00:00,17.98678901
1,2021-10-24 18:00:00,18.79964223
1,2021-10-24 19:00:00,17.96835752
1,2021-10-24 20:00:00,18.78171209
1,2021-10-24 21:00:00,18.785203600000006
1,2021-10-24 22:00:00,18.75781012
1,2021-10-24 23:00:00,18.78265549
1,2021-10-25 00:00:00,21.235910600000004
1,2021-10-25 01:00:00,21.22698981
1,2021-10-25 02:00:00,21.24681263
1,2021-10-25 03:00:00,22.04124569
1,2021-10-25 04:00:00,22.82270784
1,2021-10-25 05:00:00,26.8459194
1,2021-10-25 06:00:00,22.81432502
1,2021-10-25 07:00:00,34.13565559
1,2021-10-25 08:00:00,30.9348197
1,2021-10-25 09:00:00,21.20931721
1,2021-10-25 10:00:00,22.8172156
1,2021-10-25 11:00:00,22.84367593
1,2021-10-25 12:00:00,26.85723712
1,2021-10-25 13:00:00,26.81413986
1,2021-10-25 14:00:00,24.4350675
1,2021-10-25 15:00:00,28.46343588
1,2021-10-25 16:00:00,22.07345311
1,2021-10-25 17:00:00,21.24008226
1,2021-10-25 18:00:00,20.41232785
1,2021-10-25 19:00:00,20.4630368
1,2021-10-25 20:00:00,20.45259707
1,2021-10-25 21:00:00,20.45972014
1,2021-10-25 22:00:00,21.25494878
1,2021-10-25 23:00:00,21.26362114
1,2021-10-26 00:00:00,18.79652417
1,2021-10-26 01:00:00,19.58810293
1,2021-10-26 02:00:00,19.59217485
1,2021-10-26 03:00:00,20.4069833
1,2021-10-26 04:00:00,21.24238329
1,2021-10-26 05:00:00,22.03297994
1,2021-10-26 06:00:00,34.16595187
1,2021-10-26 07:00:00,32.54094442
1,2021-10-26 08:00:00,30.09951077
1,2021-10-26 09:00:00,26.85301065
1,2021-10-26 10:00:00,24.38782742
1,2021-10-26 11:00:00,24.38930078
1,2021-10-26 12:00:00,24.38824872
1,2021-10-26 13:00:00,21.95398164
1,2021-10-26 14:00:00,21.17907286
1,2021-10-26 15:00:00,21.14158996
1,2021-10-26 16:00:00,25.24794587
1,2021-10-26 17:00:00,21.16836119
1,2021-10-26 18:00:00,16.33141205
1,2021-10-26 19:00:00,16.36800788
1,2021-10-26 20:00:00,17.94068048
1,2021-10-26 21:00:00,17.93518152
1,2021-10-26 22:00:00,17.96718679
1,2021-10-26 23:00:00,18.76539214
1,2021-10-27 00:00:00,15.52182988
1,2021-10-27 01:00:00,17.11021142
1,2021-10-27 02:00:00,16.30283227
1,2021-10-27 03:00:00,17.14829937
1,2021-10-27 04:00:00,16.33935204
1,2021-10-27 05:00:00,18.74659371
1,2021-10-27 06:00:00,29.36539855
1,2021-10-27 07:00:00,31.00233655
1,2021-10-27 08:00:00,22.85082715
1,2021-10-27 09:00:00,18.00831173
1,2021-10-27 10:00:00,28.537485600000004
1,2021-10-27 11:00:00,22.83074951
1,2021-10-27 12:00:00,19.62140704
1,2021-10-27 13:00:00,26.87418752
1,2021-10-27 14:00:00,22.88720123
1,2021-10-27 15:00:00,20.37200371
1,2021-10-27 16:00:00,21.0317378
1,2021-10-27 17:00:00,19.53194186
1,2021-10-27 18:00:00,18.76509905
1,2021-10-27 19:00:00,16.31781371
1,2021-10-27 20:00:00,16.30610518
1,2021-10-27 21:00:00,14.66481165
1,2021-10-27 22:00:00,14.67614265
1,2021-10-27 23:00:00,17.11363084
1,2021-10-28 00:00:00,13.94081462
1,2021-10-28 01:00:00,13.11973395
1,2021-10-28 02:00:00,13.10793904
1,2021-10-28 03:00:00,13.15972509
1,2021-10-28 04:00:00,14.76179145
1,2021-10-28 05:00:00,14.76250152
1,2021-10-28 06:00:00,20.36336963
1,2021-10-28 07:00:00,22.02959826
1,2021-10-28 08:00:00,21.98127437
1,2021-10-28 09:00:00,21.99006036
1,2021-10-28 10:00:00,22.02320722
1,2021-10-28 11:00:00,25.32985314
1,2021-10-28 12:00:00,23.63449693
1,2021-10-28 13:00:00,22.09080582
1,2021-10-28 14:00:00,23.66021291
1,2021-10-28 15:00:00,23.66453425
1,2021-10-28 16:00:00,22.03116918
1,2021-10-28 17:00:00,20.41093111
1,2021-10-28 18:00:00,19.63746788
1,2021-10-28 19:00:00,17.19576706
1,2021-10-28 20:00:00,17.18036129
1,2021-10-28 21:00:00,16.38364471
1,2021-10-28 22:00:00,16.38008499
1,2021-10-28 23:00:00,15.56327303
1,2021-10-29 00:00:00,20.50591984
1,2021-10-29 01:00:00,19.66997034
1,2021-10-29 02:00:00,19.53557402
1,2021-10-29 03:00:00,20.23141173
1,2021-10-29 04:00:00,21.01405492
1,2021-10-29 05:00:00,20.20877908
1,2021-10-29 06:00:00,15.52581596
1,2021-10-29 07:00:00,24.52499628
1,2021-10-29 08:00:00,20.51650358
1,2021-10-29 09:00:00,18.90315821
1,2021-10-29 10:00:00,22.96451314
1,2021-10-29 11:00:00,20.58582629
1,2021-10-29 12:00:00,19.72264022
1,2021-10-29 13:00:00,22.19321302
1,2021-10-29 14:00:00,22.17653318
1,2021-10-29 15:00:00,21.40222642
1,2021-10-29 16:00:00,22.16970346
1,2021-10-29 17:00:00,20.5647336
1,2021-10-29 18:00:00,20.53516315
1,2021-10-29 19:00:00,19.6702891
1,2021-10-29 20:00:00,19.71126986
1,2021-10-29 21:00:00,18.88202396
1,2021-10-29 22:00:00,19.70212241
1,2021-10-29 23:00:00,18.8704087
1,2021-10-30 00:00:00,19.5274819
1,2021-10-30 01:00:00,19.5683907
1,2021-10-30 02:00:00,20.436075
1,2021-10-30 03:00:00,20.4723399
1,2021-10-30 04:00:00,20.4786334
1,2021-10-30 05:00:00,21.28590918
1,2021-10-30 06:00:00,22.61309934
1,2021-10-30 07:00:00,21.9239521
1,2021-10-30 08:00:00,20.18108845
1,2021-10-30 09:00:00,18.57880106
1,2021-10-30 10:00:00,18.52836148
1,2021-10-30 11:00:00,16.9805848
1,2021-10-30 12:00:00,16.901021
1,2021-10-30 13:00:00,17.75257485
1,2021-10-30 14:00:00,16.87593631
1,2021-10-30 15:00:00,17.68487731
1,2021-10-30 16:00:00,17.68722374
1,2021-10-30 17:00:00,18.51699073
1,2021-10-30 18:00:00,17.74486116
1,2021-10-30 19:00:00,17.76959213
1,2021-10-30 20:00:00,18.4937362
1,2021-10-30 21:00:00,18.50429969
1,2021-10-30 22:00:00,18.58651335
1,2021-10-30 23:00:00,18.62089586
1,2021-10-31 00:00:00,17.77834733
1,2021-10-31 01:00:00,18.63449075
1,2021-10-31 02:00:00,18.63261087
1,2021-10-31 03:00:00,19.42844386
1,2021-10-31 04:00:00,20.23215179
1,2021-10-31 05:00:00,20.24833136
1,2021-10-31 06:00:00,22.87973696
1,2021-10-31 07:00:00,21.09857316
1,2021-10-31 08:00:00,21.07102811
1,2021-10-31 09:00:00,19.45810748
1,2021-10-31 10:00:00,18.65118366
1,2021-10-31 11:00:00,17.02948043
1,2021-10-31 12:00:00,16.156512900000006
1,2021-10-31 13:00:00,15.37837788
1,2021-10-31 14:00:00,14.55985611
1,2021-10-31 15:00:00,14.56026924
1,2021-10-31 16:00:00,14.55817489
1,2021-10-31 17:00:00,13.774515300000004
1,2021-10-31 18:00:00,14.55919625
1,2021-10-31 19:00:00,14.56281115
1,2021-10-31 20:00:00,14.59228523
1,2021-10-31 21:00:00,16.15920361
1,2021-10-31 22:00:00,16.15077914
1,2021-10-31 23:00:00,16.99605232
1,2021-11-02 00:00:00,19.91758156
1,2021-11-02 01:00:00,24.88148087
1,2021-11-02 02:00:00,23.99986768
1,2021-11-02 03:00:00,18.21793624
1,2021-11-02 04:00:00,20.65431476
1,2021-11-02 05:00:00,21.49155235
1,2021-11-02 06:00:00,19.84722519
1,2021-11-02 07:00:00,20.75648199
1,2021-11-02 08:00:00,28.10093233
1,2021-11-02 09:00:00,31.31528753
1,2021-11-02 10:00:00,31.36575395
1,2021-11-02 11:00:00,28.901244
1,2021-11-02 12:00:00,28.10075744
1,2021-11-02 13:00:00,31.31653836
1,2021-11-02 14:00:00,32.16336818
1,2021-11-02 15:00:00,29.73823768
1,2021-11-02 16:00:00,29.72156109
1,2021-11-02 17:00:00,25.56360706
1,2021-11-02 18:00:00,23.07279333
1,2021-11-02 19:00:00,23.13770243
1,2021-11-02 20:00:00,21.52265008
1,2021-11-02 21:00:00,22.40034915
1,2021-11-02 22:00:00,21.56084537
1,2021-11-02 23:00:00,14.95769765
1,2021-11-03 00:00:00,15.34626532
1,2021-11-03 01:00:00,16.1989881
1,2021-11-03 02:00:00,15.34399135
1,2021-11-03 03:00:00,16.96192189
1,2021-11-03 04:00:00,15.38908525
1,2021-11-03 05:00:00,16.97523389
1,2021-11-03 06:00:00,19.3779753
1,2021-11-03 07:00:00,22.58489533
1,2021-11-03 08:00:00,22.61442761
1,2021-11-03 09:00:00,22.57606764
1,2021-11-03 10:00:00,24.96754797
1,2021-11-03 11:00:00,24.92091243
1,2021-11-03 12:00:00,24.91893657
1,2021-11-03 13:00:00,26.54677248
1,2021-11-03 14:00:00,24.95245711
1,2021-11-03 15:00:00,24.15499687
1,2021-11-03 16:00:00,28.96325735
1,2021-11-03 17:00:00,24.17197781
1,2021-11-03 18:00:00,19.35099316
1,2021-11-03 19:00:00,17.75020416
1,2021-11-03 20:00:00,17.01238846
1,2021-11-03 21:00:00,15.36229359
1,2021-11-03 22:00:00,15.3940671
1,2021-11-03 23:00:00,16.15897893
1,2021-11-04 00:00:00,17.53039305
1,2021-11-04 01:00:00,21.5040534
1,2021-11-04 02:00:00,19.90505077
1,2021-11-04 03:00:00,19.09817874
1,2021-11-04 04:00:00,19.88200333
1,2021-11-04 05:00:00,19.08316913
1,2021-11-04 06:00:00,18.3861004
1,2021-11-04 07:00:00,19.97696824
1,2021-11-04 08:00:00,20.0500748
1,2021-11-04 09:00:00,19.97752367
1,2021-11-04 10:00:00,19.18880791
1,2021-11-04 11:00:00,18.42396224
1,2021-11-04 12:00:00,18.38730392
1,2021-11-04 13:00:00,17.60054419
1,2021-11-04 14:00:00,18.40135054
1,2021-11-04 15:00:00,17.563214300000002
1,2021-11-04 16:00:00,17.6368665
1,2021-11-04 17:00:00,17.59286878
1,2021-11-04 18:00:00,18.41483636
1,2021-11-04 19:00:00,19.16519161
1,2021-11-04 20:00:00,19.16187356
1,2021-11-04 21:00:00,19.15220226
1,2021-11-04 22:00:00,18.33796123
1,2021-11-04 23:00:00,18.37127228
1,2021-11-05 00:00:00,23.28909421
1,2021-11-05 01:00:00,22.50273765
1,2021-11-05 02:00:00,22.47927507
1,2021-11-05 03:00:00,22.54203646
1,2021-11-05 04:00:00,22.52616533
1,2021-11-05 05:00:00,23.34626261
1,2021-11-05 06:00:00,23.60218685
1,2021-11-05 07:00:00,30.54238954
1,2021-11-05 08:00:00,34.4657532
1,2021-11-05 09:00:00,30.5690475
1,2021-11-05 10:00:00,28.22160021
1,2021-11-05 11:00:00,29.85124507
1,2021-11-05 12:00:00,28.26570876
1,2021-11-05 13:00:00,28.93295775
1,2021-11-05 14:00:00,27.30357369
1,2021-11-05 15:00:00,26.5052141
1,2021-11-05 16:00:00,27.62986115
1,2021-11-05 17:00:00,23.30470173
1,2021-11-05 18:00:00,24.06099811
1,2021-11-05 19:00:00,22.55293286
1,2021-11-05 20:00:00,23.33307044
1,2021-11-05 21:00:00,21.76802301
1,2021-11-05 22:00:00,23.34042478
1,2021-11-05 23:00:00,22.55387136
1,2021-11-06 00:00:00,24.42017627
1,2021-11-06 01:00:00,23.65246773
1,2021-11-06 02:00:00,22.86658041
1,2021-11-06 03:00:00,22.89688854
1,2021-11-06 04:00:00,22.91754205
1,2021-11-06 05:00:00,22.87218777
1,2021-11-06 06:00:00,36.45479461
1,2021-11-06 07:00:00,37.83817215
1,2021-11-06 08:00:00,41.88072423
1,2021-11-06 09:00:00,40.40101049
1,2021-11-06 10:00:00,38.24106870000001
1,2021-11-06 11:00:00,37.28831234
1,2021-11-06 12:00:00,37.25285597
1,2021-11-06 13:00:00,37.27490044
1,2021-11-06 14:00:00,33.28443997
1,2021-11-06 15:00:00,34.87579062
1,2021-11-06 16:00:00,34.92431068
1,2021-11-06 17:00:00,33.39962498
1,2021-11-06 18:00:00,27.19397275
1,2021-11-06 19:00:00,24.80487903
1,2021-11-06 20:00:00,27.81915577
1,2021-11-06 21:00:00,26.12314852
1,2021-11-06 22:00:00,22.93572758
1,2021-11-06 23:00:00,24.43680843
1,2021-11-07 00:00:00,23.54188204
1,2021-11-07 01:00:00,21.88495231
1,2021-11-07 02:00:00,22.68930213
1,2021-11-07 03:00:00,22.72999039
1,2021-11-07 04:00:00,22.6902523
1,2021-11-07 05:00:00,23.55010525
1,2021-11-07 06:00:00,23.58762137
1,2021-11-07 07:00:00,31.71250821
1,2021-11-07 08:00:00,32.49841104
1,2021-11-07 09:00:00,25.21268352
1,2021-11-07 10:00:00,27.6540068
1,2021-11-07 11:00:00,26.78643982
1,2021-11-07 12:00:00,21.94525695
1,2021-11-07 13:00:00,22.75912571
1,2021-11-07 14:00:00,27.57747595
1,2021-11-07 15:00:00,20.34603755
1,2021-11-07 16:00:00,21.21061606
1,2021-11-07 17:00:00,23.55939086
1,2021-11-07 18:00:00,24.45135903
1,2021-11-07 19:00:00,30.05879883
1,2021-11-07 20:00:00,21.95371556
1,2021-11-07 21:00:00,23.58281318
1,2021-11-07 22:00:00,22.71320343
1,2021-11-07 23:00:00,24.35357141
1,2021-11-08 00:00:00,20.1177075
1,2021-11-08 01:00:00,20.1028049
1,2021-11-08 02:00:00,20.15892094
1,2021-11-08 03:00:00,21.00988984
1,2021-11-08 04:00:00,21.01204631
1,2021-11-08 05:00:00,21.75640583
1,2021-11-08 06:00:00,20.87168214
1,2021-11-08 07:00:00,24.82560078
1,2021-11-08 08:00:00,34.41202068
1,2021-11-08 09:00:00,26.41855887
1,2021-11-08 10:00:00,31.24693126
1,2021-11-08 11:00:00,34.32803811
1,2021-11-08 12:00:00,27.98212149
1,2021-11-08 13:00:00,25.64920298
1,2021-11-08 14:00:00,31.94497214
1,2021-11-08 15:00:00,23.22548183
1,2021-11-08 16:00:00,24.81898101
1,2021-11-08 17:00:00,28.79086585
1,2021-11-08 18:00:00,23.19018662
1,2021-11-08 19:00:00,20.91280289
1,2021-11-08 20:00:00,20.8219738
1,2021-11-08 21:00:00,19.25316595
1,2021-11-08 22:00:00,19.25244156
1,2021-11-08 23:00:00,20.08786349
1,2021-11-09 00:00:00,16.08079135
1,2021-11-09 01:00:00,16.80826903
1,2021-11-09 02:00:00,16.01518773
1,2021-11-09 03:00:00,17.60016042
1,2021-11-09 04:00:00,17.59116898
1,2021-11-09 05:00:00,17.65105254
1,2021-11-09 06:00:00,16.00969996
1,2021-11-09 07:00:00,16.81683765
1,2021-11-09 08:00:00,17.62167259
1,2021-11-09 09:00:00,19.26308487
1,2021-11-09 10:00:00,17.6292008
1,2021-11-09 11:00:00,17.61229037
1,2021-11-09 12:00:00,17.61769645
1,2021-11-09 13:00:00,16.78325076
1,2021-11-09 14:00:00,16.78582536
1,2021-11-09 15:00:00,22.39802703
1,2021-11-09 16:00:00,20.74726693
1,2021-11-09 17:00:00,19.99364115
1,2021-11-09 18:00:00,15.98945542
1,2021-11-09 19:00:00,16.78357865
1,2021-11-09 20:00:00,15.9885615
1,2021-11-09 21:00:00,16.79554995
1,2021-11-09 22:00:00,16.04577364
1,2021-11-09 23:00:00,16.82723474
1,2021-11-10 00:00:00,21.66798189
1,2021-11-10 01:00:00,22.4118859
1,2021-11-10 02:00:00,21.6455171
1,2021-11-10 03:00:00,23.27926707
1,2021-11-10 04:00:00,24.85881591
1,2021-11-10 05:00:00,28.24305574
1,2021-11-10 06:00:00,31.89843869
1,2021-11-10 07:00:00,35.86996272
1,2021-11-10 08:00:00,31.88401713
1,2021-11-10 09:00:00,28.77028081
1,2021-11-10 10:00:00,27.91199904
1,2021-11-10 11:00:00,26.27325105
1,2021-11-10 12:00:00,25.540871
1,2021-11-10 13:00:00,26.36393947
1,2021-11-10 14:00:00,26.40821004
1,2021-11-10 15:00:00,24.72482749
1,2021-11-10 16:00:00,26.3838044
1,2021-11-10 17:00:00,21.66557633
1,2021-11-10 18:00:00,19.23401259
1,2021-11-10 19:00:00,21.6037066
1,2021-11-10 20:00:00,21.67166224
1,2021-11-10 21:00:00,21.60865045
1,2021-11-10 22:00:00,21.65775772
1,2021-11-10 23:00:00,20.8717339
1,2021-11-11 00:00:00,16.89102089
1,2021-11-11 01:00:00,17.71727045
1,2021-11-11 02:00:00,17.66984017
1,2021-11-11 03:00:00,20.86112791
1,2021-11-11 04:00:00,18.44214766
1,2021-11-11 05:00:00,20.01053691
1,2021-11-11 06:00:00,31.19815288
1,2021-11-11 07:00:00,28.95155525
1,2021-11-11 08:00:00,23.6389842
1,2021-11-11 09:00:00,24.56320524
1,2021-11-11 10:00:00,23.71194598
1,2021-11-11 11:00:00,23.62697895
1,2021-11-11 12:00:00,23.60052546
1,2021-11-11 13:00:00,23.49164099
1,2021-11-11 14:00:00,23.46685211
1,2021-11-11 15:00:00,22.63484828
1,2021-11-11 16:00:00,22.64286804
1,2021-11-11 17:00:00,21.8378849
1,2021-11-11 18:00:00,20.13639709
1,2021-11-11 19:00:00,20.17775586
1,2021-11-11 20:00:00,18.69246634
1,2021-11-11 21:00:00,17.93596591
1,2021-11-11 22:00:00,17.798425199999997
1,2021-11-11 23:00:00,18.51430787
1,2021-11-12 00:00:00,15.57526811
1,2021-11-12 01:00:00,16.39673156
1,2021-11-12 02:00:00,16.40785992
1,2021-11-12 03:00:00,17.19657006
1,2021-11-12 04:00:00,16.35789328
1,2021-11-12 05:00:00,17.24114136
1,2021-11-12 06:00:00,15.59321457
1,2021-11-12 07:00:00,16.40697732
1,2021-11-12 08:00:00,17.25281308
1,2021-11-12 09:00:00,15.65713983
1,2021-11-12 10:00:00,14.76087338
1,2021-11-12 11:00:00,14.786884900000002
1,2021-11-12 12:00:00,16.36331572
1,2021-11-12 13:00:00,19.68614543
1,2021-11-12 14:00:00,18.78962708
1,2021-11-12 15:00:00,18.00900915
1,2021-11-12 16:00:00,18.90301476
1,2021-11-12 17:00:00,17.20706251
1,2021-11-12 18:00:00,17.21274703
1,2021-11-12 19:00:00,18.02961534
1,2021-11-12 20:00:00,15.59984268
1,2021-11-12 21:00:00,14.74356201
1,2021-11-12 22:00:00,14.76965243
1,2021-11-12 23:00:00,14.80467079
1,2021-11-13 00:00:00,19.47099744
1,2021-11-13 01:00:00,20.29493605
1,2021-11-13 02:00:00,19.46450086
1,2021-11-13 03:00:00,21.08497564
1,2021-11-13 04:00:00,20.26126772
1,2021-11-13 05:00:00,21.13372838
1,2021-11-13 06:00:00,18.40714468
1,2021-11-13 07:00:00,20.18376408
1,2021-11-13 08:00:00,20.29019396
1,2021-11-13 09:00:00,19.48434803
1,2021-11-13 10:00:00,19.44198227
1,2021-11-13 11:00:00,20.29349471
1,2021-11-13 12:00:00,18.64238803
1,2021-11-13 13:00:00,18.70235271
1,2021-11-13 14:00:00,18.61697141
1,2021-11-13 15:00:00,18.64755294
1,2021-11-13 16:00:00,19.46032844
1,2021-11-13 17:00:00,19.45418736
1,2021-11-13 18:00:00,18.60839685
1,2021-11-13 19:00:00,18.68344802
1,2021-11-13 20:00:00,17.88018669
1,2021-11-13 21:00:00,18.69964595
1,2021-11-13 22:00:00,18.65510748
1,2021-11-13 23:00:00,18.66046381
1,2021-11-14 00:00:00,18.65877118
1,2021-11-14 01:00:00,18.65366948
1,2021-11-14 02:00:00,20.31988868
1,2021-11-14 03:00:00,19.48134041
1,2021-11-14 04:00:00,20.28130707
1,2021-11-14 05:00:00,22.6418066
1,2021-11-14 06:00:00,21.12314517
1,2021-11-14 07:00:00,22.70059522
1,2021-11-14 08:00:00,21.11492828
1,2021-11-14 09:00:00,20.30705004
1,2021-11-14 10:00:00,21.09085862
1,2021-11-14 11:00:00,20.33047772
1,2021-11-14 12:00:00,19.48444367
1,2021-11-14 13:00:00,20.34458648
1,2021-11-14 14:00:00,19.4971695
1,2021-11-14 15:00:00,20.35186085
1,2021-11-14 16:00:00,20.30760845
1,2021-11-14 17:00:00,19.51258208
1,2021-11-14 18:00:00,18.67951504
1,2021-11-14 19:00:00,19.519136
1,2021-11-14 20:00:00,18.68409833
1,2021-11-14 21:00:00,19.5035033
1,2021-11-14 22:00:00,18.68634052
1,2021-11-14 23:00:00,19.50480109
1,2021-11-15 00:00:00,21.88070949
1,2021-11-15 01:00:00,21.02211507
1,2021-11-15 02:00:00,21.04768597
1,2021-11-15 03:00:00,21.87265656
1,2021-11-15 04:00:00,21.08046867
1,2021-11-15 05:00:00,26.69644189
1,2021-11-15 06:00:00,31.57906259
1,2021-11-15 07:00:00,33.18528156
1,2021-11-15 08:00:00,28.26163758
1,2021-11-15 09:00:00,25.08886989
1,2021-11-15 10:00:00,29.91375225
1,2021-11-15 11:00:00,25.88015581
1,2021-11-15 12:00:00,25.11641606
1,2021-11-15 13:00:00,29.08662992
1,2021-11-15 14:00:00,29.93305108
1,2021-11-15 15:00:00,25.93714142
1,2021-11-15 16:00:00,25.85235457
1,2021-11-15 17:00:00,24.95695329
1,2021-11-15 18:00:00,21.77745795
1,2021-11-15 19:00:00,21.88882047
1,2021-11-15 20:00:00,21.04579168
1,2021-11-15 21:00:00,20.26937822
1,2021-11-15 22:00:00,21.01996613
1,2021-11-15 23:00:00,21.88679541
1,2021-11-16 00:00:00,19.28809929
1,2021-11-16 01:00:00,20.03795426
1,2021-11-16 02:00:00,19.24621447
1,2021-11-16 03:00:00,20.05445198
1,2021-11-16 04:00:00,20.78447263
1,2021-11-16 05:00:00,23.175517000000006
1,2021-11-16 06:00:00,33.09973395
1,2021-11-16 07:00:00,31.49467394
1,2021-11-16 08:00:00,29.90023251
1,2021-11-16 09:00:00,32.33677466
1,2021-11-16 10:00:00,29.10382703
1,2021-11-16 11:00:00,25.86489801
1,2021-11-16 12:00:00,29.90499787
1,2021-11-16 13:00:00,30.7406571
1,2021-11-16 14:00:00,24.33334913
1,2021-11-16 15:00:00,25.9543754
1,2021-11-16 16:00:00,32.39482822
1,2021-11-16 17:00:00,25.16452885
1,2021-11-16 18:00:00,20.2991645
1,2021-11-16 19:00:00,21.0435942
1,2021-11-16 20:00:00,20.25963129
1,2021-11-16 21:00:00,21.02502648
1,2021-11-16 22:00:00,19.4435929
1,2021-11-16 23:00:00,20.26345362
1,2021-11-17 00:00:00,19.55492617
1,2021-11-17 01:00:00,19.5090232
1,2021-11-17 02:00:00,20.35901908
1,2021-11-17 03:00:00,21.14830928
1,2021-11-17 04:00:00,20.32600639
1,2021-11-17 05:00:00,22.73601659
1,2021-11-17 06:00:00,30.17542117
1,2021-11-17 07:00:00,31.79073248
1,2021-11-17 08:00:00,25.76669101
1,2021-11-17 09:00:00,25.1364185
1,2021-11-17 10:00:00,29.89974795
1,2021-11-17 11:00:00,25.08448257
1,2021-11-17 12:00:00,22.77936649
1,2021-11-17 13:00:00,22.68337952
1,2021-11-17 14:00:00,21.83668971
1,2021-11-17 15:00:00,26.67645463
1,2021-11-17 16:00:00,23.4997565
1,2021-11-17 17:00:00,19.45336533
1,2021-11-17 18:00:00,17.89632608
1,2021-11-17 19:00:00,18.71396664
1,2021-11-17 20:00:00,16.2606207
1,2021-11-17 21:00:00,17.89457896
1,2021-11-17 22:00:00,17.92561223
1,2021-11-17 23:00:00,18.70092387
1,2021-11-18 00:00:00,16.27909653
1,2021-11-18 01:00:00,17.09832209
1,2021-11-18 02:00:00,17.11359738
1,2021-11-18 03:00:00,17.92633202
1,2021-11-18 04:00:00,17.10704963
1,2021-11-18 05:00:00,19.58864315
1,2021-11-18 06:00:00,25.17549952
1,2021-11-18 07:00:00,31.56914589
1,2021-11-18 08:00:00,23.53641526
1,2021-11-18 09:00:00,21.91559386
1,2021-11-18 10:00:00,24.32502315
1,2021-11-18 11:00:00,24.34427738
1,2021-11-18 12:00:00,22.71499475
1,2021-11-18 13:00:00,21.90780687
1,2021-11-18 14:00:00,22.76228333
1,2021-11-18 15:00:00,22.68103159
1,2021-11-18 16:00:00,12.97026869
1,2021-11-18 17:00:00,33.284775
1,2021-11-18 18:00:00,24.41906214
1,2021-11-18 19:00:00,15.50625283
1,2021-11-18 20:00:00,15.49256816
1,2021-11-18 21:00:00,16.27583796
1,2021-11-18 22:00:00,17.89916493
1,2021-11-18 23:00:00,17.90997709
1,2021-11-19 00:00:00,19.61055837
1,2021-11-19 01:00:00,17.96597253
1,2021-11-19 02:00:00,18.77984727
1,2021-11-19 03:00:00,18.76115974
1,2021-11-19 04:00:00,18.01230537
1,2021-11-19 05:00:00,18.82491809
1,2021-11-19 06:00:00,21.14117702
1,2021-11-19 07:00:00,24.43062782
1,2021-11-19 08:00:00,23.62728087
1,2021-11-19 09:00:00,22.86416007
1,2021-11-19 10:00:00,21.24591827
1,2021-11-19 11:00:00,21.24010496
1,2021-11-19 12:00:00,22.04512382
1,2021-11-19 13:00:00,21.19768103
1,2021-11-19 14:00:00,20.39153142
1,2021-11-19 15:00:00,21.21902135
1,2021-11-19 16:00:00,22.04000099
1,2021-11-19 17:00:00,21.21702768
1,2021-11-19 18:00:00,19.54729462
1,2021-11-19 19:00:00,19.58089847
1,2021-11-19 20:00:00,17.94266943
1,2021-11-19 21:00:00,17.14598981
1,2021-11-19 22:00:00,17.97305914
1,2021-11-19 23:00:00,17.97527239
1,2021-11-20 00:00:00,18.83466903
1,2021-11-20 01:00:00,19.64745071
1,2021-11-20 02:00:00,18.80922097
1,2021-11-20 03:00:00,18.84502264
1,2021-11-20 04:00:00,18.73450383
1,2021-11-20 05:00:00,18.75074285
1,2021-11-20 06:00:00,18.83474047
1,2021-11-20 07:00:00,19.6762983
1,2021-11-20 08:00:00,18.81192168
1,2021-11-20 09:00:00,18.87547347
1,2021-11-20 10:00:00,18.89879291
1,2021-11-20 11:00:00,18.14288546
1,2021-11-20 12:00:00,18.09104665
1,2021-11-20 13:00:00,18.11359755
1,2021-11-20 14:00:00,18.15481213
1,2021-11-20 15:00:00,17.30592442
1,2021-11-20 16:00:00,17.26156998
1,2021-11-20 17:00:00,16.46605218
1,2021-11-20 18:00:00,18.0767017
1,2021-11-20 19:00:00,18.83370914
1,2021-11-20 20:00:00,18.81242671
1,2021-11-20 21:00:00,18.77312867
1,2021-11-20 22:00:00,18.83726476
1,2021-11-20 23:00:00,19.64519726
1,2021-11-21 00:00:00,18.01733294
1,2021-11-21 01:00:00,18.86968666
1,2021-11-21 02:00:00,20.45499484
1,2021-11-21 03:00:00,18.84677022
1,2021-11-21 04:00:00,20.46256697
1,2021-11-21 05:00:00,22.0797669
1,2021-11-21 06:00:00,19.57110295
1,2021-11-21 07:00:00,20.39089998
1,2021-11-21 08:00:00,20.4499314
1,2021-11-21 09:00:00,19.68192714
1,2021-11-21 10:00:00,17.97283538
1,2021-11-21 11:00:00,17.1909491
1,2021-11-21 12:00:00,17.95991468
1,2021-11-21 13:00:00,18.00553944
1,2021-11-21 14:00:00,17.16168284
1,2021-11-21 15:00:00,17.95208009
1,2021-11-21 16:00:00,17.16011581
1,2021-11-21 17:00:00,18.01208632
1,2021-11-21 18:00:00,17.99064636
1,2021-11-21 19:00:00,18.00874454
1,2021-11-21 20:00:00,17.99503394
1,2021-11-21 21:00:00,18.02156317
1,2021-11-21 22:00:00,18.00523803
1,2021-11-21 23:00:00,17.99248774
1,2021-11-22 00:00:00,17.97024132
1,2021-11-22 01:00:00,18.76334039
1,2021-11-22 02:00:00,17.98424631
1,2021-11-22 03:00:00,17.163814600000002
1,2021-11-22 04:00:00,17.16330269
1,2021-11-22 05:00:00,18.78609754
1,2021-11-22 06:00:00,23.64951213
1,2021-11-22 07:00:00,17.09995747
1,2021-11-22 08:00:00,26.86135623
1,2021-11-22 09:00:00,34.06361067
1,2021-11-22 10:00:00,31.64340273
1,2021-11-22 11:00:00,31.66185993
1,2021-11-22 12:00:00,22.7793249
1,2021-11-22 13:00:00,24.42900748
1,2021-11-22 14:00:00,24.43129962
1,2021-11-22 15:00:00,22.82876237
1,2021-11-22 16:00:00,22.02245522
1,2021-11-22 17:00:00,21.22189681
1,2021-11-22 18:00:00,19.64501187
1,2021-11-22 19:00:00,17.97989893
1,2021-11-22 20:00:00,17.22823276
1,2021-11-22 21:00:00,16.35405789
1,2021-11-22 22:00:00,17.17022684
1,2021-11-22 23:00:00,17.97972869
1,2021-11-23 00:00:00,16.32495706
1,2021-11-23 01:00:00,16.32650269
1,2021-11-23 02:00:00,17.13998409
1,2021-11-23 03:00:00,17.11057779
1,2021-11-23 04:00:00,16.3487911
1,2021-11-23 05:00:00,18.78142449
1,2021-11-23 06:00:00,18.76607726
1,2021-11-23 07:00:00,22.78967603
1,2021-11-23 08:00:00,22.79992104
1,2021-11-23 09:00:00,22.79174773
1,2021-11-23 10:00:00,23.60606829
1,2021-11-23 11:00:00,25.20563442
1,2021-11-23 12:00:00,23.60548981
1,2021-11-23 13:00:00,23.56812446
1,2021-11-23 14:00:00,23.57581433
1,2021-11-23 15:00:00,23.58848564
1,2021-11-23 16:00:00,24.44139242
1,2021-11-23 17:00:00,21.95417261
1,2021-11-23 18:00:00,19.49929237
1,2021-11-23 19:00:00,18.75522721
1,2021-11-23 20:00:00,18.77403664
1,2021-11-23 21:00:00,17.89461708
1,2021-11-23 22:00:00,17.92580456
1,2021-11-23 23:00:00,17.12434578
1,2021-11-24 00:00:00,16.33289235
1,2021-11-24 01:00:00,15.54411008
1,2021-11-24 02:00:00,15.50845235
1,2021-11-24 03:00:00,17.91488725
1,2021-11-24 04:00:00,16.32908232
1,2021-11-24 05:00:00,17.91056589
1,2021-11-24 06:00:00,23.6468548
1,2021-11-24 07:00:00,23.65303604
1,2021-11-24 08:00:00,26.09170067
1,2021-11-24 09:00:00,24.47539091
1,2021-11-24 10:00:00,30.88821943
1,2021-11-24 11:00:00,24.46302652
1,2021-11-24 12:00:00,23.642937600000003
1,2021-11-24 13:00:00,25.29843587
1,2021-11-24 14:00:00,25.32911356
1,2021-11-24 15:00:00,24.55050778
1,2021-11-24 16:00:00,24.62139845
1,2021-11-24 17:00:00,22.17414165
1,2021-11-24 18:00:00,18.02925786
1,2021-11-24 19:00:00,17.15653245
1,2021-11-24 20:00:00,16.3502048
1,2021-11-24 21:00:00,15.52879869
1,2021-11-24 22:00:00,15.55077984
1,2021-11-24 23:00:00,16.39241462
1,2021-11-25 00:00:00,18.78723145
1,2021-11-25 01:00:00,17.15999871
1,2021-11-25 02:00:00,17.97298379
1,2021-11-25 03:00:00,19.58925286
1,2021-11-25 04:00:00,17.95807632
1,2021-11-25 05:00:00,21.19308233
1,2021-11-25 06:00:00,20.34011117
1,2021-11-25 07:00:00,21.055058
1,2021-11-25 08:00:00,21.10380887
1,2021-11-25 09:00:00,21.93212915
1,2021-11-25 10:00:00,21.93697643
1,2021-11-25 11:00:00,22.7978588
1,2021-11-25 12:00:00,22.81081581
1,2021-11-25 13:00:00,22.80521266
1,2021-11-25 14:00:00,20.36557794
1,2021-11-25 15:00:00,24.44891691
1,2021-11-25 16:00:00,27.6065367
1,2021-11-25 17:00:00,22.07262761
1,2021-11-25 18:00:00,18.86854175
1,2021-11-25 19:00:00,18.93128992
1,2021-11-25 20:00:00,17.22632097
1,2021-11-25 21:00:00,17.16912607
1,2021-11-25 22:00:00,17.14345536
1,2021-11-25 23:00:00,17.14577233
1,2021-11-26 00:00:00,17.90865405
1,2021-11-26 01:00:00,17.92025653
1,2021-11-26 02:00:00,17.15307512
1,2021-11-26 03:00:00,18.68231797
1,2021-11-26 04:00:00,18.73429833
1,2021-11-26 05:00:00,18.72746553
1,2021-11-26 06:00:00,21.9982574
1,2021-11-26 07:00:00,25.28855732
1,2021-11-26 08:00:00,23.62000028
1,2021-11-26 09:00:00,23.63745264
1,2021-11-26 10:00:00,23.67784166
1,2021-11-26 11:00:00,22.84573873
1,2021-11-26 12:00:00,22.03487706
1,2021-11-26 13:00:00,22.86134211
1,2021-11-26 14:00:00,22.04643631
1,2021-11-26 15:00:00,22.01284218
1,2021-11-26 16:00:00,22.00690699
1,2021-11-26 17:00:00,21.14502239
1,2021-11-26 18:00:00,19.54825882
1,2021-11-26 19:00:00,19.54036124
1,2021-11-26 20:00:00,17.11364087
1,2021-11-26 21:00:00,17.92342132
1,2021-11-26 22:00:00,17.91652046
1,2021-11-26 23:00:00,17.90904132
1,2021-11-27 00:00:00,17.95203413
1,2021-11-27 01:00:00,17.95986024
1,2021-11-27 02:00:00,18.73637199
1,2021-11-27 03:00:00,18.73851342
1,2021-11-27 04:00:00,18.74386608
1,2021-11-27 05:00:00,19.54985669
1,2021-11-27 06:00:00,19.54125765
1,2021-11-27 07:00:00,19.54336966
1,2021-11-27 08:00:00,18.70262567
1,2021-11-27 09:00:00,17.105217800000002
1,2021-11-27 10:00:00,17.10158258
1,2021-11-27 11:00:00,17.066507100000006
1,2021-11-27 12:00:00,17.08388159
1,2021-11-27 13:00:00,17.05279684
1,2021-11-27 14:00:00,20.298328
1,2021-11-27 15:00:00,17.01406431
1,2021-11-27 16:00:00,16.25333075
1,2021-11-27 17:00:00,18.69793246
1,2021-11-27 18:00:00,17.86976703
1,2021-11-27 19:00:00,16.27958731
1,2021-11-27 20:00:00,16.29782412
1,2021-11-27 21:00:00,15.49085739
1,2021-11-27 22:00:00,16.30272233
1,2021-11-27 23:00:00,17.10192218
1,2021-11-28 00:00:00,16.26256628
1,2021-11-28 01:00:00,17.88574698
1,2021-11-28 02:00:00,17.90004637
1,2021-11-28 03:00:00,17.89841316
1,2021-11-28 04:00:00,17.90163928
1,2021-11-28 05:00:00,20.31454737
1,2021-11-28 06:00:00,19.54998475
1,2021-11-28 07:00:00,20.35519543
1,2021-11-28 08:00:00,18.70505492
1,2021-11-28 09:00:00,17.91336093
1,2021-11-28 10:00:00,17.07138372
1,2021-11-28 11:00:00,17.13104409
1,2021-11-28 12:00:00,18.66102848
1,2021-11-28 13:00:00,17.88598696
1,2021-11-28 14:00:00,17.07972169
1,2021-11-28 15:00:00,20.33466895
1,2021-11-28 16:00:00,17.91010151
1,2021-11-28 17:00:00,15.50803021
1,2021-11-28 18:00:00,17.13344471
1,2021-11-28 19:00:00,18.74866003
1,2021-11-28 20:00:00,16.30500253
1,2021-11-28 21:00:00,15.48075475
1,2021-11-28 22:00:00,16.27222725
1,2021-11-28 23:00:00,16.2935864
1,2021-11-29 00:00:00,15.45477371
1,2021-11-29 01:00:00,15.45769565
1,2021-11-29 02:00:00,16.26694184
1,2021-11-29 03:00:00,15.44908426
1,2021-11-29 04:00:00,14.63611764
1,2021-11-29 05:00:00,17.114299
1,2021-11-29 06:00:00,21.89753723
1,2021-11-29 07:00:00,23.51340731
1,2021-11-29 08:00:00,21.06608995
1,2021-11-29 09:00:00,22.69468943
1,2021-11-29 10:00:00,28.35536522
1,2021-11-29 11:00:00,28.36957716
1,2021-11-29 12:00:00,25.91519314
1,2021-11-29 13:00:00,23.51203014
1,2021-11-29 14:00:00,25.14285833
1,2021-11-29 15:00:00,26.73236123
1,2021-11-29 16:00:00,26.79524366
1,2021-11-29 17:00:00,20.30478716
1,2021-11-29 18:00:00,18.71461877
1,2021-11-29 19:00:00,17.91507651
1,2021-11-29 20:00:00,17.07753459
1,2021-11-29 21:00:00,15.45687811
1,2021-11-29 22:00:00,17.08149436
1,2021-11-29 23:00:00,15.46005894
1,2021-11-30 00:00:00,17.10626337
1,2021-11-30 01:00:00,16.29032862
1,2021-11-30 02:00:00,15.45517188
1,2021-11-30 03:00:00,15.5132642
1,2021-11-30 04:00:00,16.285846300000006
1,2021-11-30 05:00:00,18.71949699
1,2021-11-30 06:00:00,19.50756295
1,2021-11-30 07:00:00,20.27931015
1,2021-11-30 08:00:00,22.72556019
1,2021-11-30 09:00:00,27.5086832
1,2021-11-30 10:00:00,26.67137719
1,2021-11-30 11:00:00,21.81218848
1,2021-11-30 12:00:00,20.19935631
1,2021-11-30 13:00:00,31.43729159
1,2021-11-30 14:00:00,30.70083911
1,2021-11-30 15:00:00,32.31474396
1,2021-11-30 16:00:00,23.47746531
1,2021-11-30 17:00:00,22.72689756
1,2021-11-30 18:00:00,21.11668317
1,2021-11-30 19:00:00,19.53157489
1,2021-11-30 20:00:00,18.70467183
1,2021-11-30 21:00:00,19.54220758
1,2021-11-30 22:00:00,17.91646789
1,2021-11-30 23:00:00,17.09671945
1,2021-12-02 00:00:00,17.34689885
1,2021-12-02 01:00:00,18.20762351
1,2021-12-02 02:00:00,19.00097704
1,2021-12-02 03:00:00,17.33015476
1,2021-12-02 04:00:00,18.0833327
1,2021-12-02 05:00:00,17.31120745
1,2021-12-02 06:00:00,25.52499992
1,2021-12-02 07:00:00,30.5082233
1,2021-12-02 08:00:00,27.15440981
1,2021-12-02 09:00:00,23.10304039
1,2021-12-02 10:00:00,24.65814352
1,2021-12-02 11:00:00,18.09184218
1,2021-12-02 12:00:00,22.15601275
1,2021-12-02 13:00:00,23.82120172
1,2021-12-02 14:00:00,22.94988484
1,2021-12-02 15:00:00,29.54760136
1,2021-12-02 16:00:00,27.14861298
1,2021-12-02 17:00:00,18.94841099
1,2021-12-02 18:00:00,18.16585211
1,2021-12-02 19:00:00,18.95487801
1,2021-12-02 20:00:00,19.82566049
1,2021-12-02 21:00:00,18.21411431
1,2021-12-02 22:00:00,18.22983137
1,2021-12-02 23:00:00,17.37515252
1,2021-12-03 00:00:00,18.61002107
1,2021-12-03 01:00:00,17.7584193
1,2021-12-03 02:00:00,18.54082759
1,2021-12-03 03:00:00,16.97384802
1,2021-12-03 04:00:00,15.3334754
1,2021-12-03 05:00:00,14.53639797
1,2021-12-03 06:00:00,19.3673579
1,2021-12-03 07:00:00,22.62336036
1,2021-12-03 08:00:00,19.37070272
1,2021-12-03 09:00:00,21.79022475
1,2021-12-03 10:00:00,24.17747974
1,2021-12-03 11:00:00,24.1699431
1,2021-12-03 12:00:00,25.74872081
1,2021-12-03 13:00:00,36.89307153
1,2021-12-03 14:00:00,36.0843445
1,2021-12-03 15:00:00,32.12994576
1,2021-12-03 16:00:00,32.07681052
1,2021-12-03 17:00:00,24.15866147
1,2021-12-03 18:00:00,23.26006866
1,2021-12-03 19:00:00,25.65605228
1,2021-12-03 20:00:00,25.70399984
1,2021-12-03 21:00:00,17.70898476
1,2021-12-03 22:00:00,16.92370608
1,2021-12-03 23:00:00,17.70888074
1,2021-12-04 00:00:00,20.69524797
1,2021-12-04 01:00:00,21.50009358
1,2021-12-04 02:00:00,20.69954143
1,2021-12-04 03:00:00,20.69656438
1,2021-12-04 04:00:00,19.93184886
1,2021-12-04 05:00:00,21.48664695
1,2021-12-04 06:00:00,21.47532426
1,2021-12-04 07:00:00,26.15804701
1,2021-12-04 08:00:00,32.55110519
1,2021-12-04 09:00:00,30.30516399
1,2021-12-04 10:00:00,28.76138967
1,2021-12-04 11:00:00,26.36587464
1,2021-12-04 12:00:00,25.53577745
1,2021-12-04 13:00:00,27.882355
1,2021-12-04 14:00:00,27.09174445
1,2021-12-04 15:00:00,26.29561154
1,2021-12-04 16:00:00,22.30833201
1,2021-12-04 17:00:00,19.19945015
1,2021-12-04 18:00:00,20.79265173
1,2021-12-04 19:00:00,20.8054754
1,2021-12-04 20:00:00,21.47898752
1,2021-12-04 21:00:00,25.4811627
1,2021-12-04 22:00:00,21.60206223
1,2021-12-04 23:00:00,18.40250094
1,2021-12-05 00:00:00,22.60702473
1,2021-12-05 01:00:00,21.8259427
1,2021-12-05 02:00:00,22.63457335
1,2021-12-05 03:00:00,24.2512647
1,2021-12-05 04:00:00,22.59430885
1,2021-12-05 05:00:00,24.24932074
1,2021-12-05 06:00:00,28.13180533
1,2021-12-05 07:00:00,34.52835574
1,2021-12-05 08:00:00,36.86199269
1,2021-12-05 09:00:00,32.91625636
1,2021-12-05 10:00:00,32.12728105
1,2021-12-05 11:00:00,32.95417275
1,2021-12-05 12:00:00,30.5349511
1,2021-12-05 13:00:00,29.70617402
1,2021-12-05 14:00:00,28.12264766
1,2021-12-05 15:00:00,26.53294328
1,2021-12-05 16:00:00,24.16540146
1,2021-12-05 17:00:00,23.32745155
1,2021-12-05 18:00:00,24.14385092
1,2021-12-05 19:00:00,22.61245732
1,2021-12-05 20:00:00,24.20639515
1,2021-12-05 21:00:00,22.52678864
1,2021-12-05 22:00:00,23.36450672
1,2021-12-05 23:00:00,23.38113292
1,2021-12-06 00:00:00,22.95774983
1,2021-12-06 01:00:00,23.00048423
1,2021-12-06 02:00:00,22.24731435
1,2021-12-06 03:00:00,22.95395927
1,2021-12-06 04:00:00,22.14931365
1,2021-12-06 05:00:00,22.85994744
1,2021-12-06 06:00:00,22.86091312
1,2021-12-06 07:00:00,24.41602254
1,2021-12-06 08:00:00,24.43318685
1,2021-12-06 09:00:00,24.41399988
1,2021-12-06 10:00:00,23.66673402
1,2021-12-06 11:00:00,23.63506556
1,2021-12-06 12:00:00,22.11330962
1,2021-12-06 13:00:00,22.05764103
1,2021-12-06 14:00:00,22.06260109
1,2021-12-06 15:00:00,21.26237941
1,2021-12-06 16:00:00,22.06257216
1,2021-12-06 17:00:00,22.07092794
1,2021-12-06 18:00:00,30.64320008
1,2021-12-06 19:00:00,21.32038814
1,2021-12-06 20:00:00,22.88782295
1,2021-12-06 21:00:00,23.84633794
1,2021-12-06 22:00:00,23.87315697
1,2021-12-06 23:00:00,22.9991982
1,2021-12-07 00:00:00,21.89658666
1,2021-12-07 01:00:00,21.94600357
1,2021-12-07 02:00:00,22.71983687
1,2021-12-07 03:00:00,22.71970781
1,2021-12-07 04:00:00,22.71582031
1,2021-12-07 05:00:00,24.32560921
1,2021-12-07 06:00:00,30.04159375
1,2021-12-07 07:00:00,38.73468155
1,2021-12-07 08:00:00,40.38080319
1,2021-12-07 09:00:00,37.98984461
1,2021-12-07 10:00:00,37.14538468
1,2021-12-07 11:00:00,34.82414875
1,2021-12-07 12:00:00,32.38880022
1,2021-12-07 13:00:00,32.38486505
1,2021-12-07 14:00:00,31.60237327
1,2021-12-07 15:00:00,25.96893239
1,2021-12-07 16:00:00,28.41795125
1,2021-12-07 17:00:00,34.04428612
1,2021-12-07 18:00:00,25.93822635
1,2021-12-07 19:00:00,21.10288652
1,2021-12-07 20:00:00,22.77751499
1,2021-12-07 21:00:00,21.97161984
1,2021-12-07 22:00:00,21.20050281
1,2021-12-07 23:00:00,21.90183735
1,2021-12-08 00:00:00,19.50570941
1,2021-12-08 01:00:00,19.68516346
1,2021-12-08 02:00:00,20.00119289
1,2021-12-08 03:00:00,21.65177929
1,2021-12-08 04:00:00,21.66168094
1,2021-12-08 05:00:00,22.50535475
1,2021-12-08 06:00:00,26.5133533
1,2021-12-08 07:00:00,34.46015447
1,2021-12-08 08:00:00,36.75939324
1,2021-12-08 09:00:00,32.79020877
1,2021-12-08 10:00:00,29.53998356
1,2021-12-08 11:00:00,24.80228973
1,2021-12-08 12:00:00,25.61776686
1,2021-12-08 13:00:00,26.39495254
1,2021-12-08 14:00:00,24.84004529
1,2021-12-08 15:00:00,23.18694258
1,2021-12-08 16:00:00,25.62291209
1,2021-12-08 17:00:00,26.39785314
1,2021-12-08 18:00:00,23.98057222
1,2021-12-08 19:00:00,20.78189596
1,2021-12-08 20:00:00,20.03986144
1,2021-12-08 21:00:00,18.42739578
1,2021-12-08 22:00:00,19.16373634
1,2021-12-08 23:00:00,19.93985584
1,2021-12-09 00:00:00,20.73703605
1,2021-12-09 01:00:00,20.69865529
1,2021-12-09 02:00:00,20.74885314
1,2021-12-09 03:00:00,20.73920776
1,2021-12-09 04:00:00,20.71216265
1,2021-12-09 05:00:00,21.55027068
1,2021-12-09 06:00:00,19.22156033
1,2021-12-09 07:00:00,20.01343164
1,2021-12-09 08:00:00,20.778313
1,2021-12-09 09:00:00,20.7481699
1,2021-12-09 10:00:00,19.95203495
1,2021-12-09 11:00:00,19.97316383
1,2021-12-09 12:00:00,18.36963573
1,2021-12-09 13:00:00,19.15318086
1,2021-12-09 14:00:00,18.32788239
1,2021-12-09 15:00:00,18.3279062
1,2021-12-09 16:00:00,18.35204448
1,2021-12-09 17:00:00,19.14478825
1,2021-12-09 18:00:00,19.90097165
1,2021-12-09 19:00:00,21.55841076
1,2021-12-09 20:00:00,20.72445296
1,2021-12-09 21:00:00,21.51914028
1,2021-12-09 22:00:00,19.93388345
1,2021-12-09 23:00:00,20.70168861
1,2021-12-10 00:00:00,18.81724814
1,2021-12-10 01:00:00,18.83800849
1,2021-12-10 02:00:00,19.62964292
1,2021-12-10 03:00:00,20.41353583
1,2021-12-10 04:00:00,21.26369774
1,2021-12-10 05:00:00,21.20250464
1,2021-12-10 06:00:00,35.63412597
1,2021-12-10 07:00:00,37.40385485
1,2021-12-10 08:00:00,32.58470163
1,2021-12-10 09:00:00,29.39750943
1,2021-12-10 10:00:00,26.08847809
1,2021-12-10 11:00:00,25.30352108
1,2021-12-10 12:00:00,20.36197759
1,2021-12-10 13:00:00,21.21633848
1,2021-12-10 14:00:00,25.2270017
1,2021-12-10 15:00:00,25.27966847
1,2021-12-10 16:00:00,19.59700136
1,2021-12-10 17:00:00,18.75977786
1,2021-12-10 18:00:00,17.98350856
1,2021-12-10 19:00:00,18.77841306
1,2021-12-10 20:00:00,18.06718459
1,2021-12-10 21:00:00,18.85747555
1,2021-12-10 22:00:00,17.98844163
1,2021-12-10 23:00:00,18.88062873
1,2021-12-11 00:00:00,18.70826775
1,2021-12-11 01:00:00,17.88510035
1,2021-12-11 02:00:00,18.56191031
1,2021-12-11 03:00:00,17.63397428
1,2021-12-11 04:00:00,18.44213484
1,2021-12-11 05:00:00,18.4096305
1,2021-12-11 06:00:00,23.24047882
1,2021-12-11 07:00:00,30.30575434
1,2021-12-11 08:00:00,26.47454596
1,2021-12-11 09:00:00,24.31698322
1,2021-12-11 10:00:00,24.47762013
1,2021-12-11 11:00:00,26.07921092
1,2021-12-11 12:00:00,25.15315704
1,2021-12-11 13:00:00,24.35474634
1,2021-12-11 14:00:00,25.10597014
1,2021-12-11 15:00:00,25.16073728
1,2021-12-11 16:00:00,24.31349754
1,2021-12-11 17:00:00,23.48649057
1,2021-12-11 18:00:00,21.18791558
1,2021-12-11 19:00:00,20.37408807
1,2021-12-11 20:00:00,18.74794012
1,2021-12-11 21:00:00,19.55747331
1,2021-12-11 22:00:00,17.92182666
1,2021-12-11 23:00:00,18.71781169
1,2021-12-12 00:00:00,13.91155313
1,2021-12-12 01:00:00,13.91653144
1,2021-12-12 02:00:00,13.12029519
1,2021-12-12 03:00:00,13.98071015
1,2021-12-12 04:00:00,13.94223196
1,2021-12-12 05:00:00,15.57168306
1,2021-12-12 06:00:00,17.19412092
1,2021-12-12 07:00:00,17.18703785
1,2021-12-12 08:00:00,17.96165784
1,2021-12-12 09:00:00,15.55172607
1,2021-12-12 10:00:00,16.35155042
1,2021-12-12 11:00:00,17.99094009
1,2021-12-12 12:00:00,18.7577672
1,2021-12-12 13:00:00,20.44071953
1,2021-12-12 14:00:00,20.39167682
1,2021-12-12 15:00:00,21.21581777
1,2021-12-12 16:00:00,19.5940342
1,2021-12-12 17:00:00,17.96206648
1,2021-12-12 18:00:00,17.94514068
1,2021-12-12 19:00:00,19.61843493
1,2021-12-12 20:00:00,17.99641657
1,2021-12-12 21:00:00,17.97289091
1,2021-12-12 22:00:00,16.34790247
1,2021-12-12 23:00:00,16.34379619
1,2021-12-13 00:00:00,16.37238872
1,2021-12-13 01:00:00,15.56201493
1,2021-12-13 02:00:00,16.41910725
1,2021-12-13 03:00:00,15.56808438
1,2021-12-13 04:00:00,15.59409115
1,2021-12-13 05:00:00,16.42831017
1,2021-12-13 06:00:00,16.39025745
1,2021-12-13 07:00:00,19.6516862
1,2021-12-13 08:00:00,25.32496603
1,2021-12-13 09:00:00,30.12210031
1,2021-12-13 10:00:00,26.78835673
1,2021-12-13 11:00:00,21.99415469
1,2021-12-13 12:00:00,25.19748548
1,2021-12-13 13:00:00,26.80179548
1,2021-12-13 14:00:00,30.84031928
1,2021-12-13 15:00:00,26.86741836
1,2021-12-13 16:00:00,21.99775744
1,2021-12-13 17:00:00,19.54852676
1,2021-12-13 18:00:00,18.78397626
1,2021-12-13 19:00:00,17.96001095
1,2021-12-13 20:00:00,16.36412359
1,2021-12-13 21:00:00,15.51893497
1,2021-12-13 22:00:00,16.36254609
1,2021-12-13 23:00:00,15.55811346
1,2021-12-14 00:00:00,15.6306929
1,2021-12-14 01:00:00,14.75454443
1,2021-12-14 02:00:00,15.57031899
1,2021-12-14 03:00:00,14.80017129
1,2021-12-14 04:00:00,14.76299928
1,2021-12-14 05:00:00,17.18175649
1,2021-12-14 06:00:00,18.89583997
1,2021-12-14 07:00:00,19.65740395
1,2021-12-14 08:00:00,21.32063632
1,2021-12-14 09:00:00,20.45306762
1,2021-12-14 10:00:00,22.04532485
1,2021-12-14 11:00:00,22.08214831
1,2021-12-14 12:00:00,26.90340948
1,2021-12-14 13:00:00,23.67030029
1,2021-12-14 14:00:00,22.07562733
1,2021-12-14 15:00:00,23.71213349
1,2021-12-14 16:00:00,22.89100679
1,2021-12-14 17:00:00,18.84021953
1,2021-12-14 18:00:00,17.99957895
1,2021-12-14 19:00:00,17.26662959
1,2021-12-14 20:00:00,16.48698256
1,2021-12-14 21:00:00,14.78247242
1,2021-12-14 22:00:00,15.58419895
1,2021-12-14 23:00:00,14.7686282
1,2021-12-15 00:00:00,15.55050665
1,2021-12-15 01:00:00,15.52121376
1,2021-12-15 02:00:00,15.55330875
1,2021-12-15 03:00:00,15.55712938
1,2021-12-15 04:00:00,16.37005894
1,2021-12-15 05:00:00,17.95424563
1,2021-12-15 06:00:00,18.82023772
1,2021-12-15 07:00:00,19.57896996
1,2021-12-15 08:00:00,20.47107522
1,2021-12-15 09:00:00,21.21122472
1,2021-12-15 10:00:00,21.21678546
1,2021-12-15 11:00:00,17.99519882
1,2021-12-15 12:00:00,23.65657571
1,2021-12-15 13:00:00,22.83365551
1,2021-12-15 14:00:00,21.23150093
1,2021-12-15 15:00:00,19.6015656
1,2021-12-15 16:00:00,16.38429661
1,2021-12-15 17:00:00,21.17461793
1,2021-12-15 18:00:00,17.14180755
1,2021-12-15 19:00:00,15.5486912
1,2021-12-15 20:00:00,15.51748791
1,2021-12-15 21:00:00,14.74145628
1,2021-12-15 22:00:00,16.32884344
1,2021-12-15 23:00:00,14.73779828
1,2021-12-16 00:00:00,15.51260237
1,2021-12-16 01:00:00,15.54871093
1,2021-12-16 02:00:00,16.36742802
1,2021-12-16 03:00:00,17.99250458
1,2021-12-16 04:00:00,17.1738969
1,2021-12-16 05:00:00,18.75020062
1,2021-12-16 06:00:00,18.80493958
1,2021-12-16 07:00:00,22.00445503
1,2021-12-16 08:00:00,20.40975004
1,2021-12-16 09:00:00,20.39301058
1,2021-12-16 10:00:00,21.16780535
1,2021-12-16 11:00:00,23.60125836
1,2021-12-16 12:00:00,21.13972855
1,2021-12-16 13:00:00,22.75737445
1,2021-12-16 14:00:00,20.39761927
1,2021-12-16 15:00:00,21.20098311
1,2021-12-16 16:00:00,19.58334688
1,2021-12-16 17:00:00,18.7910472
1,2021-12-16 18:00:00,17.156609399999994
1,2021-12-16 19:00:00,19.63863801
1,2021-12-16 20:00:00,14.70483091
1,2021-12-16 21:00:00,15.553803599999998
1,2021-12-16 22:00:00,14.69247856
1,2021-12-16 23:00:00,16.36597278
1,2021-12-17 00:00:00,16.31284699
1,2021-12-17 01:00:00,14.68706912
1,2021-12-17 02:00:00,13.84111146
1,2021-12-17 03:00:00,14.6639696
1,2021-12-17 04:00:00,14.69821507
1,2021-12-17 05:00:00,17.16429807
1,2021-12-17 06:00:00,20.42187425
1,2021-12-17 07:00:00,22.02787
1,2021-12-17 08:00:00,21.21227021
1,2021-12-17 09:00:00,19.55825313
1,2021-12-17 10:00:00,25.99496206
1,2021-12-17 11:00:00,22.71960767
1,2021-12-17 12:00:00,20.33306162
1,2021-12-17 13:00:00,20.32658372
1,2021-12-17 14:00:00,22.73776341
1,2021-12-17 15:00:00,27.62835868
1,2021-12-17 16:00:00,20.38557098
1,2021-12-17 17:00:00,20.40316165
1,2021-12-17 18:00:00,17.94081892
1,2021-12-17 19:00:00,18.71378303
1,2021-12-17 20:00:00,17.12761631
1,2021-12-17 21:00:00,14.68281874
1,2021-12-17 22:00:00,16.3737793
1,2021-12-17 23:00:00,14.70428724
1,2021-12-18 00:00:00,15.50991206
1,2021-12-18 01:00:00,14.69272242
1,2021-12-18 02:00:00,14.74875502
1,2021-12-18 03:00:00,14.68790255
1,2021-12-18 04:00:00,15.51331998
1,2021-12-18 05:00:00,15.500848
1,2021-12-18 06:00:00,15.54291483
1,2021-12-18 07:00:00,16.30978919
1,2021-12-18 08:00:00,14.7408537
1,2021-12-18 09:00:00,16.2770462
1,2021-12-18 10:00:00,17.18211115
1,2021-12-18 11:00:00,17.9048365
1,2021-12-18 12:00:00,21.2082572
1,2021-12-18 13:00:00,18.72505371
1,2021-12-18 14:00:00,18.72217663
1,2021-12-18 15:00:00,18.78214441
1,2021-12-18 16:00:00,17.10945535
1,2021-12-18 17:00:00,17.15244555
1,2021-12-18 18:00:00,17.13146901
1,2021-12-18 19:00:00,16.31351145
1,2021-12-18 20:00:00,15.50831786
1,2021-12-18 21:00:00,15.5171079
1,2021-12-18 22:00:00,15.50265718
1,2021-12-18 23:00:00,15.55512571
1,2021-12-19 00:00:00,15.50095397
1,2021-12-19 01:00:00,15.48370242
1,2021-12-19 02:00:00,16.27851971
1,2021-12-19 03:00:00,16.27086964
1,2021-12-19 04:00:00,15.45969791
1,2021-12-19 05:00:00,17.0615249
1,2021-12-19 06:00:00,15.50276315
1,2021-12-19 07:00:00,17.18145962
1,2021-12-19 08:00:00,18.71596734
1,2021-12-19 09:00:00,17.9422436
1,2021-12-19 10:00:00,17.15059866
1,2021-12-19 11:00:00,17.14909138
1,2021-12-19 12:00:00,17.15239871
1,2021-12-19 13:00:00,15.51794967
1,2021-12-19 14:00:00,20.36383152
1,2021-12-19 15:00:00,17.15207918
1,2021-12-19 16:00:00,16.33793078
1,2021-12-19 17:00:00,14.74791496
1,2021-12-19 18:00:00,13.88768323
1,2021-12-19 19:00:00,16.33097067
1,2021-12-19 20:00:00,13.87574829
1,2021-12-19 21:00:00,14.67721277
1,2021-12-19 22:00:00,14.71026187
1,2021-12-19 23:00:00,16.36533701
1,2021-12-20 00:00:00,14.688065
1,2021-12-20 01:00:00,14.65159717
1,2021-12-20 02:00:00,14.64787325
1,2021-12-20 03:00:00,14.62713346
1,2021-12-20 04:00:00,14.68800747
1,2021-12-20 05:00:00,15.4646538
1,2021-12-20 06:00:00,20.27054429
1,2021-12-20 07:00:00,22.75139976
1,2021-12-20 08:00:00,19.47621155
1,2021-12-20 09:00:00,21.09485277
1,2021-12-20 10:00:00,21.88756156
1,2021-12-20 11:00:00,22.63120641
1,2021-12-20 12:00:00,21.87595081
1,2021-12-20 13:00:00,21.82991397
1,2021-12-20 14:00:00,28.21915605
1,2021-12-20 15:00:00,24.25560902
1,2021-12-20 16:00:00,20.28626813
1,2021-12-20 17:00:00,20.26259303
1,2021-12-20 18:00:00,19.50450865
1,2021-12-20 19:00:00,18.62473989
1,2021-12-20 20:00:00,17.06561348
1,2021-12-20 21:00:00,14.65877942
1,2021-12-20 22:00:00,13.83134182
1,2021-12-20 23:00:00,14.6542022
1,2021-12-21 06:00:00,17.05799389
1,2021-12-21 07:00:00,19.52686539
1,2021-12-21 08:00:00,8.973576053
1,2021-12-21 09:00:00,11.40706743
1,2021-12-21 10:00:00,11.41404167
1,2021-12-21 11:00:00,8.941236337000001
1,2021-12-21 12:00:00,13.03697568
1,2021-12-21 13:00:00,12.99441274
1,2021-12-21 14:00:00,6.538062135
3,2021-01-02 06:00:00,0.528023302
3,2021-01-03 08:00:00,1.051112137
3,2021-01-03 09:00:00,0.5252842010000001
3,2021-01-04 06:00:00,1.5521195369999998
3,2021-01-04 07:00:00,1.5917440930000002
3,2021-01-05 01:00:00,0.514225914
3,2021-01-05 03:00:00,0.5139101220000001
3,2021-01-05 05:00:00,0.5140863929999999
3,2021-01-05 06:00:00,1.583929002
3,2021-01-05 07:00:00,2.609481188
3,2021-01-05 08:00:00,1.581194896
3,2021-01-05 09:00:00,1.028144509
3,2021-01-05 10:00:00,0.514697705
3,2021-01-05 11:00:00,0.514724008
3,2021-01-05 19:00:00,0.513879296
3,2021-01-05 20:00:00,0.5129467870000001
3,2021-01-05 21:00:00,0.512824264
3,2021-01-05 22:00:00,0.513677085
3,2021-01-05 23:00:00,0.51505056
3,2021-01-06 05:00:00,2.146617098
3,2021-01-06 06:00:00,4.293951934
3,2021-01-06 07:00:00,6.399414786
3,2021-01-06 08:00:00,5.840848431
3,2021-01-06 09:00:00,5.843383609
3,2021-01-06 10:00:00,5.328891514
3,2021-01-06 11:00:00,5.242384377
3,2021-01-06 12:00:00,5.241948398
3,2021-01-06 13:00:00,5.243083738
3,2021-01-06 14:00:00,4.726296411
3,2021-01-06 15:00:00,4.726355891
3,2021-01-06 16:00:00,4.172111427
3,2021-01-06 17:00:00,4.214800093
3,2021-01-06 18:00:00,1.073101907
3,2021-01-06 19:00:00,1.5886390730000002
3,2021-01-06 20:00:00,0.555959578
3,2021-01-06 21:00:00,0.516294755
3,2021-01-06 22:00:00,0.516442749
3,2021-01-06 23:00:00,0.556310466
3,2021-01-07 01:00:00,0.564446167
3,2021-01-07 04:00:00,1.048307487
3,2021-01-07 05:00:00,0.56451536
3,2021-01-07 06:00:00,1.616241007
3,2021-01-07 07:00:00,9.690593983
3,2021-01-07 08:00:00,9.692856891
3,2021-01-07 09:00:00,8.571536594
3,2021-01-07 10:00:00,8.056912508
3,2021-01-07 11:00:00,7.493948627000001
3,2021-01-07 12:00:00,6.392426457000001
3,2021-01-07 13:00:00,5.821012101
3,2021-01-07 14:00:00,6.3916683160000005
3,2021-01-07 15:00:00,5.869521135
3,2021-01-07 16:00:00,5.3020884960000005
3,2021-01-07 17:00:00,4.285364787
3,2021-01-07 18:00:00,1.6155681169999998
3,2021-01-07 19:00:00,0.524883626
3,2021-01-07 22:00:00,0.524725288
3,2021-01-08 02:00:00,0.5257831789999999
3,2021-01-08 03:00:00,0.566132479
3,2021-01-08 04:00:00,1.657969897
3,2021-01-08 05:00:00,4.367252854
3,2021-01-08 06:00:00,1.095188249
3,2021-01-08 07:00:00,2.758816093
3,2021-01-08 08:00:00,2.7201859980000003
3,2021-01-08 09:00:00,2.192517838
3,2021-01-08 10:00:00,2.190182596
3,2021-01-08 11:00:00,1.6186294719999998
3,2021-01-08 12:00:00,1.577443105
3,2021-01-08 13:00:00,1.619362501
3,2021-01-08 14:00:00,1.053620904
3,2021-01-08 15:00:00,1.581381228
3,2021-01-08 16:00:00,1.580400791
3,2021-01-08 17:00:00,0.5669848439999999
3,2021-01-08 18:00:00,1.053215339
3,2021-01-08 19:00:00,0.567158273
3,2021-01-08 20:00:00,0.526548618
3,2021-01-08 23:00:00,0.5668625820000001
3,2021-01-09 01:00:00,0.524117772
3,2021-01-09 03:00:00,0.524616905
3,2021-01-09 04:00:00,0.565261641
3,2021-01-09 06:00:00,1.088027162
3,2021-01-09 08:00:00,7.494127572999999
3,2021-01-09 09:00:00,5.359369962
3,2021-01-09 10:00:00,4.755503968
3,2021-01-09 11:00:00,3.628886241000001
3,2021-01-09 12:00:00,1.048988974
3,2021-01-09 14:00:00,0.524050611
3,2021-01-09 16:00:00,1.491916289
3,2021-01-09 17:00:00,1.048039466
3,2021-01-09 18:00:00,0.5240676089999999
3,2021-01-09 19:00:00,0.52409256
3,2021-01-09 21:00:00,0.524355538
3,2021-01-10 06:00:00,1.057363002
3,2021-01-10 07:00:00,8.622410244
3,2021-01-10 08:00:00,5.896523094
3,2021-01-10 09:00:00,4.840374645
3,2021-01-10 10:00:00,4.840566407
3,2021-01-10 11:00:00,3.770096485
3,2021-01-10 12:00:00,4.246032643
3,2021-01-10 13:00:00,3.715843457
3,2021-01-10 14:00:00,3.148241943
3,2021-01-10 15:00:00,3.147056748
3,2021-01-10 16:00:00,2.620128556
3,2021-01-10 17:00:00,2.616546719
3,2021-01-10 18:00:00,1.045699745
3,2021-01-10 19:00:00,0.522672821
3,2021-01-10 20:00:00,0.5227998660000001
3,2021-01-11 05:00:00,0.567632431
3,2021-01-11 06:00:00,5.447758177000001
3,2021-01-11 07:00:00,3.769697689
3,2021-01-11 08:00:00,2.665008729
3,2021-01-11 09:00:00,1.594701575
3,2021-01-11 10:00:00,0.53073007
3,2021-01-11 21:00:00,0.52773163
3,2021-01-11 22:00:00,0.52744843
3,2021-02-03 06:00:00,1.618005365
3,2021-02-03 07:00:00,2.181716343
3,2021-02-03 08:00:00,1.050242578
3,2021-02-03 09:00:00,0.565945111
3,2021-02-03 10:00:00,0.5259526929999999
3,2021-02-05 01:00:00,0.512859508
3,2021-02-05 04:00:00,0.512891737
3,2021-02-05 06:00:00,1.068191528
3,2021-02-05 07:00:00,3.126516054
3,2021-02-05 08:00:00,1.02934769
3,2021-02-05 09:00:00,1.069312617
3,2021-02-05 10:00:00,0.514548828
3,2021-02-05 21:00:00,0.514139311
3,2021-02-05 22:00:00,0.513808652
3,2021-02-05 23:00:00,0.513101798
3,2021-02-06 05:00:00,2.658245551
3,2021-02-06 06:00:00,4.252814575
3,2021-02-06 07:00:00,5.875890912000001
3,2021-02-06 08:00:00,5.3168892130000005
3,2021-02-06 09:00:00,5.791648441
3,2021-02-06 10:00:00,5.27390462
3,2021-02-06 11:00:00,4.208774567
3,2021-02-06 12:00:00,4.173765662
3,2021-02-06 13:00:00,3.099654863
3,2021-02-06 14:00:00,2.066965755
3,2021-02-06 15:00:00,2.623257547
3,2021-02-06 16:00:00,2.06761283
3,2021-02-06 17:00:00,2.622836083
3,2021-02-06 18:00:00,0.516347673
3,2021-02-06 19:00:00,0.515729864
3,2021-02-06 21:00:00,0.515948917
3,2021-02-06 22:00:00,0.55559044
3,2021-02-06 23:00:00,0.5160665529999999
3,2021-02-07 02:00:00,0.564205506
3,2021-02-07 05:00:00,0.564206905
3,2021-02-07 06:00:00,1.612931258
3,2021-02-07 07:00:00,9.115676888
3,2021-02-07 08:00:00,9.154581222000001
3,2021-02-07 09:00:00,9.112700128
3,2021-02-07 10:00:00,8.02040927
3,2021-02-07 11:00:00,7.494723314
3,2021-02-07 12:00:00,7.495744477000001
3,2021-02-07 13:00:00,7.499860367999999
3,2021-02-07 14:00:00,6.930001872999999
3,2021-02-07 15:00:00,6.358791527
3,2021-02-07 16:00:00,6.399014155
3,2021-02-07 17:00:00,5.877808073
3,2021-02-07 18:00:00,0.563720207
3,2021-02-07 19:00:00,1.088398771
3,2021-02-07 20:00:00,0.524242841
3,2021-02-07 23:00:00,0.524791981
3,2021-02-08 01:00:00,0.564879068
3,2021-02-08 03:00:00,0.52411091
3,2021-02-08 04:00:00,1.610456263
3,2021-02-08 05:00:00,1.087430666
3,2021-02-08 06:00:00,3.275440612
3,2021-02-08 07:00:00,9.829040563
3,2021-02-08 08:00:00,9.221295867
3,2021-02-08 09:00:00,8.692803553
3,2021-02-08 10:00:00,8.045228033999999
3,2021-02-08 11:00:00,6.992871059
3,2021-02-08 12:00:00,6.909374237000001
3,2021-02-08 13:00:00,6.382906732
3,2021-02-08 14:00:00,5.8156225820000005
3,2021-02-08 15:00:00,5.814232016
3,2021-02-08 16:00:00,5.856169455
3,2021-02-08 17:00:00,5.330414682
3,2021-02-08 18:00:00,1.090995609
3,2021-02-08 19:00:00,1.090606186
3,2021-02-08 20:00:00,0.525420655
3,2021-02-08 23:00:00,0.5243270520000001
3,2021-02-09 06:00:00,1.050979374
3,2021-02-09 07:00:00,10.2259819
3,2021-02-09 08:00:00,6.426483154
3,2021-02-09 09:00:00,4.810009075
3,2021-02-09 10:00:00,2.626163435
3,2021-02-09 11:00:00,0.5258301710000001
3,2021-02-09 19:00:00,1.012745243
3,2021-02-10 05:00:00,0.563706996
3,2021-02-10 07:00:00,0.563414272
3,2021-02-10 10:00:00,1.004609022
3,2021-02-10 11:00:00,0.52313432
3,2021-02-10 12:00:00,0.523466746
3,2021-02-10 13:00:00,0.523642966
3,2021-02-10 15:00:00,0.523848608
3,2021-02-10 16:00:00,0.523706436
3,2021-02-10 17:00:00,0.523380975
3,2021-02-10 18:00:00,0.522989965
3,2021-02-10 20:00:00,0.5226211510000001
3,2021-02-10 21:00:00,0.52266336
3,2021-02-11 06:00:00,4.256184356
3,2021-02-11 07:00:00,2.147390366
3,2021-02-11 08:00:00,1.012747043
3,2021-02-23 08:00:00,1.091776614
3,2021-02-23 09:00:00,1.051113489
3,2021-02-24 06:00:00,1.620117763
3,2021-02-24 07:00:00,2.186486586
3,2021-02-24 08:00:00,1.05270872
3,2021-02-25 08:00:00,1.094561523
3,2021-02-26 06:00:00,0.524616593
3,2021-02-26 07:00:00,1.613985138
3,2021-02-26 08:00:00,1.089675543
3,2021-02-26 09:00:00,0.525242823
3,2021-03-02 07:00:00,1.622775256
3,2021-03-02 08:00:00,1.09556029
3,2021-03-03 06:00:00,2.665428761
3,2021-03-03 07:00:00,1.08998313
3,2021-03-03 08:00:00,0.5243755
3,2021-03-03 09:00:00,1.571883915
3,2021-03-03 10:00:00,1.047467246
3,2021-03-05 01:00:00,0.512115019
3,2021-03-05 03:00:00,0.5523645970000001
3,2021-03-05 05:00:00,0.513133611
3,2021-03-05 06:00:00,1.5779260919999998
3,2021-03-05 07:00:00,5.765094853
3,2021-03-05 08:00:00,4.661859524
3,2021-03-05 09:00:00,3.120142615
3,2021-03-05 10:00:00,1.5388687419999998
3,2021-03-05 11:00:00,1.025153346
3,2021-03-05 12:00:00,1.02456657
3,2021-03-05 13:00:00,0.512231927
3,2021-03-05 14:00:00,1.024435991
3,2021-03-05 15:00:00,0.512387458
3,2021-03-05 16:00:00,1.497742635
3,2021-03-05 17:00:00,1.537034185
3,2021-03-05 18:00:00,0.552024625
3,2021-03-05 19:00:00,0.512984266
3,2021-03-05 20:00:00,0.512735687
3,2021-03-05 21:00:00,0.5122951370000001
3,2021-03-05 22:00:00,0.5123480029999999
3,2021-03-05 23:00:00,1.063463823
3,2021-03-06 05:00:00,1.582071716
3,2021-03-06 06:00:00,3.133002583
3,2021-03-06 07:00:00,5.272375643
3,2021-03-06 08:00:00,5.277260926
3,2021-03-06 09:00:00,4.202110291
3,2021-03-06 10:00:00,4.20105701
3,2021-03-06 11:00:00,3.645060381
3,2021-03-06 12:00:00,3.644532849
3,2021-03-06 13:00:00,3.606329836000001
3,2021-03-06 14:00:00,3.089727918
3,2021-03-06 15:00:00,3.602963985
3,2021-03-06 16:00:00,3.088078313
3,2021-03-06 17:00:00,2.572730102
3,2021-03-06 18:00:00,0.5538239070000001
3,2021-03-06 20:00:00,0.514808167
3,2021-03-06 22:00:00,0.51405484
3,2021-03-06 23:00:00,0.553226311
3,2021-03-07 01:00:00,0.565340406
3,2021-03-07 03:00:00,0.52495978
3,2021-03-07 05:00:00,0.56515427
3,2021-03-07 06:00:00,0.524876505
3,2021-03-07 07:00:00,2.183284184
3,2021-03-07 08:00:00,1.656112083
3,2021-03-07 09:00:00,1.08960947
3,2021-03-07 10:00:00,2.7423094260000003
3,2021-03-07 11:00:00,1.089436081
3,2021-03-07 12:00:00,1.655420239
3,2021-03-07 13:00:00,1.6134705930000002
3,2021-03-07 14:00:00,1.089635921
3,2021-03-07 15:00:00,1.616221014
3,2021-03-07 16:00:00,1.090708859
3,2021-03-07 17:00:00,2.18180293
3,2021-03-07 18:00:00,1.090686834
3,2021-03-07 19:00:00,1.65523236
3,2021-03-07 21:00:00,0.524882638
3,2021-03-07 23:00:00,0.565298028
3,2021-03-08 00:00:00,0.563151162
3,2021-03-08 02:00:00,0.522713055
3,2021-03-08 03:00:00,0.562990552
3,2021-03-08 04:00:00,1.649558749
3,2021-03-08 05:00:00,3.824856416
3,2021-03-08 06:00:00,1.6526158130000002
3,2021-03-08 08:00:00,9.179032716
3,2021-03-08 09:00:00,9.707492581
3,2021-03-08 10:00:00,9.148117561
3,2021-03-08 11:00:00,8.624538302000001
3,2021-03-08 12:00:00,8.06028658
3,2021-03-08 13:00:00,7.502058137000001
3,2021-03-08 14:00:00,8.040145718
3,2021-03-08 15:00:00,7.477567661
3,2021-03-08 16:00:00,7.518646648
3,2021-03-08 17:00:00,6.509116211
3,2021-03-08 18:00:00,2.706024086
3,2021-03-08 19:00:00,1.613859581
3,2021-03-08 20:00:00,0.564391474
3,2021-03-08 22:00:00,0.522919685
3,2021-03-09 00:00:00,0.525939334
3,2021-03-09 07:00:00,3.18967363
3,2021-03-09 08:00:00,1.573250009
3,2021-03-09 10:00:00,1.050162941
3,2021-03-09 11:00:00,1.050280525
3,2021-03-09 12:00:00,0.5254625
3,2021-03-09 13:00:00,2.628706926
3,2021-03-09 14:00:00,5.298608228
3,2021-03-09 15:00:00,3.718438442
3,2021-03-09 16:00:00,4.241673691
3,2021-03-09 17:00:00,3.722451952
3,2021-03-09 18:00:00,0.527093911
3,2021-03-09 19:00:00,0.568456526
3,2021-03-10 03:00:00,0.522456731
3,2021-03-10 04:00:00,1.086566097
3,2021-03-10 05:00:00,1.649407921
3,2021-03-10 08:00:00,0.522720593
3,2021-03-10 09:00:00,1.046110821
3,2021-03-10 10:00:00,1.087335982
3,2021-03-10 11:00:00,0.523868465
3,2021-03-10 12:00:00,0.523773493
3,2021-03-10 13:00:00,0.5236387029999999
3,2021-03-10 14:00:00,0.523417155
3,2021-03-10 15:00:00,0.522936423
3,2021-03-10 16:00:00,0.522539175
3,2021-03-10 18:00:00,0.522525919
3,2021-03-10 19:00:00,0.522404645
3,2021-03-10 20:00:00,0.562714791
3,2021-03-10 23:00:00,0.5225707279999999
3,2021-03-11 04:00:00,0.529282832
3,2021-03-11 05:00:00,0.529161349
3,2021-03-11 06:00:00,1.0570679509999998
3,2021-03-11 07:00:00,0.528599941
3,2021-03-11 10:00:00,0.52854302
3,2021-03-11 11:00:00,1.057075229
3,2021-03-11 12:00:00,1.056894746
3,2021-03-11 13:00:00,0.528437652
3,2021-03-11 14:00:00,0.528597654
3,2021-03-11 15:00:00,0.5290766179999999
3,2021-03-11 17:00:00,1.058102918
3,2021-03-11 19:00:00,0.528699487
3,2021-03-11 22:00:00,0.569639682
3,2021-03-12 06:00:00,3.2294368660000004
3,2021-03-15 06:00:00,2.715753719
3,2021-03-15 07:00:00,1.094349267
3,2021-03-15 08:00:00,0.526895807
3,2021-03-15 09:00:00,1.094258794
3,2021-03-16 06:00:00,2.106517592
3,2021-03-16 07:00:00,1.093725672
3,2021-03-16 08:00:00,0.526614999
3,2021-03-18 06:00:00,0.52248766
3,2021-03-22 06:00:00,2.718760456
3,2021-03-22 07:00:00,1.095683044
3,2021-03-22 08:00:00,0.5275966320000001
3,2021-03-22 09:00:00,1.095445525
3,2021-03-23 06:00:00,2.103819713
3,2021-03-23 07:00:00,1.091356421
3,2021-03-23 08:00:00,0.525238977
3,2021-03-25 06:00:00,0.520647801
3,2021-03-29 06:00:00,2.66777586
3,2021-03-29 07:00:00,1.075192829
3,2021-03-29 08:00:00,0.517662096
3,2021-03-29 09:00:00,1.075195528
3,2021-03-30 06:00:00,2.070335452
3,2021-03-30 07:00:00,1.074622352
3,2021-03-30 08:00:00,0.517362523
3,2021-04-03 06:00:00,2.168681091
3,2021-04-03 07:00:00,2.1273102230000003
3,2021-04-03 08:00:00,1.605797374
3,2021-04-03 09:00:00,0.521813659
3,2021-04-03 10:00:00,0.521834296
3,2021-04-04 22:00:00,0.521425351
3,2021-04-05 00:00:00,0.512881861
3,2021-04-05 03:00:00,0.552710335
3,2021-04-05 04:00:00,0.513626299
3,2021-04-05 05:00:00,0.513906327
3,2021-04-05 06:00:00,2.130692104
3,2021-04-05 07:00:00,6.822405249
3,2021-04-05 08:00:00,4.734413579
3,2021-04-05 09:00:00,5.764150847000001
3,2021-04-05 10:00:00,5.689320114
3,2021-04-05 11:00:00,5.172103858
3,2021-04-05 12:00:00,4.613478247
3,2021-04-05 13:00:00,4.139207684
3,2021-04-05 14:00:00,4.098660931
3,2021-04-05 15:00:00,4.1402988910000005
3,2021-04-05 16:00:00,3.586877767
3,2021-04-05 17:00:00,3.629138779
3,2021-04-05 18:00:00,1.026552396
3,2021-04-05 19:00:00,0.5528057829999999
3,2021-04-05 20:00:00,0.512826188
3,2021-04-05 21:00:00,1.064794037
3,2021-04-05 22:00:00,1.025653623
3,2021-04-05 23:00:00,0.55241638
3,2021-04-06 06:00:00,3.717695256
3,2021-04-06 07:00:00,5.259986402
3,2021-04-06 08:00:00,5.299313879
3,2021-04-06 09:00:00,5.256219532
3,2021-04-06 10:00:00,4.702609696000001
3,2021-04-06 11:00:00,4.188858032
3,2021-04-06 12:00:00,4.193262312
3,2021-04-06 13:00:00,4.672500906000001
3,2021-04-06 14:00:00,3.64822594
3,2021-04-06 15:00:00,4.1578426
3,2021-04-06 16:00:00,3.677200749
3,2021-04-06 17:00:00,3.162430097
3,2021-04-06 18:00:00,1.067663805
3,2021-04-06 19:00:00,1.027631652
3,2021-04-06 20:00:00,0.555226396
3,2021-04-06 21:00:00,0.558089146
3,2021-04-06 23:00:00,0.5137222060000001
3,2021-04-07 01:00:00,0.526469916
3,2021-04-07 03:00:00,0.566753979
3,2021-04-07 04:00:00,1.659413916
3,2021-04-07 05:00:00,5.464243439
3,2021-04-07 07:00:00,2.746883448
3,2021-04-07 08:00:00,2.183087475
3,2021-04-07 09:00:00,1.618002646
3,2021-04-07 10:00:00,1.657165751
3,2021-04-07 11:00:00,2.142166774
3,2021-04-07 12:00:00,1.091198687
3,2021-04-07 13:00:00,1.617066645
3,2021-04-07 14:00:00,1.617973696
3,2021-04-07 15:00:00,1.619296284
3,2021-04-07 16:00:00,1.092870064
3,2021-04-07 17:00:00,1.617545362
3,2021-04-07 18:00:00,1.616982514
3,2021-04-07 19:00:00,1.61708072
3,2021-04-07 21:00:00,0.566032498
3,2021-04-07 23:00:00,0.565793235
3,2021-04-08 01:00:00,0.565810701
3,2021-04-08 02:00:00,0.525658785
3,2021-04-08 03:00:00,0.525861256
3,2021-04-08 04:00:00,1.657113125
3,2021-04-08 05:00:00,1.050046397
3,2021-04-08 06:00:00,3.826384634
3,2021-04-08 07:00:00,10.31495779
3,2021-04-08 08:00:00,10.31440501
3,2021-04-08 09:00:00,9.676381237000001
3,2021-04-08 10:00:00,8.606578755
3,2021-04-08 11:00:00,8.039305429
3,2021-04-08 12:00:00,8.524190599
3,2021-04-08 13:00:00,7.992823259
3,2021-04-08 14:00:00,7.420496175
3,2021-04-08 15:00:00,7.459333627999999
3,2021-04-08 16:00:00,6.938246801
3,2021-04-08 17:00:00,6.418284097999999
3,2021-04-08 18:00:00,1.6153771419999998
3,2021-04-08 19:00:00,1.049618167
3,2021-04-08 20:00:00,0.565079871
3,2021-04-08 21:00:00,0.524692851
3,2021-04-08 23:00:00,0.525115415
3,2021-04-09 02:00:00,0.522909132
3,2021-04-09 05:00:00,0.564768225
3,2021-04-09 07:00:00,0.566603167
3,2021-04-09 08:00:00,1.61740557
3,2021-04-09 09:00:00,1.6173647830000002
3,2021-04-09 10:00:00,1.091499796
3,2021-04-09 11:00:00,0.5256497410000001
3,2021-04-09 12:00:00,1.049268535
3,2021-04-09 13:00:00,0.523394595
3,2021-04-09 14:00:00,0.523004156
3,2021-04-09 15:00:00,1.045892392
3,2021-04-09 16:00:00,0.523271137
3,2021-04-09 17:00:00,0.523223677
3,2021-04-09 18:00:00,1.086775978
3,2021-04-09 19:00:00,0.523176945
3,2021-04-09 21:00:00,0.563528585
3,2021-04-10 04:00:00,1.085964743
3,2021-04-10 05:00:00,1.608986685
3,2021-04-10 07:00:00,8.563648356
3,2021-04-10 08:00:00,7.47914481
3,2021-04-10 09:00:00,5.8705006410000005
3,2021-04-10 10:00:00,5.791439992000001
3,2021-04-10 11:00:00,4.747239239
3,2021-04-10 12:00:00,4.750106132
3,2021-04-10 13:00:00,5.3138110560000005
3,2021-04-10 14:00:00,4.187445779
3,2021-04-10 15:00:00,4.750456708
3,2021-04-10 16:00:00,3.139626509
3,2021-04-10 17:00:00,1.5693351219999998
3,2021-04-10 18:00:00,0.563162526
3,2021-04-10 19:00:00,0.522893018
3,2021-04-10 20:00:00,0.522765246
3,2021-04-10 22:00:00,0.563839167
3,2021-04-11 03:00:00,0.530291131
3,2021-04-11 05:00:00,1.102681322
3,2021-04-11 06:00:00,8.628445943
3,2021-04-11 07:00:00,3.74441773
3,2021-04-11 08:00:00,3.17573317
3,2021-04-11 09:00:00,1.019115768
3,2021-04-11 10:00:00,1.060333892
3,2021-04-11 16:00:00,0.529456401
3,2021-04-11 18:00:00,0.530020044
3,2021-04-11 20:00:00,0.529851362
3,2021-04-11 21:00:00,0.529707943
3,2021-04-13 00:00:00,0.521875413
3,2021-04-13 04:00:00,0.5224754970000001
3,2021-04-13 06:00:00,0.561037715
3,2021-04-13 07:00:00,4.807923035
3,2021-04-13 08:00:00,3.2101923460000004
3,2021-04-13 09:00:00,3.171169617
3,2021-04-13 10:00:00,2.605886459
3,2021-04-13 11:00:00,2.602620675
3,2021-04-13 12:00:00,1.040850425
3,2021-04-13 13:00:00,1.040352228
3,2021-04-13 14:00:00,1.520031295
3,2021-04-13 15:00:00,1.04002266
3,2021-04-13 16:00:00,1.000734845
3,2021-04-13 17:00:00,0.5202376089999999
3,2021-04-13 18:00:00,0.520095125
3,2021-04-13 22:00:00,0.52138652
3,2021-04-14 00:00:00,0.519189803
3,2021-04-14 02:00:00,0.559158829
3,2021-04-14 04:00:00,0.5194409289999999
3,2021-04-14 06:00:00,0.520988388
3,2021-04-14 07:00:00,4.725269006
3,2021-04-14 08:00:00,3.160857319
3,2021-04-14 09:00:00,2.07952529
3,2021-04-14 10:00:00,1.5593484480000002
3,2021-04-14 11:00:00,4.115990121
3,2021-04-14 12:00:00,0.519523269
3,2021-04-14 15:00:00,0.519653432
3,2021-04-14 20:00:00,1.563622637
3,2021-04-14 21:00:00,1.042431413
3,2021-04-14 22:00:00,1.080455816
3,2021-04-14 23:00:00,0.519563191
3,2021-04-15 02:00:00,0.51997723
3,2021-04-15 06:00:00,2.679553922
3,2021-04-15 07:00:00,7.922945994
3,2021-04-15 08:00:00,5.75868657
3,2021-04-15 09:00:00,4.715502885
3,2021-04-15 10:00:00,4.156475171
3,2021-04-15 11:00:00,2.598026484
3,2021-04-15 12:00:00,1.038216277
3,2021-04-15 14:00:00,0.519151024
3,2021-04-15 15:00:00,0.519359213
3,2021-04-15 16:00:00,0.519273962
3,2021-04-15 18:00:00,1.55776169
3,2021-04-15 19:00:00,0.51923248
3,2021-04-15 20:00:00,0.51908615
3,2021-04-15 21:00:00,1.038182696
3,2021-04-15 22:00:00,0.519288257
3,2021-04-15 23:00:00,0.559372788
3,2021-04-16 00:00:00,0.562940562
3,2021-04-16 02:00:00,0.522704894
3,2021-04-16 04:00:00,0.564060907
3,2021-04-16 06:00:00,2.684258127
3,2021-04-16 07:00:00,6.969508957
3,2021-04-16 08:00:00,4.769195065
3,2021-04-16 09:00:00,4.250420041
3,2021-04-16 10:00:00,4.20978852
3,2021-04-16 11:00:00,3.086593864
3,2021-04-16 12:00:00,2.085219217
3,2021-04-16 13:00:00,2.044444246
3,2021-04-16 14:00:00,1.524041662
3,2021-04-16 15:00:00,1.524924784
3,2021-04-16 16:00:00,1.566173925
3,2021-04-16 17:00:00,3.092809029
3,2021-04-16 18:00:00,0.522360564
3,2021-04-16 19:00:00,1.085194534
3,2021-04-16 20:00:00,0.522383072
3,2021-04-16 21:00:00,1.085028378
3,2021-04-16 22:00:00,0.5226181879999999
3,2021-04-16 23:00:00,0.523013617
3,2021-04-17 02:00:00,0.567921349
3,2021-04-17 04:00:00,0.5270060089999999
3,2021-04-17 06:00:00,2.701790864
3,2021-04-17 07:00:00,1.65403147
3,2021-04-17 08:00:00,1.61640959
3,2021-04-17 09:00:00,1.095092809
3,2021-04-17 10:00:00,1.054740394
3,2021-04-17 15:00:00,0.526471372
3,2021-04-17 16:00:00,0.5265579220000001
3,2021-04-17 17:00:00,1.012634681
3,2021-04-17 18:00:00,0.567071895
3,2021-04-17 19:00:00,1.052512227
3,2021-04-17 20:00:00,1.052537074
3,2021-04-17 21:00:00,0.566719775
3,2021-04-17 22:00:00,1.053641801
3,2021-04-17 23:00:00,0.527357149
3,2021-04-18 01:00:00,0.526877041
3,2021-04-18 04:00:00,0.567392497
3,2021-04-18 06:00:00,2.148488151
3,2021-04-18 07:00:00,1.6207223569999998
3,2021-04-18 08:00:00,1.053096819
3,2021-04-18 09:00:00,1.052910203
3,2021-04-18 10:00:00,0.526673115
3,2021-04-18 11:00:00,1.05343512
3,2021-04-18 12:00:00,0.526867685
3,2021-04-18 13:00:00,0.5272025539999999
3,2021-04-18 14:00:00,0.527480295
3,2021-04-18 15:00:00,0.527572252
3,2021-04-18 16:00:00,0.527337136
3,2021-04-18 17:00:00,0.527431588
3,2021-04-18 18:00:00,0.527621063
3,2021-04-18 19:00:00,1.0558799490000002
3,2021-04-18 20:00:00,0.528094206
3,2021-04-18 21:00:00,1.096407153
3,2021-04-18 22:00:00,0.527811838
3,2021-04-18 23:00:00,0.527429509
3,2021-04-19 02:00:00,0.526733103
3,2021-04-19 05:00:00,0.526526525
3,2021-04-19 06:00:00,2.675758194
3,2021-04-19 07:00:00,7.988994367
3,2021-04-19 08:00:00,5.8402370239999986
3,2021-04-19 09:00:00,4.781358378999999
3,2021-04-19 10:00:00,3.687251069
3,2021-04-19 11:00:00,3.688778983
3,2021-04-19 12:00:00,2.068308584
3,2021-04-19 13:00:00,2.10867132
3,2021-04-19 14:00:00,1.5808762719999998
3,2021-04-19 15:00:00,2.065712347
3,2021-04-19 16:00:00,1.5796829680000002
3,2021-04-19 17:00:00,1.052652579
3,2021-04-19 18:00:00,0.5263879920000001
3,2021-04-19 19:00:00,0.5266498789999999
3,2021-04-19 20:00:00,0.526600808
3,2021-04-19 21:00:00,0.526394282
3,2021-04-19 22:00:00,0.526650815
3,2021-04-19 23:00:00,0.567441257
3,2021-04-20 00:00:00,0.526081765
3,2021-04-20 02:00:00,0.56708533
3,2021-04-20 05:00:00,0.526595817
3,2021-04-20 06:00:00,1.619936065
3,2021-04-20 07:00:00,7.978378903999999
3,2021-04-20 08:00:00,4.818958626000001
3,2021-04-20 09:00:00,3.685211909
3,2021-04-20 10:00:00,3.727422302
3,2021-04-20 11:00:00,3.119805866
3,2021-04-20 12:00:00,2.632279146
3,2021-04-20 13:00:00,4.288992988
3,2021-04-20 14:00:00,4.2864574860000015
3,2021-04-20 15:00:00,3.194471715
3,2021-04-20 16:00:00,3.723693528
3,2021-04-20 17:00:00,3.199514933
3,2021-04-20 18:00:00,0.52570323
3,2021-04-20 19:00:00,1.090764028
3,2021-04-20 20:00:00,0.565499336
3,2021-04-20 21:00:00,1.092123607
3,2021-04-20 22:00:00,0.526097048
3,2021-04-20 23:00:00,0.566510238
3,2021-04-21 02:00:00,0.525549155
3,2021-04-21 05:00:00,0.565588905
3,2021-04-21 06:00:00,2.752802323
3,2021-04-21 07:00:00,8.736011145
3,2021-04-21 08:00:00,7.031066535
3,2021-04-21 09:00:00,5.900755524
3,2021-04-21 10:00:00,5.334941263999999
3,2021-04-21 11:00:00,4.2012913539999985
3,2021-04-21 12:00:00,4.200795236
3,2021-04-21 13:00:00,3.636371325
3,2021-04-21 14:00:00,3.636146761
3,2021-04-21 15:00:00,3.678345938
3,2021-04-21 16:00:00,3.678466017
3,2021-04-21 17:00:00,2.6259456290000003
3,2021-04-21 18:00:00,0.524875777
3,2021-04-21 19:00:00,1.090123375
3,2021-04-21 20:00:00,0.525162407
3,2021-04-21 21:00:00,0.524979949
3,2021-04-21 22:00:00,1.090233389
3,2021-04-21 23:00:00,0.525051477
3,2021-04-22 02:00:00,0.567719985
3,2021-04-22 04:00:00,0.52905385
3,2021-04-22 05:00:00,0.57115542
3,2021-04-22 06:00:00,2.710334198
3,2021-04-22 07:00:00,7.52828039
3,2021-04-22 08:00:00,5.345616419
3,2021-04-22 09:00:00,5.83825223
3,2021-04-22 10:00:00,6.4119669120000005
3,2021-04-22 11:00:00,6.331735959
3,2021-04-22 12:00:00,4.750891811
3,2021-04-22 13:00:00,5.276907715
3,2021-04-22 14:00:00,3.698445706
3,2021-04-22 15:00:00,3.695921136
3,2021-04-22 16:00:00,3.166670169
3,2021-04-22 17:00:00,2.638884011
3,2021-04-22 18:00:00,0.528961945
3,2021-04-22 21:00:00,0.527573863
3,2021-04-22 23:00:00,0.530231404
3,2021-04-23 00:00:00,0.569216914
3,2021-04-23 02:00:00,0.5282163639999999
3,2021-04-23 05:00:00,0.528128982
3,2021-04-23 06:00:00,1.633111406
3,2021-04-23 07:00:00,7.018867317000001
3,2021-04-23 08:00:00,5.3878588889999985
3,2021-04-23 09:00:00,4.857329211000001
3,2021-04-23 10:00:00,3.224039534
3,2021-04-23 11:00:00,2.653755352
3,2021-04-23 12:00:00,3.185516022
3,2021-04-23 13:00:00,3.178948168
3,2021-04-23 14:00:00,3.182227417
3,2021-04-23 15:00:00,3.1868905360000004
3,2021-04-23 16:00:00,2.12058378
3,2021-04-23 17:00:00,2.646188816
3,2021-04-23 19:00:00,0.5288036070000001
3,2021-04-23 21:00:00,0.527995387
3,2021-04-24 01:00:00,0.520353321
3,2021-04-24 03:00:00,0.520195347
3,2021-04-24 05:00:00,0.559457039
3,2021-04-24 07:00:00,2.18939209
3,2021-04-24 08:00:00,1.053772588
3,2021-04-24 09:00:00,0.527056224
3,2021-04-24 10:00:00,0.566230502
3,2021-04-24 11:00:00,0.525055531
3,2021-04-24 12:00:00,0.524961028
3,2021-04-24 14:00:00,0.52288678
3,2021-04-24 15:00:00,0.5211981370000001
3,2021-04-24 16:00:00,0.52086098
3,2021-04-24 17:00:00,0.5217140610000001
3,2021-04-24 20:00:00,0.5219509960000001
3,2021-04-24 22:00:00,0.562713335
3,2021-04-25 01:00:00,0.516308739
3,2021-04-25 02:00:00,0.556507406
3,2021-04-25 04:00:00,0.5172186360000001
3,2021-04-25 05:00:00,0.557290859
3,2021-04-25 07:00:00,2.155074497
3,2021-04-25 08:00:00,1.035924588
3,2021-04-25 09:00:00,0.556770125
3,2021-04-25 10:00:00,0.5163779270000001
3,2021-04-25 11:00:00,0.5163371210000001
3,2021-04-25 12:00:00,0.517050525
3,2021-04-25 13:00:00,1.033570104
3,2021-04-25 14:00:00,0.516650418
3,2021-04-25 15:00:00,0.517109837
3,2021-04-25 16:00:00,0.51778727
3,2021-04-25 17:00:00,0.51875809
3,2021-04-25 19:00:00,0.5180597610000001
3,2021-04-25 21:00:00,0.5567337370000001
3,2021-04-25 23:00:00,0.516247088
3,2021-04-26 01:00:00,0.558514601
3,2021-04-26 04:00:00,0.518836167
3,2021-04-26 05:00:00,0.558861906
3,2021-04-26 06:00:00,1.591930589
3,2021-04-26 07:00:00,6.400704277999999
3,2021-04-26 08:00:00,5.286098684
3,2021-04-26 09:00:00,3.657217526
3,2021-04-26 10:00:00,3.659243778
3,2021-04-26 11:00:00,3.102450365
3,2021-04-26 12:00:00,2.586281874
3,2021-04-26 13:00:00,2.546414613
3,2021-04-26 14:00:00,2.54682305
3,2021-04-26 15:00:00,2.029417842
3,2021-04-26 16:00:00,2.068844809
3,2021-04-26 17:00:00,1.550813951
3,2021-04-26 19:00:00,0.516731354
3,2021-04-26 22:00:00,0.518182647
3,2021-04-27 01:00:00,0.556752491
3,2021-04-27 03:00:00,0.517013878
3,2021-04-27 04:00:00,0.556606437
3,2021-04-27 05:00:00,0.516738944
3,2021-04-27 06:00:00,1.5961985719999998
3,2021-04-27 07:00:00,5.864355111
3,2021-04-27 08:00:00,4.267367597
3,2021-04-27 09:00:00,3.666477659
3,2021-04-27 10:00:00,4.185187022
3,2021-04-27 11:00:00,4.146297879
3,2021-04-27 12:00:00,2.551116751
3,2021-04-27 13:00:00,1.514029041
3,2021-04-27 14:00:00,1.513497375
3,2021-04-27 15:00:00,0.995709361
3,2021-04-27 16:00:00,1.035323049
3,2021-04-27 17:00:00,1.034996393
3,2021-04-27 18:00:00,1.552179732
3,2021-04-27 19:00:00,0.516906534
3,2021-04-27 20:00:00,1.033512091
3,2021-04-27 21:00:00,0.516743258
3,2021-04-27 22:00:00,1.073391141
3,2021-04-27 23:00:00,1.033727922
3,2021-04-28 00:00:00,0.515345507
3,2021-04-28 02:00:00,0.555057614
3,2021-04-28 04:00:00,0.5153725379999999
3,2021-04-28 05:00:00,0.555314454
3,2021-04-28 06:00:00,2.6638536790000003
3,2021-04-28 07:00:00,7.434600654
3,2021-04-28 08:00:00,6.872086339
3,2021-04-28 09:00:00,5.761111497000001
3,2021-04-28 10:00:00,3.615660701
3,2021-04-28 11:00:00,3.097633482
3,2021-04-28 12:00:00,1.549755072
3,2021-04-28 13:00:00,0.993620375
3,2021-04-28 14:00:00,1.033139067
3,2021-04-28 15:00:00,0.993437637
3,2021-04-28 16:00:00,0.51628571
3,2021-04-28 17:00:00,0.515813244
3,2021-04-28 18:00:00,0.515615243
3,2021-04-28 19:00:00,0.5159750120000001
3,2021-04-28 20:00:00,1.032256408
3,2021-04-28 21:00:00,0.5156373360000001
3,2021-04-28 22:00:00,1.070549119
3,2021-04-28 23:00:00,0.515194291
3,2021-04-29 00:00:00,0.515159359
3,2021-04-29 03:00:00,0.554720385
3,2021-04-29 04:00:00,0.51555354
3,2021-04-29 06:00:00,2.657629093
3,2021-04-29 07:00:00,6.341223247
3,2021-04-29 08:00:00,5.781604735
3,2021-04-29 09:00:00,5.224249018
3,2021-04-29 10:00:00,3.087286415
3,2021-04-29 11:00:00,2.058427359
3,2021-04-29 12:00:00,1.029223972
3,2021-04-29 13:00:00,1.503106099
3,2021-04-29 14:00:00,0.988407455
3,2021-04-29 15:00:00,0.513940791
3,2021-04-29 16:00:00,0.988587194
3,2021-04-29 17:00:00,0.514041533
3,2021-04-29 19:00:00,0.514047355
3,2021-04-29 20:00:00,0.553741895
3,2021-04-29 21:00:00,0.514366578
3,2021-04-29 22:00:00,0.514750831
3,2021-04-29 23:00:00,0.514951846
3,2021-04-30 01:00:00,0.514794028
3,2021-04-30 03:00:00,0.513965899
3,2021-04-30 05:00:00,0.514680239
3,2021-04-30 06:00:00,2.654513049
3,2021-04-30 07:00:00,6.852896812000001
3,2021-04-30 08:00:00,4.711486444
3,2021-04-30 09:00:00,4.156222793
3,2021-04-30 10:00:00,2.571570378
3,2021-04-30 11:00:00,0.5147710520000001
3,2021-04-30 12:00:00,1.030972863
3,2021-04-30 18:00:00,1.031581991
3,2021-04-30 19:00:00,0.5158922570000001
3,2021-04-30 20:00:00,0.515201517
3,2021-04-30 21:00:00,0.513913708
3,2021-04-30 22:00:00,0.514531258
3,2021-04-30 23:00:00,0.55497493
3,2021-05-03 06:00:00,1.602824789
3,2021-05-03 07:00:00,1.041880506
3,2021-05-03 08:00:00,1.041415265
3,2021-05-03 09:00:00,0.520398234
3,2021-05-04 07:00:00,1.56038487
3,2021-05-04 08:00:00,0.5600638720000001
3,2021-05-05 00:00:00,0.513476642
3,2021-05-05 01:00:00,0.513050751
3,2021-05-05 03:00:00,0.553819372
3,2021-05-05 05:00:00,0.513908094
3,2021-05-05 06:00:00,3.204520172
3,2021-05-05 07:00:00,7.35255329
3,2021-05-05 08:00:00,5.2565891460000005
3,2021-05-05 09:00:00,6.29362615
3,2021-05-05 10:00:00,5.191145803
3,2021-05-05 11:00:00,4.153589453
3,2021-05-05 12:00:00,3.558093017
3,2021-05-05 13:00:00,3.048354863
3,2021-05-05 14:00:00,3.518418434
3,2021-05-05 15:00:00,3.594010095
3,2021-05-05 16:00:00,4.5799612530000005
3,2021-05-05 17:00:00,3.631385387
3,2021-05-05 18:00:00,0.5132140789999999
3,2021-05-05 19:00:00,0.51316979
3,2021-05-05 20:00:00,0.5142769079999999
3,2021-05-05 21:00:00,1.070483262
3,2021-05-05 22:00:00,0.514742461
3,2021-05-05 23:00:00,0.5538314639999999
3,2021-05-06 06:00:00,1.620349336
3,2021-05-06 07:00:00,2.173930974
3,2021-05-06 08:00:00,1.6203717969999998
3,2021-05-06 09:00:00,2.175503657
3,2021-05-06 10:00:00,2.135642645
3,2021-05-06 11:00:00,1.583190534
3,2021-05-06 12:00:00,1.584611169
3,2021-05-06 13:00:00,1.585266785
3,2021-05-06 14:00:00,1.545534686
3,2021-05-06 15:00:00,1.58501791
3,2021-05-06 16:00:00,1.069678504
3,2021-05-06 17:00:00,1.029985928
3,2021-05-06 18:00:00,1.069478881
3,2021-05-06 19:00:00,1.030785519
3,2021-05-06 20:00:00,0.555086108
3,2021-05-06 21:00:00,0.515894336
3,2021-05-06 22:00:00,0.515646017
3,2021-05-06 23:00:00,0.5545030670000001
3,2021-05-07 02:00:00,0.526402028
3,2021-05-07 04:00:00,1.66000936
3,2021-05-07 05:00:00,3.804889207
3,2021-05-07 06:00:00,4.372560753
3,2021-05-07 07:00:00,10.31831525
3,2021-05-07 09:00:00,10.3252132
3,2021-05-07 10:00:00,9.724429147999999
3,2021-05-07 11:00:00,9.718988767
3,2021-05-07 12:00:00,9.149862629
3,2021-05-07 13:00:00,8.584447225
3,2021-05-07 14:00:00,9.109816461
3,2021-05-07 15:00:00,8.585919698
3,2021-05-07 16:00:00,8.059236035
3,2021-05-07 17:00:00,7.004967931
3,2021-05-07 18:00:00,1.619261896
3,2021-05-07 19:00:00,1.619636488
3,2021-05-07 22:00:00,0.567123453
3,2021-05-08 00:00:00,0.524278397
3,2021-05-08 02:00:00,0.565226317
3,2021-05-08 03:00:00,0.524889032
3,2021-05-08 04:00:00,1.607550695
3,2021-05-08 05:00:00,1.078437985
3,2021-05-08 06:00:00,2.176591333
3,2021-05-08 08:00:00,9.705911197
3,2021-05-08 09:00:00,8.621923258999999
3,2021-05-08 10:00:00,8.028341089
3,2021-05-08 11:00:00,7.460151787999999
3,2021-05-08 12:00:00,6.375106724
3,2021-05-08 13:00:00,6.378917014
3,2021-05-08 14:00:00,6.343993929
3,2021-05-08 15:00:00,5.86016545
3,2021-05-08 16:00:00,5.290256948
3,2021-05-08 17:00:00,4.799578717
3,2021-05-08 18:00:00,1.613972982
3,2021-05-08 19:00:00,1.047252975
3,2021-05-08 20:00:00,0.5225425020000001
3,2021-05-08 22:00:00,0.563256014
3,2021-05-09 01:00:00,0.5645069070000001
3,2021-05-09 03:00:00,0.522691483
3,2021-05-09 04:00:00,1.606923709
3,2021-05-09 05:00:00,4.905627821
3,2021-05-09 08:00:00,2.180934474
3,2021-05-09 09:00:00,1.657117552
3,2021-05-09 10:00:00,1.576107265
3,2021-05-09 11:00:00,0.525443371
3,2021-05-09 12:00:00,1.091568137
3,2021-05-09 13:00:00,1.05042961
3,2021-05-09 14:00:00,1.048661174
3,2021-05-09 15:00:00,1.046853959
3,2021-05-09 16:00:00,1.046409303
3,2021-05-09 17:00:00,1.08656275
3,2021-05-09 18:00:00,0.523120284
3,2021-05-09 19:00:00,1.086528202
3,2021-05-09 22:00:00,0.523520652
3,2021-05-10 03:00:00,0.525824349
3,2021-05-10 04:00:00,1.1320866040000002
3,2021-05-10 05:00:00,1.091034367
3,2021-05-10 06:00:00,10.25785806
3,2021-05-10 07:00:00,8.57174811
3,2021-05-10 08:00:00,6.960192139
3,2021-05-10 09:00:00,6.400701523
3,2021-05-10 10:00:00,5.835691428
3,2021-05-10 11:00:00,5.230880033
3,2021-05-10 12:00:00,4.191899202
3,2021-05-10 13:00:00,3.628046288
3,2021-05-10 14:00:00,3.1028617960000004
3,2021-05-10 15:00:00,2.579405075
3,2021-05-10 16:00:00,1.5316987830000002
3,2021-05-10 17:00:00,1.048136673
3,2021-05-10 18:00:00,0.523836028
3,2021-05-10 19:00:00,0.523799484
3,2021-05-10 20:00:00,0.56471342
3,2021-05-10 23:00:00,0.5252200029999999
3,2021-05-11 03:00:00,0.5336618679999999
3,2021-05-11 06:00:00,7.514572687
3,2021-05-11 07:00:00,2.6971414910000004
3,2021-05-11 08:00:00,1.022497813
3,2021-05-11 22:00:00,0.5344121279999999
3,2021-05-13 00:00:00,0.527357877
3,2021-05-13 02:00:00,0.5677221689999999
3,2021-05-13 03:00:00,0.567819855
3,2021-05-13 04:00:00,0.527463817
3,2021-05-13 05:00:00,0.568095785
3,2021-05-13 06:00:00,3.257489042
3,2021-05-13 07:00:00,7.592923578
3,2021-05-13 08:00:00,6.990202926
3,2021-05-13 09:00:00,5.86555297
3,2021-05-13 10:00:00,5.339178073
3,2021-05-13 11:00:00,4.770309328
3,2021-05-13 12:00:00,4.2451627
3,2021-05-13 13:00:00,4.733180316
3,2021-05-13 14:00:00,5.826972818
3,2021-05-13 15:00:00,5.868883352999999
3,2021-05-13 16:00:00,5.346141071
3,2021-05-13 17:00:00,4.823292554
3,2021-05-13 18:00:00,1.094378633
3,2021-05-13 19:00:00,1.0540198159999998
3,2021-05-13 20:00:00,0.5675599920000001
3,2021-05-13 21:00:00,1.053945481
3,2021-05-13 22:00:00,1.094564546
3,2021-05-13 23:00:00,0.567438737
3,2021-05-14 01:00:00,0.528022054
3,2021-05-14 03:00:00,0.56840939
3,2021-05-14 06:00:00,3.330302272
3,2021-05-14 07:00:00,9.261223271
3,2021-05-14 08:00:00,9.785865044
3,2021-05-14 09:00:00,8.64982599
3,2021-05-14 10:00:00,6.984567094
3,2021-05-14 11:00:00,6.992809959
3,2021-05-14 12:00:00,6.3847139870000005
3,2021-05-14 13:00:00,5.890638104
3,2021-05-14 14:00:00,5.846008877
3,2021-05-14 15:00:00,5.888366439
3,2021-05-14 16:00:00,4.793321382
3,2021-05-14 17:00:00,4.835430217
3,2021-05-14 18:00:00,1.624843509
3,2021-05-14 19:00:00,0.5281177539999999
3,2021-05-14 20:00:00,0.568883324
3,2021-05-14 21:00:00,1.056153167
3,2021-05-14 22:00:00,0.568339302
3,2021-05-14 23:00:00,1.096190363
3,2021-05-15 01:00:00,0.568065052
3,2021-05-15 03:00:00,0.568322172
3,2021-05-15 05:00:00,0.526759042
3,2021-05-15 06:00:00,2.193170152
3,2021-05-15 07:00:00,3.250696594
3,2021-05-15 08:00:00,2.193676715
3,2021-05-15 09:00:00,1.665903311
3,2021-05-15 10:00:00,1.095440775
3,2021-05-15 11:00:00,1.581294522
3,2021-05-15 12:00:00,1.621873324
3,2021-05-15 13:00:00,1.055264583
3,2021-05-15 14:00:00,1.622468321
3,2021-05-15 15:00:00,1.054530282
3,2021-05-15 16:00:00,1.62273351
3,2021-05-15 17:00:00,1.095004064
3,2021-05-15 18:00:00,1.054606072
3,2021-05-15 19:00:00,1.094598014
3,2021-05-15 20:00:00,1.094594668
3,2021-05-15 21:00:00,1.094620471
3,2021-05-15 22:00:00,0.567648834
3,2021-05-15 23:00:00,1.622928004
3,2021-05-16 00:00:00,0.52405716
3,2021-05-16 02:00:00,0.564660238
3,2021-05-16 04:00:00,0.522369661
3,2021-05-16 05:00:00,0.519114168
3,2021-05-16 06:00:00,1.658519765
3,2021-05-16 07:00:00,3.269148413
3,2021-05-16 08:00:00,2.1363294390000003
3,2021-05-16 09:00:00,1.648505409
3,2021-05-16 10:00:00,1.608197514
3,2021-05-16 11:00:00,1.045133347
3,2021-05-16 12:00:00,2.133313073
3,2021-05-16 13:00:00,1.046176631
3,2021-05-16 14:00:00,1.570565074
3,2021-05-16 15:00:00,1.609809444
3,2021-05-16 16:00:00,1.046038566
3,2021-05-16 17:00:00,1.608466542
3,2021-05-16 18:00:00,0.523551373
3,2021-05-16 19:00:00,1.088816913
3,2021-05-16 20:00:00,1.047529728
3,2021-05-16 21:00:00,1.087125778
3,2021-05-16 22:00:00,1.087171878
3,2021-05-16 23:00:00,0.5236854870000001
3,2021-05-17 00:00:00,0.514468359
3,2021-05-17 02:00:00,0.5540670320000001
3,2021-05-17 03:00:00,0.513870979
3,2021-05-17 04:00:00,0.553187068
3,2021-05-17 05:00:00,0.513772317
3,2021-05-17 06:00:00,3.760861859
3,2021-05-17 07:00:00,9.054043327999999
3,2021-05-17 08:00:00,9.517080659
3,2021-05-17 09:00:00,8.897089992
3,2021-05-17 10:00:00,8.380383286
3,2021-05-17 11:00:00,7.342222742000001
3,2021-05-17 12:00:00,6.762494461
3,2021-05-17 13:00:00,5.725152358
3,2021-05-17 14:00:00,6.276238807
3,2021-05-17 15:00:00,5.717192452000001
3,2021-05-17 16:00:00,5.247240846
3,2021-05-17 17:00:00,4.691675966
3,2021-05-17 18:00:00,1.073386606
3,2021-05-17 19:00:00,1.033518745
3,2021-05-17 20:00:00,0.5565982629999999
3,2021-05-17 21:00:00,1.033659929
3,2021-05-17 22:00:00,0.556787535
3,2021-05-17 23:00:00,1.07090367
3,2021-05-18 00:00:00,0.522063277
3,2021-05-18 02:00:00,0.56315592
3,2021-05-18 04:00:00,1.08600091
3,2021-05-18 05:00:00,0.522168593
3,2021-05-18 06:00:00,3.164134795
3,2021-05-18 07:00:00,8.471875756000001
3,2021-05-18 08:00:00,8.925631361
3,2021-05-18 09:00:00,8.398257321
3,2021-05-18 10:00:00,7.846339436
3,2021-05-18 11:00:00,6.814590526
3,2021-05-18 12:00:00,6.259829851
3,2021-05-18 13:00:00,6.263752255
3,2021-05-18 14:00:00,5.226753067
3,2021-05-18 15:00:00,5.7078028110000005
3,2021-05-18 16:00:00,5.233045206
3,2021-05-18 17:00:00,4.714800317
3,2021-05-18 18:00:00,1.597185755
3,2021-05-18 19:00:00,1.557389289
3,2021-05-18 20:00:00,0.51912103
3,2021-05-18 21:00:00,1.078550051
3,2021-05-18 22:00:00,1.079721775
3,2021-05-18 23:00:00,0.521208065
3,2021-05-19 02:00:00,0.522216833
3,2021-05-19 04:00:00,0.522282798
3,2021-05-19 05:00:00,0.562254068
3,2021-05-19 06:00:00,3.243759695
3,2021-05-19 07:00:00,9.123558284
3,2021-05-19 08:00:00,8.536116006
3,2021-05-19 09:00:00,7.985631171
3,2021-05-19 10:00:00,6.902827585
3,2021-05-19 11:00:00,5.2566595860000005
3,2021-05-19 12:00:00,5.218906443
3,2021-05-19 13:00:00,4.699392427
3,2021-05-19 14:00:00,4.186848191
3,2021-05-19 15:00:00,4.179021327
3,2021-05-19 16:00:00,4.70701869
3,2021-05-19 17:00:00,3.180380399
3,2021-05-19 18:00:00,1.047591691
3,2021-05-19 19:00:00,0.523425108
3,2021-05-19 20:00:00,0.520807802
3,2021-05-19 21:00:00,1.078230156
3,2021-05-19 22:00:00,0.519614186
3,2021-05-19 23:00:00,1.081585002
3,2021-05-20 00:00:00,0.5599692079999999
3,2021-05-20 03:00:00,0.518707355
3,2021-05-20 04:00:00,0.558029919
3,2021-05-20 05:00:00,0.517819031
3,2021-05-20 06:00:00,2.69135288
3,2021-05-20 07:00:00,9.682467974
3,2021-05-20 08:00:00,9.045422752
3,2021-05-20 09:00:00,6.919287868
3,2021-05-20 10:00:00,6.873265896
3,2021-05-20 11:00:00,6.341068084
3,2021-05-20 12:00:00,5.770684008
3,2021-05-20 13:00:00,5.759287708
3,2021-05-20 14:00:00,4.717953144
3,2021-05-20 15:00:00,3.643794845
3,2021-05-20 16:00:00,3.683487434
3,2021-05-20 17:00:00,2.640755563
3,2021-05-20 18:00:00,0.519991993
3,2021-05-20 19:00:00,0.559738679
3,2021-05-20 22:00:00,0.519290024
3,2021-05-21 02:00:00,0.517860305
3,2021-05-21 05:00:00,0.558721562
3,2021-05-21 06:00:00,1.074932098
3,2021-05-21 07:00:00,7.527875647999999
3,2021-05-21 08:00:00,6.932242531
3,2021-05-21 09:00:00,6.377123307000001
3,2021-05-21 10:00:00,4.698039657
3,2021-05-21 11:00:00,5.250166023
3,2021-05-21 12:00:00,6.763105572000001
3,2021-05-21 13:00:00,4.61800786
3,2021-05-21 14:00:00,4.617628437
3,2021-05-21 15:00:00,4.658418043999999
3,2021-05-21 16:00:00,4.182287072
3,2021-05-21 17:00:00,3.663887824
3,2021-05-21 18:00:00,1.035439593
3,2021-05-21 19:00:00,0.517696872
3,2021-05-21 20:00:00,0.557742121
3,2021-05-21 21:00:00,0.5181870129999999
3,2021-05-21 22:00:00,0.557719169
3,2021-05-21 23:00:00,1.075585167
3,2021-05-22 00:00:00,0.524105712
3,2021-05-22 03:00:00,0.56508754
3,2021-05-22 05:00:00,0.5247433260000001
3,2021-05-22 06:00:00,1.636621599
3,2021-05-22 07:00:00,3.236284652
3,2021-05-22 08:00:00,1.6372706540000002
3,2021-05-22 09:00:00,1.596128036
3,2021-05-22 10:00:00,1.076903181
3,2021-05-22 11:00:00,1.0369389690000002
3,2021-05-22 12:00:00,1.0779623
3,2021-05-22 13:00:00,1.037625031
3,2021-05-22 15:00:00,1.038254952
3,2021-05-22 16:00:00,1.078830539
3,2021-05-22 17:00:00,1.039467802
3,2021-05-22 18:00:00,0.5198679629999999
3,2021-05-22 19:00:00,0.51982383
3,2021-05-22 20:00:00,0.56013256
3,2021-05-22 21:00:00,1.079802207
3,2021-05-22 22:00:00,0.5198386970000001
3,2021-05-22 23:00:00,0.560593563
3,2021-05-23 01:00:00,0.522923739
3,2021-05-23 03:00:00,0.562434158
3,2021-05-23 05:00:00,0.521202399
3,2021-05-23 06:00:00,1.65277697
3,2021-05-23 07:00:00,2.695633522
3,2021-05-23 08:00:00,1.611273424
3,2021-05-23 09:00:00,1.6505994659999998
3,2021-05-23 10:00:00,1.044323775
3,2021-05-23 11:00:00,1.085324953
3,2021-05-23 12:00:00,1.046036278
3,2021-05-23 13:00:00,1.045850494
3,2021-05-23 15:00:00,0.521905771
3,2021-05-23 16:00:00,0.521546938
3,2021-05-23 17:00:00,1.042284408
3,2021-05-23 18:00:00,0.561278153
3,2021-05-23 19:00:00,0.521004763
3,2021-05-23 20:00:00,0.520923151
3,2021-05-23 21:00:00,1.042359158
3,2021-05-23 22:00:00,0.561370522
3,2021-05-23 23:00:00,0.521913153
3,2021-05-24 00:00:00,0.517463108
3,2021-05-24 03:00:00,0.5581644410000001
3,2021-05-24 04:00:00,0.518075823
3,2021-05-24 05:00:00,3.704211001
3,2021-05-24 06:00:00,3.245460114
3,2021-05-24 07:00:00,10.13096933
3,2021-05-24 08:00:00,10.08625146
3,2021-05-24 09:00:00,9.002884379
3,2021-05-24 10:00:00,7.884504214
3,2021-05-24 11:00:00,6.331097265
3,2021-05-24 12:00:00,5.205798599
3,2021-05-24 13:00:00,4.159992082
3,2021-05-24 14:00:00,3.640082949
3,2021-05-24 15:00:00,3.079579711
3,2021-05-24 16:00:00,2.598458716
3,2021-05-24 17:00:00,3.1173576260000004
3,2021-05-24 18:00:00,0.559678164
3,2021-05-24 19:00:00,0.519953266
3,2021-05-24 20:00:00,0.519969224
3,2021-05-24 21:00:00,0.519483658
3,2021-05-24 22:00:00,0.518105765
3,2021-05-24 23:00:00,0.517700147
3,2021-05-25 00:00:00,0.5545952120000001
3,2021-05-25 02:00:00,0.514923672
3,2021-05-25 04:00:00,0.514939838
3,2021-05-25 05:00:00,3.723397605
3,2021-05-25 06:00:00,3.660758316
3,2021-05-25 07:00:00,8.42720286
3,2021-05-25 08:00:00,7.858346399
3,2021-05-25 09:00:00,6.226980341
3,2021-05-25 10:00:00,5.70695582
3,2021-05-25 11:00:00,5.187421435
3,2021-05-25 12:00:00,5.185482773
3,2021-05-25 13:00:00,5.738343252999999
3,2021-05-25 14:00:00,5.7428315
3,2021-05-25 15:00:00,6.801112121
3,2021-05-25 16:00:00,5.774824974
3,2021-05-25 17:00:00,4.20205858
3,2021-05-25 18:00:00,1.5439925280000002
3,2021-05-25 19:00:00,1.069432457
3,2021-05-25 20:00:00,0.514762786
3,2021-05-25 21:00:00,0.514754001
3,2021-05-25 22:00:00,1.069179499
3,2021-05-25 23:00:00,0.514907869
3,2021-05-26 01:00:00,0.5544190960000001
3,2021-05-26 02:00:00,0.51471278
3,2021-05-26 04:00:00,0.554424358
3,2021-05-26 05:00:00,3.761961675
3,2021-05-26 06:00:00,4.75411613
3,2021-05-26 07:00:00,9.548335585
3,2021-05-26 08:00:00,8.951584606
3,2021-05-26 09:00:00,7.882445905
3,2021-05-26 10:00:00,6.778147822999999
3,2021-05-26 11:00:00,6.300195694
3,2021-05-26 12:00:00,6.769972027000001
3,2021-05-26 13:00:00,6.2552231360000015
3,2021-05-26 14:00:00,6.216809587
3,2021-05-26 15:00:00,6.21883294
3,2021-05-26 16:00:00,5.739984093
3,2021-05-26 17:00:00,4.708150348
3,2021-05-26 18:00:00,1.068624245
3,2021-05-26 19:00:00,1.028757587
3,2021-05-26 20:00:00,0.554027565
3,2021-05-26 21:00:00,1.068537766
3,2021-05-26 22:00:00,0.514894146
3,2021-05-26 23:00:00,1.06935645
3,2021-05-27 01:00:00,0.514077556
3,2021-05-27 03:00:00,0.553674774
3,2021-05-27 04:00:00,0.514110877
3,2021-05-27 05:00:00,3.243214229
3,2021-05-27 06:00:00,5.307042504
3,2021-05-27 07:00:00,9.032905435
3,2021-05-27 08:00:00,9.509513423
3,2021-05-27 09:00:00,8.989270900000003
3,2021-05-27 10:00:00,7.852345089
3,2021-05-27 11:00:00,6.816422964
3,2021-05-27 12:00:00,5.185945307
3,2021-05-27 13:00:00,4.670296003
3,2021-05-27 14:00:00,4.155913779
3,2021-05-27 15:00:00,4.154311606
3,2021-05-27 16:00:00,3.600658469
3,2021-05-27 17:00:00,3.67923787
3,2021-05-27 18:00:00,0.514518158
3,2021-05-27 21:00:00,0.553843668
3,2021-05-27 23:00:00,0.514315011
3,2021-05-28 06:00:00,3.715913249
3,2021-05-28 07:00:00,7.433117993
3,2021-05-28 08:00:00,6.3673532470000005
3,2021-05-28 09:00:00,5.301952242
3,2021-05-28 10:00:00,4.704701953
3,2021-05-28 11:00:00,4.193297068
3,2021-05-28 12:00:00,3.640401988
3,2021-05-28 13:00:00,3.12496376
3,2021-05-28 14:00:00,2.571861999
3,2021-05-28 15:00:00,3.123097786
3,2021-05-28 16:00:00,2.609670147
3,2021-05-28 17:00:00,2.136221112
3,2021-05-30 05:00:00,2.690689215
3,2021-05-31 05:00:00,2.145701138
3,2021-05-31 06:00:00,2.176239745
3,2021-05-31 07:00:00,3.758748732
3,2021-05-31 08:00:00,4.3157358110000015
3,2021-05-31 09:00:00,3.729573176
3,2021-05-31 10:00:00,3.68744176
3,2021-05-31 11:00:00,6.347432327000001
3,2021-05-31 12:00:00,5.232678299
3,2021-05-31 13:00:00,3.127961577
3,2021-05-31 14:00:00,4.118828795
3,2021-05-31 15:00:00,5.189603674
3,2021-05-31 16:00:00,4.196776496
3,2021-05-31 17:00:00,4.196081373
3,2021-05-31 18:00:00,1.068662895
3,2021-05-31 19:00:00,0.514846114
3,2021-05-31 20:00:00,1.069734106
3,2021-05-31 21:00:00,0.515048481
3,2021-05-31 22:00:00,0.555088067
3,2021-05-31 23:00:00,1.070853683
3,2021-06-04 04:00:00,0.520700823
3,2021-06-04 06:00:00,0.562161308
3,2021-06-04 07:00:00,3.694625567
3,2021-06-04 08:00:00,2.128056844
3,2021-06-04 09:00:00,1.567184616
3,2021-06-04 10:00:00,0.522911056
3,2021-06-05 00:00:00,0.515191588
3,2021-06-05 03:00:00,0.554306406
3,2021-06-05 05:00:00,0.513680204
3,2021-06-05 06:00:00,3.161380536
3,2021-06-05 07:00:00,8.37187873
3,2021-06-05 08:00:00,6.7599569000000015
3,2021-06-05 09:00:00,5.183329868
3,2021-06-05 10:00:00,2.058002352
3,2021-06-05 11:00:00,1.028526578
3,2021-06-05 12:00:00,0.513497227
3,2021-06-05 16:00:00,0.513082616
3,2021-06-05 17:00:00,0.51286533
3,2021-06-05 18:00:00,0.513110999
3,2021-06-05 19:00:00,0.513152688
3,2021-06-05 20:00:00,0.513338941
3,2021-06-05 21:00:00,0.514231736
3,2021-06-05 22:00:00,0.515228495
3,2021-06-05 23:00:00,0.515407782
3,2021-06-06 05:00:00,3.196730956
3,2021-06-06 06:00:00,1.0288622790000002
3,2021-06-06 07:00:00,2.138898166
3,2021-06-06 08:00:00,2.104070452
3,2021-06-06 09:00:00,1.5876581280000002
3,2021-06-06 10:00:00,1.5898405830000002
3,2021-06-06 11:00:00,1.592986549
3,2021-06-06 12:00:00,1.075979881
3,2021-06-06 13:00:00,1.075846222
3,2021-06-06 14:00:00,1.552545272
3,2021-06-06 15:00:00,0.556274302
3,2021-06-06 16:00:00,1.033679786
3,2021-06-06 17:00:00,1.034049172
3,2021-06-06 18:00:00,1.073801293
3,2021-06-06 19:00:00,1.032916687
3,2021-06-06 20:00:00,0.55644913
3,2021-06-06 22:00:00,0.517234074
3,2021-06-06 23:00:00,0.517036802
3,2021-06-07 01:00:00,0.566455601
3,2021-06-07 03:00:00,0.525910483
3,2021-06-07 04:00:00,1.092398805
3,2021-06-07 05:00:00,1.092657377
3,2021-06-07 06:00:00,3.844540914
3,2021-06-07 07:00:00,9.752268585
3,2021-06-07 08:00:00,10.27509377
3,2021-06-07 09:00:00,9.705267372
3,2021-06-07 10:00:00,9.179838604
3,2021-06-07 11:00:00,8.576329549
3,2021-06-07 12:00:00,8.579886542
3,2021-06-07 13:00:00,8.094075041
3,2021-06-07 14:00:00,8.580395168999999
3,2021-06-07 15:00:00,8.094638847999999
3,2021-06-07 16:00:00,7.527107503
3,2021-06-07 17:00:00,7.044293672999999
3,2021-06-07 18:00:00,2.713872466
3,2021-06-07 19:00:00,2.14717759
3,2021-06-07 20:00:00,0.5665096789999999
3,2021-06-07 23:00:00,0.525761138
3,2021-06-08 00:00:00,0.555918208
3,2021-06-08 02:00:00,0.519089789
3,2021-06-08 03:00:00,0.518761365
3,2021-06-08 05:00:00,0.562139755
3,2021-06-08 06:00:00,1.58961458
3,2021-06-08 08:00:00,8.972705681
3,2021-06-08 09:00:00,8.443984925
3,2021-06-08 10:00:00,7.99094466
3,2021-06-08 11:00:00,6.333693266
3,2021-06-08 12:00:00,6.887934719
3,2021-06-08 13:00:00,6.335533022000001
3,2021-06-08 14:00:00,6.389972687
3,2021-06-08 15:00:00,5.829395357999999
3,2021-06-08 16:00:00,6.399454117
3,2021-06-08 17:00:00,5.276902205
3,2021-06-08 18:00:00,1.585930398
3,2021-06-08 19:00:00,1.070508741
3,2021-06-08 20:00:00,1.03170103
3,2021-06-08 21:00:00,1.072031561
3,2021-06-08 22:00:00,1.075208592
3,2021-06-08 23:00:00,1.032272939
3,2021-06-09 03:00:00,0.56271216
3,2021-06-09 04:00:00,0.522764466
3,2021-06-09 05:00:00,1.085254669
3,2021-06-09 06:00:00,3.777211147
3,2021-06-09 07:00:00,10.24436399
3,2021-06-09 08:00:00,9.165536077
3,2021-06-09 09:00:00,8.603524686
3,2021-06-09 10:00:00,7.425767591
3,2021-06-09 11:00:00,6.8245307560000015
3,2021-06-09 12:00:00,5.181123482
3,2021-06-09 13:00:00,4.179601449
3,2021-06-09 14:00:00,4.619918079
3,2021-06-09 15:00:00,4.65865801
3,2021-06-09 16:00:00,4.697562236
3,2021-06-09 17:00:00,4.1748918580000005
3,2021-06-09 18:00:00,0.521916791
3,2021-06-09 20:00:00,0.52176885
3,2021-06-10 00:00:00,0.527358969
3,2021-06-10 03:00:00,0.567716123
3,2021-06-10 04:00:00,1.054384731
3,2021-06-10 05:00:00,1.094781336
3,2021-06-10 06:00:00,9.783583178999999
3,2021-06-10 07:00:00,8.649651613
3,2021-06-10 08:00:00,6.425008138
3,2021-06-10 09:00:00,4.28830168
3,2021-06-10 10:00:00,3.649325101
3,2021-06-10 11:00:00,2.596271251
3,2021-06-10 12:00:00,1.54169712
3,2021-06-10 13:00:00,0.527583428
3,2021-06-10 14:00:00,1.014473153
3,2021-06-10 17:00:00,0.5275101329999999
3,2021-06-10 19:00:00,0.527679647
3,2021-06-11 01:00:00,0.533119382
3,2021-06-11 07:00:00,0.532432592
3,2021-06-11 08:00:00,0.5322327720000001
3,2021-06-12 06:00:00,0.5328853060000001
3,2021-06-13 00:00:00,0.554855075
3,2021-06-13 03:00:00,0.515103634
3,2021-06-13 04:00:00,1.069711217
3,2021-06-13 05:00:00,4.754746155
3,2021-06-13 06:00:00,1.0329706440000002
3,2021-06-13 07:00:00,2.661748454
3,2021-06-13 08:00:00,1.589814192
3,2021-06-13 09:00:00,1.5890941180000002
3,2021-06-13 10:00:00,1.58809398
3,2021-06-13 11:00:00,1.548957249
3,2021-06-13 12:00:00,1.032963679
3,2021-06-13 13:00:00,1.073085065
3,2021-06-13 14:00:00,1.549010739
3,2021-06-13 15:00:00,1.032407365
3,2021-06-13 16:00:00,1.032694619
3,2021-06-13 17:00:00,1.072024975
3,2021-06-13 18:00:00,1.031729308
3,2021-06-13 19:00:00,1.071214388
3,2021-06-13 20:00:00,0.5153473789999999
3,2021-06-13 21:00:00,0.555017755
3,2021-06-13 22:00:00,0.51528999
3,2021-06-13 23:00:00,0.515101451
3,2021-06-14 02:00:00,0.515156344
3,2021-06-14 04:00:00,1.068782411
3,2021-06-14 05:00:00,0.55416763
3,2021-06-14 06:00:00,4.756537863
3,2021-06-14 07:00:00,8.960817621
3,2021-06-14 08:00:00,8.40468004
3,2021-06-14 09:00:00,7.896086278999999
3,2021-06-14 10:00:00,7.343364912
3,2021-06-14 11:00:00,6.3087883
3,2021-06-14 12:00:00,6.229040106
3,2021-06-14 13:00:00,6.270095969
3,2021-06-14 14:00:00,5.711971067
3,2021-06-14 15:00:00,5.194826694
3,2021-06-14 16:00:00,6.265271665
3,2021-06-14 17:00:00,5.272021452
3,2021-06-14 18:00:00,1.589002469
3,2021-06-14 19:00:00,1.033356353
3,2021-06-14 20:00:00,0.5558919529999999
3,2021-06-14 21:00:00,0.515660052
3,2021-06-14 22:00:00,0.555051792
3,2021-06-14 23:00:00,0.515629123
3,2021-06-15 03:00:00,0.513626922
3,2021-06-15 04:00:00,0.553093077
3,2021-06-15 05:00:00,0.513542087
3,2021-06-15 06:00:00,2.611528601
3,2021-06-15 08:00:00,9.450235111
3,2021-06-15 09:00:00,9.443163126
3,2021-06-15 10:00:00,8.886304891
3,2021-06-15 11:00:00,8.377744039
3,2021-06-15 12:00:00,7.833844742999999
3,2021-06-15 13:00:00,7.867314337000001
3,2021-06-15 14:00:00,7.313286783
3,2021-06-15 15:00:00,7.317346517000001
3,2021-06-15 16:00:00,7.356943622
3,2021-06-15 17:00:00,5.219872337
3,2021-06-15 18:00:00,2.135316381
3,2021-06-15 19:00:00,1.027851537
3,2021-06-15 20:00:00,1.0666290859999998
3,2021-06-15 21:00:00,0.5135044520000001
3,2021-06-15 22:00:00,0.553014311
3,2021-06-15 23:00:00,0.5131568989999999
3,2021-06-16 03:00:00,0.556322894
3,2021-06-16 04:00:00,1.033477991
3,2021-06-16 05:00:00,0.556265345
3,2021-06-16 06:00:00,2.647206113
3,2021-06-16 08:00:00,9.454707662999999
3,2021-06-16 09:00:00,8.390538534
3,2021-06-16 10:00:00,7.873860792999999
3,2021-06-16 11:00:00,7.325940902
3,2021-06-16 12:00:00,6.772784359
3,2021-06-16 13:00:00,6.268827977999999
3,2021-06-16 14:00:00,6.779904419
3,2021-06-16 15:00:00,6.309539159
3,2021-06-16 16:00:00,6.272453787999999
3,2021-06-16 17:00:00,5.280687432
3,2021-06-16 18:00:00,1.5481555269999998
3,2021-06-16 19:00:00,1.071747078
3,2021-06-16 20:00:00,1.071237708
3,2021-06-16 21:00:00,0.515642794
3,2021-06-16 22:00:00,0.555363493
3,2021-06-16 23:00:00,0.517072826
3,2021-06-17 00:00:00,0.555907515
3,2021-06-17 04:00:00,1.031494141
3,2021-06-17 05:00:00,1.071176817
3,2021-06-17 06:00:00,2.664130697
3,2021-06-17 08:00:00,9.541459953
3,2021-06-17 09:00:00,8.463520577999999
3,2021-06-17 10:00:00,7.910656858999999
3,2021-06-17 11:00:00,7.393238427000001
3,2021-06-17 12:00:00,7.868383156
3,2021-06-17 13:00:00,6.833189302
3,2021-06-17 14:00:00,6.839571075
3,2021-06-17 15:00:00,7.365786654
3,2021-06-17 16:00:00,6.888117964
3,2021-06-17 17:00:00,6.336380641
3,2021-06-17 18:00:00,2.11082628
3,2021-06-17 19:00:00,1.591404689
3,2021-06-17 20:00:00,0.516670119
3,2021-06-17 21:00:00,0.516082252
3,2021-06-17 22:00:00,0.555684152
3,2021-06-17 23:00:00,0.516230713
3,2021-06-18 01:00:00,0.556824202
3,2021-06-18 04:00:00,0.517048342
3,2021-06-18 06:00:00,2.658759935
3,2021-06-18 08:00:00,9.492729139
3,2021-06-18 09:00:00,7.43023906
3,2021-06-18 10:00:00,7.346879451
3,2021-06-18 11:00:00,5.798879396
3,2021-06-18 12:00:00,5.762719288
3,2021-06-18 13:00:00,5.683499394
3,2021-06-18 14:00:00,4.687601637
3,2021-06-18 15:00:00,5.202672486
3,2021-06-18 16:00:00,4.686531979
3,2021-06-18 17:00:00,4.729337013
3,2021-06-18 18:00:00,1.589321081
3,2021-06-18 19:00:00,1.0332156890000002
3,2021-06-18 20:00:00,0.5163815660000001
3,2021-06-18 21:00:00,0.556114589
3,2021-06-18 22:00:00,0.516446855
3,2021-06-18 23:00:00,0.516236015
3,2021-06-19 01:00:00,0.518121567
3,2021-06-19 04:00:00,0.559435375
3,2021-06-19 05:00:00,0.521825407
3,2021-06-19 06:00:00,1.6304668130000002
3,2021-06-19 07:00:00,2.14525266
3,2021-06-19 08:00:00,2.663428241
3,2021-06-19 09:00:00,2.147084146
3,2021-06-19 10:00:00,1.589795638
3,2021-06-19 11:00:00,1.5487800930000002
3,2021-06-19 12:00:00,1.588660346
3,2021-06-19 13:00:00,1.5484037940000002
3,2021-06-19 14:00:00,1.033874616
3,2021-06-19 15:00:00,1.037840341
3,2021-06-19 16:00:00,1.5562468230000002
3,2021-06-19 17:00:00,1.077120943
3,2021-06-19 18:00:00,1.036253219
3,2021-06-19 19:00:00,1.593933105
3,2021-06-19 20:00:00,0.55747582
3,2021-06-19 21:00:00,0.518720923
3,2021-06-19 22:00:00,1.075783712
3,2021-06-19 23:00:00,0.557539974
3,2021-06-20 00:00:00,0.563697535
3,2021-06-20 02:00:00,0.523504277
3,2021-06-20 04:00:00,1.6516290340000002
3,2021-06-20 05:00:00,4.957367411
3,2021-06-20 06:00:00,1.6533688080000002
3,2021-06-20 07:00:00,2.214433662
3,2021-06-20 08:00:00,2.73390804
3,2021-06-20 09:00:00,2.1735294990000003
3,2021-06-20 10:00:00,2.132600572
3,2021-06-20 11:00:00,1.6104903309999998
3,2021-06-20 12:00:00,1.611354356
3,2021-06-20 13:00:00,1.047140797
3,2021-06-20 14:00:00,1.570978645
3,2021-06-20 15:00:00,1.611088687
3,2021-06-20 16:00:00,1.046970919
3,2021-06-20 17:00:00,1.086777381
3,2021-06-20 18:00:00,1.61017092
3,2021-06-20 19:00:00,1.610076392
3,2021-06-20 20:00:00,0.523230955
3,2021-06-20 21:00:00,0.563533007
3,2021-06-20 22:00:00,1.086558216
3,2021-06-20 23:00:00,0.523470541
3,2021-06-21 02:00:00,0.5637607929999999
3,2021-06-21 04:00:00,1.086938678
3,2021-06-21 05:00:00,0.52346711
3,2021-06-21 06:00:00,4.915684506
3,2021-06-21 07:00:00,10.31178447
3,2021-06-21 08:00:00,10.27264505
3,2021-06-21 09:00:00,10.23330473
3,2021-06-21 10:00:00,9.106265846
3,2021-06-21 11:00:00,8.060189012999999
3,2021-06-21 12:00:00,6.89035117
3,2021-06-21 13:00:00,6.8869248160000005
3,2021-06-21 14:00:00,5.797973057
3,2021-06-21 15:00:00,6.364641849
3,2021-06-21 16:00:00,6.363478735
3,2021-06-21 17:00:00,5.353768851
3,2021-06-21 18:00:00,2.134099325
3,2021-06-21 19:00:00,1.086809338
3,2021-06-21 20:00:00,0.56353172
3,2021-06-21 21:00:00,0.5231470029999999
3,2021-06-21 22:00:00,0.563273928
3,2021-06-21 23:00:00,0.523132344
3,2021-06-22 00:00:00,0.564812114
3,2021-06-22 03:00:00,0.523920551
3,2021-06-22 04:00:00,0.525325059
3,2021-06-22 05:00:00,1.08954955
3,2021-06-22 06:00:00,3.302970182
3,2021-06-22 09:00:00,10.1940814
3,2021-06-22 10:00:00,9.107727115
3,2021-06-22 11:00:00,8.541547987000001
3,2021-06-22 12:00:00,8.016512589
3,2021-06-22 13:00:00,6.8891586810000005
3,2021-06-22 14:00:00,7.413776582000001
3,2021-06-22 15:00:00,6.891461606
3,2021-06-22 16:00:00,6.8962131
3,2021-06-22 17:00:00,5.893918051
3,2021-06-22 18:00:00,1.6124202319999998
3,2021-06-22 19:00:00,1.57126699
3,2021-06-22 20:00:00,1.088734537
3,2021-06-22 21:00:00,0.565062517
3,2021-06-22 22:00:00,0.524597984
3,2021-06-22 23:00:00,0.524295863
3,2021-06-23 03:00:00,0.526639586
3,2021-06-23 04:00:00,0.5267633039999999
3,2021-06-23 05:00:00,0.526257205
3,2021-06-23 06:00:00,2.704269017
3,2021-06-23 08:00:00,9.659855432999999
3,2021-06-23 09:00:00,8.562103272
3,2021-06-23 10:00:00,8.087095025
3,2021-06-23 11:00:00,8.068074187999999
3,2021-06-23 12:00:00,7.521283228
3,2021-06-23 13:00:00,8.026292885
3,2021-06-23 14:00:00,7.522942525
3,2021-06-23 15:00:00,7.531970857999999
3,2021-06-23 16:00:00,7.002435384
3,2021-06-23 17:00:00,6.43209966
3,2021-06-23 18:00:00,1.619227028
3,2021-06-23 19:00:00,1.615871373
3,2021-06-23 20:00:00,0.524505247
3,2021-06-23 21:00:00,0.56544481
3,2021-06-23 22:00:00,0.527167102
3,2021-06-23 23:00:00,1.095442286
3,2021-06-24 01:00:00,0.56637163
3,2021-06-24 04:00:00,1.093063858
3,2021-06-24 05:00:00,0.526232617
3,2021-06-24 06:00:00,2.709334899
3,2021-06-24 08:00:00,9.667667109
3,2021-06-24 09:00:00,8.051961487
3,2021-06-24 10:00:00,6.957832288
3,2021-06-24 11:00:00,6.958113584
3,2021-06-24 12:00:00,5.871506377
3,2021-06-24 13:00:00,6.393163749
3,2021-06-24 14:00:00,6.38560066
3,2021-06-24 15:00:00,7.486721295
3,2021-06-24 16:00:00,6.478937497
3,2021-06-24 17:00:00,5.385919931
3,2021-06-24 18:00:00,1.618886664
3,2021-06-24 19:00:00,1.052234434
3,2021-06-24 20:00:00,0.526217075
3,2021-06-24 21:00:00,0.566963684
3,2021-06-24 22:00:00,0.525856526
3,2021-06-24 23:00:00,0.525624529
3,2021-06-25 00:00:00,0.5671280439999999
3,2021-06-25 03:00:00,0.5264088889999999
3,2021-06-25 06:00:00,3.238279075
3,2021-06-25 07:00:00,10.27980539
3,2021-06-25 08:00:00,10.23908282
3,2021-06-25 09:00:00,9.143887422
3,2021-06-25 10:00:00,9.144878771
3,2021-06-25 11:00:00,8.056123941000001
3,2021-06-25 12:00:00,7.531813184
3,2021-06-25 13:00:00,7.532048207000001
3,2021-06-25 14:00:00,7.537912645
3,2021-06-25 15:00:00,6.973682524
3,2021-06-25 16:00:00,6.970602024
3,2021-06-25 17:00:00,5.390095237000001
3,2021-06-25 18:00:00,2.151009242
3,2021-06-25 19:00:00,1.095179396
3,2021-06-25 20:00:00,1.094779716
3,2021-06-25 21:00:00,0.526776716
3,2021-06-25 22:00:00,0.567347041
3,2021-06-25 23:00:00,0.52679387
3,2021-06-26 00:00:00,0.526546018
3,2021-06-26 03:00:00,0.5266973389999999
3,2021-06-26 05:00:00,0.567259431
3,2021-06-26 06:00:00,0.5670649529999999
3,2021-06-26 07:00:00,2.7539840310000003
3,2021-06-26 08:00:00,2.7551263130000003
3,2021-06-26 09:00:00,2.188136695
3,2021-06-26 10:00:00,2.147389518
3,2021-06-26 11:00:00,2.186911529
3,2021-06-26 12:00:00,2.146354251
3,2021-06-26 13:00:00,1.620475401
3,2021-06-26 14:00:00,2.110006224
3,2021-06-26 15:00:00,1.625630121
3,2021-06-26 16:00:00,1.625145486
3,2021-06-26 17:00:00,1.622567967
3,2021-06-26 18:00:00,2.190825624
3,2021-06-26 19:00:00,1.62616066
3,2021-06-26 21:00:00,0.566642801
3,2021-06-27 02:00:00,0.525619643
3,2021-06-27 04:00:00,1.61831054
3,2021-06-27 05:00:00,4.853277146
3,2021-06-27 07:00:00,2.7147632610000003
3,2021-06-27 08:00:00,1.620688129
3,2021-06-27 09:00:00,1.62088982
3,2021-06-27 10:00:00,1.093585428
3,2021-06-27 11:00:00,1.052600909
3,2021-06-27 12:00:00,1.092469845
3,2021-06-27 13:00:00,1.052001137
3,2021-06-27 14:00:00,1.051544629
3,2021-06-27 15:00:00,0.525451532
3,2021-06-27 16:00:00,1.091798314
3,2021-06-27 17:00:00,0.525702243
3,2021-06-27 18:00:00,1.091453264
3,2021-06-27 19:00:00,0.524963263
3,2021-06-27 20:00:00,0.525291843
3,2021-06-27 23:00:00,0.565506333
3,2021-06-28 02:00:00,0.5660450929999999
3,2021-06-28 04:00:00,1.656585226
3,2021-06-28 05:00:00,2.7480735860000003
3,2021-06-28 06:00:00,3.799787501
3,2021-06-28 07:00:00,10.22509771
3,2021-06-28 08:00:00,9.702190663
3,2021-06-28 09:00:00,9.095095687999999
3,2021-06-28 10:00:00,9.13106856
3,2021-06-28 11:00:00,8.567986382
3,2021-06-28 12:00:00,9.096974247
3,2021-06-28 13:00:00,8.573962741
3,2021-06-28 14:00:00,7.480265519
3,2021-06-28 15:00:00,8.005216994
3,2021-06-28 16:00:00,8.042258377000001
3,2021-06-28 17:00:00,5.892999149
3,2021-06-28 18:00:00,1.615101556
3,2021-06-28 19:00:00,1.090416386
3,2021-06-28 22:00:00,0.524898337
3,2021-06-29 00:00:00,0.566434664
3,2021-06-29 04:00:00,1.09278499
3,2021-06-29 05:00:00,0.525867754
3,2021-06-29 06:00:00,3.842233202
3,2021-06-29 09:00:00,10.27087272
3,2021-06-29 10:00:00,9.707076355
3,2021-06-29 11:00:00,9.140701006
3,2021-06-29 12:00:00,8.002825971
3,2021-06-29 13:00:00,6.912943498
3,2021-06-29 14:00:00,6.347460561
3,2021-06-29 15:00:00,6.389485501
3,2021-06-29 16:00:00,6.387988172000001
3,2021-06-29 17:00:00,5.9027783939999985
3,2021-06-29 18:00:00,2.142672009
3,2021-06-29 19:00:00,1.617507775
3,2021-06-30 00:00:00,0.530060642
3,2021-06-30 04:00:00,1.09812992
3,2021-06-30 05:00:00,0.526005559
3,2021-06-30 06:00:00,1.092204148
3,2021-06-30 08:00:00,9.710074371000001
3,2021-06-30 09:00:00,9.14142667
3,2021-06-30 10:00:00,8.571878221
3,2021-06-30 11:00:00,6.956654147
3,2021-06-30 12:00:00,6.915005738
3,2021-06-30 13:00:00,5.82579933
3,2021-06-30 14:00:00,5.26298271
3,2021-06-30 15:00:00,5.306546737
3,2021-06-30 16:00:00,5.344395572
3,2021-06-30 17:00:00,5.338627557
3,2021-06-30 18:00:00,1.051368929
3,2021-06-30 19:00:00,1.091830919
3,2021-07-04 07:00:00,1.6019262159999998
3,2021-07-04 08:00:00,2.603296704
3,2021-07-04 09:00:00,0.520493829
3,2021-07-05 01:00:00,0.513543439
3,2021-07-05 03:00:00,0.513634096
3,2021-07-05 05:00:00,0.553311178
3,2021-07-05 06:00:00,1.5803071990000002
3,2021-07-05 07:00:00,8.371687147000001
3,2021-07-05 08:00:00,5.68328915
3,2021-07-05 09:00:00,4.657117072
3,2021-07-05 10:00:00,3.078062789
3,2021-07-05 11:00:00,2.566724593
3,2021-07-05 12:00:00,1.540467976
3,2021-07-05 13:00:00,1.5011727119999998
3,2021-07-05 14:00:00,1.540545014
3,2021-07-05 15:00:00,0.987628721
3,2021-07-05 16:00:00,1.027431312
3,2021-07-05 17:00:00,1.027645999
3,2021-07-05 18:00:00,1.027463541
3,2021-07-05 20:00:00,0.51388491
3,2021-07-05 21:00:00,0.513690133
3,2021-07-05 22:00:00,1.066641394
3,2021-07-05 23:00:00,0.513935801
3,2021-07-06 05:00:00,3.1961518410000003
3,2021-07-06 06:00:00,3.672607746
3,2021-07-06 07:00:00,5.2528632260000006
3,2021-07-06 08:00:00,5.251248094
3,2021-07-06 09:00:00,5.250437603
3,2021-07-06 10:00:00,4.698145389
3,2021-07-06 11:00:00,4.65793005
3,2021-07-06 12:00:00,4.142140802
3,2021-07-06 13:00:00,2.563822944
3,2021-07-06 14:00:00,2.5633979890000003
3,2021-07-06 15:00:00,2.602845174
3,2021-07-06 16:00:00,2.050961045
3,2021-07-06 17:00:00,1.57842848
3,2021-07-06 18:00:00,1.025770583
3,2021-07-06 19:00:00,1.025496845
3,2021-07-06 20:00:00,0.5522406
3,2021-07-06 21:00:00,0.512863979
3,2021-07-06 22:00:00,0.512604484
3,2021-07-07 00:00:00,0.565893049
3,2021-07-07 03:00:00,0.56637622
3,2021-07-07 04:00:00,1.6587933869999998
3,2021-07-07 05:00:00,3.923101377
3,2021-07-07 06:00:00,4.938867813
3,2021-07-07 07:00:00,9.796321581
3,2021-07-07 08:00:00,9.75760154
3,2021-07-07 09:00:00,9.75396561
3,2021-07-07 10:00:00,8.655993264
3,2021-07-07 11:00:00,8.57498169
3,2021-07-07 12:00:00,8.047721847
3,2021-07-07 13:00:00,7.521748812999999
3,2021-07-07 14:00:00,8.043304759
3,2021-07-07 15:00:00,6.4273370110000005
3,2021-07-07 16:00:00,7.52341406
3,2021-07-07 17:00:00,5.942421319
3,2021-07-07 18:00:00,1.6162080580000002
3,2021-07-07 19:00:00,1.656535387
3,2021-07-07 21:00:00,0.5253159620000001
3,2021-07-08 01:00:00,0.518690929
3,2021-07-08 02:00:00,0.556560085
3,2021-07-08 04:00:00,0.516863961
3,2021-07-08 05:00:00,0.560015616
3,2021-07-08 06:00:00,2.694682447
3,2021-07-08 07:00:00,1.609729791
3,2021-07-08 08:00:00,2.130601247
3,2021-07-08 09:00:00,1.607578046
3,2021-07-08 10:00:00,1.612634239
3,2021-07-08 11:00:00,1.088675913
3,2021-07-08 12:00:00,1.570977709
3,2021-07-08 13:00:00,1.04546832
3,2021-07-08 14:00:00,1.604973655
3,2021-07-08 15:00:00,1.043652892
3,2021-07-08 16:00:00,1.08699212
3,2021-07-08 17:00:00,1.048016594
3,2021-07-08 18:00:00,1.047452795
3,2021-07-08 19:00:00,1.610360136
3,2021-07-08 20:00:00,1.087374309
3,2021-07-08 21:00:00,1.08882976
3,2021-07-08 22:00:00,1.048615742
3,2021-07-08 23:00:00,1.651645756
3,2021-07-09 02:00:00,0.562959539
3,2021-07-09 03:00:00,0.522726103
3,2021-07-09 04:00:00,0.5629894329999999
3,2021-07-09 05:00:00,1.085774836
3,2021-07-09 06:00:00,1.084999984
3,2021-07-09 07:00:00,9.160877348
3,2021-07-09 08:00:00,7.514770844
3,2021-07-09 09:00:00,7.998355662000001
3,2021-07-09 10:00:00,6.878045424
3,2021-07-09 11:00:00,6.30868601
3,2021-07-09 12:00:00,5.2241961560000005
3,2021-07-09 13:00:00,4.704092817
3,2021-07-09 14:00:00,4.704063344
3,2021-07-09 15:00:00,4.744862586
3,2021-07-09 16:00:00,4.704372586
3,2021-07-09 17:00:00,4.744580427
3,2021-07-09 18:00:00,1.085541851
3,2021-07-09 19:00:00,0.522864168
3,2021-07-09 20:00:00,0.523030563
3,2021-07-10 04:00:00,1.091899908
3,2021-07-10 05:00:00,1.091752322
3,2021-07-10 06:00:00,9.803512332999999
3,2021-07-10 07:00:00,7.044969259
3,2021-07-10 08:00:00,5.924825624
3,2021-07-10 09:00:00,4.827355255
3,2021-07-10 10:00:00,4.255765339
3,2021-07-10 11:00:00,3.686583357
3,2021-07-10 12:00:00,3.160089217
3,2021-07-10 13:00:00,3.120093748
3,2021-07-10 14:00:00,2.633335945
3,2021-07-10 15:00:00,2.592929544
3,2021-07-10 16:00:00,2.5927665280000003
3,2021-07-10 17:00:00,0.526655701
3,2021-07-10 18:00:00,0.528091711
3,2021-07-10 19:00:00,0.527614202
3,2021-07-10 20:00:00,0.5672846220000001
3,2021-07-11 04:00:00,0.574215671
3,2021-07-11 05:00:00,1.0662203609999998
3,2021-07-11 07:00:00,0.573338339
3,2021-07-11 17:00:00,0.533602453
3,2021-07-11 18:00:00,0.533153846
3,2021-07-13 00:00:00,0.530883001
3,2021-07-13 02:00:00,0.57205828
3,2021-07-13 04:00:00,1.10335566
3,2021-07-13 05:00:00,1.103034685
3,2021-07-13 06:00:00,1.6334164219999998
3,2021-07-13 08:00:00,9.835735977
3,2021-07-13 09:00:00,8.732808439
3,2021-07-13 10:00:00,8.691028271
3,2021-07-13 11:00:00,8.11918461
3,2021-07-13 12:00:00,8.159338352999999
3,2021-07-13 13:00:00,7.59437561
3,2021-07-13 14:00:00,7.028493277000001
3,2021-07-13 15:00:00,7.072908817
3,2021-07-13 16:00:00,7.02633507
3,2021-07-13 17:00:00,5.962568335
3,2021-07-13 18:00:00,2.20597825
3,2021-07-13 19:00:00,1.06201375
3,2021-07-13 20:00:00,0.571905396
3,2021-07-13 22:00:00,0.53169039
3,2021-07-14 01:00:00,0.57134973
3,2021-07-14 03:00:00,0.530449521
3,2021-07-14 04:00:00,0.530492615
3,2021-07-14 05:00:00,1.100426728
3,2021-07-14 06:00:00,1.633799971
3,2021-07-14 08:00:00,9.836003877000001
3,2021-07-14 09:00:00,8.735776034
3,2021-07-14 10:00:00,8.693499931
3,2021-07-14 11:00:00,8.158905701
3,2021-07-14 12:00:00,7.587996501
3,2021-07-14 13:00:00,7.6400016210000015
3,2021-07-14 14:00:00,7.607131598
3,2021-07-14 15:00:00,7.071312917999999
3,2021-07-14 16:00:00,7.021599808
3,2021-07-14 17:00:00,5.4366660410000005
3,2021-07-14 18:00:00,1.6340027819999998
3,2021-07-14 19:00:00,0.571363837
3,2021-07-14 20:00:00,0.530832942
3,2021-07-14 23:00:00,0.530502855
3,2021-07-15 03:00:00,0.572832551
3,2021-07-15 04:00:00,1.104831192
3,2021-07-15 05:00:00,0.532019905
3,2021-07-15 06:00:00,1.100138682
3,2021-07-15 08:00:00,9.261193953
3,2021-07-15 09:00:00,8.689683422
3,2021-07-15 10:00:00,7.582022733
3,2021-07-15 11:00:00,7.014546776
3,2021-07-15 12:00:00,6.49123319
3,2021-07-15 13:00:00,5.922299351
3,2021-07-15 14:00:00,5.885967327
3,2021-07-15 15:00:00,5.395619422
3,2021-07-15 16:00:00,4.825109166
3,2021-07-15 17:00:00,4.862999766000001
3,2021-07-15 18:00:00,1.103693476
3,2021-07-15 19:00:00,1.104727115
3,2021-07-15 23:00:00,0.530616436
3,2021-07-16 00:00:00,0.572490956
3,2021-07-16 03:00:00,0.5321505879999999
3,2021-07-16 06:00:00,1.104806576
3,2021-07-16 08:00:00,9.28733361
3,2021-07-16 09:00:00,8.7532667
3,2021-07-16 10:00:00,8.215653377
3,2021-07-16 11:00:00,8.202887481
3,2021-07-16 12:00:00,7.652051626
3,2021-07-16 13:00:00,7.172212373
3,2021-07-16 14:00:00,6.550963084
3,2021-07-16 15:00:00,7.083486977000001
3,2021-07-16 16:00:00,7.12073598
3,2021-07-16 17:00:00,6.049508352999999
3,2021-07-16 18:00:00,1.068092554
3,2021-07-16 19:00:00,1.10918027
3,2021-07-16 20:00:00,0.532571437
3,2021-07-17 02:00:00,0.570329758
3,2021-07-17 04:00:00,0.5315202520000001
3,2021-07-17 06:00:00,0.572979613
3,2021-07-17 07:00:00,2.208387339
3,2021-07-17 08:00:00,1.677313979
3,2021-07-17 09:00:00,1.676061938
3,2021-07-17 10:00:00,1.634633926
3,2021-07-17 11:00:00,1.678644712
3,2021-07-17 12:00:00,1.63714107
3,2021-07-17 13:00:00,1.63775574
3,2021-07-17 14:00:00,1.064071519
3,2021-07-17 15:00:00,1.676927071
3,2021-07-17 16:00:00,1.636518083
3,2021-07-17 17:00:00,1.063878041
3,2021-07-17 18:00:00,1.6788380019999998
3,2021-07-17 19:00:00,1.064638022
3,2021-07-17 21:00:00,0.572959852
3,2021-07-17 23:00:00,0.534180807
3,2021-07-18 00:00:00,0.560729541
3,2021-07-18 02:00:00,0.520442731
3,2021-07-18 04:00:00,1.602274737
3,2021-07-18 05:00:00,5.4046483310000015
3,2021-07-18 06:00:00,0.5723625920000001
3,2021-07-18 07:00:00,2.206824681
3,2021-07-18 08:00:00,1.634110745
3,2021-07-18 09:00:00,1.635174062
3,2021-07-18 10:00:00,1.63262981
3,2021-07-18 11:00:00,1.091308378
3,2021-07-18 12:00:00,1.611918643
3,2021-07-18 13:00:00,1.04624244
3,2021-07-18 14:00:00,1.087205131
3,2021-07-18 15:00:00,1.57911922
3,2021-07-18 16:00:00,1.096516519
3,2021-07-18 17:00:00,1.057445446
3,2021-07-18 18:00:00,1.096054113
3,2021-07-18 19:00:00,1.610819019
3,2021-07-18 22:00:00,0.520862539
3,2021-07-19 02:00:00,0.563765104
3,2021-07-19 03:00:00,0.523554804
3,2021-07-19 04:00:00,1.087780467
3,2021-07-19 05:00:00,3.264735744
3,2021-07-19 06:00:00,3.76798613
3,2021-07-19 07:00:00,10.20955469
3,2021-07-19 08:00:00,10.25031285
3,2021-07-19 09:00:00,9.695769496
3,2021-07-19 10:00:00,9.141290825
3,2021-07-19 11:00:00,9.103909922
3,2021-07-19 12:00:00,8.02080793
3,2021-07-19 13:00:00,8.030960627
3,2021-07-19 14:00:00,8.027479316
3,2021-07-19 15:00:00,6.943453183
3,2021-07-19 16:00:00,8.026397125
3,2021-07-19 17:00:00,5.8926599610000014
3,2021-07-19 18:00:00,1.614643473
3,2021-07-19 19:00:00,1.089962617
3,2021-07-19 20:00:00,0.5245293670000001
3,2021-07-19 23:00:00,0.5239275170000001
3,2021-07-20 01:00:00,0.569032849
3,2021-07-20 03:00:00,0.529228614
3,2021-07-20 04:00:00,1.6660779119999998
3,2021-07-20 05:00:00,3.899073955
3,2021-07-20 06:00:00,3.748827209
3,2021-07-20 07:00:00,9.760189768
3,2021-07-20 08:00:00,8.644952922
3,2021-07-20 09:00:00,9.182390121000001
3,2021-07-20 10:00:00,9.230875291
3,2021-07-20 11:00:00,8.687219427999999
3,2021-07-20 12:00:00,8.145952525
3,2021-07-20 13:00:00,8.679432251
3,2021-07-20 14:00:00,8.195257235
3,2021-07-20 15:00:00,7.614131152000001
3,2021-07-20 16:00:00,7.663611502
3,2021-07-20 17:00:00,7.092880849
3,2021-07-20 18:00:00,2.731431457
3,2021-07-20 19:00:00,1.6638497490000002
3,2021-07-20 20:00:00,0.52898435
3,2021-07-20 22:00:00,0.570007084
3,2021-07-21 00:00:00,0.567608639
3,2021-07-21 02:00:00,0.564388395
3,2021-07-21 04:00:00,0.52568015
3,2021-07-21 06:00:00,3.89987317
3,2021-07-21 09:00:00,9.788167997
3,2021-07-21 10:00:00,8.687199986
3,2021-07-21 11:00:00,8.641793521
3,2021-07-21 12:00:00,7.594834106
3,2021-07-21 13:00:00,8.038961302999999
3,2021-07-21 14:00:00,6.934428125
3,2021-07-21 15:00:00,7.013394306
3,2021-07-21 16:00:00,6.977245835
3,2021-07-21 17:00:00,5.967767224
3,2021-07-21 18:00:00,1.622517264
3,2021-07-21 19:00:00,1.093579166
3,2021-07-21 21:00:00,0.525167397
3,2021-07-22 00:00:00,0.566412888
3,2021-07-22 01:00:00,1.092151354
3,2021-07-22 02:00:00,0.526415075
3,2021-07-22 03:00:00,1.66182504
3,2021-07-22 04:00:00,2.191879344
3,2021-07-22 05:00:00,2.187309697
3,2021-07-22 06:00:00,3.885521847
3,2021-07-22 08:00:00,10.36125852
3,2021-07-22 09:00:00,9.7974015
3,2021-07-22 10:00:00,9.761737616
3,2021-07-22 11:00:00,9.192404665
3,2021-07-22 12:00:00,8.632323367
3,2021-07-22 13:00:00,8.58069102
3,2021-07-22 14:00:00,8.112300817000001
3,2021-07-22 15:00:00,8.064036663
3,2021-07-22 16:00:00,8.104185187999999
3,2021-07-22 17:00:00,7.053974511
3,2021-07-22 18:00:00,1.620062422
3,2021-07-22 19:00:00,2.186583321
3,2021-07-22 20:00:00,1.053425035
3,2021-07-22 21:00:00,0.5672996810000001
3,2021-07-22 22:00:00,0.526595194
3,2021-07-22 23:00:00,1.091838477
3,2021-07-23 00:00:00,0.527665508
3,2021-07-23 02:00:00,0.56843962
3,2021-07-23 03:00:00,0.52701022
3,2021-07-23 04:00:00,0.567639149
3,2021-07-23 06:00:00,2.727497013
3,2021-07-23 08:00:00,9.207926864
3,2021-07-23 09:00:00,9.219779727999999
3,2021-07-23 10:00:00,9.764171848
3,2021-07-23 11:00:00,9.214023118
3,2021-07-23 12:00:00,8.558798723999999
3,2021-07-23 13:00:00,9.090583629
3,2021-07-23 14:00:00,7.995194232999999
3,2021-07-23 15:00:00,8.631565374
3,2021-07-23 16:00:00,8.106311662000001
3,2021-07-23 17:00:00,6.489603934
3,2021-07-23 18:00:00,2.191015208
3,2021-07-23 19:00:00,1.621090711
3,2021-07-23 21:00:00,0.527664884
3,2021-07-23 22:00:00,0.5682954689999999
3,2021-07-24 00:00:00,0.558593646
3,2021-07-24 01:00:00,0.519714875
3,2021-07-24 02:00:00,0.562201166
3,2021-07-24 03:00:00,0.562464052
3,2021-07-24 04:00:00,0.525487712
3,2021-07-24 05:00:00,0.56897866
3,2021-07-24 06:00:00,0.527018485
3,2021-07-24 07:00:00,2.754111284
3,2021-07-24 08:00:00,1.619210553
3,2021-07-24 09:00:00,2.183569854
3,2021-07-24 10:00:00,1.6208100069999998
3,2021-07-24 11:00:00,2.192780405
3,2021-07-24 12:00:00,1.623855207
3,2021-07-24 13:00:00,1.621334468
3,2021-07-24 14:00:00,2.1441275280000003
3,2021-07-24 15:00:00,1.618805092
3,2021-07-24 16:00:00,1.65916013
3,2021-07-24 17:00:00,1.6210283319999998
3,2021-07-24 18:00:00,1.61998181
3,2021-07-24 19:00:00,1.643755295
3,2021-07-24 20:00:00,0.522235494
3,2021-07-24 21:00:00,0.562547744
3,2021-07-24 23:00:00,0.519464893
3,2021-07-25 00:00:00,0.56948064
3,2021-07-25 02:00:00,0.528145044
3,2021-07-25 03:00:00,1.0965355209999998
3,2021-07-25 04:00:00,2.188055938
3,2021-07-25 05:00:00,5.387863727
3,2021-07-25 06:00:00,0.568967743
3,2021-07-25 07:00:00,2.763425735
3,2021-07-25 08:00:00,2.235023031
3,2021-07-25 09:00:00,1.666805495
3,2021-07-25 10:00:00,2.197591674
3,2021-07-25 11:00:00,2.198287172
3,2021-07-25 12:00:00,1.6280580919999998
3,2021-07-25 13:00:00,2.156702889
3,2021-07-25 14:00:00,1.6278794330000002
3,2021-07-25 15:00:00,2.154782189
3,2021-07-25 16:00:00,1.6674076619999998
3,2021-07-25 17:00:00,1.628404533
3,2021-07-25 18:00:00,2.199731719
3,2021-07-25 19:00:00,1.623908469
3,2021-07-25 20:00:00,0.56867737
3,2021-07-25 22:00:00,0.527591433
3,2021-07-25 23:00:00,0.528634925
3,2021-07-26 00:00:00,0.529016579
3,2021-07-26 02:00:00,0.569753155
3,2021-07-26 03:00:00,0.528872328
3,2021-07-26 04:00:00,2.196705512
3,2021-07-26 05:00:00,4.391997139
3,2021-07-26 06:00:00,4.33874261
3,2021-07-26 07:00:00,10.30847525
3,2021-07-26 08:00:00,9.759109785
3,2021-07-26 09:00:00,8.661921963
3,2021-07-26 10:00:00,9.191543587
3,2021-07-26 11:00:00,8.091246591
3,2021-07-26 12:00:00,8.084022174
3,2021-07-26 13:00:00,8.001865602999999
3,2021-07-26 14:00:00,7.460796847999999
3,2021-07-26 15:00:00,7.457735773
3,2021-07-26 16:00:00,7.484603398
3,2021-07-26 17:00:00,5.353603915
3,2021-07-26 18:00:00,2.152517743
3,2021-07-26 19:00:00,1.099054948
3,2021-07-26 20:00:00,0.52660507
3,2021-07-26 21:00:00,0.519710873
3,2021-07-26 23:00:00,0.5655170820000001
3,2021-07-27 01:00:00,0.528547231
3,2021-07-27 02:00:00,0.5285061129999999
3,2021-07-27 03:00:00,0.5690686770000001
3,2021-07-27 04:00:00,1.0568177090000002
3,2021-07-27 05:00:00,1.057296361
3,2021-07-27 06:00:00,3.860439624
3,2021-07-27 07:00:00,9.303480836
3,2021-07-27 08:00:00,9.262247098
3,2021-07-27 09:00:00,8.732646646000001
3,2021-07-27 10:00:00,7.596057416
3,2021-07-27 11:00:00,6.989972927999999
3,2021-07-27 12:00:00,6.414926821
3,2021-07-27 13:00:00,5.322881575
3,2021-07-27 14:00:00,5.282781189
3,2021-07-27 15:00:00,5.323547875
3,2021-07-27 16:00:00,5.325380201000001
3,2021-07-27 17:00:00,4.794767568
3,2021-07-27 18:00:00,1.624832953
3,2021-07-27 19:00:00,1.584051504
3,2021-07-27 21:00:00,0.568288079
3,2021-07-27 23:00:00,0.528170932
3,2021-07-28 00:00:00,0.569195026
3,2021-07-28 02:00:00,0.56922268
3,2021-07-28 03:00:00,0.528705517
3,2021-07-28 04:00:00,1.667050264
3,2021-07-28 05:00:00,4.471411795
3,2021-07-28 06:00:00,1.626558284
3,2021-07-28 07:00:00,10.28485008
3,2021-07-28 08:00:00,7.56233057
3,2021-07-28 09:00:00,7.034904008
3,2021-07-28 10:00:00,5.891053822000001
3,2021-07-28 11:00:00,5.364091693
3,2021-07-28 12:00:00,5.328746276
3,2021-07-28 13:00:00,5.326737422
3,2021-07-28 14:00:00,6.509396855
3,2021-07-28 15:00:00,5.980262073
3,2021-07-28 16:00:00,5.974813761
3,2021-07-28 17:00:00,4.877243042
3,2021-07-28 18:00:00,1.666154638
3,2021-07-28 19:00:00,1.056424203
3,2021-07-28 20:00:00,0.568806406
3,2021-07-28 22:00:00,0.528630247
3,2021-07-29 00:00:00,0.569544626
3,2021-07-29 03:00:00,0.528627128
3,2021-07-29 04:00:00,1.098259692
3,2021-07-29 05:00:00,1.098750708
3,2021-07-29 06:00:00,3.862542966
3,2021-07-29 07:00:00,9.923813442
3,2021-07-29 08:00:00,9.308383426
3,2021-07-29 09:00:00,8.74138986
3,2021-07-29 10:00:00,8.177142868999999
3,2021-07-29 11:00:00,7.603705347999999
3,2021-07-29 12:00:00,6.993184791
3,2021-07-29 13:00:00,6.462956747000001
3,2021-07-29 14:00:00,5.895904445
3,2021-07-29 15:00:00,6.468436559
3,2021-07-29 16:00:00,5.937495266
3,2021-07-29 17:00:00,4.310379028
3,2021-07-29 18:00:00,1.627265402
3,2021-07-29 19:00:00,1.098606362
3,2021-07-30 02:00:00,0.569392246
3,2021-07-30 04:00:00,0.529529228
3,2021-07-30 06:00:00,1.669259081
3,2021-07-30 08:00:00,9.348990002
3,2021-07-30 09:00:00,8.747198897
3,2021-07-30 10:00:00,7.062066804
3,2021-07-30 11:00:00,7.045250718999998
3,2021-07-30 12:00:00,6.448791087999999
3,2021-07-30 13:00:00,6.4874261220000005
3,2021-07-30 14:00:00,6.427590304
3,2021-07-30 15:00:00,6.465916316
3,2021-07-30 16:00:00,5.937865979
3,2021-07-30 17:00:00,4.839904517
3,2021-07-30 18:00:00,1.626842507
3,2021-07-30 19:00:00,1.098496779
3,2021-07-30 21:00:00,0.528653951
3,2021-07-31 01:00:00,0.527608172
3,2021-07-31 04:00:00,0.527484662
3,2021-07-31 05:00:00,3.286518925
3,2021-07-31 07:00:00,2.196546806
3,2021-07-31 08:00:00,1.666942552
3,2021-07-31 09:00:00,1.626317726
3,2021-07-31 10:00:00,1.098517724
3,2021-07-31 11:00:00,1.057836768
3,2021-07-31 12:00:00,1.056959932
3,2021-07-31 13:00:00,0.528240952
3,2021-07-31 14:00:00,1.05701732
3,2021-07-31 15:00:00,0.528648129
3,2021-07-31 16:00:00,1.0571583999999998
3,2021-07-31 17:00:00,0.528174154
3,2021-07-31 18:00:00,1.096298326
3,2021-07-31 19:00:00,0.527594812
3,2021-07-31 20:00:00,0.52765927
3,2021-07-31 23:00:00,0.56782383
3,2021-08-02 06:00:00,1.058087739
3,2021-08-02 07:00:00,1.6282618619999998
3,2021-08-02 08:00:00,0.569876481
3,2021-08-02 09:00:00,0.529131356
3,2021-08-04 06:00:00,0.52015922
3,2021-08-04 07:00:00,0.560148739
3,2021-08-04 08:00:00,0.520159947
3,2021-08-05 02:00:00,0.513988095
3,2021-08-05 05:00:00,0.514184172
3,2021-08-05 06:00:00,1.0275036709999998
3,2021-08-05 07:00:00,3.2004744689999995
3,2021-08-05 08:00:00,1.027303228
3,2021-08-05 09:00:00,1.580251858
3,2021-08-05 10:00:00,0.513755786
3,2021-08-05 14:00:00,0.513705364
3,2021-08-05 16:00:00,0.513613043
3,2021-08-05 17:00:00,0.5136614389999999
3,2021-08-05 18:00:00,0.5138335
3,2021-08-05 19:00:00,0.513950408
3,2021-08-05 20:00:00,0.5138666120000001
3,2021-08-05 21:00:00,0.513680984
3,2021-08-05 22:00:00,0.513745598
3,2021-08-05 23:00:00,0.5140165289999999
3,2021-08-06 00:00:00,0.553137973
3,2021-08-06 02:00:00,0.51357598
3,2021-08-06 04:00:00,1.067559512
3,2021-08-06 05:00:00,4.23348542
3,2021-08-06 06:00:00,3.709737302
3,2021-08-06 07:00:00,5.803307455
3,2021-08-06 08:00:00,10.02696565
3,2021-08-06 09:00:00,9.983948613999999
3,2021-08-06 10:00:00,8.919313787
3,2021-08-06 11:00:00,8.407127212
3,2021-08-06 12:00:00,7.817188335
3,2021-08-06 13:00:00,7.853868121
3,2021-08-06 14:00:00,7.30152554
3,2021-08-06 15:00:00,7.30299024
3,2021-08-06 16:00:00,8.3715566
3,2021-08-06 17:00:00,6.322203182000001
3,2021-08-06 18:00:00,2.132196462
3,2021-08-06 19:00:00,1.5846382
3,2021-08-06 20:00:00,1.072554102
3,2021-08-06 21:00:00,0.553368894
3,2021-08-06 22:00:00,1.066614835
3,2021-08-06 23:00:00,0.513680308
3,2021-08-07 01:00:00,0.566045485
3,2021-08-07 03:00:00,0.525354065
3,2021-08-07 04:00:00,1.090953827
3,2021-08-07 05:00:00,1.130505928
3,2021-08-07 06:00:00,3.88153652
3,2021-08-07 07:00:00,9.904343147
3,2021-08-07 08:00:00,9.820326643
3,2021-08-07 09:00:00,9.78254874
3,2021-08-07 10:00:00,8.652824577999999
3,2021-08-07 11:00:00,8.126869838
3,2021-08-07 12:00:00,8.612663365
3,2021-08-07 13:00:00,6.9527387
3,2021-08-07 14:00:00,7.435064
3,2021-08-07 15:00:00,7.516289717
3,2021-08-07 16:00:00,7.518932247
3,2021-08-07 17:00:00,6.465061915
3,2021-08-07 18:00:00,1.615889287
3,2021-08-07 19:00:00,1.656332424
3,2021-08-07 21:00:00,0.525144421
3,2021-08-07 23:00:00,0.565715534
3,2021-08-08 00:00:00,0.5233725020000001
3,2021-08-08 02:00:00,0.519753134
3,2021-08-08 03:00:00,1.07896193
3,2021-08-08 04:00:00,1.595483296
3,2021-08-08 05:00:00,5.330407876000001
3,2021-08-08 06:00:00,2.727561455
3,2021-08-08 07:00:00,2.165360577
3,2021-08-08 08:00:00,1.640960377
3,2021-08-08 09:00:00,1.595241459
3,2021-08-08 10:00:00,1.6060967919999998
3,2021-08-08 11:00:00,1.612576499
3,2021-08-08 12:00:00,1.047667066
3,2021-08-08 13:00:00,1.048126485
3,2021-08-08 14:00:00,1.047810121
3,2021-08-08 15:00:00,1.088417233
3,2021-08-08 16:00:00,1.564366814
3,2021-08-08 17:00:00,1.039855693
3,2021-08-08 18:00:00,1.080557517
3,2021-08-08 19:00:00,1.082091889
3,2021-08-08 20:00:00,1.043099801
3,2021-08-08 21:00:00,1.086050142
3,2021-08-08 22:00:00,1.651122119
3,2021-08-08 23:00:00,1.088140308
3,2021-08-09 03:00:00,0.524308079
3,2021-08-09 04:00:00,1.0889874940000002
3,2021-08-09 05:00:00,0.56465492
3,2021-08-09 06:00:00,1.085770517
3,2021-08-09 08:00:00,8.601971576
3,2021-08-09 09:00:00,6.995642488
3,2021-08-09 10:00:00,6.31374659
3,2021-08-09 11:00:00,5.230435066
3,2021-08-09 12:00:00,4.705645579
3,2021-08-09 13:00:00,4.144910472
3,2021-08-09 14:00:00,3.621074029
3,2021-08-09 15:00:00,2.534817066
3,2021-08-09 16:00:00,3.098433345
3,2021-08-09 17:00:00,3.621114695
3,2021-08-09 18:00:00,1.046306898
3,2021-08-09 19:00:00,0.523361898
3,2021-08-09 23:00:00,0.564267644
3,2021-08-10 05:00:00,0.527020876
3,2021-08-10 06:00:00,9.789693045
3,2021-08-10 07:00:00,7.56245452
3,2021-08-10 08:00:00,5.905087909
3,2021-08-10 09:00:00,4.244495548
3,2021-08-10 10:00:00,3.6786334
3,2021-08-10 11:00:00,2.585176416
3,2021-08-10 12:00:00,2.059816109
3,2021-08-10 13:00:00,2.059746976
3,2021-08-10 14:00:00,1.534955183
3,2021-08-10 15:00:00,1.01047152
3,2021-08-10 16:00:00,1.051346369
3,2021-08-10 18:00:00,0.525257794
3,2021-08-10 20:00:00,0.525186787
3,2021-08-10 23:00:00,0.5659160010000001
3,2021-08-11 04:00:00,0.571953819
3,2021-08-11 05:00:00,1.102330442
3,2021-08-11 06:00:00,9.306127332
3,2021-08-11 07:00:00,4.872954762
3,2021-08-11 08:00:00,3.720650859
3,2021-08-11 09:00:00,2.657878844
3,2021-08-11 10:00:00,2.617905847
3,2021-08-11 11:00:00,2.127714913
3,2021-08-11 15:00:00,0.533166789
3,2021-08-11 18:00:00,0.533263944
3,2021-08-13 00:00:00,0.522722048
3,2021-08-13 03:00:00,0.564481323
3,2021-08-13 05:00:00,0.5659026779999999
3,2021-08-13 06:00:00,3.827870687
3,2021-08-13 07:00:00,10.32992151
3,2021-08-13 08:00:00,9.211092247
3,2021-08-13 09:00:00,8.121230899
3,2021-08-13 10:00:00,6.42713356
3,2021-08-13 11:00:00,5.902560052
3,2021-08-13 12:00:00,6.386056176
3,2021-08-13 13:00:00,5.900512663
3,2021-08-13 14:00:00,4.765288491000001
3,2021-08-13 15:00:00,5.279436375
3,2021-08-13 16:00:00,4.750259479
3,2021-08-13 17:00:00,4.234700293
3,2021-08-13 18:00:00,1.6147624719999998
3,2021-08-13 19:00:00,0.525016337
3,2021-08-13 20:00:00,0.565711503
3,2021-08-13 21:00:00,1.090603055
3,2021-08-13 22:00:00,1.049375514
3,2021-08-13 23:00:00,0.564625418
3,2021-08-14 01:00:00,0.567386115
3,2021-08-14 03:00:00,0.524160345
3,2021-08-14 05:00:00,0.5643946089999999
3,2021-08-14 06:00:00,2.183943838
3,2021-08-14 07:00:00,1.6587676480000002
3,2021-08-14 08:00:00,1.659102094
3,2021-08-14 09:00:00,1.618279511
3,2021-08-14 10:00:00,1.092195727
3,2021-08-14 11:00:00,1.050822804
3,2021-08-14 12:00:00,1.088618368
3,2021-08-14 13:00:00,0.5214388670000001
3,2021-08-14 14:00:00,1.040755506
3,2021-08-14 15:00:00,0.520573986
3,2021-08-14 16:00:00,1.044824676
3,2021-08-14 17:00:00,1.054058179
3,2021-08-14 18:00:00,0.569283475
3,2021-08-14 19:00:00,1.058783885
3,2021-08-14 20:00:00,0.570318506
3,2021-08-14 21:00:00,1.057815664
3,2021-08-14 22:00:00,1.097388429
3,2021-08-14 23:00:00,1.097137091
3,2021-08-15 00:00:00,0.53088165
3,2021-08-15 03:00:00,1.103908647
3,2021-08-15 04:00:00,1.10412684
3,2021-08-15 05:00:00,5.52122314
3,2021-08-15 06:00:00,2.17013449
3,2021-08-15 07:00:00,1.601090661
3,2021-08-15 08:00:00,1.637108841
3,2021-08-15 09:00:00,1.604973975
3,2021-08-15 10:00:00,1.058825055
3,2021-08-15 11:00:00,1.100892805
3,2021-08-15 12:00:00,1.059846194
3,2021-08-15 13:00:00,0.530041929
3,2021-08-15 14:00:00,1.060501482
3,2021-08-15 15:00:00,0.530553226
3,2021-08-15 16:00:00,1.061015067
3,2021-08-15 17:00:00,0.5305406460000001
3,2021-08-15 18:00:00,1.06186165
3,2021-08-15 19:00:00,0.531153257
3,2021-08-15 20:00:00,1.10279803
3,2021-08-15 21:00:00,1.0624500890000002
3,2021-08-15 22:00:00,0.571972853
3,2021-08-15 23:00:00,1.102690067
3,2021-08-16 00:00:00,0.530664052
3,2021-08-16 03:00:00,0.571977052
3,2021-08-16 04:00:00,1.634046607
3,2021-08-16 05:00:00,0.571331984
3,2021-08-16 06:00:00,5.52219049
3,2021-08-16 07:00:00,9.323621978
3,2021-08-16 08:00:00,8.749966236
3,2021-08-16 09:00:00,8.169957127
3,2021-08-16 10:00:00,7.5894468060000015
3,2021-08-16 11:00:00,7.021382474
3,2021-08-16 12:00:00,6.410366562
3,2021-08-16 13:00:00,6.409940296
3,2021-08-16 14:00:00,5.880223112
3,2021-08-16 15:00:00,5.923341835
3,2021-08-16 16:00:00,5.349969412
3,2021-08-16 17:00:00,4.859021289
3,2021-08-16 18:00:00,1.633273431
3,2021-08-16 19:00:00,0.531238976
3,2021-08-16 20:00:00,0.5717712660000001
3,2021-08-16 21:00:00,1.101992949
3,2021-08-16 22:00:00,0.5306495489999999
3,2021-08-16 23:00:00,1.102060318
3,2021-08-17 01:00:00,0.527930566
3,2021-08-17 03:00:00,0.568360015
3,2021-08-17 04:00:00,1.664522411
3,2021-08-17 05:00:00,0.528045446
3,2021-08-17 06:00:00,3.262975921
3,2021-08-17 08:00:00,8.155984299
3,2021-08-17 09:00:00,8.100133284
3,2021-08-17 10:00:00,7.040106072
3,2021-08-17 11:00:00,6.4248344610000006
3,2021-08-17 12:00:00,5.8974096110000005
3,2021-08-17 13:00:00,5.857961979
3,2021-08-17 14:00:00,5.368865295
3,2021-08-17 15:00:00,5.328090976
3,2021-08-17 16:00:00,5.367921553
3,2021-08-17 17:00:00,4.268230042
3,2021-08-17 18:00:00,1.626164498
3,2021-08-17 19:00:00,0.528872692
3,2021-08-17 20:00:00,1.097388106
3,2021-08-17 21:00:00,0.528277495
3,2021-08-17 22:00:00,1.096791177
3,2021-08-17 23:00:00,0.528144369
3,2021-08-18 01:00:00,0.5270294010000001
3,2021-08-18 03:00:00,0.567722449
3,2021-08-18 04:00:00,1.095109976
3,2021-08-18 05:00:00,1.095730548
3,2021-08-18 06:00:00,3.33004488
3,2021-08-18 07:00:00,10.39854396
3,2021-08-18 08:00:00,8.213669431
3,2021-08-18 09:00:00,7.543495202000001
3,2021-08-18 10:00:00,6.439776739
3,2021-08-18 11:00:00,5.8762207470000005
3,2021-08-18 12:00:00,5.31043349
3,2021-08-18 13:00:00,4.785301536
3,2021-08-18 14:00:00,4.7461086130000005
3,2021-08-18 15:00:00,4.217586749
3,2021-08-18 16:00:00,4.783661896
3,2021-08-18 17:00:00,3.728472584
3,2021-08-18 18:00:00,1.093716819
3,2021-08-18 19:00:00,1.053384385
3,2021-08-18 20:00:00,0.527092404
3,2021-08-18 21:00:00,0.567673353
3,2021-08-18 22:00:00,1.054018568
3,2021-08-18 23:00:00,0.567247843
3,2021-08-19 00:00:00,0.568250964
3,2021-08-19 03:00:00,0.528284669
3,2021-08-19 04:00:00,1.666177918
3,2021-08-19 05:00:00,0.528026109
3,2021-08-19 06:00:00,3.289751341
3,2021-08-19 07:00:00,9.835596384
3,2021-08-19 08:00:00,8.207617154
3,2021-08-19 09:00:00,7.016364739
3,2021-08-19 10:00:00,6.492462477999999
3,2021-08-19 11:00:00,4.789099367
3,2021-08-19 12:00:00,4.78764516
3,2021-08-19 13:00:00,4.178542495
3,2021-08-19 14:00:00,4.219362463
3,2021-08-19 15:00:00,4.222681425
3,2021-08-19 16:00:00,4.22444799
3,2021-08-19 17:00:00,3.1688986480000003
3,2021-08-19 18:00:00,1.096709125
3,2021-08-19 19:00:00,1.0556603759999998
3,2021-08-19 20:00:00,0.568656546
3,2021-08-19 21:00:00,0.5277110970000001
3,2021-08-19 22:00:00,1.095899186
3,2021-08-19 23:00:00,0.527605521
3,2021-08-20 01:00:00,0.565322604
3,2021-08-20 04:00:00,0.5253256829999999
3,2021-08-20 06:00:00,3.287659663
3,2021-08-20 07:00:00,9.770948382
3,2021-08-20 08:00:00,8.716732621
3,2021-08-20 09:00:00,7.540853416
3,2021-08-20 10:00:00,6.488773498
3,2021-08-20 11:00:00,5.880793066
3,2021-08-20 12:00:00,5.312825781
3,2021-08-20 13:00:00,4.261272598
3,2021-08-20 14:00:00,5.3555742660000005
3,2021-08-20 15:00:00,5.881901647
3,2021-08-20 16:00:00,4.824843308999999
3,2021-08-20 17:00:00,4.296193865
3,2021-08-20 18:00:00,1.094273801
3,2021-08-20 19:00:00,1.094890487
3,2021-08-20 20:00:00,0.526631477
3,2021-08-20 21:00:00,0.525624477
3,2021-08-20 22:00:00,1.090265238
3,2021-08-20 23:00:00,0.524658335
3,2021-08-21 01:00:00,0.5257530810000001
3,2021-08-21 03:00:00,0.566310219
3,2021-08-21 05:00:00,0.525773822
3,2021-08-21 06:00:00,2.223592434
3,2021-08-21 07:00:00,1.615796519
3,2021-08-21 08:00:00,1.090770829
3,2021-08-21 09:00:00,1.091477016
3,2021-08-21 10:00:00,1.091465248
3,2021-08-21 11:00:00,0.525848677
3,2021-08-21 12:00:00,1.051728231
3,2021-08-21 13:00:00,0.524891787
3,2021-08-21 14:00:00,0.524985355
3,2021-08-21 15:00:00,1.0503296999999998
3,2021-08-21 16:00:00,0.525113596
3,2021-08-21 17:00:00,0.524898181
3,2021-08-21 18:00:00,0.5247770629999999
3,2021-08-21 19:00:00,1.049797818
3,2021-08-21 20:00:00,0.525287996
3,2021-08-21 21:00:00,0.5661928270000001
3,2021-08-21 22:00:00,1.051793104
3,2021-08-21 23:00:00,0.566012456
3,2021-08-22 00:00:00,0.52702228
3,2021-08-22 02:00:00,0.527000291
3,2021-08-22 03:00:00,0.527135029
3,2021-08-22 04:00:00,1.095775244
3,2021-08-22 05:00:00,1.094321089
3,2021-08-22 06:00:00,1.657765458
3,2021-08-22 07:00:00,1.617371181
3,2021-08-22 08:00:00,1.091632159
3,2021-08-22 09:00:00,1.091563171
3,2021-08-22 10:00:00,1.051094151
3,2021-08-22 11:00:00,1.051037698
3,2021-08-22 12:00:00,0.52559178
3,2021-08-22 13:00:00,0.52572813
3,2021-08-22 14:00:00,0.525725791
3,2021-08-22 17:00:00,0.5263506170000001
3,2021-08-22 18:00:00,0.5268161179999999
3,2021-08-22 19:00:00,0.527198032
3,2021-08-22 20:00:00,1.053162005
3,2021-08-22 21:00:00,0.52664229
3,2021-08-22 22:00:00,0.5269615129999999
3,2021-08-22 23:00:00,0.567644635
3,2021-08-23 01:00:00,0.5675808729999999
3,2021-08-23 03:00:00,0.527023735
3,2021-08-23 04:00:00,1.661928817
3,2021-08-23 05:00:00,1.135141369
3,2021-08-23 06:00:00,2.671910124
3,2021-08-23 07:00:00,10.24032311
3,2021-08-23 08:00:00,8.092034137999999
3,2021-08-23 09:00:00,6.995439577000001
3,2021-08-23 10:00:00,6.43596077
3,2021-08-23 11:00:00,5.877811144
3,2021-08-23 12:00:00,5.8791655610000015
3,2021-08-23 13:00:00,5.310647209
3,2021-08-23 14:00:00,5.353297252
3,2021-08-23 15:00:00,4.742630688999999
3,2021-08-23 16:00:00,5.308545638
3,2021-08-23 17:00:00,4.2953423389999985
3,2021-08-23 18:00:00,1.053944234
3,2021-08-23 19:00:00,1.094930865
3,2021-08-23 20:00:00,0.527634267
3,2021-08-23 21:00:00,1.095730008
3,2021-08-23 22:00:00,0.566678965
3,2021-08-23 23:00:00,1.093937712
3,2021-08-24 01:00:00,0.565926694
3,2021-08-24 03:00:00,0.525464268
3,2021-08-24 04:00:00,1.656906884
3,2021-08-24 05:00:00,1.091508434
3,2021-08-24 06:00:00,3.850480565
3,2021-08-24 08:00:00,9.265742616
3,2021-08-24 09:00:00,8.130038927000001
3,2021-08-24 10:00:00,6.992947152999999
3,2021-08-24 11:00:00,6.915595828
3,2021-08-24 12:00:00,5.864695443
3,2021-08-24 13:00:00,6.350694912000001
3,2021-08-24 14:00:00,5.823164454
3,2021-08-24 15:00:00,5.298633895
3,2021-08-24 16:00:00,5.296609327
3,2021-08-24 17:00:00,4.809861089
3,2021-08-24 18:00:00,1.091405437
3,2021-08-24 19:00:00,1.052096265
3,2021-08-24 20:00:00,1.092671412
3,2021-08-24 21:00:00,1.09180544
3,2021-08-24 22:00:00,0.56613623
3,2021-08-24 23:00:00,1.092459049
3,2021-08-25 00:00:00,0.567238326
3,2021-08-25 02:00:00,0.566665026
3,2021-08-25 03:00:00,0.526506148
3,2021-08-25 04:00:00,1.134941181
3,2021-08-25 05:00:00,1.662467045
3,2021-08-25 06:00:00,3.274431373
3,2021-08-25 07:00:00,10.35312357
3,2021-08-25 08:00:00,8.658835069
3,2021-08-25 09:00:00,8.095257037
3,2021-08-25 10:00:00,6.970880567999999
3,2021-08-25 11:00:00,5.831446234
3,2021-08-25 12:00:00,5.83062629
3,2021-08-25 13:00:00,5.262497196
3,2021-08-25 14:00:00,5.304264449
3,2021-08-25 15:00:00,5.303993108999999
3,2021-08-25 16:00:00,5.3437748560000005
3,2021-08-25 17:00:00,4.249189125
3,2021-08-25 18:00:00,1.6188767469999998
3,2021-08-25 19:00:00,0.5264354520000001
3,2021-08-25 20:00:00,0.56740666
3,2021-08-25 21:00:00,1.094049022
3,2021-08-25 22:00:00,1.09428341
3,2021-08-25 23:00:00,0.526409357
3,2021-08-26 01:00:00,0.5672898279999999
3,2021-08-26 03:00:00,0.527025815
3,2021-08-26 04:00:00,1.135004216
3,2021-08-26 05:00:00,1.094087349
3,2021-08-26 06:00:00,3.284522147
3,2021-08-26 08:00:00,9.244744499
3,2021-08-26 09:00:00,8.677846329
3,2021-08-26 10:00:00,6.978104853
3,2021-08-26 11:00:00,6.939987147
3,2021-08-26 12:00:00,5.844137516
3,2021-08-26 13:00:00,5.80117452
3,2021-08-26 14:00:00,5.31308612
3,2021-08-26 15:00:00,5.841479607
3,2021-08-26 16:00:00,5.88165929
3,2021-08-26 17:00:00,5.34907786
3,2021-08-26 18:00:00,1.094259442
3,2021-08-26 19:00:00,1.094773131
3,2021-08-26 22:00:00,0.526950284
3,2021-08-27 00:00:00,0.567496454
3,2021-08-27 03:00:00,0.566541084
3,2021-08-27 05:00:00,0.526030199
3,2021-08-27 06:00:00,1.094516286
3,2021-08-27 08:00:00,9.246319897000001
3,2021-08-27 09:00:00,8.675388736
3,2021-08-27 10:00:00,6.43851471
3,2021-08-27 11:00:00,5.824959809
3,2021-08-27 12:00:00,5.7874837989999985
3,2021-08-27 13:00:00,5.260449096
3,2021-08-27 14:00:00,4.167778139
3,2021-08-27 15:00:00,4.697247775
3,2021-08-27 16:00:00,5.304567217
3,2021-08-27 17:00:00,4.251492458
3,2021-08-27 18:00:00,1.619738373
3,2021-08-27 19:00:00,0.525952069
3,2021-08-27 21:00:00,0.52649939
3,2021-08-28 01:00:00,0.525377821
3,2021-08-28 03:00:00,0.525321525
3,2021-08-28 05:00:00,0.565439716
3,2021-08-28 07:00:00,0.566301206
3,2021-08-28 08:00:00,2.184740822
3,2021-08-28 09:00:00,1.658925526
3,2021-08-28 10:00:00,1.092508604
3,2021-08-28 11:00:00,1.053273039
3,2021-08-28 12:00:00,1.053438343
3,2021-08-28 13:00:00,1.012179937
3,2021-08-28 14:00:00,1.051405109
3,2021-08-28 15:00:00,0.525498524
3,2021-08-28 16:00:00,1.050724142
3,2021-08-28 17:00:00,0.525459174
3,2021-08-28 18:00:00,1.050878633
3,2021-08-28 19:00:00,0.5250799110000001
3,2021-08-28 20:00:00,0.525117598
3,2021-08-28 22:00:00,0.565523575
3,2021-08-29 01:00:00,0.564154675
3,2021-08-29 03:00:00,1.087757362
3,2021-08-29 04:00:00,1.651979218
3,2021-08-29 05:00:00,4.9164489410000005
3,2021-08-29 07:00:00,0.52482447
3,2021-08-29 08:00:00,2.1798991080000003
3,2021-08-29 09:00:00,1.614415071
3,2021-08-29 10:00:00,1.614126529
3,2021-08-29 11:00:00,1.049097097
3,2021-08-29 12:00:00,1.048938655
3,2021-08-29 13:00:00,0.564743314
3,2021-08-29 14:00:00,1.008600559
3,2021-08-29 15:00:00,1.048939071
3,2021-08-29 16:00:00,0.564948428
3,2021-08-29 17:00:00,1.049071938
3,2021-08-29 18:00:00,1.048834795
3,2021-08-29 19:00:00,0.564622899
3,2021-08-29 20:00:00,0.524370821
3,2021-08-29 22:00:00,0.523871844
3,2021-08-30 03:00:00,0.5643323579999999
3,2021-08-30 04:00:00,1.088361632
3,2021-08-30 05:00:00,0.524189507
3,2021-08-30 06:00:00,3.787479209
3,2021-08-30 08:00:00,9.707936833
3,2021-08-30 09:00:00,9.145959982
3,2021-08-30 10:00:00,8.538152907
3,2021-08-30 11:00:00,6.8900003970000006
3,2021-08-30 12:00:00,6.850026808
3,2021-08-30 13:00:00,5.7617811770000005
3,2021-08-30 14:00:00,5.762132837
3,2021-08-30 15:00:00,4.714220155
3,2021-08-30 16:00:00,5.237643964
3,2021-08-30 17:00:00,4.191011345
3,2021-08-30 18:00:00,1.088190295
3,2021-08-30 19:00:00,0.524033301
3,2021-08-30 21:00:00,0.52421108
3,2021-08-31 03:00:00,0.523814091
3,2021-08-31 04:00:00,0.564087106
3,2021-08-31 05:00:00,0.523785189
3,2021-08-31 06:00:00,1.653046166
3,2021-08-31 08:00:00,9.19241904
3,2021-08-31 09:00:00,8.587927176
3,2021-08-31 10:00:00,6.893617522
3,2021-08-31 11:00:00,5.24116888
3,2021-08-31 12:00:00,3.62853752
3,2021-08-31 13:00:00,2.58011165
3,2021-08-31 14:00:00,1.531682676
3,2021-08-31 15:00:00,1.007540221
3,2021-08-31 16:00:00,1.048031253
3,2021-08-31 17:00:00,1.531841766
3,2021-08-31 18:00:00,0.523916964
3,2021-08-31 19:00:00,0.523859316
3,2021-08-31 20:00:00,0.523957666
3,2021-08-31 23:00:00,0.523979031
3,2021-09-02 06:00:00,1.641870335
3,2021-09-02 07:00:00,1.069675933
3,2021-09-03 06:00:00,1.608546515
3,2021-09-03 07:00:00,1.609138793
3,2021-09-03 08:00:00,1.086649553
3,2021-09-03 09:00:00,0.523213021
3,2021-09-04 06:00:00,0.520072981
3,2021-09-04 07:00:00,1.559661433
3,2021-09-04 08:00:00,3.15736134
3,2021-09-04 09:00:00,1.598616146
3,2021-09-04 10:00:00,1.039436716
3,2021-09-04 11:00:00,0.520068199
3,2021-09-04 13:00:00,0.520638444
3,2021-09-04 22:00:00,0.519185852
3,2021-09-05 00:00:00,0.55458715
3,2021-09-05 03:00:00,0.514648477
3,2021-09-05 04:00:00,0.5147875820000001
3,2021-09-05 06:00:00,1.067294571
3,2021-09-05 07:00:00,2.608077451
3,2021-09-05 08:00:00,1.58068467
3,2021-09-05 09:00:00,1.027786455
3,2021-09-05 10:00:00,1.027784791
3,2021-09-05 11:00:00,0.513859699
3,2021-09-05 12:00:00,1.02770765
3,2021-09-05 13:00:00,0.514372764
3,2021-09-05 15:00:00,0.514451621
3,2021-09-05 16:00:00,0.514547372
3,2021-09-05 17:00:00,1.029691708
3,2021-09-05 18:00:00,0.51489425
3,2021-09-05 19:00:00,0.5143475000000001
3,2021-09-05 20:00:00,0.5142365179999999
3,2021-09-05 21:00:00,0.554267331
3,2021-09-05 22:00:00,0.515010586
3,2021-09-05 23:00:00,0.515017551
3,2021-09-06 01:00:00,0.515004244
3,2021-09-06 06:00:00,5.344144713
3,2021-09-06 07:00:00,10.01836004
3,2021-09-06 08:00:00,10.05771048
3,2021-09-06 09:00:00,9.462275643
3,2021-09-06 10:00:00,8.950081767
3,2021-09-06 11:00:00,7.843775407000001
3,2021-09-06 12:00:00,8.361062283999999
3,2021-09-06 13:00:00,7.888728975
3,2021-09-06 14:00:00,7.849019824
3,2021-09-06 15:00:00,7.372656
3,2021-09-06 16:00:00,7.888912789
3,2021-09-06 17:00:00,6.342115742000001
3,2021-09-06 18:00:00,2.101442125
3,2021-09-06 19:00:00,1.585160741
3,2021-09-06 20:00:00,1.070165418
3,2021-09-06 21:00:00,0.515247001
3,2021-09-06 22:00:00,1.030572703
3,2021-09-06 23:00:00,0.554714171
3,2021-09-07 01:00:00,0.522768105
3,2021-09-07 03:00:00,0.564151148
3,2021-09-07 06:00:00,4.395381508
3,2021-09-07 07:00:00,10.35313569
3,2021-09-07 08:00:00,9.778875467
3,2021-09-07 09:00:00,9.226247248
3,2021-09-07 10:00:00,8.091323981
3,2021-09-07 11:00:00,8.082436616
3,2021-09-07 12:00:00,6.951899626
3,2021-09-07 13:00:00,6.3825257660000005
3,2021-09-07 14:00:00,6.33822709
3,2021-09-07 15:00:00,5.850784254
3,2021-09-07 16:00:00,5.887518429
3,2021-09-07 17:00:00,5.877394742000001
3,2021-09-07 18:00:00,1.606701705
3,2021-09-07 19:00:00,1.083465396
3,2021-09-07 22:00:00,0.55570145
3,2021-09-08 00:00:00,0.5596095870000001
3,2021-09-08 01:00:00,0.519079808
3,2021-09-08 03:00:00,0.560803547
3,2021-09-08 04:00:00,1.604410327
3,2021-09-08 05:00:00,1.6455572040000002
3,2021-09-08 06:00:00,5.826290406
3,2021-09-08 07:00:00,9.512474972
3,2021-09-08 08:00:00,9.501384998999999
3,2021-09-08 09:00:00,8.396505568
3,2021-09-08 10:00:00,8.461952581
3,2021-09-08 11:00:00,6.8462119910000006
3,2021-09-08 12:00:00,6.844685824
3,2021-09-08 13:00:00,5.200556188999999
3,2021-09-08 14:00:00,5.201394663
3,2021-09-08 15:00:00,5.242080073
3,2021-09-08 16:00:00,5.758975047000001
3,2021-09-08 17:00:00,4.758657168
3,2021-09-08 18:00:00,1.560101203
3,2021-09-08 19:00:00,1.08040896
3,2021-09-08 20:00:00,1.040878704
3,2021-09-08 21:00:00,1.080969721
3,2021-09-08 22:00:00,0.560104458
3,2021-09-08 23:00:00,1.039487971
3,2021-09-09 03:00:00,0.524275434
3,2021-09-09 04:00:00,0.5242381629999999
3,2021-09-09 05:00:00,0.523992131
3,2021-09-09 06:00:00,1.048669699
3,2021-09-09 08:00:00,8.105419207
3,2021-09-09 09:00:00,5.886820787
3,2021-09-09 10:00:00,4.715566599
3,2021-09-09 11:00:00,3.1432164030000003
3,2021-09-09 12:00:00,1.00728001
3,2021-09-09 18:00:00,1.049181724
3,2021-09-09 19:00:00,0.5249402870000001
3,2021-09-09 22:00:00,0.524841105
3,2021-09-10 04:00:00,0.5253428370000001
3,2021-09-10 07:00:00,0.52646503
3,2021-09-10 09:00:00,1.620229405
3,2021-09-10 10:00:00,0.526703161
3,2021-09-10 18:00:00,1.011477976
3,2021-09-10 21:00:00,0.52571607
3,2021-09-10 23:00:00,0.5661352789999999
3,2021-09-11 04:00:00,0.527989825
3,2021-09-11 05:00:00,0.527879051
3,2021-09-11 06:00:00,8.159152017
3,2021-09-11 07:00:00,3.79213777
3,2021-09-11 08:00:00,3.180354496
3,2021-09-11 09:00:00,2.078101116
3,2021-09-11 10:00:00,1.059218145
3,2021-09-11 17:00:00,0.529865449
3,2021-09-11 21:00:00,0.531120768
3,2021-09-13 03:00:00,0.561180075
3,2021-09-13 04:00:00,0.521014172
3,2021-09-13 05:00:00,0.561220661
3,2021-09-13 06:00:00,3.252091426
3,2021-09-13 07:00:00,10.28074534
3,2021-09-13 08:00:00,9.153938485
3,2021-09-13 09:00:00,7.986953671
3,2021-09-13 10:00:00,6.865732841
3,2021-09-13 11:00:00,6.305709679
3,2021-09-13 12:00:00,5.221999386
3,2021-09-13 13:00:00,5.743530313
3,2021-09-13 14:00:00,5.222091395
3,2021-09-13 15:00:00,5.224370816
3,2021-09-13 16:00:00,5.264339327
3,2021-09-13 17:00:00,4.219760535
3,2021-09-13 18:00:00,1.044834137
3,2021-09-13 19:00:00,0.56248303
3,2021-09-13 23:00:00,0.521643313
3,2021-09-14 03:00:00,1.082825067
3,2021-09-14 04:00:00,1.082720127
3,2021-09-14 05:00:00,0.521542987
3,2021-09-14 06:00:00,1.642510304
3,2021-09-14 08:00:00,8.576534807
3,2021-09-14 09:00:00,8.01644955
3,2021-09-14 10:00:00,6.814935832000001
3,2021-09-14 11:00:00,5.733535739
3,2021-09-14 12:00:00,5.17272948
3,2021-09-14 13:00:00,4.652862309
3,2021-09-14 14:00:00,4.092616339
3,2021-09-14 15:00:00,3.610812853
3,2021-09-14 16:00:00,4.132151482
3,2021-09-14 17:00:00,4.1725052489999985
3,2021-09-14 18:00:00,1.083278728
3,2021-09-14 19:00:00,1.043293071
3,2021-09-14 23:00:00,0.561488865
3,2021-09-15 01:00:00,0.523690686
3,2021-09-15 03:00:00,0.566765399
3,2021-09-15 04:00:00,1.0974748
3,2021-09-15 05:00:00,1.099118431
3,2021-09-15 06:00:00,1.645954932
3,2021-09-15 08:00:00,8.592998625
3,2021-09-15 09:00:00,7.467598897
3,2021-09-15 10:00:00,5.78339314
3,2021-09-15 11:00:00,5.222640327
3,2021-09-15 12:00:00,4.179828092
3,2021-09-15 13:00:00,4.664729232
3,2021-09-15 14:00:00,3.620409336
3,2021-09-15 15:00:00,4.1063530880000005
3,2021-09-15 16:00:00,3.626262017
3,2021-09-15 17:00:00,3.630507847
3,2021-09-15 18:00:00,1.04990407
3,2021-09-15 19:00:00,0.524799311
3,2021-09-15 21:00:00,0.564931858
3,2021-09-16 03:00:00,0.576073285
3,2021-09-16 04:00:00,1.071354856
3,2021-09-16 05:00:00,0.577287734
3,2021-09-16 06:00:00,1.097851699
3,2021-09-16 08:00:00,8.636645791
3,2021-09-16 09:00:00,7.018994133
3,2021-09-16 10:00:00,5.275221411
3,2021-09-16 11:00:00,4.754413713
3,2021-09-16 12:00:00,4.191455109
3,2021-09-16 13:00:00,4.774670259
3,2021-09-16 14:00:00,4.253363843
3,2021-09-16 15:00:00,3.683281665
3,2021-09-16 16:00:00,4.258156607
3,2021-09-16 17:00:00,3.688586253
3,2021-09-16 18:00:00,0.574583857
3,2021-09-16 19:00:00,0.534232114
3,2021-09-16 21:00:00,0.53276559
3,2021-09-17 06:00:00,1.112703107
3,2021-09-17 08:00:00,8.230633206
3,2021-09-17 09:00:00,7.041845106
3,2021-09-17 10:00:00,5.441253134
3,2021-09-17 11:00:00,4.826470465
3,2021-09-17 12:00:00,4.291498436
3,2021-09-17 13:00:00,2.104865752
3,2021-09-17 14:00:00,2.104677932
3,2021-09-17 15:00:00,2.599714639
3,2021-09-17 16:00:00,3.753234112
3,2021-09-17 17:00:00,3.792690205
3,2021-09-17 18:00:00,1.072159853
3,2021-09-17 19:00:00,0.57726439
3,2021-09-17 20:00:00,0.5357239
3,2021-09-17 21:00:00,0.53570685
3,2021-09-17 22:00:00,0.535696246
3,2021-09-18 02:00:00,0.571113099
3,2021-09-18 04:00:00,0.530107322
3,2021-09-18 06:00:00,0.576763977
3,2021-09-18 08:00:00,0.535113369
3,2021-09-18 10:00:00,1.604031401
3,2021-09-18 11:00:00,1.644442576
3,2021-09-18 12:00:00,0.534081989
3,2021-09-18 13:00:00,1.02607929
3,2021-09-18 14:00:00,0.533405908
3,2021-09-18 15:00:00,1.0659802040000002
3,2021-09-18 16:00:00,0.532225755
3,2021-09-18 17:00:00,1.063542132
3,2021-09-18 18:00:00,0.531908299
3,2021-09-18 19:00:00,0.572885005
3,2021-09-18 20:00:00,1.063422989
3,2021-09-18 21:00:00,0.5729227929999999
3,2021-09-18 22:00:00,0.531149878
3,2021-09-19 00:00:00,0.525639968
3,2021-09-19 03:00:00,1.09332243
3,2021-09-19 04:00:00,1.094511104
3,2021-09-19 05:00:00,4.854107743
3,2021-09-19 06:00:00,0.569343767
3,2021-09-19 08:00:00,0.527551615
3,2021-09-19 10:00:00,2.149380578
3,2021-09-19 11:00:00,1.0541894859999998
3,2021-09-19 12:00:00,1.05350436
3,2021-09-19 13:00:00,1.011995899
3,2021-09-19 14:00:00,0.52582019
3,2021-09-19 15:00:00,0.525810937
3,2021-09-19 16:00:00,1.011383209
3,2021-09-19 17:00:00,0.525683217
3,2021-09-19 18:00:00,0.52538172
3,2021-09-19 19:00:00,0.565435741
3,2021-09-19 20:00:00,1.047960141
3,2021-09-19 21:00:00,0.5235353629999999
3,2021-09-20 03:00:00,0.566636979
3,2021-09-20 04:00:00,1.618529026
3,2021-09-20 05:00:00,4.41353558
3,2021-09-20 06:00:00,3.273629423
3,2021-09-20 07:00:00,9.744017635
3,2021-09-20 08:00:00,9.179787774
3,2021-09-20 09:00:00,7.514528526
3,2021-09-20 10:00:00,6.9002398010000014
3,2021-09-20 11:00:00,6.897651061
3,2021-09-20 12:00:00,6.375190119
3,2021-09-20 13:00:00,6.418218613
3,2021-09-20 14:00:00,6.98530178
3,2021-09-20 15:00:00,6.420783361
3,2021-09-20 16:00:00,6.461742729
3,2021-09-20 17:00:00,5.406907542999999
3,2021-09-20 18:00:00,1.61506061
3,2021-09-20 19:00:00,1.090322566
3,2021-09-20 20:00:00,1.130776651
3,2021-09-20 21:00:00,1.090566347
3,2021-09-21 00:00:00,0.531499147
3,2021-09-21 03:00:00,1.101823663
3,2021-09-21 04:00:00,1.1012550209999998
3,2021-09-21 05:00:00,1.060914326
3,2021-09-21 06:00:00,3.3277762230000003
3,2021-09-21 07:00:00,9.887883816
3,2021-09-21 08:00:00,9.825921952
3,2021-09-21 09:00:00,8.729098946
3,2021-09-21 10:00:00,7.512626632000001
3,2021-09-21 11:00:00,6.990549627
3,2021-09-21 12:00:00,6.463923584
3,2021-09-21 13:00:00,6.424224302000001
3,2021-09-21 14:00:00,5.8501518820000005
3,2021-09-21 15:00:00,5.317349384
3,2021-09-21 16:00:00,4.835042318
3,2021-09-21 17:00:00,4.839963597
3,2021-09-21 18:00:00,1.599802905
3,2021-09-21 19:00:00,1.107013343
3,2021-09-21 20:00:00,1.107704199
3,2021-09-21 21:00:00,1.066800068
3,2021-09-21 22:00:00,0.574254466
3,2021-09-22 00:00:00,0.534515417
3,2021-09-22 03:00:00,0.57513303
3,2021-09-22 05:00:00,1.642281554
3,2021-09-22 06:00:00,1.675266154
3,2021-09-22 07:00:00,10.34390237
3,2021-09-22 08:00:00,8.710813474
3,2021-09-22 09:00:00,6.994772568999998
3,2021-09-22 10:00:00,5.406231766
3,2021-09-22 11:00:00,5.372420385
3,2021-09-22 12:00:00,4.798604497
3,2021-09-22 13:00:00,3.732914199
3,2021-09-22 14:00:00,3.156088195
3,2021-09-22 15:00:00,2.089885436
3,2021-09-22 16:00:00,2.6206674
3,2021-09-22 17:00:00,1.5568463469999998
3,2021-09-22 18:00:00,1.067322385
3,2021-09-22 19:00:00,0.534182367
3,2021-09-22 20:00:00,0.53448797
3,2021-09-22 21:00:00,1.11072803
3,2021-09-23 02:00:00,0.576892565
3,2021-09-23 04:00:00,0.536058614
3,2021-09-23 05:00:00,1.115507882
3,2021-09-23 06:00:00,1.6428288869999998
3,2021-09-23 07:00:00,9.862097014
3,2021-09-23 08:00:00,8.159338649
3,2021-09-23 09:00:00,6.519893646
3,2021-09-23 10:00:00,5.375854556
3,2021-09-23 11:00:00,4.264857326
3,2021-09-23 12:00:00,3.687770412
3,2021-09-23 13:00:00,2.662226899
3,2021-09-23 14:00:00,2.578526659
3,2021-09-23 15:00:00,1.555020386
3,2021-09-23 16:00:00,2.088949395
3,2021-09-23 17:00:00,2.092285288
3,2021-09-23 18:00:00,1.068477847
3,2021-09-23 19:00:00,0.534995941
3,2021-09-23 20:00:00,0.576131729
3,2021-09-23 21:00:00,0.535217749
3,2021-09-23 23:00:00,0.535792725
3,2021-09-24 00:00:00,0.576611653
3,2021-09-24 02:00:00,0.5349415670000001
3,2021-09-24 05:00:00,0.5767201999999999
3,2021-09-24 06:00:00,1.698952457
3,2021-09-24 07:00:00,10.00043986
3,2021-09-24 08:00:00,7.748582367999999
3,2021-09-24 09:00:00,6.038551738
3,2021-09-24 10:00:00,4.30301396
3,2021-09-24 11:00:00,4.306457264
3,2021-09-24 12:00:00,3.766184449
3,2021-09-24 13:00:00,3.762491474
3,2021-09-24 14:00:00,3.71644326
3,2021-09-24 15:00:00,3.21910695
3,2021-09-24 16:00:00,3.179530078
3,2021-09-24 17:00:00,3.2253969060000003
3,2021-09-24 18:00:00,1.076616499
3,2021-09-24 19:00:00,1.119211233
3,2021-09-24 20:00:00,0.539158055
3,2021-09-24 21:00:00,0.539128945
3,2021-09-25 01:00:00,0.579181119
3,2021-09-25 03:00:00,0.5755695129999999
3,2021-09-25 05:00:00,0.5346708960000001
3,2021-09-25 06:00:00,0.5358686189999999
3,2021-09-25 08:00:00,0.578131142
3,2021-09-25 10:00:00,2.18132019
3,2021-09-25 11:00:00,1.604086294
3,2021-09-25 12:00:00,1.0707198409999998
3,2021-09-25 13:00:00,0.5374110360000001
3,2021-09-25 14:00:00,1.076786897
3,2021-09-25 15:00:00,0.538759196
3,2021-09-25 16:00:00,1.077490633
3,2021-09-25 17:00:00,0.538866279
3,2021-09-25 18:00:00,1.119743815
3,2021-09-25 19:00:00,1.078029585
3,2021-09-25 20:00:00,0.580336061
3,2021-09-25 21:00:00,1.119837095
3,2021-09-25 23:00:00,0.53954262
3,2021-09-26 01:00:00,0.535038618
3,2021-09-26 03:00:00,0.575652364
3,2021-09-26 05:00:00,5.556307379
3,2021-09-26 07:00:00,0.577092305
3,2021-09-26 08:00:00,0.535304507
3,2021-09-26 10:00:00,2.177202437
3,2021-09-26 11:00:00,1.066843317
3,2021-09-26 12:00:00,1.066771997
3,2021-09-26 14:00:00,1.065274077
3,2021-09-26 16:00:00,0.532734765
3,2021-09-26 17:00:00,0.533475616
3,2021-09-26 18:00:00,0.493250673
3,2021-09-26 19:00:00,1.111394594
3,2021-09-26 20:00:00,0.535821575
3,2021-09-26 21:00:00,0.5364120929999999
3,2021-09-26 22:00:00,0.577947133
3,2021-09-27 01:00:00,0.530086217
3,2021-09-27 04:00:00,0.570893989
3,2021-09-27 05:00:00,1.101925148
3,2021-09-27 06:00:00,3.874603623
3,2021-09-27 07:00:00,9.412029338
3,2021-09-27 08:00:00,8.798757553
3,2021-09-27 09:00:00,7.108235517000001
3,2021-09-27 10:00:00,6.483585825
3,2021-09-27 11:00:00,4.788817528
3,2021-09-27 12:00:00,4.253138872
3,2021-09-27 13:00:00,3.137362562
3,2021-09-27 14:00:00,2.599381861
3,2021-09-27 15:00:00,2.6007427000000005
3,2021-09-27 16:00:00,2.600263308
3,2021-09-27 17:00:00,2.106017347
3,2021-09-27 18:00:00,1.032329355
3,2021-09-27 19:00:00,0.53664331
3,2021-09-27 20:00:00,0.577794025
3,2021-09-27 21:00:00,1.070742193
3,2021-09-28 01:00:00,0.5296363629999999
3,2021-09-28 04:00:00,0.529753375
3,2021-09-28 05:00:00,0.570975274
3,2021-09-28 06:00:00,1.634083714
3,2021-09-28 07:00:00,9.81373529
3,2021-09-28 08:00:00,8.10069642
3,2021-09-28 09:00:00,5.35956791
3,2021-09-28 10:00:00,4.256902795
3,2021-09-28 11:00:00,2.090589811
3,2021-09-28 13:00:00,0.532823811
3,2021-09-28 16:00:00,0.5323435470000001
3,2021-09-28 18:00:00,0.532642912
3,2021-09-28 19:00:00,0.532043453
3,2021-09-28 21:00:00,1.061590615
3,2021-09-29 05:00:00,0.529681848
3,2021-09-29 06:00:00,1.061617229
3,2021-09-29 07:00:00,8.618087293
3,2021-09-29 08:00:00,5.391974299
3,2021-09-29 09:00:00,3.716632579
3,2021-09-29 10:00:00,2.655355106
3,2021-09-29 11:00:00,1.59357408
3,2021-09-29 12:00:00,2.084910147
3,2021-09-29 13:00:00,2.126087869
3,2021-09-29 14:00:00,3.720029359
3,2021-09-29 15:00:00,3.762523403
3,2021-09-29 16:00:00,3.190709984
3,2021-09-29 17:00:00,3.2307130710000003
3,2021-09-29 18:00:00,1.103642734
3,2021-09-29 20:00:00,0.531011242
3,2021-09-29 21:00:00,0.530779245
3,2021-09-30 01:00:00,0.528728961
3,2021-09-30 05:00:00,0.569358658
3,2021-09-30 06:00:00,1.100137171
3,2021-09-30 07:00:00,8.065023457999999
3,2021-09-30 08:00:00,5.867499585
3,2021-09-30 09:00:00,4.3235092160000015
3,2021-09-30 10:00:00,3.714372183
3,2021-09-30 11:00:00,3.181031617
3,2021-09-30 12:00:00,1.589900755
3,2021-09-30 13:00:00,2.076966652
3,2021-09-30 14:00:00,1.58754939
3,2021-09-30 15:00:00,3.703911483
3,2021-09-30 16:00:00,3.174080759
3,2021-09-30 17:00:00,2.69161258
3,2021-09-30 18:00:00,1.060467902
3,2021-09-30 19:00:00,0.5301664779999999
3,2021-09-30 20:00:00,0.529849906
3,2021-10-03 06:00:00,1.0532976790000002
3,2021-10-03 07:00:00,1.620680771
3,2021-10-03 08:00:00,0.526197218
3,2021-10-04 01:00:00,0.517901579
3,2021-10-05 01:00:00,0.5159975210000001
3,2021-10-05 02:00:00,0.517262145
3,2021-10-05 04:00:00,0.558181403
3,2021-10-05 05:00:00,0.517634026
3,2021-10-05 06:00:00,2.654042066
3,2021-10-05 07:00:00,8.444242993
3,2021-10-05 08:00:00,7.854574598999998
3,2021-10-05 09:00:00,6.7783146620000005
3,2021-10-05 10:00:00,5.189880775
3,2021-10-05 11:00:00,5.182123508
3,2021-10-05 12:00:00,4.6367911930000005
3,2021-10-05 13:00:00,5.198102147
3,2021-10-05 14:00:00,5.231488594
3,2021-10-05 15:00:00,5.184288461
3,2021-10-05 16:00:00,4.707573633
3,2021-10-05 17:00:00,3.649037471
3,2021-10-05 18:00:00,1.034756547
3,2021-10-05 19:00:00,0.515511175
3,2021-10-05 20:00:00,1.069847791
3,2021-10-05 21:00:00,0.5161625639999999
3,2021-10-05 22:00:00,0.516110218
3,2021-10-05 23:00:00,1.070964885
3,2021-10-06 03:00:00,0.554956456
3,2021-10-06 04:00:00,0.515093238
3,2021-10-06 05:00:00,0.5542646999999999
3,2021-10-06 11:00:00,2.060600425
3,2021-10-06 12:00:00,7.809056916
3,2021-10-06 13:00:00,7.2519325760000015
3,2021-10-06 14:00:00,7.206601141
3,2021-10-06 15:00:00,6.218950336
3,2021-10-06 16:00:00,6.257192408
3,2021-10-06 17:00:00,5.744539017
3,2021-10-06 18:00:00,2.099360572
3,2021-10-06 19:00:00,1.029926148
3,2021-10-06 20:00:00,1.069725468
3,2021-10-06 21:00:00,0.554758004
3,2021-10-06 22:00:00,0.515219035
3,2021-10-06 23:00:00,0.515435697
3,2021-10-07 01:00:00,0.567843647
3,2021-10-07 03:00:00,0.527388651
3,2021-10-07 05:00:00,0.569143747
3,2021-10-07 06:00:00,0.564196269
3,2021-10-07 07:00:00,2.2150907980000003
3,2021-10-07 08:00:00,1.6495962919999998
3,2021-10-07 09:00:00,1.641778294
3,2021-10-07 10:00:00,1.032089545
3,2021-10-07 11:00:00,1.586114975
3,2021-10-07 12:00:00,1.06770591
3,2021-10-07 13:00:00,1.028077971
3,2021-10-07 14:00:00,1.028507553
3,2021-10-07 15:00:00,1.029062515
3,2021-10-07 16:00:00,1.070580213
3,2021-10-07 17:00:00,1.0343526440000002
3,2021-10-07 18:00:00,0.518501454
3,2021-10-07 19:00:00,1.077671447
3,2021-10-07 20:00:00,0.5596238060000001
3,2021-10-07 22:00:00,0.519494055
3,2021-10-08 02:00:00,0.561376232
3,2021-10-08 03:00:00,0.520587241
3,2021-10-08 04:00:00,1.080902675
3,2021-10-08 05:00:00,0.519954409
3,2021-10-08 06:00:00,3.765856065
3,2021-10-08 07:00:00,9.746524559
3,2021-10-08 08:00:00,9.648413772
3,2021-10-08 09:00:00,7.968912052999999
3,2021-10-08 10:00:00,6.811830069
3,2021-10-08 11:00:00,5.7296479620000005
3,2021-10-08 12:00:00,5.1604776480000005
3,2021-10-08 13:00:00,4.607753286
3,2021-10-08 14:00:00,4.568866162
3,2021-10-08 15:00:00,4.0625917330000005
3,2021-10-08 16:00:00,4.151933538
3,2021-10-08 17:00:00,4.153805679
3,2021-10-08 18:00:00,1.543722117
3,2021-10-08 19:00:00,0.515611033
3,2021-10-08 20:00:00,1.070662265
3,2021-10-08 21:00:00,0.515205467
3,2021-10-08 22:00:00,1.069216962
3,2021-10-08 23:00:00,1.031467734
3,2021-10-09 01:00:00,0.52541109
3,2021-10-09 04:00:00,0.525342993
3,2021-10-09 06:00:00,0.564004646
3,2021-10-09 07:00:00,10.15177126
3,2021-10-09 08:00:00,6.3686764239999984
3,2021-10-09 09:00:00,5.849993404
3,2021-10-09 10:00:00,4.243034447
3,2021-10-09 11:00:00,4.24730145
3,2021-10-09 12:00:00,2.590403431
3,2021-10-09 13:00:00,2.103319436
3,2021-10-09 14:00:00,2.062104411
3,2021-10-09 15:00:00,2.064314608
3,2021-10-09 16:00:00,2.063364497
3,2021-10-09 17:00:00,2.103764196
3,2021-10-09 18:00:00,0.5256518720000001
3,2021-10-09 19:00:00,0.525463124
3,2021-10-09 21:00:00,0.565798833
3,2021-10-10 02:00:00,0.566276126
3,2021-10-10 04:00:00,1.6554376169999998
3,2021-10-10 05:00:00,1.6553187580000002
3,2021-10-10 07:00:00,0.52517244
3,2021-10-10 09:00:00,1.615831547
3,2021-10-10 10:00:00,0.525366541
3,2021-10-10 11:00:00,0.5255292460000001
3,2021-10-10 12:00:00,0.525804024
3,2021-10-10 13:00:00,0.5256871160000001
3,2021-10-10 16:00:00,0.525757344
3,2021-10-10 17:00:00,0.525858033
3,2021-10-10 18:00:00,0.525918229
3,2021-10-10 19:00:00,0.566202791
3,2021-10-10 21:00:00,0.525583879
3,2021-10-11 04:00:00,1.095057613
3,2021-10-11 05:00:00,1.095113538
3,2021-10-11 06:00:00,6.456974665
3,2021-10-11 07:00:00,4.3032468160000015
3,2021-10-11 08:00:00,4.303130256
3,2021-10-11 09:00:00,3.735316518
3,2021-10-11 10:00:00,3.20514571
3,2021-10-11 11:00:00,2.635234597
3,2021-10-11 12:00:00,2.107932757
3,2021-10-11 13:00:00,1.581738502
3,2021-10-11 14:00:00,1.014560424
3,2021-10-11 15:00:00,1.5416173480000002
3,2021-10-11 16:00:00,0.527556709
3,2021-10-11 17:00:00,0.5276239220000001
3,2021-10-12 10:00:00,1.068840475
3,2021-10-12 13:00:00,0.534702501
3,2021-10-13 04:00:00,1.107264897
3,2021-10-13 05:00:00,1.639386223
3,2021-10-13 06:00:00,9.615030421
3,2021-10-13 07:00:00,6.920552452000001
3,2021-10-13 08:00:00,5.349166534
3,2021-10-13 09:00:00,3.687142634
3,2021-10-13 10:00:00,4.21545423
3,2021-10-13 11:00:00,2.636142727
3,2021-10-13 12:00:00,2.108735986
3,2021-10-13 13:00:00,2.068663831
3,2021-10-13 14:00:00,2.637106218
3,2021-10-13 15:00:00,1.584430767
3,2021-10-13 16:00:00,1.543395748
3,2021-10-13 17:00:00,0.527589094
3,2021-10-13 18:00:00,0.526913273
3,2021-10-13 20:00:00,0.568066395
3,2021-10-13 23:00:00,0.530610147
3,2021-10-14 02:00:00,0.573089896
3,2021-10-14 04:00:00,1.106162809
3,2021-10-14 05:00:00,1.106277142
3,2021-10-14 06:00:00,9.871978676
3,2021-10-14 07:00:00,7.662140844
3,2021-10-14 08:00:00,6.5147730510000015
3,2021-10-14 09:00:00,5.407846895
3,2021-10-14 10:00:00,4.261157022
3,2021-10-14 11:00:00,3.689980417
3,2021-10-14 12:00:00,3.196622237
3,2021-10-14 13:00:00,3.156492769
3,2021-10-14 14:00:00,2.090992778
3,2021-10-14 15:00:00,2.664856421
3,2021-10-14 16:00:00,3.197604077
3,2021-10-14 17:00:00,1.066087495
3,2021-10-14 18:00:00,0.533217784
3,2021-10-14 19:00:00,0.574205315
3,2021-10-14 20:00:00,0.533301527
3,2021-10-14 22:00:00,0.532962187
3,2021-10-15 04:00:00,0.570374935
3,2021-10-15 06:00:00,9.872123227000001
3,2021-10-15 07:00:00,7.080072723
3,2021-10-15 08:00:00,6.506914139
3,2021-10-15 09:00:00,4.866272101
3,2021-10-15 10:00:00,3.717932343
3,2021-10-15 11:00:00,3.717829003
3,2021-10-15 12:00:00,3.675334139
3,2021-10-15 13:00:00,2.652657227
3,2021-10-15 14:00:00,3.712300638
3,2021-10-15 15:00:00,4.325981564
3,2021-10-15 16:00:00,3.75646488
3,2021-10-15 17:00:00,1.10273919
3,2021-10-15 18:00:00,0.531131996
3,2021-10-15 19:00:00,0.531205343
3,2021-10-15 20:00:00,0.5713419479999999
3,2021-10-15 21:00:00,0.5304809189999999
3,2021-10-15 22:00:00,0.530991592
3,2021-10-16 04:00:00,0.569095492
3,2021-10-16 07:00:00,2.156316757
3,2021-10-16 08:00:00,1.099402698
3,2021-10-16 09:00:00,1.059254532
3,2021-10-16 10:00:00,0.529871323
3,2021-10-16 11:00:00,0.530321853
3,2021-10-16 12:00:00,1.061916751
3,2021-10-16 13:00:00,0.5303920289999999
3,2021-10-16 14:00:00,0.530518606
3,2021-10-16 15:00:00,0.53120264
3,2021-10-16 18:00:00,0.531734419
3,2021-10-16 19:00:00,0.5719557789999999
3,2021-10-16 20:00:00,0.530054144
3,2021-10-16 21:00:00,0.5286888829999999
3,2021-10-16 22:00:00,1.097435501
3,2021-10-17 04:00:00,1.6278650380000002
3,2021-10-17 05:00:00,1.09916086
3,2021-10-17 06:00:00,0.5287494939999999
3,2021-10-17 07:00:00,1.6687957759999998
3,2021-10-17 08:00:00,1.058361165
3,2021-10-17 09:00:00,1.100718552
3,2021-10-17 10:00:00,0.530654643
3,2021-10-17 11:00:00,0.529924761
3,2021-10-17 13:00:00,0.5291172679999999
3,2021-10-17 14:00:00,0.5291186720000001
3,2021-10-17 15:00:00,0.5292836120000001
3,2021-10-17 18:00:00,0.529673426
3,2021-10-17 19:00:00,0.529677845
3,2021-10-17 20:00:00,0.529997276
3,2021-10-17 22:00:00,0.571216215
3,2021-10-17 23:00:00,0.530524792
3,2021-10-18 04:00:00,1.095327521
3,2021-10-18 05:00:00,1.622178659
3,2021-10-18 07:00:00,7.004951077
3,2021-10-18 08:00:00,5.908122613
3,2021-10-18 09:00:00,4.807429364
3,2021-10-18 10:00:00,4.277537004
3,2021-10-18 11:00:00,3.704820809
3,2021-10-18 12:00:00,2.64538543
3,2021-10-18 13:00:00,1.546189922
3,2021-10-18 14:00:00,1.587443034
3,2021-10-18 15:00:00,1.017255203
3,2021-10-18 16:00:00,0.528563917
3,2021-10-18 17:00:00,0.528545048
3,2021-10-18 19:00:00,0.569260243
3,2021-10-18 20:00:00,0.528403916
3,2021-10-18 21:00:00,0.527894854
3,2021-10-18 23:00:00,0.567543758
3,2021-10-19 00:00:00,0.5661769839999999
3,2021-10-19 04:00:00,1.091977857
3,2021-10-19 05:00:00,1.0505296240000002
3,2021-10-19 06:00:00,9.859665601
3,2021-10-19 07:00:00,7.592966987
3,2021-10-19 08:00:00,5.324030314
3,2021-10-19 09:00:00,4.751862112
3,2021-10-19 10:00:00,3.650182688
3,2021-10-19 11:00:00,3.64634064
3,2021-10-19 12:00:00,3.118321197
3,2021-10-19 13:00:00,2.064081516
3,2021-10-19 14:00:00,1.4975118859999998
3,2021-10-19 15:00:00,2.064377215
3,2021-10-19 16:00:00,1.012296297
3,2021-10-19 17:00:00,0.5268414339999999
3,2021-10-19 18:00:00,0.526996341
3,2021-10-19 19:00:00,0.526832285
3,2021-10-19 20:00:00,0.52666459
3,2021-10-19 21:00:00,0.526098659
3,2021-10-20 02:00:00,0.525463488
3,2021-10-20 04:00:00,0.525511312
3,2021-10-20 05:00:00,0.525464944
3,2021-10-20 06:00:00,9.686413651
3,2021-10-20 07:00:00,5.892281074
3,2021-10-20 08:00:00,4.240162208
3,2021-10-20 09:00:00,3.108867285
3,2021-10-20 10:00:00,1.533311256
3,2021-10-20 11:00:00,0.5245549939999999
3,2021-10-20 18:00:00,0.5255498829999999
3,2021-10-20 19:00:00,0.525450856
3,2021-10-20 22:00:00,0.52542866
3,2021-10-21 02:00:00,0.5673488320000001
3,2021-10-21 05:00:00,0.5274128220000001
3,2021-10-21 06:00:00,7.962852726
3,2021-10-21 07:00:00,3.719464444
3,2021-10-21 08:00:00,3.721495846
3,2021-10-21 09:00:00,2.104438926
3,2021-10-21 10:00:00,1.011908129
3,2021-10-21 11:00:00,0.526111239
3,2021-10-21 22:00:00,0.526610424
3,2021-10-22 04:00:00,0.531503098
3,2021-10-22 06:00:00,7.466378202
3,2021-10-22 07:00:00,2.637386142
3,2021-10-22 08:00:00,1.05475131
3,2021-10-22 09:00:00,0.527133782
3,2021-10-22 10:00:00,0.527139448
3,2021-10-22 21:00:00,0.528572234
3,2021-10-22 22:00:00,0.528733379
3,2021-10-23 03:00:00,0.533021655
3,2021-10-23 07:00:00,1.10592421
3,2021-10-23 08:00:00,0.5325448220000001
3,2021-10-23 09:00:00,0.5329950920000001
3,2021-10-23 11:00:00,0.532769489
3,2021-10-23 15:00:00,0.531685867
3,2021-10-23 17:00:00,0.5310318270000001
3,2021-10-23 18:00:00,0.5307908370000001
3,2021-10-23 20:00:00,0.531606542
3,2021-10-23 21:00:00,0.573051996
3,2021-10-23 22:00:00,0.532631372
3,2021-10-24 00:00:00,0.573963029
3,2021-10-24 04:00:00,1.639967784
3,2021-10-24 05:00:00,1.107065273
3,2021-10-24 07:00:00,1.683795505
3,2021-10-24 08:00:00,1.068410478
3,2021-10-24 09:00:00,0.533689159
3,2021-10-24 10:00:00,1.068424825
3,2021-10-24 12:00:00,0.534375741
3,2021-10-24 13:00:00,0.534290334
3,2021-10-24 14:00:00,0.5343425239999999
3,2021-10-24 16:00:00,0.534621617
3,2021-10-24 17:00:00,0.534944894
3,2021-10-24 18:00:00,0.535310745
3,2021-10-24 20:00:00,0.53533814
3,2021-10-24 21:00:00,0.575749883
3,2021-10-24 22:00:00,0.533353977
3,2021-10-25 03:00:00,0.533509664
3,2021-10-25 04:00:00,1.149186636
3,2021-10-25 05:00:00,1.642445498
3,2021-10-25 06:00:00,10.37240776
3,2021-10-25 07:00:00,7.6266765
3,2021-10-25 08:00:00,5.4148948720000005
3,2021-10-25 09:00:00,5.3738174160000005
3,2021-10-25 10:00:00,4.224650561
3,2021-10-25 11:00:00,3.691283892
3,2021-10-25 12:00:00,2.584484424
3,2021-10-25 13:00:00,2.133882295
3,2021-10-25 14:00:00,2.052025025
3,2021-10-25 15:00:00,1.600589812
3,2021-10-25 16:00:00,3.119065883
3,2021-10-25 17:00:00,0.533461581
3,2021-10-25 18:00:00,0.533314107
3,2021-10-25 19:00:00,0.533365102
3,2021-10-25 20:00:00,0.533612641
3,2021-10-25 21:00:00,0.533940701
3,2021-10-25 22:00:00,0.57536132
3,2021-10-26 04:00:00,1.106672935
3,2021-10-26 05:00:00,0.532781029
3,2021-10-26 06:00:00,9.93896478
3,2021-10-26 07:00:00,6.611947214
3,2021-10-26 08:00:00,5.379955028
3,2021-10-26 09:00:00,4.2291493010000005
3,2021-10-26 10:00:00,3.694418061
3,2021-10-26 11:00:00,2.093711985
3,2021-10-26 12:00:00,2.052627819
3,2021-10-26 13:00:00,1.55968413
3,2021-10-26 14:00:00,0.492487733
3,2021-10-26 15:00:00,0.5335406979999999
3,2021-10-26 16:00:00,0.492575879
3,2021-10-26 18:00:00,0.533623349
3,2021-10-26 20:00:00,0.5335329000000001
3,2021-10-26 21:00:00,0.533480814
3,2021-10-26 22:00:00,0.533379865
3,2021-10-27 01:00:00,0.532796728
3,2021-10-27 05:00:00,0.533239097
3,2021-10-27 06:00:00,9.263421393
3,2021-10-27 07:00:00,4.87621187
3,2021-10-27 08:00:00,3.195918605
3,2021-10-27 09:00:00,1.024343483
3,2021-10-27 10:00:00,0.5326208720000001
3,2021-10-27 22:00:00,0.5331806170000001
3,2021-10-28 04:00:00,0.573217644
3,2021-10-28 05:00:00,1.064623363
3,2021-10-28 06:00:00,3.772511928
3,2021-10-28 07:00:00,2.132478358
3,2021-10-28 08:00:00,1.599498341
3,2021-10-28 09:00:00,1.065683489
3,2021-10-28 10:00:00,1.598356031
3,2021-10-28 16:00:00,1.5570457030000002
3,2021-10-28 18:00:00,0.532513009
3,2021-10-28 20:00:00,0.532347445
3,2021-10-28 22:00:00,0.532328316
3,2021-10-29 02:00:00,0.574185385
3,2021-10-29 04:00:00,0.533436577
3,2021-10-29 06:00:00,5.44671209
3,2021-10-29 07:00:00,4.342288547
3,2021-10-29 08:00:00,2.7051076110000003
3,2021-10-29 09:00:00,2.705254609
3,2021-10-29 10:00:00,2.663114756
3,2021-10-29 11:00:00,2.130316936
3,2021-10-29 12:00:00,2.170259264
3,2021-10-29 13:00:00,1.556832216
3,2021-10-29 14:00:00,2.131121621
3,2021-10-29 15:00:00,1.5975524369999998
3,2021-10-29 16:00:00,1.556510693
3,2021-10-29 17:00:00,0.5325141
3,2021-10-29 18:00:00,0.532539884
3,2021-10-29 19:00:00,0.573709156
3,2021-10-29 20:00:00,0.5329953000000001
3,2021-10-29 21:00:00,0.574063123
3,2021-10-29 22:00:00,0.533005229
3,2021-10-30 02:00:00,0.573204656
3,2021-10-30 05:00:00,0.532458063
3,2021-10-30 06:00:00,0.574836051
3,2021-10-30 07:00:00,1.6832518669999998
3,2021-10-30 08:00:00,1.065611441
3,2021-10-30 09:00:00,1.065923439
3,2021-10-30 10:00:00,0.533121825
3,2021-10-30 11:00:00,0.532961304
3,2021-10-30 12:00:00,0.5330295039999999
3,2021-10-30 13:00:00,0.532938743
3,2021-10-30 14:00:00,0.532382325
3,2021-10-30 15:00:00,0.531838227
3,2021-10-30 17:00:00,0.531542968
3,2021-10-30 18:00:00,0.531527269
3,2021-10-30 19:00:00,0.531573845
3,2021-10-30 20:00:00,0.531481993
3,2021-10-30 21:00:00,0.572299166
3,2021-10-30 22:00:00,0.531513858
3,2021-10-30 23:00:00,0.531811248
3,2021-10-31 04:00:00,1.06267486
3,2021-10-31 05:00:00,0.573037945
3,2021-10-31 07:00:00,2.213927791
3,2021-10-31 08:00:00,0.573157296
3,2021-10-31 09:00:00,1.06353184
3,2021-10-31 11:00:00,0.531181795
3,2021-10-31 13:00:00,0.530323932
3,2021-10-31 16:00:00,0.52988463
3,2021-10-31 20:00:00,0.52977999
3,2021-10-31 22:00:00,0.570913471
3,2021-11-03 06:00:00,0.5271857120000001
3,2021-11-05 00:00:00,0.516533614
3,2021-11-05 01:00:00,0.555961089
3,2021-11-05 03:00:00,0.517515194
3,2021-11-05 04:00:00,0.517383004
3,2021-11-05 05:00:00,0.556627933
3,2021-11-05 06:00:00,2.66622976
3,2021-11-05 07:00:00,9.545516487999999
3,2021-11-05 08:00:00,8.417709351000001
3,2021-11-05 09:00:00,6.8412244620000005
3,2021-11-05 10:00:00,6.288121405
3,2021-11-05 11:00:00,5.21127101
3,2021-11-05 12:00:00,5.213574775
3,2021-11-05 13:00:00,4.096106787
3,2021-11-05 14:00:00,4.096470871
3,2021-11-05 15:00:00,3.101216514
3,2021-11-05 16:00:00,3.1001741660000004
3,2021-11-05 17:00:00,3.140984861
3,2021-11-05 18:00:00,1.033283785
3,2021-11-05 19:00:00,0.516347413
3,2021-11-05 20:00:00,0.516136157
3,2021-11-05 21:00:00,1.072769381
3,2021-11-05 22:00:00,0.516621256
3,2021-11-05 23:00:00,0.556517595
3,2021-11-06 06:00:00,2.650789121
3,2021-11-06 08:00:00,9.528319161
3,2021-11-06 09:00:00,8.962427095
3,2021-11-06 10:00:00,7.894096957999999
3,2021-11-06 11:00:00,6.269616445
3,2021-11-06 12:00:00,5.19329766
3,2021-11-06 13:00:00,5.15575321
3,2021-11-06 14:00:00,4.639931805
3,2021-11-06 15:00:00,4.639279168
3,2021-11-06 16:00:00,5.195738667
3,2021-11-06 17:00:00,4.721674125
3,2021-11-06 18:00:00,1.0310849359999998
3,2021-11-06 19:00:00,1.031469189
3,2021-11-06 20:00:00,0.556357042
3,2021-11-06 22:00:00,0.5168494060000001
3,2021-11-06 23:00:00,0.516319811
3,2021-11-07 01:00:00,0.53101592
3,2021-11-07 03:00:00,0.571760238
3,2021-11-07 04:00:00,1.102065176
3,2021-11-07 05:00:00,5.512864095
3,2021-11-07 07:00:00,2.187474665
3,2021-11-07 08:00:00,2.230944743
3,2021-11-07 09:00:00,1.090408613
3,2021-11-07 10:00:00,1.612035563
3,2021-11-07 11:00:00,1.088817776
3,2021-11-07 12:00:00,1.613086564
3,2021-11-07 13:00:00,1.047973657
3,2021-11-07 14:00:00,1.048472998
3,2021-11-07 15:00:00,1.094745708
3,2021-11-07 16:00:00,1.05615847
3,2021-11-07 17:00:00,0.525122121
3,2021-11-07 18:00:00,1.093535333
3,2021-11-07 19:00:00,1.084896879
3,2021-11-07 21:00:00,0.5214273779999999
3,2021-11-07 23:00:00,0.566958309
3,2021-11-08 00:00:00,0.524250118
3,2021-11-08 02:00:00,0.564066897
3,2021-11-08 03:00:00,0.523948829
3,2021-11-08 04:00:00,1.652871074
3,2021-11-08 05:00:00,1.128826613
3,2021-11-08 06:00:00,3.186571293
3,2021-11-08 07:00:00,10.07887418
3,2021-11-08 08:00:00,7.454915053
3,2021-11-08 09:00:00,6.9175017410000015
3,2021-11-08 10:00:00,6.397884369
3,2021-11-08 11:00:00,4.751076232
3,2021-11-08 12:00:00,5.277618192
3,2021-11-08 13:00:00,4.753821863
3,2021-11-08 14:00:00,4.71848639
3,2021-11-08 15:00:00,6.457776084
3,2021-11-08 16:00:00,5.892723011
3,2021-11-08 17:00:00,4.844006232
3,2021-11-08 18:00:00,1.614754795
3,2021-11-08 19:00:00,0.564978098
3,2021-11-08 20:00:00,1.04912496
3,2021-11-08 21:00:00,1.089805531
3,2021-11-08 22:00:00,1.08957449
3,2021-11-08 23:00:00,0.564880411
3,2021-11-09 02:00:00,0.523184794
3,2021-11-09 05:00:00,0.522897125
3,2021-11-09 07:00:00,0.566221825
3,2021-11-09 08:00:00,1.619894639
3,2021-11-09 09:00:00,1.053649287
3,2021-11-09 10:00:00,0.526867217
3,2021-11-09 18:00:00,1.047633901
3,2021-11-09 20:00:00,0.564013491
3,2021-11-09 23:00:00,0.523331488
3,2021-11-10 02:00:00,0.524413967
3,2021-11-10 04:00:00,1.653096989
3,2021-11-10 05:00:00,1.612591214
3,2021-11-10 07:00:00,9.20824869
3,2021-11-10 08:00:00,6.990386243
3,2021-11-10 09:00:00,5.854012011
3,2021-11-10 10:00:00,5.246273537
3,2021-11-10 11:00:00,4.72023237
3,2021-11-10 12:00:00,4.155701599
3,2021-11-10 13:00:00,4.196504828999998
3,2021-11-10 14:00:00,3.630742487
3,2021-11-10 15:00:00,4.1967555910000005
3,2021-11-10 16:00:00,3.106202455
3,2021-11-10 17:00:00,0.5243092220000001
3,2021-11-10 18:00:00,0.523871428
3,2021-11-10 19:00:00,1.087901493
3,2021-11-10 20:00:00,0.523696715
3,2021-11-10 23:00:00,0.5646908039999999
3,2021-11-11 04:00:00,0.528498836
3,2021-11-11 05:00:00,1.09850628
3,2021-11-11 06:00:00,9.736021989
3,2021-11-11 07:00:00,5.920921166
3,2021-11-11 08:00:00,4.785092512
3,2021-11-11 09:00:00,3.692855847
3,2021-11-11 10:00:00,3.1263240000000003
3,2021-11-11 11:00:00,2.599754222
3,2021-11-11 12:00:00,1.543928934
3,2021-11-11 13:00:00,1.015733323
3,2021-11-11 14:00:00,1.5432833069999998
3,2021-11-11 15:00:00,1.5832728619999998
3,2021-11-11 16:00:00,2.638490505
3,2021-11-11 17:00:00,0.5280799110000001
3,2021-11-11 18:00:00,0.528350842
3,2021-11-13 07:00:00,1.064310534
3,2021-11-13 08:00:00,1.104529003
3,2021-11-13 09:00:00,0.532182713
3,2021-11-13 10:00:00,0.5315626689999999
3,2021-11-13 11:00:00,0.531468425
3,2021-11-13 12:00:00,0.5314758589999999
3,2021-11-13 13:00:00,0.531892653
3,2021-11-13 14:00:00,0.5324441839999999
3,2021-11-13 15:00:00,0.532810295
3,2021-11-13 17:00:00,0.5325438339999999
3,2021-11-13 18:00:00,0.532328264
3,2021-11-14 04:00:00,4.933314773
3,2021-11-14 05:00:00,3.832567267
3,2021-11-14 07:00:00,1.633010001
3,2021-11-14 08:00:00,1.102522724
3,2021-11-14 09:00:00,0.5311204039999999
3,2021-11-14 10:00:00,1.103531855
3,2021-11-14 11:00:00,0.531149046
3,2021-11-14 12:00:00,1.060507305
3,2021-11-14 13:00:00,0.529721354
3,2021-11-14 14:00:00,1.058862898
3,2021-11-14 15:00:00,0.529603302
3,2021-11-14 16:00:00,0.529547369
3,2021-11-14 17:00:00,0.570233695
3,2021-11-14 18:00:00,0.529588955
3,2021-11-14 21:00:00,0.529642081
3,2021-11-15 04:00:00,1.142138083
3,2021-11-15 05:00:00,1.672296964
3,2021-11-15 06:00:00,9.257293609
3,2021-11-15 07:00:00,8.15442963
3,2021-11-15 08:00:00,7.545789383
3,2021-11-15 09:00:00,6.976371045
3,2021-11-15 10:00:00,6.4035218160000005
3,2021-11-15 11:00:00,5.301039954
3,2021-11-15 12:00:00,5.340493488
3,2021-11-15 13:00:00,5.299978476000001
3,2021-11-15 14:00:00,4.240499692
3,2021-11-15 15:00:00,4.771583917
3,2021-11-15 16:00:00,3.181396532
3,2021-11-15 17:00:00,1.060370071
3,2021-11-16 04:00:00,1.09972324
3,2021-11-16 05:00:00,1.099620459
3,2021-11-16 06:00:00,10.39578024
3,2021-11-16 07:00:00,8.153380387999999
3,2021-11-16 08:00:00,6.439266309
3,2021-11-16 09:00:00,5.830327412000001
3,2021-11-16 10:00:00,5.301640349
3,2021-11-16 11:00:00,4.242274158
3,2021-11-16 12:00:00,4.242396005
3,2021-11-16 13:00:00,3.1379747410000003
3,2021-11-16 14:00:00,3.178878928
3,2021-11-16 15:00:00,3.13755662
3,2021-11-16 16:00:00,2.64796323
3,2021-11-16 17:00:00,0.529370266
3,2021-11-16 18:00:00,0.529182558
3,2021-11-17 04:00:00,0.529703212
3,2021-11-17 05:00:00,0.570332725
3,2021-11-17 06:00:00,9.816999324
3,2021-11-17 07:00:00,7.044441355
3,2021-11-17 08:00:00,5.33444964
3,2021-11-17 09:00:00,3.6653166
3,2021-11-17 10:00:00,3.666872348
3,2021-11-17 11:00:00,1.5484109469999998
3,2021-11-17 12:00:00,1.5487576930000002
3,2021-11-17 13:00:00,1.018709607
3,2021-11-17 14:00:00,1.547761977
3,2021-11-17 20:00:00,0.529695155
3,2021-11-18 01:00:00,0.529622328
3,2021-11-18 05:00:00,0.530834554
3,2021-11-18 06:00:00,6.436207841
3,2021-11-18 07:00:00,2.159451167
3,2021-11-18 08:00:00,2.1187375790000003
3,2021-11-18 09:00:00,1.059742022
3,2021-11-18 10:00:00,1.059932381
3,2021-11-19 06:00:00,8.126044582999999
3,2021-11-19 07:00:00,4.286548387
3,2021-11-19 08:00:00,3.183078574
3,2021-11-19 09:00:00,2.121709716
3,2021-11-19 10:00:00,1.550708251
3,2021-11-19 11:00:00,1.061341204
3,2021-11-19 12:00:00,1.061422192
3,2021-11-19 13:00:00,1.02092595
3,2021-11-19 14:00:00,1.061907602
3,2021-11-19 15:00:00,0.5309635739999999
3,2021-11-19 16:00:00,0.53109093
3,2021-11-19 18:00:00,0.531300263
3,2021-11-20 07:00:00,1.5940572030000002
3,2021-11-20 08:00:00,0.5313996529999999
3,2021-11-20 10:00:00,0.530841831
3,2021-11-20 11:00:00,0.5304764479999999
3,2021-11-20 13:00:00,0.530399982
3,2021-11-20 18:00:00,0.531805998
3,2021-11-21 04:00:00,0.532890556
3,2021-11-21 05:00:00,1.107449514
3,2021-11-21 06:00:00,0.57378613
3,2021-11-21 07:00:00,1.0661357340000002
3,2021-11-21 08:00:00,0.533343893
3,2021-11-21 09:00:00,0.5333700920000001
3,2021-11-21 10:00:00,0.532846423
3,2021-11-21 15:00:00,0.532734557
3,2021-11-21 18:00:00,0.532833011
3,2021-11-22 00:00:00,0.532818924
3,2021-11-22 05:00:00,0.575015638
3,2021-11-22 06:00:00,8.699344211
3,2021-11-22 07:00:00,3.775799253
3,2021-11-22 08:00:00,1.600283689
3,2021-11-22 09:00:00,1.0254528040000002
3,2021-11-23 02:00:00,0.533695761
3,2021-11-23 06:00:00,4.808471716000001
3,2021-11-23 07:00:00,1.644503995
3,2021-11-23 08:00:00,1.028171975
3,2021-11-23 09:00:00,0.53488657
3,2021-11-24 05:00:00,0.534633261
3,2021-11-24 06:00:00,2.670194998
3,2021-11-24 07:00:00,1.067777126
3,2021-11-24 08:00:00,0.533819634
3,2021-11-25 04:00:00,0.574245957
3,2021-11-25 05:00:00,0.533485025
3,2021-11-25 06:00:00,2.140839183
3,2021-11-25 07:00:00,1.07088161
3,2021-11-25 09:00:00,0.534709675
3,2021-11-25 14:00:00,1.066655453
3,2021-11-25 16:00:00,2.132170415
3,2021-11-25 17:00:00,0.533038029
3,2021-11-25 18:00:00,0.533216536
3,2021-11-26 06:00:00,7.638660478999999
3,2021-11-26 07:00:00,3.780447714
3,2021-11-26 08:00:00,2.670874406
3,2021-11-26 09:00:00,1.026389884
3,2021-11-26 10:00:00,0.533333548
3,2021-11-26 11:00:00,0.533027997
3,2021-11-26 18:00:00,0.532734973
3,2021-11-27 07:00:00,1.642275476
3,2021-11-27 08:00:00,0.533363646
3,2021-11-27 10:00:00,0.533788705
3,2021-11-27 18:00:00,0.492712681
3,2021-11-27 19:00:00,0.5332833339999999
3,2021-11-28 01:00:00,0.572709226
3,2021-11-28 05:00:00,0.533316342
3,2021-11-28 07:00:00,1.10414433
3,2021-11-28 08:00:00,0.531646465
3,2021-11-29 06:00:00,6.483263764
3,2021-11-29 07:00:00,1.065420771
3,2021-11-29 08:00:00,1.0642917159999998
3,2021-11-30 06:00:00,0.532288237
3,2021-11-30 07:00:00,0.532000256
3,2021-12-02 08:00:00,0.53189889
3,2021-12-04 06:00:00,0.5562839310000001
3,2021-12-04 07:00:00,5.897811106
3,2021-12-04 08:00:00,3.708205289
3,2021-12-04 09:00:00,3.710551808
3,2021-12-04 10:00:00,3.156005216
3,2021-12-04 11:00:00,3.11354005
3,2021-12-04 12:00:00,2.036020495
3,2021-12-04 13:00:00,2.078936851
3,2021-12-04 14:00:00,2.60269397
3,2021-12-04 15:00:00,2.5650665480000003
3,2021-12-04 16:00:00,2.085172225
3,2021-12-04 17:00:00,1.5647100530000002
3,2021-12-05 01:00:00,0.515354604
3,2021-12-05 03:00:00,0.514853184
3,2021-12-05 04:00:00,0.554391329
3,2021-12-05 05:00:00,0.517219571
3,2021-12-05 06:00:00,3.184674981
3,2021-12-05 07:00:00,8.007465159
3,2021-12-05 08:00:00,7.412758785
3,2021-12-05 09:00:00,5.816936932999999
3,2021-12-05 10:00:00,4.172815527
3,2021-12-05 11:00:00,4.161183399
3,2021-12-05 12:00:00,3.090623364
3,2021-12-05 13:00:00,3.564640621
3,2021-12-05 14:00:00,2.534798228
3,2021-12-05 15:00:00,2.022903286
3,2021-12-05 16:00:00,1.5463691569999998
3,2021-12-05 17:00:00,3.094748779
3,2021-12-05 18:00:00,0.556451258
3,2021-12-05 19:00:00,0.517004833
3,2021-12-05 20:00:00,0.517467527
3,2021-12-05 21:00:00,1.075690755
3,2021-12-05 22:00:00,0.517584591
3,2021-12-05 23:00:00,1.074232065
3,2021-12-06 01:00:00,0.51874733
3,2021-12-06 05:00:00,0.556321214
3,2021-12-06 06:00:00,1.631940998
3,2021-12-06 07:00:00,2.115539339
3,2021-12-06 08:00:00,2.168375771
3,2021-12-06 09:00:00,1.605167669
3,2021-12-06 10:00:00,1.598485791
3,2021-12-06 11:00:00,1.038755749
3,2021-12-06 12:00:00,1.597683985
3,2021-12-06 13:00:00,1.036573846
3,2021-12-06 14:00:00,1.034949401
3,2021-12-06 15:00:00,1.035189143
3,2021-12-06 16:00:00,1.596070136
3,2021-12-06 17:00:00,1.0369319
3,2021-12-06 18:00:00,1.072499149
3,2021-12-06 19:00:00,1.033170464
3,2021-12-06 20:00:00,0.517427241
3,2021-12-06 21:00:00,0.518095836
3,2021-12-06 22:00:00,0.558421841
3,2021-12-06 23:00:00,0.518632553
3,2021-12-07 02:00:00,0.572298326
3,2021-12-07 04:00:00,1.103264107
3,2021-12-07 05:00:00,1.103420977
3,2021-12-07 06:00:00,3.839243499
3,2021-12-07 07:00:00,9.928290637
3,2021-12-07 08:00:00,10.37875134
3,2021-12-07 09:00:00,9.853808661
3,2021-12-07 10:00:00,9.28595846
3,2021-12-07 11:00:00,8.710334814
3,2021-12-07 12:00:00,8.139708829
3,2021-12-07 13:00:00,7.528384162999999
3,2021-12-07 14:00:00,6.99259067
3,2021-12-07 15:00:00,6.993513755
3,2021-12-07 16:00:00,6.463753634
3,2021-12-07 17:00:00,5.972054512000001
3,2021-12-07 18:00:00,1.636451705
3,2021-12-07 19:00:00,0.532165507
3,2021-12-07 21:00:00,0.57275916
3,2021-12-07 23:00:00,0.5312567539999999
3,2021-12-08 00:00:00,0.564724728
3,2021-12-08 02:00:00,0.524121203
3,2021-12-08 03:00:00,0.564331015
3,2021-12-08 04:00:00,1.088145706
3,2021-12-08 05:00:00,1.088723309
3,2021-12-08 06:00:00,3.828778577
3,2021-12-08 08:00:00,9.234686166
3,2021-12-08 09:00:00,8.673820376
3,2021-12-08 10:00:00,7.546315198999999
3,2021-12-08 11:00:00,6.981894842999999
3,2021-12-08 12:00:00,5.853162601
3,2021-12-08 13:00:00,5.811135346
3,2021-12-08 14:00:00,5.284549917
3,2021-12-08 15:00:00,5.849673932999999
3,2021-12-08 16:00:00,5.324171102
3,2021-12-08 17:00:00,4.233190908
3,2021-12-08 18:00:00,1.6122823590000002
3,2021-12-08 19:00:00,1.088329675
3,2021-12-08 20:00:00,0.524242269
3,2021-12-08 21:00:00,1.088790894
3,2021-12-08 22:00:00,1.08907095
3,2021-12-08 23:00:00,0.5243360970000001
3,2021-12-09 00:00:00,0.522400278
3,2021-12-09 03:00:00,1.084335255
3,2021-12-09 04:00:00,1.124433569
3,2021-12-09 05:00:00,4.858527949
3,2021-12-09 08:00:00,2.174887027
3,2021-12-09 09:00:00,1.088599367
3,2021-12-09 10:00:00,1.048243964
3,2021-12-09 11:00:00,1.048177843
3,2021-12-09 12:00:00,1.047205463
3,2021-12-09 13:00:00,0.523440183
3,2021-12-09 14:00:00,1.08877783
3,2021-12-09 15:00:00,0.524900988
3,2021-12-09 16:00:00,1.049800417
3,2021-12-09 17:00:00,0.525351934
3,2021-12-09 18:00:00,1.089115107
3,2021-12-09 19:00:00,0.5227908729999999
3,2021-12-09 21:00:00,0.562518298
3,2021-12-10 04:00:00,0.524324557
3,2021-12-10 05:00:00,1.089823129
3,2021-12-10 06:00:00,10.27932173
3,2021-12-10 07:00:00,8.625656712
3,2021-12-10 08:00:00,6.409058889
3,2021-12-10 09:00:00,5.276636552
3,2021-12-10 10:00:00,3.627361442
3,2021-12-10 11:00:00,3.103473583
3,2021-12-10 12:00:00,2.05689501
3,2021-12-10 13:00:00,2.058306616
3,2021-12-10 14:00:00,2.058852742
3,2021-12-10 15:00:00,2.582906983
3,2021-12-10 16:00:00,1.574083544
3,2021-12-10 17:00:00,0.524887057
3,2021-12-10 18:00:00,1.050646688
3,2021-12-10 20:00:00,0.525934499
3,2021-12-10 22:00:00,0.525269023
3,2021-12-11 06:00:00,9.156033678
3,2021-12-11 07:00:00,5.938530928
3,2021-12-11 08:00:00,5.367216914
3,2021-12-11 09:00:00,5.368559687
3,2021-12-11 10:00:00,4.273193587
3,2021-12-11 11:00:00,4.271814358
3,2021-12-11 12:00:00,4.315692054
3,2021-12-11 13:00:00,3.757590576
3,2021-12-11 14:00:00,3.766548317
3,2021-12-11 15:00:00,3.771066182
3,2021-12-11 16:00:00,2.705515879
3,2021-12-11 17:00:00,1.066760977
3,2021-12-11 18:00:00,0.574112498
3,2021-12-13 06:00:00,0.535003374
3,2021-12-16 06:00:00,0.534642513
3,2021-12-16 09:00:00,0.533626105
3,2021-12-17 06:00:00,0.534231282
3,2021-12-20 06:00:00,0.573936103
3,2021-12-20 07:00:00,0.5328756889999999
3,2021-12-22 06:00:00,0.532232876
3,2021-12-23 06:00:00,0.5319507689999999
3,2021-12-24 06:00:00,0.572868435
3,2021-12-27 06:00:00,0.529253722
3,2021-12-27 07:00:00,1.058621908
3,2021-12-28 06:00:00,1.097769323
3,2021-12-29 06:00:00,0.526105261
